geneSymbol,moduleColor
A2BP1,black
AAAS,black
AACS,black
AARSD1,black
ABAT,black
ABCA13,black
ABHD12B,black
ABLIM2,black
ABR,black
ACACB,black
ACAD10,black
ACADM,black
ACBD5,black
ACCS,black
ACCSL,black
ACOX3,black
ACP1,black
ACSF3,black
ACSL1,black
ACTL6A,black
ACTR1B,black
ACTR8,black
ACVRL1,black
ADAL,black
ADAM12,black
ADAM2,black
ADAMTS17,black
ADAMTSL2,black
ADARB2,black
ADCY1,black
ADCY5,black
ADCY9,black
ADCYAP1,black
ADPRHL1,black
AFAP1L1,black
AFF3,black
AGAP1,black
AGAP11,black
AGAP2,black
AGPAT1,black
AGPAT4,black
AGRN,black
AGT,black
AGTRAP,black
AHNAK,black
AHR,black
AHRR,black
AIFM2,black
AIRE,black
AKAP12,black
AKD1,black
AKR7A3,black
ALDH1A3,black
ALDOB,black
ALG14,black
ALK,black
ALOX12B,black
ALOX5,black
ALX1,black
ANK2,black
ANKRD24,black
ANKRD28,black
ANKRD56,black
ANO2,black
ANO7,black
ANO8,black
ANO9,black
AP2A2,black
AP2B1,black
AP3B1,black
APBB1,black
APBB2,black
APC2,black
APITD1,black
APOA1BP,black
APPL2,black
ARFGAP1,black
ARHGAP24,black
ARHGEF10,black
ARID1B,black
ARSA,black
ASAP3,black
ASB13,black
ASPG,black
ATAD3A,black
ATF3,black
ATF6B,black
ATG4C,black
ATM,black
ATOH8,black
ATP10A,black
ATP11A,black
ATP2B2,black
ATP5H,black
ATP5S,black
ATP6V0E2,black
ATP8A1,black
ATXN3,black
AUTS2,black
AXIN1,black
B3GAT2,black
B4GALNT1,black
B4GALNT2,black
B4GALNT4,black
B4GALT4,black
BAALC,black
BACH2,black
BANP,black
BAT1,black
BAZ2B,black
BBS10,black
BBS5,black
BCAR1,black
BCL9,black
BDNF,black
BEND4,black
BLMH,black
BMP6,black
BMP7,black
BMPER,black
BNC2,black
BOC,black
BOK,black
BOLL,black
BRD3,black
BRD8,black
BRD9,black
BRI3BP,black
BRSK2,black
BRUNOL4,black
BSN,black
BVES,black
C10ORF105,black
C10ORF110,black
C10ORF4,black
C11ORF16,black
C11ORF49,black
C11ORF87,black
C11ORF90,black
C13ORF38,black
C14ORF156,black
C14ORF23,black
C14ORF43,black
C15ORF2,black
C15ORF27,black
C15ORF61,black
C16ORF58,black
C16ORF67,black
C16ORF72,black
C16ORF80,black
C16ORF92,black
C17ORF101,black
C17ORF104,black
C19ORF20,black
C19ORF38,black
C19ORF39,black
C19ORF44,black
C19ORF45,black
C1ORF106,black
C1ORF114,black
C1ORF124,black
C1ORF125,black
C1ORF128,black
C1ORF183,black
C1ORF70,black
C22ORF45,black
C2ORF27A,black
C2ORF39,black
C3ORF14,black
C3ORF21,black
C3ORF32,black
C3ORF39,black
C3ORF57,black
C3ORF63,black
C3ORF71,black
C3P1,black
C4ORF10,black
C4ORF22,black
C4ORF23,black
C4ORF3,black
C4ORF37,black
C4ORF42,black
C4ORF6,black
C5ORF24,black
C6ORF136,black
C6ORF170,black
C6ORF173,black
C6ORF176,black
C6ORF186,black
C6ORF204,black
C6ORF48,black
C7ORF38,black
C7ORF50,black
C8ORF41,black
C8ORF42,black
C8ORF48,black
C8ORF59,black
C9,black
C9ORF16,black
C9ORF167,black
C9ORF171,black
C9ORF3,black
C9ORF7,black
CA12,black
CABP4,black
CABYR,black
CACNA1H,black
CACNA1I,black
CACNA2D3,black
CADPS,black
CALCB,black
CALN1,black
CAMKK2,black
CAMTA1,black
CAPN3,black
CAPN5,black
CAPRIN2,black
CAPZB,black
CARS2,black
CASKIN2,black
CASR,black
CASZ1,black
CATSPERB,black
CBY3,black
CCDC127,black
CCDC142,black
CCDC150,black
CCDC151,black
CCDC27,black
CCDC36,black
CCDC46,black
CCDC51,black
CCDC57,black
CCDC60,black
CCDC69,black
CCDC88B,black
CCDC99,black
CCK,black
CCNA1,black
CCNT2,black
CCR6,black
CCT5,black
CD164L2,black
CD177,black
CD200,black
CD44,black
CD59,black
CD84,black
CD8A,black
CD97,black
CDC34,black
CDC37L1,black
CDC42EP5,black
CDCA8,black
CDH2,black
CDH3,black
CDK8,black
CDKAL1,black
CDKL4,black
CDX2,black
CDYL,black
CEBPA,black
CEBPD,black
CENPBD1,black
CENPN,black
CEP192,black
CEP57,black
CEP72,black
CERKL,black
CES4,black
CFLAR,black
CHCHD4,black
CHD7,black
CHI3L1,black
CHID1,black
CHL1,black
CHRNB2,black
CHRNG,black
CHST10,black
CHST12,black
CHST6,black
CIDEA,black
CIR1,black
CKB,black
CLDN11,black
CLDN12,black
CLDN16,black
CLDN18,black
CLDN3,black
CLDN7,black
CLIC1,black
CLIC6,black
CLIP3,black
CLK2P,black
CLYBL,black
CNGA3,black
CNGB3,black
CNKSR3,black
CNNM2,black
CNOT3,black
CNOT4,black
CNR1,black
CNTNAP5,black
COG1,black
COG3,black
COG8,black
COL11A2,black
COL15A1,black
COL22A1,black
COL23A1,black
COL24A1,black
COL4A2,black
COL5A1,black
COL9A2,black
COLQ,black
COPS5,black
CORIN,black
COX10,black
COX17,black
COX8C,black
CPA6,black
CPE,black
CPN1,black
CPNE1,black
CPO,black
CPT1A,black
CPZ,black
CRABP1,black
CREB5,black
CREBBP,black
CRIM1,black
CRISP2,black
CRISPLD1,black
CRMP1,black
CROCC,black
CRTAC1,black
CRTC3,black
CRX,black
CRYBG3,black
CRYGD,black
CRYM,black
CSDE1,black
CSMD3,black
CSRP2,black
CTBP1,black
CTF1,black
CTHRC1,black
CTNNBIP1,black
CTSK,black
CTTN,black
CUEDC1,black
CUGBP2,black
CUX1,black
CUZD1,black
CXCL3,black
CXCL5,black
CYP1B1,black
CYP26A1,black
CYP2E1,black
CYTL1,black
DAB1,black
DAB2IP,black
DAPK1,black
DAPK3,black
DBC1,black
DCBLD1,black
DCLRE1A,black
DCTD,black
DCTN1,black
DDX1,black
DDX10,black
DDX31,black
DDX55,black
DENND2A,black
DENND3,black
DEPDC1B,black
DEPDC6,black
DFFB,black
DFNB31,black
DHH,black
DHRS3,black
DHX15,black
DIP2C,black
DKFZP779M0652,black
DKK2,black
DLC1,black
DLG2,black
DLG4,black
DLX6,black
DMRT1,black
DNAH10,black
DNAH17,black
DNAH2,black
DNAH5,black
DNAH9,black
DNAJC30,black
DNAJC7,black
DNAJC9,black
DNASE2B,black
DNM2,black
DNMT1,black
DOCK2,black
DPP6,black
DPYS,black
DPYSL4,black
DSCAML1,black
DSCC1,black
DTD1,black
DTYMK,black
DUSP14,black
DUSP19,black
DUSP22,black
DYSF,black
E2F6,black
EBF1,black
EBF3,black
ECHDC3,black
EDEM1,black
EEF1DP3,black
EFCAB4B,black
EFEMP1,black
EGR2,black
EHD2,black
EHMT1,black
EHMT2,black
EIF2C2,black
EIF4A3,black
EIF5,black
ELANE,black
ELF2,black
ELF5,black
ELL,black
ELL3,black
ELOVL1,black
ELOVL7,black
ELP3,black
EMILIN2,black
EOMES,black
EP400,black
EP400NL,black
EPB41L3,black
EPHA2,black
EPHB2,black
EPHB3,black
EPS8,black
ERBB2,black
ERG,black
ERICH1,black
ERP27,black
ERP29,black
ERP44,black
ESRRA,black
ESRRG,black
ESYT2,black
ETV5,black
ETV7,black
EVX1,black
EXOC2,black
EXOC3,black
EXOC7,black
EXOG,black
EXTL3,black
EYA1,black
FABP3,black
FADS6,black
FAH,black
FAM107A,black
FAM131C,black
FAM134C,black
FAM135A,black
FAM149A,black
FAM161B,black
FAM164C,black
FAM172A,black
FAM174A,black
FAM176A,black
FAM189A1,black
FAM190B,black
FAM19A5,black
FAM20A,black
FAM38A,black
FAM53B,black
FAM60A,black
FAM64A,black
FAM84A,black
FANCM,black
FAR1,black
FASN,black
FAT1,black
FAT3,black
FAT4,black
FBLN5,black
FBLN7,black
FBXL7,black
FBXO18,black
FBXO39,black
FBXO6,black
FBXW8,black
FDX1,black
FEZ1,black
FEZF1,black
FGF12,black
FGF14,black
FGF18,black
FGFBP3,black
FGGY,black
FHAD1,black
FHIT,black
FIBIN,black
FKBP3,black
FKBP9,black
FLJ16779,black
FLJ22536,black
FLJ43860,black
FLJ45983,black
FMNL2,black
FMO1,black
FN3KRP,black
FNDC1,black
FOLH1,black
FOS,black
FOXA1,black
FOXG1,black
FOXK1,black
FOXO3,black
FRAS1,black
FRMD4A,black
FRMD6,black
FTH1,black
FTO,black
FUCA2,black
FYCO1,black
FZD1,black
GABBR1,black
GABRA1,black
GABRA5,black
GABRA6,black
GABRB1,black
GABRG3,black
GADD45B,black
GADD45G,black
GALC,black
GALNS,black
GALNT13,black
GALNTL2,black
GALP,black
GALR1,black
GARNL3,black
GAS2,black
GATA2,black
GBE1,black
GBP4,black
GCC2,black
GCK,black
GDA,black
GDF9,black
GFRA3,black
GHDC,black
GHITM,black
GIGYF2,black
GINS1,black
GJA1,black
GLB1L2,black
GLDN,black
GLI2,black
GLIS1,black
GLT8D2,black
GLTSCR1,black
GLYAT,black
GM2A,black
GMDS,black
GMPPB,black
GNAI1,black
GNAT2,black
GNB1,black
GNG12,black
GPD2,black
GPR120,black
GPR133,black
GPR142,black
GPR180,black
GPR25,black
GPR78,black
GPX6,black
GRB10,black
GRB2,black
GREB1,black
GRIA4,black
GRID1,black
GRIN2C,black
GRK5,black
GRM1,black
GRM2,black
GRM3,black
GRM6,black
GSPT1,black
GSTM3,black
GSTP1,black
GTF2A1L,black
GUCY2G,black
GXYLT1,black
H2AFX,black
H2AFY,black
HADHA,black
HAND2,black
HARS2,black
HBEGF,black
HCCA2,black
HCG27,black
HCG9,black
HDAC10,black
HDAC4,black
HDLBP,black
HEATR2,black
HERPUD2,black
HEY2,black
HFM1,black
HIC1,black
HIP1,black
HIPK2,black
HIST1H2BI,black
HIST1H3G,black
HIST1H4E,black
HIST3H3,black
HLA-C,black
HLA-DMA,black
HLA-DOA,black
HLA-DPB1,black
HLA-DQB2,black
HLA-G,black
HLA-H,black
HMBS,black
HMG20A,black
HMGB4,black
HMGCR,black
HMGN4,black
HMMR,black
HMP19,black
HNRNPUL2,black
HNRPLL,black
HOMER2,black
HOOK3,black
HOXA11,black
HOXA4,black
HOXA5,black
HOXA9,black
HOXB3,black
HOXD10,black
HPCAL1,black
HRAS,black
HRH3,black
HS1BP3,black
HS3ST6,black
HS6ST1,black
HSD11B1L,black
HSF4,black
HSPA1A,black
HSPA1L,black
HSPC157,black
HSPE1,black
HSPG2,black
HTATIP2,black
HTR1A,black
HUS1B,black
HYLS1,black
ICK,black
IFT140,black
IGDCC3,black
IGF1R,black
IGF2BP3,black
IGFBP5,black
IGFL4,black
IKBIP,black
IL17RD,black
IL1F6,black
IL1RN,black
IMP4,black
IMPAD1,black
IMPDH1,black
ING5,black
INO80D,black
INPP5A,black
INPP5D,black
INSC,black
INSR,black
IP6K3,black
IQCA1,black
IQCE,black
IQCH,black
IRF2,black
IRF5,black
IRGQ,black
IRS1,black
IRS2,black
IRX6,black
ISOC1,black
ITFG3,black
ITGA11,black
ITGA2B,black
ITGA4,black
ITGA7,black
ITGA9,black
ITIH1,black
ITM2B,black
ITSN2,black
JAG2,black
JAK1,black
JAK2,black
JAKMIP3,black
JAM3,black
JMJD5,black
JMJD8,black
JPH1,black
JUB,black
KATNAL2,black
KCNA4,black
KCNA6,black
KCNAB1,black
KCNH1,black
KCNH7,black
KCNJ8,black
KCNK9,black
KCNMA1,black
KCNN1,black
KCNN3,black
KCNQ1,black
KCNT1,black
KCTD15,black
KDM2B,black
KHDC1,black
KIAA0040,black
KIAA0146,black
KIAA0182,black
KIAA0195,black
KIAA0495,black
KIAA0562,black
KIAA0776,black
KIAA1161,black
KIAA1199,black
KIAA1430,black
KIAA1530,black
KIAA1549,black
KIAA1688,black
KIAA1751,black
KIAA1826,black
KIAA1949,black
KIF15,black
KIF17,black
KIF1A,black
KIF1B,black
KIF21B,black
KIF26B,black
KIF5C,black
KIF6,black
KIFC1,black
KIRREL3,black
KLF12,black
KLF14,black
KLF15,black
KLHDC7A,black
KLHL11,black
KLHL28,black
KLHL29,black
KLHL36,black
KLHL7,black
KRI1,black
KRT3,black
KRT31,black
KRT83,black
LAMA1,black
LAMC2,black
LAMP1,black
LAMP3,black
LAP3,black
LAPTM4A,black
LASP1,black
LAYN,black
LBXCOR1,black
LDB1,black
LDLRAD2,black
LDLRAD3,black
LEKR1,black
LEMD1,black
LETM2,black
LGI1,black
LGMN,black
LGR5,black
LGTN,black
LHFPL5,black
LHX8,black
LIMCH1,black
LIMD1,black
LIMK2,black
LIN7A,black
LINGO3,black
LMBR1,black
LMF1,black
LMOD1,black
LOC100129637,black
LOC100130093,black
LOC100130274,black
LOC100130872,black
LOC100130872-SPON2,black
LOC100130987,black
LOC100133991,black
LOC100302401,black
LOC134466,black
LOC255167,black
LOC283392,black
LOC285501,black
LOC285830,black
LOC387647,black
LOC401097,black
LOC401463,black
LOC441601,black
LOC645323,black
LOC728392,black
LOC728723,black
LOC729467,black
LPCAT2,black
LPO,black
LPPR5,black
LRDD,black
LRIG1,black
LRIT1,black
LRP2,black
LRP5,black
LRRC16A,black
LRRC27,black
LRRC33,black
LRRC3B,black
LRRC43,black
LRRC49,black
LRRC7,black
LRRC8A,black
LRRC8D,black
LRRN1,black
LRRN2,black
LTBP1,black
LTBR,black
LYAR,black
LYPD5,black
LYRM4,black
MACROD1,black
MAD1L1,black
MAFA,black
MAGEL2,black
MAGI1,black
MAGI2,black
MAML3,black
MAP3K3,black
MAPK13,black
MAPK15,black
MAPKAP1,black
MAPKBP1,black
MARCH10,black
MARCH11,black
MARCH4,black
MBNL2,black
MBP,black
MC4R,black
MCC,black
MCF2L2,black
MCL1,black
MCTP1,black
MDK,black
ME1,black
MED28,black
MED31,black
MED4,black
MED8,black
MEFV,black
MEOX2,black
MERTK,black
METRNL,black
METT11D1,black
METTL1,black
MFSD2B,black
MFSD9,black
MGAT1,black
MGAT3,black
MGAT4C,black
MGAT5B,black
MGC23284,black
MGC2889,black
MGEA5,black
MGLL,black
MIB1,black
MICAL2,black
MICB,black
MIER1,black
MIR1182,black
MIR1276,black
MIR1322,black
MIR410,black
MIR548F5,black
MIR548H4,black
MIR769,black
MKRN2,black
MMD,black
MMP14,black
MMP2,black
MNS1,black
MOGAT3,black
MON1B,black
MORF4L1,black
MPRIP,black
MRFAP1L1,black
MRPL11,black
MRPL21,black
MRPS16,black
MRPS33,black
MRPS35,black
MRPS9,black
MS4A13,black
MSH4,black
MT1M,black
MT3,black
MTA1,black
MTERFD2,black
MTHFSD,black
MTRR,black
MTX2,black
MUC2,black
MUC21,black
MXD1,black
MYC,black
MYL12B,black
MYLK,black
MYLK2,black
MYO10,black
MYO18A,black
MYO5C,black
MYO7B,black
MYOD1,black
MYOM2,black
MYT1L,black
MZF1,black
NAAA,black
NAALADL1,black
NAB1,black
NAT10,black
NBN,black
NCAPG,black
NCEH1,black
NCOR2,black
NCRNA00116,black
NDUFA10,black
NDUFA7,black
NDUFAF1,black
NDUFC2,black
NEAT1,black
NEBL,black
NECAP1,black
NEDD4L,black
NEDD9,black
NEK11,black
NEK3,black
NEK7,black
NELL2,black
NETO1,black
NEU1,black
NEURL,black
NFIA,black
NFIX,black
NID2,black
NKX6-2,black
NLRP12,black
NLRP2,black
NMNAT2,black
NOS1AP,black
NOS3,black
NPC2,black
NPHP4,black
NPM3,black
NPR2,black
NR2E3,black
NR2F1,black
NR5A2,black
NRG2,black
NRM,black
NRSN1,black
NRXN2,black
NSUN2,black
NTM,black
NTN4,black
NTSR1,black
NUDCD3,black
NUDT15,black
NUFIP2,black
NUP210,black
NXN,black
OAS3,black
OBFC2B,black
OBSCN,black
OCA2,black
ODZ2,black
OGFOD1,black
OGG1,black
OLFML2B,black
OPRD1,black
OR2C1,black
OR4C15,black
OR4F15,black
OR51B4,black
OR5B21,black
OR8U8,black
OSBP,black
OSBPL5,black
OSBPL9,black
OSTCL,black
OTOA,black
OXNAD1,black
P2RX1,black
P2RX7,black
P4HB,black
P4HTM,black
PA2G4,black
PA2G4P4,black
PACRG,black
PACS1,black
PADI2,black
PAFAH2,black
PALM,black
PALMD,black
PAOX,black
PAPLN,black
PARD3,black
PATL2,black
PAX6,black
PAX9,black
PCDH10,black
PCDH20,black
PCDH21,black
PCDH9,black
PCDHB10,black
PCDHB11,black
PCDHB3,black
PCDHGA1,black
PCDHGA2,black
PCDHGA4,black
PCF11,black
PCGF3,black
PCSK1,black
PCSK2,black
PCSK4,black
PCYT1A,black
PDCL,black
PDE10A,black
PDE4D,black
PDE4DIP,black
PDE9A,black
PDGFD,black
PDIA2,black
PDK4,black
PDLIM3,black
PDLIM5,black
PDSS2,black
PDX1,black
PDZRN3,black
PDZRN4,black
PER3,black
PET112L,black
PEX5L,black
PF4,black
PFAS,black
PFKFB3,black
PFKP,black
PFN2,black
PGAM5,black
PGAP3,black
PGBD4,black
PGRMC2,black
PHACTR1,black
PHACTR2,black
PHF10,black
PHF13,black
PHLDB1,black
PHOX2A,black
PHRF1,black
PIGG,black
PIK3C2B,black
PIK3CD,black
PIK3R4,black
PINX1,black
PIP4K2A,black
PIP5K1C,black
PISRT1,black
PITPNA,black
PITPNM2,black
PKDCC,black
PLA2G5,black
PLA2G7,black
PLCD1,black
PLCE1,black
PLCG2,black
PLCL1,black
PLD1,black
PLEKHA7,black
PLEKHG5,black
PLXND1,black
PNLDC1,black
PNLIPRP2,black
PNPLA7,black
POFUT2,black
POMGNT1,black
POU4F2,black
PPAP2C,black
PPDPF,black
PPFIA2,black
PPIA,black
PPIC,black
PPM1B,black
PPM1K,black
PPP1CA,black
PPP1R11,black
PPP1R13B,black
PPP1R13L,black
PPP1R15B,black
PPP2R5C,black
PPP5C,black
PPT2,black
PQLC1,black
PRB4,black
PRDM16,black
PRDM7,black
PRDM8,black
PRG2,black
PRICKLE1,black
PRICKLE2,black
PRIMA1,black
PRKAR1B,black
PRKCZ,black
PRMT8,black
PRPSAP2,black
PRR20E,black
PRR23A,black
PRR23C,black
PRSS22,black
PRSS42,black
PRSS8,black
PRTG,black
PSKH1,black
PSMB1,black
PTCH2,black
PTGDS,black
PTGFRN,black
PTK7,black
PTPN11,black
PTPN4,black
PTPN9,black
PTPRD,black
PTPRG,black
PTPRJ,black
PTPRK,black
PTPRN2,black
PUM1,black
PVRL1,black
PWP1,black
PXK,black
RAB19,black
RAB27A,black
RAB2A,black
RAB34,black
RAB4B,black
RAB6B,black
RABGEF1,black
RABL3,black
RAD51L1,black
RAET1L,black
RANBP2,black
RAP1GAP2,black
RAPGEF3,black
RASA3,black
RASAL3,black
RASD1,black
RASGRF1,black
RB1CC1,black
RBM22,black
RBM24,black
RBM47,black
RCCD1,black
RDH10,black
RDM1,black
REEP5,black
REG3A,black
RER1,black
RET,black
REXO2,black
RFTN2,black
RGS12,black
RGS7,black
RGS9,black
RHBDD1,black
RHBDL3,black
RHCG,black
RHOD,black
RHOF,black
RICH2,black
RIMBP2,black
RIN3,black
RNF126,black
RNF126P1,black
RNF141,black
RNF168,black
RNF212,black
RNF213,black
RNF220,black
RNF39,black
RNF43,black
RNF6,black
RNFT1,black
RNGTT,black
RNLS,black
ROCK2,black
ROR2,black
RP1,black
RPA1,black
RPA2,black
RPH3AL,black
RPL26L1,black
RPL27A,black
RPL28,black
RPL37,black
RPL9,black
RPLP1,black
RPP21,black
RPP30,black
RPS10,black
RPS11,black
RPS6KA2,black
RPS6KA4,black
RPSA,black
RPTN,black
RREB1,black
RSBN1,black
RTKN2,black
RTN4RL2,black
RTP2,black
RUNX3,black
RUSC1,black
RWDD2A,black
RYK,black
RYR1,black
SAMD1,black
SAMD4A,black
SARM1,black
SATB2,black
SBNO1,black
SCAF1,black
SCAND2,black
SCARA5,black
SCD5,black
SCG5,black
SCMH1,black
SCN4A,black
SCRIB,black
SCTR,black
SDK1,black
SEC1,black
SEC14L1,black
SEC24D,black
SEC31B,black
SEC63,black
SELENBP1,black
SEMA5B,black
SEPHS1,black
SEPT11,black
SEPW1,black
SERPINA12,black
SERPINA4,black
SERPINB5,black
SERPINE2,black
SFMBT1,black
SFMBT2,black
SFRP2,black
SFRS13A,black
SFRS2B,black
SFRS4,black
SGCG,black
SGIP1,black
SGK3,black
SGTA,black
SH2D1B,black
SH3BP4,black
SHANK2,black
SHC4,black
SIAE,black
SIP1,black
SIPA1L1,black
SIRT3,black
SLAIN1,black
SLC12A2,black
SLC12A4,black
SLC12A7,black
SLC19A3,black
SLC1A7,black
SLC22A16,black
SLC22A4,black
SLC24A4,black
SLC25A16,black
SLC25A29,black
SLC2A9,black
SLC34A1,black
SLC35E1,black
SLC35F1,black
SLC35F2,black
SLC35F3,black
SLC38A10,black
SLC38A3,black
SLC39A14,black
SLC3A2,black
SLC43A1,black
SLC44A2,black
SLC45A1,black
SLC45A4,black
SLC6A1,black
SLC6A18,black
SLC6A5,black
SLC6A7,black
SLC7A14,black
SLC8A3,black
SMARCD3,black
SMEK1,black
SMPD3,black
SMTNL2,black
SMUG1,black
SMYD3,black
SNCA,black
SNF8,black
SNORA14B,black
SNORD115-10,black
SNORD116-5,black
SNRNP48,black
SNRPG,black
SNTG2,black
SNW1,black
SNX20,black
SOCS1,black
SOCS2,black
SOCS6,black
SON,black
SORBS2,black
SORCS2,black
SORCS3,black
SORD,black
SOS1,black
SOX17,black
SOX8,black
SPATA7,black
SPC24,black
SPEN,black
SPG11,black
SPHKAP,black
SPINK7,black
SPIRE2,black
SPOCK1,black
SPOPL,black
SPRY2,black
SPSB2,black
SPTBN1,black
SQSTM1,black
SRGAP3,black
SRRM2,black
SSBP3,black
SSRP1,black
SSU72,black
ST5,black
ST6GAL1,black
ST8SIA4,black
STAC,black
STARD13,black
STAU2,black
STC2,black
STK16,black
STK24,black
STK32C,black
STK35,black
STMN2,black
STRADA,black
STX18,black
STX2,black
STX7,black
STXBP6,black
SUV420H1,black
SYCE1,black
SYCE1L,black
SYCP2L,black
SYNM,black
SYNPO,black
SYNPO2,black
SYNRG,black
SYT1,black
SYT14,black
SYT3,black
T,black
TAC1,black
TACC2,black
TACR3,black
TADA1,black
TAF4,black
TALDO1,black
TAOK2,black
TAP1,black
TAP2,black
TAPBP,black
TARBP2,black
TAS2R40,black
TBC1D16,black
TBC1D19,black
TBCD,black
TBX18,black
TBX2,black
TBXA2R,black
TCERG1L,black
TCF19,black
TCIRG1,black
TCTN2,black
TCTN3,black
TDH,black
TEC,black
TERF2,black
TERT,black
TEX10,black
TEX9,black
TFAP4,black
TFCP2,black
TFCP2L1,black
TFDP1,black
TGFA,black
TGFB1,black
TGFBR2,black
THBS2,black
THNSL2,black
THYN1,black
TIMM50,black
TIMP2,black
TINF2,black
TLL2,black
TMED3,black
TMEM117,black
TMEM132C,black
TMEM173,black
TMEM179B,black
TMEM25,black
TMEM63C,black
TMOD3,black
TMTC1,black
TNFRSF10A,black
TNFRSF11A,black
TNFRSF25,black
TNFSF12,black
TNRC18,black
TNXB,black
TOLLIP,black
TOP1MT,black
TOR1AIP1,black
TOX2,black
TP53I13,black
TP73,black
TPPP,black
TRAF4,black
TRAIP,black
TRAM1L1,black
TRANK1,black
TRAPPC4,black
TRAPPC9,black
TREX1,black
TRH,black
TRIB2,black
TRIM11,black
TRIM15,black
TRIM26,black
TRIM27,black
TRIM31,black
TRIM39,black
TRIM71,black
TRMT2A,black
TRPC3,black
TRPC4AP,black
TRPM4,black
TRPM6,black
TRPM8,black
TRRAP,black
TSG101,black
TSHZ1,black
TSLP,black
TSNAXIP1,black
TSPAN10,black
TSPAN5,black
TSPAN9,black
TSR1,black
TSSC1,black
TTBK1,black
TTC15,black
TTC18,black
TTC7B,black
TTLL10,black
TTLL3,black
TUB,black
TUBB3,black
TUBGCP2,black
TUBGCP5,black
TWIST1,black
TWISTNB,black
TXNL4B,black
TYSND1,black
UBE2QL1,black
UBE3B,black
UBE3C,black
UBQLNL,black
UBR4,black
UBXN2B,black
UCK2,black
UHRF1,black
UMOD,black
UNC13A,black
UPK3A,black
UQCRFS1,black
USP1,black
USP13,black
USP29,black
USP36,black
USP53,black
USP6NL,black
UTP11L,black
UTS2,black
UXS1,black
VAPA,black
VARS2,black
VEPH1,black
VIM,black
VIPR2,black
VPS52,black
VPS53,black
VSIG8,black
VSTM2A,black
VTA1,black
VWDE,black
WASF2,black
WBP11,black
WBSCR22,black
WBSCR28,black
WDFY2,black
WDR20,black
WDR34,black
WDR35,black
WDR37,black
WDR60,black
WDR65,black
WDR69,black
WDR85,black
WDR86,black
WDR91,black
WNT16,black
WNT5B,black
WSCD1,black
WSCD2,black
WWP2,black
XKR4,black
XKR6,black
YIPF4,black
YKT6,black
ZAK,black
ZBTB12,black
ZBTB16,black
ZEB2,black
ZFP161,black
ZFP36L1,black
ZFP62,black
ZFP64,black
ZFR2,black
ZIC2,black
ZIM2,black
ZMPSTE24,black
ZMYND11,black
ZNF101,black
ZNF132,black
ZNF135,black
ZNF148,black
ZNF167,black
ZNF23,black
ZNF234,black
ZNF260,black
ZNF300,black
ZNF311,black
ZNF32,black
ZNF346,black
ZNF35,black
ZNF385A,black
ZNF418,black
ZNF423,black
ZNF432,black
ZNF501,black
ZNF502,black
ZNF540,black
ZNF548,black
ZNF561,black
ZNF562,black
ZNF569,black
ZNF572,black
ZNF599,black
ZNF624,black
ZNF639,black
ZNF646,black
ZNF653,black
ZNF655,black
ZNF668,black
ZNF678,black
ZNF692,black
ZNF696,black
ZNF718,black
ZNF727,black
ZNF772,black
ZNF780B,black
ZNF787,black
ZNF790,black
ZNF800,black
ZNF83,black
ZNF833,black
ZNRD1,black
ZSCAN18,black
ZXDC,black
AACS,blue
AANAT,blue
AATK,blue
ABCA2,blue
ABCA3,blue
ABCB10,blue
ABCC1,blue
ABCC5,blue
ABCG4,blue
ABHD11,blue
ABHD15,blue
ABHD2,blue
ABHD6,blue
ABI3,blue
ABP1,blue
ABR,blue
ABTB2,blue
ACACA,blue
ACACB,blue
ACAT2,blue
ACHE,blue
ACP2,blue
ACRBP,blue
ACSF3,blue
ACSL6,blue
ACTC1,blue
ACTN2,blue
ACTR1A,blue
ACTR2,blue
ACTRT2,blue
ACY3,blue
ADAM11,blue
ADAM29,blue
ADAMTS17,blue
ADAMTS20,blue
ADAMTS7,blue
ADAMTSL5,blue
ADAP1,blue
ADARB2,blue
ADC,blue
ADCY4,blue
ADCY6,blue
ADCY7,blue
ADCY9,blue
ADCYAP1R1,blue
ADHFE1,blue
ADNP2,blue
ADO,blue
ADORA3,blue
ADPRHL1,blue
ADRA2A,blue
ADRBK1,blue
AFAP1,blue
AFF3,blue
AFF4,blue
AGA,blue
AGAP1,blue
AGBL4,blue
AGMAT,blue
AGPAT2,blue
AGPAT4,blue
AGPAT6,blue
AGRN,blue
AGRP,blue
AGXT2,blue
AHCYL2,blue
AHRR,blue
AIF1,blue
AKAP12,blue
AKAP13,blue
AKAP8L,blue
AKR1D1,blue
AKT3,blue
ALDH16A1,blue
ALDH5A1,blue
ALG3,blue
ALG6,blue
ALG9,blue
ALKBH6,blue
ALOX12,blue
ALPL,blue
AMACR,blue
AMIGO2,blue
AMOTL2,blue
AMZ2,blue
ANAPC2,blue
ANGPT2,blue
ANK1,blue
ANK2,blue
ANKFY1,blue
ANKH,blue
ANKLE2,blue
ANKRD10,blue
ANKRD11,blue
ANKRD12,blue
ANKRD30B,blue
ANKRD33B,blue
ANKRD34B,blue
ANKS3,blue
ANO2,blue
ANO9,blue
ANP32B,blue
ANTXR1,blue
ANXA11,blue
ANXA7,blue
AP1S3,blue
AP2A2,blue
AP2M1,blue
APH1A,blue
APLNR,blue
APLP2,blue
APOBEC1,blue
APOC3,blue
APOD,blue
ARAP1,blue
ARG2,blue
ARHGAP10,blue
ARHGAP18,blue
ARHGAP22,blue
ARHGAP25,blue
ARHGAP26,blue
ARHGAP27,blue
ARHGAP9,blue
ARHGDIB,blue
ARHGEF10,blue
ARHGEF10L,blue
ARHGEF17,blue
ARHGEF19,blue
ARHGEF7,blue
ARID1B,blue
ARID3A,blue
ARL15,blue
ARL3,blue
ARNTL,blue
ARRB2,blue
ART4,blue
AS3MT,blue
ASAP1,blue
ASAP2,blue
ASB1,blue
ASB10,blue
ASB18,blue
ASPG,blue
ASPM,blue
ASZ1,blue
ATAD3C,blue
ATF3,blue
ATF7,blue
ATMIN,blue
ATP10A,blue
ATP11A,blue
ATP12A,blue
ATP1A1,blue
ATP2A1,blue
ATP2C2,blue
ATP5SL,blue
ATP6V1B2,blue
ATP9A,blue
ATRIP,blue
ATRN,blue
ATXN1,blue
ATXN7,blue
AUTS2,blue
B3GNTL1,blue
B4GALNT3,blue
B9D2,blue
BACE1,blue
BAHCC1,blue
BAI1,blue
BAIAP2L1,blue
BANP,blue
BAT2,blue
BAT3,blue
BAT5,blue
BATF,blue
BCAR3,blue
BCAT1,blue
BCL11B,blue
BCL2,blue
BCL2L1,blue
BCL2L14,blue
BDKRB2,blue
BEGAIN,blue
BEND7,blue
BEST4,blue
BHLHE22,blue
BIN2,blue
BIN3,blue
BLK,blue
BLNK,blue
BMF,blue
BMP6,blue
BMP7,blue
BPESC1,blue
BPHL,blue
BRD2,blue
BRF2,blue
BRUNOL5,blue
BSND,blue
BST1,blue
BTBD1,blue
BTBD12,blue
C10ORF105,blue
C10ORF128,blue
C10ORF137,blue
C10ORF140,blue
C10ORF18,blue
C10ORF2,blue
C10ORF4,blue
C10ORF54,blue
C10ORF93,blue
C11ORF17,blue
C11ORF21,blue
C11ORF45,blue
C11ORF64,blue
C11ORF75,blue
C11ORF93,blue
C12ORF23,blue
C12ORF34,blue
C12ORF43,blue
C12ORF51,blue
C12ORF57,blue
C12ORF77,blue
C14ORF118,blue
C14ORF143,blue
C14ORF159,blue
C14ORF166B,blue
C14ORF2,blue
C14ORF37,blue
C14ORF38,blue
C14ORF49,blue
C15ORF17,blue
C15ORF41,blue
C15ORF59,blue
C16ORF54,blue
C16ORF58,blue
C16ORF68,blue
C16ORF81,blue
C17ORF101,blue
C17ORF108,blue
C17ORF44,blue
C17ORF59,blue
C17ORF62,blue
C17ORF64,blue
C17ORF85,blue
C17ORF87,blue
C17ORF97,blue
C17ORF99,blue
C19ORF28,blue
C1ORF159,blue
C1ORF198,blue
C1ORF200,blue
C1ORF210,blue
C1ORF51,blue
C1ORF69,blue
C1ORF70,blue
C1ORF87,blue
C1ORF92,blue
C1ORF94,blue
C1ORF95,blue
C1QB,blue
C1QC,blue
C2,blue
C22ORF34,blue
C22ORF9,blue
C2CD2L,blue
C2ORF54,blue
C2ORF55,blue
C2ORF70,blue
C3,blue
C3ORF25,blue
C4ORF22,blue
C4ORF38,blue
C4ORF46,blue
C4ORF51,blue
C5AR1,blue
C5ORF13,blue
C5ORF39,blue
C5ORF41,blue
C6ORF10,blue
C6ORF136,blue
C6ORF221,blue
C6ORF25,blue
C6ORF70,blue
C6ORF89,blue
C7ORF36,blue
C7ORF41,blue
C7ORF50,blue
C8ORF55,blue
C8ORF76,blue
C8ORF86,blue
C9ORF131,blue
C9ORF135,blue
C9ORF5,blue
C9ORF7,blue
C9ORF98,blue
CA10,blue
CA5A,blue
CA6,blue
CACHD1,blue
CACNA1A,blue
CACNA1C,blue
CACNA1D,blue
CACNA1G,blue
CACNA1H,blue
CACNA2D2,blue
CACNA2D3,blue
CACNA2D4,blue
CACNB1,blue
CACNG4,blue
CALML4,blue
CAMK1D,blue
CAMK2B,blue
CAMP,blue
CAMTA1,blue
CAND2,blue
CANT1,blue
CAP1,blue
CAPG,blue
CAPZB,blue
CARS2,blue
CASKIN1,blue
CASP8,blue
CASZ1,blue
CBFA2T3,blue
CBX2,blue
CCBE1,blue
CCBP2,blue
CCDC140,blue
CCDC146,blue
CCDC147,blue
CCDC19,blue
CCDC33,blue
CCDC40,blue
CCDC85B,blue
CCDC88B,blue
CCDC96,blue
CCHCR1,blue
CCL22,blue
CCL5,blue
CCM2,blue
CCND1,blue
CCNF,blue
CCNI2,blue
CCNL1,blue
CCNT1,blue
CCR1,blue
CCR5,blue
CCR6,blue
CCR9,blue
CD164L2,blue
CD180,blue
CD1D,blue
CD1E,blue
CD22,blue
CD28,blue
CD300LB,blue
CD302,blue
CD58,blue
CD59,blue
CD72,blue
CD81,blue
CD82,blue
CD83,blue
CD86,blue
CDC42BPB,blue
CDC42SE1,blue
CDGAP,blue
CDH1,blue
CDH11,blue
CDH13,blue
CDH22,blue
CDH23,blue
CDH3,blue
CDH6,blue
CDH8,blue
CDK11B,blue
CDK18,blue
CDK5RAP3,blue
CDK7,blue
CDKAL1,blue
CDKN1C,blue
CDR2,blue
CDX1,blue
CDYL,blue
CELSR1,blue
CENPJ,blue
CENPQ,blue
CEP68,blue
CHCHD2,blue
CHD1L,blue
CHFR,blue
CHID1,blue
CHN2,blue
CHPF,blue
CHRD,blue
CHRNA1,blue
CHST11,blue
CHST15,blue
CHST2,blue
CHSY1,blue
CHUK,blue
CIDEA,blue
CKB,blue
CLCN6,blue
CLDND1,blue
CLEC14A,blue
CLEC16A,blue
CLEC3B,blue
CLEC4A,blue
CLIC1,blue
CLLU1OS,blue
CLN3,blue
CLN8,blue
CLPB,blue
CLPP,blue
CLPTM1L,blue
CLRN2,blue
CLSPN,blue
CLSTN1,blue
CLSTN2,blue
CLU,blue
CLUAP1,blue
CMA1,blue
CMAH,blue
CMIP,blue
CMTM2,blue
CMTM7,blue
CNGA4,blue
CNGB3,blue
CNNM4,blue
CNTNAP1,blue
COBL,blue
COL11A2,blue
COL18A1,blue
COL1A1,blue
COL23A1,blue
COL24A1,blue
COL4A1,blue
COL4A2,blue
COL6A3,blue
COL9A1,blue
COLEC11,blue
COMMD4,blue
COPS3,blue
CORO1A,blue
COTL1,blue
COX4I1,blue
COX4NB,blue
COX5A,blue
CPAMD8,blue
CPE,blue
CPEB4,blue
CPLX1,blue
CPLX2,blue
CPOX,blue
CPVL,blue
CREB5,blue
CREG1,blue
CREM,blue
CRISPLD1,blue
CROCC,blue
CRTAM,blue
CRTAP,blue
CRTC2,blue
CRYBB1,blue
CRYL1,blue
CSF1R,blue
CSF3R,blue
CSMD1,blue
CSMD2,blue
CSNK1D,blue
CSNK1G2,blue
CSNK2A1P,blue
CTAGE5,blue
CTBP1,blue
CTBS,blue
CTDP1,blue
CTNNA2,blue
CTNND1,blue
CTRB2,blue
CTSC,blue
CTSD,blue
CTSH,blue
CTSL3,blue
CTSZ,blue
CTTN,blue
CUEDC1,blue
CUEDC2,blue
CUGBP2,blue
CUL3,blue
CUX1,blue
CX3CR1,blue
CXCR1,blue
CXCR5,blue
CXCR6,blue
CYB5D1,blue
CYFIP1,blue
CYP1B1,blue
CYP2B6,blue
CYTIP,blue
DAB1,blue
DAG1,blue
DAGLA,blue
DAPP1,blue
DAXX,blue
DCAF8,blue
DCC,blue
DCHS1,blue
DCI,blue
DCLRE1C,blue
DCP1B,blue
DCTD,blue
DDAH2,blue
DDHD2,blue
DDR1,blue
DDX20,blue
DDX24,blue
DDX4,blue
DDX41,blue
DEDD,blue
DEF8,blue
DENND1A,blue
DENND2D,blue
DENND3,blue
DFFA,blue
DFFB,blue
DGAT2,blue
DGKD,blue
DGKG,blue
DHRS12,blue
DHRS4L2,blue
DHX16,blue
DHX37,blue
DIP2C,blue
DISC1,blue
DKKL1,blue
DLEU2,blue
DLEU7,blue
DLG2,blue
DLGAP1,blue
DLGAP2,blue
DLX1,blue
DLX4,blue
DMBT1,blue
DMP1,blue
DMRT1,blue
DMWD,blue
DNAH2,blue
DNAJB13,blue
DNAJC18,blue
DNASE1L3,blue
DNMT3A,blue
DOCK1,blue
DOCK10,blue
DOCK5,blue
DOK7,blue
DPAGT1,blue
DPCR1,blue
DPEP1,blue
DPF1,blue
DPYSL4,blue
DRAM2,blue
DRG1,blue
DSCAML1,blue
DSP,blue
DSTYK,blue
DTNBP1,blue
DTWD2,blue
DUOX1,blue
DUSP14,blue
DUSP22,blue
DUSP23,blue
DUSP27,blue
DYNC1LI1,blue
DZIP3,blue
EBF3,blue
ECHS1,blue
EDIL3,blue
EEF1B2,blue
EEF1D,blue
EEFSEC,blue
EFHD1,blue
EFNB2,blue
EFTUD2,blue
EGLN1,blue
EHD1,blue
EHD4,blue
EHMT1,blue
EIF2AK4,blue
EIF2C2,blue
EIF3B,blue
EIF3D,blue
ELAC1,blue
ELK3,blue
ELL,blue
ELL2,blue
ELOVL6,blue
ELTD1,blue
EMB,blue
EML1,blue
EML2,blue
ENG,blue
ENPP7,blue
EP400,blue
EPB41,blue
EPHB2,blue
EPHB3,blue
EPN1,blue
ERAP2,blue
ERC2,blue
ERCC2,blue
ERCC5,blue
ERI1,blue
ERMAP,blue
ESCO2,blue
ESD,blue
ESPN,blue
ESPNL,blue
ESPNP,blue
ESRRG,blue
ESYT2,blue
ESYT3,blue
ETS1,blue
ETV3L,blue
ETV6,blue
EVL,blue
EVPLL,blue
EXD3,blue
EXOC2,blue
EXOC3,blue
EXTL3,blue
EZH1,blue
F11R,blue
F7,blue
FABP1,blue
FAM101B,blue
FAM107B,blue
FAM108C1,blue
FAM113B,blue
FAM124A,blue
FAM126A,blue
FAM131A,blue
FAM165B,blue
FAM166B,blue
FAM189A1,blue
FAM18B2,blue
FAM192A,blue
FAM19A5,blue
FAM20C,blue
FAM26F,blue
FAM27A,blue
FAM38A,blue
FAM49A,blue
FAM50B,blue
FAM54B,blue
FAM55C,blue
FAM59A,blue
FAM60A,blue
FAM76B,blue
FAM78A,blue
FAM81A,blue
FAM83A,blue
FANCA,blue
FARP1,blue
FAT1,blue
FAT4,blue
FAU,blue
FBL,blue
FBP1,blue
FBRSL1,blue
FBXL16,blue
FBXL7,blue
FBXO15,blue
FBXO18,blue
FBXO21,blue
FBXW8,blue
FCER1G,blue
FCHO1,blue
FCRL3,blue
FCRLA,blue
FEZ1,blue
FGF17,blue
FGF23,blue
FGFR2,blue
FHIT,blue
FHOD3,blue
FIP1L1,blue
FIZ1,blue
FKBPL,blue
FKRP,blue
FLI1,blue
FLJ13197,blue
FLJ33360,blue
FLJ35776,blue
FLJ37453,blue
FLJ90757,blue
FLOT1,blue
FLRT1,blue
FLT1,blue
FMO3,blue
FNBP1,blue
FNDC3B,blue
FOS,blue
FOXF1,blue
FOXH1,blue
FOXK1,blue
FOXK2,blue
FOXN3,blue
FPGS,blue
FPR2,blue
FREM3,blue
FRG1B,blue
FRK,blue
FUT3,blue
FUT4,blue
FYB,blue
GAA,blue
GAB1,blue
GABRA1,blue
GABRA5,blue
GABRR1,blue
GAL3ST4,blue
GALM,blue
GALNT2,blue
GALNT9,blue
GAS7,blue
GAS8,blue
GBP2,blue
GBP4,blue
GCNT3,blue
GDA,blue
GDF10,blue
GDF2,blue
GDNF,blue
GFAP,blue
GGA3,blue
GGCX,blue
GGN,blue
GGT6,blue
GIMAP1,blue
GIMAP5,blue
GINS2,blue
GIP,blue
GJB3,blue
GLCCI1,blue
GLI3,blue
GLIPR1L2,blue
GLT1D1,blue
GLT25D1,blue
GLUL,blue
GMPPA,blue
GNA12,blue
GNAT2,blue
GNG2,blue
GNLY,blue
GOLGA3,blue
GORASP2,blue
GP6,blue
GP9,blue
GPC1,blue
GPC6,blue
GPN1,blue
GPR133,blue
GPR142,blue
GPR176,blue
GPR31,blue
GPR39,blue
GPR56,blue
GPR62,blue
GPR68,blue
GPR85,blue
GPR87,blue
GPSM3,blue
GPX2,blue
GPX6,blue
GRAMD3,blue
GRB10,blue
GREB1,blue
GRHL2,blue
GRHL3,blue
GRID1,blue
GRID2,blue
GRID2IP,blue
GRINL1A,blue
GRK1,blue
GRK4,blue
GRM7,blue
GRP,blue
GRXCR1,blue
GSN,blue
GTF2H4,blue
GTSF1,blue
GULP1,blue
H1FNT,blue
H3F3B,blue
H6PD,blue
HACL1,blue
HAND2,blue
HAPLN1,blue
HAS2,blue
HAVCR2,blue
HCCA2,blue
HCG18,blue
HCG22,blue
HCRTR1,blue
HDAC1,blue
HDAC2,blue
HDAC4,blue
HDDC3,blue
HECW1,blue
HECW2,blue
HEG1,blue
HEXDC,blue
HHIPL1,blue
HHIPL2,blue
HIPK1,blue
HIST1H2BN,blue
HIVEP3,blue
HK1,blue
HK2,blue
HLA-B,blue
HLA-DMA,blue
HLA-DMB,blue
HLA-DOA,blue
HLA-DOB,blue
HLA-DPA1,blue
HLA-DRA,blue
HLA-E,blue
HLA-F,blue
HLA-H,blue
HLA-L,blue
HLCS,blue
HLTF,blue
HLX,blue
HMG20B,blue
HMGCL,blue
HMGCS2,blue
HMGN4,blue
HMGXB3,blue
HMHA1,blue
HMHB1,blue
HMSD,blue
HN1,blue
HNRNPC,blue
HNRNPD,blue
HNRNPUL1,blue
HOXA2,blue
HSD17B7,blue
HTATIP2,blue
HTR3B,blue
HTR4,blue
HTRA1,blue
HYAL1,blue
IDI1,blue
IER5,blue
IFT172,blue
IGDCC4,blue
IGF2BP2,blue
IGF2BP3,blue
IGFBP5,blue
IGFBPL1,blue
IGFL3,blue
IGLON5,blue
IGSF22,blue
IGSF8,blue
IGSF9B,blue
IKBKB,blue
IKZF1,blue
IL10,blue
IL10RA,blue
IL12B,blue
IL17A,blue
IL17RD,blue
IL18BP,blue
IL1F10,blue
IL1F9,blue
IL1RN,blue
IL22RA2,blue
IL31,blue
IL4I1,blue
IL5,blue
IL6,blue
IL6R,blue
INADL,blue
INO80,blue
INPP4B,blue
INPP5A,blue
INPP5D,blue
INPP5E,blue
INS-IGF2,blue
INTS2,blue
INTS9,blue
IP6K3,blue
IQCE,blue
IQCG,blue
IQSEC1,blue
IRF1,blue
IRF5,blue
IRF8,blue
IRS1,blue
IRS2,blue
ISL2,blue
ISLR2,blue
ITGA11,blue
ITGA6,blue
ITGB2,blue
ITGB5,blue
ITGB7,blue
ITIH1,blue
ITPKB,blue
ITPR2,blue
ITPRIPL2,blue
IYD,blue
JAG2,blue
JAGN1,blue
JAKMIP1,blue
JAM3,blue
JAZF1,blue
JMJD5,blue
JMY,blue
JPH3,blue
KALRN,blue
KARS,blue
KBTBD6,blue
KCMF1,blue
KCNA7,blue
KCNB2,blue
KCNE3,blue
KCNE4,blue
KCNG2,blue
KCNG4,blue
KCNH4,blue
KCNJ12,blue
KCNJ5,blue
KCNK10,blue
KCNK9,blue
KCNMB4,blue
KCNN1,blue
KCNQ1,blue
KCNQ1OT1,blue
KCNQ5,blue
KCNT2,blue
KDM1A,blue
KDM4B,blue
KIAA0562,blue
KIAA1026,blue
KIAA1147,blue
KIAA1191,blue
KIAA1211,blue
KIAA1217,blue
KIAA1244,blue
KIAA1409,blue
KIAA1522,blue
KIAA1524,blue
KIAA1530,blue
KIAA1549,blue
KIAA1614,blue
KIAA1688,blue
KIAA1751,blue
KIAA1908,blue
KIF13B,blue
KIF1A,blue
KIF21B,blue
KIF22,blue
KIF25,blue
KIF26B,blue
KIF3A,blue
KIF5C,blue
KIF7,blue
KIF9,blue
KISS1,blue
KLC1,blue
KLF16,blue
KLF5,blue
KLF7,blue
KLHDC4,blue
KLHL21,blue
KLHL29,blue
KLHL33,blue
KLHL35,blue
KNDC1,blue
KRT13,blue
KRT222,blue
KRT33A,blue
KRT35,blue
KRT36,blue
KRT5,blue
KRT6A,blue
KRT7,blue
KRT71,blue
KRT73,blue
KRT79,blue
KRTAP5-5,blue
KSR1,blue
LAMA4,blue
LAMB4,blue
LAMP3,blue
LAPTM5,blue
LARP4B,blue
LARS2,blue
LASS3,blue
LBR,blue
LCA5,blue
LCT,blue
LDB1,blue
LDB2,blue
LDHAL6A,blue
LDLRAD3,blue
LEPREL1,blue
LGALS12,blue
LGALS3,blue
LGMN,blue
LGR6,blue
LHFPL2,blue
LILRA3,blue
LIN7B,blue
LIPC,blue
LIPG,blue
LIPH,blue
LMAN2,blue
LMAN2L,blue
LMF1,blue
LMNA,blue
LMNB1,blue
LMTK3,blue
LMX1B,blue
LOC100128239,blue
LOC100128573,blue
LOC100132354,blue
LOC100133545,blue
LOC100134368,blue
LOC100233209,blue
LOC145663,blue
LOC146880,blue
LOC150381,blue
LOC151174,blue
LOC154449,blue
LOC221442,blue
LOC255025,blue
LOC255512,blue
LOC257358,blue
LOC283050,blue
LOC283174,blue
LOC283332,blue
LOC283404,blue
LOC283999,blue
LOC284009,blue
LOC338799,blue
LOC387763,blue
LOC399959,blue
LOC400657,blue
LOC401463,blue
LOC440356,blue
LOC441204,blue
LOC442245,blue
LOC442293,blue
LOC643387,blue
LOC644649,blue
LOC645323,blue
LOC646627,blue
LOC646982,blue
LOC652276,blue
LOC728024,blue
LOC728323,blue
LOC728448,blue
LOC729467,blue
LOC729678,blue
LOC731789,blue
LOC84740,blue
LOC84856,blue
LOC90246,blue
LOC91948,blue
LOH12CR1,blue
LPAR2,blue
LPAR5,blue
LPCAT1,blue
LPCAT2,blue
LPGAT1,blue
LPP,blue
LRBA,blue
LRMP,blue
LRP5,blue
LRP6,blue
LRRC25,blue
LRRC45,blue
LRRC8C,blue
LRRFIP1,blue
LRRIQ4,blue
LRSAM1,blue
LSM14A,blue
LSP1,blue
LST1,blue
LTB4R,blue
LTB4R2,blue
LTBP2,blue
LY6G5C,blue
LY6G6C,blue
LY75,blue
LYSMD2,blue
LYVE1,blue
LZTS1,blue
MAD1L1,blue
MADD,blue
MAEA,blue
MAEL,blue
MAFK,blue
MAGI1,blue
MAML2,blue
MAML3,blue
MAP2K1,blue
MAP2K6,blue
MAP3K1,blue
MAP3K14,blue
MAPK8IP2,blue
MARVELD3,blue
MAST3,blue
MAST4,blue
MATN1,blue
MATR3,blue
MBP,blue
MCCD1,blue
MCF2L,blue
MCF2L2,blue
MCM10,blue
MDC1,blue
ME3,blue
MEA1,blue
MED12L,blue
MED27,blue
MED7,blue
MEG3,blue
MEG8,blue
MEGF11,blue
MEGF6,blue
MEIS1,blue
MERTK,blue
MESP2,blue
MEST,blue
METAP2,blue
METTL13,blue
METTL7A,blue
MFAP3,blue
MFAP3L,blue
MFSD2A,blue
MGAT1,blue
MGAT4A,blue
MGAT5,blue
MGC70857,blue
MGMT,blue
MGRN1,blue
MIB2,blue
MICALL2,blue
MIER2,blue
MIR1182,blue
MIR1207,blue
MIR1208,blue
MIR127,blue
MIR136,blue
MIR138-2,blue
MIR1826,blue
MIR190B,blue
MIR34A,blue
MIR375,blue
MIR431,blue
MIR487A,blue
MIR543,blue
MIR548H4,blue
MIR614,blue
MIR654,blue
MIR656,blue
MIR889,blue
MITF,blue
MKNK1,blue
MKS1,blue
MLL2,blue
MLLT1,blue
MLN,blue
MLNR,blue
MMP20,blue
MMRN2,blue
MNDA,blue
MOBKL2A,blue
MPDU1,blue
MPEG1,blue
MPP5,blue
MPPE1,blue
MPV17,blue
MPV17L2,blue
MRE11A,blue
MRPL28,blue
MRPL35,blue
MRPL38,blue
MRPL54,blue
MRPS10,blue
MRPS18A,blue
MRPS18B,blue
MS4A1,blue
MS4A15,blue
MSI2,blue
MSLN,blue
MSX1,blue
MT1H,blue
MT1X,blue
MTCH2,blue
MTERFD2,blue
MTG1,blue
MTHFD1L,blue
MTMR2,blue
MTMR4,blue
MTNR1A,blue
MTSS1,blue
MUC2,blue
MUC20,blue
MUM1,blue
MYADM,blue
MYADML2,blue
MYEOV,blue
MYH10,blue
MYH4,blue
MYLK4,blue
MYO16,blue
MYO1C,blue
MYO1H,blue
MYO5A,blue
MYO5C,blue
MYO7A,blue
MYOCD,blue
MYOZ1,blue
N4BP2L1,blue
NAAA,blue
NADSYN1,blue
NAGK,blue
NAGPA,blue
NAIF1,blue
NAPRT1,blue
NAPSB,blue
NARF,blue
NARG2,blue
NAV2,blue
NBR1,blue
NBR2,blue
NCALD,blue
NCBP2,blue
NCF2,blue
NCKAP1L,blue
NCLN,blue
NCOA4,blue
NCOA6,blue
NCOR2,blue
NCRNA00171,blue
NCRNA00200,blue
NDE1,blue
NDRG4,blue
NDUFAF2,blue
NDUFB10,blue
NDUFS2,blue
NEDD4L,blue
NEDD9,blue
NEK11,blue
NEK2,blue
NEURL3,blue
NFASC,blue
NFIC,blue
NFIX,blue
NFKBIL2,blue
NFRKB,blue
NFU1,blue
NGEF,blue
NGFR,blue
NHSL1,blue
NIN,blue
NINJ1,blue
NINJ2,blue
NIPA2,blue
NIPAL2,blue
NKAIN2,blue
NKAIN3,blue
NKD1,blue
NKD2,blue
NLGN1,blue
NLRP4,blue
NLRP5,blue
NME1-NME2,blue
NMNAT3,blue
NOC2L,blue
NOD2,blue
NODAL,blue
NOS1AP,blue
NOSIP,blue
NOTCH4,blue
NOVA2,blue
NPHP4,blue
NPL,blue
NPNT,blue
NPY6R,blue
NR5A1,blue
NRCAM,blue
NRG1,blue
NRG2,blue
NRP2,blue
NRSN1,blue
NT5C3L,blue
NT5DC3,blue
NTN5,blue
NTNG2,blue
NTRK3,blue
NTSR1,blue
NUAK1,blue
NUBP1,blue
NUDCD3,blue
NUDT1,blue
NXF1,blue
NXN,blue
NXPH3,blue
OBFC2A,blue
OBSCN,blue
OCIAD1,blue
ODZ4,blue
OGFR,blue
OLFM4,blue
OPA3,blue
OPCML,blue
OPRK1,blue
OR10Q1,blue
OR7A17,blue
OR8B12,blue
OR8U8,blue
OR9Q1,blue
ORAI1,blue
ORAI3,blue
ORMDL2,blue
OSBPL3,blue
OSBPL5,blue
OSMR,blue
OXA1L,blue
OXCT1,blue
OXR1,blue
OXSM,blue
P11,blue
P2RX3,blue
P2RX7,blue
P2RY6,blue
P4HB,blue
PA2G4,blue
PACRG,blue
PACS2,blue
PACSIN1,blue
PALLD,blue
PALM3,blue
PAN2,blue
PAOX,blue
PAQR5,blue
PAQR6,blue
PARD6G,blue
PARL,blue
PARP10,blue
PARP12,blue
PARP4,blue
PARS2,blue
PARVA,blue
PASK,blue
PAX8,blue
PBX2,blue
PCBP1,blue
PCBP4,blue
PCCB,blue
PCDHA6,blue
PCDHB15,blue
PCDHB9,blue
PCDHGA4,blue
PCGF3,blue
PCSK5,blue
PCSK6,blue
PDE10A,blue
PDE12,blue
PDE3B,blue
PDE4B,blue
PDE4D,blue
PDE6A,blue
PDE6B,blue
PDE7B,blue
PDGFD,blue
PDHA2,blue
PDK1,blue
PDZD2,blue
PEG10,blue
PELI2,blue
PEX5,blue
PFKFB2,blue
PFKFB3,blue
PFKFB4,blue
PFKP,blue
PGAM1,blue
PGBD5,blue
PGC,blue
PGLYRP1,blue
PHAX,blue
PHF1,blue
PHF17,blue
PHF19,blue
PHLDA1,blue
PHTF1,blue
PHTF2,blue
PIAS1,blue
PIGO,blue
PIH1D2,blue
PIK3R5,blue
PIKFYVE,blue
PILRB,blue
PINX1,blue
PION,blue
PIP5K1A,blue
PIP5K1C,blue
PITPNA,blue
PITPNM1,blue
PITPNM2,blue
PITRM1,blue
PKD1,blue
PKD2L2,blue
PKHD1,blue
PKNOX2,blue
PKP3,blue
PLA2G2C,blue
PLA2G4C,blue
PLA2G4D,blue
PLAT,blue
PLCB2,blue
PLCD3,blue
PLD4,blue
PLDN,blue
PLEC1,blue
PLEKHA5,blue
PLEKHA7,blue
PLEKHB1,blue
PLEKHG5,blue
PLEKHH2,blue
PLK3,blue
PLLP,blue
PLS1,blue
PLVAP,blue
PLXNA4,blue
PLXNC1,blue
PMFBP1,blue
PNKD,blue
PNLDC1,blue
PNMA2,blue
PNMAL1,blue
PNMAL2,blue
PNPLA7,blue
PNPO,blue
POLB,blue
POLR1A,blue
POLR3A,blue
POR,blue
POU2F2,blue
POU6F2,blue
PPAP2B,blue
PPAPDC1B,blue
PPARG,blue
PPCDC,blue
PPM1J,blue
PPM1L,blue
PPM1M,blue
PPOX,blue
PPP1R13L,blue
PPP1R3C,blue
PPP1R3G,blue
PPP2R1B,blue
PPT1,blue
PPT2,blue
PRAGMIN,blue
PRDM11,blue
PRDM16,blue
PRDM7,blue
PRDM8,blue
PRELID2,blue
PRICKLE2,blue
PRKAG2,blue
PRKAR1B,blue
PRKCA,blue
PRKCD,blue
PRKCE,blue
PRKCQ,blue
PRKCZ,blue
PRKD2,blue
PRLR,blue
PRO1768,blue
PROX1,blue
PRPF18,blue
PRPF4,blue
PRPF8,blue
PRPH,blue
PRRT1,blue
PSD3,blue
PSENEN,blue
PSMA4,blue
PSMB4,blue
PSMB5,blue
PSMB6,blue
PSORS1C1,blue
PSTPIP1,blue
PTBP2,blue
PTCD2,blue
PTCHD2,blue
PTDSS1,blue
PTDSS2,blue
PTEN,blue
PTGS1,blue
PTPN18,blue
PTPN7,blue
PTPRE,blue
PTPRH,blue
PTPRJ,blue
PTPRN2,blue
PTPRO,blue
PTPRZ1,blue
PUM1,blue
PUS7,blue
PVT1,blue
PWWP2B,blue
PXDN,blue
PYCARD,blue
PYCR1,blue
QRFP,blue
QRSL1,blue
RAB33B,blue
RAB35,blue
RAB7A,blue
RABGGTA,blue
RABIF,blue
RABL5,blue
RAC1,blue
RACGAP1,blue
RAD51L1,blue
RAD52,blue
RAD54B,blue
RADIL,blue
RALGPS1,blue
RAMP1,blue
RAP2B,blue
RAPGEF1,blue
RAPGEF3,blue
RAPGEF6,blue
RASA2,blue
RASA3,blue
RASGEF1C,blue
RASGRF1,blue
RASSF1,blue
RBM20,blue
RBM22,blue
RBM23,blue
RBM33,blue
RBM34,blue
RBMS1,blue
RBMS2,blue
RBP1,blue
RBPMS,blue
RCAN3,blue
RCBTB2,blue
RCHY1,blue
RCN3,blue
REC8,blue
RECQL5,blue
REEP6,blue
REG3G,blue
RELL1,blue
REST,blue
REXO1,blue
RFC2,blue
RFFL,blue
RFWD3,blue
RGL2,blue
RGS10,blue
RGS12,blue
RGS2,blue
RGS4,blue
RGS9,blue
RHBDF2,blue
RHBDL1,blue
RHEB,blue
RHO,blue
RHOBTB3,blue
RIN3,blue
RIPK4,blue
RNASE13,blue
RNASET2,blue
RNF112,blue
RNF135,blue
RNF138,blue
RNF149,blue
RNF150,blue
RNF157,blue
RNF166,blue
RNF169,blue
RNF17,blue
RNF180,blue
RNF214,blue
RNF216,blue
RNF220,blue
RNF39,blue
RNF4,blue
RNF40,blue
RNF8,blue
RNU6ATAC,blue
ROR1,blue
ROR2,blue
RORA,blue
RPH3A,blue
RPH3AL,blue
RPL13AP20,blue
RPL13AP5,blue
RPL14,blue
RPL23AP32,blue
RPP25,blue
RPS6KA2,blue
RPS6KB2,blue
RPTOR,blue
RPUSD1,blue
RPUSD4,blue
RRP12,blue
RSAD2,blue
RSPRY1,blue
RTF1,blue
RUNDC2A,blue
RUNX3,blue
RXRA,blue
RYR2,blue
SALL3,blue
SAMD13,blue
SAMD4A,blue
SATB2,blue
SCARB1,blue
SCARB2,blue
SCARNA2,blue
SCN10A,blue
SCNN1A,blue
SCNN1B,blue
SCNN1G,blue
SDC2,blue
SDK1,blue
SEC1,blue
SEC14L1,blue
SEC16B,blue
SEC61A2,blue
SEMA6D,blue
SEPHS2,blue
SEPT8,blue
SEPT9,blue
SERPINA1,blue
SERPINB6,blue
SERPINF2,blue
SESN3,blue
SETD3,blue
SETMAR,blue
SEZ6,blue
SF1,blue
SF3A3,blue
SF3B3,blue
SF3B4,blue
SFRS12IP1,blue
SFRS13B,blue
SFRS18,blue
SFRS2,blue
SFTA2,blue
SFXN3,blue
SGK1,blue
SGMS1,blue
SGSM2,blue
SH2D7,blue
SH3BP4,blue
SH3BP5,blue
SH3GLB2,blue
SH3PXD2A,blue
SH3RF1,blue
SH3RF3,blue
SH3TC1,blue
SHANK2,blue
SHC3,blue
SHISA2,blue
SHPRH,blue
SHQ1,blue
SHROOM3,blue
SIAH1,blue
SIRT7,blue
SKI,blue
SLA,blue
SLC10A2,blue
SLC10A4,blue
SLC11A1,blue
SLC12A3,blue
SLC12A7,blue
SLC12A8,blue
SLC15A4,blue
SLC16A1,blue
SLC16A3,blue
SLC1A2,blue
SLC22A1,blue
SLC22A15,blue
SLC22A18,blue
SLC22A18AS,blue
SLC22A23,blue
SLC22A6,blue
SLC24A4,blue
SLC25A23,blue
SLC25A28,blue
SLC25A37,blue
SLC26A1,blue
SLC26A10,blue
SLC26A2,blue
SLC27A1,blue
SLC29A3,blue
SLC2A5,blue
SLC2A9,blue
SLC30A3,blue
SLC37A3,blue
SLC37A4,blue
SLC38A8,blue
SLC38A9,blue
SLC39A1,blue
SLC39A11,blue
SLC39A14,blue
SLC43A1,blue
SLC43A2,blue
SLC43A3,blue
SLC44A4,blue
SLC45A1,blue
SLC45A2,blue
SLC47A1,blue
SLC5A10,blue
SLC6A3,blue
SLC6A6,blue
SLC7A2,blue
SLC7A5,blue
SLC7A6,blue
SLC9A3,blue
SLCO3A1,blue
SLFNL1,blue
SLIT1,blue
SMAD6,blue
SMC3,blue
SMG6,blue
SMG7,blue
SMOC1,blue
SMOC2,blue
SMUG1,blue
SMYD2,blue
SMYD3,blue
SMYD4,blue
SNAP47,blue
SNAPC5,blue
SNED1,blue
SNHG12,blue
SNORA76,blue
SNORA80B,blue
SNORD116-1,blue
SNORD27,blue
SNORD9,blue
SNRNP40,blue
SNTG2,blue
SNX19,blue
SNX20,blue
SNX26,blue
SNX29,blue
SNX4,blue
SOAT1,blue
SOAT2,blue
SOBP,blue
SOCS2,blue
SOCS3,blue
SORBS2,blue
SORCS2,blue
SORL1,blue
SORT1,blue
SOX21,blue
SOX30,blue
SP140,blue
SPATA13,blue
SPATA22,blue
SPATC1,blue
SPATS2,blue
SPATS2L,blue
SPC25,blue
SPERT,blue
SPG7,blue
SPI1,blue
SPIRE2,blue
SPON1,blue
SPPL3,blue
SPRED2,blue
SPRR2D,blue
SPSB1,blue
SRCRB4D,blue
SRGAP1,blue
SRI,blue
SRP19,blue
SRP54,blue
SRPK2,blue
SRRM4,blue
SSBP2,blue
SSBP3,blue
SSH1,blue
SSRP1,blue
ST3GAL5,blue
ST6GAL1,blue
ST6GALNAC3,blue
ST6GALNAC4,blue
ST8SIA2,blue
ST8SIA5,blue
STAB2,blue
STARD13,blue
STARD9,blue
STAT5A,blue
STEAP2,blue
STH,blue
STK10,blue
STK17A,blue
STK24,blue
STK32A,blue
STK32C,blue
STMN4,blue
STRA6,blue
STX11,blue
SUB1,blue
SUGT1L1,blue
SUPT3H,blue
SUPT5H,blue
SUPT7L,blue
SUV420H2,blue
SVOPL,blue
SWAP70,blue
SYNC,blue
SYNE1,blue
SYNGAP1,blue
SYNM,blue
SYNPO2L,blue
SYT6,blue
SYT8,blue
SYTL3,blue
TAF6,blue
TAF6L,blue
TAGAP,blue
TAGLN3,blue
TAL1,blue
TAL2,blue
TALDO1,blue
TAP1,blue
TAP2,blue
TAPBPL,blue
TBC1D1,blue
TBC1D14,blue
TBC1D5,blue
TBC1D9,blue
TBCD,blue
TBKBP1,blue
TBR1,blue
TBX2,blue
TBXAS1,blue
TCEA3,blue
TCEB3B,blue
TCERG1L,blue
TCF25,blue
TCF7L1,blue
TCF7L2,blue
TCIRG1,blue
TCP11,blue
TDH,blue
TDRD9,blue
TEAD1,blue
TEAD3,blue
TEAD4,blue
TECPR1,blue
TECTA,blue
TELO2,blue
TESC,blue
TESK1,blue
TESSP1,blue
TET3,blue
TEX101,blue
TEX14,blue
TEX2,blue
TF,blue
TFAP2A,blue
TFEB,blue
TFG,blue
TFPI2,blue
TGFBR2,blue
TGM2,blue
THADA,blue
THAP4,blue
THSD4,blue
THUMPD1,blue
THUMPD3,blue
TIGIT,blue
TIMP2,blue
TIRAP,blue
TLE3,blue
TLL2,blue
TLR9,blue
TM7SF4,blue
TMC8,blue
TMCC3,blue
TMEM104,blue
TMEM105,blue
TMEM109,blue
TMEM111,blue
TMEM119,blue
TMEM130,blue
TMEM132C,blue
TMEM140,blue
TMEM14C,blue
TMEM163,blue
TMEM168,blue
TMEM176B,blue
TMEM186,blue
TMEM201,blue
TMEM206,blue
TMEM209,blue
TMEM220,blue
TMEM38A,blue
TMEM41A,blue
TMEM5,blue
TMEM55B,blue
TMPRSS4,blue
TNF,blue
TNFAIP8,blue
TNFAIP8L3,blue
TNFRSF11A,blue
TNFRSF1A,blue
TNFRSF1B,blue
TNFSF13,blue
TNFSF13B,blue
TNK2,blue
TNP2,blue
TNXB,blue
TOM1L2,blue
TP53BP2,blue
TP73,blue
TPCN2,blue
TPM3,blue
TPO,blue
TPR,blue
TPRA1,blue
TRAPPC9,blue
TREM2,blue
TRERF1,blue
TRIM10,blue
TRIM26,blue
TRIM27,blue
TRIM29,blue
TRIM42,blue
TRIM45,blue
TRIM60,blue
TRIM63,blue
TRIM67,blue
TRIM69,blue
TRIO,blue
TRPC1,blue
TSEN2,blue
TSKS,blue
TSNAX-DISC1,blue
TSPAN15,blue
TSPAN18,blue
TSPAN5,blue
TSPAN9,blue
TSSC1,blue
TTC21A,blue
TTC32,blue
TTC7A,blue
TTLL10,blue
TTLL6,blue
TTPAL,blue
TTR,blue
TTYH1,blue
TUBG2,blue
TUBGCP2,blue
TUBGCP3,blue
TUSC3,blue
TXNDC12,blue
TXNDC17,blue
TXNDC6,blue
TXNIP,blue
UBASH3B,blue
UBE2T,blue
UBE2U,blue
UBE2V1,blue
UBL7,blue
UBP1,blue
UCHL1,blue
UFD1L,blue
UGP2,blue
UNC45A,blue
UNC5B,blue
UNC5C,blue
UNC84A,blue
UQCRQ,blue
USF2,blue
USP1,blue
USP3,blue
USP44,blue
USP5,blue
USP53,blue
UTF1,blue
UTP15,blue
UTS2,blue
UVRAG,blue
UXS1,blue
VAC14,blue
VANGL1,blue
VEGFC,blue
VEPH1,blue
VGF,blue
VGLL3,blue
VIPR2,blue
VOPP1,blue
VPS13D,blue
VPS24,blue
VPS25,blue
VPS37A,blue
VPS52,blue
VPS53,blue
VWA1,blue
VWA5A,blue
VWA5B2,blue
VWCE,blue
WAC,blue
WASF3,blue
WBP1,blue
WBSCR17,blue
WDFY4,blue
WDR1,blue
WDR18,blue
WDR24,blue
WDR27,blue
WDR48,blue
WDR65,blue
WDR69,blue
WDR8,blue
WDR81,blue
WDR86,blue
WDR91,blue
WFIKKN1,blue
WIBG,blue
WIPI2,blue
WNK2,blue
WNT1,blue
WNT11,blue
WNT2,blue
WNT5B,blue
WNT6,blue
WSB1,blue
WWC1,blue
WWC2,blue
XKR8,blue
XPO4,blue
YIPF3,blue
YIPF4,blue
YJEFN3,blue
YLPM1,blue
YPEL2,blue
YPEL3,blue
YTHDF2,blue
YWHAQ,blue
ZAP70,blue
ZAR1,blue
ZAR1L,blue
ZBTB12,blue
ZBTB16,blue
ZBTB2,blue
ZBTB20,blue
ZBTB3,blue
ZBTB38,blue
ZBTB4,blue
ZBTB43,blue
ZBTB45,blue
ZBTB7A,blue
ZBTB7B,blue
ZBTB9,blue
ZC3H12C,blue
ZC3H14,blue
ZC3H3,blue
ZC3H4,blue
ZDHHC14,blue
ZDHHC19,blue
ZDHHC7,blue
ZFAND3,blue
ZFHX3,blue
ZFHX4,blue
ZFPM1,blue
ZFR2,blue
ZFYVE28,blue
ZIM2,blue
ZKSCAN5,blue
ZMAT2,blue
ZMIZ1,blue
ZNF136,blue
ZNF177,blue
ZNF19,blue
ZNF236,blue
ZNF264,blue
ZNF276,blue
ZNF282,blue
ZNF296,blue
ZNF331,blue
ZNF385A,blue
ZNF391,blue
ZNF397OS,blue
ZNF398,blue
ZNF408,blue
ZNF423,blue
ZNF428,blue
ZNF432,blue
ZNF454,blue
ZNF469,blue
ZNF513,blue
ZNF514,blue
ZNF517,blue
ZNF536,blue
ZNF543,blue
ZNF557,blue
ZNF57,blue
ZNF598,blue
ZNF614,blue
ZNF648,blue
ZNF662,blue
ZNF688,blue
ZNF689,blue
ZNF69,blue
ZNF697,blue
ZNF710,blue
ZNF771,blue
ZNF787,blue
ZNF79,blue
ZNF821,blue
ZNF862,blue
ZNRF4,blue
ZSCAN1,blue
ZSCAN16,blue
ZZEF1,blue
ZZZ3,blue
A2BP1,brown
AAAS,brown
ABCA13,brown
ABCA5,brown
ABCC5,brown
ABLIM2,brown
ABR,brown
ACAD8,brown
ACBD5,brown
ACCN1,brown
ACOT7,brown
ACSF2,brown
ACTL9,brown
ACTN2,brown
ACTN3,brown
ADAD2,brown
ADAM12,brown
ADAM19,brown
ADAMTS16,brown
ADAMTS17,brown
ADAMTS2,brown
ADAMTS3,brown
ADAP1,brown
ADARB2,brown
ADD3,brown
ADH1C,brown
ADH5,brown
ADHFE1,brown
ADPRHL1,brown
AFF4,brown
AGBL4,brown
AGRN,brown
AHNAK,brown
AKAP12,brown
AKD1,brown
ALDH1A3,brown
ALDH1L2,brown
ALG3,brown
ALOX15B,brown
AMOTL1,brown
ANKRD13A,brown
ANKRD22,brown
ANO1,brown
ANTXR1,brown
ANXA4,brown
ANXA7,brown
AP1G1,brown
APBA1,brown
APBA2,brown
APBB2,brown
APEX1,brown
APLP2,brown
APOB,brown
ARHGAP1,brown
ARHGAP24,brown
ARHGEF10,brown
ARID1B,brown
ARNT2,brown
ARPM1,brown
ARPP19,brown
ASCL1,brown
ASIP,brown
ASPG,brown
ASPSCR1,brown
ATCAY,brown
ATF6B,brown
ATHL1,brown
ATIC,brown
ATM,brown
ATP10A,brown
ATP11A,brown
ATP4B,brown
ATPAF2,brown
ATXN7L1,brown
AURKC,brown
AUTS2,brown
AXIN2,brown
AZIN1,brown
B4GALNT4,brown
B4GALT3,brown
BAT1,brown
BAT2,brown
BCAR3,brown
BDNF,brown
BEGAIN,brown
BET1,brown
BFAR,brown
BFSP2,brown
BIVM,brown
BLOC1S1,brown
BRE,brown
BTRC,brown
C10ORF140,brown
C10ORF26,brown
C10ORF55,brown
C10ORF76,brown
C11ORF48,brown
C11ORF63,brown
C11ORF64,brown
C11ORF90,brown
C12ORF10,brown
C12ORF44,brown
C12ORF52,brown
C13ORF18,brown
C14ORF119,brown
C14ORF126,brown
C14ORF135,brown
C15ORF33,brown
C15ORF42,brown
C16ORF79,brown
C17ORF57,brown
C17ORF68,brown
C17ORF69,brown
C17ORF96,brown
C17ORF97,brown
C19ORF10,brown
C19ORF42,brown
C19ORF73,brown
C1ORF114,brown
C1ORF125,brown
C1ORF151,brown
C1ORF170,brown
C1ORF228,brown
C1ORF27,brown
C1ORF86,brown
C1ORF9,brown
C20ORF160,brown
C21ORF56,brown
C22ORF32,brown
C22ORF45,brown
C2ORF3,brown
C2ORF63,brown
C2ORF68,brown
C2ORF84,brown
C3ORF10,brown
C3ORF21,brown
C3ORF24,brown
C3ORF33,brown
C3ORF39,brown
C3ORF63,brown
C4ORF36,brown
C5ORF32,brown
C6ORF123,brown
C6ORF174,brown
C6ORF186,brown
C6ORF211,brown
C6ORF221,brown
C7ORF29,brown
C7ORF50,brown
C7ORF55,brown
C7ORF60,brown
C8ORF73,brown
C9ORF109,brown
C9ORF129,brown
C9ORF6,brown
C9ORF75,brown
CACNA1G,brown
CADPS2,brown
CALML3,brown
CAMK2D,brown
CAMTA1,brown
CAP1,brown
CAPNS1,brown
CASC3,brown
CASR,brown
CAT,brown
CAV1,brown
CBFB,brown
CBX3,brown
CCDC144NL,brown
CCDC28A,brown
CCDC51,brown
CCDC53,brown
CCDC64,brown
CCDC88C,brown
CCHCR1,brown
CCNG2,brown
CCNI,brown
CCT5,brown
CD164,brown
CD81,brown
CD8A,brown
CDC42BPG,brown
CDCA4,brown
CDGAP,brown
CDK8,brown
CDKL2,brown
CDKN1B,brown
CDV3,brown
CELSR1,brown
CENPL,brown
CEP120,brown
CEPT1,brown
CFHR4,brown
CH25H,brown
CHCHD6,brown
CHCHD8,brown
CHD5,brown
CHST1,brown
CILP2,brown
CLCN7,brown
CLDND1,brown
CLEC16A,brown
CLK1,brown
CLP1,brown
CMBL,brown
CMIP,brown
CMTM4,brown
CNIH4,brown
CNN1,brown
CNN3,brown
CNOT7,brown
COBLL1,brown
COG8,brown
COL11A2,brown
COL19A1,brown
COL5A1,brown
COLEC12,brown
COQ10A,brown
COQ3,brown
COQ6,brown
COQ7,brown
COX5A,brown
COX6B2,brown
CPA1,brown
CPM,brown
CR1L,brown
CRB1,brown
CREB3L2,brown
CRLF1,brown
CSGALNACT1,brown
CSNK1A1L,brown
CSPP1,brown
CTDP1,brown
CTNND1,brown
CTNND2,brown
CTRC,brown
CTTN,brown
CUBN,brown
CUL4A,brown
CUX1,brown
CWC22,brown
CXCL1,brown
CYB561,brown
CYB5B,brown
CYP1B1,brown
CYP2E1,brown
CYP46A1,brown
CYTSB,brown
D2HGDH,brown
DAB2,brown
DBNDD1,brown
DCBLD1,brown
DCHS2,brown
DCP1B,brown
DCP2,brown
DCUN1D5,brown
DDAH2,brown
DDB2,brown
DDX10,brown
DDX23,brown
DDX43,brown
DDX60L,brown
DEGS1,brown
DEGS2,brown
DEPDC6,brown
DFNB31,brown
DGCR9,brown
DHDH,brown
DHRS4,brown
DHX8,brown
DIP2B,brown
DIP2C,brown
DLC1,brown
DLL1,brown
DNAH17,brown
DNAH3,brown
DNAH6,brown
DNAJB1,brown
DNAJB13,brown
DNAJC21,brown
DND1,brown
DNER,brown
DOHH,brown
DPH1,brown
DPH5,brown
DPP10,brown
DPP6,brown
DPP9,brown
DPYSL4,brown
DSE,brown
DSEL,brown
DST,brown
DTD1,brown
DTHD1,brown
DTYMK,brown
DVL3,brown
DVWA,brown
DYNC1I1,brown
DYNC1LI1,brown
DYNLRB2,brown
E2F3,brown
EBAG9,brown
EBF2,brown
ECT2L,brown
EDC3,brown
EDNRB,brown
EEF1B2,brown
EEPD1,brown
EFHA2,brown
EFNA5,brown
EGR2,brown
EGR3,brown
EHMT1,brown
EHMT2,brown
EIF2AK1,brown
EIF3F,brown
EIF3I,brown
ELF2,brown
ELMOD1,brown
ELOF1,brown
ELOVL5,brown
ELSPBP1,brown
EML5,brown
ENAH,brown
ENC1,brown
ENDOD1,brown
ENOSF1,brown
EPB41L2,brown
EPCAM,brown
EPHA7,brown
EPHB3,brown
ERBB4,brown
ERCC4,brown
ERCC5,brown
ERCC6,brown
ERGIC1,brown
ERLIN2,brown
ESPL1,brown
ETF1,brown
ETV1,brown
ETV3,brown
ETV6,brown
EXPH5,brown
FAM101B,brown
FAM120B,brown
FAM160A2,brown
FAM174B,brown
FAM189A1,brown
FAM190B,brown
FAM50B,brown
FAM59B,brown
FAM63A,brown
FAM65B,brown
FAM83H,brown
FAM96A,brown
FANCE,brown
FANCG,brown
FAT1,brown
FAT3,brown
FBF1,brown
FBLN7,brown
FBP1,brown
FBXL20,brown
FBXO22,brown
FCRLB,brown
FDXR,brown
FECH,brown
FEN1,brown
FERMT2,brown
FGF1,brown
FGF18,brown
FH,brown
FIBCD1,brown
FIBIN,brown
FIG4,brown
FIGNL1,brown
FKBP5,brown
FKBP7,brown
FLJ26850,brown
FLJ40504,brown
FLRT2,brown
FLYWCH1,brown
FMOD,brown
FOXJ3,brown
FOXK1,brown
FOXN3,brown
FOXRED1,brown
FREQ,brown
FRMD4A,brown
FRMD5,brown
FRMD8,brown
FSCN1,brown
FTO,brown
FYCO1,brown
G3BP2,brown
GABPB2,brown
GABRB3,brown
GALK2,brown
GALNT9,brown
GARS,brown
GCC1,brown
GFPT2,brown
GFRA3,brown
GHSR,brown
GJB7,brown
GLCCI1,brown
GLT25D1,brown
GLT25D2,brown
GMIP,brown
GNAL,brown
GNAQ,brown
GNB1L,brown
GNL3,brown
GNRHR2,brown
GOLGA3,brown
GOLGA7B,brown
GOLSYN,brown
GP6,brown
GPATCH4,brown
GPBAR1,brown
GPC1,brown
GPR116,brown
GPR120,brown
GPR123,brown
GPR128,brown
GPR133,brown
GPR142,brown
GPR177,brown
GPR19,brown
GPX6,brown
GREM2,brown
GRIA4,brown
GRID2IP,brown
GRIN1,brown
GRK5,brown
GSK3B,brown
GSR,brown
GSTO2,brown
GTDC1,brown
GTF2A1L,brown
GTF3C3,brown
GTF3C6,brown
H2AFJ,brown
H3F3C,brown
HABP4,brown
HAGH,brown
HAUS3,brown
HAUS6,brown
HBM,brown
HCCA2,brown
HDAC4,brown
HEATR1,brown
HEATR2,brown
HEATR7A,brown
HELB,brown
HEPHL1,brown
HES1,brown
HHIPL1,brown
HIST1H3G,brown
HIST1H4G,brown
HIST2H2AC,brown
HIVEP3,brown
HLA-B,brown
HLA-DOA,brown
HLA-DRA,brown
HLCS,brown
HMOX2,brown
HNRNPA1,brown
HOXC4,brown
HOXC9,brown
HPN,brown
HS3ST2,brown
HS3ST6,brown
HSP90AA1,brown
HSPA7,brown
HSPA9,brown
HSPB1,brown
HYOU1,brown
IAH1,brown
IDH3A,brown
IER3,brown
IFI6,brown
IFT88,brown
IGF1R,brown
IGF2BP1,brown
IGF2BP3,brown
IL20RA,brown
IMP4,brown
INCENP,brown
INPP4A,brown
INPP5A,brown
INSIG1,brown
INTS8,brown
IPO11,brown
IPO4,brown
IQCH,brown
IRF8,brown
IRX4,brown
IRX5,brown
ISCU,brown
ISL2,brown
ITGB1BP3,brown
ITSN2,brown
JAGN1,brown
JPH4,brown
KAT2A,brown
KBTBD2,brown
KBTBD5,brown
KCNA6,brown
KCNG2,brown
KCNK9,brown
KCNQ5,brown
KCTD1,brown
KDM2A,brown
KDM4D,brown
KHDC1,brown
KHDRBS1,brown
KHDRBS2,brown
KIAA0101,brown
KIAA1409,brown
KIAA1467,brown
KIAA1549,brown
KIF13A,brown
KIF15,brown
KIF24,brown
KIF26A,brown
KLB,brown
KLC4,brown
KLHDC7B,brown
KLHL2,brown
KLHL29,brown
KLHL8,brown
KLK15,brown
KLKBL4,brown
KNDC1,brown
KRTAP3-2,brown
KRTAP5-8,brown
KSR2,brown
L3MBTL4,brown
LACTB2,brown
LAP3,brown
LARP4B,brown
LARP7,brown
LARS2,brown
LASS3,brown
LATS1,brown
LCMT1,brown
LEO1,brown
LIFR,brown
LIME1,brown
LIN54,brown
LIN7C,brown
LIN9,brown
LMF1,brown
LMNB1,brown
LMTK3,brown
LOC100289673,brown
LOC144571,brown
LOC151174,brown
LOC153328,brown
LOC222699,brown
LOC284798,brown
LOC285456,brown
LOC285830,brown
LOC338758,brown
LOC339788,brown
LOC374443,brown
LOC375196,brown
LOC389458,brown
LOC399744,brown
LOC400027,brown
LOC400043,brown
LOC441601,brown
LOC441869,brown
LOC728392,brown
LPCAT1,brown
LPCAT2,brown
LPIN1,brown
LPPR1,brown
LRCH1,brown
LRFN1,brown
LRIT1,brown
LRP5,brown
LRRC20,brown
LRRC47,brown
LRRC6,brown
LRRC8B,brown
LRRC8D,brown
LYPD6B,brown
LYRM5,brown
LYRM7,brown
MACROD1,brown
MAD1L1,brown
MADCAM1,brown
MAEA,brown
MAGI1,brown
MAGI2,brown
MAN1C1,brown
MAP3K1,brown
MAP3K3,brown
MAP3K4,brown
MAP3K8,brown
MAPK13,brown
MAPK8IP3,brown
MAPKAPK5,brown
MARCH1,brown
MARK4,brown
MARVELD3,brown
MAS1L,brown
MATR3,brown
MBNL2,brown
MBOAT2,brown
MBTPS1,brown
MC2R,brown
MCCC1,brown
MCF2L,brown
MDP1,brown
ME2,brown
MED19,brown
MED20,brown
MED23,brown
MED24,brown
MED4,brown
MEGF11,brown
MEI1,brown
MEOX2,brown
METTL9,brown
MFAP3L,brown
MGC45800,brown
MGC87042,brown
MGMT,brown
MGRN1,brown
MGST2,brown
MICALL2,brown
MIPEP,brown
MIR136,brown
MIR202,brown
MIR372,brown
MIR487B,brown
MIR548G,brown
MIR7-3,brown
MIR760,brown
MIRLET7G,brown
MIS12,brown
MITF,brown
MLLT3,brown
MMRN2,brown
MNAT1,brown
MOBKL3,brown
MOBP,brown
MOCS2,brown
MORG1,brown
MORN1,brown
MPP6,brown
MRC2,brown
MRFAP1L1,brown
MRM1,brown
MRPL36,brown
MRPL46,brown
MRPS10,brown
MRPS15,brown
MRPS16,brown
MRPS18A,brown
MRPS24,brown
MRPS30,brown
MS4A7,brown
MSH4,brown
MSL1,brown
MTBP,brown
MTHFD1L,brown
MTMR10,brown
MTMR7,brown
MTO1,brown
MTUS2,brown
MUC1,brown
MUC5B,brown
MYBBP1A,brown
MYBPC2,brown
MYH14,brown
MYLK,brown
MYLK4,brown
MYO10,brown
MYO1D,brown
MYO7A,brown
MYT1L,brown
N4BP2L2,brown
NAA15,brown
NAA16,brown
NAALAD2,brown
NALCN,brown
NARFL,brown
NCAM1,brown
NCBP2,brown
NCOA2,brown
NCOR2,brown
NCRNA00167,brown
NCRNA00171,brown
NDC80,brown
NDRG1,brown
NDUFS6,brown
NEIL1,brown
NEK4,brown
NELL1,brown
NEU1,brown
NEURL1B,brown
NFATC1,brown
NHEDC1,brown
NKAIN1,brown
NLRP14,brown
NLRP2,brown
NMBR,brown
NMI,brown
NNT,brown
NOC3L,brown
NOL4,brown
NOX4,brown
NPR3,brown
NPTX1,brown
NPY2R,brown
NR2C2,brown
NR2E1,brown
NRXN1,brown
NT5C1B,brown
NTNG1,brown
NTRK1,brown
NUBPL,brown
NUDT13,brown
NUPL1,brown
NXN,brown
OCA2,brown
ODZ4,brown
OR10H4,brown
OR12D2,brown
OR1B1,brown
OR52W1,brown
OR8B2,brown
ORAOV1,brown
OSTM1,brown
OTUD7B,brown
OXA1L,brown
OXCT1,brown
OXGR1,brown
OXTR,brown
PALM2,brown
PAM,brown
PAPPA,brown
PAQR4,brown
PAQR8,brown
PAQR9,brown
PARK2,brown
PAX7,brown
PAX8,brown
PC,brown
PCBP4,brown
PCDHA6,brown
PCDHAC1,brown
PCGF3,brown
PCSK6,brown
PDE12,brown
PDE4B,brown
PDE4D,brown
PDGFRA,brown
PDHX,brown
PDIA5,brown
PDLIM4,brown
PEAR1,brown
PELI3,brown
PEX14,brown
PF4,brown
PFAS,brown
PFKP,brown
PGAM1,brown
PGAP2,brown
PGM2L1,brown
PGP,brown
PHKG2,brown
PHLDB2,brown
PIF1,brown
PIGG,brown
PIGN,brown
PIK3CA,brown
PIK3R1,brown
PIP4K2A,brown
PITPNM2,brown
PIWIL2,brown
PKD1,brown
PKNOX2,brown
PKP1,brown
PLAGL1,brown
PLCL2,brown
PLCXD3,brown
PLD3,brown
PLD6,brown
PLEKHG5,brown
PLEKHM3,brown
PML,brown
POLR1B,brown
POLR2A,brown
POLR2B,brown
POLR2K,brown
PON2,brown
PPAN-P2RY11,brown
PPFIA3,brown
PPIL3,brown
PPM1K,brown
PPP1R13L,brown
PPP1R14A,brown
PPP1R3B,brown
PPP2R2B,brown
PPP3CC,brown
PPT2,brown
PQLC2,brown
PRDM1,brown
PRDM14,brown
PRDM16,brown
PRDM8,brown
PRHOXNB,brown
PRIC285,brown
PRKAG2,brown
PRKAG3,brown
PRKCA,brown
PRKCZ,brown
PRKD2,brown
PRKG1,brown
PROM2,brown
PROSAPIP1,brown
PRPF3,brown
PRPF4,brown
PRPH,brown
PRR23A,brown
PRSS21,brown
PSMA8,brown
PSMB6,brown
PSMB8,brown
PSMB9,brown
PSMC3,brown
PSMD5,brown
PSMG4,brown
PTCHD2,brown
PTEN,brown
PTGFRN,brown
PTGS2,brown
PTPN2,brown
PTPRG,brown
PUS7L,brown
PVT1,brown
PXDNL,brown
PXN,brown
PYCR1,brown
RAB1B,brown
RAB2B,brown
RABGAP1L,brown
RAD17,brown
RAD21L1,brown
RAD51,brown
RAG1AP1,brown
RANGAP1,brown
RAPGEF5,brown
RARRES1,brown
RASA1,brown
RASGEF1A,brown
RASGRF1,brown
RASL11B,brown
RASL12,brown
RASSF1,brown
RASSF10,brown
RAX,brown
RBM12B,brown
RBM14,brown
RBM22,brown
RBM23,brown
RBM5,brown
RBM8A,brown
RCL1,brown
RDX,brown
REEP2,brown
RFC4,brown
RFX2,brown
RFXAP,brown
RGS12,brown
RGS22,brown
RGS7,brown
RHBG,brown
RIBC2,brown
RIC8B,brown
RILP,brown
RIMBP2,brown
RING1,brown
RINT1,brown
RIPK1,brown
RNASEH1,brown
RNF122,brown
RNF126,brown
RNF141,brown
RNF150,brown
RNF213,brown
ROBO2,brown
ROCK1,brown
RP1L1,brown
RPH3AL,brown
RPIA,brown
RPL14,brown
RPL23AP53,brown
RPL5,brown
RPP21,brown
RPRD2,brown
RPS10,brown
RPS23,brown
RPS27L,brown
RPS29,brown
RPS6KA2,brown
RPS7,brown
RPTOR,brown
RSBN1,brown
RUFY2,brown
RUNX1,brown
RUNX3,brown
RUSC1,brown
RWDD1,brown
RWDD2B,brown
RXFP3,brown
SACM1L,brown
SALL3,brown
SAV1,brown
SCAPER,brown
SCFD1,brown
SCIN,brown
SCN1B,brown
SCNN1D,brown
SCP2,brown
SDHAF1,brown
SDK1,brown
SEC1,brown
SEC14L1,brown
SEMA3C,brown
SEMA6A,brown
SEMA6C,brown
SEMA6D,brown
SEPHS2,brown
SEPT13,brown
SERF2,brown
SERGEF,brown
SERPINB7,brown
SETBP1,brown
SETD6,brown
SETD8,brown
SFRP2,brown
SFRS1,brown
SFRS8,brown
SFXN4,brown
SH2D4B,brown
SHC1,brown
SHC2,brown
SHISA7,brown
SIAH1,brown
SIAH2,brown
SIAH3,brown
SIGIRR,brown
SIK2,brown
SIRT7,brown
SIVA1,brown
SKAP1,brown
SLAMF8,brown
SLC12A7,brown
SLC25A1,brown
SLC25A27,brown
SLC25A44,brown
SLC26A10,brown
SLC26A11,brown
SLC28A1,brown
SLC29A1,brown
SLC2A9,brown
SLC30A1,brown
SLC33A1,brown
SLC35F2,brown
SLC35F3,brown
SLC35F5,brown
SLC39A4,brown
SLC39A7,brown
SLC43A2,brown
SLC44A4,brown
SLC46A3,brown
SLC6A1,brown
SLCO2A1,brown
SLIT1,brown
SLITRK1,brown
SLTM,brown
SMARCA5,brown
SMARCAD1,brown
SMARCAL1,brown
SMG7,brown
SMYD2,brown
SMYD3,brown
SNHG5,brown
SNORD116-5,brown
SNORD27,brown
SNRPA1,brown
SNRPE,brown
SNTB1,brown
SNX20,brown
SNX24,brown
SNX27,brown
SNX4,brown
SOHLH1,brown
SORCS1,brown
SORD,brown
SPINK7,brown
SPIRE1,brown
SRCIN1,brown
SRP14,brown
SRP68,brown
SRP9,brown
SRR,brown
SRRM2,brown
SRRM4,brown
SSTR4,brown
ST3GAL1,brown
ST8SIA1,brown
ST8SIA5,brown
STAC,brown
STAG3,brown
STARD3,brown
STARD4,brown
STAU2,brown
STEAP3,brown
STXBP5,brown
SV2B,brown
SYCP1,brown
SYT14,brown
TAF13,brown
TAF1C,brown
TAPBP,brown
TAPBPL,brown
TAT,brown
TBC1D14,brown
TBC1D19,brown
TBC1D2B,brown
TBC1D9,brown
TBCD,brown
TBCK,brown
TBX1,brown
TBXA2R,brown
TCEB1,brown
TCF12,brown
TCF19,brown
TCF25,brown
TCF7L2,brown
TCTN1,brown
TDH,brown
TDP1,brown
TESC,brown
TFAP2A,brown
TGDS,brown
TH,brown
THADA,brown
THBS1,brown
THBS2,brown
THG1L,brown
THOP1,brown
THSD4,brown
THSD7A,brown
TIAM2,brown
TIMELESS,brown
TIMP2,brown
TJAP1,brown
TJP2,brown
TLK1,brown
TLL1,brown
TMC6,brown
TMC7,brown
TMED4,brown
TMED7-TICAM2,brown
TMEM109,brown
TMEM110,brown
TMEM111,brown
TMEM128,brown
TMEM132C,brown
TMEM150B,brown
TMEM151B,brown
TMEM163,brown
TMEM175,brown
TMEM181,brown
TMEM216,brown
TMEM223,brown
TMEM87B,brown
TMF1,brown
TNN,brown
TNPO1,brown
TNXB,brown
TOMM5,brown
TOP1P2,brown
TP73,brown
TRA2A,brown
TRAIP,brown
TRAK1,brown
TRIM26,brown
TRIM29,brown
TRIM35,brown
TRIM38,brown
TRIM4,brown
TRMT12,brown
TRNP1,brown
TRPC3,brown
TRPM1,brown
TRPV3,brown
TRPV6,brown
TSC2,brown
TSHZ3,brown
TSKS,brown
TSPAN12,brown
TSPAN14,brown
TSSC1,brown
TTBK2,brown
TTC22,brown
TTLL10,brown
TTLL12,brown
TUBA1C,brown
TUBGCP3,brown
U2AF1L4,brown
UBA3,brown
UBA5,brown
UBE2U,brown
UBN1,brown
UBXN4,brown
UBXN6,brown
UCP2,brown
UFM1,brown
UGGT2,brown
UMOD,brown
UNC84A,brown
UPK3B,brown
USO1,brown
USP29,brown
USP32,brown
USP42,brown
UTP3,brown
VAC14,brown
VANGL1,brown
VAV2,brown
VCP,brown
VDR,brown
VIPR1,brown
VPS33B,brown
VPS52,brown
VPS72,brown
WDR33,brown
WDR46,brown
WDR77,brown
WDR86,brown
WDR88,brown
WDR90,brown
WFS1,brown
WHSC1,brown
WIPI2,brown
WISP1,brown
WIZ,brown
WNK4,brown
WNT9B,brown
WSB1,brown
WWP1,brown
WWP2,brown
XPO6,brown
ZBTB11,brown
ZBTB16,brown
ZBTB4,brown
ZBTB43,brown
ZC3H12D,brown
ZCCHC7,brown
ZDHHC14,brown
ZDHHC16,brown
ZFHX3,brown
ZFP1,brown
ZFP28,brown
ZFP62,brown
ZFP82,brown
ZFYVE26,brown
ZFYVE28,brown
ZFYVE9,brown
ZIM2,brown
ZNF180,brown
ZNF2,brown
ZNF207,brown
ZNF232,brown
ZNF24,brown
ZNF264,brown
ZNF271,brown
ZNF274,brown
ZNF287,brown
ZNF304,brown
ZNF311,brown
ZNF323,brown
ZNF331,brown
ZNF33B,brown
ZNF343,brown
ZNF37B,brown
ZNF395,brown
ZNF418,brown
ZNF423,brown
ZNF425,brown
ZNF443,brown
ZNF492,brown
ZNF502,brown
ZNF509,brown
ZNF510,brown
ZNF530,brown
ZNF557,brown
ZNF558,brown
ZNF560,brown
ZNF562,brown
ZNF57,brown
ZNF653,brown
ZNF667,brown
ZNF684,brown
ZNF695,brown
ZNF696,brown
ZNF787,brown
ZNF828,brown
ZNF837,brown
ZNF84,brown
ZNF879,brown
ZSCAN10,brown
ZSCAN18,brown
ZUFSP,brown
A2BP1,cyan
AAGAB,cyan
AARS,cyan
ABCA7,cyan
ABCB9,cyan
ABCC13,cyan
ABL1,cyan
ABLIM2,cyan
ACAA1,cyan
ACAD9,cyan
ACAP1,cyan
ACAT2,cyan
ACBD5,cyan
ACHE,cyan
ACOT13,cyan
ACOT7,cyan
ACRBP,cyan
ACSF3,cyan
ACTG1,cyan
ACTN1,cyan
ACTR6,cyan
ADAL,cyan
ADAM17,cyan
ADAM8,cyan
ADAMTS16,cyan
ADAMTS17,cyan
ADAMTSL2,cyan
ADAP2,cyan
ADARB2,cyan
ADC,cyan
ADCY5,cyan
ADCY6,cyan
ADPGK,cyan
ADRA1A,cyan
ADRA2A,cyan
ADRA2B,cyan
AFF4,cyan
AGAP1,cyan
AGRN,cyan
AHCYL2,cyan
AHDC1,cyan
AHSG,cyan
AIFM2,cyan
AIG1,cyan
AK1,cyan
AK5,cyan
AK7,cyan
ALDH1A2,cyan
ALDH4A1,cyan
ALG3,cyan
ALMS1,cyan
ALPL,cyan
ALPP,cyan
ALX3,cyan
AMIGO1,cyan
ANAPC1,cyan
ANAPC7,cyan
ANGPTL6,cyan
ANKRD11,cyan
ANKRD13A,cyan
ANKRD2,cyan
ANKRD26P1,cyan
ANKRD30B,cyan
ANKRD33B,cyan
ANKRD34A,cyan
ANKRD35,cyan
ANKRD53,cyan
ANKRD9,cyan
ANKS1B,cyan
ANO1,cyan
ANO7,cyan
ANO9,cyan
ANXA6,cyan
ANXA7,cyan
AOX1,cyan
AP1G1,cyan
AP1M2,cyan
AP2A2,cyan
AP3S2,cyan
APCDD1,cyan
APLP1,cyan
APOA5,cyan
APOB,cyan
APPL2,cyan
APTX,cyan
ARF3,cyan
ARGLU1,cyan
ARHGEF10,cyan
ARHGEF3,cyan
ARHGEF7,cyan
ARMC7,cyan
ARMC9,cyan
ARNT,cyan
ARPC5L,cyan
ARPP19,cyan
ARRDC4,cyan
ASAP1,cyan
ASB7,cyan
ASCL2,cyan
ASNA1,cyan
ATAD1,cyan
ATF6B,cyan
ATG4C,cyan
ATG5,cyan
ATG7,cyan
ATHL1,cyan
ATIC,cyan
ATP11A,cyan
ATP13A1,cyan
ATP2B4,cyan
ATP2C1,cyan
ATP5G2,cyan
ATP6V0A4,cyan
ATP8B1,cyan
ATP9B,cyan
ATXN1,cyan
ATXN7L1,cyan
AURKC,cyan
AVPR1B,cyan
AXIN1,cyan
AZI2,cyan
B3GNT2,cyan
B3GNT7,cyan
B4GALNT3,cyan
B4GALNT4,cyan
B9D2,cyan
BACE1,cyan
BAG2,cyan
BAIAP2,cyan
BAMBI,cyan
BANP,cyan
BAT1,cyan
BAT2,cyan
BAT4,cyan
BAT5,cyan
BBS4,cyan
BBS5,cyan
BEND7,cyan
BEST3,cyan
BHLHE41,cyan
BMP4,cyan
BMP8B,cyan
BNIP3,cyan
BOP1,cyan
BPGM,cyan
BPTF,cyan
BRAF,cyan
BRD2,cyan
BRD8,cyan
BRP44L,cyan
BRUNOL4,cyan
BSG,cyan
BSX,cyan
BTBD11,cyan
BTBD12,cyan
BTBD3,cyan
BUD13,cyan
BZRAP1,cyan
BZW2,cyan
C10ORF11,cyan
C10ORF110,cyan
C10ORF116,cyan
C10ORF26,cyan
C10ORF47,cyan
C10ORF79,cyan
C11ORF1,cyan
C11ORF63,cyan
C11ORF66,cyan
C12ORF41,cyan
C12ORF56,cyan
C12ORF62,cyan
C12ORF72,cyan
C13ORF27,cyan
C13ORF36,cyan
C14ORF106,cyan
C14ORF132,cyan
C14ORF133,cyan
C14ORF135,cyan
C14ORF177,cyan
C14ORF179,cyan
C14ORF34,cyan
C15ORF42,cyan
C15ORF60,cyan
C16ORF67,cyan
C16ORF86,cyan
C17ORF103,cyan
C17ORF104,cyan
C17ORF106,cyan
C17ORF49,cyan
C17ORF51,cyan
C17ORF53,cyan
C17ORF98,cyan
C18ORF22,cyan
C18ORF45,cyan
C19ORF51,cyan
C1ORF109,cyan
C1ORF124,cyan
C1ORF127,cyan
C1ORF14,cyan
C1ORF183,cyan
C1ORF21,cyan
C1ORF223,cyan
C1ORF59,cyan
C1ORF96,cyan
C1QL1,cyan
C1RL,cyan
C20ORF111,cyan
C21ORF67,cyan
C2ORF28,cyan
C2ORF3,cyan
C2ORF55,cyan
C2ORF65,cyan
C2ORF74,cyan
C2ORF84,cyan
C3ORF31,cyan
C4ORF33,cyan
C4ORF44,cyan
C4ORF46,cyan
C5ORF35,cyan
C5ORF54,cyan
C6ORF103,cyan
C6ORF108,cyan
C6ORF134,cyan
C6ORF145,cyan
C6ORF147,cyan
C6ORF226,cyan
C6ORF35,cyan
C6ORF57,cyan
C7ORF13,cyan
C7ORF47,cyan
C7ORF63,cyan
C8ORF45,cyan
C8ORF74,cyan
C9ORF142,cyan
C9ORF163,cyan
C9ORF170,cyan
C9ORF41,cyan
C9ORF64,cyan
C9ORF66,cyan
CABP2,cyan
CABYR,cyan
CACNA1A,cyan
CACNA1G,cyan
CACNA2D1,cyan
CALB2,cyan
CALN1,cyan
CAMK2N1,cyan
CAPN5,cyan
CAPN8,cyan
CAPRIN2,cyan
CARKD,cyan
CARS2,cyan
CARTPT,cyan
CBFA2T3,cyan
CBL,cyan
CBLL1,cyan
CCDC13,cyan
CCDC155,cyan
CCDC40,cyan
CCDC52,cyan
CCDC77,cyan
CCDC85B,cyan
CCDC96,cyan
CCK,cyan
CCKBR,cyan
CCL28,cyan
CCND2,cyan
CCND3,cyan
CCNF,cyan
CCNJ,cyan
CCR4,cyan
CCR6,cyan
CCR7,cyan
CD19,cyan
CD34,cyan
CD3EAP,cyan
CD53,cyan
CD6,cyan
CDC123,cyan
CDC42BPB,cyan
CDC6,cyan
CDGAP,cyan
CDH13,cyan
CDH20,cyan
CDH5,cyan
CDKN2D,cyan
CDO1,cyan
CDON,cyan
CDT1,cyan
CEBPG,cyan
CELSR1,cyan
CELSR3,cyan
CEMP1,cyan
CEND1,cyan
CENPF,cyan
CENPV,cyan
CEP192,cyan
CFL1,cyan
CFLAR,cyan
CHCHD10,cyan
CHCHD5,cyan
CHCHD6,cyan
CHD5,cyan
CHMP1B,cyan
CHMP4A,cyan
CHP,cyan
CHRM2,cyan
CHST8,cyan
CIC,cyan
CIDEC,cyan
CILP2,cyan
CKAP5,cyan
CLDN10,cyan
CLDND1,cyan
CLIP2,cyan
CLIP4,cyan
CLSTN3,cyan
CLTC,cyan
CMC1,cyan
CMTM5,cyan
CNGA3,cyan
CNIH4,cyan
CNNM1,cyan
CNNM4,cyan
CNOT8,cyan
CNTD2,cyan
CNTN1,cyan
CNTNAP2,cyan
COBL,cyan
COCH,cyan
COG7,cyan
COL12A1,cyan
COL1A1,cyan
COL23A1,cyan
COL5A1,cyan
COL6A1,cyan
COL6A3,cyan
COLEC11,cyan
COPS7B,cyan
COQ7,cyan
CORIN,cyan
CORO7,cyan
COX16,cyan
COX19,cyan
COX4NB,cyan
COX5A,cyan
COX6B1,cyan
COX7A2L,cyan
CPAMD8,cyan
CPNE7,cyan
CPPED1,cyan
CPSF4,cyan
CPT1A,cyan
CPT1C,cyan
CRADD,cyan
CRCT1,cyan
CREB3L4,cyan
CRIP2,cyan
CRMP1,cyan
CRYAB,cyan
CRYBG3,cyan
CS,cyan
CSGALNACT2,cyan
CSMD1,cyan
CSNK1D,cyan
CSNK1G3,cyan
CTAGE5,cyan
CTBP1,cyan
CTBP2,cyan
CTDP1,cyan
CTDSP2,cyan
CTNND2,cyan
CTSB,cyan
CTSD,cyan
CTU1,cyan
CUGBP2,cyan
CUX1,cyan
CUX2,cyan
CXCR7,cyan
CYB5D1,cyan
CYP11A1,cyan
CYP1A1,cyan
CYP27C1,cyan
CYP2A7,cyan
CYP2E1,cyan
D2HGDH,cyan
DAB1,cyan
DAB2IP,cyan
DACH1,cyan
DACT3,cyan
DAGLB,cyan
DAPK2,cyan
DAPL1,cyan
DAZAP1,cyan
DBNDD2,cyan
DBNL,cyan
DBT,cyan
DBX2,cyan
DCAF4L2,cyan
DCAF5,cyan
DCC,cyan
DCLK2,cyan
DCLRE1B,cyan
DCUN1D1,cyan
DCUN1D4,cyan
DCUN1D5,cyan
DDAH2,cyan
DDR1,cyan
DDX28,cyan
DDX42,cyan
DDX43,cyan
DDX56,cyan
DDX6,cyan
DDX60L,cyan
DENND4B,cyan
DENR,cyan
DEPDC1B,cyan
DERA,cyan
DFFA,cyan
DHDDS,cyan
DHX15,cyan
DHX16,cyan
DHX40,cyan
DIO3,cyan
DIP2B,cyan
DIP2C,cyan
DIRC3,cyan
DIS3L,cyan
DIS3L2,cyan
DKFZP434H168,cyan
DKFZP686A1627,cyan
DLGAP2,cyan
DLL1,cyan
DLX3,cyan
DNAH14,cyan
DNAH17,cyan
DNAH6,cyan
DNAH9,cyan
DNAJB11,cyan
DNAJB12,cyan
DNAJB5,cyan
DNAJB6,cyan
DNAJC15,cyan
DNAJC8,cyan
DNASE2,cyan
DOC2B,cyan
DOCK1,cyan
DOHH,cyan
DPF1,cyan
DPF3,cyan
DPP6,cyan
DPPA3,cyan
DPPA5,cyan
DR1,cyan
DSEL,cyan
DUSP1,cyan
DUSP10,cyan
DUSP14,cyan
DUSP4,cyan
DYNC1H1,cyan
DYRK2,cyan
DZIP1,cyan
DZIP1L,cyan
EBF3,cyan
ECE1,cyan
ECE2,cyan
EDEM1,cyan
EDNRB,cyan
EEPD1,cyan
EFNA3,cyan
EGFL8,cyan
EGLN3,cyan
EHBP1,cyan
EHMT2,cyan
EIF4E,cyan
EIF5A,cyan
ELMO1,cyan
ELMOD2,cyan
ELP2P,cyan
EML1,cyan
ENPP4,cyan
EP400NL,cyan
EPB41L4A,cyan
EPS8L1,cyan
EPSTI1,cyan
ERCC1,cyan
ERI1,cyan
ERI3,cyan
ERICH1,cyan
ERP29,cyan
ESPNL,cyan
ESYT3,cyan
ETFA,cyan
EVI5L,cyan
EVL,cyan
EXOC3,cyan
EXOC6B,cyan
EXOC7,cyan
EXOG,cyan
EXT1,cyan
F11,cyan
FAF1,cyan
FAH,cyan
FAHD1,cyan
FAM101A,cyan
FAM101B,cyan
FAM104A,cyan
FAM116A,cyan
FAM118A,cyan
FAM134A,cyan
FAM13C,cyan
FAM149A,cyan
FAM163A,cyan
FAM168A,cyan
FAM170A,cyan
FAM190A,cyan
FAM24B,cyan
FAM35A,cyan
FAM50B,cyan
FAM53A,cyan
FAM5B,cyan
FAM69A,cyan
FAM71B,cyan
FAM71E1,cyan
FAM83A,cyan
FAT1,cyan
FAT2,cyan
FBLN7,cyan
FBN1,cyan
FBRSL1,cyan
FBXL12,cyan
FBXL14,cyan
FBXL19,cyan
FBXO11,cyan
FBXO15,cyan
FBXO21,cyan
FBXO22,cyan
FBXO4,cyan
FBXO47,cyan
FBXO7,cyan
FBXW8,cyan
FDPS,cyan
FDXACB1,cyan
FEN1,cyan
FERMT2,cyan
FEZ2,cyan
FGD6,cyan
FGF10,cyan
FGF5,cyan
FGF8,cyan
FICD,cyan
FKBP11,cyan
FKBP1B,cyan
FKBP7,cyan
FLJ10357,cyan
FLJ23834,cyan
FLJ43663,cyan
FLOT1,cyan
FLRT1,cyan
FLT3LG,cyan
FMNL3,cyan
FMO9P,cyan
FNDC3B,cyan
FNTB,cyan
FOXK1,cyan
FOXRED2,cyan
FRAS1,cyan
FRAT1,cyan
FREQ,cyan
FSTL3,cyan
FSTL4,cyan
FUCA1,cyan
FURIN,cyan
FYCO1,cyan
GABARAP,cyan
GABARAPL1,cyan
GABPB1,cyan
GABRG2,cyan
GADD45GIP1,cyan
GAL,cyan
GALK1,cyan
GALNT10,cyan
GALNT13,cyan
GALNT3,cyan
GALNT9,cyan
GALNTL2,cyan
GALNTL4,cyan
GALR1,cyan
GAPDHS,cyan
GARS,cyan
GAS5,cyan
GBA,cyan
GCET2,cyan
GCLC,cyan
GCSH,cyan
GEMIN7,cyan
GFRA1,cyan
GGA2,cyan
GGCT,cyan
GGPS1,cyan
GHR,cyan
GIPC1,cyan
GJA3,cyan
GJB7,cyan
GLB1L,cyan
GLI2,cyan
GLI3,cyan
GLIS3,cyan
GLRA1,cyan
GLRX2,cyan
GLT1D1,cyan
GLYR1,cyan
GM2A,cyan
GMNN,cyan
GMPR,cyan
GNA12,cyan
GNAI1,cyan
GNAI3,cyan
GNAS,cyan
GNB1,cyan
GNG12,cyan
GNG13,cyan
GNG2,cyan
GNMT,cyan
GNPTG,cyan
GOLGB1,cyan
GOSR1,cyan
GP6,cyan
GPC1,cyan
GPD1,cyan
GPHN,cyan
GPR12,cyan
GPR120,cyan
GPR133,cyan
GPR137,cyan
GPR137B,cyan
GPR144,cyan
GPR155,cyan
GPR157,cyan
GPR3,cyan
GPR39,cyan
GPR98,cyan
GPRC5B,cyan
GPRC5C,cyan
GPT,cyan
GRAMD1B,cyan
GRAMD1C,cyan
GRB2,cyan
GREM2,cyan
GRIN2A,cyan
GRIN2C,cyan
GRIN3B,cyan
GRK4,cyan
GRK7,cyan
GRM4,cyan
GRM6,cyan
GRRP1,cyan
GRWD1,cyan
GSG1L,cyan
GSTA4,cyan
GSTO2,cyan
GTF2H4,cyan
GTPBP1,cyan
GUK1,cyan
H2AFX,cyan
HACL1,cyan
HADH,cyan
HAP1,cyan
HAPLN4,cyan
HAS3,cyan
HBXIP,cyan
HCCA2,cyan
HCFC2,cyan
HCG9,cyan
HCN1,cyan
HCRTR2,cyan
HDAC4,cyan
HDLBP,cyan
HEATR2,cyan
HECTD3,cyan
HFE,cyan
HFM1,cyan
HIBADH,cyan
HINFP,cyan
HINT3,cyan
HIP1,cyan
HIPK4,cyan
HIST1H1D,cyan
HIST1H2BN,cyan
HIST1H4B,cyan
HIST2H2AC,cyan
HK1,cyan
HLA-C,cyan
HLA-DPA1,cyan
HLA-DRA,cyan
HLF,cyan
HLTF,cyan
HMGCLL1,cyan
HMGXB3,cyan
HMOX2,cyan
HNRNPC,cyan
HNRNPH1,cyan
HNRPA1L-2,cyan
HOMER1,cyan
HOMEZ,cyan
HOXB13,cyan
HOXB4,cyan
HOXB7,cyan
HOXC13,cyan
HOXC4,cyan
HOXD1,cyan
HPCA,cyan
HPS3,cyan
HPSE,cyan
HRH1,cyan
HRNBP3,cyan
HS3ST3A1,cyan
HS6ST1,cyan
HSDL1,cyan
HSP90AA1,cyan
HSP90AB1,cyan
HSPA2,cyan
HSPA4,cyan
HSPB1,cyan
HSPC157,cyan
HSPG2,cyan
HTR1B,cyan
HTR1E,cyan
HTR2A,cyan
HTR7P,cyan
HUS1B,cyan
HYAL3,cyan
HYDIN,cyan
HYI,cyan
HYLS1,cyan
IAH1,cyan
ICAM5,cyan
ICMT,cyan
ICT1,cyan
IDH3A,cyan
IDI1,cyan
IER3,cyan
IFIH1,cyan
IFT81,cyan
IGF1R,cyan
IGF2,cyan
IGF2R,cyan
IGSF8,cyan
IKZF3,cyan
IL15,cyan
IL16,cyan
IL1F6,cyan
IL21R,cyan
IL3,cyan
ILF3,cyan
IMMT,cyan
IMPA1,cyan
IMPA2,cyan
IMPG1,cyan
ING5,cyan
INO80B,cyan
INPP4B,cyan
INPP5A,cyan
INPPL1,cyan
INSL3,cyan
INSR,cyan
INTS1,cyan
INTS6,cyan
INTU,cyan
IPCEF1,cyan
IPMK,cyan
IPO4,cyan
IQCA1,cyan
IRAK4,cyan
IRF2BP1,cyan
ISLR2,cyan
ITFG2,cyan
ITFG3,cyan
ITGA2,cyan
ITGAE,cyan
IYD,cyan
IZUMO1,cyan
JAKMIP3,cyan
JRKL,cyan
KBTBD11,cyan
KCNA4,cyan
KCNAB2,cyan
KCNJ14,cyan
KCNMA1,cyan
KCNQ1,cyan
KCNQ4,cyan
KCTD18,cyan
KDELC2,cyan
KDM2B,cyan
KDM4B,cyan
KIAA0226,cyan
KIAA0319,cyan
KIAA0562,cyan
KIAA0652,cyan
KIAA0664,cyan
KIAA0947,cyan
KIAA1026,cyan
KIAA1199,cyan
KIAA1310,cyan
KIAA1409,cyan
KIAA1462,cyan
KIAA1529,cyan
KIAA1530,cyan
KIAA1614,cyan
KIAA1688,cyan
KIAA1751,cyan
KIAA1919,cyan
KIAA1967,cyan
KIAA2026,cyan
KIF11,cyan
KIF25,cyan
KIF26A,cyan
KIFC1,cyan
KISS1,cyan
KLF6,cyan
KLHDC10,cyan
KLHL35,cyan
KLK9,cyan
KPNA2,cyan
KRAS,cyan
KRBA1,cyan
KRT18,cyan
KRT27,cyan
KRT40,cyan
KRT72,cyan
KTN1,cyan
LAMB2,cyan
LARP4,cyan
LARS,cyan
LASS3,cyan
LATS1,cyan
LCK,cyan
LDHAL6A,cyan
LECT1,cyan
LEMD3,cyan
LETMD1,cyan
LGALS3,cyan
LGI4,cyan
LGR4,cyan
LHFPL2,cyan
LHX5,cyan
LIFR,cyan
LINGO1,cyan
LITAF,cyan
LIX1L,cyan
LMAN2L,cyan
LMF1,cyan
LMNB1,cyan
LMO1,cyan
LMO4,cyan
LMTK2,cyan
LMX1A,cyan
LMX1B,cyan
LOC100128640,cyan
LOC100128788,cyan
LOC100129637,cyan
LOC100130522,cyan
LOC100130691,cyan
LOC100133669,cyan
LOC100169752,cyan
LOC100270746,cyan
LOC100306951,cyan
LOC145663,cyan
LOC221710,cyan
LOC283731,cyan
LOC285627,cyan
LOC387647,cyan
LOC389332,cyan
LOC399815,cyan
LOC441046,cyan
LOC441666,cyan
LOC644145,cyan
LOC645323,cyan
LOC728392,cyan
LOC729991-MEF2B,cyan
LOC91149,cyan
LOC93622,cyan
LOR,cyan
LPCAT1,cyan
LPIN1,cyan
LRIG3,cyan
LRP11,cyan
LRP5,cyan
LRRC16A,cyan
LRRC2,cyan
LRRC27,cyan
LRRC42,cyan
LRRC47,cyan
LRRC6,cyan
LRRFIP1,cyan
LRRN2,cyan
LSM5,cyan
LTBP3,cyan
LUC7L2,cyan
LVRN,cyan
LYPD5,cyan
LYPLAL1,cyan
MACROD1,cyan
MACROD2,cyan
MAD1L1,cyan
MAD2L1BP,cyan
MAD2L2,cyan
MADCAM1,cyan
MAEA,cyan
MAGI1,cyan
MAGMAS,cyan
MAGOH,cyan
MAGOHB,cyan
MAK16,cyan
MAP2K6,cyan
MAP3K10,cyan
MAP3K5,cyan
MAP3K6,cyan
MAP3K7,cyan
MAP4,cyan
MAPRE2,cyan
MAPT,cyan
MAST4,cyan
MAX,cyan
MBL2,cyan
MBP,cyan
MBTPS1,cyan
MC5R,cyan
MCF2L,cyan
MCM10,cyan
MCTP1,cyan
MDGA1,cyan
MDGA2,cyan
MEA1,cyan
MED10,cyan
MED19,cyan
MEGF6,cyan
MESDC1,cyan
METTL11A,cyan
MEX3C,cyan
MFAP1,cyan
MFAP5,cyan
MFSD4,cyan
MFSD8,cyan
MGAT1,cyan
MGMT,cyan
MGRN1,cyan
MIB2,cyan
MIER2,cyan
MIER3,cyan
MIR1205,cyan
MIR1826,cyan
MIR190,cyan
MIR206,cyan
MIR210,cyan
MIR331,cyan
MIR411,cyan
MIR548H4,cyan
MIR708,cyan
MKLN1,cyan
MKRN1,cyan
MKRN2,cyan
MKX,cyan
MLF1IP,cyan
MLL,cyan
MLL2,cyan
MLLT10,cyan
MLN,cyan
MMP17,cyan
MMP28,cyan
MNS1,cyan
MOCOS,cyan
MON1B,cyan
MON2,cyan
MOSC2,cyan
MOSPD3,cyan
MOV10L1,cyan
MPZL3,cyan
MRC2,cyan
MRFAP1L1,cyan
MRI1,cyan
MRPL15,cyan
MRPL23,cyan
MRPL46,cyan
MRPL50,cyan
MRPS11,cyan
MRPS18A,cyan
MRPS18B,cyan
MRTO4,cyan
MSH3,cyan
MSH5,cyan
MSL3L2,cyan
MSRB2,cyan
MST1R,cyan
MT1G,cyan
MTCH1,cyan
MTHFSD,cyan
MTMR12,cyan
MTMR15,cyan
MTMR7,cyan
MTMR9,cyan
MTOR,cyan
MTPAP,cyan
MTR,cyan
MUC6,cyan
MUM1,cyan
MUPCDH,cyan
MVD,cyan
MXI1,cyan
MYBBP1A,cyan
MYC,cyan
MYCBPAP,cyan
MYCL1,cyan
MYEOV2,cyan
MYH14,cyan
MYH7B,cyan
MYO15B,cyan
MYO1G,cyan
MYO5C,cyan
MYOF,cyan
MYPOP,cyan
MYST2,cyan
N4BP1,cyan
NAB2,cyan
NACAD,cyan
NAP1L4,cyan
NAPRT1,cyan
NCOA4,cyan
NCOA7,cyan
NCOR1,cyan
NCRNA00028,cyan
NCRNA00171,cyan
NCRNA00188,cyan
NDC80,cyan
NDE1,cyan
NDNL2,cyan
NDRG4,cyan
NDUFA12,cyan
NDUFA9,cyan
NDUFB4,cyan
NDUFS5,cyan
NDUFV2,cyan
NECAB2,cyan
NEDD9,cyan
NEFH,cyan
NELL1,cyan
NEU1,cyan
NEURL3,cyan
NF1,cyan
NFATC1,cyan
NFIX,cyan
NGDN,cyan
NHEDC1,cyan
NHEG1,cyan
NHLRC1,cyan
NICN1,cyan
NIPA2,cyan
NISCH,cyan
NKAPL,cyan
NLRC3,cyan
NMT1,cyan
NMT2,cyan
NOC2L,cyan
NOP16,cyan
NOS1,cyan
NOTCH4,cyan
NOTUM,cyan
NPAS1,cyan
NPAS3,cyan
NPBWR1,cyan
NPHP4,cyan
NPLOC4,cyan
NR1H3,cyan
NR2E1,cyan
NR2E3,cyan
NR2F2,cyan
NR5A2,cyan
NRBP1,cyan
NRD1,cyan
NSA2,cyan
NSMAF,cyan
NSMCE2,cyan
NT5C1A,cyan
NTM,cyan
NTRK2,cyan
NUAK1,cyan
NUBPL,cyan
NUDCD2,cyan
NUDT1,cyan
NUDT7,cyan
NUMBL,cyan
NUPL1,cyan
NXF1,cyan
NXN,cyan
NXPH4,cyan
NYNRIN,cyan
OASL,cyan
OAZ3,cyan
OBFC2B,cyan
OBSCN,cyan
OBSL1,cyan
ODZ3,cyan
OLFM3,cyan
OPA1,cyan
OPA3,cyan
OR14A16,cyan
OR1Q1,cyan
OR2C3,cyan
OR51A2,cyan
OR6K2,cyan
ORC5L,cyan
OSBPL10,cyan
OSBPL1A,cyan
OSBPL5,cyan
OSCP1,cyan
OTOP2,cyan
OTUD6B,cyan
OXCT1,cyan
OXT,cyan
P2RX1,cyan
P2RX2,cyan
P2RY1,cyan
P4HA1,cyan
PACRG,cyan
PADI6,cyan
PAK6,cyan
PALM,cyan
PAPOLG,cyan
PAQR3,cyan
PAQR4,cyan
PAQR8,cyan
PAQR9,cyan
PARD3B,cyan
PARD6G,cyan
PARK7,cyan
PCBP1,cyan
PCDH15,cyan
PCGF3,cyan
PCMTD1,cyan
PCSK4,cyan
PCSK9,cyan
PCYT2,cyan
PDCD7,cyan
PDCL3,cyan
PDE1B,cyan
PDE1C,cyan
PDE3A,cyan
PDE4A,cyan
PDE4B,cyan
PDE6B,cyan
PDGFA,cyan
PDGFRA,cyan
PDGFRL,cyan
PDLIM3,cyan
PDP1,cyan
PDPN,cyan
PDZRN3,cyan
PERP,cyan
PFKFB3,cyan
PFKFB4,cyan
PFKP,cyan
PGAM1,cyan
PGCP,cyan
PGLYRP1,cyan
PGPEP1,cyan
PGS1,cyan
PHLDB3,cyan
PHLPP1,cyan
PHTF2,cyan
PIGG,cyan
PIGN,cyan
PIK3R2,cyan
PIN1,cyan
PINX1,cyan
PITPNM2,cyan
PITX3,cyan
PIWIL2,cyan
PKNOX2,cyan
PLA2G4F,cyan
PLCXD3,cyan
PLD6,cyan
PLEC1,cyan
PLEKHG5,cyan
PLEKHH2,cyan
PLEKHM2,cyan
PLIN3,cyan
PLRG1,cyan
PLSCR4,cyan
PLXNA4,cyan
PNKD,cyan
PNMAL1,cyan
PNMAL2,cyan
PNPLA1,cyan
PNPLA6,cyan
PODNL1,cyan
POFUT2,cyan
POLD1,cyan
POLD2,cyan
POLR3G,cyan
POLR3GL,cyan
POMC,cyan
POMT1,cyan
PON1,cyan
PON3,cyan
POPDC3,cyan
POU6F2,cyan
PPAP2C,cyan
PPCS,cyan
PPFIA3,cyan
PPFIA4,cyan
PPID,cyan
PPP1CB,cyan
PPP1R11,cyan
PPP1R13L,cyan
PPP2CB,cyan
PPP2R5A,cyan
PPP4C,cyan
PPT1,cyan
PPT2,cyan
PRDM12,cyan
PRDM14,cyan
PRDM16,cyan
PRDM8,cyan
PRDM9,cyan
PRDX1,cyan
PRIM1,cyan
PRKAR1B,cyan
PRKAR2B,cyan
PRKCZ,cyan
PRKG1,cyan
PRPF31,cyan
PRR15,cyan
PRR23B,cyan
PRR24,cyan
PRR5L,cyan
PRRG2,cyan
PSD,cyan
PSD3,cyan
PSKH1,cyan
PSMA6,cyan
PSMA8,cyan
PSMB9,cyan
PSMC1,cyan
PSMD12,cyan
PSMD4,cyan
PSMD7,cyan
PSME2,cyan
PSMG1,cyan
PSPC1,cyan
PSPH,cyan
PSPN,cyan
PSTPIP2,cyan
PTCHD2,cyan
PTCHD3,cyan
PTK7,cyan
PTOV1,cyan
PTPN11,cyan
PTPN13,cyan
PTPN21,cyan
PTPN23,cyan
PTPN5,cyan
PTPN7,cyan
PTPRK,cyan
PTPRN2,cyan
PTPRR,cyan
PUS1,cyan
PUS7L,cyan
PVRL2,cyan
PXDNL,cyan
PYGL,cyan
PYROXD1,cyan
QDPR,cyan
RAB11FIP3,cyan
RAB33B,cyan
RAB35,cyan
RAB3B,cyan
RAB4A,cyan
RAB5B,cyan
RABGGTA,cyan
RAD1,cyan
RAD18,cyan
RAD51L1,cyan
RAD54B,cyan
RAD54L,cyan
RADIL,cyan
RAMP3,cyan
RANGAP1,cyan
RAPGEF3,cyan
RASA3,cyan
RASGRF1,cyan
RASGRF2,cyan
RASIP1,cyan
RASSF1,cyan
RASSF7,cyan
RB1,cyan
RBBP8,cyan
RBM33,cyan
RBM46,cyan
RBM6,cyan
RBMXL2,cyan
RBP1,cyan
RBP4,cyan
RBPMS,cyan
RCC2,cyan
RCN1,cyan
RDH13,cyan
REEP6,cyan
RELL1,cyan
RERE,cyan
RETNLB,cyan
RFWD3,cyan
RFX1,cyan
RFX4,cyan
RG9MTD1,cyan
RGL2,cyan
RGL3,cyan
RGMA,cyan
RGP1,cyan
RGS1,cyan
RGS6,cyan
RHBDD2,cyan
RHEB,cyan
RIBC2,cyan
RICH2,cyan
RIMBP2,cyan
RNASEK,cyan
RNASEN,cyan
RND3,cyan
RNF112,cyan
RNF130,cyan
RNF207,cyan
RNF216L,cyan
RNF220,cyan
RNF26,cyan
RNF39,cyan
RNF40,cyan
RNFT2,cyan
RNH1,cyan
ROBO2,cyan
RPAIN,cyan
RPAP1,cyan
RPL23,cyan
RPL27A,cyan
RPL31,cyan
RPL32,cyan
RPL38,cyan
RPL8,cyan
RPLP1,cyan
RPS13,cyan
RPS15A,cyan
RPS25,cyan
RPS27A,cyan
RPS6KA2,cyan
RPTOR,cyan
RRP1,cyan
RSAD1,cyan
RSU1,cyan
RTKN2,cyan
RTL1,cyan
RTN1,cyan
RUFY1,cyan
RUSC2,cyan
SAFB,cyan
SALL1,cyan
SAMD14,cyan
SAMD5,cyan
SCAMP2,cyan
SCAND2,cyan
SCAND3,cyan
SCARB2,cyan
SCARNA16,cyan
SCN5A,cyan
SCN8A,cyan
SCOC,cyan
SCRIB,cyan
SCUBE2,cyan
SDC2,cyan
SDHAF1,cyan
SDK1,cyan
SEC1,cyan
SEC22B,cyan
SELK,cyan
SEMA5A,cyan
SENP7,cyan
SEPN1,cyan
SEPSECS,cyan
SEPT1,cyan
SERPINA12,cyan
SERPINB6,cyan
SET,cyan
SETBP1,cyan
SETD1B,cyan
SETD5,cyan
SETD7,cyan
SETDB1,cyan
SFPQ,cyan
SFRP1,cyan
SFRS1,cyan
SFRS2IP,cyan
SFRS5,cyan
SGCE,cyan
SGK196,cyan
SGOL2,cyan
SH3BP5,cyan
SHC4,cyan
SHCBP1,cyan
SIDT2,cyan
SIGLEC15,cyan
SIK2,cyan
SIN3A,cyan
SIVA1,cyan
SIX4,cyan
SKP2,cyan
SLC10A7,cyan
SLC12A4,cyan
SLC12A8,cyan
SLC13A4,cyan
SLC16A12,cyan
SLC1A5,cyan
SLC22A11,cyan
SLC22A13,cyan
SLC22A16,cyan
SLC25A18,cyan
SLC25A26,cyan
SLC25A3,cyan
SLC25A33,cyan
SLC25A35,cyan
SLC25A38,cyan
SLC26A1,cyan
SLC27A6,cyan
SLC28A2,cyan
SLC2A13,cyan
SLC30A7,cyan
SLC35D1,cyan
SLC35E3,cyan
SLC35F3,cyan
SLC38A10,cyan
SLC38A4,cyan
SLC39A1,cyan
SLC40A1,cyan
SLC47A1,cyan
SLC4A1,cyan
SLC4A2,cyan
SLC5A10,cyan
SLC6A1,cyan
SLC6A6,cyan
SLC7A7,cyan
SLC8A3,cyan
SLC9A11,cyan
SLC9A3R1,cyan
SLCO5A1,cyan
SLIT2,cyan
SLITRK1,cyan
SMAD3,cyan
SMAP1,cyan
SMARCA2,cyan
SMARCC2,cyan
SMARCD2,cyan
SMNDC1,cyan
SMOC2,cyan
SMPDL3A,cyan
SNAR-F,cyan
SNED1,cyan
SNF8,cyan
SNHG3-RCC1,cyan
SNHG4,cyan
SNIP1,cyan
SNORA24,cyan
SNORA26,cyan
SNORD15A,cyan
SNORD1C,cyan
SNORD2,cyan
SNORD47,cyan
SNORD55,cyan
SNORD84,cyan
SNTG2,cyan
SNTN,cyan
SNW1,cyan
SNX11,cyan
SNX27,cyan
SOAT2,cyan
SORCS2,cyan
SOX2OT,cyan
SOX5,cyan
SOX9,cyan
SP3,cyan
SPACA1,cyan
SPAG4,cyan
SPAG5,cyan
SPATA13,cyan
SPG7,cyan
SPHK1,cyan
SPHKAP,cyan
SPIB,cyan
SPN,cyan
SPOCK3,cyan
SPSB4,cyan
SPTY2D1,cyan
SRBD1,cyan
SRCIN1,cyan
SRD5A2,cyan
SRGAP3,cyan
SRL,cyan
SRRM2,cyan
SRRM4,cyan
SS18,cyan
SSPO,cyan
ST14,cyan
ST18,cyan
ST5,cyan
ST6GAL1,cyan
ST6GALNAC2,cyan
ST6GALNAC5,cyan
ST8SIA4,cyan
STAC,cyan
STAT3,cyan
STEAP2,cyan
STIM2,cyan
STIP1,cyan
STK32C,cyan
STK38L,cyan
STMN1,cyan
STOX1,cyan
STOX2,cyan
STT3A,cyan
STX11,cyan
STX18,cyan
SUGT1L1,cyan
SULT1A1,cyan
SUNC1,cyan
SUPV3L1,cyan
SUSD4,cyan
SYDE2,cyan
SYNGAP1,cyan
SYPL1,cyan
SYT10,cyan
SYT6,cyan
T,cyan
TACR1,cyan
TACR2,cyan
TAF15,cyan
TAF3,cyan
TAOK3,cyan
TAP1,cyan
TAP2,cyan
TAPBPL,cyan
TAS1R1,cyan
TBC1D15,cyan
TBC1D16,cyan
TBCD,cyan
TBKBP1,cyan
TBP,cyan
TBPL1,cyan
TBRG1,cyan
TBX3,cyan
TBX6,cyan
TC2N,cyan
TCEA1,cyan
TCEA3,cyan
TCERG1L,cyan
TCF19,cyan
TCF21,cyan
TCF23,cyan
TCF3,cyan
TCF7L2,cyan
TCOF1,cyan
TCP1,cyan
TCTE3,cyan
TDH,cyan
TDP1,cyan
TDRD5,cyan
TEAD1,cyan
TEC,cyan
TECPR2,cyan
TECR,cyan
TEKT4,cyan
TELO2,cyan
TENC1,cyan
TET1,cyan
TEX14,cyan
TEX2,cyan
TFAP2A,cyan
TFG,cyan
TGFB1I1,cyan
THAP1,cyan
THRAP3,cyan
THUMPD1,cyan
THUMPD2,cyan
THUMPD3,cyan
TIAM1,cyan
TIFAB,cyan
TIGD1,cyan
TIGD7,cyan
TLE2,cyan
TLL1,cyan
TLR4,cyan
TMC4,cyan
TMC8,cyan
TMEM104,cyan
TMEM128,cyan
TMEM129,cyan
TMEM131,cyan
TMEM146,cyan
TMEM14A,cyan
TMEM161B,cyan
TMEM163,cyan
TMEM170A,cyan
TMEM177,cyan
TMEM18,cyan
TMEM184C,cyan
TMEM192,cyan
TMEM216,cyan
TMEM220,cyan
TMEM225,cyan
TMEM42,cyan
TMEM55B,cyan
TMEM56,cyan
TMEM59,cyan
TMEM87A,cyan
TNIK,cyan
TNK1,cyan
TNKS2,cyan
TNN,cyan
TNNI2,cyan
TNNT3,cyan
TNXB,cyan
TOP1P2,cyan
TP53,cyan
TPD52,cyan
TPK1,cyan
TPRKB,cyan
TRAF6,cyan
TRAF7,cyan
TRAPPC4,cyan
TRIB1,cyan
TRIM26,cyan
TRIM27,cyan
TRIM36,cyan
TRIM50,cyan
TRIM61,cyan
TRIM67,cyan
TRIP13,cyan
TRMT11,cyan
TRMT2A,cyan
TRMT5,cyan
TRMT61B,cyan
TRNP1,cyan
TRPC3,cyan
TRPC4,cyan
TRPM5,cyan
TSGA14,cyan
TSHB,cyan
TSNARE1,cyan
TSPAN17,cyan
TSPAN18,cyan
TSSC1,cyan
TSSK6,cyan
TTC13,cyan
TTC15,cyan
TTC17,cyan
TTC23L,cyan
TTC26,cyan
TTC31,cyan
TTC9B,cyan
TTLL7,cyan
TTYH1,cyan
TTYH2,cyan
TTYH3,cyan
TUBB,cyan
TUBD1,cyan
TXN,cyan
TXNDC15,cyan
UBE2E2,cyan
UBE2L6,cyan
UBP1,cyan
UBXN11,cyan
UFC1,cyan
UGDH,cyan
UGGT2,cyan
UHRF1BP1L,cyan
UHRF2,cyan
UIMC1,cyan
UMODL1,cyan
UNC45A,cyan
UNC5C,cyan
UNC93B1,cyan
UNK,cyan
URGCP,cyan
USP19,cyan
USP21,cyan
USP32,cyan
USP39,cyan
USP5,cyan
USP7,cyan
UTP23,cyan
UTRN,cyan
VARS2,cyan
VAT1,cyan
VAT1L,cyan
VAV3,cyan
VCPIP1,cyan
VENTX,cyan
VHL,cyan
VIM,cyan
VMO1,cyan
VPRBP,cyan
VPS4A,cyan
VPS4B,cyan
VSNL1,cyan
VTRNA1-1,cyan
WBSCR17,cyan
WDHD1,cyan
WDR31,cyan
WDR33,cyan
WDR35,cyan
WDR37,cyan
WDR46,cyan
WDR5,cyan
WDR6,cyan
WDR66,cyan
WDR7,cyan
WDR73,cyan
WDR8,cyan
WFDC1,cyan
WHAMM,cyan
WIZ,cyan
WNK2,cyan
WNK4,cyan
WWC2,cyan
WWOX,cyan
XAB2,cyan
XCR1,cyan
XKR9,cyan
XPC,cyan
XRN2,cyan
YAP1,cyan
YBX2,cyan
YIPF3,cyan
YTHDC1,cyan
YTHDF1,cyan
YWHAZ,cyan
ZAN,cyan
ZBTB12,cyan
ZBTB20,cyan
ZBTB26,cyan
ZBTB39,cyan
ZBTB9,cyan
ZC3H12A,cyan
ZC3H12C,cyan
ZC3H14,cyan
ZC3H18,cyan
ZC3HAV1,cyan
ZCCHC14,cyan
ZCCHC8,cyan
ZDHHC13,cyan
ZDHHC14,cyan
ZDHHC23,cyan
ZDHHC4,cyan
ZFHX3,cyan
ZFHX4,cyan
ZFP28,cyan
ZFP36L2,cyan
ZFPM1,cyan
ZHX2,cyan
ZMAT4,cyan
ZMYM2,cyan
ZMYM5,cyan
ZNF121,cyan
ZNF141,cyan
ZNF146,cyan
ZNF16,cyan
ZNF187,cyan
ZNF2,cyan
ZNF204P,cyan
ZNF205,cyan
ZNF215,cyan
ZNF226,cyan
ZNF232,cyan
ZNF248,cyan
ZNF251,cyan
ZNF257,cyan
ZNF271,cyan
ZNF3,cyan
ZNF311,cyan
ZNF330,cyan
ZNF331,cyan
ZNF408,cyan
ZNF415,cyan
ZNF438,cyan
ZNF492,cyan
ZNF500,cyan
ZNF502,cyan
ZNF516,cyan
ZNF517,cyan
ZNF524,cyan
ZNF532,cyan
ZNF540,cyan
ZNF57,cyan
ZNF572,cyan
ZNF576,cyan
ZNF581,cyan
ZNF584,cyan
ZNF598,cyan
ZNF611,cyan
ZNF620,cyan
ZNF638,cyan
ZNF644,cyan
ZNF660,cyan
ZNF662,cyan
ZNF678,cyan
ZNF681,cyan
ZNF687,cyan
ZNF69,cyan
ZNF707,cyan
ZNF764,cyan
ZNF767,cyan
ZNF784,cyan
ZNF787,cyan
ZNF837,cyan
ZNF92,cyan
ZNHIT3,cyan
ZPBP,cyan
AADAC,darkgreen
AADACL4,darkgreen
AATK,darkgreen
ABCE1,darkgreen
ABCF1,darkgreen
ABHD8,darkgreen
ABL1,darkgreen
ABLIM2,darkgreen
ABLIM3,darkgreen
ABP1,darkgreen
ABR,darkgreen
ABT1,darkgreen
ABTB1,darkgreen
ABTB2,darkgreen
ACAA1,darkgreen
ACCN1,darkgreen
ACSL3,darkgreen
ACTA2,darkgreen
ACTG2,darkgreen
ACTL9,darkgreen
ACTN1,darkgreen
ACTN4,darkgreen
ADAM12,darkgreen
ADAM19,darkgreen
ADAM8,darkgreen
ADAMTS17,darkgreen
ADAMTS2,darkgreen
ADAMTS9,darkgreen
ADAP1,darkgreen
ADARB2,darkgreen
ADCK5,darkgreen
ADCY3,darkgreen
ADCY5,darkgreen
ADCY7,darkgreen
ADCY9,darkgreen
ADRA1B,darkgreen
ADSSL1,darkgreen
AGAP1,darkgreen
AGAP3,darkgreen
AGBL4,darkgreen
AGPAT1,darkgreen
AHDC1,darkgreen
AHR,darkgreen
AIFM2,darkgreen
AIRE,darkgreen
AJAP1,darkgreen
AKAP13,darkgreen
AKT1,darkgreen
ALDH1A2,darkgreen
ALDH4A1,darkgreen
ALKBH2,darkgreen
ALPK2,darkgreen
ALPPL2,darkgreen
ALX3,darkgreen
AMICA1,darkgreen
ANAPC13,darkgreen
ANGPT2,darkgreen
ANGPTL4,darkgreen
ANGPTL7,darkgreen
ANK1,darkgreen
ANKDD1A,darkgreen
ANKFY1,darkgreen
ANKH,darkgreen
ANKLE2,darkgreen
ANKMY1,darkgreen
ANKRD11,darkgreen
ANKRD22,darkgreen
ANKRD28,darkgreen
ANKRD55,darkgreen
ANO2,darkgreen
ANTXR1,darkgreen
ANXA2,darkgreen
AP2A2,darkgreen
AP3B2,darkgreen
APBB2,darkgreen
APH1A,darkgreen
APITD1,darkgreen
APOA4,darkgreen
APOA5,darkgreen
APOLD1,darkgreen
AQP1,darkgreen
ARHGAP10,darkgreen
ARHGAP12,darkgreen
ARHGAP26,darkgreen
ARHGEF10L,darkgreen
ARHGEF16,darkgreen
ARHGEF7,darkgreen
ARID1B,darkgreen
ARMS2,darkgreen
ARNT2,darkgreen
ARNTL,darkgreen
ARNTL2,darkgreen
ARRDC5,darkgreen
ARSB,darkgreen
ART3,darkgreen
ASAM,darkgreen
ASAP2,darkgreen
ASB1,darkgreen
ASB13,darkgreen
ASTN2,darkgreen
ATF3,darkgreen
ATF6B,darkgreen
ATG4B,darkgreen
ATM,darkgreen
ATP10A,darkgreen
ATP10B,darkgreen
ATP11A,darkgreen
ATP2A1,darkgreen
ATP2B2,darkgreen
ATP2B4,darkgreen
ATP8B1,darkgreen
ATP9B,darkgreen
ATXN1,darkgreen
ATXN7,darkgreen
AUTS2,darkgreen
AXIN1,darkgreen
B3GALT4,darkgreen
B3GAT1,darkgreen
B3GNTL1,darkgreen
B4GALNT4,darkgreen
B4GALT1,darkgreen
BACE2,darkgreen
BAIAP2L1,darkgreen
BAIAP3,darkgreen
BANP,darkgreen
BAT3,darkgreen
BCAR1,darkgreen
BCAS3,darkgreen
BCKDHB,darkgreen
BCL2L14,darkgreen
BCL9,darkgreen
BDH1,darkgreen
BDKRB2,darkgreen
BDNF,darkgreen
BMI1,darkgreen
BMP6,darkgreen
BRD2,darkgreen
BRE,darkgreen
BRI3BP,darkgreen
BRSK2,darkgreen
BSCL2,darkgreen
BST1,darkgreen
BTBD11,darkgreen
C10ORF26,darkgreen
C10ORF71,darkgreen
C10ORF79,darkgreen
C11ORF41,darkgreen
C11ORF75,darkgreen
C11ORF84,darkgreen
C11ORF87,darkgreen
C11ORF88,darkgreen
C12ORF36,darkgreen
C13ORF35,darkgreen
C14ORF179,darkgreen
C14ORF34,darkgreen
C14ORF37,darkgreen
C14ORF70,darkgreen
C15ORF39,darkgreen
C15ORF44,darkgreen
C16ORF45,darkgreen
C16ORF91,darkgreen
C17ORF49,darkgreen
C1ORF107,darkgreen
C1ORF110,darkgreen
C1ORF116,darkgreen
C1ORF157,darkgreen
C1ORF159,darkgreen
C1ORF175,darkgreen
C1ORF198,darkgreen
C1ORF38,darkgreen
C1ORF59,darkgreen
C1ORF86,darkgreen
C1ORF92,darkgreen
C1QTNF1,darkgreen
C1QTNF5,darkgreen
C1QTNF7,darkgreen
C1S,darkgreen
C20ORF194,darkgreen
C20ORF96,darkgreen
C21ORF70,darkgreen
C22ORF30,darkgreen
C2ORF28,darkgreen
C3ORF20,darkgreen
C3ORF21,darkgreen
C3ORF32,darkgreen
C3P1,darkgreen
C4ORF10,darkgreen
C5ORF45,darkgreen
C5ORF48,darkgreen
C5ORF56,darkgreen
C6ORF15,darkgreen
C6ORF48,darkgreen
C7ORF10,darkgreen
C7ORF50,darkgreen
C7ORF51,darkgreen
C7ORF53,darkgreen
C7ORF58,darkgreen
C7ORF71,darkgreen
C9ORF122,darkgreen
C9ORF123,darkgreen
C9ORF129,darkgreen
C9ORF130,darkgreen
C9ORF171,darkgreen
C9ORF89,darkgreen
CA6,darkgreen
CABP1,darkgreen
CACNA1A,darkgreen
CACNA1B,darkgreen
CACNA1C,darkgreen
CACNA1H,darkgreen
CACNA2D3,darkgreen
CALD1,darkgreen
CALHM2,darkgreen
CALM2,darkgreen
CAMK1D,darkgreen
CAMKK2,darkgreen
CAMTA1,darkgreen
CAPN2,darkgreen
CAPN8,darkgreen
CARD11,darkgreen
CARS2,darkgreen
CASP8,darkgreen
CASQ2,darkgreen
CASZ1,darkgreen
CBFA2T3,darkgreen
CC2D1B,darkgreen
CC2D2A,darkgreen
CCDC102A,darkgreen
CCDC108,darkgreen
CCDC141,darkgreen
CCDC3,darkgreen
CCDC33,darkgreen
CCDC40,darkgreen
CCDC42,darkgreen
CCDC42B,darkgreen
CCDC57,darkgreen
CCDC61,darkgreen
CCDC84,darkgreen
CCDC88C,darkgreen
CCDC92,darkgreen
CCL16,darkgreen
CCL24,darkgreen
CCL26,darkgreen
CCNJL,darkgreen
CCR1,darkgreen
CCR6,darkgreen
CD207,darkgreen
CD36,darkgreen
CD44,darkgreen
CD48,darkgreen
CD82,darkgreen
CDC2,darkgreen
CDC27,darkgreen
CDCA8,darkgreen
CDH23,darkgreen
CDH5,darkgreen
CDKAL1,darkgreen
CDKN1B,darkgreen
CELA1,darkgreen
CEP68,darkgreen
CES4,darkgreen
CGNL1,darkgreen
CHID1,darkgreen
CHIT1,darkgreen
CHP,darkgreen
CHRM5,darkgreen
CHRNA6,darkgreen
CHRNA9,darkgreen
CHRNB2,darkgreen
CHST2,darkgreen
CHST6,darkgreen
CHST8,darkgreen
CLCN1,darkgreen
CLDN18,darkgreen
CLEC16A,darkgreen
CLEC1A,darkgreen
CLRN1,darkgreen
CLRN1OS,darkgreen
CLSTN2,darkgreen
CMIP,darkgreen
CNNM2,darkgreen
CNNM4,darkgreen
CNOT2,darkgreen
COL13A1,darkgreen
COL18A1,darkgreen
COL1A1,darkgreen
COL22A1,darkgreen
COL23A1,darkgreen
COL27A1,darkgreen
COL4A1,darkgreen
COL4A2,darkgreen
COL5A1,darkgreen
COL6A3,darkgreen
COL8A1,darkgreen
COLEC11,darkgreen
CORO7,darkgreen
COX19,darkgreen
CPA4,darkgreen
CPNE4,darkgreen
CPSF4L,darkgreen
CPXM2,darkgreen
CRADD,darkgreen
CRIM1,darkgreen
CRISPLD2,darkgreen
CRP,darkgreen
CRY1,darkgreen
CRYGC,darkgreen
CSF3R,darkgreen
CSGALNACT1,darkgreen
CSMD1,darkgreen
CTBP1,darkgreen
CTBP2,darkgreen
CTBS,darkgreen
CTCF,darkgreen
CTDSP1,darkgreen
CTDSPL,darkgreen
CTNNA2,darkgreen
CUX1,darkgreen
CX3CL1,darkgreen
CXCL12,darkgreen
CXCR1,darkgreen
CYBRD1,darkgreen
CYFIP1,darkgreen
CYLD,darkgreen
CYR61,darkgreen
CYTH1,darkgreen
DAAM2,darkgreen
DAB2IP,darkgreen
DAGLB,darkgreen
DAP,darkgreen
DBN1,darkgreen
DCTD,darkgreen
DDC,darkgreen
DDX4,darkgreen
DEM1,darkgreen
DENND2D,darkgreen
DENND3,darkgreen
DEPDC1,darkgreen
DES,darkgreen
DHX30,darkgreen
DIAPH3,darkgreen
DIO1,darkgreen
DIP2C,darkgreen
DIRC3,darkgreen
DIXDC1,darkgreen
DKK2,darkgreen
DLAT,darkgreen
DLG5,darkgreen
DLGAP2,darkgreen
DLK1,darkgreen
DLL1,darkgreen
DNAH10,darkgreen
DNAH17,darkgreen
DNAH9,darkgreen
DNAJC17,darkgreen
DNM1L,darkgreen
DNM2,darkgreen
DNM3,darkgreen
DOCK1,darkgreen
DOCK2,darkgreen
DOK7,darkgreen
DPP6,darkgreen
DPPA5,darkgreen
DPYSL4,darkgreen
DRD1,darkgreen
DRGX,darkgreen
DSCAML1,darkgreen
DSG2,darkgreen
DYNC2H1,darkgreen
DYNC2LI1,darkgreen
DYNLT1,darkgreen
DYSFIP1,darkgreen
E2F7,darkgreen
EBF3,darkgreen
ECE1,darkgreen
EDNRA,darkgreen
EEFSEC,darkgreen
EFNA3,darkgreen
EGFLAM,darkgreen
EGFR,darkgreen
EHMT1,darkgreen
EHMT2,darkgreen
EIF3A,darkgreen
EIF3B,darkgreen
EIF4EBP1,darkgreen
EIF4ENIF1,darkgreen
ELAC2,darkgreen
ELFN1,darkgreen
ELOVL1,darkgreen
EMP2,darkgreen
EMX1,darkgreen
ENGASE,darkgreen
ENOX1,darkgreen
ENPP6,darkgreen
ENPP7,darkgreen
EPB41,darkgreen
EPB41L2,darkgreen
EPHA2,darkgreen
EPM2A,darkgreen
EPS8,darkgreen
ERBB2IP,darkgreen
ERC2,darkgreen
ERGIC1,darkgreen
ERI3,darkgreen
ERICH1,darkgreen
ERMN,darkgreen
ERMP1,darkgreen
ESD,darkgreen
ETS1,darkgreen
ETV1,darkgreen
ETV5,darkgreen
ETV6,darkgreen
EXOC4,darkgreen
EXT1,darkgreen
EXTL3,darkgreen
EYA3,darkgreen
FADS3,darkgreen
FAM101A,darkgreen
FAM105B,darkgreen
FAM117A,darkgreen
FAM125B,darkgreen
FAM129A,darkgreen
FAM129B,darkgreen
FAM132A,darkgreen
FAM169B,darkgreen
FAM184B,darkgreen
FAM188B,darkgreen
FAM189A1,darkgreen
FAM198B,darkgreen
FAM20A,darkgreen
FAM24B,darkgreen
FAM38A,darkgreen
FAM46B,darkgreen
FAM53A,darkgreen
FAM71C,darkgreen
FAM71F2,darkgreen
FANCM,darkgreen
FANK1,darkgreen
FARP1,darkgreen
FAT1,darkgreen
FBLN2,darkgreen
FBN1,darkgreen
FBXL7,darkgreen
FBXO32,darkgreen
FDPS,darkgreen
FDXR,darkgreen
FER1L6,darkgreen
FERD3L,darkgreen
FGD6,darkgreen
FGF1,darkgreen
FGF18,darkgreen
FGF2,darkgreen
FGF6,darkgreen
FGFR1,darkgreen
FHIT,darkgreen
FHL2,darkgreen
FIGLA,darkgreen
FLI1,darkgreen
FLJ22536,darkgreen
FLJ23834,darkgreen
FLJ40434,darkgreen
FLJ40852,darkgreen
FLJ43860,darkgreen
FMN1,darkgreen
FMO1,darkgreen
FNDC1,darkgreen
FOXI3,darkgreen
FOXK1,darkgreen
FOXL1,darkgreen
FOXP1,darkgreen
FRAS1,darkgreen
FREM1,darkgreen
FRMD1,darkgreen
FSTL4,darkgreen
FTO,darkgreen
FURIN,darkgreen
FUT4,darkgreen
FXYD6,darkgreen
FYCO1,darkgreen
FZD4,darkgreen
G3BP2,darkgreen
GABARAPL1,darkgreen
GABRA5,darkgreen
GALNT12,darkgreen
GALNT14,darkgreen
GALNT2,darkgreen
GALNT5,darkgreen
GALNT9,darkgreen
GALNTL4,darkgreen
GATA4,darkgreen
GATS,darkgreen
GBGT1,darkgreen
GBP3,darkgreen
GBP7,darkgreen
GCA,darkgreen
GCNT3,darkgreen
GDPD5,darkgreen
GFOD1,darkgreen
GHRHR,darkgreen
GJA4,darkgreen
GK5,darkgreen
GLIS1,darkgreen
GLP2R,darkgreen
GLTSCR2,darkgreen
GLUL,darkgreen
GMDS,darkgreen
GMIP,darkgreen
GNA11,darkgreen
GNG7,darkgreen
GNRHR,darkgreen
GOLGA3,darkgreen
GOLM1,darkgreen
GON4L,darkgreen
GPATCH8,darkgreen
GPR1,darkgreen
GPR123,darkgreen
GPR126,darkgreen
GPR133,darkgreen
GPR155,darkgreen
GPX6,darkgreen
GREB1,darkgreen
GRIA4,darkgreen
GRK5,darkgreen
GRM4,darkgreen
GRTP1,darkgreen
GSDMD,darkgreen
GSK3A,darkgreen
GSTCD,darkgreen
GSTO1,darkgreen
GTF2A1L,darkgreen
GUCA1B,darkgreen
GXYLT1,darkgreen
GXYLT2,darkgreen
H1FNT,darkgreen
HAPLN3,darkgreen
HCCA2,darkgreen
HCG27,darkgreen
HDAC4,darkgreen
HDAC9,darkgreen
HEATR2,darkgreen
HEATR7A,darkgreen
HEBP1,darkgreen
HECW1,darkgreen
HERC4,darkgreen
HEY2,darkgreen
HEYL,darkgreen
HHLA1,darkgreen
HHLA2,darkgreen
HIBCH,darkgreen
HIC1,darkgreen
HILS1,darkgreen
HINFP,darkgreen
HIST1H2AA,darkgreen
HIST1H2AG,darkgreen
HIST1H3I,darkgreen
HIST1H4L,darkgreen
HJURP,darkgreen
HKDC1,darkgreen
HLA-DOB,darkgreen
HLA-DPB1,darkgreen
HMGB2,darkgreen
HNF1A,darkgreen
HNF1B,darkgreen
HNRNPAB,darkgreen
HNRNPF,darkgreen
HOXA1,darkgreen
HOXC4,darkgreen
HPCAL4,darkgreen
HPD,darkgreen
HPS3,darkgreen
HPSE2,darkgreen
HRK,darkgreen
HRNBP3,darkgreen
HS3ST3B1,darkgreen
HS3ST4,darkgreen
HSPA1B,darkgreen
HSPB7,darkgreen
HSPE1,darkgreen
HSPG2,darkgreen
HTA,darkgreen
HTR7,darkgreen
HTRA3,darkgreen
HULC,darkgreen
IFI27L1,darkgreen
IFITM2,darkgreen
IFITM5,darkgreen
IFT20,darkgreen
IFT80,darkgreen
IGF1R,darkgreen
IGF2BP2,darkgreen
IGF2R,darkgreen
IGFBP4,darkgreen
IGFBP7,darkgreen
IGFN1,darkgreen
IGSF21,darkgreen
IGSF22,darkgreen
IGSF3,darkgreen
IGSF9,darkgreen
IKBKB,darkgreen
IL1F10,darkgreen
IL1F9,darkgreen
IL29,darkgreen
IL31RA,darkgreen
IL6R,darkgreen
ILF3,darkgreen
INF2,darkgreen
ING5,darkgreen
INMT,darkgreen
INO80,darkgreen
INPP5A,darkgreen
INSC,darkgreen
INTS1,darkgreen
IQGAP1,darkgreen
IQSEC1,darkgreen
IQSEC3,darkgreen
IRS1,darkgreen
ISCU,darkgreen
ISLR,darkgreen
ISPD,darkgreen
ITGA1,darkgreen
ITGA11,darkgreen
ITGA2B,darkgreen
ITGA7,darkgreen
ITGBL1,darkgreen
ITIH3,darkgreen
ITM2B,darkgreen
ITPK1,darkgreen
ITPR1,darkgreen
ITPRIP,darkgreen
KANK3,darkgreen
KANK4,darkgreen
KATNAL2,darkgreen
KBTBD11,darkgreen
KCNA5,darkgreen
KCNAB1,darkgreen
KCNAB2,darkgreen
KCNG2,darkgreen
KCNH1,darkgreen
KCNJ1,darkgreen
KCNK3,darkgreen
KCNMA1,darkgreen
KCNMB1,darkgreen
KCNN3,darkgreen
KCNQ1,darkgreen
KCNQ4,darkgreen
KCNS3,darkgreen
KCNT1,darkgreen
KCNV2,darkgreen
KCTD10,darkgreen
KCTD16,darkgreen
KCTD19,darkgreen
KIAA0101,darkgreen
KIAA0317,darkgreen
KIAA0430,darkgreen
KIAA0556,darkgreen
KIAA0562,darkgreen
KIAA0664,darkgreen
KIAA1199,darkgreen
KIAA1274,darkgreen
KIAA1430,darkgreen
KIAA1486,darkgreen
KIAA1522,darkgreen
KIAA1549,darkgreen
KIAA1614,darkgreen
KIAA1688,darkgreen
KIAA1826,darkgreen
KIAA1967,darkgreen
KIF13B,darkgreen
KIF25,darkgreen
KIF26A,darkgreen
KIF26B,darkgreen
KIF3C,darkgreen
KIRREL,darkgreen
KLF10,darkgreen
KLF12,darkgreen
KLF5,darkgreen
KLHDC7A,darkgreen
KLHL17,darkgreen
KLHL26,darkgreen
KLHL32,darkgreen
KLHL36,darkgreen
KLHL38,darkgreen
KLK4,darkgreen
KLRD1,darkgreen
KNDC1,darkgreen
KRT25,darkgreen
KRT36,darkgreen
KRT4,darkgreen
KRT5,darkgreen
KRT80,darkgreen
KRT86,darkgreen
KRTAP1-5,darkgreen
LAMA1,darkgreen
LAMB1,darkgreen
LAMC1,darkgreen
LAP3,darkgreen
LARP1,darkgreen
LARP4B,darkgreen
LCK,darkgreen
LDB3,darkgreen
LEUTX,darkgreen
LGALS14,darkgreen
LGALS8,darkgreen
LHCGR,darkgreen
LHX5,darkgreen
LHX9,darkgreen
LIMA1,darkgreen
LIMD1,darkgreen
LINGO4,darkgreen
LLGL2,darkgreen
LMF1,darkgreen
LMNA,darkgreen
LMO7,darkgreen
LMOD1,darkgreen
LMOD3,darkgreen
LMX1A,darkgreen
LNX1,darkgreen
LOC100130017,darkgreen
LOC100133612,darkgreen
LOC100133669,darkgreen
LOC100134259,darkgreen
LOC100272146,darkgreen
LOC145820,darkgreen
LOC220429,darkgreen
LOC254559,darkgreen
LOC255167,darkgreen
LOC285830,darkgreen
LOC286238,darkgreen
LOC340094,darkgreen
LOC340357,darkgreen
LOC341056,darkgreen
LOC344595,darkgreen
LOC387646,darkgreen
LOC401431,darkgreen
LOC440839,darkgreen
LOC553137,darkgreen
LOC644649,darkgreen
LOC728264,darkgreen
LOC90246,darkgreen
LOX,darkgreen
LOXHD1,darkgreen
LPHN2,darkgreen
LPP,darkgreen
LRP5,darkgreen
LRP5L,darkgreen
LRP8,darkgreen
LRRC2,darkgreen
LRRC31,darkgreen
LRRC32,darkgreen
LRRC41,darkgreen
LRRC4B,darkgreen
LRRC8A,darkgreen
LSM2,darkgreen
LTBP1,darkgreen
LTBP2,darkgreen
LTBP4,darkgreen
LUC7L,darkgreen
LY6D,darkgreen
LY9,darkgreen
LYNX1,darkgreen
MACROD1,darkgreen
MAD1L1,darkgreen
MAEL,darkgreen
MAGI1,darkgreen
MAGI2,darkgreen
MALL,darkgreen
MAMDC2,darkgreen
MAML2,darkgreen
MAP2K3,darkgreen
MAPK4,darkgreen
MAPKAPK3,darkgreen
MARCH10,darkgreen
MARCH3,darkgreen
MARCH4,darkgreen
MARVELD1,darkgreen
MAS1L,darkgreen
MASP1,darkgreen
MAT2B,darkgreen
MATK,darkgreen
MBTPS1,darkgreen
MC2R,darkgreen
MCAM,darkgreen
MCC,darkgreen
MCF2L2,darkgreen
MCHR2,darkgreen
MCPH1,darkgreen
MDFI,darkgreen
MDM1,darkgreen
MED28,darkgreen
MEGF11,darkgreen
MEGF6,darkgreen
MEGF8,darkgreen
MEX3A,darkgreen
MFAP2,darkgreen
MFRP,darkgreen
MFSD11,darkgreen
MGC70857,darkgreen
MGMT,darkgreen
MICALCL,darkgreen
MIPEP,darkgreen
MIR1289-2,darkgreen
MIR129-2,darkgreen
MIR143,darkgreen
MIR199A2,darkgreen
MIR216A,darkgreen
MIR488,darkgreen
MIR518D,darkgreen
MIR548A2,darkgreen
MIR548G,darkgreen
MIR663,darkgreen
MITF,darkgreen
MKNK1,darkgreen
MMP14,darkgreen
MMP15,darkgreen
MMP17,darkgreen
MOCS1,darkgreen
MORN1,darkgreen
MPZL1,darkgreen
MRC2,darkgreen
MREG,darkgreen
MRGPRD,darkgreen
MRGPRF,darkgreen
MRI1,darkgreen
MRPL20,darkgreen
MRPL51,darkgreen
MRVI1,darkgreen
MS4A13,darkgreen
MSR1,darkgreen
MSRA,darkgreen
MTDH,darkgreen
MTHFD1L,darkgreen
MTL5,darkgreen
MTMR7,darkgreen
MUC20,darkgreen
MYH11,darkgreen
MYL10,darkgreen
MYLK4,darkgreen
MYLPF,darkgreen
MYO16,darkgreen
MYO1B,darkgreen
MYO1D,darkgreen
MYO1E,darkgreen
MYO5A,darkgreen
MYOC,darkgreen
MYOF,darkgreen
MYT1L,darkgreen
NALCN,darkgreen
NAV2,darkgreen
NBR1,darkgreen
NCAPD3,darkgreen
NCK2,darkgreen
NCOR2,darkgreen
NDFIP2,darkgreen
NDRG1,darkgreen
NDUFA10,darkgreen
NDUFAF1,darkgreen
NDUFB7,darkgreen
NDUFS6,darkgreen
NEK10,darkgreen
NEK4,darkgreen
NELL1,darkgreen
NEURL1B,darkgreen
NFATC1,darkgreen
NFATC4,darkgreen
NFE2L3,darkgreen
NFIA,darkgreen
NFIC,darkgreen
NFKBIL2,darkgreen
NGEF,darkgreen
NHEDC1,darkgreen
NHEJ1,darkgreen
NKAIN1,darkgreen
NKAPL,darkgreen
NLRC3,darkgreen
NLRX1,darkgreen
NMNAT2,darkgreen
NNMT,darkgreen
NNT,darkgreen
NOS2,darkgreen
NOTCH3,darkgreen
NOVA1,darkgreen
NOX4,darkgreen
NOXA1,darkgreen
NPHP4,darkgreen
NPLOC4,darkgreen
NPR1,darkgreen
NPR3,darkgreen
NPY2R,darkgreen
NQO2,darkgreen
NR5A2,darkgreen
NRG1,darkgreen
NRG3,darkgreen
NRXN3,darkgreen
NSD1,darkgreen
NSUN6,darkgreen
NT5DC3,darkgreen
NTF3,darkgreen
NTN1,darkgreen
NTN4,darkgreen
NTNG2,darkgreen
NUAK1,darkgreen
NUDT1,darkgreen
NXN,darkgreen
OBSL1,darkgreen
OCA2,darkgreen
OCIAD2,darkgreen
ODF1,darkgreen
ODF2,darkgreen
ODZ2,darkgreen
OLFM1,darkgreen
OLFML1,darkgreen
OPCML,darkgreen
OPN4,darkgreen
OPRD1,darkgreen
OR10J1,darkgreen
OR10Z1,darkgreen
OR2D2,darkgreen
OR2F2,darkgreen
OR2H1,darkgreen
OR3A1,darkgreen
OR4E2,darkgreen
OR4F6,darkgreen
OR51B5,darkgreen
OR51E1,darkgreen
OR51G1,darkgreen
OR52L1,darkgreen
OR6Q1,darkgreen
OR9Q1,darkgreen
ORC5L,darkgreen
OSBPL10,darkgreen
OSBPL5,darkgreen
OSGIN1,darkgreen
OTUD7B,darkgreen
OXR1,darkgreen
OXTR,darkgreen
P2RX4,darkgreen
PACS2,darkgreen
PALB2,darkgreen
PALLD,darkgreen
PAOX,darkgreen
PAPD5,darkgreen
PAPPA,darkgreen
PAPSS1,darkgreen
PARVA,darkgreen
PATL2,darkgreen
PAX5,darkgreen
PAX8,darkgreen
PCCA,darkgreen
PCGF5,darkgreen
PCID2,darkgreen
PCOLCE,darkgreen
PCSK6,darkgreen
PDE3B,darkgreen
PDE6A,darkgreen
PDE6G,darkgreen
PDGFA,darkgreen
PDGFRB,darkgreen
PDK2,darkgreen
PDLIM1,darkgreen
PDLIM2,darkgreen
PDLIM3,darkgreen
PDLIM5,darkgreen
PDLIM7,darkgreen
PDZRN3,darkgreen
PEMT,darkgreen
PFKP,darkgreen
PGS1,darkgreen
PHB2,darkgreen
PHC3,darkgreen
PHLDB2,darkgreen
PIP5K1C,darkgreen
PITPNM3,darkgreen
PIWIL2,darkgreen
PKD1L1,darkgreen
PKD1L2,darkgreen
PKDCC,darkgreen
PLA1A,darkgreen
PLA2G4E,darkgreen
PLAC1L,darkgreen
PLCE1,darkgreen
PLD1,darkgreen
PLEC1,darkgreen
PLEKHG4B,darkgreen
PLEKHG5,darkgreen
PLIN5,darkgreen
PLXNC1,darkgreen
PLXND1,darkgreen
PML,darkgreen
PNLDC1,darkgreen
PNMA1,darkgreen
PNMT,darkgreen
PNPLA7,darkgreen
POLR3E,darkgreen
POM121L2,darkgreen
POU6F2,darkgreen
PPAP2C,darkgreen
PPFIA3,darkgreen
PPP1R12B,darkgreen
PPP2R5C,darkgreen
PPP3CB,darkgreen
PPP3CC,darkgreen
PRDM16,darkgreen
PRDM5,darkgreen
PRDM6,darkgreen
PRDM8,darkgreen
PRICKLE1,darkgreen
PRIM2,darkgreen
PRKAG2,darkgreen
PRKAR1B,darkgreen
PRKCA,darkgreen
PRKCH,darkgreen
PRKCZ,darkgreen
PRKG1,darkgreen
PROC,darkgreen
PRPS1L1,darkgreen
PRR16,darkgreen
PRSSL1,darkgreen
PRUNE2,darkgreen
PSMD1,darkgreen
PTAFR,darkgreen
PTDSS2,darkgreen
PTGS1,darkgreen
PTP4A3,darkgreen
PTPN18,darkgreen
PTPN3,darkgreen
PTPRG,darkgreen
PTPRN2,darkgreen
PTPRU,darkgreen
PUM2,darkgreen
PVR,darkgreen
PVT1,darkgreen
PXDN,darkgreen
RAB11FIP3,darkgreen
RAB11FIP5,darkgreen
RAB20,darkgreen
RAD51L1,darkgreen
RADIL,darkgreen
RAET1G,darkgreen
RAI1,darkgreen
RALBP1,darkgreen
RALGAPA1,darkgreen
RAP1GAP2,darkgreen
RARB,darkgreen
RARRES3,darkgreen
RASA3,darkgreen
RASGRF1,darkgreen
RASGRF2,darkgreen
RASSF5,darkgreen
RBKS,darkgreen
RBM20,darkgreen
RBM47,darkgreen
RBMS2,darkgreen
RBPMS,darkgreen
RCAN2,darkgreen
RCVRN,darkgreen
REP15,darkgreen
RER1,darkgreen
REV1,darkgreen
RFC1,darkgreen
RFX1,darkgreen
RFX2,darkgreen
RFX4,darkgreen
RGL3,darkgreen
RGMB,darkgreen
RGS6,darkgreen
RGS7,darkgreen
RHCG,darkgreen
RHO,darkgreen
RHOBTB2,darkgreen
RICH2,darkgreen
RICS,darkgreen
RIMBP2,darkgreen
RIT2,darkgreen
RNF149,darkgreen
RNF214,darkgreen
RNF220,darkgreen
RNF39,darkgreen
RNFT2,darkgreen
ROR1,darkgreen
RORA,darkgreen
RP9P,darkgreen
RPAIN,darkgreen
RPH3AL,darkgreen
RPL23AP53,darkgreen
RPL5,darkgreen
RPL7L1,darkgreen
RPLP0P2,darkgreen
RPS6KA2,darkgreen
RPS9,darkgreen
RPTOR,darkgreen
RTBDN,darkgreen
RUNX2,darkgreen
RWDD2A,darkgreen
RXRA,darkgreen
RYR2,darkgreen
RYR3,darkgreen
S100A10,darkgreen
S100A13,darkgreen
SAMD12,darkgreen
SAMD9,darkgreen
SAP130,darkgreen
SATB2,darkgreen
SCAMP2,darkgreen
SCHIP1,darkgreen
SCMH1,darkgreen
SCML4,darkgreen
SCN8A,darkgreen
SCNN1B,darkgreen
SCNN1G,darkgreen
SCUBE1,darkgreen
SDC4,darkgreen
SDCCAG1,darkgreen
SDF4,darkgreen
SDK1,darkgreen
SDK2,darkgreen
SDPR,darkgreen
SEC24D,darkgreen
SEC61G,darkgreen
SEMA4F,darkgreen
SEMA5A,darkgreen
SEPSECS,darkgreen
SEPT9,darkgreen
SERGEF,darkgreen
SERPINC1,darkgreen
SF3A1,darkgreen
SFRP1,darkgreen
SFRS7,darkgreen
SGCE,darkgreen
SGIP1,darkgreen
SH2D3A,darkgreen
SH2D4A,darkgreen
SH3BP4,darkgreen
SH3RF3,darkgreen
SHANK2,darkgreen
SHISA6,darkgreen
SHISA9,darkgreen
SHROOM3,darkgreen
SIL1,darkgreen
SIPA1,darkgreen
SLC15A4,darkgreen
SLC1A7,darkgreen
SLC22A1,darkgreen
SLC25A26,darkgreen
SLC25A42,darkgreen
SLC27A4,darkgreen
SLC34A1,darkgreen
SLC35F3,darkgreen
SLC38A2,darkgreen
SLC38A3,darkgreen
SLC39A11,darkgreen
SLC39A8,darkgreen
SLC41A3,darkgreen
SLC44A4,darkgreen
SLC45A1,darkgreen
SLC45A2,darkgreen
SLC45A4,darkgreen
SLC5A10,darkgreen
SLC6A3,darkgreen
SLC9A3,darkgreen
SLFN13,darkgreen
SLFN5,darkgreen
SLIT3,darkgreen
SMAD3,darkgreen
SMAD6,darkgreen
SMG5,darkgreen
SMG7,darkgreen
SMOC2,darkgreen
SMUG1,darkgreen
SMYD3,darkgreen
SNAP23,darkgreen
SNORA23,darkgreen
SNRNP35,darkgreen
SNX30,darkgreen
SNX8,darkgreen
SOD1,darkgreen
SOHLH2,darkgreen
SORCS2,darkgreen
SPAG6,darkgreen
SPAM1,darkgreen
SPATA7,darkgreen
SPC25,darkgreen
SPEG,darkgreen
SPINK5L3,darkgreen
SPON1,darkgreen
SPSB1,darkgreen
SPSB4,darkgreen
SPTBN1,darkgreen
SRCRB4D,darkgreen
SRGAP1,darkgreen
SRRM3,darkgreen
SSB,darkgreen
SSH1,darkgreen
SSSCA1,darkgreen
STAG1,darkgreen
STARD13,darkgreen
STAT3,darkgreen
STAU2,darkgreen
STK32C,darkgreen
STOX2,darkgreen
SUCLG2,darkgreen
SUGT1,darkgreen
SULF1,darkgreen
SUNC1,darkgreen
SVIL,darkgreen
SYK,darkgreen
SYNGAP1,darkgreen
SYNJ2,darkgreen
SYNM,darkgreen
SYNPO,darkgreen
SYNPO2,darkgreen
SYT14,darkgreen
SYT16,darkgreen
TAAR3,darkgreen
TACO1,darkgreen
TACR1,darkgreen
TAF1B,darkgreen
TAF2,darkgreen
TAGLN,darkgreen
TANC1,darkgreen
TAP2,darkgreen
TBC1D1,darkgreen
TBC1D14,darkgreen
TBC1D8,darkgreen
TBC1D9,darkgreen
TBCD,darkgreen
TBX5,darkgreen
TCERG1L,darkgreen
TCF7L1,darkgreen
TDRD1,darkgreen
TDRD6,darkgreen
TEX2,darkgreen
TFAP2D,darkgreen
TFAP4,darkgreen
TFR2,darkgreen
TG,darkgreen
TGFB1I1,darkgreen
TGFB3,darkgreen
TGFBI,darkgreen
TGFBRAP1,darkgreen
TGIF1,darkgreen
THBS1,darkgreen
THOP1,darkgreen
THSD4,darkgreen
TIMM44,darkgreen
TLN2,darkgreen
TLR9,darkgreen
TM4SF19,darkgreen
TM4SF4,darkgreen
TMC3,darkgreen
TMCC3,darkgreen
TMCO5A,darkgreen
TMCO7,darkgreen
TMEM109,darkgreen
TMEM125,darkgreen
TMEM131,darkgreen
TMEM132E,darkgreen
TMEM159,darkgreen
TMEM167B,darkgreen
TMEM168,darkgreen
TMEM174,darkgreen
TMEM183A,darkgreen
TMEM184A,darkgreen
TMEM220,darkgreen
TMEM44,darkgreen
TMEM51,darkgreen
TMEM63B,darkgreen
TMEM8B,darkgreen
TMEM95,darkgreen
TMTC1,darkgreen
TMTC2,darkgreen
TMUB2,darkgreen
TNFAIP3,darkgreen
TNFAIP8,darkgreen
TNFRSF10B,darkgreen
TNFRSF21,darkgreen
TNFRSF25,darkgreen
TNFRSF8,darkgreen
TNIP1,darkgreen
TNKS1BP1,darkgreen
TNKS2,darkgreen
TNNC1,darkgreen
TNNI1,darkgreen
TNNI3,darkgreen
TNNT3,darkgreen
TNRC18,darkgreen
TNS3,darkgreen
TNXB,darkgreen
TP73,darkgreen
TPM1,darkgreen
TPM4,darkgreen
TPPP,darkgreen
TRAF3,darkgreen
TRAPPC9,darkgreen
TREML4,darkgreen
TRERF1,darkgreen
TRIM10,darkgreen
TRIM17,darkgreen
TRIM26,darkgreen
TRIM31,darkgreen
TRIM39,darkgreen
TRIM40,darkgreen
TRIM47,darkgreen
TRIM60,darkgreen
TRIM62,darkgreen
TRIM71,darkgreen
TRIO,darkgreen
TRIP4,darkgreen
TRPC4AP,darkgreen
TRPC7,darkgreen
TRPM3,darkgreen
TRPV1,darkgreen
TRRAP,darkgreen
TSHZ3,darkgreen
TSNARE1,darkgreen
TSPAN18,darkgreen
TSPAN9,darkgreen
TSSK4,darkgreen
TSTD1,darkgreen
TTC12,darkgreen
TTC7B,darkgreen
TTLL5,darkgreen
TTLL6,darkgreen
TTN,darkgreen
TTR,darkgreen
TUBA1C,darkgreen
TUBA4A,darkgreen
TUBGCP5,darkgreen
TXNDC11,darkgreen
TXNRD1,darkgreen
TXNRD2,darkgreen
UACA,darkgreen
UBA52,darkgreen
UBAP2L,darkgreen
UBE2QL1,darkgreen
UBL7,darkgreen
UBR4,darkgreen
UCA1,darkgreen
UCK2,darkgreen
UGT1A10,darkgreen
UNC84A,darkgreen
UNCX,darkgreen
USP13,darkgreen
USP32,darkgreen
USP40,darkgreen
UST,darkgreen
VAC14,darkgreen
VASN,darkgreen
VDAC3,darkgreen
VGLL2,darkgreen
VGLL3,darkgreen
VGLL4,darkgreen
VIM,darkgreen
VIPR2,darkgreen
VPS13D,darkgreen
VPS52,darkgreen
VRK2,darkgreen
VTRNA1-2,darkgreen
VWF,darkgreen
WBSCR17,darkgreen
WDFY2,darkgreen
WDFY4,darkgreen
WDR1,darkgreen
WDR27,darkgreen
WDR37,darkgreen
WDR86,darkgreen
WDR88,darkgreen
WDR93,darkgreen
WISP1,darkgreen
WNT1,darkgreen
WNT5A,darkgreen
WNT5B,darkgreen
WRNIP1,darkgreen
WWP2,darkgreen
XAF1,darkgreen
XDH,darkgreen
XKR6,darkgreen
XPC,darkgreen
XRCC2,darkgreen
YWHAQ,darkgreen
ZAN,darkgreen
ZBTB12,darkgreen
ZBTB38,darkgreen
ZC3H12A,darkgreen
ZC3H3,darkgreen
ZCCHC24,darkgreen
ZDHHC19,darkgreen
ZFAT,darkgreen
ZFHX3,darkgreen
ZFP91,darkgreen
ZFPM1,darkgreen
ZFR2,darkgreen
ZFYVE19,darkgreen
ZFYVE28,darkgreen
ZMIZ1,darkgreen
ZNF187,darkgreen
ZNF19,darkgreen
ZNF20,darkgreen
ZNF239,darkgreen
ZNF300,darkgreen
ZNF362,darkgreen
ZNF365,darkgreen
ZNF423,darkgreen
ZNF438,darkgreen
ZNF485,darkgreen
ZNF534,darkgreen
ZNF560,darkgreen
ZNF613,darkgreen
ZNF628,darkgreen
ZNF703,darkgreen
ZNF718,darkgreen
ZNF8,darkgreen
ZNF80,darkgreen
ZNF83,darkgreen
ZNF843,darkgreen
ZP2,darkgreen
ZP3,darkgreen
ZSCAN18,darkgreen
ZYG11A,darkgreen
ZYX,darkgreen
AARS,darkgrey
AASDHPPT,darkgrey
AATK,darkgrey
ABCA12,darkgrey
ABCA13,darkgrey
ABCA4,darkgrey
ABCF1,darkgrey
ABCF2,darkgrey
ABHD14B,darkgrey
ABL1,darkgrey
ABLIM1,darkgrey
ABLIM2,darkgrey
ABP1,darkgrey
ABTB2,darkgrey
ACACB,darkgrey
ACAD11,darkgrey
ACCN1,darkgrey
ACER2,darkgrey
ACO1,darkgrey
ACOXL,darkgrey
ACP1,darkgrey
ACSF3,darkgrey
ACTL8,darkgrey
ACTN1,darkgrey
ACVR1B,darkgrey
ACVR1C,darkgrey
ADAM10,darkgrey
ADAM12,darkgrey
ADAMTS2,darkgrey
ADAMTS9,darkgrey
ADAMTSL4,darkgrey
ADARB2,darkgrey
ADCY5,darkgrey
ADCY9,darkgrey
ADD1,darkgrey
ADORA3,darkgrey
ADPGK,darkgrey
ADRBK1,darkgrey
AFAP1,darkgrey
AFAP1L2,darkgrey
AFG3L2,darkgrey
AGAP1,darkgrey
AGBL3,darkgrey
AHCTF1,darkgrey
AHCYL1,darkgrey
AHRR,darkgrey
AIM1L,darkgrey
AIM2,darkgrey
AJAP1,darkgrey
AKAP1,darkgrey
AKAP13,darkgrey
AKAP8L,darkgrey
AKR1E2,darkgrey
ALCAM,darkgrey
ALDH3B1,darkgrey
ALDH3B2,darkgrey
ALDOA,darkgrey
ALG1L,darkgrey
ALG9,darkgrey
ALOX5AP,darkgrey
ALPI,darkgrey
ALPK2,darkgrey
ALPL,darkgrey
AMHR2,darkgrey
AMIGO3,darkgrey
AMPH,darkgrey
ANGPT1,darkgrey
ANK1,darkgrey
ANKFN1,darkgrey
ANKFY1,darkgrey
ANKRD1,darkgrey
ANKRD6,darkgrey
ANO10,darkgrey
ANO2,darkgrey
ANO4,darkgrey
ANO6,darkgrey
ANO9,darkgrey
ANPEP,darkgrey
ANXA11,darkgrey
AOX2P,darkgrey
AP1G1,darkgrey
AP2A2,darkgrey
AP3S2,darkgrey
APLNR,darkgrey
APLP2,darkgrey
AQP1,darkgrey
AQP11,darkgrey
ARHGAP10,darkgrey
ARHGAP12,darkgrey
ARHGAP17,darkgrey
ARHGAP30,darkgrey
ARHGEF10,darkgrey
ARHGEF10L,darkgrey
ARHGEF16,darkgrey
ARHGEF7,darkgrey
ARID3A,darkgrey
ARID5B,darkgrey
ARL5A,darkgrey
ARNTL2,darkgrey
ARSB,darkgrey
ARSG,darkgrey
ASAM,darkgrey
ASAP1,darkgrey
ASAP2,darkgrey
ASB13,darkgrey
ASCC1,darkgrey
ASF1B,darkgrey
ASNA1,darkgrey
ASPRV1,darkgrey
ASS1,darkgrey
ATF3,darkgrey
ATF6B,darkgrey
ATP11A,darkgrey
ATP2B2,darkgrey
ATP4B,darkgrey
ATP6V0A1,darkgrey
ATP6V0A4,darkgrey
ATP6V0E1,darkgrey
ATP6V1B1,darkgrey
ATXN7L1,darkgrey
AUTS2,darkgrey
AZI2,darkgrey
B3GALNT2,darkgrey
B3GALT4,darkgrey
B4GALNT4,darkgrey
BAHCC1,darkgrey
BANP,darkgrey
BAT2,darkgrey
BAT3,darkgrey
BAT5,darkgrey
BCAT1,darkgrey
BCL2L12,darkgrey
BCL6,darkgrey
BECN1,darkgrey
BEST4,darkgrey
BET1,darkgrey
BICD1,darkgrey
BLMH,darkgrey
BMP1,darkgrey
BOK,darkgrey
BRD2,darkgrey
BRDT,darkgrey
BRF1,darkgrey
BRSK1,darkgrey
BSN,darkgrey
BST1,darkgrey
BUB1B,darkgrey
BUD13,darkgrey
BZW2,darkgrey
C10ORF11,darkgrey
C10ORF18,darkgrey
C10ORF90,darkgrey
C11ORF31,darkgrey
C11ORF41,darkgrey
C12ORF23,darkgrey
C12ORF32,darkgrey
C12ORF41,darkgrey
C12ORF51,darkgrey
C12ORF56,darkgrey
C12ORF57,darkgrey
C12ORF77,darkgrey
C13ORF35,darkgrey
C14ORF177,darkgrey
C14ORF182,darkgrey
C14ORF34,darkgrey
C14ORF37,darkgrey
C14ORF39,darkgrey
C15ORF55,darkgrey
C16ORF75,darkgrey
C16ORF86,darkgrey
C16ORF91,darkgrey
C17ORF28,darkgrey
C17ORF85,darkgrey
C18ORF8,darkgrey
C19ORF26,darkgrey
C19ORF6,darkgrey
C19ORF61,darkgrey
C19ORF62,darkgrey
C1ORF115,darkgrey
C1ORF116,darkgrey
C1ORF127,darkgrey
C1ORF144,darkgrey
C1S,darkgrey
C2ORF57,darkgrey
C2ORF63,darkgrey
C2ORF65,darkgrey
C2ORF89,darkgrey
C3ORF1,darkgrey
C3ORF50,darkgrey
C5ORF38,darkgrey
C5ORF56,darkgrey
C6ORF105,darkgrey
C6ORF126,darkgrey
C6ORF176,darkgrey
C6ORF226,darkgrey
C7ORF20,darkgrey
C7ORF55,darkgrey
C7ORF58,darkgrey
C7ORF65,darkgrey
C8ORF37,darkgrey
C8ORF42,darkgrey
C8ORF46,darkgrey
C8ORF73,darkgrey
C9ORF106,darkgrey
C9ORF7,darkgrey
C9ORF95,darkgrey
CABP2,darkgrey
CACNA1C,darkgrey
CACNA1D,darkgrey
CACNA1H,darkgrey
CACNA2D3,darkgrey
CACNA2D4,darkgrey
CACNG6,darkgrey
CAD,darkgrey
CALD1,darkgrey
CALHM1,darkgrey
CALHM3,darkgrey
CALM2,darkgrey
CALM3,darkgrey
CALN1,darkgrey
CAMK1D,darkgrey
CAMK2D,darkgrey
CAMTA1,darkgrey
CAMTA2,darkgrey
CANT1,darkgrey
CAP2,darkgrey
CAPN14,darkgrey
CAPN8,darkgrey
CAPRIN1,darkgrey
CAPZB,darkgrey
CARD14,darkgrey
CARD9,darkgrey
CASP2,darkgrey
CASP8,darkgrey
CASZ1,darkgrey
CAV3,darkgrey
CBFA2T3,darkgrey
CBLC,darkgrey
CBX2,darkgrey
CCDC13,darkgrey
CCDC148,darkgrey
CCDC19,darkgrey
CCDC28A,darkgrey
CCDC40,darkgrey
CCDC41,darkgrey
CCDC57,darkgrey
CCDC9,darkgrey
CCKAR,darkgrey
CCL13,darkgrey
CCL23,darkgrey
CCNA2,darkgrey
CCR6,darkgrey
CD177,darkgrey
CD1D,darkgrey
CD247,darkgrey
CD59,darkgrey
CD6,darkgrey
CD82,darkgrey
CDC42BPB,darkgrey
CDCA7,darkgrey
CDH13,darkgrey
CDH15,darkgrey
CDH23,darkgrey
CDH4,darkgrey
CDK14,darkgrey
CDK3,darkgrey
CDKN1C,darkgrey
CDKN2C,darkgrey
CDX1,darkgrey
CELSR1,darkgrey
CENPN,darkgrey
CEP152,darkgrey
CEP72,darkgrey
CFL2,darkgrey
CHCHD3,darkgrey
CHFR,darkgrey
CHI3L2,darkgrey
CHN2,darkgrey
CHRM5,darkgrey
CHRNA3,darkgrey
CHRNA7,darkgrey
CHRNB2,darkgrey
CIDEA,darkgrey
CIITA,darkgrey
CIRH1A,darkgrey
CLASP1,darkgrey
CLCN1,darkgrey
CLDN16,darkgrey
CLRN2,darkgrey
CLRN3,darkgrey
CLTA,darkgrey
CMBL,darkgrey
CMIP,darkgrey
CMTM1,darkgrey
CMTM6,darkgrey
CNGA3,darkgrey
CNKSR3,darkgrey
CNNM2,darkgrey
CNTD1,darkgrey
CNTN2,darkgrey
COBL,darkgrey
COG5,darkgrey
COG6,darkgrey
COL11A2,darkgrey
COL12A1,darkgrey
COL13A1,darkgrey
COL14A1,darkgrey
COL15A1,darkgrey
COL1A1,darkgrey
COL23A1,darkgrey
COL24A1,darkgrey
COL4A1,darkgrey
COL4A2,darkgrey
COL8A1,darkgrey
COL9A1,darkgrey
COLQ,darkgrey
COMMD9,darkgrey
COPS7A,darkgrey
CORO1B,darkgrey
COX4NB,darkgrey
COX5B,darkgrey
COX7C,darkgrey
CPLX4,darkgrey
CPPED1,darkgrey
CPSF1,darkgrey
CPT1C,darkgrey
CPZ,darkgrey
CRAMP1L,darkgrey
CREB3L2,darkgrey
CREB5,darkgrey
CRELD1,darkgrey
CRISPLD2,darkgrey
CRP,darkgrey
CRTAP,darkgrey
CRYBA1,darkgrey
CRYGA,darkgrey
CRYGB,darkgrey
CRYL1,darkgrey
CSMD2,darkgrey
CSNK2B,darkgrey
CT62,darkgrey
CTBP1,darkgrey
CTBP2,darkgrey
CTDSPL,darkgrey
CTNNA2,darkgrey
CTNS,darkgrey
CUL4A,darkgrey
CUX1,darkgrey
CXCR6,darkgrey
CYBRD1,darkgrey
CYFIP1,darkgrey
CYHR1,darkgrey
CYMP,darkgrey
CYP11A1,darkgrey
CYP1A1,darkgrey
CYP27C1,darkgrey
CYP4V2,darkgrey
CYR61,darkgrey
D2HGDH,darkgrey
DACT1,darkgrey
DAND5,darkgrey
DAPK2,darkgrey
DBN1,darkgrey
DCAF11,darkgrey
DCAF5,darkgrey
DCDC2,darkgrey
DCHS1,darkgrey
DCHS2,darkgrey
DCP1A,darkgrey
DCTN4,darkgrey
DDA1,darkgrey
DDR2,darkgrey
DDX10,darkgrey
DDX59,darkgrey
DEC1,darkgrey
DEFB136,darkgrey
DENND3,darkgrey
DGKG,darkgrey
DGKI,darkgrey
DHRS7C,darkgrey
DHX37,darkgrey
DHX57,darkgrey
DICER1,darkgrey
DIO3,darkgrey
DIP2C,darkgrey
DIRC3,darkgrey
DKK3,darkgrey
DLG1,darkgrey
DLG4,darkgrey
DLGAP2,darkgrey
DLX5,darkgrey
DMBT1,darkgrey
DNAH17,darkgrey
DNAH9,darkgrey
DNAI2,darkgrey
DNAJA4,darkgrey
DNAJB6,darkgrey
DNER,darkgrey
DNHD1,darkgrey
DOCK1,darkgrey
DOCK3,darkgrey
DOK3,darkgrey
DPH5,darkgrey
DPP6,darkgrey
DPYSL3,darkgrey
DSC1,darkgrey
DTD1,darkgrey
DUPD1,darkgrey
DYNLL1,darkgrey
DYRK1A,darkgrey
DYSF,darkgrey
E2F3,darkgrey
EAF1,darkgrey
EBF1,darkgrey
EBF3,darkgrey
ECE1,darkgrey
ECH1,darkgrey
ECHDC2,darkgrey
EDAR,darkgrey
EDARADD,darkgrey
EDEM1,darkgrey
EDNRA,darkgrey
EEF1B2,darkgrey
EFNA2,darkgrey
EFNA3,darkgrey
EFNA4,darkgrey
EGFLAM,darkgrey
EHD4,darkgrey
EHMT2,darkgrey
EIF3F,darkgrey
EIF4A3,darkgrey
EIF4EBP3,darkgrey
ELFN1,darkgrey
ELMO1,darkgrey
ELN,darkgrey
ELOVL5,darkgrey
ELP2P,darkgrey
EML3,darkgrey
EML6,darkgrey
ENDOD1,darkgrey
ENPP6,darkgrey
EP400,darkgrey
EPDR1,darkgrey
EPHB1,darkgrey
EPHB4,darkgrey
EPN2,darkgrey
EPN3,darkgrey
ERAP1,darkgrey
ERBB2,darkgrey
ERC1,darkgrey
ESR1,darkgrey
ESRRA,darkgrey
ETV6,darkgrey
ETV7,darkgrey
EXT1,darkgrey
EXT2,darkgrey
FADS6,darkgrey
FAF2,darkgrey
FAM101A,darkgrey
FAM107B,darkgrey
FAM129A,darkgrey
FAM160A1,darkgrey
FAM162A,darkgrey
FAM163A,darkgrey
FAM168B,darkgrey
FAM171A2,darkgrey
FAM172A,darkgrey
FAM176A,darkgrey
FAM180A,darkgrey
FAM187B,darkgrey
FAM188A,darkgrey
FAM188B,darkgrey
FAM18A,darkgrey
FAM20B,darkgrey
FAM20C,darkgrey
FAM38A,darkgrey
FAM3C,darkgrey
FAM59B,darkgrey
FAM65B,darkgrey
FAM81A,darkgrey
FAM83A,darkgrey
FAM86A,darkgrey
FAM8A1,darkgrey
FAM92A3,darkgrey
FAM96B,darkgrey
FARP1,darkgrey
FASTK,darkgrey
FAT1,darkgrey
FBF1,darkgrey
FBXO11,darkgrey
FBXO34,darkgrey
FBXO6,darkgrey
FEM1C,darkgrey
FEZ2,darkgrey
FFAR3,darkgrey
FGF1,darkgrey
FGF21,darkgrey
FGF6,darkgrey
FHDC1,darkgrey
FHL2,darkgrey
FHOD3,darkgrey
FIGLA,darkgrey
FILIP1,darkgrey
FLJ25758,darkgrey
FLJ36031,darkgrey
FLJ43663,darkgrey
FLOT1,darkgrey
FN1,darkgrey
FNDC3B,darkgrey
FOXK1,darkgrey
FOXO3,darkgrey
FOXP1,darkgrey
FRMD4A,darkgrey
FRYL,darkgrey
FSTL4,darkgrey
FTO,darkgrey
FUCA1,darkgrey
FXYD2,darkgrey
FXYD5,darkgrey
FYTTD1,darkgrey
FZD9,darkgrey
G3BP1,darkgrey
GAA,darkgrey
GAB2,darkgrey
GABARAPL2,darkgrey
GABRG3,darkgrey
GABRP,darkgrey
GALK1,darkgrey
GALNT8,darkgrey
GALNT9,darkgrey
GALNTL4,darkgrey
GALP,darkgrey
GALR1,darkgrey
GAPDHS,darkgrey
GATA3,darkgrey
GATAD2B,darkgrey
GCA,darkgrey
GDF2,darkgrey
GFPT2,darkgrey
GHRHR,darkgrey
GIGYF2,darkgrey
GJA3,darkgrey
GJA4,darkgrey
GJA8,darkgrey
GJB3,darkgrey
GLI2,darkgrey
GLIS1,darkgrey
GLOD4,darkgrey
GLRX2,darkgrey
GLT8D1,darkgrey
GMDS,darkgrey
GMIP,darkgrey
GNAL,darkgrey
GNG2,darkgrey
GNPNAT1,darkgrey
GPR125,darkgrey
GPR133,darkgrey
GPR142,darkgrey
GPR153,darkgrey
GPR161,darkgrey
GPR176,darkgrey
GPR177,darkgrey
GPR35,darkgrey
GPR45,darkgrey
GPR84,darkgrey
GPX3,darkgrey
GPX6,darkgrey
GRAMD1A,darkgrey
GRAMD3,darkgrey
GRB2,darkgrey
GREM1,darkgrey
GRIK4,darkgrey
GRPEL1,darkgrey
GRTP1,darkgrey
GSR,darkgrey
GSTO1,darkgrey
GTF2B,darkgrey
GTF3A,darkgrey
GUCY2D,darkgrey
GZMK,darkgrey
H2AFY2,darkgrey
HAAO,darkgrey
HACL1,darkgrey
HAPLN3,darkgrey
HARS,darkgrey
HCG2P7,darkgrey
HCG4P6,darkgrey
HCG9,darkgrey
HCRT,darkgrey
HDAC11,darkgrey
HDAC4,darkgrey
HDDC2,darkgrey
HEATR2,darkgrey
HEATR4,darkgrey
HEPHL1,darkgrey
HERC4,darkgrey
HEY1,darkgrey
HEY2,darkgrey
HHAT,darkgrey
HHEX,darkgrey
HHLA3,darkgrey
HIAT1,darkgrey
HIBADH,darkgrey
HIP1,darkgrey
HIPK2,darkgrey
HIST1H2AK,darkgrey
HIST1H2BB,darkgrey
HIST1H2BD,darkgrey
HIST1H2BJ,darkgrey
HIST1H3D,darkgrey
HIST1H4A,darkgrey
HIST1H4C,darkgrey
HIST1H4E,darkgrey
HIST2H2BE,darkgrey
HK1,darkgrey
HLA-B,darkgrey
HLA-DOA,darkgrey
HLA-DPB1,darkgrey
HLA-DPB2,darkgrey
HLX,darkgrey
HMCN1,darkgrey
HMOX2,darkgrey
HN1,darkgrey
HNF1A,darkgrey
HNRNPF,darkgrey
HNRNPM,darkgrey
HNRNPUL2,darkgrey
HOXA3,darkgrey
HOXC8,darkgrey
HPD,darkgrey
HRNBP3,darkgrey
HSD17B13,darkgrey
HSD17B3,darkgrey
HSPA1B,darkgrey
HSPA1L,darkgrey
HSPA2,darkgrey
HTATIP2,darkgrey
HTR3B,darkgrey
HTR4,darkgrey
ICMT,darkgrey
IDUA,darkgrey
IFI35,darkgrey
IGDCC3,darkgrey
IGF1R,darkgrey
IGFBP7,darkgrey
IGFBPL1,darkgrey
IGFN1,darkgrey
IGSF22,darkgrey
IGSF3,darkgrey
IGSF9B,darkgrey
IKBKE,darkgrey
IL17B,darkgrey
IL17RD,darkgrey
IL1F10,darkgrey
IL24,darkgrey
IL31RA,darkgrey
IMMP2L,darkgrey
INHBA,darkgrey
INMT,darkgrey
INO80C,darkgrey
INPP4A,darkgrey
INPP4B,darkgrey
INPP5A,darkgrey
IPO11,darkgrey
IQCE,darkgrey
IQCG,darkgrey
IQGAP2,darkgrey
IQSEC1,darkgrey
IQSEC3,darkgrey
IRF2,darkgrey
IRF7,darkgrey
ISCU,darkgrey
ISG20,darkgrey
ITGA5,darkgrey
ITGA9,darkgrey
ITGAE,darkgrey
ITGB1BP1,darkgrey
ITGB3,darkgrey
ITGB8,darkgrey
ITIH4,darkgrey
ITPK1,darkgrey
ITPR1,darkgrey
ITPR2,darkgrey
ITPRIP,darkgrey
ITPRIPL1,darkgrey
IZUMO1,darkgrey
JARID2,darkgrey
JAZF1,darkgrey
JMJD8,darkgrey
KANK2,darkgrey
KATNAL2,darkgrey
KAZALD1,darkgrey
KCNC1,darkgrey
KCNG2,darkgrey
KCNIP3,darkgrey
KCNJ1,darkgrey
KCNK3,darkgrey
KCNK9,darkgrey
KCNQ1,darkgrey
KCNQ1OT1,darkgrey
KCNQ3,darkgrey
KCNQ4,darkgrey
KCNU1,darkgrey
KCP,darkgrey
KCTD12,darkgrey
KCTD5,darkgrey
KDM4A,darkgrey
KHDC1,darkgrey
KIAA0240,darkgrey
KIAA0284,darkgrey
KIAA0368,darkgrey
KIAA0513,darkgrey
KIAA0556,darkgrey
KIAA0562,darkgrey
KIAA0586,darkgrey
KIAA0664,darkgrey
KIAA0922,darkgrey
KIAA1161,darkgrey
KIAA1244,darkgrey
KIAA1462,darkgrey
KIAA1919,darkgrey
KIF1B,darkgrey
KIF25,darkgrey
KIF26A,darkgrey
KIF6,darkgrey
KIF9,darkgrey
KIFC1,darkgrey
KIR2DL4,darkgrey
KLF11,darkgrey
KLF3,darkgrey
KLF7,darkgrey
KLHL29,darkgrey
KLHL30,darkgrey
KLHL32,darkgrey
KLHL36,darkgrey
KLHL5,darkgrey
KNDC1,darkgrey
KRT6A,darkgrey
KRT72,darkgrey
KRT77,darkgrey
KRT79,darkgrey
KRT80,darkgrey
KSR2,darkgrey
LACTB2,darkgrey
LAMC2,darkgrey
LAMP3,darkgrey
LANCL1,darkgrey
LANCL2,darkgrey
LARP4B,darkgrey
LASP1,darkgrey
LAX1,darkgrey
LDB2,darkgrey
LDLRAD3,darkgrey
LEPR,darkgrey
LEPREL2,darkgrey
LGR6,darkgrey
LHFPL2,darkgrey
LHFPL3,darkgrey
LHPP,darkgrey
LIMA1,darkgrey
LIMCH1,darkgrey
LIMD1,darkgrey
LMF1,darkgrey
LMNA,darkgrey
LMO7,darkgrey
LMTK3,darkgrey
LOC100128239,darkgrey
LOC100128542,darkgrey
LOC100128788,darkgrey
LOC100129637,darkgrey
LOC100130015,darkgrey
LOC100130872-SPON2,darkgrey
LOC100131726,darkgrey
LOC100133985,darkgrey
LOC145845,darkgrey
LOC149134,darkgrey
LOC222699,darkgrey
LOC283050,darkgrey
LOC284009,darkgrey
LOC284023,darkgrey
LOC285205,darkgrey
LOC285692,darkgrey
LOC285954,darkgrey
LOC344595,darkgrey
LOC390594,darkgrey
LOC399959,darkgrey
LOC493754,darkgrey
LOC642587,darkgrey
LOC651250,darkgrey
LOC728264,darkgrey
LOC90246,darkgrey
LOXHD1,darkgrey
LOXL1,darkgrey
LPCAT1,darkgrey
LPP,darkgrey
LPPR5,darkgrey
LRCH1,darkgrey
LRP2,darkgrey
LRP3,darkgrey
LRP5,darkgrey
LRP8,darkgrey
LRPPRC,darkgrey
LRRC15,darkgrey
LRRC27,darkgrey
LRRC55,darkgrey
LRRC57,darkgrey
LRRC8C,darkgrey
LRTM1,darkgrey
LSAMP,darkgrey
LSM2,darkgrey
LSP1,darkgrey
LTBP1,darkgrey
LTK,darkgrey
LY6G5C,darkgrey
LY9,darkgrey
LYN,darkgrey
MACF1,darkgrey
MAD1L1,darkgrey
MAG,darkgrey
MAGEL2,darkgrey
MAGI1,darkgrey
MAGI2,darkgrey
MALT1,darkgrey
MAMDC2,darkgrey
MAML2,darkgrey
MAP2K3,darkgrey
MAP2K4,darkgrey
MAP3K5,darkgrey
MAP4K1,darkgrey
MAP6,darkgrey
MAP6D1,darkgrey
MAPK15,darkgrey
MAPKAP1,darkgrey
MAPKAPK5,darkgrey
MAS1,darkgrey
MAS1L,darkgrey
MASP1,darkgrey
MAT2B,darkgrey
MBIP,darkgrey
MBTPS1,darkgrey
MCF2L,darkgrey
MCFD2,darkgrey
MDC1,darkgrey
MEA1,darkgrey
MED25,darkgrey
MED7,darkgrey
MEGF11,darkgrey
MEGF8,darkgrey
MEOX1,darkgrey
METTL11A,darkgrey
MFAP3L,darkgrey
MFGE8,darkgrey
MFI2,darkgrey
MFRP,darkgrey
MFSD4,darkgrey
MFSD7,darkgrey
MGAT1,darkgrey
MGAT5B,darkgrey
MGC3771,darkgrey
MGMT,darkgrey
MGRN1,darkgrey
MICAL2,darkgrey
MICALCL,darkgrey
MIIP,darkgrey
MIR1204,darkgrey
MIR206,darkgrey
MIR21,darkgrey
MIR23B,darkgrey
MIR449C,darkgrey
MIR495,darkgrey
MIR543,darkgrey
MIR548F5,darkgrey
MIR548H4,darkgrey
MIR572,darkgrey
MIR637,darkgrey
MIR654,darkgrey
MLANA,darkgrey
MLH1,darkgrey
MLNR,darkgrey
MLYCD,darkgrey
MMP2,darkgrey
MMP25,darkgrey
MOBKL2B,darkgrey
MON1A,darkgrey
MOSC1,darkgrey
MOSPD3,darkgrey
MRPL22,darkgrey
MRPL54,darkgrey
MRPS18B,darkgrey
MRPS9,darkgrey
MSRA,darkgrey
MTA1,darkgrey
MTMR7,darkgrey
MUC4,darkgrey
MVD,darkgrey
MXD1,darkgrey
MYH3,darkgrey
MYLK,darkgrey
MYO15A,darkgrey
MYO1D,darkgrey
MYO1F,darkgrey
MYOF,darkgrey
MYOM1,darkgrey
MYOM2,darkgrey
MYOZ1,darkgrey
NAA11,darkgrey
NACAP1,darkgrey
NAGS,darkgrey
NALCN,darkgrey
NAV2,darkgrey
NCALD,darkgrey
NCAPD3,darkgrey
NCAPG,darkgrey
NCK2,darkgrey
NCOA5,darkgrey
NCOA7,darkgrey
NDFIP1,darkgrey
NDUFA4L2,darkgrey
NDUFB10,darkgrey
NDUFS5,darkgrey
NEDD4L,darkgrey
NEK8,darkgrey
NES,darkgrey
NEU1,darkgrey
NEU3,darkgrey
NEUROD4,darkgrey
NEUROD6,darkgrey
NFATC1,darkgrey
NFKBIZ,darkgrey
NFYC,darkgrey
NGLY1,darkgrey
NHSL1,darkgrey
NKD1,darkgrey
NME7,darkgrey
NMNAT3,darkgrey
NMT1,darkgrey
NNMT,darkgrey
NOS1AP,darkgrey
NOS2,darkgrey
NOTCH4,darkgrey
NPFFR1,darkgrey
NPLOC4,darkgrey
NR0B2,darkgrey
NR1I3,darkgrey
NRAP,darkgrey
NRM,darkgrey
NRP2,darkgrey
NRXN1,darkgrey
NT5C2,darkgrey
NTF3,darkgrey
NTM,darkgrey
NTN4,darkgrey
NUAK1,darkgrey
NUDT16L1,darkgrey
NUMB,darkgrey
NUP107,darkgrey
NXN,darkgrey
NXNL1,darkgrey
OAS2,darkgrey
OAZ2,darkgrey
OBFC1,darkgrey
OBSL1,darkgrey
OC90,darkgrey
OCA2,darkgrey
ODF4,darkgrey
ODZ2,darkgrey
ODZ4,darkgrey
OGDH,darkgrey
OPCML,darkgrey
OR10G3,darkgrey
OR10G8,darkgrey
OR2B11,darkgrey
OR5AN1,darkgrey
OR5B21,darkgrey
ORC5L,darkgrey
OSBPL10,darkgrey
OSBPL5,darkgrey
OSGIN1,darkgrey
P2RX4,darkgrey
PACS2,darkgrey
PAIP2B,darkgrey
PAK4,darkgrey
PAK6,darkgrey
PALLD,darkgrey
PANX1,darkgrey
PANX3,darkgrey
PARP10,darkgrey
PAX5,darkgrey
PBX1,darkgrey
PCCB,darkgrey
PCDHB16,darkgrey
PCNXL3,darkgrey
PCSK6,darkgrey
PCSK9,darkgrey
PDE4D,darkgrey
PDE6B,darkgrey
PDE7B,darkgrey
PDGFA,darkgrey
PDGFRA,darkgrey
PDHX,darkgrey
PDK1,darkgrey
PDLIM1,darkgrey
PEBP4,darkgrey
PECI,darkgrey
PEX1,darkgrey
PEX10,darkgrey
PEX11G,darkgrey
PFDN2,darkgrey
PFKP,darkgrey
PGAP3,darkgrey
PGCP,darkgrey
PGR,darkgrey
PGS1,darkgrey
PHACTR1,darkgrey
PHC3,darkgrey
PHF1,darkgrey
PHF12,darkgrey
PHF19,darkgrey
PHIP,darkgrey
PHLDA2,darkgrey
PHLDB2,darkgrey
PHRF1,darkgrey
PHYHIP,darkgrey
PI15,darkgrey
PI16,darkgrey
PIGH,darkgrey
PIGV,darkgrey
PIP,darkgrey
PIWIL1,darkgrey
PIWIL2,darkgrey
PKP3,darkgrey
PLA2G2A,darkgrey
PLA2G2E,darkgrey
PLAUR,darkgrey
PLBD1,darkgrey
PLBD2,darkgrey
PLCD1,darkgrey
PLCE1,darkgrey
PLEC1,darkgrey
PLEKHA7,darkgrey
PLEKHM3,darkgrey
PLK1,darkgrey
PLXNA2,darkgrey
PMP22,darkgrey
PMVK,darkgrey
PNLDC1,darkgrey
PNOC,darkgrey
PNPLA6,darkgrey
PNPLA7,darkgrey
PODN,darkgrey
PODXL2,darkgrey
POLD1,darkgrey
POLR2E,darkgrey
PON1,darkgrey
POP4,darkgrey
POPDC2,darkgrey
POU2F2,darkgrey
PPFIA3,darkgrey
PPM1G,darkgrey
PPOX,darkgrey
PPP1R11,darkgrey
PPP2R1B,darkgrey
PPP2R2D,darkgrey
PPP4C,darkgrey
PPP4R1,darkgrey
PPT2,darkgrey
PPY2,darkgrey
PRDM16,darkgrey
PRF1,darkgrey
PRICKLE2,darkgrey
PRKAB1,darkgrey
PRKAG2,darkgrey
PRKCDBP,darkgrey
PRKCZ,darkgrey
PRPF19,darkgrey
PRPF31,darkgrey
PRPSAP1,darkgrey
PRPSAP2,darkgrey
PRR13,darkgrey
PRR23C,darkgrey
PRR24,darkgrey
PRR25,darkgrey
PRRX2,darkgrey
PRSS23,darkgrey
PRSS27,darkgrey
PRTG,darkgrey
PSKH1,darkgrey
PSMA5,darkgrey
PSMD7,darkgrey
PSORS1C1,darkgrey
PTBP1,darkgrey
PTDSS2,darkgrey
PTGER4,darkgrey
PTK2B,darkgrey
PTP4A3,darkgrey
PTPLA,darkgrey
PTPN5,darkgrey
PTPRF,darkgrey
PTPRG,darkgrey
PTPRN2,darkgrey
PTPRS,darkgrey
PUM2,darkgrey
PWWP2B,darkgrey
PXDN,darkgrey
PYROXD1,darkgrey
PYROXD2,darkgrey
QPCT,darkgrey
QSOX2,darkgrey
R3HDM1,darkgrey
RAB11FIP1,darkgrey
RAB19,darkgrey
RAB1B,darkgrey
RAB27A,darkgrey
RAB35,darkgrey
RAB36,darkgrey
RAB3GAP2,darkgrey
RABIF,darkgrey
RAD18,darkgrey
RAD51L1,darkgrey
RAD52,darkgrey
RADIL,darkgrey
RAI14,darkgrey
RALGDS,darkgrey
RAMP3,darkgrey
RAP1A,darkgrey
RAP1GAP2,darkgrey
RAPGEF2,darkgrey
RAPGEF4,darkgrey
RASA3,darkgrey
RASGRP1,darkgrey
RASGRP2,darkgrey
RASL12,darkgrey
RASSF1,darkgrey
RASSF3,darkgrey
RASSF4,darkgrey
RB1,darkgrey
RBM15,darkgrey
RBM18,darkgrey
RBM20,darkgrey
RBM23,darkgrey
RBM47,darkgrey
RCHY1,darkgrey
RCOR1,darkgrey
RECQL5,darkgrey
REEP5,darkgrey
RERE,darkgrey
REXO1L2P,darkgrey
RFX1,darkgrey
RGS5,darkgrey
RHOBTB2,darkgrey
RHOH,darkgrey
RICH2,darkgrey
RIMBP2,darkgrey
RIN3,darkgrey
RING1,darkgrey
RIPK1,darkgrey
RNASEH1,darkgrey
RND3,darkgrey
RNF121,darkgrey
RNF144A,darkgrey
RNF17,darkgrey
RNF183,darkgrey
RNF2,darkgrey
RNF216,darkgrey
RNF220,darkgrey
RNF41,darkgrey
RNF5,darkgrey
RNPC3,darkgrey
ROCK2,darkgrey
ROR1,darkgrey
RP1L1,darkgrey
RPA1,darkgrey
RPA2,darkgrey
RPAP1,darkgrey
RPH3AL,darkgrey
RPL13AP5,darkgrey
RPL22,darkgrey
RPL24,darkgrey
RPL26L1,darkgrey
RPL32,darkgrey
RPL32P3,darkgrey
RPL41,darkgrey
RPS20,darkgrey
RPS21,darkgrey
RPS26,darkgrey
RPS6KA2,darkgrey
RPTOR,darkgrey
RRN3P2,darkgrey
RRS1,darkgrey
RTCD1,darkgrey
RTN4,darkgrey
RUNX1T1,darkgrey
RUNX3,darkgrey
S100A12,darkgrey
S100A14,darkgrey
S100A6,darkgrey
SAA1,darkgrey
SAMD4A,darkgrey
SBNO2,darkgrey
SCAMP3,darkgrey
SCAND1,darkgrey
SCFD2,darkgrey
SCML4,darkgrey
SCN4A,darkgrey
SCN8A,darkgrey
SDC2,darkgrey
SDCCAG8,darkgrey
SDF4,darkgrey
SDK1,darkgrey
SEC14L5,darkgrey
SEC16B,darkgrey
SEMA4F,darkgrey
SEMA6A,darkgrey
SEMA6B,darkgrey
SEMA6D,darkgrey
SEPHS2,darkgrey
SEPT10,darkgrey
SEPT9,darkgrey
SERPINA6,darkgrey
SERPINB8,darkgrey
SF3B14,darkgrey
SFMBT2,darkgrey
SFRP1,darkgrey
SFRP2,darkgrey
SFRS8,darkgrey
SFXN2,darkgrey
SFXN5,darkgrey
SGCA,darkgrey
SGPP1,darkgrey
SH2D4B,darkgrey
SH3PXD2A,darkgrey
SH3RF3,darkgrey
SHANK2,darkgrey
SHC4,darkgrey
SHISA4,darkgrey
SHISA6,darkgrey
SHROOM3,darkgrey
SIX3,darkgrey
SKI,darkgrey
SKIL,darkgrey
SLC12A3,darkgrey
SLC12A4,darkgrey
SLC12A8,darkgrey
SLC16A5,darkgrey
SLC1A3,darkgrey
SLC20A2,darkgrey
SLC22A12,darkgrey
SLC22A15,darkgrey
SLC23A1,darkgrey
SLC24A4,darkgrey
SLC25A31,darkgrey
SLC25A37,darkgrey
SLC27A1,darkgrey
SLC30A1,darkgrey
SLC34A1,darkgrey
SLC35C1,darkgrey
SLC35F2,darkgrey
SLC35F4,darkgrey
SLC35F5,darkgrey
SLC38A8,darkgrey
SLC39A11,darkgrey
SLC44A3,darkgrey
SLC45A1,darkgrey
SLC5A10,darkgrey
SLC6A6,darkgrey
SLC7A1,darkgrey
SLC9A3,darkgrey
SLIT3,darkgrey
SMAD1,darkgrey
SMAD7,darkgrey
SMARCA5,darkgrey
SMC2,darkgrey
SMG5,darkgrey
SMUG1,darkgrey
SMURF1,darkgrey
SMYD2,darkgrey
SNCAIP,darkgrey
SND1,darkgrey
SNRNP35,darkgrey
SNTG2,darkgrey
SNX17,darkgrey
SNX19,darkgrey
SNX2,darkgrey
SNX20,darkgrey
SNX29,darkgrey
SOD3,darkgrey
SORBS1,darkgrey
SORBS2,darkgrey
SORL1,darkgrey
SOS1,darkgrey
SOS2,darkgrey
SOST,darkgrey
SP140,darkgrey
SPAG1,darkgrey
SPARC,darkgrey
SPATA13,darkgrey
SPATA2,darkgrey
SPEG,darkgrey
SPIRE2,darkgrey
SPNS2,darkgrey
SPR,darkgrey
SPSB1,darkgrey
SPTB,darkgrey
SPTY2D1,darkgrey
SRCRB4D,darkgrey
SRP68,darkgrey
SSBP3,darkgrey
SSH1,darkgrey
ST14,darkgrey
ST3GAL1,darkgrey
ST5,darkgrey
ST6GALNAC6,darkgrey
ST7,darkgrey
ST8SIA4,darkgrey
STAP2,darkgrey
STARD3,darkgrey
STARD5,darkgrey
STARD9,darkgrey
STAT3,darkgrey
STC1,darkgrey
STK32B,darkgrey
STK32C,darkgrey
STK38L,darkgrey
STOML2,darkgrey
STRA8,darkgrey
STX12,darkgrey
SUPT16H,darkgrey
SUSD5,darkgrey
SUV420H2,darkgrey
SYNGAP1,darkgrey
SYNJ2,darkgrey
SYNPO,darkgrey
SYT1,darkgrey
SYT13,darkgrey
SYT7,darkgrey
TAC1,darkgrey
TAC3,darkgrey
TAF5L,darkgrey
TAGAP,darkgrey
TAS2R4,darkgrey
TBC1D1,darkgrey
TBC1D15,darkgrey
TBC1D16,darkgrey
TBC1D8,darkgrey
TBC1D9B,darkgrey
TBCB,darkgrey
TBXAS1,darkgrey
TCF4,darkgrey
TCF7L1,darkgrey
TCF7L2,darkgrey
TCL6,darkgrey
TCP1,darkgrey
TDH,darkgrey
TDRD1,darkgrey
TEAD1,darkgrey
TEC,darkgrey
TERT,darkgrey
TFB1M,darkgrey
TFDP1,darkgrey
TFEB,darkgrey
TGFBI,darkgrey
TGM1,darkgrey
THBS1,darkgrey
THRA,darkgrey
THSD4,darkgrey
THUMPD1,darkgrey
THUMPD2,darkgrey
TIFAB,darkgrey
TIMM8B,darkgrey
TK2,darkgrey
TLR2,darkgrey
TM7SF4,darkgrey
TMED7-TICAM2,darkgrey
TMEM106C,darkgrey
TMEM127,darkgrey
TMEM134,darkgrey
TMEM140,darkgrey
TMEM159,darkgrey
TMEM181,darkgrey
TMEM53,darkgrey
TMPRSS9,darkgrey
TMSB10,darkgrey
TMUB2,darkgrey
TMX3,darkgrey
TNFAIP8,darkgrey
TNFRSF13C,darkgrey
TNFRSF1B,darkgrey
TNFRSF8,darkgrey
TNIK,darkgrey
TNNC1,darkgrey
TNNI3K,darkgrey
TNXB,darkgrey
TOLLIP,darkgrey
TOMM7,darkgrey
TPD52L1,darkgrey
TPM2,darkgrey
TPRA1,darkgrey
TRAF3IP3,darkgrey
TRAF5,darkgrey
TRAK1,darkgrey
TRAM2,darkgrey
TRDMT1,darkgrey
TRERF1,darkgrey
TRIB1,darkgrey
TRIM10,darkgrey
TRIM14,darkgrey
TRIM31,darkgrey
TRIM39,darkgrey
TRIM5,darkgrey
TRIM56,darkgrey
TRIM6,darkgrey
TRIM6-TRIM34,darkgrey
TRIO,darkgrey
TRMT1,darkgrey
TRMT61B,darkgrey
TRPC7,darkgrey
TRPM5,darkgrey
TSPAN12,darkgrey
TSPAN18,darkgrey
TSPAN9,darkgrey
TSTA3,darkgrey
TTBK1,darkgrey
TTC18,darkgrey
TTC33,darkgrey
TTC7B,darkgrey
TTC9,darkgrey
TTLL2,darkgrey
TTLL6,darkgrey
TUFT1,darkgrey
TULP4,darkgrey
TXNDC11,darkgrey
TXNDC3,darkgrey
UBAC1,darkgrey
UBAC2,darkgrey
UBASH3B,darkgrey
UBD,darkgrey
UBE2J2,darkgrey
UBE2QL1,darkgrey
UBE2QP1,darkgrey
UBE2U,darkgrey
UBE2V2,darkgrey
UBE3B,darkgrey
UHRF1,darkgrey
ULK1,darkgrey
UNC119,darkgrey
UNC45B,darkgrey
UNC84A,darkgrey
UOX,darkgrey
UQCRC2,darkgrey
URGCP,darkgrey
USO1,darkgrey
USP15,darkgrey
USP2,darkgrey
USP3,darkgrey
USP42,darkgrey
USP48,darkgrey
VHLL,darkgrey
VIL1,darkgrey
VIT,darkgrey
VPS26A,darkgrey
VPS4B,darkgrey
VPS52,darkgrey
VPS8,darkgrey
VRK2,darkgrey
VWA1,darkgrey
VWA5B1,darkgrey
WASF2,darkgrey
WBP11P1,darkgrey
WDR27,darkgrey
WDR4,darkgrey
WDR8,darkgrey
WDR86,darkgrey
WDTC1,darkgrey
WIPF1,darkgrey
WISP3,darkgrey
WNK2,darkgrey
WNT5B,darkgrey
WNT7A,darkgrey
WRN,darkgrey
WWOX,darkgrey
WWP1,darkgrey
WWP2,darkgrey
XIRP1,darkgrey
XKR4,darkgrey
XKR6,darkgrey
XPO5,darkgrey
XRCC1,darkgrey
YAF2,darkgrey
YME1L1,darkgrey
YPEL2,darkgrey
YTHDF3,darkgrey
ZADH2,darkgrey
ZBTB20,darkgrey
ZBTB24,darkgrey
ZBTB3,darkgrey
ZBTB4,darkgrey
ZBTB9,darkgrey
ZC3H11A,darkgrey
ZC3H3,darkgrey
ZC3H4,darkgrey
ZDHHC14,darkgrey
ZDHHC5,darkgrey
ZFAT,darkgrey
ZFC3H1,darkgrey
ZFHX3,darkgrey
ZFP36L2,darkgrey
ZFP37,darkgrey
ZFPM1,darkgrey
ZFR2,darkgrey
ZFYVE1,darkgrey
ZKSCAN1,darkgrey
ZKSCAN4,darkgrey
ZMYND11,darkgrey
ZMYND17,darkgrey
ZNF138,darkgrey
ZNF142,darkgrey
ZNF169,darkgrey
ZNF195,darkgrey
ZNF200,darkgrey
ZNF343,darkgrey
ZNF365,darkgrey
ZNF43,darkgrey
ZNF474,darkgrey
ZNF488,darkgrey
ZNF498,darkgrey
ZNF512,darkgrey
ZNF548,darkgrey
ZNF582,darkgrey
ZNF586,darkgrey
ZNF644,darkgrey
ZNF678,darkgrey
ZNF704,darkgrey
ZNF777,darkgrey
ZNF780A,darkgrey
ZNF835,darkgrey
ZNF837,darkgrey
ZNF862,darkgrey
ZWINT,darkgrey
ZZEF1,darkgrey
A2BP1,darkred
ABCA17P,darkred
ABCA7,darkred
ABCC1,darkred
ABCG2,darkred
ABCG8,darkred
ABHD11,darkred
ABLIM2,darkred
ABLIM3,darkred
ABR,darkred
ACACA,darkred
ACADL,darkred
ACADS,darkred
ACAP3,darkred
ACCN1,darkred
ACCN3,darkred
ACCN4,darkred
ACER3,darkred
ACLY,darkred
ACOT7,darkred
ACP5,darkred
ACRBP,darkred
ACSBG1,darkred
ACTL7A,darkred
ACTR3C,darkred
ADAMTS17,darkred
ADAMTS2,darkred
ADAMTSL2,darkred
ADAMTSL5,darkred
ADARB2,darkred
ADCY8,darkred
ADCY9,darkred
ADCYAP1R1,darkred
ADO,darkred
ADORA1,darkred
ADORA2B,darkred
ADORA3,darkred
ADRA1A,darkred
ADRA2B,darkred
ADSSL1,darkred
AEBP1,darkred
AES,darkred
AFAP1,darkred
AFF3,darkred
AGAP1,darkred
AGAP3,darkred
AGL,darkred
AHRR,darkred
AIP,darkred
AKAP5,darkred
AKD1,darkred
AKNA,darkred
AKT1,darkred
ALDH1A3,darkred
ALDH5A1,darkred
ALDOC,darkred
ALOX5,darkred
ALX1,darkred
ALX4,darkred
AMPH,darkred
ANGEL1,darkred
ANGPTL6,darkred
ANK1,darkred
ANKFY1,darkred
ANKRD11,darkred
ANKRD13A,darkred
ANKRD13B,darkred
ANKRD34C,darkred
ANKRD37,darkred
ANKRD50,darkred
ANKRD55,darkred
ANKS1A,darkred
ANO2,darkred
ANO9,darkred
ANP32E,darkred
ANTXR1,darkred
AP3B1,darkred
AP3D1,darkred
AP3M1,darkred
APBA1,darkred
APC2,darkred
APITD1,darkred
APLP1,darkred
APOC1,darkred
APOLD1,darkred
APRT,darkred
ARAP1,darkred
ARFGAP2,darkred
ARHGAP12,darkred
ARHGAP18,darkred
ARHGAP23,darkred
ARHGEF10,darkred
ARHGEF3,darkred
ARHGEF7,darkred
ARID1B,darkred
ARID5B,darkred
ARL15,darkred
ARL3,darkred
ARL5B,darkred
ARMC3,darkred
ARMC9,darkred
ARNTL,darkred
ARNTL2,darkred
ARPC3,darkred
ARRB1,darkred
AS3MT,darkred
ASPG,darkred
ASPSCR1,darkred
ASRGL1,darkred
ASTN2,darkred
ATF3,darkred
ATG10,darkred
ATM,darkred
ATOH8,darkred
ATP10A,darkred
ATP11A,darkred
ATP2B4,darkred
ATP2C2,darkred
ATP4B,darkred
ATP5G2,darkred
ATP6V0A1,darkred
ATP6V0D1,darkred
ATP6V0E1,darkred
ATP6V1H,darkred
ATP9B,darkred
ATPBD4,darkred
ATRNL1,darkred
ATXN1,darkred
ATXN7L1,darkred
AUTS2,darkred
AVL9,darkred
AXIN2,darkred
AZI1,darkred
B3GALNT1,darkred
B3GAT1,darkred
B3GAT3,darkred
B4GALNT1,darkred
B4GALNT2,darkred
B4GALNT3,darkred
B4GALNT4,darkred
B4GALT6,darkred
BAHCC1,darkred
BAI1,darkred
BAIAP2,darkred
BANP,darkred
BAT4,darkred
BCAR3,darkred
BCAT1,darkred
BCCIP,darkred
BCL11B,darkred
BCL2,darkred
BCL2L10,darkred
BCL6,darkred
BDNF,darkred
BICD2,darkred
BLOC1S2,darkred
BMP7,darkred
BMP8A,darkred
BNC2,darkred
BNIP3,darkred
BNIP3L,darkred
BRAP,darkred
BRD3,darkred
BRF1,darkred
BRSK2,darkred
BTBD9,darkred
BUB1,darkred
C10ORF11,darkred
C10ORF114,darkred
C10ORF140,darkred
C10ORF26,darkred
C10ORF41,darkred
C11ORF34,darkred
C11ORF41,darkred
C11ORF42,darkred
C11ORF52,darkred
C11ORF60,darkred
C11ORF63,darkred
C11ORF67,darkred
C11ORF87,darkred
C11ORF92,darkred
C12ORF48,darkred
C12ORF62,darkred
C13ORF16,darkred
C13ORF18,darkred
C13ORF26,darkred
C13ORF27,darkred
C13ORF34,darkred
C13ORF38,darkred
C14ORF106,darkred
C14ORF19,darkred
C14ORF23,darkred
C14ORF49,darkred
C15ORF28,darkred
C15ORF52,darkred
C16ORF13,darkred
C16ORF45,darkred
C16ORF58,darkred
C16ORF63,darkred
C16ORF72,darkred
C16ORF74,darkred
C17ORF100,darkred
C17ORF105,darkred
C17ORF46,darkred
C17ORF50,darkred
C17ORF62,darkred
C17ORF76,darkred
C17ORF97,darkred
C18ORF20,darkred
C18ORF21,darkred
C19ORF12,darkred
C19ORF21,darkred
C19ORF24,darkred
C19ORF57,darkred
C1ORF158,darkred
C1ORF159,darkred
C1ORF168,darkred
C1ORF177,darkred
C1ORF21,darkred
C1ORF210,darkred
C1ORF228,darkred
C1ORF51,darkred
C1ORF61,darkred
C1ORF65,darkred
C1ORF69,darkred
C1ORF86,darkred
C1ORF88,darkred
C1ORF94,darkred
C1ORF95,darkred
C1ORF97,darkred
C1QTNF4,darkred
C1QTNF9,darkred
C20ORF85,darkred
C21ORF57,darkred
C2CD3,darkred
C2ORF55,darkred
C2ORF61,darkred
C2ORF70,darkred
C2ORF74,darkred
C2ORF90,darkred
C3ORF21,darkred
C3ORF37,darkred
C3ORF50,darkred
C3ORF52,darkred
C3ORF57,darkred
C3ORF59,darkred
C3ORF62,darkred
C3ORF67,darkred
C4ORF23,darkred
C4ORF42,darkred
C5ORF52,darkred
C6ORF123,darkred
C6ORF130,darkred
C6ORF145,darkred
C6ORF204,darkred
C6ORF26,darkred
C6ORF48,darkred
C6ORF52,darkred
C7ORF23,darkred
C7ORF50,darkred
C8ORF56,darkred
C8ORF85,darkred
CAB39,darkred
CABC1,darkred
CABLES1,darkred
CACHD1,darkred
CACNA1H,darkred
CACNA2D1,darkred
CACNB2,darkred
CACNG1,darkred
CADM1,darkred
CALD1,darkred
CALM2,darkred
CAMK1D,darkred
CAMK2A,darkred
CAMK2B,darkred
CAMKK1,darkred
CAMTA1,darkred
CAMTA2,darkred
CAP2,darkred
CAPN2,darkred
CAPZB,darkred
CARD14,darkred
CASC2,darkred
CASKIN2,darkred
CASP10,darkred
CASQ1,darkred
CASZ1,darkred
CBFA2T3,darkred
CBLN4,darkred
CBX2,darkred
CBX4,darkred
CC2D2A,darkred
CC2D2B,darkred
CCDC126,darkred
CCDC147,darkred
CCDC17,darkred
CCDC21,darkred
CCDC25,darkred
CCDC42,darkred
CCDC46,darkred
CCDC57,darkred
CCDC8,darkred
CCDC85A,darkred
CCDC88C,darkred
CCDC89,darkred
CCDC90A,darkred
CCHCR1,darkred
CCND1,darkred
CCND2,darkred
CCNF,darkred
CCS,darkred
CD164L2,darkred
CD302,darkred
CD40,darkred
CD68,darkred
CD70,darkred
CD81,darkred
CDC42BPB,darkred
CDC42SE2,darkred
CDC5L,darkred
CDH13,darkred
CDH15,darkred
CDH2,darkred
CDH23,darkred
CDH3,darkred
CDH8,darkred
CDK11B,darkred
CDK20,darkred
CDK2AP1,darkred
CDK2AP2,darkred
CDON,darkred
CDS1,darkred
CDYL,darkred
CELSR2,darkred
CENPO,darkred
CEP152,darkred
CFTR,darkred
CHADL,darkred
CHFR,darkred
CHI3L1,darkred
CHI3L2,darkred
CHL1,darkred
CHMP1A,darkred
CHMP6,darkred
CHRM2,darkred
CHRNB2,darkred
CHST10,darkred
CHST11,darkred
CHST12,darkred
CHST15,darkred
CHSY1,darkred
CIR1,darkred
CISD3,darkred
CKLF,darkred
CLASP1,darkred
CLDN1,darkred
CLDN10,darkred
CLIC1,darkred
CLPB,darkred
CLSTN1,darkred
CLTA,darkred
CMAH,darkred
CMIP,darkred
CMTM5,darkred
CNIH2,darkred
CNIH4,darkred
CNO,darkred
CNTNAP2,darkred
CNTNAP5,darkred
COASY,darkred
COL11A2,darkred
COL12A1,darkred
COL23A1,darkred
COL24A1,darkred
COL2A1,darkred
COL4A2,darkred
COL6A3,darkred
COLQ,darkred
COMMD3,darkred
COPZ1,darkred
COQ10A,darkred
COTL1,darkred
COX16,darkred
COX5A,darkred
COX5B,darkred
COX6A2,darkred
CPEB4,darkred
CPNE8,darkred
CPSF6,darkred
CR1L,darkred
CRAMP1L,darkred
CRCT1,darkred
CREB3L3,darkred
CREB3L4,darkred
CREB5,darkred
CRISPLD2,darkred
CRK,darkred
CRTAC1,darkred
CRYBA2,darkred
CRYGS,darkred
CS,darkred
CSMD1,darkred
CSMD2,darkred
CSNK1G2,darkred
CTNNA2,darkred
CTSF,darkred
CUGBP1,darkred
CUGBP2,darkred
CUL1,darkred
CUX1,darkred
CUX2,darkred
CWF19L1,darkred
CXCL12,darkred
CXCR5,darkred
CXCR6,darkred
CXCR7,darkred
CXXC5,darkred
CYB5R2,darkred
CYFIP1,darkred
CYP2E1,darkred
CYP46A1,darkred
CYP4F3,darkred
CYTH2,darkred
D2HGDH,darkred
DAAM1,darkred
DAB1,darkred
DAB2IP,darkred
DACT2,darkred
DAPK1,darkred
DARS,darkred
DAXX,darkred
DAZL,darkred
DBNDD1,darkred
DBNDD2,darkred
DCAF13,darkred
DCC,darkred
DCLK2,darkred
DCLRE1C,darkred
DDHD1,darkred
DDR1,darkred
DDX46,darkred
DEAF1,darkred
DEGS2,darkred
DENND1A,darkred
DENND1B,darkred
DENND3,darkred
DENND5B,darkred
DGKG,darkred
DHCR7,darkred
DHDDS,darkred
DHRS1,darkred
DHRS12,darkred
DHX16,darkred
DHX30,darkred
DHX36,darkred
DIO2,darkred
DIP2C,darkred
DIRC3,darkred
DLEU7,darkred
DLGAP2,darkred
DLX4,darkred
DLX5,darkred
DMKN,darkred
DMP1,darkred
DMRT2,darkred
DMRTA2,darkred
DNAH10,darkred
DNAJB6,darkred
DNAJC28,darkred
DNAJC5,darkred
DNAJC6,darkred
DNER,darkred
DOCK4,darkred
DOT1L,darkred
DPF1,darkred
DPF3,darkred
DPP6,darkred
DPYSL3,darkred
DPYSL5,darkred
DSCAM,darkred
DSEL,darkred
DTX4,darkred
DUSP26,darkred
DUSP6,darkred
DYNC1I1,darkred
DYRK2,darkred
DYRK4,darkred
DZIP3,darkred
E2F7,darkred
EBF2,darkred
EBF3,darkred
EBF4,darkred
EBPL,darkred
ECE2,darkred
ECHDC2,darkred
EDNRB,darkred
EEF2,darkred
EEPD1,darkred
EFNB2,darkred
EGLN1,darkred
EHD3,darkred
EHMT1,darkred
EHMT2,darkred
EIF1B,darkred
EIF2AK4,darkred
EIF2B3,darkred
EIF2C2,darkred
EIF3A,darkred
EIF3B,darkred
EIF3M,darkred
EIF5B,darkred
ELFN2,darkred
ELL2,darkred
ELOVL6,darkred
ELP2P,darkred
EME2,darkred
EMP3,darkred
ENO1,darkred
ENO2,darkred
ENOSF1,darkred
ENPP7,darkred
EP400,darkred
EP400NL,darkred
EPAS1,darkred
EPB41L3,darkred
EPHA5,darkred
EPHA6,darkred
EPHX4,darkred
EPN3,darkred
ERBB2,darkred
ERBB4,darkred
ERC2,darkred
ERICH1,darkred
ERLIN2,darkred
ESR1,darkred
ETS2,darkred
ETV1,darkred
ETV5,darkred
EXOC1,darkred
EXOC6B,darkred
EXOC7,darkred
EXPH5,darkred
EXT1,darkred
F11,darkred
F13A1,darkred
FADS2,darkred
FAM101B,darkred
FAM108C1,darkred
FAM110B,darkred
FAM123A,darkred
FAM131B,darkred
FAM135B,darkred
FAM155A,darkred
FAM162B,darkred
FAM163A,darkred
FAM169A,darkred
FAM170A,darkred
FAM171A2,darkred
FAM181A,darkred
FAM189A1,darkred
FAM193A,darkred
FAM19A5,darkred
FAM20C,darkred
FAM26F,darkred
FAM38A,darkred
FAM3B,darkred
FAM46A,darkred
FAM49A,darkred
FAM53A,darkred
FAM55C,darkred
FAM5B,darkred
FAM78B,darkred
FAM83A,darkred
FANCA,darkred
FARP1,darkred
FAT1,darkred
FBL,darkred
FBLN2,darkred
FBXL17,darkred
FBXL18,darkred
FBXL7,darkred
FBXO44,darkred
FBXW8,darkred
FCHSD2,darkred
FCRL1,darkred
FEM1C,darkred
FEZ2,darkred
FGF11,darkred
FGF14,darkred
FGF17,darkred
FGF18,darkred
FGF20,darkred
FGF9,darkred
FGFR1,darkred
FGFR3,darkred
FGGY,darkred
FHAD1,darkred
FHOD3,darkred
FIBCD1,darkred
FIGN,darkred
FIGNL2,darkred
FIP1L1,darkred
FJX1,darkred
FKBP5,darkred
FKBP7,darkred
FLII,darkred
FLJ35024,darkred
FLJ37543,darkred
FLJ39609,darkred
FLJ41350,darkred
FLJ41603,darkred
FLJ42709,darkred
FLJ43663,darkred
FLOT1,darkred
FLRT1,darkred
FN3K,darkred
FNDC3B,darkred
FOXF1,darkred
FOXF2,darkred
FOXG1,darkred
FOXI2,darkred
FOXK1,darkred
FOXK2,darkred
FOXM1,darkred
FRAT2,darkred
FRMD4A,darkred
FRMD5,darkred
FSIP1,darkred
FUS,darkred
FXC1,darkred
FXYD1,darkred
FXYD6,darkred
FXYD7,darkred
FYN,darkred
FZD9,darkred
G6PC,darkred
GABARAP,darkred
GABBR1,darkred
GABRB1,darkred
GABRB2,darkred
GAK,darkred
GAL3ST4,darkred
GALK1,darkred
GALNT1,darkred
GALNT10,darkred
GAPDHS,darkred
GAST,darkred
GATA6,darkred
GATAD2A,darkred
GATC,darkred
GDF1,darkred
GDF7,darkred
GDNF,darkred
GEFT,darkred
GFPT2,darkred
GGN,darkred
GIGYF1,darkred
GIMAP7,darkred
GIPC2,darkred
GJB2,darkred
GLDC,darkred
GLI2,darkred
GLI3,darkred
GLI4,darkred
GLTPD1,darkred
GLYR1,darkred
GMDS,darkred
GNA12,darkred
GNA14,darkred
GNAL,darkred
GNAO1,darkred
GNB2,darkred
GNB2L1,darkred
GOLGA5,darkred
GOLM1,darkred
GOLSYN,darkred
GPC1,darkred
GPR133,darkred
GPR135,darkred
GPR150,darkred
GPR153,darkred
GPR17,darkred
GPR177,darkred
GPR182,darkred
GPR21,darkred
GPR26,darkred
GPR37L1,darkred
GPR6,darkred
GPSM3,darkred
GRAMD2,darkred
GREB1L,darkred
GRIA2,darkred
GRID1,darkred
GRID2IP,darkred
GRIK2,darkred
GRK4,darkred
GRTP1,darkred
GSN,darkred
GSTO2,darkred
GSX1,darkred
GSX2,darkred
GTF2A1L,darkred
GTF2H4,darkred
GTF3C2,darkred
GTPBP3,darkred
GUCY1B3,darkred
GXYLT2,darkred
HAO2,darkred
HAPLN2,darkred
HAS1,darkred
HAS3,darkred
HAUS5,darkred
HCCA2,darkred
HCN2,darkred
HCP5,darkred
HCRTR1,darkred
HDAC4,darkred
HDAC7,darkred
HEATR2,darkred
HEBP1,darkred
HEG1,darkred
HERC2,darkred
HEXDC,darkred
HEY1,darkred
HFE2,darkred
HGS,darkred
HINT2,darkred
HIPK2,darkred
HIST1H1A,darkred
HIST2H2AA3,darkred
HIVEP3,darkred
HJURP,darkred
HKR1,darkred
HLA-DMA,darkred
HLA-DMB,darkred
HLA-DQB1,darkred
HLF,darkred
HMGN3,darkred
HOMER3,darkred
HORMAD2,darkred
HOXA3,darkred
HOXC8,darkred
HOXD11,darkred
HOXD3,darkred
HPCAL1,darkred
HPGD,darkred
HRC,darkred
HRNBP3,darkred
HS6ST1,darkred
HSD17B12,darkred
HSD17B14,darkred
HSP90AB1,darkred
HSPA12B,darkred
HSPA14,darkred
HSPA1L,darkred
HSPA2,darkred
HTRA1,darkred
HYDIN,darkred
HYLS1,darkred
ID2,darkred
IFNGR2,darkred
IFRD1,darkred
IGF1R,darkred
IGF2AS,darkred
IGF2BP3,darkred
IGF2R,darkred
IGFBP5,darkred
IL13,darkred
IL1B,darkred
IL34,darkred
IMPA1,darkred
INO80E,darkred
INPP4A,darkred
INPP5A,darkred
INS-IGF2,darkred
INTS10,darkred
INTS6,darkred
INTS9,darkred
IQCC,darkred
IQCE,darkred
IQCH,darkred
IQSEC1,darkred
IRAK3,darkred
IRX1,darkred
IRX2,darkred
IRX3,darkred
ISLR2,darkred
ISOC1,darkred
ISOC2,darkred
ITGA2,darkred
ITGAD,darkred
ITGB4,darkred
ITPKB,darkred
IVNS1ABP,darkred
JARID2,darkred
JAZF1,darkred
JDP2,darkred
JMY,darkred
JPH3,darkred
JUN,darkred
KAZALD1,darkred
KCNA2,darkred
KCNAB1,darkred
KCNE4,darkred
KCNG3,darkred
KCNH1,darkred
KCNH7,darkred
KCNH8,darkred
KCNIP1,darkred
KCNIP4,darkred
KCNJ1,darkred
KCNK13,darkred
KCNK3,darkred
KCNK9,darkred
KCNMB4,darkred
KCNQ1DN,darkred
KCNQ4,darkred
KCNT2,darkred
KCNV1,darkred
KCTD18,darkred
KCTD4,darkred
KDM2B,darkred
KDM3B,darkred
KDM4B,darkred
KIAA0141,darkred
KIAA0247,darkred
KIAA0415,darkred
KIAA0556,darkred
KIAA0664,darkred
KIAA0802,darkred
KIAA1239,darkred
KIAA1407,darkred
KIAA1522,darkred
KIAA1530,darkred
KIAA1549,darkred
KIAA1751,darkred
KIAA1755,darkred
KIAA1875,darkred
KIDINS220,darkred
KIF18B,darkred
KIF21B,darkred
KIF26B,darkred
KIF5C,darkred
KISS1,darkred
KLF3,darkred
KLF4,darkred
KLHDC4,darkred
KLHDC5,darkred
KLHL14,darkred
KLHL29,darkred
KLHL3,darkred
KLHL35,darkred
KNDC1,darkred
KRAS,darkred
KREMEN2,darkred
KRT12,darkred
KRT18,darkred
KRT40,darkred
KRT85,darkred
KTI12,darkred
KTN1,darkred
LAMC2,darkred
LAX1,darkred
LCE1C,darkred
LCE2D,darkred
LCK,darkred
LCORL,darkred
LDB1,darkred
LDB2,darkred
LDB3,darkred
LDHD,darkred
LEPREL1,darkred
LFNG,darkred
LHFPL2,darkred
LHPP,darkred
LILRP2,darkred
LIMK1,darkred
LIMS2,darkred
LMF1,darkred
LMO3,darkred
LMO4,darkred
LMX1B,darkred
LNX1,darkred
LOC100128542,darkred
LOC100129034,darkred
LOC100130522,darkred
LOC100132111,darkred
LOC100132215,darkred
LOC100190939,darkred
LOC100190940,darkred
LOC145783,darkred
LOC146336,darkred
LOC149837,darkred
LOC150622,darkred
LOC154822,darkred
LOC219347,darkred
LOC283174,darkred
LOC283731,darkred
LOC285768,darkred
LOC285830,darkred
LOC286094,darkred
LOC338799,darkred
LOC339524,darkred
LOC399959,darkred
LOC407835,darkred
LOC441869,darkred
LOC641518,darkred
LOC643719,darkred
LOC645323,darkred
LOC646627,darkred
LOC729020,darkred
LOC90784,darkred
LONRF2,darkred
LOXL2,darkred
LPHN1,darkred
LPIN1,darkred
LPIN2,darkred
LPP,darkred
LPPR3,darkred
LRFN1,darkred
LRIG1,darkred
LRP1,darkred
LRP1B,darkred
LRP6,darkred
LRP8,darkred
LRRC34,darkred
LRRC4,darkred
LRRC41,darkred
LRRC47,darkred
LRRC52,darkred
LRRC8D,darkred
LRRFIP1,darkred
LRRN2,darkred
LRTOMT,darkred
LRWD1,darkred
LTA,darkred
LUZP6,darkred
LY75,darkred
LYPD1,darkred
LYPD6,darkred
MAD1L1,darkred
MAFK,darkred
MAGI1,darkred
MAGI2,darkred
MAML2,darkred
MAML3,darkred
MAP1B,darkred
MAP2K5,darkred
MAP3K1,darkred
MAP4,darkred
MAP4K4,darkred
MAP7D1,darkred
MAPT,darkred
MARCH1,darkred
MARCH10,darkred
MARCH8,darkred
MARCKS,darkred
MASP1,darkred
MAST4,darkred
MAT1A,darkred
MAZ,darkred
MBP,darkred
MCC,darkred
MCCC1,darkred
MCF2L,darkred
MCRS1,darkred
MDC1,darkred
ME1,darkred
MED12L,darkred
MED13L,darkred
MED26,darkred
MED27,darkred
MED30,darkred
MEF2C,darkred
MEIS2,darkred
MEPCE,darkred
MERTK,darkred
MESTIT1,darkred
METT11D1,darkred
METTL8,darkred
METTL9,darkred
MFAP1,darkred
MFGE8,darkred
MFSD1,darkred
MFSD9,darkred
MGAT4B,darkred
MGC2889,darkred
MGC70857,darkred
MGC87042,darkred
MGMT,darkred
MGRN1,darkred
MICALL2,darkred
MIER2,darkred
MIR1180,darkred
MIR1258,darkred
MIR1260,darkred
MIR127,darkred
MIR129-2,darkred
MIR1913,darkred
MIR193B,darkred
MIR1974,darkred
MIR211,darkred
MIR375,darkred
MIR548G,darkred
MIR548H3,darkred
MIR564,darkred
MIR574,darkred
MIR596,darkred
MIR598,darkred
MIR612,darkred
MKNK1,darkred
MLANA,darkred
MLX,darkred
MMEL1,darkred
MMP25,darkred
MNAT1,darkred
MND1,darkred
MNT,darkred
MOBKL2A,darkred
MOGS,darkred
MON1A,darkred
MORN1,darkred
MPDU1,darkred
MPEG1,darkred
MPL,darkred
MPRIP,darkred
MPZ,darkred
MRC2,darkred
MRPL19,darkred
MRPL23,darkred
MRPL54,darkred
MRPS27,darkred
MRPS28,darkred
MSI2,darkred
MSMB,darkred
MSRA,darkred
MSX2,darkred
MT2A,darkred
MT3,darkred
MTA1,darkred
MTHFD1L,darkred
MTNR1A,darkred
MTNR1B,darkred
MTSS1,darkred
MTSS1L,darkred
MTUS1,darkred
MUC4,darkred
MUC6,darkred
MUC7,darkred
MUS81,darkred
MXRA8,darkred
MYBPC2,darkred
MYCBPAP,darkred
MYEOV,darkred
MYH10,darkred
MYLK,darkred
MYO18A,darkred
MYO1C,darkred
MYO1F,darkred
MYO3A,darkred
MYO7A,darkred
MYO7B,darkred
MYOM2,darkred
MYPOP,darkred
MYSM1,darkred
MYT1L,darkred
NAB1,darkred
NACC2,darkred
NADSYN1,darkred
NANS,darkred
NAPEPLD,darkred
NAV1,darkred
NAV2,darkred
NCKAP5,darkred
NCL,darkred
NCOR2,darkred
NCRNA00094,darkred
NCSTN,darkred
NDUFA4L2,darkred
NDUFB6,darkred
NDUFS2,darkred
NDUFS4,darkred
NEBL,darkred
NEDD4L,darkred
NEK3,darkred
NELF,darkred
NEU4,darkred
NEURL1B,darkred
NFATC1,darkred
NFKBIL2,darkred
NFU1,darkred
NIN,darkred
NINJ1,darkred
NINL,darkred
NKAIN3,darkred
NKD2,darkred
NKX3-2,darkred
NKX6-1,darkred
NLGN2,darkred
NMB,darkred
NMBR,darkred
NME6,darkred
NMI,darkred
NMNAT3,darkred
NMUR1,darkred
NOD1,darkred
NOL4,darkred
NOM1,darkred
NOP14,darkred
NOP58,darkred
NOS3,darkred
NOSIP,darkred
NOTCH1,darkred
NOTUM,darkred
NOX4,darkred
NPAS2,darkred
NPAS3,darkred
NPLOC4,darkred
NPPC,darkred
NPR2,darkred
NPTX2,darkred
NQO1,darkred
NR2F2,darkred
NR3C2,darkred
NR4A2,darkred
NRD1,darkred
NRG3,darkred
NRP2,darkred
NRXN1,darkred
NRXN2,darkred
NRXN3,darkred
NSMCE2,darkred
NTM,darkred
NTNG2,darkred
NTRK3,darkred
NTSR2,darkred
NUAK1,darkred
NUDT14,darkred
NUP54,darkred
NUP62,darkred
NXN,darkred
NXNL1,darkred
OAS1,darkred
OBSL1,darkred
OCA2,darkred
ODC1,darkred
ODZ2,darkred
ODZ4,darkred
OGG1,darkred
OLFM4,darkred
OLFML1,darkred
OPA3,darkred
OPCML,darkred
OR2AG2,darkred
OR2M4,darkred
OR4K1,darkred
OR7D2,darkred
ORC3L,darkred
OSBPL3,darkred
OSBPL6,darkred
OSGIN2,darkred
OXER1,darkred
OXGR1,darkred
PACRG,darkred
PALM,darkred
PALM2-AKAP2,darkred
PANK4,darkred
PAPOLG,darkred
PARD3B,darkred
PARD6A,darkred
PARD6G,darkred
PARK2,darkred
PARP16,darkred
PAX7,darkred
PCCB,darkred
PCDH20,darkred
PCDHA7,darkred
PCDHB14,darkred
PCDHB9,darkred
PCDHGA4,darkred
PCGF3,darkred
PCOLCE,darkred
PCSK4,darkred
PCSK6,darkred
PDE1C,darkred
PDE3B,darkred
PDE4B,darkred
PDE6B,darkred
PDE7B,darkred
PECI,darkred
PELP1,darkred
PER1,darkred
PER2,darkred
PER3,darkred
PEX10,darkred
PEX13,darkred
PEX5,darkred
PFKFB2,darkred
PFKFB3,darkred
PFKP,darkred
PGBD5,darkred
PGLS,darkred
PGM1,darkred
PHF13,darkred
PHF21B,darkred
PHF7,darkred
PHLDA1,darkred
PI4K2B,darkred
PIGX,darkred
PIK3R2,darkred
PIM1,darkred
PINK1,darkred
PION,darkred
PITPNM1,darkred
PITPNM2,darkred
PITRM1,darkred
PKD1,darkred
PKN1,darkred
PLCG2,darkred
PLCXD2,darkred
PLCXD3,darkred
PLD5,darkred
PLEKHA5,darkred
PLEKHA7,darkred
PLEKHH3,darkred
PLEKHO1,darkred
PLIN1,darkred
PLOD1,darkred
PLSCR1,darkred
PLXNB1,darkred
PLXNC1,darkred
PMEPA1,darkred
PMP22,darkred
PNMA1,darkred
PNMA2,darkred
PNMAL1,darkred
PNOC,darkred
PNPT1,darkred
POLI,darkred
POLL,darkred
POLR1A,darkred
POTEA,darkred
PP14571,darkred
PPAP2C,darkred
PPAPDC1A,darkred
PPL,darkred
PPM1L,darkred
PPP1R13L,darkred
PPP1R3G,darkred
PPP2R1B,darkred
PPP2R2B,darkred
PPP2R5C,darkred
PPP3R2,darkred
PPRC1,darkred
PPT2,darkred
PQLC1,darkred
PQLC3,darkred
PRAGMIN,darkred
PRC1,darkred
PRCP,darkred
PRDM11,darkred
PRDM16,darkred
PRDM2,darkred
PRDM6,darkred
PRDM8,darkred
PRDX3,darkred
PRDX5,darkred
PRHOXNB,darkred
PRKAB1,darkred
PRKAG2,darkred
PRKAR1B,darkred
PRKCA,darkred
PRKCH,darkred
PRKCI,darkred
PRKCZ,darkred
PRKDC,darkred
PRKRIP1,darkred
PRMT10,darkred
PRO1768,darkred
PROX1,darkred
PROZ,darkred
PRPF18,darkred
PRPF3,darkred
PRR4,darkred
PRR7,darkred
PRRG4,darkred
PRRT1,darkred
PRSS35,darkred
PRSS38,darkred
PSMA4,darkred
PSMB11,darkred
PSORS1C1,darkred
PTCH1,darkred
PTCHD2,darkred
PTDSS1,darkred
PTEN,darkred
PTH1R,darkred
PTK2,darkred
PTK2B,darkred
PTPLAD1,darkred
PTPN14,darkred
PTPN4,darkred
PTPRE,darkred
PTPRF,darkred
PTPRN2,darkred
PTPRU,darkred
PTPRZ1,darkred
PTRF,darkred
PVT1,darkred
PXDN,darkred
PXK,darkred
PXT1,darkred
PYGL,darkred
QRFPR,darkred
QSOX2,darkred
RAB11FIP5,darkred
RAB3GAP2,darkred
RAB4A,darkred
RAB5A,darkred
RAB7L1,darkred
RABEP1,darkred
RAD9B,darkred
RADIL,darkred
RAET1G,darkred
RAET1L,darkred
RAI1,darkred
RAMP1,darkred
RAN,darkred
RARRES1,darkred
RASA3,darkred
RASGEF1C,darkred
RB1,darkred
RBAK,darkred
RBM23,darkred
RBM25,darkred
RCOR3,darkred
RDH11,darkred
RFX2,darkred
RFX4,darkred
RFX6,darkred
RFX7,darkred
RGL2,darkred
RGS12,darkred
RGS9BP,darkred
RHBDF1,darkred
RHEB,darkred
RHOQ,darkred
RHOU,darkred
RILPL1,darkred
RIMBP2,darkred
RIMKLA,darkred
RIN1,darkred
RING1,darkred
RINL,darkred
RIPPLY2,darkred
RNASE12,darkred
RNF14,darkred
RNF175,darkred
RNF207,darkred
RNF213,darkred
RNF220,darkred
RNF6,darkred
RNF7,darkred
RNLS,darkred
ROBO1,darkred
ROBO3,darkred
ROR1,darkred
ROR2,darkred
RORA,darkred
RORC,darkred
RPA2,darkred
RPH3AL,darkred
RPIA,darkred
RPL29,darkred
RPL31,darkred
RPL37,darkred
RPL9,darkred
RPLP0,darkred
RPP21,darkred
RPP30,darkred
RPRD2,darkred
RPS3,darkred
RPS6KA2,darkred
RPS6KL1,darkred
RPTOR,darkred
RPUSD3,darkred
RREB1,darkred
RSPH4A,darkred
RSPRY1,darkred
RSU1,darkred
RTDR1,darkred
RTKN,darkred
RTN1,darkred
RTN2,darkred
RTP4,darkred
RUNX1T1,darkred
RUNX3,darkred
RUSC1,darkred
RUVBL1,darkred
RXRA,darkred
RXRG,darkred
RYR2,darkred
SAMD11,darkred
SAMD4A,darkred
SAP130,darkred
SCAND3,darkred
SCFD2,darkred
SCG3,darkred
SCMH1,darkred
SCML4,darkred
SCP2,darkred
SCRT2,darkred
SCUBE2,darkred
SDCCAG8,darkred
SDHC,darkred
SDK1,darkred
SEC1,darkred
SEC23IP,darkred
SECISBP2,darkred
SECISBP2L,darkred
SEL1L3,darkred
SEMA6A,darkred
SEMA6D,darkred
SEPHS2,darkred
SEPN1,darkred
SERGEF,darkred
SERP2,darkred
SERPINA10,darkred
SERPINE2,darkred
SETD1A,darkred
SETD1B,darkred
SETD8,darkred
SEZ6,darkred
SEZ6L2,darkred
SFMBT2,darkred
SFRP2,darkred
SFRS13A,darkred
SGCZ,darkred
SGEF,darkred
SGSH,darkred
SH2B3,darkred
SH2D7,darkred
SH3BP5,darkred
SH3BP5L,darkred
SH3GL2,darkred
SH3GLB1,darkred
SH3RF3,darkred
SHANK2,darkred
SHC1,darkred
SHF,darkred
SHROOM3,darkred
SIK3,darkred
SIM1,darkred
SIN3A,darkred
SIPA1,darkred
SIPA1L3,darkred
SIRT6,darkred
SKI,darkred
SKIL,darkred
SLC12A8,darkred
SLC15A4,darkred
SLC16A10,darkred
SLC19A3,darkred
SLC1A2,darkred
SLC20A1,darkred
SLC22A18AS,darkred
SLC25A37,darkred
SLC25A38,darkred
SLC25A4,darkred
SLC26A4,darkred
SLC2A1,darkred
SLC35F3,darkred
SLC37A2,darkred
SLC38A10,darkred
SLC38A8,darkred
SLC39A14,darkred
SLC40A1,darkred
SLC43A1,darkred
SLC45A1,darkred
SLC45A2,darkred
SLC4A4,darkred
SLC6A3,darkred
SLC7A11,darkred
SLC8A3,darkred
SLC9A10,darkred
SLC9A9,darkred
SLIT1,darkred
SLITRK3,darkred
SLMO2,darkred
SMARCA4,darkred
SMC1B,darkred
SMOC1,darkred
SMOC2,darkred
SMURF1,darkred
SMYD3,darkred
SND1,darkred
SNF8,darkred
SNHG3-RCC1,darkred
SNORD113-9,darkred
SNORD22,darkred
SNORD45C,darkred
SNRPF,darkred
SNW1,darkred
SNX10,darkred
SNX27,darkred
SNX6,darkred
SNX9,darkred
SOBP,darkred
SOCS2,darkred
SOD3,darkred
SORBS2,darkred
SORBS3,darkred
SORCS2,darkred
SORL1,darkred
SOST,darkred
SOX13,darkred
SOX2OT,darkred
SOX9,darkred
SP9,darkred
SPAG16,darkred
SPATA13,darkred
SPATA24,darkred
SPEF2,darkred
SPEN,darkred
SPG20,darkred
SPG7,darkred
SPI1,darkred
SPIRE2,darkred
SPOCK2,darkred
SPON1,darkred
SPRY4,darkred
SPSB1,darkred
SPTBN5,darkred
SREBF1,darkred
SRGAP2,darkred
SRI,darkred
SRRM3,darkred
SSH1,darkred
SSTR1,darkred
ST3GAL1,darkred
ST3GAL3,darkred
ST3GAL6,darkred
ST6GAL2,darkred
ST6GALNAC1,darkred
STAG3,darkred
STARD9,darkred
STC2,darkred
STEAP4,darkred
STIM1,darkred
STK10,darkred
STK32B,darkred
STK32C,darkred
STL,darkred
STMN1,darkred
STRADB,darkred
STX18,darkred
STX2,darkred
STYX,darkred
SULF1,darkred
SUMF1,darkred
SURF6,darkred
SYDE2,darkred
SYNE1,darkred
SYT13,darkred
TACC1,darkred
TACC2,darkred
TAF1D,darkred
TAF2,darkred
TAP2,darkred
TAPBP,darkred
TAS2R5,darkred
TBC1D1,darkred
TBC1D14,darkred
TBC1D16,darkred
TBC1D17,darkred
TBC1D4,darkred
TBC1D8,darkred
TBCD,darkred
TBRG4,darkred
TBX3,darkred
TBXA2R,darkred
TBXAS1,darkred
TCF12,darkred
TCF25,darkred
TCF7L2,darkred
TCHH,darkred
TCP1,darkred
TCTE1,darkred
TCTEX1D1,darkred
TDP1,darkred
TDRD5,darkred
TECPR1,darkred
TESC,darkred
TET3,darkred
TFAP2B,darkred
TFR2,darkred
TGM4,darkred
THBS2,darkred
THBS4,darkred
THG1L,darkred
THRB,darkred
THSD1P,darkred
THSD4,darkred
TIGD2,darkred
TIMP2,darkred
TJP1,darkred
TK1,darkred
TLL2,darkred
TM6SF1,darkred
TMC1,darkred
TMCO1,darkred
TMCO2,darkred
TMCO3,darkred
TMEFF1,darkred
TMEM106B,darkred
TMEM128,darkred
TMEM132C,darkred
TMEM132D,darkred
TMEM134,darkred
TMEM151B,darkred
TMEM154,darkred
TMEM156,darkred
TMEM175,darkred
TMEM180,darkred
TMEM184A,darkred
TMEM185B,darkred
TMEM200C,darkred
TMEM201,darkred
TMEM41A,darkred
TMEM41B,darkred
TMEM5,darkred
TMEM51,darkred
TMEM63C,darkred
TMEM72,darkred
TMEM80,darkred
TMEM85,darkred
TMEM8A,darkred
TMEM91,darkred
TMEM9B,darkred
TMOD1,darkred
TNFAIP8L1,darkred
TNFSF11,darkred
TNFSF12,darkred
TNIK,darkred
TNIP1,darkred
TNK2,darkred
TNKS,darkred
TNNI2,darkred
TNRC6C,darkred
TNS3,darkred
TNS4,darkred
TNXB,darkred
TOPBP1,darkred
TOR3A,darkred
TPK1,darkred
TPM1,darkred
TPST1,darkred
TPTE2,darkred
TRA2B,darkred
TRAF3,darkred
TRAF3IP2,darkred
TRAPPC9,darkred
TREML4,darkred
TRIB1,darkred
TRIB2,darkred
TRIM26,darkred
TRIM39,darkred
TRIM63,darkred
TRIO,darkred
TRNAU1AP,darkred
TROVE2,darkred
TRPC1,darkred
TRPM3,darkred
TRPM6,darkred
TSPAN10,darkred
TSPAN12,darkred
TSPAN14,darkred
TSPAN17,darkred
TSPAN9,darkred
TSPYL5,darkred
TSSC1,darkred
TSSC4,darkred
TSSK6,darkred
TTBK1,darkred
TTC33,darkred
TTC36,darkred
TTLL13,darkred
TTLL5,darkred
TTN,darkred
TUBB,darkred
TUBB2A,darkred
TUBGCP2,darkred
TUSC1,darkred
TUT1,darkred
UBASH3B,darkred
UBE2E2,darkred
UBE2O,darkred
UBE2QP1,darkred
UBE3C,darkred
UBN1,darkred
UBOX5,darkred
UBR4,darkred
UBTD2,darkred
UBXN2A,darkred
UBXN2B,darkred
UCP3,darkred
UGDH,darkred
UGGT2,darkred
UHRF1,darkred
UHRF1BP1,darkred
UNC93B1,darkred
UPP1,darkred
UQCC,darkred
USP10,darkred
USP12,darkred
USP2,darkred
USP29,darkred
USP4,darkred
USP40,darkred
UST,darkred
UXS1,darkred
VAC14,darkred
VARS2,darkred
VASH1,darkred
VASN,darkred
VAX1,darkred
VGLL4,darkred
VILL,darkred
VIPR2,darkred
VOPP1,darkred
VPS13D,darkred
VPS16,darkred
VPS36,darkred
VPS53,darkred
VSNL1,darkred
VSTM2A,darkred
VSTM2B,darkred
VWA3B,darkred
VWA5B2,darkred
VWCE,darkred
VWF,darkred
WBP2NL,darkred
WBSCR17,darkred
WDFY2,darkred
WDFY3,darkred
WDFY4,darkred
WDR27,darkred
WDR46,darkred
WDR8,darkred
WDR90,darkred
WIBG,darkred
WNK4,darkred
WNT11,darkred
WSB2,darkred
WSCD1,darkred
WWOX,darkred
WWP2,darkred
WWTR1,darkred
XKR6,darkred
XRCC2,darkred
XRCC3,darkred
XYLT1,darkred
YJEFN3,darkred
YWHAQ,darkred
ZACN,darkred
ZADH2,darkred
ZBTB16,darkred
ZBTB20,darkred
ZBTB22,darkred
ZBTB47,darkred
ZBTB7A,darkred
ZBTB8B,darkred
ZC3H18,darkred
ZC3H3,darkred
ZCCHC8,darkred
ZDHHC11,darkred
ZDHHC14,darkred
ZER1,darkred
ZFAT,darkred
ZFHX4,darkred
ZFP36L1,darkred
ZFP42,darkred
ZFPM1,darkred
ZFPM2,darkred
ZMAT4,darkred
ZMIZ1,darkred
ZMYND11,darkred
ZNF192,darkred
ZNF219,darkred
ZNF221,darkred
ZNF223,darkred
ZNF233,darkred
ZNF236,darkred
ZNF358,darkred
ZNF366,darkred
ZNF37B,darkred
ZNF389,darkred
ZNF395,darkred
ZNF410,darkred
ZNF417,darkred
ZNF428,darkred
ZNF469,darkred
ZNF511,darkred
ZNF516,darkred
ZNF528,darkred
ZNF532,darkred
ZNF551,darkred
ZNF577,darkred
ZNF605,darkred
ZNF619,darkred
ZNF638,darkred
ZNF682,darkred
ZNF691,darkred
ZNF692,darkred
ZNF700,darkred
ZNF716,darkred
ZNF761,darkred
ZNF778,darkred
ZNF843,darkred
ZNF860,darkred
ZNF876P,darkred
ZSCAN12,darkred
AAK1,darkturquoise
AASDH,darkturquoise
AATF,darkturquoise
ABCA13,darkturquoise
ABCB1,darkturquoise
ABCB9,darkturquoise
ABCD2,darkturquoise
ABCE1,darkturquoise
ABCF1,darkturquoise
ABHD10,darkturquoise
ABHD13,darkturquoise
ABI1,darkturquoise
ABLIM3,darkturquoise
ACADM,darkturquoise
ACAN,darkturquoise
ACBD5,darkturquoise
ACBD6,darkturquoise
ACSBG2,darkturquoise
ACSL5,darkturquoise
ACSM3,darkturquoise
ACTR3,darkturquoise
ACVR1B,darkturquoise
ACVR1C,darkturquoise
ACVR2A,darkturquoise
ACYP2,darkturquoise
ADAM17,darkturquoise
ADAMTS17,darkturquoise
ADAMTS3,darkturquoise
ADAMTS6,darkturquoise
ADAMTS9,darkturquoise
ADARB2,darkturquoise
ADAT2,darkturquoise
ADD3,darkturquoise
ADI1,darkturquoise
AEBP2,darkturquoise
AFAP1,darkturquoise
AFF1,darkturquoise
AFMID,darkturquoise
AGAP1,darkturquoise
AGGF1,darkturquoise
AHRR,darkturquoise
AHSG,darkturquoise
AIMP1,darkturquoise
AIRE,darkturquoise
AK2,darkturquoise
AKAP2,darkturquoise
AKT3,darkturquoise
ALCAM,darkturquoise
ALDH6A1,darkturquoise
ALDH9A1,darkturquoise
ALG14,darkturquoise
ALKBH1,darkturquoise
ALOXE3,darkturquoise
ALPK1,darkturquoise
ALS2,darkturquoise
ALS2CR4,darkturquoise
ALS2CR8,darkturquoise
ALX1,darkturquoise
ANAPC1,darkturquoise
ANAPC11,darkturquoise
ANG,darkturquoise
ANGPTL6,darkturquoise
ANK2,darkturquoise
ANKH,darkturquoise
ANKRD11,darkturquoise
ANKRD26P1,darkturquoise
ANKRD50,darkturquoise
ANLN,darkturquoise
ANO1,darkturquoise
ANO5,darkturquoise
ANP32A,darkturquoise
ANP32E,darkturquoise
ANTXR1,darkturquoise
ANXA5,darkturquoise
AOX2P,darkturquoise
AP1AR,darkturquoise
AP3B2,darkturquoise
APBA2,darkturquoise
APC,darkturquoise
APCS,darkturquoise
APPL1,darkturquoise
APRT,darkturquoise
ARF6,darkturquoise
ARGLU1,darkturquoise
ARHGAP12,darkturquoise
ARHGAP18,darkturquoise
ARHGAP20,darkturquoise
ARHGAP24,darkturquoise
ARHGAP26,darkturquoise
ARHGEF10,darkturquoise
ARID2,darkturquoise
ARID4B,darkturquoise
ARID5B,darkturquoise
ARIH2,darkturquoise
ARL1,darkturquoise
ARL15,darkturquoise
ARL3,darkturquoise
ARMC1,darkturquoise
ARMC4,darkturquoise
ARMC8,darkturquoise
ARRDC4,darkturquoise
ARSG,darkturquoise
AS3MT,darkturquoise
ASAP2,darkturquoise
ASB1,darkturquoise
ASH1L,darkturquoise
ASH2L,darkturquoise
ASNSD1,darkturquoise
ATAD1,darkturquoise
ATF2,darkturquoise
ATF6,darkturquoise
ATF7IP,darkturquoise
ATG10,darkturquoise
ATG4C,darkturquoise
ATG5,darkturquoise
ATM,darkturquoise
ATP10A,darkturquoise
ATP10D,darkturquoise
ATP5A1,darkturquoise
ATP5B,darkturquoise
ATP6V0A1,darkturquoise
ATP6V0A2,darkturquoise
ATP6V1A,darkturquoise
ATP6V1C2,darkturquoise
ATXN7,darkturquoise
AVEN,darkturquoise
AVPR1A,darkturquoise
AZI2,darkturquoise
B3GNTL1,darkturquoise
BAI3,darkturquoise
BAT3,darkturquoise
BAZ1A,darkturquoise
BAZ1B,darkturquoise
BBS12,darkturquoise
BBS7,darkturquoise
BBX,darkturquoise
BCAP29,darkturquoise
BCHE,darkturquoise
BCKDHB,darkturquoise
BCL11A,darkturquoise
BCL2,darkturquoise
BCL6,darkturquoise
BCO2,darkturquoise
BDH1,darkturquoise
BDNF,darkturquoise
BDP1,darkturquoise
BEGAIN,darkturquoise
BET1,darkturquoise
BET1L,darkturquoise
BICD2,darkturquoise
BIRC3,darkturquoise
BLM,darkturquoise
BLZF1,darkturquoise
BMPR1A,darkturquoise
BPNT1,darkturquoise
BRAF,darkturquoise
BRCA2,darkturquoise
BRE,darkturquoise
BRI3BP,darkturquoise
BRIP1,darkturquoise
BRMS1L,darkturquoise
BSDC1,darkturquoise
BTBD8,darkturquoise
BTG4,darkturquoise
BTN2A2,darkturquoise
BTRC,darkturquoise
BVES,darkturquoise
C10ORF114,darkturquoise
C10ORF18,darkturquoise
C10ORF32,darkturquoise
C10ORF4,darkturquoise
C10ORF81,darkturquoise
C10ORF84,darkturquoise
C11ORF54,darkturquoise
C11ORF57,darkturquoise
C11ORF60,darkturquoise
C11ORF63,darkturquoise
C11ORF65,darkturquoise
C11ORF73,darkturquoise
C12ORF35,darkturquoise
C12ORF39,darkturquoise
C12ORF40,darkturquoise
C12ORF48,darkturquoise
C12ORF56,darkturquoise
C12ORF60,darkturquoise
C12ORF72,darkturquoise
C12ORF73,darkturquoise
C13ORF23,darkturquoise
C13ORF34,darkturquoise
C14ORF106,darkturquoise
C14ORF126,darkturquoise
C14ORF132,darkturquoise
C14ORF159,darkturquoise
C14ORF178,darkturquoise
C14ORF23,darkturquoise
C14ORF39,darkturquoise
C15ORF29,darkturquoise
C15ORF33,darkturquoise
C15ORF60,darkturquoise
C16ORF57,darkturquoise
C17ORF63,darkturquoise
C17ORF79,darkturquoise
C17ORF97,darkturquoise
C18ORF54,darkturquoise
C19ORF29,darkturquoise
C19ORF43,darkturquoise
C1ORF114,darkturquoise
C1ORF124,darkturquoise
C1ORF125,darkturquoise
C1ORF157,darkturquoise
C1ORF216,darkturquoise
C1ORF25,darkturquoise
C20ORF26,darkturquoise
C2ORF15,darkturquoise
C2ORF60,darkturquoise
C2ORF61,darkturquoise
C2ORF67,darkturquoise
C2ORF69,darkturquoise
C2ORF74,darkturquoise
C2ORF80,darkturquoise
C2ORF86,darkturquoise
C3ORF19,darkturquoise
C3ORF21,darkturquoise
C3ORF30,darkturquoise
C3ORF38,darkturquoise
C3ORF39,darkturquoise
C3ORF50,darkturquoise
C3ORF58,darkturquoise
C3ORF77,darkturquoise
C4ORF31,darkturquoise
C4ORF32,darkturquoise
C4ORF34,darkturquoise
C4ORF37,darkturquoise
C4ORF41,darkturquoise
C4ORF43,darkturquoise
C4ORF52,darkturquoise
C5ORF15,darkturquoise
C5ORF24,darkturquoise
C5ORF30,darkturquoise
C5ORF35,darkturquoise
C5ORF36,darkturquoise
C5ORF43,darkturquoise
C5ORF44,darkturquoise
C5ORF51,darkturquoise
C5ORF58,darkturquoise
C6ORF120,darkturquoise
C6ORF141,darkturquoise
C6ORF142,darkturquoise
C6ORF165,darkturquoise
C6ORF167,darkturquoise
C6ORF168,darkturquoise
C6ORF173,darkturquoise
C6ORF182,darkturquoise
C6ORF192,darkturquoise
C6ORF204,darkturquoise
C6ORF211,darkturquoise
C6ORF217,darkturquoise
C6ORF48,darkturquoise
C6ORF57,darkturquoise
C7ORF13,darkturquoise
C7ORF34,darkturquoise
C7ORF36,darkturquoise
C7ORF4,darkturquoise
C7ORF49,darkturquoise
C7ORF50,darkturquoise
C7ORF58,darkturquoise
C7ORF60,darkturquoise
C8ORF41,darkturquoise
C8ORF48,darkturquoise
C8ORF59,darkturquoise
C8ORF71,darkturquoise
C8ORF83,darkturquoise
C9ORF103,darkturquoise
C9ORF150,darkturquoise
C9ORF27,darkturquoise
C9ORF3,darkturquoise
C9ORF85,darkturquoise
CA10,darkturquoise
CA4,darkturquoise
CA5A,darkturquoise
CAB39,darkturquoise
CACHD1,darkturquoise
CACNA1A,darkturquoise
CACNA1C,darkturquoise
CACNG1,darkturquoise
CACYBP,darkturquoise
CADM2,darkturquoise
CAMK2D,darkturquoise
CAMTA1,darkturquoise
CAND1,darkturquoise
CAP1,darkturquoise
CAPS2,darkturquoise
CAPZA2,darkturquoise
CARD11,darkturquoise
CARS2,darkturquoise
CASC5,darkturquoise
CASP8,darkturquoise
CAST,darkturquoise
CASZ1,darkturquoise
CBL,darkturquoise
CBLN2,darkturquoise
CBX5,darkturquoise
CBX7,darkturquoise
CC2D1B,darkturquoise
CC2D2A,darkturquoise
CCBL2,darkturquoise
CCDC102A,darkturquoise
CCDC110,darkturquoise
CCDC132,darkturquoise
CCDC138,darkturquoise
CCDC149,darkturquoise
CCDC15,darkturquoise
CCDC28A,darkturquoise
CCDC39,darkturquoise
CCDC47,darkturquoise
CCDC49,darkturquoise
CCDC57,darkturquoise
CCDC59,darkturquoise
CCDC67,darkturquoise
CCDC77,darkturquoise
CCDC90B,darkturquoise
CCDC97,darkturquoise
CCDC99,darkturquoise
CCNA2,darkturquoise
CCNC,darkturquoise
CCNDBP1,darkturquoise
CCNJL,darkturquoise
CCNT2,darkturquoise
CCR9,darkturquoise
CD1A,darkturquoise
CD1E,darkturquoise
CD247,darkturquoise
CD274,darkturquoise
CD34,darkturquoise
CD36,darkturquoise
CD38,darkturquoise
CD44,darkturquoise
CD47,darkturquoise
CD58,darkturquoise
CDC23,darkturquoise
CDC27,darkturquoise
CDC5L,darkturquoise
CDC6,darkturquoise
CDC7,darkturquoise
CDH10,darkturquoise
CDH12,darkturquoise
CDH17,darkturquoise
CDH23,darkturquoise
CDK5,darkturquoise
CDK7,darkturquoise
CDKN2C,darkturquoise
CDRT4,darkturquoise
CENPC1,darkturquoise
CENPF,darkturquoise
CENPK,darkturquoise
CENPL,darkturquoise
CEP120,darkturquoise
CEP97,darkturquoise
CEPT1,darkturquoise
CETN1,darkturquoise
CETN3,darkturquoise
CFL2,darkturquoise
CGGBP1,darkturquoise
CHCHD3,darkturquoise
CHD2,darkturquoise
CHD9,darkturquoise
CHEK1,darkturquoise
CHFR,darkturquoise
CHIC2,darkturquoise
CHIT1,darkturquoise
CHMP4A,darkturquoise
CHMP6,darkturquoise
CHN1,darkturquoise
CHORDC1,darkturquoise
CHRM2,darkturquoise
CHRNB3,darkturquoise
CHST14,darkturquoise
CHST5,darkturquoise
CHURC1,darkturquoise
CIR1,darkturquoise
CIT,darkturquoise
CLEC4A,darkturquoise
CLNK,darkturquoise
CLNS1A,darkturquoise
CLSTN1,darkturquoise
CLUL1,darkturquoise
CLVS1,darkturquoise
CMA1,darkturquoise
CMAS,darkturquoise
CMTM1,darkturquoise
CMTM4,darkturquoise
CMTM6,darkturquoise
CNOT10,darkturquoise
CNOT2,darkturquoise
CNOT4,darkturquoise
CNTN5,darkturquoise
CNTNAP4,darkturquoise
COIL,darkturquoise
COL11A1,darkturquoise
COL21A1,darkturquoise
COL23A1,darkturquoise
COL4A1,darkturquoise
COL4A2,darkturquoise
COL4A3BP,darkturquoise
COL6A4P2,darkturquoise
COMMD1,darkturquoise
COMMD2,darkturquoise
COMMD6,darkturquoise
COPA,darkturquoise
COPS4,darkturquoise
COPS5,darkturquoise
COPS8,darkturquoise
COQ2,darkturquoise
COQ3,darkturquoise
CORIN,darkturquoise
CORO2B,darkturquoise
COX16,darkturquoise
COX7A2,darkturquoise
CP110,darkturquoise
CPEB4,darkturquoise
CPLX2,darkturquoise
CPOX,darkturquoise
CPSF3,darkturquoise
CPT1A,darkturquoise
CPVL,darkturquoise
CRAMP1L,darkturquoise
CREBBP,darkturquoise
CREBZF,darkturquoise
CRISP2,darkturquoise
CRX,darkturquoise
CRY1,darkturquoise
CRYM,darkturquoise
CSDA,darkturquoise
CSDE1,darkturquoise
CSGALNACT1,darkturquoise
CSMD1,darkturquoise
CSMD3,darkturquoise
CSNK1A1,darkturquoise
CSTF3,darkturquoise
CTDSPL2,darkturquoise
CTNNA3,darkturquoise
CTNNBL1,darkturquoise
CTNND1,darkturquoise
CTR9,darkturquoise
CTSG,darkturquoise
CTSO,darkturquoise
CTTNBP2,darkturquoise
CTXN2,darkturquoise
CUL4A,darkturquoise
CUX1,darkturquoise
CWF19L2,darkturquoise
CYB5B,darkturquoise
CYP24A1,darkturquoise
CYP27C1,darkturquoise
CYP2E1,darkturquoise
CYP2J2,darkturquoise
CYP4V2,darkturquoise
CYP7B1,darkturquoise
CYTSB,darkturquoise
DACH1,darkturquoise
DACT1,darkturquoise
DARS,darkturquoise
DAXX,darkturquoise
DAZL,darkturquoise
DBC1,darkturquoise
DBF4B,darkturquoise
DBR1,darkturquoise
DBT,darkturquoise
DCAF13,darkturquoise
DCAF17,darkturquoise
DCDC1,darkturquoise
DCLK2,darkturquoise
DCN,darkturquoise
DCP1A,darkturquoise
DCP1B,darkturquoise
DCPS,darkturquoise
DCTN4,darkturquoise
DCUN1D1,darkturquoise
DCUN1D2,darkturquoise
DCUN1D5,darkturquoise
DDAH1,darkturquoise
DDX18,darkturquoise
DDX43,darkturquoise
DDX46,darkturquoise
DDX52,darkturquoise
DDX58,darkturquoise
DDX59,darkturquoise
DENND4A,darkturquoise
DENND5B,darkturquoise
DENR,darkturquoise
DFFB,darkturquoise
DGKH,darkturquoise
DGKI,darkturquoise
DGUOK,darkturquoise
DHODH,darkturquoise
DHRS7,darkturquoise
DHRS7B,darkturquoise
DHX33,darkturquoise
DHX37,darkturquoise
DICER1,darkturquoise
DIDO1,darkturquoise
DIMT1L,darkturquoise
DIO1,darkturquoise
DIP2C,darkturquoise
DIS3,darkturquoise
DIXDC1,darkturquoise
DKK3,darkturquoise
DLEU1,darkturquoise
DLG2,darkturquoise
DLG4,darkturquoise
DLGAP2,darkturquoise
DLX2,darkturquoise
DMC1,darkturquoise
DMRTB1,darkturquoise
DNAH17,darkturquoise
DNAH6,darkturquoise
DNAJB6,darkturquoise
DNAJC1,darkturquoise
DNAJC10,darkturquoise
DNAJC19,darkturquoise
DNAJC2,darkturquoise
DNAJC21,darkturquoise
DNAJC24,darkturquoise
DNAJC25-GNG10,darkturquoise
DNAJC8,darkturquoise
DNAL1,darkturquoise
DNM3,darkturquoise
DNPEP,darkturquoise
DNTTIP2,darkturquoise
DOCK4,darkturquoise
DOCK9,darkturquoise
DOK6,darkturquoise
DPP10,darkturquoise
DPPA2,darkturquoise
DPY30,darkturquoise
DPYSL4,darkturquoise
DR1,darkturquoise
DRD1,darkturquoise
DSC1,darkturquoise
DTWD1,darkturquoise
DUSP12,darkturquoise
DUSP16,darkturquoise
DUSP26,darkturquoise
DUT,darkturquoise
DYNC1I2,darkturquoise
DYNC2H1,darkturquoise
DYNC2LI1,darkturquoise
DYRK2,darkturquoise
E2F8,darkturquoise
EARS2,darkturquoise
EBAG9,darkturquoise
EBF3,darkturquoise
ECHDC1,darkturquoise
EDC3,darkturquoise
EDEM3,darkturquoise
EDIL3,darkturquoise
EDNRB,darkturquoise
EED,darkturquoise
EFCAB2,darkturquoise
EFCAB5,darkturquoise
EFHC1,darkturquoise
EFHD2,darkturquoise
EHMT2,darkturquoise
EIF2AK1,darkturquoise
EIF2AK2,darkturquoise
EIF3E,darkturquoise
EIF3H,darkturquoise
EIF4A3,darkturquoise
EIF4B,darkturquoise
EIF4E,darkturquoise
EIF4EBP1,darkturquoise
ELF2,darkturquoise
ELF5,darkturquoise
ELMO1,darkturquoise
ELMOD1,darkturquoise
ELOVL5,darkturquoise
ELP4,darkturquoise
EML5,darkturquoise
ENOX1,darkturquoise
ENTPD1,darkturquoise
EPB41L4A,darkturquoise
EPB41L4B,darkturquoise
EPHB2,darkturquoise
EPRS,darkturquoise
ERBB2,darkturquoise
ERBB2IP,darkturquoise
ERCC5,darkturquoise
ERLEC1,darkturquoise
ERO1L,darkturquoise
ESF1,darkturquoise
ESR1,darkturquoise
ESRRG,darkturquoise
ESYT3,darkturquoise
ETV1,darkturquoise
ETV5,darkturquoise
EVC2,darkturquoise
EVI5,darkturquoise
EXOC1,darkturquoise
EXOC2,darkturquoise
EXOC4,darkturquoise
EXOC6B,darkturquoise
EXOC7,darkturquoise
EXOSC9,darkturquoise
EYA1,darkturquoise
EYA4,darkturquoise
F10,darkturquoise
F5,darkturquoise
FAIM,darkturquoise
FAM101B,darkturquoise
FAM104A,darkturquoise
FAM107B,darkturquoise
FAM111A,darkturquoise
FAM113B,darkturquoise
FAM115A,darkturquoise
FAM126A,darkturquoise
FAM13A,darkturquoise
FAM13AOS,darkturquoise
FAM161A,darkturquoise
FAM164A,darkturquoise
FAM168A,darkturquoise
FAM171A1,darkturquoise
FAM172A,darkturquoise
FAM174A,darkturquoise
FAM178A,darkturquoise
FAM178B,darkturquoise
FAM194A,darkturquoise
FAM19A2,darkturquoise
FAM20A,darkturquoise
FAM3C,darkturquoise
FAM45B,darkturquoise
FAM48A,darkturquoise
FAM49B,darkturquoise
FAM54A,darkturquoise
FAM73A,darkturquoise
FAM81A,darkturquoise
FAM92A3,darkturquoise
FANCF,darkturquoise
FARP1,darkturquoise
FASTKD1,darkturquoise
FAT1,darkturquoise
FBN2,darkturquoise
FBXL13,darkturquoise
FBXL5,darkturquoise
FBXL7,darkturquoise
FBXO10,darkturquoise
FBXO18,darkturquoise
FBXO28,darkturquoise
FBXO43,darkturquoise
FBXO5,darkturquoise
FBXO8,darkturquoise
FBXW7,darkturquoise
FCRL2,darkturquoise
FER,darkturquoise
FES,darkturquoise
FGD6,darkturquoise
FGF12,darkturquoise
FGF14,darkturquoise
FGFBP3,darkturquoise
FHIT,darkturquoise
FIP1L1,darkturquoise
FIZ1,darkturquoise
FKBP3,darkturquoise
FKBP4,darkturquoise
FLJ22536,darkturquoise
FLJ31306,darkturquoise
FLJ40434,darkturquoise
FLJ44817,darkturquoise
FLRT2,darkturquoise
FN1,darkturquoise
FNBP1L,darkturquoise
FNBP4,darkturquoise
FNDC3A,darkturquoise
FOXG1,darkturquoise
FOXP1,darkturquoise
FRMD4B,darkturquoise
FRYL,darkturquoise
FSIP1,darkturquoise
FST,darkturquoise
FSTL5,darkturquoise
FTMT,darkturquoise
FTSJD1,darkturquoise
FUBP1,darkturquoise
FUT3,darkturquoise
FUT8,darkturquoise
FUT9,darkturquoise
FXN,darkturquoise
FXR1,darkturquoise
FZD1,darkturquoise
G2E3,darkturquoise
GAB1,darkturquoise
GABRA1,darkturquoise
GABRB2,darkturquoise
GABRG1,darkturquoise
GABRG2,darkturquoise
GAL3ST2,darkturquoise
GALK2,darkturquoise
GALNT10,darkturquoise
GALNT2,darkturquoise
GALNTL5,darkturquoise
GATA3,darkturquoise
GATA4,darkturquoise
GCA,darkturquoise
GCC2,darkturquoise
GCLM,darkturquoise
GCN1L1,darkturquoise
GDAP1,darkturquoise
GDPD1,darkturquoise
GDPD4,darkturquoise
GFM1,darkturquoise
GGH,darkturquoise
GHR,darkturquoise
GIF,darkturquoise
GIMAP7,darkturquoise
GIN1,darkturquoise
GINS3,darkturquoise
GJD4,darkturquoise
GK2,darkturquoise
GLG1,darkturquoise
GLIPR1L1,darkturquoise
GLIS3,darkturquoise
GLRA3,darkturquoise
GLT1D1,darkturquoise
GLUD1,darkturquoise
GMPR,darkturquoise
GNA12,darkturquoise
GNB4,darkturquoise
GNPDA2,darkturquoise
GOLGA3,darkturquoise
GOLGA8A,darkturquoise
GOLGB1,darkturquoise
GOLPH3L,darkturquoise
GOLSYN,darkturquoise
GOSR1,darkturquoise
GPBP1L1,darkturquoise
GPC5,darkturquoise
GPR115,darkturquoise
GPR126,darkturquoise
GPR133,darkturquoise
GPR158,darkturquoise
GPR176,darkturquoise
GPRIN3,darkturquoise
GPX5,darkturquoise
GRAMD1C,darkturquoise
GRAMD3,darkturquoise
GREM1,darkturquoise
GRIA4,darkturquoise
GRID2,darkturquoise
GRIK2,darkturquoise
GRK7,darkturquoise
GRM2,darkturquoise
GRM3,darkturquoise
GSTO1,darkturquoise
GTF2A1,darkturquoise
GTF2A2,darkturquoise
GTF2B,darkturquoise
GTF2E1,darkturquoise
GTF2I,darkturquoise
GTF3C6,darkturquoise
GTPBP1,darkturquoise
GTPBP10,darkturquoise
GTPBP8,darkturquoise
GTSF1,darkturquoise
GUCY1A3,darkturquoise
GUCY2C,darkturquoise
GUF1,darkturquoise
GYG1,darkturquoise
H1FNT,darkturquoise
H2AFY,darkturquoise
HADHA,darkturquoise
HARS2,darkturquoise
HAS2,darkturquoise
HBS1L,darkturquoise
HCCA2,darkturquoise
HCFC2,darkturquoise
HCN1,darkturquoise
HDAC4,darkturquoise
HDAC9,darkturquoise
HDGFL1,darkturquoise
HEATR1,darkturquoise
HEATR2,darkturquoise
HECA,darkturquoise
HECTD1,darkturquoise
HECW1,darkturquoise
HELB,darkturquoise
HELQ,darkturquoise
HFM1,darkturquoise
HGC6.3,darkturquoise
HGF,darkturquoise
HHIP,darkturquoise
HHLA3,darkturquoise
HINFP,darkturquoise
HIPK3,darkturquoise
HIST1H1C,darkturquoise
HIST1H1D,darkturquoise
HIST1H1E,darkturquoise
HIST1H2AC,darkturquoise
HIST1H2AD,darkturquoise
HIST1H2AM,darkturquoise
HIST1H2BC,darkturquoise
HIST1H2BD,darkturquoise
HIST1H2BE,darkturquoise
HIST1H2BN,darkturquoise
HIST1H3G,darkturquoise
HIST1H3J,darkturquoise
HIST1H4B,darkturquoise
HIST1H4C,darkturquoise
HIST1H4J,darkturquoise
HIVEP3,darkturquoise
HK3,darkturquoise
HLA-C,darkturquoise
HLA-DOA,darkturquoise
HLA-DPB2,darkturquoise
HLA-DQA2,darkturquoise
HLA-DQB2,darkturquoise
HLA-DRA,darkturquoise
HLA-DRB1,darkturquoise
HLA-E,darkturquoise
HMBOX1,darkturquoise
HMGN3,darkturquoise
HMGXB3,darkturquoise
HMOX2,darkturquoise
HNRNPA1,darkturquoise
HNRNPA2B1,darkturquoise
HNRNPA3,darkturquoise
HNRNPD,darkturquoise
HNRNPH1,darkturquoise
HNRPLL,darkturquoise
HPSE2,darkturquoise
HRASLS5,darkturquoise
HRNBP3,darkturquoise
HSD17B11,darkturquoise
HSDL1,darkturquoise
HSPA1L,darkturquoise
HSPB1,darkturquoise
HSPC072,darkturquoise
HSPH1,darkturquoise
HTR1E,darkturquoise
HTRA4,darkturquoise
HTT,darkturquoise
HUS1B,darkturquoise
IFI27L2,darkturquoise
IFIT1L,darkturquoise
IFIT3,darkturquoise
IFT80,darkturquoise
IFT88,darkturquoise
IGF1R,darkturquoise
IGF2BP1,darkturquoise
IGF2BP3,darkturquoise
IGSF11,darkturquoise
IK,darkturquoise
IKZF2,darkturquoise
IL18RAP,darkturquoise
ILF2,darkturquoise
IMMP1L,darkturquoise
IMPA1,darkturquoise
IMPG1,darkturquoise
ING4,darkturquoise
INO80B,darkturquoise
INO80C,darkturquoise
INPP5A,darkturquoise
INSIG1,darkturquoise
INSIG2,darkturquoise
INSL6,darkturquoise
INSM2,darkturquoise
INSR,darkturquoise
INTS12,darkturquoise
INTS4,darkturquoise
INTS9,darkturquoise
IP6K2,darkturquoise
IPMK,darkturquoise
IPO7,darkturquoise
IQCA1,darkturquoise
IQCE,darkturquoise
IQCJ,darkturquoise
ITFG2,darkturquoise
ITGB1,darkturquoise
ITGB3BP,darkturquoise
ITLN2,darkturquoise
IVL,darkturquoise
JAKMIP2,darkturquoise
JAZF1,darkturquoise
JDP2,darkturquoise
JMJD6,darkturquoise
JOSD1,darkturquoise
KATNAL1,darkturquoise
KBTBD3,darkturquoise
KBTBD8,darkturquoise
KCNB2,darkturquoise
KCND2,darkturquoise
KCNIP4,darkturquoise
KCNJ2,darkturquoise
KCNJ5,darkturquoise
KCNJ8,darkturquoise
KCNK2,darkturquoise
KCNMA1,darkturquoise
KCNMB3,darkturquoise
KCNQ1,darkturquoise
KCNT1,darkturquoise
KCNV2,darkturquoise
KCTD13,darkturquoise
KCTD14,darkturquoise
KCTD19,darkturquoise
KCTD3,darkturquoise
KDM1B,darkturquoise
KDM2A,darkturquoise
KDM3A,darkturquoise
KDM5A,darkturquoise
KDSR,darkturquoise
KHDRBS3,darkturquoise
KIAA0174,darkturquoise
KIAA0226,darkturquoise
KIAA0317,darkturquoise
KIAA0562,darkturquoise
KIAA0652,darkturquoise
KIAA0776,darkturquoise
KIAA0907,darkturquoise
KIAA1009,darkturquoise
KIAA1012,darkturquoise
KIAA1033,darkturquoise
KIAA1211,darkturquoise
KIAA1279,darkturquoise
KIAA1310,darkturquoise
KIAA1429,darkturquoise
KIAA1524,darkturquoise
KIAA1688,darkturquoise
KIAA1712,darkturquoise
KIF13A,darkturquoise
KIF14,darkturquoise
KIF18A,darkturquoise
KIF1B,darkturquoise
KIF20B,darkturquoise
KIF23,darkturquoise
KIF2A,darkturquoise
KIF2B,darkturquoise
KIN,darkturquoise
KLF10,darkturquoise
KLF12,darkturquoise
KLF14,darkturquoise
KLF5,darkturquoise
KLF9,darkturquoise
KLHL1,darkturquoise
KLHL12,darkturquoise
KLHL20,darkturquoise
KLHL24,darkturquoise
KLHL30,darkturquoise
KLHL5,darkturquoise
KLRAQ1,darkturquoise
KNG1,darkturquoise
KPNA5,darkturquoise
KPNB1,darkturquoise
KRIT1,darkturquoise
KRR1,darkturquoise
KRT222,darkturquoise
KRT25,darkturquoise
KRT8,darkturquoise
KSR1,darkturquoise
LAPTM4A,darkturquoise
LARP4,darkturquoise
LARP4B,darkturquoise
LARP7,darkturquoise
LASS3,darkturquoise
LATS1,darkturquoise
LATS2,darkturquoise
LCE3E,darkturquoise
LCE6A,darkturquoise
LCORL,darkturquoise
LEPR,darkturquoise
LETM2,darkturquoise
LGI3,darkturquoise
LHFP,darkturquoise
LHFPL3,darkturquoise
LIFR,darkturquoise
LIG4,darkturquoise
LIMCH1,darkturquoise
LIPA,darkturquoise
LLPH,darkturquoise
LMBRD1,darkturquoise
LMO3,darkturquoise
LMOD2,darkturquoise
LMTK2,darkturquoise
LNP1,darkturquoise
LOC100128811,darkturquoise
LOC100129716,darkturquoise
LOC100130015,darkturquoise
LOC100189589,darkturquoise
LOC100190939,darkturquoise
LOC100302652,darkturquoise
LOC253724,darkturquoise
LOC285456,darkturquoise
LOC285550,darkturquoise
LOC285830,darkturquoise
LOC286016,darkturquoise
LOC344595,darkturquoise
LOC344967,darkturquoise
LOC400027,darkturquoise
LOC404266,darkturquoise
LOC440944,darkturquoise
LOC552889,darkturquoise
LOC55908,darkturquoise
LOC645323,darkturquoise
LOC728661,darkturquoise
LOC729338,darkturquoise
LOC84989,darkturquoise
LONP2,darkturquoise
LPCAT1,darkturquoise
LPHN2,darkturquoise
LPP,darkturquoise
LPPR4,darkturquoise
LRCH3,darkturquoise
LRGUK,darkturquoise
LRP11,darkturquoise
LRP1B,darkturquoise
LRP2,darkturquoise
LRP5,darkturquoise
LRRC1,darkturquoise
LRRC33,darkturquoise
LRRC3B,darkturquoise
LRRCC1,darkturquoise
LRRFIP1,darkturquoise
LRRFIP2,darkturquoise
LRRIQ3,darkturquoise
LRRN1,darkturquoise
LSM5,darkturquoise
LSM6,darkturquoise
LUZP1,darkturquoise
LYRM4,darkturquoise
MAEL,darkturquoise
MAGEF1,darkturquoise
MAGI2,darkturquoise
MAGOHB,darkturquoise
MALAT1,darkturquoise
MALL,darkturquoise
MAML3,darkturquoise
MAN2A1,darkturquoise
MANEA,darkturquoise
MAP1B,darkturquoise
MAP1D,darkturquoise
MAP1S,darkturquoise
MAP2K4,darkturquoise
MAP3K10,darkturquoise
MAP3K3,darkturquoise
MAP3K4,darkturquoise
MAP3K7,darkturquoise
MAP4K3,darkturquoise
MAP9,darkturquoise
MAPK10,darkturquoise
MAPK14,darkturquoise
MAPK7,darkturquoise
MAPRE2,darkturquoise
MARCH6,darkturquoise
MARCKS,darkturquoise
MARS2,darkturquoise
MAS1L,darkturquoise
MAST1,darkturquoise
MATN1,darkturquoise
MATR3,darkturquoise
MBD5,darkturquoise
MBOAT1,darkturquoise
MCART3P,darkturquoise
MCM3AP,darkturquoise
MCM8,darkturquoise
MDC1,darkturquoise
MDM2,darkturquoise
MDN1,darkturquoise
MECOM,darkturquoise
MED17,darkturquoise
MED18,darkturquoise
MED21,darkturquoise
MEF2C,darkturquoise
MEF2D,darkturquoise
MEMO1,darkturquoise
MEOX2,darkturquoise
METAP2,darkturquoise
METT10D,darkturquoise
METTL10,darkturquoise
METTL4,darkturquoise
MFAP1,darkturquoise
MFAP3,darkturquoise
MGA,darkturquoise
MGAM,darkturquoise
MGC42105,darkturquoise
MGC72080,darkturquoise
MGMT,darkturquoise
MIB2,darkturquoise
MICA,darkturquoise
MIPOL1,darkturquoise
MIR124-1,darkturquoise
MIR125B1,darkturquoise
MIR1265,darkturquoise
MIR187,darkturquoise
MIR299,darkturquoise
MIR30C2,darkturquoise
MIR423,darkturquoise
MIR526A1,darkturquoise
MIR548G,darkturquoise
MIR548H4,darkturquoise
MIR548N,darkturquoise
MIR943,darkturquoise
MITD1,darkturquoise
MITF,darkturquoise
MKL1,darkturquoise
MKRN1,darkturquoise
MLLT10,darkturquoise
MLLT4,darkturquoise
MMAA,darkturquoise
MMP1,darkturquoise
MMP16,darkturquoise
MNAT1,darkturquoise
MND1,darkturquoise
MNS1,darkturquoise
MOBKL1A,darkturquoise
MOBKL1B,darkturquoise
MOBKL3,darkturquoise
MON2,darkturquoise
MORC1,darkturquoise
MORF4L1,darkturquoise
MOSPD3,darkturquoise
MPP2,darkturquoise
MPP5,darkturquoise
MPZL3,darkturquoise
MRFAP1,darkturquoise
MRGPRD,darkturquoise
MRPL1,darkturquoise
MRPL13,darkturquoise
MRPL22,darkturquoise
MRPL27,darkturquoise
MRPL32,darkturquoise
MRPL47,darkturquoise
MRPS14,darkturquoise
MRPS30,darkturquoise
MRPS31,darkturquoise
MRPS33,darkturquoise
MRPS35,darkturquoise
MS4A10,darkturquoise
MSI2,darkturquoise
MSRB2,darkturquoise
MTBP,darkturquoise
MTDH,darkturquoise
MTERFD1,darkturquoise
MTHFS,darkturquoise
MTIF2,darkturquoise
MTMR2,darkturquoise
MTMR6,darkturquoise
MTMR7,darkturquoise
MTOR,darkturquoise
MTRF1,darkturquoise
MTRF1L,darkturquoise
MTRR,darkturquoise
MTX2,darkturquoise
MUC21,darkturquoise
MUDENG,darkturquoise
MUTED,darkturquoise
MYBL1,darkturquoise
MYC,darkturquoise
MYH3,darkturquoise
MYNN,darkturquoise
MYO1H,darkturquoise
MYO9A,darkturquoise
MYOF,darkturquoise
MYOM2,darkturquoise
MYT1L,darkturquoise
N4BP2,darkturquoise
N4BP2L2,darkturquoise
NAA11,darkturquoise
NAA16,darkturquoise
NAA35,darkturquoise
NAA38,darkturquoise
NACA2,darkturquoise
NAE1,darkturquoise
NALCN,darkturquoise
NANOS3,darkturquoise
NAP1L1,darkturquoise
NARS2,darkturquoise
NAT15,darkturquoise
NBAS,darkturquoise
NBEA,darkturquoise
NBN,darkturquoise
NBR1,darkturquoise
NCALD,darkturquoise
NCRNA00173,darkturquoise
NCRNA00219,darkturquoise
NDE1,darkturquoise
NDFIP2,darkturquoise
NDNL2,darkturquoise
NDST3,darkturquoise
NDUFA10,darkturquoise
NDUFA5,darkturquoise
NDUFB3,darkturquoise
NDUFB4,darkturquoise
NDUFB6,darkturquoise
NDUFS4,darkturquoise
NEDD1,darkturquoise
NEFM,darkturquoise
NEK1,darkturquoise
NEK3,darkturquoise
NELL2,darkturquoise
NFATC1,darkturquoise
NFIA,darkturquoise
NFKB1,darkturquoise
NFXL1,darkturquoise
NFYC,darkturquoise
NHLRC2,darkturquoise
NIF3L1,darkturquoise
NIPSNAP3A,darkturquoise
NKTR,darkturquoise
NLRC3,darkturquoise
NME2,darkturquoise
NME6,darkturquoise
NME7,darkturquoise
NMT1,darkturquoise
NNT,darkturquoise
NOC3L,darkturquoise
NOG,darkturquoise
NOL11,darkturquoise
NOP58,darkturquoise
NOS2,darkturquoise
NOVA1,darkturquoise
NPM1,darkturquoise
NPR3,darkturquoise
NPY1R,darkturquoise
NR2F1,darkturquoise
NR2F2,darkturquoise
NR3C1,darkturquoise
NR3C2,darkturquoise
NR5A2,darkturquoise
NRIP3,darkturquoise
NRN1,darkturquoise
NRXN3,darkturquoise
NSL1,darkturquoise
NSMCE1,darkturquoise
NSUN3,darkturquoise
NSUN6,darkturquoise
NT5E,darkturquoise
NTM,darkturquoise
NTNG1,darkturquoise
NTRK2,darkturquoise
NTSR2,darkturquoise
NUBPL,darkturquoise
NUDCD2,darkturquoise
NUDCD3,darkturquoise
NUDT15,darkturquoise
NUDT16L1,darkturquoise
NUDT9P1,darkturquoise
NUMB,darkturquoise
NUP107,darkturquoise
NUP133,darkturquoise
NUP160,darkturquoise
NUP205,darkturquoise
NUP35,darkturquoise
NUP43,darkturquoise
NUP85,darkturquoise
NXN,darkturquoise
OAZ3,darkturquoise
OBFC2A,darkturquoise
OBSCN,darkturquoise
OCA2,darkturquoise
ODZ2,darkturquoise
ODZ3,darkturquoise
ODZ4,darkturquoise
OLFM3,darkturquoise
OMA1,darkturquoise
OPRK1,darkturquoise
OR10C1,darkturquoise
OR14C36,darkturquoise
OR14I1,darkturquoise
OR1B1,darkturquoise
OR2B11,darkturquoise
OR2G3,darkturquoise
OR2T6,darkturquoise
OR4D1,darkturquoise
OR4D10,darkturquoise
OR4F5,darkturquoise
OR5A1,darkturquoise
OR5E1P,darkturquoise
OR6N1,darkturquoise
OR8A1,darkturquoise
OR8U8,darkturquoise
OR9Q1,darkturquoise
ORC4L,darkturquoise
OS9,darkturquoise
OSGEPL1,darkturquoise
OSTC,darkturquoise
OTUD6B,darkturquoise
OVCH1,darkturquoise
OVGP1,darkturquoise
OXA1L,darkturquoise
P4HA1,darkturquoise
P4HB,darkturquoise
PABPC1P2,darkturquoise
PABPN1,darkturquoise
PACRG,darkturquoise
PACRGL,darkturquoise
PAIP1,darkturquoise
PAIP2,darkturquoise
PAK4,darkturquoise
PAPD4,darkturquoise
PAQR8,darkturquoise
PARD3,darkturquoise
PARM1,darkturquoise
PARP1,darkturquoise
PARP11,darkturquoise
PARP14,darkturquoise
PARP16,darkturquoise
PARP2,darkturquoise
PASK,darkturquoise
PATE1,darkturquoise
PATE4,darkturquoise
PAX5,darkturquoise
PBX1,darkturquoise
PCDH9,darkturquoise
PCDHA1,darkturquoise
PCDHA2,darkturquoise
PCDHA6,darkturquoise
PCDHB10,darkturquoise
PCDHB11,darkturquoise
PCDHB2,darkturquoise
PCDHB6,darkturquoise
PCDHB7,darkturquoise
PCDHGA2,darkturquoise
PCDHGA4,darkturquoise
PCLO,darkturquoise
PCM1,darkturquoise
PCMTD1,darkturquoise
PCNP,darkturquoise
PCOTH,darkturquoise
PCSK1,darkturquoise
PCSK6,darkturquoise
PCTP,darkturquoise
PCYOX1,darkturquoise
PDCD4,darkturquoise
PDCL2,darkturquoise
PDE11A,darkturquoise
PDE7B,darkturquoise
PDGFD,darkturquoise
PDGFRL,darkturquoise
PDK2,darkturquoise
PDS5B,darkturquoise
PDSS2,darkturquoise
PDZK1,darkturquoise
PEBP1,darkturquoise
PECR,darkturquoise
PEG10,darkturquoise
PERP,darkturquoise
PEX1,darkturquoise
PEX13,darkturquoise
PFDN1,darkturquoise
PFN2,darkturquoise
PGBD1,darkturquoise
PGBD4,darkturquoise
PGGT1B,darkturquoise
PGM2L1,darkturquoise
PGR,darkturquoise
PHF14,darkturquoise
PHF17,darkturquoise
PHIP,darkturquoise
PHKB,darkturquoise
PIAS1,darkturquoise
PIGL,darkturquoise
PIK3AP1,darkturquoise
PIK3C3,darkturquoise
PIK3CA,darkturquoise
PIK3R3,darkturquoise
PIK3R4,darkturquoise
PIWIL4,darkturquoise
PJA2,darkturquoise
PKIB,darkturquoise
PKNOX2,darkturquoise
PLA2G16,darkturquoise
PLA2G4C,darkturquoise
PLAG1,darkturquoise
PLCG2,darkturquoise
PLCXD2,darkturquoise
PLD1,darkturquoise
PLEKHA7,darkturquoise
PLEKHB2,darkturquoise
PLEKHF2,darkturquoise
PLEKHG4B,darkturquoise
PLEKHM2,darkturquoise
PLK4,darkturquoise
PLRG1,darkturquoise
PLXND1,darkturquoise
PNPT1,darkturquoise
PODNL1,darkturquoise
POLB,darkturquoise
POLR2B,darkturquoise
POLR2K,darkturquoise
POLR3E,darkturquoise
POM121,darkturquoise
PON2,darkturquoise
PON3,darkturquoise
POP4,darkturquoise
POT1,darkturquoise
POU6F1,darkturquoise
POU6F2,darkturquoise
PPA2,darkturquoise
PPAPDC3,darkturquoise
PPEF2,darkturquoise
PPFIA1,darkturquoise
PPFIA2,darkturquoise
PPID,darkturquoise
PPM1A,darkturquoise
PPM1D,darkturquoise
PPM1H,darkturquoise
PPP1R11,darkturquoise
PPP1R12A,darkturquoise
PPP1R9A,darkturquoise
PPP2R2D,darkturquoise
PPP2R5A,darkturquoise
PPP2R5C,darkturquoise
PPP3R1,darkturquoise
PPP6C,darkturquoise
PPPDE2,darkturquoise
PPT2,darkturquoise
PRC1,darkturquoise
PRDM1,darkturquoise
PRDM13,darkturquoise
PRDM4,darkturquoise
PRDM5,darkturquoise
PREPL,darkturquoise
PRICKLE1,darkturquoise
PRIM1,darkturquoise
PRIM2,darkturquoise
PRKAA1,darkturquoise
PRKACB,darkturquoise
PRKAR1B,darkturquoise
PRKCG,darkturquoise
PRKCZ,darkturquoise
PRKD1,darkturquoise
PRKG1,darkturquoise
PRMT10,darkturquoise
PRMT5,darkturquoise
PRMT8,darkturquoise
PROK2,darkturquoise
PROM1,darkturquoise
PROX1,darkturquoise
PRPF18,darkturquoise
PRPSAP2,darkturquoise
PRR11,darkturquoise
PRR23A,darkturquoise
PRSS38,darkturquoise
PRTG,darkturquoise
PSD3,darkturquoise
PSMA3,darkturquoise
PSMB5,darkturquoise
PSMB7,darkturquoise
PSMB8,darkturquoise
PSORS1C1,darkturquoise
PTAR1,darkturquoise
PTGER3,darkturquoise
PTGR2,darkturquoise
PTGS2,darkturquoise
PTPLB,darkturquoise
PTPN12,darkturquoise
PTPN14,darkturquoise
PTPN21,darkturquoise
PTPRG,darkturquoise
PTPRN2,darkturquoise
PTX3,darkturquoise
PURG,darkturquoise
PVRL1,darkturquoise
PWP1,darkturquoise
PWWP2A,darkturquoise
PXDN,darkturquoise
PYCR2,darkturquoise
PYROXD1,darkturquoise
R3HDM1,darkturquoise
RAB11A,darkturquoise
RAB11B,darkturquoise
RAB21,darkturquoise
RAB27A,darkturquoise
RAB3C,darkturquoise
RAB4A,darkturquoise
RAB6A,darkturquoise
RABL3,darkturquoise
RACGAP1,darkturquoise
RACGAP1P,darkturquoise
RAD51AP1,darkturquoise
RAD51AP2,darkturquoise
RAD51L1,darkturquoise
RAD54B,darkturquoise
RAG2,darkturquoise
RANBP6,darkturquoise
RAP1A,darkturquoise
RAPH1,darkturquoise
RASA1,darkturquoise
RASA3,darkturquoise
RASEF,darkturquoise
RASGRF1,darkturquoise
RASGRP3,darkturquoise
RASSF8,darkturquoise
RB1,darkturquoise
RB1CC1,darkturquoise
RBBP4,darkturquoise
RBBP5,darkturquoise
RBM16,darkturquoise
RBM46,darkturquoise
RBMS2,darkturquoise
RBMS3,darkturquoise
RBP1,darkturquoise
RCBTB1,darkturquoise
RCC2,darkturquoise
RCHY1,darkturquoise
RCN2,darkturquoise
RCOR3,darkturquoise
RDH14,darkturquoise
RECQL,darkturquoise
REG4,darkturquoise
RELN,darkturquoise
RERE,darkturquoise
RETNLB,darkturquoise
RFC3,darkturquoise
RFWD3,darkturquoise
RG9MTD2,darkturquoise
RGMB,darkturquoise
RGS13,darkturquoise
RGS6,darkturquoise
RHOBTB1,darkturquoise
RHOH,darkturquoise
RICS,darkturquoise
RICTOR,darkturquoise
RIMKLB,darkturquoise
RIOK2,darkturquoise
RIPK2,darkturquoise
RMND1,darkturquoise
RND1,darkturquoise
RND3,darkturquoise
RNF103,darkturquoise
RNF11,darkturquoise
RNF14,darkturquoise
RNF146,darkturquoise
RNF152,darkturquoise
RNF169,darkturquoise
RNF17,darkturquoise
RNF215,darkturquoise
RNF34,darkturquoise
RNF5P1,darkturquoise
RNGTT,darkturquoise
ROCK1,darkturquoise
RP1,darkturquoise
RPAIN,darkturquoise
RPL10L,darkturquoise
RPL30,darkturquoise
RPL32P3,darkturquoise
RPL34,darkturquoise
RPL35A,darkturquoise
RPP30,darkturquoise
RPS27L,darkturquoise
RPS3A,darkturquoise
RPS6KA2,darkturquoise
RPTOR,darkturquoise
RSBN1,darkturquoise
RTCD1,darkturquoise
RTN4,darkturquoise
RUFY2,darkturquoise
SACM1L,darkturquoise
SAE1,darkturquoise
SAMD13,darkturquoise
SATB2,darkturquoise
SC4MOL,darkturquoise
SCAND2,darkturquoise
SCFD1,darkturquoise
SCGB1A1,darkturquoise
SCIN,darkturquoise
SCLT1,darkturquoise
SCN5A,darkturquoise
SCNN1B,darkturquoise
SDCCAG10,darkturquoise
SDHC,darkturquoise
SDK1,darkturquoise
SDK2,darkturquoise
SEC14L5,darkturquoise
SEC22B,darkturquoise
SEH1L,darkturquoise
SEL1L,darkturquoise
SELK,darkturquoise
SELT,darkturquoise
SEMA3A,darkturquoise
SEMA3C,darkturquoise
SEMA3E,darkturquoise
SEMA6B,darkturquoise
SENP2,darkturquoise
SENP6,darkturquoise
SENP7,darkturquoise
SEP15,darkturquoise
SEPSECS,darkturquoise
SEPT10,darkturquoise
SEPT2,darkturquoise
SERBP1,darkturquoise
SERINC1,darkturquoise
SERP1,darkturquoise
SERPINB12,darkturquoise
SERPINB2,darkturquoise
SERPINB5,darkturquoise
SETBP1,darkturquoise
SETD2,darkturquoise
SETD5,darkturquoise
SEZ6L2,darkturquoise
SF3A3,darkturquoise
SF3B1,darkturquoise
SF3B5,darkturquoise
SFMBT2,darkturquoise
SFRS11,darkturquoise
SFRS2B,darkturquoise
SFRS2IP,darkturquoise
SFXN1,darkturquoise
SGCE,darkturquoise
SGK1,darkturquoise
SGMS1,darkturquoise
SGOL1,darkturquoise
SGTB,darkturquoise
SH3BP5,darkturquoise
SH3GLB1,darkturquoise
SH3RF3,darkturquoise
SHANK2,darkturquoise
SIAH3,darkturquoise
SIK2,darkturquoise
SIK3,darkturquoise
SIM1,darkturquoise
SIP1,darkturquoise
SIPA1L1,darkturquoise
SIPA1L3,darkturquoise
SIRT4,darkturquoise
SKA2,darkturquoise
SKAP2,darkturquoise
SKIV2L2,darkturquoise
SKP1,darkturquoise
SLAMF1,darkturquoise
SLC15A1,darkturquoise
SLC17A4,darkturquoise
SLC17A6,darkturquoise
SLC19A3,darkturquoise
SLC1A3,darkturquoise
SLC20A2,darkturquoise
SLC22A3,darkturquoise
SLC25A21,darkturquoise
SLC25A46,darkturquoise
SLC28A3,darkturquoise
SLC30A7,darkturquoise
SLC30A9,darkturquoise
SLC35A1,darkturquoise
SLC35B3,darkturquoise
SLC35F2,darkturquoise
SLC35F5,darkturquoise
SLC36A1,darkturquoise
SLC36A2,darkturquoise
SLC39A10,darkturquoise
SLC39A11,darkturquoise
SLC39A13,darkturquoise
SLC39A9,darkturquoise
SLC45A4,darkturquoise
SLC4A10,darkturquoise
SLC5A7,darkturquoise
SLC6A15,darkturquoise
SLC8A3,darkturquoise
SLC9A9,darkturquoise
SLCO3A1,darkturquoise
SLITRK3,darkturquoise
SLITRK5,darkturquoise
SLTM,darkturquoise
SMAD9,darkturquoise
SMARCA2,darkturquoise
SMARCAD1,darkturquoise
SMARCC1,darkturquoise
SMC5,darkturquoise
SMEK2,darkturquoise
SMOC2,darkturquoise
SNAPC1,darkturquoise
SNAPC3,darkturquoise
SNCA,darkturquoise
SNCAIP,darkturquoise
SNHG5,darkturquoise
SNIP1,darkturquoise
SNORA11B,darkturquoise
SNORA26,darkturquoise
SNORD115-1,darkturquoise
SNORD27,darkturquoise
SNORD45C,darkturquoise
SNORD50B,darkturquoise
SNORD7,darkturquoise
SNORD74,darkturquoise
SNRK,darkturquoise
SNRNP70,darkturquoise
SNTB2,darkturquoise
SNTG1,darkturquoise
SNW1,darkturquoise
SNX13,darkturquoise
SNX4,darkturquoise
SOCS4,darkturquoise
SOCS5,darkturquoise
SOD1,darkturquoise
SORBS1,darkturquoise
SORBS2,darkturquoise
SORCS2,darkturquoise
SOX4,darkturquoise
SOX7,darkturquoise
SP3,darkturquoise
SPAG16,darkturquoise
SPATA1,darkturquoise
SPATA17,darkturquoise
SPATA5L1,darkturquoise
SPATA7,darkturquoise
SPC25,darkturquoise
SPDYC,darkturquoise
SPG20,darkturquoise
SPHKAP,darkturquoise
SPIN1,darkturquoise
SPOP,darkturquoise
SPOPL,darkturquoise
SPPL3,darkturquoise
SPRR3,darkturquoise
SPRY1,darkturquoise
SPSB4,darkturquoise
SRFBP1,darkturquoise
SRP72,darkturquoise
SSBP1,darkturquoise
SSBP2,darkturquoise
SSFA2,darkturquoise
SSH1,darkturquoise
SSU72,darkturquoise
ST18,darkturquoise
ST6GALNAC5,darkturquoise
ST7,darkturquoise
STAM,darkturquoise
STARD13,darkturquoise
STARD4,darkturquoise
STC1,darkturquoise
STEAP3,darkturquoise
STK31,darkturquoise
STMN1,darkturquoise
STMN2,darkturquoise
STRADA,darkturquoise
STRAP,darkturquoise
STT3B,darkturquoise
STX16,darkturquoise
STX7,darkturquoise
STXBP3,darkturquoise
STXBP5L,darkturquoise
SUFU,darkturquoise
SUGT1P1,darkturquoise
SULT2B1,darkturquoise
SUPT16H,darkturquoise
SUPT3H,darkturquoise
SUPV3L1,darkturquoise
SVIL,darkturquoise
SVIP,darkturquoise
SYF2,darkturquoise
SYNE1,darkturquoise
SYNJ2BP,darkturquoise
SYPL1,darkturquoise
SYT1,darkturquoise
SYT14,darkturquoise
SYT16,darkturquoise
T,darkturquoise
TACR1,darkturquoise
TADA1,darkturquoise
TAF1L,darkturquoise
TAF3,darkturquoise
TAF4B,darkturquoise
TAF9,darkturquoise
TAPT1,darkturquoise
TARS,darkturquoise
TAX1BP1,darkturquoise
TBC1D1,darkturquoise
TBC1D15,darkturquoise
TBC1D16,darkturquoise
TBC1D19,darkturquoise
TBC1D5,darkturquoise
TBC1D8,darkturquoise
TBCD,darkturquoise
TBCE,darkturquoise
TBL1XR1,darkturquoise
TBL2,darkturquoise
TBX21,darkturquoise
TCF15,darkturquoise
TCF7L2,darkturquoise
TCL6,darkturquoise
TCN1,darkturquoise
TCP1,darkturquoise
TCP11L1,darkturquoise
TCTN3,darkturquoise
TDRD10,darkturquoise
TDRD6,darkturquoise
TDRG1,darkturquoise
TEAD1,darkturquoise
TET1,darkturquoise
TET2,darkturquoise
TEX101,darkturquoise
TEX9,darkturquoise
TFAP2D,darkturquoise
TGDS,darkturquoise
TGFBR1,darkturquoise
TGFBR2,darkturquoise
TGIF1,darkturquoise
THAP5,darkturquoise
THAP6,darkturquoise
THNSL1,darkturquoise
THOC1,darkturquoise
THSD4,darkturquoise
TIA1,darkturquoise
TIAM2,darkturquoise
TIMM9,darkturquoise
TIPARP,darkturquoise
TJP1,darkturquoise
TKTL2,darkturquoise
TMCO1,darkturquoise
TMCO3,darkturquoise
TMCO6,darkturquoise
TMED10,darkturquoise
TMED5,darkturquoise
TMED7,darkturquoise
TMEM106B,darkturquoise
TMEM111,darkturquoise
TMEM126A,darkturquoise
TMEM126B,darkturquoise
TMEM161A,darkturquoise
TMEM161B,darkturquoise
TMEM167B,darkturquoise
TMEM184A,darkturquoise
TMEM194A,darkturquoise
TMEM196,darkturquoise
TMEM199,darkturquoise
TMEM201,darkturquoise
TMEM33,darkturquoise
TMEM45A,darkturquoise
TMEM5,darkturquoise
TMEM50A,darkturquoise
TMEM56,darkturquoise
TMEM67,darkturquoise
TMEM69,darkturquoise
TMEM74,darkturquoise
TMEM87B,darkturquoise
TMPO,darkturquoise
TMTC3,darkturquoise
TMX1,darkturquoise
TMX2,darkturquoise
TNFRSF11A,darkturquoise
TNFRSF19,darkturquoise
TNKS,darkturquoise
TNKS2,darkturquoise
TNNI3K,darkturquoise
TNPO1,darkturquoise
TNRC6A,darkturquoise
TNXB,darkturquoise
TOP2A,darkturquoise
TOP3B,darkturquoise
TOR1AIP1,darkturquoise
TOR1AIP2,darkturquoise
TOX4,darkturquoise
TP53,darkturquoise
TPD52,darkturquoise
TPK1,darkturquoise
TPX2,darkturquoise
TRAF3,darkturquoise
TRAF3IP2,darkturquoise
TRAF5,darkturquoise
TRAFD1,darkturquoise
TRIM10,darkturquoise
TRIM27,darkturquoise
TRIM40,darkturquoise
TRIM44,darkturquoise
TRIM55,darkturquoise
TRIM60,darkturquoise
TRIM68,darkturquoise
TRIM78P,darkturquoise
TRIO,darkturquoise
TRIP12,darkturquoise
TRIP4,darkturquoise
TRPC4,darkturquoise
TRRAP,darkturquoise
TSC22D1,darkturquoise
TSC22D2,darkturquoise
TSEN15,darkturquoise
TSPAN10,darkturquoise
TSPAN19,darkturquoise
TSPYL1,darkturquoise
TSTD2,darkturquoise
TTBK1,darkturquoise
TTC1,darkturquoise
TTC15,darkturquoise
TTC23,darkturquoise
TTC25,darkturquoise
TTC32,darkturquoise
TTC35,darkturquoise
TTC5,darkturquoise
TTC7A,darkturquoise
TTC7B,darkturquoise
TTF2,darkturquoise
TTLL11,darkturquoise
TTN,darkturquoise
TUBA1A,darkturquoise
TUBD1,darkturquoise
TUBE1,darkturquoise
TWF1,darkturquoise
TWSG1,darkturquoise
TXNDC16,darkturquoise
TXNDC5,darkturquoise
TXNDC9,darkturquoise
TXNIP,darkturquoise
TXNRD1,darkturquoise
TXNRD2,darkturquoise
TYW1,darkturquoise
UBA3,darkturquoise
UBA5,darkturquoise
UBAC1,darkturquoise
UBAC2,darkturquoise
UBE2B,darkturquoise
UBE2CBP,darkturquoise
UBE2H,darkturquoise
UBE2T,darkturquoise
UBE2U,darkturquoise
UBE2V2,darkturquoise
UBE4A,darkturquoise
UBL3,darkturquoise
UBLCP1,darkturquoise
UBR3,darkturquoise
UBTD1,darkturquoise
UFD1L,darkturquoise
UFM1,darkturquoise
UFSP2,darkturquoise
UGGT1,darkturquoise
UGP2,darkturquoise
UGT1A10,darkturquoise
UGT1A8,darkturquoise
UHMK1,darkturquoise
UMOD,darkturquoise
UNC5C,darkturquoise
UNC84A,darkturquoise
UNG,darkturquoise
UQCRB,darkturquoise
USP15,darkturquoise
USP30,darkturquoise
USP42,darkturquoise
USP43,darkturquoise
USP8,darkturquoise
USPL1,darkturquoise
UTP14C,darkturquoise
UTP20,darkturquoise
UTP23,darkturquoise
VAX2,darkturquoise
VCAN,darkturquoise
VCPIP1,darkturquoise
VEZF1,darkturquoise
VKORC1,darkturquoise
VKORC1L1,darkturquoise
VPS11,darkturquoise
VPS13A,darkturquoise
VPS18,darkturquoise
VPS26A,darkturquoise
VPS29,darkturquoise
VPS41,darkturquoise
VPS45,darkturquoise
VPS54,darkturquoise
VPS72,darkturquoise
VRK2,darkturquoise
VSTM2A,darkturquoise
VTI1A,darkturquoise
VWC2L,darkturquoise
VWDE,darkturquoise
WAC,darkturquoise
WASF1,darkturquoise
WDR16,darkturquoise
WDR19,darkturquoise
WDR27,darkturquoise
WDR47,darkturquoise
WDR60,darkturquoise
WDR63,darkturquoise
WDR67,darkturquoise
WDR75,darkturquoise
WDR77,darkturquoise
WDR82,darkturquoise
WDR89,darkturquoise
WDR93,darkturquoise
WDYHV1,darkturquoise
WHSC1L1,darkturquoise
WIPI1,darkturquoise
WISP3,darkturquoise
WWC2,darkturquoise
WWTR1,darkturquoise
XPNPEP1,darkturquoise
XPO1,darkturquoise
XPR1,darkturquoise
XRN1,darkturquoise
YEATS4,darkturquoise
YIF1B,darkturquoise
YIPF4,darkturquoise
YME1L1,darkturquoise
YTHDF2,darkturquoise
YWHAQ,darkturquoise
YWHAZ,darkturquoise
ZBTB20,darkturquoise
ZBTB3,darkturquoise
ZBTB38,darkturquoise
ZBTB41,darkturquoise
ZBTB7A,darkturquoise
ZC3H12D,darkturquoise
ZC3H13,darkturquoise
ZC3H15,darkturquoise
ZC3H6,darkturquoise
ZC3HC1,darkturquoise
ZCCHC10,darkturquoise
ZCCHC14,darkturquoise
ZDHHC14,darkturquoise
ZEB1,darkturquoise
ZEB2,darkturquoise
ZFAT,darkturquoise
ZFC3H1,darkturquoise
ZFP36L1,darkturquoise
ZFP91,darkturquoise
ZFYVE28,darkturquoise
ZFYVE9,darkturquoise
ZIM3,darkturquoise
ZKSCAN5,darkturquoise
ZMPSTE24,darkturquoise
ZMYM6,darkturquoise
ZNF10,darkturquoise
ZNF138,darkturquoise
ZNF143,darkturquoise
ZNF16,darkturquoise
ZNF169,darkturquoise
ZNF175,darkturquoise
ZNF2,darkturquoise
ZNF204P,darkturquoise
ZNF219,darkturquoise
ZNF221,darkturquoise
ZNF224,darkturquoise
ZNF226,darkturquoise
ZNF227,darkturquoise
ZNF229,darkturquoise
ZNF236,darkturquoise
ZNF248,darkturquoise
ZNF25,darkturquoise
ZNF251,darkturquoise
ZNF281,darkturquoise
ZNF282,darkturquoise
ZNF283,darkturquoise
ZNF284,darkturquoise
ZNF285A,darkturquoise
ZNF311,darkturquoise
ZNF317,darkturquoise
ZNF322A,darkturquoise
ZNF323,darkturquoise
ZNF33B,darkturquoise
ZNF347,darkturquoise
ZNF35,darkturquoise
ZNF350,darkturquoise
ZNF365,darkturquoise
ZNF385D,darkturquoise
ZNF420,darkturquoise
ZNF436,darkturquoise
ZNF445,darkturquoise
ZNF491,darkturquoise
ZNF516,darkturquoise
ZNF518A,darkturquoise
ZNF529,darkturquoise
ZNF536,darkturquoise
ZNF540,darkturquoise
ZNF547,darkturquoise
ZNF562,darkturquoise
ZNF566,darkturquoise
ZNF576,darkturquoise
ZNF599,darkturquoise
ZNF615,darkturquoise
ZNF618,darkturquoise
ZNF643,darkturquoise
ZNF649,darkturquoise
ZNF652,darkturquoise
ZNF665,darkturquoise
ZNF672,darkturquoise
ZNF707,darkturquoise
ZNF780A,darkturquoise
ZNF780B,darkturquoise
ZNF800,darkturquoise
ZNF804A,darkturquoise
ZNF827,darkturquoise
ZNF829,darkturquoise
ZNF836,darkturquoise
ZNF841,darkturquoise
ZNF846,darkturquoise
ZNF880,darkturquoise
ZNF92,darkturquoise
ZNHIT3,darkturquoise
ZNHIT6,darkturquoise
ZNRD1,darkturquoise
ZPBP,darkturquoise
ZRANB2,darkturquoise
ZSWIM2,darkturquoise
ZSWIM5,darkturquoise
ZSWIM6,darkturquoise
ZSWIM7,darkturquoise
ZUFSP,darkturquoise
ZW10,darkturquoise
ZZZ3,darkturquoise
A2BP1,green
A2M,green
A2ML1,green
AADACL3,green
ABCB6,green
ABCG5,green
ABI2,green
ABLIM1,green
ABLIM2,green
ABR,green
ACADM,green
ACOX3,green
ACOXL,green
ACTR3C,green
ADAMTS14,green
ADAMTS15,green
ADAMTS16,green
ADARB2,green
ADCYAP1,green
ADI1,green
ADIPOR1,green
ADORA2B,green
ADPGK,green
AGAP1,green
AGAP3,green
AGAP7,green
AGK,green
AHDC1,green
AHRR,green
AKAP12,green
AKAP2,green
AKAP8,green
AKT2,green
ALDH1L2,green
ALG1,green
ALOXE3,green
ALPK1,green
ALX1,green
ALX4,green
AMBRA1,green
AMFR,green
AMOTL1,green
AMZ1,green
ANAPC7,green
ANKFY1,green
ANKH,green
ANKMY1,green
ANKRD33,green
ANKRD45,green
ANXA3,green
AP3D1,green
APOM,green
AQP11,green
AQP9,green
ARHGAP22,green
ARHGDIA,green
ARHGEF10,green
ARHGEF12,green
ARHGEF18,green
ARID1B,green
ARL11,green
ARNT2,green
ARSI,green
ARV1,green
ASAH1,green
ASAP1,green
ASH1L,green
ASNS,green
ASPSCR1,green
ASTN1,green
ASTN2,green
ASXL3,green
ATAD1,green
ATCAY,green
ATP10A,green
ATP11A,green
ATP4A,green
ATP4B,green
ATP6V1B2,green
ATP8B3,green
AUTS2,green
AXIN1,green
AXIN2,green
B3GALNT1,green
B3GNT8,green
B3GNTL1,green
B4GALT3,green
BAALC,green
BAHCC1,green
BAMBI,green
BANP,green
BAT1,green
BAT2L1,green
BBS12,green
BBS4,green
BCAS3,green
BCAT1,green
BCCIP,green
BCL11B,green
BCL2L14,green
BCL2L2,green
BCLAF1,green
BFSP2,green
BMP6,green
BNC2,green
BNIP3,green
BOC,green
BPHL,green
BRCA2,green
BRE,green
BRP44L,green
BRPF1,green
BRPF3,green
BRUNOL4,green
BTNL2,green
BZRAP1,green
C10ORF105,green
C10ORF57,green
C10ORF76,green
C10ORF88,green
C10ORF96,green
C10ORF99,green
C11ORF90,green
C12ORF23,green
C13ORF23,green
C13ORF38,green
C14ORF133,green
C14ORF143,green
C14ORF165,green
C14ORF38,green
C14ORF43,green
C15ORF42,green
C15ORF59,green
C16ORF35,green
C16ORF5,green
C16ORF68,green
C17ORF51,green
C17ORF63,green
C17ORF68,green
C17ORF97,green
C18ORF16,green
C19ORF36,green
C19ORF50,green
C19ORF51,green
C1ORF173,green
C1ORF213,green
C1ORF27,green
C1ORF65,green
C1ORF70,green
C1ORF94,green
C1QTNF2,green
C2CD4A,green
C2ORF64,green
C2ORF74,green
C2ORF76,green
C2ORF84,green
C3ORF21,green
C3ORF25,green
C3ORF70,green
C3ORF75,green
C3ORF79,green
C4ORF19,green
C4ORF23,green
C5ORF24,green
C5ORF38,green
C5ORF49,green
C6ORF115,green
C6ORF127,green
C6ORF150,green
C6ORF170,green
C6ORF174,green
C7ORF16,green
C7ORF26,green
C7ORF33,green
C7ORF50,green
C7ORF59,green
C7ORF61,green
C8ORF42,green
C8ORF56,green
C8ORF86,green
C9ORF144B,green
CA8,green
CABC1,green
CABLES1,green
CACHD1,green
CACNA1D,green
CACNB4,green
CACNG3,green
CADM1,green
CADM2,green
CADPS,green
CALCB,green
CAMK2B,green
CAMK2G,green
CAP2,green
CAPN9,green
CASKIN2,green
CATSPER1,green
CATSPER4,green
CBLC,green
CBR4,green
CBS,green
CCDC104,green
CCDC106,green
CCDC132,green
CCDC163P,green
CCDC18,green
CCDC6,green
CCDC88C,green
CCDC9,green
CCNDBP1,green
CCNE1,green
CD109,green
CD58,green
CD81,green
CD82,green
CD8A,green
CDC20,green
CDC42BPB,green
CDC42EP4,green
CDC42EP5,green
CDCA2,green
CDH15,green
CDH7,green
CDR2L,green
CDYL,green
CENPF,green
CENPT,green
CENPV,green
CGNL1,green
CHCHD1,green
CHD9,green
CHL1,green
CHMP6,green
CHRM2,green
CHRNA4,green
CHST11,green
CHSY1,green
CIITA,green
CIT,green
CLC,green
CLCN7,green
CLDN10,green
CLEC16A,green
CLNK,green
CLSTN2,green
CLYBL,green
CMIP,green
CNN3,green
COL23A1,green
COL9A3,green
COLEC11,green
COPS3,green
COPS4,green
COQ6,green
COX10,green
COX17,green
COX6B2,green
COX7C,green
CPA2,green
CPE,green
CPM,green
CPS1,green
CPSF6,green
CPZ,green
CR1L,green
CRB2,green
CRHR1,green
CRK,green
CRMP1,green
CRYBG3,green
CRYM,green
CSMD1,green
CSNK1A1P,green
CSNK2A1P,green
CSPG5,green
CTDSPL,green
CTNNA2,green
CTNS,green
CUGBP2,green
CYFIP1,green
CYP26B1,green
CYP27C1,green
CYP51A1,green
CYP7B1,green
CYTH3,green
DAAM1,green
DAB1,green
DBI,green
DBN1,green
DBNDD1,green
DCAF4,green
DCAF8,green
DCI,green
DCLK1,green
DCP1A,green
DCTN2,green
DDHD2,green
DDO,green
DDX24,green
DDX25,green
DDX4,green
DDX51,green
DDX52,green
DDX58,green
DEAF1,green
DEFB136,green
DENND3,green
DFNA5,green
DGKI,green
DGKZ,green
DHRS3,green
DHRS7,green
DHX33,green
DIP2C,green
DIRC2,green
DKFZP566F0947,green
DKK1,green
DKK3,green
DLG5,green
DLGAP2,green
DLK1,green
DLX2,green
DLX3,green
DLX5,green
DLX6AS,green
DMP1,green
DMRTA2,green
DMRTB1,green
DNAH5,green
DNAH9,green
DNAJC12,green
DNAJC21,green
DNAJC5B,green
DNALI1,green
DNHD1,green
DOCK1,green
DOCK6,green
DOK6,green
DPP10,green
DPPA4,green
DPYSL2,green
DPYSL5,green
DRD4,green
DSE,green
DST,green
DTNA,green
DTNBP1,green
DUPD1,green
DUSP15,green
DUSP22,green
DYSF,green
DZIP1,green
DZIP3,green
EBF3,green
ECEL1,green
EEA1,green
EEF2K,green
EEFSEC,green
EEPD1,green
EFHA2,green
EFNA4,green
EFNB2,green
EFNB3,green
EFR3A,green
EGFLAM,green
EGFR,green
EGR3,green
EHD1,green
EHD3,green
EHF,green
EHMT1,green
EHMT2,green
EIF2AK2,green
EIF2C2,green
EIF4E2,green
ENGASE,green
ENOSF1,green
ENPP2,green
ENY2,green
EPB41L4B,green
EPHA5,green
EPHB4,green
ERAP2,green
ERBB4,green
ERC1,green
ERC2,green
ERICH1,green
ESD,green
ESPNL,green
ESPNP,green
ESRRG,green
ESYT2,green
ETV7,green
EVX1,green
EXD3,green
EXOC2,green
EXT1,green
EYA4,green
EZR,green
F10,green
F13A1,green
FAM10A4,green
FAM110B,green
FAM123A,green
FAM129C,green
FAM149A,green
FAM160A1,green
FAM167A,green
FAM169A,green
FAM184B,green
FAM186A,green
FAM18A,green
FAM19A1,green
FAM19A2,green
FAM20C,green
FAM38A,green
FAM46C,green
FAM47E,green
FAM53B,green
FAM59B,green
FAM5B,green
FAM66A,green
FAM82A1,green
FARP1,green
FARS2,green
FASTK,green
FAT2,green
FAT4,green
FBLN2,green
FBLN7,green
FBRSL1,green
FBXO22,green
FBXO36,green
FBXO4,green
FBXW8,green
FCRL5,green
FECH,green
FEZ1,green
FEZF1,green
FGF12,green
FGF14,green
FHDC1,green
FIGN,green
FIS1,green
FLCN,green
FLG,green
FLJ22536,green
FLJ37453,green
FLJ40434,green
FLJ43390,green
FMN2,green
FOXF1,green
FOXF2,green
FOXK2,green
FOXN3,green
FOXO3,green
FOXP4,green
FRAS1,green
FREM3,green
FRMD4A,green
FSCN2,green
FSTL1,green
FSTL5,green
FUCA2,green
FXYD7,green
FYN,green
FZD6,green
FZR1,green
G0S2,green
GABARAPL3,green
GABBR1,green
GABRA5,green
GADD45A,green
GAL3ST2,green
GALM,green
GALNT13,green
GALNT2,green
GALR1,green
GAS7,green
GBP6,green
GCET2,green
GDF9,green
GDI2,green
GEFT,green
GEM,green
GEMIN5,green
GFOD1,green
GFRA2,green
GGA2,green
GHRL,green
GIPR,green
GJB6,green
GLB1L2,green
GLI2,green
GLI3,green
GLUL,green
GMDS,green
GNA12,green
GNAI3,green
GNB1,green
GNG4,green
GNG7,green
GPC1,green
GPC5,green
GPER,green
GPLD1,green
GPR108,green
GPR110,green
GPR123,green
GPR133,green
GPR135,green
GPR153,green
GPR37,green
GPSM3,green
GRAMD1B,green
GREB1,green
GRHL1,green
GRIA2,green
GRIK2,green
GRM7,green
GRPEL1,green
GTF2E2,green
GTF2H4,green
GTF2IRD1,green
GTF3C1,green
GTF3C5,green
GUCA1B,green
GYG1,green
GYPC,green
H6PD,green
HABP2,green
HAS1,green
HAS3,green
HBBP1,green
HCG27,green
HDAC4,green
HDDC2,green
HEG1,green
HHIPL1,green
HIPK2,green
HIVEP1,green
HIVEP3,green
HMBOX1,green
HNF1A,green
HNRPA1L-2,green
HPCAL1,green
HPSE2,green
HRK,green
HS6ST3,green
HSBP1L1,green
HSD17B14,green
HTR7P,green
IGF1R,green
IGF2AS,green
IGFALS,green
IL12A,green
IL17D,green
IL24,green
IL7,green
IMPACT,green
ING5,green
INHBB,green
INPP4A,green
INPP5A,green
INPP5F,green
IQCA1,green
IQCE,green
IQGAP2,green
IQSEC1,green
IRAK3,green
IRX5,green
ISOC1,green
ISOC2,green
ITK,green
ITPKC,green
JAK2,green
JAKMIP3,green
JARID2,green
KANK1,green
KATNAL2,green
KCNA1,green
KCNA4,green
KCNA6,green
KCNAB3,green
KCNG2,green
KCNIP2,green
KCNIP4,green
KCNJ16,green
KCNK10,green
KCNN2,green
KCNQ1,green
KCNQ1DN,green
KCNV2,green
KDM4B,green
KDM5A,green
KIAA0141,green
KIAA0754,green
KIAA1026,green
KIAA1244,green
KIAA1530,green
KIAA1614,green
KIAA1688,green
KIAA1755,green
KIAA1841,green
KIF15,green
KIF26B,green
KIF27,green
KIF5C,green
KLB,green
KLC1,green
KLHDC4,green
KLHDC5,green
KLHDC7A,green
KLHDC7B,green
KLHL1,green
KLHL3,green
KLHL7,green
KRT1,green
KRT28,green
KSR2,green
KY,green
L3MBTL4,green
LALBA,green
LAT2,green
LAX1,green
LCN12,green
LDLR,green
LETM2,green
LHX2,green
LHX3,green
LHX8,green
LIFR,green
LIN9,green
LIPC,green
LIPF,green
LMO1,green
LMO3,green
LMOD1,green
LMTK3,green
LOC100130331,green
LOC100132354,green
LOC100188947,green
LOC100192378,green
LOC121952,green
LOC146336,green
LOC153328,green
LOC25845,green
LOC283050,green
LOC283174,green
LOC283404,green
LOC283867,green
LOC285375,green
LOC285830,green
LOC441666,green
LOC619207,green
LOC645323,green
LOC728392,green
LOC729467,green
LOC729799,green
LOC729991-MEF2B,green
LOC84740,green
LOC93622,green
LOXL2,green
LPAR3,green
LPAR5,green
LPCAT1,green
LPHN1,green
LPHN3,green
LPP,green
LPPR5,green
LRAT,green
LRIG1,green
LRP1,green
LRRC10,green
LRRC14B,green
LRRC27,green
LRRC3B,green
LRRC4,green
LRRC6,green
LRRC61,green
LRRC8B,green
LRRK1,green
LTBP2,green
LY6G5C,green
LY75,green
LYPD1,green
LYPD6,green
LYSMD3,green
LZTS1,green
MACROD2,green
MAD1L1,green
MAGI1,green
MALAT1,green
MAN2A1,green
MAN2B1,green
MAP1S,green
MAP2K4,green
MAP2K6,green
MAP3K1,green
MAP3K7IP2,green
MAP3K9,green
MAP4K4,green
MAPK15,green
MAPK4,green
MARCH1,green
MARCH11,green
MARK3,green
MARVELD2,green
MAST4,green
MC5R,green
MCF2L,green
MCPH1,green
MDGA1,green
MECOM,green
MED12L,green
MED6,green
MEIS2,green
METAP1,green
METRNL,green
METT10D,green
METTL14,green
MEX3B,green
MFAP1,green
MFAP3L,green
MFGE8,green
MFHAS1,green
MFSD1,green
MFSD2B,green
MFSD6,green
MGAT4A,green
MGAT5,green
MGC16384,green
MGMT,green
MGRN1,green
MGST1,green
MICA,green
MINA,green
MIR1276,green
MIR190,green
MIR487B,green
MIR518F,green
MIR548H4,green
MIR659,green
MKNK1,green
MKX,green
MLEC,green
MLH1,green
MLLT4,green
MLXIPL,green
MMD2,green
MNT,green
MOG,green
MORN1,green
MOSC1,green
MPP5,green
MPPED2,green
MR1,green
MRO,green
MRPS23,green
MSC,green
MSH2,green
MSH5,green
MSI2,green
MTMR10,green
MTMR15,green
MTMR7,green
MTNR1A,green
MTOR,green
MUC2,green
MUCL1,green
MUM1,green
MUPCDH,green
MYBPC2,green
MYC,green
MYCBP,green
MYEF2,green
MYH11,green
MYH14,green
MYLK,green
MYO10,green
MYO1B,green
MYO1C,green
MYO1D,green
MYO1F,green
MYO3B,green
MYOZ3,green
MYRIP,green
MYST4,green
MYT1L,green
NAB2,green
NADSYN1,green
NARG2,green
NAT15,green
NAV2,green
NBPF1,green
NCALD,green
NCAPD2,green
NCK2,green
NCOR2,green
NCRNA00116,green
NCRNA00164,green
NCRNA00171,green
NDRG4,green
NDUFA7,green
NDUFS6,green
NEBL,green
NEU1,green
NFE2,green
NFIA,green
NFIX,green
NHP2L1,green
NID1,green
NINL,green
NIPAL3,green
NKAIN3,green
NKAIN4,green
NKX2-5,green
NKX6-2,green
NLGN2,green
NLRP2,green
NLRP9,green
NME2P1,green
NME3,green
NOS1AP,green
NOS3,green
NOTCH1,green
NOV,green
NPAS3,green
NPAS4,green
NPHP4,green
NPLOC4,green
NPY5R,green
NR2F1,green
NR6A1,green
NRG2,green
NRIP2,green
NRP1,green
NRXN2,green
NRXN3,green
NSMCE2,green
NT5M,green
NTNG1,green
NUDT13,green
NXN,green
OAF,green
OBFC2B,green
OCA2,green
ODF1,green
ODZ4,green
OGDHL,green
OLFML2B,green
OLIG3,green
OPA1,green
OPCML,green
OR1M1,green
OR52B4,green
OR6M1,green
OR6V1,green
ORAI2,green
OSBPL10,green
OSR1,green
OSR2,green
OXGR1,green
PACRG,green
PAM,green
PAQR8,green
PARD3,green
PARK2,green
PARM1,green
PARP2,green
PARP4,green
PAX6,green
PAX9,green
PBX1,green
PC,green
PCBD2,green
PCCA,green
PCDH1,green
PCDH10,green
PCDH17,green
PCDHA6,green
PCDHB7,green
PCDHGA4,green
PCDHGB5,green
PCGF3,green
PCNXL2,green
PCSK5,green
PDE1C,green
PDE4A,green
PDE4D,green
PDE6B,green
PDE8A,green
PDE8B,green
PDIA6,green
PDZD7,green
PDZRN4,green
PEBP1,green
PELI1,green
PELI2,green
PELP1,green
PER3,green
PERP,green
PET112L,green
PEX14,green
PFDN5,green
PFKFB3,green
PFKM,green
PFKP,green
PGCP,green
PGLYRP2,green
PGM1,green
PGS1,green
PHAX,green
PHC3,green
PHF12,green
PHKG2,green
PHLDB2,green
PHYHIP,green
PIP4K2A,green
PIPOX,green
PITPNM3,green
PKD1,green
PKNOX2,green
PLA2G4D,green
PLAGL1,green
PLD5,green
PLEC1,green
PLEK,green
PLEKHA4,green
PLIN1,green
PM20D1,green
PMEPA1,green
PNLDC1,green
POLE2,green
POLN,green
POLR1A,green
POLR1D,green
POLR2A,green
POLR2H,green
POLS,green
POMC,green
POPDC3,green
POR,green
POU3F3,green
POU6F2,green
PPAP2C,green
PPARD,green
PPFIBP2,green
PPP1R14C,green
PPP1R9B,green
PPP2R5C,green
PPT2,green
PRCC,green
PRDM16,green
PRDM6,green
PREX2,green
PRKAR1A,green
PRKAR1B,green
PRKCA,green
PRKCZ,green
PRLR,green
PRMT8,green
PROSC,green
PRPSAP2,green
PRR15,green
PRRT1,green
PRRX1,green
PRSS21,green
PRSS42,green
PRTFDC1,green
PRTN3,green
PSD2,green
PSMB6,green
PSMB9,green
PSMD11,green
PSMD6,green
PTAR1,green
PTCH1,green
PTCRA,green
PTGER4,green
PTGFRN,green
PTK2,green
PTPRN2,green
PTPRS,green
PTPRZ1,green
PUF60,green
PVRL3,green
PVT1,green
PXDN,green
PYGO1,green
QRICH1,green
QSOX1,green
R3HCC1,green
RAB11FIP3,green
RAB39,green
RAB40C,green
RAB7L1,green
RABEP1,green
RAD51L1,green
RAD54L,green
RAI1,green
RALA,green
RANBP2,green
RAPGEF1,green
RAPGEF4,green
RAPGEFL1,green
RARRES1,green
RASA3,green
RASAL1,green
RASL10B,green
RBM14,green
RBM33,green
RBM4B,green
RCC2,green
RDH11,green
RELB,green
REPIN1,green
RER1,green
RERE,green
RFX8,green
RGL2,green
RGS12,green
RGS3,green
RGS6,green
RHOBTB3,green
RIMBP2,green
RIN1,green
RIT2,green
RNF126P1,green
RNF13,green
RNF157,green
RNF168,green
RNF207,green
RNF216,green
RNF39,green
RNF6,green
RNH1,green
RNMT,green
RORA,green
RP9,green
RPH3AL,green
RPL21,green
RPL22,green
RPL29P2,green
RPL31,green
RPS26,green
RPS6KA2,green
RPTOR,green
RSF1,green
RSPH9,green
RTN4RL1,green
RTN4RL2,green
RUNDC2A,green
RUNDC3B,green
RUNX2,green
RWDD3,green
RXFP3,green
RYK,green
S1PR1,green
S1PR3,green
SALL1,green
SALL2,green
SAMD4A,green
SAPS3,green
SART3,green
SASH1,green
SATB1,green
SCARA5,green
SCCPDH,green
SCFD2,green
SCG5,green
SCGB3A2,green
SCHIP1,green
SCT,green
SDAD1,green
SDC2,green
SDHA,green
SDHAP1,green
SDHAP3,green
SDK1,green
SEC14L1,green
SEC16A,green
SEC61A2,green
SEMA3B,green
SEMA3G,green
SEMA5B,green
SEPT11,green
SEPT9,green
SEPX1,green
SERPING1,green
SETD3,green
SFMBT1,green
SFRP1,green
SFXN5,green
SGEF,green
SGIP1,green
SGMS2,green
SGPP1,green
SH2D3A,green
SH3GLB1,green
SH3RF3,green
SHBG,green
SHF,green
SHISA6,green
SHISA7,green
SHPK,green
SIAH2,green
SIM1,green
SIN3A,green
SLC12A2,green
SLC12A7,green
SLC15A2,green
SLC19A3,green
SLC1A4,green
SLC20A2,green
SLC22A1,green
SLC22A18AS,green
SLC22A23,green
SLC22A3,green
SLC25A10,green
SLC25A12,green
SLC25A24,green
SLC25A31,green
SLC27A6,green
SLC2A5,green
SLC30A10,green
SLC35F1,green
SLC38A4,green
SLC39A14,green
SLC39A4,green
SLC45A3,green
SLC45A4,green
SLC4A1,green
SLC4A10,green
SLC4A8,green
SLC6A1,green
SLC7A11,green
SLC7A5,green
SLC8A3,green
SLC9A2,green
SLC9A3,green
SLCO5A1,green
SLIT3,green
SLITRK1,green
SMC5,green
SMCHD1,green
SMCR5,green
SMG6,green
SMPDL3B,green
SMTNL2,green
SMYD3,green
SNORD27,green
SNORD94,green
SNW1,green
SNX19,green
SOBP,green
SOHLH2,green
SORBS3,green
SORCS2,green
SORCS3,green
SORD,green
SOX1,green
SOX11,green
SOX30,green
SP5,green
SP9,green
SPAG16,green
SPATA13,green
SPATA24,green
SPATS2L,green
SPEN,green
SPG7,green
SPIB,green
SPINT2,green
SPOCK2,green
SPPL2A,green
SPSB4,green
SPTBN1,green
SRBD1,green
SRGAP1,green
SRGAP3,green
SRP14,green
SRP19,green
SRRM2,green
SRRM3,green
SRRT,green
SSH1,green
SSPN,green
SSTR2,green
SSTR4,green
ST3GAL6,green
ST6GAL2,green
ST7,green
ST8SIA1,green
STAM2,green
STK10,green
STK11,green
STK32B,green
STK32C,green
STMN1,green
STRADA,green
STT3A,green
STX17,green
STX8,green
SULT4A1,green
SUOX,green
SYCE2,green
SYDE1,green
SYNE1,green
SYNM,green
SYT11,green
SYT5,green
TACC2,green
TACR1,green
TAF11,green
TANC1,green
TAP2,green
TAPBP,green
TBC1D5,green
TBCD,green
TBCE,green
TBX1,green
TBX2,green
TBX20,green
TBX3,green
TBX4,green
TCF12,green
TCF7L2,green
TCHH,green
TCL1A,green
TCTN1,green
TDRD5,green
TEAD1,green
TEKT2,green
TESK2,green
TFDP1,green
TGFBR3,green
TH,green
THADA,green
THAP3,green
THOP1,green
THPO,green
THRB,green
THRSP,green
THSD7A,green
THYN1,green
TIAM2,green
TIGD6,green
TIMM17A,green
TLE1,green
TLE3,green
TLE4,green
TLL1,green
TLX2,green
TMCO3,green
TMED4,green
TMED9,green
TMEFF2,green
TMEM100,green
TMEM131,green
TMEM132D,green
TMEM161B,green
TMEM184A,green
TMEM33,green
TMEM44,green
TMEM51,green
TMEM62,green
TMEM85,green
TNFAIP8L1,green
TNFSF10,green
TNKS1BP1,green
TNRC6C,green
TNS3,green
TNXB,green
TOLLIP,green
TOPBP1,green
TOX3,green
TP53INP1,green
TPBG,green
TPCN1,green
TPH2,green
TPO,green
TPRKB,green
TRADD,green
TRAF3,green
TRAF3IP2,green
TRAK1,green
TRAPPC1,green
TRAPPC9,green
TRIB1,green
TRIB2,green
TRIM2,green
TRIM39,green
TRIM4,green
TRIM67,green
TRIM71,green
TRIO,green
TRPM7,green
TRPS1,green
TRRAP,green
TSEN34,green
TSNARE1,green
TSNAX-DISC1,green
TSPAN13,green
TSPAN9,green
TSSC4,green
TTC21B,green
TTC30A,green
TTLL13,green
TTLL5,green
TTYH2,green
TTYH3,green
TUB,green
UBASH3B,green
UBE2E1,green
UBE2N,green
UBE3C,green
UBL3,green
UBQLN3,green
UBR4,green
UBTD1,green
UCHL3,green
UFSP2,green
UGGT2,green
UNKL,green
UPK1A,green
USP29,green
USP3,green
USP42,green
USP44,green
USP46,green
UTS2D,green
UVRAG,green
UXS1,green
VAC14,green
VAMP3,green
VANGL1,green
VAPA,green
VARS,green
VARS2,green
VCPIP1,green
VDAC2,green
VENTX,green
VGF,green
VGLL4,green
VHL,green
VIT,green
VMAC,green
VPS37B,green
VSTM1,green
VTI1A,green
VWCE,green
WASF3,green
WBSCR17,green
WDFY4,green
WDR17,green
WDR25,green
WDR59,green
WDR60,green
WDR65,green
WDR8,green
WDR81,green
WHSC1,green
WIPF2,green
WIPI2,green
WNT5A,green
WNT5B,green
WSB1,green
WWOX,green
ZBED3,green
ZBTB16,green
ZBTB45,green
ZBTB7A,green
ZBTB8A,green
ZCCHC14,green
ZDHHC11,green
ZDHHC13,green
ZDHHC14,green
ZDHHC22,green
ZEB1,green
ZFAT,green
ZFHX4,green
ZFP14,green
ZFP36,green
ZFYVE20,green
ZFYVE21,green
ZFYVE9,green
ZHX2,green
ZIC4,green
ZKSCAN2,green
ZKSCAN5,green
ZNF135,green
ZNF16,green
ZNF17,green
ZNF200,green
ZNF26,green
ZNF267,green
ZNF274,green
ZNF354B,green
ZNF389,green
ZNF394,green
ZNF423,green
ZNF428,green
ZNF433,green
ZNF445,green
ZNF451,green
ZNF461,green
ZNF483,green
ZNF501,green
ZNF529,green
ZNF556,green
ZNF608,green
ZNF609,green
ZNF618,green
ZNF623,green
ZNF648,green
ZNF660,green
ZNF662,green
ZNF677,green
ZNF69,green
ZNF709,green
ZNF778,green
ZNF783,green
ZNF789,green
ZNF799,green
ZNF823,green
ZNF843,green
ZNF876P,green
ZSCAN1,green
ZSCAN2,green
ZSWIM6,green
ZZEF1,green
A2BP1,greenyellow
AARS,greenyellow
AASDH,greenyellow
AATF,greenyellow
ABCB6,greenyellow
ABCE1,greenyellow
ABO,greenyellow
ACAD9,greenyellow
ACBD5,greenyellow
ACOT6,greenyellow
ACOT7,greenyellow
ACSL1,greenyellow
ACTL8,greenyellow
ACTR10,greenyellow
ADAM22,greenyellow
ADAMTS9,greenyellow
ADARB2,greenyellow
ADPGK,greenyellow
AFF1,greenyellow
AGAP1,greenyellow
AGAP2,greenyellow
AGBL5,greenyellow
AGK,greenyellow
AGPAT2,greenyellow
AKAP1,greenyellow
AKT1S1,greenyellow
ALDH1A2,greenyellow
ALG12,greenyellow
ALMS1,greenyellow
ALOX5,greenyellow
AMOTL2,greenyellow
ANAPC7,greenyellow
ANG,greenyellow
ANGPT2,greenyellow
ANKRD10,greenyellow
ANKRD34B,greenyellow
ANO2,greenyellow
ANTXR1,greenyellow
AP1M1,greenyellow
AP2A2,greenyellow
AP3D1,greenyellow
APBA1,greenyellow
APH1B,greenyellow
ARHGAP24,greenyellow
ARHGEF10,greenyellow
ARID1B,greenyellow
ARRB2,greenyellow
ARSB,greenyellow
ARSI,greenyellow
ASPG,greenyellow
ASTN2,greenyellow
ATG2B,greenyellow
ATL1,greenyellow
ATP11A,greenyellow
ATP11B,greenyellow
ATP5G1,greenyellow
ATP6V0A1,greenyellow
ATP6V1C1,greenyellow
ATP9B,greenyellow
ATPIF1,greenyellow
AXIN1,greenyellow
B3GNT2,greenyellow
B4GALNT2,greenyellow
BANP,greenyellow
BCKDHB,greenyellow
BCL10,greenyellow
BDNF,greenyellow
BEND6,greenyellow
BLOC1S1,greenyellow
BOD1,greenyellow
BOD1L,greenyellow
BRD2,greenyellow
BRD9,greenyellow
BRF1,greenyellow
BRMS1,greenyellow
BSG,greenyellow
BTD,greenyellow
BTG2,greenyellow
C10ORF105,greenyellow
C10ORF90,greenyellow
C11ORF57,greenyellow
C11ORF66,greenyellow
C12ORF23,greenyellow
C12ORF49,greenyellow
C14ORF179,greenyellow
C14ORF73,greenyellow
C15ORF27,greenyellow
C16ORF55,greenyellow
C16ORF62,greenyellow
C17ORF63,greenyellow
C18ORF56,greenyellow
C19ORF10,greenyellow
C19ORF53,greenyellow
C1ORF128,greenyellow
C1ORF159,greenyellow
C1ORF35,greenyellow
C1ORF55,greenyellow
C1ORF85,greenyellow
C2ORF28,greenyellow
C2ORF74,greenyellow
C3ORF21,greenyellow
C3ORF23,greenyellow
C3ORF52,greenyellow
C4ORF26,greenyellow
C4ORF37,greenyellow
C4ORF43,greenyellow
C5ORF35,greenyellow
C5ORF41,greenyellow
C6ORF134,greenyellow
C6ORF155,greenyellow
C6ORF176,greenyellow
C7ORF55,greenyellow
C8ORF42,greenyellow
C8ORF48,greenyellow
C9ORF153,greenyellow
C9ORF170,greenyellow
C9ORF5,greenyellow
C9ORF89,greenyellow
CA13,greenyellow
CABLES1,greenyellow
CACNG2,greenyellow
CAMK1D,greenyellow
CAMTA1,greenyellow
CASC3,greenyellow
CAST,greenyellow
CATSPERG,greenyellow
CBFA2T3,greenyellow
CBX3,greenyellow
CC2D1B,greenyellow
CCDC117,greenyellow
CCDC149,greenyellow
CCDC41,greenyellow
CCDC43,greenyellow
CCDC55,greenyellow
CCDC81,greenyellow
CCDC88C,greenyellow
CCDC92,greenyellow
CCHCR1,greenyellow
CCNI,greenyellow
CD300E,greenyellow
CD47,greenyellow
CD63,greenyellow
CDC23,greenyellow
CDC27,greenyellow
CDH18,greenyellow
CDH8,greenyellow
CDV3,greenyellow
CDYL,greenyellow
CDYL2,greenyellow
CENPA,greenyellow
CENPO,greenyellow
CEP68,greenyellow
CFLAR,greenyellow
CHCHD4,greenyellow
CHD2,greenyellow
CHP,greenyellow
CILP2,greenyellow
CINP,greenyellow
CLEC2D,greenyellow
CLIC4,greenyellow
CLIC5,greenyellow
CLN5,greenyellow
CLP1,greenyellow
CLYBL,greenyellow
CNDP2,greenyellow
CNGA4,greenyellow
CNOT1,greenyellow
CNPY3,greenyellow
CNTNAP2,greenyellow
COL22A1,greenyellow
COL4A2,greenyellow
COL4A3BP,greenyellow
COL7A1,greenyellow
COMTD1,greenyellow
COQ10B,greenyellow
CORO1C,greenyellow
COTL1,greenyellow
COX17,greenyellow
COX6C,greenyellow
COX7A2,greenyellow
CPE,greenyellow
CPLX3,greenyellow
CPXM2,greenyellow
CREB1,greenyellow
CREB3,greenyellow
CRYBA2,greenyellow
CS,greenyellow
CSGALNACT2,greenyellow
CSNK1G2,greenyellow
CXXC1,greenyellow
CYB5A,greenyellow
CYHR1,greenyellow
CYP2E1,greenyellow
DAB1,greenyellow
DAD1,greenyellow
DAXX,greenyellow
DAZAP2,greenyellow
DCTN4,greenyellow
DCTN5,greenyellow
DDAH2,greenyellow
DDX19B,greenyellow
DERL1,greenyellow
DHCR7,greenyellow
DHRS1,greenyellow
DHX32,greenyellow
DHX34,greenyellow
DHX37,greenyellow
DIP2C,greenyellow
DNAH17,greenyellow
DNAH3,greenyellow
DNAI2,greenyellow
DNTTIP2,greenyellow
DOCK1,greenyellow
DOCK7,greenyellow
DPF1,greenyellow
DPP4,greenyellow
DPPA5,greenyellow
DPY19L4,greenyellow
DSCC1,greenyellow
DSP,greenyellow
DTD1,greenyellow
DUSP19,greenyellow
DUSP2,greenyellow
DYNLL2,greenyellow
EBF3,greenyellow
EEF1D,greenyellow
EFCAB10,greenyellow
EFHA2,greenyellow
EHMT2,greenyellow
EID3,greenyellow
EIF2C3,greenyellow
EIF3B,greenyellow
EIF4G3,greenyellow
ELMOD2,greenyellow
ELP2P,greenyellow
ELP4,greenyellow
ENO1,greenyellow
ENOX1,greenyellow
ENTPD5,greenyellow
ERBB4,greenyellow
ERCC5,greenyellow
ERICH1,greenyellow
ESCO2,greenyellow
ESD,greenyellow
ESRRG,greenyellow
EXOC2,greenyellow
EYA4,greenyellow
F2R,greenyellow
FAM120B,greenyellow
FAM126B,greenyellow
FAM166A,greenyellow
FAM168B,greenyellow
FAM189A1,greenyellow
FAM19A4,greenyellow
FAM20C,greenyellow
FAM3C,greenyellow
FAM40A,greenyellow
FAM43A,greenyellow
FAM5B,greenyellow
FAM83H,greenyellow
FANCG,greenyellow
FAT1,greenyellow
FBXL7,greenyellow
FBXO11,greenyellow
FBXO34,greenyellow
FGF8,greenyellow
FKBP2,greenyellow
FLAD1,greenyellow
FLJ10357,greenyellow
FLJ31306,greenyellow
FLJ39582,greenyellow
FLJ90757,greenyellow
FOLH1,greenyellow
FOXE1,greenyellow
FOXF1,greenyellow
FOXRED1,greenyellow
FREM3,greenyellow
FRYL,greenyellow
FUCA1,greenyellow
FUK,greenyellow
FXR2,greenyellow
GAB1,greenyellow
GABBR1,greenyellow
GAL3ST4,greenyellow
GALNT3,greenyellow
GALR1,greenyellow
GARS,greenyellow
GAS2,greenyellow
GATA2,greenyellow
GCN1L1,greenyellow
GDA,greenyellow
GFI1,greenyellow
GFOD1,greenyellow
GFPT1,greenyellow
GFPT2,greenyellow
GGA2,greenyellow
GGA3,greenyellow
GHITM,greenyellow
GHR,greenyellow
GJB6,greenyellow
GLI2,greenyellow
GLI3,greenyellow
GLIPR1L2,greenyellow
GLIS1,greenyellow
GLRA1,greenyellow
GNAI1,greenyellow
GNL1,greenyellow
GNL3,greenyellow
GOLGA3,greenyellow
GPLD1,greenyellow
GPR116,greenyellow
GPR12,greenyellow
GPR133,greenyellow
GPR98,greenyellow
GRB10,greenyellow
H2AFV,greenyellow
HAO2,greenyellow
HAUS4,greenyellow
HCFC1R1,greenyellow
HDAC4,greenyellow
HDAC5,greenyellow
HECA,greenyellow
HES1,greenyellow
HEY2,greenyellow
HHLA3,greenyellow
HIST1H2AB,greenyellow
HIST1H2AD,greenyellow
HIST1H2AG,greenyellow
HIST1H2BB,greenyellow
HIST2H2AC,greenyellow
HIST3H2BB,greenyellow
HIVEP3,greenyellow
HKDC1,greenyellow
HLA-J,greenyellow
HMHA1,greenyellow
HNRNPA1,greenyellow
HSF2,greenyellow
HSPB7,greenyellow
HYI,greenyellow
ID4,greenyellow
IFITM5,greenyellow
IFNAR2,greenyellow
IGLON5,greenyellow
IGSF22,greenyellow
IKBKE,greenyellow
IKZF2,greenyellow
ILF2,greenyellow
IMPACT,greenyellow
ING1,greenyellow
INPP5A,greenyellow
INSM2,greenyellow
IPO5,greenyellow
IQCE,greenyellow
IQGAP1,greenyellow
IRF2BP2,greenyellow
IRS2,greenyellow
IRX4,greenyellow
ITSN2,greenyellow
IVNS1ABP,greenyellow
JAKMIP1,greenyellow
JUP,greenyellow
KATNAL2,greenyellow
KBTBD3,greenyellow
KBTBD7,greenyellow
KCNA4,greenyellow
KCNA6,greenyellow
KCNG4,greenyellow
KCNIP2,greenyellow
KCNJ8,greenyellow
KCNK5,greenyellow
KCNQ1,greenyellow
KCTD3,greenyellow
KHDC1,greenyellow
KIAA0182,greenyellow
KIAA0494,greenyellow
KIAA0907,greenyellow
KIAA1009,greenyellow
KIAA1211,greenyellow
KIAA1279,greenyellow
KIAA1429,greenyellow
KIAA1731,greenyellow
KIAA1751,greenyellow
KIF17,greenyellow
KIF22,greenyellow
KIF25,greenyellow
KIF26A,greenyellow
KIF26B,greenyellow
KIFC1,greenyellow
KPNA2,greenyellow
KPNA6,greenyellow
KRBA1,greenyellow
KRT10,greenyellow
KRT27,greenyellow
KRT78,greenyellow
L3MBTL3,greenyellow
L3MBTL4,greenyellow
LAP3,greenyellow
LASS5,greenyellow
LCT,greenyellow
LEPR,greenyellow
LETM2,greenyellow
LGR4,greenyellow
LHPP,greenyellow
LIMS2,greenyellow
LMTK2,greenyellow
LOC100128977,greenyellow
LOC100133315,greenyellow
LOC100188947,greenyellow
LOC100272217,greenyellow
LOC256880,greenyellow
LOC282997,greenyellow
LOC388965,greenyellow
LOC399815,greenyellow
LOC399959,greenyellow
LOC404266,greenyellow
LOC652276,greenyellow
LOC729799,greenyellow
LOC93622,greenyellow
LPCAT1,greenyellow
LRGUK,greenyellow
LRIG3,greenyellow
LRP1,greenyellow
LRRC33,greenyellow
LRRC3B,greenyellow
LRRC43,greenyellow
LRRC46,greenyellow
LRRK1,greenyellow
LTBP4,greenyellow
LY6G5C,greenyellow
LYPD5,greenyellow
LYZL2,greenyellow
MAD1L1,greenyellow
MAEL,greenyellow
MAF,greenyellow
MAFK,greenyellow
MAP2K6,greenyellow
MAP2K7,greenyellow
MAPK15,greenyellow
MAPK3,greenyellow
MAPRE2,greenyellow
MAT2A,greenyellow
MBNL2,greenyellow
MC1R,greenyellow
MCFD2,greenyellow
MCM2,greenyellow
MCM3,greenyellow
MDC1,greenyellow
MDN1,greenyellow
MECOM,greenyellow
MED17,greenyellow
MED18,greenyellow
MEGF11,greenyellow
MEN1,greenyellow
MEPCE,greenyellow
MESP1,greenyellow
MFSD8,greenyellow
MGAT5B,greenyellow
MGC23284,greenyellow
MIR137,greenyellow
MIR181C,greenyellow
MIR208B,greenyellow
MIR2116,greenyellow
MIR449C,greenyellow
MKL2,greenyellow
MMAA,greenyellow
MMACHC,greenyellow
MMD,greenyellow
MPG,greenyellow
MRPL17,greenyellow
MRPL28,greenyellow
MRPS18B,greenyellow
MRPS27,greenyellow
MRPS28,greenyellow
MSX2,greenyellow
MTA2,greenyellow
MTHFSD,greenyellow
MTRF1,greenyellow
MUC2,greenyellow
MUDENG,greenyellow
MXI1,greenyellow
MYADML,greenyellow
MYH10,greenyellow
MYH6,greenyellow
MYLIP,greenyellow
MYO10,greenyellow
MYO15A,greenyellow
MYT1L,greenyellow
N4BP1,greenyellow
NAA15,greenyellow
NAA16,greenyellow
NAALADL2,greenyellow
NACA,greenyellow
NANS,greenyellow
NAT15,greenyellow
NCK2,greenyellow
NCOA3,greenyellow
NCRNA00081,greenyellow
NCRNA00120,greenyellow
NDEL1,greenyellow
NDNL2,greenyellow
NDUFA3,greenyellow
NDUFA4L2,greenyellow
NDUFA6,greenyellow
NDUFV1,greenyellow
NEDD9,greenyellow
NET1,greenyellow
NEU1,greenyellow
NFIA,greenyellow
NFIC,greenyellow
NFYA,greenyellow
NGF,greenyellow
NHEDC1,greenyellow
NICN1,greenyellow
NINJ2,greenyellow
NIPA2,greenyellow
NKAIN3,greenyellow
NME1,greenyellow
NPHP4,greenyellow
NPTX2,greenyellow
NRARP,greenyellow
NT5C3,greenyellow
NTN1,greenyellow
NTNG1,greenyellow
NTSR1,greenyellow
NUMB,greenyellow
NUP153,greenyellow
NUP62,greenyellow
NXN,greenyellow
OLFM1,greenyellow
OR11A1,greenyellow
OR1I1,greenyellow
OR2L13,greenyellow
OSBP,greenyellow
OSBPL1A,greenyellow
OSBPL6,greenyellow
OTUB2,greenyellow
OTX1,greenyellow
P4HA1,greenyellow
PACS2,greenyellow
PBX2,greenyellow
PCBP4,greenyellow
PCCB,greenyellow
PCDH17,greenyellow
PCGF3,greenyellow
PCID2,greenyellow
PCSK4,greenyellow
PDCD2,greenyellow
PDE11A,greenyellow
PDE3B,greenyellow
PDE4DIP,greenyellow
PDE6B,greenyellow
PDGFA,greenyellow
PDGFRA,greenyellow
PDLIM5,greenyellow
PEX19,greenyellow
PEX5,greenyellow
PFKFB2,greenyellow
PHF12,greenyellow
PHF20L1,greenyellow
PHIP,greenyellow
PIGO,greenyellow
PIM1,greenyellow
PIM3,greenyellow
PITPNM2,greenyellow
PIWIL1,greenyellow
PKD1L2,greenyellow
PKNOX2,greenyellow
PLEKHA7,greenyellow
PLXNA4,greenyellow
PNRC1,greenyellow
POGZ,greenyellow
POLR3A,greenyellow
PPAP2C,greenyellow
PPCDC,greenyellow
PPP1CB,greenyellow
PPP1R11,greenyellow
PPP2R5D,greenyellow
PPPDE1,greenyellow
PRDM10,greenyellow
PRDM12,greenyellow
PRDM13,greenyellow
PRDM16,greenyellow
PREPL,greenyellow
PRKAB1,greenyellow
PRKAR1B,greenyellow
PRKCE,greenyellow
PRKCH,greenyellow
PRKCI,greenyellow
PRKCZ,greenyellow
PRKG1,greenyellow
PRMT1,greenyellow
PROL1,greenyellow
PRPF31,greenyellow
PRPF38A,greenyellow
PRPF39,greenyellow
PRPSAP2,greenyellow
PRR23C,greenyellow
PRR24,greenyellow
PRR3,greenyellow
PRR5L,greenyellow
PSMC4,greenyellow
PSMD12,greenyellow
PSMD3,greenyellow
PSMD8,greenyellow
PTDSS2,greenyellow
PTGES,greenyellow
PTGFRN,greenyellow
PTPLAD1,greenyellow
PTPRK,greenyellow
PTPRN2,greenyellow
PTPRO,greenyellow
PVRL2,greenyellow
PXDN,greenyellow
QKI,greenyellow
QRICH1,greenyellow
RAB3A,greenyellow
RAB43,greenyellow
RAB6A,greenyellow
RAB7A,greenyellow
RACGAP1,greenyellow
RAD51L3,greenyellow
RALGAPA1,greenyellow
RANBP3,greenyellow
RAP1GAP,greenyellow
RAPGEF6,greenyellow
RASGRF1,greenyellow
RASGRP2,greenyellow
RBL2,greenyellow
RBM25,greenyellow
RBM28,greenyellow
RBMS1,greenyellow
RBP4,greenyellow
RD3,greenyellow
REEP3,greenyellow
RERE,greenyellow
RGSL1,greenyellow
RHBDD1,greenyellow
RHOU,greenyellow
RIMBP2,greenyellow
RIMKLA,greenyellow
RIMS2,greenyellow
RING1,greenyellow
RLBP1,greenyellow
RNASEK,greenyellow
RNF144A,greenyellow
RNF168,greenyellow
RNF39,greenyellow
RNH1,greenyellow
RNPEPL1,greenyellow
RNU6ATAC,greenyellow
RPIA,greenyellow
RPL21,greenyellow
RPL36AL,greenyellow
RPL37,greenyellow
RPRD1A,greenyellow
RPS24,greenyellow
RPS27,greenyellow
RPS27L,greenyellow
RPS6KA2,greenyellow
RPS6KA5,greenyellow
RPSA,greenyellow
RPSAP58,greenyellow
RPTOR,greenyellow
RSRC2,greenyellow
RUFY1,greenyellow
S100A5,greenyellow
S100Z,greenyellow
SAC3D1,greenyellow
SART1,greenyellow
SART3,greenyellow
SCAMP3,greenyellow
SCARB2,greenyellow
SCNM1,greenyellow
SCP2,greenyellow
SDHD,greenyellow
SDK1,greenyellow
SDPR,greenyellow
SEC16A,greenyellow
SEC31B,greenyellow
SELM,greenyellow
SEMA6D,greenyellow
SEPT1,greenyellow
SF3B4,greenyellow
SFRP4,greenyellow
SFRP5,greenyellow
SFRS18,greenyellow
SFRS5,greenyellow
SGOL1,greenyellow
SH3PXD2A,greenyellow
SHPK,greenyellow
SHROOM3,greenyellow
SIAH3,greenyellow
SLC1A5,greenyellow
SLC22A16,greenyellow
SLC22A23,greenyellow
SLC25A30,greenyellow
SLC25A33,greenyellow
SLC26A4,greenyellow
SLC35E3,greenyellow
SLC38A2,greenyellow
SLC4A11,greenyellow
SLITRK5,greenyellow
SLURP1,greenyellow
SMAD6,greenyellow
SMARCD1,greenyellow
SMUG1,greenyellow
SNCA,greenyellow
SNORD45C,greenyellow
SNRPC,greenyellow
SNTG2,greenyellow
SNX15,greenyellow
SNX3,greenyellow
SOX11,greenyellow
SP1,greenyellow
SPATS2L,greenyellow
SPSB1,greenyellow
SPTBN1,greenyellow
SRCAP,greenyellow
SRF,greenyellow
SRI,greenyellow
SSBP1,greenyellow
ST3GAL2,greenyellow
ST3GAL6,greenyellow
ST8SIA4,greenyellow
STARD3NL,greenyellow
STAT3,greenyellow
STC2,greenyellow
STK38,greenyellow
STRAP,greenyellow
STX6,greenyellow
SUB1,greenyellow
SUGT1,greenyellow
SUMO1,greenyellow
SUPT6H,greenyellow
SUV420H1,greenyellow
SUZ12,greenyellow
SVIL,greenyellow
SYN3,greenyellow
TAF4B,greenyellow
TAF6,greenyellow
TAPBPL,greenyellow
TARSL2,greenyellow
TBCD,greenyellow
TBCE,greenyellow
TCP11L2,greenyellow
TCTN1,greenyellow
TDRD12,greenyellow
TEAD1,greenyellow
TEKT5,greenyellow
TESC,greenyellow
TEX9,greenyellow
TFB1M,greenyellow
THAP2,greenyellow
THAP3,greenyellow
THEM4,greenyellow
THSD4,greenyellow
TIMM22,greenyellow
TMCC3,greenyellow
TMCO3,greenyellow
TMEM109,greenyellow
TMEM123,greenyellow
TMEM132C,greenyellow
TMEM138,greenyellow
TMEM144,greenyellow
TMEM17,greenyellow
TMEM183A,greenyellow
TMEM205,greenyellow
TMEM66,greenyellow
TMEM97,greenyellow
TMPRSS13,greenyellow
TMSB10,greenyellow
TMUB2,greenyellow
TNFRSF1B,greenyellow
TNFRSF21,greenyellow
TPD52,greenyellow
TPO,greenyellow
TRA2A,greenyellow
TRAPPC1,greenyellow
TRAPPC6B,greenyellow
TRIM2,greenyellow
TRIO,greenyellow
TROAP,greenyellow
TRPM7,greenyellow
TSPAN3,greenyellow
TSSC1,greenyellow
TTC9C,greenyellow
TTYH2,greenyellow
TUBB,greenyellow
TUBGCP5,greenyellow
TXN2,greenyellow
UBA52,greenyellow
UBQLN3,greenyellow
UCP2,greenyellow
UFM1,greenyellow
UFSP1,greenyellow
ULK1,greenyellow
UPF1,greenyellow
UQCR,greenyellow
UQCRQ,greenyellow
USP24,greenyellow
USP36,greenyellow
USP38,greenyellow
UTP11L,greenyellow
UTP23,greenyellow
VAV2,greenyellow
VEZF1,greenyellow
VIM,greenyellow
VIPR2,greenyellow
VPS52,greenyellow
VPS53,greenyellow
VPS72,greenyellow
VTI1A,greenyellow
VTI1B,greenyellow
VWA2,greenyellow
WAPAL,greenyellow
WBP11,greenyellow
WDR37,greenyellow
WDR4,greenyellow
WDR60,greenyellow
WDR75,greenyellow
WNT4,greenyellow
WNT7B,greenyellow
WRN,greenyellow
WRNIP1,greenyellow
WSCD1,greenyellow
XPO1,greenyellow
XYLT1,greenyellow
ZBED3,greenyellow
ZC3H4,greenyellow
ZDHHC7,greenyellow
ZFC3H1,greenyellow
ZFHX3,greenyellow
ZFP1,greenyellow
ZFP91,greenyellow
ZFYVE20,greenyellow
ZFYVE26,greenyellow
ZIC1,greenyellow
ZIC4,greenyellow
ZMAT2,greenyellow
ZNF195,greenyellow
ZNF207,greenyellow
ZNF239,greenyellow
ZNF266,greenyellow
ZNF283,greenyellow
ZNF331,greenyellow
ZNF367,greenyellow
ZNF37A,greenyellow
ZNF396,greenyellow
ZNF45,greenyellow
ZNF487,greenyellow
ZNF585B,greenyellow
ZNF610,greenyellow
ZNF638,greenyellow
ZNF643,greenyellow
ZNF644,greenyellow
ZNF672,greenyellow
ZNF709,greenyellow
ZNF789,greenyellow
ZNF804B,greenyellow
ZNF805,greenyellow
ZNF827,greenyellow
ZNRD1,greenyellow
ZSCAN21,greenyellow
A2BP1,grey60
ABHD8,grey60
ABL1,grey60
ABLIM2,grey60
ABR,grey60
ACAA1,grey60
ACAA2,grey60
ACAP2,grey60
ACBD6,grey60
ACLY,grey60
ACOT7,grey60
ACOXL,grey60
ACSF3,grey60
ACSM5,grey60
ACTG1,grey60
ACTR6,grey60
ACVR1C,grey60
ADA,grey60
ADAL,grey60
ADAM12,grey60
ADAM17,grey60
ADAMTS19,grey60
ADAMTS8,grey60
ADAMTSL4,grey60
ADAR,grey60
ADARB2,grey60
ADAT1,grey60
ADC,grey60
ADCY9,grey60
ADCYAP1,grey60
ADD1,grey60
ADD2,grey60
ADRBK1,grey60
AEBP1,grey60
AFAP1,grey60
AFF1,grey60
AGAP2,grey60
AGBL2,grey60
AGBL4,grey60
AGPAT1,grey60
AGPAT9,grey60
AK2,grey60
AKAP13,grey60
ALDH1L2,grey60
ALG14,grey60
ALKBH5,grey60
ALLC,grey60
ALOX12P2,grey60
ALOXE3,grey60
ALPL,grey60
ALS2CR12,grey60
AMZ2,grey60
ANAPC11,grey60
ANKFY1,grey60
ANKRD10,grey60
ANKRD11,grey60
ANKRD13A,grey60
ANKRD13B,grey60
ANKRD27,grey60
ANKRD34A,grey60
ANKRD42,grey60
ANKS1B,grey60
ANO1,grey60
ANXA7,grey60
AP1G2,grey60
AP3D1,grey60
APAF1,grey60
APBB1IP,grey60
APH1B,grey60
APITD1,grey60
APLP2,grey60
APOC2,grey60
APOC3,grey60
APOM,grey60
ARF1,grey60
ARF3,grey60
ARF6,grey60
ARHGAP10,grey60
ARHGAP24,grey60
ARHGAP25,grey60
ARHGAP26,grey60
ARHGDIG,grey60
ARHGEF10,grey60
ARHGEF16,grey60
ARHGEF17,grey60
ARHGEF3,grey60
ARHGEF4,grey60
ARHGEF7,grey60
ARID5B,grey60
ARL6IP6,grey60
ARMC2,grey60
ARPC3,grey60
ARRDC2,grey60
AS3MT,grey60
ASAH1,grey60
ASPSCR1,grey60
ASTN2,grey60
ATAD5,grey60
ATE1,grey60
ATG2B,grey60
ATM,grey60
ATOH8,grey60
ATOX1,grey60
ATP11A,grey60
ATP2A2,grey60
ATP2B2,grey60
ATP2B4,grey60
ATP2C2,grey60
ATP5A1,grey60
ATP5B,grey60
ATP5G2,grey60
ATP6V1C2,grey60
ATPAF1,grey60
ATRNL1,grey60
ATXN2,grey60
ATXN7L1,grey60
AURKC,grey60
AXIN1,grey60
B3GNTL1,grey60
B4GALNT3,grey60
BACH1,grey60
BAT2,grey60
BAT3,grey60
BATF3,grey60
BBS7,grey60
BCAS3,grey60
BCAT2,grey60
BCL11B,grey60
BCL2L11,grey60
BCL9,grey60
BDNF,grey60
BDNFOS,grey60
BET1L,grey60
BHLHE22,grey60
BICD1,grey60
BLOC1S2,grey60
BMS1,grey60
BPHL,grey60
BRD2,grey60
BRF1,grey60
BRI3,grey60
BSN,grey60
BTF3L4,grey60
BTG4,grey60
BTN2A2,grey60
BUB1,grey60
BUB3,grey60
C10ORF107,grey60
C10ORF11,grey60
C10ORF114,grey60
C10ORF119,grey60
C10ORF131,grey60
C10ORF140,grey60
C10ORF26,grey60
C10ORF4,grey60
C10ORF47,grey60
C10ORF93,grey60
C11ORF30,grey60
C11ORF60,grey60
C11ORF9,grey60
C12ORF47,grey60
C12ORF57,grey60
C12ORF72,grey60
C13ORF16,grey60
C14ORF159,grey60
C14ORF21,grey60
C14ORF73,grey60
C15ORF23,grey60
C15ORF37,grey60
C15ORF61,grey60
C16ORF42,grey60
C16ORF5,grey60
C16ORF75,grey60
C17ORF101,grey60
C17ORF104,grey60
C17ORF54,grey60
C17ORF55,grey60
C17ORF56,grey60
C17ORF58,grey60
C17ORF80,grey60
C17ORF95,grey60
C18ORF19,grey60
C18ORF20,grey60
C18ORF8,grey60
C19ORF36,grey60
C19ORF40,grey60
C19ORF48,grey60
C19ORF50,grey60
C19ORF6,grey60
C19ORF63,grey60
C1ORF159,grey60
C1ORF163,grey60
C1ORF194,grey60
C1ORF226,grey60
C1ORF31,grey60
C1ORF38,grey60
C1ORF51,grey60
C1ORF55,grey60
C1ORF58,grey60
C1ORF77,grey60
C1ORF85,grey60
C1ORF97,grey60
C1QL2,grey60
C21ORF29,grey60
C21ORF56,grey60
C21ORF58,grey60
C2ORF42,grey60
C2ORF48,grey60
C2ORF52,grey60
C2ORF55,grey60
C2ORF57,grey60
C2ORF72,grey60
C3ORF20,grey60
C3ORF58,grey60
C3ORF59,grey60
C3ORF72,grey60
C4ORF10,grey60
C4ORF29,grey60
C4ORF46,grey60
C4ORF48,grey60
C5ORF15,grey60
C5ORF44,grey60
C6ORF106,grey60
C6ORF147,grey60
C6ORF155,grey60
C6ORF162,grey60
C6ORF174,grey60
C6ORF192,grey60
C6ORF208,grey60
C6ORF221,grey60
C6ORF26,grey60
C6ORF35,grey60
C6ORF52,grey60
C7ORF13,grey60
C7ORF36,grey60
C7ORF38,grey60
C7ORF50,grey60
C7ORF55,grey60
C8ORF45,grey60
C8ORF73,grey60
C9ORF135,grey60
C9ORF156,grey60
C9ORF45,grey60
C9ORF47,grey60
C9ORF80,grey60
CAB39,grey60
CABC1,grey60
CABIN1,grey60
CACNA1E,grey60
CACNA1G,grey60
CACNA1H,grey60
CACNA2D1,grey60
CACNA2D4,grey60
CACNB1,grey60
CACNG8,grey60
CADM2,grey60
CALM3,grey60
CALU,grey60
CAMK2B,grey60
CAMTA1,grey60
CARD11,grey60
CARKD,grey60
CARS2,grey60
CASKIN2,grey60
CASZ1,grey60
CBARA1,grey60
CBLL1,grey60
CBX4,grey60
CC2D2A,grey60
CCDC105,grey60
CCDC11,grey60
CCDC14,grey60
CCDC146,grey60
CCDC147,grey60
CCDC152,grey60
CCDC157,grey60
CCDC28A,grey60
CCDC33,grey60
CCDC36,grey60
CCDC46,grey60
CCDC48,grey60
CCDC61,grey60
CCDC7,grey60
CCDC85A,grey60
CCDC85C,grey60
CCDC92,grey60
CCDC96,grey60
CCK,grey60
CCKBR,grey60
CCM2,grey60
CCNG1,grey60
CCT3,grey60
CD164,grey60
CD2AP,grey60
CD46,grey60
CD47,grey60
CD55,grey60
CD79B,grey60
CDC16,grey60
CDC42EP3,grey60
CDC5L,grey60
CDH11,grey60
CDKN2AIP,grey60
CDKN2C,grey60
CDO1,grey60
CDX2,grey60
CEBPD,grey60
CELSR1,grey60
CEND1,grey60
CENPF,grey60
CENPL,grey60
CENPO,grey60
CENPQ,grey60
CENPT,grey60
CEP152,grey60
CEP55,grey60
CEP72,grey60
CFLAR,grey60
CH25H,grey60
CHCHD2,grey60
CHCHD3,grey60
CHD1L,grey60
CHFR,grey60
CHGA,grey60
CHPT1,grey60
CHRAC1,grey60
CHRM2,grey60
CHRNA7,grey60
CHST11,grey60
CHSY1,grey60
CKAP4,grey60
CLASP2,grey60
CLCN7,grey60
CLEC16A,grey60
CLINT1,grey60
CLMN,grey60
CLSTN3,grey60
CMBL,grey60
CMTM3,grey60
CNDP2,grey60
CNIH3,grey60
CNOT6,grey60
CNOT8,grey60
CNTD2,grey60
CNTNAP3,grey60
CNTNAP5,grey60
COL23A1,grey60
COL25A1,grey60
COL4A2,grey60
COPZ2,grey60
COQ5,grey60
CORO1C,grey60
CORO7,grey60
COTL1,grey60
COX19,grey60
COX5B,grey60
COX6A1,grey60
COX7A2,grey60
CPA2,grey60
CPE,grey60
CPEB3,grey60
CPNE1,grey60
CPSF6,grey60
CREBZF,grey60
CROT,grey60
CRY2,grey60
CRYBA2,grey60
CRYL1,grey60
CSGALNACT1,grey60
CSK,grey60
CSMD1,grey60
CSMD3,grey60
CSNK1G1,grey60
CSRNP1,grey60
CSTF3,grey60
CTDP1,grey60
CTDSPL,grey60
CTGF,grey60
CTNNA2,grey60
CUGBP2,grey60
CUL2,grey60
CUX1,grey60
CWC22,grey60
CYBA,grey60
CYCS,grey60
CYFIP1,grey60
CYP11A1,grey60
CYP1A1,grey60
CYP26B1,grey60
CYP2U1,grey60
CYP51A1,grey60
DAB1,grey60
DAB2IP,grey60
DACT2,grey60
DAGLB,grey60
DAXX,grey60
DCBLD2,grey60
DCLK2,grey60
DCLRE1A,grey60
DCPS,grey60
DCUN1D5,grey60
DDAH1,grey60
DDAH2,grey60
DDB1,grey60
DDHD2,grey60
DDR1,grey60
DDX1,grey60
DDX10,grey60
DDX18,grey60
DDX19A,grey60
DDX6,grey60
DENND1B,grey60
DENND2C,grey60
DENR,grey60
DGCR6,grey60
DGKG,grey60
DHH,grey60
DHRS7B,grey60
DHX29,grey60
DIAPH3,grey60
DIP2C,grey60
DIRC3,grey60
DKKL1,grey60
DLC1,grey60
DLEU2,grey60
DLEU7,grey60
DLG2,grey60
DLGAP2,grey60
DLGAP5,grey60
DLL1,grey60
DLL3,grey60
DMXL1,grey60
DMXL2,grey60
DNAH17,grey60
DNAJB12,grey60
DNAJC13,grey60
DNAJC19,grey60
DNAJC24,grey60
DNMT3A,grey60
DNTT,grey60
DOK7,grey60
DOT1L,grey60
DPH2,grey60
DPPA5,grey60
DPYSL3,grey60
DSE,grey60
DSTYK,grey60
DTNBP1,grey60
DTWD2,grey60
DUSP11,grey60
DYDC2,grey60
DYNC1LI1,grey60
DYNC1LI2,grey60
DYNLL1,grey60
DYX1C1,grey60
DZIP1L,grey60
E2F1,grey60
E2F2,grey60
E2F3,grey60
EARS2,grey60
EBF3,grey60
EBPL,grey60
ECHS1,grey60
EDIL3,grey60
EDNRA,grey60
EDNRB,grey60
EEFSEC,grey60
EFNA5,grey60
EHMT2,grey60
EIF1,grey60
EIF2AK1,grey60
EIF2C1,grey60
EIF3B,grey60
EIF3I,grey60
EIF4A2,grey60
EIF4A3,grey60
EIF4E,grey60
EIF5,grey60
EIF5A,grey60
ELAVL3,grey60
ELMO1,grey60
ELOVL4,grey60
EME1,grey60
EMID2,grey60
ENO2,grey60
EPAS1,grey60
EPB41L5,grey60
EPDR1,grey60
EPO,grey60
ERCC3,grey60
ESYT1,grey60
ETNK1,grey60
ETS1,grey60
EVL,grey60
EXOC6B,grey60
EZR,grey60
FAM108C1,grey60
FAM110B,grey60
FAM123C,grey60
FAM129C,grey60
FAM131A,grey60
FAM170A,grey60
FAM176A,grey60
FAM190B,grey60
FAM20C,grey60
FAM38A,grey60
FAM40B,grey60
FAM47E,grey60
FAM54A,grey60
FAM5C,grey60
FAM60A,grey60
FAM73B,grey60
FAM76B,grey60
FAM98B,grey60
FAR2,grey60
FARSB,grey60
FASTK,grey60
FAT4,grey60
FBL,grey60
FBN1,grey60
FBRSL1,grey60
FBXL22,grey60
FBXO42,grey60
FBXO47,grey60
FBXO5,grey60
FBXW8,grey60
FCRLB,grey60
FDFT1,grey60
FDPS,grey60
FDX1,grey60
FECH,grey60
FGF12,grey60
FGF2,grey60
FGFRL1,grey60
FKBP1B,grey60
FKBP7,grey60
FLI1,grey60
FLJ16779,grey60
FLJ23834,grey60
FLJ42709,grey60
FLJ44606,grey60
FLRT2,grey60
FOXK1,grey60
FOXL1,grey60
FOXN3,grey60
FOXP1,grey60
FOXP2,grey60
FRMD4A,grey60
FRMD6,grey60
FTO,grey60
FUT2,grey60
FXR1,grey60
FZD4,grey60
FZD5,grey60
FZD6,grey60
GAB2,grey60
GABARAP,grey60
GABPB2,grey60
GABRA5,grey60
GAD1,grey60
GALM,grey60
GALNT9,grey60
GANC,grey60
GAR1,grey60
GARS,grey60
GAS7,grey60
GAS8,grey60
GATAD1,grey60
GATAD2A,grey60
GATAD2B,grey60
GCDH,grey60
GDF7,grey60
GFER,grey60
GFRA1,grey60
GFRA2,grey60
GIPC1,grey60
GIPR,grey60
GLG1,grey60
GLI4,grey60
GLRX,grey60
GMIP,grey60
GNA11,grey60
GNAI3,grey60
GNAO1,grey60
GNB2L1,grey60
GNB4,grey60
GNG12,grey60
GNG7,grey60
GNL2,grey60
GNLY,grey60
GNPNAT1,grey60
GOLGA4,grey60
GOPC,grey60
GPAM,grey60
GPBP1L1,grey60
GPC5,grey60
GPR113,grey60
GPR126,grey60
GPR133,grey60
GPR177,grey60
GPR19,grey60
GPR44,grey60
GPR63,grey60
GPR97,grey60
GPRC5A,grey60
GPT2,grey60
GRB10,grey60
GREB1,grey60
GRID2,grey60
GRIN1,grey60
GRIP2,grey60
GRK5,grey60
GRM1,grey60
GRPEL2,grey60
GRTP1,grey60
GSG1,grey60
GSK3A,grey60
GSTA4,grey60
GSTO2,grey60
GSX2,grey60
GTF2A2,grey60
GTF2E2,grey60
GTPBP1,grey60
GUCY1A2,grey60
GUCY1A3,grey60
GUK1,grey60
GXYLT2,grey60
H2AFY,grey60
HAAO,grey60
HAGH,grey60
HAUS4,grey60
HDAC4,grey60
HDAC7,grey60
HDAC9,grey60
HDHD2,grey60
HEATR2,grey60
HECW1,grey60
HELLS,grey60
HERC3,grey60
HEXIM1,grey60
HEY2,grey60
HIC1,grey60
HIF3A,grey60
HIST1H3B,grey60
HIST1H4A,grey60
HIST1H4C,grey60
HIST3H2A,grey60
HIVEP1,grey60
HLA-DQB2,grey60
HLA-DRB1,grey60
HLA-E,grey60
HLA-F,grey60
HLA-H,grey60
HLA-J,grey60
HLF,grey60
HLX,grey60
HMGCL,grey60
HMGCLL1,grey60
HMGN2,grey60
HMGN4,grey60
HMX3,grey60
HN1L,grey60
HNRNPD,grey60
HNRNPK,grey60
HNRNPUL1,grey60
HNRPDL,grey60
HOMEZ,grey60
HOPX,grey60
HOXA2,grey60
HOXA3,grey60
HOXB7,grey60
HOXC11,grey60
HOXC8,grey60
HPCAL1,grey60
HSPH1,grey60
HTR2A,grey60
HYAL3,grey60
ID2,grey60
ID3,grey60
IER2,grey60
IFIT5,grey60
IFRD1,grey60
IFT172,grey60
IFT80,grey60
IGF2BP3,grey60
IGF2R,grey60
IKBKE,grey60
IL17RD,grey60
IL1F7,grey60
IL1F8,grey60
IL27RA,grey60
IL6R,grey60
IL6ST,grey60
ILDR2,grey60
IMMP2L,grey60
ING5,grey60
INPP5A,grey60
INSM2,grey60
IPO13,grey60
IQCB1,grey60
IQCE,grey60
IQSEC1,grey60
IRF3,grey60
IRF5,grey60
ISM1,grey60
ISOC2,grey60
ITGA3,grey60
ITLN1,grey60
ITM2B,grey60
ITPR2,grey60
IVNS1ABP,grey60
IWS1,grey60
JAK1,grey60
JRKL,grey60
KANK3,grey60
KAT2B,grey60
KATNAL2,grey60
KATNB1,grey60
KCNAB2,grey60
KCNC1,grey60
KCNIP2,grey60
KCNJ12,grey60
KCNJ2,grey60
KCNJ3,grey60
KCNMA1,grey60
KCNN1,grey60
KCNN2,grey60
KCNQ1,grey60
KCNS3,grey60
KCNT1,grey60
KCTD7,grey60
KDM1A,grey60
KDM2A,grey60
KDM4C,grey60
KIAA0182,grey60
KIAA0195,grey60
KIAA0319,grey60
KIAA0368,grey60
KIAA0415,grey60
KIAA0528,grey60
KIAA0649,grey60
KIAA0895L,grey60
KIAA0907,grey60
KIAA0922,grey60
KIAA1217,grey60
KIAA1328,grey60
KIAA1370,grey60
KIAA1409,grey60
KIAA1586,grey60
KIAA1712,grey60
KIAA1751,grey60
KIAA1826,grey60
KIAA1984,grey60
KIF6,grey60
KIFC1,grey60
KIFC3,grey60
KLC4,grey60
KLF12,grey60
KLHDC2,grey60
KLHDC3,grey60
KLHDC9,grey60
KLHL14,grey60
KLHL35,grey60
KLK6,grey60
KPNB1,grey60
KRAS,grey60
KRBA1,grey60
KRT7,grey60
KSR1,grey60
LACTB2,grey60
LAMC1,grey60
LAMP1,grey60
LAMP3,grey60
LANCL1,grey60
LANCL2,grey60
LAPTM4A,grey60
LARP6,grey60
LARP7,grey60
LARS,grey60
LATS2,grey60
LCMT1,grey60
LDB3,grey60
LDHB,grey60
LDHD,grey60
LDLRAP1,grey60
LENG8,grey60
LGMN,grey60
LGTN,grey60
LHFPL2,grey60
LHX5,grey60
LHX6,grey60
LILRB3,grey60
LIMS2,grey60
LMBR1,grey60
LMF1,grey60
LMOD1,grey60
LMX1B,grey60
LOC100128292,grey60
LOC100134713,grey60
LOC100192378,grey60
LOC100302652,grey60
LOC148189,grey60
LOC151534,grey60
LOC152024,grey60
LOC153684,grey60
LOC256880,grey60
LOC283731,grey60
LOC283856,grey60
LOC338758,grey60
LOC339290,grey60
LOC390595,grey60
LOC440461,grey60
LOC642597,grey60
LOC645323,grey60
LOC652276,grey60
LOC729991,grey60
LOC729991-MEF2B,grey60
LOC84856,grey60
LOH12CR1,grey60
LONRF1,grey60
LPCAT3,grey60
LPPR2,grey60
LRCH1,grey60
LRDD,grey60
LRIG1,grey60
LRP1B,grey60
LRP4,grey60
LRP5,grey60
LRPAP1,grey60
LRRC23,grey60
LRRC40,grey60
LRRC41,grey60
LRRC69,grey60
LRRC8B,grey60
LRRC8C,grey60
LSM1,grey60
LSM2,grey60
LSM3,grey60
LTA,grey60
LTBP1,grey60
LTBP2,grey60
LTBP3,grey60
LTV1,grey60
LUC7L,grey60
LUC7L2,grey60
LUZP2,grey60
LYPD5,grey60
LYPLA2,grey60
LYSMD2,grey60
LYSMD4,grey60
LZTFL1,grey60
MACF1,grey60
MAD1L1,grey60
MAD2L1,grey60
MAK16,grey60
MAML2,grey60
MAN2C1,grey60
MANF,grey60
MAP1LC3A,grey60
MAP1LC3C,grey60
MAP2K1,grey60
MAP3K11,grey60
MAP3K3,grey60
MAP3K4,grey60
MAP4,grey60
MAP9,grey60
MAPK9,grey60
MAPKSP1,grey60
MAPRE3,grey60
MARCH6,grey60
MARCKS,grey60
MAST4,grey60
MATN1,grey60
MATN2,grey60
MATR3,grey60
MBD2,grey60
MBOAT1,grey60
MBP,grey60
MCC,grey60
MCCC1,grey60
MCF2L,grey60
MCM7,grey60
MCPH1,grey60
MDGA1,grey60
MDH1B,grey60
MDP1,grey60
ME3,grey60
MED10,grey60
MED12L,grey60
MED18,grey60
MED28,grey60
MED29,grey60
MEF2C,grey60
MEGF6,grey60
MEMO1,grey60
METAP2,grey60
METTL13,grey60
METTL3,grey60
MGAT1,grey60
MGC70857,grey60
MGEA5,grey60
MGMT,grey60
MICB,grey60
MIR125B1,grey60
MIR132,grey60
MIR193B,grey60
MIR372,grey60
MIR636,grey60
MIR760,grey60
MLL2,grey60
MLLT4,grey60
MLST8,grey60
MMD2,grey60
MN1,grey60
MND1,grey60
MNS1,grey60
MORN1,grey60
MORN4,grey60
MOSC2,grey60
MPZL1,grey60
MRPL12,grey60
MRPL44,grey60
MRPL53,grey60
MRPS18B,grey60
MRPS24,grey60
MRPS36,grey60
MTA1,grey60
MTA3,grey60
MTCH2,grey60
MTDH,grey60
MTERFD3,grey60
MTHFD1,grey60
MTMR12,grey60
MTUS1,grey60
MUC4,grey60
MUL1,grey60
MYADML2,grey60
MYCN,grey60
MYEOV2,grey60
MYH13,grey60
MYH15,grey60
MYL6,grey60
MYLK4,grey60
MYNN,grey60
MYO1B,grey60
MYO1C,grey60
MYO5A,grey60
MYOM2,grey60
MYST1,grey60
MYST2,grey60
MZF1,grey60
NAALAD2,grey60
NADSYN1,grey60
NAGLU,grey60
NAP1L1,grey60
NAPB,grey60
NARFL,grey60
NASP,grey60
NAV2,grey60
NBEAL2,grey60
NCAN,grey60
NCAPD2,grey60
NCK2,grey60
NCKAP1,grey60
NCOR1,grey60
NCRNA00120,grey60
NCRNA00167,grey60
NCRNA00200,grey60
NDC80,grey60
NDRG1,grey60
NDRG4,grey60
NDUFA12,grey60
NDUFA2,grey60
NDUFS4,grey60
NDUFS7,grey60
NEAT1,grey60
NECAP2,grey60
NEDD4L,grey60
NEDD9,grey60
NEIL2,grey60
NEK11,grey60
NEK3,grey60
NEK4,grey60
NFASC,grey60
NFATC1,grey60
NFKB2,grey60
NFKBIA,grey60
NFKBID,grey60
NFKBIL1,grey60
NGFR,grey60
NGLY1,grey60
NGRN,grey60
NHEJ1,grey60
NIPAL2,grey60
NKTR,grey60
NKX6-1,grey60
NKX6-2,grey60
NLRP6,grey60
NME1,grey60
NOP14,grey60
NOS1AP,grey60
NOX4,grey60
NPDC1,grey60
NPHP4,grey60
NPR3,grey60
NPTX2,grey60
NPY,grey60
NQO1,grey60
NR1H3,grey60
NR3C2,grey60
NR4A1,grey60
NRG2,grey60
NSUN2,grey60
NSUN6,grey60
NT5C1A,grey60
NT5C3,grey60
NTN1,grey60
NTNG1,grey60
NTNG2,grey60
NTRK3,grey60
NUDCD3,grey60
NUDT15,grey60
NUDT4,grey60
NUDT6,grey60
NUMB,grey60
NUP43,grey60
NUP50,grey60
NUSAP1,grey60
OBSCN,grey60
OCA2,grey60
ODF3L1,grey60
ODF3L2,grey60
ODZ2,grey60
ODZ4,grey60
OR10H1,grey60
OR8H1,grey60
OSBPL5,grey60
OSBPL9,grey60
OSGIN2,grey60
OSMR,grey60
OSTBETA,grey60
OSTCL,grey60
OTUD3,grey60
OTUD4,grey60
OXNAD1,grey60
OXSM,grey60
P2RX6,grey60
P2RY1,grey60
PACRG,grey60
PACRGL,grey60
PAFAH2,grey60
PAK6,grey60
PALB2,grey60
PALMD,grey60
PAN2,grey60
PANK1,grey60
PAQR5,grey60
PAQR6,grey60
PARK2,grey60
PARK7,grey60
PASK,grey60
PAX5,grey60
PBX1,grey60
PBX2,grey60
PC,grey60
PCBP1,grey60
PCDH10,grey60
PCDH9,grey60
PCDHGA4,grey60
PCGF3,grey60
PCM1,grey60
PCMT1,grey60
PCOTH,grey60
PCSK2,grey60
PCYT1A,grey60
PDCD10,grey60
PDCD6IP,grey60
PDE1A,grey60
PDE6B,grey60
PDGFC,grey60
PDGFRA,grey60
PDIA2,grey60
PDIA4,grey60
PDX1,grey60
PDXK,grey60
PECR,grey60
PELI3,grey60
PER2,grey60
PER3,grey60
PERP,grey60
PEX12,grey60
PEX13,grey60
PEX5,grey60
PFDN2,grey60
PFDN5,grey60
PGM3,grey60
PHF21B,grey60
PHIP,grey60
PIH1D2,grey60
PKD2,grey60
PKD2L2,grey60
PKNOX2,grey60
PLA2G1B,grey60
PLCB3,grey60
PLCE1,grey60
PLD3,grey60
PLEKHB2,grey60
PLEKHG2,grey60
PLEKHH2,grey60
PLIN3,grey60
PLK2,grey60
PLK3,grey60
PM20D2,grey60
PMF1,grey60
PMVK,grey60
POGK,grey60
POLH,grey60
POLR1D,grey60
POLR2C,grey60
POLR3C,grey60
POLR3E,grey60
POLS,grey60
POPDC3,grey60
POU5F1,grey60
PPAPDC2,grey60
PPFIA2,grey60
PPHLN1,grey60
PPIE,grey60
PPIF,grey60
PPM1E,grey60
PPM1G,grey60
PPM1K,grey60
PPP2CA,grey60
PPP2R5D,grey60
PPP4R2,grey60
PPT2,grey60
PQLC1,grey60
PQLC2,grey60
PQLC3,grey60
PRCC,grey60
PRCP,grey60
PRDM10,grey60
PRDM11,grey60
PRDM6,grey60
PRDM8,grey60
PRDXDD1P,grey60
PRELID2,grey60
PREPL,grey60
PRICKLE2,grey60
PRKAR1B,grey60
PRKCA,grey60
PRKCG,grey60
PRKCH,grey60
PROCA1,grey60
PROX1,grey60
PRR14,grey60
PRR23B,grey60
PRR24,grey60
PSKH1,grey60
PSMB1,grey60
PSMB8,grey60
PSMB9,grey60
PSMD11,grey60
PSME3,grey60
PSMG1,grey60
PTGES3,grey60
PTGFRN,grey60
PTK2,grey60
PTPN12,grey60
PTPN14,grey60
PTPN21,grey60
PTPRC,grey60
PTPRF,grey60
PTPRG,grey60
PTPRN2,grey60
PUSL1,grey60
PVR,grey60
PXDN,grey60
PXK,grey60
PXT1,grey60
PYCRL,grey60
RAB13,grey60
RAB18,grey60
RAB21,grey60
RAB28,grey60
RAB31,grey60
RAB3GAP1,grey60
RAB3IL1,grey60
RAC3,grey60
RAD51L1,grey60
RALYL,grey60
RANBP3,grey60
RANGAP1,grey60
RAPH1,grey60
RARRES2,grey60
RASA3,grey60
RASAL2,grey60
RASGEF1A,grey60
RASGRF1,grey60
RASSF4,grey60
RB1,grey60
RBBP5,grey60
RBM18,grey60
RBM19,grey60
RBM47,grey60
RBMS1,grey60
RBP1,grey60
RBPJ,grey60
RCCD1,grey60
RCOR3,grey60
RDBP,grey60
RECK,grey60
RELL1,grey60
RETN,grey60
RFWD3,grey60
RFX1,grey60
RGMA,grey60
RGMB,grey60
RGS4,grey60
RGS9,grey60
RHBDD2,grey60
RILP,grey60
RILPL1,grey60
RIMS3,grey60
RIN1,grey60
RNASE4,grey60
RNF135,grey60
RNF139,grey60
RNF141,grey60
RNF145,grey60
RNF152,grey60
RNF187,grey60
RNF220,grey60
RNF38,grey60
RNF39,grey60
RNF40,grey60
RNF5P1,grey60
RNF6,grey60
RNFT1,grey60
RNLS,grey60
ROCK2,grey60
RORA,grey60
RP1L1,grey60
RPA1,grey60
RPF1,grey60
RPH3A,grey60
RPH3AL,grey60
RPL13AP5,grey60
RPL27A,grey60
RPL28,grey60
RPL32,grey60
RPL35A,grey60
RPL37,grey60
RPP14,grey60
RPRD1A,grey60
RPRM,grey60
RPS13,grey60
RPS24,grey60
RPS27A,grey60
RPS29,grey60
RPS3A,grey60
RPS6,grey60
RPS6KA5,grey60
RPSAP58,grey60
RPTOR,grey60
RPUSD4,grey60
RRM2B,grey60
RSL24D1,grey60
RSRC1,grey60
RTKN2,grey60
RTN4RL1,grey60
RTP4,grey60
RUNDC1,grey60
RUNDC2A,grey60
RUSC1,grey60
S100A5,grey60
S100A6,grey60
SACM1L,grey60
SACS,grey60
SAP18,grey60
SAPS1,grey60
SAR1A,grey60
SAR1B,grey60
SAV1,grey60
SCCPDH,grey60
SCFD2,grey60
SCG3,grey60
SCLY,grey60
SCN8A,grey60
SCN9A,grey60
SCNN1A,grey60
SCNN1B,grey60
SCP2,grey60
SCRN1,grey60
SCYL3,grey60
SDCCAG1,grey60
SDK1,grey60
SDK2,grey60
SDR39U1,grey60
SEC14L5,grey60
SEC22A,grey60
SEC24A,grey60
SEC61G,grey60
SEMA4B,grey60
SEMA5A,grey60
SEMA5B,grey60
SEPT10,grey60
SEPT13,grey60
SEPT2,grey60
SEPT8,grey60
SERGEF,grey60
SERINC4,grey60
SERPINC1,grey60
SF3B14,grey60
SFRS13B,grey60
SFRS3,grey60
SFRS5,grey60
SFRS8,grey60
SFTA2,grey60
SFTPD,grey60
SGCB,grey60
SGCE,grey60
SH2D3C,grey60
SH3PXD2A,grey60
SH3PXD2B,grey60
SHANK2,grey60
SHISA7,grey60
SIK3,grey60
SIL1,grey60
SIN3B,grey60
SIRT7,grey60
SIX1,grey60
SKI,grey60
SLC12A2,grey60
SLC12A8,grey60
SLC14A1,grey60
SLC16A1,grey60
SLC16A3,grey60
SLC16A6,grey60
SLC17A6,grey60
SLC1A2,grey60
SLC1A4,grey60
SLC25A22,grey60
SLC25A24,grey60
SLC25A37,grey60
SLC25A38,grey60
SLC28A1,grey60
SLC2A1,grey60
SLC30A8,grey60
SLC35D3,grey60
SLC39A7,grey60
SLC44A3,grey60
SLC45A1,grey60
SLC46A3,grey60
SLC4A1AP,grey60
SLC6A15,grey60
SLC8A3,grey60
SLC9A3,grey60
SLFN12,grey60
SLIT1,grey60
SLITRK1,grey60
SLITRK3,grey60
SLURP1,grey60
SMAD7,grey60
SMARCA2,grey60
SMC2,grey60
SMU1,grey60
SMURF1,grey60
SNAI1,grey60
SND1,grey60
SNHG3-RCC1,grey60
SNORA14B,grey60
SNORD114-20,grey60
SNORD1C,grey60
SNORD27,grey60
SNORD45C,grey60
SNPH,grey60
SNRNP200,grey60
SNRPC,grey60
SNRPF,grey60
SNX14,grey60
SNX19,grey60
SNX27,grey60
SNX29,grey60
SNX7,grey60
SOCS5,grey60
SOX12,grey60
SOX13,grey60
SOX2OT,grey60
SP110,grey60
SP3,grey60
SPARC,grey60
SPDYA,grey60
SPNS1,grey60
SPRYD3,grey60
SPSB4,grey60
SPTBN4,grey60
SPTY2D1,grey60
SRF,grey60
SRM,grey60
SRP68,grey60
SRPK1,grey60
SSR1,grey60
ST3GAL5,grey60
ST3GAL6,grey60
ST6GALNAC5,grey60
ST7,grey60
STARD4,grey60
STARD7,grey60
STAT1,grey60
STAT5B,grey60
STEAP3,grey60
STIM2,grey60
STK19,grey60
STK32C,grey60
STMN1,grey60
STON1-GTF2A1L,grey60
STRN,grey60
STUB1,grey60
STX11,grey60
STX1A,grey60
STX2,grey60
STX8,grey60
STYX,grey60
STYXL1,grey60
SUCLG1,grey60
SUDS3,grey60
SUGT1,grey60
SUGT1P1,grey60
SULF1,grey60
SUMF2,grey60
SUPV3L1,grey60
SUV420H2,grey60
SYNM,grey60
SYPL2,grey60
SYT10,grey60
SYT11,grey60
SYT12,grey60
SYT17,grey60
SYTL1,grey60
TACR1,grey60
TAF12,grey60
TANC2,grey60
TAOK3,grey60
TAP2,grey60
TAS1R1,grey60
TBC1D1,grey60
TBC1D2B,grey60
TBC1D4,grey60
TBCD,grey60
TBL2,grey60
TBX5,grey60
TCF25,grey60
TCFL5,grey60
TCP11L1,grey60
TCTEX1D2,grey60
TDG,grey60
TDRD9,grey60
TEC,grey60
TECR,grey60
TEP1,grey60
TERF1,grey60
TERF2IP,grey60
TEX14,grey60
TFAP2A,grey60
TFAP2B,grey60
TFDP1,grey60
TGFB2,grey60
TGFBR2,grey60
TGIF1,grey60
THAP2,grey60
THBS2,grey60
THOP1,grey60
THRAP3,grey60
THRB,grey60
THSD4,grey60
TIMELESS,grey60
TIMM22,grey60
TJP1,grey60
TLL1,grey60
TLX3,grey60
TM7SF2,grey60
TMCO1,grey60
TMCO3,grey60
TMCO6,grey60
TMED7,grey60
TMEFF2,grey60
TMEM106A,grey60
TMEM11,grey60
TMEM125,grey60
TMEM132C,grey60
TMEM14A,grey60
TMEM14C,grey60
TMEM154,grey60
TMEM167B,grey60
TMEM179B,grey60
TMEM18,grey60
TMEM196,grey60
TMEM217,grey60
TMEM26,grey60
TMEM63C,grey60
TMEM79,grey60
TMEM85,grey60
TMEM86B,grey60
TMEM9,grey60
TMEM97,grey60
TMTC1,grey60
TMTC2,grey60
TNFAIP3,grey60
TNFRSF10A,grey60
TNRC18,grey60
TNXB,grey60
TOMM20,grey60
TOP1MT,grey60
TP73,grey60
TPCN2,grey60
TPK1,grey60
TPO,grey60
TPP2,grey60
TRADD,grey60
TRAF3IP2,grey60
TRANK1,grey60
TRAPPC9,grey60
TRIB2,grey60
TRIM2,grey60
TRIM27,grey60
TRIM31,grey60
TRIM39,grey60
TRIM66,grey60
TRIM67,grey60
TRIM68,grey60
TRIM7,grey60
TRIP13,grey60
TROVE2,grey60
TRPM4,grey60
TRPV3,grey60
TRRAP,grey60
TRUB1,grey60
TSNAX-DISC1,grey60
TSPAN14,grey60
TSPAN31,grey60
TSPAN4,grey60
TSSC1,grey60
TSTD1,grey60
TTC14,grey60
TTC15,grey60
TTC22,grey60
TTC23L,grey60
TTC27,grey60
TTC8,grey60
TTLL4,grey60
TTPA,grey60
TUBA1B,grey60
TUBA4B,grey60
TUBGCP5,grey60
TXNDC11,grey60
TXNDC12,grey60
TXNDC17,grey60
TXNDC9,grey60
TYSND1,grey60
U2AF1,grey60
U2AF2,grey60
UBE2H,grey60
UBE2N,grey60
UBE2O,grey60
UBE2QL1,grey60
UBE3A,grey60
UBOX5,grey60
UBTD1,grey60
UBXN7,grey60
UHRF1,grey60
UHRF2,grey60
UNC84B,grey60
UNK,grey60
UNKL,grey60
UPF1,grey60
UQCRB,grey60
USF1,grey60
USP14,grey60
USP36,grey60
USP42,grey60
UTF1,grey60
VAMP2,grey60
VCP,grey60
VEPH1,grey60
VILL,grey60
VIPR1,grey60
VIPR2,grey60
VPS25,grey60
VPS52,grey60
VTI1B,grey60
WBP1,grey60
WBP4,grey60
WBSCR27,grey60
WDFY1,grey60
WDR1,grey60
WDR37,grey60
WDR4,grey60
WDR47,grey60
WDR59,grey60
WDR62,grey60
WDR67,grey60
WDR76,grey60
WDR77,grey60
WDR87,grey60
WDSUB1,grey60
WFS1,grey60
WIPF2,grey60
WNK2,grey60
WNT3,grey60
WNT4,grey60
WNT5B,grey60
WRAP53,grey60
WWOX,grey60
XKR4,grey60
XRRA1,grey60
XYLB,grey60
YEATS4,grey60
YLPM1,grey60
YPEL2,grey60
ZAR1,grey60
ZBED5,grey60
ZBTB12,grey60
ZBTB39,grey60
ZBTB4,grey60
ZBTB45,grey60
ZBTB7A,grey60
ZC3H10,grey60
ZCCHC17,grey60
ZDHHC20,grey60
ZDHHC3,grey60
ZEB1,grey60
ZFAND2A,grey60
ZFAND6,grey60
ZFHX3,grey60
ZFP161,grey60
ZFP41,grey60
ZFP42,grey60
ZFP90,grey60
ZKSCAN5,grey60
ZMYM2,grey60
ZNF136,grey60
ZNF140,grey60
ZNF16,grey60
ZNF213,grey60
ZNF24,grey60
ZNF252,grey60
ZNF256,grey60
ZNF280D,grey60
ZNF311,grey60
ZNF32,grey60
ZNF322A,grey60
ZNF331,grey60
ZNF397OS,grey60
ZNF498,grey60
ZNF517,grey60
ZNF521,grey60
ZNF556,grey60
ZNF583,grey60
ZNF598,grey60
ZNF607,grey60
ZNF624,grey60
ZNF644,grey60
ZNF704,grey60
ZNF770,grey60
ZNF785,grey60
ZNF792,grey60
ZNF793,grey60
ZNF804A,grey60
ZNF879,grey60
ZNHIT6,grey60
ZNRF4,grey60
ZSCAN22,grey60
ZYG11B,grey60
ZZEF1,grey60
ABCA7,lightcyan
ABHD4,lightcyan
ABHD5,lightcyan
ACAT1,lightcyan
ACBD5,lightcyan
ACPL2,lightcyan
ACTL7B,lightcyan
ACVR1C,lightcyan
ADAM32,lightcyan
ADAMTS13,lightcyan
ADAMTS16,lightcyan
ADAMTS2,lightcyan
ADAMTSL1,lightcyan
ADCK1,lightcyan
ADCYAP1,lightcyan
ADD3,lightcyan
ADH5,lightcyan
ADIPOR2,lightcyan
AEBP1,lightcyan
AFAP1,lightcyan
AGAP1,lightcyan
AGBL1,lightcyan
AGPAT1,lightcyan
AGR2,lightcyan
AHRR,lightcyan
AKAP9,lightcyan
AKD1,lightcyan
ALG11,lightcyan
ALG5,lightcyan
ANK1,lightcyan
ANK2,lightcyan
ANKRD34C,lightcyan
ANKRD44,lightcyan
ANKRD9,lightcyan
ANO1,lightcyan
ANO9,lightcyan
ANP32E,lightcyan
ANXA3,lightcyan
AP2A2,lightcyan
APAF1,lightcyan
APH1B,lightcyan
API5,lightcyan
AQP11,lightcyan
ARHGAP1,lightcyan
ARHGAP18,lightcyan
ARID3B,lightcyan
ARIH1,lightcyan
ARL4D,lightcyan
ARMC1,lightcyan
ARNT2,lightcyan
ASAM,lightcyan
ASAP2,lightcyan
ASB16,lightcyan
ASPHD2,lightcyan
ATAD3C,lightcyan
ATG16L1,lightcyan
ATM,lightcyan
ATP11A,lightcyan
ATP5A1,lightcyan
ATP8A2,lightcyan
ATP8B3,lightcyan
B3GNTL1,lightcyan
B4GALNT3,lightcyan
BANP,lightcyan
BASP1,lightcyan
BICD1,lightcyan
BNIPL,lightcyan
BRD2,lightcyan
BRF1,lightcyan
BRIP1,lightcyan
BTG1,lightcyan
BTRC,lightcyan
BZRAP1,lightcyan
C10ORF111,lightcyan
C10ORF125,lightcyan
C10ORF4,lightcyan
C10ORF78,lightcyan
C10ORF82,lightcyan
C12ORF11,lightcyan
C12ORF12,lightcyan
C12ORF65,lightcyan
C12ORF68,lightcyan
C13ORF37,lightcyan
C14ORF80,lightcyan
C15ORF42,lightcyan
C16ORF55,lightcyan
C16ORF73,lightcyan
C17ORF79,lightcyan
C17ORF80,lightcyan
C17ORF85,lightcyan
C18ORF1,lightcyan
C19ORF26,lightcyan
C19ORF28,lightcyan
C1ORF107,lightcyan
C1ORF135,lightcyan
C1ORF14,lightcyan
C1ORF144,lightcyan
C1ORF156,lightcyan
C1ORF213,lightcyan
C1ORF63,lightcyan
C1ORF74,lightcyan
C1QTNF1,lightcyan
C22ORF41,lightcyan
C22ORF9,lightcyan
C2CD2L,lightcyan
C2ORF28,lightcyan
C2ORF65,lightcyan
C3ORF20,lightcyan
C4ORF37,lightcyan
C5ORF45,lightcyan
C6ORF130,lightcyan
C6ORF136,lightcyan
C6ORF204,lightcyan
C6ORF221,lightcyan
C7ORF30,lightcyan
C7ORF42,lightcyan
C7ORF50,lightcyan
C7ORF55,lightcyan
C7ORF70,lightcyan
C8ORF55,lightcyan
C8ORF76,lightcyan
C9ORF128,lightcyan
C9ORF150,lightcyan
C9ORF40,lightcyan
CA6,lightcyan
CACNA1H,lightcyan
CACYBP,lightcyan
CALN1,lightcyan
CALY,lightcyan
CAMTA1,lightcyan
CAND2,lightcyan
CANX,lightcyan
CAPN2,lightcyan
CAPZB,lightcyan
CASP9,lightcyan
CBR1,lightcyan
CCDC109A,lightcyan
CCDC130,lightcyan
CCDC132,lightcyan
CCDC23,lightcyan
CCDC49,lightcyan
CCDC66,lightcyan
CCDC88C,lightcyan
CCNB1,lightcyan
CCNC,lightcyan
CCND3,lightcyan
CCNG1,lightcyan
CCT3,lightcyan
CD3D,lightcyan
CDC20,lightcyan
CDC5L,lightcyan
CDH7,lightcyan
CDH8,lightcyan
CDK5,lightcyan
CDKL2,lightcyan
CDR2L,lightcyan
CEL,lightcyan
CELSR3,lightcyan
CENPJ,lightcyan
CENPN,lightcyan
CFL1,lightcyan
CHD7,lightcyan
CHPT1,lightcyan
CHST3,lightcyan
CHUK,lightcyan
CLIC4,lightcyan
CLIC5,lightcyan
CLIP1,lightcyan
CLPTM1,lightcyan
CLSPN,lightcyan
CLSTN1,lightcyan
CMAS,lightcyan
CMTM6,lightcyan
CNDP2,lightcyan
CNGA4,lightcyan
CNKSR3,lightcyan
CNNM4,lightcyan
CNR2,lightcyan
COL27A1,lightcyan
COLEC11,lightcyan
COMMD1,lightcyan
COPB2,lightcyan
COPZ1,lightcyan
COQ5,lightcyan
COX7A2,lightcyan
CRADD,lightcyan
CRTC3,lightcyan
CRYZ,lightcyan
CSMD3,lightcyan
CTCF,lightcyan
CTNNA3,lightcyan
CTNNBL1,lightcyan
CUTA,lightcyan
CUX2,lightcyan
CYB5B,lightcyan
CYP26B1,lightcyan
CYP51A1,lightcyan
DAB1,lightcyan
DAXX,lightcyan
DCC,lightcyan
DCI,lightcyan
DCPS,lightcyan
DDAH2,lightcyan
DDX23,lightcyan
DDX43,lightcyan
DDX47,lightcyan
DDX60,lightcyan
DEF6,lightcyan
DENND5B,lightcyan
DHPS,lightcyan
DHX58,lightcyan
DHX8,lightcyan
DIP2C,lightcyan
DKFZP686O24166,lightcyan
DLG5,lightcyan
DLGAP2,lightcyan
DLX1,lightcyan
DNAJC5G,lightcyan
DOCK1,lightcyan
DOCK4,lightcyan
DPF3,lightcyan
DTX1,lightcyan
DYNC1H1,lightcyan
DYRK4,lightcyan
EDEM3,lightcyan
EDNRB,lightcyan
EED,lightcyan
EFEMP2,lightcyan
EFHD1,lightcyan
EFNA5,lightcyan
EIF2B2,lightcyan
EIF3B,lightcyan
EIF4G2,lightcyan
EIF5,lightcyan
EIF5B,lightcyan
ELAVL3,lightcyan
ELF2,lightcyan
ELK3,lightcyan
ELMOD1,lightcyan
EML3,lightcyan
ENKUR,lightcyan
ENOX1,lightcyan
EPHA10,lightcyan
EPHB2,lightcyan
EPHB6,lightcyan
ERICH1,lightcyan
ERMAP,lightcyan
ESF1,lightcyan
ESRRG,lightcyan
ETAA1,lightcyan
ETV1,lightcyan
EXOG,lightcyan
EZR,lightcyan
F12,lightcyan
FAM107B,lightcyan
FAM118A,lightcyan
FAM129A,lightcyan
FAM164A,lightcyan
FAM174B,lightcyan
FAM20C,lightcyan
FAM38A,lightcyan
FAM38B,lightcyan
FAR1,lightcyan
FARSB,lightcyan
FAS,lightcyan
FAT4,lightcyan
FBXL18,lightcyan
FBXO31,lightcyan
FBXW2,lightcyan
FGF18,lightcyan
FGFRL1,lightcyan
FKBPL,lightcyan
FLJ43663,lightcyan
FLRT2,lightcyan
FNDC3B,lightcyan
FOXJ3,lightcyan
FOXK1,lightcyan
FOXK2,lightcyan
FOXO3,lightcyan
FRY,lightcyan
FSD1,lightcyan
FSTL3,lightcyan
FUK,lightcyan
FUT10,lightcyan
FUT8,lightcyan
FYTTD1,lightcyan
FZR1,lightcyan
GABRA2,lightcyan
GABRG2,lightcyan
GAK,lightcyan
GAL3ST2,lightcyan
GALNT7,lightcyan
GALNT9,lightcyan
GAPDHS,lightcyan
GCLM,lightcyan
GCM2,lightcyan
GDF2,lightcyan
GDPD5,lightcyan
GFI1,lightcyan
GFOD2,lightcyan
GFRA2,lightcyan
GIF,lightcyan
GIT2,lightcyan
GLB1,lightcyan
GLI2,lightcyan
GLIPR1L2,lightcyan
GLIS1,lightcyan
GLRA1,lightcyan
GLTSCR2,lightcyan
GNG13,lightcyan
GNL3,lightcyan
GOLGA3,lightcyan
GOSR2,lightcyan
GPBAR1,lightcyan
GPM6A,lightcyan
GPN2,lightcyan
GPR1,lightcyan
GPR133,lightcyan
GREB1L,lightcyan
GRID1,lightcyan
GTF2H4,lightcyan
GTF2IRD2B,lightcyan
GTPBP8,lightcyan
HDAC2,lightcyan
HDAC7,lightcyan
HDGF2,lightcyan
HDGFL1,lightcyan
HERC3,lightcyan
HERC4,lightcyan
HES5,lightcyan
HEY2,lightcyan
HHLA3,lightcyan
HIGD2B,lightcyan
HIPK3,lightcyan
HIRA,lightcyan
HIST1H2AC,lightcyan
HIST1H2AG,lightcyan
HIST3H3,lightcyan
HIVEP3,lightcyan
HK1,lightcyan
HLA-A,lightcyan
HLA-C,lightcyan
HLA-DPB1,lightcyan
HLA-DPB2,lightcyan
HLA-DRB1,lightcyan
HLA-H,lightcyan
HNRNPA1,lightcyan
HNRNPK,lightcyan
HNRNPU,lightcyan
HOOK2,lightcyan
HRNBP3,lightcyan
HS3ST4,lightcyan
HSPA9,lightcyan
HSPG2,lightcyan
HTATIP2,lightcyan
HYAL2,lightcyan
HYI,lightcyan
IFI27L2,lightcyan
IFIT5,lightcyan
IFITM2,lightcyan
IFNGR1,lightcyan
IFT140,lightcyan
IGF2R,lightcyan
IKZF1,lightcyan
IKZF5,lightcyan
IL6ST,lightcyan
ING5,lightcyan
INPP5A,lightcyan
IQCC,lightcyan
ISG20,lightcyan
ITGA1,lightcyan
ITGAX,lightcyan
ITGB1BP3,lightcyan
ITM2C,lightcyan
ITPR3,lightcyan
JAG2,lightcyan
JAKMIP3,lightcyan
JARID2,lightcyan
JPH3,lightcyan
KCNA4,lightcyan
KCNIP4,lightcyan
KCNJ12,lightcyan
KCNK1,lightcyan
KCNK9,lightcyan
KCNS3,lightcyan
KDELC2,lightcyan
KDELR1,lightcyan
KDM5A,lightcyan
KIAA0427,lightcyan
KIAA0664,lightcyan
KIAA0922,lightcyan
KIAA1026,lightcyan
KIAA1244,lightcyan
KIAA1529,lightcyan
KIAA1549,lightcyan
KIAA1586,lightcyan
KIF13B,lightcyan
KIF17,lightcyan
KIF2C,lightcyan
KIF7,lightcyan
KISS1,lightcyan
KLF3,lightcyan
KLF6,lightcyan
KLHDC2,lightcyan
KLHL18,lightcyan
KLHL25,lightcyan
KLHL28,lightcyan
KLHL36,lightcyan
KNDC1,lightcyan
KRT76,lightcyan
KRT78,lightcyan
KSR2,lightcyan
L2HGDH,lightcyan
LAMC1,lightcyan
LANCL1,lightcyan
LCLAT1,lightcyan
LCN10,lightcyan
LDLRAP1,lightcyan
LDOC1L,lightcyan
LEMD1,lightcyan
LEO1,lightcyan
LGALS4,lightcyan
LHX4,lightcyan
LIAS,lightcyan
LIG1,lightcyan
LMO2,lightcyan
LMO3,lightcyan
LMX1A,lightcyan
LNP1,lightcyan
LOC100101938,lightcyan
LOC100128239,lightcyan
LOC100129066,lightcyan
LOC100130691,lightcyan
LOC100130987,lightcyan
LOC100133612,lightcyan
LOC100268168,lightcyan
LOC143666,lightcyan
LOC283663,lightcyan
LOC344595,lightcyan
LOC389705,lightcyan
LOC619207,lightcyan
LOC650226,lightcyan
LOH12CR1,lightcyan
LRFN5,lightcyan
LRIG1,lightcyan
LRP5,lightcyan
LRRC1,lightcyan
LRRC49,lightcyan
LRRIQ3,lightcyan
LRWD1,lightcyan
LYN,lightcyan
LYPLA2,lightcyan
LYRM4,lightcyan
M6PR,lightcyan
MAD1L1,lightcyan
MAEA,lightcyan
MAFK,lightcyan
MALAT1,lightcyan
MALL,lightcyan
MAP2K7,lightcyan
MAP3K7IP2,lightcyan
MAP7,lightcyan
MARCH7,lightcyan
MBNL1,lightcyan
MCCC2,lightcyan
MCF2L2,lightcyan
MCFD2,lightcyan
MCRS1,lightcyan
MEAF6,lightcyan
MED19,lightcyan
MED23,lightcyan
MEF2D,lightcyan
MEGF10,lightcyan
MEGF11,lightcyan
MESDC2,lightcyan
METAP2,lightcyan
MGAT2,lightcyan
MGAT4A,lightcyan
MGMT,lightcyan
MIER1,lightcyan
MIIP,lightcyan
MIPOL1,lightcyan
MIR1182,lightcyan
MIR211,lightcyan
MIR329-2,lightcyan
MIR636,lightcyan
MIR654,lightcyan
MIR886,lightcyan
MKI67,lightcyan
MLYCD,lightcyan
MMS19,lightcyan
MOBKL2C,lightcyan
MOBKL3,lightcyan
MORC1,lightcyan
MPZL2,lightcyan
MRO,lightcyan
MRPL27,lightcyan
MRPL3,lightcyan
MRPL30,lightcyan
MRPS24,lightcyan
MRPS33,lightcyan
MRPS5,lightcyan
MS4A13,lightcyan
MSL2,lightcyan
MSRB3,lightcyan
MTA1,lightcyan
MTERFD3,lightcyan
MTHFD2L,lightcyan
MTMR15,lightcyan
MTPN,lightcyan
MTRF1,lightcyan
MTUS2,lightcyan
MTX3,lightcyan
MUC4,lightcyan
MUM1,lightcyan
MUTYH,lightcyan
MXD4,lightcyan
MYH14,lightcyan
MYO15A,lightcyan
MYO1E,lightcyan
MYOM2,lightcyan
MYST3,lightcyan
MYT1L,lightcyan
N4BP2,lightcyan
N4BP3,lightcyan
NAA15,lightcyan
NAA16,lightcyan
NADK,lightcyan
NADSYN1,lightcyan
NAMPT,lightcyan
NAPRT1,lightcyan
NARFL,lightcyan
NBLA00301,lightcyan
NBPF1,lightcyan
NCK2,lightcyan
NCRNA00081,lightcyan
NCRNA00219,lightcyan
NDNL2,lightcyan
NDUFA13,lightcyan
NDUFS6,lightcyan
NDUFS8,lightcyan
NECAP1,lightcyan
NEFL,lightcyan
NEFM,lightcyan
NEURL,lightcyan
NEURL1B,lightcyan
NEURL4,lightcyan
NEUROG1,lightcyan
NFATC2IP,lightcyan
NFATC4,lightcyan
NFE2L3,lightcyan
NFKBIL1,lightcyan
NHEDC1,lightcyan
NIPA2,lightcyan
NKIRAS1,lightcyan
NLE1,lightcyan
NME7,lightcyan
NMNAT1,lightcyan
NOC3L,lightcyan
NOS1AP,lightcyan
NOTCH4,lightcyan
NPFFR2,lightcyan
NPM1,lightcyan
NR2C1,lightcyan
NR5A2,lightcyan
NR6A1,lightcyan
NRSN2,lightcyan
NRXN1,lightcyan
NTF3,lightcyan
NUBPL,lightcyan
NUDT4,lightcyan
NUDT9P1,lightcyan
NUP93,lightcyan
NUPL1,lightcyan
OGFOD1,lightcyan
OR5P2,lightcyan
ORAOV1,lightcyan
ORC1L,lightcyan
OSCAR,lightcyan
OSGIN1,lightcyan
OTX1,lightcyan
P2RX1,lightcyan
P2RX4,lightcyan
P4HA1,lightcyan
P4HA2,lightcyan
PABPC4,lightcyan
PACS1,lightcyan
PANK4,lightcyan
PARD3B,lightcyan
PAX9,lightcyan
PC,lightcyan
PCBD2,lightcyan
PCDHA6,lightcyan
PCF11,lightcyan
PCGF3,lightcyan
PCYT2,lightcyan
PDCL3,lightcyan
PDE6B,lightcyan
PDE6D,lightcyan
PDLIM2,lightcyan
PDLIM3,lightcyan
PDSS2,lightcyan
PEX12,lightcyan
PEX5L,lightcyan
PFN4,lightcyan
PGAM1,lightcyan
PGD,lightcyan
PGM3,lightcyan
PHF20L1,lightcyan
PHRF1,lightcyan
PIAS4,lightcyan
PIGM,lightcyan
PIK3R3,lightcyan
PINK1,lightcyan
PIP5K1C,lightcyan
PKP4,lightcyan
PLA2G4D,lightcyan
PLAC8,lightcyan
PLCB1,lightcyan
PLCG2,lightcyan
PLEKHH3,lightcyan
PLOD2,lightcyan
PLXDC2,lightcyan
PMM2,lightcyan
PMP22,lightcyan
PNRC1,lightcyan
POLR3D,lightcyan
POLR3E,lightcyan
POP5,lightcyan
POPDC3,lightcyan
POU6F2,lightcyan
PPP1R14C,lightcyan
PPP1R15B,lightcyan
PPP1R16A,lightcyan
PPP4R2,lightcyan
PRDM16,lightcyan
PRDM5,lightcyan
PRDX1,lightcyan
PRELID2,lightcyan
PRKAR1B,lightcyan
PRMT3,lightcyan
PRR12,lightcyan
PRR23C,lightcyan
PRRG2,lightcyan
PRSS42,lightcyan
PSD,lightcyan
PSMC4,lightcyan
PSMG1,lightcyan
PSORS1C1,lightcyan
PTDSS2,lightcyan
PTPN23,lightcyan
PTPRN2,lightcyan
PTRF,lightcyan
PVRL3,lightcyan
R3HCC1,lightcyan
R3HDM1,lightcyan
RAB11A,lightcyan
RAB14,lightcyan
RAB5B,lightcyan
RAB5C,lightcyan
RAD21,lightcyan
RADIL,lightcyan
RASA3,lightcyan
RASGEF1C,lightcyan
RBM47,lightcyan
RBMXL2,lightcyan
RCC2,lightcyan
RCN1,lightcyan
RDH10,lightcyan
RECQL5,lightcyan
REXO2,lightcyan
RFWD2,lightcyan
RGS14,lightcyan
RGS16,lightcyan
RGS2,lightcyan
RHOBTB1,lightcyan
RHOJ,lightcyan
RHOQ,lightcyan
RHOT1,lightcyan
RHPN1,lightcyan
RIPK3,lightcyan
RLN3,lightcyan
RLTPR,lightcyan
RNASE1,lightcyan
RNASE13,lightcyan
RNF114,lightcyan
RNF150,lightcyan
RNF169,lightcyan
RNF17,lightcyan
RNF186,lightcyan
RNF19B,lightcyan
RNF219,lightcyan
RNFT1,lightcyan
RNFT2,lightcyan
RNPS1,lightcyan
ROBO1,lightcyan
RORA,lightcyan
RPF2,lightcyan
RPL23,lightcyan
RPLP2,lightcyan
RPP38,lightcyan
RPRML,lightcyan
RPS27A,lightcyan
RPS6KA2,lightcyan
RPS6KB2,lightcyan
RSBN1L,lightcyan
RUFY1,lightcyan
RUFY2,lightcyan
RUNDC3B,lightcyan
RWDD3,lightcyan
RXRG,lightcyan
SAFB2,lightcyan
SALL1,lightcyan
SC5DL,lightcyan
SCGB1C1,lightcyan
SCN5A,lightcyan
SDCCAG10,lightcyan
SDHC,lightcyan
SDK1,lightcyan
SEC16A,lightcyan
SEC31B,lightcyan
SELK,lightcyan
SEMA5B,lightcyan
SEPT12,lightcyan
SEPT8,lightcyan
SEPT9,lightcyan
SERPINB6,lightcyan
SETMAR,lightcyan
SFMBT2,lightcyan
SFRP2,lightcyan
SFRS16,lightcyan
SFRS6,lightcyan
SFRS7,lightcyan
SGCE,lightcyan
SGTA,lightcyan
SH2B3,lightcyan
SH3BP4,lightcyan
SHANK2,lightcyan
SHQ1,lightcyan
SIPA1L2,lightcyan
SKI,lightcyan
SKP1,lightcyan
SLAIN1,lightcyan
SLC15A4,lightcyan
SLC1A3,lightcyan
SLC20A2,lightcyan
SLC23A1,lightcyan
SLC25A30,lightcyan
SLC25A38,lightcyan
SLC2A1,lightcyan
SLC2A4,lightcyan
SLC2A9,lightcyan
SLC30A9,lightcyan
SLC35A1,lightcyan
SLC35B1,lightcyan
SLC37A3,lightcyan
SLC39A7,lightcyan
SLC39A8,lightcyan
SLC44A3,lightcyan
SLC45A2,lightcyan
SLC7A6,lightcyan
SLFN11,lightcyan
SLFN12,lightcyan
SLIT3,lightcyan
SLITRK5,lightcyan
SMEK2,lightcyan
SMOC2,lightcyan
SMTN,lightcyan
SMURF1,lightcyan
SNAP23,lightcyan
SNAPC4,lightcyan
SNF8,lightcyan
SNRNP48,lightcyan
SNRPD1,lightcyan
SNTB1,lightcyan
SNX10,lightcyan
SNX24,lightcyan
SORCS3,lightcyan
SOX5,lightcyan
SPATA13,lightcyan
SPATA3,lightcyan
SPATA5L1,lightcyan
SPC25,lightcyan
SPRR4,lightcyan
SPSB4,lightcyan
SPTBN1,lightcyan
SRM,lightcyan
SSBP2,lightcyan
ST7,lightcyan
STAB2,lightcyan
STAP2,lightcyan
STK10,lightcyan
STT3A,lightcyan
STYK1,lightcyan
SUMF1,lightcyan
SUMO1,lightcyan
SVOPL,lightcyan
SYNGAP1,lightcyan
SYNJ2,lightcyan
TAF13,lightcyan
TARDBP,lightcyan
TARSL2,lightcyan
TATDN2,lightcyan
TAX1BP1,lightcyan
TBCD,lightcyan
TBKBP1,lightcyan
TBL2,lightcyan
TCF12,lightcyan
TCF4,lightcyan
TCF7L2,lightcyan
TCP11L2,lightcyan
TFDP1,lightcyan
TGFBI,lightcyan
TGFBR1,lightcyan
TGIF1,lightcyan
THAP3,lightcyan
THAP4,lightcyan
TIMM8B,lightcyan
TIPRL,lightcyan
TLN2,lightcyan
TM9SF2,lightcyan
TM9SF3,lightcyan
TMBIM6,lightcyan
TMCO1,lightcyan
TMED10,lightcyan
TMED7,lightcyan
TMEM154,lightcyan
TMEM167B,lightcyan
TMEM184A,lightcyan
TMEM232,lightcyan
TMEM59,lightcyan
TMEM87A,lightcyan
TMEM98,lightcyan
TMTC2,lightcyan
TMX2,lightcyan
TNKS,lightcyan
TNNI3,lightcyan
TNXB,lightcyan
TOM1L2,lightcyan
TP73,lightcyan
TPO,lightcyan
TRAF3IP1,lightcyan
TRAFD1,lightcyan
TRAM1L1,lightcyan
TRAPPC3,lightcyan
TRIB1,lightcyan
TRIM26,lightcyan
TRIM27,lightcyan
TRIM36,lightcyan
TRIM61,lightcyan
TRIM68,lightcyan
TRPC6,lightcyan
TRPM4,lightcyan
TSNARE1,lightcyan
TSPAN5,lightcyan
TSPYL6,lightcyan
TTC15,lightcyan
TUBB,lightcyan
TUT1,lightcyan
TXNDC17,lightcyan
TXNL1,lightcyan
TXNL4B,lightcyan
TXNRD2,lightcyan
TYW3,lightcyan
UBA5,lightcyan
UBC,lightcyan
UBE2D3,lightcyan
UBE2G1,lightcyan
UBE2T,lightcyan
UBE2Z,lightcyan
UGGT2,lightcyan
UHMK1,lightcyan
ULK4,lightcyan
UNC5A,lightcyan
UQCRC1,lightcyan
USP28,lightcyan
VAMP5,lightcyan
VANGL1,lightcyan
VASH1,lightcyan
VPS18,lightcyan
VPS52,lightcyan
VTI1A,lightcyan
VWC2L,lightcyan
WARS,lightcyan
WASL,lightcyan
WDR19,lightcyan
WDR69,lightcyan
WDR81,lightcyan
WHSC2,lightcyan
WIF1,lightcyan
YES1,lightcyan
YIF1B,lightcyan
ZBED3,lightcyan
ZBTB20,lightcyan
ZBTB24,lightcyan
ZBTB40,lightcyan
ZBTB7C,lightcyan
ZBTB9,lightcyan
ZC3H18,lightcyan
ZFAND1,lightcyan
ZFAT,lightcyan
ZFHX3,lightcyan
ZFP57,lightcyan
ZFP91,lightcyan
ZKSCAN3,lightcyan
ZNF148,lightcyan
ZNF2,lightcyan
ZNF202,lightcyan
ZNF214,lightcyan
ZNF22,lightcyan
ZNF226,lightcyan
ZNF229,lightcyan
ZNF232,lightcyan
ZNF260,lightcyan
ZNF302,lightcyan
ZNF317,lightcyan
ZNF346,lightcyan
ZNF362,lightcyan
ZNF365,lightcyan
ZNF366,lightcyan
ZNF37A,lightcyan
ZNF384,lightcyan
ZNF446,lightcyan
ZNF486,lightcyan
ZNF488,lightcyan
ZNF500,lightcyan
ZNF529,lightcyan
ZNF566,lightcyan
ZNF594,lightcyan
ZNF610,lightcyan
ZNF652,lightcyan
ZNF653,lightcyan
ZNF684,lightcyan
ZNF70,lightcyan
ZNF766,lightcyan
ZNF790,lightcyan
ZNF800,lightcyan
ZNRD1,lightcyan
ZSCAN10,lightcyan
AACS,lightgreen
ABHD1,lightgreen
ABLIM1,lightgreen
ACACB,lightgreen
ACHE,lightgreen
ACOX1,lightgreen
ACSF3,lightgreen
ACSL6,lightgreen
ACTG1,lightgreen
ACTR1A,lightgreen
ADAM22,lightgreen
ADAMTS10,lightgreen
ADAMTS2,lightgreen
ADAMTS3,lightgreen
ADAMTSL3,lightgreen
ADAP1,lightgreen
ADARB2,lightgreen
ADAT2,lightgreen
ADCY3,lightgreen
ADD1,lightgreen
AEBP1,lightgreen
AES,lightgreen
AFF1,lightgreen
AGBL3,lightgreen
AGBL5,lightgreen
AGPAT4,lightgreen
AGTRAP,lightgreen
AGXT2L1,lightgreen
AHCYL2,lightgreen
AHR,lightgreen
AHRR,lightgreen
AHSA2,lightgreen
AKAP5,lightgreen
ALDH1L2,lightgreen
ALDOA,lightgreen
ALK,lightgreen
ALKBH4,lightgreen
ALLC,lightgreen
ALOXE3,lightgreen
ALS2,lightgreen
AMBRA1,lightgreen
AMN1,lightgreen
AMPH,lightgreen
AMZ2,lightgreen
ANAPC10,lightgreen
ANAPC4,lightgreen
ANAPC7,lightgreen
ANKRD12,lightgreen
ANKRD31,lightgreen
ANO3,lightgreen
ANXA13,lightgreen
ANXA5,lightgreen
AP2A2,lightgreen
APLP2,lightgreen
AQP8,lightgreen
ARCN1,lightgreen
ARF6,lightgreen
ARHGAP10,lightgreen
ARHGAP12,lightgreen
ARHGAP18,lightgreen
ARHGAP19,lightgreen
ARHGAP20,lightgreen
ARHGEF10,lightgreen
ARHGEF4,lightgreen
ARHGEF7,lightgreen
ARID1B,lightgreen
ARL2,lightgreen
ARL5A,lightgreen
ARNT,lightgreen
ARPM1,lightgreen
ARSA,lightgreen
ARSG,lightgreen
ART3,lightgreen
ASAH1,lightgreen
ASB18,lightgreen
ASCL2,lightgreen
ASPM,lightgreen
ATAD2,lightgreen
ATAD3B,lightgreen
ATAD5,lightgreen
ATG2A,lightgreen
ATIC,lightgreen
ATP10A,lightgreen
ATP11A,lightgreen
ATP2A3,lightgreen
ATP6V1F,lightgreen
ATP8B3,lightgreen
ATP9B,lightgreen
ATPBD4,lightgreen
AUTS2,lightgreen
AVL9,lightgreen
AVP,lightgreen
B3GALT4,lightgreen
BAIAP3,lightgreen
BAT1,lightgreen
BAT4,lightgreen
BAZ1B,lightgreen
BAZ2A,lightgreen
BAZ2B,lightgreen
BCAS3,lightgreen
BCL11A,lightgreen
BCL2L14,lightgreen
BCL6,lightgreen
BDNF,lightgreen
BDNFOS,lightgreen
BHLHE41,lightgreen
BLNK,lightgreen
BMPER,lightgreen
BOC,lightgreen
BOLA3,lightgreen
BRD2,lightgreen
BRI3BP,lightgreen
BRP44,lightgreen
BRUNOL4,lightgreen
BTRC,lightgreen
C10ORF93,lightgreen
C11ORF1,lightgreen
C11ORF48,lightgreen
C11ORF60,lightgreen
C11ORF63,lightgreen
C11ORF67,lightgreen
C14ORF23,lightgreen
C14ORF37,lightgreen
C14ORF49,lightgreen
C14ORF50,lightgreen
C15ORF27,lightgreen
C15ORF60,lightgreen
C15ORF61,lightgreen
C16ORF7,lightgreen
C16ORF88,lightgreen
C17ORF42,lightgreen
C17ORF55,lightgreen
C17ORF74,lightgreen
C18ORF1,lightgreen
C19ORF54,lightgreen
C1ORF128,lightgreen
C1ORF159,lightgreen
C1ORF187,lightgreen
C1ORF198,lightgreen
C1ORF68,lightgreen
C1ORF88,lightgreen
C1QTNF2,lightgreen
C21ORF63,lightgreen
C2ORF42,lightgreen
C2ORF86,lightgreen
C3ORF15,lightgreen
C3ORF26,lightgreen
C3ORF62,lightgreen
C5ORF24,lightgreen
C5ORF33,lightgreen
C5ORF36,lightgreen
C6ORF136,lightgreen
C6ORF141,lightgreen
C6ORF162,lightgreen
C6ORF227,lightgreen
C6ORF27,lightgreen
C7ORF44,lightgreen
C7ORF50,lightgreen
C7ORF63,lightgreen
C8ORF12,lightgreen
C8ORF84,lightgreen
CABYR,lightgreen
CACNA1H,lightgreen
CACNA2D2,lightgreen
CADM4,lightgreen
CALCA,lightgreen
CALM2,lightgreen
CAMK2G,lightgreen
CAMTA1,lightgreen
CAND2,lightgreen
CANX,lightgreen
CARS2,lightgreen
CASZ1,lightgreen
CAT,lightgreen
CBLL1,lightgreen
CC2D1B,lightgreen
CCDC107,lightgreen
CCDC112,lightgreen
CCDC130,lightgreen
CCDC25,lightgreen
CCDC36,lightgreen
CCDC64B,lightgreen
CCDC69,lightgreen
CCDC7,lightgreen
CCDC85A,lightgreen
CCDC88C,lightgreen
CCK,lightgreen
CCL22,lightgreen
CCM2,lightgreen
CCNA1,lightgreen
CCNT2,lightgreen
CCR1,lightgreen
CCT6P1,lightgreen
CCT7,lightgreen
CDAN1,lightgreen
CDH4,lightgreen
CDK5RAP2,lightgreen
CDK6,lightgreen
CDS2,lightgreen
CEBPD,lightgreen
CENPK,lightgreen
CEP63,lightgreen
CEP97,lightgreen
CES4,lightgreen
CHAT,lightgreen
CHD6,lightgreen
CHID1,lightgreen
CHMP2A,lightgreen
CHRDL2,lightgreen
CHRNB2,lightgreen
CHST11,lightgreen
CIDEA,lightgreen
CLASP1,lightgreen
CLDN1,lightgreen
CLDN18,lightgreen
CLIP3,lightgreen
CLUAP1,lightgreen
CLUL1,lightgreen
CMTM6,lightgreen
CNPY3,lightgreen
CNTN5,lightgreen
CNTNAP4,lightgreen
COBRA1,lightgreen
COL11A1,lightgreen
COL14A1,lightgreen
COL2A1,lightgreen
COL4A2,lightgreen
COLEC11,lightgreen
COMMD2,lightgreen
COMMD9,lightgreen
COPB1,lightgreen
CORIN,lightgreen
CORO2B,lightgreen
COX4NB,lightgreen
CPSF1,lightgreen
CRHBP,lightgreen
CRISPLD2,lightgreen
CRLF1,lightgreen
CRYGN,lightgreen
CSAD,lightgreen
CSMD1,lightgreen
CSNK1G2,lightgreen
CTBP2,lightgreen
CTCF,lightgreen
CTDP1,lightgreen
CTSF,lightgreen
CUX1,lightgreen
CYFIP2,lightgreen
CYP19A1,lightgreen
CYP24A1,lightgreen
DAAM1,lightgreen
DAB2IP,lightgreen
DAGLA,lightgreen
DAXX,lightgreen
DAZL,lightgreen
DBF4,lightgreen
DBP,lightgreen
DCAF11,lightgreen
DCAF5,lightgreen
DCAF6,lightgreen
DCPS,lightgreen
DCUN1D4,lightgreen
DDX28,lightgreen
DDX46,lightgreen
DEF8,lightgreen
DEFB136,lightgreen
DFFA,lightgreen
DHDH,lightgreen
DHRS4,lightgreen
DHX16,lightgreen
DLC1,lightgreen
DLGAP2,lightgreen
DLGAP3,lightgreen
DNAH3,lightgreen
DNAJA4,lightgreen
DNAJB13,lightgreen
DNAJC3,lightgreen
DNAJC6,lightgreen
DNMT3B,lightgreen
DNTT,lightgreen
DOC2A,lightgreen
DPYSL3,lightgreen
DYNC1I1,lightgreen
E2F8,lightgreen
E4F1,lightgreen
EBF3,lightgreen
EDNRB,lightgreen
EFCAB6,lightgreen
EGFR,lightgreen
EHMT1,lightgreen
EIF2AK4,lightgreen
EIF2C2,lightgreen
EIF3G,lightgreen
ELAC2,lightgreen
ELOVL3,lightgreen
EMID2,lightgreen
EML4,lightgreen
EMP3,lightgreen
ENOX1,lightgreen
ENSA,lightgreen
EP400,lightgreen
EPHA6,lightgreen
EPHA7,lightgreen
EPHB1,lightgreen
ERBB4,lightgreen
ERRFI1,lightgreen
ESD,lightgreen
ESPNL,lightgreen
ESRRG,lightgreen
ESYT2,lightgreen
EXPH5,lightgreen
F10,lightgreen
FABP5,lightgreen
FAM104A,lightgreen
FAM109A,lightgreen
FAM126A,lightgreen
FAM164A,lightgreen
FAM176B,lightgreen
FAM194A,lightgreen
FAM19A2,lightgreen
FAM53B,lightgreen
FAM64A,lightgreen
FANCA,lightgreen
FANCF,lightgreen
FAR1,lightgreen
FAT1,lightgreen
FBLN7,lightgreen
FBN1,lightgreen
FBRSL1,lightgreen
FBXL5,lightgreen
FEZ2,lightgreen
FEZF1,lightgreen
FGF9,lightgreen
FIGNL1,lightgreen
FLJ10038,lightgreen
FLJ16779,lightgreen
FLJ37543,lightgreen
FLJ43663,lightgreen
FLOT1,lightgreen
FLRT1,lightgreen
FLYWCH1,lightgreen
FOXE3,lightgreen
FOXP1,lightgreen
FREQ,lightgreen
FSTL4,lightgreen
FUT2,lightgreen
GABRA5,lightgreen
GABRB3,lightgreen
GADD45G,lightgreen
GAL3ST4,lightgreen
GALE,lightgreen
GALK2,lightgreen
GALNTL6,lightgreen
GAP43,lightgreen
GATA4,lightgreen
GATM,lightgreen
GFI1,lightgreen
GFOD1,lightgreen
GFRA1,lightgreen
GLI2,lightgreen
GLS,lightgreen
GLT25D1,lightgreen
GLT25D2,lightgreen
GLT8D2,lightgreen
GLUD1,lightgreen
GMCL1,lightgreen
GNAO1,lightgreen
GOT2,lightgreen
GPAA1,lightgreen
GPC6,lightgreen
GPR111,lightgreen
GPR116,lightgreen
GPR133,lightgreen
GPR153,lightgreen
GPR39,lightgreen
GPR98,lightgreen
GRASP,lightgreen
GRM1,lightgreen
GRM5,lightgreen
GTF2E1,lightgreen
GTF2H1,lightgreen
GUCY2E,lightgreen
H2AFY,lightgreen
HADHA,lightgreen
HAS2,lightgreen
HAS2AS,lightgreen
HAUS4,lightgreen
HBXIP,lightgreen
HCFC1R1,lightgreen
HDAC2,lightgreen
HDAC4,lightgreen
HDGFRP3,lightgreen
HDHD2,lightgreen
HEATR4,lightgreen
HELLS,lightgreen
HERC6,lightgreen
HES1,lightgreen
HGC6.3,lightgreen
HGF,lightgreen
HIBADH,lightgreen
HIST1H2BG,lightgreen
HIST1H3A,lightgreen
HIST1H3I,lightgreen
HIST2H2AB,lightgreen
HIST3H3,lightgreen
HLF,lightgreen
HMGCS1,lightgreen
HNRNPK,lightgreen
HNRNPUL1,lightgreen
HOXA9,lightgreen
HOXC10,lightgreen
HOXC9,lightgreen
HS1BP3,lightgreen
HS3ST2,lightgreen
HSD11B1,lightgreen
HSD17B11,lightgreen
HSPA1A,lightgreen
HSPB8,lightgreen
HSPG2,lightgreen
HTR2A,lightgreen
HYAL1,lightgreen
HYAL3,lightgreen
ICA1L,lightgreen
ID2,lightgreen
IFITM3,lightgreen
IGDCC3,lightgreen
IGF1R,lightgreen
IGSF8,lightgreen
IGSF9B,lightgreen
IKZF1,lightgreen
IKZF5,lightgreen
IMMP2L,lightgreen
INADL,lightgreen
INF2,lightgreen
INPP5A,lightgreen
INTS1,lightgreen
INTS10,lightgreen
INTS2,lightgreen
IQCE,lightgreen
IQCJ,lightgreen
ISOC2,lightgreen
ITPK1,lightgreen
ITPKB,lightgreen
ITPR2,lightgreen
JAG2,lightgreen
JPH3,lightgreen
JUN,lightgreen
KBTBD11,lightgreen
KBTBD3,lightgreen
KCNA1,lightgreen
KCNH8,lightgreen
KCNQ1DN,lightgreen
KCTD16,lightgreen
KDM4A,lightgreen
KIAA0146,lightgreen
KIAA0415,lightgreen
KIAA0586,lightgreen
KIAA1257,lightgreen
KIAA1383,lightgreen
KIAA1429,lightgreen
KIAA1467,lightgreen
KIAA1530,lightgreen
KIAA1609,lightgreen
KIAA1614,lightgreen
KIAA1688,lightgreen
KIAA1949,lightgreen
KIAA2018,lightgreen
KIF20B,lightgreen
KIF25,lightgreen
KIF26A,lightgreen
KIF26B,lightgreen
KIF27,lightgreen
KIF2B,lightgreen
KIF9,lightgreen
KIFC1,lightgreen
KLF12,lightgreen
KLF4,lightgreen
KLHL1,lightgreen
KLHL14,lightgreen
KLHL18,lightgreen
KLHL25,lightgreen
KLHL31,lightgreen
KLRAQ1,lightgreen
KNDC1,lightgreen
KRAS,lightgreen
KRT79,lightgreen
LAMB2,lightgreen
LATS2,lightgreen
LCE6A,lightgreen
LCLAT1,lightgreen
LDB2,lightgreen
LDLR,lightgreen
LIFR,lightgreen
LIN28,lightgreen
LIN52,lightgreen
LLPH,lightgreen
LMF1,lightgreen
LOC100126784,lightgreen
LOC100128164,lightgreen
LOC100128731,lightgreen
LOC100128977,lightgreen
LOC100133612,lightgreen
LOC100192378,lightgreen
LOC145814,lightgreen
LOC154449,lightgreen
LOC222699,lightgreen
LOC285550,lightgreen
LOC340094,lightgreen
LOC388588,lightgreen
LOC389033,lightgreen
LOC399959,lightgreen
LOC400657,lightgreen
LOC400696,lightgreen
LOC401431,lightgreen
LOC440839,lightgreen
LOC494141,lightgreen
LOH3CR2A,lightgreen
LPHN1,lightgreen
LPHN2,lightgreen
LPL,lightgreen
LRCH3,lightgreen
LRFN2,lightgreen
LRP1B,lightgreen
LRP2,lightgreen
LRRC27,lightgreen
LRRCC1,lightgreen
LRTM2,lightgreen
LSAMP,lightgreen
LTBP3,lightgreen
LTBP4,lightgreen
LYPD4,lightgreen
MACROD1,lightgreen
MAD1L1,lightgreen
MAEA,lightgreen
MAGI1,lightgreen
MAGI2,lightgreen
MAK16,lightgreen
MAML3,lightgreen
MAN1C1,lightgreen
MAP4,lightgreen
MAPK3,lightgreen
MARCH1,lightgreen
MAST4,lightgreen
MASTL,lightgreen
MBTD1,lightgreen
MC2R,lightgreen
MCL1,lightgreen
MCM9,lightgreen
MCTP1,lightgreen
MED10,lightgreen
MED20,lightgreen
MEOX2,lightgreen
MFHAS1,lightgreen
MFSD1,lightgreen
MGAT5B,lightgreen
MGC12982,lightgreen
MGRN1,lightgreen
MGST3,lightgreen
MICAL1,lightgreen
MICAL2,lightgreen
MIER1,lightgreen
MIR19A,lightgreen
MIR758,lightgreen
MKL1,lightgreen
MLL5,lightgreen
MLLT10,lightgreen
MLNR,lightgreen
MMD2,lightgreen
MON2,lightgreen
MORN3,lightgreen
MOSC1,lightgreen
MOV10L1,lightgreen
MPHOSPH6,lightgreen
MPV17L,lightgreen
MRPL15,lightgreen
MRPL17,lightgreen
MRPS14,lightgreen
MRPS15,lightgreen
MS4A6A,lightgreen
MSH2,lightgreen
MSH5,lightgreen
MSRB3,lightgreen
MT3,lightgreen
MTHFR,lightgreen
MTHFSD,lightgreen
MTL5,lightgreen
MTMR15,lightgreen
MTMR9,lightgreen
MTOR,lightgreen
MTUS1,lightgreen
MX2,lightgreen
MYCBPAP,lightgreen
MYO16,lightgreen
MYO19,lightgreen
MYOCD,lightgreen
MYST2,lightgreen
MYT1L,lightgreen
NAALAD2,lightgreen
NAGLU,lightgreen
NANOS2,lightgreen
NANS,lightgreen
NAPEPLD,lightgreen
NARS2,lightgreen
NAV2,lightgreen
NCOA2,lightgreen
NCOR2,lightgreen
NDUFA12,lightgreen
NDUFS3,lightgreen
NEAT1,lightgreen
NEK8,lightgreen
NFATC1,lightgreen
NFIA,lightgreen
NFIC,lightgreen
NFIL3,lightgreen
NINJ1,lightgreen
NKX2-8,lightgreen
NKX6-2,lightgreen
NLGN1,lightgreen
NLRP13,lightgreen
NOP10,lightgreen
NOTCH3,lightgreen
NOXO1,lightgreen
NPFFR2,lightgreen
NPR2,lightgreen
NR1I2,lightgreen
NR4A2,lightgreen
NRF1,lightgreen
NRL,lightgreen
NRN1,lightgreen
NSD1,lightgreen
NTN4,lightgreen
NTRK3,lightgreen
NUMBL,lightgreen
NUP214,lightgreen
NUSAP1,lightgreen
NXN,lightgreen
OCA2,lightgreen
ODZ2,lightgreen
ODZ4,lightgreen
ONECUT1,lightgreen
OPCML,lightgreen
OR13A1,lightgreen
OR14J1,lightgreen
OR2AG2,lightgreen
OR6K2,lightgreen
OXGR1,lightgreen
OXR1,lightgreen
PABPC3,lightgreen
PACS2,lightgreen
PACSIN1,lightgreen
PAIP2B,lightgreen
PANX2,lightgreen
PARD6B,lightgreen
PAX6,lightgreen
PAX7,lightgreen
PBX1,lightgreen
PBX4,lightgreen
PCBD2,lightgreen
PCDHA6,lightgreen
PCDHGA2,lightgreen
PCGF3,lightgreen
PCLO,lightgreen
PCSK1,lightgreen
PCSK6,lightgreen
PCSK9,lightgreen
PDE11A,lightgreen
PDE2A,lightgreen
PDGFD,lightgreen
PDHB,lightgreen
PDIA6,lightgreen
PDRG1,lightgreen
PDS5A,lightgreen
PEF1,lightgreen
PENK,lightgreen
PEX14,lightgreen
PF4,lightgreen
PFKFB3,lightgreen
PFN4,lightgreen
PGAM5,lightgreen
PGBD5,lightgreen
PGR,lightgreen
PGRMC2,lightgreen
PHC1,lightgreen
PHC2,lightgreen
PHF14,lightgreen
PHF17,lightgreen
PHF20,lightgreen
PHIP,lightgreen
PHLDA1,lightgreen
PHTF2,lightgreen
PI4K2A,lightgreen
PIGM,lightgreen
PIGW,lightgreen
PIGZ,lightgreen
PIM1,lightgreen
PISD,lightgreen
PIWIL1,lightgreen
PKIA,lightgreen
PKN2,lightgreen
PLA2G12A,lightgreen
PLEC1,lightgreen
PLK5P,lightgreen
PLSCR2,lightgreen
PMS1,lightgreen
PNKD,lightgreen
PODN,lightgreen
POLA2,lightgreen
POLG,lightgreen
POLR1C,lightgreen
POPDC3,lightgreen
POTEA,lightgreen
PPAP2C,lightgreen
PPFIBP1,lightgreen
PPIA,lightgreen
PPME1,lightgreen
PPP1R15B,lightgreen
PPP1R3E,lightgreen
PPRC1,lightgreen
PRB2,lightgreen
PRDM16,lightgreen
PRDM8,lightgreen
PRDX1,lightgreen
PRKCD,lightgreen
PRMT3,lightgreen
PRMT7,lightgreen
PRPF31,lightgreen
PRPF38B,lightgreen
PRPH,lightgreen
PRR15,lightgreen
PRR3,lightgreen
PRR5L,lightgreen
PRRT1,lightgreen
PSD4,lightgreen
PSMA7,lightgreen
PSMB5,lightgreen
PSMD5,lightgreen
PTGFR,lightgreen
PTGR2,lightgreen
PTPMT1,lightgreen
PTPRM,lightgreen
PTPRN2,lightgreen
PWP1,lightgreen
QDPR,lightgreen
RAB11FIP3,lightgreen
RAD21,lightgreen
RAGE,lightgreen
RAI1,lightgreen
RARB,lightgreen
RBM16,lightgreen
RBM26,lightgreen
RBM27,lightgreen
RBM44,lightgreen
RBMXL1,lightgreen
RBPMS2,lightgreen
RDM1,lightgreen
RELT,lightgreen
RFPL3,lightgreen
RFX3,lightgreen
RGL3,lightgreen
RGS2,lightgreen
RIF1,lightgreen
RIMS1,lightgreen
RNF103,lightgreen
RNF126,lightgreen
RNF126P1,lightgreen
RNF213,lightgreen
RNF216,lightgreen
RNF34,lightgreen
RNH1,lightgreen
RNLS,lightgreen
RNPS1,lightgreen
ROBO1,lightgreen
RPS6KA2,lightgreen
RREB1,lightgreen
RRP12,lightgreen
RTN3,lightgreen
RUFY1,lightgreen
RUFY2,lightgreen
RYK,lightgreen
S1PR1,lightgreen
SAP30,lightgreen
SASH1,lightgreen
SATB2,lightgreen
SCAMP1,lightgreen
SCAMP3,lightgreen
SCD,lightgreen
SDHA,lightgreen
SDR16C5,lightgreen
SEC11C,lightgreen
SEC16A,lightgreen
SEPT8,lightgreen
SESN3,lightgreen
SFRS11,lightgreen
SFRS12IP1,lightgreen
SH3GL3,lightgreen
SH3PXD2A,lightgreen
SHARPIN,lightgreen
SHFM1,lightgreen
SHISA7,lightgreen
SHMT1,lightgreen
SHROOM3,lightgreen
SIAE,lightgreen
SIAH2,lightgreen
SIX2,lightgreen
SKA1,lightgreen
SKIL,lightgreen
SLC10A7,lightgreen
SLC12A7,lightgreen
SLC17A7,lightgreen
SLC19A2,lightgreen
SLC25A42,lightgreen
SLC29A3,lightgreen
SLC2A3,lightgreen
SLC30A4,lightgreen
SLC36A4,lightgreen
SLC38A3,lightgreen
SLC39A14,lightgreen
SLC41A1,lightgreen
SLC45A3,lightgreen
SLC7A14,lightgreen
SLC7A2,lightgreen
SLC9A3,lightgreen
SMAP1,lightgreen
SMARCE1,lightgreen
SMOC2,lightgreen
SND1,lightgreen
SNED1,lightgreen
SNORA49,lightgreen
SNORD116-17,lightgreen
SNX1,lightgreen
SNX14,lightgreen
SNX18,lightgreen
SNX20,lightgreen
SNX22,lightgreen
SOCS1,lightgreen
SOCS2,lightgreen
SOCS5,lightgreen
SORCS2,lightgreen
SOX8,lightgreen
SPACA1,lightgreen
SPAG16,lightgreen
SPAG17,lightgreen
SPATA5,lightgreen
SPG20,lightgreen
SPNS2,lightgreen
SPOCK1,lightgreen
SPPL2B,lightgreen
SPRN,lightgreen
SRCIN1,lightgreen
SRCRB4D,lightgreen
SRM,lightgreen
SRP14,lightgreen
SRRM4,lightgreen
SSR1,lightgreen
SSSCA1,lightgreen
SSX2IP,lightgreen
ST3GAL4,lightgreen
ST6GALNAC3,lightgreen
ST6GALNAC5,lightgreen
ST7,lightgreen
STAB1,lightgreen
STAM,lightgreen
STAMBP,lightgreen
STARD9,lightgreen
STEAP2,lightgreen
STK32C,lightgreen
STRN,lightgreen
STXBP3,lightgreen
SUPT4H1,lightgreen
SV2C,lightgreen
SVIP,lightgreen
SYNGR1,lightgreen
SYT17,lightgreen
TAOK3,lightgreen
TAPBP,lightgreen
TBC1D19,lightgreen
TBC1D2B,lightgreen
TBCD,lightgreen
TBKBP1,lightgreen
TBL2,lightgreen
TBX1,lightgreen
TBX3,lightgreen
TCF7L1,lightgreen
TCTE3,lightgreen
TESK1,lightgreen
TESSP1,lightgreen
TEX101,lightgreen
TFAP4,lightgreen
TGFB3,lightgreen
THAP5,lightgreen
THSD4,lightgreen
TICAM1,lightgreen
TMEM126A,lightgreen
TMEM128,lightgreen
TMEM132E,lightgreen
TMEM217,lightgreen
TMEM22,lightgreen
TMEM41B,lightgreen
TMEM49,lightgreen
TMEM5,lightgreen
TMEM9B,lightgreen
TMPRSS13,lightgreen
TMTC3,lightgreen
TMX1,lightgreen
TNFRSF11B,lightgreen
TNRC18,lightgreen
TNS1,lightgreen
TNXB,lightgreen
TOLLIP,lightgreen
TOP2B,lightgreen
TOPBP1,lightgreen
TPD52L1,lightgreen
TPO,lightgreen
TPST1,lightgreen
TRADD,lightgreen
TRAF6,lightgreen
TRAM1L1,lightgreen
TRAPPC5,lightgreen
TRH,lightgreen
TRIM15,lightgreen
TRIM23,lightgreen
TRIM25,lightgreen
TRIM27,lightgreen
TRIM31,lightgreen
TRIM40,lightgreen
TRIP12,lightgreen
TRMT2A,lightgreen
TROVE2,lightgreen
TRPS1,lightgreen
TRPV1,lightgreen
TRRAP,lightgreen
TSC22D2,lightgreen
TSNARE1,lightgreen
TTBK1,lightgreen
TTC25,lightgreen
TTC31,lightgreen
TTC37,lightgreen
TTC39C,lightgreen
TTLL10,lightgreen
TTLL7,lightgreen
TTPA,lightgreen
TUBA3C,lightgreen
TUSC1,lightgreen
TWISTNB,lightgreen
TXLNB,lightgreen
UBAC2,lightgreen
UBC,lightgreen
UBE2CBP,lightgreen
UBE2D2,lightgreen
UBE2F,lightgreen
UBE2N,lightgreen
UBE2O,lightgreen
UBE2U,lightgreen
UBL5,lightgreen
UBR3,lightgreen
UBTD1,lightgreen
UBXN1,lightgreen
UBXN2A,lightgreen
UCKL1,lightgreen
UFC1,lightgreen
UGP2,lightgreen
ULBP2,lightgreen
UNC13B,lightgreen
UNC93B1,lightgreen
UPK1B,lightgreen
UQCR,lightgreen
USP4,lightgreen
UTP15,lightgreen
UTP20,lightgreen
VAMP5,lightgreen
VPS4B,lightgreen
VSX1,lightgreen
WBP2NL,lightgreen
WDR26,lightgreen
WDR48,lightgreen
WDR67,lightgreen
WIPI1,lightgreen
WNK2,lightgreen
WNT16,lightgreen
WNT5A,lightgreen
XPO5,lightgreen
XRCC5,lightgreen
YIPF2,lightgreen
YWHAG,lightgreen
YWHAZ,lightgreen
ZAR1,lightgreen
ZBTB12,lightgreen
ZBTB9,lightgreen
ZC3HC1,lightgreen
ZDHHC5,lightgreen
ZEB1,lightgreen
ZFHX3,lightgreen
ZFP91,lightgreen
ZFPM2,lightgreen
ZIC4,lightgreen
ZMYM6,lightgreen
ZNF135,lightgreen
ZNF215,lightgreen
ZNF253,lightgreen
ZNF354C,lightgreen
ZNF418,lightgreen
ZNF420,lightgreen
ZNF600,lightgreen
ZNF642,lightgreen
ZNF680,lightgreen
ZNF703,lightgreen
ZNF704,lightgreen
ZNF714,lightgreen
ZNF732,lightgreen
ZNF75A,lightgreen
ZNF804B,lightgreen
ZNF805,lightgreen
ZNF84,lightgreen
ZNRF1,lightgreen
ZZZ3,lightgreen
A2ML1,lightyellow
AATK,lightyellow
ABCA13,lightyellow
ABCA2,lightyellow
ABCC4,lightyellow
ABCC5,lightyellow
ABI3BP,lightyellow
ABL1,lightyellow
ABLIM2,lightyellow
ABLIM3,lightyellow
ABTB2,lightyellow
ACADS,lightyellow
ACCN1,lightyellow
ACHE,lightyellow
ACOX3,lightyellow
ACSF2,lightyellow
ACSF3,lightyellow
ACSL5,lightyellow
ACTG2,lightyellow
ACTN2,lightyellow
ACTR6,lightyellow
ACYP2,lightyellow
ADAD1,lightyellow
ADAD2,lightyellow
ADAM12,lightyellow
ADAM18,lightyellow
ADAMTS12,lightyellow
ADAMTS16,lightyellow
ADAMTS2,lightyellow
ADAMTSL3,lightyellow
ADAP1,lightyellow
ADARB2,lightyellow
ADCY2,lightyellow
ADH1C,lightyellow
ADK,lightyellow
ADORA2B,lightyellow
ADRA2C,lightyellow
AEN,lightyellow
AFAP1,lightyellow
AGAP1,lightyellow
AGAP3,lightyellow
AGER,lightyellow
AGRN,lightyellow
AHCYL2,lightyellow
AHRR,lightyellow
AHSG,lightyellow
AIFM2,lightyellow
AIG1,lightyellow
AIRE,lightyellow
AK2,lightyellow
AKAP13,lightyellow
AKAP9,lightyellow
AKR1B10,lightyellow
AKR1D1,lightyellow
AKR1E2,lightyellow
AKT1,lightyellow
ALK,lightyellow
ALKBH5,lightyellow
ALOX5,lightyellow
ALPI,lightyellow
AMBRA1,lightyellow
AMDHD1,lightyellow
AMN1,lightyellow
AMOTL2,lightyellow
AMPD3,lightyellow
ANK1,lightyellow
ANK3,lightyellow
ANKRD2,lightyellow
ANKRD27,lightyellow
ANKRD34C,lightyellow
ANKRD52,lightyellow
ANKRD56,lightyellow
ANKRD9,lightyellow
ANKS1A,lightyellow
ANO1,lightyellow
ANO6,lightyellow
ANXA5,lightyellow
ANXA6,lightyellow
AOAH,lightyellow
AP1G1,lightyellow
AP1M2,lightyellow
AP3M1,lightyellow
AP3S2,lightyellow
APBA2,lightyellow
APCS,lightyellow
APLP2,lightyellow
APOA5,lightyellow
APOLD1,lightyellow
AQP8,lightyellow
AQP9,lightyellow
ARFGAP3,lightyellow
ARG2,lightyellow
ARHGAP18,lightyellow
ARHGAP22,lightyellow
ARHGAP23,lightyellow
ARHGAP25,lightyellow
ARHGAP27,lightyellow
ARHGEF10,lightyellow
ARHGEF11,lightyellow
ARHGEF4,lightyellow
ARID5B,lightyellow
ARL15,lightyellow
ARPC4,lightyellow
ARPC5,lightyellow
ARRDC5,lightyellow
ART3,lightyellow
ART4,lightyellow
ARTN,lightyellow
ASAP1,lightyellow
ASB18,lightyellow
ASB4,lightyellow
ASB8,lightyellow
ASCL1,lightyellow
ASCL2,lightyellow
ASPG,lightyellow
ASRGL1,lightyellow
ASXL3,lightyellow
ASZ1,lightyellow
ATF6,lightyellow
ATOH1,lightyellow
ATP11A,lightyellow
ATP1B2,lightyellow
ATP2B2,lightyellow
ATP2C2,lightyellow
ATP6V1C1,lightyellow
ATP8B3,lightyellow
ATXN2,lightyellow
AUTS2,lightyellow
AVL9,lightyellow
AZGP1,lightyellow
B3GALT4,lightyellow
B3GNTL1,lightyellow
B4GALNT1,lightyellow
B4GALT7,lightyellow
BAHCC1,lightyellow
BAT2L2,lightyellow
BAT3,lightyellow
BAZ2A,lightyellow
BBX,lightyellow
BCAR4,lightyellow
BCAS3,lightyellow
BCL11A,lightyellow
BCL2L11,lightyellow
BEGAIN,lightyellow
BHLHE40,lightyellow
BIRC6,lightyellow
BLK,lightyellow
BMP6,lightyellow
BMPER,lightyellow
BNIP3,lightyellow
BRD3,lightyellow
BRDT,lightyellow
BRI3BP,lightyellow
BRMS1L,lightyellow
BSG,lightyellow
BTNL2,lightyellow
BUB3,lightyellow
C10ORF114,lightyellow
C10ORF119,lightyellow
C10ORF128,lightyellow
C10ORF2,lightyellow
C10ORF27,lightyellow
C10ORF28,lightyellow
C10ORF53,lightyellow
C10ORF72,lightyellow
C10ORF93,lightyellow
C11ORF24,lightyellow
C11ORF41,lightyellow
C11ORF51,lightyellow
C11ORF91,lightyellow
C12ORF12,lightyellow
C12ORF51,lightyellow
C13ORF16,lightyellow
C13ORF33,lightyellow
C13ORF38,lightyellow
C13ORF39,lightyellow
C14ORF115,lightyellow
C14ORF143,lightyellow
C14ORF148,lightyellow
C14ORF166B,lightyellow
C14ORF19,lightyellow
C14ORF73,lightyellow
C15ORF2,lightyellow
C15ORF26,lightyellow
C15ORF29,lightyellow
C15ORF38,lightyellow
C15ORF43,lightyellow
C15ORF60,lightyellow
C16ORF45,lightyellow
C16ORF59,lightyellow
C16ORF90,lightyellow
C16ORF91,lightyellow
C17ORF101,lightyellow
C17ORF47,lightyellow
C17ORF53,lightyellow
C17ORF57,lightyellow
C17ORF63,lightyellow
C17ORF85,lightyellow
C17ORF97,lightyellow
C18ORF1,lightyellow
C18ORF32,lightyellow
C19ORF43,lightyellow
C1ORF107,lightyellow
C1ORF116,lightyellow
C1ORF172,lightyellow
C1ORF173,lightyellow
C1ORF175,lightyellow
C1ORF187,lightyellow
C1ORF21,lightyellow
C1ORF226,lightyellow
C1ORF57,lightyellow
C1ORF70,lightyellow
C1QTNF7,lightyellow
C1QTNF8,lightyellow
C1QTNF9,lightyellow
C20ORF194,lightyellow
C20ORF27,lightyellow
C21ORF2,lightyellow
C21ORF57,lightyellow
C21ORF88,lightyellow
C2ORF84,lightyellow
C3ORF30,lightyellow
C3ORF55,lightyellow
C3P1,lightyellow
C4ORF31,lightyellow
C4ORF34,lightyellow
C4ORF35,lightyellow
C5ORF37,lightyellow
C5ORF38,lightyellow
C5ORF58,lightyellow
C6,lightyellow
C6ORF103,lightyellow
C6ORF203,lightyellow
C6ORF211,lightyellow
C6ORF25,lightyellow
C6ORF47,lightyellow
C6ORF94,lightyellow
C6ORF97,lightyellow
C7ORF20,lightyellow
C7ORF28A,lightyellow
C7ORF31,lightyellow
C7ORF50,lightyellow
C7ORF71,lightyellow
C8A,lightyellow
C8ORF34,lightyellow
C8ORF71,lightyellow
C8ORF74,lightyellow
C9ORF3,lightyellow
C9ORF91,lightyellow
C9ORF98,lightyellow
CA10,lightyellow
CA7,lightyellow
CABC1,lightyellow
CABP1,lightyellow
CABYR,lightyellow
CACHD1,lightyellow
CACNA1B,lightyellow
CACNA1C,lightyellow
CACNA1D,lightyellow
CACNA1G,lightyellow
CACNA1H,lightyellow
CACNA2D3,lightyellow
CACNA2D4,lightyellow
CACNG5,lightyellow
CALCB,lightyellow
CALHM1,lightyellow
CALHM2,lightyellow
CAMK2B,lightyellow
CAMK4,lightyellow
CAMKK1,lightyellow
CAMTA1,lightyellow
CAPN1,lightyellow
CAPN5,lightyellow
CAPRIN1,lightyellow
CARD11,lightyellow
CARD14,lightyellow
CARKD,lightyellow
CASC3,lightyellow
CASKIN1,lightyellow
CASQ2,lightyellow
CASR,lightyellow
CASZ1,lightyellow
CAV1,lightyellow
CBR4,lightyellow
CCDC109B,lightyellow
CCDC141,lightyellow
CCDC142,lightyellow
CCDC15,lightyellow
CCDC154,lightyellow
CCDC163P,lightyellow
CCDC24,lightyellow
CCDC41,lightyellow
CCDC43,lightyellow
CCDC57,lightyellow
CCDC64B,lightyellow
CCDC67,lightyellow
CCDC70,lightyellow
CCDC79,lightyellow
CCDC88B,lightyellow
CCDC93,lightyellow
CCDC96,lightyellow
CCKBR,lightyellow
CCL11,lightyellow
CCND1,lightyellow
CCND2,lightyellow
CCNJL,lightyellow
CCNY,lightyellow
CD164L2,lightyellow
CD247,lightyellow
CD3G,lightyellow
CD55,lightyellow
CD8B,lightyellow
CDC23,lightyellow
CDC34,lightyellow
CDC42BPA,lightyellow
CDH6,lightyellow
CDK12,lightyellow
CDK15,lightyellow
CDKAL1,lightyellow
CDYL,lightyellow
CDYL2,lightyellow
CEACAM7,lightyellow
CENPBD1,lightyellow
CES7,lightyellow
CFL2,lightyellow
CH25H,lightyellow
CHGA,lightyellow
CHIA,lightyellow
CHMP4C,lightyellow
CHMP6,lightyellow
CHRDL2,lightyellow
CHRM2,lightyellow
CHRM3,lightyellow
CHRNA5,lightyellow
CHRNB3,lightyellow
CHST1,lightyellow
CHST5,lightyellow
CIDEA,lightyellow
CISD1,lightyellow
CKAP4,lightyellow
CKAP5,lightyellow
CLCN7,lightyellow
CLDN25,lightyellow
CLDN4,lightyellow
CLDN5,lightyellow
CLDND1,lightyellow
CLEC16A,lightyellow
CLEC2L,lightyellow
CLEC4C,lightyellow
CLEC4M,lightyellow
CLIC5,lightyellow
CLIC6,lightyellow
CLIP2,lightyellow
CLSTN2,lightyellow
CLU,lightyellow
CMTM1,lightyellow
CMTM2,lightyellow
CMTM8,lightyellow
CNGA3,lightyellow
CNN3,lightyellow
CNNM2,lightyellow
CNOT1,lightyellow
CNPY4,lightyellow
CNTNAP2,lightyellow
COBL,lightyellow
COBRA1,lightyellow
COL11A2,lightyellow
COL19A1,lightyellow
COL23A1,lightyellow
COL4A2,lightyellow
COL4A3BP,lightyellow
COL5A1,lightyellow
COL6A6,lightyellow
CORO6,lightyellow
CPLX2,lightyellow
CPN1,lightyellow
CPNE6,lightyellow
CPT1A,lightyellow
CPXM2,lightyellow
CR1L,lightyellow
CRH,lightyellow
CRHBP,lightyellow
CRISP3,lightyellow
CRMP1,lightyellow
CRNN,lightyellow
CRTAC1,lightyellow
CRYGC,lightyellow
CRYL1,lightyellow
CSF1,lightyellow
CSF1R,lightyellow
CSMD1,lightyellow
CSNK1A1P,lightyellow
CSNK1D,lightyellow
CSNK1G3,lightyellow
CSNK2A2,lightyellow
CSNK2B,lightyellow
CTBP1,lightyellow
CTDSP2,lightyellow
CTNNA2,lightyellow
CTNND2,lightyellow
CTTN,lightyellow
CUBN,lightyellow
CUEDC1,lightyellow
CUGBP1,lightyellow
CUL2,lightyellow
CUL4A,lightyellow
CXCL1,lightyellow
CYB5A,lightyellow
CYP19A1,lightyellow
CYP24A1,lightyellow
CYP26C1,lightyellow
CYP2E1,lightyellow
CYP2U1,lightyellow
CYP51A1,lightyellow
CYSLTR2,lightyellow
D2HGDH,lightyellow
DAB1,lightyellow
DACT1,lightyellow
DAG1,lightyellow
DAPK3,lightyellow
DAZAP1,lightyellow
DCAF6,lightyellow
DCAKD,lightyellow
DCDC2,lightyellow
DDC,lightyellow
DDO,lightyellow
DDR2,lightyellow
DDX43,lightyellow
DDX46,lightyellow
DDX60L,lightyellow
DEF8,lightyellow
DEFA4,lightyellow
DEFA5,lightyellow
DENND3,lightyellow
DENND5B,lightyellow
DERL1,lightyellow
DFNA5,lightyellow
DFNB31,lightyellow
DGKD,lightyellow
DGKG,lightyellow
DGKZ,lightyellow
DHRS1,lightyellow
DHX58,lightyellow
DIAPH3,lightyellow
DIP2C,lightyellow
DIRAS1,lightyellow
DIRC3,lightyellow
DIS3L2,lightyellow
DKK2,lightyellow
DLC1,lightyellow
DLEC1,lightyellow
DLG4,lightyellow
DLG5,lightyellow
DLGAP2,lightyellow
DLGAP3,lightyellow
DLGAP5,lightyellow
DLL1,lightyellow
DLL4,lightyellow
DMP1,lightyellow
DNAH17,lightyellow
DNAH5,lightyellow
DNAJB1,lightyellow
DNAJB6,lightyellow
DNAJC21,lightyellow
DNAJC22,lightyellow
DNHD1,lightyellow
DNM3,lightyellow
DOCK2,lightyellow
DOCK7,lightyellow
DOCK9,lightyellow
DOK4,lightyellow
DOK6,lightyellow
DOK7,lightyellow
DPP4,lightyellow
DPP6,lightyellow
DPPA3,lightyellow
DPY19L3,lightyellow
DPYD,lightyellow
DR1,lightyellow
DSCR3,lightyellow
DSPP,lightyellow
DTHD1,lightyellow
DTNBP1,lightyellow
DTX4,lightyellow
DTYMK,lightyellow
DULLARD,lightyellow
DUOX1,lightyellow
DUOX2,lightyellow
DUPD1,lightyellow
DUSP12,lightyellow
DUSP27,lightyellow
DUSP5P,lightyellow
DVWA,lightyellow
DYX1C1,lightyellow
EBF3,lightyellow
ECHDC3,lightyellow
EDAR,lightyellow
EDF1,lightyellow
EDN1,lightyellow
EEF1DP3,lightyellow
EFCAB4B,lightyellow
EFEMP1,lightyellow
EFHB,lightyellow
EFNB2,lightyellow
EFR3B,lightyellow
EGF,lightyellow
EGFL8,lightyellow
EGFLAM,lightyellow
EGFR,lightyellow
EGR1,lightyellow
EGR3,lightyellow
EHD2,lightyellow
EHMT1,lightyellow
EHMT2,lightyellow
EIF1,lightyellow
EIF2AK1,lightyellow
EIF3A,lightyellow
EIF3I,lightyellow
EIF3M,lightyellow
EIF4A3,lightyellow
EIF4EBP2,lightyellow
EIF5,lightyellow
ELL,lightyellow
ELOVL2,lightyellow
EML4,lightyellow
EMP1,lightyellow
EMR1,lightyellow
EN1,lightyellow
ENKUR,lightyellow
ENPEP,lightyellow
ENTPD1,lightyellow
ENTPD4,lightyellow
EP400,lightyellow
EP400NL,lightyellow
EPAS1,lightyellow
EPB41L2,lightyellow
EPHA8,lightyellow
EPHB1,lightyellow
EPN1,lightyellow
EPN2,lightyellow
EPN3,lightyellow
EPS8L2,lightyellow
ERICH1,lightyellow
ERLIN2,lightyellow
ERMAP,lightyellow
ESPNL,lightyellow
ESRRG,lightyellow
ESYT2,lightyellow
ETFA,lightyellow
ETNK1,lightyellow
EVC2,lightyellow
EVX1,lightyellow
EVX2,lightyellow
EXOC1,lightyellow
EXOC2,lightyellow
EXOC3,lightyellow
EXOC4,lightyellow
EXOSC6,lightyellow
EXOSC8,lightyellow
EXT1,lightyellow
EZR,lightyellow
F11,lightyellow
FAHD1,lightyellow
FAM105B,lightyellow
FAM129B,lightyellow
FAM133B,lightyellow
FAM13C,lightyellow
FAM149A,lightyellow
FAM150A,lightyellow
FAM160B1,lightyellow
FAM160B2,lightyellow
FAM168A,lightyellow
FAM170A,lightyellow
FAM178B,lightyellow
FAM184A,lightyellow
FAM186A,lightyellow
FAM188B,lightyellow
FAM189A1,lightyellow
FAM198B,lightyellow
FAM20A,lightyellow
FAM46C,lightyellow
FAM53A,lightyellow
FAM53B,lightyellow
FAM5C,lightyellow
FAM65A,lightyellow
FAM71A,lightyellow
FAM82A1,lightyellow
FAM82A2,lightyellow
FAM92A3,lightyellow
FANCC,lightyellow
FARP1,lightyellow
FARS2,lightyellow
FAT1,lightyellow
FBN1,lightyellow
FBN2,lightyellow
FBRSL1,lightyellow
FBXL14,lightyellow
FBXL17,lightyellow
FBXL7,lightyellow
FBXO24,lightyellow
FBXO32,lightyellow
FBXO39,lightyellow
FBXO5,lightyellow
FCGBP,lightyellow
FCRLB,lightyellow
FDFT1,lightyellow
FEZF1,lightyellow
FEZF2,lightyellow
FGF12,lightyellow
FGF14,lightyellow
FGF18,lightyellow
FGF22,lightyellow
FGF23,lightyellow
FGF5,lightyellow
FGF6,lightyellow
FGF9,lightyellow
FGG,lightyellow
FGGY,lightyellow
FHOD3,lightyellow
FIZ1,lightyellow
FKBP5,lightyellow
FKRP,lightyellow
FLJ10213,lightyellow
FLJ32063,lightyellow
FLJ33360,lightyellow
FLJ35220,lightyellow
FLJ39653,lightyellow
FLJ43860,lightyellow
FLNC,lightyellow
FLT1,lightyellow
FMNL2,lightyellow
FMOD,lightyellow
FN3K,lightyellow
FNDC8,lightyellow
FOXI1,lightyellow
FOXK1,lightyellow
FOXK2,lightyellow
FOXL1,lightyellow
FOXP1,lightyellow
FREM2,lightyellow
FRMD4A,lightyellow
FRMD6,lightyellow
FRS3,lightyellow
FRZB,lightyellow
FSCN2,lightyellow
FSHR,lightyellow
FSTL4,lightyellow
FTMT,lightyellow
FUS,lightyellow
FZD6,lightyellow
G6PC2,lightyellow
GABBR2,lightyellow
GABRA4,lightyellow
GABRB1,lightyellow
GABRB3,lightyellow
GABRD,lightyellow
GABRG1,lightyellow
GABRG3,lightyellow
GAK,lightyellow
GAL3ST2,lightyellow
GAL3ST4,lightyellow
GALK2,lightyellow
GALNT10,lightyellow
GALNT7,lightyellow
GALNT9,lightyellow
GALR1,lightyellow
GAS2,lightyellow
GAS7,lightyellow
GATA3,lightyellow
GATA6,lightyellow
GDF6,lightyellow
GDF9,lightyellow
GDPD4,lightyellow
GFER,lightyellow
GFI1,lightyellow
GFOD1,lightyellow
GFPT2,lightyellow
GGA2,lightyellow
GGT1,lightyellow
GIMAP1,lightyellow
GIPC1,lightyellow
GJB3,lightyellow
GJB5,lightyellow
GJB6,lightyellow
GJC1,lightyellow
GLB1L3,lightyellow
GLI4,lightyellow
GLO1,lightyellow
GLTSCR1,lightyellow
GLUD1,lightyellow
GLYAT,lightyellow
GMDS,lightyellow
GML,lightyellow
GNB1,lightyellow
GNE,lightyellow
GNG12,lightyellow
GNG7,lightyellow
GOLGA3,lightyellow
GP6,lightyellow
GPA33,lightyellow
GPC6,lightyellow
GPR109A,lightyellow
GPR123,lightyellow
GPR124,lightyellow
GPR132,lightyellow
GPR133,lightyellow
GPR15,lightyellow
GPR160,lightyellow
GPR44,lightyellow
GPR68,lightyellow
GPR77,lightyellow
GPR83,lightyellow
GPRC5C,lightyellow
GPX5,lightyellow
GPX6,lightyellow
GRAMD2,lightyellow
GRAMD3,lightyellow
GRASP,lightyellow
GRB10,lightyellow
GRB2,lightyellow
GREB1,lightyellow
GREM2,lightyellow
GRHL2,lightyellow
GRID2,lightyellow
GRIK3,lightyellow
GRIK4,lightyellow
GRIK5,lightyellow
GRIN2A,lightyellow
GRIN3B,lightyellow
GRM8,lightyellow
GRTP1,lightyellow
GRXCR1,lightyellow
GSX1,lightyellow
GTF2A1L,lightyellow
GTF2H3,lightyellow
GTPBP4,lightyellow
H1FNT,lightyellow
H2AFY,lightyellow
H2AFY2,lightyellow
HBB,lightyellow
HCCA2,lightyellow
HCG27,lightyellow
HCLS1,lightyellow
HCN3,lightyellow
HDAC4,lightyellow
HDC,lightyellow
HDGF,lightyellow
HDLBP,lightyellow
HEATR2,lightyellow
HEATR5A,lightyellow
HEATR7A,lightyellow
HEBP2,lightyellow
HERC1,lightyellow
HGS,lightyellow
HIC1,lightyellow
HIPK3,lightyellow
HIST1H1T,lightyellow
HIST1H2AB,lightyellow
HIST1H4B,lightyellow
HIVEP3,lightyellow
HLA-B,lightyellow
HLA-DMB,lightyellow
HLA-DOB,lightyellow
HLA-DPB1,lightyellow
HLA-DPB2,lightyellow
HLA-DQA2,lightyellow
HLA-DRA,lightyellow
HLA-DRB1,lightyellow
HLF,lightyellow
HMGA2,lightyellow
HMGCL,lightyellow
HMHA1,lightyellow
HMHB1,lightyellow
HNRNPH3,lightyellow
HOMEZ,lightyellow
HOPX,lightyellow
HOXA4,lightyellow
HOXA9,lightyellow
HOXB3,lightyellow
HOXB4,lightyellow
HOXC4,lightyellow
HPCA,lightyellow
HPCAL1,lightyellow
HPS1,lightyellow
HS3ST1,lightyellow
HS3ST3B1,lightyellow
HS3ST4,lightyellow
HS6ST3,lightyellow
HSD17B8,lightyellow
HSF5,lightyellow
HSPA1A,lightyellow
HSPA1B,lightyellow
HSPA1L,lightyellow
HSPA7,lightyellow
HTR1E,lightyellow
HTR2A,lightyellow
HTR3B,lightyellow
HUS1B,lightyellow
HYDIN,lightyellow
ICAM3,lightyellow
ICK,lightyellow
ID2B,lightyellow
IER2,lightyellow
IER5L,lightyellow
IFIT3,lightyellow
IFLTD1,lightyellow
IFT140,lightyellow
IFT57,lightyellow
IGSF22,lightyellow
IGSF3,lightyellow
IHH,lightyellow
IKZF1,lightyellow
IL13,lightyellow
IL15,lightyellow
IL17RC,lightyellow
IL17RD,lightyellow
IL18R1,lightyellow
IL19,lightyellow
IL1F10,lightyellow
IL1F8,lightyellow
IL20,lightyellow
IL22,lightyellow
IL28RA,lightyellow
IL4,lightyellow
IL5RA,lightyellow
ILDR1,lightyellow
IMMP1L,lightyellow
IMPDH2,lightyellow
INCENP,lightyellow
INF2,lightyellow
ING5,lightyellow
INO80C,lightyellow
INPP4A,lightyellow
INPP5A,lightyellow
INPP5B,lightyellow
INPP5F,lightyellow
INPP5K,lightyellow
INS-IGF2,lightyellow
INSC,lightyellow
INSL6,lightyellow
INTS1,lightyellow
INTS6,lightyellow
IPMK,lightyellow
IPO9,lightyellow
IPP,lightyellow
IQCE,lightyellow
IQCF6,lightyellow
IQCG,lightyellow
IRF2,lightyellow
IRF5,lightyellow
IRX4,lightyellow
ITGA1,lightyellow
ITGA6,lightyellow
ITGAE,lightyellow
ITGAM,lightyellow
ITGB5,lightyellow
ITPKB,lightyellow
IVL,lightyellow
JAKMIP3,lightyellow
JAM3,lightyellow
JARID2,lightyellow
JPH3,lightyellow
JPH4,lightyellow
KANK4,lightyellow
KBTBD11,lightyellow
KBTBD3,lightyellow
KC6,lightyellow
KCNA4,lightyellow
KCND3,lightyellow
KCNG2,lightyellow
KCNH1,lightyellow
KCNH2,lightyellow
KCNH4,lightyellow
KCNIP1,lightyellow
KCNIP4,lightyellow
KCNJ1,lightyellow
KCNJ14,lightyellow
KCNJ16,lightyellow
KCNJ2,lightyellow
KCNK15,lightyellow
KCNN3,lightyellow
KCNQ1,lightyellow
KCNQ2,lightyellow
KCNQ5,lightyellow
KCNS2,lightyellow
KCTD9,lightyellow
KDM4A,lightyellow
KHDC1L,lightyellow
KIAA0040,lightyellow
KIAA0101,lightyellow
KIAA0146,lightyellow
KIAA0226,lightyellow
KIAA0415,lightyellow
KIAA0430,lightyellow
KIAA0556,lightyellow
KIAA1199,lightyellow
KIAA1211,lightyellow
KIAA1217,lightyellow
KIAA1324L,lightyellow
KIAA1383,lightyellow
KIAA1432,lightyellow
KIAA1486,lightyellow
KIAA1549,lightyellow
KIAA1712,lightyellow
KIAA1715,lightyellow
KIAA1751,lightyellow
KIAA1875,lightyellow
KIF26A,lightyellow
KIF26B,lightyellow
KIF5B,lightyellow
KIF5C,lightyellow
KIR3DL1,lightyellow
KIRREL3,lightyellow
KLF12,lightyellow
KLF17,lightyellow
KLHDC4,lightyellow
KLHDC7A,lightyellow
KLHL1,lightyellow
KLHL25,lightyellow
KLHL6,lightyellow
KLK11,lightyellow
KLK8,lightyellow
KNDC1,lightyellow
KPNA1,lightyellow
KRIT1,lightyellow
KRT1,lightyellow
KRT15,lightyellow
KRT20,lightyellow
KRT3,lightyellow
KRT33A,lightyellow
KRT38,lightyellow
KRT7,lightyellow
KRT72,lightyellow
KRT75,lightyellow
KRT82,lightyellow
KRT86,lightyellow
KY,lightyellow
KYNU,lightyellow
L3MBTL3,lightyellow
LAMB4,lightyellow
LAMC1,lightyellow
LANCL2,lightyellow
LASP1,lightyellow
LATS2,lightyellow
LBXCOR1,lightyellow
LCE1A,lightyellow
LCE1B,lightyellow
LCE3A,lightyellow
LCE6A,lightyellow
LCLAT1,lightyellow
LCP1,lightyellow
LETM2,lightyellow
LGI1,lightyellow
LHFPL5,lightyellow
LHPP,lightyellow
LHX4,lightyellow
LHX8,lightyellow
LILRA5,lightyellow
LILRB5,lightyellow
LIMCH1,lightyellow
LIMD1,lightyellow
LIN7B,lightyellow
LIN7C,lightyellow
LINGO3,lightyellow
LMF1,lightyellow
LMO7,lightyellow
LMOD2,lightyellow
LMTK3,lightyellow
LOC100128675,lightyellow
LOC100129716,lightyellow
LOC100130017,lightyellow
LOC100130581,lightyellow
LOC100130872-SPON2,lightyellow
LOC100133545,lightyellow
LOC100133893,lightyellow
LOC100192378,lightyellow
LOC100287718,lightyellow
LOC100289511,lightyellow
LOC134466,lightyellow
LOC145814,lightyellow
LOC145837,lightyellow
LOC152225,lightyellow
LOC153328,lightyellow
LOC154449,lightyellow
LOC283867,lightyellow
LOC285830,lightyellow
LOC341056,lightyellow
LOC344595,lightyellow
LOC440839,lightyellow
LOC441897,lightyellow
LOC494141,lightyellow
LOC619207,lightyellow
LOC645638,lightyellow
LOC646498,lightyellow
LOC650368,lightyellow
LOC728661,lightyellow
LOC728743,lightyellow
LOC729176,lightyellow
LOC729678,lightyellow
LOC729991-MEF2B,lightyellow
LOC731789,lightyellow
LOC732275,lightyellow
LOC84856,lightyellow
LOXHD1,lightyellow
LPAR3,lightyellow
LPCAT1,lightyellow
LPHN1,lightyellow
LPHN2,lightyellow
LPL,lightyellow
LPXN,lightyellow
LRCH1,lightyellow
LRCH3,lightyellow
LRGUK,lightyellow
LRIT1,lightyellow
LRP1,lightyellow
LRP5,lightyellow
LRPAP1,lightyellow
LRRC16A,lightyellow
LRRC2,lightyellow
LRRC23,lightyellow
LRRC28,lightyellow
LRRC47,lightyellow
LRRC4B,lightyellow
LRRC55,lightyellow
LRRC67,lightyellow
LRRC69,lightyellow
LRRC8B,lightyellow
LRRC8C,lightyellow
LRRK1,lightyellow
LRRN4,lightyellow
LSAMP,lightyellow
LSP1,lightyellow
LTBP1,lightyellow
LUC7L2,lightyellow
LUZP2,lightyellow
LY6D,lightyellow
LY6G5C,lightyellow
LY75,lightyellow
LY86,lightyellow
LYG1,lightyellow
LYN,lightyellow
LYRM4,lightyellow
LYST,lightyellow
LZTFL1,lightyellow
LZTS1,lightyellow
MAB21L2,lightyellow
MACF1,lightyellow
MAD1L1,lightyellow
MAEA,lightyellow
MAFG,lightyellow
MAML3,lightyellow
MAN1C1,lightyellow
MAP1D,lightyellow
MAP3K11,lightyellow
MAP3K9,lightyellow
MAPK10,lightyellow
MAPK4,lightyellow
MAPKBP1,lightyellow
MAPRE3,lightyellow
MARVELD2,lightyellow
MAS1L,lightyellow
MAST3,lightyellow
MAST4,lightyellow
MATN1,lightyellow
MBD2,lightyellow
MBOAT7,lightyellow
MBP,lightyellow
MC2R,lightyellow
MC5R,lightyellow
MCCC1,lightyellow
MCF2L,lightyellow
MCM2,lightyellow
MCOLN2,lightyellow
MCPH1,lightyellow
MCTP2,lightyellow
MDGA1,lightyellow
MDS2,lightyellow
MECOM,lightyellow
MEIS1,lightyellow
MEMO1,lightyellow
MEP1A,lightyellow
METRNL,lightyellow
MFSD6L,lightyellow
MGAT3,lightyellow
MGC45800,lightyellow
MGLL,lightyellow
MGMT,lightyellow
MIR1276,lightyellow
MIR1289-2,lightyellow
MIR134,lightyellow
MIR183,lightyellow
MIR1909,lightyellow
MIR34B,lightyellow
MIR365-2,lightyellow
MIR372,lightyellow
MIR432,lightyellow
MIR516A1,lightyellow
MIR518A2,lightyellow
MIR520F,lightyellow
MIR520G,lightyellow
MIR548A2,lightyellow
MIR548F5,lightyellow
MIR548H3,lightyellow
MIR938,lightyellow
MIR943,lightyellow
MKL2,lightyellow
MLKL,lightyellow
MLL2,lightyellow
MLL3,lightyellow
MLLT1,lightyellow
MMP1,lightyellow
MMP13,lightyellow
MMP17,lightyellow
MOBP,lightyellow
MORF4L1,lightyellow
MORN1,lightyellow
MORN2,lightyellow
MOXD1,lightyellow
MPDU1,lightyellow
MPZL1,lightyellow
MRGPRX3,lightyellow
MRPL14,lightyellow
MRPL55,lightyellow
MS4A12,lightyellow
MTF1,lightyellow
MTG1,lightyellow
MTHFD1L,lightyellow
MTMR11,lightyellow
MTMR14,lightyellow
MTNR1A,lightyellow
MTOR,lightyellow
MTR,lightyellow
MTSS1,lightyellow
MTUS1,lightyellow
MTUS2,lightyellow
MTX2,lightyellow
MTX3,lightyellow
MUC13,lightyellow
MUC16,lightyellow
MUC2,lightyellow
MUC21,lightyellow
MUL1,lightyellow
MVP,lightyellow
MYEOV2,lightyellow
MYH14,lightyellow
MYL5,lightyellow
MYO15A,lightyellow
MYO16,lightyellow
MYO5A,lightyellow
MYO5C,lightyellow
MYO7A,lightyellow
MYOM2,lightyellow
MYOM3,lightyellow
MYT1L,lightyellow
N4BP3,lightyellow
NAALADL2,lightyellow
NADK,lightyellow
NAF1,lightyellow
NAGPA,lightyellow
NAPEPLD,lightyellow
NAT1,lightyellow
NAV2,lightyellow
NBPF3,lightyellow
NCAPG2,lightyellow
NCOR2,lightyellow
NCRNA00116,lightyellow
NCRNA00171,lightyellow
NDST3,lightyellow
NDUFA10,lightyellow
NDUFA11,lightyellow
NDUFS2,lightyellow
NDUFS4,lightyellow
NEB,lightyellow
NEDD4,lightyellow
NEFM,lightyellow
NEK7,lightyellow
NEURL4,lightyellow
NFATC4,lightyellow
NFE2L1,lightyellow
NFIC,lightyellow
NFU1,lightyellow
NFXL1,lightyellow
NFYA,lightyellow
NGEF,lightyellow
NGF,lightyellow
NGFR,lightyellow
NIN,lightyellow
NIP7,lightyellow
NIPA1,lightyellow
NIPAL3,lightyellow
NKX1-2,lightyellow
NKX2-3,lightyellow
NLRP7,lightyellow
NMNAT3,lightyellow
NMUR1,lightyellow
NOD2,lightyellow
NOM1,lightyellow
NOS1,lightyellow
NOS1AP,lightyellow
NOTCH4,lightyellow
NOX4,lightyellow
NPAS2,lightyellow
NPAS4,lightyellow
NPDC1,lightyellow
NPHP1,lightyellow
NPHP4,lightyellow
NPPA,lightyellow
NPY1R,lightyellow
NQO1,lightyellow
NR2F2,lightyellow
NR3C2,lightyellow
NRG1,lightyellow
NRG3,lightyellow
NRGN,lightyellow
NRP2,lightyellow
NRXN2,lightyellow
NRXN3,lightyellow
NSD1,lightyellow
NSUN7,lightyellow
NT5C1B,lightyellow
NTF3,lightyellow
NTM,lightyellow
NUBPL,lightyellow
NUDT12,lightyellow
NUDT15,lightyellow
OASL,lightyellow
OAZ3,lightyellow
OBSCN,lightyellow
ODZ2,lightyellow
ODZ3,lightyellow
ODZ4,lightyellow
OIT3,lightyellow
OLAH,lightyellow
ONECUT1,lightyellow
OPCML,lightyellow
OR10J3,lightyellow
OR10V1,lightyellow
OR10W1,lightyellow
OR10X1,lightyellow
OR11A1,lightyellow
OR12D3,lightyellow
OR13D1,lightyellow
OR14J1,lightyellow
OR1F2P,lightyellow
OR1L3,lightyellow
OR1M1,lightyellow
OR1Q1,lightyellow
OR2A12,lightyellow
OR2B3,lightyellow
OR2H1,lightyellow
OR2Y1,lightyellow
OR3A3,lightyellow
OR3A4,lightyellow
OR51B2,lightyellow
OR51B6,lightyellow
OR51E1,lightyellow
OR51E2,lightyellow
OR51I1,lightyellow
OR51S1,lightyellow
OR52B2,lightyellow
OR52B6,lightyellow
OR52N1,lightyellow
OR52R1,lightyellow
OR56A4,lightyellow
OR5A1,lightyellow
OR5P3,lightyellow
OR5V1,lightyellow
OR6K6,lightyellow
OR6S1,lightyellow
OR7C2,lightyellow
OR7D2,lightyellow
OR8D1,lightyellow
OR9G4,lightyellow
OR9Q2,lightyellow
ORC3L,lightyellow
ORMDL3,lightyellow
OSBPL1A,lightyellow
OSBPL3,lightyellow
OSBPL7,lightyellow
OTOA,lightyellow
OTOL1,lightyellow
OTX2OS1,lightyellow
OVCH1,lightyellow
OXSR1,lightyellow
P2RX4,lightyellow
PACRG,lightyellow
PAFAH2,lightyellow
PAH,lightyellow
PANK4,lightyellow
PANX2,lightyellow
PAPLN,lightyellow
PAPOLB,lightyellow
PAPPA,lightyellow
PAQR7,lightyellow
PARK2,lightyellow
PATE2,lightyellow
PAX1,lightyellow
PBX1,lightyellow
PC,lightyellow
PCCA,lightyellow
PCDHA6,lightyellow
PCDHGA2,lightyellow
PCGF3,lightyellow
PCP4L1,lightyellow
PCSK6,lightyellow
PCTP,lightyellow
PDCD5,lightyellow
PDCL2,lightyellow
PDE1B,lightyellow
PDE4D,lightyellow
PDE6B,lightyellow
PDE6H,lightyellow
PDE7A,lightyellow
PDGFRL,lightyellow
PDHA2,lightyellow
PDK4,lightyellow
PDZK1,lightyellow
PDZRN4,lightyellow
PEBP4,lightyellow
PEG10,lightyellow
PEG3,lightyellow
PEMT,lightyellow
PER3,lightyellow
PEX11G,lightyellow
PFDN6,lightyellow
PFKFB3,lightyellow
PFKP,lightyellow
PGGT1B,lightyellow
PGM1,lightyellow
PGR,lightyellow
PHACTR1,lightyellow
PHF7,lightyellow
PHRF1,lightyellow
PIAS1,lightyellow
PIGG,lightyellow
PIGL,lightyellow
PIGQ,lightyellow
PIK3R2,lightyellow
PIP4K2A,lightyellow
PITPNC1,lightyellow
PITPNM3,lightyellow
PITX2,lightyellow
PKD1L1,lightyellow
PLA2G10,lightyellow
PLA2G7,lightyellow
PLCE1,lightyellow
PLCXD2,lightyellow
PLD3,lightyellow
PLD6,lightyellow
PLEC1,lightyellow
PLEKHM2,lightyellow
PLLP,lightyellow
PLS1,lightyellow
PLXND1,lightyellow
PMFBP1,lightyellow
PNLDC1,lightyellow
PNLIPRP2,lightyellow
PNPLA6,lightyellow
PNPLA7,lightyellow
POLD3,lightyellow
POLR3A,lightyellow
POLR3E,lightyellow
POLRMT,lightyellow
POP1,lightyellow
POU4F1,lightyellow
PPCS,lightyellow
PPIL6,lightyellow
PPM1H,lightyellow
PPM1L,lightyellow
PPP1R3C,lightyellow
PPP1R8,lightyellow
PPP2R2B,lightyellow
PPP2R2C,lightyellow
PRDM16,lightyellow
PRDM7,lightyellow
PRDM8,lightyellow
PREPL,lightyellow
PRHOXNB,lightyellow
PRIC285,lightyellow
PRKACB,lightyellow
PRKAG2,lightyellow
PRKAR1B,lightyellow
PRKAR2B,lightyellow
PRKCA,lightyellow
PRKD2,lightyellow
PRKG1,lightyellow
PROC,lightyellow
PROM1,lightyellow
PROSC,lightyellow
PRPH2,lightyellow
PRR21,lightyellow
PRR3,lightyellow
PRRG4,lightyellow
PRSS16,lightyellow
PRSS22,lightyellow
PRSS35,lightyellow
PRTFDC1,lightyellow
PSD3,lightyellow
PSMB4,lightyellow
PSMB6,lightyellow
PSMC1,lightyellow
PSMD5,lightyellow
PSPN,lightyellow
PTGFRN,lightyellow
PTH,lightyellow
PTK2,lightyellow
PTPN12,lightyellow
PTPRB,lightyellow
PTPRN2,lightyellow
PTPRZ1,lightyellow
PTRH2,lightyellow
PTTG1,lightyellow
PTTG1IP,lightyellow
PUS10,lightyellow
PUS3,lightyellow
PUS7,lightyellow
PVRL1,lightyellow
PVT1,lightyellow
PWWP2B,lightyellow
PXDNL,lightyellow
PXN,lightyellow
PYROXD2,lightyellow
QSOX2,lightyellow
RAB10,lightyellow
RAB11B,lightyellow
RAB11FIP3,lightyellow
RAB35,lightyellow
RAB3GAP1,lightyellow
RAB40B,lightyellow
RAB40C,lightyellow
RAB4B,lightyellow
RAB5B,lightyellow
RABIF,lightyellow
RACGAP1,lightyellow
RALGPS1,lightyellow
RAP1GAP,lightyellow
RAPGEF4,lightyellow
RASA3,lightyellow
RASGEF1C,lightyellow
RASGRF1,lightyellow
RASGRF2,lightyellow
RASSF4,lightyellow
RBM12B,lightyellow
RBM42,lightyellow
RBM44,lightyellow
RBM47,lightyellow
RBMS3,lightyellow
RDH10,lightyellow
REG3G,lightyellow
RELT,lightyellow
RESP18,lightyellow
RET,lightyellow
REXO1,lightyellow
REXO1L2P,lightyellow
RFC2,lightyellow
RFX5,lightyellow
RFXANK,lightyellow
RGNEF,lightyellow
RGS12,lightyellow
RGS20,lightyellow
RGSL1,lightyellow
RHBDD1,lightyellow
RHOF,lightyellow
RIMBP2,lightyellow
RIMS3,lightyellow
RING1,lightyellow
RLBP1,lightyellow
RMND1,lightyellow
RNASE12,lightyellow
RNF152,lightyellow
RNF175,lightyellow
RNF180,lightyellow
RNF213,lightyellow
RNF32,lightyellow
RNF5P1,lightyellow
RNH1,lightyellow
ROR2,lightyellow
RORA,lightyellow
RORB,lightyellow
RP1,lightyellow
RPA1,lightyellow
RPH3AL,lightyellow
RPL13,lightyellow
RPL28,lightyellow
RPL29P2,lightyellow
RPL37,lightyellow
RPL38,lightyellow
RPP14,lightyellow
RPRD2,lightyellow
RPRM,lightyellow
RPS24,lightyellow
RPS6KA2,lightyellow
RPSA,lightyellow
RPTOR,lightyellow
RRAS,lightyellow
RRM2B,lightyellow
RRP15,lightyellow
RSC1A1,lightyellow
RTN4RL1,lightyellow
RUFY1,lightyellow
RUNX3,lightyellow
RYR1,lightyellow
RYR2,lightyellow
RYR3,lightyellow
S100A9,lightyellow
SALL1,lightyellow
SAMD4A,lightyellow
SAMD4B,lightyellow
SARDH,lightyellow
SARNP,lightyellow
SCAP,lightyellow
SCARA5,lightyellow
SCG3,lightyellow
SCG5,lightyellow
SCN9A,lightyellow
SCNN1G,lightyellow
SCT,lightyellow
SDCCAG1,lightyellow
SDCCAG8,lightyellow
SDK1,lightyellow
SDR16C5,lightyellow
SDR42E1,lightyellow
SEC1,lightyellow
SEC13,lightyellow
SEC16A,lightyellow
SEC31B,lightyellow
SEC61A1,lightyellow
SECTM1,lightyellow
SELP,lightyellow
SELS,lightyellow
SELV,lightyellow
SEMA3C,lightyellow
SEMA6A,lightyellow
SENP1,lightyellow
SEPHS2,lightyellow
SEPT13,lightyellow
SERPINA5,lightyellow
SERPINA6,lightyellow
SERPINB5,lightyellow
SERPINB7,lightyellow
SERPINE1,lightyellow
SERPING1,lightyellow
SETBP1,lightyellow
SETD2,lightyellow
SETD8,lightyellow
SETMAR,lightyellow
SFRP2,lightyellow
SFRP4,lightyellow
SFRS6,lightyellow
SFRS8,lightyellow
SFXN1,lightyellow
SFXN4,lightyellow
SFXN5,lightyellow
SGSM2,lightyellow
SH2D3C,lightyellow
SH2D5,lightyellow
SH3BP2,lightyellow
SH3GL2,lightyellow
SH3PXD2A,lightyellow
SH3PXD2B,lightyellow
SHANK1,lightyellow
SHC2,lightyellow
SHE,lightyellow
SHF,lightyellow
SIGLEC10,lightyellow
SIGLEC9,lightyellow
SIM2,lightyellow
SIPA1L2,lightyellow
SIRT1,lightyellow
SIX3,lightyellow
SKI,lightyellow
SLC10A1,lightyellow
SLC12A7,lightyellow
SLC15A5,lightyellow
SLC17A1,lightyellow
SLC17A3,lightyellow
SLC22A2,lightyellow
SLC24A2,lightyellow
SLC25A10,lightyellow
SLC25A24,lightyellow
SLC25A26,lightyellow
SLC25A37,lightyellow
SLC26A11,lightyellow
SLC26A2,lightyellow
SLC26A5,lightyellow
SLC27A1,lightyellow
SLC29A2,lightyellow
SLC29A3,lightyellow
SLC2A13,lightyellow
SLC2A5,lightyellow
SLC2A9,lightyellow
SLC34A2,lightyellow
SLC35B3,lightyellow
SLC35F3,lightyellow
SLC36A3,lightyellow
SLC37A2,lightyellow
SLC38A10,lightyellow
SLC39A10,lightyellow
SLC39A11,lightyellow
SLC46A2,lightyellow
SLC4A10,lightyellow
SLC5A10,lightyellow
SLC5A11,lightyellow
SLC5A7,lightyellow
SLC5A9,lightyellow
SLC6A1,lightyellow
SLC6A12,lightyellow
SLC6A20,lightyellow
SLC6A3,lightyellow
SLC7A1,lightyellow
SLC8A2,lightyellow
SLC9A1,lightyellow
SLC9A10,lightyellow
SLC9A3,lightyellow
SLC9A9,lightyellow
SLCO3A1,lightyellow
SLCO5A1,lightyellow
SLFN12L,lightyellow
SLIT3,lightyellow
SLTM,lightyellow
SMAD9,lightyellow
SMARCA2,lightyellow
SMARCD3,lightyellow
SMOC2,lightyellow
SMPDL3A,lightyellow
SNCA,lightyellow
SNCG,lightyellow
SND1,lightyellow
SNIP1,lightyellow
SNORA47,lightyellow
SNORD115-21,lightyellow
SNORD115-7,lightyellow
SNORD46,lightyellow
SNRNP200,lightyellow
SNTB1,lightyellow
SNTG2,lightyellow
SNX19,lightyellow
SNX26,lightyellow
SNX29,lightyellow
SNX31,lightyellow
SOHLH2,lightyellow
SORBS1,lightyellow
SORBS2,lightyellow
SORCS2,lightyellow
SORD,lightyellow
SOS1,lightyellow
SOS2,lightyellow
SOX2OT,lightyellow
SOX5,lightyellow
SOX8,lightyellow
SPAG1,lightyellow
SPATA13,lightyellow
SPATA17,lightyellow
SPHKAP,lightyellow
SPOCK3,lightyellow
SPRED2,lightyellow
SPRR2C,lightyellow
SR140,lightyellow
SRD5A3,lightyellow
SRGAP3,lightyellow
SSBP3,lightyellow
SSH1,lightyellow
SSPN,lightyellow
SSPO,lightyellow
SSRP1,lightyellow
SST,lightyellow
ST14,lightyellow
ST6GALNAC5,lightyellow
ST8SIA3,lightyellow
ST8SIA5,lightyellow
STAC,lightyellow
STARD5,lightyellow
STAT1,lightyellow
STK24,lightyellow
STK3,lightyellow
STK32A,lightyellow
STOX2,lightyellow
STRA8,lightyellow
STX11,lightyellow
STX2,lightyellow
STX7,lightyellow
SUFU,lightyellow
SUPT5H,lightyellow
SUSD3,lightyellow
SVOPL,lightyellow
SYCP1,lightyellow
SYCP3,lightyellow
SYK,lightyellow
SYNE1,lightyellow
SYNRG,lightyellow
SYT6,lightyellow
SYTL2,lightyellow
T,lightyellow
TAAR2,lightyellow
TACR3,lightyellow
TADA2A,lightyellow
TAF10,lightyellow
TAF1C,lightyellow
TAF5L,lightyellow
TAF7,lightyellow
TAPBP,lightyellow
TAS2R39,lightyellow
TAS2R5,lightyellow
TATDN2,lightyellow
TBC1D1,lightyellow
TBC1D16,lightyellow
TBC1D4,lightyellow
TBCD,lightyellow
TBR1,lightyellow
TBX15,lightyellow
TBX5,lightyellow
TBXAS1,lightyellow
TC2N,lightyellow
TCERG1L,lightyellow
TCF25,lightyellow
TCHHL1,lightyellow
TDRD1,lightyellow
TDRD10,lightyellow
TDRD3,lightyellow
TDRD6,lightyellow
TECTA,lightyellow
TERT,lightyellow
TES,lightyellow
TET3,lightyellow
TEX101,lightyellow
TFB1M,lightyellow
TFCP2,lightyellow
THAP3,lightyellow
THBS1,lightyellow
THBS2,lightyellow
THRSP,lightyellow
THSD7A,lightyellow
TIAM2,lightyellow
TIE1,lightyellow
TIFA,lightyellow
TIGD3,lightyellow
TIMELESS,lightyellow
TIMM44,lightyellow
TIRAP,lightyellow
TKTL2,lightyellow
TLE3,lightyellow
TLL2,lightyellow
TLN2,lightyellow
TM4SF20,lightyellow
TM7SF4,lightyellow
TMCC3,lightyellow
TMCO1,lightyellow
TMCO3,lightyellow
TMEM101,lightyellow
TMEM108,lightyellow
TMEM123,lightyellow
TMEM132D,lightyellow
TMEM17,lightyellow
TMEM179,lightyellow
TMEM181,lightyellow
TMEM196,lightyellow
TMEM199,lightyellow
TMEM203,lightyellow
TMEM218,lightyellow
TMEM43,lightyellow
TMEM45A,lightyellow
TMEM51,lightyellow
TMEM87A,lightyellow
TMEM8A,lightyellow
TMEM93,lightyellow
TMEM99,lightyellow
TMPRSS9,lightyellow
TMTC1,lightyellow
TNFAIP1,lightyellow
TNFRSF19,lightyellow
TNFRSF1B,lightyellow
TNFRSF21,lightyellow
TNFSF11,lightyellow
TNIK,lightyellow
TNPO1,lightyellow
TNRC6C,lightyellow
TNS1,lightyellow
TNXB,lightyellow
TOLLIP,lightyellow
TOM1L2,lightyellow
TOMM20L,lightyellow
TOMM7,lightyellow
TOX,lightyellow
TP53,lightyellow
TP53TG1,lightyellow
TPO,lightyellow
TPRX1,lightyellow
TPST1,lightyellow
TRAF3,lightyellow
TRAF5,lightyellow
TRANK1,lightyellow
TRAPPC9,lightyellow
TRIB2,lightyellow
TRIM10,lightyellow
TRIM15,lightyellow
TRIM2,lightyellow
TRIM26,lightyellow
TRIM31,lightyellow
TRIM34,lightyellow
TRIM5,lightyellow
TRIM60,lightyellow
TRIM62,lightyellow
TRIO,lightyellow
TRPM1,lightyellow
TRPM4,lightyellow
TRPM8,lightyellow
TRPV4,lightyellow
TSNARE1,lightyellow
TSPAN18,lightyellow
TSPAN5,lightyellow
TSPYL4,lightyellow
TSPYL6,lightyellow
TSSC4,lightyellow
TTC12,lightyellow
TTC15,lightyellow
TTC24,lightyellow
TTC30A,lightyellow
TTLL10,lightyellow
TTLL11,lightyellow
TTLL2,lightyellow
TTN,lightyellow
TUBA3C,lightyellow
TUBAL3,lightyellow
TUBGCP2,lightyellow
TWF2,lightyellow
TWIST1,lightyellow
TXNDC2,lightyellow
U2AF1L4,lightyellow
UBA6,lightyellow
UBE2D1,lightyellow
UBE2E3,lightyellow
UBE2QL1,lightyellow
UBE2U,lightyellow
UBQLN3,lightyellow
UBR4,lightyellow
UBR5,lightyellow
UBTF,lightyellow
UCP3,lightyellow
UGT3A2,lightyellow
UHRF1,lightyellow
ULK1,lightyellow
UNC5D,lightyellow
UNC84A,lightyellow
UPP1,lightyellow
UQCRQ,lightyellow
USP29,lightyellow
USP36,lightyellow
USP42,lightyellow
USP49,lightyellow
USP50,lightyellow
USP7,lightyellow
UTP14C,lightyellow
UTP6,lightyellow
VARS,lightyellow
VAX1,lightyellow
VCAM1,lightyellow
VDR,lightyellow
VENTX,lightyellow
VGLL3,lightyellow
VGLL4,lightyellow
VHL,lightyellow
VIPR2,lightyellow
VIT,lightyellow
VNN2,lightyellow
VPS13B,lightyellow
VPS35,lightyellow
VPS37B,lightyellow
VPS37C,lightyellow
VPS52,lightyellow
VSTM1,lightyellow
VWA5A,lightyellow
VWA5B1,lightyellow
VWC2L,lightyellow
VWF,lightyellow
WBSCR17,lightyellow
WDFY1,lightyellow
WDFY3,lightyellow
WDR16,lightyellow
WDR27,lightyellow
WDR45L,lightyellow
WDR46,lightyellow
WDR51B,lightyellow
WDR55,lightyellow
WDR70,lightyellow
WDR8,lightyellow
WDR81,lightyellow
WDTC1,lightyellow
WFDC1,lightyellow
WHSC1,lightyellow
WHSC2,lightyellow
WIPI2,lightyellow
WISP1,lightyellow
WIT1,lightyellow
WNT5A,lightyellow
WRNIP1,lightyellow
WWC2,lightyellow
WWOX,lightyellow
WWTR1,lightyellow
XIRP1,lightyellow
XKR4,lightyellow
XKR6,lightyellow
XPR1,lightyellow
YBX1,lightyellow
YTHDF2,lightyellow
YWHAG,lightyellow
YWHAH,lightyellow
ZBTB12,lightyellow
ZBTB16,lightyellow
ZBTB2,lightyellow
ZBTB7A,lightyellow
ZBTB8B,lightyellow
ZC3H12D,lightyellow
ZC3H13,lightyellow
ZC3H3,lightyellow
ZCCHC10,lightyellow
ZCCHC14,lightyellow
ZCCHC8,lightyellow
ZDHHC12,lightyellow
ZDHHC14,lightyellow
ZDHHC4,lightyellow
ZEB2,lightyellow
ZFHX3,lightyellow
ZFPM1,lightyellow
ZFR2,lightyellow
ZFYVE21,lightyellow
ZFYVE28,lightyellow
ZIC1,lightyellow
ZIC4,lightyellow
ZMYND15,lightyellow
ZMYND17,lightyellow
ZNF132,lightyellow
ZNF142,lightyellow
ZNF174,lightyellow
ZNF184,lightyellow
ZNF20,lightyellow
ZNF215,lightyellow
ZNF219,lightyellow
ZNF225,lightyellow
ZNF227,lightyellow
ZNF251,lightyellow
ZNF268,lightyellow
ZNF274,lightyellow
ZNF311,lightyellow
ZNF317,lightyellow
ZNF354B,lightyellow
ZNF366,lightyellow
ZNF385A,lightyellow
ZNF385D,lightyellow
ZNF394,lightyellow
ZNF438,lightyellow
ZNF440,lightyellow
ZNF461,lightyellow
ZNF474,lightyellow
ZNF487,lightyellow
ZNF511,lightyellow
ZNF514,lightyellow
ZNF521,lightyellow
ZNF587,lightyellow
ZNF608,lightyellow
ZNF611,lightyellow
ZNF620,lightyellow
ZNF623,lightyellow
ZNF641,lightyellow
ZNF648,lightyellow
ZNF697,lightyellow
ZNF702P,lightyellow
ZNF749,lightyellow
ZNF844,lightyellow
ZNHIT2,lightyellow
ZPBP,lightyellow
ZSCAN1,lightyellow
ZSCAN21,lightyellow
ZSWIM2,lightyellow
ZSWIM7,lightyellow
ZWINT,lightyellow
ZXDC,lightyellow
ZZEF1,lightyellow
ABCB4,magenta
ABCG1,magenta
ABL2,magenta
ABLIM2,magenta
ACADS,magenta
ACAP2,magenta
ACBD3,magenta
ACLY,magenta
ACO1,magenta
ACOT13,magenta
ACTR3B,magenta
ACY1,magenta
ADAD1,magenta
ADAM22,magenta
ADAM32,magenta
ADAMTS3,magenta
ADAMTS8,magenta
ADCY9,magenta
AEN,magenta
AFARP1,magenta
AFF1,magenta
AFF4,magenta
AGA,magenta
AGPAT1,magenta
AGPAT4,magenta
AGPAT6,magenta
AHCYL1,magenta
AHI1,magenta
AHRR,magenta
ALDH1L1,magenta
ALX1,magenta
AMD1,magenta
AMIGO1,magenta
AMOTL1,magenta
AMZ2,magenta
ANGEL1,magenta
ANKHD1,magenta
ANKRD29,magenta
ANO1,magenta
ANPEP,magenta
AP2A2,magenta
AP3S2,magenta
APBA2,magenta
APBB1,magenta
APBB2,magenta
APC,magenta
APOLD1,magenta
ARFGEF1,magenta
ARHGAP12,magenta
ARHGAP20,magenta
ARHGAP26,magenta
ARHGEF10,magenta
ARID1B,magenta
ARL2BP,magenta
ARRB2,magenta
ARSA,magenta
ASAP3,magenta
ASCL4,magenta
ASPG,magenta
ASXL3,magenta
ATAD2B,magenta
ATG16L1,magenta
ATP11A,magenta
ATP2B1,magenta
ATP2C1,magenta
ATP6V0C,magenta
ATP9B,magenta
ATXN2,magenta
AURKA,magenta
AUTS2,magenta
B3GNTL1,magenta
B9D2,magenta
BAI2,magenta
BAT1,magenta
BCKDHA,magenta
BCL2A1,magenta
BCL6,magenta
BCL7A,magenta
BEND7,magenta
BFAR,magenta
BLCAP,magenta
BMPR2,magenta
BNIP3L,magenta
BOLL,magenta
BRMS1L,magenta
BRUNOL4,magenta
BTAF1,magenta
BTBD11,magenta
BTC,magenta
BTN1A1,magenta
BTNL2,magenta
C10ORF41,magenta
C10ORF71,magenta
C10ORF78,magenta
C10ORF96,magenta
C11ORF64,magenta
C11ORF65,magenta
C11ORF84,magenta
C12ORF51,magenta
C12ORF62,magenta
C13ORF18,magenta
C14ORF102,magenta
C15ORF2,magenta
C15ORF27,magenta
C17ORF100,magenta
C17ORF67,magenta
C17ORF68,magenta
C18ORF19,magenta
C19ORF39,magenta
C19ORF62,magenta
C1ORF125,magenta
C1ORF159,magenta
C1ORF175,magenta
C1ORF183,magenta
C1ORF198,magenta
C1ORF201,magenta
C1ORF212,magenta
C1ORF27,magenta
C1ORF65,magenta
C1ORF69,magenta
C1ORF93,magenta
C1QL2,magenta
C20ORF43,magenta
C22ORF25,magenta
C2ORF63,magenta
C2ORF78,magenta
C3ORF70,magenta
C3ORF77,magenta
C4BPA,magenta
C4ORF38,magenta
C5ORF36,magenta
C6ORF176,magenta
C6ORF182,magenta
C6ORF52,magenta
C7ORF10,magenta
C7ORF70,magenta
C9ORF130,magenta
C9ORF37,magenta
CA2,magenta
CA5A,magenta
CACNA1C,magenta
CALU,magenta
CAMK2G,magenta
CAMTA1,magenta
CANT1,magenta
CAPNS1,magenta
CASP8,magenta
CASR,magenta
CATSPER1,magenta
CBFA2T3,magenta
CBLN1,magenta
CCBL2,magenta
CCDC109A,magenta
CCDC127,magenta
CCDC15,magenta
CCDC25,magenta
CCDC3,magenta
CCDC62,magenta
CCIN,magenta
CCKBR,magenta
CCM2,magenta
CCND3,magenta
CCNY,magenta
CCPG1,magenta
CD164L2,magenta
CDC5L,magenta
CDH13,magenta
CDH7,magenta
CDK2AP1,magenta
CDK3,magenta
CDK5R2,magenta
CDKN2C,magenta
CDKN3,magenta
CENPT,magenta
CHFR,magenta
CHID1,magenta
CHRM3,magenta
CISH,magenta
CIT,magenta
CLEC16A,magenta
CLEC4C,magenta
CLIP1,magenta
CLPTM1L,magenta
CLYBL,magenta
CNIH4,magenta
CNOT8,magenta
CNP,magenta
CNTN5,magenta
CNTNAP2,magenta
COL11A2,magenta
COL6A4P2,magenta
COLEC11,magenta
COMMD1,magenta
COMMD2,magenta
COMMD9,magenta
COPS7B,magenta
COQ10B,magenta
CPA4,magenta
CPLX1,magenta
CPT2,magenta
CPVL,magenta
CPXM1,magenta
CPZ,magenta
CR1L,magenta
CREBBP,magenta
CREBL2,magenta
CRISPLD2,magenta
CRMP1,magenta
CSMD2,magenta
CSNK1A1,magenta
CTBS,magenta
CTNNA1,magenta
CTTN,magenta
CTXN2,magenta
CXCR5,magenta
CXCR6,magenta
CYB5RL,magenta
CYP24A1,magenta
CYP2F1,magenta
CYTL1,magenta
DAAM1,magenta
DCHS1,magenta
DDAH2,magenta
DDX25,magenta
DDX55,magenta
DDX59,magenta
DENND3,magenta
DENND4B,magenta
DHCR24,magenta
DHCR7,magenta
DHODH,magenta
DHRS7B,magenta
DHX33,magenta
DHX8,magenta
DIAPH1,magenta
DIP2C,magenta
DKFZP686A1627,magenta
DKK2,magenta
DKKL1,magenta
DLGAP2,magenta
DMRTB1,magenta
DNAH11,magenta
DNAH3,magenta
DNAJC8,magenta
DOK2,magenta
DPCR1,magenta
DPY30,magenta
DSTN,magenta
DUT,magenta
DYNC1H1,magenta
DYRK1B,magenta
DYRK3,magenta
EEPD1,magenta
EFCAB1,magenta
EHD2,magenta
EHMT1,magenta
EHMT2,magenta
EIF2B5,magenta
EIF4E3,magenta
EIF4G2,magenta
EIF4H,magenta
ELF5,magenta
ELL,magenta
ELMOD1,magenta
EML1,magenta
EPAS1,magenta
EPB41L3,magenta
EPHA6,magenta
EPS8L2,magenta
EPSTI1,magenta
EREG,magenta
ERICH1,magenta
ERRFI1,magenta
ESCO1,magenta
EXD3,magenta
FADS2,magenta
FAIM,magenta
FAM111A,magenta
FAM113A,magenta
FAM13B,magenta
FAM149A,magenta
FAM163A,magenta
FAM171A1,magenta
FAM181B,magenta
FAM184B,magenta
FAM193B,magenta
FAM198A,magenta
FAM20C,magenta
FAM27L,magenta
FAM36A,magenta
FAM38A,magenta
FAM46A,magenta
FAM5C,magenta
FAM78A,magenta
FARP1,magenta
FARS2,magenta
FAT1,magenta
FBRSL1,magenta
FBXO11,magenta
FBXO5,magenta
FBXW12,magenta
FCAR,magenta
FICD,magenta
FILIP1,magenta
FLAD1,magenta
FLJ22536,magenta
FLJ42709,magenta
FLJ43860,magenta
FLJ90757,magenta
FLNB,magenta
FLRT2,magenta
FLYWCH1,magenta
FMNL1,magenta
FNBP1,magenta
FNDC3A,magenta
FOXF2,magenta
FOXK1,magenta
FOXN3,magenta
FOXP4,magenta
FRS3,magenta
FSTL4,magenta
FTO,magenta
FTSJD2,magenta
GABARAP,magenta
GABRA1,magenta
GABRA2,magenta
GABRB3,magenta
GAK,magenta
GAL3ST2,magenta
GALNS,magenta
GALNT10,magenta
GALNT2,magenta
GALNT6,magenta
GALNT9,magenta
GALNTL6,magenta
GATA5,magenta
GCA,magenta
GINS2,magenta
GLI2,magenta
GLIS3,magenta
GNA11,magenta
GNA12,magenta
GNS,magenta
GOLGA3,magenta
GPLD1,magenta
GPR12,magenta
GPR133,magenta
GPR177,magenta
GPR45,magenta
GPR98,magenta
GRM6,magenta
GSTO2,magenta
GTF2H1,magenta
GTF3A,magenta
GTPBP4,magenta
HCCA2,magenta
HCG4,magenta
HDAC4,magenta
HEATR7A,magenta
HECW1,magenta
HEMK1,magenta
HERC3,magenta
HES4,magenta
HEXIM1,magenta
HIF1A,magenta
HIST1H1A,magenta
HIST1H2AM,magenta
HIST1H2BI,magenta
HIST1H4A,magenta
HIST3H2A,magenta
HIVEP3,magenta
HK1,magenta
HLA-E,magenta
HLA-F,magenta
HLA-L,magenta
HLF,magenta
HMCN1,magenta
HMGCS1,magenta
HMGN3,magenta
HMHA1,magenta
HNF1B,magenta
HOTAIR,magenta
HOXC8,magenta
HP1BP3,magenta
HPCAL1,magenta
HRASLS5,magenta
HS3ST1,magenta
HS6ST1,magenta
HSPA1L,magenta
HTATIP2,magenta
IGHMBP2,magenta
IKZF1,magenta
IL17F,magenta
IL1F8,magenta
IL7,magenta
ILF3,magenta
IMMT,magenta
IMPA2,magenta
ING1,magenta
INPP4A,magenta
INPP4B,magenta
INTS1,magenta
IPO7,magenta
IPO9,magenta
IQCB1,magenta
IQCE,magenta
ISY1,magenta
ITGAM,magenta
JAKMIP3,magenta
JARID2,magenta
JAZF1,magenta
KBTBD2,magenta
KBTBD4,magenta
KCNB2,magenta
KCNC3,magenta
KCNH1,magenta
KCNJ1,magenta
KCNK4,magenta
KCNK9,magenta
KCNMA1,magenta
KCTD15,magenta
KDSR,magenta
KHDRBS1,magenta
KIAA0586,magenta
KIAA0947,magenta
KIAA1026,magenta
KIAA1244,magenta
KIAA1409,magenta
KIAA1530,magenta
KIAA1737,magenta
KIF1B,magenta
KIF20B,magenta
KIF23,magenta
KIF26B,magenta
KIRREL2,magenta
KLC2,magenta
KLF16,magenta
KLHL5,magenta
KRTAP17-1,magenta
KRTAP2-1,magenta
KRTAP4-8,magenta
L3MBTL,magenta
L3MBTL4,magenta
LCE1E,magenta
LCN8,magenta
LGALS13,magenta
LGALS3,magenta
LHFPL5,magenta
LHX8,magenta
LIN7A,magenta
LMF1,magenta
LNP1,magenta
LNX1,magenta
LOC100130015,magenta
LOC100190940,magenta
LOC100292680,magenta
LOC154822,magenta
LOC255025,magenta
LOC285830,magenta
LOC348926,magenta
LOC375190,magenta
LOC387647,magenta
LOC388946,magenta
LOC645323,magenta
LOC729080,magenta
LOC90246,magenta
LPP,magenta
LRIT1,magenta
LRRC15,magenta
LRRC16A,magenta
LRRC18,magenta
LRRC20,magenta
LRRC37B2,magenta
LRRC48,magenta
LRTM1,magenta
LSM10,magenta
LTBP4,magenta
LUC7L3,magenta
LYPD6B,magenta
MAD1L1,magenta
MAEA,magenta
MAGI3,magenta
MAN1C1,magenta
MANEAL,magenta
MAP2K2,magenta
MAP3K6,magenta
MAPKBP1,magenta
MAPRE2,magenta
MARCH2,magenta
MARCH3,magenta
MARCH7,magenta
MARK2,magenta
MAST4,magenta
MATN3,magenta
MCF2L2,magenta
MCL1,magenta
MCOLN1,magenta
MCTP1,magenta
MDC1,magenta
MED1,magenta
MEGF6,magenta
MESDC2,magenta
METAP2,magenta
METTL3,magenta
MGAT1,magenta
MINPP1,magenta
MIR10A,magenta
MIR137,magenta
MIR1915,magenta
MIR2116,magenta
MIR483,magenta
MIR921,magenta
MORN1,magenta
MPO,magenta
MPZ,magenta
MRGPRG,magenta
MRPS33,magenta
MTAP,magenta
MTFR1,magenta
MTHFD1L,magenta
MTMR14,magenta
MTMR15,magenta
MTSS1L,magenta
MUC16,magenta
MUDENG,magenta
MVK,magenta
MYO16,magenta
MYO7A,magenta
MYO9B,magenta
MYOM2,magenta
NANOG,magenta
NARG2,magenta
NCAPG,magenta
NCR2,magenta
NDUFC1,magenta
NEDD1,magenta
NEDD8,magenta
NEK1,magenta
NETO2,magenta
NEUROG2,magenta
NFASC,magenta
NFATC1,magenta
NFIC,magenta
NGB,magenta
NHLRC2,magenta
NID1,magenta
NKAIN3,magenta
NLRC5,magenta
NME1,magenta
NMNAT2,magenta
NOC4L,magenta
NOL11,magenta
NOL8,magenta
NOM1,magenta
NOTCH3,magenta
NPAS1,magenta
NPHP4,magenta
NPR1,magenta
NR1H3,magenta
NR2F1,magenta
NSMCE1,magenta
NTM,magenta
NUAK2,magenta
NUDCD1,magenta
NUDT16,magenta
NXN,magenta
OBSCN,magenta
OCLN,magenta
ODF2L,magenta
ODF4,magenta
OGDHL,magenta
OR2L13,magenta
OR2L8,magenta
OR3A2,magenta
OR4F15,magenta
OR56A1,magenta
OR5C1,magenta
OR5D13,magenta
OR6A2,magenta
OR6N1,magenta
P2RX1,magenta
P4HA1,magenta
PAFAH2,magenta
PALLD,magenta
PANK2,magenta
PAOX,magenta
PAPOLB,magenta
PAQR5,magenta
PARD3,magenta
PARVB,magenta
PAX4,magenta
PAX8,magenta
PCDH9,magenta
PCDHB15,magenta
PCDHGA2,magenta
PCDHGA4,magenta
PCGF3,magenta
PCID2,magenta
PCLO,magenta
PCOTH,magenta
PCTP,magenta
PDE7A,magenta
PDGFD,magenta
PDIK1L,magenta
PEX1,magenta
PFN4,magenta
PGAM5,magenta
PGGT1B,magenta
PGM1,magenta
PGM2L1,magenta
PGS1,magenta
PHF10,magenta
PHF17,magenta
PHGDH,magenta
PHRF1,magenta
PHTF2,magenta
PHYH,magenta
PHYHIPL,magenta
PIGL,magenta
PIGT,magenta
PIM3,magenta
PJA2,magenta
PLA2G4D,magenta
PLEKHA4,magenta
PLEKHG4B,magenta
PLEKHM3,magenta
PLXDC2,magenta
PML,magenta
PODNL1,magenta
POLR2B,magenta
POLR3A,magenta
POLR3E,magenta
POP5,magenta
POU3F1,magenta
PPP1R10,magenta
PPP1R11,magenta
PPP1R3E,magenta
PQLC3,magenta
PRDM16,magenta
PRKAR1B,magenta
PRKCI,magenta
PRKCSH,magenta
PRKCZ,magenta
PRR5,magenta
PRRT1,magenta
PRRT3,magenta
PRX,magenta
PSD,magenta
PSD3,magenta
PSMB8,magenta
PSMB9,magenta
PSME1,magenta
PSRC1,magenta
PTDSS2,magenta
PTK2B,magenta
PTN,magenta
PTPN12,magenta
PTPRN2,magenta
PTPRZ1,magenta
PURG,magenta
PVRL2,magenta
PVT1,magenta
PYROXD2,magenta
QRICH2,magenta
QTRT1,magenta
RAB26,magenta
RAB35,magenta
RAD51L3,magenta
RAD54L2,magenta
RADIL,magenta
RAP1GDS1,magenta
RAP2B,magenta
RARB,magenta
RBM20,magenta
RFC1,magenta
RGL2,magenta
RGMB,magenta
RGS12,magenta
RGS14,magenta
RGS3,magenta
RHBDL3,magenta
RIMKLA,magenta
RNF130,magenta
RNF168,magenta
RNF182,magenta
RORA,magenta
RPH3A,magenta
RPH3AL,magenta
RPLP0P2,magenta
RPP38,magenta
RPS10,magenta
RPS15,magenta
RPS21,magenta
RPS3,magenta
RPS6KA2,magenta
RPS6KL1,magenta
RPS7,magenta
RPTOR,magenta
RTDR1,magenta
RUNX3,magenta
RYR1,magenta
RYR2,magenta
S100P,magenta
SAMD11,magenta
SCFD1,magenta
SCFD2,magenta
SDHB,magenta
SDK1,magenta
SEC14L2,magenta
SEC61A2,magenta
SELI,magenta
SELS,magenta
SEPT8,magenta
SERPINB1,magenta
SERPINB6,magenta
SESN2,magenta
SET,magenta
SETBP1,magenta
SETDB1,magenta
SF1,magenta
SGK3,magenta
SH3RF3,magenta
SHBG,magenta
SHPK,magenta
SIM1,magenta
SIX1,magenta
SLC13A4,magenta
SLC15A1,magenta
SLC17A2,magenta
SLC20A2,magenta
SLC22A18,magenta
SLC22A23,magenta
SLC25A31,magenta
SLC30A9,magenta
SLC38A6,magenta
SLC39A14,magenta
SLC39A3,magenta
SLC39A8,magenta
SLC6A3,magenta
SLC9A3,magenta
SLIT1,magenta
SLITRK1,magenta
SMAD4,magenta
SMARCD3,magenta
SMOC2,magenta
SMTNL2,magenta
SMYD3,magenta
SNAPC1,magenta
SNCA,magenta
SNIP1,magenta
SNORD104,magenta
SNORD45C,magenta
SNRPN,magenta
SNX15,magenta
SNX26,magenta
SNX3,magenta
SNX31,magenta
SNX8,magenta
SOLH,magenta
SORBS2,magenta
SORCS2,magenta
SPATS2L,magenta
SPG7,magenta
SPON2,magenta
SPRR3,magenta
SPRR4,magenta
SRC,magenta
SRD5A1,magenta
SSBP3,magenta
SSH1,magenta
ST7,magenta
STAP2,magenta
STARD7,magenta
STAT5B,magenta
STEAP2,magenta
STK10,magenta
STK24,magenta
STK38,magenta
STX2,magenta
SURF4,magenta
SYNPO2,magenta
SYPL2,magenta
SYTL2,magenta
TADA2B,magenta
TBC1D14,magenta
TBC1D9,magenta
TBCD,magenta
TBL1XR1,magenta
TCF3,magenta
TCTN1,magenta
TDG,magenta
TDH,magenta
TEKT5,magenta
TFAP2A,magenta
TFDP1,magenta
TGFA,magenta
TGFBI,magenta
THNSL2,magenta
TIMP2,magenta
TJP2,magenta
TLK1,magenta
TLX3,magenta
TM2D1,magenta
TM9SF1,magenta
TMCO7,magenta
TMEM125,magenta
TMEM132C,magenta
TMEM217,magenta
TMEM48,magenta
TMEM89,magenta
TMEM93,magenta
TMX2,magenta
TNFRSF1B,magenta
TNFRSF21,magenta
TNIP3,magenta
TNK2,magenta
TOM1L1,magenta
TOP1MT,magenta
TOX3,magenta
TP53BP1,magenta
TP73,magenta
TPCN1,magenta
TPRG1L,magenta
TRAPPC9,magenta
TRIM15,magenta
TRIM21,magenta
TRIM23,magenta
TRIM27,magenta
TRIM35,magenta
TRIM46,magenta
TRIM78P,magenta
TRMT12,magenta
TSHZ1,magenta
TSNARE1,magenta
TTC27,magenta
TTC35,magenta
TTC7B,magenta
TTLL10,magenta
TTYH2,magenta
TULP2,magenta
TWISTNB,magenta
TXNL4A,magenta
UBE2E2,magenta
UBE2H,magenta
UBE2J2,magenta
UBE2N,magenta
UBTD1,magenta
UNC84A,magenta
UNC93B1,magenta
UNKL,magenta
USP14,magenta
USP20,magenta
USP36,magenta
VDR,magenta
VEZF1,magenta
VGLL3,magenta
VPS37B,magenta
VPS52,magenta
VSX2,magenta
VTCN1,magenta
VTI1B,magenta
WAC,magenta
WASF1,magenta
WDFY3,magenta
WDR27,magenta
WDR81,magenta
WFIKKN2,magenta
WNT4,magenta
WNT5A,magenta
XKR6,magenta
XPA,magenta
XYLB,magenta
YIF1B,magenta
YPEL5,magenta
ZBBX,magenta
ZBTB44,magenta
ZC3H13,magenta
ZC3H3,magenta
ZDHHC11,magenta
ZDHHC14,magenta
ZEB1,magenta
ZFHX3,magenta
ZFYVE16,magenta
ZHX1,magenta
ZKSCAN4,magenta
ZMYM6,magenta
ZMYND10,magenta
ZNF181,magenta
ZNF200,magenta
ZNF253,magenta
ZNF311,magenta
ZNF317,magenta
ZNF331,magenta
ZNF333,magenta
ZNF34,magenta
ZNF354B,magenta
ZNF358,magenta
ZNF384,magenta
ZNF444,magenta
ZNF488,magenta
ZNF500,magenta
ZNF509,magenta
ZNF516,magenta
ZNF582,magenta
ZNF618,magenta
ZNF670,magenta
ZNF678,magenta
ZNF689,magenta
ZNF695,magenta
ZNF718,magenta
ZNF793,magenta
ZNHIT2,magenta
ZP3,magenta
ZPBP,magenta
ZSWIM4,magenta
ZYG11A,magenta
A2BP1,midnightblue
AARSD1,midnightblue
ABCA13,midnightblue
ABHD2,midnightblue
ABLIM2,midnightblue
ACBD3,midnightblue
ACBD5,midnightblue
ACIN1,midnightblue
ACOX1,midnightblue
ACTN2,midnightblue
ACTR10,midnightblue
ACVR1,midnightblue
ADAM10,midnightblue
ADAMTS1,midnightblue
ADAMTS2,midnightblue
ADAMTSL3,midnightblue
ADC,midnightblue
ADCY3,midnightblue
ADCY5,midnightblue
ADI1,midnightblue
ADIPOR2,midnightblue
ADRB1,midnightblue
ADRB3,midnightblue
AGAP1,midnightblue
AGPAT1,midnightblue
AGXT2L2,midnightblue
AIG1,midnightblue
AKR7A2,midnightblue
ALDH1L2,midnightblue
ALDH3B2,midnightblue
ALDH9A1,midnightblue
ALG3,midnightblue
ALG9,midnightblue
AMDHD2,midnightblue
AMIGO2,midnightblue
ANGPT1,midnightblue
ANKRD11,midnightblue
ANKRD26,midnightblue
ANKRD42,midnightblue
ANKZF1,midnightblue
ANP32A,midnightblue
ANP32E,midnightblue
AOAH,midnightblue
AP1S1,midnightblue
AP2B1,midnightblue
AP4E1,midnightblue
API5,midnightblue
ARFIP1,midnightblue
ARHGEF10,midnightblue
ARID1B,midnightblue
ARNTL,midnightblue
ARSG,midnightblue
ASAH1,midnightblue
ASNA1,midnightblue
ASNSD1,midnightblue
ASTN1,midnightblue
ATAD2B,midnightblue
ATG2A,midnightblue
ATG4D,midnightblue
ATMIN,midnightblue
ATP11A,midnightblue
ATP5G2,midnightblue
ATP5I,midnightblue
ATP6V0A2,midnightblue
ATP6V1A,midnightblue
ATP6V1C1,midnightblue
ATPGD1,midnightblue
ATXN1L,midnightblue
AURKC,midnightblue
AZIN1,midnightblue
B3GALT1,midnightblue
BAIAP3,midnightblue
BANP,midnightblue
BAT2,midnightblue
BAT3,midnightblue
BBC3,midnightblue
BCAS3,midnightblue
BCL2,midnightblue
BCL6,midnightblue
BCMO1,midnightblue
BCO2,midnightblue
BMPER,midnightblue
BMPR1B,midnightblue
BOD1L,midnightblue
BPNT1,midnightblue
BRCA2,midnightblue
BRD2,midnightblue
BRF1,midnightblue
BRUNOL5,midnightblue
BSND,midnightblue
BZW1,midnightblue
C10ORF114,midnightblue
C10ORF122,midnightblue
C10ORF18,midnightblue
C11ORF57,midnightblue
C11ORF60,midnightblue
C12ORF10,midnightblue
C12ORF23,midnightblue
C13ORF27,midnightblue
C14ORF118,midnightblue
C14ORF2,midnightblue
C15ORF27,midnightblue
C16ORF87,midnightblue
C18ORF1,midnightblue
C19ORF22,midnightblue
C19ORF61,midnightblue
C1D,midnightblue
C1ORF128,midnightblue
C1ORF70,midnightblue
C20ORF72,midnightblue
C2ORF89,midnightblue
C3ORF39,midnightblue
C3ORF63,midnightblue
C3ORF70,midnightblue
C4ORF19,midnightblue
C4ORF23,midnightblue
C4ORF33,midnightblue
C4ORF36,midnightblue
C4ORF44,midnightblue
C5ORF24,midnightblue
C5ORF36,midnightblue
C5ORF39,midnightblue
C5ORF44,midnightblue
C6ORF174,midnightblue
C6ORF89,midnightblue
C7ORF44,midnightblue
C7ORF52,midnightblue
C8ORF41,midnightblue
C8ORF55,midnightblue
C9ORF170,midnightblue
C9ORF64,midnightblue
CACNA2D1,midnightblue
CADPS,midnightblue
CALCOCO1,midnightblue
CAMKK2,midnightblue
CAMLG,midnightblue
CAMTA1,midnightblue
CBFA2T3,midnightblue
CBX8,midnightblue
CBY1,midnightblue
CCDC138,midnightblue
CCDC147,midnightblue
CCDC162,midnightblue
CCDC23,midnightblue
CCDC79,midnightblue
CCDC85A,midnightblue
CCDC92,midnightblue
CCHCR1,midnightblue
CCNI,midnightblue
CCNT1,midnightblue
CD81,midnightblue
CD82,midnightblue
CDC27,midnightblue
CDH20,midnightblue
CDK1,midnightblue
CDK12,midnightblue
CDK2AP1,midnightblue
CDK2AP2,midnightblue
CDK5RAP2,midnightblue
CDKN1C,midnightblue
CDKN2C,midnightblue
CDX2,midnightblue
CELSR2,midnightblue
CENPB,midnightblue
CENPN,midnightblue
CENPQ,midnightblue
CERKL,midnightblue
CFLAR,midnightblue
CKS1B,midnightblue
CLDN10,midnightblue
CLN3,midnightblue
CLNS1A,midnightblue
CLPTM1,midnightblue
CLYBL,midnightblue
CNOT7,midnightblue
CNTD2,midnightblue
COL17A1,midnightblue
COL21A1,midnightblue
COL23A1,midnightblue
COL2A1,midnightblue
COL4A1,midnightblue
COL5A3,midnightblue
COL9A2,midnightblue
COPS4,midnightblue
COPS7A,midnightblue
COQ10B,midnightblue
CORO1C,midnightblue
COTL1,midnightblue
COX8C,midnightblue
CPEB2,midnightblue
CPEB3,midnightblue
CPNE3,midnightblue
CREG2,midnightblue
CSNK2A2,midnightblue
CTAGE5,midnightblue
CTH,midnightblue
CTSZ,midnightblue
CTTNBP2,midnightblue
CTU2,midnightblue
CTXN1,midnightblue
CTXN2,midnightblue
CYHR1,midnightblue
CYP4X1,midnightblue
CYP51A1,midnightblue
D4S234E,midnightblue
DAAM1,midnightblue
DBF4,midnightblue
DDHD2,midnightblue
DDI2,midnightblue
DDX49,midnightblue
DENND3,midnightblue
DENND4A,midnightblue
DEXI,midnightblue
DFFB,midnightblue
DGKQ,midnightblue
DHPS,midnightblue
DHRS3,midnightblue
DHX15,midnightblue
DHX29,midnightblue
DIABLO,midnightblue
DKFZP686O24166,midnightblue
DKFZP761E198,midnightblue
DLGAP2,midnightblue
DLL1,midnightblue
DLL3,midnightblue
DMXL1,midnightblue
DNAH17,midnightblue
DNAJC6,midnightblue
DNASE2,midnightblue
DNPEP,midnightblue
DOC2A,midnightblue
DOCK5,midnightblue
DOHH,midnightblue
DOK2,midnightblue
DOT1L,midnightblue
DPY30,midnightblue
DPYSL3,midnightblue
DRAM2,midnightblue
DSN1,midnightblue
DTX4,midnightblue
DUSP1,midnightblue
DUSP11,midnightblue
DYNLT1,midnightblue
DYRK4,midnightblue
EDNRA,midnightblue
EEF1A1,midnightblue
EFNA2,midnightblue
EGR2,midnightblue
EHD4,midnightblue
EHMT2,midnightblue
EIF3B,midnightblue
EIF4B,midnightblue
EMID2,midnightblue
EN1,midnightblue
ENDOD1,midnightblue
ENY2,midnightblue
EP400,midnightblue
EPHB6,midnightblue
EPO,midnightblue
ERBB4,midnightblue
ERCC2,midnightblue
ERGIC2,midnightblue
ERICH1,midnightblue
ERLIN1,midnightblue
ESR1,midnightblue
ESYT2,midnightblue
ETV2,midnightblue
ETV5,midnightblue
ETV6,midnightblue
EVPL,midnightblue
EXD3,midnightblue
EXT1,midnightblue
EYS,midnightblue
F11R,midnightblue
FADS1,midnightblue
FAM100A,midnightblue
FAM110B,midnightblue
FAM110C,midnightblue
FAM111A,midnightblue
FAM117A,midnightblue
FAM119A,midnightblue
FAM126B,midnightblue
FAM150A,midnightblue
FAM160B1,midnightblue
FAM172A,midnightblue
FAM174A,midnightblue
FAM3D,midnightblue
FAM59B,midnightblue
FAM60A,midnightblue
FAM65B,midnightblue
FAM76B,midnightblue
FAM98B,midnightblue
FBXO27,midnightblue
FBXO33,midnightblue
FBXO42,midnightblue
FBXW8,midnightblue
FCHO2,midnightblue
FDXR,midnightblue
FGD5,midnightblue
FGF8,midnightblue
FGF9,midnightblue
FIBIN,midnightblue
FKBP4,midnightblue
FLI1,midnightblue
FLJ31306,midnightblue
FLOT2,midnightblue
FLRT2,midnightblue
FMN2,midnightblue
FNDC3B,midnightblue
FOXD1,midnightblue
FOXE3,midnightblue
FOXP1,midnightblue
FTSJD1,midnightblue
FUZ,midnightblue
G2E3,midnightblue
GAB1,midnightblue
GABRB2,midnightblue
GAL,midnightblue
GALNT6,midnightblue
GDF2,midnightblue
GDF7,midnightblue
GDNF,midnightblue
GFOD1,midnightblue
GGPS1,midnightblue
GIMAP1,midnightblue
GJA3,midnightblue
GMFB,midnightblue
GNA12,midnightblue
GNAT1,midnightblue
GOLT1A,midnightblue
GPATCH1,midnightblue
GPATCH2,midnightblue
GPC6,midnightblue
GPD1L,midnightblue
GPR39,midnightblue
GPR55,midnightblue
GRAMD2,midnightblue
GRB10,midnightblue
GREB1,midnightblue
GRIN2A,midnightblue
GRK4,midnightblue
GRM6,midnightblue
GRM7,midnightblue
GRTP1,midnightblue
GTF2H1,midnightblue
H3F3B,midnightblue
HAGH,midnightblue
HAPLN1,midnightblue
HAS3,midnightblue
HAUS1,midnightblue
HAUS5,midnightblue
HCG4P6,midnightblue
HCN2,midnightblue
HDAC3,midnightblue
HDAC4,midnightblue
HDGF2,midnightblue
HERC5,midnightblue
HERPUD1,midnightblue
HEXIM1,midnightblue
HIGD1A,midnightblue
HIST1H2AL,midnightblue
HIST1H2BA,midnightblue
HIST1H4D,midnightblue
HIVEP3,midnightblue
HK3,midnightblue
HLA-DMA,midnightblue
HLA-H,midnightblue
HLA-L,midnightblue
HMG20A,midnightblue
HMMR,midnightblue
HNRNPL,midnightblue
HOMER2,midnightblue
HOXA9,midnightblue
HOXC8,midnightblue
HOXD1,midnightblue
HP1BP3,midnightblue
HRASLS5,midnightblue
HSP90AB1,midnightblue
HSPA2,midnightblue
HSPBP1,midnightblue
HSPG2,midnightblue
HTR1F,midnightblue
HTRA1,midnightblue
HUNK,midnightblue
HVCN1,midnightblue
IGFBP3,midnightblue
IGFBP5,midnightblue
IL9,midnightblue
INO80C,midnightblue
INPP5E,midnightblue
INSR,midnightblue
INTS12,midnightblue
INTU,midnightblue
IRAK1BP1,midnightblue
ISOC2,midnightblue
ISY1,midnightblue
ITGAE,midnightblue
ITIH2,midnightblue
ITPR2,midnightblue
ITSN2,midnightblue
IVD,midnightblue
JDP2,midnightblue
JMJD5,midnightblue
JMJD7,midnightblue
JPH3,midnightblue
JUB,midnightblue
KCNJ5,midnightblue
KCNJ9,midnightblue
KCNK10,midnightblue
KCNK17,midnightblue
KCNN3,midnightblue
KCNQ1,midnightblue
KCNQ4,midnightblue
KCNQ5,midnightblue
KCNV2,midnightblue
KCTD1,midnightblue
KCTD5,midnightblue
KCTD8,midnightblue
KIAA0090,midnightblue
KIAA0100,midnightblue
KIAA0284,midnightblue
KIAA0922,midnightblue
KIAA1026,midnightblue
KIAA1211,midnightblue
KIF11,midnightblue
KIF26B,midnightblue
KIFC1,midnightblue
KLF1,midnightblue
KLHL12,midnightblue
KLHL28,midnightblue
KLHL29,midnightblue
KLHL6,midnightblue
KLKBL4,midnightblue
KRAS,midnightblue
LAPTM4A,midnightblue
LAPTM5,midnightblue
LARP1,midnightblue
LASS2,midnightblue
LCN6,midnightblue
LDB3,midnightblue
LDLR,midnightblue
LGALS3,midnightblue
LHX9,midnightblue
LINS1,midnightblue
LMAN1L,midnightblue
LMAN2,midnightblue
LMCD1,midnightblue
LOC100130015,midnightblue
LOC100130872-SPON2,midnightblue
LOC100133469,midnightblue
LOC100188947,midnightblue
LOC100192426,midnightblue
LOC100270746,midnightblue
LOC134466,midnightblue
LOC144571,midnightblue
LOC148824,midnightblue
LOC153684,midnightblue
LOC219347,midnightblue
LOC284900,midnightblue
LOC285954,midnightblue
LOC342346,midnightblue
LOC387647,midnightblue
LOC388965,midnightblue
LOC399959,midnightblue
LOC441046,midnightblue
LOC643719,midnightblue
LOC646214,midnightblue
LOC651250,midnightblue
LRP2,midnightblue
LRRC2,midnightblue
LRRC61,midnightblue
LUC7L2,midnightblue
MAB21L2,midnightblue
MAD1L1,midnightblue
MALAT1,midnightblue
MAN1A1,midnightblue
MAP3K11,midnightblue
MAP4K1,midnightblue
MAP6D1,midnightblue
MAPK1,midnightblue
MAPT,midnightblue
MARCKS,midnightblue
MATK,midnightblue
MATR3,midnightblue
MBNL1,midnightblue
MBTPS1,midnightblue
MCF2L,midnightblue
MCF2L2,midnightblue
MDGA1,midnightblue
MDM2,midnightblue
MED18,midnightblue
MED20,midnightblue
MED21,midnightblue
MEGF9,midnightblue
METTL4,midnightblue
MFSD7,midnightblue
MGC23284,midnightblue
MGMT,midnightblue
MIA3,midnightblue
MICALL2,midnightblue
MIR191,midnightblue
MIR202,midnightblue
MIR2110,midnightblue
MIR548N,midnightblue
MKNK2,midnightblue
MKRN2,midnightblue
MNT,midnightblue
MOCS3,midnightblue
MOSPD3,midnightblue
MOV10,midnightblue
MR1,midnightblue
MRAS,midnightblue
MRPL12,midnightblue
MRPL55,midnightblue
MRPS12,midnightblue
MRPS21,midnightblue
MRPS31,midnightblue
MRPS5,midnightblue
MTIF2,midnightblue
MUC4,midnightblue
MYB,midnightblue
MYBPC2,midnightblue
MYH14,midnightblue
MYL12B,midnightblue
MYOM2,midnightblue
N4BP2,midnightblue
NAA20,midnightblue
NADSYN1,midnightblue
NAT9,midnightblue
NCAN,midnightblue
NCAPH,midnightblue
NCOA2,midnightblue
NCRNA00202,midnightblue
NDST3,midnightblue
NDUFA7,midnightblue
NDUFV3,midnightblue
NEDD4L,midnightblue
NETO1,midnightblue
NEURL,midnightblue
NEURL1B,midnightblue
NF2,midnightblue
NFATC2IP,midnightblue
NGB,midnightblue
NHEG1,midnightblue
NKAIN2,midnightblue
NMD3,midnightblue
NMNAT2,midnightblue
NMT1,midnightblue
NOS1AP,midnightblue
NOS3,midnightblue
NPHP4,midnightblue
NPNT,midnightblue
NPY2R,midnightblue
NPY5R,midnightblue
NR2C2,midnightblue
NRXN1,midnightblue
NSA2,midnightblue
NSF,midnightblue
NSMCE1,midnightblue
NT5C2,midnightblue
NTF3,midnightblue
NUAK1,midnightblue
NUP133,midnightblue
NXPH2,midnightblue
OCA2,midnightblue
OCIAD1,midnightblue
OLFM2,midnightblue
OPRK1,midnightblue
OR2C1,midnightblue
ORAI2,midnightblue
ORAI3,midnightblue
OSR1,midnightblue
OTOF,midnightblue
OTUD4,midnightblue
OTX1,midnightblue
OXCT1,midnightblue
PACRG,midnightblue
PACS2,midnightblue
PAIP2B,midnightblue
PALM2,midnightblue
PAPOLA,midnightblue
PARS2,midnightblue
PASK,midnightblue
PAX6,midnightblue
PAX7,midnightblue
PBX4,midnightblue
PCBD2,midnightblue
PCDH20,midnightblue
PCDHAC2,midnightblue
PCDHGA4,midnightblue
PDDC1,midnightblue
PDK2,midnightblue
PDRG1,midnightblue
PFKP,midnightblue
PGD,midnightblue
PHF1,midnightblue
PHF15,midnightblue
PHLDB2,midnightblue
PHYHIPL,midnightblue
PI4K2B,midnightblue
PIAS1,midnightblue
PIF1,midnightblue
PIGS,midnightblue
PINX1,midnightblue
PLB1,midnightblue
PLCXD2,midnightblue
PLD3,midnightblue
PLEC1,midnightblue
PLEKHA7,midnightblue
PLEKHH2,midnightblue
PLXNA4,midnightblue
PLXND1,midnightblue
PMAIP1,midnightblue
POLD2,midnightblue
POP1,midnightblue
POP4,midnightblue
PPFIA1,midnightblue
PPID,midnightblue
PPIL3,midnightblue
PPP1R11,midnightblue
PPP1R2,midnightblue
PPP2R1B,midnightblue
PPP2R2B,midnightblue
PPP2R2D,midnightblue
PPT1,midnightblue
PQLC3,midnightblue
PRDM12,midnightblue
PRDM2,midnightblue
PRICKLE2,midnightblue
PRKAG2,midnightblue
PRMT1,midnightblue
PRPF3,midnightblue
PRPF8,midnightblue
PRR19,midnightblue
PRR3,midnightblue
PRR4,midnightblue
PRRC1,midnightblue
PSMA1,midnightblue
PSMB4,midnightblue
PSMD7,midnightblue
PTP4A1,midnightblue
PTPN12,midnightblue
PTPRN2,midnightblue
PTPRT,midnightblue
PUS7,midnightblue
PXDN,midnightblue
R3HDM1,midnightblue
RAB11B,midnightblue
RAB28,midnightblue
RAB2B,midnightblue
RAB3C,midnightblue
RAB3IL1,midnightblue
RABGGTB,midnightblue
RABL3,midnightblue
RAD50,midnightblue
RAD51C,midnightblue
RALGAPA1,midnightblue
RAPGEF5,midnightblue
RARA,midnightblue
RASA3,midnightblue
RASGRP2,midnightblue
RASSF4,midnightblue
RBM19,midnightblue
RBM20,midnightblue
RBMS1,midnightblue
RD3,midnightblue
RDH11,midnightblue
REC8,midnightblue
REXO2,midnightblue
RFTN1,midnightblue
RFX2,midnightblue
RFX7,midnightblue
RGP1,midnightblue
RHBDD2,midnightblue
RILPL2,midnightblue
RIMS2,midnightblue
RING1,midnightblue
RNASE4,midnightblue
RND1,midnightblue
RNF10,midnightblue
RNF150,midnightblue
RNF152,midnightblue
RNF213,midnightblue
RNF34,midnightblue
RNF44,midnightblue
ROCK1,midnightblue
RORA,midnightblue
RPH3A,midnightblue
RPH3AL,midnightblue
RPL10L,midnightblue
RPL21,midnightblue
RPL37A,midnightblue
RPP21,midnightblue
RPRM,midnightblue
RPS6KA2,midnightblue
RRAS2,midnightblue
RRP7B,midnightblue
RSPH4A,midnightblue
RSPO2,midnightblue
RSRC1,midnightblue
RSU1,midnightblue
RUNDC2A,midnightblue
RWDD1,midnightblue
S100A6,midnightblue
SAFB2,midnightblue
SALL2,midnightblue
SAMHD1,midnightblue
SATB1,midnightblue
SCHIP1,midnightblue
SDC1,midnightblue
SDCBP,midnightblue
SEC14L1,midnightblue
SEC31B,midnightblue
SEMA6D,midnightblue
SERAC1,midnightblue
SERINC5,midnightblue
SEZ6,midnightblue
SEZ6L2,midnightblue
SF3B14,midnightblue
SFI1,midnightblue
SFPQ,midnightblue
SFRS13A,midnightblue
SFTA3,midnightblue
SGEF,midnightblue
SGOL2,midnightblue
SH3BGRL2,midnightblue
SH3PXD2A,midnightblue
SHANK2,midnightblue
SHF,midnightblue
SHISA3,midnightblue
SHQ1,midnightblue
SIDT1,midnightblue
SIM2,midnightblue
SIN3A,midnightblue
SIP1,midnightblue
SIX1,midnightblue
SLAIN1,midnightblue
SLC15A4,midnightblue
SLC16A6,midnightblue
SLC17A7,midnightblue
SLC22A3,midnightblue
SLC24A6,midnightblue
SLC25A3,midnightblue
SLC25A31,midnightblue
SLC26A1,midnightblue
SLC28A2,midnightblue
SLC2A1,midnightblue
SLC30A1,midnightblue
SLC30A7,midnightblue
SLC35E3,midnightblue
SLC37A4,midnightblue
SLC38A8,midnightblue
SLC6A2,midnightblue
SLC6A20,midnightblue
SLC6A3,midnightblue
SLC9A4,midnightblue
SLCO5A1,midnightblue
SLIT1,midnightblue
SLITRK3,midnightblue
SMARCA2,midnightblue
SMARCAD1,midnightblue
SMC3,midnightblue
SMOC2,midnightblue
SMPD3,midnightblue
SMUG1,midnightblue
SNAPC1,midnightblue
SNORA42,midnightblue
SNORA57,midnightblue
SOBP,midnightblue
SORCS2,midnightblue
SORCS3,midnightblue
SORD,midnightblue
SOX30,midnightblue
SP2,midnightblue
SP5,midnightblue
SP8,midnightblue
SPAST,midnightblue
SPATA13,midnightblue
SPATA20,midnightblue
SPATA5L1,midnightblue
SPEF2,midnightblue
SPINT2,midnightblue
SPOCK3,midnightblue
SPPL2A,midnightblue
SRGAP3,midnightblue
SRP68,midnightblue
SRRM4,midnightblue
SSBP3,midnightblue
ST8SIA2,midnightblue
ST8SIA4,midnightblue
STK33,midnightblue
STX11,midnightblue
STX2,midnightblue
STX4,midnightblue
SUPT6H,midnightblue
SUV420H2,midnightblue
SYCE1,midnightblue
SYNE1,midnightblue
SYNJ2,midnightblue
SYNPO2,midnightblue
SYT6,midnightblue
TAF11,midnightblue
TAF5,midnightblue
TAF6L,midnightblue
TANC1,midnightblue
TAP2,midnightblue
TAS1R1,midnightblue
TBC1D23,midnightblue
TBCD,midnightblue
TBL3,midnightblue
TBX1,midnightblue
TCEA3,midnightblue
TESC,midnightblue
TESK2,midnightblue
TEX10,midnightblue
TFAP2D,midnightblue
TGFB1I1,midnightblue
TGFBI,midnightblue
THNSL1,midnightblue
THRA,midnightblue
TIRAP,midnightblue
TJAP1,midnightblue
TMC7,midnightblue
TMED2,midnightblue
TMED7-TICAM2,midnightblue
TMEM128,midnightblue
TMEM132B,midnightblue
TMEM132C,midnightblue
TMEM143,midnightblue
TMEM150C,midnightblue
TMEM169,midnightblue
TMEM209,midnightblue
TMEM25,midnightblue
TMEM41B,midnightblue
TMEM48,midnightblue
TMEM57,midnightblue
TMEM65,midnightblue
TMIE,midnightblue
TNFRSF11B,midnightblue
TNFRSF21,midnightblue
TNP2,midnightblue
TOMM20,midnightblue
TP53AIP1,midnightblue
TP53BP1,midnightblue
TP53I3,midnightblue
TPI1,midnightblue
TPPP,midnightblue
TRAF1,midnightblue
TRAF2,midnightblue
TRAPPC9,midnightblue
TRIM26,midnightblue
TRIM27,midnightblue
TRIM31,midnightblue
TRIM41,midnightblue
TRIM62,midnightblue
TRIM67,midnightblue
TRMT61B,midnightblue
TRPV4,midnightblue
TSGA13,midnightblue
TSPAN33,midnightblue
TSR1,midnightblue
TSSC1,midnightblue
TSSC4,midnightblue
TSSK6,midnightblue
TTC1,midnightblue
TTC15,midnightblue
TTC16,midnightblue
TTC17,midnightblue
TTC23,midnightblue
TTC39C,midnightblue
TTYH3,midnightblue
TUBE1,midnightblue
TWIST1,midnightblue
UAP1,midnightblue
UBAC2,midnightblue
UBE2F,midnightblue
UBE2Q1,midnightblue
UBE2QP1,midnightblue
UBE3A,midnightblue
UBTF,midnightblue
UBXN1,midnightblue
UBXN11,midnightblue
UBXN7,midnightblue
UFSP2,midnightblue
UGP2,midnightblue
USF1,midnightblue
USP39,midnightblue
USP4,midnightblue
USPL1,midnightblue
UTP3,midnightblue
VAC14,midnightblue
VAPA,midnightblue
VARS2,midnightblue
VENTX,midnightblue
VIM,midnightblue
VKORC1L1,midnightblue
VPS33A,midnightblue
VPS52,midnightblue
VPS8,midnightblue
VSX1,midnightblue
WASH2P,midnightblue
WBP1,midnightblue
WDR27,midnightblue
WDR46,midnightblue
WDR54,midnightblue
WHSC2,midnightblue
WIBG,midnightblue
WNK4,midnightblue
WNT10B,midnightblue
WWTR1,midnightblue
XKR6,midnightblue
XPR1,midnightblue
YIF1A,midnightblue
YIPF3,midnightblue
ZAP70,midnightblue
ZBBX,midnightblue
ZBTB22,midnightblue
ZBTB25,midnightblue
ZBTB9,midnightblue
ZC3H3,midnightblue
ZCCHC24,midnightblue
ZDHHC24,midnightblue
ZFAND2A,midnightblue
ZFP1,midnightblue
ZFP36,midnightblue
ZFP36L1,midnightblue
ZFP91,midnightblue
ZFPM1,midnightblue
ZFPM2,midnightblue
ZFYVE28,midnightblue
ZKSCAN5,midnightblue
ZMYM5,midnightblue
ZNF180,midnightblue
ZNF184,midnightblue
ZNF205,midnightblue
ZNF213,midnightblue
ZNF214,midnightblue
ZNF238,midnightblue
ZNF25,midnightblue
ZNF259,midnightblue
ZNF3,midnightblue
ZNF329,midnightblue
ZNF343,midnightblue
ZNF350,midnightblue
ZNF354B,midnightblue
ZNF468,midnightblue
ZNF511,midnightblue
ZNF528,midnightblue
ZNF546,midnightblue
ZNF57,midnightblue
ZNF585A,midnightblue
ZNF613,midnightblue
ZNF628,midnightblue
ZNF668,midnightblue
ZNF740,midnightblue
ZNF76,midnightblue
ZNF777,midnightblue
ZNF788,midnightblue
ZNRF1,midnightblue
ZSCAN20,midnightblue
ZSWIM5,midnightblue
ZZEF1,midnightblue
A2BP1,orange
AAAS,orange
AARS2,orange
AATK,orange
ABAT,orange
ABCA17P,orange
ABCA4,orange
ABLIM1,orange
ABLIM2,orange
ABLIM3,orange
ABR,orange
ABT1,orange
ACAD10,orange
ACAN,orange
ACCN1,orange
ACD,orange
ACOT7,orange
ACOX1,orange
ACOX3,orange
ACP2,orange
ACP6,orange
ACSBG1,orange
ACSF3,orange
ACSM5,orange
ACTBL2,orange
ACTR6,orange
ADAMTS12,orange
ADAMTS13,orange
ADAMTS16,orange
ADAMTS18,orange
ADAMTS2,orange
ADAMTSL1,orange
ADARB2,orange
ADCK1,orange
ADCK5,orange
ADCY9,orange
ADD2,orange
ADI1,orange
ADPGK,orange
ADPRH,orange
ADRM1,orange
AFAP1,orange
AFF4,orange
AGA,orange
AGAP1,orange
AGAP2,orange
AGBL4,orange
AGGF1,orange
AGPAT5,orange
AGT,orange
AGXT2L2,orange
AHDC1,orange
AIG1,orange
AK3,orange
AKAP10,orange
AKAP8,orange
ALDH7A1,orange
ALG1,orange
ALPK1,orange
ALPL,orange
ALPPL2,orange
ALS2,orange
ALS2CL,orange
ALS2CR4,orange
AMPD2,orange
ANK1,orange
ANKMY1,orange
ANKRD10,orange
ANKRD11,orange
ANKRD32,orange
ANKRD44,orange
ANKRD53,orange
ANKS1A,orange
ANKS1B,orange
ANO6,orange
AP1G2,orange
AP1M1,orange
AP3B2,orange
APBA2,orange
APBB1,orange
APOBEC1,orange
APOC4,orange
APOD,orange
APTX,orange
AQP4,orange
ARG2,orange
ARHGAP10,orange
ARHGAP15,orange
ARHGEF10,orange
ARHGEF18,orange
ARHGEF4,orange
ARHGEF7,orange
ARID1A,orange
ARID1B,orange
ARIH2,orange
ARL2BP,orange
ARL6IP5,orange
ARL8A,orange
ARPC1B,orange
ARPC5L,orange
ARSB,orange
ARSG,orange
ARVCF,orange
ASAP2,orange
ASB2,orange
ASGR2,orange
ASPA,orange
ASTN1,orange
ATAD3A,orange
ATF1,orange
ATF6,orange
ATF6B,orange
ATF7,orange
ATG7,orange
ATP10A,orange
ATP11A,orange
ATP1A1,orange
ATP2A3,orange
ATP2C1,orange
ATP4A,orange
ATP5G2,orange
ATP5S,orange
ATP8A2,orange
ATR,orange
ATRN,orange
ATXN7L1,orange
AUTS2,orange
AVEN,orange
AVP,orange
B3GNT7,orange
B3GNT8,orange
B3GNTL1,orange
B4GALNT2,orange
B4GALNT4,orange
B4GALT7,orange
BAI1,orange
BAIAP2,orange
BARD1,orange
BAT1,orange
BAT2,orange
BAT2L1,orange
BAT5,orange
BCAP29,orange
BCAR1,orange
BCL11B,orange
BCL2L10,orange
BCL3,orange
BDH1,orange
BDKRB1,orange
BDKRB2,orange
BDNF,orange
BEND7,orange
BEST2,orange
BFAR,orange
BLK,orange
BMI1,orange
BMP8A,orange
BMPR1A,orange
BNIP3,orange
BOC,orange
BOD1,orange
BOD1L,orange
BOK,orange
BRCA1,orange
BRD2,orange
BRD3,orange
BRD8,orange
BRF1,orange
BRPF3,orange
BRSK1,orange
BRUNOL5,orange
BRUNOL6,orange
BTBD18,orange
BTBD2,orange
BTBD6,orange
C10ORF105,orange
C11ORF2,orange
C11ORF80,orange
C12ORF42,orange
C12ORF77,orange
C13ORF15,orange
C13ORF16,orange
C13ORF18,orange
C13ORF23,orange
C14ORF147,orange
C14ORF166B,orange
C14ORF184,orange
C14ORF73,orange
C14ORF80,orange
C15ORF38,orange
C15ORF41,orange
C15ORF59,orange
C15ORF60,orange
C16ORF35,orange
C16ORF45,orange
C16ORF71,orange
C16ORF74,orange
C17ORF104,orange
C17ORF58,orange
C17ORF73,orange
C18ORF22,orange
C18ORF34,orange
C19ORF24,orange
C19ORF54,orange
C19ORF6,orange
C1ORF103,orange
C1ORF105,orange
C1ORF106,orange
C1ORF14,orange
C1ORF141,orange
C1ORF168,orange
C1ORF212,orange
C1ORF52,orange
C1ORF74,orange
C1ORF86,orange
C1ORF87,orange
C1ORF92,orange
C21ORF56,orange
C21ORF91,orange
C2ORF39,orange
C2ORF62,orange
C2ORF68,orange
C3ORF17,orange
C3ORF26,orange
C3ORF30,orange
C4ORF10,orange
C4ORF43,orange
C4ORF44,orange
C5ORF15,orange
C5ORF23,orange
C5ORF37,orange
C5ORF42,orange
C5ORF45,orange
C5ORF52,orange
C5ORF58,orange
C6ORF10,orange
C6ORF147,orange
C6ORF162,orange
C6ORF174,orange
C6ORF208,orange
C6ORF48,orange
C7ORF10,orange
C7ORF20,orange
C7ORF41,orange
C7ORF50,orange
C7ORF57,orange
C9ORF114,orange
C9ORF3,orange
C9ORF68,orange
C9ORF72,orange
CAB39L,orange
CABC1,orange
CACNA1C,orange
CACNA1E,orange
CACNA2D3,orange
CACNB2,orange
CADM1,orange
CALB1,orange
CALB2,orange
CALCB,orange
CALCOCO1,orange
CALML5,orange
CALR,orange
CAMK1D,orange
CAMK2B,orange
CAMSAP1,orange
CAMTA1,orange
CAMTA2,orange
CAPZB,orange
CARD14,orange
CARKD,orange
CASP8,orange
CASP8AP2,orange
CASZ1,orange
CATSPER1,orange
CBFA2T3,orange
CBFB,orange
CBLN2,orange
CBS,orange
CBX1,orange
CBX7,orange
CCDC101,orange
CCDC114,orange
CCDC135,orange
CCDC138,orange
CCDC15,orange
CCDC40,orange
CCDC46,orange
CCDC60,orange
CCDC65,orange
CCDC73,orange
CCDC85C,orange
CCDC88B,orange
CCDC92,orange
CCDC96,orange
CCHCR1,orange
CCL16,orange
CCND1,orange
CD320,orange
CD63,orange
CDC14A,orange
CDC25C,orange
CDC42BPB,orange
CDC42BPG,orange
CDC42SE1,orange
CDC5L,orange
CDK4,orange
CDK5R1,orange
CDK7,orange
CDNF,orange
CDS1,orange
CDYL,orange
CECR2,orange
CENPBD1,orange
CEP192,orange
CFD,orange
CFDP1,orange
CGNL1,orange
CHCHD6,orange
CHD1L,orange
CHD2,orange
CHFR,orange
CHIC2,orange
CHMP1A,orange
CHPF,orange
CHST15,orange
CHST8,orange
CHST9,orange
CHSY1,orange
CILP2,orange
CIRBP,orange
CKAP2L,orange
CLCN1,orange
CLCN7,orange
CLDN4,orange
CLEC14A,orange
CLEC16A,orange
CLIP2,orange
CLN6,orange
CLN8,orange
CLSTN2,orange
CLYBL,orange
CMIP,orange
CMTM6,orange
CNOT10,orange
CNOT8,orange
CNTD1,orange
CNTD2,orange
COASY,orange
COBL,orange
COCH,orange
COG1,orange
COIL,orange
COL11A2,orange
COL12A1,orange
COL1A2,orange
COL23A1,orange
COL4A2,orange
COL9A1,orange
COLEC11,orange
COPA,orange
COPZ1,orange
COTL1,orange
CPNE7,orange
CPSF1,orange
CPT1A,orange
CRADD,orange
CRAMP1L,orange
CRCT1,orange
CREB3L1,orange
CREBBP,orange
CREM,orange
CRKL,orange
CRLF1,orange
CRLS1,orange
CSGALNACT1,orange
CSMD1,orange
CSMD3,orange
CSNK2A1P,orange
CSPP1,orange
CTBP2,orange
CTDSP1,orange
CTHRC1,orange
CTNNA1,orange
CTSE,orange
CTSF,orange
CTSL2,orange
CUL1,orange
CUTA,orange
CUX1,orange
CXCL13,orange
CXCL16,orange
CXCR4,orange
CXXC1,orange
CYB5A,orange
CYBA,orange
CYBASC3,orange
CYFIP1,orange
CYP1A1,orange
CYP26B1,orange
CYP26C1,orange
DAB1,orange
DACT2,orange
DAGLB,orange
DALRD3,orange
DAPK3,orange
DAPL1,orange
DAXX,orange
DAZAP1,orange
DBC1,orange
DCAF5,orange
DCAF7,orange
DCBLD2,orange
DCLK2,orange
DCLK3,orange
DCLRE1B,orange
DCTD,orange
DCUN1D2,orange
DCUN1D4,orange
DDR1,orange
DDX18,orange
DDX19B,orange
DDX55,orange
DEGS2,orange
DEPDC1B,orange
DEPDC6,orange
DGKD,orange
DGKE,orange
DGKQ,orange
DHDDS,orange
DHODH,orange
DHX38,orange
DHX58,orange
DIDO1,orange
DIP2B,orange
DIP2C,orange
DIRAS3,orange
DIS3L2,orange
DISC1,orange
DKFZP686O24166,orange
DKK2,orange
DKK3,orange
DLGAP2,orange
DLK1,orange
DLX6AS,orange
DNAH10,orange
DNAH14,orange
DNAH17,orange
DNAH2,orange
DNAH9,orange
DNAJC11,orange
DNAJC15,orange
DNER,orange
DNM3,orange
DOCK1,orange
DPF3,orange
DPH2,orange
DPP10,orange
DPP6,orange
DPPA3,orange
DPY19L1,orange
DPYSL2,orange
DPYSL3,orange
DPYSL4,orange
DRD4,orange
DSCAM,orange
DSCAML1,orange
DSP,orange
DTNB,orange
DTYMK,orange
DUSP14,orange
DVL1,orange
DVL2,orange
DYNLL1,orange
E2F6,orange
E2F8,orange
EBF3,orange
EBPL,orange
ECE1,orange
ECHS1,orange
EDEM1,orange
EDF1,orange
EEF1G,orange
EEF2,orange
EEF2K,orange
EFHD2,orange
EFNB3,orange
EGF,orange
EGLN3,orange
EHHADH,orange
EHMT1,orange
EID3,orange
EIF2B4,orange
EIF3A,orange
EIF3B,orange
EIF4E,orange
ELK3,orange
ELK4,orange
ELOVL3,orange
ELOVL7,orange
ENDOD1,orange
ENPP6,orange
ENPP7,orange
ENTPD3,orange
ENTPD4,orange
EPAS1,orange
EPHA7,orange
EPHB1,orange
EPHX1,orange
EPN3,orange
ERBB2,orange
ERC1,orange
ERICH1,orange
ERMP1,orange
ESPL1,orange
ESPNL,orange
ESRP2,orange
ESYT2,orange
ESYT3,orange
ETV5,orange
ETV6,orange
ETV7,orange
EVC2,orange
EVPL,orange
EXD3,orange
EXOC2,orange
EXOC3,orange
EYA4,orange
FAAH,orange
FADS1,orange
FAM101A,orange
FAM105B,orange
FAM117A,orange
FAM120B,orange
FAM126A,orange
FAM129A,orange
FAM132A,orange
FAM175A,orange
FAM189A1,orange
FAM19A4,orange
FAM38A,orange
FAM43B,orange
FAM53A,orange
FAM53C,orange
FAM59B,orange
FAM65A,orange
FAM76A,orange
FAM82B,orange
FAM83B,orange
FAM83H,orange
FAM8A1,orange
FANCC,orange
FAS,orange
FAT3,orange
FAT4,orange
FBRSL1,orange
FBXL18,orange
FBXL19,orange
FBXL7,orange
FBXO10,orange
FBXO30,orange
FBXO43,orange
FCHSD1,orange
FCRLB,orange
FGD3,orange
FGF3,orange
FGF5,orange
FGFR1OP,orange
FGFR2,orange
FGGY,orange
FHAD1,orange
FHOD1,orange
FLJ22536,orange
FLJ32065,orange
FLJ33360,orange
FLJ42709,orange
FLOT1,orange
FLT4,orange
FN3KRP,orange
FOSL2,orange
FOXA3,orange
FOXE1,orange
FOXK1,orange
FOXK2,orange
FOXL2,orange
FOXN2,orange
FOXO1,orange
FOXR1,orange
FRAS1,orange
FRMD1,orange
FRMD4A,orange
FRMD8,orange
FSHR,orange
FSIP1,orange
FSTL1,orange
FUCA1,orange
FYCO1,orange
FYN,orange
G2E3,orange
GABRA5,orange
GABRB3,orange
GABRG3,orange
GAD1,orange
GAK,orange
GAL3ST3,orange
GALM,orange
GALNS,orange
GALNT2,orange
GALNTL1,orange
GALR1,orange
GAPDHS,orange
GAR1,orange
GARS,orange
GATAD2A,orange
GCOM1,orange
GDF15,orange
GFOD2,orange
GFPT1,orange
GHITM,orange
GINS2,orange
GJA10,orange
GJA3,orange
GJD3,orange
GLB1L3,orange
GLDN,orange
GLI2,orange
GLIS1,orange
GLRA1,orange
GLRA3,orange
GMPR,orange
GNA12,orange
GNAL,orange
GOLGA3,orange
GOLT1A,orange
GP6,orange
GP9,orange
GPATCH8,orange
GPC1,orange
GPC6,orange
GPIHBP1,orange
GPLD1,orange
GPN1,orange
GPR107,orange
GPR108,orange
GPR113,orange
GPR133,orange
GPR157,orange
GPR85,orange
GPR98,orange
GPRIN2,orange
GPSM1,orange
GPX3,orange
GPX5,orange
GRAMD3,orange
GRB10,orange
GRB2,orange
GRIK4,orange
GRK5,orange
GRLF1,orange
GRSF1,orange
GTF2H4,orange
GTF3C5,orange
GUCY1A3,orange
GXYLT1,orange
GYG1,orange
H2AFJ,orange
HAAO,orange
HABP4,orange
HARS2,orange
HBXIP,orange
HCCA2,orange
HCG22,orange
HCG9,orange
HDAC4,orange
HDGF2,orange
HDLBP,orange
HEATR2,orange
HEATR4,orange
HEATR5B,orange
HEXDC,orange
HFM1,orange
HGD,orange
HGS,orange
HGSNAT,orange
HHAT,orange
HHIPL1,orange
HHLA3,orange
HIPK4,orange
HIST1H3A,orange
HIST1H4F,orange
HIST1H4J,orange
HIVEP3,orange
HKDC1,orange
HLA-C,orange
HLA-DPB1,orange
HLA-DPB2,orange
HLA-DQA2,orange
HLA-DQB2,orange
HLA-F,orange
HLA-J,orange
HLCS,orange
HLX,orange
HMGN3,orange
HMHB1,orange
HMP19,orange
HN1L,orange
HNRNPM,orange
HNRNPU,orange
HOXD10,orange
HP1BP3,orange
HRH1,orange
HRH4,orange
HSBP1L1,orange
HSD11B1L,orange
HSD17B1,orange
HSPB9,orange
HSPE1,orange
HSPH1,orange
HTATIP2,orange
HTR1E,orange
HTR3D,orange
HTRA3,orange
HTT,orange
ID3,orange
IDUA,orange
IFITM3,orange
IGF1R,orange
IGF2BP1,orange
IGF2R,orange
IL10RB,orange
ILF2,orange
IMMT,orange
IMPDH1,orange
ING1,orange
INO80C,orange
INPP5A,orange
INS,orange
INSC,orange
INSM1,orange
INTS1,orange
INTU,orange
IPPK,orange
IQGAP3,orange
IRAK1BP1,orange
IRF7,orange
IRX4,orange
ISM1,orange
ISOC1,orange
ITGA1,orange
ITGAE,orange
ITGB5,orange
ITGB8,orange
ITPK1,orange
ITPR2,orange
JAG2,orange
JAK2,orange
JSRP1,orange
JUP,orange
KCNA3,orange
KCNA4,orange
KCNAB1,orange
KCNF1,orange
KCNG3,orange
KCNIP2,orange
KCNIP3,orange
KCNJ5,orange
KCNK10,orange
KCNK7,orange
KCNMA1,orange
KCNQ1,orange
KCNQ4,orange
KCTD10,orange
KDM1A,orange
KDM3A,orange
KDM4A,orange
KDM4B,orange
KIAA0087,orange
KIAA0146,orange
KIAA0182,orange
KIAA0427,orange
KIAA0564,orange
KIAA0664,orange
KIAA1024,orange
KIAA1199,orange
KIAA1529,orange
KIAA1530,orange
KIAA1549,orange
KIAA1683,orange
KIAA1715,orange
KIAA1731,orange
KIAA1919,orange
KIAA1949,orange
KIF13B,orange
KIF16B,orange
KIF1B,orange
KIF26B,orange
KIF6,orange
KIRREL3,orange
KLC1,orange
KLC2,orange
KLF14,orange
KLF16,orange
KLHL21,orange
KLHL35,orange
KLK10,orange
KLKP1,orange
KMO,orange
KNDC1,orange
KPNA6,orange
KPNB1,orange
KPTN,orange
KRT2,orange
KRT27,orange
KRT38,orange
KRTAP1-3,orange
KTELC1,orange
LAMA3,orange
LAMC2,orange
LAMC3,orange
LAMP1,orange
LAPTM4B,orange
LCLAT1,orange
LDB1,orange
LDB2,orange
LDLRAD3,orange
LENG8,orange
LETM2,orange
LGI2,orange
LHFPL2,orange
LHX5,orange
LIG1,orange
LIMS2,orange
LIN28B,orange
LMAN2,orange
LMBR1L,orange
LMCD1,orange
LMF1,orange
LMX1B,orange
LNX1,orange
LOC100101938,orange
LOC100128573,orange
LOC100128822,orange
LOC100129354,orange
LOC100129550,orange
LOC100129637,orange
LOC100133545,orange
LOC100270746,orange
LOC100289673,orange
LOC100302652,orange
LOC134466,orange
LOC150622,orange
LOC221442,orange
LOC255025,orange
LOC285205,orange
LOC285375,orange
LOC285780,orange
LOC285796,orange
LOC285830,orange
LOC286094,orange
LOC399815,orange
LOC400696,orange
LOC402644,orange
LOC440839,orange
LOC552889,orange
LOC642587,orange
LOC648740,orange
LOC650226,orange
LOC651250,orange
LOC723809,orange
LOC729991-MEF2B,orange
LONP1,orange
LPIN1,orange
LPIN2,orange
LQK1,orange
LRFN1,orange
LRP1,orange
LRP5,orange
LRP6,orange
LRRC14,orange
LRRC2,orange
LRRC37A3,orange
LRRC46,orange
LRRC8A,orange
LRRC8B,orange
LRRN1,orange
LSG1,orange
LTB,orange
LUC7L3,orange
LXN,orange
LY6G5C,orange
LYRM4,orange
LZTFL1,orange
LZTS2,orange
MACROD1,orange
MAD1L1,orange
MADD,orange
MAGI2,orange
MAML3,orange
MAN2C1,orange
MANBA,orange
MAP1S,orange
MAP2K3,orange
MAP3K5,orange
MAP3K8,orange
MAP4K4,orange
MAPK8IP3,orange
MAPT,orange
MARCH1,orange
MARCH10,orange
MARCH11,orange
MARK3,orange
MAST1,orange
MAST2,orange
MAST3,orange
MATN2,orange
MBLAC1,orange
MBNL2,orange
MBOAT7,orange
MBTPS1,orange
MC1R,orange
MCC,orange
MCCC2,orange
MCF2L,orange
MCF2L2,orange
MCM6,orange
MDC1,orange
MDH2,orange
ME3,orange
MED24,orange
MED6,orange
MEG3,orange
MEGF11,orange
MEIS2,orange
METT10D,orange
METTL7A,orange
MEX3C,orange
MFHAS1,orange
MGA,orange
MGC13005,orange
MGC15885,orange
MGC34034,orange
MGEA5,orange
MGMT,orange
MGRN1,orange
MICA,orange
MIR1181,orange
MIR1280,orange
MIR129-2,orange
MIR141,orange
MIR153-2,orange
MIR299,orange
MIR375,orange
MIR410,orange
MIR429,orange
MIR451,orange
MIR453,orange
MIR485,orange
MIR761,orange
MIR889,orange
MIR942,orange
MKL2,orange
MKNK2,orange
MKS1,orange
MLF1IP,orange
MLH1,orange
MMP25,orange
MN1,orange
MOBKL1A,orange
MOV10,orange
MOV10L1,orange
MPHOSPH8,orange
MPRIP,orange
MRPL14,orange
MRPL28,orange
MRPL4,orange
MRPL41,orange
MRPL42,orange
MRPL48,orange
MRPL51,orange
MRPL54,orange
MRPS18A,orange
MRPS18B,orange
MRPS21,orange
MT2A,orange
MTG1,orange
MTOR,orange
MUC2,orange
MUC4,orange
MXI1,orange
MYADM,orange
MYCN,orange
MYLK4,orange
MYO16,orange
MYO18A,orange
MYO1D,orange
MYO3B,orange
MYO5C,orange
MYT1L,orange
NAGLU,orange
NAT10,orange
NAV1,orange
NBEA,orange
NCALD,orange
NCAM1,orange
NCKAP1,orange
NCKAP5,orange
NCLN,orange
NCOR1,orange
NCOR2,orange
NCRNA00171,orange
NDRG1,orange
NDUFA12,orange
NDUFA4,orange
NDUFC2,orange
NDUFV1,orange
NEDD1,orange
NEDD4,orange
NEDD4L,orange
NEDD9,orange
NEK2,orange
NEK6,orange
NELL1,orange
NEURL1B,orange
NFATC1,orange
NFATC2,orange
NFATC2IP,orange
NFRKB,orange
NFYA,orange
NGB,orange
NHSL1,orange
NIPBL,orange
NKD1,orange
NKX6-1,orange
NLGN1,orange
NME6,orange
NMNAT3,orange
NNT,orange
NOS1,orange
NOTCH3,orange
NOTCH4,orange
NPHP4,orange
NPHS1,orange
NPR3,orange
NPTX1,orange
NPY1R,orange
NR2F1,orange
NR2F2,orange
NR3C1,orange
NRF1,orange
NRP1,orange
NRXN1,orange
NSUN2,orange
NT5DC2,orange
NTN1,orange
NTN3,orange
NTRK1,orange
NTRK3,orange
NUAK1,orange
NUP107,orange
NUP62,orange
NUP93,orange
NXN,orange
OAS1,orange
OBFC1,orange
OCA2,orange
ODZ2,orange
ODZ3,orange
ODZ4,orange
OPCML,orange
OPN4,orange
OR10H1,orange
OR11H4,orange
OR1C1,orange
OR2F1,orange
OR4E2,orange
OR51M1,orange
OR9Q1,orange
OR9Q2,orange
ORC5L,orange
OSBPL10,orange
OSBPL6,orange
OSBPL8,orange
OTP,orange
OTUB1,orange
OTUB2,orange
OXR1,orange
P4HB,orange
PACRG,orange
PACS2,orange
PADI3,orange
PAFAH1B1,orange
PAH,orange
PAICS,orange
PAIP2B,orange
PAK6,orange
PAN2,orange
PANK4,orange
PAOX,orange
PARK2,orange
PARP1,orange
PARP9,orange
PAWR,orange
PAX7,orange
PBRM1,orange
PBX1,orange
PC,orange
PCBD2,orange
PCDH21,orange
PCDH8,orange
PCDHA6,orange
PCDHB11,orange
PCGF3,orange
PCK2,orange
PCNXL2,orange
PCOLCE2,orange
PCSK9,orange
PCYT1A,orange
PDCD1,orange
PDCD7,orange
PDE2A,orange
PDE4B,orange
PDE4D,orange
PDIA6,orange
PDK2,orange
PDZD7,orange
PDZRN4,orange
PEG10,orange
PELI2,orange
PFKFB3,orange
PFKP,orange
PFN1,orange
PFN2,orange
PGAP2,orange
PGCP,orange
PGM2,orange
PGS1,orange
PHACTR2,orange
PHAX,orange
PHF15,orange
PHF20,orange
PHLDB1,orange
PHOX2A,orange
PHTF2,orange
PIAS3,orange
PIGL,orange
PIK3CG,orange
PIK3R4,orange
PIK3R5,orange
PITPNM2,orange
PITRM1,orange
PIWIL1,orange
PKN1,orange
PLA2G2F,orange
PLA2G4E,orange
PLAC9,orange
PLD1,orange
PLD5,orange
PLEK2,orange
PLEKHB1,orange
PLOD1,orange
PLSCR2,orange
PLXNA1,orange
PLXNA4,orange
PM20D1,orange
PNKD,orange
PNP,orange
PNPLA7,orange
PODXL,orange
POLE,orange
POLR1C,orange
POLR2E,orange
POLR3K,orange
POLS,orange
POM121L2,orange
PON1,orange
POU2AF1,orange
POU6F1,orange
POU6F2,orange
PPAPDC1B,orange
PPFIA3,orange
PPFIBP2,orange
PPIE,orange
PPM1E,orange
PPM1M,orange
PPP1R3B,orange
PPP2R2D,orange
PPP2R5E,orange
PPP5C,orange
PQLC1,orange
PRDM11,orange
PRDM16,orange
PRDX1,orange
PRICKLE2,orange
PRKAG2,orange
PRKAR1B,orange
PRKCZ,orange
PRL,orange
PROC,orange
PROK2,orange
PRR4,orange
PRR5,orange
PRR5L,orange
PSMB3,orange
PSMB8,orange
PSMB9,orange
PSRC1,orange
PTCHD2,orange
PTCHD3,orange
PTGFR,orange
PTH1R,orange
PTK2B,orange
PTP4A2,orange
PTPLAD1,orange
PTPRE,orange
PTPRN,orange
PTPRN2,orange
PTPRV,orange
PXDN,orange
PXDNL,orange
PXK,orange
QKI,orange
QSER1,orange
QSOX1,orange
RAB17,orange
RAB1B,orange
RAB2B,orange
RAB43,orange
RAB5A,orange
RAC3,orange
RADIL,orange
RAGE,orange
RALGAPA1,orange
RALGPS1,orange
RALGPS2,orange
RAN,orange
RANBP17,orange
RANBP3,orange
RAP1A,orange
RAPGEF2,orange
RAPGEF4,orange
RASA3,orange
RASGEF1C,orange
RASGRF1,orange
RBL2,orange
RBM19,orange
RBM45,orange
RBM4B,orange
RBPJ,orange
RCC2,orange
REXO1,orange
RFC1,orange
RFX2,orange
RFX8,orange
RGS11,orange
RGS12,orange
RGS6,orange
RHBDF2,orange
RHOD,orange
RIN1,orange
RING1,orange
RINT1,orange
RNASE13,orange
RNF112,orange
RNF113B,orange
RNF135,orange
RNF139,orange
RNF146,orange
RNF150,orange
RNF213,orange
RNF216,orange
RNF219,orange
RNF7,orange
RNFT2,orange
RNLS,orange
RORC,orange
RP1,orange
RP9,orange
RPA1,orange
RPA2,orange
RPH3AL,orange
RPL13AP17,orange
RPL13AP5,orange
RPL19,orange
RPL27,orange
RPL30,orange
RPP21,orange
RPS19,orange
RPTOR,orange
RQCD1,orange
RRAS2,orange
RRP15,orange
RXRA,orange
RXRB,orange
S100A5,orange
SAMD11,orange
SAMD12,orange
SAMD4A,orange
SARDH,orange
SART3,orange
SC4MOL,orange
SCARF1,orange
SCCPDH,orange
SCFD2,orange
SCIN,orange
SCN11A,orange
SDHB,orange
SDK1,orange
SDK2,orange
SDSL,orange
SEC16A,orange
SEC22B,orange
SEC31B,orange
SEC61G,orange
SECTM1,orange
SELL,orange
SEMA4G,orange
SEMA5A,orange
SEMA5B,orange
SEMA6D,orange
SEMA7A,orange
SEPHS1,orange
SEPT9,orange
SERINC2,orange
SERPINB13,orange
SERPINB5,orange
SETD1B,orange
SETD3,orange
SETD7,orange
SFN,orange
SFRS14,orange
SFRS7,orange
SFRS8,orange
SFXN3,orange
SGMS1,orange
SGPL1,orange
SGTA,orange
SH2B1,orange
SH3BP4,orange
SH3PXD2B,orange
SH3RF3,orange
SHANK2,orange
SHISA3,orange
SHISA6,orange
SHISA9,orange
SIAE,orange
SIAH1,orange
SIGMAR1,orange
SLC11A1,orange
SLC17A9,orange
SLC1A5,orange
SLC22A14,orange
SLC22A16,orange
SLC22A18AS,orange
SLC22A7,orange
SLC25A19,orange
SLC25A42,orange
SLC27A4,orange
SLC30A10,orange
SLC34A2,orange
SLC35B1,orange
SLC39A3,orange
SLC39A7,orange
SLC41A1,orange
SLC44A3,orange
SLC46A2,orange
SLC4A11,orange
SLC4A2,orange
SLC4A4,orange
SLC6A18,orange
SLC6A5,orange
SLC7A1,orange
SLC9A3,orange
SLCO1C1,orange
SLCO3A1,orange
SLCO4C1,orange
SLFN12,orange
SLIT1,orange
SLMAP,orange
SMAD9,orange
SMAGP,orange
SMARCA4,orange
SMC4,orange
SMOC1,orange
SMOC2,orange
SMYD3,orange
SNAI1,orange
SND1,orange
SNED1,orange
SNORA64,orange
SNORD16,orange
SNRPN,orange
SNTG2,orange
SNW1,orange
SNX1,orange
SNX10,orange
SNX18,orange
SNX19,orange
SNX20,orange
SNX25,orange
SNX29,orange
SNX9,orange
SOAT2,orange
SOCS3,orange
SOCS6,orange
SORBS2,orange
SORCS2,orange
SORD,orange
SPAG8,orange
SPAG9,orange
SPARC,orange
SPATA5,orange
SPATA5L1,orange
SPATA7,orange
SPEF2,orange
SPHKAP,orange
SPINK2,orange
SPOCK2,orange
SPOPL,orange
SPRED1,orange
SPRYD4,orange
SPSB1,orange
SPSB3,orange
SPTBN1,orange
SPTBN2,orange
SRC,orange
SRGAP1,orange
SRPR,orange
SSH1,orange
SSPO,orange
SSRP1,orange
ST3GAL1,orange
ST3GAL5,orange
ST6GAL2,orange
ST6GALNAC5,orange
ST8SIA1,orange
STAC3,orange
STAR,orange
STARD13,orange
STAT1,orange
STEAP3,orange
STIM1,orange
STIM2,orange
STK10,orange
STK24,orange
STK38,orange
STK38L,orange
STK39,orange
STK40,orange
STMN3,orange
STRA6,orange
STX6,orange
STYK1,orange
SUCLA2,orange
SUCNR1,orange
SUSD5,orange
SVIL,orange
SVOP,orange
SYDE2,orange
SYN2,orange
SYNE2,orange
SYNGAP1,orange
SYNJ1,orange
SYNJ2,orange
SYNPO,orange
SYPL1,orange
SYT11,orange
SYT2,orange
TACC1,orange
TACC2,orange
TACC3,orange
TAGAP,orange
TAGLN2,orange
TAP1,orange
TAPBPL,orange
TARBP1,orange
TBC1D16,orange
TBC1D22A,orange
TBC1D8,orange
TBCD,orange
TBK1,orange
TBXAS1,orange
TCF3,orange
TCF7,orange
TCP1,orange
TDRD10,orange
TDRD6,orange
TDRD7,orange
TEAD3,orange
TEKT5,orange
TELO2,orange
TEPP,orange
TEX14,orange
TFDP1,orange
TGFB2,orange
THBS2,orange
THBS4,orange
THSD1,orange
THSD4,orange
TIAL1,orange
TIMM8B,orange
TIMP2,orange
TLL2,orange
TLR2,orange
TM4SF19,orange
TM6SF1,orange
TMCC3,orange
TMCO7,orange
TMEM106A,orange
TMEM108,orange
TMEM110,orange
TMEM120B,orange
TMEM134,orange
TMEM144,orange
TMEM154,orange
TMEM175,orange
TMEM194B,orange
TMEM201,orange
TMEM208,orange
TMEM22,orange
TMEM231,orange
TMEM26,orange
TMEM74,orange
TMEM8A,orange
TMEM91,orange
TMEM97,orange
TMPRSS6,orange
TNFAIP8L2,orange
TNFRSF10B,orange
TNFRSF19,orange
TNFRSF1B,orange
TNFRSF8,orange
TNIP1,orange
TNKS1BP1,orange
TNR,orange
TNRC18,orange
TNRC6A,orange
TNS3,orange
TOM1L2,orange
TOMM7,orange
TOP1MT,orange
TOR1A,orange
TOX4,orange
TP73,orange
TPM3,orange
TPO,orange
TRAF3IP1,orange
TRAF5,orange
TRAM1L1,orange
TRAP1,orange
TRAPPC9,orange
TRDMT1,orange
TREM2,orange
TRIB1,orange
TRIL,orange
TRIM2,orange
TRIM26,orange
TRIM27,orange
TRIM37,orange
TRIM39,orange
TRIM40,orange
TRIM42,orange
TRIM44,orange
TRIM58,orange
TRIM68,orange
TRIML1,orange
TRIO,orange
TRIP13,orange
TRPM4,orange
TRPS1,orange
TRPV1,orange
TRPV3,orange
TRPV6,orange
TSC2,orange
TSKU,orange
TSNARE1,orange
TSNAX-DISC1,orange
TSPAN2,orange
TSPYL4,orange
TSSC1,orange
TSTD1,orange
TSTD2,orange
TTC12,orange
TTC9C,orange
TTLL13,orange
TTN,orange
TUBB2A,orange
TULP3,orange
TUSC4,orange
TXNDC2,orange
TXNL1,orange
TYRO3,orange
UBASH3B,orange
UBE2H,orange
UBE2J2,orange
UBE2N,orange
UBE3A,orange
UBE3C,orange
UBE4B,orange
UBLCP1,orange
UBR3,orange
UBTF,orange
UGGT2,orange
UGP2,orange
UIMC1,orange
ULBP3,orange
ULK1,orange
ULK4,orange
UNC13A,orange
UNC84A,orange
UNG,orange
UROD,orange
USF2,orange
USP22,orange
USP3,orange
USP31,orange
USP4,orange
USP42,orange
UST,orange
UTRN,orange
VAMP1,orange
VAPB,orange
VAX1,orange
VGLL3,orange
VIM,orange
VNN1,orange
VPS13D,orange
VPS28,orange
VPS36,orange
VPS37D,orange
VPS4B,orange
VPS52,orange
VPS8,orange
VSIG8,orange
VTCN1,orange
VWA2,orange
VWF,orange
WAPAL,orange
WBSCR17,orange
WBSCR27,orange
WDR1,orange
WDR51B,orange
WDR60,orange
WDR66,orange
WDR8,orange
WDR87,orange
WFDC1,orange
WHSC1,orange
WHSC1L1,orange
WIBG,orange
WIPI2,orange
WNK4,orange
WNT11,orange
WNT3A,orange
WNT5B,orange
WNT9A,orange
WRB,orange
WSCD1,orange
WWC1,orange
WWTR1,orange
XKR6,orange
XRCC5,orange
XYLT2,orange
YBX1,orange
YEATS2,orange
ZBTB40,orange
ZBTB43,orange
ZBTB44,orange
ZBTB7A,orange
ZC3H18,orange
ZC3H3,orange
ZC3HAV1,orange
ZCCHC2,orange
ZDHHC14,orange
ZDHHC23,orange
ZEB1,orange
ZFP36L2,orange
ZFP41,orange
ZFP42,orange
ZFYVE20,orange
ZFYVE21,orange
ZFYVE9,orange
ZKSCAN2,orange
ZMYND17,orange
ZNF12,orange
ZNF132,orange
ZNF143,orange
ZNF16,orange
ZNF165,orange
ZNF169,orange
ZNF19,orange
ZNF193,orange
ZNF215,orange
ZNF219,orange
ZNF221,orange
ZNF229,orange
ZNF264,orange
ZNF330,orange
ZNF37B,orange
ZNF394,orange
ZNF423,orange
ZNF426,orange
ZNF438,orange
ZNF442,orange
ZNF485,orange
ZNF488,orange
ZNF500,orange
ZNF512,orange
ZNF513,orange
ZNF542,orange
ZNF57,orange
ZNF575,orange
ZNF577,orange
ZNF584,orange
ZNF586,orange
ZNF598,orange
ZNF599,orange
ZNF613,orange
ZNF615,orange
ZNF623,orange
ZNF662,orange
ZNF667,orange
ZNF691,orange
ZNF707,orange
ZNF710,orange
ZNF766,orange
ZNF777,orange
ZNF780B,orange
ZNF79,orange
ZNF790,orange
ZNF879,orange
ZSCAN12,orange
ZSCAN22,orange
ZZEF1,orange
AARS,pink
AARSD1,pink
AASS,pink
AATF,pink
ABCA5,pink
ABCB1,pink
ABCG8,pink
ABI3BP,pink
ABLIM1,pink
ABLIM2,pink
ABTB1,pink
ACAN,pink
ACAT1,pink
ACO1,pink
ACOT11,pink
ACOX3,pink
ACSL1,pink
ACTL6A,pink
ACTL6B,pink
ACTR1B,pink
ACTR3C,pink
ACVR1,pink
ACVR1B,pink
ADAM12,pink
ADAM18,pink
ADAM30,pink
ADAM8,pink
ADAMTS17,pink
ADAMTS2,pink
ADAMTS9,pink
ADAMTSL2,pink
ADAR,pink
ADARB1,pink
ADARB2,pink
ADCY3,pink
ADCY9,pink
ADIPOR1,pink
ADSS,pink
AFAP1,pink
AFAP1L1,pink
AFAP1L2,pink
AFF3,pink
AGMAT,pink
AGPAT1,pink
AGPAT5,pink
AGRN,pink
AHRR,pink
AHSA1,pink
AIDA,pink
AIG1,pink
AIMP1,pink
AKAP13,pink
AKAP9,pink
AKIRIN1,pink
AKT2,pink
AKTIP,pink
ALDH6A1,pink
ALG11,pink
ALG5,pink
ALKBH6,pink
ALKBH7,pink
ALKBH8,pink
ALPK2,pink
ALPK3,pink
ALS2CR8,pink
AMOTL1,pink
AMZ1,pink
ANAPC11,pink
ANK1,pink
ANK2,pink
ANKFY1,pink
ANKLE2,pink
ANKMY1,pink
ANKRD11,pink
ANKRD17,pink
ANKRD2,pink
ANKRD30A,pink
ANKRD42,pink
ANKRD52,pink
ANKS1A,pink
ANKS1B,pink
ANKS3,pink
ANO1,pink
ANO4,pink
ANO5,pink
ANP32A,pink
ANTXR1,pink
AOX1,pink
AP1AR,pink
AP2B1,pink
AP3B1,pink
AP3M2,pink
APBB2,pink
API5,pink
APOBEC4,pink
APOM,pink
AQP9,pink
AQR,pink
ARFGAP2,pink
ARFGEF1,pink
ARFIP1,pink
ARGLU1,pink
ARHGAP10,pink
ARHGAP18,pink
ARHGAP25,pink
ARHGAP26,pink
ARHGEF10,pink
ARHGEF7,pink
ARID1B,pink
ARID5B,pink
ARL5B,pink
ARL6,pink
ARL6IP6,pink
ARPP-21,pink
ARRB1,pink
ARSG,pink
ARSK,pink
ASGR1,pink
ATAD3B,pink
ATE1,pink
ATF7IP,pink
ATG2B,pink
ATG4C,pink
ATG5,pink
ATG7,pink
ATM,pink
ATP10B,pink
ATP10D,pink
ATP11A,pink
ATP13A5,pink
ATP6V0D1,pink
ATP8A2,pink
ATP8B3,pink
ATXN1,pink
AUTS2,pink
B3GALTL,pink
B3GAT2,pink
B3GNTL1,pink
B4GALNT2,pink
B4GALNT3,pink
B4GALNT4,pink
B4GALT3,pink
B4GALT4,pink
BACH2,pink
BANK1,pink
BANP,pink
BAZ2B,pink
BCAP29,pink
BCAT1,pink
BCL11A,pink
BCL11B,pink
BCL7A,pink
BDKRB1,pink
BDNF,pink
BHLHA15,pink
BIRC8,pink
BLOC1S2,pink
BLZF1,pink
BMP8A,pink
BMP8B,pink
BMPER,pink
BNIP1,pink
BNIP3,pink
BOC,pink
BOLL,pink
BPESC1,pink
BRD2,pink
BRDT,pink
BRE,pink
BRIX1,pink
BRUNOL4,pink
BTBD11,pink
BTBD12,pink
BTN2A2,pink
BTNL2,pink
C10ORF18,pink
C10ORF71,pink
C10ORF82,pink
C11ORF52,pink
C11ORF53,pink
C11ORF63,pink
C11ORF64,pink
C11ORF90,pink
C12ORF12,pink
C12ORF4,pink
C12ORF53,pink
C12ORF63,pink
C12ORF66,pink
C12ORF69,pink
C12ORF73,pink
C13ORF18,pink
C13ORF36,pink
C13ORF39,pink
C14ORF142,pink
C14ORF166,pink
C14ORF23,pink
C14ORF73,pink
C15ORF2,pink
C16ORF35,pink
C16ORF80,pink
C17ORF54,pink
C17ORF69,pink
C17ORF82,pink
C19ORF25,pink
C19ORF39,pink
C1D,pink
C1ORF103,pink
C1ORF112,pink
C1ORF173,pink
C1ORF198,pink
C1ORF228,pink
C1ORF25,pink
C1ORF63,pink
C1ORF68,pink
C1ORF97,pink
C1QTNF7,pink
C20ORF196,pink
C20ORF20,pink
C21ORF29,pink
C21ORF70,pink
C2ORF29,pink
C2ORF3,pink
C2ORF43,pink
C2ORF54,pink
C2ORF61,pink
C2ORF77,pink
C2ORF86,pink
C3ORF15,pink
C3ORF21,pink
C3ORF26,pink
C3ORF39,pink
C3ORF49,pink
C3ORF55,pink
C4ORF14,pink
C4ORF3,pink
C4ORF34,pink
C5ORF34,pink
C5ORF35,pink
C5ORF47,pink
C5ORF58,pink
C6ORF1,pink
C6ORF10,pink
C6ORF105,pink
C6ORF115,pink
C6ORF186,pink
C6ORF192,pink
C6ORF195,pink
C6ORF208,pink
C6ORF48,pink
C6ORF57,pink
C7ORF25,pink
C7ORF40,pink
C7ORF49,pink
C7ORF64,pink
C7ORF72,pink
C8ORF31,pink
C8ORF38,pink
C8ORF71,pink
C8ORF74,pink
C8ORF86,pink
C9ORF116,pink
C9ORF167,pink
C9ORF3,pink
C9ORF80,pink
C9ORF93,pink
CA2,pink
CA5A,pink
CACNA1H,pink
CACNA2D3,pink
CACNB2,pink
CACNG1,pink
CADM2,pink
CADPS,pink
CALCB,pink
CALD1,pink
CALML3,pink
CAMK1D,pink
CAMKK2,pink
CAMTA1,pink
CANT1,pink
CAP2,pink
CAPN2,pink
CAPS,pink
CAPS2,pink
CAPZB,pink
CARD10,pink
CARD11,pink
CARS,pink
CASP7,pink
CASP9,pink
CASR,pink
CBARA1,pink
CBFA2T3,pink
CBR1,pink
CBX7,pink
CBY1,pink
CCDC104,pink
CCDC141,pink
CCDC146,pink
CCDC39,pink
CCDC40,pink
CCDC46,pink
CCDC47,pink
CCDC53,pink
CCDC66,pink
CCDC67,pink
CCDC86,pink
CCKBR,pink
CCL16,pink
CCNA1,pink
CCNJL,pink
CCNL2,pink
CCNT1,pink
CCR6,pink
CD164,pink
CD200,pink
CD3G,pink
CD4,pink
CD5L,pink
CD81,pink
CD8A,pink
CD8B,pink
CDC14A,pink
CDC34,pink
CDC42BPB,pink
CDC42EP2,pink
CDH11,pink
CDH18,pink
CDH23,pink
CDH7,pink
CDK12,pink
CDK19,pink
CDK5RAP2,pink
CDKAL1,pink
CDKL1,pink
CDYL,pink
CEACAM16,pink
CELSR1,pink
CENPF,pink
CEP97,pink
CES1,pink
CFDP1,pink
CFLAR,pink
CFTR,pink
CGNL1,pink
CHAD,pink
CHCHD4,pink
CHD5,pink
CHD7,pink
CHD8,pink
CHFR,pink
CHIT1,pink
CHN1,pink
CHORDC1,pink
CHP2,pink
CHST11,pink
CHST12,pink
CHST15,pink
CIT,pink
CLCN3,pink
CLDN12,pink
CLDN18,pink
CLEC2L,pink
CLLU1OS,pink
CLN8,pink
CLPTM1L,pink
CLUL1,pink
CMBL,pink
CMPK2,pink
CMTM6,pink
CNIH4,pink
CNPY1,pink
CNST,pink
CNTNAP2,pink
COL11A1,pink
COL11A2,pink
COL19A1,pink
COL21A1,pink
COL23A1,pink
COL29A1,pink
COL4A1,pink
COL5A1,pink
COL6A3,pink
COL6A6,pink
COL7A1,pink
COLQ,pink
COMMD9,pink
COPS4,pink
COPS7B,pink
COPS8,pink
COPZ1,pink
COTL1,pink
COX11,pink
CPA6,pink
CPLX1,pink
CPNE8,pink
CRABP1,pink
CRADD,pink
CRBN,pink
CRIM1,pink
CRIP2,pink
CRISP2,pink
CRYL1,pink
CSGALNACT1,pink
CSMD1,pink
CSNK1A1P,pink
CSNK2A1P,pink
CTBP2,pink
CTDP1,pink
CTDSP2,pink
CTNNA2,pink
CTNND2,pink
CTR9,pink
CTRC,pink
CTSL1,pink
CTSO,pink
CUX1,pink
CUX2,pink
CWF19L1,pink
CWF19L2,pink
CXCL3,pink
CXCR4,pink
CXXC5,pink
CYB5R1,pink
CYB5R3,pink
CYP19A1,pink
CYP1B1,pink
CYP2F1,pink
CYP3A43,pink
CYTH3,pink
CYTSA,pink
DACH1,pink
DAG1,pink
DAP,pink
DAZAP2,pink
DBX2,pink
DCAF8,pink
DCC,pink
DCHS2,pink
DCPS,pink
DCUN1D4,pink
DDC,pink
DDHD2,pink
DDR2,pink
DDX10,pink
DDX24,pink
DDX46,pink
DDX47,pink
DDX5,pink
DDX60,pink
DEAF1,pink
DEFA10P,pink
DEFA5,pink
DEFB134,pink
DENND3,pink
DENR,pink
DHX16,pink
DHX37,pink
DIP2C,pink
DIRC3,pink
DLC1,pink
DLGAP2,pink
DLK1,pink
DNAH17,pink
DNAH2,pink
DNAH6,pink
DNAH8,pink
DNAH9,pink
DNAJC16,pink
DNAJC6,pink
DNAJC9,pink
DNER,pink
DNM3,pink
DNMT1,pink
DNTTIP2,pink
DOCK2,pink
DOCK4,pink
DOCK6,pink
DPP10,pink
DPP6,pink
DPT,pink
DPYD,pink
DPYS,pink
DSC2,pink
DSCC1,pink
DSN1,pink
DST,pink
DTNA,pink
DUOX1,pink
DUSP11,pink
DUSP26,pink
DUSP27,pink
DUSP3,pink
DYNC1H1,pink
DZIP3,pink
EBF3,pink
EDAR,pink
EDNRA,pink
EEF1A2,pink
EEF2,pink
EFCAB4A,pink
EFCAB4B,pink
EFHB,pink
EFNA5,pink
EGFR,pink
EHD2,pink
EHD4,pink
EHF,pink
EHMT1,pink
EIF2AK4,pink
EIF2C3,pink
EIF4A2,pink
EIF6,pink
ELFN1,pink
ELMO2,pink
ELOVL1,pink
ELOVL4,pink
ELOVL5,pink
ELP4,pink
EMR4P,pink
ENOX1,pink
ENTPD1,pink
ENTPD2,pink
ENTPD5,pink
EPB41,pink
EPB41L4A,pink
EPHA4,pink
EPHA5,pink
EPHB6,pink
EPHX1,pink
EPHX2,pink
EPN3,pink
EPS8L2,pink
ERAL1,pink
ERBB2IP,pink
ERCC8,pink
ERMAP,pink
ERN1,pink
ESPNL,pink
ESR1,pink
ESR2,pink
ESRRG,pink
ETAA1,pink
ETNK2,pink
ETV7,pink
EVC2,pink
EXD3,pink
EXOC7,pink
EXOSC7,pink
EXOSC9,pink
EYA4,pink
F3,pink
FAF1,pink
FAM104A,pink
FAM107B,pink
FAM111A,pink
FAM113B,pink
FAM134B,pink
FAM13C,pink
FAM160B1,pink
FAM163A,pink
FAM174B,pink
FAM178B,pink
FAM183A,pink
FAM190B,pink
FAM194A,pink
FAM19A1,pink
FAM20A,pink
FAM20C,pink
FAM54A,pink
FAM55C,pink
FAM63A,pink
FAM71B,pink
FAM71C,pink
FAM83B,pink
FAM83C,pink
FAM83H,pink
FAM84A,pink
FANCA,pink
FANK1,pink
FARP1,pink
FASLG,pink
FAT1,pink
FAT2,pink
FBLN1,pink
FBLN5,pink
FBRSL1,pink
FBXL13,pink
FBXL17,pink
FBXL18,pink
FBXO30,pink
FBXO31,pink
FBXO38,pink
FBXO46,pink
FCER1A,pink
FCF1,pink
FCHSD2,pink
FCRL5,pink
FCRL6,pink
FCRLA,pink
FEM1C,pink
FEZ1,pink
FEZF1,pink
FGF12,pink
FGF20,pink
FGF9,pink
FGFR2,pink
FGFR4,pink
FGFRL1,pink
FGGY,pink
FHDC1,pink
FIBP,pink
FIGN,pink
FIP1L1,pink
FKBP1B,pink
FKBPL,pink
FLJ37543,pink
FLRT2,pink
FLT1,pink
FNBP4,pink
FNTB,pink
FOS,pink
FOXB1,pink
FOXJ3,pink
FOXN3,pink
FOXP1,pink
FOXR1,pink
FRAS1,pink
FRMD4A,pink
FRMD6,pink
FSTL4,pink
FSTL5,pink
FTH1,pink
FTO,pink
FUBP1,pink
FXYD6,pink
FZD2,pink
G0S2,pink
GAA,pink
GABARAP,pink
GABPA,pink
GABRA2,pink
GABRA5,pink
GABRB1,pink
GABRB3,pink
GABRD,pink
GABRG1,pink
GABRG3,pink
GABRR1,pink
GAK,pink
GALK2,pink
GALNS,pink
GALNT13,pink
GALNT2,pink
GALNT9,pink
GANC,pink
GAP43,pink
GAR1,pink
GARS,pink
GAS2L2,pink
GATA5,pink
GATAD1,pink
GBA3,pink
GBP4,pink
GCNT3,pink
GDAP2,pink
GDF2,pink
GDPD5,pink
GFM2,pink
GFPT2,pink
GFRA2,pink
GGA2,pink
GGPS1,pink
GHRHR,pink
GIMAP4,pink
GJA3,pink
GJB2,pink
GJD4,pink
GK2,pink
GLB1L2,pink
GLI3,pink
GLRA3,pink
GLRX2,pink
GLYAT,pink
GNA12,pink
GNAL,pink
GNB1,pink
GNB3,pink
GNG11,pink
GNG5,pink
GNG7,pink
GNPDA2,pink
GNPNAT1,pink
GNPTG,pink
GNS,pink
GOLGA7B,pink
GON4L,pink
GP2,pink
GPATCH2,pink
GPBP1,pink
GPER,pink
GPLD1,pink
GPN1,pink
GPR1,pink
GPR107,pink
GPR149,pink
GPR160,pink
GPR182,pink
GPR39,pink
GPR4,pink
GPR85,pink
GPR98,pink
GPRIN1,pink
GPX7,pink
GRAMD1B,pink
GRAMD3,pink
GREB1,pink
GRIA1,pink
GRIA2,pink
GRK4,pink
GRK5,pink
GRK7,pink
GRM8,pink
GSG1,pink
GTF2A1L,pink
GTF2H4,pink
GTF2IRD1,pink
GTF3C1,pink
GTPBP10,pink
GTPBP8,pink
H2AFY,pink
H3F3B,pink
HABP4,pink
HAS2,pink
HAT1,pink
HAVCR1,pink
HBS1L,pink
HCCA2,pink
HCFC1R1,pink
HCN3,pink
HDAC4,pink
HDGFL1,pink
HDLBP,pink
HECW1,pink
HEG1,pink
HEPHL1,pink
HEPN1,pink
HERC2,pink
HERC6,pink
HEXB,pink
HHAT,pink
HHIPL2,pink
HIBCH,pink
HIC1,pink
HIPK1,pink
HIPK3,pink
HIST1H1E,pink
HIST1H2AA,pink
HIST1H2BN,pink
HIST1H3H,pink
HIST1H3I,pink
HIVEP1,pink
HIVEP2,pink
HIVEP3,pink
HJURP,pink
HLA-DPA1,pink
HLA-DPB2,pink
HLA-DQA2,pink
HMGA1,pink
HMGA2,pink
HMGB4,pink
HMGN4,pink
HMP19,pink
HNRNPH1,pink
HNRNPH3,pink
HNRNPR,pink
HNRPLL,pink
HOOK1,pink
HOXA9,pink
HPSE2,pink
HPYR1,pink
HRH2,pink
HRH4,pink
HRNBP3,pink
HS3ST2,pink
HS6ST3,pink
HSD17B3,pink
HSD17B4,pink
HSF4,pink
HSPA1A,pink
HSPA1L,pink
HSPA5,pink
HSPA7,pink
HSPB1,pink
HTR2A,pink
HTRA3,pink
HYI,pink
HYLS1,pink
IER2,pink
IFIT1,pink
IFIT2,pink
IFT74,pink
IFT80,pink
IGF1,pink
IGF1R,pink
IGFALS,pink
IGFBP2,pink
IGFBP4,pink
IGFBP7,pink
IGHMBP2,pink
IGSF11,pink
IGSF21,pink
IGSF22,pink
IGSF3,pink
IGSF9B,pink
IL12RB2,pink
IL16,pink
IL1F5,pink
IL1F7,pink
IL20,pink
IMPA1,pink
INF2,pink
ING1,pink
ING5,pink
INO80B,pink
INPP5A,pink
INPP5D,pink
INS-IGF2,pink
INTS10,pink
INTS12,pink
INTS7,pink
INVS,pink
IPMK,pink
IQCC,pink
IQGAP1,pink
IQSEC3,pink
IRS2,pink
ISLR,pink
ISY1,pink
ITGA1,pink
ITGAV,pink
ITGB1,pink
ITPK1,pink
ITPKB,pink
IVL,pink
JAKMIP1,pink
JARID2,pink
JMJD1C,pink
JPH1,pink
JPH3,pink
KALRN,pink
KANK2,pink
KANK4,pink
KBTBD6,pink
KCNAB1,pink
KCNC1,pink
KCNE1,pink
KCNG2,pink
KCNH3,pink
KCNJ2,pink
KCNJ6,pink
KCNK1,pink
KCNN2,pink
KCNQ1,pink
KCNQ1DN,pink
KCNS3,pink
KDELR2,pink
KDM5A,pink
KHDRBS2,pink
KIAA0182,pink
KIAA0247,pink
KIAA0284,pink
KIAA0415,pink
KIAA0427,pink
KIAA0556,pink
KIAA0652,pink
KIAA1033,pink
KIAA1199,pink
KIAA1267,pink
KIAA1279,pink
KIAA1324,pink
KIAA1383,pink
KIAA1407,pink
KIAA1409,pink
KIAA1522,pink
KIAA1529,pink
KIAA1549,pink
KIAA1688,pink
KIAA1712,pink
KIAA1751,pink
KIAA1804,pink
KIAA1826,pink
KIF1B,pink
KIF25,pink
KIF26A,pink
KIF26B,pink
KIF2B,pink
KIF5C,pink
KIFAP3,pink
KIRREL3,pink
KLC4,pink
KLF13,pink
KLF15,pink
KLF17,pink
KLF6,pink
KLHDC4,pink
KLHDC7A,pink
KLHDC8A,pink
KLHL24,pink
KLHL29,pink
KLK1,pink
KLK13,pink
KLK15,pink
KNDC1,pink
KPRP,pink
KRI1,pink
KRT20,pink
KRT23,pink
KRT33A,pink
KRT34,pink
L3MBTL4,pink
LALBA,pink
LAPTM4A,pink
LARP1,pink
LCE1B,pink
LCE1C,pink
LCE1F,pink
LCE2A,pink
LCE2B,pink
LCE2D,pink
LCE4A,pink
LCE5A,pink
LCE6A,pink
LCORL,pink
LDB3,pink
LDLRAD3,pink
LEP,pink
LGI2,pink
LHX8,pink
LIFR,pink
LIN28B,pink
LIN54,pink
LINGO3,pink
LIPC,pink
LITAF,pink
LMAN2L,pink
LMCD1,pink
LMF1,pink
LMO2,pink
LNP1,pink
LOC100133991,pink
LOC100134713,pink
LOC100270746,pink
LOC100289673,pink
LOC143188,pink
LOC146481,pink
LOC150185,pink
LOC219347,pink
LOC255025,pink
LOC282997,pink
LOC283922,pink
LOC285627,pink
LOC285692,pink
LOC286094,pink
LOC360030,pink
LOC400657,pink
LOC494141,pink
LOC644649,pink
LOC646405,pink
LOC646627,pink
LOC646982,pink
LOC732275,pink
LOH12CR1,pink
LOH3CR2A,pink
LOXL1,pink
LPCAT1,pink
LPL,pink
LRBA,pink
LRFN1,pink
LRFN3,pink
LRIT2,pink
LRP10,pink
LRP5,pink
LRRC1,pink
LRRC16A,pink
LRRC20,pink
LRRC30,pink
LRRC43,pink
LRRC49,pink
LRRC8D,pink
LRRCC1,pink
LRRFIP2,pink
LRRK1,pink
LRTM1,pink
LRTM2,pink
LSM14A,pink
LSM4,pink
LTB,pink
LTBP3,pink
LTBP4,pink
LTV1,pink
LY6G6F,pink
LY6K,pink
LY9,pink
LYPD6B,pink
LYSMD4,pink
LZTS1,pink
MAD1L1,pink
MAD2L1,pink
MAGI1,pink
MAGI3,pink
MAK16,pink
MALAT1,pink
MAN1C1,pink
MAN2B1,pink
MAP1S,pink
MAP2,pink
MAP3K9,pink
MAP4K4,pink
MAPK4,pink
MAPT,pink
MARS,pink
MAS1L,pink
MASP1,pink
MAST4,pink
MAT2B,pink
MAX,pink
MBD3,pink
MBIP,pink
MBNL2,pink
MC4R,pink
MCCC1,pink
MCF2L,pink
MDM1,pink
MDM4,pink
MED26,pink
MEGF11,pink
MESP1,pink
METRNL,pink
MFSD2B,pink
MGC26597,pink
MGC42105,pink
MGLL,pink
MGMT,pink
MGST2,pink
MICA,pink
MICAL2,pink
MICB,pink
MIER1,pink
MIER2,pink
MIER3,pink
MIR1471,pink
MIR24-1,pink
MIR25,pink
MIR345,pink
MIR34B,pink
MIR548D1,pink
MIR548H4,pink
MIR548N,pink
MIR612,pink
MITD1,pink
MIXL1,pink
MKRN1,pink
MKS1,pink
MLKL,pink
MLLT3,pink
MLPH,pink
MMACHC,pink
MOBKL2B,pink
MORC1,pink
MORN1,pink
MOXD2,pink
MPO,pink
MPP7,pink
MRGPRX4,pink
MRI1,pink
MRPL30,pink
MRPL54,pink
MRPS10,pink
MRPS18B,pink
MRPS30,pink
MS4A10,pink
MS4A2,pink
MSH5,pink
MSH6,pink
MSI2,pink
MSL2,pink
MSRB3,pink
MTERF,pink
MTHFS,pink
MTL5,pink
MTMR11,pink
MTMR15,pink
MTOR,pink
MTUS1,pink
MUC17,pink
MUC5B,pink
MYC,pink
MYCN,pink
MYH3,pink
MYL2,pink
MYO10,pink
MYO15B,pink
MYO16,pink
MYO18A,pink
MYO1C,pink
MYO3B,pink
MYOCD,pink
MYOF,pink
MYOM2,pink
MYT1L,pink
NAA11,pink
NAA50,pink
NAALAD2,pink
NAB2,pink
NACA2,pink
NADK,pink
NADSYN1,pink
NAF1,pink
NALCN,pink
NANOS2,pink
NAP1L1,pink
NAP1L4,pink
NARFL,pink
NARS2,pink
NAV2,pink
NBEAL1,pink
NCAPG,pink
NCAPG2,pink
NCL,pink
NCOA5,pink
NCOR1,pink
NCOR2,pink
NCRNA00171,pink
NCRNA00219,pink
NDUFB3,pink
NDUFS6,pink
NEDD4,pink
NEK5,pink
NEK9,pink
NEUROD1,pink
NFATC1,pink
NFATC4,pink
NFIB,pink
NFIL3,pink
NFKB1,pink
NGDN,pink
NGF,pink
NHEDC2,pink
NHEJ1,pink
NKIRAS2,pink
NKX2-6,pink
NLRP7,pink
NME1,pink
NMNAT1,pink
NMT2,pink
NOL10,pink
NOL4,pink
NOLC1,pink
NOM1,pink
NOTCH4,pink
NOVA2,pink
NPAS3,pink
NPLOC4,pink
NPNT,pink
NPY,pink
NPY5R,pink
NR1H4,pink
NR2C1,pink
NR2F2,pink
NRG1,pink
NRG2,pink
NRTN,pink
NSMAF,pink
NSMCE1,pink
NSUN3,pink
NSUN4,pink
NTM,pink
NTNG2,pink
NUAK2,pink
NUB1,pink
NUBP1,pink
NUDC,pink
NUDT7,pink
NUFIP2,pink
NUP155,pink
NUP188,pink
NUP205,pink
NUTF2,pink
NXN,pink
NXPH2,pink
NXPH4,pink
OCA2,pink
ODF2L,pink
ODZ2,pink
ODZ3,pink
ODZ4,pink
OLFM1,pink
OLFML1,pink
OLR1,pink
OPCML,pink
OPN5,pink
OPRD1,pink
OR10J5,pink
OR10T2,pink
OR10W1,pink
OR11L1,pink
OR1L3,pink
OR2K2,pink
OR2L13,pink
OR4F15,pink
OR4K1,pink
OR51B6,pink
OR51G1,pink
OR52I2,pink
OR5C1,pink
OR5E1P,pink
OR6N1,pink
ORC1L,pink
ORC2L,pink
ORMDL2,pink
OS9,pink
OSBPL5,pink
OSBPL9,pink
OTOF,pink
OTOP3,pink
OTX2OS1,pink
OVCH1,pink
OXNAD1,pink
P4HA2,pink
PABPN1,pink
PACRG,pink
PACSIN1,pink
PAFAH1B1,pink
PAK2,pink
PALLD,pink
PALM2,pink
PAPD4,pink
PARD3,pink
PARK2,pink
PARK7,pink
PARP12,pink
PART1,pink
PASK,pink
PBLD,pink
PCCA,pink
PCDH18,pink
PCGF3,pink
PCYT1A,pink
PDCD4,pink
PDE12,pink
PDE3A,pink
PDE4D,pink
PDE6A,pink
PDGFRL,pink
PDLIM3,pink
PDZK1,pink
PEG3,pink
PENK,pink
PER2,pink
PER3,pink
PET112L,pink
PEX1,pink
PEX14,pink
PEX19,pink
PFDN1,pink
PFKFB2,pink
PFKP,pink
PGK2,pink
PHACTR2,pink
PHB,pink
PHYHIP,pink
PHYHIPL,pink
PI4K2A,pink
PIGG,pink
PIGM,pink
PIK3CD,pink
PIK3R6,pink
PIP4K2A,pink
PIP5K1C,pink
PITPNC1,pink
PITRM1,pink
PKHD1L1,pink
PKIB,pink
PLAGL1,pink
PLB1,pink
PLEKHM3,pink
PLK4,pink
PLSCR4,pink
PLXDC2,pink
PLXNA4,pink
PLXND1,pink
PMM2,pink
PNLDC1,pink
PNPLA1,pink
POGZ,pink
POLD4,pink
POLE,pink
POLQ,pink
POP4,pink
POPDC2,pink
POU2F1,pink
POU3F3,pink
PPA2,pink
PPFIA3,pink
PPIG,pink
PPM1H,pink
PPM1K,pink
PPP1R11,pink
PPP2R1B,pink
PPP2R5B,pink
PPP2R5E,pink
PQLC1,pink
PRAGMIN,pink
PRDM16,pink
PRDM2,pink
PRDM6,pink
PRDM7,pink
PRELID2,pink
PREP,pink
PREX2,pink
PRICKLE2,pink
PRIM2,pink
PRKAG2,pink
PRKAR1A,pink
PRKAR1B,pink
PRKCE,pink
PRKCH,pink
PRKCZ,pink
PRKRIR,pink
PRL,pink
PRMT8,pink
PRR13,pink
PRR15,pink
PRR23A,pink
PRR25,pink
PRRX2,pink
PRSS22,pink
PRSS42,pink
PRSS50,pink
PRX,pink
PSENEN,pink
PSMB9,pink
PSMC2,pink
PSMD1,pink
PSMG1,pink
PTCD3,pink
PTDSS1,pink
PTDSS2,pink
PTGDR,pink
PTHLH,pink
PTK2B,pink
PTK7,pink
PTP4A3,pink
PTPN21,pink
PTPN4,pink
PTPRB,pink
PTPRN2,pink
PTPRR,pink
PTTG1,pink
PXDN,pink
RAB11A,pink
RAB11FIP1,pink
RAB17,pink
RAB18,pink
RAB3C,pink
RAB40C,pink
RAB6A,pink
RAD1,pink
RAD17,pink
RAD50,pink
RAD52,pink
RADIL,pink
RAGE,pink
RAI1,pink
RALGAPA1,pink
RALGAPA2,pink
RAP2A,pink
RAPGEFL1,pink
RARA,pink
RARRES1,pink
RASA1,pink
RASA3,pink
RASAL2,pink
RASGRF1,pink
RASGRP3,pink
RASL10B,pink
RASSF3,pink
RB1,pink
RBM14,pink
RBM17,pink
RBM18,pink
RBM24,pink
RBM26,pink
RBM44,pink
RBM8A,pink
RBMS2,pink
RBMS3,pink
RBMXL1,pink
RCC2,pink
RCOR3,pink
RDBP,pink
REEP6,pink
REG3G,pink
REG4,pink
RELL1,pink
RESP18,pink
RFC4,pink
RFPL2,pink
RFX3,pink
RGS12,pink
RGS22,pink
RHCE,pink
RHOJ,pink
RNF103,pink
RNF111,pink
RNF122,pink
RNF13,pink
RNF14,pink
RNF144A,pink
RNF146,pink
RNF165,pink
RNF166,pink
RNF182,pink
RNF186,pink
RNF216,pink
RNF43,pink
RNF5,pink
RNF5P1,pink
RNLS,pink
RNU5E,pink
RNU6ATAC,pink
ROCK1,pink
ROR2,pink
RP1,pink
RPA1,pink
RPH3AL,pink
RPL13AP5,pink
RPL21,pink
RPLP2,pink
RPS16,pink
RPS6KA2,pink
RPS9,pink
RPTN,pink
RPTOR,pink
RRM2B,pink
RSPO4,pink
RTN4,pink
RTTN,pink
RUNX1,pink
RUSC1,pink
RUVBL1,pink
RWDD2B,pink
RYR2,pink
SAA2,pink
SAC3D1,pink
SALL3,pink
SAPS3,pink
SARDH,pink
SART1,pink
SBF2,pink
SBK1,pink
SBNO2,pink
SCARA3,pink
SCARA5,pink
SCARB1,pink
SCARF2,pink
SCD,pink
SCGB1D1,pink
SCN9A,pink
SCNN1B,pink
SCOC,pink
SCPEP1,pink
SCRIB,pink
SCUBE2,pink
SDCBP,pink
SDCCAG1,pink
SDCCAG8,pink
SDF4,pink
SDHC,pink
SDK1,pink
SDPR,pink
SEC16B,pink
SEC22C,pink
SEC61A2,pink
SECTM1,pink
SEL1L3,pink
SEMA3E,pink
SEMA4F,pink
SEMA6B,pink
SEPT8,pink
SEPT9,pink
SERGEF,pink
SERP2,pink
SERPINA3,pink
SETBP1,pink
SF3B2,pink
SF3B3,pink
SFRS1,pink
SFRS18,pink
SGCE,pink
SGK1,pink
SGK196,pink
SH2D4B,pink
SH3D19,pink
SH3GL3,pink
SH3PXD2A,pink
SH3TC2,pink
SHANK2,pink
SHF,pink
SHFM1,pink
SHISA2,pink
SHISA6,pink
SIGIRR,pink
SIK2,pink
SIPA1,pink
SIRT7,pink
SIX4,pink
SKAP1,pink
SKI,pink
SKP2,pink
SLBP,pink
SLC10A7,pink
SLC12A2,pink
SLC12A7,pink
SLC13A4,pink
SLC13A5,pink
SLC17A6,pink
SLC17A7,pink
SLC1A6,pink
SLC20A2,pink
SLC22A15,pink
SLC22A2,pink
SLC22A23,pink
SLC22A3,pink
SLC22A8,pink
SLC25A13,pink
SLC25A37,pink
SLC26A1,pink
SLC29A1,pink
SLC2A2,pink
SLC2A4RG,pink
SLC2A5,pink
SLC30A3,pink
SLC34A1,pink
SLC35F1,pink
SLC35F3,pink
SLC36A3,pink
SLC38A10,pink
SLC39A6,pink
SLC44A2,pink
SLC45A4,pink
SLC47A2,pink
SLC5A1,pink
SLC6A1,pink
SLC6A13,pink
SLC6A15,pink
SLC6A17,pink
SLC6A20,pink
SLC6A3,pink
SLC6A5,pink
SLC9A9,pink
SLCO5A1,pink
SLFN11,pink
SLIT1,pink
SLITRK5,pink
SLTM,pink
SMAD1,pink
SMAD6,pink
SMAD9,pink
SMAP1,pink
SMARCA2,pink
SMARCA5,pink
SMARCAD1,pink
SMARCD1,pink
SMARCE1,pink
SMCP,pink
SMG7,pink
SMOC1,pink
SMOC2,pink
SMTNL1,pink
SMTNL2,pink
SMYD3,pink
SNAP29,pink
SNCA,pink
SND1,pink
SNF8,pink
SNORA57,pink
SNORD115-7,pink
SNORD115-9,pink
SNORD27,pink
SNORD43,pink
SNRK,pink
SNRNP27,pink
SNTB2,pink
SNTG2,pink
SNX1,pink
SNX16,pink
SNX3,pink
SNX8,pink
SOCS2,pink
SOLH,pink
SORBS2,pink
SORCS3,pink
SOX2OT,pink
SPATA13,pink
SPATA5,pink
SPATS2L,pink
SPEN,pink
SPG11,pink
SPG20,pink
SPRED1,pink
SPRR2A,pink
SPRR2G,pink
SPRY1,pink
SPTBN2,pink
SPTBN4,pink
SPTY2D1,pink
SRA1,pink
SRBD1,pink
SRD5A1,pink
SREBF1,pink
SRGAP2,pink
SRGAP3,pink
SRI,pink
SRP54,pink
SRPRB,pink
SRRM4,pink
SRRT,pink
SSBP4,pink
SSR3,pink
ST3GAL3,pink
ST5,pink
ST6GALNAC3,pink
ST7,pink
ST8SIA4,pink
STAP1,pink
STARD13,pink
STARD7,pink
STAT2,pink
STAU1,pink
STBD1,pink
STC1,pink
STEAP2,pink
STIM2,pink
STK10,pink
STK16,pink
STK31,pink
STK39,pink
STK4,pink
STOX2,pink
STRA8,pink
STRADA,pink
STRADB,pink
STX18,pink
SUB1,pink
SUGT1P1,pink
SUSD1,pink
SUSD5,pink
SV2C,pink
SVIL,pink
SVIP,pink
SYCP2L,pink
SYNM,pink
SYNPR,pink
SYT1,pink
SYT6,pink
SYTL2,pink
TACC2,pink
TACR3,pink
TADA1,pink
TAGLN2,pink
TALDO1,pink
TAOK1,pink
TAOK2,pink
TAP1,pink
TAPBP,pink
TARBP2,pink
TAS1R2,pink
TAS2R38,pink
TBC1D12,pink
TBC1D4,pink
TBC1D9,pink
TBCD,pink
TBCK,pink
TBK1,pink
TBX2,pink
TBX20,pink
TBX5,pink
TBXA2R,pink
TCEA2,pink
TCERG1L,pink
TCF25,pink
TCF4,pink
TCF7L2,pink
TCIRG1,pink
TCTE1,pink
TCTEX1D4,pink
TDH,pink
TDP1,pink
TDRD10,pink
TDRD12,pink
TDRD6,pink
TEC,pink
TERT,pink
TEX12,pink
TFCP2,pink
TGFB1,pink
TGIF1,pink
TGOLN2,pink
THAP5,pink
THNSL2,pink
THRAP3,pink
TIMM50,pink
TIPRL,pink
TK2,pink
TLK1,pink
TLL1,pink
TM4SF19,pink
TM9SF2,pink
TMC3,pink
TMED5,pink
TMEM107,pink
TMEM110,pink
TMEM132B,pink
TMEM136,pink
TMEM14C,pink
TMEM161A,pink
TMEM161B,pink
TMEM169,pink
TMEM19,pink
TMEM51,pink
TMPRSS12,pink
TMTC2,pink
TNFRSF19,pink
TNFRSF21,pink
TNKS,pink
TNNI3,pink
TNPO2,pink
TNRC18,pink
TNXB,pink
TOP2A,pink
TOPORS,pink
TP53BP2,pink
TP53I3,pink
TP73,pink
TPCN2,pink
TPI1,pink
TPO,pink
TPRXL,pink
TRAF3,pink
TRAF6,pink
TRAPPC9,pink
TRIM10,pink
TRIM15,pink
TRIM26,pink
TRIM31,pink
TRIM35,pink
TRIM38,pink
TRIM39,pink
TRIM40,pink
TRIM42,pink
TRIM58,pink
TRIM67,pink
TRIML2,pink
TRIOBP,pink
TRMT1,pink
TRPC6,pink
TRPM4,pink
TRPS1,pink
TRPV6,pink
TRRAP,pink
TSC1,pink
TSEN15,pink
TSHR,pink
TSNARE1,pink
TSSC1,pink
TTC15,pink
TTC31,pink
TTC7B,pink
TTC9,pink
TTK,pink
TTL,pink
TTYH3,pink
TUBA1B,pink
TUBGCP3,pink
TXNDC15,pink
TXNDC3,pink
TXNRD1,pink
UBA2,pink
UBE2B,pink
UBE2W,pink
UBE3A,pink
UBR3,pink
UBXN7,pink
UCHL3,pink
UCN2,pink
UCN3,pink
UGDH,pink
UGT1A10,pink
UHMK1,pink
UNC84A,pink
UNKL,pink
UPK1A,pink
UPK1B,pink
UQCRB,pink
URB2,pink
URGCP,pink
USF2,pink
USP12,pink
USP13,pink
USP14,pink
USP20,pink
USP22,pink
USP29,pink
USP31,pink
UST,pink
UVRAG,pink
VAMP3,pink
VAMP8,pink
VAV2,pink
VAX1,pink
VENTX,pink
VEPH1,pink
VGLL4,pink
VPS13A,pink
VPS41,pink
VPS53,pink
VSTM2A,pink
VTI1A,pink
VWA3B,pink
VWC2L,pink
WASF2,pink
WDR1,pink
WDR27,pink
WDR3,pink
WDR37,pink
WDR53,pink
WDR5B,pink
WDR60,pink
WDR67,pink
WDR7,pink
WDR75,pink
WDR86,pink
WDR93,pink
WFIKKN2,pink
WHSC2,pink
WIPI1,pink
WIZ,pink
WNT5A,pink
WSCD2,pink
XKR5,pink
XKR6,pink
YEATS4,pink
YIPF1,pink
YJEFN3,pink
YTHDC1,pink
YTHDF2,pink
ZBTB1,pink
ZBTB16,pink
ZBTB17,pink
ZBTB44,pink
ZBTB45,pink
ZBTB7A,pink
ZBTB9,pink
ZC3H12A,pink
ZCCHC11,pink
ZCCHC14,pink
ZDHHC14,pink
ZEB2,pink
ZFAND2A,pink
ZFAND5,pink
ZFP161,pink
ZFPM1,pink
ZFYVE16,pink
ZFYVE28,pink
ZKSCAN5,pink
ZMAT2,pink
ZMYM1,pink
ZMYND11,pink
ZNF175,pink
ZNF197,pink
ZNF2,pink
ZNF215,pink
ZNF229,pink
ZNF230,pink
ZNF233,pink
ZNF26,pink
ZNF264,pink
ZNF300,pink
ZNF311,pink
ZNF34,pink
ZNF345,pink
ZNF385B,pink
ZNF397OS,pink
ZNF471,pink
ZNF502,pink
ZNF511,pink
ZNF518B,pink
ZNF525,pink
ZNF562,pink
ZNF569,pink
ZNF577,pink
ZNF599,pink
ZNF608,pink
ZNF613,pink
ZNF680,pink
ZNF688,pink
ZNF721,pink
ZNF777,pink
ZNF780B,pink
ZNF783,pink
ZNF790,pink
ZNF804A,pink
ZNF804B,pink
ZNF805,pink
ZNF827,pink
ZNF841,pink
ZNHIT2,pink
ZNRD1,pink
ZNRF1,pink
ZSWIM2,pink
ZYG11B,pink
A2BP1,purple
AAK1,purple
ABL1,purple
ABLIM2,purple
ACADL,purple
ACCN4,purple
ACOT7,purple
ACTG1,purple
ACTR3,purple
ACVR2A,purple
ADAMTS17,purple
ADARB2,purple
ADK,purple
AFTPH,purple
AGFG1,purple
AHSA2,purple
AIP,purple
AKNAD1,purple
AKT1S1,purple
ALDH3B1,purple
ALDH9A1,purple
ALG10B,purple
ALG14,purple
ALG5,purple
AMD1,purple
AMPD2,purple
ANKRD10,purple
ANKRD23,purple
ANKRD34A,purple
AOAH,purple
AP2B1,purple
AP4E1,purple
AP4S1,purple
APLP2,purple
APPBP2,purple
APRT,purple
ARFGEF1,purple
ARHGAP12,purple
ARHGEF10,purple
ARHGEF17,purple
ARID1B,purple
ARMC7,purple
ARPC2,purple
ASAP2,purple
ASCL2,purple
ASH2L,purple
ASPHD1,purple
ATF6,purple
ATG4C,purple
ATP1A1,purple
ATP2C2,purple
ATP6V0A2,purple
ATP6V0C,purple
ATP6V1C2,purple
ATXN2L,purple
AXIN2,purple
AXL,purple
BAHCC1,purple
BANP,purple
BAT3,purple
BBS7,purple
BCL11A,purple
BCL2L12,purple
BCL6,purple
BCLAF1,purple
BDNF,purple
BEND6,purple
BET1,purple
BHLHE41,purple
BICD1,purple
BMPER,purple
BNIP3,purple
BRD2,purple
BRD4,purple
BRE,purple
BRP44,purple
BTBD3,purple
BTBD9,purple
BUB1B,purple
BZW1,purple
C10ORF18,purple
C10ORF72,purple
C11ORF16,purple
C11ORF21,purple
C12ORF23,purple
C13ORF18,purple
C13ORF35,purple
C14ORF43,purple
C15ORF24,purple
C15ORF39,purple
C15ORF58,purple
C16ORF80,purple
C17ORF101,purple
C17ORF102,purple
C17ORF28,purple
C17ORF51,purple
C17ORF54,purple
C17ORF79,purple
C17ORF82,purple
C18ORF22,purple
C19ORF47,purple
C19ORF51,purple
C1ORF183,purple
C1ORF203,purple
C1ORF27,purple
C1ORF51,purple
C3ORF63,purple
C4ORF19,purple
C5ORF37,purple
C6ORF145,purple
C6ORF170,purple
C6ORF195,purple
C6ORF47,purple
C6ORF48,purple
C7ORF38,purple
C7ORF50,purple
C7ORF51,purple
C8ORF41,purple
C9ORF23,purple
C9ORF25,purple
C9ORF40,purple
CA10,purple
CABC1,purple
CACNA1D,purple
CALB1,purple
CAMK2B,purple
CAMSAP1,purple
CAMTA2,purple
CAPRIN1,purple
CAPZA1,purple
CASC4,purple
CASKIN2,purple
CASZ1,purple
CBFA2T3,purple
CBS,purple
CBX2,purple
CCDC138,purple
CCDC3,purple
CCDC39,purple
CCDC40,purple
CCDC41,purple
CCDC42,purple
CCDC42B,purple
CCDC45,purple
CCDC57,purple
CCDC59,purple
CCDC77,purple
CCDC9,purple
CCDC90A,purple
CCDC99,purple
CCL19,purple
CCM2,purple
CCND2,purple
CCT5,purple
CD164,purple
CD38,purple
CDC20,purple
CDC73,purple
CDCA7L,purple
CDGAP,purple
CDH20,purple
CDH7,purple
CDK2AP1,purple
CDKAL1,purple
CDKN2D,purple
CDS1,purple
CEP72,purple
CES3,purple
CFDP1,purple
CFTR,purple
CHCHD5,purple
CHD4,purple
CHD8,purple
CHKA,purple
CHPF2,purple
CHRM2,purple
CHST1,purple
CLASP1,purple
CLDN3,purple
CLK4,purple
CLN5,purple
CLSTN3,purple
CLVS2,purple
CNIH,purple
COBRA1,purple
COG3,purple
COMMD3,purple
CORO1C,purple
COX18,purple
COX7A2L,purple
CPNE5,purple
CRLF1,purple
CRMP1,purple
CRTC2,purple
CRY1,purple
CSRNP1,purple
CTNNAL1,purple
CTNND2,purple
CTSF,purple
CUL2,purple
CUL3,purple
CUX1,purple
CXCL12,purple
CYB5B,purple
CYP4V2,purple
CYTH3,purple
CYTSB,purple
DACT3,purple
DDAH1,purple
DDAH2,purple
DECR2,purple
DGAT2,purple
DGKD,purple
DHX15,purple
DHX16,purple
DHX29,purple
DIP2C,purple
DIS3,purple
DKFZP686I15217,purple
DKK1,purple
DKKL1,purple
DLGAP2,purple
DLL1,purple
DNAH17,purple
DNAJC1,purple
DNAJC10,purple
DNAJC16,purple
DNAJC18,purple
DNAJC28,purple
DPCR1,purple
DPF3,purple
DPH2,purple
DPP6,purple
DPYD,purple
DSN1,purple
DST,purple
DTYMK,purple
DYNC1I2,purple
DYNC1LI2,purple
EED,purple
EFHA2,purple
EGFR,purple
EGR3,purple
EHD2,purple
EHMT1,purple
EHMT2,purple
EIF2B3,purple
EIF3I,purple
ELFN1,purple
ELK4,purple
ELMO2,purple
ELP3,purple
EME1,purple
ENTPD4,purple
EPS8,purple
ESR1,purple
ESRRG,purple
ETV6,purple
EVC,purple
EVI5L,purple
EVX1,purple
EXOC2,purple
EYA4,purple
F2R,purple
FAM123C,purple
FAM135A,purple
FAM13C,purple
FAM174A,purple
FAM196A,purple
FAM46B,purple
FAM47E,purple
FAM89A,purple
FANCA,purple
FARS2,purple
FBLN2,purple
FBRSL1,purple
FBXO33,purple
FBXO5,purple
FBXO8,purple
FDFT1,purple
FEM1C,purple
FH,purple
FLJ31306,purple
FLJ36000,purple
FLJ44606,purple
FLJ45244,purple
FLJ45983,purple
FN1,purple
FOXP1,purple
FRAS1,purple
FUZ,purple
FYN,purple
GABARAPL1,purple
GABPB1,purple
GABRA2,purple
GADL1,purple
GAK,purple
GAL3ST2,purple
GALNTL1,purple
GALR1,purple
GEN1,purple
GIPC3,purple
GLI2,purple
GMFB,purple
GNA12,purple
GNAI3,purple
GNAL,purple
GNB1L,purple
GNG12,purple
GNG7,purple
GNPNAT1,purple
GOLSYN,purple
GOPC,purple
GPA33,purple
GPR133,purple
GPR149,purple
GPR19,purple
GPSM3,purple
GRB2,purple
GRIK2,purple
GRIK4,purple
GSG1L,purple
GSTCD,purple
GTF2A1,purple
GTF2H1,purple
GTPBP3,purple
GUCY1B3,purple
H3F3B,purple
H6PD,purple
HCG18,purple
HDAC10,purple
HEG1,purple
HELLS,purple
HERC5,purple
HERPUD2,purple
HIST1H2AL,purple
HIST1H2BB,purple
HIST1H3B,purple
HIST1H3C,purple
HIST1H4H,purple
HLA-A,purple
HLA-DPB2,purple
HMBOX1,purple
HMGCS1,purple
HMGXB3,purple
HNRNPR,purple
HPCAL1,purple
HPSE2,purple
HPYR1,purple
HRNR,purple
HS2ST1,purple
HSPA1B,purple
HTT,purple
ICAM1,purple
ICT1,purple
IER2,purple
IFIT2,purple
IFT140,purple
IGF1R,purple
IL1RAP,purple
IL1RN,purple
IL5RA,purple
INO80D,purple
INPP5A,purple
INS-IGF2,purple
INSL3,purple
INSL6,purple
IPMK,purple
IRAK1BP1,purple
ITGA11,purple
ITIH3,purple
ITPK1,purple
JPH3,purple
JUN,purple
KALRN,purple
KBTBD11,purple
KBTBD5,purple
KCND2,purple
KCNG4,purple
KCNIP2,purple
KCNIP4,purple
KCNJ12,purple
KCNQ1,purple
KCTD1,purple
KDELC1,purple
KDM2B,purple
KDM3B,purple
KDM4B,purple
KDM5B,purple
KIAA0182,purple
KIAA0564,purple
KIAA1024,purple
KIAA1033,purple
KIAA1191,purple
KIAA1239,purple
KIAA1377,purple
KIAA1383,purple
KIAA1530,purple
KIAA1614,purple
KIAA1841,purple
KIAA1875,purple
KIAA1949,purple
KIF1C,purple
KIF22,purple
KIF23,purple
KIRREL,purple
KLC4,purple
KLHDC4,purple
KNDC1,purple
KRAS,purple
L3MBTL4,purple
LACRT,purple
LAMA3,purple
LAMB1,purple
LASS2,purple
LIPT2,purple
LMLN,purple
LMO7,purple
LMTK2,purple
LNP1,purple
LOC100128164,purple
LOC100128239,purple
LOC100132111,purple
LOC100288730,purple
LOC148696,purple
LOC150622,purple
LOC154822,purple
LOC283392,purple
LOC285548,purple
LOC339535,purple
LOC400657,purple
LOC641298,purple
LOC728613,purple
LPP,purple
LPXN,purple
LRIG1,purple
LRP1,purple
LRP1B,purple
LRPAP1,purple
LRPPRC,purple
LRRC67,purple
LRRN1,purple
LRTOMT,purple
LTA,purple
LUC7L,purple
LY6G5C,purple
M6PR,purple
MACROD1,purple
MAD1L1,purple
MAFK,purple
MAGI1,purple
MAGI2,purple
MAN1C1,purple
MAP2K3,purple
MAP2K5,purple
MAP2K7,purple
MAP3K6,purple
MAP4K4,purple
MAP4K5,purple
MAP6,purple
MAPKSP1,purple
MARK2,purple
MCF2L,purple
MCM6,purple
MCPH1,purple
MDC1,purple
MDGA1,purple
MDH1,purple
MDP1,purple
MED1,purple
MED10,purple
MELK,purple
MEMO1,purple
MEPCE,purple
METTL13,purple
METTL5,purple
MGMT,purple
MIR1275,purple
MIR589,purple
MIR636,purple
MIR760,purple
MIR922,purple
MLH1,purple
MMP17,purple
MMP21,purple
MOCS2,purple
MON1B,purple
MOSC2,purple
MRO,purple
MRPL36,purple
MRPS16,purple
MRPS33,purple
MRS2,purple
MS4A8B,purple
MSH2,purple
MSI2,purple
MTA1,purple
MTHFD1L,purple
MTHFS,purple
MYC,purple
NAAA,purple
NAB1,purple
NACA,purple
NADSYN1,purple
NAT15,purple
NAT8L,purple
NAV2,purple
NBEAL1,purple
NCAPG,purple
NCEH1,purple
NCOA2,purple
NCOR2,purple
NCRNA00167,purple
NCRNA00171,purple
NDUFA2,purple
NDUFA4,purple
NDUFS6,purple
NECAB3,purple
NEDD4L,purple
NEK10,purple
NELL2,purple
NEO1,purple
NEUROG2,purple
NFATC3,purple
NFYA,purple
NFYC,purple
NHP2,purple
NIPBL,purple
NIPSNAP3B,purple
NKX6-3,purple
NMT2,purple
NNT,purple
NQO1,purple
NQO2,purple
NR1H2,purple
NR2E3,purple
NRXN1,purple
NSUN4,purple
NTM,purple
NUDT5,purple
NUDT6,purple
NUP85,purple
NXN,purple
OAZ2,purple
OBFC2A,purple
ODC1,purple
ODZ3,purple
OR10H2,purple
OXSR1,purple
P4HTM,purple
PAFAH1B2,purple
PAM,purple
PAMR1,purple
PANK1,purple
PAPOLA,purple
PARK7,purple
PARM1,purple
PCDH9,purple
PCDHB1,purple
PCDHGA4,purple
PCGF3,purple
PCGF6,purple
PCMTD2,purple
PDCD1,purple
PDXDC1,purple
PEMT,purple
PEX10,purple
PEX26,purple
PEX3,purple
PFKP,purple
PGLYRP3,purple
PGM2L1,purple
PGRMC2,purple
PHTF2,purple
PIK3AP1,purple
PIK3CA,purple
PIK3R5,purple
PIP5K1B,purple
PIPSL,purple
PKHD1L1,purple
PKN2,purple
PLA2G16,purple
PLA2G1B,purple
PLCG2,purple
PLCL2,purple
PLEC1,purple
PLEKHG5,purple
PNKD,purple
PNPLA7,purple
POFUT2,purple
POLD3,purple
POLR3K,purple
PPAP2A,purple
PPARG,purple
PPME1,purple
PPP1R3E,purple
PPP2CB,purple
PPP3R1,purple
PRDM14,purple
PRDM16,purple
PRDX5,purple
PRDX6,purple
PREPL,purple
PRKAA2,purple
PRKACB,purple
PRKAR1B,purple
PRKCA,purple
PRKCD,purple
PRKCZ,purple
PRLHR,purple
PRR15,purple
PRR4,purple
PRSS27,purple
PRSS35,purple
PSMA6,purple
PSMB8,purple
PSMD13,purple
PSMD14,purple
PSPH,purple
PSTK,purple
PTEN,purple
PTGS2,purple
PTMA,purple
PTPN2,purple
PTPRF,purple
PTPRG,purple
PTPRN2,purple
PTPRO,purple
PTPRT,purple
PVRL2,purple
PVRL4,purple
PWP1,purple
PYGL,purple
QSOX2,purple
RAB11FIP1,purple
RAB33B,purple
RAB7A,purple
RAD21,purple
RAD54L,purple
RADIL,purple
RAGE,purple
RALB,purple
RASA3,purple
RASSF8,purple
RBM16,purple
RBM24,purple
RBM46,purple
RBM8A,purple
RBMS3,purple
RCN2,purple
RFC5,purple
RG9MTD2,purple
RGL2,purple
RGMA,purple
RGS12,purple
RIC8A,purple
RIMKLA,purple
RIOK2,purple
RIOK3,purple
RNF111,purple
RNF145,purple
RNF168,purple
RNF169,purple
RNF6,purple
ROBLD3,purple
ROBO2,purple
ROBO3,purple
RPAP2,purple
RPAP3,purple
RPH3AL,purple
RPL11,purple
RPS18,purple
RPS23,purple
RPTOR,purple
RPUSD1,purple
RPUSD2,purple
RREB1,purple
RSBN1L,purple
RSPH4A,purple
RTCD1,purple
RTKN2,purple
RTN3,purple
SALL3,purple
SAMD12,purple
SARDH,purple
SARM1,purple
SASH1,purple
SC4MOL,purple
SCARF2,purple
SCCPDH,purple
SCFD1,purple
SCN4A,purple
SCO2,purple
SCOC,purple
SCUBE2,purple
SDC4,purple
SDF4,purple
SDK1,purple
SELK,purple
SEMA5A,purple
SEMA6D,purple
SENP1,purple
SEPHS2,purple
SERF2,purple
SETBP1,purple
SETD5,purple
SETDB2,purple
SF3B3,purple
SFMBT2,purple
SFRS4,purple
SFXN1,purple
SFXN5,purple
SGCE,purple
SGOL1,purple
SGSH,purple
SH3RF2,purple
SH3RF3,purple
SHOX2,purple
SIN3A,purple
SIX3,purple
SIX4,purple
SLC10A4,purple
SLC15A1,purple
SLC19A2,purple
SLC1A2,purple
SLC25A17,purple
SLC25A3,purple
SLC25A46,purple
SLC27A6,purple
SLC2A1,purple
SLC30A6,purple
SLC46A1,purple
SLC8A1,purple
SLC9A3,purple
SLITRK5,purple
SMARCA4,purple
SMARCA5,purple
SMCHD1,purple
SMG5,purple
SMG7,purple
SMOC2,purple
SMYD3,purple
SND1,purple
SNHG8,purple
SNORA26,purple
SNORA36C,purple
SNORA7A,purple
SNTB1,purple
SNTG2,purple
SNX14,purple
SNX32,purple
SNX6,purple
SOLH,purple
SORCS1,purple
SOX4,purple
SPAG9,purple
SPATA17,purple
SPATA6,purple
SPATA8,purple
SPC25,purple
SPEN,purple
SPI1,purple
SRD5A1,purple
SREBF2,purple
SRGAP3,purple
SRP19,purple
SRRM3,purple
SSB,purple
SSR1,purple
ST6GAL2,purple
ST7OT4,purple
STARD5,purple
STK17B,purple
STK35,purple
STX18,purple
STX7,purple
STYK1,purple
STYX,purple
SUCLG1,purple
SUV39H2,purple
SUV420H2,purple
SYNGAP1,purple
TACC2,purple
TAF5L,purple
TAPBP,purple
TAS2R19,purple
TBC1D20,purple
TBCD,purple
TBK1,purple
TBL3,purple
TBRG1,purple
TCF23,purple
TCF7L2,purple
TCP1,purple
TDG,purple
TECPR2,purple
TEP1,purple
THUMPD3,purple
THYN1,purple
TIA1,purple
TIAM1,purple
TICAM1,purple
TLL2,purple
TLX1NB,purple
TM2D1,purple
TM9SF2,purple
TMEFF2,purple
TMEM136,purple
TMEM170A,purple
TMEM178,purple
TMEM183A,purple
TMEM200C,purple
TMEM201,purple
TMEM209,purple
TMEM38B,purple
TMEM41B,purple
TMEM52,purple
TMEM70,purple
TMEM9,purple
TMEM91,purple
TMEM97,purple
TMTC1,purple
TNKS,purple
TOP1MT,purple
TOX,purple
TP53,purple
TP53BP1,purple
TP53INP2,purple
TPRA1,purple
TPST2,purple
TRAM2,purple
TRAPPC6B,purple
TRIB2,purple
TRIM26,purple
TRIM33,purple
TRIM40,purple
TRIM71,purple
TRIP11,purple
TRNP1,purple
TRPM4,purple
TSC22D1,purple
TSSK6,purple
TSTA3,purple
TTC39A,purple
TTC9,purple
TTN,purple
TTYH1,purple
TUBD1,purple
TUBE1,purple
TUSC1,purple
TWF1,purple
TWSG1,purple
TXLNA,purple
TXNDC11,purple
TXNDC12,purple
TXNDC9,purple
UBA2,purple
UBA52,purple
UBAP2L,purple
UBD,purple
UBE2D3,purple
UBE2Z,purple
UBE4A,purple
UBR4,purple
UBTD1,purple
UQCRC2,purple
URGCP,purple
USP33,purple
USP35,purple
USP38,purple
USP45,purple
USP8,purple
USPL1,purple
VAMP3,purple
VAMP4,purple
VAPA,purple
VGLL4,purple
VPS13B,purple
VWC2,purple
WDR16,purple
WDR53,purple
WDR5B,purple
WDR66,purple
WDR88,purple
WFDC1,purple
WNT2,purple
WRN,purple
XAB2,purple
XRCC1,purple
YIF1A,purple
YLPM1,purple
YPEL5,purple
ZAK,purple
ZAP70,purple
ZBTB12,purple
ZBTB40,purple
ZBTB47,purple
ZDHHC4,purple
ZDHHC7,purple
ZFAND2A,purple
ZFP36L2,purple
ZFYVE28,purple
ZIC5,purple
ZNF132,purple
ZNF154,purple
ZNF165,purple
ZNF211,purple
ZNF224,purple
ZNF229,purple
ZNF235,purple
ZNF24,purple
ZNF281,purple
ZNF317,purple
ZNF329,purple
ZNF425,purple
ZNF454,purple
ZNF527,purple
ZNF554,purple
ZNF649,purple
ZNF664,purple
ZNF687,purple
ZNF727,purple
ZNF749,purple
ZNF761,purple
ZNF8,purple
ZNF816A,purple
ZNF843,purple
ZP3,purple
ZSWIM2,purple
ZSWIM5,purple
ZWINT,purple
ABCA7,red
ABCB1,red
ABCC1,red
ABLIM2,red
ACACB,red
ACAP3,red
ACCN1,red
ACOT7,red
ACOXL,red
ACRBP,red
ACSL5,red
ACTN2,red
ADAD1,red
ADAMTS14,red
ADAMTS2,red
ADAMTS20,red
ADAR,red
ADARB2,red
ADCK5,red
ADRB3,red
AEN,red
AFAP1,red
AFG3L1,red
AGAP1,red
AGPAT4,red
AK7,red
AKAP13,red
AKAP8,red
ALDH18A1,red
ALG8,red
ALKBH2,red
ALKBH5,red
ALOX5,red
ALPPL2,red
ALS2CL,red
AMACR,red
AMPD2,red
ANKLE2,red
ANKRD11,red
ANKRD26,red
ANKRD34A,red
ANO10,red
ANO4,red
ANO9,red
ANP32E,red
ANXA2P2,red
AP2A2,red
APAF1,red
APBA1,red
APBB2,red
APLP2,red
APOA1BP,red
APOM,red
ARF3,red
ARF4,red
ARHGAP17,red
ARHGAP5,red
ARHGEF4,red
ARID1B,red
ARID3A,red
ARIH2,red
ARL10,red
ARL2,red
ARNTL,red
ARPC1B,red
ARPC2,red
ARPC3,red
ARSG,red
ASB13,red
ASB7,red
ASF1B,red
ASZ1,red
ATAD3B,red
ATE1,red
ATG4D,red
ATM,red
ATOH8,red
ATP11A,red
ATP2B2,red
ATP5G3,red
ATPIF1,red
B3GNT3,red
B3GNTL1,red
B9D2,red
BACE2,red
BAIAP2,red
BANP,red
BARD1,red
BAT1,red
BAT2,red
BAT3,red
BATF,red
BCAM,red
BCAR3,red
BCAS3,red
BCL2L10,red
BCL6,red
BEND3,red
BHMT,red
BIVM,red
BLOC1S2,red
BMF,red
BOD1,red
BOLL,red
BRD8,red
BRSK2,red
BTBD9,red
BUD13,red
C10ORF11,red
C10ORF140,red
C10ORF71,red
C11ORF90,red
C13ORF35,red
C14ORF2,red
C14ORF37,red
C15ORF27,red
C15ORF32,red
C15ORF39,red
C15ORF40,red
C16ORF81,red
C17ORF100,red
C17ORF102,red
C17ORF44,red
C17ORF61,red
C17ORF80,red
C18ORF1,red
C19ORF29,red
C19ORF36,red
C19ORF41,red
C19ORF48,red
C19ORF77,red
C1ORF107,red
C1ORF127,red
C1ORF170,red
C1ORF173,red
C1ORF183,red
C1ORF201,red
C1ORF227,red
C1ORF52,red
C1ORF70,red
C1ORF86,red
C1QTNF1,red
C1QTNF9,red
C21ORF67,red
C22ORF28,red
C2ORF18,red
C2ORF52,red
C2ORF70,red
C3ORF18,red
C3ORF21,red
C3ORF37,red
C3ORF55,red
C4ORF42,red
C5ORF42,red
C6ORF142,red
C6ORF223,red
C7ORF30,red
C7ORF50,red
C7ORF58,red
C8ORF84,red
C8ORF85,red
C9ORF103,red
C9ORF152,red
C9ORF37,red
C9ORF72,red
CAB39L,red
CACNA1C,red
CADPS,red
CALCA,red
CAMTA1,red
CAMTA2,red
CAND2,red
CAPG,red
CARD11,red
CASC4,red
CASP7,red
CATSPER2,red
CATSPERG,red
CAV1,red
CBX3,red
CBX4,red
CCAR1,red
CCDC11,red
CCDC136,red
CCDC144NL,red
CCDC28A,red
CCDC40,red
CCDC6,red
CCDC65,red
CCDC73,red
CCDC81,red
CCDC88A,red
CCDC88C,red
CCDC9,red
CCKBR,red
CCL2,red
CCNB1,red
CCNY,red
CCR7,red
CD320,red
CD38,red
CD44,red
CD6,red
CD63,red
CD8A,red
CDC27,red
CDC42BPA,red
CDC42BPB,red
CDH11,red
CDH15,red
CDH7,red
CDK15,red
CDK19,red
CDKL3,red
CDX1,red
CENPF,red
CENPL,red
CENPT,red
CETP,red
CFL2,red
CHD3,red
CHI3L1,red
CHRM2,red
CHRNA5,red
CHRNA7,red
CHST11,red
CHST13,red
CHST3,red
CHST5,red
CLASP2,red
CLDN18,red
CLDN20,red
CLDN3,red
CLEC16A,red
CLEC2L,red
CLIC4,red
CLIP2,red
CLK4,red
CLNS1A,red
CLSTN1,red
CNBP,red
CNGA3,red
CNKSR3,red
CNNM4,red
CNRIP1,red
COG5,red
COG8,red
COL19A1,red
COL23A1,red
COL9A2,red
COLEC11,red
COQ3,red
CORO1B,red
CORO2B,red
CP110,red
CPA3,red
CPNE3,red
CRISP2,red
CRISPLD2,red
CRMP1,red
CROCC,red
CRTAC1,red
CRY2,red
CRYBG3,red
CRYM,red
CS,red
CSGALNACT1,red
CSMD1,red
CSMD2,red
CSNK1A1,red
CSNK1A1L,red
CTBS,red
CTDP1,red
CTGF,red
CTRB1,red
CTSG,red
CTTN,red
CUX2,red
CXXC1,red
CYB561D1,red
CYP2R1,red
DAB1,red
DCAF4,red
DCTD,red
DDR1,red
DDX11,red
DEAF1,red
DEGS2,red
DEPDC4,red
DERL3,red
DGKA,red
DHODH,red
DIP2C,red
DIRC2,red
DLEU7,red
DLGAP2,red
DLK1,red
DLL1,red
DLX3,red
DNAH7,red
DNAH9,red
DNAJA2,red
DNAJB6,red
DNAJC6,red
DNASE1L3,red
DNPEP,red
DOCK10,red
DOCK5,red
DOCK6,red
DOCK9,red
DPF1,red
DSE,red
DSN1,red
DTWD1,red
DUSP1,red
DUSP13,red
DUSP4,red
DUT,red
E2F7,red
E2F8,red
EBF2,red
EBF3,red
ECE2,red
EDEM1,red
EDIL3,red
EFHA1,red
EFNA5,red
EGR4,red
EHD3,red
EIF2B5,red
EIF2C2,red
EIF4E,red
EIF4G1,red
ELOVL5,red
EME1,red
ENC1,red
EPRS,red
EPS15L1,red
ERAL1,red
ERC2,red
ERICH1,red
ESCO2,red
ESM1,red
ESR2,red
ESYT2,red
EXOC2,red
EXOC4,red
EXOC6,red
EXOSC9,red
FAM101A,red
FAM101B,red
FAM108B1,red
FAM110C,red
FAM115A,red
FAM129B,red
FAM134C,red
FAM13B,red
FAM164A,red
FAM167A,red
FAM170B,red
FAM173B,red
FAM174A,red
FAM174B,red
FAM24B,red
FAM38A,red
FAM46C,red
FAM55C,red
FAM64A,red
FAM83B,red
FAM83E,red
FANCE,red
FARP1,red
FARP2,red
FARSB,red
FBN1,red
FBXL12,red
FBXO30,red
FBXO31,red
FBXO4,red
FBXW8,red
FCHO1,red
FDXACB1,red
FECH,red
FEM1C,red
FGF1,red
FGF10,red
FGF12,red
FGF4,red
FGF6,red
FGFR2,red
FGFR4,red
FGR,red
FKBP11,red
FKBPL,red
FLJ16779,red
FLJ33360,red
FLJ36031,red
FLJ40434,red
FLJ41603,red
FLJ44606,red
FLT3,red
FLYWCH1,red
FMN2,red
FMOD,red
FNTB,red
FOXI2,red
FOXK1,red
FOXN3,red
FXYD6,red
G3BP2,red
GABRA1,red
GABRG3,red
GADD45GIP1,red
GADL1,red
GAK,red
GALNT7,red
GALNTL4,red
GALR2,red
GAPDHS,red
GBF1,red
GCA,red
GFM1,red
GFOD1,red
GFRA1,red
GHRL,red
GJA3,red
GLB1,red
GLB1L2,red
GLIS1,red
GLS2,red
GLT1D1,red
GMPR2,red
GNAL,red
GNAS,red
GNB1,red
GNL1,red
GNL3,red
GNLY,red
GOLGA3,red
GPAM,red
GPR123,red
GPR133,red
GPR153,red
GPR179,red
GPR18,red
GPR26,red
GPR37,red
GPR56,red
GPRC5A,red
GRAMD1A,red
GRAMD3,red
GRIP2,red
GRM6,red
GRPEL2,red
GSTA3,red
GSTK1,red
GTF2A1,red
GTPBP4,red
GUCY1B2,red
GYLTL1B,red
H2AFJ,red
HAUS3,red
HCCA2,red
HCG27,red
HCN2,red
HCRTR1,red
HDAC4,red
HDGF2,red
HDGFRP3,red
HEBP1,red
HECW1,red
HES5,red
HEXIM2,red
HIC1,red
HIPK1,red
HIPK2,red
HIST1H2BD,red
HIST1H3B,red
HIST3H2A,red
HIVEP3,red
HK1,red
HLA-A,red
HLA-DPB1,red
HLA-DQA2,red
HLA-DQB2,red
HLA-F,red
HLTF,red
HMMR,red
HNRNPR,red
HNRNPU,red
HOXA1,red
HOXB3,red
HOXC8,red
HOXD10,red
HOXD13,red
HP1BP3,red
HPS3,red
HPSE,red
HR,red
HSBP1L1,red
HSP90AB1,red
HSPB3,red
HTATIP2,red
HTR3D,red
HUNK,red
HYAL3,red
IBTK,red
IDUA,red
IFI27L2,red
IFIT5,red
IFITM4P,red
IFT140,red
IGDCC4,red
IGF1R,red
IGFBP3,red
IGSF11,red
IGSF9B,red
IL15RA,red
IL17D,red
IL1RL2,red
IL2RA,red
ILDR2,red
ILF2,red
INPP5A,red
INSIG2,red
INTS3,red
INTS4,red
INTU,red
IPPK,red
IQCB1,red
IQCE,red
IRF2,red
IRS1,red
ISL1,red
ISM1,red
ISOC1,red
ISOC2,red
ITGA4,red
ITGB3BP,red
ITGB4,red
ITPR2,red
IWS1,red
JAKMIP3,red
JMJD1C,red
JPH1,red
JPH3,red
KCNA1,red
KCNA10,red
KCNA4,red
KCNAB1,red
KCNB2,red
KCND3,red
KCNE1,red
KCNG2,red
KCNH1,red
KCNH7,red
KCNJ1,red
KCNN3,red
KCNN4,red
KCNQ1,red
KCTD14,red
KDELR1,red
KDM2A,red
KDM4B,red
KDM4D,red
KEAP1,red
KHDRBS2,red
KHDRBS3,red
KIAA0146,red
KIAA0182,red
KIAA0195,red
KIAA0226,red
KIAA0319,red
KIAA1239,red
KIAA1244,red
KIAA1530,red
KIAA1688,red
KIF16B,red
KIF22,red
KIF26A,red
KIF2A,red
KIF5C,red
KLC2,red
KLF10,red
KLHDC9,red
KLHL2,red
KLK9,red
KNG1,red
KPNA5,red
KRT28,red
KRT76,red
KTN1,red
LAP3,red
LASS5,red
LCK,red
LDLRAD1,red
LEFTY1,red
LEPROT,red
LGI4,red
LHX5,red
LIG1,red
LIMCH1,red
LIN7B,red
LIPT1,red
LMLN,red
LOC100128164,red
LOC100306951,red
LOC100329108,red
LOC153684,red
LOC154449,red
LOC254559,red
LOC255512,red
LOC285780,red
LOC387763,red
LOC389332,red
LOC390594,red
LOC441177,red
LOC441666,red
LOC729467,red
LONRF2,red
LOR,red
LPCAT1,red
LPIN1,red
LPPR1,red
LPPR4,red
LRFN2,red
LRFN3,red
LRP2,red
LRP2BP,red
LRRC24,red
LRRC27,red
LRRC43,red
LRRFIP1,red
LRRK1,red
LRTOMT,red
LSM11,red
LTBP3,red
LY6G5C,red
LZTFL1,red
MAD1L1,red
MAEA,red
MAML3,red
MAN1C1,red
MAP1S,red
MAP2K1,red
MAP3K11,red
MAP7,red
MAPK4,red
MAPK8IP3,red
MAPKBP1,red
MAPT,red
MARCH10,red
MARCH4,red
MARCH8,red
MARCKS,red
MARK2,red
MAST4,red
MBD1,red
MBL1P,red
MBLAC1,red
MBOAT7,red
MCF2L,red
MDFI,red
MDGA2,red
MEG3,red
MEIS1,red
MEPCE,red
MESDC1,red
MGAT5B,red
MGC23284,red
MGC3771,red
MGMT,red
MICA,red
MIR1265,red
MIR543,red
MIR548H4,red
MIR655,red
MIR922,red
MITF,red
MKRN2,red
MLEC,red
MMADHC,red
MOCS2,red
MPO,red
MPV17,red
MRPL15,red
MRPL23,red
MRPL33,red
MRPL42,red
MRPL49,red
MRPS28,red
MRTO4,red
MSLN,red
MTFR1,red
MTMR15,red
MTNR1B,red
MTO1,red
MTOR,red
MTRR,red
MUC2,red
MXD1,red
MYEOV,red
MYH10,red
MYH11,red
MYO15A,red
MYOM2,red
MYST4,red
NAA30,red
NADSYN1,red
NAV1,red
NAV2,red
NBAS,red
NBR2,red
NCAPG,red
NCKAP5,red
NCKIPSD,red
NCRNA00094,red
NCRNA00188,red
NDEL1,red
NDST2,red
NDUFA3,red
NEFL,red
NEK11,red
NEK2,red
NEU1,red
NFATC1,red
NFIA,red
NFIX,red
NFKB2,red
NFKBIZ,red
NGF,red
NHLRC2,red
NHLRC3,red
NINJ2,red
NIPBL,red
NISCH,red
NLRX1,red
NMU,red
NOG,red
NOM1,red
NPHP4,red
NPY,red
NR1H3,red
NR3C1,red
NR4A2,red
NRD1,red
NRIP2,red
NRP1,red
NSMAF,red
NSUN3,red
NT5C1B,red
NTM,red
NTRK3,red
NUDT7,red
NUFIP2,red
NUP93,red
NUSAP1,red
NXF1,red
NXN,red
NXPH1,red
ODZ2,red
ODZ4,red
OLFML2A,red
OPCML,red
OR10AD1,red
OR10C1,red
OR11A1,red
OR2F1,red
OR2Z1,red
OR6C65,red
ORAI1,red
ORAI2,red
OSBPL1A,red
OSGIN1,red
OTUD6B,red
OXNAD1,red
OXSM,red
P11,red
P2RX1,red
P2RX7,red
P4HTM,red
PABPC1,red
PABPC4,red
PACRG,red
PAK6,red
PANK1,red
PAQR8,red
PAR1,red
PARD3,red
PARD3B,red
PAX7,red
PCCA,red
PCDH24,red
PCDH7,red
PCDHGA1,red
PCF11,red
PCGF1,red
PCGF2,red
PDCD4,red
PDE5A,red
PDGFA,red
PDGFD,red
PDIA3P,red
PEBP4,red
PELP1,red
PEPD,red
PET112L,red
PEX16,red
PEX5,red
PFKFB3,red
PFKP,red
PGPEP1,red
PHF19,red
PIGH,red
PINX1,red
PIP4K2A,red
PITRM1,red
PIWIL1,red
PKNOX2,red
PLEC1,red
PLEKHG5,red
PLEKHH3,red
PLK1S1,red
PLOD2,red
PLSCR1,red
PM20D1,red
PMF1,red
PML,red
PMVK,red
PNLDC1,red
PNPLA7,red
PNPT1,red
POLD3,red
POLR1E,red
PON1,red
POP1,red
POU2F3,red
POU3F3,red
POU6F2,red
PPARGC1B,red
PPIH,red
PPIL5,red
PPME1,red
PPP1R11,red
PPP1R15B,red
PPP1R2P1,red
PPP2R2B,red
PPP2R2D,red
PPP2R5C,red
PPP4C,red
PPP5C,red
PRDM12,red
PRDM8,red
PRDM9,red
PRDX1,red
PRICKLE4,red
PRKACG,red
PRKAR1A,red
PRKAR1B,red
PRKRIP1,red
PROK1,red
PRPF19,red
PRPF38B,red
PRPSAP1,red
PRR25,red
PRR3,red
PRR5-ARHGAP8,red
PRRT2,red
PSMB9,red
PSMC1,red
PSMD6,red
PSME4,red
PSTPIP2,red
PTGER4,red
PTGFRN,red
PTPN21,red
PTPN3,red
PTPN4,red
PTPN7,red
PTPRN2,red
PTPRR,red
PTPRU,red
PURG,red
PUS7L,red
PVRL3,red
PXDNL,red
PYGL,red
RAB10,red
RAB11FIP3,red
RAB11FIP4,red
RAB13,red
RAB27B,red
RAB36,red
RAB3GAP2,red
RAB40B,red
RAC1,red
RAD51,red
RAD9B,red
RAET1L,red
RAI1,red
RAPGEF4,red
RASA3,red
RASGRF2,red
RASL10B,red
RB1CC1,red
RBM25,red
RBM28,red
RBM5,red
RBPMS,red
RCVRN,red
RERE,red
REV3L,red
RFC5,red
RFWD3,red
RFX2,red
RGS14,red
RGS3,red
RGS6,red
RICTOR,red
RIMBP2,red
RIMS3,red
RING1,red
RNF10,red
RNF121,red
RNF14,red
RNF168,red
RNF213,red
RNF222,red
RNF25,red
RNF8,red
RNFT2,red
ROBLD3,red
ROR1,red
ROR2,red
RP1,red
RPL19,red
RPL31,red
RPL32P3,red
RPL37,red
RPP21,red
RPRD1A,red
RPS14,red
RPS19,red
RPS24,red
RPS6KA5,red
RPTOR,red
RRN3P2,red
RTEL1,red
RTKN2,red
RTN1,red
RUFY4,red
RUNX1T1,red
RUNX2,red
RWDD2B,red
RYR3,red
SACS,red
SAFB2,red
SART1,red
SCAF1,red
SCAMP5,red
SCARNA10,red
SCARNA16,red
SCFD2,red
SCML4,red
SCTR,red
SDC2,red
SDHAP3,red
SDK2,red
SEMA3C,red
SEMA6B,red
SEPW1,red
SERPINB9,red
SGMS1,red
SH2B2,red
SH3BP5L,red
SH3GL2,red
SHANK2,red
SIK3,red
SIRT5,red
SKP2,red
SLA,red
SLC12A8,red
SLC16A9,red
SLC22A18,red
SLC25A10,red
SLC25A15,red
SLC25A19,red
SLC25A37,red
SLC26A1,red
SLC27A2,red
SLC2A2,red
SLC2A7,red
SLC2A9,red
SLC35B4,red
SLC35D3,red
SLC39A10,red
SLC39A7,red
SLC43A1,red
SLC45A1,red
SLC6A13,red
SLC6A18,red
SLC7A14,red
SLFN12L,red
SLITRK1,red
SLK,red
SMARCC2,red
SMARCD3,red
SMOC2,red
SMPDL3B,red
SNORA26,red
SNORD115-40,red
SNORD116-1,red
SNORD59A,red
SNTA1,red
SOCS3,red
SOX2OT,red
SP140L,red
SP6,red
SPATA2,red
SPATA22,red
SPHKAP,red
SPIN1,red
SPOCK1,red
SPON2,red
SPTBN1,red
SPTBN4,red
SRD5A2,red
SRF,red
SRGAP2,red
SRP68,red
SSBP4,red
SSR2,red
ST3GAL1,red
ST3GAL4,red
ST6GAL1,red
ST6GAL2,red
ST6GALNAC3,red
ST8SIA1,red
ST8SIA2,red
STAC,red
STAT4,red
STAU2,red
STK31,red
STK32C,red
STK36,red
STMN1,red
STOX2,red
STRN3,red
STX2,red
STX5,red
STXBP5,red
SUCLG2,red
SULF1,red
SUMF1,red
SUPT6H,red
SVIP,red
SYCE1,red
SYCE1L,red
SYNE2,red
SYNJ2,red
SYNPO,red
SYT17,red
TAAR5,red
TACC2,red
TAF5,red
TAF5L,red
TALDO1,red
TAP1,red
TAS2R1,red
TAS2R5,red
TBC1D15,red
TBC1D22A,red
TBC1D4,red
TBC1D8,red
TBCD,red
TCHP,red
TDRD6,red
TDRD9,red
TERF2,red
TFCP2,red
TFCP2L1,red
TFDP1,red
TFR2,red
TGFBR2,red
THSD4,red
THUMPD2,red
TIAL1,red
TIMD4,red
TINAG,red
TKT,red
TLE1,red
TLN2,red
TMC3,red
TMCC2,red
TMCO1,red
TMCO3,red
TMCO4,red
TMED10,red
TMED8,red
TMEM121,red
TMEM132C,red
TMEM139,red
TMEM175,red
TMEM19,red
TMEM201,red
TMEM44,red
TMEM50A,red
TMEM52,red
TMEM53,red
TMEM66,red
TMEM9B,red
TMF1,red
TMOD1,red
TMPRSS4,red
TMTC2,red
TNFAIP8,red
TNFRSF10B,red
TNFRSF10D,red
TNFRSF11A,red
TNFRSF6B,red
TNKS,red
TNNT3,red
TNXB,red
TOLLIP,red
TOP1MT,red
TPD52L2,red
TRAF3,red
TRAPPC9,red
TRIM15,red
TRIM21,red
TRIM26,red
TRIM3,red
TRIM39,red
TRIM68,red
TRPM1,red
TRPT1,red
TRPV1,red
TRPV3,red
TSEN54,red
TSNAXIP1,red
TSSC4,red
TST,red
TTBK1,red
TTBK2,red
TTC17,red
TTC30A,red
TTC39A,red
TTC39B,red
TTK,red
TTLL11,red
TXNDC12,red
TXNDC15,red
TXNDC5,red
TXNL4A,red
TYMP,red
UBD,red
UBE2O,red
UBE3B,red
UBE3C,red
UBLCP1,red
UBN1,red
UBOX5,red
UCP1,red
UGP2,red
UGT1A10,red
UNC84A,red
USP12,red
USP29,red
USP42,red
UTP6,red
UTS2,red
VAC14,red
VAMP5,red
VAV1,red
VGLL4,red
VIPR2,red
VIT,red
VPS11,red
VPS13D,red
VRK3,red
VSIG8,red
VTRNA1-1,red
VWA5A,red
VWDE,red
WBP4,red
WBSCR27,red
WDR17,red
WDR60,red
WDR8,red
WDR81,red
WHSC1,red
WHSC2,red
WIPF3,red
WIPI1,red
WIPI2,red
WNK1,red
WNT3A,red
WNT9A,red
WSCD1,red
WWP2,red
XKR6,red
XYLB,red
YEATS4,red
YTHDC1,red
ZADH2,red
ZBTB16,red
ZBTB47,red
ZBTB48,red
ZC3H13,red
ZC3H18,red
ZCCHC14,red
ZCCHC4,red
ZEB2,red
ZFAND6,red
ZHX2,red
ZIK1,red
ZNF138,red
ZNF276,red
ZNF318,red
ZNF367,red
ZNF385B,red
ZNF488,red
ZNF514,red
ZNF516,red
ZNF524,red
ZNF530,red
ZNF579,red
ZNF598,red
ZNF625,red
ZNF678,red
ZNF71,red
ZNF714,red
ZNF791,red
ZNF823,red
ZNF830,red
ZNF835,red
ZNF836,red
ZNF862,red
ZP3,red
ZRANB2,red
ZSCAN18,red
ZSWIM4,red
AARS,royalblue
AARSD1,royalblue
ABCA5,royalblue
ABCB10,royalblue
ABCD2,royalblue
ABCF1,royalblue
ABHD10,royalblue
ABHD2,royalblue
ABI1,royalblue
ABL2,royalblue
ABT1,royalblue
ACACA,royalblue
ACACB,royalblue
ACAD10,royalblue
ACAD9,royalblue
ACBD5,royalblue
ACBD6,royalblue
ACCN4,royalblue
ACMSD,royalblue
ACOT7,royalblue
ACPP,royalblue
ACTA2,royalblue
ACTL6A,royalblue
ACTR10,royalblue
ACTR1B,royalblue
ACTR2,royalblue
ACTR6,royalblue
ACVR1,royalblue
ACVR2A,royalblue
ADAL,royalblue
ADAM10,royalblue
ADAM22,royalblue
ADAM8,royalblue
ADAMTS10,royalblue
ADAMTS2,royalblue
ADAMTS6,royalblue
ADAMTSL1,royalblue
ADAMTSL5,royalblue
ADAP1,royalblue
ADARB2,royalblue
ADAT1,royalblue
ADCY2,royalblue
ADCY9,royalblue
ADHFE1,royalblue
AEBP2,royalblue
AFAP1,royalblue
AFF1,royalblue
AFF3,royalblue
AGL,royalblue
AGPAT4,royalblue
AGPAT9,royalblue
AGRN,royalblue
AGXT2L1,royalblue
AHSA1,royalblue
AIMP1,royalblue
AIPL1,royalblue
AK2,royalblue
AKAP10,royalblue
AKAP12,royalblue
AKAP5,royalblue
AKIRIN1,royalblue
ALCAM,royalblue
ALG6,royalblue
ALKBH8,royalblue
ALS2CR4,royalblue
AMACR,royalblue
AMIGO2,royalblue
ANAPC7,royalblue
ANG,royalblue
ANK1,royalblue
ANKH,royalblue
ANKRD16,royalblue
ANKRD26,royalblue
ANKRD26P1,royalblue
ANKRD27,royalblue
ANKRD44,royalblue
ANKS1A,royalblue
ANLN,royalblue
ANO2,royalblue
ANP32E,royalblue
ANTXR1,royalblue
ANXA1,royalblue
ANXA13,royalblue
ANXA7,royalblue
AP1M1,royalblue
AP3M1,royalblue
AP3S2,royalblue
AP4S1,royalblue
APAF1,royalblue
APEX1,royalblue
APH1B,royalblue
API5,royalblue
APLF,royalblue
APOB,royalblue
APOLD1,royalblue
APPL1,royalblue
AQR,royalblue
ARHGAP19,royalblue
ARHGEF10,royalblue
ARHGEF16,royalblue
ARHGEF3,royalblue
ARHGEF4,royalblue
ARID1B,royalblue
ARID4B,royalblue
ARL10,royalblue
ARL14,royalblue
ARL5B,royalblue
ARL6,royalblue
ARL9,royalblue
ARMC1,royalblue
ARMC10,royalblue
ARMC2,royalblue
ARMC3,royalblue
ARMC4,royalblue
ARMC9,royalblue
ARNTL2,royalblue
ARPC2,royalblue
ARRB2,royalblue
ARSB,royalblue
ART3,royalblue
ART4,royalblue
ASAH1,royalblue
ASAP3,royalblue
ASB1,royalblue
ASCC1,royalblue
ASNSD1,royalblue
ASPM,royalblue
ASTN1,royalblue
ATAD1,royalblue
ATAD2B,royalblue
ATAD3B,royalblue
ATF2,royalblue
ATF6B,royalblue
ATHL1,royalblue
ATM,royalblue
ATMIN,royalblue
ATN1,royalblue
ATOH7,royalblue
ATP11A,royalblue
ATP2C1,royalblue
ATP2C2,royalblue
ATP5A1,royalblue
ATP5C1,royalblue
ATP5G1,royalblue
ATP5SL,royalblue
ATP6V1A,royalblue
ATP6V1B2,royalblue
ATP6V1H,royalblue
ATPAF1,royalblue
ATPIF1,royalblue
ATXN7,royalblue
AUTS2,royalblue
AVEN,royalblue
AZI2,royalblue
B2M,royalblue
B3GAT1,royalblue
B3GNT3,royalblue
B3GNTL1,royalblue
B4GALNT2,royalblue
BACE2,royalblue
BACH2,royalblue
BAG2,royalblue
BAI3,royalblue
BANP,royalblue
BARD1,royalblue
BASP1,royalblue
BAT2,royalblue
BAT3,royalblue
BAT5,royalblue
BAZ1B,royalblue
BBS5,royalblue
BBS9,royalblue
BBX,royalblue
BCAS2,royalblue
BCAS3,royalblue
BCCIP,royalblue
BCKDHA,royalblue
BCKDHB,royalblue
BCL11A,royalblue
BCL11B,royalblue
BCL2,royalblue
BCL2L11,royalblue
BCL2L2,royalblue
BCLAF1,royalblue
BDNF,royalblue
BDP1,royalblue
BFAR,royalblue
BHLHE40,royalblue
BLOC1S2,royalblue
BLOC1S3,royalblue
BLZF1,royalblue
BMP2K,royalblue
BMP7,royalblue
BMPR1A,royalblue
BMPR2,royalblue
BNIP1,royalblue
BNIP3,royalblue
BPGM,royalblue
BPNT1,royalblue
BRAF,royalblue
BRD2,royalblue
BRDT,royalblue
BRE,royalblue
BRI3,royalblue
BRIP1,royalblue
BRP44,royalblue
BTBD10,royalblue
BTBD8,royalblue
BTN3A2,royalblue
BTNL2,royalblue
BTNL9,royalblue
BTRC,royalblue
BUB1,royalblue
BUB3,royalblue
BUD13,royalblue
BZW2,royalblue
C10ORF131,royalblue
C10ORF140,royalblue
C10ORF26,royalblue
C10ORF28,royalblue
C10ORF4,royalblue
C10ORF47,royalblue
C10ORF53,royalblue
C10ORF84,royalblue
C10ORF90,royalblue
C11ORF30,royalblue
C11ORF49,royalblue
C11ORF51,royalblue
C11ORF57,royalblue
C11ORF60,royalblue
C11ORF65,royalblue
C11ORF71,royalblue
C11ORF73,royalblue
C11ORF74,royalblue
C11ORF82,royalblue
C12ORF10,royalblue
C12ORF29,royalblue
C12ORF35,royalblue
C12ORF4,royalblue
C12ORF49,royalblue
C12ORF60,royalblue
C12ORF65,royalblue
C12ORF72,royalblue
C13ORF23,royalblue
C14ORF1,royalblue
C14ORF101,royalblue
C14ORF119,royalblue
C14ORF135,royalblue
C14ORF179,royalblue
C14ORF28,royalblue
C14ORF39,royalblue
C14ORF80,royalblue
C15ORF27,royalblue
C15ORF40,royalblue
C15ORF55,royalblue
C16ORF35,royalblue
C16ORF74,royalblue
C16ORF75,royalblue
C17ORF44,royalblue
C17ORF49,royalblue
C17ORF57,royalblue
C17ORF62,royalblue
C17ORF71,royalblue
C17ORF80,royalblue
C18ORF10,royalblue
C18ORF21,royalblue
C18ORF45,royalblue
C19ORF21,royalblue
C19ORF54,royalblue
C19ORF62,royalblue
C1D,royalblue
C1ORF105,royalblue
C1ORF107,royalblue
C1ORF14,royalblue
C1ORF146,royalblue
C1ORF151,royalblue
C1ORF173,royalblue
C1ORF186,royalblue
C1ORF220,royalblue
C1ORF25,royalblue
C1ORF35,royalblue
C1ORF58,royalblue
C1ORF70,royalblue
C1ORF74,royalblue
C1ORF83,royalblue
C1ORF85,royalblue
C1QTNF2,royalblue
C1R,royalblue
C20ORF103,royalblue
C20ORF199,royalblue
C20ORF94,royalblue
C20ORF96,royalblue
C21ORF45,royalblue
C2CD4A,royalblue
C2ORF44,royalblue
C2ORF52,royalblue
C2ORF60,royalblue
C2ORF63,royalblue
C2ORF73,royalblue
C2ORF74,royalblue
C2ORF77,royalblue
C2ORF89,royalblue
C3ORF10,royalblue
C3ORF14,royalblue
C3ORF15,royalblue
C3ORF63,royalblue
C3ORF77,royalblue
C4ORF22,royalblue
C4ORF3,royalblue
C4ORF41,royalblue
C4ORF44,royalblue
C4ORF46,royalblue
C5ORF34,royalblue
C5ORF36,royalblue
C5ORF41,royalblue
C5ORF42,royalblue
C5ORF49,royalblue
C5ORF51,royalblue
C5ORF56,royalblue
C6ORF108,royalblue
C6ORF134,royalblue
C6ORF136,royalblue
C6ORF167,royalblue
C6ORF174,royalblue
C6ORF182,royalblue
C6ORF192,royalblue
C6ORF217,royalblue
C6ORF221,royalblue
C6ORF25,royalblue
C6ORF48,royalblue
C6ORF52,royalblue
C6ORF57,royalblue
C7ORF10,royalblue
C7ORF30,royalblue
C7ORF38,royalblue
C7ORF4,royalblue
C7ORF42,royalblue
C7ORF49,royalblue
C7ORF50,royalblue
C8ORF37,royalblue
C8ORF41,royalblue
C8ORF45,royalblue
C8ORF48,royalblue
C9ORF125,royalblue
C9ORF130,royalblue
C9ORF156,royalblue
C9ORF3,royalblue
C9ORF30,royalblue
C9ORF68,royalblue
CA12,royalblue
CA2,royalblue
CA8,royalblue
CACNA1B,royalblue
CACNA1D,royalblue
CACNB4,royalblue
CACYBP,royalblue
CALHM3,royalblue
CALM2,royalblue
CAMSAP1,royalblue
CAMTA1,royalblue
CAND1,royalblue
CAPS2,royalblue
CAPZA1,royalblue
CARD11,royalblue
CARHSP1,royalblue
CARS2,royalblue
CASC2,royalblue
CASC5,royalblue
CASP8AP2,royalblue
CASP9,royalblue
CATSPERG,royalblue
CBL,royalblue
CBLB,royalblue
CBR4,royalblue
CBX2,royalblue
CCAR1,royalblue
CCDC102B,royalblue
CCDC104,royalblue
CCDC13,royalblue
CCDC132,royalblue
CCDC149,royalblue
CCDC15,royalblue
CCDC36,royalblue
CCDC38,royalblue
CCDC53,royalblue
CCDC55,royalblue
CCDC57,royalblue
CCDC59,royalblue
CCDC65,royalblue
CCDC7,royalblue
CCDC75,royalblue
CCDC76,royalblue
CCDC88C,royalblue
CCDC9,royalblue
CCDC90A,royalblue
CCDC93,royalblue
CCDC94,royalblue
CCDC96,royalblue
CCL23,royalblue
CCM2,royalblue
CCNA1,royalblue
CCNB2,royalblue
CCNG1,royalblue
CCNL1,royalblue
CCPG1,royalblue
CCR1,royalblue
CCRN4L,royalblue
CD109,royalblue
CD2AP,royalblue
CD38,royalblue
CD46,royalblue
CDC123,royalblue
CDC14A,royalblue
CDC2,royalblue
CDC40,royalblue
CDC42BPG,royalblue
CDCA5,royalblue
CDH12,royalblue
CDH13,royalblue
CDH15,royalblue
CDH18,royalblue
CDH3,royalblue
CDH6,royalblue
CDK17,royalblue
CDK7,royalblue
CDK9,royalblue
CDKAL1,royalblue
CDKN3,royalblue
CDNF,royalblue
CELSR3,royalblue
CEND1,royalblue
CENPBD1,royalblue
CENPC1,royalblue
CENPE,royalblue
CENPH,royalblue
CENPJ,royalblue
CENPQ,royalblue
CEP120,royalblue
CEP164,royalblue
CEP350,royalblue
CEP63,royalblue
CEP72,royalblue
CEP97,royalblue
CEPT1,royalblue
CETN3,royalblue
CFL2,royalblue
CFLAR,royalblue
CGRRF1,royalblue
CH25H,royalblue
CHCHD1,royalblue
CHCHD2,royalblue
CHD1,royalblue
CHD2,royalblue
CHD5,royalblue
CHD7,royalblue
CHDH,royalblue
CHFR,royalblue
CHMP4A,royalblue
CHN1,royalblue
CHORDC1,royalblue
CHP,royalblue
CHRM3,royalblue
CHRNA1,royalblue
CHST2,royalblue
CHURC1,royalblue
CIR1,royalblue
CIZ1,royalblue
CKAP2,royalblue
CKAP5,royalblue
CLCN1,royalblue
CLCN3,royalblue
CLCN6,royalblue
CLDN23,royalblue
CLDND1,royalblue
CLEC16A,royalblue
CLGN,royalblue
CLOCK,royalblue
CLPX,royalblue
CLRN1,royalblue
CLSTN1,royalblue
CLUAP1,royalblue
CLYBL,royalblue
CMTM1,royalblue
CMTM2,royalblue
CNBP,royalblue
CNGA1,royalblue
CNNM2,royalblue
CNO,royalblue
CNOT2,royalblue
CNOT6,royalblue
CNOT8,royalblue
CNRIP1,royalblue
CNST,royalblue
CNTD2,royalblue
CNTN1,royalblue
CNTNAP4,royalblue
COBLL1,royalblue
COG3,royalblue
COG4,royalblue
COL12A1,royalblue
COL22A1,royalblue
COL4A2,royalblue
COL4A3BP,royalblue
COL6A4P2,royalblue
COL8A1,royalblue
COL9A1,royalblue
COMMD8,royalblue
COPB1,royalblue
COPG2,royalblue
COPS4,royalblue
COPS5,royalblue
COPS7A,royalblue
COPZ1,royalblue
COQ10B,royalblue
COQ5,royalblue
CORO1B,royalblue
COTL1,royalblue
COX16,royalblue
COX17,royalblue
COX7C,royalblue
CP110,royalblue
CPA6,royalblue
CPEB3,royalblue
CPEB4,royalblue
CPN2,royalblue
CPSF2,royalblue
CPSF4,royalblue
CPSF7,royalblue
CPVL,royalblue
CR2,royalblue
CRADD,royalblue
CREB5,royalblue
CREBBP,royalblue
CREBL2,royalblue
CREBZF,royalblue
CREG2,royalblue
CREM,royalblue
CRIM1,royalblue
CRKL,royalblue
CSDA,royalblue
CSGALNACT1,royalblue
CSGALNACT2,royalblue
CSMD1,royalblue
CSMD2,royalblue
CSMD3,royalblue
CSNK1G1,royalblue
CSPP1,royalblue
CSTF2T,royalblue
CTDSP2,royalblue
CTNNA3,royalblue
CTNNB1,royalblue
CTNND1,royalblue
CTNND2,royalblue
CTSO,royalblue
CTTNBP2,royalblue
CTTNBP2NL,royalblue
CTU1,royalblue
CUL9,royalblue
CUX1,royalblue
CWC22,royalblue
CWF19L1,royalblue
CXCR4,royalblue
CXXC1,royalblue
CYB5R4,royalblue
CYB5RL,royalblue
CYFIP1,royalblue
CYP1B1,royalblue
CYP2E1,royalblue
CYTSB,royalblue
D4S234E,royalblue
DAB2,royalblue
DACT1,royalblue
DAGLB,royalblue
DAPP1,royalblue
DAXX,royalblue
DAZAP2,royalblue
DAZL,royalblue
DBF4B,royalblue
DBR1,royalblue
DCAF12,royalblue
DCAF13,royalblue
DCC,royalblue
DCLK1,royalblue
DCLK2,royalblue
DCP1B,royalblue
DCTD,royalblue
DCTN2,royalblue
DCUN1D4,royalblue
DDC,royalblue
DDI2,royalblue
DDX17,royalblue
DDX18,royalblue
DDX21,royalblue
DDX24,royalblue
DDX55,royalblue
DDX60,royalblue
DEAF1,royalblue
DECR1,royalblue
DECR2,royalblue
DEGS1,royalblue
DERL2,royalblue
DET1,royalblue
DFNA5,royalblue
DFNB31,royalblue
DGKQ,royalblue
DHDH,royalblue
DHRS7B,royalblue
DHX15,royalblue
DHX16,royalblue
DHX34,royalblue
DIAPH3,royalblue
DIMT1L,royalblue
DIP2B,royalblue
DIP2C,royalblue
DIRAS3,royalblue
DIRC3,royalblue
DKFZP434H168,royalblue
DKK1,royalblue
DKKL1,royalblue
DLAT,royalblue
DLC1,royalblue
DLG2,royalblue
DLGAP1,royalblue
DLL3,royalblue
DMC1,royalblue
DMTF1,royalblue
DNA2,royalblue
DNAH11,royalblue
DNAH12,royalblue
DNAH17,royalblue
DNAH2,royalblue
DNAJB6,royalblue
DNAJC1,royalblue
DNAJC14,royalblue
DNAJC17,royalblue
DNAJC21,royalblue
DNAJC24,royalblue
DNAJC27,royalblue
DNAJC7,royalblue
DNAJC8,royalblue
DNAL1,royalblue
DNTTIP2,royalblue
DOPEY1,royalblue
DPPA4,royalblue
DPPA5,royalblue
DPRX,royalblue
DPY30,royalblue
DPYD,royalblue
DPYSL3,royalblue
DRG2,royalblue
DSC3,royalblue
DSCC1,royalblue
DSN1,royalblue
DST,royalblue
DSTYK,royalblue
DTD1,royalblue
DTWD2,royalblue
DUSP19,royalblue
DUSP22,royalblue
DUSP26,royalblue
DUSP3,royalblue
DVL3,royalblue
DYNC1H1,royalblue
DYNC2H1,royalblue
DYNC2LI1,royalblue
DYRK3,royalblue
EAF1,royalblue
EBF1,royalblue
EBF3,royalblue
EDC3,royalblue
EDEM3,royalblue
EED,royalblue
EEFSEC,royalblue
EFCAB2,royalblue
EFCAB4B,royalblue
EFCAB5,royalblue
EFHA1,royalblue
EFHA2,royalblue
EGFLAM,royalblue
EGFR,royalblue
EGLN1,royalblue
EGR2,royalblue
EHBP1,royalblue
EHD4,royalblue
EHMT2,royalblue
EI24,royalblue
EID2B,royalblue
EIF2AK4,royalblue
EIF2B5,royalblue
EIF2C3,royalblue
EIF2C4,royalblue
EIF3B,royalblue
EIF3E,royalblue
EIF4B,royalblue
EIF4E,royalblue
EIF4H,royalblue
EIF5,royalblue
ELAVL2,royalblue
ELF5,royalblue
ELMO1,royalblue
ELOVL5,royalblue
ELP4,royalblue
ENAH,royalblue
ENOX1,royalblue
ENPP2,royalblue
ENSA,royalblue
EP400,royalblue
EP400NL,royalblue
EPC1,royalblue
EPHA3,royalblue
EPHA4,royalblue
EPHB2,royalblue
EPHB3,royalblue
ERBB2,royalblue
ERBB4,royalblue
ERCC5,royalblue
ERCC6,royalblue
ERGIC2,royalblue
ERLEC1,royalblue
ERO1LB,royalblue
ERP29,royalblue
ERRFI1,royalblue
ESCO2,royalblue
ESD,royalblue
ESRRB,royalblue
ESRRG,royalblue
ETFB,royalblue
ETNK1,royalblue
ETS1,royalblue
ETV1,royalblue
ETV7,royalblue
EVPL,royalblue
EXO1,royalblue
EXOC4,royalblue
EXOC6B,royalblue
EXOSC10,royalblue
EXOSC4,royalblue
EXT1,royalblue
EZH1,royalblue
F10,royalblue
F13A1,royalblue
F2,royalblue
FA2H,royalblue
FAF1,royalblue
FAM102B,royalblue
FAM104A,royalblue
FAM116A,royalblue
FAM117A,royalblue
FAM126A,royalblue
FAM129A,royalblue
FAM134C,royalblue
FAM135A,royalblue
FAM164C,royalblue
FAM170A,royalblue
FAM171A1,royalblue
FAM172A,royalblue
FAM174B,royalblue
FAM175A,royalblue
FAM188B,royalblue
FAM190A,royalblue
FAM198A,royalblue
FAM19A2,royalblue
FAM36A,royalblue
FAM46A,royalblue
FAM47E,royalblue
FAM48A,royalblue
FAM58B,royalblue
FAM5C,royalblue
FAM60A,royalblue
FAM69C,royalblue
FAM76A,royalblue
FAM81A,royalblue
FAM82B,royalblue
FAM91A1,royalblue
FAM96A,royalblue
FAM98A,royalblue
FANCF,royalblue
FANCL,royalblue
FARP2,royalblue
FASN,royalblue
FASTKD1,royalblue
FBN2,royalblue
FBXL2,royalblue
FBXO31,royalblue
FBXO38,royalblue
FBXO8,royalblue
FBXO9,royalblue
FCER1A,royalblue
FCF1,royalblue
FER,royalblue
FEZF1,royalblue
FEZF2,royalblue
FGF23,royalblue
FGFR3,royalblue
FGFRL1,royalblue
FGL2,royalblue
FHIT,royalblue
FIGNL1,royalblue
FIS1,royalblue
FITM1,royalblue
FIZ1,royalblue
FKBP15,royalblue
FKBP1B,royalblue
FKBP3,royalblue
FLI1,royalblue
FLJ12825,royalblue
FLJ13197,royalblue
FLJ23834,royalblue
FLJ37453,royalblue
FLJ39653,royalblue
FLJ40434,royalblue
FLJ42289,royalblue
FLJ42709,royalblue
FLNB,royalblue
FLOT1,royalblue
FLVCR2,royalblue
FLYWCH2,royalblue
FMN2,royalblue
FMO5,royalblue
FMOD,royalblue
FNBP1,royalblue
FNDC3A,royalblue
FNDC3B,royalblue
FNTA,royalblue
FOS,royalblue
FOXJ2,royalblue
FOXM1,royalblue
FOXP1,royalblue
FOXQ1,royalblue
FREM2,royalblue
FRMD4A,royalblue
FRMD5,royalblue
FRS2,royalblue
FRYL,royalblue
FTH1,royalblue
FTO,royalblue
FUCA1,royalblue
FUT9,royalblue
GABARAP,royalblue
GABBR1,royalblue
GABPB2,royalblue
GABRA1,royalblue
GABRB1,royalblue
GABRB2,royalblue
GABRG2,royalblue
GABRG3,royalblue
GAK,royalblue
GALNT2,royalblue
GARS,royalblue
GCA,royalblue
GCLM,royalblue
GCNT3,royalblue
GDF10,royalblue
GDI2,royalblue
GDPD1,royalblue
GEMIN7,royalblue
GEN1,royalblue
GFI1,royalblue
GFOD1,royalblue
GFPT1,royalblue
GFRA1,royalblue
GGPS1,royalblue
GHSR,royalblue
GIN1,royalblue
GINS1,royalblue
GINS3,royalblue
GJA3,royalblue
GLB1,royalblue
GLE1,royalblue
GLIPR1L1,royalblue
GLIPR1L2,royalblue
GLIS1,royalblue
GLOD4,royalblue
GLRA3,royalblue
GLRX,royalblue
GLRX3,royalblue
GLS,royalblue
GLS2,royalblue
GMNN,royalblue
GNA12,royalblue
GNAI3,royalblue
GNAL,royalblue
GNB2L1,royalblue
GNG7,royalblue
GNL1,royalblue
GNL3,royalblue
GNPAT,royalblue
GNPDA2,royalblue
GOLGB1,royalblue
GOLIM4,royalblue
GORASP2,royalblue
GPATCH2,royalblue
GPBP1,royalblue
GPC6,royalblue
GPD2,royalblue
GPHN,royalblue
GPR108,royalblue
GPR113,royalblue
GPR125,royalblue
GPR155,royalblue
GPR156,royalblue
GPR19,royalblue
GPR85,royalblue
GPR88,royalblue
GPX5,royalblue
GRB10,royalblue
GRB2,royalblue
GRHL2,royalblue
GRIA4,royalblue
GRID2,royalblue
GRIN2A,royalblue
GRIN2B,royalblue
GRM1,royalblue
GRM3,royalblue
GRTP1,royalblue
GSK3B,royalblue
GSPT1,royalblue
GSTO2,royalblue
GTF2A1,royalblue
GTF2A2,royalblue
GTF2B,royalblue
GTF2IRD1,royalblue
GUCY1A3,royalblue
GZMA,royalblue
H1FOO,royalblue
H3F3B,royalblue
HADHA,royalblue
HAL,royalblue
HAPLN1,royalblue
HARS2,royalblue
HAS2,royalblue
HAUS2,royalblue
HAUS8,royalblue
HCCA2,royalblue
HCFC1R1,royalblue
HCG11,royalblue
HCG22,royalblue
HCG4,royalblue
HCN1,royalblue
HDAC4,royalblue
HDAC9,royalblue
HDGF2,royalblue
HEATR1,royalblue
HELLS,royalblue
HERPUD2,royalblue
HES6,royalblue
HEXIM1,royalblue
HEXIM2,royalblue
HFE2,royalblue
HHIPL2,royalblue
HHLA3,royalblue
HIAT1,royalblue
HIC1,royalblue
HIF1AN,royalblue
HIGD1A,royalblue
HIGD1C,royalblue
HIGD2B,royalblue
HINT3,royalblue
HIST1H1D,royalblue
HIST1H2AB,royalblue
HIST1H2AD,royalblue
HIST1H2AG,royalblue
HIST1H2AL,royalblue
HIST1H2AM,royalblue
HIST1H2BB,royalblue
HIST1H2BD,royalblue
HIST1H3B,royalblue
HIST1H3D,royalblue
HIST1H3G,royalblue
HIST1H4B,royalblue
HIST1H4D,royalblue
HIST1H4H,royalblue
HIVEP1,royalblue
HJURP,royalblue
HLA-DMB,royalblue
HLA-DOA,royalblue
HLA-DPA1,royalblue
HLA-DPB1,royalblue
HLA-DPB2,royalblue
HLTF,royalblue
HMBS,royalblue
HMG20A,royalblue
HMGCR,royalblue
HMGCS1,royalblue
HMGN4,royalblue
HMHB1,royalblue
HMMR,royalblue
HMOX2,royalblue
HN1,royalblue
HNRNPA1,royalblue
HNRNPA2B1,royalblue
HNRNPC,royalblue
HNRNPD,royalblue
HNRNPF,royalblue
HNRNPH1,royalblue
HNRPDL,royalblue
HNRPLL,royalblue
HPS3,royalblue
HRNBP3,royalblue
HSF2,royalblue
HSPA12A,royalblue
HSPA13,royalblue
HSPA4,royalblue
HSPBP1,royalblue
HSPD1,royalblue
HTR1A,royalblue
HTR3A,royalblue
HYAL3,royalblue
HYLS1,royalblue
IBTK,royalblue
ICA1L,royalblue
ICK,royalblue
ID4,royalblue
IDH3A,royalblue
IFI6,royalblue
IFIT2,royalblue
IFIT3,royalblue
IFT140,royalblue
IFT80,royalblue
IFT88,royalblue
IGF2BP1,royalblue
IGFBP3,royalblue
IGFBP4,royalblue
IL12A,royalblue
IL16,royalblue
IL17RD,royalblue
IL17RE,royalblue
IL1B,royalblue
IL27RA,royalblue
ILF2,royalblue
ILF3,royalblue
ILVBL,royalblue
IMMP2L,royalblue
IMMT,royalblue
IMP3,royalblue
IMPAD1,royalblue
INA,royalblue
ING1,royalblue
ING4,royalblue
INO80,royalblue
INO80B,royalblue
INO80D,royalblue
INPP4A,royalblue
INPP4B,royalblue
INPP5A,royalblue
INSIG2,royalblue
INTS12,royalblue
INTS2,royalblue
INTS4,royalblue
INTS7,royalblue
INTS9,royalblue
IP6K1,royalblue
IPMK,royalblue
IPO11,royalblue
IPO8,royalblue
IQCB1,royalblue
IQCE,royalblue
IQGAP2,royalblue
IQUB,royalblue
IRAK1BP1,royalblue
IRAK4,royalblue
IREB2,royalblue
IRF2,royalblue
IRF2BP2,royalblue
IRS1,royalblue
ISCU,royalblue
ISPD,royalblue
ISY1,royalblue
ITFG3,royalblue
ITGA11,royalblue
ITGAV,royalblue
ITLN2,royalblue
ITPR1,royalblue
IVD,royalblue
IWS1,royalblue
JAKMIP2,royalblue
JAKMIP3,royalblue
JAZF1,royalblue
JMJD1C,royalblue
KARS,royalblue
KAZALD1,royalblue
KBTBD2,royalblue
KBTBD3,royalblue
KBTBD8,royalblue
KCNAB1,royalblue
KCNAB2,royalblue
KCNC2,royalblue
KCND2,royalblue
KCNH8,royalblue
KCNIP4,royalblue
KCNJ5,royalblue
KCNK4,royalblue
KCNQ5,royalblue
KCNS3,royalblue
KCTD3,royalblue
KCTD9,royalblue
KDELC2,royalblue
KDM2B,royalblue
KDM4A,royalblue
KDR,royalblue
KHDC1L,royalblue
KHDRBS2,royalblue
KIAA0040,royalblue
KIAA0101,royalblue
KIAA0232,royalblue
KIAA0319,royalblue
KIAA0430,royalblue
KIAA0494,royalblue
KIAA0528,royalblue
KIAA0586,royalblue
KIAA0907,royalblue
KIAA0947,royalblue
KIAA1026,royalblue
KIAA1033,royalblue
KIAA1211,royalblue
KIAA1217,royalblue
KIAA1244,royalblue
KIAA1279,royalblue
KIAA1310,royalblue
KIAA1462,royalblue
KIAA1530,royalblue
KIAA1549,royalblue
KIAA1586,royalblue
KIAA1712,royalblue
KIAA1737,royalblue
KIAA1841,royalblue
KIAA1919,royalblue
KIAA2013,royalblue
KIAA2018,royalblue
KIAA2026,royalblue
KIF13A,royalblue
KIF14,royalblue
KIF18B,royalblue
KIF24,royalblue
KIF26A,royalblue
KIF2A,royalblue
KIF6,royalblue
KIFAP3,royalblue
KLF10,royalblue
KLF12,royalblue
KLF9,royalblue
KLHDC4,royalblue
KLHDC5,royalblue
KLHL14,royalblue
KLHL20,royalblue
KLHL24,royalblue
KLHL29,royalblue
KLHL6,royalblue
KLHL7,royalblue
KLK5,royalblue
KLRAQ1,royalblue
KPNB1,royalblue
KRI1,royalblue
KRIT1,royalblue
KSR1,royalblue
LAMC2,royalblue
LANCL1,royalblue
LAP3,royalblue
LAPTM4A,royalblue
LARP1B,royalblue
LARP4,royalblue
LARP7,royalblue
LASS3,royalblue
LCA5,royalblue
LDHB,royalblue
LDLR,royalblue
LDLRAD2,royalblue
LDLRAD3,royalblue
LECT1,royalblue
LEMD3,royalblue
LEPRE1,royalblue
LGALS4,royalblue
LHFP,royalblue
LIAS,royalblue
LIG4,royalblue
LIMA1,royalblue
LIN28,royalblue
LIN54,royalblue
LINGO1,royalblue
LITAF,royalblue
LMAN2L,royalblue
LMO3,royalblue
LNP1,royalblue
LNPEP,royalblue
LOC100009676,royalblue
LOC100128164,royalblue
LOC100128977,royalblue
LOC100271715,royalblue
LOC100289511,royalblue
LOC100302652,royalblue
LOC146336,royalblue
LOC148189,royalblue
LOC148824,royalblue
LOC154449,royalblue
LOC253724,royalblue
LOC284798,royalblue
LOC285456,royalblue
LOC285696,royalblue
LOC286094,royalblue
LOC338799,royalblue
LOC344595,royalblue
LOC374443,royalblue
LOC399959,royalblue
LOC400043,royalblue
LOC400752,royalblue
LOC492303,royalblue
LOC494141,royalblue
LOC645323,royalblue
LOC651250,royalblue
LOC652276,royalblue
LOC728661,royalblue
LOC730101,royalblue
LOC91149,royalblue
LONP2,royalblue
LONRF2,royalblue
LOR,royalblue
LOX,royalblue
LPCAT3,royalblue
LPGAT1,royalblue
LPHN2,royalblue
LRBA,royalblue
LRCH1,royalblue
LRCH3,royalblue
LRFN5,royalblue
LRP1B,royalblue
LRP2,royalblue
LRP5,royalblue
LRRC23,royalblue
LRRC28,royalblue
LRRC33,royalblue
LRRC37A3,royalblue
LRRC3B,royalblue
LRRC45,royalblue
LRRC48,royalblue
LRRC4B,royalblue
LRRC8D,royalblue
LRRCC1,royalblue
LRRIQ3,royalblue
LRRK1,royalblue
LRRN1,royalblue
LSM5,royalblue
LSR,royalblue
LTA4H,royalblue
LTBP1,royalblue
LUC7L3,royalblue
LXN,royalblue
LY96,royalblue
LYPD4,royalblue
LYPD6,royalblue
LYPLAL1,royalblue
LYRM4,royalblue
LYRM7,royalblue
LYSMD3,royalblue
LYST,royalblue
LZTFL1,royalblue
MAB21L1,royalblue
MACF1,royalblue
MACROD1,royalblue
MAD1L1,royalblue
MAF,royalblue
MAGI1,royalblue
MAGI2,royalblue
MAGOHB,royalblue
MAK16,royalblue
MALAT1,royalblue
MANSC1,royalblue
MAP1B,royalblue
MAP3K13,royalblue
MAP3K5,royalblue
MAP3K7,royalblue
MAP3K7IP2,royalblue
MAP4,royalblue
MAP4K4,royalblue
MAP4K5,royalblue
MAP9,royalblue
MAPK13,royalblue
MAPK1IP1L,royalblue
MAPRE2,royalblue
MAPT,royalblue
MARCH4,royalblue
MARCH6,royalblue
MARCKS,royalblue
MARK2,royalblue
MARS2,royalblue
MARVELD3,royalblue
MAST4,royalblue
MASTL,royalblue
MBTPS1,royalblue
MCFD2,royalblue
MCM2,royalblue
MCPH1,royalblue
MDGA2,royalblue
MDH1B,royalblue
MDM2,royalblue
MED13L,royalblue
MED15,royalblue
MED30,royalblue
MED7,royalblue
MED8,royalblue
MEF2C,royalblue
MEGF10,royalblue
MEGF6,royalblue
MEIS1,royalblue
METAP1,royalblue
METAP2,royalblue
METT10D,royalblue
METT5D1,royalblue
METTL11B,royalblue
METTL14,royalblue
METTL5,royalblue
MFAP3,royalblue
MFAP5,royalblue
MFHAS1,royalblue
MFN1,royalblue
MGA,royalblue
MGC23284,royalblue
MGMT,royalblue
MINPP1,royalblue
MIR1248,royalblue
MIR1539,royalblue
MIR182,royalblue
MIR192,royalblue
MIR19A,royalblue
MIR340,royalblue
MIR423,royalblue
MIR487B,royalblue
MIR520G,royalblue
MIR548F1,royalblue
MIR548F5,royalblue
MIR548Q,royalblue
MIR632,royalblue
MIR635,royalblue
MITF,royalblue
MKI67IP,royalblue
MKS1,royalblue
MLF1IP,royalblue
MLF2,royalblue
MLH1,royalblue
MLL,royalblue
MLLT10,royalblue
MLLT11,royalblue
MLLT3,royalblue
MMAA,royalblue
MNX1,royalblue
MOBKL3,royalblue
MOCS1,royalblue
MOCS2,royalblue
MOG,royalblue
MON2,royalblue
MORC1,royalblue
MPHOSPH8,royalblue
MPV17L,royalblue
MPZL3,royalblue
MRE11A,royalblue
MRO,royalblue
MRP63,royalblue
MRPL11,royalblue
MRPL15,royalblue
MRPL16,royalblue
MRPL18,royalblue
MRPL19,royalblue
MRPL22,royalblue
MRPL3,royalblue
MRPL33,royalblue
MRPL35,royalblue
MRPL38,royalblue
MRPL47,royalblue
MRPL48,royalblue
MRPS11,royalblue
MRPS18B,royalblue
MRPS21,royalblue
MRPS27,royalblue
MRPS30,royalblue
MRPS31,royalblue
MRPS35,royalblue
MRPS5,royalblue
MRPS7,royalblue
MRPS9,royalblue
MRTO4,royalblue
MS4A3,royalblue
MSC,royalblue
MSH6,royalblue
MSI2,royalblue
MSL2,royalblue
MSLN,royalblue
MTCH2,royalblue
MTDH,royalblue
MTERF,royalblue
MTF2,royalblue
MTFMT,royalblue
MTFR1,royalblue
MTHFD1,royalblue
MTHFD1L,royalblue
MTL5,royalblue
MTMR9,royalblue
MTO1,royalblue
MTRF1,royalblue
MTRF1L,royalblue
MTUS2,royalblue
MUC21,royalblue
MUDENG,royalblue
MUTED,royalblue
MX1,royalblue
MYADM,royalblue
MYB,royalblue
MYC,royalblue
MYLIP,royalblue
MYLK4,royalblue
MYO1E,royalblue
MYO1G,royalblue
MYO5A,royalblue
MYOM2,royalblue
MYRIP,royalblue
N4BP2L2,royalblue
NAA25,royalblue
NAALAD2,royalblue
NACA,royalblue
NADK,royalblue
NADSYN1,royalblue
NAE1,royalblue
NAMPT,royalblue
NARG2,royalblue
NCK1,royalblue
NCK2,royalblue
NCRNA00085,royalblue
NCRNA00120,royalblue
NCRNA00169,royalblue
NCRNA00171,royalblue
NCRNA00188,royalblue
NDC80,royalblue
NDNL2,royalblue
NDUFA12,royalblue
NDUFA4,royalblue
NDUFA9,royalblue
NDUFAF4,royalblue
NDUFC2,royalblue
NDUFS5,royalblue
NDUFS6,royalblue
NEDD9,royalblue
NEGR1,royalblue
NEIL3,royalblue
NEK5,royalblue
NEK7,royalblue
NELL2,royalblue
NET1,royalblue
NETO2,royalblue
NEU3,royalblue
NEUROG2,royalblue
NFATC2IP,royalblue
NFATC3,royalblue
NFIA,royalblue
NFIC,royalblue
NFKBIL1,royalblue
NFU1,royalblue
NFXL1,royalblue
NFYC,royalblue
NGFR,royalblue
NGRN,royalblue
NHLRC2,royalblue
NICN1,royalblue
NIPBL,royalblue
NISCH,royalblue
NKAIN2,royalblue
NKD1,royalblue
NKX3-1,royalblue
NLGN1,royalblue
NLRC3,royalblue
NLRC5,royalblue
NLRP10,royalblue
NLRP14,royalblue
NMBR,royalblue
NMNAT3,royalblue
NMS,royalblue
NNT,royalblue
NOL4,royalblue
NOL8,royalblue
NOTCH3,royalblue
NOTCH4,royalblue
NOVA1,royalblue
NOVA2,royalblue
NPHS1,royalblue
NPM1,royalblue
NPR1,royalblue
NPR3,royalblue
NPY1R,royalblue
NPY2R,royalblue
NR1D1,royalblue
NR2C1,royalblue
NR2F2,royalblue
NR3C2,royalblue
NR5A2,royalblue
NR6A1,royalblue
NRAS,royalblue
NRBP1,royalblue
NRBP2,royalblue
NRCAM,royalblue
NRTN,royalblue
NSMAF,royalblue
NSUN3,royalblue
NSUN6,royalblue
NT5C3L,royalblue
NT5DC1,royalblue
NTM,royalblue
NTN4,royalblue
NTNG1,royalblue
NUBP1,royalblue
NUBPL,royalblue
NUDT9,royalblue
NUF2,royalblue
NUMB,royalblue
NUP35,royalblue
NUP43,royalblue
NUP54,royalblue
NUPL1,royalblue
NUSAP1,royalblue
NVL,royalblue
NXPH3,royalblue
OBFC1,royalblue
OCIAD1,royalblue
ODZ3,royalblue
ODZ4,royalblue
OGDH,royalblue
OGFOD1,royalblue
OPRK1,royalblue
OPTC,royalblue
ORAI2,royalblue
ORAOV1,royalblue
OS9,royalblue
OSBPL9,royalblue
OSCAR,royalblue
OSGEP,royalblue
OSTBETA,royalblue
OSTM1,royalblue
OTUD4,royalblue
OTUD6B,royalblue
OTUD7B,royalblue
OXA1L,royalblue
OXSR1,royalblue
P2RX4,royalblue
P4HA3,royalblue
PACRG,royalblue
PAIP2,royalblue
PAIP2B,royalblue
PAK1,royalblue
PANK1,royalblue
PARK2,royalblue
PARP1,royalblue
PARP16,royalblue
PARS2,royalblue
PARVA,royalblue
PAX3,royalblue
PAX7,royalblue
PBLD,royalblue
PBX1,royalblue
PBX4,royalblue
PC,royalblue
PCBD1,royalblue
PCBP2,royalblue
PCDH10,royalblue
PCDH20,royalblue
PCDH9,royalblue
PCDHA6,royalblue
PCDHA7,royalblue
PCDHB6,royalblue
PCDHGA4,royalblue
PCGF3,royalblue
PCLO,royalblue
PCNP,royalblue
PCSK9,royalblue
PDCD10,royalblue
PDCD7,royalblue
PDE4D,royalblue
PDE4DIP,royalblue
PDIK1L,royalblue
PDZRN4,royalblue
PEBP1,royalblue
PECI,royalblue
PET112L,royalblue
PEX14,royalblue
PEX5L,royalblue
PEX6,royalblue
PFKM,royalblue
PGAM1,royalblue
PGAP1,royalblue
PGM2L1,royalblue
PGM3,royalblue
PGR,royalblue
PHACTR1,royalblue
PHACTR2,royalblue
PHACTR4,royalblue
PHC3,royalblue
PHF10,royalblue
PHF15,royalblue
PHF5A,royalblue
PHTF2,royalblue
PIBF1,royalblue
PIGC,royalblue
PIH1D1,royalblue
PIK3CA,royalblue
PIK3CD,royalblue
PIK3R3,royalblue
PIK3R4,royalblue
PITPNC1,royalblue
PITRM1,royalblue
PIWIL1,royalblue
PIWIL2,royalblue
PJA2,royalblue
PKD2,royalblue
PKIA,royalblue
PLA2G4E,royalblue
PLA2R1,royalblue
PLAC8,royalblue
PLCD3,royalblue
PLCL2,royalblue
PLD3,royalblue
PLEKHA5,royalblue
PLEKHB2,royalblue
PLEKHF2,royalblue
PLEKHH2,royalblue
PLEKHM3,royalblue
PLOD2,royalblue
PLRG1,royalblue
PML,royalblue
PMM2,royalblue
PNKD,royalblue
PNN,royalblue
PNP,royalblue
PNPT1,royalblue
POLD3,royalblue
POLG,royalblue
POLG2,royalblue
POLI,royalblue
POLK,royalblue
POLL,royalblue
POLQ,royalblue
POLR1A,royalblue
POLR2A,royalblue
POLR2K,royalblue
POLR3A,royalblue
POLR3E,royalblue
POMC,royalblue
PON3,royalblue
POU6F2,royalblue
PPARG,royalblue
PPARGC1A,royalblue
PPHLN1,royalblue
PPID,royalblue
PPIH,royalblue
PPIL1,royalblue
PPM1B,royalblue
PPM1D,royalblue
PPOX,royalblue
PPP1R11,royalblue
PPP1R12A,royalblue
PPP1R3B,royalblue
PPP1R3C,royalblue
PPP1R8,royalblue
PPP1R9A,royalblue
PPP2R2D,royalblue
PPP2R3C,royalblue
PPP2R5A,royalblue
PPP2R5C,royalblue
PPP3CB,royalblue
PPP4C,royalblue
PPPDE1,royalblue
PPRC1,royalblue
PPTC7,royalblue
PRAGMIN,royalblue
PRCC,royalblue
PRDM1,royalblue
PRDM10,royalblue
PRDM16,royalblue
PRIM1,royalblue
PRIMA1,royalblue
PRKAA2,royalblue
PRKAG2,royalblue
PRKAR1B,royalblue
PRKCZ,royalblue
PRKDC,royalblue
PRKG1,royalblue
PRLR,royalblue
PROK2,royalblue
PROM1,royalblue
PRPF4,royalblue
PRPF4B,royalblue
PRPF8,royalblue
PRPSAP2,royalblue
PRR24,royalblue
PRR3,royalblue
PRR5L,royalblue
PRSS35,royalblue
PSEN1,royalblue
PSEN2,royalblue
PSMA1,royalblue
PSMA3,royalblue
PSMB1,royalblue
PSMB8,royalblue
PSMC3IP,royalblue
PSMD14,royalblue
PSMD7,royalblue
PSTK,royalblue
PTAFR,royalblue
PTEN,royalblue
PTER,royalblue
PTF1A,royalblue
PTGFRN,royalblue
PTHLH,royalblue
PTK2B,royalblue
PTP4A1,royalblue
PTP4A3,royalblue
PTPLA,royalblue
PTPN12,royalblue
PTPN4,royalblue
PTPRF,royalblue
PTPRN2,royalblue
PTPRO,royalblue
PTRH2,royalblue
PUM2,royalblue
PVRL1,royalblue
PVT1,royalblue
PXMP3,royalblue
PXN,royalblue
PXT1,royalblue
QRFPR,royalblue
QRSL1,royalblue
QSER1,royalblue
QTRT1,royalblue
QTRTD1,royalblue
R3HDM1,royalblue
RAB10,royalblue
RAB13,royalblue
RAB1A,royalblue
RAB28,royalblue
RAB2B,royalblue
RAB32,royalblue
RAB3C,royalblue
RAB3IP,royalblue
RAB43,royalblue
RAB5A,royalblue
RAB5B,royalblue
RAB6A,royalblue
RABGAP1,royalblue
RACGAP1,royalblue
RAD21,royalblue
RAD23B,royalblue
RAD51AP1,royalblue
RAD51L1,royalblue
RAD54B,royalblue
RAET1E,royalblue
RALGAPA1,royalblue
RALGPS2,royalblue
RALYL,royalblue
RAPGEF2,royalblue
RAPGEF6,royalblue
RARB,royalblue
RASA1,royalblue
RASA2,royalblue
RASAL2,royalblue
RASSF8,royalblue
RBBP5,royalblue
RBBP6,royalblue
RBM15,royalblue
RBM24,royalblue
RBM25,royalblue
RBM33,royalblue
RBM39,royalblue
RBM46,royalblue
RBM47,royalblue
RBM5,royalblue
RBM8A,royalblue
RBMS1,royalblue
RBMS3,royalblue
RBMXL1,royalblue
RBPJ,royalblue
RCBTB1,royalblue
RCHY1,royalblue
RDH10,royalblue
RDX,royalblue
RECQL,royalblue
RECQL4,royalblue
REM1,royalblue
RERG,royalblue
REST,royalblue
REXO1,royalblue
REXO2,royalblue
RFC3,royalblue
RFC5,royalblue
RFWD2,royalblue
RFWD3,royalblue
RFX5,royalblue
RFXAP,royalblue
RG9MTD1,royalblue
RG9MTD2,royalblue
RGL1,royalblue
RGL2,royalblue
RGL3,royalblue
RGMB,royalblue
RGS3,royalblue
RGS7,royalblue
RGS7BP,royalblue
RHOBTB1,royalblue
RHOJ,royalblue
RHOU,royalblue
RIC8B,royalblue
RICTOR,royalblue
RIF1,royalblue
RIMBP2,royalblue
RIMKLB,royalblue
RING1,royalblue
RIOK2,royalblue
RNASEN,royalblue
RND3,royalblue
RNF114,royalblue
RNF13,royalblue
RNF150,royalblue
RNF157,royalblue
RNF168,royalblue
RNF169,royalblue
RNF185,royalblue
RNF186,royalblue
RNF19A,royalblue
RNF2,royalblue
RNF20,royalblue
RNF213,royalblue
RNF220,royalblue
RNF25,royalblue
RNF38,royalblue
RNFT1,royalblue
RNGTT,royalblue
RNPC3,royalblue
ROCK1,royalblue
ROR1,royalblue
ROR2,royalblue
RP9P,royalblue
RPA1,royalblue
RPAP1,royalblue
RPF1,royalblue
RPF2,royalblue
RPH3AL,royalblue
RPL19,royalblue
RPL24,royalblue
RPL27,royalblue
RPL30,royalblue
RPL35A,royalblue
RPL36AL,royalblue
RPL37A,royalblue
RPL41,royalblue
RPL5,royalblue
RPP25,royalblue
RPP30,royalblue
RPRD2,royalblue
RPS12,royalblue
RPS19,royalblue
RPS24,royalblue
RPS27A,royalblue
RPS27L,royalblue
RPS29,royalblue
RPS6KA5,royalblue
RPS6KB2,royalblue
RPSA,royalblue
RPTOR,royalblue
RPUSD2,royalblue
RRAGC,royalblue
RREB1,royalblue
RRM2B,royalblue
RRS1,royalblue
RSL24D1,royalblue
RSPO2,royalblue
RSPRY1,royalblue
RSRC2,royalblue
RTBDN,royalblue
RTN4IP1,royalblue
RTTN,royalblue
RUFY1,royalblue
RUFY3,royalblue
RUNX2,royalblue
RYK,royalblue
RYR2,royalblue
S100A11,royalblue
SACM1L,royalblue
SALL3,royalblue
SAMD13,royalblue
SAMD4B,royalblue
SASH1,royalblue
SBK2,royalblue
SC5DL,royalblue
SCAMP3,royalblue
SCARB1,royalblue
SCARNA4,royalblue
SCFD2,royalblue
SCG3,royalblue
SCLT1,royalblue
SCMH1,royalblue
SCN4A,royalblue
SCNN1B,royalblue
SCOC,royalblue
SCRN1,royalblue
SDAD1,royalblue
SDCBP,royalblue
SDF4,royalblue
SDHAF2,royalblue
SDK1,royalblue
SDK2,royalblue
SEC14L5,royalblue
SEC16A,royalblue
SEC22B,royalblue
SEC31A,royalblue
SEC61G,royalblue
SEH1L,royalblue
SELK,royalblue
SEMA6B,royalblue
SENP1,royalblue
SENP5,royalblue
SEP15,royalblue
SERF2,royalblue
SERINC4,royalblue
SERPINB8,royalblue
SERPINB9,royalblue
SERTAD1,royalblue
SESN1,royalblue
SESN2,royalblue
SETBP1,royalblue
SETD1B,royalblue
SETDB1,royalblue
SF3B14,royalblue
SFPQ,royalblue
SFRS1,royalblue
SFRS11,royalblue
SFRS18,royalblue
SFRS2IP,royalblue
SFRS4,royalblue
SFRS5,royalblue
SFRS8,royalblue
SGCE,royalblue
SGK3,royalblue
SGMS1,royalblue
SGMS2,royalblue
SGOL2,royalblue
SGPP1,royalblue
SGSM1,royalblue
SH3BP2,royalblue
SH3BP4,royalblue
SHANK1,royalblue
SHANK2,royalblue
SHC1,royalblue
SHCBP1,royalblue
SHF,royalblue
SHFM1,royalblue
SHISA2,royalblue
SHMT2,royalblue
SHQ1,royalblue
SHROOM3,royalblue
SIDT2,royalblue
SIP1,royalblue
SIPA1L3,royalblue
SIRT1,royalblue
SIRT5,royalblue
SIX4,royalblue
SKA2,royalblue
SKAP1,royalblue
SKAP2,royalblue
SKIV2L2,royalblue
SLAIN1,royalblue
SLC16A14,royalblue
SLC25A21,royalblue
SLC25A26,royalblue
SLC25A28,royalblue
SLC25A32,royalblue
SLC25A36,royalblue
SLC25A37,royalblue
SLC2A9,royalblue
SLC30A7,royalblue
SLC30A9,royalblue
SLC31A2,royalblue
SLC33A1,royalblue
SLC35A1,royalblue
SLC35B3,royalblue
SLC35E3,royalblue
SLC36A1,royalblue
SLC36A4,royalblue
SLC38A10,royalblue
SLC38A2,royalblue
SLC39A10,royalblue
SLC39A9,royalblue
SLC43A1,royalblue
SLC45A1,royalblue
SLC47A2,royalblue
SLC4A1,royalblue
SLC4A4,royalblue
SLC4A8,royalblue
SLC6A11,royalblue
SLC6A15,royalblue
SLC7A1,royalblue
SLCO3A1,royalblue
SLFN5,royalblue
SLITRK5,royalblue
SLMAP,royalblue
SLU7,royalblue
SMAD1,royalblue
SMAD3,royalblue
SMAGP,royalblue
SMARCA4,royalblue
SMARCA5,royalblue
SMARCAD1,royalblue
SMC2,royalblue
SMC5,royalblue
SMOC2,royalblue
SMUG1,royalblue
SMURF1,royalblue
SMYD4,royalblue
SMYD5,royalblue
SNAI2,royalblue
SNAP23,royalblue
SNAP25,royalblue
SNAP47,royalblue
SNAP91,royalblue
SNAR-F,royalblue
SND1,royalblue
SNHG3-RCC1,royalblue
SNHG8,royalblue
SNORA76,royalblue
SNORD2,royalblue
SNORD27,royalblue
SNORD43,royalblue
SNORD93,royalblue
SNRK,royalblue
SNRNP27,royalblue
SNRNP48,royalblue
SNTG2,royalblue
SNW1,royalblue
SNX24,royalblue
SNX32,royalblue
SNX8,royalblue
SOAT2,royalblue
SOCS1,royalblue
SOCS2,royalblue
SOCS4,royalblue
SOCS5,royalblue
SORCS2,royalblue
SOS2,royalblue
SOX4,royalblue
SP1,royalblue
SP140,royalblue
SPACA1,royalblue
SPACA3,royalblue
SPAG1,royalblue
SPAST,royalblue
SPATA13,royalblue
SPATA4,royalblue
SPATA5,royalblue
SPATA7,royalblue
SPATS2,royalblue
SPCS3,royalblue
SPEN,royalblue
SPG20,royalblue
SPG7,royalblue
SPHKAP,royalblue
SPIRE1,royalblue
SPIRE2,royalblue
SPNS2,royalblue
SPNS3,royalblue
SPPL2A,royalblue
SPRED2,royalblue
SPRY2,royalblue
SPTBN1,royalblue
SRA1,royalblue
SRBD1,royalblue
SRGAP3,royalblue
SRI,royalblue
SRP72,royalblue
SRPK1,royalblue
SRPK2,royalblue
SRRM3,royalblue
SSBP1,royalblue
SSR1,royalblue
SSRP1,royalblue
ST3GAL1,royalblue
ST3GAL5,royalblue
ST6GAL1,royalblue
ST6GALNAC3,royalblue
ST6GALNAC5,royalblue
ST7,royalblue
ST8SIA4,royalblue
STAMBP,royalblue
STARD13,royalblue
STARD4,royalblue
STAT4,royalblue
STAU2,royalblue
STBD1,royalblue
STK38,royalblue
STK38L,royalblue
STK4,royalblue
STL,royalblue
STOM,royalblue
STRADA,royalblue
STRAP,royalblue
STT3A,royalblue
STX11,royalblue
STX2,royalblue
STX6,royalblue
STX7,royalblue
STYK1,royalblue
SUB1,royalblue
SUGT1P1,royalblue
SULF1,royalblue
SULF2,royalblue
SULT1C4,royalblue
SULT4A1,royalblue
SUMF2,royalblue
SUNC1,royalblue
SUOX,royalblue
SUPT16H,royalblue
SUPT3H,royalblue
SUPV3L1,royalblue
SUZ12P,royalblue
SVEP1,royalblue
SWAP70,royalblue
SYF2,royalblue
SYNE1,royalblue
SYNGAP1,royalblue
SYNJ2,royalblue
SYNPR,royalblue
SYNRG,royalblue
SYT11,royalblue
SYT17,royalblue
SYTL2,royalblue
SYVN1,royalblue
T-SP1,royalblue
TACC1,royalblue
TADA1,royalblue
TAF12,royalblue
TAF1A,royalblue
TAF1B,royalblue
TAF2,royalblue
TAF5,royalblue
TAF5L,royalblue
TAF9,royalblue
TANC1,royalblue
TANK,royalblue
TARS2,royalblue
TARSL2,royalblue
TAX1BP1,royalblue
TBC1D15,royalblue
TBC1D16,royalblue
TBC1D19,royalblue
TBC1D23,royalblue
TBCD,royalblue
TBL2,royalblue
TBPL1,royalblue
TBX18,royalblue
TCERG1,royalblue
TCERG1L,royalblue
TCF7L1,royalblue
TCF7L2,royalblue
TCP1,royalblue
TCP11L1,royalblue
TCTEX1D1,royalblue
TDP1,royalblue
TDRKH,royalblue
TEKT1,royalblue
TERC,royalblue
TERF1,royalblue
TERT,royalblue
TET1,royalblue
TEX14,royalblue
TFAM,royalblue
TFAP2B,royalblue
TFG,royalblue
TFR2,royalblue
TFRC,royalblue
TGFB2,royalblue
TGFBR2,royalblue
TGFBRAP1,royalblue
TGOLN2,royalblue
THADA,royalblue
THAP1,royalblue
THBS1,royalblue
THBS4,royalblue
THG1L,royalblue
THNSL1,royalblue
THRAP3,royalblue
THSD7A,royalblue
TIAL1,royalblue
TIMELESS,royalblue
TIPARP,royalblue
TIPIN,royalblue
TLE1,royalblue
TLE4,royalblue
TLK1,royalblue
TLR10,royalblue
TM2D1,royalblue
TM2D2,royalblue
TM9SF2,royalblue
TMCO1,royalblue
TMCO3,royalblue
TMCO6,royalblue
TMED7-TICAM2,royalblue
TMEM108,royalblue
TMEM110,royalblue
TMEM115,royalblue
TMEM126A,royalblue
TMEM126B,royalblue
TMEM132C,royalblue
TMEM132D,royalblue
TMEM151A,royalblue
TMEM161B,royalblue
TMEM184C,royalblue
TMEM185B,royalblue
TMEM186,royalblue
TMEM19,royalblue
TMEM192,royalblue
TMEM194A,royalblue
TMEM209,royalblue
TMEM30A,royalblue
TMEM37,royalblue
TMEM41A,royalblue
TMEM48,royalblue
TMEM49,royalblue
TMEM5,royalblue
TMEM51,royalblue
TMEM62,royalblue
TMEM67,royalblue
TMEM70,royalblue
TMEM87A,royalblue
TMEM9,royalblue
TMF1,royalblue
TMTC4,royalblue
TMX2,royalblue
TMX3,royalblue
TNFAIP8,royalblue
TNFAIP8L1,royalblue
TNFRSF21,royalblue
TNFRSF8,royalblue
TNIK,royalblue
TNIP2,royalblue
TNIP3,royalblue
TNPO1,royalblue
TOP2A,royalblue
TOPORS,royalblue
TOR1AIP2,royalblue
TP53BP1,royalblue
TP73,royalblue
TPBG,royalblue
TPCN2,royalblue
TPP2,royalblue
TPX2,royalblue
TRAM1L1,royalblue
TRIM13,royalblue
TRIM2,royalblue
TRIM26,royalblue
TRIM27,royalblue
TRIM59,royalblue
TRIM67,royalblue
TRIM71,royalblue
TRIM72,royalblue
TRIO,royalblue
TRIP10,royalblue
TRIP11,royalblue
TRIP4,royalblue
TRIT1,royalblue
TRMT1,royalblue
TRMT61B,royalblue
TRNT1,royalblue
TRPC1,royalblue
TRPM4,royalblue
TRPM8,royalblue
TSG101,royalblue
TSLP,royalblue
TSNARE1,royalblue
TSNAX-DISC1,royalblue
TSNAXIP1,royalblue
TSPAN12,royalblue
TSPO2,royalblue
TSPYL1,royalblue
TSSC1,royalblue
TSSC4,royalblue
TTBK2,royalblue
TTC1,royalblue
TTC13,royalblue
TTC18,royalblue
TTC23,royalblue
TTC24,royalblue
TTC29,royalblue
TTC32,royalblue
TTC5,royalblue
TTC8,royalblue
TTF1,royalblue
TTF2,royalblue
TTK,royalblue
TTLL6,royalblue
TTN,royalblue
TUBB2A,royalblue
TUFM,royalblue
TULP3,royalblue
TUSC3,royalblue
TUSC4,royalblue
TXNDC6,royalblue
TXNIP,royalblue
UAP1,royalblue
UBA6,royalblue
UBAC2,royalblue
UBAP2L,royalblue
UBB,royalblue
UBC,royalblue
UBE2B,royalblue
UBE2D3,royalblue
UBE2G1,royalblue
UBE2Q2,royalblue
UBE2T,royalblue
UBE3C,royalblue
UBE4A,royalblue
UBE4B,royalblue
UBL3,royalblue
UBL7,royalblue
UBQLN1,royalblue
UBR2,royalblue
UBR4,royalblue
UFM1,royalblue
UGCG,royalblue
UGP2,royalblue
UGT8,royalblue
UHRF1,royalblue
ULBP3,royalblue
ULK1,royalblue
UNC119B,royalblue
UNC5A,royalblue
UNC80,royalblue
UNC84A,royalblue
UPF3A,royalblue
UQCR,royalblue
USO1,royalblue
USP10,royalblue
USP14,royalblue
USP32,royalblue
USP49,royalblue
USP53,royalblue
USPL1,royalblue
UST,royalblue
UTP15,royalblue
UTP20,royalblue
UTP23,royalblue
VAV1,royalblue
VCPIP1,royalblue
VEZF1,royalblue
VGLL4,royalblue
VHL,royalblue
VIPR2,royalblue
VNN2,royalblue
VPS11,royalblue
VPS13B,royalblue
VPS13C,royalblue
VPS18,royalblue
VPS24,royalblue
VPS29,royalblue
VPS33A,royalblue
VPS37C,royalblue
VPS41,royalblue
VPS45,royalblue
VPS53,royalblue
VPS8,royalblue
VRK3,royalblue
VSTM2A,royalblue
VTA1,royalblue
VWA2,royalblue
VWA3B,royalblue
WAPAL,royalblue
WASF1,royalblue
WBSCR27,royalblue
WDFY4,royalblue
WDR16,royalblue
WDR17,royalblue
WDR19,royalblue
WDR20,royalblue
WDR25,royalblue
WDR26,royalblue
WDR27,royalblue
WDR36,royalblue
WDR5B,royalblue
WDR63,royalblue
WDR65,royalblue
WDR69,royalblue
WDR73,royalblue
WDR75,royalblue
WDR8,royalblue
WDR89,royalblue
WDR92,royalblue
WFDC1,royalblue
WFIKKN1,royalblue
WIF1,royalblue
WIPF2,royalblue
WIPF3,royalblue
WNK1,royalblue
WNT5A,royalblue
WRAP53,royalblue
WRN,royalblue
WSB1,royalblue
WWOX,royalblue
XKR5,royalblue
XKR9,royalblue
XPC,royalblue
XPO1,royalblue
XPO4,royalblue
XRCC2,royalblue
XRCC4,royalblue
XRCC6BP1,royalblue
YBX1,royalblue
YIPF1,royalblue
YIPF4,royalblue
YIPF5,royalblue
YWHAE,royalblue
ZAK,royalblue
ZAP70,royalblue
ZBED5,royalblue
ZBTB10,royalblue
ZBTB20,royalblue
ZBTB22,royalblue
ZBTB3,royalblue
ZC3H11A,royalblue
ZC3H12D,royalblue
ZC3H13,royalblue
ZC3HAV1,royalblue
ZC3HC1,royalblue
ZCCHC2,royalblue
ZDBF2,royalblue
ZDHHC4,royalblue
ZEB1,royalblue
ZEB2,royalblue
ZFAND1,royalblue
ZFHX4,royalblue
ZFP62,royalblue
ZFR2,royalblue
ZFYVE1,royalblue
ZFYVE27,royalblue
ZMPSTE24,royalblue
ZMYND11,royalblue
ZNF133,royalblue
ZNF140,royalblue
ZNF143,royalblue
ZNF169,royalblue
ZNF174,royalblue
ZNF18,royalblue
ZNF197,royalblue
ZNF207,royalblue
ZNF215,royalblue
ZNF221,royalblue
ZNF224,royalblue
ZNF226,royalblue
ZNF235,royalblue
ZNF238,royalblue
ZNF24,royalblue
ZNF25,royalblue
ZNF250,royalblue
ZNF252,royalblue
ZNF26,royalblue
ZNF266,royalblue
ZNF271,royalblue
ZNF277,royalblue
ZNF284,royalblue
ZNF292,royalblue
ZNF30,royalblue
ZNF311,royalblue
ZNF317,royalblue
ZNF318,royalblue
ZNF322A,royalblue
ZNF331,royalblue
ZNF33A,royalblue
ZNF350,royalblue
ZNF362,royalblue
ZNF367,royalblue
ZNF415,royalblue
ZNF438,royalblue
ZNF460,royalblue
ZNF493,royalblue
ZNF500,royalblue
ZNF502,royalblue
ZNF510,royalblue
ZNF519,royalblue
ZNF549,royalblue
ZNF565,royalblue
ZNF570,royalblue
ZNF573,royalblue
ZNF574,royalblue
ZNF585B,royalblue
ZNF606,royalblue
ZNF610,royalblue
ZNF614,royalblue
ZNF616,royalblue
ZNF625,royalblue
ZNF643,royalblue
ZNF655,royalblue
ZNF669,royalblue
ZNF680,royalblue
ZNF681,royalblue
ZNF684,royalblue
ZNF691,royalblue
ZNF697,royalblue
ZNF702P,royalblue
ZNF708,royalblue
ZNF709,royalblue
ZNF710,royalblue
ZNF764,royalblue
ZNF778,royalblue
ZNF782,royalblue
ZNF790,royalblue
ZNF791,royalblue
ZNF805,royalblue
ZNF821,royalblue
ZNF836,royalblue
ZNF845,royalblue
ZNRD1,royalblue
ZRANB2,royalblue
ZSCAN18,royalblue
ZSWIM7,royalblue
ZWILCH,royalblue
ZYG11B,royalblue
ZZZ3,royalblue
A2BP1,salmon
AAA1,salmon
AAAS,salmon
AADACL2,salmon
AAK1,salmon
AASDH,salmon
ABCA13,salmon
ABCA17P,salmon
ABCA4,salmon
ABCA8,salmon
ABCB5,salmon
ABCC11,salmon
ABCC12,salmon
ABCC4,salmon
ABCC5,salmon
ABCC8,salmon
ABHD5,salmon
ABI3,salmon
ABI3BP,salmon
ABL2,salmon
ABR,salmon
ACACA,salmon
ACACB,salmon
ACAD11,salmon
ACBD5,salmon
ACCN1,salmon
ACCN5,salmon
ACOX3,salmon
ACOXL,salmon
ACP1,salmon
ACRV1,salmon
ACSL1,salmon
ACSL5,salmon
ACSM3,salmon
ACTG2,salmon
ACTN1,salmon
ACTN2,salmon
ACTR3B,salmon
ACY3,salmon
ADAM12,salmon
ADAM18,salmon
ADAM2,salmon
ADAM29,salmon
ADAM32,salmon
ADAM8,salmon
ADAMDEC1,salmon
ADAMTS18,salmon
ADAMTS20,salmon
ADAMTS6,salmon
ADAMTS7,salmon
ADAMTS8,salmon
ADAMTSL3,salmon
ADAP1,salmon
ADARB2,salmon
ADCK2,salmon
ADCY10,salmon
ADCY2,salmon
ADI1,salmon
ADK,salmon
ADORA2B,salmon
ADORA3,salmon
ADPRHL1,salmon
ADRA1A,salmon
ADRA1B,salmon
ADRA2A,salmon
ADRB3,salmon
ADSS,salmon
AFAP1,salmon
AFAP1L1,salmon
AFARP1,salmon
AFF1,salmon
AFF3,salmon
AFG3L1,salmon
AGAP1,salmon
AGAP2,salmon
AGBL1,salmon
AGBL4,salmon
AGMAT,salmon
AGR3,salmon
AGTPBP1,salmon
AGTR1,salmon
AHCYL2,salmon
AHI1,salmon
AIM2,salmon
AIMP2,salmon
AJAP1,salmon
AK3L1,salmon
AKAP10,salmon
AKAP12,salmon
AKAP13,salmon
AKAP3,salmon
AKNA,salmon
AKR1C4,salmon
AKR1D1,salmon
AKR7A3,salmon
AKT1S1,salmon
AKT2,salmon
AKTIP,salmon
ALDH16A1,salmon
ALDH3A1,salmon
ALG1,salmon
ALG14,salmon
ALG3,salmon
ALKBH2,salmon
ALOX12,salmon
ALOX5,salmon
ALPK1,salmon
ALS2CR12,salmon
ALS2CR4,salmon
ALX3,salmon
AMACR,salmon
AMICA1,salmon
AMMECR1L,salmon
AMN1,salmon
AMOTL1,salmon
AMOTL2,salmon
AMPD1,salmon
AMPH,salmon
ANAPC10,salmon
ANGPT1,salmon
ANGPT2,salmon
ANK1,salmon
ANK2,salmon
ANK3,salmon
ANKFY1,salmon
ANKRD11,salmon
ANKRD12,salmon
ANKRD33,salmon
ANKRD34C,salmon
ANKRD44,salmon
ANKRD45,salmon
ANKRD55,salmon
ANKRD57,salmon
ANKRD7,salmon
ANKS1A,salmon
ANKS1B,salmon
ANO1,salmon
ANO3,salmon
ANO4,salmon
ANO6,salmon
ANTXR1,salmon
ANXA1,salmon
AOX2P,salmon
AP1G1,salmon
AP2B1,salmon
AP4E1,salmon
APBA1,salmon
APBA2,salmon
APBB2,salmon
APC2,salmon
APOB,salmon
APOH,salmon
AQP8,salmon
AQR,salmon
ARAP2,salmon
ARC,salmon
ARFIP1,salmon
ARGLU1,salmon
ARHGAP18,salmon
ARHGAP20,salmon
ARHGAP25,salmon
ARHGEF10,salmon
ARHGEF3,salmon
ARHGEF4,salmon
ARHGEF7,salmon
ARID1A,salmon
ARID5B,salmon
ARL15,salmon
ARL9,salmon
ARMC3,salmon
ARMS2,salmon
ARPM1,salmon
ARPP-21,salmon
ARRDC5,salmon
ARSB,salmon
ARSG,salmon
ARSJ,salmon
ASAH2,salmon
ASAP1,salmon
ASAP2,salmon
ASB10,salmon
ASB13,salmon
ASB14,salmon
ASB18,salmon
ASB2,salmon
ASB4,salmon
ASB5,salmon
ASCC1,salmon
ASH1L,salmon
ASPH,salmon
ASPSCR1,salmon
ASRGL1,salmon
ASXL2,salmon
ASZ1,salmon
ATAD3A,salmon
ATF6,salmon
ATF7IP,salmon
ATG16L2,salmon
ATG4D,salmon
ATG5,salmon
ATIC,salmon
ATP11A,salmon
ATP13A3,salmon
ATP4B,salmon
ATP5G3,salmon
ATP6AP1L,salmon
ATP6V0A4,salmon
ATP6V1A,salmon
ATP6V1E2,salmon
ATP8A2,salmon
ATP8B1,salmon
ATP8B3,salmon
ATP8B4,salmon
ATPBD4,salmon
ATXN3,salmon
ATXN7L1,salmon
AUTS2,salmon
AVPR1A,salmon
B3GNTL1,salmon
BAI3,salmon
BAIAP2,salmon
BAIAP2L1,salmon
BAT2,salmon
BAT2L2,salmon
BAT3,salmon
BAT5,salmon
BATF,salmon
BATF3,salmon
BAZ1A,salmon
BAZ1B,salmon
BBOX1,salmon
BBS9,salmon
BCAN,salmon
BCAP29,salmon
BCAS2,salmon
BCAS3,salmon
BCAT1,salmon
BCL11B,salmon
BCL2L10,salmon
BCL2L11,salmon
BCL2L14,salmon
BCL2L15,salmon
BCL9,salmon
BDNF,salmon
BDP1,salmon
BEND6,salmon
BEST3,salmon
BICC1,salmon
BLM,salmon
BLNK,salmon
BMP10,salmon
BMPR1A,salmon
BNIP2,salmon
BOC,salmon
BOLA1,salmon
BOLL,salmon
BPTF,salmon
BRD1,salmon
BRDT,salmon
BRE,salmon
BRUNOL4,salmon
BTBD11,salmon
BTBD3,salmon
BTBD7,salmon
BTBD9,salmon
BTC,salmon
BTF3L1,salmon
BTNL2,salmon
BTNL8,salmon
BTNL9,salmon
C10ORF11,salmon
C10ORF110,salmon
C10ORF118,salmon
C10ORF12,salmon
C10ORF18,salmon
C10ORF47,salmon
C10ORF78,salmon
C11ORF57,salmon
C11ORF60,salmon
C11ORF61,salmon
C11ORF63,salmon
C11ORF70,salmon
C12ORF27,salmon
C12ORF35,salmon
C12ORF4,salmon
C12ORF40,salmon
C12ORF43,salmon
C12ORF50,salmon
C12ORF57,salmon
C12ORF67,salmon
C12ORF70,salmon
C12ORF71,salmon
C12ORF72,salmon
C13ORF16,salmon
C13ORF18,salmon
C13ORF26,salmon
C13ORF38,salmon
C14ORF104,salmon
C14ORF133,salmon
C14ORF135,salmon
C14ORF143,salmon
C14ORF177,salmon
C14ORF182,salmon
C14ORF37,salmon
C14ORF38,salmon
C14ORF4,salmon
C14ORF43,salmon
C14ORF73,salmon
C14ORF80,salmon
C15ORF27,salmon
C15ORF29,salmon
C15ORF41,salmon
C15ORF42,salmon
C15ORF52,salmon
C16ORF45,salmon
C16ORF46,salmon
C16ORF62,salmon
C16ORF73,salmon
C17ORF101,salmon
C17ORF42,salmon
C17ORF54,salmon
C17ORF60,salmon
C17ORF63,salmon
C17ORF69,salmon
C17ORF98,salmon
C18ORF1,salmon
C18ORF20,salmon
C18ORF26,salmon
C18ORF56,salmon
C18ORF62,salmon
C19ORF61,salmon
C1ORF107,salmon
C1ORF133,salmon
C1ORF14,salmon
C1ORF157,salmon
C1ORF159,salmon
C1ORF162,salmon
C1ORF186,salmon
C1ORF192,salmon
C1ORF201,salmon
C1ORF220,salmon
C1ORF52,salmon
C1ORF53,salmon
C1ORF65,salmon
C1ORF77,salmon
C1ORF88,salmon
C1ORF95,salmon
C1ORF97,salmon
C1QB,salmon
C1QTNF9,salmon
C1QTNF9B,salmon
C2,salmon
C21ORF82,salmon
C22ORF34,salmon
C2ORF34,salmon
C2ORF39,salmon
C2ORF42,salmon
C2ORF55,salmon
C2ORF63,salmon
C2ORF65,salmon
C2ORF83,salmon
C3ORF17,salmon
C3ORF25,salmon
C3ORF26,salmon
C3ORF30,salmon
C3ORF48,salmon
C3ORF57,salmon
C3ORF58,salmon
C3ORF59,salmon
C3ORF67,salmon
C3ORF77,salmon
C3ORF79,salmon
C4BPB,salmon
C4ORF14,salmon
C4ORF23,salmon
C4ORF36,salmon
C4ORF39,salmon
C4ORF48,salmon
C5ORF13,salmon
C5ORF30,salmon
C5ORF35,salmon
C5ORF36,salmon
C5ORF42,salmon
C5ORF43,salmon
C5ORF52,salmon
C5ORF53,salmon
C5ORF58,salmon
C6,salmon
C6ORF10,salmon
C6ORF115,salmon
C6ORF125,salmon
C6ORF138,salmon
C6ORF162,salmon
C6ORF176,salmon
C6ORF195,salmon
C6ORF217,salmon
C6ORF222,salmon
C6ORF25,salmon
C6ORF35,salmon
C6ORF48,salmon
C6ORF94,salmon
C7,salmon
C7ORF13,salmon
C7ORF25,salmon
C7ORF42,salmon
C7ORF50,salmon
C7ORF51,salmon
C7ORF53,salmon
C7ORF60,salmon
C7ORF72,salmon
C8ORF48,salmon
C8ORF79,salmon
C9ORF144,salmon
C9ORF152,salmon
C9ORF153,salmon
C9ORF173,salmon
C9ORF21,salmon
C9ORF25,salmon
C9ORF3,salmon
C9ORF47,salmon
C9ORF91,salmon
CA13,salmon
CA8,salmon
CABP1,salmon
CACNA1A,salmon
CACNA1C,salmon
CACNA1D,salmon
CACNA1H,salmon
CACNA2D1,salmon
CACNA2D3,salmon
CACNA2D4,salmon
CADM2,salmon
CADPS2,salmon
CALD1,salmon
CAMK1D,salmon
CAMTA1,salmon
CAPN10,salmon
CAPN13,salmon
CAPN3,salmon
CAPRIN2,salmon
CAPS2,salmon
CAPSL,salmon
CAPZA2,salmon
CARD11,salmon
CARKD,salmon
CARS2,salmon
CASC4,salmon
CASC5,salmon
CASP10,salmon
CASP2,salmon
CASP6,salmon
CASP8,salmon
CASZ1,salmon
CAT,salmon
CATSPERB,salmon
CAV2,salmon
CBFA2T3,salmon
CBLN2,salmon
CCBL2,salmon
CCDC102B,salmon
CCDC108,salmon
CCDC11,salmon
CCDC122,salmon
CCDC124,salmon
CCDC125,salmon
CCDC138,salmon
CCDC14,salmon
CCDC144NL,salmon
CCDC149,salmon
CCDC150,salmon
CCDC154,salmon
CCDC18,salmon
CCDC23,salmon
CCDC30,salmon
CCDC37,salmon
CCDC40,salmon
CCDC42,salmon
CCDC46,salmon
CCDC49,salmon
CCDC60,salmon
CCDC64B,salmon
CCDC68,salmon
CCDC81,salmon
CCDC88A,salmon
CCHCR1,salmon
CCL1,salmon
CCL23,salmon
CCL26,salmon
CCL7,salmon
CCL8,salmon
CCNB1,salmon
CCNB1IP1,salmon
CCND2,salmon
CCNJL,salmon
CCNY,salmon
CCPG1,salmon
CCR1,salmon
CCR3,salmon
CCR4,salmon
CCR5,salmon
CCR8,salmon
CD101,salmon
CD14,salmon
CD163L1,salmon
CD226,salmon
CD36,salmon
CD44,salmon
CD55,salmon
CD79B,salmon
CD86,salmon
CDC42BPB,salmon
CDCA7,salmon
CDGAP,salmon
CDH13,salmon
CDH18,salmon
CDH23,salmon
CDH26,salmon
CDH3,salmon
CDH5,salmon
CDH6,salmon
CDK15,salmon
CDK6,salmon
CDKAL1,salmon
CDKL3,salmon
CDR2,salmon
CDYL,salmon
CEACAM1,salmon
CEACAM16,salmon
CEBPE,salmon
CEBPG,salmon
CEBPZ,salmon
CENPN,salmon
CENPP,salmon
CENPT,salmon
CEP110,salmon
CEP120,salmon
CEP70,salmon
CEP72,salmon
CFDP1,salmon
CFH,salmon
CFHR4,salmon
CFHR5,salmon
CFLAR,salmon
CFTR,salmon
CGA,salmon
CGNL1,salmon
CHCHD3,salmon
CHD3,salmon
CHD8,salmon
CHFR,salmon
CHIC2,salmon
CHMP4C,salmon
CHRM2,salmon
CHRM3,salmon
CHRNA5,salmon
CHRNB3,salmon
CHST15,salmon
CHST2,salmon
CHSY1,salmon
CINP,salmon
CIT,salmon
CLASP1,salmon
CLCA2,salmon
CLCN1,salmon
CLCN7,salmon
CLDN10,salmon
CLDN20,salmon
CLEC10A,salmon
CLEC12B,salmon
CLEC16A,salmon
CLEC17A,salmon
CLEC1B,salmon
CLEC2A,salmon
CLEC4A,salmon
CLEC4F,salmon
CLEC5A,salmon
CLEC9A,salmon
CLIC5,salmon
CLOCK,salmon
CLPX,salmon
CLRN1,salmon
CLRN3,salmon
CLSTN1,salmon
CLTA,salmon
CLTC,salmon
CMIP,salmon
CMTM3,salmon
CMTM7,salmon
CMYA5,salmon
CNBD1,salmon
CNGA1,salmon
CNGA3,salmon
CNN2,salmon
CNNM1,salmon
CNOT6,salmon
CNR1,salmon
CNTLN,salmon
CNTN1,salmon
CNTN2,salmon
CNTN4,salmon
COBLL1,salmon
COG6,salmon
COL10A1,salmon
COL11A2,salmon
COL12A1,salmon
COL17A1,salmon
COL1A2,salmon
COL21A1,salmon
COL22A1,salmon
COL23A1,salmon
COL24A1,salmon
COL25A1,salmon
COL29A1,salmon
COL3A1,salmon
COL4A1,salmon
COL4A2,salmon
COL6A3,salmon
COL6A6,salmon
COLEC11,salmon
COMMD10,salmon
COMMD9,salmon
COPS3,salmon
COPS8,salmon
COQ7,salmon
CORO7,salmon
COX19,salmon
COX6C,salmon
COX7B2,salmon
COX8C,salmon
CPA1,salmon
CPA4,salmon
CPB1,salmon
CPB2,salmon
CPPED1,salmon
CPS1,salmon
CPT1A,salmon
CPT1C,salmon
CPXM2,salmon
CPZ,salmon
CR2,salmon
CRABP1,salmon
CRADD,salmon
CRBN,salmon
CREM,salmon
CRHR1,salmon
CRIPAK,salmon
CRISP3,salmon
CRISPLD1,salmon
CROCC,salmon
CRTC3,salmon
CRYGA,salmon
CS,salmon
CSGALNACT1,salmon
CSMD1,salmon
CSMD3,salmon
CSNK1G3,salmon
CSPP1,salmon
CSTA,salmon
CTBP1,salmon
CTLA4,salmon
CTNNA2,salmon
CTNNA3,salmon
CTNNB1,salmon
CTPS,salmon
CTTNBP2,salmon
CTXN3,salmon
CUL1,salmon
CUL4A,salmon
CUL5,salmon
CUX1,salmon
CUX2,salmon
CWF19L1,salmon
CXCL2,salmon
CXCL5,salmon
CXXC1,salmon
CXXC5,salmon
CYBA,salmon
CYFIP1,salmon
CYP20A1,salmon
CYP26B1,salmon
CYP2B7P1,salmon
CYP39A1,salmon
CYP4V2,salmon
CYP51A1,salmon
CYP7A1,salmon
CYS1,salmon
CYSLTR2,salmon
CYTH1,salmon
CYTH2,salmon
CYTH3,salmon
CYTSB,salmon
D4S234E,salmon
DAB1,salmon
DAB2,salmon
DACT2,salmon
DAGLA,salmon
DAOA,salmon
DAPK1,salmon
DAZL,salmon
DCAF17,salmon
DCAF4L2,salmon
DCAF5,salmon
DCBLD1,salmon
DCHS2,salmon
DCLK2,salmon
DCLK3,salmon
DCN,salmon
DCUN1D2,salmon
DDAH1,salmon
DDAH2,salmon
DDHD1,salmon
DDN,salmon
DDOST,salmon
DDR2,salmon
DDX10,salmon
DDX4,salmon
DDX43,salmon
DDX50,salmon
DDX52,salmon
DEC1,salmon
DECR2,salmon
DENND1A,salmon
DENND1B,salmon
DENND2D,salmon
DEPDC1B,salmon
DERA,salmon
DERL2,salmon
DFNA5,salmon
DGUOK,salmon
DHRS9,salmon
DHX33,salmon
DHX35,salmon
DHX40,salmon
DIABLO,salmon
DIAPH3,salmon
DIP2A,salmon
DIP2C,salmon
DIS3L,salmon
DISC2,salmon
DISP1,salmon
DLD,salmon
DLEU2,salmon
DLG2,salmon
DLGAP1,salmon
DLGAP2,salmon
DLGAP3,salmon
DLK1,salmon
DMBT1,salmon
DMPK,salmon
DMRTA1,salmon
DMRTB1,salmon
DNAH10,salmon
DNAH17,salmon
DNAH3,salmon
DNAH5,salmon
DNAH8,salmon
DNAH9,salmon
DNAJA2,salmon
DNAJB14,salmon
DNAJB6,salmon
DNAJC12,salmon
DNAJC15,salmon
DNAJC18,salmon
DNAJC2,salmon
DNAJC24,salmon
DNAJC30,salmon
DNAJC5B,salmon
DNAJC8,salmon
DNALI1,salmon
DNASE2B,salmon
DNHD1,salmon
DNM1L,salmon
DNMBP,salmon
DOC2B,salmon
DOCK1,salmon
DOCK10,salmon
DOCK2,salmon
DOCK8,salmon
DPEP3,salmon
DPF1,salmon
DPP6,salmon
DPPA2,salmon
DPT,salmon
DRD4,salmon
DSC3,salmon
DSE,salmon
DSG1,salmon
DSG4,salmon
DST,salmon
DUSP11,salmon
DUSP22,salmon
DUSP4,salmon
DUXA,salmon
DVL3,salmon
DYNC1H1,salmon
DYNC1I1,salmon
DYNC1LI2,salmon
DYSF,salmon
DYX1C1,salmon
E2F4,salmon
EAPP,salmon
EBF1,salmon
EBF3,salmon
ECHDC1,salmon
EDARADD,salmon
EDEM1,salmon
EDNRB,salmon
EEF1DP3,salmon
EEFSEC,salmon
EFCAB5,salmon
EFCAB7,salmon
EFHA2,salmon
EFHD1,salmon
EFNA5,salmon
EFR3A,salmon
EGFLAM,salmon
EGFR,salmon
EGLN1,salmon
EGR3,salmon
EHHADH,salmon
EIF2A,salmon
EIF2AK4,salmon
EIF3H,salmon
EIF3IP1,salmon
EIF3M,salmon
EIF4E,salmon
EIF4G3,salmon
EIF4H,salmon
EIF5,salmon
EIF5A2,salmon
ELAC2,salmon
ELF1,salmon
ELF2,salmon
ELF5,salmon
ELK3,salmon
ELMO1,salmon
ELOVL2,salmon
ELOVL6,salmon
ELP2P,salmon
EMCN,salmon
EML6,salmon
EMP2,salmon
EMX2,salmon
ENAH,salmon
ENOX1,salmon
ENPP1,salmon
ENPP5,salmon
ENTPD2,salmon
ENTPD7,salmon
EOMES,salmon
EPB41L2,salmon
EPC2,salmon
EPHX1,salmon
EPHX2,salmon
EPM2AIP1,salmon
ERBB4,salmon
ERC1,salmon
ERC2,salmon
ERCC5,salmon
ERCC6,salmon
EREG,salmon
ERICH1,salmon
ERLIN2,salmon
ERMAP,salmon
ERN1,salmon
ESAM,salmon
ESD,salmon
ESPNL,salmon
ESR1,salmon
ESR2,salmon
ESRRG,salmon
ESYT2,salmon
ETV3,salmon
ETV3L,salmon
ETV6,salmon
EVC2,salmon
EXD2,salmon
EXD3,salmon
EXOC2,salmon
EXOC4,salmon
EXOC6,salmon
EXOC6B,salmon
EXOC7,salmon
EXT1,salmon
EYA3,salmon
EYA4,salmon
EYS,salmon
EZH1,salmon
EZH2,salmon
EZR,salmon
F10,salmon
F11R,salmon
FAF1,salmon
FAF2,salmon
FAIM,salmon
FAIM2,salmon
FAM101B,salmon
FAM108C1,salmon
FAM10A4,salmon
FAM111A,salmon
FAM111B,salmon
FAM118B,salmon
FAM123A,salmon
FAM126B,salmon
FAM12B,salmon
FAM133B,salmon
FAM13A,salmon
FAM13C,salmon
FAM149A,salmon
FAM151B,salmon
FAM155A,salmon
FAM170A,salmon
FAM171A1,salmon
FAM172A,salmon
FAM174A,salmon
FAM176A,salmon
FAM178B,salmon
FAM180A,salmon
FAM181B,salmon
FAM184A,salmon
FAM189A1,salmon
FAM18A,salmon
FAM190A,salmon
FAM24A,salmon
FAM40B,salmon
FAM43A,salmon
FAM46C,salmon
FAM49B,salmon
FAM53A,salmon
FAM53C,salmon
FAM55A,salmon
FAM55C,salmon
FAM59B,salmon
FAM5C,salmon
FAM65B,salmon
FAM71A,salmon
FAM73A,salmon
FAM82A1,salmon
FAM98A,salmon
FAM98B,salmon
FANCC,salmon
FANK1,salmon
FAP,salmon
FARP1,salmon
FARS2,salmon
FAT1,salmon
FAT2,salmon
FAT3,salmon
FBRS,salmon
FBRSL1,salmon
FBXL13,salmon
FBXL17,salmon
FBXL21,salmon
FBXL3,salmon
FBXL7,salmon
FBXO17,salmon
FBXO18,salmon
FBXO21,salmon
FBXO22,salmon
FBXO31,salmon
FBXO33,salmon
FBXO34,salmon
FBXO9,salmon
FBXW4,salmon
FCGR2A,salmon
FCRL3,salmon
FDFT1,salmon
FEM1A,salmon
FER,salmon
FER1L6,salmon
FEZF2,salmon
FGF14,salmon
FGF6,salmon
FGF9,salmon
FGFR1OP,salmon
FGFRL1,salmon
FGGY,salmon
FHIT,salmon
FIGNL1,salmon
FIGNL2,salmon
FIP1L1,salmon
FKBP4,salmon
FKBP5,salmon
FLJ10213,salmon
FLJ12825,salmon
FLJ13197,salmon
FLJ22536,salmon
FLJ23834,salmon
FLJ25363,salmon
FLJ35220,salmon
FLJ39609,salmon
FLJ40434,salmon
FLJ43390,salmon
FLJ44606,salmon
FLNB,salmon
FLRT2,salmon
FMN1,salmon
FMN2,salmon
FMO2,salmon
FMO4,salmon
FMO5,salmon
FMO9P,salmon
FNBP1L,salmon
FNBP4,salmon
FNDC1,salmon
FNDC3B,salmon
FNDC4,salmon
FNDC7,salmon
FOLR1,salmon
FOXI2,salmon
FOXK1,salmon
FOXN3,salmon
FOXP1,salmon
FOXRED1,salmon
FPR2,salmon
FRAS1,salmon
FREM2,salmon
FRK,salmon
FRMD3,salmon
FRMD4B,salmon
FRMD5,salmon
FRMD6,salmon
FRS3,salmon
FSHR,salmon
FST,salmon
FTMT,salmon
FTSJD1,salmon
FUK,salmon
FXR1,salmon
FYN,salmon
FZD6,salmon
FZR1,salmon
G0S2,salmon
G3BP1,salmon
GAB1,salmon
GAB2,salmon
GABARAPL3,salmon
GABBR1,salmon
GABPB1,salmon
GABRA5,salmon
GABRG1,salmon
GABRG3,salmon
GABRR3,salmon
GAK,salmon
GALK2,salmon
GALNT10,salmon
GALNT11,salmon
GALNT9,salmon
GALNTL4,salmon
GALNTL6,salmon
GAR1,salmon
GARS,salmon
GBA3,salmon
GBP5,salmon
GC,salmon
GCH1,salmon
GCKR,salmon
GCLM,salmon
GCM1,salmon
GDAP1,salmon
GDAP2,salmon
GDF9,salmon
GDPD4,salmon
GFI1,salmon
GFRA1,salmon
GGPS1,salmon
GHITM,salmon
GIMAP6,salmon
GIMAP7,salmon
GINS4,salmon
GIT2,salmon
GJA5,salmon
GKN1,salmon
GLB1L3,salmon
GLDN,salmon
GLI2,salmon
GLI3,salmon
GLIPR1L2,salmon
GLIPR2,salmon
GLIS1,salmon
GLIS3,salmon
GLRB,salmon
GLT1D1,salmon
GLT25D2,salmon
GLT6D1,salmon
GLYATL2,salmon
GM2A,salmon
GMCL1L,salmon
GMDS,salmon
GNA12,salmon
GNAL,salmon
GNB2L1,salmon
GNB5,salmon
GNG11,salmon
GNG2,salmon
GNGT1,salmon
GNL1,salmon
GNPDA1,salmon
GNRH1,salmon
GOLGA3,salmon
GOLSYN,salmon
GOPC,salmon
GORASP2,salmon
GPATCH1,salmon
GPATCH2,salmon
GPC1,salmon
GPHN,salmon
GPR111,salmon
GPR116,salmon
GPR120,salmon
GPR123,salmon
GPR125,salmon
GPR126,salmon
GPR128,salmon
GPR133,salmon
GPR135,salmon
GPR137B,salmon
GPR155,salmon
GPR157,salmon
GPR160,salmon
GPR161,salmon
GPR176,salmon
GPR18,salmon
GPR180,salmon
GPR20,salmon
GPR37,salmon
GPR52,salmon
GPR65,salmon
GPR98,salmon
GPRC5C,salmon
GPS1,salmon
GPX7,salmon
GRAMD1C,salmon
GRAMD3,salmon
GRB10,salmon
GRB14,salmon
GREB1L,salmon
GRHL1,salmon
GRHL2,salmon
GRID1,salmon
GRIK3,salmon
GRIN2A,salmon
GRIP1,salmon
GRK4,salmon
GRM1,salmon
GRM3,salmon
GRM5,salmon
GRP,salmon
GRSF1,salmon
GSG1,salmon
GSG1L,salmon
GSK3B,salmon
GSTO2,salmon
GTF2F2,salmon
GTPBP2,salmon
GTSF1,salmon
GUCY1A3,salmon
GUCY2D,salmon
GULP1,salmon
GXYLT1,salmon
H2AFY,salmon
H3F3C,salmon
HAT1,salmon
HAX1,salmon
HCCA2,salmon
HCG18,salmon
HCG9,salmon
HCP5,salmon
HDAC4,salmon
HDAC9,salmon
HEATR3,salmon
HEATR5A,salmon
HECW1,salmon
HEPACAM2,salmon
HERC1,salmon
HERC2,salmon
HERC4,salmon
HERV-FRD,salmon
HES1,salmon
HES4,salmon
HEY2,salmon
HFM1,salmon
HGD,salmon
HGF,salmon
HHAT,salmon
HHIPL1,salmon
HIATL1,salmon
HIC1,salmon
HIP1,salmon
HIPK1,salmon
HIPK2,salmon
HIST1H1B,salmon
HIST1H1T,salmon
HIST1H2AA,salmon
HIST1H2BK,salmon
HIST1H3E,salmon
HIST1H4B,salmon
HIST1H4G,salmon
HIVEP1,salmon
HIVEP2,salmon
HIVEP3,salmon
HJURP,salmon
HK1,salmon
HKR1,salmon
HLA-B,salmon
HLA-DOA,salmon
HLA-DPB1,salmon
HLA-DPB2,salmon
HLA-DQB1,salmon
HLA-DQB2,salmon
HLA-DRA,salmon
HLA-E,salmon
HLA-J,salmon
HLA-L,salmon
HLTF,salmon
HMCN1,salmon
HMGXB3,salmon
HOOK1,salmon
HORMAD1,salmon
HOXA2,salmon
HOXA3,salmon
HOXB1,salmon
HOXB3,salmon
HOXD4,salmon
HPCAL1,salmon
HPR,salmon
HPSE2,salmon
HRH1,salmon
HRH2,salmon
HS3ST1,salmon
HS3ST4,salmon
HS6ST3,salmon
HSD17B12,salmon
HSD17B13,salmon
HSF1,salmon
HSPA1A,salmon
HSPA4L,salmon
HSPA7,salmon
HSPB9,salmon
HSPE1,salmon
HTR1F,salmon
HTR2A,salmon
HTR3E,salmon
HYDIN,salmon
IBTK,salmon
ICA1L,salmon
ICMT,salmon
ID1,salmon
IDO1,salmon
IER3,salmon
IER3IP1,salmon
IFI44L,salmon
IFIH1,salmon
IFIT1L,salmon
IGF1,salmon
IGF1R,salmon
IGF2BP3,salmon
IGF2R,salmon
IGFBP1,salmon
IGFBP3,salmon
IGHMBP2,salmon
IGSF11,salmon
IGSF3,salmon
IKZF1,salmon
IKZF4,salmon
IL12B,salmon
IL12RB2,salmon
IL15,salmon
IL17A,salmon
IL17F,salmon
IL17RA,salmon
IL17RD,salmon
IL19,salmon
IL1A,salmon
IL1F10,salmon
IL1F7,salmon
IL1R2,salmon
IL1RL1,salmon
IL20RA,salmon
IL21,salmon
IL22,salmon
IL29,salmon
IL9,salmon
ILKAP,salmon
IMMP1L,salmon
IMMT,salmon
IMPA1,salmon
INADL,salmon
INF2,salmon
ING1,salmon
ING2,salmon
ING5,salmon
INHBC,salmon
INPP1,salmon
INPP4A,salmon
INPP4B,salmon
INPP5A,salmon
INSL5,salmon
INSR,salmon
INTS1,salmon
IPO5,salmon
IPO7,salmon
IQCA1,salmon
IQCE,salmon
IRAK3,salmon
IREB2,salmon
IRF6,salmon
IRF7,salmon
IRF8,salmon
ISLR2,salmon
ITGA8,salmon
ITGAD,salmon
ITGAM,salmon
ITGB1,salmon
ITGBL1,salmon
ITPR1,salmon
IVD,salmon
IWS1,salmon
JAK1,salmon
JAK2,salmon
JAK3,salmon
JAKMIP3,salmon
JARID2,salmon
JAZF1,salmon
JHDM1D,salmon
JRKL,salmon
JTB,salmon
JUP,salmon
KANK3,salmon
KARS,salmon
KATNAL2,salmon
KBTBD12,salmon
KCMF1,salmon
KCNA1,salmon
KCNAB1,salmon
KCNAB2,salmon
KCNC2,salmon
KCND2,salmon
KCNH5,salmon
KCNIP4,salmon
KCNJ16,salmon
KCNJ2,salmon
KCNJ5,salmon
KCNMA1,salmon
KCNMB2,salmon
KCNN1,salmon
KCNN2,salmon
KCNN3,salmon
KCNQ1,salmon
KCNQ5,salmon
KCNT1,salmon
KCP,salmon
KCTD14,salmon
KCTD15,salmon
KCTD20,salmon
KCTD8,salmon
KDM4C,salmon
KDM4D,salmon
KDSR,salmon
KHDRBS2,salmon
KIAA0101,salmon
KIAA0146,salmon
KIAA0226,salmon
KIAA0240,salmon
KIAA0284,salmon
KIAA0562,salmon
KIAA0564,salmon
KIAA0664,salmon
KIAA0892,salmon
KIAA0895,salmon
KIAA0907,salmon
KIAA0947,salmon
KIAA1009,salmon
KIAA1026,salmon
KIAA1109,salmon
KIAA1211,salmon
KIAA1239,salmon
KIAA1432,salmon
KIAA1467,salmon
KIAA1530,salmon
KIAA1549,salmon
KIAA1609,salmon
KIAA1632,salmon
KIAA1712,salmon
KIAA1715,salmon
KIAA1731,salmon
KIAA1797,salmon
KIAA1908,salmon
KIF13A,salmon
KIF13B,salmon
KIF1A,salmon
KIF1B,salmon
KIF24,salmon
KIF25,salmon
KIF26B,salmon
KIF2B,salmon
KIF7,salmon
KIRREL3,salmon
KIT,salmon
KITLG,salmon
KLB,salmon
KLC2,salmon
KLF12,salmon
KLF13,salmon
KLF15,salmon
KLF2,salmon
KLF3,salmon
KLF5,salmon
KLHL20,salmon
KLHL29,salmon
KLHL6,salmon
KLHL8,salmon
KLKB1,salmon
KLRD1,salmon
KNDC1,salmon
KPNA1,salmon
KPNA5,salmon
KRI1,salmon
KRIT1,salmon
KRT12,salmon
KRT222,salmon
KRT33B,salmon
KRT39,salmon
KRT78,salmon
KRTAP2-1,salmon
KRTAP2-2,salmon
KRTAP3-1,salmon
KRTAP4-1,salmon
KRTAP4-2,salmon
KRTAP4-5,salmon
KRTAP5-10,salmon
KRTAP9-2,salmon
KYNU,salmon
L3MBTL3,salmon
LAIR1,salmon
LAMA2,salmon
LAMB1,salmon
LAMB4,salmon
LAPTM4A,salmon
LARP1,salmon
LARP1B,salmon
LARP4B,salmon
LARP7,salmon
LASP1,salmon
LASS3,salmon
LASS4,salmon
LASS6,salmon
LATS2,salmon
LCOR,salmon
LDB2,salmon
LDHA,salmon
LDHAL6A,salmon
LDLRAD2,salmon
LECT2,salmon
LEF1,salmon
LEMD2,salmon
LEMD3,salmon
LEPREL1,salmon
LEUTX,salmon
LGR4,salmon
LGSN,salmon
LHFPL2,salmon
LHFPL3,salmon
LHX4,salmon
LIG3,salmon
LIMD1,salmon
LIN28B,salmon
LINGO2,salmon
LIPA,salmon
LIPH,salmon
LIPJ,salmon
LIX1,salmon
LMBR1,salmon
LMCD1,salmon
LMF1,salmon
LMOD2,salmon
LMTK3,salmon
LNX2,salmon
LOC100128542,salmon
LOC100128977,salmon
LOC100130522,salmon
LOC100130872,salmon
LOC100132707,salmon
LOC100134259,salmon
LOC100169752,salmon
LOC100188947,salmon
LOC100287216,salmon
LOC100294362,salmon
LOC121838,salmon
LOC145474,salmon
LOC145663,salmon
LOC150622,salmon
LOC151658,salmon
LOC152024,salmon
LOC221442,salmon
LOC255025,salmon
LOC282997,salmon
LOC283267,salmon
LOC284688,salmon
LOC285194,salmon
LOC285205,salmon
LOC285401,salmon
LOC285501,salmon
LOC285548,salmon
LOC285550,salmon
LOC285593,salmon
LOC285627,salmon
LOC285692,salmon
LOC285696,salmon
LOC285735,salmon
LOC285740,salmon
LOC285768,salmon
LOC285830,salmon
LOC286238,salmon
LOC340017,salmon
LOC340094,salmon
LOC360030,salmon
LOC390595,salmon
LOC399959,salmon
LOC401127,salmon
LOC401463,salmon
LOC440839,salmon
LOC441089,salmon
LOC441666,salmon
LOC442245,salmon
LOC619207,salmon
LOC641746,salmon
LOC642597,salmon
LOC645323,salmon
LOC646999,salmon
LOC647309,salmon
LOC653653,salmon
LOC728448,salmon
LOC729384,salmon
LOC729668,salmon
LOC729799,salmon
LOC730755,salmon
LOC84856,salmon
LONRF1,salmon
LPAR6,salmon
LPCAT1,salmon
LPCAT3,salmon
LPHN3,salmon
LPIN1,salmon
LPP,salmon
LRBA,salmon
LRCH1,salmon
LRFN2,salmon
LRIG3,salmon
LRMP,salmon
LRP11,salmon
LRP2,salmon
LRP2BP,salmon
LRP5,salmon
LRP8,salmon
LRPAP1,salmon
LRRC16A,salmon
LRRC18,salmon
LRRC30,salmon
LRRC32,salmon
LRRC36,salmon
LRRC37B2,salmon
LRRC49,salmon
LRRC4C,salmon
LRRC66,salmon
LRRC70,salmon
LRRC8D,salmon
LRRFIP1,salmon
LRRIQ4,salmon
LRRK1,salmon
LRRTM4,salmon
LSM1,salmon
LSM10,salmon
LSM2,salmon
LSM3,salmon
LTA,salmon
LTBP1,salmon
LTBP2,salmon
LTBP3,salmon
LTV1,salmon
LUC7L2,salmon
LUZP1,salmon
LUZP2,salmon
LVRN,salmon
LYNX1,salmon
LYST,salmon
MAB21L2,salmon
MACC1,salmon
MACROD1,salmon
MAD1L1,salmon
MAEL,salmon
MAFF,salmon
MAFK,salmon
MAGI1,salmon
MAGI2,salmon
MAML1,salmon
MAML3,salmon
MAN1A2,salmon
MAP1D,salmon
MAP2K4,salmon
MAP2K5,salmon
MAP3K10,salmon
MAP3K13,salmon
MAP3K6,salmon
MAP3K9,salmon
MAP4,salmon
MAPKAP1,salmon
MARCH1,salmon
MARCH5,salmon
MARCH6,salmon
MARCH8,salmon
MARVELD2,salmon
MAS1L,salmon
MAST4,salmon
MAX,salmon
MBIP,salmon
MBNL1,salmon
MBNL2,salmon
MBOAT1,salmon
MBOAT2,salmon
MBP,salmon
MBTD1,salmon
MC2R,salmon
MC3R,salmon
MCC,salmon
MCF2L,salmon
MCF2L2,salmon
MCHR2,salmon
MCM2,salmon
MCTP1,salmon
MCTP2,salmon
MDGA2,salmon
MDH2,salmon
MDM1,salmon
MDN1,salmon
ME1,salmon
MECR,salmon
MED1,salmon
MED12L,salmon
MED13L,salmon
MED21,salmon
MED25,salmon
MEG8,salmon
MEGF6,salmon
MEIS1,salmon
MEIS2,salmon
MEP1A,salmon
MEPE,salmon
MEST,salmon
METTL6,salmon
MEX3A,salmon
MFSD1,salmon
MFSD4,salmon
MGAT4A,salmon
MGAT5,salmon
MGAT5B,salmon
MGC23284,salmon
MGC34034,salmon
MGC45800,salmon
MGMT,salmon
MGST2,salmon
MIA2,salmon
MIER2,salmon
MINA,salmon
MIOS,salmon
MIR103-1,salmon
MIR1200,salmon
MIR122,salmon
MIR1256,salmon
MIR127,salmon
MIR1278,salmon
MIR1289-2,salmon
MIR1297,salmon
MIR1307,salmon
MIR133B,salmon
MIR136,salmon
MIR138-2,salmon
MIR181B1,salmon
MIR202,salmon
MIR206,salmon
MIR2117,salmon
MIR335,salmon
MIR373,salmon
MIR377,salmon
MIR453,salmon
MIR518B,salmon
MIR548C,salmon
MIR548F5,salmon
MIR548H3,salmon
MIR548I4,salmon
MIR548N,salmon
MIR568,salmon
MIR573,salmon
MIR603,salmon
MIR708,salmon
MIR744,salmon
MIRLET7A1,salmon
MITD1,salmon
MKL2,salmon
MKLN1,salmon
MKS1,salmon
MLF2,salmon
MLH1,salmon
MLL3,salmon
MLL5,salmon
MLLT4,salmon
MMD2,salmon
MMP15,salmon
MMP17,salmon
MMP19,salmon
MMP2,salmon
MMP23A,salmon
MMP26,salmon
MMP27,salmon
MMP7,salmon
MMRN2,salmon
MOGS,salmon
MORC1,salmon
MORN1,salmon
MORN4,salmon
MOXD1,salmon
MPHOSPH8,salmon
MPP6,salmon
MPP7,salmon
MPPED2,salmon
MREG,salmon
MRGPRD,salmon
MRPL42,salmon
MRPL47,salmon
MRPL48,salmon
MRPS10,salmon
MRPS18B,salmon
MRPS9,salmon
MRTO4,salmon
MRVI1,salmon
MS4A3,salmon
MS4A5,salmon
MSH5,salmon
MSI2,salmon
MSLN,salmon
MSRA,salmon
MSRB2,salmon
MSRB3,salmon
MSX2P1,salmon
MT3,salmon
MTDH,salmon
MTFR1,salmon
MTHFD1,salmon
MTHFD2L,salmon
MTL5,salmon
MTMR15,salmon
MTMR9,salmon
MTNR1A,salmon
MTRR,salmon
MTUS2,salmon
MUC20,salmon
MUC21,salmon
MUC4,salmon
MUPCDH,salmon
MYADML2,salmon
MYCBPAP,salmon
MYF6,salmon
MYH1,salmon
MYH10,salmon
MYH14,salmon
MYL1,salmon
MYLK4,salmon
MYO10,salmon
MYO16,salmon
MYO1B,salmon
MYO1D,salmon
MYO1H,salmon
MYO3B,salmon
MYO5C,salmon
MYO7B,salmon
MYO9B,salmon
MYOCD,salmon
MYOM1,salmon
MYOM2,salmon
MYPN,salmon
MYST3,salmon
MYST4,salmon
MYT1L,salmon
N4BP1,salmon
N4BP2L2,salmon
N6AMT2,salmon
NAA11,salmon
NAA15,salmon
NAA16,salmon
NAALADL2,salmon
NACA2,salmon
NADK,salmon
NALCN,salmon
NAT1,salmon
NAV2,salmon
NBAS,salmon
NBN,salmon
NBR1,salmon
NCALD,salmon
NCAPD3,salmon
NCF2,salmon
NCK2,salmon
NCKAP5,salmon
NCOA1,salmon
NCOA4,salmon
NCRNA00164,salmon
NCRNA00171,salmon
NCRUPAR,salmon
NDRG4,salmon
NDUFA10,salmon
NDUFA12,salmon
NDUFA3,salmon
NDUFB2,salmon
NDUFS4,salmon
NDUFS7,salmon
NEB,salmon
NEBL,salmon
NECAB1,salmon
NEDD4L,salmon
NEDD9,salmon
NEFM,salmon
NEK10,salmon
NEK2,salmon
NEK7,salmon
NEURL,salmon
NEUROD1,salmon
NEXN,salmon
NF1,salmon
NFATC1,salmon
NFATC4,salmon
NFIX,salmon
NHLRC1,salmon
NIF3L1,salmon
NKAIN2,salmon
NKAIN3,salmon
NKTR,salmon
NKX1-2,salmon
NKX6-3,salmon
NLK,salmon
NMB,salmon
NMNAT2,salmon
NMUR1,salmon
NOD1,salmon
NODAL,salmon
NOL10,salmon
NOM1,salmon
NOP14,salmon
NOP2,salmon
NOP58,salmon
NOS2,salmon
NOTCH4,salmon
NOVA1,salmon
NPAS3,salmon
NPFFR2,salmon
NPHP4,salmon
NPNT,salmon
NPY,salmon
NPY6R,salmon
NR2F6,salmon
NR6A1,salmon
NRAP,salmon
NRBP1,salmon
NRF1,salmon
NRG1,salmon
NRG3,salmon
NRXN1,salmon
NRXN3,salmon
NSD1,salmon
NSMAF,salmon
NSMCE1,salmon
NSMCE2,salmon
NSUN2,salmon
NSUN3,salmon
NT5C3L,salmon
NT5DC1,salmon
NTF3,salmon
NTM,salmon
NTRK3,salmon
NUCKS1,salmon
NUDCD1,salmon
NUDCD3,salmon
NUDT13,salmon
NUDT3,salmon
NUFIP1,salmon
NUP35,salmon
NUSAP1,salmon
NWD1,salmon
NXPH4,salmon
OBFC1,salmon
OBFC2A,salmon
OBSL1,salmon
OCA2,salmon
ODZ2,salmon
ODZ3,salmon
ODZ4,salmon
OIT3,salmon
OLA1,salmon
OLFM4,salmon
OLFML2B,salmon
OPCML,salmon
OPN5,salmon
OPRM1,salmon
OPTC,salmon
OR10A5,salmon
OR10C1,salmon
OR10G4,salmon
OR10K2,salmon
OR10Q1,salmon
OR11L1,salmon
OR13A1,salmon
OR14A16,salmon
OR14J1,salmon
OR1A1,salmon
OR1E2,salmon
OR1L6,salmon
OR1S1,salmon
OR1S2,salmon
OR2AT4,salmon
OR2B2,salmon
OR2B3,salmon
OR2G3,salmon
OR2H1,salmon
OR3A1,salmon
OR51B2,salmon
OR51E2,salmon
OR51I2,salmon
OR52B2,salmon
OR52B6,salmon
OR52R1,salmon
OR5B12,salmon
OR5D18,salmon
OR5I1,salmon
OR5K3,salmon
OR6A2,salmon
OR6B1,salmon
OR6B3,salmon
OR6C1,salmon
OR6C70,salmon
OR6F1,salmon
OR6K2,salmon
OR6K6,salmon
OR6T1,salmon
OR7A17,salmon
OR7E156P,salmon
OR8S1,salmon
OR8U8,salmon
OR9Q1,salmon
OSBPL10,salmon
OSBPL1A,salmon
OSBPL9,salmon
OSTC,salmon
OSTCL,salmon
OSTN,salmon
OTUB2,salmon
OTUD7B,salmon
OTX2,salmon
OVGP1,salmon
OXCT1,salmon
OXR1,salmon
P2RX3,salmon
P2RX4,salmon
P2RX5,salmon
P2RY14,salmon
P2RY6,salmon
P4HA1,salmon
PA2G4P4,salmon
PABPC1P2,salmon
PABPN1,salmon
PACRG,salmon
PACRGL,salmon
PAFAH1B1,salmon
PAIP2B,salmon
PAK1,salmon
PAK2,salmon
PALLD,salmon
PAM,salmon
PAN3,salmon
PANX3,salmon
PARD3,salmon
PARD3B,salmon
PARK2,salmon
PARN,salmon
PARP10,salmon
PARP11,salmon
PARP14,salmon
PARP16,salmon
PARP8,salmon
PARP9,salmon
PARVA,salmon
PASK,salmon
PAX7,salmon
PAX9,salmon
PBRM1,salmon
PBX1,salmon
PC,salmon
PCCA,salmon
PCDH17,salmon
PCDH9,salmon
PCDHA2,salmon
PCDHB1,salmon
PCDHB7,salmon
PCDHGA4,salmon
PCGF5,salmon
PCLO,salmon
PCNT,salmon
PCNX,salmon
PCNXL2,salmon
PCSK6,salmon
PDCD1LG2,salmon
PDCD7,salmon
PDCL2,salmon
PDE10A,salmon
PDE11A,salmon
PDE2A,salmon
PDE4D,salmon
PDE4DIP,salmon
PDE5A,salmon
PDE6C,salmon
PDE7A,salmon
PDE7B,salmon
PDE8A,salmon
PDGFD,salmon
PDHA2,salmon
PDIA5,salmon
PDIA6,salmon
PDILT,salmon
PDLIM3,salmon
PDSS2,salmon
PDZD2,salmon
PDZRN3,salmon
PDZRN4,salmon
PEBP4,salmon
PECR,salmon
PEG10,salmon
PELI1,salmon
PELI2,salmon
PEMT,salmon
PET112L,salmon
PEX19,salmon
PFKP,salmon
PGLYRP3,salmon
PGM1,salmon
PGR,salmon
PHACTR2,salmon
PHF14,salmon
PHF17,salmon
PHF21A,salmon
PHLDB1,salmon
PHLDB2,salmon
PHLDB3,salmon
PHLPP2,salmon
PHOX2A,salmon
PHTF1,salmon
PID1,salmon
PIGG,salmon
PIGK,salmon
PIGW,salmon
PIGX,salmon
PIK3C2G,salmon
PIK3CB,salmon
PIK3CG,salmon
PIK3R5,salmon
PIP4K2A,salmon
PIP4K2C,salmon
PIP5K1C,salmon
PIWIL2,salmon
PIWIL4,salmon
PKD1L1,salmon
PKHD1L1,salmon
PLA2G2D,salmon
PLA2G4A,salmon
PLA2G7,salmon
PLA2R1,salmon
PLAGL1,salmon
PLCH1,salmon
PLCL1,salmon
PLCZ1,salmon
PLD1,salmon
PLD3,salmon
PLD5,salmon
PLEKHA5,salmon
PLEKHA7,salmon
PLEKHG1,salmon
PLEKHG3,salmon
PLEKHM3,salmon
PLIN1,salmon
PLIN2,salmon
PLK4,salmon
PLLP,salmon
PLSCR1,salmon
PLXDC2,salmon
PLXNA4,salmon
PLXNC1,salmon
PMFBP1,salmon
PMS1,salmon
PMS2CL,salmon
PNLDC1,salmon
PNLIPRP2,salmon
PNMA1,salmon
PNMA2,salmon
PNPLA8,salmon
POFUT1,salmon
POGZ,salmon
POLD3,salmon
POLE,salmon
POLH,salmon
POLK,salmon
POLM,salmon
POLN,salmon
POLR1C,salmon
POLR1D,salmon
POLR2B,salmon
POLR2G,salmon
POLR3G,salmon
POLS,salmon
POM121L12,salmon
POPDC3,salmon
POSTN,salmon
POTEE,salmon
POU2F3,salmon
POU3F3,salmon
POU6F2,salmon
PPAP2A,salmon
PPARA,salmon
PPARG,salmon
PPARGC1A,salmon
PPBP,salmon
PPFIA1,salmon
PPHLN1,salmon
PPIL4,salmon
PPM1D,salmon
PPM1L,salmon
PPP1CC,salmon
PPP1R12A,salmon
PPP1R12B,salmon
PPP1R12C,salmon
PPP1R14A,salmon
PPP1R8,salmon
PPP1R9A,salmon
PPP2R2D,salmon
PPP2R5C,salmon
PPP2R5E,salmon
PPP4R4,salmon
PPTC7,salmon
PPYR1,salmon
PRAGMIN,salmon
PRDM10,salmon
PRDM11,salmon
PRDM16,salmon
PRDM2,salmon
PRDM5,salmon
PRDM6,salmon
PRDM8,salmon
PRDX3,salmon
PRDX5,salmon
PRDXDD1P,salmon
PREPL,salmon
PREX2,salmon
PRF1,salmon
PRICKLE1,salmon
PRIM1,salmon
PRIMA1,salmon
PRKAB2,salmon
PRKAG2,salmon
PRKAR1B,salmon
PRKCB,salmon
PRKCE,salmon
PRKCG,salmon
PRKCQ,salmon
PRKCSH,salmon
PRKCZ,salmon
PRKD2,salmon
PRKD3,salmon
PRKDC,salmon
PRKG1,salmon
PRM3,salmon
PROK2,salmon
PRPF4,salmon
PRPF40A,salmon
PRPS1L1,salmon
PRPSAP2,salmon
PRR16,salmon
PRR18,salmon
PRR4,salmon
PRRX1,salmon
PRSS3,salmon
PRSS35,salmon
PRSS45,salmon
PRUNE2,salmon
PSEN1,salmon
PSMA1,salmon
PSMB2,salmon
PSMB7,salmon
PSMB8,salmon
PSMD1,salmon
PSMD14,salmon
PSMD6,salmon
PSMD9,salmon
PSORS1C3,salmon
PTAFR,salmon
PTCD3,salmon
PTER,salmon
PTGDR,salmon
PTGER2,salmon
PTGR2,salmon
PTGS1,salmon
PTK2,salmon
PTK2B,salmon
PTPN14,salmon
PTPN2,salmon
PTPN21,salmon
PTPN22,salmon
PTPN3,salmon
PTPRC,salmon
PTPRD,salmon
PTPRE,salmon
PTPRG,salmon
PTPRK,salmon
PTPRM,salmon
PTPRN2,salmon
PTPRQ,salmon
PTPRZ1,salmon
PTTG2,salmon
PUS7L,salmon
PVT1,salmon
PWRN1,salmon
PXDN,salmon
PXT1,salmon
PYGM,salmon
PZP,salmon
QPCT,salmon
QPRT,salmon
RAB11FIP1,salmon
RAB11FIP3,salmon
RAB17,salmon
RAB28,salmon
RAB2B,salmon
RAB32,salmon
RAB7L1,salmon
RAB9P1,salmon
RABEP2,salmon
RABEPK,salmon
RABL3,salmon
RACGAP1P,salmon
RAD18,salmon
RAD50,salmon
RAD51,salmon
RAD51L1,salmon
RAD54B,salmon
RAGE,salmon
RAI1,salmon
RAI14,salmon
RALGPS1,salmon
RANBP17,salmon
RANBP9,salmon
RAP1GAP2,salmon
RAPGEF5,salmon
RARB,salmon
RARRES2,salmon
RARS2,salmon
RASA3,salmon
RASAL2,salmon
RASGEF1B,salmon
RASGRF2,salmon
RASSF3,salmon
RAVER2,salmon
RBM12B,salmon
RBM18,salmon
RBM23,salmon
RBM24,salmon
RBM27,salmon
RBM33,salmon
RBM44,salmon
RBM45,salmon
RBM46,salmon
RBM47,salmon
RBMS1,salmon
RBMS3,salmon
RBP4,salmon
RBPJ,salmon
RBPMS,salmon
RCAN3,salmon
RCBTB2,salmon
RCCD1,salmon
RCN1,salmon
RCVRN,salmon
RDH16,salmon
RECQL5,salmon
REG1A,salmon
RERE,salmon
RFC4,salmon
RFPL4B,salmon
RFT1,salmon
RG9MTD3,salmon
RGL1,salmon
RGNEF,salmon
RGPD2,salmon
RGS12,salmon
RGS20,salmon
RGS7,salmon
RGS9,salmon
RHAG,salmon
RHBDF1,salmon
RHOT1,salmon
RHPN1,salmon
RICH2,salmon
RICS,salmon
RIF1,salmon
RIMKLB,salmon
RIMS1,salmon
RIMS2,salmon
RIMS4,salmon
RIOK3,salmon
RIPK1,salmon
RLF,salmon
RLTPR,salmon
RMST,salmon
RNASE4,salmon
RNASE6,salmon
RNASE8,salmon
RNASE9,salmon
RNASEL,salmon
RNASEN,salmon
RND3,salmon
RNF130,salmon
RNF138,salmon
RNF152,salmon
RNF157,salmon
RNF17,salmon
RNF213,salmon
RNF219,salmon
RNF32,salmon
RNF44,salmon
RNGTT,salmon
RNPEPL1,salmon
ROBO2,salmon
ROPN1B,salmon
ROR1,salmon
RP1L1,salmon
RPA2,salmon
RPGRIP1,salmon
RPL14,salmon
RPL22,salmon
RPL22L1,salmon
RPL23,salmon
RPL30,salmon
RPL39L,salmon
RPL4,salmon
RPP30,salmon
RPRD1A,salmon
RPRD2,salmon
RPRM,salmon
RPS10P7,salmon
RPS15AP10,salmon
RPS3,salmon
RPS6KA2,salmon
RPS6KA5,salmon
RPSAP58,salmon
RPTOR,salmon
RPUSD4,salmon
RREB1,salmon
RRM1,salmon
RRS1,salmon
RSU1,salmon
RTN1,salmon
RTN4IP1,salmon
RUFY1,salmon
RUNX1T1,salmon
RUNX2,salmon
RUNX3,salmon
RUVBL1,salmon
RYBP,salmon
RYR2,salmon
S100A10,salmon
S100A6,salmon
SAA2,salmon
SACS,salmon
SAMD7,salmon
SAMD9,salmon
SAMD9L,salmon
SARM1,salmon
SART3,salmon
SATB2,salmon
SBF1P1,salmon
SCAMP1,salmon
SCAMP5,salmon
SCAND3,salmon
SCAPER,salmon
SCARNA27,salmon
SCHIP1,salmon
SCIN,salmon
SCML4,salmon
SCN11A,salmon
SCN2B,salmon
SCN4B,salmon
SCN5A,salmon
SCN8A,salmon
SCN9A,salmon
SCNN1A,salmon
SCO1,salmon
SCOC,salmon
SCP2,salmon
SCRIB,salmon
SCTR,salmon
SDC2,salmon
SDCCAG8,salmon
SDK1,salmon
SDK2,salmon
SDPR,salmon
SEC22B,salmon
SEC23A,salmon
SEC24A,salmon
SEC63,salmon
SEL1L3,salmon
SELK,salmon
SELT,salmon
SEMA3A,salmon
SEMA3C,salmon
SEMA6A,salmon
SENP6,salmon
SENP8,salmon
SEPHS1,salmon
SEPSECS,salmon
SEPT11,salmon
SEPX1,salmon
SERP2,salmon
SERPINA6,salmon
SERPINB10,salmon
SERPINB5,salmon
SERPINB7,salmon
SERPINE2,salmon
SERTAD4,salmon
SESN1,salmon
SESTD1,salmon
SETBP1,salmon
SETD3,salmon
SETDB2,salmon
SEZ6,salmon
SF1,salmon
SFMBT2,salmon
SFRS11,salmon
SFRS18,salmon
SFT2D3,salmon
SFXN4,salmon
SFXN5,salmon
SGCD,salmon
SGK1,salmon
SGK269,salmon
SGK3,salmon
SGMS1,salmon
SGPL1,salmon
SGTA,salmon
SH2B3,salmon
SH3BP5,salmon
SH3RF1,salmon
SH3TC1,salmon
SHF,salmon
SHISA9,salmon
SHROOM3,salmon
SIAE,salmon
SIPA1,salmon
SIPA1L2,salmon
SKA2,salmon
SKA3,salmon
SKI,salmon
SLAIN1,salmon
SLC10A7,salmon
SLC11A2,salmon
SLC12A1,salmon
SLC13A2,salmon
SLC15A4,salmon
SLC16A1,salmon
SLC16A7,salmon
SLC17A2,salmon
SLC17A3,salmon
SLC17A5,salmon
SLC17A8,salmon
SLC18A1,salmon
SLC1A4,salmon
SLC22A1,salmon
SLC22A14,salmon
SLC22A18AS,salmon
SLC22A23,salmon
SLC22A25,salmon
SLC23A1,salmon
SLC24A1,salmon
SLC24A5,salmon
SLC25A12,salmon
SLC25A13,salmon
SLC25A16,salmon
SLC25A21,salmon
SLC25A24,salmon
SLC25A3,salmon
SLC25A31,salmon
SLC25A36,salmon
SLC25A37,salmon
SLC27A1,salmon
SLC27A2,salmon
SLC28A3,salmon
SLC2A12,salmon
SLC2A14,salmon
SLC2A2,salmon
SLC2A5,salmon
SLC35A5,salmon
SLC35B3,salmon
SLC35C1,salmon
SLC35D2,salmon
SLC35F1,salmon
SLC36A4,salmon
SLC38A1,salmon
SLC38A10,salmon
SLC38A11,salmon
SLC39A10,salmon
SLC39A11,salmon
SLC39A7,salmon
SLC41A3,salmon
SLC44A3,salmon
SLC44A4,salmon
SLC45A1,salmon
SLC4A4,salmon
SLC6A16,salmon
SLC6A18,salmon
SLC6A19,salmon
SLC7A13,salmon
SLC7A14,salmon
SLC8A1,salmon
SLC8A3,salmon
SLC9A5,salmon
SLC9A9,salmon
SLCO1B3,salmon
SLCO5A1,salmon
SLIT1,salmon
SLIT3,salmon
SLITRK1,salmon
SLITRK6,salmon
SMAD3,salmon
SMAD5,salmon
SMAD9,salmon
SMAP2,salmon
SMC5,salmon
SMG7,salmon
SMOC2,salmon
SMPD3,salmon
SMU1,salmon
SMURF1,salmon
SMYD1,salmon
SNAPC4,salmon
SNCG,salmon
SNIP1,salmon
SNORA25,salmon
SNORA59B,salmon
SNORD11,salmon
SNORD114-21,salmon
SNORD114-31,salmon
SNORD114-7,salmon
SNORD115-48,salmon
SNORD15B,salmon
SNORD47,salmon
SNORD6,salmon
SNORD72,salmon
SNRPN,salmon
SNTB1,salmon
SNTG1,salmon
SNTG2,salmon
SNX20,salmon
SNX25,salmon
SNX27,salmon
SNX29,salmon
SNX8,salmon
SOAT1,salmon
SOBP,salmon
SOCS4,salmon
SOLH,salmon
SORBS1,salmon
SORBS2,salmon
SORL1,salmon
SOX18,salmon
SOX2OT,salmon
SOX5,salmon
SP7,salmon
SPA17,salmon
SPAG1,salmon
SPAG16,salmon
SPAG6,salmon
SPATA13,salmon
SPATA16,salmon
SPATA19,salmon
SPATA3,salmon
SPATA4,salmon
SPCS2,salmon
SPDYC,salmon
SPEN,salmon
SPIRE1,salmon
SPNS3,salmon
SPO11,salmon
SPOCK3,salmon
SPP2,salmon
SPPL2B,salmon
SPRR1A,salmon
SPRR2D,salmon
SPRR2F,salmon
SPSB4,salmon
SPZ1,salmon
SQRDL,salmon
SQSTM1,salmon
SRCRB4D,salmon
SRD5A3,salmon
SRGAP1,salmon
SRL,salmon
SRRM2,salmon
SSBP2,salmon
SSH1,salmon
SSPN,salmon
SSR1,salmon
SSX2IP,salmon
ST18,salmon
ST5,salmon
ST6GAL2,salmon
ST6GALNAC1,salmon
ST6GALNAC3,salmon
ST7,salmon
ST7OT2,salmon
STAG1,salmon
STAM,salmon
STAP1,salmon
STARD13,salmon
STARD3,salmon
STARD9,salmon
STAT1,salmon
STAT3,salmon
STATH,salmon
STC2,salmon
STIM2,salmon
STK24,salmon
STK3,salmon
STK31,salmon
STK32C,salmon
STK38L,salmon
STK39,salmon
STOX2,salmon
STRA8,salmon
STT3B,salmon
STUB1,salmon
STX11,salmon
STX17,salmon
STX18,salmon
STX2,salmon
STX8,salmon
STXBP3,salmon
STXBP4,salmon
SUGT1,salmon
SUMO1,salmon
SUV420H1,salmon
SUZ12,salmon
SV2C,salmon
SVIL,salmon
SVOPL,salmon
SWAP70,salmon
SYCP1,salmon
SYCP2,salmon
SYNCRIP,salmon
SYNE2,salmon
SYNJ2,salmon
SYNJ2BP,salmon
SYNPR,salmon
SYT1,salmon
SYT2,salmon
SYT6,salmon
SYTL2,salmon
TAAR3,salmon
TAAR6,salmon
TAAR8,salmon
TACC1,salmon
TACSTD2,salmon
TADA2B,salmon
TAF12,salmon
TAF3,salmon
TAGLN3,salmon
TAKR,salmon
TAL1,salmon
TALDO1,salmon
TANC1,salmon
TAP2,salmon
TAPBP,salmon
TARBP1,salmon
TAS2R16,salmon
TAS2R38,salmon
TAS2R60,salmon
TATDN1,salmon
TBC1D12,salmon
TBC1D16,salmon
TBC1D24,salmon
TBCB,salmon
TBCD,salmon
TBL1XR1,salmon
TBR1,salmon
TBRG4,salmon
TBX15,salmon
TBX19,salmon
TCEA3,salmon
TCEB3,salmon
TCEB3B,salmon
TCERG1,salmon
TCERG1L,salmon
TCF12,salmon
TCF7L1,salmon
TCF7L2,salmon
TCTN1,salmon
TCTN2,salmon
TDRD1,salmon
TDRD10,salmon
TDRD6,salmon
TDRD7,salmon
TDRD9,salmon
TEAD1,salmon
TECRL,salmon
TEDDM1,salmon
TEKT3,salmon
TES,salmon
TESSP1,salmon
TEX12,salmon
TEX15,salmon
TEX2,salmon
TFAP2B,salmon
TFDP1,salmon
TFPI,salmon
TG,salmon
TGFBR2,salmon
TGIF1,salmon
TGM7,salmon
THAP4,salmon
THBS1,salmon
THBS2,salmon
THBS4,salmon
THEM4,salmon
THNSL2,salmon
THRB,salmon
THSD1P,salmon
THSD4,salmon
THSD7A,salmon
THUMPD2,salmon
TIAL1,salmon
TIAM2,salmon
TIGD2,salmon
TIGD7,salmon
TIPARP,salmon
TIRAP,salmon
TKTL2,salmon
TLE1,salmon
TLK1,salmon
TLL2,salmon
TLN2,salmon
TM4SF20,salmon
TM6SF1,salmon
TM7SF3,salmon
TMC5,salmon
TMCC1,salmon
TMCC2,salmon
TMCO3,salmon
TMED7-TICAM2,salmon
TMEM105,salmon
TMEM120B,salmon
TMEM132A,salmon
TMEM132C,salmon
TMEM132D,salmon
TMEM141,salmon
TMEM144,salmon
TMEM149,salmon
TMEM156,salmon
TMEM168,salmon
TMEM175,salmon
TMEM176B,salmon
TMEM177,salmon
TMEM18,salmon
TMEM182,salmon
TMEM200A,salmon
TMEM206,salmon
TMEM217,salmon
TMEM218,salmon
TMEM225,salmon
TMEM26,salmon
TMEM30C,salmon
TMEM39A,salmon
TMEM39B,salmon
TMEM51,salmon
TMEM68,salmon
TMEM74,salmon
TMEM99,salmon
TMF1,salmon
TMIGD2,salmon
TMOD2,salmon
TMPPE,salmon
TMPRSS11E,salmon
TMPRSS11F,salmon
TMPRSS12,salmon
TMSB10,salmon
TMTC1,salmon
TMTC3,salmon
TMTC4,salmon
TNFAIP2,salmon
TNFAIP3,salmon
TNFAIP6,salmon
TNFAIP8,salmon
TNFRSF19,salmon
TNFRSF8,salmon
TNFRSF9,salmon
TNFSF11,salmon
TNFSF13B,salmon
TNIK,salmon
TNIP3,salmon
TNK2,salmon
TNR,salmon
TNRC18,salmon
TNRC6C,salmon
TNS3,salmon
TNS4,salmon
TNXB,salmon
TOLLIP,salmon
TOP1MT,salmon
TOX3,salmon
TP53I13,salmon
TP53INP1,salmon
TPH2,salmon
TPM1,salmon
TPO,salmon
TPPP,salmon
TPRA1,salmon
TPSG1,salmon
TPST1,salmon
TRAF3IP2,salmon
TRAFD1,salmon
TRAK2,salmon
TRAM1L1,salmon
TRANK1,salmon
TRAPPC9,salmon
TRAT1,salmon
TRDMT1,salmon
TREM1,salmon
TRERF1,salmon
TRH,salmon
TRHDE,salmon
TRIM10,salmon
TRIM2,salmon
TRIM24,salmon
TRIM25,salmon
TRIM26,salmon
TRIM27,salmon
TRIM31,salmon
TRIM34,salmon
TRIM36,salmon
TRIM39,salmon
TRIM4,salmon
TRIM41,salmon
TRIM5,salmon
TRIM6-TRIM34,salmon
TRIM61,salmon
TRIM71,salmon
TRIML2,salmon
TRIO,salmon
TRIP11,salmon
TRIP4,salmon
TRIT1,salmon
TRPC3,salmon
TRPM1,salmon
TRPM3,salmon
TRPM8,salmon
TRRAP,salmon
TRUB1,salmon
TRYX3,salmon
TSEN15,salmon
TSHR,salmon
TSHZ1,salmon
TSNARE1,salmon
TSPAN12,salmon
TSPAN18,salmon
TSPAN3,salmon
TSPAN5,salmon
TSPAN9,salmon
TSPYL6,salmon
TSSC1,salmon
TSSK1B,salmon
TTBK1,salmon
TTC1,salmon
TTC12,salmon
TTC14,salmon
TTC15,salmon
TTC27,salmon
TTC30A,salmon
TTC35,salmon
TTC8,salmon
TTLL5,salmon
TTN,salmon
TUBA3D,salmon
TUBB6,salmon
TUBGCP2,salmon
TUBGCP3,salmon
TUBGCP5,salmon
TUFT1,salmon
TUSC3,salmon
TXK,salmon
TXLNB,salmon
TXNDC3,salmon
TXNDC6,salmon
TXNRD1,salmon
TYMS,salmon
TYR,salmon
TYW3,salmon
UAP1,salmon
UBAC2,salmon
UBE2CBP,salmon
UBE2E2,salmon
UBE2F,salmon
UBE2G1,salmon
UBE2H,salmon
UBE2J2,salmon
UBE2O,salmon
UBE2Q2,salmon
UBE2U,salmon
UBE2W,salmon
UBE3C,salmon
UBL7,salmon
UBN2,salmon
UBQLN4,salmon
UBR3,salmon
UBXN11,salmon
UBXN2B,salmon
UBXN4,salmon
UCK1,salmon
UGP2,salmon
UGT1A10,salmon
UGT1A6,salmon
UGT2B4,salmon
UGT3A1,salmon
UHRF1,salmon
UHRF1BP1,salmon
UHRF1BP1L,salmon
UMPS,salmon
UNC13A,salmon
UNC45A,salmon
UNC5D,salmon
UNC80,salmon
UNC84A,salmon
UNC93A,salmon
UPK1B,salmon
UPP2,salmon
UQCRHL,salmon
USH2A,salmon
USP1,salmon
USP10,salmon
USP13,salmon
USP2,salmon
USP3,salmon
USP31,salmon
USP40,salmon
USP6NL,salmon
USP7,salmon
UST,salmon
UTP14C,salmon
UTP18,salmon
UTRN,salmon
VANGL2,salmon
VAV2,salmon
VCAN,salmon
VENTXP7,salmon
VGLL3,salmon
VGLL4,salmon
VHL,salmon
VIP,salmon
VKORC1,salmon
VMO1,salmon
VNN2,salmon
VOPP1,salmon
VPRBP,salmon
VPS13B,salmon
VPS13D,salmon
VPS24,salmon
VPS37A,salmon
VPS41,salmon
VPS45,salmon
VPS52,salmon
VPS53,salmon
VPS8,salmon
VRK2,salmon
VSTM2A,salmon
VTA1,salmon
VTI1A,salmon
VWA3B,salmon
WARS2,salmon
WASF3,salmon
WBSCR17,salmon
WDFY3,salmon
WDR20,salmon
WDR25,salmon
WDR27,salmon
WDR33,salmon
WDR36,salmon
WDR37,salmon
WDR43,salmon
WDR46,salmon
WDR47,salmon
WDR52,salmon
WDR59,salmon
WDR60,salmon
WDR64,salmon
WDR66,salmon
WDR69,salmon
WDR88,salmon
WDR90,salmon
WDSUB1,salmon
WDTC1,salmon
WEE1,salmon
WHAMM,salmon
WHSC1,salmon
WHSC1L1,salmon
WHSC2,salmon
WISP1,salmon
WNK2,salmon
WNK4,salmon
WNT16,salmon
WNT5B,salmon
WNT8B,salmon
WWC2,salmon
WWTR1,salmon
XCR1,salmon
XPC,salmon
XYLB,salmon
XYLT1,salmon
YAF2,salmon
YES1,salmon
YIPF4,salmon
YLPM1,salmon
YPEL5,salmon
YSK4,salmon
ZADH2,salmon
ZAK,salmon
ZAR1,salmon
ZBBX,salmon
ZBTB10,salmon
ZBTB16,salmon
ZBTB2,salmon
ZBTB20,salmon
ZBTB22,salmon
ZBTB38,salmon
ZBTB43,salmon
ZBTB7A,salmon
ZC3H12C,salmon
ZC3H14,salmon
ZC3H3,salmon
ZC3HAV1L,salmon
ZC3HC1,salmon
ZCCHC14,salmon
ZCCHC4,salmon
ZCCHC6,salmon
ZDHHC14,salmon
ZDHHC16,salmon
ZDHHC17,salmon
ZDHHC2,salmon
ZDHHC20,salmon
ZFAND2A,salmon
ZFAT,salmon
ZFHX3,salmon
ZFHX4,salmon
ZFP2,salmon
ZFP36L2,salmon
ZFP41,salmon
ZFP62,salmon
ZFP90,salmon
ZFPM1,salmon
ZFPM2,salmon
ZFR2,salmon
ZFYVE28,salmon
ZFYVE9,salmon
ZIM3,salmon
ZMIZ1,salmon
ZMYND10,salmon
ZMYND11,salmon
ZNF12,salmon
ZNF141,salmon
ZNF160,salmon
ZNF169,salmon
ZNF177,salmon
ZNF189,salmon
ZNF2,salmon
ZNF200,salmon
ZNF236,salmon
ZNF24,salmon
ZNF248,salmon
ZNF251,salmon
ZNF252,salmon
ZNF26,salmon
ZNF273,salmon
ZNF286A,salmon
ZNF292,salmon
ZNF311,salmon
ZNF326,salmon
ZNF331,salmon
ZNF34,salmon
ZNF365,salmon
ZNF366,salmon
ZNF367,salmon
ZNF385A,salmon
ZNF385B,salmon
ZNF385D,salmon
ZNF391,salmon
ZNF398,salmon
ZNF407,salmon
ZNF425,salmon
ZNF451,salmon
ZNF469,salmon
ZNF470,salmon
ZNF490,salmon
ZNF501,salmon
ZNF507,salmon
ZNF511,salmon
ZNF512,salmon
ZNF541,salmon
ZNF554,salmon
ZNF557,salmon
ZNF558,salmon
ZNF559,salmon
ZNF57,salmon
ZNF589,salmon
ZNF594,salmon
ZNF597,salmon
ZNF608,salmon
ZNF616,salmon
ZNF619,salmon
ZNF644,salmon
ZNF654,salmon
ZNF662,salmon
ZNF667,salmon
ZNF668,salmon
ZNF688,salmon
ZNF699,salmon
ZNF702P,salmon
ZNF71,salmon
ZNF720,salmon
ZNF727,salmon
ZNF75A,salmon
ZNF776,salmon
ZNF781,salmon
ZNF789,salmon
ZNF804B,salmon
ZNF827,salmon
ZNRD1,salmon
ZNRF2,salmon
ZNRF3,salmon
ZPLD1,salmon
ZRANB3,salmon
ZSCAN12L1,salmon
ZSCAN18,salmon
ZSCAN20,salmon
ZSCAN23,salmon
ZSCAN29,salmon
ZSWIM6,salmon
ZYG11B,salmon
ZZEF1,salmon
A2BP1,tan
ABCA2,tan
ABL1,tan
ABLIM2,tan
ACADL,tan
ACCS,tan
ACOX3,tan
ACOXL,tan
ACSF3,tan
ACSM1,tan
ACTBL2,tan
ACTN2,tan
ACTR2,tan
ACYP2,tan
ADAMTS2,tan
ADAP1,tan
ADARB2,tan
ADCY2,tan
ADCY5,tan
ADIPOR2,tan
ADORA3,tan
ADSS,tan
AEN,tan
AFMID,tan
AGAP1,tan
AGPAT4,tan
AIP,tan
AKR1CL1,tan
ALDH16A1,tan
AMN1,tan
AMPD3,tan
ANAPC4,tan
ANAPC7,tan
ANKH,tan
ANKLE1,tan
ANKMY1,tan
ANKRD35,tan
ANKRD5,tan
ANO2,tan
ANP32E,tan
ANXA4,tan
ANXA5,tan
AP2A2,tan
APBB1,tan
APBB2,tan
APLP2,tan
APOB,tan
APOF,tan
AQP1,tan
AQP8,tan
ARHGAP22,tan
ARHGAP25,tan
ARHGAP28,tan
ARHGDIG,tan
ARHGEF10,tan
ARID5B,tan
ARL6IP1,tan
ARMC2,tan
ARRDC2,tan
ASAP2,tan
ASAP3,tan
ASPG,tan
ASPRV1,tan
ASPSCR1,tan
ASZ1,tan
ATG5,tan
ATG7,tan
ATN1,tan
ATP10A,tan
ATP11A,tan
ATP1B1,tan
ATP2B4,tan
ATP5G1,tan
ATP6V1H,tan
ATRNL1,tan
AXIN1,tan
B3GNT1,tan
B3GNTL1,tan
B4GALNT1,tan
BACH2,tan
BAI3,tan
BAIAP2,tan
BAIAP2L1,tan
BAT1,tan
BATF,tan
BCAS3,tan
BCL2A1,tan
BCL7A,tan
BEND7,tan
BIN1,tan
BOK,tan
BRIP1,tan
BTBD11,tan
C10ORF128,tan
C10ORF2,tan
C10ORF26,tan
C11ORF30,tan
C11ORF9,tan
C12ORF12,tan
C12ORF70,tan
C15ORF2,tan
C15ORF48,tan
C15ORF60,tan
C16ORF63,tan
C16ORF78,tan
C17ORF108,tan
C17ORF57,tan
C18ORF19,tan
C18ORF62,tan
C1ORF106,tan
C1ORF111,tan
C1ORF200,tan
C1ORF228,tan
C1ORF63,tan
C1QL4,tan
C1QTNF1,tan
C20ORF20,tan
C21ORF59,tan
C21ORF91,tan
C2ORF70,tan
C2ORF89,tan
C3ORF58,tan
C3ORF75,tan
C4ORF14,tan
C4ORF22,tan
C4ORF39,tan
C5ORF23,tan
C5ORF30,tan
C5ORF39,tan
C6ORF150,tan
C6ORF153,tan
C6ORF191,tan
C6ORF217,tan
C6ORF52,tan
C7ORF42,tan
C8B,tan
C8ORF76,tan
C8ORF85,tan
C9ORF11,tan
C9ORF110,tan
C9ORF116,tan
C9ORF3,tan
C9ORF98,tan
CACNA1H,tan
CACNA2D4,tan
CADM3,tan
CAMLG,tan
CAPN3,tan
CAPS,tan
CASZ1,tan
CAV1,tan
CBFA2T3,tan
CBR4,tan
CCBE1,tan
CCDC142,tan
CCDC152,tan
CCDC40,tan
CCDC92,tan
CCDC94,tan
CCL2,tan
CCNDBP1,tan
CCNO,tan
CCR2,tan
CD247,tan
CD44,tan
CD79B,tan
CD81,tan
CDC14B,tan
CDC42BPA,tan
CDC42BPB,tan
CDC5L,tan
CDH13,tan
CDH2,tan
CDKAL1,tan
CDKN1C,tan
CDYL,tan
CEP68,tan
CEP97,tan
CETN3,tan
CGNL1,tan
CHAT,tan
CHD5,tan
CHN1,tan
CHRNA3,tan
CHTF18,tan
CITED2,tan
CIZ1,tan
CLDN18,tan
CLNS1A,tan
CLSPN,tan
CNDP1,tan
CNN1,tan
CNR1,tan
CNTD1,tan
CNTN2,tan
CNTN5,tan
CNTNAP4,tan
COG2,tan
COG3,tan
COL11A2,tan
COL23A1,tan
COL4A1,tan
COL6A3,tan
COL9A1,tan
COLQ,tan
COPE,tan
COQ5,tan
CORIN,tan
CORO2A,tan
CORO2B,tan
COX19,tan
COX5B,tan
CPA4,tan
CPLX1,tan
CPSF6,tan
CPXM1,tan
CREB5,tan
CREM,tan
CRIM1,tan
CRYGD,tan
CRYL1,tan
CSK,tan
CSRNP2,tan
CTDP1,tan
CTU1,tan
CUGBP1,tan
CUL2,tan
CUX1,tan
CYFIP1,tan
CYP19A1,tan
CYP39A1,tan
CYP4V2,tan
CYP7B1,tan
CYTH1,tan
DBN1,tan
DCAF10,tan
DCHS2,tan
DDAH2,tan
DEFB136,tan
DEM1,tan
DGKD,tan
DGKZ,tan
DIP2C,tan
DIRC3,tan
DLD,tan
DLEU2,tan
DLL3,tan
DMBT1,tan
DMPK,tan
DNAH9,tan
DNAJC30,tan
DNASE2,tan
DNMT3A,tan
DOCK5,tan
DOCK6,tan
DOHH,tan
DOT1L,tan
DPCR1,tan
DPM3,tan
DPYSL4,tan
DPYSL5,tan
DSCAML1,tan
DSP,tan
DST,tan
DUSP1,tan
EBF3,tan
ECHDC3,tan
EEPD1,tan
EFCAB4A,tan
EFCAB4B,tan
EGFR,tan
EHBP1,tan
EHMT2,tan
EIF2C2,tan
EIF4A1,tan
EIF4EBP2,tan
ELAVL4,tan
ELMO1,tan
ELP3,tan
ENOX1,tan
EP400,tan
EPB41L3,tan
EPHB6,tan
EPN1,tan
EPN2,tan
EPS8L2,tan
ERC2,tan
ERCC1,tan
ERCC4,tan
ERCC5,tan
ESRRB,tan
ESRRG,tan
ESYT3,tan
ETAA1,tan
EXT1,tan
EZR,tan
FA2H,tan
FAIM2,tan
FAM107B,tan
FAM111A,tan
FAM119B,tan
FAM124B,tan
FAM167B,tan
FAM168A,tan
FAM176A,tan
FAM190B,tan
FAM50B,tan
FAM53B,tan
FAM55C,tan
FAM59B,tan
FAM76B,tan
FAM96A,tan
FAR1,tan
FASN,tan
FAT2,tan
FBRSL1,tan
FBXO32,tan
FBXO5,tan
FBXW8,tan
FCRL2,tan
FEZ1,tan
FGF3,tan
FGFR2,tan
FGFR3,tan
FHAD1,tan
FHIT,tan
FHOD3,tan
FLJ23834,tan
FLJ40434,tan
FLOT1,tan
FLYWCH2,tan
FOXI1,tan
FOXK1,tan
FOXP1,tan
FSTL5,tan
FUT8,tan
FXC1,tan
GABRA5,tan
GAD1,tan
GAK,tan
GALNS,tan
GALNT10,tan
GALNT9,tan
GALNTL4,tan
GALR1,tan
GBX2,tan
GCSH,tan
GDAP2,tan
GFI1,tan
GJA5,tan
GLB1L2,tan
GLDN,tan
GLT1D1,tan
GLTP,tan
GNA12,tan
GNB2L1,tan
GNG4,tan
GNMT,tan
GNRHR2,tan
GOLGA3,tan
GPD2,tan
GPR123,tan
GPR133,tan
GPR153,tan
GPR37,tan
GPR44,tan
GRB10,tan
GREB1,tan
GREM2,tan
GRID2IP,tan
GRIN2D,tan
GRIP1,tan
GRTP1,tan
GSTO2,tan
GTSF1,tan
GUCA1B,tan
GXYLT2,tan
H6PD,tan
HAND1,tan
HAPLN1,tan
HAPLN2,tan
HAPLN3,tan
HCG9,tan
HDAC1,tan
HDAC2,tan
HDAC4,tan
HDLBP,tan
HEATR2,tan
HEATR6,tan
HEG1,tan
HIBCH,tan
HIP1R,tan
HIST1H4A,tan
HIVEP3,tan
HLA-DMB,tan
HLA-DOA,tan
HLA-J,tan
HMGB2,tan
HMGN4,tan
HNRNPA1,tan
HNRNPA3P1,tan
HNRNPD,tan
HNRNPF,tan
HNRNPK,tan
HNRNPUL1,tan
HOPX,tan
HORMAD1,tan
HOXA11AS,tan
HOXA7,tan
HPS3,tan
HPS6,tan
HRNBP3,tan
HS3ST1,tan
HS3ST5,tan
HS6ST1,tan
HSBP1,tan
HSD11B1L,tan
HSPA1B,tan
HSPB7,tan
HSPG2,tan
HTR3A,tan
HTR7,tan
IFIT5,tan
IFRD2,tan
IFT140,tan
IGF1R,tan
IGF2R,tan
IGFBP5,tan
IL4R,tan
INCENP,tan
INPP5A,tan
IPCEF1,tan
IQCH,tan
IQGAP2,tan
IRF2,tan
IRS1,tan
ISLR2,tan
ITFG2,tan
ITGA2,tan
ITPR1,tan
ITPR2,tan
JAK3,tan
JOSD1,tan
JPH3,tan
KANK4,tan
KAZALD1,tan
KCNV2,tan
KCTD13,tan
KDM4B,tan
KHDC1L,tan
KIAA1279,tan
KIAA1529,tan
KIF17,tan
KIF1A,tan
KIF26B,tan
KIRREL3,tan
KLF13,tan
KLF5,tan
KLF7,tan
KLHDC4,tan
KLHL29,tan
KNDC1,tan
KRT7,tan
KRT8,tan
KRT84,tan
LAMB1,tan
LAMC3,tan
LCT,tan
LDB2,tan
LDB3,tan
LDLRAD2,tan
LEP,tan
LGI3,tan
LGI4,tan
LGR5,tan
LHPP,tan
LHX1,tan
LINGO2,tan
LIPA,tan
LIPE,tan
LITAF,tan
LIX1,tan
LMF1,tan
LMTK2,tan
LOC100130017,tan
LOC100130581,tan
LOC100130987,tan
LOC100133669,tan
LOC100188949,tan
LOC152024,tan
LOC153684,tan
LOC400657,tan
LOC401127,tan
LOC619207,tan
LOC642597,tan
LOC645323,tan
LOC653113,tan
LPAR1,tan
LPP,tan
LRBA,tan
LRP10,tan
LRP12,tan
LRRC27,tan
LRRC3,tan
LRWD1,tan
LYZL4,tan
LZTS2,tan
MAD1L1,tan
MAEA,tan
MAGI2,tan
MAL2,tan
MAN2A1,tan
MAN2A2,tan
MAP2K6,tan
MAP7,tan
MAPKAPK2,tan
MAPKAPK3,tan
MARCH8,tan
MAST3,tan
MAT2B,tan
MBNL2,tan
MBP,tan
MCF2L,tan
MCFD2,tan
MDC1,tan
MDFIC,tan
ME3,tan
MED19,tan
MEGF10,tan
MEOX1,tan
MESP2,tan
METT10D,tan
MFSD8,tan
MGC14436,tan
MGC23284,tan
MIR1181,tan
MIR134,tan
MIR515-2,tan
MIR638,tan
MIR758,tan
MKLN1,tan
MLF1,tan
MLYCD,tan
MOBP,tan
MOG,tan
MON1B,tan
MPV17L,tan
MRGPRE,tan
MRPL17,tan
MRPL43,tan
MRPL54,tan
MRPS12,tan
MRPS18B,tan
MRPS33,tan
MRPS5,tan
MRPS6,tan
MS4A13,tan
MSLNL,tan
MTHFSD,tan
MTMR14,tan
MTUS1,tan
MUC21,tan
MUC4,tan
MYC,tan
MYCBP,tan
MYH7,tan
MYL1,tan
MYO15A,tan
MYO1E,tan
MYO9A,tan
MYOM2,tan
MYOZ3,tan
MYST3,tan
MYST4,tan
MYT1L,tan
NARG2,tan
NAV2,tan
NCK2,tan
NCOA2,tan
NCOA7,tan
NDEL1,tan
NDRG2,tan
NDRG4,tan
NDUFS6,tan
NEK1,tan
NEU1,tan
NFAT5,tan
NGF,tan
NIPAL4,tan
NKD2,tan
NLRP12,tan
NLRP7,tan
NME2,tan
NMRAL1,tan
NOM1,tan
NOS1AP,tan
NPAS3,tan
NPB,tan
NRBF2,tan
NRBP2,tan
NRN1,tan
NRXN1,tan
NTF3,tan
NTN1,tan
NTRK2,tan
NUAK1,tan
NUDT5,tan
NUMB,tan
NUP188,tan
OCA2,tan
ODZ2,tan
ODZ3,tan
OGFR,tan
OR51Q1,tan
OR52B2,tan
OR9Q1,tan
OSBPL5,tan
OSGIN1,tan
OXR1,tan
P2RX5,tan
PACSIN1,tan
PALM2,tan
PAN2,tan
PAPOLB,tan
PARK2,tan
PBX1,tan
PCDHB2,tan
PCGF3,tan
PDCD5,tan
PDCL,tan
PDE10A,tan
PDE12,tan
PDE4C,tan
PDE6G,tan
PDGFA,tan
PDHA2,tan
PDHX,tan
PDLIM1,tan
PDLIM3,tan
PDZRN3,tan
PECI,tan
PEG10,tan
PEMT,tan
PFKFB3,tan
PGS1,tan
PHB2,tan
PHF17,tan
PHF20L1,tan
PHRF1,tan
PIAS3,tan
PIGF,tan
PIGS,tan
PIGT,tan
PIGZ,tan
PIM3,tan
PIP5K1A,tan
PKD1L3,tan
PKNOX2,tan
PLA2G4C,tan
PLCG2,tan
PLEC1,tan
PLEKHA1,tan
PLEKHH1,tan
PLSCR2,tan
PLXNA4,tan
PNPLA7,tan
POLG2,tan
POLL,tan
POLRMT,tan
POU6F2,tan
PPIF,tan
PPIH,tan
PPIL5,tan
PPP1R14A,tan
PPY,tan
PRDM16,tan
PRDM2,tan
PRDM6,tan
PRKAG2,tan
PRKCH,tan
PRKCZ,tan
PROKR1,tan
PRR11,tan
PRR5L,tan
PSKH2,tan
PSMA3,tan
PSMB8,tan
PSRC1,tan
PTBP2,tan
PTCHD3,tan
PTDSS2,tan
PTGFRN,tan
PTHLH,tan
PTK2,tan
PTP4A3,tan
PTPN22,tan
PTPRF,tan
PTPRG,tan
PTPRJ,tan
PTPRN2,tan
PTPRS,tan
PUS7L,tan
PVR,tan
PVT1,tan
PXK,tan
PXT1,tan
PYGM,tan
PYROXD2,tan
QDPR,tan
RAB1B,tan
RAB27B,tan
RAB30,tan
RAC3,tan
RAD52,tan
RAET1K,tan
RAI1,tan
RAI14,tan
RALGPS1,tan
RAP1GAP,tan
RAPGEF5,tan
RASA3,tan
RASAL1,tan
RASGEF1C,tan
RASGRF2,tan
RASL11A,tan
RAX,tan
RBBP6,tan
RBM33,tan
RBPJ,tan
RBPMS,tan
RCBTB1,tan
RELB,tan
RER1,tan
RFESD,tan
RFX4,tan
RGL2,tan
RGP1,tan
RGS12,tan
RHOB,tan
RHPN2,tan
RIMBP2,tan
RLN3,tan
RNASEH2B,tan
RNF126P1,tan
RNF13,tan
RNF170,tan
RNF220,tan
RNF34,tan
RNF39,tan
RNFT2,tan
RNH1,tan
RNMTL1,tan
ROBO3,tan
ROR1,tan
RPH3AL,tan
RPL18AP3,tan
RPL3L,tan
RPS10,tan
RPS11,tan
RPS14,tan
RPS27A,tan
RPS6KA2,tan
RPTOR,tan
RPUSD2,tan
RPUSD4,tan
RREB1,tan
RSU1,tan
RTN4RL1,tan
RTP2,tan
RYBP,tan
RYR1,tan
S100A16,tan
S1PR2,tan
SAA3P,tan
SALL3,tan
SCAI,tan
SCARA3,tan
SCG5,tan
SCGB3A1,tan
SCLY,tan
SCNN1A,tan
SCOC,tan
SDK1,tan
SEC61A1,tan
SELK,tan
SENP7,tan
SEPSECS,tan
SERAC1,tan
SERP1,tan
SF3A2,tan
SFMBT2,tan
SFRP2,tan
SFRP4,tan
SFRS5,tan
SFRS8,tan
SH2B1,tan
SH2B2,tan
SH3GL3,tan
SH3PXD2A,tan
SH3RF3,tan
SHANK2,tan
SHF,tan
SHFM1,tan
SHPK,tan
SLC10A1,tan
SLC10A6,tan
SLC12A7,tan
SLC16A8,tan
SLC22A18AS,tan
SLC22A5,tan
SLC24A1,tan
SLC25A10,tan
SLC25A12,tan
SLC25A20,tan
SLC25A44,tan
SLC26A10,tan
SLC28A1,tan
SLC31A2,tan
SLC35D1,tan
SLC38A10,tan
SLC39A9,tan
SLC45A3,tan
SLC48A1,tan
SLC4A1AP,tan
SLC5A11,tan
SLC6A3,tan
SLC7A14,tan
SLCO3A1,tan
SMC5,tan
SMNDC1,tan
SMOC2,tan
SNED1,tan
SNORD36B,tan
SNORD45C,tan
SNRNP40,tan
SNRPC,tan
SNTG2,tan
SNX19,tan
SNX27,tan
SORBS2,tan
SORCS2,tan
SORT1,tan
SOS2,tan
SOX4,tan
SPATA5L1,tan
SPATS2,tan
SPN,tan
SPOCK1,tan
SPTB,tan
SRCIN1,tan
SRPK2,tan
SSH2,tan
SSU72,tan
ST8SIA2,tan
STAC,tan
STAU2,tan
STON1-GTF2A1L,tan
STOX2,tan
STX18,tan
STXBP6,tan
SUFU,tan
SULT1C2,tan
SVOPL,tan
SYNE2,tan
SYNJ2,tan
TAP2,tan
TAPBP,tan
TARS,tan
TAS1R3,tan
TBC1D1,tan
TBC1D14,tan
TBC1D8,tan
TBCD,tan
TBCE,tan
TCF19,tan
TCF7L1,tan
TCTN2,tan
TCTN3,tan
TDP1,tan
TDRD9,tan
TECPR2,tan
TECR,tan
TEKT3,tan
TF,tan
TFG,tan
TGFBR3,tan
THBS2,tan
THSD1P,tan
THSD4,tan
TJP2,tan
TJP3,tan
TLE3,tan
TLL2,tan
TMC3,tan
TMCC3,tan
TMED4,tan
TMEM132B,tan
TMEM132D,tan
TMEM139,tan
TMEM140,tan
TMEM223,tan
TMEM62,tan
TMEM63C,tan
TMEM87A,tan
TMTC4,tan
TNRC18,tan
TNXB,tan
TP53BP1,tan
TP53I3,tan
TPM3,tan
TPPP,tan
TRAPPC9,tan
TRIM10,tan
TRIM11,tan
TRIM15,tan
TRIM2,tan
TRIM27,tan
TRIM39,tan
TRIM46,tan
TRIM7,tan
TRIM71,tan
TRIP10,tan
TRIP13,tan
TRMU,tan
TRPC2,tan
TRPC3,tan
TRPM1,tan
TRPV2,tan
TSKS,tan
TSKU,tan
TSPAN18,tan
TSSC4,tan
TTC15,tan
TTC21A,tan
TTN,tan
TULP2,tan
UACA,tan
UBE2F,tan
UBE3B,tan
UBE4A,tan
UBTF,tan
UCN3,tan
UGGT1,tan
UGP2,tan
UGT1A10,tan
UGT8,tan
UNC5C,tan
UQCRHL,tan
USPL1,tan
UST,tan
VAMP1,tan
VARS,tan
VDR,tan
VGLL4,tan
VPS13B,tan
VPS41,tan
VPS52,tan
VWA5B1,tan
WDFY2,tan
WDR27,tan
WDR45L,tan
WDR46,tan
WFIKKN2,tan
WNT1,tan
WNT4,tan
XKR6,tan
YPEL1,tan
YPEL5,tan
ZBTB34,tan
ZBTB38,tan
ZC3H10,tan
ZC3H12A,tan
ZC3H15,tan
ZDHHC14,tan
ZFAND2A,tan
ZFHX3,tan
ZFP41,tan
ZFR2,tan
ZFYVE27,tan
ZIC5,tan
ZMAT2,tan
ZNF10,tan
ZNF142,tan
ZNF143,tan
ZNF155,tan
ZNF251,tan
ZNF252,tan
ZNF260,tan
ZNF3,tan
ZNF311,tan
ZNF358,tan
ZNF391,tan
ZNF517,tan
ZNF536,tan
ZNF57,tan
ZNF581,tan
ZNF585B,tan
ZNF599,tan
ZNF625,tan
ZNF626,tan
ZNF668,tan
ZNF792,tan
ZNF827,tan
ZNF85,tan
A1CF,turquoise
A2BP1,turquoise
A2LD1,turquoise
AACS,turquoise
AAK1,turquoise
AATK,turquoise
ABCA4,turquoise
ABCA5,turquoise
ABCB1,turquoise
ABCB9,turquoise
ABCC1,turquoise
ABCC12,turquoise
ABCC2,turquoise
ABCC4,turquoise
ABCD3,turquoise
ABCF1,turquoise
ABCG4,turquoise
ABCG5,turquoise
ABLIM1,turquoise
ABLIM2,turquoise
ABR,turquoise
ACACA,turquoise
ACACB,turquoise
ACAD8,turquoise
ACIN1,turquoise
ACOXL,turquoise
ACPL2,turquoise
ACSF3,turquoise
ACSL5,turquoise
ACSM1,turquoise
ACSS3,turquoise
ACTBL2,turquoise
ACTN2,turquoise
ACTR8,turquoise
ACVR1C,turquoise
ADAM18,turquoise
ADAM20,turquoise
ADAM23,turquoise
ADAMTS10,turquoise
ADAMTS12,turquoise
ADAMTS14,turquoise
ADAMTS16,turquoise
ADAMTS7,turquoise
ADAMTSL1,turquoise
ADAP1,turquoise
ADAP2,turquoise
ADARB2,turquoise
ADAT2,turquoise
ADCK5,turquoise
ADCY8,turquoise
ADCYAP1,turquoise
ADD2,turquoise
ADI1,turquoise
ADK,turquoise
ADPRHL1,turquoise
AEN,turquoise
AFAP1,turquoise
AFARP1,turquoise
AFF1,turquoise
AFF3,turquoise
AFG3L2,turquoise
AGA,turquoise
AGAP1,turquoise
AGAP2,turquoise
AGBL1,turquoise
AGBL2,turquoise
AGBL3,turquoise
AGMAT,turquoise
AHNAK,turquoise
AHRR,turquoise
AIFM2,turquoise
AIM2,turquoise
AK5,turquoise
AKAP10,turquoise
AKAP11,turquoise
AKAP12,turquoise
AKAP13,turquoise
AKAP7,turquoise
ALAD,turquoise
ALDH18A1,turquoise
ALDH1A3,turquoise
ALDH2,turquoise
ALDH3A2,turquoise
ALDH7A1,turquoise
ALG9,turquoise
ALK,turquoise
ALOX12B,turquoise
ALOX5AP,turquoise
ALPK1,turquoise
ALPK2,turquoise
ALPL,turquoise
AMBRA1,turquoise
AMIGO2,turquoise
AMMECR1L,turquoise
AMOTL1,turquoise
AMPH,turquoise
AMZ1,turquoise
ANGEL2,turquoise
ANK1,turquoise
ANK2,turquoise
ANK3,turquoise
ANKFY1,turquoise
ANKLE2,turquoise
ANKMY1,turquoise
ANKRD1,turquoise
ANKRD11,turquoise
ANKRD13B,turquoise
ANKRD26,turquoise
ANKRD29,turquoise
ANKRD37,turquoise
ANKRD39,turquoise
ANKS1A,turquoise
ANKZF1,turquoise
ANO1,turquoise
ANO10,turquoise
ANTXR1,turquoise
ANUBL1,turquoise
ANXA11,turquoise
ANXA5,turquoise
AOAH,turquoise
AP2A2,turquoise
AP4E1,turquoise
AP4S1,turquoise
APBA1,turquoise
APBA2,turquoise
APBA3,turquoise
APCDD1L,turquoise
APITD1,turquoise
APOB48R,turquoise
APOBEC1,turquoise
APOBEC2,turquoise
ARCN1,turquoise
ARFIP1,turquoise
ARGLU1,turquoise
ARHGAP10,turquoise
ARHGAP22,turquoise
ARHGAP25,turquoise
ARHGAP26,turquoise
ARHGEF10,turquoise
ARHGEF10L,turquoise
ARHGEF3,turquoise
ARID1B,turquoise
ARID4B,turquoise
ARID5B,turquoise
ARIH1,turquoise
ARL4C,turquoise
ARL8B,turquoise
ARL9,turquoise
ARNT,turquoise
ARPC1B,turquoise
ARPC2,turquoise
ARSB,turquoise
ARSK,turquoise
ASAP1,turquoise
ASAP1IT1,turquoise
ASAP2,turquoise
ASB18,turquoise
ASB7,turquoise
ASB8,turquoise
ASCC2,turquoise
ASCL3,turquoise
ASH1L,turquoise
ASPA,turquoise
ASPH,turquoise
ASTN1,turquoise
ASXL2,turquoise
ASZ1,turquoise
ATF3,turquoise
ATF6,turquoise
ATG2B,turquoise
ATG4B,turquoise
ATG5,turquoise
ATG7,turquoise
ATM,turquoise
ATOH7,turquoise
ATP11A,turquoise
ATP13A1,turquoise
ATP13A2,turquoise
ATP13A3,turquoise
ATP13A4,turquoise
ATP2C2,turquoise
ATP6V0A4,turquoise
ATP6V0D1,turquoise
ATP6V1D,turquoise
ATP8A2,turquoise
ATP8B3,turquoise
ATP9B,turquoise
ATRNL1,turquoise
ATXN1,turquoise
ATXN7,turquoise
ATXN7L1,turquoise
AUTS2,turquoise
AXIN1,turquoise
AXIN2,turquoise
AZI1,turquoise
B3GALTL,turquoise
B3GAT2,turquoise
B3GNT2,turquoise
B3GNTL1,turquoise
B4GALNT4,turquoise
BAG2,turquoise
BAI2,turquoise
BANP,turquoise
BASP1,turquoise
BCAR1,turquoise
BCAS3,turquoise
BCCIP,turquoise
BCL10,turquoise
BCL11B,turquoise
BCL2L15,turquoise
BDH1,turquoise
BDKRB2,turquoise
BDNF,turquoise
BEGAIN,turquoise
BEND7,turquoise
BFSP2,turquoise
BICD1,turquoise
BMP6,turquoise
BOLL,turquoise
BPESC1,turquoise
BPTF,turquoise
BRAP,turquoise
BRD2,turquoise
BRDT,turquoise
BREA2,turquoise
BRI3BP,turquoise
BRP44,turquoise
BRUNOL5,turquoise
BSPH1,turquoise
BTBD11,turquoise
BTBD7,turquoise
BTBD8,turquoise
BTBD9,turquoise
BTNL2,turquoise
BUB3,turquoise
C10ORF11,turquoise
C10ORF114,turquoise
C10ORF119,turquoise
C10ORF12,turquoise
C10ORF128,turquoise
C10ORF32,turquoise
C10ORF46,turquoise
C10ORF84,turquoise
C10ORF90,turquoise
C10ORF93,turquoise
C11ORF34,turquoise
C11ORF35,turquoise
C11ORF40,turquoise
C11ORF46,turquoise
C11ORF53,turquoise
C11ORF57,turquoise
C11ORF71,turquoise
C11ORF75,turquoise
C12ORF34,turquoise
C12ORF40,turquoise
C12ORF42,turquoise
C12ORF74,turquoise
C13ORF28,turquoise
C13ORF33,turquoise
C13ORF38,turquoise
C13ORF39,turquoise
C14ORF102,turquoise
C14ORF118,turquoise
C14ORF143,turquoise
C14ORF145,turquoise
C14ORF147,turquoise
C14ORF165,turquoise
C15ORF23,turquoise
C15ORF41,turquoise
C15ORF52,turquoise
C15ORF55,turquoise
C16ORF35,turquoise
C16ORF82,turquoise
C17ORF108,turquoise
C17ORF28,turquoise
C17ORF54,turquoise
C17ORF60,turquoise
C17ORF63,turquoise
C17ORF64,turquoise
C17ORF67,turquoise
C17ORF81,turquoise
C18ORF19,turquoise
C18ORF62,turquoise
C19ORF39,turquoise
C19ORF41,turquoise
C1ORF100,turquoise
C1ORF107,turquoise
C1ORF156,turquoise
C1ORF182,turquoise
C1ORF192,turquoise
C1ORF21,turquoise
C1ORF59,turquoise
C1ORF65,turquoise
C1ORF69,turquoise
C1ORF70,turquoise
C1ORF89,turquoise
C1ORF94,turquoise
C1QL2,turquoise
C2,turquoise
C20ORF96,turquoise
C2ORF27A,turquoise
C2ORF28,turquoise
C2ORF40,turquoise
C2ORF42,turquoise
C2ORF53,turquoise
C2ORF54,turquoise
C2ORF61,turquoise
C2ORF66,turquoise
C2ORF84,turquoise
C2ORF88,turquoise
C2ORF90,turquoise
C3,turquoise
C3ORF16,turquoise
C3ORF17,turquoise
C3ORF25,turquoise
C3ORF26,turquoise
C3ORF31,turquoise
C3ORF43,turquoise
C3ORF48,turquoise
C3ORF59,turquoise
C4BPA,turquoise
C4ORF11,turquoise
C4ORF19,turquoise
C4ORF3,turquoise
C4ORF39,turquoise
C4ORF41,turquoise
C5ORF28,turquoise
C5ORF30,turquoise
C5ORF48,turquoise
C5ORF49,turquoise
C5ORF52,turquoise
C6ORF10,turquoise
C6ORF118,turquoise
C6ORF134,turquoise
C6ORF138,turquoise
C6ORF147,turquoise
C7ORF10,turquoise
C7ORF33,turquoise
C7ORF50,turquoise
C7ORF53,turquoise
C7ORF58,turquoise
C7ORF68,turquoise
C7ORF71,turquoise
C8ORF12,turquoise
C8ORF34,turquoise
C8ORF40,turquoise
C8ORF42,turquoise
C8ORF44,turquoise
C8ORF59,turquoise
C8ORF85,turquoise
C9ORF171,turquoise
C9ORF41,turquoise
C9ORF79,turquoise
C9ORF86,turquoise
CA13,turquoise
CAB39,turquoise
CACNA1A,turquoise
CACNA1C,turquoise
CACNA1G,turquoise
CACNA1H,turquoise
CACNA1I,turquoise
CACNA2D4,turquoise
CADM1,turquoise
CADM2,turquoise
CALCB,turquoise
CALCR,turquoise
CALD1,turquoise
CALM2,turquoise
CAMKK2,turquoise
CAMTA1,turquoise
CAND1,turquoise
CANT1,turquoise
CAPN14,turquoise
CAPN2,turquoise
CAPN9,turquoise
CAPZA2,turquoise
CARS2,turquoise
CASKIN1,turquoise
CASP1,turquoise
CASP3,turquoise
CAST,turquoise
CASZ1,turquoise
CAT,turquoise
CAV1,turquoise
CBX1,turquoise
CC2D2A,turquoise
CCDC102A,turquoise
CCDC129,turquoise
CCDC142,turquoise
CCDC146,turquoise
CCDC152,turquoise
CCDC158,turquoise
CCDC17,turquoise
CCDC19,turquoise
CCDC3,turquoise
CCDC36,turquoise
CCDC40,turquoise
CCDC42B,turquoise
CCDC48,turquoise
CCDC69,turquoise
CCDC73,turquoise
CCDC77,turquoise
CCDC79,turquoise
CCDC83,turquoise
CCDC88C,turquoise
CCDC89,turquoise
CCDC91,turquoise
CCDC99,turquoise
CCNB1IP1,turquoise
CCND1,turquoise
CCNJL,turquoise
CCNT2,turquoise
CCNY,turquoise
CCR1,turquoise
CCT4,turquoise
CCT6A,turquoise
CD101,turquoise
CD14,turquoise
CD200,turquoise
CD247,turquoise
CD38,turquoise
CD3E,turquoise
CD44,turquoise
CD6,turquoise
CDAN1,turquoise
CDC16,turquoise
CDC42,turquoise
CDC42BPB,turquoise
CDC42SE2,turquoise
CDCP1,turquoise
CDH12,turquoise
CDH13,turquoise
CDH22,turquoise
CDH6,turquoise
CDH7,turquoise
CDH8,turquoise
CDK14,turquoise
CDK8,turquoise
CDKAL1,turquoise
CDKL3,turquoise
CDKN3,turquoise
CDT1,turquoise
CDYL,turquoise
CEBPG,turquoise
CEBPZ,turquoise
CEND1,turquoise
CEP170,turquoise
CETN1,turquoise
CFLP1,turquoise
CGN,turquoise
CGNL1,turquoise
CGREF1,turquoise
CHCHD3,turquoise
CHD8,turquoise
CHI3L2,turquoise
CHL1,turquoise
CHML,turquoise
CHMP2B,turquoise
CHN1,turquoise
CHN2,turquoise
CHRNA3,turquoise
CHST10,turquoise
CHURC1,turquoise
CILP2,turquoise
CIR1,turquoise
CIT,turquoise
CIZ1,turquoise
CKB,turquoise
CLASP1,turquoise
CLCN1,turquoise
CLDN10,turquoise
CLEC4E,turquoise
CLEC9A,turquoise
CLIC1,turquoise
CLIP4,turquoise
CLLU1OS,turquoise
CLRN2,turquoise
CLTC,turquoise
CLYBL,turquoise
CMTM6,turquoise
CNGA3,turquoise
CNN2,turquoise
CNOT2,turquoise
CNOT8,turquoise
CNST,turquoise
CNTN5,turquoise
CNTNAP2,turquoise
CNTNAP5,turquoise
COBL,turquoise
COG1,turquoise
COL19A1,turquoise
COL23A1,turquoise
COL25A1,turquoise
COL4A1,turquoise
COL4A2,turquoise
COL5A1,turquoise
COL5A2,turquoise
COL5A3,turquoise
COL7A1,turquoise
COLEC10,turquoise
COLEC11,turquoise
COMMD1,turquoise
COMMD5,turquoise
COMMD6,turquoise
COQ7,turquoise
COX7A1,turquoise
COX7B2,turquoise
CPLX1,turquoise
CPLX2,turquoise
CPN1,turquoise
CPNE7,turquoise
CPSF3,turquoise
CPT1A,turquoise
CPT1C,turquoise
CPVL,turquoise
CPXM2,turquoise
CREB5,turquoise
CRELD1,turquoise
CREM,turquoise
CRH,turquoise
CRHBP,turquoise
CRIM1,turquoise
CRLF3,turquoise
CRP,turquoise
CRTAM,turquoise
CRY1,turquoise
CRYGC,turquoise
CSDA,turquoise
CSGALNACT1,turquoise
CSMD1,turquoise
CSNK1G3,turquoise
CSNK2A1P,turquoise
CTDP1,turquoise
CTLA4,turquoise
CTNNA1,turquoise
CTNNA2,turquoise
CTNND2,turquoise
CTSE,turquoise
CTSS,turquoise
CUBN,turquoise
CUEDC1,turquoise
CUGBP2,turquoise
CUL1,turquoise
CUL2,turquoise
CUL5,turquoise
CUX1,turquoise
CXCL14,turquoise
CXCR4,turquoise
CXCR5,turquoise
CXXC5,turquoise
CYP11B2,turquoise
CYP1B1,turquoise
CYP2C18,turquoise
CYP2C9,turquoise
CYP2J2,turquoise
CYP2U1,turquoise
CYSLTR2,turquoise
CYTH3,turquoise
DAAM1,turquoise
DAB1,turquoise
DACH1,turquoise
DAP,turquoise
DAPK3,turquoise
DAXX,turquoise
DAZL,turquoise
DBC1,turquoise
DBNL,turquoise
DBR1,turquoise
DCAF4L2,turquoise
DCAF6,turquoise
DCHS2,turquoise
DCLK2,turquoise
DCLRE1A,turquoise
DCTN2,turquoise
DCUN1D1,turquoise
DCUN1D2,turquoise
DDHD2,turquoise
DDI2,turquoise
DDIT4L,turquoise
DDX1,turquoise
DDX41,turquoise
DEC1,turquoise
DEDD,turquoise
DEFA4,turquoise
DEFB135,turquoise
DENND2A,turquoise
DENND2D,turquoise
DENND3,turquoise
DENND5A,turquoise
DEPDC1B,turquoise
DET1,turquoise
DFNA5,turquoise
DGUOK,turquoise
DHH,turquoise
DHRS11,turquoise
DHRS3,turquoise
DHX37,turquoise
DICER1,turquoise
DIO1,turquoise
DIP2C,turquoise
DIRAS3,turquoise
DIRC2,turquoise
DIRC3,turquoise
DISP1,turquoise
DKK1,turquoise
DKK4,turquoise
DLEU7,turquoise
DLG2,turquoise
DLGAP2,turquoise
DLK1,turquoise
DLX5,turquoise
DMAP1,turquoise
DMPK,turquoise
DNAH10,turquoise
DNAH11,turquoise
DNAH14,turquoise
DNAH2,turquoise
DNAH5,turquoise
DNAH8,turquoise
DNAH9,turquoise
DNAI1,turquoise
DNAJB6,turquoise
DNAJC13,turquoise
DNAJC15,turquoise
DNAJC16,turquoise
DNAJC19,turquoise
DNAJC5B,turquoise
DNAJC6,turquoise
DNAL1,turquoise
DNHD1,turquoise
DNM3,turquoise
DOCK1,turquoise
DOCK3,turquoise
DOCK4,turquoise
DOCK5,turquoise
DOT1L,turquoise
DPEP3,turquoise
DPP10,turquoise
DPP6,turquoise
DPPA2,turquoise
DPYS,turquoise
DPYSL2,turquoise
DRAM1,turquoise
DRD4,turquoise
DSC2,turquoise
DSCAML1,turquoise
DSTYK,turquoise
DTNB,turquoise
DTWD2,turquoise
DUPD1,turquoise
DUS1L,turquoise
DUSP27,turquoise
DUSP5P,turquoise
DVL2,turquoise
DYNC1H1,turquoise
DYNC1I1,turquoise
DYNC2LI1,turquoise
DYNLT1,turquoise
DYSF,turquoise
DZIP3,turquoise
E2F3,turquoise
EAF2,turquoise
EBAG9,turquoise
EBF3,turquoise
ECE1,turquoise
ECE2,turquoise
ECT2L,turquoise
EEFSEC,turquoise
EEPD1,turquoise
EFCAB3,turquoise
EFCAB5,turquoise
EFHA1,turquoise
EFHC1,turquoise
EFNA5,turquoise
EFR3A,turquoise
EFS,turquoise
EGLN1,turquoise
EHMT1,turquoise
EHMT2,turquoise
EIF2C2,turquoise
EIF3A,turquoise
EIF3H,turquoise
EIF4A3,turquoise
EIF5,turquoise
ELAC2,turquoise
ELANE,turquoise
ELL2,turquoise
ELOVL2,turquoise
ELOVL7,turquoise
EMB,turquoise
ENGASE,turquoise
ENKUR,turquoise
ENOX1,turquoise
ENPP1,turquoise
ENPP6,turquoise
ENTPD1,turquoise
EP400,turquoise
EP400NL,turquoise
EPAS1,turquoise
EPB41L2,turquoise
EPB41L4A,turquoise
EPHA3,turquoise
EPHX1,turquoise
EPS15L1,turquoise
ERCC6,turquoise
ERGIC1,turquoise
ERI2,turquoise
ERICH1,turquoise
ERN1,turquoise
ESCO1,turquoise
ESPL1,turquoise
ESR1,turquoise
ESRRB,turquoise
ESRRG,turquoise
ESYT2,turquoise
ETS1,turquoise
ETV3,turquoise
ETV3L,turquoise
ETV4,turquoise
ETV6,turquoise
EVI5,turquoise
EVL,turquoise
EVPL,turquoise
EXD2,turquoise
EXD3,turquoise
EXOC3L2,turquoise
EXOC4,turquoise
EXOSC1,turquoise
EXOSC7,turquoise
EXT2,turquoise
EYA3,turquoise
F10,turquoise
F11,turquoise
F13A1,turquoise
F3,turquoise
FA2H,turquoise
FAF1,turquoise
FAM101A,turquoise
FAM101B,turquoise
FAM107B,turquoise
FAM109A,turquoise
FAM111B,turquoise
FAM117B,turquoise
FAM118B,turquoise
FAM125B,turquoise
FAM129B,turquoise
FAM135A,turquoise
FAM149A,turquoise
FAM150B,turquoise
FAM160A1,turquoise
FAM170A,turquoise
FAM173B,turquoise
FAM174B,turquoise
FAM183B,turquoise
FAM186A,turquoise
FAM188A,turquoise
FAM196A,turquoise
FAM19A2,turquoise
FAM19A3,turquoise
FAM20A,turquoise
FAM20B,turquoise
FAM20C,turquoise
FAM24B,turquoise
FAM38A,turquoise
FAM38B,turquoise
FAM3C,turquoise
FAM49A,turquoise
FAM53A,turquoise
FAM53B,turquoise
FAM60A,turquoise
FAM71D,turquoise
FAM73A,turquoise
FAM83B,turquoise
FANCC,turquoise
FANCL,turquoise
FARS2,turquoise
FARSB,turquoise
FAT1,turquoise
FAT3,turquoise
FAT4,turquoise
FBLN7,turquoise
FBRSL1,turquoise
FBXL17,turquoise
FBXL3,turquoise
FBXL7,turquoise
FBXO31,turquoise
FBXO34,turquoise
FBXO47,turquoise
FBXW12,turquoise
FBXW8,turquoise
FCER1A,turquoise
FCGBP,turquoise
FCGR2A,turquoise
FCRL3,turquoise
FDXACB1,turquoise
FER1L6,turquoise
FETUB,turquoise
FGF14,turquoise
FGF18,turquoise
FGF3,turquoise
FGFBP3,turquoise
FGFR1OP,turquoise
FGFRL1,turquoise
FHDC1,turquoise
FHIT,turquoise
FILIP1,turquoise
FITM1,turquoise
FKBP11,turquoise
FKBP5,turquoise
FKTN,turquoise
FLCN,turquoise
FLJ22536,turquoise
FLJ32810,turquoise
FLJ39653,turquoise
FLJ40434,turquoise
FLJ42289,turquoise
FLJ44817,turquoise
FLJ45244,turquoise
FLOT1,turquoise
FLRT2,turquoise
FLT1,turquoise
FLYWCH1,turquoise
FMN1,turquoise
FMN2,turquoise
FMNL2,turquoise
FMO3,turquoise
FMO6P,turquoise
FN3KRP,turquoise
FNDC1,turquoise
FNDC3B,turquoise
FOLH1,turquoise
FOXK2,turquoise
FOXN3,turquoise
FOXO1,turquoise
FOXO3,turquoise
FOXP1,turquoise
FRAS1,turquoise
FREM2,turquoise
FRMD4A,turquoise
FRMD6,turquoise
FRS2,turquoise
FSD2,turquoise
FSIP1,turquoise
FSTL4,turquoise
FUT2,turquoise
FUT3,turquoise
FYCO1,turquoise
GABARAPL3,turquoise
GABBR1,turquoise
GABRA1,turquoise
GABRA2,turquoise
GABRA5,turquoise
GABRB1,turquoise
GABRB3,turquoise
GABRD,turquoise
GABRG3,turquoise
GABRP,turquoise
GABRR1,turquoise
GABRR2,turquoise
GADL1,turquoise
GAK,turquoise
GALNT10,turquoise
GALNT11,turquoise
GALNT7,turquoise
GALNTL5,turquoise
GALR1,turquoise
GAP43,turquoise
GAS2,turquoise
GAS7,turquoise
GAS8,turquoise
GATA2,turquoise
GATA4,turquoise
GBP2,turquoise
GCH1,turquoise
GCM1,turquoise
GCNT3,turquoise
GCOM1,turquoise
GFI1,turquoise
GFM1,turquoise
GFRA3,turquoise
GGPS1,turquoise
GHITM,turquoise
GHSR,turquoise
GIGYF2,turquoise
GIMAP8,turquoise
GIN1,turquoise
GJA1,turquoise
GJA4,turquoise
GJA8,turquoise
GJC1,turquoise
GLI2,turquoise
GLI3,turquoise
GLI4,turquoise
GLIS1,turquoise
GLIS3,turquoise
GLO1,turquoise
GLOD4,turquoise
GLRX2,turquoise
GLT1D1,turquoise
GLT8D1,turquoise
GLTSCR1,turquoise
GLYAT,turquoise
GMCL1,turquoise
GMDS,turquoise
GMEB1,turquoise
GMIP,turquoise
GMPPA,turquoise
GMPR2,turquoise
GNA12,turquoise
GNA13,turquoise
GNAS,turquoise
GNB1,turquoise
GNG7,turquoise
GNMT,turquoise
GNRH1,turquoise
GOLIM4,turquoise
GOLSYN,turquoise
GP1BA,turquoise
GP5,turquoise
GP6,turquoise
GPATCH2,turquoise
GPC5,turquoise
GPC6,turquoise
GPD2,turquoise
GPM6A,turquoise
GPNMB,turquoise
GPR116,turquoise
GPR123,turquoise
GPR125,turquoise
GPR133,turquoise
GPR157,turquoise
GPR160,turquoise
GPR20,turquoise
GPR63,turquoise
GPR87,turquoise
GPSM2,turquoise
GRAMD1B,turquoise
GRAMD2,turquoise
GRB10,turquoise
GREM1,turquoise
GREM2,turquoise
GRHL1,turquoise
GRHL3,turquoise
GRID2,turquoise
GRIK4,turquoise
GRIK5,turquoise
GRIN1,turquoise
GRIP1,turquoise
GRK4,turquoise
GRK5,turquoise
GRM1,turquoise
GRM3,turquoise
GRM5,turquoise
GRM7,turquoise
GRPEL1,turquoise
GRSF1,turquoise
GRTP1,turquoise
GSC2,turquoise
GSDMD,turquoise
GSG1,turquoise
GSTM5,turquoise
GSX2,turquoise
GTDC1,turquoise
GTF2A1L,turquoise
GTF3C3,turquoise
GTPBP10,turquoise
GTPBP4,turquoise
GTSF1,turquoise
GUCY1A3,turquoise
GUCY1B3,turquoise
GUCY2G,turquoise
GYPC,turquoise
HAO2,turquoise
HAPLN1,turquoise
HAPLN3,turquoise
HARBI1,turquoise
HAUS4,turquoise
HCG18,turquoise
HCG27,turquoise
HCG4P6,turquoise
HCN1,turquoise
HDAC4,turquoise
HDHD2,turquoise
HDLBP,turquoise
HEATR2,turquoise
HEATR7B2,turquoise
HECW1,turquoise
HEG1,turquoise
HERC2,turquoise
HERC3,turquoise
HERPUD2,turquoise
HGC6.3,turquoise
HHAT,turquoise
HHLA1,turquoise
HIBADH,turquoise
HIF1AN,turquoise
HIP1,turquoise
HIVEP1,turquoise
HIVEP2,turquoise
HK1,turquoise
HK2,turquoise
HLA-DMB,turquoise
HLA-DOB,turquoise
HLA-DPA1,turquoise
HLA-DPB2,turquoise
HLA-DQA1,turquoise
HLA-DQA2,turquoise
HLA-DQB2,turquoise
HLA-DRA,turquoise
HLA-F,turquoise
HMCN1,turquoise
HMGA2,turquoise
HMHA1,turquoise
HNRPDL,turquoise
HORMAD1,turquoise
HOXA11,turquoise
HOXA11AS,turquoise
HPCAL1,turquoise
HPS6,turquoise
HPSE2,turquoise
HRNBP3,turquoise
HRNR,turquoise
HS3ST3A1,turquoise
HS3ST3B1,turquoise
HS3ST4,turquoise
HS6ST1,turquoise
HSD11B1,turquoise
HSD17B12,turquoise
HSP90AB2P,turquoise
HSPA4L,turquoise
HSPB11,turquoise
HTR1F,turquoise
HTR3E,turquoise
HTT,turquoise
HUS1,turquoise
HYAL4,turquoise
HYLS1,turquoise
IFITM4P,turquoise
IFLTD1,turquoise
IGDCC4,turquoise
IGF1R,turquoise
IGF2BP1,turquoise
IGF2BP2,turquoise
IGF2R,turquoise
IGSF10,turquoise
IKBKAP,turquoise
IKZF3,turquoise
IL11RA,turquoise
IL1RN,turquoise
IL20,turquoise
IL20RB,turquoise
IL22RA2,turquoise
IL6,turquoise
IL9,turquoise
ILDR1,turquoise
IMMP2L,turquoise
IMPACT,turquoise
IMPG1,turquoise
INCENP,turquoise
ING2,turquoise
ING5,turquoise
INHBC,turquoise
INPP4B,turquoise
INPP5A,turquoise
INSC,turquoise
INTS9,turquoise
INVS,turquoise
IQCE,turquoise
IQGAP2,turquoise
IRAK2,turquoise
IRAK4,turquoise
IRF2,turquoise
IRF6,turquoise
IRS1,turquoise
ISM2,turquoise
ISOC2,turquoise
ITGA1,turquoise
ITGA2B,turquoise
ITIH4,turquoise
ITIH5,turquoise
ITPK1,turquoise
ITPR3,turquoise
ITPRIPL2,turquoise
JAKMIP1,turquoise
JAKMIP3,turquoise
JARID2,turquoise
JMJD1C,turquoise
JRK,turquoise
JUP,turquoise
KALRN,turquoise
KATNAL2,turquoise
KATNB1,turquoise
KCNAB1,turquoise
KCNB2,turquoise
KCNE1,turquoise
KCNH5,turquoise
KCNH8,turquoise
KCNIP4,turquoise
KCNJ16,turquoise
KCNMA1,turquoise
KCNMB2,turquoise
KCNMB3,turquoise
KCNN2,turquoise
KCNQ1,turquoise
KCNQ5,turquoise
KCNT1,turquoise
KCTD1,turquoise
KCTD16,turquoise
KCTD2,turquoise
KCTD4,turquoise
KDM4A,turquoise
KDM4DL,turquoise
KIAA0040,turquoise
KIAA0101,turquoise
KIAA0146,turquoise
KIAA0174,turquoise
KIAA0182,turquoise
KIAA0196,turquoise
KIAA0748,turquoise
KIAA0913,turquoise
KIAA1026,turquoise
KIAA1199,turquoise
KIAA1211,turquoise
KIAA1267,turquoise
KIAA1324L,turquoise
KIAA1409,turquoise
KIAA1432,turquoise
KIAA1462,turquoise
KIAA1539,turquoise
KIAA1543,turquoise
KIAA1549,turquoise
KIAA1751,turquoise
KIAA1958,turquoise
KIDINS220,turquoise
KIF20B,turquoise
KIF24,turquoise
KIF25,turquoise
KIF26B,turquoise
KIF5C,turquoise
KIF6,turquoise
KIFC2,turquoise
KITLG,turquoise
KLC1,turquoise
KLF12,turquoise
KLF7,turquoise
KLHDC4,turquoise
KLHDC7A,turquoise
KLHL28,turquoise
KLHL29,turquoise
KLHL31,turquoise
KLHL36,turquoise
KLHL5,turquoise
KLHL6,turquoise
KLKB1,turquoise
KLRA1,turquoise
KLRD1,turquoise
KNDC1,turquoise
KNTC1,turquoise
KPTN,turquoise
KRAS,turquoise
KRBA1,turquoise
KRIT1,turquoise
KRT1,turquoise
KRT26,turquoise
KRT28,turquoise
KRT33A,turquoise
KRT38,turquoise
KRT39,turquoise
KRT40,turquoise
KRT5,turquoise
KRT6C,turquoise
KRT8,turquoise
KRTAP2-4,turquoise
KRTAP3-1,turquoise
KRTAP4-5,turquoise
KSR1,turquoise
KSR2,turquoise
KTN1,turquoise
L3MBTL4,turquoise
LACTB,turquoise
LAMA1,turquoise
LAMA2,turquoise
LAMA3,turquoise
LAMA4,turquoise
LAMB1,turquoise
LAMB2,turquoise
LAMB2L,turquoise
LAMC1,turquoise
LAMP1,turquoise
LARP1,turquoise
LARS2,turquoise
LASS6,turquoise
LATS2,turquoise
LAX1,turquoise
LAYN,turquoise
LCE6A,turquoise
LCLAT1,turquoise
LCOR,turquoise
LCP1,turquoise
LCT,turquoise
LDB2,turquoise
LDHAL6A,turquoise
LDLRAD3,turquoise
LECT1,turquoise
LEFTY1,turquoise
LGALS3,turquoise
LGSN,turquoise
LHFPL4,turquoise
LHPP,turquoise
LHX6,turquoise
LHX8,turquoise
LIG1,turquoise
LIMA1,turquoise
LMO4,turquoise
LMOD1,turquoise
LMTK2,turquoise
LMX1A,turquoise
LNX1,turquoise
LOC100128023,turquoise
LOC100128239,turquoise
LOC100128554,turquoise
LOC100128811,turquoise
LOC100129534,turquoise
LOC100129550,turquoise
LOC100130274,turquoise
LOC100130581,turquoise
LOC100130987,turquoise
LOC100134229,turquoise
LOC100188947,turquoise
LOC100190939,turquoise
LOC100192426,turquoise
LOC100271832,turquoise
LOC100286844,turquoise
LOC100286948,turquoise
LOC100289673,turquoise
LOC100292680,turquoise
LOC100302640,turquoise
LOC100329109,turquoise
LOC121838,turquoise
LOC126536,turquoise
LOC134466,turquoise
LOC149620,turquoise
LOC151658,turquoise
LOC254312,turquoise
LOC283761,turquoise
LOC285033,turquoise
LOC285205,turquoise
LOC285359,turquoise
LOC285501,turquoise
LOC285796,turquoise
LOC285830,turquoise
LOC339524,turquoise
LOC339535,turquoise
LOC339788,turquoise
LOC360030,turquoise
LOC375190,turquoise
LOC387647,turquoise
LOC388387,turquoise
LOC388946,turquoise
LOC388965,turquoise
LOC390858,turquoise
LOC399959,turquoise
LOC400794,turquoise
LOC401387,turquoise
LOC401463,turquoise
LOC402644,turquoise
LOC641367,turquoise
LOC641518,turquoise
LOC641746,turquoise
LOC648740,turquoise
LOC653653,turquoise
LOC727677,turquoise
LOC728024,turquoise
LOC729020,turquoise
LOC729338,turquoise
LOC729799,turquoise
LOC731789,turquoise
LOC84856,turquoise
LOC93432,turquoise
LOH12CR1,turquoise
LPAR3,turquoise
LPCAT1,turquoise
LPHN2,turquoise
LPL,turquoise
LPPR5,turquoise
LRCH1,turquoise
LRIG2,turquoise
LRIG3,turquoise
LRP11,turquoise
LRP1B,turquoise
LRPAP1,turquoise
LRRC1,turquoise
LRRC10,turquoise
LRRC2,turquoise
LRRC27,turquoise
LRRC43,turquoise
LRRC48,turquoise
LRRC69,turquoise
LRRC7,turquoise
LRRC8B,turquoise
LRRFIP1,turquoise
LRRK1,turquoise
LRRN1,turquoise
LTB,turquoise
LTB4R2,turquoise
LTBP1,turquoise
LUZP2,turquoise
LVRN,turquoise
LY6G5C,turquoise
LY86,turquoise
LYG1,turquoise
LYPD1,turquoise
LYPD5,turquoise
LYPLAL1,turquoise
LYSMD2,turquoise
LYVE1,turquoise
MACC1,turquoise
MACF1,turquoise
MAD1L1,turquoise
MAEA,turquoise
MAEL,turquoise
MAGI1,turquoise
MAGI2,turquoise
MAK,turquoise
MAN1C1,turquoise
MANBA,turquoise
MAP3K8,turquoise
MAP3K9,turquoise
MAP7,turquoise
MAPK10,turquoise
MAPK9,turquoise
MAPKSP1,turquoise
MAPRE2,turquoise
MAPRE3,turquoise
MAPT,turquoise
MARCH1,turquoise
MARCH3,turquoise
MARCH4,turquoise
MARCH8,turquoise
MARK2,turquoise
MARVELD2,turquoise
MAS1L,turquoise
MAST3,turquoise
MAT2B,turquoise
MATN2,turquoise
MBLAC1,turquoise
MBOAT4,turquoise
MBP,turquoise
MCART2,turquoise
MCART3P,turquoise
MCC,turquoise
MCF2L,turquoise
MCOLN2,turquoise
MCPH1,turquoise
MDC1,turquoise
MDK,turquoise
MDN1,turquoise
ME3,turquoise
MED18,turquoise
MED21,turquoise
MED27,turquoise
MEGF11,turquoise
MEOX1,turquoise
MEST,turquoise
METRNL,turquoise
METT10D,turquoise
MFAP3L,turquoise
MFHAS1,turquoise
MFSD4,turquoise
MFSD5,turquoise
MGA,turquoise
MGAT5B,turquoise
MGC15885,turquoise
MGC16384,turquoise
MGC45800,turquoise
MGC70857,turquoise
MICB,turquoise
MIER3,turquoise
MIR1258,turquoise
MIR1307,turquoise
MIR138-2,turquoise
MIR181B1,turquoise
MIR190,turquoise
MIR218-1,turquoise
MIR29C,turquoise
MIR372,turquoise
MIR516B2,turquoise
MIR519B,turquoise
MIR548H3,turquoise
MIR549,turquoise
MIR592,turquoise
MKI67,turquoise
MKX,turquoise
MLLT6,turquoise
MMAA,turquoise
MMD,turquoise
MMP1,turquoise
MMP13,turquoise
MMP16,turquoise
MMP21,turquoise
MNT,turquoise
MOBKL2B,turquoise
MOBKL2C,turquoise
MOBP,turquoise
MOCS1,turquoise
MOG,turquoise
MORN1,turquoise
MORN2,turquoise
MPHOSPH9,turquoise
MPP2,turquoise
MPPE1,turquoise
MPPED2,turquoise
MR1,turquoise
MRE11A,turquoise
MREG,turquoise
MRO,turquoise
MRPL32,turquoise
MRPL42,turquoise
MRPL47,turquoise
MRPS15,turquoise
MRPS28,turquoise
MRS2,turquoise
MRVI1,turquoise
MS4A13,turquoise
MS4A14,turquoise
MSH3,turquoise
MSMB,turquoise
MSRA,turquoise
MST1R,turquoise
MSTO2P,turquoise
MSX1,turquoise
MT4,turquoise
MTAP,turquoise
MTFMT,turquoise
MTFR1,turquoise
MTHFD1L,turquoise
MTHFSD,turquoise
MTMR12,turquoise
MTMR14,turquoise
MTMR15,turquoise
MTMR6,turquoise
MTNR1A,turquoise
MTSS1,turquoise
MTUS1,turquoise
MUC21,turquoise
MUC4,turquoise
MUDENG,turquoise
MUL1,turquoise
MX1,turquoise
MXD1,turquoise
MYCBP2,turquoise
MYH10,turquoise
MYLK,turquoise
MYLK4,turquoise
MYNN,turquoise
MYO10,turquoise
MYO16,turquoise
MYO1E,turquoise
MYO3A,turquoise
MYO3B,turquoise
MYOF,turquoise
MYOM2,turquoise
MYOZ2,turquoise
MYSM1,turquoise
MYT1L,turquoise
N4BP2,turquoise
N6AMT2,turquoise
NAA16,turquoise
NAAA,turquoise
NAB1,turquoise
NACA2,turquoise
NAGLU,turquoise
NALCN,turquoise
NAP1L4,turquoise
NARG2,turquoise
NARS2,turquoise
NAT1,turquoise
NAT2,turquoise
NAV1,turquoise
NBAS,turquoise
NBEA,turquoise
NCALD,turquoise
NCAPD3,turquoise
NCEH1,turquoise
NCF2,turquoise
NCK1,turquoise
NCK2,turquoise
NCOR2,turquoise
NCRNA00099,turquoise
NCRNA00167,turquoise
NCRNA00171,turquoise
NDRG4,turquoise
NDST2,turquoise
NDUFA10,turquoise
NDUFA4L2,turquoise
NDUFAF2,turquoise
NDUFS5,turquoise
NDUFS6,turquoise
NDUFV2,turquoise
NEB,turquoise
NECAB2,turquoise
NECAP2,turquoise
NEDD4L,turquoise
NEDD9,turquoise
NEGR1,turquoise
NEIL3,turquoise
NEK10,turquoise
NEK6,turquoise
NELF,turquoise
NELL1,turquoise
NEU2,turquoise
NEURL3,turquoise
NEXN,turquoise
NF1,turquoise
NFAT5,turquoise
NFE2L2,turquoise
NFIB,turquoise
NFKBIZ,turquoise
NFRKB,turquoise
NFYC,turquoise
NHEDC1,turquoise
NID1,turquoise
NINJ1,turquoise
NIPAL3,turquoise
NKAIN3,turquoise
NKAPL,turquoise
NKD1,turquoise
NKX2-8,turquoise
NKX6-2,turquoise
NLE1,turquoise
NLGN1,turquoise
NLGN2,turquoise
NLRP3,turquoise
NLRP6,turquoise
NMB,turquoise
NMBR,turquoise
NMNAT3,turquoise
NMUR1,turquoise
NOB1,turquoise
NOD2,turquoise
NOM1,turquoise
NOTCH3,turquoise
NOTCH4,turquoise
NPAS3,turquoise
NPFFR2,turquoise
NPHP4,turquoise
NPLOC4,turquoise
NPNT,turquoise
NPSR1,turquoise
NR1D2,turquoise
NR2C2,turquoise
NR3C1,turquoise
NR3C2,turquoise
NR4A2,turquoise
NR5A2,turquoise
NR6A1,turquoise
NRF1,turquoise
NRG1,turquoise
NRP1,turquoise
NRXN1,turquoise
NRXN2,turquoise
NRXN3,turquoise
NSUN2,turquoise
NT5C1B,turquoise
NT5C2,turquoise
NT5C3,turquoise
NT5C3L,turquoise
NT5DC1,turquoise
NTF3,turquoise
NTM,turquoise
NTN1,turquoise
NTNG1,turquoise
NUDCD1,turquoise
NUDCD3,turquoise
NUDT12,turquoise
NUDT5,turquoise
NUP160,turquoise
NUP188,turquoise
NUP214,turquoise
NUP98,turquoise
NXN,turquoise
OAS3,turquoise
OBFC2B,turquoise
OC90,turquoise
OCA2,turquoise
ODF2L,turquoise
ODZ2,turquoise
ODZ3,turquoise
OLIG1,turquoise
ONECUT2,turquoise
OPRK1,turquoise
OPTN,turquoise
OR10Q1,turquoise
OR14J1,turquoise
OR1L3,turquoise
OR2B11,turquoise
OR2M4,turquoise
OR2T1,turquoise
OR2W1,turquoise
OR2W3,turquoise
OR4D2,turquoise
OR51F1,turquoise
OR51G1,turquoise
OR51I1,turquoise
OR51I2,turquoise
OR52B4,turquoise
OR52I1,turquoise
OR6A2,turquoise
OR6S1,turquoise
OR6X1,turquoise
OR8B12,turquoise
OR8B4,turquoise
OR9A2,turquoise
OSBPL10,turquoise
OSBPL1A,turquoise
OSBPL5,turquoise
OSBPL6,turquoise
OSBPL8,turquoise
OSBPL9,turquoise
OSGIN2,turquoise
OTUD7B,turquoise
OVCH2,turquoise
OXCT1,turquoise
PACRG,turquoise
PAF1,turquoise
PAG1,turquoise
PAK1,turquoise
PALLD,turquoise
PAMR1,turquoise
PAN3,turquoise
PANK1,turquoise
PANX1,turquoise
PAPOLB,turquoise
PAPSS1,turquoise
PAPSS2,turquoise
PAQR5,turquoise
PARD3,turquoise
PARK2,turquoise
PARN,turquoise
PARP1,turquoise
PARP15,turquoise
PARVA,turquoise
PASK,turquoise
PATL1,turquoise
PAX5,turquoise
PBX1,turquoise
PCBD1,turquoise
PCCA,turquoise
PCDH17,turquoise
PCDHA2,turquoise
PCDHB14,turquoise
PCDHB4,turquoise
PCDHB9,turquoise
PCDHGA4,turquoise
PCGF2,turquoise
PCGF3,turquoise
PCLO,turquoise
PCNXL2,turquoise
PCOLCE2,turquoise
PCP4L1,turquoise
PCSK5,turquoise
PCSK9,turquoise
PCTP,turquoise
PCYT2,turquoise
PDCD2,turquoise
PDE10A,turquoise
PDE11A,turquoise
PDE3B,turquoise
PDE4B,turquoise
PDE4D,turquoise
PDE6B,turquoise
PDE7A,turquoise
PDGFA,turquoise
PDIA4,turquoise
PDK2,turquoise
PDK4,turquoise
PDLIM3,turquoise
PDP2,turquoise
PDZD2,turquoise
PDZRN3,turquoise
PEMT,turquoise
PEX11A,turquoise
PEX3,turquoise
PFDN5,turquoise
PFDN6,turquoise
PFKP,turquoise
PFN4,turquoise
PGAP2,turquoise
PGGT1B,turquoise
PGR,turquoise
PGRMC2,turquoise
PGS1,turquoise
PHC3,turquoise
PHF17,turquoise
PHF20L1,turquoise
PHF21A,turquoise
PHLDB2,turquoise
PHOSPHO1,turquoise
PIF1,turquoise
PIGH,turquoise
PIGQ,turquoise
PIGW,turquoise
PIGY,turquoise
PIK3CB,turquoise
PIK3CD,turquoise
PIK3R6,turquoise
PIP5K1C,turquoise
PIPOX,turquoise
PITPNC1,turquoise
PITRM1,turquoise
PITX2,turquoise
PIWIL1,turquoise
PIWIL2,turquoise
PKP4,turquoise
PLA2G4A,turquoise
PLA2G5,turquoise
PLAC8L1,turquoise
PLAGL1,turquoise
PLCD3,turquoise
PLCE1,turquoise
PLCG2,turquoise
PLCH1,turquoise
PLD1,turquoise
PLDN,turquoise
PLEC1,turquoise
PLEK,turquoise
PLEK2,turquoise
PLEKHA7,turquoise
PLEKHF1,turquoise
PLEKHG4B,turquoise
PLEKHG5,turquoise
PLEKHH2,turquoise
PLEKHM3,turquoise
PLIN5,turquoise
PLS1,turquoise
PLSCR1,turquoise
PLXDC1,turquoise
PLXDC2,turquoise
PLXNA4,turquoise
PM20D1,turquoise
PMM2,turquoise
PNKD,turquoise
PNLIPRP2,turquoise
PNPLA2,turquoise
PNPLA6,turquoise
PNPLA8,turquoise
POGZ,turquoise
POLA2,turquoise
POLD3,turquoise
POLE2,turquoise
POLR2D,turquoise
POLS,turquoise
PON3,turquoise
PPAPDC1A,turquoise
PPARG,turquoise
PPFIA1,turquoise
PPIG,turquoise
PPIH,turquoise
PPIL5,turquoise
PPM1G,turquoise
PPP1R12B,turquoise
PPP1R14C,turquoise
PPP1R3B,turquoise
PPP1R9A,turquoise
PPP2R2B,turquoise
PPP2R2D,turquoise
PPP2R5E,turquoise
PPYR1,turquoise
PRAGMIN,turquoise
PRDM10,turquoise
PRDM16,turquoise
PRDM2,turquoise
PRDM6,turquoise
PRDX1,turquoise
PREP,turquoise
PRICKLE1,turquoise
PRKCB,turquoise
PRKCE,turquoise
PRKCG,turquoise
PRKCQ,turquoise
PRKCZ,turquoise
PRMT6,turquoise
PROZ,turquoise
PRPF31,turquoise
PRPF38A,turquoise
PRPSAP1,turquoise
PRR18,turquoise
PRR23A,turquoise
PRR23C,turquoise
PRR25,turquoise
PRRG4,turquoise
PRSS35,turquoise
PRSS50,turquoise
PRTFDC1,turquoise
PRTG,turquoise
PSD3,turquoise
PSMA8,turquoise
PSMB9,turquoise
PSMD13,turquoise
PSMD5,turquoise
PSMD9,turquoise
PSME3,turquoise
PSMG2,turquoise
PSPH,turquoise
PSTPIP1,turquoise
PSTPIP2,turquoise
PTDSS2,turquoise
PTGDR,turquoise
PTGIR,turquoise
PTPN13,turquoise
PTPN14,turquoise
PTPN21,turquoise
PTPN22,turquoise
PTPN3,turquoise
PTPN4,turquoise
PTPN5,turquoise
PTPRC,turquoise
PTPRD,turquoise
PTPRE,turquoise
PTPRG,turquoise
PTPRN2,turquoise
PTPRO,turquoise
PTPRR,turquoise
PTS,turquoise
PUM1,turquoise
PUS3,turquoise
PVT1,turquoise
PXDNL,turquoise
PXN,turquoise
PYY,turquoise
QPCT,turquoise
R3HDM2,turquoise
RAB11FIP4,turquoise
RAB12,turquoise
RAB1A,turquoise
RAB20,turquoise
RAB32,turquoise
RAB34,turquoise
RAB38,turquoise
RAB3GAP2,turquoise
RAB7A,turquoise
RABEP2,turquoise
RABGAP1,turquoise
RABGAP1L,turquoise
RABIF,turquoise
RAD51AP2,turquoise
RADIL,turquoise
RAET1L,turquoise
RAG1AP1,turquoise
RALA,turquoise
RALGPS1,turquoise
RARB,turquoise
RASA2,turquoise
RASA3,turquoise
RASGEF1C,turquoise
RASGRF1,turquoise
RASGRP3,turquoise
RASSF8,turquoise
RBM19,turquoise
RBM33,turquoise
RBM43,turquoise
RBM47,turquoise
RBM6,turquoise
RBMS1,turquoise
RBMS3,turquoise
RBPJ,turquoise
RBPMS,turquoise
RC3H1,turquoise
RCAN2,turquoise
RECK,turquoise
RECQL5,turquoise
REG1A,turquoise
REG1P,turquoise
RELL1,turquoise
REPS1,turquoise
RERE,turquoise
RFC1,turquoise
RFC3,turquoise
RFESD,turquoise
RFPL2,turquoise
RFPL4B,turquoise
RFWD3,turquoise
RFX4,turquoise
RFXAP,turquoise
RG9MTD3,turquoise
RGMA,turquoise
RGS12,turquoise
RGS14,turquoise
RGS22,turquoise
RGS6,turquoise
RGS9,turquoise
RHCG,turquoise
RHOA,turquoise
RHOBTB3,turquoise
RHPN1,turquoise
RIC8B,turquoise
RICH2,turquoise
RILPL1,turquoise
RIMBP2,turquoise
RIMS1,turquoise
RING1,turquoise
RINT1,turquoise
RLBP1,turquoise
RNASE10,turquoise
RNASE12,turquoise
RNASE7,turquoise
RNASEH1,turquoise
RNASEK,turquoise
RNASEN,turquoise
RND2,turquoise
RND3,turquoise
RNF103,turquoise
RNF111,turquoise
RNF115,turquoise
RNF121,turquoise
RNF130,turquoise
RNF139,turquoise
RNF150,turquoise
RNF152,turquoise
RNF17,turquoise
RNF182,turquoise
RNF187,turquoise
RNF2,turquoise
RNF213,turquoise
RNF219,turquoise
RNF32,turquoise
RNF39,turquoise
RNF5P1,turquoise
RNH1,turquoise
RNLS,turquoise
RNY5,turquoise
RORA,turquoise
RORB,turquoise
RP9,turquoise
RPA1,turquoise
RPAP3,turquoise
RPL13AP3,turquoise
RPL17,turquoise
RPL5,turquoise
RPS20,turquoise
RPS23,turquoise
RPS6KA2,turquoise
RPS7,turquoise
RPSAP9,turquoise
RPTOR,turquoise
RPUSD2,turquoise
RRAGD,turquoise
RREB1,turquoise
RTKN2,turquoise
RTN4IP1,turquoise
RUFY1,turquoise
RUNDC3B,turquoise
RUNX1T1,turquoise
RUNX2,turquoise
RUSC2,turquoise
RXFP1,turquoise
RYR3,turquoise
SACS,turquoise
SALL3,turquoise
SAMD12,turquoise
SAP18,turquoise
SAP30L,turquoise
SATB2,turquoise
SBF2,turquoise
SBK1,turquoise
SC5DL,turquoise
SCAMP4,turquoise
SCAND3,turquoise
SCAPER,turquoise
SCARB1,turquoise
SCFD2,turquoise
SCIN,turquoise
SCMH1,turquoise
SCN3A,turquoise
SCN8A,turquoise
SCRN1,turquoise
SCT,turquoise
SDC2,turquoise
SDCCAG8,turquoise
SDHAP3,turquoise
SDK1,turquoise
SDK2,turquoise
SEC1,turquoise
SEC11A,turquoise
SEC16A,turquoise
SEC24D,turquoise
SEC31A,turquoise
SEC61A2,turquoise
SEH1L,turquoise
SELE,turquoise
SELL,turquoise
SELT,turquoise
SEMA4B,turquoise
SEMA4D,turquoise
SEMA5A,turquoise
SEMA5B,turquoise
SENP7,turquoise
SENP8,turquoise
SERGEF,turquoise
SERPINB10,turquoise
SERPINB5,turquoise
SERPINC1,turquoise
SERPINF1,turquoise
SERTAD4,turquoise
SETBP1,turquoise
SETD1B,turquoise
SETD2,turquoise
SETD8,turquoise
SF3B2,turquoise
SFMBT1,turquoise
SFRS2IP,turquoise
SFRS5,turquoise
SGIP1,turquoise
SGMS1,turquoise
SGMS2,turquoise
SGOL2,turquoise
SH2D4A,turquoise
SH2D4B,turquoise
SH3BP4,turquoise
SH3D19,turquoise
SH3GLB2,turquoise
SH3PXD2B,turquoise
SH3RF3,turquoise
SHANK2,turquoise
SHB,turquoise
SHROOM3,turquoise
SIAE,turquoise
SIK2,turquoise
SIL1,turquoise
SIPA1L1,turquoise
SIPA1L2,turquoise
SIRT1,turquoise
SIVA1,turquoise
SKINTL,turquoise
SKIV2L,turquoise
SLAMF8,turquoise
SLC10A6,turquoise
SLC11A2,turquoise
SLC15A4,turquoise
SLC16A11,turquoise
SLC16A14,turquoise
SLC16A4,turquoise
SLC16A9,turquoise
SLC17A1,turquoise
SLC22A23,turquoise
SLC22A24,turquoise
SLC22A25,turquoise
SLC22A6,turquoise
SLC24A4,turquoise
SLC25A15,turquoise
SLC25A21,turquoise
SLC25A24,turquoise
SLC25A26,turquoise
SLC25A3,turquoise
SLC25A33,turquoise
SLC25A4,turquoise
SLC25A41,turquoise
SLC26A11,turquoise
SLC26A2,turquoise
SLC27A1,turquoise
SLC2A9,turquoise
SLC30A7,turquoise
SLC30A8,turquoise
SLC35B4,turquoise
SLC35D3,turquoise
SLC35F3,turquoise
SLC36A1,turquoise
SLC36A4,turquoise
SLC38A3,turquoise
SLC38A9,turquoise
SLC39A14,turquoise
SLC39A7,turquoise
SLC44A3,turquoise
SLC45A1,turquoise
SLC4A4,turquoise
SLC5A8,turquoise
SLC6A2,turquoise
SLC6A3,turquoise
SLC6A4,turquoise
SLC6A5,turquoise
SLC7A1,turquoise
SLC7A13,turquoise
SLC8A3,turquoise
SLC9A3,turquoise
SLCO3A1,turquoise
SLCO6A1,turquoise
SLFN12L,turquoise
SLIT1,turquoise
SLITRK5,turquoise
SLN,turquoise
SLURP1,turquoise
SMAD3,turquoise
SMAD5,turquoise
SMAD6,turquoise
SMARCA4,turquoise
SMARCA5,turquoise
SMCP,turquoise
SMG6,turquoise
SMOC2,turquoise
SMURF1,turquoise
SMYD1,turquoise
SMYD3,turquoise
SNCG,turquoise
SND1,turquoise
SNORA17,turquoise
SNORA2B,turquoise
SNORA42,turquoise
SNORA6,turquoise
SNORD109B,turquoise
SNORD54,turquoise
SNORD87,turquoise
SNRNP27,turquoise
SNRPE,turquoise
SNRPN,turquoise
SNTG1,turquoise
SNTG2,turquoise
SNX17,turquoise
SNX19,turquoise
SNX29,turquoise
SNX8,turquoise
SOBP,turquoise
SOCS1,turquoise
SOHLH2,turquoise
SOLH,turquoise
SORBS1,turquoise
SORCS1,turquoise
SORCS2,turquoise
SORL1,turquoise
SOS1,turquoise
SOX11,turquoise
SOX2OT,turquoise
SOX30,turquoise
SOX8,turquoise
SPAG17,turquoise
SPARCL1,turquoise
SPATA16,turquoise
SPATA17,turquoise
SPATA22,turquoise
SPATA5,turquoise
SPATA9,turquoise
SPATC1,turquoise
SPATS2L,turquoise
SPC25,turquoise
SPCS3,turquoise
SPG7,turquoise
SPHK1,turquoise
SPINK5,turquoise
SPINT2,turquoise
SPRED2,turquoise
SPRR2C,turquoise
SPRR3,turquoise
SPRY1,turquoise
SPSB4,turquoise
SPTB,turquoise
SR140,turquoise
SRBD1,turquoise
SRD5A3,turquoise
SRGAP1,turquoise
SRGAP2,turquoise
SRGAP3,turquoise
SRI,turquoise
SRP14,turquoise
SRPK2,turquoise
SRRM2,turquoise
SRRM4,turquoise
SSH1,turquoise
SSH2,turquoise
SST,turquoise
SSU72,turquoise
ST20,turquoise
ST3GAL2,turquoise
ST3GAL4,turquoise
ST3GAL5,turquoise
ST7,turquoise
ST8SIA6,turquoise
STAC,turquoise
STAG1,turquoise
STAG3,turquoise
STAMBP,turquoise
STAR,turquoise
STARD6,turquoise
STEAP1,turquoise
STIP1,turquoise
STK24,turquoise
STK31,turquoise
STK32A,turquoise
STK32B,turquoise
STK36,turquoise
STK39,turquoise
STOX2,turquoise
STRAP,turquoise
STX2,turquoise
STXBP5L,turquoise
STXBP6,turquoise
SUB1,turquoise
SULT2B1,turquoise
SULT6B1,turquoise
SUPT16H,turquoise
SUPV3L1,turquoise
SUV420H1,turquoise
SV2B,turquoise
SVEP1,turquoise
SVIL,turquoise
SVOPL,turquoise
SYCE1,turquoise
SYCP3,turquoise
SYNE1,turquoise
SYNE2,turquoise
SYT1,turquoise
SYT14L,turquoise
TADA2B,turquoise
TAF7,turquoise
TAP2,turquoise
TARSL2,turquoise
TAS2R14,turquoise
TAS2R20,turquoise
TAS2R3,turquoise
TAS2R4,turquoise
TAS2R5,turquoise
TBC1D14,turquoise
TBC1D16,turquoise
TBC1D4,turquoise
TBC1D7,turquoise
TBC1D8,turquoise
TBC1D9,turquoise
TBCD,turquoise
TBL1XR1,turquoise
TBPL2,turquoise
TBX15,turquoise
TBX18,turquoise
TBX3,turquoise
TBXAS1,turquoise
TCAM1,turquoise
TCEA3,turquoise
TCEB3B,turquoise
TCERG1L,turquoise
TCF12,turquoise
TCF7L2,turquoise
TCHH,turquoise
TDH,turquoise
TDRD12,turquoise
TEAD1,turquoise
TECTA,turquoise
TEKT3,turquoise
TELO2,turquoise
TEPP,turquoise
TERT,turquoise
TES,turquoise
TET2,turquoise
TET3,turquoise
TFAMP1,turquoise
TFDP1,turquoise
TG,turquoise
TGM4,turquoise
THADA,turquoise
THG1L,turquoise
THSD4,turquoise
THSD7B,turquoise
THUMPD3,turquoise
TIAM2,turquoise
TIMP2,turquoise
TIPIN,turquoise
TJP3,turquoise
TKTL2,turquoise
TLN2,turquoise
TLR2,turquoise
TLR5,turquoise
TM4SF1,turquoise
TMC1,turquoise
TMCO3,turquoise
TMCO5A,turquoise
TMED8,turquoise
TMEM108,turquoise
TMEM131,turquoise
TMEM132B,turquoise
TMEM132D,turquoise
TMEM132E,turquoise
TMEM135,turquoise
TMEM163,turquoise
TMEM181,turquoise
TMEM184A,turquoise
TMEM192,turquoise
TMEM194A,turquoise
TMEM218,turquoise
TMEM222,turquoise
TMEM229A,turquoise
TMEM232,turquoise
TMEM26,turquoise
TMEM45A,turquoise
TMEM45B,turquoise
TMEM55A,turquoise
TMEM60,turquoise
TMIGD2,turquoise
TMPRSS11B,turquoise
TMTC1,turquoise
TMTC4,turquoise
TNFAIP8L3,turquoise
TNFRSF11B,turquoise
TNFRSF19,turquoise
TNFRSF1B,turquoise
TNFRSF21,turquoise
TNIK,turquoise
TNK2,turquoise
TNNI1,turquoise
TNRC18,turquoise
TNRC6C,turquoise
TNS3,turquoise
TNXB,turquoise
TOLLIP,turquoise
TOMM7,turquoise
TOP1MT,turquoise
TOX,turquoise
TP53BP1,turquoise
TP53I3,turquoise
TPD52L3,turquoise
TPH1,turquoise
TPH2,turquoise
TPM1,turquoise
TPO,turquoise
TPPP2,turquoise
TPRXL,turquoise
TPST1,turquoise
TPST2,turquoise
TRA2A,turquoise
TRA2B,turquoise
TRAF2,turquoise
TRAF3,turquoise
TRAF3IP1,turquoise
TRAF5,turquoise
TRAK1,turquoise
TRAPPC9,turquoise
TRDMT1,turquoise
TREML4,turquoise
TRHDE,turquoise
TRIM10,turquoise
TRIM13,turquoise
TRIM15,turquoise
TRIM2,turquoise
TRIM26,turquoise
TRIM27,turquoise
TRIM29,turquoise
TRIM31,turquoise
TRIM36,turquoise
TRIM39,turquoise
TRIM4,turquoise
TRIM40,turquoise
TRIM42,turquoise
TRIM6-TRIM34,turquoise
TRIM75,turquoise
TRIO,turquoise
TRIP13,turquoise
TRIT1,turquoise
TRPC3,turquoise
TRPM1,turquoise
TRPM3,turquoise
TRPM8,turquoise
TRPS1,turquoise
TRPV1,turquoise
TRRAP,turquoise
TSC2,turquoise
TSC22D4,turquoise
TSGA13,turquoise
TSHR,turquoise
TSLP,turquoise
TSNARE1,turquoise
TSPAN3,turquoise
TSPAN4,turquoise
TSPAN5,turquoise
TSSC1,turquoise
TTC15,turquoise
TTC21B,turquoise
TTC23L,turquoise
TTC24,turquoise
TTC36,turquoise
TTC39A,turquoise
TTC39B,turquoise
TTPA,turquoise
TUBA3C,turquoise
TUBG2,turquoise
TUBGCP2,turquoise
TULP1,turquoise
TULP4,turquoise
TWIST1,turquoise
TWIST2,turquoise
TXNDC12,turquoise
TXNDC15,turquoise
TXNDC16,turquoise
TXNDC2,turquoise
TXNDC5,turquoise
TXNRD1,turquoise
TXNRD3IT1,turquoise
TYMS,turquoise
TYRO3,turquoise
UACA,turquoise
UBA5,turquoise
UBAP2L,turquoise
UBE2J1,turquoise
UBE2QP1,turquoise
UBE3C,turquoise
UBN2,turquoise
UBP1,turquoise
UBTD2,turquoise
UBXN2B,turquoise
UBXN7,turquoise
UCHL3,turquoise
UCKL1,turquoise
UCN3,turquoise
UGT1A10,turquoise
UGT1A9,turquoise
UGT8,turquoise
ULK2,turquoise
UNC84A,turquoise
UPK1B,turquoise
UPK3A,turquoise
UQCRFS1,turquoise
USF1,turquoise
USH1C,turquoise
USH1G,turquoise
USH2A,turquoise
USP12,turquoise
USP2,turquoise
USP28,turquoise
USP3,turquoise
USP31,turquoise
USP36,turquoise
USP42,turquoise
USP44,turquoise
USP45,turquoise
USP49,turquoise
USP5,turquoise
USP6NL,turquoise
USP8,turquoise
UST,turquoise
UTP15,turquoise
UTRN,turquoise
UXS1,turquoise
VAC14,turquoise
VAMP1,turquoise
VAMP3,turquoise
VANGL2,turquoise
VAPA,turquoise
VASH1,turquoise
VAV2,turquoise
VCL,turquoise
VCP,turquoise
VDAC1,turquoise
VGLL3,turquoise
VGLL4,turquoise
VHL,turquoise
VIPR2,turquoise
VNN3,turquoise
VPS37B,turquoise
VPS53,turquoise
VSIG10,turquoise
VSNL1,turquoise
VSTM2A,turquoise
VTI1A,turquoise
VWA2,turquoise
VWA3B,turquoise
VWA5A,turquoise
VWA5B1,turquoise
VWF,turquoise
WBP2,turquoise
WBP4,turquoise
WBSCR16,turquoise
WBSCR17,turquoise
WDFY4,turquoise
WDR1,turquoise
WDR20,turquoise
WDR25,turquoise
WDR27,turquoise
WDR33,turquoise
WDR37,turquoise
WDR45L,turquoise
WDR49,turquoise
WDR52,turquoise
WDR60,turquoise
WDR65,turquoise
WDR66,turquoise
WDR7,turquoise
WDR72,turquoise
WDR77,turquoise
WDR8,turquoise
WDR82,turquoise
WDR86,turquoise
WDR89,turquoise
WEE1,turquoise
WHSC1,turquoise
WHSC2,turquoise
WIPF1,turquoise
WIPI1,turquoise
WIPI2,turquoise
WNT10B,turquoise
WNT16,turquoise
WRB,turquoise
WWC2,turquoise
WWOX,turquoise
XCR1,turquoise
XDH,turquoise
XKR4,turquoise
XKR5,turquoise
XKR6,turquoise
XKR8,turquoise
XPO5,turquoise
XRCC4,turquoise
YAP1,turquoise
YEATS2,turquoise
YIPF4,turquoise
ZADH2,turquoise
ZBED3,turquoise
ZBTB16,turquoise
ZBTB20,turquoise
ZBTB22,turquoise
ZBTB34,turquoise
ZBTB38,turquoise
ZBTB4,turquoise
ZBTB40,turquoise
ZBTB6,turquoise
ZBTB7C,turquoise
ZBTB9,turquoise
ZC3H11A,turquoise
ZC3HC1,turquoise
ZCCHC14,turquoise
ZDHHC14,turquoise
ZDHHC19,turquoise
ZDHHC5,turquoise
ZEB2,turquoise
ZFAND2A,turquoise
ZFAND3,turquoise
ZFAND6,turquoise
ZFAT,turquoise
ZFHX3,turquoise
ZFHX4,turquoise
ZFP161,turquoise
ZFP36L2,turquoise
ZFPM1,turquoise
ZFR2,turquoise
ZFYVE28,turquoise
ZHX2,turquoise
ZIC5,turquoise
ZIM3,turquoise
ZKSCAN4,turquoise
ZMYND12,turquoise
ZNF114,turquoise
ZNF20,turquoise
ZNF211,turquoise
ZNF227,turquoise
ZNF236,turquoise
ZNF251,turquoise
ZNF259,turquoise
ZNF281,turquoise
ZNF286A,turquoise
ZNF286B,turquoise
ZNF287,turquoise
ZNF292,turquoise
ZNF300,turquoise
ZNF311,turquoise
ZNF318,turquoise
ZNF323,turquoise
ZNF326,turquoise
ZNF350,turquoise
ZNF354C,turquoise
ZNF365,turquoise
ZNF366,turquoise
ZNF385B,turquoise
ZNF397OS,turquoise
ZNF415,turquoise
ZNF433,turquoise
ZNF434,turquoise
ZNF438,turquoise
ZNF441,turquoise
ZNF446,turquoise
ZNF496,turquoise
ZNF516,turquoise
ZNF521,turquoise
ZNF541,turquoise
ZNF560,turquoise
ZNF565,turquoise
ZNF585A,turquoise
ZNF605,turquoise
ZNF609,turquoise
ZNF655,turquoise
ZNF664,turquoise
ZNF667,turquoise
ZNF697,turquoise
ZNF704,turquoise
ZNF709,turquoise
ZNF713,turquoise
ZNF727,turquoise
ZNF777,turquoise
ZNF783,turquoise
ZNF787,turquoise
ZNF793,turquoise
ZNF816A,turquoise
ZNF833,turquoise
ZNF879,turquoise
ZPBP2,turquoise
ZSCAN12,turquoise
ZSCAN12L1,turquoise
A2BP1,yellow
AACS,yellow
ABCC12,yellow
ABCD4,yellow
ABHD1,yellow
ABLIM2,yellow
ACACA,yellow
ACAP3,yellow
ACCN2,yellow
ACOT11,yellow
ACOX3,yellow
ACTBL2,yellow
ACTG1,yellow
ADAD1,yellow
ADAM15,yellow
ADAM3A,yellow
ADAMTS12,yellow
ADAMTS15,yellow
ADAMTS2,yellow
ADARB2,yellow
ADC,yellow
ADCK5,yellow
ADH6,yellow
ADIPOQ,yellow
ADNP2,yellow
AFF3,yellow
AGA,yellow
AGAP2,yellow
AGBL1,yellow
AGPAT4,yellow
AGPS,yellow
AGRN,yellow
AGTR1,yellow
AKAP13,yellow
AKD1,yellow
AKR1E2,yellow
ALDH1A3,yellow
ALDH7A1,yellow
ALDH8A1,yellow
ALLC,yellow
ALPK3,yellow
AMIGO1,yellow
AMPH,yellow
ANGPT2,yellow
ANK1,yellow
ANK3,yellow
ANKFY1,yellow
ANKLE2,yellow
ANKRD10,yellow
ANKRD11,yellow
ANKRD33B,yellow
ANKRD44,yellow
ANKRD45,yellow
ANKRD55,yellow
ANP32A,yellow
ANPEP,yellow
AP2A2,yellow
APEH,yellow
AQP5,yellow
ARHGAP9,yellow
ARHGEF10,yellow
ARHGEF17,yellow
ARHGEF7,yellow
ARID1B,yellow
ARID3B,yellow
ARID5B,yellow
ARL9,yellow
ARMC10,yellow
ARMC4,yellow
ARSK,yellow
ART1,yellow
ASB7,yellow
ASB8,yellow
ASPSCR1,yellow
ASTE1,yellow
ATF1,yellow
ATF2,yellow
ATG16L2,yellow
ATG7,yellow
ATL3,yellow
ATN1,yellow
ATOH1,yellow
ATP10A,yellow
ATP11A,yellow
ATP13A5,yellow
ATP2B2,yellow
ATP4A,yellow
ATP6V0A4,yellow
ATP6V1C2,yellow
ATP6V1G1,yellow
ATXN7L1,yellow
ATXN7L2,yellow
B3GNT9,yellow
B3GNTL1,yellow
BACH1,yellow
BAIAP2,yellow
BAIAP3,yellow
BAT2,yellow
BAT4,yellow
BATF3,yellow
BCAS2,yellow
BCL10,yellow
BCLAF1,yellow
BDKRB1,yellow
BDKRB2,yellow
BDNF,yellow
BEND3,yellow
BFSP2,yellow
BHLHA9,yellow
BICD2,yellow
BIRC2,yellow
BNC1,yellow
BRD2,yellow
BRF1,yellow
BRUNOL6,yellow
BST1,yellow
BSX,yellow
BTBD10,yellow
BTN1A1,yellow
BTNL2,yellow
C10ORF11,yellow
C10ORF110,yellow
C10ORF12,yellow
C10ORF71,yellow
C11ORF74,yellow
C11ORF83,yellow
C11ORF93,yellow
C12ORF42,yellow
C12ORF43,yellow
C12ORF75,yellow
C12ORF76,yellow
C13ORF16,yellow
C13ORF33,yellow
C14ORF105,yellow
C14ORF106,yellow
C14ORF115,yellow
C14ORF129,yellow
C14ORF183,yellow
C14ORF2,yellow
C14ORF21,yellow
C14ORF79,yellow
C15ORF29,yellow
C16ORF72,yellow
C17ORF55,yellow
C17ORF67,yellow
C19ORF30,yellow
C19ORF48,yellow
C1ORF110,yellow
C1ORF111,yellow
C1ORF125,yellow
C1ORF159,yellow
C1ORF223,yellow
C1ORF96,yellow
C1QL3,yellow
C1QTNF7,yellow
C1R,yellow
C2ORF3,yellow
C2ORF34,yellow
C2ORF40,yellow
C3ORF20,yellow
C3ORF25,yellow
C3ORF26,yellow
C3ORF31,yellow
C3ORF63,yellow
C4ORF39,yellow
C4ORF44,yellow
C5ORF48,yellow
C5ORF52,yellow
C5ORF56,yellow
C5ORF62,yellow
C6ORF10,yellow
C6ORF26,yellow
C7ORF16,yellow
C7ORF20,yellow
C7ORF49,yellow
C7ORF50,yellow
C7ORF71,yellow
C8ORF46,yellow
C8ORF71,yellow
C9ORF4,yellow
C9ORF78,yellow
C9ORF91,yellow
C9ORF98,yellow
CA10,yellow
CACNA1C,yellow
CACNA1D,yellow
CACNB2,yellow
CACNG8,yellow
CADM1,yellow
CADPS2,yellow
CALHM2,yellow
CALML5,yellow
CALY,yellow
CAMTA1,yellow
CAPN3,yellow
CAPZB,yellow
CARD18,yellow
CARS,yellow
CASP6,yellow
CASR,yellow
CASZ1,yellow
CCDC105,yellow
CCDC108,yellow
CCDC135,yellow
CCDC162,yellow
CCDC33,yellow
CCDC6,yellow
CCDC63,yellow
CCDC88C,yellow
CCDC99,yellow
CCL13,yellow
CCL19,yellow
CCL8,yellow
CCM2,yellow
CCND3,yellow
CCNDBP1,yellow
CCNF,yellow
CCNY,yellow
CCR10,yellow
CD1A,yellow
CD247,yellow
CD81,yellow
CD82,yellow
CD8B,yellow
CDC34,yellow
CDH5,yellow
CENPF,yellow
CEP164,yellow
CEP72,yellow
CETN1,yellow
CFI,yellow
CHCHD6,yellow
CHDH,yellow
CHFR,yellow
CHGA,yellow
CHN2,yellow
CHRNA6,yellow
CHRNB3,yellow
CHST11,yellow
CHST8,yellow
CKB,yellow
CLCNKB,yellow
CLDN10,yellow
CLDN18,yellow
CLDN23,yellow
CLEC4E,yellow
CLEC4F,yellow
CLEC7A,yellow
CLIC5,yellow
CLIP1,yellow
CLPS,yellow
CLRN1,yellow
CLYBL,yellow
CMTM1,yellow
CMYA5,yellow
CNPY3,yellow
CNRIP1,yellow
CNTD2,yellow
CNTN1,yellow
CNTNAP5,yellow
COL14A1,yellow
COL29A1,yellow
COL5A2,yellow
COL9A1,yellow
COPS7A,yellow
COX6B2,yellow
CPNE5,yellow
CPT1A,yellow
CPT1C,yellow
CPT2,yellow
CREB5,yellow
CRIM1,yellow
CRIP1,yellow
CRK,yellow
CRTC1,yellow
CRYAB,yellow
CRYGB,yellow
CRYL1,yellow
CSMD1,yellow
CSNK1A1L,yellow
CSNK1A1P,yellow
CSNK1G2,yellow
CTRL,yellow
CTXN3,yellow
CUL5,yellow
CUX1,yellow
CXCL12,yellow
CYFIP2,yellow
CYHR1,yellow
CYP11A1,yellow
CYP1B1,yellow
CYP46A1,yellow
CYP4V2,yellow
CYTH3,yellow
DAB1,yellow
DAD1,yellow
DAG1,yellow
DAGLB,yellow
DBNDD1,yellow
DCAF4L2,yellow
DCAKD,yellow
DCLK2,yellow
DCUN1D2,yellow
DCUN1D3,yellow
DDC,yellow
DDX31,yellow
DEAF1,yellow
DERA,yellow
DHCR7,yellow
DIABLO,yellow
DICER1,yellow
DIP2C,yellow
DIS3L2,yellow
DKK1,yellow
DLEU7,yellow
DLG4,yellow
DMPK,yellow
DMRTB1,yellow
DNAH10,yellow
DNAH11,yellow
DNAH17,yellow
DNAH3,yellow
DNAH9,yellow
DNAJA4,yellow
DOCK1,yellow
DOCK9,yellow
DPF3,yellow
DPP3,yellow
DPP6,yellow
DPP9,yellow
DPRX,yellow
DPYSL2,yellow
DPYSL3,yellow
DSCAML1,yellow
DUSP14,yellow
DUSP27,yellow
DYNC1H1,yellow
DYNC1I1,yellow
DYNC2LI1,yellow
DYSF,yellow
EDARADD,yellow
EEFSEC,yellow
EGFR,yellow
EHMT1,yellow
EHMT2,yellow
EIF1AD,yellow
EIF2C2,yellow
EIF5,yellow
ELAC1,yellow
ELL2,yellow
ELOVL3,yellow
ENOX1,yellow
ENPP6,yellow
EP400NL,yellow
EPB41,yellow
EPHA1,yellow
EPHB2,yellow
EPHB6,yellow
ERAP1,yellow
ERC2,yellow
ETFA,yellow
ETV5,yellow
EVI5,yellow
EXOC2,yellow
EXT2,yellow
EYA4,yellow
F10,yellow
F2RL3,yellow
FAF2,yellow
FAM101B,yellow
FAM115A,yellow
FAM118B,yellow
FAM120B,yellow
FAM125B,yellow
FAM155A,yellow
FAM162B,yellow
FAM171A1,yellow
FAM172A,yellow
FAM189A1,yellow
FAM19A4,yellow
FAM20C,yellow
FAM26D,yellow
FAM46C,yellow
FAM53C,yellow
FAM59B,yellow
FAM82A1,yellow
FAM8A1,yellow
FARP1,yellow
FASLG,yellow
FASN,yellow
FASTK,yellow
FASTKD2,yellow
FAT1,yellow
FAT3,yellow
FBLN7,yellow
FBN1,yellow
FBRSL1,yellow
FBXL17,yellow
FBXO21,yellow
FBXO22,yellow
FBXO31,yellow
FDFT1,yellow
FGD5,yellow
FGF1,yellow
FGF18,yellow
FGFR2,yellow
FHAD1,yellow
FHDC1,yellow
FHIT,yellow
FHL5,yellow
FKBP3,yellow
FLCN,yellow
FLJ23834,yellow
FLJ43663,yellow
FLJ43860,yellow
FLOT1,yellow
FLRT1,yellow
FLT4,yellow
FMN1,yellow
FMNL3,yellow
FNDC3A,yellow
FOXA3,yellow
FOXK1,yellow
FRAT2,yellow
FREM2,yellow
FRMD6,yellow
FSCB,yellow
FSCN3,yellow
FTSJD1,yellow
FXC1,yellow
FYB,yellow
GAA,yellow
GABBR1,yellow
GABRA5,yellow
GABRB3,yellow
GABRG3,yellow
GALM,yellow
GALNS,yellow
GANC,yellow
GAS2,yellow
GATA3,yellow
GCNT2,yellow
GDF9,yellow
GDPD1,yellow
GFRA1,yellow
GGPS1,yellow
GIGYF2,yellow
GJD3,yellow
GLIS1,yellow
GLIS2,yellow
GLT1D1,yellow
GMDS,yellow
GML,yellow
GMPR,yellow
GNA12,yellow
GNAL,yellow
GNL3,yellow
GOLGA3,yellow
GOLT1B,yellow
GPLD1,yellow
GPR123,yellow
GPR133,yellow
GPR37,yellow
GPR68,yellow
GPRIN3,yellow
GPS1,yellow
GREB1L,yellow
GRIN2B,yellow
GRIN3A,yellow
GRM4,yellow
GRTP1,yellow
GSG1,yellow
GTF2H4,yellow
GUCA1A,yellow
H2AFJ,yellow
H3F3B,yellow
HADH,yellow
HAND2,yellow
HAUS2,yellow
HCCA2,yellow
HCG22,yellow
HCG4P6,yellow
HCG9,yellow
HCN1,yellow
HCP5,yellow
HDAC4,yellow
HEATR2,yellow
HERC2,yellow
HEXDC,yellow
HEXIM2,yellow
HFE,yellow
HGSNAT,yellow
HHIPL1,yellow
HIBCH,yellow
HIF1AN,yellow
HIF3A,yellow
HIPK2,yellow
HIST1H2AA,yellow
HIST1H3G,yellow
HIST1H4A,yellow
HIST1H4G,yellow
HIST1H4L,yellow
HKR1,yellow
HLA-A,yellow
HLA-B,yellow
HLA-C,yellow
HLA-DOA,yellow
HLA-DOB,yellow
HLA-DRB1,yellow
HLA-DRB5,yellow
HLA-J,yellow
HMGN2,yellow
HNF1B,yellow
HNRNPF,yellow
HNRNPM,yellow
HNRNPU,yellow
HOMER1,yellow
HOXA3,yellow
HOXA4,yellow
HOXB13,yellow
HOXC8,yellow
HPSE2,yellow
HPYR1,yellow
HRNBP3,yellow
HS3ST1,yellow
HS3ST3A1,yellow
HSD17B12,yellow
HSD17B2,yellow
HSN2,yellow
HSPA1L,yellow
HYLS1,yellow
HYOU1,yellow
IFI30,yellow
IGDCC3,yellow
IGFBP3,yellow
IGHMBP2,yellow
IGLON5,yellow
IL16,yellow
IL18RAP,yellow
IL19,yellow
IL1F7,yellow
IL1RAP,yellow
IL28RA,yellow
IL4R,yellow
IL7,yellow
IMMP2L,yellow
INO80C,yellow
INPP5A,yellow
INSL5,yellow
INTS6,yellow
IPO11,yellow
IQCK,yellow
IQSEC1,yellow
IRF2,yellow
IRGC,yellow
IRX3,yellow
ISG15,yellow
ISOC2,yellow
ITFG3,yellow
ITGB1BP1,yellow
ITIH5,yellow
ITPRIP,yellow
JAKMIP3,yellow
JAM3,yellow
JPH1,yellow
JSRP1,yellow
KALRN,yellow
KATNAL1,yellow
KCNA10,yellow
KCNH8,yellow
KCNJ1,yellow
KCNK1,yellow
KCNK13,yellow
KCNK5,yellow
KCNMB3,yellow
KCNN3,yellow
KCNN4,yellow
KCNQ1DN,yellow
KDM4B,yellow
KIAA0182,yellow
KIAA0368,yellow
KIAA0562,yellow
KIAA0802,yellow
KIAA1024,yellow
KIAA1217,yellow
KIAA1383,yellow
KIAA1529,yellow
KIAA1549,yellow
KIAA2018,yellow
KIF25,yellow
KIF26A,yellow
KIF26B,yellow
KIF2C,yellow
KIF5C,yellow
KIRREL3,yellow
KLF13,yellow
KLF17,yellow
KLHDC8A,yellow
KLHL10,yellow
KNDC1,yellow
KRT1,yellow
KRT20,yellow
KRTAP4-2,yellow
KRTAP5-11,yellow
LAMA2,yellow
LAMB1,yellow
LAMC1,yellow
LAMP1,yellow
LATS2,yellow
LCP1,yellow
LDHAL6A,yellow
LDHC,yellow
LDLRAP1,yellow
LEPROT,yellow
LFNG,yellow
LGALS1,yellow
LHFPL2,yellow
LHX6,yellow
LIG3,yellow
LIMS2,yellow
LIN7A,yellow
LMCD1,yellow
LMNB1,yellow
LMO2,yellow
LMO7,yellow
LMTK2,yellow
LOC100133893,yellow
LOC100271832,yellow
LOC143188,yellow
LOC145814,yellow
LOC221442,yellow
LOC255167,yellow
LOC283332,yellow
LOC285593,yellow
LOC285696,yellow
LOC388965,yellow
LOC390858,yellow
LOC641518,yellow
LOC652276,yellow
LPAR2,yellow
LPIN1,yellow
LPIN2,yellow
LPP,yellow
LRP1,yellow
LRPAP1,yellow
LRRC10,yellow
LRRC27,yellow
LRRC4C,yellow
LRRC8A,yellow
LRSAM1,yellow
LSM3,yellow
LSR,yellow
LTBP4,yellow
LTC4S,yellow
LYNX1,yellow
LZTS2,yellow
MACF1,yellow
MAD1L1,yellow
MAFK,yellow
MAGI1,yellow
MAP2,yellow
MAP2K2,yellow
MAP3K7,yellow
MAP4K1,yellow
MAPKAPK2,yellow
MAPT,yellow
MARCH10,yellow
MAST1,yellow
MAST2,yellow
MAST4,yellow
MBOAT2,yellow
MCF2L,yellow
MCF2L2,yellow
MCM2,yellow
MCPH1,yellow
MED11,yellow
MEF2A,yellow
MEPCE,yellow
MEX3D,yellow
MFAP3,yellow
MGMT,yellow
MICALL2,yellow
MIR107,yellow
MIR1203,yellow
MIR136,yellow
MIR1908,yellow
MIR299,yellow
MIR329-2,yellow
MIR412,yellow
MIR433,yellow
MIR493,yellow
MIR496,yellow
MIR526A1,yellow
MIR564,yellow
MIR568,yellow
MIR598,yellow
MKNK2,yellow
MKX,yellow
MLEC,yellow
MLLT3,yellow
MMADHC,yellow
MMEL1,yellow
MND1,yellow
MOBKL1A,yellow
MOCS1,yellow
MOV10L1,yellow
MOXD2,yellow
MPL,yellow
MS4A4A,yellow
MSLN,yellow
MSMB,yellow
MTFMT,yellow
MUC21,yellow
MUC5B,yellow
MVK,yellow
MYCL1,yellow
MYL12B,yellow
MYLIP,yellow
MYO15B,yellow
MYO1B,yellow
MYO1F,yellow
MYO5B,yellow
MYO9B,yellow
MYOCD,yellow
MYOM2,yellow
MYRIP,yellow
MYST4,yellow
MYT1L,yellow
NADSYN1,yellow
NAP1L5,yellow
NARF,yellow
NCBP2,yellow
NCLN,yellow
NCOA2,yellow
NCOA4,yellow
NCOR2,yellow
NCRNA00171,yellow
NCRNA00188,yellow
NCRNA00200,yellow
NDE1,yellow
NDRG4,yellow
NDUFS2,yellow
NEDD9,yellow
NEFL,yellow
NEK10,yellow
NEK8,yellow
NEK9,yellow
NEU1,yellow
NEURL3,yellow
NFASC,yellow
NFATC1,yellow
NFKBIB,yellow
NGF,yellow
NINJ2,yellow
NKX2-1,yellow
NKX2-6,yellow
NKX6-2,yellow
NLGN2,yellow
NMNAT2,yellow
NMUR2,yellow
NPAS2,yellow
NPHP3,yellow
NPTN,yellow
NPY2R,yellow
NR3C1,yellow
NR4A2,yellow
NR5A1,yellow
NRD1,yellow
NRXN2,yellow
NSMAF,yellow
NSMCE2,yellow
NTN1,yellow
NTN4,yellow
NUAK1,yellow
NUP210L,yellow
NUP93,yellow
NXN,yellow
OAT,yellow
ODZ3,yellow
OLFML2B,yellow
OPCML,yellow
OR10G2,yellow
OR52H1,yellow
OR52I2,yellow
OR7C2,yellow
OSBPL10,yellow
OSBPL5,yellow
OSBPL9,yellow
OSGIN1,yellow
OTUB2,yellow
PACRG,yellow
PAG1,yellow
PAN2,yellow
PANX1,yellow
PAPSS1,yellow
PARD3,yellow
PARP15,yellow
PAX8,yellow
PBX1,yellow
PC,yellow
PCDHB15,yellow
PCDHB7,yellow
PCDHGA2,yellow
PCDHGA4,yellow
PCGF3,yellow
PCSK9,yellow
PDCD10,yellow
PDE6G,yellow
PDE7B,yellow
PDGFRA,yellow
PDGFRL,yellow
PDLIM1,yellow
PDLIM3,yellow
PDZRN4,yellow
PECAM1,yellow
PEG10,yellow
PER3,yellow
PEX10,yellow
PEX11G,yellow
PEX19,yellow
PGBD5,yellow
PGCP,yellow
PGK2,yellow
PGM2,yellow
PHACTR1,yellow
PHF19,yellow
PHGR1,yellow
PHKB,yellow
PI16,yellow
PIF1,yellow
PIGG,yellow
PILRA,yellow
PIP5K1A,yellow
PITPNM2,yellow
PIWIL2,yellow
PKM2,yellow
PKNOX2,yellow
PLA2G2D,yellow
PLA2G4C,yellow
PLCG2,yellow
PLEC1,yellow
PLEKHA5,yellow
PLEKHA7,yellow
PLEKHG5,yellow
PLK2,yellow
PLXDC2,yellow
PLXNA4,yellow
PLXNC1,yellow
PMPCB,yellow
PNKP,yellow
PNLIPRP1,yellow
PNMT,yellow
PNN,yellow
POLR1A,yellow
POLR2A,yellow
POLS,yellow
POM121L12,yellow
POP1,yellow
POPDC2,yellow
POR,yellow
POU4F1,yellow
PPAPDC1B,yellow
PPFIA4,yellow
PPIG,yellow
PPM1L,yellow
PPME1,yellow
PPP1R14B,yellow
PPP1R8,yellow
PPP2R2D,yellow
PPP2R3A,yellow
PPP2R5C,yellow
PPRC1,yellow
PPT2,yellow
PRAM1,yellow
PRCC,yellow
PRDM16,yellow
PRDM2,yellow
PRDM6,yellow
PRDX2,yellow
PREP,yellow
PRICKLE1,yellow
PRIM1,yellow
PRKAG2,yellow
PRKAR1B,yellow
PRKCE,yellow
PRKCQ,yellow
PRKCZ,yellow
PRLH,yellow
PROCA1,yellow
PRPSAP2,yellow
PRR21,yellow
PRR24,yellow
PRR5L,yellow
PRRG4,yellow
PRTFDC1,yellow
PSKH2,yellow
PSMB7,yellow
PTCHD2,yellow
PTCRA,yellow
PTGFRN,yellow
PTK2B,yellow
PTK7,yellow
PTPN22,yellow
PTPRG,yellow
PTPRN2,yellow
PTPRU,yellow
PXDN,yellow
PYROXD2,yellow
QPCT,yellow
RAB27B,yellow
RAD51L1,yellow
RAI1,yellow
RAI14,yellow
RALGPS2,yellow
RALYL,yellow
RANBP17,yellow
RAPGEF1,yellow
RAPGEF4,yellow
RASA3,yellow
RASGRP2,yellow
RBM33,yellow
RBM45,yellow
RBM5,yellow
RBM6,yellow
RCVRN,yellow
RELB,yellow
RFPL3,yellow
RFWD2,yellow
RG9MTD1,yellow
RGL2,yellow
RGS12,yellow
RGS20,yellow
RGS9,yellow
RHOB,yellow
RHPN2,yellow
RING1,yellow
RIOK1,yellow
RNASEH2C,yellow
RNF112,yellow
RNF135,yellow
RNF182,yellow
RNF213,yellow
RNF39,yellow
RNF8,yellow
RNPEP,yellow
RNU5E,yellow
ROBO1,yellow
ROR1,yellow
RPGRIP1,yellow
RPGRIP1L,yellow
RPH3AL,yellow
RPL22,yellow
RPL24,yellow
RPP38,yellow
RPSAP58,yellow
RPTOR,yellow
RRAS,yellow
RREB1,yellow
RSU1,yellow
RTN1,yellow
RUNDC2C,yellow
RYR1,yellow
S100P,yellow
SAMD12,yellow
SAMD14,yellow
SAMD3,yellow
SAP25,yellow
SBNO2,yellow
SCAND3,yellow
SCARNA11,yellow
SCHIP1,yellow
SCNN1G,yellow
SCOC,yellow
SDAD1,yellow
SDK1,yellow
SDR16C6,yellow
SDS,yellow
SEC63,yellow
SEMA4C,yellow
SEMA5A,yellow
SENP2,yellow
SEPHS1,yellow
SEPT4,yellow
SEPT9,yellow
SERPINB6,yellow
SERPINE2,yellow
SETBP1,yellow
SETD3,yellow
SF1,yellow
SFRP2,yellow
SFXN4,yellow
SH3BP4,yellow
SHANK2,yellow
SHF,yellow
SHISA6,yellow
SHROOM3,yellow
SIK3,yellow
SIL1,yellow
SIM2,yellow
SIPA1L3,yellow
SIVA1,yellow
SLBP,yellow
SLC12A4,yellow
SLC17A4,yellow
SLC20A2,yellow
SLC23A1,yellow
SLC24A1,yellow
SLC25A19,yellow
SLC25A2,yellow
SLC25A24,yellow
SLC25A3,yellow
SLC25A30,yellow
SLC34A2,yellow
SLC35A3,yellow
SLC35A5,yellow
SLC38A10,yellow
SLC45A4,yellow
SLC4A5,yellow
SLC4A8,yellow
SLC5A10,yellow
SLC5A9,yellow
SLC6A12,yellow
SLC6A13,yellow
SLC6A18,yellow
SLC9A3,yellow
SLCO3A1,yellow
SLFNL1,yellow
SLIT3,yellow
SMAD1,yellow
SMAD9,yellow
SMYD1,yellow
SMYD3,yellow
SNCB,yellow
SND1,yellow
SNED1,yellow
SNHG6,yellow
SNORA76,yellow
SNRNP35,yellow
SNTB1,yellow
SNTG2,yellow
SNX10,yellow
SNX16,yellow
SNX18,yellow
SNX29,yellow
SOHLH1,yellow
SOHLH2,yellow
SORCS2,yellow
SP110,yellow
SP140L,yellow
SPAG1,yellow
SPATA19,yellow
SPATA5L1,yellow
SPATA9,yellow
SPATS2L,yellow
SPDEF,yellow
SPG7,yellow
SPINK5,yellow
SPON1,yellow
SPOPL,yellow
SPSB4,yellow
SPTB,yellow
SPTBN1,yellow
SPTBN4,yellow
SRD5A2,yellow
SRPK2,yellow
SSB,yellow
SSH2,yellow
SSTR2,yellow
ST3GAL1,yellow
ST3GAL2,yellow
ST5,yellow
ST7OT4,yellow
STARD13,yellow
STAT1,yellow
STK32B,yellow
STK32C,yellow
STK39,yellow
STMN1,yellow
STRADA,yellow
STX2,yellow
STX5,yellow
SUCLG1,yellow
SVIL,yellow
SYCE1,yellow
SYCP2L,yellow
SYNE2,yellow
SYNM,yellow
SYNPO2L,yellow
SYT2,yellow
TACC1,yellow
TACC3,yellow
TAF13,yellow
TAF3,yellow
TAGAP,yellow
TAP2,yellow
TAPBP,yellow
TAS2R5,yellow
TBC1D4,yellow
TBC1D8,yellow
TBC1D9,yellow
TBCD,yellow
TBX15,yellow
TCF19,yellow
TCF23,yellow
TCF7L1,yellow
TCL1A,yellow
TCP11,yellow
TCTEX1D2,yellow
TEKT3,yellow
TEPP,yellow
TERT,yellow
TEX2,yellow
TEX264,yellow
TEX9,yellow
TFDP1,yellow
TGFBR3,yellow
THRA,yellow
THRB,yellow
THSD4,yellow
TIE1,yellow
TIMP2,yellow
TIPRL,yellow
TJP2,yellow
TLE1,yellow
TLN2,yellow
TLR10,yellow
TLR5,yellow
TM6SF2,yellow
TMC4,yellow
TMCO3,yellow
TMEM109,yellow
TMEM125,yellow
TMEM133,yellow
TMEM14C,yellow
TMEM155,yellow
TMEM181,yellow
TMEM183B,yellow
TMEM200C,yellow
TMEM9,yellow
TMEM99,yellow
TNFAIP8L3,yellow
TNFRSF19,yellow
TNFRSF8,yellow
TNXB,yellow
TOMM40,yellow
TOP1MT,yellow
TOPORS,yellow
TOX2,yellow
TPBG,yellow
TPH2,yellow
TPO,yellow
TRAF3IP1,yellow
TRAK1,yellow
TRAPPC9,yellow
TREML4,yellow
TREX1,yellow
TRIB2,yellow
TRIM14,yellow
TRIM26,yellow
TRIM27,yellow
TRIM31,yellow
TRIM34,yellow
TRIM36,yellow
TRIM42,yellow
TRIM61,yellow
TRIM65,yellow
TRIM7,yellow
TRRAP,yellow
TRUB2,yellow
TSHZ1,yellow
TSNAX-DISC1,yellow
TSPAN5,yellow
TSPO2,yellow
TSSC1,yellow
TSSK1B,yellow
TTBK1,yellow
TTBK2,yellow
TTC17,yellow
TTC22,yellow
TTC23L,yellow
TTC7B,yellow
TUBD1,yellow
TUBGCP3,yellow
TUBGCP5,yellow
TUFT1,yellow
TULP1,yellow
TWIST2,yellow
TWSG1,yellow
TXNDC11,yellow
UBASH3B,yellow
UBE2D2,yellow
UBE2I,yellow
UBE4A,yellow
UBLCP1,yellow
UBXN2A,yellow
UCN3,yellow
UGT1A10,yellow
UHRF1,yellow
UNG,yellow
UOX,yellow
UPF2,yellow
UPF3A,yellow
UPP1,yellow
USH1C,yellow
USP6NL,yellow
VAMP2,yellow
VAMP3,yellow
VAV2,yellow
VCL,yellow
VIPR2,yellow
VPS37B,yellow
WASF3,yellow
WBP11P1,yellow
WDR20,yellow
WDR27,yellow
WDR35,yellow
WDR46,yellow
WDR47,yellow
WDR60,yellow
WDR62,yellow
WDR73,yellow
WDR77,yellow
WDR8,yellow
WHSC1,yellow
WIPF1,yellow
WISP1,yellow
WNT5A,yellow
WNT5B,yellow
WNT7B,yellow
WRAP53,yellow
WSCD1,yellow
WWOX,yellow
XAB2,yellow
XKR4,yellow
XPA,yellow
XPO6,yellow
XRCC5,yellow
YEATS2,yellow
YIPF3,yellow
YTHDF2,yellow
ZAP70,yellow
ZBTB38,yellow
ZBTB9,yellow
ZC3HAV1,yellow
ZDHHC14,yellow
ZDHHC17,yellow
ZFAT,yellow
ZFHX3,yellow
ZFHX4,yellow
ZFP1,yellow
ZFPM2,yellow
ZFR2,yellow
ZFYVE1,yellow
ZFYVE26,yellow
ZFYVE28,yellow
ZKSCAN1,yellow
ZNF12,yellow
ZNF133,yellow
ZNF16,yellow
ZNF20,yellow
ZNF202,yellow
ZNF207,yellow
ZNF239,yellow
ZNF248,yellow
ZNF317,yellow
ZNF354C,yellow
ZNF358,yellow
ZNF37B,yellow
ZNF385A,yellow
ZNF408,yellow
ZNF410,yellow
ZNF423,yellow
ZNF469,yellow
ZNF509,yellow
ZNF517,yellow
ZNF57,yellow
ZNF579,yellow
ZNF586,yellow
ZNF607,yellow
ZNF619,yellow
ZNF689,yellow
ZNF783,yellow
ZNF800,yellow
ZNF841,yellow
ZNF853,yellow
ZNF878,yellow
ZNF92,yellow
ZP2,yellow
ZYG11A,yellow
ZZZ3,yellow
