geneSymbol,moduleColor
AARS,black
ABCA7,black
ABCB1,black
ABCB8,black
ABCB9,black
ABCC13,black
ABCC2,black
ABCD4,black
ABCE1,black
ABCF1,black
ABHD13,black
ABHD15,black
ABL1,black
ACAA1,black
ACACA,black
ACAP3,black
ACCN2,black
ACHE,black
ACIN1,black
ACLY,black
ACOT13,black
ACP1,black
ACPL2,black
ACTR10,black
ACTR6,black
ACVR1,black
ACVR1C,black
ACYP2,black
ADAM10,black
ADAM12,black
ADAMTS13,black
ADAMTS14,black
ADAMTS19,black
ADAMTS2,black
ADAMTS3,black
ADAMTS9,black
ADAR,black
ADARB2,black
ADAT2,black
ADC,black
ADCY6,black
ADCY9,black
ADD3,black
ADHFE1,black
ADIPOR2,black
ADRB1,black
AES,black
AGBL5,black
AGFG2,black
AGL,black
AGPAT1,black
AGPAT4,black
AGPAT9,black
AHDC1,black
AHSG,black
AK2,black
AK7,black
AKAP5,black
AKD1,black
ALCAM,black
ALDH9A1,black
ALG10B,black
ALG14,black
ALG5,black
ALG9,black
ALKBH4,black
ALKBH8,black
ALLC,black
ALS2,black
AMD1,black
AMDHD1,black
AMOTL2,black
AMZ2,black
ANAPC4,black
ANKHD1,black
ANKMY1,black
ANKRD10,black
ANKRD11,black
ANKRD17,black
ANKRD22,black
ANKRD26,black
ANKRD26P1,black
ANKRD28,black
ANKRD29,black
ANKRD39,black
ANKZF1,black
ANO6,black
ANO7,black
ANP32E,black
ANTXR1,black
ANTXR2,black
AP1G1,black
AP2S1,black
AP4E1,black
AP4M1,black
APBB1,black
APBB3,black
APC,black
APH1A,black
APH1B,black
APLP2,black
APOLD1,black
ARF6,black
ARFGEF1,black
ARFRP1,black
ARHGAP1,black
ARHGAP12,black
ARHGEF12,black
ARHGEF16,black
ARHGEF17,black
ARHGEF18,black
ARHGEF19,black
ARL5B,black
ARL6IP1,black
ARPC2,black
ARPP19,black
ASB1,black
ASB2,black
ASCL2,black
ASH2L,black
ASPM,black
ATAD2B,black
ATF6B,black
ATG4B,black
ATG7,black
ATIC,black
ATM,black
ATMIN,black
ATN1,black
ATOX1,black
ATP2B4,black
ATP6V0C,black
ATP6V0E1,black
ATP6V1A,black
ATP6V1B2,black
ATP6V1H,black
ATP8A2,black
ATP8B2,black
ATXN1,black
ATXN7,black
AURKAIP1,black
AUTS2,black
AVL9,black
AZIN1,black
B3GALNT2,black
B3GALT4,black
B4GALNT1,black
BAT1,black
BAT2,black
BAT3,black
BAT4,black
BATF3,black
BAZ1A,black
BBS12,black
BBX,black
BCAS2,black
BCCIP,black
BCKDHB,black
BCL6,black
BDNF,black
BDNFOS,black
BEND3,black
BET1L,black
BLCAP,black
BLMH,black
BMI1,black
BMP2K,black
BMP7,black
BNC1,black
BNIP2,black
BOLL,black
BPHL,black
BRAF,black
BRCA2,black
BRD2,black
BRD8,black
BRF1,black
BRP44,black
BRP44L,black
BRSK2,black
BTBD12,black
BTBD8,black
BTG2,black
BTRC,black
BUB1,black
BUB1B,black
BVES,black
BZW2,black
C10ORF114,black
C10ORF2,black
C10ORF25,black
C10ORF4,black
C10ORF46,black
C10ORF67,black
C10ORF78,black
C10ORF79,black
C11ORF1,black
C11ORF10,black
C11ORF46,black
C11ORF60,black
C11ORF64,black
C11ORF65,black
C11ORF73,black
C11ORF75,black
C11ORF90,black
C11ORF91,black
C12ORF35,black
C12ORF43,black
C12ORF57,black
C12ORF72,black
C13ORF18,black
C13ORF23,black
C13ORF38,black
C14ORF1,black
C14ORF179,black
C14ORF23,black
C14ORF33,black
C14ORF37,black
C14ORF79,black
C14ORF80,black
C15ORF59,black
C16ORF53,black
C16ORF55,black
C16ORF75,black
C17ORF101,black
C17ORF58,black
C17ORF68,black
C19ORF39,black
C19ORF61,black
C1ORF124,black
C1ORF156,black
C1ORF183,black
C1ORF190,black
C1ORF220,black
C1ORF51,black
C1ORF52,black
C1ORF56,black
C1ORF58,black
C1ORF77,black
C1ORF9,black
C1ORF95,black
C1QTNF1,black
C2ORF28,black
C2ORF3,black
C2ORF42,black
C2ORF44,black
C2ORF52,black
C2ORF63,black
C2ORF64,black
C2ORF69,black
C2ORF70,black
C2ORF86,black
C2ORF89,black
C3ORF1,black
C3ORF25,black
C3ORF26,black
C3ORF32,black
C3ORF39,black
C3ORF59,black
C3ORF70,black
C3ORF75,black
C4ORF19,black
C4ORF29,black
C4ORF3,black
C4ORF41,black
C4ORF44,black
C4ORF46,black
C4ORF51,black
C5ORF22,black
C5ORF24,black
C5ORF34,black
C5ORF42,black
C5ORF44,black
C5ORF51,black
C6ORF124,black
C6ORF134,black
C6ORF155,black
C6ORF173,black
C6ORF174,black
C6ORF211,black
C6ORF48,black
C6ORF52,black
C6ORF70,black
C7ORF36,black
C7ORF64,black
C8G,black
C8ORF37,black
C8ORF41,black
C8ORF71,black
C8ORF76,black
C9ORF106,black
C9ORF116,black
C9ORF156,black
C9ORF68,black
CA2,black
CAB39,black
CACNA1C,black
CACNA1E,black
CACNA1H,black
CADM4,black
CADPS,black
CADPS2,black
CALD1,black
CALM2,black
CAMK2B,black
CAMK4,black
CAMTA1,black
CAP1,black
CAPN3,black
CAPRIN1,black
CAPZA1,black
CARHSP1,black
CARS,black
CARS2,black
CASC1,black
CASC3,black
CASC5,black
CASP9,black
CAT,black
CBFB,black
CBLL1,black
CBLN1,black
CCDC104,black
CCDC12,black
CCDC23,black
CCDC39,black
CCDC41,black
CCDC53,black
CCDC62,black
CCDC64,black
CCDC85A,black
CCDC90A,black
CCDC99,black
CCHCR1,black
CCM2,black
CCND1,black
CCNDBP1,black
CCNG1,black
CCNL1,black
CCPG1,black
CCT5,black
CCT6P1,black
CD200,black
CD82,black
CDC16,black
CDC20,black
CDC42SE1,black
CDC6,black
CDCA8,black
CDH10,black
CDH18,black
CDH8,black
CDK1,black
CDK19,black
CDK2AP1,black
CDK5RAP2,black
CDK7,black
CDKL1,black
CDKN2AIP,black
CDKN2C,black
CDV3,black
CDYL,black
CENPL,black
CENPN,black
CEP63,black
CEP68,black
CEP72,black
CEP97,black
CEPT1,black
CES4,black
CETN3,black
CFLAR,black
CHCHD1,black
CHD1L,black
CHD6,black
CHD9,black
CHIC2,black
CHMP6,black
CHRNA7,black
CHST6,black
CHSY1,black
CHUK,black
CHURC1,black
CIAO1,black
CIB4,black
CIR1,black
CITED2,black
CKAP5,black
CLASP1,black
CLDN7,black
CLDND1,black
CLIP3,black
CLK1,black
CLN3,black
CLP1,black
CLPX,black
CLSTN3,black
CMBL,black
CMTM7,black
CNO,black
CNOT2,black
CNP,black
CNPY3,black
COG3,black
COG5,black
COG6,black
COL11A2,black
COMMD2,black
COMMD5,black
COPS4,black
COPZ1,black
COQ10B,black
COQ5,black
CORO1C,black
COX16,black
COX5B,black
COX7A2,black
COX7A2L,black
COX8C,black
CPAMD8,black
CPLX2,black
CPSF6,black
CPT2,black
CRBN,black
CREB1,black
CREB3L2,black
CREB5,black
CREM,black
CRTAP,black
CRTC3,black
CSF1,black
CSGALNACT1,black
CSMD1,black
CSMD3,black
CSPP1,black
CSTF3,black
CTBS,black
CTDSPL,black
CTR9,black
CTSB,black
CTTNBP2NL,black
CUEDC1,black
CUEDC2,black
CUL1,black
CWF19L1,black
CXXC5,black
CYFIP2,black
CYP1A1,black
CYP26B1,black
CYP2R1,black
CYP7B1,black
CYR61,black
CYTH3,black
DAAM1,black
DAB2IP,black
DAPK1,black
DAZAP2,black
DBP,black
DBR1,black
DCAF11,black
DCAKD,black
DCLK2,black
DCLRE1C,black
DCPS,black
DCTD,black
DCTN4,black
DCTN6,black
DCUN1D5,black
DDC,black
DDHD1,black
DDI2,black
DDR1,black
DDX17,black
DDX18,black
DDX24,black
DDX46,black
DDX49,black
DDX50,black
DDX55,black
DDX58,black
DDX60,black
DDX60L,black
DECR1,black
DEGS1,black
DEPDC6,black
DERL2,black
DGKG,black
DGUOK,black
DHRS1,black
DHRS12,black
DHRS7B,black
DHX16,black
DHX29,black
DHX30,black
DIAPH1,black
DIAPH3,black
DIP2C,black
DIRAS1,black
DIRC2,black
DKFZP761E198,black
DLEU2,black
DLG2,black
DLGAP4,black
DLL3,black
DLX6AS,black
DMXL1,black
DNAH17,black
DNAH6,black
DNAJA1,black
DNAJB11,black
DNAJB12,black
DNAJB5,black
DNAJB6,black
DNAJC13,black
DNAJC16,black
DNAJC18,black
DNAJC21,black
DNAJC24,black
DNAJC27,black
DNAJC30,black
DNAJC6,black
DND1,black
DNER,black
DNM1L,black
DNM3,black
DOC2A,black
DOK4,black
DOPEY1,black
DPF3,black
DPM3,black
DPY30,black
DSCC1,black
DSE,black
DSN1,black
DSTYK,black
DUSP1,black
DUSP26,black
DUSP6,black
DYNLL2,black
DYRK4,black
DZIP1L,black
E2F6,black
ECH1,black
ECHS1,black
ECSIT,black
EDEM3,black
EDIL3,black
EDN1,black
EDNRA,black
EDNRB,black
EED,black
EEF1DP3,black
EFCAB1,black
EFHA2,black
EFR3B,black
EFTUD1,black
EGR3,black
EHMT2,black
EIF1AD,black
EIF1B,black
EIF2B4,black
EIF2C3,black
EIF3B,black
EIF3F,black
EIF4E,black
EIF4H,black
EIF5A,black
EIF5B,black
ELAVL2,black
ELMOD3,black
ELOVL7,black
ELP4,black
EML3,black
ENOX1,black
ENTPD4,black
EPDR1,black
EPHA8,black
EPM2AIP1,black
ERCC4,black
ERCC5,black
ERCC6,black
ERG,black
ERGIC1,black
ERGIC2,black
ERO1L,black
ESD,black
ESRRG,black
ETV1,black
ETV5,black
ETV6,black
EVX1,black
EXO1,black
EXT1,black
F2R,black
FADS2,black
FAF1,black
FAM102A,black
FAM104A,black
FAM109A,black
FAM110B,black
FAM111A,black
FAM123A,black
FAM126A,black
FAM126B,black
FAM135A,black
FAM149A,black
FAM150B,black
FAM151B,black
FAM163A,black
FAM172A,black
FAM174A,black
FAM184B,black
FAM192A,black
FAM19A2,black
FAM20B,black
FAM38A,black
FAM46A,black
FAM46C,black
FAM47E,black
FAM48A,black
FAM49B,black
FAM53C,black
FAM54A,black
FAM64A,black
FAM73B,black
FAM84A,black
FAM8A1,black
FAM91A1,black
FAM96A,black
FAM96B,black
FANCM,black
FARP1,black
FARP2,black
FARSB,black
FASTK,black
FAT3,black
FAT4,black
FBN2,black
FBXO15,black
FBXO33,black
FBXO36,black
FBXO42,black
FBXO8,black
FBXO9,black
FCF1,black
FCRLB,black
FDXR,black
FEM1C,black
FERMT2,black
FEZ2,black
FEZF1,black
FGF3,black
FGFRL1,black
FIGN,black
FKBP3,black
FKBPL,black
FLCN,black
FLJ31306,black
FLJ35024,black
FLJ39582,black
FLJ42289,black
FLJ42709,black
FLJ43390,black
FLJ43663,black
FLRT2,black
FLT4,black
FMNL2,black
FMO5,black
FNBP1,black
FNTA,black
FOS,black
FOXF2,black
FOXK1,black
FOXN3,black
FOXP4,black
FRMD8,black
FRYL,black
FSTL4,black
FTSJD1,black
FUCA1,black
FYTTD1,black
G6PC3,black
GABPB2,black
GABRA1,black
GABRB2,black
GABRG1,black
GADD45G,black
GAL3ST2,black
GALE,black
GALK1,black
GALNT6,black
GALNT9,black
GALR1,black
GAMT,black
GANAB,black
GAP43,black
GAR1,black
GATA2,black
GATAD2A,black
GATAD2B,black
GCA,black
GCC2,black
GCN1L1,black
GDPD1,black
GFI1,black
GFM2,black
GFOD1,black
GFOD2,black
GFPT1,black
GGCT,black
GGPS1,black
GHITM,black
GHR,black
GIGYF2,black
GINS3,black
GJA1,black
GJA3,black
GLE1,black
GLI3,black
GLIPR1L2,black
GLRA1,black
GLS,black
GLTSCR2,black
GMEB1,black
GMPR,black
GNA12,black
GNAI2,black
GNAI3,black
GNAL,black
GNB2L1,black
GOLGB1,black
GOLIM4,black
GORASP1,black
GOSR2,black
GPBP1,black
GPC1,black
GPN1,black
GPR135,black
GPR155,black
GPR180,black
GPR6,black
GPSM3,black
GRASP,black
GRIA2,black
GRIK2,black
GRIK4,black
GRIN1,black
GRM1,black
GRSF1,black
GSG1L,black
GSPT1,black
GSTP1,black
GTF2E1,black
GTF2F2,black
GTF2H4,black
GTF3C3,black
GTF3C6,black
GUF1,black
GXYLT2,black
GYG1,black
H2AFJ,black
H3F3B,black
HAS2,black
HAS2AS,black
HAS3,black
HAUS2,black
HAUS4,black
HCFC1R1,black
HCFC2,black
HDAC4,black
HEATR1,black
HELLS,black
HERC3,black
HERC5,black
HES1,black
HEXIM1,black
HEXIM2,black
HIGD1A,black
HIGD2B,black
HINT3,black
HIPK1,black
HIPK3,black
HIST1H2AB,black
HIST1H2AG,black
HIST1H2AL,black
HIST1H2BB,black
HIST1H2BD,black
HIST1H3B,black
HIST1H4D,black
HIST1H4H,black
HIST2H2AB,black
HIST2H2AC,black
HIVEP1,black
HLA-DOA,black
HLA-E,black
HLA-J,black
HLA-L,black
HLTF,black
HLX,black
HMGN3,black
HMMR,black
HNRNPA1,black
HNRNPU,black
HNRPDL,black
HOXA7,black
HOXC4,black
HOXC8,black
HOXC9,black
HOXD8,black
HPSE,black
HS1BP3,black
HS3ST4,black
HSD17B4,black
HSPA1A,black
HSPH1,black
HTR2A,black
HVCN1,black
HYAL3,black
HYI,black
HYOU1,black
ICA1L,black
ID1,black
IDI1,black
IFI27L2,black
IFIT5,black
IFT57,black
IFT88,black
IGF2R,black
IGFBP3,black
IGSF3,black
IGSF8,black
IKZF2,black
IL12A,black
IL17RC,black
IL1F7,black
ILF2,black
ILKAP,black
IMP3,black
IMP4,black
IMPG1,black
INO80C,black
INSM2,black
INTS3,black
INTS6,black
INTS8,black
IPO11,black
IPP,black
IQCA1,black
IQCB1,black
IREB2,black
IRF2,black
IRF4,black
IRS1,black
IRX6,black
ISLR2,black
ISM1,black
ISY1,black
ITFG2,black
ITGB1,black
ITGB4,black
ITSN2,black
IVNS1ABP,black
IWS1,black
JMJD1C,black
JMJD7,black
KATNB1,black
KAZALD1,black
KBTBD3,black
KBTBD4,black
KBTBD8,black
KCNB1,black
KCND2,black
KCNJ12,black
KCNMB4,black
KCNQ1DN,black
KCTD7,black
KDELR2,black
KDM2A,black
KIAA0101,black
KIAA0232,black
KIAA0284,black
KIAA1012,black
KIAA1033,black
KIAA1409,black
KIAA1429,black
KIAA1530,black
KIAA1549,black
KIAA1586,black
KIAA1712,black
KIAA1751,black
KIAA1949,black
KLC4,black
KLF12,black
KLF14,black
KLHDC7A,black
KLHL18,black
KLHL31,black
KLHL36,black
KPNA6,black
KPTN,black
KRAS,black
KRI1,black
KSR2,black
LACE1,black
LAMA1,black
LAMB2,black
LAPTM4A,black
LASS2,black
LATS1,black
LBR,black
LCMT1,black
LCN10,black
LDB2,black
LDB3,black
LDHAL6A,black
LDHB,black
LETM2,black
LHFP,black
LHPP,black
LIAS,black
LIMS2,black
LIN28,black
LIN52,black
LIN54,black
LITAF,black
LLPH,black
LMAN2L,black
LMBR1L,black
LMBRD1,black
LMCD1,black
LMO2,black
LMO4,black
LMTK2,black
LOC100128164,black
LOC100128731,black
LOC100130015,black
LOC100130987,black
LOC100302401,black
LOC100302652,black
LOC143666,black
LOC145663,black
LOC151174,black
LOC256880,black
LOC282997,black
LOC283392,black
LOC285456,black
LOC285830,black
LOC344595,black
LOC389705,black
LOC401431,black
LOC404266,black
LOC440356,black
LOC644145,black
LOC652276,black
LOC653113,black
LOC728743,black
LOC91149,black
LONP2,black
LPCAT2,black
LPHN2,black
LPPR2,black
LRDD,black
LRFN5,black
LRP1,black
LRP2,black
LRRC23,black
LRRC49,black
LRRC59,black
LRRC7,black
LRRC8B,black
LRRC8D,black
LRRCC1,black
LRRFIP1,black
LRTOMT,black
LSAMP,black
LUC7L,black
LUC7L3,black
LY6G5C,black
LYNX1,black
LYPD6,black
LYPLA2,black
LYSMD2,black
MACROD2,black
MAD1L1,black
MAD2L1BP,black
MAFA,black
MAGI2,black
MAML1,black
MAN1A1,black
MAN2C1,black
MAP1D,black
MAP1S,black
MAP2K5,black
MAP3K3,black
MAP3K4,black
MAP3K5,black
MAP4K4,black
MAPK3,black
MAPRE3,black
MAPT,black
MARCH1,black
MARCKS,black
MARCKSL1,black
MARK2,black
MAST4,black
MATN2,black
MATR3,black
MAX,black
MBD6,black
MBOAT7,black
MBTPS1,black
MCF2L2,black
MCFD2,black
MCM10,black
MCM3,black
MDC1,black
MDGA2,black
MDM2,black
MEAF6,black
MECOM,black
MED13L,black
MED17,black
MED18,black
MED21,black
MED28,black
MED8,black
MEF2C,black
MEIS1,black
MESDC2,black
METTL3,black
METTL6,black
MFSD8,black
MGAT4A,black
MGST2,black
MGST3,black
MIB2,black
MIER3,black
MIR132,black
MIR1908,black
MIR19A,black
MIR2116,black
MIR423,black
MIR548H4,black
MIR564,black
MIR632,black
MIR760,black
MKLN1,black
MKRN1,black
MKS1,black
MLH1,black
MLL,black
MLLT10,black
MMAA,black
MND1,black
MNS1,black
MNT,black
MOBKL1B,black
MOBKL3,black
MOCS1,black
MON1B,black
MON2,black
MOSC2,black
MPHOSPH8,black
MPV17L2,black
MRI1,black
MRPL1,black
MRPL15,black
MRPL18,black
MRPL19,black
MRPL34,black
MRPL36,black
MRPL42,black
MRPL52,black
MRPS12,black
MRPS18B,black
MRPS31,black
MRPS5,black
MRS2,black
MS4A3,black
MSH6,black
MSRA,black
MSRB2,black
MSRB3,black
MTCH2,black
MTFR1,black
MTMR14,black
MTMR15,black
MTMR9,black
MTOR,black
MTRR,black
MUDENG,black
MUTED,black
MXD3,black
MYADML2,black
MYB,black
MYBBP1A,black
MYC,black
MYCBP,black
MYCL1,black
MYL6,black
MYO16,black
MYO1E,black
MYOCD,black
MYST2,black
MYST3,black
MYT1L,black
NAA15,black
NAA16,black
NAA35,black
NAAA,black
NACA,black
NALCN,black
NAMPT,black
NAP1L4,black
NASP,black
NAV2,black
NBAS,black
NBEAL1,black
NBLA00301,black
NBN,black
NCAM1,black
NCDN,black
NCEH1,black
NCL,black
NCOA2,black
NCOA4,black
NCOA7,black
NCRNA00120,black
NCRNA00167,black
NCRNA00219,black
NDFIP1,black
NDNL2,black
NDUFA12,black
NDUFA3,black
NDUFA4,black
NDUFAF2,black
NDUFAF4,black
NDUFC2,black
NDUFS5,black
NDUFS8,black
NECAB1,black
NECAP1,black
NEDD8,black
NEIL2,black
NEK1,black
NEK2,black
NELL2,black
NES,black
NET1,black
NEU1,black
NEU3,black
NFATC2IP,black
NFIA,black
NFIL3,black
NFIX,black
NFU1,black
NGLY1,black
NHEDC1,black
NINL,black
NIPA1,black
NKAIN2,black
NKD1,black
NKX2-1,black
NKX2-6,black
NKX6-2,black
NLE1,black
NLRP14,black
NMNAT1,black
NMNAT2,black
NMT1,black
NMUR1,black
NOL12,black
NOP16,black
NPAS4,black
NPHP4,black
NPR1,black
NPY5R,black
NQO1,black
NR1D1,black
NR6A1,black
NRD1,black
NRN1,black
NRXN1,black
NSMAF,black
NSUN4,black
NSUN6,black
NTM,black
NTN3,black
NTNG2,black
NTSR1,black
NUAK1,black
NUAK2,black
NUBP1,black
NUBPL,black
NUDC,black
NUDT5,black
NUDT6,black
NUDT7,black
NUDT8,black
NUMA1,black
NUMB,black
NUP160,black
NUP214,black
NUSAP1,black
NXPH2,black
OBFC2A,black
OBFC2B,black
OBSCN,black
OCIAD2,black
ODF2L,black
OLFM3,black
OLFM4,black
OLIG2,black
OPA3,black
ORAI2,black
OSBPL1A,black
OSBPL8,black
OSCP1,black
OTX2OS1,black
OVCA2,black
OVOL1,black
OXR1,black
OXSR1,black
P2RY2,black
P4HA1,black
PACRGL,black
PADI2,black
PAFAH2,black
PAIP2B,black
PAK4,black
PALMD,black
PAM,black
PAN2,black
PAN3,black
PANK1,black
PAQR3,black
PAQR8,black
PARM1,black
PARS2,black
PBLD,black
PBX2,black
PC,black
PCBD2,black
PCBP4,black
PCCB,black
PCDH10,black
PCDHAC2,black
PCMT1,black
PCMTD1,black
PCNP,black
PCOTH,black
PCSK1,black
PCSK9,black
PCYT1A,black
PCYT2,black
PDCD6IP,black
PDCD7,black
PDE4C,black
PDE4DIP,black
PDGFC,black
PDXP,black
PECI,black
PELI3,black
PER2,black
PER3,black
PEX14,black
PEX16,black
PEX6,black
PFDN1,black
PFDN5,black
PFDN6,black
PGAM1,black
PGAP1,black
PHF1,black
PHF20,black
PHGDH,black
PHIP,black
PHLDB1,black
PHLPP1,black
PHOX2A,black
PHPT1,black
PHTF2,black
PIAS3,black
PIGH,black
PIGP,black
PIGT,black
PIGU,black
PIGV,black
PIGZ,black
PIK3R2,black
PIK3R3,black
PIM1,black
PIWIL1,black
PJA2,black
PL-5283,black
PLA2R1,black
PLCXD3,black
PLEC1,black
PLEKHB2,black
PLEKHF2,black
PLOD2,black
PLXNA4,black
PLXND1,black
PMF1,black
PML,black
PNMA2,black
PNN,black
PNPLA2,black
PNPO,black
PNRC1,black
PODN,black
PODNL1,black
POFUT2,black
POLA2,black
POLQ,black
POLR3E,black
POLS,black
POT1,black
POU3F3,black
PPA1,black
PPAP2A,black
PPAPDC1B,black
PPAPDC2,black
PPARGC1B,black
PPHLN1,black
PPIA,black
PPID,black
PPIF,black
PPIL1,black
PPIL4,black
PPIL5,black
PPM1B,black
PPM1D,black
PPP1CB,black
PPP1R12A,black
PPP1R15B,black
PPP2R2A,black
PPP2R5A,black
PPP3CB,black
PPPDE2,black
PPT2,black
PRCP,black
PRDM14,black
PRDM2,black
PRDX3,black
PRIM1,black
PRKAG2,black
PRKAR1B,black
PRKAR2A,black
PRKRIR,black
PRMT7,black
PRPF3,black
PRPF31,black
PRPF39,black
PRPF4,black
PRPF8,black
PRPSAP2,black
PRR13,black
PRR24,black
PRR3,black
PRR5L,black
PSKH1,black
PSMA1,black
PSMB3,black
PSMB4,black
PSMB9,black
PSMC5,black
PSMD7,black
PSME1,black
PTCH2,black
PTHLH,black
PTPN12,black
PTPRG,black
PTPRN2,black
PUS7,black
PVRL3,black
PWWP2A,black
PXK,black
PYY,black
QSOX2,black
R3HCC1,black
RAB10,black
RAB11A,black
RAB2B,black
RAB3GAP2,black
RAB5B,black
RAB6A,black
RABAC1,black
RAC3,black
RAD50,black
RAD52,black
RAD54B,black
RAG1AP1,black
RAP1B,black
RAPGEF3,black
RAPGEF6,black
RARRES1,black
RASA1,black
RASA2,black
RASA3,black
RASEF,black
RASGRF2,black
RASSF1,black
RASSF10,black
RBBP4,black
RBL2,black
RBM12B,black
RBM17,black
RBM22,black
RBM23,black
RBM28,black
RBM47,black
RBM4B,black
RBM8A,black
RCOR1,black
RCOR3,black
RDBP,black
RDX,black
REEP5,black
REL,black
RELA,black
RELB,black
RELL1,black
REST,black
RET,black
REXO2,black
RFC5,black
RFX1,black
RG9MTD2,black
RGL2,black
RGMA,black
RGMB,black
RGS9,black
RHBDL1,black
RHOBTB1,black
RHOU,black
RILPL2,black
RIT1,black
RNASE13,black
RNF121,black
RNF126,black
RNF126P1,black
RNF14,black
RNF169,black
RNF180,black
RNF213,black
RNF220,black
RNF34,black
RNF41,black
RNF44,black
RNF5,black
RNF5P1,black
RNF6,black
RNFT1,black
RNU5E,black
RNU6ATAC,black
ROR2,black
RORA,black
RPAIN,black
RPL14,black
RPL23A,black
RPL28,black
RPL37,black
RPL41,black
RPL5,black
RPL7,black
RPL7L1,black
RPN1,black
RPP21,black
RPP25,black
RPS27A,black
RPTOR,black
RPUSD4,black
RRAGC,black
RRAS2,black
RRM2B,black
RRN3P2,black
RRP12,black
RRP15,black
RSBN1L,black
RSL24D1,black
RSPRY1,black
RSRC1,black
RSU1,black
RTN3,black
RUFY1,black
RUFY2,black
RUNDC3B,black
RWDD1,black
SAFB2,black
SAP18,black
SAP30L,black
SAPS3,black
SASH1,black
SBK1,black
SCAMP3,black
SCARA5,black
SCD5,black
SCFD1,black
SCHIP1,black
SCN2B,black
SCN4B,black
SCOC,black
SCP2,black
SDAD1,black
SDCCAG3,black
SEC14L2,black
SEC22B,black
SEC23A,black
SEC24C,black
SEC24D,black
SEC61A1,black
SEH1L,black
SELK,black
SEMA4F,black
SEPT1,black
SEPT10,black
SEPT11,black
SEPT2,black
SERGEF,black
SERPINB6,black
SESN2,black
SETBP1,black
SETD8,black
SETDB2,black
SF1,black
SF3A3,black
SF3B4,black
SF3B5,black
SFMBT2,black
SFPQ,black
SFRP4,black
SFRS1,black
SFRS12,black
SFRS12IP1,black
SFRS18,black
SFRS2IP,black
SFRS7,black
SFXN4,black
SFXN5,black
SGCE,black
SGK1,black
SGK3,black
SGMS1,black
SGOL1,black
SH2D4A,black
SH2D5,black
SH3BGRL2,black
SH3BP4,black
SH3GLB2,black
SHBG,black
SHC1,black
SHC4,black
SHMT2,black
SHQ1,black
SIGLEC15,black
SIKE1,black
SIM1,black
SIRT7,black
SKP2,black
SLC10A7,black
SLC12A2,black
SLC12A3,black
SLC12A6,black
SLC16A1,black
SLC16A10,black
SLC19A3,black
SLC1A2,black
SLC1A4,black
SLC23A2,black
SLC25A11,black
SLC25A13,black
SLC25A19,black
SLC25A23,black
SLC25A3,black
SLC25A33,black
SLC25A38,black
SLC30A1,black
SLC30A3,black
SLC30A7,black
SLC35B1,black
SLC35E3,black
SLC35F2,black
SLC36A1,black
SLC38A6,black
SLC39A6,black
SLC39A7,black
SLC39A9,black
SLC43A1,black
SLC48A1,black
SLC4A1AP,black
SLC5A1,black
SLC5A9,black
SLC6A5,black
SLC7A6,black
SLC9A3,black
SLFN13,black
SLITRK5,black
SMAD1,black
SMAGP,black
SMARCAD1,black
SMARCD2,black
SMC2,black
SMC4,black
SMC5,black
SMNDC1,black
SMPDL3A,black
SMUG1,black
SNAP29,black
SNAP91,black
SNAPC2,black
SNAPC5,black
SNAR-F,black
SNCA,black
SNCAIP,black
SNF8,black
SNHG4,black
SNHG8,black
SNORD15A,black
SNORD1C,black
SNORD27,black
SNORD45C,black
SNORD54,black
SNORD55,black
SNRNP25,black
SNRNP35,black
SNRPC,black
SNX1,black
SNX14,black
SNX16,black
SNX19,black
SNX2,black
SNX26,black
SNX4,black
SOAT2,black
SOCS1,black
SOCS2,black
SOCS5,black
SORCS1,black
SORCS2,black
SORD,black
SOX2OT,black
SOX5,black
SPAG16,black
SPAG9,black
SPATA1,black
SPATA13,black
SPATA6,black
SPC25,black
SPEN,black
SPG11,black
SPG21,black
SPIN1,black
SPNS1,black
SPOCK3,black
SPON1,black
SPRY1,black
SPRY2,black
SPTBN1,black
SRA1,black
SRBD1,black
SRFBP1,black
SRGAP3,black
SRI,black
SSBP1,black
SSR2,black
SSSCA1,black
ST3GAL2,black
ST3GAL6,black
ST5,black
ST6GAL1,black
ST7,black
ST8SIA1,black
STAG3,black
STAM2,black
STAMBP,black
STAP2,black
STARD9,black
STC1,black
STEAP3,black
STIL,black
STIP1,black
STK11IP,black
STK19,black
STK32B,black
STK38,black
STK39,black
STL,black
STMN1,black
STOML2,black
STOX2,black
STRAP,black
STT3B,black
STX1A,black
STX6,black
STXBP5L,black
SUGT1,black
SUNC1,black
SUPT6H,black
SUV420H1,black
SV2A,black
SYNE1,black
SYNPO2,black
TACC1,black
TACR3,black
TADA1,black
TAF11,black
TAF13,black
TAF3,black
TAF9,black
TANC1,black
TARS,black
TARSL2,black
TAS1R2,black
TATDN2,black
TAX1BP1,black
TBC1D1,black
TBC1D14,black
TBC1D15,black
TBC1D19,black
TBC1D5,black
TBCE,black
TBCK,black
TBKBP1,black
TBL1XR1,black
TBL2,black
TBL3,black
TBX18,black
TBX5,black
TCEB3,black
TCF25,black
TCF3,black
TCP1,black
TCP11L1,black
TCTA,black
TCTE3,black
TDH,black
TEKT4,black
TET1,black
TEX10,black
TEX9,black
TFAP2D,black
TFAP4,black
TFCP2,black
TFG,black
TGFA,black
TGFB1,black
TGFBI,black
THAP1,black
THAP3,black
THBS4,black
THRB,black
THSD1,black
THUMPD1,black
TIPRL,black
TK2,black
TLCD2,black
TLL1,black
TLN1,black
TLR9,black
TM2D1,black
TM2D2,black
TMED2,black
TMED4,black
TMED5,black
TMEM102,black
TMEM106C,black
TMEM109,black
TMEM110,black
TMEM120B,black
TMEM128,black
TMEM129,black
TMEM146,black
TMEM175,black
TMEM177,black
TMEM183A,black
TMEM186,black
TMEM194A,black
TMEM20,black
TMEM201,black
TMEM209,black
TMEM217,black
TMEM222,black
TMEM33,black
TMEM55B,black
TMEM57,black
TMEM79,black
TMEM87A,black
TMEM9,black
TMOD3,black
TMSB10,black
TMTC2,black
TMTC4,black
TNFAIP8,black
TNFRSF8,black
TNK2,black
TNKS1BP1,black
TNXB,black
TOLLIP,black
TOMM6,black
TOP1MT,black
TOR1AIP1,black
TOX2,black
TP53,black
TP53BP1,black
TPCN2,black
TPK1,black
TPM3,black
TPRKB,black
TRA2A,black
TRA2B,black
TRAF3IP2,black
TRAPPC1,black
TRAPPC3,black
TRIB1,black
TRIM23,black
TRIM26,black
TRIM27,black
TRIM31,black
TRIM39,black
TRIM41,black
TRIM45,black
TRIP10,black
TRIP4,black
TRMT11,black
TRMT12,black
TRMT2A,black
TRMT61B,black
TROVE2,black
TRPS1,black
TSC22D1,black
TSEN54,black
TSG101,black
TSGA10,black
TSGA13,black
TSGA14,black
TSN,black
TSNAXIP1,black
TSPAN12,black
TSPAN2,black
TSTD1,black
TSTD2,black
TTBK2,black
TTC18,black
TTC8,black
TTC9B,black
TTC9C,black
TTK,black
TTLL11,black
TTLL3,black
TTPA,black
TUBA1A,black
TUBB2A,black
TUFM,black
TUSC2,black
TXN,black
TXNDC12,black
TXNDC6,black
TXNRD1,black
UAP1,black
UBA52,black
UBE2J1,black
UBE2K,black
UBE2N,black
UBE2V1,black
UBE3A,black
UBL5,black
UBP1,black
UBR3,black
UBR4,black
UBR5,black
UBXN7,black
UCK2,black
UGDH,black
UGGT1,black
UGP2,black
UHRF2,black
UIMC1,black
UMPS,black
UNC119B,black
UNC45A,black
UNCX,black
UNG,black
UNK,black
UNKL,black
UPF3A,black
UQCR,black
UQCRC1,black
USO1,black
USP1,black
USP12,black
USP19,black
USP31,black
USP39,black
USP42,black
VARS,black
VDAC2,black
VGLL4,black
VIPR2,black
VKORC1,black
VNN1,black
VPS13D,black
VPS29,black
VPS37A,black
VPS52,black
VPS53,black
VPS72,black
VPS8,black
VRK3,black
VSTM2A,black
VSX2,black
VTI1B,black
VWA5B2,black
WAC,black
WASF2,black
WBP2,black
WDR19,black
WDR31,black
WDR4,black
WDR53,black
WDR59,black
WDR5B,black
WDR6,black
WDR63,black
WDR73,black
WDR85,black
WDR91,black
WDR92,black
WDTC1,black
WFDC3,black
WIPF2,black
WNK1,black
WRNIP1,black
WWC1,black
WWOX,black
XKR4,black
XKR6,black
XPC,black
XYLB,black
YBX2,black
YEATS4,black
YIF1A,black
YIPF1,black
YPEL2,black
YPEL5,black
YTHDF3,black
YWHAQ,black
YWHAZ,black
ZBED5,black
ZBTB10,black
ZBTB12,black
ZBTB25,black
ZC3H4,black
ZC3HC1,black
ZCCHC10,black
ZDHHC14,black
ZDHHC17,black
ZDHHC24,black
ZDHHC4,black
ZFHX4,black
ZFP62,black
ZFP90,black
ZFYVE1,black
ZFYVE16,black
ZFYVE26,black
ZFYVE28,black
ZMAT2,black
ZMYM4,black
ZNF12,black
ZNF132,black
ZNF136,black
ZNF140,black
ZNF195,black
ZNF2,black
ZNF20,black
ZNF204P,black
ZNF219,black
ZNF232,black
ZNF248,black
ZNF25,black
ZNF266,black
ZNF271,black
ZNF276,black
ZNF295,black
ZNF3,black
ZNF329,black
ZNF362,black
ZNF384,black
ZNF389,black
ZNF391,black
ZNF398,black
ZNF408,black
ZNF451,black
ZNF488,black
ZNF497,black
ZNF513,black
ZNF565,black
ZNF568,black
ZNF574,black
ZNF575,black
ZNF580,black
ZNF585A,black
ZNF585B,black
ZNF644,black
ZNF652,black
ZNF654,black
ZNF655,black
ZNF660,black
ZNF684,black
ZNF692,black
ZNF740,black
ZNF780B,black
ZNF789,black
ZNF800,black
ZNF804A,black
ZNF805,black
ZNF821,black
ZNF827,black
ZNF84,black
ZNF845,black
ZNHIT2,black
ZNRD1,black
ZSCAN16,black
ZSCAN20,black
ZSWIM1,black
ZSWIM6,black
ZUFSP,black
ZYX,black
ZZZ3,black
A1CF,blue
A2BP1,blue
A2M,blue
AACS,blue
AADACL2,blue
AADACL3,blue
AAK1,blue
AARS,blue
AASDH,blue
AATK,blue
ABAT,blue
ABCB10,blue
ABCC11,blue
ABCC12,blue
ABCC2,blue
ABCC4,blue
ABCC5,blue
ABCG5,blue
ABCG8,blue
ABHD12B,blue
ABHD5,blue
ABLIM1,blue
ABLIM2,blue
ABR,blue
ACACA,blue
ACACB,blue
ACADSB,blue
ACCN1,blue
ACO1,blue
ACOT11,blue
ACOT7,blue
ACOXL,blue
ACPL2,blue
ACRBP,blue
ACRV1,blue
ACSF3,blue
ACSL5,blue
ACSM1,blue
ACSS3,blue
ACTBL2,blue
ACTN2,blue
ACTR8,blue
ACVR1C,blue
ADAD1,blue
ADAM12,blue
ADAM15,blue
ADAM2,blue
ADAM23,blue
ADAMDEC1,blue
ADAMTS15,blue
ADAMTS16,blue
ADAMTS2,blue
ADAMTS20,blue
ADAMTS6,blue
ADAMTS7,blue
ADAMTS9,blue
ADAP1,blue
ADARB2,blue
ADAT1,blue
ADC,blue
ADCK5,blue
ADCY1,blue
ADCY2,blue
ADCY9,blue
ADD1,blue
ADI1,blue
ADIPOR1,blue
ADK,blue
ADORA3,blue
ADPRHL1,blue
ADRB3,blue
ADRBK1,blue
ADSS,blue
ADSSL1,blue
AEBP1,blue
AEN,blue
AFAP1,blue
AFF3,blue
AFG3L1,blue
AGA,blue
AGAP1,blue
AGBL1,blue
AGBL4,blue
AGPAT1,blue
AGPAT4,blue
AGR3,blue
AGT,blue
AGTPBP1,blue
AHI1,blue
AHNAK,blue
AHRR,blue
AHSG,blue
AICDA,blue
AIM1L,blue
AIM2,blue
AIMP2,blue
AIRE,blue
AJAP1,blue
AKAP10,blue
AKAP12,blue
AKAP13,blue
AKAP3,blue
AKR1E2,blue
AKTIP,blue
ALDH1A2,blue
ALDH1A3,blue
ALDH4A1,blue
ALDOA,blue
ALG1,blue
ALG5,blue
ALG9,blue
ALKBH2,blue
ALLC,blue
ALOX12B,blue
ALOX5AP,blue
ALPK3,blue
ALS2CR4,blue
AMACR,blue
AMBRA1,blue
AMICA1,blue
AMMECR1L,blue
AMOTL1,blue
AMPD3,blue
AMPH,blue
AMZ1,blue
AMZ2,blue
ANAPC10,blue
ANAPC2,blue
ANGEL2,blue
ANGPT1,blue
ANGPT2,blue
ANK1,blue
ANK2,blue
ANK3,blue
ANKFY1,blue
ANKLE2,blue
ANKMY1,blue
ANKRD1,blue
ANKRD11,blue
ANKRD2,blue
ANKRD26,blue
ANKRD34C,blue
ANKRD44,blue
ANKRD45,blue
ANKRD55,blue
ANKRD7,blue
ANKS1A,blue
ANKS1B,blue
ANO1,blue
ANO10,blue
ANO4,blue
ANO9,blue
ANUBL1,blue
ANXA1,blue
ANXA2,blue
ANXA5,blue
ANXA7,blue
ANXA9,blue
AOAH,blue
AP2A2,blue
AP2M1,blue
AP3M1,blue
AP4E1,blue
AP4S1,blue
APBA1,blue
APBB2,blue
APITD1,blue
APLP2,blue
APOB,blue
APOH,blue
AQP11,blue
AQP8,blue
ARCN1,blue
ARFIP1,blue
ARHGAP10,blue
ARHGAP20,blue
ARHGAP26,blue
ARHGAP29,blue
ARHGDIG,blue
ARHGEF10,blue
ARHGEF11,blue
ARHGEF18,blue
ARHGEF7,blue
ARID1A,blue
ARID5B,blue
ARIH1,blue
ARL15,blue
ARL3,blue
ARL4C,blue
ARL9,blue
ARNT2,blue
ARNTL,blue
ARPC1B,blue
ARPC4,blue
ARPM1,blue
ARSG,blue
ART3,blue
ARV1,blue
ASAM,blue
ASAP1,blue
ASAP2,blue
ASB13,blue
ASB14,blue
ASB5,blue
ASB7,blue
ASB8,blue
ASCC1,blue
ASCC2,blue
ASCC3,blue
ASH1L,blue
ASPA,blue
ASPH,blue
ASPHD1,blue
ASRGL1,blue
ASTN2,blue
ASXL2,blue
ASZ1,blue
ATAD1,blue
ATF3,blue
ATF6,blue
ATF7,blue
ATF7IP,blue
ATG10,blue
ATG16L2,blue
ATG5,blue
ATG9B,blue
ATHL1,blue
ATIC,blue
ATL3,blue
ATOH7,blue
ATOX1,blue
ATP10A,blue
ATP11A,blue
ATP13A3,blue
ATP13A4,blue
ATP2A1,blue
ATP2B2,blue
ATP2B4,blue
ATP2C2,blue
ATP4B,blue
ATP6V0A4,blue
ATP6V1A,blue
ATP6V1C1,blue
ATP8A2,blue
ATP8B4,blue
ATRNL1,blue
ATXN7L1,blue
AURKC,blue
AUTS2,blue
AVPR1A,blue
AXIN1,blue
AZGP1,blue
AZI1,blue
B3GAT2,blue
B3GNT2,blue
B3GNTL1,blue
B4GALNT2,blue
B4GALNT4,blue
BACH2,blue
BAG2,blue
BAHCC1,blue
BAIAP2L1,blue
BANP,blue
BARX2,blue
BAT2,blue
BAT3,blue
BAT5,blue
BATF,blue
BAZ1A,blue
BBOX1,blue
BBS9,blue
BCAP29,blue
BCAR4,blue
BCAS3,blue
BCL11A,blue
BCL11B,blue
BCL2L11,blue
BCL2L14,blue
BCL2L15,blue
BCL6,blue
BCL9,blue
BDH1,blue
BDNF,blue
BEGAIN,blue
BEND6,blue
BET1,blue
BICC1,blue
BICD2,blue
BLCAP,blue
BLM,blue
BMP6,blue
BMP8A,blue
BMP8B,blue
BMPR1A,blue
BNC2,blue
BOC,blue
BPESC1,blue
BPHL,blue
BPNT1,blue
BRAP,blue
BRCA1,blue
BRD1,blue
BRD2,blue
BRD3,blue
BRD9,blue
BRE,blue
BRMS1L,blue
BRP44,blue
BRPF1,blue
BST1,blue
BTBD12,blue
BTBD18,blue
BTBD8,blue
BTN3A3,blue
BTNL2,blue
BTNL3,blue
BUB3,blue
C10ORF11,blue
C10ORF110,blue
C10ORF113,blue
C10ORF118,blue
C10ORF12,blue
C10ORF128,blue
C10ORF18,blue
C10ORF2,blue
C10ORF47,blue
C10ORF68,blue
C10ORF78,blue
C10ORF96,blue
C11ORF34,blue
C11ORF40,blue
C11ORF41,blue
C11ORF49,blue
C11ORF61,blue
C11ORF70,blue
C11ORF75,blue
C11ORF84,blue
C11ORF90,blue
C12ORF4,blue
C12ORF40,blue
C12ORF50,blue
C12ORF70,blue
C12ORF72,blue
C12ORF74,blue
C13ORF18,blue
C13ORF28,blue
C13ORF33,blue
C13ORF36,blue
C14ORF102,blue
C14ORF132,blue
C14ORF135,blue
C14ORF139,blue
C14ORF143,blue
C14ORF145,blue
C14ORF165,blue
C14ORF166B,blue
C14ORF177,blue
C14ORF183,blue
C14ORF19,blue
C14ORF37,blue
C14ORF49,blue
C14ORF50,blue
C14ORF72,blue
C15ORF21,blue
C15ORF23,blue
C15ORF26,blue
C15ORF27,blue
C15ORF29,blue
C15ORF41,blue
C15ORF52,blue
C15ORF55,blue
C16ORF35,blue
C16ORF62,blue
C16ORF72,blue
C16ORF89,blue
C17ORF100,blue
C17ORF54,blue
C17ORF60,blue
C17ORF74,blue
C17ORF96,blue
C1ORF100,blue
C1ORF103,blue
C1ORF106,blue
C1ORF109,blue
C1ORF14,blue
C1ORF156,blue
C1ORF157,blue
C1ORF168,blue
C1ORF172,blue
C1ORF173,blue
C1ORF174,blue
C1ORF182,blue
C1ORF183,blue
C1ORF186,blue
C1ORF192,blue
C1ORF201,blue
C1ORF212,blue
C1ORF220,blue
C1ORF223,blue
C1ORF227,blue
C1ORF52,blue
C1ORF53,blue
C1ORF59,blue
C1ORF65,blue
C1ORF88,blue
C1ORF89,blue
C1ORF94,blue
C1QL3,blue
C1QTNF7,blue
C1QTNF9,blue
C1R,blue
C2,blue
C2CD3,blue
C2ORF3,blue
C2ORF34,blue
C2ORF40,blue
C2ORF42,blue
C2ORF53,blue
C2ORF69,blue
C2ORF74,blue
C2ORF83,blue
C3ORF14,blue
C3ORF20,blue
C3ORF21,blue
C3ORF25,blue
C3ORF26,blue
C3ORF31,blue
C3ORF43,blue
C3ORF48,blue
C3ORF51,blue
C3ORF57,blue
C3ORF59,blue
C3ORF67,blue
C4BPA,blue
C4ORF11,blue
C4ORF14,blue
C4ORF17,blue
C4ORF19,blue
C4ORF21,blue
C4ORF22,blue
C4ORF23,blue
C4ORF36,blue
C4ORF44,blue
C4ORF47,blue
C4ORF51,blue
C4ORF6,blue
C5ORF24,blue
C5ORF30,blue
C5ORF35,blue
C5ORF36,blue
C5ORF38,blue
C5ORF42,blue
C5ORF43,blue
C5ORF45,blue
C5ORF47,blue
C5ORF56,blue
C5ORF58,blue
C6ORF10,blue
C6ORF115,blue
C6ORF134,blue
C6ORF136,blue
C6ORF138,blue
C6ORF162,blue
C6ORF174,blue
C6ORF204,blue
C6ORF217,blue
C6ORF222,blue
C6ORF25,blue
C6ORF41,blue
C6ORF94,blue
C7ORF13,blue
C7ORF16,blue
C7ORF27,blue
C7ORF38,blue
C7ORF40,blue
C7ORF50,blue
C7ORF58,blue
C7ORF60,blue
C7ORF71,blue
C7ORF72,blue
C8ORF31,blue
C8ORF40,blue
C8ORF42,blue
C8ORF45,blue
C8ORF59,blue
C8ORF73,blue
C8ORF79,blue
C8ORF85,blue
C9ORF109,blue
C9ORF123,blue
C9ORF170,blue
C9ORF21,blue
C9ORF3,blue
C9ORF40,blue
C9ORF41,blue
C9ORF64,blue
C9ORF86,blue
C9ORF91,blue
C9ORF98,blue
CA10,blue
CA13,blue
CA8,blue
CAB39,blue
CABC1,blue
CACHD1,blue
CACNA1C,blue
CACNA1D,blue
CACNA1E,blue
CACNA1H,blue
CACNA2D1,blue
CACNA2D3,blue
CACNA2D4,blue
CACNB2,blue
CACNG3,blue
CADM1,blue
CADM2,blue
CADPS,blue
CALB2,blue
CALN1,blue
CAMK1D,blue
CAMK2G,blue
CAMKK2,blue
CAMSAP1,blue
CAMTA1,blue
CAND1,blue
CAPN13,blue
CAPRIN2,blue
CAPS2,blue
CAPZA2,blue
CAPZB,blue
CARD11,blue
CARS2,blue
CARTPT,blue
CASC4,blue
CASC5,blue
CASP10,blue
CASP3,blue
CASP6,blue
CASP7,blue
CASP8,blue
CASZ1,blue
CATSPER3,blue
CATSPER4,blue
CATSPERB,blue
CBFA2T3,blue
CBX4,blue
CBX5,blue
CC2D1B,blue
CCBL2,blue
CCDC108,blue
CCDC122,blue
CCDC125,blue
CCDC14,blue
CCDC142,blue
CCDC144NL,blue
CCDC15,blue
CCDC150,blue
CCDC162,blue
CCDC18,blue
CCDC30,blue
CCDC33,blue
CCDC39,blue
CCDC57,blue
CCDC77,blue
CCDC83,blue
CCDC85A,blue
CCDC85C,blue
CCDC88C,blue
CCDC92,blue
CCDC99,blue
CCK,blue
CCL26,blue
CCL28,blue
CCL5,blue
CCL7,blue
CCNA1,blue
CCNB1,blue
CCNB1IP1,blue
CCND1,blue
CCND2,blue
CCNDBP1,blue
CCNJL,blue
CCNY,blue
CCR1,blue
CCR2,blue
CCR4,blue
CCR8,blue
CD101,blue
CD163L1,blue
CD180,blue
CD1C,blue
CD1E,blue
CD200,blue
CD36,blue
CD38,blue
CD3E,blue
CD44,blue
CD48,blue
CD55,blue
CD58,blue
CD70,blue
CD83,blue
CD96,blue
CDAN1,blue
CDC16,blue
CDC42BPB,blue
CDC42EP5,blue
CDCA7L,blue
CDGAP,blue
CDH18,blue
CDH22,blue
CDH3,blue
CDK14,blue
CDK6,blue
CDK7,blue
CDKAL1,blue
CDKL1,blue
CDKL3,blue
CDKN3,blue
CDNF,blue
CDON,blue
CDX1,blue
CDYL,blue
CEL,blue
CENPO,blue
CENPP,blue
CENPQ,blue
CENPT,blue
CEP72,blue
CEPT1,blue
CES2,blue
CFDP1,blue
CFHR4,blue
CFLP1,blue
CFTR,blue
CGNL1,blue
CGREF1,blue
CHCHD4,blue
CHD7,blue
CHD8,blue
CHFR,blue
CHI3L2,blue
CHIA,blue
CHML,blue
CHMP4C,blue
CHN2,blue
CHPF,blue
CHRAC1,blue
CHRM2,blue
CHRM3,blue
CHRNA3,blue
CHRNA5,blue
CHRNB2,blue
CHRNB3,blue
CHRNB4,blue
CHST15,blue
CHST2,blue
CHUK,blue
CHURC1,blue
CIT,blue
CIZ1,blue
CKMT1B,blue
CLCA2,blue
CLCN1,blue
CLCN7,blue
CLDN10,blue
CLDN20,blue
CLDN4,blue
CLEC16A,blue
CLEC3A,blue
CLEC4A,blue
CLEC4C,blue
CLEC4F,blue
CLEC5A,blue
CLEC7A,blue
CLEC9A,blue
CLLU1OS,blue
CLMN,blue
CLPB,blue
CLPTM1L,blue
CLPX,blue
CLRN1OS,blue
CLRN2,blue
CLRN3,blue
CLSPN,blue
CLSTN1,blue
CLU,blue
CLYBL,blue
CMIP,blue
CMTM1,blue
CMTM2,blue
CMYA5,blue
CNBD1,blue
CNGA3,blue
CNNM1,blue
CNTD2,blue
CNTLN,blue
CNTN1,blue
CNTN4,blue
CNTNAP2,blue
COBL,blue
COBLL1,blue
COG1,blue
COG6,blue
COL10A1,blue
COL11A2,blue
COL12A1,blue
COL14A1,blue
COL15A1,blue
COL17A1,blue
COL21A1,blue
COL22A1,blue
COL23A1,blue
COL24A1,blue
COL25A1,blue
COL29A1,blue
COL4A1,blue
COL4A2,blue
COL5A1,blue
COL6A3,blue
COL6A6,blue
COL9A2,blue
COLEC10,blue
COLEC11,blue
COMMD1,blue
COMMD6,blue
COMMD9,blue
COPS8,blue
COQ7,blue
COX6A2,blue
COX7B2,blue
COX8C,blue
CPA4,blue
CPB2,blue
CPLX1,blue
CPLX3,blue
CPO,blue
CPPED1,blue
CPS1,blue
CPSF1,blue
CPT1A,blue
CPZ,blue
CRBN,blue
CREB1,blue
CREB5,blue
CREM,blue
CRHBP,blue
CRIM1,blue
CRISP2,blue
CRISP3,blue
CRMP1,blue
CRP,blue
CRTAC1,blue
CRTC3,blue
CRYGA,blue
CRYGC,blue
CRYL1,blue
CRYZ,blue
CSGALNACT1,blue
CSK,blue
CSMD1,blue
CSMD3,blue
CSNK1A1L,blue
CSNK1A1P,blue
CSNK1G1,blue
CSNK1G3,blue
CSRP3,blue
CTBP2,blue
CTBS,blue
CTDP1,blue
CTLA4,blue
CTNNA2,blue
CTNNA3,blue
CTNND2,blue
CTPS,blue
CTSG,blue
CTSK,blue
CTSL2,blue
CTSL3,blue
CTSS,blue
CTTN,blue
CTTNBP2,blue
CUGBP1,blue
CUX1,blue
CUX2,blue
CXCL14,blue
CXCL2,blue
CXCR5,blue
CXCR6,blue
CXCR7,blue
CYB5D1,blue
CYFIP1,blue
CYP20A1,blue
CYP26A1,blue
CYP27C1,blue
CYP2C9,blue
CYP2E1,blue
CYP39A1,blue
CYP46A1,blue
CYP7A1,blue
CYS1,blue
CYSLTR2,blue
CYTH3,blue
D2HGDH,blue
D4S234E,blue
DAAM1,blue
DAB1,blue
DAB2,blue
DAB2IP,blue
DACT2,blue
DAOA,blue
DARC,blue
DAZL,blue
DBF4,blue
DBNDD1,blue
DBNL,blue
DBT,blue
DCAF13,blue
DCAF4L2,blue
DCAF5,blue
DCHS1,blue
DCHS2,blue
DCLK1,blue
DCLK2,blue
DCLRE1A,blue
DCUN1D1,blue
DCUN1D2,blue
DCUN1D4,blue
DDAH1,blue
DDC,blue
DDHD1,blue
DDI2,blue
DDX10,blue
DDX31,blue
DDX4,blue
DDX41,blue
DDX60,blue
DEAF1,blue
DEC1,blue
DECR2,blue
DEFB133,blue
DEFB135,blue
DEFB136,blue
DENND1A,blue
DENND1B,blue
DENND2A,blue
DENND3,blue
DENND4A,blue
DERA,blue
DERL1,blue
DET1,blue
DFFB,blue
DFNA5,blue
DGCR8,blue
DGKD,blue
DGKG,blue
DGKI,blue
DGUOK,blue
DHFRL1,blue
DHRS3,blue
DHX15,blue
DHX16,blue
DHX33,blue
DIABLO,blue
DIAPH3,blue
DICER1,blue
DIP2C,blue
DIRAS3,blue
DIRC3,blue
DIS3L2,blue
DISC1,blue
DISP1,blue
DKFZP686I15217,blue
DKK1,blue
DKK4,blue
DLD,blue
DLGAP2,blue
DLK1,blue
DLL1,blue
DLX5,blue
DLX6AS,blue
DMP1,blue
DNAH10,blue
DNAH11,blue
DNAH17,blue
DNAH2,blue
DNAH5,blue
DNAH8,blue
DNAJA3,blue
DNAJB6,blue
DNAJC12,blue
DNAJC14,blue
DNAJC15,blue
DNAJC2,blue
DNAJC5B,blue
DNAJC8,blue
DNALI1,blue
DNASE1L3,blue
DNHD1,blue
DNM1P35,blue
DNM3,blue
DNMBP,blue
DOCK1,blue
DOCK4,blue
DOCK9,blue
DOK6,blue
DPCR1,blue
DPEP3,blue
DPF3,blue
DPP10,blue
DPP6,blue
DPPA2,blue
DPPA4,blue
DPYSL3,blue
DRD3,blue
DRD4,blue
DSCAML1,blue
DSCR8,blue
DSE,blue
DSP,blue
DSPP,blue
DST,blue
DSTYK,blue
DTHD1,blue
DTYMK,blue
DUPD1,blue
DUSP12,blue
DUSP27,blue
DUSP4,blue
DVL3,blue
DYNC1H1,blue
DYNC1I1,blue
DYRK3,blue
DYX1C1,blue
DZIP3,blue
E2F3,blue
EAPP,blue
EBF1,blue
EBF2,blue
EBF3,blue
ECE1,blue
ECHDC1,blue
EDEM1,blue
EDNRB,blue
EEF1DP3,blue
EEFSEC,blue
EEPD1,blue
EFCAB2,blue
EFCAB5,blue
EFHA1,blue
EFNA4,blue
EFNA5,blue
EGFL8,blue
EGFLAM,blue
EGFR,blue
EGR1,blue
EHF,blue
EHMT1,blue
EHMT2,blue
EIF2AK1,blue
EIF2C3,blue
EIF3A,blue
EIF3H,blue
EIF3IP1,blue
EIF3M,blue
EIF4G3,blue
EIF5,blue
EIF5A2,blue
ELF2,blue
ELF5,blue
ELK3,blue
ELOVL2,blue
ELOVL6,blue
ELTD1,blue
EN1,blue
ENAH,blue
ENDOD1,blue
ENOSF1,blue
ENOX1,blue
ENPP6,blue
ENTPD1,blue
ENTPD3,blue
EOMES,blue
EP400,blue
EP400NL,blue
EPAS1,blue
EPB41L3,blue
EPHA1,blue
EPHB2,blue
EPHX1,blue
ERAP2,blue
ERBB2,blue
ERBB4,blue
ERC1,blue
ERC2,blue
ERCC4,blue
ERCC5,blue
ERCC6,blue
EREG,blue
ERGIC1,blue
ERGIC2,blue
ERI2,blue
ERICH1,blue
ERLIN2,blue
ERP27,blue
ESD,blue
ESPNL,blue
ESR1,blue
ESRP2,blue
ESRRB,blue
ESRRG,blue
ESYT2,blue
ETAA1,blue
ETNK2,blue
ETS1,blue
ETV7,blue
EXD2,blue
EXOC2,blue
EXOC3,blue
EXOC4,blue
EXOC7,blue
EXOSC1,blue
EXT1,blue
EXT2,blue
EYA4,blue
EYS,blue
EZH2,blue
F10,blue
F11,blue
F3,blue
FABP5,blue
FAF1,blue
FAIM,blue
FAM101B,blue
FAM107A,blue
FAM107B,blue
FAM108C1,blue
FAM111A,blue
FAM111B,blue
FAM119B,blue
FAM120B,blue
FAM124A,blue
FAM126B,blue
FAM129B,blue
FAM12B,blue
FAM135A,blue
FAM13C,blue
FAM149A,blue
FAM150A,blue
FAM155A,blue
FAM160A1,blue
FAM161B,blue
FAM163A,blue
FAM168A,blue
FAM169B,blue
FAM170A,blue
FAM172A,blue
FAM174A,blue
FAM174B,blue
FAM180A,blue
FAM183A,blue
FAM183B,blue
FAM189A1,blue
FAM18A,blue
FAM196A,blue
FAM198A,blue
FAM19A5,blue
FAM20A,blue
FAM20C,blue
FAM24B,blue
FAM26F,blue
FAM3C,blue
FAM46B,blue
FAM46C,blue
FAM49B,blue
FAM53A,blue
FAM53B,blue
FAM53C,blue
FAM55A,blue
FAM59B,blue
FAM71A,blue
FAM73A,blue
FAM82A1,blue
FAM83B,blue
FAM8A1,blue
FAM98A,blue
FAM98B,blue
FANCC,blue
FANCE,blue
FANK1,blue
FAP,blue
FAT1,blue
FAT2,blue
FAT3,blue
FBLN2,blue
FBN1,blue
FBRSL1,blue
FBXL13,blue
FBXL17,blue
FBXL19,blue
FBXL3,blue
FBXL5,blue
FBXL7,blue
FBXO18,blue
FBXO25,blue
FBXO31,blue
FBXO32,blue
FBXO36,blue
FBXW8,blue
FCAMR,blue
FCGR2A,blue
FCHSD2,blue
FER,blue
FETUB,blue
FGD3,blue
FGD6,blue
FGF12,blue
FGF14,blue
FGF18,blue
FGF4,blue
FGF6,blue
FGF9,blue
FGFR1OP,blue
FGFR2,blue
FGGY,blue
FGL1,blue
FHAD1,blue
FHDC1,blue
FHIT,blue
FIBIN,blue
FILIP1,blue
FKBP15,blue
FKBP2,blue
FKBP4,blue
FKBP5,blue
FKBP7,blue
FKTN,blue
FLJ10213,blue
FLJ10357,blue
FLJ22536,blue
FLJ23834,blue
FLJ33360,blue
FLJ37543,blue
FLJ40434,blue
FLJ42289,blue
FLJ43663,blue
FLJ44606,blue
FLJ46321,blue
FLOT1,blue
FLRT1,blue
FLRT2,blue
FLT1,blue
FLYWCH1,blue
FMN2,blue
FMNL2,blue
FMO4,blue
FMO5,blue
FMO6P,blue
FMO9P,blue
FN3KRP,blue
FNBP1L,blue
FNBP4,blue
FNDC1,blue
FNDC3B,blue
FNDC7,blue
FOLR1,blue
FOXA1,blue
FOXF1,blue
FOXF2,blue
FOXI2,blue
FOXK1,blue
FOXK2,blue
FOXN3,blue
FOXP1,blue
FOXRED2,blue
FRAS1,blue
FREM2,blue
FRG1B,blue
FRMD4A,blue
FRMD4B,blue
FRMD6,blue
FRS2,blue
FRZB,blue
FSCB,blue
FSCN3,blue
FSD2,blue
FST,blue
FSTL5,blue
FUCA1,blue
FUT2,blue
FXR1,blue
FYB,blue
FYN,blue
FZD6,blue
GAA,blue
GABARAPL3,blue
GABBR1,blue
GABBR2,blue
GABPB1,blue
GABRA2,blue
GABRA5,blue
GABRA6,blue
GABRB3,blue
GABRG1,blue
GABRG3,blue
GABRR3,blue
GADD45G,blue
GADL1,blue
GAK,blue
GAL,blue
GAL3ST2,blue
GAL3ST3,blue
GALK2,blue
GALNT10,blue
GALNT11,blue
GALNT9,blue
GALNTL5,blue
GANC,blue
GARS,blue
GATA3,blue
GATA4,blue
GATAD2A,blue
GATC,blue
GBP2,blue
GBP5,blue
GC,blue
GCET2,blue
GCLC,blue
GCLM,blue
GCM1,blue
GCNT3,blue
GCOM1,blue
GDAP1,blue
GDAP2,blue
GDE1,blue
GDF9,blue
GDPD4,blue
GFI1,blue
GFPT2,blue
GFRA2,blue
GGA2,blue
GGPS1,blue
GHITM,blue
GHR,blue
GIMAP7,blue
GJA5,blue
GJA8,blue
GJB6,blue
GJC1,blue
GJD4,blue
GLB1L,blue
GLB1L2,blue
GLI2,blue
GLI3,blue
GLIPR1L1,blue
GLIPR1L2,blue
GLIS1,blue
GLIS3,blue
GLOD4,blue
GLRB,blue
GLS2,blue
GLT1D1,blue
GLT25D2,blue
GLT6D1,blue
GLT8D1,blue
GLUL,blue
GLYATL2,blue
GMCL1,blue
GMCL1L,blue
GMDS,blue
GNA12,blue
GNAS,blue
GNB1,blue
GNB5,blue
GNG12,blue
GNGT1,blue
GNL2,blue
GNL3,blue
GNPDA1,blue
GNPNAT1,blue
GNPTG,blue
GNRH1,blue
GOLGA3,blue
GOLT1B,blue
GON4L,blue
GP1BA,blue
GP5,blue
GPATCH2,blue
GPC1,blue
GPC6,blue
GPM6A,blue
GPR123,blue
GPR125,blue
GPR126,blue
GPR133,blue
GPR137,blue
GPR137B,blue
GPR152,blue
GPR153,blue
GPR155,blue
GPR157,blue
GPR161,blue
GPR177,blue
GPR18,blue
GPR180,blue
GPR26,blue
GPR37,blue
GPSM2,blue
GPT2,blue
GPX2,blue
GPX3,blue
GPX5,blue
GPX6,blue
GRAMD1C,blue
GRASP,blue
GRB10,blue
GRB14,blue
GREB1,blue
GREM1,blue
GREM2,blue
GRHL1,blue
GRHL2,blue
GRHL3,blue
GRIA4,blue
GRID1,blue
GRID2,blue
GRIK2,blue
GRIK4,blue
GRIN2B,blue
GRINL1A,blue
GRIP1,blue
GRK4,blue
GRK5,blue
GRM1,blue
GRM3,blue
GRM4,blue
GRM5,blue
GRM6,blue
GRM7,blue
GRM8,blue
GRTP1,blue
GRXCR1,blue
GSDMB,blue
GSG1,blue
GSG1L,blue
GSK3B,blue
GSN,blue
GSTM4,blue
GSTO2,blue
GSX1,blue
GTF2F2,blue
GTPBP10,blue
GTSF1,blue
GUCY1A3,blue
GUCY2E,blue
GULP1,blue
GYPC,blue
H2AFJ,blue
H3F3C,blue
HARBI1,blue
HAS3,blue
HAUS4,blue
HCCA2,blue
HCG18,blue
HCG22,blue
HCN1,blue
HCRTR1,blue
HDAC4,blue
HDDC2,blue
HDLBP,blue
HEATR2,blue
HEATR3,blue
HEATR4,blue
HEATR5A,blue
HEATR7A,blue
HEBP1,blue
HECW1,blue
HEG1,blue
HEPACAM2,blue
HEPHL1,blue
HERC2,blue
HERC4,blue
HERV-FRD,blue
HESX1,blue
HFE,blue
HHAT,blue
HHIPL2,blue
HHLA3,blue
HIATL1,blue
HIP1,blue
HIPK2,blue
HIST1H1A,blue
HIST1H1B,blue
HIST1H1T,blue
HIST1H2AA,blue
HIST1H4G,blue
HIST2H2AB,blue
HIVEP1,blue
HIVEP2,blue
HIVEP3,blue
HJURP,blue
HK1,blue
HK2,blue
HLA-DOA,blue
HLA-DOB,blue
HLA-DPA1,blue
HLA-DPB2,blue
HLA-DQA1,blue
HLA-DQA2,blue
HLA-DQB2,blue
HLA-DRA,blue
HLA-E,blue
HLA-F,blue
HLA-H,blue
HLCS,blue
HMBOX1,blue
HMCN1,blue
HMGA2,blue
HMGB4,blue
HMGCLL1,blue
HMGN4,blue
HNRNPC,blue
HOOK1,blue
HOOK2,blue
HORMAD1,blue
HOXA2,blue
HOXA3,blue
HOXA4,blue
HOXC8,blue
HOXD1,blue
HOXD4,blue
HPCAL1,blue
HPSE2,blue
HRH1,blue
HRK,blue
HRNBP3,blue
HRNR,blue
HS3ST1,blue
HS3ST3B1,blue
HS3ST4,blue
HS6ST1,blue
HSD11B1,blue
HSD17B12,blue
HSD17B13,blue
HSF1,blue
HSPA1L,blue
HSPB11,blue
HSPB8,blue
HSPC159,blue
HTR1F,blue
HTR2A,blue
HTR3A,blue
HTR7P,blue
HTRA3,blue
HTT,blue
HUS1,blue
HYAL1,blue
HYAL4,blue
HYDIN,blue
HYLS1,blue
IAH1,blue
ICAM5,blue
IDO1,blue
IFIH1,blue
IFIT1L,blue
IFITM4P,blue
IFITM5,blue
IFNA14,blue
IGDCC3,blue
IGF1,blue
IGF1R,blue
IGF2AS,blue
IGF2BP1,blue
IGF2BP2,blue
IGF2BP3,blue
IGF2R,blue
IGFBP1,blue
IGFBP3,blue
IGFBPL1,blue
IGHMBP2,blue
IGSF11,blue
IGSF3,blue
IGSF9B,blue
IKBKAP,blue
IKZF3,blue
IKZF4,blue
IL11RA,blue
IL12A,blue
IL12RB2,blue
IL15,blue
IL17F,blue
IL17RC,blue
IL17RD,blue
IL18R1,blue
IL1B,blue
IL1F8,blue
IL1R2,blue
IL1RAP,blue
IL1RL1,blue
IL1RL2,blue
IL20RA,blue
IL20RB,blue
IL22,blue
IL4R,blue
IL5RA,blue
IL9,blue
ILKAP,blue
IMMP2L,blue
IMPG1,blue
INADL,blue
INCENP,blue
INF2,blue
ING5,blue
INHBC,blue
INO80C,blue
INPP1,blue
INPP4A,blue
INPP4B,blue
INPP5A,blue
INS-IGF2,blue
INSC,blue
INSL3,blue
INSL5,blue
INSL6,blue
INSM2,blue
INTS1,blue
INTS6,blue
IPCEF1,blue
IPO5,blue
IPO7,blue
IQCA1,blue
IQCE,blue
IQGAP2,blue
IQSEC1,blue
IRAK2,blue
IRF2,blue
IRF6,blue
IRF7,blue
IRF8,blue
IRS2,blue
IRX2,blue
ISG15,blue
ISPD,blue
ITGA2B,blue
ITGA8,blue
ITGAD,blue
ITGAM,blue
ITGB5,blue
ITGB6,blue
ITGBL1,blue
ITIH5,blue
ITPKA,blue
ITPR1,blue
ITPR3,blue
ITPRIPL2,blue
IWS1,blue
IYD,blue
JAG2,blue
JAK2,blue
JAKMIP2,blue
JAKMIP3,blue
JARID2,blue
JAZF1,blue
JHDM1D,blue
JMJD1C,blue
JRKL,blue
JTB,blue
JUNB,blue
JUND,blue
KALRN,blue
KARS,blue
KBTBD12,blue
KCNA4,blue
KCNAB1,blue
KCNB2,blue
KCNC1,blue
KCND2,blue
KCNE4,blue
KCNG4,blue
KCNH5,blue
KCNH7,blue
KCNIP1,blue
KCNIP4,blue
KCNJ1,blue
KCNJ16,blue
KCNK13,blue
KCNMA1,blue
KCNMB2,blue
KCNMB3,blue
KCNN2,blue
KCNN3,blue
KCNQ1,blue
KCNQ1DN,blue
KCNQ5,blue
KCNS3,blue
KCP,blue
KCTD16,blue
KCTD4,blue
KDM2A,blue
KDM4A,blue
KDM4D,blue
KHDRBS2,blue
KIAA0101,blue
KIAA0146,blue
KIAA0174,blue
KIAA0182,blue
KIAA0415,blue
KIAA0564,blue
KIAA0748,blue
KIAA0895,blue
KIAA0913,blue
KIAA0922,blue
KIAA0947,blue
KIAA1009,blue
KIAA1026,blue
KIAA1109,blue
KIAA1211,blue
KIAA1217,blue
KIAA1239,blue
KIAA1324L,blue
KIAA1409,blue
KIAA1432,blue
KIAA1467,blue
KIAA1530,blue
KIAA1539,blue
KIAA1549,blue
KIAA1688,blue
KIAA1715,blue
KIAA1751,blue
KIAA1908,blue
KIAA1958,blue
KIAA2018,blue
KIF13B,blue
KIF1B,blue
KIF20B,blue
KIF24,blue
KIF25,blue
KIF26B,blue
KIF5C,blue
KIF6,blue
KIFC1,blue
KIFC3,blue
KIRREL3,blue
KIT,blue
KITLG,blue
KLF13,blue
KLF15,blue
KLF17,blue
KLF4,blue
KLHDC4,blue
KLHDC7A,blue
KLHL20,blue
KLHL28,blue
KLHL29,blue
KLHL30,blue
KLHL36,blue
KLHL5,blue
KLHL6,blue
KLHL8,blue
KLKB1,blue
KLRA1,blue
KLRD1,blue
KNG1,blue
KPNA1,blue
KRAS,blue
KRIT1,blue
KRT1,blue
KRT18,blue
KRT2,blue
KRT27,blue
KRT38,blue
KRT39,blue
KRT7,blue
KRT76,blue
KRT77,blue
KRTAP2-2,blue
KRTAP4-1,blue
KRTAP5-10,blue
KSR2,blue
KTN1,blue
LACTB,blue
LAMA2,blue
LAMB1,blue
LAMB2,blue
LAMB2L,blue
LAMP1,blue
LAPTM4A,blue
LARP1,blue
LARP1B,blue
LARP6,blue
LARP7,blue
LASS3,blue
LASS6,blue
LATS2,blue
LAX1,blue
LCK,blue
LCOR,blue
LCORL,blue
LCT,blue
LDB2,blue
LDHA,blue
LDHC,blue
LECT2,blue
LEKR1,blue
LEMD3,blue
LEPREL1,blue
LETMD1,blue
LGR4,blue
LHFPL3,blue
LHPP,blue
LHX5,blue
LHX6,blue
LIMA1,blue
LIMS2,blue
LINGO2,blue
LIPC,blue
LIPF,blue
LIPJ,blue
LIX1,blue
LMBR1,blue
LMCD1,blue
LMF1,blue
LMOD2,blue
LMTK2,blue
LNPEP,blue
LNX1,blue
LNX2,blue
LOC100128542,blue
LOC100128554,blue
LOC100129637,blue
LOC100130331,blue
LOC100130872,blue
LOC100132707,blue
LOC100134259,blue
LOC100169752,blue
LOC100188947,blue
LOC100188949,blue
LOC100190939,blue
LOC100271832,blue
LOC100286948,blue
LOC100329109,blue
LOC121838,blue
LOC134466,blue
LOC148696,blue
LOC148824,blue
LOC150622,blue
LOC151658,blue
LOC152024,blue
LOC154822,blue
LOC255025,blue
LOC255167,blue
LOC282997,blue
LOC283174,blue
LOC283267,blue
LOC283761,blue
LOC284688,blue
LOC285194,blue
LOC285205,blue
LOC285359,blue
LOC285501,blue
LOC285593,blue
LOC285627,blue
LOC285629,blue
LOC285692,blue
LOC285735,blue
LOC285740,blue
LOC285768,blue
LOC285830,blue
LOC286094,blue
LOC286238,blue
LOC286359,blue
LOC339524,blue
LOC339535,blue
LOC339788,blue
LOC340017,blue
LOC340094,blue
LOC360030,blue
LOC374443,blue
LOC387647,blue
LOC388965,blue
LOC390595,blue
LOC399744,blue
LOC399959,blue
LOC401127,blue
LOC401463,blue
LOC402644,blue
LOC442308,blue
LOC619207,blue
LOC641746,blue
LOC642587,blue
LOC645323,blue
LOC648740,blue
LOC650226,blue
LOC723809,blue
LOC723972,blue
LOC727677,blue
LOC729020,blue
LOC729384,blue
LOC729799,blue
LOC730755,blue
LOC731789,blue
LOC84856,blue
LOC91948,blue
LOC93622,blue
LOH12CR1,blue
LONRF1,blue
LOR,blue
LOXL1,blue
LPCAT3,blue
LPGAT1,blue
LPHN3,blue
LPP,blue
LPPR5,blue
LQK1,blue
LRBA,blue
LRFN2,blue
LRGUK,blue
LRIG2,blue
LRIG3,blue
LRMP,blue
LRP2BP,blue
LRP5,blue
LRP8,blue
LRPAP1,blue
LRRC15,blue
LRRC16A,blue
LRRC18,blue
LRRC2,blue
LRRC27,blue
LRRC41,blue
LRRC43,blue
LRRC4C,blue
LRRC66,blue
LRRC7,blue
LRRC70,blue
LRRC8D,blue
LRRCC1,blue
LRRK1,blue
LRRTM4,blue
LSAMP,blue
LSM1,blue
LSM11,blue
LSM12,blue
LSM3,blue
LTB,blue
LTB4R,blue
LTBP1,blue
LTBP3,blue
LTV1,blue
LUC7L,blue
LUC7L2,blue
LUZP1,blue
LUZP2,blue
LVRN,blue
LY6D,blue
LYAR,blue
LYPD6,blue
LYRM4,blue
LYSMD2,blue
LYSMD4,blue
LYST,blue
LYVE1,blue
LYZL2,blue
LYZL4,blue
MAB21L2,blue
MACF1,blue
MAD1L1,blue
MAEA,blue
MAEL,blue
MAFK,blue
MAGI1,blue
MAGI2,blue
MAK,blue
MAML3,blue
MAN1A2,blue
MAN1C1,blue
MAN2A1,blue
MANBA,blue
MAP1D,blue
MAP2K5,blue
MAP3K10,blue
MAP3K11,blue
MAP3K13,blue
MAP3K6,blue
MAP3K7,blue
MAP3K7IP2,blue
MAP3K9,blue
MAP4,blue
MAP4K4,blue
MAP7,blue
MAPK15,blue
MAPKAP1,blue
MAPKAPK2,blue
MAPKSP1,blue
MARCH1,blue
MARCH10,blue
MARCH3,blue
MARCH4,blue
MARCH5,blue
MARCH6,blue
MARCH8,blue
MARK3,blue
MARVELD2,blue
MAS1,blue
MAST2,blue
MAST4,blue
MATN2,blue
MATN3,blue
MAX,blue
MBIP,blue
MBLAC2,blue
MBNL1,blue
MBNL2,blue
MBOAT1,blue
MBOAT2,blue
MC3R,blue
MCART3P,blue
MCCC1,blue
MCF2L,blue
MCM2,blue
MCOLN2,blue
MCPH1,blue
MCTP1,blue
MCTP2,blue
MDC1,blue
MDFI,blue
MDH2,blue
MDN1,blue
ME1,blue
ME3,blue
MECR,blue
MED12L,blue
MED21,blue
MED24,blue
MED27,blue
MEF2A,blue
MEG3,blue
MEG8,blue
MEIS2,blue
MEOX1,blue
MEP1A,blue
MEPCE,blue
MEST,blue
METRNL,blue
METT11D1,blue
METTL13,blue
METTL5,blue
METTL6,blue
MEX3D,blue
MFAP1,blue
MFAP3,blue
MFAP3L,blue
MFHAS1,blue
MGAT4A,blue
MGAT5,blue
MGC15885,blue
MGC29506,blue
MGC87042,blue
MGEA5,blue
MGMT,blue
MGST2,blue
MIA2,blue
MICAL2,blue
MICAL3,blue
MICB,blue
MIER2,blue
MINA,blue
MIOS,blue
MIR107,blue
MIR1178,blue
MIR1204,blue
MIR1205,blue
MIR127,blue
MIR1307,blue
MIR133B,blue
MIR136,blue
MIR181B1,blue
MIR190,blue
MIR1913,blue
MIR196A1,blue
MIR206,blue
MIR211,blue
MIR299,blue
MIR369,blue
MIR411,blue
MIR496,blue
MIR548C,blue
MIR548F5,blue
MIR548G,blue
MIR548H3,blue
MIR548H4,blue
MIR548N,blue
MIR549,blue
MIR592,blue
MIR598,blue
MIR654,blue
MIR708,blue
MIR758,blue
MIR889,blue
MIR921,blue
MIRLET7G,blue
MITF,blue
MKL2,blue
MKS1,blue
MLL3,blue
MLL5,blue
MLLT3,blue
MLLT4,blue
MMAA,blue
MMD2,blue
MMP1,blue
MMP13,blue
MMP17,blue
MMP2,blue
MMP26,blue
MMP27,blue
MMP28,blue
MMRN2,blue
MNAT1,blue
MOBKL1A,blue
MOBKL2B,blue
MORF4L1,blue
MORN4,blue
MOV10L1,blue
MPHOSPH8,blue
MPL,blue
MPP6,blue
MPPED2,blue
MPZ,blue
MPZL1,blue
MR1,blue
MREG,blue
MRPL12,blue
MRPL14,blue
MRPL23,blue
MRPL42,blue
MRPL42P5,blue
MRPL48,blue
MRPL52,blue
MRPS15,blue
MRPS17,blue
MRPS18B,blue
MRPS28,blue
MRPS9,blue
MRTO4,blue
MS4A13,blue
MS4A14,blue
MS4A5,blue
MSH5,blue
MSI2,blue
MSMB,blue
MSRA,blue
MT4,blue
MTAP,blue
MTCH1,blue
MTDH,blue
MTF1,blue
MTFR1,blue
MTG1,blue
MTHFD1,blue
MTHFD2L,blue
MTHFSD,blue
MTMR12,blue
MTMR6,blue
MTMR9,blue
MTNR1A,blue
MTUS1,blue
MTUS2,blue
MUC2,blue
MUC21,blue
MUC4,blue
MUC6,blue
MUC7,blue
MUCL1,blue
MUPCDH,blue
MXI1,blue
MYADML,blue
MYADML2,blue
MYCBP2,blue
MYF6,blue
MYL1,blue
MYLK4,blue
MYO10,blue
MYO16,blue
MYO1B,blue
MYO1D,blue
MYO1G,blue
MYO1H,blue
MYO3A,blue
MYO3B,blue
MYO5C,blue
MYOF,blue
MYPN,blue
MYRIP,blue
MYSM1,blue
MYST3,blue
MYST4,blue
MYT1L,blue
N4BP1,blue
N4BP2,blue
NAA11,blue
NAA15,blue
NAA30,blue
NAAA,blue
NACA2,blue
NADSYN1,blue
NALCN,blue
NAMPT,blue
NAT1,blue
NAV1,blue
NAV2,blue
NBAS,blue
NBEA,blue
NBEAL2,blue
NBR1,blue
NCAPD2,blue
NCBP2,blue
NCEH1,blue
NCK2,blue
NCKAP5,blue
NCOA1,blue
NCOA4,blue
NCRNA00164,blue
NCRNA00202,blue
NDE1,blue
NDST1,blue
NDST2,blue
NDUFA10,blue
NDUFA3,blue
NDUFAF2,blue
NDUFB2,blue
NDUFB6,blue
NDUFB8,blue
NDUFS4,blue
NDUFS6,blue
NECAB1,blue
NEDD9,blue
NEIL2,blue
NEK10,blue
NEK2,blue
NEK3,blue
NEK6,blue
NEK7,blue
NEU1,blue
NEURL,blue
NEURL3,blue
NEXN,blue
NF1,blue
NFAT5,blue
NFATC4,blue
NFE2L2,blue
NFKB1,blue
NFXL1,blue
NFYC,blue
NHEDC1,blue
NHEDC2,blue
NHLRC1,blue
NINJ2,blue
NIPA2,blue
NKAIN1,blue
NKAIN2,blue
NKAIN3,blue
NKAPL,blue
NKTR,blue
NKX6-3,blue
NMD3,blue
NMNAT2,blue
NMT2,blue
NOC2L,blue
NOC4L,blue
NOD2,blue
NODAL,blue
NOL10,blue
NOL8,blue
NOM1,blue
NOP14,blue
NOP58,blue
NOS1AP,blue
NOS3,blue
NOTCH4,blue
NOV,blue
NOX3,blue
NPAS3,blue
NPDC1,blue
NPFFR2,blue
NPHP4,blue
NPL,blue
NPNT,blue
NPR1,blue
NPR2,blue
NPY,blue
NR1D2,blue
NR4A2,blue
NR5A2,blue
NRBP1,blue
NRD1,blue
NRF1,blue
NRG1,blue
NRG3,blue
NRP1,blue
NRXN1,blue
NRXN2,blue
NRXN3,blue
NSMAF,blue
NSMCE1,blue
NSMCE2,blue
NSUN2,blue
NSUN3,blue
NT5C1B,blue
NT5C3,blue
NT5DC1,blue
NT5DC2,blue
NTM,blue
NTN4,blue
NTRK3,blue
NUCKS1,blue
NUDCD1,blue
NUP98,blue
NXN,blue
NXPH1,blue
OAZ3,blue
OBFC1,blue
OBFC2B,blue
OBSCN,blue
OCA2,blue
ODZ2,blue
ODZ3,blue
ODZ4,blue
OLA1,blue
OLFM1,blue
OLFM4,blue
OOEP,blue
OPA1,blue
OPCML,blue
OPN5,blue
OPRM1,blue
OR10A5,blue
OR10G4,blue
OR10Q1,blue
OR11A1,blue
OR11L1,blue
OR13G1,blue
OR14A16,blue
OR14J1,blue
OR1L6,blue
OR2AT4,blue
OR2G3,blue
OR2T1,blue
OR2T33,blue
OR2W3,blue
OR51B2,blue
OR51E2,blue
OR51S1,blue
OR52B4,blue
OR52B6,blue
OR52E2,blue
OR5C1,blue
OR5D18,blue
OR5I1,blue
OR5K3,blue
OR5P2,blue
OR6A2,blue
OR6B3,blue
OR6C70,blue
OR6F1,blue
OR6K2,blue
OR6X1,blue
OR7E156P,blue
OR9A2,blue
OR9Q1,blue
OSBPL5,blue
OSBPL6,blue
OSBPL8,blue
OSBPL9,blue
OSGIN1,blue
OSTN,blue
OTOF,blue
OTUD7B,blue
OVCH2,blue
OXCT1,blue
OXER1,blue
OXR1,blue
P2RY14,blue
P2RY6,blue
P4HA1,blue
P4HA2,blue
PABPC3,blue
PABPC4,blue
PABPN1,blue
PACRG,blue
PACRGL,blue
PADI1,blue
PAFAH1B1,blue
PAG1,blue
PAIP2B,blue
PAK2,blue
PALLD,blue
PALM2,blue
PAN3,blue
PANK4,blue
PANX3,blue
PAOX,blue
PAPLN,blue
PAPOLB,blue
PAPPA,blue
PAQR5,blue
PARD3,blue
PARD3B,blue
PARK2,blue
PARN,blue
PARP1,blue
PARP11,blue
PARP14,blue
PARP16,blue
PARP9,blue
PARVA,blue
PASK,blue
PATE2,blue
PAX7,blue
PBRM1,blue
PBX1,blue
PC,blue
PCCA,blue
PCDH17,blue
PCDH7,blue
PCDH9,blue
PCDHA2,blue
PCDHB16,blue
PCDHGA4,blue
PCGF3,blue
PCGF5,blue
PCLO,blue
PCNT,blue
PCNXL2,blue
PCP4L1,blue
PCSK6,blue
PCSK9,blue
PDCL2,blue
PDE10A,blue
PDE11A,blue
PDE1C,blue
PDE3B,blue
PDE4B,blue
PDE4D,blue
PDE5A,blue
PDE6B,blue
PDE7A,blue
PDE7B,blue
PDGFD,blue
PDGFRB,blue
PDHA2,blue
PDLIM1,blue
PDLIM3,blue
PDP2,blue
PDSS2,blue
PDXDC1,blue
PDZD2,blue
PDZD8,blue
PDZRN3,blue
PECR,blue
PEG10,blue
PELI1,blue
PELI2,blue
PENK,blue
PER3,blue
PER4,blue
PERP,blue
PEX14,blue
PEX19,blue
PEX5,blue
PFKL,blue
PFKP,blue
PFN4,blue
PGBD5,blue
PGC,blue
PGGT1B,blue
PGLYRP3,blue
PGM1,blue
PGR,blue
PHACTR1,blue
PHACTR2,blue
PHAX,blue
PHC3,blue
PHF14,blue
PHF17,blue
PHF21A,blue
PHGR1,blue
PHLDB2,blue
PHTF1,blue
PI4K2A,blue
PID1,blue
PIF1,blue
PIGG,blue
PIGH,blue
PIGQ,blue
PIK3AP1,blue
PIK3C2G,blue
PIK3CD,blue
PIK3CG,blue
PIK3R5,blue
PINX1,blue
PIP4K2A,blue
PIPOX,blue
PIPSL,blue
PITPNC1,blue
PITRM1,blue
PITX3,blue
PIWIL1,blue
PIWIL2,blue
PIWIL4,blue
PKD1L1,blue
PKHD1L1,blue
PKNOX2,blue
PLA2G4A,blue
PLA2G4D,blue
PLA2G5,blue
PLA2G7,blue
PLA2R1,blue
PLAC8L1,blue
PLAG1,blue
PLAGL1,blue
PLBD2,blue
PLCE1,blue
PLCH1,blue
PLCZ1,blue
PLEC1,blue
PLEKHA5,blue
PLEKHA7,blue
PLEKHG1,blue
PLEKHG4B,blue
PLEKHH2,blue
PLEKHM3,blue
PLIN2,blue
PLLP,blue
PLOD1,blue
PLS1,blue
PLXNA4,blue
PLXNC1,blue
PMFBP1,blue
PMP22,blue
PMS1,blue
PMS2CL,blue
PNLIP,blue
PNMA1,blue
PNMT,blue
PNO1,blue
PNPLA1,blue
PNPT1,blue
POGZ,blue
POLD3,blue
POLE2,blue
POLH,blue
POLK,blue
POLL,blue
POLN,blue
POLR1C,blue
POLR2B,blue
POLS,blue
POMC,blue
POMGNT1,blue
POMT1,blue
PON1,blue
PON3,blue
POSTN,blue
POTEE,blue
PPAP2B,blue
PPAP2C,blue
PPARA,blue
PPARD,blue
PPARG,blue
PPARGC1A,blue
PPBP,blue
PPFIA1,blue
PPFIA2,blue
PPFIA4,blue
PPIG,blue
PPIL1,blue
PPIL4,blue
PPIL6,blue
PPM1A,blue
PPM1G,blue
PPM1L,blue
PPP1CA,blue
PPP1R12A,blue
PPP1R12B,blue
PPP1R14C,blue
PPP1R3B,blue
PPP1R3E,blue
PPP1R7,blue
PPP1R8,blue
PPP1R9A,blue
PPP2R2B,blue
PPP2R2D,blue
PPP2R4,blue
PPP2R5C,blue
PPP2R5E,blue
PPP3CB,blue
PPP4R4,blue
PRAGMIN,blue
PRDM10,blue
PRDM16,blue
PRDM6,blue
PRDM8,blue
PRDX1,blue
PRDXDD1P,blue
PRHOXNB,blue
PRICKLE1,blue
PRICKLE2,blue
PRIM1,blue
PRKAB2,blue
PRKAG2,blue
PRKAR1B,blue
PRKCB,blue
PRKCD,blue
PRKCE,blue
PRKCQ,blue
PRKCSH,blue
PRKCZ,blue
PRKG1,blue
PRLH,blue
PRMT10,blue
PRMT8,blue
PRO1768,blue
PROC,blue
PROK2,blue
PROL1,blue
PROM1,blue
PRPF18,blue
PRPF3,blue
PRPF40A,blue
PRPS1L1,blue
PRR21,blue
PRR3,blue
PRR4,blue
PRR5L,blue
PRRX2,blue
PRSS3,blue
PRSS35,blue
PRSS45,blue
PRTFDC1,blue
PRTG,blue
PSD3,blue
PSKH1,blue
PSMA1,blue
PSMB8,blue
PSMB9,blue
PSMD1,blue
PSMD13,blue
PSMD6,blue
PSMD9,blue
PSME4,blue
PSPH,blue
PTAFR,blue
PTCD3,blue
PTCRA,blue
PTDSS2,blue
PTER,blue
PTGDR,blue
PTGER2,blue
PTGES,blue
PTGFRN,blue
PTGR2,blue
PTK2,blue
PTK2B,blue
PTK7,blue
PTP4A3,blue
PTPLAD1,blue
PTPN14,blue
PTPN21,blue
PTPN22,blue
PTPN3,blue
PTPN7,blue
PTPRD,blue
PTPRE,blue
PTPRG,blue
PTPRJ,blue
PTPRK,blue
PTPRN2,blue
PTPRZ1,blue
PUM2,blue
PUS3,blue
PVRL3,blue
PVT1,blue
PWRN1,blue
PXDN,blue
PXDNL,blue
PXN,blue
PXT1,blue
PYY,blue
PZP,blue
QPCT,blue
QRFPR,blue
RAB10,blue
RAB18,blue
RAB1B,blue
RAB20,blue
RAB28,blue
RAB2B,blue
RAB32,blue
RAB35,blue
RAB39,blue
RAB3GAP2,blue
RAB5A,blue
RAB7A,blue
RAB7L1,blue
RAB9P1,blue
RABEPK,blue
RABGEF1,blue
RABIF,blue
RACGAP1P,blue
RAD18,blue
RAD50,blue
RAD51,blue
RAD51L1,blue
RAD51L3,blue
RAD9A,blue
RADIL,blue
RAG2,blue
RAGE,blue
RAI14,blue
RALA,blue
RALGPS1,blue
RALGPS2,blue
RANBP17,blue
RANBP9,blue
RAPGEF1,blue
RAPGEF5,blue
RARA,blue
RARS2,blue
RASA3,blue
RASAL2,blue
RASGRP2,blue
RASGRP3,blue
RASL11A,blue
RASL11B,blue
RASSF1,blue
RASSF8,blue
RAVER2,blue
RBBP4,blue
RBL2,blue
RBM12B,blue
RBM14,blue
RBM15B,blue
RBM23,blue
RBM28,blue
RBM33,blue
RBM43,blue
RBM45,blue
RBM47,blue
RBM6,blue
RBMS1,blue
RBMS2,blue
RBMS3,blue
RBP2,blue
RBP4,blue
RBPMS,blue
RBPMS2,blue
RCAN3,blue
RCC2,blue
RECQL5,blue
REG1A,blue
RELL1,blue
RERE,blue
REXO1L2P,blue
RFC1,blue
RFESD,blue
RFPL4B,blue
RFX4,blue
RGMB,blue
RGNEF,blue
RGS20,blue
RGS6,blue
RGS7,blue
RHOG,blue
RICS,blue
RIF1,blue
RILPL1,blue
RIMBP2,blue
RIMS1,blue
RIMS2,blue
RIPK1,blue
RIT1,blue
RLBP1,blue
RMST,blue
RNASE1,blue
RNASE10,blue
RNASE12,blue
RNASE4,blue
RNASEH1,blue
RNASEN,blue
RND3,blue
RNF115,blue
RNF13,blue
RNF130,blue
RNF14,blue
RNF150,blue
RNF17,blue
RNF182,blue
RNF187,blue
RNF2,blue
RNF212,blue
RNF213,blue
RNF26,blue
RNF32,blue
RNF5P1,blue
RNGTT,blue
RNH1,blue
RNPEP,blue
RNY5,blue
ROBO1,blue
ROBO2,blue
ROCK1,blue
ROPN1B,blue
ROR1,blue
ROR2,blue
RPA1,blue
RPA2,blue
RPGRIP1,blue
RPH3AL,blue
RPL22,blue
RPL29P2,blue
RPL30,blue
RPL31,blue
RPL5,blue
RPLP0,blue
RPLP1,blue
RPP38,blue
RPRD2,blue
RPRM,blue
RPS10P7,blue
RPS13,blue
RPS15A,blue
RPS19,blue
RPS20,blue
RPS26,blue
RPS2P32,blue
RPS3,blue
RPS6KA2,blue
RPTOR,blue
RPUSD2,blue
RPUSD4,blue
RRAS2,blue
RREB1,blue
RSU1,blue
RTKN2,blue
RTL1,blue
RTN1,blue
RTN4IP1,blue
RTP2,blue
RTP4,blue
RUFY1,blue
RUFY4,blue
RUNDC2A,blue
RUNDC3B,blue
RUNX1T1,blue
RUNX2,blue
RUVBL1,blue
RYR2,blue
RYR3,blue
S100A10,blue
S100A11,blue
SACS,blue
SAMD12,blue
SAMD3,blue
SAMD7,blue
SAMD9,blue
SAMD9L,blue
SAP18,blue
SATB1,blue
SATB2,blue
SBF1P1,blue
SCAND2,blue
SCAND3,blue
SCAPER,blue
SCARNA27,blue
SCFD2,blue
SCGB1C1,blue
SCGB3A2,blue
SCHIP1,blue
SCIN,blue
SCML4,blue
SCN5A,blue
SCN8A,blue
SCO1,blue
SCRIB,blue
SCRN1,blue
SCRN3,blue
SCTR,blue
SDAD1,blue
SDC2,blue
SDCCAG8,blue
SDHC,blue
SDK1,blue
SDPR,blue
SDR16C6,blue
SDR42E1,blue
SEC1,blue
SEC16A,blue
SEC22B,blue
SEC61A2,blue
SEC63,blue
SECISBP2L,blue
SELE,blue
SELS,blue
SEMA3C,blue
SEMA5A,blue
SEMA5B,blue
SENP7,blue
SEPSECS,blue
SEPT11,blue
SEPT9,blue
SERGEF,blue
SERP2,blue
SERPINA10,blue
SERPINA6,blue
SERPINB5,blue
SERPINB6,blue
SERPINC1,blue
SERPINE2,blue
SESN1,blue
SESTD1,blue
SET,blue
SETD3,blue
SETD8,blue
SETDB2,blue
SETMAR,blue
SF3B2,blue
SFRP4,blue
SFRS13B,blue
SFRS18,blue
SFRS2IP,blue
SFRS4,blue
SFRS5,blue
SFRS8,blue
SFTPA1,blue
SFXN4,blue
SGCD,blue
SGCE,blue
SGK269,blue
SGMS1,blue
SGPP2,blue
SH2B2,blue
SH2B3,blue
SH2D7,blue
SH3BP4,blue
SH3BP5,blue
SH3D19,blue
SH3PXD2A,blue
SH3RF1,blue
SH3RF3,blue
SHANK2,blue
SHC2,blue
SHISA6,blue
SHPRH,blue
SHROOM3,blue
SIAE,blue
SIL1,blue
SIPA1L2,blue
SIRT1,blue
SIRT4,blue
SKA3,blue
SKI,blue
SKINTL,blue
SKIV2L,blue
SLAIN1,blue
SLAMF8,blue
SLC11A2,blue
SLC12A1,blue
SLC12A4,blue
SLC12A7,blue
SLC13A5,blue
SLC15A4,blue
SLC16A1,blue
SLC16A12,blue
SLC16A14,blue
SLC16A7,blue
SLC17A3,blue
SLC17A4,blue
SLC18A1,blue
SLC1A1,blue
SLC20A2,blue
SLC22A1,blue
SLC22A18,blue
SLC22A23,blue
SLC22A25,blue
SLC22A7,blue
SLC23A1,blue
SLC24A1,blue
SLC24A5,blue
SLC25A12,blue
SLC25A13,blue
SLC25A16,blue
SLC25A21,blue
SLC25A24,blue
SLC25A26,blue
SLC25A27,blue
SLC25A29,blue
SLC25A36,blue
SLC25A37,blue
SLC25A38,blue
SLC25A4,blue
SLC26A1,blue
SLC26A11,blue
SLC26A2,blue
SLC26A8,blue
SLC27A2,blue
SLC28A2,blue
SLC28A3,blue
SLC29A3,blue
SLC2A1,blue
SLC2A12,blue
SLC2A14,blue
SLC2A2,blue
SLC31A2,blue
SLC35B3,blue
SLC35C1,blue
SLC35F1,blue
SLC35F3,blue
SLC36A1,blue
SLC36A3,blue
SLC36A4,blue
SLC37A2,blue
SLC38A11,blue
SLC38A3,blue
SLC38A8,blue
SLC38A9,blue
SLC39A10,blue
SLC39A14,blue
SLC41A3,blue
SLC44A4,blue
SLC45A1,blue
SLC45A2,blue
SLC45A4,blue
SLC4A11,blue
SLC4A4,blue
SLC6A1,blue
SLC6A12,blue
SLC6A16,blue
SLC6A18,blue
SLC6A2,blue
SLC6A3,blue
SLC6A6,blue
SLC6A9,blue
SLC7A1,blue
SLC7A13,blue
SLC7A14,blue
SLC7A7,blue
SLC8A3,blue
SLC9A3,blue
SLC9A9,blue
SLCO1B3,blue
SLCO6A1,blue
SLFN12,blue
SLIT1,blue
SLITRK6,blue
SLN,blue
SMAD3,blue
SMAD6,blue
SMAD9,blue
SMARCC1,blue
SMOC1,blue
SMOC2,blue
SMUG1,blue
SMURF1,blue
SMYD1,blue
SMYD3,blue
SND1,blue
SNED1,blue
SNHG6,blue
SNIP1,blue
SNORA25,blue
SNORA49,blue
SNORA59B,blue
SNORD11,blue
SNORD113-9,blue
SNORD114-20,blue
SNORD114-21,blue
SNORD114-7,blue
SNORD115-41,blue
SNORD15B,blue
SNORD1C,blue
SNORD47,blue
SNORD72,blue
SNORD94,blue
SNRNP25,blue
SNTG1,blue
SNTG2,blue
SNX17,blue
SNX20,blue
SNX25,blue
SNX27,blue
SNX8,blue
SOAT1,blue
SOBP,blue
SOCS1,blue
SOHLH2,blue
SOLH,blue
SORBS1,blue
SORCS1,blue
SORCS2,blue
SORL1,blue
SOX11,blue
SOX2OT,blue
SOX30,blue
SP140L,blue
SP7,blue
SPA17,blue
SPAG1,blue
SPAG16,blue
SPAG17,blue
SPAG6,blue
SPARCL1,blue
SPATA13,blue
SPATA16,blue
SPATA19,blue
SPATA22,blue
SPATA3,blue
SPATA4,blue
SPATA8,blue
SPATA9,blue
SPCS2,blue
SPDYC,blue
SPEN,blue
SPG7,blue
SPINK7,blue
SPIRE2,blue
SPRED2,blue
SPRR2C,blue
SPRR2D,blue
SPRR3,blue
SPSB4,blue
SPTBN1,blue
SPZ1,blue
SR140,blue
SRBD1,blue
SRGAP1,blue
SRGAP3,blue
SRPK2,blue
SRRM2,blue
SRRM4,blue
SSBP2,blue
SSBP3,blue
SSC5D,blue
SSH1,blue
SSPN,blue
SSTR4,blue
ST18,blue
ST20,blue
ST3GAL1,blue
ST3GAL2,blue
ST3GAL3,blue
ST3GAL4,blue
ST3GAL5,blue
ST3GAL6,blue
ST6GAL1,blue
ST6GALNAC3,blue
ST7,blue
STAB2,blue
STAC3,blue
STAG1,blue
STAM,blue
STAP1,blue
STARD13,blue
STARD7,blue
STARD9,blue
STAT1,blue
STATH,blue
STAU2,blue
STEAP1,blue
STIM2,blue
STIP1,blue
STK31,blue
STK32C,blue
STK38L,blue
STK39,blue
STK40,blue
STOX1,blue
STOX2,blue
STRA8,blue
STRAP,blue
STRN3,blue
STT3B,blue
STX11,blue
STX17,blue
STX18,blue
STX2,blue
STXBP1,blue
STXBP6,blue
SUCNR1,blue
SUFU,blue
SUGT1,blue
SULT6B1,blue
SUPT3H,blue
SURF6,blue
SVIL,blue
SWAP70,blue
SYCE1,blue
SYCP2,blue
SYCP3,blue
SYDE2,blue
SYN2,blue
SYNC,blue
SYNCRIP,blue
SYNE1,blue
SYNE2,blue
SYNGAP1,blue
SYNJ2,blue
SYNJ2BP,blue
SYNPR,blue
SYT1,blue
SYT17,blue
SYT2,blue
SYT6,blue
SYT9,blue
SYTL1,blue
SYTL2,blue
T,blue
TAAR6,blue
TAAR8,blue
TACC1,blue
TACO1,blue
TACR1,blue
TAF11,blue
TAF12,blue
TAF13,blue
TAF3,blue
TAF7,blue
TAGAP,blue
TAL1,blue
TAL2,blue
TAP1,blue
TAP2,blue
TAPBP,blue
TARSL2,blue
TAS1R2,blue
TAS2R20,blue
TAS2R38,blue
TAS2R39,blue
TAS2R4,blue
TAS2R40,blue
TAS2R5,blue
TAS2R60,blue
TATDN1,blue
TATDN2,blue
TBC1D14,blue
TBC1D16,blue
TBC1D22B,blue
TBC1D4,blue
TBC1D7,blue
TBCD,blue
TBL1XR1,blue
TBX1,blue
TBX15,blue
TBX3,blue
TBX5,blue
TBXAS1,blue
TCEB3,blue
TCERG1L,blue
TCF12,blue
TCF7L1,blue
TCF7L2,blue
TCHH,blue
TCL1A,blue
TCTEX1D4,blue
TCTN2,blue
TDH,blue
TDRD1,blue
TDRD10,blue
TDRD6,blue
TDRD7,blue
TEAD1,blue
TECRL,blue
TECTA,blue
TEKT4,blue
TENC1,blue
TEPP,blue
TERF2,blue
TERT,blue
TES,blue
TESC,blue
TET3,blue
TEX12,blue
TEX15,blue
TFAMP1,blue
TFCP2L1,blue
TFDP1,blue
TFPI,blue
TGFBRAP1,blue
TGM4,blue
TGM7,blue
TH,blue
THADA,blue
THAP4,blue
THBS1,blue
THBS4,blue
THEM4,blue
THNSL2,blue
THRB,blue
THSD4,blue
THSD7A,blue
THUMPD1,blue
THUMPD2,blue
TIAL1,blue
TIAM2,blue
TIFA,blue
TIGD2,blue
TIMELESS,blue
TIPIN,blue
TIPRL,blue
TJP2,blue
TKTL2,blue
TLK1,blue
TLL2,blue
TLN2,blue
TLR10,blue
TLR5,blue
TM4SF20,blue
TMBIM1,blue
TMCC1,blue
TMCO3,blue
TMCO5A,blue
TMCO6,blue
TMED3,blue
TMED7-TICAM2,blue
TMED8,blue
TMEM106A,blue
TMEM108,blue
TMEM110,blue
TMEM131,blue
TMEM132B,blue
TMEM132D,blue
TMEM136,blue
TMEM144,blue
TMEM14C,blue
TMEM163,blue
TMEM168,blue
TMEM177,blue
TMEM18,blue
TMEM181,blue
TMEM182,blue
TMEM184A,blue
TMEM185B,blue
TMEM186,blue
TMEM217,blue
TMEM218,blue
TMEM223,blue
TMEM232,blue
TMEM26,blue
TMEM30A,blue
TMEM39A,blue
TMEM41B,blue
TMEM45A,blue
TMEM45B,blue
TMEM49,blue
TMEM5,blue
TMEM51,blue
TMEM68,blue
TMEM71,blue
TMEM74,blue
TMEM81,blue
TMOD1,blue
TMPRSS11B,blue
TMPRSS11F,blue
TMTC1,blue
TMTC4,blue
TNFAIP6,blue
TNFAIP8,blue
TNFRSF19,blue
TNFRSF25,blue
TNFRSF8,blue
TNFRSF9,blue
TNFSF13B,blue
TNIK,blue
TNIP3,blue
TNK2,blue
TNN,blue
TNNT3,blue
TNP2,blue
TNR,blue
TNRC6A,blue
TNS1,blue
TNS3,blue
TNXB,blue
TOLLIP,blue
TOMM20L,blue
TOP1MT,blue
TOR3A,blue
TP53AIP1,blue
TP53INP1,blue
TP73,blue
TPD52L3,blue
TPH2,blue
TPM3,blue
TPO,blue
TPPP,blue
TPRA1,blue
TPST1,blue
TRA2B,blue
TRAF3IP2,blue
TRAF5,blue
TRAK1,blue
TRANK1,blue
TRAP1,blue
TRAPPC3,blue
TRAPPC9,blue
TRAT1,blue
TRDMT1,blue
TREM1,blue
TREM2,blue
TRERF1,blue
TRHDE,blue
TRIB1,blue
TRIM10,blue
TRIM13,blue
TRIM15,blue
TRIM2,blue
TRIM22,blue
TRIM26,blue
TRIM27,blue
TRIM3,blue
TRIM31,blue
TRIM36,blue
TRIM39,blue
TRIM4,blue
TRIM42,blue
TRIM5,blue
TRIM52,blue
TRIM58,blue
TRIM6,blue
TRIM6-TRIM34,blue
TRIM61,blue
TRIM68,blue
TRIM71,blue
TRIM72,blue
TRIM9,blue
TRIO,blue
TRIP4,blue
TRIT1,blue
TROAP,blue
TRPM1,blue
TRPM8,blue
TRPS1,blue
TRPV1,blue
TRRAP,blue
TSEN15,blue
TSFM,blue
TSGA13,blue
TSGA14,blue
TSHR,blue
TSNARE1,blue
TSNAX-DISC1,blue
TSPAN12,blue
TSPAN5,blue
TSPAN9,blue
TSPYL6,blue
TSSC1,blue
TSTD1,blue
TTC14,blue
TTC15,blue
TTC17,blue
TTC23,blue
TTC23L,blue
TTC24,blue
TTC30A,blue
TTC35,blue
TTC39A,blue
TTC8,blue
TTLL10,blue
TTLL5,blue
TTN,blue
TTYH2,blue
TUBA3D,blue
TUBG2,blue
TUBGCP2,blue
TUBGCP3,blue
TUBGCP5,blue
TUFT1,blue
TULP4,blue
TUSC1,blue
TWIST1,blue
TXLNB,blue
TXNDC15,blue
TXNDC5,blue
TXNRD1,blue
TYR,blue
TYRO3,blue
TYW3,blue
UACA,blue
UAP1,blue
UBAC2,blue
UBASH3B,blue
UBE2CBP,blue
UBE2E1,blue
UBE2H,blue
UBE2J1,blue
UBE2U,blue
UBE3C,blue
UBE4B,blue
UBN2,blue
UBP1,blue
UBQLN3,blue
UBR3,blue
UBXN2B,blue
UCHL3,blue
UCN3,blue
UCP3,blue
UGT1A10,blue
UGT1A6,blue
UGT1A9,blue
UGT2B4,blue
UGT3A1,blue
ULK2,blue
ULK4,blue
UMPS,blue
UNC5B,blue
UNC5D,blue
UNC80,blue
UNC84A,blue
UNC93A,blue
UPF3A,blue
UPK1B,blue
UPP1,blue
URGCP,blue
URM1,blue
UROS,blue
USP1,blue
USP10,blue
USP12,blue
USP13,blue
USP31,blue
USP47,blue
USP6NL,blue
USP7,blue
UST,blue
UTP14C,blue
UTP15,blue
UTRN,blue
UXS1,blue
VAMP1,blue
VAMP3,blue
VANGL1,blue
VAV2,blue
VAX1,blue
VCL,blue
VCP,blue
VEGFC,blue
VGLL3,blue
VGLL4,blue
VHL,blue
VILL,blue
VIPR1,blue
VNN2,blue
VPRBP,blue
VPS13B,blue
VPS13D,blue
VPS24,blue
VPS37A,blue
VPS37B,blue
VPS45,blue
VPS52,blue
VPS53,blue
VPS8,blue
VRK2,blue
VSIG8,blue
VSNL1,blue
VSTM2A,blue
VTI1A,blue
VTRNA1-2,blue
VWA3B,blue
VWA5A,blue
VWA5B1,blue
WARS2,blue
WASF3,blue
WDFY3,blue
WDFY4,blue
WDR20,blue
WDR27,blue
WDR33,blue
WDR35,blue
WDR37,blue
WDR43,blue
WDR45L,blue
WDR46,blue
WDR49,blue
WDR59,blue
WDR60,blue
WDR66,blue
WDR69,blue
WDR77,blue
WDR8,blue
WDR85,blue
WDR86,blue
WDR89,blue
WDSUB1,blue
WDTC1,blue
WEE2,blue
WFDC1,blue
WHSC1,blue
WHSC2,blue
WIPI2,blue
WISP1,blue
WISP3,blue
WNK4,blue
WNT16,blue
WNT5A,blue
WNT5B,blue
WNT9A,blue
WWOX,blue
XIRP1,blue
XKR4,blue
XKR6,blue
XKR8,blue
XRCC2,blue
XRCC5,blue
YAF2,blue
YEATS4,blue
YIPF4,blue
YSK4,blue
ZAK,blue
ZAR1L,blue
ZBTB10,blue
ZBTB2,blue
ZBTB20,blue
ZBTB38,blue
ZBTB6,blue
ZBTB7A,blue
ZBTB9,blue
ZC3H12C,blue
ZC3H14,blue
ZC3HAV1L,blue
ZC3HC1,blue
ZCCHC14,blue
ZDHHC14,blue
ZDHHC17,blue
ZDHHC19,blue
ZFAT,blue
ZFHX3,blue
ZFHX4,blue
ZFP36,blue
ZFP36L1,blue
ZFP42,blue
ZFP62,blue
ZFP90,blue
ZFPM1,blue
ZFPM2,blue
ZFYVE20,blue
ZFYVE28,blue
ZFYVE9,blue
ZIM2,blue
ZMAT3,blue
ZMAT4,blue
ZMYND12,blue
ZNF12,blue
ZNF131,blue
ZNF133,blue
ZNF141,blue
ZNF169,blue
ZNF19,blue
ZNF2,blue
ZNF202,blue
ZNF215,blue
ZNF236,blue
ZNF239,blue
ZNF248,blue
ZNF252,blue
ZNF259,blue
ZNF26,blue
ZNF273,blue
ZNF286A,blue
ZNF292,blue
ZNF300,blue
ZNF311,blue
ZNF323,blue
ZNF331,blue
ZNF333,blue
ZNF354C,blue
ZNF358,blue
ZNF362,blue
ZNF366,blue
ZNF367,blue
ZNF385B,blue
ZNF385D,blue
ZNF391,blue
ZNF398,blue
ZNF410,blue
ZNF423,blue
ZNF425,blue
ZNF438,blue
ZNF451,blue
ZNF485,blue
ZNF496,blue
ZNF501,blue
ZNF502,blue
ZNF509,blue
ZNF517,blue
ZNF557,blue
ZNF605,blue
ZNF609,blue
ZNF618,blue
ZNF619,blue
ZNF621,blue
ZNF654,blue
ZNF655,blue
ZNF662,blue
ZNF664,blue
ZNF696,blue
ZNF71,blue
ZNF713,blue
ZNF727,blue
ZNF746,blue
ZNF75A,blue
ZNF774,blue
ZNF778,blue
ZNF783,blue
ZNF787,blue
ZNF789,blue
ZNF804B,blue
ZNF827,blue
ZNF833,blue
ZNF837,blue
ZNF839,blue
ZNF843,blue
ZNF879,blue
ZNRD1,blue
ZP2,blue
ZP4,blue
ZRANB3,blue
ZSCAN18,blue
ZSCAN20,blue
ZSWIM2,blue
ZSWIM6,blue
ZUFSP,blue
ZYG11B,blue
A2BP1,brown
AACS,brown
ABCA7,brown
ABCC11,brown
ABCF1,brown
ABL1,brown
ABLIM2,brown
ABO,brown
ACACB,brown
ACCN3,brown
ACCS,brown
ACOX3,brown
ACSF3,brown
ACSL6,brown
ACTR3C,brown
ACY1,brown
ADAD1,brown
ADAM12,brown
ADAM2,brown
ADAMTS14,brown
ADAMTS15,brown
ADAMTS16,brown
ADAMTS17,brown
ADAMTS20,brown
ADAMTS7,brown
ADAMTSL2,brown
ADARB2,brown
ADCY1,brown
ADCY9,brown
ADD1,brown
ADD2,brown
ADRA1B,brown
AEBP1,brown
AFAP1,brown
AFF3,brown
AGAP1,brown
AGBL4,brown
AGTRAP,brown
AHDC1,brown
AIFM2,brown
AJAP1,brown
AKAP13,brown
AKNA,brown
ALDH1A3,brown
ALDH7A1,brown
ALKBH2,brown
ALOX12P2,brown
ALPK1,brown
ALX1,brown
ALX3,brown
AMDHD1,brown
ANGEL1,brown
ANGEL2,brown
ANKRD11,brown
ANKRD30A,brown
ANKRD34A,brown
ANKRD53,brown
ANKS1A,brown
ANKS1B,brown
ANO3,brown
APH1B,brown
APOA4,brown
APOB,brown
AQP9,brown
ARF3,brown
ARHGAP12,brown
ARHGAP22,brown
ARHGEF10,brown
ARHGEF10L,brown
ARHGEF12,brown
ARL15,brown
ARMC2,brown
ARSB,brown
ARSG,brown
ARSI,brown
ARVCF,brown
AS3MT,brown
ASNSD1,brown
ASPH,brown
ASTN1,brown
ATAD1,brown
ATF2,brown
ATF6B,brown
ATOH7,brown
ATOH8,brown
ATP10A,brown
ATP11A,brown
ATP13A2,brown
ATP2B4,brown
ATP6V0A1,brown
ATXN7,brown
ATXN7L1,brown
AUTS2,brown
AXIN1,brown
B3GALNT1,brown
B3GAT3,brown
B4GALT2,brown
B4GALT7,brown
BAALC,brown
BAHCC1,brown
BAMBI,brown
BANP,brown
BAT2L2,brown
BAT3,brown
BBS4,brown
BCL2L14,brown
BDNF,brown
BHLHA15,brown
BNIP1,brown
BOC,brown
BRE,brown
BREA2,brown
BRF1,brown
BRMS1L,brown
BRPF3,brown
BTBD6,brown
BZW1,brown
C10ORF140,brown
C10ORF84,brown
C10ORF96,brown
C11ORF24,brown
C11ORF41,brown
C11ORF93,brown
C11ORF95,brown
C12ORF47,brown
C12ORF56,brown
C12ORF68,brown
C13ORF16,brown
C13ORF31,brown
C14ORF115,brown
C14ORF143,brown
C14ORF179,brown
C14ORF23,brown
C14ORF37,brown
C14ORF43,brown
C14ORF73,brown
C16ORF67,brown
C16ORF90,brown
C17ORF105,brown
C17ORF46,brown
C17ORF54,brown
C17ORF61,brown
C19ORF41,brown
C19ORF51,brown
C19ORF66,brown
C1ORF113,brown
C1ORF124,brown
C1ORF125,brown
C1ORF159,brown
C1ORF21,brown
C1ORF43,brown
C1ORF51,brown
C1ORF70,brown
C1ORF86,brown
C1ORF88,brown
C1ORF97,brown
C1QTNF4,brown
C1QTNF9,brown
C1R,brown
C21ORF57,brown
C21ORF88,brown
C22ORF26,brown
C2CD4A,brown
C2ORF39,brown
C2ORF54,brown
C2ORF69,brown
C2ORF86,brown
C2ORF89,brown
C2ORF90,brown
C3ORF17,brown
C3ORF26,brown
C3ORF30,brown
C3ORF62,brown
C4ORF34,brown
C4ORF39,brown
C5ORF13,brown
C5ORF45,brown
C5ORF54,brown
C5ORF62,brown
C6ORF108,brown
C6ORF147,brown
C6ORF176,brown
C6ORF35,brown
C6ORF48,brown
C6ORF57,brown
C7ORF10,brown
C7ORF16,brown
C7ORF20,brown
C7ORF50,brown
C7ORF53,brown
C7ORF59,brown
C8ORF12,brown
C8ORF48,brown
C8ORF56,brown
C8ORF58,brown
C8ORF73,brown
C9ORF125,brown
C9ORF144B,brown
C9ORF170,brown
C9ORF86,brown
C9ORF91,brown
CAB39L,brown
CACHD1,brown
CACNA1C,brown
CACNA1G,brown
CACNA2D1,brown
CACNB2,brown
CACNG8,brown
CADM1,brown
CADPS2,brown
CALCB,brown
CAMK1D,brown
CAMK2A,brown
CAMK2B,brown
CAMKK2,brown
CAMLG,brown
CAMTA1,brown
CANT1,brown
CAP2,brown
CAPN2,brown
CARD11,brown
CARS2,brown
CASKIN1,brown
CBFB,brown
CBLN4,brown
CBX4,brown
CCDC12,brown
CCDC127,brown
CCDC140,brown
CCDC154,brown
CCDC163P,brown
CCDC17,brown
CCDC37,brown
CCDC48,brown
CCDC81,brown
CCDC88C,brown
CCNB1,brown
CCND2,brown
CCNF,brown
CCNL2,brown
CCR6,brown
CD19,brown
CD63,brown
CDC42BPB,brown
CDC42SE2,brown
CDC5L,brown
CDH1,brown
CDH11,brown
CDH13,brown
CDH6,brown
CDK5R2,brown
CDKL4,brown
CDO1,brown
CDV3,brown
CDYL,brown
CEBPD,brown
CEBPZ,brown
CELSR1,brown
CENPH,brown
CENPJ,brown
CEP70,brown
CFLAR,brown
CFTR,brown
CGNL1,brown
CHD5,brown
CHI3L2,brown
CHP,brown
CHRM2,brown
CHST1,brown
CHST11,brown
CKB,brown
CLCN6,brown
CLCN7,brown
CLDN11,brown
CLEC16A,brown
CLEC3B,brown
CLN8,brown
CLSTN2,brown
CLYBL,brown
CMAH,brown
CMBL,brown
CMIP,brown
CMTM7,brown
CMYA5,brown
CNN3,brown
CNNM3,brown
CNOT1,brown
CNTNAP5,brown
COBL,brown
COL11A2,brown
COL21A1,brown
COL6A3,brown
COL9A3,brown
COQ10B,brown
COTL1,brown
COX5A,brown
CPA2,brown
CPNE1,brown
CPSF2,brown
CPT2,brown
CRB2,brown
CREB3L4,brown
CREBBP,brown
CRIM1,brown
CRIP2,brown
CRMP1,brown
CRY1,brown
CSF1R,brown
CSGALNACT1,brown
CSMD1,brown
CSRP2,brown
CTBP2,brown
CTNNA1,brown
CTNNA2,brown
CTNNB1,brown
CTSO,brown
CTTN,brown
CUL4A,brown
CUX1,brown
CUX2,brown
CWF19L1,brown
CXCL5,brown
CXCR1,brown
CXCR5,brown
CYHR1,brown
CYMP,brown
CYP1B1,brown
CYP26C1,brown
CYP2E1,brown
DAAM1,brown
DAB1,brown
DACH1,brown
DAPK2,brown
DAZAP2,brown
DBNDD2,brown
DCAF4,brown
DCHS1,brown
DCUN1D5,brown
DEM1,brown
DENND1A,brown
DENND1B,brown
DEPDC6,brown
DFNA5,brown
DHRS12,brown
DHX58,brown
DIO2,brown
DIP2C,brown
DLAT,brown
DLGAP2,brown
DLX1,brown
DLX5,brown
DMAP1,brown
DMRTB1,brown
DNAH17,brown
DNAH5,brown
DNAJC17,brown
DNTT,brown
DOCK1,brown
DOK2,brown
DST,brown
DUSP19,brown
DUSP22,brown
DVL1,brown
DYDC2,brown
DYSF,brown
DZIP1,brown
EBAG9,brown
EBF2,brown
EBF3,brown
EDNRA,brown
EEF1D,brown
EEPD1,brown
EFCAB2,brown
EFNA4,brown
EFNA5,brown
EGF,brown
EHD1,brown
EHD3,brown
EHMT2,brown
EIF2AK2,brown
EIF2AK4,brown
EIF2C2,brown
EIF4EBP3,brown
ELK4,brown
ELMO2,brown
EMP1,brown
EN2,brown
ENTPD3,brown
EP400,brown
EP400NL,brown
EPB41L5,brown
EPB49,brown
EPHB1,brown
EPS8L2,brown
ERAP1,brown
ERCC2,brown
ERCC5,brown
ERICH1,brown
ESYT1,brown
ETV5,brown
EXD3,brown
EXOC1,brown
EXOC3,brown
EXPH5,brown
EXT1,brown
EYA4,brown
FADS1,brown
FAM101A,brown
FAM104A,brown
FAM115A,brown
FAM129A,brown
FAM133B,brown
FAM162A,brown
FAM163A,brown
FAM190A,brown
FAM196B,brown
FAM198A,brown
FAM36A,brown
FAM38A,brown
FAM53C,brown
FAM59B,brown
FAM5B,brown
FAM71C,brown
FAM71E1,brown
FAM73A,brown
FAM73B,brown
FAM8A1,brown
FAR1,brown
FARP1,brown
FAT1,brown
FBLIM1,brown
FBXL2,brown
FBXL7,brown
FBXW11,brown
FBXW4,brown
FCHSD1,brown
FCRLA,brown
FEZ2,brown
FGF11,brown
FGF12,brown
FGF2,brown
FGFR1,brown
FGGY,brown
FIS1,brown
FKBP11,brown
FLAD1,brown
FLJ22536,brown
FLJ39609,brown
FLJ40434,brown
FLJ42709,brown
FLRT2,brown
FMN1,brown
FMNL2,brown
FMO3,brown
FNDC8,brown
FOXG1,brown
FOXN3,brown
FRAS1,brown
FREM3,brown
FRMD3,brown
FRMD4A,brown
FRMD5,brown
FUS,brown
FUT11,brown
FXYD2,brown
FXYD6,brown
FYN,brown
GABRA1,brown
GABRB3,brown
GALNT10,brown
GALNT2,brown
GAS2L1,brown
GAS8,brown
GATA6,brown
GBX2,brown
GCH1,brown
GCK,brown
GCNT2,brown
GDF10,brown
GDF6,brown
GDPD1,brown
GEM,brown
GFI1,brown
GFRA1,brown
GGA2,brown
GINS2,brown
GINS4,brown
GIPR,brown
GJB2,brown
GK5,brown
GLB1L2,brown
GLI2,brown
GLI3,brown
GLIS3,brown
GLT1D1,brown
GNA12,brown
GNAI1,brown
GNAI2,brown
GNB2,brown
GNG7,brown
GNRHR,brown
GOLGA3,brown
GPC1,brown
GPC5,brown
GPC6,brown
GPLD1,brown
GPR110,brown
GPR126,brown
GPR133,brown
GPR135,brown
GPR176,brown
GPR18,brown
GPR21,brown
GPR37,brown
GPR39,brown
GPS1,brown
GRAMD1B,brown
GRID2IP,brown
GRIK2,brown
GRIN2B,brown
GRK4,brown
GRK5,brown
GRM2,brown
GRM5,brown
GRM8,brown
GRTP1,brown
GSTA4,brown
GSTM2,brown
GSTM3,brown
GSTO2,brown
GTF2H4,brown
GUCY1A2,brown
H2AFX,brown
HAL,brown
HAO2,brown
HAPLN1,brown
HAS1,brown
HAS3,brown
HAUS3,brown
HCG9,brown
HDAC4,brown
HDAC7,brown
HDGF2,brown
HEATR5A,brown
HERC5,brown
HERPUD2,brown
HIST2H2AA3,brown
HIVEP3,brown
HK1,brown
HLA-A,brown
HLA-B,brown
HLA-DOA,brown
HLA-DPB1,brown
HLA-DQB1,brown
HLA-DRB1,brown
HLA-H,brown
HLA-J,brown
HMGA2,brown
HMOX2,brown
HNRPLL,brown
HOXB3,brown
HPCAL1,brown
HPSE2,brown
HS6ST3,brown
HSBP1L1,brown
HSD11B1,brown
HSPA1L,brown
HSPA7,brown
HSPB3,brown
HTR2A,brown
HTR3B,brown
HTRA4,brown
HUS1B,brown
IBTK,brown
ID1,brown
IFNGR1,brown
IFT140,brown
IGF1R,brown
IGFBP5,brown
IGFBP7,brown
IL17RC,brown
IL1F8,brown
IMMP2L,brown
INPP5B,brown
INTS1,brown
IP6K1,brown
IPMK,brown
IPO4,brown
IQCE,brown
IQGAP2,brown
IRF6,brown
IRX2,brown
IRX3,brown
IRX4,brown
IRX5,brown
ISL2,brown
ISM2,brown
ISPD,brown
ITGAM,brown
ITGB1BP1,brown
ITIH2,brown
ITIH5,brown
JPH3,brown
JUB,brown
KANK1,brown
KAZALD1,brown
KCNA4,brown
KCNA6,brown
KCNAB1,brown
KCNE4,brown
KCNG3,brown
KCNJ1,brown
KCNJ8,brown
KCNMB3,brown
KCNN1,brown
KCNN2,brown
KCNN4,brown
KCNQ1,brown
KCNQ1DN,brown
KCNU1,brown
KCTD5,brown
KDM2B,brown
KHDC1,brown
KIAA0319,brown
KIAA0319L,brown
KIAA0922,brown
KIAA1026,brown
KIAA1199,brown
KIAA1430,brown
KIAA1549,brown
KIAA1586,brown
KIAA1614,brown
KIAA1715,brown
KIAA1875,brown
KIAA1949,brown
KIF1B,brown
KIF21B,brown
KIF25,brown
KIF26A,brown
KIF26B,brown
KIF2B,brown
KIF5C,brown
KLC2,brown
KLF12,brown
KLF14,brown
KLF16,brown
KLHDC7A,brown
KLHDC8A,brown
KLHL3,brown
KLHL31,brown
KLHL5,brown
KPNA4,brown
KPNA6,brown
KRAS,brown
KRT75,brown
KSR2,brown
L3MBTL4,brown
LAMB1,brown
LAMC1,brown
LANCL2,brown
LCE1A,brown
LCE1B,brown
LCLAT1,brown
LCN12,brown
LDB1,brown
LDB3,brown
LETM2,brown
LGALS1,brown
LGI1,brown
LGI2,brown
LGI3,brown
LGR4,brown
LHPP,brown
LHX5,brown
LHX9,brown
LIMS2,brown
LMAN2L,brown
LMBR1L,brown
LMO3,brown
LMO4,brown
LMOD1,brown
LMTK2,brown
LMX1A,brown
LOC100128731,brown
LOC100129066,brown
LOC100129354,brown
LOC100130691,brown
LOC100192378,brown
LOC100329109,brown
LOC154449,brown
LOC255025,brown
LOC283332,brown
LOC283404,brown
LOC285780,brown
LOC285830,brown
LOC400657,brown
LOC442308,brown
LOC645323,brown
LOC646498,brown
LOH12CR1,brown
LOX,brown
LPHN3,brown
LPIN1,brown
LPPR2,brown
LPPR4,brown
LRAT,brown
LRP1,brown
LRP5,brown
LRP6,brown
LRRC45,brown
LRRIQ3,brown
LRSAM1,brown
LSR,brown
LTB4R2,brown
LTBP2,brown
LUZP1,brown
LXN,brown
LYPD1,brown
LYPD5,brown
LYPD6,brown
LYRM4,brown
MACF1,brown
MACROD2,brown
MAD1L1,brown
MAFG,brown
MAGI1,brown
MAN1B1,brown
MAN1C1,brown
MAP1D,brown
MAP3K12,brown
MAP3K8,brown
MAP7,brown
MAPK8IP3,brown
MAPRE3,brown
MARCH1,brown
MARCH11,brown
MARK2,brown
MARS,brown
MAST1,brown
MAST4,brown
MBP,brown
MBTPS1,brown
MCF2L,brown
MCM2,brown
MCM3,brown
ME3,brown
MECOM,brown
MED12L,brown
MEF2C,brown
MEIG1,brown
MEIS2,brown
MEN1,brown
MESP1,brown
METT11D1,brown
MEX3A,brown
MFSD4,brown
MFSD7,brown
MGC2889,brown
MGC70857,brown
MGC72080,brown
MGMT,brown
MGRN1,brown
MICA,brown
MICB,brown
MIER1,brown
MIR1181,brown
MIR1256,brown
MIR191,brown
MIR193B,brown
MIR549,brown
MIR659,brown
MLANA,brown
MLL5,brown
MLLT4,brown
MLLT6,brown
MMACHC,brown
MMP16,brown
MMP20,brown
MMP21,brown
MND1,brown
MORN1,brown
MOSC2,brown
MOXD1,brown
MPZ,brown
MPZL1,brown
MRFAP1,brown
MRPS27,brown
MRPS31,brown
MRTO4,brown
MRVI1,brown
MT3,brown
MTA1,brown
MTDH,brown
MTERFD1,brown
MTG1,brown
MTHFD1L,brown
MTSS1L,brown
MUC4,brown
MYC,brown
MYCL1,brown
MYH14,brown
MYL5,brown
MYO10,brown
MYO18A,brown
MYOM2,brown
N4BP3,brown
NAA16,brown
NAB2,brown
NACA,brown
NADSYN1,brown
NAT1,brown
NAV2,brown
NBEA,brown
NBR2,brown
NCALD,brown
NCAPG,brown
NCF2,brown
NCK2,brown
NCKAP1,brown
NCOR2,brown
NCRNA00120,brown
NDNL2,brown
NDUFA7,brown
NDUFS6,brown
NEB,brown
NECAP2,brown
NEFL,brown
NEK11,brown
NEK7,brown
NEURL,brown
NEURL3,brown
NFATC1,brown
NFE2L1,brown
NFIA,brown
NFYC,brown
NIF3L1,brown
NKX2-5,brown
NME3,brown
NMNAT3,brown
NMUR1,brown
NOC3L,brown
NOD2,brown
NOLC1,brown
NOM1,brown
NOP14,brown
NOP58,brown
NPAS2,brown
NPAS4,brown
NPHP4,brown
NPNT,brown
NPR3,brown
NPTX2,brown
NR2F2,brown
NRBP2,brown
NRG2,brown
NRG3,brown
NRIP2,brown
NRXN1,brown
NRXN2,brown
NRXN3,brown
NT5C2,brown
NT5DC2,brown
NT5M,brown
NTRK3,brown
NUAK1,brown
NUDT13,brown
NUDT16,brown
NUDT6,brown
NUDT9P1,brown
NUP160,brown
NUP188,brown
NUP54,brown
NUP93,brown
NUP98,brown
NXN,brown
NXPH1,brown
NXPH4,brown
OAF,brown
OBSL1,brown
OCA2,brown
ODF3L1,brown
ODZ3,brown
ODZ4,brown
OPCML,brown
OPRD1,brown
OPRM1,brown
OR1F1,brown
OR2H1,brown
OR2K2,brown
OR6K6,brown
ORAI2,brown
ORC1L,brown
OSBPL5,brown
OSBPL9,brown
OSGIN1,brown
OSMR,brown
OSR1,brown
OTX2OS1,brown
P2RY1,brown
PACSIN3,brown
PANK1,brown
PANK4,brown
PANX1,brown
PAPPA,brown
PARD6A,brown
PAX3,brown
PAX6,brown
PAX7,brown
PBK,brown
PBX1,brown
PC,brown
PCDH17,brown
PCDH21,brown
PCDHB17,brown
PCGF3,brown
PCNXL2,brown
PCSK2,brown
PCSK5,brown
PDCD1,brown
PDCL2,brown
PDE11A,brown
PDE2A,brown
PDE4DIP,brown
PDE6B,brown
PDE7B,brown
PDGFA,brown
PDGFD,brown
PDIA2,brown
PEBP1,brown
PER2,brown
PEX11G,brown
PFKFB2,brown
PFN2,brown
PFN4,brown
PGM1,brown
PGM2,brown
PGM2L1,brown
PHF1,brown
PHF17,brown
PHF21B,brown
PHGR1,brown
PHIP,brown
PHKG2,brown
PIGG,brown
PITPNM1,brown
PKD1,brown
PKNOX2,brown
PLB1,brown
PLCG2,brown
PLCL1,brown
PLD1,brown
PLEC1,brown
PLEKHA2,brown
PLEKHH2,brown
PLEKHO1,brown
PLIN1,brown
PLK3,brown
PLK4,brown
PLK5P,brown
PLOD1,brown
PLXDC2,brown
PM20D1,brown
PMM1,brown
PMM2,brown
PNLDC1,brown
PNMA1,brown
PNMA2,brown
POLA2,brown
POLR1E,brown
POLR3A,brown
POLR3K,brown
POM121C,brown
POP1,brown
POPDC3,brown
PP14571,brown
PPP1R11,brown
PPP1R14C,brown
PPP1R9B,brown
PPP2R5A,brown
PPP2R5B,brown
PPP3R2,brown
PQLC3,brown
PRDM10,brown
PRDM11,brown
PRDM12,brown
PRDM16,brown
PRDM8,brown
PREX2,brown
PRICKLE1,brown
PRIM2,brown
PRKAR1B,brown
PRKCA,brown
PRKCZ,brown
PRKDC,brown
PROX2,brown
PRPF19,brown
PRPH,brown
PRR14,brown
PRR19,brown
PRR23C,brown
PRR4,brown
PRR7,brown
PRSS42,brown
PSMA4,brown
PSMB8,brown
PSMB9,brown
PSTK,brown
PTGFR,brown
PTK2,brown
PTPN12,brown
PTPRG,brown
PTPRK,brown
PTPRN2,brown
PTPRO,brown
PTPRR,brown
PUM1,brown
PXT1,brown
PYGL,brown
QPCT,brown
QSER1,brown
QSOX1,brown
RAB1B,brown
RAB40C,brown
RAD51L1,brown
RADIL,brown
RALGPS1,brown
RAPGEFL1,brown
RBM19,brown
RBM24,brown
RBMS1,brown
RBMS3,brown
RCC2,brown
RELA,brown
RELT,brown
RFXAP,brown
RGMA,brown
RGMB,brown
RGS12,brown
RHCG,brown
RHPN1,brown
RIMS1,brown
RIN1,brown
RNASE4,brown
RNF175,brown
RNF20,brown
RNF216,brown
RNF219,brown
RNF39,brown
RNMTL1,brown
RPA1,brown
RPL23AP32,brown
RPL24,brown
RPL26L1,brown
RPL31,brown
RPN2,brown
RPP25,brown
RPS15A,brown
RPS6KA2,brown
RPS6KB2,brown
RPTOR,brown
RRP15,brown
RSU1,brown
RTDR1,brown
RTKN,brown
RUFY1,brown
RUNX3,brown
RUSC1,brown
RYK,brown
SAC3D1,brown
SACS,brown
SAMD13,brown
SARDH,brown
SCARA5,brown
SCARF1,brown
SCN3B,brown
SCNN1B,brown
SCRT2,brown
SDC2,brown
SDCCAG8,brown
SDK1,brown
SEC16A,brown
SEC22B,brown
SEMA4G,brown
SEMA6A,brown
SEMA6D,brown
SEPT9,brown
SEPX1,brown
SERGEF,brown
SERPINB9,brown
SERPINE2,brown
SERPINF2,brown
SERTAD3,brown
SETD5,brown
SFMBT1,brown
SFPQ,brown
SFRS11,brown
SFXN4,brown
SGIP1,brown
SH2D1B,brown
SH2D6,brown
SH3BP4,brown
SH3GL2,brown
SH3RF3,brown
SHANK1,brown
SHANK2,brown
SHC4,brown
SHF,brown
SHISA5,brown
SHOX2,brown
SHPK,brown
SIM2,brown
SIPA1,brown
SIVA1,brown
SKIL,brown
SLC13A4,brown
SLC16A1,brown
SLC19A3,brown
SLC1A4,brown
SLC1A7,brown
SLC22A15,brown
SLC22A17,brown
SLC25A13,brown
SLC25A22,brown
SLC25A24,brown
SLC25A29,brown
SLC25A38,brown
SLC2A1,brown
SLC30A1,brown
SLC34A2,brown
SLC38A4,brown
SLC39A11,brown
SLC39A9,brown
SLC3A2,brown
SLC8A3,brown
SLC9A10,brown
SLC9A3,brown
SLCO5A1,brown
SLIT1,brown
SLIT3,brown
SLITRK1,brown
SMAD3,brown
SMAD5,brown
SMAD9,brown
SMARCAD1,brown
SMOC2,brown
SMU1,brown
SMYD3,brown
SNCG,brown
SND1,brown
SNHG6,brown
SNORA26,brown
SNORA49,brown
SNORA9,brown
SNORD103A,brown
SNORD45C,brown
SNORD9,brown
SNRNP27,brown
SNW1,brown
SORBS2,brown
SORBS3,brown
SORCS2,brown
SOS1,brown
SOX4,brown
SOX8,brown
SOX9,brown
SP8,brown
SPAG1,brown
SPATA17,brown
SPATS2L,brown
SPRY2,brown
SPTBN1,brown
SPTBN5,brown
SRPK1,brown
SRRM3,brown
SRRM4,brown
SS18L2,brown
SSPN,brown
SSTR1,brown
ST3GAL1,brown
ST8SIA4,brown
STAP2,brown
STARD13,brown
STAT1,brown
STAU2,brown
STIM1,brown
STK32A,brown
STK32C,brown
STK38L,brown
STYX,brown
SUGT1,brown
SULT1C4,brown
SUMF1,brown
SUMF2,brown
SUMO1,brown
SYNE1,brown
SYT1,brown
SYT14,brown
SYTL1,brown
TACC2,brown
TACSTD2,brown
TADA2B,brown
TAP2,brown
TAPBP,brown
TAPBPL,brown
TBC1D16,brown
TBCD,brown
TBKBP1,brown
TBX1,brown
TBX2,brown
TBX3,brown
TCF7L2,brown
TDP1,brown
TDRD5,brown
TDRD6,brown
TDRD9,brown
TECTA,brown
TERT,brown
TESC,brown
TEX9,brown
TFAP2B,brown
TFAP2D,brown
TFDP1,brown
TFR2,brown
TGFB1I1,brown
THBS2,brown
THBS3,brown
THRA,brown
THRB,brown
THSD4,brown
TIAM1,brown
TIFA,brown
TIMM8B,brown
TIMP2,brown
TLE1,brown
TLN2,brown
TLR9,brown
TM6SF2,brown
TMCC2,brown
TMCO3,brown
TMEM106A,brown
TMEM134,brown
TMEM136,brown
TMEM179,brown
TMEM26,brown
TMEM39A,brown
TMEM51,brown
TMTC1,brown
TMTC4,brown
TNFAIP8L3,brown
TNFRSF10B,brown
TNFRSF18,brown
TNK2,brown
TNKS1BP1,brown
TNPO2,brown
TNRC18,brown
TNRC6C,brown
TNS3,brown
TOP2A,brown
TOX2,brown
TP53INP1,brown
TPK1,brown
TPST1,brown
TRAF3,brown
TRAF6,brown
TRAF7,brown
TRAK1,brown
TRAM1L1,brown
TRAPPC1,brown
TRAPPC9,brown
TREX1,brown
TRIB2,brown
TRIM13,brown
TRIM26,brown
TRIM31,brown
TRIM39,brown
TRIM61,brown
TRIM62,brown
TRIM65,brown
TRIML1,brown
TRIOBP,brown
TRPC6,brown
TSNARE1,brown
TSPAN9,brown
TTBK2,brown
TTC15,brown
TTC26,brown
TTC33,brown
TTF2,brown
TTYH3,brown
TUSC1,brown
TXNDC12,brown
TYRO3,brown
UBE2F,brown
UBE2I,brown
UBR3,brown
UBR4,brown
UCP1,brown
UNC84A,brown
UOX,brown
UPK3A,brown
USH1C,brown
USP21,brown
USP28,brown
USP30,brown
USP4,brown
USP42,brown
USP44,brown
USP49,brown
VAC14,brown
VAMP5,brown
VANGL2,brown
VASN,brown
VAX1,brown
VENTX,brown
VGF,brown
VGLL3,brown
VILL,brown
VIPR2,brown
VPS13D,brown
VPS4B,brown
VPS54,brown
VSNL1,brown
VTI1A,brown
VWCE,brown
WAPAL,brown
WDFY3,brown
WDR60,brown
WDR67,brown
WDR82,brown
WFIKKN1,brown
WIBG,brown
WNT3A,brown
WNT5A,brown
WSB2,brown
WWOX,brown
XKR5,brown
XKR6,brown
XKR8,brown
XPNPEP1,brown
XYLT1,brown
YAP1,brown
YBX1,brown
YJEFN3,brown
YWHAG,brown
ZBTB12,brown
ZBTB17,brown
ZC3H3,brown
ZDHHC13,brown
ZDHHC14,brown
ZEB1,brown
ZFAND2A,brown
ZFAT,brown
ZFHX3,brown
ZFHX4,brown
ZFP36L2,brown
ZFP62,brown
ZHX2,brown
ZIC2,brown
ZIC5,brown
ZMYND11,brown
ZMYND19,brown
ZNF140,brown
ZNF165,brown
ZNF232,brown
ZNF300,brown
ZNF362,brown
ZNF423,brown
ZNF501,brown
ZNF502,brown
ZNF57,brown
ZNF594,brown
ZNF608,brown
ZNF664,brown
ZNF688,brown
ZNF75A,brown
ZNF761,brown
ZNF777,brown
ZNF787,brown
ZNF828,brown
ZNF843,brown
ZNF853,brown
ZNF879,brown
ZSCAN1,brown
ZSCAN12,brown
ZSCAN22,brown
ZW10,brown
A2BP1,cyan
A2LD1,cyan
AATF,cyan
ABCA1,cyan
ABCA13,cyan
ABLIM1,cyan
ABLIM2,cyan
ABLIM3,cyan
ABR,cyan
ACACB,cyan
ACAD11,cyan
ACADS,cyan
ACAP2,cyan
ACAP3,cyan
ACCN1,cyan
ACOT7,cyan
ACSBG1,cyan
ACTC1,cyan
ADAM19,cyan
ADAMTS2,cyan
ADARB2,cyan
ADCY3,cyan
ADCY8,cyan
ADCY9,cyan
ADCYAP1,cyan
ADORA3,cyan
ADRA1A,cyan
ADRA2B,cyan
AEBP2,cyan
AFAP1,cyan
AFAP1L1,cyan
AFF3,cyan
AFF4,cyan
AGAP1,cyan
AGAP3,cyan
AGBL1,cyan
AGPAT4,cyan
AGRN,cyan
AHCYL1,cyan
AHNAK,cyan
AHRR,cyan
AIG1,cyan
AIM1,cyan
AK7,cyan
AKAP12,cyan
AKIRIN1,cyan
AKNA,cyan
AKNAD1,cyan
ALDH1L2,cyan
ALG6,cyan
ALX4,cyan
ANAPC4,cyan
ANK1,cyan
ANKH,cyan
ANKRD34A,cyan
ANO1,cyan
ANO2,cyan
ANO9,cyan
ANPEP,cyan
ANTXR1,cyan
ANUBL1,cyan
AOAH,cyan
AP2A2,cyan
AP3B1,cyan
APBA2,cyan
APBB3,cyan
APITD1,cyan
APOE,cyan
APOLD1,cyan
ARAP1,cyan
ARC,cyan
ARHGAP19,cyan
ARHGAP20,cyan
ARHGDIG,cyan
ARHGEF10,cyan
ARHGEF10L,cyan
ARHGEF11,cyan
ARHGEF4,cyan
ARHGEF7,cyan
ARID1B,cyan
ARNTL2,cyan
ARSI,cyan
ASAH1,cyan
ASAP1,cyan
ASB18,cyan
ASCL2,cyan
ASS1,cyan
ATAD3B,cyan
ATG4C,cyan
ATHL1,cyan
ATP10A,cyan
ATP11A,cyan
ATP6V0E2,cyan
ATP6V1H,cyan
ATP8A2,cyan
ATXN1L,cyan
AURKB,cyan
AUTS2,cyan
B3GALNT1,cyan
B3GNTL1,cyan
B4GALNT1,cyan
BAALC,cyan
BARHL2,cyan
BAT2L1,cyan
BAT3,cyan
BAT5,cyan
BCAR1,cyan
BCAT1,cyan
BEND7,cyan
BFSP2,cyan
BRCA2,cyan
BRD2,cyan
BRF1,cyan
BRSK2,cyan
BRUNOL6,cyan
BTBD19,cyan
BTD,cyan
BTNL2,cyan
BZW1,cyan
C10ORF25,cyan
C10ORF4,cyan
C10ORF84,cyan
C11ORF17,cyan
C11ORF60,cyan
C12ORF29,cyan
C12ORF62,cyan
C14ORF106,cyan
C14ORF182,cyan
C14ORF23,cyan
C14ORF43,cyan
C15ORF28,cyan
C15ORF41,cyan
C15ORF55,cyan
C16ORF38,cyan
C16ORF74,cyan
C16ORF79,cyan
C16ORF80,cyan
C17ORF103,cyan
C17ORF98,cyan
C18ORF1,cyan
C1ORF106,cyan
C1ORF109,cyan
C1ORF21,cyan
C1ORF213,cyan
C1ORF61,cyan
C1ORF70,cyan
C1ORF92,cyan
C1QL1,cyan
C20ORF27,cyan
C21ORF29,cyan
C2ORF27A,cyan
C2ORF3,cyan
C2ORF52,cyan
C2ORF80,cyan
C2ORF81,cyan
C3ORF15,cyan
C3ORF21,cyan
C3ORF32,cyan
C3ORF57,cyan
C3ORF63,cyan
C4BPB,cyan
C4ORF23,cyan
C4ORF43,cyan
C5ORF52,cyan
C6ORF10,cyan
C6ORF106,cyan
C6ORF127,cyan
C6ORF134,cyan
C6ORF147,cyan
C6ORF176,cyan
C6ORF204,cyan
C6ORF48,cyan
C6ORF52,cyan
C6ORF70,cyan
C7ORF13,cyan
C7ORF20,cyan
C7ORF38,cyan
C7ORF50,cyan
C7ORF60,cyan
C8ORF56,cyan
C9ORF16,cyan
C9ORF40,cyan
C9ORF7,cyan
CA3,cyan
CACNA1A,cyan
CACNA1E,cyan
CACNA1G,cyan
CACNA1H,cyan
CACNA2D3,cyan
CACNA2D4,cyan
CACNB4,cyan
CADM2,cyan
CADPS,cyan
CALCB,cyan
CALML5,cyan
CAMK2G,cyan
CAMLG,cyan
CAPN2,cyan
CAPSL,cyan
CARD11,cyan
CARD14,cyan
CARS2,cyan
CASC5,cyan
CASZ1,cyan
CBLN1,cyan
CCDC42B,cyan
CCDC57,cyan
CCDC64B,cyan
CCDC66,cyan
CCDC77,cyan
CCDC86,cyan
CCDC87,cyan
CCDC88C,cyan
CCDC93,cyan
CCHCR1,cyan
CCND2,cyan
CCNF,cyan
CCNJ,cyan
CCR9,cyan
CD109,cyan
CD34,cyan
CD40,cyan
CD44,cyan
CD55,cyan
CD8A,cyan
CD8B,cyan
CDGAP,cyan
CDH20,cyan
CDH6,cyan
CDK8,cyan
CDKL1,cyan
CDKN1B,cyan
CDNF,cyan
CDR2L,cyan
CDYL,cyan
CENPA,cyan
CEP68,cyan
CFL1,cyan
CHERP,cyan
CHID1,cyan
CHORDC1,cyan
CHRM2,cyan
CHRNA4,cyan
CHST1,cyan
CHSY1,cyan
CLDN10,cyan
CLDN20,cyan
CLEC16A,cyan
CLIP2,cyan
CLYBL,cyan
CMAH,cyan
CMIP,cyan
CNGA1,cyan
CNGA4,cyan
CNR1,cyan
CNR2,cyan
COL19A1,cyan
COL23A1,cyan
COL4A1,cyan
COL6A4P2,cyan
COLQ,cyan
COPA,cyan
CORT,cyan
COX19,cyan
COX5A,cyan
CPA2,cyan
CPE,cyan
CPOX,cyan
CPT1A,cyan
CPXM2,cyan
CRB2,cyan
CREBZF,cyan
CRIP1,cyan
CROCC,cyan
CSGALNACT1,cyan
CSMD2,cyan
CTDSP1,cyan
CTNNA3,cyan
CTNND2,cyan
CTSF,cyan
CTSO,cyan
CUGBP2,cyan
CXCR7,cyan
CYB561,cyan
CYB561D1,cyan
CYB5B,cyan
CYB5R2,cyan
CYCS,cyan
CYFIP1,cyan
CYP1B1,cyan
CYP26B1,cyan
CYP2E1,cyan
CYP4V2,cyan
D2HGDH,cyan
D4S234E,cyan
DAB1,cyan
DACT2,cyan
DAP,cyan
DARS,cyan
DAXX,cyan
DCBLD2,cyan
DEFB135,cyan
DENND1A,cyan
DENND3,cyan
DIO3,cyan
DIP2C,cyan
DLGAP2,cyan
DLK1,cyan
DLX4,cyan
DMRTA2,cyan
DNAH7,cyan
DNAJB12,cyan
DNAJC17,cyan
DNER,cyan
DNHD1,cyan
DNM3,cyan
DNMT3A,cyan
DOCK1,cyan
DOCK4,cyan
DPP10,cyan
DPP6,cyan
DPYSL3,cyan
DSEL,cyan
DUSP16,cyan
DUSP22,cyan
DUSP6,cyan
DVL3,cyan
DYNC1H1,cyan
DYNC1LI1,cyan
DYNLT1,cyan
E2F3,cyan
ECE1,cyan
ECHDC3,cyan
EDIL3,cyan
EDNRB,cyan
EEPD1,cyan
EFHD1,cyan
EFNB2,cyan
EGFR,cyan
EGR3,cyan
EHMT1,cyan
EHMT2,cyan
EIF2C2,cyan
EIF3B,cyan
EIF4A1,cyan
EIF4G1,cyan
ELFN1,cyan
ELL2,cyan
ELOVL2,cyan
ELOVL3,cyan
EML1,cyan
EMX2OS,cyan
ENAH,cyan
ENPP6,cyan
EP400,cyan
EPHA7,cyan
EPHB1,cyan
EPHB3,cyan
ERC1,cyan
ERC2,cyan
ERGIC1,cyan
ERLIN2,cyan
ESPL1,cyan
ESPN,cyan
ESRRB,cyan
ESRRG,cyan
ESYT1,cyan
ESYT3,cyan
ETFDH,cyan
ETV6,cyan
EVC2,cyan
EVL,cyan
EXD3,cyan
F10,cyan
FA2H,cyan
FABP3,cyan
FAH,cyan
FAIM2,cyan
FAM123A,cyan
FAM135B,cyan
FAM155A,cyan
FAM162A,cyan
FAM167A,cyan
FAM171A1,cyan
FAM171B,cyan
FAM174B,cyan
FAM188A,cyan
FAM189A1,cyan
FAM194A,cyan
FAM198A,cyan
FAM198B,cyan
FAM19A2,cyan
FAM19A5,cyan
FAM20C,cyan
FAM53A,cyan
FAM54B,cyan
FAM59B,cyan
FAM5C,cyan
FAM65B,cyan
FAM82A1,cyan
FAM83A,cyan
FANCI,cyan
FARP1,cyan
FBRSL1,cyan
FBXL13,cyan
FBXL17,cyan
FBXL18,cyan
FBXL5,cyan
FBXO21,cyan
FCRLB,cyan
FER1L6,cyan
FEV,cyan
FEZ1,cyan
FGF12,cyan
FGF6,cyan
FHIT,cyan
FIGNL1,cyan
FKRP,cyan
FLG,cyan
FLJ10357,cyan
FLJ22536,cyan
FLJ23834,cyan
FLJ32063,cyan
FLJ37453,cyan
FLJ40434,cyan
FLJ43390,cyan
FLRT1,cyan
FLRT2,cyan
FMNL3,cyan
FOS,cyan
FOXF1,cyan
FOXG1,cyan
FOXK1,cyan
FOXP1,cyan
FRAS1,cyan
FRMD4A,cyan
FRMD8,cyan
FRY,cyan
FUCA1,cyan
FUT2,cyan
FYN,cyan
FZD7,cyan
FZD9,cyan
GABRA2,cyan
GABRA5,cyan
GABRD,cyan
GABRG1,cyan
GABRG3,cyan
GAD1,cyan
GAK,cyan
GALNT2,cyan
GALNT9,cyan
GAN,cyan
GAP43,cyan
GAS2L2,cyan
GATA2,cyan
GATA4,cyan
GATA6,cyan
GDF9,cyan
GEFT,cyan
GFOD1,cyan
GFRA1,cyan
GIPC2,cyan
GLB1L3,cyan
GLDC,cyan
GLI2,cyan
GLRX2,cyan
GLT1D1,cyan
GLT25D2,cyan
GNA12,cyan
GNAQ,cyan
GNB4,cyan
GNG12,cyan
GOLGA3,cyan
GOLSYN,cyan
GOLT1A,cyan
GPC1,cyan
GPC5,cyan
GPR124,cyan
GPR133,cyan
GPR137B,cyan
GPR148,cyan
GPR150,cyan
GPR3,cyan
GPR37L1,cyan
GPR44,cyan
GPRC5B,cyan
GPS1,cyan
GRAMD1B,cyan
GRHL2,cyan
GRID2,cyan
GRK4,cyan
GRM4,cyan
GRM7,cyan
GRTP1,cyan
GSC,cyan
GSG1L,cyan
GSN,cyan
GSTO2,cyan
GTF2A1L,cyan
GTF2B,cyan
GTF2H4,cyan
GUCY1B3,cyan
GULP1,cyan
GXYLT1,cyan
H2AFY,cyan
HABP2,cyan
HCCA2,cyan
HCG22,cyan
HCG4P6,cyan
HCG9,cyan
HCN2,cyan
HCRTR2,cyan
HDAC4,cyan
HDLBP,cyan
HEATR1,cyan
HECW1,cyan
HES1,cyan
HEY1,cyan
HHIPL1,cyan
HIGD2A,cyan
HIPK2,cyan
HIST1H2AL,cyan
HLA-A,cyan
HLA-B,cyan
HLA-DOA,cyan
HLA-DQB2,cyan
HMOX2,cyan
HORMAD2,cyan
HOXA11,cyan
HRH1,cyan
HRNR,cyan
HS3ST1,cyan
HS3ST3B1,cyan
HS6ST3,cyan
HSD17B8,cyan
HSP90AA1,cyan
HSPA1A,cyan
HSPB7,cyan
HSPG2,cyan
HTATIP2,cyan
HTR1E,cyan
HTR4,cyan
HTRA1,cyan
HYAL1,cyan
HYDIN,cyan
HYI,cyan
ICA1,cyan
ICMT,cyan
IGDCC3,cyan
IGF2R,cyan
IGFBP3,cyan
IGFBP4,cyan
IGFBP5,cyan
IGSF9B,cyan
IKZF1,cyan
IL16,cyan
IL18R1,cyan
IL6R,cyan
IMMT,cyan
INA,cyan
INPP1,cyan
INPP5A,cyan
INPP5K,cyan
INSC,cyan
IQCE,cyan
IQCH,cyan
IQSEC3,cyan
IRAK2,cyan
IRAK4,cyan
ISOC2,cyan
ITGA11,cyan
ITGA5,cyan
ITGA6,cyan
ITPR1,cyan
IVNS1ABP,cyan
JAK2,cyan
JARID2,cyan
JAZF1,cyan
JUN,cyan
KAAG1,cyan
KCNA1,cyan
KCNE3,cyan
KCNK2,cyan
KCNK5,cyan
KCNN2,cyan
KCNN3,cyan
KCNQ1,cyan
KCNQ4,cyan
KCNQ5,cyan
KCNT1,cyan
KDM2B,cyan
KDM4C,cyan
KHDRBS2,cyan
KIAA0146,cyan
KIAA0226,cyan
KIAA0240,cyan
KIAA0664,cyan
KIAA0922,cyan
KIAA1026,cyan
KIAA1211,cyan
KIAA1239,cyan
KIAA1244,cyan
KIAA1462,cyan
KIAA1688,cyan
KIF11,cyan
KIF12,cyan
KIF15,cyan
KIF1B,cyan
KIF21B,cyan
KIF25,cyan
KIF26B,cyan
KIF5C,cyan
KIRREL2,cyan
KLF13,cyan
KLF5,cyan
KLF6,cyan
KLF7,cyan
KLHDC4,cyan
KLHL14,cyan
KLHL23,cyan
KLHL5,cyan
KPRP,cyan
KREMEN2,cyan
KRT80,cyan
KSR2,cyan
KY,cyan
LAMC1,cyan
LAPTM5,cyan
LCT,cyan
LDB2,cyan
LDLRAP1,cyan
LEFTY1,cyan
LEMD1,cyan
LEMD3,cyan
LHFPL2,cyan
LIFR,cyan
LIMA1,cyan
LIMD1,cyan
LIMD2,cyan
LIMK1,cyan
LIN28B,cyan
LMF1,cyan
LMLN,cyan
LMO4,cyan
LMTK2,cyan
LOC100126784,cyan
LOC100128811,cyan
LOC100130015,cyan
LOC100130691,cyan
LOC100133545,cyan
LOC100188947,cyan
LOC144571,cyan
LOC145663,cyan
LOC148824,cyan
LOC154822,cyan
LOC255512,cyan
LOC283174,cyan
LOC284798,cyan
LOC401097,cyan
LOC440461,cyan
LOC441869,cyan
LOC494141,cyan
LOC641518,cyan
LOC645323,cyan
LOC728024,cyan
LOC728448,cyan
LOC732275,cyan
LOC93622,cyan
LOH12CR1,cyan
LPAR3,cyan
LPCAT1,cyan
LPIN1,cyan
LPPR5,cyan
LRDD,cyan
LRFN2,cyan
LRIG1,cyan
LRP1,cyan
LRP1B,cyan
LRP8,cyan
LRPAP1,cyan
LRRC10,cyan
LRRC27,cyan
LRRC3B,cyan
LRRC47,cyan
LRRC61,cyan
LRRC8D,cyan
LRTM2,cyan
LUZP1,cyan
LYPD1,cyan
LYPD6B,cyan
LYPLA2,cyan
LYRM4,cyan
MACROD1,cyan
MAD1L1,cyan
MALT1,cyan
MAP2K5,cyan
MAP2K6,cyan
MAP3K4,cyan
MAP4,cyan
MAPT,cyan
MARCH3,cyan
MARCKS,cyan
MAST1,cyan
MAT1A,cyan
MAX,cyan
MBTPS1,cyan
MC1R,cyan
MCF2L,cyan
MCF2L2,cyan
MCL1,cyan
MDGA1,cyan
MECOM,cyan
MED4,cyan
MEF2A,cyan
MEF2C,cyan
MEG8,cyan
MEIS2,cyan
MFAP3L,cyan
MFHAS1,cyan
MFSD2B,cyan
MGAT4B,cyan
MGC34034,cyan
MGC45800,cyan
MGC70857,cyan
MGEA5,cyan
MGLL,cyan
MGMT,cyan
MIER1,cyan
MIR1180,cyan
MIR1275,cyan
MIR181B1,cyan
MIR340,cyan
MIR375,cyan
MIR453,cyan
MIR548Q,cyan
MITF,cyan
MKL1,cyan
MKNK2,cyan
MKX,cyan
MMD2,cyan
MMEL1,cyan
MMP15,cyan
MN1,cyan
MOBP,cyan
MON1B,cyan
MOSPD3,cyan
MOV10L1,cyan
MPG,cyan
MPZL1,cyan
MRPL20,cyan
MRPL28,cyan
MRPL33,cyan
MRPS25,cyan
MSH2,cyan
MSRA,cyan
MSX2,cyan
MT3,cyan
MTG1,cyan
MTHFD1,cyan
MTNR1A,cyan
MTUS1,cyan
MUC6,cyan
MYCBPAP,cyan
MYEOV2,cyan
MYNN,cyan
MYO15B,cyan
MYO18A,cyan
MYO7A,cyan
MYOCD,cyan
MYOM2,cyan
MYT1L,cyan
NAALAD2,cyan
NAF1,cyan
NAPEPLD,cyan
NAPRT1,cyan
NAT15,cyan
NAT6,cyan
NAV1,cyan
NAV2,cyan
NAV3,cyan
NBEA,cyan
NBPF1,cyan
NCALD,cyan
NCKAP5,cyan
NCRNA00094,cyan
NCRNA00171,cyan
NEFM,cyan
NEK4,cyan
NEURL1B,cyan
NEUROG1,cyan
NEUROG2,cyan
NFYB,cyan
NHLH2,cyan
NINJ2,cyan
NLGN1,cyan
NMD3,cyan
NMNAT2,cyan
NMUR2,cyan
NOS1AP,cyan
NOS3,cyan
NOTCH3,cyan
NPAS3,cyan
NPHP4,cyan
NPL,cyan
NPNT,cyan
NPR1,cyan
NPR3,cyan
NR1H3,cyan
NR2E1,cyan
NRG2,cyan
NRP2,cyan
NRXN1,cyan
NRXN2,cyan
NSMCE2,cyan
NSUN4,cyan
NTM,cyan
NTRK3,cyan
NUDCD3,cyan
NUMB,cyan
NUP133,cyan
NUP210L,cyan
NUPL1,cyan
NXN,cyan
NXPH2,cyan
OAF,cyan
OAS1,cyan
OBSL1,cyan
OCA2,cyan
ODC1,cyan
ODZ4,cyan
OPCML,cyan
ORAOV1,cyan
OSBPL10,cyan
OTUB2,cyan
OXCT1,cyan
OXGR1,cyan
OXR1,cyan
P2RY1,cyan
P4HA2,cyan
PACRG,cyan
PAM,cyan
PAMR1,cyan
PANK4,cyan
PAQR9,cyan
PAWR,cyan
PAX2,cyan
PAX6,cyan
PBX3,cyan
PC,cyan
PCCA,cyan
PCDH1,cyan
PCDH8,cyan
PCDHB6,cyan
PCGF3,cyan
PCNX,cyan
PDCL2,cyan
PDE1B,cyan
PDE2A,cyan
PDE4B,cyan
PDE6B,cyan
PDE7B,cyan
PDE8B,cyan
PDF,cyan
PDGFA,cyan
PDGFRA,cyan
PDIA6,cyan
PDXK,cyan
PEBP1,cyan
PEBP4,cyan
PELI1,cyan
PELI2,cyan
PER2,cyan
PET112L,cyan
PFKFB4,cyan
PFKP,cyan
PFN4,cyan
PGCP,cyan
PGRMC2,cyan
PHACTR1,cyan
PHLDA1,cyan
PHLDB2,cyan
PHYHIPL,cyan
PI16,cyan
PIGQ,cyan
PIK3CA,cyan
PIK3CD,cyan
PIK3R1,cyan
PINX1,cyan
PION,cyan
PIP5K1C,cyan
PITPNC1,cyan
PITPNM2,cyan
PITX1,cyan
PITX3,cyan
PIWIL1,cyan
PIWIL2,cyan
PKD1,cyan
PKP1,cyan
PLA2G4D,cyan
PLAUR,cyan
PLCG2,cyan
PLD1,cyan
PLD5,cyan
PLEC1,cyan
PLEKHG4B,cyan
PLEKHG5,cyan
PLEKHH2,cyan
PLEKHH3,cyan
PLLP,cyan
PLSCR2,cyan
PLXNA4,cyan
PM20D1,cyan
PML,cyan
PNPLA2,cyan
POLR3A,cyan
POLR3G,cyan
PON3,cyan
POU6F2,cyan
PPAP2C,cyan
PPFIA2,cyan
PPM1A,cyan
PPM1L,cyan
PPP1CA,cyan
PPP1R2P1,cyan
PPP1R8,cyan
PPP2R1B,cyan
PPP3R2,cyan
PPP4C,cyan
PPT1,cyan
PPT2,cyan
PRAGMIN,cyan
PRDM1,cyan
PRDM16,cyan
PRDM8,cyan
PRKACA,cyan
PRKAR1B,cyan
PRKAR2B,cyan
PRKCH,cyan
PRKCZ,cyan
PRKG1,cyan
PRPSAP1,cyan
PRR5L,cyan
PRRC1,cyan
PRRT1,cyan
PSMB8,cyan
PSMB9,cyan
PSMC3,cyan
PSMD5,cyan
PSMD7,cyan
PSMG4,cyan
PSORS1C3,cyan
PTCHD2,cyan
PTEN,cyan
PTGS2,cyan
PTK2B,cyan
PTP4A2,cyan
PTPLAD1,cyan
PTPN4,cyan
PTPRM,cyan
PTPRN2,cyan
PTRF,cyan
PUM2,cyan
PVT1,cyan
PXMP2,cyan
PXT1,cyan
QRICH1,cyan
RAB15,cyan
RAB4A,cyan
RAC1,cyan
RAD51L1,cyan
RAD52,cyan
RAD54B,cyan
RAD54L,cyan
RADIL,cyan
RAI1,cyan
RALGAPA2,cyan
RALGDS,cyan
RAN,cyan
RANBP3,cyan
RASA3,cyan
RASAL1,cyan
RASSF1,cyan
RASSF4,cyan
RAX,cyan
RB1,cyan
RBM19,cyan
RBM45,cyan
RBMXL2,cyan
RBP1,cyan
RCCD1,cyan
REEP1,cyan
REEP6,cyan
RELT,cyan
RFESD,cyan
RFT1,cyan
RFX4,cyan
RFX5,cyan
RFX6,cyan
RGL3,cyan
RGS12,cyan
RGS20,cyan
RGS3,cyan
RGS7,cyan
RHBDF1,cyan
RHCG,cyan
RHEB,cyan
RHOA,cyan
RHOB,cyan
RHOJ,cyan
RIMBP2,cyan
RIMKLA,cyan
RIMKLB,cyan
RND1,cyan
RNF19B,cyan
RNF212,cyan
RNPEP,cyan
ROBO3,cyan
ROR1,cyan
ROR2,cyan
RORA,cyan
RPS6KA2,cyan
RPTOR,cyan
RTP4,cyan
RUNX2,cyan
RWDD3,cyan
RXRA,cyan
SALL1,cyan
SAMD11,cyan
SAMD14,cyan
SCARB2,cyan
SCUBE2,cyan
SDC3,cyan
SDCCAG8,cyan
SDR16C5,cyan
SEC13,cyan
SEC31B,cyan
SEMA3B,cyan
SEMA3G,cyan
SEMA4D,cyan
SEMA5A,cyan
SEMA6A,cyan
SEMA6C,cyan
SESN3,cyan
SETD1B,cyan
SETD3,cyan
SF3B5,cyan
SFRP2,cyan
SGK196,cyan
SH2B1,cyan
SH2D5,cyan
SH3PXD2A,cyan
SH3RF1,cyan
SH3RF3,cyan
SHANK1,cyan
SHANK2,cyan
SHC1,cyan
SHC3,cyan
SHF,cyan
SHISA3,cyan
SIDT1,cyan
SIGIRR,cyan
SIK2,cyan
SIPA1,cyan
SKI,cyan
SLA,cyan
SLBP,cyan
SLC12A4,cyan
SLC12A7,cyan
SLC12A8,cyan
SLC19A3,cyan
SLC1A7,cyan
SLC20A2,cyan
SLC22A11,cyan
SLC22A23,cyan
SLC22A3,cyan
SLC22A5,cyan
SLC24A4,cyan
SLC25A10,cyan
SLC25A2,cyan
SLC25A44,cyan
SLC26A2,cyan
SLC26A4,cyan
SLC2A3,cyan
SLC2A9,cyan
SLC35F3,cyan
SLC38A2,cyan
SLC38A4,cyan
SLC38A8,cyan
SLC43A1,cyan
SLC6A1,cyan
SLC6A5,cyan
SLC7A1,cyan
SLC8A3,cyan
SLC9A10,cyan
SLCO3A1,cyan
SLCO5A1,cyan
SLITRK5,cyan
SLU7,cyan
SMAD3,cyan
SMARCD3,cyan
SMOC2,cyan
SMYD3,cyan
SND1,cyan
SNORD2,cyan
SNORD59A,cyan
SNPH,cyan
SNRNP27,cyan
SNW1,cyan
SNX20,cyan
SNX29,cyan
SNX3,cyan
SNX6,cyan
SNX9,cyan
SORCS2,cyan
SOS2,cyan
SOX2OT,cyan
SP6,cyan
SPACA1,cyan
SPAG4,cyan
SPATA18,cyan
SPC25,cyan
SPG7,cyan
SPHK1,cyan
SPOCK2,cyan
SPTB,cyan
SPTBN1,cyan
SPTBN4,cyan
SRGAP1,cyan
SRGAP3,cyan
SRP19,cyan
SRRM4,cyan
SSR2,cyan
ST3GAL6,cyan
ST6GALNAC3,cyan
ST6GALNAC5,cyan
ST8SIA1,cyan
STARD3,cyan
STBD1,cyan
STEAP3,cyan
STK10,cyan
STK11,cyan
STK24,cyan
STK32C,cyan
STMN1,cyan
STMN3,cyan
STOM,cyan
STX18,cyan
STX2,cyan
STXBP5,cyan
STXBP6,cyan
SVIL,cyan
SYNE1,cyan
SYNJ2,cyan
TACC1,cyan
TACC2,cyan
TAS1R2,cyan
TBC1D14,cyan
TBCD,cyan
TCF7L2,cyan
TDH,cyan
TECTA,cyan
TESC,cyan
TFAP2E,cyan
TFR2,cyan
TGM5,cyan
THAP4,cyan
THSD7A,cyan
THUMPD2,cyan
THUMPD3,cyan
THY1,cyan
TIAM2,cyan
TK2,cyan
TLL1,cyan
TLL2,cyan
TLR4,cyan
TM6SF2,cyan
TMEFF1,cyan
TMEM127,cyan
TMEM131,cyan
TMEM194B,cyan
TMEM80,cyan
TMOD1,cyan
TNFAIP8L3,cyan
TNFRSF1A,cyan
TNFRSF21,cyan
TNK1,cyan
TNKS1BP1,cyan
TNS3,cyan
TNXB,cyan
TOP1MT,cyan
TOX2,cyan
TP73,cyan
TPD52,cyan
TPM1,cyan
TRABD,cyan
TRAF7,cyan
TRAPPC9,cyan
TRDMT1,cyan
TRIM2,cyan
TRIM4,cyan
TRIM42,cyan
TRIM65,cyan
TRIM67,cyan
TRIO,cyan
TRMT2A,cyan
TRMT61A,cyan
TRPS1,cyan
TRPV1,cyan
TRRAP,cyan
TSHR,cyan
TSPAN13,cyan
TSPAN14,cyan
TSPAN9,cyan
TSSC1,cyan
TTBK1,cyan
TTC30B,cyan
TTC31,cyan
TTC39C,cyan
TTC7B,cyan
TTLL10,cyan
TTLL4,cyan
TUB,cyan
TUBB,cyan
TUBB2A,cyan
TUBB4,cyan
TUBGCP3,cyan
TUSC4,cyan
TWISTNB,cyan
TXLNB,cyan
TXNRD2,cyan
UBE2B,cyan
UBE2E1,cyan
UBE2QP1,cyan
UBLCP1,cyan
UBOX5,cyan
UBR5,cyan
UCP2,cyan
ULK1,cyan
UNC119B,cyan
UNC5A,cyan
UNC84A,cyan
UNC93B1,cyan
USF1,cyan
VAC14,cyan
VAMP5,cyan
VARS2,cyan
VAV2,cyan
VDAC1,cyan
VIPR2,cyan
VSIG8,cyan
VTI1A,cyan
VWA3B,cyan
VWA5B1,cyan
WBP2NL,cyan
WBSCR27,cyan
WDR47,cyan
WDR60,cyan
WDR8,cyan
WDR81,cyan
WDR86,cyan
WDR90,cyan
WHAMM,cyan
WNK1,cyan
WNT3A,cyan
WSCD1,cyan
XKR6,cyan
XPNPEP1,cyan
YOD1,cyan
ZBED3,cyan
ZBTB16,cyan
ZBTB47,cyan
ZBTB9,cyan
ZC3HAV1,cyan
ZDHHC11,cyan
ZDHHC14,cyan
ZEB2,cyan
ZFAND3,cyan
ZFHX3,cyan
ZFHX4,cyan
ZFPM1,cyan
ZFPM2,cyan
ZMYND11,cyan
ZNF117,cyan
ZNF143,cyan
ZNF215,cyan
ZNF219,cyan
ZNF232,cyan
ZNF276,cyan
ZNF287,cyan
ZNF311,cyan
ZNF330,cyan
ZNF436,cyan
ZNF438,cyan
ZNF487,cyan
ZNF536,cyan
ZNF574,cyan
ZNF619,cyan
ZNF641,cyan
ZNF662,cyan
ZNF669,cyan
ZNF672,cyan
ZNF681,cyan
ZNF704,cyan
ZNF778,cyan
ZNF862,cyan
A2BP1,green
A2ML1,green
AARS,green
AASDH,green
ABCA13,green
ABCA4,green
ABCC5,green
ABHD13,green
ABHD14B,green
ABI1,green
ABLIM1,green
ABLIM2,green
ABR,green
ACBD4,green
ACCN4,green
ACIN1,green
ACTA1,green
ACTG1,green
ACTG2,green
ACTL9,green
ACTN3,green
ACTR3,green
ACVR2A,green
ADAD1,green
ADAL,green
ADAM12,green
ADAM17,green
ADAM29,green
ADAMTS10,green
ADAMTS17,green
ADAMTS2,green
ADARB2,green
ADCY4,green
ADCY5,green
ADH1C,green
ADH6,green
ADK,green
AFAP1,green
AFF1,green
AFF3,green
AGAP1,green
AGBL3,green
AGPAT1,green
AGRN,green
AHDC1,green
AHR,green
AHRR,green
AIFM2,green
AIG1,green
AIP,green
AIRE,green
AK7,green
AKAP12,green
AKD1,green
AKR7A3,green
AKR7L,green
ALDH18A1,green
ALDH1L2,green
ALDH4A1,green
ALDOC,green
ALG11,green
ALLC,green
ALOX12,green
ALOX12P2,green
ALPI,green
ALPPL2,green
AMN1,green
AMPH,green
ANKAR,green
ANKH,green
ANKMY1,green
ANKRD11,green
ANKRD2,green
ANKRD26,green
ANKRD33,green
ANKRD35,green
ANKRD40,green
ANKRD43,green
ANO1,green
ANO7,green
ANP32E,green
ANPEP,green
ANXA2,green
ANXA4,green
AP2M1,green
AP3S2,green
APBA2,green
APBB2,green
APC,green
APCDD1L,green
APCS,green
APOA5,green
APOLD1,green
APPL1,green
APTX,green
AQP11,green
ARAP2,green
ARHGAP10,green
ARHGAP17,green
ARHGAP22,green
ARHGAP24,green
ARHGEF10,green
ARHGEF5,green
ARID1B,green
ARID2,green
ARL15,green
ARL2BP,green
ARL6,green
ARMC10,green
ARPC4,green
ARPC5,green
ARPC5L,green
ARPP-21,green
ARRB2,green
ARSB,green
ASAP1,green
ASB13,green
ASB18,green
ASB4,green
ASB7,green
ASCC3,green
ASCL2,green
ASF1B,green
ASH1L,green
ASPG,green
ASXL3,green
ATAD1,green
ATAD3A,green
ATE1,green
ATF6,green
ATG5,green
ATHL1,green
ATM,green
ATOH8,green
ATP10A,green
ATP10B,green
ATP11A,green
ATP4A,green
ATP5SL,green
ATP8B3,green
ATPIF1,green
ATXN7L1,green
AVEN,green
AZI2,green
B3GAT1,green
B3GNTL1,green
B4GALNT4,green
BAIAP3,green
BANP,green
BAT2L2,green
BAT3,green
BAZ2B,green
BBS4,green
BCL11B,green
BCL2,green
BCL2L12,green
BCL2L14,green
BCL6,green
BFSP2,green
BLOC1S2,green
BLZF1,green
BMP4,green
BMP6,green
BMPER,green
BNIP3L,green
BOK,green
BOLA3,green
BOLL,green
BPNT1,green
BRCA2,green
BRD2,green
BRD3,green
BRPF3,green
BRUNOL4,green
BSDC1,green
BTBD12,green
BTBD9,green
BTNL2,green
C10ORF116,green
C10ORF53,green
C10ORF78,green
C10ORF93,green
C11ORF48,green
C11ORF49,green
C11ORF52,green
C11ORF64,green
C11ORF83,green
C11ORF87,green
C11ORF90,green
C12ORF23,green
C12ORF35,green
C12ORF47,green
C12ORF57,green
C12ORF62,green
C12ORF65,green
C12ORF76,green
C13ORF16,green
C13ORF31,green
C13ORF38,green
C14ORF135,green
C14ORF37,green
C15ORF2,green
C15ORF27,green
C15ORF33,green
C15ORF38,green
C15ORF61,green
C17ORF102,green
C17ORF28,green
C17ORF95,green
C17ORF97,green
C19ORF20,green
C19ORF39,green
C19ORF54,green
C1ORF103,green
C1ORF112,green
C1ORF127,green
C1ORF128,green
C1ORF14,green
C1ORF151,green
C1ORF177,green
C1ORF194,green
C1ORF228,green
C1ORF25,green
C1ORF53,green
C1ORF65,green
C1ORF66,green
C1ORF83,green
C1ORF95,green
C1ORF97,green
C1QBP,green
C1QTNF8,green
C1QTNF9,green
C20ORF123,green
C20ORF96,green
C21ORF2,green
C21ORF45,green
C21ORF56,green
C21ORF57,green
C22ORF45,green
C2ORF54,green
C2ORF63,green
C2ORF68,green
C2ORF73,green
C2ORF84,green
C3ORF24,green
C3ORF58,green
C3ORF59,green
C3ORF63,green
C4ORF10,green
C4ORF22,green
C4ORF33,green
C4ORF37,green
C4ORF39,green
C4ORF46,green
C4ORF48,green
C4ORF49,green
C5ORF24,green
C5ORF34,green
C5ORF43,green
C5ORF44,green
C5ORF58,green
C6ORF106,green
C6ORF115,green
C6ORF123,green
C6ORF127,green
C6ORF130,green
C6ORF145,green
C6ORF146,green
C6ORF174,green
C6ORF176,green
C6ORF208,green
C6ORF221,green
C6ORF25,green
C6ORF27,green
C6ORF48,green
C7ORF13,green
C7ORF26,green
C7ORF31,green
C7ORF41,green
C7ORF42,green
C7ORF50,green
C7ORF63,green
C7ORF72,green
C8ORF31,green
C8ORF41,green
C8ORF71,green
C8ORF74,green
C9ORF129,green
C9ORF46,green
C9ORF64,green
CA2,green
CA4,green
CACHD1,green
CACNA1C,green
CACNA1H,green
CACNA1I,green
CACNA2D4,green
CACYBP,green
CADM2,green
CADPS2,green
CALCA,green
CALHM2,green
CALM2,green
CALY,green
CAMSAP1L1,green
CAMTA1,green
CARD11,green
CARKD,green
CASC3,green
CASKIN2,green
CASP8,green
CAST,green
CAT,green
CBFB,green
CBLC,green
CBLL1,green
CBX4,green
CC2D2A,green
CCAR1,green
CCDC110,green
CCDC112,green
CCDC144NL,green
CCDC155,green
CCDC28B,green
CCDC36,green
CCDC40,green
CCDC69,green
CCDC7,green
CCDC79,green
CCDC88B,green
CCDC88C,green
CCDC90A,green
CCHCR1,green
CCKBR,green
CCNA1,green
CCNA2,green
CCND1,green
CCNO,green
CCNT1,green
CCT7,green
CD164L2,green
CD6,green
CDC23,green
CDC25A,green
CDC37L1,green
CDC42BPA,green
CDC42BPG,green
CDC42EP2,green
CDCA7,green
CDH1,green
CDH13,green
CDH3,green
CDH4,green
CDK17,green
CDK8,green
CEBPD,green
CEBPG,green
CEBPZ,green
CELSR3,green
CENPJ,green
CEP135,green
CEP57,green
CEP63,green
CEP97,green
CEPT1,green
CES1,green
CES7,green
CFHR4,green
CFLAR,green
CGREF1,green
CHAD,green
CHCHD6,green
CHD5,green
CHFR,green
CHID1,green
CHL1,green
CHN1,green
CHRM2,green
CHRNA1,green
CHRNA3,green
CHRNB2,green
CHRNE,green
CHST1,green
CHST11,green
CHST12,green
CHST5,green
CHURC1,green
CIDEA,green
CIITA,green
CILP2,green
CITED2,green
CLASP1,green
CLDN12,green
CLDN3,green
CLIC4,green
CLIC6,green
CLIP4,green
CLLU1OS,green
CLN6,green
CLRN2,green
CLTC,green
CMAS,green
CMTM1,green
CMTM3,green
CN5H6.4,green
CNBP,green
CNOT8,green
CNRIP1,green
CNTN5,green
COASY,green
COCH,green
COG4,green
COL13A1,green
COL16A1,green
COL4A1,green
COL4A3,green
COL6A6,green
COL7A1,green
COL9A1,green
COLEC11,green
COMMD3,green
COPB1,green
COPS4,green
COPS7B,green
CORIN,green
CORO1C,green
COX16,green
COX17,green
COX18,green
COX8C,green
CPLX1,green
CPN1,green
CPPED1,green
CPSF1,green
CPSF6,green
CRADD,green
CRB2,green
CREB3L2,green
CRISP2,green
CRISPLD2,green
CRLS1,green
CRTC1,green
CRTC3,green
CRYAB,green
CSMD1,green
CSNK1D,green
CTBS,green
CTDSP2,green
CTF1,green
CTGF,green
CTNND1,green
CTR9,green
CTSF,green
CTXN2,green
CUEDC1,green
CXCL14,green
CYB561,green
CYP20A1,green
CYP24A1,green
CYP27C1,green
CYP2U1,green
CYP4F3,green
CYTH3,green
CYTL1,green
DAB2IP,green
DAPK3,green
DARC,green
DAXX,green
DAZL,green
DBT,green
DCAKD,green
DCBLD1,green
DCTN1,green
DCUN1D1,green
DDAH2,green
DDB1,green
DDO,green
DDX18,green
DDX25,green
DDX28,green
DDX43,green
DENND5A,green
DFFA,green
DGKI,green
DHODH,green
DHRS3,green
DHRS4,green
DHRS7,green
DIO3,green
DIP2C,green
DLG1,green
DLG4,green
DLGAP2,green
DLX6,green
DMRT3,green
DMRTB1,green
DNAH10,green
DNAJB13,green
DNAJB4,green
DNAJC13,green
DNAJC21,green
DNAJC28,green
DNAL1,green
DNASE1L3,green
DNHD1,green
DNMBP,green
DNMT3B,green
DNMT3L,green
DOC2A,green
DOCK1,green
DOCK10,green
DOCK4,green
DOCK6,green
DPEP3,green
DPP10,green
DPPA3,green
DPPA5,green
DSE,green
DST,green
DTX1,green
DTYMK,green
DUOX2,green
DUSP10,green
DUSP14,green
DUSP16,green
DUSP19,green
DUSP26,green
DUSP5P,green
DVL1,green
DVL3,green
DYNLRB2,green
DYRK1B,green
EAF1,green
EARS2,green
EBF2,green
EBF3,green
ECD,green
ECHDC3,green
EDC3,green
EDIL3,green
EDN1,green
EED,green
EEF1D,green
EEF1E1,green
EEF1G,green
EEPD1,green
EFCAB10,green
EFHD1,green
EFNA5,green
EFNB3,green
EFR3A,green
EGFL8,green
EGFLAM,green
EGR2,green
EGR3,green
EHBP1,green
EHD1,green
EHD2,green
EHHADH,green
EHMT1,green
EHMT2,green
EID3,green
EIF1,green
EIF3A,green
EIF3I,green
EIF4B,green
EIF4EBP2,green
EIF6,green
ELANE,green
ELF2,green
ELF5,green
ELFN1,green
ELL2,green
ELMO1,green
ELMOD1,green
ELOVL5,green
ELOVL6,green
EMID2,green
EML1,green
EMR1,green
ENTPD4,green
ENY2,green
EPC2,green
EPCAM,green
EPHA5,green
EPHB1,green
EPHB2,green
EPHX2,green
EPN2,green
EPN3,green
EPRS,green
EPS15,green
ERAP1,green
ERBB2,green
ERBB4,green
ERGIC3,green
ERLIN2,green
ERMP1,green
ERP44,green
ESCO2,green
ESD,green
ESPL1,green
ESPNL,green
ESYT2,green
ETAA1,green
ETNK1,green
ETS1,green
EVPL,green
EXD3,green
EXOC3,green
EXOSC10,green
EXPH5,green
EXT2,green
EXTL3,green
F10,green
F2R,green
FADS6,green
FAM104A,green
FAM105B,green
FAM109A,green
FAM113B,green
FAM118A,green
FAM149A,green
FAM164A,green
FAM171A2,green
FAM172A,green
FAM173A,green
FAM175A,green
FAM184B,green
FAM194A,green
FAM19A4,green
FAM38A,green
FAM38B,green
FAM50B,green
FAM53B,green
FAM59A,green
FAM60A,green
FAM76B,green
FAM82A1,green
FAM83C,green
FAM83H,green
FAM91A1,green
FANCA,green
FANCG,green
FAR1,green
FASN,green
FASTKD2,green
FAT3,green
FAT4,green
FBLN5,green
FBLN7,green
FBXO11,green
FBXO15,green
FBXO2,green
FBXO31,green
FBXO42,green
FBXO6,green
FBXO8,green
FBXO9,green
FDFT1,green
FDPS,green
FEN1,green
FER1L4,green
FGF12,green
FGF3,green
FGF5,green
FGFRL1,green
FIBCD1,green
FIBIN,green
FIGN,green
FIGNL1,green
FKBP5,green
FKBP7,green
FLJ16779,green
FLJ23867,green
FLJ26850,green
FLJ35220,green
FLJ36031,green
FLJ43390,green
FLJ44606,green
FLJ45983,green
FLJ90757,green
FLNC,green
FLRT2,green
FLT4,green
FMN1,green
FMNL2,green
FMOD,green
FN3K,green
FNDC1,green
FNIP1,green
FOLH1,green
FOXJ1,green
FOXJ3,green
FOXK1,green
FOXR1,green
FSCN2,green
FSIP1,green
FSTL4,green
FTH1,green
FUK,green
FUT10,green
FXR1,green
FYN,green
FYTTD1,green
FZD1,green
FZR1,green
G0S2,green
G2E3,green
G6PC3,green
GABARAPL2,green
GABPB2,green
GABRA2,green
GABRB3,green
GABRG2,green
GABRG3,green
GADD45A,green
GAL3ST2,green
GALNT13,green
GALNT9,green
GALR1,green
GANC,green
GAPDHS,green
GAR1,green
GARS,green
GART,green
GAS8,green
GBA,green
GCH1,green
GCNT1,green
GFI1,green
GFPT2,green
GFRA2,green
GHRL,green
GHRLOS,green
GJA3,green
GK2,green
GLB1L2,green
GLI2,green
GLI4,green
GLRX,green
GLUL,green
GLYAT,green
GMDS,green
GNAI2,green
GNAI3,green
GNAL,green
GNAO1,green
GNAS,green
GNB1,green
GNMT,green
GNPDA2,green
GNS,green
GOPC,green
GPBAR1,green
GPC5,green
GPN1,green
GPR111,green
GPR123,green
GPR128,green
GPR133,green
GPR144,green
GPR39,green
GPR55,green
GRAMD1A,green
GREB1,green
GRIA2,green
GRID2,green
GRLF1,green
GRM1,green
GRM2,green
GRM8,green
GSR,green
GSTO1,green
GSTO2,green
GSTZ1,green
GTF2A1,green
GTF2A1L,green
GTF2H1,green
GTF3C3,green
GTF3C5,green
GUCY1B3,green
GUCY2C,green
GUK1,green
GULP1,green
GXYLT1,green
H2AFY2,green
HADHA,green
HAGH,green
HAL,green
HAS3,green
HAUS6,green
HAX1,green
HBBP1,green
HBM,green
HBQ1,green
HCCA2,green
HCG11,green
HCG27,green
HCG9,green
HCN3,green
HDAC2,green
HEATR5B,green
HEBP2,green
HECTD3,green
HELB,green
HEPHL1,green
HERC3,green
HES4,green
HHIPL1,green
HIBADH,green
HIC1,green
HINT3,green
HIST1H2AE,green
HIST1H2AG,green
HIST1H2AI,green
HIST1H2BC,green
HIST1H2BD,green
HIST1H2BN,green
HIST1H3C,green
HIST1H4C,green
HIST1H4D,green
HIST2H2AB,green
HIST3H2A,green
HIVEP3,green
HLA-B,green
HLA-DOA,green
HLA-DPB2,green
HLA-DQB2,green
HLA-DRA,green
HLA-DRB1,green
HLA-J,green
HMG20A,green
HMGCL,green
HMGN4,green
HMOX2,green
HN1,green
HNRNPC,green
HNRNPD,green
HNRPDL,green
HOPX,green
HOXA1,green
HOXA2,green
HOXA4,green
HOXB2,green
HOXD1,green
HPSE2,green
HRAS,green
HS3ST1,green
HS3ST4,green
HS3ST6,green
HS6ST1,green
HSDL2,green
HSPA2,green
HSPA7,green
HTR1F,green
HTR4,green
HTR6,green
HUS1B,green
HYAL3,green
HYI,green
HYLS1,green
ICK,green
ICMT,green
IDH3A,green
IFIT3,green
IFRD1,green
IGF2AS,green
IGF2R,green
IGFBP5,green
IGSF22,green
IL16,green
IL17C,green
IL17RD,green
IL20,green
IL4I1,green
IL6,green
INA,green
INPP5B,green
INPP5D,green
INS-IGF2,green
INSIG2,green
INSL3,green
INTS10,green
INTS7,green
IP6K1,green
IPO4,green
IQCE,green
IQCH,green
IRF1,green
IRX4,green
ISG15,green
ISL2,green
ISLR2,green
ISPD,green
ITGA1,green
ITGA11,green
ITGA3,green
ITGB4,green
ITPR3,green
IVL,green
IZUMO1,green
JAG2,green
JAK2,green
JARID2,green
JMJD7,green
JRK,green
KANK4,green
KBTBD11,green
KBTBD3,green
KBTBD5,green
KBTBD6,green
KCNA4,green
KCNAB1,green
KCNE1,green
KCNG1,green
KCNG2,green
KCNG4,green
KCNH2,green
KCNH8,green
KCNIP2,green
KCNK10,green
KCNK15,green
KCNK3,green
KCNK9,green
KCNMB3,green
KCNQ1,green
KCNQ5,green
KCNV2,green
KCP,green
KCTD1,green
KCTD9,green
KDELC1,green
KDM2A,green
KDM2B,green
KDSR,green
KHDC1L,green
KHDRBS2,green
KIAA0101,green
KIAA0528,green
KIAA0586,green
KIAA1026,green
KIAA1033,green
KIAA1211,green
KIAA1279,green
KIAA1370,green
KIAA1377,green
KIAA1383,green
KIAA1467,green
KIAA1530,green
KIAA1549,green
KIAA1614,green
KIAA1875,green
KIAA1949,green
KIAA2013,green
KIF13B,green
KIF15,green
KIF24,green
KIF26B,green
KIF2A,green
KLF6,green
KLHDC2,green
KLHDC7A,green
KLHDC7B,green
KLHL1,green
KLHL30,green
KLHL5,green
KLHL6,green
KLK15,green
KLRAQ1,green
KPNA6,green
KPRP,green
KRBA1,green
KRT12,green
KRT3,green
LANCL1,green
LAPTM4B,green
LARS2,green
LASS3,green
LASS5,green
LCE1B,green
LCE1C,green
LCE1E,green
LCE1F,green
LCE4A,green
LCE6A,green
LDHAL6A,green
LDLRAD2,green
LDLRAD3,green
LEFTY2,green
LGALS8,green
LGI4,green
LGR5,green
LHFPL2,green
LHFPL3,green
LHX8,green
LIG4,green
LIN28,green
LIN54,green
LINGO3,green
LMAN2L,green
LMCD1,green
LMF1,green
LMLN,green
LMO2,green
LMO4,green
LMOD1,green
LMTK3,green
LMX1B,green
LOC100128554,green
LOC100129716,green
LOC100130093,green
LOC100130274,green
LOC100130522,green
LOC100190939,green
LOC116437,green
LOC121952,green
LOC149134,green
LOC149837,green
LOC150622,green
LOC153684,green
LOC222699,green
LOC25845,green
LOC283856,green
LOC284632,green
LOC285768,green
LOC285830,green
LOC286016,green
LOC339788,green
LOC344595,green
LOC344967,green
LOC375196,green
LOC387647,green
LOC389033,green
LOC389332,green
LOC389458,green
LOC441601,green
LOC441666,green
LOC494141,green
LOC554202,green
LOC619207,green
LOC643719,green
LOC646405,green
LOC650368,green
LOC652276,green
LOC728392,green
LOC728613,green
LOC729176,green
LOC729991-MEF2B,green
LPCAT1,green
LPHN2,green
LPL,green
LRBA,green
LRFN5,green
LRMP,green
LRP1B,green
LRP4,green
LRP8,green
LRRC14B,green
LRRC29,green
LRRC33,green
LRRC47,green
LRRC61,green
LRRFIP2,green
LRRIQ3,green
LRRK1,green
LRRN1,green
LSG1,green
LTA,green
LTB4R2,green
LUC7L2,green
LY6K,green
LYPD5,green
LYPLA2,green
LYPLAL1,green
LYRM5,green
LYRM7,green
LYSMD3,green
MACROD1,green
MAD1L1,green
MAEA,green
MAGI2,green
MAK16,green
MAML3,green
MAN1C1,green
MAN2B1,green
MANEA,green
MAP1LC3B,green
MAP3K11,green
MAP3K9,green
MAPK4,green
MAPKAPK3,green
MAPT,green
MARCH1,green
MARCH11,green
MARCH8,green
MARK1,green
MAST2,green
MAST4,green
MASTL,green
MATN2,green
MBOAT2,green
MBP,green
MCCC1,green
MCF2L,green
MCF2L2,green
MCOLN1,green
MCOLN2,green
MDGA2,green
MDP1,green
MDS2,green
MED18,green
MED30,green
MED31,green
MEG3,green
MEGF11,green
MEGF6,green
MEI1,green
MEOX2,green
MESDC2,green
METTL10,green
METTL3,green
MFAP3,green
MGAT3,green
MGC12982,green
MGC45800,green
MGRN1,green
MIAT,green
MIER1,green
MIR1292,green
MIR155HG,green
MIR2110,green
MIR432,green
MIR484,green
MIR487B,green
MIR548G,green
MIR548H4,green
MIR611,green
MIR663,green
MIR943,green
MITF,green
MKI67IP,green
MLH3,green
MLKL,green
MLL3,green
MLLT11,green
MMACHC,green
MMD,green
MMP21,green
MMP28,green
MMRN2,green
MNAT1,green
MNS1,green
MOCS2,green
MOGAT3,green
MON1B,green
MORN4,green
MORN5,green
MPP5,green
MPZL3,green
MRC2,green
MRFAP1,green
MRGPRE,green
MRPL15,green
MRPL17,green
MRPL32,green
MRPL35,green
MRPL46,green
MRPL53,green
MRPL55,green
MRPS18A,green
MRPS21,green
MRPS35,green
MSH4,green
MSL2,green
MSRA,green
MTDH,green
MTL5,green
MTMR12,green
MTMR15,green
MTMR9L,green
MTNR1B,green
MTO1,green
MTOR,green
MTX1,green
MTX2,green
MUC1,green
MUPCDH,green
MXRA8,green
MYADM,green
MYBPC2,green
MYC,green
MYCBPAP,green
MYCL1,green
MYCN,green
MYH14,green
MYL5,green
MYLK4,green
MYO1B,green
MYO1E,green
MYO5A,green
MYO9A,green
MYOM2,green
MYST1,green
N4BP1,green
N4BP2L2,green
NAAA,green
NAALAD2,green
NADSYN1,green
NALCN,green
NANOS2,green
NARFL,green
NAT10,green
NAV1,green
NAV2,green
NCAPG2,green
NCOR2,green
NCR2,green
NCRNA00028,green
NCRNA00116,green
NCRNA00171,green
NDRG1,green
NDST2,green
NDST4,green
NDUFA2,green
NDUFA4,green
NDUFS6,green
NECAB2,green
NECAP2,green
NEDD1,green
NEK1,green
NEK10,green
NEK4,green
NEK8,green
NEU1,green
NEURL1B,green
NEURL3,green
NFATC1,green
NFATC3,green
NFATC4,green
NFIA,green
NFKB1,green
NFKBID,green
NFXL1,green
NFYC,green
NGFR,green
NHEDC1,green
NHLH2,green
NID2,green
NINJ1,green
NIPAL2,green
NISCH,green
NKAIN1,green
NKX2-3,green
NKX6-2,green
NLGN1,green
NLRP12,green
NLRP2,green
NLRP3,green
NMBR,green
NMD3,green
NOS1AP,green
NOTCH3,green
NOTCH4,green
NPFFR2,green
NPHP1,green
NPLOC4,green
NPPC,green
NPR2,green
NPTX2,green
NPY,green
NQO1,green
NR4A2,green
NR5A2,green
NRARP,green
NRIP2,green
NRM,green
NRSN2,green
NRXN1,green
NSA2,green
NSD1,green
NT5C1B,green
NT5DC3,green
NTM,green
NTNG1,green
NTRK3,green
NUAK1,green
NUDT13,green
NUDT16P,green
NUP107,green
NUP188,green
NUP214,green
NXN,green
NXPH3,green
OAZ3,green
OBSCN,green
OCA2,green
ODZ3,green
ODZ4,green
OLFM1,green
ONECUT1,green
OPA3,green
OPCML,green
OPN4,green
OPRD1,green
OR14I1,green
OR2B11,green
OR2L13,green
OR2L8,green
OR2T1,green
OR4C3,green
OR4D10,green
OR52B2,green
OR8B4,green
OR8U8,green
ORC1L,green
ORC5L,green
OSCAR,green
OSGEPL1,green
OTUD3,green
OTUD4,green
OTUD6B,green
OTUD7B,green
OTX1,green
OXGR1,green
OXTR,green
P11,green
PA2G4,green
PABPC1,green
PACS2,green
PACSIN1,green
PALM2,green
PAM,green
PAN2,green
PANX1,green
PAOX,green
PAQR4,green
PARD3B,green
PARD6G,green
PARN,green
PARP10,green
PARP2,green
PAX1,green
PAX5,green
PCCA,green
PCDH21,green
PCDH9,green
PCDHB5,green
PCDHGA4,green
PCDP1,green
PCF11,green
PCGF6,green
PCLO,green
PCSK1,green
PCSK2,green
PCSK7,green
PCSK9,green
PCYOX1,green
PCYT1A,green
PDCD4,green
PDCL2,green
PDE11A,green
PDE1B,green
PDE4A,green
PDE4D,green
PDE5A,green
PDE6D,green
PDGFD,green
PDGFRA,green
PDIA4,green
PDK2,green
PDLIM3,green
PDLIM4,green
PDPN,green
PDSS1,green
PDZD2,green
PDZRN3,green
PEG10,green
PELI1,green
PERP,green
PEX13,green
PF4,green
PFDN5,green
PFKFB3,green
PFKM,green
PGLYRP1,green
PGLYRP2,green
PGM2L1,green
PGM3,green
PGP,green
PHF21B,green
PHF5A,green
PHLDB1,green
PI16,green
PI4K2A,green
PI4KB,green
PIAS1,green
PIGG,green
PIGK,green
PIK3AP1,green
PIK3R3,green
PIK3R6,green
PIM3,green
PIP4K2A,green
PIP5K1A,green
PITRM1,green
PITX1,green
PIWIL1,green
PIWIL2,green
PKNOX2,green
PKP1,green
PLA2G12A,green
PLA2G2E,green
PLAC8,green
PLCXD3,green
PLD2,green
PLD6,green
PLEC1,green
PLEKHA1,green
PLEKHA5,green
PLEKHB2,green
PLEKHM3,green
PLOD2,green
PLRG1,green
PLXND1,green
PM20D2,green
PML,green
PNKD,green
PNLIPRP2,green
POLR1E,green
POLR2D,green
POLR2K,green
POM121C,green
PON2,green
PPIA,green
PPM1K,green
PPP1R13L,green
PPP1R15B,green
PPP1R3B,green
PPP1R9A,green
PPP2R2D,green
PPRC1,green
PPT2,green
PRCP,green
PRDM1,green
PRDM16,green
PRDM6,green
PRDM7,green
PREX2,green
PRIC285,green
PRKAA2,green
PRKAG3,green
PRKAR1B,green
PRKCH,green
PRKD1,green
PRKG1,green
PRMT10,green
PRMT3,green
PRPF31,green
PRPF38A,green
PRR19,green
PRR23A,green
PRR23C,green
PRR25,green
PRSS21,green
PRSS22,green
PRSS42,green
PRSS50,green
PRSSL1,green
PRTN3,green
PSD3,green
PSD4,green
PSENEN,green
PSIP1,green
PSKH1,green
PSMA8,green
PSMB1,green
PSMB2,green
PSMB4,green
PSMB7,green
PSMC1,green
PTCHD2,green
PTGFR,green
PTGS1,green
PTH1R,green
PTHLH,green
PTP4A1,green
PTPLAD1,green
PTPN12,green
PTPN14,green
PTPN21,green
PTPRG,green
PTPRN2,green
PTRF,green
PTS,green
PUF60,green
PUS3,green
PUS7,green
PUS7L,green
PVR,green
PWP1,green
PXDNL,green
PYCR1,green
QDPR,green
QKI,green
QSER1,green
QSOX2,green
RAB11A,green
RAB1A,green
RAB34,green
RAB3B,green
RAB3C,green
RAB3IL1,green
RAB3IP,green
RAB6A,green
RAB7A,green
RABGAP1L,green
RABIF,green
RAD51AP1,green
RAD51AP2,green
RAD9A,green
RAET1L,green
RALA,green
RALYL,green
RAP1GAP2,green
RAPGEF3,green
RAPGEF6,green
RAPGEFL1,green
RAPH1,green
RARA,green
RASGEF1A,green
RASGEF1C,green
RASGRF1,green
RASGRP3,green
RASL10B,green
RASL12,green
RASSF7,green
RASSF8,green
RB1CC1,green
RBM18,green
RBM22,green
RBM44,green
RBM46,green
RBM47,green
RBMS1,green
RBMS2,green
RBMS3,green
RBMXL1,green
RBX1,green
RCC2,green
RCCD1,green
RCHY1,green
RECQL,green
RERE,green
RETNLB,green
REXO2,green
RFC2,green
RFC4,green
RFC5,green
RFK,green
RFPL2,green
RFPL3,green
RFX3,green
RG9MTD2,green
RGL3,green
RGPD8,green
RGS2,green
RGS7,green
RGS7BP,green
RGS9BP,green
RHOBTB1,green
RIC8B,green
RICTOR,green
RILP,green
RILPL1,green
RIMBP2,green
RIMS2,green
RIN1,green
RING1,green
RINT1,green
RNF10,green
RNF122,green
RNF126P1,green
RNF180,green
RNF212,green
RNF25,green
RNF38,green
RNF39,green
RNF5P1,green
RNF6,green
RNH1,green
RNLS,green
RORA,green
RP1,green
RP9P,green
RPAIN,green
RPF2,green
RPH3AL,green
RPIA,green
RPL21,green
RPL35,green
RPL35A,green
RPL37A,green
RPP25,green
RPRD2,green
RPS21,green
RPS24,green
RPS6KA2,green
RPS6KA5,green
RPUSD4,green
RRS1,green
RSBN1,green
RSPO2,green
RSU1,green
RTBDN,green
RTDR1,green
RTKN2,green
RTL1,green
RTN4RL1,green
RTTN,green
RUNX1,green
RUSC1,green
RUSC2,green
RWDD1,green
RXFP3,green
RYR2,green
SAMD14,green
SAR1A,green
SATB2,green
SCAMP5,green
SCARA5,green
SCHIP1,green
SCN9A,green
SCNN1G,green
SDAD1,green
SDCBP,green
SDCCAG10,green
SDF4,green
SDHAF1,green
SDHAP3,green
SDK1,green
SDR16C5,green
SEC1,green
SEC61A2,green
SELS,green
SEMA3C,green
SERGEF,green
SERINC5,green
SERPINE1,green
SETD7,green
SF3B2,green
SF3B4,green
SFI1,green
SFPQ,green
SFRP4,green
SFRS2IP,green
SGCE,green
SGIP1,green
SGK1,green
SH2D3A,green
SH3BP5L,green
SH3RF2,green
SHANK1,green
SHANK2,green
SHB,green
SHC4,green
SHD,green
SHF,green
SHH,green
SHISA2,green
SIAE,green
SIAH1,green
SIPA1,green
SLAIN1,green
SLC12A2,green
SLC12A7,green
SLC17A6,green
SLC19A2,green
SLC1A3,green
SLC22A15,green
SLC22A16,green
SLC22A18,green
SLC22A18AS,green
SLC22A23,green
SLC22A3,green
SLC25A44,green
SLC2A2,green
SLC2A5,green
SLC30A10,green
SLC35A1,green
SLC35B4,green
SLC35C1,green
SLC35E3,green
SLC35F1,green
SLC35F3,green
SLC37A4,green
SLC39A10,green
SLC39A4,green
SLC39A8,green
SLC44A3,green
SLC44A4,green
SLC46A2,green
SLC5A6,green
SLC6A18,green
SLC6A5,green
SLC6A9,green
SLC8A3,green
SLC9A9,green
SLCO5A1,green
SLFN12L,green
SLIT3,green
SLITRK5,green
SLMO2,green
SLTM,green
SMARCD3,green
SMC6,green
SMOC2,green
SMPDL3B,green
SMUG1,green
SMYD3,green
SNAP47,green
SNCB,green
SNED1,green
SNHG3-RCC1,green
SNORA76,green
SNORD115-10,green
SNORD45C,green
SNORD55,green
SNORD7,green
SNRNP48,green
SNRPN,green
SNTB1,green
SNW1,green
SNX11,green
SNX14,green
SNX20,green
SNX26,green
SNX27,green
SNX29,green
SNX8,green
SOCS2,green
SOHLH2,green
SORCS3,green
SORT1,green
SOS2,green
SOX11,green
SOX8,green
SOX9,green
SP2,green
SP3,green
SPAG17,green
SPATA5L1,green
SPATS2,green
SPERT,green
SPG11,green
SPG20,green
SPHK1,green
SPIB,green
SPOCK3,green
SPPL3,green
SQRDL,green
SRCRB4D,green
SRD5A2,green
SRF,green
SRI,green
SRPK2,green
SSB,green
SSBP2,green
SSFA2,green
SSH1,green
SSTR4,green
ST3GAL1,green
ST3GAL4,green
ST6GAL1,green
ST6GAL2,green
ST7,green
STAC,green
STAG3,green
STAMBP,green
STARD13,green
STARD7,green
STAT1,green
STC1,green
STIL,green
STIM2,green
STK10,green
STK19,green
STK32B,green
STK32C,green
STMN1,green
STMN2,green
STOX2,green
STUB1,green
STX11,green
STX2,green
STX5,green
STXBP3,green
SUDS3,green
SUFU,green
SUGT1L1,green
SULT1C4,green
SURF6,green
SVEP1,green
SVIP,green
SYDE1,green
SYNRG,green
SYPL1,green
SYT17,green
SYT6,green
SYVN1,green
T,green
TAC1,green
TACC1,green
TACO1,green
TACR3,green
TAGLN2,green
TAOK1,green
TARS,green
TAS1R1,green
TAS1R2,green
TAS2R7,green
TAX1BP1,green
TBC1D19,green
TBC1D23,green
TBC1D9,green
TBCD,green
TBXA2R,green
TC2N,green
TCERG1L,green
TCF7L2,green
TCL1A,green
TCP1,green
TCP11L2,green
TCTN1,green
TDG,green
TDH,green
TDRD12,green
TDRD6,green
TEAD1,green
TESC,green
TESSP1,green
TEX10,green
TEX12,green
TFAP4,green
TFCP2,green
TGFA,green
TH,green
THAP1,green
THAP5,green
THBS2,green
THNSL2,green
THRSP,green
THSD7A,green
TIMM9,green
TIPRL,green
TJAP1,green
TLE1,green
TLE4,green
TM4SF19,green
TM9SF2,green
TMCC3,green
TMED10,green
TMED4,green
TMEFF2,green
TMEM104,green
TMEM111,green
TMEM123,green
TMEM132C,green
TMEM151A,green
TMEM163,green
TMEM168,green
TMEM170A,green
TMEM18,green
TMEM185B,green
TMEM192,green
TMEM216,green
TMEM229A,green
TMEM232,green
TMEM41B,green
TMEM59,green
TMEM65,green
TMEM67,green
TMEM74,green
TMEM8A,green
TMEM91,green
TMPRSS13,green
TNFRSF1B,green
TNFRSF21,green
TNFSF9,green
TNK2,green
TNKS,green
TNRC18,green
TNXB,green
TOP1P2,green
TOX3,green
TP53AIP1,green
TP53BP1,green
TP53INP1,green
TP53INP2,green
TP53TG1,green
TP73,green
TPBG,green
TPO,green
TPPP,green
TRAF4,green
TRAPPC1,green
TRAPPC3,green
TRAPPC9,green
TRERF1,green
TRH,green
TRIB1,green
TRIM11,green
TRIM15,green
TRIM26,green
TRIM27,green
TRIM3,green
TRIM31,green
TRIM36,green
TRIM37,green
TRIM4,green
TRIM62,green
TRIM68,green
TRIM71,green
TRIM72,green
TRIM9,green
TRIO,green
TRMU,green
TRPC4AP,green
TRPM4,green
TRPM8,green
TRPS1,green
TRPV3,green
TSC22D1,green
TSHZ3,green
TSKU,green
TSNAXIP1,green
TSPAN12,green
TSPAN17,green
TSPYL6,green
TSTA3,green
TTC1,green
TTC16,green
TTC21B,green
TTC22,green
TTC29,green
TTC37,green
TTK,green
TTLL11,green
TTLL4,green
TUBA3C,green
TUBA8,green
TUBGCP3,green
TULP1,green
TUSC1,green
TUSC3,green
TWIST1,green
TXN2,green
TXNDC12,green
TXNDC17,green
TXNDC3,green
TXNRD1,green
TXNRD2,green
UBE2D3,green
UBE2F,green
UBE2QL1,green
UBE2U,green
UBE3A,green
UBE4A,green
UBN1,green
UBQLN3,green
UBQLNL,green
UBR2,green
UCHL3,green
UCK2,green
UCKL1,green
UCP2,green
UFM1,green
UGT1A10,green
UHRF1BP1L,green
ULBP1,green
ULBP2,green
ULK1,green
UNC45A,green
UNC5B,green
UNC93B1,green
UPK3A,green
UPK3B,green
UQCRB,green
UQCRQ,green
USH1G,green
USP24,green
USP29,green
USP34,green
USP39,green
USP42,green
UTP6,green
UTS2,green
UTS2D,green
VAMP3,green
VAT1,green
VEGFB,green
VGLL4,green
VIPR2,green
VPS13A,green
VPS24,green
VPS45,green
VPS53,green
VSIG10,green
VSIG8,green
VSTM2A,green
VWA1,green
VWA3B,green
VWA5A,green
WASH2P,green
WBP1,green
WBP11,green
WBP2NL,green
WBSCR17,green
WDFY4,green
WDR17,green
WDR26,green
WDR27,green
WDR6,green
WDR60,green
WDR75,green
WDR8,green
WDR86,green
WDR88,green
WDR90,green
WDSUB1,green
WDTC1,green
WHSC1,green
WISP1,green
WNK4,green
WNT11,green
WNT2B,green
WNT8B,green
WSB1,green
WWC2,green
XPO1,green
XPO6,green
XRCC2,green
XRCC5,green
XRCC6BP1,green
XRRA1,green
YPEL2,green
YWHAZ,green
ZADH2,green
ZAP70,green
ZBTB16,green
ZBTB3,green
ZBTB8B,green
ZC3H12A,green
ZC3H12D,green
ZC3H13,green
ZEB1,green
ZFAND2A,green
ZFHX3,green
ZFP36L2,green
ZFP42,green
ZFYVE26,green
ZFYVE28,green
ZMAT2,green
ZMYM5,green
ZMYND10,green
ZNF141,green
ZNF142,green
ZNF184,green
ZNF187,green
ZNF193,green
ZNF200,green
ZNF251,green
ZNF252,green
ZNF282,green
ZNF311,green
ZNF343,green
ZNF35,green
ZNF365,green
ZNF37B,green
ZNF471,green
ZNF483,green
ZNF497,green
ZNF509,green
ZNF518B,green
ZNF562,green
ZNF598,green
ZNF608,green
ZNF618,green
ZNF623,green
ZNF652,green
ZNF660,green
ZNF662,green
ZNF672,green
ZNF695,green
ZNF703,green
ZNF704,green
ZNF709,green
ZNF718,green
ZNF740,green
ZNF746,green
ZNF783,green
ZNF790,green
ZNF804B,green
ZNF827,green
ZNF853,green
ZP3,green
ZPBP,green
ZSCAN16,green
ZSWIM2,green
ZSWIM5,green
ZSWIM6,green
ZWILCH,green
ZXDC,green
A2BP1,greenyellow
A2ML1,greenyellow
A4GNT,greenyellow
AADACL4,greenyellow
AANAT,greenyellow
AARS,greenyellow
AATF,greenyellow
ABAT,greenyellow
ABCA12,greenyellow
ABCA4,greenyellow
ABCC1,greenyellow
ABCC2,greenyellow
ABCC4,greenyellow
ABI3BP,greenyellow
ABLIM1,greenyellow
ABLIM2,greenyellow
ABR,greenyellow
ABRA,greenyellow
ABTB1,greenyellow
ABTB2,greenyellow
ACACB,greenyellow
ACAD11,greenyellow
ACBD5,greenyellow
ACLY,greenyellow
ACOT11,greenyellow
ACOT6,greenyellow
ACOX2,greenyellow
ACOXL,greenyellow
ACP6,greenyellow
ACPP,greenyellow
ACSBG1,greenyellow
ACSL1,greenyellow
ACSL5,greenyellow
ACSL6,greenyellow
ACTA1,greenyellow
ACTBL2,greenyellow
ACTN2,greenyellow
ACTN3,greenyellow
ACTR3C,greenyellow
ACTR6,greenyellow
ADAM12,greenyellow
ADAM15,greenyellow
ADAM22,greenyellow
ADAM8,greenyellow
ADAMTS16,greenyellow
ADAMTS17,greenyellow
ADAMTS6,greenyellow
ADAMTS9,greenyellow
ADAMTSL1,greenyellow
ADAMTSL3,greenyellow
ADAP1,greenyellow
ADAR,greenyellow
ADARB2,greenyellow
ADC,greenyellow
ADCK1,greenyellow
ADCK5,greenyellow
ADCY10,greenyellow
ADCY9,greenyellow
ADD2,greenyellow
ADIPOR1,greenyellow
ADK,greenyellow
ADO,greenyellow
ADPGK,greenyellow
ADPRHL1,greenyellow
ADRA2A,greenyellow
AFAP1,greenyellow
AFF1,greenyellow
AFF3,greenyellow
AFMID,greenyellow
AGA,greenyellow
AGAP1,greenyellow
AGAP3,greenyellow
AGBL4,greenyellow
AGBL5,greenyellow
AGPAT4,greenyellow
AGPAT6,greenyellow
AGR2,greenyellow
AGRN,greenyellow
AGXT2,greenyellow
AHCYL2,greenyellow
AHNAK,greenyellow
AHR,greenyellow
AHRR,greenyellow
AIG1,greenyellow
AIM2,greenyellow
AK3L1,greenyellow
AKAP10,greenyellow
AKAP12,greenyellow
AKAP13,greenyellow
AKR1CL1,greenyellow
AKR7A3,greenyellow
AKT3,greenyellow
ALDH18A1,greenyellow
ALDH4A1,greenyellow
ALDH7A1,greenyellow
ALDOA,greenyellow
ALG14,greenyellow
ALG1L,greenyellow
ALOX12,greenyellow
ALOX5,greenyellow
ALOXE3,greenyellow
ALPPL2,greenyellow
AMBRA1,greenyellow
AMDHD1,greenyellow
AMN1,greenyellow
AMOTL2,greenyellow
AMPD2,greenyellow
AMPD3,greenyellow
ANAPC13,greenyellow
ANK1,greenyellow
ANK2,greenyellow
ANKFY1,greenyellow
ANKHD1-EIF4EBP3,greenyellow
ANKRD1,greenyellow
ANKRD10,greenyellow
ANKRD11,greenyellow
ANKRD13B,greenyellow
ANKRD17,greenyellow
ANKRD2,greenyellow
ANKRD30A,greenyellow
ANKRD35,greenyellow
ANKRD52,greenyellow
ANKRD53,greenyellow
ANKRD56,greenyellow
ANKS1B,greenyellow
ANO1,greenyellow
ANO9,greenyellow
ANP32B,greenyellow
ANTXR1,greenyellow
ANTXRL,greenyellow
ANXA11,greenyellow
ANXA13,greenyellow
ANXA2,greenyellow
ANXA4,greenyellow
ANXA6,greenyellow
AOAH,greenyellow
AP2M1,greenyellow
APBA1,greenyellow
APBB1,greenyellow
APBB2,greenyellow
APLP2,greenyellow
APOD,greenyellow
APOLD1,greenyellow
AQP1,greenyellow
ARAP3,greenyellow
ARFGEF1,greenyellow
ARHGAP10,greenyellow
ARHGAP18,greenyellow
ARHGAP24,greenyellow
ARHGAP26,greenyellow
ARHGAP5,greenyellow
ARHGAP8,greenyellow
ARHGEF10,greenyellow
ARHGEF10L,greenyellow
ARHGEF16,greenyellow
ARHGEF3,greenyellow
ARHGEF4,greenyellow
ARHGEF7,greenyellow
ARID1B,greenyellow
ARID5A,greenyellow
ARID5B,greenyellow
ARIH1,greenyellow
ARL15,greenyellow
ARL4C,greenyellow
ARL8B,greenyellow
ARMC3,greenyellow
ARNTL,greenyellow
ARPC2,greenyellow
ARSA,greenyellow
ARSG,greenyellow
ARSJ,greenyellow
ART4,greenyellow
ASAP1,greenyellow
ASAP2,greenyellow
ASB18,greenyellow
ASCC1,greenyellow
ASPG,greenyellow
ASPSCR1,greenyellow
ASTN2,greenyellow
ATAD3C,greenyellow
ATF1,greenyellow
ATG16L1,greenyellow
ATM,greenyellow
ATMIN,greenyellow
ATP10A,greenyellow
ATP11A,greenyellow
ATP11B,greenyellow
ATP13A5,greenyellow
ATP4B,greenyellow
ATP5G1,greenyellow
ATP5G2,greenyellow
ATP6V0E1,greenyellow
ATXN1,greenyellow
ATXN1L,greenyellow
ATXN7L1,greenyellow
AUH,greenyellow
AXIN1,greenyellow
B3GALT4,greenyellow
B3GALTL,greenyellow
B3GNT9,greenyellow
B3GNTL1,greenyellow
B4GALNT2,greenyellow
BACH2,greenyellow
BAHD1,greenyellow
BAIAP2,greenyellow
BANP,greenyellow
BAT1,greenyellow
BAT2,greenyellow
BAT2L2,greenyellow
BBS9,greenyellow
BCAR3,greenyellow
BCL2L12,greenyellow
BCL6,greenyellow
BCL9,greenyellow
BCLAF1,greenyellow
BDNF,greenyellow
BDP1,greenyellow
BFAR,greenyellow
BIN3,greenyellow
BLOC1S2,greenyellow
BMP4,greenyellow
BMP8A,greenyellow
BMPER,greenyellow
BMPR1A,greenyellow
BNC2,greenyellow
BNIP3,greenyellow
BOLL,greenyellow
BPTF,greenyellow
BRCA2,greenyellow
BRE,greenyellow
BRUNOL4,greenyellow
BSDC1,greenyellow
BST1,greenyellow
BTBD10,greenyellow
BTBD11,greenyellow
BTBD9,greenyellow
BTG4,greenyellow
BTN3A1,greenyellow
BTNL8,greenyellow
C10ORF107,greenyellow
C10ORF11,greenyellow
C10ORF118,greenyellow
C10ORF129,greenyellow
C10ORF18,greenyellow
C10ORF26,greenyellow
C10ORF55,greenyellow
C10ORF76,greenyellow
C10ORF93,greenyellow
C11ORF16,greenyellow
C11ORF52,greenyellow
C11ORF60,greenyellow
C11ORF63,greenyellow
C11ORF64,greenyellow
C11ORF66,greenyellow
C11ORF67,greenyellow
C11ORF75,greenyellow
C11ORF83,greenyellow
C11ORF84,greenyellow
C12ORF27,greenyellow
C12ORF40,greenyellow
C12ORF59,greenyellow
C12ORF62,greenyellow
C12ORF75,greenyellow
C13ORF36,greenyellow
C14ORF102,greenyellow
C14ORF129,greenyellow
C14ORF148,greenyellow
C14ORF166B,greenyellow
C14ORF179,greenyellow
C14ORF34,greenyellow
C14ORF43,greenyellow
C14ORF80,greenyellow
C15ORF26,greenyellow
C15ORF29,greenyellow
C15ORF42,greenyellow
C15ORF50,greenyellow
C16ORF5,greenyellow
C16ORF62,greenyellow
C16ORF73,greenyellow
C17ORF54,greenyellow
C17ORF80,greenyellow
C19ORF34,greenyellow
C1ORF106,greenyellow
C1ORF107,greenyellow
C1ORF110,greenyellow
C1ORF114,greenyellow
C1ORF180,greenyellow
C1ORF198,greenyellow
C1ORF229,greenyellow
C1ORF56,greenyellow
C1ORF63,greenyellow
C1ORF77,greenyellow
C1ORF88,greenyellow
C1ORF95,greenyellow
C1ORF96,greenyellow
C1QTNF5,greenyellow
C21ORF29,greenyellow
C21ORF70,greenyellow
C2ORF39,greenyellow
C2ORF50,greenyellow
C2ORF62,greenyellow
C2ORF63,greenyellow
C2ORF65,greenyellow
C2ORF68,greenyellow
C2ORF73,greenyellow
C2ORF76,greenyellow
C2ORF81,greenyellow
C3ORF21,greenyellow
C3ORF25,greenyellow
C3ORF26,greenyellow
C3ORF42,greenyellow
C3ORF59,greenyellow
C3ORF64,greenyellow
C3ORF72,greenyellow
C4BPA,greenyellow
C4BPB,greenyellow
C4ORF37,greenyellow
C4ORF44,greenyellow
C4ORF51,greenyellow
C5ORF32,greenyellow
C5ORF34,greenyellow
C5ORF36,greenyellow
C5ORF38,greenyellow
C5ORF4,greenyellow
C5ORF45,greenyellow
C5ORF47,greenyellow
C5ORF49,greenyellow
C5ORF56,greenyellow
C5ORF62,greenyellow
C6ORF105,greenyellow
C6ORF132,greenyellow
C6ORF136,greenyellow
C6ORF138,greenyellow
C6ORF15,greenyellow
C6ORF186,greenyellow
C6ORF221,greenyellow
C6ORF222,greenyellow
C6ORF223,greenyellow
C6ORF52,greenyellow
C7ORF13,greenyellow
C7ORF28A,greenyellow
C7ORF36,greenyellow
C7ORF41,greenyellow
C7ORF44,greenyellow
C7ORF46,greenyellow
C7ORF50,greenyellow
C7ORF52,greenyellow
C8ORF33,greenyellow
C8ORF42,greenyellow
C8ORF46,greenyellow
C8ORF85,greenyellow
C9ORF122,greenyellow
C9ORF144B,greenyellow
C9ORF152,greenyellow
C9ORF163,greenyellow
C9ORF3,greenyellow
C9ORF43,greenyellow
C9ORF72,greenyellow
CA12,greenyellow
CA5A,greenyellow
CABP1,greenyellow
CABP2,greenyellow
CABP4,greenyellow
CACHD1,greenyellow
CACNA1B,greenyellow
CACNA1C,greenyellow
CACNA1I,greenyellow
CACNA2D2,greenyellow
CACNB4,greenyellow
CACNG8,greenyellow
CADPS,greenyellow
CALCRL,greenyellow
CALM2,greenyellow
CALML5,greenyellow
CALN1,greenyellow
CALY,greenyellow
CAMK1D,greenyellow
CAMK2G,greenyellow
CAMTA1,greenyellow
CAND2,greenyellow
CANT1,greenyellow
CAP2,greenyellow
CAPN11,greenyellow
CAPN13,greenyellow
CAPN14,greenyellow
CAPS,greenyellow
CAPSL,greenyellow
CAPZB,greenyellow
CARD11,greenyellow
CARHSP1,greenyellow
CARS2,greenyellow
CASKIN2,greenyellow
CASP10,greenyellow
CASP8AP2,greenyellow
CASQ2,greenyellow
CASR,greenyellow
CASZ1,greenyellow
CATSPER2,greenyellow
CBLN3,greenyellow
CC2D2A,greenyellow
CCDC136,greenyellow
CCDC142,greenyellow
CCDC146,greenyellow
CCDC149,greenyellow
CCDC19,greenyellow
CCDC3,greenyellow
CCDC51,greenyellow
CCDC6,greenyellow
CCDC60,greenyellow
CCDC74A,greenyellow
CCDC84,greenyellow
CCDC85C,greenyellow
CCK,greenyellow
CCM2,greenyellow
CCNA1,greenyellow
CCND1,greenyellow
CCNL1,greenyellow
CCNY,greenyellow
CCR6,greenyellow
CD160,greenyellow
CD207,greenyellow
CD247,greenyellow
CD248,greenyellow
CD59,greenyellow
CD63,greenyellow
CD80,greenyellow
CD82,greenyellow
CD8A,greenyellow
CD9,greenyellow
CD96,greenyellow
CDAN1,greenyellow
CDC14B,greenyellow
CDC16,greenyellow
CDC42BPA,greenyellow
CDC42BPB,greenyellow
CDC42EP3,greenyellow
CDC42SE2,greenyellow
CDC7,greenyellow
CDCA7,greenyellow
CDCP1,greenyellow
CDH1,greenyellow
CDH11,greenyellow
CDH13,greenyellow
CDH16,greenyellow
CDH23,greenyellow
CDH3,greenyellow
CDH8,greenyellow
CDK14,greenyellow
CDK15,greenyellow
CDK5RAP2,greenyellow
CDKAL1,greenyellow
CDKL2,greenyellow
CDKN1A,greenyellow
CDR2,greenyellow
CDYL,greenyellow
CEBPG,greenyellow
CENPL,greenyellow
CENPP,greenyellow
CEP170,greenyellow
CEP72,greenyellow
CEPT1,greenyellow
CES4,greenyellow
CFDP1,greenyellow
CGN,greenyellow
CGRRF1,greenyellow
CHCHD10,greenyellow
CHCHD2,greenyellow
CHCHD3,greenyellow
CHCHD4,greenyellow
CHCHD5,greenyellow
CHD4,greenyellow
CHI3L2,greenyellow
CHIC2,greenyellow
CHID1,greenyellow
CHMP4C,greenyellow
CHP2,greenyellow
CHRAC1,greenyellow
CHRM5,greenyellow
CHRNA10,greenyellow
CHRNA9,greenyellow
CHRNB1,greenyellow
CHRNB4,greenyellow
CHST11,greenyellow
CHST12,greenyellow
CHST14,greenyellow
CHST15,greenyellow
CHSY1,greenyellow
CHTF18,greenyellow
CIAO1,greenyellow
CIAPIN1,greenyellow
CIB4,greenyellow
CIDEA,greenyellow
CIITA,greenyellow
CKB,greenyellow
CLCN1,greenyellow
CLCN7,greenyellow
CLCNKA,greenyellow
CLCNKB,greenyellow
CLDN1,greenyellow
CLDN19,greenyellow
CLDN25,greenyellow
CLDN4,greenyellow
CLDN5,greenyellow
CLEC14A,greenyellow
CLEC16A,greenyellow
CLEC4E,greenyellow
CLIC1,greenyellow
CLIP4,greenyellow
CLMN,greenyellow
CLSTN1,greenyellow
CLSTN2,greenyellow
CLUAP1,greenyellow
CLVS2,greenyellow
CLYBL,greenyellow
CMTM7,greenyellow
CMYA5,greenyellow
CNGA3,greenyellow
CNKSR3,greenyellow
CNNM2,greenyellow
CNO,greenyellow
CNOT2,greenyellow
CNPY3,greenyellow
CNST,greenyellow
CNTD2,greenyellow
CNTN2,greenyellow
COCH,greenyellow
COG4,greenyellow
COG5,greenyellow
COL12A1,greenyellow
COL15A1,greenyellow
COL18A1,greenyellow
COL22A1,greenyellow
COL27A1,greenyellow
COL4A2,greenyellow
COL5A1,greenyellow
COL6A3,greenyellow
COL8A2,greenyellow
COL9A1,greenyellow
COLEC11,greenyellow
COLQ,greenyellow
COPZ1,greenyellow
COQ10A,greenyellow
CORIN,greenyellow
CORO2B,greenyellow
COX4NB,greenyellow
COX5B,greenyellow
CPAMD8,greenyellow
CPEB3,greenyellow
CPNE5,greenyellow
CPNE8,greenyellow
CPT1A,greenyellow
CPXM2,greenyellow
CPZ,greenyellow
CRADD,greenyellow
CRAMP1L,greenyellow
CREB3L2,greenyellow
CREB5,greenyellow
CREBZF,greenyellow
CREG2,greenyellow
CRELD1,greenyellow
CRIM1,greenyellow
CROCC,greenyellow
CRTC1,greenyellow
CRTC3,greenyellow
CRY2,greenyellow
CRYBA2,greenyellow
CRYL1,greenyellow
CRYZ,greenyellow
CSF1,greenyellow
CSF2,greenyellow
CSF3R,greenyellow
CSMD1,greenyellow
CSMD2,greenyellow
CSPP1,greenyellow
CSTF3,greenyellow
CTBP2,greenyellow
CTBS,greenyellow
CTDP1,greenyellow
CTDSPL,greenyellow
CTNND1,greenyellow
CTSZ,greenyellow
CTXN3,greenyellow
CUBN,greenyellow
CUGBP2,greenyellow
CUL3,greenyellow
CUX1,greenyellow
CUX2,greenyellow
CWC15,greenyellow
CXCL5,greenyellow
CXCR6,greenyellow
CXCR7,greenyellow
CYBA,greenyellow
CYBRD1,greenyellow
CYMP,greenyellow
CYP46A1,greenyellow
CYP8B1,greenyellow
CYTH3,greenyellow
DAAM1,greenyellow
DAB2,greenyellow
DAB2IP,greenyellow
DAP,greenyellow
DAPK3,greenyellow
DAPL1,greenyellow
DAZAP2,greenyellow
DBN1,greenyellow
DBNL,greenyellow
DCAF8,greenyellow
DCDC2,greenyellow
DCI,greenyellow
DCPS,greenyellow
DCST1,greenyellow
DCTD,greenyellow
DCTN1,greenyellow
DCTN4,greenyellow
DCUN1D2,greenyellow
DDAH1,greenyellow
DDB1,greenyellow
DDHD2,greenyellow
DDIT4L,greenyellow
DDR2,greenyellow
DDX10,greenyellow
DDX25,greenyellow
DDX42,greenyellow
DDX46,greenyellow
DDX52,greenyellow
DDX58,greenyellow
DEAF1,greenyellow
DEK,greenyellow
DENND1A,greenyellow
DENND2A,greenyellow
DENND2D,greenyellow
DENND3,greenyellow
DERL1,greenyellow
DFNA5,greenyellow
DFNB31,greenyellow
DGKA,greenyellow
DGKB,greenyellow
DGKI,greenyellow
DHCR24,greenyellow
DHDDS,greenyellow
DHRS3,greenyellow
DHX30,greenyellow
DICER1,greenyellow
DIP2C,greenyellow
DIRC3,greenyellow
DIS3,greenyellow
DIS3L2,greenyellow
DISP1,greenyellow
DKKL1,greenyellow
DLG1,greenyellow
DLGAP1,greenyellow
DLGAP2,greenyellow
DLGAP3,greenyellow
DLK1,greenyellow
DLL3,greenyellow
DLL4,greenyellow
DMP1,greenyellow
DMPK,greenyellow
DMRT3,greenyellow
DNAH1,greenyellow
DNAH10,greenyellow
DNAH11,greenyellow
DNAH17,greenyellow
DNAH9,greenyellow
DNAI1,greenyellow
DNAJB6,greenyellow
DNAJC27,greenyellow
DNAJC5G,greenyellow
DNAJC9,greenyellow
DNMBP,greenyellow
DNMT3A,greenyellow
DNTT,greenyellow
DOCK1,greenyellow
DOCK3,greenyellow
DOCK5,greenyellow
DOCK8,greenyellow
DOK7,greenyellow
DPF1,greenyellow
DPP4,greenyellow
DPPA3,greenyellow
DPPA5,greenyellow
DPYD,greenyellow
DPYS,greenyellow
DPYSL5,greenyellow
DRD1,greenyellow
DRD2,greenyellow
DRD4,greenyellow
DSCAML1,greenyellow
DST,greenyellow
DTNB,greenyellow
DTNBP1,greenyellow
DUOXA2,greenyellow
DUSP14,greenyellow
DUSP22,greenyellow
DVL1,greenyellow
DYNC1I1,greenyellow
DYNLRB2,greenyellow
DYSF,greenyellow
DYX1C1,greenyellow
E2F8,greenyellow
EBF1,greenyellow
EBF3,greenyellow
ECHDC2,greenyellow
ECHDC3,greenyellow
EDAR,greenyellow
EDC3,greenyellow
EDC4,greenyellow
EDN2,greenyellow
EEF1B2,greenyellow
EEF1G,greenyellow
EEPD1,greenyellow
EFCAB1,greenyellow
EFCAB10,greenyellow
EFCAB4A,greenyellow
EFCAB4B,greenyellow
EFHA2,greenyellow
EFNA3,greenyellow
EFNA5,greenyellow
EFR3A,greenyellow
EFS,greenyellow
EGFLAM,greenyellow
EGFR,greenyellow
EHD4,greenyellow
EHMT1,greenyellow
EIF2A,greenyellow
EIF2AK4,greenyellow
EIF2C2,greenyellow
EIF4E3,greenyellow
EIF4G1,greenyellow
EIF4G3,greenyellow
EIF4H,greenyellow
ELAC2,greenyellow
ELF2,greenyellow
ELF3,greenyellow
ELK3,greenyellow
ELL3,greenyellow
ELMO1,greenyellow
ELN,greenyellow
ELOVL1,greenyellow
ELP2P,greenyellow
ELP4,greenyellow
EMILIN2,greenyellow
EML1,greenyellow
EML5,greenyellow
EML6,greenyellow
EMP1,greenyellow
EN1,greenyellow
ENC1,greenyellow
ENKUR,greenyellow
ENPP6,greenyellow
ENTPD7,greenyellow
EOMES,greenyellow
EPAS1,greenyellow
EPB41,greenyellow
EPB41L3,greenyellow
EPB41L4A,greenyellow
EPB41L4B,greenyellow
EPHA2,greenyellow
EPHA3,greenyellow
EPHA4,greenyellow
EPHA8,greenyellow
EPHX1,greenyellow
EPHX2,greenyellow
EPN3,greenyellow
EPSTI1,greenyellow
ERBB2IP,greenyellow
ERC2,greenyellow
ERCC1,greenyellow
ERI3,greenyellow
ERICH1,greenyellow
ERMN,greenyellow
ERN1,greenyellow
ESPNL,greenyellow
ESPNP,greenyellow
ESR1,greenyellow
ESRRG,greenyellow
ETS1,greenyellow
ETV6,greenyellow
ETV7,greenyellow
EVX1,greenyellow
EXOC1,greenyellow
EXOC2,greenyellow
EXOC3,greenyellow
EXOC6,greenyellow
EXPH5,greenyellow
EXT1,greenyellow
EXTL3,greenyellow
EYA1,greenyellow
EYA4,greenyellow
EYS,greenyellow
EZR,greenyellow
F13A1,greenyellow
FAAH,greenyellow
FABP1,greenyellow
FABP5,greenyellow
FAHD1,greenyellow
FAM101A,greenyellow
FAM105B,greenyellow
FAM108B1,greenyellow
FAM108C1,greenyellow
FAM115A,greenyellow
FAM118A,greenyellow
FAM120A,greenyellow
FAM124A,greenyellow
FAM125B,greenyellow
FAM129B,greenyellow
FAM131A,greenyellow
FAM132A,greenyellow
FAM133B,greenyellow
FAM135A,greenyellow
FAM13AOS,greenyellow
FAM160A1,greenyellow
FAM163A,greenyellow
FAM166B,greenyellow
FAM169B,greenyellow
FAM173B,greenyellow
FAM179A,greenyellow
FAM183A,greenyellow
FAM184B,greenyellow
FAM188B,greenyellow
FAM189A1,greenyellow
FAM189B,greenyellow
FAM18A,greenyellow
FAM193B,greenyellow
FAM198A,greenyellow
FAM20B,greenyellow
FAM26D,greenyellow
FAM3B,greenyellow
FAM3D,greenyellow
FAM40B,greenyellow
FAM43A,greenyellow
FAM46C,greenyellow
FAM47E,greenyellow
FAM50B,greenyellow
FAM55C,greenyellow
FAM60A,greenyellow
FAM65B,greenyellow
FAM71F2,greenyellow
FAM78B,greenyellow
FAM82A1,greenyellow
FAM83A,greenyellow
FAM83B,greenyellow
FAM89A,greenyellow
FANCM,greenyellow
FARP1,greenyellow
FARS2,greenyellow
FASTK,greenyellow
FAT1,greenyellow
FAT4,greenyellow
FBF1,greenyellow
FBLN7,greenyellow
FBN1,greenyellow
FBP1,greenyellow
FBP2,greenyellow
FBRSL1,greenyellow
FBXL17,greenyellow
FBXL18,greenyellow
FBXL21,greenyellow
FBXL7,greenyellow
FBXO11,greenyellow
FBXO33,greenyellow
FBXW8,greenyellow
FEZ1,greenyellow
FEZ2,greenyellow
FGD3,greenyellow
FGD6,greenyellow
FGF14,greenyellow
FGF23,greenyellow
FGFR1,greenyellow
FGFR2,greenyellow
FGFR4,greenyellow
FGGY,greenyellow
FHAD1,greenyellow
FHIT,greenyellow
FIS1,greenyellow
FKBP14,greenyellow
FLCN,greenyellow
FLJ20184,greenyellow
FLJ22536,greenyellow
FLJ23834,greenyellow
FLJ23867,greenyellow
FLJ37307,greenyellow
FLJ37543,greenyellow
FLJ40852,greenyellow
FLJ43663,greenyellow
FLNB,greenyellow
FLOT1,greenyellow
FLT1,greenyellow
FLT3,greenyellow
FLT4,greenyellow
FLVCR2,greenyellow
FMNL2,greenyellow
FMO1,greenyellow
FNDC3B,greenyellow
FOLR1,greenyellow
FOXF2,greenyellow
FOXH1,greenyellow
FOXI1,greenyellow
FOXK1,greenyellow
FOXN3,greenyellow
FOXN4,greenyellow
FOXO1,greenyellow
FOXP1,greenyellow
FOXP4,greenyellow
FOXR1,greenyellow
FRAS1,greenyellow
FRK,greenyellow
FRMD4A,greenyellow
FRMD5,greenyellow
FRMPD2,greenyellow
FRZB,greenyellow
FSCN1,greenyellow
FSD1,greenyellow
FSD1L,greenyellow
FSHR,greenyellow
FSTL1,greenyellow
FSTL5,greenyellow
FUCA2,greenyellow
FUS,greenyellow
FXR2,greenyellow
FXYD5,greenyellow
FXYD6,greenyellow
FXYD7,greenyellow
FYB,greenyellow
FYCO1,greenyellow
FZD2,greenyellow
FZD8,greenyellow
G2E3,greenyellow
G3BP2,greenyellow
GABARAPL2,greenyellow
GABBR2,greenyellow
GABPB1,greenyellow
GABRA4,greenyellow
GABRB1,greenyellow
GABRG3,greenyellow
GADD45G,greenyellow
GAK,greenyellow
GALE,greenyellow
GALNT10,greenyellow
GALNT2,greenyellow
GALNT5,greenyellow
GALNT9,greenyellow
GALNTL4,greenyellow
GAP43,greenyellow
GAPVD1,greenyellow
GAS2,greenyellow
GAS7,greenyellow
GBE1,greenyellow
GBF1,greenyellow
GCA,greenyellow
GCC1,greenyellow
GCC2,greenyellow
GCK,greenyellow
GCM1,greenyellow
GCM2,greenyellow
GCNT2,greenyellow
GDF2,greenyellow
GFOD2,greenyellow
GFRA1,greenyellow
GGPS1,greenyellow
GHRLOS,greenyellow
GIGYF1,greenyellow
GJD2,greenyellow
GJD3,greenyellow
GLB1L2,greenyellow
GLI2,greenyellow
GLI4,greenyellow
GLIS1,greenyellow
GLIS2,greenyellow
GLRA1,greenyellow
GLRX5,greenyellow
GLS,greenyellow
GLTSCR1,greenyellow
GMDS,greenyellow
GMIP,greenyellow
GMPPA,greenyellow
GNA12,greenyellow
GNAI1,greenyellow
GNAI3,greenyellow
GNB1,greenyellow
GNB3,greenyellow
GNG2,greenyellow
GNG5,greenyellow
GNL3,greenyellow
GNMT,greenyellow
GNS,greenyellow
GOLGA3,greenyellow
GOLM1,greenyellow
GOLSYN,greenyellow
GOT2,greenyellow
GP2,greenyellow
GPBP1L1,greenyellow
GPD2,greenyellow
GPR1,greenyellow
GPR109A,greenyellow
GPR132,greenyellow
GPR133,greenyellow
GPR135,greenyellow
GPR142,greenyellow
GPR153,greenyellow
GPR157,greenyellow
GPR161,greenyellow
GPR176,greenyellow
GPR177,greenyellow
GPR45,greenyellow
GPR61,greenyellow
GPR62,greenyellow
GPR65,greenyellow
GPR87,greenyellow
GPR98,greenyellow
GPRC5A,greenyellow
GPSM1,greenyellow
GPX3,greenyellow
GPX5,greenyellow
GPX6,greenyellow
GRAMD1B,greenyellow
GRAMD3,greenyellow
GRB10,greenyellow
GREB1,greenyellow
GRIK2,greenyellow
GRIN1,greenyellow
GRK7,greenyellow
GRPEL1,greenyellow
GRSF1,greenyellow
GRTP1,greenyellow
GSDMC,greenyellow
GSX2,greenyellow
GTDC1,greenyellow
GTF2E2,greenyellow
GTF2F2,greenyellow
GTF2IRD1,greenyellow
GTPBP1,greenyellow
GUCA2B,greenyellow
GUCY2E,greenyellow
GULP1,greenyellow
GYG1,greenyellow
GYLTL1B,greenyellow
H2AFY2,greenyellow
H6PD,greenyellow
HAO2,greenyellow
HBM,greenyellow
HCG18,greenyellow
HCG27,greenyellow
HCN3,greenyellow
HDAC4,greenyellow
HDAC9,greenyellow
HDDC2,greenyellow
HEATR2,greenyellow
HEBP1,greenyellow
HEG1,greenyellow
HEPACAM,greenyellow
HES1,greenyellow
HES5,greenyellow
HGD,greenyellow
HHAT,greenyellow
HHIP,greenyellow
HIC1,greenyellow
HIPK2,greenyellow
HIRA,greenyellow
HIST1H1A,greenyellow
HIST1H2AL,greenyellow
HIST1H3A,greenyellow
HIST1H3D,greenyellow
HIST1H3G,greenyellow
HIST2H2BF,greenyellow
HIST3H2A,greenyellow
HIST3H3,greenyellow
HIVEP3,greenyellow
HK1,greenyellow
HKDC1,greenyellow
HLA-C,greenyellow
HLA-DOA,greenyellow
HLA-DPB1,greenyellow
HLA-DPB2,greenyellow
HLF,greenyellow
HMGA2,greenyellow
HMGXB3,greenyellow
HN1L,greenyellow
HNRNPA1,greenyellow
HNRNPA3P1,greenyellow
HOMER1,greenyellow
HOXA2,greenyellow
HOXA4,greenyellow
HOXA5,greenyellow
HOXA9,greenyellow
HOXB3,greenyellow
HOXC11,greenyellow
HOXD11,greenyellow
HPCAL1,greenyellow
HPD,greenyellow
HPGD,greenyellow
HRH2,greenyellow
HRK,greenyellow
HRNBP3,greenyellow
HS3ST1,greenyellow
HS3ST2,greenyellow
HSD11B1L,greenyellow
HSD17B1,greenyellow
HSD17B12,greenyellow
HSD17B2,greenyellow
HSF4,greenyellow
HSP90AA1,greenyellow
HSP90AB1,greenyellow
HSPA12A,greenyellow
HSPA1B,greenyellow
HSPBAP1,greenyellow
HSPG2,greenyellow
HTATIP2,greenyellow
HTR3C,greenyellow
HULC,greenyellow
HVCN1,greenyellow
HYAL1,greenyellow
HYDIN,greenyellow
IAH1,greenyellow
IBTK,greenyellow
ID2B,greenyellow
IDO2,greenyellow
IER3,greenyellow
IFIH1,greenyellow
IFITM1,greenyellow
IFITM2,greenyellow
IFITM3,greenyellow
IFRD1,greenyellow
IFT140,greenyellow
IGF1R,greenyellow
IGF2BP1,greenyellow
IGF2BP3,greenyellow
IGFBP7,greenyellow
IGSF10,greenyellow
IGSF21,greenyellow
IGSF9B,greenyellow
IL10RB,greenyellow
IL16,greenyellow
IL17RD,greenyellow
IL1F10,greenyellow
IL20,greenyellow
IL20RA,greenyellow
IL21R,greenyellow
IL24,greenyellow
IL34,greenyellow
IMPA1,greenyellow
IMPAD1,greenyellow
INF2,greenyellow
INO80,greenyellow
INPP4A,greenyellow
INPP5A,greenyellow
INSC,greenyellow
INSL6,greenyellow
INTS6,greenyellow
INTS9,greenyellow
IPO13,greenyellow
IPO4,greenyellow
IPO9,greenyellow
IPP,greenyellow
IQCA1,greenyellow
IQCD,greenyellow
IQCE,greenyellow
IQGAP2,greenyellow
IQSEC1,greenyellow
IQSEC3,greenyellow
IRF2,greenyellow
IRF2BP2,greenyellow
IRF7,greenyellow
IRS1,greenyellow
ISCU,greenyellow
ISOC1,greenyellow
ISPD,greenyellow
ISYNA1,greenyellow
ITFG3,greenyellow
ITGA11,greenyellow
ITGA6,greenyellow
ITGA7,greenyellow
ITGB7,greenyellow
ITIH5,greenyellow
ITPK1,greenyellow
ITPKB,greenyellow
ITPR1,greenyellow
ITPR3,greenyellow
ITPRIP,greenyellow
ITPRIPL2,greenyellow
JAK1,greenyellow
JARID2,greenyellow
JAZF1,greenyellow
JPH1,greenyellow
JPH3,greenyellow
KALRN,greenyellow
KANK4,greenyellow
KARS,greenyellow
KBTBD11,greenyellow
KCNAB1,greenyellow
KCNB1,greenyellow
KCNG4,greenyellow
KCNH1,greenyellow
KCNIP1,greenyellow
KCNIP4,greenyellow
KCNJ1,greenyellow
KCNJ5,greenyellow
KCNK13,greenyellow
KCNK2,greenyellow
KCNK3,greenyellow
KCNK7,greenyellow
KCNK9,greenyellow
KCNMA1,greenyellow
KCNMB2,greenyellow
KCNQ1,greenyellow
KCNQ1DN,greenyellow
KCNQ1OT1,greenyellow
KCNQ4,greenyellow
KCNS3,greenyellow
KCNV2,greenyellow
KCTD13,greenyellow
KCTD14,greenyellow
KCTD16,greenyellow
KCTD19,greenyellow
KCTD4,greenyellow
KCTD6,greenyellow
KDM4B,greenyellow
KDM4C,greenyellow
KDR,greenyellow
KHDC1L,greenyellow
KHDRBS1,greenyellow
KHDRBS3,greenyellow
KIAA0040,greenyellow
KIAA0146,greenyellow
KIAA0182,greenyellow
KIAA0196,greenyellow
KIAA0226,greenyellow
KIAA0232,greenyellow
KIAA0247,greenyellow
KIAA0368,greenyellow
KIAA0513,greenyellow
KIAA0556,greenyellow
KIAA0562,greenyellow
KIAA1026,greenyellow
KIAA1211,greenyellow
KIAA1217,greenyellow
KIAA1244,greenyellow
KIAA1407,greenyellow
KIAA1430,greenyellow
KIAA1432,greenyellow
KIAA1522,greenyellow
KIAA1529,greenyellow
KIAA1549,greenyellow
KIAA1609,greenyellow
KIAA1614,greenyellow
KIAA1688,greenyellow
KIAA1875,greenyellow
KIDINS220,greenyellow
KIF13A,greenyellow
KIF16B,greenyellow
KIF1B,greenyellow
KIF26B,greenyellow
KIF5C,greenyellow
KIF9,greenyellow
KIRREL,greenyellow
KIRREL3,greenyellow
KITLG,greenyellow
KLB,greenyellow
KLC1,greenyellow
KLF10,greenyellow
KLF12,greenyellow
KLF13,greenyellow
KLF16,greenyellow
KLHDC2,greenyellow
KLHDC7A,greenyellow
KLHDC8B,greenyellow
KLHL1,greenyellow
KLHL17,greenyellow
KLHL21,greenyellow
KLHL24,greenyellow
KLHL28,greenyellow
KLHL29,greenyellow
KLHL36,greenyellow
KLHL6,greenyellow
KLK14,greenyellow
KNDC1,greenyellow
KNTC1,greenyellow
KPNA7,greenyellow
KRAS,greenyellow
KRBA1,greenyellow
KRT4,greenyellow
KRT5,greenyellow
KRT71,greenyellow
KRT8,greenyellow
KRTAP3-1,greenyellow
LAMA1,greenyellow
LAMA2,greenyellow
LAMB1,greenyellow
LAMB4,greenyellow
LAPTM4B,greenyellow
LARP1,greenyellow
LARP4B,greenyellow
LASP1,greenyellow
LASS5,greenyellow
LASS6,greenyellow
LATS2,greenyellow
LCE1A,greenyellow
LCN2,greenyellow
LCORL,greenyellow
LDB3,greenyellow
LDLRAD3,greenyellow
LECT1,greenyellow
LEF1,greenyellow
LEMD2,greenyellow
LEP,greenyellow
LEPROT,greenyellow
LETM1,greenyellow
LGALS8,greenyellow
LGMN,greenyellow
LHCGR,greenyellow
LHPP,greenyellow
LHX3,greenyellow
LHX4,greenyellow
LHX6,greenyellow
LHX8,greenyellow
LIG4,greenyellow
LIMCH1,greenyellow
LIMD1,greenyellow
LINGO4,greenyellow
LIPA,greenyellow
LIPC,greenyellow
LIPH,greenyellow
LLGL2,greenyellow
LMO7,greenyellow
LMTK3,greenyellow
LMX1A,greenyellow
LNX1,greenyellow
LOC100128164,greenyellow
LOC100128239,greenyellow
LOC100130015,greenyellow
LOC100130872,greenyellow
LOC100130872-SPON2,greenyellow
LOC100130987,greenyellow
LOC100132111,greenyellow
LOC100216001,greenyellow
LOC100302640,greenyellow
LOC121952,greenyellow
LOC143188,greenyellow
LOC145474,greenyellow
LOC145837,greenyellow
LOC148709,greenyellow
LOC222699,greenyellow
LOC255167,greenyellow
LOC283050,greenyellow
LOC285205,greenyellow
LOC285375,greenyellow
LOC285419,greenyellow
LOC285501,greenyellow
LOC285627,greenyellow
LOC285629,greenyellow
LOC285692,greenyellow
LOC285740,greenyellow
LOC285830,greenyellow
LOC340094,greenyellow
LOC344595,greenyellow
LOC387646,greenyellow
LOC387763,greenyellow
LOC389333,greenyellow
LOC399959,greenyellow
LOC400794,greenyellow
LOC440839,greenyellow
LOC442245,greenyellow
LOC619207,greenyellow
LOC646982,greenyellow
LOC647309,greenyellow
LOC650226,greenyellow
LOC723809,greenyellow
LOC728276,greenyellow
LOC728392,greenyellow
LOC728723,greenyellow
LOC729020,greenyellow
LOC729991-MEF2B,greenyellow
LOXL1,greenyellow
LOXL2,greenyellow
LPCAT1,greenyellow
LPCAT2,greenyellow
LPIN1,greenyellow
LPP,greenyellow
LRBA,greenyellow
LRCH1,greenyellow
LRCH3,greenyellow
LRDD,greenyellow
LRIG1,greenyellow
LRIG3,greenyellow
LRP10,greenyellow
LRP11,greenyellow
LRP5,greenyellow
LRP5L,greenyellow
LRP6,greenyellow
LRP8,greenyellow
LRRC1,greenyellow
LRRC16A,greenyellow
LRRC20,greenyellow
LRRC24,greenyellow
LRRC27,greenyellow
LRRC32,greenyellow
LRRC41,greenyellow
LRRC43,greenyellow
LRRC8C,greenyellow
LRRC8D,greenyellow
LRRFIP1,greenyellow
LRRIQ3,greenyellow
LRRN1,greenyellow
LRRN2,greenyellow
LRSAM1,greenyellow
LSAMP,greenyellow
LSM10,greenyellow
LTA,greenyellow
LTBP1,greenyellow
LTBP2,greenyellow
LTBP3,greenyellow
LTBP4,greenyellow
LY6D,greenyellow
LY6G5C,greenyellow
LY6G6D,greenyellow
LYG2,greenyellow
LYNX1,greenyellow
LYPD5,greenyellow
LYVE1,greenyellow
MACF1,greenyellow
MACROD1,greenyellow
MAD1L1,greenyellow
MAD2L1BP,greenyellow
MAEA,greenyellow
MAGI1,greenyellow
MAGI2,greenyellow
MALL,greenyellow
MAML2,greenyellow
MAML3,greenyellow
MAN1C1,greenyellow
MAN2A1,greenyellow
MANF,greenyellow
MANSC1,greenyellow
MAP2K5,greenyellow
MAP2K7,greenyellow
MAP3K14,greenyellow
MAP3K3,greenyellow
MAP3K8,greenyellow
MAPKAPK2,greenyellow
MAPKBP1,greenyellow
MAPT,greenyellow
MARCH7,greenyellow
MARK2,greenyellow
MASP1,greenyellow
MAT2B,greenyellow
MATK,greenyellow
MATN2,greenyellow
MBNL2,greenyellow
MBP,greenyellow
MBTPS1,greenyellow
MCC,greenyellow
MCF2L,greenyellow
MCF2L2,greenyellow
MCFD2,greenyellow
MCL1,greenyellow
MDGA1,greenyellow
MDM1,greenyellow
MDP1,greenyellow
ME3,greenyellow
MECOM,greenyellow
MED13L,greenyellow
MED4,greenyellow
MEGF11,greenyellow
MEIS1,greenyellow
MEIS3,greenyellow
MEN1,greenyellow
MERTK,greenyellow
MEST,greenyellow
MET,greenyellow
METRNL,greenyellow
METT5D1,greenyellow
MEX3A,greenyellow
MFAP2,greenyellow
MFAP3L,greenyellow
MFGE8,greenyellow
MFNG,greenyellow
MFRP,greenyellow
MFSD4,greenyellow
MFSD8,greenyellow
MGAT1,greenyellow
MGAT4B,greenyellow
MGC16384,greenyellow
MGC45800,greenyellow
MGC70857,greenyellow
MGMT,greenyellow
MGRN1,greenyellow
MIB2,greenyellow
MICA,greenyellow
MICAL2,greenyellow
MICALCL,greenyellow
MICB,greenyellow
MIP,greenyellow
MIR1237,greenyellow
MIR1289-2,greenyellow
MIR208B,greenyellow
MIR211,greenyellow
MIR2117,greenyellow
MIR331,greenyellow
MIR494,greenyellow
MIR548F5,greenyellow
MIR548H4,greenyellow
MIR548I4,greenyellow
MIR548Q,greenyellow
MIR568,greenyellow
MIR573,greenyellow
MITF,greenyellow
MKL2,greenyellow
MKNK1,greenyellow
MKRN1,greenyellow
MLLT1,greenyellow
MLLT4,greenyellow
MLYCD,greenyellow
MMEL1,greenyellow
MMP14,greenyellow
MMP15,greenyellow
MMP17,greenyellow
MMP2,greenyellow
MMP7,greenyellow
MOBKL1A,greenyellow
MOBKL2C,greenyellow
MOGAT1,greenyellow
MORN1,greenyellow
MOSC2,greenyellow
MPDU1,greenyellow
MPPED1,greenyellow
MPV17,greenyellow
MPV17L,greenyellow
MRC2,greenyellow
MRFAP1L1,greenyellow
MRPL20,greenyellow
MRPL37,greenyellow
MRPS16,greenyellow
MRPS18A,greenyellow
MS4A10,greenyellow
MS4A13,greenyellow
MS4A15,greenyellow
MS4A8B,greenyellow
MSGN1,greenyellow
MSH5,greenyellow
MSI2,greenyellow
MSLN,greenyellow
MSRA,greenyellow
MST1R,greenyellow
MSX1,greenyellow
MT1DP,greenyellow
MT1E,greenyellow
MT1M,greenyellow
MTA1,greenyellow
MTAP,greenyellow
MTERFD2,greenyellow
MTFR1,greenyellow
MTL5,greenyellow
MTMR10,greenyellow
MTMR14,greenyellow
MTMR7,greenyellow
MTMR9L,greenyellow
MTOR,greenyellow
MTPN,greenyellow
MTRR,greenyellow
MTUS1,greenyellow
MTX2,greenyellow
MUC17,greenyellow
MUC2,greenyellow
MUC5B,greenyellow
MUDENG,greenyellow
MUPCDH,greenyellow
MXRA8,greenyellow
MYCBP,greenyellow
MYL10,greenyellow
MYL6B,greenyellow
MYLK,greenyellow
MYLK4,greenyellow
MYO10,greenyellow
MYO15A,greenyellow
MYO16,greenyellow
MYO1C,greenyellow
MYO1E,greenyellow
MYO1H,greenyellow
MYO3A,greenyellow
MYO3B,greenyellow
MYO5A,greenyellow
MYO7B,greenyellow
MYOF,greenyellow
MYOM2,greenyellow
MYST4,greenyellow
MYT1L,greenyellow
N4BP1,greenyellow
NACC2,greenyellow
NANS,greenyellow
NARG2,greenyellow
NARS2,greenyellow
NAV1,greenyellow
NAV2,greenyellow
NBAS,greenyellow
NCAPD3,greenyellow
NCK1,greenyellow
NCK2,greenyellow
NCOA4,greenyellow
NCOR2,greenyellow
NCRNA00116,greenyellow
NCRNA00171,greenyellow
NCRNA00200,greenyellow
NDFIP2,greenyellow
NDNL2,greenyellow
NDST1,greenyellow
NDUFA12,greenyellow
NDUFA4L2,greenyellow
NDUFS6,greenyellow
NDUFV1,greenyellow
NEAT1,greenyellow
NEB,greenyellow
NEDD9,greenyellow
NEFM,greenyellow
NEK7,greenyellow
NELL2,greenyellow
NETO2,greenyellow
NEURL1B,greenyellow
NFATC1,greenyellow
NFATC2IP,greenyellow
NFATC4,greenyellow
NFE2,greenyellow
NFE2L2,greenyellow
NFE2L3,greenyellow
NFIA,greenyellow
NFIL3,greenyellow
NFKB2,greenyellow
NFRKB,greenyellow
NFYC,greenyellow
NGFR,greenyellow
NINJ1,greenyellow
NINJ2,greenyellow
NINL,greenyellow
NIPAL3,greenyellow
NIPBL,greenyellow
NISCH,greenyellow
NKX1-2,greenyellow
NKX2-6,greenyellow
NKX3-2,greenyellow
NKX6-2,greenyellow
NLE1,greenyellow
NLGN1,greenyellow
NLRP6,greenyellow
NLRX1,greenyellow
NMNAT2,greenyellow
NMU,greenyellow
NOD1,greenyellow
NOL10,greenyellow
NOS1AP,greenyellow
NOS2,greenyellow
NOTCH4,greenyellow
NOX4,greenyellow
NOXO1,greenyellow
NPBWR1,greenyellow
NPHP3,greenyellow
NPHP4,greenyellow
NPTN,greenyellow
NPW,greenyellow
NPY6R,greenyellow
NQO2,greenyellow
NR1I2,greenyellow
NR2C2AP,greenyellow
NR2F2,greenyellow
NR3C2,greenyellow
NR5A1,greenyellow
NR6A1,greenyellow
NRF1,greenyellow
NRG1,greenyellow
NRG3,greenyellow
NRN1L,greenyellow
NRP2,greenyellow
NRXN1,greenyellow
NSD1,greenyellow
NSF,greenyellow
NSMCE2,greenyellow
NSUN3,greenyellow
NSUN4,greenyellow
NT5DC1,greenyellow
NT5DC3,greenyellow
NTF3,greenyellow
NTN1,greenyellow
NUB1,greenyellow
NUDT13,greenyellow
NUMBL,greenyellow
NUP160,greenyellow
NUP188,greenyellow
NUP93,greenyellow
NXN,greenyellow
NXNL1,greenyellow
NXPH4,greenyellow
OAS3,greenyellow
OBFC1,greenyellow
OBSCN,greenyellow
OCA2,greenyellow
ODF2,greenyellow
ODZ2,greenyellow
ODZ3,greenyellow
ODZ4,greenyellow
OGDH,greenyellow
OGDHL,greenyellow
OGFOD1,greenyellow
OGG1,greenyellow
OLAH,greenyellow
OLFML1,greenyellow
OLFML2A,greenyellow
OPCML,greenyellow
OPN1SW,greenyellow
OPN4,greenyellow
OR10G3,greenyellow
OR12D3,greenyellow
OR1K1,greenyellow
OR2AE1,greenyellow
OR4D11,greenyellow
OR4F6,greenyellow
OR51Q1,greenyellow
OR52N1,greenyellow
OR6B1,greenyellow
OR6S1,greenyellow
OR9Q1,greenyellow
ORAOV1,greenyellow
ORC5L,greenyellow
OSBPL10,greenyellow
OSBPL5,greenyellow
OSBPL9,greenyellow
OSGEP,greenyellow
OSR2,greenyellow
OSTALPHA,greenyellow
OTOA,greenyellow
OTOF,greenyellow
OTUB2,greenyellow
OTUD3,greenyellow
OTX2,greenyellow
OTX2OS1,greenyellow
OVOL1,greenyellow
OXSR1,greenyellow
P11,greenyellow
P2RX3,greenyellow
P2RY2,greenyellow
P4HA3,greenyellow
PABPC1P2,greenyellow
PACS2,greenyellow
PACSIN1,greenyellow
PADI2,greenyellow
PAG1,greenyellow
PAK6,greenyellow
PALM,greenyellow
PALM2,greenyellow
PAOX,greenyellow
PAPLN,greenyellow
PAQR5,greenyellow
PAQR7,greenyellow
PARD3,greenyellow
PARD3B,greenyellow
PARK2,greenyellow
PARM1,greenyellow
PARVA,greenyellow
PATL2,greenyellow
PAX5,greenyellow
PBRM1,greenyellow
PCCA,greenyellow
PCDHA2,greenyellow
PCDHB11,greenyellow
PCDHB13,greenyellow
PCDHB14,greenyellow
PCDHGA1,greenyellow
PCDHGA2,greenyellow
PCDHGA4,greenyellow
PCDHGB5,greenyellow
PCGF3,greenyellow
PCID2,greenyellow
PCLO,greenyellow
PCMT1,greenyellow
PCNXL2,greenyellow
PCSK6,greenyellow
PCSK9,greenyellow
PDE2A,greenyellow
PDE4A,greenyellow
PDE4B,greenyellow
PDE6A,greenyellow
PDE6B,greenyellow
PDE8A,greenyellow
PDE9A,greenyellow
PDGFD,greenyellow
PDIA2,greenyellow
PDIA4,greenyellow
PDIA5,greenyellow
PDILT,greenyellow
PDK4,greenyellow
PDLIM5,greenyellow
PDP1,greenyellow
PDPN,greenyellow
PDZD2,greenyellow
PDZD7,greenyellow
PDZK1,greenyellow
PDZRN3,greenyellow
PDZRN4,greenyellow
PEF1,greenyellow
PEG10,greenyellow
PERP,greenyellow
PEX14,greenyellow
PFKFB2,greenyellow
PFKP,greenyellow
PGBD5,greenyellow
PGC,greenyellow
PGF,greenyellow
PGM1,greenyellow
PHACTR1,greenyellow
PHACTR2,greenyellow
PHF1,greenyellow
PHF15,greenyellow
PHF21A,greenyellow
PHKG2,greenyellow
PHOSPHO1,greenyellow
PHRF1,greenyellow
PI15,greenyellow
PID1,greenyellow
PIGM,greenyellow
PIGW,greenyellow
PIK3R2,greenyellow
PIM3,greenyellow
PIN1,greenyellow
PINX1,greenyellow
PITPNM2,greenyellow
PITPNM3,greenyellow
PIWIL2,greenyellow
PKD1L2,greenyellow
PKNOX2,greenyellow
PKP3,greenyellow
PLA1A,greenyellow
PLA2G12B,greenyellow
PLAGL1,greenyellow
PLB1,greenyellow
PLCE1,greenyellow
PLCL1,greenyellow
PLCXD3,greenyellow
PLD5,greenyellow
PLD6,greenyellow
PLEC1,greenyellow
PLEKHA2,greenyellow
PLEKHA7,greenyellow
PLEKHB2,greenyellow
PLEKHG4B,greenyellow
PLEKHG5,greenyellow
PLEKHH2,greenyellow
PLEKHM3,greenyellow
PLIN1,greenyellow
PLIN5,greenyellow
PLSCR4,greenyellow
PLXNA2,greenyellow
PLXNA4,greenyellow
PLXNB2,greenyellow
PMFBP1,greenyellow
PMP22,greenyellow
PNKD,greenyellow
PNLIPRP1,greenyellow
PNLIPRP2,greenyellow
PNMA1,greenyellow
PNN,greenyellow
PODXL,greenyellow
POLD3,greenyellow
POLG,greenyellow
POLR1A,greenyellow
POLR3E,greenyellow
POLR3G,greenyellow
POMGNT1,greenyellow
POPDC2,greenyellow
POPDC3,greenyellow
POR,greenyellow
POU5F1,greenyellow
PPAN-P2RY11,greenyellow
PPAP2A,greenyellow
PPAPDC1B,greenyellow
PPARG,greenyellow
PPEF2,greenyellow
PPFIA1,greenyellow
PPFIA3,greenyellow
PPFIBP2,greenyellow
PPL,greenyellow
PPP1R10,greenyellow
PPP1R12B,greenyellow
PPP1R13B,greenyellow
PPP2R1B,greenyellow
PPP2R2B,greenyellow
PPP2R2D,greenyellow
PPP2R5C,greenyellow
PPP3CC,greenyellow
PPP3R1,greenyellow
PPTC7,greenyellow
PRCC,greenyellow
PRCD,greenyellow
PRDM10,greenyellow
PRDM12,greenyellow
PRDM16,greenyellow
PRDM2,greenyellow
PRDM4,greenyellow
PRDM5,greenyellow
PRDM8,greenyellow
PRELID2,greenyellow
PRHOXNB,greenyellow
PRICKLE2,greenyellow
PRIM2,greenyellow
PRKACA,greenyellow
PRKACG,greenyellow
PRKAR1B,greenyellow
PRKCA,greenyellow
PRKCB,greenyellow
PRKCE,greenyellow
PRKCH,greenyellow
PRKCZ,greenyellow
PRKD2,greenyellow
PRL,greenyellow
PRLR,greenyellow
PRMT7,greenyellow
PRND,greenyellow
PROM1,greenyellow
PROP1,greenyellow
PROX2,greenyellow
PRPF4B,greenyellow
PRPH,greenyellow
PRPH2,greenyellow
PRR18,greenyellow
PRR4,greenyellow
PRR5L,greenyellow
PRRG2,greenyellow
PRRG4,greenyellow
PRRT1,greenyellow
PRRX2,greenyellow
PRSS22,greenyellow
PRSS8,greenyellow
PRTG,greenyellow
PSD,greenyellow
PSD3,greenyellow
PSEN2,greenyellow
PSKH2,greenyellow
PSMB1,greenyellow
PSMB5,greenyellow
PSMB7,greenyellow
PSMD6,greenyellow
PSMD9,greenyellow
PSORS1C1,greenyellow
PTAFR,greenyellow
PTCH1,greenyellow
PTCHD2,greenyellow
PTDSS1,greenyellow
PTK2,greenyellow
PTK2B,greenyellow
PTP4A2,greenyellow
PTPMT1,greenyellow
PTPN12,greenyellow
PTPN13,greenyellow
PTPN14,greenyellow
PTPN2,greenyellow
PTPN3,greenyellow
PTPRE,greenyellow
PTPRF,greenyellow
PTPRG,greenyellow
PTPRN2,greenyellow
PTPRV,greenyellow
PTRF,greenyellow
PVRL1,greenyellow
PVT1,greenyellow
PWP1,greenyellow
PWWP2B,greenyellow
PXDN,greenyellow
PXDNL,greenyellow
PXK,greenyellow
PXT1,greenyellow
PYGM,greenyellow
PYROXD2,greenyellow
QDPR,greenyellow
QPCT,greenyellow
QRFP,greenyellow
QSER1,greenyellow
QSOX2,greenyellow
R3HDM1,greenyellow
RAB11B,greenyellow
RAB11FIP1,greenyellow
RAB14,greenyellow
RAB17,greenyellow
RAB1A,greenyellow
RAB20,greenyellow
RAB21,greenyellow
RAB35,greenyellow
RAB37,greenyellow
RAB38,greenyellow
RAB5B,greenyellow
RABEP2,greenyellow
RABEPK,greenyellow
RABGAP1L,greenyellow
RABL3,greenyellow
RAD51L1,greenyellow
RADIL,greenyellow
RAET1K,greenyellow
RAGE,greenyellow
RAI14,greenyellow
RALGPS1,greenyellow
RAP2A,greenyellow
RAPGEF4,greenyellow
RAPGEFL1,greenyellow
RAPSN,greenyellow
RARB,greenyellow
RARRES2,greenyellow
RARRES3,greenyellow
RASA1,greenyellow
RASA3,greenyellow
RASAL1,greenyellow
RASGEF1B,greenyellow
RASGEF1C,greenyellow
RASGRF1,greenyellow
RASGRF2,greenyellow
RASSF10,greenyellow
RASSF3,greenyellow
RASSF4,greenyellow
RASSF6,greenyellow
RASSF8,greenyellow
RASSF9,greenyellow
RB1,greenyellow
RBM16,greenyellow
RBM24,greenyellow
RBM25,greenyellow
RBM33,greenyellow
RBM47,greenyellow
RBM4B,greenyellow
RBMS1,greenyellow
RBMS2,greenyellow
RBMS3,greenyellow
RBP1,greenyellow
RBP3,greenyellow
RBP5,greenyellow
RBP7,greenyellow
RBPMS,greenyellow
RCAN1,greenyellow
RCOR1,greenyellow
RCSD1,greenyellow
RCVRN,greenyellow
RD3,greenyellow
RECQL5,greenyellow
REEP3,greenyellow
REM2,greenyellow
REPIN1,greenyellow
RERE,greenyellow
RESP18,greenyellow
RET,greenyellow
RFC1,greenyellow
RFFL,greenyellow
RFTN1,greenyellow
RGL1,greenyellow
RGS12,greenyellow
RGS13,greenyellow
RGS14,greenyellow
RGS16,greenyellow
RGS20,greenyellow
RHBDD1,greenyellow
RHBDD2,greenyellow
RHO,greenyellow
RHOBTB1,greenyellow
RHOBTB2,greenyellow
RHOD,greenyellow
RHOH,greenyellow
RHOQ,greenyellow
RICH2,greenyellow
RIMBP2,greenyellow
RLTPR,greenyellow
RNF10,greenyellow
RNF130,greenyellow
RNF135,greenyellow
RNF170,greenyellow
RNF182,greenyellow
RNF2,greenyellow
RNF212,greenyellow
RNF213,greenyellow
RNF39,greenyellow
RNF44,greenyellow
RNU5E,greenyellow
ROR1,greenyellow
ROR2,greenyellow
RORA,greenyellow
RP1L1,greenyellow
RP9,greenyellow
RPA1,greenyellow
RPH3A,greenyellow
RPL10L,greenyellow
RPL13AP5,greenyellow
RPL18A,greenyellow
RPL22L1,greenyellow
RPL23,greenyellow
RPLP1,greenyellow
RPP38,greenyellow
RPS10,greenyellow
RPS12,greenyellow
RPS14,greenyellow
RPS24,greenyellow
RPS3,greenyellow
RPS6KA1,greenyellow
RPS6KA2,greenyellow
RPS6KA4,greenyellow
RPTOR,greenyellow
RREB1,greenyellow
RRM2B,greenyellow
RRP1B,greenyellow
RSAD2,greenyellow
RSC1A1,greenyellow
RSPH4A,greenyellow
RSU1,greenyellow
RTBDN,greenyellow
RTCD1,greenyellow
RTN1,greenyellow
RTN4,greenyellow
RUFY1,greenyellow
RUVBL1,greenyellow
RXRA,greenyellow
RYK,greenyellow
S100A5,greenyellow
SAG,greenyellow
SAMD11,greenyellow
SAMD12,greenyellow
SAMD14,greenyellow
SAPS2,greenyellow
SARNP,greenyellow
SATB1,greenyellow
SATB2,greenyellow
SBF2,greenyellow
SBNO2,greenyellow
SCARA5,greenyellow
SCFD2,greenyellow
SCG5,greenyellow
SCGB3A1,greenyellow
SCMH1,greenyellow
SCN11A,greenyellow
SCN8A,greenyellow
SCNN1A,greenyellow
SCNN1B,greenyellow
SCP2,greenyellow
SDCCAG8,greenyellow
SDF4,greenyellow
SDK1,greenyellow
SDK2,greenyellow
SDR9C7,greenyellow
SEC16B,greenyellow
SEC23A,greenyellow
SEC24D,greenyellow
SEC31B,greenyellow
SEL1L3,greenyellow
SELS,greenyellow
SEMA3B,greenyellow
SEMA4A,greenyellow
SEMA4D,greenyellow
SEMA6D,greenyellow
SENP1,greenyellow
SENP2,greenyellow
SENP6,greenyellow
SENP8,greenyellow
SEPHS2,greenyellow
SEPT10,greenyellow
SEPT8,greenyellow
SEPT9,greenyellow
SERF2,greenyellow
SERGEF,greenyellow
SERINC4,greenyellow
SERINC5,greenyellow
SERPINA1,greenyellow
SERPINB1,greenyellow
SERPINB9,greenyellow
SERPINC1,greenyellow
SERPINE2,greenyellow
SERPINF2,greenyellow
SERPING1,greenyellow
SESN2,greenyellow
SFMBT2,greenyellow
SFRP1,greenyellow
SFRP5,greenyellow
SFRS5,greenyellow
SFRS8,greenyellow
SFTA2,greenyellow
SFXN1,greenyellow
SGCD,greenyellow
SGEF,greenyellow
SGK1,greenyellow
SGK3,greenyellow
SH2D4B,greenyellow
SH3BP4,greenyellow
SH3BP5,greenyellow
SH3PXD2A,greenyellow
SH3RF1,greenyellow
SHANK2,greenyellow
SHB,greenyellow
SHF,greenyellow
SHFM1,greenyellow
SHMT1,greenyellow
SHROOM3,greenyellow
SIAH3,greenyellow
SIK2,greenyellow
SIL1,greenyellow
SIPA1,greenyellow
SIPA1L1,greenyellow
SIPA1L2,greenyellow
SIX3,greenyellow
SKAP1,greenyellow
SKI,greenyellow
SKIL,greenyellow
SLAMF9,greenyellow
SLC12A7,greenyellow
SLC13A4,greenyellow
SLC15A4,greenyellow
SLC15A5,greenyellow
SLC16A5,greenyellow
SLC17A8,greenyellow
SLC18A1,greenyellow
SLC1A2,greenyellow
SLC1A7,greenyellow
SLC20A2,greenyellow
SLC22A1,greenyellow
SLC22A23,greenyellow
SLC22A8,greenyellow
SLC23A2,greenyellow
SLC24A1,greenyellow
SLC24A4,greenyellow
SLC25A13,greenyellow
SLC25A16,greenyellow
SLC25A26,greenyellow
SLC25A38,greenyellow
SLC26A1,greenyellow
SLC26A5,greenyellow
SLC27A2,greenyellow
SLC2A12,greenyellow
SLC30A10,greenyellow
SLC30A8,greenyellow
SLC34A2,greenyellow
SLC35D2,greenyellow
SLC35F1,greenyellow
SLC38A10,greenyellow
SLC38A3,greenyellow
SLC39A14,greenyellow
SLC41A1,greenyellow
SLC43A1,greenyellow
SLC44A2,greenyellow
SLC44A3,greenyellow
SLC45A3,greenyellow
SLC45A4,greenyellow
SLC4A2,greenyellow
SLC5A6,greenyellow
SLC5A8,greenyellow
SLC6A17,greenyellow
SLC6A19,greenyellow
SLC6A20,greenyellow
SLC6A4,greenyellow
SLC6A6,greenyellow
SLC7A5,greenyellow
SLC7A8,greenyellow
SLCO3A1,greenyellow
SLFN12,greenyellow
SLFNL1,greenyellow
SLIT1,greenyellow
SLIT3,greenyellow
SLITRK1,greenyellow
SMAD1,greenyellow
SMAD3,greenyellow
SMAD5,greenyellow
SMAD6,greenyellow
SMARCA2,greenyellow
SMG5,greenyellow
SMG6,greenyellow
SMOC1,greenyellow
SMOC2,greenyellow
SMPDL3A,greenyellow
SMTNL1,greenyellow
SMTNL2,greenyellow
SMUG1,greenyellow
SMYD3,greenyellow
SND1,greenyellow
SNED1,greenyellow
SNHG12,greenyellow
SNORA80B,greenyellow
SNORD115-40,greenyellow
SNORD87,greenyellow
SNORD93,greenyellow
SNRNP35,greenyellow
SNTB1,greenyellow
SNTG2,greenyellow
SNX15,greenyellow
SNX29,greenyellow
SNX31,greenyellow
SNX8,greenyellow
SOBP,greenyellow
SOCS1,greenyellow
SOCS2,greenyellow
SOD3,greenyellow
SOLH,greenyellow
SORBS2,greenyellow
SORBS3,greenyellow
SORCS2,greenyellow
SORCS3,greenyellow
SORL1,greenyellow
SOX18,greenyellow
SOX2OT,greenyellow
SOX5,greenyellow
SOX6,greenyellow
SP110,greenyellow
SPAG1,greenyellow
SPAG8,greenyellow
SPATA13,greenyellow
SPATA18,greenyellow
SPATS2L,greenyellow
SPDEF,greenyellow
SPEG,greenyellow
SPEM1,greenyellow
SPERT,greenyellow
SPINK7,greenyellow
SPIRE2,greenyellow
SPOCK1,greenyellow
SPON1,greenyellow
SPR,greenyellow
SPRR3,greenyellow
SPRY2,greenyellow
SPSB1,greenyellow
SPSB3,greenyellow
SPSB4,greenyellow
SPTB,greenyellow
SPTBN1,greenyellow
SPTY2D1,greenyellow
SRBD1,greenyellow
SRD5A1,greenyellow
SRF,greenyellow
SRGAP1,greenyellow
SRGAP2,greenyellow
SRP68,greenyellow
SRRM3,greenyellow
SSBP3,greenyellow
SSH1,greenyellow
SSH3,greenyellow
SSPN,greenyellow
SSPO,greenyellow
ST3GAL1,greenyellow
ST3GAL3,greenyellow
ST6GAL1,greenyellow
ST6GALNAC2,greenyellow
ST6GALNAC3,greenyellow
ST7,greenyellow
STAC,greenyellow
STAM,greenyellow
STARD13,greenyellow
STARD4,greenyellow
STARD5,greenyellow
STAT1,greenyellow
STAT2,greenyellow
STAT4,greenyellow
STAU2,greenyellow
STIM1,greenyellow
STIP1,greenyellow
STK24,greenyellow
STK31,greenyellow
STK32C,greenyellow
STK39,greenyellow
STK40,greenyellow
STL,greenyellow
STOML2,greenyellow
STON1,greenyellow
STON1-GTF2A1L,greenyellow
STOX2,greenyellow
STX11,greenyellow
STX17,greenyellow
STX18,greenyellow
STX2,greenyellow
SUCLG2,greenyellow
SULF1,greenyellow
SULT1C2,greenyellow
SUPT3H,greenyellow
SUV420H1,greenyellow
SUV420H2,greenyellow
SV2B,greenyellow
SVOPL,greenyellow
SYCE1,greenyellow
SYN2,greenyellow
SYNE1,greenyellow
SYNE2,greenyellow
SYNGAP1,greenyellow
SYNM,greenyellow
SYNPO,greenyellow
SYT17,greenyellow
SYT7,greenyellow
SYTL2,greenyellow
SYTL3,greenyellow
TAAR3,greenyellow
TACC2,greenyellow
TAF12,greenyellow
TALDO1,greenyellow
TANC1,greenyellow
TAOK2,greenyellow
TAP1,greenyellow
TAP2,greenyellow
TAPBP,greenyellow
TBC1D1,greenyellow
TBC1D14,greenyellow
TBC1D16,greenyellow
TBC1D2B,greenyellow
TBC1D4,greenyellow
TBC1D5,greenyellow
TBC1D8,greenyellow
TBC1D9,greenyellow
TBCD,greenyellow
TBL1XR1,greenyellow
TBX1,greenyellow
TBX5,greenyellow
TBXAS1,greenyellow
TCEA1,greenyellow
TCEA2,greenyellow
TCERG1L,greenyellow
TCF7,greenyellow
TCF7L1,greenyellow
TCF7L2,greenyellow
TCP1,greenyellow
TCTEX1D4,greenyellow
TDH,greenyellow
TDP1,greenyellow
TDRD9,greenyellow
TEAD1,greenyellow
TEC,greenyellow
TEF,greenyellow
TENC1,greenyellow
TERT,greenyellow
TET1,greenyellow
TFAP2D,greenyellow
TFCP2L1,greenyellow
TFDP1,greenyellow
TG,greenyellow
TGFB1,greenyellow
TGFB1I1,greenyellow
TGFB3,greenyellow
TGFBI,greenyellow
TGFBR2,greenyellow
THADA,greenyellow
THBD,greenyellow
THEM4,greenyellow
THRB,greenyellow
THSD4,greenyellow
TIFAB,greenyellow
TIMD4,greenyellow
TIRAP,greenyellow
TK2,greenyellow
TLE3,greenyellow
TLE4,greenyellow
TLN2,greenyellow
TM4SF18,greenyellow
TMCC1,greenyellow
TMCC3,greenyellow
TMCO3,greenyellow
TMCO7,greenyellow
TMED9,greenyellow
TMEM106C,greenyellow
TMEM11,greenyellow
TMEM116,greenyellow
TMEM120B,greenyellow
TMEM128,greenyellow
TMEM132C,greenyellow
TMEM132D,greenyellow
TMEM139,greenyellow
TMEM163,greenyellow
TMEM18,greenyellow
TMEM200A,greenyellow
TMEM201,greenyellow
TMEM216,greenyellow
TMEM233,greenyellow
TMEM25,greenyellow
TMEM48,greenyellow
TMEM52,greenyellow
TMEM64,greenyellow
TMEM70,greenyellow
TMEM72,greenyellow
TMEM87B,greenyellow
TMEM8B,greenyellow
TMX1,greenyellow
TNFAIP8,greenyellow
TNFRSF10B,greenyellow
TNFRSF12A,greenyellow
TNFRSF1B,greenyellow
TNFRSF21,greenyellow
TNFRSF9,greenyellow
TNFSF8,greenyellow
TNIP2,greenyellow
TNKS2,greenyellow
TNN,greenyellow
TNNT3,greenyellow
TNR,greenyellow
TNXB,greenyellow
TOLLIP,greenyellow
TOMM40L,greenyellow
TOMM7,greenyellow
TP73,greenyellow
TPCN2,greenyellow
TPD52,greenyellow
TPD52L1,greenyellow
TPM1,greenyellow
TPM3,greenyellow
TPO,greenyellow
TPPP,greenyellow
TPSG1,greenyellow
TPST1,greenyellow
TRAF3IP1,greenyellow
TRAF5,greenyellow
TRAFD1,greenyellow
TRAK1,greenyellow
TRAM1L1,greenyellow
TRAM2,greenyellow
TRAPPC9,greenyellow
TREH,greenyellow
TREM1,greenyellow
TREML1,greenyellow
TRERF1,greenyellow
TRH,greenyellow
TRHDE,greenyellow
TRIM10,greenyellow
TRIM2,greenyellow
TRIM26,greenyellow
TRIM29,greenyellow
TRIM35,greenyellow
TRIM39,greenyellow
TRIM4,greenyellow
TRIM40,greenyellow
TRIM41,greenyellow
TRIM42,greenyellow
TRIM5,greenyellow
TRIM65,greenyellow
TRIM67,greenyellow
TRIML1,greenyellow
TRIO,greenyellow
TRIP13,greenyellow
TRIT1,greenyellow
TRPC2,greenyellow
TRPM3,greenyellow
TRPM5,greenyellow
TRPV4,greenyellow
TRRAP,greenyellow
TSKS,greenyellow
TSKU,greenyellow
TSNAX-DISC1,greenyellow
TSPAN11,greenyellow
TSPAN14,greenyellow
TSPAN18,greenyellow
TSPAN3,greenyellow
TSPAN9,greenyellow
TSPO2,greenyellow
TSTD1,greenyellow
TTC12,greenyellow
TTC15,greenyellow
TTC21A,greenyellow
TTC23L,greenyellow
TTC33,greenyellow
TTC36,greenyellow
TTC39B,greenyellow
TTC7B,greenyellow
TTLL10,greenyellow
TTLL11,greenyellow
TTLL5,greenyellow
TTR,greenyellow
TTYH1,greenyellow
TUBAL3,greenyellow
TUBGCP5,greenyellow
TUFT1,greenyellow
TULP3,greenyellow
TULP4,greenyellow
TUSC3,greenyellow
TWIST1,greenyellow
TXNDC11,greenyellow
TXNDC6,greenyellow
TXNRD1,greenyellow
TYRP1,greenyellow
TYSND1,greenyellow
TYW3,greenyellow
UBASH3B,greenyellow
UBE2C,greenyellow
UBE2CBP,greenyellow
UBE2D2,greenyellow
UBE2E2,greenyellow
UBE2H,greenyellow
UBE2I,greenyellow
UBE2R2,greenyellow
UBL3,greenyellow
UBL5,greenyellow
UBL7,greenyellow
UBP1,greenyellow
UBR3,greenyellow
UBR4,greenyellow
UBTD2,greenyellow
UBXN2A,greenyellow
UCP3,greenyellow
UFM1,greenyellow
UFSP2,greenyellow
UGT1A10,greenyellow
UHRF1BP1L,greenyellow
UHRF2,greenyellow
ULK4,greenyellow
UNC13A,greenyellow
UNC84A,greenyellow
UNKL,greenyellow
UPK1B,greenyellow
UPP1,greenyellow
UQCRC2,greenyellow
UQCRH,greenyellow
USP2,greenyellow
USP3,greenyellow
USP30,greenyellow
USP31,greenyellow
USP33,greenyellow
USP39,greenyellow
USP40,greenyellow
USP47,greenyellow
USP48,greenyellow
USP50,greenyellow
USP7,greenyellow
UTP14C,greenyellow
UTP23,greenyellow
UTS2,greenyellow
UVRAG,greenyellow
UXS1,greenyellow
VAMP1,greenyellow
VAMP2,greenyellow
VAT1L,greenyellow
VAV2,greenyellow
VCPIP1,greenyellow
VEPH1,greenyellow
VGLL3,greenyellow
VGLL4,greenyellow
VIM,greenyellow
VIPR1,greenyellow
VIPR2,greenyellow
VIT,greenyellow
VPS13D,greenyellow
VPS37B,greenyellow
VPS37C,greenyellow
VPS53,greenyellow
VRK2,greenyellow
VSIG10,greenyellow
VTCN1,greenyellow
VWA2,greenyellow
VWA5A,greenyellow
VWA5B2,greenyellow
VWF,greenyellow
WASF2,greenyellow
WASF3,greenyellow
WBSCR17,greenyellow
WDFY1,greenyellow
WDFY3,greenyellow
WDFY4,greenyellow
WDR1,greenyellow
WDR18,greenyellow
WDR20,greenyellow
WDR25,greenyellow
WDR27,greenyellow
WDR33,greenyellow
WDR34,greenyellow
WDR37,greenyellow
WDR47,greenyellow
WDR66,greenyellow
WDR85,greenyellow
WDR91,greenyellow
WDYHV1,greenyellow
WFDC1,greenyellow
WHSC1,greenyellow
WIPI2,greenyellow
WNK2,greenyellow
WNT1,greenyellow
WNT11,greenyellow
WNT5A,greenyellow
WNT5B,greenyellow
WNT8B,greenyellow
WNT9A,greenyellow
WRAP53,greenyellow
WSCD1,greenyellow
WWC1,greenyellow
WWC2,greenyellow
WWOX,greenyellow
WWP1,greenyellow
WWP2,greenyellow
WWTR1,greenyellow
XKR4,greenyellow
XPR1,greenyellow
XRCC3,greenyellow
XYLT1,greenyellow
YEATS2,greenyellow
YPEL5,greenyellow
YWHAQ,greenyellow
ZAR1,greenyellow
ZBBX,greenyellow
ZBED4,greenyellow
ZBTB16,greenyellow
ZBTB20,greenyellow
ZBTB24,greenyellow
ZBTB38,greenyellow
ZBTB40,greenyellow
ZBTB45,greenyellow
ZBTB9,greenyellow
ZC3H3,greenyellow
ZC3H7A,greenyellow
ZC3HAV1,greenyellow
ZCCHC14,greenyellow
ZDHHC11,greenyellow
ZDHHC14,greenyellow
ZDHHC3,greenyellow
ZFAT,greenyellow
ZFHX3,greenyellow
ZFP36L1,greenyellow
ZFP36L2,greenyellow
ZFP62,greenyellow
ZFPM1,greenyellow
ZFYVE21,greenyellow
ZFYVE27,greenyellow
ZFYVE28,greenyellow
ZFYVE9,greenyellow
ZHX2,greenyellow
ZIC1,greenyellow
ZIC4,greenyellow
ZKSCAN4,greenyellow
ZMAT2,greenyellow
ZMYND17,greenyellow
ZNF148,greenyellow
ZNF205,greenyellow
ZNF207,greenyellow
ZNF229,greenyellow
ZNF238,greenyellow
ZNF251,greenyellow
ZNF252,greenyellow
ZNF26,greenyellow
ZNF268,greenyellow
ZNF311,greenyellow
ZNF365,greenyellow
ZNF385A,greenyellow
ZNF423,greenyellow
ZNF467,greenyellow
ZNF474,greenyellow
ZNF502,greenyellow
ZNF529,greenyellow
ZNF540,greenyellow
ZNF572,greenyellow
ZNF589,greenyellow
ZNF598,greenyellow
ZNF648,greenyellow
ZNF672,greenyellow
ZNF696,greenyellow
ZNF703,greenyellow
ZNF704,greenyellow
ZNF718,greenyellow
ZNF77,greenyellow
ZNF783,greenyellow
ZNRD1,greenyellow
ZNRF1,greenyellow
ZP3,greenyellow
ZSCAN1,greenyellow
ZXDC,greenyellow
AAAS,grey60
ABCA2,grey60
ABCA3,grey60
ABCB1,grey60
ABCC5,grey60
ABHD5,grey60
ABL1,grey60
ABR,grey60
ACACA,grey60
ACOXL,grey60
ACSF3,grey60
ACSL1,grey60
ACVR1C,grey60
ADAM12,grey60
ADAM18,grey60
ADAMTS2,grey60
ADAMTS20,grey60
ADAMTSL2,grey60
ADAP1,grey60
ADARB2,grey60
ADCY3,grey60
ADIPOR1,grey60
ADIPOR2,grey60
ADRA1B,grey60
AFAP1,grey60
AFMID,grey60
AGAP1,grey60
AGBL1,grey60
AGPAT4,grey60
AGPHD1,grey60
AHNAK,grey60
AIM2,grey60
AIRE,grey60
AKAP12,grey60
AKAP8,grey60
ALDH1L2,grey60
ALK,grey60
ALPK1,grey60
ALPL,grey60
ALPPL2,grey60
ALX4,grey60
AMOTL2,grey60
ANK1,grey60
ANKH,grey60
ANKRA2,grey60
ANKRD13A,grey60
ANKRD34C,grey60
ANKRD43,grey60
ANKRD55,grey60
ANKRD9,grey60
ANLN,grey60
ANO1,grey60
ANO2,grey60
ANXA13,grey60
ANXA6,grey60
AP2A2,grey60
AP2S1,grey60
AP4B1,grey60
APLP2,grey60
APTX,grey60
ARHGAP26,grey60
ARHGEF10,grey60
ARHGEF3,grey60
ARID1B,grey60
ARID5B,grey60
ARIH2,grey60
ARRDC2,grey60
ARRDC4,grey60
ASAP3,grey60
ASB1,grey60
ASB15,grey60
ASB7,grey60
ASCL1,grey60
ASPG,grey60
ASPRV1,grey60
ATP10A,grey60
ATP11A,grey60
ATP1B1,grey60
ATP2B4,grey60
ATP5SL,grey60
ATPGD1,grey60
ATXN2L,grey60
AVEN,grey60
AVP,grey60
B3GNT7,grey60
B3GNTL1,grey60
BAIAP2,grey60
BANP,grey60
BARD1,grey60
BAT2,grey60
BAT3,grey60
BAT5,grey60
BAZ2A,grey60
BBX,grey60
BCDIN3D,grey60
BCL2L10,grey60
BCL2L11,grey60
BCL6,grey60
BDH1,grey60
BDH2,grey60
BDKRB1,grey60
BDKRB2,grey60
BHLHE22,grey60
BHLHE41,grey60
BIN1,grey60
BMP3,grey60
BMPER,grey60
BOK,grey60
BRCA1,grey60
BRD2,grey60
BRDT,grey60
BRSK2,grey60
BTBD11,grey60
BTRC,grey60
C10ORF11,grey60
C10ORF110,grey60
C10ORF128,grey60
C10ORF18,grey60
C10ORF41,grey60
C10ORF88,grey60
C10ORF90,grey60
C11ORF1,grey60
C11ORF41,grey60
C11ORF60,grey60
C11ORF71,grey60
C11ORF83,grey60
C11ORF9,grey60
C12ORF23,grey60
C13ORF33,grey60
C13ORF35,grey60
C13ORF38,grey60
C14ORF159,grey60
C14ORF43,grey60
C14ORF50,grey60
C14ORF70,grey60
C15ORF2,grey60
C16ORF46,grey60
C16ORF58,grey60
C16ORF82,grey60
C17ORF104,grey60
C17ORF51,grey60
C18ORF19,grey60
C1ORF103,grey60
C1ORF106,grey60
C1ORF107,grey60
C1ORF116,grey60
C1ORF127,grey60
C1ORF198,grey60
C1ORF228,grey60
C1ORF59,grey60
C1ORF70,grey60
C1ORF86,grey60
C1QL3,grey60
C2,grey60
C20ORF199,grey60
C2ORF40,grey60
C2ORF61,grey60
C2ORF78,grey60
C3ORF30,grey60
C3P1,grey60
C5ORF23,grey60
C5ORF30,grey60
C5ORF47,grey60
C6ORF147,grey60
C6ORF208,grey60
C6ORF48,grey60
C6ORF52,grey60
C7ORF13,grey60
C7ORF20,grey60
C7ORF25,grey60
C7ORF33,grey60
C7ORF34,grey60
C7ORF38,grey60
C7ORF47,grey60
C7ORF50,grey60
C7ORF52,grey60
C8ORF40,grey60
C8ORF59,grey60
C9ORF110,grey60
C9ORF68,grey60
C9ORF89,grey60
CABYR,grey60
CACNA1C,grey60
CACNA1E,grey60
CACNA1H,grey60
CADM3,grey60
CALCB,grey60
CALCOCO1,grey60
CALD1,grey60
CALML3,grey60
CAMSAP1,grey60
CAMTA1,grey60
CANX,grey60
CARD11,grey60
CARS2,grey60
CASZ1,grey60
CATSPER2,grey60
CATSPER4,grey60
CAV1,grey60
CBFA2T3,grey60
CBR1,grey60
CCDC102A,grey60
CCDC107,grey60
CCDC108,grey60
CCDC135,grey60
CCDC141,grey60
CCDC150,grey60
CCDC152,grey60
CCDC153,grey60
CCDC33,grey60
CCDC36,grey60
CCDC60,grey60
CCDC88B,grey60
CCDC88C,grey60
CCDC92,grey60
CCDC99,grey60
CCKAR,grey60
CCL28,grey60
CCNE1,grey60
CCNL2,grey60
CD14,grey60
CD8B,grey60
CDC42BPB,grey60
CDCA7,grey60
CDH23,grey60
CDK18,grey60
CDK2AP1,grey60
CDKL1,grey60
CDX1,grey60
CDYL2,grey60
CELSR3,grey60
CENPN,grey60
CEPT1,grey60
CH25H,grey60
CHI3L2,grey60
CHN2,grey60
CHRM2,grey60
CHST11,grey60
CHST2,grey60
CIT,grey60
CLASP1,grey60
CLCN7,grey60
CLEC16A,grey60
CLEC2L,grey60
CLEC4C,grey60
CLEC4E,grey60
CLINT1,grey60
CLK4,grey60
CLMN,grey60
CMA1,grey60
CMIP,grey60
CMKLR1,grey60
CMTM6,grey60
CNIH2,grey60
CNIH3,grey60
CNKSR3,grey60
CNR1,grey60
CNST,grey60
CNTN2,grey60
CNTN5,grey60
CNTNAP2,grey60
CNTNAP4,grey60
COBL,grey60
COIL,grey60
COL11A1,grey60
COL11A2,grey60
COL18A1,grey60
COL23A1,grey60
COL24A1,grey60
COL5A1,grey60
COL6A6,grey60
COL9A2,grey60
COLEC10,grey60
COLQ,grey60
COMMD8,grey60
COPA,grey60
COPS4,grey60
COQ10A,grey60
COQ5,grey60
CORO2B,grey60
COX19,grey60
COX6C,grey60
COX7A2L,grey60
CPNE2,grey60
CPNE6,grey60
CPOX,grey60
CPT1C,grey60
CRAMP1L,grey60
CREBBP,grey60
CRIPT,grey60
CRISPLD2,grey60
CRLF1,grey60
CRYGB,grey60
CRYL1,grey60
CS,grey60
CSMD3,grey60
CSTA,grey60
CTBP1,grey60
CTBP2,grey60
CTDSP2,grey60
CTDSPL,grey60
CTNND2,grey60
CTTN,grey60
CTU1,grey60
CTXN1,grey60
CUX1,grey60
CUX2,grey60
CWF19L1,grey60
CXCL12,grey60
CXXC5,grey60
CYB561,grey60
CYFIP1,grey60
CYP1B1,grey60
CYP7B1,grey60
DAAM1,grey60
DACH1,grey60
DAGLB,grey60
DAPK1,grey60
DAZAP1,grey60
DCHS2,grey60
DCLK1,grey60
DCLK2,grey60
DCST1,grey60
DCTD,grey60
DCUN1D4,grey60
DDR1,grey60
DENND1A,grey60
DGKD,grey60
DGKE,grey60
DGKQ,grey60
DHCR24,grey60
DHDPSL,grey60
DHRS11,grey60
DHRS12,grey60
DHX16,grey60
DHX37,grey60
DHX58,grey60
DICER1,grey60
DIP2C,grey60
DIRAS3,grey60
DIS3,grey60
DKK2,grey60
DLGAP2,grey60
DLGAP5,grey60
DLK1,grey60
DLL1,grey60
DLX1,grey60
DLX6AS,grey60
DMRT3,grey60
DMRTB1,grey60
DNAH11,grey60
DNAH17,grey60
DNAJC22,grey60
DNMT3A,grey60
DOCK1,grey60
DOCK5,grey60
DOCK9,grey60
DOK7,grey60
DPP10,grey60
DPP6,grey60
DPPA5,grey60
DPYSL2,grey60
DPYSL3,grey60
DPYSL4,grey60
DSCAML1,grey60
DTX4,grey60
DTYMK,grey60
DUPD1,grey60
DUSP1,grey60
DUSP22,grey60
DUSP26,grey60
DUSP7,grey60
DYNC1H1,grey60
DYNC1I2,grey60
DYNC2LI1,grey60
EBF3,grey60
ECE1,grey60
EDNRB,grey60
EFS,grey60
EGFR,grey60
EGR2,grey60
EIF2B2,grey60
EIF3A,grey60
ELAVL3,grey60
ELL2,grey60
ELMO1,grey60
ELOVL3,grey60
ELOVL5,grey60
EME1,grey60
EML1,grey60
EML3,grey60
EML6,grey60
EMX1,grey60
EMX2OS,grey60
ENY2,grey60
EP400,grey60
EPB41L3,grey60
EPB41L4B,grey60
EPHA4,grey60
EPHB2,grey60
EPS8,grey60
EPSTI1,grey60
ERC1,grey60
ERGIC1,grey60
ERI3,grey60
ERICH1,grey60
ERMP1,grey60
ESR1,grey60
EWSR1,grey60
EXOC2,grey60
EXOSC6,grey60
EXTL3,grey60
EYA4,grey60
F11R,grey60
F13A1,grey60
F7,grey60
FABP6,grey60
FAF1,grey60
FAM101A,grey60
FAM101B,grey60
FAM107B,grey60
FAM108C1,grey60
FAM124A,grey60
FAM124B,grey60
FAM125B,grey60
FAM129B,grey60
FAM131A,grey60
FAM131C,grey60
FAM132A,grey60
FAM13C,grey60
FAM160B1,grey60
FAM161A,grey60
FAM171A1,grey60
FAM172A,grey60
FAM174B,grey60
FAM175A,grey60
FAM176A,grey60
FAM177A1,grey60
FAM189A1,grey60
FAM19A5,grey60
FAM20B,grey60
FAM20C,grey60
FAM26D,grey60
FAM36A,grey60
FAM38A,grey60
FAM3D,grey60
FAM53B,grey60
FAM55C,grey60
FAM60A,grey60
FAM63A,grey60
FAM71B,grey60
FAM71F1,grey60
FAT1,grey60
FAT3,grey60
FBP1,grey60
FBXO17,grey60
FBXO32,grey60
FBXO44,grey60
FBXW8,grey60
FCN2,grey60
FCRL1,grey60
FES,grey60
FEZ1,grey60
FEZF1,grey60
FGD4,grey60
FGD5,grey60
FGF1,grey60
FGF18,grey60
FGF23,grey60
FGF3,grey60
FGF9,grey60
FGFR1OP,grey60
FGFR2,grey60
FIG4,grey60
FIS1,grey60
FLJ23834,grey60
FLJ36031,grey60
FLJ41603,grey60
FLJ43663,grey60
FLNC,grey60
FLOT1,grey60
FLOT2,grey60
FMNL1,grey60
FMNL2,grey60
FNDC1,grey60
FNTB,grey60
FOXI1,grey60
FOXI3,grey60
FOXK1,grey60
FOXP1,grey60
FRK,grey60
FRMD3,grey60
FRS3,grey60
FSTL4,grey60
FTO,grey60
FUCA1,grey60
FUT8,grey60
FXR1,grey60
GAB1,grey60
GAB2,grey60
GABARAP,grey60
GABRD,grey60
GAK,grey60
GAL3ST2,grey60
GALM,grey60
GALNT9,grey60
GALNTL6,grey60
GALR2,grey60
GATA4,grey60
GATA5,grey60
GBP6,grey60
GCN1L1,grey60
GFI1,grey60
GFRA1,grey60
GFRA3,grey60
GGN,grey60
GIF,grey60
GIMAP1,grey60
GJA8,grey60
GLB1L2,grey60
GLIS1,grey60
GLS2,grey60
GLT1D1,grey60
GLT25D2,grey60
GNA11,grey60
GNG4,grey60
GNG7,grey60
GOLGA3,grey60
GOLGA7B,grey60
GOLSYN,grey60
GPR123,grey60
GPR133,grey60
GPR19,grey60
GPR20,grey60
GPRIN2,grey60
GRAMD1B,grey60
GREB1,grey60
GRIK2,grey60
GRIP1,grey60
GRIP2,grey60
GRK5,grey60
GRK7,grey60
GSG1L,grey60
GSTO1,grey60
GTF3A,grey60
GUCY2G,grey60
GXYLT2,grey60
GYLTL1B,grey60
HACL1,grey60
HCFC2,grey60
HCG27,grey60
HCG4,grey60
HCG9,grey60
HDAC4,grey60
HDAC5,grey60
HDGF2,grey60
HDLBP,grey60
HERC4,grey60
HESRG,grey60
HIATL1,grey60
HIP1,grey60
HIP1R,grey60
HIPK2,grey60
HIST1H1E,grey60
HIST1H2AB,grey60
HIST1H2AE,grey60
HIST1H2AG,grey60
HIST1H2BA,grey60
HIST1H2BB,grey60
HIST1H2BG,grey60
HIST1H3C,grey60
HIST1H3H,grey60
HIST1H4A,grey60
HIST1H4C,grey60
HIST1H4E,grey60
HIST1H4J,grey60
HIST1H4L,grey60
HIVEP2,grey60
HIVEP3,grey60
HLA-C,grey60
HLA-DMA,grey60
HLA-DMB,grey60
HLA-DOA,grey60
HLA-DPA1,grey60
HLA-DQA2,grey60
HLA-F,grey60
HLTF,grey60
HLX,grey60
HMGCS1,grey60
HMOX2,grey60
HN1L,grey60
HNRNPF,grey60
HNRNPK,grey60
HOXC4,grey60
HPCAL1,grey60
HPCAL4,grey60
HRNBP3,grey60
HS3ST1,grey60
HSPA1B,grey60
HSPA1L,grey60
HSPA7,grey60
HSPC072,grey60
IDUA,grey60
IER3,grey60
IFITM3,grey60
IGF1R,grey60
IGF2BP3,grey60
IGFBP5,grey60
IGFN1,grey60
IGSF9B,grey60
IKZF1,grey60
IL15,grey60
IL1R2,grey60
IL1RL2,grey60
IL6,grey60
INF2,grey60
INPP5A,grey60
INPP5F,grey60
INSIG2,grey60
INSL3,grey60
IQCF6,grey60
IRF8,grey60
IRS2,grey60
IRX1,grey60
ITGA1,grey60
ITGA2,grey60
ITGB5,grey60
ITIH4,grey60
ITPKB,grey60
IVNS1ABP,grey60
JAG2,grey60
JAKMIP3,grey60
JARID2,grey60
JPH4,grey60
JRK,grey60
KANK4,grey60
KAT2A,grey60
KBTBD11,grey60
KCNA1,grey60
KCND2,grey60
KCNE1,grey60
KCNJ1,grey60
KCNJ10,grey60
KCNJ8,grey60
KCNK9,grey60
KCNQ1,grey60
KCNQ3,grey60
KCTD12,grey60
KDM4A,grey60
KIAA0196,grey60
KIAA0319,grey60
KIAA0430,grey60
KIAA0892,grey60
KIAA1026,grey60
KIAA1191,grey60
KIAA1217,grey60
KIAA1244,grey60
KIAA1530,grey60
KIAA1688,grey60
KIAA1967,grey60
KIF1B,grey60
KIF25,grey60
KIF26A,grey60
KIF2C,grey60
KIF5C,grey60
KIF9,grey60
KIRREL,grey60
KIRREL3,grey60
KLC1,grey60
KLF15,grey60
KLF5,grey60
KLHDC5,grey60
KLHL24,grey60
KLHL29,grey60
KLHL6,grey60
KLK9,grey60
KMO,grey60
KNDC1,grey60
KPNB1,grey60
KRAS,grey60
KRT4,grey60
KRT86,grey60
KYNU,grey60
LAMP1,grey60
LAP3,grey60
LARP4B,grey60
LCE1E,grey60
LCORL,grey60
LDB3,grey60
LEFTY2,grey60
LGALS8,grey60
LGI3,grey60
LHCGR,grey60
LHFP,grey60
LHPP,grey60
LIN54,grey60
LINS1,grey60
LIPE,grey60
LITAF,grey60
LMF1,grey60
LMO7,grey60
LMTK2,grey60
LOC100101938,grey60
LOC100126784,grey60
LOC100128811,grey60
LOC100128977,grey60
LOC100130872-SPON2,grey60
LOC100133612,grey60
LOC100134713,grey60
LOC100144604,grey60
LOC100289511,grey60
LOC100294362,grey60
LOC145845,grey60
LOC148696,grey60
LOC151174,grey60
LOC151658,grey60
LOC153328,grey60
LOC221710,grey60
LOC285045,grey60
LOC285205,grey60
LOC285501,grey60
LOC285548,grey60
LOC285593,grey60
LOC344595,grey60
LOC388965,grey60
LOC389493,grey60
LOC400027,grey60
LOC401463,grey60
LOC402644,grey60
LOC440839,grey60
LOC641746,grey60
LOC729467,grey60
LOC84740,grey60
LONP2,grey60
LOR,grey60
LPHN2,grey60
LPXN,grey60
LRBA,grey60
LRGUK,grey60
LRIG1,grey60
LRP2,grey60
LRRC2,grey60
LRRC55,grey60
LRRK1,grey60
LRTM2,grey60
LSP1,grey60
LY6G5C,grey60
LY9,grey60
LYPD5,grey60
LZTS2,grey60
MAB21L2,grey60
MAD1L1,grey60
MAEA,grey60
MAG,grey60
MAGI2,grey60
MAL2,grey60
MAML1,grey60
MAN2A1,grey60
MAP1B,grey60
MAP1S,grey60
MAP2K3,grey60
MAP3K6,grey60
MAP4K4,grey60
MAP7,grey60
MAP7D1,grey60
MAPK3,grey60
MAPK8IP2,grey60
MAPK8IP3,grey60
MARCH8,grey60
MARCKS,grey60
MAST3,grey60
MBNL2,grey60
MBOAT1,grey60
MCC,grey60
MCF2L,grey60
MECOM,grey60
MED19,grey60
MED28,grey60
MEGF6,grey60
MEIS1,grey60
MFI2,grey60
MFSD2B,grey60
MGAT5,grey60
MGC14436,grey60
MGC27382,grey60
MGMT,grey60
MICAL2,grey60
MICAL3,grey60
MIER3,grey60
MIR136,grey60
MIR1826,grey60
MIR218-1,grey60
MIR23B,grey60
MIR24-1,grey60
MIR299,grey60
MIR320B1,grey60
MIR596,grey60
MIR922,grey60
MIRLET7A1,grey60
MKLN1,grey60
MKNK2,grey60
MKRN2,grey60
MMEL1,grey60
MMP15,grey60
MMP17,grey60
MMP26,grey60
MOAP1,grey60
MOBP,grey60
MOCS1,grey60
MOG,grey60
MORN1,grey60
MOSC1,grey60
MPHOSPH6,grey60
MRPL28,grey60
MS4A7,grey60
MSLN,grey60
MTIF3,grey60
MTO1,grey60
MTOR,grey60
MTR,grey60
MTRF1,grey60
MTSS1,grey60
MTUS1,grey60
MTX2,grey60
MUC4,grey60
MYC,grey60
MYLK,grey60
MYO16,grey60
MYO1E,grey60
MYO5A,grey60
MYO7A,grey60
MYOM2,grey60
MYPOP,grey60
MYT1L,grey60
NADK,grey60
NARG2,grey60
NAT15,grey60
NAV2,grey60
NBL1,grey60
NBLA00301,grey60
NCAPD3,grey60
NCK2,grey60
NCOA4,grey60
NCOA7,grey60
NCRNA00028,grey60
NCRNA00167,grey60
NDE1,grey60
NDUFS6,grey60
NECAP1,grey60
NEDD4L,grey60
NEK10,grey60
NEK4,grey60
NEU1,grey60
NEU4,grey60
NEUROD6,grey60
NFASC,grey60
NFATC1,grey60
NFIC,grey60
NHEJ1,grey60
NID1,grey60
NINJ2,grey60
NINL,grey60
NIPA1,grey60
NIPAL4,grey60
NLRP14,grey60
NMRAL1,grey60
NMUR1,grey60
NOP10,grey60
NOS1AP,grey60
NOSIP,grey60
NOTCH1,grey60
NPAS2,grey60
NPB,grey60
NPY,grey60
NR3C1,grey60
NRBP1,grey60
NRG1,grey60
NRN1,grey60
NRP2,grey60
NRSN1,grey60
NSUN4,grey60
NT5DC3,grey60
NTRK2,grey60
NUDCD2,grey60
NUDCD3,grey60
NUDT1,grey60
NUP54,grey60
NUS1,grey60
NUTF2,grey60
OBSL1,grey60
ODZ4,grey60
OGDH,grey60
OPCML,grey60
OPN4,grey60
OPRD1,grey60
OR10C1,grey60
OR10G2,grey60
OR12D3,grey60
OR13A1,grey60
OR1S2,grey60
OR51B5,grey60
OR51G1,grey60
OR51Q1,grey60
OR52B4,grey60
OR52I2,grey60
OR5A1,grey60
OR5B12,grey60
OR6Q1,grey60
OSBPL1A,grey60
OSBPL5,grey60
OSMR,grey60
OTOF,grey60
OXCT1,grey60
PACRG,grey60
PACS2,grey60
PAFAH2,grey60
PAQR4,grey60
PARD6G,grey60
PARP2,grey60
PAX1,grey60
PAX5,grey60
PAX6,grey60
PBLD,grey60
PBX1,grey60
PC,grey60
PCBD2,grey60
PCBP4,grey60
PCDHGA2,grey60
PCSK6,grey60
PDE1C,grey60
PDE4D,grey60
PDE6B,grey60
PDGFA,grey60
PDGFRA,grey60
PDHX,grey60
PDIA2,grey60
PDLIM3,grey60
PDP1,grey60
PEBP4,grey60
PEX10,grey60
PEX5L,grey60
PFDN1,grey60
PFKFB3,grey60
PFKP,grey60
PGBD5,grey60
PGCP,grey60
PGK2,grey60
PGLYRP4,grey60
PHF15,grey60
PHF23,grey60
PIGZ,grey60
PIK3R1,grey60
PIP4K2A,grey60
PIWIL1,grey60
PKD1L1,grey60
PKP3,grey60
PLA2G4E,grey60
PLCD1,grey60
PLCH2,grey60
PLEC1,grey60
PLEKHG1,grey60
PLEKHG4B,grey60
PLEKHH1,grey60
PLSCR1,grey60
PNLDC1,grey60
PNMA2,grey60
PNMT,grey60
PNPLA6,grey60
POLR1A,grey60
PON1,grey60
PPARGC1B,grey60
PPIE,grey60
PPP1R2P1,grey60
PPP1R3B,grey60
PPP2R2B,grey60
PPP2R2C,grey60
PRDM16,grey60
PRDM9,grey60
PREX2,grey60
PRIMA1,grey60
PRKAG2,grey60
PRKAR1B,grey60
PRKCDBP,grey60
PRKRA,grey60
PRLR,grey60
PRMT8,grey60
PRPF8,grey60
PRR16,grey60
PRR5L,grey60
PRRX2,grey60
PRSS50,grey60
PSD3,grey60
PSKH2,grey60
PSRC1,grey60
PTF1A,grey60
PTGER4,grey60
PTGFRN,grey60
PTH1R,grey60
PTK2,grey60
PTP4A3,grey60
PTPRB,grey60
PTPRC,grey60
PTPRE,grey60
PTPRN2,grey60
PTPRS,grey60
PVT1,grey60
PXDN,grey60
QARS,grey60
QDPR,grey60
RAB11FIP3,grey60
RAB2B,grey60
RAB30,grey60
RAB35,grey60
RAB40B,grey60
RAB7L1,grey60
RACGAP1,grey60
RAD51L1,grey60
RAD54L,grey60
RAET1K,grey60
RAI14,grey60
RALB,grey60
RALGDS,grey60
RANGAP1,grey60
RAP1GAP2,grey60
RAPGEF1,grey60
RAPGEF2,grey60
RAPGEF5,grey60
RARB,grey60
RASA3,grey60
RASGEF1C,grey60
RASGRF1,grey60
RASGRF2,grey60
RASL12,grey60
RASSF1,grey60
RAX,grey60
RBM19,grey60
RBM6,grey60
RBMS1,grey60
RBP1,grey60
RBPJ,grey60
RCN1,grey60
RCOR1,grey60
RCVRN,grey60
RECQL5,grey60
RELN,grey60
RFT1,grey60
RFTN1,grey60
RFX5,grey60
RGS10,grey60
RGS22,grey60
RGS3,grey60
RHCE,grey60
RHOBTB1,grey60
RILP,grey60
RIMBP2,grey60
RIPPLY2,grey60
RNF144A,grey60
RNF146,grey60
RNF2,grey60
RNF220,grey60
RNF39,grey60
RNF4,grey60
ROR1,grey60
RORA,grey60
RP1,grey60
RPH3AL,grey60
RPL34,grey60
RPLP1,grey60
RPS27,grey60
RPS6KA2,grey60
RPSA,grey60
RPTOR,grey60
RSU1,grey60
RTN4,grey60
RUNDC2A,grey60
RUNDC2C,grey60
RYBP,grey60
RYR2,grey60
SALL1,grey60
SAMD12,grey60
SASH1,grey60
SATB1,grey60
SBNO2,grey60
SCAMP2,grey60
SCAMP5,grey60
SCAP,grey60
SCGB1A1,grey60
SCML4,grey60
SCN4A,grey60
SCUBE1,grey60
SDF4,grey60
SDK1,grey60
SEC14L1,grey60
SEC14L5,grey60
SEC61A2,grey60
SEMA4D,grey60
SEMA5A,grey60
SEMA6A,grey60
SEMA7A,grey60
SEPHS2,grey60
SEPT10,grey60
SERAC1,grey60
SERGEF,grey60
SERTAD2,grey60
SETD2,grey60
SFMBT2,grey60
SFRP1,grey60
SFRS13A,grey60
SFRS8,grey60
SFXN3,grey60
SGCE,grey60
SGMS1,grey60
SGTA,grey60
SH2D5,grey60
SH3BP4,grey60
SH3PXD2A,grey60
SH3RF3,grey60
SHANK1,grey60
SHANK2,grey60
SHB,grey60
SHISA3,grey60
SIN3B,grey60
SIPA1,grey60
SIPA1L2,grey60
SIX3,grey60
SLC10A6,grey60
SLC12A4,grey60
SLC12A7,grey60
SLC13A3,grey60
SLC15A3,grey60
SLC16A10,grey60
SLC17A6,grey60
SLC22A23,grey60
SLC22A24,grey60
SLC24A2,grey60
SLC25A26,grey60
SLC27A6,grey60
SLC29A1,grey60
SLC2A1,grey60
SLC2A5,grey60
SLC2A7,grey60
SLC2A9,grey60
SLC38A10,grey60
SLC38A8,grey60
SLC45A3,grey60
SLC5A11,grey60
SLC5A6,grey60
SLC6A2,grey60
SLC6A3,grey60
SLC6A6,grey60
SLC6A9,grey60
SLC8A1,grey60
SLCO3A1,grey60
SLFN12L,grey60
SMOC2,grey60
SMURF1,grey60
SMYD1,grey60
SMYD2,grey60
SNAPC1,grey60
SNED1,grey60
SNORA42,grey60
SNTG2,grey60
SNX27,grey60
SNX29,grey60
SNX30,grey60
SOAT2,grey60
SOBP,grey60
SOCS2,grey60
SORCS1,grey60
SORD,grey60
SOX12,grey60
SOX17,grey60
SOX2OT,grey60
SOX30,grey60
SP8,grey60
SPAG6,grey60
SPAG8,grey60
SPATA13,grey60
SPATA2L,grey60
SPATA3,grey60
SPATA5L1,grey60
SPATA7,grey60
SPATS2L,grey60
SPG21,grey60
SPHKAP,grey60
SPINK5,grey60
SPOCK1,grey60
SPON1,grey60
SPON2,grey60
SPRYD4,grey60
SPSB1,grey60
SPTBN1,grey60
SRCIN1,grey60
SRCRB4D,grey60
SRGAP2,grey60
SSBP3,grey60
SSR2,grey60
SSTR1,grey60
ST14,grey60
ST3GAL4,grey60
ST6GALNAC3,grey60
ST8SIA2,grey60
ST8SIA4,grey60
STAP1,grey60
STARD10,grey60
STARD13,grey60
STK10,grey60
STK17B,grey60
STK32C,grey60
STK40,grey60
STOX2,grey60
STX18,grey60
SUGT1P1,grey60
SUV420H1,grey60
SV2B,grey60
SVIL,grey60
SYCP2L,grey60
SYNGAP1,grey60
SYNJ2,grey60
SYT1,grey60
SYVN1,grey60
TAF5L,grey60
TAGLN3,grey60
TAL1,grey60
TALDO1,grey60
TAP2,grey60
TAPBP,grey60
TARBP2,grey60
TARSL2,grey60
TAS2R16,grey60
TBC1D4,grey60
TBC1D5,grey60
TBC1D8,grey60
TBCE,grey60
TBR1,grey60
TBX5,grey60
TCERG1L,grey60
TCF25,grey60
TCF7L2,grey60
TCN1,grey60
TCP11L2,grey60
TCTE1,grey60
TDRD9,grey60
TEAD4,grey60
TECTA,grey60
TEKT4,grey60
TEP1,grey60
TEPP,grey60
TERT,grey60
TFAP2A,grey60
TFAP2E,grey60
TFCP2,grey60
TFDP1,grey60
TFEB,grey60
TGM4,grey60
THSD7B,grey60
TINAG,grey60
TLK1,grey60
TLN2,grey60
TLR3,grey60
TMC3,grey60
TMC6,grey60
TMCC2,grey60
TMED6,grey60
TMEM108,grey60
TMEM130,grey60
TMEM132C,grey60
TMEM139,grey60
TMEM141,grey60
TMEM14C,grey60
TMEM150C,grey60
TMEM167B,grey60
TMEM175,grey60
TMEM181,grey60
TMEM208,grey60
TMEM48,grey60
TMEM52,grey60
TMEM61,grey60
TMEM71,grey60
TMPRSS9,grey60
TMTC2,grey60
TNFRSF1B,grey60
TNFRSF25,grey60
TNFRSF8,grey60
TNK2,grey60
TNKS,grey60
TNS1,grey60
TNXB,grey60
TOX3,grey60
TP53BP2,grey60
TPH1,grey60
TPH2,grey60
TPO,grey60
TPPP,grey60
TPRA1,grey60
TPRG1L,grey60
TRAF3,grey60
TRAM1L1,grey60
TRAPPC2L,grey60
TRAPPC9,grey60
TRDMT1,grey60
TRIM10,grey60
TRIM29,grey60
TRIM31,grey60
TRIM40,grey60
TRIM46,grey60
TRIM71,grey60
TRPC4AP,grey60
TRPM1,grey60
TRPS1,grey60
TSPAN14,grey60
TSPAN4,grey60
TSSC1,grey60
TTC15,grey60
TTC9,grey60
TTF1,grey60
TTL,grey60
TTLL2,grey60
TTLL5,grey60
TUBGCP5,grey60
TULP3,grey60
TUSC3,grey60
TWIST2,grey60
TXNIP,grey60
TXNRD1,grey60
TYK2,grey60
U2AF2,grey60
UBA52,grey60
UBAC2,grey60
UBE2H,grey60
UBTF,grey60
UEVLD,grey60
UGT1A10,grey60
UGT1A6,grey60
UGT3A1,grey60
UHRF1,grey60
ULK1,grey60
UNC13B,grey60
UNC5B,grey60
UNC5C,grey60
UPF1,grey60
USP13,grey60
USP31,grey60
USP38,grey60
USP45,grey60
UST,grey60
UTP23,grey60
VCAN,grey60
VHL,grey60
VIPR2,grey60
VKORC1L1,grey60
VMO1,grey60
VPS37B,grey60
VSTM2A,grey60
VTCN1,grey60
VTI1A,grey60
VWA3A,grey60
WDFY2,grey60
WDR20,grey60
WDR25,grey60
WDR86,grey60
WDTC1,grey60
WHSC1,grey60
WIPF3,grey60
WIPI1,grey60
WIPI2,grey60
WNK2,grey60
WNT3A,grey60
WNT5A,grey60
WNT5B,grey60
WSCD1,grey60
WWOX,grey60
WWP2,grey60
XKR6,grey60
XPO6,grey60
XRRA1,grey60
YME1L1,grey60
YPEL2,grey60
YWHAG,grey60
ZAP70,grey60
ZBTB12,grey60
ZBTB16,grey60
ZBTB38,grey60
ZBTB43,grey60
ZBTB7A,grey60
ZBTB8B,grey60
ZC3H3,grey60
ZCCHC10,grey60
ZCCHC24,grey60
ZCCHC4,grey60
ZEB2,grey60
ZFAT,grey60
ZFP57,grey60
ZFPM1,grey60
ZIC1,grey60
ZKSCAN1,grey60
ZMYM2,grey60
ZNF23,grey60
ZNF37A,grey60
ZNF408,grey60
ZNF423,grey60
ZNF492,grey60
ZNF605,grey60
ZNF668,grey60
ZNF670,grey60
ZNF691,grey60
ZNF727,grey60
ZNF792,grey60
ZNHIT2,grey60
ZNRD1,grey60
ZNRF4,grey60
ZSCAN2,grey60
ZSCAN23,grey60
AACS,lightcyan
ABAT,lightcyan
ABCA1,lightcyan
ABCC2,lightcyan
ABLIM1,lightcyan
ABLIM3,lightcyan
ABR,lightcyan
ACBD6,lightcyan
ACLY,lightcyan
ACOT7,lightcyan
ACPL2,lightcyan
ACSF3,lightcyan
ACSM5,lightcyan
ACY3,lightcyan
ADAM12,lightcyan
ADAMTS12,lightcyan
ADAMTS8,lightcyan
ADAMTSL1,lightcyan
ADAP1,lightcyan
ADARB2,lightcyan
ADCY2,lightcyan
ADCY9,lightcyan
ADORA1,lightcyan
AFAP1,lightcyan
AFAP1L2,lightcyan
AFF3,lightcyan
AGA,lightcyan
AGAP1,lightcyan
AGAP3,lightcyan
AGPAT6,lightcyan
AGT,lightcyan
AHDC1,lightcyan
AIM1,lightcyan
AJAP1,lightcyan
AKAP2,lightcyan
AKAP7,lightcyan
AKR1A1,lightcyan
AKT1,lightcyan
ALG1,lightcyan
ALG5,lightcyan
ALOX5,lightcyan
ALPK1,lightcyan
ALX1,lightcyan
ANKRD11,lightcyan
ANKRD26,lightcyan
ANKRD33B,lightcyan
ANKRD37,lightcyan
ANKRD53,lightcyan
ANKS1A,lightcyan
ANO1,lightcyan
ANP32E,lightcyan
ANTXR1,lightcyan
AOAH,lightcyan
AP2A1,lightcyan
APBA2,lightcyan
APOA1BP,lightcyan
AQP6,lightcyan
ARG2,lightcyan
ARHGAP19,lightcyan
ARHGAP20,lightcyan
ARHGAP22,lightcyan
ARHGEF10,lightcyan
ARHGEF16,lightcyan
ARHGEF7,lightcyan
ARID1B,lightcyan
ARMC9,lightcyan
ARNTL,lightcyan
ARPC2,lightcyan
ARPC3,lightcyan
ARRB1,lightcyan
ARSB,lightcyan
ARSJ,lightcyan
ARTN,lightcyan
ASAH1,lightcyan
ASAP2,lightcyan
ASB1,lightcyan
ASB4,lightcyan
ASTE1,lightcyan
ASTN1,lightcyan
ATIC,lightcyan
ATM,lightcyan
ATP10A,lightcyan
ATP11A,lightcyan
ATP2C2,lightcyan
ATP5E,lightcyan
ATPBD4,lightcyan
ATXN7L1,lightcyan
AUH,lightcyan
AUTS2,lightcyan
AVL9,lightcyan
B3GALNT1,lightcyan
B3GAT1,lightcyan
B4GALNT4,lightcyan
BAHD1,lightcyan
BAI2,lightcyan
BAIAP2,lightcyan
BANP,lightcyan
BASP1,lightcyan
BAT2,lightcyan
BCAR3,lightcyan
BCAT1,lightcyan
BCL2,lightcyan
BCL7C,lightcyan
BICD1,lightcyan
BIRC3,lightcyan
BNIP1,lightcyan
BNIP3,lightcyan
BOP1,lightcyan
BRD1,lightcyan
BRF1,lightcyan
BRSK2,lightcyan
BSCL2,lightcyan
BSG,lightcyan
BTBD16,lightcyan
BTN2A2,lightcyan
C10ORF122,lightcyan
C10ORF140,lightcyan
C10ORF26,lightcyan
C10ORF76,lightcyan
C10ORF82,lightcyan
C12ORF49,lightcyan
C12ORF70,lightcyan
C14ORF118,lightcyan
C15ORF42,lightcyan
C15ORF59,lightcyan
C16ORF35,lightcyan
C16ORF81,lightcyan
C19ORF26,lightcyan
C19ORF73,lightcyan
C1ORF127,lightcyan
C1ORF159,lightcyan
C1ORF187,lightcyan
C1ORF200,lightcyan
C1ORF52,lightcyan
C1ORF69,lightcyan
C1ORF74,lightcyan
C1QL3,lightcyan
C1QTNF3,lightcyan
C2CD4A,lightcyan
C2ORF29,lightcyan
C2ORF48,lightcyan
C2ORF65,lightcyan
C2ORF76,lightcyan
C3ORF39,lightcyan
C3ORF59,lightcyan
C4ORF36,lightcyan
C4ORF44,lightcyan
C5ORF28,lightcyan
C6ORF10,lightcyan
C6ORF155,lightcyan
C6ORF174,lightcyan
C6ORF204,lightcyan
C7ORF29,lightcyan
C7ORF50,lightcyan
C8ORF46,lightcyan
C8ORF56,lightcyan
C9ORF142,lightcyan
C9ORF171,lightcyan
C9ORF45,lightcyan
CABYR,lightcyan
CACNA1B,lightcyan
CACNA1C,lightcyan
CACNA1D,lightcyan
CACNA1E,lightcyan
CACNA1H,lightcyan
CACNA1I,lightcyan
CACNA2D3,lightcyan
CADM1,lightcyan
CADPS,lightcyan
CALU,lightcyan
CAMK2B,lightcyan
CAMK2G,lightcyan
CAMSAP1,lightcyan
CAMTA1,lightcyan
CAPN9,lightcyan
CAPZB,lightcyan
CARD11,lightcyan
CARM1,lightcyan
CARS2,lightcyan
CASKIN1,lightcyan
CASP6,lightcyan
CASZ1,lightcyan
CBLB,lightcyan
CBLL1,lightcyan
CBS,lightcyan
CCDC46,lightcyan
CCDC88C,lightcyan
CCNA1,lightcyan
CCND2,lightcyan
CCNT2,lightcyan
CCNY,lightcyan
CCR1,lightcyan
CD109,lightcyan
CD302,lightcyan
CD320,lightcyan
CD46,lightcyan
CD47,lightcyan
CD6,lightcyan
CD72,lightcyan
CDC34,lightcyan
CDC42BPB,lightcyan
CDC42EP5,lightcyan
CDC5L,lightcyan
CDCA8,lightcyan
CDH23,lightcyan
CDH6,lightcyan
CDK2AP2,lightcyan
CDKN1C,lightcyan
CENPQ,lightcyan
CEP164,lightcyan
CES3,lightcyan
CFL1,lightcyan
CGNL1,lightcyan
CGRRF1,lightcyan
CHD1L,lightcyan
CHFR,lightcyan
CHI3L1,lightcyan
CHI3L2,lightcyan
CHID1,lightcyan
CHL1,lightcyan
CHPF2,lightcyan
CHRNG,lightcyan
CHST1,lightcyan
CHST10,lightcyan
CHST3,lightcyan
CITED2,lightcyan
CLEC16A,lightcyan
CLK3,lightcyan
CLN8,lightcyan
CLNS1A,lightcyan
CLPB,lightcyan
CLPTM1L,lightcyan
CLSTN1,lightcyan
CLYBL,lightcyan
CMIP,lightcyan
CMKLR1,lightcyan
CNIH2,lightcyan
CNR2,lightcyan
CNTNAP2,lightcyan
COL13A1,lightcyan
COL23A1,lightcyan
COL25A1,lightcyan
COL5A1,lightcyan
COPS8,lightcyan
COQ6,lightcyan
CPA6,lightcyan
CPLX2,lightcyan
CPT1A,lightcyan
CREBBP,lightcyan
CSGALNACT1,lightcyan
CSK,lightcyan
CSMD1,lightcyan
CSMD3,lightcyan
CSNK1G2,lightcyan
CSNK2A1P,lightcyan
CTBP2,lightcyan
CTNNA3,lightcyan
CTNNBL1,lightcyan
CTNND2,lightcyan
CTSF,lightcyan
CUEDC1,lightcyan
CUGBP2,lightcyan
CUL2,lightcyan
CUX1,lightcyan
CUX2,lightcyan
CYFIP1,lightcyan
CYP2U1,lightcyan
CYP4V2,lightcyan
CYP51A1,lightcyan
DAAM1,lightcyan
DAAM2,lightcyan
DAGLA,lightcyan
DAGLB,lightcyan
DBI,lightcyan
DCAF12,lightcyan
DCI,lightcyan
DCLK2,lightcyan
DDR1,lightcyan
DDX1,lightcyan
DEGS2,lightcyan
DEPDC7,lightcyan
DHCR7,lightcyan
DHX57,lightcyan
DIP2C,lightcyan
DIRC3,lightcyan
DKK1,lightcyan
DLD,lightcyan
DLGAP2,lightcyan
DLGAP3,lightcyan
DLX3,lightcyan
DNAJC17,lightcyan
DNASE1,lightcyan
DNMT3A,lightcyan
DOCK4,lightcyan
DOCK6,lightcyan
DPF3,lightcyan
DPP3,lightcyan
DPP6,lightcyan
DPYSL2,lightcyan
DRD5,lightcyan
DSTYK,lightcyan
DTX1,lightcyan
DUPD1,lightcyan
DUSP2,lightcyan
DUSP22,lightcyan
DUSP4,lightcyan
DUSP5,lightcyan
DYNC1LI2,lightcyan
DYRK2,lightcyan
DYSF,lightcyan
EBAG9,lightcyan
EBF2,lightcyan
EBPL,lightcyan
EEF1B2,lightcyan
EEF2K,lightcyan
EEPD1,lightcyan
EFHA2,lightcyan
EFHD1,lightcyan
EFNB2,lightcyan
EGFR,lightcyan
EGLN1,lightcyan
EHD3,lightcyan
EHD4,lightcyan
EHMT1,lightcyan
EHMT2,lightcyan
EI24,lightcyan
EIF2C2,lightcyan
ELAVL2,lightcyan
ELMOD3,lightcyan
ELOVL5,lightcyan
ELP3,lightcyan
EML1,lightcyan
ENGASE,lightcyan
EP400,lightcyan
EPHA2,lightcyan
EPHB6,lightcyan
EPPK1,lightcyan
ERBB4,lightcyan
ERCC5,lightcyan
ERCC6,lightcyan
ERICH1,lightcyan
ESCO2,lightcyan
ESD,lightcyan
ESPNL,lightcyan
ESR1,lightcyan
ESRRG,lightcyan
ESYT3,lightcyan
ETV5,lightcyan
EXD3,lightcyan
EXOC2,lightcyan
EXOC6B,lightcyan
EXT1,lightcyan
F11R,lightcyan
FAM101A,lightcyan
FAM108C1,lightcyan
FAM110B,lightcyan
FAM110C,lightcyan
FAM129A,lightcyan
FAM131B,lightcyan
FAM135A,lightcyan
FAM135B,lightcyan
FAM167A,lightcyan
FAM169A,lightcyan
FAM170A,lightcyan
FAM171A1,lightcyan
FAM181A,lightcyan
FAM20C,lightcyan
FAM49A,lightcyan
FAM55C,lightcyan
FAM59B,lightcyan
FAM5B,lightcyan
FAM65B,lightcyan
FANCC,lightcyan
FAR2,lightcyan
FAT4,lightcyan
FBRSL1,lightcyan
FBXL14,lightcyan
FBXL17,lightcyan
FBXO31,lightcyan
FBXO34,lightcyan
FBXO38,lightcyan
FBXW8,lightcyan
FGF10,lightcyan
FGF18,lightcyan
FGF20,lightcyan
FGFR2,lightcyan
FGFR3,lightcyan
FGGY,lightcyan
FHAD1,lightcyan
FHIT,lightcyan
FKBP11,lightcyan
FKBP5,lightcyan
FKBPL,lightcyan
FLI1,lightcyan
FLJ39609,lightcyan
FLJ42289,lightcyan
FLJ42709,lightcyan
FLJ43663,lightcyan
FLOT1,lightcyan
FOXF2,lightcyan
FOXG1,lightcyan
FOXK1,lightcyan
FOXP4,lightcyan
FRMD4A,lightcyan
FRMPD2,lightcyan
FTO,lightcyan
FUCA2,lightcyan
FUK,lightcyan
FXYD7,lightcyan
FYN,lightcyan
GAB1,lightcyan
GABBR1,lightcyan
GABRA2,lightcyan
GABRB1,lightcyan
GALNS,lightcyan
GALNT10,lightcyan
GALNT2,lightcyan
GALNT9,lightcyan
GARNL3,lightcyan
GBX2,lightcyan
GDF6,lightcyan
GFOD1,lightcyan
GJA3,lightcyan
GJB3,lightcyan
GJB6,lightcyan
GLB1L2,lightcyan
GLI2,lightcyan
GLI3,lightcyan
GLRA1,lightcyan
GLS2,lightcyan
GNA12,lightcyan
GNA14,lightcyan
GNAO1,lightcyan
GNB1,lightcyan
GNB2,lightcyan
GNG12,lightcyan
GNG13,lightcyan
GOT1,lightcyan
GPAM,lightcyan
GPATCH8,lightcyan
GPC1,lightcyan
GPD2,lightcyan
GPR116,lightcyan
GPR12,lightcyan
GPR133,lightcyan
GPR20,lightcyan
GPR37L1,lightcyan
GPR56,lightcyan
GPR97,lightcyan
GRB2,lightcyan
GREB1,lightcyan
GRHL1,lightcyan
GRID1,lightcyan
GRIK2,lightcyan
GTF2H3,lightcyan
GTF2IRD1,lightcyan
GTPBP5,lightcyan
HAS2AS,lightcyan
HAX1,lightcyan
HCCA2,lightcyan
HCRTR1,lightcyan
HDAC1,lightcyan
HDAC10,lightcyan
HDAC2,lightcyan
HDAC4,lightcyan
HEATR2,lightcyan
HEATR6,lightcyan
HERPUD1,lightcyan
HEY1,lightcyan
HGSNAT,lightcyan
HHIPL1,lightcyan
HIBADH,lightcyan
HIBCH,lightcyan
HIST2H2AB,lightcyan
HIVEP1,lightcyan
HIVEP3,lightcyan
HK1,lightcyan
HK3,lightcyan
HLA-DMA,lightcyan
HLA-DOA,lightcyan
HLA-DPB1,lightcyan
HLCS,lightcyan
HN1L,lightcyan
HOMER2,lightcyan
HPCAL1,lightcyan
HS3ST2,lightcyan
HSPB7,lightcyan
HSPD1,lightcyan
HTRA1,lightcyan
HTT,lightcyan
HYDIN,lightcyan
IDE,lightcyan
IFI44L,lightcyan
IFITM4P,lightcyan
IGF2AS,lightcyan
IGF2R,lightcyan
IL27RA,lightcyan
IL4,lightcyan
IL6,lightcyan
ILKAP,lightcyan
IMMT,lightcyan
INO80,lightcyan
INO80E,lightcyan
INPP5A,lightcyan
INPP5B,lightcyan
INS-IGF2,lightcyan
INSC,lightcyan
INSM2,lightcyan
INTS10,lightcyan
IQGAP3,lightcyan
IQSEC1,lightcyan
ISCA1,lightcyan
ISLR2,lightcyan
ITGAE,lightcyan
ITGB1BP1,lightcyan
JAKMIP3,lightcyan
JARID2,lightcyan
JDP2,lightcyan
JPH3,lightcyan
JUP,lightcyan
KBTBD11,lightcyan
KCNAB1,lightcyan
KCNC1,lightcyan
KCND3,lightcyan
KCNJ10,lightcyan
KCNMA1,lightcyan
KCNN1,lightcyan
KCNN3,lightcyan
KCNQ1,lightcyan
KCNQ1DN,lightcyan
KCNQ2,lightcyan
KCTD5,lightcyan
KCTD8,lightcyan
KDM4B,lightcyan
KDM4C,lightcyan
KIAA0182,lightcyan
KIAA0226,lightcyan
KIAA0368,lightcyan
KIAA0415,lightcyan
KIAA0513,lightcyan
KIAA0556,lightcyan
KIAA0649,lightcyan
KIAA0652,lightcyan
KIAA1217,lightcyan
KIAA1257,lightcyan
KIAA1530,lightcyan
KIAA1549,lightcyan
KIAA1688,lightcyan
KIAA1751,lightcyan
KIAA1949,lightcyan
KIF13A,lightcyan
KIF1A,lightcyan
KIF23,lightcyan
KIF26A,lightcyan
KIF3C,lightcyan
KISS1,lightcyan
KLC1,lightcyan
KLHDC4,lightcyan
KLHL18,lightcyan
KLHL25,lightcyan
KRT75,lightcyan
KSR1,lightcyan
KTN1,lightcyan
L3MBTL2,lightcyan
LACTB,lightcyan
LACTB2,lightcyan
LAMB1,lightcyan
LAP3,lightcyan
LCP1,lightcyan
LDB2,lightcyan
LETM1,lightcyan
LFNG,lightcyan
LGI2,lightcyan
LHFPL2,lightcyan
LHPP,lightcyan
LIMCH1,lightcyan
LINGO1,lightcyan
LMF1,lightcyan
LMO3,lightcyan
LMO4,lightcyan
LOC100128239,lightcyan
LOC100129034,lightcyan
LOC100129637,lightcyan
LOC100130581,lightcyan
LOC100132215,lightcyan
LOC100190939,lightcyan
LOC100287216,lightcyan
LOC150568,lightcyan
LOC153328,lightcyan
LOC283731,lightcyan
LOC389332,lightcyan
LOC399959,lightcyan
LOC401463,lightcyan
LOC404266,lightcyan
LOC440839,lightcyan
LOC494141,lightcyan
LOC645323,lightcyan
LOC729678,lightcyan
LOC84740,lightcyan
LPCAT1,lightcyan
LPPR5,lightcyan
LRFN2,lightcyan
LRIG1,lightcyan
LRP1,lightcyan
LRP11,lightcyan
LRPAP1,lightcyan
LRRC27,lightcyan
LRRN1,lightcyan
LSAMP,lightcyan
LSM2,lightcyan
LYPD1,lightcyan
LYPD6,lightcyan
LYPD6B,lightcyan
LYRM4,lightcyan
MAB21L1,lightcyan
MACROD1,lightcyan
MAD1L1,lightcyan
MALAT1,lightcyan
MALL,lightcyan
MAML3,lightcyan
MAP1B,lightcyan
MAP1D,lightcyan
MAP2K7,lightcyan
MAP3K14,lightcyan
MAP3K4,lightcyan
MAP3K5,lightcyan
MAP4,lightcyan
MARK3,lightcyan
MAST4,lightcyan
MCCC2,lightcyan
MCM6,lightcyan
MDC1,lightcyan
MED13L,lightcyan
MED7,lightcyan
MEGF6,lightcyan
MEIS1,lightcyan
MEIS2,lightcyan
MEPCE,lightcyan
MEPE,lightcyan
METTL7A,lightcyan
MEX3B,lightcyan
MFAP5,lightcyan
MFHAS1,lightcyan
MFSD6,lightcyan
MFSD9,lightcyan
MGAT1,lightcyan
MGC70857,lightcyan
MGMT,lightcyan
MGRN1,lightcyan
MICALL2,lightcyan
MIER2,lightcyan
MIR1276,lightcyan
MIR25,lightcyan
MIR548F5,lightcyan
MIR548G,lightcyan
MIR548H4,lightcyan
MIR708,lightcyan
MKNK2,lightcyan
MMD2,lightcyan
MMEL1,lightcyan
MMP17,lightcyan
MMRN2,lightcyan
MORN1,lightcyan
MPHOSPH6,lightcyan
MPZL1,lightcyan
MRAS,lightcyan
MRC2,lightcyan
MRPS21,lightcyan
MRPS35,lightcyan
MRPS5,lightcyan
MSI2,lightcyan
MSLNL,lightcyan
MSRB2,lightcyan
MSTO2P,lightcyan
MTA1,lightcyan
MTHFD1L,lightcyan
MTHFSD,lightcyan
MTSS1L,lightcyan
MTUS2,lightcyan
MUC21,lightcyan
MVD,lightcyan
MYH10,lightcyan
MYO10,lightcyan
MYO1C,lightcyan
MYO3B,lightcyan
MYO7A,lightcyan
MYO7B,lightcyan
MYOM2,lightcyan
MYST1,lightcyan
MYT1L,lightcyan
N4BP2,lightcyan
NADK,lightcyan
NADSYN1,lightcyan
NAF1,lightcyan
NAGPA,lightcyan
NANP,lightcyan
NAT15,lightcyan
NAT9,lightcyan
NCAM1,lightcyan
NCOA2,lightcyan
NCOR2,lightcyan
NCRNA00169,lightcyan
NCRNA00171,lightcyan
NDUFA4L2,lightcyan
NDUFB6,lightcyan
NDUFS5,lightcyan
NEDD4L,lightcyan
NEGR1,lightcyan
NEIL2,lightcyan
NEK11,lightcyan
NEU1,lightcyan
NEU4,lightcyan
NEUROD6,lightcyan
NFATC1,lightcyan
NFKB2,lightcyan
NFKBIL2,lightcyan
NGDN,lightcyan
NGEF,lightcyan
NID1,lightcyan
NIN,lightcyan
NINJ1,lightcyan
NKAIN3,lightcyan
NKX3-1,lightcyan
NKX6-1,lightcyan
NOC4L,lightcyan
NOS1,lightcyan
NOS1AP,lightcyan
NOTCH1,lightcyan
NPPC,lightcyan
NR5A1,lightcyan
NRGN,lightcyan
NRM,lightcyan
NRP2,lightcyan
NTAN1,lightcyan
NTM,lightcyan
NUDT2,lightcyan
NUDT3,lightcyan
NUP210L,lightcyan
NXN,lightcyan
OBFC2A,lightcyan
ODZ4,lightcyan
OPCML,lightcyan
OR8U8,lightcyan
ORM2,lightcyan
OSBPL5,lightcyan
OSTCL,lightcyan
OTX1,lightcyan
P2RX4,lightcyan
P2RY1,lightcyan
PACS1,lightcyan
PALLD,lightcyan
PANK4,lightcyan
PARD3,lightcyan
PAX2,lightcyan
PAX4,lightcyan
PAX5,lightcyan
PCDH10,lightcyan
PCDH20,lightcyan
PCDH9,lightcyan
PCGF3,lightcyan
PCM1,lightcyan
PCOLCE,lightcyan
PCOLCE2,lightcyan
PDCD1,lightcyan
PDE10A,lightcyan
PDE1C,lightcyan
PDE2A,lightcyan
PDXK,lightcyan
PDZRN4,lightcyan
PEBP1,lightcyan
PEMT,lightcyan
PER1,lightcyan
PER3,lightcyan
PEX14,lightcyan
PEX5,lightcyan
PFKFB3,lightcyan
PFKP,lightcyan
PGCP,lightcyan
PGLS,lightcyan
PGM1,lightcyan
PHF20L1,lightcyan
PHOX2A,lightcyan
PHYHIP,lightcyan
PIGQ,lightcyan
PIH1D2,lightcyan
PION,lightcyan
PIP5K1C,lightcyan
PITPNM2,lightcyan
PITX2,lightcyan
PKIA,lightcyan
PKN1,lightcyan
PL-5283,lightcyan
PLAC9,lightcyan
PLCH2,lightcyan
PLCL2,lightcyan
PLEC1,lightcyan
PLEKHA1,lightcyan
PLEKHA2,lightcyan
PLEKHF1,lightcyan
PLEKHG1,lightcyan
PLEKHG5,lightcyan
PLTP,lightcyan
PLXNA2,lightcyan
PMEPA1,lightcyan
PMM2,lightcyan
PNMAL2,lightcyan
PNP,lightcyan
POLD2,lightcyan
POLR1A,lightcyan
POLR2C,lightcyan
POU3F3,lightcyan
POU6F2,lightcyan
PPAP2B,lightcyan
PPARD,lightcyan
PPFIA3,lightcyan
PPM1L,lightcyan
PPP1R10,lightcyan
PPP1R11,lightcyan
PPP1R16A,lightcyan
PPP1R3G,lightcyan
PPP2R2C,lightcyan
PPP2R5C,lightcyan
PPP3CA,lightcyan
PPP4R2,lightcyan
PPT2,lightcyan
PRAGMIN,lightcyan
PRDM13,lightcyan
PRDM16,lightcyan
PRDM6,lightcyan
PRELID2,lightcyan
PREX2,lightcyan
PRICKLE2,lightcyan
PRKAB1,lightcyan
PRKAG2,lightcyan
PRKAR1A,lightcyan
PRKAR1B,lightcyan
PRKCA,lightcyan
PRKCH,lightcyan
PRKCZ,lightcyan
PRM2,lightcyan
PRMT7,lightcyan
PROX1,lightcyan
PRR15,lightcyan
PRRT3,lightcyan
PRTFDC1,lightcyan
PSEN2,lightcyan
PSMD9,lightcyan
PSME4,lightcyan
PSRC1,lightcyan
PTCH1,lightcyan
PTDSS2,lightcyan
PTEN,lightcyan
PTGFRN,lightcyan
PTMA,lightcyan
PTPN21,lightcyan
PTPRK,lightcyan
PTPRN2,lightcyan
PTPRZ1,lightcyan
PXDN,lightcyan
R3HDM1,lightcyan
RAB11FIP3,lightcyan
RAB1B,lightcyan
RAB32,lightcyan
RAB38,lightcyan
RAB40C,lightcyan
RABGGTA,lightcyan
RAD51L1,lightcyan
RADIL,lightcyan
RAMP1,lightcyan
RAP2B,lightcyan
RASA3,lightcyan
RASSF4,lightcyan
RASSF8,lightcyan
RBAK,lightcyan
RBM19,lightcyan
RBM20,lightcyan
RBMXL2,lightcyan
RBP1,lightcyan
RFC3,lightcyan
RFWD3,lightcyan
RFX2,lightcyan
RGS12,lightcyan
RGS9,lightcyan
RIC8B,lightcyan
RIMBP2,lightcyan
RIMKLA,lightcyan
RIN3,lightcyan
RING1,lightcyan
RIPPLY2,lightcyan
RNASE4,lightcyan
RNF213,lightcyan
RNF220,lightcyan
ROBO1,lightcyan
RORA,lightcyan
RP1L1,lightcyan
RPH3A,lightcyan
RPH3AL,lightcyan
RPL21P44,lightcyan
RPLP0,lightcyan
RPP38,lightcyan
RPRD2,lightcyan
RPS6KA2,lightcyan
RPTOR,lightcyan
RREB1,lightcyan
RTN1,lightcyan
RUFY1,lightcyan
RUNDC2A,lightcyan
RUNX2,lightcyan
RWDD3,lightcyan
RYR2,lightcyan
S100A14,lightcyan
S1PR1,lightcyan
SAMD12,lightcyan
SAMD4A,lightcyan
SASH1,lightcyan
SCN8A,lightcyan
SCOC,lightcyan
SCTR,lightcyan
SDC2,lightcyan
SDCCAG8,lightcyan
SDK1,lightcyan
SDK2,lightcyan
SEC61A2,lightcyan
SEL1L3,lightcyan
SEMA4A,lightcyan
SEMA4B,lightcyan
SEMA4C,lightcyan
SEMA6D,lightcyan
SEPT9,lightcyan
SEPX1,lightcyan
SERGEF,lightcyan
SERPINE2,lightcyan
SETD3,lightcyan
SFRP2,lightcyan
SFRS8,lightcyan
SGPL1,lightcyan
SGTB,lightcyan
SH3BP2,lightcyan
SH3GLB1,lightcyan
SH3RF3,lightcyan
SHISA6,lightcyan
SIL1,lightcyan
SIPA1L1,lightcyan
SIPA1L3,lightcyan
SKI,lightcyan
SLC12A8,lightcyan
SLC19A3,lightcyan
SLC1A4,lightcyan
SLC1A7,lightcyan
SLC25A21,lightcyan
SLC33A1,lightcyan
SLC35F3,lightcyan
SLC38A10,lightcyan
SLC39A11,lightcyan
SLC39A14,lightcyan
SLC46A3,lightcyan
SLC47A2,lightcyan
SLC6A6,lightcyan
SLC7A1,lightcyan
SLC7A11,lightcyan
SLC7A2,lightcyan
SLC7A5,lightcyan
SLC9A9,lightcyan
SLCO5A1,lightcyan
SLFN11,lightcyan
SLIT1,lightcyan
SMARCD3,lightcyan
SMOC2,lightcyan
SMPD3,lightcyan
SMYD3,lightcyan
SNAP47,lightcyan
SNORA26,lightcyan
SNTG1,lightcyan
SNTG2,lightcyan
SNX24,lightcyan
SNX29,lightcyan
SNX6,lightcyan
SNX7,lightcyan
SORBS3,lightcyan
SORCS2,lightcyan
SORL1,lightcyan
SOX21,lightcyan
SOX5,lightcyan
SPATA24,lightcyan
SPATS2L,lightcyan
SPC25,lightcyan
SPCS3,lightcyan
SPEG,lightcyan
SPEN,lightcyan
SPG20,lightcyan
SPG7,lightcyan
SPOCK2,lightcyan
SPOPL,lightcyan
SPRY2,lightcyan
SRCIN1,lightcyan
SRGAP3,lightcyan
SRP14,lightcyan
SSBP3,lightcyan
ST6GALNAC5,lightcyan
ST7,lightcyan
ST8SIA1,lightcyan
STAC2,lightcyan
STAR,lightcyan
STARD13,lightcyan
STARD3NL,lightcyan
STEAP2,lightcyan
STEAP3,lightcyan
STK17B,lightcyan
STK24,lightcyan
STK32C,lightcyan
STK36,lightcyan
STMN1,lightcyan
STX12,lightcyan
STX4,lightcyan
STX8,lightcyan
STXBP5L,lightcyan
SUCLG1,lightcyan
SUFU,lightcyan
SYNJ2,lightcyan
SYT17,lightcyan
SYT8,lightcyan
TACC2,lightcyan
TADA1,lightcyan
TANC1,lightcyan
TAP2,lightcyan
TAPBP,lightcyan
TARBP1,lightcyan
TATDN2,lightcyan
TBC1D1,lightcyan
TBC1D16,lightcyan
TBC1D22A,lightcyan
TBC1D4,lightcyan
TBCD,lightcyan
TBXAS1,lightcyan
TCF7L2,lightcyan
TDP1,lightcyan
TECPR2,lightcyan
TERF2,lightcyan
TESC,lightcyan
TET3,lightcyan
TFDP1,lightcyan
TGFB2,lightcyan
THBS2,lightcyan
THBS4,lightcyan
THNSL2,lightcyan
THRB,lightcyan
THRSP,lightcyan
TIE1,lightcyan
TLE3,lightcyan
TLL2,lightcyan
TMC7,lightcyan
TMCO3,lightcyan
TMED3,lightcyan
TMED7-TICAM2,lightcyan
TMEFF2,lightcyan
TMEM100,lightcyan
TMEM105,lightcyan
TMEM120B,lightcyan
TMEM132D,lightcyan
TMEM140,lightcyan
TMEM151B,lightcyan
TMEM154,lightcyan
TMEM185B,lightcyan
TMEM20,lightcyan
TMEM231,lightcyan
TMEM38B,lightcyan
TMEM86A,lightcyan
TMEM8A,lightcyan
TMTC1,lightcyan
TMTC4,lightcyan
TNFRSF19,lightcyan
TNIK,lightcyan
TNK2,lightcyan
TNKS,lightcyan
TNR,lightcyan
TNRC18,lightcyan
TNS1,lightcyan
TNXB,lightcyan
TOP1MT,lightcyan
TP73,lightcyan
TPCN1,lightcyan
TRA2B,lightcyan
TRAF3IP1,lightcyan
TRAF3IP2,lightcyan
TRAPPC9,lightcyan
TRIB1,lightcyan
TRIB2,lightcyan
TRIM5,lightcyan
TRIM71,lightcyan
TRIM8,lightcyan
TRIO,lightcyan
TRIP11,lightcyan
TRIP13,lightcyan
TRPV1,lightcyan
TSHZ2,lightcyan
TSLP,lightcyan
TSPAN33,lightcyan
TSPAN4,lightcyan
TSSC1,lightcyan
TTBK1,lightcyan
TTC7B,lightcyan
TTYH2,lightcyan
TTYH3,lightcyan
TUFM,lightcyan
TXNRD3IT1,lightcyan
UBASH3B,lightcyan
UBE2E2,lightcyan
UBE2T,lightcyan
UBQLN4,lightcyan
UBR3,lightcyan
UBTD1,lightcyan
UCHL3,lightcyan
UGP2,lightcyan
UHRF1BP1,lightcyan
USH1C,lightcyan
USP12,lightcyan
USP31,lightcyan
USP42,lightcyan
USP7,lightcyan
USPL1,lightcyan
VANGL2,lightcyan
VCAN,lightcyan
VGLL4,lightcyan
VPS4A,lightcyan
VPS53,lightcyan
VSTM2A,lightcyan
VWC2,lightcyan
WARS2,lightcyan
WASF2,lightcyan
WBP4,lightcyan
WDR25,lightcyan
WDR37,lightcyan
WDR54,lightcyan
WDR60,lightcyan
WDR64,lightcyan
WDR8,lightcyan
WDR90,lightcyan
WFS1,lightcyan
WHSC2,lightcyan
WIPF3,lightcyan
WIPI2,lightcyan
WSCD1,lightcyan
WWOX,lightcyan
XRCC3,lightcyan
XYLT1,lightcyan
ZBTB16,lightcyan
ZC3H12D,lightcyan
ZC3H18,lightcyan
ZC3H3,lightcyan
ZCCHC14,lightcyan
ZCCHC7,lightcyan
ZDHHC2,lightcyan
ZEB1,lightcyan
ZEB2,lightcyan
ZFAT,lightcyan
ZFHX3,lightcyan
ZFHX4,lightcyan
ZFP36L1,lightcyan
ZFYVE21,lightcyan
ZFYVE27,lightcyan
ZMIZ1,lightcyan
ZNF22,lightcyan
ZNF238,lightcyan
ZNF251,lightcyan
ZNF282,lightcyan
ZNF3,lightcyan
ZNF326,lightcyan
ZNF37B,lightcyan
ZNF385A,lightcyan
ZNF511,lightcyan
ZNF561,lightcyan
ZNF576,lightcyan
ZNF577,lightcyan
ZNF589,lightcyan
ZNF598,lightcyan
ZNF623,lightcyan
ZNF697,lightcyan
ZNF70,lightcyan
ZNF707,lightcyan
ZNF767,lightcyan
ZNF804A,lightcyan
ZNF827,lightcyan
ZNF84,lightcyan
ZNF862,lightcyan
ZSWIM6,lightcyan
ZZEF1,lightcyan
ZZZ3,lightcyan
AAAS,lightgreen
ABCA4,lightgreen
ABCC1,lightgreen
ABCD3,lightgreen
ABHD1,lightgreen
ABHD4,lightgreen
ABI1,lightgreen
ABLIM3,lightgreen
ABR,lightgreen
ABTB2,lightgreen
ACAP1,lightgreen
ACAT2,lightgreen
ACBD5,lightgreen
ACCN1,lightgreen
ACOT2,lightgreen
ACSL5,lightgreen
ACTG1,lightgreen
ACTN2,lightgreen
ACTR3B,lightgreen
ACTR8,lightgreen
ACVR1,lightgreen
ACYP2,lightgreen
ADAL,lightgreen
ADAM10,lightgreen
ADAMTS2,lightgreen
ADAMTSL1,lightgreen
ADAMTSL2,lightgreen
ADAR,lightgreen
ADARB2,lightgreen
ADCY5,lightgreen
ADD2,lightgreen
ADIPOR1,lightgreen
ADPGK,lightgreen
ADSS,lightgreen
AFAP1,lightgreen
AFF1,lightgreen
AGA,lightgreen
AGAP1,lightgreen
AGBL3,lightgreen
AGBL5,lightgreen
AGK,lightgreen
AGL,lightgreen
AGXT2L1,lightgreen
AIDA,lightgreen
AIP,lightgreen
AKAP1,lightgreen
AKAP12,lightgreen
AKAP8L,lightgreen
ALG10B,lightgreen
ALG11,lightgreen
ALG5,lightgreen
ALG9,lightgreen
ALS2CR8,lightgreen
ALX4,lightgreen
AMACR,lightgreen
AMOTL1,lightgreen
ANAPC2,lightgreen
ANG,lightgreen
ANKRD12,lightgreen
ANKRD13A,lightgreen
ANKRD24,lightgreen
ANKRD26,lightgreen
ANKRD28,lightgreen
ANKRD34A,lightgreen
ANLN,lightgreen
ANO5,lightgreen
ANO6,lightgreen
ANXA4,lightgreen
ANXA7,lightgreen
AOX1,lightgreen
AP1G1,lightgreen
AP1G2,lightgreen
AP2B1,lightgreen
AP3M2,lightgreen
APAF1,lightgreen
APC,lightgreen
APEX1,lightgreen
APOB,lightgreen
APPL2,lightgreen
ARF1,lightgreen
ARFGAP1,lightgreen
ARG2,lightgreen
ARHGAP19,lightgreen
ARHGAP24,lightgreen
ARHGAP29,lightgreen
ARHGEF10,lightgreen
ARHGEF7,lightgreen
ARIH1,lightgreen
ARL1,lightgreen
ARL2,lightgreen
ARL6IP6,lightgreen
ARNT,lightgreen
ARPP-21,lightgreen
ASAH1,lightgreen
ASAM,lightgreen
ASGR1,lightgreen
ASH1L,lightgreen
ASPHD2,lightgreen
ASPM,lightgreen
ATF2,lightgreen
ATG10,lightgreen
ATG5,lightgreen
ATM,lightgreen
ATN1,lightgreen
ATP11A,lightgreen
ATP1A1,lightgreen
ATP1A3,lightgreen
ATP2A2,lightgreen
ATP2B4,lightgreen
ATP5SL,lightgreen
ATP6V0A2,lightgreen
ATP6V1G1,lightgreen
ATPAF1,lightgreen
ATPGD1,lightgreen
ATPIF1,lightgreen
ATR,lightgreen
ATXN1L,lightgreen
ATXN2,lightgreen
ATXN3,lightgreen
AZI2,lightgreen
B3GALT4,lightgreen
B3GNT3,lightgreen
B4GALNT4,lightgreen
B4GALT4,lightgreen
BAG2,lightgreen
BAI3,lightgreen
BAIAP2,lightgreen
BANP,lightgreen
BASP1,lightgreen
BAT3,lightgreen
BAT4,lightgreen
BAT5,lightgreen
BAZ2A,lightgreen
BBX,lightgreen
BCAS3,lightgreen
BCL11A,lightgreen
BCL11B,lightgreen
BCLAF1,lightgreen
BDP1,lightgreen
BEND7,lightgreen
BHLHE40,lightgreen
BIVM,lightgreen
BMF,lightgreen
BMP2K,lightgreen
BMPER,lightgreen
BOD1,lightgreen
BRCA1,lightgreen
BRD2,lightgreen
BRD8,lightgreen
BRE,lightgreen
BRF1,lightgreen
BRPF3,lightgreen
BRUNOL5,lightgreen
BTAF1,lightgreen
C10ORF131,lightgreen
C10ORF18,lightgreen
C10ORF2,lightgreen
C10ORF32,lightgreen
C10ORF46,lightgreen
C11ORF54,lightgreen
C11ORF58,lightgreen
C11ORF63,lightgreen
C11ORF71,lightgreen
C11ORF82,lightgreen
C11ORF83,lightgreen
C12ORF34,lightgreen
C12ORF49,lightgreen
C14ORF102,lightgreen
C14ORF118,lightgreen
C14ORF119,lightgreen
C14ORF133,lightgreen
C14ORF142,lightgreen
C14ORF21,lightgreen
C14ORF23,lightgreen
C14ORF37,lightgreen
C15ORF17,lightgreen
C15ORF40,lightgreen
C16ORF35,lightgreen
C16ORF55,lightgreen
C16ORF63,lightgreen
C17ORF57,lightgreen
C18ORF19,lightgreen
C18ORF54,lightgreen
C19ORF36,lightgreen
C1D,lightgreen
C1ORF112,lightgreen
C1ORF159,lightgreen
C1ORF21,lightgreen
C1ORF25,lightgreen
C1ORF35,lightgreen
C1ORF69,lightgreen
C1R,lightgreen
C20ORF26,lightgreen
C22ORF25,lightgreen
C2ORF52,lightgreen
C2ORF60,lightgreen
C2ORF67,lightgreen
C2ORF77,lightgreen
C2ORF89,lightgreen
C3ORF10,lightgreen
C3ORF33,lightgreen
C3ORF70,lightgreen
C4ORF3,lightgreen
C4ORF32,lightgreen
C4ORF41,lightgreen
C4ORF42,lightgreen
C4ORF43,lightgreen
C4ORF46,lightgreen
C5ORF13,lightgreen
C5ORF36,lightgreen
C5ORF37,lightgreen
C5ORF43,lightgreen
C5ORF45,lightgreen
C6ORF1,lightgreen
C6ORF114,lightgreen
C6ORF136,lightgreen
C6ORF170,lightgreen
C6ORF182,lightgreen
C6ORF226,lightgreen
C6ORF48,lightgreen
C7ORF23,lightgreen
C7ORF30,lightgreen
C7ORF42,lightgreen
C7ORF63,lightgreen
C7ORF70,lightgreen
C8ORF48,lightgreen
C9ORF103,lightgreen
C9ORF150,lightgreen
C9ORF40,lightgreen
C9ORF64,lightgreen
C9ORF91,lightgreen
CABP1,lightgreen
CACYBP,lightgreen
CAGE1,lightgreen
CALM3,lightgreen
CALR,lightgreen
CAMK2D,lightgreen
CAMTA1,lightgreen
CAMTA2,lightgreen
CAP1,lightgreen
CAPN2,lightgreen
CAPN5,lightgreen
CAPNS1,lightgreen
CAPZA1,lightgreen
CARHSP1,lightgreen
CARS2,lightgreen
CASC2,lightgreen
CASC4,lightgreen
CASP9,lightgreen
CASZ1,lightgreen
CBLB,lightgreen
CBR1,lightgreen
CBR4,lightgreen
CBX3,lightgreen
CCDC101,lightgreen
CCDC104,lightgreen
CCDC109A,lightgreen
CCDC112,lightgreen
CCDC13,lightgreen
CCDC132,lightgreen
CCDC18,lightgreen
CCDC21,lightgreen
CCDC24,lightgreen
CCDC34,lightgreen
CCDC36,lightgreen
CCDC41,lightgreen
CCDC42B,lightgreen
CCDC48,lightgreen
CCDC85A,lightgreen
CCDC90B,lightgreen
CCDC92,lightgreen
CCDC97,lightgreen
CCHCR1,lightgreen
CCND2,lightgreen
CCNDBP1,lightgreen
CCNG1,lightgreen
CCNH,lightgreen
CCT3,lightgreen
CCT7,lightgreen
CD164,lightgreen
CD82,lightgreen
CDADC1,lightgreen
CDC27,lightgreen
CDC42,lightgreen
CDC42BPA,lightgreen
CDC42BPB,lightgreen
CDC42EP3,lightgreen
CDC5L,lightgreen
CDC6,lightgreen
CDCA2,lightgreen
CDCA5,lightgreen
CDH11,lightgreen
CDH18,lightgreen
CDK7,lightgreen
CDKN2C,lightgreen
CDT1,lightgreen
CENPH,lightgreen
CENPJ,lightgreen
CENPL,lightgreen
CENPN,lightgreen
CENPT,lightgreen
CEP152,lightgreen
CEP70,lightgreen
CEP97,lightgreen
CERKL,lightgreen
CFL1,lightgreen
CGGBP1,lightgreen
CHAT,lightgreen
CHCHD2,lightgreen
CHCHD6,lightgreen
CHCHD8,lightgreen
CHFR,lightgreen
CHID1,lightgreen
CHORDC1,lightgreen
CHP,lightgreen
CHRNA5,lightgreen
CHST11,lightgreen
CIB2,lightgreen
CISH,lightgreen
CKAP2,lightgreen
CLCN2,lightgreen
CLK4,lightgreen
CLPB,lightgreen
CLPP,lightgreen
CLUAP1,lightgreen
CMTM3,lightgreen
CNOT6,lightgreen
CNOT7,lightgreen
CNOT8,lightgreen
CNPY3,lightgreen
COG3,lightgreen
COL25A1,lightgreen
COL4A3BP,lightgreen
COMMD2,lightgreen
COMMD3,lightgreen
COMMD7,lightgreen
COMMD9,lightgreen
COPS7A,lightgreen
COQ6,lightgreen
CORO2B,lightgreen
CORO7,lightgreen
COX16,lightgreen
COX5B,lightgreen
CPLX2,lightgreen
CREG1,lightgreen
CRHBP,lightgreen
CRHR2,lightgreen
CRIM1,lightgreen
CRIPT,lightgreen
CRLF3,lightgreen
CRY1,lightgreen
CRYM,lightgreen
CSDA,lightgreen
CSMD2,lightgreen
CTCF,lightgreen
CTNNAL1,lightgreen
CTSC,lightgreen
CTSD,lightgreen
CTU1,lightgreen
CUX2,lightgreen
CXCL12,lightgreen
CXCL3,lightgreen
CYB5B,lightgreen
CYB5D1,lightgreen
CYB5R3,lightgreen
CYC1,lightgreen
CYP46A1,lightgreen
CYP4V2,lightgreen
CYP51A1,lightgreen
DAXX,lightgreen
DBN1,lightgreen
DBX2,lightgreen
DCAF13,lightgreen
DCAF6,lightgreen
DCAF8,lightgreen
DCBLD2,lightgreen
DCHS2,lightgreen
DCLK2,lightgreen
DCP1B,lightgreen
DCUN1D4,lightgreen
DDAH2,lightgreen
DDIT4L,lightgreen
DDR1,lightgreen
DDX17,lightgreen
DDX19A,lightgreen
DDX27,lightgreen
DDX6,lightgreen
DDX60,lightgreen
DEK,lightgreen
DENND1A,lightgreen
DENR,lightgreen
DEPDC1B,lightgreen
DERL1,lightgreen
DGCR14,lightgreen
DHRS13,lightgreen
DHRS3,lightgreen
DHX29,lightgreen
DHX34,lightgreen
DHX37,lightgreen
DHX40,lightgreen
DIDO1,lightgreen
DIO3,lightgreen
DIS3L,lightgreen
DLGAP2,lightgreen
DLX3,lightgreen
DNAH6,lightgreen
DNAJB1,lightgreen
DNAJC10,lightgreen
DNAJC21,lightgreen
DNAJC24,lightgreen
DNM3,lightgreen
DNMT3A,lightgreen
DNPEP,lightgreen
DOCK7,lightgreen
DPF3,lightgreen
DPM3,lightgreen
DPYSL2,lightgreen
DRAM2,lightgreen
DSN1,lightgreen
DTD1,lightgreen
DTX4,lightgreen
DUSP1,lightgreen
DUSP11,lightgreen
DUSP19,lightgreen
DUSP4,lightgreen
DVWA,lightgreen
DYNC1H1,lightgreen
DYNC1I2,lightgreen
DYNC2LI1,lightgreen
DYNLRB2,lightgreen
DYNLT1,lightgreen
DYX1C1,lightgreen
DZIP1L,lightgreen
E2F2,lightgreen
E2F6,lightgreen
E2F8,lightgreen
EAF1,lightgreen
EBPL,lightgreen
ECHS1,lightgreen
EDN1,lightgreen
EDNRB,lightgreen
EEA1,lightgreen
EFCAB5,lightgreen
EFHD2,lightgreen
EFNB2,lightgreen
EHBP1,lightgreen
EHD4,lightgreen
EHMT1,lightgreen
EHMT2,lightgreen
EIF2AK2,lightgreen
EIF2B4,lightgreen
EIF3A,lightgreen
EIF3B,lightgreen
EIF3D,lightgreen
EIF3E,lightgreen
EIF4A3,lightgreen
EIF4EBP1,lightgreen
EIF4EBP3,lightgreen
EIF4G1,lightgreen
ELMO2,lightgreen
ELOF1,lightgreen
ELP2P,lightgreen
ELP4,lightgreen
ENTPD5,lightgreen
ENY2,lightgreen
EPB41L2,lightgreen
EPHA6,lightgreen
EPHA7,lightgreen
EPSTI1,lightgreen
ERBB4,lightgreen
ERMAP,lightgreen
ERN1,lightgreen
ERRFI1,lightgreen
ESCO1,lightgreen
ETAA1,lightgreen
ETNK1,lightgreen
ETV6,lightgreen
ETV7,lightgreen
EVC,lightgreen
EVC2,lightgreen
EXOC6B,lightgreen
EXOSC9,lightgreen
EYA4,lightgreen
FAM102B,lightgreen
FAM103A1,lightgreen
FAM116A,lightgreen
FAM120B,lightgreen
FAM134C,lightgreen
FAM13B,lightgreen
FAM150A,lightgreen
FAM151B,lightgreen
FAM164A,lightgreen
FAM168A,lightgreen
FAM172A,lightgreen
FAM176A,lightgreen
FAM178A,lightgreen
FAM190B,lightgreen
FAM49B,lightgreen
FAM54A,lightgreen
FAM55C,lightgreen
FAM59A,lightgreen
FAM5C,lightgreen
FAM76B,lightgreen
FAM78B,lightgreen
FAM89A,lightgreen
FANCA,lightgreen
FANCL,lightgreen
FAR1,lightgreen
FBRSL1,lightgreen
FBXL12,lightgreen
FBXO11,lightgreen
FBXO5,lightgreen
FCHO2,lightgreen
FER,lightgreen
FERMT2,lightgreen
FEZF1,lightgreen
FH,lightgreen
FITM2,lightgreen
FKBP1B,lightgreen
FKBP3,lightgreen
FKBP4,lightgreen
FLJ10357,lightgreen
FLJ13197,lightgreen
FLJ37453,lightgreen
FLJ90757,lightgreen
FLOT1,lightgreen
FLOT2,lightgreen
FMN1,lightgreen
FMOD,lightgreen
FNDC3A,lightgreen
FOSL2,lightgreen
FOXA3,lightgreen
FOXD2,lightgreen
FOXJ3,lightgreen
FOXK2,lightgreen
FRAS1,lightgreen
FSIP1,lightgreen
FTO,lightgreen
FUBP1,lightgreen
FUK,lightgreen
FUT9,lightgreen
FZD7,lightgreen
GABARAPL1,lightgreen
GABPB2,lightgreen
GABRA2,lightgreen
GADL1,lightgreen
GALNT13,lightgreen
GALNTL4,lightgreen
GALNTL6,lightgreen
GAR1,lightgreen
GATA2,lightgreen
GATAD1,lightgreen
GBE1,lightgreen
GCA,lightgreen
GDPD1,lightgreen
GEN1,lightgreen
GFI1,lightgreen
GFOD2,lightgreen
GFRA2,lightgreen
GGCT,lightgreen
GGPS1,lightgreen
GIPC1,lightgreen
GJA3,lightgreen
GLG1,lightgreen
GLS,lightgreen
GLT25D2,lightgreen
GM2A,lightgreen
GMIP,lightgreen
GNA11,lightgreen
GNAQ,lightgreen
GNB1L,lightgreen
GNB2L1,lightgreen
GNG7,lightgreen
GNPNAT1,lightgreen
GON4L,lightgreen
GPATCH1,lightgreen
GPATCH2,lightgreen
GPATCH4,lightgreen
GPC5,lightgreen
GPD1L,lightgreen
GPR108,lightgreen
GPR150,lightgreen
GPR176,lightgreen
GRAMD1C,lightgreen
GRB2,lightgreen
GRID1,lightgreen
GRID2,lightgreen
GRIN2B,lightgreen
GRM3,lightgreen
GRTP1,lightgreen
GSDMD,lightgreen
GSTM3,lightgreen
GTDC1,lightgreen
GTF2B,lightgreen
GTF2H5,lightgreen
GUCY1A2,lightgreen
GUK1,lightgreen
GYG1,lightgreen
H2AFV,lightgreen
H3F3B,lightgreen
HADHA,lightgreen
HAPLN1,lightgreen
HARS,lightgreen
HCCA2,lightgreen
HCFC2,lightgreen
HCG18,lightgreen
HCG27,lightgreen
HCG9,lightgreen
HDLBP,lightgreen
HECTD3,lightgreen
HERC6,lightgreen
HERPUD2,lightgreen
HES4,lightgreen
HIBADH,lightgreen
HIBCH,lightgreen
HIGD1A,lightgreen
HIPK3,lightgreen
HIST1H2AC,lightgreen
HIST1H2AG,lightgreen
HIST1H2AM,lightgreen
HIST1H2BN,lightgreen
HIST1H3G,lightgreen
HIST1H4A,lightgreen
HIST1H4B,lightgreen
HIST1H4E,lightgreen
HIST2H2BE,lightgreen
HIVEP2,lightgreen
HIVEP3,lightgreen
HLA-C,lightgreen
HLA-DPB2,lightgreen
HLA-F,lightgreen
HLA-L,lightgreen
HLF,lightgreen
HMGA1,lightgreen
HMGCS1,lightgreen
HMGN3,lightgreen
HNRNPA2B1,lightgreen
HNRNPF,lightgreen
HNRNPK,lightgreen
HNRNPUL1,lightgreen
HP1BP3,lightgreen
HPCA,lightgreen
HPCAL1,lightgreen
HSBP1L1,lightgreen
HSD11B1L,lightgreen
HSP90AA1,lightgreen
HSP90AB1,lightgreen
HSPA4,lightgreen
HSPC157,lightgreen
HTATIP2,lightgreen
HTR7,lightgreen
HTR7P,lightgreen
HYOU1,lightgreen
IARS,lightgreen
IFIT1,lightgreen
IFRD1,lightgreen
IFT172,lightgreen
IFT57,lightgreen
IGDCC4,lightgreen
IGF2BP3,lightgreen
IGFBP7,lightgreen
IKZF5,lightgreen
IL27RA,lightgreen
IL28RA,lightgreen
IL6R,lightgreen
ILF3,lightgreen
IMMP2L,lightgreen
IMPA1,lightgreen
ING3,lightgreen
ING4,lightgreen
INO80,lightgreen
INO80C,lightgreen
INS-IGF2,lightgreen
INTS7,lightgreen
IPMK,lightgreen
IPO7,lightgreen
IQCB1,lightgreen
IQCE,lightgreen
IQUB,lightgreen
IRAK1BP1,lightgreen
IRF1,lightgreen
IRF2BP2,lightgreen
IRF6,lightgreen
ISPD,lightgreen
ITGA3,lightgreen
ITGB1,lightgreen
ITPR1,lightgreen
JAK1,lightgreen
JMJD5,lightgreen
JMJD8,lightgreen
KBTBD11,lightgreen
KCNIP2,lightgreen
KCNJ11,lightgreen
KCNJ5,lightgreen
KCNJ8,lightgreen
KCNK10,lightgreen
KCTD11,lightgreen
KCTD12,lightgreen
KCTD13,lightgreen
KCTD3,lightgreen
KCTD9,lightgreen
KDELC2,lightgreen
KIAA0100,lightgreen
KIAA0182,lightgreen
KIAA0232,lightgreen
KIAA0319,lightgreen
KIAA0652,lightgreen
KIAA1033,lightgreen
KIAA1191,lightgreen
KIAA1279,lightgreen
KIAA1383,lightgreen
KIAA1409,lightgreen
KIAA1549,lightgreen
KIAA1949,lightgreen
KIF16B,lightgreen
KIF17,lightgreen
KIF1B,lightgreen
KIF26B,lightgreen
KIF2A,lightgreen
KIF2C,lightgreen
KIFAP3,lightgreen
KIFC1,lightgreen
KLC4,lightgreen
KLF10,lightgreen
KLF15,lightgreen
KLF3,lightgreen
KLHDC2,lightgreen
KLHL12,lightgreen
KLHL26,lightgreen
KLHL28,lightgreen
KLHL35,lightgreen
KPNA5,lightgreen
KRIT1,lightgreen
KRR1,lightgreen
KRT28,lightgreen
LAMP1,lightgreen
LATS1,lightgreen
LDHB,lightgreen
LDOC1L,lightgreen
LEPRE1,lightgreen
LETM2,lightgreen
LHFP,lightgreen
LIFR,lightgreen
LMNB1,lightgreen
LMO3,lightgreen
LMO4,lightgreen
LOC100128164,lightgreen
LOC100130274,lightgreen
LOC100133612,lightgreen
LOC100133985,lightgreen
LOC100134713,lightgreen
LOC100272217,lightgreen
LOC148189,lightgreen
LOC152024,lightgreen
LOC153684,lightgreen
LOC285696,lightgreen
LOC285830,lightgreen
LOC338799,lightgreen
LOC344595,lightgreen
LOC400027,lightgreen
LOC400657,lightgreen
LOC440926,lightgreen
LOC729338,lightgreen
LPCAT3,lightgreen
LRRC10B,lightgreen
LRRC16A,lightgreen
LRRC3B,lightgreen
LRRC61,lightgreen
LRRC8B,lightgreen
LRRC8D,lightgreen
LRRK1,lightgreen
LRTOMT,lightgreen
LRWD1,lightgreen
LSM3,lightgreen
LTB,lightgreen
LYRM5,lightgreen
MACROD1,lightgreen
MAD1L1,lightgreen
MAGI2,lightgreen
MAGMAS,lightgreen
MALAT1,lightgreen
MANEA,lightgreen
MAP1S,lightgreen
MAP2K7,lightgreen
MAP3K13,lightgreen
MAP3K3,lightgreen
MAP3K4,lightgreen
MAP3K5,lightgreen
MAP4,lightgreen
MAP6,lightgreen
MAP9,lightgreen
MAPKAPK3,lightgreen
MAPKBP1,lightgreen
MATN1,lightgreen
MATR3,lightgreen
MCF2L2,lightgreen
MCM10,lightgreen
MCM6,lightgreen
MCOLN1,lightgreen
MCTP1,lightgreen
MDM4,lightgreen
MDN1,lightgreen
ME1,lightgreen
MED12L,lightgreen
MED13L,lightgreen
MED15,lightgreen
MED17,lightgreen
MED30,lightgreen
MED4,lightgreen
MED6,lightgreen
MED8,lightgreen
MEPCE,lightgreen
MESDC1,lightgreen
MET,lightgreen
METTL6,lightgreen
METTL9,lightgreen
MEX3C,lightgreen
MFN1,lightgreen
MGA,lightgreen
MGAT1,lightgreen
MGC72080,lightgreen
MICALL2,lightgreen
MIR375,lightgreen
MIR449C,lightgreen
MIR487A,lightgreen
MIR548G,lightgreen
MIR548N,lightgreen
MIR639,lightgreen
MIR663,lightgreen
MIR760,lightgreen
MKRN1,lightgreen
MKRN2,lightgreen
MKX,lightgreen
MLL2,lightgreen
MLLT1,lightgreen
MMAA,lightgreen
MMD,lightgreen
MME,lightgreen
MMP15,lightgreen
MMP17,lightgreen
MMP25,lightgreen
MOBKL1B,lightgreen
MOBKL3,lightgreen
MOCS1,lightgreen
MOCS2,lightgreen
MOSPD3,lightgreen
MPHOSPH6,lightgreen
MPV17,lightgreen
MRAS,lightgreen
MRE11A,lightgreen
MRPL14,lightgreen
MRPL15,lightgreen
MRPL18,lightgreen
MRPL22,lightgreen
MRPL28,lightgreen
MRPL3,lightgreen
MRPL33,lightgreen
MRPL42,lightgreen
MRPL55,lightgreen
MRPS12,lightgreen
MRPS22,lightgreen
MRPS28,lightgreen
MRPS30,lightgreen
MTA2,lightgreen
MTBP,lightgreen
MTDH,lightgreen
MTERFD3,lightgreen
MTIF3,lightgreen
MTMR4,lightgreen
MTPAP,lightgreen
MTPN,lightgreen
MTR,lightgreen
MTRF1L,lightgreen
MTSS1,lightgreen
MTX2,lightgreen
MUDENG,lightgreen
MUTED,lightgreen
MYB,lightgreen
MYEF2,lightgreen
MYL6B,lightgreen
MYLIP,lightgreen
MYO1B,lightgreen
MYOF,lightgreen
MYOM2,lightgreen
MYT1L,lightgreen
N4BP2,lightgreen
NAA16,lightgreen
NAB1,lightgreen
NANS,lightgreen
NAP1L1,lightgreen
NAP1L5,lightgreen
NAPEPLD,lightgreen
NARF,lightgreen
NASP,lightgreen
NAT15,lightgreen
NAT9,lightgreen
NAV2,lightgreen
NBN,lightgreen
NBPF3,lightgreen
NCAPG,lightgreen
NCBP2,lightgreen
NCEH1,lightgreen
NCKAP1,lightgreen
NCL,lightgreen
NCOA4,lightgreen
NDNL2,lightgreen
NDRG2,lightgreen
NDUFA11,lightgreen
NDUFAF1,lightgreen
NDUFC1,lightgreen
NDUFS6,lightgreen
NEAT1,lightgreen
NECAB3,lightgreen
NEDD9,lightgreen
NEK11,lightgreen
NEK7,lightgreen
NEUROD1,lightgreen
NFIA,lightgreen
NFIX,lightgreen
NGEF,lightgreen
NHLRC3,lightgreen
NID2,lightgreen
NIPSNAP3A,lightgreen
NLN,lightgreen
NME1,lightgreen
NMT2,lightgreen
NNT,lightgreen
NOL11,lightgreen
NOS1AP,lightgreen
NOTCH4,lightgreen
NOVA1,lightgreen
NOX4,lightgreen
NPHP4,lightgreen
NPHS2,lightgreen
NPM1,lightgreen
NPR3,lightgreen
NPY1R,lightgreen
NQO2,lightgreen
NR1D1,lightgreen
NR2C2,lightgreen
NR6A1,lightgreen
NRBP2,lightgreen
NRD1,lightgreen
NRL,lightgreen
NRN1,lightgreen
NRXN3,lightgreen
NSMCE1,lightgreen
NTAN1,lightgreen
NUDC,lightgreen
NUDT12,lightgreen
NUDT16,lightgreen
NUDT19,lightgreen
NUP133,lightgreen
NUP155,lightgreen
NUP35,lightgreen
NUP37,lightgreen
NUP43,lightgreen
NXPH1,lightgreen
OAZ1,lightgreen
OAZ3,lightgreen
OCA2,lightgreen
ODC1,lightgreen
OLFML2B,lightgreen
OR2B11,lightgreen
ORC2L,lightgreen
ORMDL2,lightgreen
OSBPL2,lightgreen
OSBPL9,lightgreen
OTUD4,lightgreen
OXCT1,lightgreen
OXSR1,lightgreen
P2RX6,lightgreen
P2RY1,lightgreen
P4HA3,lightgreen
P4HTM,lightgreen
PAF1,lightgreen
PAFAH2,lightgreen
PAIP2B,lightgreen
PAK6,lightgreen
PANK1,lightgreen
PAOX,lightgreen
PAPOLG,lightgreen
PARP1,lightgreen
PARP11,lightgreen
PARS2,lightgreen
PAX7,lightgreen
PAX8,lightgreen
PAX9,lightgreen
PBX1,lightgreen
PBX2,lightgreen
PBX4,lightgreen
PC,lightgreen
PCBP2,lightgreen
PCDH9,lightgreen
PCGF5,lightgreen
PCID2,lightgreen
PCM1,lightgreen
PCYOX1,lightgreen
PDCD4,lightgreen
PDE2A,lightgreen
PDE6B,lightgreen
PDE7A,lightgreen
PDGFB,lightgreen
PDGFC,lightgreen
PDGFRL,lightgreen
PDHX,lightgreen
PDIA6,lightgreen
PDIK1L,lightgreen
PDLIM5,lightgreen
PDSS2,lightgreen
PDX1,lightgreen
PELI1,lightgreen
PET112L,lightgreen
PEX19,lightgreen
PEX5L,lightgreen
PF4V1,lightgreen
PFKFB3,lightgreen
PGAM2,lightgreen
PGM2L1,lightgreen
PGPEP1,lightgreen
PHF1,lightgreen
PHF10,lightgreen
PHF12,lightgreen
PHIP,lightgreen
PHRF1,lightgreen
PHTF2,lightgreen
PI4K2B,lightgreen
PIAS1,lightgreen
PIGO,lightgreen
PIH1D2,lightgreen
PIK3CA,lightgreen
PIK3R1,lightgreen
PIP4K2A,lightgreen
PITPNM3,lightgreen
PJA2,lightgreen
PKIA,lightgreen
PKIB,lightgreen
PLB1,lightgreen
PLBD2,lightgreen
PLCL1,lightgreen
PLCXD2,lightgreen
PLD3,lightgreen
PLDN,lightgreen
PLEKHB2,lightgreen
PLEKHF2,lightgreen
PLIN2,lightgreen
PLOD1,lightgreen
PLRG1,lightgreen
PLXNC1,lightgreen
PMEPA1,lightgreen
PML,lightgreen
PMM2,lightgreen
POGZ,lightgreen
POLE3,lightgreen
POLG2,lightgreen
POLR1D,lightgreen
POLR2I,lightgreen
POLR3A,lightgreen
POLR3F,lightgreen
POT1,lightgreen
PPA2,lightgreen
PPAP2A,lightgreen
PPAP2B,lightgreen
PPFIA2,lightgreen
PPIG,lightgreen
PPIL1,lightgreen
PPIL3,lightgreen
PPM1D,lightgreen
PPME1,lightgreen
PPP1R3D,lightgreen
PPP2CA,lightgreen
PPP2R1B,lightgreen
PPP2R5A,lightgreen
PPP2R5E,lightgreen
PPP3R1,lightgreen
PPPDE1,lightgreen
PPT1,lightgreen
PPT2,lightgreen
PQLC1,lightgreen
PRC1,lightgreen
PRCC,lightgreen
PRDM13,lightgreen
PRELP,lightgreen
PRIM1,lightgreen
PRIM2,lightgreen
PRKACB,lightgreen
PRKCI,lightgreen
PRKG1,lightgreen
PRMT3,lightgreen
PRMT6,lightgreen
PRMT8,lightgreen
PRR16,lightgreen
PRR24,lightgreen
PRR25,lightgreen
PRTFDC1,lightgreen
PSMA1,lightgreen
PSMB3,lightgreen
PSMB5,lightgreen
PSMB8,lightgreen
PSMD14,lightgreen
PSMD7,lightgreen
PSMG1,lightgreen
PTCD3,lightgreen
PTCH1,lightgreen
PTEN,lightgreen
PTGS2,lightgreen
PTOV1,lightgreen
PTPN12,lightgreen
PTPRN2,lightgreen
PTPRT,lightgreen
PXT1,lightgreen
PYGO1,lightgreen
QRSL1,lightgreen
RAB11A,lightgreen
RAB1B,lightgreen
RAB22A,lightgreen
RAB36,lightgreen
RAB3C,lightgreen
RAB8B,lightgreen
RABL3,lightgreen
RAD1,lightgreen
RAD17,lightgreen
RAD21,lightgreen
RAD21L1,lightgreen
RAD51,lightgreen
RAD51L1,lightgreen
RAD51L3,lightgreen
RAG1AP1,lightgreen
RALGAPA2,lightgreen
RAP1B,lightgreen
RAP1GDS1,lightgreen
RAPGEF3,lightgreen
RAPGEF4,lightgreen
RASA3,lightgreen
RASD1,lightgreen
RASGRP3,lightgreen
RASSF4,lightgreen
RB1,lightgreen
RBM14,lightgreen
RBM22,lightgreen
RBM24,lightgreen
RBM26,lightgreen
RBM34,lightgreen
RBM4B,lightgreen
RBM5,lightgreen
RBM6,lightgreen
RBMXL1,lightgreen
RCC2,lightgreen
RCHY1,lightgreen
RCOR3,lightgreen
REPIN1,lightgreen
RERE,lightgreen
RFX1,lightgreen
RG9MTD2,lightgreen
RGS14,lightgreen
RGS6,lightgreen
RHBDD2,lightgreen
RHOC,lightgreen
RHOG,lightgreen
RIBC2,lightgreen
RING1,lightgreen
RIOK2,lightgreen
RMND1,lightgreen
RNF10,lightgreen
RNF114,lightgreen
RNF139,lightgreen
RNF168,lightgreen
RNF19A,lightgreen
RNF216,lightgreen
RNF5P1,lightgreen
RNFT1,lightgreen
RNGTT,lightgreen
RNLS,lightgreen
RNU6ATAC,lightgreen
ROBO2,lightgreen
ROCK1,lightgreen
RP9,lightgreen
RPAIN,lightgreen
RPAP3,lightgreen
RPF2,lightgreen
RPH3A,lightgreen
RPL10A,lightgreen
RPL22,lightgreen
RPL32P3,lightgreen
RPL34,lightgreen
RPL41,lightgreen
RPL7L1,lightgreen
RPN1,lightgreen
RPS23,lightgreen
RPS24,lightgreen
RPS27,lightgreen
RPS27A,lightgreen
RPS29,lightgreen
RPS3A,lightgreen
RPS6KA1,lightgreen
RPS9,lightgreen
RPSA,lightgreen
RRAGC,lightgreen
RSPO4,lightgreen
RSRC2,lightgreen
RTF1,lightgreen
RTN4,lightgreen
RTN4IP1,lightgreen
RTN4RL2,lightgreen
RUVBL1,lightgreen
RWDD2B,lightgreen
S1PR1,lightgreen
SAE1,lightgreen
SAMD13,lightgreen
SAP30,lightgreen
SAR1B,lightgreen
SARS,lightgreen
SART3,lightgreen
SAV1,lightgreen
SC4MOL,lightgreen
SCAMP1,lightgreen
SCAND1,lightgreen
SCAND3,lightgreen
SCARNA16,lightgreen
SCARNA2,lightgreen
SCMH1,lightgreen
SCN9A,lightgreen
SCNN1G,lightgreen
SCRN1,lightgreen
SDC1,lightgreen
SDCCAG1,lightgreen
SDCCAG10,lightgreen
SDHB,lightgreen
SDHD,lightgreen
SEC14L1,lightgreen
SEC22A,lightgreen
SEC22B,lightgreen
SEC31B,lightgreen
SENP1,lightgreen
SERAC1,lightgreen
SESN3,lightgreen
SETD6,lightgreen
SETDB1,lightgreen
SF3B1,lightgreen
SF3B14,lightgreen
SFPQ,lightgreen
SFRS1,lightgreen
SFRS11,lightgreen
SFRS12,lightgreen
SFRS14,lightgreen
SFRS6,lightgreen
SGCE,lightgreen
SH2D5,lightgreen
SH3BP5L,lightgreen
SH3GLB1,lightgreen
SHCBP1,lightgreen
SHISA2,lightgreen
SHISA4,lightgreen
SHISA9,lightgreen
SIAE,lightgreen
SIK2,lightgreen
SIN3A,lightgreen
SIPA1,lightgreen
SKIL,lightgreen
SLC11A2,lightgreen
SLC19A3,lightgreen
SLC1A4,lightgreen
SLC25A24,lightgreen
SLC25A28,lightgreen
SLC25A29,lightgreen
SLC25A3,lightgreen
SLC25A30,lightgreen
SLC25A39,lightgreen
SLC2A1,lightgreen
SLC30A7,lightgreen
SLC30A9,lightgreen
SLC35A3,lightgreen
SLC35D3,lightgreen
SLC35F3,lightgreen
SLC35F5,lightgreen
SLC37A3,lightgreen
SLC39A10,lightgreen
SLC39A7,lightgreen
SLC41A1,lightgreen
SLC4A1AP,lightgreen
SLC4A3,lightgreen
SLC4A8,lightgreen
SLCO2A1,lightgreen
SLIT1,lightgreen
SLITRK3,lightgreen
SMAD4,lightgreen
SMAD6,lightgreen
SMC2,lightgreen
SMCHD1,lightgreen
SMEK1,lightgreen
SMOC2,lightgreen
SNED1,lightgreen
SNHG9,lightgreen
SNIP1,lightgreen
SNORA17,lightgreen
SNORD74,lightgreen
SNRK,lightgreen
SNRNP48,lightgreen
SNX3,lightgreen
SNX32,lightgreen
SNX4,lightgreen
SOBP,lightgreen
SOCS2,lightgreen
SORCS2,lightgreen
SORD,lightgreen
SOX2OT,lightgreen
SOX8,lightgreen
SPAG8,lightgreen
SPATA13,lightgreen
SPATA5,lightgreen
SPATA7,lightgreen
SPATC1,lightgreen
SPATS2L,lightgreen
SPCS3,lightgreen
SPDYA,lightgreen
SPEN,lightgreen
SPG20,lightgreen
SPG7,lightgreen
SPHKAP,lightgreen
SPINT1,lightgreen
SPINT2,lightgreen
SPRY1,lightgreen
SPTLC1,lightgreen
SPTY2D1,lightgreen
SRCAP,lightgreen
SRGAP2,lightgreen
SRM,lightgreen
SRP68,lightgreen
SRP9,lightgreen
SRRM2,lightgreen
ST6GALNAC3,lightgreen
ST8SIA2,lightgreen
STAG1,lightgreen
STK17A,lightgreen
STK17B,lightgreen
STK32C,lightgreen
STK38L,lightgreen
STRADA,lightgreen
STX16,lightgreen
STX2,lightgreen
STX3,lightgreen
STX4,lightgreen
STX6,lightgreen
SUB1,lightgreen
SUCLG1,lightgreen
SUCLG2,lightgreen
SULF2,lightgreen
SUV420H2,lightgreen
SUZ12,lightgreen
SVEP1,lightgreen
SYNGAP1,lightgreen
SYNJ1,lightgreen
SYT13,lightgreen
TADA1,lightgreen
TAF10,lightgreen
TAF2,lightgreen
TAF4B,lightgreen
TANK,lightgreen
TAOK1,lightgreen
TAP1,lightgreen
TAP2,lightgreen
TAPBP,lightgreen
TARBP2,lightgreen
TBC1D14,lightgreen
TBC1D17,lightgreen
TBC1D5,lightgreen
TBCE,lightgreen
TBCK,lightgreen
TBX1,lightgreen
TCEA1,lightgreen
TCEB1,lightgreen
TCERG1,lightgreen
TCFL5,lightgreen
TCHP,lightgreen
TCL6,lightgreen
TEC,lightgreen
TERC,lightgreen
TEX9,lightgreen
TGFB2,lightgreen
TGFBR1,lightgreen
THNSL2,lightgreen
THRAP3,lightgreen
TIGD1,lightgreen
TIPARP,lightgreen
TIRAP,lightgreen
TM2D2,lightgreen
TMCO1,lightgreen
TMEM104,lightgreen
TMEM107,lightgreen
TMEM132C,lightgreen
TMEM134,lightgreen
TMEM151B,lightgreen
TMEM167B,lightgreen
TMEM178,lightgreen
TMEM184B,lightgreen
TMEM194A,lightgreen
TMEM209,lightgreen
TMEM214,lightgreen
TMEM223,lightgreen
TMEM45A,lightgreen
TMEM5,lightgreen
TMEM55A,lightgreen
TMEM55B,lightgreen
TMEM63C,lightgreen
TMEM74,lightgreen
TMEM80,lightgreen
TMEM97,lightgreen
TMEM9B,lightgreen
TMF1,lightgreen
TMX2,lightgreen
TNFAIP8,lightgreen
TNFRSF11B,lightgreen
TNFRSF19,lightgreen
TNPO1,lightgreen
TOM1L2,lightgreen
TOMM22,lightgreen
TOP2A,lightgreen
TOR3A,lightgreen
TP53BP1,lightgreen
TPST2,lightgreen
TRAF7,lightgreen
TRIM15,lightgreen
TRIM2,lightgreen
TRIM27,lightgreen
TRIM6,lightgreen
TRMT12,lightgreen
TRNP1,lightgreen
TROAP,lightgreen
TRPA1,lightgreen
TRPC1,lightgreen
TRPC3,lightgreen
TRPS1,lightgreen
TSC2,lightgreen
TSR1,lightgreen
TSSC1,lightgreen
TSSC4,lightgreen
TTC13,lightgreen
TTC15,lightgreen
TTC17,lightgreen
TTC23L,lightgreen
TTC4,lightgreen
TTK,lightgreen
TTLL7,lightgreen
TUBA1A,lightgreen
TXN2,lightgreen
TXNDC5,lightgreen
TXNDC9,lightgreen
TXNIP,lightgreen
UBC,lightgreen
UBE2B,lightgreen
UBE2CBP,lightgreen
UBE2D3,lightgreen
UBE2H,lightgreen
UBE2Q2,lightgreen
UBE2U,lightgreen
UBE2V1,lightgreen
UBE2V2,lightgreen
UBL3,lightgreen
UBL7,lightgreen
UFSP1,lightgreen
UGDH,lightgreen
UNC80,lightgreen
UNC84B,lightgreen
UQCR,lightgreen
UQCRC2,lightgreen
UQCRFS1,lightgreen
USO1,lightgreen
USP2,lightgreen
USP32,lightgreen
USP36,lightgreen
USPL1,lightgreen
UTP15,lightgreen
VAMP1,lightgreen
VAMP2,lightgreen
VAPB,lightgreen
VARS,lightgreen
VAX1,lightgreen
VGLL3,lightgreen
VIPR2,lightgreen
VKORC1L1,lightgreen
VLDLR,lightgreen
VPS13B,lightgreen
VPS26A,lightgreen
VPS29,lightgreen
VPS37C,lightgreen
VPS52,lightgreen
VTA1,lightgreen
VTI1A,lightgreen
VTI1B,lightgreen
VWA3B,lightgreen
VWC2L,lightgreen
WAC,lightgreen
WASF3,lightgreen
WDHD1,lightgreen
WDR17,lightgreen
WDR19,lightgreen
WDR25,lightgreen
WDR27,lightgreen
WDR36,lightgreen
WDR6,lightgreen
WDR75,lightgreen
WDYHV1,lightgreen
WFIKKN2,lightgreen
WNK1,lightgreen
WNT10B,lightgreen
WNT5A,lightgreen
WRAP53,lightgreen
WRB,lightgreen
WWP1,lightgreen
XKR9,lightgreen
XPO1,lightgreen
XRCC4,lightgreen
XRCC5,lightgreen
YIF1A,lightgreen
YIPF3,lightgreen
YLPM1,lightgreen
YPEL2,lightgreen
YTHDC1,lightgreen
YWHAE,lightgreen
YWHAG,lightgreen
YWHAZ,lightgreen
ZAN,lightgreen
ZBTB11,lightgreen
ZBTB45,lightgreen
ZC3H13,lightgreen
ZC3H14,lightgreen
ZC3H6,lightgreen
ZDHHC14,lightgreen
ZDHHC5,lightgreen
ZEB1,lightgreen
ZEB2,lightgreen
ZER1,lightgreen
ZFAND6,lightgreen
ZFHX4,lightgreen
ZFYVE1,lightgreen
ZMYM1,lightgreen
ZNF131,lightgreen
ZNF133,lightgreen
ZNF136,lightgreen
ZNF142,lightgreen
ZNF205,lightgreen
ZNF235,lightgreen
ZNF24,lightgreen
ZNF251,lightgreen
ZNF26,lightgreen
ZNF281,lightgreen
ZNF284,lightgreen
ZNF318,lightgreen
ZNF343,lightgreen
ZNF35,lightgreen
ZNF354B,lightgreen
ZNF354C,lightgreen
ZNF37B,lightgreen
ZNF418,lightgreen
ZNF420,lightgreen
ZNF425,lightgreen
ZNF460,lightgreen
ZNF501,lightgreen
ZNF540,lightgreen
ZNF561,lightgreen
ZNF581,lightgreen
ZNF585B,lightgreen
ZNF593,lightgreen
ZNF655,lightgreen
ZNF665,lightgreen
ZNF687,lightgreen
ZNF76,lightgreen
ZNF780B,lightgreen
ZNF804A,lightgreen
ZNF804B,lightgreen
ZRANB2,lightgreen
ZSWIM2,lightgreen
ZSWIM4,lightgreen
AARSD1,magenta
ABCA11P,magenta
ABCF1,magenta
ABHD10,magenta
ABL1,magenta
ACACA,magenta
ACADL,magenta
ACBD5,magenta
ACCN2,magenta
ACSS1,magenta
ACTR1A,magenta
ADAL,magenta
ADAMTS2,magenta
ADAMTS6,magenta
ADCK1,magenta
ADIPOR1,magenta
ADO,magenta
ADPRH,magenta
ADSSL1,magenta
AGA,magenta
AGAP2,magenta
AGBL2,magenta
AGPAT6,magenta
AGRN,magenta
AIMP1,magenta
ALG9,magenta
ALKBH8,magenta
ALS2,magenta
ALS2CR4,magenta
AMZ2,magenta
ANAPC1,magenta
ANAPC11,magenta
ANKH,magenta
ANKHD1,magenta
ANKRD13C,magenta
ANKRD32,magenta
ANKRD9,magenta
ANO1,magenta
ANP32A,magenta
AP1S1,magenta
APBB3,magenta
APOLD1,magenta
AQP11,magenta
ARF6,magenta
ARGLU1,magenta
ARHGAP20,magenta
ARHGEF10,magenta
ARID1B,magenta
ARL2BP,magenta
ARL5A,magenta
ARPC2,magenta
ARSG,magenta
ASAP3,magenta
ASB2,magenta
ASCL2,magenta
ASCL4,magenta
ATE1,magenta
ATF1,magenta
ATF2,magenta
ATF6B,magenta
ATG2A,magenta
ATL1,magenta
ATM,magenta
ATOH1,magenta
ATOH7,magenta
ATP10A,magenta
ATP10B,magenta
ATP11A,magenta
ATP6V1A,magenta
ATP6V1C1,magenta
ATP6V1C2,magenta
ATP8A1,magenta
ATPBD4,magenta
ATXN7L1,magenta
B3GALT4,magenta
B3GNT3,magenta
BAIAP2L1,magenta
BAT1,magenta
BAT2,magenta
BAT2L2,magenta
BAT5,magenta
BCAR3,magenta
BCAS3,magenta
BCAT1,magenta
BCKDHB,magenta
BCL2L13,magenta
BCL9,magenta
BDNF,magenta
BEND7,magenta
BFAR,magenta
BMP8B,magenta
BMPR2,magenta
BOC,magenta
BPGM,magenta
BRF1,magenta
BRF2,magenta
BTC,magenta
BTG1,magenta
BTN1A1,magenta
BTNL2,magenta
BZW2,magenta
C10ORF140,magenta
C10ORF26,magenta
C10ORF47,magenta
C11ORF2,magenta
C11ORF51,magenta
C11ORF57,magenta
C11ORF67,magenta
C12ORF11,magenta
C12ORF23,magenta
C12ORF73,magenta
C13ORF15,magenta
C13ORF18,magenta
C13ORF27,magenta
C14ORF133,magenta
C14ORF143,magenta
C14ORF2,magenta
C15ORF27,magenta
C15ORF61,magenta
C16ORF59,magenta
C16ORF74,magenta
C16ORF80,magenta
C16ORF91,magenta
C17ORF44,magenta
C17ORF61,magenta
C17ORF80,magenta
C17ORF98,magenta
C18ORF8,magenta
C19ORF24,magenta
C1ORF124,magenta
C1ORF128,magenta
C1ORF14,magenta
C1ORF159,magenta
C1ORF168,magenta
C1ORF52,magenta
C1ORF69,magenta
C1ORF70,magenta
C1ORF77,magenta
C20ORF199,magenta
C20ORF7,magenta
C22ORF26,magenta
C2ORF18,magenta
C2ORF44,magenta
C2ORF63,magenta
C2ORF74,magenta
C3ORF21,magenta
C3ORF23,magenta
C3ORF32,magenta
C3ORF52,magenta
C3ORF70,magenta
C4ORF22,magenta
C4ORF3,magenta
C4ORF31,magenta
C4ORF36,magenta
C5ORF15,magenta
C5ORF30,magenta
C5ORF35,magenta
C5ORF36,magenta
C5ORF39,magenta
C5ORF41,magenta
C5ORF42,magenta
C5ORF51,magenta
C5ORF52,magenta
C6ORF174,magenta
C6ORF208,magenta
C6ORF211,magenta
C6ORF221,magenta
C7ORF20,magenta
C7ORF23,magenta
C7ORF30,magenta
C7ORF58,magenta
C7ORF60,magenta
C8ORF42,magenta
C9ORF21,magenta
C9ORF30,magenta
C9ORF75,magenta
CABLES1,magenta
CACNB1,magenta
CACNB4,magenta
CACNG2,magenta
CAMK2B,magenta
CAMTA2,magenta
CARKD,magenta
CASC5,magenta
CASR,magenta
CBARA1,magenta
CBFA2T3,magenta
CBR4,magenta
CBS,magenta
CBX1,magenta
CBX7,magenta
CCDC108,magenta
CCDC149,magenta
CCDC152,magenta
CCDC36,magenta
CCDC39,magenta
CCDC41,magenta
CCDC52,magenta
CCDC64B,magenta
CCDC93,magenta
CCNF,magenta
CCNJ,magenta
CD151,magenta
CD2AP,magenta
CD63,magenta
CD81,magenta
CD82,magenta
CDC42BPB,magenta
CDH22,magenta
CDKN3,magenta
CDT1,magenta
CELSR1,magenta
CELSR2,magenta
CENPA,magenta
CENPF,magenta
CENPL,magenta
CENPO,magenta
CENPQ,magenta
CEP72,magenta
CETN3,magenta
CFD,magenta
CFDP1,magenta
CHCHD6,magenta
CHCHD8,magenta
CHD2,magenta
CHD4,magenta
CHMP6,magenta
CHORDC1,magenta
CHST1,magenta
CHST11,magenta
CINP,magenta
CKAP2,magenta
CLASP1,magenta
CLCC1,magenta
CLCN7,magenta
CLDND1,magenta
CLIP2,magenta
CLK4,magenta
CLOCK,magenta
CLSPN,magenta
CLTA,magenta
CLU,magenta
CNIH4,magenta
CNOT10,magenta
CNTNAP2,magenta
COMMD8,magenta
COMMD9,magenta
COPB2,magenta
COPS7A,magenta
COTL1,magenta
COX4NB,magenta
COX6A2,magenta
COX7A2,magenta
COX8A,magenta
CPA5,magenta
CPEB3,magenta
CPNE3,magenta
CRABP1,magenta
CRADD,magenta
CREG1,magenta
CREG2,magenta
CRELD1,magenta
CREM,magenta
CRTC1,magenta
CRY2,magenta
CRYM,magenta
CSMD1,magenta
CSNK2A1P,magenta
CTHRC1,magenta
CTR9,magenta
CUL1,magenta
CXCL5,magenta
CXXC5,magenta
CYB561D1,magenta
CYB5A,magenta
CYB5R4,magenta
CYBA,magenta
CYFIP1,magenta
CYP1A1,magenta
CYR61,magenta
DAB1,magenta
DAXX,magenta
DBR1,magenta
DCAF10,magenta
DCUN1D1,magenta
DDHD1,magenta
DDHD2,magenta
DDX25,magenta
DDX47,magenta
DDX59,magenta
DDX60L,magenta
DENND5B,magenta
DHTKD1,magenta
DIRAS3,magenta
DIS3L2,magenta
DKFZP434H168,magenta
DKFZP686O24166,magenta
DLGAP2,magenta
DLK1,magenta
DNAJA4,magenta
DNAJC18,magenta
DNAJC6,magenta
DNAJC9,magenta
DNM1P35,magenta
DNTTIP2,magenta
DPF3,magenta
DPP10,magenta
DPYSL4,magenta
DR1,magenta
DTNB,magenta
DUS1L,magenta
DUSP1,magenta
DUSP11,magenta
DUSP19,magenta
DVWA,magenta
DYNC1H1,magenta
DYNC1I1,magenta
DYNC1I2,magenta
DYNC1LI1,magenta
DYRK1A,magenta
DYRK1B,magenta
EBPL,magenta
ECHDC1,magenta
ECHS1,magenta
EDC4,magenta
EIF2AK4,magenta
EIF2B3,magenta
EIF2B5,magenta
EIF2C3,magenta
EIF3F,magenta
EIF4A3,magenta
EIF5B,magenta
ELAVL3,magenta
ELK4,magenta
ELP2P,magenta
EME1,magenta
EML1,magenta
ENPP6,magenta
ENSA,magenta
ENTPD2,magenta
ENTPD4,magenta
EP400NL,magenta
EPB41,magenta
EPHA10,magenta
EPHB1,magenta
EPHX3,magenta
EPRS,magenta
ERGIC2,magenta
ESR1,magenta
ETS1,magenta
ETV2,magenta
ETV5,magenta
EXOC6B,magenta
EXOSC10,magenta
EXPH5,magenta
F10,magenta
FAH,magenta
FAIM3,magenta
FAM113A,magenta
FAM117A,magenta
FAM126B,magenta
FAM134A,magenta
FAM149A,magenta
FAM164A,magenta
FAM177A1,magenta
FAM184B,magenta
FAM189A1,magenta
FAM19A2,magenta
FAM20A,magenta
FAM3B,magenta
FAM54A,magenta
FAM5C,magenta
FAM60A,magenta
FAM64A,magenta
FAM65A,magenta
FAM71E1,magenta
FAM78A,magenta
FAM81A,magenta
FBLL1,magenta
FBLN2,magenta
FBN1,magenta
FBRSL1,magenta
FBXL20,magenta
FBXO39,magenta
FBXO47,magenta
FDPS,magenta
FEN1,magenta
FER,magenta
FGFR1,magenta
FGFR2,magenta
FGFRL1,magenta
FHAD1,magenta
FKBP2,magenta
FKBP3,magenta
FKBP7,magenta
FKBPL,magenta
FLJ16779,magenta
FLJ31306,magenta
FLJ42709,magenta
FLJ43663,magenta
FLYWCH1,magenta
FN1,magenta
FNDC3A,magenta
FNTB,magenta
FOS,magenta
FOXE1,magenta
FOXF1,magenta
FOXO3,magenta
FOXP1,magenta
FOXQ1,magenta
FRY,magenta
FRYL,magenta
FXC1,magenta
FXR1,magenta
FXYD6,magenta
FYN,magenta
FZD4,magenta
G0S2,magenta
G3BP1,magenta
GABARAP,magenta
GABRA1,magenta
GABRA2,magenta
GABRB1,magenta
GAD1,magenta
GALM,magenta
GALNT9,magenta
GALNTL1,magenta
GALR1,magenta
GARS,magenta
GATSL3,magenta
GBA,magenta
GDAP1,magenta
GDNF,magenta
GFER,magenta
GFI1,magenta
GFPT1,magenta
GHR,magenta
GIF,magenta
GJA3,magenta
GLI3,magenta
GLIS1,magenta
GLRA1,magenta
GLRX2,magenta
GLRX5,magenta
GLUD1,magenta
GMIP,magenta
GNAS,magenta
GNB1,magenta
GNMT,magenta
GNPAT,magenta
GOLGA7B,magenta
GOLGB1,magenta
GOLSYN,magenta
GPN1,magenta
GPR149,magenta
GPR157,magenta
GPR6,magenta
GPR98,magenta
GRAMD3,magenta
GRB10,magenta
GRB2,magenta
GREM2,magenta
GRHL2,magenta
GRINL1A,magenta
GRM3,magenta
GRM4,magenta
GRTP1,magenta
GSR,magenta
GSTO2,magenta
GTF2A1,magenta
GTF2A2,magenta
GTF2E1,magenta
GTF2E2,magenta
GTF2H1,magenta
GTF2H5,magenta
GTPBP5,magenta
GUCA1A,magenta
GUCY1B3,magenta
H6PD,magenta
HAAO,magenta
HAGH,magenta
HARS,magenta
HARS2,magenta
HCCA2,magenta
HCG22,magenta
HDAC10,magenta
HDAC2,magenta
HEATR2,magenta
HEATR4,magenta
HECTD1,magenta
HECTD3,magenta
HELLS,magenta
HERC4,magenta
HES6,magenta
HEY2,magenta
HGD,magenta
HHLA3,magenta
HIBADH,magenta
HIBCH,magenta
HIF1AN,magenta
HIF3A,magenta
HIP1,magenta
HIPK3,magenta
HIST1H1D,magenta
HIST1H2AD,magenta
HIST1H2AL,magenta
HIST1H2BB,magenta
HIST1H2BI,magenta
HIST1H2BK,magenta
HIST1H3B,magenta
HIST1H3I,magenta
HIST1H4A,magenta
HK1,magenta
HLA-B,magenta
HLA-DQB2,magenta
HLA-J,magenta
HMBS,magenta
HMG20B,magenta
HMGCS1,magenta
HMP19,magenta
HMX3,magenta
HNRNPA1,magenta
HNRNPH3,magenta
HNRNPR,magenta
HOPX,magenta
HPS4,magenta
HPS6,magenta
HPSE2,magenta
HRNBP3,magenta
HS3ST4,magenta
HSD11B1L,magenta
HSD17B11,magenta
HSPA1L,magenta
HSPA2,magenta
HSPE1,magenta
HTR3D,magenta
HTT,magenta
HUNK,magenta
ICMT,magenta
ID4,magenta
IER3IP1,magenta
IFI27L2,magenta
IFNAR2,magenta
IK,magenta
IL17RA,magenta
IMMT,magenta
INHBB,magenta
INPP5A,magenta
INPP5B,magenta
INS,magenta
INTS4,magenta
INTU,magenta
IRAK4,magenta
ITPR2,magenta
ITPR3,magenta
ITPRIP,magenta
JAG2,magenta
JAKMIP1,magenta
KAT5,magenta
KCNAB2,magenta
KCNH1,magenta
KCNJ2,magenta
KCNQ4,magenta
KCTD12,magenta
KDELC2,magenta
KDM2A,magenta
KDM3A,magenta
KIAA0087,magenta
KIAA0090,magenta
KIAA0100,magenta
KIAA0664,magenta
KIAA0895L,magenta
KIAA0907,magenta
KIAA1009,magenta
KIAA1012,magenta
KIAA1026,magenta
KIAA1161,magenta
KIAA1310,magenta
KIAA1429,magenta
KIAA1529,magenta
KIAA1826,magenta
KIAA2026,magenta
KIF14,magenta
KIF18B,magenta
KIF20B,magenta
KIF24,magenta
KIF3A,magenta
KIFC1,magenta
KLF16,magenta
KLHL2,magenta
KLHL29,magenta
KRBA1,magenta
KRCC1,magenta
L3MBTL2,magenta
L3MBTL4,magenta
LAPTM4A,magenta
LBR,magenta
LCA5,magenta
LCORL,magenta
LDB1,magenta
LDHA,magenta
LDHC,magenta
LDLRAD3,magenta
LEKR1,magenta
LENG8,magenta
LEPR,magenta
LIAS,magenta
LIN54,magenta
LIN7C,magenta
LINGO2,magenta
LIPA,magenta
LIPC,magenta
LIPE,magenta
LMF1,magenta
LMX1B,magenta
LOC100286844,magenta
LOC148189,magenta
LOC219347,magenta
LOC222699,magenta
LOC285456,magenta
LOC285696,magenta
LOC285780,magenta
LOC374443,magenta
LOC375196,magenta
LOC387646,magenta
LOC388796,magenta
LOC399815,magenta
LOC404266,magenta
LOC440926,magenta
LOC651250,magenta
LOC93622,magenta
LOH12CR1,magenta
LONRF1,magenta
LPCAT2,magenta
LRFN4,magenta
LRIG1,magenta
LRP10,magenta
LRRC24,magenta
LRRC34,magenta
LRRC42,magenta
LRRC45,magenta
LRRC4B,magenta
LRRC50,magenta
LRRC6,magenta
LRRC69,magenta
LRRC8A,magenta
LRWD1,magenta
LSM5,magenta
LTBP3,magenta
LZTFL1,magenta
M6PR,magenta
MAD1L1,magenta
MADD,magenta
MAFK,magenta
MAGI2,magenta
MAGOHB,magenta
MAML3,magenta
MANEA,magenta
MAP3K7IP2,magenta
MAPK1IP1L,magenta
MAPK3,magenta
MARCH11,magenta
MARCH3,magenta
MAT2B,magenta
MATR3,magenta
MBD2,magenta
MBIP,magenta
MBNL2,magenta
MCM7,magenta
MCM8,magenta
MCRS1,magenta
MDC1,magenta
MDP1,magenta
MED10,magenta
MED25,magenta
MED28,magenta
MESDC1,magenta
METT10D,magenta
MFAP1,magenta
MFI2,magenta
MFSD1,magenta
MGAT4A,magenta
MGC23284,magenta
MGMT,magenta
MIIP,magenta
MIR129-2,magenta
MIR1539,magenta
MIR34B,magenta
MIR548H4,magenta
MIR548N,magenta
MIR663,magenta
MITF,magenta
MLF1IP,magenta
MLH1,magenta
MLL,magenta
MOBKL3,magenta
MOCS1,magenta
MOSC1,magenta
MRPL28,magenta
MRPL41,magenta
MRPL50,magenta
MRPL54,magenta
MRPS24,magenta
MRPS9,magenta
MSH2,magenta
MT3,magenta
MTERF,magenta
MTHFD1L,magenta
MTHFSD,magenta
MTMR15,magenta
MTPAP,magenta
MUC4,magenta
MUTED,magenta
MXI1,magenta
MYCBP,magenta
MYL6B,magenta
MYLIP,magenta
MYO15A,magenta
MYO9A,magenta
MYRIP,magenta
NAP1L4,magenta
NAT15,magenta
NBR2,magenta
NCALD,magenta
NCAM1,magenta
NCOA7,magenta
NCRNA00085,magenta
NDEL1,magenta
NDOR1,magenta
NDRG2,magenta
NDRG4,magenta
NDUFA4,magenta
NDUFB3,magenta
NDUFS8,magenta
NEDD1,magenta
NEIL3,magenta
NES,magenta
NEU1,magenta
NEUROG2,magenta
NFASC,magenta
NFATC2IP,magenta
NFATC3,magenta
NFIA,magenta
NFIC,magenta
NFU1,magenta
NFYA,magenta
NGDN,magenta
NKTR,magenta
NNT,magenta
NOS1,magenta
NOTCH4,magenta
NPHP4,magenta
NPM1,magenta
NPSR1,magenta
NQO2,magenta
NR1H3,magenta
NR6A1,magenta
NRG3,magenta
NRN1,magenta
NRXN1,magenta
NSFL1C,magenta
NSUN7,magenta
NT5C3,magenta
NTF3,magenta
NTRK3,magenta
NUBP2,magenta
NUP205,magenta
NUP35,magenta
NUP50,magenta
NUP93,magenta
OAS3,magenta
OCA2,magenta
ODF1,magenta
ODF4,magenta
ODZ2,magenta
ODZ4,magenta
OPRK1,magenta
OPTN,magenta
OR11A1,magenta
OR4C15,magenta
OSGIN1,magenta
OTUD7B,magenta
OTX1,magenta
P2RX7,magenta
PADI3,magenta
PAFAH2,magenta
PAIP1,magenta
PAIP2,magenta
PAK4,magenta
PARM1,magenta
PARP16,magenta
PARP2,magenta
PAX5,magenta
PAX9,magenta
PC,magenta
PCCA,magenta
PCDH10,magenta
PCDH20,magenta
PCDHA6,magenta
PCDHA7,magenta
PCDHGA2,magenta
PCGF3,magenta
PCOLCE2,magenta
PCSK1,magenta
PCSK6,magenta
PCYOX1,magenta
PDE1C,magenta
PDE4A,magenta
PDE4D,magenta
PDE6B,magenta
PDP1,magenta
PDSS2,magenta
PEX10,magenta
PEX13,magenta
PEX19,magenta
PGP,magenta
PGRMC2,magenta
PHACTR2,magenta
PHACTR4,magenta
PHLDB3,magenta
PHOX2A,magenta
PHTF2,magenta
PIAS1,magenta
PIK3R2,magenta
PIP4K2C,magenta
PIP5K1A,magenta
PISD,magenta
PITRM1,magenta
PKD2L2,magenta
PKN2,magenta
PKP4,magenta
PLCB3,magenta
PLD1,magenta
PLDN,magenta
PLEC1,magenta
PLSCR1,magenta
PMM2,magenta
PMPCB,magenta
PNPT1,magenta
POLD1,magenta
POLDIP3,magenta
POLI,magenta
POLR2K,magenta
PPA2,magenta
PPID,magenta
PPM1B,magenta
PPOX,magenta
PPP1R11,magenta
PPP1R13B,magenta
PPP1R14C,magenta
PPP1R15B,magenta
PPP2R1B,magenta
PPP2R2A,magenta
PPP4C,magenta
PPTC7,magenta
PPYR1,magenta
PRDM16,magenta
PRDM5,magenta
PRDX1,magenta
PRDX6,magenta
PRICKLE1,magenta
PRIM2,magenta
PRKACB,magenta
PRKAR1A,magenta
PRKCE,magenta
PRKCH,magenta
PRKCZ,magenta
PRKRIR,magenta
PRMT5,magenta
PRPF31,magenta
PRSS16,magenta
PSMA3,magenta
PSMB1,magenta
PSMB9,magenta
PSMD13,magenta
PSMD14,magenta
PSMD5,magenta
PSMD9,magenta
PSMG1,magenta
PSPH,magenta
PTEN,magenta
PTGFRN,magenta
PTP4A2,magenta
PTPLB,magenta
PTPN11,magenta
PTPRN2,magenta
PUS7L,magenta
PUSL1,magenta
PXN,magenta
RAB28,magenta
RAB30,magenta
RAB7L1,magenta
RABGGTB,magenta
RAD51L3,magenta
RAI1,magenta
RAI14,magenta
RALGAPA1,magenta
RANBP3,magenta
RAPGEF6,magenta
RAPH1,magenta
RBBP6,magenta
RBM24,magenta
RBM46,magenta
RBM5,magenta
RBPMS,magenta
RCOR3,magenta
REEP6,magenta
RELL1,magenta
REV1,magenta
REXO1,magenta
RFX7,magenta
RGL2,magenta
RGS17,magenta
RGS2,magenta
RHBDD2,magenta
RHOA,magenta
RICTOR,magenta
RING1,magenta
RNASEN,magenta
RND1,magenta
RND3,magenta
RNF11,magenta
RNF139,magenta
RNF169,magenta
RNF219,magenta
RNF26,magenta
RNF40,magenta
RNF41,magenta
RNF43,magenta
RNF44,magenta
RNPS1,magenta
ROBLD3,magenta
ROM1,magenta
ROPN1L,magenta
RPL11,magenta
RPL18AP3,magenta
RPL19,magenta
RPL36AL,magenta
RPL37A,magenta
RPP25,magenta
RPP38,magenta
RPS10,magenta
RPS19,magenta
RPS6KC1,magenta
RPUSD1,magenta
RREB1,magenta
RSBN1,magenta
RSPH4A,magenta
RTN1,magenta
RTN2,magenta
RTTN,magenta
RXRB,magenta
SARS,magenta
SCAND3,magenta
SCCPDH,magenta
SCLT1,magenta
SCN5A,magenta
SCOC,magenta
SCP2,magenta
SEC11C,magenta
SEC14L5,magenta
SEC22C,magenta
SEC31A,magenta
SELK,magenta
SELT,magenta
SENP7,magenta
SEPHS2,magenta
SEPT10,magenta
SEPT8,magenta
SERINC2,magenta
SERP2,magenta
SERPINI1,magenta
SETDB2,magenta
SFMBT1,magenta
SFPQ,magenta
SFRS18,magenta
SGCE,magenta
SGK1,magenta
SH3GL3,magenta
SH3PXD2A,magenta
SH3PXD2B,magenta
SH3TC2,magenta
SHANK2,magenta
SHARPIN,magenta
SHMT2,magenta
SIK1,magenta
SIRT2,magenta
SIVA1,magenta
SLBP,magenta
SLC10A7,magenta
SLC16A9,magenta
SLC1A2,magenta
SLC22A14,magenta
SLC24A4,magenta
SLC24A6,magenta
SLC25A12,magenta
SLC2A4,magenta
SLC30A9,magenta
SLC33A1,magenta
SLC34A1,magenta
SLC35A3,magenta
SLC35F5,magenta
SLC39A1,magenta
SLC39A10,magenta
SLC39A8,magenta
SLC39A9,magenta
SLC46A2,magenta
SLC4A2,magenta
SLC7A8,magenta
SLC9A3,magenta
SLIT3,magenta
SLITRK5,magenta
SMARCAL1,magenta
SMG5,magenta
SMPD3,magenta
SMTNL2,magenta
SMYD3,magenta
SNAI1,magenta
SNHG3-RCC1,magenta
SNORA14B,magenta
SNRNP27,magenta
SNRPA1,magenta
SNRPN,magenta
SNTA1,magenta
SNX14,magenta
SNX27,magenta
SNX3,magenta
SOCS6,magenta
SOCS7,magenta
SORD,magenta
SOX2OT,magenta
SOX8,magenta
SOX9,magenta
SP2,magenta
SPC25,magenta
SPDYC,magenta
SPG20,magenta
SPG7,magenta
SPOPL,magenta
SPTBN4,magenta
SRD5A2,magenta
SRP14,magenta
SSBP2,magenta
SSR3,magenta
SSRP1,magenta
SSTR4,magenta
STARD13,magenta
STARD4,magenta
STX2,magenta
STYK1,magenta
SUB1,magenta
SUMF1,magenta
SUPT16H,magenta
SUPT4H1,magenta
SUV420H2,magenta
SYCP1,magenta
SYF2,magenta
SYN2,magenta
SYNE2,magenta
SYNGAP1,magenta
SYNM,magenta
SYT1,magenta
SYT14,magenta
SYT17,magenta
TACC1,magenta
TACR1,magenta
TAF10,magenta
TAF2,magenta
TALDO1,magenta
TAP2,magenta
TBC1D9B,magenta
TBCD,magenta
TBCE,magenta
TBKBP1,magenta
TBPL2,magenta
TCF25,magenta
TDG,magenta
TDP1,magenta
TDRG1,magenta
TELO2,magenta
TEX14,magenta
TGFB2,magenta
THAP5,magenta
THNSL1,magenta
THOC1,magenta
THRAP3,magenta
THSD4,magenta
THSD7A,magenta
TIMM44,magenta
TIMM8B,magenta
TJP1,magenta
TLCD1,magenta
TLR2,magenta
TM9SF2,magenta
TMC7,magenta
TMCO1,magenta
TMCO6,magenta
TMED2,magenta
TMEM106B,magenta
TMEM138,magenta
TMEM194B,magenta
TMEM196,magenta
TMEM205,magenta
TMEM41A,magenta
TMEM45A,magenta
TMEM5,magenta
TMEM51,magenta
TMEM52,magenta
TMEM85,magenta
TMEM87A,magenta
TMOD2,magenta
TMOD3,magenta
TNFSF11,magenta
TNNI3,magenta
TNPO1,magenta
TNRC18,magenta
TNS3,magenta
TOM1L2,magenta
TOP1MT,magenta
TOR1AIP2,magenta
TOX2,magenta
TOX4,magenta
TP53I11,magenta
TP53TG1,magenta
TPD52L1,magenta
TPST1,magenta
TPX2,magenta
TRAF3IP1,magenta
TRAF4,magenta
TRAF6,magenta
TRAFD1,magenta
TRIB1,magenta
TRIM15,magenta
TRIM26,magenta
TRIM31,magenta
TRIM39,magenta
TRIM58,magenta
TRIP12,magenta
TROVE2,magenta
TRPC4,magenta
TRPM1,magenta
TRUB1,magenta
TSNARE1,magenta
TSPAN12,magenta
TSPAN33,magenta
TSTD1,magenta
TTC19,magenta
TTC32,magenta
TTC9,magenta
TUBGCP5,magenta
TUFM,magenta
TWISTNB,magenta
TWSG1,magenta
TXNDC11,magenta
TXNRD1,magenta
UBE2H,magenta
UBE2T,magenta
UBE2V2,magenta
UBE2W,magenta
UBE4B,magenta
UFC1,magenta
UFD1L,magenta
UGP2,magenta
UGT8,magenta
UHMK1,magenta
UNG,magenta
UQCRB,magenta
URB2,magenta
USH1C,magenta
USP10,magenta
USP12,magenta
USP2,magenta
USP22,magenta
UTP20,magenta
UTP23,magenta
UTP3,magenta
VAMP3,magenta
VAMP5,magenta
VAX1,magenta
VCP,magenta
VENTX,magenta
VHLL,magenta
VOPP1,magenta
VPS13C,magenta
VPS52,magenta
VTCN1,magenta
VTI1B,magenta
VWA2,magenta
WBP4,magenta
WDR16,magenta
WDR26,magenta
WDR3,magenta
WDR35,magenta
WDR4,magenta
WDR54,magenta
WDR65,magenta
WDR66,magenta
WDR70,magenta
WDR8,magenta
WHSC1,magenta
WIF1,magenta
WISP1,magenta
WIT1,magenta
WNT16,magenta
WNT4,magenta
WNT5A,magenta
WRN,magenta
XPC,magenta
XPR1,magenta
YBX2,magenta
YKT6,magenta
YTHDC2,magenta
YTHDF1,magenta
ZBED3,magenta
ZBED4,magenta
ZBTB16,magenta
ZBTB6,magenta
ZC3H11A,magenta
ZC3H12D,magenta
ZC3H15,magenta
ZDHHC13,magenta
ZEB2,magenta
ZFAND2A,magenta
ZFP91,magenta
ZFYVE20,magenta
ZKSCAN5,magenta
ZNF138,magenta
ZNF141,magenta
ZNF16,magenta
ZNF174,magenta
ZNF2,magenta
ZNF200,magenta
ZNF25,magenta
ZNF311,magenta
ZNF318,magenta
ZNF330,magenta
ZNF354C,magenta
ZNF385D,magenta
ZNF394,magenta
ZNF467,magenta
ZNF471,magenta
ZNF501,magenta
ZNF517,magenta
ZNF540,magenta
ZNF644,magenta
ZNF667,magenta
ZNF680,magenta
ZNF76,magenta
ZNF764,magenta
ZNF780B,magenta
ZNF792,magenta
ZNF827,magenta
ZNF837,magenta
ZNF85,magenta
ZNF853,magenta
ZNF879,magenta
ZSCAN10,magenta
ZSCAN18,magenta
A2BP1,midnightblue
A2ML1,midnightblue
AAA1,midnightblue
AACS,midnightblue
AARS,midnightblue
ABCA1,midnightblue
ABCA13,midnightblue
ABCB11,midnightblue
ABCB8,midnightblue
ABCB9,midnightblue
ABCC1,midnightblue
ABCC2,midnightblue
ABCF2,midnightblue
ABCG5,midnightblue
ABHD12B,midnightblue
ABL1,midnightblue
ABLIM1,midnightblue
ABLIM2,midnightblue
ABR,midnightblue
ABTB2,midnightblue
ACACB,midnightblue
ACAD8,midnightblue
ACADM,midnightblue
ACCN2,midnightblue
ACO1,midnightblue
ACOT11,midnightblue
ACOX3,midnightblue
ACOXL,midnightblue
ACP1,midnightblue
ACSF3,midnightblue
ACSL1,midnightblue
ACTA2,midnightblue
ACTR6,midnightblue
ACVR1C,midnightblue
ACVRL1,midnightblue
ADAM12,midnightblue
ADAM18,midnightblue
ADAM19,midnightblue
ADAM2,midnightblue
ADAM23,midnightblue
ADAM29,midnightblue
ADAM30,midnightblue
ADAM8,midnightblue
ADAMTS14,midnightblue
ADAMTS15,midnightblue
ADAMTS16,midnightblue
ADAMTS17,midnightblue
ADAMTS9,midnightblue
ADAMTSL3,midnightblue
ADAP1,midnightblue
ADARB2,midnightblue
ADAT2,midnightblue
ADCK1,midnightblue
ADCY10,midnightblue
ADCY2,midnightblue
ADCY9,midnightblue
ADD1,midnightblue
ADK,midnightblue
ADPRHL1,midnightblue
ADRA2A,midnightblue
ADRB3,midnightblue
ADSS,midnightblue
AFAP1,midnightblue
AFARP1,midnightblue
AFF3,midnightblue
AFF4,midnightblue
AGAP1,midnightblue
AGAP7,midnightblue
AGBL3,midnightblue
AGBL4,midnightblue
AGL,midnightblue
AGMAT,midnightblue
AGPAT1,midnightblue
AGPAT5,midnightblue
AGPS,midnightblue
AGRN,midnightblue
AGT,midnightblue
AGTR1,midnightblue
AGXT2,midnightblue
AHDC1,midnightblue
AHRR,midnightblue
AIFM2,midnightblue
AJAP1,midnightblue
AK3L1,midnightblue
AK5,midnightblue
AKAP11,midnightblue
AKAP3,midnightblue
AKR1CL1,midnightblue
AKR1D1,midnightblue
ALAD,midnightblue
ALB,midnightblue
ALDH6A1,midnightblue
ALG14,midnightblue
ALLC,midnightblue
ALOXE3,midnightblue
ALPK3,midnightblue
ALPL,midnightblue
AMDHD2,midnightblue
AMIGO2,midnightblue
AMPH,midnightblue
ANGEL2,midnightblue
ANGPT2,midnightblue
ANK1,midnightblue
ANK3,midnightblue
ANKFN1,midnightblue
ANKK1,midnightblue
ANKLE2,midnightblue
ANKMY1,midnightblue
ANKRD10,midnightblue
ANKRD11,midnightblue
ANKRD16,midnightblue
ANKRD17,midnightblue
ANKRD28,midnightblue
ANKRD55,midnightblue
ANO10,midnightblue
ANO3,midnightblue
ANTXR1,midnightblue
ANXA1,midnightblue
AOX2P,midnightblue
AP2A2,midnightblue
AP2B1,midnightblue
AP3S2,midnightblue
APBB2,midnightblue
APC,midnightblue
APITD1,midnightblue
APLP2,midnightblue
APOB,midnightblue
APOBEC1,midnightblue
APOF,midnightblue
AQP11,midnightblue
AQP8,midnightblue
ARAP1,midnightblue
ARFGAP3,midnightblue
ARHGEF10,midnightblue
ARHGEF10L,midnightblue
ARHGEF3,midnightblue
ARHGEF7,midnightblue
ARID1B,midnightblue
ARID3A,midnightblue
ARID4B,midnightblue
ARL5B,midnightblue
ARMC9,midnightblue
ARPC1B,midnightblue
ARPM1,midnightblue
ARRDC4,midnightblue
ARSB,midnightblue
ARSK,midnightblue
ART1,midnightblue
ASAH2,midnightblue
ASAP1,midnightblue
ASAP2,midnightblue
ASB1,midnightblue
ASB13,midnightblue
ASB14,midnightblue
ASB18,midnightblue
ASB8,midnightblue
ASH1L,midnightblue
ASIP,midnightblue
ASPG,midnightblue
ASPSCR1,midnightblue
ASRGL1,midnightblue
ASZ1,midnightblue
ATF3,midnightblue
ATF6,midnightblue
ATG2B,midnightblue
ATG7,midnightblue
ATIC,midnightblue
ATM,midnightblue
ATOH8,midnightblue
ATP10A,midnightblue
ATP10B,midnightblue
ATP11A,midnightblue
ATP2B1,midnightblue
ATP2B2,midnightblue
ATP2B4,midnightblue
ATP2C2,midnightblue
ATP4B,midnightblue
ATP6V0A4,midnightblue
ATP6V0D1,midnightblue
ATP6V1B2,midnightblue
ATP6V1C2,midnightblue
ATP6V1E2,midnightblue
ATP8B1,midnightblue
ATR,midnightblue
ATRN,midnightblue
ATXN1,midnightblue
ATXN3,midnightblue
ATXN7L1,midnightblue
AURKA,midnightblue
AURKC,midnightblue
AUTS2,midnightblue
AVL9,midnightblue
AXIN1,midnightblue
AXIN2,midnightblue
B3GNTL1,midnightblue
B4GALNT3,midnightblue
B4GALNT4,midnightblue
BAALC,midnightblue
BAI1,midnightblue
BANP,midnightblue
BARX2,midnightblue
BAT2,midnightblue
BAT2L2,midnightblue
BAT5,midnightblue
BCAM,midnightblue
BCAT1,midnightblue
BCL11A,midnightblue
BCL11B,midnightblue
BCL2A1,midnightblue
BCL2L10,midnightblue
BCL2L11,midnightblue
BCL7A,midnightblue
BCL9,midnightblue
BDH1,midnightblue
BDKRB2,midnightblue
BEND3,midnightblue
BEST3,midnightblue
BFSP2,midnightblue
BICD2,midnightblue
BIRC2,midnightblue
BLNK,midnightblue
BMF,midnightblue
BMP10,midnightblue
BMP6,midnightblue
BMPER,midnightblue
BNC1,midnightblue
BNIP2,midnightblue
BNIP3,midnightblue
BNIPL,midnightblue
BOLL,midnightblue
BRD2,midnightblue
BRD4,midnightblue
BRD9,midnightblue
BRF1,midnightblue
BRUNOL6,midnightblue
BST1,midnightblue
BTBD9,midnightblue
BTNL2,midnightblue
BTNL8,midnightblue
BUB1,midnightblue
BUB1B,midnightblue
C10ORF11,midnightblue
C10ORF12,midnightblue
C10ORF4,midnightblue
C10ORF40,midnightblue
C10ORF41,midnightblue
C10ORF55,midnightblue
C10ORF71,midnightblue
C10ORF93,midnightblue
C10ORF96,midnightblue
C11ORF24,midnightblue
C11ORF34,midnightblue
C11ORF41,midnightblue
C11ORF49,midnightblue
C11ORF52,midnightblue
C11ORF53,midnightblue
C11ORF54,midnightblue
C11ORF57,midnightblue
C11ORF63,midnightblue
C11ORF85,midnightblue
C11ORF92,midnightblue
C11ORF95,midnightblue
C12ORF10,midnightblue
C12ORF12,midnightblue
C12ORF35,midnightblue
C12ORF40,midnightblue
C12ORF65,midnightblue
C12ORF72,midnightblue
C12ORF74,midnightblue
C13ORF16,midnightblue
C13ORF27,midnightblue
C13ORF39,midnightblue
C14ORF104,midnightblue
C14ORF115,midnightblue
C14ORF118,midnightblue
C14ORF143,midnightblue
C14ORF147,midnightblue
C14ORF166B,midnightblue
C14ORF177,midnightblue
C14ORF21,midnightblue
C14ORF23,midnightblue
C14ORF49,midnightblue
C14ORF68,midnightblue
C14ORF70,midnightblue
C15ORF2,midnightblue
C15ORF27,midnightblue
C15ORF29,midnightblue
C15ORF41,midnightblue
C15ORF60,midnightblue
C16ORF53,midnightblue
C16ORF58,midnightblue
C16ORF68,midnightblue
C16ORF78,midnightblue
C17ORF55,midnightblue
C17ORF60,midnightblue
C17ORF85,midnightblue
C18ORF1,midnightblue
C19ORF41,midnightblue
C1ORF106,midnightblue
C1ORF107,midnightblue
C1ORF116,midnightblue
C1ORF131,midnightblue
C1ORF146,midnightblue
C1ORF150,midnightblue
C1ORF151,midnightblue
C1ORF159,midnightblue
C1ORF162,midnightblue
C1ORF173,midnightblue
C1ORF175,midnightblue
C1ORF180,midnightblue
C1ORF198,midnightblue
C1ORF201,midnightblue
C1ORF21,midnightblue
C1ORF27,midnightblue
C1ORF38,midnightblue
C1ORF68,midnightblue
C1ORF69,midnightblue
C1ORF77,midnightblue
C1ORF86,midnightblue
C1S,midnightblue
C20ORF20,midnightblue
C21ORF82,midnightblue
C2CD3,midnightblue
C2ORF18,midnightblue
C2ORF34,midnightblue
C2ORF40,midnightblue
C2ORF55,midnightblue
C2ORF61,midnightblue
C2ORF65,midnightblue
C2ORF7,midnightblue
C2ORF84,midnightblue
C2ORF88,midnightblue
C2ORF89,midnightblue
C2ORF90,midnightblue
C3ORF21,midnightblue
C3ORF24,midnightblue
C3ORF26,midnightblue
C3ORF39,midnightblue
C3ORF48,midnightblue
C3ORF55,midnightblue
C3ORF59,midnightblue
C3ORF67,midnightblue
C3ORF77,midnightblue
C3ORF79,midnightblue
C4ORF22,midnightblue
C4ORF23,midnightblue
C4ORF26,midnightblue
C4ORF39,midnightblue
C5ORF32,midnightblue
C5ORF36,midnightblue
C5ORF37,midnightblue
C5ORF41,midnightblue
C5ORF47,midnightblue
C5ORF49,midnightblue
C5ORF52,midnightblue
C5ORF53,midnightblue
C5ORF56,midnightblue
C5ORF58,midnightblue
C5ORF62,midnightblue
C6,midnightblue
C6ORF10,midnightblue
C6ORF115,midnightblue
C6ORF132,midnightblue
C6ORF138,midnightblue
C6ORF147,midnightblue
C6ORF15,midnightblue
C6ORF162,midnightblue
C6ORF168,midnightblue
C6ORF176,midnightblue
C6ORF195,midnightblue
C6ORF222,midnightblue
C6ORF25,midnightblue
C6ORF26,midnightblue
C6ORF48,midnightblue
C6ORF57,midnightblue
C7ORF20,midnightblue
C7ORF29,midnightblue
C7ORF33,midnightblue
C7ORF50,midnightblue
C7ORF71,midnightblue
C7ORF72,midnightblue
C8ORF12,midnightblue
C8ORF34,midnightblue
C8ORF38,midnightblue
C8ORF48,midnightblue
C9,midnightblue
C9ORF144,midnightblue
C9ORF153,midnightblue
C9ORF173,midnightblue
C9ORF23,midnightblue
C9ORF5,midnightblue
C9ORF91,midnightblue
C9ORF98,midnightblue
CA5A,midnightblue
CA8,midnightblue
CABC1,midnightblue
CABP2,midnightblue
CACNA1C,midnightblue
CACNA1D,midnightblue
CACNA1I,midnightblue
CACNA1S,midnightblue
CACNA2D3,midnightblue
CACNA2D4,midnightblue
CACNG1,midnightblue
CADM1,midnightblue
CADPS2,midnightblue
CALCB,midnightblue
CALD1,midnightblue
CALHM1,midnightblue
CALHM2,midnightblue
CAMTA1,midnightblue
CAPN1,midnightblue
CAPN2,midnightblue
CAPN3,midnightblue
CAPN5,midnightblue
CAPN9,midnightblue
CARD11,midnightblue
CARTPT,midnightblue
CASC5,midnightblue
CASP1,midnightblue
CASP3,midnightblue
CASP5,midnightblue
CAST,midnightblue
CASZ1,midnightblue
CATSPER1,midnightblue
CATSPER3,midnightblue
CATSPERB,midnightblue
CAV1,midnightblue
CBFA2T3,midnightblue
CBY3,midnightblue
CCDC108,midnightblue
CCDC127,midnightblue
CCDC129,midnightblue
CCDC138,midnightblue
CCDC146,midnightblue
CCDC149,midnightblue
CCDC150,midnightblue
CCDC152,midnightblue
CCDC154,midnightblue
CCDC158,midnightblue
CCDC23,midnightblue
CCDC53,midnightblue
CCDC69,midnightblue
CCDC73,midnightblue
CCDC77,midnightblue
CCDC79,midnightblue
CCDC84,midnightblue
CCDC86,midnightblue
CCDC88B,midnightblue
CCDC88C,midnightblue
CCDC89,midnightblue
CCDC90A,midnightblue
CCDC91,midnightblue
CCDC96,midnightblue
CCHCR1,midnightblue
CCND3,midnightblue
CCNF,midnightblue
CCNJL,midnightblue
CCNL2,midnightblue
CCNY,midnightblue
CCR9,midnightblue
CCT3,midnightblue
CCT4,midnightblue
CD1A,midnightblue
CD1D,midnightblue
CD207,midnightblue
CD2AP,midnightblue
CD34,midnightblue
CD36,midnightblue
CD3G,midnightblue
CD44,midnightblue
CD82,midnightblue
CDAN1,midnightblue
CDC123,midnightblue
CDC16,midnightblue
CDC34,midnightblue
CDC42BPB,midnightblue
CDC42BPG,midnightblue
CDCA7,midnightblue
CDCA7L,midnightblue
CDGAP,midnightblue
CDH11,midnightblue
CDH13,midnightblue
CDH15,midnightblue
CDH18,midnightblue
CDH22,midnightblue
CDH5,midnightblue
CDH8,midnightblue
CDKAL1,midnightblue
CDKN1C,midnightblue
CDYL,midnightblue
CEBPE,midnightblue
CENPF,midnightblue
CENPP,midnightblue
CEP72,midnightblue
CETP,midnightblue
CFB,midnightblue
CFDP1,midnightblue
CFH,midnightblue
CFL2,midnightblue
CGA,midnightblue
CGNL1,midnightblue
CGREF1,midnightblue
CHAD,midnightblue
CHCHD3,midnightblue
CHD7,midnightblue
CHD8,midnightblue
CHFR,midnightblue
CHI3L2,midnightblue
CHID1,midnightblue
CHMP2B,midnightblue
CHP,midnightblue
CHRM2,midnightblue
CHRNB2,midnightblue
CHST10,midnightblue
CHST11,midnightblue
CHSY1,midnightblue
CIDEC,midnightblue
CIR1,midnightblue
CIT,midnightblue
CIZ1,midnightblue
CLCN1,midnightblue
CLCN7,midnightblue
CLDN10,midnightblue
CLEC16A,midnightblue
CLEC2A,midnightblue
CLEC2L,midnightblue
CLEC3B,midnightblue
CLEC5A,midnightblue
CLEC9A,midnightblue
CLIC5,midnightblue
CLIP1,midnightblue
CLIP2,midnightblue
CLMN,midnightblue
CLN6,midnightblue
CLN8,midnightblue
CLPB,midnightblue
CLPTM1L,midnightblue
CLRN1,midnightblue
CLSTN2,midnightblue
CLSTN3,midnightblue
CLYBL,midnightblue
CMAS,midnightblue
CMIP,midnightblue
CNGA3,midnightblue
CNNM2,midnightblue
CNNM4,midnightblue
CNOT2,midnightblue
CNPY4,midnightblue
CNR2,midnightblue
CNRIP1,midnightblue
CNTD2,midnightblue
CNTN1,midnightblue
CNTNAP5,midnightblue
COBL,midnightblue
COBRA1,midnightblue
COL11A2,midnightblue
COL12A1,midnightblue
COL17A1,midnightblue
COL23A1,midnightblue
COL24A1,midnightblue
COL4A1,midnightblue
COL4A2,midnightblue
COL5A1,midnightblue
COL5A2,midnightblue
COL6A3,midnightblue
COL6A6,midnightblue
COLEC11,midnightblue
COMMD5,midnightblue
COPS3,midnightblue
CORO1C,midnightblue
COX10,midnightblue
COX5A,midnightblue
COX6A1,midnightblue
CPA1,midnightblue
CPLX2,midnightblue
CPM,midnightblue
CPN1,midnightblue
CPNE8,midnightblue
CPSF1,midnightblue
CPSF6,midnightblue
CPT2,midnightblue
CPVL,midnightblue
CPXM2,midnightblue
CRABP1,midnightblue
CRCT1,midnightblue
CREB3L2,midnightblue
CRHBP,midnightblue
CRISP2,midnightblue
CRISP3,midnightblue
CRP,midnightblue
CRY1,midnightblue
CRYBG3,midnightblue
CRYGN,midnightblue
CRYM,midnightblue
CSAD,midnightblue
CSDE1,midnightblue
CSF1,midnightblue
CSGALNACT1,midnightblue
CSGALNACT2,midnightblue
CSMD1,midnightblue
CSMD3,midnightblue
CSNK1A1L,midnightblue
CSNK2A1P,midnightblue
CSNK2A2,midnightblue
CSNK2B,midnightblue
CSRNP2,midnightblue
CTBP1,midnightblue
CTBS,midnightblue
CTDP1,midnightblue
CTNNA2,midnightblue
CTNNBIP1,midnightblue
CTNND2,midnightblue
CTSE,midnightblue
CTSS,midnightblue
CUBN,midnightblue
CUGBP2,midnightblue
CUL1,midnightblue
CUL2,midnightblue
CUL4A,midnightblue
CUL5,midnightblue
CUX1,midnightblue
CUX2,midnightblue
CUZD1,midnightblue
CWF19L1,midnightblue
CXCL12,midnightblue
CXCR1,midnightblue
CXCR4,midnightblue
CXXC5,midnightblue
CYB5B,midnightblue
CYB5RL,midnightblue
CYFIP1,midnightblue
CYHR1,midnightblue
CYMP,midnightblue
CYP19A1,midnightblue
CYP1B1,midnightblue
CYP20A1,midnightblue
CYP27A1,midnightblue
CYP27C1,midnightblue
CYP2E1,midnightblue
CYP2J2,midnightblue
CYP39A1,midnightblue
CYP4B1,midnightblue
CYP4V2,midnightblue
CYP51A1,midnightblue
D2HGDH,midnightblue
DAAM2,midnightblue
DAB1,midnightblue
DAB2IP,midnightblue
DACH1,midnightblue
DACT2,midnightblue
DAPK1,midnightblue
DAZL,midnightblue
DCAF4,midnightblue
DCAF4L1,midnightblue
DCAF4L2,midnightblue
DCAF6,midnightblue
DCAF7,midnightblue
DCAF8,midnightblue
DCHS2,midnightblue
DCI,midnightblue
DCLRE1B,midnightblue
DCLRE1C,midnightblue
DCN,midnightblue
DCST1,midnightblue
DCTD,midnightblue
DCTPP1,midnightblue
DCUN1D2,midnightblue
DCUN1D3,midnightblue
DCUN1D4,midnightblue
DDAH2,midnightblue
DDC,midnightblue
DDHD1,midnightblue
DDR2,midnightblue
DDX10,midnightblue
DDX28,midnightblue
DDX4,midnightblue
DDX43,midnightblue
DDX55,midnightblue
DEF8,midnightblue
DEFA10P,midnightblue
DEFA4,midnightblue
DEFA6,midnightblue
DEFB135,midnightblue
DEFB136,midnightblue
DEGS1,midnightblue
DENND1A,midnightblue
DENND2A,midnightblue
DENND3,midnightblue
DEPDC1,midnightblue
DEPDC1B,midnightblue
DERA,midnightblue
DES,midnightblue
DFNB31,midnightblue
DGKD,midnightblue
DGKZ,midnightblue
DHCR7,midnightblue
DHH,midnightblue
DHX15,midnightblue
DHX16,midnightblue
DHX32,midnightblue
DHX38,midnightblue
DIAPH3,midnightblue
DIO1,midnightblue
DIP2C,midnightblue
DIRC3,midnightblue
DIS3L,midnightblue
DISP1,midnightblue
DKFZP686A1627,midnightblue
DLC1,midnightblue
DLEU7,midnightblue
DLG2,midnightblue
DLGAP2,midnightblue
DLGAP3,midnightblue
DLK1,midnightblue
DLL1,midnightblue
DNAH10,midnightblue
DNAH17,midnightblue
DNAH3,midnightblue
DNAH5,midnightblue
DNAH6,midnightblue
DNAJA4,midnightblue
DNAJB6,midnightblue
DNAJC13,midnightblue
DNAJC15,midnightblue
DNAJC16,midnightblue
DNAJC18,midnightblue
DNAJC21,midnightblue
DNAJC22,midnightblue
DNAJC5B,midnightblue
DNAJC6,midnightblue
DNAJC8,midnightblue
DNM1L,midnightblue
DNM3,midnightblue
DNPEP,midnightblue
DOCK1,midnightblue
DOCK2,midnightblue
DOCK9,midnightblue
DPCR1,midnightblue
DPEP1,midnightblue
DPEP3,midnightblue
DPF3,midnightblue
DPP6,midnightblue
DPP8,midnightblue
DPPA2,midnightblue
DPPA3,midnightblue
DPYSL3,midnightblue
DRAM1,midnightblue
DRGX,midnightblue
DSC3,midnightblue
DSCAML1,midnightblue
DSCC1,midnightblue
DSE,midnightblue
DST,midnightblue
DTHD1,midnightblue
DTNBP1,midnightblue
DTWD2,midnightblue
DTX4,midnightblue
DUOX1,midnightblue
DUPD1,midnightblue
DUSP15,midnightblue
DUSP27,midnightblue
DUSP5P,midnightblue
DUT,midnightblue
DYNC1I1,midnightblue
DYNC2LI1,midnightblue
DYNLT1,midnightblue
DYSF,midnightblue
DYX1C1,midnightblue
E2F7,midnightblue
EBAG9,midnightblue
EBF1,midnightblue
EBF3,midnightblue
EDARADD,midnightblue
EDF1,midnightblue
EEF1DP3,midnightblue
EEFSEC,midnightblue
EFCAB4B,midnightblue
EFHD1,midnightblue
EFNA5,midnightblue
EFR3A,midnightblue
EGF,midnightblue
EGFLAM,midnightblue
EGR1,midnightblue
EGR3,midnightblue
EHBP1,midnightblue
EHD3,midnightblue
EHMT1,midnightblue
EHMT2,midnightblue
EIF2AK1,midnightblue
EIF2AK4,midnightblue
EIF2C2,midnightblue
EIF3M,midnightblue
EIF4A3,midnightblue
EIF4E,midnightblue
EIF4G2,midnightblue
EIF4H,midnightblue
ELF1,midnightblue
ELF2,midnightblue
ELK4,midnightblue
ELMO1,midnightblue
ELOVL2,midnightblue
EMCN,midnightblue
EML1,midnightblue
ENOX1,midnightblue
ENPEP,midnightblue
ENPP1,midnightblue
ENPP2,midnightblue
ENPP5,midnightblue
ENTPD1,midnightblue
EP400,midnightblue
EP400NL,midnightblue
EPAS1,midnightblue
EPDR1,midnightblue
EPHB2,midnightblue
EPHX2,midnightblue
EPN1,midnightblue
EPN2,midnightblue
EPPK1,midnightblue
EPS8L2,midnightblue
ERC2,midnightblue
ERCC5,midnightblue
ERGIC1,midnightblue
ERI2,midnightblue
ERICH1,midnightblue
ERN1,midnightblue
ESAM,midnightblue
ESD,midnightblue
ESPNL,midnightblue
ESPNP,midnightblue
ESR1,midnightblue
ESR2,midnightblue
ESRRB,midnightblue
ESRRG,midnightblue
ESYT2,midnightblue
ETFA,midnightblue
ETV3,midnightblue
ETV3L,midnightblue
EVI5,midnightblue
EVL,midnightblue
EXD3,midnightblue
EXOC2,midnightblue
EXOC4,midnightblue
EXOC6,midnightblue
EXOSC10,midnightblue
EXOSC3,midnightblue
EXT1,midnightblue
EYA4,midnightblue
EZR,midnightblue
F11,midnightblue
F11R,midnightblue
F13A1,midnightblue
F2,midnightblue
F3,midnightblue
FA2H,midnightblue
FADS1,midnightblue
FAH,midnightblue
FAM100A,midnightblue
FAM101A,midnightblue
FAM109A,midnightblue
FAM10A4,midnightblue
FAM111A,midnightblue
FAM117B,midnightblue
FAM118B,midnightblue
FAM125B,midnightblue
FAM132A,midnightblue
FAM135A,midnightblue
FAM13A,midnightblue
FAM149A,midnightblue
FAM151B,midnightblue
FAM155A,midnightblue
FAM163A,midnightblue
FAM166A,midnightblue
FAM168A,midnightblue
FAM170A,midnightblue
FAM176A,midnightblue
FAM184A,midnightblue
FAM186A,midnightblue
FAM196B,midnightblue
FAM198B,midnightblue
FAM20B,midnightblue
FAM20C,midnightblue
FAM38A,midnightblue
FAM46C,midnightblue
FAM53C,midnightblue
FAM55A,midnightblue
FAM65B,midnightblue
FAM89A,midnightblue
FANCC,midnightblue
FARP1,midnightblue
FARS2,midnightblue
FAT1,midnightblue
FAT2,midnightblue
FBLN2,midnightblue
FBLN7,midnightblue
FBP1,midnightblue
FBRSL1,midnightblue
FBXL7,midnightblue
FBXO10,midnightblue
FBXO16,midnightblue
FBXO18,midnightblue
FBXO21,midnightblue
FBXO30,midnightblue
FBXO32,midnightblue
FBXO9,midnightblue
FBXW8,midnightblue
FCRL3,midnightblue
FCRLB,midnightblue
FDFT1,midnightblue
FES,midnightblue
FEZF1,midnightblue
FGD6,midnightblue
FGF1,midnightblue
FGF12,midnightblue
FGF18,midnightblue
FGF6,midnightblue
FGFBP3,midnightblue
FGFR1,midnightblue
FGFR1OP,midnightblue
FGFRL1,midnightblue
FHDC1,midnightblue
FHIT,midnightblue
FHL2,midnightblue
FHOD3,midnightblue
FILIP1,midnightblue
FKBP1B,midnightblue
FKBP5,midnightblue
FLCN,midnightblue
FLJ12825,midnightblue
FLJ22536,midnightblue
FLJ25363,midnightblue
FLJ42289,midnightblue
FLJ43860,midnightblue
FLJ44817,midnightblue
FLNB,midnightblue
FLNC,midnightblue
FLOT1,midnightblue
FLRT1,midnightblue
FLRT2,midnightblue
FLT4,midnightblue
FLYWCH1,midnightblue
FLYWCH2,midnightblue
FMN1,midnightblue
FMO2,midnightblue
FMO6P,midnightblue
FMOD,midnightblue
FNDC3B,midnightblue
FOLH1,midnightblue
FOSL1,midnightblue
FOXE1,midnightblue
FOXE3,midnightblue
FOXK1,midnightblue
FOXK2,midnightblue
FOXN3,midnightblue
FOXO1,midnightblue
FOXO3,midnightblue
FOXP1,midnightblue
FOXP2,midnightblue
FOXR1,midnightblue
FRMD1,midnightblue
FRMD4A,midnightblue
FRMD6,midnightblue
FSCN1,midnightblue
FSTL4,midnightblue
FSTL5,midnightblue
FTO,midnightblue
FTSJD1,midnightblue
FXYD5,midnightblue
FYCO1,midnightblue
FYN,midnightblue
G6PC2,midnightblue
GAB2,midnightblue
GAB4,midnightblue
GABBR1,midnightblue
GABRB1,midnightblue
GABRG2,midnightblue
GABRG3,midnightblue
GABRR1,midnightblue
GAK,midnightblue
GAL3ST4,midnightblue
GALNS,midnightblue
GALNT10,midnightblue
GALNT13,midnightblue
GALNT14,midnightblue
GALNT2,midnightblue
GALNT6,midnightblue
GALNT9,midnightblue
GALNTL4,midnightblue
GAP43,midnightblue
GAR1,midnightblue
GARS,midnightblue
GAS7,midnightblue
GAST,midnightblue
GATA3,midnightblue
GBA3,midnightblue
GBP2,midnightblue
GCM2,midnightblue
GDF6,midnightblue
GDF9,midnightblue
GEMIN5,midnightblue
GFM1,midnightblue
GFOD1,midnightblue
GFPT2,midnightblue
GFRA1,midnightblue
GFRA3,midnightblue
GGCT,midnightblue
GHRL,midnightblue
GIGYF2,midnightblue
GIMAP1,midnightblue
GIMAP8,midnightblue
GIPC1,midnightblue
GJB3,midnightblue
GJD4,midnightblue
GLB1,midnightblue
GLDN,midnightblue
GLIS1,midnightblue
GLRX2,midnightblue
GLT1D1,midnightblue
GMCL1,midnightblue
GMDS,midnightblue
GML,midnightblue
GMPR2,midnightblue
GNA12,midnightblue
GNAO1,midnightblue
GNB2L1,midnightblue
GNB4,midnightblue
GNG2,midnightblue
GNG4,midnightblue
GNL1,midnightblue
GNMT,midnightblue
GOLGA3,midnightblue
GOLSYN,midnightblue
GORASP2,midnightblue
GOT2,midnightblue
GP5,midnightblue
GP9,midnightblue
GPA33,midnightblue
GPBP1L1,midnightblue
GPD1,midnightblue
GPN3,midnightblue
GPR107,midnightblue
GPR113,midnightblue
GPR116,midnightblue
GPR125,midnightblue
GPR133,midnightblue
GPR144,midnightblue
GPR160,midnightblue
GPR176,midnightblue
GPR177,midnightblue
GPR180,midnightblue
GPR39,midnightblue
GPR44,midnightblue
GPR68,midnightblue
GPR78,midnightblue
GPR87,midnightblue
GPR98,midnightblue
GPRC5B,midnightblue
GPRC5D,midnightblue
GPX6,midnightblue
GRAMD4,midnightblue
GRB10,midnightblue
GREB1,midnightblue
GREM2,midnightblue
GRHL1,midnightblue
GRHL2,midnightblue
GRID2IP,midnightblue
GRIN2A,midnightblue
GRK5,midnightblue
GRM2,midnightblue
GRM3,midnightblue
GRM6,midnightblue
GRTP1,midnightblue
GSG1,midnightblue
GSTM5,midnightblue
GSX1,midnightblue
GTDC1,midnightblue
GTF2IRD1,midnightblue
GTF3C1,midnightblue
GTF3C3,midnightblue
GTF3C5,midnightblue
GTSF1,midnightblue
GUCA1B,midnightblue
GUCY1B2,midnightblue
GUCY2D,midnightblue
GUF1,midnightblue
GUSB,midnightblue
GYG1,midnightblue
GYPC,midnightblue
GZMK,midnightblue
H1FNT,midnightblue
H3F3C,midnightblue
HAPLN3,midnightblue
HARS2,midnightblue
HAVCR1,midnightblue
HBB,midnightblue
HBXIP,midnightblue
HCCA2,midnightblue
HCG18,midnightblue
HCG27,midnightblue
HCG4P6,midnightblue
HDAC4,midnightblue
HDC,midnightblue
HDGFL1,midnightblue
HDLBP,midnightblue
HEATR2,midnightblue
HEBP2,midnightblue
HECA,midnightblue
HEG1,midnightblue
HEPHL1,midnightblue
HEPN1,midnightblue
HERC2,midnightblue
HERC3,midnightblue
HEXB,midnightblue
HGC6.3,midnightblue
HGF,midnightblue
HGS,midnightblue
HGSNAT,midnightblue
HHAT,midnightblue
HHIPL1,midnightblue
HIATL1,midnightblue
HIBADH,midnightblue
HIC1,midnightblue
HIF1AN,midnightblue
HIP1,midnightblue
HIPK1,midnightblue
HIST1H1T,midnightblue
HIST1H2AA,midnightblue
HIST1H2BA,midnightblue
HIST1H2BK,midnightblue
HIST1H4F,midnightblue
HIST1H4G,midnightblue
HIVEP1,midnightblue
HIVEP2,midnightblue
HIVEP3,midnightblue
HJURP,midnightblue
HK1,midnightblue
HLA-B,midnightblue
HLA-DMA,midnightblue
HLA-DMB,midnightblue
HLA-DOA,midnightblue
HLA-DOB,midnightblue
HLA-DPA1,midnightblue
HLA-DPB2,midnightblue
HLA-DQA2,midnightblue
HLA-DQB2,midnightblue
HLA-DRA,midnightblue
HLA-DRB1,midnightblue
HMBOX1,midnightblue
HMCN1,midnightblue
HMGA2,midnightblue
HMGN4,midnightblue
HMHA1,midnightblue
HMHB1,midnightblue
HNF1A,midnightblue
HNRPDL,midnightblue
HOMER2,midnightblue
HOOK3,midnightblue
HORMAD1,midnightblue
HOXA4,midnightblue
HOXC4,midnightblue
HPCAL1,midnightblue
HPS6,midnightblue
HRH1,midnightblue
HRH2,midnightblue
HRH3,midnightblue
HRNBP3,midnightblue
HS1BP3,midnightblue
HS3ST1,midnightblue
HS6ST1,midnightblue
HS6ST3,midnightblue
HSD17B2,midnightblue
HSP90B3P,midnightblue
HSPA14,midnightblue
HSPA1L,midnightblue
HSPA4,midnightblue
HSPA7,midnightblue
HSPB6,midnightblue
HSPG2,midnightblue
HTR1E,midnightblue
HTR2A,midnightblue
HTR3B,midnightblue
HTR3E,midnightblue
HUS1B,midnightblue
HVCN1,midnightblue
HYAL1,midnightblue
ICMT,midnightblue
IFIT2,midnightblue
IFITM4P,midnightblue
IFT140,midnightblue
IGF1R,midnightblue
IGF2BP2,midnightblue
IGF2R,midnightblue
IGFBP2,midnightblue
IGSF10,midnightblue
IGSF3,midnightblue
IKBIP,midnightblue
IL13,midnightblue
IL17A,midnightblue
IL17C,midnightblue
IL17F,midnightblue
IL17RD,midnightblue
IL18RAP,midnightblue
IL19,midnightblue
IL1F10,midnightblue
IL1F7,midnightblue
IL1F8,midnightblue
IL1R2,midnightblue
IL1RN,midnightblue
IL21,midnightblue
IL22RA1,midnightblue
IL22RA2,midnightblue
IL2RA,midnightblue
IL5RA,midnightblue
ILDR1,midnightblue
ILDR2,midnightblue
IMMP2L,midnightblue
INADL,midnightblue
INF2,midnightblue
ING1,midnightblue
ING5,midnightblue
INHBC,midnightblue
INPP4A,midnightblue
INPP4B,midnightblue
INPP5A,midnightblue
INPP5D,midnightblue
INTS2,midnightblue
IQCA1,midnightblue
IQCE,midnightblue
IQGAP2,midnightblue
IQSEC1,midnightblue
IQSEC3,midnightblue
IRF2,midnightblue
ISM1,midnightblue
ITFG3,midnightblue
ITGA1,midnightblue
ITGA10,midnightblue
ITGA9,midnightblue
ITGAM,midnightblue
ITGAX,midnightblue
ITIH1,midnightblue
ITPK1,midnightblue
ITPR1,midnightblue
ITPRIP,midnightblue
ITSN2,midnightblue
JAKMIP1,midnightblue
JAKMIP2,midnightblue
JAKMIP3,midnightblue
JARID2,midnightblue
JAZF1,midnightblue
JMJD5,midnightblue
JPH1,midnightblue
JPH3,midnightblue
JRK,midnightblue
KAT2A,midnightblue
KATNAL1,midnightblue
KATNAL2,midnightblue
KATNB1,midnightblue
KBTBD4,midnightblue
KCMF1,midnightblue
KCNA4,midnightblue
KCNAB1,midnightblue
KCNAB2,midnightblue
KCNAB3,midnightblue
KCNB2,midnightblue
KCNC1,midnightblue
KCNC2,midnightblue
KCNC4,midnightblue
KCNG1,midnightblue
KCNH1,midnightblue
KCNH2,midnightblue
KCNJ16,midnightblue
KCNK10,midnightblue
KCNK4,midnightblue
KCNK9,midnightblue
KCNMA1,midnightblue
KCNN3,midnightblue
KCNQ1,midnightblue
KCNQ3,midnightblue
KCNU1,midnightblue
KCTD14,midnightblue
KCTD3,midnightblue
KDELR2,midnightblue
KDM5B,midnightblue
KIAA0101,midnightblue
KIAA0146,midnightblue
KIAA0182,midnightblue
KIAA0240,midnightblue
KIAA0247,midnightblue
KIAA0415,midnightblue
KIAA0494,midnightblue
KIAA0495,midnightblue
KIAA0562,midnightblue
KIAA0564,midnightblue
KIAA0664,midnightblue
KIAA0907,midnightblue
KIAA0913,midnightblue
KIAA1026,midnightblue
KIAA1211,midnightblue
KIAA1257,midnightblue
KIAA1409,midnightblue
KIAA1486,midnightblue
KIAA1522,midnightblue
KIAA1529,midnightblue
KIAA1530,midnightblue
KIAA1549,midnightblue
KIAA1688,midnightblue
KIAA1731,midnightblue
KIAA1841,midnightblue
KIAA1908,midnightblue
KIAA2018,midnightblue
KIDINS220,midnightblue
KIF13B,midnightblue
KIF17,midnightblue
KIF1A,midnightblue
KIF1B,midnightblue
KIF24,midnightblue
KIF26A,midnightblue
KIF26B,midnightblue
KIF2C,midnightblue
KIRREL,midnightblue
KIRREL3,midnightblue
KLB,midnightblue
KLF11,midnightblue
KLF12,midnightblue
KLF15,midnightblue
KLF17,midnightblue
KLF3,midnightblue
KLHDC4,midnightblue
KLHDC8A,midnightblue
KLHL10,midnightblue
KLHL17,midnightblue
KNDC1,midnightblue
KRBA1,midnightblue
KRBA2,midnightblue
KRT27,midnightblue
KRT5,midnightblue
KRT73,midnightblue
KRT75,midnightblue
KRT8,midnightblue
KRT84,midnightblue
KRT86,midnightblue
KRTAP2-4,midnightblue
KRTAP4-4,midnightblue
KRTAP5-8,midnightblue
KSR2,midnightblue
KY,midnightblue
LACRT,midnightblue
LACTB,midnightblue
LAMA2,midnightblue
LAMB4,midnightblue
LAMC1,midnightblue
LAMC3,midnightblue
LAMP1,midnightblue
LARP6,midnightblue
LARS2,midnightblue
LASP1,midnightblue
LASS3,midnightblue
LCE1B,midnightblue
LCE2A,midnightblue
LCE2D,midnightblue
LCE4A,midnightblue
LCE6A,midnightblue
LCLAT1,midnightblue
LCN15,midnightblue
LCN6,midnightblue
LCN8,midnightblue
LCOR,midnightblue
LCP1,midnightblue
LCP2,midnightblue
LDB2,midnightblue
LDB3,midnightblue
LDLRAD2,midnightblue
LEFTY1,midnightblue
LEP,midnightblue
LGALS1,midnightblue
LGALS3,midnightblue
LGI2,midnightblue
LGSN,midnightblue
LHFP,midnightblue
LHFPL2,midnightblue
LHX5,midnightblue
LHX6,midnightblue
LIMS2,midnightblue
LIN54,midnightblue
LIPC,midnightblue
LIPT1,midnightblue
LMCD1,midnightblue
LMF1,midnightblue
LMO7,midnightblue
LMTK2,midnightblue
LOC100128023,midnightblue
LOC100129534,midnightblue
LOC100130581,midnightblue
LOC100130987,midnightblue
LOC100133669,midnightblue
LOC100133991,midnightblue
LOC100188947,midnightblue
LOC100192378,midnightblue
LOC100287718,midnightblue
LOC100289673,midnightblue
LOC100302652,midnightblue
LOC134466,midnightblue
LOC144571,midnightblue
LOC145814,midnightblue
LOC149620,midnightblue
LOC152024,midnightblue
LOC154449,midnightblue
LOC221442,midnightblue
LOC283174,midnightblue
LOC283867,midnightblue
LOC284412,midnightblue
LOC284578,midnightblue
LOC284661,midnightblue
LOC285033,midnightblue
LOC285627,midnightblue
LOC285830,midnightblue
LOC340017,midnightblue
LOC341056,midnightblue
LOC342346,midnightblue
LOC375190,midnightblue
LOC387647,midnightblue
LOC399959,midnightblue
LOC400043,midnightblue
LOC401097,midnightblue
LOC407835,midnightblue
LOC441666,midnightblue
LOC619207,midnightblue
LOC641518,midnightblue
LOC645323,midnightblue
LOC727677,midnightblue
LOC728448,midnightblue
LOC728661,midnightblue
LOC729176,midnightblue
LOC729668,midnightblue
LOC729799,midnightblue
LOC732275,midnightblue
LOC84740,midnightblue
LOC84856,midnightblue
LOC90784,midnightblue
LOC91149,midnightblue
LOC93622,midnightblue
LOH3CR2A,midnightblue
LONRF2,midnightblue
LOXL2,midnightblue
LPAR6,midnightblue
LPCAT1,midnightblue
LPHN2,midnightblue
LPIN1,midnightblue
LPL,midnightblue
LPP,midnightblue
LRAT,midnightblue
LRBA,midnightblue
LRCH1,midnightblue
LRIG2,midnightblue
LRIT1,midnightblue
LRP5,midnightblue
LRP6,midnightblue
LRP8,midnightblue
LRPAP1,midnightblue
LRRC10,midnightblue
LRRC18,midnightblue
LRRC34,midnightblue
LRRC47,midnightblue
LRRC49,midnightblue
LRRC55,midnightblue
LRRC8B,midnightblue
LRRK1,midnightblue
LSM11,midnightblue
LSM2,midnightblue
LSP1,midnightblue
LST1,midnightblue
LTA,midnightblue
LTB,midnightblue
LTBP3,midnightblue
LUC7L,midnightblue
LUZP1,midnightblue
LUZP6,midnightblue
LVRN,midnightblue
LY75,midnightblue
LYG2,midnightblue
LYPD6,midnightblue
LYPLA2P1,midnightblue
LYRM4,midnightblue
MACC1,midnightblue
MAD1L1,midnightblue
MAEA,midnightblue
MAEL,midnightblue
MAF,midnightblue
MAFF,midnightblue
MAGEL2,midnightblue
MAGI1,midnightblue
MAGI2,midnightblue
MAGI3,midnightblue
MAML3,midnightblue
MAP2K7,midnightblue
MAP3K9,midnightblue
MAP7,midnightblue
MAPK9,midnightblue
MAPKSP1,midnightblue
MAPT,midnightblue
MARCH3,midnightblue
MARCH4,midnightblue
MARCH8,midnightblue
MARS,midnightblue
MARVELD2,midnightblue
MARVELD3,midnightblue
MAS1L,midnightblue
MASP1,midnightblue
MAST4,midnightblue
MBLAC2,midnightblue
MBOAT2,midnightblue
MBOAT4,midnightblue
MCART3P,midnightblue
MCC,midnightblue
MCCC1,midnightblue
MCF2L,midnightblue
MCF2L2,midnightblue
MCM2,midnightblue
MCM7,midnightblue
MCOLN2,midnightblue
MCPH1,midnightblue
MDFI,midnightblue
MDGA1,midnightblue
MDM1,midnightblue
ME3,midnightblue
MECOM,midnightblue
MED12L,midnightblue
MED13L,midnightblue
MED18,midnightblue
MED21,midnightblue
MED24,midnightblue
MEP1A,midnightblue
MEPE,midnightblue
MEST,midnightblue
MET,midnightblue
METT5D1,midnightblue
METTL11A,midnightblue
METTL13,midnightblue
MFSD2B,midnightblue
MFSD6L,midnightblue
MGA,midnightblue
MGAT5,midnightblue
MGC26597,midnightblue
MGC87042,midnightblue
MGMT,midnightblue
MGRN1,midnightblue
MGST1,midnightblue
MGST3,midnightblue
MIA3,midnightblue
MICA,midnightblue
MICALL2,midnightblue
MICB,midnightblue
MIR133B,midnightblue
MIR141,midnightblue
MIR190,midnightblue
MIR2116,midnightblue
MIR2117,midnightblue
MIR216A,midnightblue
MIR548H4,midnightblue
MIR568,midnightblue
MIR609,midnightblue
MIR656,midnightblue
MIR889,midnightblue
MLH1,midnightblue
MLKL,midnightblue
MLXIPL,midnightblue
MMP19,midnightblue
MMP26,midnightblue
MMP9,midnightblue
MOBKL3,midnightblue
MOG,midnightblue
MOGS,midnightblue
MORN1,midnightblue
MOS,midnightblue
MPPED1,midnightblue
MRE11A,midnightblue
MREG,midnightblue
MRPL22,midnightblue
MRPL33,midnightblue
MRPL35,midnightblue
MRPL47,midnightblue
MRPS10,midnightblue
MRPS24,midnightblue
MRPS9,midnightblue
MRRF,midnightblue
MRS2,midnightblue
MS4A13,midnightblue
MSH2,midnightblue
MSRA,midnightblue
MSRB2,midnightblue
MT1L,midnightblue
MTA1,midnightblue
MTERFD2,midnightblue
MTFMT,midnightblue
MTIF2,midnightblue
MTL5,midnightblue
MTMR14,midnightblue
MTMR15,midnightblue
MTNR1A,midnightblue
MTRR,midnightblue
MTUS2,midnightblue
MTX3,midnightblue
MUC21,midnightblue
MUC4,midnightblue
MUL1,midnightblue
MUPCDH,midnightblue
MUTYH,midnightblue
MVK,midnightblue
MXD1,midnightblue
MYH3,midnightblue
MYLK,midnightblue
MYLK4,midnightblue
MYO10,midnightblue
MYO16,midnightblue
MYO1C,midnightblue
MYO1H,midnightblue
MYO3B,midnightblue
MYO5A,midnightblue
MYO5C,midnightblue
MYOF,midnightblue
MYOM2,midnightblue
MYST4,midnightblue
MYT1L,midnightblue
N4BP1,midnightblue
N6AMT2,midnightblue
NAA11,midnightblue
NAA15,midnightblue
NADK,midnightblue
NADSYN1,midnightblue
NAGLU,midnightblue
NAGPA,midnightblue
NAT1,midnightblue
NAT10,midnightblue
NAT2,midnightblue
NAV2,midnightblue
NBAS,midnightblue
NBEA,midnightblue
NBEAL2,midnightblue
NBPF7,midnightblue
NCF2,midnightblue
NCL,midnightblue
NCOR2,midnightblue
NCRNA00116,midnightblue
NCRNA00164,midnightblue
NCRNA00171,midnightblue
NCRNA00188,midnightblue
NCRNA00200,midnightblue
NCRNA00202,midnightblue
NDEL1,midnightblue
NDST2,midnightblue
NDUFA10,midnightblue
NDUFS4,midnightblue
NDUFS5,midnightblue
NDUFS6,midnightblue
NEB,midnightblue
NEBL,midnightblue
NECAB2,midnightblue
NEDD9,midnightblue
NEGR1,midnightblue
NEIL3,midnightblue
NEK10,midnightblue
NEK11,midnightblue
NEK3,midnightblue
NEK9,midnightblue
NEU1,midnightblue
NEU2,midnightblue
NEURL,midnightblue
NEXN,midnightblue
NFASC,midnightblue
NFATC1,midnightblue
NFKBIE,midnightblue
NFKBIL1,midnightblue
NFKBIL2,midnightblue
NFKBIZ,midnightblue
NFU1,midnightblue
NFYA,midnightblue
NGDN,midnightblue
NGF,midnightblue
NHEDC1,midnightblue
NHEJ1,midnightblue
NHLH2,midnightblue
NID1,midnightblue
NIPAL3,midnightblue
NKD1,midnightblue
NKIRAS1,midnightblue
NKX3-1,midnightblue
NLGN2,midnightblue
NMB,midnightblue
NMNAT2,midnightblue
NMU,midnightblue
NNMT,midnightblue
NOM1,midnightblue
NOP2,midnightblue
NOS1AP,midnightblue
NOTCH4,midnightblue
NOVA1,midnightblue
NPAS2,midnightblue
NPAS3,midnightblue
NPHP4,midnightblue
NPNT,midnightblue
NPPB,midnightblue
NPR3,midnightblue
NPY,midnightblue
NPY6R,midnightblue
NR2E3,midnightblue
NR4A2,midnightblue
NR5A2,midnightblue
NR6A1,midnightblue
NRG1,midnightblue
NRGN,midnightblue
NRP1,midnightblue
NRP2,midnightblue
NRXN1,midnightblue
NRXN3,midnightblue
NSD1,midnightblue
NSUN2,midnightblue
NT5DC3,midnightblue
NTM,midnightblue
NTN1,midnightblue
NUBP1,midnightblue
NUBPL,midnightblue
NUDCD3,midnightblue
NUDT16,midnightblue
NUDT16P,midnightblue
NUDT3,midnightblue
NUFIP1,midnightblue
NUP160,midnightblue
NXN,midnightblue
OCA2,midnightblue
ODZ2,midnightblue
ODZ3,midnightblue
ODZ4,midnightblue
OGG1,midnightblue
OIT3,midnightblue
OLFML2B,midnightblue
OPA1,midnightblue
OPCML,midnightblue
OPRD1,midnightblue
OPRM1,midnightblue
OPTN,midnightblue
OR10AD1,midnightblue
OR10C1,midnightblue
OR10K2,midnightblue
OR10W1,midnightblue
OR12D2,midnightblue
OR12D3,midnightblue
OR14J1,midnightblue
OR2AG2,midnightblue
OR2B2,midnightblue
OR2C1,midnightblue
OR2D3,midnightblue
OR2H1,midnightblue
OR2L13,midnightblue
OR3A3,midnightblue
OR4F15,midnightblue
OR51B2,midnightblue
OR51D1,midnightblue
OR51I2,midnightblue
OR52I1,midnightblue
OR52M1,midnightblue
OR52W1,midnightblue
OR5B21,midnightblue
OR5D13,midnightblue
OR5H1,midnightblue
OR5V1,midnightblue
OR6C65,midnightblue
OR6F1,midnightblue
OR6K6,midnightblue
OR6N1,midnightblue
OR6S1,midnightblue
OR6T1,midnightblue
OR7E37P,midnightblue
OR8B12,midnightblue
OR8B2,midnightblue
OR8D1,midnightblue
OR8H1,midnightblue
OR8S1,midnightblue
OR8U8,midnightblue
ORAI1,midnightblue
ORMDL2,midnightblue
OS9,midnightblue
OSBPL10,midnightblue
OSBPL6,midnightblue
OSGEPL1,midnightblue
OSGIN1,midnightblue
OSMR,midnightblue
OSTCL,midnightblue
OTOA,midnightblue
OTUB1,midnightblue
OVCH1,midnightblue
P11,midnightblue
P2RX2,midnightblue
P2RY2,midnightblue
P2RY6,midnightblue
PAAF1,midnightblue
PABPN1,midnightblue
PABPN1L,midnightblue
PACRG,midnightblue
PACS1,midnightblue
PADI3,midnightblue
PAG1,midnightblue
PAK1,midnightblue
PAK4,midnightblue
PAK6,midnightblue
PALLD,midnightblue
PANK1,midnightblue
PANX1,midnightblue
PANX3,midnightblue
PAPLN,midnightblue
PAPOLA,midnightblue
PAPOLB,midnightblue
PAQR5,midnightblue
PAQR8,midnightblue
PARD3,midnightblue
PARD3B,midnightblue
PARK2,midnightblue
PARP10,midnightblue
PARP15,midnightblue
PARP9,midnightblue
PARVA,midnightblue
PAX1,midnightblue
PAX5,midnightblue
PBX1,midnightblue
PC,midnightblue
PCCA,midnightblue
PCDHA6,midnightblue
PCDHB4,midnightblue
PCDHGA1,midnightblue
PCDHGA4,midnightblue
PCGF3,midnightblue
PCNT,midnightblue
PCNXL2,midnightblue
PCSK5,midnightblue
PCYT1A,midnightblue
PCYT2,midnightblue
PDCD11,midnightblue
PDCD7,midnightblue
PDE10A,midnightblue
PDE11A,midnightblue
PDE2A,midnightblue
PDE3A,midnightblue
PDE4B,midnightblue
PDE4DIP,midnightblue
PDE7B,midnightblue
PDE9A,midnightblue
PDHA2,midnightblue
PDIA3P,midnightblue
PDIA4,midnightblue
PDIA5,midnightblue
PDIA6,midnightblue
PDILT,midnightblue
PDK4,midnightblue
PDLIM3,midnightblue
PDLIM4,midnightblue
PDS5A,midnightblue
PDZD2,midnightblue
PDZD7,midnightblue
PDZK1IP1,midnightblue
PDZRN3,midnightblue
PDZRN4,midnightblue
PECAM1,midnightblue
PEG10,midnightblue
PELI2,midnightblue
PEMT,midnightblue
PER2,midnightblue
PER3,midnightblue
PET112L,midnightblue
PEX14,midnightblue
PEX5,midnightblue
PGBD1,midnightblue
PGGT1B,midnightblue
PGK2,midnightblue
PGLYRP2,midnightblue
PGM2,midnightblue
PGR,midnightblue
PHACTR3,midnightblue
PHF13,midnightblue
PHF2,midnightblue
PHF7,midnightblue
PHKB,midnightblue
PHLDB1,midnightblue
PHOSPHO1,midnightblue
PHOSPHO2,midnightblue
PHRF1,midnightblue
PIGG,midnightblue
PIK3AP1,midnightblue
PIK3CD,midnightblue
PIK3CG,midnightblue
PIK3R4,midnightblue
PILRA,midnightblue
PIPSL,midnightblue
PITPNC1,midnightblue
PKP4,midnightblue
PLA2G2C,midnightblue
PLA2G4D,midnightblue
PLAGL1,midnightblue
PLCG2,midnightblue
PLCH1,midnightblue
PLCL1,midnightblue
PLD1,midnightblue
PLD3,midnightblue
PLEK,midnightblue
PLEK2,midnightblue
PLEKHA7,midnightblue
PLEKHG1,midnightblue
PLEKHG3,midnightblue
PLEKHG4B,midnightblue
PLEKHM2,midnightblue
PLK5P,midnightblue
PLSCR1,midnightblue
PLXDC2,midnightblue
PLXNA2,midnightblue
PLXNA4,midnightblue
PLXND1,midnightblue
PM20D1,midnightblue
PML,midnightblue
PMM2,midnightblue
PMS1,midnightblue
PNLDC1,midnightblue
PNLIPRP2,midnightblue
PNMA2,midnightblue
PNPLA7,midnightblue
PODN,midnightblue
POGZ,midnightblue
POLD1,midnightblue
POLE,midnightblue
POLE2,midnightblue
POLN,midnightblue
POLR1D,midnightblue
POLR2B,midnightblue
POLR2E,midnightblue
POLR3A,midnightblue
POLS,midnightblue
POM121L12,midnightblue
POMC,midnightblue
PON3,midnightblue
POR,midnightblue
POU2F3,midnightblue
POU5F1B,midnightblue
POU6F2,midnightblue
PP14571,midnightblue
PPAPDC1B,midnightblue
PPARG,midnightblue
PPBPL1,midnightblue
PPIH,midnightblue
PPM1J,midnightblue
PPM1L,midnightblue
PPME1,midnightblue
PPP1CC,midnightblue
PPP1R12B,midnightblue
PPP1R8,midnightblue
PPP2R2D,midnightblue
PPP2R5C,midnightblue
PPP2R5E,midnightblue
PPPDE1,midnightblue
PPT2,midnightblue
PRAGMIN,midnightblue
PRB3,midnightblue
PRB4,midnightblue
PRCC,midnightblue
PRDM1,midnightblue
PRDM10,midnightblue
PRDM11,midnightblue
PRDM16,midnightblue
PRDM2,midnightblue
PRDM7,midnightblue
PRDX1,midnightblue
PREPL,midnightblue
PRF1,midnightblue
PRIC285,midnightblue
PRICKLE1,midnightblue
PRIM2,midnightblue
PRKAG2,midnightblue
PRKAR1B,midnightblue
PRKCB,midnightblue
PRKCD,midnightblue
PRKCE,midnightblue
PRKCH,midnightblue
PRKCZ,midnightblue
PRKDC,midnightblue
PRKG1,midnightblue
PRKRIR,midnightblue
PRL,midnightblue
PRLR,midnightblue
PRM3,midnightblue
PRMT2,midnightblue
PRMT3,midnightblue
PRMT8,midnightblue
PROK1,midnightblue
PROKR1,midnightblue
PROZ,midnightblue
PRPF4,midnightblue
PRPF8,midnightblue
PRPS1L1,midnightblue
PRR20E,midnightblue
PRR23C,midnightblue
PRR3,midnightblue
PRR4,midnightblue
PRRG4,midnightblue
PRRT1,midnightblue
PRRX1,midnightblue
PRSS35,midnightblue
PRSS38,midnightblue
PRSS50,midnightblue
PRTFDC1,midnightblue
PSAPL1,midnightblue
PSKH1,midnightblue
PSMB8,midnightblue
PSMC1,midnightblue
PSMD1,midnightblue
PSMD14,midnightblue
PSORS1C1,midnightblue
PTCD2,midnightblue
PTCH2,midnightblue
PTDSS2,midnightblue
PTEN,midnightblue
PTGDR,midnightblue
PTGR1,midnightblue
PTH,midnightblue
PTP4A3,midnightblue
PTPN14,midnightblue
PTPN3,midnightblue
PTPN5,midnightblue
PTPRG,midnightblue
PTPRN2,midnightblue
PTPRO,midnightblue
PTPRS,midnightblue
PTRF,midnightblue
PUS7,midnightblue
PVRL1,midnightblue
PVRL3,midnightblue
PVT1,midnightblue
PWWP2B,midnightblue
PXDN,midnightblue
PXDNL,midnightblue
PXN,midnightblue
PYGM,midnightblue
PZP,midnightblue
QDPR,midnightblue
RAB11B,midnightblue
RAB11FIP3,midnightblue
RAB13,midnightblue
RAB17,midnightblue
RAB19,midnightblue
RAB1B,midnightblue
RAB28,midnightblue
RAB2B,midnightblue
RAB32,midnightblue
RAB3B,midnightblue
RAB3GAP1,midnightblue
RAB3GAP2,midnightblue
RAB7A,midnightblue
RAB7L1,midnightblue
RABEP1,midnightblue
RABEP2,midnightblue
RABGAP1L,midnightblue
RABIF,midnightblue
RAET1G,midnightblue
RAGE,midnightblue
RAI14,midnightblue
RALGPS1,midnightblue
RAP1GAP2,midnightblue
RAPGEF1,midnightblue
RAPGEF5,midnightblue
RARB,midnightblue
RASA3,midnightblue
RASAL1,midnightblue
RASGRF1,midnightblue
RASGRP3,midnightblue
RASL11B,midnightblue
RAVER1,midnightblue
RBM18,midnightblue
RBM20,midnightblue
RBM25,midnightblue
RBM33,midnightblue
RBM44,midnightblue
RBM45,midnightblue
RBM46,midnightblue
RBM47,midnightblue
RBPJ,midnightblue
RCAN2,midnightblue
RCC2,midnightblue
RDBP,midnightblue
REC8,midnightblue
RECK,midnightblue
RECQL5,midnightblue
REG4,midnightblue
RER1,midnightblue
RERE,midnightblue
RET,midnightblue
RETNLB,midnightblue
REXO1L2P,midnightblue
RFPL4B,midnightblue
RFTN1,midnightblue
RFWD2,midnightblue
RFX1,midnightblue
RG9MTD3,midnightblue
RGMB,midnightblue
RGR,midnightblue
RGS12,midnightblue
RGS16,midnightblue
RGS2,midnightblue
RGS22,midnightblue
RGS6,midnightblue
RGS9,midnightblue
RHAG,midnightblue
RHBDD1,midnightblue
RHOBTB3,midnightblue
RHOH,midnightblue
RIC8B,midnightblue
RIMBP2,midnightblue
RIMKLA,midnightblue
RING1,midnightblue
RIPK1,midnightblue
RIPK3,midnightblue
RIT1,midnightblue
RLBP1,midnightblue
RLF,midnightblue
RMST,midnightblue
RNASE12,midnightblue
RNASE4,midnightblue
RNASE7,midnightblue
RNASEL,midnightblue
RNASEN,midnightblue
RND2,midnightblue
RNF122,midnightblue
RNF166,midnightblue
RNF17,midnightblue
RNF170,midnightblue
RNF187,midnightblue
RNF216,midnightblue
RNF219,midnightblue
RNF222,midnightblue
RNF32,midnightblue
RNF39,midnightblue
RNFT2,midnightblue
RNLS,midnightblue
RNPEP,midnightblue
ROBO1,midnightblue
ROBO2,midnightblue
ROR1,midnightblue
ROR2,midnightblue
RORA,midnightblue
RP1,midnightblue
RPA1,midnightblue
RPF2,midnightblue
RPH3A,midnightblue
RPH3AL,midnightblue
RPL11,midnightblue
RPL13AP3,midnightblue
RPL22L1,midnightblue
RPL23AP53,midnightblue
RPL31,midnightblue
RPLP0P2,midnightblue
RPP21,midnightblue
RPP30,midnightblue
RPS6KA2,midnightblue
RPS6KA4,midnightblue
RPSA,midnightblue
RPTOR,midnightblue
RREB1,midnightblue
RSC1A1,midnightblue
RSPH6A,midnightblue
RSPH9,midnightblue
RSPO4,midnightblue
RTKN2,midnightblue
RTP1,midnightblue
RUFY1,midnightblue
RUNDC1,midnightblue
RUNX1,midnightblue
RUNX3,midnightblue
RWDD2B,midnightblue
RXRB,midnightblue
RYR2,midnightblue
S100A16,midnightblue
S1PR3,midnightblue
SAA2,midnightblue
SAMD4A,midnightblue
SAMD7,midnightblue
SAMD9,midnightblue
SAR1A,midnightblue
SARS,midnightblue
SART1,midnightblue
SART3,midnightblue
SATB2,midnightblue
SBF2,midnightblue
SC5DL,midnightblue
SCAMP5,midnightblue
SCAND3,midnightblue
SCAP,midnightblue
SCARF2,midnightblue
SCARNA10,midnightblue
SCARNA11,midnightblue
SCARNA27,midnightblue
SCCPDH,midnightblue
SCFD2,midnightblue
SCML4,midnightblue
SCN11A,midnightblue
SCN8A,midnightblue
SCNN1D,midnightblue
SCTR,midnightblue
SDC2,midnightblue
SDC4,midnightblue
SDF4,midnightblue
SDHAP3,midnightblue
SDK1,midnightblue
SDR16C5,midnightblue
SDR42E1,midnightblue
SDSL,midnightblue
SEC11A,midnightblue
SEC16A,midnightblue
SEC23A,midnightblue
SEC23IP,midnightblue
SEC31A,midnightblue
SEC31B,midnightblue
SELK,midnightblue
SELL,midnightblue
SEMA3F,midnightblue
SEMA5A,midnightblue
SEMA6A,midnightblue
SEMA6D,midnightblue
SEPT12,midnightblue
SEPT9,midnightblue
SERGEF,midnightblue
SERPINA5,midnightblue
SERPINE1,midnightblue
SERPINE2,midnightblue
SERTAD4,midnightblue
SETD1B,midnightblue
SETD3,midnightblue
SFRP1,midnightblue
SFRS11,midnightblue
SFRS16,midnightblue
SFRS2IP,midnightblue
SFRS4,midnightblue
SFT2D3,midnightblue
SFXN5,midnightblue
SGCD,midnightblue
SGCZ,midnightblue
SGIP1,midnightblue
SGSH,midnightblue
SH2D4B,midnightblue
SH3BP4,midnightblue
SH3D19,midnightblue
SH3GL2,midnightblue
SH3PXD2B,midnightblue
SH3RF1,midnightblue
SH3RF3,midnightblue
SHANK2,midnightblue
SHC1,midnightblue
SHF,midnightblue
SHISA6,midnightblue
SHROOM3,midnightblue
SIAH3,midnightblue
SIGLEC10,midnightblue
SIK3,midnightblue
SIN3A,midnightblue
SIPA1,midnightblue
SIPA1L3,midnightblue
SIRT5,midnightblue
SKI,midnightblue
SKIL,midnightblue
SKIV2L,midnightblue
SKP2,midnightblue
SLC10A1,midnightblue
SLC12A6,midnightblue
SLC16A9,midnightblue
SLC18A1,midnightblue
SLC19A3,midnightblue
SLC1A4,midnightblue
SLC20A2,midnightblue
SLC22A11,midnightblue
SLC22A12,midnightblue
SLC22A18,midnightblue
SLC22A23,midnightblue
SLC22A3,midnightblue
SLC24A1,midnightblue
SLC25A10,midnightblue
SLC25A19,midnightblue
SLC25A2,midnightblue
SLC25A20,midnightblue
SLC25A24,midnightblue
SLC25A26,midnightblue
SLC25A3,midnightblue
SLC25A30,midnightblue
SLC25A31,midnightblue
SLC25A37,midnightblue
SLC25A38,midnightblue
SLC26A1,midnightblue
SLC26A10,midnightblue
SLC27A6,midnightblue
SLC2A9,midnightblue
SLC34A1,midnightblue
SLC35A5,midnightblue
SLC35B1,midnightblue
SLC35B4,midnightblue
SLC35F1,midnightblue
SLC35F3,midnightblue
SLC36A1,midnightblue
SLC36A3,midnightblue
SLC38A10,midnightblue
SLC40A1,midnightblue
SLC44A3,midnightblue
SLC44A4,midnightblue
SLC45A1,midnightblue
SLC4A11,midnightblue
SLC5A10,midnightblue
SLC5A9,midnightblue
SLC6A1,midnightblue
SLC6A19,midnightblue
SLC6A3,midnightblue
SLC7A1,midnightblue
SLC8A2,midnightblue
SLC9A3,midnightblue
SLC9A3R1,midnightblue
SLC9A5,midnightblue
SLC9A9,midnightblue
SLCO2A1,midnightblue
SLCO3A1,midnightblue
SLMAP,midnightblue
SLMO1,midnightblue
SLTM,midnightblue
SMARCA4,midnightblue
SMARCC2,midnightblue
SMCP,midnightblue
SMG6,midnightblue
SMOC2,midnightblue
SMU1,midnightblue
SMURF1,midnightblue
SMYD3,midnightblue
SNAR-I,midnightblue
SND1,midnightblue
SNED1,midnightblue
SNHG3-RCC1,midnightblue
SNORA2B,midnightblue
SNORA47,midnightblue
SNORD115-1,midnightblue
SNORD115-21,midnightblue
SNORD115-44,midnightblue
SNORD115-7,midnightblue
SNORD116-14,midnightblue
SNRNP27,midnightblue
SNRPN,midnightblue
SNTG1,midnightblue
SNTG2,midnightblue
SNW1,midnightblue
SNX10,midnightblue
SNX14,midnightblue
SNX15,midnightblue
SNX18,midnightblue
SNX8,midnightblue
SOAT1,midnightblue
SORBS1,midnightblue
SORBS2,midnightblue
SORCS2,midnightblue
SORT1,midnightblue
SOS1,midnightblue
SOX13,midnightblue
SOX30,midnightblue
SOX5,midnightblue
SP110,midnightblue
SPAG17,midnightblue
SPAST,midnightblue
SPATA17,midnightblue
SPATA22,midnightblue
SPATA5,midnightblue
SPATA6,midnightblue
SPATS2L,midnightblue
SPG7,midnightblue
SPINK5,midnightblue
SPON1,midnightblue
SPPL3,midnightblue
SPRR1A,midnightblue
SPRR1B,midnightblue
SPRR4,midnightblue
SPTBN1,midnightblue
SPTBN5,midnightblue
SRGAP3,midnightblue
SRGN,midnightblue
SRPRB,midnightblue
SRRM2,midnightblue
SRRM4,midnightblue
SSBP3,midnightblue
SSBP4,midnightblue
SSH1,midnightblue
SSPO,midnightblue
SSU72,midnightblue
ST14,midnightblue
ST18,midnightblue
ST3GAL1,midnightblue
ST3GAL3,midnightblue
ST5,midnightblue
ST6GAL2,midnightblue
ST7,midnightblue
ST8SIA6,midnightblue
STAB2,midnightblue
STAC,midnightblue
STAMBP,midnightblue
STAR,midnightblue
STARD13,midnightblue
STAT1,midnightblue
STAU2,midnightblue
STK10,midnightblue
STK16,midnightblue
STK17A,midnightblue
STK19,midnightblue
STK31,midnightblue
STK32A,midnightblue
STK32C,midnightblue
STOX2,midnightblue
STRA8,midnightblue
STX12,midnightblue
STX8,midnightblue
STXBP5L,midnightblue
STXBP6,midnightblue
STYK1,midnightblue
SUFU,midnightblue
SUGT1L1,midnightblue
SUGT1P1,midnightblue
SULF1,midnightblue
SUNC1,midnightblue
SUPT16H,midnightblue
SUSD3,midnightblue
SV2C,midnightblue
SVOPL,midnightblue
SWAP70,midnightblue
SYCP1,midnightblue
SYCP2L,midnightblue
SYCP3,midnightblue
SYDE2,midnightblue
SYNE1,midnightblue
SYNJ2,midnightblue
SYNPO,midnightblue
SYNPR,midnightblue
SYPL1,midnightblue
SYT1,midnightblue
TAAR2,midnightblue
TACC1,midnightblue
TADA2A,midnightblue
TAF1L,midnightblue
TAF2,midnightblue
TAF3,midnightblue
TAP2,midnightblue
TAPBP,midnightblue
TARBP1,midnightblue
TAS2R14,midnightblue
TAS2R3,midnightblue
TAS2R38,midnightblue
TAS2R40,midnightblue
TAS2R5,midnightblue
TBC1D1,midnightblue
TBC1D14,midnightblue
TBC1D4,midnightblue
TBC1D8,midnightblue
TBCD,midnightblue
TBK1,midnightblue
TBL1XR1,midnightblue
TBX19,midnightblue
TBX5,midnightblue
TCEA3,midnightblue
TCERG1,midnightblue
TCERG1L,midnightblue
TCF12,midnightblue
TCF19,midnightblue
TCHH,midnightblue
TCTN1,midnightblue
TDH,midnightblue
TDRD10,midnightblue
TDRD12,midnightblue
TDRD5,midnightblue
TEAD1,midnightblue
TECTB,midnightblue
TEDDM1,midnightblue
TEKT2,midnightblue
TERT,midnightblue
TESK1,midnightblue
TET2,midnightblue
TFDP1,midnightblue
TG,midnightblue
TGFB1I1,midnightblue
TGFBR2,midnightblue
THADA,midnightblue
THAP4,midnightblue
THAP9,midnightblue
THBS1,midnightblue
THBS2,midnightblue
THG1L,midnightblue
THNSL2,midnightblue
THOP1,midnightblue
THRB,midnightblue
THSD4,midnightblue
TIAM2,midnightblue
TIFAB,midnightblue
TIGD7,midnightblue
TIMM17A,midnightblue
TIMM8B,midnightblue
TIMP2,midnightblue
TJP1,midnightblue
TJP2,midnightblue
TLN2,midnightblue
TLR2,midnightblue
TLR5,midnightblue
TLR9,midnightblue
TLX1NB,midnightblue
TM6SF1,midnightblue
TM7SF3,midnightblue
TMCC1,midnightblue
TMCO3,midnightblue
TMEM132C,midnightblue
TMEM132D,midnightblue
TMEM135,midnightblue
TMEM14C,midnightblue
TMEM155,midnightblue
TMEM156,midnightblue
TMEM17,midnightblue
TMEM181,midnightblue
TMEM182,midnightblue
TMEM184A,midnightblue
TMEM185B,midnightblue
TMEM192,midnightblue
TMEM194A,midnightblue
TMEM196,midnightblue
TMEM200B,midnightblue
TMEM206,midnightblue
TMEM218,midnightblue
TMEM225,midnightblue
TMEM30C,midnightblue
TMEM53,midnightblue
TMEM60,midnightblue
TMEM70,midnightblue
TMEM74,midnightblue
TMF1,midnightblue
TMOD1,midnightblue
TMPRSS11E,midnightblue
TMPRSS11F,midnightblue
TMPRSS4,midnightblue
TMPRSS8,midnightblue
TMTC1,midnightblue
TNFAIP8L3,midnightblue
TNFRSF10D,midnightblue
TNFRSF11B,midnightblue
TNFRSF1B,midnightblue
TNFRSF21,midnightblue
TNFRSF8,midnightblue
TNIK,midnightblue
TNK2,midnightblue
TNN,midnightblue
TNNT1,midnightblue
TNNT3,midnightblue
TNR,midnightblue
TNRC18,midnightblue
TNS3,midnightblue
TNXB,midnightblue
TOLLIP,midnightblue
TOMM20,midnightblue
TOMM7,midnightblue
TOX,midnightblue
TP53BP1,midnightblue
TP53I13,midnightblue
TP53I3,midnightblue
TPBG,midnightblue
TPD52L3,midnightblue
TPH2,midnightblue
TPM1,midnightblue
TPPP2,midnightblue
TPRG1L,midnightblue
TPRKB,midnightblue
TRA2A,midnightblue
TRAF3,midnightblue
TRAK1,midnightblue
TRANK1,midnightblue
TRAPPC9,midnightblue
TRERF1,midnightblue
TRHDE,midnightblue
TRIM10,midnightblue
TRIM15,midnightblue
TRIM26,midnightblue
TRIM27,midnightblue
TRIM29,midnightblue
TRIM31,midnightblue
TRIM34,midnightblue
TRIM36,midnightblue
TRIM39,midnightblue
TRIM40,midnightblue
TRIM5,midnightblue
TRIM58,midnightblue
TRIM6-TRIM34,midnightblue
TRIM61,midnightblue
TRIM62,midnightblue
TRIM65,midnightblue
TRIM7,midnightblue
TRIM75,midnightblue
TRIO,midnightblue
TRIP11,midnightblue
TRIP13,midnightblue
TRMT61B,midnightblue
TRPC3,midnightblue
TRPM1,midnightblue
TRPM4,midnightblue
TRPV1,midnightblue
TRRAP,midnightblue
TRUB1,midnightblue
TSHR,midnightblue
TSKS,midnightblue
TSNARE1,midnightblue
TSPAN10,midnightblue
TSPAN14,midnightblue
TSPAN17,midnightblue
TSPAN18,midnightblue
TSPYL6,midnightblue
TSSC1,midnightblue
TSSK1B,midnightblue
TSSK4,midnightblue
TTC12,midnightblue
TTC13,midnightblue
TTC15,midnightblue
TTC21B,midnightblue
TTC30A,midnightblue
TTC39B,midnightblue
TTC7B,midnightblue
TTLL10,midnightblue
TTLL4,midnightblue
TTN,midnightblue
TTYH2,midnightblue
TUBGCP2,midnightblue
TUBGCP3,midnightblue
TULP1,midnightblue
TXNDC12,midnightblue
TXNDC16,midnightblue
TXNRD1,midnightblue
UAP1,midnightblue
UBAC1,midnightblue
UBD,midnightblue
UBE2E3,midnightblue
UBE2G1,midnightblue
UBE2J2,midnightblue
UBE3C,midnightblue
UBL7,midnightblue
UBXN7,midnightblue
UFSP2,midnightblue
UGT1A10,midnightblue
UHRF1,midnightblue
UMOD,midnightblue
UNC45A,midnightblue
UNC80,midnightblue
UNC84A,midnightblue
UNKL,midnightblue
UPF2,midnightblue
UPK1B,midnightblue
UPP1,midnightblue
UPP2,midnightblue
USH2A,midnightblue
USP12,midnightblue
USP3,midnightblue
USP31,midnightblue
USP36,midnightblue
USP6NL,midnightblue
UST,midnightblue
UTP18,midnightblue
UTS2D,midnightblue
VAMP3,midnightblue
VANGL2,midnightblue
VARS2,midnightblue
VAV2,midnightblue
VCAN,midnightblue
VCL,midnightblue
VDAC1,midnightblue
VDR,midnightblue
VEPH1,midnightblue
VGLL3,midnightblue
VGLL4,midnightblue
VHLL,midnightblue
VIP,midnightblue
VIPR1,midnightblue
VIPR2,midnightblue
VIT,midnightblue
VMO1,midnightblue
VNN1,midnightblue
VOPP1,midnightblue
VPS13B,midnightblue
VPS37A,midnightblue
VPS45,midnightblue
VPS52,midnightblue
VPS72,midnightblue
VPS8,midnightblue
VSIG10,midnightblue
VSNL1,midnightblue
VWA1,midnightblue
VWA3B,midnightblue
VWA5B1,midnightblue
WASF3,midnightblue
WBP1,midnightblue
WBP2NL,midnightblue
WBSCR16,midnightblue
WBSCR22,midnightblue
WDFY1,midnightblue
WDFY2,midnightblue
WDFY3,midnightblue
WDFY4,midnightblue
WDR25,midnightblue
WDR27,midnightblue
WDR33,midnightblue
WDR37,midnightblue
WDR46,midnightblue
WDR51A,midnightblue
WDR52,midnightblue
WDR60,midnightblue
WDR64,midnightblue
WDR69,midnightblue
WDR70,midnightblue
WDR72,midnightblue
WDR8,midnightblue
WDR81,midnightblue
WFIKKN1,midnightblue
WHSC1,midnightblue
WHSC2,midnightblue
WIPI2,midnightblue
WNK1,midnightblue
WNT16,midnightblue
WNT4,midnightblue
WNT5A,midnightblue
WNT5B,midnightblue
WRN,midnightblue
WSCD2,midnightblue
WWC2,midnightblue
WWOX,midnightblue
WWTR1,midnightblue
XCR1,midnightblue
XDH,midnightblue
XKR4,midnightblue
XKR6,midnightblue
XPC,midnightblue
XPO5,midnightblue
XRCC4,midnightblue
YBX2,midnightblue
YKT6,midnightblue
YSK4,midnightblue
ZAP70,midnightblue
ZAR1,midnightblue
ZBED3,midnightblue
ZBTB12,midnightblue
ZBTB16,midnightblue
ZBTB2,midnightblue
ZBTB20,midnightblue
ZBTB38,midnightblue
ZBTB43,midnightblue
ZBTB7A,midnightblue
ZC3H10,midnightblue
ZC3H11A,midnightblue
ZC3H18,midnightblue
ZCCHC10,midnightblue
ZCCHC14,midnightblue
ZDHHC14,midnightblue
ZDHHC19,midnightblue
ZDHHC5,midnightblue
ZDHHC7,midnightblue
ZFAND3,midnightblue
ZFHX3,midnightblue
ZFP90,midnightblue
ZFPM1,midnightblue
ZFPM2,midnightblue
ZFYVE27,midnightblue
ZFYVE28,midnightblue
ZG16,midnightblue
ZHX2,midnightblue
ZIC1,midnightblue
ZIC4,midnightblue
ZKSCAN5,midnightblue
ZMAT2,midnightblue
ZMYM6,midnightblue
ZMYND11,midnightblue
ZMYND17,midnightblue
ZNF12,midnightblue
ZNF148,midnightblue
ZNF187,midnightblue
ZNF189,midnightblue
ZNF192,midnightblue
ZNF195,midnightblue
ZNF211,midnightblue
ZNF239,midnightblue
ZNF252,midnightblue
ZNF26,midnightblue
ZNF300,midnightblue
ZNF311,midnightblue
ZNF318,midnightblue
ZNF32,midnightblue
ZNF34,midnightblue
ZNF365,midnightblue
ZNF366,midnightblue
ZNF385B,midnightblue
ZNF423,midnightblue
ZNF425,midnightblue
ZNF438,midnightblue
ZNF451,midnightblue
ZNF486,midnightblue
ZNF496,midnightblue
ZNF512,midnightblue
ZNF514,midnightblue
ZNF529,midnightblue
ZNF598,midnightblue
ZNF605,midnightblue
ZNF608,midnightblue
ZNF609,midnightblue
ZNF618,midnightblue
ZNF623,midnightblue
ZNF643,midnightblue
ZNF644,midnightblue
ZNF662,midnightblue
ZNF678,midnightblue
ZNF692,midnightblue
ZNF696,midnightblue
ZNF697,midnightblue
ZNF710,midnightblue
ZNF716,midnightblue
ZNF721,midnightblue
ZNF727,midnightblue
ZNF774,midnightblue
ZNF777,midnightblue
ZNF789,midnightblue
ZNF805,midnightblue
ZNF92,midnightblue
ZNRD1,midnightblue
ZSCAN12,midnightblue
ZSCAN2,midnightblue
ZYG11A,midnightblue
A2BP1,pink
AACS,pink
ABCA13,pink
ABCB4,pink
ABL1,pink
ABR,pink
ABTB2,pink
ACACA,pink
ACACB,pink
ACAN,pink
ACBD5,pink
ACOT7,pink
ACOX3,pink
ACRBP,pink
ACSF3,pink
ACTA2,pink
ACTG2,pink
ACTL7B,pink
ACTL8,pink
ACVRL1,pink
ADAD1,pink
ADAM12,pink
ADAM19,pink
ADAM20,pink
ADAMTS16,pink
ADAMTS17,pink
ADAMTS2,pink
ADAMTSL1,pink
ADARB2,pink
ADCY1,pink
ADCY10,pink
ADCY3,pink
ADCY5,pink
ADD2,pink
ADI1,pink
AFAP1,pink
AFAP1L1,pink
AFAP1L2,pink
AFARP1,pink
AFF3,pink
AFF4,pink
AFG3L1,pink
AGAP2,pink
AHR,pink
AHRR,pink
AIFM2,pink
AIG1,pink
AIM1L,pink
AK5,pink
AKAP12,pink
AKR1C4,pink
ALDH1B1,pink
ALDH3B2,pink
ALDH8A1,pink
ALG1L2,pink
ALK,pink
ALLC,pink
ALPP,pink
ALS2CR12,pink
ALX3,pink
AMHR2,pink
AMICA1,pink
AMPH,pink
AMT,pink
AMZ1,pink
ANGPT1,pink
ANGPT2,pink
ANGPTL2,pink
ANGPTL7,pink
ANK1,pink
ANKFN1,pink
ANKRD26P1,pink
ANKRD34B,pink
ANKRD45,pink
ANKRD6,pink
ANKRD7,pink
ANO2,pink
ANO6,pink
ANP32A,pink
ANTXR1,pink
ANXA2,pink
ANXA5,pink
AP1S3,pink
AP2A2,pink
AP3M1,pink
APBA3,pink
APCS,pink
APLP2,pink
APOB,pink
APOBEC1,pink
APOM,pink
AQR,pink
ARHGAP15,pink
ARHGAP17,pink
ARHGAP25,pink
ARHGAP26,pink
ARHGEF10,pink
ARHGEF16,pink
ARID1B,pink
ARID5B,pink
ARSB,pink
ARSI,pink
ASAP1,pink
ASB13,pink
ASB14,pink
ASB7,pink
ASTN2,pink
ASZ1,pink
ATG4B,pink
ATG7,pink
ATP11A,pink
ATP1A2,pink
ATP2B4,pink
ATP6V0A1,pink
ATP6V1B1,pink
ATP6V1F,pink
ATXN1,pink
AUTS2,pink
AXIN1,pink
B3GALT1,pink
B3GNTL1,pink
BACE2,pink
BAIAP2L1,pink
BANP,pink
BARX2,pink
BASP1,pink
BAT3,pink
BATF3,pink
BCAS3,pink
BCL10,pink
BCL11A,pink
BCL11B,pink
BCL9L,pink
BEGAIN,pink
BEND4,pink
BICD2,pink
BID,pink
BLCAP,pink
BLK,pink
BMP10,pink
BMP6,pink
BMP8A,pink
BNIP1,pink
BNIPL,pink
BOD1L,pink
BOLL,pink
BPESC1,pink
BRAP,pink
BRD2,pink
BRD3,pink
BRE,pink
BRF1,pink
BRI3BP,pink
BRSK2,pink
BSN,pink
BTAF1,pink
BTF3L1,pink
BTNL2,pink
BTNL8,pink
C10ORF11,pink
C10ORF25,pink
C10ORF46,pink
C10ORF71,pink
C10ORF96,pink
C11ORF41,pink
C11ORF49,pink
C12ORF12,pink
C12ORF56,pink
C12ORF69,pink
C13ORF16,pink
C13ORF27,pink
C13ORF35,pink
C13ORF39,pink
C14ORF148,pink
C14ORF166B,pink
C14ORF182,pink
C14ORF73,pink
C15ORF17,pink
C15ORF2,pink
C15ORF27,pink
C15ORF29,pink
C15ORF32,pink
C15ORF41,pink
C15ORF55,pink
C15ORF61,pink
C16ORF80,pink
C16ORF81,pink
C16ORF91,pink
C17ORF85,pink
C19ORF26,pink
C1ORF107,pink
C1ORF109,pink
C1ORF111,pink
C1ORF172,pink
C1ORF175,pink
C1ORF180,pink
C1ORF186,pink
C1ORF198,pink
C1ORF223,pink
C1ORF86,pink
C1QC,pink
C1QTNF2,pink
C1QTNF7,pink
C1QTNF9,pink
C1S,pink
C2ORF18,pink
C2ORF27A,pink
C2ORF28,pink
C2ORF3,pink
C2ORF34,pink
C2ORF43,pink
C2ORF70,pink
C2ORF84,pink
C2ORF89,pink
C3ORF21,pink
C3ORF26,pink
C3ORF30,pink
C3ORF35,pink
C3ORF75,pink
C4ORF31,pink
C4ORF36,pink
C4ORF37,pink
C4ORF43,pink
C4ORF52,pink
C5ORF42,pink
C5ORF45,pink
C5ORF56,pink
C5ORF58,pink
C6ORF10,pink
C6ORF106,pink
C6ORF108,pink
C6ORF134,pink
C6ORF141,pink
C6ORF174,pink
C6ORF182,pink
C7ORF44,pink
C7ORF50,pink
C7ORF53,pink
C8ORF45,pink
C8ORF84,pink
C9ORF116,pink
C9ORF167,pink
C9ORF47,pink
CA6,pink
CABP1,pink
CABP2,pink
CABYR,pink
CACNA1B,pink
CACNA1C,pink
CACNA1E,pink
CACNA1H,pink
CACNA2D1,pink
CACNA2D4,pink
CADM1,pink
CADPS2,pink
CALCB,pink
CALD1,pink
CALML3,pink
CAMTA1,pink
CAPG,pink
CAPN8,pink
CAPN9,pink
CAPZA2,pink
CAPZB,pink
CARD11,pink
CARS,pink
CARS2,pink
CASP2,pink
CASP7,pink
CASP8,pink
CBARA1,pink
CBFA2T3,pink
CBR1,pink
CCDC102A,pink
CCDC109B,pink
CCDC12,pink
CCDC141,pink
CCDC48,pink
CCDC60,pink
CCDC77,pink
CCDC88B,pink
CCDC88C,pink
CCDC92,pink
CCL19,pink
CCL20,pink
CCL26,pink
CCND1,pink
CCNY,pink
CCR6,pink
CD163,pink
CD36,pink
CD82,pink
CD86,pink
CD8A,pink
CDC16,pink
CDCA2,pink
CDCA5,pink
CDGAP,pink
CDH13,pink
CDH15,pink
CDK15,pink
CDK3,pink
CDK6,pink
CDKAL1,pink
CDYL,pink
CENPBD1,pink
CEP72,pink
CFLAR,pink
CGREF1,pink
CHCHD6,pink
CHD5,pink
CHFR,pink
CHIA,pink
CHID1,pink
CHORDC1,pink
CHRM3,pink
CHRM5,pink
CHRNB3,pink
CHST15,pink
CHST2,pink
CHST5,pink
CHTF18,pink
CISH,pink
CIT,pink
CIZ1,pink
CKAP4,pink
CLDN10,pink
CLDN16,pink
CLDN18,pink
CLDN23,pink
CLEC16A,pink
CLEC4C,pink
CLIC1,pink
CLIC5,pink
CLN8,pink
CLP1,pink
CLRN1,pink
CLRN2,pink
CMBL,pink
CMIP,pink
CMTM1,pink
CMTM3,pink
CNIH3,pink
CNKSR3,pink
CNNM2,pink
CNNM4,pink
CNO,pink
CNOT4,pink
CNTD2,pink
COBRA1,pink
COG2,pink
COG5,pink
COL11A2,pink
COL13A1,pink
COL17A1,pink
COL1A1,pink
COL21A1,pink
COL23A1,pink
COL3A1,pink
COL4A1,pink
COL4A2,pink
COL5A1,pink
COL6A3,pink
COL9A1,pink
COLEC11,pink
COMMD6,pink
COX19,pink
CPA4,pink
CPLX1,pink
CPM,pink
CPNE6,pink
CPNE9,pink
CPS1,pink
CPT1A,pink
CR2,pink
CRABP1,pink
CRADD,pink
CREB3L3,pink
CREB3L4,pink
CREB5,pink
CREBBP,pink
CRIM1,pink
CRISPLD2,pink
CRNN,pink
CRTAC1,pink
CRTC3,pink
CRY1,pink
CRYAA,pink
CS,pink
CSGALNACT1,pink
CSK,pink
CSMD1,pink
CSNK1A1P,pink
CSNK1G2,pink
CT62,pink
CTBP2,pink
CTLA4,pink
CTNNA2,pink
CTNNBIP1,pink
CTNND2,pink
CTRC,pink
CTTN,pink
CUGBP2,pink
CUL1,pink
CUL7,pink
CUX1,pink
CWF19L2,pink
CX3CL1,pink
CXCL1,pink
CXCL12,pink
CXCR5,pink
CXCR6,pink
CXCR7,pink
CYB5R1,pink
CYB5R2,pink
CYBA,pink
CYFIP2,pink
CYP19A1,pink
CYP27A1,pink
CYP27C1,pink
CYP3A43,pink
CYP3A7,pink
CYR61,pink
CYTH3,pink
DAB1,pink
DACH1,pink
DACT1,pink
DAK,pink
DAZL,pink
DBNDD1,pink
DCBLD1,pink
DCTD,pink
DCTN2,pink
DDX11,pink
DDX4,pink
DDX43,pink
DEAF1,pink
DECR2,pink
DEDD,pink
DEF8,pink
DEFA3,pink
DEFA5,pink
DENND3,pink
DET1,pink
DFFB,pink
DGKG,pink
DHDDS,pink
DHRS3,pink
DHRS7B,pink
DHRS9,pink
DHX16,pink
DHX36,pink
DIP2A,pink
DIP2C,pink
DIRC3,pink
DIS3,pink
DIXDC1,pink
DLEU7,pink
DLG5,pink
DLGAP2,pink
DLK1,pink
DLX4,pink
DMBT1,pink
DMRT1,pink
DNAH10,pink
DNAH17,pink
DNAH3,pink
DNAJC13,pink
DNAJC6,pink
DNAJC8,pink
DNASE1L2,pink
DNHD1,pink
DNM3,pink
DNTTIP2,pink
DOC2A,pink
DOCK1,pink
DOCK2,pink
DOK3,pink
DPCR1,pink
DPP4,pink
DPP6,pink
DPPA3,pink
DPT,pink
DPYSL3,pink
DRD1,pink
DSP,pink
DTNBP1,pink
DTX4,pink
DTYMK,pink
DUSP22,pink
DUSP26,pink
DUSP5P,pink
DVL3,pink
DYNC1H1,pink
DYNC1LI2,pink
DYRK4,pink
DYX1C1,pink
DZIP1,pink
E4F1,pink
EBF3,pink
ECE1,pink
ECE2,pink
ECHDC3,pink
EDAR,pink
EDARADD,pink
EDF1,pink
EDIL3,pink
EDNRA,pink
EEFSEC,pink
EFCAB4B,pink
EFNA4,pink
EGF,pink
EGFLAM,pink
EHHADH,pink
EHMT1,pink
EHMT2,pink
EIF3A,pink
EIF4E2,pink
EIF4G2,pink
ELAVL4,pink
ELF5,pink
ELFN1,pink
ELK3,pink
ELK4,pink
EMP2,pink
EP400,pink
EP400NL,pink
EPB41,pink
EPB41L2,pink
EPHA1,pink
EPHB3,pink
EPPK1,pink
ERC2,pink
ERGIC1,pink
ERICH1,pink
ERRFI1,pink
ESR1,pink
ESYT2,pink
ESYT3,pink
ETS1,pink
ETS2,pink
ETV6,pink
EVPL,pink
EXD2,pink
EXOC6B,pink
EXT1,pink
EXT2,pink
F2,pink
FADS3,pink
FAH,pink
FAHD1,pink
FAM101A,pink
FAM107B,pink
FAM129A,pink
FAM12A,pink
FAM131C,pink
FAM132A,pink
FAM160B2,pink
FAM163A,pink
FAM170A,pink
FAM170B,pink
FAM184B,pink
FAM186A,pink
FAM188A,pink
FAM189A1,pink
FAM20A,pink
FAM20B,pink
FAM20C,pink
FAM24B,pink
FAM26F,pink
FAM38A,pink
FAM43A,pink
FAM49B,pink
FAM53A,pink
FAM59B,pink
FAM5C,pink
FAM63A,pink
FAM65B,pink
FAM82A2,pink
FAM83A,pink
FANK1,pink
FARP1,pink
FASLG,pink
FAT1,pink
FAT2,pink
FAT3,pink
FBLN1,pink
FBLN5,pink
FBN1,pink
FBRSL1,pink
FBXL5,pink
FBXO18,pink
FBXO21,pink
FBXO32,pink
FBXW12,pink
FBXW2,pink
FBXW4,pink
FCHSD1,pink
FCN1,pink
FCRL2,pink
FCRLB,pink
FGF1,pink
FGFR4,pink
FHDC1,pink
FHIT,pink
FIGLA,pink
FILIP1,pink
FLJ22536,pink
FLJ37543,pink
FLJ39653,pink
FLJ41603,pink
FLJ42709,pink
FLRT1,pink
FLT1,pink
FMN1,pink
FMO1,pink
FN1,pink
FNTA,pink
FOXK1,pink
FOXL1,pink
FOXN3,pink
FOXO3,pink
FOXP1,pink
FREM1,pink
FREM2,pink
FREM3,pink
FRMD1,pink
FRMD4A,pink
FTMT,pink
FTO,pink
FURIN,pink
G3BP1,pink
GAA,pink
GABRD,pink
GABRG3,pink
GAK,pink
GAL3ST2,pink
GAL3ST4,pink
GALNT10,pink
GALNT14,pink
GALNT2,pink
GALNT9,pink
GALNTL4,pink
GALNTL5,pink
GAPDHS,pink
GAS7,pink
GATA3,pink
GDA,pink
GDF7,pink
GDPD4,pink
GDPD5,pink
GFI1,pink
GFOD1,pink
GFRA2,pink
GFRA3,pink
GHRHR,pink
GHRL,pink
GINS4,pink
GJA3,pink
GJA4,pink
GJA8,pink
GJB6,pink
GKN1,pink
GLB1L3,pink
GLI2,pink
GLIS1,pink
GLP2R,pink
GLT1D1,pink
GLT6D1,pink
GM2A,pink
GMDS,pink
GMEB2,pink
GNG12,pink
GOLGA3,pink
GORASP2,pink
GPA33,pink
GPATCH8,pink
GPER,pink
GPLD1,pink
GPR113,pink
GPR126,pink
GPR133,pink
GPR139,pink
GPR142,pink
GPR157,pink
GPR160,pink
GPR177,pink
GPR182,pink
GPR39,pink
GPR6,pink
GPR81,pink
GPRC5B,pink
GPX2,pink
GPX6,pink
GRAMD3,pink
GREB1,pink
GREM2,pink
GRHL1,pink
GRID2IP,pink
GRTP1,pink
GSG1,pink
GSG1L,pink
GSTCD,pink
GTDC1,pink
GTF2A1L,pink
GTF3C5,pink
H1FNT,pink
H2AFJ,pink
HAAO,pink
HAGH,pink
HAPLN3,pink
HARS,pink
HBBP1,pink
HCCA2,pink
HCG27,pink
HCN3,pink
HDAC4,pink
HDAC9,pink
HDLBP,pink
HEATR2,pink
HEATR4,pink
HEATR7A,pink
HEBP1,pink
HECW1,pink
HECW2,pink
HERC2,pink
HEY2,pink
HGC6.3,pink
HHAT,pink
HHLA3,pink
HINFP,pink
HIPK2,pink
HIPK3,pink
HIST1H1T,pink
HIVEP3,pink
HK1,pink
HK3,pink
HLA-DMB,pink
HLA-DOA,pink
HLA-DPB1,pink
HLA-DPB2,pink
HLA-DQA2,pink
HLA-DQB2,pink
HLA-DRA,pink
HLA-DRB1,pink
HLA-G,pink
HMBS,pink
HMGN4,pink
HMGXB3,pink
HMHA1,pink
HMOX2,pink
HN1L,pink
HPR,pink
HPX,pink
HRG,pink
HRNBP3,pink
HS3ST1,pink
HS3ST2,pink
HS3ST4,pink
HSD11B1,pink
HSPA9,pink
HSPG2,pink
HTA,pink
HTR2A,pink
HTT,pink
HYI,pink
IFIT1L,pink
IFT20,pink
IGF1,pink
IGF1R,pink
IGF2BP3,pink
IGFALS,pink
IGFBP3,pink
IGSF9B,pink
IKZF1,pink
IKZF2,pink
IKZF4,pink
IL12RB2,pink
IL16,pink
IL1F10,pink
IL1F7,pink
IL1F8,pink
IL1R2,pink
IL28RA,pink
IL7,pink
IMMP2L,pink
INADL,pink
ING1,pink
ING5,pink
INHBE,pink
INMT,pink
INO80D,pink
INPP5A,pink
INS-IGF2,pink
IQCE,pink
IQGAP1,pink
IRF2,pink
IRF6,pink
ISLR,pink
ITGA10,pink
ITGA11,pink
ITGA4,pink
ITGAE,pink
ITGB7,pink
ITIH1,pink
ITIH3,pink
ITIH4,pink
ITK,pink
ITPKA,pink
ITPKB,pink
ITPR2,pink
ITPR3,pink
ITSN2,pink
JAG2,pink
JAKMIP3,pink
JARID2,pink
JAZF1,pink
JPH1,pink
JPH3,pink
JTB,pink
JUP,pink
KANK2,pink
KATNB1,pink
KCNAB2,pink
KCNB2,pink
KCNC1,pink
KCNH7,pink
KCNH8,pink
KCNIP3,pink
KCNIP4,pink
KCNJ11,pink
KCNK3,pink
KCNMA1,pink
KCNMB3,pink
KCNN3,pink
KCNQ1,pink
KCNQ4,pink
KCNQ5,pink
KCNS3,pink
KCNT2,pink
KCTD10,pink
KCTD14,pink
KDM2A,pink
KDM2B,pink
KIAA0146,pink
KIAA0182,pink
KIAA0226,pink
KIAA0317,pink
KIAA0430,pink
KIAA0513,pink
KIAA0664,pink
KIAA0922,pink
KIAA1026,pink
KIAA1199,pink
KIAA1274,pink
KIAA1383,pink
KIAA1409,pink
KIAA1529,pink
KIAA1530,pink
KIAA1609,pink
KIAA1683,pink
KIAA1688,pink
KIAA1751,pink
KIAA1967,pink
KIF13B,pink
KIF25,pink
KIF26A,pink
KIF26B,pink
KIF6,pink
KIFC1,pink
KLC4,pink
KLF12,pink
KLHDC4,pink
KLHL12,pink
KLHL29,pink
KLHL6,pink
KLKBL4,pink
KNDC1,pink
KRT1,pink
KRT31,pink
KRTAP5-11,pink
LALBA,pink
LAMB4,pink
LAMC1,pink
LARP1,pink
LATS2,pink
LAYN,pink
LBH,pink
LCE4A,pink
LCE6A,pink
LCLAT1,pink
LCT,pink
LDLRAD1,pink
LDLRAD3,pink
LECT1,pink
LEO1,pink
LETM2,pink
LGR6,pink
LGSN,pink
LIFR,pink
LIG1,pink
LIMA1,pink
LIMD1,pink
LIMS2,pink
LIPA,pink
LMAN2L,pink
LMCD1,pink
LMF1,pink
LMNA,pink
LMO1,pink
LMTK2,pink
LOC100129550,pink
LOC100133469,pink
LOC100133545,pink
LOC100133612,pink
LOC100133893,pink
LOC100169752,pink
LOC100190939,pink
LOC100192378,pink
LOC100271715,pink
LOC100286844,pink
LOC100294362,pink
LOC116437,pink
LOC144571,pink
LOC148824,pink
LOC152024,pink
LOC152225,pink
LOC221442,pink
LOC255025,pink
LOC285830,pink
LOC285954,pink
LOC286135,pink
LOC339535,pink
LOC340357,pink
LOC390594,pink
LOC401010,pink
LOC407835,pink
LOC441204,pink
LOC493754,pink
LOC642587,pink
LOC642852,pink
LOC643719,pink
LOC646762,pink
LOC646982,pink
LOC648740,pink
LOC728743,pink
LOC729080,pink
LOC729467,pink
LOC730101,pink
LOC90246,pink
LOC93622,pink
LOH12CR1,pink
LPAR3,pink
LPCAT1,pink
LPP,pink
LRCH1,pink
LRFN2,pink
LRFN3,pink
LRP5,pink
LRPAP1,pink
LRRC1,pink
LRRC2,pink
LRRC20,pink
LRRC36,pink
LRRC43,pink
LRRC47,pink
LRRC49,pink
LRRFIP1,pink
LRRIQ4,pink
LRTOMT,pink
LSM10,pink
LSM2,pink
LSP1,pink
LTA,pink
LTBP1,pink
LY6G5C,pink
LY6G6F,pink
LY9,pink
LYG2,pink
LYRM4,pink
LZTFL1,pink
LZTS1,pink
MACF1,pink
MAD1L1,pink
MAEA,pink
MAGI1,pink
MAGI2,pink
MAMDC2,pink
MAML2,pink
MAML3,pink
MAMSTR,pink
MAP1LC3C,pink
MAP2K4,pink
MAP3K5,pink
MAP3K6,pink
MAP3K9,pink
MAP4K1,pink
MAPKAP1,pink
MAPRE3,pink
MARK3,pink
MARVELD2,pink
MAST4,pink
MBL2,pink
MBLAC1,pink
MCAM,pink
MCC,pink
MCF2L,pink
MCHR2,pink
MDC1,pink
MEAF6,pink
MED10,pink
MEGF11,pink
MEGF6,pink
MESDC2,pink
METRNL,pink
METTL11B,pink
MFI2,pink
MGAT5,pink
MGAT5B,pink
MGC13005,pink
MGC15885,pink
MGC3771,pink
MGMT,pink
MIP,pink
MIPEP,pink
MIR1200,pink
MIR1256,pink
MIR1272,pink
MIR143,pink
MIR1471,pink
MIR148B,pink
MIR153-2,pink
MIR182,pink
MIR199A2,pink
MIR329-2,pink
MIR365-2,pink
MIR412,pink
MIR432,pink
MIR488,pink
MIR495,pink
MIR548H3,pink
MIR548H4,pink
MIR613,pink
MIR635,pink
MIR654,pink
MIR655,pink
MITF,pink
MKI67,pink
MKLN1,pink
MLEC,pink
MLKL,pink
MLL3,pink
MLN,pink
MMD2,pink
MMP1,pink
MMP16,pink
MMP28,pink
MOBKL2B,pink
MORN1,pink
MOSC1,pink
MPHOSPH6,pink
MPP7,pink
MPRIP,pink
MPZL1,pink
MREG,pink
MRGPRF,pink
MRPL11,pink
MRPL23,pink
MRPL32,pink
MRPL42,pink
MRPS18B,pink
MRPS35,pink
MRPS9,pink
MRVI1,pink
MS4A4A,pink
MSH4,pink
MSH5,pink
MSRA,pink
MSTO2P,pink
MTHFD1L,pink
MTMR11,pink
MTNR1A,pink
MTX3,pink
MUC21,pink
MUSTN1,pink
MVK,pink
MYBPC3,pink
MYCBP,pink
MYH11,pink
MYLK,pink
MYLK4,pink
MYO15A,pink
MYO16,pink
MYO1F,pink
MYO1G,pink
MYO3B,pink
MYO5A,pink
MYO5C,pink
MYO7A,pink
MYO7B,pink
MYO9B,pink
MYOC,pink
MYOCD,pink
MYOF,pink
MYOM2,pink
MYOZ3,pink
MYRIP,pink
MYT1L,pink
N4BP2L2,pink
N4BP3,pink
NACAP1,pink
NAF1,pink
NALCN,pink
NANOG,pink
NARFL,pink
NAT15,pink
NAV2,pink
NCALD,pink
NCAPD3,pink
NCK2,pink
NCOR2,pink
NCRNA00171,pink
NCRNA00200,pink
NEDD9,pink
NEK8,pink
NEU1,pink
NEURL1B,pink
NEURL4,pink
NEXN,pink
NFE2,pink
NGF,pink
NHEDC1,pink
NHEJ1,pink
NID2,pink
NIN,pink
NIPA2,pink
NIPAL3,pink
NKD1,pink
NKD2,pink
NLRC5,pink
NMNAT2,pink
NMNAT3,pink
NMT2,pink
NMUR2,pink
NNT,pink
NOP14,pink
NOS1,pink
NOS1AP,pink
NOS2,pink
NOSTRIN,pink
NOTCH4,pink
NPAS2,pink
NPFFR2,pink
NQO2,pink
NR2C1,pink
NR2F2,pink
NR3C1,pink
NR4A2,pink
NR5A2,pink
NRXN1,pink
NTF3,pink
NTN1,pink
NTRK3,pink
NUDT12,pink
NUP85,pink
NUSAP1,pink
NXN,pink
NXPH2,pink
OAZ3,pink
OBFC2A,pink
OBSCN,pink
OC90,pink
OCA2,pink
OCIAD1,pink
ODF1,pink
ODZ2,pink
ODZ4,pink
OLFM1,pink
OPCML,pink
OPRK1,pink
OPTC,pink
OR10J1,pink
OR10K2,pink
OR10X1,pink
OR11A1,pink
OR13C3,pink
OR1S1,pink
OR2A12,pink
OR2B3,pink
OR2F2,pink
OR2H1,pink
OR2M4,pink
OR2Y1,pink
OR3A2,pink
OR51G1,pink
OR51I1,pink
OR6K6,pink
OR8B8,pink
OR8U8,pink
OR9Q2,pink
ORC5L,pink
OSBPL5,pink
OSR1,pink
OTOP3,pink
PACRG,pink
PACS1,pink
PAFAH2,pink
PAK4,pink
PANK4,pink
PAPPA,pink
PAPPA2,pink
PARK2,pink
PARM1,pink
PARP12,pink
PARP9,pink
PART1,pink
PATE2,pink
PAX7,pink
PAX8,pink
PBX1,pink
PCCA,pink
PCCB,pink
PCDHA6,pink
PCGF3,pink
PCID2,pink
PCSK6,pink
PCSK9,pink
PCYT1A,pink
PDCD7,pink
PDE11A,pink
PDE3B,pink
PDE4B,pink
PDE4D,pink
PDE6B,pink
PDE6D,pink
PDE7A,pink
PDE7B,pink
PDE8A,pink
PDGFA,pink
PDGFD,pink
PDIA2,pink
PDLIM5,pink
PDXDC1,pink
PDZD2,pink
PDZD3,pink
PDZRN3,pink
PDZRN4,pink
PECAM1,pink
PECI,pink
PEG10,pink
PELP1,pink
PEX11A,pink
PEX14,pink
PFKFB3,pink
PFKP,pink
PFN2,pink
PGBD4,pink
PGCP,pink
PGR,pink
PGS1,pink
PHACTR1,pink
PHB2,pink
PHC3,pink
PHF1,pink
PHF20L1,pink
PHLDA1,pink
PHLDB2,pink
PHOX2A,pink
PHRF1,pink
PIGH,pink
PIK3CB,pink
PIK3CG,pink
PIK3R4,pink
PIK3R5,pink
PINX1,pink
PIP,pink
PITX3,pink
PIWIL1,pink
PKD1L2,pink
PKIB,pink
PKP3,pink
PLA2G4D,pink
PLA2G4E,pink
PLAGL1,pink
PLAT,pink
PLB1,pink
PLCD4,pink
PLCE1,pink
PLCG2,pink
PLCH2,pink
PLCZ1,pink
PLD1,pink
PLEC1,pink
PLEKHG4B,pink
PLS1,pink
PLXNC1,pink
PLXND1,pink
PML,pink
PNLDC1,pink
PNPLA7,pink
PNPLA8,pink
POLE,pink
POLR1C,pink
POLR2A,pink
POLS,pink
POM121L12,pink
PON1,pink
POR,pink
POU2F1,pink
POU2F3,pink
POU6F2,pink
PPFIA4,pink
PPP1R14A,pink
PPP1R8,pink
PPP2R5C,pink
PPP3CC,pink
PRDM16,pink
PRDM2,pink
PRDM6,pink
PRDM9,pink
PREB,pink
PRICKLE1,pink
PRKAB1,pink
PRKAG2,pink
PRKAR1B,pink
PRKAR2B,pink
PRKCB,pink
PRKCH,pink
PRMT8,pink
PRO1768,pink
PRR14,pink
PRR23C,pink
PRRT3,pink
PRSS27,pink
PRSS35,pink
PSD3,pink
PSMB2,pink
PSMB4,pink
PSMB9,pink
PSMG1,pink
PSPN,pink
PSTK,pink
PTDSS2,pink
PTGER4,pink
PTK2B,pink
PTN,pink
PTPN14,pink
PTPN18,pink
PTPN21,pink
PTPN5,pink
PTPRJ,pink
PTPRN2,pink
PTPRU,pink
PTPRZ1,pink
PUM1,pink
PUS1,pink
PUS7L,pink
PXDN,pink
PXDNL,pink
PXK,pink
PXT1,pink
RAB11FIP1,pink
RAB11FIP4,pink
RAB14,pink
RAB19,pink
RAB27B,pink
RAB35,pink
RAB3GAP1,pink
RAB3IL1,pink
RAB40C,pink
RAB7L1,pink
RABGAP1,pink
RAD51L1,pink
RAI1,pink
RAI14,pink
RANBP17,pink
RANGAP1,pink
RASA3,pink
RASGRP2,pink
RASL11A,pink
RASSF1,pink
RASSF5,pink
RBM20,pink
RBM26,pink
RBM34,pink
RBM44,pink
RBM47,pink
RBP2,pink
RBPMS,pink
RDBP,pink
RECK,pink
REG1A,pink
REG1P,pink
RELL1,pink
REP15,pink
RER1,pink
RERE,pink
RETNLB,pink
RFWD3,pink
RFX8,pink
RHBG,pink
RIMBP2,pink
RIN3,pink
RING1,pink
RLBP1,pink
RNASE11,pink
RNASE4,pink
RNASE8,pink
RNF17,pink
RNF213,pink
RNF32,pink
RNF39,pink
RNFT2,pink
RNU5E,pink
ROR1,pink
RORA,pink
RP1,pink
RPH3AL,pink
RPL22,pink
RPL27A,pink
RPLP0P2,pink
RPP21,pink
RPS6KA2,pink
RPS6KA4,pink
RPSAP9,pink
RPTN,pink
RPTOR,pink
RRAGD,pink
RSBN1,pink
RUNX3,pink
RXRG,pink
RYBP,pink
RYR2,pink
S100A10,pink
S100A6,pink
S100Z,pink
SAA3P,pink
SACS,pink
SAMD4A,pink
SAP130,pink
SAP30BP,pink
SBK1,pink
SBNO1,pink
SCARNA4,pink
SCD,pink
SCGB1D1,pink
SCLY,pink
SCN1B,pink
SCN5A,pink
SCT,pink
SDF4,pink
SDK1,pink
SDK2,pink
SDPR,pink
SDR16C6,pink
SEC16B,pink
SEC61A2,pink
SEC63,pink
SELENBP1,pink
SELO,pink
SEMA4B,pink
SEMA5B,pink
SEPT13,pink
SEPT9,pink
SERBP1,pink
SERPINA1,pink
SERPINC1,pink
SETDB1,pink
SETMAR,pink
SF3B3,pink
SFMBT1,pink
SFMBT2,pink
SFRP1,pink
SFRS8,pink
SFXN1,pink
SFXN5,pink
SGK269,pink
SGMS2,pink
SH3PXD2A,pink
SH3PXD2B,pink
SHANK1,pink
SHANK2,pink
SHB,pink
SHROOM3,pink
SIL1,pink
SIPA1L2,pink
SIRT3,pink
SKI,pink
SKIV2L,pink
SLAMF8,pink
SLC10A6,pink
SLC10A7,pink
SLC12A3,pink
SLC17A2,pink
SLC18A1,pink
SLC1A7,pink
SLC20A2,pink
SLC22A16,pink
SLC22A2,pink
SLC22A25,pink
SLC22A3,pink
SLC23A1,pink
SLC24A4,pink
SLC24A5,pink
SLC25A2,pink
SLC25A37,pink
SLC29A1,pink
SLC2A4RG,pink
SLC35B3,pink
SLC35F2,pink
SLC35F4,pink
SLC38A10,pink
SLC39A14,pink
SLC39A7,pink
SLC43A3,pink
SLC44A4,pink
SLC45A1,pink
SLC45A4,pink
SLC4A1,pink
SLC5A12,pink
SLC5A9,pink
SLC6A3,pink
SLC9A3,pink
SLC9A9,pink
SLCO3A1,pink
SMAD3,pink
SMAD6,pink
SMARCA2,pink
SMNDC1,pink
SMOC2,pink
SMTNL1,pink
SMTNL2,pink
SNAR-F,pink
SND1,pink
SNORA10,pink
SNORD115-15,pink
SNORD32B,pink
SNRK,pink
SNTG2,pink
SNX9,pink
SOBP,pink
SOCS4,pink
SOLH,pink
SORBS2,pink
SORCS2,pink
SOS1,pink
SOS2,pink
SOX30,pink
SPAG1,pink
SPAM1,pink
SPARC,pink
SPARCL1,pink
SPATA21,pink
SPATA3,pink
SPDEF,pink
SPEG,pink
SPG7,pink
SPP2,pink
SPRR2D,pink
SPRR4,pink
SRL,pink
SRRM2,pink
SRRM4,pink
SRRT,pink
SSBP3,pink
SSU72,pink
ST14,pink
ST3GAL3,pink
ST3GAL4,pink
ST6GAL2,pink
ST7OT2,pink
STAC3,pink
STAMBPL1,pink
STAT1,pink
STK10,pink
STK24,pink
STK32B,pink
STK32C,pink
STRN3,pink
STX7,pink
SUB1,pink
SUCNR1,pink
SUSD5,pink
SVIL,pink
SVOPL,pink
SYCE1,pink
SYCE1L,pink
SYCP2L,pink
SYK,pink
SYN2,pink
SYNE1,pink
SYNE2,pink
SYNM,pink
SYNPO2,pink
SYT2,pink
SYTL2,pink
TACC2,pink
TAF5,pink
TAF5L,pink
TAL2,pink
TAOK2,pink
TAP1,pink
TAP2,pink
TAPBP,pink
TAPBPL,pink
TAS2R19,pink
TBC1D1,pink
TBC1D16,pink
TBC1D4,pink
TBCD,pink
TBRG4,pink
TBX5,pink
TBXAS1,pink
TCERG1L,pink
TCF19,pink
TCF25,pink
TCF7L2,pink
TCIRG1,pink
TCTN1,pink
TDH,pink
TDRD1,pink
TDRD6,pink
TDRD9,pink
TEC,pink
TECTA,pink
TEKT5,pink
TELO2,pink
TERT,pink
TESC,pink
TFAP4,pink
TFDP1,pink
TG,pink
TGFA,pink
TGFBI,pink
TGFBR3,pink
TGM4,pink
THADA,pink
THAP4,pink
THBS1,pink
THSD1P,pink
THSD4,pink
TIAM2,pink
TIRAP,pink
TKT,pink
TKTL2,pink
TLE1,pink
TLL2,pink
TM4SF4,pink
TM7SF4,pink
TM9SF1,pink
TMC1,pink
TMC5,pink
TMCO3,pink
TMED8,pink
TMEM110,pink
TMEM114,pink
TMEM117,pink
TMEM125,pink
TMEM132C,pink
TMEM132D,pink
TMEM140,pink
TMEM154,pink
TMEM174,pink
TMEM176B,pink
TMEM181,pink
TMEM217,pink
TMEM51,pink
TMEM63C,pink
TMEM87A,pink
TMEM87B,pink
TMEM8A,pink
TMEM99,pink
TMPPE,pink
TMTC1,pink
TNFAIP3,pink
TNFAIP8,pink
TNFRSF17,pink
TNFRSF21,pink
TNFRSF6B,pink
TNFRSF8,pink
TNFRSF9,pink
TNFSF10,pink
TNFSF11,pink
TNIP1,pink
TNIP3,pink
TNN,pink
TNR,pink
TNXB,pink
TP53AIP1,pink
TP53INP1,pink
TPCN2,pink
TPH2,pink
TPM1,pink
TPM2,pink
TPO,pink
TPRG1L,pink
TRAF2,pink
TRAM1L1,pink
TRAM2,pink
TRAPPC9,pink
TRDN,pink
TREM2,pink
TRIB2,pink
TRIM27,pink
TRIM31,pink
TRIM34,pink
TRIM35,pink
TRIM39,pink
TRIM40,pink
TRIM5,pink
TRIM55,pink
TRIM61,pink
TRIM62,pink
TRIM7,pink
TRPC7,pink
TRRAP,pink
TSKS,pink
TSNARE1,pink
TSPAN12,pink
TSPAN19,pink
TSPAN9,pink
TSPYL5,pink
TSSC1,pink
TSSK4,pink
TSSK6,pink
TTC15,pink
TTC24,pink
TTC9C,pink
TTLL10,pink
TTLL11,pink
TTLL2,pink
TTN,pink
TUBA1C,pink
TUBB3,pink
TUBD1,pink
TUBGCP2,pink
TUSC1,pink
TWIST2,pink
TXNDC15,pink
TXNDC3,pink
TYK2,pink
UACA,pink
UBAP2L,pink
UBE2E2,pink
UBE2H,pink
UBE2J2,pink
UBE2U,pink
UBE4A,pink
UBQLN3,pink
UGP2,pink
UGT1A10,pink
UNC84A,pink
UNC93A,pink
UNG,pink
UPF2,pink
UPK1B,pink
UPK3B,pink
UQCRHL,pink
UROC1,pink
USP1,pink
USP10,pink
USP13,pink
USP20,pink
USP42,pink
USP49,pink
UTS2D,pink
UXS1,pink
VAC14,pink
VARS2,pink
VAV2,pink
VDR,pink
VEPH1,pink
VIL1,pink
VIPR2,pink
VIT,pink
VPS13B,pink
VPS13D,pink
VPS26A,pink
VPS36,pink
VPS8,pink
VSNL1,pink
VTI1A,pink
VWA1,pink
VWA2,pink
WASF3,pink
WBP4,pink
WDR1,pink
WDR27,pink
WDR37,pink
WDR45L,pink
WDR48,pink
WDR53,pink
WDR60,pink
WDR66,pink
WDR8,pink
WDR86,pink
WFDC1,pink
WHSC1,pink
WHSC2,pink
WIPF1,pink
WIPI2,pink
WISP1,pink
WNT3A,pink
WNT4,pink
WNT7A,pink
WSCD1,pink
WSCD2,pink
WWOX,pink
WWP2,pink
XKR5,pink
XPA,pink
YSK4,pink
YTHDF2,pink
ZAP70,pink
ZBTB38,pink
ZC3H11A,pink
ZC3H18,pink
ZCCHC10,pink
ZCCHC14,pink
ZCCHC24,pink
ZDHHC20,pink
ZDHHC3,pink
ZDHHC7,pink
ZFHX3,pink
ZFP41,pink
ZFPM1,pink
ZFR2,pink
ZFYVE27,pink
ZFYVE28,pink
ZKSCAN1,pink
ZKSCAN2,pink
ZKSCAN4,pink
ZMYND15,pink
ZNF167,pink
ZNF169,pink
ZNF195,pink
ZNF2,pink
ZNF219,pink
ZNF251,pink
ZNF257,pink
ZNF311,pink
ZNF362,pink
ZNF366,pink
ZNF454,pink
ZNF500,pink
ZNF605,pink
ZNF697,pink
ZNF713,pink
ZNF718,pink
ZNF777,pink
ZNF786,pink
ZNF876P,pink
ZNHIT2,pink
ZNRF4,pink
ZP2,pink
ZSCAN10,pink
ZSCAN2,pink
ZYG11A,pink
ABHD8,purple
ABLIM2,purple
ABT1,purple
ACACB,purple
ACADL,purple
ACAP2,purple
ACAT2,purple
ACOX1,purple
ACOX3,purple
ACTA1,purple
ACTRT2,purple
ADAMTS16,purple
ADAMTS5,purple
ADAMTSL5,purple
ADARB2,purple
AGPAT4,purple
AIMP1,purple
AJAP1,purple
AKAP12,purple
AKAP8L,purple
AKAP9,purple
AKR1D1,purple
AKR1E2,purple
ALDH3B2,purple
ALG14,purple
ALG3,purple
ALS2,purple
AMPD3,purple
AMZ1,purple
ANAPC11,purple
ANG,purple
ANKRD11,purple
ANKRD37,purple
ANKRD52,purple
ANO1,purple
AP1AR,purple
AP1G1,purple
APBA1,purple
API5,purple
APPL1,purple
ARHGAP1,purple
ARHGAP17,purple
ARHGAP29,purple
ARHGEF10,purple
ARHGEF17,purple
ARID5B,purple
ARL5A,purple
ARMC1,purple
ARPM1,purple
AS3MT,purple
ASAH1,purple
ASPH,purple
ASPM,purple
ASZ1,purple
ATF6B,purple
ATG2A,purple
ATM,purple
ATOH8,purple
ATP11A,purple
ATP6V0D1,purple
AUTS2,purple
AZI2,purple
B3GALT4,purple
B4GALNT3,purple
BAIAP3,purple
BATF,purple
BAZ2A,purple
BBS7,purple
BCL11B,purple
BDH1,purple
BDNF,purple
BIK,purple
BMS1,purple
BOP1,purple
BRD2,purple
BRD8,purple
BRI3BP,purple
BTBD11,purple
BTG4,purple
BTN3A2,purple
BUB3,purple
C10ORF105,purple
C10ORF32,purple
C11ORF30,purple
C11ORF61,purple
C12ORF10,purple
C12ORF12,purple
C12ORF23,purple
C12ORF52,purple
C12ORF65,purple
C13ORF18,purple
C13ORF23,purple
C13ORF26,purple
C13ORF27,purple
C13ORF35,purple
C14ORF1,purple
C14ORF104,purple
C14ORF106,purple
C14ORF126,purple
C14ORF159,purple
C14ORF2,purple
C14ORF38,purple
C14ORF39,purple
C15ORF27,purple
C16ORF58,purple
C17ORF102,purple
C17ORF104,purple
C17ORF62,purple
C17ORF91,purple
C19ORF26,purple
C1ORF212,purple
C1ORF216,purple
C1ORF25,purple
C1ORF38,purple
C1ORF55,purple
C1ORF58,purple
C1ORF86,purple
C20ORF111,purple
C20ORF96,purple
C2ORF55,purple
C2ORF60,purple
C2ORF74,purple
C3,purple
C3ORF35,purple
C3ORF50,purple
C3ORF59,purple
C4ORF41,purple
C5ORF33,purple
C5ORF42,purple
C6ORF10,purple
C6ORF126,purple
C6ORF162,purple
C6ORF226,purple
C7ORF36,purple
C7ORF70,purple
C8ORF85,purple
C9ORF114,purple
C9ORF130,purple
CA5A,purple
CACNA1C,purple
CACNA2D4,purple
CALCA,purple
CALN1,purple
CAMK2D,purple
CAMTA1,purple
CAND1,purple
CARD11,purple
CARKD,purple
CASP8,purple
CASQ1,purple
CASZ1,purple
CBY1,purple
CCDC11,purple
CCDC124,purple
CCDC13,purple
CCDC138,purple
CCDC147,purple
CCDC19,purple
CCDC39,purple
CCDC45,purple
CCDC59,purple
CCDC71,purple
CCHCR1,purple
CCNB2,purple
CCT3,purple
CDC25C,purple
CDC27,purple
CDC7,purple
CDH17,purple
CDH18,purple
CDK10,purple
CDK12,purple
CDK14,purple
CDK6,purple
CDKN2AIP,purple
CDS1,purple
CEBPG,purple
CENPB,purple
CERKL,purple
CFL2,purple
CHCHD4,purple
CHD8,purple
CHFR,purple
CISD1,purple
CITED2,purple
CKAP2,purple
CKB,purple
CLDN11,purple
CLIC5,purple
CLN3,purple
CLN5,purple
CLU,purple
CNOT2,purple
COBL,purple
COL11A2,purple
COL21A1,purple
COL23A1,purple
COL6A4P2,purple
COMMD1,purple
COQ3,purple
CORIN,purple
CPE,purple
CPEB1,purple
CPEB4,purple
CPT1C,purple
CROCC,purple
CRYGN,purple
CSDA,purple
CSF1R,purple
CSMD1,purple
CSMD2,purple
CSMD3,purple
CSNK1G3,purple
CSPP1,purple
CSTA,purple
CTDSPL,purple
CTDSPL2,purple
CTGF,purple
CTNNBL1,purple
CTSL1,purple
CUL3,purple
CUX1,purple
CXXC4,purple
CYB5B,purple
CYCS,purple
CYP1B1,purple
DAXX,purple
DAZL,purple
DBF4B,purple
DBR1,purple
DCDC1,purple
DCTPP1,purple
DCUN1D5,purple
DDR1,purple
DDX17,purple
DDX42,purple
DDX47,purple
DECR1,purple
DENND4B,purple
DERL2,purple
DFNA5,purple
DGKD,purple
DHRS1,purple
DHRS12,purple
DIRAS1,purple
DISP2,purple
DKFZP434H168,purple
DLC1,purple
DLEU1,purple
DLG5,purple
DLGAP2,purple
DMBT1,purple
DNAH10,purple
DNAH17,purple
DNAH2,purple
DNAH3,purple
DNAJC1,purple
DNAJC14,purple
DNTT,purple
DPF3,purple
DPH5,purple
DPP10,purple
DSE,purple
DSN1,purple
DTD1,purple
DTWD1,purple
DUT,purple
EFHA2,purple
EFHD2,purple
EGFLAM,purple
EHMT2,purple
EIF3I,purple
EIF4B,purple
EIF4G1,purple
ELF2,purple
ELFN1,purple
ELMO1,purple
ELMOD3,purple
EMB,purple
EML3,purple
ENOX1,purple
EP400,purple
ERBB4,purple
ERCC5,purple
ESPNP,purple
ESRRB,purple
ESYT2,purple
ETV1,purple
ETV3,purple
EVPL,purple
EXD3,purple
EXOSC8,purple
EXPH5,purple
F7,purple
FAM120B,purple
FAM123C,purple
FAM129B,purple
FAM13C,purple
FAM164C,purple
FAM165B,purple
FAM194A,purple
FAM24B,purple
FAM27A,purple
FAM54A,purple
FAM55C,purple
FAM64A,purple
FAM76B,purple
FAM83B,purple
FANK1,purple
FARP1,purple
FARP2,purple
FASTK,purple
FBLN2,purple
FBLN5,purple
FBRSL1,purple
FBXO22,purple
FBXO4,purple
FCF1,purple
FCRL6,purple
FEM1C,purple
FER,purple
FGF1,purple
FGF8,purple
FHAD1,purple
FHOD3,purple
FKBP5,purple
FLAD1,purple
FMN2,purple
FNDC3A,purple
FOXB1,purple
FOXD1,purple
FOXI1,purple
FOXJ1,purple
FOXJ2,purple
FOXK1,purple
FYN,purple
GABRG3,purple
GAK,purple
GAS5,purple
GCNT2,purple
GDPD4,purple
GFOD1,purple
GFRA1,purple
GIPC3,purple
GJD3,purple
GK5,purple
GLB1L2,purple
GMNN,purple
GNAI2,purple
GNB1L,purple
GNB2L1,purple
GNL1,purple
GNPAT,purple
GOLGA3,purple
GON4L,purple
GPR123,purple
GPR124,purple
GPR125,purple
GPR133,purple
GPR98,purple
GPRC5C,purple
GPRIN2,purple
GRASP,purple
GRB10,purple
GREM2,purple
GRIN2C,purple
GRK4,purple
GSTO2,purple
GTF2A1,purple
GTPBP10,purple
HCCA2,purple
HCG4,purple
HDAC1,purple
HDAC2,purple
HDGFL1,purple
HDLBP,purple
HECW1,purple
HEXB,purple
HFM1,purple
HIST1H2AB,purple
HIST1H2AL,purple
HIST1H4B,purple
HIST1H4C,purple
HLA-DOA,purple
HLA-E,purple
HLA-F,purple
HLA-H,purple
HLTF,purple
HMGB4,purple
HMGCL,purple
HMGCLL1,purple
HMSD,purple
HNRNPA1,purple
HNRNPUL1,purple
HNRPA1L-2,purple
HOMER1,purple
HOXA2,purple
HOXA3,purple
HOXB1,purple
HOXB8,purple
HOXC8,purple
HPS3,purple
HPS5,purple
HSPA1B,purple
HYOU1,purple
IER2,purple
IFFO2,purple
IFI27,purple
IFIT1L,purple
IFT140,purple
IGF1R,purple
IGFBP3,purple
IGSF9,purple
IKBIP,purple
IKBKE,purple
IL17RD,purple
ILF3,purple
INO80B,purple
INPP5A,purple
INTS1,purple
INTU,purple
IQGAP1,purple
IQGAP2,purple
ISM1,purple
ITIH5,purple
JARID2,purple
JMJD5,purple
KAT2B,purple
KCNA6,purple
KCNC2,purple
KCND2,purple
KCNJ10,purple
KCNN3,purple
KCNQ5,purple
KDM5A,purple
KIAA0284,purple
KIAA0415,purple
KIAA0528,purple
KIAA1033,purple
KIAA1199,purple
KIAA1324L,purple
KIAA1377,purple
KIAA1407,purple
KIAA1409,purple
KIAA1462,purple
KIAA1529,purple
KIAA1751,purple
KIAA1949,purple
KIF11,purple
KIF15,purple
KIFC1,purple
KLF11,purple
KLF12,purple
KLHDC10,purple
KLHDC7A,purple
KLHL6,purple
KLRAQ1,purple
KPNB1,purple
KRBA1,purple
LAMC3,purple
LAMP3,purple
LANCL1,purple
LARP7,purple
LDHC,purple
LHFPL2,purple
LIMA1,purple
LIPT1,purple
LIPT2,purple
LMBR1,purple
LMBRD1,purple
LMO3,purple
LMTK2,purple
LOC100130017,purple
LOC100130872-SPON2,purple
LOC100133545,purple
LOC100188947,purple
LOC100189589,purple
LOC100289673,purple
LOC399959,purple
LOC550112,purple
LOC619207,purple
LOC646982,purple
LOC729467,purple
LOXL2,purple
LPPR3,purple
LRRC14,purple
LRRC16A,purple
LRRC8B,purple
LRTOMT,purple
LSM6,purple
LTV1,purple
MAD1L1,purple
MAD2L1BP,purple
MAF,purple
MAGI1,purple
MAN1C1,purple
MAP3K11,purple
MAP4K5,purple
MAPK10,purple
MBNL1,purple
MBP,purple
MCC,purple
MCCD1,purple
MCOLN1,purple
ME2,purple
MEAF6,purple
MED10,purple
MED19,purple
MED20,purple
MED30,purple
MEF2C,purple
MEGF11,purple
MEGF6,purple
MEOX2,purple
MGAT4A,purple
MGAT5,purple
MGMT,purple
MIER3,purple
MIF,purple
MINA,purple
MIR1182,purple
MIR34A,purple
MITF,purple
MLLT11,purple
MLST8,purple
MOBKL1A,purple
MOBKL3,purple
MORN1,purple
MPV17,purple
MPV17L2,purple
MRGPRD,purple
MRGPRE,purple
MRPL10,purple
MRPL47,purple
MRPL48,purple
MRPS18B,purple
MRPS33,purple
MRPS34,purple
MRPS36,purple
MSH2,purple
MSH5,purple
MSLN,purple
MSRA,purple
MSRB2,purple
MTERFD3,purple
MTFR1,purple
MTIF2,purple
MTMR10,purple
MX1,purple
MYL6,purple
MYO1C,purple
MYO1G,purple
N4BP1,purple
N4BP2L2,purple
NAA16,purple
NAAA,purple
NAF1,purple
NAT1,purple
NCK2,purple
NCOA2,purple
NCOR2,purple
NCRNA00081,purple
NCRNA00171,purple
NCRNA00173,purple
NDFIP2,purple
NDRG1,purple
NDUFB3,purple
NDUFC1,purple
NDUFS5,purple
NEDD4,purple
NEK11,purple
NEURL1B,purple
NFIB,purple
NFXL1,purple
NKX6-2,purple
NME2,purple
NOP58,purple
NOTO,purple
NPDC1,purple
NPHP4,purple
NPLOC4,purple
NPY1R,purple
NQO2,purple
NR1H3,purple
NR2F2,purple
NR4A3,purple
NRG2,purple
NTM,purple
NTNG1,purple
NTRK2,purple
NUBPL,purple
NUMB,purple
NUMBL,purple
NUP205,purple
NUP210L,purple
NUSAP1,purple
NYNRIN,purple
OAZ3,purple
ODZ4,purple
OGFR,purple
OPRK1,purple
OR2B11,purple
OR2D2,purple
OR52B6,purple
OR52W1,purple
ORAI2,purple
ORC3L,purple
OSGIN1,purple
PANK4,purple
PANX3,purple
PARD3,purple
PARK2,purple
PATL1,purple
PAX8,purple
PCCA,purple
PCDH9,purple
PCDHB9,purple
PCDHGA2,purple
PCLO,purple
PCSK1,purple
PCTP,purple
PDE4D,purple
PDE6B,purple
PDK2,purple
PDZRN4,purple
PER3,purple
PGD,purple
PGM2L1,purple
PGM3,purple
PHF13,purple
PHTF2,purple
PHYHIP,purple
PIGL,purple
PIK3C2B,purple
PIK3R3,purple
PIK3R4,purple
PIP5K1A,purple
PITPNC1,purple
PKD1L1,purple
PKHD1L1,purple
PLEKHA5,purple
PLEKHM3,purple
PNKD,purple
POLR3C,purple
POLR3D,purple
POLR3H,purple
POLR3K,purple
POLRMT,purple
POMP,purple
PON1,purple
PON3,purple
POU5F1,purple
POU6F2,purple
PPAP2A,purple
PPM1G,purple
PPT2,purple
PPWD1,purple
PRDM16,purple
PRDM2,purple
PRDM8,purple
PRDM9,purple
PREX2,purple
PRICKLE1,purple
PRKAB2,purple
PRKAG2,purple
PRKAR1B,purple
PRKAR2B,purple
PRKCE,purple
PRKCZ,purple
PRKD2,purple
PRKG1,purple
PRLR,purple
PRMT10,purple
PRPH2,purple
PRR19,purple
PRRG4,purple
PRSS22,purple
PRSS27,purple
PSMA3,purple
PSMA5,purple
PSMA7,purple
PSMB8,purple
PSMB9,purple
PSORS1C2,purple
PSTPIP1,purple
PTAR1,purple
PTCD1,purple
PTDSS2,purple
PTGDS,purple
PTGER3,purple
PTH1R,purple
PTN,purple
PTPRN2,purple
PTPRR,purple
PTPRS,purple
PTRH2,purple
PXDN,purple
PYGL,purple
PYROXD1,purple
QRICH2,purple
RAB28,purple
RAB3C,purple
RAB3IP,purple
RAB5A,purple
RABGAP1L,purple
RAD51L1,purple
RAGE,purple
RALGAPA1,purple
RALGDS,purple
RALYL,purple
RARA,purple
RASA1,purple
RASD1,purple
RASEF,purple
RASGEF1A,purple
RASGRP1,purple
RASGRP2,purple
RBM12B,purple
RBM39,purple
RBM47,purple
RBM6,purple
RCL1,purple
RDH11,purple
RERE,purple
REXO1,purple
RFWD3,purple
RFX3,purple
RGMB,purple
RGS7,purple
RHEB,purple
RHOBTB1,purple
RIF1,purple
RIN3,purple
RLTPR,purple
RNF10,purple
RNF114,purple
RNF141,purple
RNF168,purple
RNF17,purple
RNF5P1,purple
RNGTT,purple
RNH1,purple
RNPEPL1,purple
RNPS1,purple
RPAP1,purple
RPL13AP5,purple
RPL19,purple
RPL23,purple
RPL23AP53,purple
RPL27A,purple
RPL30,purple
RPL35A,purple
RPL5,purple
RPL9,purple
RPS23,purple
RPS3A,purple
RPUSD1,purple
RPUSD2,purple
RRP15,purple
RSL24D1,purple
RUFY1,purple
RYR2,purple
S100A10,purple
S1PR1,purple
SAFB2,purple
SAMD13,purple
SAP25,purple
SART1,purple
SBDS,purple
SCIN,purple
SCML4,purple
SCRN1,purple
SDCCAG8,purple
SEC24C,purple
SEC24D,purple
SEC31B,purple
SECISBP2L,purple
SEMA6D,purple
SEPHS1,purple
SERHL2,purple
SESN2,purple
SETMAR,purple
SF3B4,purple
SFPQ,purple
SFRS12IP1,purple
SFRS18,purple
SH3RF3,purple
SHANK2,purple
SHBG,purple
SHFM1,purple
SHISA4,purple
SIDT2,purple
SKI,purple
SLC16A11,purple
SLC16A12,purple
SLC19A3,purple
SLC22A7,purple
SLC25A17,purple
SLC25A2,purple
SLC25A30,purple
SLC25A38,purple
SLC26A2,purple
SLC29A2,purple
SLC30A5,purple
SLC30A7,purple
SLC34A2,purple
SLC35A3,purple
SLC35B2,purple
SLC35E2,purple
SLC38A4,purple
SLC39A14,purple
SLC39A9,purple
SLC44A2,purple
SLC45A2,purple
SLC45A4,purple
SLC4A4,purple
SLC5A10,purple
SLC5A6,purple
SLC5A7,purple
SLC6A12,purple
SLCO3A1,purple
SLFN12,purple
SLITRK5,purple
SMARCA2,purple
SMEK2,purple
SNIP1,purple
SNORD115-1,purple
SNTG2,purple
SNX29,purple
SNX8,purple
SOBP,purple
SOCS2,purple
SON,purple
SORCS2,purple
SOX18,purple
SP2,purple
SP4,purple
SPAG17,purple
SPATA4,purple
SPATA5,purple
SPINK2,purple
SPON1,purple
SPPL2A,purple
SPSB3,purple
SRP54,purple
SRP68,purple
SS18L1,purple
SSH1,purple
ST6GAL2,purple
ST6GALNAC5,purple
STAM,purple
STARD7,purple
STARD9,purple
STC2,purple
STK32C,purple
STK38,purple
STX17,purple
STX7,purple
SUCLG1,purple
SUMO1,purple
SYCE1,purple
SYPL1,purple
SYPL2,purple
TACO1,purple
TAF4,purple
TAF7,purple
TAF9,purple
TAGAP,purple
TAP2,purple
TAS2R16,purple
TATDN3,purple
TBC1D14,purple
TBC1D21,purple
TBC1D9,purple
TBC1D9B,purple
TCERG1L,purple
TCF12,purple
TCF7L2,purple
TCTE3,purple
TCTN2,purple
TDG,purple
TDRD6,purple
TEKT5,purple
TEX9,purple
TFCP2,purple
TFDP1,purple
TGFBR2,purple
THBS1,purple
THRB,purple
THSD4,purple
TIPRL,purple
TLL2,purple
TMCO3,purple
TMED3,purple
TMED7-TICAM2,purple
TMEM106B,purple
TMEM126A,purple
TMEM128,purple
TMEM150C,purple
TMEM161B,purple
TMEM167A,purple
TMEM17,purple
TMEM181,purple
TMEM183A,purple
TMEM19,purple
TMEM192,purple
TMEM209,purple
TMEM217,purple
TMEM41A,purple
TNK2,purple
TNP2,purple
TNPO1,purple
TNS3,purple
TNXB,purple
TOR1AIP1,purple
TPO,purple
TRAF3,purple
TRAK1,purple
TRAPPC9,purple
TRMT5,purple
TRPC3,purple
TTBK1,purple
TTBK2,purple
TTC14,purple
TTC23,purple
TTLL10,purple
TTN,purple
TUBD1,purple
TYW1,purple
UBD,purple
UBE2N,purple
UBE2QP1,purple
UCN3,purple
UGT1A10,purple
UNC80,purple
UNC84A,purple
USF1,purple
USP13,purple
USP15,purple
USP22,purple
VARS,purple
VHLL,purple
VPS13B,purple
VPS4A,purple
VPS53,purple
VRK2,purple
VSX2,purple
VWA1,purple
VWA5A,purple
WAC,purple
WASF1,purple
WDFY2,purple
WDFY3,purple
WDR41,purple
WDR69,purple
WDR8,purple
WEE1,purple
WNT3,purple
WNT7B,purple
WRN,purple
WWTR1,purple
XPA,purple
XPO5,purple
YIPF5,purple
YTHDF2,purple
ZBTB22,purple
ZBTB4,purple
ZC3H12C,purple
ZCCHC8,purple
ZFP28,purple
ZFPM2,purple
ZFYVE16,purple
ZHX2,purple
ZIC1,purple
ZKSCAN5,purple
ZNF135,purple
ZNF165,purple
ZNF181,purple
ZNF213,purple
ZNF259,purple
ZNF311,purple
ZNF346,purple
ZNF385A,purple
ZNF389,purple
ZNF423,purple
ZNF461,purple
ZNF511,purple
ZNF517,purple
ZNF557,purple
ZNF570,purple
ZNF581,purple
ZNF620,purple
ZNF643,purple
ZNF69,purple
ZNF71,purple
ZNF761,purple
ZNF783,purple
ZNHIT6,purple
ZSCAN22,purple
ZZZ3,purple
AARS,red
AASDHPPT,red
ABAT,red
ABCC4,red
ABCE1,red
ABCF1,red
ABCG4,red
ABHD11,red
ABL2,red
ABLIM2,red
ABR,red
ACAD8,red
ACAD9,red
ACADM,red
ACAP2,red
ACBD5,red
ACOT7,red
ACRV1,red
ACTG1,red
ACTR2,red
ACTRT2,red
ACVR1B,red
ACVR2A,red
ADA,red
ADAM17,red
ADAM3A,red
ADAM8,red
ADAMTS2,red
ADAMTS9,red
ADARB2,red
ADCY9,red
ADD3,red
ADI1,red
AEN,red
AFAP1,red
AGAP1,red
AGAP2,red
AGPAT1,red
AGPAT6,red
AHDC1,red
AHSA1,red
AIG1,red
AIP,red
AKAP8,red
AKIRIN1,red
AKR1B1,red
ALDH18A1,red
ALDH3A1,red
ALDH7A1,red
ALDOA,red
ALG2,red
ALG5,red
ALOX5,red
ALOXE3,red
AMIGO1,red
ANAPC10,red
ANGEL2,red
ANKRD11,red
ANKRD13A,red
ANKRD27,red
ANKS1A,red
ANKS3,red
ANKZF1,red
ANO2,red
ANXA11,red
ANXA3,red
ANXA4,red
ANXA5,red
ANXA7,red
AP2A2,red
AP3M1,red
APBA2,red
APBB2,red
APLP2,red
APP,red
APPBP2,red
APTX,red
ARAP2,red
ARC,red
ARCN1,red
ARFIP1,red
ARHGAP12,red
ARHGAP18,red
ARHGEF10,red
ARL6IP5,red
ARL9,red
ARMC7,red
ARPC2,red
ARPC4,red
AS3MT,red
ASB1,red
ATAD3B,red
ATF6,red
ATF7IP,red
ATG16L2,red
ATG7,red
ATM,red
ATN1,red
ATP10A,red
ATP11A,red
ATP11B,red
ATP2C1,red
ATP5G1,red
ATP5S,red
ATP6V1H,red
ATXN2,red
AUTS2,red
AXIN1,red
B4GALT4,red
BAMBI,red
BANP,red
BAT1,red
BAT4,red
BAT5,red
BCAS2,red
BCAS3,red
BCL10,red
BCL6,red
BDKRB2,red
BDNF,red
BDP1,red
BID,red
BIRC5,red
BIRC6,red
BLCAP,red
BRCA1,red
BRD8,red
BRIP1,red
BRMS1L,red
BRP44L,red
BRUNOL4,red
BTBD7,red
BTBD9,red
BTNL2,red
BUD13,red
BZW2,red
C10ORF11,red
C10ORF4,red
C11ORF75,red
C11ORF80,red
C11ORF87,red
C11ORF91,red
C12ORF41,red
C12ORF51,red
C12ORF62,red
C12ORF65,red
C12ORF66,red
C13ORF33,red
C14ORF119,red
C14ORF126,red
C14ORF133,red
C14ORF135,red
C14ORF80,red
C16ORF53,red
C16ORF86,red
C16ORF91,red
C17ORF105,red
C17ORF85,red
C18ORF54,red
C19ORF24,red
C1ORF107,red
C1ORF125,red
C1ORF163,red
C1ORF173,red
C1ORF25,red
C1ORF31,red
C1ORF57,red
C1ORF86,red
C1ORF93,red
C1ORF96,red
C1ORF97,red
C1QL1,red
C1QTNF2,red
C1QTNF7,red
C20ORF72,red
C21ORF56,red
C2ORF28,red
C2ORF76,red
C3ORF33,red
C3ORF59,red
C3ORF63,red
C3ORF77,red
C4ORF14,red
C4ORF23,red
C4ORF43,red
C4ORF52,red
C5ORF62,red
C6ORF105,red
C6ORF114,red
C6ORF203,red
C6ORF217,red
C6ORF226,red
C6ORF48,red
C7ORF30,red
C7ORF50,red
C7ORF60,red
C8ORF42,red
C8ORF76,red
C9ORF16,red
C9ORF167,red
C9ORF170,red
C9ORF72,red
CAB39,red
CAB39L,red
CACNA1H,red
CACYBP,red
CADM1,red
CALM2,red
CAMK1D,red
CAMK2D,red
CAMKK2,red
CAMLG,red
CAMTA2,red
CARD9,red
CASC4,red
CASP6,red
CASP8AP2,red
CASP9,red
CBX2,red
CC2D1B,red
CC2D2A,red
CCAR1,red
CCDC104,red
CCDC124,red
CCDC130,red
CCDC132,red
CCDC142,red
CCDC147,red
CCDC21,red
CCDC28A,red
CCDC33,red
CCDC36,red
CCDC65,red
CCDC85C,red
CCDC96,red
CCDC99,red
CCM2,red
CCNA1,red
CCND3,red
CCNH,red
CD164L2,red
CD302,red
CD40,red
CD44,red
CD47,red
CDH23,red
CDK4,red
CDKN1C,red
CDS2,red
CEBPA,red
CELSR1,red
CENPH,red
CENPK,red
CENPL,red
CETN3,red
CHD1L,red
CHD3,red
CHFR,red
CHKA,red
CHORDC1,red
CHTF8,red
CILP2,red
CIZ1,red
CKB,red
CLASP2,red
CLCN1,red
CLIC5,red
CLN8,red
CLOCK,red
CLSTN1,red
CLYBL,red
CMAS,red
CNGA3,red
CNIH,red
CNIH2,red
CNNM2,red
CNOT2,red
CNRIP1,red
CNTLN,red
CNTN4,red
CNTN5,red
COG3,red
COL11A2,red
COL6A3,red
COL9A1,red
COPA,red
COPS5,red
COPS7A,red
COQ3,red
COX6C,red
CPEB3,red
CPNE4,red
CPSF1,red
CPVL,red
CR1L,red
CREB3,red
CRK,red
CRTAC1,red
CRYBA2,red
CSGALNACT1,red
CSNK1G1,red
CSRP2,red
CTNNA2,red
CTNS,red
CTTN,red
CUEDC2,red
CXCL2,red
CYP26B1,red
CYP2J2,red
CYP4F22,red
CYP51A1,red
DAB1,red
DAXX,red
DBX2,red
DCAF4,red
DCAF5,red
DCHS1,red
DCLK2,red
DCLRE1B,red
DCP2,red
DCTN4,red
DCUN1D4,red
DDIT3,red
DDOST,red
DDX39,red
DECR2,red
DENND3,red
DEPDC1B,red
DGKZ,red
DHCR7,red
DHDDS,red
DHODH,red
DHRS7B,red
DHX36,red
DIMT1L,red
DIO1,red
DIP2B,red
DIP2C,red
DKFZP686O24166,red
DKK2,red
DLG1,red
DLG4,red
DMRTA1,red
DMWD,red
DMXL1,red
DMXL2,red
DNAH6,red
DNAI1,red
DNAJB6,red
DNAJC1,red
DNAJC4,red
DNAJC9,red
DNM1L,red
DNM3,red
DNPEP,red
DOCK9,red
DOT1L,red
DPH1,red
DPP6,red
DPY30,red
DPYD,red
DRD4,red
DSN1,red
DTD1,red
DTNA,red
DUOX1,red
DUSP16,red
DUSP3,red
DUSP5P,red
DUSP6,red
DVL2,red
DYNC1I1,red
DYNC1LI2,red
DYNLL1,red
E2F8,red
EDEM3,red
EEFSEC,red
EFHA1,red
EFHC1,red
EFNB2,red
EGLN1,red
EHBP1,red
EHBP1L1,red
EHD3,red
EHD4,red
EHMT2,red
EID2B,red
EIF1AD,red
EIF2AK4,red
EIF2B2,red
EIF2C4,red
EIF3B,red
EIF4A2,red
ELK4,red
ELMOD2,red
ELOVL5,red
EMP2,red
EMX2OS,red
ENO2,red
ENPP4,red
ENTPD6,red
EPB41L3,red
EPB41L5,red
EPC2,red
EPHA5,red
EPHA7,red
EPHB3,red
EPHB6,red
EPM2A,red
ERBB2,red
ERC2,red
ERF,red
ERLIN2,red
ERMAP,red
ERP29,red
ETS1,red
ETV7,red
EVI5L,red
EVX1,red
EXOC2,red
EXOC4,red
EXOG,red
EXOSC7,red
EXT1,red
FABP3,red
FADD,red
FADS1,red
FADS2,red
FAM103A1,red
FAM105A,red
FAM110A,red
FAM115A,red
FAM116A,red
FAM129C,red
FAM134A,red
FAM13A,red
FAM13C,red
FAM155A,red
FAM160A1,red
FAM162A,red
FAM173B,red
FAM174A,red
FAM177A1,red
FAM188A,red
FAM20C,red
FAM36A,red
FAM38A,red
FAM3B,red
FAM45B,red
FAM49B,red
FAM55C,red
FAM59B,red
FAM66A,red
FAM82B,red
FAM96A,red
FAM98A,red
FANCA,red
FANCG,red
FARP2,red
FARS2,red
FAT1,red
FAT3,red
FBF1,red
FBXO31,red
FBXO5,red
FDX1,red
FDXACB1,red
FER1L6,red
FGF1,red
FGFR3,red
FGGY,red
FHL2,red
FICD,red
FKBP7,red
FKBP9,red
FLI1,red
FLJ41350,red
FLRT2,red
FLYWCH2,red
FMN2,red
FNTA,red
FOSL1,red
FOXK1,red
FOXO3,red
FOXRED2,red
FRMD5,red
FRMD6,red
FUCA1,red
FXC1,red
G2E3,red
GAB1,red
GABARAP,red
GABARAPL1,red
GABPB1,red
GABRG1,red
GALNT8,red
GANC,red
GATA5,red
GCC2,red
GCLM,red
GDF2,red
GDPD5,red
GEMIN6,red
GFI1,red
GFOD2,red
GGPS1,red
GJA3,red
GLB1,red
GLCCI1,red
GLI2,red
GLIPR1L1,red
GLTSCR2,red
GLYR1,red
GMCL1,red
GMPR,red
GNA12,red
GNAI3,red
GNB1L,red
GNB2L1,red
GNG12,red
GNL3,red
GNMT,red
GNRHR2,red
GOLGA3,red
GOPC,red
GPAA1,red
GPBP1L1,red
GPD1L,red
GPN2,red
GPR123,red
GPR133,red
GPR177,red
GPX7,red
GRAMD1B,red
GRIA4,red
GRM1,red
GRM6,red
GRP,red
GRPEL1,red
GSTA4,red
GTF2I,red
GUCY1A2,red
GUF1,red
H6PD,red
HABP4,red
HACL1,red
HAS2AS,red
HAUS1,red
HCCA2,red
HEATR2,red
HELT,red
HEMK1,red
HERC3,red
HERC4,red
HFM1,red
HIGD2B,red
HIP1R,red
HIST1H1D,red
HIST1H2BJ,red
HIST1H2BK,red
HIST1H4B,red
HLA-C,red
HLA-DPB2,red
HMGCL,red
HMGN1,red
HNRNPH3,red
HNRNPK,red
HNRNPU,red
HNRPA1L-2,red
HOOK3,red
HPGD,red
HPSE,red
HSP90AB1,red
HSPA14,red
HSPA1L,red
HSPB1,red
HSPBP1,red
HSPE1,red
HTRA2,red
HYAL3,red
ICT1,red
ID1,red
IFRD1,red
IFT172,red
IGF1R,red
IGFBP2,red
IKZF2,red
IL6ST,red
IMP4,red
ING1,red
ING5,red
INPP4A,red
INS,red
INS-IGF2,red
INTS6,red
IQCE,red
IQCF6,red
IRAK2,red
IRF6,red
IRS2,red
ISL2,red
ITFG2,red
ITPKC,red
ITPRIP,red
IWS1,red
JAKMIP3,red
JAM3,red
JARID2,red
JDP2,red
JMJD5,red
JRKL,red
JUN,red
KBTBD11,red
KBTBD3,red
KCNB2,red
KCNG4,red
KCNJ12,red
KCNJ4,red
KCNV2,red
KCTD5,red
KCTD7,red
KDM1B,red
KDM3B,red
KDM5B,red
KIAA0141,red
KIAA0182,red
KIAA0319,red
KIAA0754,red
KIAA1024,red
KIAA1026,red
KIAA1161,red
KIAA1279,red
KIAA1310,red
KIAA1377,red
KIAA1826,red
KIF21A,red
KIF26A,red
KIF5C,red
KIF6,red
KIF9,red
KIFC1,red
KLHDC3,red
KLHDC9,red
KLHL24,red
KLHL31,red
KLHL7,red
KLK10,red
KPNB1,red
KRAS,red
KRT72,red
LAMA3,red
LAMC1,red
LAMC2,red
LAMP3,red
LAPTM5,red
LARP6,red
LASS6,red
LCOR,red
LDB1,red
LDHD,red
LEMD2,red
LEP,red
LEPR,red
LEPROT,red
LGALS3,red
LGALS8,red
LHFPL3,red
LHX5,red
LIAS,red
LIMS2,red
LIN52,red
LIN7B,red
LIN9,red
LIPT1,red
LIX1L,red
LLPH,red
LMF1,red
LMO2,red
LNP1,red
LOC100128164,red
LOC100128239,red
LOC100128731,red
LOC100128822,red
LOC100132354,red
LOC100133308,red
LOC100190940,red
LOC148709,red
LOC283332,red
LOC283392,red
LOC283856,red
LOC285550,red
LOC285780,red
LOC349114,red
LOC400752,red
LOC401093,red
LOC728392,red
LOC729678,red
LOC93622,red
LPHN2,red
LPXN,red
LRCH3,red
LRP1,red
LRP5,red
LRRC1,red
LRRC3,red
LRRC49,red
LRRIQ3,red
LSM10,red
LTV1,red
LYAR,red
LYPD6B,red
LYST,red
LZTFL1,red
LZTS2,red
MAD1L1,red
MADD,red
MAFK,red
MAGMAS,red
MAML2,red
MAP2K3,red
MAP3K13,red
MAP3K3,red
MAP4K3,red
MAPK1,red
MAPK15,red
MAPK7,red
MAPKAP1,red
MARCH1,red
MAT2B,red
MC1R,red
MCFD2,red
MCM3,red
MDC1,red
MECOM,red
MED23,red
MEMO1,red
MESDC1,red
METAP2,red
METTL1,red
METTL3,red
MEX3B,red
MFAP3,red
MFN1,red
MFSD8,red
MGC23284,red
MGC72080,red
MICAL1,red
MICALL2,red
MIER1,red
MIIP,red
MINA,red
MIR1181,red
MIR449C,red
MIR543,red
MIR548N,red
MIR598,red
MIR942,red
MIR943,red
MKRN1,red
MKS1,red
MKX,red
MLANA,red
MLEC,red
MLF1IP,red
MLH1,red
MLL5,red
MLN,red
MMD,red
MN1,red
MND1,red
MOBKL3,red
MON1A,red
MON2,red
MORC1,red
MOSPD3,red
MPI,red
MPP5,red
MPZ,red
MRGPRG,red
MRPL11,red
MRPL21,red
MRPL36,red
MRPL42,red
MRPL51,red
MRPS33,red
MRPS6,red
MRS2,red
MSI2,red
MSLN,red
MSX2,red
MT1X,red
MT2A,red
MTA3,red
MTDH,red
MTERFD1,red
MTERFD2,red
MTHFD2,red
MTHFS,red
MTIF3,red
MTMR12,red
MVD,red
MXI1,red
MYADM,red
MYH11,red
MYO10,red
MYO9A,red
MYOCD,red
N4BP1,red
N4BP2,red
N4BP2L1,red
NAA15,red
NAA20,red
NAB2,red
NACA,red
NAPRT1,red
NBR1,red
NCAPG,red
NCRNA00081,red
NCRNA00092,red
NCRNA00095,red
NCRNA00171,red
NDRG4,red
NDUFA12,red
NDUFA4,red
NDUFA7,red
NDUFB10,red
NEAT1,red
NECAP2,red
NEK5,red
NEO1,red
NETO1,red
NEU3,red
NFE2L2,red
NFKB2,red
NFKBIZ,red
NFRKB,red
NFU1,red
NFYC,red
NGRN,red
NICN1,red
NIN,red
NIPSNAP3B,red
NKX6-2,red
NMB,red
NME7,red
NMNAT1,red
NOP56,red
NPC2,red
NPHP4,red
NPM1,red
NPY2R,red
NR2C1,red
NR2F2,red
NR6A1,red
NRCAM,red
NRG1,red
NRXN1,red
NSUN3,red
NSUN6,red
NT5E,red
NUAK2,red
NUB1,red
NUDC,red
NUDCD3,red
NUMB,red
NUP214,red
NXF1,red
OBFC1,red
OCEL1,red
OCIAD1,red
OGFOD1,red
OPCML,red
ORAI3,red
OSBPL9,red
OTUD4,red
OTUD6B,red
OTX1,red
OXCT1,red
OXNAD1,red
P4HA2,red
PACRG,red
PACRGL,red
PAIP2B,red
PAQR6,red
PARM1,red
PARP12,red
PAWR,red
PBX2,red
PCBD2,red
PCCA,red
PCDH9,red
PCDHB4,red
PCGF1,red
PDCD5,red
PDE12,red
PDE1B,red
PDE6B,red
PDIA6,red
PDK1,red
PDK2,red
PDP2,red
PECI,red
PECR,red
PFDN1,red
PGAP2,red
PGBD1,red
PGD,red
PHC1,red
PHF17,red
PHF7,red
PIAS1,red
PIF1,red
PIGW,red
PIM1,red
PIP4K2A,red
PIWIL1,red
PKD1,red
PKMYT1,red
PLA2G15,red
PLA2G16,red
PLA2G7,red
PLBD2,red
PLCL2,red
PLEKHM2,red
PMS1,red
PNRC1,red
PODNL1,red
POFUT1,red
POFUT2,red
POLB,red
POLD2,red
POLR2B,red
POLR3E,red
POP7,red
POU6F2,red
PPCS,red
PPFIA3,red
PPID,red
PPIL4,red
PPM1H,red
PPP1R15B,red
PPP1R3C,red
PPP2R5D,red
PPRC1,red
PQLC3,red
PRAGMIN,red
PRDM16,red
PRDM2,red
PRDX5,red
PREPL,red
PRICKLE4,red
PRMT1,red
PRMT6,red
PRPF18,red
PRPSAP2,red
PRR24,red
PRR3,red
PSMA4,red
PSMB4,red
PSMB6,red
PSMC3IP,red
PSMD3,red
PSMD8,red
PSORS1C1,red
PSRC1,red
PTBP2,red
PTCD3,red
PTGDS,red
PTHLH,red
PTPN12,red
PTPN13,red
PTPN18,red
PTPN5,red
PTPRN2,red
PURA,red
PUS1,red
PXDN,red
RAB1B,red
RAB35,red
RAB36,red
RAB39,red
RAB3GAP1,red
RAB5B,red
RAB8B,red
RABEP2,red
RAD1,red
RAD54L,red
RAP1A,red
RASA2,red
RASGRF1,red
RASSF7,red
RBM26,red
RBMS1,red
RCBTB1,red
RCE1,red
RCOR3,red
RDX,red
RECQL5,red
REEP2,red
REEP6,red
RERE,red
RERG,red
RFC1,red
RFC4,red
RFK,red
RFX6,red
RGS7BP,red
RHO,red
RHOB,red
RIMS1,red
RNF130,red
RNF14,red
RNF150,red
RNF175,red
RNF180,red
RNF5P1,red
RNMTL1,red
RNPS1,red
ROBO1,red
ROBO3,red
ROD1,red
ROR1,red
ROR2,red
RP9,red
RPA1,red
RPA2,red
RPH3AL,red
RPIA,red
RPL17,red
RPL21,red
RPL32P3,red
RPP21,red
RPP30,red
RPS25,red
RPS6KA2,red
RPS6KA5,red
RPSA,red
RPTOR,red
RTN4R,red
RUNX2,red
RXRA,red
RXRG,red
RYR3,red
S100A6,red
SAMD4A,red
SAMD5,red
SAV1,red
SCAMP5,red
SCARF1,red
SCCPDH,red
SCFD1,red
SCOC,red
SCT,red
SCYL2,red
SDHB,red
SDHC,red
SEC14L1,red
SEC61A2,red
SELI,red
SELT,red
SEPHS2,red
SEPT10,red
SERAC1,red
SERPINH1,red
SESN1,red
SETD6,red
SF3B14,red
SFRS11,red
SFRS13B,red
SFRS5,red
SFTA3,red
SFXN4,red
SGCE,red
SGEF,red
SH3BP4,red
SH3GL3,red
SH3GLB2,red
SHANK2,red
SHFM1,red
SHISA2,red
SIAH2,red
SIN3A,red
SIP1,red
SIRT7,red
SIVA1,red
SIX4,red
SKAP2,red
SLC10A7,red
SLC12A6,red
SLC17A7,red
SLC19A2,red
SLC24A4,red
SLC25A24,red
SLC25A27,red
SLC25A32,red
SLC25A33,red
SLC25A37,red
SLC25A39,red
SLC29A3,red
SLC30A1,red
SLC30A7,red
SLC31A2,red
SLC35A1,red
SLC35B3,red
SLC35D3,red
SLC35F5,red
SLC36A1,red
SLC37A3,red
SLC38A4,red
SLC39A14,red
SLC39A3,red
SLC43A2,red
SLC46A3,red
SLC4A8,red
SLC7A1,red
SLC7A14,red
SLC9A1,red
SLCO3A1,red
SLIT1,red
SLITRK5,red
SMAD2,red
SMARCC2,red
SMARCE1,red
SMNDC1,red
SMOC2,red
SNHG3-RCC1,red
SNHG5,red
SNORA76,red
SNRNP40,red
SNRNP70,red
SNRPE,red
SNTB1,red
SNTB2,red
SNTG2,red
SNW1,red
SNX17,red
SNX24,red
SNX27,red
SNX30,red
SNX4,red
SNX7,red
SNX9,red
SOD1,red
SORCS2,red
SORT1,red
SOX9,red
SPAG16,red
SPATA13,red
SPATA20,red
SPC25,red
SPG20,red
SPHKAP,red
SRP54,red
SRP9,red
SRPRB,red
SSR1,red
SSU72,red
SSX2IP,red
ST3GAL2,red
ST7,red
STAM,red
STARD3NL,red
STARD4,red
STARD5,red
STAT2,red
STC2,red
STEAP3,red
STK24,red
STK32C,red
STK35,red
STRADA,red
STRAP,red
STX2,red
STX5,red
SUPT5H,red
SUPV3L1,red
SYDE1,red
SYF2,red
SYNGAP1,red
SYNPO2,red
SYNRG,red
SYPL2,red
SYT11,red
SYT9,red
TADA1,red
TAF1C,red
TAGLN3,red
TALDO1,red
TAOK1,red
TAP1,red
TAP2,red
TARS2,red
TAS1R1,red
TAX1BP1,red
TBC1D12,red
TBC1D14,red
TBCA,red
TBCC,red
TBL2,red
TBL3,red
TBX15,red
TCEB2,red
TCTEX1D1,red
TDP1,red
TDRKH,red
TEAD3,red
TEKT3,red
TEP1,red
TESK1,red
TGFB3,red
TGM5,red
TH,red
THAP2,red
THEM5,red
THG1L,red
THRAP3,red
THSD1,red
TIAM2,red
TIMM22,red
TLE4,red
TLL2,red
TLX2,red
TMBIM6,red
TMCO3,red
TMCO6,red
TMED7-TICAM2,red
TMEM11,red
TMEM117,red
TMEM126B,red
TMEM136,red
TMEM138,red
TMEM170A,red
TMEM181,red
TMEM183A,red
TMEM199,red
TMEM231,red
TMEM41A,red
TMEM50A,red
TMEM55A,red
TMEM57,red
TMEM87A,red
TMEM87B,red
TMEM8A,red
TMEM93,red
TMOD1,red
TMSB10,red
TNC,red
TNFAIP8L1,red
TNIK,red
TNRC18,red
TNXB,red
TOLLIP,red
TOP1MT,red
TPO,red
TPR,red
TRADD,red
TRAF4,red
TRAK2,red
TRAPPC9,red
TREX1,red
TRIB2,red
TRIM21,red
TRIM34,red
TRIM35,red
TRIM39,red
TRIM62,red
TRIM68,red
TRIP4,red
TRMT11,red
TRPC6,red
TRPM7,red
TSG101,red
TSNAXIP1,red
TSPAN18,red
TSPAN4,red
TSPYL4,red
TSSC1,red
TSSC4,red
TSTD1,red
TTBK2,red
TTC15,red
TTC18,red
TTC21A,red
TTC31,red
TTC8,red
TTK,red
TUB,red
TWSG1,red
TXNDC12,red
TXNL4A,red
U2AF2,red
UAP1,red
UBA6,red
UBC,red
UBE2T,red
UBL5,red
UBL7,red
UBLCP1,red
UBR4,red
UBTD1,red
UFM1,red
UNC84A,red
UPP1,red
UQCRQ,red
USP14,red
USP28,red
USP5,red
UTP15,red
VAC14,red
VARS2,red
VASH1,red
VAV3,red
VCP,red
VEPH1,red
VGLL4,red
VIM,red
VPS11,red
VPS72,red
VWA5A,red
WDFY2,red
WDFY4,red
WDR65,red
WDR69,red
WDR82,red
WIPI2,red
WNT5A,red
WNT5B,red
WNT6,red
WRN,red
WSCD1,red
WWOX,red
XAB2,red
XPO5,red
XPO7,red
XRRA1,red
XYLT2,red
YIPF2,red
ZBED5,red
ZBTB12,red
ZBTB40,red
ZBTB47,red
ZBTB9,red
ZCCHC7,red
ZDHHC11,red
ZDHHC16,red
ZDHHC20,red
ZDHHC5,red
ZFAND5,red
ZFC3H1,red
ZFHX3,red
ZFP36L2,red
ZFYVE20,red
ZMYND11,red
ZNF142,red
ZNF143,red
ZNF148,red
ZNF167,red
ZNF192,red
ZNF197,red
ZNF205,red
ZNF248,red
ZNF252,red
ZNF256,red
ZNF292,red
ZNF296,red
ZNF311,red
ZNF33B,red
ZNF354C,red
ZNF362,red
ZNF408,red
ZNF487,red
ZNF500,red
ZNF511,red
ZNF529,red
ZNF540,red
ZNF598,red
ZNF638,red
ZNF641,red
ZNF660,red
ZNF664,red
ZNF706,red
ZNF721,red
ZNF79,red
ZNF800,red
ZNF805,red
ZNF830,red
ZNHIT2,red
ZNHIT6,red
ZP3,red
ZSWIM6,red
ZSWIM7,red
ZYG11B,red
A2BP1,salmon
A2M,salmon
AAAS,salmon
AACS,salmon
AARS,salmon
AARS2,salmon
ABCC2,salmon
ABCD2,salmon
ABHD13,salmon
ABHD2,salmon
ABI1,salmon
ABL1,salmon
ABL2,salmon
ABLIM2,salmon
ABP1,salmon
ABR,salmon
ACAA1,salmon
ACACA,salmon
ACAP2,salmon
ACBD5,salmon
ACCN4,salmon
ACCSL,salmon
ACLY,salmon
ACOXL,salmon
ACP2,salmon
ACSF3,salmon
ACTR6,salmon
ACTRT2,salmon
ADAM32,salmon
ADAMTS14,salmon
ADAMTS17,salmon
ADAMTS2,salmon
ADAMTS8,salmon
ADAMTS9,salmon
ADARB2,salmon
ADC,salmon
ADCY9,salmon
ADORA1,salmon
ADORA2B,salmon
ADORA3,salmon
AEBP1,salmon
AEBP2,salmon
AFAP1,salmon
AFF3,salmon
AGAP1,salmon
AGBL5,salmon
AGL,salmon
AGPAT2,salmon
AGPAT4,salmon
AGRN,salmon
AGTRAP,salmon
AHRR,salmon
AIP,salmon
AKAP12,salmon
AKAP5,salmon
AKR1D1,salmon
AKT3,salmon
ALDH16A1,salmon
ALDH18A1,salmon
ALDH7A1,salmon
ALKBH2,salmon
ALKBH3,salmon
ALLC,salmon
ALOX5,salmon
ALPK3,salmon
ALPL,salmon
AMACR,salmon
AMIGO1,salmon
ANK1,salmon
ANKFY1,salmon
ANKRD11,salmon
ANKRD28,salmon
ANKRD30B,salmon
ANKRD33,salmon
ANKRD33B,salmon
ANKRD34B,salmon
ANKS1A,salmon
ANO2,salmon
AP1S1,salmon
AP2A2,salmon
AP2M1,salmon
APBB1,salmon
APBB2,salmon
APC,salmon
APEX1,salmon
APLP2,salmon
APOA5,salmon
AQP5,salmon
ARCN1,salmon
ARFGAP1,salmon
ARFGAP2,salmon
ARHGAP10,salmon
ARHGAP18,salmon
ARHGAP22,salmon
ARHGAP24,salmon
ARHGAP26,salmon
ARHGAP29,salmon
ARHGDIB,salmon
ARHGEF10,salmon
ARHGEF7,salmon
ARID1B,salmon
ARID5B,salmon
ARL4A,salmon
ARL6IP5,salmon
ARMC10,salmon
ARNT2,salmon
ARNTL2,salmon
ARPC3,salmon
ARRB2,salmon
ASAP2,salmon
ASPM,salmon
ATF2,salmon
ATF6B,salmon
ATG2A,salmon
ATM,salmon
ATP10A,salmon
ATP1A1,salmon
ATP2B2,salmon
ATP5G2,salmon
ATP5G3,salmon
ATP6V0C,salmon
ATP8A2,salmon
ATPBD4,salmon
ATRNL1,salmon
ATXN7,salmon
AXIN1,salmon
B3GALT4,salmon
B4GALNT1,salmon
B9D2,salmon
BACH1,salmon
BAHCC1,salmon
BAI1,salmon
BAI2,salmon
BAIAP3,salmon
BANP,salmon
BARD1,salmon
BAT2,salmon
BAT3,salmon
BAT4,salmon
BCAR3,salmon
BCAS2,salmon
BCAT1,salmon
BCCIP,salmon
BCL11A,salmon
BCL2L14,salmon
BCL6,salmon
BCLAF1,salmon
BEST1,salmon
BFSP1,salmon
BHLHE41,salmon
BHMT2,salmon
BICD2,salmon
BIN2,salmon
BMI1,salmon
BMP8A,salmon
BMP8B,salmon
BNIP3,salmon
BPNT1,salmon
BRD2,salmon
BRD7,salmon
BRDT,salmon
BRE,salmon
BRP44,salmon
BTBD11,salmon
BTBD2,salmon
BTBD7,salmon
BTBD9,salmon
BTNL2,salmon
BUB3,salmon
C10ORF105,salmon
C10ORF107,salmon
C10ORF18,salmon
C10ORF53,salmon
C10ORF76,salmon
C10ORF88,salmon
C10ORF90,salmon
C11ORF45,salmon
C11ORF61,salmon
C11ORF65,salmon
C11ORF66,salmon
C12ORF29,salmon
C12ORF34,salmon
C12ORF44,salmon
C12ORF57,salmon
C12ORF67,salmon
C12ORF68,salmon
C12ORF74,salmon
C13ORF33,salmon
C14ORF159,salmon
C14ORF166B,salmon
C14ORF34,salmon
C15ORF44,salmon
C16ORF45,salmon
C16ORF68,salmon
C16ORF72,salmon
C17ORF100,salmon
C17ORF28,salmon
C17ORF49,salmon
C18ORF10,salmon
C19ORF28,salmon
C19ORF77,salmon
C1ORF150,salmon
C1ORF159,salmon
C1ORF170,salmon
C1ORF173,salmon
C1ORF186,salmon
C1ORF74,salmon
C1ORF87,salmon
C20ORF46,salmon
C22ORF34,salmon
C2CD2L,salmon
C2ORF58,salmon
C2ORF70,salmon
C3ORF16,salmon
C3ORF21,salmon
C3ORF26,salmon
C3ORF36,salmon
C3ORF57,salmon
C4ORF3,salmon
C4ORF33,salmon
C4ORF38,salmon
C4ORF43,salmon
C4ORF44,salmon
C5ORF15,salmon
C5ORF24,salmon
C5ORF35,salmon
C5ORF39,salmon
C5ORF44,salmon
C5ORF51,salmon
C6ORF10,salmon
C6ORF136,salmon
C6ORF145,salmon
C6ORF150,salmon
C6ORF174,salmon
C6ORF217,salmon
C6ORF221,salmon
C6ORF48,salmon
C7ORF50,salmon
C7ORF55,salmon
C7ORF70,salmon
C8ORF45,salmon
C8ORF55,salmon
C9ORF131,salmon
C9ORF135,salmon
C9ORF170,salmon
C9ORF5,salmon
C9ORF80,salmon
C9ORF98,salmon
CA6,salmon
CACNA1C,salmon
CACNA1E,salmon
CACNA1H,salmon
CACNA2D4,salmon
CACNB1,salmon
CACNB4,salmon
CACNG1,salmon
CADM1,salmon
CADPS2,salmon
CALB1,salmon
CALML4,salmon
CANX,salmon
CAPN10,salmon
CAPRIN1,salmon
CAPRIN2,salmon
CAPZB,salmon
CARS2,salmon
CASC2,salmon
CASZ1,salmon
CAV1,salmon
CAV2,salmon
CBFA2T3,salmon
CBX1,salmon
CCAR1,salmon
CCDC102A,salmon
CCDC112,salmon
CCDC146,salmon
CCDC147,salmon
CCDC149,salmon
CCDC155,salmon
CCDC23,salmon
CCDC28A,salmon
CCDC3,salmon
CCDC33,salmon
CCDC52,salmon
CCDC57,salmon
CCDC73,salmon
CCDC80,salmon
CCDC85A,salmon
CCDC85B,salmon
CCDC88A,salmon
CCDC89,salmon
CCL22,salmon
CCM2,salmon
CCND1,salmon
CCNI2,salmon
CCNL1,salmon
CCNT1,salmon
CCR1,salmon
CCR4,salmon
CCR5,salmon
CCR6,salmon
CD180,salmon
CD1D,salmon
CD300LB,salmon
CD320,salmon
CD58,salmon
CD59,salmon
CD6,salmon
CD74,salmon
CD81,salmon
CD82,salmon
CD86,salmon
CDC123,salmon
CDC14A,salmon
CDC14B,salmon
CDC23,salmon
CDC42BPB,salmon
CDCA4,salmon
CDH13,salmon
CDH15,salmon
CDH2,salmon
CDH23,salmon
CDK18,salmon
CDK19,salmon
CDK2AP2,salmon
CDKN1C,salmon
CDKN2C,salmon
CDT1,salmon
CDX1,salmon
CDYL,salmon
CECR2,salmon
CELSR1,salmon
CENPA,salmon
CENPJ,salmon
CENPT,salmon
CFL1,salmon
CHDH,salmon
CHID1,salmon
CHN2,salmon
CHRM3,salmon
CHRNA2,salmon
CHRNA5,salmon
CHST11,salmon
CHST15,salmon
CHST2,salmon
CHST5,salmon
CHSY3,salmon
CLCN6,salmon
CLCNKB,salmon
CLDN10,salmon
CLDN23,salmon
CLDN3,salmon
CLDND1,salmon
CLEC14A,salmon
CLEC2D,salmon
CLEC4A,salmon
CLEC5A,salmon
CLEC9A,salmon
CLIC1,salmon
CLLU1OS,salmon
CLMN,salmon
CLN5,salmon
CLRN1,salmon
CLSTN1,salmon
CMKLR1,salmon
CMTM2,salmon
CNIH4,salmon
CNNM4,salmon
CNOT1,salmon
CNOT6,salmon
CNPY3,salmon
CNST,salmon
CNTFR,salmon
COL11A2,salmon
COL15A1,salmon
COL17A1,salmon
COL23A1,salmon
COL24A1,salmon
COL4A2,salmon
COMMD6,salmon
COPS7A,salmon
CORIN,salmon
CORO1A,salmon
CORO1C,salmon
COTL1,salmon
COX19,salmon
CPA4,salmon
CPM,salmon
CPNE1,salmon
CPNE7,salmon
CPXM2,salmon
CR1L,salmon
CRADD,salmon
CRAMP1L,salmon
CRELD1,salmon
CRIP2,salmon
CRMP1,salmon
CRTAM,salmon
CRYM,salmon
CS,salmon
CSDE1,salmon
CSF1R,salmon
CSGALNACT1,salmon
CSMD1,salmon
CSNK1D,salmon
CSNK1G2,salmon
CSPP1,salmon
CTBP1,salmon
CTBP2,salmon
CTDP1,salmon
CTDSP1,salmon
CTNND1,salmon
CTRB1,salmon
CTSC,salmon
CTSF,salmon
CUL3,salmon
CUL4A,salmon
CUX2,salmon
CX3CR1,salmon
CYFIP1,salmon
CYP11A1,salmon
CYP26B1,salmon
CYP2A7,salmon
CYP4V2,salmon
D4S234E,salmon
DAB1,salmon
DAGLB,salmon
DAPK2,salmon
DBI,salmon
DBN1,salmon
DCAF17,salmon
DCLK1,salmon
DCPS,salmon
DDAH2,salmon
DDR1,salmon
DDX10,salmon
DDX59,salmon
DDX60,salmon
DEDD,salmon
DEF8,salmon
DENND3,salmon
DET1,salmon
DFFA,salmon
DFNB31,salmon
DGCR6,salmon
DGKA,salmon
DGKG,salmon
DGKQ,salmon
DHRS7,salmon
DIP2C,salmon
DISC1,salmon
DKFZP686I15217,salmon
DKK3,salmon
DLC1,salmon
DLEU2,salmon
DLEU7,salmon
DLGAP2,salmon
DLL3,salmon
DNAH1,salmon
DNAH17,salmon
DNAJA4,salmon
DNAJB13,salmon
DNAJC15,salmon
DNAJC30,salmon
DNAJC5G,salmon
DNAJC6,salmon
DNHD1,salmon
DNMT3A,salmon
DOCK1,salmon
DOK3,salmon
DPH2,salmon
DPP6,salmon
DPP8,salmon
DPYSL2,salmon
DPYSL5,salmon
DSE,salmon
DSTYK,salmon
DTNB,salmon
DTNBP1,salmon
DUSP1,salmon
DUSP11,salmon
DUSP12,salmon
DUSP22,salmon
E4F1,salmon
EAF1,salmon
EDNRB,salmon
EEF1D,salmon
EEF2K,salmon
EEFSEC,salmon
EFR3A,salmon
EGFR,salmon
EGLN1,salmon
EGR1,salmon
EGR4,salmon
EHMT2,salmon
EIF2AK3,salmon
EIF2C2,salmon
EIF3B,salmon
EIF3E,salmon
EIF3M,salmon
EIF5A,salmon
ELAVL4,salmon
ELFN1,salmon
ELMO1,salmon
ELP4,salmon
EME2,salmon
EML4,salmon
EMP1,salmon
ENO1,salmon
ENOX1,salmon
EOMES,salmon
EP400,salmon
EPB41L2,salmon
EPC1,salmon
EPHB3,salmon
EPS8,salmon
ERC2,salmon
ERICH1,salmon
ESD,salmon
ESRRG,salmon
ETV1,salmon
EVC2,salmon
EVL,salmon
EVX1,salmon
EXOC6,salmon
EXOC6B,salmon
EXOSC10,salmon
EXOSC6,salmon
EYA4,salmon
F11,salmon
FABP6,salmon
FAM101B,salmon
FAM113B,salmon
FAM119A,salmon
FAM120AOS,salmon
FAM120B,salmon
FAM125B,salmon
FAM129A,salmon
FAM134A,salmon
FAM134B,salmon
FAM164A,salmon
FAM167B,salmon
FAM189A1,salmon
FAM189B,salmon
FAM196A,salmon
FAM19A3,salmon
FAM20C,salmon
FAM38A,salmon
FAM46A,salmon
FAM49A,salmon
FAM53A,salmon
FAM54B,salmon
FAM59A,salmon
FAM69C,salmon
FAM78A,salmon
FAM82A1,salmon
FAM86C,salmon
FANCC,salmon
FANCD2,salmon
FANCE,salmon
FAT1,salmon
FAT3,salmon
FBLN2,salmon
FBN2,salmon
FBRSL1,salmon
FBXL14,salmon
FBXL18,salmon
FBXO39,salmon
FBXO5,salmon
FCAMR,salmon
FCER1G,salmon
FCRL4,salmon
FEM1C,salmon
FEZ1,salmon
FGF23,salmon
FGF5,salmon
FGF6,salmon
FGGY,salmon
FHAD1,salmon
FIBCD1,salmon
FKBP4,salmon
FKBPL,salmon
FLI1,salmon
FLJ16779,salmon
FLJ31306,salmon
FLJ90757,salmon
FNBP1,salmon
FNDC3A,salmon
FNIP2,salmon
FOLH1,salmon
FOLR2,salmon
FOXK1,salmon
FOXK2,salmon
FOXN3,salmon
FRAT1,salmon
FREM2,salmon
FRMD4A,salmon
FRMD8,salmon
FRS3,salmon
FUT4,salmon
FYCO1,salmon
FZD9,salmon
GABARAP,salmon
GABRP,salmon
GADL1,salmon
GAL3ST2,salmon
GALNT5,salmon
GALNT7,salmon
GALNT9,salmon
GAS7,salmon
GATA4,salmon
GATAD2B,salmon
GATSL3,salmon
GBAP1,salmon
GBP4,salmon
GBX2,salmon
GCET2,salmon
GDF2,salmon
GDF9,salmon
GDI2,salmon
GFI1B,salmon
GFOD2,salmon
GFRA1,salmon
GGA3,salmon
GIMAP1,salmon
GJA5,salmon
GJB7,salmon
GLDN,salmon
GLIPR1L2,salmon
GLIS1,salmon
GLOD4,salmon
GLRX5,salmon
GLUL,salmon
GNPAT,salmon
GNPNAT1,salmon
GNPTAB,salmon
GOLGA3,salmon
GOLIM4,salmon
GOLM1,salmon
GP6,salmon
GPBP1L1,salmon
GPC6,salmon
GPR123,salmon
GPR133,salmon
GPR176,salmon
GPR19,salmon
GPR39,salmon
GPR68,salmon
GPR88,salmon
GPRC5B,salmon
GPRIN3,salmon
GPSM3,salmon
GRAMD3,salmon
GRB10,salmon
GRID2,salmon
GRIK2,salmon
GRIK4,salmon
GRIN2A,salmon
GRK4,salmon
GRK7,salmon
GRPEL1,salmon
GSG1,salmon
GTF3C2,salmon
GTSF1,salmon
GUCY2G,salmon
GUSB,salmon
H2AFY,salmon
H6PD,salmon
HAUS6,salmon
HBM,salmon
HCCA2,salmon
HCG22,salmon
HCG9,salmon
HDAC3,salmon
HDAC4,salmon
HDAC5,salmon
HEATR2,salmon
HEG1,salmon
HELZ,salmon
HEMK1,salmon
HHATL,salmon
HINFP,salmon
HIST1H4B,salmon
HIVEP2,salmon
HIVEP3,salmon
HK1,salmon
HK2,salmon
HLA-A,salmon
HLA-DMB,salmon
HLA-DOA,salmon
HLA-DOB,salmon
HLA-DPA1,salmon
HLA-DPB2,salmon
HLA-DQB2,salmon
HLA-DRB5,salmon
HLA-E,salmon
HLA-F,salmon
HLA-H,salmon
HLF,salmon
HLTF,salmon
HLX,salmon
HMGCR,salmon
HMGN4,salmon
HOPX,salmon
HOXA11AS,salmon
HOXD9,salmon
HPSE2,salmon
HS3ST3A1,salmon
HS3ST3B1,salmon
HSBP1,salmon
HSD17B7,salmon
HSD17B7P2,salmon
HSF1,salmon
HSPA12A,salmon
HSPA1L,salmon
HSPA4,salmon
HSPA5,salmon
HSPG2,salmon
HTR1B,salmon
HTR3A,salmon
HTRA2,salmon
HTRA3,salmon
ID3,salmon
IDH1,salmon
IDUA,salmon
IER3,salmon
IER5L,salmon
IFFO2,salmon
IFI30,salmon
IFT172,salmon
IGDCC4,salmon
IGF1R,salmon
IGF2BP3,salmon
IGF2R,salmon
IGFBP6,salmon
IGLON5,salmon
IGSF8,salmon
IKBKB,salmon
IL10,salmon
IL17RD,salmon
IL19,salmon
IL1RL2,salmon
IMPAD1,salmon
IMPDH1,salmon
INCA1,salmon
INO80B,salmon
INPP5A,salmon
INPP5D,salmon
INPP5F,salmon
INTS9,salmon
INTU,salmon
IP6K3,salmon
IPCEF1,salmon
IQCG,salmon
IQCH,salmon
IQCK,salmon
IRAK1BP1,salmon
IRF7,salmon
IRF8,salmon
IRX1,salmon
ISCA1,salmon
ISLR2,salmon
ISOC1,salmon
ITGB5,salmon
ITPRIP,salmon
ITPRIPL2,salmon
JAG2,salmon
JAKMIP3,salmon
JAM3,salmon
JARID2,salmon
JOSD1,salmon
KCNA2,salmon
KCNAB1,salmon
KCNAB2,salmon
KCNK4,salmon
KCNK9,salmon
KCNMA1,salmon
KCNQ1,salmon
KCTD8,salmon
KDM1B,salmon
KHDC1,salmon
KHDRBS3,salmon
KIAA0226,salmon
KIAA0513,salmon
KIAA0556,salmon
KIAA0586,salmon
KIAA0664,salmon
KIAA1026,salmon
KIAA1161,salmon
KIAA1274,salmon
KIAA1377,salmon
KIAA1462,salmon
KIAA1524,salmon
KIAA1529,salmon
KIAA1530,salmon
KIAA1614,salmon
KIAA1751,salmon
KIAA1919,salmon
KIF11,salmon
KIF13A,salmon
KIF13B,salmon
KIF17,salmon
KIF1B,salmon
KIF25,salmon
KIF26A,salmon
KIF26B,salmon
KIF6,salmon
KIF7,salmon
KIFC1,salmon
KIFC2,salmon
KIFC3,salmon
KIRREL,salmon
KIRREL3,salmon
KLF10,salmon
KLF16,salmon
KLF4,salmon
KLHDC4,salmon
KLHL29,salmon
KLKB1,salmon
KRR1,salmon
KRT78,salmon
KRT83,salmon
LACTB2,salmon
LAPTM5,salmon
LARS,salmon
LASS3,salmon
LCP1,salmon
LDB1,salmon
LDLRAD3,salmon
LECT1,salmon
LEPREL1,salmon
LEPREL2,salmon
LFNG,salmon
LGR6,salmon
LHFPL2,salmon
LHPP,salmon
LHX4,salmon
LILRA4,salmon
LIMCH1,salmon
LIN7B,salmon
LIN7C,salmon
LINGO3,salmon
LITAF,salmon
LMBR1,salmon
LMO1,salmon
LMO2,salmon
LMTK2,salmon
LMX1A,salmon
LOC100101938,salmon
LOC100129066,salmon
LOC100130015,salmon
LOC100130581,salmon
LOC100192426,salmon
LOC100271832,salmon
LOC146880,salmon
LOC151174,salmon
LOC283663,salmon
LOC283999,salmon
LOC388965,salmon
LOC401127,salmon
LOC441204,salmon
LOC643387,salmon
LOC652276,salmon
LOC731789,salmon
LOXL2,salmon
LPAR5,salmon
LPCAT1,salmon
LPP,salmon
LPPR2,salmon
LPPR4,salmon
LRP5,salmon
LRRC1,salmon
LRRC16A,salmon
LRRC37B2,salmon
LRRC45,salmon
LRRC47,salmon
LRRC8B,salmon
LRRFIP1,salmon
LRTOMT,salmon
LSM10,salmon
LSM11,salmon
LSM14A,salmon
LSP1,salmon
LTBP3,salmon
LUZP1,salmon
LYN,salmon
LYPLA2,salmon
LZTS1,salmon
MACROD1,salmon
MAD1L1,salmon
MAEA,salmon
MAFK,salmon
MAGI1,salmon
MAML1,salmon
MAML2,salmon
MAML3,salmon
MAN1C1,salmon
MAP3K1,salmon
MAPKAPK3,salmon
MAPRE3,salmon
MARCH1,salmon
MARCH3,salmon
MARK2,salmon
MARS2,salmon
MARVELD2,salmon
MAS1,salmon
MAST3,salmon
MAST4,salmon
MAT2A,salmon
MBOAT7,salmon
MBP,salmon
MC5R,salmon
MCC,salmon
MCCC2,salmon
MCF2L,salmon
MCF2L2,salmon
MCM6,salmon
MCPH1,salmon
ME1,salmon
ME3,salmon
MED1,salmon
MED12L,salmon
MED28,salmon
MEGF10,salmon
MEGF11,salmon
MEIG1,salmon
MEMO1,salmon
MEPCE,salmon
MERTK,salmon
MEST,salmon
METTL11A,salmon
METTL8,salmon
MFAP3L,salmon
MFGE8,salmon
MFSD2B,salmon
MGA,salmon
MGAT1,salmon
MGAT5,salmon
MGC12982,salmon
MGLL,salmon
MGMT,salmon
MGRN1,salmon
MGST3,salmon
MIIP,salmon
MINA,salmon
MIR101-1,salmon
MIR1178,salmon
MIR1197,salmon
MIR1207,salmon
MIR1208,salmon
MIR125B1,salmon
MIR128-2,salmon
MIR143,salmon
MIR190,salmon
MIR190B,salmon
MIR2110,salmon
MIR548F1,salmon
MIR548H3,salmon
MIR603,salmon
MIR662,salmon
MIR758,salmon
MIR922,salmon
MIR942,salmon
MKI67,salmon
MKL2,salmon
MKNK1,salmon
MKNK2,salmon
MKRN2,salmon
MLF2,salmon
MLL2,salmon
MMADHC,salmon
MMEL1,salmon
MOV10,salmon
MPEG1,salmon
MPHOSPH8,salmon
MR1,salmon
MRE11A,salmon
MRP63,salmon
MRPL1,salmon
MRPL12,salmon
MRPL15,salmon
MRPL52,salmon
MRPL55,salmon
MRPS18B,salmon
MRPS27,salmon
MRPS33,salmon
MS4A3,salmon
MS4A6A,salmon
MSH6,salmon
MSX1,salmon
MTHFD1,salmon
MTHFD1L,salmon
MTL5,salmon
MTMR12,salmon
MTMR14,salmon
MTMR15,salmon
MTNR1B,salmon
MUC4,salmon
MYCN,salmon
MYEOV,salmon
MYEOV2,salmon
MYH10,salmon
MYO10,salmon
MYO15A,salmon
MYO16,salmon
MYO1C,salmon
MYO5C,salmon
MYO7A,salmon
MYOZ1,salmon
MYST4,salmon
MYT1L,salmon
NACA,salmon
NACAP1,salmon
NAGPA,salmon
NAMPT,salmon
NAPEPLD,salmon
NAV2,salmon
NAV3,salmon
NCK1,salmon
NCK2,salmon
NCKAP1L,salmon
NCOA4,salmon
NCOA5,salmon
NCOR2,salmon
NCR2,salmon
NCRNA00167,salmon
NCRNA00171,salmon
NDE1,salmon
NDUFA12,salmon
NDUFB4,salmon
NEDD9,salmon
NEK3,salmon
NELL1,salmon
NET1,salmon
NEUROG1,salmon
NFE2L1,salmon
NFIC,salmon
NFYA,salmon
NGF,salmon
NGFR,salmon
NINJ1,salmon
NKD1,salmon
NKX3-1,salmon
NLGN1,salmon
NLRC3,salmon
NODAL,salmon
NOM1,salmon
NPAS3,salmon
NPTN,salmon
NPY2R,salmon
NR2C1,salmon
NR2E1,salmon
NR4A2,salmon
NRAP,salmon
NRBF2,salmon
NRCAM,salmon
NRXN1,salmon
NRXN2,salmon
NSMCE2,salmon
NSUN6,salmon
NTM,salmon
NTN1,salmon
NTRK2,salmon
NUBPL,salmon
NUDC,salmon
NUDT1,salmon
NUDT9,salmon
NUP54,salmon
OASL,salmon
OBSCN,salmon
ODZ3,salmon
ODZ4,salmon
OGFR,salmon
OGFRL1,salmon
OR14J1,salmon
OR1K1,salmon
OR52B6,salmon
OR7E37P,salmon
OR8B12,salmon
OR8K1,salmon
OR8U8,salmon
ORAI2,salmon
OSBPL3,salmon
OSGIN2,salmon
OSTBETA,salmon
OTUD3,salmon
OXCT1,salmon
OXR1,salmon
P2RX5,salmon
P2RX7,salmon
P2RY6,salmon
PABPC1,salmon
PABPC1P2,salmon
PACRG,salmon
PACS1,salmon
PAG1,salmon
PALM3,salmon
PANK1,salmon
PANX2,salmon
PAOX,salmon
PAQR5,salmon
PAQR6,salmon
PAQR9,salmon
PARD6A,salmon
PARK7,salmon
PARP16,salmon
PARP4,salmon
PASK,salmon
PAX2,salmon
PBX2,salmon
PCBD2,salmon
PCBP1,salmon
PCCA,salmon
PCCB,salmon
PCDH20,salmon
PCDHAC1,salmon
PCDHGA4,salmon
PCNX,salmon
PCTP,salmon
PDCD11,salmon
PDE1C,salmon
PDE3B,salmon
PDE6A,salmon
PDLIM2,salmon
PDLIM4,salmon
PDZRN4,salmon
PELI2,salmon
PEX10,salmon
PFDN6,salmon
PFKP,salmon
PFN1,salmon
PFN2,salmon
PGC,salmon
PGRMC2,salmon
PHACTR2,salmon
PHAX,salmon
PHF12,salmon
PHF17,salmon
PHF7,salmon
PHLDA1,salmon
PHTF2,salmon
PI4K2B,salmon
PIGG,salmon
PIK3R3,salmon
PIP4K2A,salmon
PITPNM2,salmon
PKHD1,salmon
PLA2G16,salmon
PLAC9,salmon
PLAT,salmon
PLCD3,salmon
PLCL2,salmon
PLCXD2,salmon
PLD4,salmon
PLEK,salmon
PLEKHA5,salmon
PLEKHA7,salmon
PLK2,salmon
PLSCR1,salmon
PLSCR2,salmon
PLVAP,salmon
PLXDC2,salmon
PLXNC1,salmon
PMPCB,salmon
PNLDC1,salmon
PNP,salmon
PNPLA1,salmon
PNPT1,salmon
POLR2C,salmon
POP4,salmon
POPDC2,salmon
POR,salmon
POU4F1,salmon
POU5F1,salmon
PPAPDC3,salmon
PPCS,salmon
PPFIA3,salmon
PPIE,salmon
PPM1E,salmon
PPOX,salmon
PPP1R13B,salmon
PPP1R3C,salmon
PPP1R3E,salmon
PPP1R3G,salmon
PPP2R5D,salmon
PPP3CA,salmon
PPT1,salmon
PQLC3,salmon
PRAGMIN,salmon
PRDM11,salmon
PRDM16,salmon
PRDM7,salmon
PRDM9,salmon
PRELID2,salmon
PREPL,salmon
PRKAG2,salmon
PRKAR1B,salmon
PRKCD,salmon
PRKCQ,salmon
PRKCZ,salmon
PRKRIR,salmon
PRO1768,salmon
PROZ,salmon
PRPF19,salmon
PRPF8,salmon
PRR15,salmon
PRR24,salmon
PRR4,salmon
PRRX2,salmon
PRSS22,salmon
PRSS27,salmon
PSMA5,salmon
PSMB5,salmon
PSMB8,salmon
PSMB9,salmon
PSRC1,salmon
PSTK,salmon
PTCHD2,salmon
PTGFRN,salmon
PTPN22,salmon
PTPN7,salmon
PTPRB,salmon
PTPRC,salmon
PTPRE,salmon
PTPRG,salmon
PTPRJ,salmon
PTPRN2,salmon
PTPRO,salmon
PTRF,salmon
PUS7L,salmon
PVRL1,salmon
PXDN,salmon
PYCARD,salmon
PYY,salmon
QPRT,salmon
QRFP,salmon
QRSL1,salmon
RAB11FIP3,salmon
RAB20,salmon
RAB35,salmon
RAB3C,salmon
RAB4A,salmon
RAB7L1,salmon
RABL5,salmon
RADIL,salmon
RAF1,salmon
RAI1,salmon
RALGPS2,salmon
RAMP1,salmon
RASA3,salmon
RASGRF1,salmon
RASSF1,salmon
RASSF8,salmon
RBM14,salmon
RBM19,salmon
RBM20,salmon
RBM23,salmon
RBM6,salmon
RBP1,salmon
RBPMS,salmon
RCAN3,salmon
RCC2,salmon
RCN1,salmon
RDX,salmon
REC8,salmon
RECK,salmon
RFWD3,salmon
RFXANK,salmon
RGL2,salmon
RGS1,salmon
RGS10,salmon
RGS12,salmon
RGS14,salmon
RHBDF2,salmon
RHPN1,salmon
RIBC2,salmon
RIMS2,salmon
RING1,salmon
RIPK4,salmon
RMND1,salmon
RMND5B,salmon
RNASE7,salmon
RNF103,salmon
RNF126,salmon
RNF166,salmon
RNF17,salmon
RNF7,salmon
ROBO2,salmon
ROR1,salmon
RPA2,salmon
RPAP1,salmon
RPH3AL,salmon
RPL24,salmon
RPL27,salmon
RPL37,salmon
RPL39L,salmon
RPN1,salmon
RPS15,salmon
RPS27A,salmon
RPS6KA2,salmon
RPTOR,salmon
RRAGA,salmon
RSPRY1,salmon
RTN1,salmon
RUFY1,salmon
RUNDC2A,salmon
RUNDC3B,salmon
RXRA,salmon
RYR2,salmon
S100A9,salmon
SAFB2,salmon
SALL1,salmon
SARNP,salmon
SATB2,salmon
SAV1,salmon
SCAMP3,salmon
SCAND3,salmon
SCARB1,salmon
SCFD2,salmon
SCN11A,salmon
SCN4A,salmon
SCN9A,salmon
SCUBE2,salmon
SDHA,salmon
SDHAP1,salmon
SDK1,salmon
SDPR,salmon
SDR16C5,salmon
SEBOX,salmon
SEC24D,salmon
SECTM1,salmon
SEMA4G,salmon
SEMA5B,salmon
SENP1,salmon
SEPT11,salmon
SEPT13,salmon
SEPT5,salmon
SEPT7,salmon
SEPW1,salmon
SERGEF,salmon
SERPINF2,salmon
SETD2,salmon
SETD7,salmon
SEZ6L2,salmon
SF1,salmon
SF3B3,salmon
SFMBT1,salmon
SFRS13A,salmon
SFRS4,salmon
SFTA2,salmon
SGCE,salmon
SGIP1,salmon
SGK1,salmon
SGMS1,salmon
SGPL1,salmon
SH3BP4,salmon
SH3BP5,salmon
SH3PXD2A,salmon
SH3RF1,salmon
SH3RF3,salmon
SHANK2,salmon
SHISA3,salmon
SHQ1,salmon
SHROOM3,salmon
SIK2,salmon
SIKE1,salmon
SIRT4,salmon
SIX2,salmon
SKI,salmon
SLC10A4,salmon
SLC11A1,salmon
SLC12A3,salmon
SLC12A7,salmon
SLC12A8,salmon
SLC15A4,salmon
SLC1A5,salmon
SLC1A7,salmon
SLC22A23,salmon
SLC24A4,salmon
SLC25A17,salmon
SLC25A19,salmon
SLC25A37,salmon
SLC25A38,salmon
SLC26A1,salmon
SLC26A4,salmon
SLC29A1,salmon
SLC2A5,salmon
SLC2A9,salmon
SLC30A3,salmon
SLC35B3,salmon
SLC36A4,salmon
SLC39A10,salmon
SLC39A3,salmon
SLC39A4,salmon
SLC39A7,salmon
SLC43A2,salmon
SLC46A3,salmon
SLC4A8,salmon
SLC5A6,salmon
SLC6A13,salmon
SLC6A17,salmon
SLC7A5,salmon
SLC8A3,salmon
SLIT3,salmon
SLITRK5,salmon
SMAD1,salmon
SMAD2,salmon
SMOC2,salmon
SMYD3,salmon
SMYD5,salmon
SNAP23,salmon
SNCB,salmon
SND1,salmon
SNIP1,salmon
SNORA11B,salmon
SNORD116-1,salmon
SNORD116-22,salmon
SNRNP27,salmon
SNRNP35,salmon
SNRPC,salmon
SNTG2,salmon
SNX11,salmon
SNX29,salmon
SNX8,salmon
SNX9,salmon
SOLH,salmon
SORBS2,salmon
SORCS1,salmon
SORCS2,salmon
SORCS3,salmon
SORL1,salmon
SOX11,salmon
SOX2OT,salmon
SP1,salmon
SP140,salmon
SPACA1,salmon
SPAG8,salmon
SPARC,salmon
SPATA13,salmon
SPATS2,salmon
SPATS2L,salmon
SPG7,salmon
SPI1,salmon
SPON2,salmon
SPSB4,salmon
SPTY2D1,salmon
SRCRB4D,salmon
SRD5A3,salmon
SRL,salmon
SRP14,salmon
SSB,salmon
SSBP2,salmon
SSBP3,salmon
SSH1,salmon
SSRP1,salmon
SST,salmon
SSU72,salmon
ST5,salmon
ST6GAL1,salmon
ST6GALNAC5,salmon
ST8SIA4,salmon
STC2,salmon
STIL,salmon
STK10,salmon
STK19,salmon
STK32C,salmon
STRA6,salmon
STX2,salmon
STXBP6,salmon
STYX,salmon
SUCLG2,salmon
SUPT16H,salmon
SUPV3L1,salmon
SUSD3,salmon
SUV39H2,salmon
SUV420H1,salmon
SYN2,salmon
SYNJ2,salmon
SYNM,salmon
SYT6,salmon
SYT9,salmon
SYTL2,salmon
SYTL3,salmon
TAC4,salmon
TAF13,salmon
TAF3,salmon
TAGAP,salmon
TAL1,salmon
TANC1,salmon
TAPBP,salmon
TAPBPL,salmon
TARDBP,salmon
TBC1D1,salmon
TBC1D15,salmon
TBC1D22A,salmon
TBC1D9,salmon
TBCD,salmon
TBR1,salmon
TBX15,salmon
TBXAS1,salmon
TCERG1L,salmon
TCF19,salmon
TCF23,salmon
TCHH,salmon
TCOF1,salmon
TEAD1,salmon
TEAD2,salmon
TELO2,salmon
TERT,salmon
TESC,salmon
TESK2,salmon
TET1,salmon
TGFBR2,salmon
THNSL1,salmon
THSD4,salmon
THY1,salmon
TIGIT,salmon
TIMP2,salmon
TJP1,salmon
TLN2,salmon
TM9SF3,salmon
TMC8,salmon
TMEM101,salmon
TMEM104,salmon
TMEM121,salmon
TMEM161B,salmon
TMEM167B,salmon
TMEM176B,salmon
TMEM177,salmon
TMEM18,salmon
TMEM184A,salmon
TMEM206,salmon
TMEM218,salmon
TMEM41A,salmon
TMEM42,salmon
TMEM8A,salmon
TMUB2,salmon
TNFRSF13C,salmon
TNFRSF1A,salmon
TNIP3,salmon
TNKS1BP1,salmon
TNNI2,salmon
TNRC18,salmon
TNXB,salmon
TOB2,salmon
TOM1L1,salmon
TOM1L2,salmon
TOP1MT,salmon
TOP2B,salmon
TP53BP1,salmon
TP53BP2,salmon
TP53I13,salmon
TP73,salmon
TPM1,salmon
TPO,salmon
TPRA1,salmon
TRAF3,salmon
TRANK1,salmon
TRAPPC9,salmon
TRERF1,salmon
TRHDE,salmon
TRIB1,salmon
TRIM10,salmon
TRIM2,salmon
TRIM26,salmon
TRIM27,salmon
TRIM31,salmon
TRIM36,salmon
TRIM39,salmon
TRIM6,salmon
TRIM6-TRIM34,salmon
TRIM67,salmon
TRIO,salmon
TRMT1,salmon
TRMT61B,salmon
TRNAU1AP,salmon
TRPC2,salmon
TRPM1,salmon
TRPS1,salmon
TSNARE1,salmon
TSPAN18,salmon
TSPAN4,salmon
TSSC1,salmon
TTBK1,salmon
TTC15,salmon
TTC17,salmon
TTC39A,salmon
TTLL10,salmon
TUBB,salmon
TUBB2B,salmon
TXN2,salmon
TXNL4B,salmon
TYRO3,salmon
UBAC2,salmon
UBASH3B,salmon
UBE2J2,salmon
UBE2K,salmon
UBFD1,salmon
UBN1,salmon
UBR1,salmon
UBR4,salmon
UBTF,salmon
UBXN11,salmon
UFC1,salmon
UNC5B,salmon
UNKL,salmon
UQCR,salmon
UQCRC1,salmon
USE1,salmon
USH2A,salmon
USP20,salmon
USP36,salmon
USP4,salmon
USPL1,salmon
UVRAG,salmon
UXS1,salmon
VARS2,salmon
VAX1,salmon
VGLL4,salmon
VHL,salmon
VNN2,salmon
VPS13D,salmon
VPS28,salmon
VPS29,salmon
VPS33A,salmon
VPS37B,salmon
VPS37D,salmon
VPS4A,salmon
VPS53,salmon
VTRNA1-1,salmon
VTRNA1-3,salmon
VWA5B2,salmon
WBP1,salmon
WDR20,salmon
WDR33,salmon
WDR4,salmon
WDR62,salmon
WDR73,salmon
WDR77,salmon
WDR8,salmon
WDR81,salmon
WDR82,salmon
WDR86,salmon
WDR89,salmon
WEE1,salmon
WFIKKN2,salmon
WHSC2,salmon
WIBG,salmon
WIPF1,salmon
WISP1,salmon
WNT11,salmon
WNT2B,salmon
WNT3A,salmon
WNT4,salmon
WNT5B,salmon
WRB,salmon
WWOX,salmon
WWTR1,salmon
XKR8,salmon
XPA,salmon
XYLT1,salmon
YPEL2,salmon
YPEL3,salmon
YTHDF2,salmon
ZBTB12,salmon
ZBTB16,salmon
ZC3H12C,salmon
ZC3H3,salmon
ZDHHC1,salmon
ZDHHC14,salmon
ZDHHC20,salmon
ZDHHC4,salmon
ZEB2,salmon
ZFAND2A,salmon
ZFP161,salmon
ZFYVE19,salmon
ZIC5,salmon
ZMIZ1,salmon
ZMYM5,salmon
ZNF12,salmon
ZNF140,salmon
ZNF16,salmon
ZNF169,salmon
ZNF19,salmon
ZNF282,salmon
ZNF311,salmon
ZNF32,salmon
ZNF331,salmon
ZNF354B,salmon
ZNF394,salmon
ZNF395,salmon
ZNF423,salmon
ZNF454,salmon
ZNF469,salmon
ZNF487,salmon
ZNF594,salmon
ZNF639,salmon
ZNF653,salmon
ZNF672,salmon
ZNF688,salmon
ZNF689,salmon
ZNF692,salmon
ZNF7,salmon
ZNF720,salmon
ZNF775,salmon
ZNF777,salmon
ZNF827,salmon
ZNF843,salmon
ZSCAN1,salmon
ZWINT,salmon
ZZEF1,salmon
ZZZ3,salmon
A2BP1,tan
AACSL,tan
AATF,tan
ABCA2,tan
ABCA3,tan
ABCF3,tan
ABHD11,tan
ABI2,tan
ABLIM1,tan
ABLIM2,tan
ABR,tan
ACAN,tan
ACOT7,tan
ACOX3,tan
ACSF3,tan
ACTBL2,tan
ACTN1,tan
ACTN2,tan
ACTR3B,tan
ADAD1,tan
ADAM7,tan
ADAM8,tan
ADAM9,tan
ADAMTS13,tan
ADAMTS16,tan
ADAMTS2,tan
ADAMTSL3,tan
ADAMTSL4,tan
ADAR,tan
ADARB2,tan
ADCY9,tan
ADCYAP1R1,tan
ADD2,tan
ADRA1A,tan
ADRA1B,tan
ADRA1D,tan
AFF3,tan
AGAP1,tan
AGAP3,tan
AGBL2,tan
AGPAT1,tan
AGPAT2,tan
AGPAT4,tan
AGPAT6,tan
AGXT,tan
AGXT2,tan
AHCYL1,tan
AHRR,tan
AJAP1,tan
AKAP13,tan
AKT1,tan
ALDH3B1,tan
ALKBH2,tan
ALKBH4,tan
ALLC,tan
ALMS1,tan
ALOX5,tan
ALS2,tan
AMMECR1L,tan
AMN1,tan
AMPH,tan
AMZ1,tan
ANK1,tan
ANK2,tan
ANKH,tan
ANKRD10,tan
ANKRD11,tan
ANKRD13A,tan
ANKRD23,tan
ANKRD26,tan
ANKRD33B,tan
ANKRD6,tan
ANKRD9,tan
ANO1,tan
ANPEP,tan
ANTXR1,tan
ANXA11,tan
AP2A2,tan
AP3D1,tan
AP3M2,tan
APBA1,tan
APBA2,tan
APLP1,tan
AQP1,tan
AQP2,tan
AQP6,tan
ARHGAP10,tan
ARHGAP26,tan
ARHGEF10,tan
ARHGEF4,tan
ARHGEF7,tan
ARID1A,tan
ARID1B,tan
ARIH2,tan
ARL15,tan
ARL9,tan
ARMC10,tan
ARMC2,tan
ARMC4,tan
ARMC9,tan
ARNTL,tan
ARSI,tan
ARVCF,tan
ASAM,tan
ASAP1,tan
ASB18,tan
ASTN1,tan
ATAD2B,tan
ATAD3A,tan
ATG4B,tan
ATG9A,tan
ATP10A,tan
ATP11A,tan
ATP12A,tan
ATP13A2,tan
ATP2B4,tan
ATP5S,tan
ATP6V0A2,tan
ATP6V1F,tan
ATP8B3,tan
ATPIF1,tan
ATRNL1,tan
ATXN1,tan
ATXN7L1,tan
AUTS2,tan
AXIN1,tan
AXIN2,tan
AZIN1,tan
B3GALTL,tan
B3GAT1,tan
B3GAT2,tan
B3GNTL1,tan
B4GALNT3,tan
BAI3,tan
BAIAP2,tan
BANP,tan
BAT1,tan
BAT2L1,tan
BATF2,tan
BAZ1B,tan
BCAT2,tan
BCL11B,tan
BCL2L11,tan
BCL9L,tan
BDKRB2,tan
BDNF,tan
BDNFOS,tan
BEND6,tan
BHLHE22,tan
BLZF1,tan
BMP1,tan
BMP10,tan
BMP8A,tan
BMPR1A,tan
BNC2,tan
BOC,tan
BRD2,tan
BRE,tan
BRF1,tan
BRF2,tan
BRMS1,tan
BRUNOL4,tan
BTBD11,tan
BTBD12,tan
BTBD3,tan
BTD,tan
BTNL9,tan
BUD31,tan
BZW2,tan
C10ORF105,tan
C10ORF128,tan
C10ORF18,tan
C11ORF57,tan
C11ORF73,tan
C11ORF75,tan
C11ORF92,tan
C12ORF51,tan
C12ORF77,tan
C13ORF16,tan
C14ORF132,tan
C14ORF162,tan
C14ORF38,tan
C15ORF59,tan
C16ORF35,tan
C16ORF59,tan
C16ORF71,tan
C16ORF73,tan
C17ORF101,tan
C19ORF26,tan
C19ORF28,tan
C1ORF157,tan
C1ORF159,tan
C1ORF161,tan
C1ORF220,tan
C1ORF27,tan
C1ORF38,tan
C1ORF57,tan
C1ORF69,tan
C1ORF85,tan
C1ORF86,tan
C1ORF95,tan
C1QB,tan
C1QTNF9B,tan
C21ORF29,tan
C21ORF56,tan
C22ORF26,tan
C2ORF48,tan
C2ORF54,tan
C2ORF55,tan
C2ORF70,tan
C2ORF74,tan
C3ORF10,tan
C3ORF21,tan
C3ORF25,tan
C3ORF32,tan
C3ORF39,tan
C4ORF44,tan
C5ORF54,tan
C5ORF56,tan
C6ORF10,tan
C6ORF106,tan
C6ORF114,tan
C6ORF118,tan
C6ORF132,tan
C6ORF136,tan
C6ORF155,tan
C6ORF176,tan
C6ORF186,tan
C6ORF27,tan
C6ORF59,tan
C7ORF20,tan
C7ORF30,tan
C7ORF34,tan
C7ORF49,tan
C7ORF50,tan
C7ORF51,tan
C7ORF58,tan
C7ORF65,tan
C8B,tan
C8ORF37,tan
C8ORF58,tan
C8ORF71,tan
C8ORF76,tan
C9ORF11,tan
C9ORF171,tan
C9ORF3,tan
C9ORF43,tan
C9ORF86,tan
CA2,tan
CAB39L,tan
CABP2,tan
CABYR,tan
CACNA1C,tan
CACNA1E,tan
CACNA1H,tan
CACNA1I,tan
CACNA2D3,tan
CACNA2D4,tan
CACNB2,tan
CACNG3,tan
CACNG8,tan
CADPS,tan
CALCB,tan
CAMK1D,tan
CAMK2A,tan
CAMK2B,tan
CAMK2N1,tan
CAMKK1,tan
CAMKK2,tan
CAMTA1,tan
CAP1,tan
CAP2,tan
CAPN8,tan
CAPN9,tan
CARKD,tan
CARTPT,tan
CASKIN1,tan
CASP7,tan
CASP8,tan
CASZ1,tan
CBFA2T3,tan
CBS,tan
CCDC108,tan
CCDC125,tan
CCDC132,tan
CCDC149,tan
CCDC25,tan
CCDC36,tan
CCDC40,tan
CCDC42,tan
CCDC47,tan
CCDC53,tan
CCDC59,tan
CCDC65,tan
CCDC85A,tan
CCDC88B,tan
CCDC96,tan
CCKBR,tan
CCND1,tan
CCND2,tan
CCNF,tan
CCNG1,tan
CCR1,tan
CCR10,tan
CCR9,tan
CD14,tan
CD1A,tan
CD200,tan
CD248,tan
CD36,tan
CD58,tan
CD59,tan
CD6,tan
CDAN1,tan
CDC42BPB,tan
CDC42BPG,tan
CDC5L,tan
CDC7,tan
CDGAP,tan
CDH18,tan
CDH23,tan
CDK11B,tan
CDK2AP1,tan
CDK8,tan
CDKN2C,tan
CDYL,tan
CELSR2,tan
CENPF,tan
CENPJ,tan
CEP164,tan
CERKL,tan
CFLAR,tan
CHD5,tan
CHMP1A,tan
CHMP7,tan
CHN1,tan
CHRM2,tan
CHRM4,tan
CHRNA1,tan
CHRNB2,tan
CHST15,tan
CLCN7,tan
CLDN10,tan
CLDN11,tan
CLDND1,tan
CLEC16A,tan
CLEC9A,tan
CLPS,tan
CLSTN2,tan
CMIP,tan
CMKLR1,tan
CNIH3,tan
CNPY3,tan
COASY,tan
COG1,tan
COG8,tan
COL11A2,tan
COL16A1,tan
COL23A1,tan
COL2A1,tan
COL4A1,tan
COL5A1,tan
COL5A3,tan
COL6A1,tan
COMTD1,tan
COQ7,tan
CPA6,tan
CPEB3,tan
CPLX2,tan
CPNE7,tan
CPSF1,tan
CPT1A,tan
CPVL,tan
CPZ,tan
CRADD,tan
CRAMP1L,tan
CREB5,tan
CREBBP,tan
CREG2,tan
CRH,tan
CRIP1,tan
CRISPLD1,tan
CRISPLD2,tan
CRTAP,tan
CRTC1,tan
CSMD2,tan
CSNK1A1P,tan
CSNK2A1P,tan
CSPP1,tan
CTBP1,tan
CTCF,tan
CTDSP1,tan
CTGF,tan
CTNNBIP1,tan
CTNND2,tan
CTTN,tan
CTXN3,tan
CUEDC1,tan
CUL1,tan
CWC22,tan
CXCR6,tan
CXXC5,tan
CYFIP1,tan
CYP4V2,tan
CYP7B1,tan
CYTH3,tan
CYTSB,tan
DAB1,tan
DAG1,tan
DAPK1,tan
DAXX,tan
DBF4B,tan
DBN1,tan
DCLK2,tan
DCLK3,tan
DCTN4,tan
DCUN1D4,tan
DDIT4L,tan
DDR2,tan
DDX1,tan
DDX10,tan
DDX42,tan
DEAF1,tan
DECR1,tan
DGKA,tan
DGKD,tan
DGKI,tan
DGKZ,tan
DHCR7,tan
DHH,tan
DHX30,tan
DIABLO,tan
DIP2C,tan
DISC1,tan
DKFZP761E198,tan
DKK3,tan
DLEU1,tan
DLGAP2,tan
DLX6AS,tan
DMBX1,tan
DMRTB1,tan
DNAJA3,tan
DNAJB6,tan
DNAJC17,tan
DNAJC2,tan
DNAJC5,tan
DNAJC5G,tan
DNAL4,tan
DNASE1,tan
DNMT3A,tan
DOCK1,tan
DOCK4,tan
DPCR1,tan
DPF3,tan
DPH2,tan
DPP10,tan
DPP6,tan
DPYSL4,tan
DRAM2,tan
DRD3,tan
DSCAML1,tan
DSCC1,tan
DST,tan
DTNB,tan
DTWD1,tan
DUOX1,tan
DUS1L,tan
DUSP14,tan
DYNC1H1,tan
DYRK2,tan
DYSF,tan
EBF3,tan
EDAR,tan
EDN2,tan
EEF1DP3,tan
EEFSEC,tan
EEPD1,tan
EFCAB4A,tan
EFHD1,tan
EFHD2,tan
EFNA5,tan
EGFR,tan
EHD3,tan
EIF1,tan
EIF2AK4,tan
EIF2B4,tan
EIF2C2,tan
EIF3A,tan
EIF3B,tan
EIF3J,tan
EIF4G1,tan
ELF5,tan
ELN,tan
EML1,tan
EML6,tan
ENKUR,tan
ENTPD2,tan
EP400,tan
EPC2,tan
EPHA4,tan
EPHB2,tan
EPN1,tan
EPN3,tan
EPRS,tan
ERC1,tan
ERC2,tan
ERCC3,tan
ERCC5,tan
ERICH1,tan
ERLEC1,tan
ESCO2,tan
ESPL1,tan
ESPNL,tan
ESYT3,tan
ETV5,tan
ETV7,tan
EVC2,tan
EVX1,tan
EXOC7,tan
F10,tan
FAM117A,tan
FAM126A,tan
FAM131A,tan
FAM163A,tan
FAM168B,tan
FAM170A,tan
FAM171A1,tan
FAM178B,tan
FAM189A1,tan
FAM192A,tan
FAM193A,tan
FAM198B,tan
FAM19A5,tan
FAM38A,tan
FAM49A,tan
FAM50B,tan
FAM57B,tan
FAM73B,tan
FAM83F,tan
FANCA,tan
FARP1,tan
FARSB,tan
FAT3,tan
FAT4,tan
FBRS,tan
FBXL16,tan
FBXL18,tan
FBXL19,tan
FBXL7,tan
FBXO10,tan
FBXO31,tan
FBXO32,tan
FBXO34,tan
FBXO41,tan
FBXO5,tan
FCHSD1,tan
FCRLA,tan
FEZF1,tan
FGF14,tan
FGFRL1,tan
FGGY,tan
FHIT,tan
FHL2,tan
FLJ41603,tan
FLJ43860,tan
FLJ45340,tan
FLNB,tan
FLRT1,tan
FMN2,tan
FN3KRP,tan
FNDC4,tan
FOS,tan
FOSB,tan
FOXI2,tan
FOXK1,tan
FOXK2,tan
FOXN3,tan
FOXO3,tan
FREQ,tan
FRMD4A,tan
FSIP1,tan
FSTL4,tan
FUBP1,tan
FUK,tan
G6PC2,tan
GABBR1,tan
GABPB1,tan
GABRA5,tan
GABRB1,tan
GABRB3,tan
GABRD,tan
GABRG3,tan
GAK,tan
GALM,tan
GALNT10,tan
GALNT2,tan
GALNT3,tan
GBGT1,tan
GCOM1,tan
GDAP2,tan
GDF2,tan
GEFT,tan
GEMIN4,tan
GFOD2,tan
GFRA1,tan
GFRA2,tan
GGA2,tan
GIMAP7,tan
GIT2,tan
GJB6,tan
GLB1L2,tan
GLIS1,tan
GLTPD1,tan
GMDS,tan
GMPR,tan
GNA12,tan
GNB2,tan
GNB2L1,tan
GNMT,tan
GNPDA1,tan
GOLSYN,tan
GPC5,tan
GPR107,tan
GPR113,tan
GPR123,tan
GPR133,tan
GPR153,tan
GPR177,tan
GPR25,tan
GPX5,tan
GRAMD1B,tan
GRB10,tan
GREB1,tan
GREM1,tan
GREM2,tan
GRIA4,tan
GRK5,tan
GRM2,tan
GRTP1,tan
GSTM2,tan
GSTM5,tan
GSTZ1,tan
GSX2,tan
GTF3C1,tan
H2AFY,tan
HAGH,tan
HAND2,tan
HARS2,tan
HCCA2,tan
HCFC2,tan
HCG27,tan
HDAC4,tan
HDAC7,tan
HEATR2,tan
HES1,tan
HES5,tan
HGS,tan
HHAT,tan
HIPK3,tan
HIST1H2BN,tan
HIST1H3G,tan
HK1,tan
HLA-DMA,tan
HLA-DOA,tan
HLA-DPB2,tan
HLA-DRA,tan
HLTF,tan
HMGB1,tan
HMGCS2,tan
HMMR,tan
HNRNPD,tan
HNRNPF,tan
HNRNPL,tan
HOPX,tan
HRASLS2,tan
HRNBP3,tan
HSD11B1,tan
HSD3B7,tan
HSDL1,tan
HSPA1B,tan
HSPB3,tan
HSPB8,tan
HSPG2,tan
HTT,tan
ID3,tan
IDO2,tan
IDUA,tan
IFT140,tan
IGDCC3,tan
IGF1R,tan
IGF2R,tan
IGSF21,tan
IL15RA,tan
IL17D,tan
IL18BP,tan
IL1R2,tan
IL6R,tan
ILF3,tan
IMMP1L,tan
ING5,tan
INHBB,tan
INPP4B,tan
INPP5A,tan
INSC,tan
INTS1,tan
INTS3,tan
INTS4,tan
IPO13,tan
IPO9,tan
IPPK,tan
IQCE,tan
IQCH,tan
IRF5,tan
IRGQ,tan
IRS2,tan
IRX6,tan
ISG20,tan
ITGA7,tan
ITGAE,tan
ITGB3BP,tan
ITGBL1,tan
ITIH2,tan
ITM2B,tan
ITPKB,tan
ITPRIP,tan
IYD,tan
JAG2,tan
JAGN1,tan
JAKMIP3,tan
JARID2,tan
JAZF1,tan
JDP2,tan
JMJD1C,tan
JPH1,tan
JPH3,tan
KALRN,tan
KBTBD11,tan
KCNA3,tan
KCNA4,tan
KCNAB2,tan
KCNF1,tan
KCNG4,tan
KCNH1,tan
KCNH3,tan
KCNIP3,tan
KCNIP4,tan
KCNJ5,tan
KCNK1,tan
KCNK10,tan
KCNMA1,tan
KCNN1,tan
KCNQ1,tan
KCNQ3,tan
KCTD10,tan
KCTD11,tan
KCTD18,tan
KCTD9,tan
KDM1B,tan
KDM3B,tan
KDM4A,tan
KDM4B,tan
KHDC1,tan
KHDRBS3,tan
KIAA0040,tan
KIAA0174,tan
KIAA0182,tan
KIAA0319,tan
KIAA0562,tan
KIAA0664,tan
KIAA1239,tan
KIAA1244,tan
KIAA1530,tan
KIAA1549,tan
KIAA1688,tan
KIAA1751,tan
KIAA1755,tan
KIAA2026,tan
KIF17,tan
KIF1A,tan
KIF26B,tan
KIF27,tan
KIF2C,tan
KIFC1,tan
KIRREL3,tan
KLF12,tan
KLF17,tan
KLF3,tan
KLHDC4,tan
KLHDC5,tan
KLHDC8A,tan
KLHDC9,tan
KLHL25,tan
KLHL29,tan
KNDC1,tan
KRT1,tan
KRT2,tan
KRT7,tan
KRT8,tan
KSR2,tan
KTELC1,tan
L3MBTL,tan
LAMA5,tan
LAMP1,tan
LARP1,tan
LATS2,tan
LBX1,tan
LCE6A,tan
LCMT1,tan
LDB2,tan
LEPRE1,tan
LGALS3,tan
LGI1,tan
LGI2,tan
LHPP,tan
LHX3,tan
LIG1,tan
LIMCH1,tan
LIN28,tan
LIN37,tan
LIN7C,tan
LLPH,tan
LMAN2,tan
LMAN2L,tan
LMF1,tan
LMF2,tan
LMTK2,tan
LOC100188947,tan
LOC100271715,tan
LOC100302652,tan
LOC116437,tan
LOC121952,tan
LOC145663,tan
LOC146336,tan
LOC153328,tan
LOC219347,tan
LOC254312,tan
LOC283922,tan
LOC285401,tan
LOC285696,tan
LOC285830,tan
LOC340074,tan
LOC387763,tan
LOC388946,tan
LOC401431,tan
LOC404266,tan
LOC440925,tan
LOC441177,tan
LOC442293,tan
LOC619207,tan
LOC645166,tan
LOC652276,tan
LOC731779,tan
LPCAT1,tan
LPHN1,tan
LPHN2,tan
LRP1,tan
LRP12,tan
LRP4,tan
LRP5,tan
LRRC1,tan
LRRC14,tan
LRRC27,tan
LRRC37A3,tan
LRRC37B2,tan
LRRC43,tan
LRRC4C,tan
LRRC8D,tan
LRRFIP2,tan
LRRK1,tan
LRRN2,tan
LSP1,tan
LTV1,tan
LYRM4,tan
M6PR,tan
MACF1,tan
MAD1L1,tan
MADCAM1,tan
MADD,tan
MAEA,tan
MAFG,tan
MAFK,tan
MAGI1,tan
MAGI2,tan
MAN2A1,tan
MAP2K2,tan
MAP6,tan
MAP7,tan
MAP7D1,tan
MAPK8IP3,tan
MAPKBP1,tan
MAPRE1,tan
MAPT,tan
MAS1L,tan
MASP1,tan
MBTPS1,tan
MCF2L,tan
MCF2L2,tan
MCPH1,tan
MCTP1,tan
MECOM,tan
MED12L,tan
MEGF11,tan
MEGF6,tan
MEGF8,tan
METTL7A,tan
METTL9,tan
MFAP3L,tan
MFAP5,tan
MFHAS1,tan
MFSD2B,tan
MGAT5B,tan
MGC45800,tan
MGMT,tan
MGRN1,tan
MIB2,tan
MICALL2,tan
MIIP,tan
MINK1,tan
MIOS,tan
MIPEP,tan
MIR127,tan
MIR1276,tan
MIR1289-2,tan
MIR129-2,tan
MIR34B,tan
MIR548F5,tan
MIR548H4,tan
MIR589,tan
MIR758,tan
MIR760,tan
MIR886,tan
MIS12,tan
MKNK1,tan
MKX,tan
MLEC,tan
MLL2,tan
MLL5,tan
MLLT3,tan
MLLT4,tan
MLXIPL,tan
MMD2,tan
MMP17,tan
MOCS1,tan
MOCS2,tan
MPO,tan
MPPED2,tan
MRPL19,tan
MRPL23,tan
MRPS18A,tan
MRPS33,tan
MSH3,tan
MSI2,tan
MST1R,tan
MTA1,tan
MTERFD3,tan
MTMR7,tan
MTNR1B,tan
MTR,tan
MUC13,tan
MUC2,tan
MUC4,tan
MXD4,tan
MYBPH,tan
MYH7B,tan
MYO10,tan
MYO16,tan
MYO3B,tan
MYO5C,tan
MYOM2,tan
MYT1L,tan
N4BP1,tan
NAAA,tan
NADSYN1,tan
NALCN,tan
NANOS3,tan
NAV2,tan
NCBP2,tan
NCK2,tan
NCKAP5,tan
NCOR2,tan
NCRNA00119,tan
NDRG4,tan
NDUFA10,tan
NDUFA12,tan
NDUFA4L2,tan
NDUFS6,tan
NEDD4L,tan
NEDD9,tan
NEIL2,tan
NELF,tan
NEU4,tan
NEURL4,tan
NFASC,tan
NFATC1,tan
NFE2L1,tan
NFKBIL2,tan
NIPBL,tan
NISCH,tan
NKAIN3,tan
NKX2-6,tan
NLGN2,tan
NME2,tan
NMNAT3,tan
NOL10,tan
NOM1,tan
NOP10,tan
NOTCH2,tan
NOTCH4,tan
NPAS2,tan
NPAS3,tan
NPC1L1,tan
NPHP4,tan
NPSR1,tan
NPTN,tan
NPTX1,tan
NPTX2,tan
NR0B2,tan
NR1I2,tan
NR2E1,tan
NR3C2,tan
NR4A3,tan
NRG1,tan
NRP1,tan
NRP2,tan
NRXN1,tan
NRXN3,tan
NTM,tan
NUAK1,tan
NUDT1,tan
NUDT12,tan
NUDT15,tan
NUDT16P,tan
NUDT4,tan
NUDT5,tan
NUFIP2,tan
NUMBL,tan
NUP93,tan
NXN,tan
NXNL2,tan
OBSCN,tan
OBSL1,tan
OCA2,tan
OCIAD2,tan
ODF4,tan
ODZ2,tan
ODZ3,tan
OGG1,tan
OLFM4,tan
OLFML2B,tan
OLIG1,tan
ONECUT3,tan
OR2L13,tan
OR6K3,tan
ORAOV1,tan
OSBPL10,tan
OSBPL5,tan
OSGIN1,tan
P4HTM,tan
PABPN1,tan
PACS2,tan
PACSIN2,tan
PADI6,tan
PAK1,tan
PAK6,tan
PANX1,tan
PAOX,tan
PAPOLB,tan
PARD3,tan
PARK2,tan
PARM1,tan
PARP1,tan
PARP8,tan
PAX5,tan
PBX1,tan
PC,tan
PCCA,tan
PCDH10,tan
PCDH20,tan
PCDHA1,tan
PCGF3,tan
PCNXL2,tan
PCSK7,tan
PCSK9,tan
PDCL,tan
PDGFRB,tan
PDGFRL,tan
PDHX,tan
PDPK1,tan
PEG10,tan
PFAS,tan
PFKFB3,tan
PFKL,tan
PFKP,tan
PFN3,tan
PGAP1,tan
PGBD5,tan
PGR,tan
PHC2,tan
PHF17,tan
PHF19,tan
PHLDA1,tan
PHLPP2,tan
PHRF1,tan
PHYHD1,tan
PIGG,tan
PIK3CD,tan
PITPNC1,tan
PITPNM1,tan
PITPNM2,tan
PKD1,tan
PKD1L2,tan
PKLR,tan
PKN1,tan
PLA2G10,tan
PLA2G12A,tan
PLA2G6,tan
PLCG2,tan
PLD3,tan
PLEC1,tan
PLEKHA7,tan
PLEKHG4B,tan
PLEKHG5,tan
PLK2,tan
PLXDC2,tan
PLXNA1,tan
PLXNA4,tan
PLXNB2,tan
PML,tan
PMM2,tan
PNPLA7,tan
PODXL2,tan
POFUT2,tan
POGK,tan
POL3S,tan
POLE,tan
POLL,tan
POLR2D,tan
POLR3D,tan
POLR3GL,tan
POLRMT,tan
POLS,tan
POPDC2,tan
POTEA,tan
POU2AF1,tan
POU6F2,tan
PPAPDC3,tan
PPIC,tan
PPM1K,tan
PPP1R11,tan
PPP1R13B,tan
PPP2R2D,tan
PPP2R5C,tan
PPP3CC,tan
PQLC1,tan
PQLC2,tan
PRC1,tan
PRDM10,tan
PRDM11,tan
PRDM14,tan
PRDM16,tan
PREPL,tan
PRICKLE2,tan
PRKAR2B,tan
PRKCE,tan
PRKCSH,tan
PRKCZ,tan
PRKG1,tan
PROC,tan
PROKR1,tan
PROM2,tan
PROX1,tan
PROZ,tan
PRR5L,tan
PRSS35,tan
PRSS50,tan
PRTFDC1,tan
PSMB7,tan
PSMB9,tan
PSMC3,tan
PSMD5,tan
PSTPIP1,tan
PSTPIP2,tan
PTAR1,tan
PTCD1,tan
PTCD2,tan
PTDSS2,tan
PTGR1,tan
PTK2,tan
PTK2B,tan
PTPN4,tan
PTPN6,tan
PTPRN2,tan
PUM1,tan
PXDN,tan
PYCR1,tan
QSOX2,tan
RAB11B,tan
RAB11FIP3,tan
RAB3GAP1,tan
RAB40C,tan
RAB5A,tan
RABGGTA,tan
RAD51L1,tan
RAD54B,tan
RADIL,tan
RAET1G,tan
RALB,tan
RAMP3,tan
RAPGEF4,tan
RARA,tan
RASA3,tan
RASGEF1C,tan
RASGRF2,tan
RASGRP2,tan
RASSF8,tan
RB1,tan
RBM15B,tan
RBM20,tan
RBM4B,tan
RBM5,tan
RBPJ,tan
RCC2,tan
RCCD1,tan
REEP4,tan
REG4,tan
RERE,tan
REXO1,tan
RGL1,tan
RGMA,tan
RGNEF,tan
RGS12,tan
RGS20,tan
RGS4,tan
RHOA,tan
RHOBTB2,tan
RHOBTB3,tan
RHOF,tan
RHOQ,tan
RHPN1,tan
RICH2,tan
RIMBP2,tan
RIN1,tan
RIN2,tan
RIOK1,tan
RIPPLY2,tan
RNF112,tan
RNF168,tan
RNF207,tan
RNF222,tan
RNF40,tan
RNH1,tan
ROCK2,tan
ROR1,tan
RORC,tan
RPGRIP1,tan
RPH3AL,tan
RPL10A,tan
RPL13AP5,tan
RPL21P44,tan
RPL36AL,tan
RPL38,tan
RPL6,tan
RPS3,tan
RPS6KA2,tan
RPS7,tan
RPTOR,tan
RQCD1,tan
RSL24D1,tan
RTF1,tan
RTN4RL1,tan
RUNX2,tan
RWDD2A,tan
S100P,tan
SACS,tan
SAMD11,tan
SAP18,tan
SAR1B,tan
SARDH,tan
SASH1,tan
SBK1,tan
SCAMP4,tan
SCAP,tan
SCARA3,tan
SCARB1,tan
SCFD2,tan
SCG3,tan
SCN8A,tan
SCN9A,tan
SCRIB,tan
SDCCAG8,tan
SDK1,tan
SEC14L1,tan
SEC14L2,tan
SEC14L5,tan
SEC16A,tan
SEMA4G,tan
SEMA6D,tan
SEPHS1,tan
SERPINA11,tan
SERPINA12,tan
SERPINA5,tan
SERPINB1,tan
SESTD1,tan
SETBP1,tan
SETD1A,tan
SF1,tan
SFRS5,tan
SFRS8,tan
SGCB,tan
SGIP1,tan
SGPL1,tan
SGSM2,tan
SH2B1,tan
SH2B3,tan
SH3BP4,tan
SH3BP5,tan
SH3GL1,tan
SH3GLB2,tan
SH3RF2,tan
SHANK2,tan
SHISA6,tan
SHISA7,tan
SHPK,tan
SHQ1,tan
SIDT1,tan
SIM1,tan
SIM2,tan
SIPA1,tan
SIRT2,tan
SIRT5,tan
SIX3,tan
SKAP2,tan
SKP2,tan
SLC12A7,tan
SLC16A1,tan
SLC16A3,tan
SLC17A2,tan
SLC17A3,tan
SLC17A7,tan
SLC20A2,tan
SLC22A13,tan
SLC22A18,tan
SLC22A18AS,tan
SLC22A23,tan
SLC22A4,tan
SLC25A18,tan
SLC25A24,tan
SLC25A30,tan
SLC25A31,tan
SLC26A1,tan
SLC28A1,tan
SLC29A1,tan
SLC2A9,tan
SLC35B3,tan
SLC35D1,tan
SLC35E3,tan
SLC35F3,tan
SLC36A4,tan
SLC38A10,tan
SLC38A7,tan
SLC38A8,tan
SLC44A4,tan
SLC45A1,tan
SLC47A1,tan
SLC6A12,tan
SLC7A11,tan
SLC7A5,tan
SLC8A2,tan
SLC9A2,tan
SLCO3A1,tan
SLFNL1,tan
SLIT1,tan
SLITRK1,tan
SLTM,tan
SLURP1,tan
SMAD3,tan
SMOC2,tan
SMPD3,tan
SMURF1,tan
SMYD3,tan
SNAP47,tan
SNCA,tan
SNCB,tan
SND1,tan
SNHG9,tan
SNIP1,tan
SNORA64,tan
SNORD114-31,tan
SNORD116-5,tan
SNORD2,tan
SNRPE,tan
SNX1,tan
SNX10,tan
SNX20,tan
SNX24,tan
SNX29,tan
SOBP,tan
SOD1,tan
SORBS2,tan
SORBS3,tan
SORCS2,tan
SORD,tan
SOX2OT,tan
SPATA13,tan
SPATA2,tan
SPATA3,tan
SPATC1,tan
SPEG,tan
SPG7,tan
SPHKAP,tan
SPIN1,tan
SPINK5L3,tan
SPSB1,tan
SPSB2,tan
SPSB4,tan
SPTBN1,tan
SPTBN2,tan
SPTY2D1,tan
SREBF1,tan
SRGAP1,tan
SRGAP3,tan
SRI,tan
SRM,tan
SRPK2,tan
SRRM3,tan
SSH1,tan
SSTR2,tan
SSU72,tan
SSX2IP,tan
ST14,tan
ST18,tan
ST3GAL4,tan
ST3GAL5,tan
ST6GAL1,tan
ST7,tan
STAB1,tan
STAC,tan
STARD13,tan
STARD3,tan
STARD9,tan
STC2,tan
STEAP3,tan
STIM1,tan
STK10,tan
STK24,tan
STK32C,tan
STK39,tan
STON2,tan
STOX2,tan
STRA8,tan
STRADA,tan
STRADB,tan
STT3B,tan
STX2,tan
STXBP6,tan
SUPT6H,tan
SUSD5,tan
SVIL,tan
SVOPL,tan
SYNE1,tan
SYNGAP1,tan
SYNJ2,tan
SYNM,tan
SYNPO,tan
SYNPO2L,tan
SYNPR,tan
SYT13,tan
SYT17,tan
TAAR5,tan
TACC2,tan
TACR1,tan
TACR2,tan
TADA1,tan
TADA2B,tan
TAL1,tan
TAOK2,tan
TAOK3,tan
TAP1,tan
TARBP2,tan
TAS2R5,tan
TBC1D1,tan
TBC1D10B,tan
TBC1D16,tan
TBC1D2B,tan
TBC1D9B,tan
TBCB,tan
TBCD,tan
TBL3,tan
TBX3,tan
TCF19,tan
TCF25,tan
TCF7L1,tan
TCF7L2,tan
TCL6,tan
TDH,tan
TDRD6,tan
TECPR2,tan
TECR,tan
TEKT5,tan
TEX9,tan
TFAP2A,tan
TFAP2D,tan
TFDP1,tan
TFPI2,tan
TG,tan
TGFBRAP1,tan
THBS1,tan
THNSL2,tan
THRAP3,tan
THSD4,tan
THSD7B,tan
TIAM1,tan
TIMELESS,tan
TLE4,tan
TM4SF20,tan
TMCC2,tan
TMCO7,tan
TMEM108,tan
TMEM11,tan
TMEM129,tan
TMEM131,tan
TMEM132C,tan
TMEM132D,tan
TMEM154,tan
TMEM156,tan
TMEM167B,tan
TMEM169,tan
TMEM175,tan
TMEM181,tan
TMEM198,tan
TMEM218,tan
TMEM231,tan
TMEM30C,tan
TMEM33,tan
TMEM44,tan
TMEM69,tan
TMEM86B,tan
TMEM8A,tan
TNFAIP8,tan
TNFRSF10A,tan
TNFRSF11B,tan
TNFRSF1A,tan
TNFRSF21,tan
TNFRSF25,tan
TNFSF13,tan
TNIK,tan
TNNC1,tan
TNR,tan
TNRC18,tan
TNXB,tan
TOLLIP,tan
TOP1MT,tan
TP63,tan
TP73,tan
TPP1,tan
TPST1,tan
TPX2,tan
TRAF1,tan
TRAF2,tan
TRAF3,tan
TRAK1,tan
TRAP1,tan
TRAPPC3,tan
TRAPPC9,tan
TRHR,tan
TRIL,tan
TRIM11,tan
TRIM26,tan
TRIM27,tan
TRIM31,tan
TRIM62,tan
TRIM65,tan
TRIM71,tan
TRIO,tan
TRIP13,tan
TRPM8,tan
TRPS1,tan
TRPT1,tan
TRPV3,tan
TRPV6,tan
TRRAP,tan
TSC2,tan
TSKU,tan
TSN,tan
TSNARE1,tan
TSNAX-DISC1,tan
TSPAN17,tan
TSPAN31,tan
TSPAN4,tan
TTBK1,tan
TTC1,tan
TTC15,tan
TTC38,tan
TTC7B,tan
TTC9B,tan
TTC9C,tan
TTLL2,tan
TTYH2,tan
TTYH3,tan
TUB,tan
TUBGCP2,tan
TXK,tan
TXNDC12,tan
TXNRD1,tan
TXNRD3IT1,tan
UBAC2,tan
UBASH3B,tan
UBE2I,tan
UBE2QL1,tan
UBE3B,tan
UBE3C,tan
UBLCP1,tan
UBQLN1,tan
UBTD1,tan
UBTF,tan
UBXN10,tan
UCK1,tan
UGGT2,tan
UNC5A,tan
UNC84A,tan
UPF1,tan
UQCRC2,tan
USF2,tan
USP3,tan
USP36,tan
USP40,tan
USP7,tan
USP8,tan
UST,tan
UTP3,tan
VAC14,tan
VARS2,tan
VASH1,tan
VAV2,tan
VPS18,tan
VPS25,tan
VPS37C,tan
VPS41,tan
VPS52,tan
VTRNA1-1,tan
WBSCR17,tan
WDR16,tan
WDR17,tan
WDR20,tan
WDR27,tan
WDR35,tan
WDR37,tan
WDR53,tan
WFDC1,tan
WFIKKN2,tan
WFS1,tan
WHSC1L1,tan
WHSC2,tan
WIPI1,tan
WNK2,tan
WNT1,tan
WWP2,tan
WWTR1,tan
XKR6,tan
XRCC5,tan
XYLB,tan
YIPF1,tan
YWHAG,tan
YY1AP1,tan
ZACN,tan
ZBTB12,tan
ZBTB16,tan
ZBTB20,tan
ZBTB38,tan
ZBTB42,tan
ZBTB45,tan
ZC3H12A,tan
ZC3H18,tan
ZC3H3,tan
ZCCHC14,tan
ZDHHC11,tan
ZDHHC14,tan
ZDHHC7,tan
ZFHX3,tan
ZFP36L2,tan
ZFP37,tan
ZFP41,tan
ZFPM1,tan
ZFPM2,tan
ZFYVE28,tan
ZIC5,tan
ZMAT2,tan
ZMIZ1,tan
ZNF238,tan
ZNF282,tan
ZNF3,tan
ZNF311,tan
ZNF354B,tan
ZNF365,tan
ZNF385D,tan
ZNF423,tan
ZNF445,tan
ZNF48,tan
ZNF488,tan
ZNF502,tan
ZNF510,tan
ZNF512,tan
ZNF532,tan
ZNF609,tan
ZNF646,tan
ZNF668,tan
ZNF696,tan
ZNF702P,tan
ZNF771,tan
ZNF777,tan
ZNF80,tan
ZNF804A,tan
ZNF92,tan
ZSCAN10,tan
ZSCAN22,tan
ZSWIM5,tan
ZSWIM6,tan
ZUFSP,tan
ZZEF1,tan
A2BP1,turquoise
A2ML1,turquoise
AAAS,turquoise
AACS,turquoise
AAK1,turquoise
AARSD1,turquoise
AASDH,turquoise
ABCA5,turquoise
ABCC11,turquoise
ABCD2,turquoise
ABCE1,turquoise
ABCG1,turquoise
ABL2,turquoise
ABT1,turquoise
ACAD8,turquoise
ACADM,turquoise
ACBD3,turquoise
ACBD5,turquoise
ACBD7,turquoise
ACMSD,turquoise
ACOX3,turquoise
ACSS3,turquoise
ACTA2,turquoise
ACTL6A,turquoise
ACTN2,turquoise
ACTR3,turquoise
ACVR1B,turquoise
ACVR2A,turquoise
ACYP1,turquoise
ADAD1,turquoise
ADAM30,turquoise
ADAMTS3,turquoise
ADAMTS6,turquoise
ADAR,turquoise
ADAT1,turquoise
ADAT2,turquoise
ADIPOR2,turquoise
ADPGK,turquoise
ADRB2,turquoise
AEBP2,turquoise
AEN,turquoise
AFF4,turquoise
AGAP1,turquoise
AGPAT1,turquoise
AGPAT9,turquoise
AGTRAP,turquoise
AHCYL2,turquoise
AHI1,turquoise
AHRR,turquoise
AIMP1,turquoise
AK2,turquoise
AKAP5,turquoise
AKD1,turquoise
ALCAM,turquoise
ALDH18A1,turquoise
ALDH1A3,turquoise
ALDH6A1,turquoise
ALG11,turquoise
ALG14,turquoise
ALG8,turquoise
ALKBH1,turquoise
ALKBH7,turquoise
ALOX12B,turquoise
ALOX5,turquoise
ALOXE3,turquoise
ALPK1,turquoise
ALS2CR4,turquoise
ALS2CR8,turquoise
ANAPC1,turquoise
ANAPC7,turquoise
ANGEL2,turquoise
ANK2,turquoise
ANKH,turquoise
ANKLE2,turquoise
ANKRD31,turquoise
ANKRD42,turquoise
ANKRD50,turquoise
ANKRD9,turquoise
ANLN,turquoise
ANO4,turquoise
ANO6,turquoise
AOX1,turquoise
AP1G2,turquoise
AP3B1,turquoise
AP3M1,turquoise
AP4S1,turquoise
APC,turquoise
APEH,turquoise
API5,turquoise
APOA4,turquoise
APRT,turquoise
ARHGAP10,turquoise
ARHGAP12,turquoise
ARHGAP20,turquoise
ARHGAP24,turquoise
ARHGEF10,turquoise
ARID3B,turquoise
ARID5B,turquoise
ARL1,turquoise
ARL4A,turquoise
ARL5B,turquoise
ARL6,turquoise
ARL6IP5,turquoise
ARMC1,turquoise
ARMC2,turquoise
ARMC4,turquoise
ARMC8,turquoise
ARNT2,turquoise
ARPC3,turquoise
ARPM1,turquoise
ARSB,turquoise
ART3,turquoise
AS3MT,turquoise
ASB1,turquoise
ASNSD1,turquoise
ASPM,turquoise
ASTN1,turquoise
ATAD1,turquoise
ATAD2,turquoise
ATAD2B,turquoise
ATF2,turquoise
ATF6,turquoise
ATF7IP,turquoise
ATG4C,turquoise
ATG7,turquoise
ATM,turquoise
ATP10D,turquoise
ATP11A,turquoise
ATP11B,turquoise
ATP5B,turquoise
ATP6V0A1,turquoise
ATP6V0D1,turquoise
ATP6V1B2,turquoise
ATP7B,turquoise
ATP8A2,turquoise
ATPAF1,turquoise
ATPBD4,turquoise
ATXN2L,turquoise
ATXN7L1,turquoise
AUTS2,turquoise
AXIN2,turquoise
B3GNTL1,turquoise
BACH2,turquoise
BAG2,turquoise
BAI3,turquoise
BANP,turquoise
BAT2,turquoise
BAT3,turquoise
BAT5,turquoise
BAZ1A,turquoise
BAZ1B,turquoise
BAZ2B,turquoise
BBS12,turquoise
BBS7,turquoise
BBX,turquoise
BCAP29,turquoise
BCAS3,turquoise
BCHE,turquoise
BCKDHB,turquoise
BCL2,turquoise
BCLAF1,turquoise
BCO2,turquoise
BDH2,turquoise
BDNF,turquoise
BDNFOS,turquoise
BDP1,turquoise
BET1,turquoise
BIRC3,turquoise
BLM,turquoise
BLOC1S2,turquoise
BLZF1,turquoise
BMPR2,turquoise
BNC2,turquoise
BOD1,turquoise
BPNT1,turquoise
BRAF,turquoise
BRCA2,turquoise
BRD2,turquoise
BRE,turquoise
BRI3BP,turquoise
BRIP1,turquoise
BRMS1L,turquoise
BRP44,turquoise
BRUNOL4,turquoise
BTBD11,turquoise
BTBD12,turquoise
BTBD8,turquoise
BTC,turquoise
BTD,turquoise
BTF3,turquoise
BTN2A1,turquoise
BTN2A2,turquoise
BTRC,turquoise
C10ORF111,turquoise
C10ORF131,turquoise
C10ORF140,turquoise
C10ORF18,turquoise
C10ORF26,turquoise
C10ORF32,turquoise
C10ORF4,turquoise
C10ORF96,turquoise
C11ORF48,turquoise
C11ORF54,turquoise
C11ORF57,turquoise
C11ORF58,turquoise
C11ORF60,turquoise
C11ORF61,turquoise
C11ORF63,turquoise
C11ORF65,turquoise
C11ORF73,turquoise
C11ORF74,turquoise
C11ORF82,turquoise
C11ORF87,turquoise
C12ORF23,turquoise
C12ORF4,turquoise
C12ORF40,turquoise
C12ORF45,turquoise
C12ORF48,turquoise
C12ORF57,turquoise
C12ORF60,turquoise
C12ORF73,turquoise
C13ORF36,turquoise
C14ORF1,turquoise
C14ORF106,turquoise
C14ORF115,turquoise
C14ORF119,turquoise
C14ORF126,turquoise
C14ORF138,turquoise
C14ORF178,turquoise
C14ORF179,turquoise
C14ORF38,turquoise
C14ORF39,turquoise
C15ORF27,turquoise
C15ORF33,turquoise
C16ORF35,turquoise
C16ORF74,turquoise
C17ORF63,turquoise
C18ORF54,turquoise
C1D,turquoise
C1ORF109,turquoise
C1ORF128,turquoise
C1ORF213,turquoise
C1ORF25,turquoise
C1ORF27,turquoise
C1ORF31,turquoise
C1ORF85,turquoise
C1ORF9,turquoise
C1ORF96,turquoise
C1R,turquoise
C20ORF111,turquoise
C20ORF117,turquoise
C20ORF196,turquoise
C20ORF94,turquoise
C20ORF96,turquoise
C21ORF91,turquoise
C2CD4A,turquoise
C2ORF3,turquoise
C2ORF44,turquoise
C2ORF63,turquoise
C2ORF67,turquoise
C2ORF69,turquoise
C2ORF74,turquoise
C2ORF77,turquoise
C2ORF80,turquoise
C2ORF89,turquoise
C3ORF19,turquoise
C3ORF21,turquoise
C3ORF58,turquoise
C4ORF10,turquoise
C4ORF19,turquoise
C4ORF34,turquoise
C4ORF43,turquoise
C4ORF46,turquoise
C5ORF15,turquoise
C5ORF36,turquoise
C5ORF39,turquoise
C5ORF44,turquoise
C6ORF142,turquoise
C6ORF155,turquoise
C6ORF165,turquoise
C6ORF167,turquoise
C6ORF192,turquoise
C6ORF195,turquoise
C6ORF211,turquoise
C6ORF217,turquoise
C6ORF48,turquoise
C6ORF52,turquoise
C6ORF57,turquoise
C6ORF72,turquoise
C6ORF89,turquoise
C7ORF10,turquoise
C7ORF25,turquoise
C7ORF38,turquoise
C7ORF49,turquoise
C7ORF55,turquoise
C7ORF58,turquoise
C7ORF63,turquoise
C8ORF37,turquoise
C8ORF39,turquoise
C8ORF41,turquoise
C8ORF59,turquoise
C8ORF73,turquoise
C8ORF80,turquoise
C8ORF83,turquoise
C9ORF103,turquoise
C9ORF131,turquoise
C9ORF43,turquoise
C9ORF85,turquoise
CA13,turquoise
CA7,turquoise
CAB39,turquoise
CACNA1C,turquoise
CACNB2,turquoise
CADM3,turquoise
CALCOCO1,turquoise
CALCR,turquoise
CALM2,turquoise
CALU,turquoise
CAMK2D,turquoise
CAMLG,turquoise
CAMTA1,turquoise
CAND1,turquoise
CAND2,turquoise
CANX,turquoise
CAPRIN1,turquoise
CAPS2,turquoise
CAPZA2,turquoise
CASP2,turquoise
CAST,turquoise
CBARA1,turquoise
CBX3,turquoise
CBX5,turquoise
CC2D1B,turquoise
CCBL2,turquoise
CCDC104,turquoise
CCDC11,turquoise
CCDC110,turquoise
CCDC132,turquoise
CCDC21,turquoise
CCDC23,turquoise
CCDC25,turquoise
CCDC39,turquoise
CCDC42,turquoise
CCDC46,turquoise
CCDC65,turquoise
CCDC66,turquoise
CCDC7,turquoise
CCDC76,turquoise
CCDC77,turquoise
CCDC82,turquoise
CCDC88A,turquoise
CCDC90A,turquoise
CCDC96,turquoise
CCHCR1,turquoise
CCKBR,turquoise
CCM2,turquoise
CCNA1,turquoise
CCNA2,turquoise
CCNC,turquoise
CCNE2,turquoise
CCNG1,turquoise
CCNT2,turquoise
CCPG1,turquoise
CCR6,turquoise
CCT5,turquoise
CD200,turquoise
CD247,turquoise
CD274,turquoise
CD320,turquoise
CD38,turquoise
CD47,turquoise
CDADC1,turquoise
CDC2,turquoise
CDC23,turquoise
CDC37L1,turquoise
CDC40,turquoise
CDC5L,turquoise
CDC7,turquoise
CDH10,turquoise
CDH11,turquoise
CDH12,turquoise
CDH13,turquoise
CDK1,turquoise
CDK12,turquoise
CDK13,turquoise
CDK17,turquoise
CDK19,turquoise
CDK7,turquoise
CDKAL1,turquoise
CDKN2C,turquoise
CDKN2D,turquoise
CDV3,turquoise
CENPC1,turquoise
CENPE,turquoise
CENPF,turquoise
CENPK,turquoise
CENPL,turquoise
CENPN,turquoise
CENPQ,turquoise
CEP120,turquoise
CEP152,turquoise
CEP350,turquoise
CEP57,turquoise
CEP72,turquoise
CEP97,turquoise
CES4,turquoise
CETN3,turquoise
CFL2,turquoise
CFLAR,turquoise
CHCHD6,turquoise
CHD1,turquoise
CHD2,turquoise
CHD7,turquoise
CHD8,turquoise
CHEK1,turquoise
CHIC2,turquoise
CHMP4A,turquoise
CHORDC1,turquoise
CHPT1,turquoise
CHRM2,turquoise
CHRNA5,turquoise
CHRNB2,turquoise
CHST15,turquoise
CHST5,turquoise
CHURC1,turquoise
CIR1,turquoise
CITED2,turquoise
CKAP2,turquoise
CKAP5,turquoise
CLCN3,turquoise
CLDN12,turquoise
CLDN18,turquoise
CLEC16A,turquoise
CLP1,turquoise
CLPX,turquoise
CLVS1,turquoise
CMTM6,turquoise
CNIH4,turquoise
CNOT2,turquoise
CNOT4,turquoise
CNOT6L,turquoise
CNOT8,turquoise
CNP,turquoise
CNRIP1,turquoise
CNTN1,turquoise
CNTN5,turquoise
CNTNAP4,turquoise
CNTNAP5,turquoise
COG8,turquoise
COL11A1,turquoise
COL19A1,turquoise
COL24A1,turquoise
COL4A2,turquoise
COL4A3BP,turquoise
COL8A1,turquoise
COL9A1,turquoise
COMMD1,turquoise
COMMD2,turquoise
COMMD6,turquoise
COPS5,turquoise
COPZ1,turquoise
COQ10B,turquoise
COQ2,turquoise
COQ3,turquoise
CORO1A,turquoise
CORO2A,turquoise
COX16,turquoise
COX17,turquoise
COX18,turquoise
COX5B,turquoise
COX7A2,turquoise
CP110,turquoise
CPEB3,turquoise
CPEB4,turquoise
CRCT1,turquoise
CREBL2,turquoise
CREBZF,turquoise
CREM,turquoise
CRIM1,turquoise
CRISP2,turquoise
CRISP3,turquoise
CRKL,turquoise
CRLF1,turquoise
CRTC2,turquoise
CSDA,turquoise
CSGALNACT1,turquoise
CSMD1,turquoise
CSMD3,turquoise
CSNK1A1,turquoise
CSNK1A1L,turquoise
CSNK1G1,turquoise
CSRP3,turquoise
CTNNA3,turquoise
CTNNAL1,turquoise
CTR9,turquoise
CTSG,turquoise
CTSO,turquoise
CTTNBP2,turquoise
CTXN2,turquoise
CUL2,turquoise
CUL4A,turquoise
CUX1,turquoise
CWC22,turquoise
CWF19L1,turquoise
CWF19L2,turquoise
CYB5B,turquoise
CYB5R4,turquoise
CYHR1,turquoise
CYP24A1,turquoise
CYP2J2,turquoise
CYP7B1,turquoise
CYR61,turquoise
CYTSA,turquoise
D4S234E,turquoise
DAB1,turquoise
DACH1,turquoise
DARS,turquoise
DAXX,turquoise
DAZAP2,turquoise
DBI,turquoise
DBN1,turquoise
DBR1,turquoise
DBT,turquoise
DCAF13,turquoise
DCAF17,turquoise
DCAF4L1,turquoise
DCBLD2,turquoise
DCDC1,turquoise
DCHS2,turquoise
DCLK2,turquoise
DCP1A,turquoise
DCTN4,turquoise
DDAH2,turquoise
DDI2,turquoise
DDX10,turquoise
DDX18,turquoise
DDX19B,turquoise
DDX25,turquoise
DDX50,turquoise
DDX55,turquoise
DDX59,turquoise
DDX6,turquoise
DECR1,turquoise
DEDD,turquoise
DENND3,turquoise
DENND4A,turquoise
DENR,turquoise
DHODH,turquoise
DHRS1,turquoise
DHRS7,turquoise
DHX29,turquoise
DIS3,turquoise
DIS3L,turquoise
DIXDC1,turquoise
DKFZP434H168,turquoise
DKFZP686O24166,turquoise
DKK1,turquoise
DLEU1,turquoise
DLGAP3,turquoise
DLX2,turquoise
DLX5,turquoise
DMC1,turquoise
DMRTB1,turquoise
DMTF1,turquoise
DMXL1,turquoise
DNAH10,turquoise
DNAH3,turquoise
DNAH6,turquoise
DNAH9,turquoise
DNAJB6,turquoise
DNAJC19,turquoise
DNAJC24,turquoise
DNAJC25,turquoise
DNAJC8,turquoise
DNAL1,turquoise
DNTTIP2,turquoise
DOCK1,turquoise
DOCK6,turquoise
DOCK7,turquoise
DOCK9,turquoise
DOHH,turquoise
DOPEY1,turquoise
DPP10,turquoise
DPY30,turquoise
DPYSL4,turquoise
DR1,turquoise
DRAM2,turquoise
DSN1,turquoise
DSP,turquoise
DST,turquoise
DTX4,turquoise
DUOX2,turquoise
DUSP12,turquoise
DVWA,turquoise
DYDC1,turquoise
DYNC1I2,turquoise
DYNC2H1,turquoise
DYNC2LI1,turquoise
DYNLL1,turquoise
DZIP3,turquoise
E2F8,turquoise
EAPP,turquoise
ECT2L,turquoise
EDC3,turquoise
EDEM3,turquoise
EDN1,turquoise
EDNRB,turquoise
EED,turquoise
EEPD1,turquoise
EFCAB4B,turquoise
EFCAB5,turquoise
EFHA1,turquoise
EFHA2,turquoise
EFHC1,turquoise
EFNB2,turquoise
EFR3B,turquoise
EGFLAM,turquoise
EHD4,turquoise
EI24,turquoise
EIF2AK1,turquoise
EIF3H,turquoise
EIF4B,turquoise
EIF4E,turquoise
EIF4G3,turquoise
ELAC2,turquoise
ELL2,turquoise
ELMOD1,turquoise
ELMOD3,turquoise
ELP4,turquoise
ENPP2,turquoise
ENY2,turquoise
EPDR1,turquoise
EPHA3,turquoise
EPHA4,turquoise
EPHA6,turquoise
EPRS,turquoise
EPS8,turquoise
ERAP1,turquoise
ERBB2IP,turquoise
ERCC5,turquoise
ERCC8,turquoise
ERGIC3,turquoise
ERLIN1,turquoise
ERO1L,turquoise
ESCO2,turquoise
ESF1,turquoise
ESR1,turquoise
ESRRG,turquoise
ETAA1,turquoise
ETNK1,turquoise
ETV1,turquoise
ETV5,turquoise
EVC2,turquoise
EVI5,turquoise
EXOC6,turquoise
EXOSC8,turquoise
EYA1,turquoise
EYA4,turquoise
EZH1,turquoise
FA2H,turquoise
FAM111A,turquoise
FAM119A,turquoise
FAM126A,turquoise
FAM132A,turquoise
FAM13A,turquoise
FAM150A,turquoise
FAM168A,turquoise
FAM172A,turquoise
FAM174A,turquoise
FAM174B,turquoise
FAM178A,turquoise
FAM190A,turquoise
FAM194A,turquoise
FAM19A2,turquoise
FAM3C,turquoise
FAM47E,turquoise
FAM49B,turquoise
FAM50B,turquoise
FAM54A,turquoise
FAM55C,turquoise
FAM5C,turquoise
FAM64A,turquoise
FAM71C,turquoise
FAM73A,turquoise
FAM96A,turquoise
FAM96B,turquoise
FAM98A,turquoise
FANCF,turquoise
FARSB,turquoise
FAS,turquoise
FASTKD1,turquoise
FAT1,turquoise
FAT4,turquoise
FBXL2,turquoise
FBXL22,turquoise
FBXL5,turquoise
FBXO15,turquoise
FBXO28,turquoise
FBXO3,turquoise
FBXO38,turquoise
FBXO4,turquoise
FBXO43,turquoise
FBXO5,turquoise
FDFT1,turquoise
FDPS,turquoise
FGF14,turquoise
FGF20,turquoise
FGF9,turquoise
FGFBP3,turquoise
FGFR1OP,turquoise
FH,turquoise
FHDC1,turquoise
FIBIN,turquoise
FIGN,turquoise
FIP1L1,turquoise
FKBP11,turquoise
FKBP3,turquoise
FLI1,turquoise
FLJ31306,turquoise
FLJ36031,turquoise
FLJ39653,turquoise
FLJ40434,turquoise
FLJ42709,turquoise
FLJ43860,turquoise
FLRT2,turquoise
FLT1,turquoise
FLYWCH1,turquoise
FMNL2,turquoise
FMNL3,turquoise
FMO5,turquoise
FMO6P,turquoise
FNBP1,turquoise
FNDC3B,turquoise
FOSL2,turquoise
FOXK1,turquoise
FOXM1,turquoise
FOXN2,turquoise
FOXN3,turquoise
FOXP1,turquoise
FOXQ1,turquoise
FOXR1,turquoise
FREQ,turquoise
FRMD6,turquoise
FRS2,turquoise
FRYL,turquoise
FST,turquoise
FSTL5,turquoise
FTH1,turquoise
FTO,turquoise
FTSJD1,turquoise
FTSJD2,turquoise
FUBP1,turquoise
FXN,turquoise
FXYD6,turquoise
FYN,turquoise
FYTTD1,turquoise
FZD1,turquoise
G2E3,turquoise
GABRA1,turquoise
GABRA2,turquoise
GABRB2,turquoise
GABRB3,turquoise
GABRG1,turquoise
GABRG2,turquoise
GAD1,turquoise
GALK1,turquoise
GALK2,turquoise
GALNT5,turquoise
GARS,turquoise
GCA,turquoise
GCLM,turquoise
GDAP1,turquoise
GDE1,turquoise
GDPD5,turquoise
GFM1,turquoise
GFM2,turquoise
GIN1,turquoise
GIPC1,turquoise
GJA1,turquoise
GLG1,turquoise
GLI2,turquoise
GLIPR1L1,turquoise
GLRA3,turquoise
GLS,turquoise
GLS2,turquoise
GLUD1,turquoise
GLYAT,turquoise
GMFB,turquoise
GNA12,turquoise
GNG11,turquoise
GNL3,turquoise
GNPDA2,turquoise
GOLGA3,turquoise
GOLGA4,turquoise
GOLGA8A,turquoise
GOLPH3L,turquoise
GOLSYN,turquoise
GPAM,turquoise
GPATCH2,turquoise
GPC6,turquoise
GPD2,turquoise
GPN1,turquoise
GPN3,turquoise
GPR108,turquoise
GPR133,turquoise
GPR98,turquoise
GPX5,turquoise
GRB10,turquoise
GREM2,turquoise
GRIA4,turquoise
GRID2,turquoise
GRIN2A,turquoise
GRIN2B,turquoise
GRM1,turquoise
GRM3,turquoise
GRTP1,turquoise
GSR,turquoise
GSTK1,turquoise
GSTO1,turquoise
GSX2,turquoise
GTDC1,turquoise
GTF2A1,turquoise
GTF2A2,turquoise
GTF2B,turquoise
GTF2H4,turquoise
GTF2H5,turquoise
GTF2IRD1,turquoise
GTF2IRD2B,turquoise
GTF3A,turquoise
GTPBP1,turquoise
GTPBP10,turquoise
GTPBP4,turquoise
GTPBP5,turquoise
GTPBP8,turquoise
GUCY1A2,turquoise
GUCY1A3,turquoise
GXYLT2,turquoise
H2AFJ,turquoise
H2AFZ,turquoise
H3F3A,turquoise
HADH,turquoise
HADHA,turquoise
HAT1,turquoise
HAUS2,turquoise
HBG2,turquoise
HBS1L,turquoise
HCN1,turquoise
HDAC9,turquoise
HDGF2,turquoise
HECA,turquoise
HECTD3,turquoise
HELLS,turquoise
HELQ,turquoise
HERC3,turquoise
HERC4,turquoise
HERC6,turquoise
HERPUD2,turquoise
HES1,turquoise
HEY1,turquoise
HFM1,turquoise
HGF,turquoise
HHIP,turquoise
HHLA2,turquoise
HIAT1,turquoise
HIBCH,turquoise
HIC1,turquoise
HIF1AN,turquoise
HIGD2B,turquoise
HINT1,turquoise
HIST1H2AD,turquoise
HIST1H2AG,turquoise
HIST1H2AK,turquoise
HIST1H2BB,turquoise
HIST1H2BD,turquoise
HIST1H2BE,turquoise
HIST1H2BN,turquoise
HIST1H3B,turquoise
HIST1H3H,turquoise
HIST1H4D,turquoise
HIST1H4H,turquoise
HIST2H2AC,turquoise
HIST2H2BE,turquoise
HIST3H2BB,turquoise
HIVEP3,turquoise
HLA-A,turquoise
HLA-C,turquoise
HLA-DPA1,turquoise
HLA-DPB2,turquoise
HLA-DQB2,turquoise
HLA-DRA,turquoise
HLA-J,turquoise
HLTF,turquoise
HMBOX1,turquoise
HMCN1,turquoise
HMGB4,turquoise
HMMR,turquoise
HMOX2,turquoise
HNRNPA1,turquoise
HNRNPA2B1,turquoise
HNRNPD,turquoise
HNRNPK,turquoise
HNRNPM,turquoise
HNRNPU,turquoise
HNRPLL,turquoise
HOXC10,turquoise
HRNBP3,turquoise
HS2ST1,turquoise
HSD17B12,turquoise
HSF2,turquoise
HSPA1B,turquoise
HSPBP1,turquoise
HSPH1,turquoise
HTATIP2,turquoise
HYLS1,turquoise
IAH1,turquoise
IBTK,turquoise
ICA1L,turquoise
ICK,turquoise
ID4,turquoise
IDH1,turquoise
IER3,turquoise
IFI27L2,turquoise
IFIT3,turquoise
IFNGR1,turquoise
IFT74,turquoise
IFT80,turquoise
IGF2BP1,turquoise
IGSF3,turquoise
IKZF2,turquoise
IL1RAP,turquoise
IL7,turquoise
ILF2,turquoise
IMMP2L,turquoise
IMMT,turquoise
IMP3,turquoise
IMPA1,turquoise
IMPAD1,turquoise
IMPG1,turquoise
INADL,turquoise
ING4,turquoise
ING5,turquoise
INO80B,turquoise
INPP5B,turquoise
INPP5E,turquoise
INSIG2,turquoise
INSL6,turquoise
INTS12,turquoise
INTS8,turquoise
INTS9,turquoise
IPO11,turquoise
IPO7,turquoise
IPO9,turquoise
IQCB1,turquoise
IQGAP1,turquoise
IQUB,turquoise
IRAK1BP1,turquoise
IRF2BP2,turquoise
IRF3,turquoise
ISCU,turquoise
ISM1,turquoise
ISOC1,turquoise
ISOC2,turquoise
ITGA11,turquoise
ITGA9,turquoise
ITGAE,turquoise
ITGAM,turquoise
ITGB3BP,turquoise
ITM2C,turquoise
ITPKB,turquoise
ITSN1,turquoise
JAGN1,turquoise
JAK2,turquoise
JARID2,turquoise
JMJD1C,turquoise
JMJD5,turquoise
JPH1,turquoise
JRKL,turquoise
KARS,turquoise
KAT2B,turquoise
KATNAL1,turquoise
KAZALD1,turquoise
KBTBD3,turquoise
KBTBD6,turquoise
KBTBD8,turquoise
KCNA1,turquoise
KCNB2,turquoise
KCNC1,turquoise
KCNC3,turquoise
KCNJ8,turquoise
KCNN2,turquoise
KCNQ1,turquoise
KCNQ2,turquoise
KCNT2,turquoise
KCTD16,turquoise
KCTD19,turquoise
KCTD3,turquoise
KCTD9,turquoise
KDELC2,turquoise
KDM3A,turquoise
KDM4A,turquoise
KDM4D,turquoise
KDSR,turquoise
KHDRBS2,turquoise
KIAA0020,turquoise
KIAA0090,turquoise
KIAA0101,turquoise
KIAA0226,turquoise
KIAA0319L,turquoise
KIAA0586,turquoise
KIAA0776,turquoise
KIAA0947,turquoise
KIAA1009,turquoise
KIAA1033,turquoise
KIAA1211,turquoise
KIAA1244,turquoise
KIAA1370,turquoise
KIAA1407,turquoise
KIAA1429,turquoise
KIAA1524,turquoise
KIAA1539,turquoise
KIAA1688,turquoise
KIAA1712,turquoise
KIAA1841,turquoise
KIAA1919,turquoise
KIAA2018,turquoise
KIF17,turquoise
KIF18A,turquoise
KIF25,turquoise
KIF26A,turquoise
KIF26B,turquoise
KIF2C,turquoise
KIF5C,turquoise
KIFC1,turquoise
KLB,turquoise
KLF12,turquoise
KLF14,turquoise
KLF5,turquoise
KLF9,turquoise
KLHDC10,turquoise
KLHL2,turquoise
KLHL20,turquoise
KPNA3,turquoise
KRR1,turquoise
KRT34,turquoise
L3MBTL3,turquoise
LACTB,turquoise
LALBA,turquoise
LANCL1,turquoise
LAP3,turquoise
LAPTM4A,turquoise
LARP4,turquoise
LARP7,turquoise
LATS1,turquoise
LBXCOR1,turquoise
LCLAT1,turquoise
LCORL,turquoise
LEMD3,turquoise
LEPRE1,turquoise
LGALS3,turquoise
LHFP,turquoise
LHFPL5,turquoise
LHX1,turquoise
LIAS,turquoise
LIFR,turquoise
LIG1,turquoise
LIMK2,turquoise
LIN7A,turquoise
LIX1L,turquoise
LLPH,turquoise
LMAN2,turquoise
LMBRD2,turquoise
LMO3,turquoise
LMO4,turquoise
LMO7,turquoise
LOC100128542,turquoise
LOC100129716,turquoise
LOC100133091,turquoise
LOC100270746,turquoise
LOC100302652,turquoise
LOC220429,turquoise
LOC253724,turquoise
LOC283070,turquoise
LOC284551,turquoise
LOC285456,turquoise
LOC285550,turquoise
LOC285696,turquoise
LOC285830,turquoise
LOC286016,turquoise
LOC344595,turquoise
LOC348926,turquoise
LOC374443,turquoise
LOC387647,turquoise
LOC400027,turquoise
LOC400657,turquoise
LOC401093,turquoise
LOC401127,turquoise
LOC401397,turquoise
LOC401431,turquoise
LOC441869,turquoise
LOC552889,turquoise
LOC645323,turquoise
LOC729082,turquoise
LOC729338,turquoise
LOC93622,turquoise
LPHN2,turquoise
LPL,turquoise
LQK1,turquoise
LRCH1,turquoise
LRCH3,turquoise
LRGUK,turquoise
LRP11,turquoise
LRP5,turquoise
LRRC23,turquoise
LRRC27,turquoise
LRRC28,turquoise
LRRC49,turquoise
LRRC8C,turquoise
LRRCC1,turquoise
LRRFIP1,turquoise
LRRIQ3,turquoise
LSM14A,turquoise
LSM6,turquoise
LTA4H,turquoise
LUC7L2,turquoise
LUZP1,turquoise
LYPLA2,turquoise
LYST,turquoise
LZTFL1,turquoise
MACF1,turquoise
MAD1L1,turquoise
MAD2L1BP,turquoise
MAGI2,turquoise
MAGI3,turquoise
MAGOHB,turquoise
MAK16,turquoise
MALAT1,turquoise
MAML3,turquoise
MANBA,turquoise
MANEA,turquoise
MAP1B,turquoise
MAP2K6,turquoise
MAP3K13,turquoise
MAP3K3,turquoise
MAP3K7,turquoise
MAP4,turquoise
MAP4K3,turquoise
MAP9,turquoise
MAPK10,turquoise
MAPK14,turquoise
MAPK3,turquoise
MAPKBP1,turquoise
MAPRE2,turquoise
MARCH6,turquoise
MARCH7,turquoise
MARCKS,turquoise
MARK2,turquoise
MARK3,turquoise
MARS,turquoise
MARS2,turquoise
MAS1L,turquoise
MAST4,turquoise
MAT2A,turquoise
MATR3,turquoise
MAVS,turquoise
MBD2,turquoise
MBD5,turquoise
MBLAC1,turquoise
MBLAC2,turquoise
MBNL1,turquoise
MBTPS1,turquoise
MCF2L,turquoise
MCF2L2,turquoise
MCFD2,turquoise
MDH1,turquoise
MDH1B,turquoise
MDH2,turquoise
MDM2,turquoise
MDN1,turquoise
MECOM,turquoise
MED15,turquoise
MED21,turquoise
MED23,turquoise
MED4,turquoise
MEF2C,turquoise
MEGF11,turquoise
MEOX2,turquoise
MERTK,turquoise
MESP1,turquoise
METAP2,turquoise
METTL14,turquoise
MFAP1,turquoise
MFAP3,turquoise
MFGE8,turquoise
MGA,turquoise
MGAT4A,turquoise
MGAT4C,turquoise
MGC42105,turquoise
MGLL,turquoise
MGMT,turquoise
MGST1,turquoise
MIA3,turquoise
MIB2,turquoise
MIER1,turquoise
MIER3,turquoise
MIPOL1,turquoise
MIR124-1,turquoise
MIR129-2,turquoise
MIR137,turquoise
MIR329-2,turquoise
MIR423,turquoise
MIR548H4,turquoise
MIR548N,turquoise
MIR636,turquoise
MIR761,turquoise
MITF,turquoise
MLF1IP,turquoise
MLH1,turquoise
MLLT10,turquoise
MLLT3,turquoise
MLLT4,turquoise
MMAA,turquoise
MNAT1,turquoise
MOBKL3,turquoise
MOCS3,turquoise
MORC1,turquoise
MPHOSPH8,turquoise
MPP5,turquoise
MPZL3,turquoise
MRC2,turquoise
MRE11A,turquoise
MRFAP1,turquoise
MRGPRD,turquoise
MRGPRF,turquoise
MRPL1,turquoise
MRPL13,turquoise
MRPL17,turquoise
MRPL22,turquoise
MRPL3,turquoise
MRPL32,turquoise
MRPL35,turquoise
MRPL44,turquoise
MRPL46,turquoise
MRPL48,turquoise
MRPL54,turquoise
MRPS10,turquoise
MRPS14,turquoise
MRPS16,turquoise
MRPS18B,turquoise
MRPS24,turquoise
MRPS25,turquoise
MRPS27,turquoise
MRPS30,turquoise
MRPS35,turquoise
MRPS9,turquoise
MRTO4,turquoise
MSH3,turquoise
MSI2,turquoise
MSL2,turquoise
MSX2,turquoise
MTBP,turquoise
MTCH2,turquoise
MTERFD1,turquoise
MTERFD3,turquoise
MTF2,turquoise
MTFMT,turquoise
MTFR1,turquoise
MTHFD2L,turquoise
MTHFSD,turquoise
MTMR14,turquoise
MTMR6,turquoise
MTO1,turquoise
MTOR,turquoise
MTRF1,turquoise
MTRF1L,turquoise
MTSS1,turquoise
MTUS1,turquoise
MUC4,turquoise
MUDENG,turquoise
MUTED,turquoise
MYADM,turquoise
MYC,turquoise
MYEF2,turquoise
MYH10,turquoise
MYH14,turquoise
MYL12A,turquoise
MYNN,turquoise
MYO16,turquoise
MYO1D,turquoise
MYO6,turquoise
MYO9A,turquoise
MYOF,turquoise
MYST3,turquoise
MYT1L,turquoise
MZF1,turquoise
N4BP2,turquoise
N4BP2L2,turquoise
NAA16,turquoise
NAA38,turquoise
NAA50,turquoise
NAALADL2,turquoise
NAGK,turquoise
NAP1L1,turquoise
NAP1L4,turquoise
NARS2,turquoise
NBAS,turquoise
NBR2,turquoise
NCALD,turquoise
NCKIPSD,turquoise
NCOA2,turquoise
NCRNA00081,turquoise
NCRNA00219,turquoise
NDNL2,turquoise
NDRG1,turquoise
NDST3,turquoise
NDUFA5,turquoise
NDUFA8,turquoise
NDUFA9,turquoise
NDUFB3,turquoise
NDUFB4,turquoise
NECAP1,turquoise
NECAP2,turquoise
NEDD1,turquoise
NEFM,turquoise
NEK1,turquoise
NEK7,turquoise
NEK8,turquoise
NELL2,turquoise
NET1,turquoise
NETO2,turquoise
NEURL1B,turquoise
NEUROD1,turquoise
NFATC2IP,turquoise
NFIA,turquoise
NFIC,turquoise
NFKBIL1,turquoise
NFYA,turquoise
NFYC,turquoise
NGRN,turquoise
NHEDC2,turquoise
NHLRC2,turquoise
NHLRC3,turquoise
NHP2,turquoise
NIF3L1,turquoise
NKAIN2,turquoise
NKTR,turquoise
NKX6-2,turquoise
NLGN1,turquoise
NLN,turquoise
NMBR,turquoise
NME7,turquoise
NMI,turquoise
NMT2,turquoise
NMUR2,turquoise
NNT,turquoise
NOG,turquoise
NOL4,turquoise
NOL8,turquoise
NOVA1,turquoise
NPAS3,turquoise
NPLOC4,turquoise
NPY1R,turquoise
NPY2R,turquoise
NQO1,turquoise
NR2C1,turquoise
NR2F1,turquoise
NR2F2,turquoise
NR3C1,turquoise
NR3C2,turquoise
NR4A3,turquoise
NR5A2,turquoise
NRAP,turquoise
NRG3,turquoise
NRN1,turquoise
NRTN,turquoise
NSL1,turquoise
NSMAF,turquoise
NSMCE1,turquoise
NSUN3,turquoise
NT5C3L,turquoise
NTM,turquoise
NTNG1,turquoise
NUB1,turquoise
NUBP1,turquoise
NUDCD3,turquoise
NUDT15,turquoise
NUDT21,turquoise
NUDT9P1,turquoise
NUF2,turquoise
NUMB,turquoise
NUP107,turquoise
NUP133,turquoise
NUP153,turquoise
NUP205,turquoise
NUP35,turquoise
NUP43,turquoise
NVL,turquoise
NXN,turquoise
NXPH2,turquoise
OBFC2A,turquoise
OCIAD1,turquoise
ODZ2,turquoise
ODZ4,turquoise
OIT3,turquoise
OLIG2,turquoise
OMA1,turquoise
OPRK1,turquoise
OR13D1,turquoise
OR14I1,turquoise
OR1B1,turquoise
OR2D2,turquoise
OR2G3,turquoise
OR4F5,turquoise
OR56B4,turquoise
OR5E1P,turquoise
ORC4L,turquoise
OSBP,turquoise
OSBP2,turquoise
OSGEP,turquoise
OSTC,turquoise
OSTM1,turquoise
OTUD4,turquoise
OTUD6B,turquoise
OTX2OS1,turquoise
OXA1L,turquoise
OXSR1,turquoise
P4HA1,turquoise
P4HA2,turquoise
PABPC1P2,turquoise
PABPC4,turquoise
PACRG,turquoise
PAFAH1B2,turquoise
PAIP2,turquoise
PAK2,turquoise
PAM,turquoise
PAN3,turquoise
PAR5,turquoise
PARD3,turquoise
PARP1,turquoise
PARP11,turquoise
PARP2,turquoise
PARS2,turquoise
PASK,turquoise
PATE1,turquoise
PBX1,turquoise
PBX2,turquoise
PC,turquoise
PCBD2,turquoise
PCBP2,turquoise
PCDH24,turquoise
PCDH9,turquoise
PCDHA2,turquoise
PCDHA6,turquoise
PCDHA7,turquoise
PCDHB10,turquoise
PCDHB11,turquoise
PCDHB2,turquoise
PCDHB4,turquoise
PCDHB6,turquoise
PCDHB7,turquoise
PCDHGA2,turquoise
PCDHGA4,turquoise
PCDHGB1,turquoise
PCF11,turquoise
PCGF3,turquoise
PCLO,turquoise
PCNP,turquoise
PCSK1,turquoise
PCSK9,turquoise
PCYT2,turquoise
PDDC1,turquoise
PDE4D,turquoise
PDE4DIP,turquoise
PDGFD,turquoise
PDIA4,turquoise
PDS5B,turquoise
PDX1,turquoise
PDZD8,turquoise
PEG10,turquoise
PELI2,turquoise
PET112L,turquoise
PEX1,turquoise
PEX13,turquoise
PFKFB2,turquoise
PGBD1,turquoise
PGBD2,turquoise
PGBD4,turquoise
PGBD5,turquoise
PGGT1B,turquoise
PGM2L1,turquoise
PGR,turquoise
PHACTR2,turquoise
PHC3,turquoise
PHF14,turquoise
PHF15,turquoise
PHF17,turquoise
PHF20L1,turquoise
PHKB,turquoise
PHLDA2,turquoise
PHLDB1,turquoise
PHLDB2,turquoise
PIAS1,turquoise
PIGF,turquoise
PIGL,turquoise
PIGV,turquoise
PIK3C3,turquoise
PIK3CA,turquoise
PIK3R3,turquoise
PINX1,turquoise
PIP4K2A,turquoise
PITPNB,turquoise
PITRM1,turquoise
PJA2,turquoise
PKHD1L1,turquoise
PKIA,turquoise
PLA2G16,turquoise
PLAC8,turquoise
PLAG1,turquoise
PLCB3,turquoise
PLCE1,turquoise
PLCXD2,turquoise
PLEC1,turquoise
PLEKHB2,turquoise
PLEKHM2,turquoise
PLK1S1,turquoise
PLK4,turquoise
PLRG1,turquoise
PLSCR2,turquoise
PLSCR4,turquoise
PLXND1,turquoise
PMS1,turquoise
PNLIPRP2,turquoise
PNPLA3,turquoise
PNPLA7,turquoise
PNPT1,turquoise
PNRC1,turquoise
POFUT1,turquoise
POFUT2,turquoise
POLB,turquoise
POLK,turquoise
POLQ,turquoise
POLR1A,turquoise
POLR2K,turquoise
POLR3A,turquoise
POLR3B,turquoise
POLR3C,turquoise
POLR3E,turquoise
POM121,turquoise
POMP,turquoise
PON2,turquoise
POP1,turquoise
POT1,turquoise
POTEA,turquoise
POU6F2,turquoise
PPA2,turquoise
PPFIA1,turquoise
PPFIA2,turquoise
PPID,turquoise
PPIH,turquoise
PPIL2,turquoise
PPIL3,turquoise
PPIL5,turquoise
PPM1B,turquoise
PPME1,turquoise
PPP1CC,turquoise
PPP1R11,turquoise
PPP1R12A,turquoise
PPP1R9A,turquoise
PPP2R1B,turquoise
PPP2R5C,turquoise
PPP3R1,turquoise
PRDM5,turquoise
PRDX1,turquoise
PREPL,turquoise
PRH1,turquoise
PRHOXNB,turquoise
PRICKLE1,turquoise
PRICKLE2,turquoise
PRIM1,turquoise
PRIM2,turquoise
PRKAA2,turquoise
PRKACA,turquoise
PRKACB,turquoise
PRKAR2A,turquoise
PRKG1,turquoise
PRMT10,turquoise
PROK2,turquoise
PRR11,turquoise
PRR13,turquoise
PRR25,turquoise
PRR3,turquoise
PRSS42,turquoise
PSD3,turquoise
PSMA3,turquoise
PSMB2,turquoise
PSMB7,turquoise
PSMC1,turquoise
PSMC2,turquoise
PSMC4,turquoise
PSMD14,turquoise
PSMG1,turquoise
PTDSS2,turquoise
PTK2,turquoise
PTPLB,turquoise
PTPN12,turquoise
PTPN21,turquoise
PTPRG,turquoise
PTPRK,turquoise
PTPRN2,turquoise
PURG,turquoise
PVRL2,turquoise
PXMP3,turquoise
PYROXD1,turquoise
QKI,turquoise
QRFPR,turquoise
R3HDM1,turquoise
RAB13,turquoise
RAB2B,turquoise
RAB35,turquoise
RAB3C,turquoise
RAB3GAP2,turquoise
RAB3IP,turquoise
RAB4A,turquoise
RAB5A,turquoise
RABIF,turquoise
RAD18,turquoise
RAD51AP1,turquoise
RAD51AP2,turquoise
RAD54B,turquoise
RAE1,turquoise
RAET1G,turquoise
RAF1,turquoise
RAG2,turquoise
RAGE,turquoise
RALYL,turquoise
RAPGEF6,turquoise
RARB,turquoise
RARRES1,turquoise
RASD2,turquoise
RASGRP3,turquoise
RB1,turquoise
RB1CC1,turquoise
RBBP4,turquoise
RBBP5,turquoise
RBBP6,turquoise
RBM18,turquoise
RBM23,turquoise
RBM24,turquoise
RBM25,turquoise
RBM34,turquoise
RBM4,turquoise
RBM44,turquoise
RBM47,turquoise
RBM5,turquoise
RBM8A,turquoise
RBMS2,turquoise
RBMXL1,turquoise
RCCD1,turquoise
RCHY1,turquoise
RCN2,turquoise
RDH10,turquoise
RDH12,turquoise
RECQL,turquoise
RELL1,turquoise
REV1,turquoise
RFC1,turquoise
RFC3,turquoise
RFESD,turquoise
RFX3,turquoise
RFX7,turquoise
RG9MTD2,turquoise
RGMA,turquoise
RGMB,turquoise
RGS5,turquoise
RGS6,turquoise
RHBDD1,turquoise
RHEB,turquoise
RHOBTB1,turquoise
RICH2,turquoise
RICTOR,turquoise
RIF1,turquoise
RIMKLB,turquoise
RIMS1,turquoise
RIOK2,turquoise
RIPK1,turquoise
RIPK2,turquoise
RNASEH1,turquoise
RND3,turquoise
RNF111,turquoise
RNF114,turquoise
RNF135,turquoise
RNF14,turquoise
RNF141,turquoise
RNF145,turquoise
RNF146,turquoise
RNF168,turquoise
RNF2,turquoise
RNF5,turquoise
RNF5P1,turquoise
RNF8,turquoise
RNFT2,turquoise
RNGTT,turquoise
RNPC3,turquoise
RNPEP,turquoise
RNPS1,turquoise
RNU5E,turquoise
ROBO1,turquoise
ROBO3,turquoise
ROR1,turquoise
RP9,turquoise
RP9P,turquoise
RPA3,turquoise
RPAP2,turquoise
RPF1,turquoise
RPGRIP1L,turquoise
RPIA,turquoise
RPL10L,turquoise
RPL21,turquoise
RPL22,turquoise
RPL23A,turquoise
RPL32,turquoise
RPL34,turquoise
RPL35A,turquoise
RPL37,turquoise
RPL5,turquoise
RPP30,turquoise
RPRD1A,turquoise
RPRM,turquoise
RPS11,turquoise
RPS14,turquoise
RPS23,turquoise
RPS24,turquoise
RPS27A,turquoise
RPS27L,turquoise
RPS3,turquoise
RPS6KA2,turquoise
RPS6KL1,turquoise
RPTOR,turquoise
RPUSD2,turquoise
RREB1,turquoise
RSL24D1,turquoise
RSPH4A,turquoise
RSPRY1,turquoise
RSRC2,turquoise
RTCD1,turquoise
RTDR1,turquoise
RUNX2,turquoise
RWDD1,turquoise
S100A11,turquoise
S100PBP,turquoise
SACM1L,turquoise
SAE1,turquoise
SAMD11,turquoise
SAMD13,turquoise
SAMHD1,turquoise
SAP30,turquoise
SART3,turquoise
SASH1,turquoise
SASS6,turquoise
SATB1,turquoise
SATB2,turquoise
SC4MOL,turquoise
SC5DL,turquoise
SCAMP2,turquoise
SCAND2,turquoise
SCARB2,turquoise
SCFD2,turquoise
SCG2,turquoise
SCLT1,turquoise
SCN4A,turquoise
SCNM1,turquoise
SCOC,turquoise
SCUBE2,turquoise
SCYL2,turquoise
SCYL3,turquoise
SDAD1,turquoise
SDCBP,turquoise
SDCCAG1,turquoise
SDCCAG10,turquoise
SDF4,turquoise
SEC16A,turquoise
SEC22B,turquoise
SEC31A,turquoise
SECISBP2,turquoise
SELK,turquoise
SELT,turquoise
SEMA3A,turquoise
SEMA3C,turquoise
SEMA3E,turquoise
SEMA5A,turquoise
SENP1,turquoise
SENP2,turquoise
SENP7,turquoise
SEP15,turquoise
SEPHS2,turquoise
SEPSECS,turquoise
SEPT8,turquoise
SERF2,turquoise
SERINC1,turquoise
SERP1,turquoise
SERPINB6,turquoise
SERTAD3,turquoise
SESN3,turquoise
SETD3,turquoise
SETDB1,turquoise
SF1,turquoise
SFMBT2,turquoise
SFPQ,turquoise
SFRP4,turquoise
SFRS12IP1,turquoise
SFRS18,turquoise
SFRS2B,turquoise
SFRS7,turquoise
SFRS8,turquoise
SFTA3,turquoise
SGCE,turquoise
SGOL1,turquoise
SGOL2,turquoise
SGSM1,turquoise
SGTB,turquoise
SHFM1,turquoise
SHISA9,turquoise
SIDT1,turquoise
SIK2,turquoise
SIM1,turquoise
SIN3A,turquoise
SIP1,turquoise
SIPA1L1,turquoise
SIRT4,turquoise
SIX4,turquoise
SKIV2L,turquoise
SKIV2L2,turquoise
SKP1,turquoise
SKP2,turquoise
SLC10A7,turquoise
SLC15A1,turquoise
SLC15A2,turquoise
SLC17A6,turquoise
SLC20A2,turquoise
SLC25A15,turquoise
SLC25A21,turquoise
SLC25A26,turquoise
SLC25A32,turquoise
SLC25A46,turquoise
SLC27A1,turquoise
SLC2A1,turquoise
SLC30A3,turquoise
SLC30A6,turquoise
SLC30A9,turquoise
SLC35A1,turquoise
SLC35E1,turquoise
SLC35F1,turquoise
SLC35F2,turquoise
SLC36A4,turquoise
SLC39A1,turquoise
SLC39A14,turquoise
SLC39A9,turquoise
SLC41A3,turquoise
SLC45A2,turquoise
SLC45A3,turquoise
SLC5A6,turquoise
SLC6A13,turquoise
SLC6A15,turquoise
SLC6A17,turquoise
SLC6A18,turquoise
SLC6A9,turquoise
SLC9A1,turquoise
SLCO5A1,turquoise
SLFN11,turquoise
SLITRK1,turquoise
SLITRK3,turquoise
SLITRK5,turquoise
SLMAP,turquoise
SLU7,turquoise
SMAD1,turquoise
SMAD9,turquoise
SMARCA4,turquoise
SMARCA5,turquoise
SMARCAD1,turquoise
SMARCC1,turquoise
SMC5,turquoise
SMEK2,turquoise
SMOC2,turquoise
SMUG1,turquoise
SNAI2,turquoise
SNAP23,turquoise
SNAP25,turquoise
SNAPC1,turquoise
SNAPC3,turquoise
SNCA,turquoise
SNCAIP,turquoise
SNHG5,turquoise
SNHG8,turquoise
SNORA26,turquoise
SNORD113-6,turquoise
SNORD27,turquoise
SNORD7,turquoise
SNRK,turquoise
SNRNP27,turquoise
SNRNP35,turquoise
SNRNP48,turquoise
SNRPG,turquoise
SNTB1,turquoise
SNTB2,turquoise
SNW1,turquoise
SNX13,turquoise
SNX15,turquoise
SNX24,turquoise
SOCS2,turquoise
SOCS4,turquoise
SOCS5,turquoise
SORBS2,turquoise
SOX2OT,turquoise
SOX4,turquoise
SOX5,turquoise
SP1,turquoise
SPAG17,turquoise
SPATA5L1,turquoise
SPATA6,turquoise
SPATA7,turquoise
SPC25,turquoise
SPG20,turquoise
SPHKAP,turquoise
SPIN1,turquoise
SPOP,turquoise
SPOPL,turquoise
SPRY1,turquoise
SPRYD3,turquoise
SPTBN1,turquoise
SRCAP,turquoise
SRCRB4D,turquoise
SRI,turquoise
SRP72,turquoise
SSBP1,turquoise
SSR3,turquoise
SST,turquoise
SSTR2,turquoise
ST3GAL5,turquoise
ST6GAL1,turquoise
ST6GALNAC5,turquoise
ST7,turquoise
ST8SIA4,turquoise
STARD13,turquoise
STARD3NL,turquoise
STARD4,turquoise
STAU1,turquoise
STAU2,turquoise
STK11IP,turquoise
STK31,turquoise
STK38,turquoise
STMN1,turquoise
STOX2,turquoise
STRAP,turquoise
STRN,turquoise
STT3A,turquoise
STT3B,turquoise
STX11,turquoise
STX6,turquoise
STX7,turquoise
STXBP3,turquoise
STXBP5,turquoise
STXBP5L,turquoise
SUB1,turquoise
SUGT1P1,turquoise
SUPT3H,turquoise
SUPV3L1,turquoise
SUV420H1,turquoise
SUV420H2,turquoise
SV2B,turquoise
SVIL,turquoise
SVIP,turquoise
SYCE1,turquoise
SYCP1,turquoise
SYNCRIP,turquoise
SYNE1,turquoise
SYNGAP1,turquoise
SYNJ2,turquoise
SYNJ2BP,turquoise
SYNM,turquoise
SYNPR,turquoise
SYT1,turquoise
SYT11,turquoise
TACR1,turquoise
TADA1,turquoise
TAF1A,turquoise
TAF1L,turquoise
TAF2,turquoise
TANC1,turquoise
TAPBP,turquoise
TAPT1,turquoise
TARS2,turquoise
TAS1R2,turquoise
TAS2R38,turquoise
TAX1BP1,turquoise
TBC1D15,turquoise
TBC1D19,turquoise
TBC1D20,turquoise
TBC1D23,turquoise
TBC1D5,turquoise
TBCE,turquoise
TBL1XR1,turquoise
TBL2,turquoise
TBPL1,turquoise
TCERG1,turquoise
TCERG1L,turquoise
TCF7L2,turquoise
TCP1,turquoise
TCP11L2,turquoise
TCTEX1D4,turquoise
TCTN2,turquoise
TCTN3,turquoise
TDRD6,turquoise
TECPR2,turquoise
TEKT5,turquoise
TFAM,turquoise
TFAP2B,turquoise
TFG,turquoise
TGDS,turquoise
TGFB1I1,turquoise
TGFBR2,turquoise
THADA,turquoise
THAP2,turquoise
THAP5,turquoise
THAP6,turquoise
THNSL1,turquoise
THRAP3,turquoise
THRB,turquoise
THUMPD2,turquoise
TIMELESS,turquoise
TIPARP,turquoise
TJP2,turquoise
TKTL2,turquoise
TLE1,turquoise
TLK1,turquoise
TLX2,turquoise
TM7SF3,turquoise
TMCO1,turquoise
TMCO3,turquoise
TMCO6,turquoise
TMED10,turquoise
TMED5,turquoise
TMED7,turquoise
TMEM106B,turquoise
TMEM109,turquoise
TMEM126A,turquoise
TMEM126B,turquoise
TMEM128,turquoise
TMEM129,turquoise
TMEM132D,turquoise
TMEM134,turquoise
TMEM161A,turquoise
TMEM161B,turquoise
TMEM167B,turquoise
TMEM174,turquoise
TMEM178,turquoise
TMEM183A,turquoise
TMEM184C,turquoise
TMEM188,turquoise
TMEM19,turquoise
TMEM192,turquoise
TMEM194A,turquoise
TMEM201,turquoise
TMEM209,turquoise
TMEM218,turquoise
TMEM233,turquoise
TMEM30A,turquoise
TMEM5,turquoise
TMEM55B,turquoise
TMEM66,turquoise
TMEM67,turquoise
TMEM69,turquoise
TMEM70,turquoise
TMEM87B,turquoise
TMEM9B,turquoise
TMPO,turquoise
TMX2,turquoise
TMX3,turquoise
TNFRSF10B,turquoise
TNFRSF18,turquoise
TNFRSF1B,turquoise
TNFSF11,turquoise
TNKS,turquoise
TNKS2,turquoise
TNPO1,turquoise
TOP2A,turquoise
TOP3B,turquoise
TOPORS,turquoise
TOR1AIP2,turquoise
TP53,turquoise
TP53I3,turquoise
TP53RK,turquoise
TPCN2,turquoise
TPD52,turquoise
TPD52L2,turquoise
TPM3,turquoise
TPO,turquoise
TPP2,turquoise
TPRKB,turquoise
TPT1,turquoise
TPX2,turquoise
TRA2A,turquoise
TRAF3IP1,turquoise
TRAF6,turquoise
TRERF1,turquoise
TRIB1,turquoise
TRIM10,turquoise
TRIM13,turquoise
TRIM2,turquoise
TRIM26,turquoise
TRIM58,turquoise
TRIM60,turquoise
TRIM78P,turquoise
TRIP11,turquoise
TRIP12,turquoise
TRIP4,turquoise
TRMT61B,turquoise
TRNP1,turquoise
TRPC4,turquoise
TRPC6,turquoise
TRPM3,turquoise
TRRAP,turquoise
TRUB1,turquoise
TSC22D1,turquoise
TSC22D2,turquoise
TSEN15,turquoise
TSG101,turquoise
TSNAX-DISC1,turquoise
TSPAN19,turquoise
TSPAN33,turquoise
TSPAN9,turquoise
TSPYL1,turquoise
TTC21B,turquoise
TTC23,turquoise
TTC25,turquoise
TTC29,turquoise
TTC30A,turquoise
TTC35,turquoise
TTC39B,turquoise
TTC5,turquoise
TTC8,turquoise
TTC9,turquoise
TTPA,turquoise
TUBA1A,turquoise
TUBD1,turquoise
TUBE1,turquoise
TWF1,turquoise
TXNDC12,turquoise
TXNDC9,turquoise
TXNIP,turquoise
TXNRD1,turquoise
UBAC2,turquoise
UBAP2L,turquoise
UBB,turquoise
UBC,turquoise
UBD,turquoise
UBE2D2,turquoise
UBE2D3,turquoise
UBE2MP1,turquoise
UBE2T,turquoise
UBE2U,turquoise
UBE2V2,turquoise
UBE2W,turquoise
UBE3A,turquoise
UBL3,turquoise
UBLCP1,turquoise
UBR5,turquoise
UBTD2,turquoise
UBXN1,turquoise
UBXN6,turquoise
UEVLD,turquoise
UFM1,turquoise
UGP2,turquoise
UGT1A5,turquoise
UHMK1,turquoise
UNC13B,turquoise
UPK1B,turquoise
UQCRB,turquoise
USO1,turquoise
USP13,turquoise
USP15,turquoise
USP30,turquoise
UTP11L,turquoise
UTP23,turquoise
UTRN,turquoise
VAC14,turquoise
VAMP4,turquoise
VANGL1,turquoise
VCAN,turquoise
VCP,turquoise
VEZF1,turquoise
VGLL4,turquoise
VIM,turquoise
VKORC1L1,turquoise
VNN2,turquoise
VPS26A,turquoise
VPS37D,turquoise
VPS41,turquoise
VPS45,turquoise
VPS54,turquoise
VPS8,turquoise
VRK1,turquoise
VSTM2A,turquoise
VTA1,turquoise
VTI1A,turquoise
VWC2L,turquoise
WAC,turquoise
WARS2,turquoise
WASF1,turquoise
WBP11,turquoise
WBP2,turquoise
WDHD1,turquoise
WDR3,turquoise
WDR4,turquoise
WDR47,turquoise
WDR48,turquoise
WDR5,turquoise
WDR5B,turquoise
WDR60,turquoise
WDR63,turquoise
WDR65,turquoise
WDR67,turquoise
WDR75,turquoise
WDR76,turquoise
WDR77,turquoise
WDR8,turquoise
WDR89,turquoise
WHSC1L1,turquoise
WIPF1,turquoise
WNK1,turquoise
WNT5A,turquoise
WWC2,turquoise
WWOX,turquoise
XKR6,turquoise
XPNPEP1,turquoise
XPO1,turquoise
XPO6,turquoise
XRCC2,turquoise
XRCC4,turquoise
XRN1,turquoise
YAF2,turquoise
YEATS4,turquoise
YIPF4,turquoise
YME1L1,turquoise
YOD1,turquoise
YTHDF2,turquoise
YTHDF3,turquoise
ZAK,turquoise
ZBBX,turquoise
ZBTB10,turquoise
ZBTB17,turquoise
ZBTB20,turquoise
ZBTB24,turquoise
ZBTB41,turquoise
ZBTB43,turquoise
ZBTB45,turquoise
ZC3H10,turquoise
ZC3H13,turquoise
ZC3H15,turquoise
ZC3H4,turquoise
ZC3HC1,turquoise
ZCCHC10,turquoise
ZCCHC11,turquoise
ZDHHC14,turquoise
ZDHHC20,turquoise
ZEB1,turquoise
ZEB2,turquoise
ZFAND1,turquoise
ZFAND6,turquoise
ZFC3H1,turquoise
ZFP91,turquoise
ZFYVE1,turquoise
ZFYVE26,turquoise
ZIC1,turquoise
ZIC4,turquoise
ZKSCAN3,turquoise
ZMAT3,turquoise
ZMPSTE24,turquoise
ZMYM1,turquoise
ZMYND11,turquoise
ZNF10,turquoise
ZNF132,turquoise
ZNF140,turquoise
ZNF143,turquoise
ZNF148,turquoise
ZNF169,turquoise
ZNF174,turquoise
ZNF192,turquoise
ZNF207,turquoise
ZNF212,turquoise
ZNF213,turquoise
ZNF234,turquoise
ZNF250,turquoise
ZNF252,turquoise
ZNF271,turquoise
ZNF281,turquoise
ZNF311,turquoise
ZNF322A,turquoise
ZNF323,turquoise
ZNF333,turquoise
ZNF34,turquoise
ZNF343,turquoise
ZNF346,turquoise
ZNF35,turquoise
ZNF350,turquoise
ZNF37A,turquoise
ZNF384,turquoise
ZNF391,turquoise
ZNF423,turquoise
ZNF438,turquoise
ZNF441,turquoise
ZNF445,turquoise
ZNF467,turquoise
ZNF512,turquoise
ZNF544,turquoise
ZNF563,turquoise
ZNF566,turquoise
ZNF573,turquoise
ZNF582,turquoise
ZNF585B,turquoise
ZNF598,turquoise
ZNF618,turquoise
ZNF620,turquoise
ZNF649,turquoise
ZNF660,turquoise
ZNF662,turquoise
ZNF680,turquoise
ZNF684,turquoise
ZNF70,turquoise
ZNF780B,turquoise
ZNF782,turquoise
ZNF790,turquoise
ZNF793,turquoise
ZNF799,turquoise
ZNF800,turquoise
ZNF804A,turquoise
ZNF823,turquoise
ZNF833,turquoise
ZNF836,turquoise
ZNF843,turquoise
ZNF880,turquoise
ZNRD1,turquoise
ZPBP,turquoise
ZRANB2,turquoise
ZSWIM2,turquoise
ZSWIM6,turquoise
ZW10,turquoise
ZWILCH,turquoise
ZZEF1,turquoise
ZZZ3,turquoise
A4GALT,yellow
AARS,yellow
ABCB1,yellow
ABCF1,yellow
ABHD1,yellow
ABHD10,yellow
ABHD13,yellow
ABLIM2,yellow
ABR,yellow
ACACB,yellow
ACAD10,yellow
ACADM,yellow
ACAT1,yellow
ACBD3,yellow
ACCN2,yellow
ACCS,yellow
ACIN1,yellow
ACO2,yellow
ACSL6,yellow
ACTA2,yellow
ACTR10,yellow
ACTR1B,yellow
ACTR3C,yellow
ACTR6,yellow
ACVR2A,yellow
ACYP1,yellow
ACYP2,yellow
ADAMTS1,yellow
ADAMTS10,yellow
ADAMTS8,yellow
ADAMTSL1,yellow
ADAP1,yellow
ADARB2,yellow
ADAT2,yellow
ADC,yellow
ADCK1,yellow
ADCK2,yellow
ADCY6,yellow
ADHFE1,yellow
ADI1,yellow
ADM,yellow
ADRA2A,yellow
ADSS,yellow
AFAP1,yellow
AFF1,yellow
AFG3L1,yellow
AFG3L2,yellow
AGAP1,yellow
AGAP11,yellow
AGGF1,yellow
AGL,yellow
AGPAT1,yellow
AGPAT9,yellow
AGTRAP,yellow
AHRR,yellow
AKAP12,yellow
AKAP5,yellow
AKAP8L,yellow
AKD1,yellow
AKIRIN1,yellow
AKT1S1,yellow
ALCAM,yellow
ALDH1A3,yellow
ALDH2,yellow
ALDH4A1,yellow
ALDOA,yellow
ALG10B,yellow
ALG14,yellow
ALG3,yellow
ALKBH5,yellow
ALLC,yellow
AMN1,yellow
AMPD2,yellow
ANAPC4,yellow
ANAPC5,yellow
ANG,yellow
ANGEL1,yellow
ANKRD10,yellow
ANKRD11,yellow
ANKRD13A,yellow
ANKRD37,yellow
ANKRD42,yellow
ANKRD50,yellow
ANKS1A,yellow
ANKS3,yellow
ANO6,yellow
ANP32A,yellow
ANP32E,yellow
ANUBL1,yellow
ANXA3,yellow
ANXA4,yellow
ANXA5,yellow
ANXA7,yellow
AP1G2,yellow
AP1S1,yellow
AP4B1,yellow
AP4E1,yellow
APBA1,yellow
APBB1,yellow
APEH,yellow
APIP,yellow
APLF,yellow
APOL2,yellow
APOLD1,yellow
APRT,yellow
ARF1,yellow
ARFIP1,yellow
ARGLU1,yellow
ARHGAP1,yellow
ARHGAP12,yellow
ARHGAP17,yellow
ARHGAP20,yellow
ARHGAP29,yellow
ARHGEF12,yellow
ARHGEF7,yellow
ARID3B,yellow
ARID5B,yellow
ARIH1,yellow
ARL10,yellow
ARL5B,yellow
ARPC2,yellow
ARPC5L,yellow
ARRDC2,yellow
ARSK,yellow
ASAH1,yellow
ASB13,yellow
ASB14,yellow
ASNSD1,yellow
ATAD1,yellow
ATAD3B,yellow
ATF2,yellow
ATF3,yellow
ATF6B,yellow
ATG12,yellow
ATG2A,yellow
ATL3,yellow
ATM,yellow
ATN1,yellow
ATOH1,yellow
ATOH8,yellow
ATP11A,yellow
ATP1A1,yellow
ATP1B2,yellow
ATP1B3,yellow
ATP2C1,yellow
ATP5G1,yellow
ATP5G3,yellow
ATP6V0A2,yellow
ATP6V0A4,yellow
ATP6V0C,yellow
ATP6V0D1,yellow
ATP6V1H,yellow
ATPIF1,yellow
ATXN1,yellow
ATXN10,yellow
ATXN7,yellow
ATXN7L2,yellow
AUH,yellow
AUTS2,yellow
AVP,yellow
AVPR1A,yellow
AXIN2,yellow
B2M,yellow
B3GAT2,yellow
B3GAT3,yellow
B3GNT2,yellow
B4GALNT1,yellow
B4GALT3,yellow
B9D2,yellow
BAHCC1,yellow
BAHD1,yellow
BANP,yellow
BARHL2,yellow
BAT1,yellow
BAT2,yellow
BAT3,yellow
BAT4,yellow
BAT5,yellow
BAX,yellow
BAZ1A,yellow
BAZ2A,yellow
BBC3,yellow
BBS7,yellow
BCKDHB,yellow
BCL11B,yellow
BCL2,yellow
BCL2L2,yellow
BCL6,yellow
BCLAF1,yellow
BCR,yellow
BDNF,yellow
BEND3,yellow
BET1L,yellow
BHLHE22,yellow
BHLHE41,yellow
BICD1,yellow
BIN1,yellow
BLOC1S1,yellow
BLZF1,yellow
BMP2K,yellow
BMP3,yellow
BMPR1B,yellow
BMPR2,yellow
BNC1,yellow
BNIP3L,yellow
BOLA3,yellow
BPGM,yellow
BRD2,yellow
BRE,yellow
BRF1,yellow
BRMS1,yellow
BRP44,yellow
BRP44L,yellow
BRUNOL6,yellow
BTBD11,yellow
BTBD12,yellow
BTBD3,yellow
BTF3L4,yellow
BTG2,yellow
BTN2A3,yellow
BUB1B,yellow
BUD31,yellow
BZW1,yellow
C10ORF125,yellow
C10ORF137,yellow
C10ORF140,yellow
C10ORF2,yellow
C10ORF28,yellow
C10ORF76,yellow
C10ORF78,yellow
C11ORF30,yellow
C11ORF41,yellow
C11ORF51,yellow
C11ORF60,yellow
C11ORF82,yellow
C11ORF88,yellow
C11ORF91,yellow
C12ORF10,yellow
C12ORF23,yellow
C12ORF29,yellow
C12ORF35,yellow
C12ORF40,yellow
C12ORF45,yellow
C12ORF49,yellow
C12ORF60,yellow
C12ORF61,yellow
C12ORF71,yellow
C12ORF75,yellow
C13ORF16,yellow
C13ORF18,yellow
C13ORF23,yellow
C13ORF34,yellow
C13ORF38,yellow
C14ORF156,yellow
C14ORF166,yellow
C14ORF73,yellow
C15ORF29,yellow
C15ORF33,yellow
C15ORF39,yellow
C15ORF40,yellow
C15ORF42,yellow
C15ORF57,yellow
C16ORF13,yellow
C16ORF35,yellow
C16ORF72,yellow
C16ORF80,yellow
C17ORF42,yellow
C17ORF62,yellow
C17ORF64,yellow
C17ORF68,yellow
C17ORF70,yellow
C17ORF76,yellow
C17ORF82,yellow
C17ORF85,yellow
C17ORF95,yellow
C17ORF96,yellow
C18ORF1,yellow
C19ORF25,yellow
C19ORF26,yellow
C19ORF36,yellow
C19ORF44,yellow
C19ORF47,yellow
C19ORF61,yellow
C19ORF62,yellow
C1ORF107,yellow
C1ORF125,yellow
C1ORF135,yellow
C1ORF144,yellow
C1ORF159,yellow
C1ORF170,yellow
C1ORF173,yellow
C1ORF183,yellow
C1ORF198,yellow
C1ORF21,yellow
C1ORF216,yellow
C1ORF226,yellow
C1ORF25,yellow
C1ORF31,yellow
C1ORF38,yellow
C1ORF51,yellow
C1ORF63,yellow
C1ORF89,yellow
C1ORF95,yellow
C20ORF111,yellow
C20ORF114,yellow
C20ORF194,yellow
C20ORF30,yellow
C20ORF43,yellow
C21ORF59,yellow
C22ORF32,yellow
C22ORF40,yellow
C22ORF41,yellow
C2ORF15,yellow
C2ORF43,yellow
C2ORF44,yellow
C2ORF52,yellow
C2ORF64,yellow
C2ORF73,yellow
C3ORF21,yellow
C3ORF58,yellow
C3ORF71,yellow
C4ORF10,yellow
C4ORF12,yellow
C4ORF32,yellow
C4ORF34,yellow
C4ORF39,yellow
C4ORF49,yellow
C4ORF52,yellow
C5ORF24,yellow
C5ORF28,yellow
C5ORF30,yellow
C5ORF37,yellow
C5ORF38,yellow
C5ORF41,yellow
C5ORF49,yellow
C5ORF52,yellow
C6ORF105,yellow
C6ORF115,yellow
C6ORF134,yellow
C6ORF136,yellow
C6ORF176,yellow
C6ORF182,yellow
C6ORF192,yellow
C6ORF204,yellow
C6ORF217,yellow
C6ORF47,yellow
C7ORF13,yellow
C7ORF28A,yellow
C7ORF30,yellow
C7ORF36,yellow
C7ORF38,yellow
C7ORF50,yellow
C7ORF51,yellow
C7ORF55,yellow
C7ORF58,yellow
C7ORF59,yellow
C7ORF63,yellow
C8ORF33,yellow
C8ORF41,yellow
C8ORF48,yellow
C8ORF59,yellow
C8ORF76,yellow
C9ORF130,yellow
C9ORF163,yellow
C9ORF3,yellow
C9ORF40,yellow
C9ORF75,yellow
C9ORF78,yellow
C9ORF89,yellow
C9ORF91,yellow
CA10,yellow
CA3,yellow
CA7,yellow
CACNA2D1,yellow
CACNB2,yellow
CACYBP,yellow
CADPS,yellow
CAGE1,yellow
CALM2,yellow
CAMK2D,yellow
CANT1,yellow
CAPRIN1,yellow
CAPRIN2,yellow
CAPZB,yellow
CASC3,yellow
CASR,yellow
CATSPERG,yellow
CAV2,yellow
CBFA2T3,yellow
CBFB,yellow
CBL,yellow
CBR4,yellow
CBX3,yellow
CBX7,yellow
CC2D1B,yellow
CCAR1,yellow
CCDC109A,yellow
CCDC115,yellow
CCDC12,yellow
CCDC137,yellow
CCDC138,yellow
CCDC14,yellow
CCDC25,yellow
CCDC28A,yellow
CCDC41,yellow
CCDC46,yellow
CCDC51,yellow
CCDC55,yellow
CCDC6,yellow
CCDC60,yellow
CCDC61,yellow
CCDC64B,yellow
CCDC69,yellow
CCDC84,yellow
CCDC85B,yellow
CCDC93,yellow
CCHCR1,yellow
CCK,yellow
CCNC,yellow
CCND2,yellow
CCNG1,yellow
CCNI,yellow
CCNI2,yellow
CCNL1,yellow
CCT4,yellow
CD164,yellow
CD164L2,yellow
CD2BP2,yellow
CD63,yellow
CDC20,yellow
CDC42,yellow
CDC5L,yellow
CDC6,yellow
CDH11,yellow
CDH23,yellow
CDH6,yellow
CDK11B,yellow
CDK17,yellow
CDK20,yellow
CDK2AP1,yellow
CDK5,yellow
CDK5R2,yellow
CDK5RAP3,yellow
CDK6,yellow
CDKL2,yellow
CDKN1C,yellow
CDKN2AIP,yellow
CDKN3,yellow
CDO1,yellow
CDR2,yellow
CDV3,yellow
CEBPZ,yellow
CELSR2,yellow
CENPF,yellow
CENPH,yellow
CENPJ,yellow
CENPL,yellow
CENPO,yellow
CENPP,yellow
CEP192,yellow
CEP57,yellow
CEP70,yellow
CFLAR,yellow
CGGBP1,yellow
CHCHD2,yellow
CHCHD6,yellow
CHCHD7,yellow
CHCHD8,yellow
CHD1L,yellow
CHD2,yellow
CHD4,yellow
CHFR,yellow
CHGA,yellow
CHMP2B,yellow
CHMP4B,yellow
CHN1,yellow
CHRNB2,yellow
CHST11,yellow
CHURC1,yellow
CILP2,yellow
CITED2,yellow
CLASP1,yellow
CLASP2,yellow
CLCC1,yellow
CLCN2,yellow
CLCN7,yellow
CLDN10,yellow
CLDN3,yellow
CLIC4,yellow
CLIC5,yellow
CLIP2,yellow
CLK4,yellow
CLSPN,yellow
CLSTN1,yellow
CLTA,yellow
CMTM3,yellow
CNIH,yellow
CNIH2,yellow
CNIH4,yellow
CNOT1,yellow
CNOT10,yellow
CNST,yellow
CNTD1,yellow
CNTNAP2,yellow
COBL,yellow
COBLL1,yellow
COL11A2,yellow
COL12A1,yellow
COL13A1,yellow
COL19A1,yellow
COL23A1,yellow
COL2A1,yellow
COL4A2,yellow
COL4A3BP,yellow
COMMD3,yellow
COPB1,yellow
COPS4,yellow
COPS7B,yellow
COPZ1,yellow
COQ10B,yellow
COQ3,yellow
COQ7,yellow
CORO1A,yellow
CORO1B,yellow
COX17,yellow
COX5A,yellow
COX7A2L,yellow
COX8A,yellow
CPEB2,yellow
CPLX2,yellow
CPNE2,yellow
CPNE3,yellow
CPSF4,yellow
CPSF6,yellow
CPT1A,yellow
CRCP,yellow
CREB1,yellow
CREB5,yellow
CREBL2,yellow
CREBZF,yellow
CRISPLD1,yellow
CRKL,yellow
CROT,yellow
CRTAP,yellow
CRTC2,yellow
CRYBA2,yellow
CRYL1,yellow
CSAD,yellow
CSDE1,yellow
CSGALNACT2,yellow
CSMD1,yellow
CSMD3,yellow
CSRNP1,yellow
CSRNP2,yellow
CSTF2T,yellow
CSTF3,yellow
CTBP1,yellow
CTBS,yellow
CTDSPL2,yellow
CTH,yellow
CTNNA2,yellow
CTNNBL1,yellow
CTNND2,yellow
CTSA,yellow
CTSC,yellow
CUL1,yellow
CUL2,yellow
CUL5,yellow
CUTA,yellow
CUX1,yellow
CWC15,yellow
CYB5B,yellow
CYFIP1,yellow
CYP26A1,yellow
CYP26C1,yellow
CYP39A1,yellow
CYP4X1,yellow
CYP51A1,yellow
DAAM1,yellow
DAB2,yellow
DAB2IP,yellow
DAG1,yellow
DAGLB,yellow
DALRD3,yellow
DAXX,yellow
DAZAP1,yellow
DBC1,yellow
DBF4,yellow
DBR1,yellow
DBX1,yellow
DCAF4,yellow
DCAF8,yellow
DCDC1,yellow
DCLRE1A,yellow
DCTD,yellow
DDB1,yellow
DDR1,yellow
DDX18,yellow
DDX23,yellow
DDX41,yellow
DDX47,yellow
DDX50,yellow
DDX51,yellow
DDX55,yellow
DDX58,yellow
DDX6,yellow
DENND2C,yellow
DENND5A,yellow
DENND5B,yellow
DENR,yellow
DEPDC4,yellow
DEPDC6,yellow
DEPDC7,yellow
DEXI,yellow
DFFB,yellow
DGCR6L,yellow
DGKQ,yellow
DHDH,yellow
DHRS12,yellow
DHX15,yellow
DHX29,yellow
DHX35,yellow
DHX40,yellow
DIAPH1,yellow
DIP2C,yellow
DIRC3,yellow
DIXDC1,yellow
DKK1,yellow
DKK3,yellow
DLC1,yellow
DLG4,yellow
DLL4,yellow
DMXL1,yellow
DNAJA4,yellow
DNAJC1,yellow
DNAJC10,yellow
DNAJC13,yellow
DNAJC24,yellow
DNAJC6,yellow
DNAJC7,yellow
DNAJC8,yellow
DNAJC9,yellow
DNM2,yellow
DNPEP,yellow
DOCK4,yellow
DPF1,yellow
DPH5,yellow
DPY19L1,yellow
DPY19L4,yellow
DPYD,yellow
DPYSL2,yellow
DPYSL3,yellow
DR1,yellow
DRD3,yellow
DSCC1,yellow
DSCR3,yellow
DSCR6,yellow
DSE,yellow
DTNBP1,yellow
DUOX1,yellow
DUSP1,yellow
DUSP10,yellow
DUSP12,yellow
DUSP4,yellow
DUSP7,yellow
DUT,yellow
DYRK3,yellow
E2F3,yellow
E2F8,yellow
ECD,yellow
ECE1,yellow
ECHDC2,yellow
EDIL3,yellow
EED,yellow
EEF1A1,yellow
EFCAB6,yellow
EFEMP2,yellow
EFHA1,yellow
EFHC1,yellow
EGFR,yellow
EGR2,yellow
EHD1,yellow
EHMT2,yellow
EIF1,yellow
EIF2AK1,yellow
EIF2AK4,yellow
EIF2B1,yellow
EIF2C3,yellow
EIF3B,yellow
EIF3D,yellow
EIF3F,yellow
EIF3H,yellow
EIF4A3,yellow
EIF4E3,yellow
EIF4EBP2,yellow
EIF5,yellow
EIF5A,yellow
EIF5B,yellow
ELF2,yellow
ELF5,yellow
ELL,yellow
ELMOD1,yellow
ELOVL5,yellow
ELP3,yellow
ELP4,yellow
EME2,yellow
EML4,yellow
EOMES,yellow
EP400,yellow
EPAS1,yellow
EPC1,yellow
EPCAM,yellow
EPHA10,yellow
EPHA3,yellow
EPM2A,yellow
EPN1,yellow
ERC1,yellow
ERGIC1,yellow
ERH,yellow
ERLIN1,yellow
ERO1L,yellow
ERP29,yellow
ESYT1,yellow
ESYT2,yellow
ESYT3,yellow
ETV1,yellow
ETV3,yellow
ETV5,yellow
ETV6,yellow
EVX1,yellow
EXO1,yellow
EXOC6,yellow
EXOC6B,yellow
EXOC7,yellow
EXOSC10,yellow
EXOSC9,yellow
EXT1,yellow
FADS6,yellow
FAF1,yellow
FAF2,yellow
FAIM3,yellow
FAM103A1,yellow
FAM105B,yellow
FAM113A,yellow
FAM120AOS,yellow
FAM126A,yellow
FAM131B,yellow
FAM135A,yellow
FAM13B,yellow
FAM149A,yellow
FAM149B1,yellow
FAM160A1,yellow
FAM162A,yellow
FAM167A,yellow
FAM168B,yellow
FAM174A,yellow
FAM174B,yellow
FAM175A,yellow
FAM178A,yellow
FAM183A,yellow
FAM190A,yellow
FAM190B,yellow
FAM193B,yellow
FAM19A2,yellow
FAM19A5,yellow
FAM38B,yellow
FAM40B,yellow
FAM47E,yellow
FAM53B,yellow
FAM55C,yellow
FAM59A,yellow
FAM59B,yellow
FAM5C,yellow
FAM63B,yellow
FAM76A,yellow
FAM86A,yellow
FAM91A1,yellow
FAM96B,yellow
FAM98A,yellow
FANCC,yellow
FANCF,yellow
FANCI,yellow
FARSA,yellow
FAT1,yellow
FAT4,yellow
FAU,yellow
FBXL5,yellow
FBXL6,yellow
FBXO22,yellow
FBXO3,yellow
FBXO30,yellow
FBXO33,yellow
FBXO9,yellow
FBXW11,yellow
FBXW8,yellow
FCHSD2,yellow
FDFT1,yellow
FDPS,yellow
FDXACB1,yellow
FDXR,yellow
FGF12,yellow
FGF14,yellow
FGF4,yellow
FGFR2,yellow
FGFR3,yellow
FHOD3,yellow
FIGN,yellow
FKBP2,yellow
FKBP3,yellow
FKRP,yellow
FLJ10038,yellow
FLJ22536,yellow
FLJ32065,yellow
FLJ33630,yellow
FLJ36031,yellow
FLNB,yellow
FLOT1,yellow
FLRT2,yellow
FN1,yellow
FNBP4,yellow
FNDC1,yellow
FOSB,yellow
FOXD1,yellow
FOXF2,yellow
FOXI3,yellow
FOXK1,yellow
FOXL2,yellow
FOXP1,yellow
FOXRED1,yellow
FRAS1,yellow
FRY,yellow
FRYL,yellow
FTH1,yellow
FUBP1,yellow
FUCA1,yellow
FUT8,yellow
FXC1,yellow
FZD3,yellow
G6PC3,yellow
GABARAPL1,yellow
GABPB1,yellow
GABPB2,yellow
GABRA1,yellow
GABRA2,yellow
GABRA5,yellow
GADL1,yellow
GAK,yellow
GALK1,yellow
GALNT13,yellow
GALNTL1,yellow
GAN,yellow
GANC,yellow
GAR1,yellow
GAS1,yellow
GAS2,yellow
GAS7,yellow
GATA5,yellow
GATAD2B,yellow
GBA,yellow
GBAS,yellow
GCLM,yellow
GEMIN6,yellow
GEN1,yellow
GGA2,yellow
GGA3,yellow
GGH,yellow
GGPS1,yellow
GJA3,yellow
GJB7,yellow
GJD2,yellow
GLB1L2,yellow
GLCCI1,yellow
GLG1,yellow
GLI3,yellow
GLIS3,yellow
GLOD4,yellow
GLRX2,yellow
GLRX3,yellow
GLT8D1,yellow
GLUL,yellow
GLYCTK,yellow
GM2A,yellow
GMDS,yellow
GMPS,yellow
GNAI1,yellow
GNAI2,yellow
GNAL,yellow
GNB1,yellow
GNB4,yellow
GNG12,yellow
GNL1,yellow
GNL3,yellow
GOLGA2L1,yellow
GOLIM4,yellow
GOLSYN,yellow
GOLT1B,yellow
GON4L,yellow
GOPC,yellow
GPAA1,yellow
GPATCH2,yellow
GPATCH4,yellow
GPC5,yellow
GPC6,yellow
GPD2,yellow
GPER,yellow
GPHN,yellow
GPR120,yellow
GPR123,yellow
GPR149,yellow
GPR19,yellow
GPR31,yellow
GPR63,yellow
GPR78,yellow
GPR85,yellow
GPRC5C,yellow
GPS1,yellow
GPX1,yellow
GRTP1,yellow
GSTA4,yellow
GSTCD,yellow
GTF2A1,yellow
GTF2E1,yellow
GTF2F2,yellow
GTF2H4,yellow
GTF2IRD1,yellow
GTPBP8,yellow
H1F0,yellow
H2AFY,yellow
H2AFY2,yellow
HACE1,yellow
HACL1,yellow
HAUS2,yellow
HAUS6,yellow
HCCA2,yellow
HCFC1R1,yellow
HCN1,yellow
HDAC4,yellow
HDAC7,yellow
HDLBP,yellow
HECTD2,yellow
HECW1,yellow
HEG1,yellow
HELB,yellow
HELLS,yellow
HELQ,yellow
HEXA,yellow
HEXIM1,yellow
HEXIM2,yellow
HHEX,yellow
HINT3,yellow
HIPK1,yellow
HIST1H1E,yellow
HIST1H2AI,yellow
HIST1H2AL,yellow
HIST1H2BD,yellow
HIST1H3D,yellow
HIST1H3I,yellow
HIST1H4E,yellow
HIST2H2AB,yellow
HIST2H2AC,yellow
HIVEP3,yellow
HJURP,yellow
HLA-B,yellow
HLA-DQB2,yellow
HLA-DRB1,yellow
HLA-DRB6,yellow
HLA-E,yellow
HLA-J,yellow
HLCS,yellow
HMGCS1,yellow
HMGN2,yellow
HMGN4,yellow
HMGXB3,yellow
HNRNPA0,yellow
HNRNPAB,yellow
HNRNPH1,yellow
HNRNPK,yellow
HNRNPUL2,yellow
HOMER3,yellow
HOMEZ,yellow
HOXB4,yellow
HOXB7,yellow
HOXB8,yellow
HOXC8,yellow
HP1BP3,yellow
HPDL,yellow
HPS5,yellow
HPSE2,yellow
HRASLS5,yellow
HRNBP3,yellow
HS1BP3,yellow
HSF2BP,yellow
HSPA1A,yellow
HSPA1L,yellow
HSPB1,yellow
HSPD1,yellow
HSPE1,yellow
HTATIP2,yellow
HYAL3,yellow
IDH3A,yellow
IFI6,yellow
IFIT3,yellow
IFIT5,yellow
IFT140,yellow
IFT172,yellow
IFT80,yellow
IGF1R,yellow
IGLON5,yellow
IGSF22,yellow
IGSF8,yellow
IGSF9,yellow
IGSF9B,yellow
IKZF2,yellow
IL12A,yellow
IL17RD,yellow
IL17RE,yellow
IL20RA,yellow
IL4R,yellow
IL6ST,yellow
ILDR2,yellow
ILF2,yellow
ILK,yellow
IMMT,yellow
IMPACT,yellow
INA,yellow
INCENP,yellow
ING1,yellow
INO80,yellow
INPP4B,yellow
INPP5A,yellow
INS-IGF2,yellow
INSIG1,yellow
INSM1,yellow
INTS3,yellow
IPO4,yellow
IPO5,yellow
IREB2,yellow
IRF1,yellow
IRF2,yellow
IRF2BP1,yellow
IRX4,yellow
ISM1,yellow
ISY1,yellow
ITFG2,yellow
ITGA6,yellow
ITGAV,yellow
ITM2C,yellow
ITPR2,yellow
IVD,yellow
IWS1,yellow
JAKMIP1,yellow
JOSD1,yellow
JPH1,yellow
JPH4,yellow
JUB,yellow
JUN,yellow
KAT5,yellow
KATNAL1,yellow
KATNB1,yellow
KBTBD2,yellow
KBTBD4,yellow
KBTBD6,yellow
KBTBD8,yellow
KCNA1,yellow
KCNA4,yellow
KCNH7,yellow
KCNIP1,yellow
KCNIP2,yellow
KCNK17,yellow
KCNK4,yellow
KCNS2,yellow
KCTD8,yellow
KDELC2,yellow
KDELR1,yellow
KDM2A,yellow
KDM2B,yellow
KDM4A,yellow
KDM5A,yellow
KDSR,yellow
KIAA0100,yellow
KIAA0247,yellow
KIAA0319,yellow
KIAA0895,yellow
KIAA0913,yellow
KIAA1012,yellow
KIAA1024,yellow
KIAA1026,yellow
KIAA1279,yellow
KIAA1409,yellow
KIAA1530,yellow
KIAA1586,yellow
KIAA1614,yellow
KIAA1712,yellow
KIAA1731,yellow
KIAA1826,yellow
KIF13B,yellow
KIF1A,yellow
KIF23,yellow
KIF2A,yellow
KIF2C,yellow
KIF6,yellow
KIF7,yellow
KIF9,yellow
KIFC1,yellow
KIFC3,yellow
KLC4,yellow
KLF12,yellow
KLF3,yellow
KLF6,yellow
KLF9,yellow
KLHDC1,yellow
KLHDC10,yellow
KLHDC2,yellow
KLHL21,yellow
KLHL25,yellow
KLHL35,yellow
KLHL7,yellow
KLHL8,yellow
KPNA4,yellow
KPNA6,yellow
KPNB1,yellow
KRAS,yellow
KRCC1,yellow
KRI1,yellow
KRIT1,yellow
KRT10,yellow
L3MBTL3,yellow
LAMB1,yellow
LARP4,yellow
LARP7,yellow
LCA5,yellow
LCLAT1,yellow
LCORL,yellow
LDHB,yellow
LDHC,yellow
LDLRAP1,yellow
LEO1,yellow
LEPRE1,yellow
LGMN,yellow
LGR5,yellow
LHFPL5,yellow
LHX1,yellow
LHX8,yellow
LIFR,yellow
LIG4,yellow
LIMCH1,yellow
LIMD1,yellow
LIME1,yellow
LIMS2,yellow
LIN7A,yellow
LIN9,yellow
LMAN2L,yellow
LMF2,yellow
LMO1,yellow
LMO4,yellow
LOC100128164,yellow
LOC100128239,yellow
LOC100128640,yellow
LOC100128811,yellow
LOC100130522,yellow
LOC100133091,yellow
LOC100134229,yellow
LOC100134713,yellow
LOC100188947,yellow
LOC100190940,yellow
LOC100270746,yellow
LOC100289341,yellow
LOC100329108,yellow
LOC145663,yellow
LOC150381,yellow
LOC153684,yellow
LOC157627,yellow
LOC256880,yellow
LOC25845,yellow
LOC282997,yellow
LOC285550,yellow
LOC285954,yellow
LOC338758,yellow
LOC388588,yellow
LOC389333,yellow
LOC399815,yellow
LOC400027,yellow
LOC400657,yellow
LOC400927,yellow
LOC400940,yellow
LOC401052,yellow
LOC404266,yellow
LOC441046,yellow
LOC441869,yellow
LOC550112,yellow
LOC645323,yellow
LOC728323,yellow
LOC728723,yellow
LOC93622,yellow
LOX,yellow
LPAR5,yellow
LPCAT3,yellow
LPHN1,yellow
LPO,yellow
LPPR3,yellow
LRFN5,yellow
LRGUK,yellow
LRP6,yellow
LRRC27,yellow
LRRC33,yellow
LRRC34,yellow
LRRC41,yellow
LRRC43,yellow
LRRC46,yellow
LRRC47,yellow
LRRC58,yellow
LRRC59,yellow
LRRC61,yellow
LRRC8C,yellow
LRRFIP1,yellow
LRRFIP2,yellow
LRRK2,yellow
LRRN1,yellow
LSM1,yellow
LSM11,yellow
LSR,yellow
LTB,yellow
LTC4S,yellow
LUC7L3,yellow
LUZP2,yellow
LYPD1,yellow
LYPLAL1,yellow
LYRM1,yellow
LYRM2,yellow
LYRM7,yellow
LYSMD2,yellow
LZTS2,yellow
MACF1,yellow
MAD1L1,yellow
MAD2L1,yellow
MAEA,yellow
MAFK,yellow
MAGI1,yellow
MAGI3,yellow
MAGOHB,yellow
MAK16,yellow
MAL2,yellow
MALAT1,yellow
MAML2,yellow
MAML3,yellow
MANF,yellow
MAP2,yellow
MAP2K1,yellow
MAP2K3,yellow
MAP3K3,yellow
MAP3K6,yellow
MAP3K8,yellow
MAP4K5,yellow
MAP7,yellow
MAPK15,yellow
MAPKAPK5,yellow
MAPRE2,yellow
MARCH1,yellow
MARCH11,yellow
MARK1,yellow
MARVELD1,yellow
MATN1,yellow
MATR3,yellow
MAVS,yellow
MBOAT7,yellow
MCCC1,yellow
MCFD2,yellow
MCM10,yellow
MCM7,yellow
MCOLN1,yellow
MCPH1,yellow
MDGA2,yellow
MDH1,yellow
MDN1,yellow
MECOM,yellow
MED10,yellow
MED11,yellow
MED18,yellow
MED19,yellow
MED20,yellow
MED21,yellow
MED8,yellow
MEIS2,yellow
MEPCE,yellow
MERTK,yellow
METAP1,yellow
METAP2,yellow
METRNL,yellow
METT5D1,yellow
METTL10,yellow
METTL5,yellow
MFF,yellow
MFSD2A,yellow
MFSD4,yellow
MFSD6,yellow
MFSD8,yellow
MFSD9,yellow
MGC23284,yellow
MGC2889,yellow
MGEA5,yellow
MIAT,yellow
MICA,yellow
MIER1,yellow
MIF4GD,yellow
MIIP,yellow
MIOS,yellow
MIR548H4,yellow
MIR548N,yellow
MIR636,yellow
MIR638,yellow
MKI67IP,yellow
MKL2,yellow
MKLN1,yellow
MKS1,yellow
MLF1IP,yellow
MLH1,yellow
MLL,yellow
MLLT10,yellow
MMAB,yellow
MMP16,yellow
MMP28,yellow
MNS1,yellow
MNX1,yellow
MOBKL2C,yellow
MOBKL3,yellow
MOCS2,yellow
MOGS,yellow
MORC3,yellow
MORF4L1,yellow
MOSPD3,yellow
MPDU1,yellow
MPG,yellow
MPHOSPH8,yellow
MPPE1,yellow
MPV17L2,yellow
MRI1,yellow
MRM1,yellow
MRPL12,yellow
MRPL22,yellow
MRPL24,yellow
MRPL3,yellow
MRPL32,yellow
MRPL47,yellow
MRPL52,yellow
MRPS10,yellow
MRPS12,yellow
MRPS18B,yellow
MRPS30,yellow
MRPS33,yellow
MRPS36,yellow
MRPS5,yellow
MRTO4,yellow
MSH3,yellow
MSH6,yellow
MSI2,yellow
MT2A,yellow
MTA1,yellow
MTCH2,yellow
MTDH,yellow
MTERF,yellow
MTFR1,yellow
MTHFR,yellow
MTHFS,yellow
MTL5,yellow
MTNR1A,yellow
MTPAP,yellow
MTRF1L,yellow
MUC21,yellow
MUC4,yellow
MUDENG,yellow
MUL1,yellow
MX1,yellow
MX2,yellow
MXD1,yellow
MXI1,yellow
MXRA7,yellow
MYADML,yellow
MYADML2,yellow
MYEOV2,yellow
MYH10,yellow
MYH15,yellow
MYLIP,yellow
MYO1C,yellow
MYO1E,yellow
MYST2,yellow
NAA15,yellow
NAA16,yellow
NAA25,yellow
NAA30,yellow
NAB2,yellow
NADSYN1,yellow
NAGLU,yellow
NAP1L4,yellow
NAPB,yellow
NAPRT1,yellow
NAT10,yellow
NAT15,yellow
NAT9,yellow
NAV1,yellow
NAV2,yellow
NBEAL1,yellow
NBR2,yellow
NCAPD2,yellow
NCAPG2,yellow
NCDN,yellow
NCEH1,yellow
NCK1,yellow
NCKAP1,yellow
NCOA3,yellow
NCOR2,yellow
NCRNA00120,yellow
NCRNA00173,yellow
NDC80,yellow
NDE1,yellow
NDEL1,yellow
NDRG4,yellow
NDUFA2,yellow
NDUFA7,yellow
NDUFAF4,yellow
NDUFS4,yellow
NDUFS6,yellow
NDUFV2,yellow
NEDD9,yellow
NEK3,yellow
NEK5,yellow
NEK7,yellow
NETO1,yellow
NEU1,yellow
NEURL4,yellow
NFE2L1,yellow
NFE2L2,yellow
NFIA,yellow
NFIC,yellow
NFIL3,yellow
NFKBIL1,yellow
NFRKB,yellow
NGFR,yellow
NHLRC2,yellow
NICN1,yellow
NID2,yellow
NINJ2,yellow
NIPA1,yellow
NIPA2,yellow
NIPAL3,yellow
NIPBL,yellow
NKAIN3,yellow
NKX2-8,yellow
NKX6-2,yellow
NLK,yellow
NLRC3,yellow
NME1,yellow
NMT1,yellow
NOC2L,yellow
NOC4L,yellow
NOL10,yellow
NOM1,yellow
NOP10,yellow
NOS2,yellow
NOTCH1,yellow
NPAS3,yellow
NPHP1,yellow
NPM1,yellow
NPM3,yellow
NPR3,yellow
NPTN,yellow
NPY1R,yellow
NPY2R,yellow
NR3C1,yellow
NRP2,yellow
NRXN3,yellow
NSMAF,yellow
NSMCE1,yellow
NSUN3,yellow
NSUN6,yellow
NT5DC1,yellow
NT5DC3,yellow
NTN4,yellow
NTNG1,yellow
NUB1,yellow
NUDCD1,yellow
NUDT16L1,yellow
NUDT7,yellow
NUDT8,yellow
NUDT9,yellow
NUFIP1,yellow
NUFIP2,yellow
NUMB,yellow
NUP107,yellow
NUP133,yellow
NUP155,yellow
NUP210,yellow
NUS1,yellow
NUSAP1,yellow
NXF1,yellow
NXPH2,yellow
NXPH4,yellow
OASL,yellow
OAZ1,yellow
OAZ2,yellow
OBFC1,yellow
OBFC2A,yellow
OCA2,yellow
OCEL1,yellow
ODZ2,yellow
OGDH,yellow
OGFR,yellow
OLFML2B,yellow
OLIG1,yellow
OPCML,yellow
OPTN,yellow
ORAI1,yellow
ORAI3,yellow
ORC3L,yellow
OSR2,yellow
OTUD6B,yellow
OTX1,yellow
OTX2,yellow
OXA1L,yellow
OXNAD1,yellow
OXSM,yellow
PACRG,yellow
PACRGL,yellow
PAIP2,yellow
PAK1,yellow
PAK6,yellow
PANX1,yellow
PAPPA,yellow
PAQR5,yellow
PARM1,yellow
PARP14,yellow
PARP4,yellow
PARS2,yellow
PAX3,yellow
PAX7,yellow
PCBP1,yellow
PCCB,yellow
PCDH10,yellow
PCDH18,yellow
PCDHGA4,yellow
PCF11,yellow
PCNP,yellow
PCYT1A,yellow
PDCD10,yellow
PDCD2L,yellow
PDCD5,yellow
PDDC1,yellow
PDE1A,yellow
PDE4C,yellow
PDE4D,yellow
PDE5A,yellow
PDE6B,yellow
PDIA6,yellow
PDK2,yellow
PDLIM7,yellow
PDZD8,yellow
PECI,yellow
PECR,yellow
PEMT,yellow
PEPD,yellow
PER3,yellow
PEX10,yellow
PEX13,yellow
PEX7,yellow
PFDN2,yellow
PFDN6,yellow
PFKM,yellow
PFKP,yellow
PFN3,yellow
PGAM1,yellow
PGAM5,yellow
PGAP2,yellow
PGBD1,yellow
PGGT1B,yellow
PGM2,yellow
PGM2L1,yellow
PGR,yellow
PHF20,yellow
PHF21A,yellow
PHKG2,yellow
PHTF1,yellow
PHTF2,yellow
PI4K2A,yellow
PIAS3,yellow
PIBF1,yellow
PIGF,yellow
PIGH,yellow
PIGT,yellow
PIGZ,yellow
PIK3R3,yellow
PINK1,yellow
PIP4K2C,yellow
PITPNA,yellow
PJA2,yellow
PL-5283,yellow
PLA2G1B,yellow
PLA2G4E,yellow
PLA2R1,yellow
PLCG1,yellow
PLCXD2,yellow
PLEKHA7,yellow
PLEKHG1,yellow
PLEKHH1,yellow
PLEKHH3,yellow
PLIN3,yellow
PLIN5,yellow
PLLP,yellow
PLSCR3,yellow
PMF1,yellow
PMP22,yellow
PMS1,yellow
PMVK,yellow
PNMA2,yellow
PNPLA6,yellow
PNPLA7,yellow
PNPLA8,yellow
PNPT1,yellow
PODNL1,yellow
POFUT1,yellow
POGZ,yellow
POLD2,yellow
POLD3,yellow
POLM,yellow
POLQ,yellow
POLR1A,yellow
POLR2B,yellow
POLR2G,yellow
POLR2K,yellow
POLR3E,yellow
POLR3K,yellow
POP5,yellow
POPDC3,yellow
POU2F1,yellow
PPAPDC1B,yellow
PPARGC1B,yellow
PPFIA3,yellow
PPIE,yellow
PPIF,yellow
PPIH,yellow
PPIL1,yellow
PPM1A,yellow
PPM1D,yellow
PPM1G,yellow
PPME1,yellow
PPP1R13B,yellow
PPP1R2,yellow
PPP1R3B,yellow
PPP1R3C,yellow
PPP1R3E,yellow
PPP2R3C,yellow
PPP2R5D,yellow
PPP4R2,yellow
PPT2,yellow
PQLC2,yellow
PQLC3,yellow
PRCC,yellow
PRDM12,yellow
PRDM16,yellow
PRDM5,yellow
PRDX3,yellow
PRDXDD1P,yellow
PREPL,yellow
PRICKLE1,yellow
PRICKLE4,yellow
PRKAA2,yellow
PRKAR1A,yellow
PRKAR1B,yellow
PRKCB,yellow
PRKCE,yellow
PRLR,yellow
PRMT2,yellow
PRMT3,yellow
PROC,yellow
PROSAPIP1,yellow
PROX1,yellow
PRPF19,yellow
PRPF38B,yellow
PRPSAP2,yellow
PRR14,yellow
PRR24,yellow
PRR25,yellow
PRR3,yellow
PRR7,yellow
PRRC1,yellow
PSMA1,yellow
PSMA4,yellow
PSMA6,yellow
PSMB3,yellow
PSMB8,yellow
PSMD1,yellow
PSMD9,yellow
PSMG1,yellow
PSRC1,yellow
PTCD3,yellow
PTCH1,yellow
PTDSS2,yellow
PTEN,yellow
PTGES3,yellow
PTGS2,yellow
PTH1R,yellow
PTHLH,yellow
PTMA,yellow
PTPN21,yellow
PTPN9,yellow
PTPRD,yellow
PTPRF,yellow
PTPRN2,yellow
PURG,yellow
PVRL1,yellow
PWP1,yellow
PXDN,yellow
PYROXD2,yellow
QDPR,yellow
QSER1,yellow
R3HCC1,yellow
R3HDM1,yellow
RAB10,yellow
RAB1A,yellow
RAB30,yellow
RABAC1,yellow
RABGGTA,yellow
RABGGTB,yellow
RABL3,yellow
RACGAP1,yellow
RAD18,yellow
RAD23B,yellow
RAD51,yellow
RAD52,yellow
RAD54B,yellow
RAD54L,yellow
RAD9B,yellow
RALGAPA1,yellow
RAMP3,yellow
RAP1A,yellow
RAP1GAP,yellow
RAP2B,yellow
RAPH1,yellow
RASA3,yellow
RASGEF1A,yellow
RASGRP3,yellow
RASSF1,yellow
RASSF4,yellow
RASSF5,yellow
RB1,yellow
RB1CC1,yellow
RBBP4,yellow
RBM12B,yellow
RBM15,yellow
RBM33,yellow
RBM45,yellow
RBM5,yellow
RBMS1,yellow
RBPJ,yellow
RBPMS,yellow
RCBTB1,yellow
RCCD1,yellow
RDH14,yellow
RELN,yellow
REPIN1,yellow
RFTN1,yellow
RFTN2,yellow
RFWD2,yellow
RGL1,yellow
RGL2,yellow
RGMB,yellow
RGS20,yellow
RHBDD1,yellow
RHBDD2,yellow
RHEBL1,yellow
RHOJ,yellow
RIC8A,yellow
RICTOR,yellow
RING1,yellow
RIPK2,yellow
RLTPR,yellow
RMND1,yellow
RNASE4,yellow
RNASEH1,yellow
RNASEK,yellow
RND1,yellow
RNF111,yellow
RNF121,yellow
RNF126P1,yellow
RNF13,yellow
RNF14,yellow
RNF145,yellow
RNF149,yellow
RNF175,yellow
RNF19B,yellow
RNF25,yellow
RNF34,yellow
RNF39,yellow
RNF5P1,yellow
RNF6,yellow
RNF7,yellow
RNFT2,yellow
RNGTT,yellow
RNH1,yellow
RNPEPL1,yellow
RNPS1,yellow
ROBLD3,yellow
RORA,yellow
RPAP3,yellow
RPF1,yellow
RPL13,yellow
RPL14,yellow
RPL24,yellow
RPL27,yellow
RPL28,yellow
RPL30,yellow
RPL37,yellow
RPLP2,yellow
RPP21,yellow
RPP30,yellow
RPRD1B,yellow
RPRM,yellow
RPS14,yellow
RPS16,yellow
RPS21,yellow
RPS23,yellow
RPS24,yellow
RPS27A,yellow
RPS29,yellow
RPS6KB2,yellow
RPS7,yellow
RPTOR,yellow
RRP12,yellow
RSPH3,yellow
RSRC2,yellow
RTBDN,yellow
RTCD1,yellow
RUFY2,yellow
RUNDC2A,yellow
RUVBL1,yellow
RYK,yellow
S100A6,yellow
S1PR1,yellow
SAA3P,yellow
SAMD11,yellow
SAMD4A,yellow
SAP130,yellow
SAR1B,yellow
SASS6,yellow
SC5DL,yellow
SCAMP3,yellow
SCAMP5,yellow
SCARB1,yellow
SCARB2,yellow
SCARF2,yellow
SCARNA16,yellow
SCLT1,yellow
SCOC,yellow
SCP2,yellow
SCYL1,yellow
SDCBP,yellow
SDCCAG1,yellow
SDCCAG8,yellow
SDHC,yellow
SDK1,yellow
SDR39U1,yellow
SEC22A,yellow
SEC24A,yellow
SEC24D,yellow
SEH1L,yellow
SEL1L,yellow
SELK,yellow
SELL,yellow
SELM,yellow
SELS,yellow
SELT,yellow
SEMA5A,yellow
SEP15,yellow
SEPHS1,yellow
SEPSECS,yellow
SERBP1,yellow
SERINC4,yellow
SERP1,yellow
SERPINB9,yellow
SETD7,yellow
SEZ6,yellow
SF3B1,yellow
SF3B3,yellow
SFRP5,yellow
SFRS1,yellow
SFRS11,yellow
SFRS18,yellow
SFRS4,yellow
SFRS5,yellow
SFRS6,yellow
SGK1,yellow
SH2B1,yellow
SH2D4A,yellow
SH3BP4,yellow
SH3BP5,yellow
SH3GL3,yellow
SH3GLB1,yellow
SH3PXD2A,yellow
SH3YL1,yellow
SHC4,yellow
SHCBP1,yellow
SHF,yellow
SHFM1,yellow
SHISA9,yellow
SHKBP1,yellow
SIAH2,yellow
SIAH3,yellow
SIDT2,yellow
SIL1,yellow
SIN3A,yellow
SIRT5,yellow
SIX1,yellow
SIX6,yellow
SKP1,yellow
SLAIN1,yellow
SLC10A7,yellow
SLC12A2,yellow
SLC12A5,yellow
SLC16A1,yellow
SLC19A2,yellow
SLC1A3,yellow
SLC22A16,yellow
SLC22A5,yellow
SLC24A6,yellow
SLC25A13,yellow
SLC25A15,yellow
SLC25A24,yellow
SLC25A28,yellow
SLC25A33,yellow
SLC25A35,yellow
SLC25A37,yellow
SLC25A38,yellow
SLC25A42,yellow
SLC30A1,yellow
SLC30A7,yellow
SLC30A9,yellow
SLC33A1,yellow
SLC35A1,yellow
SLC35B1,yellow
SLC35B3,yellow
SLC35F3,yellow
SLC37A2,yellow
SLC38A10,yellow
SLC38A9,yellow
SLC39A1,yellow
SLC39A10,yellow
SLC3A2,yellow
SLC41A1,yellow
SLC43A1,yellow
SLC46A1,yellow
SLC48A1,yellow
SLC4A2,yellow
SLC5A3,yellow
SLC6A12,yellow
SLC6A15,yellow
SLC7A2,yellow
SLC7A6,yellow
SLC8A3,yellow
SLC9A3R2,yellow
SLC9A8,yellow
SLIT3,yellow
SLITRK1,yellow
SLITRK5,yellow
SMAP1,yellow
SMAP2,yellow
SMARCA4,yellow
SMARCAD1,yellow
SMC2,yellow
SMC4,yellow
SMEK2,yellow
SMOC2,yellow
SMUG1,yellow
SNAI1,yellow
SNAP23,yellow
SNAP25,yellow
SNAPC1,yellow
SNAR-F,yellow
SNHG5,yellow
SNHG9,yellow
SNIP1,yellow
SNORA16A,yellow
SNORA57,yellow
SNORA7A,yellow
SNORD74,yellow
SNRPG,yellow
SNTA1,yellow
SNW1,yellow
SNX16,yellow
SNX19,yellow
SNX22,yellow
SNX32,yellow
SNX7,yellow
SOBP,yellow
SOCS2,yellow
SOCS3,yellow
SOS2,yellow
SOX17,yellow
SOX4,yellow
SOX8,yellow
SPAG16,yellow
SPAG5,yellow
SPATA1,yellow
SPATA13,yellow
SPATA24,yellow
SPATA4,yellow
SPC25,yellow
SPG7,yellow
SPINT2,yellow
SPNS1,yellow
SPOP,yellow
SPSB4,yellow
SPTAN1,yellow
SPTLC2,yellow
SQSTM1,yellow
SRCIN1,yellow
SRFBP1,yellow
SRGAP3,yellow
SRP19,yellow
SRPRB,yellow
SRR,yellow
SSBP2,yellow
SSFA2,yellow
SSPN,yellow
SSU72,yellow
ST3GAL5,yellow
ST5,yellow
ST7,yellow
STAM,yellow
STBD1,yellow
STC2,yellow
STIM2,yellow
STK10,yellow
STK19,yellow
STK32A,yellow
STK32B,yellow
STK38,yellow
STK39,yellow
STK4,yellow
STMN2,yellow
STX18,yellow
STX2,yellow
STX4,yellow
STXBP3,yellow
STYK1,yellow
SUCLG1,yellow
SUGT1,yellow
SULT1A1,yellow
SUNC1,yellow
SUPT5H,yellow
SUPV3L1,yellow
SURF4,yellow
SUSD4,yellow
SUV420H1,yellow
SV2B,yellow
SVEP1,yellow
SWAP70,yellow
SYCE1L,yellow
SYF2,yellow
SYNGAP1,yellow
SYNGR1,yellow
SYPL1,yellow
SYT11,yellow
SYT12,yellow
SYT14,yellow
SYT2,yellow
SYT6,yellow
SYVN1,yellow
TACR3,yellow
TAF12,yellow
TAF3,yellow
TAF6L,yellow
TAP2,yellow
TARBP2,yellow
TAS1R1,yellow
TAS1R3,yellow
TATDN3,yellow
TBC1D1,yellow
TBC1D15,yellow
TBC1D2,yellow
TBC1D20,yellow
TBC1D4,yellow
TBC1D7,yellow
TBCD,yellow
TBCEL,yellow
TBCK,yellow
TBRG1,yellow
TBX3,yellow
TCERG1,yellow
TCF12,yellow
TCF7L1,yellow
TCP1,yellow
TCTA,yellow
TCTN1,yellow
TDP1,yellow
TEKT3,yellow
TERF1,yellow
TET2,yellow
TEX14,yellow
TEX9,yellow
TFAM,yellow
TFAP2A,yellow
TFB1M,yellow
TFEB,yellow
TGDS,yellow
TGFBRAP1,yellow
THAP3,yellow
THBS2,yellow
THEM4,yellow
THRA,yellow
THUMPD3,yellow
TIAL1,yellow
TIAM1,yellow
TIMM13,yellow
TIMM17A,yellow
TIMM8B,yellow
TINF2,yellow
TIPARP,yellow
TK2,yellow
TLE3,yellow
TLL1,yellow
TLR10,yellow
TM2D2,yellow
TM9SF2,yellow
TMC7,yellow
TMCO1,yellow
TMCO6,yellow
TMED4,yellow
TMED8,yellow
TMEM106B,yellow
TMEM117,yellow
TMEM120A,yellow
TMEM123,yellow
TMEM126A,yellow
TMEM128,yellow
TMEM132B,yellow
TMEM14C,yellow
TMEM161A,yellow
TMEM168,yellow
TMEM179,yellow
TMEM179B,yellow
TMEM183A,yellow
TMEM188,yellow
TMEM19,yellow
TMEM2,yellow
TMEM20,yellow
TMEM201,yellow
TMEM214,yellow
TMEM39B,yellow
TMEM53,yellow
TMEM56,yellow
TMEM59,yellow
TMEM62,yellow
TMEM63B,yellow
TMEM87B,yellow
TMEM97,yellow
TMEM9B,yellow
TMPPE,yellow
TMTC2,yellow
TMX2,yellow
TNFRSF21,yellow
TNIK,yellow
TNIP1,yellow
TNIP2,yellow
TNK2,yellow
TNKS1BP1,yellow
TNKS2,yellow
TNRC18,yellow
TNRC4,yellow
TOMM20,yellow
TOMM7,yellow
TOP2B,yellow
TOP3A,yellow
TOPORS,yellow
TOR3A,yellow
TP53BP1,yellow
TPI1,yellow
TPRA1,yellow
TRA2A,yellow
TRADD,yellow
TRAF3,yellow
TRIB1,yellow
TRIM2,yellow
TRIM26,yellow
TRIM27,yellow
TRIM36,yellow
TRIM46,yellow
TRIM47,yellow
TRIM6-TRIM34,yellow
TRIM62,yellow
TRIM67,yellow
TRIM68,yellow
TRIM7,yellow
TRIM72,yellow
TRIP12,yellow
TRMT2A,yellow
TRMT5,yellow
TRMU,yellow
TROAP,yellow
TROVE2,yellow
TRPV2,yellow
TRRAP,yellow
TRUB1,yellow
TSG101,yellow
TSGA13,yellow
TSPAN9,yellow
TSSC1,yellow
TSTD1,yellow
TTC1,yellow
TTC12,yellow
TTC18,yellow
TTC27,yellow
TTC30B,yellow
TTC35,yellow
TTC39C,yellow
TTC7A,yellow
TTK,yellow
TTLL13,yellow
TTPA,yellow
TTYH1,yellow
TUBA1C,yellow
TUBB,yellow
TUBG2,yellow
TUBGCP2,yellow
TUBGCP5,yellow
TUFM,yellow
TXNDC12,yellow
TXNRD2,yellow
TYMP,yellow
UACA,yellow
UAP1,yellow
UBA52,yellow
UBE2B,yellow
UBE2D3,yellow
UBE2G1,yellow
UBE2Q1,yellow
UBE2QL1,yellow
UBE3A,yellow
UBR1,yellow
UBTD1,yellow
UBTF,yellow
UBXN2A,yellow
UBXN2B,yellow
UBXN7,yellow
UFC1,yellow
UFSP2,yellow
UGCG,yellow
UGDH,yellow
UHRF1BP1L,yellow
UQCRC2,yellow
URGCP,yellow
USMG5,yellow
USP1,yellow
USP12,yellow
USP22,yellow
USP3,yellow
USP30,yellow
USP32,yellow
USP42,yellow
USP8,yellow
USPL1,yellow
UST,yellow
UTP15,yellow
UTP23,yellow
UTP3,yellow
VARS,yellow
VCP,yellow
VCPIP1,yellow
VENTX,yellow
VGF,yellow
VGLL3,yellow
VPS29,yellow
VPS37C,yellow
VPS41,yellow
VPS4B,yellow
VPS52,yellow
VTI1A,yellow
VTRNA1-1,yellow
VTRNA1-2,yellow
VTRNA1-3,yellow
VWA5A,yellow
VWC2,yellow
VWDE,yellow
WAPAL,yellow
WASL,yellow
WBSCR16,yellow
WBSCR17,yellow
WBSCR27,yellow
WDR11,yellow
WDR31,yellow
WDR46,yellow
WDR47,yellow
WDR65,yellow
WDR66,yellow
WDR69,yellow
WDR75,yellow
WDR76,yellow
WDR82,yellow
WDR93,yellow
WFS1,yellow
WIBG,yellow
WIF1,yellow
WIPF1,yellow
WIPF2,yellow
WIT1,yellow
WNT1,yellow
WNT4,yellow
WNT5A,yellow
WSB1,yellow
WSCD2,yellow
WWP2,yellow
XKR8,yellow
XPR1,yellow
XRN2,yellow
XYLT2,yellow
YAP1,yellow
YIPF5,yellow
YLPM1,yellow
YPEL1,yellow
YTHDC1,yellow
YTHDC2,yellow
YTHDF2,yellow
YWHAG,yellow
YWHAZ,yellow
YY1AP1,yellow
ZAK,yellow
ZBED3,yellow
ZBED5,yellow
ZBTB12,yellow
ZBTB20,yellow
ZBTB3,yellow
ZBTB39,yellow
ZBTB44,yellow
ZBTB48,yellow
ZBTB6,yellow
ZBTB7B,yellow
ZBTB9,yellow
ZC3H11A,yellow
ZC3H13,yellow
ZC3HC1,yellow
ZCCHC2,yellow
ZCCHC24,yellow
ZCCHC8,yellow
ZDBF2,yellow
ZDHHC13,yellow
ZDHHC24,yellow
ZDHHC8,yellow
ZEB1,yellow
ZFAND2A,yellow
ZFAND3,yellow
ZFAND6,yellow
ZFC3H1,yellow
ZFHX3,yellow
ZFP1,yellow
ZFP36L2,yellow
ZFP41,yellow
ZFP91,yellow
ZFPL1,yellow
ZFYVE27,yellow
ZFYVE9,yellow
ZHX2,yellow
ZKSCAN4,yellow
ZKSCAN5,yellow
ZMAT2,yellow
ZMIZ2,yellow
ZMYM2,yellow
ZMYND11,yellow
ZNF10,yellow
ZNF140,yellow
ZNF142,yellow
ZNF143,yellow
ZNF165,yellow
ZNF17,yellow
ZNF192,yellow
ZNF195,yellow
ZNF197,yellow
ZNF2,yellow
ZNF200,yellow
ZNF213,yellow
ZNF214,yellow
ZNF232,yellow
ZNF259,yellow
ZNF264,yellow
ZNF267,yellow
ZNF282,yellow
ZNF283,yellow
ZNF330,yellow
ZNF343,yellow
ZNF354A,yellow
ZNF398,yellow
ZNF438,yellow
ZNF444,yellow
ZNF460,yellow
ZNF461,yellow
ZNF470,yellow
ZNF488,yellow
ZNF498,yellow
ZNF511,yellow
ZNF514,yellow
ZNF529,yellow
ZNF544,yellow
ZNF554,yellow
ZNF561,yellow
ZNF562,yellow
ZNF564,yellow
ZNF57,yellow
ZNF600,yellow
ZNF613,yellow
ZNF642,yellow
ZNF653,yellow
ZNF668,yellow
ZNF677,yellow
ZNF680,yellow
ZNF684,yellow
ZNF688,yellow
ZNF695,yellow
ZNF708,yellow
ZNF76,yellow
ZNF764,yellow
ZNF767,yellow
ZNF770,yellow
ZNF775,yellow
ZNF785,yellow
ZNF79,yellow
ZNF8,yellow
ZNF800,yellow
ZNF828,yellow
ZNF829,yellow
ZNF833,yellow
ZNF841,yellow
ZNHIT6,yellow
ZNRF3,yellow
ZSCAN20,yellow
ZSWIM7,yellow
ZW10,yellow
ZWINT,yellow
