geneSymbol,moduleColor
AACSL,bisque4
AARS,bisque4
AATK,bisque4
ABCA5,bisque4
ABCE1,bisque4
ABCF3,bisque4
ABR,bisque4
ACACA,bisque4
ACBD6,bisque4
ACTL7A,bisque4
ACTL9,bisque4
ACTR3B,bisque4
ACTR6,bisque4
ACYP1,bisque4
ADAM22,bisque4
ADAM7,bisque4
ADAMTS17,bisque4
ADAMTS19,bisque4
ADAMTS20,bisque4
ADAMTS3,bisque4
ADAMTS9,bisque4
ADAR,bisque4
ADCY8,bisque4
ADD1,bisque4
ADSL,bisque4
AFTPH,bisque4
AGAP1,bisque4
AGBL5,bisque4
AHI1,bisque4
AHNAK2,bisque4
AHSG,bisque4
AK7,bisque4
AKAP12,bisque4
AKTIP,bisque4
ALDH1A2,bisque4
ALG12,bisque4
ALOX12P2,bisque4
ALPL,bisque4
AMBRA1,bisque4
AMD1,bisque4
ANAPC5,bisque4
ANGEL1,bisque4
ANK1,bisque4
ANK2,bisque4
ANXA13,bisque4
AP2B1,bisque4
AP3S2,bisque4
AP4E1,bisque4
APBA1,bisque4
APBB2,bisque4
API5,bisque4
APOB,bisque4
APPL1,bisque4
AQP5,bisque4
ARFGAP2,bisque4
ARID4A,bisque4
ARIH2,bisque4
ARL4C,bisque4
ARMC3,bisque4
ARMC7,bisque4
ASAH1,bisque4
ASPA,bisque4
ASXL1,bisque4
ATG2B,bisque4
ATG7,bisque4
ATN1,bisque4
ATP10A,bisque4
ATP10D,bisque4
ATP11A,bisque4
ATP13A1,bisque4
ATP1B2,bisque4
ATP2C1,bisque4
ATP4A,bisque4
ATP5G1,bisque4
ATP5J,bisque4
ATP5O,bisque4
ATP8B3,bisque4
AVPR1A,bisque4
B3GNT2,bisque4
B4GALT5,bisque4
BACH2,bisque4
BANP,bisque4
BASP1,bisque4
BAT4,bisque4
BAT5,bisque4
BAZ1A,bisque4
BCAS3,bisque4
BCL11B,bisque4
BCL2L1,bisque4
BCS1L,bisque4
BDNF,bisque4
BHLHE22,bisque4
BICC1,bisque4
BLOC1S3,bisque4
BMF,bisque4
BMP2K,bisque4
BNC1,bisque4
BRCA1,bisque4
BRD2,bisque4
BRF1,bisque4
BRF2,bisque4
BRP44,bisque4
BRUNOL4,bisque4
BRWD1,bisque4
BSG,bisque4
BTNL9,bisque4
BUB1,bisque4
BUB1B,bisque4
BUD13,bisque4
C10ORF140,bisque4
C10ORF41,bisque4
C10ORF46,bisque4
C10ORF71,bisque4
C10ORF78,bisque4
C11ORF65,bisque4
C11ORF74,bisque4
C11ORF83,bisque4
C12ORF10,bisque4
C12ORF42,bisque4
C13ORF23,bisque4
C13ORF33,bisque4
C13ORF36,bisque4
C14ORF129,bisque4
C14ORF133,bisque4
C14ORF166,bisque4
C14ORF23,bisque4
C14ORF33,bisque4
C14ORF43,bisque4
C15ORF33,bisque4
C16ORF35,bisque4
C17ORF79,bisque4
C18ORF56,bisque4
C19ORF40,bisque4
C19ORF51,bisque4
C19ORF6,bisque4
C19ORF66,bisque4
C1ORF183,bisque4
C1ORF21,bisque4
C1ORF57,bisque4
C1ORF85,bisque4
C1QTNF2,bisque4
C1RL,bisque4
C20ORF112,bisque4
C20ORF132,bisque4
C20ORF194,bisque4
C20ORF72,bisque4
C22ORF13,bisque4
C2ORF63,bisque4
C3ORF19,bisque4
C3ORF39,bisque4
C3ORF57,bisque4
C4ORF34,bisque4
C5ORF34,bisque4
C5ORF41,bisque4
C6ORF10,bisque4
C6ORF103,bisque4
C6ORF134,bisque4
C6ORF163,bisque4
C6ORF168,bisque4
C6ORF35,bisque4
C6ORF48,bisque4
C6ORF57,bisque4
C7ORF46,bisque4
C7ORF50,bisque4
C7ORF58,bisque4
C7ORF70,bisque4
C8ORF79,bisque4
C9ORF125,bisque4
C9ORF171,bisque4
C9ORF7,bisque4
CA8,bisque4
CABLES2,bisque4
CACHD1,bisque4
CACNA2D1,bisque4
CACNA2D3,bisque4
CADM1,bisque4
CADPS2,bisque4
CALU,bisque4
CAMTA1,bisque4
CAP1,bisque4
CARD10,bisque4
CASKIN2,bisque4
CASP9,bisque4
CBR4,bisque4
CBX1,bisque4
CBX6,bisque4
CCDC12,bisque4
CCDC137,bisque4
CCDC157,bisque4
CCDC52,bisque4
CCDC53,bisque4
CCDC55,bisque4
CCDC59,bisque4
CCDC66,bisque4
CCDC92,bisque4
CCL2,bisque4
CCNA1,bisque4
CCNE1,bisque4
CCNG1,bisque4
CCNJL,bisque4
CD164,bisque4
CDC20,bisque4
CDC6,bisque4
CDH15,bisque4
CDK7,bisque4
CDKN2C,bisque4
CDS2,bisque4
CEBPG,bisque4
CEND1,bisque4
CENPF,bisque4
CENPQ,bisque4
CEP63,bisque4
CEP97,bisque4
CFDP1,bisque4
CFLAR,bisque4
CHAT,bisque4
CHKA,bisque4
CHODL,bisque4
CHORDC1,bisque4
CHRND,bisque4
CIC,bisque4
CIRBP,bisque4
CISH,bisque4
CLASP2,bisque4
CLCN3,bisque4
CLDN11,bisque4
CLEC16A,bisque4
CLEC4C,bisque4
CLEC9A,bisque4
CLIC6,bisque4
CLSTN3,bisque4
CMPK1,bisque4
CNNM1,bisque4
CNR1,bisque4
CNTN5,bisque4
COL9A3,bisque4
COMT,bisque4
CPA4,bisque4
CPE,bisque4
CPNE1,bisque4
CPOX,bisque4
CR2,bisque4
CRADD,bisque4
CRTAP,bisque4
CRYZL1,bisque4
CSK,bisque4
CSMD3,bisque4
CSN3,bisque4
CTBP2,bisque4
CTNNB1,bisque4
CTSO,bisque4
CUL2,bisque4
CUX1,bisque4
CXCL12,bisque4
CXXC4,bisque4
CYB5A,bisque4
CYFIP1,bisque4
CYP19A1,bisque4
CYP1B1,bisque4
CYP2E1,bisque4
DAB1,bisque4
DACT2,bisque4
DAG1,bisque4
DCAF11,bisque4
DCLRE1A,bisque4
DCP1A,bisque4
DCPS,bisque4
DCTN2,bisque4
DCTPP1,bisque4
DDAH2,bisque4
DDHD2,bisque4
DDI2,bisque4
DDX17,bisque4
DDX21,bisque4
DDX39,bisque4
DDX52,bisque4
DECR1,bisque4
DECR2,bisque4
DEFB134,bisque4
DENND5A,bisque4
DENND5B,bisque4
DEPDC1,bisque4
DHX16,bisque4
DHX29,bisque4
DIP2C,bisque4
DKFZP686O24166,bisque4
DKK1,bisque4
DLG2,bisque4
DLGAP3,bisque4
DLK1,bisque4
DMAP1,bisque4
DMC1,bisque4
DMRTA2,bisque4
DNAJC11,bisque4
DOCK5,bisque4
DOK5,bisque4
DPP3,bisque4
DPY30,bisque4
DPYSL5,bisque4
DRAM1,bisque4
DRAM2,bisque4
DSC3,bisque4
DSCAM,bisque4
DUOX1,bisque4
DUSP10,bisque4
DUSP19,bisque4
DUSP4,bisque4
DUSP6,bisque4
DUT,bisque4
DYNC1I1,bisque4
DYNLT1,bisque4
DYX1C1,bisque4
ECH1,bisque4
EDNRB,bisque4
EEF1A1,bisque4
EEPD1,bisque4
EFHC1,bisque4
EGLN2,bisque4
EHBP1,bisque4
EHMT2,bisque4
EID2,bisque4
EIF2C2,bisque4
EIF3M,bisque4
EIF4A3,bisque4
EIF4H,bisque4
ELAC2,bisque4
ELK4,bisque4
ELMO1,bisque4
ELMOD2,bisque4
ELMOD3,bisque4
EME1,bisque4
ENKUR,bisque4
ENOX1,bisque4
ENTPD6,bisque4
EPS8,bisque4
ERCC6,bisque4
ETNK1,bisque4
ETS1,bisque4
ETV5,bisque4
ETV6,bisque4
EXPH5,bisque4
EXT1,bisque4
EXTL3,bisque4
EZH2,bisque4
FAAH,bisque4
FAM116A,bisque4
FAM123A,bisque4
FAM124B,bisque4
FAM149A,bisque4
FAM164A,bisque4
FAM174A,bisque4
FAM174B,bisque4
FAM184A,bisque4
FAM194B,bisque4
FAM195B,bisque4
FAM19A2,bisque4
FAM20B,bisque4
FAM36A,bisque4
FAM43A,bisque4
FAM47E,bisque4
FAM49B,bisque4
FAM50B,bisque4
FAM59B,bisque4
FAM69C,bisque4
FAM76A,bisque4
FAM98B,bisque4
FARP1,bisque4
FARSB,bisque4
FAT1,bisque4
FBXL14,bisque4
FBXL16,bisque4
FBXL20,bisque4
FBXO21,bisque4
FBXO27,bisque4
FBXO30,bisque4
FBXO38,bisque4
FDXR,bisque4
FEM1C,bisque4
FEN1,bisque4
FGF1,bisque4
FGF18,bisque4
FILIP1,bisque4
FIS1,bisque4
FLJ16779,bisque4
FLJ31306,bisque4
FLJ37543,bisque4
FLJ39653,bisque4
FLJ43663,bisque4
FLJ43860,bisque4
FLJ45244,bisque4
FLJ45983,bisque4
FNDC3B,bisque4
FOXE3,bisque4
FOXJ3,bisque4
FOXM1,bisque4
FUCA1,bisque4
FXR2,bisque4
GAB1,bisque4
GABARAP,bisque4
GABARAPL1,bisque4
GABRA1,bisque4
GAD1,bisque4
GALNTL4,bisque4
GAN,bisque4
GBA,bisque4
GBAP1,bisque4
GBAS,bisque4
GCG,bisque4
GDAP1,bisque4
GDF7,bisque4
GDI2,bisque4
GDPD1,bisque4
GEM,bisque4
GGCT,bisque4
GGPS1,bisque4
GHITM,bisque4
GJA3,bisque4
GLB1L2,bisque4
GLB1L3,bisque4
GLRX2,bisque4
GLS,bisque4
GLUL,bisque4
GM2A,bisque4
GMDS,bisque4
GNA12,bisque4
GNAI1,bisque4
GNAI3,bisque4
GNB1,bisque4
GOLGA4,bisque4
GOLPH3L,bisque4
GOLSYN,bisque4
GOPC,bisque4
GPC5,bisque4
GPD1L,bisque4
GPLD1,bisque4
GPR123,bisque4
GPR133,bisque4
GPR137B,bisque4
GPR149,bisque4
GPR63,bisque4
GPX6,bisque4
GRAMD1C,bisque4
GRB2,bisque4
GREB1,bisque4
GRIK1,bisque4
GRK6,bisque4
GRM8,bisque4
GRWD1,bisque4
GSDMD,bisque4
GSTA4,bisque4
GSTM5,bisque4
GTF2A2,bisque4
GTF2B,bisque4
GTF2F2,bisque4
GTF3C5,bisque4
GTPBP3,bisque4
GUCY1A2,bisque4
GUCY1B3,bisque4
GXYLT1,bisque4
H1FNT,bisque4
H2AFY,bisque4
H2AFY2,bisque4
H6PD,bisque4
HAUS3,bisque4
HCCA2,bisque4
HDAC4,bisque4
HDAC7,bisque4
HECTD1,bisque4
HES7,bisque4
HEXIM1,bisque4
HEY1,bisque4
HEY2,bisque4
HGS,bisque4
HIF1AN,bisque4
HIGD2B,bisque4
HIST1H1B,bisque4
HIST1H2AM,bisque4
HIST1H2BH,bisque4
HIST1H2BJ,bisque4
HIST1H2BK,bisque4
HIST1H4E,bisque4
HIST1H4H,bisque4
HIST1H4J,bisque4
HLA-DOA,bisque4
HLA-E,bisque4
HLA-F,bisque4
HLTF,bisque4
HMGA2,bisque4
HMGB1,bisque4
HMGB4,bisque4
HMGCS1,bisque4
HMOX2,bisque4
HMP19,bisque4
HNRNPA1,bisque4
HNRNPF,bisque4
HNRNPH1,bisque4
HNRNPUL1,bisque4
HNRPDL,bisque4
HNRPLL,bisque4
HOPX,bisque4
HORMAD1,bisque4
HOXD11,bisque4
HPS3,bisque4
HSD17B4,bisque4
HSPA2,bisque4
HSPA4,bisque4
HTATIP2,bisque4
HYLS1,bisque4
ICMT,bisque4
IER3,bisque4
IER3IP1,bisque4
IFIT5,bisque4
IGF2R,bisque4
IGSF3,bisque4
IHH,bisque4
IKZF2,bisque4
IL28RA,bisque4
ILVBL,bisque4
IMMP2L,bisque4
INCA1,bisque4
INPP4B,bisque4
INPP5A,bisque4
IRF2,bisque4
ISOC2,bisque4
ITFG2,bisque4
ITGA1,bisque4
ITGA3,bisque4
ITGA7,bisque4
ITGA8,bisque4
ITGAV,bisque4
ITGB1,bisque4
ITPR2,bisque4
IVNS1ABP,bisque4
JAG1,bisque4
JAZF1,bisque4
JUN,bisque4
KAZALD1,bisque4
KCNIP4,bisque4
KCNK13,bisque4
KCNQ2,bisque4
KCTD1,bisque4
KCTD15,bisque4
KDM2B,bisque4
KDM3A,bisque4
KDM4C,bisque4
KHSRP,bisque4
KIAA0101,bisque4
KIAA0174,bisque4
KIAA0182,bisque4
KIAA0319,bisque4
KIAA0319L,bisque4
KIAA0586,bisque4
KIAA0947,bisque4
KIAA1009,bisque4
KIAA1530,bisque4
KIAA1984,bisque4
KIF13B,bisque4
KIF15,bisque4
KIF18B,bisque4
KLF12,bisque4
KLF13,bisque4
KLK10,bisque4
KPNA5,bisque4
KRCC1,bisque4
KREMEN1,bisque4
KRIT1,bisque4
KRTAP5-9,bisque4
LAMP1,bisque4
LANCL1,bisque4
LANCL2,bisque4
LAP3,bisque4
LARP4,bisque4
LATS1,bisque4
LBX1,bisque4
LCT,bisque4
LDLR,bisque4
LEMD3,bisque4
LEP,bisque4
LGMN,bisque4
LHFPL5,bisque4
LHPP,bisque4
LHX1,bisque4
LHX8,bisque4
LIN54,bisque4
LMAN2L,bisque4
LMBRD2,bisque4
LMX1B,bisque4
LOC100134713,bisque4
LOC100292680,bisque4
LOC221710,bisque4
LOC285359,bisque4
LOC285456,bisque4
LOC285830,bisque4
LOC338799,bisque4
LOC344595,bisque4
LOC388588,bisque4
LOC440839,bisque4
LRBA,bisque4
LRGUK,bisque4
LRIG3,bisque4
LRP6,bisque4
LRPAP1,bisque4
LRRC20,bisque4
LRRC27,bisque4
LRRC36,bisque4
LRRC3B,bisque4
LRRC58,bisque4
LSM10,bisque4
LSM6,bisque4
LSMD1,bisque4
LTB,bisque4
LVRN,bisque4
LYPD5,bisque4
LYPD6B,bisque4
LYRM2,bisque4
MAD2L2,bisque4
MAML2,bisque4
MAML3,bisque4
MAN1A2,bisque4
MANEA,bisque4
MAP1LC3B,bisque4
MAP2K1,bisque4
MAP3K7,bisque4
MAP6,bisque4
MAPK4,bisque4
MAPKAPK2,bisque4
MAPKAPK3,bisque4
MAPKBP1,bisque4
MAR-08,bisque4
MARCKS,bisque4
MATN2,bisque4
MATN3,bisque4
MATR3,bisque4
MBD1,bisque4
MBOAT4,bisque4
MCFD2,bisque4
MCM3,bisque4
MDM2,bisque4
ME1,bisque4
ME3,bisque4
MED12L,bisque4
MED17,bisque4
MED6,bisque4
MEGF6,bisque4
MEIG1,bisque4
MEIS1,bisque4
METAP1,bisque4
METRN,bisque4
METTL3,bisque4
METTL7A,bisque4
MEX3C,bisque4
MGMT,bisque4
MIB2,bisque4
MICAL2,bisque4
MINPP1,bisque4
MIR1295,bisque4
MIR130B,bisque4
MIR203,bisque4
MIR548G,bisque4
MIR886,bisque4
MKI67IP,bisque4
MKLN1,bisque4
MLEC,bisque4
MLLT10,bisque4
MND1,bisque4
MOCS3,bisque4
MORC3,bisque4
MORF4L1,bisque4
MPDZ,bisque4
MPHOSPH10,bisque4
MPP5,bisque4
MPPE1,bisque4
MPPED2,bisque4
MPV17,bisque4
MRAS,bisque4
MRPL1,bisque4
MRPL12,bisque4
MRPL18,bisque4
MRPL30,bisque4
MRPL54,bisque4
MRPS18B,bisque4
MRPS27,bisque4
MRPS31,bisque4
MS4A4A,bisque4
MSLN,bisque4
MSRB3,bisque4
MTG1,bisque4
MTHFD1,bisque4
MTL5,bisque4
MTMR12,bisque4
MTMR3,bisque4
MTP18,bisque4
MTPAP,bisque4
MUCL1,bisque4
MYC,bisque4
MYL6B,bisque4
MYLK,bisque4
MYO3B,bisque4
N4BP2L1,bisque4
N6AMT1,bisque4
NAA30,bisque4
NADSYN1,bisque4
NAGK,bisque4
NAGPA,bisque4
NAPEPLD,bisque4
NBN,bisque4
NBR1,bisque4
NBR2,bisque4
NCAN,bisque4
NCAPG2,bisque4
NCBP2,bisque4
NCK2,bisque4
NCOA5,bisque4
NCOR2,bisque4
NCRNA00028,bisque4
NCRNA00081,bisque4
NCRNA00171,bisque4
NDE1,bisque4
NDUFB1,bisque4
NDUFS5,bisque4
NDUFS6,bisque4
NDUFV3,bisque4
NEK8,bisque4
NELL2,bisque4
NETO2,bisque4
NEURL3,bisque4
NFAT5,bisque4
NFATC2IP,bisque4
NFIA,bisque4
NHEDC1,bisque4
NHLRC3,bisque4
NID1,bisque4
NLGN1,bisque4
NMBR,bisque4
NME6,bisque4
NMU,bisque4
NNT,bisque4
NOS1,bisque4
NOS1AP,bisque4
NPB,bisque4
NPM1,bisque4
NPR1,bisque4
NR1D1,bisque4
NR1D2,bisque4
NR2F2,bisque4
NRCAM,bisque4
NRD1,bisque4
NRG1,bisque4
NRG3,bisque4
NRXN1,bisque4
NSMCE1,bisque4
NSMCE2,bisque4
NT5C2,bisque4
NT5E,bisque4
NT5M,bisque4
NTM,bisque4
NUBPL,bisque4
NUCB2,bisque4
NUCKS1,bisque4
NUDT16L1,bisque4
NUF2,bisque4
NUP210,bisque4
NUP54,bisque4
NXT1,bisque4
OBSCN,bisque4
ODZ2,bisque4
ODZ4,bisque4
OGDH,bisque4
OLFML2B,bisque4
OLIG1,bisque4
OPA3,bisque4
OPN5,bisque4
OPRD1,bisque4
OR5M1,bisque4
ORAI1,bisque4
ORC3L,bisque4
ORC5L,bisque4
OTX1,bisque4
OXR1,bisque4
P2RY6,bisque4
P4HA3,bisque4
PABPC1,bisque4
PABPN1,bisque4
PACS2,bisque4
PAFAH2,bisque4
PALLD,bisque4
PALM,bisque4
PANK1,bisque4
PANX1,bisque4
PAPPA,bisque4
PAQR9,bisque4
PARD3,bisque4
PARD3B,bisque4
PARP16,bisque4
PARP4,bisque4
PARS2,bisque4
PAX1,bisque4
PBLD,bisque4
PBX3,bisque4
PCDH1,bisque4
PCDH15,bisque4
PCDH7,bisque4
PCSK2,bisque4
PDCD7,bisque4
PDE3A,bisque4
PDE6C,bisque4
PDIA4,bisque4
PDIK1L,bisque4
PDLIM2,bisque4
PDLIM5,bisque4
PDXP,bisque4
PEBP1,bisque4
PECR,bisque4
PEX16,bisque4
PEX7,bisque4
PF4,bisque4
PFDN1,bisque4
PFDN6,bisque4
PGBD2,bisque4
PHACTR1,bisque4
PHLPP2,bisque4
PHTF1,bisque4
PHTF2,bisque4
PIAS1,bisque4
PIGY,bisque4
PIK3R3,bisque4
PIKFYVE,bisque4
PIP4K2A,bisque4
PIP5K1A,bisque4
PITRM1,bisque4
PLCL2,bisque4
PLCXD2,bisque4
PLEKHA5,bisque4
PLEKHG5,bisque4
PLIN2,bisque4
PLXDC2,bisque4
PNPT1,bisque4
POLDIP3,bisque4
POLE4,bisque4
POLR3B,bisque4
POU3F2,bisque4
POU6F2,bisque4
PPIL5,bisque4
PPP1R11,bisque4
PPP1R14B,bisque4
PPP2R2B,bisque4
PPP2R3A,bisque4
PPP2R5B,bisque4
PPT2,bisque4
PPTC7,bisque4
PRAME,bisque4
PRB4,bisque4
PRDX6,bisque4
PREPL,bisque4
PRICKLE2,bisque4
PRMT2,bisque4
PROX1,bisque4
PRPF8,bisque4
PRPH,bisque4
PRPSAP1,bisque4
PRPSAP2,bisque4
PRR24,bisque4
PRR3,bisque4
PRRT4,bisque4
PSMA5,bisque4
PSMB1,bisque4
PSMB5,bisque4
PSMD13,bisque4
PSMD14,bisque4
PSME2,bisque4
PSMG1,bisque4
PSPH,bisque4
PTCHD2,bisque4
PTDSS2,bisque4
PTEN,bisque4
PTPRG,bisque4
PTPRN2,bisque4
PTPRU,bisque4
PXDNL,bisque4
PXN,bisque4
PYCR1,bisque4
PYGO1,bisque4
QKI,bisque4
QPCTL,bisque4
QSOX2,bisque4
R3HDM1,bisque4
R3HDM2,bisque4
RAB1B,bisque4
RAB28,bisque4
RAB2B,bisque4
RAB30,bisque4
RAB3IP,bisque4
RAB6A,bisque4
RAB7L1,bisque4
RABEPK,bisque4
RABGAP1L,bisque4
RAD51AP2,bisque4
RAD9A,bisque4
RADIL,bisque4
RAE1,bisque4
RAI1,bisque4
RAMP1,bisque4
RAPH1,bisque4
RASA3,bisque4
RASGRF2,bisque4
RB1,bisque4
RBBP4,bisque4
RBM16,bisque4
RBM24,bisque4
RBMXL1,bisque4
RBP7,bisque4
RCC2,bisque4
REG4,bisque4
REST,bisque4
RFC2,bisque4
RFC5,bisque4
RFT1,bisque4
RFTN1,bisque4
RFX2,bisque4
RFX7,bisque4
RHOA,bisque4
RIMS3,bisque4
RMND5B,bisque4
RMRP,bisque4
RNASEN,bisque4
RNASET2,bisque4
RND3,bisque4
RNF103,bisque4
RNF146,bisque4
RNF19B,bisque4
RNF2,bisque4
RNFT2,bisque4
RNLS,bisque4
RNMT,bisque4
RNPC3,bisque4
RNPEP,bisque4
RORA,bisque4
RP5-1022P6.2,bisque4
RP9,bisque4
RPA2,bisque4
RPH3A,bisque4
RPH3AL,bisque4
RPL21,bisque4
RPL26,bisque4
RPL34,bisque4
RPL35,bisque4
RPL5,bisque4
RPN2,bisque4
RPP21,bisque4
RPS14,bisque4
RPS27A,bisque4
RPUSD2,bisque4
RPUSD4,bisque4
RRM1,bisque4
RSBN1,bisque4
RXFP2,bisque4
S100PBP,bisque4
SAAL1,bisque4
SACM1L,bisque4
SALL4,bisque4
SAMD4A,bisque4
SBDS,bisque4
SC4MOL,bisque4
SC5DL,bisque4
SCAF1,bisque4
SCAMP1,bisque4
SCAND1,bisque4
SCAND2,bisque4
SCHIP1,bisque4
SCN3B,bisque4
SDCBP,bisque4
SDCCAG10,bisque4
SDK1,bisque4
SEC1,bisque4
SEC61A1,bisque4
SEH1L,bisque4
SEMA3G,bisque4
SEP-10,bisque4
SERPINB12,bisque4
SESN2,bisque4
SETD1B,bisque4
SF3A3,bisque4
SFMBT2,bisque4
SFRS3,bisque4
SFRS5,bisque4
SFT2D2,bisque4
SFXN4,bisque4
SGK1,bisque4
SGTA,bisque4
SGTB,bisque4
SH2D3C,bisque4
SH3RF3,bisque4
SHANK2,bisque4
SHC4,bisque4
SHF,bisque4
SHISA2,bisque4
SHISA4,bisque4
SHISA6,bisque4
SIAH3,bisque4
SIN3A,bisque4
SIX1,bisque4
SLAIN1,bisque4
SLC12A2,bisque4
SLC16A12,bisque4
SLC19A2,bisque4
SLC1A2,bisque4
SLC1A3,bisque4
SLC1A4,bisque4
SLC20A2,bisque4
SLC25A13,bisque4
SLC25A24,bisque4
SLC25A36,bisque4
SLC26A4,bisque4
SLC29A2,bisque4
SLC30A1,bisque4
SLC30A4,bisque4
SLC30A9,bisque4
SLC35F2,bisque4
SLC39A11,bisque4
SLC39A7,bisque4
SLIT1,bisque4
SLMO2,bisque4
SMAD9,bisque4
SMARCA4,bisque4
SMC3,bisque4
SMEK1,bisque4
SNAP23,bisque4
SNAP25,bisque4
SND1,bisque4
SNHG8,bisque4
SNORA6,bisque4
SNORD114-25,bisque4
SNRPG,bisque4
SNTG1,bisque4
SNX10,bisque4
SNX16,bisque4
SOHLH1,bisque4
SON,bisque4
SORCS2,bisque4
SOX2OT,bisque4
SPAG7,bisque4
SPATA2L,bisque4
SPEF2,bisque4
SPG20,bisque4
SPHK2,bisque4
SPRED2,bisque4
SPRYD3,bisque4
SRD5A3,bisque4
SRI,bisque4
SRP54,bisque4
SSH1,bisque4
SSSCA1,bisque4
SSU72,bisque4
ST6GAL1,bisque4
ST8SIA4,bisque4
STAC,bisque4
STAM,bisque4
STARD10,bisque4
STARD4,bisque4
STEAP2,bisque4
STK11IP,bisque4
STK31,bisque4
STRADA,bisque4
STX6,bisque4
STXBP1,bisque4
STXBP3,bisque4
STXBP5L,bisque4
SYN3,bisque4
SYNCRIP,bisque4
SYNGR1,bisque4
SYPL2,bisque4
TADA1,bisque4
TAF3,bisque4
TARBP2,bisque4
TARS,bisque4
TARS2,bisque4
TARSL2,bisque4
TAS2R3,bisque4
TATDN1,bisque4
TBC1D14,bisque4
TBC1D19,bisque4
TBC1D22A,bisque4
TC2N,bisque4
TCEB1,bisque4
TCF12,bisque4
TCHP,bisque4
TEAD1,bisque4
TFR2,bisque4
TGFB3,bisque4
TGFBR3,bisque4
TGIF1,bisque4
THBS1,bisque4
THRAP3,bisque4
THRB,bisque4
THUMPD1,bisque4
TIMM22,bisque4
TIMM8B,bisque4
TINF2,bisque4
TIPARP,bisque4
TLL2,bisque4
TLR9,bisque4
TMCO1,bisque4
TMCO3,bisque4
TMCO6,bisque4
TMED7-TICAM2,bisque4
TMEM108,bisque4
TMEM129,bisque4
TMEM132C,bisque4
TMEM145,bisque4
TMEM146,bisque4
TMEM14B,bisque4
TMEM161A,bisque4
TMEM178,bisque4
TMEM18,bisque4
TMEM183A,bisque4
TMEM194A,bisque4
TMEM209,bisque4
TMEM22,bisque4
TMEM222,bisque4
TMEM41A,bisque4
TMEM52,bisque4
TMEM63B,bisque4
TMEM67,bisque4
TNFRSF8,bisque4
TNFSF13B,bisque4
TNIK,bisque4
TNRC18,bisque4
TNXB,bisque4
TOLLIP,bisque4
TOMM7,bisque4
TOPBP1,bisque4
TOX,bisque4
TP53,bisque4
TPD52,bisque4
TPI1,bisque4
TRADD,bisque4
TRAF4,bisque4
TRAK1,bisque4
TRAPPC9,bisque4
TRIAP1,bisque4
TRIM2,bisque4
TRIM24,bisque4
TRIM27,bisque4
TRIM3,bisque4
TRIM34,bisque4
TRIM39,bisque4
TRIM58,bisque4
TRIM68,bisque4
TRMT2A,bisque4
TROAP,bisque4
TRPM3,bisque4
TSKS,bisque4
TSPAN31,bisque4
TTC1,bisque4
TTC15,bisque4
TTC19,bisque4
TTC27,bisque4
TTC35,bisque4
TTC39C,bisque4
TTLL11,bisque4
TTLL5,bisque4
TTYH2,bisque4
TUBA4A,bisque4
TUFT1,bisque4
TULP3,bisque4
TUSC4,bisque4
TXNDC5,bisque4
TXNIP,bisque4
TXNRD1,bisque4
UBA2,bisque4
UBE2CBP,bisque4
UBE2D1,bisque4
UBE2L6,bisque4
UBL3,bisque4
UBTF,bisque4
UBXN1,bisque4
UBXN7,bisque4
UHMK1,bisque4
UHRF1,bisque4
UNC45A,bisque4
UNC50,bisque4
UNCX,bisque4
UPK1B,bisque4
USP12,bisque4
USP16,bisque4
USP42,bisque4
USP48,bisque4
USP5,bisque4
UTRN,bisque4
VARS,bisque4
VASP,bisque4
VEPH1,bisque4
VGLL4,bisque4
VPRBP,bisque4
VPS13B,bisque4
VPS54,bisque4
VTI1B,bisque4
VTRNA1-1,bisque4
VWA3B,bisque4
VWA5B2,bisque4
WBSCR17,bisque4
WDR11,bisque4
WDR18,bisque4
WDR37,bisque4
WDR51B,bisque4
WDR93,bisque4
WNK1,bisque4
WNT3A,bisque4
WNT6,bisque4
WNT8B,bisque4
WTAP,bisque4
WWC2,bisque4
WWOX,bisque4
WWP1,bisque4
XPC,bisque4
XRCC2,bisque4
XRCC4,bisque4
XRN2,bisque4
YEATS2,bisque4
YIPF7,bisque4
YPEL5,bisque4
ZBTB16,bisque4
ZBTB17,bisque4
ZBTB38,bisque4
ZBTB48,bisque4
ZBTB7A,bisque4
ZBTB8A,bisque4
ZC3H8,bisque4
ZCCHC3,bisque4
ZDHHC13,bisque4
ZDHHC21,bisque4
ZDHHC4,bisque4
ZDHHC5,bisque4
ZEB2,bisque4
ZFC3H1,bisque4
ZFP161,bisque4
ZIC1,bisque4
ZKSCAN5,bisque4
ZMIZ2,bisque4
ZNF12,bisque4
ZNF121,bisque4
ZNF132,bisque4
ZNF155,bisque4
ZNF16,bisque4
ZNF235,bisque4
ZNF24,bisque4
ZNF25,bisque4
ZNF284,bisque4
ZNF295,bisque4
ZNF330,bisque4
ZNF347,bisque4
ZNF35,bisque4
ZNF384,bisque4
ZNF408,bisque4
ZNF451,bisque4
ZNF460,bisque4
ZNF461,bisque4
ZNF488,bisque4
ZNF498,bisque4
ZNF502,bisque4
ZNF559,bisque4
ZNF568,bisque4
ZNF593,bisque4
ZNF684,bisque4
ZNF691,bisque4
ZNF696,bisque4
ZNF697,bisque4
ZNF704,bisque4
ZNF709,bisque4
ZNF827,bisque4
ZRANB2,bisque4
ZSCAN16,bisque4
ZWILCH,bisque4
ZYG11B,bisque4
ZZZ3,bisque4
AAA1,black
AARSD1,black
ABHD5,black
ACADM,black
ACO2,black
ACSL5,black
ACTL7B,black
ACTR8,black
ADAM9,black
ADAMTS18,black
ADAMTS2,black
ADAMTS8,black
ADAMTS9,black
ADAR,black
ADARB2,black
ADO,black
ADRB2,black
AEN,black
AFAP1,black
AFF1,black
AFG3L1,black
AGAP1,black
AGPAT1,black
AGPAT4,black
AGRN,black
AKAP8L,black
AKT1S1,black
AKTIP,black
ALDH9A1,black
AMOTL1,black
ANO8,black
AP1S3,black
AP2M1,black
AP3M2,black
API5,black
AQP11,black
ARF5,black
ARFGEF1,black
ARHGAP19,black
ARHGAP5,black
ARHGEF10,black
ARID1B,black
ARID2,black
ARL4D,black
ARL6,black
ARMC8,black
ASAH1,black
ASF1B,black
ATAD5,black
ATG10,black
ATG16L1,black
ATG3,black
ATP4A,black
ATP5G2,black
ATRNL1,black
ATXN7L1,black
AUTS2,black
AZI2,black
B4GALNT2,black
BACE1,black
BANP,black
BAT1,black
BAT2,black
BAT3,black
BAT4,black
BAT5,black
BBX,black
BCCIP,black
BCL6,black
BCR,black
BEND6,black
BET1,black
BHLHE22,black
BLCAP,black
BLM,black
BLMH,black
BPHL,black
BRAF,black
BRD2,black
BRMS1,black
BRUNOL6,black
BSG,black
BTBD8,black
BTG1,black
BTG2,black
C10ORF119,black
C10ORF131,black
C10ORF18,black
C10ORF26,black
C10ORF32,black
C11ORF60,black
C11ORF61,black
C11ORF70,black
C12ORF23,black
C12ORF35,black
C15ORF17,black
C16ORF46,black
C16ORF75,black
C16ORF80,black
C16ORF81,black
C17ORF57,black
C17ORF95,black
C19ORF2,black
C19ORF28,black
C19ORF44,black
C19ORF51,black
C19ORF54,black
C19ORF6,black
C19ORF61,black
C1ORF125,black
C1ORF170,black
C1ORF198,black
C1ORF51,black
C1ORF56,black
C20ORF96,black
C21ORF29,black
C21ORF66,black
C22ORF30,black
C2ORF39,black
C2ORF44,black
C3ORF10,black
C3ORF24,black
C3ORF38,black
C3ORF70,black
C4ORF41,black
C5ORF28,black
C5ORF32,black
C5ORF41,black
C5ORF48,black
C5ORF54,black
C5ORF55,black
C6ORF1,black
C6ORF155,black
C6ORF47,black
C6ORF52,black
C7ORF20,black
C7ORF38,black
C7ORF50,black
C7ORF68,black
C8ORF41,black
C8ORF80,black
C9ORF170,black
C9ORF78,black
CA10,black
CA4,black
CA5A,black
CACNA2D1,black
CACNB4,black
CACNG4,black
CACYBP,black
CADM1,black
CADM2,black
CAMK1D,black
CAMLG,black
CAMTA1,black
CAPZA2,black
CARD11,black
CARD14,black
CARS,black
CBLL1,black
CCDC15,black
CCDC38,black
CCDC41,black
CCDC61,black
CCDC64,black
CCDC94,black
CCDC96,black
CCL19,black
CCNL1,black
CCNL2,black
CCT5,black
CCT7,black
CD164,black
CD81,black
CDADC1,black
CDC42BPA,black
CDCA8,black
CDK6,black
CDKL2,black
CDKN1C,black
CDKN2D,black
CEMP1,black
CENPT,black
CFLAR,black
CHCHD4,black
CHORDC1,black
CHRAC1,black
CHRM5,black
CHST10,black
CHST5,black
CIRBP,black
CLIC4,black
CLIC5,black
CNBP,black
CNDP2,black
CNKSR3,black
CNNM3,black
CNNM4,black
CNOT6L,black
CNST,black
CNTFR,black
CNTNAP2,black
COL2A1,black
COL4A3BP,black
COL5A3,black
COL8A1,black
COPE,black
COPS4,black
COPS7B,black
COQ10A,black
COQ5,black
CORO1C,black
COX15,black
COX4NB,black
COX5B,black
COX6C,black
CPA6,black
CPSF4,black
CRTC1,black
CSDA,black
CSMD1,black
CSRP2,black
CST9L,black
CTGF,black
CTSH,black
CXXC1,black
CYP4F3,black
CYP51A1,black
DAXX,black
DCAF4L2,black
DCAF6,black
DCAF7,black
DDAH2,black
DDX25,black
DDX51,black
DDX60,black
DEM1,black
DEPDC7,black
DGKA,black
DIP2A,black
DIP2C,black
DISP1,black
DIXDC1,black
DKK3,black
DLG2,black
DLG4,black
DLGAP4,black
DLX5,black
DNAH3,black
DNAJC21,black
DNAJC7,black
DNAJC9,black
DNAL1,black
DNM2,black
DNM3,black
DNMT1,black
DNPEP,black
DOCK5,black
DOM3Z,black
DPF3,black
DPP6,black
DUSP13,black
DYRK1A,black
EBAG9,black
EDNRB,black
EEA1,black
EEF1E1,black
EEPD1,black
EFCAB6,black
EGFL8,black
EGFLAM,black
EGFR,black
EGLN3,black
EHD1,black
EHD2,black
EHMT2,black
EI24,black
EIF2AK1,black
EIF2B5,black
EIF2C3,black
EIF3A,black
EIF3K,black
EIF4A3,black
EIF4EBP3,black
EMID2,black
EML1,black
EMX2,black
ENPP1,black
ENPP4,black
ENTPD3,black
EPHA6,black
EPHB1,black
EPHX2,black
EPM2AIP1,black
EPRS,black
EPS8L3,black
ERBB2,black
ERBB2IP,black
ERO1LB,black
ESYT2,black
EYS,black
FAF1,black
FAM171A2,black
FAM36A,black
FAM40A,black
FAM5C,black
FAM76B,black
FAM82A2,black
FANCA,black
FANCC,black
FANCF,black
FARSB,black
FBXO16,black
FBXO38,black
FBXO43,black
FBXW4,black
FER,black
FEZ1,black
FGF12,black
FGF8,black
FGFR1,black
FGFR1OP2,black
FGGY,black
FILIP1,black
FKBP5,black
FLG2,black
FLJ43390,black
FLJ46361,black
FLJ90757,black
FLOT1,black
FLRT2,black
FMNL1,black
FNDC3A,black
FNDC5,black
FOXA3,black
FOXK1,black
FOXL2,black
FOXP1,black
FRMD6,black
FSTL1,black
FXYD3,black
FYB,black
GABRA1,black
GABRG2,black
GALM,black
GALNTL6,black
GAPDHS,black
GAS7,black
GATA2,black
GCK,black
GDF2,black
GEFT,black
GFI1,black
GINS2,black
GIPR,black
GJA3,black
GLT8D1,black
GMCL1,black
GMEB1,black
GMEB2,black
GMNN,black
GMPPA,black
GMPS,black
GNG7,black
GNPAT,black
GNPTAB,black
GNRHR2,black
GOSR2,black
GPM6A,black
GPR133,black
GPR137B,black
GPT2,black
GRIK5,black
GRK1,black
GRPEL2,black
GSK3B,black
GUK1,black
HAO1,black
HAS2AS,black
HCK,black
HDAC1,black
HDDC3,black
HDHD2,black
HELQ,black
HES4,black
HEXA,black
HEXIM1,black
HGC6.3,black
HIBADH,black
HIBCH,black
HIGD1A,black
HIST1H2BB,black
HIST1H2BN,black
HIST1H4H,black
HIST2H2BE,black
HLA-B,black
HLA-DOA,black
HLA-DPB1,black
HLA-DRA,black
HLA-F,black
HMBS,black
HMGCS2,black
HMGN3,black
HN1L,black
HNRNPD,black
HNRNPK,black
HNRNPU,black
HPCAL1,black
HS3ST2,black
HSD17B8,black
HSP90AB1,black
HSPC157,black
HTR6,black
HYLS1,black
ICA1L,black
ID2,black
IDH3B,black
IFIT3,black
IFNGR2,black
IFT52,black
IGFBP2,black
ILDR2,black
IMMP2L,black
ING1,black
INPP4A,black
INTS6,black
IQCE,black
IRF2,black
ISCA1,black
ISM2,black
ITFG2,black
ITGA1,black
ITGAV,black
ITPK1,black
ITPR2,black
JAK1,black
JAKMIP3,black
JAZF1,black
JUN,black
KANK1,black
KBTBD11,black
KCNA4,black
KCNG3,black
KCNJ10,black
KCNK4,black
KCNN3,black
KCNQ1,black
KCNQ3,black
KCTD13,black
KIAA0182,black
KIAA0284,black
KIAA0586,black
KIAA1026,black
KIAA1279,black
KIAA1310,black
KIAA1328,black
KIAA1522,black
KIAA1549,black
KIAA1712,black
KIAA1737,black
KIAA1949,black
KIF17,black
KIF1A,black
KLF12,black
KLF5,black
KLHL36,black
KPNA6,black
KRAS,black
KREMEN2,black
KRTAP5-8,black
KRTDAP,black
L2HGDH,black
LAMA2,black
LARP1,black
LASS2,black
LCN6,black
LDOC1L,black
LIFR,black
LIN7B,black
LMBR1,black
LMO3,black
LMTK2,black
LOC100128542,black
LOC100128822,black
LOC100130987,black
LOC100306951,black
LOC157627,black
LOC255411,black
LOC284551,black
LOC285627,black
LOC285733,black
LOC340357,black
LOC349114,black
LOC401387,black
LOC650368,black
LOX,black
LOXL2,black
LRP1,black
LRP2,black
LRP2BP,black
LRP6,black
LRPAP1,black
LRRC2,black
LRRC20,black
LRRC23,black
LRRC31,black
LRRC40,black
LRRC42,black
LRRN3,black
LSM4,black
LYPD6B,black
LYZL2,black
M6PR,black
MAD1L1,black
MAD2L1BP,black
MAGI2,black
MAML2,black
MAN2C1,black
MAP1LC3A,black
MAP3K6,black
MAP4K2,black
MAPRE2,black
MAPT,black
MAR-08,black
MCC,black
MCL1,black
MCM3AP,black
MCM4,black
MDC1,black
MDGA1,black
MDM1,black
MDM2,black
MDS2,black
ME3,black
MED13L,black
MED18,black
MED19,black
MEF2C,black
MEF2D,black
MEMO1,black
MEST,black
METT11D1,black
MFSD2B,black
MGAT4A,black
MINA,black
MIR1180,black
MIR1908,black
MIR548F5,black
MLF2,black
MLH1,black
MLLT3,black
MMAB,black
MMS19,black
MNS1,black
MOSC2,black
MOXD1,black
MPV17L2,black
MRAS,black
MRPL17,black
MRPS23,black
MRPS28,black
MRPS30,black
MSH5,black
MSI2,black
MSRA,black
MTHFD1L,black
MTMR7,black
MTPAP,black
MTPN,black
MTRF1,black
MTUS1,black
MTX2,black
MUC21,black
MYL6B,black
MYLIP,black
MYO1D,black
MYO1E,black
MYOM2,black
MYRIP,black
MYT1,black
N4BP1,black
N4BP2L2,black
NAA25,black
NACAD,black
NAPB,black
NCOR2,black
NCRNA00081,black
NCRNA00159,black
NDE1,black
NDNL2,black
NDRG4,black
NDUFA9,black
NDUFS6,black
NECAP1,black
NEDD1,black
NEK10,black
NES,black
NFE2L2,black
NFYA,black
NGFR,black
NICN1,black
NIPBL,black
NKX6-2,black
NLGN1,black
NOB1,black
NOL11,black
NOTCH4,black
NPAS3,black
NPLOC4,black
NR1D2,black
NR3C1,black
NRG3,black
NRXN1,black
NT5DC2,black
NTF3,black
NTM,black
NUDT22,black
NUDT8,black
NXN,black
NXPH3,black
ODZ2,black
OGFOD1,black
OGFOD2,black
ONECUT2,black
OR10K2,black
OR10X1,black
OR2AK2,black
OR2T1,black
OR2T6,black
OR4D6,black
OR52K2,black
ORC5L,black
OXTR,black
P2RX3,black
PACSIN1,black
PAIP2,black
PAIP2B,black
PALLD,black
PARS2,black
PATL1,black
PBK,black
PCBD2,black
PCDHB6,black
PCDHB7,black
PCDHGA4,black
PCF11,black
PCGF2,black
PCGF5,black
PDGFRA,black
PDIK1L,black
PDLIM5,black
PDZRN3,black
PEPD,black
PET112L,black
PEX12,black
PFKFB2,black
PGAM1,black
PGS1,black
PHF15,black
PHLDB2,black
PIAS4,black
PIGT,black
PIK3IP1,black
PIM1,black
PIP4K2B,black
PIP5K1C,black
PKD1L2,black
PKDCC,black
PKN2,black
PLA2G2E,black
PLA2G6,black
PLA2R1,black
PLCXD2,black
PLD6,black
PLEKHA1,black
PLEKHG1,black
PLEKHG3,black
PMP22,black
PMS1,black
PNLDC1,black
POGZ,black
POLH,black
POLR1A,black
POLR1C,black
POLS,black
POM121L2,black
PPFIBP2,black
PPIF,black
PPM1G,black
PPM1H,black
PPP1R11,black
PPP1R12C,black
PPP1R3E,black
PPP1R9B,black
PPP2CB,black
PPP2R2C,black
PPRC1,black
PRDM15,black
PRDM16,black
PRDM2,black
PRDX3,black
PRDXDD1P,black
PREPL,black
PRKACB,black
PRKAR1B,black
PRO1768,black
PRR15,black
PRR19,black
PRR3,black
PRR7,black
PRRC1,black
PSAP,black
PSMA3,black
PSMB9,black
PSMC1,black
PTDSS2,black
PTGDS,black
PTP4A1,black
PTPN13,black
PTPRG,black
PTPRN2,black
PTPRT,black
PVRL2,black
PWP1,black
PXDN,black
QRICH1,black
QSER1,black
R3HDM1,black
RAB39,black
RAB3B,black
RAB3C,black
RAB40C,black
RAB7A,black
RAD23B,black
RAD54B,black
RAGE,black
RAI1,black
RALGAPA1,black
RANBP3L,black
RARA,black
RARG,black
RARRES1,black
RASA2,black
RASA3,black
RASGEF1C,black
RAVER2,black
RBL1,black
RBM39,black
RBM8A,black
RBMXL1,black
RCOR3,black
RDBP,black
RERE,black
RFESD,black
RFK,black
RFPL3S,black
RHBDF2,black
RHEBL1,black
RHOA,black
RHOU,black
RIMBP2,black
RIMS1,black
RIMS2,black
RIN3,black
RNASE4,black
RNF11,black
RNF213,black
RNF43,black
RNU6ATAC,black
ROBO1,black
RORA,black
RP11-529I10.4,black
RPH3A,black
RPL10A,black
RPL18,black
RPL18AP3,black
RPL21,black
RPL32P3,black
RPL34,black
RPLP2,black
RPS10,black
RPS14,black
RPSA,black
RPSAP52,black
RPTOR,black
RRAGC,black
RRAS2,black
RSAD2,black
RSPRY1,black
RTN3,black
RUNX1T1,black
RUNX2,black
RYK,black
SALL4,black
SAMM50,black
SAPS3,black
SARNP,black
SATB2,black
SAV1,black
SC4MOL,black
SC5DL,black
SCAMP2,black
SCP2,black
SDCCAG1,black
SEC13,black
SEC61G,black
SECISBP2,black
SENP5,black
SEP-12,black
SERPINB7,black
SETD1B,black
SETD2,black
SETD7,black
SF3A3,black
SFPQ,black
SFRS12,black
SGCB,black
SGK196,black
SGOL1,black
SH3BP4,black
SH3PXD2A,black
SH3RF3,black
SHBG,black
SHC2,black
SHF,black
SHISA7,black
SHPRH,black
SIGMAR1,black
SLC12A5,black
SLC16A10,black
SLC19A2,black
SLC1A4,black
SLC22A4,black
SLC25A12,black
SLC25A31,black
SLC25A38,black
SLC38A1,black
SLC39A11,black
SLC39A6,black
SLC6A15,black
SLC6A19,black
SLC9A5,black
SLITRK5,black
SMAP1,black
SMARCAD1,black
SMURF1,black
SNAPC1,black
SNCA,black
SND1,black
SNHG9,black
SNORA14B,black
SNORD114-22,black
SNORD2,black
SNORD27,black
SNORD58A,black
SNPH,black
SNRPB,black
SNTG2,black
SNX26,black
SNX8,black
SOD1,black
SOS2,black
SOX12,black
SP8,black
SPAG7,black
SPC25,black
SPG7,black
SPOPL,black
SPR,black
SPRY2,black
SPRY4,black
SRP14,black
SRR,black
SRRM4,black
SSBP2,black
ST8SIA1,black
STAM,black
STIM2,black
STIP1,black
STK11IP,black
STK38,black
STMN2,black
STRA8,black
STRAP,black
STX17,black
STX5,black
SUCLG2,black
SUGT1P1,black
SUPT7L,black
SUSD3,black
SYF2,black
SYNGAP1,black
SYNJ1,black
SYTL3,black
TACR3,black
TAF15,black
TAP1,black
TAS1R1,black
TBC1D14,black
TBC1D23,black
TBCE,black
TBPL1,black
TCF12,black
TCF21,black
TCF7L2,black
TCHH,black
TCTE1,black
TCTEX1D1,black
TDRD7,black
TENC1,black
TEPP,black
TFAM,black
TGOLN2,black
THAP5,black
THRA,black
THSD4,black
TIAM2,black
TIMM10,black
TIRAP,black
TLX3,black
TM9SF2,black
TMC3,black
TMC8,black
TMCO1,black
TMCO3,black
TMED2,black
TMEM132C,black
TMEM14C,black
TMEM155,black
TMEM167A,black
TMEM178,black
TMEM214,black
TMEM225,black
TMEM229B,black
TMEM231,black
TMEM233,black
TMEM39B,black
TMEM45A,black
TMEM50A,black
TMEM53,black
TMUB2,black
TNR,black
TNRC18,black
TNS3,black
TP53BP1,black
TPH1,black
TPK1,black
TRAF6,black
TRAK2,black
TRIL,black
TRIM2,black
TRIM39,black
TRIM58,black
TRIM6,black
TRIM7,black
TRIP11,black
TRMT61B,black
TRPS1,black
TRPV3,black
TSPAN3,black
TSPAN33,black
TSPYL1,black
TSSC1,black
TTC18,black
TTC29,black
TTC8,black
TTC9,black
TUBA3C,black
TXN2,black
TXNIP,black
TXNL1,black
UBE2D1,black
UBE2E2,black
UBE2O,black
UBE2QP1,black
UBXN4,black
UBXN7,black
UCKL1AS,black
UGGT2,black
UHRF1BP1,black
UMODL1,black
UNG,black
UPP1,black
UQCRC2,black
URM1,black
UTP20,black
UTRN,black
UVRAG,black
UXS1,black
VCL,black
VDAC1,black
VDAC2,black
VGLL2,black
VIM,black
VIPR1,black
VPS45,black
VTI1A,black
VTRNA1-1,black
VWA1,black
WASF2,black
WBSCR16,black
WDR27,black
WDR46,black
WDR81,black
WISP1,black
WIT1,black
WSB2,black
WWOX,black
XKR4,black
XKR5,black
XPO7,black
YAF2,black
YARS2,black
YOD1,black
ZBBX,black
ZBTB24,black
ZBTB40,black
ZC3H10,black
ZFAT,black
ZFHX4,black
ZFYVE19,black
ZMAT2,black
ZMIZ1,black
ZMYM1,black
ZNF131,black
ZNF133,black
ZNF140,black
ZNF160,black
ZNF169,black
ZNF195,black
ZNF23,black
ZNF260,black
ZNF3,black
ZNF331,black
ZNF333,black
ZNF33B,black
ZNF343,black
ZNF367,black
ZNF391,black
ZNF425,black
ZNF438,black
ZNF460,black
ZNF487,black
ZNF502,black
ZNF544,black
ZNF556,black
ZNF562,black
ZNF613,black
ZNF625,black
ZNF639,black
ZNF646,black
ZNF652,black
ZNF670,black
ZNF695,black
ZNF718,black
ZNF764,black
ZNF781,black
ZNF79,black
ZNF804A,black
ZNF92,black
ZNRD1,black
ZNRF4,black
ZSCAN20,black
ZSCAN5B,black
ZW10,black
ZXDC,black
A4GALT,blue
AARS,blue
AASS,blue
ABCA10,blue
ABCB9,blue
ABCC5,blue
ABCG1,blue
ABHD2,blue
ABI1,blue
ABLIM1,blue
ABLIM3,blue
ACAA1,blue
ACAD9,blue
ACAN,blue
ACAT2,blue
ACBD3,blue
ACBD5,blue
ACBD6,blue
ACLY,blue
ACOX3,blue
ACSL3,blue
ACSS3,blue
ACTB,blue
ACTG1,blue
ACTR10,blue
ADAM10,blue
ADAM23,blue
ADAMTS16,blue
ADAMTS9,blue
ADAR,blue
ADAT1,blue
ADAT2,blue
ADCY10,blue
ADCY8,blue
ADCYAP1R1,blue
ADI1,blue
ADPRHL2,blue
ADRBK1,blue
AGPAT5,blue
AGPAT6,blue
AGPAT9,blue
AHCY,blue
AIM1,blue
AIMP1,blue
AKR1A1,blue
AKT1S1,blue
ALCAM,blue
ALDH18A1,blue
ALDH1L1,blue
ALDH4A1,blue
ALG1,blue
ALG14,blue
ALG3,blue
ALG6,blue
ALG9,blue
ALK,blue
ALKBH3,blue
ALOXE3,blue
ALX1,blue
AMICA1,blue
AMZ2,blue
ANGEL2,blue
ANGPTL4,blue
ANK1,blue
ANKH,blue
ANKHD1,blue
ANKRD11,blue
ANKRD16,blue
ANKRD17,blue
ANKRD26,blue
ANKRD26P1,blue
ANKRD27,blue
ANKRD31,blue
ANKRD34A,blue
ANKRD34C,blue
ANKRD35,blue
ANKRD37,blue
ANKRD40,blue
ANKRD55,blue
ANKRD6,blue
ANLN,blue
ANO10,blue
ANO6,blue
ANP32E,blue
ANPEP,blue
ANTXR1,blue
ANXA3,blue
ANXA5,blue
ANXA7,blue
AP1AR,blue
AP1G1,blue
AP1M1,blue
AP2S1,blue
AP3B2,blue
AP3D1,blue
AP3S2,blue
APC,blue
APC2,blue
APEX1,blue
APH1B,blue
APOA1BP,blue
ARC,blue
ARF3,blue
ARF4,blue
ARF5,blue
ARGLU1,blue
ARHGAP19,blue
ARHGAP24,blue
ARHGDIG,blue
ARHGEF1,blue
ARHGEF17,blue
ARHGEF2,blue
ARID1A,blue
ARID5B,blue
ARIH1,blue
ARL4D,blue
ARL5A,blue
ARL6,blue
ARL6IP1,blue
ARL6IP5,blue
ARMC1,blue
ARMC9,blue
ARPC1B,blue
ARPC2,blue
ARPP-21,blue
ARRB2,blue
ARVCF,blue
ASAH1,blue
ASB1,blue
ASB4,blue
ASB8,blue
ASCC2,blue
ASCC3,blue
ASCL1,blue
ASCL2,blue
ASH2L,blue
ASPM,blue
ASPSCR1,blue
ASXL1,blue
ATAD3B,blue
ATAD5,blue
ATCAY,blue
ATF3,blue
ATF6B,blue
ATG5,blue
ATM,blue
ATOH8,blue
ATP5G1,blue
ATP6V0E2,blue
ATP6V1A,blue
ATP6V1B2,blue
ATP6V1C2,blue
ATP6V1F,blue
ATP6V1G1,blue
ATP6V1H,blue
ATP8A1,blue
ATPAF1,blue
ATPAF2,blue
ATR,blue
ATRN,blue
ATXN1L,blue
ATXN7,blue
AVL9,blue
AVPI1,blue
AVPR1A,blue
B3GALNT2,blue
B3GALT4,blue
B3GNT4,blue
B4GALNT1,blue
B4GALNT4,blue
B4GALT5,blue
BAG3,blue
BAI3,blue
BASP1,blue
BAT3,blue
BAT4,blue
BAT5,blue
BAX,blue
BAZ1A,blue
BAZ1B,blue
BBS5,blue
BCAP29,blue
BCAS2,blue
BCAS3,blue
BCL10,blue
BCL11A,blue
BCL2L13,blue
BCL2L2,blue
BCL6,blue
BCL7A,blue
BCL7B,blue
BCLAF1,blue
BDKRB2,blue
BDNF,blue
BDP1,blue
BEND6,blue
BEND7,blue
BHLHE22,blue
BHLHE40,blue
BHLHE41,blue
BIRC6,blue
BLCAP,blue
BLOC1S3,blue
BMI1,blue
BMP4,blue
BMP6,blue
BOD1,blue
BOK,blue
BOLA1,blue
BOLA3,blue
BRD2,blue
BRD8,blue
BRI3BP,blue
BRP44,blue
BRUNOL4,blue
BTBD1,blue
BTBD3,blue
BTBD8,blue
BTG2,blue
BUB1,blue
BUD31,blue
BVES,blue
C10ORF107,blue
C10ORF18,blue
C10ORF25,blue
C10ORF28,blue
C10ORF46,blue
C10ORF58,blue
C10ORF75,blue
C10ORF79,blue
C11ORF30,blue
C11ORF49,blue
C11ORF51,blue
C11ORF57,blue
C11ORF60,blue
C11ORF67,blue
C11ORF84,blue
C11ORF9,blue
C12ORF10,blue
C12ORF23,blue
C12ORF29,blue
C12ORF4,blue
C12ORF41,blue
C12ORF47,blue
C12ORF62,blue
C12ORF65,blue
C12ORF66,blue
C12ORF72,blue
C13ORF27,blue
C13ORF31,blue
C13ORF36,blue
C14ORF101,blue
C14ORF102,blue
C14ORF119,blue
C14ORF143,blue
C14ORF147,blue
C14ORF149,blue
C14ORF2,blue
C14ORF43,blue
C14ORF49,blue
C14ORF50,blue
C15ORF21,blue
C15ORF33,blue
C15ORF34,blue
C16ORF52,blue
C16ORF68,blue
C16ORF75,blue
C17ORF91,blue
C18ORF10,blue
C18ORF22,blue
C19ORF20,blue
C19ORF40,blue
C19ORF48,blue
C19ORF60,blue
C1ORF103,blue
C1ORF105,blue
C1ORF109,blue
C1ORF151,blue
C1ORF198,blue
C1ORF213,blue
C1ORF220,blue
C1ORF227,blue
C1ORF229,blue
C1ORF25,blue
C1ORF63,blue
C1ORF69,blue
C1ORF83,blue
C1ORF95,blue
C1ORF96,blue
C1ORF97,blue
C1QTNF2,blue
C1QTNF4,blue
C1RL,blue
C20ORF26,blue
C20ORF3,blue
C20ORF56,blue
C22ORF24,blue
C22ORF30,blue
C22ORF36,blue
C22ORF39,blue
C22ORF40,blue
C2ORF18,blue
C2ORF43,blue
C2ORF77,blue
C3ORF1,blue
C3ORF21,blue
C3ORF25,blue
C3ORF33,blue
C3ORF57,blue
C3ORF59,blue
C3ORF67,blue
C4ORF33,blue
C4ORF34,blue
C4ORF42,blue
C5ORF24,blue
C5ORF34,blue
C5ORF38,blue
C5ORF44,blue
C6ORF103,blue
C6ORF115,blue
C6ORF122,blue
C6ORF162,blue
C6ORF165,blue
C6ORF168,blue
C6ORF174,blue
C6ORF211,blue
C6ORF48,blue
C6ORF57,blue
C7ORF30,blue
C7ORF36,blue
C7ORF46,blue
C7ORF47,blue
C7ORF55,blue
C8ORF12,blue
C8ORF56,blue
C8ORF58,blue
C8ORF73,blue
C8ORF76,blue
C9ORF109,blue
C9ORF150,blue
C9ORF16,blue
C9ORF7,blue
C9ORF80,blue
CA8,blue
CAB39,blue
CABIN1,blue
CABYR,blue
CACNA1D,blue
CACNA1G,blue
CACNA1H,blue
CACNA2D3,blue
CACNG4,blue
CADM1,blue
CADM2,blue
CADM4,blue
CADPS2,blue
CALCOCO1,blue
CALD1,blue
CALM2,blue
CAMK1D,blue
CAMK2D,blue
CAMKK2,blue
CAMLG,blue
CAMSAP1L1,blue
CAMTA1,blue
CAMTA2,blue
CAP1,blue
CAPN1,blue
CAPNS1,blue
CAPS2,blue
CARKD,blue
CASC3,blue
CASZ1,blue
CAV1,blue
CBLN2,blue
CBR4,blue
CBX1,blue
CBX8,blue
CCAR1,blue
CCDC104,blue
CCDC109B,blue
CCDC124,blue
CCDC134,blue
CCDC148,blue
CCDC150,blue
CCDC24,blue
CCDC28B,blue
CCDC42B,blue
CCDC46,blue
CCDC53,blue
CCDC57,blue
CCDC6,blue
CCDC64,blue
CCDC65,blue
CCDC75,blue
CCDC94,blue
CCDC97,blue
CCHCR1,blue
CCM2,blue
CCND1,blue
CCND2,blue
CCNDBP1,blue
CCNG2,blue
CCNJ,blue
CCNL1,blue
CCNT2,blue
CCNYL1,blue
CCPG1,blue
CCT3,blue
CCT6P1,blue
CD164,blue
CD2,blue
CD200,blue
CD59,blue
CDADC1,blue
CDC23,blue
CDC42,blue
CDC6,blue
CDC73,blue
CDCA8,blue
CDH15,blue
CDH23,blue
CDH6,blue
CDH7,blue
CDH8,blue
CDK13,blue
CDK19,blue
CDK5,blue
CDK6,blue
CDKAL1,blue
CDS1,blue
CDV3,blue
CDX1,blue
CDX2,blue
CEBPZ,blue
CELSR2,blue
CENPA,blue
CENPBD1,blue
CENPH,blue
CENPK,blue
CENPL,blue
CENPO,blue
CEP250,blue
CEP350,blue
CEP57,blue
CEP72,blue
CEP97,blue
CEPT1,blue
CERK,blue
CFDP1,blue
CFLAR,blue
CGB7,blue
CGRRF1,blue
CHAF1A,blue
CHAT,blue
CHCHD3,blue
CHD1,blue
CHD6,blue
CHEK1,blue
CHFR,blue
CHKA,blue
CHMP4B,blue
CHMP6,blue
CHORDC1,blue
CHRM2,blue
CHRM3,blue
CHRNA1,blue
CHRNA4,blue
CHRNA5,blue
CHRNA7,blue
CHST1,blue
CHST11,blue
CHURC1,blue
CIC,blue
CIDEA,blue
CIR1,blue
CLASP1,blue
CLDN1,blue
CLDN12,blue
CLEC16A,blue
CLEC4GP1,blue
CLIC4,blue
CLK1,blue
CLOCK,blue
CLPP,blue
CLVS1,blue
CMTM4,blue
CMTM6,blue
CNBD1,blue
CNIH,blue
CNIH4,blue
CNOT2,blue
CNOT8,blue
CNR1,blue
CNST,blue
CNTNAP2,blue
COG1,blue
COG6,blue
COG7,blue
COG8,blue
COL11A1,blue
COL14A1,blue
COL1A1,blue
COL25A1,blue
COL2A1,blue
COL4A1,blue
COL6A2,blue
COL6A6,blue
COL8A1,blue
COL9A3,blue
COLEC12,blue
COMMD6,blue
COPA,blue
COPB1,blue
COPS3,blue
COPS6,blue
COPZ1,blue
COQ2,blue
COQ7,blue
CORO1B,blue
CORO1C,blue
CORO2B,blue
COX11,blue
COX15,blue
COX17,blue
COX7A2,blue
COX7C,blue
COX8A,blue
CP110,blue
CPD,blue
CPNE1,blue
CPSF6,blue
CPT1C,blue
CR2,blue
CRAMP1L,blue
CRBN,blue
CREB3L1,blue
CREB3L2,blue
CREB5,blue
CROCC,blue
CRTAP,blue
CRTC2,blue
CRYZ,blue
CSDA,blue
CSDAP1,blue
CSGALNACT2,blue
CSMD1,blue
CSMD2,blue
CSMD3,blue
CSNK1A1,blue
CSNK1E,blue
CSNK1G3,blue
CSNK2A1,blue
CSTF3,blue
CTDP1,blue
CTDSP1,blue
CTDSP2,blue
CTDSPL2,blue
CTGF,blue
CTNNA3,blue
CUL3,blue
CUL4A,blue
CUTA,blue
CUTC,blue
CUX1,blue
CWC15,blue
CWF19L1,blue
CWF19L2,blue
CXCR4,blue
CYB5B,blue
CYB5D1,blue
CYB5RL,blue
CYFIP2,blue
CYP1A1,blue
CYP26A1,blue
CYP2E1,blue
CYP4V2,blue
D4S234E,blue
DAAM1,blue
DAB1,blue
DAB2IP,blue
DAK,blue
DAPK2,blue
DAXX,blue
DAZAP2,blue
DBX2,blue
DCAF13,blue
DCAF7,blue
DCAF8,blue
DCAKD,blue
DCHS2,blue
DCK,blue
DCLRE1A,blue
DCP1A,blue
DCTD,blue
DCUN1D5,blue
DDAH1,blue
DDAH2,blue
DDB1,blue
DDC,blue
DDHD1,blue
DDHD2,blue
DDX10,blue
DDX21,blue
DDX24,blue
DDX27,blue
DDX39,blue
DDX51,blue
DDX59,blue
DDX6,blue
DEDD2,blue
DENND1B,blue
DENND2C,blue
DEPDC1,blue
DEPDC1B,blue
DET1,blue
DFFB,blue
DGCR5,blue
DHCR7,blue
DHDDS,blue
DHTKD1,blue
DHX15,blue
DHX16,blue
DHX30,blue
DHX37,blue
DHX40,blue
DIABLO,blue
DIAPH3,blue
DIRC2,blue
DIS3,blue
DKFZP779M0652,blue
DKK3,blue
DLEU2,blue
DLG2,blue
DLG4,blue
DLGAP1,blue
DLL3,blue
DLST,blue
DLX1,blue
DLX3,blue
DMKN,blue
DMRT1,blue
DNAH7,blue
DNAH9,blue
DNAJA1,blue
DNAJB11,blue
DNAJC14,blue
DNAJC16,blue
DNAJC21,blue
DNAJC27,blue
DNM1L,blue
DNMT3A,blue
DNTTIP2,blue
DOCK1,blue
DOCK7,blue
DPF3,blue
DPP6,blue
DPY19L3,blue
DPY30,blue
DPYSL4,blue
DPYSL5,blue
DRAM2,blue
DSCAM,blue
DSCAML1,blue
DSCR3,blue
DSCR9,blue
DSP,blue
DUS3L,blue
DUSP16,blue
DUSP22,blue
DUSP26,blue
DUSP27,blue
DUSP4,blue
DVWA,blue
DYNC1I1,blue
DYNC1I2,blue
DYNC1LI1,blue
DYNLL1,blue
DYNLT1,blue
DYRK4,blue
DYSFIP1,blue
DZIP3,blue
EBAG9,blue
ECHDC1,blue
EDEM3,blue
EDN1,blue
EEF1DP3,blue
EEF2,blue
EEFSEC,blue
EEPD1,blue
EFCAB6,blue
EFHD1,blue
EFNA1,blue
EFNB3,blue
EGLN2,blue
EGLN3,blue
EGR1,blue
EIF1AD,blue
EIF2AK1,blue
EIF2AK4,blue
EIF2B2,blue
EIF2B5,blue
EIF2C1,blue
EIF2S1,blue
EIF2S2,blue
EIF3E,blue
EIF5A2,blue
ELAC2,blue
ELMOD1,blue
ELOVL3,blue
ELOVL5,blue
ELP3,blue
EME1,blue
EMID2,blue
EML5,blue
ENAH,blue
ENO1,blue
ENPP4,blue
EPB41,blue
EPB41L4A,blue
EPHA4,blue
EPHA7,blue
EPHA8,blue
EPM2A,blue
EPS15,blue
EPS8,blue
ERCC4,blue
ERCC6,blue
ERGIC2,blue
ERI2,blue
ERI3,blue
ERLEC1,blue
ESD,blue
ETFA,blue
ETFB,blue
ETS1,blue
ETV1,blue
ETV5,blue
ETV6,blue
EVC,blue
EXOC1,blue
EXOC6,blue
EXOSC9,blue
F11R,blue
FADS1,blue
FADS3,blue
FAM110A,blue
FAM115A,blue
FAM117A,blue
FAM123A,blue
FAM125B,blue
FAM129A,blue
FAM131A,blue
FAM133B,blue
FAM134C,blue
FAM13B,blue
FAM150A,blue
FAM150B,blue
FAM155A,blue
FAM160B1,blue
FAM161A,blue
FAM171A2,blue
FAM172A,blue
FAM173B,blue
FAM190B,blue
FAM192A,blue
FAM196A,blue
FAM19A2,blue
FAM19A4,blue
FAM54B,blue
FAM59A,blue
FAM60A,blue
FAM63B,blue
FAM73A,blue
FAM76A,blue
FAM81A,blue
FAM83B,blue
FAM83D,blue
FAM96A,blue
FAM96B,blue
FANCD2,blue
FAR1,blue
FARP2,blue
FASTKD1,blue
FAT4,blue
FBL,blue
FBLN7,blue
FBXL12,blue
FBXL19,blue
FBXL20,blue
FBXL3,blue
FBXL7,blue
FBXO16,blue
FBXO32,blue
FBXO33,blue
FBXO34,blue
FBXO4,blue
FBXO42,blue
FBXO44,blue
FBXO47,blue
FBXO5,blue
FBXO7,blue
FBXO8,blue
FCHSD2,blue
FCRLB,blue
FDFT1,blue
FDPS,blue
FDXR,blue
FERMT2,blue
FEZF1,blue
FGF12,blue
FGF14,blue
FGFR1OP,blue
FH,blue
FHL3,blue
FIBP,blue
FIGN,blue
FIGNL2,blue
FIZ1,blue
FJX1,blue
FKBP14,blue
FKBP3,blue
FLJ10357,blue
FLJ35024,blue
FLJ36031,blue
FLJ37453,blue
FLJ41350,blue
FLJ41603,blue
FLJ42709,blue
FLJ45983,blue
FLOT1,blue
FLRT1,blue
FLRT2,blue
FLRT3,blue
FLT1,blue
FLT3,blue
FN3KRP,blue
FNDC3B,blue
FOSB,blue
FOSL2,blue
FOXA2,blue
FOXD2,blue
FOXG1,blue
FOXI2,blue
FOXI3,blue
FOXK2,blue
FOXO1,blue
FRAS1,blue
FRMD4B,blue
FRMD8,blue
FRS3,blue
FRY,blue
FRYL,blue
FST,blue
FSTL5,blue
FTO,blue
FTSJD2,blue
FUK,blue
FURIN,blue
FUT11,blue
FUT2,blue
FUZ,blue
FZD1,blue
FZR1,blue
G3BP2,blue
GAB1,blue
GAB4,blue
GABPB2,blue
GABRA4,blue
GABRG1,blue
GABRG2,blue
GABRR1,blue
GADD45G,blue
GALK1,blue
GALM,blue
GALNTL4,blue
GANAB,blue
GANC,blue
GAR1,blue
GAS2L2,blue
GATAD1,blue
GATAD2B,blue
GBAP1,blue
GBF1,blue
GBP1,blue
GDAP1,blue
GDE1,blue
GDF6,blue
GDPD1,blue
GEN1,blue
GFI1,blue
GFOD2,blue
GGA2,blue
GGCT,blue
GHR,blue
GIN1,blue
GINS2,blue
GJA3,blue
GJA5,blue
GLB1,blue
GLCCI1,blue
GLI2,blue
GLI3,blue
GLIS3,blue
GLOD4,blue
GLRA1,blue
GLRA3,blue
GLT1D1,blue
GLT25D1,blue
GMDS,blue
GNA13,blue
GNAI2,blue
GNB2L1,blue
GNG8,blue
GNL2,blue
GNPAT,blue
GNRHR2,blue
GNS,blue
GOLT1A,blue
GPATCH1,blue
GPATCH4,blue
GPATCH8,blue
GPBP1,blue
GPC1,blue
GPC5,blue
GPC6,blue
GPHN,blue
GPN2,blue
GPN3,blue
GPR12,blue
GPR133,blue
GPR137,blue
GPR15,blue
GPR177,blue
GPR180,blue
GPR19,blue
GPSM2,blue
GPT2,blue
GPX4,blue
GRB2,blue
GREB1L,blue
GRIA2,blue
GRID2,blue
GRIK4,blue
GRIN1,blue
GRIN2A,blue
GRIN2B,blue
GRIN3A,blue
GRK4,blue
GRM7,blue
GRSF1,blue
GSC,blue
GSPT1,blue
GSTO2,blue
GSX1,blue
GTF2A2,blue
GTF2E2,blue
GTF2F1,blue
GTF3A,blue
GTF3C1,blue
GTPBP1,blue
GTPBP2,blue
GTPBP3,blue
GTPBP5,blue
H2AFV,blue
HAND2,blue
HAO1,blue
HARS,blue
HAS2,blue
HAS2AS,blue
HAT1,blue
HAX1,blue
HBM,blue
HBP1,blue
HCCA2,blue
HDAC1,blue
HDAC3,blue
HDAC5,blue
HDGF,blue
HDGF2,blue
HDLBP,blue
HEATR1,blue
HEATR3,blue
HECW1,blue
HELB,blue
HELLS,blue
HEMK1,blue
HERC1,blue
HERC3,blue
HEXB,blue
HGF,blue
HIAT1,blue
HIC1,blue
HIF1AN,blue
HIGD2B,blue
HIPK3,blue
HIRA,blue
HIST1H2AB,blue
HIST1H2AC,blue
HIST1H2AK,blue
HIST1H2AL,blue
HIST1H2AM,blue
HIST1H2BG,blue
HIST1H2BI,blue
HIST1H2BK,blue
HIST1H2BN,blue
HIST1H3I,blue
HIST1H4C,blue
HIST1H4L,blue
HIST2H2AB,blue
HIST2H2BE,blue
HIST3H2A,blue
HIST3H2BB,blue
HIST4H4,blue
HIVEP3,blue
HLA-B,blue
HLA-DMA,blue
HLA-DMB,blue
HLA-E,blue
HLA-J,blue
HLF,blue
HLX,blue
HMBOX1,blue
HMGA2,blue
HMGB2,blue
HMGCL,blue
HMGN3,blue
HMGN4,blue
HMX2,blue
HN1L,blue
HNRNPA0,blue
HNRNPA1,blue
HNRNPA3P1,blue
HNRNPAB,blue
HNRNPC,blue
HNRPA1L-2,blue
HOMER2,blue
HOMEZ,blue
HOOK2,blue
HOXA1,blue
HOXA3,blue
HOXA6,blue
HOXA9,blue
HOXB13,blue
HOXB4,blue
HOXC12,blue
HOXC4,blue
HOXD9,blue
HPSE,blue
HR,blue
HRAS,blue
HS3ST1,blue
HSBP1,blue
HSBP1L1,blue
HSD17B7,blue
HSF2BP,blue
HSPA14,blue
HSPA1A,blue
HSPA2,blue
HSPA4L,blue
HSPA9,blue
HSPBP1,blue
HSPC072,blue
HSPG2,blue
HTR1A,blue
HTR5A,blue
HTRA2,blue
HYOU1,blue
IARS,blue
ICK,blue
ID1,blue
IDH1,blue
IDH3A,blue
IER2,blue
IFIT3,blue
IFRD1,blue
IFT140,blue
IFT80,blue
IFT88,blue
IGF2BP1,blue
IGF2R,blue
IGSF21,blue
IGSF9B,blue
IKBKB,blue
IL12A,blue
IL19,blue
IL1RAP,blue
ILF2,blue
IMMP1L,blue
IMMT,blue
IMP3,blue
IMP4,blue
IMPA2,blue
IMPAD1,blue
INCENP,blue
ING1,blue
ING5,blue
INHBB,blue
INO80B,blue
INO80D,blue
INPP4B,blue
INPP5E,blue
INS-IGF2,blue
IPMK,blue
IPO4,blue
IQCC,blue
IQCH,blue
IQGAP1,blue
IRF2BP2,blue
IRX1,blue
IRX5,blue
ISL1,blue
ISL2,blue
ISY1,blue
ITGA1,blue
ITGAE,blue
ITGB7,blue
ITPK1,blue
ITPR2,blue
ITSN1,blue
ITSN2,blue
JARID2,blue
JAZF1,blue
JMY,blue
JUNB,blue
JUP,blue
KBTBD11,blue
KBTBD3,blue
KCNA1,blue
KCNA6,blue
KCNAB1,blue
KCNH1,blue
KCNIP1,blue
KCNIP4,blue
KCNJ10,blue
KCNJ11,blue
KCNJ12,blue
KCNJ3,blue
KCNJ6,blue
KCNJ8,blue
KCNK3,blue
KCNN2,blue
KCNQ1,blue
KCNQ5,blue
KCTD8,blue
KCTD9,blue
KDELC1,blue
KDELR2,blue
KDM2A,blue
KDM2B,blue
KHDC1,blue
KHDRBS1,blue
KIAA0101,blue
KIAA0196,blue
KIAA0317,blue
KIAA0368,blue
KIAA0564,blue
KIAA0652,blue
KIAA0922,blue
KIAA1033,blue
KIAA1211,blue
KIAA1217,blue
KIAA1274,blue
KIAA1324L,blue
KIAA1712,blue
KIAA1731,blue
KIAA1949,blue
KIAA1967,blue
KIF13A,blue
KIF13B,blue
KIF18B,blue
KIF19,blue
KIF21B,blue
KIF26B,blue
KIF2A,blue
KIF2C,blue
KIF4B,blue
KIFAP3,blue
KIFC1,blue
KIFC2,blue
KIRREL3,blue
KLC4,blue
KLF10,blue
KLF11,blue
KLF12,blue
KLHDC2,blue
KLHDC9,blue
KLHL11,blue
KLHL14,blue
KLHL20,blue
KLHL28,blue
KLHL29,blue
KLHL7,blue
KLRG1,blue
KRT10,blue
KRTAP5-11,blue
KY,blue
L3MBTL3,blue
LACTB,blue
LAMA3,blue
LAMA4,blue
LANCL1,blue
LANCL2,blue
LAPTM4A,blue
LARP4,blue
LASP1,blue
LCMT2,blue
LDB2,blue
LDB3,blue
LECT1,blue
LEMD2,blue
LEPRE1,blue
LEPROTL1,blue
LETMD1,blue
LHFP,blue
LHX4,blue
LIMS2,blue
LINGO3,blue
LLGL2,blue
LMAN2,blue
LMLN,blue
LMX1A,blue
LMX1B,blue
LNPEP,blue
LOC100128164,blue
LOC100128239,blue
LOC100128731,blue
LOC100133612,blue
LOC100190940,blue
LOC100192378,blue
LOC100270746,blue
LOC100271715,blue
LOC144438,blue
LOC145663,blue
LOC157381,blue
LOC282997,blue
LOC283856,blue
LOC284688,blue
LOC285205,blue
LOC285419,blue
LOC285456,blue
LOC285696,blue
LOC286016,blue
LOC387763,blue
LOC390595,blue
LOC399959,blue
LOC400657,blue
LOC400752,blue
LOC401052,blue
LOC401093,blue
LOC404266,blue
LOC440944,blue
LOC441177,blue
LOC642597,blue
LOC645323,blue
LOC652276,blue
LOC729082,blue
LOC729467,blue
LOC729678,blue
LOC729991-MEF2B,blue
LPAR2,blue
LPIN2,blue
LPP,blue
LRGUK,blue
LRP4,blue
LRPPRC,blue
LRRC1,blue
LRRC20,blue
LRRC23,blue
LRRC3B,blue
LRRC45,blue
LRRC4C,blue
LRRC67,blue
LRRCC1,blue
LRSAM1,blue
LRWD1,blue
LSM1,blue
LSM12,blue
LSM2,blue
LTA4H,blue
LTBP4,blue
LTV1,blue
LUC7L,blue
LUC7L2,blue
LUZP1,blue
LYNX1,blue
LYPLA2,blue
LYPLAL1,blue
LYSMD2,blue
LYSMD4,blue
MACF1,blue
MAD2L1,blue
MAD2L2,blue
MAFB,blue
MAGEL2,blue
MAGI2,blue
MAK16,blue
MAL2,blue
MALAT1,blue
MALL,blue
MALT1,blue
MAML2,blue
MAN2B2,blue
MAP2,blue
MAP3K4,blue
MAP3K5,blue
MAP3K7IP2,blue
MAP3K8,blue
MAP4K5,blue
MAPK11,blue
MAPK14,blue
MAPT,blue
MARCKSL1,blue
MARK1,blue
MAST4,blue
MAT2B,blue
MATN1,blue
MAZ,blue
MBNL2,blue
MBOAT7,blue
MC1R,blue
MCAT,blue
MCC,blue
MCCC1,blue
MCCC2,blue
MCM7,blue
MCPH1,blue
MDC1,blue
MDFI,blue
MDGA1,blue
ME1,blue
MECOM,blue
MED11,blue
MED12L,blue
MED13,blue
MED15,blue
MED17,blue
MED25,blue
MED28,blue
MED29,blue
MED30,blue
MEI1,blue
MEIS2,blue
MEOX2,blue
MEPCE,blue
MET,blue
METTL14,blue
MEX3C,blue
MFGE8,blue
MFSD2A,blue
MFSD4,blue
MFSD7,blue
MFSD9,blue
MGAT4A,blue
MGC23284,blue
MGEA5,blue
MIDN,blue
MIF,blue
MIOS,blue
MIR429,blue
MIR548H3,blue
MIR548H4,blue
MIR663,blue
MITF,blue
MKI67IP,blue
MKLN1,blue
MKRN1,blue
MKRN2,blue
MLF1IP,blue
MLH1,blue
MLST8,blue
MLXIPL,blue
MMP17,blue
MMP25,blue
MOBKL1A,blue
MOCS2,blue
MON1A,blue
MON1B,blue
MORF4L1,blue
MOSC2,blue
MOSPD3,blue
MOV10L1,blue
MPDU1,blue
MPHOSPH6,blue
MPHOSPH8,blue
MPHOSPH9,blue
MPP5,blue
MPZL1,blue
MRAS,blue
MRFAP1L1,blue
MRGPRF,blue
MRPL12,blue
MRPL15,blue
MRPL18,blue
MRPL19,blue
MRPL27,blue
MRPL28,blue
MRPL46,blue
MRPS16,blue
MRPS18A,blue
MRPS18B,blue
MRPS21,blue
MRPS24,blue
MRPS26,blue
MRPS28,blue
MRPS30,blue
MRPS31,blue
MRPS35,blue
MRPS36,blue
MRPS5,blue
MSH5,blue
MSH6,blue
MSL2,blue
MSRA,blue
MSRB3,blue
MSX1,blue
MTFR1,blue
MTHFS,blue
MTMR12,blue
MTMR14,blue
MTMR9,blue
MTR,blue
MTRF1,blue
MTSS1L,blue
MTUS1,blue
MTX1,blue
MUL1,blue
MYBBP1A,blue
MYCBP,blue
MYCBP2,blue
MYH10,blue
MYL12B,blue
MYO5C,blue
MYRIP,blue
MYT1L,blue
MZF1,blue
N4BP1,blue
N4BP2L1,blue
N4BP2L2,blue
NAA15,blue
NAA16,blue
NAGK,blue
NAGLU,blue
NAP1L4,blue
NAPB,blue
NAPEPLD,blue
NAT6,blue
NAV2,blue
NBLA00301,blue
NBR1,blue
NCAM1,blue
NCAN,blue
NCAPD2,blue
NCAPD3,blue
NCDN,blue
NCKAP5,blue
NCLN,blue
NCOA2,blue
NCOA6,blue
NCOR2,blue
NCRNA00095,blue
NCRNA00171,blue
NCRNA00188,blue
NDE1,blue
NDRG1,blue
NDUFA4,blue
NDUFA4L2,blue
NDUFAF2,blue
NDUFAF4,blue
NDUFB6,blue
NDUFB7,blue
NDUFB8,blue
NDUFS6,blue
NDUFS7,blue
NECAP1,blue
NEFM,blue
NEGR1,blue
NEIL3,blue
NEK1,blue
NEK4,blue
NELL1,blue
NELL2,blue
NES,blue
NETO2,blue
NEU1,blue
NEURL3,blue
NEUROD2,blue
NF1,blue
NFAT5,blue
NFIA,blue
NFKBIA,blue
NFKBIL1,blue
NFU1,blue
NGDN,blue
NHEG1,blue
NICN1,blue
NINJ2,blue
NIP7,blue
NIPAL3,blue
NIT2,blue
NKIRAS1,blue
NKTR,blue
NKX2-2,blue
NKX3-2,blue
NKX6-1,blue
NLRP14,blue
NMB,blue
NMD3,blue
NMI,blue
NMNAT1,blue
NMT2,blue
NNT,blue
NOC2L,blue
NOC3L,blue
NOL7,blue
NOM1,blue
NOP2,blue
NOS1,blue
NOTCH3,blue
NOTCH4,blue
NPAS1,blue
NPHP4,blue
NPM1,blue
NPM3,blue
NR1D2,blue
NR2C1,blue
NR2F1,blue
NR2F2,blue
NR3C2,blue
NRBF2,blue
NRG3,blue
NRIP3,blue
NRP1,blue
NRXN1,blue
NRXN3,blue
NSA2,blue
NSF,blue
NSFL1C,blue
NT5DC2,blue
NTM,blue
NTRK2,blue
NUCB1,blue
NUCKS1,blue
NUDC,blue
NUDT15,blue
NUDT22,blue
NUDT6,blue
NUF2,blue
NUFIP2,blue
NUMBL,blue
NUP107,blue
NUP155,blue
NUP188,blue
NUP98,blue
NUPL1,blue
NUS1,blue
NXN,blue
OAS3,blue
OAT,blue
OBFC1,blue
OBSCN,blue
ODF2L,blue
OGFOD1,blue
OLFML2B,blue
ONECUT2,blue
OPA1,blue
OPCML,blue
OPN3,blue
OPTN,blue
OR2W1,blue
ORAOV1,blue
ORC2L,blue
ORC3L,blue
ORC6L,blue
OTUD3,blue
OTUD4,blue
OTUD6B,blue
OTUD7B,blue
OTX1,blue
OTX2,blue
OXGR1,blue
OXSM,blue
P2RX2,blue
P4HB,blue
PACRGL,blue
PAIP2,blue
PAIP2B,blue
PALM,blue
PAN3,blue
PAPOLG,blue
PAPSS2,blue
PAQR9,blue
PARD3,blue
PARP16,blue
PARP4,blue
PARP9,blue
PASK,blue
PATZ1,blue
PAX1,blue
PBLD,blue
PBX1,blue
PBX2,blue
PCBP1,blue
PCDH1,blue
PCDH15,blue
PCDH9,blue
PCDHB4,blue
PCDHB7,blue
PCDHGA1,blue
PCDHGA4,blue
PCF11,blue
PCMTD1,blue
PCNA,blue
PCNXL3,blue
PCSK5,blue
PDCD10,blue
PDCD11,blue
PDCD6,blue
PDE11A,blue
PDE4A,blue
PDE4D,blue
PDE4DIP,blue
PDE6D,blue
PDE7B,blue
PDGFRA,blue
PDHX,blue
PDLIM5,blue
PDS5B,blue
PDX1,blue
PDXP,blue
PEBP1,blue
PECI,blue
PELI3,blue
PERP,blue
PET117,blue
PEX13,blue
PEX19,blue
PFDN2,blue
PFDN5,blue
PFN1,blue
PFN4,blue
PGAM5,blue
PGLS,blue
PGM3,blue
PGR,blue
PHF1,blue
PHF17,blue
PHF20,blue
PHF7,blue
PHLDA1,blue
PHLDA2,blue
PHTF1,blue
PI4K2A,blue
PIAS3,blue
PIGH,blue
PIGL,blue
PIGM,blue
PIGP,blue
PIGT,blue
PIGY,blue
PIGZ,blue
PIH1D2,blue
PIK3AP1,blue
PIK3R3,blue
PITX1,blue
PITX2,blue
PIWIL3,blue
PJA2,blue
PKM2,blue
PKN2,blue
PLA2G1B,blue
PLCL2,blue
PLCZ1,blue
PLD3,blue
PLEC1,blue
PLEKHA6,blue
PLEKHB2,blue
PLEKHG3,blue
PLEKHG5,blue
PLEKHM3,blue
PLK2,blue
PLOD2,blue
PLSCR1,blue
PLXDC2,blue
PMAIP1,blue
PMF1,blue
PMM1,blue
PNKD,blue
PNMA2,blue
PNN,blue
PNPT1,blue
PODXL2,blue
POLD1,blue
POLD3,blue
POLE4,blue
POLG,blue
POLI,blue
POLM,blue
POLR2E,blue
POLR3B,blue
POP1,blue
POT1,blue
POTEE,blue
POU2F1,blue
POU3F3,blue
PPAP2B,blue
PPHLN1,blue
PPID,blue
PPIG,blue
PPIL4,blue
PPIL5,blue
PPM1G,blue
PPM1H,blue
PPM1L,blue
PPME1,blue
PPP1R10,blue
PPP1R12B,blue
PPP1R14C,blue
PPP1R8,blue
PPP1R9B,blue
PPP2R5D,blue
PPP3CA,blue
PPPDE1,blue
PPT2,blue
PQLC1,blue
PRCC,blue
PRCP,blue
PRDM10,blue
PRDX1,blue
PREPL,blue
PRH1,blue
PRICKLE1,blue
PRIM2,blue
PRKAB2,blue
PRKAG2,blue
PRKAR1B,blue
PRKAR2A,blue
PRKAR2B,blue
PRKCZ,blue
PRKG1,blue
PRKRIP1,blue
PRLHR,blue
PRLR,blue
PRMT6,blue
PRMT8,blue
PROS1,blue
PRPF18,blue
PRPSAP2,blue
PRR16,blue
PRR3,blue
PRR5L,blue
PRRG2,blue
PRRG4,blue
PRSS27,blue
PSD,blue
PSIP1,blue
PSKH1,blue
PSMA1,blue
PSMA4,blue
PSMA7,blue
PSMB1,blue
PSMB4,blue
PSMB9,blue
PSMC1,blue
PSMC4,blue
PSMC5,blue
PSMD3,blue
PSMD6,blue
PSMD8,blue
PSMG2,blue
PSPC1,blue
PSTPIP2,blue
PTBP1,blue
PTBP2,blue
PTCD1,blue
PTCD2,blue
PTCH1,blue
PTDSS2,blue
PTEN,blue
PTF1A,blue
PTGER4,blue
PTGES3,blue
PTGS2,blue
PTH1R,blue
PTMA,blue
PTPLB,blue
PTPN11,blue
PTPN12,blue
PTPN18,blue
PTPRB,blue
PTPRE,blue
PTPRN2,blue
PTPRO,blue
PTPRT,blue
PTPRU,blue
PTPRZ1,blue
PTS,blue
PUS3,blue
PUS7L,blue
PUSL1,blue
PVRL3,blue
PWRN1,blue
PYGO1,blue
QKI,blue
QRICH1,blue
QTRT1,blue
QTRTD1,blue
RAB11FIP1,blue
RAB11FIP3,blue
RAB12,blue
RAB18,blue
RAB1B,blue
RAB2B,blue
RAB30,blue
RAB3C,blue
RAB43,blue
RAB4A,blue
RAB5A,blue
RABAC1,blue
RABEP2,blue
RABEPK,blue
RABGGTA,blue
RAD17,blue
RAD23B,blue
RAD51AP2,blue
RAGE,blue
RALGAPA1,blue
RALYL,blue
RAP1GAP,blue
RAP1GDS1,blue
RAPGEF3,blue
RAPH1,blue
RASAL2,blue
RASGRF1,blue
RASGRP3,blue
RB1CC1,blue
RBBP6,blue
RBL2,blue
RBM15,blue
RBM15B,blue
RBM18,blue
RBM22,blue
RBM23,blue
RBM25,blue
RBM26,blue
RBM33,blue
RBM46,blue
RBM47,blue
RBMS1,blue
RBP7,blue
RBPMS,blue
RC3H2,blue
RCC2,blue
RCCD1,blue
RCOR2,blue
RCSD1,blue
RDH14,blue
RECQL4,blue
RECQL5,blue
REXO2,blue
RG9MTD1,blue
RGL2,blue
RGMB,blue
RGS2,blue
RHBDD1,blue
RHOJ,blue
RIC8B,blue
RICTOR,blue
RIF1,blue
RING1,blue
RIOK2,blue
RIPK4,blue
RMND1,blue
RMND5B,blue
RNASE6,blue
RNASEH2B,blue
RNASEN,blue
RNF122,blue
RNF125,blue
RNF126,blue
RNF130,blue
RNF135,blue
RNF138,blue
RNF150,blue
RNF169,blue
RNF187,blue
RNF220,blue
RNF39,blue
RNF41,blue
RNF6,blue
RNF8,blue
RNMTL1,blue
ROBLD3,blue
ROBO3,blue
RP1,blue
RPAP3,blue
RPE,blue
RPF2,blue
RPIA,blue
RPL18AP3,blue
RPL19,blue
RPL23AP7,blue
RPL26L1,blue
RPL32,blue
RPL38,blue
RPL39L,blue
RPLP0,blue
RPLP1,blue
RPLP2,blue
RPP30,blue
RPP38,blue
RPS10,blue
RPS19,blue
RPS21,blue
RPS23,blue
RPS27L,blue
RPS29,blue
RPS5,blue
RPS6KA1,blue
RPS6KA2,blue
RPS6KA5,blue
RPSA,blue
RPUSD1,blue
RPUSD3,blue
RQCD1,blue
RRAGC,blue
RRAGD,blue
RRAS2,blue
RRN3P2,blue
RRP7B,blue
RSBN1L,blue
RSL1D1,blue
RSPO2,blue
RSRC2,blue
RSU1,blue
RTCD1,blue
RUNX1,blue
RUSC1,blue
RXRA,blue
SACM1L,blue
SACS,blue
SALL1,blue
SALL3,blue
SALL4,blue
SAMD1,blue
SAMD12,blue
SAMD3,blue
SAMHD1,blue
SAP30,blue
SAPS1,blue
SASH1,blue
SATB2,blue
SCAND3,blue
SCARNA16,blue
SCD,blue
SCHIP1,blue
SCLT1,blue
SCLY,blue
SCOC,blue
SCYL2,blue
SDCBP2,blue
SDCCAG1,blue
SDHAF1,blue
SDHAF2,blue
SDHAP3,blue
SDHB,blue
SDK2,blue
SDR39U1,blue
SEC14L1,blue
SEC23B,blue
SELO,blue
SEMA3A,blue
SEMA5A,blue
SEMA6C,blue
SEP-05,blue
SEP-09,blue
SEPHS2,blue
SEPN1,blue
SEPSECS,blue
SERINC4,blue
SESN1,blue
SET,blue
SETD2,blue
SETD8,blue
SETDB2,blue
SF3A1,blue
SF3B2,blue
SFRP2,blue
SFRP4,blue
SFRP5,blue
SFRS1,blue
SFRS12IP1,blue
SFRS7,blue
SFT2D1,blue
SFXN1,blue
SGOL2,blue
SGPP1,blue
SGSM1,blue
SGSM3,blue
SH3RF2,blue
SH3YL1,blue
SHANK1,blue
SHC2,blue
SHC4,blue
SHF,blue
SHFM1,blue
SHKBP1,blue
SHOX2,blue
SHPRH,blue
SHQ1,blue
SIAH1,blue
SIAH2,blue
SIDT1,blue
SIDT2,blue
SIM2,blue
SIP1,blue
SIPA1,blue
SIRT5,blue
SIRT6,blue
SIX4,blue
SKAP2,blue
SKI,blue
SLAIN1,blue
SLBP,blue
SLC12A4,blue
SLC12A5,blue
SLC12A9,blue
SLC16A9,blue
SLC19A3,blue
SLC20A1,blue
SLC24A6,blue
SLC25A15,blue
SLC25A24,blue
SLC25A32,blue
SLC25A37,blue
SLC25A42,blue
SLC25A44,blue
SLC25A46,blue
SLC29A2,blue
SLC2A1,blue
SLC2A11,blue
SLC2A9,blue
SLC30A3,blue
SLC30A6,blue
SLC32A1,blue
SLC35C1,blue
SLC35E3,blue
SLC35F5,blue
SLC36A1,blue
SLC38A10,blue
SLC38A3,blue
SLC38A9,blue
SLC39A10,blue
SLC39A11,blue
SLC39A9,blue
SLC45A3,blue
SLC46A2,blue
SLC4A1AP,blue
SLC6A19,blue
SLC6A5,blue
SLC9A3,blue
SLCO2A1,blue
SLCO5A1,blue
SLFN5,blue
SLIT3,blue
SMAD7,blue
SMEK1,blue
SMEK2,blue
SMNDC1,blue
SMOC2,blue
SMUG1,blue
SMYD3,blue
SNCA,blue
SNHG3-RCC1,blue
SNHG8,blue
SNIP1,blue
SNORA14B,blue
SNORA39,blue
SNORD27,blue
SNORD43,blue
SNRNP200,blue
SNRNP40,blue
SNRNP70,blue
SNX16,blue
SNX19,blue
SNX33,blue
SNX4,blue
SNX9,blue
SON,blue
SORBS3,blue
SORCS3,blue
SORD,blue
SOX5,blue
SP2,blue
SP3,blue
SPAG1,blue
SPAG16,blue
SPAG4L,blue
SPAG9,blue
SPAST,blue
SPATA5L1,blue
SPATA7,blue
SPG11,blue
SPINK9,blue
SPINT2,blue
SPNS2,blue
SPO11,blue
SPOCK3,blue
SPPL2B,blue
SPRY1,blue
SPRY4,blue
SPRYD3,blue
SPSB2,blue
SPTAN1,blue
SPTBN4,blue
SPTLC1,blue
SR140,blue
SRBD1,blue
SRCRB4D,blue
SRGN,blue
SRI,blue
SRP54,blue
SRP68,blue
SRPK1,blue
SRRM1,blue
SRRM2,blue
SS18L2,blue
SSBP1,blue
SSBP3,blue
SSPN,blue
ST18,blue
ST20,blue
ST3GAL3,blue
ST3GAL5,blue
ST6GALNAC3,blue
ST7,blue
ST8SIA1,blue
STAG3,blue
STAMBPL1,blue
STARD13,blue
STARD3,blue
STARD7,blue
STAT6,blue
STIL,blue
STIM1,blue
STK19,blue
STK35,blue
STK36,blue
STK40,blue
STMN1,blue
STRN,blue
STRN3,blue
STUB1,blue
STX16,blue
STX2,blue
STX7,blue
STX8,blue
STXBP2,blue
STXBP5L,blue
STYX,blue
SUCLG1,blue
SUGT1P1,blue
SUMO2,blue
SUOX,blue
SUPT16H,blue
SUPV3L1,blue
SUSD5,blue
SV2B,blue
SWAP70,blue
SYF2,blue
SYNGAP1,blue
SYNPO2,blue
SYNRG,blue
SYS1,blue
SYT1,blue
SYT11,blue
SYT14,blue
SYT2,blue
TACO1,blue
TACR1,blue
TACR3,blue
TAF12,blue
TAF13,blue
TAF6L,blue
TAF8,blue
TAF9,blue
TAGLN2,blue
TAP2,blue
TAPBP,blue
TAPBPL,blue
TATDN1,blue
TBC1D14,blue
TBC1D24,blue
TBC1D2B,blue
TBCCD1,blue
TBL3,blue
TBR1,blue
TBRG1,blue
TBX20,blue
TBXA2R,blue
TCEA2,blue
TCERG1,blue
TCF15,blue
TCP1,blue
TCP11L2,blue
TCTEX1D1,blue
TDH,blue
TDRD3,blue
TDRD9,blue
TEC,blue
TECR,blue
TECTA,blue
TEF,blue
TERF2,blue
TESK2,blue
TEX264,blue
TFAP2A,blue
TFAP2D,blue
TFB1M,blue
TFDP1,blue
TFR2,blue
TGFB1,blue
TGFB2,blue
TGFBI,blue
THADA,blue
THAP1,blue
THAP3,blue
THAP9,blue
THBS3,blue
THNSL2,blue
THOP1,blue
THRAP3,blue
THUMPD2,blue
THUMPD3,blue
THYN1,blue
TIAM1,blue
TIGD1,blue
TIMM8B,blue
TIPRL,blue
TJAP1,blue
TLE6,blue
TLR10,blue
TMBIM4,blue
TMC4,blue
TMCC1,blue
TMCO1,blue
TMCO3,blue
TMED2,blue
TMED7-TICAM2,blue
TMEM101,blue
TMEM107,blue
TMEM109,blue
TMEM11,blue
TMEM120B,blue
TMEM128,blue
TMEM132C,blue
TMEM138,blue
TMEM141,blue
TMEM150A,blue
TMEM150C,blue
TMEM167B,blue
TMEM169,blue
TMEM171,blue
TMEM185B,blue
TMEM188,blue
TMEM20,blue
TMEM201,blue
TMEM219,blue
TMEM39A,blue
TMEM39B,blue
TMEM41A,blue
TMEM42,blue
TMEM44,blue
TMEM48,blue
TMEM63A,blue
TMEM86A,blue
TMEM90A,blue
TMEM90B,blue
TMEM92,blue
TMEM9B,blue
TMPRSS2,blue
TMTC4,blue
TNC,blue
TNFRSF11B,blue
TNFRSF1A,blue
TNIK,blue
TNRC18,blue
TNRC6B,blue
TNXB,blue
TOB2,blue
TOLLIP,blue
TOMM34,blue
TOP1,blue
TOP2A,blue
TOP2B,blue
TOR1AIP1,blue
TOR3A,blue
TOX3,blue
TP53I13,blue
TPD52L1,blue
TPM1,blue
TPPP,blue
TPX2,blue
TRAF3,blue
TRAFD1,blue
TRAK2,blue
TRAM1,blue
TRAPPC4,blue
TRAPPC9,blue
TRERF1,blue
TRIB1,blue
TRIB2,blue
TRIM10,blue
TRIM24,blue
TRIM26,blue
TRIM27,blue
TRIM31,blue
TRIM36,blue
TRIM38,blue
TRIM62,blue
TRIM9,blue
TRIOBP,blue
TRNT1,blue
TROVE2,blue
TRPC4,blue
TRPC6,blue
TSG101,blue
TSHZ1,blue
TSN,blue
TSPAN12,blue
TSPAN17,blue
TSPAN3,blue
TSPAN9,blue
TSPO2,blue
TSPYL4,blue
TTBK2,blue
TTC15,blue
TTC23,blue
TTC25,blue
TTC26,blue
TTC27,blue
TTC33,blue
TTC39A,blue
TTF2,blue
TTLL12,blue
TTPAL,blue
TUBB2B,blue
TUBB4,blue
TUBE1,blue
TUBGCP5,blue
TULP3,blue
TUSC1,blue
TUSC2,blue
TWIST1,blue
TWSG1,blue
TXNDC6,blue
TXNL4B,blue
U2AF1,blue
U2AF1L4,blue
UBA6,blue
UBAP2,blue
UBE2C,blue
UBE2D3,blue
UBE2K,blue
UBE2L3,blue
UBE2L6,blue
UBE2M,blue
UBE2R2,blue
UBE2S,blue
UBE3A,blue
UBL3,blue
UBL5,blue
UBL7,blue
UBR2,blue
UCRC,blue
UFD1L,blue
UFM1,blue
UFSP2,blue
UGP2,blue
UMODL1,blue
UMPS,blue
UNC13A,blue
UNC13B,blue
UNC5A,blue
UNC5B,blue
UNC5C,blue
UNC84A,blue
UPF1,blue
UPF2,blue
UQCRC2,blue
URM1,blue
USP15,blue
USP2,blue
USP32,blue
USP36,blue
USP39,blue
USP48,blue
USP53,blue
UTF1,blue
UTP15,blue
UTP3,blue
UVRAG,blue
VAMP1,blue
VAMP3,blue
VASH1,blue
VASH2,blue
VASP,blue
VAT1L,blue
VAV3,blue
VAX2,blue
VCAN,blue
VCPIP1,blue
VGLL4,blue
VHL,blue
VPS11,blue
VPS18,blue
VPS26A,blue
VPS36,blue
VPS37C,blue
VPS39,blue
VPS4B,blue
VPS53,blue
VPS8,blue
VSTM2A,blue
VTI1A,blue
VTRNA1-3,blue
VWA2,blue
VWC2,blue
VWC2L,blue
WAPAL,blue
WBP1,blue
WBP2NL,blue
WDR17,blue
WDR26,blue
WDR33,blue
WDR35,blue
WDR36,blue
WDR47,blue
WDR51A,blue
WDR5B,blue
WDR6,blue
WDR62,blue
WDR67,blue
WDR7,blue
WDR73,blue
WDR75,blue
WDR76,blue
WDR82,blue
WDR89,blue
WDR90,blue
WFDC3,blue
WIPF1,blue
WIPI2,blue
WNT10A,blue
WRAP53,blue
WWOX,blue
WWP2,blue
XAB2,blue
XKR4,blue
XKR5,blue
XPO5,blue
YEATS4,blue
YIPF2,blue
YLPM1,blue
YTHDC2,blue
ZBP1,blue
ZBTB11,blue
ZBTB16,blue
ZBTB24,blue
ZBTB46,blue
ZBTB9,blue
ZC3H12C,blue
ZC3H15,blue
ZC3H3,blue
ZC3H4,blue
ZCCHC11,blue
ZDHHC14,blue
ZDHHC21,blue
ZDHHC24,blue
ZDHHC4,blue
ZER1,blue
ZFAND2A,blue
ZFHX4,blue
ZFP1,blue
ZFP36L1,blue
ZFP82,blue
ZFYVE1,blue
ZFYVE26,blue
ZFYVE27,blue
ZFYVE28,blue
ZHX2,blue
ZIC1,blue
ZMIZ1,blue
ZMIZ2,blue
ZMYM1,blue
ZNF121,blue
ZNF132,blue
ZNF141,blue
ZNF192,blue
ZNF197,blue
ZNF20,blue
ZNF200,blue
ZNF219,blue
ZNF226,blue
ZNF230,blue
ZNF238,blue
ZNF248,blue
ZNF25,blue
ZNF252,blue
ZNF253,blue
ZNF260,blue
ZNF267,blue
ZNF271,blue
ZNF285A,blue
ZNF287,blue
ZNF311,blue
ZNF318,blue
ZNF322A,blue
ZNF333,blue
ZNF337,blue
ZNF354C,blue
ZNF358,blue
ZNF395,blue
ZNF398,blue
ZNF408,blue
ZNF419,blue
ZNF438,blue
ZNF442,blue
ZNF446,blue
ZNF462,blue
ZNF48,blue
ZNF488,blue
ZNF493,blue
ZNF502,blue
ZNF526,blue
ZNF530,blue
ZNF532,blue
ZNF542,blue
ZNF543,blue
ZNF544,blue
ZNF548,blue
ZNF559,blue
ZNF561,blue
ZNF570,blue
ZNF585A,blue
ZNF589,blue
ZNF598,blue
ZNF599,blue
ZNF611,blue
ZNF613,blue
ZNF615,blue
ZNF623,blue
ZNF628,blue
ZNF639,blue
ZNF642,blue
ZNF644,blue
ZNF660,blue
ZNF664,blue
ZNF672,blue
ZNF684,blue
ZNF69,blue
ZNF691,blue
ZNF692,blue
ZNF703,blue
ZNF720,blue
ZNF740,blue
ZNF768,blue
ZNF772,blue
ZNF774,blue
ZNF775,blue
ZNF784,blue
ZNF787,blue
ZNF789,blue
ZNF790,blue
ZNF793,blue
ZNF804A,blue
ZNF804B,blue
ZNF805,blue
ZNF823,blue
ZNF844,blue
ZNF878,blue
ZNF879,blue
ZNF880,blue
ZNHIT1,blue
ZNHIT6,blue
ZSCAN1,blue
ZSCAN12,blue
ZSCAN16,blue
ZSWIM1,blue
ZSWIM2,blue
ZSWIM7,blue
ZWINT,blue
ZZEF1,blue
ZZZ3,blue
A2BP1,brown
AADAC,brown
ABCA13,brown
ABCA5,brown
ABCB5,brown
ABCC12,brown
ABCC4,brown
ABHD2,brown
ABHD4,brown
ABI3,brown
ABL1,brown
ACACA,brown
ACADL,brown
ACBD3,brown
ACCN1,brown
ACER3,brown
ACOT7,brown
ACSS3,brown
ACTC1,brown
ADAL,brown
ADAM12,brown
ADAM17,brown
ADAMDEC1,brown
ADAMTSL5,brown
ADARB1,brown
ADARB2,brown
ADCK5,brown
ADD3,brown
ADI1,brown
ADK,brown
ADRA1A,brown
ADRB1,brown
ADRM1,brown
ADSL,brown
AFF3,brown
AGAP2,brown
AGK,brown
AGPAT1,brown
AGXT2L2,brown
AK5,brown
AKAP13,brown
AKD1,brown
ALDH1A2,brown
ALDH8A1,brown
ALLC,brown
ALS2CR4,brown
AMICA1,brown
ANAPC11,brown
ANK2,brown
ANK3,brown
ANKRD34A,brown
ANO4,brown
ANTXR2,brown
ANTXRL,brown
ANXA2,brown
AOX1,brown
AP1G2,brown
AP3B1,brown
APCDD1,brown
APH1B,brown
ARAP2,brown
ARHGAP15,brown
ARHGAP18,brown
ARHGEF10,brown
ARID1B,brown
ARL13B,brown
ARL15,brown
ARL4A,brown
ARL9,brown
ARMC1,brown
ARPC1A,brown
ARSK,brown
ARVCF,brown
AS3MT,brown
ASAH2,brown
ASAP1,brown
ASB8,brown
ASPH,brown
ASPHD2,brown
ASTN1,brown
ASTN2,brown
ASXL2,brown
ASZ1,brown
ATF6,brown
ATG16L1,brown
ATG5,brown
ATL3,brown
ATM,brown
ATN1,brown
ATP10A,brown
ATP10D,brown
ATP11A,brown
ATP13A3,brown
ATP13A4,brown
ATP13A5,brown
ATP2B4,brown
ATP5J2,brown
ATP6V0A1,brown
ATP6V1C2,brown
ATP8A1,brown
ATPAF2,brown
ATPBD4,brown
ATXN1,brown
ATXN2L,brown
AUTS2,brown
B3GNTL1,brown
BAHD1,brown
BASP1,brown
BAT3,brown
BATF3,brown
BBS10,brown
BBX,brown
BDNF,brown
BDNFOS,brown
BDP1,brown
BEND6,brown
BHMT,brown
BIRC3,brown
BMF,brown
BMI1,brown
BMP5,brown
BNIP2,brown
BOD1,brown
BRAF,brown
BRI3BP,brown
BRUNOL4,brown
BSG,brown
BTNL2,brown
C10ORF11,brown
C10ORF114,brown
C10ORF118,brown
C10ORF119,brown
C10ORF129,brown
C10ORF55,brown
C10ORF58,brown
C10ORF78,brown
C11ORF30,brown
C11ORF41,brown
C11ORF45,brown
C11ORF63,brown
C11ORF82,brown
C12ORF42,brown
C12ORF74,brown
C13ORF30,brown
C13ORF39,brown
C14ORF101,brown
C14ORF138,brown
C14ORF142,brown
C14ORF143,brown
C14ORF145,brown
C14ORF37,brown
C14ORF43,brown
C15ORF53,brown
C16ORF52,brown
C17ORF48,brown
C18ORF1,brown
C19ORF47,brown
C19ORF50,brown
C1ORF186,brown
C1ORF194,brown
C1ORF21,brown
C1ORF52,brown
C1ORF9,brown
C1ORF94,brown
C1QTNF7,brown
C20ORF177,brown
C20ORF27,brown
C2ORF28,brown
C2ORF40,brown
C2ORF42,brown
C2ORF65,brown
C2ORF70,brown
C2ORF84,brown
C2ORF86,brown
C2ORF89,brown
C3ORF14,brown
C3ORF21,brown
C3ORF26,brown
C3ORF31,brown
C3ORF59,brown
C4ORF39,brown
C5ORF36,brown
C5ORF46,brown
C5ORF49,brown
C5ORF56,brown
C5ORF62,brown
C6,brown
C6ORF10,brown
C6ORF115,brown
C6ORF142,brown
C6ORF162,brown
C6ORF164,brown
C6ORF168,brown
C6ORF191,brown
C6ORF221,brown
C6ORF72,brown
C8ORF38,brown
C8ORF47,brown
C8ORF79,brown
C9ORF144B,brown
CA3,brown
CACNA2D1,brown
CACNA2D3,brown
CACNG1,brown
CAD,brown
CADM1,brown
CADPS2,brown
CALCR,brown
CALD1,brown
CALHM1,brown
CAMK2B,brown
CAMK2D,brown
CAMSAP1,brown
CAMTA1,brown
CAPN7,brown
CAPS2,brown
CASP5,brown
CATSPERB,brown
CAV1,brown
CBS,brown
CCDC109A,brown
CCDC138,brown
CCDC147,brown
CCDC3,brown
CCDC39,brown
CCDC46,brown
CCDC6,brown
CCL28,brown
CCT2,brown
CD164L2,brown
CD28,brown
CD3E,brown
CD44,brown
CD8A,brown
CD96,brown
CDC2,brown
CDC42EP2,brown
CDC6,brown
CDGAP,brown
CDH18,brown
CDH23,brown
CDK12,brown
CDK14,brown
CDK5RAP2,brown
CDK6,brown
CDKAL1,brown
CDKL1,brown
CDR2,brown
CDR2L,brown
CDV3,brown
CDYL,brown
CENPP,brown
CEP55,brown
CHAT,brown
CHD7,brown
CHEK1,brown
CHRNA3,brown
CHRNA9,brown
CIR1,brown
CISD1,brown
CLCNKB,brown
CLEC12B,brown
CLIP4,brown
CLK4,brown
CLPS,brown
CLYBL,brown
CNIH4,brown
CNNM2,brown
CNNM3,brown
CNOT2,brown
CNTF,brown
CNTN4,brown
CNTNAP2,brown
COBL,brown
COCH,brown
COG6,brown
COL11A2,brown
COL12A1,brown
COL1A2,brown
COL23A1,brown
COL28A1,brown
COL4A1,brown
COL6A3,brown
COL9A1,brown
COMMD10,brown
COMMD8,brown
COMMD9,brown
COMP,brown
COPS3,brown
COX7B2,brown
CPEB2,brown
CPSF6,brown
CRBN,brown
CRCT1,brown
CREBL2,brown
CRIM1,brown
CRIP2,brown
CRYBA2,brown
CRYBG3,brown
CS,brown
CSMD3,brown
CSNK1A1,brown
CSNK1A1L,brown
CSRNP1,brown
CSRP2,brown
CST9,brown
CSTA,brown
CTBP2,brown
CTDSP2,brown
CTH,brown
CUBN,brown
CUL4A,brown
CUL5,brown
CUX1,brown
CXCL14,brown
CXCR4,brown
CXCR6,brown
CYP24A1,brown
CYP2U1,brown
CYS1,brown
CYYR1,brown
DAB1,brown
DACH1,brown
DAD1,brown
DAP,brown
DAXX,brown
DBC1,brown
DCAF4,brown
DCBLD1,brown
DCLK2,brown
DCPS,brown
DCUN1D5,brown
DDA1,brown
DDX21,brown
DDX43,brown
DDX55,brown
DEPDC1,brown
DEPDC1B,brown
DERA,brown
DERL1,brown
DGKH,brown
DHX8,brown
DIAPH1,brown
DIP2C,brown
DLG4,brown
DLGAP2,brown
DNA2,brown
DNAJA4,brown
DNAJB5,brown
DNAJB6,brown
DNAJC18,brown
DNAJC3,brown
DNMBP,brown
DOCK1,brown
DOK2,brown
DOK6,brown
DPYSL3,brown
DRGX,brown
DSCR3,brown
DSCR8,brown
DSE,brown
DSG3,brown
DST,brown
DTNB,brown
DTNBP1,brown
DTWD2,brown
DTYMK,brown
DULLARD,brown
DUSP1,brown
DUSP26,brown
DUSP7,brown
DYNC1I1,brown
DYX1C1,brown
EBF2,brown
EBF3,brown
ECE1,brown
EEFSEC,brown
EFCAB2,brown
EFNA5,brown
EGR2,brown
EHBP1,brown
EHBP1L1,brown
EHD2,brown
EHMT2,brown
EIF1AD,brown
EIF3H,brown
EIF4G3,brown
ELAC1,brown
ELAVL2,brown
ELMO2,brown
ELOVL7,brown
EML6,brown
EN2,brown
ENOX1,brown
ENPP1,brown
ENPP6,brown
ENTPD1,brown
EPB41,brown
EPB41L5,brown
EPC2,brown
EPDR1,brown
EPHB3,brown
EPS8,brown
ERC2,brown
ERI1,brown
ERICH1,brown
ESR1,brown
ESRP2,brown
ESRRG,brown
ESYT2,brown
ETFB,brown
EVPL,brown
EVX1,brown
EWSR1,brown
EXO1,brown
EXOC4,brown
EXOC7,brown
EXOSC9,brown
EXT1,brown
EYA1,brown
EZH1,brown
EZH2,brown
FADS3,brown
FAM101B,brown
FAM149A,brown
FAM159B,brown
FAM168B,brown
FAM171B,brown
FAM188A,brown
FAM190A,brown
FAM38A,brown
FAM3C,brown
FAM40B,brown
FAM46C,brown
FAM49A,brown
FAM55B,brown
FAM82A1,brown
FAM83B,brown
FANCF,brown
FAT3,brown
FBLN2,brown
FBRSL1,brown
FBXL17,brown
FBXL21,brown
FBXL7,brown
FBXO32,brown
FCHSD2,brown
FDX1,brown
FGD3,brown
FGF14,brown
FGF5,brown
FGFRL1,brown
FHDC1,brown
FIG4,brown
FIGNL1,brown
FKBPL,brown
FLCN,brown
FLG,brown
FLG2,brown
FLJ22536,brown
FLJ43663,brown
FMN1,brown
FNDC3A,brown
FNDC3B,brown
FOXF2,brown
FOXO1,brown
FOXP1,brown
FRAS1,brown
FRMD6,brown
FRY,brown
FTSJD1,brown
FUT11,brown
FYN,brown
G0S2,brown
GABRB1,brown
GADL1,brown
GAK,brown
GALK2,brown
GALNT9,brown
GALNTL2,brown
GALR1,brown
GAPDH,brown
GATA4,brown
GATSL3,brown
GBE1,brown
GCET2,brown
GCKR,brown
GCLC,brown
GCOM1,brown
GDF7,brown
GDNF,brown
GHR,brown
GHSR,brown
GIMAP7,brown
GIPC1,brown
GIPC2,brown
GIT1,brown
GJD2,brown
GLIPR1L2,brown
GLIS1,brown
GLIS2,brown
GLIS3,brown
GLRA1,brown
GLT6D1,brown
GMDS,brown
GNA11,brown
GNA12,brown
GNAL,brown
GNAO1,brown
GNB1,brown
GNG5,brown
GOLGB1,brown
GOSR1,brown
GPC6,brown
GPR113,brown
GPR12,brown
GPR123,brown
GPR126,brown
GPR133,brown
GPR156,brown
GPR63,brown
GPX5,brown
GRAMD1A,brown
GRIA4,brown
GRIK2,brown
GRTP1,brown
GSTO2,brown
GTDC1,brown
GTF2H1,brown
GTF2H4,brown
GTF2H5,brown
GTPBP4,brown
GUCY1A3,brown
GUF1,brown
GULP1,brown
GXYLT2,brown
H3F3C,brown
HADHA,brown
HAND2,brown
HAPLN4,brown
HAUS4,brown
HCG11,brown
HCG18,brown
HCG27,brown
HCG2P7,brown
HDAC9,brown
HEATR1,brown
HEATR6,brown
HERC2,brown
HERC5,brown
HES5,brown
HEXB,brown
HEXIM2,brown
HHAT,brown
HIBADH,brown
HIC1,brown
HIPK1,brown
HIST1H2BD,brown
HIST1H2BI,brown
HIST1H2BK,brown
HIVEP1,brown
HK2,brown
HKR1,brown
HLA-DOA,brown
HLA-DOB,brown
HLA-DQA2,brown
HLA-DRA,brown
HLA-F,brown
HLA-J,brown
HMBOX1,brown
HMGN4,brown
HMMR,brown
HNMT,brown
HNRNPUL2,brown
HOXA4,brown
HOXB3,brown
HOXC13,brown
HP1BP3,brown
HRK,brown
HSF4,brown
HSPA1B,brown
HTATIP2,brown
HUS1,brown
HYAL4,brown
IDUA,brown
IER5,brown
IFIT1L,brown
IFIT5,brown
IFNAR2,brown
IFNG,brown
IFT172,brown
IGF1R,brown
IGSF22,brown
IGSF9B,brown
IL17A,brown
IL17D,brown
IL17F,brown
IL19,brown
IL1F7,brown
IL1F9,brown
IL1R1,brown
IL20RA,brown
IL24,brown
IL5,brown
IL5RA,brown
IL8,brown
IMPAD1,brown
IMPG1,brown
INADL,brown
INO80D,brown
INPP5A,brown
INTS1,brown
IQGAP2,brown
IRAK4,brown
IREB2,brown
IRF2,brown
ISYNA1,brown
ITIH4,brown
ITPKA,brown
ITPR1,brown
ITPR2,brown
JAG1,brown
JAM3,brown
JARID2,brown
JMJD1C,brown
KBTBD3,brown
KCNA1,brown
KCNC4,brown
KCND3,brown
KCNH6,brown
KCNN2,brown
KCNQ1,brown
KCNQ1DN,brown
KCTD12,brown
KDELC2,brown
KDM2A,brown
KDM5B,brown
KIAA0586,brown
KIAA1239,brown
KIAA1409,brown
KIAA1826,brown
KIF14,brown
KIF9,brown
KLHDC4,brown
KLHDC8A,brown
KLHL29,brown
KLHL31,brown
KLHL32,brown
KLHL7,brown
KLRA1,brown
KLRB1,brown
KRTAP2-4,brown
KTELC1,brown
L3MBTL2,brown
L3MBTL3,brown
LAMA2,brown
LAMB4,brown
LASS6,brown
LATS2,brown
LCE1C,brown
LCOR,brown
LDHA,brown
LDLRAD3,brown
LENG1,brown
LETM1,brown
LGI3,brown
LHFPL2,brown
LHFPL3,brown
LHPP,brown
LHX5,brown
LHX8,brown
LIFR,brown
LMO7,brown
LMTK2,brown
LOC100128811,brown
LOC100130522,brown
LOC100133308,brown
LOC121838,brown
LOC148189,brown
LOC154449,brown
LOC283174,brown
LOC283867,brown
LOC284798,brown
LOC285692,brown
LOC285696,brown
LOC388789,brown
LOC399959,brown
LOC401052,brown
LOC442245,brown
LOC729799,brown
LOC729991-MEF2B,brown
LONP2,brown
LPAR1,brown
LPL,brown
LPP,brown
LRBA,brown
LRCH1,brown
LRCH3,brown
LRP1B,brown
LRRC16A,brown
LRRC24,brown
LRRC30,brown
LRRC41,brown
LRRC66,brown
LRRC69,brown
LRRFIP1,brown
LRRFIP2,brown
LRRN4,brown
LSAMP,brown
LVRN,brown
LY6G6F,brown
LYPD4,brown
LYRM4,brown
MAD1L1,brown
MAF,brown
MAFK,brown
MAGI2,brown
MAGI3,brown
MAML3,brown
MAN2A1,brown
MANBAL,brown
MANEA,brown
MAP2K5,brown
MAP3K2,brown
MAP3K5,brown
MAP3K9,brown
MAPK11,brown
MAPK1IP1L,brown
MAPRE2,brown
MAPT,brown
MAR-04,brown
MAR-05,brown
MARK1,brown
MARK2,brown
MAZ,brown
MBD5,brown
MC4R,brown
MCM2,brown
MCM3,brown
MCM8,brown
MCPH1,brown
MDGA2,brown
MDM4,brown
MDN1,brown
MEAF6,brown
MED13L,brown
MEF2A,brown
MET,brown
METAP1,brown
METAP2,brown
METTL4,brown
MFSD1,brown
MGA,brown
MGMT,brown
MIR133B,brown
MIR1539,brown
MIR187,brown
MIR548F5,brown
MIS12,brown
MKX,brown
MLF1IP,brown
MLH1,brown
MLH3,brown
MLL5,brown
MLLT10,brown
MMP26,brown
MND1,brown
MOBKL1A,brown
MON2,brown
MORC1,brown
MPHOSPH6,brown
MPHOSPH9,brown
MPP6,brown
MPZL1,brown
MREG,brown
MRPL1,brown
MRPL13,brown
MRPL3,brown
MRPL42P5,brown
MRPS22,brown
MS4A1,brown
MSH5,brown
MSL1,brown
MSL2,brown
MTCH2,brown
MTERF,brown
MTHFD1L,brown
MTHFSD,brown
MTX2,brown
MUC4,brown
MURC,brown
MX1,brown
MYCT1,brown
MYH14,brown
MYLK,brown
MYLK4,brown
MYO15B,brown
MYO1B,brown
MYO1D,brown
MYO1H,brown
MYOF,brown
MYOM2,brown
MYST3,brown
MYST4,brown
N4BP2,brown
NAALAD2,brown
NAIP,brown
NARFL,brown
NAV2,brown
NCALD,brown
NCK1,brown
NCK2,brown
NCKAP5,brown
NCOA7,brown
NCR2,brown
NCRNA00167,brown
NCRNA00171,brown
NDUFA10,brown
NDUFAF4,brown
NDUFS2,brown
NDUFS6,brown
NECAP1,brown
NEDD1,brown
NEDD4L,brown
NELL2,brown
NFATC2,brown
NFATC2IP,brown
NFKBIL1,brown
NFXL1,brown
NFYC,brown
NHP2L1,brown
NIF3L1,brown
NKX6-2,brown
NLRC4,brown
NLRP11,brown
NOC2L,brown
NOC3L,brown
NOS1AP,brown
NR5A2,brown
NR6A1,brown
NRBF2,brown
NRF1,brown
NRG4,brown
NRGN,brown
NRXN2,brown
NRXN3,brown
NSD1,brown
NSL1,brown
NSMCE1,brown
NSMCE4A,brown
NT5DC1,brown
NT5DC3,brown
NTF3,brown
NTM,brown
NTNG2,brown
NTRK2,brown
NUP155,brown
NUP210L,brown
NUP98,brown
NUPL1,brown
NXPH2,brown
OAF,brown
OBFC1,brown
ODZ2,brown
ODZ3,brown
ODZ4,brown
OGG1,brown
OLA1,brown
OLR1,brown
ONECUT1,brown
OPCML,brown
OPRL1,brown
OPRM1,brown
OR10A5,brown
OR10A6,brown
OR14J1,brown
OR2J2,brown
OR51A2,brown
OR51I1,brown
OR5AR1,brown
OR6T1,brown
OSBPL3,brown
OSCP1,brown
OSTCL,brown
OVOL2,brown
P2RX5,brown
P4HA1,brown
PACRGL,brown
PAK2,brown
PAK7,brown
PANK1,brown
PAPPA,brown
PARD3,brown
PARD3B,brown
PARK2,brown
PARK7,brown
PARP9,brown
PARVA,brown
PARVB,brown
PASK,brown
PAX7,brown
PBX3,brown
PCBD1,brown
PCCA,brown
PCDHB17,brown
PCF11,brown
PCGF3,brown
PCMTD1,brown
PCNX,brown
PCSK1,brown
PDC,brown
PDCD6IP,brown
PDE10A,brown
PDE11A,brown
PDE1A,brown
PDE4B,brown
PDE7B,brown
PDGFA,brown
PDLIM4,brown
PDPN,brown
PDZD2,brown
PDZRN3,brown
PELP1,brown
PEMT,brown
PET112L,brown
PFAS,brown
PFN3,brown
PFN4,brown
PGAP1,brown
PGM1,brown
PGM3,brown
PGR,brown
PHC2,brown
PHF14,brown
PHF2,brown
PHF21B,brown
PHF3,brown
PHLDB2,brown
PHLDB3,brown
PHTF2,brown
PIAS2,brown
PIGK,brown
PIGT,brown
PIP5K1C,brown
PITX2,brown
PKD1L1,brown
PKP1,brown
PLA2G2C,brown
PLA2G6,brown
PLCG2,brown
PLCH1,brown
PLEKHA4,brown
PLEKHA5,brown
PLEKHF1,brown
PLEKHM2,brown
PLK4,brown
PLRG1,brown
PNKP,brown
PNPLA8,brown
PODN,brown
POFUT1,brown
POFUT2,brown
POGZ,brown
POLG2,brown
POLQ,brown
POLR2A,brown
POLR3E,brown
PON3,brown
POPDC3,brown
POU6F2,brown
PPCDC,brown
PPEF2,brown
PPFIA2,brown
PPFIA4,brown
PPM1E,brown
PPM1J,brown
PPM1L,brown
PPP1CA,brown
PPP1CC,brown
PPP1R9A,brown
PPP2R3A,brown
PPP2R5E,brown
PPP3CA,brown
PPT2,brown
PRDM13,brown
PRDM14,brown
PRDM5,brown
PRDM6,brown
PRDM8,brown
PRICKLE2,brown
PRIM2,brown
PRKAR1B,brown
PRKCA,brown
PRKCZ,brown
PRKG1,brown
PRLHR,brown
PRMT10,brown
PRMT6,brown
PRPF6,brown
PRRX1,brown
PRSS37,brown
PRSS48,brown
PSKH2,brown
PSMB7,brown
PSMB9,brown
PSMC4,brown
PSMD1,brown
PTGR2,brown
PTK2,brown
PTN,brown
PTPRC,brown
PTPRF,brown
PTPRG,brown
PTPRJ,brown
PTPRK,brown
PTPRN2,brown
PTRH2,brown
PWP2,brown
PWWP2A,brown
PXDNL,brown
PXK,brown
QPCT,brown
RAB11FIP1,brown
RAB11FIP5,brown
RAB1B,brown
RAB27B,brown
RAB2B,brown
RAB35,brown
RAB3IL1,brown
RABEP1,brown
RAD18,brown
RAD21,brown
RAD51AP2,brown
RAI1,brown
RAI14,brown
RALA,brown
RALGPS2,brown
RALYL,brown
RARA,brown
RARS2,brown
RASSF4,brown
RBM20,brown
RBM45,brown
RBM46,brown
RBMS1,brown
RBMS3,brown
RBPJ,brown
RBPMS,brown
RCAN3,brown
RCE1,brown
RCN2,brown
RDH11,brown
RFPL1S,brown
RFX4,brown
RGL2,brown
RGS20,brown
RHCG,brown
RICTOR,brown
RIMS1,brown
RIOK1,brown
RIPK4,brown
RIPPLY2,brown
RNF138,brown
RNF141,brown
RNF145,brown
RNF180,brown
RNF43,brown
RNGTT,brown
RNPS1,brown
RNU5E,brown
ROBO2,brown
ROR1,brown
ROR2,brown
RORA,brown
RPA1,brown
RPL21,brown
RPLP0,brown
RPP21,brown
RPS12,brown
RPS23,brown
RPS6KA2,brown
RPTOR,brown
RRM2B,brown
RRP15,brown
RSPH4A,brown
RTP2,brown
RUNX2,brown
RYR3,brown
S100A11,brown
S100Z,brown
SALL4,brown
SAMD3,brown
SCFD2,brown
SCG5,brown
SCHIP1,brown
SDK1,brown
SEC24D,brown
SEC31B,brown
SELL,brown
SEMA3E,brown
SEMA6A,brown
SENP5,brown
SENP6,brown
SEP-10,brown
SEPHS1,brown
SEPHS2,brown
SERPINB5,brown
SERPINH1,brown
SETBP1,brown
SETD2,brown
SETD4,brown
SETD6,brown
SFRS2IP,brown
SFT2D1,brown
SFXN1,brown
SFXN3,brown
SGCG,brown
SGK196,brown
SGMS1,brown
SH2D4B,brown
SH3BP2,brown
SH3GL2,brown
SHANK2,brown
SHE,brown
SHISA7,brown
SHOX2,brown
SHROOM3,brown
SIPA1L2,brown
SIPA1L3,brown
SIRPD,brown
SIX2,brown
SKIV2L2,brown
SLAMF8,brown
SLC10A6,brown
SLC13A4,brown
SLC16A13,brown
SLC16A14,brown
SLC17A3,brown
SLC17A4,brown
SLC20A2,brown
SLC22A11,brown
SLC23A2,brown
SLC25A31,brown
SLC26A2,brown
SLC27A5,brown
SLC2A1,brown
SLC35B3,brown
SLC35F1,brown
SLC35F3,brown
SLC37A4,brown
SLC38A2,brown
SLC39A10,brown
SLC44A5,brown
SLC45A3,brown
SLC5A10,brown
SLC8A3,brown
SLC9A9,brown
SLCO5A1,brown
SMAGP,brown
SMARCE1,brown
SMC5,brown
SMNDC1,brown
SMOC2,brown
SMPD3,brown
SMPDL3B,brown
SMYD3,brown
SNAI1,brown
SNORD113-7,brown
SNORD114-14,brown
SNORD115-15,brown
SNORD1C,brown
SNORD27,brown
SNORD43,brown
SNORD92,brown
SNRNP25,brown
SNRPN,brown
SNTB1,brown
SNX15,brown
SNX24,brown
SNX29,brown
SNX9,brown
SOCS2,brown
SOCS5,brown
SORBS2,brown
SORCS3,brown
SOX7,brown
SPAG17,brown
SPATA1,brown
SPATA19,brown
SPATA5,brown
SPATA9,brown
SPATS2,brown
SPEN,brown
SPG20,brown
SPOCK3,brown
SPPL2B,brown
SPR,brown
SPRR1B,brown
SPRR2D,brown
SPRY4,brown
SPTBN1,brown
SRGAP1,brown
SRGAP3,brown
SRI,brown
SRP9,brown
SRRT,brown
ST3GAL6,brown
ST7,brown
STAC3,brown
STAMBPL1,brown
STAU2,brown
STK32C,brown
STK39,brown
STOX2,brown
STRA13,brown
STRA8,brown
STX3,brown
STXBP4,brown
SUCLG2,brown
SV2B,brown
SYCE2,brown
SYNE2,brown
SYNPO2,brown
SYT10,brown
TAC1,brown
TAF4,brown
TAGLN3,brown
TANC1,brown
TANC2,brown
TAP2,brown
TARS,brown
TATDN1,brown
TBC1D1,brown
TBC1D14,brown
TBC1D16,brown
TBC1D22A,brown
TBC1D4,brown
TBPL2,brown
TBXAS1,brown
TCERG1L,brown
TCF7L1,brown
TDRD1,brown
TDRD10,brown
TERF2,brown
TET1,brown
TET3,brown
TFDP1,brown
TFEC,brown
TFPI2,brown
TGFBR2,brown
THEMIS,brown
THNSL2,brown
THRB,brown
TIPRL,brown
TK2,brown
TLR2,brown
TM9SF3,brown
TMC1,brown
TMCO3,brown
TMED5,brown
TMEM126B,brown
TMEM154,brown
TMEM163,brown
TMEM17,brown
TMEM174,brown
TMEM178,brown
TMEM182,brown
TMEM201,brown
TMEM207,brown
TMEM217,brown
TMEM25,brown
TMEM45B,brown
TMEM63C,brown
TMEM68,brown
TMEM71,brown
TMTC1,brown
TMTC4,brown
TNFAIP8,brown
TNFRSF10B,brown
TNFRSF21,brown
TNFSF10,brown
TNK2,brown
TNKS,brown
TNRC18,brown
TNXB,brown
TOP2B,brown
TOPBP1,brown
TOX,brown
TOX2,brown
TPD52,brown
TPK1,brown
TPPP,brown
TPRG1,brown
TRAPPC5,brown
TRAPPC9,brown
TRDN,brown
TRERF1,brown
TRIB1,brown
TRIM10,brown
TRIM26,brown
TRIM27,brown
TRIM39,brown
TRIM4,brown
TRIM60,brown
TRIM61,brown
TRIO,brown
TRIP12,brown
TRNP1,brown
TRPC3,brown
TRPC4,brown
TRPM7,brown
TSHZ1,brown
TSNARE1,brown
TSPAN12,brown
TSPAN13,brown
TTBK1,brown
TTBK2,brown
TTC1,brown
TTC23,brown
TUBA1B,brown
TUBA1C,brown
TUBA3E,brown
TUG1,brown
TULP4,brown
TXNDC16,brown
TXNDC2,brown
TXNRD2,brown
TYRP1,brown
UACA,brown
UBAP2L,brown
UBD,brown
UBE2CBP,brown
UBE2D3,brown
UBE2G1,brown
UBE2H,brown
UBE2J2,brown
UBE3C,brown
UBFD1,brown
UBR1,brown
UGGT1,brown
UGGT2,brown
UGT1A10,brown
UGT2A2,brown
UNC80,brown
UNKL,brown
UQCRC1,brown
UQCRHL,brown
URM1,brown
USH2A,brown
USP15,brown
USP53,brown
USP7,brown
UTRN,brown
VANGL1,brown
VARS2,brown
VAV2,brown
VDAC1,brown
VEPH1,brown
VEZT,brown
VIPR2,brown
VPS13D,brown
VPS18,brown
VPS41,brown
VPS45,brown
VPS8,brown
VRK3,brown
VTI1A,brown
VWA3B,brown
VWA5A,brown
VWC2,brown
WAC,brown
WBP2,brown
WBSCR17,brown
WDR27,brown
WDR49,brown
WDR76,brown
WDR91,brown
WDYHV1,brown
WHSC1,brown
WIT1,brown
WNT2B,brown
WNT5A,brown
WNT6,brown
XDH,brown
XKR6,brown
XRCC1,brown
XRCC4,brown
YAP1,brown
YWHAQ,brown
ZBTB10,brown
ZBTB40,brown
ZC3H8,brown
ZCCHC7,brown
ZDHHC14,brown
ZDHHC16,brown
ZFHX3,brown
ZFP91,brown
ZFR2,brown
ZNF107,brown
ZNF167,brown
ZNF226,brown
ZNF230,brown
ZNF292,brown
ZNF3,brown
ZNF302,brown
ZNF311,brown
ZNF366,brown
ZNF423,brown
ZNF470,brown
ZNF498,brown
ZNF516,brown
ZNF536,brown
ZNF557,brown
ZNF559,brown
ZNF563,brown
ZNF608,brown
ZNF609,brown
ZNF643,brown
ZNF648,brown
ZNF658,brown
ZNF664,brown
ZNF699,brown
ZNF704,brown
ZNF707,brown
ZNF71,brown
ZNF75A,brown
ZNF767,brown
ZNF774,brown
ZNF800,brown
ZNF829,brown
ZNF835,brown
ZNRD1,brown
ZYX,brown
AARS,brown4
AASS,brown4
ABCA13,brown4
ABCA5,brown4
ABHD1,brown4
ABHD11,brown4
ABHD5,brown4
ABL1,brown4
ABL2,brown4
ACCN1,brown4
ACER3,brown4
ACIN1,brown4
ACSL1,brown4
ACTN1,brown4
ADAM22,brown4
ADAMTS13,brown4
ADAMTS2,brown4
ADARB2,brown4
ADAT2,brown4
ADCYAP1,brown4
ADD3,brown4
ADPRHL2,brown4
AFAP1,brown4
AFG3L2,brown4
AGAP1,brown4
AGBL2,brown4
AGBL4,brown4
AKAP12,brown4
AKAP13,brown4
AKNA,brown4
AKT1S1,brown4
ALCAM,brown4
ALDH1L2,brown4
ALDOA,brown4
AMZ2,brown4
ANAPC11,brown4
ANAPC2,brown4
ANAPC7,brown4
ANK2,brown4
ANKRD13A,brown4
ANKRD26,brown4
ANKRD30B,brown4
ANKRD34A,brown4
ANKRD40,brown4
ANKRD43,brown4
ANKRD9,brown4
ANO1,brown4
AP3B2,brown4
APAF1,brown4
APBB3,brown4
APPBP2,brown4
AQR,brown4
ARF1,brown4
ARHGAP21,brown4
ARHGEF11,brown4
ARHGEF12,brown4
ARID4B,brown4
ARL16,brown4
ARL4C,brown4
ARL5B,brown4
ARMC8,brown4
ARNT,brown4
ARSB,brown4
ARSG,brown4
ARVCF,brown4
ASAP3,brown4
ASF1B,brown4
ASH2L,brown4
ASPG,brown4
ASPM,brown4
ATF6B,brown4
ATG10,brown4
ATOX1,brown4
ATP10D,brown4
ATP2A3,brown4
ATP2B4,brown4
ATP2C1,brown4
ATP5E,brown4
ATP5G2,brown4
ATP5L,brown4
ATP6V0D1,brown4
ATP6V1B2,brown4
ATP6V1H,brown4
ATPIF1,brown4
AXIN2,brown4
B3GAT1,brown4
B3GNTL1,brown4
B4GALT3,brown4
B9D1,brown4
BAD,brown4
BARHL1,brown4
BAT4,brown4
BAZ2A,brown4
BBS5,brown4
BCAS4,brown4
BCCIP,brown4
BCDIN3D,brown4
BCL2,brown4
BCL3,brown4
BDP1,brown4
BEND3,brown4
BIRC3,brown4
BIVM,brown4
BOLL,brown4
BRCA1,brown4
BRD2,brown4
BRP44L,brown4
BRUNOL4,brown4
BTAF1,brown4
BTBD7,brown4
BTF3L4,brown4
BUB3,brown4
BZRAP1,brown4
C10ORF114,brown4
C10ORF18,brown4
C10ORF78,brown4
C10ORF84,brown4
C11ORF10,brown4
C11ORF24,brown4
C11ORF30,brown4
C11ORF49,brown4
C11ORF58,brown4
C11ORF73,brown4
C11ORF80,brown4
C12ORF45,brown4
C12ORF52,brown4
C12ORF65,brown4
C12ORF76,brown4
C14ORF106,brown4
C14ORF135,brown4
C14ORF179,brown4
C14ORF80,brown4
C15ORF61,brown4
C16ORF63,brown4
C16ORF72,brown4
C16ORF80,brown4
C17ORF51,brown4
C17ORF63,brown4
C18ORF19,brown4
C19ORF28,brown4
C19ORF75,brown4
C1ORF156,brown4
C1ORF212,brown4
C1ORF77,brown4
C20ORF20,brown4
C20ORF94,brown4
C21ORF2,brown4
C21ORF33,brown4
C21ORF57,brown4
C22ORF30,brown4
C2ORF3,brown4
C2ORF86,brown4
C3ORF54,brown4
C4ORF14,brown4
C4ORF37,brown4
C4ORF43,brown4
C5ORF43,brown4
C5ORF44,brown4
C5ORF55,brown4
C6ORF145,brown4
C6ORF150,brown4
C6ORF211,brown4
C6ORF64,brown4
C7ORF41,brown4
C8ORF45,brown4
C8ORF83,brown4
C9ORF37,brown4
CA13,brown4
CACNA1E,brown4
CACNA2D1,brown4
CACNA2D3,brown4
CACNB2,brown4
CACNB4,brown4
CADM3,brown4
CALM2,brown4
CALN1,brown4
CAMLG,brown4
CAMTA1,brown4
CAND1,brown4
CANX,brown4
CAPS2,brown4
CAPZA2,brown4
CASC1,brown4
CASC5,brown4
CASP8AP2,brown4
CASP9,brown4
CAT,brown4
CBFA2T3,brown4
CCDC108,brown4
CCDC109A,brown4
CCDC138,brown4
CCDC149,brown4
CCDC28A,brown4
CCDC28B,brown4
CCDC77,brown4
CCDC85A,brown4
CCDC86,brown4
CCDC87,brown4
CCDC9,brown4
CCDC99,brown4
CCHCR1,brown4
CCKBR,brown4
CCNE2,brown4
CCPG1,brown4
CDC20,brown4
CDCA7,brown4
CDH23,brown4
CDK1,brown4
CDK11B,brown4
CDK5R2,brown4
CDK6,brown4
CDKAL1,brown4
CDKN2AIP,brown4
CDR2L,brown4
CDYL,brown4
CEMP1,brown4
CENPA,brown4
CENPN,brown4
CEPT1,brown4
CFL1,brown4
CHD2,brown4
CHD5,brown4
CHEK2,brown4
CHMP1A,brown4
CHMP4B,brown4
CHORDC1,brown4
CHPF2,brown4
CHST11,brown4
CIR1,brown4
CISD2,brown4
CLASP1,brown4
CLDN10,brown4
CLIC4,brown4
CLPTM1,brown4
CLPX,brown4
CLSTN1,brown4
CMIP,brown4
CNBP,brown4
CNOT2,brown4
CNP,brown4
CNRIP1,brown4
CNTN1,brown4
COASY,brown4
COG8,brown4
COL23A1,brown4
COL4A1,brown4
COL4A3BP,brown4
COMMD3,brown4
COPS8,brown4
COPZ1,brown4
COQ5,brown4
CORIN,brown4
CPEB3,brown4
CPEB4,brown4
CRADD,brown4
CRIP2,brown4
CRTAC1,brown4
CRYGC,brown4
CSMD2,brown4
CSNK1A1,brown4
CSNK2A1P,brown4
CSTF2T,brown4
CTH,brown4
CTXN1,brown4
CWC22,brown4
CYB5A,brown4
CYB5R1,brown4
CYFIP2,brown4
CYP1A1,brown4
CYP26B1,brown4
CYP2R1,brown4
CYTH2,brown4
DAB2,brown4
DAXX,brown4
DCAF10,brown4
DCAF5,brown4
DCTN2,brown4
DDAH1,brown4
DDHD2,brown4
DDX10,brown4
DDX18,brown4
DDX24,brown4
DDX25,brown4
DDX42,brown4
DDX46,brown4
DDX58,brown4
DECR2,brown4
DFFA,brown4
DFNB31,brown4
DGKA,brown4
DHODH,brown4
DHTKD1,brown4
DHX15,brown4
DHX33,brown4
DHX35,brown4
DHX8,brown4
DIP2A,brown4
DLC1,brown4
DLG2,brown4
DLL3,brown4
DLX5,brown4
DNAH6,brown4
DNAJB6,brown4
DNAJC15,brown4
DNAJC3,brown4
DNAJC4,brown4
DNAJC8,brown4
DNAL4,brown4
DNM2,brown4
DOK6,brown4
DPF3,brown4
DTNA,brown4
DTYMK,brown4
DUSP11,brown4
DUSP6,brown4
DYNLRB2,brown4
ECE2,brown4
EEF1DP3,brown4
EFHA2,brown4
EFHD2,brown4
EFNA5,brown4
EFR3A,brown4
EGR3,brown4
EI24,brown4
EIF2AK4,brown4
EIF2B4,brown4
EIF2C3,brown4
EIF2C4,brown4
EIF3E,brown4
EIF5A,brown4
EIF5B,brown4
ELAVL2,brown4
ELK3,brown4
ELK4,brown4
ELOVL6,brown4
ELP4,brown4
EML2,brown4
EML6,brown4
ENOSF1,brown4
EPHA4,brown4
EPHX4,brown4
EPN2,brown4
ERC1,brown4
ERCC5,brown4
ERG,brown4
ERO1L,brown4
EZR,brown4
FADS2,brown4
FAM110C,brown4
FAM115A,brown4
FAM123A,brown4
FAM126A,brown4
FAM134B,brown4
FAM13B,brown4
FAM13C,brown4
FAM150B,brown4
FAM168B,brown4
FAM184A,brown4
FAM190A,brown4
FAM20B,brown4
FAM32A,brown4
FAM38A,brown4
FAM65B,brown4
FAM76B,brown4
FAM83D,brown4
FAM84A,brown4
FAM98A,brown4
FAM98B,brown4
FASTKD2,brown4
FBLN7,brown4
FBN2,brown4
FBXL15,brown4
FBXO21,brown4
FBXO28,brown4
FBXO9,brown4
FBXW11,brown4
FBXW8,brown4
FER,brown4
FGF12,brown4
FGF9,brown4
FKBP3,brown4
FLJ41603,brown4
FLOT2,brown4
FNDC3B,brown4
FNDC8,brown4
FOLH1,brown4
FOS,brown4
FUBP1,brown4
FYTTD1,brown4
G2E3,brown4
GABARAPL1,brown4
GABRA1,brown4
GABRA5,brown4
GADD45GIP1,brown4
GALE,brown4
GALNT13,brown4
GALNT9,brown4
GALR1,brown4
GAR1,brown4
GARS,brown4
GATA5,brown4
GCDH,brown4
GCN1L1,brown4
GDAP1,brown4
GDF10,brown4
GFI1,brown4
GLB1L2,brown4
GLRA3,brown4
GLUL,brown4
GNAL,brown4
GNB1L,brown4
GNB2L1,brown4
GNG7,brown4
GNL2,brown4
GNPNAT1,brown4
GNRH1,brown4
GOLPH3L,brown4
GPN1,brown4
GPR108,brown4
GPR148,brown4
GPR37,brown4
GPSM2,brown4
GRB2,brown4
GRIA2,brown4
GRIK5,brown4
GRIN1,brown4
GRK6,brown4
GRM7,brown4
GTF2I,brown4
GTPBP10,brown4
GTPBP3,brown4
GYG1,brown4
H2AFX,brown4
HAX1,brown4
HCCA2,brown4
HCFC1R1,brown4
HCRTR1,brown4
HEATR6,brown4
HECTD1,brown4
HELZ,brown4
HEMK1,brown4
HERC3,brown4
HGF,brown4
HINT3,brown4
HIPK1,brown4
HIPK3,brown4
HIST1H2AI,brown4
HIST1H2AL,brown4
HIST1H2AM,brown4
HIST2H2AB,brown4
HIST3H2A,brown4
HIST4H4,brown4
HMGB2,brown4
HMGCL,brown4
HMGN4,brown4
HMGXB3,brown4
HNRNPA1,brown4
HNRNPD,brown4
HNRNPL,brown4
HORMAD2,brown4
HOXA7,brown4
HOXB2,brown4
HPCAL4,brown4
HPS1,brown4
HPSE,brown4
HPSE2,brown4
HRC,brown4
HRG,brown4
HS3ST1,brown4
HSBP1L1,brown4
HSF4,brown4
HSPA1L,brown4
HSPD1,brown4
HYAL2,brown4
HYI,brown4
IARS2,brown4
ICA1L,brown4
ICAM5,brown4
IDE,brown4
IFFO2,brown4
IFIT1,brown4
IFNGR1,brown4
IFRD1,brown4
IFT122,brown4
IFT140,brown4
IGF1R,brown4
IL1RAP,brown4
IMP4,brown4
IMPDH2,brown4
INSL3,brown4
INTS3,brown4
INTS5,brown4
IPO4,brown4
IRAK1BP1,brown4
IRS1,brown4
ISM2,brown4
ISOC2,brown4
ITGB4,brown4
ITGB5,brown4
ITPA,brown4
IZUMO1,brown4
JAZF1,brown4
JTB,brown4
KATNAL2,brown4
KBTBD3,brown4
KBTBD7,brown4
KCNA1,brown4
KCNA4,brown4
KCNB2,brown4
KCNE1,brown4
KCNJ2,brown4
KCNJ8,brown4
KCNK10,brown4
KCNK4,brown4
KCNN2,brown4
KCTD8,brown4
KDM2B,brown4
KHDC1,brown4
KHDRBS3,brown4
KIAA0195,brown4
KIAA0513,brown4
KIAA0586,brown4
KIAA0922,brown4
KIAA1377,brown4
KIAA1383,brown4
KIAA1467,brown4
KIAA1522,brown4
KIAA1530,brown4
KIAA1949,brown4
KIAA1967,brown4
KIAA2026,brown4
KIF14,brown4
KIF23,brown4
KIF26B,brown4
KIF6,brown4
KLF10,brown4
KLF15,brown4
KLF9,brown4
KLHDC2,brown4
KLHDC8B,brown4
KLRAQ1,brown4
KPNA6,brown4
LARP7,brown4
LAYN,brown4
LDHAL6A,brown4
LEMD3,brown4
LENG1,brown4
LHX5,brown4
LIAS,brown4
LIFR,brown4
LIPT2,brown4
LMAN2L,brown4
LMO1,brown4
LMO2,brown4
LOC100128191,brown4
LOC100133612,brown4
LOC100133985,brown4
LOC100134713,brown4
LOC148824,brown4
LOC222699,brown4
LOC399815,brown4
LOC399959,brown4
LOC400696,brown4
LOC440356,brown4
LOC441666,brown4
LOC642597,brown4
LOC647979,brown4
LOC652276,brown4
LOC729082,brown4
LOC729799,brown4
LONRF2,brown4
LPCAT3,brown4
LPHN2,brown4
LRCH3,brown4
LRP12,brown4
LRP3,brown4
LRRC28,brown4
LRRC41,brown4
LRRC47,brown4
LRRC59,brown4
LRRC8D,brown4
LRRFIP2,brown4
LSM2,brown4
LSM3,brown4
LSM5,brown4
LTB,brown4
LY6G5C,brown4
LYG2,brown4
LYSMD2,brown4
LYSMD4,brown4
MAD1L1,brown4
MAEL,brown4
MAFB,brown4
MAL2,brown4
MAN2C1,brown4
MANSC1,brown4
MAP2K7,brown4
MAR-01,brown4
MARK2,brown4
MAST4,brown4
MATN4,brown4
MBD2,brown4
MC4R,brown4
MCM10,brown4
MCM9,brown4
MDC1,brown4
MDH1B,brown4
MDM2,brown4
MED10,brown4
MED18,brown4
MEN1,brown4
MET,brown4
METAP2,brown4
MGAT2,brown4
MGMT,brown4
MGST3,brown4
MIR1288,brown4
MIR1292,brown4
MIR17HG,brown4
MIR29B2,brown4
MIXL1,brown4
MKL1,brown4
MLH1,brown4
MLL,brown4
MLXIPL,brown4
MMP17,brown4
MOBKL1B,brown4
MOCS3,brown4
MON1B,brown4
MORN4,brown4
MPHOSPH10,brown4
MPHOSPH6,brown4
MPP5,brown4
MRI1,brown4
MRP63,brown4
MRPL44,brown4
MRPL51,brown4
MRPL53,brown4
MRPS18B,brown4
MRPS23,brown4
MRPS24,brown4
MRPS28,brown4
MRPS9,brown4
MRS2,brown4
MS4A14,brown4
MSL2,brown4
MSRB2,brown4
MSTO1,brown4
MTDH,brown4
MTERF,brown4
MTHFS,brown4
MTMR12,brown4
MTMR6,brown4
MTP18,brown4
MTRF1,brown4
MTRF1L,brown4
MXD1,brown4
MXI1,brown4
MYCBP2,brown4
MYL12A,brown4
MYO1E,brown4
MYO3B,brown4
MYOM2,brown4
NAA38,brown4
NAP1L1,brown4
NAPB,brown4
NARFL,brown4
NARS2,brown4
NAT15,brown4
NBAS,brown4
NCAPH,brown4
NCL,brown4
NCRNA00094,brown4
NCRNA00167,brown4
NCRNA00188,brown4
NDEL1,brown4
NDST3,brown4
NEIL2,brown4
NEK2,brown4
NEK7,brown4
NEK8,brown4
NEU3,brown4
NEUROG2,brown4
NF1,brown4
NFE2L1,brown4
NFIA,brown4
NFIC,brown4
NFIX,brown4
NFKB2,brown4
NFYC,brown4
NGRN,brown4
NHLRC2,brown4
NHLRC3,brown4
NIPA1,brown4
NIPA2,brown4
NKX2-1,brown4
NKX3-1,brown4
NKX6-3,brown4
NMT2,brown4
NODAL,brown4
NOP2,brown4
NOTCH1,brown4
NOVA1,brown4
NPLOC4,brown4
NPY2R,brown4
NPY5R,brown4
NR2C2,brown4
NRSN2,brown4
NSMAF,brown4
NSUN6,brown4
NT5DC1,brown4
NTN4,brown4
NTNG1,brown4
NUCB2,brown4
NUCKS1,brown4
NUDT1,brown4
NUDT15,brown4
NUMA1,brown4
NUP35,brown4
NUS1,brown4
NXN,brown4
OLIG1,brown4
OPRD1,brown4
OR11H4,brown4
OSBP2,brown4
OSBPL6,brown4
OTUD7B,brown4
OVCA2,brown4
OXCT1,brown4
OXR1,brown4
P4HA1,brown4
PA2G4,brown4
PALLD,brown4
PANK3,brown4
PAOX,brown4
PAPOLG,brown4
PAPSS2,brown4
PARD3,brown4
PARD3B,brown4
PAX3,brown4
PAX6,brown4
PCBD2,brown4
PCCA,brown4
PCDHA6,brown4
PCDHB7,brown4
PCGF6,brown4
PCLO,brown4
PCNP,brown4
PCOTH,brown4
PCYOX1,brown4
PCYOX1L,brown4
PDCD2L,brown4
PDCD6,brown4
PDCL3,brown4
PDGFC,brown4
PDHX,brown4
PDIK1L,brown4
PDS5B,brown4
PDZRN4,brown4
PEPD,brown4
PFDN5,brown4
PFKFB4,brown4
PFN2,brown4
PGR,brown4
PHB,brown4
PHC2,brown4
PHF19,brown4
PHF21A,brown4
PHKB,brown4
PHLDA3,brown4
PHLPP1,brown4
PIK3R1,brown4
PIM1,brown4
PIP4K2A,brown4
PIP4K2B,brown4
PIP5K1C,brown4
PITPNA,brown4
PIWIL1,brown4
PKD2,brown4
PKMYT1,brown4
PLA2G16,brown4
PLCL1,brown4
PLEKHH2,brown4
PMVK,brown4
PNLDC1,brown4
PNN,brown4
PNPLA7,brown4
PNPLA8,brown4
PODNL1,brown4
POLH,brown4
POLL,brown4
POLQ,brown4
POLR3B,brown4
PON2,brown4
POU3F3,brown4
PPA2,brown4
PPFIBP2,brown4
PPIA,brown4
PPID,brown4
PPIH,brown4
PPIL5,brown4
PPOX,brown4
PPP1R12A,brown4
PPP1R2,brown4
PPP2R5E,brown4
PRCP,brown4
PRDM2,brown4
PRDM5,brown4
PRDM8,brown4
PRIM2,brown4
PRKAA2,brown4
PRKAG2,brown4
PRMT10,brown4
PROSC,brown4
PRPF19,brown4
PRRG4,brown4
PRRT4,brown4
PRSS22,brown4
PRSS50,brown4
PSENEN,brown4
PSMA3,brown4
PSMA4,brown4
PSMA5,brown4
PSMA6,brown4
PSMB1,brown4
PSMB3,brown4
PSMB9,brown4
PSMC2,brown4
PSMD5,brown4
PSMG1,brown4
PTBP2,brown4
PTPLA,brown4
PTPLAD1,brown4
PTPN21,brown4
PTPN5,brown4
PTPRA,brown4
PTPRF,brown4
PTPRN2,brown4
PTS,brown4
PUF60,brown4
PXMP4,brown4
PYGO1,brown4
RAB11FIP5,brown4
RAB1B,brown4
RAB20,brown4
RAB21,brown4
RAB3A,brown4
RAB3C,brown4
RAB3GAP1,brown4
RAB3GAP2,brown4
RABIF,brown4
RAD1,brown4
RAD18,brown4
RAD52,brown4
RAD54L,brown4
RAG1AP1,brown4
RAI14,brown4
RALBP1,brown4
RALGAPB,brown4
RANBP17,brown4
RAPGEF3,brown4
RAPH1,brown4
RARG,brown4
RASGRF2,brown4
RASGRP3,brown4
RASSF1,brown4
RBBP5,brown4
RBM22,brown4
RBM25,brown4
RBM5,brown4
RBPJ,brown4
RCN2,brown4
RCOR3,brown4
RECK,brown4
RECQL,brown4
RELA,brown4
RERE,brown4
RFC3,brown4
RGMA,brown4
RGMB,brown4
RGS10,brown4
RGS7,brown4
RHOBTB3,brown4
RHOF,brown4
RHPN1,brown4
RIBC2,brown4
RIC8A,brown4
RIMS3,brown4
RIT1,brown4
RLF,brown4
RNASEH2C,brown4
RNF10,brown4
RNF121,brown4
RNF122,brown4
RNF160,brown4
RNF19B,brown4
RNF215,brown4
RNH1,brown4
RNU11,brown4
RPL11,brown4
RPL18AP3,brown4
RPL23A,brown4
RPL30,brown4
RPL37,brown4
RPL7L1,brown4
RPRD2,brown4
RPS12,brown4
RPS25,brown4
RPS26,brown4
RPS27A,brown4
RPS5,brown4
RPS6KA2,brown4
RPS6KA4,brown4
RRAGC,brown4
RRAS,brown4
RRP1,brown4
RSPO2,brown4
RTEL1,brown4
RUFY1,brown4
RUNDC2A,brown4
RUNX2,brown4
SAMD4A,brown4
SAR1A,brown4
SAR1B,brown4
SCD,brown4
SCFD2,brown4
SCGN,brown4
SCT,brown4
SDAD1,brown4
SDK1,brown4
SDR39U1,brown4
SEC1,brown4
SEC24A,brown4
SEC24D,brown4
SECISBP2L,brown4
SEH1L,brown4
SEMA3A,brown4
SENP8,brown4
SEP-02,brown4
SERBP1,brown4
SERINC5,brown4
SETD4,brown4
SETD6,brown4
SETD8,brown4
SETDB2,brown4
SFRS13B,brown4
SFRS2B,brown4
SFT2D3,brown4
SGCE,brown4
SH3GLB1,brown4
SH3RF1,brown4
SH3YL1,brown4
SHF,brown4
SHMT2,brown4
SIRT7,brown4
SKIV2L2,brown4
SLC10A7,brown4
SLC12A6,brown4
SLC12A9,brown4
SLC16A3,brown4
SLC17A5,brown4
SLC19A1,brown4
SLC22A5,brown4
SLC25A13,brown4
SLC25A44,brown4
SLC29A1,brown4
SLC2A11,brown4
SLC2A4,brown4
SLC30A5,brown4
SLC30A7,brown4
SLC30A9,brown4
SLC33A1,brown4
SLC35A1,brown4
SLC35B1,brown4
SLC35E3,brown4
SLC35F2,brown4
SLC35F3,brown4
SLC36A1,brown4
SLC38A10,brown4
SLC39A3,brown4
SLC39A4,brown4
SLC41A1,brown4
SLC43A1,brown4
SLC6A17,brown4
SLC8A3,brown4
SLCO5A1,brown4
SLCO6A1,brown4
SMAD2,brown4
SMAD4,brown4
SMAD5,brown4
SMC4,brown4
SMCR7,brown4
SMEK2,brown4
SMG6,brown4
SMN1,brown4
SMOC2,brown4
SND1,brown4
SNHG12,brown4
SNHG9,brown4
SNORA26,brown4
SNORD2,brown4
SNORD45C,brown4
SNW1,brown4
SNX10,brown4
SNX14,brown4
SNX30,brown4
SOCS2,brown4
SORCS2,brown4
SORCS3,brown4
SOX2OT,brown4
SOX5,brown4
SP1,brown4
SPAG16,brown4
SPATA5,brown4
SPATA6,brown4
SPATA7,brown4
SPEN,brown4
SPHK2,brown4
SPOCK3,brown4
SPPL2A,brown4
SPRYD4,brown4
SPSB4,brown4
SPTLC2,brown4
SRA1,brown4
SRF,brown4
SRGAP1,brown4
SRM,brown4
SRP54,brown4
SRP72,brown4
SRRM4,brown4
SSR2,brown4
ST3GAL4,brown4
ST6GALNAC5,brown4
ST8SIA4,brown4
STAMBP,brown4
STARD10,brown4
STARD9,brown4
STAT4,brown4
STK10,brown4
STMN1,brown4
STOML2,brown4
SUB1,brown4
SUCLA2,brown4
SUCLG1,brown4
SUFU,brown4
SUMO1,brown4
SUPV3L1,brown4
SYNCRIP,brown4
SYNE1,brown4
SYNJ1,brown4
SYT15,brown4
SYT8,brown4
TACC2,brown4
TADA1,brown4
TAF1C,brown4
TAF7,brown4
TAOK1,brown4
TAP1,brown4
TAPBP,brown4
TARBP2,brown4
TATDN3,brown4
TBC1D23,brown4
TBPL1,brown4
TBXA2R,brown4
TCEA3,brown4
TCF4,brown4
TCP11L2,brown4
TEAD4,brown4
TESK2,brown4
TEX10,brown4
TFAP2A,brown4
TFIP11,brown4
TGFB1I1,brown4
THAP3,brown4
TIMM8B,brown4
TLE6,brown4
TM9SF3,brown4
TMC4,brown4
TMCO1,brown4
TMCO6,brown4
TMED1,brown4
TMED10,brown4
TMEM108,brown4
TMEM132E,brown4
TMEM146,brown4
TMEM150A,brown4
TMEM168,brown4
TMEM170A,brown4
TMEM170B,brown4
TMEM184B,brown4
TMEM194B,brown4
TMEM22,brown4
TMEM229B,brown4
TMEM232,brown4
TMEM51,brown4
TMEM59L,brown4
TMEM65,brown4
TMEM70,brown4
TMEM85,brown4
TMF1,brown4
TMX2,brown4
TNFSF13,brown4
TNFSF13B,brown4
TNKS2,brown4
TNPO1,brown4
TNRC18,brown4
TNRC4,brown4
TNRC6B,brown4
TOP2A,brown4
TOPBP1,brown4
TOR1AIP1,brown4
TPD52L1,brown4
TPK1,brown4
TRA2A,brown4
TRAIP,brown4
TRDMT1,brown4
TRIAP1,brown4
TRIM2,brown4
TRIM27,brown4
TRIM61,brown4
TRIP10,brown4
TSGA13,brown4
TSNAX-DISC1,brown4
TSPAN10,brown4
TSPAN5,brown4
TSPAN9,brown4
TSPYL4,brown4
TTC26,brown4
TTC30A,brown4
TTC39C,brown4
TTC9,brown4
TTC9C,brown4
TUBB,brown4
TUBD1,brown4
TUBGCP5,brown4
TWSG1,brown4
TXNDC12,brown4
TXNDC9,brown4
TXNL1,brown4
TXNRD1,brown4
TYK2,brown4
TYSND1,brown4
UBA3,brown4
UBA52,brown4
UBE2D3,brown4
UBE4A,brown4
UBIAD1,brown4
UBOX5,brown4
UCRC,brown4
UFD1L,brown4
UHRF1BP1,brown4
UNC5B,brown4
UQCRC2,brown4
UQCRFS1,brown4
URB1,brown4
USO1,brown4
USP12,brown4
USP14,brown4
USP15,brown4
USP22,brown4
USP30,brown4
USP39,brown4
USP4,brown4
USP42,brown4
USP45,brown4
USPL1,brown4
VARS2,brown4
VAV3,brown4
VENTX,brown4
VEZF1,brown4
VPS11,brown4
VPS13C,brown4
VPS28,brown4
VPS45,brown4
VPS4B,brown4
VPS52,brown4
VWA2,brown4
VWC2,brown4
WBP4,brown4
WBSCR27,brown4
WDR1,brown4
WDR19,brown4
WDR33,brown4
WDR41,brown4
WDR43,brown4
WDR45L,brown4
WDR7,brown4
WDR85,brown4
WSB1,brown4
WTAP,brown4
XAB2,brown4
XKR4,brown4
XPNPEP3,brown4
XPO1,brown4
XRCC1,brown4
XRCC4,brown4
XRRA1,brown4
YWHAG,brown4
YWHAQ,brown4
ZBED4,brown4
ZBTB10,brown4
ZBTB20,brown4
ZBTB22,brown4
ZC3H13,brown4
ZC3HC1,brown4
ZCCHC2,brown4
ZDHHC14,brown4
ZDHHC5,brown4
ZEB1,brown4
ZFAND3,brown4
ZFHX4,brown4
ZFP28,brown4
ZFR2,brown4
ZFYVE20,brown4
ZIC1,brown4
ZKSCAN1,brown4
ZMAT2,brown4
ZMYND11,brown4
ZNF114,brown4
ZNF12,brown4
ZNF133,brown4
ZNF140,brown4
ZNF141,brown4
ZNF142,brown4
ZNF148,brown4
ZNF202,brown4
ZNF212,brown4
ZNF219,brown4
ZNF232,brown4
ZNF235,brown4
ZNF251,brown4
ZNF253,brown4
ZNF268,brown4
ZNF287,brown4
ZNF324B,brown4
ZNF331,brown4
ZNF346,brown4
ZNF37B,brown4
ZNF389,brown4
ZNF391,brown4
ZNF43,brown4
ZNF468,brown4
ZNF500,brown4
ZNF510,brown4
ZNF527,brown4
ZNF564,brown4
ZNF568,brown4
ZNF569,brown4
ZNF584,brown4
ZNF585B,brown4
ZNF628,brown4
ZNF646,brown4
ZNF684,brown4
ZNF793,brown4
ZNF841,brown4
ZNRD1,brown4
ZSCAN18,brown4
ZSWIM7,brown4
AARSD1,cyan
AATF,cyan
ABCB4,cyan
ABP1,cyan
ABR,cyan
ADA,cyan
ADAM19,cyan
ADAMTS18,cyan
ADAT2,cyan
ADORA1,cyan
ADPGK,cyan
ADSSL1,cyan
AEBP2,cyan
AFF3,cyan
AGER,cyan
AGPAT4,cyan
AGXT2L1,cyan
AHNAK2,cyan
AHRR,cyan
AKAP13,cyan
AKT2,cyan
ALCAM,cyan
ALDH1A3,cyan
ALDH1L1,cyan
ALG10B,cyan
ALG14,cyan
ANAPC7,cyan
ANKH,cyan
ANKRD10,cyan
ANKRD33B,cyan
ANKRD53,cyan
ANKS1A,cyan
ANKS1B,cyan
ANP32A,cyan
ANTXR1,cyan
AP2A1,cyan
APAF1,cyan
APBB1,cyan
APEH,cyan
APITD1,cyan
APPL1,cyan
ARAP2,cyan
ARF4,cyan
ARHGAP19,cyan
ARHGAP20,cyan
ARHGAP22,cyan
ARHGAP24,cyan
ARHGEF10,cyan
ARHGEF18,cyan
ARHGEF19,cyan
ARHGEF7,cyan
ARL13B,cyan
ARL5B,cyan
ARMC3,cyan
ARPC2,cyan
ARSB,cyan
ASXL3,cyan
ATAD1,cyan
ATF3,cyan
ATG2A,cyan
ATP10D,cyan
ATP13A1,cyan
ATP13A2,cyan
ATP2B2,cyan
ATP5E,cyan
ATP5G2,cyan
ATP5O,cyan
ATRNL1,cyan
B3GALT4,cyan
B4GALNT1,cyan
BAT1,cyan
BBS12,cyan
BDNF,cyan
BIRC6,cyan
BLOC1S3,cyan
BNIP1,cyan
BRD2,cyan
BRD8,cyan
BRI3BP,cyan
BTBD3,cyan
BTBD9,cyan
BTN2A3,cyan
C10ORF32,cyan
C10ORF41,cyan
C10ORF46,cyan
C10ORF84,cyan
C11ORF1,cyan
C11ORF31,cyan
C11ORF41,cyan
C11ORF46,cyan
C11ORF60,cyan
C11ORF83,cyan
C12ORF10,cyan
C12ORF42,cyan
C12ORF73,cyan
C14ORF132,cyan
C14ORF80,cyan
C15ORF42,cyan
C15ORF59,cyan
C17ORF63,cyan
C17ORF80,cyan
C19ORF20,cyan
C19ORF24,cyan
C19ORF44,cyan
C19ORF57,cyan
C19ORF62,cyan
C1ORF122,cyan
C1ORF124,cyan
C1ORF144,cyan
C1ORF185,cyan
C1ORF21,cyan
C1ORF212,cyan
C1ORF86,cyan
C1ORF97,cyan
C1QTNF2,cyan
C1QTNF7,cyan
C20ORF103,cyan
C20ORF94,cyan
C21ORF33,cyan
C21ORF56,cyan
C4ORF3,cyan
C4ORF34,cyan
C5ORF52,cyan
C6ORF114,cyan
C6ORF115,cyan
C6ORF125,cyan
C6ORF174,cyan
C6ORF192,cyan
C7ORF36,cyan
C7ORF52,cyan
C7ORF70,cyan
C8ORF41,cyan
C8ORF80,cyan
CACNA1A,cyan
CACNB4,cyan
CACNG8,cyan
CADM1,cyan
CADM2,cyan
CAMTA2,cyan
CANX,cyan
CAPZA2,cyan
CASC4,cyan
CAV1,cyan
CBARA1,cyan
CBX6,cyan
CCDC150,cyan
CCDC163P,cyan
CCDC42,cyan
CCDC72,cyan
CCDC84,cyan
CCDC85A,cyan
CCNH,cyan
CCNO,cyan
CDADC1,cyan
CDCA7L,cyan
CDKN1A,cyan
CDKN1C,cyan
CEBPB,cyan
CEP170,cyan
CEP97,cyan
CHCHD5,cyan
CHCHD8,cyan
CHID1,cyan
CHL1,cyan
CHMP1B,cyan
CHRNB2,cyan
CIC,cyan
CLCN2,cyan
CLN3,cyan
CMTM3,cyan
CNOT10,cyan
CNOT8,cyan
COBL,cyan
COBLL1,cyan
COL12A1,cyan
COL29A1,cyan
COL9A1,cyan
COPS4,cyan
COPS5,cyan
COQ10A,cyan
CORO2A,cyan
COX19,cyan
COX5A,cyan
COX6B1,cyan
CPD,cyan
CPLX2,cyan
CPXM2,cyan
CR1,cyan
CREB5,cyan
CREM,cyan
CRIM1,cyan
CRISPLD1,cyan
CRLF1,cyan
CSMD2,cyan
CST3,cyan
CTBP1,cyan
CTDP1,cyan
CUEDC1,cyan
CUX2,cyan
CWC15,cyan
CWC22,cyan
CYB5R2,cyan
CYP51A1,cyan
DALRD3,cyan
DARS,cyan
DCP1B,cyan
DDAH2,cyan
DDX42,cyan
DENND4B,cyan
DEPDC7,cyan
DERL1,cyan
DHPS,cyan
DHRS7B,cyan
DKK1,cyan
DLC1,cyan
DLGAP4,cyan
DLX3,cyan
DMTF1,cyan
DNAH7,cyan
DNAJC25-GNG10,cyan
DNAJC6,cyan
DNAJC7,cyan
DNMT3A,cyan
DOCK9,cyan
DOK4,cyan
DPH1,cyan
DPP7,cyan
DRAM1,cyan
DRG1,cyan
DSPP,cyan
DUSP23,cyan
DUSP4,cyan
DYNC1LI2,cyan
EBAG9,cyan
EBF3,cyan
ECH1,cyan
ECHDC1,cyan
EDARADD,cyan
EDEM3,cyan
EGR3,cyan
EHBP1,cyan
EIF1,cyan
EIF1B,cyan
EIF2S1,cyan
EIF3B,cyan
EIF3E,cyan
EIF5A,cyan
ELL,cyan
ELOVL5,cyan
ELOVL7,cyan
EMID1,cyan
EN2,cyan
EPB41L2,cyan
EPCAM,cyan
EPHA5,cyan
EPHX2,cyan
ERC1,cyan
ERCC5,cyan
ERCC6,cyan
ERI2,cyan
ERI3,cyan
ERLIN2,cyan
ESR2,cyan
ETV1,cyan
EWSR1,cyan
EXOC2,cyan
EXOG,cyan
EXOSC10,cyan
FADS1,cyan
FAF2,cyan
FAM109A,cyan
FAM13B,cyan
FAM150A,cyan
FAM161A,cyan
FAM163A,cyan
FAM178A,cyan
FAM196B,cyan
FAM19A2,cyan
FAM38A,cyan
FAM5B,cyan
FAM8A1,cyan
FANCL,cyan
FARP2,cyan
FBN2,cyan
FBXL18,cyan
FBXW7,cyan
FCHO2,cyan
FERMT1,cyan
FEZ1,cyan
FGF12,cyan
FIGN,cyan
FIP1L1,cyan
FLT4,cyan
FNBP1,cyan
FOXL2,cyan
FXR2,cyan
G3BP2,cyan
GABBR1,cyan
GABPB2,cyan
GABRA1,cyan
GABRA2,cyan
GAP43,cyan
GCA,cyan
GCLC,cyan
GJB2,cyan
GLCCI1,cyan
GLIPR1L2,cyan
GM2A,cyan
GNAI3,cyan
GNG4,cyan
GOLGA1,cyan
GOLPH3L,cyan
GOLT1A,cyan
GON4L,cyan
GPAM,cyan
GPBP1,cyan
GPBP1L1,cyan
GPR160,cyan
GPRC5B,cyan
GPSM1,cyan
GRAMD1B,cyan
GREM2,cyan
GRID2,cyan
GRK4,cyan
GSTA4,cyan
GTF2A1,cyan
GTF2A2,cyan
GTF2B,cyan
GTF3C2,cyan
H3F3B,cyan
HADH,cyan
HAGH,cyan
HARS2,cyan
HAS3,cyan
HAT1,cyan
HAX1,cyan
HBM,cyan
HCG27,cyan
HCG9,cyan
HCP5,cyan
HEXA,cyan
HHAT,cyan
HIGD2B,cyan
HIPK3,cyan
HIST1H2AC,cyan
HIST1H2BH,cyan
HIST3H2A,cyan
HIVEP1,cyan
HLA-C,cyan
HLA-DPB2,cyan
HLA-DRB1,cyan
HLA-L,cyan
HN1L,cyan
HNRNPAB,cyan
HNRNPH1,cyan
HNRNPM,cyan
HORMAD2,cyan
HOXB13,cyan
HPGD,cyan
HRASLS5,cyan
HS3ST2,cyan
HSBP1,cyan
HTRA1,cyan
HYLS1,cyan
ICT1,cyan
IER2,cyan
IFI6,cyan
IGDCC4,cyan
IKBKB,cyan
IL1A,cyan
IL1RAP,cyan
IL1RL1,cyan
IMPG1,cyan
INCENP,cyan
INPPL1,cyan
INS-IGF2,cyan
IP6K1,cyan
IRF3,cyan
ITPA,cyan
KANK2,cyan
KCNA3,cyan
KCNH1,cyan
KCNQ2,cyan
KDM2A,cyan
KDM4A,cyan
KIAA0226,cyan
KIAA0427,cyan
KIAA1671,cyan
KIAA1712,cyan
KIAA1715,cyan
KIAA1751,cyan
KIF11,cyan
KIF1C,cyan
KIFC2,cyan
KITLG,cyan
KLHDC4,cyan
KPNA4,cyan
KRCC1,cyan
KREMEN2,cyan
KRT86,cyan
LAMA1,cyan
LAMA2,cyan
LANCL2,cyan
LARP7,cyan
LATS2,cyan
LDLRAP1,cyan
LGR4,cyan
LIPT2,cyan
LITAF,cyan
LMLN,cyan
LMTK2,cyan
LMTK3,cyan
LOC100130987,cyan
LOC100268168,cyan
LOC153684,cyan
LOC285375,cyan
LOC441666,cyan
LOC729338,cyan
LOC729467,cyan
LOH12CR1,cyan
LONRF1,cyan
LRFN2,cyan
LRGUK,cyan
LRP8,cyan
LRPPRC,cyan
LRRC27,cyan
LRRC41,cyan
LRRC43,cyan
LRRC47,cyan
LRRC8D,cyan
LRRCC1,cyan
LSAMP,cyan
LSM6,cyan
LTBP3,cyan
LY6G5C,cyan
LYPLA1,cyan
LYRM2,cyan
LYSMD4,cyan
MACF1,cyan
MAD1L1,cyan
MAF,cyan
MAGI2,cyan
MALAT1,cyan
MAN1A1,cyan
MAN2A1,cyan
MAP1B,cyan
MAP2K1,cyan
MAP3K14,cyan
MAP3K8,cyan
MAP3K9,cyan
MAP4,cyan
MAP9,cyan
MAPRE1,cyan
MAR-10,cyan
MARCO,cyan
MARK3,cyan
MARS,cyan
MAST4,cyan
MC1R,cyan
MCM10,cyan
MDH1,cyan
MEA1,cyan
MEAF6,cyan
MED10,cyan
MED11,cyan
MED15,cyan
MED20,cyan
MEOX2,cyan
MEPCE,cyan
METTL3,cyan
MFAP3,cyan
MFGE8,cyan
MIR129-2,cyan
MIR208B,cyan
MIR548C,cyan
MIR548H4,cyan
MIR563,cyan
MIR599,cyan
MIR636,cyan
MKI67IP,cyan
MLF1IP,cyan
MLLT1,cyan
MLLT10,cyan
MMACHC,cyan
MNAT1,cyan
MND1,cyan
MOCS2,cyan
MORF4L1,cyan
MORN4,cyan
MPPE1,cyan
MPZL3,cyan
MREG,cyan
MRI1,cyan
MRPL4,cyan
MRPS12,cyan
MRPS31,cyan
MRPS9,cyan
MSL1,cyan
MSRA,cyan
MSRB3,cyan
MTCH2,cyan
MTHFD1,cyan
MTMR15,cyan
MTOR,cyan
MXD4,cyan
MYADM,cyan
MYL6,cyan
MYO10,cyan
MYO1D,cyan
MYOCD,cyan
MYOF,cyan
NAA15,cyan
NAGLU,cyan
NAIP,cyan
NBEAL2,cyan
NCAPD2,cyan
NCAPD3,cyan
NCRNA00173,cyan
NCSTN,cyan
NDRG2,cyan
NDUFA4L2,cyan
NDUFC2,cyan
NEDD4,cyan
NEDD9,cyan
NEIL2,cyan
NEU1,cyan
NEUROG2,cyan
NHLRC3,cyan
NHP2L1,cyan
NKX3-2,cyan
NLK,cyan
NMB,cyan
NNT,cyan
NOP10,cyan
NPC1,cyan
NR4A2,cyan
NSUN2,cyan
NSUN3,cyan
NSUN4,cyan
NUBP1,cyan
NUDT12,cyan
NUDT16L1,cyan
NUDT18,cyan
NUP155,cyan
NUP54,cyan
NUP93,cyan
NXPH1,cyan
NXPH4,cyan
OC90,cyan
ODZ4,cyan
OGDH,cyan
OGG1,cyan
OLFM4,cyan
OLFML2B,cyan
OR52E4,cyan
OR5V1,cyan
OSBPL9,cyan
OSGEPL1,cyan
OTUB2,cyan
OXNAD1,cyan
P2RX5,cyan
P2RY6,cyan
PA2G4,cyan
PADI2,cyan
PANK2,cyan
PANX1,cyan
PANX2,cyan
PARK2,cyan
PARK7,cyan
PARP11,cyan
PARS2,cyan
PAX9,cyan
PCDH10,cyan
PCDH18,cyan
PCDH9,cyan
PCGF3,cyan
PCMTD1,cyan
PCMTD2,cyan
PCSK6,cyan
PDE10A,cyan
PDE4B,cyan
PDE4C,cyan
PDE8B,cyan
PDGFC,cyan
PDGFRL,cyan
PDSS1,cyan
PDSS2,cyan
PDZRN3,cyan
PEBP1,cyan
PELP1,cyan
PEPD,cyan
PES1,cyan
PFKFB3,cyan
PGP,cyan
PHACTR2,cyan
PHOX2A,cyan
PHYHIPL,cyan
PI4K2A,cyan
PIP4K2C,cyan
PITPNA,cyan
PKIB,cyan
PLCXD2,cyan
PLXND1,cyan
PNMT,cyan
PNRC1,cyan
PNRC2,cyan
POFUT1,cyan
POLE,cyan
POLN,cyan
POLR1A,cyan
POLR3H,cyan
POMGNT1,cyan
POU2F1,cyan
POU3F2,cyan
POU6F2,cyan
PPAP2A,cyan
PPAPDC1A,cyan
PPBP,cyan
PPFIBP1,cyan
PPP1R16B,cyan
PPP1R9A,cyan
PPP2CA,cyan
PPP2R2A,cyan
PPP2R5E,cyan
PRDM5,cyan
PRDM6,cyan
PRELID2,cyan
PRKAB2,cyan
PRKCH,cyan
PRKCI,cyan
PRKG1,cyan
PRMT2,cyan
PRPF31,cyan
PRPF39,cyan
PRR23B,cyan
PRR5L,cyan
PSD,cyan
PSD3,cyan
PSMA5,cyan
PSMB8,cyan
PSMB9,cyan
PSMC4,cyan
PSMD11,cyan
PSMG4,cyan
PTBP1,cyan
PTEN,cyan
PTPN12,cyan
PTPRB,cyan
PTPRN,cyan
PTTG1IP,cyan
PUS7,cyan
PVALB,cyan
PVRL1,cyan
PVT1,cyan
PYGM,cyan
QRICH1,cyan
RAB23,cyan
RAB30,cyan
RAB43,cyan
RAB5A,cyan
RAB5B,cyan
RAB6B,cyan
RABGEF1,cyan
RABGGTA,cyan
RAD1,cyan
RAD51L3,cyan
RADIL,cyan
RAE1,cyan
RAMP1,cyan
RASA1,cyan
RB1,cyan
RBM12B,cyan
RBM28,cyan
RBM33,cyan
RBM38,cyan
RBMS1,cyan
RBP1,cyan
RCC2,cyan
RCOR3,cyan
RELB,cyan
RERE,cyan
RESP18,cyan
RFC2,cyan
RFPL4B,cyan
RFX4,cyan
RFX6,cyan
RGS12,cyan
RHOT1,cyan
RHOU,cyan
RIF1,cyan
RIMKLB,cyan
RIPPLY2,cyan
RND3,cyan
RNF103,cyan
RNF139,cyan
RNF19B,cyan
RNF213,cyan
RNF41,cyan
RNFT1,cyan
RNPC3,cyan
RNPEP,cyan
ROR1,cyan
RPAP2,cyan
RPL13,cyan
RPL14,cyan
RPN1,cyan
RPN2,cyan
RPS9,cyan
RPTOR,cyan
RSPH4A,cyan
RTDR1,cyan
RTN4RL2,cyan
RUNDC3B,cyan
RYK,cyan
SAMD12,cyan
SAMD9,cyan
SAPS3,cyan
SAR1A,cyan
SCAMP3,cyan
SCAND3,cyan
SCARF2,cyan
SCLY,cyan
SCNM1,cyan
SCRIB,cyan
SCRN1,cyan
SDF2L1,cyan
SDHA,cyan
SDHC,cyan
SEC1,cyan
SEC14L1,cyan
SEC14L5,cyan
SEMA3C,cyan
SEP-15,cyan
SERTAD1,cyan
SF1,cyan
SF3B5,cyan
SFPQ,cyan
SFRS13B,cyan
SFRS3,cyan
SFRS5,cyan
SFRS7,cyan
SGCD,cyan
SGCE,cyan
SH3BP5,cyan
SHANK2,cyan
SHQ1,cyan
SIK2,cyan
SIRT1,cyan
SKI,cyan
SKIL,cyan
SLAMF8,cyan
SLC10A7,cyan
SLC12A6,cyan
SLC12A9,cyan
SLC25A24,cyan
SLC25A26,cyan
SLC30A5,cyan
SLC30A7,cyan
SLC35B4,cyan
SLC38A2,cyan
SLC39A8,cyan
SLC41A3,cyan
SLC44A4,cyan
SLC46A3,cyan
SLCO5A1,cyan
SLITRK3,cyan
SLMO1,cyan
SLN,cyan
SMAD7,cyan
SMNDC1,cyan
SNCA,cyan
SNCAIP,cyan
SNORD27,cyan
SNORD46,cyan
SNRNP35,cyan
SNRPB2,cyan
SNRPG,cyan
SNTB1,cyan
SNX18,cyan
SNX3,cyan
SORBS1,cyan
SORCS2,cyan
SORT1,cyan
SOS1,cyan
SOX11,cyan
SOX5,cyan
SPAG5,cyan
SPATA7,cyan
SPATS2L,cyan
SPCS3,cyan
SPEF2,cyan
SPEN,cyan
SPG20,cyan
SPIN1,cyan
SPINT2,cyan
SPPL2B,cyan
SPSB4,cyan
SRD5A2,cyan
SRRM2,cyan
SSBP2,cyan
SSFA2,cyan
SSPN,cyan
SSRP1,cyan
ST3GAL4,cyan
ST7,cyan
STARD9,cyan
STAT3,cyan
STOX2,cyan
STRA13,cyan
STRN3,cyan
SUMF2,cyan
SUMO1,cyan
SUMO3,cyan
SUPT4H1,cyan
SUPV3L1,cyan
SYNGAP1,cyan
SYTL2,cyan
T,cyan
TACC1,cyan
TAP1,cyan
TAPBP,cyan
TARS2,cyan
TBC1D1,cyan
TBC1D19,cyan
TBCB,cyan
TCF4,cyan
TCF7,cyan
TCTE3,cyan
TFDP2,cyan
TGDS,cyan
TGM5,cyan
THG1L,cyan
THPO,cyan
THRB,cyan
THSD7A,cyan
TIA1,cyan
TIAL1,cyan
TIAM1,cyan
TIRAP,cyan
TLE3,cyan
TMED3,cyan
TMEM126B,cyan
TMEM130,cyan
TMEM146,cyan
TMEM167B,cyan
TMEM208,cyan
TMEM48,cyan
TMEM87B,cyan
TMPRSS4,cyan
TNFSF11,cyan
TNPO1,cyan
TOP3A,cyan
TOR1AIP2,cyan
TPCN2,cyan
TPRG1L,cyan
TRAFD1,cyan
TRAK2,cyan
TRIM26,cyan
TRIM41,cyan
TRIM6,cyan
TRIM6-TRIM34,cyan
TRMT1,cyan
TRMT11,cyan
TRPS1,cyan
TRPV6,cyan
TSC2,cyan
TTC18,cyan
TTC23,cyan
TTC32,cyan
TUBB2B,cyan
TUSC1,cyan
TWF1,cyan
TXLNA,cyan
UBE2B,cyan
UBE2E1,cyan
UBE2L6,cyan
UBE2T,cyan
UBE3B,cyan
UBL5,cyan
UBR1,cyan
UBTF,cyan
UFD1L,cyan
UFSP2,cyan
UHRF1,cyan
UNC5C,cyan
UNC5D,cyan
UQCR,cyan
USMG5,cyan
USP3,cyan
USP30,cyan
USP46,cyan
UTP11L,cyan
UTP6,cyan
VDR,cyan
VEPH1,cyan
VGLL4,cyan
VPS24,cyan
VPS52,cyan
VPS54,cyan
VTRNA1-1,cyan
VWC2L,cyan
WAC,cyan
WASF1,cyan
WBP1,cyan
WDR17,cyan
WDR46,cyan
WDR89,cyan
WIPF1,cyan
WIZ,cyan
WNT2B,cyan
XKR9,cyan
XRCC4,cyan
YBX1,cyan
YLPM1,cyan
YTHDF2,cyan
ZBTB2,cyan
ZBTB42,cyan
ZC3H15,cyan
ZC3H4,cyan
ZCCHC3,cyan
ZDHHC14,cyan
ZEB2,cyan
ZFAND1,cyan
ZFAND6,cyan
ZFP161,cyan
ZKSCAN2,cyan
ZMPSTE24,cyan
ZMYM4,cyan
ZNF12,cyan
ZNF167,cyan
ZNF174,cyan
ZNF193,cyan
ZNF23,cyan
ZNF239,cyan
ZNF263,cyan
ZNF268,cyan
ZNF277,cyan
ZNF311,cyan
ZNF32,cyan
ZNF330,cyan
ZNF346,cyan
ZNF35,cyan
ZNF420,cyan
ZNF446,cyan
ZNF471,cyan
ZNF486,cyan
ZNF492,cyan
ZNF517,cyan
ZNF546,cyan
ZNF559,cyan
ZNF578,cyan
ZNF586,cyan
ZNF607,cyan
ZNF629,cyan
ZNF687,cyan
ZNF702P,cyan
ZNF704,cyan
ZNF721,cyan
ZNF740,cyan
ZNF778,cyan
ZNF800,cyan
ZNHIT2,cyan
ABCB10,darkgreen
ABCD3,darkgreen
ABHD6,darkgreen
ABI3BP,darkgreen
ACO2,darkgreen
ACRBP,darkgreen
ACTG1,darkgreen
ADAMTS17,darkgreen
ADARB2,darkgreen
ADAT2,darkgreen
ADCY2,darkgreen
ADCYAP1,darkgreen
ADCYAP1R1,darkgreen
AFF4,darkgreen
AFTPH,darkgreen
AGAP1,darkgreen
AGBL3,darkgreen
AGL,darkgreen
AGRN,darkgreen
AHCY,darkgreen
AHRR,darkgreen
AK1,darkgreen
AK3L1,darkgreen
AKAP7,darkgreen
AKD1,darkgreen
ALDH4A1,darkgreen
ALDH5A1,darkgreen
ALDH9A1,darkgreen
ALG1,darkgreen
AMIGO2,darkgreen
ANGEL1,darkgreen
ANKLE1,darkgreen
ANKRD13B,darkgreen
ANKRD26,darkgreen
AOX1,darkgreen
AP2A2,darkgreen
AP3B1,darkgreen
AP4S1,darkgreen
APLP1,darkgreen
APRT,darkgreen
ARCN1,darkgreen
ARID3A,darkgreen
ARID4A,darkgreen
ARL10,darkgreen
ARL6IP5,darkgreen
ARL6IP6,darkgreen
ARNT,darkgreen
ASAP2,darkgreen
ATAD1,darkgreen
ATF6,darkgreen
ATG16L1,darkgreen
ATM,darkgreen
ATP2A2,darkgreen
ATP2B4,darkgreen
ATP5A1,darkgreen
ATP5H,darkgreen
ATP6V0A2,darkgreen
ATP6V1H,darkgreen
ATPGD1,darkgreen
AURKB,darkgreen
B3GNT2,darkgreen
B4GALNT3,darkgreen
BASP1,darkgreen
BAZ1B,darkgreen
BCAP29,darkgreen
BCAT2,darkgreen
BCKDHB,darkgreen
BCO2,darkgreen
BDNF,darkgreen
BFSP2,darkgreen
BLCAP,darkgreen
BLM,darkgreen
BMI1,darkgreen
BNIP3L,darkgreen
BOLA3,darkgreen
BPESC1,darkgreen
BRD2,darkgreen
BRUNOL4,darkgreen
BTBD10,darkgreen
BTNL2,darkgreen
BUB1B,darkgreen
C10ORF93,darkgreen
C11ORF75,darkgreen
C12ORF23,darkgreen
C13ORF39,darkgreen
C14ORF109,darkgreen
C14ORF179,darkgreen
C17ORF48,darkgreen
C17ORF49,darkgreen
C19ORF29,darkgreen
C19ORF39,darkgreen
C19ORF45,darkgreen
C1ORF135,darkgreen
C20ORF194,darkgreen
C2CD2L,darkgreen
C2ORF15,darkgreen
C2ORF69,darkgreen
C4ORF29,darkgreen
C5ORF45,darkgreen
C6ORF10,darkgreen
C6ORF134,darkgreen
C6ORF138,darkgreen
C6ORF147,darkgreen
C6ORF217,darkgreen
C6ORF52,darkgreen
C7ORF68,darkgreen
C8ORF47,darkgreen
C8ORF51,darkgreen
C8ORF56,darkgreen
C9ORF21,darkgreen
CA3,darkgreen
CABYR,darkgreen
CACNB4,darkgreen
CACNG2,darkgreen
CAMTA1,darkgreen
CAND1,darkgreen
CAND2,darkgreen
CASC5,darkgreen
CAT,darkgreen
CBLL1,darkgreen
CCDC101,darkgreen
CCDC117,darkgreen
CCDC13,darkgreen
CCDC45,darkgreen
CCDC46,darkgreen
CCDC52,darkgreen
CCNA1,darkgreen
CCNC,darkgreen
CCT2,darkgreen
CDC123,darkgreen
CDC16,darkgreen
CDC25B,darkgreen
CDC42BPG,darkgreen
CDK7,darkgreen
CDO1,darkgreen
CDSN,darkgreen
CEP170,darkgreen
CHD1L,darkgreen
CHD9,darkgreen
CHEK1,darkgreen
CHRAC1,darkgreen
CIB2,darkgreen
CISH,darkgreen
CKAP5,darkgreen
CLASP1,darkgreen
CLCN2,darkgreen
CLEC12B,darkgreen
CLEC14A,darkgreen
CLEC16A,darkgreen
CLIC4,darkgreen
CLIC6,darkgreen
CLIP2,darkgreen
CLP1,darkgreen
CLVS2,darkgreen
CLYBL,darkgreen
CMIP,darkgreen
CNN2,darkgreen
CNOT4,darkgreen
CNPY3,darkgreen
CNTNAP5,darkgreen
COL23A1,darkgreen
COL24A1,darkgreen
COL5A1,darkgreen
COL9A1,darkgreen
COMMD3,darkgreen
COMMD8,darkgreen
COPS5,darkgreen
COPS7A,darkgreen
COPS7B,darkgreen
CORO2B,darkgreen
COX4NB,darkgreen
COX7C,darkgreen
COX8A,darkgreen
CP110,darkgreen
CPEB3,darkgreen
CPNE8,darkgreen
CRADD,darkgreen
CREB5,darkgreen
CRELD2,darkgreen
CRLF1,darkgreen
CRLF3,darkgreen
CSDE1,darkgreen
CSNK1A1,darkgreen
CSNK2A1,darkgreen
CTSA,darkgreen
CTXN1,darkgreen
CUL5,darkgreen
CXXC5,darkgreen
CYP1A1,darkgreen
CYP2U1,darkgreen
CYP39A1,darkgreen
DAB1,darkgreen
DAB2,darkgreen
DAZAP1,darkgreen
DAZL,darkgreen
DCAF8,darkgreen
DCBLD2,darkgreen
DCC,darkgreen
DDHD1,darkgreen
DDX10,darkgreen
DDX6,darkgreen
DENND4B,darkgreen
DHX29,darkgreen
DHX33,darkgreen
DIP2A,darkgreen
DIXDC1,darkgreen
DKFZP434H168,darkgreen
DLGAP1,darkgreen
DMRT1,darkgreen
DMTF1,darkgreen
DNAH14,darkgreen
DNAJC10,darkgreen
DOK4,darkgreen
DOK6,darkgreen
DPP10,darkgreen
DPP6,darkgreen
DPY30,darkgreen
DRG2,darkgreen
DTHD1,darkgreen
DTWD2,darkgreen
DUSP16,darkgreen
DYNC1LI1,darkgreen
EDC4,darkgreen
EDEM1,darkgreen
EEA1,darkgreen
EIF4EBP3,darkgreen
ELMOD1,darkgreen
EMX2,darkgreen
EN2,darkgreen
EP400NL,darkgreen
EPHX3,darkgreen
EPN2,darkgreen
ERCC2,darkgreen
ERP44,darkgreen
ESCO1,darkgreen
ESYT2,darkgreen
ETS1,darkgreen
EVI5,darkgreen
EXOG,darkgreen
EXOSC10,darkgreen
EXT1,darkgreen
FAM101A,darkgreen
FAM107B,darkgreen
FAM117A,darkgreen
FAM131C,darkgreen
FAM190A,darkgreen
FAM40B,darkgreen
FAM54A,darkgreen
FAM60A,darkgreen
FAM65B,darkgreen
FAM81A,darkgreen
FAM83B,darkgreen
FAM98A,darkgreen
FAR1,darkgreen
FBLN7,darkgreen
FBXO27,darkgreen
FBXO28,darkgreen
FBXO43,darkgreen
FCRLB,darkgreen
FDPS,darkgreen
FDX1L,darkgreen
FDXACB1,darkgreen
FGF14,darkgreen
FGF5,darkgreen
FLCN,darkgreen
FLJ26850,darkgreen
FLJ31306,darkgreen
FLJ35220,darkgreen
FLJ42709,darkgreen
FLJ90757,darkgreen
FMO4,darkgreen
FOXA1,darkgreen
FOXE1,darkgreen
FOXH1,darkgreen
FOXP1,darkgreen
FRAS1,darkgreen
FRMD4A,darkgreen
FUZ,darkgreen
FXYD6,darkgreen
GAK,darkgreen
GAL3ST3,darkgreen
GALNT2,darkgreen
GALNTL1,darkgreen
GALNTL2,darkgreen
GCC1,darkgreen
GDAP2,darkgreen
GDF6,darkgreen
GFRA2,darkgreen
GGA2,darkgreen
GLE1,darkgreen
GLG1,darkgreen
GLI3,darkgreen
GLIPR1L2,darkgreen
GLO1,darkgreen
GMFB,darkgreen
GNASAS,darkgreen
GNB1,darkgreen
GNB5,darkgreen
GOLGA4,darkgreen
GOLGA7B,darkgreen
GOSR2,darkgreen
GPC6,darkgreen
GPR108,darkgreen
GPR123,darkgreen
GPR133,darkgreen
GPR137B,darkgreen
GPR157,darkgreen
GPR27,darkgreen
GPR6,darkgreen
GPRIN1,darkgreen
GPSM3,darkgreen
GRB10,darkgreen
GRB2,darkgreen
GRIA1,darkgreen
GRID1,darkgreen
GRID2,darkgreen
GRIK2,darkgreen
GRP,darkgreen
GSS,darkgreen
GUCY1A3,darkgreen
H3F3B,darkgreen
HAND1,darkgreen
HBQ1,darkgreen
HCCA2,darkgreen
HCG11,darkgreen
HDAC4,darkgreen
HDGFRP3,darkgreen
HES1,darkgreen
HIP1R,darkgreen
HIST1H2AB,darkgreen
HIST1H2BC,darkgreen
HIST1H2BD,darkgreen
HIST1H3G,darkgreen
HIST1H4A,darkgreen
HIST2H2BE,darkgreen
HLA-C,darkgreen
HLA-DPA1,darkgreen
HLA-DPB2,darkgreen
HMGN2,darkgreen
HMOX1,darkgreen
HNRNPC,darkgreen
HNRNPD,darkgreen
HNRNPH1,darkgreen
HNRNPU,darkgreen
HNRPLL,darkgreen
HOMER1,darkgreen
HOXA3,darkgreen
HOXA9,darkgreen
HOXC4,darkgreen
HPDL,darkgreen
HRASLS5,darkgreen
HSD11B1L,darkgreen
HSPA5,darkgreen
HSPE1,darkgreen
HTRA1,darkgreen
HVCN1,darkgreen
HYI,darkgreen
ICK,darkgreen
IFNAR2,darkgreen
IFT140,darkgreen
IFT172,darkgreen
IGF1R,darkgreen
IGF2BP1,darkgreen
IKZF2,darkgreen
IKZF5,darkgreen
ILKAP,darkgreen
ILVBL,darkgreen
IMMP2L,darkgreen
ING3,darkgreen
INPP5A,darkgreen
INPP5D,darkgreen
INSM1,darkgreen
INTS10,darkgreen
INTS12,darkgreen
INVS,darkgreen
IQCC,darkgreen
ISY1,darkgreen
ITCH,darkgreen
ITGBL1,darkgreen
ITPK1,darkgreen
JAKMIP1,darkgreen
JRK,darkgreen
KBTBD11,darkgreen
KCND2,darkgreen
KCNV1,darkgreen
KIAA0319,darkgreen
KIAA0528,darkgreen
KIAA0652,darkgreen
KIAA0907,darkgreen
KIAA1529,darkgreen
KIAA1530,darkgreen
KIAA1949,darkgreen
KIF5C,darkgreen
KLHL24,darkgreen
KLHL5,darkgreen
KLRAQ1,darkgreen
KPNA6,darkgreen
KREMEN1,darkgreen
LAIR2,darkgreen
LANCL1,darkgreen
LATS2,darkgreen
LEMD3,darkgreen
LENG8,darkgreen
LGALS8,darkgreen
LGMN,darkgreen
LIG4,darkgreen
LIMS2,darkgreen
LMLN,darkgreen
LMTK3,darkgreen
LOC100128811,darkgreen
LOC100130581,darkgreen
LOC100287718,darkgreen
LOC219347,darkgreen
LOC285780,darkgreen
LOC344595,darkgreen
LOC344967,darkgreen
LOC374443,darkgreen
LOC399959,darkgreen
LOC401431,darkgreen
LOC407835,darkgreen
LOC552889,darkgreen
LOC646405,darkgreen
LOC729991-MEF2B,darkgreen
LONP2,darkgreen
LOXL1,darkgreen
LPHN3,darkgreen
LPIN1,darkgreen
LPP,darkgreen
LPPR1,darkgreen
LPPR4,darkgreen
LPXN,darkgreen
LRRC41,darkgreen
LUZP2,darkgreen
LYPD6,darkgreen
MAD1L1,darkgreen
MAF,darkgreen
MAGI1,darkgreen
MAGMAS,darkgreen
MALT1,darkgreen
MAP2K1,darkgreen
MAP3K1,darkgreen
MAR-05,darkgreen
MARCKS,darkgreen
MAST4,darkgreen
MATR3,darkgreen
MBNL1,darkgreen
MBNL2,darkgreen
MCL1,darkgreen
MCPH1,darkgreen
MDC1,darkgreen
MDH1B,darkgreen
ME3,darkgreen
MED10,darkgreen
MED12L,darkgreen
MED23,darkgreen
MED9,darkgreen
MEIG1,darkgreen
MEN1,darkgreen
MEOX2,darkgreen
MFAP3,darkgreen
MINPP1,darkgreen
MIR124-1,darkgreen
MIR129-2,darkgreen
MIR132,darkgreen
MIR423,darkgreen
MIR548G,darkgreen
MLLT4,darkgreen
MNS1,darkgreen
MOCS1,darkgreen
MOCS2,darkgreen
MPP5,darkgreen
MRFAP1L1,darkgreen
MRPL10,darkgreen
MRPL15,darkgreen
MRPL23,darkgreen
MRPS18A,darkgreen
MTCH2,darkgreen
MTHFSD,darkgreen
MTMR9,darkgreen
MYB,darkgreen
MYBL1,darkgreen
MYH9,darkgreen
MYO7A,darkgreen
MYRIP,darkgreen
NADSYN1,darkgreen
NAGA,darkgreen
NAGK,darkgreen
NALCN,darkgreen
NANS,darkgreen
NAP1L4,darkgreen
NAPB,darkgreen
NAV1,darkgreen
NCAPG,darkgreen
NCKAP1,darkgreen
NCOR2,darkgreen
NCRNA00167,darkgreen
NDUFA5,darkgreen
NDUFB7,darkgreen
NDUFS8,darkgreen
NECAP1,darkgreen
NEIL2,darkgreen
NEK10,darkgreen
NEK5,darkgreen
NFATC1,darkgreen
NKD2,darkgreen
NMU,darkgreen
NOL10,darkgreen
NOTO,darkgreen
NPC1,darkgreen
NRM,darkgreen
NSMAF,darkgreen
NSUN6,darkgreen
NT5C1A,darkgreen
NTM,darkgreen
NUFIP2,darkgreen
NXF1,darkgreen
OBFC2B,darkgreen
OGDHL,darkgreen
ORC1L,darkgreen
OSM,darkgreen
OSR1,darkgreen
OXA1L,darkgreen
OXCT1,darkgreen
PACRG,darkgreen
PAICS,darkgreen
PALM,darkgreen
PAQR6,darkgreen
PARK2,darkgreen
PAX9,darkgreen
PCDH18,darkgreen
PCDHGA1,darkgreen
PCOLCE,darkgreen
PDCD2,darkgreen
PDHX,darkgreen
PDP1,darkgreen
PDPK1,darkgreen
PDZD2,darkgreen
PET112L,darkgreen
PEX5,darkgreen
PFDN1,darkgreen
PFDN2,darkgreen
PFKFB4,darkgreen
PFN3,darkgreen
PGRMC2,darkgreen
PHACTR3,darkgreen
PHF1,darkgreen
PHF14,darkgreen
PHF17,darkgreen
PHF20L1,darkgreen
PHF21B,darkgreen
PHTF2,darkgreen
PIGP,darkgreen
PIK3C2A,darkgreen
PIK3R1,darkgreen
PIP4K2A,darkgreen
PIP5K1A,darkgreen
PKDREJ,darkgreen
PLA2G16,darkgreen
PLAGL1,darkgreen
PLEC1,darkgreen
PLEKHA5,darkgreen
PLEKHF2,darkgreen
PLEKHG2,darkgreen
PLOD3,darkgreen
PLRG1,darkgreen
PLS1,darkgreen
PMP22,darkgreen
PNN,darkgreen
POFUT2,darkgreen
POLG2,darkgreen
POLR2K,darkgreen
POLR3C,darkgreen
POP7,darkgreen
PPFIBP1,darkgreen
PPME1,darkgreen
PPOX,darkgreen
PPP2R3A,darkgreen
PPT2,darkgreen
PRAGMIN,darkgreen
PRCP,darkgreen
PRDM2,darkgreen
PRDX6,darkgreen
PRKACB,darkgreen
PRKAR1B,darkgreen
PRPF31,darkgreen
PRR3,darkgreen
PSMA4,darkgreen
PTDSS2,darkgreen
PTGS2,darkgreen
PTPRS,darkgreen
PURG,darkgreen
PXK,darkgreen
PXT1,darkgreen
RAB11A,darkgreen
RAB18,darkgreen
RAB2B,darkgreen
RAD9A,darkgreen
RAF1,darkgreen
RAG2,darkgreen
RAI14,darkgreen
RALGPS1,darkgreen
RAPGEF6,darkgreen
RARB,darkgreen
RARG,darkgreen
RASGEF1B,darkgreen
RASGEF1C,darkgreen
RASGRF1,darkgreen
RBM25,darkgreen
RBM33,darkgreen
RBM47,darkgreen
RBM8A,darkgreen
RBPMS,darkgreen
RBX1,darkgreen
RCAN3,darkgreen
REEP5,darkgreen
RELT,darkgreen
REN,darkgreen
REXO2,darkgreen
RFXAP,darkgreen
RGS12,darkgreen
RHOT1,darkgreen
RICTOR,darkgreen
RIMS3,darkgreen
RIOK1,darkgreen
RNASEN,darkgreen
RNF121,darkgreen
RNF145,darkgreen
RNF168,darkgreen
RNF213,darkgreen
RNF220,darkgreen
RNU5E,darkgreen
ROBO1,darkgreen
RPAIN,darkgreen
RPAP1,darkgreen
RPF1,darkgreen
RPF2,darkgreen
RPGRIP1L,darkgreen
RPL17,darkgreen
RPL7,darkgreen
RPP30,darkgreen
RPS14,darkgreen
RPS21,darkgreen
RPS23,darkgreen
RPS6KA2,darkgreen
RPTOR,darkgreen
RRAS,darkgreen
RREB1,darkgreen
RRP15,darkgreen
RRP9,darkgreen
RSPH1,darkgreen
RSPO4,darkgreen
RXRG,darkgreen
SACS,darkgreen
SAMD11,darkgreen
SASH1,darkgreen
SC4MOL,darkgreen
SCAMP3,darkgreen
SCAND2,darkgreen
SCHIP1,darkgreen
SCNN1A,darkgreen
SCP2,darkgreen
SCYL3,darkgreen
SDAD1,darkgreen
SDCCAG1,darkgreen
SDHAF1,darkgreen
SEC14L1,darkgreen
SEC22B,darkgreen
SEMA4F,darkgreen
SEP-11,darkgreen
SERINC4,darkgreen
SESN2,darkgreen
SETD5,darkgreen
SFMBT1,darkgreen
SFMBT2,darkgreen
SGMS1,darkgreen
SH3GL3,darkgreen
SH3RF3,darkgreen
SHC1,darkgreen
SHCBP1,darkgreen
SHISA9,darkgreen
SHMT2,darkgreen
SIN3A,darkgreen
SKIL,darkgreen
SLC16A6,darkgreen
SLC1A3,darkgreen
SLC22A15,darkgreen
SLC25A36,darkgreen
SLC26A1,darkgreen
SLC30A9,darkgreen
SLC35B4,darkgreen
SLC35F1,darkgreen
SLC36A1,darkgreen
SLC43A1,darkgreen
SLC44A4,darkgreen
SLC7A6,darkgreen
SLC8A3,darkgreen
SLC9A10,darkgreen
SMAP1,darkgreen
SMARCA5,darkgreen
SMARCC1,darkgreen
SMC2,darkgreen
SMC3,darkgreen
SMG7,darkgreen
SNAP47,darkgreen
SNAPC3,darkgreen
SNAPIN,darkgreen
SNCA,darkgreen
SNORA7A,darkgreen
SNX2,darkgreen
SNX27,darkgreen
SNX29,darkgreen
SNX30,darkgreen
SNX31,darkgreen
SOAT2,darkgreen
SOX12,darkgreen
SOX5,darkgreen
SP9,darkgreen
SPATA2,darkgreen
SPG21,darkgreen
SPHKAP,darkgreen
SPINT4,darkgreen
SPTBN1,darkgreen
SRI,darkgreen
STARD13,darkgreen
STARD4,darkgreen
STOM,darkgreen
STRN,darkgreen
STX2,darkgreen
SUPT16H,darkgreen
SYN2,darkgreen
SYNPO2,darkgreen
SYT14,darkgreen
TAF6,darkgreen
TAS1R1,darkgreen
TAS2R46,darkgreen
TAX1BP1,darkgreen
TBC1D23,darkgreen
TBC1D4,darkgreen
TBX18,darkgreen
TCF4,darkgreen
TCFL5,darkgreen
TECPR2,darkgreen
TERF2,darkgreen
TFAM,darkgreen
TFIP11,darkgreen
TGFA,darkgreen
TGIF2,darkgreen
THG1L,darkgreen
THRSP,darkgreen
THUMPD2,darkgreen
TIMM9,darkgreen
TIMP2,darkgreen
TLR3,darkgreen
TM9SF2,darkgreen
TMC2,darkgreen
TMCO7,darkgreen
TMEM108,darkgreen
TMEM109,darkgreen
TMEM132C,darkgreen
TMEM154,darkgreen
TMEM168,darkgreen
TMEM196,darkgreen
TMEM90B,darkgreen
TMSB10,darkgreen
TMX1,darkgreen
TMX4,darkgreen
TNFAIP8L3,darkgreen
TNFRSF8,darkgreen
TNIP2,darkgreen
TNPO1,darkgreen
TNRC6B,darkgreen
TOB1,darkgreen
TOM1L1,darkgreen
TOM1L2,darkgreen
TP73,darkgreen
TPBG,darkgreen
TRAP1,darkgreen
TRH,darkgreen
TRIM24,darkgreen
TRIM27,darkgreen
TRIM35,darkgreen
TRIM41,darkgreen
TRMT5,darkgreen
TRNAU1AP,darkgreen
TRNP1,darkgreen
TRRAP,darkgreen
TSC22D1,darkgreen
TSEN2,darkgreen
TSNARE1,darkgreen
TSPYL1,darkgreen
TTC4,darkgreen
UBE2H,darkgreen
UBR2,darkgreen
UBR3,darkgreen
UCHL3,darkgreen
UMPS,darkgreen
UNC5D,darkgreen
UNC84A,darkgreen
USP1,darkgreen
USP6NL,darkgreen
UTP18,darkgreen
VAPB,darkgreen
VDAC2,darkgreen
VEPH1,darkgreen
VGLL2,darkgreen
VNN3,darkgreen
VPS24,darkgreen
WAC,darkgreen
WDR17,darkgreen
WDR76,darkgreen
WDR86,darkgreen
WDR87,darkgreen
WIPI1,darkgreen
WNK1,darkgreen
WWC2,darkgreen
YEATS4,darkgreen
ZAN,darkgreen
ZBTB20,darkgreen
ZBTB24,darkgreen
ZBTB3,darkgreen
ZBTB8B,darkgreen
ZCCHC6,darkgreen
ZDBF2,darkgreen
ZEB2,darkgreen
ZFHX4,darkgreen
ZMYND11,darkgreen
ZNF12,darkgreen
ZNF165,darkgreen
ZNF221,darkgreen
ZNF225,darkgreen
ZNF226,darkgreen
ZNF318,darkgreen
ZNF331,darkgreen
ZNF354C,darkgreen
ZNF362,darkgreen
ZNF408,darkgreen
ZNF44,darkgreen
ZNF487,darkgreen
ZNF517,darkgreen
ZNF540,darkgreen
ZNF542,darkgreen
ZNF576,darkgreen
ZNF598,darkgreen
ZNF599,darkgreen
ZNF613,darkgreen
ZNF618,darkgreen
ZNF620,darkgreen
ZNF653,darkgreen
ZNF692,darkgreen
ZNF697,darkgreen
ZNF710,darkgreen
ZNF718,darkgreen
ZNF784,darkgreen
ZNF79,darkgreen
ZNF800,darkgreen
ZNHIT3,darkgreen
A4GNT,darkgrey
AADACL4,darkgrey
AASDH,darkgrey
ABCA4,darkgrey
ABCE1,darkgrey
ABCF1,darkgrey
ABCG1,darkgrey
ABR,darkgrey
ACACA,darkgrey
ACAD10,darkgrey
ACAT1,darkgrey
ACCS,darkgrey
ACER3,darkgrey
ACN9,darkgrey
ACO2,darkgrey
ACTG1,darkgrey
ACTR1A,darkgrey
ACTR8,darkgrey
ACVR1B,darkgrey
ADAMTS17,darkgrey
ADAMTS9,darkgrey
ADAR,darkgrey
ADARB2,darkgrey
ADCK4,darkgrey
ADRA2B,darkgrey
ADRM1,darkgrey
AGPAT1,darkgrey
AGPAT4,darkgrey
AGPAT9,darkgrey
AIFM2,darkgrey
AIG1,darkgrey
AK1,darkgrey
ALCAM,darkgrey
ALDOC,darkgrey
ALG12,darkgrey
ALG5,darkgrey
ALKBH7,darkgrey
ALKBH8,darkgrey
ALX3,darkgrey
AMFR,darkgrey
AMICA1,darkgrey
AMIGO2,darkgrey
ANAPC13,darkgrey
ANAPC7,darkgrey
ANKFY1,darkgrey
ANKIB1,darkgrey
ANKRD11,darkgrey
ANKRD13D,darkgrey
ANKRD40,darkgrey
ANKRD50,darkgrey
ANKRD55,darkgrey
ANKS1A,darkgrey
ANO1,darkgrey
ANP32E,darkgrey
ANXA7,darkgrey
AP1AR,darkgrey
AP1G2,darkgrey
APBA1,darkgrey
APOB,darkgrey
ARHGAP20,darkgrey
ARHGAP22,darkgrey
ARHGAP24,darkgrey
ARHGAP26,darkgrey
ARHGAP9,darkgrey
ARHGEF10,darkgrey
ARHGEF12,darkgrey
ARHGEF7,darkgrey
ARID2,darkgrey
ARID5B,darkgrey
ARL15,darkgrey
ARL3,darkgrey
ARL4D,darkgrey
ARL6IP1,darkgrey
ARL8B,darkgrey
ARMC9,darkgrey
ARPC2,darkgrey
ARSG,darkgrey
ASAH1,darkgrey
ASCC2,darkgrey
ASCL2,darkgrey
ASH1L,darkgrey
ASH2L,darkgrey
ASRGL1,darkgrey
ASXL1,darkgrey
ATF6B,darkgrey
ATG16L2,darkgrey
ATG2A,darkgrey
ATG7,darkgrey
ATMIN,darkgrey
ATOH1,darkgrey
ATOH7,darkgrey
ATP2A3,darkgrey
ATP2B2,darkgrey
ATP6V1C1,darkgrey
ATP8B2,darkgrey
ATXN7L2,darkgrey
AVEN,darkgrey
AVPR1B,darkgrey
B3GALT2,darkgrey
B3GNT4,darkgrey
B3GNTL1,darkgrey
B4GALNT1,darkgrey
B9D2,darkgrey
BAALC,darkgrey
BACH2,darkgrey
BAI3,darkgrey
BAT1,darkgrey
BAT4,darkgrey
BBS7,darkgrey
BCAR1,darkgrey
BCL2,darkgrey
BCL2L10,darkgrey
BCL2L11,darkgrey
BCL3,darkgrey
BCL9,darkgrey
BDP1,darkgrey
BEND5,darkgrey
BET1,darkgrey
BMI1,darkgrey
BMP8B,darkgrey
BOC,darkgrey
BRD2,darkgrey
BRE,darkgrey
BTBD10,darkgrey
BTBD9,darkgrey
BTG1,darkgrey
BTN2A2,darkgrey
BZW1,darkgrey
BZW2,darkgrey
C10ORF107,darkgrey
C10ORF11,darkgrey
C10ORF114,darkgrey
C10ORF93,darkgrey
C11ORF57,darkgrey
C11ORF70,darkgrey
C11ORF75,darkgrey
C12ORF10,darkgrey
C12ORF23,darkgrey
C12ORF43,darkgrey
C12ORF75,darkgrey
C13ORF36,darkgrey
C14ORF159,darkgrey
C14ORF49,darkgrey
C14ORF73,darkgrey
C15ORF23,darkgrey
C15ORF26,darkgrey
C15ORF33,darkgrey
C16ORF86,darkgrey
C17ORF57,darkgrey
C17ORF63,darkgrey
C17ORF97,darkgrey
C18ORF8,darkgrey
C19ORF22,darkgrey
C19ORF36,darkgrey
C19ORF39,darkgrey
C19ORF44,darkgrey
C1ORF198,darkgrey
C1ORF213,darkgrey
C1ORF51,darkgrey
C1ORF52,darkgrey
C1ORF55,darkgrey
C1ORF70,darkgrey
C20ORF199,darkgrey
C20ORF27,darkgrey
C20ORF96,darkgrey
C21ORF45,darkgrey
C22ORF25,darkgrey
C2CD3,darkgrey
C2ORF15,darkgrey
C2ORF40,darkgrey
C2ORF60,darkgrey
C2ORF67,darkgrey
C2ORF86,darkgrey
C3ORF33,darkgrey
C3ORF38,darkgrey
C3ORF70,darkgrey
C4ORF3,darkgrey
C4ORF37,darkgrey
C4ORF44,darkgrey
C5ORF35,darkgrey
C5ORF44,darkgrey
C5ORF45,darkgrey
C5ORF62,darkgrey
C6ORF136,darkgrey
C6ORF174,darkgrey
C6ORF226,darkgrey
C6ORF35,darkgrey
C7ORF30,darkgrey
C7ORF47,darkgrey
C8ORF47,darkgrey
C8ORF56,darkgrey
C8ORF76,darkgrey
C8ORF83,darkgrey
C8ORF84,darkgrey
C9ORF130,darkgrey
C9ORF140,darkgrey
C9ORF25,darkgrey
C9ORF95,darkgrey
CA10,darkgrey
CA13,darkgrey
CA14,darkgrey
CA2,darkgrey
CA7,darkgrey
CA8,darkgrey
CABLES2,darkgrey
CACNA1G,darkgrey
CACNA2D3,darkgrey
CADM1,darkgrey
CALCA,darkgrey
CALD1,darkgrey
CAMLG,darkgrey
CAMTA1,darkgrey
CAND1,darkgrey
CAND2,darkgrey
CARHSP1,darkgrey
CAST,darkgrey
CASZ1,darkgrey
CBR1,darkgrey
CBX1,darkgrey
CBX6,darkgrey
CCAR1,darkgrey
CCDC101,darkgrey
CCDC102B,darkgrey
CCDC123,darkgrey
CCDC134,darkgrey
CCDC138,darkgrey
CCDC14,darkgrey
CCDC140,darkgrey
CCDC149,darkgrey
CCDC21,darkgrey
CCDC25,darkgrey
CCDC34,darkgrey
CCDC77,darkgrey
CCDC83,darkgrey
CCDC88A,darkgrey
CCHCR1,darkgrey
CCM2,darkgrey
CCNA1,darkgrey
CCND3,darkgrey
CCNY,darkgrey
CCR2,darkgrey
CCRN4L,darkgrey
CCT3,darkgrey
CD274,darkgrey
CD38,darkgrey
CD59,darkgrey
CD70,darkgrey
CD82,darkgrey
CD8A,darkgrey
CDC20,darkgrey
CDC23,darkgrey
CDC42BPB,darkgrey
CDCA7L,darkgrey
CDH11,darkgrey
CDH2,darkgrey
CDH9,darkgrey
CDK19,darkgrey
CDK5,darkgrey
CDKAL1,darkgrey
CDKN2C,darkgrey
CDNF,darkgrey
CDYL,darkgrey
CECR2,darkgrey
CECR4,darkgrey
CEP120,darkgrey
CEP97,darkgrey
CFDP1,darkgrey
CFL1,darkgrey
CHCHD6,darkgrey
CHIC2,darkgrey
CHPT1,darkgrey
CHRM2,darkgrey
CHRM5,darkgrey
CHRNB3,darkgrey
CHURC1,darkgrey
CLASP2,darkgrey
CLCN2,darkgrey
CLCN6,darkgrey
CLDN12,darkgrey
CLDN14,darkgrey
CLEC16A,darkgrey
CLIP1,darkgrey
CLMN,darkgrey
CLNS1A,darkgrey
CLRN2,darkgrey
CLSTN1,darkgrey
CLSTN3,darkgrey
CNIH4,darkgrey
CNNM4,darkgrey
CNOT4,darkgrey
CNOT6,darkgrey
CNPY3,darkgrey
CNTN1,darkgrey
CNTNAP2,darkgrey
COBLL1,darkgrey
COG5,darkgrey
COL23A1,darkgrey
COL4A1,darkgrey
COL4A3BP,darkgrey
COPS4,darkgrey
COPS7A,darkgrey
COPZ2,darkgrey
COQ5,darkgrey
COQ6,darkgrey
COQ7,darkgrey
COX16,darkgrey
COX19,darkgrey
COX5B,darkgrey
COX6C,darkgrey
CPA4,darkgrey
CPEB2,darkgrey
CPEB3,darkgrey
CPEB4,darkgrey
CPLX1,darkgrey
CPNE3,darkgrey
CPNE8,darkgrey
CPPED1,darkgrey
CRABP1,darkgrey
CREB1,darkgrey
CREB5,darkgrey
CREG1,darkgrey
CREM,darkgrey
CRISPLD2,darkgrey
CRLF1,darkgrey
CRY2,darkgrey
CSNK1G1,darkgrey
CSNK1G3,darkgrey
CTDSPL,darkgrey
CTNNA2,darkgrey
CTSC,darkgrey
CX3CL1,darkgrey
CXCR4,darkgrey
CYB5R1,darkgrey
CYB5R2,darkgrey
CYB5R3,darkgrey
CYP1B1,darkgrey
CYP26B1,darkgrey
CYP27A1,darkgrey
CYP2R1,darkgrey
DAB2,darkgrey
DAXX,darkgrey
DAZAP2,darkgrey
DBNDD2,darkgrey
DBT,darkgrey
DCAF4,darkgrey
DCAF7,darkgrey
DCAF8,darkgrey
DCBLD1,darkgrey
DCC,darkgrey
DCHS1,darkgrey
DCHS2,darkgrey
DCLK1,darkgrey
DCLRE1A,darkgrey
DCUN1D4,darkgrey
DDAH2,darkgrey
DDIT4,darkgrey
DDX1,darkgrey
DDX20,darkgrey
DDX42,darkgrey
DDX46,darkgrey
DDX47,darkgrey
DEXI,darkgrey
DFNB31,darkgrey
DGKD,darkgrey
DHCR7,darkgrey
DHRS13,darkgrey
DHX15,darkgrey
DIAPH3,darkgrey
DIP2C,darkgrey
DIXDC1,darkgrey
DLAT,darkgrey
DLEU2,darkgrey
DLG2,darkgrey
DLX2,darkgrey
DNAJC15,darkgrey
DNAJC5,darkgrey
DNALI1,darkgrey
DNM2,darkgrey
DNTT,darkgrey
DNTTIP2,darkgrey
DOCK1,darkgrey
DOCK4,darkgrey
DOCK5,darkgrey
DOK4,darkgrey
DOT1L,darkgrey
DPAGT1,darkgrey
DPH5,darkgrey
DPP10,darkgrey
DPP9,darkgrey
DPYD,darkgrey
DPYSL4,darkgrey
DSCAM,darkgrey
DSN1,darkgrey
DTNA,darkgrey
DTNB,darkgrey
DTNBP1,darkgrey
DUS1L,darkgrey
DUSP11,darkgrey
DUSP18,darkgrey
DUSP19,darkgrey
DUSP4,darkgrey
DUT,darkgrey
DYRK1B,darkgrey
DZIP1,darkgrey
E2F1,darkgrey
E2F4,darkgrey
E4F1,darkgrey
EBF1,darkgrey
ECE1,darkgrey
ECH1,darkgrey
ECSIT,darkgrey
EDEM1,darkgrey
EDEM3,darkgrey
EDIL3,darkgrey
EDN3,darkgrey
EEA1,darkgrey
EED,darkgrey
EFCAB2,darkgrey
EFCAB5,darkgrey
EFHA1,darkgrey
EFHB,darkgrey
EFNA1,darkgrey
EFNA3,darkgrey
EHD1,darkgrey
EIF4A3,darkgrey
EIF4E,darkgrey
EIF4EBP2,darkgrey
EIF4EBP3,darkgrey
EIF4H,darkgrey
ELF2,darkgrey
ELMO1,darkgrey
ELMOD3,darkgrey
ELOF1,darkgrey
ELOVL4,darkgrey
ELOVL6,darkgrey
ELOVL7,darkgrey
EMX2OS,darkgrey
ENPP4,darkgrey
EPB41,darkgrey
EPC1,darkgrey
EPHB3,darkgrey
EPN3,darkgrey
ERC2,darkgrey
ERCC6,darkgrey
ERICH1,darkgrey
ERLIN1,darkgrey
ESCO2,darkgrey
ESPNP,darkgrey
ESR1,darkgrey
EVX2,darkgrey
EXO1,darkgrey
EXOC7,darkgrey
EXPH5,darkgrey
EZH1,darkgrey
FABP5,darkgrey
FAM104A,darkgrey
FAM109A,darkgrey
FAM123A,darkgrey
FAM123C,darkgrey
FAM131A,darkgrey
FAM131B,darkgrey
FAM133B,darkgrey
FAM134A,darkgrey
FAM135A,darkgrey
FAM135B,darkgrey
FAM13A,darkgrey
FAM168A,darkgrey
FAM169A,darkgrey
FAM171A1,darkgrey
FAM172A,darkgrey
FAM18A,darkgrey
FAM192A,darkgrey
FAM194A,darkgrey
FAM198A,darkgrey
FAM19A4,darkgrey
FAM19A5,darkgrey
FAM49A,darkgrey
FAM53C,darkgrey
FAM54A,darkgrey
FAM55C,darkgrey
FAM59A,darkgrey
FAM59B,darkgrey
FAM5C,darkgrey
FAM63A,darkgrey
FAM69C,darkgrey
FAM76B,darkgrey
FAM78A,darkgrey
FAM96A,darkgrey
FAM98A,darkgrey
FAM98C,darkgrey
FAR1,darkgrey
FARSA,darkgrey
FASTK,darkgrey
FASTKD2,darkgrey
FBP1,darkgrey
FBRSL1,darkgrey
FBXL15,darkgrey
FBXO21,darkgrey
FBXO22,darkgrey
FBXO25,darkgrey
FBXO30,darkgrey
FBXO33,darkgrey
FBXO46,darkgrey
FCHO2,darkgrey
FCRLB,darkgrey
FECH,darkgrey
FEM1A,darkgrey
FEM1C,darkgrey
FEZ1,darkgrey
FGF12,darkgrey
FGF14,darkgrey
FGF3,darkgrey
FGF9,darkgrey
FKBPL,darkgrey
FLI1,darkgrey
FLJ22536,darkgrey
FLJ32065,darkgrey
FLJ42709,darkgrey
FLJ43390,darkgrey
FLJ45244,darkgrey
FLJ90757,darkgrey
FMNL1,darkgrey
FNTB,darkgrey
FOXF2,darkgrey
FOXJ2,darkgrey
FOXJ3,darkgrey
FOXK1,darkgrey
FOXK2,darkgrey
FOXO1,darkgrey
FOXP1,darkgrey
FOXQ1,darkgrey
FRMD4A,darkgrey
FRS2,darkgrey
FSTL3,darkgrey
FUBP1,darkgrey
FUT8,darkgrey
FZD7,darkgrey
GAA,darkgrey
GABBR1,darkgrey
GABRA1,darkgrey
GABRB1,darkgrey
GABRG1,darkgrey
GABRP,darkgrey
GAD2,darkgrey
GALNT12,darkgrey
GAPDH,darkgrey
GAR1,darkgrey
GAS2,darkgrey
GAS2L1,darkgrey
GAS2L3,darkgrey
GCAT,darkgrey
GCLM,darkgrey
GCNT2,darkgrey
GDE1,darkgrey
GDF7,darkgrey
GFM2,darkgrey
GHITM,darkgrey
GHSR,darkgrey
GJB6,darkgrey
GLI2,darkgrey
GLI3,darkgrey
GLRX,darkgrey
GLUD1,darkgrey
GLYATL3,darkgrey
GLYCTK,darkgrey
GMPS,darkgrey
GNAI3,darkgrey
GNG11,darkgrey
GNL1,darkgrey
GOLGA3,darkgrey
GOLT1A,darkgrey
GORAB,darkgrey
GPER,darkgrey
GPR120,darkgrey
GPR123,darkgrey
GPR26,darkgrey
GPR3,darkgrey
GPR39,darkgrey
GPRC5C,darkgrey
GPSM3,darkgrey
GPX1,darkgrey
GRAMD3,darkgrey
GREB1L,darkgrey
GRIA2,darkgrey
GRIK3,darkgrey
GRINL1A,darkgrey
GRK7,darkgrey
GRN,darkgrey
GRP,darkgrey
GRSF1,darkgrey
GRWD1,darkgrey
GSPT1,darkgrey
GSTA4,darkgrey
GSTO1,darkgrey
GSTO2,darkgrey
GTDC1,darkgrey
GTF2A1,darkgrey
GTF2F1,darkgrey
GTF2F2,darkgrey
GTF2I,darkgrey
GTF2IRD1,darkgrey
GTF3C6,darkgrey
GULP1,darkgrey
GYS2,darkgrey
H3F3B,darkgrey
H6PD,darkgrey
HACE1,darkgrey
HAGH,darkgrey
HAND2,darkgrey
HAX1,darkgrey
HCCA2,darkgrey
HCRTR2,darkgrey
HDGF,darkgrey
HDGFRP3,darkgrey
HEATR1,darkgrey
HELB,darkgrey
HERPUD2,darkgrey
HES1,darkgrey
HES7,darkgrey
HEY2,darkgrey
HHAT,darkgrey
HHIP,darkgrey
HIC1,darkgrey
HINFP,darkgrey
HIP1,darkgrey
HIPK2,darkgrey
HIST1H1C,darkgrey
HIST1H2AB,darkgrey
HIST1H2AC,darkgrey
HIST1H2BB,darkgrey
HIST1H3H,darkgrey
HIST1H4D,darkgrey
HIST1H4E,darkgrey
HIVEP1,darkgrey
HJURP,darkgrey
HLA-A,darkgrey
HLA-B,darkgrey
HLA-DMA,darkgrey
HLA-DPB1,darkgrey
HLA-F,darkgrey
HLA-J,darkgrey
HMGCL,darkgrey
HMX3,darkgrey
HNF4G,darkgrey
HOMEZ,darkgrey
HOXA3,darkgrey
HOXA9,darkgrey
HOXB1,darkgrey
HOXB3,darkgrey
HOXC4,darkgrey
HP1BP3,darkgrey
HPSE2,darkgrey
HRH3,darkgrey
HRNBP3,darkgrey
HS3ST4,darkgrey
HS6ST3,darkgrey
HSD11B1L,darkgrey
HSPA4L,darkgrey
HSPH1,darkgrey
HTATIP2,darkgrey
HTR2A,darkgrey
HTRA1,darkgrey
IBTK,darkgrey
ICA1L,darkgrey
ICAM5,darkgrey
IDH1,darkgrey
IKBKB,darkgrey
IKZF2,darkgrey
IKZF5,darkgrey
IL17RD,darkgrey
IL1F10,darkgrey
IL20RA,darkgrey
IL26,darkgrey
IMMP1L,darkgrey
IMPDH1,darkgrey
IMPG1,darkgrey
ING4,darkgrey
INHA,darkgrey
INPP5A,darkgrey
INPP5J,darkgrey
IQCB1,darkgrey
IQCC,darkgrey
IQCE,darkgrey
IRF2,darkgrey
IRF2BP1,darkgrey
IRX1,darkgrey
ISM1,darkgrey
ISYNA1,darkgrey
ITCH,darkgrey
ITGA10,darkgrey
ITGA2,darkgrey
ITGB8,darkgrey
JAM2,darkgrey
JMY,darkgrey
JPH1,darkgrey
JPH4,darkgrey
KANK1,darkgrey
KAT5,darkgrey
KATNAL2,darkgrey
KBTBD3,darkgrey
KCNAB2,darkgrey
KCND3,darkgrey
KCNH2,darkgrey
KCNH8,darkgrey
KCNIP2,darkgrey
KCNJ5,darkgrey
KCNK9,darkgrey
KCNMB4,darkgrey
KCNV1,darkgrey
KDELC1,darkgrey
KDELR3,darkgrey
KDM3A,darkgrey
KDM4C,darkgrey
KIAA0141,darkgrey
KIAA0247,darkgrey
KIAA0319L,darkgrey
KIAA0415,darkgrey
KIAA0895,darkgrey
KIAA1012,darkgrey
KIAA1217,darkgrey
KIAA1239,darkgrey
KIAA1267,darkgrey
KIAA1370,darkgrey
KIAA1522,darkgrey
KIAA1598,darkgrey
KIAA1712,darkgrey
KIAA1715,darkgrey
KIAA1804,darkgrey
KIAA1826,darkgrey
KIAA1908,darkgrey
KIAA1949,darkgrey
KIAA2013,darkgrey
KIF13A,darkgrey
KIF18A,darkgrey
KIF21A,darkgrey
KIF21B,darkgrey
KIF22,darkgrey
KLF11,darkgrey
KLF13,darkgrey
KLF6,darkgrey
KLF9,darkgrey
KLHDC5,darkgrey
KLHDC9,darkgrey
KLHL14,darkgrey
KLHL5,darkgrey
KLRAQ1,darkgrey
KLRG2,darkgrey
KRBA1,darkgrey
LAMB2,darkgrey
LAPTM4A,darkgrey
LARP1,darkgrey
LARP7,darkgrey
LCA5,darkgrey
LEF1,darkgrey
LGALS1,darkgrey
LGI4,darkgrey
LGMN,darkgrey
LHFPL3,darkgrey
LHX1,darkgrey
LIG4,darkgrey
LIMCH1,darkgrey
LIN28,darkgrey
LINGO1,darkgrey
LIX1,darkgrey
LMBR1L,darkgrey
LMBRD2,darkgrey
LMF1,darkgrey
LMLN,darkgrey
LMNB2,darkgrey
LOC100129716,darkgrey
LOC100189589,darkgrey
LOC100272217,darkgrey
LOC100302652,darkgrey
LOC145663,darkgrey
LOC150381,darkgrey
LOC219347,darkgrey
LOC221710,darkgrey
LOC256880,darkgrey
LOC283050,darkgrey
LOC285954,darkgrey
LOC286016,darkgrey
LOC339524,darkgrey
LOC344595,darkgrey
LOC399959,darkgrey
LOC400657,darkgrey
LOC404266,darkgrey
LOC645323,darkgrey
LOC729467,darkgrey
LOC729991,darkgrey
LOC729991-MEF2B,darkgrey
LPHN2,darkgrey
LPP,darkgrey
LRIG3,darkgrey
LRRC49,darkgrey
LRRC67,darkgrey
LRRCC1,darkgrey
LRRIQ3,darkgrey
LRRN1,darkgrey
LRRN3,darkgrey
LSAMP,darkgrey
LSM5,darkgrey
LTB,darkgrey
LTBP3,darkgrey
LYPD4,darkgrey
LYPLA2,darkgrey
LYRM7,darkgrey
MAD2L1,darkgrey
MAD2L1BP,darkgrey
MAFA,darkgrey
MAGI2,darkgrey
MAGOH,darkgrey
MAGOHB,darkgrey
MAMSTR,darkgrey
MAN1A2,darkgrey
MAP1B,darkgrey
MAP2,darkgrey
MAP2K3,darkgrey
MAP2K5,darkgrey
MAP3K11,darkgrey
MAP3K8,darkgrey
MAP4K4,darkgrey
MAP7,darkgrey
MAPK9,darkgrey
MAPKAPK3,darkgrey
MAPRE2,darkgrey
MAR-01,darkgrey
MAST4,darkgrey
MAT2B,darkgrey
MATR3,darkgrey
MAVS,darkgrey
MBTPS1,darkgrey
MCCC1,darkgrey
MCF2L,darkgrey
MCM7,darkgrey
MCM9,darkgrey
ME1,darkgrey
MEAF6,darkgrey
MECOM,darkgrey
MED18,darkgrey
MED24,darkgrey
MEF2D,darkgrey
MESDC2,darkgrey
MEST,darkgrey
METT10D,darkgrey
METTL13,darkgrey
MFAP3L,darkgrey
MFN1,darkgrey
MGAT2,darkgrey
MGC2752,darkgrey
MGC34034,darkgrey
MGMT,darkgrey
MGST3,darkgrey
MICAL3,darkgrey
MIER1,darkgrey
MIR1915,darkgrey
MITF,darkgrey
MKRN2,darkgrey
MLEC,darkgrey
MLF2,darkgrey
MLH1,darkgrey
MLL2,darkgrey
MLL5,darkgrey
MMAA,darkgrey
MMP15,darkgrey
MMP16,darkgrey
MMP2,darkgrey
MMP25,darkgrey
MOBKL2B,darkgrey
MOBKL2C,darkgrey
MOBKL3,darkgrey
MON2,darkgrey
MORC3,darkgrey
MOSC2,darkgrey
MOSPD3,darkgrey
MPL,darkgrey
MPP2,darkgrey
MRFAP1,darkgrey
MRPL1,darkgrey
MRPL22,darkgrey
MRPL28,darkgrey
MRPL32,darkgrey
MRPL33,darkgrey
MRPL42,darkgrey
MRPL55,darkgrey
MRPS18B,darkgrey
MRPS2,darkgrey
MRPS21,darkgrey
MRPS9,darkgrey
MSH5,darkgrey
MSH6,darkgrey
MSRA,darkgrey
MTERF,darkgrey
MTG1,darkgrey
MTMR2,darkgrey
MTRF1L,darkgrey
MYBPC2,darkgrey
MYH14,darkgrey
MYL6B,darkgrey
MYO10,darkgrey
MYO3A,darkgrey
MYO5A,darkgrey
MYO9A,darkgrey
MYSM1,darkgrey
MYST4,darkgrey
MZF1,darkgrey
N4BP2L1,darkgrey
NAGA,darkgrey
NAGPA,darkgrey
NAPRT1,darkgrey
NARFL,darkgrey
NARG2,darkgrey
NARS2,darkgrey
NAT15,darkgrey
NBLA00301,darkgrey
NBN,darkgrey
NBR2,darkgrey
NCALD,darkgrey
NCAPD3,darkgrey
NCOA4,darkgrey
NCOR1,darkgrey
NCOR2,darkgrey
NCRNA00081,darkgrey
NCRNA00120,darkgrey
NCRNA00171,darkgrey
NCRNA00202,darkgrey
NDRG2,darkgrey
NDRG4,darkgrey
NDUFS7,darkgrey
NDUFS8,darkgrey
NEB,darkgrey
NEGR1,darkgrey
NEK7,darkgrey
NELL2,darkgrey
NETO1,darkgrey
NEU1,darkgrey
NEUROG2,darkgrey
NEUROG3,darkgrey
NFKB2,darkgrey
NFKBID,darkgrey
NFYC,darkgrey
NGFR,darkgrey
NHSL1,darkgrey
NINJ1,darkgrey
NKAIN2,darkgrey
NKD1,darkgrey
NKX6-2,darkgrey
NLN,darkgrey
NMBR,darkgrey
NME6,darkgrey
NMT1,darkgrey
NMU,darkgrey
NOB1,darkgrey
NOD1,darkgrey
NOL4,darkgrey
NOL8,darkgrey
NOP2,darkgrey
NOP58,darkgrey
NPC1L1,darkgrey
NPLOC4,darkgrey
NPR3,darkgrey
NPTX2,darkgrey
NQO1,darkgrey
NR2F1,darkgrey
NR4A1,darkgrey
NR4A2,darkgrey
NR4A3,darkgrey
NRD1,darkgrey
NRIP2,darkgrey
NRXN1,darkgrey
NRXN3,darkgrey
NSMAF,darkgrey
NT5C2,darkgrey
NTN1,darkgrey
NTNG1,darkgrey
NUDCD3,darkgrey
NUDT15,darkgrey
NUFIP2,darkgrey
NUMB,darkgrey
NUP160,darkgrey
NUP37,darkgrey
NUP98,darkgrey
NXNL1,darkgrey
OBFC2B,darkgrey
ODZ3,darkgrey
OGFOD1,darkgrey
OLFM3,darkgrey
ONECUT3,darkgrey
OPA3,darkgrey
OPCML,darkgrey
OR10V1,darkgrey
OR12D2,darkgrey
OR2D3,darkgrey
ORC5L,darkgrey
OSBPL11,darkgrey
OSBPL1A,darkgrey
OSR1,darkgrey
OVOL2,darkgrey
OXCT1,darkgrey
OXTR,darkgrey
P4HB,darkgrey
PABPC4,darkgrey
PACS2,darkgrey
PAIP2,darkgrey
PAK7,darkgrey
PAN2,darkgrey
PANX1,darkgrey
PAOX,darkgrey
PAPSS2,darkgrey
PAQR5,darkgrey
PAX5,darkgrey
PBLD,darkgrey
PCBP1,darkgrey
PCDH10,darkgrey
PCDH20,darkgrey
PCDH7,darkgrey
PCDH9,darkgrey
PCDHB18,darkgrey
PCF11,darkgrey
PCMTD2,darkgrey
PCYT1A,darkgrey
PCYT2,darkgrey
PDE4D,darkgrey
PDE4DIP,darkgrey
PDE6D,darkgrey
PDE7A,darkgrey
PDE8A,darkgrey
PDGFB,darkgrey
PDGFD,darkgrey
PDIK1L,darkgrey
PDLIM2,darkgrey
PDLIM3,darkgrey
PDX1,darkgrey
PELI1,darkgrey
PER1,darkgrey
PER3,darkgrey
PFAS,darkgrey
PFKFB2,darkgrey
PFN2,darkgrey
PGAM5,darkgrey
PGAP3,darkgrey
PGBD4,darkgrey
PGS1,darkgrey
PHACTR1,darkgrey
PHACTR3,darkgrey
PHAX,darkgrey
PHF1,darkgrey
PHF14,darkgrey
PHF23,darkgrey
PHYHIP,darkgrey
PIAS3,darkgrey
PICALM,darkgrey
PIGF,darkgrey
PIGM,darkgrey
PIGN,darkgrey
PIM1,darkgrey
PION,darkgrey
PIP5K1C,darkgrey
PITPNC1,darkgrey
PITX1,darkgrey
PLA2G12A,darkgrey
PLAC8,darkgrey
PLCL1,darkgrey
PLCXD2,darkgrey
PLEKHA3,darkgrey
PLEKHB2,darkgrey
PLEKHM3,darkgrey
PLK2,darkgrey
PMM1,darkgrey
PMP22,darkgrey
PMVK,darkgrey
PNKD,darkgrey
PNMA2,darkgrey
PNMAL2,darkgrey
PNPT1,darkgrey
POLD3,darkgrey
POLG2,darkgrey
POLI,darkgrey
POLR1D,darkgrey
POLR3A,darkgrey
POLR3H,darkgrey
POLRMT,darkgrey
PON1,darkgrey
PON2,darkgrey
POP5,darkgrey
POPDC3,darkgrey
POT1,darkgrey
PPARGC1A,darkgrey
PPCS,darkgrey
PPIA,darkgrey
PPIL5,darkgrey
PPM1A,darkgrey
PPM1D,darkgrey
PPME1,darkgrey
PPP1R14A,darkgrey
PPP2CA,darkgrey
PPP2R2B,darkgrey
PPP2R5A,darkgrey
PPP2R5C,darkgrey
PPP3CA,darkgrey
PPP3CB,darkgrey
PPP3R1,darkgrey
PRDM1,darkgrey
PRDM12,darkgrey
PREPL,darkgrey
PREX2,darkgrey
PRICKLE4,darkgrey
PRKACB,darkgrey
PRKCI,darkgrey
PRKG1,darkgrey
PRMT3,darkgrey
PRPF18,darkgrey
PRRC1,darkgrey
PSD,darkgrey
PSMA3,darkgrey
PSMA5,darkgrey
PSMB6,darkgrey
PSMB7,darkgrey
PSMC3,darkgrey
PSMC3IP,darkgrey
PTCH1,darkgrey
PTEN,darkgrey
PTGDS,darkgrey
PTGES3,darkgrey
PTMA,darkgrey
PTPN1,darkgrey
PTPRE,darkgrey
PTS,darkgrey
PXDNL,darkgrey
PXK,darkgrey
PXMP4,darkgrey
PYCR2,darkgrey
QKI,darkgrey
QRICH1,darkgrey
R3HDM1,darkgrey
RAB11A,darkgrey
RAB3A,darkgrey
RAB3GAP2,darkgrey
RAB8A,darkgrey
RABIF,darkgrey
RACGAP1,darkgrey
RAD21L1,darkgrey
RAET1L,darkgrey
RALGAPA1,darkgrey
RAP2A,darkgrey
RAP2B,darkgrey
RAPGEF3,darkgrey
RAPGEF6,darkgrey
RARG,darkgrey
RASA2,darkgrey
RASA3,darkgrey
RASAL3,darkgrey
RASEF,darkgrey
RASGEF1B,darkgrey
RASGRF1,darkgrey
RASGRP2,darkgrey
RASSF4,darkgrey
RASSF5,darkgrey
RAVER1,darkgrey
RB1,darkgrey
RBM12B,darkgrey
RBM15,darkgrey
RBM15B,darkgrey
RBM22,darkgrey
RBM33,darkgrey
RCN3,darkgrey
RDH10,darkgrey
REG1P,darkgrey
RELA,darkgrey
RELL1,darkgrey
RETSAT,darkgrey
RFX4,darkgrey
RGL1,darkgrey
RGL2,darkgrey
RGMB,darkgrey
RGS14,darkgrey
RGS6,darkgrey
RHOB,darkgrey
RHOBTB1,darkgrey
RHOBTB3,darkgrey
RHOG,darkgrey
RILPL1,darkgrey
RIMS1,darkgrey
RIN1,darkgrey
RINT1,darkgrey
RIOK3,darkgrey
RNASEH2C,darkgrey
RNF10,darkgrey
RNF135,darkgrey
RNF168,darkgrey
RNF185,darkgrey
RNF213,darkgrey
RNF26,darkgrey
RNF32,darkgrey
RNF43,darkgrey
RNF7,darkgrey
RNMT,darkgrey
RNPEP,darkgrey
RNPS1,darkgrey
RNU12,darkgrey
RNU5E,darkgrey
ROBO1,darkgrey
ROCK1,darkgrey
ROMO1,darkgrey
RORA,darkgrey
RP9P,darkgrey
RPAP1,darkgrey
RPGRIP1,darkgrey
RPH3AL,darkgrey
RPL27A,darkgrey
RPL28,darkgrey
RPL31,darkgrey
RPS12,darkgrey
RPS19,darkgrey
RPS19BP1,darkgrey
RPS27A,darkgrey
RPS3A,darkgrey
RPS6KA5,darkgrey
RPTOR,darkgrey
RSPO2,darkgrey
RSRC1,darkgrey
RTN1,darkgrey
RUNDC3B,darkgrey
RUNX2,darkgrey
RUSC1,darkgrey
RWDD1,darkgrey
RXRA,darkgrey
SAE1,darkgrey
SARS,darkgrey
SASS6,darkgrey
SCAND1,darkgrey
SCAP,darkgrey
SCARB2,darkgrey
SCARF2,darkgrey
SCCPDH,darkgrey
SCMH1,darkgrey
SCN1B,darkgrey
SCNM1,darkgrey
SCRT2,darkgrey
SDAD1,darkgrey
SDHAP1,darkgrey
SEC1,darkgrey
SEC14L1,darkgrey
SEC63,darkgrey
SELI,darkgrey
SELK,darkgrey
SELO,darkgrey
SEMA5A,darkgrey
SEP-09,darkgrey
SEPSECS,darkgrey
SERINC5,darkgrey
SERPINB8,darkgrey
SESN3,darkgrey
SETD5,darkgrey
SEZ6L2,darkgrey
SFRP1,darkgrey
SFRS4,darkgrey
SGCZ,darkgrey
SGEF,darkgrey
SGK3,darkgrey
SH2D5,darkgrey
SH3BGR,darkgrey
SH3GL1,darkgrey
SH3GLB1,darkgrey
SH3GLB2,darkgrey
SHFM1,darkgrey
SHH,darkgrey
SHISA3,darkgrey
SIAE,darkgrey
SIAH1,darkgrey
SIDT1,darkgrey
SIGLEC10,darkgrey
SIL1,darkgrey
SIN3A,darkgrey
SKAP1,darkgrey
SKIV2L,darkgrey
SLBP,darkgrey
SLC10A7,darkgrey
SLC12A2,darkgrey
SLC12A8,darkgrey
SLC19A3,darkgrey
SLC1A3,darkgrey
SLC24A2,darkgrey
SLC24A4,darkgrey
SLC25A17,darkgrey
SLC25A26,darkgrey
SLC25A4,darkgrey
SLC35A3,darkgrey
SLC35E1,darkgrey
SLC35E3,darkgrey
SLC38A2,darkgrey
SLC38A6,darkgrey
SLC39A13,darkgrey
SLC3A2,darkgrey
SLC40A1,darkgrey
SLC44A2,darkgrey
SLC44A4,darkgrey
SLC6A1,darkgrey
SLC6A20,darkgrey
SLC7A5P2,darkgrey
SLIT3,darkgrey
SLITRK3,darkgrey
SLMO2,darkgrey
SMAD4,darkgrey
SMARCC1,darkgrey
SMARCD1,darkgrey
SMG5,darkgrey
SMG7,darkgrey
SMPD1,darkgrey
SNAP91,darkgrey
SNIP1,darkgrey
SNORA26,darkgrey
SNORA38,darkgrey
SNORD27,darkgrey
SNORD54,darkgrey
SNRNP70,darkgrey
SNRPE,darkgrey
SNTB1,darkgrey
SNTG1,darkgrey
SNTG2,darkgrey
SNUPN,darkgrey
SNW1,darkgrey
SNX1,darkgrey
SNX11,darkgrey
SNX24,darkgrey
SNX33,darkgrey
SOCS1,darkgrey
SOCS2,darkgrey
SOCS5,darkgrey
SORBS1,darkgrey
SORCS2,darkgrey
SORCS3,darkgrey
SORD,darkgrey
SORT1,darkgrey
SOX18,darkgrey
SOX2OT,darkgrey
SOX4,darkgrey
SOX6,darkgrey
SP8,darkgrey
SPAG9,darkgrey
SPAST,darkgrey
SPATA2,darkgrey
SPEG,darkgrey
SPG21,darkgrey
SPI1,darkgrey
SPIN1,darkgrey
SPOCK3,darkgrey
SPSB4,darkgrey
SPTLC1,darkgrey
SRGAP1,darkgrey
SRP14,darkgrey
SRP19,darkgrey
SRP68,darkgrey
SRRM2,darkgrey
SSR1,darkgrey
SSR2,darkgrey
SSU72,darkgrey
ST7,darkgrey
STAB2,darkgrey
STAMBP,darkgrey
STAT3,darkgrey
STBD1,darkgrey
STEAP2,darkgrey
STK19,darkgrey
STK32B,darkgrey
STK38L,darkgrey
STL,darkgrey
STMN3,darkgrey
STOX2,darkgrey
STRN,darkgrey
STUB1,darkgrey
STX3,darkgrey
STX7,darkgrey
STYXL1,darkgrey
SUGT1,darkgrey
SUPT7L,darkgrey
SUPV3L1,darkgrey
SUSD4,darkgrey
SWAP70,darkgrey
SYCP2L,darkgrey
SYF2,darkgrey
SYNE1,darkgrey
SYNGR3,darkgrey
SYNJ1,darkgrey
SYPL1,darkgrey
SYTL2,darkgrey
TAF2,darkgrey
TAF4B,darkgrey
TAOK3,darkgrey
TAP2,darkgrey
TATDN3,darkgrey
TBC1D1,darkgrey
TBC1D10A,darkgrey
TBL2,darkgrey
TCERG1L,darkgrey
TCF3,darkgrey
TCF4,darkgrey
TCF7,darkgrey
TCFL5,darkgrey
TDG,darkgrey
TDH,darkgrey
TEAD2,darkgrey
TECPR1,darkgrey
TECR,darkgrey
TEP1,darkgrey
TERT,darkgrey
TFAP2D,darkgrey
TFB1M,darkgrey
TFG,darkgrey
TFRC,darkgrey
TGFA,darkgrey
THADA,darkgrey
THBD,darkgrey
THSD1,darkgrey
THSD4,darkgrey
THTPA,darkgrey
TIAL1,darkgrey
TIAM1,darkgrey
TIFA,darkgrey
TIMM8B,darkgrey
TINF2,darkgrey
TIPRL,darkgrey
TLE6,darkgrey
TLR10,darkgrey
TM7SF3,darkgrey
TM9SF2,darkgrey
TMED10,darkgrey
TMED3,darkgrey
TMEM109,darkgrey
TMEM132E,darkgrey
TMEM146,darkgrey
TMEM155,darkgrey
TMEM17,darkgrey
TMEM184C,darkgrey
TMEM192,darkgrey
TMEM199,darkgrey
TMEM220,darkgrey
TMEM30A,darkgrey
TMEM49,darkgrey
TMEM51,darkgrey
TMEM55A,darkgrey
TMEM90B,darkgrey
TMF1,darkgrey
TMOD1,darkgrey
TMPO,darkgrey
TMPRSS11D,darkgrey
TMPRSS4,darkgrey
TNC,darkgrey
TNFAIP8L1,darkgrey
TNFRSF10B,darkgrey
TNNI3K,darkgrey
TNRC18,darkgrey
TNRC6C,darkgrey
TOM1,darkgrey
TOM1L2,darkgrey
TOX3,darkgrey
TP53I11,darkgrey
TP53INP2,darkgrey
TPM1,darkgrey
TPO,darkgrey
TPRKB,darkgrey
TPST1,darkgrey
TPX2,darkgrey
TRA2A,darkgrey
TRAF3IP2,darkgrey
TRAK2,darkgrey
TRAPPC1,darkgrey
TRAPPC6B,darkgrey
TRIB1,darkgrey
TRIL,darkgrey
TRIM15,darkgrey
TRIM2,darkgrey
TRIM23,darkgrey
TRIM26,darkgrey
TRIM27,darkgrey
TRIM28,darkgrey
TRIM45,darkgrey
TRIOBP,darkgrey
TRIP10,darkgrey
TRIP12,darkgrey
TRMT61B,darkgrey
TRNAU1AP,darkgrey
TRNP1,darkgrey
TROVE2,darkgrey
TRPC1,darkgrey
TRPC3,darkgrey
TRPC4,darkgrey
TRPS1,darkgrey
TSC2,darkgrey
TSC22D1,darkgrey
TSNARE1,darkgrey
TSNAXIP1,darkgrey
TSPAN14,darkgrey
TTBK1,darkgrey
TTC25,darkgrey
TTC27,darkgrey
TTC37,darkgrey
TTC7A,darkgrey
TTLL5,darkgrey
TTPA,darkgrey
TTYH3,darkgrey
TUBA1A,darkgrey
TUBB4,darkgrey
TUBGCP5,darkgrey
TUT1,darkgrey
TWF1,darkgrey
TWIST1,darkgrey
TWSG1,darkgrey
TXNL4B,darkgrey
TYRO3,darkgrey
UBAC2,darkgrey
UBB,darkgrey
UBE2C,darkgrey
UBE2E1,darkgrey
UBIAD1,darkgrey
UBOX5,darkgrey
UBTF,darkgrey
UBXN1,darkgrey
UEVLD,darkgrey
UFM1,darkgrey
UGP2,darkgrey
ULK4,darkgrey
UNG,darkgrey
UNK,darkgrey
UQCR,darkgrey
USE1,darkgrey
USP2,darkgrey
USP21,darkgrey
USP33,darkgrey
USP45,darkgrey
USP48,darkgrey
USP5,darkgrey
USPL1,darkgrey
VAC14,darkgrey
VAPB,darkgrey
VARS2,darkgrey
VAT1L,darkgrey
VAV3,darkgrey
VCAN,darkgrey
VENTX,darkgrey
VGLL4,darkgrey
VPS13A,darkgrey
VPS29,darkgrey
VPS33B,darkgrey
VPS41,darkgrey
VPS53,darkgrey
VPS72,darkgrey
VSTM2A,darkgrey
VWC2L,darkgrey
WASH2P,darkgrey
WDR25,darkgrey
WDR27,darkgrey
WDR34,darkgrey
WDR4,darkgrey
WDR53,darkgrey
WDR54,darkgrey
WDR5B,darkgrey
WDR65,darkgrey
WDR66,darkgrey
WDR70,darkgrey
WDR76,darkgrey
WDR8,darkgrey
WDR81,darkgrey
WDR93,darkgrey
WDYHV1,darkgrey
WFDC3,darkgrey
WHSC2,darkgrey
WNT16,darkgrey
WNT2,darkgrey
WNT5A,darkgrey
WNT7B,darkgrey
WRB,darkgrey
WRNIP1,darkgrey
XAB2,darkgrey
XPNPEP1,darkgrey
XRCC2,darkgrey
YARS2,darkgrey
YPEL1,darkgrey
YWHAG,darkgrey
YWHAZ,darkgrey
ZBED4,darkgrey
ZBTB1,darkgrey
ZBTB12,darkgrey
ZBTB22,darkgrey
ZBTB40,darkgrey
ZBTB44,darkgrey
ZBTB7A,darkgrey
ZBTB8B,darkgrey
ZC3H14,darkgrey
ZC3HC1,darkgrey
ZCCHC3,darkgrey
ZCCHC4,darkgrey
ZDHHC21,darkgrey
ZEB1,darkgrey
ZFAND2A,darkgrey
ZFC3H1,darkgrey
ZFP36L1,darkgrey
ZFP36L2,darkgrey
ZFP62,darkgrey
ZFR2,darkgrey
ZFYVE19,darkgrey
ZHX2,darkgrey
ZHX3,darkgrey
ZIC4,darkgrey
ZNF10,darkgrey
ZNF140,darkgrey
ZNF165,darkgrey
ZNF18,darkgrey
ZNF19,darkgrey
ZNF2,darkgrey
ZNF213,darkgrey
ZNF221,darkgrey
ZNF227,darkgrey
ZNF23,darkgrey
ZNF230,darkgrey
ZNF238,darkgrey
ZNF25,darkgrey
ZNF251,darkgrey
ZNF266,darkgrey
ZNF277,darkgrey
ZNF324,darkgrey
ZNF331,darkgrey
ZNF350,darkgrey
ZNF398,darkgrey
ZNF428,darkgrey
ZNF451,darkgrey
ZNF454,darkgrey
ZNF485,darkgrey
ZNF497,darkgrey
ZNF509,darkgrey
ZNF529,darkgrey
ZNF536,darkgrey
ZNF557,darkgrey
ZNF582,darkgrey
ZNF583,darkgrey
ZNF608,darkgrey
ZNF610,darkgrey
ZNF620,darkgrey
ZNF668,darkgrey
ZNF688,darkgrey
ZNF703,darkgrey
ZNF704,darkgrey
ZNF764,darkgrey
ZNF793,darkgrey
ZNF804A,darkgrey
ZNF862,darkgrey
ZSCAN1,darkgrey
ZSCAN18,darkgrey
ZYX,darkgrey
A2BP1,darkmagenta
AASS,darkmagenta
AATF,darkmagenta
ABCA13,darkmagenta
ABCB5,darkmagenta
ABCC8,darkmagenta
ABHD14A,darkmagenta
ABHD4,darkmagenta
ABI3,darkmagenta
ABLIM2,darkmagenta
ACAD9,darkmagenta
ACCN3,darkmagenta
ACSBG2,darkmagenta
ACSF3,darkmagenta
ACTBL2,darkmagenta
ACTN1,darkmagenta
ACVR1,darkmagenta
ACVR2A,darkmagenta
ADAMTS12,darkmagenta
ADAMTS2,darkmagenta
ADAMTS20,darkmagenta
ADAMTSL4,darkmagenta
ADAR,darkmagenta
ADARB2,darkmagenta
ADAT1,darkmagenta
ADCY2,darkmagenta
ADK,darkmagenta
AFAP1L2,darkmagenta
AGA,darkmagenta
AGAP1,darkmagenta
AGFG1,darkmagenta
AIDA,darkmagenta
AKAP3,darkmagenta
AKAP5,darkmagenta
AKIRIN1,darkmagenta
ALCAM,darkmagenta
ALDH1A3,darkmagenta
ALMS1,darkmagenta
ALS2,darkmagenta
AMPD1,darkmagenta
AMPD2,darkmagenta
AMZ2,darkmagenta
ANKRD34A,darkmagenta
ANLN,darkmagenta
AOX1,darkmagenta
AP1B1,darkmagenta
APBA1,darkmagenta
APBB2,darkmagenta
ARCN1,darkmagenta
ARFGAP1,darkmagenta
ARHGAP1,darkmagenta
ARHGAP17,darkmagenta
ARHGEF10L,darkmagenta
ARMC2,darkmagenta
ASH1L,darkmagenta
ASL,darkmagenta
ASTN2,darkmagenta
ASZ1,darkmagenta
ATAD1,darkmagenta
ATCAY,darkmagenta
ATG16L1,darkmagenta
ATM,darkmagenta
ATOH8,darkmagenta
ATP5A1,darkmagenta
ATP5C1,darkmagenta
ATP5G1,darkmagenta
ATP5L,darkmagenta
ATP6V0D1,darkmagenta
ATP6V0E2,darkmagenta
AUTS2,darkmagenta
B3GALTL,darkmagenta
B4GALNT3,darkmagenta
BAALC,darkmagenta
BAHCC1,darkmagenta
BAHD1,darkmagenta
BAT3,darkmagenta
BAT4,darkmagenta
BCL11A,darkmagenta
BCL11B,darkmagenta
BCL2,darkmagenta
BCL2L13,darkmagenta
BCL2L2,darkmagenta
BCL6,darkmagenta
BEGAIN,darkmagenta
BHLHE22,darkmagenta
BHLHE41,darkmagenta
BLCAP,darkmagenta
BLOC1S3,darkmagenta
BMP4,darkmagenta
BMP6,darkmagenta
BOD1,darkmagenta
BRD2,darkmagenta
BRE,darkmagenta
BRF1,darkmagenta
BRI3,darkmagenta
BRP44L,darkmagenta
BTBD11,darkmagenta
BTBD9,darkmagenta
BTD,darkmagenta
BTN3A3,darkmagenta
C10ORF137,darkmagenta
C10ORF140,darkmagenta
C10ORF18,darkmagenta
C10ORF26,darkmagenta
C11ORF34,darkmagenta
C11ORF73,darkmagenta
C12ORF49,darkmagenta
C12ORF54,darkmagenta
C12ORF72,darkmagenta
C13ORF36,darkmagenta
C14ORF159,darkmagenta
C14ORF23,darkmagenta
C16ORF63,darkmagenta
C17ORF102,darkmagenta
C17ORF48,darkmagenta
C17ORF53,darkmagenta
C17ORF59,darkmagenta
C1ORF103,darkmagenta
C1ORF173,darkmagenta
C1ORF183,darkmagenta
C1ORF31,darkmagenta
C1ORF56,darkmagenta
C1ORF70,darkmagenta
C20ORF195,darkmagenta
C20ORF56,darkmagenta
C21ORF66,darkmagenta
C22ORF28,darkmagenta
C2ORF43,darkmagenta
C2ORF60,darkmagenta
C2ORF89,darkmagenta
C3ORF1,darkmagenta
C3ORF39,darkmagenta
C3ORF45,darkmagenta
C3ORF59,darkmagenta
C4ORF37,darkmagenta
C5ORF24,darkmagenta
C6ORF145,darkmagenta
C6ORF218,darkmagenta
C7ORF59,darkmagenta
C8ORF42,darkmagenta
C8ORF56,darkmagenta
C8ORF85,darkmagenta
C9ORF103,darkmagenta
CACNA2D1,darkmagenta
CAGE1,darkmagenta
CALCR,darkmagenta
CAMKK2,darkmagenta
CAPZA2,darkmagenta
CARS,darkmagenta
CAV2,darkmagenta
CBLN3,darkmagenta
CC2D2A,darkmagenta
CCBP2,darkmagenta
CCDC102B,darkmagenta
CCDC141,darkmagenta
CCDC149,darkmagenta
CCDC7,darkmagenta
CCDC85C,darkmagenta
CCNG1,darkmagenta
CCNJ,darkmagenta
CD320,darkmagenta
CDC14A,darkmagenta
CDC42,darkmagenta
CDC6,darkmagenta
CDC7,darkmagenta
CDGAP,darkmagenta
CDK17,darkmagenta
CDK7,darkmagenta
CDKN1C,darkmagenta
CDKN2C,darkmagenta
CELSR1,darkmagenta
CENPF,darkmagenta
CEP72,darkmagenta
CEPT1,darkmagenta
CFB,darkmagenta
CGNL1,darkmagenta
CHCHD1,darkmagenta
CHCHD6,darkmagenta
CHI3L1,darkmagenta
CHIC2,darkmagenta
CHL1,darkmagenta
CHMP2A,darkmagenta
CHP,darkmagenta
CHPT1,darkmagenta
CHST10,darkmagenta
CHTF8,darkmagenta
CIB4,darkmagenta
CKS2,darkmagenta
CLDND1,darkmagenta
CLEC2A,darkmagenta
CLN8,darkmagenta
CLNS1A,darkmagenta
CMAH,darkmagenta
CMPK1,darkmagenta
CNNM4,darkmagenta
CNO,darkmagenta
CNP,darkmagenta
COG3,darkmagenta
COL12A1,darkmagenta
COL14A1,darkmagenta
COL4A2,darkmagenta
COQ2,darkmagenta
COQ4,darkmagenta
CORIN,darkmagenta
CORO1C,darkmagenta
COX6A1,darkmagenta
CPAMD8,darkmagenta
CREBZF,darkmagenta
CRIPT,darkmagenta
CRISPLD2,darkmagenta
CRKL,darkmagenta
CRTAP,darkmagenta
CRTC2,darkmagenta
CRYZL1,darkmagenta
CSDE1,darkmagenta
CSGALNACT1,darkmagenta
CSMD2,darkmagenta
CSTF1,darkmagenta
CTBP2,darkmagenta
CTTNBP2,darkmagenta
CTTNBP2NL,darkmagenta
CUBN,darkmagenta
CUL1,darkmagenta
CUL4A,darkmagenta
CWC22,darkmagenta
DAZAP2,darkmagenta
DBI,darkmagenta
DBP,darkmagenta
DCHS2,darkmagenta
DCP1B,darkmagenta
DCP2,darkmagenta
DDAH1,darkmagenta
DDIT3,darkmagenta
DDX5,darkmagenta
DDX50,darkmagenta
DDX56,darkmagenta
DEGS1,darkmagenta
DEPDC5,darkmagenta
DGCR8,darkmagenta
DHRS7,darkmagenta
DHX16,darkmagenta
DHX34,darkmagenta
DHX37,darkmagenta
DHX8,darkmagenta
DLEU1,darkmagenta
DLG4,darkmagenta
DMPK,darkmagenta
DNAJB1,darkmagenta
DNAJC1,darkmagenta
DNAJC13,darkmagenta
DNAJC24,darkmagenta
DNAJC30,darkmagenta
DNASE1L2,darkmagenta
DNER,darkmagenta
DNMBP,darkmagenta
DNMT3B,darkmagenta
DNPEP,darkmagenta
DOHH,darkmagenta
DPYSL3,darkmagenta
DUSP19,darkmagenta
DUSP3,darkmagenta
DUSP4,darkmagenta
DUSP6,darkmagenta
DYSF,darkmagenta
DZIP1,darkmagenta
ECEL1,darkmagenta
ECHDC3,darkmagenta
EDARADD,darkmagenta
EDIL3,darkmagenta
EDNRA,darkmagenta
EFCAB6,darkmagenta
EFHA2,darkmagenta
EFHD1,darkmagenta
EFNB2,darkmagenta
EHMT1,darkmagenta
EID2,darkmagenta
EIF2B5,darkmagenta
EIF2C3,darkmagenta
EIF3B,darkmagenta
EIF4EBP3,darkmagenta
ELF2,darkmagenta
ELOF1,darkmagenta
ELOVL7,darkmagenta
EPHB6,darkmagenta
ERBB2,darkmagenta
ERBB4,darkmagenta
ESPL1,darkmagenta
ESPNL,darkmagenta
ESR1,darkmagenta
ESRRB,darkmagenta
ETFA,darkmagenta
ETHE1,darkmagenta
ETS2,darkmagenta
ETV1,darkmagenta
EWSR1,darkmagenta
EXOSC9,darkmagenta
EXPH5,darkmagenta
EXT2,darkmagenta
F7,darkmagenta
FABP1,darkmagenta
FABP2,darkmagenta
FAM105B,darkmagenta
FAM108C1,darkmagenta
FAM111A,darkmagenta
FAM117A,darkmagenta
FAM119A,darkmagenta
FAM134C,darkmagenta
FAM150B,darkmagenta
FAM158A,darkmagenta
FAM162A,darkmagenta
FAM168B,darkmagenta
FAM174A,darkmagenta
FAM178A,darkmagenta
FAM184A,darkmagenta
FAM190A,darkmagenta
FAM19A1,darkmagenta
FAM26E,darkmagenta
FAM73A,darkmagenta
FAM81A,darkmagenta
FBLIM1,darkmagenta
FBXO24,darkmagenta
FBXO36,darkmagenta
FCHO2,darkmagenta
FDPS,darkmagenta
FDXR,darkmagenta
FEZF1,darkmagenta
FGF1,darkmagenta
FGF14,darkmagenta
FGF5,darkmagenta
FIP1L1,darkmagenta
FJX1,darkmagenta
FLCN,darkmagenta
FLJ36031,darkmagenta
FLJ43390,darkmagenta
FLRT2,darkmagenta
FLT4,darkmagenta
FMNL2,darkmagenta
FMNL3,darkmagenta
FN1,darkmagenta
FN3K,darkmagenta
FNDC3A,darkmagenta
FOXE1,darkmagenta
FOXK2,darkmagenta
FOXP4,darkmagenta
FRAS1,darkmagenta
FRMD6,darkmagenta
FUT10,darkmagenta
FXYD1,darkmagenta
FXYD6,darkmagenta
GABRG2,darkmagenta
GABRG3,darkmagenta
GADD45A,darkmagenta
GAL3ST4,darkmagenta
GALR2,darkmagenta
GANC,darkmagenta
GART,darkmagenta
GAS2L2,darkmagenta
GEMIN7,darkmagenta
GFRA3,darkmagenta
GIMAP1,darkmagenta
GINS3,darkmagenta
GJA1,darkmagenta
GJA4,darkmagenta
GLE1,darkmagenta
GLT8D1,darkmagenta
GLTSCR2,darkmagenta
GMCL1L,darkmagenta
GMFB,darkmagenta
GNA12,darkmagenta
GNB1,darkmagenta
GNB2L1,darkmagenta
GNPDA2,darkmagenta
GOLPH3L,darkmagenta
GORASP1,darkmagenta
GPATCH4,darkmagenta
GPBP1,darkmagenta
GPR113,darkmagenta
GPR123,darkmagenta
GPR19,darkmagenta
GPR83,darkmagenta
GPRC5A,darkmagenta
GPS1,darkmagenta
GPX5,darkmagenta
GRID1,darkmagenta
GRIK3,darkmagenta
GRM3,darkmagenta
GRM8,darkmagenta
GSS,darkmagenta
GSTK1,darkmagenta
GTF2B,darkmagenta
GTF2H5,darkmagenta
GTF2I,darkmagenta
GTPBP8,darkmagenta
HAPLN2,darkmagenta
HAS3,darkmagenta
HDAC7,darkmagenta
HDC,darkmagenta
HERC3,darkmagenta
HES1,darkmagenta
HES4,darkmagenta
HEXIM2,darkmagenta
HIBADH,darkmagenta
HIF1A,darkmagenta
HIGD2A,darkmagenta
HIPK1,darkmagenta
HIPK2,darkmagenta
HIST1H1E,darkmagenta
HIST1H2BN,darkmagenta
HIST2H2BE,darkmagenta
HKDC1,darkmagenta
HMGCS1,darkmagenta
HMOX2,darkmagenta
HNRNPU,darkmagenta
HNRNPUL1,darkmagenta
HOPX,darkmagenta
HOXA4,darkmagenta
HOXA7,darkmagenta
HOXB13,darkmagenta
HOXC4,darkmagenta
HOXC8,darkmagenta
HOXC9,darkmagenta
HOXD13,darkmagenta
HPCA,darkmagenta
HSD11B1,darkmagenta
HSPA1B,darkmagenta
HSPA2,darkmagenta
HSPG2,darkmagenta
HTR1A,darkmagenta
HTR2A,darkmagenta
HTRA2,darkmagenta
IBTK,darkmagenta
ICAM5,darkmagenta
ICK,darkmagenta
IFNGR1,darkmagenta
IFT80,darkmagenta
IGFBPL1,darkmagenta
IGSF21,darkmagenta
IGSF22,darkmagenta
IGSF9B,darkmagenta
IHH,darkmagenta
IL17RA,darkmagenta
IL28RA,darkmagenta
ILF3,darkmagenta
ING3,darkmagenta
ING4,darkmagenta
INPP5A,darkmagenta
INSC,darkmagenta
INTS1,darkmagenta
INTS5,darkmagenta
INTS7,darkmagenta
IPMK,darkmagenta
IPO11,darkmagenta
IPO7,darkmagenta
IPO8,darkmagenta
ISCA1L,darkmagenta
ISG15,darkmagenta
ISG20L2,darkmagenta
ISL2,darkmagenta
ISLR2,darkmagenta
ITGAV,darkmagenta
IVNS1ABP,darkmagenta
JAKMIP1,darkmagenta
JAKMIP2,darkmagenta
JAKMIP3,darkmagenta
JAZF1,darkmagenta
JOSD1,darkmagenta
JTB,darkmagenta
KAZALD1,darkmagenta
KBTBD3,darkmagenta
KCNA1,darkmagenta
KCNE3,darkmagenta
KCNIP1,darkmagenta
KCNJ3,darkmagenta
KCNQ1,darkmagenta
KCTD2,darkmagenta
KCTD7,darkmagenta
KIAA0947,darkmagenta
KIAA1012,darkmagenta
KIAA1161,darkmagenta
KIAA1217,darkmagenta
KIAA1244,darkmagenta
KIAA1370,darkmagenta
KIAA1409,darkmagenta
KIAA1530,darkmagenta
KIF16B,darkmagenta
KIF26B,darkmagenta
KIF5C,darkmagenta
KIF6,darkmagenta
KIF7,darkmagenta
KIN,darkmagenta
KLF15,darkmagenta
KLHDC4,darkmagenta
KLHL24,darkmagenta
KLHL35,darkmagenta
KLHL7,darkmagenta
KRCC1,darkmagenta
KRI1,darkmagenta
KRT33A,darkmagenta
LAYN,darkmagenta
LEPROT,darkmagenta
LGI1,darkmagenta
LHX2,darkmagenta
LHX8,darkmagenta
LHX9,darkmagenta
LIMA1,darkmagenta
LIMCH1,darkmagenta
LIMK1,darkmagenta
LIN7A,darkmagenta
LIPM,darkmagenta
LMO4,darkmagenta
LMOD3,darkmagenta
LMTK2,darkmagenta
LMX1A,darkmagenta
LOC100128164,darkmagenta
LOC100128239,darkmagenta
LOC100128731,darkmagenta
LOC282997,darkmagenta
LOC283392,darkmagenta
LOC285205,darkmagenta
LOC285830,darkmagenta
LOC389033,darkmagenta
LOC399959,darkmagenta
LOC641298,darkmagenta
LOC645323,darkmagenta
LOC728392,darkmagenta
LOC730101,darkmagenta
LPA,darkmagenta
LPIN1,darkmagenta
LPPR4,darkmagenta
LQK1,darkmagenta
LRP2,darkmagenta
LRRC41,darkmagenta
LRRC49,darkmagenta
LRRFIP2,darkmagenta
LRRK1,darkmagenta
LSM14A,darkmagenta
LSM6,darkmagenta
LTB,darkmagenta
LYNX1,darkmagenta
LYPD1,darkmagenta
LYPD6,darkmagenta
MACROD1,darkmagenta
MAFK,darkmagenta
MAK16,darkmagenta
MAML2,darkmagenta
MAN1C1,darkmagenta
MAP2,darkmagenta
MAP3K3,darkmagenta
MAP3K7,darkmagenta
MAP3K8,darkmagenta
MAP7,darkmagenta
MAPT,darkmagenta
MAR-11,darkmagenta
MARK2,darkmagenta
MARS2,darkmagenta
MASTL,darkmagenta
MATR3,darkmagenta
MBD3,darkmagenta
MCC,darkmagenta
MCCC2,darkmagenta
MCRS1,darkmagenta
MDGA1,darkmagenta
ME1,darkmagenta
MED23,darkmagenta
MEF2C,darkmagenta
METAP2,darkmagenta
METTL5,darkmagenta
MGC12982,darkmagenta
MGC70857,darkmagenta
MGMT,darkmagenta
MIPOL1,darkmagenta
MIR564,darkmagenta
MIR760,darkmagenta
MKLN1,darkmagenta
MKX,darkmagenta
MLLT3,darkmagenta
MMD,darkmagenta
MMP16,darkmagenta
MOBKL1B,darkmagenta
MOCS1,darkmagenta
MOCS3,darkmagenta
MON1B,darkmagenta
MORC2,darkmagenta
MPP5,darkmagenta
MPP7,darkmagenta
MR1,darkmagenta
MRPL32,darkmagenta
MRPL52,darkmagenta
MRPL53,darkmagenta
MRPS16,darkmagenta
MRPS24,darkmagenta
MRPS25,darkmagenta
MRPS35,darkmagenta
MSH6,darkmagenta
MSR1,darkmagenta
MSRA,darkmagenta
MT1L,darkmagenta
MTA1,darkmagenta
MTG1,darkmagenta
MTMR15,darkmagenta
MTOR,darkmagenta
MTX1,darkmagenta
MUC6,darkmagenta
MVK,darkmagenta
MYC,darkmagenta
MYCBPAP,darkmagenta
MYO1D,darkmagenta
MYO1E,darkmagenta
MYPN,darkmagenta
NAAA,darkmagenta
NAALADL2,darkmagenta
NAB2,darkmagenta
NADK,darkmagenta
NAF1,darkmagenta
NAPB,darkmagenta
NAT15,darkmagenta
NCAN,darkmagenta
NCOR2,darkmagenta
NCRNA00081,darkmagenta
NCRNA00219,darkmagenta
NDE1,darkmagenta
NDNL2,darkmagenta
NDUFA6,darkmagenta
NDUFS6,darkmagenta
NDUFS8,darkmagenta
NEK8,darkmagenta
NEO1,darkmagenta
NEU1,darkmagenta
NKIRAS2,darkmagenta
NKX1-2,darkmagenta
NKX2-8,darkmagenta
NLRP14,darkmagenta
NMBR,darkmagenta
NOS1AP,darkmagenta
NOV,darkmagenta
NR2F1,darkmagenta
NR3C1,darkmagenta
NR5A2,darkmagenta
NRP2,darkmagenta
NSMAF,darkmagenta
NSUN6,darkmagenta
NT5C2,darkmagenta
NUDCD3,darkmagenta
NUMB,darkmagenta
NUP133,darkmagenta
NUP188,darkmagenta
NUP210L,darkmagenta
NXN,darkmagenta
NXPH1,darkmagenta
OBFC2A,darkmagenta
OBSCN,darkmagenta
OLIG1,darkmagenta
OMA1,darkmagenta
ORMDL2,darkmagenta
OTUD3,darkmagenta
OTX2OS1,darkmagenta
OXA1L,darkmagenta
P4HA1,darkmagenta
P4HB,darkmagenta
P4HTM,darkmagenta
PACRG,darkmagenta
PAF1,darkmagenta
PAICS,darkmagenta
PALB2,darkmagenta
PALM2,darkmagenta
PANK2,darkmagenta
PARD3,darkmagenta
PARL,darkmagenta
PARM1,darkmagenta
PARS2,darkmagenta
PATZ1,darkmagenta
PBK,darkmagenta
PBX2,darkmagenta
PCBP3,darkmagenta
PCCA,darkmagenta
PCDH10,darkmagenta
PCDHAC1,darkmagenta
PCGF5,darkmagenta
PCMTD2,darkmagenta
PCNA,darkmagenta
PDCD2L,darkmagenta
PDE1B,darkmagenta
PDE1C,darkmagenta
PDE4D,darkmagenta
PDK1,darkmagenta
PDX1,darkmagenta
PDXK,darkmagenta
PDZD2,darkmagenta
PELI2,darkmagenta
PET117,darkmagenta
PEX12,darkmagenta
PEX5,darkmagenta
PEX5L,darkmagenta
PFDN5,darkmagenta
PFN4,darkmagenta
PHKG2,darkmagenta
PHLDA1,darkmagenta
PHTF1,darkmagenta
PINX1,darkmagenta
PITX1,darkmagenta
PKIB,darkmagenta
PLCD1,darkmagenta
PLEC1,darkmagenta
PLIN3,darkmagenta
PLOD2,darkmagenta
POLR2C,darkmagenta
PPARG,darkmagenta
PPFIA3,darkmagenta
PPM1L,darkmagenta
PPP1R13L,darkmagenta
PPP1R14B,darkmagenta
PPP1R15B,darkmagenta
PPP1R3G,darkmagenta
PPP1R7,darkmagenta
PPP2R2B,darkmagenta
PPP2R4,darkmagenta
PPP2R5C,darkmagenta
PPP2R5D,darkmagenta
PPTC7,darkmagenta
PQLC1,darkmagenta
PRDM16,darkmagenta
PRDM4,darkmagenta
PRIM1,darkmagenta
PRKAR1B,darkmagenta
PRKCZ,darkmagenta
PRLHR,darkmagenta
PRMT1,darkmagenta
PRPF38B,darkmagenta
PRR3,darkmagenta
PRR7,darkmagenta
PSMC2,darkmagenta
PSMD12,darkmagenta
PSPH,darkmagenta
PTCH1,darkmagenta
PTPLB,darkmagenta
PTPRN2,darkmagenta
PUS7,darkmagenta
PVRL1,darkmagenta
PXDN,darkmagenta
QARS,darkmagenta
QRSL1,darkmagenta
RAB1B,darkmagenta
RAB35,darkmagenta
RAB6A,darkmagenta
RAD21,darkmagenta
RADIL,darkmagenta
RAI14,darkmagenta
RARB,darkmagenta
RARG,darkmagenta
RARS,darkmagenta
RASA1,darkmagenta
RASA3,darkmagenta
RASSF8,darkmagenta
RBBP5,darkmagenta
RBL2,darkmagenta
RBM6,darkmagenta
RCN2,darkmagenta
RDX,darkmagenta
RECQL4,darkmagenta
RET,darkmagenta
REXO2,darkmagenta
RFC4,darkmagenta
RFC5,darkmagenta
RGL1,darkmagenta
RGMB,darkmagenta
RNF121,darkmagenta
RNF126,darkmagenta
RNF14,darkmagenta
RNF152,darkmagenta
RNF168,darkmagenta
RNF180,darkmagenta
RNF219,darkmagenta
RNF220,darkmagenta
RNF38,darkmagenta
RNF5,darkmagenta
RNF6,darkmagenta
RNFT1,darkmagenta
RNH1,darkmagenta
RNU5E,darkmagenta
ROBO1,darkmagenta
RPH3AL,darkmagenta
RPL21,darkmagenta
RPL24,darkmagenta
RPP21,darkmagenta
RPS14,darkmagenta
RPS27,darkmagenta
RRAGD,darkmagenta
RSPO4,darkmagenta
RTEL1,darkmagenta
RTN3,darkmagenta
RUFY1,darkmagenta
RUNX3,darkmagenta
RYK,darkmagenta
S100P,darkmagenta
S1PR1,darkmagenta
SAMD1,darkmagenta
SARS2,darkmagenta
SBK1,darkmagenta
SCARB1,darkmagenta
SCNN1A,darkmagenta
SCYL2,darkmagenta
SDC4,darkmagenta
SDCCAG3,darkmagenta
SDCCAG8,darkmagenta
SDK2,darkmagenta
SEC14L1,darkmagenta
SEC22A,darkmagenta
SEC23B,darkmagenta
SEC24B,darkmagenta
SEL1L,darkmagenta
SEL1L3,darkmagenta
SELT,darkmagenta
SEMA3A,darkmagenta
SEMA4B,darkmagenta
SENP8,darkmagenta
SEP-02,darkmagenta
SEP-09,darkmagenta
SETD1B,darkmagenta
SETDB2,darkmagenta
SFRS6,darkmagenta
SGCZ,darkmagenta
SGSM3,darkmagenta
SH2B1,darkmagenta
SH2B2,darkmagenta
SH3BGRL3,darkmagenta
SH3BP4,darkmagenta
SH3PXD2A,darkmagenta
SIDT1,darkmagenta
SIDT2,darkmagenta
SIK2,darkmagenta
SIM1,darkmagenta
SIX5,darkmagenta
SLC19A3,darkmagenta
SLC1A2,darkmagenta
SLC22A3,darkmagenta
SLC25A22,darkmagenta
SLC25A29,darkmagenta
SLC35F3,darkmagenta
SLC37A3,darkmagenta
SLC37A4,darkmagenta
SLC39A1,darkmagenta
SLC39A10,darkmagenta
SLC40A1,darkmagenta
SLC46A1,darkmagenta
SLC4A10,darkmagenta
SLC4A4,darkmagenta
SLC4A5,darkmagenta
SLC6A3,darkmagenta
SLC6A5,darkmagenta
SLITRK3,darkmagenta
SMARCC1,darkmagenta
SMO,darkmagenta
SMOC2,darkmagenta
SMPDL3A,darkmagenta
SNAI1,darkmagenta
SNF8,darkmagenta
SNORD114-9,darkmagenta
SNORD116-1,darkmagenta
SNRNP48,darkmagenta
SNW1,darkmagenta
SNX14,darkmagenta
SNX6,darkmagenta
SORBS2,darkmagenta
SOX21,darkmagenta
SP1,darkmagenta
SP2,darkmagenta
SPATA13,darkmagenta
SPCS3,darkmagenta
SPG7,darkmagenta
SPPL2A,darkmagenta
SPRY1,darkmagenta
SPRY4,darkmagenta
SPRYD4,darkmagenta
SRF,darkmagenta
SRP19,darkmagenta
SRP68,darkmagenta
SSBP2,darkmagenta
SSRP1,darkmagenta
SSTR2,darkmagenta
ST3GAL3,darkmagenta
STAG1,darkmagenta
STAT2,darkmagenta
STC2,darkmagenta
STL,darkmagenta
STRADB,darkmagenta
STX7,darkmagenta
STXBP5,darkmagenta
SUGT1P1,darkmagenta
SUPT4H1,darkmagenta
SURF6,darkmagenta
SVEP1,darkmagenta
SWAP70,darkmagenta
SYN3,darkmagenta
SYNCRIP,darkmagenta
SYNGAP1,darkmagenta
SYNGR3,darkmagenta
SYT13,darkmagenta
TAAR3,darkmagenta
TACR1,darkmagenta
TAF15,darkmagenta
TAS2R19,darkmagenta
TAS2R38,darkmagenta
TAX1BP1,darkmagenta
TBC1D16,darkmagenta
TBCCD1,darkmagenta
TBL2,darkmagenta
TBRG1,darkmagenta
TCEB1,darkmagenta
TCF7L2,darkmagenta
TCL1B,darkmagenta
TET2,darkmagenta
TET3,darkmagenta
TFIP11,darkmagenta
TG,darkmagenta
THBS2,darkmagenta
THSD7B,darkmagenta
TIMM17A,darkmagenta
TJP1,darkmagenta
TLE6,darkmagenta
TLL2,darkmagenta
TLR10,darkmagenta
TM2D1,darkmagenta
TM2D2,darkmagenta
TM4SF4,darkmagenta
TMEM132D,darkmagenta
TMEM136,darkmagenta
TMEM161A,darkmagenta
TMEM179B,darkmagenta
TMEM25,darkmagenta
TMEM38A,darkmagenta
TMEM43,darkmagenta
TMEM5,darkmagenta
TMEM51,darkmagenta
TMEM52,darkmagenta
TMEM74,darkmagenta
TMEM80,darkmagenta
TMEM87B,darkmagenta
TMEM93,darkmagenta
TMEM9B,darkmagenta
TMPRSS11F,darkmagenta
TMUB2,darkmagenta
TMX1,darkmagenta
TNFAIP2,darkmagenta
TNFRSF8,darkmagenta
TP53TG5,darkmagenta
TPBG,darkmagenta
TPH2,darkmagenta
TPM3,darkmagenta
TPO,darkmagenta
TPX2,darkmagenta
TRAF2,darkmagenta
TREM2,darkmagenta
TRIM26,darkmagenta
TRIM27,darkmagenta
TRIM46,darkmagenta
TRIM72,darkmagenta
TRIP12,darkmagenta
TRRAP,darkmagenta
TSEN15,darkmagenta
TSEN2,darkmagenta
TSHR,darkmagenta
TSHZ3,darkmagenta
TSLP,darkmagenta
TTC3,darkmagenta
TTC30B,darkmagenta
TTF2,darkmagenta
TTL,darkmagenta
TTPA,darkmagenta
TUBA4B,darkmagenta
TUBD1,darkmagenta
TWIST1,darkmagenta
TXNDC17,darkmagenta
TXNIP,darkmagenta
TXNL4B,darkmagenta
TXNRD1,darkmagenta
UBAC1,darkmagenta
UBE2CBP,darkmagenta
UBE2D3,darkmagenta
UBE2G1,darkmagenta
UBE2G2,darkmagenta
UBE2T,darkmagenta
UBE4A,darkmagenta
UBL7,darkmagenta
UBTD2,darkmagenta
UFM1,darkmagenta
UNC80,darkmagenta
UNC84A,darkmagenta
UNK,darkmagenta
URB1,darkmagenta
USP49,darkmagenta
UTP15,darkmagenta
UTP6,darkmagenta
UVRAG,darkmagenta
VAX1,darkmagenta
VILL,darkmagenta
VMAC,darkmagenta
VPS13D,darkmagenta
VPS33B,darkmagenta
VPS36,darkmagenta
VPS41,darkmagenta
WDFY3,darkmagenta
WDR12,darkmagenta
WDR18,darkmagenta
WDR26,darkmagenta
WDR63,darkmagenta
WDR65,darkmagenta
WISP2,darkmagenta
WSB1,darkmagenta
WWP2,darkmagenta
XKR5,darkmagenta
XKR6,darkmagenta
XPO5,darkmagenta
YTHDF1,darkmagenta
YTHDF3,darkmagenta
YWHAB,darkmagenta
ZBED5,darkmagenta
ZBTB3,darkmagenta
ZC3H12C,darkmagenta
ZC3H4,darkmagenta
ZC3HC1,darkmagenta
ZCCHC7,darkmagenta
ZFAND2A,darkmagenta
ZFAND2B,darkmagenta
ZFAND5,darkmagenta
ZFP41,darkmagenta
ZFPM2,darkmagenta
ZMYM2,darkmagenta
ZMYM4,darkmagenta
ZMYND11,darkmagenta
ZNF10,darkmagenta
ZNF134,darkmagenta
ZNF143,darkmagenta
ZNF175,darkmagenta
ZNF187,darkmagenta
ZNF20,darkmagenta
ZNF219,darkmagenta
ZNF25,darkmagenta
ZNF26,darkmagenta
ZNF296,darkmagenta
ZNF30,darkmagenta
ZNF33A,darkmagenta
ZNF365,darkmagenta
ZNF367,darkmagenta
ZNF384,darkmagenta
ZNF391,darkmagenta
ZNF417,darkmagenta
ZNF491,darkmagenta
ZNF526,darkmagenta
ZNF529,darkmagenta
ZNF605,darkmagenta
ZNF615,darkmagenta
ZNF652,darkmagenta
ZNF678,darkmagenta
ZNF720,darkmagenta
ZNF76,darkmagenta
ZNF774,darkmagenta
ZNF782,darkmagenta
ZNF799,darkmagenta
ZNF805,darkmagenta
ZNF829,darkmagenta
ZSCAN18,darkmagenta
ZSCAN21,darkmagenta
ZSWIM7,darkmagenta
ABCB8,darkolivegreen
ABI2,darkolivegreen
ABLIM2,darkolivegreen
ACAA2,darkolivegreen
ACADM,darkolivegreen
ACAP3,darkolivegreen
ACCN1,darkolivegreen
ADAD1,darkolivegreen
ADAM7,darkolivegreen
ADAMTS16,darkolivegreen
ADAMTS6,darkolivegreen
ADCY8,darkolivegreen
ADD1,darkolivegreen
ADI1,darkolivegreen
ADRBK1,darkolivegreen
ADSSL1,darkolivegreen
AES,darkolivegreen
AGFG1,darkolivegreen
AGMAT,darkolivegreen
AGPAT9,darkolivegreen
AHRR,darkolivegreen
AIRE,darkolivegreen
AKT1S1,darkolivegreen
ALDH9A1,darkolivegreen
ALPK1,darkolivegreen
AMFR,darkolivegreen
ANG,darkolivegreen
ANKRD11,darkolivegreen
ANKRD13B,darkolivegreen
ANKRD17,darkolivegreen
ANKRD22,darkolivegreen
ANLN,darkolivegreen
ANP32A,darkolivegreen
AP3B1,darkolivegreen
AP3M1,darkolivegreen
APCDD1L,darkolivegreen
APLP2,darkolivegreen
APOLD1,darkolivegreen
APPL2,darkolivegreen
AQP8,darkolivegreen
ARFGEF1,darkolivegreen
ARHGAP18,darkolivegreen
ARHGAP25,darkolivegreen
ARHGEF10L,darkolivegreen
ARHGEF18,darkolivegreen
ARID5B,darkolivegreen
ARMC1,darkolivegreen
ARMC4,darkolivegreen
ASAP2,darkolivegreen
ATE1,darkolivegreen
ATP10B,darkolivegreen
ATP11B,darkolivegreen
ATP13A5,darkolivegreen
ATP2A2,darkolivegreen
ATP5B,darkolivegreen
ATP5O,darkolivegreen
ATXN2,darkolivegreen
AVPR1A,darkolivegreen
B3GNTL1,darkolivegreen
B4GALNT3,darkolivegreen
B4GALT1,darkolivegreen
BAGE,darkolivegreen
BAT1,darkolivegreen
BAT4,darkolivegreen
BATF,darkolivegreen
BCAT1,darkolivegreen
BCL11A,darkolivegreen
BCL2L15,darkolivegreen
BCL6,darkolivegreen
BDNF,darkolivegreen
BIK,darkolivegreen
BMPER,darkolivegreen
BRD3,darkolivegreen
BRP44L,darkolivegreen
C10ORF111,darkolivegreen
C11ORF10,darkolivegreen
C11ORF73,darkolivegreen
C14ORF159,darkolivegreen
C14ORF80,darkolivegreen
C16ORF35,darkolivegreen
C16ORF45,darkolivegreen
C17ORF102,darkolivegreen
C19ORF6,darkolivegreen
C1ORF125,darkolivegreen
C1ORF159,darkolivegreen
C1ORF77,darkolivegreen
C20ORF112,darkolivegreen
C20ORF94,darkolivegreen
C21ORF56,darkolivegreen
C2ORF15,darkolivegreen
C2ORF84,darkolivegreen
C5ORF58,darkolivegreen
C6ORF176,darkolivegreen
C6ORF204,darkolivegreen
C6ORF89,darkolivegreen
C7ORF30,darkolivegreen
C7ORF31,darkolivegreen
C7ORF41,darkolivegreen
C8ORF12,darkolivegreen
C9ORF140,darkolivegreen
C9ORF91,darkolivegreen
CABC1,darkolivegreen
CACNG4,darkolivegreen
CALU,darkolivegreen
CAPZA2,darkolivegreen
CASC4,darkolivegreen
CBLN1,darkolivegreen
CBLN4,darkolivegreen
CCDC104,darkolivegreen
CCDC117,darkolivegreen
CCDC15,darkolivegreen
CCDC150,darkolivegreen
CCDC52,darkolivegreen
CCDC59,darkolivegreen
CCDC88A,darkolivegreen
CCDC90A,darkolivegreen
CCDC96,darkolivegreen
CCNA2,darkolivegreen
CCND1,darkolivegreen
CD160,darkolivegreen
CD44,darkolivegreen
CDH1,darkolivegreen
CDH20,darkolivegreen
CDH5,darkolivegreen
CDK13,darkolivegreen
CELSR1,darkolivegreen
CENPO,darkolivegreen
CEP164,darkolivegreen
CERCAM,darkolivegreen
CES7,darkolivegreen
CFD,darkolivegreen
CHRM2,darkolivegreen
CHTF18,darkolivegreen
CIZ1,darkolivegreen
CKS1B,darkolivegreen
CLCN7,darkolivegreen
CNKSR3,darkolivegreen
COG7,darkolivegreen
COL11A2,darkolivegreen
COL29A1,darkolivegreen
COL5A1,darkolivegreen
COPS6,darkolivegreen
COX10,darkolivegreen
CPE,darkolivegreen
CPEB1,darkolivegreen
CREB3L4,darkolivegreen
CREB5,darkolivegreen
CREM,darkolivegreen
CRISP3,darkolivegreen
CRY1,darkolivegreen
CSNK1G3,darkolivegreen
CSTB,darkolivegreen
CUGBP1,darkolivegreen
CXCR4,darkolivegreen
CYFIP1,darkolivegreen
CYTSA,darkolivegreen
DAAM1,darkolivegreen
DAPK2,darkolivegreen
DCHS2,darkolivegreen
DDX4,darkolivegreen
DDX43,darkolivegreen
DFFA,darkolivegreen
DFNB31,darkolivegreen
DHDDS,darkolivegreen
DHX30,darkolivegreen
DIP2C,darkolivegreen
DIS3,darkolivegreen
DKFZP586I1420,darkolivegreen
DLC1,darkolivegreen
DMRTB1,darkolivegreen
DNAH10,darkolivegreen
DOLPP1,darkolivegreen
DPY30,darkolivegreen
DUSP4,darkolivegreen
DYNLRB1,darkolivegreen
DYX1C1,darkolivegreen
E2F8,darkolivegreen
EBI3,darkolivegreen
ECH1,darkolivegreen
EEF1B2,darkolivegreen
EFNA4,darkolivegreen
EGLN3,darkolivegreen
EIF2AK2,darkolivegreen
EIF2AK4,darkolivegreen
EIF2B3,darkolivegreen
EIF5,darkolivegreen
EIF6,darkolivegreen
ELAVL1,darkolivegreen
ELF5,darkolivegreen
ELL,darkolivegreen
ELMO1,darkolivegreen
ELOVL6,darkolivegreen
ENOPH1,darkolivegreen
ENY2,darkolivegreen
EP400,darkolivegreen
EPHA7,darkolivegreen
EPHX1,darkolivegreen
EPM2AIP1,darkolivegreen
EPS15,darkolivegreen
ERAL1,darkolivegreen
ERO1L,darkolivegreen
ESRRG,darkolivegreen
ETS1,darkolivegreen
ETV6,darkolivegreen
EXOC6,darkolivegreen
EXOSC4,darkolivegreen
FAM110B,darkolivegreen
FAM155A,darkolivegreen
FAM160B1,darkolivegreen
FAM167A,darkolivegreen
FAM19A1,darkolivegreen
FAM55C,darkolivegreen
FANCA,darkolivegreen
FASN,darkolivegreen
FBXW9,darkolivegreen
FGF3,darkolivegreen
FGFR1,darkolivegreen
FIBIN,darkolivegreen
FKBP11,darkolivegreen
FLOT2,darkolivegreen
FLYWCH1,darkolivegreen
FLYWCH2,darkolivegreen
FMN2,darkolivegreen
FNDC1,darkolivegreen
FOXO1,darkolivegreen
FRAT1,darkolivegreen
FSIP1,darkolivegreen
FYCO1,darkolivegreen
GAB2,darkolivegreen
GABARAPL1,darkolivegreen
GANC,darkolivegreen
GARS,darkolivegreen
GFOD2,darkolivegreen
GFPT2,darkolivegreen
GLI2,darkolivegreen
GLIPR1L1,darkolivegreen
GLIS3,darkolivegreen
GLS,darkolivegreen
GMDS,darkolivegreen
GNAI1,darkolivegreen
GNPDA1,darkolivegreen
GOLM1,darkolivegreen
GPC6,darkolivegreen
GPN1,darkolivegreen
GPR116,darkolivegreen
GPR85,darkolivegreen
GRID1,darkolivegreen
GRIN2C,darkolivegreen
GSX1,darkolivegreen
GTDC1,darkolivegreen
GTF2A1L,darkolivegreen
GTPBP10,darkolivegreen
HAND2,darkolivegreen
HAO1,darkolivegreen
HAX1,darkolivegreen
HBBP1,darkolivegreen
HDAC3,darkolivegreen
HDAC4,darkolivegreen
HDAC9,darkolivegreen
HEATR2,darkolivegreen
HECTD1,darkolivegreen
HELQ,darkolivegreen
HIC1,darkolivegreen
HIST1H2AE,darkolivegreen
HIST1H4H,darkolivegreen
HIST2H2AC,darkolivegreen
HLA-C,darkolivegreen
HLA-DPA1,darkolivegreen
HMGB2,darkolivegreen
HMGCR,darkolivegreen
HMOX2,darkolivegreen
HN1L,darkolivegreen
HSD17B11,darkolivegreen
HSPA1L,darkolivegreen
HSPD1,darkolivegreen
HULC,darkolivegreen
HYI,darkolivegreen
IFNGR2,darkolivegreen
IGF2R,darkolivegreen
IL15,darkolivegreen
IL17RE,darkolivegreen
IL1F7,darkolivegreen
IL4I1,darkolivegreen
IQCH,darkolivegreen
ISL1,darkolivegreen
ISL2,darkolivegreen
ITGBL1,darkolivegreen
JUND,darkolivegreen
KCNE1,darkolivegreen
KCNMA1,darkolivegreen
KCTD14,darkolivegreen
KDELR1,darkolivegreen
KDM2B,darkolivegreen
KDM4D,darkolivegreen
KIAA0284,darkolivegreen
KIAA0564,darkolivegreen
KIAA0776,darkolivegreen
KIAA0892,darkolivegreen
KIAA1009,darkolivegreen
KIAA1919,darkolivegreen
KIF5C,darkolivegreen
KITLG,darkolivegreen
KLC2,darkolivegreen
KLHDC10,darkolivegreen
KLHL32,darkolivegreen
KRR1,darkolivegreen
KRT3,darkolivegreen
L2HGDH,darkolivegreen
LATS1,darkolivegreen
LDHA,darkolivegreen
LDHD,darkolivegreen
LHX8,darkolivegreen
LIAS,darkolivegreen
LIPH,darkolivegreen
LMAN1,darkolivegreen
LOC100128731,darkolivegreen
LOC100129716,darkolivegreen
LOC100130691,darkolivegreen
LOC100190939,darkolivegreen
LOC100288730,darkolivegreen
LOC143188,darkolivegreen
LOC219347,darkolivegreen
LOC344595,darkolivegreen
LOC387647,darkolivegreen
LOC400027,darkolivegreen
LOC442293,darkolivegreen
LOC641367,darkolivegreen
LONRF2,darkolivegreen
LPPR3,darkolivegreen
LRAT,darkolivegreen
LRP1B,darkolivegreen
LRPAP1,darkolivegreen
LRPPRC,darkolivegreen
LYPLAL1,darkolivegreen
MACF1,darkolivegreen
MAF,darkolivegreen
MAGI2,darkolivegreen
MAN1A2,darkolivegreen
MANBA,darkolivegreen
MAP3K7,darkolivegreen
MAPK10,darkolivegreen
MAPK8IP3,darkolivegreen
MDM1,darkolivegreen
MECOM,darkolivegreen
MED16,darkolivegreen
MED28,darkolivegreen
MED4,darkolivegreen
MEMO1,darkolivegreen
MFAP1,darkolivegreen
MGAT4C,darkolivegreen
MIR592,darkolivegreen
MLLT3,darkolivegreen
MMP13,darkolivegreen
MOBKL3,darkolivegreen
MON1A,darkolivegreen
MOV10L1,darkolivegreen
MRPL13,darkolivegreen
MRPL32,darkolivegreen
MRPS35,darkolivegreen
MS4A10,darkolivegreen
MUC17,darkolivegreen
MUDENG,darkolivegreen
MYADM,darkolivegreen
MYB,darkolivegreen
MYO10,darkolivegreen
MYO1H,darkolivegreen
MYT1L,darkolivegreen
N4BP2L2,darkolivegreen
NAGA,darkolivegreen
NAGPA,darkolivegreen
NDST2,darkolivegreen
NDST3,darkolivegreen
NEIL2,darkolivegreen
NELL1,darkolivegreen
NFYA,darkolivegreen
NKAIN1,darkolivegreen
NKAIN2,darkolivegreen
NLRP2,darkolivegreen
NME5,darkolivegreen
NOTCH4,darkolivegreen
NRBP1,darkolivegreen
NRXN3,darkolivegreen
NT5E,darkolivegreen
NTN1,darkolivegreen
NTN4,darkolivegreen
NUCB2,darkolivegreen
NUDT3,darkolivegreen
OBFC2B,darkolivegreen
ODZ4,darkolivegreen
OPCML,darkolivegreen
OPN5,darkolivegreen
OPRL1,darkolivegreen
OR2C3,darkolivegreen
OR3A1,darkolivegreen
ORMDL2,darkolivegreen
OSBP2,darkolivegreen
OSBPL3,darkolivegreen
OSTCL,darkolivegreen
P4HA2,darkolivegreen
PACSIN1,darkolivegreen
PAFAH1B2,darkolivegreen
PAK1,darkolivegreen
PALLD,darkolivegreen
PARD6A,darkolivegreen
PARP16,darkolivegreen
PARP4,darkolivegreen
PARS2,darkolivegreen
PBX1,darkolivegreen
PCDHA7,darkolivegreen
PCF11,darkolivegreen
PCGF2,darkolivegreen
PCIF1,darkolivegreen
PCNP,darkolivegreen
PCYOX1L,darkolivegreen
PDCL,darkolivegreen
PDE5A,darkolivegreen
PDE6B,darkolivegreen
PER4,darkolivegreen
PFKM,darkolivegreen
PHB,darkolivegreen
PHF20L1,darkolivegreen
PIGG,darkolivegreen
PIK3CA,darkolivegreen
PLAC9,darkolivegreen
PLEKHA5,darkolivegreen
PLEKHG4B,darkolivegreen
PLEKHM3,darkolivegreen
PLLP,darkolivegreen
PMM2,darkolivegreen
POFUT1,darkolivegreen
POLR1B,darkolivegreen
POU3F2,darkolivegreen
PPIF,darkolivegreen
PPM1D,darkolivegreen
PPM1L,darkolivegreen
PPP1R3A,darkolivegreen
PPP1R9A,darkolivegreen
PPP2R2B,darkolivegreen
PPP2R2D,darkolivegreen
PPT2,darkolivegreen
PRDM11,darkolivegreen
PRDM16,darkolivegreen
PRDM6,darkolivegreen
PRG2,darkolivegreen
PRKCA,darkolivegreen
PROK2,darkolivegreen
PRPF3,darkolivegreen
PRR25,darkolivegreen
PRSS23,darkolivegreen
PSMB4,darkolivegreen
PSMB6,darkolivegreen
PSMD13,darkolivegreen
PSORS1C3,darkolivegreen
PSTPIP2,darkolivegreen
PTAFR,darkolivegreen
PTGFRN,darkolivegreen
PTPRN2,darkolivegreen
PTRF,darkolivegreen
PXT1,darkolivegreen
QKI,darkolivegreen
QSER1,darkolivegreen
RAB1A,darkolivegreen
RAB38,darkolivegreen
RAD1,darkolivegreen
RAD52,darkolivegreen
RAD54B,darkolivegreen
RADIL,darkolivegreen
RAET1K,darkolivegreen
RAP2B,darkolivegreen
RARA,darkolivegreen
RASA3,darkolivegreen
RASL12,darkolivegreen
RBM14,darkolivegreen
RBM22,darkolivegreen
RBM27,darkolivegreen
RBM45,darkolivegreen
REL,darkolivegreen
RELL1,darkolivegreen
REPS1,darkolivegreen
RG9MTD2,darkolivegreen
RGS11,darkolivegreen
RGS9,darkolivegreen
RHEB,darkolivegreen
RIMKLA,darkolivegreen
RLTPR,darkolivegreen
RNF121,darkolivegreen
RNF139,darkolivegreen
RNF5P1,darkolivegreen
RNMT,darkolivegreen
RNPC3,darkolivegreen
RPL24,darkolivegreen
RPS24,darkolivegreen
RPS27,darkolivegreen
RPUSD3,darkolivegreen
RSBN1,darkolivegreen
RSBN1L,darkolivegreen
RUNX1T1,darkolivegreen
RWDD2B,darkolivegreen
SALL3,darkolivegreen
SART3,darkolivegreen
SC4MOL,darkolivegreen
SCAND2,darkolivegreen
SCLY,darkolivegreen
SCN5A,darkolivegreen
SDC4,darkolivegreen
SEC11A,darkolivegreen
SEC22A,darkolivegreen
SEH1L,darkolivegreen
SEMA3C,darkolivegreen
SEMA3E,darkolivegreen
SERHL2,darkolivegreen
SERP1,darkolivegreen
SERP2,darkolivegreen
SFRS2IP,darkolivegreen
SGK1,darkolivegreen
SGK3,darkolivegreen
SH3BGR,darkolivegreen
SHC4,darkolivegreen
SHH,darkolivegreen
SHMT2,darkolivegreen
SIP1,darkolivegreen
SKA2,darkolivegreen
SLC12A7,darkolivegreen
SLC22A5,darkolivegreen
SLC25A3,darkolivegreen
SLC26A11,darkolivegreen
SLC26A2,darkolivegreen
SLC26A6,darkolivegreen
SLC39A1,darkolivegreen
SLC39A10,darkolivegreen
SLC4A4,darkolivegreen
SLC6A3,darkolivegreen
SLC9A3,darkolivegreen
SLITRK1,darkolivegreen
SLTM,darkolivegreen
SMARCA5,darkolivegreen
SNAP23,darkolivegreen
SNORD50B,darkolivegreen
SNORD84,darkolivegreen
SNRNP35,darkolivegreen
SNTB1,darkolivegreen
SNTB2,darkolivegreen
SOCS5,darkolivegreen
SORCS2,darkolivegreen
SOX4,darkolivegreen
SOX8,darkolivegreen
SPG11,darkolivegreen
SPTBN1,darkolivegreen
SRGAP2,darkolivegreen
SRP19,darkolivegreen
SRP68,darkolivegreen
SRPK2,darkolivegreen
ST5,darkolivegreen
STK32B,darkolivegreen
STK32C,darkolivegreen
SUPT5H,darkolivegreen
SYNE1,darkolivegreen
TAAR3,darkolivegreen
TAF11,darkolivegreen
TAF7,darkolivegreen
TCAM1,darkolivegreen
TCF3,darkolivegreen
TCP11L1,darkolivegreen
TDRD10,darkolivegreen
TEAD1,darkolivegreen
TERF1,darkolivegreen
TEX14,darkolivegreen
TEX2,darkolivegreen
TGFBR3,darkolivegreen
TIAM1,darkolivegreen
TM2D1,darkolivegreen
TMEM106B,darkolivegreen
TMEM134,darkolivegreen
TMEM18,darkolivegreen
TMEM99,darkolivegreen
TMPRSS6,darkolivegreen
TNFAIP8,darkolivegreen
TNFRSF19,darkolivegreen
TNXB,darkolivegreen
TP53I13,darkolivegreen
TPK1,darkolivegreen
TRAK1,darkolivegreen
TRAM1L1,darkolivegreen
TRAPPC1,darkolivegreen
TRIM10,darkolivegreen
TRIM27,darkolivegreen
TRIM33,darkolivegreen
TRIM59,darkolivegreen
TRIP13,darkolivegreen
TRPA1,darkolivegreen
TRRAP,darkolivegreen
TSNAX-DISC1,darkolivegreen
TTN,darkolivegreen
TTYH3,darkolivegreen
TUBA1C,darkolivegreen
TUBA8,darkolivegreen
TUBD1,darkolivegreen
TUBGCP2,darkolivegreen
TXNRD2,darkolivegreen
UBE2B,darkolivegreen
UBE2Q1,darkolivegreen
UBR3,darkolivegreen
UBR4,darkolivegreen
UBXN7,darkolivegreen
UCHL1,darkolivegreen
UCK2,darkolivegreen
UFSP2,darkolivegreen
UNC119B,darkolivegreen
UPP2,darkolivegreen
USP21,darkolivegreen
USPL1,darkolivegreen
VEGFC,darkolivegreen
VEPH1,darkolivegreen
VGLL3,darkolivegreen
VIM,darkolivegreen
VPS13B,darkolivegreen
VPS25,darkolivegreen
VPS39,darkolivegreen
VPS4B,darkolivegreen
VTI1A,darkolivegreen
VWA5B2,darkolivegreen
WASL,darkolivegreen
WBP11,darkolivegreen
WDR35,darkolivegreen
WDR5,darkolivegreen
WDR62,darkolivegreen
WDR63,darkolivegreen
WDR66,darkolivegreen
WDR70,darkolivegreen
WDR86,darkolivegreen
WHSC1L1,darkolivegreen
WIPF1,darkolivegreen
WISP3,darkolivegreen
WIT1,darkolivegreen
WNK1,darkolivegreen
WRB,darkolivegreen
XBP1,darkolivegreen
XCR1,darkolivegreen
XRCC2,darkolivegreen
ZC3H13,darkolivegreen
ZDHHC14,darkolivegreen
ZFAT,darkolivegreen
ZFP36L1,darkolivegreen
ZFP64,darkolivegreen
ZFP82,darkolivegreen
ZMYM4,darkolivegreen
ZNF133,darkolivegreen
ZNF192,darkolivegreen
ZNF226,darkolivegreen
ZNF250,darkolivegreen
ZNF292,darkolivegreen
ZNF384,darkolivegreen
ZNF467,darkolivegreen
ZNF488,darkolivegreen
ZNF605,darkolivegreen
ZNF644,darkolivegreen
ZNF778,darkolivegreen
ZNF793,darkolivegreen
ZSCAN20,darkolivegreen
A4GALT,darkorange
ABHD6,darkorange
ABR,darkorange
ACADM,darkorange
ACAP3,darkorange
ACCN2,darkorange
ADAMTS15,darkorange
ADK,darkorange
AEN,darkorange
AFF1,darkorange
AGL,darkorange
AGPAT9,darkorange
AHSG,darkorange
AKAP12,darkorange
AKIRIN1,darkorange
ALCAM,darkorange
ALG11,darkorange
ALMS1,darkorange
ALPK1,darkorange
AMD1,darkorange
AMN1,darkorange
AMOTL1,darkorange
ANGPTL6,darkorange
ANK1,darkorange
ANKLE2,darkorange
ANKRD11,darkorange
ANP32A,darkorange
ANXA13,darkorange
ANXA7,darkorange
AP2B1,darkorange
AP2M1,darkorange
AP4S1,darkorange
APBB1,darkorange
APC,darkorange
APLP2,darkorange
ARF6,darkorange
ARHGAP1,darkorange
ARHGAP20,darkorange
ARHGAP29,darkorange
ARHGEF10,darkorange
ARHGEF2,darkorange
ARHGEF3,darkorange
ARL5B,darkorange
ARNTL,darkorange
ARSB,darkorange
ARSJ,darkorange
ASXL2,darkorange
ATF1,darkorange
ATG5,darkorange
ATOX1,darkorange
ATP11A,darkorange
ATP5A1,darkorange
ATP8B2,darkorange
AUTS2,darkorange
B3GNT2,darkorange
BAHD1,darkorange
BAI3,darkorange
BAIAP2,darkorange
BBS1,darkorange
BCAR3,darkorange
BCAS3,darkorange
BCL6,darkorange
BDNF,darkorange
BDNFOS,darkorange
BET1,darkorange
BICD1,darkorange
BMPR2,darkorange
BNIP3,darkorange
BRPF3,darkorange
BRUNOL4,darkorange
BSG,darkorange
BST1,darkorange
BTBD7,darkorange
BTN1A1,darkorange
C10ORF18,darkorange
C10ORF26,darkorange
C10ORF88,darkorange
C11ORF67,darkorange
C11ORF83,darkorange
C13ORF18,darkorange
C15ORF39,darkorange
C15ORF40,darkorange
C15ORF57,darkorange
C17ORF101,darkorange
C17ORF72,darkorange
C18ORF25,darkorange
C18ORF45,darkorange
C19ORF29,darkorange
C19ORF53,darkorange
C19ORF61,darkorange
C1ORF203,darkorange
C1ORF228,darkorange
C1ORF55,darkorange
C1ORF88,darkorange
C20ORF108,darkorange
C20ORF117,darkorange
C22ORF9,darkorange
C2ORF74,darkorange
C3ORF58,darkorange
C4ORF14,darkorange
C5ORF34,darkorange
C6ORF122,darkorange
C6ORF173,darkorange
C6ORF208,darkorange
C7ORF10,darkorange
C7ORF27,darkorange
C7ORF31,darkorange
C7ORF50,darkorange
C8ORF86,darkorange
C9ORF173,darkorange
CA10,darkorange
CAMTA1,darkorange
CAMTA2,darkorange
CAND1,darkorange
CAPN9,darkorange
CAPRIN1,darkorange
CAV2,darkorange
CBR3,darkorange
CBX5,darkorange
CBX7,darkorange
CBX8,darkorange
CCDC41,darkorange
CCL28,darkorange
CCNI,darkorange
CCT4,darkorange
CD8A,darkorange
CDC123,darkorange
CDC5L,darkorange
CDKAL1,darkorange
CECR5,darkorange
CEP120,darkorange
CEP97,darkorange
CFD,darkorange
CFTR,darkorange
CHAT,darkorange
CHEK1,darkorange
CHGA,darkorange
CHMP2B,darkorange
CHP,darkorange
CHST13,darkorange
CHSY1,darkorange
CIR1,darkorange
CLDN12,darkorange
CLDN3,darkorange
CLDND1,darkorange
CLEC12A,darkorange
CLIC1,darkorange
CLIP2,darkorange
CLN5,darkorange
CLPTM1,darkorange
CNOT2,darkorange
COL25A1,darkorange
COL6A3,darkorange
COMMD6,darkorange
COMP,darkorange
COQ10A,darkorange
CPSF1,darkorange
CPT1C,darkorange
CREBL2,darkorange
CRHBP,darkorange
CRY1,darkorange
CSGALNACT1,darkorange
CSN3,darkorange
CSNK1A1,darkorange
CSTF2T,darkorange
CSTF3,darkorange
CTCF,darkorange
CTHRC1,darkorange
CTNNBIP1,darkorange
CTTN,darkorange
CUL2,darkorange
CYCS,darkorange
CYP1B1,darkorange
CYP27C1,darkorange
CYP7B1,darkorange
DAZAP1,darkorange
DBX1,darkorange
DCPS,darkorange
DCTN4,darkorange
DDHD1,darkorange
DDOST,darkorange
DDX21,darkorange
DENND3,darkorange
DENND4A,darkorange
DFNB31,darkorange
DGCR5,darkorange
DHX16,darkorange
DHX35,darkorange
DLK1,darkorange
DLX6AS,darkorange
DNAJC9,darkorange
DOCK1,darkorange
DPH5,darkorange
DPP6,darkorange
DRAM2,darkorange
DRD2,darkorange
DSCAML1,darkorange
DSTN,darkorange
DYNLL1,darkorange
DYNLL2,darkorange
DYNLRB2,darkorange
EBF3,darkorange
EEF1B2,darkorange
EFNA3,darkorange
EFNA4,darkorange
EHMT1,darkorange
EIF1B,darkorange
EIF2C3,darkorange
EIF3F,darkorange
ELOVL2,darkorange
ELP2,darkorange
ELP3,darkorange
EML1,darkorange
ENOPH1,darkorange
EP400,darkorange
EPS8L1,darkorange
ERCC1,darkorange
ESR2,darkorange
ESRP1,darkorange
ESYT2,darkorange
ETV1,darkorange
EVI5,darkorange
EVX2,darkorange
EXOC2,darkorange
EXOC4,darkorange
FABP9,darkorange
FAF1,darkorange
FAM105A,darkorange
FAM118B,darkorange
FAM165B,darkorange
FAM19A2,darkorange
FAM24B,darkorange
FAM40A,darkorange
FAM78B,darkorange
FAT1,darkorange
FBLIM1,darkorange
FBLN2,darkorange
FBRSL1,darkorange
FBXO43,darkorange
FBXW8,darkorange
FEM1C,darkorange
FGF1,darkorange
FGFRL1,darkorange
FHL3,darkorange
FKBP11,darkorange
FLJ31306,darkorange
FLJ39653,darkorange
FLJ41603,darkorange
FLJ42709,darkorange
FLYWCH1,darkorange
FNDC3B,darkorange
FNIP1,darkorange
FOXRED2,darkorange
FRK,darkorange
FRS2,darkorange
FSTL5,darkorange
FUBP1,darkorange
FYCO1,darkorange
G6PC3,darkorange
GABRA4,darkorange
GABRG2,darkorange
GABRG3,darkorange
GAD2,darkorange
GALNT9,darkorange
GAPDH,darkorange
GARS,darkorange
GBX1,darkorange
GCLM,darkorange
GDI2,darkorange
GJA3,darkorange
GLRX2,darkorange
GLS2,darkorange
GMNN,darkorange
GMPS,darkorange
GNAL,darkorange
GNB2,darkorange
GNG4,darkorange
GOLGA7,darkorange
GOLSYN,darkorange
GORASP2,darkorange
GPR157,darkorange
GPR19,darkorange
GPR68,darkorange
GPR98,darkorange
GRID1,darkorange
GRIN3A,darkorange
GRK5,darkorange
GRWD1,darkorange
GSPT1,darkorange
GSTO1,darkorange
GSTO2,darkorange
GTF2E1,darkorange
GULP1,darkorange
HABP2,darkorange
HADH,darkorange
HAUS3,darkorange
HCCA2,darkorange
HCG4P6,darkorange
HCN3,darkorange
HDAC4,darkorange
HERC4,darkorange
HES7,darkorange
HGD,darkorange
HIGD2A,darkorange
HIST1H1D,darkorange
HIST1H2BD,darkorange
HIST1H2BJ,darkorange
HIST1H3D,darkorange
HIVEP3,darkorange
HLA-DQB2,darkorange
HNRNPD,darkorange
HNRNPL,darkorange
HNRNPUL2,darkorange
HOMEZ,darkorange
HPN,darkorange
HRNBP3,darkorange
HS3ST2,darkorange
HTR7P,darkorange
IDUA,darkorange
IFNAR1,darkorange
IGFBP3,darkorange
IGFBP7,darkorange
IL1RAP,darkorange
IL1RN,darkorange
ILDR1,darkorange
IMMP2L,darkorange
INPP5K,darkorange
ISLR2,darkorange
ISM1,darkorange
ITCH,darkorange
ITFG3,darkorange
ITPK1,darkorange
ITSN2,darkorange
JPH3,darkorange
KBTBD3,darkorange
KCNJ11,darkorange
KCNJ5,darkorange
KCNK17,darkorange
KCNK5,darkorange
KCNQ1,darkorange
KCTD3,darkorange
KHDC1,darkorange
KIAA0907,darkorange
KIAA1486,darkorange
KIF16B,darkorange
KIF1B,darkorange
KIFC1,darkorange
KLF16,darkorange
KLHL21,darkorange
KLHL33,darkorange
KLRAQ1,darkorange
KLRG2,darkorange
KPNB1,darkorange
KRT18,darkorange
LARS2,darkorange
LCA5,darkorange
LEKR1,darkorange
LEPROT,darkorange
LGALS8,darkorange
LGMN,darkorange
LHX5,darkorange
LIN7C,darkorange
LMAN2L,darkorange
LMLN,darkorange
LOC100130987,darkorange
LOC148145,darkorange
LOC148696,darkorange
LOC283867,darkorange
LOC400657,darkorange
LOC646982,darkorange
LOC81691,darkorange
LOH12CR1,darkorange
LRRC36,darkorange
LRRC46,darkorange
LRSAM1,darkorange
LSM2,darkorange
LSR,darkorange
LYPLA2,darkorange
LYRM4,darkorange
M6PR,darkorange
MAEA,darkorange
MAGEF1,darkorange
MAGI2,darkorange
MAK16,darkorange
MAP1LC3A,darkorange
MAPK3,darkorange
MAPK7,darkorange
MASTL,darkorange
MCC,darkorange
MCF2L,darkorange
MDH1,darkorange
MEX3A,darkorange
MFHAS1,darkorange
MFSD1,darkorange
MFSD4,darkorange
MGC2889,darkorange
MIR29B2,darkorange
MIR494,darkorange
MIR548F5,darkorange
MIR639,darkorange
MIR654,darkorange
MIS12,darkorange
MKX,darkorange
MLL5,darkorange
MLLT11,darkorange
MMP15,darkorange
MMS19,darkorange
MOBKL1B,darkorange
MPP2,darkorange
MPP7,darkorange
MPV17L,darkorange
MRPL1,darkorange
MRPL42,darkorange
MRTO4,darkorange
MS4A15,darkorange
MSX1,darkorange
MSX2,darkorange
MTCH2,darkorange
MTIF3,darkorange
MTX1,darkorange
MTX2,darkorange
MUDENG,darkorange
MYO19,darkorange
MYOM1,darkorange
NAA38,darkorange
NACAP1,darkorange
NAIF1,darkorange
NAT9,darkorange
NCAM1,darkorange
NDRG2,darkorange
NDUFA6,darkorange
NDUFAF2,darkorange
NDUFAF4,darkorange
NEDD4L,darkorange
NEFL,darkorange
NEK6,darkorange
NELF,darkorange
NFATC1,darkorange
NFATC2IP,darkorange
NFYB,darkorange
NFYC,darkorange
NGLY1,darkorange
NINJ2,darkorange
NLRP1,darkorange
NMT1,darkorange
NOL4,darkorange
NOM1,darkorange
NOP2,darkorange
NOV,darkorange
NPAS1,darkorange
NPM1,darkorange
NR2F2,darkorange
NR6A1,darkorange
NRF1,darkorange
NRG1,darkorange
NRG2,darkorange
NRP1,darkorange
NSUN3,darkorange
NTNG1,darkorange
NTSR1,darkorange
NUBP2,darkorange
NUP50,darkorange
NUSAP1,darkorange
OBFC2B,darkorange
ODZ3,darkorange
ODZ4,darkorange
OGDH,darkorange
OPA3,darkorange
OPCML,darkorange
OPRD1,darkorange
OR10V1,darkorange
OR14J1,darkorange
OR4E2,darkorange
OR4K14,darkorange
OR51I2,darkorange
ORMDL3,darkorange
OSBPL10,darkorange
OSBPL9,darkorange
PACS2,darkorange
PADI1,darkorange
PALLD,darkorange
PAPOLA,darkorange
PAPSS2,darkorange
PARP16,darkorange
PASK,darkorange
PBX1,darkorange
PBX3,darkorange
PCCA,darkorange
PCDH7,darkorange
PCDHGA2,darkorange
PCGF2,darkorange
PCGF3,darkorange
PCLO,darkorange
PDE12,darkorange
PDE4DIP,darkorange
PDE5A,darkorange
PDIA5,darkorange
PELP1,darkorange
PFKP,darkorange
PHF17,darkorange
PHTF2,darkorange
PICALM,darkorange
PIGF,darkorange
PIGN,darkorange
PIGW,darkorange
PIK3R2,darkorange
PITPNM2,darkorange
PKP2,darkorange
PLAUR,darkorange
PLCE1,darkorange
PLCG2,darkorange
PLCXD2,darkorange
PLEC1,darkorange
PLEKHO2,darkorange
PLK2,darkorange
PM20D2,darkorange
PNPLA7,darkorange
PNPO,darkorange
POLE3,darkorange
POLR3C,darkorange
POMT1,darkorange
PPP2R1A,darkorange
PPP2R1B,darkorange
PPP2R2D,darkorange
PRDM16,darkorange
PRKAR1B,darkorange
PRKCSH,darkorange
PRR5,darkorange
PRSS16,darkorange
PRSS3,darkorange
PRSS38,darkorange
PRTN3,darkorange
PSKH1,darkorange
PSMD11,darkorange
PSMD13,darkorange
PSMD9,darkorange
PSMG3,darkorange
PSRC1,darkorange
PTEN,darkorange
PTK2B,darkorange
PTPMT1,darkorange
PTPN12,darkorange
PTPRN2,darkorange
PTTG1IP,darkorange
PWP1,darkorange
R3HDM1,darkorange
RAB36,darkorange
RAB38,darkorange
RAB3GAP2,darkorange
RALGDS,darkorange
RANGAP1,darkorange
RARA,darkorange
RASSF7,darkorange
RCOR1,darkorange
RDBP,darkorange
RECQL4,darkorange
REL,darkorange
RFWD2,darkorange
RG9MTD2,darkorange
RGS7,darkorange
RHBDF2,darkorange
RHOB,darkorange
RIC8B,darkorange
RIF1,darkorange
RIMS1,darkorange
RND2,darkorange
RND3,darkorange
RNF187,darkorange
RNH1,darkorange
RPL10L,darkorange
RPL29,darkorange
RPL35A,darkorange
RPRM,darkorange
RPS12,darkorange
RPS23,darkorange
RPS6KA2,darkorange
RPS9,darkorange
RREB1,darkorange
RRP15,darkorange
RSL1D1,darkorange
RUNDC3B,darkorange
RWDD2B,darkorange
SALL1,darkorange
SALL3,darkorange
SAMD13,darkorange
SART3,darkorange
SC4MOL,darkorange
SCAPER,darkorange
SCG3,darkorange
SCIN,darkorange
SCUBE3,darkorange
SDHC,darkorange
SDK1,darkorange
SELENBP1,darkorange
SEMA3F,darkorange
SEP-03,darkorange
SESN3,darkorange
SF3B2,darkorange
SFRS12,darkorange
SFRS5,darkorange
SGOL1,darkorange
SHANK1,darkorange
SHB,darkorange
SHC3,darkorange
SHC4,darkorange
SIRPA,darkorange
SKA1,darkorange
SKIV2L2,darkorange
SLA,darkorange
SLC16A10,darkorange
SLC16A14,darkorange
SLC18A3,darkorange
SLC20A2,darkorange
SLC22A4,darkorange
SLC25A22,darkorange
SLC35C2,darkorange
SLC35E1,darkorange
SLC38A3,darkorange
SLC38A6,darkorange
SLC9A2,darkorange
SMARCAD1,darkorange
SMARCE1,darkorange
SMEK1,darkorange
SMEK2,darkorange
SMOC2,darkorange
SNAR-F,darkorange
SNHG3-RCC1,darkorange
SNORD114-22,darkorange
SNRPA1,darkorange
SNW1,darkorange
SORCS2,darkorange
SORL1,darkorange
SOX2OT,darkorange
SPATA8,darkorange
SPCS2,darkorange
SPNS1,darkorange
SRP19,darkorange
SSPO,darkorange
ST6GALNAC3,darkorange
ST8SIA5,darkorange
STAM,darkorange
STK33,darkorange
STRAP,darkorange
STX1A,darkorange
STX2,darkorange
STXBP6,darkorange
SUSD5,darkorange
SUV420H2,darkorange
SYT6,darkorange
TACR1,darkorange
TAF7,darkorange
TAS1R1,darkorange
TBC1D22A,darkorange
TBCD,darkorange
TBXAS1,darkorange
TCEB3B,darkorange
TFRC,darkorange
THBS2,darkorange
THRAP3,darkorange
TM4SF19,darkorange
TMCO3,darkorange
TMCO7,darkorange
TMED7-TICAM2,darkorange
TMEM109,darkorange
TMEM149,darkorange
TMEM171,darkorange
TMEM185B,darkorange
TMEM194B,darkorange
TMEM216,darkorange
TMEM26,darkorange
TMEM38A,darkorange
TMEM80,darkorange
TMF1,darkorange
TMUB2,darkorange
TNFAIP3,darkorange
TNPO2,darkorange
TNRC6C,darkorange
TOMM40,darkorange
TOMM6,darkorange
TOP3A,darkorange
TP53,darkorange
TPST2,darkorange
TRAPPC2L,darkorange
TRAPPC3,darkorange
TRAPPC9,darkorange
TRIM46,darkorange
TRIM58,darkorange
TRIO,darkorange
TRIP13,darkorange
TRPC6,darkorange
TSPAN4,darkorange
TSSC1,darkorange
TTC15,darkorange
TTC27,darkorange
TTC35,darkorange
TTC38,darkorange
TTC39A,darkorange
TTYH3,darkorange
TULP2,darkorange
TYW3,darkorange
UBE2V1,darkorange
UGGT1,darkorange
UGP2,darkorange
ULBP3,darkorange
UNCX,darkorange
USP38,darkorange
USP47,darkorange
VCP,darkorange
VMAC,darkorange
VPS52,darkorange
VSX2,darkorange
WASL,darkorange
WBP11,darkorange
WBSCR27,darkorange
WDFY2,darkorange
WDR1,darkorange
WDR65,darkorange
WDR82,darkorange
WDR90,darkorange
WHSC2,darkorange
WWP1,darkorange
XKR6,darkorange
XPO4,darkorange
XRCC1,darkorange
YIPF1,darkorange
YPEL2,darkorange
YPEL5,darkorange
ZBED2,darkorange
ZBTB41,darkorange
ZC3H7B,darkorange
ZCCHC17,darkorange
ZDHHC14,darkorange
ZEB2,darkorange
ZFAT,darkorange
ZFPM2,darkorange
ZMPSTE24,darkorange
ZMYND11,darkorange
ZNF114,darkorange
ZNF133,darkorange
ZNF134,darkorange
ZNF187,darkorange
ZNF256,darkorange
ZNF271,darkorange
ZNF311,darkorange
ZNF322A,darkorange
ZNF337,darkorange
ZNF354C,darkorange
ZNF389,darkorange
ZNF460,darkorange
ZNF492,darkorange
ZNF551,darkorange
ZNF57,darkorange
ZNF652,darkorange
ZNF662,darkorange
ZNF684,darkorange
ZNF780B,darkorange
ZNF791,darkorange
ZNF804B,darkorange
ZNRD1,darkorange
ZSWIM6,darkorange
ZYG11A,darkorange
A2BP1,darkorange2
AACS,darkorange2
AATF,darkorange2
ABCA7,darkorange2
ABCF2,darkorange2
ABL1,darkorange2
ABL2,darkorange2
ABR,darkorange2
ABT1,darkorange2
ACACA,darkorange2
ACBD4,darkorange2
ACCN1,darkorange2
ACCN2,darkorange2
ACIN1,darkorange2
ACOT7,darkorange2
ACSF3,darkorange2
ACSM1,darkorange2
ACSS2,darkorange2
ACTL9,darkorange2
ACTN1,darkorange2
ACTR1B,darkorange2
ADAD2,darkorange2
ADAM33,darkorange2
ADAMTS17,darkorange2
ADAMTS2,darkorange2
ADAMTSL2,darkorange2
ADARB2,darkorange2
ADH6,darkorange2
AFF3,darkorange2
AGAP1,darkorange2
AGL,darkorange2
AGPAT1,darkorange2
AGTR1,darkorange2
AHR,darkorange2
AIG1,darkorange2
AKR1D1,darkorange2
ALDH3A1,darkorange2
ALK,darkorange2
ALPK2,darkorange2
ALPL,darkorange2
ALPPL2,darkorange2
ALX4,darkorange2
ANAPC10,darkorange2
ANAPC2,darkorange2
ANKAR,darkorange2
ANKRD11,darkorange2
ANKRD27,darkorange2
ANKRD33B,darkorange2
ANKRD54,darkorange2
ANO2,darkorange2
ANP32E,darkorange2
AP2A2,darkorange2
AP2B1,darkorange2
AP2M1,darkorange2
AP3B2,darkorange2
APC,darkorange2
APIP,darkorange2
APITD1,darkorange2
APOD,darkorange2
APOM,darkorange2
AQP11,darkorange2
ARFGAP3,darkorange2
ARHGAP15,darkorange2
ARHGEF10,darkorange2
ARL6,darkorange2
ARMC4,darkorange2
ARNT2,darkorange2
ARPC3,darkorange2
ARSB,darkorange2
ART1,darkorange2
ART4,darkorange2
ASAP2,darkorange2
ASB13,darkorange2
ASB16,darkorange2
ASH1L,darkorange2
ASPSCR1,darkorange2
ATAD3A,darkorange2
ATAD5,darkorange2
ATF6B,darkorange2
ATHL1,darkorange2
ATP11A,darkorange2
ATP13A5,darkorange2
ATP2B2,darkorange2
ATP2C2,darkorange2
ATP4A,darkorange2
ATP5G2,darkorange2
ATP6V0D1,darkorange2
ATP6V1C1,darkorange2
ATP9B,darkorange2
ATPBD4,darkorange2
ATRIP,darkorange2
ATXN1,darkorange2
ATXN7L1,darkorange2
AUTS2,darkorange2
AVEN,darkorange2
B3GAT1,darkorange2
B3GNT7,darkorange2
B3GNTL1,darkorange2
BAALC,darkorange2
BACH2,darkorange2
BAG3,darkorange2
BAI3,darkorange2
BAT2,darkorange2
BCL10,darkorange2
BCL11B,darkorange2
BCL2L11,darkorange2
BCL2L14,darkorange2
BFSP1,darkorange2
BHLHE23,darkorange2
BIN3,darkorange2
BIRC2,darkorange2
BIRC8,darkorange2
BLCAP,darkorange2
BMP1,darkorange2
BMP6,darkorange2
BPTF,darkorange2
BRCA1,darkorange2
BRDT,darkorange2
BRF1,darkorange2
BRMS1,darkorange2
BRMS1L,darkorange2
BTBD18,darkorange2
BTBD8,darkorange2
BTD,darkorange2
BTNL2,darkorange2
C10ORF2,darkorange2
C10ORF4,darkorange2
C11ORF20,darkorange2
C11ORF51,darkorange2
C12ORF77,darkorange2
C13ORF35,darkorange2
C14ORF181,darkorange2
C14ORF2,darkorange2
C15ORF27,darkorange2
C16ORF45,darkorange2
C16ORF58,darkorange2
C17ORF28,darkorange2
C17ORF57,darkorange2
C17ORF59,darkorange2
C17ORF69,darkorange2
C18ORF25,darkorange2
C18ORF8,darkorange2
C19ORF20,darkorange2
C19ORF48,darkorange2
C1ORF112,darkorange2
C1ORF14,darkorange2
C1ORF69,darkorange2
C1ORF77,darkorange2
C1ORF83,darkorange2
C1QL3,darkorange2
C1QTNF2,darkorange2
C20ORF20,darkorange2
C20ORF70,darkorange2
C21ORF121,darkorange2
C21ORF130,darkorange2
C2ORF54,darkorange2
C2ORF60,darkorange2
C2ORF63,darkorange2
C2ORF81,darkorange2
C3ORF21,darkorange2
C3ORF26,darkorange2
C3ORF35,darkorange2
C3ORF55,darkorange2
C3ORF67,darkorange2
C3ORF77,darkorange2
C4ORF10,darkorange2
C5ORF22,darkorange2
C5ORF35,darkorange2
C6ORF118,darkorange2
C6ORF127,darkorange2
C6ORF134,darkorange2
C6ORF147,darkorange2
C6ORF15,darkorange2
C6ORF174,darkorange2
C6ORF176,darkorange2
C7ORF50,darkorange2
C7ORF55,darkorange2
C7ORF63,darkorange2
C8ORF59,darkorange2
C8ORF71,darkorange2
C8ORF74,darkorange2
C8ORF79,darkorange2
C9ORF142,darkorange2
C9ORF170,darkorange2
CAB39,darkorange2
CABLES2,darkorange2
CACNA2D4,darkorange2
CADPS,darkorange2
CALCB,darkorange2
CALD1,darkorange2
CAMK2B,darkorange2
CAMKK1,darkorange2
CAMLG,darkorange2
CAMTA1,darkorange2
CANX,darkorange2
CAP2,darkorange2
CAPN1,darkorange2
CAPS2,darkorange2
CAPZB,darkorange2
CARD10,darkorange2
CARD11,darkorange2
CASP6,darkorange2
CASP7,darkorange2
CASP8,darkorange2
CASR,darkorange2
CASZ1,darkorange2
CATSPER1,darkorange2
CATSPERB,darkorange2
CBLC,darkorange2
CBY1,darkorange2
CCDC144NL,darkorange2
CCDC155,darkorange2
CCDC55,darkorange2
CCDC81,darkorange2
CCKBR,darkorange2
CCND2,darkorange2
CCND3,darkorange2
CCNG1,darkorange2
CCT4,darkorange2
CD180,darkorange2
CD200,darkorange2
CD38,darkorange2
CD6,darkorange2
CD69,darkorange2
CD81,darkorange2
CDC42BPB,darkorange2
CDC42BPG,darkorange2
CDC7,darkorange2
CDGAP,darkorange2
CDH12,darkorange2
CDH13,darkorange2
CDH2,darkorange2
CDK11B,darkorange2
CDKN2AIP,darkorange2
CECR2,darkorange2
CELSR1,darkorange2
CHCHD2,darkorange2
CHFR,darkorange2
CHGA,darkorange2
CHI3L1,darkorange2
CHIT1,darkorange2
CHPT1,darkorange2
CHRDL2,darkorange2
CHRNG,darkorange2
CHST11,darkorange2
CHST8,darkorange2
CIT,darkorange2
CLDN10,darkorange2
CLDN18,darkorange2
CLDN7,darkorange2
CLEC16A,darkorange2
CLINT1,darkorange2
CLP1,darkorange2
CMIP,darkorange2
CNGA3,darkorange2
CNIH2,darkorange2
CNKSR3,darkorange2
COG5,darkorange2
COL23A1,darkorange2
COL4A3BP,darkorange2
COL6A2,darkorange2
COL6A3,darkorange2
COL9A1,darkorange2
COQ2,darkorange2
COQ5,darkorange2
COQ6,darkorange2
COQ7,darkorange2
CPA2,darkorange2
CPA3,darkorange2
CPS1,darkorange2
CPVL,darkorange2
CPXM2,darkorange2
CRADD,darkorange2
CREB5,darkorange2
CRYBG3,darkorange2
CRYGN,darkorange2
CS,darkorange2
CSF1R,darkorange2
CSGALNACT1,darkorange2
CSMD1,darkorange2
CSMD3,darkorange2
CSNK1A1L,darkorange2
CSNK1G3,darkorange2
CSRP3,darkorange2
CSTA,darkorange2
CT62,darkorange2
CTBS,darkorange2
CTNNA2,darkorange2
CTNNBIP1,darkorange2
CUL5,darkorange2
CUTA,darkorange2
CUX1,darkorange2
CXCR4,darkorange2
CXCR5,darkorange2
CXCR6,darkorange2
CYFIP1,darkorange2
CYFIP2,darkorange2
CYP24A1,darkorange2
CYP2A7,darkorange2
CYP2W1,darkorange2
CYP4F22,darkorange2
CYP4V2,darkorange2
CYTH1,darkorange2
D2HGDH,darkorange2
DAB1,darkorange2
DAG1,darkorange2
DAP,darkorange2
DAXX,darkorange2
DBC1,darkorange2
DCAF4L2,darkorange2
DCLK3,darkorange2
DCTD,darkorange2
DCUN1D4,darkorange2
DDC,darkorange2
DDR1,darkorange2
DDX19B,darkorange2
DDX21,darkorange2
DDX43,darkorange2
DDX60,darkorange2
DEAF1,darkorange2
DEFB133,darkorange2
DEGS1,darkorange2
DEPDC6,darkorange2
DGUOK,darkorange2
DHPS,darkorange2
DHX16,darkorange2
DICER1,darkorange2
DIDO1,darkorange2
DIP2C,darkorange2
DIS3,darkorange2
DLG2,darkorange2
DLG4,darkorange2
DLGAP2,darkorange2
DMRT2,darkorange2
DMXL1,darkorange2
DNAH14,darkorange2
DNAH6,darkorange2
DNAJB14,darkorange2
DNAJB6,darkorange2
DNAJC12,darkorange2
DNAJC19,darkorange2
DNAJC6,darkorange2
DNMT3B,darkorange2
DOCK1,darkorange2
DOCK3,darkorange2
DOCK9,darkorange2
DOK2,darkorange2
DOT1L,darkorange2
DPPA5,darkorange2
DPYSL4,darkorange2
DSCAM,darkorange2
DSG3,darkorange2
DSP,darkorange2
DUS3L,darkorange2
DUSP14,darkorange2
DUSP26,darkorange2
DUSP5,darkorange2
DYNC1H1,darkorange2
DYNC1I2,darkorange2
DYNLL1,darkorange2
DZIP1,darkorange2
DZIP1L,darkorange2
E2F3,darkorange2
E2F8,darkorange2
EBF3,darkorange2
ECHDC3,darkorange2
EEF1A1,darkorange2
EEF2,darkorange2
EEFSEC,darkorange2
EEPD1,darkorange2
EGFL8,darkorange2
EGFR,darkorange2
EHMT1,darkorange2
EHMT2,darkorange2
EIF2C2,darkorange2
EIF3B,darkorange2
ELOVL3,darkorange2
ELOVL5,darkorange2
ELP2P,darkorange2
ELP3,darkorange2
ELTD1,darkorange2
EMR2,darkorange2
ENOSF1,darkorange2
ENPP1,darkorange2
ENTHD1,darkorange2
ENTPD2,darkorange2
EP400,darkorange2
EPAS1,darkorange2
EPB41L4A,darkorange2
EPC1,darkorange2
EPHB2,darkorange2
EPHB3,darkorange2
EPPK1,darkorange2
EPS15L1,darkorange2
EPS8L1,darkorange2
ERCC5,darkorange2
ERCC6,darkorange2
ERLIN2,darkorange2
ERRFI1,darkorange2
ESAM,darkorange2
ESPNL,darkorange2
ETFB,darkorange2
ETV5,darkorange2
EXOC3,darkorange2
EXOC6,darkorange2
EXOSC6,darkorange2
EXT2,darkorange2
EZR,darkorange2
FAHD1,darkorange2
FAM105B,darkorange2
FAM118A,darkorange2
FAM120A,darkorange2
FAM149A,darkorange2
FAM174A,darkorange2
FAM188B,darkorange2
FAM193B,darkorange2
FAM19A3,darkorange2
FAM49B,darkorange2
FAM53A,darkorange2
FAM53B,darkorange2
FAM55A,darkorange2
FAM5C,darkorange2
FAM82A1,darkorange2
FAM83E,darkorange2
FANCI,darkorange2
FAT1,darkorange2
FAT3,darkorange2
FBRSL1,darkorange2
FBXO10,darkorange2
FBXO21,darkorange2
FBXO6,darkorange2
FBXW12,darkorange2
FEZF1,darkorange2
FGD4,darkorange2
FGD5,darkorange2
FGFR1,darkorange2
FGFR2,darkorange2
FHDC1,darkorange2
FHIT,darkorange2
FHOD3,darkorange2
FIZ1,darkorange2
FLI1,darkorange2
FLJ22536,darkorange2
FLJ26850,darkorange2
FLJ40434,darkorange2
FLJ43860,darkorange2
FLNC,darkorange2
FLOT1,darkorange2
FOXK1,darkorange2
FOXN2,darkorange2
FOXN3,darkorange2
FOXP1,darkorange2
FOXR1,darkorange2
FREM2,darkorange2
FRMD5,darkorange2
FRMD8,darkorange2
FTMT,darkorange2
FTO,darkorange2
FUT4,darkorange2
GABBR1,darkorange2
GABPB1,darkorange2
GABRB3,darkorange2
GABRR2,darkorange2
GADL1,darkorange2
GAK,darkorange2
GAL3ST2,darkorange2
GAL3ST4,darkorange2
GALNT10,darkorange2
GALNT13,darkorange2
GALNT2,darkorange2
GALNT9,darkorange2
GALR3,darkorange2
GATA6,darkorange2
GATAD2A,darkorange2
GCC2,darkorange2
GDF2,darkorange2
GDF6,darkorange2
GFOD1,darkorange2
GGCT,darkorange2
GIMAP8,darkorange2
GIPC3,darkorange2
GJD3,darkorange2
GLI3,darkorange2
GLIS1,darkorange2
GLIS3,darkorange2
GLRX3,darkorange2
GLS,darkorange2
GLS2,darkorange2
GLTSCR1,darkorange2
GMDS,darkorange2
GNB2,darkorange2
GNG12,darkorange2
GNG7,darkorange2
GNL1,darkorange2
GOLGA3,darkorange2
GP6,darkorange2
GPM6A,darkorange2
GPN3,darkorange2
GPR125,darkorange2
GPR133,darkorange2
GPR142,darkorange2
GPR39,darkorange2
GRAMD1B,darkorange2
GRB10,darkorange2
GREB1,darkorange2
GREM2,darkorange2
GRK4,darkorange2
GRK5,darkorange2
GRK6,darkorange2
GRM3,darkorange2
GSPT1,darkorange2
GTF2A2,darkorange2
GTF2H1,darkorange2
GTF2H4,darkorange2
GTF3C3,darkorange2
GVIN1,darkorange2
GYS1,darkorange2
H1FOO,darkorange2
HAPLN1,darkorange2
HARS2,darkorange2
HBBP1,darkorange2
HBS1L,darkorange2
HCCA2,darkorange2
HCG22,darkorange2
HCG27,darkorange2
HCN2,darkorange2
HCRTR1,darkorange2
HDAC1,darkorange2
HDAC4,darkorange2
HEATR2,darkorange2
HEXB,darkorange2
HEXIM2,darkorange2
HFM1,darkorange2
HIPK1,darkorange2
HIPK3,darkorange2
HIST1H2BA,darkorange2
HIST1H4B,darkorange2
HLA-DMB,darkorange2
HLA-DOA,darkorange2
HLA-DPB2,darkorange2
HLA-DQB1,darkorange2
HLA-DRA,darkorange2
HLA-DRB1,darkorange2
HLA-E,darkorange2
HLA-L,darkorange2
HMG20B,darkorange2
HMGCL,darkorange2
HNRNPA1,darkorange2
HNRNPAB,darkorange2
HNRNPF,darkorange2
HOOK2,darkorange2
HS3ST4,darkorange2
HSPA1B,darkorange2
HSPB1,darkorange2
HTR1E,darkorange2
HTR3A,darkorange2
HUS1B,darkorange2
IAPP,darkorange2
ICOS,darkorange2
IFIT2,darkorange2
IFNAR2,darkorange2
IFRD1,darkorange2
IFRD2,darkorange2
IFT81,darkorange2
IFT88,darkorange2
IGF2BP3,darkorange2
IGF2R,darkorange2
IGFBP5,darkorange2
IGSF5,darkorange2
IKBIP,darkorange2
IKZF1,darkorange2
IL15RA,darkorange2
IL1RN,darkorange2
IL21R,darkorange2
IL22RA2,darkorange2
IL2RA,darkorange2
IL9,darkorange2
INF2,darkorange2
ING3,darkorange2
ING4,darkorange2
ING5,darkorange2
INPP5A,darkorange2
INPP5E,darkorange2
INSL3,darkorange2
INTS7,darkorange2
IPO7,darkorange2
IPO9,darkorange2
IQCA1,darkorange2
IQCB1,darkorange2
IQCE,darkorange2
IQCF6,darkorange2
IRAK2,darkorange2
IRGC,darkorange2
ITGA2,darkorange2
ITGA9,darkorange2
ITIH4,darkorange2
ITIH5,darkorange2
ITPR1,darkorange2
ITPRIP,darkorange2
JAK3,darkorange2
JAKMIP1,darkorange2
JAKMIP3,darkorange2
JOSD2,darkorange2
JSRP1,darkorange2
JTB,darkorange2
KBTBD11,darkorange2
KBTBD5,darkorange2
KBTBD8,darkorange2
KCNAB1,darkorange2
KCNB2,darkorange2
KCNC1,darkorange2
KCNG2,darkorange2
KCNH3,darkorange2
KCNIP4,darkorange2
KCNQ1,darkorange2
KCNQ1DN,darkorange2
KCNQ4,darkorange2
KCNQ5,darkorange2
KCNS1,darkorange2
KCTD2,darkorange2
KCTD4,darkorange2
KCTD9,darkorange2
KDM1B,darkorange2
KDM2B,darkorange2
KHDC1L,darkorange2
KHDRBS2,darkorange2
KIAA0146,darkorange2
KIAA0182,darkorange2
KIAA0284,darkorange2
KIAA0368,darkorange2
KIAA0528,darkorange2
KIAA0586,darkorange2
KIAA0664,darkorange2
KIAA0776,darkorange2
KIAA0892,darkorange2
KIAA1161,darkorange2
KIAA1199,darkorange2
KIAA1549,darkorange2
KIAA1671,darkorange2
KIAA1688,darkorange2
KIAA1751,darkorange2
KIAA1826,darkorange2
KIAA1875,darkorange2
KIAA1919,darkorange2
KIAA1949,darkorange2
KIF14,darkorange2
KIF24,darkorange2
KIF26A,darkorange2
KIF26B,darkorange2
KLF15,darkorange2
KLF4,darkorange2
KLHDC3,darkorange2
KLHDC4,darkorange2
KLHL29,darkorange2
KLHL38,darkorange2
KLHL6,darkorange2
KNDC1,darkorange2
KRBA1,darkorange2
KRI1,darkorange2
KRR1,darkorange2
KRT12,darkorange2
KRT27,darkorange2
KRT80,darkorange2
KRT85,darkorange2
LAMB1,darkorange2
LAMB3,darkorange2
LAMC2,darkorange2
LANCL1,darkorange2
LASS3,darkorange2
LAT2,darkorange2
LCORL,darkorange2
LCT,darkorange2
LDB1,darkorange2
LGALS3,darkorange2
LGALS4,darkorange2
LGI4,darkorange2
LHFPL2,darkorange2
LHX4,darkorange2
LIMCH1,darkorange2
LIMS2,darkorange2
LIPJ,darkorange2
LITAF,darkorange2
LIX1,darkorange2
LMX1A,darkorange2
LOC100130987,darkorange2
LOC100133315,darkorange2
LOC100188949,darkorange2
LOC100288730,darkorange2
LOC148189,darkorange2
LOC151174,darkorange2
LOC154449,darkorange2
LOC282997,darkorange2
LOC283050,darkorange2
LOC284009,darkorange2
LOC285033,darkorange2
LOC285830,darkorange2
LOC286094,darkorange2
LOC349114,darkorange2
LOC389458,darkorange2
LOC400891,darkorange2
LOC401097,darkorange2
LOC441046,darkorange2
LOC441666,darkorange2
LOC441897,darkorange2
LOC552889,darkorange2
LOC643387,darkorange2
LOC646627,darkorange2
LOC650226,darkorange2
LOC729384,darkorange2
LOC729678,darkorange2
LOC729799,darkorange2
LPAR1,darkorange2
LPAR5,darkorange2
LPCAT1,darkorange2
LPIN1,darkorange2
LRDD,darkorange2
LRFN1,darkorange2
LRP1B,darkorange2
LRP5,darkorange2
LRRC14B,darkorange2
LRRC2,darkorange2
LRRC33,darkorange2
LRRC40,darkorange2
LRRC41,darkorange2
LRRC43,darkorange2
LRRC45,darkorange2
LRRC4B,darkorange2
LRRC61,darkorange2
LRRC69,darkorange2
LRRN1,darkorange2
LTA,darkorange2
LTBP4,darkorange2
LY6G5C,darkorange2
LYL1,darkorange2
LYPD4,darkorange2
MACF1,darkorange2
MACROD1,darkorange2
MAD1L1,darkorange2
MAEA,darkorange2
MAGI2,darkorange2
MALAT1,darkorange2
MALL,darkorange2
MAML3,darkorange2
MAN1C1,darkorange2
MAPK10,darkorange2
MAPK3,darkorange2
MAPT,darkorange2
MARK3,darkorange2
MARVELD2,darkorange2
MATN4,darkorange2
MCF2L,darkorange2
MCF2L2,darkorange2
MCPH1,darkorange2
MDH1,darkorange2
MECR,darkorange2
MED13L,darkorange2
MEG3,darkorange2
MEOX2,darkorange2
MESTIT1,darkorange2
MET,darkorange2
MFAP3,darkorange2
MGAT1,darkorange2
MGC26597,darkorange2
MGC42105,darkorange2
MGMT,darkorange2
MIB2,darkorange2
MICALL2,darkorange2
MINA,darkorange2
MIR1208,darkorange2
MIR141,darkorange2
MIR29B1,darkorange2
MIR365-1,darkorange2
MIR596,darkorange2
MIR942,darkorange2
MIXL1,darkorange2
MLEC,darkorange2
MLF2,darkorange2
MMD2,darkorange2
MMP21,darkorange2
MOBP,darkorange2
MORN1,darkorange2
MORN5,darkorange2
MPPED2,darkorange2
MPZL1,darkorange2
MRE11A,darkorange2
MRGPRE,darkorange2
MRGPRF,darkorange2
MRI1,darkorange2
MRPL16,darkorange2
MRPL22,darkorange2
MRPL28,darkorange2
MRPL33,darkorange2
MRPL34,darkorange2
MRPL35,darkorange2
MRPL46,darkorange2
MRPS11,darkorange2
MRPS21,darkorange2
MRPS5,darkorange2
MS4A13,darkorange2
MSH4,darkorange2
MSTO1,darkorange2
MTBP,darkorange2
MTF2,darkorange2
MTHFD1,darkorange2
MTHFD1L,darkorange2
MTL5,darkorange2
MTMR14,darkorange2
MTO1,darkorange2
MTUS1,darkorange2
MUC2,darkorange2
MUC4,darkorange2
MUTED,darkorange2
MX1,darkorange2
MXD1,darkorange2
MXD4,darkorange2
MYADM,darkorange2
MYCBP,darkorange2
MYH11,darkorange2
MYH13,darkorange2
MYH2,darkorange2
MYH9,darkorange2
MYNN,darkorange2
MYO10,darkorange2
MYO16,darkorange2
MYO18A,darkorange2
MYO1E,darkorange2
MYO7A,darkorange2
MYOM2,darkorange2
MYRIP,darkorange2
N4BP2,darkorange2
NAA50,darkorange2
NANOS2,darkorange2
NANP,darkorange2
NAPB,darkorange2
NAT10,darkorange2
NCBP2,darkorange2
NCOR2,darkorange2
NCRNA00188,darkorange2
NDRG4,darkorange2
NDUFA10,darkorange2
NEDD4L,darkorange2
NEU4,darkorange2
NEURL,darkorange2
NEURL4,darkorange2
NFIA,darkorange2
NFKBIL1,darkorange2
NFRKB,darkorange2
NINJ2,darkorange2
NKAIN1,darkorange2
NLRC3,darkorange2
NMS,darkorange2
NMUR1,darkorange2
NNT,darkorange2
NOM1,darkorange2
NOP10,darkorange2
NOTCH4,darkorange2
NPAS3,darkorange2
NPR3,darkorange2
NPSR1,darkorange2
NR2F6,darkorange2
NRAP,darkorange2
NRG1,darkorange2
NRP1,darkorange2
NRXN2,darkorange2
NT5C1B,darkorange2
NT5C3,darkorange2
NTAN1,darkorange2
NTN1,darkorange2
NTN5,darkorange2
NTNG2,darkorange2
NUAK1,darkorange2
NUDT21,darkorange2
NUMB,darkorange2
NUP107,darkorange2
NUP155,darkorange2
NUP210,darkorange2
NXF1,darkorange2
NXN,darkorange2
NXT1,darkorange2
ODZ3,darkorange2
ODZ4,darkorange2
OLFML2A,darkorange2
OMP,darkorange2
OPA1,darkorange2
OPA3,darkorange2
OPN4,darkorange2
OPRD1,darkorange2
OR10T2,darkorange2
OR11A1,darkorange2
OR2A12,darkorange2
OR2T33,darkorange2
OR2W1,darkorange2
OR3A4,darkorange2
OR4A15,darkorange2
OR6B1,darkorange2
OR6C68,darkorange2
OR6M1,darkorange2
OR7G1,darkorange2
OR8B8,darkorange2
OR9A4,darkorange2
ORAOV1,darkorange2
ORC2L,darkorange2
OSBPL1A,darkorange2
OSBPL3,darkorange2
OSCAR,darkorange2
OSGIN1,darkorange2
OXA1L,darkorange2
OXNAD1,darkorange2
P2RX1,darkorange2
PACS1,darkorange2
PALM,darkorange2
PAMR1,darkorange2
PANK1,darkorange2
PANK4,darkorange2
PAPPA2,darkorange2
PAQR8,darkorange2
PARD3,darkorange2
PARD6B,darkorange2
PARL,darkorange2
PARP16,darkorange2
PAX8,darkorange2
PBX3,darkorange2
PBX4,darkorange2
PCBP1,darkorange2
PCBP3,darkorange2
PCDHB15,darkorange2
PCDP1,darkorange2
PCGF3,darkorange2
PCLO,darkorange2
PCNT,darkorange2
PCTP,darkorange2
PDCD5,darkorange2
PDE3B,darkorange2
PDE6B,darkorange2
PDGFD,darkorange2
PDIA6,darkorange2
PDLIM3,darkorange2
PDS5B,darkorange2
PEG10,darkorange2
PELP1,darkorange2
PEMT,darkorange2
PEX19,darkorange2
PFKFB2,darkorange2
PFKP,darkorange2
PGBD4,darkorange2
PGBD5,darkorange2
PGS1,darkorange2
PHACTR1,darkorange2
PHF15,darkorange2
PHF21B,darkorange2
PHKB,darkorange2
PHOX2A,darkorange2
PHRF1,darkorange2
PIBF1,darkorange2
PID1,darkorange2
PIGW,darkorange2
PIGX,darkorange2
PIK3CB,darkorange2
PKD2,darkorange2
PKIA,darkorange2
PLA2G4D,darkorange2
PLA2G4E,darkorange2
PLA2G6,darkorange2
PLAG1,darkorange2
PLCE1,darkorange2
PLD3,darkorange2
PLD6,darkorange2
PLDN,darkorange2
PLEC1,darkorange2
PLEKHA5,darkorange2
PLEKHG4B,darkorange2
PM20D1,darkorange2
PMEPA1,darkorange2
PMS1,darkorange2
PNLDC1,darkorange2
PNO1,darkorange2
POFUT2,darkorange2
POLA2,darkorange2
POLE,darkorange2
POLK,darkorange2
POLR2E,darkorange2
PON3,darkorange2
POP4,darkorange2
POU6F2,darkorange2
PPARA,darkorange2
PPFIA3,darkorange2
PPID,darkorange2
PPIG,darkorange2
PPM1B,darkorange2
PPP1R15A,darkorange2
PPP1R3C,darkorange2
PPP1R8,darkorange2
PPT2,darkorange2
PPY,darkorange2
PQLC1,darkorange2
PRAGMIN,darkorange2
PRAM1,darkorange2
PRDM15,darkorange2
PRDM16,darkorange2
PRDM2,darkorange2
PRDM7,darkorange2
PRDM8,darkorange2
PRDM9,darkorange2
PREB,darkorange2
PRELP,darkorange2
PREPL,darkorange2
PRICKLE2,darkorange2
PRKD2,darkorange2
PROKR1,darkorange2
PROX1,darkorange2
PRPF38B,darkorange2
PRPS1L1,darkorange2
PRR23A,darkorange2
PRR23C,darkorange2
PRRC1,darkorange2
PRRT1,darkorange2
PRRT3,darkorange2
PRSS42,darkorange2
PSMD1,darkorange2
PSMD7,darkorange2
PSMD9,darkorange2
PSTPIP2,darkorange2
PTGFR,darkorange2
PTK2,darkorange2
PTP4A3,darkorange2
PTPN14,darkorange2
PTPN18,darkorange2
PTPN23,darkorange2
PTPN4,darkorange2
PTPN7,darkorange2
PTPRD,darkorange2
PTPRE,darkorange2
PTPRF,darkorange2
PTPRN2,darkorange2
PTPRV,darkorange2
PUS1,darkorange2
PVT1,darkorange2
PWWP2B,darkorange2
PXDN,darkorange2
PXDNL,darkorange2
QDPR,darkorange2
RAB13,darkorange2
RAB40C,darkorange2
RAB7L1,darkorange2
RAD21,darkorange2
RAD52,darkorange2
RALGPS1,darkorange2
RAP1GAP2,darkorange2
RASA1,darkorange2
RASA3,darkorange2
RASGEF1C,darkorange2
RASGRF1,darkorange2
RASIP1,darkorange2
RASL10B,darkorange2
RASSF5,darkorange2
RBM19,darkorange2
RBM33,darkorange2
RBM39,darkorange2
RBM42,darkorange2
RBMXL2,darkorange2
RCBTB1,darkorange2
RCC2,darkorange2
RCOR3,darkorange2
REEP3,darkorange2
RELN,darkorange2
RET,darkorange2
REV1,darkorange2
REXO1,darkorange2
RFC1,darkorange2
RFPL2,darkorange2
RFTN1,darkorange2
RFX2,darkorange2
RGNEF,darkorange2
RGS1,darkorange2
RGS10,darkorange2
RGS20,darkorange2
RGS4,darkorange2
RGS7,darkorange2
RGSL1,darkorange2
RHCG,darkorange2
RHPN1,darkorange2
RICH2,darkorange2
RIMBP2,darkorange2
RIMKLB,darkorange2
RIOK1,darkorange2
RIPK2,darkorange2
RNASE10,darkorange2
RNASEH1,darkorange2
RNASEN,darkorange2
RNF111,darkorange2
RNF126,darkorange2
RNF157,darkorange2
RNF2,darkorange2
RNF207,darkorange2
RNF212,darkorange2
RNF32,darkorange2
RNF5,darkorange2
RNFT2,darkorange2
RNLS,darkorange2
ROBO2,darkorange2
ROR2,darkorange2
RPH3AL,darkorange2
RPL13AP5,darkorange2
RPL23A,darkorange2
RPLP0P2,darkorange2
RPS20,darkorange2
RPS24,darkorange2
RPS27A,darkorange2
RPS6KA2,darkorange2
RPS6KC1,darkorange2
RPTOR,darkorange2
RREB1,darkorange2
RRP15,darkorange2
RSL24D1,darkorange2
RTCD1,darkorange2
RTN2,darkorange2
RYK,darkorange2
RYR2,darkorange2
RYR3,darkorange2
S100A5,darkorange2
S1PR2,darkorange2
SAMD13,darkorange2
SARDH,darkorange2
SARM1,darkorange2
SATB1,darkorange2
SBNO2,darkorange2
SCAND3,darkorange2
SCAP,darkorange2
SCARA5,darkorange2
SCARNA10,darkorange2
SCFD1,darkorange2
SCN11A,darkorange2
SCNN1G,darkorange2
SDF4,darkorange2
SDK1,darkorange2
SDSL,darkorange2
SEC14L1,darkorange2
SEC23B,darkorange2
SEC24C,darkorange2
SEMA6A,darkorange2
SEP-09,darkorange2
SEPX1,darkorange2
SERPINB9,darkorange2
SF1,darkorange2
SF3A2,darkorange2
SF3A3,darkorange2
SFRS13A,darkorange2
SFRS2B,darkorange2
SFT2D2,darkorange2
SGK1,darkorange2
SGMS2,darkorange2
SH3BP5,darkorange2
SH3PXD2B,darkorange2
SHANK2,darkorange2
SHC2,darkorange2
SHC4,darkorange2
SHISA2,darkorange2
SIN3A,darkorange2
SIPA1L3,darkorange2
SIRT5,darkorange2
SIX3,darkorange2
SLC11A1,darkorange2
SLC19A1,darkorange2
SLC1A3,darkorange2
SLC1A4,darkorange2
SLC22A3,darkorange2
SLC25A17,darkorange2
SLC25A21,darkorange2
SLC25A29,darkorange2
SLC25A31,darkorange2
SLC25A36,darkorange2
SLC30A2,darkorange2
SLC35E3,darkorange2
SLC35F3,darkorange2
SLC39A7,darkorange2
SLC44A4,darkorange2
SLC45A1,darkorange2
SLC5A10,darkorange2
SLC6A13,darkorange2
SLC9A3,darkorange2
SLCO3A1,darkorange2
SLIT1,darkorange2
SLITRK3,darkorange2
SLMAP,darkorange2
SMAD1,darkorange2
SMAD3,darkorange2
SMAP2,darkorange2
SMC2,darkorange2
SMOC2,darkorange2
SMUG1,darkorange2
SMYD3,darkorange2
SMYD4,darkorange2
SNAPC1,darkorange2
SNAR-I,darkorange2
SNED1,darkorange2
SNHG12,darkorange2
SNHG3-RCC1,darkorange2
SNORA54,darkorange2
SNORD114-23,darkorange2
SNORD114-31,darkorange2
SNORD115-1,darkorange2
SNORD115-21,darkorange2
SNRK,darkorange2
SNRNP27,darkorange2
SNRPE,darkorange2
SNRPN,darkorange2
SNTG2,darkorange2
SNW1,darkorange2
SOCS7,darkorange2
SOD2,darkorange2
SORBS2,darkorange2
SORT1,darkorange2
SOX4,darkorange2
SPACA1,darkorange2
SPAG1,darkorange2
SPAST,darkorange2
SPATA17,darkorange2
SPATA4,darkorange2
SPC25,darkorange2
SPON1,darkorange2
SPOPL,darkorange2
SPRR1A,darkorange2
SPRR4,darkorange2
SPSB1,darkorange2
SR140,darkorange2
SRC,darkorange2
SRCAP,darkorange2
SRP72,darkorange2
SSR3,darkorange2
SST,darkorange2
SSU72,darkorange2
ST6GAL1,darkorange2
STAMBPL1,darkorange2
STARD6,darkorange2
STAT1,darkorange2
STK17A,darkorange2
STK35,darkorange2
STK36,darkorange2
STOX1,darkorange2
STX18,darkorange2
STXBP3,darkorange2
STXBP6,darkorange2
SUB1,darkorange2
SUV420H1,darkorange2
SYCE1,darkorange2
SYNGAP1,darkorange2
SYNJ2,darkorange2
SYT17,darkorange2
TACC1,darkorange2
TAF1C,darkorange2
TAF7,darkorange2
TAGLN3,darkorange2
TALDO1,darkorange2
TAS1R2,darkorange2
TAS2R16,darkorange2
TAS2R40,darkorange2
TAS2R60,darkorange2
TBC1D1,darkorange2
TBC1D14,darkorange2
TBC1D16,darkorange2
TBC1D4,darkorange2
TBC1D5,darkorange2
TBCD,darkorange2
TBKBP1,darkorange2
TBP,darkorange2
TBPL1,darkorange2
TBX19,darkorange2
TCERG1L,darkorange2
TCF19,darkorange2
TCHH,darkorange2
TCL6,darkorange2
TCTN1,darkorange2
TDG,darkorange2
TDRD12,darkorange2
TEKT5,darkorange2
TENC1,darkorange2
TERT,darkorange2
TES,darkorange2
TESC,darkorange2
TESSP1,darkorange2
TEX101,darkorange2
TEX15,darkorange2
TFR2,darkorange2
TGFBRAP1,darkorange2
TGM1,darkorange2
THAP8,darkorange2
THBS2,darkorange2
THEMIS,darkorange2
THNSL2,darkorange2
THSD7A,darkorange2
TIFAB,darkorange2
TIGIT,darkorange2
TIRAP,darkorange2
TLL2,darkorange2
TMCC3,darkorange2
TMCO3,darkorange2
TMEM132C,darkorange2
TMEM141,darkorange2
TMEM173,darkorange2
TMEM183B,darkorange2
TMEM192,darkorange2
TMEM206,darkorange2
TMEM217,darkorange2
TMEM61,darkorange2
TMEM71,darkorange2
TMEM81,darkorange2
TMEM8A,darkorange2
TMEM9B,darkorange2
TNFAIP8,darkorange2
TNFRSF10D,darkorange2
TNFRSF11A,darkorange2
TNFRSF1B,darkorange2
TNFSF9,darkorange2
TNKS1BP1,darkorange2
TNRC6C,darkorange2
TNS3,darkorange2
TNXB,darkorange2
TOLLIP,darkorange2
TOP1MT,darkorange2
TOP2A,darkorange2
TOX,darkorange2
TP73,darkorange2
TRAF1,darkorange2
TRAK1,darkorange2
TRAPPC9,darkorange2
TRIB1,darkorange2
TRIB2,darkorange2
TRIM26,darkorange2
TRIM27,darkorange2
TRIM39,darkorange2
TRIM40,darkorange2
TRIM50,darkorange2
TRIM62,darkorange2
TRIM7,darkorange2
TRIM8,darkorange2
TRIM9,darkorange2
TRIO,darkorange2
TRIP12,darkorange2
TROVE2,darkorange2
TRPC2,darkorange2
TRPM1,darkorange2
TRPM3,darkorange2
TSHZ1,darkorange2
TSHZ3,darkorange2
TSPYL6,darkorange2
TSSC1,darkorange2
TTC24,darkorange2
TTC26,darkorange2
TTC27,darkorange2
TTC30A,darkorange2
TTC32,darkorange2
TTC7B,darkorange2
TTLL8,darkorange2
TTYH2,darkorange2
TUBD1,darkorange2
TUBGCP3,darkorange2
TUFT1,darkorange2
TUG1,darkorange2
TUSC1,darkorange2
TXNDC5,darkorange2
TYROBP,darkorange2
TYRP1,darkorange2
UBASH3A,darkorange2
UBE4B,darkorange2
UBN1,darkorange2
UBXN2A,darkorange2
UBXN6,darkorange2
UCHL3,darkorange2
UCRC,darkorange2
UGP2,darkorange2
UHRF1,darkorange2
UHRF2,darkorange2
UMODL1,darkorange2
UNC45A,darkorange2
UNC84A,darkorange2
UQCC,darkorange2
USH1G,darkorange2
USP35,darkorange2
USP6NL,darkorange2
UST,darkorange2
VAMP4,darkorange2
VAV2,darkorange2
VCAN,darkorange2
VEPH1,darkorange2
VGLL4,darkorange2
VNN1,darkorange2
VPS52,darkorange2
VPS53,darkorange2
VSNL1,darkorange2
VTI1A,darkorange2
VWA3B,darkorange2
WAPAL,darkorange2
WBSCR16,darkorange2
WBSCR17,darkorange2
WDR27,darkorange2
WDR37,darkorange2
WDR60,darkorange2
WDR65,darkorange2
WDR66,darkorange2
WDR8,darkorange2
WDR81,darkorange2
WDR88,darkorange2
WHSC1,darkorange2
WIPI2,darkorange2
WISP1,darkorange2
WNT11,darkorange2
WNT2,darkorange2
WNT2B,darkorange2
WNT3A,darkorange2
WNT5A,darkorange2
WNT5B,darkorange2
WTIP,darkorange2
XPNPEP3,darkorange2
XPO4,darkorange2
XRCC5,darkorange2
XRN2,darkorange2
XYLB,darkorange2
XYLT1,darkorange2
YIF1B,darkorange2
YPEL5,darkorange2
YSK4,darkorange2
ZAN,darkorange2
ZAP70,darkorange2
ZBTB12,darkorange2
ZBTB20,darkorange2
ZBTB46,darkorange2
ZBTB7A,darkorange2
ZC3H15,darkorange2
ZCCHC14,darkorange2
ZDHHC14,darkorange2
ZDHHC18,darkorange2
ZFAND1,darkorange2
ZFAND3,darkorange2
ZFAT,darkorange2
ZFP64,darkorange2
ZFYVE27,darkorange2
ZKSCAN3,darkorange2
ZKSCAN5,darkorange2
ZNF148,darkorange2
ZNF17,darkorange2
ZNF18,darkorange2
ZNF225,darkorange2
ZNF226,darkorange2
ZNF229,darkorange2
ZNF230,darkorange2
ZNF250,darkorange2
ZNF26,darkorange2
ZNF264,darkorange2
ZNF3,darkorange2
ZNF311,darkorange2
ZNF354B,darkorange2
ZNF354C,darkorange2
ZNF37A,darkorange2
ZNF396,darkorange2
ZNF410,darkorange2
ZNF423,darkorange2
ZNF443,darkorange2
ZNF451,darkorange2
ZNF469,darkorange2
ZNF470,darkorange2
ZNF518A,darkorange2
ZNF536,darkorange2
ZNF543,darkorange2
ZNF562,darkorange2
ZNF570,darkorange2
ZNF581,darkorange2
ZNF584,darkorange2
ZNF606,darkorange2
ZNF623,darkorange2
ZNF689,darkorange2
ZNF691,darkorange2
ZNF7,darkorange2
ZNF707,darkorange2
ZNF709,darkorange2
ZNF71,darkorange2
ZNF727,darkorange2
ZNF777,darkorange2
ZNF785,darkorange2
ZNF80,darkorange2
ZNF828,darkorange2
ZNF831,darkorange2
ZNF853,darkorange2
ZNF879,darkorange2
ZNRD1,darkorange2
ZPBP,darkorange2
ZSCAN10,darkorange2
ZSWIM4,darkorange2
ZXDC,darkorange2
A2BP1,darkred
ABCB8,darkred
ABHD5,darkred
ABR,darkred
ABTB2,darkred
ACAT1,darkred
ACOT4,darkred
ACOXL,darkred
ACSL1,darkred
ACSS3,darkred
ACYP1,darkred
ADAM10,darkred
ADAMTSL1,darkred
ADARB2,darkred
ADD2,darkred
ADRBK2,darkred
AFM,darkred
AGA,darkred
AGAP1,darkred
AGFG1,darkred
ALDH9A1,darkred
ALK,darkred
AMD1,darkred
AMPD3,darkred
AMZ2,darkred
ANAPC11,darkred
ANAPC13,darkred
ANKRD11,darkred
ANKRD12,darkred
ANKS1A,darkred
ANO6,darkred
ANXA1,darkred
ANXA7,darkred
AOAH,darkred
APEX1,darkred
APOB,darkred
APPL1,darkred
ARFGAP2,darkred
ARHGAP12,darkred
ARHGAP24,darkred
ARL15,darkred
ARL4A,darkred
ARNT,darkred
ARPC5,darkred
ARSB,darkred
ASAH1,darkred
ASB13,darkred
ASB15,darkred
ASCC1,darkred
ATF2,darkred
ATG10,darkred
ATOH7,darkred
ATP11A,darkred
ATP12A,darkred
ATP1A1,darkred
ATP1B3,darkred
ATP2B4,darkred
ATP5G3,darkred
ATP5I,darkred
ATP9B,darkred
ATPBD4,darkred
B3GNT8,darkred
B3GNT9,darkred
BAD,darkred
BAI3,darkred
BAT2,darkred
BAT3,darkred
BCAS3,darkred
BCAT1,darkred
BCL11B,darkred
BDNF,darkred
BIK,darkred
BIRC5,darkred
BIRC6,darkred
BLOC1S1,darkred
BMP2K,darkred
BMP8B,darkred
BRAF,darkred
BRD2,darkred
C10ORF131,darkred
C10ORF25,darkred
C10ORF28,darkred
C10ORF4,darkred
C10ORF41,darkred
C11ORF30,darkred
C11ORF63,darkred
C11ORF67,darkred
C11ORF75,darkred
C12ORF57,darkred
C12ORF75,darkred
C15ORF37,darkred
C15ORF42,darkred
C16ORF62,darkred
C17ORF42,darkred
C17ORF95,darkred
C17ORF96,darkred
C19ORF50,darkred
C1GALT1,darkred
C1ORF83,darkred
C1QTNF3,darkred
C20ORF114,darkred
C20ORF56,darkred
C21ORF45,darkred
C22ORF23,darkred
C2ORF55,darkred
C2ORF63,darkred
C2ORF77,darkred
C3ORF14,darkred
C3ORF23,darkred
C3ORF33,darkred
C3ORF59,darkred
C3ORF79,darkred
C4ORF7,darkred
C5ORF38,darkred
C6ORF138,darkred
C6ORF155,darkred
C6ORF165,darkred
C6ORF170,darkred
C6ORF195,darkred
C6ORF222,darkred
C6ORF47,darkred
C7ORF10,darkred
C7ORF20,darkred
C7ORF26,darkred
C7ORF38,darkred
C7ORF41,darkred
C7ORF49,darkred
C7ORF50,darkred
C7ORF52,darkred
C7ORF57,darkred
C7ORF60,darkred
C7ORF68,darkred
C8ORF41,darkred
C8ORF85,darkred
C9ORF3,darkred
C9ORF98,darkred
CACNB2,darkred
CADPS2,darkred
CAMK2B,darkred
CAMTA1,darkred
CAND1,darkred
CAND2,darkred
CAPRIN2,darkred
CASR,darkred
CASZ1,darkred
CBR1,darkred
CCDC108,darkred
CCDC132,darkred
CCDC138,darkred
CCDC34,darkred
CCDC53,darkred
CCDC66,darkred
CCDC88C,darkred
CCDC94,darkred
CCND2,darkred
CCR1,darkred
CD101,darkred
CD44,darkred
CD46,darkred
CD55,darkred
CD74,darkred
CDC14B,darkred
CDH4,darkred
CDK2AP1,darkred
CDK5R1,darkred
CDKL2,darkred
CDKN1B,darkred
CDV3,darkred
CENPP,darkred
CFL1,darkred
CFLAR,darkred
CHEK2,darkred
CHFR,darkred
CHID1,darkred
CHMP7,darkred
CHST6,darkred
CHURC1,darkred
CKAP5,darkred
CLASP1,darkred
CLEC2D,darkred
CLIC4,darkred
CLK4,darkred
CLN5,darkred
CLSPN,darkred
CLUL1,darkred
CMBL,darkred
CMTM3,darkred
CMTM7,darkred
CNO,darkred
CNP,darkred
CNPY1,darkred
COL11A2,darkred
COL17A1,darkred
COL18A1,darkred
COL23A1,darkred
COL4A1,darkred
COL5A2,darkred
COL9A3,darkred
COQ10A,darkred
CORO1A,darkred
COX5B,darkred
CPEB2,darkred
CPEB3,darkred
CPXM2,darkred
CR1,darkred
CREB3L2,darkred
CRHBP,darkred
CRLF1,darkred
CRMP1,darkred
CRYM,darkred
CSMD3,darkred
CTBP1,darkred
CTNNA2,darkred
CTNND2,darkred
CTSA,darkred
CTSF,darkred
CTSZ,darkred
CUTA,darkred
CUX2,darkred
CWF19L2,darkred
CXXC5,darkred
CYP7B1,darkred
CYTSB,darkred
DAPK2,darkred
DBN1,darkred
DCAF8,darkred
DCP1B,darkred
DCTN4,darkred
DDR2,darkred
DDRGK1,darkred
DDX60L,darkred
DEDD2,darkred
DENND3,darkred
DGUOK,darkred
DHPS,darkred
DHX16,darkred
DIABLO,darkred
DIP2C,darkred
DKKL1,darkred
DLGAP2,darkred
DLGAP3,darkred
DNAH11,darkred
DNAH12,darkred
DNAH2,darkred
DNAJC14,darkred
DNM3,darkred
DOC2B,darkred
DOCK2,darkred
DOK7,darkred
DPP10,darkred
DR1,darkred
DST,darkred
DTX4,darkred
DVL1,darkred
DYNC1I1,darkred
DYNC1LI2,darkred
DYRK1A,darkred
DYRK3,darkred
E4F1,darkred
EDIL3,darkred
EFCAB4A,darkred
EFNA2,darkred
EFNB2,darkred
EGR2,darkred
EHBP1,darkred
EHMT2,darkred
EID2,darkred
EIF3IP1,darkred
EIF4G2,darkred
EIF5A2,darkred
ELAVL3,darkred
ELOVL1,darkred
ELOVL4,darkred
ELP4,darkred
ENOPH1,darkred
ENSA,darkred
EP400,darkred
EPOR,darkred
ERBB2IP,darkred
ERCC2,darkred
ERCC5,darkred
ERG,darkred
ESD,darkred
ETV5,darkred
EVX1,darkred
EXOC4,darkred
EYA2,darkred
EZR,darkred
F11R,darkred
F12,darkred
F3,darkred
FAM110B,darkred
FAM124B,darkred
FAM135A,darkred
FAM135B,darkred
FAM166A,darkred
FAM167A,darkred
FAM171B,darkred
FAM181A,darkred
FAM183A,darkred
FAM19A2,darkred
FAM20C,darkred
FAM45B,darkred
FAM48A,darkred
FAM53B,darkred
FAM59A,darkred
FAM91A1,darkred
FARS2,darkred
FAT1,darkred
FBRSL1,darkred
FBXL17,darkred
FBXL22,darkred
FBXL5,darkred
FBXO16,darkred
FBXO27,darkred
FER,darkred
FERMT2,darkred
FGF20,darkred
FGFR1OP,darkred
FHIT,darkred
FIGNL1,darkred
FKBPL,darkred
FLG,darkred
FLJ13197,darkred
FLJ32063,darkred
FLJ35220,darkred
FLJ43390,darkred
FN3KRP,darkred
FNBP1L,darkred
FOSB,darkred
FOXI2,darkred
FOXK1,darkred
FOXL1,darkred
FRMD4A,darkred
FXYD5,darkred
G2E3,darkred
G3BP2,darkred
GABARAPL2,darkred
GABBR1,darkred
GABRB2,darkred
GAD1,darkred
GARS,darkred
GART,darkred
GAS2,darkred
GBAP1,darkred
GBX2,darkred
GCAT,darkred
GDNF,darkred
GDPD5,darkred
GGNBP2,darkred
GINS1,darkred
GIT2,darkred
GLIS3,darkred
GLTSCR2,darkred
GLYAT,darkred
GLYATL2,darkred
GPC6,darkred
GPR137B,darkred
GPR161,darkred
GPR63,darkred
GPR88,darkred
GPRC5A,darkred
GRIK2,darkred
GSTO2,darkred
GTF3C1,darkred
GTPBP8,darkred
GUCY2C,darkred
H2AFV,darkred
H2AFY,darkred
HAPLN1,darkred
HBP1,darkred
HCCA2,darkred
HDAC2,darkred
HDAC4,darkred
HDGF2,darkred
HDGFL1,darkred
HEATR1,darkred
HERC3,darkred
HES5,darkred
HFE,darkred
HIST1H3A,darkred
HIST1H3C,darkred
HIST1H3G,darkred
HIST1H4E,darkred
HIST2H2AC,darkred
HJURP,darkred
HLA-C,darkred
HLA-H,darkred
HLF,darkred
HLTF,darkred
HNRNPF,darkred
HNRPLL,darkred
HOXA9,darkred
HOXD1,darkred
HPSE,darkred
HRNR,darkred
HS3ST4,darkred
HSPA2,darkred
HSPA4,darkred
HSPD1,darkred
HUNK,darkred
ID2,darkred
IFT172,darkred
IGF2AS,darkred
IGFBP3,darkred
IGFBP5,darkred
IKZF2,darkred
IKZF4,darkred
IKZF5,darkred
ILF2,darkred
ILF3,darkred
INPP5A,darkred
INPP5B,darkred
INTS6,darkred
IQCA1,darkred
IQCH,darkred
IQGAP1,darkred
ITGAV,darkred
ITM2B,darkred
ITPRIP,darkred
IWS1,darkred
IYD,darkred
JAK1,darkred
JPH3,darkred
JUB,darkred
KAT5,darkred
KATNA1,darkred
KCNC3,darkred
KCND3,darkred
KCNIP1,darkred
KCNJ12,darkred
KCNJ2,darkred
KCNJ5,darkred
KCNN1,darkred
KCNQ1,darkred
KDM2B,darkred
KDM4A,darkred
KIAA0226,darkred
KIAA1033,darkred
KIAA1107,darkred
KIAA1191,darkred
KIAA1267,darkred
KIAA1409,darkred
KIAA1614,darkred
KIAA1949,darkred
KIAA2018,darkred
KIF3B,darkred
KLC2,darkred
KLF13,darkred
KLF14,darkred
KLF3,darkred
KLHL28,darkred
KLK13,darkred
KPRP,darkred
KREMEN2,darkred
KRT18,darkred
LARGE,darkred
LATS2,darkred
LBP,darkred
LCP1,darkred
LDLR,darkred
LGR4,darkred
LHFPL2,darkred
LIG1,darkred
LLPH,darkred
LNP1,darkred
LOC100126784,darkred
LOC100129637,darkred
LOC100130522,darkred
LOC100287216,darkred
LOC100287718,darkred
LOC100289511,darkred
LOC222699,darkred
LOC285696,darkred
LOC344595,darkred
LOC387647,darkred
LOC440925,darkred
LOC645323,darkred
LOC729991-MEF2B,darkred
LOXL4,darkred
LPAR6,darkred
LPP,darkred
LPXN,darkred
LRFN2,darkred
LRGUK,darkred
LRP5,darkred
LRRC27,darkred
LRRC29,darkred
LRRC3B,darkred
LRRC43,darkred
LSM4,darkred
LTBP2,darkred
LUZP2,darkred
LYSMD2,darkred
MAB21L2,darkred
MACROD1,darkred
MAGI1,darkred
MAML2,darkred
MAPK10,darkred
MAPKAP1,darkred
MAPRE3,darkred
MAR-11,darkred
MARK3,darkred
MAT2B,darkred
MATN3,darkred
MATR3,darkred
MCC,darkred
MCF2L2,darkred
MCPH1,darkred
MEOX2,darkred
MEP1A,darkred
METTL3,darkred
MGC23284,darkred
MGST2,darkred
MIB1,darkred
MIR124-3,darkred
MIR34B,darkred
MIR548N,darkred
MLC1,darkred
MLEC,darkred
MOBKL2B,darkred
MON2,darkred
MOV10,darkred
MRPL11,darkred
MRPL54,darkred
MRPS24,darkred
MRPS33,darkred
MS4A5,darkred
MSRA,darkred
MTERFD2,darkred
MTHFD2L,darkred
MTSS1,darkred
MTUS1,darkred
MUC17,darkred
MYCL1,darkred
MYLK,darkred
MYO5A,darkred
MYOM2,darkred
N4BP2,darkred
N4BP2L2,darkred
NADSYN1,darkred
NAF1,darkred
NAT14,darkred
NBEA,darkred
NBEAL1,darkred
NCK2,darkred
NCOR2,darkred
NCRNA00167,darkred
NDE1,darkred
NDUFA9,darkred
NDUFAF2,darkred
NDUFS8,darkred
NECAP2,darkred
NEK8,darkred
NET1,darkred
NFATC1,darkred
NFU1,darkred
NHEDC1,darkred
NHSL1,darkred
NIPA2,darkred
NKX3-2,darkred
NKX6-1,darkred
NLRP2,darkred
NMNAT2,darkred
NODAL,darkred
NOL4,darkred
NOVA1,darkred
NOVA2,darkred
NPHP4,darkred
NPY1R,darkred
NR2C1,darkred
NR2F2,darkred
NR4A3,darkred
NRG2,darkred
NRP2,darkred
NRXN3,darkred
NT5C1B,darkred
NT5E,darkred
NTM,darkred
NTRK2,darkred
NUCB1,darkred
NUDT14,darkred
NUDT15,darkred
NUP133,darkred
NXN,darkred
NXPH1,darkred
NXPH2,darkred
OBFC2A,darkred
ODZ4,darkred
OGFRL1,darkred
OPCML,darkred
OR2AG2,darkred
OR2L13,darkred
OR4D6,darkred
ORC4L,darkred
OSBPL11,darkred
OXR1,darkred
PACRG,darkred
PAFAH2,darkred
PAIP2B,darkred
PAK6,darkred
PAPLN,darkred
PARD6G,darkred
PARP3,darkred
PCCA,darkred
PCDH15,darkred
PCDH8,darkred
PCDHA1,darkred
PCDHGA4,darkred
PCNA,darkred
PCP4L1,darkred
PCYT2,darkred
PDE1A,darkred
PDE4A,darkred
PDE4DIP,darkred
PDRG1,darkred
PDSS2,darkred
PEAR1,darkred
PENK,darkred
PER2,darkred
PEX26,darkred
PGCP,darkred
PHACTR1,darkred
PHF15,darkred
PHF17,darkred
PIGU,darkred
PIRT,darkred
PISD,darkred
PITPNC1,darkred
PITRM1,darkred
PIWIL1,darkred
PKN2,darkred
PKP4,darkred
PLA2G16,darkred
PLA2G7,darkred
PLEKHG4,darkred
PLSCR4,darkred
PNLDC1,darkred
PNMA2,darkred
PNPLA2,darkred
POLG,darkred
POLH,darkred
POLR2A,darkred
POM121,darkred
PON2,darkred
POU6F2,darkred
PPFIA2,darkred
PPFIA4,darkred
PPIG,darkred
PPIL3,darkred
PPM1K,darkred
PPP2CA,darkred
PPP2R5C,darkred
PPP2R5E,darkred
PPP4R2,darkred
PQLC2,darkred
PRDM16,darkred
PRDM6,darkred
PRDX1,darkred
PRELID2,darkred
PRKCG,darkred
PRKCQ,darkred
PRKRIP1,darkred
PRMT5,darkred
PROC,darkred
PROM2,darkred
PRPF19,darkred
PRR5L,darkred
PRSS23,darkred
PSMA3,darkred
PSORS1C3,darkred
PSPH,darkred
PTAFR,darkred
PTER,darkred
PTGIS,darkred
PTMA,darkred
PTPLB,darkred
PTPN5,darkred
PTPRZ1,darkred
PXDN,darkred
PYGO2,darkred
PYROXD2,darkred
RAB11FIP1,darkred
RAB11FIP5,darkred
RAB18,darkred
RAB1B,darkred
RAB32,darkred
RAB37,darkred
RAB3GAP1,darkred
RAB4B,darkred
RACGAP1,darkred
RADIL,darkred
RAET1G,darkred
RB1,darkred
RBMS3,darkred
RDX,darkred
RELN,darkred
RFWD2,darkred
RGMA,darkred
RHOBTB3,darkred
RILPL2,darkred
RIMBP2,darkred
RNF103,darkred
RNF170,darkred
RNF38,darkred
ROGDI,darkred
ROPN1L,darkred
RPH3AL,darkred
RPL28,darkred
RPL31,darkred
RPL31P11,darkred
RPL38,darkred
RPS19,darkred
RPS6KA5,darkred
RPTOR,darkred
RRM1,darkred
RSPH3,darkred
RSU1,darkred
RTP4,darkred
RUNX1T1,darkred
RUNX2,darkred
S100A13,darkred
SALL1,darkred
SAMD4A,darkred
SAMD5,darkred
SAP30,darkred
SAP30L,darkred
SARDH,darkred
SBF2,darkred
SCAND3,darkred
SCD5,darkred
SCN8A,darkred
SCRN1,darkred
SDCCAG8,darkred
SDK1,darkred
SEC23A,darkred
SEC63,darkred
SEMA3A,darkred
SEP-08,darkred
SEP-15,darkred
SETD1B,darkred
SF3B1,darkred
SF3B3,darkred
SFPQ,darkred
SGK196,darkred
SGMS1,darkred
SGTB,darkred
SH3GLB1,darkred
SH3PXD2A,darkred
SHFM1,darkred
SHISA7,darkred
SIAH2,darkred
SIK3,darkred
SIM1,darkred
SIPA1,darkred
SIRT5,darkred
SIX3,darkred
SIX6,darkred
SKAP2,darkred
SLAIN1,darkred
SLC16A1,darkred
SLC22A23,darkred
SLC25A19,darkred
SLC25A31,darkred
SLC25A37,darkred
SLC25A44,darkred
SLC26A4,darkred
SLC29A2,darkred
SLC2A1,darkred
SLC2A5,darkred
SLC34A2,darkred
SLC38A8,darkred
SLC45A1,darkred
SLC4A2,darkred
SLC5A6,darkred
SLC8A1,darkred
SLIT1,darkred
SLITRK5,darkred
SLMAP,darkred
SLTM,darkred
SMAD6,darkred
SMARCD2,darkred
SMC3,darkred
SMOC2,darkred
SMTNL2,darkred
SMUG1,darkred
SNAP47,darkred
SNN,darkred
SNTB1,darkred
SNX14,darkred
SNX16,darkred
SNX19,darkred
SORD,darkred
SPATA4,darkred
SPEG,darkred
SPINK1,darkred
SPOCK1,darkred
SPPL2A,darkred
SPPL3,darkred
SRF,darkred
SRGAP3,darkred
SRPRB,darkred
SRRM3,darkred
SSFA2,darkred
SSH1,darkred
STEAP3,darkred
STK11IP,darkred
STK38L,darkred
STMN1,darkred
STRA8,darkred
STX3,darkred
SUB1,darkred
SUDS3,darkred
SULF1,darkred
SYN3,darkred
SYNGAP1,darkred
SYNJ2,darkred
SYNPO,darkred
SYT17,darkred
TADA1,darkred
TAF11,darkred
TAF5,darkred
TANC2,darkred
TAPBPL,darkred
TBC1D1,darkred
TBC1D15,darkred
TBC1D9B,darkred
TBX1,darkred
TBX15,darkred
TBX2,darkred
TCFL5,darkred
TDG,darkred
TDH,darkred
TEAD1,darkred
TEX9,darkred
TGIF1,darkred
TH1L,darkred
THAP1,darkred
THBS4,darkred
THSD1,darkred
TIGD1,darkred
TIRAP,darkred
TM9SF1,darkred
TMC3,darkred
TMC7,darkred
TMEM106C,darkred
TMEM108,darkred
TMEM120A,darkred
TMEM133,darkred
TMEM135,darkred
TMEM143,darkred
TMEM179B,darkred
TMEM186,darkred
TMEM196,darkred
TMEM26,darkred
TMEM39A,darkred
TMEM48,darkred
TMEM67,darkred
TMPRSS11D,darkred
TNIK,darkred
TNKS,darkred
TNRC18,darkred
TNS1,darkred
TOR1AIP1,darkred
TPD52,darkred
TRAFD1,darkred
TRDMT1,darkred
TRIM27,darkred
TRIM39,darkred
TRIM41,darkred
TRIM65,darkred
TRIO,darkred
TRPA1,darkred
TRPC1,darkred
TRPC7,darkred
TRPV1,darkred
TSC22D4,darkred
TSN,darkred
TSPYL6,darkred
TTBK2,darkred
TTC13,darkred
TTLL7,darkred
TUBA1C,darkred
TUBB2A,darkred
TUBB6,darkred
TUG1,darkred
TWIST1,darkred
UBAC2,darkred
UBC,darkred
UBE2O,darkred
UBE2V1,darkred
UBXN2B,darkred
UCK2,darkred
UCRC,darkred
UNC5B,darkred
UNC5CL,darkred
UNC5D,darkred
UQCRC2,darkred
USP2,darkred
USP24,darkred
USP3,darkred
USP6NL,darkred
UTF1,darkred
VDAC3,darkred
VGF,darkred
VIM,darkred
VPS13B,darkred
VRK1,darkred
VSIG10,darkred
VSNL1,darkred
VSTM2B,darkred
VTI1A,darkred
WBSCR16,darkred
WBSCR22,darkred
WDR17,darkred
WDR27,darkred
WDR36,darkred
WDR47,darkred
WDR48,darkred
WDR87,darkred
WEE1,darkred
WNK4,darkred
WRB,darkred
WSB1,darkred
WSB2,darkred
XBP1,darkred
XKR7,darkred
XKR8,darkred
XRRA1,darkred
YTHDC2,darkred
YWHAQ,darkred
ZAR1,darkred
ZBTB12,darkred
ZBTB20,darkred
ZBTB40,darkred
ZBTB44,darkred
ZC3HC1,darkred
ZDHHC20,darkred
ZEB1,darkred
ZFAT,darkred
ZFYVE16,darkred
ZFYVE9,darkred
ZGPAT,darkred
ZIC2,darkred
ZNF114,darkred
ZNF169,darkred
ZNF17,darkred
ZNF18,darkred
ZNF180,darkred
ZNF224,darkred
ZNF282,darkred
ZNF285A,darkred
ZNF341,darkred
ZNF350,darkred
ZNF362,darkred
ZNF407,darkred
ZNF471,darkred
ZNF516,darkred
ZNF525,darkred
ZNF529,darkred
ZNF600,darkred
ZNF655,darkred
ZNF704,darkred
ZNF709,darkred
ZNF780A,darkred
ZNF781,darkred
ZNF799,darkred
ZNF827,darkred
ZNF831,darkred
ZNF841,darkred
ZNRD1,darkred
ZZZ3,darkred
AAGAB,darkslateblue
AAK1,darkslateblue
ABAT,darkslateblue
ABCA5,darkslateblue
ABCB5,darkslateblue
ABCB6,darkslateblue
ABCF1,darkslateblue
ABCF3,darkslateblue
ABCG8,darkslateblue
ABHD3,darkslateblue
ABL1,darkslateblue
ACBD7,darkslateblue
ACCS,darkslateblue
ACOT13,darkslateblue
ACSS3,darkslateblue
ADAL,darkslateblue
ADAMTS9,darkslateblue
ADAR,darkslateblue
ADARB2,darkslateblue
ADAT3,darkslateblue
ADNP,darkslateblue
ADORA2B,darkslateblue
ADRA2C,darkslateblue
AEBP2,darkslateblue
AFF1,darkslateblue
AGA,darkslateblue
AGAP1,darkslateblue
AGBL3,darkslateblue
AGBL5,darkslateblue
AGK,darkslateblue
AGPAT1,darkslateblue
AGPAT4,darkslateblue
AGT,darkslateblue
AHCTF1,darkslateblue
AHCYL2,darkslateblue
AIMP2,darkslateblue
AKAP9,darkslateblue
AKR1A1,darkslateblue
ALG9,darkslateblue
AMOTL2,darkslateblue
AMZ1,darkslateblue
ANAPC5,darkslateblue
ANK1,darkslateblue
ANKRD12,darkslateblue
ANKRD13B,darkslateblue
ANKRD34A,darkslateblue
ANKRD40,darkslateblue
ANKRD54,darkslateblue
ANO5,darkslateblue
ANO6,darkslateblue
ANXA11,darkslateblue
ANXA7,darkslateblue
APH1A,darkslateblue
AQP11,darkslateblue
ARAP1,darkslateblue
ARAP2,darkslateblue
ARFGAP1,darkslateblue
ARFGEF1,darkslateblue
ARHGAP5,darkslateblue
ARHGEF10,darkslateblue
ARID3A,darkslateblue
ARL4D,darkslateblue
ARL5B,darkslateblue
ARL6,darkslateblue
ARMC1,darkslateblue
ARMC5,darkslateblue
ARPC2,darkslateblue
ASAP3,darkslateblue
ASB7,darkslateblue
ASB8,darkslateblue
ASCC3,darkslateblue
ASCL2,darkslateblue
ASF1B,darkslateblue
ASNSD1,darkslateblue
ATAD2,darkslateblue
ATE1,darkslateblue
ATF6,darkslateblue
ATF6B,darkslateblue
ATF7IP,darkslateblue
ATG9B,darkslateblue
ATM,darkslateblue
ATP13A2,darkslateblue
ATP2C1,darkslateblue
ATP5A1,darkslateblue
ATP5B,darkslateblue
ATP5E,darkslateblue
ATP5L,darkslateblue
ATP6V0B,darkslateblue
ATP6V0D1,darkslateblue
ATP8B4,darkslateblue
ATPIF1,darkslateblue
B3GALT4,darkslateblue
BAG2,darkslateblue
BAHCC1,darkslateblue
BAI2,darkslateblue
BAI3,darkslateblue
BANP,darkslateblue
BARHL2,darkslateblue
BAT2,darkslateblue
BAT2L2,darkslateblue
BAT5,darkslateblue
BAZ1B,darkslateblue
BBC3,darkslateblue
BBS4,darkslateblue
BCAS2,darkslateblue
BCCIP,darkslateblue
BCHE,darkslateblue
BCL2L11,darkslateblue
BCL2L13,darkslateblue
BCL6,darkslateblue
BDNF,darkslateblue
BIRC2,darkslateblue
BNIP1,darkslateblue
BOP1,darkslateblue
BPNT1,darkslateblue
BRAF,darkslateblue
BRD2,darkslateblue
BRD3,darkslateblue
BRF1,darkslateblue
BSCL2,darkslateblue
BTBD3,darkslateblue
BTBD7,darkslateblue
BTN2A1,darkslateblue
C10ORF131,darkslateblue
C10ORF137,darkslateblue
C10ORF75,darkslateblue
C10ORF93,darkslateblue
C11ORF63,darkslateblue
C11ORF65,darkslateblue
C12ORF23,darkslateblue
C12ORF35,darkslateblue
C12ORF42,darkslateblue
C12ORF45,darkslateblue
C12ORF59,darkslateblue
C13ORF1,darkslateblue
C13ORF27,darkslateblue
C14ORF133,darkslateblue
C14ORF179,darkslateblue
C14ORF23,darkslateblue
C14ORF80,darkslateblue
C15ORF40,darkslateblue
C15ORF59,darkslateblue
C16ORF45,darkslateblue
C16ORF5,darkslateblue
C17ORF46,darkslateblue
C17ORF85,darkslateblue
C17ORF97,darkslateblue
C18ORF10,darkslateblue
C18ORF19,darkslateblue
C1ORF124,darkslateblue
C1ORF190,darkslateblue
C1ORF51,darkslateblue
C1ORF69,darkslateblue
C1ORF74,darkslateblue
C1ORF93,darkslateblue
C1ORF95,darkslateblue
C1ORF96,darkslateblue
C1ORF97,darkslateblue
C1QTNF1,darkslateblue
C1RL,darkslateblue
C20ORF196,darkslateblue
C20ORF24,darkslateblue
C21ORF29,darkslateblue
C22ORF36,darkslateblue
C22ORF41,darkslateblue
C2CD2L,darkslateblue
C2CD3,darkslateblue
C2ORF29,darkslateblue
C2ORF77,darkslateblue
C4ORF27,darkslateblue
C4ORF3,darkslateblue
C5ORF13,darkslateblue
C5ORF24,darkslateblue
C5ORF45,darkslateblue
C6ORF106,darkslateblue
C6ORF129,darkslateblue
C6ORF138,darkslateblue
C6ORF153,darkslateblue
C6ORF174,darkslateblue
C7ORF47,darkslateblue
C8ORF37,darkslateblue
C8ORF45,darkslateblue
C8ORF59,darkslateblue
C9ORF156,darkslateblue
CACNG4,darkslateblue
CALCB,darkslateblue
CALCR,darkslateblue
CALD1,darkslateblue
CAPN10,darkslateblue
CAPN5,darkslateblue
CAPRIN2,darkslateblue
CAPS2,darkslateblue
CATSPERG,darkslateblue
CAV1,darkslateblue
CBFA2T3,darkslateblue
CBLB,darkslateblue
CCDC101,darkslateblue
CCDC102A,darkslateblue
CCDC117,darkslateblue
CCDC132,darkslateblue
CCDC138,darkslateblue
CCDC147,darkslateblue
CCDC151,darkslateblue
CCDC61,darkslateblue
CCDC85A,darkslateblue
CCDC9,darkslateblue
CCHCR1,darkslateblue
CCNL2,darkslateblue
CCRN4L,darkslateblue
CCT6B,darkslateblue
CD6,darkslateblue
CD82,darkslateblue
CDC42EP4,darkslateblue
CDC6,darkslateblue
CDH13,darkslateblue
CDK12,darkslateblue
CDK2AP1,darkslateblue
CDK7,darkslateblue
CDKN1C,darkslateblue
CDS1,darkslateblue
CDS2,darkslateblue
CEBPZ,darkslateblue
CENPH,darkslateblue
CENPJ,darkslateblue
CENPP,darkslateblue
CEP120,darkslateblue
CETN3,darkslateblue
CHCHD2,darkslateblue
CHCHD6,darkslateblue
CHFR,darkslateblue
CHMP1B,darkslateblue
CHMP2A,darkslateblue
CHMP2B,darkslateblue
CHODL,darkslateblue
CKAP2,darkslateblue
CLCN6,darkslateblue
CLN3,darkslateblue
CLTC,darkslateblue
CNDP2,darkslateblue
CNOT10,darkslateblue
CNST,darkslateblue
COL13A1,darkslateblue
COL23A1,darkslateblue
COL27A1,darkslateblue
COL4A2,darkslateblue
COL7A1,darkslateblue
COMMD2,darkslateblue
COMMD5,darkslateblue
COMMD9,darkslateblue
COPG,darkslateblue
COPG2,darkslateblue
COPS8,darkslateblue
COQ10B,darkslateblue
COQ2,darkslateblue
COQ7,darkslateblue
CORO1A,darkslateblue
CORO1B,darkslateblue
COX7A2,darkslateblue
CP110,darkslateblue
CPLX2,darkslateblue
CPSF6,darkslateblue
CR1L,darkslateblue
CREBZF,darkslateblue
CRK,darkslateblue
CRYM,darkslateblue
CSAD,darkslateblue
CSGALNACT1,darkslateblue
CSMD3,darkslateblue
CSRNP2,darkslateblue
CTAGE5,darkslateblue
CTGF,darkslateblue
CTNNA3,darkslateblue
CTSA,darkslateblue
CTSB,darkslateblue
CTSD,darkslateblue
CTTNBP2NL,darkslateblue
CUTA,darkslateblue
CUX1,darkslateblue
CWF19L1,darkslateblue
CXADR,darkslateblue
CXCL12,darkslateblue
CXCR4,darkslateblue
CYB5B,darkslateblue
CYB5D1,darkslateblue
CYHR1,darkslateblue
CYP26A1,darkslateblue
CYP2U1,darkslateblue
D2HGDH,darkslateblue
DAD1,darkslateblue
DAXX,darkslateblue
DBR1,darkslateblue
DCAF4,darkslateblue
DCAF5,darkslateblue
DCAF7,darkslateblue
DCC,darkslateblue
DCLRE1B,darkslateblue
DCPS,darkslateblue
DCTD,darkslateblue
DCUN1D5,darkslateblue
DDHD2,darkslateblue
DDX18,darkslateblue
DDX21,darkslateblue
DDX50,darkslateblue
DDX55,darkslateblue
DEDD,darkslateblue
DENND4A,darkslateblue
DENR,darkslateblue
DEPDC1B,darkslateblue
DERA,darkslateblue
DFNA5,darkslateblue
DHDDS,darkslateblue
DHDH,darkslateblue
DHRS7,darkslateblue
DHRS7B,darkslateblue
DHX16,darkslateblue
DHX33,darkslateblue
DHX36,darkslateblue
DIAPH1,darkslateblue
DIDO1,darkslateblue
DKK1,darkslateblue
DLL1,darkslateblue
DMWD,darkslateblue
DNAH3,darkslateblue
DNAJB2,darkslateblue
DNAJB6,darkslateblue
DNAJC10,darkslateblue
DNAL1,darkslateblue
DOCK4,darkslateblue
DPYSL2,darkslateblue
DRD3,darkslateblue
DSCC1,darkslateblue
DSE,darkslateblue
DTD1,darkslateblue
DTNA,darkslateblue
DUSP14,darkslateblue
DUSP15,darkslateblue
DUSP19,darkslateblue
DUSP26,darkslateblue
DYM,darkslateblue
DYNC1H1,darkslateblue
E2F4,darkslateblue
EDEM3,darkslateblue
EDNRB,darkslateblue
EEFSEC,darkslateblue
EHD3,darkslateblue
EHMT2,darkslateblue
EID2,darkslateblue
EIF1,darkslateblue
EIF3A,darkslateblue
EIF3G,darkslateblue
ELAVL1,darkslateblue
ELK4,darkslateblue
ELMO1,darkslateblue
ELMOD2,darkslateblue
ENO2,darkslateblue
ENOX1,darkslateblue
ENY2,darkslateblue
EP400,darkslateblue
EPAS1,darkslateblue
EPC2,darkslateblue
ERI3,darkslateblue
ERO1LB,darkslateblue
ERP29,darkslateblue
ETV3,darkslateblue
ETV4,darkslateblue
ETV5,darkslateblue
EWSR1,darkslateblue
EXO1,darkslateblue
EXOC4,darkslateblue
EZH1,darkslateblue
F3,darkslateblue
FABP5,darkslateblue
FAM111A,darkslateblue
FAM12A,darkslateblue
FAM163A,darkslateblue
FAM174A,darkslateblue
FAM176A,darkslateblue
FAM184A,darkslateblue
FAM46C,darkslateblue
FAM55C,darkslateblue
FAM59A,darkslateblue
FAM5C,darkslateblue
FAM76A,darkslateblue
FAM82A1,darkslateblue
FAM8A1,darkslateblue
FAM96A,darkslateblue
FAM96B,darkslateblue
FAM98C,darkslateblue
FANCA,darkslateblue
FANCF,darkslateblue
FAT1,darkslateblue
FDFT1,darkslateblue
FDX1L,darkslateblue
FECH,darkslateblue
FGF3,darkslateblue
FGFRL1,darkslateblue
FILIP1,darkslateblue
FKBP3,darkslateblue
FMOD,darkslateblue
FNIP2,darkslateblue
FNTB,darkslateblue
FOS,darkslateblue
FOSB,darkslateblue
FOSL1,darkslateblue
FOXK1,darkslateblue
FOXO3,darkslateblue
FOXP1,darkslateblue
FRS2,darkslateblue
FRYL,darkslateblue
FSD1,darkslateblue
FTH1,darkslateblue
FTO,darkslateblue
FUCA1,darkslateblue
FUT9,darkslateblue
FZD5,darkslateblue
FZR1,darkslateblue
GAA,darkslateblue
GABARAPL2,darkslateblue
GABPB2,darkslateblue
GABRA1,darkslateblue
GABRA2,darkslateblue
GABRA4,darkslateblue
GABRB1,darkslateblue
GABRB2,darkslateblue
GABRP,darkslateblue
GAD1,darkslateblue
GADL1,darkslateblue
GALK1,darkslateblue
GALM,darkslateblue
GALNT10,darkslateblue
GALNT11,darkslateblue
GALNT4,darkslateblue
GALNT6,darkslateblue
GALNTL4,darkslateblue
GAP43,darkslateblue
GAS2L1,darkslateblue
GAS5,darkslateblue
GAS7,darkslateblue
GAS8,darkslateblue
GATA2,darkslateblue
GCC2,darkslateblue
GEMIN7,darkslateblue
GEN1,darkslateblue
GFER,darkslateblue
GFM1,darkslateblue
GFOD2,darkslateblue
GFPT2,darkslateblue
GFRA1,darkslateblue
GFRA4,darkslateblue
GGA1,darkslateblue
GGCT,darkslateblue
GLB1,darkslateblue
GLCCI1,darkslateblue
GLRX2,darkslateblue
GLYCTK,darkslateblue
GNAI1,darkslateblue
GNB2L1,darkslateblue
GNL1,darkslateblue
GOT1,darkslateblue
GP9,darkslateblue
GPC6,darkslateblue
GPR126,darkslateblue
GPR137B,darkslateblue
GPR85,darkslateblue
GPX5,darkslateblue
GPX7,darkslateblue
GRID2,darkslateblue
GRIN2C,darkslateblue
GRIN3A,darkslateblue
GRM3,darkslateblue
GSG1L,darkslateblue
GSTK1,darkslateblue
GTF2F1,darkslateblue
GTF2F2,darkslateblue
GTF2H3,darkslateblue
GTF2H4,darkslateblue
GTF3A,darkslateblue
GTF3C1,darkslateblue
GTPBP10,darkslateblue
GUCY1A2,darkslateblue
GUF1,darkslateblue
GUSB,darkslateblue
H2AFX,darkslateblue
HAGH,darkslateblue
HAS2,darkslateblue
HAUS8,darkslateblue
HCFC1R1,darkslateblue
HDAC1,darkslateblue
HDC,darkslateblue
HECTD2,darkslateblue
HELB,darkslateblue
HELLS,darkslateblue
HES1,darkslateblue
HIATL1,darkslateblue
HIC1,darkslateblue
HIST1H2AI,darkslateblue
HIST1H3B,darkslateblue
HIST1H4F,darkslateblue
HIVEP3,darkslateblue
HKR1,darkslateblue
HLA-DPB2,darkslateblue
HMGCLL1,darkslateblue
HNRNPU,darkslateblue
HNRPA1L-2,darkslateblue
HOMER1,darkslateblue
HOXA1,darkslateblue
HOXC10,darkslateblue
HOXC4,darkslateblue
HSP90AA1,darkslateblue
HSPA12A,darkslateblue
HSPA13,darkslateblue
HSPA1B,darkslateblue
HSPE1,darkslateblue
HTR1A,darkslateblue
HYOU1,darkslateblue
IER3,darkslateblue
IFT80,darkslateblue
IGF1R,darkslateblue
IGFBP3,darkslateblue
IGSF8,darkslateblue
IKBKAP,darkslateblue
IL1RAP,darkslateblue
IL1RN,darkslateblue
IL22,darkslateblue
IL4R,darkslateblue
ILKAP,darkslateblue
IMMT,darkslateblue
IMP3,darkslateblue
INCA1,darkslateblue
INHBC,darkslateblue
INO80D,darkslateblue
INPP4A,darkslateblue
INPP5A,darkslateblue
INS-IGF2,darkslateblue
INSR,darkslateblue
INTS3,darkslateblue
INTS7,darkslateblue
IQCH,darkslateblue
IRF2,darkslateblue
ISCU,darkslateblue
ISOC1,darkslateblue
ITGA3,darkslateblue
ITGAV,darkslateblue
ITIH3,darkslateblue
ITM2B,darkslateblue
ITPR1,darkslateblue
ITPR2,darkslateblue
JAK2,darkslateblue
JMJD1C,darkslateblue
JPH3,darkslateblue
JUB,darkslateblue
KATNAL2,darkslateblue
KCNAB1,darkslateblue
KCNE3,darkslateblue
KCNH1,darkslateblue
KCNJ2,darkslateblue
KCNMA1,darkslateblue
KCNQ1,darkslateblue
KCNQ3,darkslateblue
KCTD15,darkslateblue
KHDRBS2,darkslateblue
KIAA0141,darkslateblue
KIAA0494,darkslateblue
KIAA0652,darkslateblue
KIAA1239,darkslateblue
KIAA1279,darkslateblue
KIAA1949,darkslateblue
KIDINS220,darkslateblue
KIF20B,darkslateblue
KIF23,darkslateblue
KIF26B,darkslateblue
KIFAP3,darkslateblue
KIRREL2,darkslateblue
KLC4,darkslateblue
KLF3,darkslateblue
KLHDC10,darkslateblue
KLHL20,darkslateblue
KLHL35,darkslateblue
KNDC1,darkslateblue
KPNA4,darkslateblue
KRT222,darkslateblue
LEF1,darkslateblue
LEMD3,darkslateblue
LGI1,darkslateblue
LGI3,darkslateblue
LGR5,darkslateblue
LIFR,darkslateblue
LIG1,darkslateblue
LIMD2,darkslateblue
LIN7B,darkslateblue
LINS1,darkslateblue
LIPA,darkslateblue
LLPH,darkslateblue
LMCD1,darkslateblue
LMO4,darkslateblue
LMX1A,darkslateblue
LOC100128164,darkslateblue
LOC100128640,darkslateblue
LOC100129066,darkslateblue
LOC100130691,darkslateblue
LOC100132354,darkslateblue
LOC100286844,darkslateblue
LOC148189,darkslateblue
LOC256880,darkslateblue
LOC284632,darkslateblue
LOC286016,darkslateblue
LOC339524,darkslateblue
LOC388789,darkslateblue
LOC389332,darkslateblue
LOC641518,darkslateblue
LOC645323,darkslateblue
LOC84989,darkslateblue
LOC93622,darkslateblue
LPAR3,darkslateblue
LPO,darkslateblue
LRFN5,darkslateblue
LRIG3,darkslateblue
LRPAP1,darkslateblue
LRRC29,darkslateblue
LRRC33,darkslateblue
LRRC34,darkslateblue
LRRC4,darkslateblue
LRRC50,darkslateblue
LRRC55,darkslateblue
LRRC58,darkslateblue
LRRCC1,darkslateblue
LRRN1,darkslateblue
LRWD1,darkslateblue
LY6G5C,darkslateblue
LYPLA2,darkslateblue
LYRM4,darkslateblue
LZTFL1,darkslateblue
M6PR,darkslateblue
MACROD2,darkslateblue
MAD1L1,darkslateblue
MAD2L1BP,darkslateblue
MAGOHB,darkslateblue
MAP2K3,darkslateblue
MAP3K1,darkslateblue
MAPK1,darkslateblue
MAPKSP1,darkslateblue
MAST4,darkslateblue
MAT2B,darkslateblue
MBD6,darkslateblue
MBTPS1,darkslateblue
MCC,darkslateblue
MCM3APAS,darkslateblue
MDGA1,darkslateblue
MDH1,darkslateblue
MED16,darkslateblue
MED21,darkslateblue
MED25,darkslateblue
MED7,darkslateblue
MEGF6,darkslateblue
MEGF8,darkslateblue
MEIS2,darkslateblue
MESDC1,darkslateblue
METAP2,darkslateblue
METT5D1,darkslateblue
METTL3,darkslateblue
METTL5,darkslateblue
MGC23284,darkslateblue
MGEA5,darkslateblue
MGST2,darkslateblue
MIAT,darkslateblue
MICAL3,darkslateblue
MICALL2,darkslateblue
MICB,darkslateblue
MIR1265,darkslateblue
MIR1908,darkslateblue
MIR29C,darkslateblue
MIR548I4,darkslateblue
MIR548N,darkslateblue
MIR574,darkslateblue
MIRLET7I,darkslateblue
MLH1,darkslateblue
MLX,darkslateblue
MMP24,darkslateblue
MNX1,darkslateblue
MOBKL1B,darkslateblue
MOCS1,darkslateblue
MORC3,darkslateblue
MPP2,darkslateblue
MPRIP,darkslateblue
MRP63,darkslateblue
MRPL16,darkslateblue
MRPL21,darkslateblue
MRPL52,darkslateblue
MRPL54,darkslateblue
MRPS26,darkslateblue
MRPS30,darkslateblue
MRS2,darkslateblue
MSH2,darkslateblue
MSH5,darkslateblue
MSH6,darkslateblue
MT3,darkslateblue
MTERFD1,darkslateblue
MTIF3,darkslateblue
MTRF1,darkslateblue
MXI1,darkslateblue
MYCN,darkslateblue
MYL12B,darkslateblue
MYLK,darkslateblue
MYNN,darkslateblue
MYO5C,darkslateblue
MYOF,darkslateblue
N4BP2L2,darkslateblue
NAA16,darkslateblue
NAA40,darkslateblue
NAPB,darkslateblue
NARF,darkslateblue
NAT10,darkslateblue
NAV1,darkslateblue
NBN,darkslateblue
NBR2,darkslateblue
NCAPG,darkslateblue
NCDN,darkslateblue
NCRNA00081,darkslateblue
NCRNA00188,darkslateblue
NDFIP1,darkslateblue
NDFIP2,darkslateblue
NDUFS8,darkslateblue
NEBL,darkslateblue
NEDD1,darkslateblue
NES,darkslateblue
NEU2,darkslateblue
NFATC2,darkslateblue
NFIC,darkslateblue
NFKBIA,darkslateblue
NHP2L1,darkslateblue
NIT2,darkslateblue
NKAIN3,darkslateblue
NKX2-5,darkslateblue
NKX6-2,darkslateblue
NME1,darkslateblue
NOL4,darkslateblue
NOP58,darkslateblue
NOTUM,darkslateblue
NPC2,darkslateblue
NPHP4,darkslateblue
NPM1,darkslateblue
NPY1R,darkslateblue
NR1D1,darkslateblue
NR3C1,darkslateblue
NRBP1,darkslateblue
NRSN2,darkslateblue
NSUN6,darkslateblue
NTNG1,darkslateblue
NTNG2,darkslateblue
NTRK2,darkslateblue
NUDC,darkslateblue
NUDCD1,darkslateblue
NUDT4,darkslateblue
NUDT6,darkslateblue
NUP155,darkslateblue
NUP160,darkslateblue
NUP93,darkslateblue
NUPL1,darkslateblue
NXPH1,darkslateblue
OASL,darkslateblue
OCIAD2,darkslateblue
OPA3,darkslateblue
OR56A5,darkslateblue
OSBPL1A,darkslateblue
OSBPL8,darkslateblue
OSTBETA,darkslateblue
PACRG,darkslateblue
PACS1,darkslateblue
PACSIN1,darkslateblue
PAFAH2,darkslateblue
PAG1,darkslateblue
PAIP2,darkslateblue
PANK4,darkslateblue
PAPD4,darkslateblue
PAPOLB,darkslateblue
PAPSS1,darkslateblue
PARD3,darkslateblue
PARP14,darkslateblue
PARVA,darkslateblue
PAX1,darkslateblue
PAX2,darkslateblue
PBLD,darkslateblue
PCBP2,darkslateblue
PCCA,darkslateblue
PCDH17,darkslateblue
PCDHA2,darkslateblue
PCDHB2,darkslateblue
PCDHGA2,darkslateblue
PCNT,darkslateblue
PCTP,darkslateblue
PCYOX1L,darkslateblue
PDCD4,darkslateblue
PDE10A,darkslateblue
PDE11A,darkslateblue
PDE3A,darkslateblue
PDE4B,darkslateblue
PDGFRA,darkslateblue
PDGFRL,darkslateblue
PDHX,darkslateblue
PDK2,darkslateblue
PDZD8,darkslateblue
PECI,darkslateblue
PER1,darkslateblue
PEX13,darkslateblue
PEX19,darkslateblue
PFDN4,darkslateblue
PFN2,darkslateblue
PGBD1,darkslateblue
PGRMC2,darkslateblue
PHF15,darkslateblue
PHF20,darkslateblue
PHF20L1,darkslateblue
PHTF2,darkslateblue
PIGF,darkslateblue
PIGT,darkslateblue
PIK3R4,darkslateblue
PIK3R6,darkslateblue
PINX1,darkslateblue
PITPNB,darkslateblue
PITRM1,darkslateblue
PITX2,darkslateblue
PKIG,darkslateblue
PLA2R1,darkslateblue
PLCB3,darkslateblue
PLEC1,darkslateblue
PLEKHB2,darkslateblue
PLEKHH3,darkslateblue
PLK4,darkslateblue
PLK5P,darkslateblue
PLXNA2,darkslateblue
PMS2L3,darkslateblue
PNO1,darkslateblue
POLH,darkslateblue
POLRMT,darkslateblue
POLS,darkslateblue
POU3F3,darkslateblue
PPA2,darkslateblue
PPARGC1B,darkslateblue
PPFIA2,darkslateblue
PPFIA3,darkslateblue
PPFIA4,darkslateblue
PPIA,darkslateblue
PPIH,darkslateblue
PPIL1,darkslateblue
PPM1E,darkslateblue
PPP1R14C,darkslateblue
PPP2R5E,darkslateblue
PPP3CB,darkslateblue
PPP6C,darkslateblue
PRCP,darkslateblue
PRDM8,darkslateblue
PRDX2,darkslateblue
PRICKLE1,darkslateblue
PRKAA1,darkslateblue
PRKAR1B,darkslateblue
PRKAR2B,darkslateblue
PRKCE,darkslateblue
PRKD1,darkslateblue
PRMT7,darkslateblue
PRMT8,darkslateblue
PSD3,darkslateblue
PSMB5,darkslateblue
PSMB9,darkslateblue
PSMC1,darkslateblue
PSMD12,darkslateblue
PSMD8,darkslateblue
PSME4,darkslateblue
PSMG2,darkslateblue
PSPC1,darkslateblue
PTCD3,darkslateblue
PTGR2,darkslateblue
PTHLH,darkslateblue
PTPDC1,darkslateblue
PTPN14,darkslateblue
PTPN22,darkslateblue
PTPN4,darkslateblue
PTPRG,darkslateblue
PTPRN2,darkslateblue
PUF60,darkslateblue
PURG,darkslateblue
PUSL1,darkslateblue
PYGO1,darkslateblue
QARS,darkslateblue
R3HDM1,darkslateblue
RAB11FIP3,darkslateblue
RAB1B,darkslateblue
RAB30,darkslateblue
RAB33B,darkslateblue
RAB35,darkslateblue
RAB3GAP2,darkslateblue
RAB4A,darkslateblue
RAB5A,darkslateblue
RAB5C,darkslateblue
RAB8A,darkslateblue
RABIF,darkslateblue
RABL4,darkslateblue
RAD51L1,darkslateblue
RAF1,darkslateblue
RAI14,darkslateblue
RANBP2,darkslateblue
RANBP3,darkslateblue
RAP2B,darkslateblue
RASGRF1,darkslateblue
RASL10A,darkslateblue
RASSF2,darkslateblue
RASSF4,darkslateblue
RB1CC1,darkslateblue
RBCK1,darkslateblue
RBM14,darkslateblue
RBM5,darkslateblue
RCAN3,darkslateblue
RCE1,darkslateblue
RCHY1,darkslateblue
RCOR3,darkslateblue
REEP4,darkslateblue
REEP5,darkslateblue
REPS1,darkslateblue
RESP18,darkslateblue
RFC5,darkslateblue
RFWD3,darkslateblue
RG9MTD2,darkslateblue
RGP1,darkslateblue
RGS16,darkslateblue
RHOT2,darkslateblue
RICTOR,darkslateblue
RLF,darkslateblue
RND3,darkslateblue
RNF121,darkslateblue
RNF150,darkslateblue
RNF152,darkslateblue
RNF215,darkslateblue
RNF220,darkslateblue
RNF34,darkslateblue
RNF38,darkslateblue
RNF40,darkslateblue
RNF5P1,darkslateblue
ROBO3,darkslateblue
ROCK1,darkslateblue
ROCK2,darkslateblue
RPA2,darkslateblue
RPAP3,darkslateblue
RPGRIP1,darkslateblue
RPH3A,darkslateblue
RPL18AP3,darkslateblue
RPL24,darkslateblue
RPL28,darkslateblue
RPL6,darkslateblue
RPLP0,darkslateblue
RPP38,darkslateblue
RPRD1A,darkslateblue
RPRD1B,darkslateblue
RPS24,darkslateblue
RPS6KA5,darkslateblue
RPUSD3,darkslateblue
RRS1,darkslateblue
RSBN1,darkslateblue
RSPH4A,darkslateblue
RSPRY1,darkslateblue
RTN1,darkslateblue
RUNX3,darkslateblue
RUSC2,darkslateblue
RUVBL1,darkslateblue
S100A6,darkslateblue
SAFB2,darkslateblue
SAMD10,darkslateblue
SAP30L,darkslateblue
SASS6,darkslateblue
SAV1,darkslateblue
SCAMP3,darkslateblue
SCAND3,darkslateblue
SCAP,darkslateblue
SCFD2,darkslateblue
SCG2,darkslateblue
SCIN,darkslateblue
SCMH1,darkslateblue
SCN4B,darkslateblue
SCNN1B,darkslateblue
SCNN1G,darkslateblue
SEC22A,darkslateblue
SEC31A,darkslateblue
SENP7,darkslateblue
SEP-10,darkslateblue
SEPHS2,darkslateblue
SEPW1,darkslateblue
SEPX1,darkslateblue
SF3A1,darkslateblue
SFI1,darkslateblue
SFRS1,darkslateblue
SFRS13B,darkslateblue
SFRS18,darkslateblue
SFRS3,darkslateblue
SGK3,darkslateblue
SH2D5,darkslateblue
SH3BP5L,darkslateblue
SH3GLB1,darkslateblue
SH3RF1,darkslateblue
SHBG,darkslateblue
SHC4,darkslateblue
SHH,darkslateblue
SHISA6,darkslateblue
SIAH2,darkslateblue
SIRT2,darkslateblue
SIRT5,darkslateblue
SKA1,darkslateblue
SKA2,darkslateblue
SLAIN1,darkslateblue
SLC12A5,darkslateblue
SLC19A1,darkslateblue
SLC1A2,darkslateblue
SLC25A28,darkslateblue
SLC25A3,darkslateblue
SLC25A40,darkslateblue
SLC25A46,darkslateblue
SLC27A1,darkslateblue
SLC30A5,darkslateblue
SLC31A2,darkslateblue
SLC35D1,darkslateblue
SLC35F1,darkslateblue
SLC39A10,darkslateblue
SLC41A1,darkslateblue
SLC4A1AP,darkslateblue
SLC6A20,darkslateblue
SLC8A1,darkslateblue
SLFN12L,darkslateblue
SLTM,darkslateblue
SLU7,darkslateblue
SMAD1,darkslateblue
SMAD4,darkslateblue
SMARCA2,darkslateblue
SMARCA5,darkslateblue
SMARCAD1,darkslateblue
SMC3,darkslateblue
SMCP,darkslateblue
SMEK1,darkslateblue
SMYD5,darkslateblue
SNHG3-RCC1,darkslateblue
SNHG5,darkslateblue
SNORA76,darkslateblue
SNORD45C,darkslateblue
SNORD54,darkslateblue
SNORD74,darkslateblue
SNRNP70,darkslateblue
SNX14,darkslateblue
SNX3,darkslateblue
SOCS2,darkslateblue
SORBS1,darkslateblue
SOS1,darkslateblue
SOX11,darkslateblue
SOX2OT,darkslateblue
SP5,darkslateblue
SPATA1,darkslateblue
SPATA7,darkslateblue
SPHKAP,darkslateblue
SRP72,darkslateblue
SSR2,darkslateblue
SSR3,darkslateblue
ST8SIA4,darkslateblue
STAT5B,darkslateblue
STIM1,darkslateblue
STK19,darkslateblue
STK32B,darkslateblue
STK38L,darkslateblue
STK39,darkslateblue
STX16,darkslateblue
STX7,darkslateblue
STXBP3,darkslateblue
STYXL1,darkslateblue
SULF2,darkslateblue
SV2B,darkslateblue
SYCE1L,darkslateblue
SYNGR3,darkslateblue
SYNPO2,darkslateblue
TACC1,darkslateblue
TADA1,darkslateblue
TAF15,darkslateblue
TAF5,darkslateblue
TAF9,darkslateblue
TBCD,darkslateblue
TBCE,darkslateblue
TBKBP1,darkslateblue
TCEB1,darkslateblue
TCP1,darkslateblue
TCTN2,darkslateblue
TCTN3,darkslateblue
TDRD6,darkslateblue
TECPR1,darkslateblue
TEKT1,darkslateblue
TEKT3,darkslateblue
THRAP3,darkslateblue
THYN1,darkslateblue
TM7SF2,darkslateblue
TMEM101,darkslateblue
TMEM111,darkslateblue
TMEM126A,darkslateblue
TMEM132B,darkslateblue
TMEM143,darkslateblue
TMEM14A,darkslateblue
TMEM150A,darkslateblue
TMEM161B,darkslateblue
TMEM170A,darkslateblue
TMEM19,darkslateblue
TMEM20,darkslateblue
TMEM209,darkslateblue
TMEM232,darkslateblue
TMEM39A,darkslateblue
TMEM45A,darkslateblue
TMEM51,darkslateblue
TMEM55B,darkslateblue
TMEM59,darkslateblue
TMEM80,darkslateblue
TMEM9,darkslateblue
TMEM93,darkslateblue
TMOD3,darkslateblue
TMUB2,darkslateblue
TNFAIP8,darkslateblue
TNIP1,darkslateblue
TNKS,darkslateblue
TNKS2,darkslateblue
TNRC18,darkslateblue
TNRC6B,darkslateblue
TOM1L2,darkslateblue
TOPORS,darkslateblue
TOR2A,darkslateblue
TP53,darkslateblue
TP53BP1,darkslateblue
TPBG,darkslateblue
TRAP1,darkslateblue
TRAPPC9,darkslateblue
TRDMT1,darkslateblue
TRIB2,darkslateblue
TRIM24,darkslateblue
TRIM26,darkslateblue
TRIM28,darkslateblue
TRIM39,darkslateblue
TRIM4,darkslateblue
TRIM71,darkslateblue
TRIOBP,darkslateblue
TRMT61B,darkslateblue
TRNT1,darkslateblue
TRPM5,darkslateblue
TRPS1,darkslateblue
TSC22D1,darkslateblue
TSEN15,darkslateblue
TSFM,darkslateblue
TSKU,darkslateblue
TSPAN5,darkslateblue
TSTA3,darkslateblue
TSTD2,darkslateblue
TTC18,darkslateblue
TTC21A,darkslateblue
TTC23L,darkslateblue
TTC27,darkslateblue
TTF1,darkslateblue
TTLL5,darkslateblue
TTYH1,darkslateblue
TUBB,darkslateblue
TUBGCP3,darkslateblue
TXNDC12,darkslateblue
TXNRD1,darkslateblue
TXNRD2,darkslateblue
TYRO3,darkslateblue
U2AF1,darkslateblue
UBA6,darkslateblue
UBE2D3,darkslateblue
UBE2E2,darkslateblue
UBE2K,darkslateblue
UBE2Q1,darkslateblue
UBE2V1,darkslateblue
UBR4,darkslateblue
UBTD1,darkslateblue
UBXN11,darkslateblue
UCP2,darkslateblue
UFD1L,darkslateblue
UGCG,darkslateblue
UGDH,darkslateblue
UGP2,darkslateblue
ULK4,darkslateblue
UNG,darkslateblue
UPF1,darkslateblue
URB1,darkslateblue
USF1,darkslateblue
USO1,darkslateblue
USP12,darkslateblue
USP36,darkslateblue
USP4,darkslateblue
USP45,darkslateblue
USP48,darkslateblue
USP53,darkslateblue
UTP3,darkslateblue
VARS2,darkslateblue
VAV3,darkslateblue
VPS33B,darkslateblue
VPS4B,darkslateblue
VPS8,darkslateblue
VRK3,darkslateblue
VSIG10L,darkslateblue
VSTM2B,darkslateblue
VTI1A,darkslateblue
WARS,darkslateblue
WBP1,darkslateblue
WBSCR27,darkslateblue
WDR11,darkslateblue
WDR17,darkslateblue
WDR34,darkslateblue
WDR47,darkslateblue
WDR63,darkslateblue
WDR75,darkslateblue
WDR82,darkslateblue
WDR93,darkslateblue
WFIKKN2,darkslateblue
WFS1,darkslateblue
WHSC1L1,darkslateblue
WNK4,darkslateblue
WNT16,darkslateblue
WNT6,darkslateblue
WRN,darkslateblue
WWTR1,darkslateblue
XKR6,darkslateblue
XPA,darkslateblue
XPNPEP1,darkslateblue
XRCC1,darkslateblue
YEATS2,darkslateblue
YEATS4,darkslateblue
YIPF1,darkslateblue
ZADH2,darkslateblue
ZBBX,darkslateblue
ZBTB10,darkslateblue
ZBTB2,darkslateblue
ZBTB44,darkslateblue
ZBTB9,darkslateblue
ZC3HAV1,darkslateblue
ZCCHC14,darkslateblue
ZDHHC6,darkslateblue
ZEB1,darkslateblue
ZFAND5,darkslateblue
ZFP112,darkslateblue
ZFP36,darkslateblue
ZFP64,darkslateblue
ZFPM1,darkslateblue
ZKSCAN4,darkslateblue
ZKSCAN5,darkslateblue
ZMAT4,darkslateblue
ZNF10,darkslateblue
ZNF114,darkslateblue
ZNF135,darkslateblue
ZNF16,darkslateblue
ZNF17,darkslateblue
ZNF202,darkslateblue
ZNF211,darkslateblue
ZNF227,darkslateblue
ZNF229,darkslateblue
ZNF230,darkslateblue
ZNF25,darkslateblue
ZNF280B,darkslateblue
ZNF282,darkslateblue
ZNF304,darkslateblue
ZNF317,darkslateblue
ZNF323,darkslateblue
ZNF331,darkslateblue
ZNF384,darkslateblue
ZNF385A,darkslateblue
ZNF385B,darkslateblue
ZNF397,darkslateblue
ZNF425,darkslateblue
ZNF461,darkslateblue
ZNF501,darkslateblue
ZNF514,darkslateblue
ZNF526,darkslateblue
ZNF563,darkslateblue
ZNF564,darkslateblue
ZNF569,darkslateblue
ZNF574,darkslateblue
ZNF575,darkslateblue
ZNF616,darkslateblue
ZNF629,darkslateblue
ZNF638,darkslateblue
ZNF643,darkslateblue
ZNF644,darkslateblue
ZNF653,darkslateblue
ZNF692,darkslateblue
ZNF703,darkslateblue
ZNF709,darkslateblue
ZNF76,darkslateblue
ZNF770,darkslateblue
ZNF784,darkslateblue
ZNF788,darkslateblue
ZNF789,darkslateblue
ZNF827,darkslateblue
ZNF828,darkslateblue
ZNF830,darkslateblue
ZNF841,darkslateblue
ZNF878,darkslateblue
ZNHIT3,darkslateblue
ZNRD1,darkslateblue
ZSCAN1,darkslateblue
ZSCAN5A,darkslateblue
ZWILCH,darkslateblue
ZZZ3,darkslateblue
AAAS,darkturquoise
AATF,darkturquoise
ABCC12,darkturquoise
ABCD4,darkturquoise
ABCG2,darkturquoise
ABHD6,darkturquoise
ABLIM1,darkturquoise
ABLIM2,darkturquoise
ABTB2,darkturquoise
ACACA,darkturquoise
ACADSB,darkturquoise
ACBD6,darkturquoise
ACTL6B,darkturquoise
ADAMTS1,darkturquoise
ADAMTS2,darkturquoise
ADARB2,darkturquoise
ADCYAP1,darkturquoise
ADD3,darkturquoise
AFF1,darkturquoise
AGBL3,darkturquoise
AGFG1,darkturquoise
AGPAT9,darkturquoise
AIMP1,darkturquoise
AKAP5,darkturquoise
ALDH2,darkturquoise
ALG12,darkturquoise
ALKBH4,darkturquoise
ALKBH8,darkturquoise
ALOX5,darkturquoise
AMN1,darkturquoise
ANGEL2,darkturquoise
ANKRD35,darkturquoise
ANKRD55,darkturquoise
ANKS1B,darkturquoise
ANKS3,darkturquoise
ANO5,darkturquoise
ANP32E,darkturquoise
ANXA2,darkturquoise
AP3M1,darkturquoise
APC2,darkturquoise
APH1A,darkturquoise
APOB,darkturquoise
ARHGEF10L,darkturquoise
ARHGEF18,darkturquoise
ARID3B,darkturquoise
ASF1B,darkturquoise
ASNSD1,darkturquoise
ATE1,darkturquoise
ATF6B,darkturquoise
ATG10,darkturquoise
ATM,darkturquoise
ATOH8,darkturquoise
ATP2B4,darkturquoise
ATP5H,darkturquoise
ATP6V0C,darkturquoise
ATP8A1,darkturquoise
BAG2,darkturquoise
BARHL1,darkturquoise
BAT2,darkturquoise
BBS1,darkturquoise
BCL6,darkturquoise
BCR,darkturquoise
BFSP1,darkturquoise
BICC1,darkturquoise
BLM,darkturquoise
BLOC1S1,darkturquoise
BOK,darkturquoise
BRSK2,darkturquoise
BRUNOL5,darkturquoise
BRWD1,darkturquoise
BTAF1,darkturquoise
BTBD8,darkturquoise
BTNL2,darkturquoise
BUD13,darkturquoise
C10ORF32,darkturquoise
C10ORF76,darkturquoise
C11ORF36,darkturquoise
C11ORF41,darkturquoise
C11ORF9,darkturquoise
C13ORF35,darkturquoise
C14ORF2,darkturquoise
C14ORF23,darkturquoise
C14ORF37,darkturquoise
C14ORF43,darkturquoise
C15ORF41,darkturquoise
C15ORF57,darkturquoise
C16ORF35,darkturquoise
C16ORF65,darkturquoise
C18ORF1,darkturquoise
C19ORF26,darkturquoise
C19ORF39,darkturquoise
C1ORF106,darkturquoise
C1ORF97,darkturquoise
C22ORF39,darkturquoise
C22ORF40,darkturquoise
C22ORF41,darkturquoise
C2CD4A,darkturquoise
C3ORF49,darkturquoise
C4ORF33,darkturquoise
C5ORF30,darkturquoise
C6ORF192,darkturquoise
C6ORF211,darkturquoise
C6ORF35,darkturquoise
C7ORF27,darkturquoise
C7ORF40,darkturquoise
C7ORF46,darkturquoise
C7ORF68,darkturquoise
C8ORF59,darkturquoise
C8ORF76,darkturquoise
C9ORF167,darkturquoise
CACHD1,darkturquoise
CACNB4,darkturquoise
CADM4,darkturquoise
CALCR,darkturquoise
CALML5,darkturquoise
CAMTA1,darkturquoise
CAPRIN1,darkturquoise
CASZ1,darkturquoise
CBLN2,darkturquoise
CBR4,darkturquoise
CBS,darkturquoise
CBY1,darkturquoise
CCBE1,darkturquoise
CCDC102A,darkturquoise
CCDC109A,darkturquoise
CCDC147,darkturquoise
CCDC41,darkturquoise
CCDC59,darkturquoise
CCDC61,darkturquoise
CCDC62,darkturquoise
CCDC64B,darkturquoise
CCDC66,darkturquoise
CCDC69,darkturquoise
CCDC87,darkturquoise
CCDC92,darkturquoise
CCND1,darkturquoise
CCR6,darkturquoise
CCT5,darkturquoise
CD70,darkturquoise
CDC42BPB,darkturquoise
CDH24,darkturquoise
CDH26,darkturquoise
CDH3,darkturquoise
CDK18,darkturquoise
CDK5R1,darkturquoise
CDK5RAP2,darkturquoise
CDKL3,darkturquoise
CDKN3,darkturquoise
CDYL2,darkturquoise
CEBPG,darkturquoise
CEBPZ,darkturquoise
CENPA,darkturquoise
CEP152,darkturquoise
CEP350,darkturquoise
CEP97,darkturquoise
CETN1,darkturquoise
CHCHD3,darkturquoise
CHRNE,darkturquoise
CHST11,darkturquoise
CHUK,darkturquoise
CLASP1,darkturquoise
CLDN8,darkturquoise
CLN6,darkturquoise
CLNS1A,darkturquoise
CLPP,darkturquoise
CLRN3,darkturquoise
CLTA,darkturquoise
CLVS2,darkturquoise
CMBL,darkturquoise
CMPK1,darkturquoise
CMTM3,darkturquoise
CNR1,darkturquoise
CNTN4,darkturquoise
COL11A2,darkturquoise
COL6A1,darkturquoise
COMMD7,darkturquoise
COQ2,darkturquoise
COQ3,darkturquoise
CPA4,darkturquoise
CPAMD8,darkturquoise
CPNE7,darkturquoise
CR1L,darkturquoise
CRABP2,darkturquoise
CRISP3,darkturquoise
CRTC3,darkturquoise
CRYM,darkturquoise
CRYZ,darkturquoise
CSDE1,darkturquoise
CSNK1A1L,darkturquoise
CSNK2A1,darkturquoise
CTDSP2,darkturquoise
CTLA4,darkturquoise
CTNNA2,darkturquoise
CTR9,darkturquoise
CTRC,darkturquoise
CTSK,darkturquoise
CUBN,darkturquoise
CUGBP2,darkturquoise
CXADR,darkturquoise
CYCS,darkturquoise
CYHR1,darkturquoise
CYLD,darkturquoise
CYP1B1,darkturquoise
DAD1,darkturquoise
DCAF13,darkturquoise
DCBLD2,darkturquoise
DCC,darkturquoise
DCUN1D3,darkturquoise
DCUN1D5,darkturquoise
DDIT4,darkturquoise
DDX19A,darkturquoise
DEFB135,darkturquoise
DEPDC4,darkturquoise
DHX8,darkturquoise
DIAPH3,darkturquoise
DIP2C,darkturquoise
DLG5,darkturquoise
DLGAP2,darkturquoise
DMRT1,darkturquoise
DNA2,darkturquoise
DNAJB5,darkturquoise
DNAJC10,darkturquoise
DNAJC13,darkturquoise
DNAJC18,darkturquoise
DNTTIP2,darkturquoise
DOCK4,darkturquoise
DPH2,darkturquoise
DPP4,darkturquoise
DUSP12,darkturquoise
DZIP1,darkturquoise
E2F1,darkturquoise
EEF1G,darkturquoise
EGFR,darkturquoise
EID2,darkturquoise
EIF1,darkturquoise
EIF2AK3,darkturquoise
EIF2B2,darkturquoise
EIF4A2,darkturquoise
EIF4G2,darkturquoise
EIF4H,darkturquoise
ELAC2,darkturquoise
ELAVL2,darkturquoise
ELF5,darkturquoise
ELK4,darkturquoise
ENOX1,darkturquoise
EPB41L4A,darkturquoise
ERAP1,darkturquoise
ERBB2IP,darkturquoise
ERCC2,darkturquoise
ERCC5,darkturquoise
ERI1,darkturquoise
ERICH1,darkturquoise
ETV1,darkturquoise
EXOC3,darkturquoise
FAAH,darkturquoise
FADS2,darkturquoise
FAM102B,darkturquoise
FAM110C,darkturquoise
FAM111A,darkturquoise
FAM125B,darkturquoise
FAM13C,darkturquoise
FAM162B,darkturquoise
FAM174A,darkturquoise
FAM175B,darkturquoise
FAM36A,darkturquoise
FAM47E,darkturquoise
FAM5B,darkturquoise
FAM96A,darkturquoise
FARP2,darkturquoise
FBXL18,darkturquoise
FBXL5,darkturquoise
FBXO31,darkturquoise
FBXO32,darkturquoise
FBXO6,darkturquoise
FBXO7,darkturquoise
FBXW8,darkturquoise
FCRL4,darkturquoise
FDX1,darkturquoise
FEM1A,darkturquoise
FEZ2,darkturquoise
FGD3,darkturquoise
FGR,darkturquoise
FKBP11,darkturquoise
FKBP3,darkturquoise
FLJ35220,darkturquoise
FLJ39582,darkturquoise
FLOT1,darkturquoise
FMNL2,darkturquoise
FNDC3A,darkturquoise
FOXI3,darkturquoise
FOXK1,darkturquoise
FOXP1,darkturquoise
FSTL4,darkturquoise
FTH1,darkturquoise
FUT6,darkturquoise
FYCO1,darkturquoise
FZD1,darkturquoise
G3BP1,darkturquoise
GABBR2,darkturquoise
GABRA1,darkturquoise
GADD45GIP1,darkturquoise
GALK2,darkturquoise
GALNT10,darkturquoise
GAS2,darkturquoise
GATAD2A,darkturquoise
GFM2,darkturquoise
GGPS1,darkturquoise
GHR,darkturquoise
GJB2,darkturquoise
GLT8D1,darkturquoise
GMPPA,darkturquoise
GNB2L1,darkturquoise
GOLGA5,darkturquoise
GOLPH3L,darkturquoise
GPA33,darkturquoise
GPR81,darkturquoise
GPSM3,darkturquoise
GRB10,darkturquoise
GRB2,darkturquoise
GREM2,darkturquoise
GRID2,darkturquoise
GRIN3A,darkturquoise
GRM1,darkturquoise
GRM8,darkturquoise
GSPT1,darkturquoise
GSTO2,darkturquoise
GTF2IRD1,darkturquoise
HADHB,darkturquoise
HBP1,darkturquoise
HCFC2,darkturquoise
HCG11,darkturquoise
HCG27,darkturquoise
HDAC4,darkturquoise
HDAC7,darkturquoise
HEATR4,darkturquoise
HECW2,darkturquoise
HELQ,darkturquoise
HEXA,darkturquoise
HEXIM2,darkturquoise
HEY2,darkturquoise
HIP1,darkturquoise
HIPK1,darkturquoise
HIST1H1E,darkturquoise
HIST1H2BD,darkturquoise
HIST1H2BH,darkturquoise
HIST1H3E,darkturquoise
HIST1H3I,darkturquoise
HIST1H4E,darkturquoise
HK1,darkturquoise
HLA-DPB1,darkturquoise
HLA-DPB2,darkturquoise
HLA-DQB2,darkturquoise
HMG20A,darkturquoise
HMGB1L1,darkturquoise
HNRNPA0,darkturquoise
HNRNPA1,darkturquoise
HNRNPD,darkturquoise
HOMER1,darkturquoise
HOOK1,darkturquoise
HOXA13,darkturquoise
HOXB3,darkturquoise
HOXB9,darkturquoise
HOXC13,darkturquoise
HOXD11,darkturquoise
HOXD3,darkturquoise
HRASLS,darkturquoise
HRH1,darkturquoise
HRNBP3,darkturquoise
HSD17B4,darkturquoise
HSF5,darkturquoise
HSP90AB1,darkturquoise
HSPA12A,darkturquoise
HSPA14,darkturquoise
HSPA1B,darkturquoise
HTR1A,darkturquoise
HTR2A,darkturquoise
HUS1,darkturquoise
IAH1,darkturquoise
ID3,darkturquoise
IDH3B,darkturquoise
IGSF8,darkturquoise
IL12B,darkturquoise
IMMP2L,darkturquoise
INADL,darkturquoise
INPP4A,darkturquoise
INPP5A,darkturquoise
IQCE,darkturquoise
IRAK1BP1,darkturquoise
IRAK2,darkturquoise
IRF2,darkturquoise
JAZF1,darkturquoise
JPH1,darkturquoise
JPH3,darkturquoise
JUB,darkturquoise
JUN,darkturquoise
KBTBD2,darkturquoise
KBTBD8,darkturquoise
KCNA1,darkturquoise
KCND2,darkturquoise
KCND3,darkturquoise
KCNIP2,darkturquoise
KCNJ2,darkturquoise
KCNQ1,darkturquoise
KDM1A,darkturquoise
KDM2A,darkturquoise
KDM4A,darkturquoise
KDM5A,darkturquoise
KDR,darkturquoise
KIAA0232,darkturquoise
KIAA0415,darkturquoise
KIAA0495,darkturquoise
KIAA0649,darkturquoise
KIAA0776,darkturquoise
KIAA1009,darkturquoise
KIAA1217,darkturquoise
KIAA1529,darkturquoise
KIAA1712,darkturquoise
KIAA1797,darkturquoise
KIAA1908,darkturquoise
KIF20B,darkturquoise
KIF26B,darkturquoise
KL,darkturquoise
KLF14,darkturquoise
KLF6,darkturquoise
KLHL1,darkturquoise
KLHL7,darkturquoise
KRCC1,darkturquoise
KY,darkturquoise
L3MBTL4,darkturquoise
LAMA4,darkturquoise
LARP1,darkturquoise
LARP1B,darkturquoise
LBX2,darkturquoise
LCORL,darkturquoise
LDHA,darkturquoise
LDLR,darkturquoise
LEKR1,darkturquoise
LFNG,darkturquoise
LILRA3,darkturquoise
LIMS2,darkturquoise
LIN28,darkturquoise
LIN54,darkturquoise
LMBR1L,darkturquoise
LOC100130987,darkturquoise
LOC222699,darkturquoise
LOC283050,darkturquoise
LOC284798,darkturquoise
LOC285548,darkturquoise
LOC286135,darkturquoise
LOC338799,darkturquoise
LOC388796,darkturquoise
LOC441666,darkturquoise
LOC552889,darkturquoise
LOC645323,darkturquoise
LOC728392,darkturquoise
LOC728743,darkturquoise
LRP2,darkturquoise
LRRC28,darkturquoise
LRRC41,darkturquoise
LRRN2,darkturquoise
LSG1,darkturquoise
LY6H,darkturquoise
LYRM7,darkturquoise
MAD1L1,darkturquoise
MAGI2,darkturquoise
MAGOHB,darkturquoise
MAN1A2,darkturquoise
MAP7,darkturquoise
MAP9,darkturquoise
MAPK4,darkturquoise
MAPRE3,darkturquoise
MAR-03,darkturquoise
MAST4,darkturquoise
MASTL,darkturquoise
MATN1,darkturquoise
MCOLN3,darkturquoise
MDC1,darkturquoise
MDM2,darkturquoise
MDP1,darkturquoise
MED30,darkturquoise
MED31,darkturquoise
METTL10,darkturquoise
MFHAS1,darkturquoise
MGAT4A,darkturquoise
MGMT,darkturquoise
MIF,darkturquoise
MIR124-3,darkturquoise
MIR548N,darkturquoise
MKRN1,darkturquoise
MKX,darkturquoise
MPP7,darkturquoise
MRPL30,darkturquoise
MRPL50,darkturquoise
MRPS11,darkturquoise
MRPS18B,darkturquoise
MRPS21,darkturquoise
MRPS31,darkturquoise
MT1A,darkturquoise
MTCH1,darkturquoise
MTERF,darkturquoise
MTF1,darkturquoise
MTIF2,darkturquoise
MTMR9,darkturquoise
MTOR,darkturquoise
MUDENG,darkturquoise
MYB,darkturquoise
MYBPC2,darkturquoise
MYH14,darkturquoise
MYH15,darkturquoise
MYLIP,darkturquoise
MYO3B,darkturquoise
MYT1L,darkturquoise
NAGPA,darkturquoise
NANOG,darkturquoise
NBN,darkturquoise
NCOA5,darkturquoise
NCOR2,darkturquoise
NDEL1,darkturquoise
NDUFV3,darkturquoise
NEK10,darkturquoise
NEK7,darkturquoise
NEU1,darkturquoise
NFATC3,darkturquoise
NINL,darkturquoise
NKX2-1,darkturquoise
NKX2-5,darkturquoise
NLGN1,darkturquoise
NME2,darkturquoise
NME3,darkturquoise
NMNAT3,darkturquoise
NOG,darkturquoise
NOLC1,darkturquoise
NOS1AP,darkturquoise
NOTCH3,darkturquoise
NOTCH4,darkturquoise
NPAS1,darkturquoise
NRIP3,darkturquoise
NT5C3,darkturquoise
NTAN1,darkturquoise
NUBP2,darkturquoise
NUP107,darkturquoise
NUP133,darkturquoise
OBFC2B,darkturquoise
OCIAD1,darkturquoise
ODZ3,darkturquoise
OGG1,darkturquoise
OPN3,darkturquoise
OR10P1,darkturquoise
OR52B6,darkturquoise
OR6C74,darkturquoise
OSCP1,darkturquoise
OSTC,darkturquoise
OTUD6B,darkturquoise
OTX1,darkturquoise
OXNAD1,darkturquoise
OXTR,darkturquoise
PAFAH1B3,darkturquoise
PAPD4,darkturquoise
PAPD5,darkturquoise
PARP10,darkturquoise
PARP11,darkturquoise
PATL1,darkturquoise
PAX2,darkturquoise
PBX2,darkturquoise
PDCD10,darkturquoise
PDE2A,darkturquoise
PDE7A,darkturquoise
PER3,darkturquoise
PEX13,darkturquoise
PEX5L,darkturquoise
PFKP,darkturquoise
PGGT1B,darkturquoise
PHACTR2,darkturquoise
PHC3,darkturquoise
PHF10,darkturquoise
PHIP,darkturquoise
PIGL,darkturquoise
PIH1D2,darkturquoise
PIP4K2B,darkturquoise
PITX2,darkturquoise
PLAU,darkturquoise
PLEKHM3,darkturquoise
PMPCB,darkturquoise
PNPLA7,darkturquoise
PNRC2,darkturquoise
POLD2,darkturquoise
POU3F1,darkturquoise
PPAPDC1B,darkturquoise
PPP1R12A,darkturquoise
PPP1R3E,darkturquoise
PPP3CC,darkturquoise
PRCC,darkturquoise
PRDM11,darkturquoise
PRDM7,darkturquoise
PRIC285,darkturquoise
PRIMA1,darkturquoise
PRKAR2A,darkturquoise
PROSC,darkturquoise
PRR3,darkturquoise
PRR5,darkturquoise
PRRG4,darkturquoise
PSMD14,darkturquoise
PSME3,darkturquoise
PSRC1,darkturquoise
PTBP1,darkturquoise
PTPLAD1,darkturquoise
PTPMT1,darkturquoise
PTPN1,darkturquoise
PTPN12,darkturquoise
PTPN14,darkturquoise
PTPRN2,darkturquoise
PVRL3,darkturquoise
PXMP3,darkturquoise
PYGM,darkturquoise
QDPR,darkturquoise
QRFP,darkturquoise
R3HCC1,darkturquoise
RAD21L1,darkturquoise
RAD9B,darkturquoise
RAI14,darkturquoise
RAPGEF5,darkturquoise
RASGEF1A,darkturquoise
RASSF4,darkturquoise
RBBP4,darkturquoise
RBM14,darkturquoise
RBM20,darkturquoise
RBM39,darkturquoise
RCC2,darkturquoise
RCOR2,darkturquoise
RELA,darkturquoise
RELN,darkturquoise
REPS1,darkturquoise
REST,darkturquoise
RFTN2,darkturquoise
RFWD3,darkturquoise
RFX6,darkturquoise
RGS14,darkturquoise
RGS6,darkturquoise
RING1,darkturquoise
RNF121,darkturquoise
RNF14,darkturquoise
RNF141,darkturquoise
RNF144B,darkturquoise
RNF169,darkturquoise
RNF207,darkturquoise
RNF216,darkturquoise
RNF25,darkturquoise
RNF8,darkturquoise
ROR1,darkturquoise
RPF1,darkturquoise
RPF2,darkturquoise
RPL18,darkturquoise
RPL28,darkturquoise
RPS20,darkturquoise
RPS27L,darkturquoise
RPS6KA2,darkturquoise
RPS6KC1,darkturquoise
RREB1,darkturquoise
RSU1,darkturquoise
RTKN,darkturquoise
RUNDC3B,darkturquoise
RUNX2,darkturquoise
RUSC1,darkturquoise
RWDD3,darkturquoise
RXFP1,darkturquoise
SAPS3,darkturquoise
SASH1,darkturquoise
SCARB1,darkturquoise
SCN9A,darkturquoise
SCOC,darkturquoise
SDC3,darkturquoise
SEC14L5,darkturquoise
SERF2,darkturquoise
SFXN5,darkturquoise
SGCE,darkturquoise
SGMS1,darkturquoise
SH3BP5,darkturquoise
SH3GLB1,darkturquoise
SH3RF1,darkturquoise
SHC2,darkturquoise
SHF,darkturquoise
SIM1,darkturquoise
SIPA1L1,darkturquoise
SIPA1L2,darkturquoise
SKINTL,darkturquoise
SLC17A2,darkturquoise
SLC19A2,darkturquoise
SLC22A17,darkturquoise
SLC23A1,darkturquoise
SLC25A33,darkturquoise
SLC25A37,darkturquoise
SLC26A2,darkturquoise
SLC30A9,darkturquoise
SLC36A1,darkturquoise
SLC36A4,darkturquoise
SLC38A3,darkturquoise
SLC39A9,darkturquoise
SLC4A5,darkturquoise
SLC4A8,darkturquoise
SLC7A2,darkturquoise
SLC8A3,darkturquoise
SLCO4A1,darkturquoise
SLFN11,darkturquoise
SMAD1,darkturquoise
SMAD3,darkturquoise
SMARCA2,darkturquoise
SMARCE1,darkturquoise
SMOC2,darkturquoise
SNHG5,darkturquoise
SNORD111,darkturquoise
SNORD45C,darkturquoise
SNORD84,darkturquoise
SNPH,darkturquoise
SNRNP27,darkturquoise
SNTG2,darkturquoise
SOD2,darkturquoise
SORBS1,darkturquoise
SORBS2,darkturquoise
SORD,darkturquoise
SOX2,darkturquoise
SOX21,darkturquoise
SOX2OT,darkturquoise
SOX30,darkturquoise
SP2,darkturquoise
SPEF1,darkturquoise
SPRED2,darkturquoise
SPTY2D1,darkturquoise
SRCAP,darkturquoise
SRD5A3,darkturquoise
SSPO,darkturquoise
SSX2IP,darkturquoise
ST3GAL2,darkturquoise
ST3GAL5,darkturquoise
ST8SIA3,darkturquoise
STK17B,darkturquoise
STK38,darkturquoise
STXBP3,darkturquoise
SYNGAP1,darkturquoise
SYT6,darkturquoise
SYVN1,darkturquoise
TAAR5,darkturquoise
TACR1,darkturquoise
TAF12,darkturquoise
TAOK1,darkturquoise
TARBP1,darkturquoise
TBC1D23,darkturquoise
TBCCD1,darkturquoise
TBCD,darkturquoise
TBXAS1,darkturquoise
TDP1,darkturquoise
TESK2,darkturquoise
TET1,darkturquoise
TFG,darkturquoise
TGFB1,darkturquoise
THBS1,darkturquoise
THNSL2,darkturquoise
TIFAB,darkturquoise
TIMELESS,darkturquoise
TIMP2,darkturquoise
TJP1,darkturquoise
TLE3,darkturquoise
TLK1,darkturquoise
TLR10,darkturquoise
TM7SF2,darkturquoise
TM9SF3,darkturquoise
TMCC1,darkturquoise
TMED1,darkturquoise
TMED5,darkturquoise
TMEFF2,darkturquoise
TMEM105,darkturquoise
TMEM127,darkturquoise
TMEM132B,darkturquoise
TMEM132C,darkturquoise
TMEM134,darkturquoise
TMEM160,darkturquoise
TMEM19,darkturquoise
TMEM204,darkturquoise
TMEM5,darkturquoise
TMEM87A,darkturquoise
TMTC2,darkturquoise
TMTC4,darkturquoise
TMUB2,darkturquoise
TNFRSF8,darkturquoise
TNIP1,darkturquoise
TNK2,darkturquoise
TNNI3,darkturquoise
TNRC6C,darkturquoise
TNS4,darkturquoise
TNXB,darkturquoise
TOLLIP,darkturquoise
TOMM6,darkturquoise
TOP2A,darkturquoise
TOX2,darkturquoise
TPRG1L,darkturquoise
TRAF6,darkturquoise
TRAFD1,darkturquoise
TRAM1L1,darkturquoise
TRIM40,darkturquoise
TRIP6,darkturquoise
TRMT61B,darkturquoise
TRPC3,darkturquoise
TSPAN18,darkturquoise
TSPAN2,darkturquoise
TSPAN5,darkturquoise
TSPYL1,darkturquoise
TSPYL5,darkturquoise
TTC1,darkturquoise
TTC18,darkturquoise
TTC23,darkturquoise
TXK,darkturquoise
TXNDC12,darkturquoise
TXNDC17,darkturquoise
UBE2I,darkturquoise
UBE2M,darkturquoise
UBL3,darkturquoise
UBTD2,darkturquoise
UCRC,darkturquoise
UFM1,darkturquoise
UGDH,darkturquoise
UGGT1,darkturquoise
UHMK1,darkturquoise
UIMC1,darkturquoise
ULK2,darkturquoise
UNC13B,darkturquoise
UNC5A,darkturquoise
USP16,darkturquoise
USP30,darkturquoise
USP31,darkturquoise
USP53,darkturquoise
USP6NL,darkturquoise
VAC14,darkturquoise
VAPB,darkturquoise
VASH1,darkturquoise
VGLL4,darkturquoise
VPS29,darkturquoise
VPS41,darkturquoise
VPS4B,darkturquoise
VRK3,darkturquoise
VSIG8,darkturquoise
VSTM2A,darkturquoise
VTI1B,darkturquoise
VWCE,darkturquoise
WASL,darkturquoise
WDR18,darkturquoise
WDR26,darkturquoise
WDR59,darkturquoise
WDR93,darkturquoise
WIPF2,darkturquoise
WNK1,darkturquoise
WNT2,darkturquoise
WRNIP1,darkturquoise
WWOX,darkturquoise
XKR6,darkturquoise
YAF2,darkturquoise
YTHDC1,darkturquoise
ZBTB7A,darkturquoise
ZFAND2A,darkturquoise
ZFAND2B,darkturquoise
ZFP36L1,darkturquoise
ZFP62,darkturquoise
ZFP91,darkturquoise
ZFYVE26,darkturquoise
ZMYM1,darkturquoise
ZNF135,darkturquoise
ZNF140,darkturquoise
ZNF142,darkturquoise
ZNF211,darkturquoise
ZNF238,darkturquoise
ZNF267,darkturquoise
ZNF281,darkturquoise
ZNF302,darkturquoise
ZNF323,darkturquoise
ZNF335,darkturquoise
ZNF367,darkturquoise
ZNF394,darkturquoise
ZNF395,darkturquoise
ZNF426,darkturquoise
ZNF542,darkturquoise
ZNF577,darkturquoise
ZNF610,darkturquoise
ZNF613,darkturquoise
ZNF623,darkturquoise
ZNF628,darkturquoise
ZNF682,darkturquoise
ZNF688,darkturquoise
ZNF696,darkturquoise
ZNF727,darkturquoise
ZNF843,darkturquoise
ZNHIT2,darkturquoise
ZNRF3,darkturquoise
AARSD1,floralwhite
ABHD6,floralwhite
ACACA,floralwhite
ACSS1,floralwhite
ACTR1A,floralwhite
ADH5,floralwhite
AGAP2,floralwhite
AHCYL2,floralwhite
AK2,floralwhite
AKR1A1,floralwhite
ALS2,floralwhite
ANAPC4,floralwhite
ARHGEF12,floralwhite
ATG4C,floralwhite
ATXN2,floralwhite
AUTS2,floralwhite
BACH2,floralwhite
BARHL2,floralwhite
BAT1,floralwhite
BEND3,floralwhite
BMP6,floralwhite
BRI3,floralwhite
BRPF1,floralwhite
C11ORF48,floralwhite
C11ORF60,floralwhite
C14ORF126,floralwhite
C17ORF68,floralwhite
C1ORF113,floralwhite
C1ORF168,floralwhite
C1ORF55,floralwhite
C20ORF108,floralwhite
C20ORF194,floralwhite
C20ORF196,floralwhite
C2ORF88,floralwhite
C3ORF71,floralwhite
C4ORF37,floralwhite
C6ORF217,floralwhite
C8ORF37,floralwhite
C9ORF6,floralwhite
CALM3,floralwhite
CASP8AP2,floralwhite
CBX5,floralwhite
CCDC25,floralwhite
CCDC41,floralwhite
CCM2,floralwhite
CCT3,floralwhite
CCT4,floralwhite
CDC27,floralwhite
CDCA4,floralwhite
CDCA8,floralwhite
CDK2AP2,floralwhite
CDKL1,floralwhite
CDR2L,floralwhite
CEND1,floralwhite
CEP68,floralwhite
CFH,floralwhite
CHPF2,floralwhite
CLASP1,floralwhite
CLSPN,floralwhite
CNIH4,floralwhite
COPB2,floralwhite
COPS4,floralwhite
CREB1,floralwhite
CSMD3,floralwhite
CSRNP1,floralwhite
CYB5D1,floralwhite
DHDH,floralwhite
DHX16,floralwhite
DIMT1L,floralwhite
DMAP1,floralwhite
DNHD1,floralwhite
DNTTIP2,floralwhite
DOT1L,floralwhite
DUOX2,floralwhite
DUSP19,floralwhite
E2F6,floralwhite
ECHDC1,floralwhite
EFNB2,floralwhite
EMP2,floralwhite
ERBB2IP,floralwhite
ERCC3,floralwhite
ETV5,floralwhite
F2R,floralwhite
FAH,floralwhite
FAM128A,floralwhite
FAM76B,floralwhite
FAM82A1,floralwhite
FANCL,floralwhite
FERMT1,floralwhite
FKRP,floralwhite
FLJ36031,floralwhite
FOXJ2,floralwhite
FUT4,floralwhite
GIPC2,floralwhite
GMFG,floralwhite
GPR133,floralwhite
GPR26,floralwhite
GUF1,floralwhite
HABP4,floralwhite
HCN2,floralwhite
HIST1H4A,floralwhite
HNRPLL,floralwhite
HOXD1,floralwhite
IDH3A,floralwhite
INADL,floralwhite
IPO11,floralwhite
IQGAP1,floralwhite
ITLN2,floralwhite
JAG2,floralwhite
JAGN1,floralwhite
JUP,floralwhite
KIAA0913,floralwhite
KIF1B,floralwhite
KLF12,floralwhite
KLF13,floralwhite
KY,floralwhite
LENG8,floralwhite
LHFP,floralwhite
LHX8,floralwhite
LOC100302401,floralwhite
LOC349114,floralwhite
LONRF1,floralwhite
LRP11,floralwhite
LRPPRC,floralwhite
LRRC8D,floralwhite
LSS,floralwhite
M6PR,floralwhite
MAFK,floralwhite
MAN1A1,floralwhite
MAPT,floralwhite
MATK,floralwhite
MED1,floralwhite
MEGF6,floralwhite
MEIS2,floralwhite
METAP2,floralwhite
MEX3D,floralwhite
MGAT3,floralwhite
MGMT,floralwhite
MIDN,floralwhite
MIR564,floralwhite
MKI67IP,floralwhite
MMP2,floralwhite
MRPL14,floralwhite
MRPL30,floralwhite
MRPL33,floralwhite
MTDH,floralwhite
MTFMT,floralwhite
MTIF3,floralwhite
MUS81,floralwhite
MYH10,floralwhite
MYO1D,floralwhite
MYO3A,floralwhite
MYPOP,floralwhite
NAMPT,floralwhite
NDUFV3,floralwhite
NEDD4,floralwhite
NEUROG3,floralwhite
NFIL3,floralwhite
NHSL1,floralwhite
NKX6-2,floralwhite
NMD3,floralwhite
NME7,floralwhite
NR2F1,floralwhite
NSUN3,floralwhite
NUMB,floralwhite
OSBPL6,floralwhite
OSBPL8,floralwhite
PAWR,floralwhite
PAX7,floralwhite
PHF10,floralwhite
PHOSPHO1,floralwhite
PIK3CA,floralwhite
PITRM1,floralwhite
PLCB3,floralwhite
PLEKHH1,floralwhite
PLS1,floralwhite
PNRC1,floralwhite
POP1,floralwhite
PPAPDC1B,floralwhite
PPFIA2,floralwhite
PPM1K,floralwhite
PPP1R3E,floralwhite
PRDM1,floralwhite
PRDM2,floralwhite
PRICKLE2,floralwhite
PRR24,floralwhite
PSME2,floralwhite
PYGO1,floralwhite
R3HDM1,floralwhite
RAB5B,floralwhite
RAD52,floralwhite
RAPGEF2,floralwhite
RCAN3,floralwhite
RERE,floralwhite
RHBDD1,floralwhite
RNF2,floralwhite
RPAP1,floralwhite
RPL23,floralwhite
RPP38,floralwhite
RPTOR,floralwhite
SCARNA2,floralwhite
SCNN1B,floralwhite
SCPEP1,floralwhite
SEC22B,floralwhite
SENP1,floralwhite
SERTAD3,floralwhite
SETDB2,floralwhite
SGCB,floralwhite
SH3BGR,floralwhite
SHC2,floralwhite
SHOC2,floralwhite
SLC35B3,floralwhite
SLC4A4,floralwhite
SLC7A2,floralwhite
SLC7A6,floralwhite
SLC8A3,floralwhite
SOCS5,floralwhite
SOD1,floralwhite
SPATA5L1,floralwhite
SPTBN1,floralwhite
SRRM3,floralwhite
SSTR2,floralwhite
STARD13,floralwhite
STAT2,floralwhite
STON2,floralwhite
STXBP3,floralwhite
SYT1,floralwhite
TAX1BP1,floralwhite
TERF2,floralwhite
TEX261,floralwhite
TGOLN2,floralwhite
THAP1,floralwhite
TK2,floralwhite
TMEM107,floralwhite
TMEM150C,floralwhite
TMEM60,floralwhite
TMX2,floralwhite
TNS3,floralwhite
TOP2B,floralwhite
TPR,floralwhite
TPST1,floralwhite
TPX2,floralwhite
TRAPPC1,floralwhite
TRIM41,floralwhite
TSPAN19,floralwhite
TUBGCP5,floralwhite
TXNDC9,floralwhite
TYMP,floralwhite
UBFD1,floralwhite
USP4,floralwhite
UTP23,floralwhite
VENTX,floralwhite
VPS13A,floralwhite
VRK1,floralwhite
WDR16,floralwhite
WDR27,floralwhite
WDR3,floralwhite
WDR54,floralwhite
XRCC4,floralwhite
ZBTB2,floralwhite
ZC3H13,floralwhite
ZC3H18,floralwhite
ZFP36,floralwhite
ZIC5,floralwhite
ZNF227,floralwhite
ZNF256,floralwhite
ZNF285A,floralwhite
ZNF575,floralwhite
ZNF610,floralwhite
ZNF771,floralwhite
ZNF793,floralwhite
ZZZ3,floralwhite
A2BP1,green
ABCC4,green
ABCD3,green
ABCF3,green
ABCG8,green
ACACA,green
ACACB,green
ACAP2,green
ACBD5,green
ACCN4,green
ACD,green
ACOX3,green
ACVR1,green
ADAL,green
ADAM17,green
ADAM29,green
ADARB2,green
ADCY3,green
ADCYAP1R1,green
ADHFE1,green
AFAP1,green
AGAP2,green
AGPAT5,green
AIFM3,green
ALG3,green
ALPPL2,green
AMN1,green
AMOTL1,green
AMTN,green
ANK1,green
ANKMY1,green
ANKRD11,green
ANKRD28,green
ANKRD30A,green
ANKRD35,green
ANPEP,green
APCDD1,green
APH1A,green
ARHGAP12,green
ARHGAP18,green
ARHGAP22,green
ARID1B,green
ARID5B,green
ARNT2,green
ARPM1,green
ARSK,green
ASAP2,green
ASB7,green
ATF2,green
ATF6,green
ATG5,green
ATL3,green
ATN1,green
ATP11A,green
AZIN1,green
B4GALNT3,green
BANF1,green
BCAS3,green
BCKDHA,green
BCL6,green
BDNF,green
BLZF1,green
BRD2,green
BRIP1,green
BRSK1,green
BUB3,green
C10ORF107,green
C10ORF11,green
C10ORF118,green
C10ORF140,green
C10ORF18,green
C10ORF25,green
C10ORF26,green
C10ORF32,green
C10ORF4,green
C10ORF53,green
C10ORF67,green
C10ORF93,green
C11ORF57,green
C11ORF91,green
C12ORF42,green
C12ORF57,green
C13ORF23,green
C14ORF106,green
C14ORF115,green
C14ORF28,green
C17ORF48,green
C17ORF49,green
C18ORF45,green
C19ORF48,green
C19ORF60,green
C19ORF66,green
C1ORF156,green
C1QTNF2,green
C20ORF111,green
C20ORF194,green
C22ORF27,green
C2ORF88,green
C3ORF17,green
C4ORF32,green
C4ORF43,green
C6ORF136,green
C6ORF142,green
C6ORF164,green
C6ORF167,green
C6ORF170,green
C6ORF211,green
C6ORF217,green
C6ORF48,green
C6ORF64,green
C7ORF25,green
C9ORF130,green
C9ORF75,green
CA5A,green
CACNA2D2,green
CADM2,green
CALCB,green
CANX,green
CASP8AP2,green
CBFB,green
CBR1,green
CCDC102B,green
CCDC109A,green
CCDC51,green
CCDC57,green
CCDC77,green
CCNH,green
CCNJ,green
CCNY,green
CCR2,green
CD2BP2,green
CD59,green
CDC25C,green
CDC42SE2,green
CDC6,green
CDK4,green
CDV3,green
CEBPA,green
CENPC1,green
CENPV,green
CES4,green
CFTR,green
CHD1L,green
CHD6,green
CHMP2A,green
CHRNA5,green
CHST11,green
CIRBP,green
CKAP4,green
CLASP1,green
CLIC6,green
CLK1,green
CLP1,green
CLPTM1,green
CLPTM1L,green
CLTB,green
CMTM3,green
CMTM8,green
CNOT3,green
CNTN1,green
CNTNAP1,green
COBL,green
COL11A2,green
COL4A3BP,green
COL5A2,green
COMMD2,green
COPS6,green
CORO6,green
COX7A2L,green
CPE,green
CREB3L2,green
CRLF1,green
CSGALNACT1,green
CSPG5,green
CSTF3,green
CTDSP2,green
CTNNA2,green
CTNNA3,green
CTNND2,green
CUX2,green
CUZD1,green
CWC22,green
CXCL10,green
CYB5A,green
CYB5R3,green
CYBA,green
CYP11A1,green
CYP2J2,green
CYP4F22,green
CYP51A1,green
CYTH3,green
DAAM2,green
DAD1,green
DAXX,green
DBN1,green
DBNDD1,green
DCAF11,green
DCUN1D4,green
DDHD2,green
DDX46,green
DDX6,green
DEK,green
DENND4A,green
DGCR2,green
DGCR5,green
DGKH,green
DHRS7B,green
DIP2B,green
DIP2C,green
DIS3L,green
DLC1,green
DLG2,green
DLX1,green
DLX2,green
DNAH6,green
DNAJC17,green
DNAJC28,green
DNAJC9,green
DNMT3A,green
DOHH,green
DOK4,green
DOPEY1,green
DOT1L,green
DPH1,green
DPP8,green
DR1,green
DST,green
DUT,green
DVL2,green
DVWA,green
DYNC1I1,green
DYRK1A,green
E2F2,green
E4F1,green
EBAG9,green
ECHDC1,green
ECSIT,green
EDNRB,green
EEF1D,green
EFCAB10,green
EFEMP1,green
EFNB2,green
EFR3B,green
EIF4G1,green
EIF4G3,green
ELAVL3,green
ELOVL6,green
EMID2,green
EML4,green
EN1,green
ENTPD2,green
ENY2,green
EPHB3,green
ERAP2,green
ERBB2IP,green
ERBB4,green
ERICH1,green
ESYT2,green
ETNK1,green
ETS2,green
EVC,green
EVX1,green
EXD3,green
EXOSC5,green
EYA4,green
FAM101B,green
FAM120AOS,green
FAM178A,green
FAM188A,green
FAM53B,green
FAM5B,green
FAM60A,green
FANCL,green
FAT1,green
FBXL18,green
FBXL4,green
FBXO8,green
FBXW2,green
FEN1,green
FGF12,green
FGF9,green
FGFRL1,green
FGL1,green
FHAD1,green
FLJ31306,green
FLJ39582,green
FLJ43390,green
FLT3LG,green
FN3KRP,green
FNIP1,green
FOXN3,green
FOXO3,green
FOXRED2,green
FRAT1,green
FRMD4A,green
FRS2,green
FRY,green
FUT11,green
FXC1,green
FXYD6,green
FYN,green
FZD1,green
FZD6,green
GABRA5,green
GABRG3,green
GALNT7,green
GALNTL4,green
GAP43,green
GART,green
GBAS,green
GCDH,green
GDF6,green
GDPD4,green
GFPT1,green
GFPT2,green
GFRA1,green
GLRX2,green
GMDS,green
GNAL,green
GNB2L1,green
GNG12,green
GNL1,green
GNPDA2,green
GNPNAT1,green
GNS,green
GOLM1,green
GORASP2,green
GOT2,green
GPC6,green
GPR107,green
GPR120,green
GPR135,green
GPR3,green
GPR37,green
GPT2,green
GPX1,green
GRIK5,green
GSDMB,green
GSR,green
GTPBP8,green
GUCA1A,green
GYG1,green
HCCA2,green
HCG27,green
HDC,green
HDGF,green
HEATR1,green
HERC4,green
HES1,green
HES5,green
HEY1,green
HEY2,green
HIBADH,green
HIC1,green
HIGD1A,green
HIST1H1D,green
HIST1H2AC,green
HIST1H3E,green
HIVEP2,green
HLA-DPB2,green
HLA-DQB2,green
HLA-DRA,green
HLA-L,green
HLTF,green
HMBOX1,green
HMGB1,green
HMGCS2,green
HMMR,green
HNRNPK,green
HNRNPU,green
HNRNPUL2,green
HNRPA1L-2,green
HOXA11AS,green
HOXA2,green
HOXA5,green
HOXB3,green
HOXD3,green
HS2ST1,green
HS6ST3,green
HSPA1B,green
HSPC159,green
HSPD1,green
ICOSLG,green
IDUA,green
IER5L,green
IFIT1,green
IFLTD1,green
IFT74,green
IGFBP4,green
IGSF22,green
IKZF2,green
INPP5A,green
INPP5E,green
INTS12,green
INTS7,green
INTU,green
IRF2,green
IRF2BP2,green
IRX2,green
ISOC2,green
ISPD,green
ITGA5,green
ITGB1,green
ITGB4,green
ITSN2,green
JAGN1,green
JMJD1C,green
KANK3,green
KAZALD1,green
KCNC3,green
KCNH8,green
KCNK1,green
KCNQ1,green
KCTD21,green
KHDRBS3,green
KIAA0232,green
KIAA0495,green
KIAA0748,green
KIAA0947,green
KIAA1407,green
KIAA1967,green
KIF21B,green
KIN,green
KL,green
KLF12,green
KLHDC10,green
KLHL17,green
KLHL28,green
KLHL3,green
KPNA1,green
KRT86,green
KRTCAP2,green
LAMA1,green
LAMB1,green
LAMC1,green
LANCL1,green
LARS2,green
LBX1,green
LCA5L,green
LDLRAD2,green
LEAP2,green
LETM2,green
LHX1,green
LHX2,green
LHX3,green
LIG1,green
LIMK2,green
LIN7A,green
LMBRD1,green
LMNA,green
LMO3,green
LMTK2,green
LMTK3,green
LOC100130093,green
LOC100189589,green
LOC100302401,green
LOC100306951,green
LOC154822,green
LOC283392,green
LOC285740,green
LOC285830,green
LOC389791,green
LOC400027,green
LOC494141,green
LOC729020,green
LOC81691,green
LRRC61,green
LRRC8C,green
LRSAM1,green
LSM14B,green
LSR,green
LYRM1,green
LZTR1,green
MAD1L1,green
MAGI3,green
MAP3K13,green
MAP4K1,green
MAPK7,green
MAPK8IP1,green
MAPK8IP2,green
MARCKS,green
MBNL2,green
MCCC1,green
MCF2L2,green
MCOLN2,green
MCRS1,green
MECOM,green
MED13L,green
MEF2A,green
MEF2C,green
MESDC1,green
METTL1,green
MEX3B,green
MFSD2A,green
MGA,green
MGC2889,green
MGRN1,green
MIER1,green
MIR602,green
MIR613,green
MKS1,green
MLF1IP,green
MND1,green
MNS1,green
MOBKL2B,green
MON1A,green
MON1B,green
MORN1,green
MPZL1,green
MRE11A,green
MRI1,green
MRPL24,green
MRPL46,green
MRPS17,green
MRVI1,green
MSH5,green
MT3,green
MTA2,green
MTERFD3,green
MTHFD1L,green
MTMR11,green
MTMR14,green
MTMR2,green
MTMR4,green
MTRF1,green
MUC16,green
MUDENG,green
MYC,green
MYCBP,green
MYH14,green
MYOCD,green
MYPOP,green
NAMPT,green
NARFL,green
NASP,green
NAT2,green
NBEA,green
NCKAP5,green
NCRNA00173,green
NDRG4,green
NDUFA13,green
NDUFS4,green
NEK8,green
NELL2,green
NEU1,green
NEXN,green
NFE2L3,green
NFIA,green
NFIC,green
NFIX,green
NFKBIL2,green
NIF3L1,green
NIPSNAP3A,green
NISCH,green
NKAIN2,green
NKX2-3,green
NKX6-1,green
NKX6-2,green
NMS,green
NOS1AP,green
NOTCH4,green
NOVA1,green
NPHP3,green
NPM3,green
NPY,green
NPY2R,green
NR2E1,green
NR3C1,green
NSA2,green
NSMAF,green
NTF3,green
NTNG1,green
NUDCD3,green
NUP205,green
NXT1,green
OCA2,green
ODZ3,green
OPA3,green
OR2G3,green
OSM,green
OTX2,green
PACS2,green
PAFAH1B2,green
PAFAH1B3,green
PALLD,green
PANK3,green
PAPOLB,green
PAPSS1,green
PAQR4,green
PARD3B,green
PARK7,green
PBX1,green
PBX2,green
PCBD1,green
PCDHA2,green
PCDHB6,green
PCOLCE2,green
PDCD2L,green
PDE11A,green
PDE4D,green
PDE4DIP,green
PDE8B,green
PELI3,green
PEX19,green
PFKL,green
PHACTR2,green
PHB2,green
PHF21A,green
PHOX2A,green
PHYHIPL,green
PI4K2B,green
PIGP,green
PKP4,green
PL-5283,green
PLAC9,green
PLCB3,green
PLCG1,green
PLCXD3,green
PLEC1,green
PLEKHA6,green
PLEKHH3,green
PLIN1,green
PLOD2,green
PLRG1,green
PML,green
PMM1,green
POLB,green
POLD2,green
POLM,green
POLR1A,green
POLR2K,green
POLR3E,green
POMGNT1,green
PPA2,green
PPCDC,green
PPFIA1,green
PPFIA2,green
PPIL4,green
PPM1G,green
PPP1CA,green
PPP1R10,green
PPP1R9A,green
PPP2R5A,green
PPP2R5E,green
PRLR,green
PRPSAP1,green
PRR11,green
PRR16,green
PRR3,green
PRSS23,green
PSMA7,green
PSMB3,green
PSMB8,green
PSMD5,green
PSME4,green
PSMF1,green
PSORS1C1,green
PTBP1,green
PTP4A1,green
PTPRN2,green
PTPRR,green
PUM1,green
PUM2,green
PVRL3,green
PXDN,green
PYROXD1,green
QSER1,green
RAB28,green
RAB36,green
RAB37,green
RABGGTA,green
RAD1,green
RAD21L1,green
RAD51L1,green
RALYL,green
RAP2B,green
RAPGEFL1,green
RASA1,green
RASGEF1A,green
RASSF1,green
RBBP5,green
RBM11,green
RBM12B,green
RBM22,green
RBM43,green
RBM47,green
RBM6,green
RBP4,green
RBX1,green
RCBTB1,green
REM2,green
REPIN1,green
RFC4,green
RFTN2,green
RFX4,green
RGS6,green
RHOBTB1,green
RIOK2,green
RIPK4,green
RLTPR,green
RMRP,green
RNF126P1,green
RNF13,green
RNF220,green
RNPS1,green
ROBO2,green
ROCK2,green
RPAIN,green
RPL18,green
RPL19,green
RPP30,green
RPS23,green
RPS6KA2,green
RPS6KA5,green
RPS6KC1,green
RPSAP52,green
RPTOR,green
RSRC1,green
RTN3,green
RWDD2B,green
RWDD3,green
SASH1,green
SCAMP1,green
SCARNA17,green
SCGB3A1,green
SCN4A,green
SCYL3,green
SDCCAG10,green
SDHD,green
SEC31B,green
SEC61A1,green
SEC61G,green
SECISBP2,green
SEMA6C,green
SEP-03,green
SEP-08,green
SERGEF,green
SERHL,green
SERPINA12,green
SETD3,green
SETD7,green
SFRS2IP,green
SFRS6,green
SGCB,green
SGOL1,green
SH2D5,green
SH3BP4,green
SHBG,green
SIKE1,green
SIPA1,green
SIRT4,green
SIRT5,green
SKAP2,green
SKI,green
SKIL,green
SLC12A7,green
SLC13A5,green
SLC18A2,green
SLC25A13,green
SLC25A26,green
SLC25A33,green
SLC25A39,green
SLC25A44,green
SLC26A10,green
SLC2A5,green
SLC35E1,green
SLC35F2,green
SLC39A10,green
SLC39A14,green
SLC44A2,green
SLC4A1AP,green
SLC9A9,green
SLIT1,green
SLITRK1,green
SMAD6,green
SMARCAL1,green
SMARCD3,green
SMOC2,green
SMUG1,green
SMYD3,green
SMYD5,green
SNCAIP,green
SND1,green
SNHG4,green
SNORA76,green
SNRPD1,green
SOBP,green
SORBS2,green
SOX17,green
SPHKAP,green
SPIB,green
SPIN1,green
SPINK1,green
SPON1,green
SPPL2B,green
SPRED3,green
SPSB3,green
SQSTM1,green
SRBD1,green
SS18,green
SSTR2,green
ST3GAL5,green
ST3GAL6,green
ST7L,green
STARD4,green
STAU1,green
STC1,green
STK33,green
STRN3,green
STX5,green
SUPT4H1,green
SUPT6H,green
SVEP1,green
SVIL,green
SYNJ2BP,green
TAP2,green
TBC1D2B,green
TBL1XR1,green
TBX15,green
TBX3,green
TCF12,green
TCTE1,green
TCTEX1D2,green
TET1,green
TFAP2D,green
TFCP2,green
TFIP11,green
TGFB1,green
TGFBR3,green
THTPA,green
TIGD1,green
TJAP1,green
TJP2,green
TK2,green
TLE4,green
TLR1,green
TMCC2,green
TMCO3,green
TMEM182,green
TMEM189-UBE2V1,green
TMEM232,green
TMEM33,green
TMEM49,green
TMEM56,green
TMEM9,green
TNFAIP8,green
TNIP1,green
TNPO1,green
TNRC6C,green
TOLLIP,green
TP63,green
TP73,green
TPRG1L,green
TRAF3IP2,green
TRAP1,green
TRIM2,green
TRIM26,green
TRIM27,green
TRIM9,green
TRPA1,green
TSC22D1,green
TSG101,green
TSGA13,green
TSNAX-DISC1,green
TSSC4,green
TTC12,green
TTLL6,green
TTPA,green
TXNDC15,green
TXNL4B,green
U2AF1L4,green
UBE2D2,green
UBE3C,green
UBLCP1,green
UBP1,green
UBR2,green
UEVLD,green
UIMC1,green
USP42,green
USP43,green
UST,green
UTRN,green
UXS1,green
VARS,green
VAT1L,green
VEGFB,green
VEPH1,green
VGLL3,green
VPS24,green
VPS33B,green
VPS37A,green
VPS52,green
VSTM2A,green
WASF3,green
WDR16,green
WDR18,green
WDR27,green
WDR41,green
WDR66,green
WDR75,green
WDR77,green
WDTC1,green
WEE1,green
WHSC1,green
WIPF3,green
WNT3A,green
WNT6,green
WRAP53,green
WWC2,green
XPO7,green
YIPF4,green
YPEL2,green
YTHDC2,green
ZBTB22,green
ZBTB26,green
ZBTB3,green
ZBTB9,green
ZFC3H1,green
ZFP1,green
ZFP36L2,green
ZKSCAN5,green
ZNF165,green
ZNF2,green
ZNF211,green
ZNF213,green
ZNF292,green
ZNF295,green
ZNF322A,green
ZNF347,green
ZNF385D,green
ZNF438,green
ZNF527,green
ZNF555,green
ZNF560,green
ZNF57,green
ZNF580,green
ZNF619,green
ZNF655,green
ZNF668,green
ZNF679,green
ZNF708,green
ZNF765,green
ZNF833,green
ZNF860,green
ZNF876P,green
ZNRD1,green
ZSWIM5,green
ABCE1,greenyellow
ABCF1,greenyellow
ABL1,greenyellow
ACAD9,greenyellow
ACBD3,greenyellow
ACHE,greenyellow
ACOT13,greenyellow
ACTG1,greenyellow
ADAMTS6,greenyellow
ADAR,greenyellow
ADARB2,greenyellow
ADAT2,greenyellow
ADAT3,greenyellow
ADH5,greenyellow
AEN,greenyellow
AGAP1,greenyellow
AGPAT1,greenyellow
AHSA1,greenyellow
AHSA2,greenyellow
AIMP1,greenyellow
AK2,greenyellow
AKAP7,greenyellow
ALDH1L1,greenyellow
ALG5,greenyellow
ALOXE3,greenyellow
ALS2,greenyellow
ALS2CR8,greenyellow
AMOTL1,greenyellow
AMPH,greenyellow
ANAPC7,greenyellow
ANKIB1,greenyellow
ANKRD11,greenyellow
ANKRD45,greenyellow
ANKRD46,greenyellow
ANKS1B,greenyellow
ANO1,greenyellow
ANO6,greenyellow
ANP32E,greenyellow
AP1S1,greenyellow
AP2B1,greenyellow
AP3M2,greenyellow
APEH,greenyellow
ARGLU1,greenyellow
ARHGEF12,greenyellow
ARID4B,greenyellow
ARL4A,greenyellow
ARL5B,greenyellow
ARL6IP6,greenyellow
ARL9,greenyellow
ARSK,greenyellow
ASCL2,greenyellow
ASNA1,greenyellow
ASTN1,greenyellow
ASTN2,greenyellow
ATAD3A,greenyellow
ATCAY,greenyellow
ATE1,greenyellow
ATF2,greenyellow
ATF6B,greenyellow
ATP10A,greenyellow
ATP12A,greenyellow
ATP1B3,greenyellow
ATP2C1,greenyellow
ATP6V0E1,greenyellow
AUTS2,greenyellow
B2M,greenyellow
B3GAT2,greenyellow
BAT2,greenyellow
BBC3,greenyellow
BCDIN3D,greenyellow
BCL6,greenyellow
BCLAF1,greenyellow
BCO2,greenyellow
BET1,greenyellow
BHLHE41,greenyellow
BIRC2,greenyellow
BIVM,greenyellow
BLCAP,greenyellow
BLVRA,greenyellow
BMPR1B,greenyellow
BOK,greenyellow
BPGM,greenyellow
BPNT1,greenyellow
BRD2,greenyellow
BRMS1L,greenyellow
BSN,greenyellow
BTBD10,greenyellow
BTBD11,greenyellow
BTBD9,greenyellow
BUB1,greenyellow
BZW2,greenyellow
C10ORF110,greenyellow
C10ORF137,greenyellow
C10ORF53,greenyellow
C10ORF71,greenyellow
C10ORF79,greenyellow
C10ORF84,greenyellow
C11ORF35,greenyellow
C11ORF80,greenyellow
C12ORF47,greenyellow
C14ORF119,greenyellow
C14ORF156,greenyellow
C16ORF53,greenyellow
C17ORF64,greenyellow
C17ORF89,greenyellow
C18ORF1,greenyellow
C18ORF34,greenyellow
C18ORF54,greenyellow
C19ORF29,greenyellow
C19ORF57,greenyellow
C19ORF62,greenyellow
C1ORF111,greenyellow
C1ORF115,greenyellow
C1ORF128,greenyellow
C1ORF159,greenyellow
C1ORF161,greenyellow
C1ORF163,greenyellow
C1ORF212,greenyellow
C1ORF61,greenyellow
C1ORF66,greenyellow
C1ORF74,greenyellow
C1ORF9,greenyellow
C20ORF29,greenyellow
C20ORF7,greenyellow
C2ORF7,greenyellow
C3ORF33,greenyellow
C3ORF39,greenyellow
C3ORF55,greenyellow
C3ORF64,greenyellow
C4ORF34,greenyellow
C4ORF41,greenyellow
C4ORF43,greenyellow
C5ORF41,greenyellow
C5ORF43,greenyellow
C5ORF51,greenyellow
C6ORF132,greenyellow
C6ORF174,greenyellow
C6ORF182,greenyellow
C6ORF52,greenyellow
C6ORF57,greenyellow
C7ORF50,greenyellow
C7ORF58,greenyellow
C8ORF12,greenyellow
C8ORF31,greenyellow
C9ORF150,greenyellow
C9ORF171,greenyellow
C9ORF25,greenyellow
CA7,greenyellow
CA8,greenyellow
CABIN1,greenyellow
CACNA1A,greenyellow
CACNA1G,greenyellow
CACNB2,greenyellow
CACNG2,greenyellow
CACNG8,greenyellow
CADM4,greenyellow
CALM2,greenyellow
CAMK2B,greenyellow
CAND1,greenyellow
CAPZA2,greenyellow
CARS,greenyellow
CBL,greenyellow
CBLB,greenyellow
CBY1,greenyellow
CC2D2A,greenyellow
CCDC112,greenyellow
CCDC117,greenyellow
CCDC125,greenyellow
CCDC132,greenyellow
CCDC136,greenyellow
CCDC34,greenyellow
CCDC61,greenyellow
CCM2,greenyellow
CCNT1,greenyellow
CCPG1,greenyellow
CCR6,greenyellow
CCT7,greenyellow
CD247,greenyellow
CD276,greenyellow
CD2AP,greenyellow
CD47,greenyellow
CD82,greenyellow
CDC20B,greenyellow
CDC7,greenyellow
CDH1,greenyellow
CDH10,greenyellow
CDH2,greenyellow
CDK4,greenyellow
CDKN1C,greenyellow
CDKN2C,greenyellow
CEP120,greenyellow
CEP152,greenyellow
CFL2,greenyellow
CHD6,greenyellow
CHD7,greenyellow
CHGA,greenyellow
CHMP4A,greenyellow
CHRM2,greenyellow
CHST12,greenyellow
CIT,greenyellow
CLASP2,greenyellow
CLDN3,greenyellow
CLK4,greenyellow
CLN6,greenyellow
CLOCK,greenyellow
CLYBL,greenyellow
CMBL,greenyellow
CMC1,greenyellow
CMTM6,greenyellow
CNR2,greenyellow
CNTN5,greenyellow
CNTNAP4,greenyellow
CNTNAP5,greenyellow
COG3,greenyellow
COL13A1,greenyellow
COL4A1,greenyellow
COL4A2,greenyellow
COL6A1,greenyellow
COPB2,greenyellow
CORO1A,greenyellow
CORO1C,greenyellow
COX18,greenyellow
COX6A1,greenyellow
CPNE1,greenyellow
CPOX,greenyellow
CREB1,greenyellow
CREG1,greenyellow
CRMP1,greenyellow
CS,greenyellow
CSDE1,greenyellow
CSGALNACT1,greenyellow
CTSO,greenyellow
CUL3,greenyellow
CUL7,greenyellow
CUTA,greenyellow
CUX1,greenyellow
CXCR6,greenyellow
CYB5R4,greenyellow
CYGB,greenyellow
CYP2J2,greenyellow
DAAM1,greenyellow
DAZAP1,greenyellow
DCHS2,greenyellow
DCLRE1B,greenyellow
DCTN4,greenyellow
DDHD2,greenyellow
DDOST,greenyellow
DDX39,greenyellow
DDX55,greenyellow
DDX59,greenyellow
DERL2,greenyellow
DGCR14,greenyellow
DGCR5,greenyellow
DHODH,greenyellow
DHX30,greenyellow
DHX34,greenyellow
DNMT3A,greenyellow
DNTTIP2,greenyellow
DPY19L3,greenyellow
DPYSL3,greenyellow
DR1,greenyellow
DSCC1,greenyellow
DSPP,greenyellow
DUSP16,greenyellow
DUSP26,greenyellow
DVL3,greenyellow
DYNC1I1,greenyellow
DYNLT1,greenyellow
EBAG9,greenyellow
EDEM2,greenyellow
EDN1,greenyellow
EEF1A2,greenyellow
EFCAB5,greenyellow
EFEMP2,greenyellow
EFHD2,greenyellow
EFNA3,greenyellow
EGFR,greenyellow
EHMT1,greenyellow
EHMT2,greenyellow
EI24,greenyellow
EIF1B,greenyellow
EIF2AK4,greenyellow
EIF3B,greenyellow
EIF3F,greenyellow
ELAC2,greenyellow
ELF2,greenyellow
ELOVL6,greenyellow
EMX1,greenyellow
ENTPD8,greenyellow
ERC1,greenyellow
ERCC8,greenyellow
ESYT3,greenyellow
ETV3,greenyellow
EVI5,greenyellow
EWSR1,greenyellow
FAIM,greenyellow
FAM103A1,greenyellow
FAM13B,greenyellow
FAM150A,greenyellow
FAM164C,greenyellow
FAM173B,greenyellow
FAM174A,greenyellow
FAM174B,greenyellow
FAM184A,greenyellow
FAM20B,greenyellow
FAM36A,greenyellow
FAM48A,greenyellow
FAM49A,greenyellow
FAM73B,greenyellow
FAM82B,greenyellow
FAM96A,greenyellow
FBXO4,greenyellow
FBXO46,greenyellow
FBXW8,greenyellow
FDXR,greenyellow
FER,greenyellow
FGF14,greenyellow
FGF22,greenyellow
FGF9,greenyellow
FHDC1,greenyellow
FHOD1,greenyellow
FILIP1,greenyellow
FKBP15,greenyellow
FLJ16779,greenyellow
FLJ22536,greenyellow
FLJ36031,greenyellow
FLJ45244,greenyellow
FLOT1,greenyellow
FMNL3,greenyellow
FOXN2,greenyellow
FST,greenyellow
FSTL5,greenyellow
FYN,greenyellow
FZD1,greenyellow
FZD3,greenyellow
FZD7,greenyellow
GABRA4,greenyellow
GABRB1,greenyellow
GADD45GIP1,greenyellow
GALK2,greenyellow
GALR1,greenyellow
GAS1,greenyellow
GAS2,greenyellow
GAS8,greenyellow
GCAT,greenyellow
GEM,greenyellow
GEMIN6,greenyellow
GFPT1,greenyellow
GIPC2,greenyellow
GJB6,greenyellow
GLB1L2,greenyellow
GLI3,greenyellow
GLRA1,greenyellow
GLRX,greenyellow
GLRX2,greenyellow
GMDS,greenyellow
GMPPB,greenyellow
GNB1,greenyellow
GNG4,greenyellow
GNL3,greenyellow
GOLGA2,greenyellow
GPI,greenyellow
GPR113,greenyellow
GPR120,greenyellow
GPR19,greenyellow
GPR27,greenyellow
GPR6,greenyellow
GPR85,greenyellow
GPRC5B,greenyellow
GPRC5C,greenyellow
GRIA4,greenyellow
GRIN2A,greenyellow
GRM1,greenyellow
GRPEL1,greenyellow
GTF2A1,greenyellow
HAP1,greenyellow
HAS2AS,greenyellow
HAUS8,greenyellow
HCFC2,greenyellow
HCN4,greenyellow
HES1,greenyellow
HEY2,greenyellow
HIST1H4A,greenyellow
HIST1H4C,greenyellow
HLA-DPA1,greenyellow
HLA-DPB1,greenyellow
HLA-DPB2,greenyellow
HMGN2,greenyellow
HMGN3,greenyellow
HMGXB4,greenyellow
HMHA1,greenyellow
HMMR,greenyellow
HNRNPA0,greenyellow
HNRNPA2B1,greenyellow
HNRNPUL1,greenyellow
HNRNPUL2,greenyellow
HOMER3,greenyellow
HOXA2,greenyellow
HOXA4,greenyellow
HOXB4,greenyellow
HOXC9,greenyellow
HPCAL1,greenyellow
HRK,greenyellow
HS6ST3,greenyellow
HSPC159,greenyellow
HYAL3,greenyellow
IDE,greenyellow
IDI1,greenyellow
IER5L,greenyellow
IFIT1L,greenyellow
IFT122,greenyellow
IGDCC3,greenyellow
IGSF22,greenyellow
IL17RE,greenyellow
IMMP2L,greenyellow
IMPDH1,greenyellow
INCA1,greenyellow
ING1,greenyellow
ING5,greenyellow
INO80,greenyellow
INO80C,greenyellow
INPP4B,greenyellow
INSR,greenyellow
IPO11,greenyellow
IPO4,greenyellow
IPO5,greenyellow
IRF2BP2,greenyellow
ITGA2,greenyellow
ITGA4,greenyellow
ITGA8,greenyellow
ITGB3BP,greenyellow
ITSN1,greenyellow
IVNS1ABP,greenyellow
IWS1,greenyellow
JAG1,greenyellow
JAK1,greenyellow
JAKMIP2,greenyellow
JRK,greenyellow
KAT2B,greenyellow
KATNB1,greenyellow
KAZALD1,greenyellow
KBTBD3,greenyellow
KCNA4,greenyellow
KCNG3,greenyellow
KCNJ2,greenyellow
KCNK13,greenyellow
KCNK2,greenyellow
KCNMA1,greenyellow
KCNMB2,greenyellow
KCTD1,greenyellow
KDM2B,greenyellow
KDR,greenyellow
KHDRBS3,greenyellow
KIAA0494,greenyellow
KIAA0528,greenyellow
KIAA0895,greenyellow
KIAA1024,greenyellow
KIAA1244,greenyellow
KIAA1370,greenyellow
KIAA1383,greenyellow
KIAA1522,greenyellow
KIAA1826,greenyellow
KIAA1841,greenyellow
KIAA2026,greenyellow
KIF13A,greenyellow
KIF27,greenyellow
KIRREL2,greenyellow
KLHL7,greenyellow
KLK3,greenyellow
KPNA1,greenyellow
KRAS,greenyellow
KRR1,greenyellow
L2HGDH,greenyellow
LATS1,greenyellow
LBR,greenyellow
LDLR,greenyellow
LDOC1L,greenyellow
LEMD2,greenyellow
LGI1,greenyellow
LGR5,greenyellow
LIAS,greenyellow
LIN7C,greenyellow
LIN9,greenyellow
LOC100128811,greenyellow
LOC100133612,greenyellow
LOC100289511,greenyellow
LOC143666,greenyellow
LOC145663,greenyellow
LOC150622,greenyellow
LOC285696,greenyellow
LOC285830,greenyellow
LOC401397,greenyellow
LOC645323,greenyellow
LOC647309,greenyellow
LPCAT4,greenyellow
LPIN3,greenyellow
LPL,greenyellow
LPPR5,greenyellow
LQK1,greenyellow
LRCH3,greenyellow
LRFN5,greenyellow
LRP1B,greenyellow
LRP2,greenyellow
LRRC23,greenyellow
LRRFIP2,greenyellow
LRTOMT,greenyellow
LSM10,greenyellow
MACROD1,greenyellow
MAD1L1,greenyellow
MAGEF1,greenyellow
MAGI2,greenyellow
MALAT1,greenyellow
MAML3,greenyellow
MAP2K6,greenyellow
MAP3K4,greenyellow
MAP4,greenyellow
MAPK14,greenyellow
MAPK7,greenyellow
MAST4,greenyellow
MB,greenyellow
MBLAC2,greenyellow
MBOAT7,greenyellow
MDM1,greenyellow
MECOM,greenyellow
MECR,greenyellow
MED12L,greenyellow
MED6,greenyellow
MEF2A,greenyellow
MEF2D,greenyellow
METTL13,greenyellow
MFSD2A,greenyellow
MFSD4,greenyellow
MIR760,greenyellow
MLH1,greenyellow
MMP19,greenyellow
MORN4,greenyellow
MPZL1,greenyellow
MRE11A,greenyellow
MRFAP1,greenyellow
MRPL17,greenyellow
MRPL39,greenyellow
MRPS18B,greenyellow
MRPS21,greenyellow
MRPS26,greenyellow
MS4A7,greenyellow
MSH3,greenyellow
MSI2,greenyellow
MTF1,greenyellow
MTNR1A,greenyellow
MTR,greenyellow
MUC2,greenyellow
MXD1,greenyellow
MXRA7,greenyellow
MYC,greenyellow
MYCBPAP,greenyellow
MYO18A,greenyellow
MYO7B,greenyellow
MYOF,greenyellow
NAALAD2,greenyellow
NAF1,greenyellow
NARG2,greenyellow
NARS2,greenyellow
NASP,greenyellow
NAT8L,greenyellow
NBPF3,greenyellow
NCAPG,greenyellow
NCRNA00169,greenyellow
NCRNA00171,greenyellow
NCRNA00173,greenyellow
NDUFA6,greenyellow
NDUFAF4,greenyellow
NDUFB3,greenyellow
NDUFS4,greenyellow
NEIL3,greenyellow
NEK11,greenyellow
NELL2,greenyellow
NEU1,greenyellow
NEURL,greenyellow
NEURL2,greenyellow
NFXL1,greenyellow
NGDN,greenyellow
NINJ2,greenyellow
NKX2-3,greenyellow
NME2,greenyellow
NMNAT2,greenyellow
NOLC1,greenyellow
NOP56,greenyellow
NOTCH3,greenyellow
NOVA1,greenyellow
NPAS4,greenyellow
NPBWR1,greenyellow
NPDC1,greenyellow
NPPC,greenyellow
NPY,greenyellow
NR1D1,greenyellow
NR2C1,greenyellow
NR3C1,greenyellow
NRD1,greenyellow
NRIP2,greenyellow
NSMAF,greenyellow
NT5DC2,greenyellow
NTHL1,greenyellow
NUCB1,greenyellow
NUDT12,greenyellow
NUDT16,greenyellow
OAZ1,greenyellow
OLFML2B,greenyellow
ONECUT3,greenyellow
OPA3,greenyellow
OR2L1P,greenyellow
OSBP,greenyellow
OTUD4,greenyellow
OXSR1,greenyellow
P4HA2,greenyellow
PAFAH1B3,greenyellow
PAFAH2,greenyellow
PAK2,greenyellow
PCDH10,greenyellow
PCDH17,greenyellow
PCDH20,greenyellow
PCDHGA1,greenyellow
PCDHGA4,greenyellow
PCDHGB5,greenyellow
PCGF2,greenyellow
PCSK1,greenyellow
PDE4DIP,greenyellow
PDP1,greenyellow
PDPN,greenyellow
PDRG1,greenyellow
PECR,greenyellow
PEX11G,greenyellow
PFDN1,greenyellow
PGAP2,greenyellow
PGBD4,greenyellow
PGPEP1,greenyellow
PHAX,greenyellow
PHF10,greenyellow
PHF19,greenyellow
PHGDH,greenyellow
PHLDA2,greenyellow
PHLPP1,greenyellow
PHOSPHO2,greenyellow
PHYH,greenyellow
PHYHIPL,greenyellow
PI4K2B,greenyellow
PI4KA,greenyellow
PIK3IP1,greenyellow
PIP4K2C,greenyellow
PITPNB,greenyellow
PLCD1,greenyellow
PLCXD3,greenyellow
PLEKHH2,greenyellow
PLK1S1,greenyellow
PLK2,greenyellow
PLLP,greenyellow
PLSCR1,greenyellow
PNPLA3,greenyellow
PNPLA6,greenyellow
POLR2E,greenyellow
POMT1,greenyellow
PPCDC,greenyellow
PPIL2,greenyellow
PPM1K,greenyellow
PPP1R11,greenyellow
PPP1R12C,greenyellow
PPP2CA,greenyellow
PPP2R5E,greenyellow
PPPDE1,greenyellow
PPRC1,greenyellow
PPT2,greenyellow
PREX2,greenyellow
PRIM1,greenyellow
PRIM2,greenyellow
PROX1,greenyellow
PRPF18,greenyellow
PRPS1L1,greenyellow
PRR15,greenyellow
PRR7,greenyellow
PRRX1,greenyellow
PRSS22,greenyellow
PSEN1,greenyellow
PSMB9,greenyellow
PSMD5,greenyellow
PTCD2,greenyellow
PTDSS2,greenyellow
PTEN,greenyellow
PTN,greenyellow
PTPN14,greenyellow
PTPN21,greenyellow
PTTG1,greenyellow
PVRL2,greenyellow
QARS,greenyellow
QRFPR,greenyellow
QSER1,greenyellow
RAB1B,greenyellow
RAB35,greenyellow
RAB3A,greenyellow
RAB4A,greenyellow
RABEP1,greenyellow
RABIF,greenyellow
RAD51L1,greenyellow
RANGAP1,greenyellow
RARB,greenyellow
RARS,greenyellow
RASGRP3,greenyellow
RASSF7,greenyellow
RASSF8,greenyellow
RB1,greenyellow
RBBP4,greenyellow
RBL2,greenyellow
RBM12B,greenyellow
RBM17,greenyellow
RBM22,greenyellow
RBM26,greenyellow
RBM4,greenyellow
RBPJ,greenyellow
RCHY1,greenyellow
RELL1,greenyellow
RFC3,greenyellow
RFWD2,greenyellow
RFWD3,greenyellow
RFX3,greenyellow
RG9MTD2,greenyellow
RGNEF,greenyellow
RILPL2,greenyellow
RIMS4,greenyellow
RIPPLY2,greenyellow
RNF11,greenyellow
RNF138,greenyellow
RNF19A,greenyellow
RNF19B,greenyellow
RNF213,greenyellow
RNF219,greenyellow
RNF6,greenyellow
RNH1,greenyellow
RP9,greenyellow
RPL13,greenyellow
RPL26L1,greenyellow
RPL32,greenyellow
RPL7,greenyellow
RPS10,greenyellow
RPS13,greenyellow
RPS14,greenyellow
RPS27,greenyellow
RPS27A,greenyellow
RPS6KA5,greenyellow
RPS6KC1,greenyellow
RPTOR,greenyellow
RRM2,greenyellow
RTCD1,greenyellow
RUNX2,greenyellow
SARDH,greenyellow
SCAMP1,greenyellow
SCAMP5,greenyellow
SCAP,greenyellow
SCN4B,greenyellow
SDC1,greenyellow
SDCCAG1,greenyellow
SDK1,greenyellow
SDR16C5,greenyellow
SEC23B,greenyellow
SEC31A,greenyellow
SEC61A1,greenyellow
SEC63,greenyellow
SEH1L,greenyellow
SEMA5A,greenyellow
SEMA5B,greenyellow
SESN1,greenyellow
SETD8,greenyellow
SF3B4,greenyellow
SFRS18,greenyellow
SFRS2IP,greenyellow
SFRS6,greenyellow
SFRS8,greenyellow
SFXN5,greenyellow
SH3BP4,greenyellow
SHC1,greenyellow
SHISA6,greenyellow
SHISA9,greenyellow
SIGIRR,greenyellow
SKA1,greenyellow
SLAIN1,greenyellow
SLC12A6,greenyellow
SLC1A2,greenyellow
SLC1A3,greenyellow
SLC1A4,greenyellow
SLC22A16,greenyellow
SLC22A18,greenyellow
SLC22A7,greenyellow
SLC25A12,greenyellow
SLC25A16,greenyellow
SLC25A23,greenyellow
SLC27A6,greenyellow
SLC30A3,greenyellow
SLC30A7,greenyellow
SLC31A2,greenyellow
SLC32A1,greenyellow
SLC35D1,greenyellow
SLC44A1,greenyellow
SLC45A4,greenyellow
SLC46A3,greenyellow
SLC4A2,greenyellow
SLC7A2,greenyellow
SLC8A1,greenyellow
SLC9A1,greenyellow
SLC9A10,greenyellow
SMARCA2,greenyellow
SMARCAD1,greenyellow
SMARCD3,greenyellow
SMYD1,greenyellow
SNCA,greenyellow
SNCAIP,greenyellow
SNORD42B,greenyellow
SNRNP200,greenyellow
SNRNP25,greenyellow
SNRNP40,greenyellow
SNX11,greenyellow
SNX27,greenyellow
SNX4,greenyellow
SON,greenyellow
SOX13,greenyellow
SOX4,greenyellow
SOX9,greenyellow
SPATA17,greenyellow
SPATA4,greenyellow
SPG20,greenyellow
SPINK5,greenyellow
SPR,greenyellow
SPRYD3,greenyellow
SPTB,greenyellow
SPTBN1,greenyellow
SPTBN4,greenyellow
SRM,greenyellow
ST3GAL2,greenyellow
STAM,greenyellow
STAM2,greenyellow
STARD9,greenyellow
STIM2,greenyellow
SUB1,greenyellow
SUMO1,greenyellow
SUV420H2,greenyellow
SYDE1,greenyellow
SYF2,greenyellow
SYNJ2,greenyellow
SYT5,greenyellow
SYT6,greenyellow
TAF5,greenyellow
TAF9,greenyellow
TAP2,greenyellow
TAPBP,greenyellow
TBC1D13,greenyellow
TBC1D14,greenyellow
TBC1D7,greenyellow
TBPL1,greenyellow
TBX2,greenyellow
TCF7L1,greenyellow
TCP1,greenyellow
TDRKH,greenyellow
TESK2,greenyellow
TET2,greenyellow
TEX2,greenyellow
TEX261,greenyellow
TFAP2D,greenyellow
TGDS,greenyellow
TGFB2,greenyellow
TGIF1,greenyellow
THAP8,greenyellow
TIMM22,greenyellow
TLE3,greenyellow
TM2D2,greenyellow
TM9SF2,greenyellow
TMC2,greenyellow
TMCO4,greenyellow
TMED10,greenyellow
TMEM14C,greenyellow
TMEM196,greenyellow
TMEM208,greenyellow
TMEM214,greenyellow
TMEM229B,greenyellow
TMEM25,greenyellow
TMEM41B,greenyellow
TMEM57,greenyellow
TMEM63C,greenyellow
TMEM65,greenyellow
TNIK,greenyellow
TNK2,greenyellow
TNRC4,greenyellow
TPI1,greenyellow
TPRA1,greenyellow
TRA2A,greenyellow
TRAM1L1,greenyellow
TRAPPC3,greenyellow
TRAPPC9,greenyellow
TRERF1,greenyellow
TRIM33,greenyellow
TRIM44,greenyellow
TRIM71,greenyellow
TSPAN12,greenyellow
TSPAN18,greenyellow
TSPAN19,greenyellow
TTC16,greenyellow
TTC27,greenyellow
TTC29,greenyellow
TTC7B,greenyellow
TTLL12,greenyellow
TUBB2B,greenyellow
TUFM,greenyellow
TXNDC11,greenyellow
UBAP2,greenyellow
UBE2D3,greenyellow
UBE2V1,greenyellow
UBE4A,greenyellow
UBFD1,greenyellow
UBXN2B,greenyellow
UQCRC2,greenyellow
URGCP,greenyellow
USF1,greenyellow
USF2,greenyellow
USP2,greenyellow
USP36,greenyellow
USP38,greenyellow
USP40,greenyellow
UTP20,greenyellow
VAPA,greenyellow
VAT1,greenyellow
VENTX,greenyellow
VEPH1,greenyellow
VPS37C,greenyellow
VPS52,greenyellow
VPS72,greenyellow
VRK3,greenyellow
VSTM2A,greenyellow
VTA1,greenyellow
VTRNA1-1,greenyellow
WAPAL,greenyellow
WASF2,greenyellow
WBSCR27,greenyellow
WDFY2,greenyellow
WDR20,greenyellow
WDR35,greenyellow
WDR51B,greenyellow
WDR60,greenyellow
WDR90,greenyellow
WNT3A,greenyellow
WRAP53,greenyellow
WRB,greenyellow
XPO6,greenyellow
YAP1,greenyellow
YARS2,greenyellow
YKT6,greenyellow
YME1L1,greenyellow
YTHDC1,greenyellow
ZBTB11,greenyellow
ZBTB2,greenyellow
ZBTB39,greenyellow
ZBTB9,greenyellow
ZC3H13,greenyellow
ZC3H3,greenyellow
ZC3H6,greenyellow
ZDHHC1,greenyellow
ZDHHC22,greenyellow
ZDHHC4,greenyellow
ZFAND3,greenyellow
ZFAND6,greenyellow
ZFAT,greenyellow
ZFP64,greenyellow
ZGPAT,greenyellow
ZHX2,greenyellow
ZMYM4,greenyellow
ZMYM6,greenyellow
ZNF213,greenyellow
ZNF221,greenyellow
ZNF229,greenyellow
ZNF3,greenyellow
ZNF30,greenyellow
ZNF317,greenyellow
ZNF33B,greenyellow
ZNF343,greenyellow
ZNF346,greenyellow
ZNF367,greenyellow
ZNF385D,greenyellow
ZNF428,greenyellow
ZNF445,greenyellow
ZNF501,greenyellow
ZNF507,greenyellow
ZNF518A,greenyellow
ZNF542,greenyellow
ZNF544,greenyellow
ZNF546,greenyellow
ZNF57,greenyellow
ZNF570,greenyellow
ZNF593,greenyellow
ZNF671,greenyellow
ZNF687,greenyellow
ZNF695,greenyellow
ZNF7,greenyellow
ZNF721,greenyellow
ZNF764,greenyellow
ZNF768,greenyellow
ZNF846,greenyellow
ZSCAN22,greenyellow
ZSWIM6,greenyellow
ZUFSP,greenyellow
ZZEF1,greenyellow
A2BP1,grey60
ABI1,grey60
ACBD5,grey60
ACLY,grey60
ACTL9,grey60
ACTR3B,grey60
ADAM15,grey60
ADAM23,grey60
ADAMTS13,grey60
ADAMTS14,grey60
ADAMTS17,grey60
ADAMTS2,grey60
ADAMTSL1,grey60
ADARB2,grey60
ADK,grey60
ADNP,grey60
ADNP2,grey60
ADPGK,grey60
AGAP2,grey60
AGRN,grey60
AIM1,grey60
AIRE,grey60
AKAP13,grey60
AKAP5,grey60
AKIRIN2,grey60
ALS2CR12,grey60
ALX1,grey60
ANGPTL2,grey60
ANGPTL4,grey60
ANK1,grey60
ANKRD28,grey60
ANKRD34B,grey60
ANKS1A,grey60
ANO5,grey60
AP3M2,grey60
APBB2,grey60
API5,grey60
APOE,grey60
APOLD1,grey60
ARAP3,grey60
ARF1,grey60
ARFRP1,grey60
ARG2,grey60
ARHGAP12,grey60
ARHGAP22,grey60
ARHGEF10,grey60
ARHGEF11,grey60
ARIH1,grey60
ARL2BP,grey60
ARMC5,grey60
ARMC7,grey60
ARRDC4,grey60
ARSG,grey60
ASAP2,grey60
ASB4,grey60
ASCC1,grey60
ASF1B,grey60
ASNS,grey60
ASXL3,grey60
ATF3,grey60
ATF6B,grey60
ATG3,grey60
ATG4D,grey60
ATG5,grey60
ATM,grey60
ATP2A2,grey60
ATP2C1,grey60
ATP5SL,grey60
ATP6V1A,grey60
ATXN1,grey60
ATXN3,grey60
ATXN7,grey60
AUTS2,grey60
B3GALNT1,grey60
B4GALNT1,grey60
B4GALNT4,grey60
BAIAP2,grey60
BAT1,grey60
BBS7,grey60
BCKDHA,grey60
BCL11A,grey60
BCL9,grey60
BCO2,grey60
BDP1,grey60
BEND3,grey60
BHLHE22,grey60
BLZF1,grey60
BMPER,grey60
BOLL,grey60
BOP1,grey60
BRD2,grey60
BRE,grey60
BTBD11,grey60
BTBD3,grey60
BTF3,grey60
BZW2,grey60
C10ORF118,grey60
C10ORF76,grey60
C11ORF63,grey60
C13ORF23,grey60
C13ORF27,grey60
C13ORF34,grey60
C13ORF36,grey60
C14ORF179,grey60
C14ORF43,grey60
C14ORF73,grey60
C15ORF39,grey60
C15ORF41,grey60
C16ORF71,grey60
C16ORF80,grey60
C16ORF88,grey60
C17ORF28,grey60
C17ORF95,grey60
C18ORF25,grey60
C1ORF21,grey60
C1ORF58,grey60
C1ORF96,grey60
C20ORF12,grey60
C20ORF96,grey60
C21ORF66,grey60
C21ORF91,grey60
C2CD2,grey60
C2ORF29,grey60
C2ORF42,grey60
C2ORF72,grey60
C2ORF73,grey60
C3,grey60
C3ORF23,grey60
C3ORF62,grey60
C4ORF14,grey60
C4ORF48,grey60
C5ORF22,grey60
C5ORF30,grey60
C5ORF4,grey60
C6ORF10,grey60
C6ORF125,grey60
C6ORF134,grey60
C6ORF145,grey60
C6ORF174,grey60
C7ORF23,grey60
C7ORF38,grey60
C7ORF51,grey60
C7ORF52,grey60
C8ORF31,grey60
C8ORF41,grey60
C8ORF79,grey60
C9ORF167,grey60
C9ORF78,grey60
C9ORF89,grey60
CACNG8,grey60
CAMK2D,grey60
CAMK4,grey60
CAMTA2,grey60
CAPZB,grey60
CARM1,grey60
CASC5,grey60
CASP8AP2,grey60
CC2D2A,grey60
CCDC112,grey60
CCDC19,grey60
CCDC51,grey60
CCDC77,grey60
CCDC85A,grey60
CCDC88C,grey60
CCDC9,grey60
CCDC96,grey60
CCDC97,grey60
CCND1,grey60
CCND2,grey60
CCND3,grey60
CCR1,grey60
CD58,grey60
CD6,grey60
CDC42EP1,grey60
CDC7,grey60
CDCA8,grey60
CDH18,grey60
CDH9,grey60
CDKAL1,grey60
CDKL1,grey60
CDKL3,grey60
CDS1,grey60
CDX2,grey60
CECR5,grey60
CENPK,grey60
CEP350,grey60
CEP57,grey60
CEP63,grey60
CEP70,grey60
CFDP1,grey60
CFHR4,grey60
CHCHD5,grey60
CHCHD6,grey60
CHCHD7,grey60
CHL1,grey60
CHMP1B,grey60
CHPT1,grey60
CHST15,grey60
CHURC1,grey60
CLASP2,grey60
CLIP1,grey60
CLK1,grey60
CLN8,grey60
CLSTN2,grey60
CNOT10,grey60
CNTN1,grey60
COG7,grey60
COG8,grey60
COL17A1,grey60
COL18A1,grey60
COL4A1,grey60
COL4A3,grey60
COL7A1,grey60
COMMD1,grey60
COMMD10,grey60
COQ10B,grey60
COX17,grey60
COX6A1,grey60
CPA6,grey60
CPNE3,grey60
CPT1A,grey60
CREBBP,grey60
CSF1,grey60
CSMD2,grey60
CST11,grey60
CTBP2,grey60
CTDSP1,grey60
CTNND1,grey60
CTNND2,grey60
CTSA,grey60
CTSK,grey60
CTU1,grey60
CUGBP2,grey60
CUX1,grey60
CYP2D6,grey60
CYP4F22,grey60
DAB1,grey60
DBC1,grey60
DBT,grey60
DCAF11,grey60
DCBLD1,grey60
DCC,grey60
DDAH2,grey60
DDR1,grey60
DDX19B,grey60
DDX54,grey60
DFNB31,grey60
DGKQ,grey60
DHRS7,grey60
DIAPH1,grey60
DIAPH3,grey60
DIMT1L,grey60
DIO2,grey60
DIP2C,grey60
DLGAP1,grey60
DLGAP2,grey60
DLK1,grey60
DLX6AS,grey60
DMPK,grey60
DNAH7,grey60
DNAJB14,grey60
DNAJC11,grey60
DNM3,grey60
DOCK8,grey60
DPF1,grey60
DPYSL4,grey60
DRAM2,grey60
DSC2,grey60
DSCR3,grey60
DTX4,grey60
DUPD1,grey60
DUSP18,grey60
DUSP23,grey60
DYNLRB1,grey60
DYSF,grey60
EBF1,grey60
ECHS1,grey60
EEA1,grey60
EEF1A2,grey60
EFCAB5,grey60
EFNA2,grey60
EHMT2,grey60
EIF1,grey60
EIF2AK2,grey60
EIF4H,grey60
EIF5,grey60
ELMO1,grey60
ELOVL6,grey60
EML1,grey60
ENKUR,grey60
ENPP2,grey60
ENSA,grey60
EPB41L4A,grey60
EPHA5,grey60
EPHB2,grey60
EPRS,grey60
EPS15,grey60
EPSTI1,grey60
ERBB4,grey60
ERC1,grey60
ERC2,grey60
ESRRG,grey60
EXD3,grey60
EXOC2,grey60
EXOC6B,grey60
EXOG,grey60
EXOSC4,grey60
EXOSC9,grey60
EXT1,grey60
EYA2,grey60
FAM124A,grey60
FAM124B,grey60
FAM126A,grey60
FAM126B,grey60
FAM150B,grey60
FAM169A,grey60
FAM175A,grey60
FAM189A1,grey60
FAM190A,grey60
FAM20C,grey60
FAM38A,grey60
FAM54B,grey60
FAM60A,grey60
FAM63A,grey60
FAM64A,grey60
FAM82A2,grey60
FAR1,grey60
FARS2,grey60
FAT1,grey60
FBLN5,grey60
FBRSL1,grey60
FBXO3,grey60
FBXO44,grey60
FCHSD1,grey60
FCRLB,grey60
FER,grey60
FEZ1,grey60
FGD4,grey60
FGF12,grey60
FGFR2,grey60
FIBP,grey60
FKBP10,grey60
FKBP9,grey60
FLJ22536,grey60
FLOT1,grey60
FLVCR2,grey60
FLYWCH1,grey60
FMN1,grey60
FMO5,grey60
FNDC3A,grey60
FNTB,grey60
FOXK1,grey60
FOXN2,grey60
FRMD4A,grey60
FSCN2,grey60
FUT9,grey60
FYTTD1,grey60
GAA,grey60
GAB1,grey60
GABRA2,grey60
GADD45B,grey60
GAK,grey60
GALNT13,grey60
GALNT2,grey60
GAPDHS,grey60
GAS2,grey60
GATA6,grey60
GATM,grey60
GBP7,grey60
GCLC,grey60
GCNT2,grey60
GFOD1,grey60
GGA2,grey60
GIGYF2,grey60
GLIPR1L1,grey60
GLS,grey60
GMCL1,grey60
GMFB,grey60
GNG7,grey60
GNL1,grey60
GOLGA5,grey60
GOLGB1,grey60
GPBP1L1,grey60
GPR56,grey60
GPRC5C,grey60
GPSM1,grey60
GPSM3,grey60
GPX4,grey60
GRK5,grey60
GSC,grey60
GTDC1,grey60
GTF2F2,grey60
GTF3C6,grey60
GTSF1,grey60
HACL1,grey60
HAGH,grey60
HAPLN1,grey60
HCCA2,grey60
HDAC4,grey60
HDAC9,grey60
HES6,grey60
HHAT,grey60
HHIP,grey60
HIBCH,grey60
HIPK2,grey60
HIST1H1D,grey60
HIST1H2AC,grey60
HIST1H2BN,grey60
HIST1H3H,grey60
HIVEP1,grey60
HIVEP2,grey60
HK1,grey60
HLA-A,grey60
HLA-DMB,grey60
HLA-DOA,grey60
HLA-DRB1,grey60
HMBOX1,grey60
HMGA1,grey60
HOPX,grey60
HOXA11AS,grey60
HOXA2,grey60
HOXC13,grey60
HOXD1,grey60
HOXD9,grey60
HSD17B4,grey60
HSF4,grey60
HSP90AB1,grey60
HSPA1A,grey60
HVCN1,grey60
ICA1L,grey60
IDI1,grey60
IFI27L2,grey60
IFIH1,grey60
IGF1R,grey60
IGSF22,grey60
IL6ST,grey60
INA,grey60
INSIG2,grey60
INSM1,grey60
INTS6,grey60
IPO11,grey60
IQCC,grey60
IRS1,grey60
JAM3,grey60
KANK3,grey60
KAZALD1,grey60
KCNC2,grey60
KCNJ8,grey60
KCNK15,grey60
KCTD11,grey60
KCTD8,grey60
KDM1B,grey60
KDM4D,grey60
KIAA0319L,grey60
KIAA0922,grey60
KIAA1217,grey60
KIAA1755,grey60
KIF13B,grey60
KIF26B,grey60
KIF2B,grey60
KISS1R,grey60
KLC2,grey60
KLF5,grey60
KLHDC2,grey60
KPNB1,grey60
KRT2,grey60
KRT222,grey60
KRT3,grey60
KRT40,grey60
KTN1,grey60
L3MBTL3,grey60
LAMA2,grey60
LASS4,grey60
LECT1,grey60
LGI2,grey60
LGR5,grey60
LHFPL5,grey60
LIMA1,grey60
LINGO3,grey60
LMAN2L,grey60
LMX1B,grey60
LOC100129387,grey60
LOC100133315,grey60
LOC100134259,grey60
LOC100271715,grey60
LOC134466,grey60
LOC285375,grey60
LOC285550,grey60
LOC285830,grey60
LOC388428,grey60
LOC399815,grey60
LOC399959,grey60
LOC404266,grey60
LOC641518,grey60
LOC645323,grey60
LOC728392,grey60
LOC729156,grey60
LOH12CR1,grey60
LPCAT1,grey60
LPPR2,grey60
LRRC42,grey60
LRRC4B,grey60
LRRFIP1,grey60
LRRIQ3,grey60
LSAMP,grey60
LSM11,grey60
LSM7,grey60
LYPD1,grey60
LYPD5,grey60
LYPLA2,grey60
LYSMD2,grey60
LYST,grey60
MACROD2,grey60
MAD1L1,grey60
MAGEL2,grey60
MAGI1,grey60
MAGI2,grey60
MAGMAS,grey60
MAL2,grey60
MAML3,grey60
MANBA,grey60
MAP2K4,grey60
MAP3K7IP2,grey60
MAPK6,grey60
MAPK9,grey60
MAPKAPK3,grey60
MATN2,grey60
MCCC1,grey60
MCM4,grey60
MCRS1,grey60
MDH1,grey60
MED24,grey60
MED30,grey60
MEGF6,grey60
METTL7A,grey60
MFN2,grey60
MFSD2A,grey60
MGC87042,grey60
MIPEP,grey60
MIR596,grey60
MIR636,grey60
MKX,grey60
MLH1,grey60
MLKL,grey60
MMAA,grey60
MMD2,grey60
MOBKL2C,grey60
MOCS2,grey60
MORN4,grey60
MPP5,grey60
MRPL19,grey60
MRPL32,grey60
MRPL35,grey60
MRPS18A,grey60
MRPS23,grey60
MRPS30,grey60
MRS2,grey60
MSRB3,grey60
MTFR1,grey60
MTNR1B,grey60
MTRF1,grey60
MTUS1,grey60
MXI1,grey60
MYC,grey60
MYCBPAP,grey60
MYO10,grey60
MYOF,grey60
MYT1L,grey60
N4BP2,grey60
NAMPT,grey60
NAPRT1,grey60
NAV1,grey60
NAV3,grey60
NCK2,grey60
NCOA2,grey60
NCOA4,grey60
NCRNA00029,grey60
NCRNA00171,grey60
NDNL2,grey60
NDUFA5,grey60
NDUFB4,grey60
NDUFC2,grey60
NDUFS7,grey60
NDUFV3,grey60
NEK4,grey60
NEK9,grey60
NF1,grey60
NFE2L1,grey60
NFE2L2,grey60
NFIX,grey60
NHLRC2,grey60
NKAIN3,grey60
NKIRAS1,grey60
NKX6-2,grey60
NOM1,grey60
NOS1AP,grey60
NPY2R,grey60
NR1D2,grey60
NRP1,grey60
NRXN1,grey60
NSMAF,grey60
NT5DC1,grey60
NTNG1,grey60
NUDCD3,grey60
NUDT12,grey60
NUP214,grey60
NUP35,grey60
NXPH4,grey60
OAZ3,grey60
OBSCN,grey60
ODZ2,grey60
ODZ3,grey60
OGFR,grey60
OPA1,grey60
OR10AD1,grey60
OR10G8,grey60
OR9Q1,grey60
OSBPL3,grey60
OSBPL6,grey60
P4HA1,grey60
PAK6,grey60
PALB2,grey60
PALLD,grey60
PAN2,grey60
PANX1,grey60
PAPPA2,grey60
PARP9,grey60
PAX5,grey60
PAX6,grey60
PAX7,grey60
PCDHA2,grey60
PCDHGA4,grey60
PCSK1,grey60
PCSK9,grey60
PCYOX1,grey60
PCYOX1L,grey60
PDGFRA,grey60
PELP1,grey60
PER2,grey60
PEX7,grey60
PFDN6,grey60
PGBD4,grey60
PGM2,grey60
PGM3,grey60
PHLDA2,grey60
PICALM,grey60
PIF1,grey60
PIGP,grey60
PIGU,grey60
PIK3IP1,grey60
PIK3R1,grey60
PIP,grey60
PITPNM3,grey60
PITX2,grey60
PIWIL1,grey60
PLAT,grey60
PLEKHA4,grey60
PLXDC2,grey60
PMAIP1,grey60
PNLDC1,grey60
PNPT1,grey60
POLR2K,grey60
POLRMT,grey60
POU2F1,grey60
POU6F1,grey60
PPARD,grey60
PPFIA3,grey60
PPIE,grey60
PPM1F,grey60
PPOX,grey60
PPP1R12A,grey60
PPP2R3C,grey60
PPT2,grey60
PRCP,grey60
PRDM11,grey60
PRDM16,grey60
PREP,grey60
PRICKLE2,grey60
PRKACA,grey60
PRKAR2B,grey60
PRKCH,grey60
PRKD2,grey60
PRKRIR,grey60
PRMT10,grey60
PRPF18,grey60
PRPF19,grey60
PRR12,grey60
PRR25,grey60
PRRG2,grey60
PRSS21,grey60
PRSS22,grey60
PSD3,grey60
PSMA5,grey60
PSMB11,grey60
PSMB9,grey60
PSMD8,grey60
PTGER2,grey60
PTGR2,grey60
PTPN12,grey60
PTPN4,grey60
PUS1,grey60
PVRL3,grey60
PWP2,grey60
PXMP3,grey60
PYCR1,grey60
RAB10,grey60
RAB37,grey60
RAB3C,grey60
RAPGEF2,grey60
RAPGEF5,grey60
RASGEF1C,grey60
RASSF4,grey60
RASSF5,grey60
RASSF7,grey60
RBBP5,grey60
RBM20,grey60
RBM33,grey60
RCC2,grey60
REEP2,grey60
RELL1,grey60
REM2,grey60
RERE,grey60
REV3L,grey60
REXO1,grey60
RFC2,grey60
RGL1,grey60
RGMB,grey60
RGP1,grey60
RGS14,grey60
RGS17,grey60
RGS3,grey60
RICH2,grey60
RIF1,grey60
RNF103,grey60
RNF138,grey60
RNF146,grey60
RNF24,grey60
RNF39,grey60
RNH1,grey60
RNU5E,grey60
ROCK2,grey60
RORB,grey60
RPA2,grey60
RPAP2,grey60
RPH3AL,grey60
RPP30,grey60
RPP38,grey60
RPS3A,grey60
RPS6KA2,grey60
RPS6KB2,grey60
RPSAP58,grey60
RPTOR,grey60
RREB1,grey60
RRH,grey60
RSAD2,grey60
RSPH3,grey60
RSPO4,grey60
RTBDN,grey60
RTN3,grey60
RTN4RL1,grey60
RUFY1,grey60
RXRG,grey60
S100A9,grey60
S1PR5,grey60
SAMD4A,grey60
SAMM50,grey60
SBNO2,grey60
SCAI,grey60
SCAND3,grey60
SCARB2,grey60
SCARNA16,grey60
SCFD2,grey60
SCG5,grey60
SCML4,grey60
SCNN1B,grey60
SDCCAG10,grey60
SDCCAG8,grey60
SDR39U1,grey60
SEP-07,grey60
SERP1,grey60
SERPINE1,grey60
SESN1,grey60
SETD6,grey60
SETDB1,grey60
SFT2D2,grey60
SFTA2,grey60
SFXN2,grey60
SGEF,grey60
SGIP1,grey60
SGK1,grey60
SGK3,grey60
SGMS1,grey60
SGMS2,grey60
SH3RF2,grey60
SHF,grey60
SHKBP1,grey60
SIRT5,grey60
SIRT7,grey60
SIVA1,grey60
SKAP1,grey60
SKAP2,grey60
SLC16A10,grey60
SLC17A5,grey60
SLC1A2,grey60
SLC1A3,grey60
SLC22A23,grey60
SLC22A3,grey60
SLC25A18,grey60
SLC25A28,grey60
SLC2A13,grey60
SLC2A2,grey60
SLC30A6,grey60
SLC30A7,grey60
SLC35A1,grey60
SLC35B2,grey60
SLC35B3,grey60
SLC37A3,grey60
SLC38A9,grey60
SLC40A1,grey60
SLC46A2,grey60
SLC6A15,grey60
SLC8A2,grey60
SLC8A3,grey60
SLC9A3R1,grey60
SLCO1B3,grey60
SLFN5,grey60
SLIT3,grey60
SMARCA5,grey60
SMC5,grey60
SMUG1,grey60
SMURF1,grey60
SNAPC2,grey60
SNRNP27,grey60
SNRPE,grey60
SNRPN,grey60
SNTB1,grey60
SNX11,grey60
SNX13,grey60
SNX21,grey60
SOCS2,grey60
SOCS7,grey60
SORT1,grey60
SOST,grey60
SOX2OT,grey60
SP9,grey60
SPATA13,grey60
SPEN,grey60
SPRED2,grey60
SQSTM1,grey60
SR140,grey60
SRCIN1,grey60
SRGAP3,grey60
SSH2,grey60
ST6GALNAC3,grey60
STARD7,grey60
STAU2,grey60
STK32C,grey60
STMN2,grey60
STX2,grey60
STX6,grey60
STXBP2,grey60
SULT1A1,grey60
SUPT16H,grey60
SYNC,grey60
SYNGAP1,grey60
SYNJ2,grey60
SYNPO2L,grey60
SYNRG,grey60
SYT15,grey60
SYT9,grey60
TACC2,grey60
TAF10,grey60
TAPBP,grey60
TASP1,grey60
TATDN1,grey60
TATDN3,grey60
TBC1D17,grey60
TBCD,grey60
TBCEL,grey60
TBX18,grey60
TBXAS1,grey60
TCF12,grey60
TCN2,grey60
TDRD5,grey60
TEX14,grey60
THAP1,grey60
THEM4,grey60
TIA1,grey60
TIMP4,grey60
TKT,grey60
TLE2,grey60
TLE6,grey60
TLN2,grey60
TMCC2,grey60
TMED6,grey60
TMEM106C,grey60
TMEM109,grey60
TMEM143,grey60
TMEM181,grey60
TMEM184C,grey60
TMEM30A,grey60
TMEM98,grey60
TMIE,grey60
TMPRSS11F,grey60
TMTC2,grey60
TNFRSF19,grey60
TNPO2,grey60
TNRC6B,grey60
TOLLIP,grey60
TOM1L2,grey60
TOP2A,grey60
TP53INP2,grey60
TPP2,grey60
TRIAP1,grey60
TRIM2,grey60
TRIM27,grey60
TRIM31,grey60
TRIM36,grey60
TRIM37,grey60
TRIM39,grey60
TRIM71,grey60
TRMT11,grey60
TRMT2A,grey60
TRPS1,grey60
TSEN54,grey60
TSPAN10,grey60
TSPAN19,grey60
TSSK1B,grey60
TTBK1,grey60
TTBK2,grey60
TTC15,grey60
TTC9C,grey60
TTLL13,grey60
TTLL6,grey60
TTLL9,grey60
TUBA1C,grey60
TUBGCP6,grey60
TXNDC12,grey60
TYRO3,grey60
UBB,grey60
UBFD1,grey60
UBXN6,grey60
UGP2,grey60
ULBP2,grey60
UNC5D,grey60
USP13,grey60
USP3,grey60
USP42,grey60
USP8,grey60
VAX2,grey60
VGF,grey60
VIM,grey60
VPS41,grey60
VPS53,grey60
WARS,grey60
WBP11,grey60
WDFY1,grey60
WDFY3,grey60
WDR60,grey60
WDR8,grey60
WDR90,grey60
WDSUB1,grey60
WFDC1,grey60
WIPF1,grey60
WWOX,grey60
XKR9,grey60
XRN2,grey60
YIF1A,grey60
YIPF2,grey60
YIPF3,grey60
YPEL2,grey60
YTHDC1,grey60
ZBTB17,grey60
ZBTB20,grey60
ZBTB8B,grey60
ZC3H11A,grey60
ZC3H13,grey60
ZDHHC16,grey60
ZDHHC3,grey60
ZFP62,grey60
ZFP91,grey60
ZFPM1,grey60
ZMAT2,grey60
ZMAT3,grey60
ZMYM4,grey60
ZNF121,grey60
ZNF132,grey60
ZNF204P,grey60
ZNF224,grey60
ZNF235,grey60
ZNF257,grey60
ZNF282,grey60
ZNF333,grey60
ZNF34,grey60
ZNF385A,grey60
ZNF441,grey60
ZNF467,grey60
ZNF470,grey60
ZNF502,grey60
ZNF512,grey60
ZNF529,grey60
ZNF540,grey60
ZNF552,grey60
ZNF583,grey60
ZNF594,grey60
ZNF613,grey60
ZNF621,grey60
ZNF625,grey60
ZNF639,grey60
ZNF691,grey60
ZNF709,grey60
ZNF720,grey60
ZNF800,grey60
ZNF827,grey60
ZNF833,grey60
ZSCAN20,grey60
AACS,ivory
ABCD4,ivory
ABCG5,ivory
ABHD10,ivory
ABHD4,ivory
ACCN2,ivory
ACN9,ivory
ACTB,ivory
ACTN1,ivory
ACTR1A,ivory
ADAM17,ivory
ADAM22,ivory
ADAMTS15,ivory
ADAMTS6,ivory
ADAMTS9,ivory
ADARB1,ivory
ADARB2,ivory
ADCY9,ivory
ADO,ivory
AFF3,ivory
AGAP1,ivory
AGAP3,ivory
AGPAT3,ivory
AHCYL2,ivory
AHNAK,ivory
AKAP10,ivory
AKR1CL1,ivory
ALDH1B1,ivory
ALG5,ivory
ALG8,ivory
AMPH,ivory
ANK1,ivory
ANKFY1,ivory
ANKRD10,ivory
ANKRD16,ivory
ANKS1B,ivory
ANO8,ivory
AP4E1,ivory
APLP1,ivory
ARF6,ivory
ARFGAP3,ivory
ARHGAP10,ivory
ARHGAP12,ivory
ARHGEF12,ivory
ARID1B,ivory
ARIH2,ivory
ARRB1,ivory
ASB8,ivory
ASNSD1,ivory
ATCAY,ivory
ATP4B,ivory
ATP6V0C,ivory
ATP6V1C1,ivory
ATP6V1G1,ivory
ATP8A2,ivory
ATRIP,ivory
B3GNT3,ivory
B4GALNT2,ivory
BAHCC1,ivory
BAT4,ivory
BAZ2A,ivory
BCL2L11,ivory
BEND7,ivory
BMP3,ivory
BMP8B,ivory
BNC2,ivory
BNIP3,ivory
BRP44,ivory
BRP44L,ivory
BSCL2,ivory
BTBD9,ivory
C10ORF140,ivory
C10ORF35,ivory
C10ORF41,ivory
C11ORF57,ivory
C11ORF60,ivory
C14ORF135,ivory
C14ORF184,ivory
C17ORF105,ivory
C17ORF80,ivory
C17ORF81,ivory
C19ORF51,ivory
C19ORF56,ivory
C1ORF131,ivory
C1ORF213,ivory
C1ORF43,ivory
C1ORF59,ivory
C20ORF7,ivory
C20ORF79,ivory
C21ORF45,ivory
C22ORF23,ivory
C22ORF32,ivory
C2CD2L,ivory
C2ORF3,ivory
C2ORF49,ivory
C2ORF72,ivory
C2ORF90,ivory
C3ORF64,ivory
C4ORF43,ivory
C5ORF52,ivory
C6ORF115,ivory
C6ORF142,ivory
C6ORF162,ivory
C6ORF182,ivory
C6ORF203,ivory
C6ORF204,ivory
C7ORF28A,ivory
C7ORF59,ivory
C8ORF56,ivory
C9ORF68,ivory
C9ORF89,ivory
CA10,ivory
CAB39L,ivory
CACNB2,ivory
CACNB4,ivory
CADM2,ivory
CADM4,ivory
CAPN10,ivory
CAPZA1,ivory
CASZ1,ivory
CC2D2A,ivory
CCDC102B,ivory
CCDC130,ivory
CCDC140,ivory
CCDC28A,ivory
CCDC41,ivory
CCDC76,ivory
CCNB2,ivory
CCND2,ivory
CCNY,ivory
CD1D,ivory
CD200R1,ivory
CD72,ivory
CD81,ivory
CDC5L,ivory
CDK2AP2,ivory
CECR2,ivory
CELSR1,ivory
CENPE,ivory
CEP120,ivory
CEP57,ivory
CEP72,ivory
CETN3,ivory
CGRRF1,ivory
CHORDC1,ivory
CKAP4,ivory
CLASP2,ivory
CLDND1,ivory
CLN3,ivory
CLN5,ivory
CLTC,ivory
CLUL1,ivory
CMIP,ivory
COL11A2,ivory
COPS5,ivory
COPS8,ivory
COQ2,ivory
COX6A2,ivory
CPEB3,ivory
CPLX2,ivory
CPS1,ivory
CPT1C,ivory
CPXM2,ivory
CR2,ivory
CSNK1G2,ivory
CSNK2A1,ivory
CTBS,ivory
CUL1,ivory
CXXC5,ivory
CYB5A,ivory
CYP26A1,ivory
CYP2E1,ivory
CYP51A1,ivory
DAB1,ivory
DBNL,ivory
DCUN1D3,ivory
DDB2,ivory
DDX18,ivory
DDX42,ivory
DENND3,ivory
DENND4A,ivory
DIP2C,ivory
DIXDC1,ivory
DKFZP686O24166,ivory
DMRTA2,ivory
DNAJC6,ivory
DOCK5,ivory
DONSON,ivory
DPP6,ivory
DSCR3,ivory
DUS3L,ivory
DYNC1I1,ivory
EBF3,ivory
EDIL3,ivory
EFHC1,ivory
EGLN1,ivory
EHHADH,ivory
EIF4G3,ivory
EML5,ivory
EMP3,ivory
EPAS1,ivory
ETNK2,ivory
FAM116A,ivory
FAM129C,ivory
FAM160B1,ivory
FAM162A,ivory
FAM162B,ivory
FAM164A,ivory
FAM175A,ivory
FAM43A,ivory
FAM54A,ivory
FAM84A,ivory
FAM84B,ivory
FASTK,ivory
FAT4,ivory
FBXO15,ivory
FDXACB1,ivory
FEN1,ivory
FHAD1,ivory
FLJ32810,ivory
FLJ45244,ivory
FOXN3,ivory
FOXP1,ivory
FREQ,ivory
FRS3,ivory
GALK2,ivory
GCM1,ivory
GFRA3,ivory
GKN2,ivory
GLDC,ivory
GLG1,ivory
GLI1,ivory
GLS,ivory
GLS2,ivory
GNAS,ivory
GOLGA7B,ivory
GPN3,ivory
GPR1,ivory
GPR4,ivory
GRHL2,ivory
GRIA4,ivory
GRID2,ivory
GSC,ivory
GSTO2,ivory
GTF2A1L,ivory
GTF2E1,ivory
GTF2H4,ivory
GULP1,ivory
H2AFZ,ivory
HAS2AS,ivory
HAUS5,ivory
HBXIP,ivory
HDAC4,ivory
HDDC3,ivory
HEATR2,ivory
HELLS,ivory
HERC6,ivory
HEXIM1,ivory
HIBADH,ivory
HINT3,ivory
HIST1H3B,ivory
HIST1H4D,ivory
HLA-DPB2,ivory
HMBOX1,ivory
HMGA2,ivory
HMGN2,ivory
HNRNPA1,ivory
HNRPLL,ivory
HP1BP3,ivory
HPCA,ivory
HPGD,ivory
HRNBP3,ivory
HS3ST3A1,ivory
HSF2,ivory
HSPA5,ivory
HSPA7,ivory
HUS1,ivory
IDH3B,ivory
IDI1,ivory
IFT122,ivory
IL10,ivory
IMPG1,ivory
INPP5A,ivory
INPP5F,ivory
INTS12,ivory
IPO4,ivory
IQCG,ivory
IQCK,ivory
IRAK2,ivory
ISCU,ivory
ITGAE,ivory
JAKMIP3,ivory
JARID2,ivory
KCMF1,ivory
KCNH2,ivory
KCNIP2,ivory
KCNJ12,ivory
KCNK2,ivory
KCNMB4,ivory
KCTD3,ivory
KCTD5,ivory
KDM1A,ivory
KIAA0182,ivory
KIAA0528,ivory
KIAA1147,ivory
KIAA1310,ivory
KIAA1324L,ivory
KIAA1467,ivory
KIAA1826,ivory
KIAA1958,ivory
KLF15,ivory
KLF5,ivory
KLF9,ivory
KLHL14,ivory
KLHL24,ivory
KLHL7,ivory
KRT10,ivory
KSR2,ivory
L3MBTL3,ivory
LEPRE1,ivory
LEPREL2,ivory
LIAS,ivory
LMAN2L,ivory
LNP1,ivory
LOC100130522,ivory
LOC100268168,ivory
LOC115110,ivory
LOC256880,ivory
LOC285419,ivory
LOC285456,ivory
LOC285830,ivory
LOC286016,ivory
LOC399815,ivory
LOC400027,ivory
LOC645323,ivory
LOC731789,ivory
LONP2,ivory
LPAR3,ivory
LPHN2,ivory
LPP,ivory
LRRC16A,ivory
LRRC29,ivory
LRRC49,ivory
LRRCC1,ivory
LRRK1,ivory
LRRTM4,ivory
LSM11,ivory
LSM14A,ivory
MAGI2,ivory
MAN1A1,ivory
MAN1A2,ivory
MAT2B,ivory
MATN4,ivory
MBNL2,ivory
MCM5,ivory
MED12L,ivory
MED28,ivory
MEPCE,ivory
MEST,ivory
METT10D,ivory
METTL3,ivory
MEX3A,ivory
MFF,ivory
MFGE8,ivory
MGC16384,ivory
MGC72080,ivory
MGLL,ivory
MGRN1,ivory
MIAT,ivory
MIR938,ivory
MMP17,ivory
MORG1,ivory
MPHOSPH6,ivory
MPHOSPH8,ivory
MPV17,ivory
MPZL1,ivory
MR1,ivory
MRPL52,ivory
MSL2,ivory
MSMB,ivory
MTF2,ivory
MTMR4,ivory
MTMR9,ivory
MXRA7,ivory
MYADML2,ivory
MYH2,ivory
MYO9A,ivory
MYST2,ivory
MZF1,ivory
NADSYN1,ivory
NAV2,ivory
NBR1,ivory
NCK2,ivory
NCRNA00167,ivory
NCRNA00188,ivory
NDUFS5,ivory
NDUFS7,ivory
NEBL,ivory
NECAP2,ivory
NEK5,ivory
NEURL,ivory
NFIA,ivory
NHEG1,ivory
NHP2L1,ivory
NICN1,ivory
NID2,ivory
NKX1-2,ivory
NME1,ivory
NOC4L,ivory
NR1H3,ivory
NR5A2,ivory
NRG1,ivory
NUCB1,ivory
NUF2,ivory
NUFIP2,ivory
NUP98,ivory
OLIG3,ivory
OMA1,ivory
OPCML,ivory
OR6C68,ivory
ORAI2,ivory
P4HB,ivory
P4HTM,ivory
PARD6B,ivory
PARD6G,ivory
PASK,ivory
PCBP4,ivory
PCDHA7,ivory
PCDP1,ivory
PCSK2,ivory
PDCD10,ivory
PDCD2L,ivory
PDDC1,ivory
PDE4D,ivory
PDE4DIP,ivory
PDGFD,ivory
PDIA4,ivory
PDX1,ivory
PDZD7,ivory
PEPD,ivory
PEX13,ivory
PFKFB3,ivory
PGLS,ivory
PHF14,ivory
PHLDA1,ivory
PIAS1,ivory
PIGU,ivory
PIN1,ivory
PIP5K1C,ivory
PKHD1L1,ivory
PLA2G12A,ivory
PLXNA2,ivory
PMS2,ivory
PNPLA1,ivory
POLA2,ivory
POLQ,ivory
POU3F3,ivory
PPA2,ivory
PPIG,ivory
PPP1R11,ivory
PPP1R15A,ivory
PPP2CA,ivory
PPP2R5C,ivory
PPP4C,ivory
PRDM2,ivory
PRKAR1A,ivory
PRKRIR,ivory
PRNP,ivory
PRR20E,ivory
PRR3,ivory
PRRT1,ivory
PSMB7,ivory
PSMB8,ivory
PSMD7,ivory
PSORS1C1,ivory
PTEN,ivory
PTPN21,ivory
PTPRN2,ivory
PTPRO,ivory
PTTG1,ivory
PWWP2A,ivory
PYGL,ivory
QARS,ivory
QDPR,ivory
QPCTL,ivory
RAB11B,ivory
RAB1B,ivory
RAB22A,ivory
RAB27B,ivory
RAB28,ivory
RAB5B,ivory
RAB7L1,ivory
RAET1K,ivory
RAET1L,ivory
RAI14,ivory
RANBP3,ivory
RANGAP1,ivory
RAP2A,ivory
RASA3,ivory
RASSF1,ivory
RBCK1,ivory
RBM18,ivory
RBM4,ivory
RBMS2,ivory
RCC2,ivory
REXO1,ivory
RHOA,ivory
RND3,ivory
RNF111,ivory
RNF166,ivory
RNF5P1,ivory
RNFT1,ivory
RNPEPL1,ivory
RNU5E,ivory
ROGDI,ivory
RPL32P3,ivory
RPN1,ivory
RPRD2,ivory
RPS25,ivory
RPS6KA2,ivory
RPS6KL1,ivory
RREB1,ivory
RRP15,ivory
RSRC1,ivory
SARM1,ivory
SART3,ivory
SCARB2,ivory
SCCPDH,ivory
SCFD2,ivory
SDF2L1,ivory
SEC24A,ivory
SEC24C,ivory
SEMA6C,ivory
SEP-07,ivory
SEP-15,ivory
SERGEF,ivory
SERINC3,ivory
SERPINI2,ivory
SESN1,ivory
SETD6,ivory
SFRS4,ivory
SH2B3,ivory
SHH,ivory
SHPRH,ivory
SLC17A7,ivory
SLC22A1,ivory
SLC25A13,ivory
SLC25A3,ivory
SLC25A38,ivory
SLC27A1,ivory
SLC30A4,ivory
SLC39A9,ivory
SLC4A1,ivory
SLC5A6,ivory
SLIT1,ivory
SMARCAD1,ivory
SMARCD2,ivory
SMPD1,ivory
SNF8,ivory
SNIP1,ivory
SNORD103A,ivory
SNORD104,ivory
SNORD54,ivory
SNORD72,ivory
SNRNP35,ivory
SNTB1,ivory
SP4,ivory
SPEG,ivory
SPINT2,ivory
SPRY1,ivory
SRFBP1,ivory
ST3GAL1,ivory
ST6GAL2,ivory
ST6GALNAC5,ivory
STBD1,ivory
STK19,ivory
STK32C,ivory
STK38L,ivory
STRA8,ivory
STT3A,ivory
STX18,ivory
SUNC1,ivory
SV2B,ivory
SYNGAP1,ivory
SYT12,ivory
TBC1D1,ivory
TBCD,ivory
TBKBP1,ivory
TCEB1,ivory
TCF12,ivory
TCTA,ivory
TCTN1,ivory
TDG,ivory
TDP1,ivory
TDRKH,ivory
TFDP1,ivory
THBS2,ivory
TIAM2,ivory
TIMELESS,ivory
TIPARP,ivory
TLL1,ivory
TLR2,ivory
TMC7,ivory
TMED7-TICAM2,ivory
TMEM126B,ivory
TMEM128,ivory
TMEM132B,ivory
TMEM144,ivory
TMEM179B,ivory
TMEM218,ivory
TMEM39B,ivory
TMEM80,ivory
TMEM87A,ivory
TMEM9,ivory
TNFRSF19,ivory
TNIK,ivory
TOMM40L,ivory
TP73,ivory
TPSG1,ivory
TRAPPC9,ivory
TRIM67,ivory
TRIT1,ivory
TRMT11,ivory
TRPC4,ivory
TRPV1,ivory
TSGA14,ivory
TSPAN17,ivory
TSPAN9,ivory
TTC32,ivory
TTC9C,ivory
TTLL8,ivory
TXLNA,ivory
TXNDC12,ivory
TXNRD2,ivory
UBE2B,ivory
UBL7,ivory
UBR3,ivory
UBR4,ivory
UGGT2,ivory
UMODL1,ivory
USP44,ivory
UST,ivory
VAMP4,ivory
VCP,ivory
VPS11,ivory
VPS41,ivory
WBSCR17,ivory
WDFY2,ivory
WDR3,ivory
WDR41,ivory
WDR47,ivory
WDR6,ivory
WDR62,ivory
WDR87,ivory
WIZ,ivory
XBP1,ivory
XKR6,ivory
XRCC1,ivory
ZBTB12,ivory
ZBTB8A,ivory
ZCCHC10,ivory
ZCCHC2,ivory
ZDHHC24,ivory
ZEB1,ivory
ZMYM6,ivory
ZNF101,ivory
ZNF12,ivory
ZNF169,ivory
ZNF181,ivory
ZNF204P,ivory
ZNF324B,ivory
ZNF389,ivory
ZNF416,ivory
ZNF487,ivory
ZNF514,ivory
ZNF572,ivory
ZNF576,ivory
ZNF599,ivory
ZNF619,ivory
ZNF628,ivory
ZNF649,ivory
ZNF688,ivory
ZNF703,ivory
ZNF778,ivory
ZNF786,ivory
ZNF821,ivory
ZNF828,ivory
ZNF83,ivory
ZNF830,ivory
ZNHIT1,ivory
ZSCAN2,ivory
ZUFSP,ivory
AASDH,lightcyan
ABCB9,lightcyan
ABL1,lightcyan
ABR,lightcyan
ACACB,lightcyan
ACAD11,lightcyan
ACAP2,lightcyan
ACOT13,lightcyan
ACP2,lightcyan
ACSL6,lightcyan
ACTL8,lightcyan
ACTN3,lightcyan
ACTR10,lightcyan
ACVR1C,lightcyan
ADAR,lightcyan
ADIPOR1,lightcyan
AGAP1,lightcyan
AK7,lightcyan
AKR1B1,lightcyan
AKT1S1,lightcyan
ALG14,lightcyan
ALG3,lightcyan
ALG6,lightcyan
ALOXE3,lightcyan
AMD1,lightcyan
ANKRD13B,lightcyan
ANKRD39,lightcyan
ANKS1A,lightcyan
ANO6,lightcyan
ANP32E,lightcyan
ANXA7,lightcyan
AP2A1,lightcyan
AP2M1,lightcyan
AP3B1,lightcyan
APBA2,lightcyan
APC,lightcyan
APITD1,lightcyan
APP,lightcyan
ARCN1,lightcyan
ARF5,lightcyan
ARFGAP3,lightcyan
ARHGEF4,lightcyan
ARIH2,lightcyan
ARL5A,lightcyan
ARMC3,lightcyan
ASAH1,lightcyan
ASCL1,lightcyan
ATF6,lightcyan
ATG16L2,lightcyan
ATL3,lightcyan
ATP10D,lightcyan
ATP5I,lightcyan
ATP5J,lightcyan
AVPI1,lightcyan
B4GALT2,lightcyan
B4GALT3,lightcyan
BACH2,lightcyan
BAIAP3,lightcyan
BDNF,lightcyan
BMPER,lightcyan
BMPR2,lightcyan
BOLA1,lightcyan
BOLA3,lightcyan
BRMS1L,lightcyan
BRUNOL4,lightcyan
BTD,lightcyan
BTNL9,lightcyan
BUB3,lightcyan
C10ORF54,lightcyan
C10ORF72,lightcyan
C11ORF65,lightcyan
C11ORF80,lightcyan
C12ORF5,lightcyan
C14ORF104,lightcyan
C14ORF149,lightcyan
C14ORF159,lightcyan
C14ORF166,lightcyan
C15ORF33,lightcyan
C16ORF13,lightcyan
C16ORF63,lightcyan
C17ORF75,lightcyan
C18ORF1,lightcyan
C19ORF20,lightcyan
C1ORF107,lightcyan
C1ORF115,lightcyan
C1ORF31,lightcyan
C1ORF70,lightcyan
C1ORF96,lightcyan
C1QBP,lightcyan
C1QL2,lightcyan
C20ORF111,lightcyan
C22ORF26,lightcyan
C2ORF44,lightcyan
C3ORF25,lightcyan
C3ORF58,lightcyan
C4ORF43,lightcyan
C4ORF49,lightcyan
C5ORF36,lightcyan
C5ORF41,lightcyan
C6ORF130,lightcyan
C6ORF35,lightcyan
C6ORF57,lightcyan
C7ORF10,lightcyan
C7ORF51,lightcyan
C7ORF70,lightcyan
C9ORF144,lightcyan
C9ORF89,lightcyan
CA7,lightcyan
CA8,lightcyan
CACNA1D,lightcyan
CACNA2D2,lightcyan
CACYBP,lightcyan
CAMTA1,lightcyan
CAND1,lightcyan
CAPZA1,lightcyan
CASC3,lightcyan
CASC5,lightcyan
CASP3,lightcyan
CASP7,lightcyan
CASP8AP2,lightcyan
CCAR1,lightcyan
CCDC153,lightcyan
CCDC28A,lightcyan
CCDC6,lightcyan
CCDC60,lightcyan
CCDC85C,lightcyan
CCDC99,lightcyan
CCK,lightcyan
CD3G,lightcyan
CD59,lightcyan
CD70,lightcyan
CDADC1,lightcyan
CDH7,lightcyan
CDK8,lightcyan
CENPN,lightcyan
CEP120,lightcyan
CHD2,lightcyan
CHPT1,lightcyan
CHRAC1,lightcyan
CIC,lightcyan
CLCN3,lightcyan
CLN5,lightcyan
CLSPN,lightcyan
CNN3,lightcyan
CNNM3,lightcyan
COL23A1,lightcyan
COL4A2,lightcyan
COMMD2,lightcyan
COPS4,lightcyan
CORO7,lightcyan
CPM,lightcyan
CPPED1,lightcyan
CREBL2,lightcyan
CRY1,lightcyan
CSDE1,lightcyan
CSGALNACT2,lightcyan
CSK,lightcyan
CSMD1,lightcyan
CSNK1G2,lightcyan
CSRNP1,lightcyan
CTDSP1,lightcyan
CTH,lightcyan
CTNNAL1,lightcyan
CTNND2,lightcyan
CTU2,lightcyan
CWC22,lightcyan
CXXC1,lightcyan
CYP51A1,lightcyan
DAB2IP,lightcyan
DAG1,lightcyan
DBNDD2,lightcyan
DCAF17,lightcyan
DCC,lightcyan
DCUN1D1,lightcyan
DDI2,lightcyan
DDX58,lightcyan
DHX16,lightcyan
DIP2C,lightcyan
DLX5,lightcyan
DMTF1,lightcyan
DNAH7,lightcyan
DNAJC1,lightcyan
DNAJC19,lightcyan
DNAJC2,lightcyan
DNAL4,lightcyan
DNHD1,lightcyan
DNTT,lightcyan
DPAGT1,lightcyan
DPY19L3,lightcyan
DTD1,lightcyan
DUS2L,lightcyan
DUSP1,lightcyan
DYNC2LI1,lightcyan
DYNLL1,lightcyan
EFCAB5,lightcyan
EFNA5,lightcyan
EIF2AK1,lightcyan
ELK3,lightcyan
ELOF1,lightcyan
ELP2,lightcyan
ELP2P,lightcyan
ELP4,lightcyan
ENHO,lightcyan
ENOPH1,lightcyan
ENPP2,lightcyan
ENSA,lightcyan
EPB41L3,lightcyan
EPB41L5,lightcyan
EPS15L1,lightcyan
ERAL1,lightcyan
ERCC4,lightcyan
ERO1LB,lightcyan
ETFDH,lightcyan
FADS1,lightcyan
FADS6,lightcyan
FAF1,lightcyan
FAM101A,lightcyan
FAM126A,lightcyan
FAM178A,lightcyan
FAM183A,lightcyan
FAM184B,lightcyan
FAM194A,lightcyan
FAM194B,lightcyan
FAM46A,lightcyan
FAM63B,lightcyan
FAM71A,lightcyan
FANCF,lightcyan
FARSB,lightcyan
FASTKD1,lightcyan
FBL,lightcyan
FBXO15,lightcyan
FBXO28,lightcyan
FBXO3,lightcyan
FBXW7,lightcyan
FDPS,lightcyan
FER,lightcyan
FEZF1,lightcyan
FGF1,lightcyan
FIBCD1,lightcyan
FKBP10,lightcyan
FKBP2,lightcyan
FLJ10661,lightcyan
FLJ32065,lightcyan
FLNB,lightcyan
FLT3LG,lightcyan
FNTA,lightcyan
FOLH1,lightcyan
FOXO3,lightcyan
FRMD5,lightcyan
FRYL,lightcyan
FSIP1,lightcyan
FSTL4,lightcyan
GALNTL6,lightcyan
GARS,lightcyan
GATA5,lightcyan
GCLM,lightcyan
GDF1,lightcyan
GFRA2,lightcyan
GLB1L2,lightcyan
GLRA3,lightcyan
GLT8D1,lightcyan
GMEB2,lightcyan
GMPR,lightcyan
GNAS,lightcyan
GNB4,lightcyan
GNL1,lightcyan
GON4L,lightcyan
GOSR1,lightcyan
GPA33,lightcyan
GPATCH1,lightcyan
GPC6,lightcyan
GPN2,lightcyan
GRB2,lightcyan
GRHL2,lightcyan
GRIK2,lightcyan
GTF2A2,lightcyan
GTF2IRD1,lightcyan
GUCY1A3,lightcyan
GXYLT1,lightcyan
HCCA2,lightcyan
HCG18,lightcyan
HCG4P6,lightcyan
HDAC4,lightcyan
HERC4,lightcyan
HES4,lightcyan
HEXIM1,lightcyan
HFM1,lightcyan
HIC1,lightcyan
HIST1H2AG,lightcyan
HIST1H4D,lightcyan
HLA-DQB1,lightcyan
HLA-DRA,lightcyan
HMGN4,lightcyan
HMGXB4,lightcyan
HNRPDL,lightcyan
HOXB8,lightcyan
HSD11B1L,lightcyan
HSF2BP,lightcyan
HSPB1,lightcyan
ID1,lightcyan
ID2,lightcyan
IGFBP5,lightcyan
ILK,lightcyan
IMPDH1,lightcyan
INTS8,lightcyan
IPO11,lightcyan
ITM2B,lightcyan
IVD,lightcyan
IWS1,lightcyan
JMJD1C,lightcyan
JMJD8,lightcyan
KCNK10,lightcyan
KCTD7,lightcyan
KIAA0182,lightcyan
KIAA0226,lightcyan
KIAA0892,lightcyan
KIAA1737,lightcyan
KIAA1984,lightcyan
KIF26B,lightcyan
KIF2C,lightcyan
KIF3A,lightcyan
KIFC1,lightcyan
KLC1,lightcyan
KLF14,lightcyan
KLF6,lightcyan
KLK10,lightcyan
LAMB3,lightcyan
LATS1,lightcyan
LCLAT1,lightcyan
LDB2,lightcyan
LDLR,lightcyan
LFNG,lightcyan
LIG3,lightcyan
LLPH,lightcyan
LMNB1,lightcyan
LMTK2,lightcyan
LOC100134713,lightcyan
LOC154449,lightcyan
LOC253724,lightcyan
LOC285375,lightcyan
LOC285696,lightcyan
LOC338799,lightcyan
LOC387763,lightcyan
LOC404266,lightcyan
LOC441177,lightcyan
LOC645323,lightcyan
LOC727677,lightcyan
LOC93622,lightcyan
LOH12CR1,lightcyan
LPCAT1,lightcyan
LRRC23,lightcyan
LRRC42,lightcyan
LRRC8C,lightcyan
LRRN1,lightcyan
LSAMP,lightcyan
LSM1,lightcyan
LSM10,lightcyan
LSM11,lightcyan
LSM5,lightcyan
LTB,lightcyan
LUC7L2,lightcyan
MACROD2,lightcyan
MAD1L1,lightcyan
MAGI1,lightcyan
MAK16,lightcyan
MAP2K6,lightcyan
MAP3K3,lightcyan
MAPK14,lightcyan
MAPK3,lightcyan
MAPKBP1,lightcyan
MARK2,lightcyan
MAVS,lightcyan
MBD3,lightcyan
MBLAC2,lightcyan
MBTD1,lightcyan
MCCC1,lightcyan
MCM6,lightcyan
MCOLN1,lightcyan
MDN1,lightcyan
MED28,lightcyan
MFAP5,lightcyan
MGC16275,lightcyan
MIF4GD,lightcyan
MIR1292,lightcyan
MIR549,lightcyan
MLH1,lightcyan
MLLT10,lightcyan
MLXIPL,lightcyan
MOBKL1B,lightcyan
MOSC2,lightcyan
MPHOSPH6,lightcyan
MRFAP1L1,lightcyan
MRO,lightcyan
MRPL16,lightcyan
MRPL3,lightcyan
MRPL39,lightcyan
MSH5,lightcyan
MSI2,lightcyan
MTFR1,lightcyan
MTMR6,lightcyan
MUTYH,lightcyan
MYH4,lightcyan
MYO10,lightcyan
NAP1L4,lightcyan
NAT14,lightcyan
NAT9,lightcyan
NCOA2,lightcyan
NCRNA00167,lightcyan
NDUFA5,lightcyan
NDUFAB1,lightcyan
NDUFV1,lightcyan
NECAB2,lightcyan
NEK10,lightcyan
NEU3,lightcyan
NEURL,lightcyan
NEUROG1,lightcyan
NFATC2,lightcyan
NFATC2IP,lightcyan
NFKBIZ,lightcyan
NICN1,lightcyan
NINJ1,lightcyan
NMRAL1,lightcyan
NOC4L,lightcyan
NOL12,lightcyan
NOP56,lightcyan
NPLOC4,lightcyan
NPR1,lightcyan
NQO1,lightcyan
NR3C1,lightcyan
NR4A3,lightcyan
NR6A1,lightcyan
NRIP1,lightcyan
NT5C1A,lightcyan
NTNG1,lightcyan
NUMBL,lightcyan
NUP153,lightcyan
NUP205,lightcyan
NUP35,lightcyan
NUP50,lightcyan
NXT1,lightcyan
OCEL1,lightcyan
ODZ4,lightcyan
OLFML2B,lightcyan
OR2T8,lightcyan
PAFAH1B1,lightcyan
PALM3,lightcyan
PAQR8,lightcyan
PATZ1,lightcyan
PAX2,lightcyan
PAX6,lightcyan
PCDHB18,lightcyan
PCM1,lightcyan
PCMTD2,lightcyan
PCNX,lightcyan
PCOLCE2,lightcyan
PCSK1,lightcyan
PCYT2,lightcyan
PDCD4,lightcyan
PDGFRL,lightcyan
PDZRN3,lightcyan
PELI3,lightcyan
PER3,lightcyan
PFKFB2,lightcyan
PFKFB3,lightcyan
PFKP,lightcyan
PHC2,lightcyan
PHOSPHO1,lightcyan
PHOX2B,lightcyan
PHTF1,lightcyan
PI4K2A,lightcyan
PIGL,lightcyan
PIP4K2B,lightcyan
PKNOX2,lightcyan
PLA2G4A,lightcyan
PLA2R1,lightcyan
PLEKHF2,lightcyan
PLEKHG4B,lightcyan
PLEKHH1,lightcyan
PLOD2,lightcyan
PMEPA1,lightcyan
PMM1,lightcyan
PNPLA3,lightcyan
PNPT1,lightcyan
POFUT1,lightcyan
POLK,lightcyan
POLR2C,lightcyan
POLR2E,lightcyan
POLR2K,lightcyan
POU1F1,lightcyan
POU4F2,lightcyan
POU4F3,lightcyan
PPA2,lightcyan
PPARGC1A,lightcyan
PPFIA1,lightcyan
PPFIA2,lightcyan
PPHLN1,lightcyan
PPL,lightcyan
PPP1CC,lightcyan
PPP1R11,lightcyan
PPP1R15B,lightcyan
PPP2R5A,lightcyan
PPP2R5D,lightcyan
PPP4R4,lightcyan
PPT2,lightcyan
PRIC285,lightcyan
PRKRIP1,lightcyan
PRMT7,lightcyan
PRR14,lightcyan
PSMA2,lightcyan
PSMB1,lightcyan
PSMB9,lightcyan
PTCH1,lightcyan
PTEN,lightcyan
PTER,lightcyan
PTPN14,lightcyan
PTPRA,lightcyan
PTPRF,lightcyan
PUS7,lightcyan
PWP1,lightcyan
QRFPR,lightcyan
RAB10,lightcyan
RAB11FIP1,lightcyan
RAB21,lightcyan
RAB2A,lightcyan
RAB3C,lightcyan
RAB3GAP2,lightcyan
RAB3IP,lightcyan
RAB4B,lightcyan
RACGAP1,lightcyan
RAD9A,lightcyan
RAGE,lightcyan
RAI14,lightcyan
RASL10A,lightcyan
RBBP5,lightcyan
RBBP6,lightcyan
RBM4B,lightcyan
RBPMS,lightcyan
RCBTB2,lightcyan
RIBC2,lightcyan
RIF1,lightcyan
RIMKLB,lightcyan
RNF185,lightcyan
RNF216,lightcyan
RNF8,lightcyan
ROBO1,lightcyan
RORA,lightcyan
RPL14,lightcyan
RPL7,lightcyan
RPN1,lightcyan
RPS12,lightcyan
RPS6KA5,lightcyan
RPS7,lightcyan
RPS9,lightcyan
RPTOR,lightcyan
RSL24D1,lightcyan
RSRC2,lightcyan
RTN4,lightcyan
RUFY1,lightcyan
RUNX3,lightcyan
RWDD1,lightcyan
SAAL1,lightcyan
SAE1,lightcyan
SAMD11,lightcyan
SARS,lightcyan
SCAND1,lightcyan
SCAND2,lightcyan
SCN9A,lightcyan
SDAD1,lightcyan
SDHC,lightcyan
SDK1,lightcyan
SEC14L2,lightcyan
SEC22C,lightcyan
SEC23IP,lightcyan
SEC31A,lightcyan
SECTM1,lightcyan
SELK,lightcyan
SEMA4B,lightcyan
SEP-13,lightcyan
SERINC1,lightcyan
SERTAD1,lightcyan
SETMAR,lightcyan
SFMBT1,lightcyan
SFRS11,lightcyan
SFRS18,lightcyan
SGTA,lightcyan
SHQ1,lightcyan
SIN3A,lightcyan
SIX1,lightcyan
SIX4,lightcyan
SKA3,lightcyan
SKP2,lightcyan
SLC10A7,lightcyan
SLC1A4,lightcyan
SLC25A46,lightcyan
SLC26A5,lightcyan
SLC2A1,lightcyan
SLC38A2,lightcyan
SLC39A3,lightcyan
SLC39A4,lightcyan
SLC48A1,lightcyan
SLC4A4,lightcyan
SLC9A3,lightcyan
SLFN5,lightcyan
SLITRK3,lightcyan
SMAD2,lightcyan
SMAD7,lightcyan
SNRNP27,lightcyan
SNTB2,lightcyan
SNX3,lightcyan
SNX30,lightcyan
SOD1,lightcyan
SOD2,lightcyan
SORCS3,lightcyan
SOX14,lightcyan
SOX2OT,lightcyan
SOX5,lightcyan
SPAG16,lightcyan
SPATA1,lightcyan
SPATA7,lightcyan
SPDYA,lightcyan
SPG20,lightcyan
SPSB4,lightcyan
SPTY2D1,lightcyan
SRBD1,lightcyan
SSH1,lightcyan
SSR1,lightcyan
SSR3,lightcyan
STAC3,lightcyan
STAMBPL1,lightcyan
STEAP2,lightcyan
STK3,lightcyan
STOM,lightcyan
STX12,lightcyan
SURF4,lightcyan
SYF2,lightcyan
SYNJ2BP,lightcyan
SYNPO,lightcyan
TAF11,lightcyan
TAF6,lightcyan
TARS2,lightcyan
TBC1D19,lightcyan
TCP11L2,lightcyan
TCTN3,lightcyan
TFAP2A,lightcyan
TGFA,lightcyan
THRB,lightcyan
THSD1,lightcyan
TJP1,lightcyan
TM7SF2,lightcyan
TMED1,lightcyan
TMEM104,lightcyan
TMEM108,lightcyan
TMEM109,lightcyan
TMEM111,lightcyan
TMEM155,lightcyan
TMEM18,lightcyan
TMEM214,lightcyan
TMEM48,lightcyan
TMEM65,lightcyan
TMEM70,lightcyan
TMPRSS11E,lightcyan
TNFRSF10B,lightcyan
TNIK,lightcyan
TNK2,lightcyan
TNRC18,lightcyan
TOM1L2,lightcyan
TOMM40L,lightcyan
TOP3B,lightcyan
TPST1,lightcyan
TRA2B,lightcyan
TRADD,lightcyan
TRIM15,lightcyan
TRIM2,lightcyan
TRIM39,lightcyan
TRIM62,lightcyan
TROVE2,lightcyan
TSC22D2,lightcyan
TSEN54,lightcyan
TSN,lightcyan
TSPAN4,lightcyan
TSPAN9,lightcyan
TTC15,lightcyan
TTC23,lightcyan
TTC35,lightcyan
TTC8,lightcyan
TTC9B,lightcyan
TUBA1B,lightcyan
TWF2,lightcyan
TYMS,lightcyan
UBA2,lightcyan
UBC,lightcyan
UBE2CBP,lightcyan
UBE2H,lightcyan
UBE2V2,lightcyan
UBFD1,lightcyan
UBQLN1,lightcyan
UFD1L,lightcyan
UFSP2,lightcyan
UHRF1,lightcyan
UHRF2,lightcyan
UNC5C,lightcyan
UNC84A,lightcyan
UPF1,lightcyan
UPF2,lightcyan
USP43,lightcyan
VAX1,lightcyan
VPS18,lightcyan
VPS29,lightcyan
VPS54,lightcyan
VPS8,lightcyan
VSTM2A,lightcyan
VWDE,lightcyan
WBP4,lightcyan
WDR19,lightcyan
WDR51B,lightcyan
WDR73,lightcyan
WDR8,lightcyan
WDR93,lightcyan
WIBG,lightcyan
WISP2,lightcyan
WNK4,lightcyan
WNT2B,lightcyan
WNT4,lightcyan
XKR9,lightcyan
XPA,lightcyan
YWHAH,lightcyan
ZBTB10,lightcyan
ZBTB39,lightcyan
ZBTB6,lightcyan
ZBTB9,lightcyan
ZC3H4,lightcyan
ZDHHC13,lightcyan
ZFAND2A,lightcyan
ZFP36L2,lightcyan
ZFR2,lightcyan
ZFYVE26,lightcyan
ZIC1,lightcyan
ZMAT2,lightcyan
ZNF12,lightcyan
ZNF142,lightcyan
ZNF17,lightcyan
ZNF192,lightcyan
ZNF221,lightcyan
ZNF223,lightcyan
ZNF224,lightcyan
ZNF23,lightcyan
ZNF250,lightcyan
ZNF264,lightcyan
ZNF282,lightcyan
ZNF425,lightcyan
ZNF501,lightcyan
ZNF527,lightcyan
ZNF536,lightcyan
ZNF547,lightcyan
ZNF562,lightcyan
ZNF563,lightcyan
ZNF597,lightcyan
ZNF621,lightcyan
ZNF664,lightcyan
ZNF773,lightcyan
ZNF775,lightcyan
ZNF780A,lightcyan
ZNF790,lightcyan
ZNRF2,lightcyan
ZSCAN23,lightcyan
ZWILCH,lightcyan
ABCB5,lightcyan1
ABCF1,lightcyan1
ABHD5,lightcyan1
ABL1,lightcyan1
ABLIM2,lightcyan1
ACAD8,lightcyan1
ACOX3,lightcyan1
ACPP,lightcyan1
ACSF3,lightcyan1
ACTA2,lightcyan1
ACTBL2,lightcyan1
ACTL7A,lightcyan1
ACTN1,lightcyan1
ACVR2A,lightcyan1
ADAM10,lightcyan1
ADAM28,lightcyan1
ADAM29,lightcyan1
ADAMTS10,lightcyan1
ADAMTS14,lightcyan1
ADAMTS2,lightcyan1
ADAMTS5,lightcyan1
ADAMTS9,lightcyan1
ADARB2,lightcyan1
ADCK5,lightcyan1
ADCY3,lightcyan1
ADCY5,lightcyan1
ADD2,lightcyan1
ADIPOR2,lightcyan1
AFF1,lightcyan1
AGAP1,lightcyan1
AGPAT1,lightcyan1
AGR2,lightcyan1
AHRR,lightcyan1
AIM2,lightcyan1
AKAP12,lightcyan1
ALB,lightcyan1
ALG6,lightcyan1
ALPK1,lightcyan1
ALX3,lightcyan1
AMICA1,lightcyan1
AMIGO1,lightcyan1
AMPD3,lightcyan1
ANGPT2,lightcyan1
ANKRD11,lightcyan1
ANKS1A,lightcyan1
ANO2,lightcyan1
ANP32A,lightcyan1
ANTXR1,lightcyan1
ANXA5,lightcyan1
AOAH,lightcyan1
AP1AR,lightcyan1
AP2A2,lightcyan1
AP3B1,lightcyan1
APBB1,lightcyan1
ARHGAP10,lightcyan1
ARHGAP8,lightcyan1
ARHGEF10,lightcyan1
ARHGEF7,lightcyan1
ARID3A,lightcyan1
ARPC2,lightcyan1
ARSB,lightcyan1
ASAP1,lightcyan1
ASB10,lightcyan1
ATAD2B,lightcyan1
ATF6B,lightcyan1
ATG2B,lightcyan1
ATG7,lightcyan1
ATP11A,lightcyan1
ATP13A5,lightcyan1
ATP2C1,lightcyan1
ATP6AP1L,lightcyan1
ATP6V0E2,lightcyan1
ATP8A2,lightcyan1
ATRNL1,lightcyan1
ATXN7L1,lightcyan1
AUTS2,lightcyan1
B3GNTL1,lightcyan1
BAIAP2,lightcyan1
BANP,lightcyan1
BAT3,lightcyan1
BAT5,lightcyan1
BBX,lightcyan1
BCL2L15,lightcyan1
BICC1,lightcyan1
BMP4,lightcyan1
BMP6,lightcyan1
BMPER,lightcyan1
BNC2,lightcyan1
BOC,lightcyan1
BRE,lightcyan1
BTBD2,lightcyan1
C10ORF110,lightcyan1
C10ORF32,lightcyan1
C10ORF4,lightcyan1
C10ORF47,lightcyan1
C11ORF87,lightcyan1
C12ORF48,lightcyan1
C12ORF67,lightcyan1
C12ORF70,lightcyan1
C12ORF72,lightcyan1
C14ORF166B,lightcyan1
C15ORF23,lightcyan1
C16ORF35,lightcyan1
C17ORF54,lightcyan1
C17ORF62,lightcyan1
C17ORF67,lightcyan1
C1ORF111,lightcyan1
C1ORF159,lightcyan1
C1ORF227,lightcyan1
C1ORF86,lightcyan1
C1QC,lightcyan1
C1QTNF1,lightcyan1
C1QTNF7,lightcyan1
C20ORF117,lightcyan1
C20ORF85,lightcyan1
C21ORF29,lightcyan1
C21ORF70,lightcyan1
C22ORF30,lightcyan1
C2ORF16,lightcyan1
C2ORF63,lightcyan1
C2ORF65,lightcyan1
C3ORF21,lightcyan1
C3ORF55,lightcyan1
C6ORF130,lightcyan1
C6ORF132,lightcyan1
C6ORF26,lightcyan1
C7ORF20,lightcyan1
C7ORF58,lightcyan1
C8ORF34,lightcyan1
C8ORF73,lightcyan1
C9ORF30,lightcyan1
C9ORF66,lightcyan1
CACNA1C,lightcyan1
CACNA1E,lightcyan1
CACNA2D2,lightcyan1
CACNB2,lightcyan1
CADM1,lightcyan1
CALD1,lightcyan1
CAMK2D,lightcyan1
CAMTA1,lightcyan1
CAPN14,lightcyan1
CAPN3,lightcyan1
CAPZB,lightcyan1
CASP1,lightcyan1
CASR,lightcyan1
CATSPER1,lightcyan1
CATSPER4,lightcyan1
CBARA1,lightcyan1
CBFA2T3,lightcyan1
CCDC109A,lightcyan1
CCDC3,lightcyan1
CCDC36,lightcyan1
CCHCR1,lightcyan1
CCND2,lightcyan1
CCND3,lightcyan1
CCNL2,lightcyan1
CCR3,lightcyan1
CD247,lightcyan1
CDC27,lightcyan1
CDC42SE2,lightcyan1
CDH20,lightcyan1
CDH4,lightcyan1
CDK15,lightcyan1
CDK6,lightcyan1
CDYL,lightcyan1
CES1,lightcyan1
CHRDL2,lightcyan1
CHRNB3,lightcyan1
CHST1,lightcyan1
CHSY1,lightcyan1
CIRBP,lightcyan1
CIZ1,lightcyan1
CLEC1A,lightcyan1
CLEC4C,lightcyan1
CLIC5,lightcyan1
CLINT1,lightcyan1
CMBL,lightcyan1
CNPY1,lightcyan1
CNTN1,lightcyan1
CNTN5,lightcyan1
CNTNAP4,lightcyan1
COG4,lightcyan1
COL18A1,lightcyan1
COL1A1,lightcyan1
COL1A2,lightcyan1
COL23A1,lightcyan1
COL27A1,lightcyan1
COL28A1,lightcyan1
COL4A2,lightcyan1
COL5A2,lightcyan1
COL5A3,lightcyan1
COL6A3,lightcyan1
COL9A2,lightcyan1
COLEC11,lightcyan1
COPS7A,lightcyan1
COQ7,lightcyan1
COX19,lightcyan1
CPA1,lightcyan1
CPA6,lightcyan1
CPEB4,lightcyan1
CPLX2,lightcyan1
CPS1,lightcyan1
CPT1A,lightcyan1
CPT1C,lightcyan1
CREB3L2,lightcyan1
CREG1,lightcyan1
CRIM1,lightcyan1
CRISPLD2,lightcyan1
CROCC,lightcyan1
CROT,lightcyan1
CRTC1,lightcyan1
CRY1,lightcyan1
CSMD1,lightcyan1
CSNK1A1P,lightcyan1
CSNK2A1P,lightcyan1
CTDSPL2,lightcyan1
CTNNA2,lightcyan1
CTRC,lightcyan1
CTTN,lightcyan1
CTXN3,lightcyan1
CUEDC1,lightcyan1
CUGBP1,lightcyan1
CWC22,lightcyan1
CX3CR1,lightcyan1
CXCL5,lightcyan1
CXCR5,lightcyan1
CYR61,lightcyan1
CYSLTR2,lightcyan1
DAB2IP,lightcyan1
DACT1,lightcyan1
DCDC2,lightcyan1
DCLK2,lightcyan1
DCLK3,lightcyan1
DDX10,lightcyan1
DEFB132,lightcyan1
DEFB134,lightcyan1
DENND3,lightcyan1
DERL1,lightcyan1
DHRS7B,lightcyan1
DHX16,lightcyan1
DHX30,lightcyan1
DIO1,lightcyan1
DIP2C,lightcyan1
DKK3,lightcyan1
DLG2,lightcyan1
DLGAP2,lightcyan1
DNAJB6,lightcyan1
DNHD1,lightcyan1
DNM3,lightcyan1
DOCK10,lightcyan1
DOCK2,lightcyan1
DOCK5,lightcyan1
DPF3,lightcyan1
DPP10,lightcyan1
DPPA5,lightcyan1
DSE,lightcyan1
DSG1,lightcyan1
DYX1C1,lightcyan1
DZIP3,lightcyan1
E2F3,lightcyan1
EBF1,lightcyan1
EBF3,lightcyan1
ECE2,lightcyan1
EEFSEC,lightcyan1
EEPD1,lightcyan1
EGFLAM,lightcyan1
EGFR,lightcyan1
EIF2B4,lightcyan1
EIF3H,lightcyan1
ELP2P,lightcyan1
EML5,lightcyan1
ENPP6,lightcyan1
EPB41L2,lightcyan1
EPHA5,lightcyan1
EPHX1,lightcyan1
ESRRB,lightcyan1
ESRRG,lightcyan1
ESYT2,lightcyan1
ESYT3,lightcyan1
ETS1,lightcyan1
ETV6,lightcyan1
ETV7,lightcyan1
EXOC2,lightcyan1
EXOC4,lightcyan1
EXT1,lightcyan1
F10,lightcyan1
F11R,lightcyan1
F2R,lightcyan1
FAM101A,lightcyan1
FAM107B,lightcyan1
FAM129A,lightcyan1
FAM160A1,lightcyan1
FAM160B2,lightcyan1
FAM170A,lightcyan1
FAM184B,lightcyan1
FAM193A,lightcyan1
FAM19A4,lightcyan1
FAM20C,lightcyan1
FAM24B,lightcyan1
FAM53A,lightcyan1
FAM59B,lightcyan1
FAM73A,lightcyan1
FAM82A1,lightcyan1
FAM83H,lightcyan1
FARP1,lightcyan1
FAT3,lightcyan1
FBLN1,lightcyan1
FBXL7,lightcyan1
FBXO22,lightcyan1
FCHO1,lightcyan1
FEM1C,lightcyan1
FGD6,lightcyan1
FGF8,lightcyan1
FGGY,lightcyan1
FGL1,lightcyan1
FHOD3,lightcyan1
FLJ40434,lightcyan1
FLJ45244,lightcyan1
FLNC,lightcyan1
FN1,lightcyan1
FNDC3B,lightcyan1
FOLR2,lightcyan1
FOXL1,lightcyan1
FOXO1,lightcyan1
FOXP1,lightcyan1
FRAS1,lightcyan1
FRMD4A,lightcyan1
GALNT10,lightcyan1
GAP43,lightcyan1
GBP1,lightcyan1
GDPD5,lightcyan1
GFPT2,lightcyan1
GFRA1,lightcyan1
GHITM,lightcyan1
GJB6,lightcyan1
GLCE,lightcyan1
GLDC,lightcyan1
GLIS1,lightcyan1
GLRX2,lightcyan1
GMCL1,lightcyan1
GMDS,lightcyan1
GNL1,lightcyan1
GNLY,lightcyan1
GPATCH8,lightcyan1
GPC5,lightcyan1
GPC6,lightcyan1
GPLD1,lightcyan1
GPNMB,lightcyan1
GPR137B,lightcyan1
GPR141,lightcyan1
GPR39,lightcyan1
GPX5,lightcyan1
GREB1,lightcyan1
GRHL1,lightcyan1
GRID2,lightcyan1
GRIN3B,lightcyan1
GRINL1A,lightcyan1
GRM7,lightcyan1
GRM8,lightcyan1
GRTP1,lightcyan1
GSG1L,lightcyan1
GTSF1,lightcyan1
GUCY1B3,lightcyan1
HBG2,lightcyan1
HCCA2,lightcyan1
HCN2,lightcyan1
HDAC4,lightcyan1
HDGF2,lightcyan1
HEATR1,lightcyan1
HEATR2,lightcyan1
HECW1,lightcyan1
HERC2,lightcyan1
HES4,lightcyan1
HEY1,lightcyan1
HGC6.3,lightcyan1
HILS1,lightcyan1
HIST1H2AE,lightcyan1
HIST1H4F,lightcyan1
HJURP,lightcyan1
HK1,lightcyan1
HLA-DOA,lightcyan1
HLA-DPB1,lightcyan1
HLA-DRA,lightcyan1
HLX,lightcyan1
HMG20A,lightcyan1
HNRNPAB,lightcyan1
HNRNPF,lightcyan1
HPVC1,lightcyan1
HS6ST3,lightcyan1
HSDL1,lightcyan1
HSPB9,lightcyan1
HTRA3,lightcyan1
HTT,lightcyan1
IFIT1L,lightcyan1
IFITM1,lightcyan1
IFNA14,lightcyan1
IGF1R,lightcyan1
IGFL2,lightcyan1
IGSF11,lightcyan1
IKZF2,lightcyan1
IL17RB,lightcyan1
IL2RA,lightcyan1
IL6R,lightcyan1
INO80,lightcyan1
INPP5A,lightcyan1
INS-IGF2,lightcyan1
INTS10,lightcyan1
IQGAP2,lightcyan1
ISLR,lightcyan1
ITGBL1,lightcyan1
ITPR2,lightcyan1
JARID2,lightcyan1
JAZF1,lightcyan1
JHDM1D,lightcyan1
JSRP1,lightcyan1
KANK2,lightcyan1
KANK4,lightcyan1
KBTBD5,lightcyan1
KCNG1,lightcyan1
KCNQ1,lightcyan1
KCNQ4,lightcyan1
KCNT2,lightcyan1
KCTD16,lightcyan1
KDM5B,lightcyan1
KIAA0146,lightcyan1
KIAA0232,lightcyan1
KIAA0317,lightcyan1
KIAA0319,lightcyan1
KIAA0415,lightcyan1
KIAA0556,lightcyan1
KIAA1161,lightcyan1
KIAA1429,lightcyan1
KIAA1462,lightcyan1
KIAA1549,lightcyan1
KIAA1712,lightcyan1
KIF13B,lightcyan1
KIF25,lightcyan1
KIF26B,lightcyan1
KIF5C,lightcyan1
KIFAP3,lightcyan1
KIRREL3,lightcyan1
KIT,lightcyan1
KLC1,lightcyan1
KLHDC4,lightcyan1
KLHL3,lightcyan1
KRBA1,lightcyan1
KRT6C,lightcyan1
KRTAP21-1,lightcyan1
KRTAP26-1,lightcyan1
KSR2,lightcyan1
LAMA2,lightcyan1
LAMA5,lightcyan1
LAMB1,lightcyan1
LAMP1,lightcyan1
LASS3,lightcyan1
LDB1,lightcyan1
LDB2,lightcyan1
LDHC,lightcyan1
LDLRAD3,lightcyan1
LEKR1,lightcyan1
LEPREL1,lightcyan1
LIMD1,lightcyan1
LIME1,lightcyan1
LIMS2,lightcyan1
LIPC,lightcyan1
LMAN1,lightcyan1
LMAN2,lightcyan1
LMBR1,lightcyan1
LMCD1,lightcyan1
LMF1,lightcyan1
LMO7,lightcyan1
LNP1,lightcyan1
LOC100128977,lightcyan1
LOC100129066,lightcyan1
LOC100130872-SPON2,lightcyan1
LOC100130987,lightcyan1
LOC100133545,lightcyan1
LOC100188947,lightcyan1
LOC145783,lightcyan1
LOC255167,lightcyan1
LOC283050,lightcyan1
LOC284661,lightcyan1
LOC285456,lightcyan1
LOC285501,lightcyan1
LOC285830,lightcyan1
LOC400027,lightcyan1
LOC645638,lightcyan1
LOC646498,lightcyan1
LOC727677,lightcyan1
LOC728743,lightcyan1
LOC729080,lightcyan1
LOC731789,lightcyan1
LPAR6,lightcyan1
LPCAT1,lightcyan1
LPP,lightcyan1
LRBA,lightcyan1
LRIT2,lightcyan1
LRP5,lightcyan1
LRP5L,lightcyan1
LRRC1,lightcyan1
LRRC20,lightcyan1
LRRC27,lightcyan1
LSG1,lightcyan1
MAD1L1,lightcyan1
MAG,lightcyan1
MAN1C1,lightcyan1
MAP2K1,lightcyan1
MAPKBP1,lightcyan1
MASP2,lightcyan1
MATN2,lightcyan1
MBNL2,lightcyan1
MBOAT1,lightcyan1
MCF2L,lightcyan1
MCPH1,lightcyan1
MDFIC,lightcyan1
MECOM,lightcyan1
MED27,lightcyan1
MEGF6,lightcyan1
MEIS1,lightcyan1
MEP1B,lightcyan1
MET,lightcyan1
METRNL,lightcyan1
MFAP2,lightcyan1
MGMT,lightcyan1
MIR1185-1,lightcyan1
MIR1200,lightcyan1
MIR1471,lightcyan1
MIR192,lightcyan1
MIR29B1,lightcyan1
MIR548F5,lightcyan1
MIR548H4,lightcyan1
MIR548N,lightcyan1
MIR563,lightcyan1
MIR708,lightcyan1
MKKS,lightcyan1
MLPH,lightcyan1
MMD,lightcyan1
MMD2,lightcyan1
MMP12,lightcyan1
MMP14,lightcyan1
MORN1,lightcyan1
MOV10L1,lightcyan1
MRGPRF,lightcyan1
MRPS17,lightcyan1
MRTO4,lightcyan1
MS4A3,lightcyan1
MSL2,lightcyan1
MTO1,lightcyan1
MUC20,lightcyan1
MYH14,lightcyan1
MYLK4,lightcyan1
MYO10,lightcyan1
MYO18A,lightcyan1
MYOC,lightcyan1
MYOF,lightcyan1
MYT1L,lightcyan1
N6AMT2,lightcyan1
NACA,lightcyan1
NADSYN1,lightcyan1
NALCN,lightcyan1
NCALD,lightcyan1
NCK2,lightcyan1
NCL,lightcyan1
NCRNA00029,lightcyan1
NCRNA00116,lightcyan1
NDUFA4L2,lightcyan1
NDUFC2,lightcyan1
NDUFS5,lightcyan1
NDUFV3,lightcyan1
NEDD9,lightcyan1
NEK10,lightcyan1
NEK2,lightcyan1
NEU1,lightcyan1
NEU4,lightcyan1
NFIC,lightcyan1
NFIL3,lightcyan1
NIPAL4,lightcyan1
NISCH,lightcyan1
NLRP2,lightcyan1
NOS1AP,lightcyan1
NOX3,lightcyan1
NPHP4,lightcyan1
NR2C1,lightcyan1
NRP1,lightcyan1
NSMCE2,lightcyan1
NSUN6,lightcyan1
NTF3,lightcyan1
NTN1,lightcyan1
NTN4,lightcyan1
NUP43,lightcyan1
NXN,lightcyan1
OAS1,lightcyan1
ODF2,lightcyan1
ODZ3,lightcyan1
ODZ4,lightcyan1
OLFML2B,lightcyan1
OR2F2,lightcyan1
OR2T1,lightcyan1
OR4D11,lightcyan1
OR52W1,lightcyan1
OR5K1,lightcyan1
OR6N1,lightcyan1
OR9Q1,lightcyan1
ORC5L,lightcyan1
OSBPL5,lightcyan1
PANX2,lightcyan1
PARD3B,lightcyan1
PARK2,lightcyan1
PARP11,lightcyan1
PARVA,lightcyan1
PASK,lightcyan1
PAX1,lightcyan1
PCCA,lightcyan1
PCDH18,lightcyan1
PCOLCE,lightcyan1
PCSK9,lightcyan1
PDE1A,lightcyan1
PDE7B,lightcyan1
PDGFD,lightcyan1
PDZK1,lightcyan1
PDZRN4,lightcyan1
PER4,lightcyan1
PFKP,lightcyan1
PGBD2,lightcyan1
PGK2,lightcyan1
PGLYRP3,lightcyan1
PHACTR2,lightcyan1
PHF1,lightcyan1
PKHD1,lightcyan1
PLAC1L,lightcyan1
PLEK,lightcyan1
PLEKHA2,lightcyan1
PLXNA4,lightcyan1
PLXND1,lightcyan1
PNLDC1,lightcyan1
PODN,lightcyan1
POFUT2,lightcyan1
POLDIP2,lightcyan1
POLE,lightcyan1
PON1,lightcyan1
POPDC3,lightcyan1
POU6F1,lightcyan1
PPBPL2,lightcyan1
PPP2R2B,lightcyan1
PPYR1,lightcyan1
PRCC,lightcyan1
PRDM16,lightcyan1
PRDM6,lightcyan1
PRKAG2,lightcyan1
PRKCA,lightcyan1
PRKCD,lightcyan1
PRKCE,lightcyan1
PRKG1,lightcyan1
PRPF8,lightcyan1
PRR16,lightcyan1
PRR4,lightcyan1
PRSS35,lightcyan1
PRTFDC1,lightcyan1
PSMD7,lightcyan1
PSRC1,lightcyan1
PTAR1,lightcyan1
PTDSS1,lightcyan1
PTDSS2,lightcyan1
PTPRA,lightcyan1
PTPRN2,lightcyan1
PXDN,lightcyan1
PYHIN1,lightcyan1
RAB11FIP3,lightcyan1
RAB38,lightcyan1
RAB3IL1,lightcyan1
RAD51L1,lightcyan1
RADIL,lightcyan1
RALGPS1,lightcyan1
RANBP17,lightcyan1
RAP1B,lightcyan1
RARB,lightcyan1
RASA3,lightcyan1
RASGRP2,lightcyan1
RASGRP3,lightcyan1
RASL11B,lightcyan1
RBCK1,lightcyan1
RBL2,lightcyan1
RBM19,lightcyan1
RBM45,lightcyan1
RBM46,lightcyan1
RBMS3,lightcyan1
RBMXL2,lightcyan1
RBPJ,lightcyan1
REG1A,lightcyan1
REL,lightcyan1
RFX4,lightcyan1
RGL1,lightcyan1
RGNEF,lightcyan1
RHBDD2,lightcyan1
RIMBP2,lightcyan1
RNF114,lightcyan1
RNF144A,lightcyan1
RNF186,lightcyan1
RNF213,lightcyan1
ROBO1,lightcyan1
ROR2,lightcyan1
RP9,lightcyan1
RPH3AL,lightcyan1
RPL22L1,lightcyan1
RPP21,lightcyan1
RPS6KA2,lightcyan1
RPTOR,lightcyan1
RRH,lightcyan1
RRP15,lightcyan1
RTKN2,lightcyan1
RUNX2,lightcyan1
RWDD2B,lightcyan1
S100A6,lightcyan1
SACS,lightcyan1
SAMD4A,lightcyan1
SARS,lightcyan1
SCAND3,lightcyan1
SCARA3,lightcyan1
SCCPDH,lightcyan1
SCGB1D1,lightcyan1
SCGN,lightcyan1
SCHIP1,lightcyan1
SCMH1,lightcyan1
SCNN1G,lightcyan1
SCOC,lightcyan1
SDC2,lightcyan1
SDCCAG8,lightcyan1
SDHB,lightcyan1
SDK1,lightcyan1
SELI,lightcyan1
SEMA4G,lightcyan1
SEPSECS,lightcyan1
SERTAD4,lightcyan1
SETD8,lightcyan1
SFRP1,lightcyan1
SFRS8,lightcyan1
SFTA1P,lightcyan1
SGPP2,lightcyan1
SGTA,lightcyan1
SH3YL1,lightcyan1
SHANK2,lightcyan1
SHISA3,lightcyan1
SHQ1,lightcyan1
SIL1,lightcyan1
SLC13A3,lightcyan1
SLC13A4,lightcyan1
SLC15A4,lightcyan1
SLC17A2,lightcyan1
SLC17A7,lightcyan1
SLC20A2,lightcyan1
SLC22A18AS,lightcyan1
SLC22A2,lightcyan1
SLC22A23,lightcyan1
SLC25A13,lightcyan1
SLC25A2,lightcyan1
SLC25A21,lightcyan1
SLC36A3,lightcyan1
SLC41A1,lightcyan1
SLC45A4,lightcyan1
SLC5A12,lightcyan1
SLC6A1,lightcyan1
SLC7A1,lightcyan1
SLCO1A2,lightcyan1
SLIT3,lightcyan1
SMARCA2,lightcyan1
SMOC2,lightcyan1
SMTNL2,lightcyan1
SMYD2,lightcyan1
SND1,lightcyan1
SNHG11,lightcyan1
SNORA70B,lightcyan1
SNORD114-26,lightcyan1
SNRNP48,lightcyan1
SOLH,lightcyan1
SOSTDC1,lightcyan1
SOX2OT,lightcyan1
SOX5,lightcyan1
SPA17,lightcyan1
SPATA7,lightcyan1
SPINK5,lightcyan1
SPINK7,lightcyan1
SPSB1,lightcyan1
SPTA1,lightcyan1
SRGAP1,lightcyan1
SRL,lightcyan1
SSBP1,lightcyan1
SSBP2,lightcyan1
SSBP3,lightcyan1
SSTR4,lightcyan1
SSU72,lightcyan1
ST3GAL3,lightcyan1
ST6GALNAC3,lightcyan1
STAU2,lightcyan1
STIM1,lightcyan1
STOX2,lightcyan1
STRA6,lightcyan1
STRADA,lightcyan1
SUCLG2,lightcyan1
SVIL,lightcyan1
SYNPO2,lightcyan1
SYT6,lightcyan1
T,lightcyan1
TAF2,lightcyan1
TAF3,lightcyan1
TANC1,lightcyan1
TAOK2,lightcyan1
TAS2R14,lightcyan1
TAS2R16,lightcyan1
TAT,lightcyan1
TBC1D16,lightcyan1
TBC1D7,lightcyan1
TBC1D9,lightcyan1
TCIRG1,lightcyan1
TDRD6,lightcyan1
TECPR2,lightcyan1
TFAP2D,lightcyan1
TFCP2,lightcyan1
TFEC,lightcyan1
TFRC,lightcyan1
TGDS,lightcyan1
THADA,lightcyan1
TIGIT,lightcyan1
TJAP1,lightcyan1
TMCO4,lightcyan1
TMEM25,lightcyan1
TMEM68,lightcyan1
TMPRSS9,lightcyan1
TNXB,lightcyan1
TOP1MT,lightcyan1
TPD52L3,lightcyan1
TPM1,lightcyan1
TPO,lightcyan1
TPP2,lightcyan1
TRAPPC9,lightcyan1
TRERF1,lightcyan1
TRIM27,lightcyan1
TRIM29,lightcyan1
TRIM35,lightcyan1
TRIM39,lightcyan1
TRIM65,lightcyan1
TROAP,lightcyan1
TRPC6,lightcyan1
TRPS1,lightcyan1
TRPV1,lightcyan1
TRRAP,lightcyan1
TSGA13,lightcyan1
TTC12,lightcyan1
TTC15,lightcyan1
TTC17,lightcyan1
TTC21B,lightcyan1
TTLL10,lightcyan1
TTN,lightcyan1
TUBGCP2,lightcyan1
TUSC3,lightcyan1
TXNDC16,lightcyan1
UBASH3A,lightcyan1
UBD,lightcyan1
UBE3B,lightcyan1
UBE3C,lightcyan1
UBN1,lightcyan1
UBXN8,lightcyan1
UCP1,lightcyan1
USP20,lightcyan1
USP6NL,lightcyan1
UST,lightcyan1
VAMP3,lightcyan1
VPS13D,lightcyan1
WDFY3,lightcyan1
WDR1,lightcyan1
WDR27,lightcyan1
WDR53,lightcyan1
WDR66,lightcyan1
WDR75,lightcyan1
WDR86,lightcyan1
WHAMM,lightcyan1
WHSC1,lightcyan1
WIPI2,lightcyan1
WNT11,lightcyan1
WRB,lightcyan1
WWTR1,lightcyan1
XPO5,lightcyan1
YPEL5,lightcyan1
ZBTB4,lightcyan1
ZBTB46,lightcyan1
ZEB2,lightcyan1
ZFHX3,lightcyan1
ZFP62,lightcyan1
ZIC4,lightcyan1
ZMYND11,lightcyan1
ZMYND17,lightcyan1
ZNF169,lightcyan1
ZNF19,lightcyan1
ZNF195,lightcyan1
ZNF213,lightcyan1
ZNF215,lightcyan1
ZNF252,lightcyan1
ZNF331,lightcyan1
ZNF385B,lightcyan1
ZNF423,lightcyan1
ZNF487,lightcyan1
ZNF507,lightcyan1
ZNF518A,lightcyan1
ZNF536,lightcyan1
ZNF558,lightcyan1
ZNF594,lightcyan1
ZNF781,lightcyan1
ZNF789,lightcyan1
ZNF843,lightcyan1
ZP4,lightcyan1
ZSCAN10,lightcyan1
ZYG11A,lightcyan1
AACS,lightgreen
AADACL4,lightgreen
AATK,lightgreen
ABCA1,lightgreen
ABCC5,lightgreen
ABL2,lightgreen
ABLIM1,lightgreen
ACACB,lightgreen
ACADS,lightgreen
ACBD5,lightgreen
ACO1,lightgreen
ACOXL,lightgreen
ACRV1,lightgreen
ACSF3,lightgreen
ACSL1,lightgreen
ACTL6B,lightgreen
ACTN2,lightgreen
ACTR2,lightgreen
ADAD1,lightgreen
ADAM10,lightgreen
ADAMTS7,lightgreen
ADAMTS9,lightgreen
ADAMTSL3,lightgreen
ADAP1,lightgreen
ADARB2,lightgreen
ADCY1,lightgreen
ADH6,lightgreen
ADI1,lightgreen
ADIPOR1,lightgreen
ADORA2B,lightgreen
AEBP2,lightgreen
AFAP1,lightgreen
AFF3,lightgreen
AFTPH,lightgreen
AGAP1,lightgreen
AGBL3,lightgreen
AGMAT,lightgreen
AGPAT4,lightgreen
AGXT2,lightgreen
AHCYL1,lightgreen
AJAP1,lightgreen
AKAP2,lightgreen
AKAP6,lightgreen
AKAP7,lightgreen
AKNA,lightgreen
ALB,lightgreen
ALCAM,lightgreen
ALDH3A1,lightgreen
ALOX12P2,lightgreen
ALS2CR8,lightgreen
ALX4,lightgreen
AMBRA1,lightgreen
AMPD1,lightgreen
AMTN,lightgreen
ANKRD5,lightgreen
ANO1,lightgreen
ANO6,lightgreen
APAF1,lightgreen
APBA1,lightgreen
APBB2,lightgreen
APITD1,lightgreen
APLP2,lightgreen
APOD,lightgreen
ARFGEF1,lightgreen
ARHGAP15,lightgreen
ARHGAP24,lightgreen
ARHGAP26,lightgreen
ARHGAP28,lightgreen
ARHGEF12,lightgreen
ARHGEF3,lightgreen
ARID5B,lightgreen
ARIH2,lightgreen
ARL15,lightgreen
ARMC9,lightgreen
ARSG,lightgreen
ART1,lightgreen
ART3,lightgreen
ASAH2,lightgreen
ASB13,lightgreen
ASB14,lightgreen
ASB18,lightgreen
ASB8,lightgreen
ASCC3,lightgreen
ASF1A,lightgreen
ASXL1,lightgreen
ASXL2,lightgreen
ASZ1,lightgreen
ATE1,lightgreen
ATF3,lightgreen
ATG16L2,lightgreen
ATG7,lightgreen
ATP10A,lightgreen
ATP2C1,lightgreen
ATP4B,lightgreen
ATP5E,lightgreen
ATP5J2,lightgreen
ATP6V0D1,lightgreen
ATP6V0D2,lightgreen
ATP6V0E1,lightgreen
ATP7B,lightgreen
ATP8A2,lightgreen
ATP8B4,lightgreen
ATXN7,lightgreen
AXIN1,lightgreen
B3GALT1,lightgreen
B3GALTL,lightgreen
B3GNTL1,lightgreen
BAG2,lightgreen
BAG4,lightgreen
BAI3,lightgreen
BANK1,lightgreen
BANP,lightgreen
BARHL2,lightgreen
BASP1,lightgreen
BAT1,lightgreen
BAT3,lightgreen
BBS9,lightgreen
BCAP29,lightgreen
BCL2,lightgreen
BCL2L14,lightgreen
BCL3,lightgreen
BCL9,lightgreen
BICC1,lightgreen
BIRC2,lightgreen
BMI1,lightgreen
BOC,lightgreen
BRIP1,lightgreen
BRP44L,lightgreen
BRUNOL6,lightgreen
BTBD10,lightgreen
BTBD11,lightgreen
BTBD9,lightgreen
BTN2A2,lightgreen
C10ORF110,lightgreen
C10ORF12,lightgreen
C10ORF79,lightgreen
C10ORF81,lightgreen
C10ORF90,lightgreen
C10ORF93,lightgreen
C11ORF41,lightgreen
C11ORF57,lightgreen
C11ORF60,lightgreen
C11ORF61,lightgreen
C11ORF74,lightgreen
C11ORF95,lightgreen
C12ORF69,lightgreen
C12ORF74,lightgreen
C13ORF18,lightgreen
C13ORF31,lightgreen
C14ORF147,lightgreen
C14ORF184,lightgreen
C14ORF53,lightgreen
C14ORF80,lightgreen
C17ORF71,lightgreen
C18ORF55,lightgreen
C1ORF116,lightgreen
C1ORF125,lightgreen
C1ORF127,lightgreen
C1ORF14,lightgreen
C1ORF173,lightgreen
C1ORF174,lightgreen
C1ORF187,lightgreen
C1ORF26,lightgreen
C1ORF89,lightgreen
C1ORF9,lightgreen
C1ORF95,lightgreen
C1ORF97,lightgreen
C1QL4,lightgreen
C1QTNF7,lightgreen
C1QTNF9,lightgreen
C20ORF95,lightgreen
C2ORF28,lightgreen
C2ORF52,lightgreen
C2ORF55,lightgreen
C2ORF79,lightgreen
C3ORF10,lightgreen
C3ORF20,lightgreen
C3ORF26,lightgreen
C3ORF50,lightgreen
C3ORF63,lightgreen
C3ORF67,lightgreen
C3ORF79,lightgreen
C5ORF36,lightgreen
C5ORF45,lightgreen
C5ORF48,lightgreen
C5ORF58,lightgreen
C6ORF10,lightgreen
C6ORF106,lightgreen
C6ORF142,lightgreen
C6ORF162,lightgreen
C6ORF163,lightgreen
C6ORF174,lightgreen
C6ORF186,lightgreen
C6ORF201,lightgreen
C6ORF203,lightgreen
C6ORF221,lightgreen
C6ORF26,lightgreen
C7ORF16,lightgreen
C7ORF58,lightgreen
C8A,lightgreen
C8ORF22,lightgreen
C8ORF41,lightgreen
C8ORF42,lightgreen
C8ORF46,lightgreen
C8ORF79,lightgreen
C8ORF84,lightgreen
C9ORF3,lightgreen
C9ORF91,lightgreen
CACHD1,lightgreen
CACNA1C,lightgreen
CACNA1G,lightgreen
CACNA2D1,lightgreen
CADM1,lightgreen
CADPS2,lightgreen
CALD1,lightgreen
CAMK1D,lightgreen
CAMK4,lightgreen
CAMKK2,lightgreen
CAMTA1,lightgreen
CAPN13,lightgreen
CARS2,lightgreen
CASP3,lightgreen
CASP4,lightgreen
CASP8AP2,lightgreen
CBX1,lightgreen
CBY1,lightgreen
CCDC111,lightgreen
CCDC150,lightgreen
CCDC21,lightgreen
CCDC25,lightgreen
CCDC28A,lightgreen
CCDC6,lightgreen
CCDC64,lightgreen
CCDC67,lightgreen
CCDC76,lightgreen
CCDC83,lightgreen
CCDC88C,lightgreen
CCDC89,lightgreen
CCR7,lightgreen
CD1C,lightgreen
CD38,lightgreen
CD59,lightgreen
CD69,lightgreen
CD83,lightgreen
CD8A,lightgreen
CD96,lightgreen
CDC42SE1,lightgreen
CDCA7L,lightgreen
CDH6,lightgreen
CDK1,lightgreen
CDK12,lightgreen
CDK6,lightgreen
CDK8,lightgreen
CDKL3,lightgreen
CDYL,lightgreen
CECR5,lightgreen
CENPH,lightgreen
CEP72,lightgreen
CGN,lightgreen
CGREF1,lightgreen
CHD1L,lightgreen
CHD8,lightgreen
CHRM2,lightgreen
CHST11,lightgreen
CHST15,lightgreen
CHST8,lightgreen
CHSY1,lightgreen
CKAP2L,lightgreen
CLDN25,lightgreen
CLDND1,lightgreen
CMTM8,lightgreen
CNDP2,lightgreen
CNN3,lightgreen
CNOT10,lightgreen
CNOT2,lightgreen
CNTFR,lightgreen
CNTN3,lightgreen
COL20A1,lightgreen
COL23A1,lightgreen
COL24A1,lightgreen
COL27A1,lightgreen
COL28A1,lightgreen
COL4A2,lightgreen
COL6A3,lightgreen
COLEC11,lightgreen
COLQ,lightgreen
COX4I2,lightgreen
COX4NB,lightgreen
CPA3,lightgreen
CPA5,lightgreen
CPEB1,lightgreen
CPNE2,lightgreen
CPVL,lightgreen
CRABP1,lightgreen
CREBBP,lightgreen
CREBL2,lightgreen
CREM,lightgreen
CRIM1,lightgreen
CRISPLD2,lightgreen
CRTAP,lightgreen
CRTC1,lightgreen
CSMD1,lightgreen
CSNK1G3,lightgreen
CSNK2A1P,lightgreen
CSTF1,lightgreen
CSTF3,lightgreen
CTBS,lightgreen
CTNNA2,lightgreen
CTNNA3,lightgreen
CTSS,lightgreen
CUX1,lightgreen
CX3CR1,lightgreen
CXCL16,lightgreen
CXCR2,lightgreen
CYB5R4,lightgreen
CYBASC3,lightgreen
CYP1B1,lightgreen
CYP20A1,lightgreen
CYP24A1,lightgreen
CYTH1,lightgreen
DAB1,lightgreen
DAB2IP,lightgreen
DAP,lightgreen
DBR1,lightgreen
DCAF10,lightgreen
DCAF11,lightgreen
DCAF13,lightgreen
DCTN1,lightgreen
DCUN1D2,lightgreen
DDC,lightgreen
DDX46,lightgreen
DDX59,lightgreen
DENND1B,lightgreen
DGKH,lightgreen
DIP2C,lightgreen
DLC1,lightgreen
DLEC1,lightgreen
DLEU2,lightgreen
DMXL1,lightgreen
DNAH5,lightgreen
DNAH7,lightgreen
DNAH8,lightgreen
DNAJB6,lightgreen
DNAJC1,lightgreen
DNAJC15,lightgreen
DNAJC27,lightgreen
DNHD1,lightgreen
DNM1,lightgreen
DNM3,lightgreen
DOCK1,lightgreen
DOCK7,lightgreen
DPP6,lightgreen
DPP8,lightgreen
DPRX,lightgreen
DPY19L1,lightgreen
DPYS,lightgreen
DPYSL3,lightgreen
DRD5,lightgreen
DSE,lightgreen
DST,lightgreen
DTNBP1,lightgreen
DUPD1,lightgreen
DUS4L,lightgreen
DUT,lightgreen
DYNC1H1,lightgreen
DYNLRB2,lightgreen
DYX1C1,lightgreen
EBF1,lightgreen
EFHA2,lightgreen
EFNA5,lightgreen
EHBP1,lightgreen
EHD3,lightgreen
EIF2A,lightgreen
EIF3H,lightgreen
EML4,lightgreen
ENOX1,lightgreen
ENTHD1,lightgreen
ENTPD3,lightgreen
EP300,lightgreen
EPGN,lightgreen
EREG,lightgreen
ERO1L,lightgreen
ESAM,lightgreen
ESR1,lightgreen
ESR2,lightgreen
ESRP1,lightgreen
ESRRG,lightgreen
ESYT2,lightgreen
ETS1,lightgreen
ETV6,lightgreen
EXO1,lightgreen
EXOC4,lightgreen
EXOC6,lightgreen
EXT1,lightgreen
EXT2,lightgreen
EYA4,lightgreen
EZH2,lightgreen
FABP4,lightgreen
FAH,lightgreen
FAM115A,lightgreen
FAM133B,lightgreen
FAM135A,lightgreen
FAM13C,lightgreen
FAM155A,lightgreen
FAM159B,lightgreen
FAM161B,lightgreen
FAM163A,lightgreen
FAM164C,lightgreen
FAM171B,lightgreen
FAM174A,lightgreen
FAM184B,lightgreen
FAM189A1,lightgreen
FAM189B,lightgreen
FAM55D,lightgreen
FAM60A,lightgreen
FAM83B,lightgreen
FAM92A3,lightgreen
FANCA,lightgreen
FANCC,lightgreen
FANCE,lightgreen
FAP,lightgreen
FAR1,lightgreen
FAT1,lightgreen
FAT3,lightgreen
FBLN2,lightgreen
FBLN7,lightgreen
FBXL7,lightgreen
FBXO11,lightgreen
FBXO21,lightgreen
FBXO22,lightgreen
FBXO42,lightgreen
FBXW11,lightgreen
FER,lightgreen
FGD5,lightgreen
FGF9,lightgreen
FGG,lightgreen
FGGY,lightgreen
FILIP1,lightgreen
FKBP7,lightgreen
FLJ12825,lightgreen
FLJ22536,lightgreen
FLJ25363,lightgreen
FLNB,lightgreen
FLRT2,lightgreen
FLT4,lightgreen
FMN1,lightgreen
FMNL2,lightgreen
FMO1,lightgreen
FMO9P,lightgreen
FNBP4,lightgreen
FNDC3B,lightgreen
FOLR1,lightgreen
FOXK1,lightgreen
FOXO3,lightgreen
FOXP1,lightgreen
FRAS1,lightgreen
FREM2,lightgreen
FRMD4A,lightgreen
FRMD6,lightgreen
FSIP1,lightgreen
FUZ,lightgreen
FXN,lightgreen
GAB4,lightgreen
GABRA6,lightgreen
GABRB1,lightgreen
GABRB3,lightgreen
GAK,lightgreen
GAL3ST2,lightgreen
GALNT10,lightgreen
GALNT11,lightgreen
GALNTL2,lightgreen
GALNTL6,lightgreen
GALR3,lightgreen
GATAD1,lightgreen
GBP6,lightgreen
GCC2,lightgreen
GCNT2,lightgreen
GDF9,lightgreen
GFPT2,lightgreen
GFRA1,lightgreen
GFRA4,lightgreen
GHITM,lightgreen
GIMAP1,lightgreen
GIMAP4,lightgreen
GINS2,lightgreen
GLCCI1,lightgreen
GLDN,lightgreen
GLMN,lightgreen
GLT1D1,lightgreen
GMDS,lightgreen
GNA12,lightgreen
GNAL,lightgreen
GNL1,lightgreen
GNMT,lightgreen
GNPTAB,lightgreen
GOLGA4,lightgreen
GOLGA7B,lightgreen
GOLPH3,lightgreen
GOT1,lightgreen
GPC6,lightgreen
GPER,lightgreen
GPHN,lightgreen
GPR133,lightgreen
GPR160,lightgreen
GRB2,lightgreen
GREM1,lightgreen
GRHL2,lightgreen
GRIK4,lightgreen
GRIP1,lightgreen
GRM1,lightgreen
GRM8,lightgreen
GSG1,lightgreen
GSTO2,lightgreen
GTDC1,lightgreen
GULP1,lightgreen
GYS2,lightgreen
H2AFJ,lightgreen
HAPLN4,lightgreen
HBP1,lightgreen
HCG18,lightgreen
HCG27,lightgreen
HDAC4,lightgreen
HEATR2,lightgreen
HECTD3,lightgreen
HEG1,lightgreen
HELB,lightgreen
HGC6.3,lightgreen
HHAT,lightgreen
HIC1,lightgreen
HIST1H1B,lightgreen
HIVEP1,lightgreen
HLA-DOA,lightgreen
HLA-DOB,lightgreen
HLA-DPA1,lightgreen
HLA-L,lightgreen
HLX,lightgreen
HMCN1,lightgreen
HMGB4,lightgreen
HMMR,lightgreen
HNF1A,lightgreen
HNF4A,lightgreen
HNRNPM,lightgreen
HOXA3,lightgreen
HOXB1,lightgreen
HPS1,lightgreen
HPS5,lightgreen
HSD17B8,lightgreen
HSF4,lightgreen
HSF5,lightgreen
HSPA4L,lightgreen
HTN3,lightgreen
HTR1F,lightgreen
HYLS1,lightgreen
IAH1,lightgreen
ICMT,lightgreen
ID2B,lightgreen
IDI1,lightgreen
IDO1,lightgreen
IDO2,lightgreen
IFNG,lightgreen
IFT140,lightgreen
IFT80,lightgreen
IGF1R,lightgreen
IGF2R,lightgreen
IGFBP5,lightgreen
IGSF11,lightgreen
IGSF3,lightgreen
IKZF1,lightgreen
IL18,lightgreen
IL18RAP,lightgreen
IL19,lightgreen
IL20RA,lightgreen
IL22RA2,lightgreen
IL23R,lightgreen
ILKAP,lightgreen
INADL,lightgreen
ING2,lightgreen
INHBB,lightgreen
INPP4B,lightgreen
INPP5A,lightgreen
INSC,lightgreen
INSL5,lightgreen
IPO11,lightgreen
IQCC,lightgreen
IQGAP2,lightgreen
IRF2,lightgreen
IRF6,lightgreen
ITGB3BP,lightgreen
ITGB5,lightgreen
ITPKA,lightgreen
ITPR2,lightgreen
ITPRIP,lightgreen
ITSN2,lightgreen
JARID2,lightgreen
JMJD1C,lightgreen
JPH3,lightgreen
KBTBD10,lightgreen
KBTBD3,lightgreen
KCNAB1,lightgreen
KCNAB2,lightgreen
KCNE2,lightgreen
KCNH5,lightgreen
KCNH7,lightgreen
KCNJ16,lightgreen
KCNJ3,lightgreen
KCNK9,lightgreen
KCNMA1,lightgreen
KCNMB2,lightgreen
KCNMB3,lightgreen
KCNQ1,lightgreen
KDELR2,lightgreen
KIAA0141,lightgreen
KIAA0146,lightgreen
KIAA0240,lightgreen
KIAA0408,lightgreen
KIAA0562,lightgreen
KIAA0895,lightgreen
KIAA0907,lightgreen
KIAA0913,lightgreen
KIAA1217,lightgreen
KIAA1409,lightgreen
KIAA1712,lightgreen
KIAA1731,lightgreen
KIF11,lightgreen
KIF12,lightgreen
KIF15,lightgreen
KIF1B,lightgreen
KLF12,lightgreen
KLHL20,lightgreen
KLHL35,lightgreen
KLHL8,lightgreen
KLRB1,lightgreen
KLRD1,lightgreen
KNG1,lightgreen
KRT1,lightgreen
KRT12,lightgreen
KRT40,lightgreen
KRTAP21-3,lightgreen
KRTAP4-5,lightgreen
KSR2,lightgreen
KTN1,lightgreen
L2HGDH,lightgreen
LAMA2,lightgreen
LAMA4,lightgreen
LARS,lightgreen
LCORL,lightgreen
LDB2,lightgreen
LDHAL6B,lightgreen
LEF1,lightgreen
LHCGR,lightgreen
LHFPL2,lightgreen
LHFPL3,lightgreen
LIMCH1,lightgreen
LIMD1,lightgreen
LIPF,lightgreen
LMCD1,lightgreen
LMF1,lightgreen
LMOD3,lightgreen
LOC100130331,lightgreen
LOC100188947,lightgreen
LOC121838,lightgreen
LOC152225,lightgreen
LOC283867,lightgreen
LOC285830,lightgreen
LOC339535,lightgreen
LOC360030,lightgreen
LOC388946,lightgreen
LOC400804,lightgreen
LOC645323,lightgreen
LOC646999,lightgreen
LOC728448,lightgreen
LPA,lightgreen
LPCAT3,lightgreen
LPHN3,lightgreen
LPO,lightgreen
LPP,lightgreen
LRBA,lightgreen
LRCH3,lightgreen
LRDD,lightgreen
LRIT3,lightgreen
LRP2,lightgreen
LRPPRC,lightgreen
LRRC1,lightgreen
LRRC17,lightgreen
LRRC36,lightgreen
LRRC39,lightgreen
LRRC55,lightgreen
LRRC8B,lightgreen
LRRFIP1,lightgreen
LRRK1,lightgreen
LSM10,lightgreen
LUZP2,lightgreen
LYAR,lightgreen
LYPLAL1,lightgreen
MACC1,lightgreen
MAD1L1,lightgreen
MAGI1,lightgreen
MAGI2,lightgreen
MAML2,lightgreen
MAML3,lightgreen
MAP1B,lightgreen
MAP2K4,lightgreen
MAP2K5,lightgreen
MAPKBP1,lightgreen
MAR-08,lightgreen
MC2R,lightgreen
MCAT,lightgreen
MCF2L,lightgreen
MCOLN2,lightgreen
MDH1,lightgreen
MED12L,lightgreen
MED13,lightgreen
MED16,lightgreen
MED26,lightgreen
MED27,lightgreen
MEIS2,lightgreen
METTL6,lightgreen
MFSD8,lightgreen
MGAT5B,lightgreen
MGC4473,lightgreen
MGC87042,lightgreen
MGEA5,lightgreen
MGMT,lightgreen
MICAL2,lightgreen
MIR1246,lightgreen
MIR1471,lightgreen
MIR182,lightgreen
MIR211,lightgreen
MIR301B,lightgreen
MIR30D,lightgreen
MIR346,lightgreen
MIR518E,lightgreen
MIR548Q,lightgreen
MIR592,lightgreen
MIR597,lightgreen
MIR708,lightgreen
MITF,lightgreen
MLLT6,lightgreen
MMP1,lightgreen
MMP13,lightgreen
MOBKL2C,lightgreen
MOCS1,lightgreen
MPND,lightgreen
MPP7,lightgreen
MRGPRG,lightgreen
MRO,lightgreen
MRPL42,lightgreen
MRPL48,lightgreen
MT1M,lightgreen
MTA2,lightgreen
MTMR12,lightgreen
MTMR2,lightgreen
MTMR9,lightgreen
MTNR1A,lightgreen
MTOR,lightgreen
MUC4,lightgreen
MUSK,lightgreen
MYB,lightgreen
MYC,lightgreen
MYCBPAP,lightgreen
MYEOV2,lightgreen
MYH11,lightgreen
MYLK4,lightgreen
MYO16,lightgreen
MYO5C,lightgreen
MYO7B,lightgreen
MYOF,lightgreen
MYOM1,lightgreen
MYT1L,lightgreen
NAAA,lightgreen
NACA,lightgreen
NAPG,lightgreen
NARS2,lightgreen
NAT2,lightgreen
NBR1,lightgreen
NCF2,lightgreen
NCKAP5,lightgreen
NCRNA00120,lightgreen
NCRNA00171,lightgreen
NDE1,lightgreen
NECAP2,lightgreen
NEDD9,lightgreen
NEGR1,lightgreen
NEK1,lightgreen
NEK9,lightgreen
NEUROG2,lightgreen
NF1,lightgreen
NFATC1,lightgreen
NFIX,lightgreen
NFKBIZ,lightgreen
NFYC,lightgreen
NGB,lightgreen
NGEF,lightgreen
NGFR,lightgreen
NHEDC2,lightgreen
NID1,lightgreen
NINJ1,lightgreen
NIPAL3,lightgreen
NKPD1,lightgreen
NOC4L,lightgreen
NOD1,lightgreen
NOD2,lightgreen
NOM1,lightgreen
NOTCH4,lightgreen
NPFFR2,lightgreen
NPHP4,lightgreen
NPHS2,lightgreen
NPY5R,lightgreen
NR4A2,lightgreen
NRCAM,lightgreen
NRXN1,lightgreen
NRXN2,lightgreen
NSD1,lightgreen
NT5C1B,lightgreen
NT5C2,lightgreen
NTNG1,lightgreen
NUBPL,lightgreen
NUDT5,lightgreen
NUMA1,lightgreen
NUP98,lightgreen
NXF1,lightgreen
NXN,lightgreen
OC90,lightgreen
OCA2,lightgreen
ODAM,lightgreen
ODZ4,lightgreen
OIT3,lightgreen
OLFML2A,lightgreen
OLIG2,lightgreen
OPCML,lightgreen
OPN4,lightgreen
OPTC,lightgreen
OR10C1,lightgreen
OR10H3,lightgreen
OR1S1,lightgreen
OR4D1,lightgreen
OR51E2,lightgreen
OR5K2,lightgreen
OR6X1,lightgreen
OR8B12,lightgreen
OR8U8,lightgreen
OR9Q1,lightgreen
OSBPL11,lightgreen
OSBPL5,lightgreen
OSBPL9,lightgreen
OSGIN2,lightgreen
OTX2,lightgreen
OVGP1,lightgreen
OXA1L,lightgreen
OXCT1,lightgreen
OXR1,lightgreen
P11,lightgreen
P2RY6,lightgreen
P4HA2,lightgreen
PAG1,lightgreen
PALLD,lightgreen
PALM2,lightgreen
PAM,lightgreen
PAN3,lightgreen
PAPOLB,lightgreen
PAQR5,lightgreen
PARK2,lightgreen
PARM1,lightgreen
PARVA,lightgreen
PAX7,lightgreen
PBLD,lightgreen
PBX1,lightgreen
PBX4,lightgreen
PCBD1,lightgreen
PCDH7,lightgreen
PCDH9,lightgreen
PCDHB9,lightgreen
PCDHGA1,lightgreen
PCGF3,lightgreen
PCP4L1,lightgreen
PCYOX1,lightgreen
PDCD1LG2,lightgreen
PDE6D,lightgreen
PDE7B,lightgreen
PDGFD,lightgreen
PDIA5,lightgreen
PDLIM7,lightgreen
PDZD8,lightgreen
PELI1,lightgreen
PELI2,lightgreen
PET117,lightgreen
PFKP,lightgreen
PGS1,lightgreen
PHACTR1,lightgreen
PHLDB2,lightgreen
PIGH,lightgreen
PIK3AP1,lightgreen
PIK3C2A,lightgreen
PIK3R1,lightgreen
PIK3R2,lightgreen
PKHD1L1,lightgreen
PKIA,lightgreen
PLAC8L1,lightgreen
PLAG1,lightgreen
PLB1,lightgreen
PLCB4,lightgreen
PLCE1,lightgreen
PLCZ1,lightgreen
PLEKHG1,lightgreen
PLEKHH3,lightgreen
PLXNA2,lightgreen
PLXNA4,lightgreen
PMM2,lightgreen
PNLDC1,lightgreen
PNPLA7,lightgreen
POMT1,lightgreen
PPBPL2,lightgreen
PPIL4,lightgreen
PPM1L,lightgreen
PPME1,lightgreen
PPP1R11,lightgreen
PPP2R3C,lightgreen
PPP2R5E,lightgreen
PPT2,lightgreen
PRDM16,lightgreen
PRDM6,lightgreen
PRKAG2,lightgreen
PRKAR1B,lightgreen
PRKAR2B,lightgreen
PRKCA,lightgreen
PRKCE,lightgreen
PRKCH,lightgreen
PRKCQ,lightgreen
PRKCZ,lightgreen
PRLR,lightgreen
PRR21,lightgreen
PRR5L,lightgreen
PSORS1C1,lightgreen
PTDSS1,lightgreen
PTGER4,lightgreen
PTGFRN,lightgreen
PTGS1,lightgreen
PTHLH,lightgreen
PTPN14,lightgreen
PTPN3,lightgreen
PTPN4,lightgreen
PTPRN2,lightgreen
PTPRQ,lightgreen
PTPRU,lightgreen
PWP2,lightgreen
PXDN,lightgreen
PXK,lightgreen
RAB18,lightgreen
RAB1A,lightgreen
RAB20,lightgreen
RAB32,lightgreen
RAB38,lightgreen
RAB7L1,lightgreen
RAB9P1,lightgreen
RABEP1,lightgreen
RAD51L1,lightgreen
RANBP17,lightgreen
RAPGEF4,lightgreen
RAPH1,lightgreen
RASA3,lightgreen
RASGEF1C,lightgreen
RASGRF2,lightgreen
RASGRP2,lightgreen
RASGRP3,lightgreen
RASSF1,lightgreen
RASSF6,lightgreen
RB1CC1,lightgreen
RBBP4,lightgreen
RBM33,lightgreen
RBM45,lightgreen
RBMS1,lightgreen
RBMS3,lightgreen
RBX1,lightgreen
RC3H2,lightgreen
RDBP,lightgreen
RERE,lightgreen
RETNLB,lightgreen
REXO1L2P,lightgreen
RFFL,lightgreen
RFX4,lightgreen
RG9MTD3,lightgreen
RGNEF,lightgreen
RGS20,lightgreen
RHOJ,lightgreen
RICS,lightgreen
RIMS1,lightgreen
RIMS2,lightgreen
RING1,lightgreen
RLTPR,lightgreen
RNASE12,lightgreen
RNASEL,lightgreen
RNF169,lightgreen
RNF17,lightgreen
RNF175,lightgreen
RNF216,lightgreen
RNFT2,lightgreen
ROR1,lightgreen
RORA,lightgreen
RORB,lightgreen
RORC,lightgreen
RPA3,lightgreen
RPIA,lightgreen
RPL23AP53,lightgreen
RPL27A,lightgreen
RPL34,lightgreen
RPS10P7,lightgreen
RPS15AP10,lightgreen
RPS27L,lightgreen
RPS3A,lightgreen
RPS6KA2,lightgreen
RPSA,lightgreen
RPTOR,lightgreen
RREB1,lightgreen
RSPO2,lightgreen
RUNDC3B,lightgreen
RUNX2,lightgreen
RYR3,lightgreen
SAA2,lightgreen
SAMD4A,lightgreen
SAMD7,lightgreen
SAMD9,lightgreen
SAP18,lightgreen
SAV1,lightgreen
SBF2,lightgreen
SCAND3,lightgreen
SCD5,lightgreen
SCFD1,lightgreen
SCG5,lightgreen
SCGN,lightgreen
SCN10A,lightgreen
SCN3A,lightgreen
SDK1,lightgreen
SDPR,lightgreen
SEC1,lightgreen
SEC11A,lightgreen
SEC24D,lightgreen
SEC61A2,lightgreen
SEMA3E,lightgreen
SEMA5A,lightgreen
SEMA5B,lightgreen
SEMG2,lightgreen
SETD7,lightgreen
SFMBT1,lightgreen
SFRS18,lightgreen
SFRS8,lightgreen
SGK269,lightgreen
SGMS1,lightgreen
SGMS2,lightgreen
SH2D4A,lightgreen
SH3BP4,lightgreen
SH3BP5,lightgreen
SH3RF1,lightgreen
SHANK2,lightgreen
SHQ1,lightgreen
SHROOM3,lightgreen
SIAE,lightgreen
SIDT1,lightgreen
SIPA1L2,lightgreen
SIRT1,lightgreen
SIRT6,lightgreen
SLAIN1,lightgreen
SLAIN2,lightgreen
SLC10A7,lightgreen
SLC12A8,lightgreen
SLC15A4,lightgreen
SLC16A4,lightgreen
SLC17A8,lightgreen
SLC19A3,lightgreen
SLC1A2,lightgreen
SLC1A7,lightgreen
SLC22A23,lightgreen
SLC22A25,lightgreen
SLC22A9,lightgreen
SLC24A5,lightgreen
SLC25A21,lightgreen
SLC25A4,lightgreen
SLC26A4,lightgreen
SLC26A5,lightgreen
SLC28A1,lightgreen
SLC2A13,lightgreen
SLC2A4,lightgreen
SLC2A9,lightgreen
SLC30A1,lightgreen
SLC39A11,lightgreen
SLC45A1,lightgreen
SLC4A1AP,lightgreen
SLC4A4,lightgreen
SLC6A16,lightgreen
SLC6A3,lightgreen
SLC6A6,lightgreen
SLC7A1,lightgreen
SLC8A3,lightgreen
SLC9A4,lightgreen
SLCO1B1,lightgreen
SLIT3,lightgreen
SLITRK1,lightgreen
SLITRK6,lightgreen
SLU7,lightgreen
SMARCA4,lightgreen
SMARCC1,lightgreen
SMOC2,lightgreen
SMURF2,lightgreen
SNAI1,lightgreen
SNAP91,lightgreen
SNAPC1,lightgreen
SNCAIP,lightgreen
SND1,lightgreen
SNED1,lightgreen
SNORA49,lightgreen
SNORD27,lightgreen
SNTB2,lightgreen
SNTG1,lightgreen
SNTG2,lightgreen
SNX2,lightgreen
SNX21,lightgreen
SNX3,lightgreen
SOBP,lightgreen
SOCS6,lightgreen
SOS1,lightgreen
SOX2OT,lightgreen
SOX5,lightgreen
SPAG16,lightgreen
SPAG6,lightgreen
SPATA16,lightgreen
SPATA21,lightgreen
SPATS2,lightgreen
SPINK5L3,lightgreen
SPON1,lightgreen
SPOPL,lightgreen
SPRR1A,lightgreen
SPZ1,lightgreen
SRGAP2,lightgreen
SRI,lightgreen
SRP54,lightgreen
SRPK2,lightgreen
SSBP2,lightgreen
SSFA2,lightgreen
SSH2,lightgreen
SSTR1,lightgreen
SSX2IP,lightgreen
ST3GAL3,lightgreen
ST6GALNAC5,lightgreen
ST8SIA2,lightgreen
ST8SIA4,lightgreen
STARD13,lightgreen
STK3,lightgreen
STK32A,lightgreen
STK39,lightgreen
STRA8,lightgreen
STXBP6,lightgreen
STYX,lightgreen
SULF2,lightgreen
SUMF1,lightgreen
SUPT3H,lightgreen
SUV420H1,lightgreen
SV2B,lightgreen
SVOPL,lightgreen
SYNE1,lightgreen
SYNJ2,lightgreen
SYNPO,lightgreen
SYNPO2,lightgreen
T,lightgreen
TAAR1,lightgreen
TAAR2,lightgreen
TAC1,lightgreen
TACC1,lightgreen
TAF13,lightgreen
TAF6,lightgreen
TANK,lightgreen
TAPBP,lightgreen
TAPT1,lightgreen
TAS2R16,lightgreen
TAS2R19,lightgreen
TAS2R40,lightgreen
TAS2R8,lightgreen
TBC1D1,lightgreen
TBC1D4,lightgreen
TBCD,lightgreen
TBKBP1,lightgreen
TBX1,lightgreen
TBX15,lightgreen
TCERG1L,lightgreen
TCF12,lightgreen
TCF7L2,lightgreen
TCP10L,lightgreen
TCTE3,lightgreen
TDRD10,lightgreen
TDRD9,lightgreen
TDRG1,lightgreen
TERF2,lightgreen
TES,lightgreen
TFCP2,lightgreen
TFCP2L1,lightgreen
TFPI,lightgreen
TFPI2,lightgreen
THADA,lightgreen
THEM4,lightgreen
THRB,lightgreen
THSD7B,lightgreen
TIPIN,lightgreen
TKTL2,lightgreen
TLE3,lightgreen
TLR2,lightgreen
TM9SF1,lightgreen
TM9SF3,lightgreen
TMBIM1,lightgreen
TMCO3,lightgreen
TMED5,lightgreen
TMEFF1,lightgreen
TMEM102,lightgreen
TMEM132C,lightgreen
TMEM132D,lightgreen
TMEM139,lightgreen
TMEM149,lightgreen
TMEM154,lightgreen
TMEM167A,lightgreen
TMEM176B,lightgreen
TMEM181,lightgreen
TMEM182,lightgreen
TMEM232,lightgreen
TMEM49,lightgreen
TMEM68,lightgreen
TMEM74,lightgreen
TMEM80,lightgreen
TMTC1,lightgreen
TNFAIP8,lightgreen
TNFRSF11B,lightgreen
TNFRSF19,lightgreen
TNFRSF8,lightgreen
TNFSF13B,lightgreen
TNIK,lightgreen
TNIP3,lightgreen
TNK2,lightgreen
TNNI3K,lightgreen
TNRC6B,lightgreen
TNXB,lightgreen
TP63,lightgreen
TPD52,lightgreen
TPK1,lightgreen
TPO,lightgreen
TPST1,lightgreen
TRAM1L1,lightgreen
TRAPPC9,lightgreen
TREML4,lightgreen
TRERF1,lightgreen
TRIM14,lightgreen
TRIM26,lightgreen
TRIM27,lightgreen
TRIM31,lightgreen
TRIM6-TRIM34,lightgreen
TRIM7,lightgreen
TRIO,lightgreen
TRIT1,lightgreen
TRPC1,lightgreen
TRPC7,lightgreen
TRPM1,lightgreen
TRRAP,lightgreen
TSFM,lightgreen
TSGA10,lightgreen
TSHR,lightgreen
TSLP,lightgreen
TSNARE1,lightgreen
TSPYL6,lightgreen
TTC17,lightgreen
TTC24,lightgreen
TTC5,lightgreen
TTF2,lightgreen
TTN,lightgreen
TTR,lightgreen
TWISTNB,lightgreen
TXK,lightgreen
TXNDC8,lightgreen
TXNRD2,lightgreen
UBASH3B,lightgreen
UBD,lightgreen
UBE2E3,lightgreen
UBR3,lightgreen
UHRF1BP1L,lightgreen
UNC45B,lightgreen
UNC80,lightgreen
UNC84A,lightgreen
UNC93B1,lightgreen
UPP1,lightgreen
URGCP,lightgreen
USO1,lightgreen
USP3,lightgreen
USP37,lightgreen
USP42,lightgreen
USP44,lightgreen
USP6NL,lightgreen
UST,lightgreen
VAV2,lightgreen
VEGFA,lightgreen
VHL,lightgreen
VIPR2,lightgreen
VNN2,lightgreen
VOPP1,lightgreen
VPS13D,lightgreen
VPS52,lightgreen
VPS53,lightgreen
VSX1,lightgreen
VWA1,lightgreen
VWA3B,lightgreen
WBSCR22,lightgreen
WDR19,lightgreen
WDR27,lightgreen
WDR36,lightgreen
WDR37,lightgreen
WDR43,lightgreen
WDR65,lightgreen
WDR7,lightgreen
WDR88,lightgreen
WDR91,lightgreen
WSCD1,lightgreen
WWP2,lightgreen
XKR4,lightgreen
XKR6,lightgreen
XPO5,lightgreen
XPO6,lightgreen
YBX1,lightgreen
YLPM1,lightgreen
YWHAQ,lightgreen
ZAK,lightgreen
ZBBX,lightgreen
ZBTB16,lightgreen
ZBTB24,lightgreen
ZBTB44,lightgreen
ZC3H8,lightgreen
ZCWPW2,lightgreen
ZFAND2A,lightgreen
ZFHX4,lightgreen
ZFPM2,lightgreen
ZMYND17,lightgreen
ZMYND8,lightgreen
ZNF184,lightgreen
ZNF197,lightgreen
ZNF205,lightgreen
ZNF248,lightgreen
ZNF260,lightgreen
ZNF277,lightgreen
ZNF28,lightgreen
ZNF280B,lightgreen
ZNF30,lightgreen
ZNF311,lightgreen
ZNF365,lightgreen
ZNF423,lightgreen
ZNF444,lightgreen
ZNF451,lightgreen
ZNF462,lightgreen
ZNF507,lightgreen
ZNF517,lightgreen
ZNF524,lightgreen
ZNF614,lightgreen
ZNF616,lightgreen
ZNF688,lightgreen
ZNF721,lightgreen
ZNF776,lightgreen
ZNF780B,lightgreen
ZNF783,lightgreen
ZNF791,lightgreen
ZNF823,lightgreen
ZNHIT6,lightgreen
ZSWIM6,lightgreen
ABI2,lightsteelblue1
ABL1,lightsteelblue1
ABLIM3,lightsteelblue1
ACCS,lightsteelblue1
ADAMTS6,lightsteelblue1
ALDH3B1,lightsteelblue1
ANXA4,lightsteelblue1
AP3B1,lightsteelblue1
ARFGEF2,lightsteelblue1
ARID3B,lightsteelblue1
ARL13B,lightsteelblue1
ARL5B,lightsteelblue1
ASCL2,lightsteelblue1
ATOX1,lightsteelblue1
ATPAF1,lightsteelblue1
BANF1,lightsteelblue1
BAT2,lightsteelblue1
BAT3,lightsteelblue1
BAT4,lightsteelblue1
BIK,lightsteelblue1
BMP8A,lightsteelblue1
BRCA2,lightsteelblue1
BRD2,lightsteelblue1
BYSL,lightsteelblue1
C12ORF27,lightsteelblue1
C13ORF39,lightsteelblue1
C14ORF126,lightsteelblue1
C15ORF17,lightsteelblue1
C1ORF109,lightsteelblue1
C1ORF114,lightsteelblue1
C1QL1,lightsteelblue1
C20ORF3,lightsteelblue1
C22ORF28,lightsteelblue1
C2ORF74,lightsteelblue1
C6ORF48,lightsteelblue1
C9ORF68,lightsteelblue1
CABYR,lightsteelblue1
CADM1,lightsteelblue1
CADPS2,lightsteelblue1
CALM2,lightsteelblue1
CAMSAP1,lightsteelblue1
CARHSP1,lightsteelblue1
CBARA1,lightsteelblue1
CCDC134,lightsteelblue1
CCDC149,lightsteelblue1
CCND3,lightsteelblue1
CDKN1B,lightsteelblue1
CDKN1C,lightsteelblue1
CEBPG,lightsteelblue1
CENPQ,lightsteelblue1
CENPT,lightsteelblue1
CEP72,lightsteelblue1
CETN3,lightsteelblue1
CGGBP1,lightsteelblue1
CLCC1,lightsteelblue1
CLDN7,lightsteelblue1
COBLL1,lightsteelblue1
COMMD2,lightsteelblue1
COX18,lightsteelblue1
CPLX2,lightsteelblue1
CRIP2,lightsteelblue1
CRISPLD1,lightsteelblue1
CSMD3,lightsteelblue1
CTBS,lightsteelblue1
CTDSP2,lightsteelblue1
CTTNBP2NL,lightsteelblue1
CYB5R1,lightsteelblue1
DAXX,lightsteelblue1
DAZAP1,lightsteelblue1
DCAF5,lightsteelblue1
DCAF7,lightsteelblue1
DDX25,lightsteelblue1
DEXI,lightsteelblue1
DHX16,lightsteelblue1
DIAPH1,lightsteelblue1
DLX4,lightsteelblue1
DNAJB12,lightsteelblue1
DNAJC18,lightsteelblue1
DNAL1,lightsteelblue1
DNTTIP2,lightsteelblue1
DPP10,lightsteelblue1
DPP3,lightsteelblue1
DPY30,lightsteelblue1
DPYD,lightsteelblue1
DSC3,lightsteelblue1
DSCAM,lightsteelblue1
DUSP12,lightsteelblue1
DYNC1LI1,lightsteelblue1
EHHADH,lightsteelblue1
EIF4A1,lightsteelblue1
EML4,lightsteelblue1
ERP29,lightsteelblue1
ESCO1,lightsteelblue1
ESF1,lightsteelblue1
ETV2,lightsteelblue1
ETV4,lightsteelblue1
EXOC1,lightsteelblue1
EZR,lightsteelblue1
FAF1,lightsteelblue1
FAM115A,lightsteelblue1
FAM160A1,lightsteelblue1
FAM174B,lightsteelblue1
FAM195B,lightsteelblue1
FAM59B,lightsteelblue1
FBL,lightsteelblue1
FBN1,lightsteelblue1
FBXO11,lightsteelblue1
FDPS,lightsteelblue1
FNDC3B,lightsteelblue1
FOXD2,lightsteelblue1
G3BP1,lightsteelblue1
GABBR1,lightsteelblue1
GABRB2,lightsteelblue1
GCLM,lightsteelblue1
GLIPR1L2,lightsteelblue1
GNAS,lightsteelblue1
GOLPH3,lightsteelblue1
GPBP1,lightsteelblue1
GPD1L,lightsteelblue1
GSS,lightsteelblue1
GTPBP1,lightsteelblue1
HCCA2,lightsteelblue1
HCFC1R1,lightsteelblue1
HHIP,lightsteelblue1
HIST1H2BE,lightsteelblue1
HIST1H3G,lightsteelblue1
HIST2H2AB,lightsteelblue1
HM13,lightsteelblue1
HMGN4,lightsteelblue1
HS6ST3,lightsteelblue1
HSPA9,lightsteelblue1
HSPD1,lightsteelblue1
IFT140,lightsteelblue1
IFT74,lightsteelblue1
INSIG1,lightsteelblue1
IPCEF1,lightsteelblue1
IQSEC1,lightsteelblue1
ISPD,lightsteelblue1
ITSN1,lightsteelblue1
ITSN2,lightsteelblue1
JMJD7,lightsteelblue1
KCNIP1,lightsteelblue1
KCNJ9,lightsteelblue1
KCNK6,lightsteelblue1
KCNK9,lightsteelblue1
KIAA1310,lightsteelblue1
KIDINS220,lightsteelblue1
KIF15,lightsteelblue1
KIFC1,lightsteelblue1
KLF12,lightsteelblue1
KLF7,lightsteelblue1
KLHL1,lightsteelblue1
KLHL28,lightsteelblue1
LBR,lightsteelblue1
LCA5,lightsteelblue1
LCORL,lightsteelblue1
LEO1,lightsteelblue1
LGSN,lightsteelblue1
LHX1,lightsteelblue1
LLPH,lightsteelblue1
LMAN2L,lightsteelblue1
LRRC20,lightsteelblue1
MADD,lightsteelblue1
MAFF,lightsteelblue1
MALAT1,lightsteelblue1
MAP2K7,lightsteelblue1
MAP3K6,lightsteelblue1
MBTD1,lightsteelblue1
MCM3APAS,lightsteelblue1
MED28,lightsteelblue1
MEIS2,lightsteelblue1
MGAT1,lightsteelblue1
MGC42105,lightsteelblue1
MIR1181,lightsteelblue1
MLLT10,lightsteelblue1
MORG1,lightsteelblue1
MPG,lightsteelblue1
MPI,lightsteelblue1
MRPS18C,lightsteelblue1
MTHFD1,lightsteelblue1
MUL1,lightsteelblue1
MYO9A,lightsteelblue1
MYOF,lightsteelblue1
NCRNA00188,lightsteelblue1
NDRG2,lightsteelblue1
NEIL2,lightsteelblue1
NEK7,lightsteelblue1
NKAIN2,lightsteelblue1
NKTR,lightsteelblue1
NME6,lightsteelblue1
NRBF2,lightsteelblue1
NUF2,lightsteelblue1
NUMA1,lightsteelblue1
NUP98,lightsteelblue1
OR8U8,lightsteelblue1
P2RX7,lightsteelblue1
PAFAH1B3,lightsteelblue1
PCSK5,lightsteelblue1
PDE1C,lightsteelblue1
PHB2,lightsteelblue1
PHF13,lightsteelblue1
PHF20,lightsteelblue1
PIK3CA,lightsteelblue1
PIWIL1,lightsteelblue1
PKM2,lightsteelblue1
POLRMT,lightsteelblue1
PPP1R13L,lightsteelblue1
PRDM12,lightsteelblue1
PRMT3,lightsteelblue1
PSMA3,lightsteelblue1
PTMA,lightsteelblue1
PXT1,lightsteelblue1
RAB30,lightsteelblue1
RAB4A,lightsteelblue1
RAD54B,lightsteelblue1
RBM47,lightsteelblue1
RBM6,lightsteelblue1
RCOR3,lightsteelblue1
RECQL,lightsteelblue1
RELL2,lightsteelblue1
RFX8,lightsteelblue1
RGMB,lightsteelblue1
RHOBTB1,lightsteelblue1
RIC8B,lightsteelblue1
RIOK2,lightsteelblue1
RND3,lightsteelblue1
RNF14,lightsteelblue1
RNF145,lightsteelblue1
RNPEP,lightsteelblue1
ROMO1,lightsteelblue1
RPL13AP5,lightsteelblue1
RPL17,lightsteelblue1
RPLP0,lightsteelblue1
RPP21,lightsteelblue1
RPUSD4,lightsteelblue1
RRM2,lightsteelblue1
RUNX2,lightsteelblue1
SACM1L,lightsteelblue1
SAMD1,lightsteelblue1
SAMD13,lightsteelblue1
SAMD9,lightsteelblue1
SCAMP3,lightsteelblue1
SCYL1,lightsteelblue1
SDCCAG1,lightsteelblue1
SDHAF2,lightsteelblue1
SELK,lightsteelblue1
SENP1,lightsteelblue1
SERTAD1,lightsteelblue1
SFPQ,lightsteelblue1
SFRS3,lightsteelblue1
SHISA3,lightsteelblue1
SHISA7,lightsteelblue1
SIK2,lightsteelblue1
SLC12A6,lightsteelblue1
SLC22A2,lightsteelblue1
SLC30A1,lightsteelblue1
SLC43A2,lightsteelblue1
SLFN12L,lightsteelblue1
SMPD3,lightsteelblue1
SNAP25,lightsteelblue1
SNORA57,lightsteelblue1
SNORD104,lightsteelblue1
SNRPD2,lightsteelblue1
SNX24,lightsteelblue1
SNX27,lightsteelblue1
SOCS2,lightsteelblue1
SOCS6,lightsteelblue1
SORBS2,lightsteelblue1
SORCS1,lightsteelblue1
SP9,lightsteelblue1
SRFBP1,lightsteelblue1
SRRM3,lightsteelblue1
STARD3NL,lightsteelblue1
SUDS3,lightsteelblue1
SUPT4H1,lightsteelblue1
SUPV3L1,lightsteelblue1
T,lightsteelblue1
TAPBP,lightsteelblue1
TBC1D15,lightsteelblue1
TBC1D4,lightsteelblue1
TCF19,lightsteelblue1
TCF7L2,lightsteelblue1
TECTA,lightsteelblue1
TFRC,lightsteelblue1
TIMM44,lightsteelblue1
TIRAP,lightsteelblue1
TMEM150A,lightsteelblue1
TMEM155,lightsteelblue1
TMEM161B,lightsteelblue1
TMEM97,lightsteelblue1
TMF1,lightsteelblue1
TOPORS,lightsteelblue1
TPRA1,lightsteelblue1
TRNP1,lightsteelblue1
TSEN15,lightsteelblue1
TSPYL1,lightsteelblue1
TTC23L,lightsteelblue1
TTC29,lightsteelblue1
TTLL9,lightsteelblue1
TXNL1,lightsteelblue1
UBA2,lightsteelblue1
UBTF,lightsteelblue1
ULBP2,lightsteelblue1
UNC80,lightsteelblue1
USP3,lightsteelblue1
USP33,lightsteelblue1
UTP15,lightsteelblue1
VAPA,lightsteelblue1
VEGFB,lightsteelblue1
VPS52,lightsteelblue1
VRK2,lightsteelblue1
WDR59,lightsteelblue1
WDR81,lightsteelblue1
WRN,lightsteelblue1
XRCC4,lightsteelblue1
YIPF4,lightsteelblue1
ZBTB17,lightsteelblue1
ZDHHC18,lightsteelblue1
ZDHHC6,lightsteelblue1
ZFAND6,lightsteelblue1
ZFP64,lightsteelblue1
ZFYVE20,lightsteelblue1
ZMYM6,lightsteelblue1
ZNF135,lightsteelblue1
ZNF219,lightsteelblue1
ZNF25,lightsteelblue1
ZNF335,lightsteelblue1
ZNF362,lightsteelblue1
ZNF509,lightsteelblue1
ZNF641,lightsteelblue1
ZNF680,lightsteelblue1
ZNF813,lightsteelblue1
ZNF833,lightsteelblue1
AACS,lightyellow
AARSD1,lightyellow
ABAT,lightyellow
ABCA1,lightyellow
ABCA5,lightyellow
ABCE1,lightyellow
ACAD10,lightyellow
ACAD9,lightyellow
ACAP2,lightyellow
ACCN4,lightyellow
ACCS,lightyellow
ACP6,lightyellow
ACTR1B,lightyellow
ADAM10,lightyellow
ADAMTSL5,lightyellow
ADAR,lightyellow
ADARB2,lightyellow
ADAT1,lightyellow
ADPGK,lightyellow
ADRA2C,lightyellow
ADRBK1,lightyellow
AGAP1,lightyellow
AGBL4,lightyellow
AGBL5,lightyellow
AGL,lightyellow
AKAP13,lightyellow
AKIRIN1,lightyellow
AKT1,lightyellow
ALG5,lightyellow
ALG9,lightyellow
ALK,lightyellow
AMPH,lightyellow
ANAPC10,lightyellow
ANKFY1,lightyellow
ANKRD16,lightyellow
ANKRD43,lightyellow
ANO10,lightyellow
ANO6,lightyellow
ANUBL1,lightyellow
AP2M1,lightyellow
APITD1,lightyellow
APPL1,lightyellow
ARMC9,lightyellow
ARRDC4,lightyellow
ARSA,lightyellow
ASB18,lightyellow
ASH2L,lightyellow
ASPSCR1,lightyellow
ATAD2B,lightyellow
ATF4,lightyellow
ATG4C,lightyellow
ATM,lightyellow
ATP10A,lightyellow
ATP11A,lightyellow
ATP2B4,lightyellow
ATP5J,lightyellow
ATRN,lightyellow
ATXN1,lightyellow
ATXN2,lightyellow
AUTS2,lightyellow
AVL9,lightyellow
AXIN1,lightyellow
B3GALT4,lightyellow
B4GALT3,lightyellow
B4GALT5,lightyellow
BANF1,lightyellow
BCAS2,lightyellow
BCAS4,lightyellow
BCCIP,lightyellow
BCDIN3D,lightyellow
BCKDHB,lightyellow
BCL11B,lightyellow
BCL2,lightyellow
BCL6,lightyellow
BCL9L,lightyellow
BET1,lightyellow
BHLHE40,lightyellow
BIN1,lightyellow
BIRC3,lightyellow
BLOC1S3,lightyellow
BMPR2,lightyellow
BRAF,lightyellow
BRD2,lightyellow
C10ORF114,lightyellow
C10ORF119,lightyellow
C10ORF140,lightyellow
C10ORF4,lightyellow
C11ORF91,lightyellow
C12ORF57,lightyellow
C13ORF18,lightyellow
C14ORF1,lightyellow
C14ORF101,lightyellow
C14ORF102,lightyellow
C14ORF106,lightyellow
C14ORF119,lightyellow
C14ORF132,lightyellow
C14ORF135,lightyellow
C15ORF21,lightyellow
C16ORF38,lightyellow
C16ORF57,lightyellow
C16ORF80,lightyellow
C17ORF80,lightyellow
C18ORF45,lightyellow
C19ORF30,lightyellow
C19ORF54,lightyellow
C1ORF109,lightyellow
C1ORF172,lightyellow
C1ORF57,lightyellow
C21ORF63,lightyellow
C2ORF3,lightyellow
C4ORF42,lightyellow
C4ORF43,lightyellow
C5ORF24,lightyellow
C5ORF34,lightyellow
C6ORF108,lightyellow
C6ORF120,lightyellow
C6ORF134,lightyellow
C6ORF52,lightyellow
C7ORF33,lightyellow
C7ORF36,lightyellow
C7ORF38,lightyellow
C7ORF50,lightyellow
C7ORF58,lightyellow
C9ORF163,lightyellow
C9ORF75,lightyellow
CACNG2,lightyellow
CACNG3,lightyellow
CADPS,lightyellow
CAPSL,lightyellow
CAT,lightyellow
CBFA2T2,lightyellow
CBFA2T3,lightyellow
CBFB,lightyellow
CBL,lightyellow
CCDC101,lightyellow
CCDC104,lightyellow
CCDC123,lightyellow
CCDC132,lightyellow
CCDC39,lightyellow
CCDC61,lightyellow
CCDC72,lightyellow
CCDC84,lightyellow
CCNA1,lightyellow
CCND1,lightyellow
CCNG1,lightyellow
CCNJ,lightyellow
CCNT2,lightyellow
CCT2,lightyellow
CD164,lightyellow
CD3EAP,lightyellow
CDC16,lightyellow
CDC42BPB,lightyellow
CDKAL1,lightyellow
CDKN2C,lightyellow
CENPN,lightyellow
CEP72,lightyellow
CEP78,lightyellow
CHERP,lightyellow
CHORDC1,lightyellow
CHRM2,lightyellow
CHRNE,lightyellow
CHST14,lightyellow
CHST2,lightyellow
CKAP2,lightyellow
CLASP2,lightyellow
CLCN1,lightyellow
CLDN10,lightyellow
CLDN12,lightyellow
CLDN3,lightyellow
CLDND1,lightyellow
CLPB,lightyellow
CLPTM1L,lightyellow
CLSTN3,lightyellow
CNTLN,lightyellow
COBL,lightyellow
COIL,lightyellow
COL12A1,lightyellow
COL24A1,lightyellow
COQ5,lightyellow
COQ9,lightyellow
COX16,lightyellow
COX5B,lightyellow
CREBZF,lightyellow
CRHR2,lightyellow
CRY1,lightyellow
CRYBA2,lightyellow
CSMD3,lightyellow
CSTB,lightyellow
CTCF,lightyellow
CTNND2,lightyellow
CTSF,lightyellow
CTTN,lightyellow
CYB561,lightyellow
CYFIP1,lightyellow
CYGB,lightyellow
CYHR1,lightyellow
CYP1B1,lightyellow
D2HGDH,lightyellow
DAB1,lightyellow
DACH1,lightyellow
DAD1,lightyellow
DAXX,lightyellow
DBF4B,lightyellow
DBN1,lightyellow
DBX1,lightyellow
DDOST,lightyellow
DDX10,lightyellow
DDX18,lightyellow
DDX24,lightyellow
DDX42,lightyellow
DDX52,lightyellow
DDX58,lightyellow
DDX6,lightyellow
DEPDC5,lightyellow
DFFA,lightyellow
DHX37,lightyellow
DIS3L,lightyellow
DIXDC1,lightyellow
DKFZP686O24166,lightyellow
DLG4,lightyellow
DNAH5,lightyellow
DNAH7,lightyellow
DNAJB13,lightyellow
DNAJB4,lightyellow
DNAJC16,lightyellow
DNAJC7,lightyellow
DNM1L,lightyellow
DNTTIP2,lightyellow
DOCK1,lightyellow
DOCK9,lightyellow
DPH2,lightyellow
DSEL,lightyellow
DVL3,lightyellow
DYNC2H1,lightyellow
DYRK1B,lightyellow
DZIP3,lightyellow
EBF3,lightyellow
EDN1,lightyellow
EEF1E1,lightyellow
EEFSEC,lightyellow
EFCAB4B,lightyellow
EFR3A,lightyellow
EGR4,lightyellow
EIF4G1,lightyellow
ELFN1,lightyellow
ELMOD1,lightyellow
ELOF1,lightyellow
EME1,lightyellow
EMID2,lightyellow
EMILIN3,lightyellow
EML6,lightyellow
EMX1,lightyellow
ENDOD1,lightyellow
ENPP4,lightyellow
ERG,lightyellow
ERLIN2,lightyellow
ESCO2,lightyellow
EXOSC4,lightyellow
EXOSC8,lightyellow
EXOSC9,lightyellow
F11R,lightyellow
FAAH,lightyellow
FAHD2A,lightyellow
FAM109A,lightyellow
FAM111A,lightyellow
FAM115A,lightyellow
FAM117A,lightyellow
FAM126B,lightyellow
FAM149B1,lightyellow
FAM150B,lightyellow
FAM19A5,lightyellow
FAM46A,lightyellow
FAM63B,lightyellow
FAM81A,lightyellow
FAM98A,lightyellow
FANCL,lightyellow
FASTKD5,lightyellow
FBL,lightyellow
FBN1,lightyellow
FBXL2,lightyellow
FBXL21,lightyellow
FBXL7,lightyellow
FBXO8,lightyellow
FBXO9,lightyellow
FER,lightyellow
FEZF1,lightyellow
FGF14,lightyellow
FGF22,lightyellow
FHIT,lightyellow
FICD,lightyellow
FKBP10,lightyellow
FLJ36031,lightyellow
FLJ39653,lightyellow
FLNC,lightyellow
FMNL2,lightyellow
FNBP4,lightyellow
FOXM1,lightyellow
FOXQ1,lightyellow
FOXRED1,lightyellow
FRAS1,lightyellow
FRMD4A,lightyellow
FSD2,lightyellow
FZD3,lightyellow
GABARAPL1,lightyellow
GAL3ST2,lightyellow
GARS,lightyellow
GAS2L3,lightyellow
GATAD2B,lightyellow
GCLC,lightyellow
GDI2,lightyellow
GDPD5,lightyellow
GFI1,lightyellow
GFOD1,lightyellow
GFRA1,lightyellow
GGA1,lightyellow
GGH,lightyellow
GLCCI1,lightyellow
GLRB,lightyellow
GLTPD1,lightyellow
GNA12,lightyellow
GNAI2,lightyellow
GNL3,lightyellow
GOLPH3,lightyellow
GOLT1B,lightyellow
GP6,lightyellow
GPR113,lightyellow
GPR135,lightyellow
GPR160,lightyellow
GPR6,lightyellow
GRB2,lightyellow
GREM2,lightyellow
GRHL2,lightyellow
GRIA4,lightyellow
GRPEL2,lightyellow
GSR,lightyellow
GTF2E2,lightyellow
GTF2H4,lightyellow
GTF2H5,lightyellow
GTF3C4,lightyellow
GTPBP1,lightyellow
GULP1,lightyellow
GXYLT1,lightyellow
H2AFY,lightyellow
HAS2,lightyellow
HCCA2,lightyellow
HDAC4,lightyellow
HEATR5B,lightyellow
HEXB,lightyellow
HIPK1,lightyellow
HIRA,lightyellow
HIST1H2AB,lightyellow
HIST1H2AD,lightyellow
HIST1H2BC,lightyellow
HIST1H2BD,lightyellow
HLA-J,lightyellow
HNRNPD,lightyellow
HNRNPF,lightyellow
HNRNPUL2,lightyellow
HOXB4,lightyellow
HOXC10,lightyellow
HOXC8,lightyellow
HOXC9,lightyellow
HPCA,lightyellow
HRH2,lightyellow
HRNBP3,lightyellow
HSD11B1L,lightyellow
HSD3B7,lightyellow
HTATIP2,lightyellow
ICA1,lightyellow
ICAM5,lightyellow
IFIT5,lightyellow
IGF1R,lightyellow
IGFBP3,lightyellow
IL20RA,lightyellow
IL27RA,lightyellow
IL28RA,lightyellow
ILF2,lightyellow
ILVBL,lightyellow
IMP3,lightyellow
IMPA1,lightyellow
IMPACT,lightyellow
INPP5A,lightyellow
INSL6,lightyellow
INSM2,lightyellow
INTU,lightyellow
IRAK3,lightyellow
ISLR2,lightyellow
ISM1,lightyellow
ITFG2,lightyellow
ITGB8,lightyellow
IVNS1ABP,lightyellow
JAG2,lightyellow
KALRN,lightyellow
KANK4,lightyellow
KBTBD6,lightyellow
KCNQ1DN,lightyellow
KCTD1,lightyellow
KDELR1,lightyellow
KDM2B,lightyellow
KIAA0100,lightyellow
KIAA0355,lightyellow
KIAA0664,lightyellow
KIAA1033,lightyellow
KIAA1279,lightyellow
KIAA1383,lightyellow
KIAA1429,lightyellow
KIAA1543,lightyellow
KIAA1826,lightyellow
KIDINS220,lightyellow
KIF1B,lightyellow
KIF9,lightyellow
KLC2,lightyellow
KLF14,lightyellow
KLHDC10,lightyellow
KLHL11,lightyellow
KPNA3,lightyellow
KRI1,lightyellow
KRR1,lightyellow
LARS,lightyellow
LEPR,lightyellow
LIFR,lightyellow
LIN7A,lightyellow
LMBRD1,lightyellow
LNP1,lightyellow
LOC100009676,lightyellow
LOC100130581,lightyellow
LOC100130691,lightyellow
LOC100133991,lightyellow
LOC100134713,lightyellow
LOC283267,lightyellow
LOC285696,lightyellow
LOC349114,lightyellow
LOC400752,lightyellow
LONP2,lightyellow
LOX,lightyellow
LRFN2,lightyellow
LRFN5,lightyellow
LRP11,lightyellow
LRP8,lightyellow
LRRC8B,lightyellow
LTBP4,lightyellow
LY6G5C,lightyellow
MAD1L1,lightyellow
MAGI2,lightyellow
MAN1A1,lightyellow
MAP2K6,lightyellow
MAP3K7IP2,lightyellow
MAP4,lightyellow
MAPK8IP3,lightyellow
MAR-06,lightyellow
MAR-11,lightyellow
MARS,lightyellow
MARS2,lightyellow
MAST3,lightyellow
MCCC1,lightyellow
MCL1,lightyellow
MED23,lightyellow
MEIG1,lightyellow
MFSD1,lightyellow
MGAT1,lightyellow
MIER3,lightyellow
MIIP,lightyellow
MIR1227,lightyellow
MIR449C,lightyellow
MIR543,lightyellow
MIR548G,lightyellow
MIR548H4,lightyellow
MIR636,lightyellow
MLH1,lightyellow
MLLT3,lightyellow
MLN,lightyellow
MOSC2,lightyellow
MPPE1,lightyellow
MPZL3,lightyellow
MRGPRE,lightyellow
MRO,lightyellow
MRPL13,lightyellow
MRPL15,lightyellow
MRPL20,lightyellow
MRPS18B,lightyellow
MSI1,lightyellow
MSI2,lightyellow
MTBP,lightyellow
MTG1,lightyellow
MTMR6,lightyellow
MYCN,lightyellow
MYL6,lightyellow
MYL6B,lightyellow
MYLIP,lightyellow
NAA15,lightyellow
NAA16,lightyellow
NAA25,lightyellow
NAA30,lightyellow
NAB2,lightyellow
NADSYN1,lightyellow
NAE1,lightyellow
NAF1,lightyellow
NASP,lightyellow
NAT15,lightyellow
NBR1,lightyellow
NCLN,lightyellow
NCOA2,lightyellow
NDFIP2,lightyellow
NDNL2,lightyellow
NDUFA11,lightyellow
NDUFA2,lightyellow
NDUFA4,lightyellow
NDUFV1,lightyellow
NECAP1,lightyellow
NEK3,lightyellow
NEK7,lightyellow
NELL2,lightyellow
NEO1,lightyellow
NFIC,lightyellow
NIN,lightyellow
NKX2-5,lightyellow
NME6,lightyellow
NNT,lightyellow
NOP16,lightyellow
NOS3,lightyellow
NOTUM,lightyellow
NOVA2,lightyellow
NPHP1,lightyellow
NPLOC4,lightyellow
NPPC,lightyellow
NPR3,lightyellow
NQO2,lightyellow
NR2C2,lightyellow
NR2F2,lightyellow
NR3C1,lightyellow
NR3C2,lightyellow
NR6A1,lightyellow
NRG2,lightyellow
NTRK3,lightyellow
NUMB,lightyellow
NUP35,lightyellow
NXPH1,lightyellow
OBFC2B,lightyellow
OCEL1,lightyellow
ODF3L1,lightyellow
ODZ4,lightyellow
ONECUT1,lightyellow
OPCML,lightyellow
OPN3,lightyellow
PAFAH1B1,lightyellow
PANK1,lightyellow
PANX1,lightyellow
PARD3,lightyellow
PAX6,lightyellow
PC,lightyellow
PCBP1,lightyellow
PCF11,lightyellow
PCMTD1,lightyellow
PCOTH,lightyellow
PCSK1,lightyellow
PCYOX1L,lightyellow
PCYT1A,lightyellow
PDCD11,lightyellow
PET112L,lightyellow
PEX11A,lightyellow
PEX3,lightyellow
PFDN1,lightyellow
PFKFB3,lightyellow
PGBD1,lightyellow
PHF14,lightyellow
PHLDB3,lightyellow
PHTF1,lightyellow
PHTF2,lightyellow
PI4KB,lightyellow
PIAS2,lightyellow
PIGL,lightyellow
PIGN,lightyellow
PIGO,lightyellow
PINX1,lightyellow
PION,lightyellow
PIP5K1A,lightyellow
PKIA,lightyellow
PLA2G6,lightyellow
PLS1,lightyellow
PNPLA6,lightyellow
POLDIP3,lightyellow
POLR2K,lightyellow
POLR3B,lightyellow
PPARD,lightyellow
PPM1J,lightyellow
PPP1CC,lightyellow
PPP1R12A,lightyellow
PPP1R15B,lightyellow
PPP2R5D,lightyellow
PPP3CA,lightyellow
PRDM11,lightyellow
PRIM2,lightyellow
PRKAG2,lightyellow
PRKAR1B,lightyellow
PRKAR2B,lightyellow
PRKCE,lightyellow
PRKCZ,lightyellow
PRMT5,lightyellow
PRMT7,lightyellow
PROC,lightyellow
PROM1,lightyellow
PRPF4B,lightyellow
PRPF8,lightyellow
PRR5-ARHGAP8,lightyellow
PRRG4,lightyellow
PSMB2,lightyellow
PSMB8,lightyellow
PSMD1,lightyellow
PSMD6,lightyellow
PSME1,lightyellow
PSMG1,lightyellow
PTCHD2,lightyellow
PTHLH,lightyellow
PTK2B,lightyellow
PTPLAD1,lightyellow
PTPRO,lightyellow
PUF60,lightyellow
PXN,lightyellow
RAB27A,lightyellow
RAB40B,lightyellow
RAB6B,lightyellow
RABGEF1,lightyellow
RAD51L1,lightyellow
RADIL,lightyellow
RAG1AP1,lightyellow
RALGAPA2,lightyellow
RALYL,lightyellow
RASA3,lightyellow
RBL1,lightyellow
RBM22,lightyellow
RBM23,lightyellow
RBM24,lightyellow
RCE1,lightyellow
REL,lightyellow
RHEB,lightyellow
RHOQ,lightyellow
RIMBP2,lightyellow
RING1,lightyellow
RND1,lightyellow
RNF111,lightyellow
RNF135,lightyellow
RNF139,lightyellow
RNF150,lightyellow
RNF26,lightyellow
RP1,lightyellow
RPAP1,lightyellow
RPL26L1,lightyellow
RPL27A,lightyellow
RPRD2,lightyellow
RPRML,lightyellow
RPS12,lightyellow
RPS19,lightyellow
RPS27L,lightyellow
RPS6,lightyellow
RPTOR,lightyellow
RSBN1L,lightyellow
RSRC2,lightyellow
RSU1,lightyellow
SAMD8,lightyellow
SAP30,lightyellow
SAPS3,lightyellow
SCN8A,lightyellow
SDCBP2,lightyellow
SDK1,lightyellow
SEC22B,lightyellow
SEC24C,lightyellow
SEC24D,lightyellow
SERGEF,lightyellow
SERPINB5,lightyellow
SERPINH1,lightyellow
SETD7,lightyellow
SETD8,lightyellow
SETMAR,lightyellow
SF3B2,lightyellow
SF3B3,lightyellow
SFRP4,lightyellow
SFRS18,lightyellow
SFRS2B,lightyellow
SFRS4,lightyellow
SFXN1,lightyellow
SFXN5,lightyellow
SGCE,lightyellow
SGK1,lightyellow
SH2D3A,lightyellow
SH3GL3,lightyellow
SHCBP1,lightyellow
SHISA3,lightyellow
SHOX2,lightyellow
SHQ1,lightyellow
SIAH1,lightyellow
SIRT4,lightyellow
SKIV2L2,lightyellow
SLC16A1,lightyellow
SLC16A10,lightyellow
SLC1A1,lightyellow
SLC1A4,lightyellow
SLC25A1,lightyellow
SLC29A2,lightyellow
SLC34A1,lightyellow
SLC37A1,lightyellow
SLC44A4,lightyellow
SLC4A3,lightyellow
SLC7A1,lightyellow
SLC7A6,lightyellow
SLC9A8,lightyellow
SLCO2A1,lightyellow
SLFN5,lightyellow
SLIT3,lightyellow
SMARCE1,lightyellow
SMO,lightyellow
SNF8,lightyellow
SNHG8,lightyellow
SNORD116-11,lightyellow
SNORD45C,lightyellow
SNRNP27,lightyellow
SNRNP48,lightyellow
SNRNP70,lightyellow
SNRPB,lightyellow
SNW1,lightyellow
SNX8,lightyellow
SOS1,lightyellow
SOX5,lightyellow
SPACA1,lightyellow
SPAG7,lightyellow
SPG20,lightyellow
SPRYD4,lightyellow
SPSB4,lightyellow
SPTBN4,lightyellow
SRFBP1,lightyellow
SRP9,lightyellow
SRRT,lightyellow
SS18,lightyellow
SS18L1,lightyellow
SSU72,lightyellow
ST3GAL4,lightyellow
ST6GAL2,lightyellow
ST8SIA1,lightyellow
STARD13,lightyellow
STAU2,lightyellow
STK32C,lightyellow
STK39,lightyellow
STMN1,lightyellow
STMN3,lightyellow
STX11,lightyellow
STX16,lightyellow
STX2,lightyellow
STX4,lightyellow
SULF1,lightyellow
SUMF1,lightyellow
SUPV3L1,lightyellow
SUSD1,lightyellow
SVIL,lightyellow
SYNJ2BP,lightyellow
SYNRG,lightyellow
SYT14,lightyellow
SYT6,lightyellow
TAF1B,lightyellow
TAF6,lightyellow
TASP1,lightyellow
TATDN1,lightyellow
TBC1D5,lightyellow
TBR1,lightyellow
TCERG1L,lightyellow
TCF19,lightyellow
TCF4,lightyellow
TDRKH,lightyellow
TESK1,lightyellow
TFAP4,lightyellow
TFG,lightyellow
TGFB1,lightyellow
THBS2,lightyellow
TKT,lightyellow
TLE4,lightyellow
TMBIM4,lightyellow
TMBIM6,lightyellow
TMCO1,lightyellow
TMED7,lightyellow
TMEM110,lightyellow
TMEM121,lightyellow
TMEM132C,lightyellow
TMEM146,lightyellow
TMEM160,lightyellow
TMEM175,lightyellow
TMEM18,lightyellow
TMEM41B,lightyellow
TMEM62,lightyellow
TMEM80,lightyellow
TMOD3,lightyellow
TNFAIP8,lightyellow
TNFRSF21,lightyellow
TNFSF12,lightyellow
TNKS2,lightyellow
TNNC1,lightyellow
TNRC18,lightyellow
TOMM40,lightyellow
TOMM40L,lightyellow
TOMM7,lightyellow
TPM1,lightyellow
TPO,lightyellow
TRA2A,lightyellow
TRAF3IP2,lightyellow
TRAF4,lightyellow
TRAF5,lightyellow
TRAPPC1,lightyellow
TRAPPC9,lightyellow
TRIM23,lightyellow
TRIM26,lightyellow
TRIM31,lightyellow
TRIM55,lightyellow
TRIM59,lightyellow
TRIM61,lightyellow
TSGA14,lightyellow
TSNAX-DISC1,lightyellow
TSPAN14,lightyellow
TSPYL5,lightyellow
TTBK1,lightyellow
TTC29,lightyellow
TTLL7,lightyellow
TTLL9,lightyellow
TUBB,lightyellow
TUBE1,lightyellow
TULP2,lightyellow
TUT1,lightyellow
TXNDC15,lightyellow
TXNRD2,lightyellow
TYSND1,lightyellow
UBA6,lightyellow
UBAC2,lightyellow
UBE2B,lightyellow
UBE2C,lightyellow
UBE2M,lightyellow
UBE2U,lightyellow
UBE4A,lightyellow
UBTD1,lightyellow
UEVLD,lightyellow
UFM1,lightyellow
UPF3A,lightyellow
UQCRFS1,lightyellow
UROD,lightyellow
USH1C,lightyellow
USO1,lightyellow
USP1,lightyellow
USP5,lightyellow
VAC14,lightyellow
VAMP4,lightyellow
VARS,lightyellow
VGLL4,lightyellow
VPS18,lightyellow
VPS26A,lightyellow
VPS41,lightyellow
VPS53,lightyellow
VPS8,lightyellow
VSTM2B,lightyellow
WDR19,lightyellow
WDR67,lightyellow
WDR69,lightyellow
WDR89,lightyellow
WDR92,lightyellow
WIPF1,lightyellow
WNT2B,lightyellow
WNT5A,lightyellow
WRNIP1,lightyellow
WWC1,lightyellow
WWOX,lightyellow
XDH,lightyellow
XPO4,lightyellow
XRCC1,lightyellow
XRCC2,lightyellow
YAF2,lightyellow
YWHAH,lightyellow
YY1,lightyellow
ZBBX,lightyellow
ZBTB20,lightyellow
ZC3H7B,lightyellow
ZEB1,lightyellow
ZFC3H1,lightyellow
ZFHX3,lightyellow
ZFYVE20,lightyellow
ZIK1,lightyellow
ZMPSTE24,lightyellow
ZMYM1,lightyellow
ZMYND10,lightyellow
ZNF184,lightyellow
ZNF19,lightyellow
ZNF219,lightyellow
ZNF223,lightyellow
ZNF224,lightyellow
ZNF248,lightyellow
ZNF264,lightyellow
ZNF284,lightyellow
ZNF324,lightyellow
ZNF334,lightyellow
ZNF341,lightyellow
ZNF354C,lightyellow
ZNF391,lightyellow
ZNF529,lightyellow
ZNF575,lightyellow
ZNF615,lightyellow
ZNF620,lightyellow
ZNF665,lightyellow
ZNF680,lightyellow
ZNF783,lightyellow
ZNF8,lightyellow
ZNF833,lightyellow
ZP3,lightyellow
ZRANB2,lightyellow
ZSCAN1,lightyellow
ZSCAN18,lightyellow
ZSCAN20,lightyellow
ZSWIM6,lightyellow
A2BP1,magenta
ABCA11P,magenta
ABCA13,magenta
ABCC13,magenta
ABCC5,magenta
ABHD13,magenta
ABLIM3,magenta
ACAT1,magenta
ACOT2,magenta
ACTL9,magenta
ACTR3,magenta
ACTR3B,magenta
ADAD1,magenta
ADAMTS17,magenta
ADAMTS8,magenta
ADARB1,magenta
ADD3,magenta
ADHFE1,magenta
ADK,magenta
AEBP1,magenta
AFTPH,magenta
AGPHD1,magenta
AGRN,magenta
AHRR,magenta
AK3L1,magenta
AK5,magenta
ALDH1A2,magenta
ALDH6A1,magenta
ALG3,magenta
ALOXE3,magenta
AMN1,magenta
ANAPC5,magenta
ANAPC7,magenta
ANK2,magenta
ANKFY1,magenta
ANKH,magenta
ANKMY1,magenta
ANKRD12,magenta
ANKRD17,magenta
ANKRD26P1,magenta
ANKRD30A,magenta
ANO6,magenta
AP1G1,magenta
AP2A1,magenta
APC,magenta
APH1A,magenta
APH1B,magenta
APOLD1,magenta
ARF3,magenta
ARG2,magenta
ARHGAP10,magenta
ARHGEF10,magenta
ARL2BP,magenta
ARL8A,magenta
ARPP19,magenta
ASAP3,magenta
ASB7,magenta
ASTN1,magenta
ATAD5,magenta
ATG16L1,magenta
ATG4C,magenta
ATG5,magenta
ATM,magenta
ATP1A2,magenta
ATP6V0A1,magenta
ATP6V0D1,magenta
ATP6V1A,magenta
ATPGD1,magenta
ATXN1,magenta
AZI2,magenta
B3GNT3,magenta
B3GNTL1,magenta
BACE1,magenta
BCAM,magenta
BET1,magenta
BIN3,magenta
BLOC1S2,magenta
BMPER,magenta
BOLL,magenta
BPTF,magenta
BRCA1,magenta
BRF1,magenta
BSDC1,magenta
BSX,magenta
BTBD11,magenta
BTBD19,magenta
BUD13,magenta
C10ORF4,magenta
C11ORF46,magenta
C11ORF58,magenta
C11ORF60,magenta
C11ORF64,magenta
C12ORF49,magenta
C14ORF28,magenta
C14ORF79,magenta
C15ORF2,magenta
C16ORF73,magenta
C17ORF57,magenta
C17ORF60,magenta
C17ORF97,magenta
C1ORF124,magenta
C1ORF183,magenta
C1ORF9,magenta
C1QTNF9,magenta
C20ORF112,magenta
C20ORF26,magenta
C20ORF96,magenta
C22ORF27,magenta
C22ORF41,magenta
C2ORF55,magenta
C2ORF63,magenta
C3ORF33,magenta
C3ORF39,magenta
C3ORF57,magenta
C4ORF41,magenta
C4ORF44,magenta
C5ORF28,magenta
C5ORF34,magenta
C5ORF58,magenta
C6ORF10,magenta
C6ORF115,magenta
C6ORF52,magenta
C6ORF89,magenta
C7ORF20,magenta
C7ORF49,magenta
C8ORF55,magenta
C8ORF85,magenta
C9ORF114,magenta
C9ORF7,magenta
CA3,magenta
CABYR,magenta
CACNB4,magenta
CALB2,magenta
CAMTA1,magenta
CARM1,magenta
CARTPT,magenta
CCAR1,magenta
CCDC101,magenta
CCDC105,magenta
CCDC106,magenta
CCDC117,magenta
CCDC33,magenta
CCDC36,magenta
CCDC72,magenta
CCDC79,magenta
CCDC84,magenta
CCDC9,magenta
CCDC93,magenta
CCDC99,magenta
CCNC,magenta
CCND2,magenta
CCNG1,magenta
CCNT2,magenta
CCT6P1,magenta
CD302,magenta
CD34,magenta
CD8A,magenta
CDC42SE2,magenta
CDC5L,magenta
CDH18,magenta
CDH8,magenta
CDK1,magenta
CDK13,magenta
CDK19,magenta
CDKN1C,magenta
CDT1,magenta
CELSR1,magenta
CENPE,magenta
CENPH,magenta
CENPK,magenta
CENPL,magenta
CEP135,magenta
CERKL,magenta
CES4,magenta
CFL1,magenta
CHAD,magenta
CHD3,magenta
CHD7,magenta
CHL1,magenta
CHORDC1,magenta
CLDN12,magenta
CLDN7,magenta
CLEC16A,magenta
CLIP2,magenta
CLK3,magenta
CLNS1A,magenta
CLU,magenta
CNIH,magenta
CNR1,magenta
CNST,magenta
CNTD2,magenta
CNTN4,magenta
CNTN5,magenta
COG1,magenta
COL11A1,magenta
COL27A1,magenta
COL5A1,magenta
COQ5,magenta
COQ6,magenta
COX4NB,magenta
COX6A2,magenta
CP110,magenta
CPSF3,magenta
CREM,magenta
CRISP2,magenta
CSE1L,magenta
CSGALNACT2,magenta
CSMD2,magenta
CSNK1G1,magenta
CSTF3,magenta
CTNNA1,magenta
CTNNAL1,magenta
CUGBP2,magenta
CUL1,magenta
CXADR,magenta
CYC1,magenta
CYP2B6,magenta
CYP51A1,magenta
DAB1,magenta
DALRD3,magenta
DBN1,magenta
DBR1,magenta
DCTN6,magenta
DDA1,magenta
DDAH2,magenta
DDR1,magenta
DDX18,magenta
DDX25,magenta
DDX43,magenta
DEFB116,magenta
DEPDC6,magenta
DERA,magenta
DFFA,magenta
DHRS7,magenta
DHRS7B,magenta
DHX16,magenta
DHX29,magenta
DHX40,magenta
DHX57,magenta
DIDO1,magenta
DKFZP434H168,magenta
DKK1,magenta
DLX5,magenta
DNAH6,magenta
DNAH9,magenta
DNAJA3,magenta
DNAJA4,magenta
DNAJC18,magenta
DNASE2,magenta
DOK5,magenta
DPF3,magenta
DPYD,magenta
DPYSL2,magenta
DSE,magenta
DSTYK,magenta
DUSP5,magenta
DVL2,magenta
DYNC1H1,magenta
DYRK1B,magenta
DYX1C1,magenta
EDC4,magenta
EED,magenta
EFCAB5,magenta
EGFLAM,magenta
EHMT2,magenta
EIF3B,magenta
EIF4A1,magenta
EIF5A,magenta
ELANE,magenta
ELOVL5,magenta
EN1,magenta
ENOX1,magenta
ENTPD4,magenta
ENY2,magenta
EP400NL,magenta
ERLIN2,magenta
ESRRB,magenta
ETV1,magenta
EXOC3,magenta
EXOSC3,magenta
EYA1,magenta
FABP5,magenta
FAIM3,magenta
FAM105B,magenta
FAM117A,magenta
FAM120AOS,magenta
FAM135A,magenta
FAM13C,magenta
FAM160B2,magenta
FAM168A,magenta
FAM172A,magenta
FAM5B,magenta
FAM5C,magenta
FAM60A,magenta
FAM83D,magenta
FAM96A,magenta
FBXL13,magenta
FBXL15,magenta
FBXL17,magenta
FBXL20,magenta
FBXO21,magenta
FBXO38,magenta
FBXO4,magenta
FBXO5,magenta
FDPS,magenta
FEM1C,magenta
FEZ2,magenta
FGF14,magenta
FIBIN,magenta
FKBP2,magenta
FKBPL,magenta
FLJ90757,magenta
FLRT2,magenta
FLT4,magenta
FNDC3B,magenta
FOXN3,magenta
FOXP1,magenta
FRMD4A,magenta
FST,magenta
FUT9,magenta
FYTTD1,magenta
GALNTL4,magenta
GAP43,magenta
GATA4,magenta
GBP2,magenta
GCLM,magenta
GDAP1,magenta
GDF11,magenta
GDPD1,magenta
GFI1,magenta
GFOD1,magenta
GLB1,magenta
GLT1D1,magenta
GMFG,magenta
GNG7,magenta
GNPDA2,magenta
GNPNAT1,magenta
GPHN,magenta
GPR108,magenta
GPR133,magenta
GPR26,magenta
GPR39,magenta
GREB1,magenta
GRK4,magenta
GRM1,magenta
GRM3,magenta
GRM7,magenta
GSC2,magenta
GSTO1,magenta
GTF2B,magenta
GTF2IRD1,magenta
GTF3C3,magenta
GTF3C5,magenta
GTPBP5,magenta
GTSE1,magenta
GXYLT2,magenta
H3F3C,magenta
HCG11,magenta
HCG27,magenta
HCG9,magenta
HEATR1,magenta
HEATR2,magenta
HECW1,magenta
HECW2,magenta
HERPUD2,magenta
HEXDC,magenta
HGSNAT,magenta
HIST1H2AC,magenta
HIST1H2AL,magenta
HIST1H2BK,magenta
HIST1H3B,magenta
HIVEP3,magenta
HLA-DPB2,magenta
HLA-DQA1,magenta
HLA-DQB2,magenta
HLA-E,magenta
HLA-F,magenta
HMBS,magenta
HMHA1,magenta
HMX3,magenta
HNRNPK,magenta
HNRNPM,magenta
HNRPLL,magenta
HOXA4,magenta
HOXA7,magenta
HOXA9,magenta
HOXC8,magenta
HPCAL1,magenta
HPS5,magenta
HRH2,magenta
HRNBP3,magenta
HSF1,magenta
HSPA2,magenta
HSPA7,magenta
HSPA8,magenta
HTR7,magenta
HTRA2,magenta
IBTK,magenta
ICA1,magenta
IFI6,magenta
IGF1R,magenta
IL10RA,magenta
IL17RD,magenta
IL22,magenta
IMMT,magenta
IMPDH2,magenta
INHBE,magenta
INPPL1,magenta
IPP,magenta
IQCE,magenta
IQCH,magenta
IRAK2,magenta
IRF5,magenta
ISCU,magenta
ITFG2,magenta
ITM2B,magenta
ITPKB,magenta
IVD,magenta
JARID2,magenta
JPH1,magenta
JPH2,magenta
KATNB1,magenta
KCNA1,magenta
KCNG2,magenta
KCNJ8,magenta
KCNK15,magenta
KCNN4,magenta
KCNQ1DN,magenta
KCNQ3,magenta
KCNV1,magenta
KCTD13,magenta
KCTD3,magenta
KDELR2,magenta
KDM3A,magenta
KDM4B,magenta
KHDRBS1,magenta
KIAA0415,magenta
KIAA0562,magenta
KIAA0664,magenta
KIAA0947,magenta
KIAA1026,magenta
KIAA1033,magenta
KIAA1522,magenta
KIAA1539,magenta
KIAA1586,magenta
KIAA1683,magenta
KIF5C,magenta
KIRREL3,magenta
KLF9,magenta
KLHDC7A,magenta
KLHL22,magenta
KLHL3,magenta
KLHL35,magenta
KPNA2,magenta
KPNA3,magenta
KRAS,magenta
KRIT1,magenta
LARP4,magenta
LASS5,magenta
LCLAT1,magenta
LDHAL6A,magenta
LDOC1L,magenta
LEP,magenta
LEPROT,magenta
LIAS,magenta
LIMK2,magenta
LIN7A,magenta
LIN7C,magenta
LITAF,magenta
LLPH,magenta
LMBR1,magenta
LMBR1L,magenta
LMF1,magenta
LNP1,magenta
LNX1,magenta
LOC100128164,magenta
LOC100128542,magenta
LOC100129716,magenta
LOC100130274,magenta
LOC100130987,magenta
LOC100133469,magenta
LOC100216545,magenta
LOC100286948,magenta
LOC100302652,magenta
LOC144571,magenta
LOC150185,magenta
LOC219347,magenta
LOC221710,magenta
LOC374443,magenta
LOC375196,magenta
LOC389333,magenta
LOC389458,magenta
LOC390858,magenta
LOC399815,magenta
LOC401052,magenta
LOC401397,magenta
LOC404266,magenta
LOC440356,magenta
LOC641367,magenta
LOX,magenta
LPCAT3,magenta
LPGAT1,magenta
LPPR5,magenta
LRP2,magenta
LRRK1,magenta
LTBP4,magenta
LY6K,magenta
LYPD4,magenta
LYPD5,magenta
LYPLA1,magenta
LZTFL1,magenta
M6PR,magenta
MAD1L1,magenta
MAEL,magenta
MANF,magenta
MAP3K7,magenta
MAP4,magenta
MAP4K5,magenta
MAPK10,magenta
MAPK8IP1,magenta
MAPRE2,magenta
MARCO,magenta
MATK,magenta
MATN1,magenta
MDN1,magenta
MECR,magenta
MED10,magenta
MED30,magenta
MEX3A,magenta
MFF,magenta
MICA,magenta
MICALCL,magenta
MIR124-3,magenta
MIR129-2,magenta
MIR1539,magenta
MIR548G,magenta
MIR638,magenta
MIR654,magenta
MLLT4,magenta
MNX1,magenta
MOBP,magenta
MOCS1,magenta
MORF4L1,magenta
MOV10,magenta
MOV10L1,magenta
MPST,magenta
MRPL28,magenta
MRPL37,magenta
MRPS35,magenta
MSL2,magenta
MTHFS,magenta
MTHFSD,magenta
MTRF1,magenta
MUC4,magenta
MXRA7,magenta
MYBL1,magenta
MYCBPAP,magenta
MYCN,magenta
MYL6B,magenta
MYLK4,magenta
MYO1D,magenta
MYO3A,magenta
MYO7A,magenta
MYO9A,magenta
MYPN,magenta
MZF1,magenta
NAP1L1,magenta
NAPEPLD,magenta
NCAPG2,magenta
NCOA3,magenta
NDC80,magenta
NDNL2,magenta
NDRG4,magenta
NDST4,magenta
NDUFA9,magenta
NDUFB6,magenta
NEK11,magenta
NELL1,magenta
NET1,magenta
NFE2L1,magenta
NFYA,magenta
NICN1,magenta
NIPA1,magenta
NIPSNAP3B,magenta
NLK,magenta
NMBR,magenta
NMNAT2,magenta
NMT1,magenta
NOC2L,magenta
NPAS4,magenta
NPFFR2,magenta
NR1H2,magenta
NR1H3,magenta
NRBP2,magenta
NRXN1,magenta
NSMCE4A,magenta
NT5DC1,magenta
NTM,magenta
NTN1,magenta
NTN4,magenta
NTNG1,magenta
NUBP2,magenta
NUDT21,magenta
NUDT9P1,magenta
NXF1,magenta
NXPH1,magenta
NXPH2,magenta
OAZ2,magenta
ODZ4,magenta
OGFOD1,magenta
OPRD1,magenta
OR10A6,magenta
OR10A7,magenta
OR10H4,magenta
OR11A1,magenta
OR2Z1,magenta
OR4K1,magenta
OSBPL5,magenta
OSGIN1,magenta
OTP,magenta
OTUD6B,magenta
OTX1,magenta
OTX2,magenta
P2RX4,magenta
P4HA3,magenta
PACRG,magenta
PAN2,magenta
PANX2,magenta
PARD6B,magenta
PARD6G,magenta
PARK7,magenta
PARP2,magenta
PAWR,magenta
PCBD2,magenta
PCBP1,magenta
PCBP3,magenta
PCDH15,magenta
PCDHA6,magenta
PCDHB1,magenta
PCDHB10,magenta
PCDHB14,magenta
PCDHB18,magenta
PCDHB2,magenta
PCDHB5,magenta
PCDHB6,magenta
PCDHB7,magenta
PCDHGA1,magenta
PCDHGA2,magenta
PCDHGA4,magenta
PCLO,magenta
PCNT,magenta
PDDC1,magenta
PDE11A,magenta
PDE6D,magenta
PEX16,magenta
PEX5,magenta
PFKP,magenta
PGAM1,magenta
PGBD5,magenta
PGLYRP2,magenta
PHACTR4,magenta
PHF1,magenta
PHIP,magenta
PHTF2,magenta
PIGY,magenta
PIH1D1,magenta
PINX1,magenta
PIWIL1,magenta
PIWIL2,magenta
PLA2G4D,magenta
PLCXD3,magenta
PLD6,magenta
PLDN,magenta
PLEKHA4,magenta
PLEKHG2,magenta
PLK1S1,magenta
PLXDC2,magenta
PML,magenta
PMP22,magenta
PNPT1,magenta
POGZ,magenta
POLA2,magenta
POLD3,magenta
POLR1C,magenta
PON2,magenta
POU2AF1,magenta
PPCDC,magenta
PPHLN1,magenta
PPM1H,magenta
PPP1R14C,magenta
PPRC1,magenta
PPT2,magenta
PRC1,magenta
PRDM1,magenta
PRDM6,magenta
PREPL,magenta
PRIM1,magenta
PRKAR1B,magenta
PRMT2,magenta
PRNP,magenta
PRR23A,magenta
PRR23B,magenta
PRR4,magenta
PRTN3,magenta
PSMA7,magenta
PSMC5,magenta
PSMD6,magenta
PSMD7,magenta
PSME2,magenta
PTCD3,magenta
PTGFR,magenta
PTGFRN,magenta
PTHLH,magenta
PTMA,magenta
PTPN2,magenta
PTPN21,magenta
PTPRE,magenta
PTPRN2,magenta
PXDNL,magenta
QSOX1,magenta
QTRT1,magenta
RAB11FIP5,magenta
RAB14,magenta
RAB23,magenta
RABAC1,magenta
RABGGTB,magenta
RABL3,magenta
RAD51AP1,magenta
RAD54B,magenta
RALGAPA1,magenta
RAP1GDS1,magenta
RAP2B,magenta
RASA2,magenta
RASGRP3,magenta
RASL10B,magenta
RAVER1,magenta
RBCK1,magenta
RBM25,magenta
RBM44,magenta
RBM46,magenta
RCOR1,magenta
REC8,magenta
RECQL5,magenta
RELL1,magenta
RFC3,magenta
RFWD3,magenta
RFXAP,magenta
RGMB,magenta
RGS17,magenta
RGS4,magenta
RIMBP2,magenta
RND1,magenta
RND3,magenta
RNF126P1,magenta
RNF168,magenta
RNF181,magenta
RNF5P1,magenta
RNH1,magenta
ROMO1,magenta
RP1,magenta
RPL18AP3,magenta
RPL21,magenta
RPL23AP53,magenta
RPL27A,magenta
RPL32P3,magenta
RPL41,magenta
RPL7,magenta
RPL8,magenta
RPLP1,magenta
RPP30,magenta
RPS12,magenta
RPS26,magenta
RSPH4A,magenta
RUFY1,magenta
RUNDC1,magenta
RUSC1,magenta
RUSC2,magenta
RXFP3,magenta
RXRB,magenta
RYR1,magenta
SAMD13,magenta
SAP18,magenta
SAV1,magenta
SBNO2,magenta
SCAND3,magenta
SCARA5,magenta
SCARNA11,magenta
SCHIP1,magenta
SCN4A,magenta
SCN5A,magenta
SCP2,magenta
SDC2,magenta
SDCBP,magenta
SDCCAG1,magenta
SDF4,magenta
SEC13,magenta
SEC22B,magenta
SELK,magenta
SEMA4B,magenta
SEMA5B,magenta
SEMA6A,magenta
SEP-02,magenta
SEP-15,magenta
SEPHS1,magenta
SERPINB5,magenta
SERTAD1,magenta
SETD1B,magenta
SFRS12IP1,magenta
SFRS13A,magenta
SFRS13B,magenta
SFRS4,magenta
SFXN1,magenta
SFXN5,magenta
SGK1,magenta
SH3GL2,magenta
SH3PXD2A,magenta
SHANK2,magenta
SHBG,magenta
SHH,magenta
SHISA4,magenta
SKI,magenta
SLC12A5,magenta
SLC22A16,magenta
SLC25A24,magenta
SLC25A31,magenta
SLC25A42,magenta
SLC30A9,magenta
SLC36A1,magenta
SLC38A2,magenta
SLC38A9,magenta
SLC39A4,magenta
SLC43A2,magenta
SLC44A2,magenta
SLC46A3,magenta
SLC5A9,magenta
SLC6A18,magenta
SLC6A3,magenta
SLC9A1,magenta
SLCO3A1,magenta
SMEK1,magenta
SMPD4,magenta
SMU1,magenta
SNF8,magenta
SNHG3-RCC1,magenta
SNORA76,magenta
SNORD15A,magenta
SNORD27,magenta
SNRPC,magenta
SNX29,magenta
SOBP,magenta
SPAG16,magenta
SPINT2,magenta
SPSB1,magenta
SRD5A2,magenta
SREBF1,magenta
SRP14,magenta
SRP68,magenta
SSB,magenta
SSBP1,magenta
SSTR1,magenta
STAM,magenta
STEAP4,magenta
STK11IP,magenta
STK17B,magenta
STK31,magenta
STK32B,magenta
STK36,magenta
STOX1,magenta
STT3B,magenta
STXBP5,magenta
SYCE1,magenta
SYCP1,magenta
SYCP2,magenta
SYPL1,magenta
T,magenta
TACR3,magenta
TAF10,magenta
TAF11,magenta
TAF5,magenta
TAGAP,magenta
TAOK1,magenta
TBC1D8,magenta
TCP1,magenta
TCP11L1,magenta
TDRD12,magenta
TDRD5,magenta
TDRD6,magenta
TDRD9,magenta
TECPR1,magenta
TECTA,magenta
TENC1,magenta
TERF1,magenta
TEX14,magenta
THBS2,magenta
TICAM1,magenta
TIMM50,magenta
TIMP2,magenta
TIRAP,magenta
TLCD1,magenta
TMED4,magenta
TMED7-TICAM2,magenta
TMEM109,magenta
TMEM132C,magenta
TMEM150C,magenta
TMEM151A,magenta
TMEM165,magenta
TMEM167B,magenta
TMEM175,magenta
TMEM18,magenta
TMEM180,magenta
TMEM20,magenta
TMEM25,magenta
TMEM50B,magenta
TMTC1,magenta
TNFAIP8,magenta
TNFRSF10A,magenta
TNFRSF1B,magenta
TNFRSF21,magenta
TOM1L2,magenta
TOX,magenta
TPPP,magenta
TPRA1,magenta
TPTE,magenta
TRAF3,magenta
TRAPPC5,magenta
TRIM16,magenta
TRIM24,magenta
TRIM25,magenta
TRIM26,magenta
TRIM27,magenta
TRIM28,magenta
TRIM37,magenta
TRIM52,magenta
TRIM67,magenta
TRMT61B,magenta
TRPC3,magenta
TSNAX-DISC1,magenta
TSPAN10,magenta
TSSC1,magenta
TSSC4,magenta
TSSK6,magenta
TTC21B,magenta
TTC23L,magenta
TTC32,magenta
TTC36,magenta
TTK,magenta
TTLL1,magenta
TTYH1,magenta
TUBD1,magenta
TUBGCP6,magenta
TXNDC6,magenta
TXNL1,magenta
TXNRD1,magenta
UAP1,magenta
UBAC2,magenta
UBB,magenta
UBE2C,magenta
UBE2D3,magenta
UBE2L6,magenta
UBE2N,magenta
UBE2U,magenta
UBE4A,magenta
UBTD2,magenta
UBTF,magenta
UCN3,magenta
UFM1,magenta
UFSP2,magenta
UPF1,magenta
UQCR,magenta
USP53,magenta
UTP3,magenta
UXS1,magenta
VPS25,magenta
VRK3,magenta
VSTM2A,magenta
VTI1A,magenta
WAC,magenta
WBP2NL,magenta
WDFY3,magenta
WDR27,magenta
WDR3,magenta
WDR51A,magenta
WDR69,magenta
WDR91,magenta
WHSC1,magenta
WHSC2,magenta
WIF1,magenta
WTAP,magenta
WWP1,magenta
XPO6,magenta
YIPF1,magenta
YME1L1,magenta
YPEL2,magenta
YTHDC1,magenta
YTHDF2,magenta
ZAK,magenta
ZBED4,magenta
ZBED5,magenta
ZBTB20,magenta
ZBTB39,magenta
ZBTB43,magenta
ZBTB46,magenta
ZC3H18,magenta
ZC3HAV1,magenta
ZEB1,magenta
ZFAT,magenta
ZFP112,magenta
ZFP37,magenta
ZFP41,magenta
ZFYVE27,magenta
ZMYM4,magenta
ZMYND11,magenta
ZNF132,magenta
ZNF180,magenta
ZNF225,magenta
ZNF232,magenta
ZNF238,magenta
ZNF252,magenta
ZNF264,magenta
ZNF346,magenta
ZNF367,magenta
ZNF385A,magenta
ZNF385D,magenta
ZNF440,magenta
ZNF490,magenta
ZNF496,magenta
ZNF497,magenta
ZNF503,magenta
ZNF569,magenta
ZNF596,magenta
ZNF605,magenta
ZNF610,magenta
ZNF624,magenta
ZNF688,magenta
ZNF71,magenta
ZNF716,magenta
ZNF777,magenta
ZNF790,magenta
ZNF793,magenta
ZSCAN1,magenta
ZSCAN22,magenta
AACS,mediumpurple3
AACSL,mediumpurple3
AADAT,mediumpurple3
ABCA1,mediumpurple3
ABCA4,mediumpurple3
ABCA8,mediumpurple3
ABCB4,mediumpurple3
ABCB5,mediumpurple3
ABCC1,mediumpurple3
ABCD3,mediumpurple3
ABCG1,mediumpurple3
ABI3BP,mediumpurple3
ABL2,mediumpurple3
ABLIM1,mediumpurple3
ABLIM2,mediumpurple3
ABTB2,mediumpurple3
ACACA,mediumpurple3
ACACB,mediumpurple3
ACAP2,mediumpurple3
ACBD5,mediumpurple3
ACER3,mediumpurple3
ACMSD,mediumpurple3
ACO1,mediumpurple3
ACRV1,mediumpurple3
ACSF3,mediumpurple3
ACTBL2,mediumpurple3
ACTG1,mediumpurple3
ADAM15,mediumpurple3
ADAM19,mediumpurple3
ADAM9,mediumpurple3
ADAMTS14,mediumpurple3
ADAMTS17,mediumpurple3
ADAMTS18,mediumpurple3
ADAMTS9,mediumpurple3
ADAP1,mediumpurple3
ADAR,mediumpurple3
ADARB2,mediumpurple3
ADCY3,mediumpurple3
ADCYAP1R1,mediumpurple3
ADD1,mediumpurple3
AFF3,mediumpurple3
AGAP1,mediumpurple3
AGPAT1,mediumpurple3
AGPAT4,mediumpurple3
AGR2,mediumpurple3
AHSG,mediumpurple3
AICDA,mediumpurple3
AIM2,mediumpurple3
AKIRIN2,mediumpurple3
AKNAD1,mediumpurple3
AKR1C3,mediumpurple3
ALDH3B2,mediumpurple3
ALG9,mediumpurple3
ALKBH3,mediumpurple3
ALLC,mediumpurple3
ALMS1,mediumpurple3
AMDHD1,mediumpurple3
AMOTL1,mediumpurple3
ANGPT1,mediumpurple3
ANGPT4,mediumpurple3
ANKMY2,mediumpurple3
ANKRD1,mediumpurple3
ANKRD17,mediumpurple3
ANKRD26,mediumpurple3
ANKRD29,mediumpurple3
ANKRD34C,mediumpurple3
ANKRD55,mediumpurple3
ANO1,mediumpurple3
ANXA7,mediumpurple3
AOAH,mediumpurple3
AP2M1,mediumpurple3
AP4E1,mediumpurple3
APBA2,mediumpurple3
APBB2,mediumpurple3
APCDD1L,mediumpurple3
APLP2,mediumpurple3
APOBEC3G,mediumpurple3
APOH,mediumpurple3
AQP8,mediumpurple3
ARAP1,mediumpurple3
ARFIP1,mediumpurple3
ARHGAP10,mediumpurple3
ARHGAP20,mediumpurple3
ARHGAP26,mediumpurple3
ARHGAP28,mediumpurple3
ARHGEF10,mediumpurple3
ARHGEF19,mediumpurple3
ARID1B,mediumpurple3
ARID3B,mediumpurple3
ARL11,mediumpurple3
ARL6IP1,mediumpurple3
ARMC2,mediumpurple3
ARMC3,mediumpurple3
ARMC8,mediumpurple3
AS3MT,mediumpurple3
ASAH2B,mediumpurple3
ASAP1,mediumpurple3
ASB14,mediumpurple3
ASB8,mediumpurple3
ASCC1,mediumpurple3
ASPA,mediumpurple3
ASPH,mediumpurple3
ASXL2,mediumpurple3
ATF6B,mediumpurple3
ATM,mediumpurple3
ATP11A,mediumpurple3
ATP2B4,mediumpurple3
ATP2C1,mediumpurple3
ATP5G3,mediumpurple3
ATP5S,mediumpurple3
ATXN1,mediumpurple3
ATXN7,mediumpurple3
ATXN7L1,mediumpurple3
AUTS2,mediumpurple3
B3GALT1,mediumpurple3
BAI1,mediumpurple3
BANP,mediumpurple3
BATF2,mediumpurple3
BCAS3,mediumpurple3
BCAT1,mediumpurple3
BCL11A,mediumpurple3
BCL2L14,mediumpurple3
BHLHE22,mediumpurple3
BHLHE40,mediumpurple3
BICD1,mediumpurple3
BICD2,mediumpurple3
BIN2,mediumpurple3
BMP6,mediumpurple3
BNC2,mediumpurple3
BNIP3L,mediumpurple3
BPTF,mediumpurple3
BRF1,mediumpurple3
BTAF1,mediumpurple3
BTN3A1,mediumpurple3
C10ORF105,mediumpurple3
C10ORF107,mediumpurple3
C10ORF12,mediumpurple3
C10ORF62,mediumpurple3
C10ORF79,mediumpurple3
C10ORF93,mediumpurple3
C10ORF99,mediumpurple3
C11ORF53,mediumpurple3
C11ORF92,mediumpurple3
C12ORF56,mediumpurple3
C12ORF68,mediumpurple3
C12ORF72,mediumpurple3
C14ORF181,mediumpurple3
C15ORF41,mediumpurple3
C15ORF60,mediumpurple3
C16ORF58,mediumpurple3
C16ORF63,mediumpurple3
C17ORF62,mediumpurple3
C17ORF67,mediumpurple3
C17ORF75,mediumpurple3
C18ORF62,mediumpurple3
C19ORF36,mediumpurple3
C19ORF51,mediumpurple3
C1GALT1,mediumpurple3
C1ORF106,mediumpurple3
C1ORF161,mediumpurple3
C1ORF162,mediumpurple3
C1ORF201,mediumpurple3
C1ORF216,mediumpurple3
C1ORF220,mediumpurple3
C1ORF25,mediumpurple3
C1ORF69,mediumpurple3
C1R,mediumpurple3
C20ORF20,mediumpurple3
C2ORF28,mediumpurple3
C2ORF42,mediumpurple3
C2ORF83,mediumpurple3
C3ORF21,mediumpurple3
C3ORF67,mediumpurple3
C4ORF19,mediumpurple3
C4ORF33,mediumpurple3
C4ORF47,mediumpurple3
C5ORF36,mediumpurple3
C5ORF53,mediumpurple3
C5ORF54,mediumpurple3
C5ORF58,mediumpurple3
C6,mediumpurple3
C6ORF10,mediumpurple3
C6ORF142,mediumpurple3
C6ORF225,mediumpurple3
C6ORF35,mediumpurple3
C6ORF97,mediumpurple3
C7ORF13,mediumpurple3
C7ORF34,mediumpurple3
C7ORF50,mediumpurple3
C7ORF53,mediumpurple3
C8ORF12,mediumpurple3
C8ORF76,mediumpurple3
C9ORF72,mediumpurple3
C9ORF98,mediumpurple3
CACNA1I,mediumpurple3
CACNA2D1,mediumpurple3
CACNA2D4,mediumpurple3
CADPS2,mediumpurple3
CALD1,mediumpurple3
CAMKK1,mediumpurple3
CAMTA1,mediumpurple3
CAND2,mediumpurple3
CAPZB,mediumpurple3
CARD11,mediumpurple3
CARS2,mediumpurple3
CASP4,mediumpurple3
CASS4,mediumpurple3
CASZ1,mediumpurple3
CAV1,mediumpurple3
CBFA2T2,mediumpurple3
CBFA2T3,mediumpurple3
CBX2,mediumpurple3
CC2D1A,mediumpurple3
CCBP2,mediumpurple3
CCDC141,mediumpurple3
CCDC147,mediumpurple3
CCDC158,mediumpurple3
CCDC36,mediumpurple3
CCL22,mediumpurple3
CCL7,mediumpurple3
CCNL1,mediumpurple3
CCNL2,mediumpurple3
CCT6A,mediumpurple3
CD164L2,mediumpurple3
CD200R1,mediumpurple3
CD247,mediumpurple3
CD59,mediumpurple3
CDC25A,mediumpurple3
CDCA7,mediumpurple3
CDH3,mediumpurple3
CDYL,mediumpurple3
CENPJ,mediumpurple3
CENPQ,mediumpurple3
CEP55,mediumpurple3
CEP72,mediumpurple3
CFL2,mediumpurple3
CGNL1,mediumpurple3
CHCHD6,mediumpurple3
CHEK2,mediumpurple3
CHI3L2,mediumpurple3
CHP,mediumpurple3
CHP2,mediumpurple3
CHRM3,mediumpurple3
CHRNA3,mediumpurple3
CHRNA6,mediumpurple3
CHST11,mediumpurple3
CLCN1,mediumpurple3
CLDN16,mediumpurple3
CLPB,mediumpurple3
CLSTN2,mediumpurple3
CMTM1,mediumpurple3
CMTM8,mediumpurple3
CNGA3,mediumpurple3
CNNM2,mediumpurple3
CNOT4,mediumpurple3
CNPY4,mediumpurple3
COG5,mediumpurple3
COIL,mediumpurple3
COL11A2,mediumpurple3
COL22A1,mediumpurple3
COL4A2,mediumpurple3
COL4A3BP,mediumpurple3
COQ5,mediumpurple3
CORO1C,mediumpurple3
COTL1,mediumpurple3
COX16,mediumpurple3
COX5A,mediumpurple3
CP110,mediumpurple3
CPB2,mediumpurple3
CPD,mediumpurple3
CPE,mediumpurple3
CPLX1,mediumpurple3
CPNE5,mediumpurple3
CPNE8,mediumpurple3
CPSF2,mediumpurple3
CPSF7,mediumpurple3
CPXM2,mediumpurple3
CRIM1,mediumpurple3
CSF1R,mediumpurple3
CSF2RB,mediumpurple3
CSNK2B,mediumpurple3
CSTL1,mediumpurple3
CSTT,mediumpurple3
CTDP1,mediumpurple3
CTNNA1,mediumpurple3
CTNNA2,mediumpurple3
CTNND2,mediumpurple3
CTR9,mediumpurple3
CTSE,mediumpurple3
CTSO,mediumpurple3
CTTNBP2,mediumpurple3
CUL3,mediumpurple3
CUL4A,mediumpurple3
CUX1,mediumpurple3
CXCL3,mediumpurple3
CXCR5,mediumpurple3
CXXC5,mediumpurple3
CYFIP1,mediumpurple3
CYMP,mediumpurple3
CYP19A1,mediumpurple3
CYP24A1,mediumpurple3
CYP2W1,mediumpurple3
CYP3A43,mediumpurple3
CYTH3,mediumpurple3
CYTSB,mediumpurple3
DAB1,mediumpurple3
DAB2,mediumpurple3
DAD1,mediumpurple3
DBI,mediumpurple3
DCLK1,mediumpurple3
DCN,mediumpurple3
DDX42,mediumpurple3
DDX43,mediumpurple3
DDX51,mediumpurple3
DDX52,mediumpurple3
DDX60,mediumpurple3
DEAF1,mediumpurple3
DEDD,mediumpurple3
DEFA6,mediumpurple3
DEFB136,mediumpurple3
DENND1A,mediumpurple3
DENND2D,mediumpurple3
DERL2,mediumpurple3
DGCR11,mediumpurple3
DGKI,mediumpurple3
DHX15,mediumpurple3
DIABLO,mediumpurple3
DIP2A,mediumpurple3
DIP2C,mediumpurple3
DIRAS3,mediumpurple3
DIRC3,mediumpurple3
DIS3L2,mediumpurple3
DLG2,mediumpurple3
DLGAP2,mediumpurple3
DLX4,mediumpurple3
DMRTB1,mediumpurple3
DNAH17,mediumpurple3
DNAH5,mediumpurple3
DNAH7,mediumpurple3
DNAH9,mediumpurple3
DNAJB13,mediumpurple3
DNAJB6,mediumpurple3
DNAJC12,mediumpurple3
DNAJC5G,mediumpurple3
DOCK2,mediumpurple3
DOCK4,mediumpurple3
DOT1L,mediumpurple3
DPT,mediumpurple3
DPYS,mediumpurple3
DSCAML1,mediumpurple3
DSCR3,mediumpurple3
DSCR4,mediumpurple3
DTHD1,mediumpurple3
DTNBP1,mediumpurple3
DTX4,mediumpurple3
DVL2,mediumpurple3
DYNC1I1,mediumpurple3
DYNC1LI2,mediumpurple3
DYRK1A,mediumpurple3
EBF2,mediumpurple3
EDARADD,mediumpurple3
EEF1E1,mediumpurple3
EFHD1,mediumpurple3
EGFLAM,mediumpurple3
EIF4G3,mediumpurple3
ELK4,mediumpurple3
ENOSF1,mediumpurple3
ENTPD5,mediumpurple3
EPAS1,mediumpurple3
EPB41L2,mediumpurple3
EPB41L4A,mediumpurple3
EPC2,mediumpurple3
EPHA3,mediumpurple3
EPHA4,mediumpurple3
EPM2A,mediumpurple3
ERC1,mediumpurple3
ERC2,mediumpurple3
ERCC3,mediumpurple3
ERICH1,mediumpurple3
ESYT2,mediumpurple3
ETV1,mediumpurple3
ETV5,mediumpurple3
EVI5,mediumpurple3
EXD3,mediumpurple3
EXOC2,mediumpurple3
EXOC4,mediumpurple3
EXOC6,mediumpurple3
EXOC8,mediumpurple3
EXPH5,mediumpurple3
EXT1,mediumpurple3
F13A1,mediumpurple3
FABP2,mediumpurple3
FAIM,mediumpurple3
FAM111B,mediumpurple3
FAM149B1,mediumpurple3
FAM176A,mediumpurple3
FAM184A,mediumpurple3
FAM18A,mediumpurple3
FAM19A2,mediumpurple3
FAM26D,mediumpurple3
FAM38A,mediumpurple3
FAM57B,mediumpurple3
FAM59A,mediumpurple3
FAM73A,mediumpurple3
FAM81B,mediumpurple3
FANCA,mediumpurple3
FANCC,mediumpurple3
FANCD2,mediumpurple3
FANCI,mediumpurple3
FANK1,mediumpurple3
FASTKD2,mediumpurple3
FAT1,mediumpurple3
FAT2,mediumpurple3
FAT3,mediumpurple3
FBRSL1,mediumpurple3
FBXL19,mediumpurple3
FBXO11,mediumpurple3
FBXO18,mediumpurple3
FBXW10,mediumpurple3
FCHSD2,mediumpurple3
FCRL2,mediumpurple3
FCRLA,mediumpurple3
FCRLB,mediumpurple3
FERMT2,mediumpurple3
FETUB,mediumpurple3
FGGY,mediumpurple3
FHIT,mediumpurple3
FIBCD1,mediumpurple3
FIBIN,mediumpurple3
FKBP5,mediumpurple3
FLJ12825,mediumpurple3
FLJ23834,mediumpurple3
FLJ32810,mediumpurple3
FLJ39609,mediumpurple3
FLJ40434,mediumpurple3
FLT1,mediumpurple3
FLVCR1,mediumpurple3
FMN1,mediumpurple3
FMN2,mediumpurple3
FMO6P,mediumpurple3
FNDC1,mediumpurple3
FNDC3A,mediumpurple3
FOXI1,mediumpurple3
FOXL2,mediumpurple3
FOXM1,mediumpurple3
FOXP4,mediumpurple3
FRK,mediumpurple3
FRMD4B,mediumpurple3
FRMD6,mediumpurple3
FRS2,mediumpurple3
FSTL1,mediumpurple3
FSTL4,mediumpurple3
FYCO1,mediumpurple3
G6PC,mediumpurple3
GABBR1,mediumpurple3
GABPB2,mediumpurple3
GABRA5,mediumpurple3
GABRB3,mediumpurple3
GAK,mediumpurple3
GALK2,mediumpurple3
GALNT10,mediumpurple3
GALNT13,mediumpurple3
GAN,mediumpurple3
GAPDH,mediumpurple3
GARS,mediumpurple3
GBA3,mediumpurple3
GBP2,mediumpurple3
GCET2,mediumpurple3
GCLM,mediumpurple3
GCNT1,mediumpurple3
GDF9,mediumpurple3
GEMIN5,mediumpurple3
GFPT2,mediumpurple3
GFRA1,mediumpurple3
GIMAP1,mediumpurple3
GLB1L3,mediumpurple3
GLI3,mediumpurple3
GLT1D1,mediumpurple3
GLYATL2,mediumpurple3
GM2A,mediumpurple3
GMDS,mediumpurple3
GNA12,mediumpurple3
GNAL,mediumpurple3
GNMT,mediumpurple3
GOLGA3,mediumpurple3
GOLPH3,mediumpurple3
GPC6,mediumpurple3
GPLD1,mediumpurple3
GPR115,mediumpurple3
GPR12,mediumpurple3
GPR137,mediumpurple3
GPR177,mediumpurple3
GPR98,mediumpurple3
GPRC5A,mediumpurple3
GPRC6A,mediumpurple3
GPSM2,mediumpurple3
GPX5,mediumpurple3
GRAMD1B,mediumpurple3
GRAMD3,mediumpurple3
GREB1,mediumpurple3
GRID2,mediumpurple3
GRIN2A,mediumpurple3
GRM3,mediumpurple3
GRM8,mediumpurple3
GRPEL1,mediumpurple3
GSDMD,mediumpurple3
GSG1,mediumpurple3
GTSF1,mediumpurple3
GUCA1B,mediumpurple3
GULP1,mediumpurple3
GXYLT2,mediumpurple3
H3F3B,mediumpurple3
HAO1,mediumpurple3
HCG22,mediumpurple3
HCG9,mediumpurple3
HCRTR2,mediumpurple3
HDAC4,mediumpurple3
HDHD3,mediumpurple3
HEATR2,mediumpurple3
HECA,mediumpurple3
HEG1,mediumpurple3
HERC6,mediumpurple3
HEY1,mediumpurple3
HEYL,mediumpurple3
HHLA1,mediumpurple3
HIC2,mediumpurple3
HINFP,mediumpurple3
HINT2,mediumpurple3
HIST1H2AA,mediumpurple3
HIST1H2BB,mediumpurple3
HIVEP2,mediumpurple3
HIVEP3,mediumpurple3
HLA-DMA,mediumpurple3
HLA-DMB,mediumpurple3
HLA-DOB,mediumpurple3
HLA-DPB2,mediumpurple3
HLA-DQA2,mediumpurple3
HLA-DRA,mediumpurple3
HMCN1,mediumpurple3
HNRNPUL1,mediumpurple3
HOOK1,mediumpurple3
HOXD9,mediumpurple3
HP1BP3,mediumpurple3
HRNBP3,mediumpurple3
HRNR,mediumpurple3
HSPA13,mediumpurple3
HSPA1B,mediumpurple3
HSPB11,mediumpurple3
HTATIP2,mediumpurple3
HTRA3,mediumpurple3
HTT,mediumpurple3
HYAL3,mediumpurple3
IDE,mediumpurple3
IER2,mediumpurple3
IFNG,mediumpurple3
IGF1R,mediumpurple3
IKZF1,mediumpurple3
IKZF2,mediumpurple3
IL20RA,mediumpurple3
IL28RA,mediumpurple3
IL9,mediumpurple3
ILDR1,mediumpurple3
IMMP1L,mediumpurple3
IMMP2L,mediumpurple3
IMMT,mediumpurple3
IMPACT,mediumpurple3
IMPG2,mediumpurple3
ING1,mediumpurple3
INPP5A,mediumpurple3
INPP5E,mediumpurple3
INTS9,mediumpurple3
IPO5,mediumpurple3
IQCA1,mediumpurple3
IQCF6,mediumpurple3
IQSEC1,mediumpurple3
ITGA9,mediumpurple3
ITGB3,mediumpurple3
ITGB3BP,mediumpurple3
ITLN1,mediumpurple3
ITPK1,mediumpurple3
ITPR1,mediumpurple3
ITPR2,mediumpurple3
JAM3,mediumpurple3
JARID2,mediumpurple3
JMJD1C,mediumpurple3
JPH1,mediumpurple3
JUP,mediumpurple3
KAT5,mediumpurple3
KBTBD11,mediumpurple3
KCNAB1,mediumpurple3
KCNJ1,mediumpurple3
KCNJ15,mediumpurple3
KCNJ16,mediumpurple3
KCNK9,mediumpurple3
KCNMA1,mediumpurple3
KCNQ5,mediumpurple3
KCNS3,mediumpurple3
KCTD12,mediumpurple3
KDM2A,mediumpurple3
KDM2B,mediumpurple3
KDM4B,mediumpurple3
KDM5B,mediumpurple3
KIAA0240,mediumpurple3
KIAA0564,mediumpurple3
KIAA1161,mediumpurple3
KIAA1191,mediumpurple3
KIAA1467,mediumpurple3
KIAA1632,mediumpurple3
KIAA1731,mediumpurple3
KIF13B,mediumpurple3
KIF24,mediumpurple3
KIF25,mediumpurple3
KIF26B,mediumpurple3
KIFC1,mediumpurple3
KIRREL3,mediumpurple3
KLC2,mediumpurple3
KLHL29,mediumpurple3
KLHL36,mediumpurple3
KPNA7,mediumpurple3
KRAS,mediumpurple3
KRR1,mediumpurple3
KRT1,mediumpurple3
KRT39,mediumpurple3
KRT5,mediumpurple3
KRT80,mediumpurple3
LAMA3,mediumpurple3
LAMB4,mediumpurple3
LAYN,mediumpurple3
LCLAT1,mediumpurple3
LECT1,mediumpurple3
LEUTX,mediumpurple3
LGALS8,mediumpurple3
LGI2,mediumpurple3
LIMCH1,mediumpurple3
LIN28,mediumpurple3
LIN54,mediumpurple3
LIN7C,mediumpurple3
LIPA,mediumpurple3
LIPG,mediumpurple3
LMCD1,mediumpurple3
LMTK2,mediumpurple3
LNX1,mediumpurple3
LOC100101938,mediumpurple3
LOC100134713,mediumpurple3
LOC100188947,mediumpurple3
LOC100271832,mediumpurple3
LOC100286844,mediumpurple3
LOC134466,mediumpurple3
LOC150381,mediumpurple3
LOC153910,mediumpurple3
LOC284661,mediumpurple3
LOC285375,mediumpurple3
LOC285830,mediumpurple3
LOC339788,mediumpurple3
LOC387647,mediumpurple3
LOC388965,mediumpurple3
LOC389705,mediumpurple3
LOC553137,mediumpurple3
LOC643387,mediumpurple3
LOC652276,mediumpurple3
LOC653653,mediumpurple3
LOC728927,mediumpurple3
LOC729799,mediumpurple3
LOC84740,mediumpurple3
LOX,mediumpurple3
LPHN3,mediumpurple3
LPP,mediumpurple3
LRRC27,mediumpurple3
LRRC28,mediumpurple3
LRRC36,mediumpurple3
LRRC37B2,mediumpurple3
LTBP1,mediumpurple3
LUZP2,mediumpurple3
LY6G6C,mediumpurple3
LYRM4,mediumpurple3
LYVE1,mediumpurple3
MAD1L1,mediumpurple3
MADD,mediumpurple3
MAGI3,mediumpurple3
MAML2,mediumpurple3
MAML3,mediumpurple3
MAN2A1,mediumpurple3
MANF,mediumpurple3
MAP2K4,mediumpurple3
MAPK4,mediumpurple3
MAR-03,mediumpurple3
MAST3,mediumpurple3
MAST4,mediumpurple3
MBD2,mediumpurple3
MBD5,mediumpurple3
MBNL1,mediumpurple3
MCCC1,mediumpurple3
MCF2L,mediumpurple3
MCOLN1,mediumpurple3
MCPH1,mediumpurple3
MDC1,mediumpurple3
ME1,mediumpurple3
MECOM,mediumpurple3
MED30,mediumpurple3
MEGF11,mediumpurple3
MEIS1,mediumpurple3
MEIS2,mediumpurple3
MEN1,mediumpurple3
MEP1A,mediumpurple3
MFAP3L,mediumpurple3
MFAP5,mediumpurple3
MFI2,mediumpurple3
MGAT5,mediumpurple3
MGAT5B,mediumpurple3
MGC34034,mediumpurple3
MGEA5,mediumpurple3
MGMT,mediumpurple3
MGST2,mediumpurple3
MIAT,mediumpurple3
MICAL2,mediumpurple3
MICB,mediumpurple3
MIR1204,mediumpurple3
MIR202,mediumpurple3
MIR372,mediumpurple3
MIR412,mediumpurple3
MIR453,mediumpurple3
MIR487A,mediumpurple3
MIR488,mediumpurple3
MIR498,mediumpurple3
MIR548F3,mediumpurple3
MIR568,mediumpurple3
MIR578,mediumpurple3
MLL3,mediumpurple3
MMD,mediumpurple3
MMP26,mediumpurple3
MMP8,mediumpurple3
MORC1,mediumpurple3
MPP7,mediumpurple3
MREG,mediumpurple3
MS4A13,mediumpurple3
MS4A4A,mediumpurple3
MS4A6A,mediumpurple3
MSH5,mediumpurple3
MSRB3,mediumpurple3
MTERFD3,mediumpurple3
MTFR1,mediumpurple3
MTHFSD,mediumpurple3
MTMR12,mediumpurple3
MTMR15,mediumpurple3
MTMR7,mediumpurple3
MTMR9,mediumpurple3
MTR,mediumpurple3
MUC2,mediumpurple3
MUC6,mediumpurple3
MYC,mediumpurple3
MYEF2,mediumpurple3
MYL1,mediumpurple3
MYLIP,mediumpurple3
MYO18B,mediumpurple3
MYO1C,mediumpurple3
MYO3B,mediumpurple3
MYOM2,mediumpurple3
MYOZ2,mediumpurple3
N4BP2L2,mediumpurple3
NAA15,mediumpurple3
NAALADL2,mediumpurple3
NARS2,mediumpurple3
NAV2,mediumpurple3
NAV3,mediumpurple3
NBAS,mediumpurple3
NBLA00301,mediumpurple3
NCALD,mediumpurple3
NCKAP1,mediumpurple3
NCKAP5,mediumpurple3
NCOA2,mediumpurple3
NCRNA00116,mediumpurple3
NCRNA00171,mediumpurple3
NDUFA12,mediumpurple3
NDUFS5,mediumpurple3
NDUFV1,mediumpurple3
NELL2,mediumpurple3
NET1,mediumpurple3
NEURL1B,mediumpurple3
NEURL3,mediumpurple3
NFATC1,mediumpurple3
NGEF,mediumpurple3
NID2,mediumpurple3
NLRP14,mediumpurple3
NOD1,mediumpurple3
NOM1,mediumpurple3
NOS1AP,mediumpurple3
NOTCH2,mediumpurple3
NOVA1,mediumpurple3
NPAS3,mediumpurple3
NPHP4,mediumpurple3
NPPA,mediumpurple3
NPY6R,mediumpurple3
NR1I2,mediumpurple3
NR2E3,mediumpurple3
NRBP1,mediumpurple3
NRD1,mediumpurple3
NRF1,mediumpurple3
NRG3,mediumpurple3
NRIP1,mediumpurple3
NRXN2,mediumpurple3
NSD1,mediumpurple3
NTM,mediumpurple3
NUAK1,mediumpurple3
NUDCD1,mediumpurple3
NUF2,mediumpurple3
NUMB,mediumpurple3
NUP153,mediumpurple3
ODZ2,mediumpurple3
ODZ4,mediumpurple3
OMA1,mediumpurple3
OPCML,mediumpurple3
OPN5,mediumpurple3
OPRK1,mediumpurple3
OR10A6,mediumpurple3
OR2AG2,mediumpurple3
OR2M5,mediumpurple3
OR2Y1,mediumpurple3
OR51B5,mediumpurple3
OR51S1,mediumpurple3
OR52B6,mediumpurple3
OR5D18,mediumpurple3
OR6B1,mediumpurple3
OR6C2,mediumpurple3
OR8U1,mediumpurple3
ORC6L,mediumpurple3
OSCAR,mediumpurple3
OSGIN1,mediumpurple3
OTUD3,mediumpurple3
OXR1,mediumpurple3
P4HA3,mediumpurple3
PA2G4,mediumpurple3
PACRG,mediumpurple3
PAK1,mediumpurple3
PALLD,mediumpurple3
PAR-SN,mediumpurple3
PARD3B,mediumpurple3
PASK,mediumpurple3
PAX8,mediumpurple3
PBRM1,mediumpurple3
PBX1,mediumpurple3
PCBD1,mediumpurple3
PCCA,mediumpurple3
PCGF3,mediumpurple3
PCNXL3,mediumpurple3
PCSK6,mediumpurple3
PCYT2,mediumpurple3
PDE12,mediumpurple3
PDE4C,mediumpurple3
PDE7B,mediumpurple3
PDGFA,mediumpurple3
PDGFD,mediumpurple3
PDGFRB,mediumpurple3
PDIA6,mediumpurple3
PDLIM2,mediumpurple3
PDZRN4,mediumpurple3
PEX14,mediumpurple3
PGC,mediumpurple3
PHACTR3,mediumpurple3
PHTF2,mediumpurple3
PIGG,mediumpurple3
PIK3C2G,mediumpurple3
PIK3CG,mediumpurple3
PIP4K2A,mediumpurple3
PITRM1,mediumpurple3
PLAGL1,mediumpurple3
PLCB3,mediumpurple3
PLD1,mediumpurple3
PLD5,mediumpurple3
PLK4,mediumpurple3
PLS1,mediumpurple3
PLSCR4,mediumpurple3
PLXND1,mediumpurple3
PNPLA2,mediumpurple3
POLB,mediumpurple3
POLR3B,mediumpurple3
POLR3C,mediumpurple3
POPDC2,mediumpurple3
PPARGC1A,mediumpurple3
PPFIBP2,mediumpurple3
PPM1L,mediumpurple3
PPP1R3B,mediumpurple3
PPP1R9A,mediumpurple3
PPP2R2B,mediumpurple3
PPP2R2D,mediumpurple3
PPP2R4,mediumpurple3
PPP2R5C,mediumpurple3
PPP5C,mediumpurple3
PQLC1,mediumpurple3
PRB2,mediumpurple3
PRDM10,mediumpurple3
PRICKLE1,mediumpurple3
PRKAR1B,mediumpurple3
PRKCD,mediumpurple3
PRKCH,mediumpurple3
PRKCQ,mediumpurple3
PRKG1,mediumpurple3
PRKRA,mediumpurple3
PRKRIR,mediumpurple3
PRMT10,mediumpurple3
PRMT3,mediumpurple3
PRPF3,mediumpurple3
PRPS1L1,mediumpurple3
PRR5L,mediumpurple3
PRTFDC1,mediumpurple3
PSD2,mediumpurple3
PSD3,mediumpurple3
PSMC6,mediumpurple3
PSTPIP1,mediumpurple3
PTEN,mediumpurple3
PTH,mediumpurple3
PTPN14,mediumpurple3
PTPRC,mediumpurple3
PTPRE,mediumpurple3
PTPRG,mediumpurple3
PTPRN2,mediumpurple3
PTTG1IP,mediumpurple3
PVT1,mediumpurple3
PXMP2,mediumpurple3
QSER1,mediumpurple3
QSOX2,mediumpurple3
RAB11FIP1,mediumpurple3
RAB1A,mediumpurple3
RAB38,mediumpurple3
RAB9P1,mediumpurple3
RAD18,mediumpurple3
RAD51L1,mediumpurple3
RAD54B,mediumpurple3
RADIL,mediumpurple3
RALGDS,mediumpurple3
RALGPS2,mediumpurple3
RARRES2,mediumpurple3
RARS,mediumpurple3
RASA3,mediumpurple3
RASGRF2,mediumpurple3
RASSF6,mediumpurple3
RBM45,mediumpurple3
RBMS3,mediumpurple3
RBPMS,mediumpurple3
RCN1,mediumpurple3
RD3,mediumpurple3
REEP3,mediumpurple3
REPS1,mediumpurple3
RFTN2,mediumpurple3
RFX5,mediumpurple3
RFX7,mediumpurple3
RG9MTD1,mediumpurple3
RG9MTD2,mediumpurple3
RGS4,mediumpurple3
RGS7,mediumpurple3
RHOBTB3,mediumpurple3
RNF144B,mediumpurple3
RNF150,mediumpurple3
RNF152,mediumpurple3
RNF17,mediumpurple3
RNF20,mediumpurple3
RNF212,mediumpurple3
RNF217,mediumpurple3
RNFT2,mediumpurple3
RNLS,mediumpurple3
ROBO2,mediumpurple3
ROR1,mediumpurple3
ROR2,mediumpurple3
RORA,mediumpurple3
RPAP2,mediumpurple3
RPH3AL,mediumpurple3
RPL22L1,mediumpurple3
RPL26L1,mediumpurple3
RPL29,mediumpurple3
RPL30,mediumpurple3
RPL39L,mediumpurple3
RPP21,mediumpurple3
RPS3,mediumpurple3
RPS3A,mediumpurple3
RPS6KA2,mediumpurple3
RPTOR,mediumpurple3
RSPO3,mediumpurple3
RSRC2,mediumpurple3
RTN1,mediumpurple3
RTN2,mediumpurple3
RUFY4,mediumpurple3
RUNX3,mediumpurple3
RWDD1,mediumpurple3
SALL3,mediumpurple3
SAMD12,mediumpurple3
SAMD9L,mediumpurple3
SARNP,mediumpurple3
SARS,mediumpurple3
SASH1,mediumpurple3
SCAMP1,mediumpurple3
SCAND3,mediumpurple3
SCARNA27,mediumpurple3
SCARNA8,mediumpurple3
SCEL,mediumpurple3
SCN4B,mediumpurple3
SCN8A,mediumpurple3
SDC1,mediumpurple3
SDF4,mediumpurple3
SDHD,mediumpurple3
SDK1,mediumpurple3
SEC16A,mediumpurple3
SEC22A,mediumpurple3
SEL1L,mediumpurple3
SELE,mediumpurple3
SEMA3C,mediumpurple3
SEMA3E,mediumpurple3
SEMA7A,mediumpurple3
SEMG2,mediumpurple3
SEP-11,mediumpurple3
SEP-15,mediumpurple3
SERINC5,mediumpurple3
SERPINC1,mediumpurple3
SERPINI2,mediumpurple3
SESN1,mediumpurple3
SF1,mediumpurple3
SFRP4,mediumpurple3
SFRS5,mediumpurple3
SFRS6,mediumpurple3
SFRS8,mediumpurple3
SGCE,mediumpurple3
SGK1,mediumpurple3
SGK269,mediumpurple3
SGMS1,mediumpurple3
SGSH,mediumpurple3
SH3PXD2A,mediumpurple3
SH3RF1,mediumpurple3
SHC4,mediumpurple3
SHROOM3,mediumpurple3
SLC13A2,mediumpurple3
SLC15A5,mediumpurple3
SLC16A9,mediumpurple3
SLC17A4,mediumpurple3
SLC18A1,mediumpurple3
SLC1A3,mediumpurple3
SLC22A23,mediumpurple3
SLC22A3,mediumpurple3
SLC25A30,mediumpurple3
SLC30A2,mediumpurple3
SLC35A5,mediumpurple3
SLC37A2,mediumpurple3
SLC39A9,mediumpurple3
SLC45A1,mediumpurple3
SLC4A4,mediumpurple3
SLC6A15,mediumpurple3
SLC6A16,mediumpurple3
SLC6A18,mediumpurple3
SLC7A9,mediumpurple3
SLC9A9,mediumpurple3
SLIT1,mediumpurple3
SLK,mediumpurple3
SLMO1,mediumpurple3
SMAD4,mediumpurple3
SMAP1,mediumpurple3
SMCHD1,mediumpurple3
SMOC2,mediumpurple3
SMYD1,mediumpurple3
SMYD2,mediumpurple3
SNAPC4,mediumpurple3
SND1,mediumpurple3
SNF8,mediumpurple3
SNHG3-RCC1,mediumpurple3
SNORA70B,mediumpurple3
SNORD114-25,mediumpurple3
SNRPC,mediumpurple3
SNTG2,mediumpurple3
SNX18,mediumpurple3
SNX9,mediumpurple3
SOBP,mediumpurple3
SOCS7,mediumpurple3
SOLH,mediumpurple3
SORBS1,mediumpurple3
SORCS1,mediumpurple3
SOX11,mediumpurple3
SPACA1,mediumpurple3
SPAG6,mediumpurple3
SPATS2L,mediumpurple3
SPRED2,mediumpurple3
SPTBN1,mediumpurple3
SPTBN2,mediumpurple3
SRF,mediumpurple3
SRPK1,mediumpurple3
SRRM2,mediumpurple3
SSBP3,mediumpurple3
ST3GAL4,mediumpurple3
ST3GAL5,mediumpurple3
ST6GALNAC5,mediumpurple3
ST7OT3,mediumpurple3
ST8SIA6,mediumpurple3
STAU1,mediumpurple3
STK31,mediumpurple3
STOX2,mediumpurple3
STRA8,mediumpurple3
STT3A,mediumpurple3
STUB1,mediumpurple3
STX18,mediumpurple3
SULF2,mediumpurple3
SUV420H1,mediumpurple3
SVIL,mediumpurple3
SYF2,mediumpurple3
SYNE2,mediumpurple3
SYNJ2,mediumpurple3
SYT1,mediumpurple3
TAAR8,mediumpurple3
TAF3,mediumpurple3
TAF5L,mediumpurple3
TAP2,mediumpurple3
TAPBPL,mediumpurple3
TAPT1,mediumpurple3
TBC1D16,mediumpurple3
TBC1D24,mediumpurple3
TBC1D4,mediumpurple3
TBC1D8,mediumpurple3
TBCD,mediumpurple3
TBX19,mediumpurple3
TCF12,mediumpurple3
TCF19,mediumpurple3
TCF7L2,mediumpurple3
TCP11L1,mediumpurple3
TCTEX1D1,mediumpurple3
TCTN2,mediumpurple3
TDO2,mediumpurple3
TDP1,mediumpurple3
TEPP,mediumpurple3
TERF1,mediumpurple3
TERF2IP,mediumpurple3
TFDP1,mediumpurple3
TGM6,mediumpurple3
THADA,mediumpurple3
THAP2,mediumpurple3
THAP3,mediumpurple3
THEM5,mediumpurple3
THEMIS,mediumpurple3
TIAM2,mediumpurple3
TLE4,mediumpurple3
TLK1,mediumpurple3
TLN2,mediumpurple3
TMCC1,mediumpurple3
TMCO3,mediumpurple3
TMEM126A,mediumpurple3
TMEM131,mediumpurple3
TMEM132C,mediumpurple3
TMEM151B,mediumpurple3
TMEM156,mediumpurple3
TMEM192,mediumpurple3
TMEM70,mediumpurple3
TMTC1,mediumpurple3
TNFAIP8,mediumpurple3
TNFSF11,mediumpurple3
TNFSF15,mediumpurple3
TNIK,mediumpurple3
TNNC2,mediumpurple3
TNXB,mediumpurple3
TOR1AIP2,mediumpurple3
TOR2A,mediumpurple3
TP73,mediumpurple3
TPST1,mediumpurple3
TRAPPC9,mediumpurple3
TRH,mediumpurple3
TRIM10,mediumpurple3
TRIM26,mediumpurple3
TRIM27,mediumpurple3
TRIM34,mediumpurple3
TRIM36,mediumpurple3
TRIM39,mediumpurple3
TRIM40,mediumpurple3
TRIM71,mediumpurple3
TRIP4,mediumpurple3
TRMT2A,mediumpurple3
TRPM1,mediumpurple3
TRRAP,mediumpurple3
TSHR,mediumpurple3
TSKS,mediumpurple3
TSNARE1,mediumpurple3
TSPAN5,mediumpurple3
TSPAN9,mediumpurple3
TSSC1,mediumpurple3
TTC15,mediumpurple3
TTC23,mediumpurple3
TTC3,mediumpurple3
TTLL10,mediumpurple3
TTLL4,mediumpurple3
TTLL5,mediumpurple3
TTN,mediumpurple3
TTRAP,mediumpurple3
TULP1,mediumpurple3
TULP4,mediumpurple3
TXNDC5,mediumpurple3
TYMS,mediumpurple3
TYW1,mediumpurple3
UBAC2,mediumpurple3
UBE2CBP,mediumpurple3
UBE2E2,mediumpurple3
UBE2E3,mediumpurple3
UBE2QL1,mediumpurple3
UBL3,mediumpurple3
UBN1,mediumpurple3
UGT1A10,mediumpurple3
UHRF1BP1,mediumpurple3
ULK4,mediumpurple3
UNC93B1,mediumpurple3
UNKL,mediumpurple3
UPK3A,mediumpurple3
UPP2,mediumpurple3
UQCRHL,mediumpurple3
URM1,mediumpurple3
USH1C,mediumpurple3
USP10,mediumpurple3
USP2,mediumpurple3
USP54,mediumpurple3
UTRN,mediumpurple3
VANGL1,mediumpurple3
VAV2,mediumpurple3
VAX2,mediumpurple3
VEPH1,mediumpurple3
VEZF1,mediumpurple3
VKORC1,mediumpurple3
VPS24,mediumpurple3
VPS37A,mediumpurple3
VPS4B,mediumpurple3
VPS52,mediumpurple3
VPS8,mediumpurple3
WAC,mediumpurple3
WDFY4,mediumpurple3
WDR33,mediumpurple3
WDR37,mediumpurple3
WDR51A,mediumpurple3
WDR52,mediumpurple3
WDSUB1,mediumpurple3
WEE2,mediumpurple3
WNT3,mediumpurple3
WNT8B,mediumpurple3
XDH,mediumpurple3
XYLT1,mediumpurple3
ZBTB3,mediumpurple3
ZBTB7C,mediumpurple3
ZC3H11A,mediumpurple3
ZC3H13,mediumpurple3
ZC3H14,mediumpurple3
ZCCHC3,mediumpurple3
ZDHHC16,mediumpurple3
ZFHX3,mediumpurple3
ZFP64,mediumpurple3
ZFYVE28,mediumpurple3
ZFYVE9,mediumpurple3
ZMYND17,mediumpurple3
ZNF204P,mediumpurple3
ZNF229,mediumpurple3
ZNF233,mediumpurple3
ZNF248,mediumpurple3
ZNF274,mediumpurple3
ZNF282,mediumpurple3
ZNF292,mediumpurple3
ZNF311,mediumpurple3
ZNF329,mediumpurple3
ZNF35,mediumpurple3
ZNF354B,mediumpurple3
ZNF354C,mediumpurple3
ZNF362,mediumpurple3
ZNF385D,mediumpurple3
ZNF408,mediumpurple3
ZNF438,mediumpurple3
ZNF567,mediumpurple3
ZNF643,mediumpurple3
ZNF654,mediumpurple3
ZNF713,mediumpurple3
ZNF727,mediumpurple3
ZNF77,mediumpurple3
ZNF787,mediumpurple3
ZPLD1,mediumpurple3
ZSCAN12,mediumpurple3
ZYG11A,mediumpurple3
AARS2,midnightblue
AARSD1,midnightblue
AATK,midnightblue
ABCD2,midnightblue
ABHD13,midnightblue
ABHD2,midnightblue
ABL2,midnightblue
ACAD8,midnightblue
ACAP2,midnightblue
ACHE,midnightblue
ACN9,midnightblue
ACTR2,midnightblue
ADAMTS1,midnightblue
ADAMTS19,midnightblue
ADAMTS2,midnightblue
ADAMTS3,midnightblue
ADAMTS8,midnightblue
ADAT2,midnightblue
ADCYAP1R1,midnightblue
ADH5,midnightblue
AGAP3,midnightblue
AHDC1,midnightblue
AHRR,midnightblue
AHSG,midnightblue
AICDA,midnightblue
AKR1C1,midnightblue
ALDH18A1,midnightblue
ALDH1L2,midnightblue
ALDH7A1,midnightblue
ALOXE3,midnightblue
AMD1,midnightblue
AMDHD2,midnightblue
ANAPC11,midnightblue
ANAPC5,midnightblue
ANKRD11,midnightblue
ANKRD22,midnightblue
ANKRD40,midnightblue
ANO2,midnightblue
ANO6,midnightblue
ANTXR2,midnightblue
ANXA4,midnightblue
ANXA6,midnightblue
AOX1,midnightblue
AP3S2,midnightblue
APC,midnightblue
APOLD1,midnightblue
AQR,midnightblue
ARHGEF10,midnightblue
ARHGEF7,midnightblue
ARID3A,midnightblue
ARID3B,midnightblue
ARID5B,midnightblue
ARIH1,midnightblue
ARL6IP6,midnightblue
ARMC1,midnightblue
ASCC1,midnightblue
ASPH,midnightblue
ASPHD2,midnightblue
ASRGL1,midnightblue
ATG2B,midnightblue
ATOH8,midnightblue
ATP5A1,midnightblue
ATP8A2,midnightblue
ATXN1L,midnightblue
ATXN7L1,midnightblue
AURKAIP1,midnightblue
B3GALTL,midnightblue
B3GNT2,midnightblue
BAIAP3,midnightblue
BAT2,midnightblue
BAZ2B,midnightblue
BBS7,midnightblue
BCAP29,midnightblue
BCCIP,midnightblue
BCKDK,midnightblue
BCR,midnightblue
BDNF,midnightblue
BFAR,midnightblue
BHLHE23,midnightblue
BLCAP,midnightblue
BMP3,midnightblue
BMP4,midnightblue
BMPER,midnightblue
BMS1P4,midnightblue
BNIP3,midnightblue
BRD2,midnightblue
BRIP1,midnightblue
BRP44,midnightblue
BRUNOL4,midnightblue
BTG4,midnightblue
BTN2A1,midnightblue
BUB3,midnightblue
C10ORF137,midnightblue
C10ORF76,midnightblue
C10ORF79,midnightblue
C11ORF53,midnightblue
C11ORF90,midnightblue
C11ORF91,midnightblue
C12ORF35,midnightblue
C13ORF38,midnightblue
C14ORF104,midnightblue
C14ORF106,midnightblue
C14ORF37,midnightblue
C15ORF38,midnightblue
C15ORF41,midnightblue
C17ORF56,midnightblue
C17ORF80,midnightblue
C18ORF45,midnightblue
C19ORF24,midnightblue
C1ORF106,midnightblue
C1ORF52,midnightblue
C20ORF94,midnightblue
C21ORF56,midnightblue
C22ORF30,midnightblue
C2ORF18,midnightblue
C3ORF14,midnightblue
C3ORF63,midnightblue
C4ORF17,midnightblue
C4ORF33,midnightblue
C4ORF37,midnightblue
C6ORF10,midnightblue
C6ORF134,midnightblue
C6ORF142,midnightblue
C6ORF174,midnightblue
C6ORF226,midnightblue
C6ORF89,midnightblue
C7ORF26,midnightblue
C7ORF49,midnightblue
C7ORF63,midnightblue
C7ORF64,midnightblue
C8ORF33,midnightblue
C8ORF37,midnightblue
C8ORF59,midnightblue
C9ORF129,midnightblue
C9ORF142,midnightblue
C9ORF21,midnightblue
C9ORF5,midnightblue
C9ORF93,midnightblue
CABP1,midnightblue
CACHD1,midnightblue
CACNA1B,midnightblue
CACNG4,midnightblue
CACNG8,midnightblue
CADM2,midnightblue
CADPS,midnightblue
CARKD,midnightblue
CASKIN2,midnightblue
CASP9,midnightblue
CBLL1,midnightblue
CBX2,midnightblue
CBX8,midnightblue
CCDC109A,midnightblue
CCDC115,midnightblue
CCDC132,midnightblue
CCDC147,midnightblue
CCDC149,midnightblue
CCDC39,midnightblue
CCDC43,midnightblue
CCDC45,midnightblue
CCDC67,midnightblue
CCDC69,midnightblue
CCDC76,midnightblue
CCDC85B,midnightblue
CCDC92,midnightblue
CCDC96,midnightblue
CCKBR,midnightblue
CCR6,midnightblue
CD164L2,midnightblue
CD180,midnightblue
CD46,midnightblue
CDC123,midnightblue
CDCA7,midnightblue
CDK1,midnightblue
CDK14,midnightblue
CDK17,midnightblue
CDK6,midnightblue
CDKN2D,midnightblue
CEBPD,midnightblue
CELSR1,midnightblue
CENPE,midnightblue
CHCHD8,midnightblue
CHD4,midnightblue
CHD5,midnightblue
CHRM2,midnightblue
CHRNA2,midnightblue
CHST6,midnightblue
CIB1,midnightblue
CITED2,midnightblue
CLEC5A,midnightblue
CLK2,midnightblue
CLPTM1L,midnightblue
CLPX,midnightblue
CLSTN2,midnightblue
CLU,midnightblue
CLVS1,midnightblue
CNIH2,midnightblue
CNO,midnightblue
CNOT2,midnightblue
CNPY3,midnightblue
CNRIP1,midnightblue
CNTNAP2,midnightblue
COG1,midnightblue
COL2A1,midnightblue
COLEC11,midnightblue
COMMD6,midnightblue
COPG2,midnightblue
CORO1A,midnightblue
COX6B2,midnightblue
CPNE5,midnightblue
CREB3L2,midnightblue
CRHR1,midnightblue
CROT,midnightblue
CRY1,midnightblue
CSF1,midnightblue
CSGALNACT1,midnightblue
CSGALNACT2,midnightblue
CSMD2,midnightblue
CSNK1D,midnightblue
CSPP1,midnightblue
CTBP2,midnightblue
CTH,midnightblue
CTNNA3,midnightblue
CTPS,midnightblue
CTSD,midnightblue
CWF19L2,midnightblue
CXCL12,midnightblue
CXCR4,midnightblue
CYP26A1,midnightblue
DCAF11,midnightblue
DCPS,midnightblue
DDAH1,midnightblue
DDHD2,midnightblue
DENND5B,midnightblue
DERL1,midnightblue
DGCR8,midnightblue
DGKI,midnightblue
DGKQ,midnightblue
DHODH,midnightblue
DHX16,midnightblue
DHX34,midnightblue
DHX8,midnightblue
DHX9,midnightblue
DICER1,midnightblue
DIO3,midnightblue
DLGAP2,midnightblue
DLX6AS,midnightblue
DMRTA2,midnightblue
DNAH9,midnightblue
DNAJC21,midnightblue
DNAJC30,midnightblue
DNMBP,midnightblue
DOCK7,midnightblue
DPP10,midnightblue
DPY19L3,midnightblue
DRD3,midnightblue
DSCR3,midnightblue
DSE,midnightblue
DSN1,midnightblue
DST,midnightblue
DTNBP1,midnightblue
DUSP1,midnightblue
DUSP16,midnightblue
DUSP26,midnightblue
DUSP3,midnightblue
DUSP6,midnightblue
DUT,midnightblue
DYNC1LI2,midnightblue
DYNC2H1,midnightblue
E2F1,midnightblue
EBF3,midnightblue
EBPL,midnightblue
ECSIT,midnightblue
EEA1,midnightblue
EFCAB2,midnightblue
EGR2,midnightblue
EID3,midnightblue
EIF2AK1,midnightblue
EIF2B4,midnightblue
EIF3H,midnightblue
EIF4A3,midnightblue
EIF4H,midnightblue
EIF6,midnightblue
ELMOD2,midnightblue
ELOVL1,midnightblue
EMCN,midnightblue
ENC1,midnightblue
ENO2,midnightblue
ENOX1,midnightblue
ENTPD5,midnightblue
EPHA4,midnightblue
EPHB3,midnightblue
EPO,midnightblue
EPOR,midnightblue
EPS8,midnightblue
ERC2,midnightblue
ERI1,midnightblue
ESCO2,midnightblue
ETV3,midnightblue
EVX1,midnightblue
EXOSC10,midnightblue
EXT1,midnightblue
EYA4,midnightblue
EZH2,midnightblue
FAHD1,midnightblue
FAM103A1,midnightblue
FAM108A1,midnightblue
FAM111A,midnightblue
FAM114A1,midnightblue
FAM117A,midnightblue
FAM120B,midnightblue
FAM155A,midnightblue
FAM171A2,midnightblue
FAM174B,midnightblue
FAM188A,midnightblue
FAM190B,midnightblue
FAM193B,midnightblue
FAM43A,midnightblue
FAM46C,midnightblue
FAM63B,midnightblue
FAM65B,midnightblue
FAM81A,midnightblue
FAM82A1,midnightblue
FAM92A1,midnightblue
FARP1,midnightblue
FARSB,midnightblue
FBN2,midnightblue
FBXL7,midnightblue
FBXO11,midnightblue
FBXO30,midnightblue
FBXO7,midnightblue
FDX1,midnightblue
FGD6,midnightblue
FGF14,midnightblue
FGF2,midnightblue
FHOD3,midnightblue
FIGLA,midnightblue
FITM2,midnightblue
FKBP4,midnightblue
FLJ10357,midnightblue
FLJ26850,midnightblue
FLJ43390,midnightblue
FLRT2,midnightblue
FMN2,midnightblue
FOXK2,midnightblue
FRMD3,midnightblue
FRS2,midnightblue
FUT2,midnightblue
GABRG1,midnightblue
GADD45B,midnightblue
GAK,midnightblue
GATA6,midnightblue
GATAD1,midnightblue
GBP6,midnightblue
GCN1L1,midnightblue
GCOM1,midnightblue
GDA,midnightblue
GINS1,midnightblue
GINS3,midnightblue
GIPR,midnightblue
GJA4,midnightblue
GLIPR1L2,midnightblue
GLRA1,midnightblue
GLT8D1,midnightblue
GLUL,midnightblue
GMEB2,midnightblue
GOPC,midnightblue
GPR108,midnightblue
GPR128,midnightblue
GPR144,midnightblue
GPR161,midnightblue
GPR183,midnightblue
GPR19,midnightblue
GPR44,midnightblue
GPR45,midnightblue
GPR6,midnightblue
GRHL2,midnightblue
GRID2IP,midnightblue
GRIK2,midnightblue
GRIN2B,midnightblue
GRK5,midnightblue
GRM1,midnightblue
GRM3,midnightblue
GRM5,midnightblue
GRM8,midnightblue
GSG1,midnightblue
GSK3B,midnightblue
GTF2A1,midnightblue
GTF2H3,midnightblue
GTPBP1,midnightblue
GTSF1,midnightblue
GXYLT1,midnightblue
H19,midnightblue
H1FNT,midnightblue
H2AFZ,midnightblue
HARS2,midnightblue
HAUS8,midnightblue
HBXIP,midnightblue
HCG27,midnightblue
HCN1,midnightblue
HDAC4,midnightblue
HECW1,midnightblue
HELLS,midnightblue
HERC5,midnightblue
HEY1,midnightblue
HIAT1,midnightblue
HIP1,midnightblue
HIST1H2BA,midnightblue
HIST1H2BH,midnightblue
HIST1H3C,midnightblue
HIST1H3D,midnightblue
HIST1H3I,midnightblue
HIST1H4G,midnightblue
HLA-DOB,midnightblue
HLA-DQA2,midnightblue
HM13,midnightblue
HMGA1,midnightblue
HMGB2,midnightblue
HN1,midnightblue
HNRNPA1,midnightblue
HNRNPM,midnightblue
HOOK3,midnightblue
HOXB9,midnightblue
HOXC4,midnightblue
HPCAL1,midnightblue
HPCAL4,midnightblue
HRNBP3,midnightblue
HS1BP3,midnightblue
HSD11B1,midnightblue
HSPA4,midnightblue
HSPG2,midnightblue
HTR3E,midnightblue
HUS1B,midnightblue
HYDIN,midnightblue
ICA1L,midnightblue
IDI1,midnightblue
IFI27L2,midnightblue
IGSF21,midnightblue
IGSF5,midnightblue
IHH,midnightblue
IL12RB2,midnightblue
IL1F7,midnightblue
IL31RA,midnightblue
ING1,midnightblue
ING5,midnightblue
INHBB,midnightblue
INO80D,midnightblue
INPP5A,midnightblue
INPP5B,midnightblue
INSIG1,midnightblue
INSM2,midnightblue
IPO13,midnightblue
IPO8,midnightblue
IQCA1,midnightblue
IQGAP1,midnightblue
IRX1,midnightblue
ITGA9,midnightblue
ITGB3BP,midnightblue
ITPR2,midnightblue
ITSN1,midnightblue
JAZF1,midnightblue
JUN,midnightblue
KBTBD2,midnightblue
KCNA1,midnightblue
KCNH7,midnightblue
KCNIP2,midnightblue
KCNIP4,midnightblue
KCNK1,midnightblue
KCNK15,midnightblue
KCNN1,midnightblue
KCNT2,midnightblue
KDELC2,midnightblue
KDELR2,midnightblue
KDM2A,midnightblue
KHDRBS3,midnightblue
KIAA0754,midnightblue
KIAA1024,midnightblue
KIAA1530,midnightblue
KIAA1841,midnightblue
KIAA1919,midnightblue
KIF2C,midnightblue
KIF5B,midnightblue
KIF5C,midnightblue
KIFAP3,midnightblue
KIFC1,midnightblue
KIR3DL2,midnightblue
KLF10,midnightblue
KLF14,midnightblue
KLHDC5,midnightblue
KNDC1,midnightblue
KPNB1,midnightblue
KRAS,midnightblue
KRI1,midnightblue
KRT222,midnightblue
LACTB2,midnightblue
LANCL2,midnightblue
LAPTM4B,midnightblue
LCLAT1,midnightblue
LEO1,midnightblue
LEPRE1,midnightblue
LHX1,midnightblue
LHX9,midnightblue
LIAS,midnightblue
LIMD1,midnightblue
LIN54,midnightblue
LMBR1,midnightblue
LOC100129716,midnightblue
LOC100134229,midnightblue
LOC100134713,midnightblue
LOC100188947,midnightblue
LOC100302652,midnightblue
LOC146336,midnightblue
LOC153328,midnightblue
LOC283392,midnightblue
LOC283856,midnightblue
LOC285550,midnightblue
LOC338799,midnightblue
LOC388965,midnightblue
LOC646762,midnightblue
LOC653113,midnightblue
LOC728323,midnightblue
LOC84856,midnightblue
LOH12CR1,midnightblue
LOXL2,midnightblue
LPCAT2,midnightblue
LRBA,midnightblue
LRP6,midnightblue
LRRC14,midnightblue
LRRC34,midnightblue
LRRC48,midnightblue
LRRC57,midnightblue
LRRC8B,midnightblue
LRRCC1,midnightblue
LRRFIP1,midnightblue
LSM11,midnightblue
LYRM1,midnightblue
LYRM4,midnightblue
LYSMD2,midnightblue
MAD1L1,midnightblue
MADCAM1,midnightblue
MAEA,midnightblue
MAGI1,midnightblue
MAK16,midnightblue
MAP1B,midnightblue
MAP2K2,midnightblue
MAP3K10,midnightblue
MAP3K5,midnightblue
MAP3K7IP2,midnightblue
MAP4K1,midnightblue
MAP9,midnightblue
MAPRE3,midnightblue
MAPT,midnightblue
MAR-07,midnightblue
MAST3,midnightblue
MAT2A,midnightblue
MAT2B,midnightblue
MBD3,midnightblue
MBLAC1,midnightblue
MBNL1,midnightblue
MBOAT7,midnightblue
MCM5,midnightblue
MCTP2,midnightblue
MDN1,midnightblue
MDP1,midnightblue
MEA1,midnightblue
MED18,midnightblue
MED7,midnightblue
MFAP3L,midnightblue
MFN1,midnightblue
MGC72080,midnightblue
MGST2,midnightblue
MIAT,midnightblue
MIR107,midnightblue
MIR129-2,midnightblue
MIR153-2,midnightblue
MIR636,midnightblue
MIR7-3,midnightblue
MKI67,midnightblue
MKL2,midnightblue
MKRN1,midnightblue
MLLT10,midnightblue
MOBKL2B,midnightblue
MOBKL3,midnightblue
MOG,midnightblue
MRPL27,midnightblue
MRPS27,midnightblue
MRPS35,midnightblue
MRTO4,midnightblue
MSH5,midnightblue
MSRB2,midnightblue
MTERF,midnightblue
MTHFSD,midnightblue
MTNR1A,midnightblue
MTR,midnightblue
MTRR,midnightblue
MTUS1,midnightblue
MXD4,midnightblue
MYC,midnightblue
MYH10,midnightblue
MYO1F,midnightblue
MYST3,midnightblue
MYST4,midnightblue
MYT1L,midnightblue
NAA16,midnightblue
NAALAD2,midnightblue
NALCN,midnightblue
NANP,midnightblue
NAV2,midnightblue
NBEAL1,midnightblue
NCEH1,midnightblue
NCOA5,midnightblue
NCRNA00120,midnightblue
NCRNA00171,midnightblue
NCRNA00188,midnightblue
NCRNA00219,midnightblue
NDUFA7,midnightblue
NDUFS3,midnightblue
NDUFS4,midnightblue
NEAT1,midnightblue
NEB,midnightblue
NEBL,midnightblue
NECAB3,midnightblue
NEDD4,midnightblue
NEDD8,midnightblue
NEFL,midnightblue
NEFM,midnightblue
NEK11,midnightblue
NEU1,midnightblue
NFIC,midnightblue
NHEDC1,midnightblue
NHLRC2,midnightblue
NID1,midnightblue
NKX2-2,midnightblue
NLGN1,midnightblue
NME1,midnightblue
NME7,midnightblue
NOL4,midnightblue
NOTCH4,midnightblue
NPAS3,midnightblue
NPAS4,midnightblue
NPR3,midnightblue
NPTX1,midnightblue
NQO2,midnightblue
NR1H2,midnightblue
NRARP,midnightblue
NRP1,midnightblue
NSMCE1,midnightblue
NUDT18,midnightblue
NUDT21,midnightblue
NUDT5,midnightblue
NUMA1,midnightblue
NXN,midnightblue
ODZ4,midnightblue
OR13F1,midnightblue
OR2W1,midnightblue
OR5I1,midnightblue
OSBP2,midnightblue
OSBPL9,midnightblue
OSGIN1,midnightblue
OTOP2,midnightblue
P4HA3,midnightblue
PABPN1,midnightblue
PACRG,midnightblue
PACSIN1,midnightblue
PAK1,midnightblue
PALM2,midnightblue
PATE3,midnightblue
PAX9,midnightblue
PCCA,midnightblue
PCDH10,midnightblue
PCDH18,midnightblue
PCDHGB1,midnightblue
PCK2,midnightblue
PCMTD2,midnightblue
PDCD6,midnightblue
PDE10A,midnightblue
PDE3B,midnightblue
PDE4A,midnightblue
PDK2,midnightblue
PDX1,midnightblue
PDZRN4,midnightblue
PES1,midnightblue
PET112L,midnightblue
PEX10,midnightblue
PHLDA3,midnightblue
PHLDB3,midnightblue
PID1,midnightblue
PIGB,midnightblue
PIK3CA,midnightblue
PIK3CD,midnightblue
PIKFYVE,midnightblue
PIN1,midnightblue
PKNOX1,midnightblue
PLAC8,midnightblue
PLAC8L1,midnightblue
PLCB1,midnightblue
PLDN,midnightblue
PLEKHA4,midnightblue
PLEKHG5,midnightblue
PLEKHH2,midnightblue
PLK1S1,midnightblue
PLK3,midnightblue
PNKD,midnightblue
PNLIPRP2,midnightblue
PODNL1,midnightblue
POLD2,midnightblue
POLR2J4,midnightblue
POM121L2,midnightblue
POMP,midnightblue
POMT1,midnightblue
POP1,midnightblue
POPDC3,midnightblue
POT1,midnightblue
PPA1,midnightblue
PPHLN1,midnightblue
PPP1R3C,midnightblue
PPP2R4,midnightblue
PRDM11,midnightblue
PRDM16,midnightblue
PRDX5,midnightblue
PRICKLE4,midnightblue
PRIMA1,midnightblue
PRKACB,midnightblue
PRKCA,midnightblue
PRKCH,midnightblue
PRMT8,midnightblue
PRR24,midnightblue
PRR3,midnightblue
PRRC1,midnightblue
PSD4,midnightblue
PSMB1,midnightblue
PSMB3,midnightblue
PTCH1,midnightblue
PTEN,midnightblue
PTGER2,midnightblue
PTGFRN,midnightblue
PTK2,midnightblue
PTPN12,midnightblue
PTPRN2,midnightblue
PTRH2,midnightblue
PTTG1IP,midnightblue
PXMP3,midnightblue
PXT1,midnightblue
PYGB,midnightblue
PYROXD1,midnightblue
PYY,midnightblue
RABGAP1,midnightblue
RABL4,midnightblue
RAD23A,midnightblue
RAD51L3,midnightblue
RAG2,midnightblue
RALGAPA1,midnightblue
RANGAP1,midnightblue
RAP1GAP,midnightblue
RAPGEF4,midnightblue
RASA3,midnightblue
RASSF8,midnightblue
RBM19,midnightblue
RBM4,midnightblue
RBPMS2,midnightblue
RCHY1,midnightblue
RCL1,midnightblue
RDBP,midnightblue
REEP5,midnightblue
RELL1,midnightblue
RELN,midnightblue
RERE,midnightblue
RFC1,midnightblue
RFX4,midnightblue
RGMB,midnightblue
RGS12,midnightblue
RGS19,midnightblue
RHOH,midnightblue
RICTOR,midnightblue
RIMBP2,midnightblue
RIMS2,midnightblue
RIOK2,midnightblue
RIPK2,midnightblue
RNASEN,midnightblue
RNF13,midnightblue
RNF187,midnightblue
RNF26,midnightblue
RNF39,midnightblue
RNF6,midnightblue
ROR2,midnightblue
RPH3A,midnightblue
RPIA,midnightblue
RPL23,midnightblue
RPL26L1,midnightblue
RPP30,midnightblue
RPS27A,midnightblue
RPS6KB2,midnightblue
RPSA,midnightblue
RUFY3,midnightblue
RUNDC3A,midnightblue
RUNX1T1,midnightblue
RUNX2,midnightblue
RWDD2A,midnightblue
RXRG,midnightblue
RYBP,midnightblue
RYR2,midnightblue
S100A9,midnightblue
S100B,midnightblue
SAC3D1,midnightblue
SACM1L,midnightblue
SALL1,midnightblue
SAMD4B,midnightblue
SAR1A,midnightblue
SART3,midnightblue
SAT2,midnightblue
SAV1,midnightblue
SCAMP1,midnightblue
SCAND3,midnightblue
SCARA3,midnightblue
SCARNA16,midnightblue
SCHIP1,midnightblue
SCN2A,midnightblue
SCN3B,midnightblue
SCN9A,midnightblue
SCNN1A,midnightblue
SCNN1G,midnightblue
SDHAP3,midnightblue
SDHD,midnightblue
SEC1,midnightblue
SEC61A2,midnightblue
SEMA7A,midnightblue
SENP1,midnightblue
SENP6,midnightblue
SEPN1,midnightblue
SEPW1,midnightblue
SERF2,midnightblue
SESN3,midnightblue
SFRS12IP1,midnightblue
SFRS18,midnightblue
SFRS2IP,midnightblue
SFT2D2,midnightblue
SFXN1,midnightblue
SH3BP5L,midnightblue
SH3PXD2A,midnightblue
SHC1,midnightblue
SHF,midnightblue
SIKE1,midnightblue
SIP1,midnightblue
SIPA1,midnightblue
SIRT5,midnightblue
SKI,midnightblue
SLC11A2,midnightblue
SLC12A2,midnightblue
SLC16A12,midnightblue
SLC16A9,midnightblue
SLC25A10,midnightblue
SLC25A37,midnightblue
SLC2A12,midnightblue
SLC35F1,midnightblue
SLC39A6,midnightblue
SLC39A9,midnightblue
SLC43A1,midnightblue
SLC45A4,midnightblue
SLC4A8,midnightblue
SLITRK1,midnightblue
SLITRK3,midnightblue
SMARCD1,midnightblue
SMC3,midnightblue
SMC5,midnightblue
SMCHD1,midnightblue
SMOC2,midnightblue
SMTNL2,midnightblue
SMYD3,midnightblue
SNORA11B,midnightblue
SNORA24,midnightblue
SNORD115-48,midnightblue
SNRPB,midnightblue
SNTA1,midnightblue
SNTB1,midnightblue
SNX1,midnightblue
SNX32,midnightblue
SOCS2,midnightblue
SORCS1,midnightblue
SOX2OT,midnightblue
SP1,midnightblue
SP3,midnightblue
SP6,midnightblue
SPIB,midnightblue
SPSB1,midnightblue
SQSTM1,midnightblue
SR140,midnightblue
SRA1,midnightblue
SRBD1,midnightblue
SRPK2,midnightblue
SRRM4,midnightblue
SS18L1,midnightblue
SSBP4,midnightblue
ST6GAL2,midnightblue
ST8SIA4,midnightblue
STAB2,midnightblue
STAG1,midnightblue
STARD5,midnightblue
STAT1,midnightblue
STIM2,midnightblue
STK17B,midnightblue
STK35,midnightblue
STRADA,midnightblue
STX1A,midnightblue
STX2,midnightblue
STX8,midnightblue
SULT4A1,midnightblue
SUMO1,midnightblue
SVIP,midnightblue
SYCE1L,midnightblue
SYNGAP1,midnightblue
SYNGR3,midnightblue
SYVN1,midnightblue
T,midnightblue
TAC1,midnightblue
TACR2,midnightblue
TAP2,midnightblue
TARSL2,midnightblue
TBC1D12,midnightblue
TBC1D23,midnightblue
TBCD,midnightblue
TBCE,midnightblue
TCF4,midnightblue
TDRKH,midnightblue
TEX14,midnightblue
TFCP2,midnightblue
TFEC,midnightblue
TFIP11,midnightblue
TGFBRAP1,midnightblue
TGIF1,midnightblue
TJAP1,midnightblue
TKT,midnightblue
TLK1,midnightblue
TLL1,midnightblue
TLL2,midnightblue
TLR6,midnightblue
TLX2,midnightblue
TM9SF2,midnightblue
TMCO6,midnightblue
TMED9,midnightblue
TMEM108,midnightblue
TMEM126A,midnightblue
TMEM126B,midnightblue
TMEM132D,midnightblue
TMEM161A,midnightblue
TMEM196,midnightblue
TMEM41B,midnightblue
TMEM5,midnightblue
TMEM55A,midnightblue
TMEM67,midnightblue
TMEM87A,midnightblue
TMX1,midnightblue
TMX2,midnightblue
TNK2,midnightblue
TNKS,midnightblue
TNPO1,midnightblue
TNPO2,midnightblue
TOB2,midnightblue
TOP2A,midnightblue
TOX2,midnightblue
TP53,midnightblue
TPRA1,midnightblue
TRAPPC9,midnightblue
TRH,midnightblue
TRIM22,midnightblue
TRIM62,midnightblue
TRIM7,midnightblue
TRMT5,midnightblue
TRMU,midnightblue
TRNT1,midnightblue
TROAP,midnightblue
TSPAN9,midnightblue
TSTD1,midnightblue
TUBA1A,midnightblue
TUBB,midnightblue
TWSG1,midnightblue
TXNRD1,midnightblue
U2AF2,midnightblue
UBASH3B,midnightblue
UBB,midnightblue
UCK2,midnightblue
UFD1L,midnightblue
UGT8,midnightblue
UNC5A,midnightblue
UNC84B,midnightblue
UNK,midnightblue
UPF2,midnightblue
UQCRC2,midnightblue
USP10,midnightblue
USP19,midnightblue
USP6NL,midnightblue
UST,midnightblue
UTP15,midnightblue
VAMP5,midnightblue
VAX2,midnightblue
VDAC2,midnightblue
VGLL3,midnightblue
VGLL4,midnightblue
VNN3,midnightblue
VOPP1,midnightblue
VPS37C,midnightblue
VPS37D,midnightblue
VPS8,midnightblue
WASL,midnightblue
WBP11,midnightblue
WBP4,midnightblue
WBSCR16,midnightblue
WDR27,midnightblue
WDR31,midnightblue
WDR51B,midnightblue
WDR54,midnightblue
WDR62,midnightblue
WDR66,midnightblue
WDR73,midnightblue
WDTC1,midnightblue
WHSC2,midnightblue
WIPF2,midnightblue
WISP1,midnightblue
WIZ,midnightblue
WNT2,midnightblue
XYLT1,midnightblue
YPEL3,midnightblue
YWHAE,midnightblue
ZBTB20,midnightblue
ZC3H15,midnightblue
ZC3H3,midnightblue
ZC3HAV1,midnightblue
ZCCHC6,midnightblue
ZCCHC7,midnightblue
ZEB1,midnightblue
ZFAND1,midnightblue
ZFAND6,midnightblue
ZFP37,midnightblue
ZIC1,midnightblue
ZIC4,midnightblue
ZNF14,midnightblue
ZNF160,midnightblue
ZNF18,midnightblue
ZNF226,midnightblue
ZNF230,midnightblue
ZNF276,midnightblue
ZNF284,midnightblue
ZNF3,midnightblue
ZNF311,midnightblue
ZNF318,midnightblue
ZNF331,midnightblue
ZNF350,midnightblue
ZNF362,midnightblue
ZNF385B,midnightblue
ZNF396,midnightblue
ZNF420,midnightblue
ZNF501,midnightblue
ZNF512,midnightblue
ZNF516,midnightblue
ZNF542,midnightblue
ZNF577,midnightblue
ZNF585B,midnightblue
ZNF599,midnightblue
ZNF608,midnightblue
ZNF655,midnightblue
ZNF678,midnightblue
ZNF691,midnightblue
ZNF709,midnightblue
ZNF718,midnightblue
ZNF721,midnightblue
ZNF833,midnightblue
ZNF880,midnightblue
ZNRF1,midnightblue
ZSCAN1,midnightblue
ZSWIM1,midnightblue
ZSWIM5,midnightblue
ZXDC,midnightblue
A2BP1,orange
ABCA5,orange
ABCC11,orange
ABHD12,orange
ABHD5,orange
ACAD10,orange
ACHE,orange
ACOT7,orange
ACP2,orange
ACPL2,orange
ACSS3,orange
ACTR10,orange
ACVR1,orange
ACVR1B,orange
ADAM17,orange
ADAMTS3,orange
ADIPOR2,orange
ADPRH,orange
ADRA1B,orange
ADRB3,orange
ADSS,orange
AES,orange
AFAP1L1,orange
AFF1,orange
AHCYL2,orange
AHRR,orange
AK2,orange
AKIRIN1,orange
ALDOA,orange
ALKBH2,orange
ANK2,orange
ANKLE1,orange
ANKRD32,orange
ANKRD34B,orange
ANKRD54,orange
ANKS1B,orange
ANXA4,orange
AP1M2,orange
AP3B2,orange
API5,orange
APOM,orange
APP,orange
APRT,orange
ARF3,orange
ARF6,orange
ARFGAP1,orange
ARHGEF2,orange
ARHGEF4,orange
ARL6IP5,orange
ARMC9,orange
ARPC5,orange
ARSB,orange
ASAH2,orange
ASB1,orange
ASCL1,orange
ASNSD1,orange
ATF6B,orange
ATG10,orange
ATN1,orange
ATOX1,orange
ATP10D,orange
ATP13A1,orange
ATP5C1,orange
ATP5G3,orange
ATP6V1G1,orange
ATP9B,orange
ATXN10,orange
ATXN2L,orange
ATXN7L1,orange
ATXN7L2,orange
AUH,orange
AURKA,orange
B3GALT4,orange
B3GAT1,orange
B3GNT4,orange
B3GNTL1,orange
B4GALNT2,orange
B4GALNT4,orange
BAT2,orange
BAT5,orange
BCAR3,orange
BCAS1,orange
BCL2,orange
BCL6,orange
BCL6B,orange
BDNF,orange
BET1,orange
BICC1,orange
BRCA1,orange
BRD2,orange
BRD8,orange
BRPF3,orange
BSDC1,orange
BTG1,orange
C10ORF25,orange
C10ORF26,orange
C10ORF58,orange
C11ORF30,orange
C11ORF54,orange
C11ORF58,orange
C11ORF83,orange
C11ORF84,orange
C11ORF95,orange
C12ORF35,orange
C12ORF44,orange
C12ORF56,orange
C13ORF27,orange
C14ORF1,orange
C14ORF126,orange
C14ORF143,orange
C14ORF156,orange
C14ORF23,orange
C15ORF29,orange
C16ORF67,orange
C17ORF49,orange
C17ORF81,orange
C18ORF54,orange
C19ORF52,orange
C19ORF56,orange
C1ORF124,orange
C1ORF163,orange
C1ORF212,orange
C1ORF9,orange
C1ORF95,orange
C1R,orange
C20ORF196,orange
C20ORF43,orange
C20ORF72,orange
C21ORF2,orange
C21ORF49,orange
C22ORF23,orange
C22ORF34,orange
C2ORF27A,orange
C2ORF52,orange
C2ORF63,orange
C3ORF25,orange
C3ORF57,orange
C4ORF14,orange
C4ORF46,orange
C5ORF28,orange
C5ORF41,orange
C5ORF42,orange
C5ORF44,orange
C6ORF122,orange
C6ORF165,orange
C6ORF173,orange
C6ORF192,orange
C6ORF48,orange
C6ORF70,orange
C7ORF27,orange
C8ORF40,orange
C8ORF58,orange
C9,orange
CABYR,orange
CACNA1E,orange
CACNA1H,orange
CAMK2D,orange
CAMTA2,orange
CAPN2,orange
CARD11,orange
CASP2,orange
CATSPERG,orange
CBY1,orange
CC2D1B,orange
CCDC104,orange
CCDC108,orange
CCDC126,orange
CCDC21,orange
CCDC39,orange
CCDC49,orange
CCDC65,orange
CCDC84,orange
CCDC93,orange
CCND2,orange
CCNJL,orange
CCNO,orange
CD109,orange
CD320,orange
CD38,orange
CD81,orange
CDC16,orange
CDC42BPB,orange
CDH4,orange
CDH6,orange
CDK2AP2,orange
CDK6,orange
CDK7,orange
CDK8,orange
CDKN2C,orange
CDX2,orange
CEACAM20,orange
CEBPG,orange
CENPL,orange
CENPV,orange
CEP192,orange
CEP250,orange
CEP97,orange
CFLAR,orange
CGN,orange
CH25H,orange
CHD4,orange
CHFR,orange
CHST2,orange
CHTF8,orange
CIB2,orange
CIDEA,orange
CITED2,orange
CKAP2,orange
CLCN7,orange
CLDN4,orange
CLGN,orange
CLN3,orange
CLOCK,orange
CMIP,orange
CNIH,orange
CNIH4,orange
CNNM2,orange
CNO,orange
CNPY1,orange
CNTN5,orange
COASY,orange
COL1A2,orange
COL6A1,orange
COPG,orange
CORO1A,orange
COX5B,orange
COX8A,orange
CPNE6,orange
CPSF6,orange
CRELD1,orange
CRLF1,orange
CRTC2,orange
CTBS,orange
CTGF,orange
CUBN,orange
CUGBP1,orange
CUX2,orange
CYLD,orange
DACH1,orange
DACT3,orange
DAG1,orange
DAZAP2,orange
DBN1,orange
DBX2,orange
DCAF13,orange
DCHS1,orange
DCLK2,orange
DCTD,orange
DDAH2,orange
DDN,orange
DDX10,orange
DDX18,orange
DDX20,orange
DEDD,orange
DENND3,orange
DENND4A,orange
DENR,orange
DFNA5,orange
DKFZP686O24166,orange
DLG1,orange
DLX2,orange
DMAP1,orange
DNAJC28,orange
DNAJC7,orange
DNTTIP2,orange
DOCK9,orange
DPH3B,orange
DRG1,orange
DTX3,orange
DUS1L,orange
DUSP12,orange
DVWA,orange
DYNC1LI1,orange
DYNLL1,orange
DYRK1B,orange
DYRK3,orange
E2F3,orange
EED,orange
EEFSEC,orange
EFHA1,orange
EHBP1,orange
EHMT2,orange
EIF3IP1,orange
EIF5A,orange
ELFN2,orange
ELL,orange
ELMO1,orange
ELOVL6,orange
ENPP1,orange
EPCAM,orange
ERBB2,orange
ERCC1,orange
ERLIN1,orange
ETV1,orange
ETV4,orange
ETV5,orange
EXO1,orange
EXPH5,orange
EYA4,orange
FAM102B,orange
FAM114A1,orange
FAM117A,orange
FAM117B,orange
FAM129A,orange
FAM131C,orange
FAM175B,orange
FAM177A1,orange
FAM24B,orange
FAM98A,orange
FAT1,orange
FAT4,orange
FBXL2,orange
FBXO31,orange
FBXO34,orange
FBXO38,orange
FCF1,orange
FDFT1,orange
FERMT1,orange
FGF3,orange
FGFBP3,orange
FHIT,orange
FIS1,orange
FKBP3,orange
FLJ37453,orange
FLJ39582,orange
FLJ42289,orange
FLJ44606,orange
FLOT1,orange
FMN2,orange
FOS,orange
FOXM1,orange
FREM2,orange
FTSJ3,orange
FUZ,orange
FZR1,orange
G6PC3,orange
GAB1,orange
GABRA2,orange
GABRB1,orange
GABRD,orange
GADD45B,orange
GALNT13,orange
GBX2,orange
GCM1,orange
GEMIN5,orange
GLB1L3,orange
GLRA3,orange
GLTPD2,orange
GMIP,orange
GNA12,orange
GNAI3,orange
GOLPH3,orange
GPATCH4,orange
GPR110,orange
GPR123,orange
GPR157,orange
GPR85,orange
GPX4,orange
GRIA4,orange
GRID2IP,orange
GRK4,orange
GSG1L,orange
GSTA4,orange
GSTO1,orange
GSX2,orange
GTF2H3,orange
GTPBP8,orange
GULP1,orange
GYS1,orange
H2AFY2,orange
HAUS2,orange
HAUS4,orange
HEATR4,orange
HERC6,orange
HEXIM2,orange
HINT1,orange
HIST1H4L,orange
HIST2H2AB,orange
HMG20B,orange
HMGN4,orange
HNRNPA3,orange
HNRNPC,orange
HNRNPD,orange
HNRNPF,orange
HNRNPUL1,orange
HNRPDL,orange
HNRPLL,orange
HOOK3,orange
HOXC4,orange
HS3ST1,orange
HSPA1A,orange
HSPD1,orange
HUS1B,orange
HYDIN,orange
ID2,orange
IDH3A,orange
IFIT2,orange
IFNGR2,orange
IFRD2,orange
IFT80,orange
IGFBP5,orange
IGSF9B,orange
IKZF2,orange
IL28RA,orange
IL6ST,orange
ILF3,orange
ILK,orange
IMMT,orange
IMP4,orange
IMPAD1,orange
INHA,orange
INO80C,orange
INO80D,orange
INPP5A,orange
INPP5F,orange
INSM2,orange
INTS4,orange
IPMK,orange
IPO13,orange
IRF2BP2,orange
ISCU,orange
ISOC1,orange
ISY1,orange
ITGA1,orange
ITGA4,orange
ITGA7,orange
ITGB1BP1,orange
IWS1,orange
JAM3,orange
JARID2,orange
JMJD1C,orange
JTB,orange
KARS,orange
KBTBD6,orange
KCNA4,orange
KCNH7,orange
KCNJ3,orange
KCNJ8,orange
KCNJ9,orange
KDM4D,orange
KDR,orange
KIAA0100,orange
KIAA0528,orange
KIAA0776,orange
KIAA0922,orange
KIAA1324,orange
KIAA1429,orange
KIF26A,orange
KIF3B,orange
KIF5B,orange
KLC2,orange
KLF14,orange
KLHL20,orange
KLHL24,orange
KRAS,orange
LAPTM4A,orange
LATS1,orange
LCORL,orange
LDLR,orange
LEPREL2,orange
LETM2,orange
LGALS3,orange
LGR5,orange
LIMK2,orange
LIN7B,orange
LMAN2L,orange
LMBR1L,orange
LMTK3,orange
LMX1A,orange
LOC100125556,orange
LOC100128977,orange
LOC100129716,orange
LOC100130581,orange
LOC100133991,orange
LOC100289341,orange
LOC145845,orange
LOC148189,orange
LOC219347,orange
LOC221710,orange
LOC283731,orange
LOC283856,orange
LOC339290,orange
LOC344595,orange
LOC652276,orange
LOC729082,orange
LPHN2,orange
LRCH4,orange
LRRC23,orange
LRRC8C,orange
LRRK2,orange
LSM1,orange
LSM3,orange
LYPD1,orange
LYRM4,orange
MADCAM1,orange
MAML3,orange
MAP1LC3A,orange
MAP3K3,orange
MAPKAPK2,orange
MAPRE1,orange
MAR-04,orange
MARS,orange
MC4R,orange
MCF2L,orange
MDH1B,orange
MED12L,orange
MED9,orange
MESDC2,orange
METT11D1,orange
MFSD8,orange
MGAT1,orange
MGST3,orange
MIA3,orange
MIAT,orange
MIER1,orange
MIR1-1,orange
MIR155HG,orange
MLF2,orange
MLLT4,orange
MMAB,orange
MNX1,orange
MON2,orange
MRE11A,orange
MRI1,orange
MRPL42,orange
MRPL46,orange
MRPS12,orange
MRPS18A,orange
MRPS22,orange
MRPS30,orange
MRPS36,orange
MRS2,orange
MT3,orange
MTDH,orange
MTO1,orange
MTX2,orange
MUTYH,orange
MYC,orange
MYCBP,orange
MYLK4,orange
MYOCD,orange
MYOM2,orange
MYST2,orange
N4BP2L2,orange
NAB1,orange
NAE1,orange
NAP1L4,orange
NARF,orange
NAT10,orange
NAT15,orange
NAT8L,orange
NBLA00301,orange
NCAPG,orange
NCRNA00081,orange
NCRNA00120,orange
NDEL1,orange
NDUFA10,orange
NEBL,orange
NEFM,orange
NFKBIA,orange
NFKBIZ,orange
NINL,orange
NIPBL,orange
NIT1,orange
NKAIN3,orange
NLK,orange
NLRP14,orange
NLRP3,orange
NME2,orange
NOL12,orange
NOP14,orange
NOS1AP,orange
NOVA1,orange
NOX4,orange
NR1H2,orange
NR2E3,orange
NRIP2,orange
NRXN1,orange
NSUN3,orange
NT5DC1,orange
NTNG1,orange
NUAK2,orange
NUFIP2,orange
NUP188,orange
NUSAP1,orange
NXN,orange
NXPH1,orange
OAZ3,orange
ODZ4,orange
OLA1,orange
ORC1L,orange
OSBP2,orange
OSBPL3,orange
OSTBETA,orange
PAFAH1B1,orange
PAIP2B,orange
PAK4,orange
PAN2,orange
PARL,orange
PARP16,orange
PARP2,orange
PCDH10,orange
PCDHGA2,orange
PCYOX1,orange
PDE10A,orange
PDGFRA,orange
PDLIM3,orange
PDXDC1,orange
PDZD8,orange
PEBP1,orange
PEX5L,orange
PHF1,orange
PHLDA2,orange
PIGB,orange
PIK3R4,orange
PINK1,orange
PINX1,orange
PLA2G15,orange
PLA2G16,orange
PLA2G7,orange
PLEKHB2,orange
PLEKHF2,orange
PLRG1,orange
PODXL,orange
POLB,orange
POLR3H,orange
POP1,orange
PPAP2C,orange
PPFIBP1,orange
PPIL3,orange
PPP1R14C,orange
PPP1R8,orange
PPP2R5C,orange
PPP3R1,orange
PPRC1,orange
PPT2,orange
PRDM13,orange
PRDM4,orange
PRDX5,orange
PREX2,orange
PRKAG2,orange
PRKCB,orange
PRKCZ,orange
PRMT1,orange
PRPF38B,orange
PRR11,orange
PRR4,orange
PRSS35,orange
PSMA1,orange
PSMB3,orange
PSMD9,orange
PSME1,orange
PSME4,orange
PSTK,orange
PTBP1,orange
PTEN,orange
PTF1A,orange
PTGS2,orange
PTP4A1,orange
PTP4A3,orange
PTPN21,orange
PTPN4,orange
PTPRJ,orange
PTPRS,orange
PTTG1IP,orange
PUM1,orange
PUS3,orange
R3HDM1,orange
RAB11FIP3,orange
RAB1A,orange
RAB1B,orange
RAB36,orange
RALYL,orange
RANGAP1,orange
RASA3,orange
RASGRP3,orange
RBM19,orange
RBMS1,orange
RCN2,orange
RCN3,orange
REEP2,orange
RFC2,orange
RFC3,orange
RFC4,orange
RGS18,orange
RGS20,orange
RHOBTB3,orange
RHOU,orange
RIPK2,orange
RNF13,orange
RNF14,orange
RNF150,orange
ROD1,orange
RP5-1022P6.2,orange
RPH3AL,orange
RPL17,orange
RPP30,orange
RPS21,orange
RPS26,orange
RPS3,orange
RPS6KB2,orange
RPS9,orange
RSU1,orange
RTTN,orange
RWDD2B,orange
RXFP3,orange
SACM1L,orange
SAPS1,orange
SAR1B,orange
SCAPER,orange
SCFD1,orange
SCMH1,orange
SCN4B,orange
SCN5A,orange
SCUBE3,orange
SCYL3,orange
SDCCAG10,orange
SDHC,orange
SDK1,orange
SDR16C6,orange
SEC22B,orange
SEC31A,orange
SECTM1,orange
SEMA7A,orange
SEPX1,orange
SETD5,orange
SETD8,orange
SF3B1,orange
SFPQ,orange
SFRP4,orange
SFRS11,orange
SFXN1,orange
SGEF,orange
SGOL2,orange
SGPP1,orange
SH2D4A,orange
SH3GL3,orange
SHANK2,orange
SIK1,orange
SIRT3,orange
SIRT7,orange
SKA2,orange
SKIL,orange
SLC10A7,orange
SLC15A4,orange
SLC16A12,orange
SLC17A5,orange
SLC25A1,orange
SLC25A36,orange
SLC27A6,orange
SLC30A10,orange
SLC33A1,orange
SLC38A10,orange
SLC39A7,orange
SLC40A1,orange
SLC44A2,orange
SLC7A9,orange
SLC8A2,orange
SLK,orange
SMAP1,orange
SMARCA2,orange
SMARCA5,orange
SMARCAD1,orange
SMARCAL1,orange
SMARCB1,orange
SMG6,orange
SMNDC1,orange
SMOX,orange
SNAP25,orange
SNAPC1,orange
SND1,orange
SNHG12,orange
SNHG9,orange
SNORA57,orange
SNORA9,orange
SNRPC,orange
SNRPG,orange
SNX26,orange
SNX3,orange
SNX32,orange
SORBS2,orange
SORBS3,orange
SORCS3,orange
SOX1,orange
SOX12,orange
SOX4,orange
SPAG8,orange
SPATA13,orange
SPATA2L,orange
SPIRE1,orange
SPNS2,orange
SPOP,orange
SPRED2,orange
SPRY1,orange
SPRYD3,orange
SPTBN2,orange
SPTBN4,orange
SPTLC2,orange
SRBD1,orange
SRCAP,orange
SRCIN1,orange
SRP14,orange
SRPK2,orange
SRRM1,orange
SRRT,orange
SSB,orange
ST3GAL1,orange
ST3GAL2,orange
ST3GAL6,orange
ST6GAL2,orange
ST8SIA3,orange
STAM,orange
STIM2,orange
STK10,orange
STK11,orange
STOX2,orange
STRAP,orange
STRN,orange
STX18,orange
STX7,orange
SUPV3L1,orange
SWAP70,orange
SYF2,orange
SYNE2,orange
SYNJ1,orange
SYNPR,orange
TAF5,orange
TAOK1,orange
TAP2,orange
TAPBP,orange
TAS2R5,orange
TBC1D10B,orange
TBC1D8,orange
TBCK,orange
TBX3,orange
TC2N,orange
TCERG1L,orange
TCTN3,orange
TDRD3,orange
TECPR2,orange
TEF,orange
TFAP2C,orange
TFG,orange
TGM4,orange
TGOLN2,orange
THNSL1,orange
THRA,orange
THRAP3,orange
TIA1,orange
TIGD1,orange
TIMELESS,orange
TIMM22,orange
TIPIN,orange
TMED4,orange
TMEM107,orange
TMEM121,orange
TMEM143,orange
TMEM167B,orange
TMEM196,orange
TMEM200A,orange
TMEM209,orange
TMEM5,orange
TMEM55B,orange
TMEM57,orange
TMTC3,orange
TMX4,orange
TOMM34,orange
TOX,orange
TP53BP1,orange
TPM1,orange
TRAF4,orange
TRAM2,orange
TRAPPC5,orange
TRIM26,orange
TRIM36,orange
TRIM37,orange
TRIM61,orange
TRIM68,orange
TRIP11,orange
TRIP13,orange
TRMT1,orange
TRNP1,orange
TRPM5,orange
TSGA14,orange
TSPAN4,orange
TSPYL6,orange
TSTD2,orange
TTBK1,orange
TTC15,orange
TTC31,orange
TTC32,orange
TTLL11,orange
TTLL4,orange
TTLL7,orange
TUBB,orange
TUFM,orange
TWSG1,orange
TXNDC12,orange
TYW3,orange
UBE2E1,orange
UBE2G2,orange
UBE2J1,orange
UBE3A,orange
UBE3C,orange
UBTD1,orange
UBXN2A,orange
UFD1L,orange
UNC84A,orange
USP44,orange
USP8,orange
USPL1,orange
VARS,orange
VCL,orange
VEZF1,orange
VGLL2,orange
VPS33A,orange
VPS37D,orange
VSTM2A,orange
VTI1B,orange
VWA2,orange
WASF2,orange
WBSCR27,orange
WDFY1,orange
WDFY2,orange
WDR1,orange
WDR33,orange
WDR67,orange
WDR82,orange
WFS1,orange
WSB2,orange
WT1,orange
WWP1,orange
XPR1,orange
YIF1A,orange
YIPF5,orange
ZBED3,orange
ZBTB20,orange
ZBTB40,orange
ZBTB6,orange
ZC3H12D,orange
ZC3H4,orange
ZCCHC17,orange
ZDHHC16,orange
ZEB2,orange
ZFC3H1,orange
ZFPL1,orange
ZFYVE1,orange
ZFYVE16,orange
ZFYVE28,orange
ZFYVE9,orange
ZMAT2,orange
ZMYM1,orange
ZNF141,orange
ZNF175,orange
ZNF223,orange
ZNF225,orange
ZNF227,orange
ZNF234,orange
ZNF256,orange
ZNF274,orange
ZNF300,orange
ZNF317,orange
ZNF33A,orange
ZNF350,orange
ZNF354C,orange
ZNF408,orange
ZNF426,orange
ZNF547,orange
ZNF600,orange
ZNF607,orange
ZNF608,orange
ZNF627,orange
ZNF653,orange
ZNF678,orange
ZNF680,orange
ZNF681,orange
ZNF684,orange
ZNF69,orange
ZNF696,orange
ZNF700,orange
ZNF721,orange
ZNF764,orange
ZNF772,orange
ZNF776,orange
ZNF837,orange
ZNF841,orange
ZNF862,orange
ZNHIT1,orange
ZNHIT3,orange
AASS,orangered4
ABAT,orangered4
ABCC2,orangered4
ABCC5,orangered4
ABHD2,orangered4
ABLIM2,orangered4
ABTB2,orangered4
ACBD7,orangered4
ACCS,orangered4
ACP6,orangered4
ACTN2,orangered4
ACYP2,orangered4
ADAMTS10,orangered4
ADCY9,orangered4
ADH6,orangered4
ADIPOQ,orangered4
ADK,orangered4
ADRBK2,orangered4
ADSL,orangered4
AEBP2,orangered4
AFF1,orangered4
AGL,orangered4
AGPAT1,orangered4
AGPAT4,orangered4
AHCYL2,orangered4
AHDC1,orangered4
AK2,orangered4
AK3L1,orangered4
AKAP3,orangered4
ALAD,orangered4
ALOX5AP,orangered4
ALPI,orangered4
AMACR,orangered4
AMDHD1,orangered4
ANAPC7,orangered4
ANKAR,orangered4
ANKFN1,orangered4
ANKRD1,orangered4
ANKRD11,orangered4
ANKRD13B,orangered4
ANKRD34A,orangered4
ANKS1A,orangered4
ANO1,orangered4
ANO6,orangered4
AOAH,orangered4
AP1AR,orangered4
AP3S2,orangered4
APBA1,orangered4
APBB1,orangered4
APOA1BP,orangered4
APOL2,orangered4
ARFIP1,orangered4
ARHGEF10,orangered4
ARID1B,orangered4
ARID4A,orangered4
ARID5B,orangered4
ARL1,orangered4
ARL5B,orangered4
ARPC1A,orangered4
ARPC2,orangered4
ARPC3,orangered4
ARPC5,orangered4
ARVCF,orangered4
ASAP1,orangered4
ASCL1,orangered4
ATHL1,orangered4
ATP11A,orangered4
ATP2A2,orangered4
ATP2C2,orangered4
ATP5A1,orangered4
ATP6V1C2,orangered4
ATXN1,orangered4
B4GALNT1,orangered4
B4GALT7,orangered4
BACE1,orangered4
BACH2,orangered4
BAIAP2L1,orangered4
BASP1,orangered4
BAT3,orangered4
BAT5,orangered4
BBC3,orangered4
BBS9,orangered4
BCAS3,orangered4
BCL2L11,orangered4
BCL2L15,orangered4
BDH1,orangered4
BICD1,orangered4
BID,orangered4
BMP4,orangered4
BMP7,orangered4
BMPER,orangered4
BMPR1B,orangered4
BOP1,orangered4
BPHL,orangered4
BRE,orangered4
BRI3BP,orangered4
BTNL2,orangered4
BUB3,orangered4
C10ORF105,orangered4
C11ORF30,orangered4
C11ORF41,orangered4
C11ORF52,orangered4
C11ORF63,orangered4
C11ORF90,orangered4
C11ORF93,orangered4
C13ORF34,orangered4
C14ORF104,orangered4
C14ORF143,orangered4
C14ORF23,orangered4
C14ORF73,orangered4
C14ORF80,orangered4
C16ORF52,orangered4
C16ORF75,orangered4
C18ORF45,orangered4
C19ORF10,orangered4
C19ORF6,orangered4
C19ORF77,orangered4
C1ORF123,orangered4
C1ORF192,orangered4
C1ORF63,orangered4
C1ORF86,orangered4
C1ORF96,orangered4
C1ORF97,orangered4
C20ORF108,orangered4
C20ORF117,orangered4
C20ORF72,orangered4
C21ORF56,orangered4
C22ORF13,orangered4
C2CD4A,orangered4
C3ORF38,orangered4
C3ORF71,orangered4
C4ORF21,orangered4
C4ORF3,orangered4
C5ORF36,orangered4
C6ORF10,orangered4
C6ORF27,orangered4
C6ORF89,orangered4
C7ORF51,orangered4
C7ORF52,orangered4
C8ORF37,orangered4
C8ORF44,orangered4
C8ORF84,orangered4
CA2,orangered4
CABLES2,orangered4
CACNA1E,orangered4
CACNA1H,orangered4
CACNA1S,orangered4
CACNA2D2,orangered4
CACYBP,orangered4
CADM2,orangered4
CALHM2,orangered4
CAND2,orangered4
CAPN10,orangered4
CAPZB,orangered4
CAST,orangered4
CASZ1,orangered4
CATSPER1,orangered4
CBFA2T3,orangered4
CCDC111,orangered4
CCDC112,orangered4
CCDC141,orangered4
CCDC28A,orangered4
CCDC49,orangered4
CCDC50,orangered4
CCM2,orangered4
CCNB1IP1,orangered4
CCND2,orangered4
CCNI,orangered4
CCNJL,orangered4
CCR3,orangered4
CD36,orangered4
CD59,orangered4
CDC42EP1,orangered4
CEP250,orangered4
CETN3,orangered4
CGREF1,orangered4
CHAF1B,orangered4
CHCHD3,orangered4
CHCHD6,orangered4
CHFR,orangered4
CHIA,orangered4
CHKB-CPT1B,orangered4
CHMP7,orangered4
CHRNA1,orangered4
CHST8,orangered4
CIAO1,orangered4
CIR1,orangered4
CLK4,orangered4
CLN6,orangered4
CLSTN2,orangered4
CLYBL,orangered4
CNIH,orangered4
CNOT2,orangered4
CNTLN,orangered4
COG8,orangered4
COL21A1,orangered4
COL5A2,orangered4
COTL1,orangered4
COX19,orangered4
COX7B2,orangered4
CPAMD8,orangered4
CPEB4,orangered4
CPLX1,orangered4
CPSF4,orangered4
CRCP,orangered4
CROCC,orangered4
CRTAC1,orangered4
CRTAM,orangered4
CSDE1,orangered4
CSTF1,orangered4
CSTL1,orangered4
CTDSP1,orangered4
CTDSPL,orangered4
CTSA,orangered4
CTSF,orangered4
CTTN,orangered4
CXCL14,orangered4
CYFIP1,orangered4
CYP2D6,orangered4
CYP51A1,orangered4
DBX2,orangered4
DCAF4,orangered4
DCHS2,orangered4
DDHD2,orangered4
DDI2,orangered4
DDX50,orangered4
DENND2C,orangered4
DENND5B,orangered4
DEPDC1B,orangered4
DFFB,orangered4
DGKZ,orangered4
DHX29,orangered4
DIMT1L,orangered4
DIO1,orangered4
DIP2A,orangered4
DIS3L2,orangered4
DLK1,orangered4
DLX6AS,orangered4
DMRT2,orangered4
DNAH6,orangered4
DNAH7,orangered4
DNAJB6,orangered4
DNAJC24,orangered4
DOCK1,orangered4
DOCK6,orangered4
DOCK9,orangered4
DPEP1,orangered4
DPM3,orangered4
DPP10,orangered4
DRG1,orangered4
DSG3,orangered4
DSTYK,orangered4
DUOX1,orangered4
DUSP15,orangered4
DUSP4,orangered4
DUSP6,orangered4
DUT,orangered4
DVL2,orangered4
DYRK3,orangered4
ECHDC3,orangered4
ECSIT,orangered4
EDEM3,orangered4
EED,orangered4
EFEMP2,orangered4
EFHA2,orangered4
EFNB2,orangered4
EGLN2,orangered4
EHBP1,orangered4
EHMT1,orangered4
EIF4E3,orangered4
EIF4G1,orangered4
ELMOD1,orangered4
ELMOD2,orangered4
ELOVL3,orangered4
ELOVL7,orangered4
ENKUR,orangered4
ENPP6,orangered4
EPB42,orangered4
EPHA6,orangered4
EPN1,orangered4
ERAP2,orangered4
ERCC2,orangered4
ESR2,orangered4
EXOC2,orangered4
EXOC4,orangered4
EXOC6,orangered4
EXT1,orangered4
EYA4,orangered4
EZH2,orangered4
FAM104A,orangered4
FAM105A,orangered4
FAM194A,orangered4
FAM195A,orangered4
FAM3C,orangered4
FAM53B,orangered4
FAM59B,orangered4
FAM82B,orangered4
FAM89A,orangered4
FAR1,orangered4
FAT1,orangered4
FBRSL1,orangered4
FBXL15,orangered4
FBXL2,orangered4
FBXO3,orangered4
FDFT1,orangered4
FGR,orangered4
FHAD1,orangered4
FHL5,orangered4
FIBIN,orangered4
FLJ32810,orangered4
FLJ43860,orangered4
FLJ45983,orangered4
FNDC3B,orangered4
FNDC4,orangered4
FOXK2,orangered4
FOXO3,orangered4
FOXP1,orangered4
FOXR1,orangered4
FSD1,orangered4
FXYD3,orangered4
FYN,orangered4
G3BP2,orangered4
GABARAPL3,orangered4
GABRD,orangered4
GAL3ST4,orangered4
GALNT13,orangered4
GALNT9,orangered4
GALNTL6,orangered4
GAS2L1,orangered4
GATA6,orangered4
GBA,orangered4
GCLC,orangered4
GCM1,orangered4
GCNT1,orangered4
GDF9,orangered4
GDPD1,orangered4
GFM1,orangered4
GFM2,orangered4
GLI2,orangered4
GLT6D1,orangered4
GLUL,orangered4
GNAS,orangered4
GNB1,orangered4
GNB4,orangered4
GOLGB1,orangered4
GPD2,orangered4
GPNMB,orangered4
GPR123,orangered4
GPR15,orangered4
GPX5,orangered4
GREB1,orangered4
GRID2,orangered4
GRID2IP,orangered4
GRIN2C,orangered4
GRIP2,orangered4
HCFC2,orangered4
HCG27,orangered4
HDAC11,orangered4
HDGF,orangered4
HECW1,orangered4
HECW2,orangered4
HERC2,orangered4
HERC3,orangered4
HERC5,orangered4
HGSNAT,orangered4
HINFP,orangered4
HIST1H2AG,orangered4
HIST1H4B,orangered4
HIST1H4D,orangered4
HIST2H2AB,orangered4
HIST2H2BE,orangered4
HIVEP2,orangered4
HLA-DMA,orangered4
HLA-G,orangered4
HLX,orangered4
HMHB1,orangered4
HNRNPA1,orangered4
HOXA1,orangered4
HOXA4,orangered4
HOXA9,orangered4
HOXC4,orangered4
HPCAL1,orangered4
HRK,orangered4
HS3ST2,orangered4
HS6ST1,orangered4
HSBP1L1,orangered4
HSD17B8,orangered4
HSDL2,orangered4
HSPA1A,orangered4
HSPA4,orangered4
HSPA9,orangered4
HSPB3,orangered4
HSPE1,orangered4
IAH1,orangered4
ID2B,orangered4
IDI1,orangered4
IFT88,orangered4
IGF1R,orangered4
IGF2BP3,orangered4
IGFBP1,orangered4
IGSF22,orangered4
IKBKAP,orangered4
IKZF1,orangered4
IL18R1,orangered4
IMPACT,orangered4
INA,orangered4
INO80D,orangered4
INPP1,orangered4
INPP5A,orangered4
INSM1,orangered4
INTS6,orangered4
IQCE,orangered4
IRAK3,orangered4
IREB2,orangered4
IRX1,orangered4
ISLR2,orangered4
ITPKB,orangered4
ITSN2,orangered4
JAK1,orangered4
JAM3,orangered4
JMY,orangered4
KATNAL1,orangered4
KATNAL2,orangered4
KCNC1,orangered4
KCNH4,orangered4
KCNIP4,orangered4
KCNJ12,orangered4
KCNQ5,orangered4
KCNRG,orangered4
KCNT1,orangered4
KCNV2,orangered4
KCTD16,orangered4
KCTD5,orangered4
KCTD6,orangered4
KDM2B,orangered4
KDM4A,orangered4
KHDRBS1,orangered4
KIAA0040,orangered4
KIAA1191,orangered4
KIAA1217,orangered4
KIAA1257,orangered4
KIAA1804,orangered4
KIAA1984,orangered4
KIDINS220,orangered4
KIF2C,orangered4
KLF7,orangered4
KLHL12,orangered4
KLHL23,orangered4
KLHL6,orangered4
KNG1,orangered4
KPNA5,orangered4
KRT24,orangered4
KRTAP13-2,orangered4
KSR2,orangered4
L3MBTL2,orangered4
L3MBTL3,orangered4
L3MBTL4,orangered4
LAMP1,orangered4
LCE2D,orangered4
LCOR,orangered4
LDHB,orangered4
LDHC,orangered4
LEPR,orangered4
LEPROTL1,orangered4
LGR4,orangered4
LHPP,orangered4
LIN52,orangered4
LMO1,orangered4
LOC150568,orangered4
LOC153328,orangered4
LOC285593,orangered4
LOC285740,orangered4
LOC338799,orangered4
LOC388789,orangered4
LOC400940,orangered4
LOC442245,orangered4
LOC619207,orangered4
LOC646405,orangered4
LOC728024,orangered4
LOC728743,orangered4
LRP2BP,orangered4
LRRC16A,orangered4
LRRC23,orangered4
LRRC31,orangered4
LRRC66,orangered4
LRRC69,orangered4
LSM14A,orangered4
LTBP1,orangered4
LTBP4,orangered4
LVRN,orangered4
MACROD2,orangered4
MAD1L1,orangered4
MAFA,orangered4
MAK16,orangered4
MAML2,orangered4
MAN1A2,orangered4
MAP3K8,orangered4
MAR-01,orangered4
MBNL1,orangered4
MCTP2,orangered4
MECOM,orangered4
MED12L,orangered4
MED28,orangered4
MEGF6,orangered4
MEPCE,orangered4
MFSD1,orangered4
MFSD2A,orangered4
MGC16275,orangered4
MGMT,orangered4
MIER2,orangered4
MIER3,orangered4
MIR548F5,orangered4
MIR548H3,orangered4
MIR563,orangered4
MIR611,orangered4
MIR761,orangered4
MKI67,orangered4
MLF1,orangered4
MLLT6,orangered4
MMADHC,orangered4
MMP13,orangered4
MOBKL1A,orangered4
MOBKL3,orangered4
MORN1,orangered4
MPND,orangered4
MPZL3,orangered4
MRAP,orangered4
MRPL15,orangered4
MRPS27,orangered4
MRS2,orangered4
MSI1,orangered4
MTIF3,orangered4
MTNR1B,orangered4
MTRF1L,orangered4
MUC21,orangered4
MUC4,orangered4
MYCN,orangered4
MYLK4,orangered4
MYO16,orangered4
MYOF,orangered4
MYOM2,orangered4
N4BP1,orangered4
NACA2,orangered4
NALCN,orangered4
NBEA,orangered4
NBEAL2,orangered4
NBN,orangered4
NCAN,orangered4
NCKAP1,orangered4
NCKAP5,orangered4
NCOA2,orangered4
NCRNA00081,orangered4
NCRNA00171,orangered4
NDC80,orangered4
NDUFA4,orangered4
NDUFA5,orangered4
NDUFAF1,orangered4
NECAB2,orangered4
NEDD9,orangered4
NEIL2,orangered4
NEK7,orangered4
NES,orangered4
NEURL3,orangered4
NEUROD1,orangered4
NFKB1,orangered4
NFS1,orangered4
NHP2L1,orangered4
NIPAL2,orangered4
NKAPL,orangered4
NKX6-2,orangered4
NLGN1,orangered4
NLRC5,orangered4
NME3,orangered4
NMNAT2,orangered4
NPM1,orangered4
NRG1,orangered4
NRN1,orangered4
NRP2,orangered4
NSMCE1,orangered4
NT5DC1,orangered4
NUBPL,orangered4
NUDT9,orangered4
NUP210L,orangered4
NXN,orangered4
NXPH4,orangered4
OBSCN,orangered4
ODZ4,orangered4
OGFRL1,orangered4
OLFML2B,orangered4
OLIG2,orangered4
OMA1,orangered4
OPA1,orangered4
OPCML,orangered4
OPN5,orangered4
ORMDL2,orangered4
OSGIN1,orangered4
OSGIN2,orangered4
OXGR1,orangered4
P2RY2,orangered4
PABPC1P2,orangered4
PABPC4L,orangered4
PAM,orangered4
PAPOLG,orangered4
PARD3,orangered4
PARD3B,orangered4
PARM1,orangered4
PARP4,orangered4
PAX2,orangered4
PAX5,orangered4
PAX6,orangered4
PBX3,orangered4
PCBP4,orangered4
PCDH9,orangered4
PCDHB1,orangered4
PCGF3,orangered4
PCLO,orangered4
PCNXL2,orangered4
PDCD6,orangered4
PDCD7,orangered4
PDE6H,orangered4
PDE7A,orangered4
PDGFC,orangered4
PDGFD,orangered4
PDLIM1,orangered4
PEF1,orangered4
PELI2,orangered4
PELI3,orangered4
PFKFB2,orangered4
PFKFB3,orangered4
PHF10,orangered4
PHF3,orangered4
PHGR1,orangered4
PHLDB2,orangered4
PIGT,orangered4
PIK3IP1,orangered4
PIN1,orangered4
PIP5K1A,orangered4
PITPNC1,orangered4
PIWIL2,orangered4
PKNOX2,orangered4
PLA2G1B,orangered4
PLEKHM3,orangered4
PLIN5,orangered4
PLXNC1,orangered4
PLXND1,orangered4
PMS2CL,orangered4
POGZ,orangered4
POLL,orangered4
POLR2K,orangered4
POLR3B,orangered4
PON1,orangered4
POP4,orangered4
PPARG,orangered4
PPFIA3,orangered4
PPIF,orangered4
PPIL5,orangered4
PRDM15,orangered4
PRDM16,orangered4
PRDM6,orangered4
PRDX3,orangered4
PRIM2,orangered4
PRKCH,orangered4
PRKDC,orangered4
PRMT1,orangered4
PRO0628,orangered4
PRR15,orangered4
PRUNE2,orangered4
PSMA5,orangered4
PSMD12,orangered4
PTK2,orangered4
PTN,orangered4
PTPN1,orangered4
PTPRD,orangered4
PTPRG,orangered4
PTPRN2,orangered4
R3HDM1,orangered4
RAB2B,orangered4
RAB3GAP1,orangered4
RAB40B,orangered4
RAB4A,orangered4
RABL3,orangered4
RAD50,orangered4
RAD51L1,orangered4
RADIL,orangered4
RANBP3,orangered4
RAP1A,orangered4
RAP1GDS1,orangered4
RARB,orangered4
RARS,orangered4
RASGRF2,orangered4
RASGRP1,orangered4
RB1CC1,orangered4
RBM20,orangered4
RBM25,orangered4
RBM33,orangered4
RBM39,orangered4
RCN3,orangered4
RDBP,orangered4
RDX,orangered4
RECQL5,orangered4
REST,orangered4
RFX4,orangered4
RHBDD2,orangered4
RIMKLA,orangered4
RMI1,orangered4
RMND1,orangered4
RNF146,orangered4
RNF216L,orangered4
RNMTL1,orangered4
RPA3,orangered4
RPL13AP5,orangered4
RPL18AP3,orangered4
RPS6KB2,orangered4
RPSA,orangered4
RPUSD4,orangered4
RRM1,orangered4
RTN4IP1,orangered4
RTP1,orangered4
RUNX1,orangered4
SAC3D1,orangered4
SAMD12,orangered4
SAMD3,orangered4
SATB2,orangered4
SBF1P1,orangered4
SCARNA11,orangered4
SCT,orangered4
SCUBE2,orangered4
SDHAP3,orangered4
SEMA3A,orangered4
SEMA5B,orangered4
SEMA6D,orangered4
SEP-09,orangered4
SERGEF,orangered4
SERP2,orangered4
SERPINE2,orangered4
SFRS16,orangered4
SFRS5,orangered4
SGCE,orangered4
SGIP1,orangered4
SH3GLB2,orangered4
SHISA9,orangered4
SHOX2,orangered4
SHROOM3,orangered4
SIKE1,orangered4
SIVA1,orangered4
SLC11A2,orangered4
SLC12A1,orangered4
SLC15A4,orangered4
SLC17A5,orangered4
SLC17A6,orangered4
SLC22A18AS,orangered4
SLC25A19,orangered4
SLC25A21,orangered4
SLC25A24,orangered4
SLC25A31,orangered4
SLC30A4,orangered4
SLC30A7,orangered4
SLC35D1,orangered4
SLC35E3,orangered4
SLC38A2,orangered4
SLC38A9,orangered4
SLC39A14,orangered4
SLC44A5,orangered4
SLC45A4,orangered4
SLC9A9,orangered4
SLCO2B1,orangered4
SLCO5A1,orangered4
SLFN12L,orangered4
SLFN5,orangered4
SLIT2,orangered4
SMAP1,orangered4
SMG7,orangered4
SMOC2,orangered4
SNAP23,orangered4
SNCB,orangered4
SNORD113-5,orangered4
SNORD116-17,orangered4
SNORD89,orangered4
SNRPC,orangered4
SNRPD2,orangered4
SNX19,orangered4
SNX27,orangered4
SOX17,orangered4
SOX2OT,orangered4
SPHK1,orangered4
SPRED1,orangered4
SRP14,orangered4
SSBP3,orangered4
ST3GAL5,orangered4
ST6GAL2,orangered4
ST6GALNAC3,orangered4
ST7OT2,orangered4
ST8SIA4,orangered4
STARD4,orangered4
STARD9,orangered4
STIM2,orangered4
STK38L,orangered4
STK4,orangered4
STOX2,orangered4
STRA8,orangered4
STX18,orangered4
SUMO1,orangered4
SYCP2L,orangered4
SYNE1,orangered4
SYNE2,orangered4
SYNPR,orangered4
SYT1,orangered4
SYVN1,orangered4
T,orangered4
TAF4,orangered4
TAF6,orangered4
TBC1D19,orangered4
TBC1D5,orangered4
TBCD,orangered4
TBXA2R,orangered4
TCFL5,orangered4
TCP1,orangered4
TCTN2,orangered4
TDH,orangered4
TDRD6,orangered4
TDRD9,orangered4
TECR,orangered4
TECTA,orangered4
TEDDM1,orangered4
TEX101,orangered4
TEX12,orangered4
TEX9,orangered4
TFCP2,orangered4
TFDP1,orangered4
TGFBR3,orangered4
TH,orangered4
THAP5,orangered4
THBS4,orangered4
THRB,orangered4
THSD1P,orangered4
TIAM1,orangered4
TIMP2,orangered4
TJP1,orangered4
TKTL2,orangered4
TMBIM6,orangered4
TMEM123,orangered4
TMEM177,orangered4
TMEM196,orangered4
TMEM201,orangered4
TMEM223,orangered4
TMEM51,orangered4
TMEM80,orangered4
TMEM85,orangered4
TMOD2,orangered4
TMPRSS11A,orangered4
TMPRSS11B,orangered4
TNFAIP8L3,orangered4
TNIK,orangered4
TNIP1,orangered4
TOP1MT,orangered4
TP53I3,orangered4
TP53RK,orangered4
TPH2,orangered4
TRAF3IP1,orangered4
TRAPPC3,orangered4
TRDN,orangered4
TRIM2,orangered4
TRIM26,orangered4
TRIM39,orangered4
TRIM55,orangered4
TRIOBP,orangered4
TRPS1,orangered4
TRRAP,orangered4
TSC22D2,orangered4
TSG101,orangered4
TSHZ1,orangered4
TSPAN19,orangered4
TTC12,orangered4
TTC36,orangered4
TTC39C,orangered4
TTC7B,orangered4
TTC8,orangered4
TUBGCP6,orangered4
TYW3,orangered4
UBAP2,orangered4
UBE2D3,orangered4
UBE2H,orangered4
UBLCP1,orangered4
UBR3,orangered4
ULK2,orangered4
UNC5C,orangered4
UPF2,orangered4
UPP1,orangered4
UQCRB,orangered4
USP10,orangered4
USP13,orangered4
USP22,orangered4
USP28,orangered4
USP48,orangered4
USP6NL,orangered4
UTP14C,orangered4
VAX2,orangered4
VCAN,orangered4
VEPH1,orangered4
VEZT,orangered4
VOPP1,orangered4
VPS13B,orangered4
VPS33A,orangered4
VPS41,orangered4
VPS52,orangered4
VSX1,orangered4
VWF,orangered4
WDR11,orangered4
WDR17,orangered4
WDR27,orangered4
WDR37,orangered4
WDR5,orangered4
WDR51B,orangered4
WHSC1,orangered4
WIPF1,orangered4
WIPF2,orangered4
WIPI2,orangered4
WNT8B,orangered4
XIRP1,orangered4
XPC,orangered4
YIPF4,orangered4
ZBBX,orangered4
ZC3H10,orangered4
ZC3H13,orangered4
ZCCHC14,orangered4
ZDHHC2,orangered4
ZFAND6,orangered4
ZFP41,orangered4
ZFP62,orangered4
ZFYVE1,orangered4
ZFYVE28,orangered4
ZIC2,orangered4
ZKSCAN1,orangered4
ZMIZ2,orangered4
ZMYND11,orangered4
ZNF18,orangered4
ZNF181,orangered4
ZNF19,orangered4
ZNF204P,orangered4
ZNF239,orangered4
ZNF281,orangered4
ZNF283,orangered4
ZNF30,orangered4
ZNF365,orangered4
ZNF385A,orangered4
ZNF385B,orangered4
ZNF423,orangered4
ZNF440,orangered4
ZNF484,orangered4
ZNF492,orangered4
ZNF498,orangered4
ZNF516,orangered4
ZNF527,orangered4
ZNF561,orangered4
ZNF582,orangered4
ZNF598,orangered4
ZNF605,orangered4
ZNF649,orangered4
ZNF662,orangered4
ZNF696,orangered4
ZNF761,orangered4
ZNF771,orangered4
ZNF783,orangered4
ZNF789,orangered4
ZNF805,orangered4
ZRANB1,orangered4
ZSCAN1,orangered4
ZSWIM2,orangered4
A1CF,paleturquoise
A2BP1,paleturquoise
A2ML1,paleturquoise
A4GALT,paleturquoise
AAK1,paleturquoise
AARS,paleturquoise
AASDH,paleturquoise
ABCA9,paleturquoise
ABCB1,paleturquoise
ABCB5,paleturquoise
ABCC10,paleturquoise
ABCC9,paleturquoise
ABCD2,paleturquoise
ABCD4,paleturquoise
ABCG1,paleturquoise
ABHD11,paleturquoise
ABHD6,paleturquoise
ABI1,paleturquoise
ABI3BP,paleturquoise
ABLIM1,paleturquoise
ABLIM3,paleturquoise
ACADL,paleturquoise
ACADM,paleturquoise
ACER3,paleturquoise
ACOT7,paleturquoise
ACOXL,paleturquoise
ACP2,paleturquoise
ACSL3,paleturquoise
ACSS1,paleturquoise
ACTG1,paleturquoise
ACTL6B,paleturquoise
ACTR6,paleturquoise
ACYP2,paleturquoise
ADAM12,paleturquoise
ADAMTS14,paleturquoise
ADAMTS17,paleturquoise
ADAMTS9,paleturquoise
ADAMTSL1,paleturquoise
ADAP2,paleturquoise
ADARB2,paleturquoise
ADCK1,paleturquoise
ADCY9,paleturquoise
ADD2,paleturquoise
ADHFE1,paleturquoise
ADRA2A,paleturquoise
ADRB3,paleturquoise
AFG3L1,paleturquoise
AGAP1,paleturquoise
AGAP2,paleturquoise
AGFG1,paleturquoise
AGGF1,paleturquoise
AGK,paleturquoise
AGPAT4,paleturquoise
AGR3,paleturquoise
AGTRAP,paleturquoise
AHCY,paleturquoise
AHCYL2,paleturquoise
AHR,paleturquoise
AIDA,paleturquoise
AIFM2,paleturquoise
AIG1,paleturquoise
AJAP1,paleturquoise
AKAP10,paleturquoise
AKAP12,paleturquoise
AKAP7,paleturquoise
AKAP8L,paleturquoise
AKR1C4,paleturquoise
ALDH18A1,paleturquoise
ALDH1A2,paleturquoise
ALDH1A3,paleturquoise
ALDH7A1,paleturquoise
ALDH8A1,paleturquoise
ALDOA,paleturquoise
ALDOB,paleturquoise
ALG10B,paleturquoise
ALG5,paleturquoise
ALG6,paleturquoise
ALPK1,paleturquoise
ALS2CR12,paleturquoise
ALS2CR4,paleturquoise
AMD1,paleturquoise
AMIGO1,paleturquoise
AMMECR1L,paleturquoise
AMPD1,paleturquoise
AMPD2,paleturquoise
ANAPC1,paleturquoise
ANAPC5,paleturquoise
ANK1,paleturquoise
ANK3,paleturquoise
ANKFY1,paleturquoise
ANKRA2,paleturquoise
ANKRD11,paleturquoise
ANKRD35,paleturquoise
ANKRD56,paleturquoise
ANKS1A,paleturquoise
ANO1,paleturquoise
ANO2,paleturquoise
ANO9,paleturquoise
ANP32A,paleturquoise
AP1G1,paleturquoise
AP2A2,paleturquoise
AP2S1,paleturquoise
AP3B2,paleturquoise
APBB2,paleturquoise
APLF,paleturquoise
APLP2,paleturquoise
APTX,paleturquoise
ARAP2,paleturquoise
ARFGEF2,paleturquoise
ARHGAP12,paleturquoise
ARHGAP18,paleturquoise
ARHGAP19,paleturquoise
ARHGAP24,paleturquoise
ARHGAP25,paleturquoise
ARHGEF10,paleturquoise
ARHGEF17,paleturquoise
ARID1A,paleturquoise
ARID1B,paleturquoise
ARID3B,paleturquoise
ARID5B,paleturquoise
ARL13B,paleturquoise
ARL15,paleturquoise
ARL9,paleturquoise
ARMC10,paleturquoise
ARMS2,paleturquoise
ARTN,paleturquoise
AS3MT,paleturquoise
ASAP1,paleturquoise
ASB13,paleturquoise
ASB14,paleturquoise
ASCC3,paleturquoise
ASPG,paleturquoise
ASTN1,paleturquoise
ASXL1,paleturquoise
ASZ1,paleturquoise
ATAD1,paleturquoise
ATAD5,paleturquoise
ATF6,paleturquoise
ATG10,paleturquoise
ATOH8,paleturquoise
ATP11A,paleturquoise
ATP11B,paleturquoise
ATP13A3,paleturquoise
ATP13A5,paleturquoise
ATP2A3,paleturquoise
ATP2B4,paleturquoise
ATP4B,paleturquoise
ATP5B,paleturquoise
ATP5C1,paleturquoise
ATP5E,paleturquoise
ATP5G1,paleturquoise
ATP6V0D2,paleturquoise
ATP6V0E1,paleturquoise
ATP6V1F,paleturquoise
ATP8B4,paleturquoise
ATP9A,paleturquoise
ATPIF1,paleturquoise
ATXN7,paleturquoise
AUTS2,paleturquoise
AZIN1,paleturquoise
B3GALT2,paleturquoise
B3GNTL1,paleturquoise
B4GALNT1,paleturquoise
B4GALT4,paleturquoise
BAALC,paleturquoise
BAG5,paleturquoise
BAHCC1,paleturquoise
BAIAP2L1,paleturquoise
BANP,paleturquoise
BARD1,paleturquoise
BARX1,paleturquoise
BAT3,paleturquoise
BAZ1B,paleturquoise
BAZ2B,paleturquoise
BBOX1,paleturquoise
BBX,paleturquoise
BCAP29,paleturquoise
BCAS3,paleturquoise
BCAT1,paleturquoise
BCL2,paleturquoise
BCL9L,paleturquoise
BDKRB2,paleturquoise
BDNF,paleturquoise
BDP1,paleturquoise
BEND4,paleturquoise
BHLHE41,paleturquoise
BICD2,paleturquoise
BIRC2,paleturquoise
BIRC3,paleturquoise
BIVM,paleturquoise
BMI1,paleturquoise
BMP6,paleturquoise
BMPR1A,paleturquoise
BNIP2,paleturquoise
BNIPL,paleturquoise
BOLL,paleturquoise
BPGM,paleturquoise
BPHL,paleturquoise
BRAF,paleturquoise
BRD2,paleturquoise
BRPF3,paleturquoise
BRSK2,paleturquoise
BRUNOL4,paleturquoise
BSX,paleturquoise
BTAF1,paleturquoise
BTBD7,paleturquoise
BZW2,paleturquoise
C10ORF11,paleturquoise
C10ORF111,paleturquoise
C10ORF119,paleturquoise
C10ORF140,paleturquoise
C10ORF18,paleturquoise
C10ORF58,paleturquoise
C10ORF93,paleturquoise
C10ORF96,paleturquoise
C11ORF49,paleturquoise
C11ORF51,paleturquoise
C11ORF67,paleturquoise
C11ORF82,paleturquoise
C11ORF85,paleturquoise
C12ORF40,paleturquoise
C12ORF43,paleturquoise
C12ORF70,paleturquoise
C12ORF75,paleturquoise
C13ORF38,paleturquoise
C14ORF143,paleturquoise
C14ORF159,paleturquoise
C14ORF166,paleturquoise
C14ORF21,paleturquoise
C14ORF23,paleturquoise
C14ORF28,paleturquoise
C14ORF38,paleturquoise
C14ORF50,paleturquoise
C14ORF64,paleturquoise
C14ORF73,paleturquoise
C16ORF35,paleturquoise
C16ORF73,paleturquoise
C17ORF28,paleturquoise
C17ORF44,paleturquoise
C17ORF50,paleturquoise
C17ORF56,paleturquoise
C18ORF56,paleturquoise
C19ORF36,paleturquoise
C19ORF44,paleturquoise
C19ORF47,paleturquoise
C1ORF103,paleturquoise
C1ORF128,paleturquoise
C1ORF14,paleturquoise
C1ORF156,paleturquoise
C1ORF158,paleturquoise
C1ORF163,paleturquoise
C1ORF213,paleturquoise
C1ORF229,paleturquoise
C1ORF25,paleturquoise
C1ORF51,paleturquoise
C1ORF65,paleturquoise
C1ORF83,paleturquoise
C1ORF88,paleturquoise
C1ORF91,paleturquoise
C1QBP,paleturquoise
C1QTNF4,paleturquoise
C2,paleturquoise
C20ORF11,paleturquoise
C20ORF43,paleturquoise
C21ORF49,paleturquoise
C21ORF57,paleturquoise
C21ORF59,paleturquoise
C21ORF91,paleturquoise
C22ORF26,paleturquoise
C22ORF9,paleturquoise
C2ORF16,paleturquoise
C2ORF34,paleturquoise
C2ORF39,paleturquoise
C2ORF44,paleturquoise
C2ORF49,paleturquoise
C2ORF64,paleturquoise
C2ORF68,paleturquoise
C2ORF70,paleturquoise
C2ORF86,paleturquoise
C3ORF10,paleturquoise
C3ORF15,paleturquoise
C3ORF16,paleturquoise
C3ORF38,paleturquoise
C3ORF39,paleturquoise
C3ORF67,paleturquoise
C3ORF70,paleturquoise
C3P1,paleturquoise
C4ORF23,paleturquoise
C4ORF37,paleturquoise
C4ORF38,paleturquoise
C4ORF52,paleturquoise
C5ORF13,paleturquoise
C5ORF34,paleturquoise
C5ORF36,paleturquoise
C5ORF37,paleturquoise
C5ORF38,paleturquoise
C5ORF43,paleturquoise
C5ORF51,paleturquoise
C5ORF52,paleturquoise
C6ORF106,paleturquoise
C6ORF125,paleturquoise
C6ORF147,paleturquoise
C6ORF162,paleturquoise
C6ORF165,paleturquoise
C6ORF211,paleturquoise
C6ORF25,paleturquoise
C6ORF47,paleturquoise
C6ORF48,paleturquoise
C6ORF52,paleturquoise
C6ORF62,paleturquoise
C6ORF72,paleturquoise
C7,paleturquoise
C7ORF20,paleturquoise
C7ORF36,paleturquoise
C7ORF47,paleturquoise
C7ORF50,paleturquoise
C7ORF59,paleturquoise
C8ORF42,paleturquoise
C8ORF44,paleturquoise
C8ORF48,paleturquoise
C8ORF79,paleturquoise
C9ORF152,paleturquoise
C9ORF156,paleturquoise
C9ORF170,paleturquoise
C9ORF3,paleturquoise
C9ORF47,paleturquoise
CA10,paleturquoise
CA3,paleturquoise
CACNA1A,paleturquoise
CACNA1B,paleturquoise
CACNA1E,paleturquoise
CACNA1G,paleturquoise
CACNA2D3,paleturquoise
CAD,paleturquoise
CADM1,paleturquoise
CADM2,paleturquoise
CADPS2,paleturquoise
CAGE1,paleturquoise
CALD1,paleturquoise
CAMK1D,paleturquoise
CAMK2B,paleturquoise
CAMK2D,paleturquoise
CAMK4,paleturquoise
CAMKK2,paleturquoise
CAMSAP1,paleturquoise
CAND2,paleturquoise
CAPN2,paleturquoise
CASP4,paleturquoise
CAST,paleturquoise
CBFA2T2,paleturquoise
CBX1,paleturquoise
CBX4,paleturquoise
CBX5,paleturquoise
CCAR1,paleturquoise
CCBP2,paleturquoise
CCDC105,paleturquoise
CCDC108,paleturquoise
CCDC110,paleturquoise
CCDC123,paleturquoise
CCDC146,paleturquoise
CCDC149,paleturquoise
CCDC18,paleturquoise
CCDC3,paleturquoise
CCDC38,paleturquoise
CCDC42B,paleturquoise
CCDC43,paleturquoise
CCDC73,paleturquoise
CCDC87,paleturquoise
CCDC93,paleturquoise
CCDC97,paleturquoise
CCL20,paleturquoise
CCL26,paleturquoise
CCNB1IP1,paleturquoise
CCND2,paleturquoise
CCNG1,paleturquoise
CCNG2,paleturquoise
CCNO,paleturquoise
CCR1,paleturquoise
CD164,paleturquoise
CD200,paleturquoise
CD320,paleturquoise
CD3D,paleturquoise
CD3E,paleturquoise
CD3EAP,paleturquoise
CD46,paleturquoise
CD5L,paleturquoise
CD81,paleturquoise
CD9,paleturquoise
CDC14A,paleturquoise
CDC14B,paleturquoise
CDC16,paleturquoise
CDC23,paleturquoise
CDC34,paleturquoise
CDC42BPB,paleturquoise
CDC42EP4,paleturquoise
CDC73,paleturquoise
CDCA8,paleturquoise
CDH22,paleturquoise
CDH23,paleturquoise
CDK11B,paleturquoise
CDK12,paleturquoise
CDK2,paleturquoise
CDK5R1,paleturquoise
CDK5R2,paleturquoise
CDK5RAP1,paleturquoise
CDKL2,paleturquoise
CDKN1B,paleturquoise
CDKN1C,paleturquoise
CDKN2A,paleturquoise
CDX2,paleturquoise
CECR5,paleturquoise
CELSR2,paleturquoise
CELSR3,paleturquoise
CEMP1,paleturquoise
CENPA,paleturquoise
CENPQ,paleturquoise
CENPT,paleturquoise
CEP135,paleturquoise
CEP170,paleturquoise
CFD,paleturquoise
CFLAR,paleturquoise
CGA,paleturquoise
CGREF1,paleturquoise
CHCHD3,paleturquoise
CHD1L,paleturquoise
CHD2,paleturquoise
CHD9,paleturquoise
CHIC2,paleturquoise
CHMP4A,paleturquoise
CHN1,paleturquoise
CHPF2,paleturquoise
CHRM2,paleturquoise
CHRM3,paleturquoise
CHRNB2,paleturquoise
CHST3,paleturquoise
CHTF8,paleturquoise
CISH,paleturquoise
CITED2,paleturquoise
CLCA1,paleturquoise
CLCC1,paleturquoise
CLEC14A,paleturquoise
CLEC16A,paleturquoise
CLEC2A,paleturquoise
CLEC2L,paleturquoise
CLGN,paleturquoise
CLIC5,paleturquoise
CLIP4,paleturquoise
CLN5,paleturquoise
CLN6,paleturquoise
CLN8,paleturquoise
CLPTM1L,paleturquoise
CLRN1OS,paleturquoise
CLSTN1,paleturquoise
CLTC,paleturquoise
CLYBL,paleturquoise
CMC1,paleturquoise
CNBD1,paleturquoise
CNGA1,paleturquoise
CNIH2,paleturquoise
CNIH4,paleturquoise
CNTD1,paleturquoise
CNTFR,paleturquoise
CNTN4,paleturquoise
CNTNAP2,paleturquoise
CNTNAP5,paleturquoise
COBL,paleturquoise
COBLL1,paleturquoise
COG1,paleturquoise
COG6,paleturquoise
COL12A1,paleturquoise
COL13A1,paleturquoise
COL1A1,paleturquoise
COL23A1,paleturquoise
COL25A1,paleturquoise
COL29A1,paleturquoise
COL4A1,paleturquoise
COL4A2,paleturquoise
COL4A3,paleturquoise
COL5A2,paleturquoise
COL8A1,paleturquoise
COMMD4,paleturquoise
COMMD9,paleturquoise
COPB1,paleturquoise
COPS3,paleturquoise
COPS7A,paleturquoise
COQ2,paleturquoise
COQ6,paleturquoise
CORO1B,paleturquoise
COX16,paleturquoise
COX7A2,paleturquoise
CPAMD8,paleturquoise
CPEB2,paleturquoise
CPEB4,paleturquoise
CPLX4,paleturquoise
CPNE9,paleturquoise
CPOX,paleturquoise
CPS1,paleturquoise
CPSF1,paleturquoise
CPXM1,paleturquoise
CPZ,paleturquoise
CREB5,paleturquoise
CREM,paleturquoise
CRHBP,paleturquoise
CRISPLD2,paleturquoise
CROT,paleturquoise
CRTAC1,paleturquoise
CRTC1,paleturquoise
CRTC3,paleturquoise
CRYBA2,paleturquoise
CRYM,paleturquoise
CRYZ,paleturquoise
CSK,paleturquoise
CSMD3,paleturquoise
CSNK1E,paleturquoise
CSPP1,paleturquoise
CTBP2,paleturquoise
CTBS,paleturquoise
CTDSP2,paleturquoise
CTDSPL2,paleturquoise
CTF1,paleturquoise
CTSF,paleturquoise
CTSH,paleturquoise
CTTN,paleturquoise
CUBN,paleturquoise
CUGBP1,paleturquoise
CUGBP2,paleturquoise
CUL2,paleturquoise
CUX1,paleturquoise
CWF19L1,paleturquoise
CXCL13,paleturquoise
CXCL16,paleturquoise
CXCL2,paleturquoise
CXCR2,paleturquoise
CYB5A,paleturquoise
CYB5B,paleturquoise
CYBRD1,paleturquoise
CYFIP1,paleturquoise
CYP26A1,paleturquoise
CYP26B1,paleturquoise
CYP27A1,paleturquoise
CYP2E1,paleturquoise
CYP2R1,paleturquoise
CYP39A1,paleturquoise
CYP4V2,paleturquoise
CYP4X1,paleturquoise
CYS1,paleturquoise
CYTH3,paleturquoise
DAAM1,paleturquoise
DAB1,paleturquoise
DALRD3,paleturquoise
DAP,paleturquoise
DAXX,paleturquoise
DBP,paleturquoise
DBR1,paleturquoise
DCAF10,paleturquoise
DCAKD,paleturquoise
DCC,paleturquoise
DCI,paleturquoise
DCLK2,paleturquoise
DCPS,paleturquoise
DCTN1,paleturquoise
DCTN6,paleturquoise
DDIT4,paleturquoise
DDX20,paleturquoise
DDX25,paleturquoise
DDX42,paleturquoise
DDX55,paleturquoise
DECR2,paleturquoise
DEFB115,paleturquoise
DEFB136,paleturquoise
DENND1A,paleturquoise
DENND4C,paleturquoise
DEPDC6,paleturquoise
DET1,paleturquoise
DFFA,paleturquoise
DFFB,paleturquoise
DFNB31,paleturquoise
DGKB,paleturquoise
DGKG,paleturquoise
DGKI,paleturquoise
DHRS4,paleturquoise
DHX32,paleturquoise
DHX35,paleturquoise
DIAPH3,paleturquoise
DIP2C,paleturquoise
DIRC2,paleturquoise
DIS3,paleturquoise
DKFZP434H168,paleturquoise
DLC1,paleturquoise
DLD,paleturquoise
DLEU2,paleturquoise
DLGAP2,paleturquoise
DLST,paleturquoise
DLX3,paleturquoise
DLX6AS,paleturquoise
DMKN,paleturquoise
DMXL2,paleturquoise
DNAH10,paleturquoise
DNAH7,paleturquoise
DNAJB12,paleturquoise
DNAJB6,paleturquoise
DNAJC1,paleturquoise
DNAJC24,paleturquoise
DNAJC28,paleturquoise
DNAJC5B,paleturquoise
DNAJC9,paleturquoise
DNM2,paleturquoise
DNMBP,paleturquoise
DOCK1,paleturquoise
DOCK10,paleturquoise
DOK5,paleturquoise
DPF3,paleturquoise
DPP3,paleturquoise
DPP7,paleturquoise
DPPA4,paleturquoise
DPY19L1,paleturquoise
DPYD,paleturquoise
DSC3,paleturquoise
DTD1,paleturquoise
DTX1,paleturquoise
DUS1L,paleturquoise
DUSP11,paleturquoise
DUSP7,paleturquoise
DVL2,paleturquoise
DYRK1B,paleturquoise
DYRK3,paleturquoise
EBF1,paleturquoise
EBF2,paleturquoise
ECE2,paleturquoise
ECH1,paleturquoise
ECHDC3,paleturquoise
EDC3,paleturquoise
EDEM2,paleturquoise
EDN1,paleturquoise
EEF1A2,paleturquoise
EEF2,paleturquoise
EEFSEC,paleturquoise
EFHD1,paleturquoise
EFNA3,paleturquoise
EFNA4,paleturquoise
EFNA5,paleturquoise
EGF,paleturquoise
EGFLAM,paleturquoise
EGLN1,paleturquoise
EGR1,paleturquoise
EGR2,paleturquoise
EHMT2,paleturquoise
EI24,paleturquoise
EIF2AK1,paleturquoise
EIF3D,paleturquoise
EIF3E,paleturquoise
EIF3H,paleturquoise
EIF4E3,paleturquoise
EIF4ENIF1,paleturquoise
EIF5B,paleturquoise
ELFN2,paleturquoise
ELK3,paleturquoise
ELL,paleturquoise
ELMO1,paleturquoise
ELOVL5,paleturquoise
EME2,paleturquoise
EMP1,paleturquoise
EMX2,paleturquoise
EMX2OS,paleturquoise
ENPP2,paleturquoise
ENTHD1,paleturquoise
EP400,paleturquoise
EPB49,paleturquoise
EPC1,paleturquoise
EPHA10,paleturquoise
EPHA3,paleturquoise
EPHA5,paleturquoise
EPHB2,paleturquoise
EPM2AIP1,paleturquoise
EPRS,paleturquoise
EPS15,paleturquoise
EPS8,paleturquoise
ERBB2,paleturquoise
ERC2,paleturquoise
ERCC4,paleturquoise
ERCC8,paleturquoise
ERLIN2,paleturquoise
ESR1,paleturquoise
ESRRG,paleturquoise
ETFA,paleturquoise
ETNK1,paleturquoise
ETV1,paleturquoise
EVX1,paleturquoise
EXOC4,paleturquoise
EXOSC2,paleturquoise
EXPH5,paleturquoise
EXT1,paleturquoise
EYA3,paleturquoise
EYA4,paleturquoise
F11,paleturquoise
F11R,paleturquoise
FADS1,paleturquoise
FAM102A,paleturquoise
FAM108A1,paleturquoise
FAM108C1,paleturquoise
FAM110A,paleturquoise
FAM123A,paleturquoise
FAM124B,paleturquoise
FAM125B,paleturquoise
FAM126A,paleturquoise
FAM129A,paleturquoise
FAM129B,paleturquoise
FAM134A,paleturquoise
FAM13C,paleturquoise
FAM155A,paleturquoise
FAM160A2,paleturquoise
FAM161A,paleturquoise
FAM164C,paleturquoise
FAM170A,paleturquoise
FAM171A1,paleturquoise
FAM171B,paleturquoise
FAM175A,paleturquoise
FAM176B,paleturquoise
FAM177B,paleturquoise
FAM190B,paleturquoise
FAM20A,paleturquoise
FAM38B,paleturquoise
FAM53A,paleturquoise
FAM55C,paleturquoise
FAM59B,paleturquoise
FAM5B,paleturquoise
FAM63A,paleturquoise
FAM65B,paleturquoise
FAM73B,paleturquoise
FAM83F,paleturquoise
FAM83H,paleturquoise
FAM84A,paleturquoise
FAM89A,paleturquoise
FAM89B,paleturquoise
FAM96A,paleturquoise
FAM98A,paleturquoise
FAM98C,paleturquoise
FANCE,paleturquoise
FANCF,paleturquoise
FAR2,paleturquoise
FAT1,paleturquoise
FAT3,paleturquoise
FAT4,paleturquoise
FBL,paleturquoise
FBN2,paleturquoise
FBRSL1,paleturquoise
FBXL2,paleturquoise
FBXL7,paleturquoise
FBXO42,paleturquoise
FCHSD1,paleturquoise
FCHSD2,paleturquoise
FCRLA,paleturquoise
FDXACB1,paleturquoise
FER,paleturquoise
FER1L5,paleturquoise
FETUB,paleturquoise
FEZ1,paleturquoise
FEZ2,paleturquoise
FEZF1,paleturquoise
FGD6,paleturquoise
FGF1,paleturquoise
FGF10,paleturquoise
FGF9,paleturquoise
FGFRL1,paleturquoise
FGGY,paleturquoise
FILIP1,paleturquoise
FKBP1B,paleturquoise
FKBPL,paleturquoise
FLI1,paleturquoise
FLJ22536,paleturquoise
FLJ23834,paleturquoise
FLJ36031,paleturquoise
FLJ37307,paleturquoise
FLJ42289,paleturquoise
FLJ42709,paleturquoise
FLJ43663,paleturquoise
FLJ45983,paleturquoise
FLRT3,paleturquoise
FLT1,paleturquoise
FLYWCH1,paleturquoise
FMNL1,paleturquoise
FN1,paleturquoise
FN3K,paleturquoise
FNDC4,paleturquoise
FNIP1,paleturquoise
FOSL2,paleturquoise
FOXC1,paleturquoise
FOXC2,paleturquoise
FOXF1,paleturquoise
FOXF2,paleturquoise
FOXG1,paleturquoise
FOXL2,paleturquoise
FOXO3,paleturquoise
FOXP1,paleturquoise
FREQ,paleturquoise
FRMD4A,paleturquoise
FRMD5,paleturquoise
FRMD6,paleturquoise
FRZB,paleturquoise
FTO,paleturquoise
FUCA2,paleturquoise
FUT3,paleturquoise
FUT9,paleturquoise
FUZ,paleturquoise
FXR2,paleturquoise
FYB,paleturquoise
FYN,paleturquoise
FZD4,paleturquoise
GAB1,paleturquoise
GABRA2,paleturquoise
GABRB3,paleturquoise
GAD1,paleturquoise
GALNT14,paleturquoise
GALR2,paleturquoise
GANAB,paleturquoise
GANC,paleturquoise
GAP43,paleturquoise
GAPT,paleturquoise
GAS8,paleturquoise
GATA2,paleturquoise
GATA5,paleturquoise
GATSL3,paleturquoise
GBE1,paleturquoise
GBP2,paleturquoise
GC,paleturquoise
GCH1,paleturquoise
GCLC,paleturquoise
GCNT1,paleturquoise
GCNT2,paleturquoise
GCSH,paleturquoise
GDAP1L1,paleturquoise
GDNF,paleturquoise
GFI1,paleturquoise
GFRA1,paleturquoise
GFRA3,paleturquoise
GGA1,paleturquoise
GGH,paleturquoise
GHR,paleturquoise
GIPR,paleturquoise
GJB7,paleturquoise
GJC1,paleturquoise
GKAP1,paleturquoise
GLIPR2,paleturquoise
GLO1,paleturquoise
GLRX2,paleturquoise
GLT8D1,paleturquoise
GLYATL2,paleturquoise
GNAI2,paleturquoise
GNG7,paleturquoise
GNMT,paleturquoise
GNPNAT1,paleturquoise
GNRHR2,paleturquoise
GOLGA3,paleturquoise
GOLGB1,paleturquoise
GOLT1B,paleturquoise
GORAB,paleturquoise
GPATCH2,paleturquoise
GPER,paleturquoise
GPNMB,paleturquoise
GPR1,paleturquoise
GPR120,paleturquoise
GPR125,paleturquoise
GPR137,paleturquoise
GPR155,paleturquoise
GPR176,paleturquoise
GPR37,paleturquoise
GPR62,paleturquoise
GRAMD1B,paleturquoise
GRAMD3,paleturquoise
GRHL2,paleturquoise
GRIA2,paleturquoise
GRID1,paleturquoise
GRID2,paleturquoise
GRIK1,paleturquoise
GRIK2,paleturquoise
GRIN2B,paleturquoise
GRIN2D,paleturquoise
GRM1,paleturquoise
GRM6,paleturquoise
GRM7,paleturquoise
GRSF1,paleturquoise
GSK3B,paleturquoise
GSTO2,paleturquoise
GSTP1,paleturquoise
GTF2H4,paleturquoise
GTF2I,paleturquoise
GTF3C5,paleturquoise
GUCY1A2,paleturquoise
GUCY2E,paleturquoise
H2AFX,paleturquoise
H2AFY2,paleturquoise
HAGHL,paleturquoise
HAND2,paleturquoise
HAS3,paleturquoise
HBS1L,paleturquoise
HCG22,paleturquoise
HCN1,paleturquoise
HDAC4,paleturquoise
HEATR7A,paleturquoise
HELLS,paleturquoise
HERC6,paleturquoise
HES2,paleturquoise
HEXB,paleturquoise
HEY1,paleturquoise
HGF,paleturquoise
HGSNAT,paleturquoise
HHAT,paleturquoise
HHLA3,paleturquoise
HIBCH,paleturquoise
HINFP,paleturquoise
HIST1H1D,paleturquoise
HIST1H2AM,paleturquoise
HIST1H2BE,paleturquoise
HIST1H3D,paleturquoise
HIST1H3E,paleturquoise
HIST1H3I,paleturquoise
HIST1H4L,paleturquoise
HIST2H2AA3,paleturquoise
HIST4H4,paleturquoise
HIVEP2,paleturquoise
HK1,paleturquoise
HK2,paleturquoise
HLA-DMA,paleturquoise
HLA-DPB2,paleturquoise
HLA-DRA,paleturquoise
HLA-E,paleturquoise
HLA-J,paleturquoise
HMGA1,paleturquoise
HMGA2,paleturquoise
HMGB1,paleturquoise
HMGN4,paleturquoise
HMGXB4,paleturquoise
HMMR,paleturquoise
HMX2,paleturquoise
HN1,paleturquoise
HNF1B,paleturquoise
HNF4G,paleturquoise
HNRNPH3,paleturquoise
HNRNPM,paleturquoise
HNRNPUL2,paleturquoise
HOTAIR,paleturquoise
HOXA11AS,paleturquoise
HOXA2,paleturquoise
HOXA3,paleturquoise
HOXA5,paleturquoise
HOXA6,paleturquoise
HOXA7,paleturquoise
HOXB1,paleturquoise
HOXB3,paleturquoise
HOXB7,paleturquoise
HOXB9,paleturquoise
HOXC10,paleturquoise
HOXC11,paleturquoise
HOXC12,paleturquoise
HOXC4,paleturquoise
HOXC9,paleturquoise
HOXD11,paleturquoise
HOXD4,paleturquoise
HOXD8,paleturquoise
HPGD,paleturquoise
HPS3,paleturquoise
HPS5,paleturquoise
HPSE,paleturquoise
HPSE2,paleturquoise
HRK,paleturquoise
HS3ST1,paleturquoise
HSD17B1,paleturquoise
HSD17B12,paleturquoise
HSDL1,paleturquoise
HSF2BP,paleturquoise
HSF4,paleturquoise
HSF5,paleturquoise
HSPA1A,paleturquoise
HSPA1B,paleturquoise
HSPA1L,paleturquoise
HSPA2,paleturquoise
HSPB11,paleturquoise
HSPH1,paleturquoise
HTATIP2,paleturquoise
HTR1A,paleturquoise
HYDIN,paleturquoise
ICAM1,paleturquoise
ICK,paleturquoise
ICT1,paleturquoise
ID4,paleturquoise
IDH2,paleturquoise
IER3,paleturquoise
IFT172,paleturquoise
IFT52,paleturquoise
IGF1R,paleturquoise
IGF2AS,paleturquoise
IGF2BP2,paleturquoise
IGFBP3,paleturquoise
IGSF21,paleturquoise
IGSF3,paleturquoise
IL17RC,paleturquoise
IL1R2,paleturquoise
IL1RN,paleturquoise
IL20,paleturquoise
IL28RA,paleturquoise
IMMP1L,paleturquoise
IMMP2L,paleturquoise
IMP4,paleturquoise
IMPG2,paleturquoise
INADL,paleturquoise
ING2,paleturquoise
INPP1,paleturquoise
INPP5A,paleturquoise
INS-IGF2,paleturquoise
INTS8,paleturquoise
INTU,paleturquoise
IPCEF1,paleturquoise
IPO7,paleturquoise
IQCD,paleturquoise
IQCH,paleturquoise
IQCK,paleturquoise
IRAK4,paleturquoise
IRX1,paleturquoise
IRX4,paleturquoise
ISLR2,paleturquoise
ISOC1,paleturquoise
ITGA1,paleturquoise
ITGA4,paleturquoise
ITGA6,paleturquoise
ITGB2,paleturquoise
ITGB8,paleturquoise
ITGBL1,paleturquoise
ITIH5,paleturquoise
ITK,paleturquoise
ITPR1,paleturquoise
ITPR2,paleturquoise
ITSN2,paleturquoise
JAKMIP2,paleturquoise
JAKMIP3,paleturquoise
JAM2,paleturquoise
JAM3,paleturquoise
JARID2,paleturquoise
JMJD1C,paleturquoise
JPH4,paleturquoise
JUB,paleturquoise
KANK1,paleturquoise
KANK4,paleturquoise
KARS,paleturquoise
KAT2B,paleturquoise
KATNAL1,paleturquoise
KBTBD4,paleturquoise
KCNAB1,paleturquoise
KCNC1,paleturquoise
KCNH7,paleturquoise
KCNIP1,paleturquoise
KCNJ10,paleturquoise
KCNK15,paleturquoise
KCNK4,paleturquoise
KCNK5,paleturquoise
KCNK9,paleturquoise
KCNMA1,paleturquoise
KCNMB3,paleturquoise
KCNQ1DN,paleturquoise
KCNQ5,paleturquoise
KCTD16,paleturquoise
KCTD9,paleturquoise
KDM2B,paleturquoise
KDM3B,paleturquoise
KDM5A,paleturquoise
KDM6B,paleturquoise
KHDC1,paleturquoise
KIAA0146,paleturquoise
KIAA0182,paleturquoise
KIAA0226,paleturquoise
KIAA0494,paleturquoise
KIAA0913,paleturquoise
KIAA1009,paleturquoise
KIAA1026,paleturquoise
KIAA1211,paleturquoise
KIAA1217,paleturquoise
KIAA1267,paleturquoise
KIAA1279,paleturquoise
KIAA1370,paleturquoise
KIAA1407,paleturquoise
KIAA1462,paleturquoise
KIAA1529,paleturquoise
KIAA1632,paleturquoise
KIAA1688,paleturquoise
KIAA1737,paleturquoise
KIF13A,paleturquoise
KIF13B,paleturquoise
KIF17,paleturquoise
KIF18B,paleturquoise
KIF1A,paleturquoise
KIF21A,paleturquoise
KIF23,paleturquoise
KIF25,paleturquoise
KIF26B,paleturquoise
KIF2A,paleturquoise
KIF2C,paleturquoise
KIF3C,paleturquoise
KIF5B,paleturquoise
KIFC3,paleturquoise
KLF3,paleturquoise
KLHDC8A,paleturquoise
KLHL20,paleturquoise
KLHL35,paleturquoise
KNTC1,paleturquoise
KRT39,paleturquoise
KRTAP19-6,paleturquoise
KRTAP27-1,paleturquoise
KRTAP3-2,paleturquoise
KRTAP4-2,paleturquoise
KSR2,paleturquoise
KTN1,paleturquoise
L3MBTL3,paleturquoise
LAIR2,paleturquoise
LAMC1,paleturquoise
LAMP1,paleturquoise
LAPTM5,paleturquoise
LARP7,paleturquoise
LBXCOR1,paleturquoise
LCE6A,paleturquoise
LCN10,paleturquoise
LCT,paleturquoise
LEF1,paleturquoise
LEPRE1,paleturquoise
LETM2,paleturquoise
LGALS1,paleturquoise
LGMN,paleturquoise
LHCGR,paleturquoise
LHX4,paleturquoise
LHX5,paleturquoise
LHX9,paleturquoise
LIFR,paleturquoise
LIMA1,paleturquoise
LIN28,paleturquoise
LMBR1L,paleturquoise
LMBRD1,paleturquoise
LMCD1,paleturquoise
LMO2,paleturquoise
LMO3,paleturquoise
LMO7,paleturquoise
LMTK2,paleturquoise
LMX1A,paleturquoise
LMX1B,paleturquoise
LNX2,paleturquoise
LOC100009676,paleturquoise
LOC100128023,paleturquoise
LOC100129550,paleturquoise
LOC100130872,paleturquoise
LOC100130987,paleturquoise
LOC100302640,paleturquoise
LOC100302652,paleturquoise
LOC145845,paleturquoise
LOC148189,paleturquoise
LOC148709,paleturquoise
LOC150381,paleturquoise
LOC154449,paleturquoise
LOC221442,paleturquoise
LOC285194,paleturquoise
LOC285593,paleturquoise
LOC285830,paleturquoise
LOC286002,paleturquoise
LOC338758,paleturquoise
LOC375196,paleturquoise
LOC387763,paleturquoise
LOC388789,paleturquoise
LOC399959,paleturquoise
LOC400657,paleturquoise
LOC401127,paleturquoise
LOC401463,paleturquoise
LOC440925,paleturquoise
LOC645323,paleturquoise
LOC646851,paleturquoise
LOC647979,paleturquoise
LOC84740,paleturquoise
LOC84989,paleturquoise
LOC91948,paleturquoise
LPA,paleturquoise
LPAR3,paleturquoise
LPHN2,paleturquoise
LPIN1,paleturquoise
LPP,paleturquoise
LRFN5,paleturquoise
LRIG3,paleturquoise
LRP12,paleturquoise
LRP2BP,paleturquoise
LRRC1,paleturquoise
LRRC2,paleturquoise
LRRC4B,paleturquoise
LRRC6,paleturquoise
LRRC8C,paleturquoise
LRRIQ3,paleturquoise
LRRTM2,paleturquoise
LSG1,paleturquoise
LTBP1,paleturquoise
LTBP4,paleturquoise
LY6G5C,paleturquoise
LYNX1,paleturquoise
LYPD1,paleturquoise
LYPD6,paleturquoise
LYPD6B,paleturquoise
LYSMD4,paleturquoise
LZTS2,paleturquoise
MACF1,paleturquoise
MACROD1,paleturquoise
MACROD2,paleturquoise
MAD1L1,paleturquoise
MAD2L1BP,paleturquoise
MAEA,paleturquoise
MAGI1,paleturquoise
MAGI2,paleturquoise
MAGOHB,paleturquoise
MAML2,paleturquoise
MAML3,paleturquoise
MAN1B1,paleturquoise
MAN2A1,paleturquoise
MANEAL,paleturquoise
MAP1D,paleturquoise
MAP2K3,paleturquoise
MAP3K1,paleturquoise
MAP4K5,paleturquoise
MAPK6,paleturquoise
MAPK7,paleturquoise
MAPKAPK2,paleturquoise
MAR-02,paleturquoise
MAR-03,paleturquoise
MAR-07,paleturquoise
MAR-08,paleturquoise
MAR-10,paleturquoise
MARCKS,paleturquoise
MARCKSL1,paleturquoise
MAST1,paleturquoise
MAST4,paleturquoise
MATN2,paleturquoise
MATR3,paleturquoise
MBD2,paleturquoise
MBD5,paleturquoise
MBLAC2,paleturquoise
MBNL1,paleturquoise
MBOAT2,paleturquoise
MBP,paleturquoise
MBTPS1,paleturquoise
MCCC1,paleturquoise
MCF2L,paleturquoise
MCF2L2,paleturquoise
MCFD2,paleturquoise
MCL1,paleturquoise
MCM10,paleturquoise
MCM7,paleturquoise
MCTP1,paleturquoise
MDC1,paleturquoise
MECOM,paleturquoise
MECR,paleturquoise
MED27,paleturquoise
MED30,paleturquoise
MEIS1,paleturquoise
MERTK,paleturquoise
MESDC1,paleturquoise
MESTIT1,paleturquoise
METAP2,paleturquoise
METT11D1,paleturquoise
METTL14,paleturquoise
MEX3D,paleturquoise
MFAP2,paleturquoise
MFAP3L,paleturquoise
MFHAS1,paleturquoise
MFSD6,paleturquoise
MFSD7,paleturquoise
MFSD9,paleturquoise
MGAT4C,paleturquoise
MGAT5B,paleturquoise
MGC16275,paleturquoise
MGC23284,paleturquoise
MGC2889,paleturquoise
MGC70857,paleturquoise
MGMT,paleturquoise
MIER1,paleturquoise
MINA,paleturquoise
MIR1178,paleturquoise
MIR1289-2,paleturquoise
MIR1471,paleturquoise
MIR218-1,paleturquoise
MIR516B1,paleturquoise
MIR517A,paleturquoise
MIR548H4,paleturquoise
MIR568,paleturquoise
MIR802,paleturquoise
MIR877,paleturquoise
MITF,paleturquoise
MLANA,paleturquoise
MLEC,paleturquoise
MLLT4,paleturquoise
MMAB,paleturquoise
MMD,paleturquoise
MMP21,paleturquoise
MMP9,paleturquoise
MND1,paleturquoise
MOBKL1A,paleturquoise
MOBKL2B,paleturquoise
MOGS,paleturquoise
MORN4,paleturquoise
MORN5,paleturquoise
MOV10L1,paleturquoise
MPI,paleturquoise
MPP7,paleturquoise
MPZL1,paleturquoise
MRAP,paleturquoise
MRGPRD,paleturquoise
MRPL11,paleturquoise
MRPL21,paleturquoise
MRPL24,paleturquoise
MRPS11,paleturquoise
MRPS16,paleturquoise
MRPS17,paleturquoise
MRPS33,paleturquoise
MSH6,paleturquoise
MSI2,paleturquoise
MSRB2,paleturquoise
MSTN,paleturquoise
MT1E,paleturquoise
MTA3,paleturquoise
MTF1,paleturquoise
MTIF2,paleturquoise
MTL5,paleturquoise
MTMR7,paleturquoise
MTRR,paleturquoise
MTSS1,paleturquoise
MTUS2,paleturquoise
MUL1,paleturquoise
MYADML2,paleturquoise
MYBPC2,paleturquoise
MYC,paleturquoise
MYH10,paleturquoise
MYH11,paleturquoise
MYL6B,paleturquoise
MYO10,paleturquoise
MYO15A,paleturquoise
MYO18A,paleturquoise
MYO1D,paleturquoise
MYO1F,paleturquoise
MYO3A,paleturquoise
MYO5C,paleturquoise
MYOD1,paleturquoise
MYPN,paleturquoise
MYRIP,paleturquoise
MYST2,paleturquoise
MYT1L,paleturquoise
NAA25,paleturquoise
NAALAD2,paleturquoise
NAB2,paleturquoise
NACAP1,paleturquoise
NADSYN1,paleturquoise
NAP1L1,paleturquoise
NASP,paleturquoise
NAV1,paleturquoise
NAV2,paleturquoise
NBEAL1,paleturquoise
NCKAP1L,paleturquoise
NCKAP5,paleturquoise
NCRNA00085,paleturquoise
NCSTN,paleturquoise
NDEL1,paleturquoise
NDRG3,paleturquoise
NDUFA9,paleturquoise
NDUFAF4,paleturquoise
NDUFB2,paleturquoise
NDUFB4,paleturquoise
NEBL,paleturquoise
NECAB3,paleturquoise
NEDD4,paleturquoise
NEK1,paleturquoise
NEK7,paleturquoise
NELL2,paleturquoise
NEU3,paleturquoise
NEURL,paleturquoise
NEUROD1,paleturquoise
NF1,paleturquoise
NFASC,paleturquoise
NFATC2IP,paleturquoise
NFE2,paleturquoise
NFIA,paleturquoise
NFIC,paleturquoise
NFKBID,paleturquoise
NFYA,paleturquoise
NID1,paleturquoise
NINJ1,paleturquoise
NINJ2,paleturquoise
NIPAL2,paleturquoise
NKAIN3,paleturquoise
NKX2-8,paleturquoise
NMBR,paleturquoise
NMI,paleturquoise
NMU,paleturquoise
NMUR1,paleturquoise
NOC3L,paleturquoise
NODAL,paleturquoise
NOLC1,paleturquoise
NPFFR2,paleturquoise
NPHP4,paleturquoise
NPLOC4,paleturquoise
NPNT,paleturquoise
NPPB,paleturquoise
NPR1,paleturquoise
NPR2,paleturquoise
NPR3,paleturquoise
NPS,paleturquoise
NPTN,paleturquoise
NPY,paleturquoise
NPY2R,paleturquoise
NR1D1,paleturquoise
NR2F1,paleturquoise
NR6A1,paleturquoise
NRF1,paleturquoise
NRG1,paleturquoise
NRG3,paleturquoise
NRIP2,paleturquoise
NRM,paleturquoise
NRXN1,paleturquoise
NRXN2,paleturquoise
NRXN3,paleturquoise
NSFL1C,paleturquoise
NSMCE2,paleturquoise
NSUN4,paleturquoise
NSUN6,paleturquoise
NT5C1B,paleturquoise
NT5C3,paleturquoise
NTF3,paleturquoise
NTM,paleturquoise
NTNG1,paleturquoise
NTRK1,paleturquoise
NUDT15,paleturquoise
NUDT6,paleturquoise
NUDT9P1,paleturquoise
NUP35,paleturquoise
NUP37,paleturquoise
NUP93,paleturquoise
NUSAP1,paleturquoise
NXN,paleturquoise
OAZ2,paleturquoise
OBFC2B,paleturquoise
OBSCN,paleturquoise
OBSL1,paleturquoise
ODZ2,paleturquoise
ODZ3,paleturquoise
ODZ4,paleturquoise
OGDH,paleturquoise
OGDHL,paleturquoise
OLFM1,paleturquoise
OLIG1,paleturquoise
ONECUT1,paleturquoise
OPCML,paleturquoise
OPRK1,paleturquoise
OR13A1,paleturquoise
OR2B11,paleturquoise
OR2C3,paleturquoise
OR2G3,paleturquoise
OR2G6,paleturquoise
OR2H1,paleturquoise
OR2W3,paleturquoise
OR4K17,paleturquoise
OR51F2,paleturquoise
OR8D1,paleturquoise
OR8U8,paleturquoise
OSBPL11,paleturquoise
OSBPL1A,paleturquoise
OSBPL3,paleturquoise
OSBPL6,paleturquoise
OSGIN1,paleturquoise
OSR2,paleturquoise
OTUB2,paleturquoise
OVCA2,paleturquoise
OVCH2,paleturquoise
OXCT1,paleturquoise
PACRG,paleturquoise
PACRGL,paleturquoise
PAK1,paleturquoise
PALM2,paleturquoise
PAN2,paleturquoise
PAQR5,paleturquoise
PAQR8,paleturquoise
PARD3,paleturquoise
PARL,paleturquoise
PARM1,paleturquoise
PARN,paleturquoise
PAX2,paleturquoise
PAX5,paleturquoise
PAX6,paleturquoise
PAX7,paleturquoise
PAX8,paleturquoise
PBLD,paleturquoise
PBOV1,paleturquoise
PBX1,paleturquoise
PBX2,paleturquoise
PBX4,paleturquoise
PCCA,paleturquoise
PCCB,paleturquoise
PCDHB18,paleturquoise
PCDHGA4,paleturquoise
PCID2,paleturquoise
PCMT1,paleturquoise
PCNXL2,paleturquoise
PCSK2,paleturquoise
PDCD11,paleturquoise
PDCD6IP,paleturquoise
PDCL3,paleturquoise
PDE10A,paleturquoise
PDE1A,paleturquoise
PDE4A,paleturquoise
PDE4B,paleturquoise
PDE4C,paleturquoise
PDE4D,paleturquoise
PDE6C,paleturquoise
PDE6D,paleturquoise
PDE7B,paleturquoise
PDE9A,paleturquoise
PDGFA,paleturquoise
PDGFD,paleturquoise
PDGFRA,paleturquoise
PDIA3P,paleturquoise
PDIA5,paleturquoise
PDK4,paleturquoise
PDRG1,paleturquoise
PDZRN3,paleturquoise
PDZRN4,paleturquoise
PET112L,paleturquoise
PET117,paleturquoise
PEX12,paleturquoise
PEX13,paleturquoise
PEX7,paleturquoise
PFDN2,paleturquoise
PFN2,paleturquoise
PGAP3,paleturquoise
PGP,paleturquoise
PGR,paleturquoise
PHACTR3,paleturquoise
PHB2,paleturquoise
PHF14,paleturquoise
PHLDB1,paleturquoise
PHTF2,paleturquoise
PHYH,paleturquoise
PI4K2B,paleturquoise
PIAS2,paleturquoise
PIF1,paleturquoise
PIGL,paleturquoise
PIGW,paleturquoise
PIGX,paleturquoise
PIGY,paleturquoise
PIK3C3,paleturquoise
PIK3CA,paleturquoise
PIK3CB,paleturquoise
PIK3CD,paleturquoise
PIK3IP1,paleturquoise
PIP5KL1,paleturquoise
PITPNA,paleturquoise
PITRM1,paleturquoise
PITX3,paleturquoise
PKHD1L1,paleturquoise
PKN2,paleturquoise
PLA2G1B,paleturquoise
PLAA,paleturquoise
PLAGL1,paleturquoise
PLCE1,paleturquoise
PLCL2,paleturquoise
PLCXD2,paleturquoise
PLD5,paleturquoise
PLEC1,paleturquoise
PLEKHA5,paleturquoise
PLEKHA6,paleturquoise
PLEKHA7,paleturquoise
PLEKHF2,paleturquoise
PLEKHG5,paleturquoise
PLEKHH2,paleturquoise
PLEKHM2,paleturquoise
PLEKHM3,paleturquoise
PLEKHO1,paleturquoise
PLIN5,paleturquoise
PLK2,paleturquoise
PLK4,paleturquoise
PLRG1,paleturquoise
PLS1,paleturquoise
PLXNC1,paleturquoise
PLXND1,paleturquoise
PM20D2,paleturquoise
PMP2,paleturquoise
PMP22,paleturquoise
PMPCB,paleturquoise
PMVK,paleturquoise
PNMA1,paleturquoise
PNMA2,paleturquoise
PNMAL2,paleturquoise
PNN,paleturquoise
PNPLA3,paleturquoise
PNPLA7,paleturquoise
PODXL,paleturquoise
POLD2,paleturquoise
POLG,paleturquoise
POLR1A,paleturquoise
POLR1C,paleturquoise
POLR3A,paleturquoise
POLR3B,paleturquoise
POLR3C,paleturquoise
POSTN,paleturquoise
POU4F1,paleturquoise
POU5F1,paleturquoise
PPAP2A,paleturquoise
PPFIA1,paleturquoise
PPIC,paleturquoise
PPM1A,paleturquoise
PPM1K,paleturquoise
PPM1L,paleturquoise
PPP1R15B,paleturquoise
PPP1R1C,paleturquoise
PPP1R2P1,paleturquoise
PPP1R9A,paleturquoise
PPP2R1A,paleturquoise
PPP2R1B,paleturquoise
PPP2R2D,paleturquoise
PPP2R5A,paleturquoise
PPP3CC,paleturquoise
PRC1,paleturquoise
PRCP,paleturquoise
PRDM12,paleturquoise
PRDM14,paleturquoise
PRDM16,paleturquoise
PRDM2,paleturquoise
PRDM6,paleturquoise
PRDM7,paleturquoise
PRDX5,paleturquoise
PREB,paleturquoise
PRELID2,paleturquoise
PREPL,paleturquoise
PRIMA1,paleturquoise
PRKAR1B,paleturquoise
PRKCA,paleturquoise
PRKCE,paleturquoise
PRKCI,paleturquoise
PRKCZ,paleturquoise
PRKG1,paleturquoise
PRLH,paleturquoise
PRMT1,paleturquoise
PROCA1,paleturquoise
PROCR,paleturquoise
PRODH,paleturquoise
PRPF19,paleturquoise
PRPF38B,paleturquoise
PRR15,paleturquoise
PRR16,paleturquoise
PRR4,paleturquoise
PRRC1,paleturquoise
PRRG4,paleturquoise
PRRT1,paleturquoise
PRSS35,paleturquoise
PSD4,paleturquoise
PSEN1,paleturquoise
PSENEN,paleturquoise
PSKH1,paleturquoise
PSMB1,paleturquoise
PSMB2,paleturquoise
PSMB7,paleturquoise
PSTK,paleturquoise
PTCH1,paleturquoise
PTEN,paleturquoise
PTGER2,paleturquoise
PTGS2,paleturquoise
PTH2R,paleturquoise
PTK2B,paleturquoise
PTPN21,paleturquoise
PTPRD,paleturquoise
PTPRG,paleturquoise
PTPRN2,paleturquoise
PTPRO,paleturquoise
PTPRS,paleturquoise
PTPRU,paleturquoise
PURG,paleturquoise
PUS1,paleturquoise
PUS7L,paleturquoise
PXMP4,paleturquoise
PXT1,paleturquoise
PYGL,paleturquoise
RAB1B,paleturquoise
RAB27A,paleturquoise
RAB2A,paleturquoise
RAB2B,paleturquoise
RAB3B,paleturquoise
RAB3GAP2,paleturquoise
RAB40B,paleturquoise
RAB7A,paleturquoise
RAB7L1,paleturquoise
RABGAP1,paleturquoise
RAD23B,paleturquoise
RAD51L1,paleturquoise
RAD54L,paleturquoise
RAD54L2,paleturquoise
RAGE,paleturquoise
RALGAPA1,paleturquoise
RANBP17,paleturquoise
RAPGEF1,paleturquoise
RAPGEF5,paleturquoise
RAPGEF6,paleturquoise
RASA3,paleturquoise
RASAL2,paleturquoise
RB1CC1,paleturquoise
RBBP9,paleturquoise
RBM18,paleturquoise
RBM20,paleturquoise
RBM26,paleturquoise
RBM33,paleturquoise
RBM47,paleturquoise
RBMS1,paleturquoise
RBMS3,paleturquoise
RBP4,paleturquoise
RBPJ,paleturquoise
RBPMS2,paleturquoise
RCHY1,paleturquoise
RECQL,paleturquoise
REM1,paleturquoise
REPS1,paleturquoise
RERE,paleturquoise
RET,paleturquoise
RFPL4B,paleturquoise
RFTN2,paleturquoise
RFX3,paleturquoise
RFX7,paleturquoise
RG9MTD1,paleturquoise
RGMB,paleturquoise
RGS11,paleturquoise
RGS12,paleturquoise
RGS16,paleturquoise
RGS2,paleturquoise
RGS20,paleturquoise
RGS4,paleturquoise
RGS7,paleturquoise
RHOBTB2,paleturquoise
RHOF,paleturquoise
RIC8A,paleturquoise
RICTOR,paleturquoise
RILPL1,paleturquoise
RIMKLA,paleturquoise
RIMS1,paleturquoise
RIMS2,paleturquoise
RIN3,paleturquoise
RIOK1,paleturquoise
RMI1,paleturquoise
RND3,paleturquoise
RNF144B,paleturquoise
RNF182,paleturquoise
RNF25,paleturquoise
RNF39,paleturquoise
RNPEP,paleturquoise
RNU11,paleturquoise
RNU12,paleturquoise
RNU5D,paleturquoise
ROBO1,paleturquoise
ROCK1,paleturquoise
ROCK2,paleturquoise
ROPN1L,paleturquoise
ROR1,paleturquoise
RPE,paleturquoise
RPE65,paleturquoise
RPF2,paleturquoise
RPH3AL,paleturquoise
RPL14,paleturquoise
RPL21,paleturquoise
RPL26L1,paleturquoise
RPL27,paleturquoise
RPL27A,paleturquoise
RPP25,paleturquoise
RPS13,paleturquoise
RPS14,paleturquoise
RPS21,paleturquoise
RPS3A,paleturquoise
RPS6,paleturquoise
RPS6KA5,paleturquoise
RPTOR,paleturquoise
RPUSD2,paleturquoise
RRM1,paleturquoise
RRM2B,paleturquoise
RSU1,paleturquoise
RTEL1,paleturquoise
RTL1,paleturquoise
RTN4IP1,paleturquoise
RUFY1,paleturquoise
RUNX3,paleturquoise
RXFP2,paleturquoise
RYR2,paleturquoise
S100A10,paleturquoise
S1PR2,paleturquoise
SAE1,paleturquoise
SAFB2,paleturquoise
SAMD11,paleturquoise
SASH1,paleturquoise
SATB2,paleturquoise
SBK1,paleturquoise
SCAF1,paleturquoise
SCAMP1,paleturquoise
SCAND3,paleturquoise
SCAPER,paleturquoise
SCARB2,paleturquoise
SCGB3A1,paleturquoise
SCHIP1,paleturquoise
SCLT1,paleturquoise
SCN3B,paleturquoise
SCN5A,paleturquoise
SCO2,paleturquoise
SCUBE3,paleturquoise
SDCBP2,paleturquoise
SDCCAG3,paleturquoise
SDK1,paleturquoise
SDK2,paleturquoise
SEC14L2,paleturquoise
SEC23A,paleturquoise
SEC31B,paleturquoise
SEC61A2,paleturquoise
SEL1L3,paleturquoise
SELK,paleturquoise
SELP,paleturquoise
SELT,paleturquoise
SEMA3D,paleturquoise
SEMA5A,paleturquoise
SEMA6A,paleturquoise
SENP5,paleturquoise
SENP7,paleturquoise
SEP-14,paleturquoise
SERP1,paleturquoise
SERPINB5,paleturquoise
SERPINB7,paleturquoise
SERPINB8,paleturquoise
SERPINH1,paleturquoise
SERTAD1,paleturquoise
SERTAD2,paleturquoise
SESTD1,paleturquoise
SETBP1,paleturquoise
SETD1B,paleturquoise
SETD2,paleturquoise
SETDB1,paleturquoise
SEZ6,paleturquoise
SEZ6L2,paleturquoise
SF3B3,paleturquoise
SF3B4,paleturquoise
SFMBT1,paleturquoise
SFPQ,paleturquoise
SFRP2,paleturquoise
SFRS15,paleturquoise
SFRS2IP,paleturquoise
SFRS4,paleturquoise
SFRS8,paleturquoise
SGCD,paleturquoise
SGEF,paleturquoise
SGOL1,paleturquoise
SH2B2,paleturquoise
SH2D4A,paleturquoise
SH3BP5,paleturquoise
SH3PXD2A,paleturquoise
SH3RF1,paleturquoise
SH3RF3,paleturquoise
SHANK2,paleturquoise
SHC4,paleturquoise
SHROOM3,paleturquoise
SIAH2,paleturquoise
SIKE1,paleturquoise
SIM2,paleturquoise
SIN3A,paleturquoise
SIPA1,paleturquoise
SIRPD,paleturquoise
SIRT3,paleturquoise
SIRT6,paleturquoise
SIX1,paleturquoise
SIX3,paleturquoise
SKA2,paleturquoise
SKA3,paleturquoise
SKAP2,paleturquoise
SLAIN2,paleturquoise
SLC10A7,paleturquoise
SLC11A2,paleturquoise
SLC15A4,paleturquoise
SLC16A1,paleturquoise
SLC16A12,paleturquoise
SLC16A9,paleturquoise
SLC17A3,paleturquoise
SLC18A2,paleturquoise
SLC1A7,paleturquoise
SLC22A1,paleturquoise
SLC22A20,paleturquoise
SLC25A23,paleturquoise
SLC25A27,paleturquoise
SLC25A30,paleturquoise
SLC25A46,paleturquoise
SLC26A10,paleturquoise
SLC26A6,paleturquoise
SLC26A7,paleturquoise
SLC27A3,paleturquoise
SLC2A13,paleturquoise
SLC2A5,paleturquoise
SLC30A10,paleturquoise
SLC30A8,paleturquoise
SLC35A1,paleturquoise
SLC35A3,paleturquoise
SLC35B3,paleturquoise
SLC35F2,paleturquoise
SLC35F3,paleturquoise
SLC36A1,paleturquoise
SLC39A1,paleturquoise
SLC39A9,paleturquoise
SLC3A2,paleturquoise
SLC47A1,paleturquoise
SLC4A7,paleturquoise
SLC5A5,paleturquoise
SLC5A9,paleturquoise
SLC6A1,paleturquoise
SLC6A11,paleturquoise
SLC6A12,paleturquoise
SLC6A5,paleturquoise
SLC7A14,paleturquoise
SLC7A5,paleturquoise
SLC9A11,paleturquoise
SLCO4C1,paleturquoise
SLFN12,paleturquoise
SLFN5,paleturquoise
SLITRK1,paleturquoise
SLTM,paleturquoise
SLURP1,paleturquoise
SMAD3,paleturquoise
SMAP1,paleturquoise
SMG5,paleturquoise
SMOC2,paleturquoise
SMPDL3B,paleturquoise
SMYD4,paleturquoise
SNCAIP,paleturquoise
SNHG8,paleturquoise
SNORA16A,paleturquoise
SNORA24,paleturquoise
SNORA32,paleturquoise
SNORA40,paleturquoise
SNORA70B,paleturquoise
SNORD114-15,paleturquoise
SNORD114-29,paleturquoise
SNORD12B,paleturquoise
SNORD15A,paleturquoise
SNORD2,paleturquoise
SNRK,paleturquoise
SNRPA,paleturquoise
SNRPA1,paleturquoise
SNRPF,paleturquoise
SNX13,paleturquoise
SNX16,paleturquoise
SNX19,paleturquoise
SNX27,paleturquoise
SNX30,paleturquoise
SNX6,paleturquoise
SOCS4,paleturquoise
SOCS5,paleturquoise
SOD1,paleturquoise
SOHLH2,paleturquoise
SON,paleturquoise
SOS2,paleturquoise
SOX13,paleturquoise
SOX18,paleturquoise
SOX2,paleturquoise
SOX2OT,paleturquoise
SOX5,paleturquoise
SOX6,paleturquoise
SP5,paleturquoise
SP6,paleturquoise
SP8,paleturquoise
SPAM1,paleturquoise
SPARCL1,paleturquoise
SPATA13,paleturquoise
SPATA18,paleturquoise
SPATA22,paleturquoise
SPATA6,paleturquoise
SPG21,paleturquoise
SPIB,paleturquoise
SPIN1,paleturquoise
SPON1,paleturquoise
SPOP,paleturquoise
SPRED1,paleturquoise
SPRR2C,paleturquoise
SPRYD4,paleturquoise
SPTB,paleturquoise
SPTBN4,paleturquoise
SRPRB,paleturquoise
SRRM3,paleturquoise
SS18L2,paleturquoise
SSPN,paleturquoise
SSSCA1,paleturquoise
ST14,paleturquoise
ST18,paleturquoise
ST3GAL5,paleturquoise
ST5,paleturquoise
ST7,paleturquoise
ST7L,paleturquoise
STAB1,paleturquoise
STAC,paleturquoise
STAG1,paleturquoise
STAM2,paleturquoise
STAMBP,paleturquoise
STK19,paleturquoise
STK25,paleturquoise
STK3,paleturquoise
STK38L,paleturquoise
STMN1,paleturquoise
STON1-GTF2A1L,paleturquoise
STON2,paleturquoise
STRBP,paleturquoise
STT3A,paleturquoise
STX6,paleturquoise
STYK1,paleturquoise
SUCLA2,paleturquoise
SULT4A1,paleturquoise
SUV420H1,paleturquoise
SUV420H2,paleturquoise
SV2C,paleturquoise
SYN3,paleturquoise
SYNGAP1,paleturquoise
SYNPR,paleturquoise
SYPL1,paleturquoise
SYT7,paleturquoise
SYTL1,paleturquoise
SYTL2,paleturquoise
TAC1,paleturquoise
TAF12,paleturquoise
TAF1A,paleturquoise
TAF2,paleturquoise
TAF4,paleturquoise
TANK,paleturquoise
TAP2,paleturquoise
TARSL2,paleturquoise
TASP1,paleturquoise
TATDN1,paleturquoise
TATDN3,paleturquoise
TBC1D14,paleturquoise
TBC1D19,paleturquoise
TBC1D9,paleturquoise
TBL1XR1,paleturquoise
TBPL1,paleturquoise
TBRG4,paleturquoise
TBX15,paleturquoise
TBX20,paleturquoise
TBX5,paleturquoise
TCEB3,paleturquoise
TCF20,paleturquoise
TCF7,paleturquoise
TCF7L1,paleturquoise
TCF7L2,paleturquoise
TCHP,paleturquoise
TCTEX1D1,paleturquoise
TDH,paleturquoise
TDRD1,paleturquoise
TEAD1,paleturquoise
TEPP,paleturquoise
TESC,paleturquoise
TESK1,paleturquoise
TET1,paleturquoise
TEX14,paleturquoise
TEX15,paleturquoise
TF,paleturquoise
TFAP2A,paleturquoise
TFAP2C,paleturquoise
TFAP4,paleturquoise
TFB1M,paleturquoise
TFCP2L1,paleturquoise
TFPI2,paleturquoise
TFRC,paleturquoise
TGM2,paleturquoise
TGM3,paleturquoise
TH,paleturquoise
THAP1,paleturquoise
THAP2,paleturquoise
THAP4,paleturquoise
THNSL1,paleturquoise
THOC1,paleturquoise
THRB,paleturquoise
THSD4,paleturquoise
TIAM2,paleturquoise
TIFA,paleturquoise
TIGD1,paleturquoise
TIMELESS,paleturquoise
TIMM17A,paleturquoise
TIMM50,paleturquoise
TIMM8B,paleturquoise
TIMP2,paleturquoise
TIRAP,paleturquoise
TK2,paleturquoise
TLE3,paleturquoise
TLE4,paleturquoise
TLL1,paleturquoise
TLN2,paleturquoise
TLR1,paleturquoise
TLR2,paleturquoise
TLR5,paleturquoise
TLR6,paleturquoise
TLX1NB,paleturquoise
TM6SF2,paleturquoise
TM9SF4,paleturquoise
TMC6,paleturquoise
TMCO7,paleturquoise
TMED7-TICAM2,paleturquoise
TMEM108,paleturquoise
TMEM116,paleturquoise
TMEM126B,paleturquoise
TMEM131,paleturquoise
TMEM132E,paleturquoise
TMEM143,paleturquoise
TMEM144,paleturquoise
TMEM158,paleturquoise
TMEM168,paleturquoise
TMEM184B,paleturquoise
TMEM186,paleturquoise
TMEM229A,paleturquoise
TMEM26,paleturquoise
TMEM44,paleturquoise
TMEM56,paleturquoise
TMEM57,paleturquoise
TMEM65,paleturquoise
TMEM74,paleturquoise
TMEM87A,paleturquoise
TMEM90A,paleturquoise
TMEM98,paleturquoise
TMOD3,paleturquoise
TMPRSS11A,paleturquoise
TMPRSS4,paleturquoise
TMTC4,paleturquoise
TNFAIP8L1,paleturquoise
TNFRSF12A,paleturquoise
TNFRSF13C,paleturquoise
TNFRSF19,paleturquoise
TNFRSF1B,paleturquoise
TNIK,paleturquoise
TNIP1,paleturquoise
TNRC6C,paleturquoise
TOMM40L,paleturquoise
TOR1AIP1,paleturquoise
TP53BP2,paleturquoise
TPBG,paleturquoise
TPH1,paleturquoise
TPH2,paleturquoise
TPK1,paleturquoise
TPPP3,paleturquoise
TPRX1,paleturquoise
TRAF3IP2,paleturquoise
TRAM2,paleturquoise
TRAPPC6B,paleturquoise
TRAPPC9,paleturquoise
TRDN,paleturquoise
TRIB1,paleturquoise
TRIB2,paleturquoise
TRIM15,paleturquoise
TRIM22,paleturquoise
TRIM23,paleturquoise
TRIM25,paleturquoise
TRIM26,paleturquoise
TRIM27,paleturquoise
TRIM31,paleturquoise
TRIM37,paleturquoise
TRIM39,paleturquoise
TRIM4,paleturquoise
TRIM45,paleturquoise
TRIM59,paleturquoise
TRIM8,paleturquoise
TRIO,paleturquoise
TRIP10,paleturquoise
TRIP12,paleturquoise
TRPC3,paleturquoise
TRRAP,paleturquoise
TRUB1,paleturquoise
TSC1,paleturquoise
TSC22D1,paleturquoise
TSEN15,paleturquoise
TSGA13,paleturquoise
TSHZ2,paleturquoise
TSPAN3,paleturquoise
TSPAN8,paleturquoise
TSSC1,paleturquoise
TTC1,paleturquoise
TTC24,paleturquoise
TTC30A,paleturquoise
TTC30B,paleturquoise
TTC33,paleturquoise
TTLL10,paleturquoise
TTN,paleturquoise
TTYH1,paleturquoise
TTYH2,paleturquoise
TTYH3,paleturquoise
TUBB2A,paleturquoise
TUBB2B,paleturquoise
TUBB3,paleturquoise
TUBGCP3,paleturquoise
TUSC3,paleturquoise
TUSC4,paleturquoise
TWIST1,paleturquoise
TWISTNB,paleturquoise
TXNL4B,paleturquoise
TXNRD1,paleturquoise
TYW3,paleturquoise
UBE2CBP,paleturquoise
UBE2E1,paleturquoise
UBE2E3,paleturquoise
UBE2G2,paleturquoise
UBE2H,paleturquoise
UBE2I,paleturquoise
UBE2S,paleturquoise
UBE2V2,paleturquoise
UBL3,paleturquoise
UBN1,paleturquoise
UBQLN1,paleturquoise
UBQLN4,paleturquoise
UCMA,paleturquoise
UFC1,paleturquoise
UFM1,paleturquoise
UFSP2,paleturquoise
UGCG,paleturquoise
UNC13A,paleturquoise
UNCX,paleturquoise
UPK3B,paleturquoise
UQCR,paleturquoise
UQCRC2,paleturquoise
URGCP,paleturquoise
USE1,paleturquoise
USH2A,paleturquoise
USP15,paleturquoise
USP2,paleturquoise
USP24,paleturquoise
USP32,paleturquoise
USP33,paleturquoise
USP44,paleturquoise
USP53,paleturquoise
USP6NL,paleturquoise
UTP15,paleturquoise
UTP23,paleturquoise
UTRN,paleturquoise
VAMP3,paleturquoise
VEGFC,paleturquoise
VIM,paleturquoise
VMAC,paleturquoise
VPS13B,paleturquoise
VPS13D,paleturquoise
VPS37B,paleturquoise
VPS41,paleturquoise
VPS45,paleturquoise
VSNL1,paleturquoise
VSTM2A,paleturquoise
VTI1A,paleturquoise
VWC2,paleturquoise
VWCE,paleturquoise
VWF,paleturquoise
WARS2,paleturquoise
WASF2,paleturquoise
WBP2NL,paleturquoise
WBSCR16,paleturquoise
WDR26,paleturquoise
WDR27,paleturquoise
WDR31,paleturquoise
WDR37,paleturquoise
WDR60,paleturquoise
WDR69,paleturquoise
WDR75,paleturquoise
WDR90,paleturquoise
WDTC1,paleturquoise
WFDC6,paleturquoise
WIF1,paleturquoise
WIPI2,paleturquoise
WISP1,paleturquoise
WNT1,paleturquoise
WNT5A,paleturquoise
WRNIP1,paleturquoise
WSCD1,paleturquoise
WT1,paleturquoise
WTIP,paleturquoise
WWP1,paleturquoise
XDH,paleturquoise
XIRP2,paleturquoise
XKR6,paleturquoise
XKR7,paleturquoise
XPO1,paleturquoise
XPO6,paleturquoise
YAP1,paleturquoise
YDJC,paleturquoise
YLPM1,paleturquoise
YME1L1,paleturquoise
YPEL1,paleturquoise
YTHDC2,paleturquoise
YY1AP1,paleturquoise
ZAK,paleturquoise
ZBTB10,paleturquoise
ZBTB12,paleturquoise
ZBTB20,paleturquoise
ZBTB44,paleturquoise
ZBTB5,paleturquoise
ZC3H7B,paleturquoise
ZCCHC24,paleturquoise
ZDHHC14,paleturquoise
ZDHHC16,paleturquoise
ZEB2,paleturquoise
ZFAND3,paleturquoise
ZFHX3,paleturquoise
ZFP2,paleturquoise
ZFP36L2,paleturquoise
ZFP90,paleturquoise
ZFYVE26,paleturquoise
ZHX1,paleturquoise
ZHX2,paleturquoise
ZKSCAN1,paleturquoise
ZMYM5,paleturquoise
ZMYND8,paleturquoise
ZNF135,paleturquoise
ZNF143,paleturquoise
ZNF165,paleturquoise
ZNF192,paleturquoise
ZNF2,paleturquoise
ZNF20,paleturquoise
ZNF202,paleturquoise
ZNF204P,paleturquoise
ZNF205,paleturquoise
ZNF211,paleturquoise
ZNF22,paleturquoise
ZNF234,paleturquoise
ZNF238,paleturquoise
ZNF304,paleturquoise
ZNF311,paleturquoise
ZNF326,paleturquoise
ZNF331,paleturquoise
ZNF365,paleturquoise
ZNF384,paleturquoise
ZNF397OS,paleturquoise
ZNF423,paleturquoise
ZNF451,paleturquoise
ZNF488,paleturquoise
ZNF501,paleturquoise
ZNF527,paleturquoise
ZNF532,paleturquoise
ZNF546,paleturquoise
ZNF560,paleturquoise
ZNF561,paleturquoise
ZNF570,paleturquoise
ZNF577,paleturquoise
ZNF599,paleturquoise
ZNF605,paleturquoise
ZNF613,paleturquoise
ZNF615,paleturquoise
ZNF639,paleturquoise
ZNF642,paleturquoise
ZNF662,paleturquoise
ZNF677,paleturquoise
ZNF682,paleturquoise
ZNF687,paleturquoise
ZNF704,paleturquoise
ZNF714,paleturquoise
ZNF718,paleturquoise
ZNF749,paleturquoise
ZNF772,paleturquoise
ZNF800,paleturquoise
ZNF804A,paleturquoise
ZNF827,paleturquoise
ZNF831,paleturquoise
ZNF833,paleturquoise
ZNF835,paleturquoise
ZNF844,paleturquoise
ZNF90,paleturquoise
ZNHIT1,paleturquoise
ZNRF3,paleturquoise
ZRANB2,paleturquoise
ZW10,paleturquoise
AACS,pink
AASS,pink
ABCD3,pink
ABCF1,pink
ABHD11,pink
ABLIM1,pink
ABLIM2,pink
ABR,pink
ACAT2,pink
ACCN2,pink
ACOT7,pink
ACOX3,pink
ACP6,pink
ADAD1,pink
ADAM22,pink
ADAMTS18,pink
ADAR,pink
ADIPOR1,pink
ADK,pink
AEN,pink
AFAP1,pink
AFF3,pink
AFG3L2,pink
AGA,pink
AGBL5,pink
AGL,pink
AGPAT5,pink
AHR,pink
AHRR,pink
AKAP8L,pink
AKT1S1,pink
ALDH18A1,pink
AMDHD1,pink
AMOTL2,pink
AMPD3,pink
ANK2,pink
ANKH,pink
ANKHD1,pink
ANKLE2,pink
ANKRD10,pink
ANKRD13D,pink
ANP32A,pink
ANP32E,pink
ANTXR1,pink
AP2M1,pink
APBB2,pink
APH1B,pink
APLP1,pink
APOA1BP,pink
AQP11,pink
ARFGEF1,pink
ARHGAP10,pink
ARHGAP21,pink
ARHGAP22,pink
ARHGEF10,pink
ARID5A,pink
ARNTL,pink
ARPC5L,pink
ARSI,pink
ARTN,pink
ASB18,pink
ASF1B,pink
ASPH,pink
ASTN1,pink
ATAD5,pink
ATF7,pink
ATP10A,pink
ATP11A,pink
ATP2C1,pink
ATPAF1,pink
BACE1,pink
BACH1,pink
BAI3,pink
BARX2,pink
BAT3,pink
BAT5,pink
BAZ1A,pink
BCAP29,pink
BCAS4,pink
BCL11A,pink
BCL2,pink
BCL7B,pink
BDH1,pink
BDH2,pink
BFSP1,pink
BICD1,pink
BMP6,pink
BNIP3,pink
BNIP3L,pink
BRI3,pink
BRUNOL4,pink
BTBD10,pink
BTLA,pink
C10ORF46,pink
C11ORF60,pink
C11ORF61,pink
C11ORF87,pink
C11ORF92,pink
C12ORF4,pink
C12ORF73,pink
C13ORF37,pink
C14ORF133,pink
C14ORF174,pink
C14ORF43,pink
C14ORF64,pink
C15ORF23,pink
C15ORF26,pink
C17ORF75,pink
C17ORF97,pink
C19ORF54,pink
C19ORF73,pink
C1ORF101,pink
C1ORF150,pink
C1ORF212,pink
C1ORF52,pink
C1ORF74,pink
C20ORF194,pink
C2ORF28,pink
C3ORF31,pink
C3ORF36,pink
C3ORF50,pink
C3ORF59,pink
C4ORF36,pink
C5ORF32,pink
C5ORF38,pink
C5ORF41,pink
C6ORF105,pink
C6ORF114,pink
C6ORF136,pink
C6ORF145,pink
C6ORF176,pink
C6ORF195,pink
C6ORF72,pink
C7ORF13,pink
C7ORF20,pink
C7ORF71,pink
CACNA1H,pink
CACNB4,pink
CACNG2,pink
CALCB,pink
CAMTA1,pink
CANT1,pink
CAP2,pink
CAPNS1,pink
CAPRIN1,pink
CAPRIN2,pink
CASP9,pink
CASZ1,pink
CCDC107,pink
CCDC112,pink
CCDC117,pink
CCDC144NL,pink
CCDC39,pink
CCDC61,pink
CCDC68,pink
CCDC71,pink
CCDC84,pink
CCDC88B,pink
CCDC90A,pink
CCDC90B,pink
CCHCR1,pink
CCNA1,pink
CCND1,pink
CCNJ,pink
CD164L2,pink
CD1A,pink
CD2,pink
CD38,pink
CD6,pink
CD82,pink
CDCA5,pink
CDH2,pink
CDH4,pink
CDK10,pink
CDK2AP1,pink
CDKAL1,pink
CDKN2AIP,pink
CDKN2AIPNL,pink
CENPBD1,pink
CENPF,pink
CENPN,pink
CEP120,pink
CGNL1,pink
CHD9,pink
CHEK2,pink
CHI3L2,pink
CHMP2B,pink
CHMP6,pink
CHN1,pink
CHP,pink
CIR1,pink
CLASP2,pink
CLDN10,pink
CLEC3B,pink
CLGN,pink
CLIP4,pink
CLK1,pink
CLPTM1,pink
CLU,pink
CMC1,pink
CMIP,pink
CMTM6,pink
CNBP,pink
CNO,pink
CNOT10,pink
CNTN1,pink
COL17A1,pink
COL4A3,pink
COL5A1,pink
COL9A1,pink
COL9A2,pink
COMP,pink
COPA,pink
COQ5,pink
COX17,pink
COX5B,pink
CPEB4,pink
CRKL,pink
CRTC3,pink
CSDE1,pink
CSGALNACT2,pink
CSMD3,pink
CSRNP2,pink
CSRP3,pink
CTNS,pink
CUL2,pink
CWC15,pink
CYFIP1,pink
CYP51A1,pink
DAB2,pink
DAPK3,pink
DARS2,pink
DAXX,pink
DBF4B,pink
DCBLD1,pink
DCLK2,pink
DCLRE1C,pink
DDB2,pink
DDX17,pink
DDX39,pink
DDX50,pink
DDX60L,pink
DENND4A,pink
DFFA,pink
DHODH,pink
DHRS1,pink
DHRS7B,pink
DHX30,pink
DIP2C,pink
DIRAS3,pink
DKK2,pink
DLL3,pink
DLX5,pink
DNA2,pink
DNAJB13,pink
DNAJC21,pink
DOCK1,pink
DPH2,pink
DPP10,pink
DPP6,pink
DPP9,pink
DST,pink
DUSP1,pink
DUSP22,pink
DUSP5P,pink
E2F8,pink
EBF1,pink
ECSIT,pink
EFCAB5,pink
EFNA1,pink
EGR2,pink
EIF3A,pink
EIF3E,pink
EIF4A2,pink
EIF4E,pink
ELANE,pink
ELAVL1,pink
ELF3,pink
ELOVL5,pink
EMCN,pink
EMILIN2,pink
ENC1,pink
EP400NL,pink
EPHA3,pink
EPHA8,pink
ERC2,pink
ESYT1,pink
EXT2,pink
FAIM,pink
FAM102A,pink
FAM120B,pink
FAM126B,pink
FAM133B,pink
FAM134B,pink
FAM176A,pink
FAM20B,pink
FAM43A,pink
FAM53B,pink
FAM53C,pink
FANCI,pink
FARS2,pink
FARSB,pink
FASN,pink
FASTK,pink
FBXO11,pink
FBXO15,pink
FBXO32,pink
FBXO36,pink
FBXO45,pink
FBXW11,pink
FCHO1,pink
FERMT2,pink
FEZ1,pink
FEZ2,pink
FGF12,pink
FITM2,pink
FKBP7,pink
FLG,pink
FLJ31306,pink
FLNB,pink
FLOT1,pink
FLRT2,pink
FLRT3,pink
FLVCR1,pink
FLYWCH1,pink
FN3K,pink
FNBP4,pink
FOS,pink
FOXC1,pink
FOXD2,pink
FOXF1,pink
FOXO1,pink
FRG1B,pink
FXR1,pink
FYTTD1,pink
FZD2,pink
FZD6,pink
GABRG3,pink
GALK1,pink
GAS2,pink
GAS7,pink
GDF5,pink
GEN1,pink
GFI1,pink
GFOD2,pink
GFRA3,pink
GJA10,pink
GLCCI1,pink
GLG1,pink
GLIPR1L1,pink
GLRA1,pink
GMCL1,pink
GMPR,pink
GMPR2,pink
GNAI3,pink
GNPAT,pink
GORASP1,pink
GPATCH2,pink
GPR133,pink
GRAMD1A,pink
GRM7,pink
GRPEL1,pink
GSK3A,pink
H3F3B,pink
HCCA2,pink
HCK,pink
HDAC11,pink
HDAC4,pink
HDAC5,pink
HDGF,pink
HEPACAM2,pink
HINT1,pink
HINT3,pink
HIST1H1C,pink
HIST1H2BB,pink
HIST1H2BH,pink
HIST1H4B,pink
HIST1H4C,pink
HIST4H4,pink
HMHA1,pink
HMMR,pink
HOXA7,pink
HOXC4,pink
HOXD1,pink
HOXD3,pink
HPS3,pink
HRNBP3,pink
HSD17B12,pink
HSP90AA1,pink
HSPA13,pink
HSPC072,pink
HTR1F,pink
HTR2B,pink
HYAL3,pink
IARS,pink
IARS2,pink
ICAM5,pink
IDUA,pink
IFIT3,pink
IGDCC4,pink
IGF1,pink
IGF1R,pink
IGF2BP1,pink
IGFBP5,pink
IGSF21,pink
IHH,pink
IL16,pink
INF2,pink
INO80,pink
INTS4,pink
IPMK,pink
IQSEC3,pink
IRF1,pink
IRF4,pink
IRX3,pink
ISL1,pink
ISLR2,pink
ISM1,pink
IVD,pink
JAG2,pink
JARID2,pink
JPH3,pink
KARS,pink
KBTBD3,pink
KCNA4,pink
KCND2,pink
KCNG4,pink
KCNIP3,pink
KCNK6,pink
KCNMB4,pink
KCNQ1DN,pink
KCNQ4,pink
KCNQ5,pink
KCNT1,pink
KCTD8,pink
KDELR3,pink
KDM1B,pink
KIAA0101,pink
KIAA0226,pink
KIAA0564,pink
KIAA1586,pink
KIAA1598,pink
KIF14,pink
KIF5B,pink
KIF9,pink
KIRREL3,pink
KLF3,pink
KLHDC7A,pink
KLHL17,pink
KPNB1,pink
KPRP,pink
KY,pink
LACE1,pink
LARS2,pink
LBR,pink
LBX1,pink
LCE1C,pink
LCE6A,pink
LCLAT1,pink
LCORL,pink
LDB1,pink
LDHB,pink
LGI3,pink
LIMD1,pink
LIN7B,pink
LMNB1,pink
LMO1,pink
LMO3,pink
LMO4,pink
LOC100128811,pink
LOC100129387,pink
LOC100188947,pink
LOC283404,pink
LOC285696,pink
LOC285830,pink
LOC645323,pink
LOC728743,pink
LOH12CR1,pink
LPAR2,pink
LPHN2,pink
LPXN,pink
LRIG1,pink
LRRC3B,pink
LRRFIP2,pink
LRRIQ4,pink
LRRK1,pink
LUC7L3,pink
MAD2L1,pink
MAEL,pink
MAFB,pink
MAML3,pink
MANBAL,pink
MAP1B,pink
MAP3K11,pink
MAP3K3,pink
MAR-04,pink
MAR-07,pink
MAR-08,pink
MARVELD3,pink
MAST4,pink
MC4R,pink
MCF2L2,pink
MCM9,pink
MDC1,pink
MDK,pink
MED12L,pink
MED13L,pink
MED18,pink
MEGF10,pink
MEIS2,pink
METT10D,pink
MFGE8,pink
MIER1,pink
MIF4GD,pink
MIR137,pink
MIR548F5,pink
MIR548H4,pink
MIR642,pink
MITF,pink
MKS1,pink
MLF1,pink
MLST8,pink
MN1,pink
MNT,pink
MNX1,pink
MOSC2,pink
MPDU1,pink
MPP6,pink
MRPL10,pink
MRPL16,pink
MRPL17,pink
MRPL32,pink
MRPL52,pink
MRPS27,pink
MSC,pink
MSH4,pink
MSH6,pink
MSL2,pink
MSR1,pink
MSRB2,pink
MTCH1,pink
MTERF,pink
MTFR1,pink
MTHFD2L,pink
MTIF3,pink
MTMR9,pink
MTX1,pink
MYBL1,pink
MYLIP,pink
MYO19,pink
MYO5A,pink
MYST3,pink
MYT1L,pink
N4BP1,pink
NAA15,pink
NAALAD2,pink
NAT2,pink
NAV3,pink
NCRNA00092,pink
NCRNA00188,pink
NDC80,pink
NDFIP2,pink
NDUFA4L2,pink
NDUFB3,pink
NDUFB7,pink
NDUFS6,pink
NEK10,pink
NEK4,pink
NEK8,pink
NFATC1,pink
NFE2L2,pink
NFIA,pink
NFIB,pink
NFKB2,pink
NIF3L1,pink
NKD2,pink
NMI,pink
NOC4L,pink
NPC2,pink
NPHS2,pink
NRSN2,pink
NSMCE2,pink
NT5C2,pink
NTF3,pink
NUBP1,pink
NUCB2,pink
NUDC,pink
NUDT15,pink
NXN,pink
NXPH1,pink
OAF,pink
ODZ3,pink
ODZ4,pink
OGFR,pink
OLFM2,pink
OOEP,pink
OPA3,pink
OR10A6,pink
OR1M1,pink
OR52B4,pink
OR6A2,pink
OS9,pink
OSBPL2,pink
OSBPL5,pink
OTUD3,pink
OXSM,pink
PAK1,pink
PAOX,pink
PARP2,pink
PARP9,pink
PCGF3,pink
PCNXL2,pink
PCSK1,pink
PCSK6,pink
PDCL,pink
PDE1A,pink
PDE8B,pink
PDIA6,pink
PELI3,pink
PEX1,pink
PEX13,pink
PFDN5,pink
PFDN6,pink
PGBD5,pink
PGRMC2,pink
PHF13,pink
PHF17,pink
PHF20,pink
PHOX2B,pink
PHRF1,pink
PIK3R2,pink
PIP4K2A,pink
PIP5K1A,pink
PITRM1,pink
PLA2G2F,pink
PLA2G6,pink
PLA2G7,pink
PLAC8,pink
PLCXD2,pink
PLD6,pink
PLEKHF1,pink
PLEKHG6,pink
PLEKHH2,pink
PLXDC2,pink
PNPT1,pink
PNRC2,pink
POLR3B,pink
POLR3E,pink
POLR3H,pink
POLS,pink
POMGNT1,pink
PON2,pink
POPDC3,pink
PPARD,pink
PPAT,pink
PPFIA1,pink
PPM1K,pink
PPP1R15B,pink
PPP1R3C,pink
PPP2R1A,pink
PRAME,pink
PRELID2,pink
PRMT1,pink
PRPF38A,pink
PRPS1L1,pink
PRPSAP2,pink
PRR7,pink
PRRC1,pink
PRRT1,pink
PSMB8,pink
PSME1,pink
PTGFR,pink
PTGIS,pink
PTPN4,pink
PTPRN2,pink
PTTG1IP,pink
PXDN,pink
PYGL,pink
PYGO2,pink
PYY,pink
R3HCC1,pink
RAB11B,pink
RAB11FIP4,pink
RAB24,pink
RAB40B,pink
RAD21,pink
RAD51L1,pink
RAD54L2,pink
RAI1,pink
RALYL,pink
RARS,pink
RASSF4,pink
RASSF8,pink
RBM25,pink
RBM28,pink
RBM47,pink
RBM8A,pink
RBMXL1,pink
RCN2,pink
RDH10,pink
REEP6,pink
RERG,pink
RGS12,pink
RGS2,pink
RGS6,pink
RHOU,pink
RIC3,pink
RIOK2,pink
RNF130,pink
RNF215,pink
RNF219,pink
RNF34,pink
RNF5P1,pink
RNGTT,pink
ROBLD3,pink
ROBO1,pink
ROMO1,pink
ROPN1L,pink
RORA,pink
RPL29,pink
RPL32P3,pink
RPL5,pink
RPP21,pink
RPS10,pink
RPS6KA2,pink
RRAS,pink
RRBP1,pink
RRP12,pink
RRP7A,pink
RSBN1,pink
RSU1,pink
RUFY2,pink
RUNDC2A,pink
RUNX1,pink
RYK,pink
S100A11,pink
S100A12,pink
S100A6,pink
S1PR1,pink
SAAL1,pink
SCAI,pink
SCAND3,pink
SCARA5,pink
SCARNA16,pink
SCG3,pink
SDC4,pink
SDCCAG1,pink
SEMA3A,pink
SEMA3E,pink
SEMA6D,pink
SERPINI2,pink
SETMAR,pink
SFRS12,pink
SFXN4,pink
SGCE,pink
SGEF,pink
SGK1,pink
SGK3,pink
SGPL1,pink
SH2B3,pink
SH3RF3,pink
SHANK2,pink
SIKE1,pink
SLC10A5,pink
SLC10A7,pink
SLC12A7,pink
SLC1A5,pink
SLC27A1,pink
SLC2A1,pink
SLC35F3,pink
SLC36A3,pink
SLC39A7,pink
SLC41A1,pink
SLC6A12,pink
SLC9A3,pink
SLC9A8,pink
SLC9A9,pink
SLCO2A1,pink
SLCO3A1,pink
SLCO4A1,pink
SLIT1,pink
SMARCAL1,pink
SMG7,pink
SMOC2,pink
SMPD2,pink
SMU1,pink
SMUG1,pink
SNAP23,pink
SNCA,pink
SNHG3-RCC1,pink
SNORA16A,pink
SNORD41,pink
SNRNP35,pink
SNX15,pink
SNX18,pink
SNX3,pink
SNX4,pink
SOCS2,pink
SORCS2,pink
SP4,pink
SPATA5,pink
SPG20,pink
SPHK1,pink
SPIRE1,pink
SPSB4,pink
SPTBN4,pink
SRD5A2,pink
SRP54,pink
SRRM4,pink
SRRT,pink
SSH1,pink
SSPN,pink
ST3GAL5,pink
STAB1,pink
STAC,pink
STAP1,pink
STAT4,pink
STXBP5,pink
STYXL1,pink
SUB1,pink
SUCLG1,pink
SULT1C4,pink
SUMF1,pink
SYNE1,pink
SYNM,pink
SYT11,pink
SYT14,pink
TACSTD2,pink
TAF13,pink
TAF9,pink
TAPBPL,pink
TAX1BP1,pink
TBC1D15,pink
TBC1D16,pink
TBC1D22B,pink
TBC1D4,pink
TBC1D5,pink
TBC1D8,pink
TBCCD1,pink
TBCD,pink
TBPL1,pink
TBX19,pink
TBX20,pink
TCP11L1,pink
TDH,pink
TEKT2,pink
TERF1,pink
TEX2,pink
TGFA,pink
TGFB2,pink
TGFBR2,pink
TGIF1,pink
THAP5,pink
THUMPD3,pink
TIMELESS,pink
TIPARP,pink
TJP1,pink
TM2D1,pink
TM9SF1,pink
TMCO6,pink
TMED6,pink
TMEM102,pink
TMEM107,pink
TMEM127,pink
TMEM151A,pink
TMEM165,pink
TMEM168,pink
TMEM184C,pink
TMEM19,pink
TMEM194A,pink
TMEM30A,pink
TMEM55B,pink
TMEM57,pink
TMEM66,pink
TMEM69,pink
TMEM85,pink
TMEM90B,pink
TMEM91,pink
TNFAIP8L1,pink
TNKS,pink
TNNI1,pink
TNRC6B,pink
TNXB,pink
TOP1MT,pink
TOR3A,pink
TPD52L1,pink
TPO,pink
TPST1,pink
TRAM1L1,pink
TRAPPC1,pink
TRAPPC9,pink
TRIB1,pink
TRIM2,pink
TRIM35,pink
TRPC2,pink
TRPC4,pink
TRPC4AP,pink
TRPS1,pink
TSC2,pink
TSNAX-DISC1,pink
TSPAN4,pink
TSPYL4,pink
TTC14,pink
TTC15,pink
TTC27,pink
TTYH3,pink
TUBE1,pink
TUT1,pink
TWSG1,pink
UBA2,pink
UBA3,pink
UBA52,pink
UBE2G1,pink
UBE4A,pink
UBP1,pink
UBR7,pink
UBXN1,pink
UBXN11,pink
UFC1,pink
USF1,pink
USP1,pink
USPL1,pink
UTP15,pink
VAMP1,pink
VAX2,pink
VPS37B,pink
VPS37C,pink
VPS54,pink
VSIG10,pink
VTI1A,pink
WBSCR28,pink
WDR35,pink
WDR5B,pink
WDR85,pink
WIPI2,pink
WNK1,pink
WNK2,pink
WNT7B,pink
WSCD1,pink
XKR4,pink
XRCC1,pink
YES1,pink
YPEL2,pink
YWHAZ,pink
ZBTB44,pink
ZBTB45,pink
ZC3H12C,pink
ZEB2,pink
ZFAND2A,pink
ZFP64,pink
ZFPM1,pink
ZNF140,pink
ZNF18,pink
ZNF225,pink
ZNF229,pink
ZNF251,pink
ZNF260,pink
ZNF280D,pink
ZNF287,pink
ZNF337,pink
ZNF418,pink
ZNF423,pink
ZNF438,pink
ZNF510,pink
ZNF511,pink
ZNF512,pink
ZNF521,pink
ZNF542,pink
ZNF551,pink
ZNF598,pink
ZNF608,pink
ZNF620,pink
ZNF621,pink
ZNF624,pink
ZNF675,pink
ZNF680,pink
ZNF684,pink
ZNF695,pink
ZNF708,pink
ZNF710,pink
ZNF761,pink
ZNF780A,pink
ZNF780B,pink
ZNRF2,pink
ZSCAN2,pink
ZW10,pink
A2BP1,plum1
AAA1,plum1
AARS,plum1
ABCF1,plum1
ABLIM1,plum1
ABO,plum1
ACHE,plum1
ACIN1,plum1
ACSS3,plum1
ACTN2,plum1
ACTR10,plum1
ACTR1A,plum1
ACTR3,plum1
ACTR5,plum1
ACTR6,plum1
ACVR1,plum1
ADAM19,plum1
ADAM29,plum1
ADAMTS18,plum1
ADAT1,plum1
ADCY7,plum1
ADM,plum1
AFAP1,plum1
AGAP1,plum1
AIMP1,plum1
AKR1B1,plum1
ALDH1A3,plum1
ALG1L,plum1
ALK,plum1
AMD1,plum1
ANKFY1,plum1
ANP32E,plum1
ANTXR1,plum1
AP1G2,plum1
APBB1,plum1
APC,plum1
APOA5,plum1
APPL2,plum1
ARF6,plum1
ARFRP1,plum1
ARHGAP20,plum1
ARHGAP5,plum1
ARHGEF12,plum1
ARID4B,plum1
ARL15,plum1
ARSB,plum1
ATAD1,plum1
ATF1,plum1
ATF6,plum1
ATG5,plum1
ATN1,plum1
ATP10A,plum1
ATP10D,plum1
ATP11B,plum1
ATP1A1,plum1
ATP2B2,plum1
ATP5L,plum1
ATP6V0A4,plum1
ATP6V1H,plum1
AURKA,plum1
BAT2,plum1
BAZ2B,plum1
BCAS4,plum1
BCL11A,plum1
BCL2L11,plum1
BCL6,plum1
BDNF,plum1
BLOC1S3,plum1
BMP6,plum1
BRD2,plum1
BSCL2,plum1
C10ORF107,plum1
C10ORF88,plum1
C11ORF17,plum1
C11ORF83,plum1
C11ORF95,plum1
C12ORF29,plum1
C12ORF54,plum1
C12ORF76,plum1
C14ORF181,plum1
C14ORF43,plum1
C15ORF58,plum1
C17ORF101,plum1
C17ORF106,plum1
C17ORF53,plum1
C17ORF96,plum1
C17ORF97,plum1
C19ORF41,plum1
C1ORF125,plum1
C1ORF128,plum1
C1ORF57,plum1
C1ORF63,plum1
C1ORF93,plum1
C20ORF132,plum1
C20ORF7,plum1
C20ORF96,plum1
C22ORF39,plum1
C2ORF60,plum1
C2ORF82,plum1
C3ORF17,plum1
C3ORF18,plum1
C3ORF24,plum1
C3ORF58,plum1
C3ORF62,plum1
C4ORF31,plum1
C5ORF60,plum1
C6ORF125,plum1
C6ORF130,plum1
C6ORF138,plum1
C6ORF170,plum1
C6ORF174,plum1
C6ORF48,plum1
C7ORF38,plum1
C7ORF50,plum1
C7ORF60,plum1
C8ORF44,plum1
C8ORF56,plum1
C9ORF40,plum1
C9ORF89,plum1
CACHD1,plum1
CACNA1I,plum1
CACNB2,plum1
CAGE1,plum1
CALCR,plum1
CALM1,plum1
CALM2,plum1
CAMKV,plum1
CAMTA1,plum1
CASP7,plum1
CAST,plum1
CBFA2T2,plum1
CBX3,plum1
CBX6,plum1
CBX7,plum1
CCDC6,plum1
CCK,plum1
CCND2,plum1
CCND3,plum1
CCPG1,plum1
CCR4,plum1
CCS,plum1
CDH23,plum1
CDH8,plum1
CDKAL1,plum1
CDKN1A,plum1
CDKN2C,plum1
CELSR1,plum1
CEP63,plum1
CHCHD3,plum1
CHD9,plum1
CHFR,plum1
CHST2,plum1
CILP2,plum1
CITED2,plum1
CKAP5,plum1
CLDN12,plum1
CLDN3,plum1
CLDND1,plum1
CLMN,plum1
CLOCK,plum1
CLU,plum1
CNOT2,plum1
COG2,plum1
COIL,plum1
COL13A1,plum1
COL7A1,plum1
COMMD7,plum1
COMMD9,plum1
COQ5,plum1
CORIN,plum1
COX5A,plum1
COX5B,plum1
COX7A2,plum1
CREB5,plum1
CRYL1,plum1
CSGALNACT1,plum1
CSMD1,plum1
CST8,plum1
CST9L,plum1
CTAGE5,plum1
CTNNA2,plum1
CTXN2,plum1
CUEDC1,plum1
CUGBP1,plum1
CYB5A,plum1
CYB5B,plum1
CYB5R1,plum1
CYP24A1,plum1
CYP2C8,plum1
DAOA,plum1
DAXX,plum1
DCP1A,plum1
DCPS,plum1
DDAH2,plum1
DDOST,plum1
DDX50,plum1
DEM1,plum1
DEPDC1,plum1
DHRS13,plum1
DHX29,plum1
DHX35,plum1
DIDO1,plum1
DIXDC1,plum1
DKK2,plum1
DLC1,plum1
DLG2,plum1
DMRTA2,plum1
DNAH17,plum1
DNAJB6,plum1
DNASE2,plum1
DNMT3B,plum1
DOCK7,plum1
DPM1,plum1
DPP10,plum1
DPP6,plum1
DPY19L1,plum1
DSEL,plum1
DST,plum1
DUSP12,plum1
DUT,plum1
EBF3,plum1
EDEM1,plum1
EDN1,plum1
EEF1D,plum1
EEF1E1,plum1
EFNA5,plum1
EHD2,plum1
EHMT2,plum1
ELFN2,plum1
EMX2,plum1
EPHA8,plum1
EPHX1,plum1
EPHX4,plum1
EPN3,plum1
ERCC4,plum1
ERICH1,plum1
ERLEC1,plum1
ERMAP,plum1
ERO1L,plum1
ESAM,plum1
ESCO1,plum1
ESYT1,plum1
ETFB,plum1
EWSR1,plum1
EXOSC10,plum1
EXOSC8,plum1
EYA4,plum1
EZR,plum1
FAM43A,plum1
FAM43B,plum1
FAM47E,plum1
FAM50B,plum1
FAM55D,plum1
FAM76A,plum1
FASTKD5,plum1
FBLIM1,plum1
FBRSL1,plum1
FBXL19,plum1
FBXW8,plum1
FGF14,plum1
FGF5,plum1
FGFRL1,plum1
FKBP11,plum1
FLJ23834,plum1
FOXF1,plum1
FOXK1,plum1
FOXN3,plum1
FZD1,plum1
G2E3,plum1
G6PC3,plum1
GABARAP,plum1
GABRG2,plum1
GALNT14,plum1
GALNT2,plum1
GAPDHS,plum1
GCNT3,plum1
GDAP2,plum1
GMCL1,plum1
GNAS,plum1
GNL1,plum1
GPATCH8,plum1
GPR120,plum1
GPR176,plum1
GRAMD1B,plum1
GRID2,plum1
GRK5,plum1
GRSF1,plum1
GTF2A2,plum1
GTF2E2,plum1
GTF2F2,plum1
GTF2H4,plum1
GTPBP1,plum1
GUCY1A3,plum1
H3F3B,plum1
HAS2,plum1
HBS1L,plum1
HBXIP,plum1
HEY2,plum1
HINFP,plum1
HIRA,plum1
HIST1H2BG,plum1
HIST1H3E,plum1
HIST3H2A,plum1
HK2,plum1
HLA-DOA,plum1
HLA-DQB2,plum1
HLA-G,plum1
HOXB8,plum1
HP1BP3,plum1
HSD17B4,plum1
HSPA1A,plum1
HSPA7,plum1
HTR1E,plum1
HTR7,plum1
HTR7P,plum1
ICK,plum1
IFIT5,plum1
IFNAR2,plum1
IFRD2,plum1
IFT52,plum1
IGFBP3,plum1
IGFBP5,plum1
IGSF22,plum1
IK,plum1
IL17C,plum1
IMPA2,plum1
INSIG2,plum1
IRX2,plum1
IRX5,plum1
IRX6,plum1
ISG15,plum1
ISL1,plum1
JARID2,plum1
KBTBD11,plum1
KCNA3,plum1
KCNB2,plum1
KCNK15,plum1
KCNMA1,plum1
KCTD12,plum1
KDM4A,plum1
KDM4C,plum1
KIAA0174,plum1
KIAA1211,plum1
KIAA1467,plum1
KIAA1530,plum1
KIF17,plum1
KIF26A,plum1
KLF14,plum1
KLHL6,plum1
KLK1,plum1
KLK15,plum1
LAMB2,plum1
LAPTM4A,plum1
LBP,plum1
LGI4,plum1
LIG1,plum1
LIN9,plum1
LLGL2,plum1
LOC100134713,plum1
LOC148824,plum1
LOC153684,plum1
LOC339788,plum1
LOC404266,plum1
LOC552889,plum1
LOC653391,plum1
LOC728613,plum1
LOC729991-MEF2B,plum1
LOC731789,plum1
LPO,plum1
LRP2BP,plum1
LRRC29,plum1
LRRC34,plum1
LUC7L2,plum1
LYG2,plum1
MAD2L2,plum1
MAPKAPK3,plum1
MARCKSL1,plum1
MAST4,plum1
MBD2,plum1
MCF2L,plum1
MDC1,plum1
MED8,plum1
MEGF11,plum1
MEIS2,plum1
METTL3,plum1
MFHAS1,plum1
MFSD4,plum1
MFSD9,plum1
MGC12982,plum1
MGC23284,plum1
MGC70857,plum1
MIER1,plum1
MIR1915,plum1
MIR572,plum1
MIR655,plum1
MITF,plum1
MLL2,plum1
MLL5,plum1
MME,plum1
MMP16,plum1
MNAT1,plum1
MPP5,plum1
MPPED2,plum1
MRI1,plum1
MRPS10,plum1
MRPS18B,plum1
MRPS33,plum1
MRPS35,plum1
MRTO4,plum1
MTMR2,plum1
MUC4,plum1
MUTED,plum1
MXD1,plum1
MXI1,plum1
MYH14,plum1
MYL12A,plum1
MYL6B,plum1
MYLK2,plum1
MYSM1,plum1
MYST3,plum1
NAA15,plum1
NAA25,plum1
NAA30,plum1
NAAA,plum1
NACA,plum1
NAGLU,plum1
NBR1,plum1
NCKAP1,plum1
NCOR2,plum1
NDST2,plum1
NDST4,plum1
NDUFA3,plum1
NDUFB10,plum1
NEDD9,plum1
NELL1,plum1
NFKB2,plum1
NGRN,plum1
NLRP7,plum1
NME5,plum1
NOC2L,plum1
NOL12,plum1
NOVA2,plum1
NQO1,plum1
NR1D2,plum1
NR2F2,plum1
NRM,plum1
NTM,plum1
NUDT9P1,plum1
ODZ2,plum1
OR10G2,plum1
OR14A16,plum1
OR51B5,plum1
OR51E1,plum1
OR5C1,plum1
OSBPL8,plum1
OXGR1,plum1
PAK7,plum1
PARP11,plum1
PBXIP1,plum1
PCCB,plum1
PCDH17,plum1
PCDH21,plum1
PCDH9,plum1
PCDHA7,plum1
PCDHB10,plum1
PCYT1A,plum1
PDE10A,plum1
PDE5A,plum1
PDE6B,plum1
PDE6D,plum1
PDIA6,plum1
PDLIM3,plum1
PDP2,plum1
PES1,plum1
PEX1,plum1
PGBD1,plum1
PHAX,plum1
PHC1,plum1
PHKG2,plum1
PIGV,plum1
PIKFYVE,plum1
PLCD1,plum1
PLEKHB2,plum1
PLEKHM2,plum1
PNLIPRP3,plum1
PNMA2,plum1
POLR2B,plum1
PPAPDC2,plum1
PPFIA1,plum1
PPIL3,plum1
PPM1H,plum1
PPP1R13L,plum1
PPP1R9A,plum1
PPP2R1B,plum1
PPT2,plum1
PRDM16,plum1
PRDM8,plum1
PRHOXNB,plum1
PRKCZ,plum1
PRKG1,plum1
PRPF18,plum1
PRPF38B,plum1
PRR4,plum1
PRSS12,plum1
PSMD14,plum1
PSMD6,plum1
PSMD8,plum1
PTCH1,plum1
PTK2B,plum1
PTP4A3,plum1
PTPN2,plum1
PTPRN2,plum1
PTPRS,plum1
PTRF,plum1
PUS7L,plum1
PVR,plum1
PYGO2,plum1
RAB21,plum1
RAB26,plum1
RAB35,plum1
RABEPK,plum1
RAI1,plum1
RANBP17,plum1
RASGRF1,plum1
RASL11B,plum1
RASSF2,plum1
RBM47,plum1
RBM8A,plum1
RBP3,plum1
RBP7,plum1
RBPJ,plum1
RCCD1,plum1
REEP2,plum1
REXO1,plum1
RFWD2,plum1
RGL2,plum1
RGNEF,plum1
RHOC,plum1
RNF157,plum1
RNF181,plum1
RNF213,plum1
ROBO3,plum1
RPL13AP5,plum1
RPL17,plum1
RPL7L1,plum1
RPL8,plum1
RPL9,plum1
RPS19,plum1
RPS27A,plum1
RPS6KA2,plum1
RRP12,plum1
RTCD1,plum1
RTN4,plum1
RUNX1,plum1
RUNX2,plum1
S100A6,plum1
SAMD5,plum1
SCAMP1,plum1
SCAMP5,plum1
SCG2,plum1
SCIN,plum1
SCML4,plum1
SCN2B,plum1
SCOC,plum1
SCP2,plum1
SCYL3,plum1
SDK1,plum1
SEC24C,plum1
SELE,plum1
SEP-11,plum1
SFI1,plum1
SFRS12,plum1
SGOL1,plum1
SH3BP4,plum1
SHH,plum1
SIGLEC11,plum1
SIK2,plum1
SIM2,plum1
SKI,plum1
SLC16A12,plum1
SLC22A18AS,plum1
SLC24A6,plum1
SLC25A23,plum1
SLC5A8,plum1
SLC7A7,plum1
SLCO5A1,plum1
SMARCA5,plum1
SMARCAD1,plum1
SMEK2,plum1
SMG6,plum1
SMOC2,plum1
SNAPC2,plum1
SNHG3-RCC1,plum1
SNHG5,plum1
SNORD27,plum1
SNORD43,plum1
SOCS1,plum1
SORT1,plum1
SOX8,plum1
SP110,plum1
SPATS2L,plum1
SPG21,plum1
SPRED2,plum1
SPRY4,plum1
SPTLC2,plum1
SRD5A2,plum1
SRF,plum1
SRP14,plum1
SSH1,plum1
SSTR3,plum1
ST6GALNAC5,plum1
STAM2,plum1
STK38,plum1
STOM,plum1
STRADA,plum1
STX5,plum1
STYK1,plum1
SUB1,plum1
SUDS3,plum1
SUMF2,plum1
SVEP1,plum1
SVIL,plum1
SYVN1,plum1
TAGAP,plum1
TARBP1,plum1
TATDN3,plum1
TBC1D12,plum1
TBCD,plum1
TCEB3B,plum1
TCF19,plum1
TDG,plum1
TDRD6,plum1
TEAD1,plum1
TEAD4,plum1
TESSP1,plum1
TFAP2A,plum1
TFAP2D,plum1
TGFB2,plum1
TGM7,plum1
THAP5,plum1
THOC1,plum1
TIGD1,plum1
TM7SF2,plum1
TMCO7,plum1
TMEM138,plum1
TMEM62,plum1
TMEM68,plum1
TMEM97,plum1
TNFSF11,plum1
TNPO2,plum1
TNS3,plum1
TOP1P2,plum1
TOP3A,plum1
TP53BP1,plum1
TPT1,plum1
TPX2,plum1
TRAM1L1,plum1
TRAPPC4,plum1
TRAPPC5,plum1
TRAPPC9,plum1
TRERF1,plum1
TRIB1,plum1
TRIM11,plum1
TRIM2,plum1
TRIM31,plum1
TRIM41,plum1
TRIM5,plum1
TRPC6,plum1
TRPM1,plum1
TRPM8,plum1
TSEN2,plum1
TSNAX-DISC1,plum1
TSPYL5,plum1
TSSC4,plum1
TTC21A,plum1
TTC9C,plum1
TTLL13,plum1
TWF1,plum1
TXN,plum1
TXNDC16,plum1
UBAC1,plum1
UBE2D2,plum1
UBE2T,plum1
UBE2V1,plum1
UBE3A,plum1
UBE3C,plum1
UBL7,plum1
UBR1,plum1
UBTD2,plum1
UHMK1,plum1
UHRF1BP1L,plum1
UNC5C,plum1
USF1,plum1
USP13,plum1
USP32,plum1
UTP23,plum1
VARS2,plum1
VPS13B,plum1
VPS4A,plum1
VPS72,plum1
VSTM2A,plum1
WARS2,plum1
WDHD1,plum1
WDR1,plum1
WDR20,plum1
WDR73,plum1
WDR8,plum1
WIPI1,plum1
XPO7,plum1
YPEL3,plum1
ZADH2,plum1
ZAP70,plum1
ZAR1,plum1
ZBTB20,plum1
ZBTB22,plum1
ZDHHC19,plum1
ZDHHC23,plum1
ZFYVE1,plum1
ZIC1,plum1
ZMIZ2,plum1
ZMYM5,plum1
ZNF140,plum1
ZNF2,plum1
ZNF202,plum1
ZNF232,plum1
ZNF26,plum1
ZNF425,plum1
ZNF444,plum1
ZNF509,plum1
ZNF562,plum1
ZNF627,plum1
ZNF670,plum1
ZNF727,plum1
ZNF791,plum1
ZNF845,plum1
ZNF862,plum1
ZNRF1,plum1
ZPBP,plum1
ZRANB2,plum1
ZZZ3,plum1
A2M,plum2
AASS,plum2
ABCD3,plum2
ABCF1,plum2
ABHD12,plum2
ABR,plum2
ACACB,plum2
ACCS,plum2
ACOX3,plum2
ACOXL,plum2
ADAMTS16,plum2
ADAMTS2,plum2
ADAR,plum2
AFAP1L1,plum2
AFAP1L2,plum2
AFG3L2,plum2
AGFG1,plum2
AGGF1,plum2
AGTRAP,plum2
AHRR,plum2
AJAP1,plum2
AKAP9,plum2
AKD1,plum2
AKR1B10,plum2
ALKBH8,plum2
ANKH,plum2
ANKLE2,plum2
ANKRD16,plum2
ANKRD42,plum2
ANLN,plum2
AP1AR,plum2
API5,plum2
ARFGEF1,plum2
ARHGAP24,plum2
ARHGAP26,plum2
ARHGAP28,plum2
ARHGEF10,plum2
ARID4B,plum2
ARID5B,plum2
ARPM1,plum2
ARRDC2,plum2
ASB1,plum2
ASCL2,plum2
ASNA1,plum2
ASNSD1,plum2
ATAD2B,plum2
ATCAY,plum2
ATF1,plum2
ATG16L2,plum2
ATL1,plum2
ATP11A,plum2
ATP1B2,plum2
ATP5H,plum2
ATP6V1A,plum2
ATP6V1E1,plum2
ATP9B,plum2
AZI1,plum2
B3GALT5,plum2
B3GAT3,plum2
B4GALT7,plum2
B9D2,plum2
BAI1,plum2
BAT2,plum2
BBX,plum2
BCAN,plum2
BCAS1,plum2
BCKDHA,plum2
BCL11B,plum2
BCL2L11,plum2
BCL6,plum2
BCLAF1,plum2
BMP1,plum2
BNIP3,plum2
BRAP,plum2
BRCA1,plum2
BRD2,plum2
BRE,plum2
BRMS1L,plum2
BRUNOL4,plum2
BRWD1,plum2
BTC,plum2
BVES,plum2
C10ORF131,plum2
C10ORF137,plum2
C10ORF140,plum2
C10ORF93,plum2
C11ORF10,plum2
C11ORF2,plum2
C11ORF30,plum2
C11ORF48,plum2
C11ORF60,plum2
C11ORF66,plum2
C11ORF71,plum2
C12ORF10,plum2
C12ORF57,plum2
C12ORF75,plum2
C13ORF1,plum2
C13ORF30,plum2
C14ORF138,plum2
C14ORF182,plum2
C14ORF4,plum2
C15ORF39,plum2
C16ORF7,plum2
C17ORF50,plum2
C18ORF21,plum2
C19ORF10,plum2
C19ORF12,plum2
C19ORF36,plum2
C19ORF6,plum2
C19ORF62,plum2
C19ORF73,plum2
C1ORF103,plum2
C1ORF192,plum2
C1ORF203,plum2
C22ORF24,plum2
C2ORF44,plum2
C3ORF24,plum2
C3ORF33,plum2
C4ORF41,plum2
C5ORF34,plum2
C5ORF42,plum2
C5ORF43,plum2
C6ORF10,plum2
C6ORF126,plum2
C6ORF192,plum2
C6ORF204,plum2
C6ORF217,plum2
C7ORF13,plum2
C7ORF27,plum2
C7ORF38,plum2
C7ORF42,plum2
C9ORF16,plum2
CACNB1,plum2
CALCOCO2,plum2
CALCR,plum2
CAMSAP1,plum2
CAPN5,plum2
CAPNS1,plum2
CAPS2,plum2
CASQ2,plum2
CAT,plum2
CATSPERG,plum2
CBARA1,plum2
CBL,plum2
CBLN2,plum2
CCDC104,plum2
CCDC15,plum2
CCDC23,plum2
CCDC25,plum2
CCDC36,plum2
CCDC50,plum2
CCDC66,plum2
CCDC82,plum2
CCDC90A,plum2
CCDC92,plum2
CCDC99,plum2
CCK,plum2
CCNB1,plum2
CCNG1,plum2
CCT3,plum2
CD81,plum2
CDC25B,plum2
CDCA5,plum2
CDH9,plum2
CDK15,plum2
CDK19,plum2
CDK2AP2,plum2
CDK4,plum2
CDK6,plum2
CDK7,plum2
CDON,plum2
CDV3,plum2
CENPM,plum2
CENPN,plum2
CEP72,plum2
CFL2,plum2
CHCHD4,plum2
CHD1L,plum2
CHN1,plum2
CHST11,plum2
CHUK,plum2
CLCNKB,plum2
CLRN3,plum2
CNIH2,plum2
CNN2,plum2
CNOT10,plum2
CNOT2,plum2
CNOT8,plum2
CNRIP1,plum2
CNTN2,plum2
COL12A1,plum2
COL18A1,plum2
COL25A1,plum2
COL4A3BP,plum2
COL9A2,plum2
COPB2,plum2
COTL1,plum2
CRYAB,plum2
CSMD1,plum2
CTNNA2,plum2
CTNND2,plum2
CTTNBP2,plum2
CUGBP2,plum2
CWC22,plum2
CYC1,plum2
CYFIP2,plum2
CYHR1,plum2
CYP27A1,plum2
CYP51A1,plum2
DAB2IP,plum2
DACT1,plum2
DCAF8,plum2
DCDC1,plum2
DCP1A,plum2
DCUN1D4,plum2
DDAH2,plum2
DDR1,plum2
DDRGK1,plum2
DDX43,plum2
DEDD2,plum2
DENND1A,plum2
DHDDS,plum2
DHODH,plum2
DHX16,plum2
DHX9,plum2
DIABLO,plum2
DIP2C,plum2
DLG2,plum2
DLGAP1,plum2
DLL1,plum2
DLX1,plum2
DLX3,plum2
DLX6,plum2
DNAJA2,plum2
DNAJC14,plum2
DNAJC2,plum2
DNMT1,plum2
DOCK5,plum2
DPF1,plum2
DPP6,plum2
DRAM1,plum2
DSC3,plum2
DSTN,plum2
DUSP22,plum2
DUSP4,plum2
DZIP1L,plum2
EDN3,plum2
EDNRB,plum2
EEPD1,plum2
EFCAB5,plum2
EGR2,plum2
EHBP1,plum2
EHF,plum2
EHHADH,plum2
EHMT1,plum2
EID2,plum2
EIF2AK4,plum2
EIF2B2,plum2
EIF3H,plum2
EIF3K,plum2
EIF4E,plum2
EIF4EBP1,plum2
ELOVL5,plum2
EOMES,plum2
EP400NL,plum2
EPB49,plum2
EPHB3,plum2
ERN1,plum2
ERO1LB,plum2
ETAA1,plum2
ETS1,plum2
ETV3,plum2
EXOC3,plum2
EXOSC8,plum2
EXT1,plum2
FADS6,plum2
FAIM2,plum2
FAM104A,plum2
FAM116A,plum2
FAM160A1,plum2
FAM163A,plum2
FAM177A1,plum2
FAM188A,plum2
FAM193A,plum2
FAM3B,plum2
FAM53A,plum2
FAM55C,plum2
FAM84B,plum2
FAR1,plum2
FARSB,plum2
FAS,plum2
FBXL17,plum2
FBXL22,plum2
FBXL7,plum2
FBXO27,plum2
FBXO28,plum2
FBXO3,plum2
FCRL5,plum2
FDFT1,plum2
FEZ1,plum2
FGD4,plum2
FGGY,plum2
FLJ31306,plum2
FMO4,plum2
FN1,plum2
FOLR1,plum2
FOXF1,plum2
FOXO3,plum2
FOXP1,plum2
FOXP4,plum2
FPR3,plum2
FRMD8,plum2
FTH1,plum2
FUBP1,plum2
G2E3,plum2
GABBR1,plum2
GABRG1,plum2
GAL,plum2
GDE1,plum2
GDF7,plum2
GLDN,plum2
GLI2,plum2
GLIPR1,plum2
GLOD4,plum2
GLT1D1,plum2
GNB1,plum2
GPR124,plum2
GPR63,plum2
GRAMD3,plum2
GRIA2,plum2
GRIK3,plum2
GSG1,plum2
GSTA4,plum2
GSTCD,plum2
GSTO1,plum2
GTF3C6,plum2
GTPBP1,plum2
GYS1,plum2
H1FX,plum2
HAGH,plum2
HAUS4,plum2
HCG9,plum2
HDAC4,plum2
HDAC9,plum2
HEATR3,plum2
HECW2,plum2
HEMK1,plum2
HEPACAM2,plum2
HEXB,plum2
HIBCH,plum2
HIP1R,plum2
HIST1H2AD,plum2
HIST1H2BN,plum2
HIST1H4A,plum2
HIST1H4B,plum2
HLA-C,plum2
HLA-F,plum2
HMGA2,plum2
HMGCLL1,plum2
HNF1B,plum2
HNRNPA3,plum2
HOOK2,plum2
HPCAL4,plum2
HPS6,plum2
HSD17B7P2,plum2
HSPBP1,plum2
HSPG2,plum2
HSPH1,plum2
HTATIP2,plum2
HTR1A,plum2
HTR6,plum2
HYLS1,plum2
ICA1L,plum2
ID2,plum2
IFI35,plum2
IFNGR1,plum2
IGDCC3,plum2
IGF1R,plum2
IGSF11,plum2
IGSF8,plum2
IKBIP,plum2
IKZF2,plum2
IL12A,plum2
IL17RD,plum2
IMPA2,plum2
INPP5A,plum2
INTS3,plum2
INTS4,plum2
INTS8,plum2
IQCG,plum2
IRX5,plum2
ISL2,plum2
ITGB1,plum2
ITGB4,plum2
ITGB5,plum2
JAM2,plum2
JMJD1C,plum2
JUP,plum2
KAT2B,plum2
KBTBD11,plum2
KBTBD3,plum2
KCNA1,plum2
KCNJ6,plum2
KCNK2,plum2
KCNN1,plum2
KCNQ1,plum2
KCNQ1DN,plum2
KDELR3,plum2
KDM3A,plum2
KDM5B,plum2
KIAA0146,plum2
KIAA0174,plum2
KIAA0355,plum2
KIAA0564,plum2
KIAA1217,plum2
KIAA1407,plum2
KIAA1432,plum2
KIAA1522,plum2
KIAA1524,plum2
KIAA1530,plum2
KIAA1539,plum2
KIAA1586,plum2
KIAA1632,plum2
KIAA1751,plum2
KIAA1826,plum2
KIAA1919,plum2
KIFC1,plum2
KIFC3,plum2
KIRREL3,plum2
KLC1,plum2
KLF12,plum2
KLHDC1,plum2
KLHL28,plum2
KLRF1,plum2
KPNA6,plum2
KRAS,plum2
KRIT1,plum2
KRT222,plum2
KRT4,plum2
LACTB,plum2
LANCL2,plum2
LARP4,plum2
LARP6,plum2
LATS2,plum2
LBX2,plum2
LCLAT1,plum2
LDB1,plum2
LIFR,plum2
LIMS2,plum2
LMCD1,plum2
LOC100188947,plum2
LOC100190939,plum2
LOC100268168,plum2
LOC100272217,plum2
LOC134466,plum2
LOC145814,plum2
LOC149837,plum2
LOC151174,plum2
LOC201651,plum2
LOC219347,plum2
LOC285696,plum2
LOC375190,plum2
LOC387763,plum2
LOC407835,plum2
LOC441601,plum2
LOC641518,plum2
LOR,plum2
LPCAT2,plum2
LPPR1,plum2
LRAT,plum2
LRP2,plum2
LRP5,plum2
LRRC2,plum2
LRRC49,plum2
LRRC8B,plum2
LRTOMT,plum2
LSAMP,plum2
LUC7L,plum2
LYPLAL1,plum2
MACC1,plum2
MAD2L2,plum2
MAGI1,plum2
MALAT1,plum2
MAML3,plum2
MAN2B1,plum2
MAP6D1,plum2
MARS,plum2
MAT2A,plum2
MAT2B,plum2
MAX,plum2
MBNL1,plum2
MCFD2,plum2
MCM5,plum2
MCM6,plum2
MDC1,plum2
MDH1,plum2
MDH2,plum2
MDN1,plum2
MDP1,plum2
MED22,plum2
MED7,plum2
MEG3,plum2
MEIS1,plum2
MEIS2,plum2
METT5D1,plum2
MGAT5B,plum2
MGC23284,plum2
MGMT,plum2
MICB,plum2
MINA,plum2
MIR548G,plum2
MIR548H4,plum2
MIR758,plum2
MKX,plum2
MLF1IP,plum2
MLF2,plum2
MOBKL3,plum2
MOCS2,plum2
MON2,plum2
MORG1,plum2
MOSC1,plum2
MPDU1,plum2
MPG,plum2
MRPL20,plum2
MRPL22,plum2
MRPL35,plum2
MRPL54,plum2
MRPS10,plum2
MRPS18A,plum2
MRPS28,plum2
MRPS6,plum2
MSI1,plum2
MT3,plum2
MTBP,plum2
MTF2,plum2
MTIF2,plum2
MTL5,plum2
MTMR2,plum2
MTPN,plum2
MTR,plum2
MUC4,plum2
MUDENG,plum2
MXI1,plum2
MYL12A,plum2
MYL12B,plum2
MYO16,plum2
MYO1C,plum2
MYO1D,plum2
MYPOP,plum2
NAA25,plum2
NAGK,plum2
NBR1,plum2
NCAPG2,plum2
NCOA3,plum2
NCOA4,plum2
NCR1,plum2
NCRNA00119,plum2
NCRNA00171,plum2
NDRG4,plum2
NDUFS2,plum2
NDUFS7,plum2
NECAB2,plum2
NECAB3,plum2
NECAP1,plum2
NECAP2,plum2
NEDD9,plum2
NEFM,plum2
NEURL,plum2
NEUROD6,plum2
NFAT5,plum2
NFIA,plum2
NFKBID,plum2
NFYC,plum2
NHSL1,plum2
NIF3L1,plum2
NKX1-2,plum2
NKX6-1,plum2
NLGN1,plum2
NLGN2,plum2
NLRC5,plum2
NME1,plum2
NOL10,plum2
NOL8,plum2
NOS1,plum2
NOTCH4,plum2
NPC1L1,plum2
NPM1,plum2
NPSR1,plum2
NPY,plum2
NR5A2,plum2
NRD1,plum2
NRP2,plum2
NRTN,plum2
NSUN6,plum2
NT5C,plum2
NUDT8,plum2
OAF,plum2
OBFC2A,plum2
OCIAD1,plum2
ODF2L,plum2
ODZ3,plum2
OPRK1,plum2
OR10G2,plum2
OR4B1,plum2
OR51B2,plum2
ORC1L,plum2
ORC3L,plum2
OSBPL3,plum2
OSBPL9,plum2
OSGIN1,plum2
OTUD4,plum2
P4HTM,plum2
PA2G4,plum2
PACSIN1,plum2
PARD3,plum2
PARVA,plum2
PAX7,plum2
PCBD2,plum2
PCF11,plum2
PCLO,plum2
PCNT,plum2
PCNXL2,plum2
PCOLCE2,plum2
PDCD6IP,plum2
PDE11A,plum2
PDE2A,plum2
PDE4D,plum2
PDE5A,plum2
PDGFRA,plum2
PDHA2,plum2
PDHB,plum2
PDK2,plum2
PEBP4,plum2
PES1,plum2
PEX10,plum2
PFAS,plum2
PFKP,plum2
PFN1,plum2
PGP,plum2
PHC1,plum2
PHF15,plum2
PHLDA2,plum2
PHTF2,plum2
PI4K2A,plum2
PIGF,plum2
PIGY,plum2
PIK3R3,plum2
PINX1,plum2
PIP4K2A,plum2
PIP5K1A,plum2
PJA2,plum2
PLEC1,plum2
PLEKHG7,plum2
PM20D1,plum2
POFUT2,plum2
POLE,plum2
POPDC3,plum2
POT1,plum2
POU3F1,plum2
POU6F2,plum2
PPHLN1,plum2
PPIG,plum2
PPIL4,plum2
PPP1CB,plum2
PPP1R12C,plum2
PPP1R3C,plum2
PPP2R5B,plum2
PPP3CB,plum2
PRDX1,plum2
PRDX3,plum2
PRICKLE1,plum2
PRICKLE2,plum2
PRKAG2,plum2
PRKCZ,plum2
PRKG1,plum2
PRPF39,plum2
PRPF4,plum2
PRR23A,plum2
PSMD7,plum2
PTCD2,plum2
PTCD3,plum2
PTGFR,plum2
PTP4A2,plum2
PTP4A3,plum2
PTPN21,plum2
PTPRC,plum2
PTPRE,plum2
PTPRG,plum2
PTPRN2,plum2
RAB1B,plum2
RAB4B,plum2
RAD1,plum2
RAD17,plum2
RAD50,plum2
RAD51AP1,plum2
RADIL,plum2
RAG1AP1,plum2
RAG2,plum2
RAI14,plum2
RALGAPB,plum2
RALY,plum2
RAPGEF3,plum2
RAPGEF4,plum2
RASA2,plum2
RBBP5,plum2
RBBP9,plum2
RBM20,plum2
RBMS3,plum2
RCBTB2,plum2
RCVRN,plum2
RDBP,plum2
RERE,plum2
RFC1,plum2
RFX4,plum2
RFX6,plum2
RFXANK,plum2
RG9MTD2,plum2
RGS12,plum2
RGS7BP,plum2
RGS9,plum2
RHEB,plum2
RICH2,plum2
RIMS2,plum2
RIOK2,plum2
RNASEH2B,plum2
RNF121,plum2
RNF13,plum2
RNF150,plum2
RNPEP,plum2
ROR2,plum2
RORA,plum2
RP1L1,plum2
RP5-1022P6.2,plum2
RPA1,plum2
RPAIN,plum2
RPL14,plum2
RPL15,plum2
RPL26L1,plum2
RPS14,plum2
RPS18,plum2
RPS3A,plum2
RPS6KA2,plum2
RPS9,plum2
RPSAP52,plum2
RPTOR,plum2
RPUSD2,plum2
RREB1,plum2
RRP1,plum2
RSRC1,plum2
RTF1,plum2
RUFY1,plum2
RUFY3,plum2
RUNX1T1,plum2
RUNX3,plum2
S100A11,plum2
SACM1L,plum2
SAFB2,plum2
SALL3,plum2
SAMD4A,plum2
SAPS2,plum2
SATB1,plum2
SBSN,plum2
SCAND3,plum2
SCGB1D1,plum2
SCRG1,plum2
SCRT2,plum2
SCYL3,plum2
SDCCAG8,plum2
SEC13,plum2
SEC24C,plum2
SEC31A,plum2
SEC31B,plum2
SELE,plum2
SELK,plum2
SELM,plum2
SELP,plum2
SEMA3E,plum2
SEMA6A,plum2
SERINC3,plum2
SERINC5,plum2
SERPINB11,plum2
SERPINE2,plum2
SETD3,plum2
SFMBT2,plum2
SFRP4,plum2
SFRP5,plum2
SFRS14,plum2
SFRS16,plum2
SFRS18,plum2
SGCZ,plum2
SGOL1,plum2
SH2B3,plum2
SH2D4B,plum2
SH3GL1,plum2
SHPRH,plum2
SIGLEC15,plum2
SIK1,plum2
SIP1,plum2
SKIL,plum2
SKP1,plum2
SLC16A3,plum2
SLC25A4,plum2
SLC28A1,plum2
SLC30A5,plum2
SLC30A7,plum2
SLC33A1,plum2
SLC35D3,plum2
SLC36A1,plum2
SLC38A1,plum2
SLC39A7,plum2
SLC41A3,plum2
SLC43A1,plum2
SLC45A1,plum2
SLC46A3,plum2
SLC5A10,plum2
SLC5A6,plum2
SLC6A15,plum2
SMARCAD1,plum2
SMCHD1,plum2
SMG5,plum2
SMNDC1,plum2
SMOC2,plum2
SMPD1,plum2
SMYD3,plum2
SNAP91,plum2
SND1,plum2
SNHG11,plum2
SNORD119,plum2
SNORD87,plum2
SNRNP25,plum2
SNRPD1,plum2
SNRPN,plum2
SNTG1,plum2
SNX10,plum2
SNX13,plum2
SNX17,plum2
SNX19,plum2
SOD1,plum2
SORBS1,plum2
SORBS2,plum2
SORL1,plum2
SOX4,plum2
SOX9,plum2
SPATA2,plum2
SPSB3,plum2
SPTAN1,plum2
SRBD1,plum2
SREBF1,plum2
SRP9,plum2
SRRM3,plum2
ST3GAL1,plum2
ST5,plum2
ST8SIA3,plum2
STAC,plum2
STARD9,plum2
STAT2,plum2
STC2,plum2
STK35,plum2
STRADB,plum2
STX11,plum2
SUCLG2,plum2
SUGT1P1,plum2
SUV420H2,plum2
SYNE1,plum2
SYT15,plum2
SYT2,plum2
TAAR2,plum2
TACR3,plum2
TAF6,plum2
TAP1,plum2
TBC1D20,plum2
TBC1D22A,plum2
TBCD,plum2
TBCK,plum2
TBL1XR1,plum2
TBX3,plum2
TCF19,plum2
TCP11L1,plum2
TCTN3,plum2
TDP1,plum2
TFAP2D,plum2
TGFA,plum2
TGM6,plum2
THADA,plum2
THBS1,plum2
THSD7A,plum2
TIMELESS,plum2
TIMP2,plum2
TJP2,plum2
TLK1,plum2
TM6SF1,plum2
TMED7-TICAM2,plum2
TMEM104,plum2
TMEM108,plum2
TMEM126A,plum2
TMEM132E,plum2
TMEM181,plum2
TMEM205,plum2
TMEM44,plum2
TMEM51,plum2
TMEM52,plum2
TMEM56,plum2
TMEM57,plum2
TMEM70,plum2
TMEM87B,plum2
TMEM93,plum2
TMEM99,plum2
TMSB10,plum2
TMTC3,plum2
TNFAIP3,plum2
TNK2,plum2
TNPO1,plum2
TP53BP2,plum2
TP53I13,plum2
TPD52L2,plum2
TPST1,plum2
TRANK1,plum2
TRAPPC2L,plum2
TRAPPC9,plum2
TREX1,plum2
TRIM27,plum2
TRIM31,plum2
TRIM39,plum2
TRIM58,plum2
TRIO,plum2
TRIP12,plum2
TRIP13,plum2
TRNP1,plum2
TROVE2,plum2
TRPC4,plum2
TSNAX-DISC1,plum2
TSPAN19,plum2
TTC22,plum2
TTC28,plum2
TTLL6,plum2
TUBAL3,plum2
TUBB,plum2
TXN2,plum2
UBE2E2,plum2
UBE2J2,plum2
UBE2QL1,plum2
UBE2T,plum2
UBE3A,plum2
UBR2,plum2
UBXN2B,plum2
UGP2,plum2
UNC45A,plum2
UNC5A,plum2
UNC93B1,plum2
UPP1,plum2
USP12,plum2
USP14,plum2
USP29,plum2
USP6NL,plum2
UTP11L,plum2
VCAN,plum2
VIM,plum2
VPS13D,plum2
VTI1A,plum2
WASF2,plum2
WASF3,plum2
WBP2,plum2
WBP2NL,plum2
WDHD1,plum2
WDR43,plum2
WDR60,plum2
WDR8,plum2
WNT3,plum2
WWOX,plum2
WWTR1,plum2
XPNPEP1,plum2
XPO6,plum2
YIF1A,plum2
YIPF1,plum2
YPEL2,plum2
ZAK,plum2
ZBTB12,plum2
ZC3H10,plum2
ZC3H12A,plum2
ZC3H14,plum2
ZC3H3,plum2
ZCCHC17,plum2
ZCWPW2,plum2
ZDBF2,plum2
ZFP28,plum2
ZFYVE28,plum2
ZIC4,plum2
ZIM2,plum2
ZMYM6,plum2
ZMYND12,plum2
ZMYND8,plum2
ZNF10,plum2
ZNF148,plum2
ZNF17,plum2
ZNF234,plum2
ZNF248,plum2
ZNF256,plum2
ZNF260,plum2
ZNF323,plum2
ZNF329,plum2
ZNF333,plum2
ZNF385A,plum2
ZNF440,plum2
ZNF502,plum2
ZNF509,plum2
ZNF577,plum2
ZNF585A,plum2
ZNF605,plum2
ZNF644,plum2
ZNF671,plum2
ZNF689,plum2
ZNF704,plum2
ZNF718,plum2
ZNF727,plum2
ZNF74,plum2
ZNF77,plum2
ZNF781,plum2
ZNF790,plum2
ZNF791,plum2
ZNF827,plum2
ZNF828,plum2
ZSCAN18,plum2
ZSCAN23,plum2
ZSWIM2,plum2
ZWINT,plum2
ZXDC,plum2
A2BP1,purple
A2ML1,purple
AAA1,purple
ABCB5,purple
ACAN,purple
ACAP2,purple
ACIN1,purple
ACP1,purple
ACSL1,purple
ACSL5,purple
ACTR3,purple
ACVR2A,purple
ACYP2,purple
ADAM22,purple
ADAMTS2,purple
ADCY2,purple
ADD3,purple
AGL,purple
AGPAT1,purple
AGPAT4,purple
AHSA2,purple
AIP,purple
AKT2,purple
ALDH4A1,purple
ALDH9A1,purple
ALG8,purple
ALOX12B,purple
ALS2CR4,purple
ALS2CR8,purple
ALX4,purple
ANGPT2,purple
ANKRD40,purple
ANKRD9,purple
ANO1,purple
ANO2,purple
ANP32A,purple
ANP32E,purple
ANTXR2,purple
AOX1,purple
APOBEC3G,purple
APOL4,purple
APOLD1,purple
APPL2,purple
AQP11,purple
ARFGAP2,purple
ARHGAP12,purple
ARHGEF1,purple
ARL13B,purple
ARL3,purple
ARL6IP6,purple
ARMC5,purple
ARNTL2,purple
ARPC3,purple
ART4,purple
ASAH1,purple
ASB13,purple
ASB14,purple
ASCC1,purple
ATAD2B,purple
ATF2,purple
ATG2A,purple
ATIC,purple
ATL2,purple
ATM,purple
ATP11A,purple
ATP1B2,purple
ATP5J,purple
ATP6V1B2,purple
ATPIF1,purple
ATXN7,purple
AURKC,purple
B2M,purple
B3GNTL1,purple
B4GALT1,purple
B9D2,purple
BACE2,purple
BAI1,purple
BCL11B,purple
BCL2L1,purple
BCL2L2,purple
BCL7A,purple
BCL9,purple
BHLHA15,purple
BIN1,purple
BMP2K,purple
BOP1,purple
BRD2,purple
BRIX1,purple
BRMS1L,purple
BRP44,purple
BRPF3,purple
BSN,purple
BTBD12,purple
BZW1,purple
C10ORF11,purple
C10ORF75,purple
C10ORF76,purple
C11ORF17,purple
C11ORF60,purple
C11ORF9,purple
C11ORF93,purple
C12ORF35,purple
C12ORF53,purple
C12ORF65,purple
C13ORF18,purple
C16ORF13,purple
C17ORF100,purple
C17ORF53,purple
C17ORF91,purple
C19ORF29,purple
C19ORF42,purple
C19ORF48,purple
C19ORF57,purple
C1D,purple
C1ORF173,purple
C1ORF175,purple
C1ORF69,purple
C1QL1,purple
C1S,purple
C20ORF111,purple
C20ORF117,purple
C20ORF199,purple
C20ORF20,purple
C20ORF56,purple
C20ORF94,purple
C20ORF95,purple
C2ORF42,purple
C2ORF89,purple
C3ORF55,purple
C4ORF29,purple
C4ORF36,purple
C5ORF45,purple
C5ORF56,purple
C6ORF105,purple
C6ORF106,purple
C6ORF114,purple
C6ORF136,purple
C6ORF141,purple
C6ORF162,purple
C6ORF173,purple
C6ORF72,purple
C7ORF42,purple
C7ORF46,purple
C7ORF65,purple
C7ORF68,purple
C8ORF39,purple
CABP1,purple
CACNG2,purple
CACYBP,purple
CADPS2,purple
CAGE1,purple
CALM1,purple
CALML3,purple
CAMK4,purple
CAPN2,purple
CASC3,purple
CBLC,purple
CBS,purple
CCDC135,purple
CCDC28B,purple
CCDC86,purple
CCNB1,purple
CCNF,purple
CCNI,purple
CCT6B,purple
CD8A,purple
CDC7,purple
CDK5RAP1,purple
CDR2L,purple
CDSN,purple
CELSR1,purple
CENPL,purple
CEP152,purple
CEPT1,purple
CFH,purple
CGB7,purple
CHCHD2,purple
CHCHD6,purple
CHD5,purple
CHID1,purple
CHMP7,purple
CHRNB2,purple
CINP,purple
CISH,purple
CLASP2,purple
CLCN3,purple
CLDN10,purple
CLEC16A,purple
CLEC1B,purple
CLTA,purple
CLVS2,purple
CMPK1,purple
CMTM4,purple
COIL,purple
COL23A1,purple
COL24A1,purple
COL27A1,purple
COL4A2,purple
COL4A3BP,purple
COL5A3,purple
COL6A1,purple
COL6A6,purple
COX17,purple
COX4NB,purple
CPT2,purple
CRNKL1,purple
CSE1L,purple
CSGALNACT1,purple
CSMD3,purple
CSPP1,purple
CSTF3,purple
CTBS,purple
CTNNA2,purple
CTSO,purple
CUL3,purple
CUX1,purple
CYLD,purple
CYP24A1,purple
CYP27C1,purple
CYP2U1,purple
DACH1,purple
DALRD3,purple
DAND5,purple
DAPK1,purple
DAXX,purple
DCAF17,purple
DCHS2,purple
DCLK1,purple
DCLRE1C,purple
DCTN3,purple
DDAH2,purple
DDIT4L,purple
DDX18,purple
DDX19A,purple
DDX50,purple
DENND2C,purple
DENND4B,purple
DHODH,purple
DHRS1,purple
DHX8,purple
DIAPH3,purple
DIDO1,purple
DIS3,purple
DKK2,purple
DLG1,purple
DLG2,purple
DLGAP3,purple
DLL3,purple
DNAH12,purple
DNAH2,purple
DNAH8,purple
DOK6,purple
DPH1,purple
DPH5,purple
DPP3,purple
DSN1,purple
DUSP19,purple
DUSP22,purple
DUT,purple
DYRK3,purple
DZIP3,purple
E4F1,purple
EDC3,purple
EDEM3,purple
EDIL3,purple
EEF2,purple
EFEMP1,purple
EFEMP2,purple
EFNA1,purple
EHBP1,purple
EIF2C2,purple
EIF2C3,purple
EIF4A3,purple
ELAVL4,purple
ELFN2,purple
EMX2,purple
ENSA,purple
EPHA7,purple
EPRS,purple
ERCC3,purple
ERCC4,purple
ERCC5,purple
ESPL1,purple
ESRRA,purple
ETAA1,purple
ETV5,purple
EXPH5,purple
EXT1,purple
EYA4,purple
EZH1,purple
FA2H,purple
FAM100A,purple
FAM115A,purple
FAM134C,purple
FAM165B,purple
FAM20A,purple
FAM64A,purple
FBXL18,purple
FBXO11,purple
FBXO31,purple
FBXO4,purple
FBXO9,purple
FBXW7,purple
FBXW8,purple
FEZF2,purple
FGF22,purple
FLG,purple
FLG2,purple
FLJ10357,purple
FLJ37453,purple
FLJ42709,purple
FMNL2,purple
FN1,purple
FOXN4,purple
FOXRED1,purple
FXYD2,purple
FXYD6,purple
FYTTD1,purple
G3BP2,purple
GADL1,purple
GALK2,purple
GALR1,purple
GAN,purple
GATAD2B,purple
GDF6,purple
GFPT1,purple
GGA1,purple
GGT7,purple
GJB2,purple
GLT25D1,purple
GLUD1,purple
GNAI2,purple
GNASAS,purple
GNG12,purple
GNS,purple
GPATCH4,purple
GPHN,purple
GPR108,purple
GPR137B,purple
GPR98,purple
GPRIN1,purple
GPT2,purple
GPX5,purple
GRB10,purple
GRM1,purple
GRN,purple
GTF2B,purple
GTF2IRD1,purple
GUCY2D,purple
GYG1,purple
HAMP,purple
HBXIP,purple
HCG22,purple
HCG27,purple
HCRTR2,purple
HDAC2,purple
HDAC3,purple
HDAC4,purple
HELT,purple
HERC4,purple
HIST1H2AG,purple
HIST1H2BF,purple
HIVEP2,purple
HIVEP3,purple
HLA-A,purple
HLA-DPB1,purple
HLA-F,purple
HLF,purple
HMGCR,purple
HMGN4,purple
HMGXB3,purple
HMGXB4,purple
HNRNPA2B1,purple
HNRNPC,purple
HOMER2,purple
HOXA9,purple
HOXD13,purple
HPS3,purple
HPSE,purple
HRG,purple
HSBP1,purple
HSD17B12,purple
HSF2,purple
HSP90AB1,purple
HSPH1,purple
IARS,purple
ID1,purple
IGSF8,purple
IKBKE,purple
IL1B,purple
IL1RAP,purple
ILF2,purple
INA,purple
INHBA,purple
INO80B,purple
INSIG2,purple
INTS8,purple
IP6K1,purple
IPP,purple
IQCC,purple
IQCE,purple
ISLR2,purple
ISOC1,purple
ITGB3,purple
ITGB3BP,purple
ITGB5,purple
JAM3,purple
JARID2,purple
KANK2,purple
KCND2,purple
KCNJ3,purple
KCNMA1,purple
KCNQ4,purple
KDELC2,purple
KDM2B,purple
KEAP1,purple
KIAA0895L,purple
KIAA1033,purple
KIAA1279,purple
KIAA1549,purple
KIAA1614,purple
KIAA1712,purple
KIF1A,purple
KIF21A,purple
KIF25,purple
KL,purple
KLF14,purple
KLF15,purple
KLF16,purple
KLF3,purple
KLHL12,purple
KLHL14,purple
KRAS,purple
KSR2,purple
L3MBTL3,purple
LANCL2,purple
LAPTM4A,purple
LEPROT,purple
LETM2,purple
LETMD1,purple
LHX5,purple
LIN54,purple
LMNA,purple
LMX1A,purple
LNPEP,purple
LOC100128731,purple
LOC100134713,purple
LOC100190939,purple
LOC100272217,purple
LOC100288730,purple
LOC148709,purple
LOC254559,purple
LOC338799,purple
LOC652276,purple
LOC93622,purple
LONRF2,purple
LPHN2,purple
LPXN,purple
LRFN2,purple
LRPAP1,purple
LRRC58,purple
LRRC67,purple
LRTOMT,purple
LYPLA1,purple
LYPLA2,purple
MAGI1,purple
MAGOHB,purple
MAP1B,purple
MAP2,purple
MAP2K7,purple
MAPT,purple
MAR-02,purple
MAST3,purple
MATN1,purple
MATR3,purple
MCCC2,purple
MCL1,purple
MEA1,purple
MECOM,purple
MEGF10,purple
MEGF11,purple
METT10D,purple
MEX3A,purple
MFHAS1,purple
MFSD6,purple
MGC23284,purple
MGC34034,purple
MGLL,purple
MICA,purple
MIR133B,purple
MIR19A,purple
MIR548N,purple
MIR632,purple
MITF,purple
MLLT11,purple
MLX,purple
MLXIP,purple
MNS1,purple
MOBKL3,purple
MRI1,purple
MRPL1,purple
MRPL14,purple
MRPL19,purple
MRPL51,purple
MRPS28,purple
MRVI1,purple
MSI2,purple
MTA1,purple
MTERFD3,purple
MTHFS,purple
MTMR3,purple
MTMR9,purple
MTUS1,purple
MUL1,purple
MYH10,purple
MYO3A,purple
MYO5B,purple
MYOD1,purple
MYOF,purple
MYRIP,purple
MYST2,purple
N4BP2,purple
NADSYN1,purple
NALCN,purple
NANP,purple
NANS,purple
NAP1L4,purple
NAT15,purple
NCEH1,purple
NCRNA00171,purple
NCRNA00219,purple
NDUFA4,purple
NDUFS8,purple
NECAP2,purple
NFATC3,purple
NFKB2,purple
NFKBIL1,purple
NGDN,purple
NHLRC2,purple
NIF3L1,purple
NIPBL,purple
NKX2-5,purple
NOTCH4,purple
NPAS2,purple
NPLOC4,purple
NPPC,purple
NPTX2,purple
NPY5R,purple
NRBP1,purple
NSMCE2,purple
NTF3,purple
NUDCD2,purple
NUDT6,purple
NUPL2,purple
NXPH1,purple
NXPH3,purple
OCIAD1,purple
ODF1,purple
ODZ4,purple
OLFML2B,purple
OPCML,purple
OR4K2,purple
OR5B3,purple
OR5V1,purple
OS9,purple
OSBP2,purple
OSBPL1A,purple
OSGEPL1,purple
OSTC,purple
OSTM1,purple
OTUB2,purple
P2RX6,purple
P4HA1,purple
P4HTM,purple
PAIP2,purple
PAMR1,purple
PAOX,purple
PARP11,purple
PARP12,purple
PARP2,purple
PARVB,purple
PBX2,purple
PDCD10,purple
PDE1A,purple
PDE1C,purple
PDE4A,purple
PDE4B,purple
PDE7B,purple
PDGFC,purple
PEA15,purple
PECI,purple
PERP,purple
PEX7,purple
PGP,purple
PHF1,purple
PHF14,purple
PIAS1,purple
PIGM,purple
PIK3CD,purple
PIP4K2A,purple
PIP5K1B,purple
PLEC1,purple
PLEKHA7,purple
PLEKHG4B,purple
PLEKHG5,purple
PLEKHH1,purple
PLLP,purple
PLOD2,purple
PMVK,purple
PNKD,purple
POLDIP3,purple
POLK,purple
POLQ,purple
PON1,purple
POU5F1,purple
POU6F2,purple
PPIC,purple
PPM1G,purple
PPM1K,purple
PPP1R11,purple
PPP1R13B,purple
PPP1R3B,purple
PPP1R3E,purple
PPT2,purple
PRDM13,purple
PRDM16,purple
PRDM2,purple
PREPL,purple
PRH1,purple
PRKCZ,purple
PRPF8,purple
PRR3,purple
PRRT3,purple
PRTFDC1,purple
PSMA1,purple
PSMB5,purple
PSMC3,purple
PTPN14,purple
PTPRG,purple
PTPRN2,purple
PUSL1,purple
PYCR1,purple
QPCT,purple
QRFPR,purple
QSER1,purple
QTRT1,purple
RAB3A,purple
RAB43,purple
RAB6A,purple
RAC1,purple
RAD50,purple
RAD51,purple
RALA,purple
RAN,purple
RAP1B,purple
RAP1GAP2,purple
RASA1,purple
RASGRP3,purple
RASSF8,purple
RBM24,purple
RBM33,purple
RBMS1,purple
RCE1,purple
RCOR1,purple
REEP1,purple
RELT,purple
RHOBTB1,purple
RIBC2,purple
RIMS3,purple
RIOK2,purple
RIPPLY2,purple
RMND5B,purple
RNASE4,purple
RNASEH2A,purple
RNF169,purple
RNF181,purple
RNF187,purple
RNF220,purple
RNF6,purple
ROCK2,purple
RORA,purple
RPF1,purple
RPH3AL,purple
RPL13,purple
RPL36AL,purple
RPL9,purple
RPRD1B,purple
RPS18,purple
RPSA,purple
RRM2B,purple
RSPO1,purple
RTDR1,purple
RTN3,purple
RTN4,purple
RUFY1,purple
RWDD2A,purple
SARS2,purple
SART3,purple
SCAMP5,purple
SDC2,purple
SDC3,purple
SEMA3D,purple
SEMA5B,purple
SEMA6A,purple
SEMA6B,purple
SENP2,purple
SEP-02,purple
SEPW1,purple
SERINC4,purple
SETMAR,purple
SF3B4,purple
SFRS16,purple
SFXN5,purple
SGCE,purple
SH3PXD2B,purple
SHANK1,purple
SHANK2,purple
SIK2,purple
SIRT5,purple
SIRT7,purple
SIX1,purple
SKA2,purple
SLC22A15,purple
SLC25A11,purple
SLC25A33,purple
SLC27A1,purple
SLC27A2,purple
SLC29A1,purple
SLC29A3,purple
SLC2A10,purple
SLC32A1,purple
SLC39A11,purple
SLC39A8,purple
SLC40A1,purple
SLC5A6,purple
SLC6A15,purple
SLC8A1,purple
SLFN12,purple
SLTM,purple
SMARCA5,purple
SMARCD3,purple
SMCHD1,purple
SMEK2,purple
SMG6,purple
SMG7,purple
SMYD3,purple
SNAI1,purple
SNED1,purple
SNHG12,purple
SNHG5,purple
SNORA76,purple
SNORD1C,purple
SNORD27,purple
SNORD45C,purple
SNTB1,purple
SNTG2,purple
SNX6,purple
SOCS2,purple
SORCS2,purple
SORCS3,purple
SOX11,purple
SOX2OT,purple
SOX5,purple
SPATA17,purple
SPATS2,purple
SPG7,purple
SPRED1,purple
SPRY4,purple
SPSB4,purple
SPTBN1,purple
SRD5A3,purple
SREBF2,purple
SRFBP1,purple
SRI,purple
ST7,purple
ST7L,purple
STARD3NL,purple
STK4,purple
STOX2,purple
STX5,purple
SUOX,purple
SUV420H1,purple
SYNCRIP,purple
SYT6,purple
SYT9,purple
SYTL2,purple
TACC2,purple
TAGLN2,purple
TARBP1,purple
TARS,purple
TBC1D20,purple
TBX5,purple
TCEA2,purple
TCEB3B,purple
TCFL5,purple
TCHH,purple
TCTE1,purple
TFAP2D,purple
TFB1M,purple
TFCP2,purple
TGFB2,purple
TGM2,purple
THOC7,purple
TIGD3,purple
TIMM8B,purple
TLX3,purple
TM9SF2,purple
TMED1,purple
TMED10,purple
TMEM106B,purple
TMEM108,purple
TMEM135,purple
TMEM147,purple
TMEM17,purple
TMEM170B,purple
TMEM178,purple
TMEM194A,purple
TMEM216,purple
TMEM22,purple
TMEM41B,purple
TMEM74,purple
TNNT3,purple
TNR,purple
TOLLIP,purple
TOP1P2,purple
TOP3A,purple
TOR1AIP2,purple
TPCN1,purple
TRA2B,purple
TRAF3,purple
TRAPPC6A,purple
TRAPPC9,purple
TRIB3,purple
TRIM14,purple
TRIM2,purple
TRIM31,purple
TRIM54,purple
TRIM8,purple
TRIO,purple
TRNAU1AP,purple
TRPS1,purple
TRUB1,purple
TSC22D2,purple
TSNARE1,purple
TSPAN12,purple
TSPAN19,purple
TSPAN31,purple
TTC1,purple
TTC31,purple
TTC32,purple
TTC9,purple
TTL,purple
TTLL3,purple
TTLL6,purple
TTLL9,purple
TUBA1A,purple
TUBB,purple
TUBB2A,purple
TUT1,purple
TXNDC6,purple
TXNRD1,purple
U2AF2,purple
UBA52,purple
UBC,purple
UBE2F,purple
UBE2U,purple
UBE2V1,purple
UBE2Z,purple
UBR4,purple
UBXN1,purple
UGP2,purple
UGT1A10,purple
UNC84A,purple
USF2,purple
USP10,purple
USP18,purple
USP24,purple
USP38,purple
USP47,purple
USP5,purple
USP8,purple
UTP11L,purple
VARS2,purple
VAX1,purple
VDR,purple
VGLL4,purple
VHL,purple
VPS13A,purple
VPS8,purple
WAC,purple
WAPAL,purple
WDFY3,purple
WDR27,purple
WDR7,purple
WIZ,purple
WRNIP1,purple
WWP2,purple
XRCC5,purple
XRCC6BP1,purple
YBX1,purple
YWHAZ,purple
ZBTB16,purple
ZBTB4,purple
ZBTB42,purple
ZBTB8A,purple
ZBTB9,purple
ZC3H18,purple
ZC3H3,purple
ZCCHC17,purple
ZCCHC3,purple
ZDHHC13,purple
ZDHHC20,purple
ZEB1,purple
ZFP1,purple
ZFPL1,purple
ZFYVE28,purple
ZFYVE9,purple
ZNF138,purple
ZNF165,purple
ZNF174,purple
ZNF184,purple
ZNF195,purple
ZNF200,purple
ZNF287,purple
ZNF343,purple
ZNF398,purple
ZNF445,purple
ZNF500,purple
ZNF512,purple
ZNF544,purple
ZNF552,purple
ZNF572,purple
ZNF575,purple
ZNF642,purple
ZNF649,purple
ZNF652,purple
ZNF684,purple
ZNF695,purple
ZNF784,purple
ZNF791,purple
ZNF84,purple
ZNF845,purple
ZNF93,purple
ZRANB1,purple
ZSCAN21,purple
ZWINT,purple
A2BP1,red
ABCA1,red
ABCB9,red
ABCC9,red
ABCD3,red
ABCG5,red
ACAT1,red
ACAT2,red
ACBD6,red
ACBD7,red
ACCS,red
ACLY,red
ACOX3,red
ACTR2,red
ADAL,red
ADAMTS12,red
ADAR,red
ADCK2,red
ADCY1,red
ADCY10,red
ADCY6,red
ADIPOR2,red
ADRB2,red
AFAP1L1,red
AFF1,red
AGFG1,red
AGTPBP1,red
AIFM2,red
AIG1,red
AKAP8,red
AKD1,red
AKT2,red
ALG14,red
ALG9,red
AMDHD1,red
AMIGO1,red
AMIGO3,red
AMMECR1L,red
ANAPC7,red
ANG,red
ANK1,red
ANKH,red
ANKRD11,red
ANKRD13A,red
ANKRD37,red
ANKRD39,red
ANKS1B,red
ANLN,red
ANO3,red
AP3B2,red
AP4E1,red
APAF1,red
APH1B,red
ARAP1,red
ARCN1,red
ARF4,red
ARF5,red
ARGLU1,red
ARHGAP26,red
ARHGEF1,red
ARHGEF17,red
ARID3B,red
ARIH2,red
ARL13B,red
ARL2,red
ARL4A,red
ARL5A,red
ARMC9,red
ARNT2,red
ARPC1A,red
ARPC4,red
ARPC5,red
ART5,red
ASAH1,red
ASAP2,red
ASNSD1,red
ASZ1,red
ATAD2B,red
ATAD5,red
ATF4,red
ATF6B,red
ATIC,red
ATP10D,red
ATP2C1,red
ATP5SL,red
ATP6V1A,red
ATPBD4,red
ATPGD1,red
ATXN3,red
B3GALT2,red
B3GALT4,red
B3GAT3,red
BACH1,red
BAI3,red
BANP,red
BARX2,red
BAT1,red
BAT2,red
BAT3,red
BAZ2A,red
BBS10,red
BBS12,red
BCAS3,red
BCL6,red
BDNF,red
BDNFOS,red
BFAR,red
BFSP1,red
BIRC6,red
BIVM,red
BLOC1S2,red
BMP7,red
BNIP3,red
BOC,red
BOD1,red
BPGM,red
BRD2,red
BRI3BP,red
BRPF1,red
BRPF3,red
BSDC1,red
BTBD12,red
BTBD3,red
BTBD8,red
BTG1,red
BTN3A1,red
BTRC,red
C10ORF128,red
C10ORF2,red
C10ORF26,red
C10ORF46,red
C10ORF72,red
C11ORF54,red
C11ORF58,red
C11ORF83,red
C12ORF57,red
C12ORF72,red
C12ORF73,red
C14ORF1,red
C14ORF23,red
C15ORF43,red
C15ORF61,red
C16ORF53,red
C17ORF28,red
C17ORF71,red
C17ORF79,red
C18ORF55,red
C19ORF10,red
C19ORF35,red
C19ORF48,red
C19ORF53,red
C19ORF60,red
C19ORF75,red
C1ORF123,red
C1ORF131,red
C1ORF204,red
C1ORF229,red
C1ORF25,red
C1ORF31,red
C1ORF86,red
C1QL1,red
C20ORF4,red
C20ORF94,red
C20ORF96,red
C22ORF30,red
C22ORF34,red
C2ORF52,red
C2ORF77,red
C3ORF19,red
C3ORF26,red
C3ORF55,red
C3ORF58,red
C4ORF34,red
C4ORF46,red
C5ORF13,red
C5ORF33,red
C5ORF45,red
C5ORF47,red
C5ORF56,red
C6ORF10,red
C6ORF108,red
C6ORF218,red
C6ORF226,red
C7ORF36,red
C7ORF55,red
C8ORF41,red
C8ORF56,red
C8ORF83,red
C9ORF6,red
CABYR,red
CACNB3,red
CACNG8,red
CALM1,red
CALM3,red
CAMLG,red
CAMSAP1,red
CANT1,red
CAPRIN2,red
CATSPERG,red
CBLN3,red
CCDC104,red
CCDC134,red
CCDC138,red
CCDC14,red
CCDC21,red
CCDC24,red
CCDC43,red
CCDC49,red
CCDC53,red
CCDC6,red
CCDC77,red
CCDC92,red
CCK,red
CCNI2,red
CCR10,red
CD1D,red
CD247,red
CD320,red
CD63,red
CDC42EP4,red
CDC6,red
CDGAP,red
CDH10,red
CDH7,red
CDK15,red
CDK5R1,red
CDKAL1,red
CDKL1,red
CDS2,red
CEMP1,red
CEND1,red
CENPK,red
CENPN,red
CENPT,red
CENPV,red
CEP350,red
CEP63,red
CEP70,red
CEP97,red
CES7,red
CFL2,red
CHD7,red
CHFR,red
CHMP1B,red
CHRNA1,red
CHUK,red
CLDN10,red
CLK1,red
CLK4,red
CLNS1A,red
CLU,red
CNKSR3,red
CNRIP1,red
CNST,red
CNTN5,red
COASY,red
COBL,red
COG3,red
COG5,red
COG6,red
COG7,red
COL13A1,red
COL4A3,red
COL6A1,red
COMMD7,red
COPS3,red
COPZ1,red
CORO1B,red
CORO7,red
COX5A,red
CPA4,red
CPAMD8,red
CPOX,red
CPSF2,red
CRABP1,red
CRAMP1L,red
CREB1,red
CREB5,red
CREBBP,red
CRK,red
CROT,red
CRYL1,red
CSF1,red
CSNK1A1L,red
CTHRC1,red
CTNNA2,red
CTNNAL1,red
CTNNB1,red
CTNNBL1,red
CTTNBP2,red
CTXN2,red
CUGBP2,red
CUX2,red
CXCL12,red
CYHR1,red
DAGLB,red
DAPK3,red
DBN1,red
DCAF11,red
DCAF4,red
DCLK2,red
DCTN4,red
DCUN1D4,red
DDHD2,red
DDIT4,red
DDRGK1,red
DDX59,red
DEK,red
DERL1,red
DET1,red
DGKZ,red
DGUOK,red
DHRS1,red
DHRS11,red
DHRS12,red
DHRS3,red
DKFZP761E198,red
DKK3,red
DLAT,red
DNAH9,red
DNAJA3,red
DNAJB6,red
DNAJC1,red
DNAJC10,red
DNAJC5B,red
DNAJC6,red
DNAL4,red
DNTTIP2,red
DPF1,red
DPH2,red
DPYSL3,red
DPYSL4,red
DRD4,red
DSCAM,red
DSEL,red
DSTYK,red
DUOX1,red
DUSP6,red
DYNC1I2,red
DYNC1LI1,red
DYRK1A,red
E2F6,red
EDC3,red
EFCAB2,red
EFHD1,red
EGFLAM,red
EGLN3,red
EHBP1,red
EHMT2,red
EIF2AK1,red
EIF2AK2,red
EIF3A,red
EIF4B,red
EIF4ENIF1,red
ELAVL2,red
ELL,red
ELMO2,red
ELOVL5,red
EML3,red
EML6,red
EMP3,red
EP300,red
EPB41L3,red
EPB41L4A,red
EPHA10,red
EPN2,red
ERBB2,red
ERC2,red
ERLEC1,red
ERLIN2,red
ESF1,red
ESRRG,red
ESYT2,red
ETAA1,red
ETV1,red
EXOC2,red
EXOC4,red
FADD,red
FAM111A,red
FAM117B,red
FAM119B,red
FAM124A,red
FAM126A,red
FAM13C,red
FAM149B1,red
FAM155A,red
FAM169A,red
FAM184A,red
FAM20B,red
FAM53B,red
FAM5B,red
FAM64A,red
FAM78B,red
FAM82B,red
FAM96B,red
FAM98C,red
FANCF,red
FBXL4,red
FBXL6,red
FBXO44,red
FCN3,red
FDXR,red
FGF4,red
FHOD3,red
FIGNL2,red
FLJ10213,red
FLOT1,red
FMN2,red
FNBP1,red
FOSL2,red
FOXA1,red
FOXF2,red
FOXN4,red
FOXO3,red
FUCA1,red
G3BP1,red
GABBR1,red
GABRA1,red
GABRA2,red
GABRB1,red
GABRG3,red
GAL3ST3,red
GALK1,red
GALNT9,red
GATM,red
GCOM1,red
GDAP1,red
GDAP2,red
GEMIN6,red
GGCX,red
GGTA1,red
GLB1L2,red
GLDN,red
GLT8D1,red
GMDS,red
GMEB1,red
GNA12,red
GNAI3,red
GNG4,red
GNL3,red
GNPNAT1,red
GOLGA5,red
GOLIM4,red
GOLPH3L,red
GOPC,red
GORASP1,red
GPHN,red
GPM6A,red
GPR113,red
GPR123,red
GPR125,red
GPR137B,red
GPR158,red
GPR161,red
GPR39,red
GPSM3,red
GREB1L,red
GRM8,red
GSK3B,red
GSR,red
GTF2H4,red
GTF3C1,red
GUK1,red
HABP4,red
HAPLN4,red
HAUS4,red
HCG4,red
HCP5,red
HDAC5,red
HDAC9,red
HEATR4,red
HECA,red
HECTD1,red
HEMK1,red
HIPK2,red
HIPK3,red
HIST1H2AG,red
HIST1H2BE,red
HLA-DPB1,red
HLA-DPB2,red
HLA-DRB1,red
HLX,red
HM13,red
HMGA1,red
HMGCR,red
HMOX2,red
HNRNPC,red
HNRNPF,red
HNRNPR,red
HNRNPU,red
HOXC4,red
HOXC8,red
HSD11B1,red
HSDL2,red
HSF2,red
HSPB1,red
HSPC072,red
HSPH1,red
HTR2A,red
ICMT,red
IDO2,red
IGFBP3,red
IGFBP5,red
IKBKB,red
IL11,red
ING3,red
INPP1,red
INPP5A,red
INPP5B,red
INSIG1,red
INSR,red
INTS6,red
IQCA1,red
IQCB1,red
IRF2BP1,red
IRF3,red
IRS2,red
ISCU,red
ISPD,red
ITPA,red
ITPKA,red
ITPR2,red
IWS1,red
JAKMIP1,red
JARID2,red
KBTBD10,red
KBTBD12,red
KBTBD2,red
KCNE1,red
KCNIP3,red
KCNMB3,red
KCNQ1DN,red
KCTD19,red
KCTD3,red
KDM2B,red
KDM4C,red
KHDRBS2,red
KIAA0020,red
KIAA0090,red
KIAA0528,red
KIAA0649,red
KIAA0748,red
KIAA0907,red
KIAA1012,red
KIAA1026,red
KIAA1217,red
KIAA1407,red
KIAA1429,red
KIAA1530,red
KIAA1737,red
KIF15,red
KIF18A,red
KIFC1,red
KLF17,red
KLF6,red
KLHDC9,red
KLHL2,red
KLHL22,red
KMO,red
KPNA4,red
KRAS,red
KRT7,red
KRTCAP2,red
LAMA1,red
LAPTM4A,red
LDB1,red
LDHB,red
LENG1,red
LHPP,red
LHX4,red
LIMCH1,red
LIN28B,red
LMF1,red
LMO1,red
LMO2,red
LMO3,red
LNX1,red
LOC100190940,red
LOC100306951,red
LOC145814,red
LOC146336,red
LOC150568,red
LOC151658,red
LOC282997,red
LOC285033,red
LOC285548,red
LOC286016,red
LOC388588,red
LOC401463,red
LOC645323,red
LOC646851,red
LOC728743,red
LOC729467,red
LOC729678,red
LPCAT1,red
LPP,red
LPPR4,red
LRGUK,red
LRIG2,red
LRP4,red
LRRC3B,red
LRRC45,red
LRRC49,red
LTBP2,red
LUC7L2,red
LY6G5C,red
LYRM1,red
LYSMD3,red
LYST,red
MAD1L1,red
MAFK,red
MAML2,red
MAP2,red
MAP3K13,red
MAP3K9,red
MAP4K1,red
MAPK1,red
MAPK10,red
MAR-01,red
MAR-06,red
MAR-08,red
MARCKS,red
MARVELD1,red
MBTPS1,red
MCF2L,red
MCFD2,red
MCL1,red
MCOLN3,red
MED10,red
MED12L,red
MED25,red
MED6,red
MEIS1,red
MEIS2,red
MESDC2,red
METTL14,red
MFN1,red
MFSD1,red
MGST1,red
MIB2,red
MIER3,red
MIF4GD,red
MIR10A,red
MLX,red
MMP15,red
MMP7,red
MNAT1,red
MOBKL3,red
MON2,red
MORC1,red
MORN4,red
MOV10,red
MRO,red
MRPL1,red
MRPL18,red
MRPL23,red
MRPL46,red
MRPL48,red
MRPL54,red
MRPS14,red
MRPS18A,red
MRPS18B,red
MSH2,red
MSI2,red
MSRA,red
MTDH,red
MTERFD2,red
MTHFD1L,red
MTHFS,red
MTIF3,red
MTMR10,red
MTMR12,red
MUC21,red
MUM1,red
MXD4,red
MYBBP1A,red
MYBL1,red
MYC,red
MYL12B,red
MYO15A,red
MYO18A,red
MYO1B,red
MYO9A,red
MYT1L,red
N4BP3,red
N6AMT1,red
NAA35,red
NADSYN1,red
NAPB,red
NAT2,red
NAT8L,red
NCEH1,red
NCLN,red
NCOA4,red
NCOR1,red
NDUFA2,red
NDUFA4L2,red
NDUFA6,red
NDUFS5,red
NEFL,red
NEK1,red
NEK11,red
NF1,red
NFATC2,red
NFATC3,red
NFIA,red
NFIB,red
NFYC,red
NGLY1,red
NLRX1,red
NME1,red
NNT,red
NOTCH1,red
NPAS3,red
NPR3,red
NPY1R,red
NR1D1,red
NR2E1,red
NR6A1,red
NRBP1,red
NRD1,red
NRF1,red
NRG2,red
NRXN1,red
NSMCE1,red
NT5DC1,red
NTM,red
NTNG2,red
NUDT15,red
NUDT22,red
NUP160,red
NUP188,red
NUP210,red
NUP214,red
NUSAP1,red
NXN,red
NXNL2,red
NXPH2,red
NXPH3,red
ONECUT2,red
OPRL1,red
OR10A4,red
OR52B2,red
OR6A2,red
OS9,red
OSBPL8,red
OSR2,red
OSTN,red
OTUD4,red
OTUD6B,red
OTUD7B,red
OXGR1,red
PACRG,red
PACS2,red
PAG1,red
PANK1,red
PANK4,red
PAPSS2,red
PAQR3,red
PAQR9,red
PARK2,red
PARL,red
PCDH1,red
PCDH20,red
PCDHB10,red
PCDHB6,red
PCOLCE2,red
PCOTH,red
PCYT2,red
PDCD2,red
PDCD6,red
PDCD7,red
PDE4A,red
PDE4D,red
PDE4DIP,red
PDE6B,red
PDGFRA,red
PDIA4,red
PDIA6,red
PDK2,red
PDLIM3,red
PDLIM5,red
PDX1,red
PER1,red
PEX13,red
PFN2,red
PGGT1B,red
PGLS,red
PGR,red
PHC3,red
PHF14,red
PHF20,red
PHF7,red
PHTF1,red
PIAS4,red
PIF1,red
PIK3R3,red
PIN1,red
PIP4K2B,red
PJA2,red
PKNOX2,red
PLA2G16,red
PLCXD2,red
PLD1,red
PLEKHG1,red
PLEKHJ1,red
PLEKHM3,red
PLEKHO1,red
PML,red
PNMT,red
PNRC2,red
POGZ,red
POLD3,red
POLR3E,red
POT1,red
POU2F1,red
PPARA,red
PPDPF,red
PPFIA2,red
PPIL1,red
PPL,red
PPM1E,red
PPM1F,red
PPM1J,red
PPOX,red
PPP2R2B,red
PPP2R2C,red
PPP2R5B,red
PPP4C,red
PPT2,red
PPWD1,red
PRC1,red
PRDM16,red
PRDM8,red
PRDX6,red
PREPL,red
PRHOXNB,red
PRIM1,red
PRKAB1,red
PRKAR1B,red
PRKAR2B,red
PRKCE,red
PRND,red
PROCR,red
PROK2,red
PROSC,red
PRPF31,red
PRPSAP2,red
PRR3,red
PRRG4,red
PRSS12,red
PRSS27,red
PRSS35,red
PSENEN,red
PSMB10,red
PSMB8,red
PSTPIP2,red
PTBP1,red
PTCRA,red
PTGFR,red
PTK2,red
PTK2B,red
PTP4A1,red
PTPRF,red
PTPRG,red
PTPRK,red
PTPRM,red
PTPRN2,red
PTS,red
PTTG1,red
PUS7L,red
PVRL3,red
R3HCC1,red
RAB10,red
RAB1B,red
RAB30,red
RAB3A,red
RAB5A,red
RAB5B,red
RACGAP1,red
RAD51AP2,red
RAD54B,red
RAE1,red
RALGAPA2,red
RAP1GAP,red
RAPGEF6,red
RARA,red
RARRES1,red
RASA1,red
RASEF,red
RASGRF1,red
RASSF7,red
RBBP4,red
RBBP6,red
RBM12,red
RBM14,red
RBM23,red
RBM34,red
RBPJL,red
RECK,red
REEP6,red
REL,red
REPIN1,red
RFT1,red
RFX1,red
RGL2,red
RGS2,red
RHBDF2,red
RHOB,red
RHOBTB1,red
RHOT1,red
RHOT2,red
RNASEH2B,red
RNF135,red
RNF145,red
RNF39,red
RNGTT,red
RNMTL1,red
RNU6ATAC,red
ROBLD3,red
ROGDI,red
ROPN1L,red
RORA,red
RP5-1022P6.2,red
RPAP2,red
RPL13AP5,red
RPL9,red
RPLP0,red
RPP14,red
RPP21,red
RPRD1A,red
RPS6KA2,red
RPSA,red
RRAS2,red
RSPRY1,red
RTBDN,red
RTN4,red
RUNX1T1,red
RUVBL1,red
S1PR1,red
SAP30L,red
SART3,red
SC4MOL,red
SCAP,red
SCARNA16,red
SCG3,red
SCN1B,red
SCN4B,red
SDAD1,red
SDC2,red
SDK1,red
SDR39U1,red
SEC1,red
SEC22A,red
SEC22B,red
SEC22C,red
SELV,red
SEMA3E,red
SEMA6D,red
SERGEF,red
SERPINB5,red
SERTAD1,red
SF3B1,red
SFRS2IP,red
SFXN5,red
SGCD,red
SGEF,red
SGMS1,red
SGSM3,red
SH2B3,red
SH3RF3,red
SHF,red
SHKBP1,red
SHMT1,red
SIAH1,red
SIRT5,red
SKIL,red
SLC16A1,red
SLC25A36,red
SLC25A44,red
SLC2A4,red
SLC30A3,red
SLC35B4,red
SLC35D1,red
SLC35E4,red
SLC39A1,red
SLC39A9,red
SLC3A2,red
SLC48A1,red
SLC4A4,red
SLC6A15,red
SLC6A20,red
SLFN13,red
SLIT3,red
SLITRK3,red
SLU7,red
SMAD1,red
SMAD7,red
SMARCA5,red
SMARCC1,red
SMC3,red
SNAP91,red
SNAPIN,red
SNCA,red
SNHG11,red
SNHG3-RCC1,red
SNORA26,red
SNORD1C,red
SNORD45C,red
SNRPD2,red
SNX26,red
SNX32,red
SNX7,red
SOLH,red
SON,red
SORCS3,red
SOX9,red
SPAG1,red
SPATS2,red
SPEN,red
SPNS2,red
SPNS3,red
SPOCK2,red
SPOCK3,red
SPTBN4,red
SREBF1,red
SREBF2,red
SRI,red
SRPK1,red
SSFA2,red
SSPN,red
SSTR1,red
ST7OT4,red
ST8SIA4,red
STARD3,red
STEAP1,red
STK25,red
STT3B,red
STX4,red
SUB1,red
SUCLA2,red
SUPV3L1,red
SVEP1,red
SYN2,red
SYNE1,red
SYNPO,red
SYNPO2,red
SYNRG,red
TACO1,red
TACR1,red
TAF13,red
TAF4,red
TAOK3,red
TAPBP,red
TBC1D1,red
TBC1D14,red
TBC1D15,red
TBC1D17,red
TBC1D19,red
TBCA,red
TBCEL,red
TBCK,red
TBX15,red
TBX2,red
TBX5,red
TBXAS1,red
TCEB3,red
TCF4,red
TCHP,red
TCP1,red
TCP11L1,red
TCTEX1D1,red
TEX14,red
TFAM,red
TGFBR1,red
THAP1,red
THOC5,red
TJP1,red
TLL2,red
TMBIM6,red
TMEM101,red
TMEM106B,red
TMEM11,red
TMEM146,red
TMEM14B,red
TMEM161B,red
TMEM17,red
TMEM179B,red
TMEM184C,red
TMEM194A,red
TMEM229B,red
TMEM38A,red
TMEM39B,red
TMEM55A,red
TMEM65,red
TMEM68,red
TMEM74,red
TMOD1,red
TMTC1,red
TMX1,red
TNFAIP8L3,red
TNFRSF10B,red
TNIK,red
TNIP1,red
TNRC18,red
TNRC6A,red
TNS3,red
TOM1L2,red
TOP1,red
TOR1AIP2,red
TP53I11,red
TPD52L2,red
TPP1,red
TPP2,red
TPR,red
TRIM2,red
TRIM27,red
TRIM28,red
TRIM3,red
TRIM46,red
TRIM66,red
TRIM67,red
TRIP12,red
TRMT11,red
TRPC1,red
TRPC4,red
TRPC6,red
TRPS1,red
TSG101,red
TSKU,red
TSPO,red
TTC15,red
TTC32,red
TTLL3,red
TTPA,red
TTYH1,red
TTYH3,red
TUB,red
TXNDC9,red
TXNL4A,red
UBA5,red
UBE2CBP,red
UBE2D2,red
UBE2G1,red
UBE2Q2,red
UBE2QP1,red
UBE2V1,red
UBE3B,red
UBP1,red
UBQLN3,red
UFD1L,red
ULK3,red
UNC5C,red
UNC84A,red
UPF2,red
UQCC,red
UQCRB,red
USF1,red
USP1,red
USP2,red
USP42,red
USP5,red
USP7,red
USP8,red
UTP23,red
VAMP3,red
VCAN,red
VEGFB,red
VIPR1,red
VKORC1L1,red
VNN3,red
VPS52,red
VRK3,red
VTI1B,red
WASF1,red
WBSCR16,red
WDR27,red
WDR53,red
WDR6,red
WDR60,red
WDR69,red
WDR77,red
WDR90,red
WEE1,red
WIZ,red
WNK4,red
WRAP53,red
YJEFN3,red
YPEL2,red
ZBTB16,red
ZBTB20,red
ZBTB3,red
ZBTB4,red
ZBTB5,red
ZC3H13,red
ZC3H15,red
ZC3H4,red
ZC3H6,red
ZDHHC14,red
ZDHHC16,red
ZDHHC4,red
ZEB2,red
ZFP82,red
ZFP90,red
ZFYVE9,red
ZMYM1,red
ZMYND11,red
ZNF143,red
ZNF155,red
ZNF16,red
ZNF200,red
ZNF214,red
ZNF259,red
ZNF266,red
ZNF281,red
ZNF322A,red
ZNF331,red
ZNF343,red
ZNF350,red
ZNF365,red
ZNF394,red
ZNF395,red
ZNF425,red
ZNF426,red
ZNF445,red
ZNF483,red
ZNF486,red
ZNF501,red
ZNF502,red
ZNF528,red
ZNF530,red
ZNF563,red
ZNF606,red
ZNF615,red
ZNF678,red
ZNF692,red
ZNF780B,red
ZNF804A,red
ZNF862,red
ZNRF1,red
ZZZ3,red
A2ML1,royalblue
AARS,royalblue
ABCA4,royalblue
ABCB11,royalblue
ABCC8,royalblue
ABCE1,royalblue
ABI2,royalblue
ACACA,royalblue
ACBD3,royalblue
ACCN4,royalblue
ACER2,royalblue
ACOXL,royalblue
ACTL6A,royalblue
ACTR1A,royalblue
ACTR3C,royalblue
ADAMTS2,royalblue
ADAMTS6,royalblue
ADARB2,royalblue
AGAP1,royalblue
AK3,royalblue
AKAP13,royalblue
AKR1E2,royalblue
ALS2,royalblue
ALX3,royalblue
ANAPC1,royalblue
ANK1,royalblue
ANKLE2,royalblue
ANKZF1,royalblue
AP2B1,royalblue
APCDD1,royalblue
API5,royalblue
APOBEC3H,royalblue
APOF,royalblue
APOM,royalblue
APP,royalblue
AQP1,royalblue
ARHGEF18,royalblue
ARID2,royalblue
ARID5B,royalblue
ARL2BP,royalblue
ARL5B,royalblue
ARMC8,royalblue
ARMS2,royalblue
ARRDC4,royalblue
ARSA,royalblue
ASAP1,royalblue
ASL,royalblue
ASNSD1,royalblue
ATAD1,royalblue
ATG16L2,royalblue
ATL1,royalblue
ATP5J,royalblue
ATP6V1H,royalblue
ATP8A2,royalblue
ATP9B,royalblue
ATPIF1,royalblue
ATRNL1,royalblue
AUTS2,royalblue
BAT5,royalblue
BAZ2B,royalblue
BCAP29,royalblue
BCAT1,royalblue
BCL2L11,royalblue
BDNF,royalblue
BMPR2,royalblue
BOC,royalblue
BPIL3,royalblue
BRD2,royalblue
BRIP1,royalblue
BRIX1,royalblue
BTN2A2,royalblue
BUD13,royalblue
BZW2,royalblue
C10ORF18,royalblue
C10ORF2,royalblue
C11ORF73,royalblue
C11ORF75,royalblue
C11ORF9,royalblue
C12ORF4,royalblue
C12ORF57,royalblue
C13ORF37,royalblue
C14ORF138,royalblue
C14ORF182,royalblue
C14ORF23,royalblue
C14ORF50,royalblue
C14ORF73,royalblue
C15ORF32,royalblue
C16ORF7,royalblue
C17ORF108,royalblue
C17ORF49,royalblue
C18ORF20,royalblue
C1ORF124,royalblue
C1ORF190,royalblue
C1ORF223,royalblue
C1ORF54,royalblue
C20ORF117,royalblue
C20ORF96,royalblue
C3ORF15,royalblue
C3ORF31,royalblue
C4ORF34,royalblue
C4ORF52,royalblue
C5ORF33,royalblue
C5ORF38,royalblue
C5ORF48,royalblue
C6ORF10,royalblue
C6ORF165,royalblue
C6ORF201,royalblue
C6ORF204,royalblue
C6ORF57,royalblue
C7ORF29,royalblue
C7ORF55,royalblue
C7ORF58,royalblue
C8ORF80,royalblue
C9ORF167,royalblue
C9ORF21,royalblue
C9ORF40,royalblue
C9ORF64,royalblue
C9ORF75,royalblue
CAB39,royalblue
CABC1,royalblue
CACNA2D1,royalblue
CACNB4,royalblue
CALCR,royalblue
CALU,royalblue
CAMTA1,royalblue
CAPN5,royalblue
CASP5,royalblue
CATSPER3,royalblue
CAV1,royalblue
CC2D1A,royalblue
CCDC15,royalblue
CCDC28A,royalblue
CCDC53,royalblue
CCDC61,royalblue
CCDC69,royalblue
CCDC83,royalblue
CCDC86,royalblue
CCDC97,royalblue
CCNA1,royalblue
CCNA2,royalblue
CCNE2,royalblue
CCT5,royalblue
CD109,royalblue
CD164,royalblue
CD2AP,royalblue
CD47,royalblue
CD55,royalblue
CD6,royalblue
CDC25C,royalblue
CDC42BPA,royalblue
CDH26,royalblue
CDK13,royalblue
CDKN1A,royalblue
CDS2,royalblue
CDT1,royalblue
CDX1,royalblue
CEP120,royalblue
CEP152,royalblue
CEP55,royalblue
CFLAR,royalblue
CHCHD4,royalblue
CHRNA5,royalblue
CLASP1,royalblue
CLEC9A,royalblue
CLOCK,royalblue
CLPS,royalblue
CLSTN3,royalblue
CLUAP1,royalblue
CMTM3,royalblue
CMTM6,royalblue
CNOT2,royalblue
COBRA1,royalblue
COL11A2,royalblue
COL17A1,royalblue
COL23A1,royalblue
COLEC10,royalblue
COPZ1,royalblue
COQ10A,royalblue
COX7A2L,royalblue
COX7C,royalblue
CPVL,royalblue
CRBN,royalblue
CREG2,royalblue
CREM,royalblue
CRP,royalblue
CSF1,royalblue
CSMD2,royalblue
CSNK2A1P,royalblue
CSTF3,royalblue
CUL4A,royalblue
CUL5,royalblue
CYP2C8,royalblue
CYP2D7P1,royalblue
CYP2W1,royalblue
DAB1,royalblue
DAB2IP,royalblue
DAD1L,royalblue
DAG1,royalblue
DAXX,royalblue
DAZAP2,royalblue
DCBLD2,royalblue
DCLK2,royalblue
DCP1A,royalblue
DDX28,royalblue
DENND1A,royalblue
DHRS4L1,royalblue
DHX36,royalblue
DHX8,royalblue
DIAPH3,royalblue
DIP2C,royalblue
DLC1,royalblue
DMXL2,royalblue
DNAJC16,royalblue
DNAJC30,royalblue
DNHD1,royalblue
DOCK1,royalblue
DPP4,royalblue
DTNB,royalblue
DYNC1I1,royalblue
DYNC2LI1,royalblue
DYX1C1,royalblue
DZIP1,royalblue
E2F8,royalblue
EBAG9,royalblue
EBF1,royalblue
EDC3,royalblue
EDNRA,royalblue
EDNRB,royalblue
EHMT1,royalblue
EID2,royalblue
EIF3D,royalblue
ELK4,royalblue
EMP3,royalblue
EN1,royalblue
ENOX1,royalblue
EP400,royalblue
EPB41L2,royalblue
EPB41L5,royalblue
EPN1,royalblue
EPS8L1,royalblue
ERGIC2,royalblue
ERI3,royalblue
ESCO1,royalblue
ETNK1,royalblue
EVX1,royalblue
EXOC6,royalblue
EXOC7,royalblue
EXPH5,royalblue
EXT2,royalblue
FAM102B,royalblue
FAM107B,royalblue
FAM116A,royalblue
FAM129B,royalblue
FAM134B,royalblue
FAM164C,royalblue
FAM189A2,royalblue
FAM190A,royalblue
FAM194A,royalblue
FAM19A2,royalblue
FAM53C,royalblue
FAM65B,royalblue
FANCF,royalblue
FARP1,royalblue
FASTKD1,royalblue
FAT3,royalblue
FBN2,royalblue
FBXO16,royalblue
FBXO34,royalblue
FBXO6,royalblue
FBXO7,royalblue
FBXW7,royalblue
FCF1,royalblue
FEZF2,royalblue
FGF18,royalblue
FGFR1,royalblue
FGFR4,royalblue
FHAD1,royalblue
FIGLA,royalblue
FIGN,royalblue
FLJ32810,royalblue
FMN1,royalblue
FNDC3A,royalblue
FNDC3B,royalblue
FNIP1,royalblue
FOXG1,royalblue
FOXP1,royalblue
FRMD1,royalblue
FRMD4A,royalblue
FRMD5,royalblue
FRMD6,royalblue
FRRS1,royalblue
FRZB,royalblue
FTH1,royalblue
FYN,royalblue
G0S2,royalblue
G6PC,royalblue
GABBR1,royalblue
GALNT2,royalblue
GALR1,royalblue
GBA,royalblue
GBX1,royalblue
GDPD1,royalblue
GEM,royalblue
GEMIN6,royalblue
GIMAP6,royalblue
GLIPR1L2,royalblue
GMDS,royalblue
GMPR2,royalblue
GNAO1,royalblue
GNL1,royalblue
GNPTG,royalblue
GNRH1,royalblue
GPR113,royalblue
GPR149,royalblue
GPR177,royalblue
GPR98,royalblue
GPRIN3,royalblue
GRIK4,royalblue
GRIN2A,royalblue
GRM4,royalblue
GRM6,royalblue
GSTCD,royalblue
GTF2F2,royalblue
GTF2H4,royalblue
GTPBP10,royalblue
GXYLT2,royalblue
H3F3B,royalblue
HARS2,royalblue
HAS3,royalblue
HBS1L,royalblue
HCCA2,royalblue
HECW1,royalblue
HERC4,royalblue
HEXIM1,royalblue
HIF1AN,royalblue
HIPK1,royalblue
HIRA,royalblue
HIST1H1D,royalblue
HIST1H2BN,royalblue
HIVEP1,royalblue
HK3,royalblue
HLA-DOA,royalblue
HLA-DPA1,royalblue
HLA-DPB1,royalblue
HLA-E,royalblue
HMMR,royalblue
HNRNPA0,royalblue
HNRNPK,royalblue
HNRNPU,royalblue
HNRNPUL1,royalblue
HOXC10,royalblue
HOXC9,royalblue
HOXD11,royalblue
HPCAL1,royalblue
HPSE2,royalblue
HSD17B12,royalblue
HSF1,royalblue
HSF2,royalblue
HSPA1B,royalblue
HSPA1L,royalblue
HSPC072,royalblue
HYOU1,royalblue
IAH1,royalblue
IDH3B,royalblue
IGF1R,royalblue
IGF2BP2,royalblue
IGFBP3,royalblue
IGFL4,royalblue
IGSF11,royalblue
IGSF3,royalblue
IL12RB2,royalblue
IL1RAP,royalblue
IMMP2L,royalblue
INCA1,royalblue
INCENP,royalblue
ING5,royalblue
INPP5B,royalblue
INSL5,royalblue
INTS7,royalblue
IQGAP2,royalblue
ITGA4,royalblue
ITGBL1,royalblue
ITPKB,royalblue
ITSN1,royalblue
JAGN1,royalblue
JARID2,royalblue
JPH3,royalblue
KARS,royalblue
KBTBD6,royalblue
KCNA10,royalblue
KCNAB1,royalblue
KCND2,royalblue
KCNH5,royalblue
KCNJ8,royalblue
KCNN2,royalblue
KCTD14,royalblue
KDM1A,royalblue
KDM3A,royalblue
KHDRBS1,royalblue
KIAA0754,royalblue
KIAA1033,royalblue
KIAA1377,royalblue
KIAA1688,royalblue
KIAA1731,royalblue
KIAA1841,royalblue
KIF14,royalblue
KIF25,royalblue
KLF6,royalblue
KLHL17,royalblue
KLHL7,royalblue
KLK14,royalblue
KNDC1,royalblue
KRT72,royalblue
KRTAP5-11,royalblue
KSR2,royalblue
KYNU,royalblue
LAMB1,royalblue
LAMC1,royalblue
LAMP3,royalblue
LASS6,royalblue
LBR,royalblue
LCOR,royalblue
LEFTY1,royalblue
LETM1,royalblue
LMF1,royalblue
LMNA,royalblue
LMO3,royalblue
LMTK2,royalblue
LOC100129716,royalblue
LOC100130015,royalblue
LOC153328,royalblue
LOC286016,royalblue
LOC342346,royalblue
LOC388946,royalblue
LOC400657,royalblue
LOC493754,royalblue
LOC619207,royalblue
LOC729338,royalblue
LONP2,royalblue
LPAR3,royalblue
LPIN2,royalblue
LPPR4,royalblue
LRCH3,royalblue
LRDD,royalblue
LRP1B,royalblue
LRRC2,royalblue
LRRC47,royalblue
LRRC8C,royalblue
LRWD1,royalblue
LSM5,royalblue
LUC7L,royalblue
LY6G5C,royalblue
LY75,royalblue
LYG2,royalblue
LYSMD2,royalblue
LZIC,royalblue
LZTFL1,royalblue
MAD1L1,royalblue
MAF,royalblue
MAP2K1,royalblue
MAPKSP1,royalblue
MAR-08,royalblue
MARCKS,royalblue
MATN3,royalblue
MATN4,royalblue
MATR3,royalblue
MBNL1,royalblue
MCOLN3,royalblue
MED12L,royalblue
MEF2C,royalblue
MEGF8,royalblue
METTL10,royalblue
METTL13,royalblue
METTL14,royalblue
MFGE8,royalblue
MFSD9,royalblue
MGMT,royalblue
MIER3,royalblue
MIR1182,royalblue
MIR1246,royalblue
MIR548F1,royalblue
MIR548F3,royalblue
MITF,royalblue
MKLN1,royalblue
MLH1,royalblue
MORN1,royalblue
MPPED2,royalblue
MRPL15,royalblue
MRPL32,royalblue
MRPL34,royalblue
MRPL36,royalblue
MRPS12,royalblue
MRPS18A,royalblue
MRTO4,royalblue
MTCH2,royalblue
MTF2,royalblue
MTMR9,royalblue
MTNR1B,royalblue
MYLIP,royalblue
MYLK,royalblue
MYO6,royalblue
MYST1,royalblue
NAPA,royalblue
NBR1,royalblue
NCK2,royalblue
NCKAP5,royalblue
NCKIPSD,royalblue
NCOA2,royalblue
NDUFA3,royalblue
NEDD4,royalblue
NELL1,royalblue
NEURL1B,royalblue
NFATC1,royalblue
NFATC3,royalblue
NMUR1,royalblue
NOSTRIN,royalblue
NPM1,royalblue
NPR2,royalblue
NQO2,royalblue
NR3C2,royalblue
NSF,royalblue
NSUN4,royalblue
NUBPL,royalblue
NUDT13,royalblue
NUP205,royalblue
NVL,royalblue
NXPH2,royalblue
OLIG3,royalblue
OR13A1,royalblue
OR1K1,royalblue
OR2C1,royalblue
OR2V2,royalblue
OR51S1,royalblue
OR5K2,royalblue
OSMR,royalblue
OSR2,royalblue
OSTC,royalblue
OXCT1,royalblue
PAG1,royalblue
PAN2,royalblue
PAN3,royalblue
PARS2,royalblue
PAX9,royalblue
PCCB,royalblue
PCDH8,royalblue
PCDHB8,royalblue
PCDP1,royalblue
PCGF3,royalblue
PCM1,royalblue
PCOLCE2,royalblue
PCYOX1L,royalblue
PCYT1A,royalblue
PDCD2,royalblue
PDE12,royalblue
PDE1C,royalblue
PDE2A,royalblue
PDSS1,royalblue
PEX11G,royalblue
PFKL,royalblue
PGD,royalblue
PHF19,royalblue
PITPNB,royalblue
PJA2,royalblue
PKDREJ,royalblue
PLA2G6,royalblue
PLCL1,royalblue
PLCZ1,royalblue
PLD4,royalblue
PLEKHB2,royalblue
PLIN2,royalblue
PLSCR1,royalblue
PNKD,royalblue
PNPLA6,royalblue
POLR3A,royalblue
POMT1,royalblue
POT1,royalblue
PPIL4,royalblue
PPP1R11,royalblue
PPP1R1C,royalblue
PPP2R1B,royalblue
PPP2R2D,royalblue
PPP2R5C,royalblue
PPP3CB,royalblue
PRDM13,royalblue
PRDM6,royalblue
PREX1,royalblue
PRKACA,royalblue
PRKD1,royalblue
PRPF3,royalblue
PRPF40B,royalblue
PRPF4B,royalblue
PRPS1L1,royalblue
PSMB1,royalblue
PSMB3,royalblue
PSMB4,royalblue
PSMB8,royalblue
PSMC2,royalblue
PSMD9,royalblue
PTCHD2,royalblue
PTER,royalblue
PTGS2,royalblue
PTMS,royalblue
PTPN13,royalblue
PTPRG,royalblue
PTPRN2,royalblue
PVT1,royalblue
RAB14,royalblue
RAB36,royalblue
RAB5B,royalblue
RAB6A,royalblue
RABL3,royalblue
RAD18,royalblue
RAI14,royalblue
RALGPS2,royalblue
RARB,royalblue
RASA2,royalblue
RASA3,royalblue
RASGEF1B,royalblue
RBBP9,royalblue
RBM27,royalblue
RC3H2,royalblue
RCL1,royalblue
RDBP,royalblue
RELN,royalblue
REXO2,royalblue
RFC5,royalblue
RFWD3,royalblue
RGS14,royalblue
RGS21,royalblue
RHCG,royalblue
RIC8B,royalblue
RIN1,royalblue
RND3,royalblue
RNF141,royalblue
RNF5P1,royalblue
RNFT1,royalblue
RNMT,royalblue
RNPS1,royalblue
ROBO2,royalblue
RORA,royalblue
RP9P,royalblue
RPH3AL,royalblue
RPL7L1,royalblue
RPS7,royalblue
RTN2,royalblue
RUNX1T1,royalblue
SATB2,royalblue
SBK1,royalblue
SCAMP5,royalblue
SCGB2A2,royalblue
SCT,royalblue
SDCCAG1,royalblue
SEC14L2,royalblue
SEC22B,royalblue
SEC23IP,royalblue
SELM,royalblue
SELS,royalblue
SEMA5A,royalblue
SENP1,royalblue
SEP-09,royalblue
SEPHS2,royalblue
SERPINF1,royalblue
SESN3,royalblue
SF3B14,royalblue
SF3B5,royalblue
SFMBT2,royalblue
SFXN5,royalblue
SHANK2,royalblue
SHF,royalblue
SHOX2,royalblue
SIL1,royalblue
SIP1,royalblue
SKAP2,royalblue
SKIV2L2,royalblue
SLC10A4,royalblue
SLC12A8,royalblue
SLC16A9,royalblue
SLC22A17,royalblue
SLC24A4,royalblue
SLC25A17,royalblue
SLC25A21,royalblue
SLC25A23,royalblue
SLC25A3,royalblue
SLC25A37,royalblue
SLC2A1,royalblue
SLC35B2,royalblue
SLC35B4,royalblue
SLC35E3,royalblue
SLC35F2,royalblue
SLC37A4,royalblue
SLC38A6,royalblue
SLC39A7,royalblue
SLC40A1,royalblue
SLC4A2,royalblue
SLC8A3,royalblue
SLITRK5,royalblue
SMAD6,royalblue
SMAP1,royalblue
SMC2,royalblue
SMEK1,royalblue
SMOC1,royalblue
SMTN,royalblue
SMTNL2,royalblue
SND1,royalblue
SNHG4,royalblue
SNHG9,royalblue
SNRNP200,royalblue
SNTB2,royalblue
SNX10,royalblue
SNX11,royalblue
SNX19,royalblue
SOCS6,royalblue
SOSTDC1,royalblue
SOX12,royalblue
SOX2OT,royalblue
SOX4,royalblue
SPATA24,royalblue
SPATA5,royalblue
SPG7,royalblue
SPIRE2,royalblue
SPRED1,royalblue
SPRN,royalblue
SPRR3,royalblue
SRGAP1,royalblue
SRRT,royalblue
SSH1,royalblue
SSR2,royalblue
ST3GAL2,royalblue
ST6GALNAC5,royalblue
STAMBP,royalblue
STARD13,royalblue
STAU2,royalblue
STK3,royalblue
STK39,royalblue
STRADA,royalblue
STXBP5L,royalblue
SUGT1P1,royalblue
SULF1,royalblue
SVIL,royalblue
SYNE1,royalblue
SYNGAP1,royalblue
SYT7,royalblue
TAAR9,royalblue
TAF4,royalblue
TAP1,royalblue
TAP2,royalblue
TAS2R5,royalblue
TAS2R7,royalblue
TBC1D10B,royalblue
TBC1D17,royalblue
TBC1D19,royalblue
TBC1D4,royalblue
TBL2,royalblue
TCERG1L,royalblue
TCF3,royalblue
TCTE1,royalblue
TDH,royalblue
TDRD1,royalblue
TECTA,royalblue
TECTB,royalblue
TFRC,royalblue
TGFB1,royalblue
THOC5,royalblue
THRB,royalblue
THSD1P,royalblue
TIAM2,royalblue
TICAM1,royalblue
TIMM8B,royalblue
TMC1,royalblue
TMED7,royalblue
TMED7-TICAM2,royalblue
TMEM101,royalblue
TMEM131,royalblue
TMEM14A,royalblue
TMEM150C,royalblue
TMEM206,royalblue
TMEM231,royalblue
TMEM5,royalblue
TMEM63B,royalblue
TMEM97,royalblue
TMPRSS11E,royalblue
TMTC1,royalblue
TMTC2,royalblue
TNFAIP8,royalblue
TNK1,royalblue
TNKS1BP1,royalblue
TNPO1,royalblue
TNRC6A,royalblue
TOM1L1,royalblue
TOP2A,royalblue
TOP3B,royalblue
TOR3A,royalblue
TP53,royalblue
TP63,royalblue
TPM1,royalblue
TRAF3IP1,royalblue
TRAFD1,royalblue
TRH,royalblue
TRIB1,royalblue
TRIM27,royalblue
TRIM31,royalblue
TRIM40,royalblue
TRIM6-TRIM34,royalblue
TRIM67,royalblue
TRIM7,royalblue
TRIT1,royalblue
TRPM3,royalblue
TRRAP,royalblue
TSPAN5,royalblue
TTC23,royalblue
TTN,royalblue
TWF1,royalblue
TYSND1,royalblue
UACA,royalblue
UBA52,royalblue
UBE2CBP,royalblue
UBE2H,royalblue
UBE2I,royalblue
UBE2J1,royalblue
UBE2Q1,royalblue
UBXN2B,royalblue
UEVLD,royalblue
UGGT1,royalblue
UGGT2,royalblue
UHRF1,royalblue
UNC84A,royalblue
UNKL,royalblue
UROD,royalblue
UTP15,royalblue
VAC14,royalblue
VASH1,royalblue
VEGFC,royalblue
VEZF1,royalblue
VGLL4,royalblue
VPS13D,royalblue
VPS52,royalblue
VPS72,royalblue
VSTM1,royalblue
VSTM2A,royalblue
VTA1,royalblue
VTI1A,royalblue
VWA3B,royalblue
WDR20,royalblue
WDR65,royalblue
WDR75,royalblue
WDSUB1,royalblue
WIBG,royalblue
WIPI2,royalblue
WNK2,royalblue
WNT16,royalblue
WNT2,royalblue
WRN,royalblue
WSB1,royalblue
XKR6,royalblue
XPO1,royalblue
XRCC4,royalblue
YEATS2,royalblue
YLPM1,royalblue
YWHAZ,royalblue
ZBTB8B,royalblue
ZBTB9,royalblue
ZC3H18,royalblue
ZDHHC2,royalblue
ZDHHC5,royalblue
ZFPM1,royalblue
ZFYVE1,royalblue
ZFYVE21,royalblue
ZKSCAN2,royalblue
ZMIZ1,royalblue
ZNF114,royalblue
ZNF219,royalblue
ZNF224,royalblue
ZNF248,royalblue
ZNF250,royalblue
ZNF276,royalblue
ZNF285A,royalblue
ZNF311,royalblue
ZNF32,royalblue
ZNF322A,royalblue
ZNF323,royalblue
ZNF330,royalblue
ZNF366,royalblue
ZNF385B,royalblue
ZNF397,royalblue
ZNF407,royalblue
ZNF460,royalblue
ZNF471,royalblue
ZNF474,royalblue
ZNF546,royalblue
ZNF585B,royalblue
ZNF608,royalblue
ZNF619,royalblue
ZNF646,royalblue
ZNF680,royalblue
ZNF681,royalblue
ZNF76,royalblue
ZNF827,royalblue
ZNF830,royalblue
ZNF833,royalblue
ZSCAN22,royalblue
AARSD1,saddlebrown
ABCC12,saddlebrown
ABCD2,saddlebrown
ABR,saddlebrown
ACAD10,saddlebrown
ACSF2,saddlebrown
ACVR1,saddlebrown
ACVR2A,saddlebrown
ADAL,saddlebrown
ADAMTS16,saddlebrown
ADCYAP1,saddlebrown
ADHFE1,saddlebrown
AEBP2,saddlebrown
AES,saddlebrown
AFF4,saddlebrown
AFTPH,saddlebrown
AGBL3,saddlebrown
AGRN,saddlebrown
AICDA,saddlebrown
AJAP1,saddlebrown
ALG8,saddlebrown
ANAPC11,saddlebrown
ANGEL1,saddlebrown
ANGPTL5,saddlebrown
ANKH,saddlebrown
ANKRD27,saddlebrown
ANKRD52,saddlebrown
ANKS3,saddlebrown
ANP32E,saddlebrown
APEH,saddlebrown
ARHGAP1,saddlebrown
ARHGEF1,saddlebrown
ARID1B,saddlebrown
ARL13B,saddlebrown
ARMC4,saddlebrown
ARRB1,saddlebrown
ASCL2,saddlebrown
ASCL3,saddlebrown
ASNS,saddlebrown
ASRGL1,saddlebrown
ATAD3A,saddlebrown
ATF6B,saddlebrown
ATG16L2,saddlebrown
ATG2B,saddlebrown
ATG5,saddlebrown
ATP10D,saddlebrown
ATP13A1,saddlebrown
ATP2C1,saddlebrown
ATP5B,saddlebrown
ATP5G3,saddlebrown
ATP5SL,saddlebrown
ATP6V0E2,saddlebrown
ATP8B3,saddlebrown
ATP9B,saddlebrown
ATXN1,saddlebrown
AVL9,saddlebrown
B3GNT8,saddlebrown
B4GALNT1,saddlebrown
B4GALNT4,saddlebrown
B4GALT5,saddlebrown
B4GALT7,saddlebrown
BAD,saddlebrown
BAT4,saddlebrown
BAZ1B,saddlebrown
BCL7A,saddlebrown
BHLHE23,saddlebrown
BLOC1S1,saddlebrown
BMPR1B,saddlebrown
BPESC1,saddlebrown
BPNT1,saddlebrown
BRD2,saddlebrown
BRP44L,saddlebrown
BRSK2,saddlebrown
BTBD7,saddlebrown
BTBD9,saddlebrown
C10ORF41,saddlebrown
C11ORF1,saddlebrown
C11ORF68,saddlebrown
C11ORF92,saddlebrown
C12ORF42,saddlebrown
C12ORF62,saddlebrown
C13ORF1,saddlebrown
C13ORF35,saddlebrown
C14ORF101,saddlebrown
C14ORF145,saddlebrown
C15ORF23,saddlebrown
C16ORF13,saddlebrown
C16ORF63,saddlebrown
C17ORF63,saddlebrown
C17ORF81,saddlebrown
C18ORF22,saddlebrown
C1ORF101,saddlebrown
C1ORF144,saddlebrown
C1ORF57,saddlebrown
C1ORF70,saddlebrown
C1QBP,saddlebrown
C20ORF194,saddlebrown
C20ORF3,saddlebrown
C20ORF30,saddlebrown
C21ORF91,saddlebrown
C2ORF18,saddlebrown
C2ORF42,saddlebrown
C3ORF63,saddlebrown
C4ORF10,saddlebrown
C4ORF19,saddlebrown
C4ORF3,saddlebrown
C5ORF38,saddlebrown
C6ORF120,saddlebrown
C7ORF10,saddlebrown
C7ORF50,saddlebrown
C9ORF91,saddlebrown
CACNG8,saddlebrown
CADPS2,saddlebrown
CALB2,saddlebrown
CALCR,saddlebrown
CALU,saddlebrown
CAMK1D,saddlebrown
CAMTA2,saddlebrown
CARS,saddlebrown
CASC4,saddlebrown
CASQ2,saddlebrown
CASR,saddlebrown
CAST,saddlebrown
CCDC65,saddlebrown
CCDC90A,saddlebrown
CCL20,saddlebrown
CCND2,saddlebrown
CCNT2,saddlebrown
CD200,saddlebrown
CD2AP,saddlebrown
CD8A,saddlebrown
CDADC1,saddlebrown
CDAN1,saddlebrown
CDC2,saddlebrown
CDCA4,saddlebrown
CDH17,saddlebrown
CDK1,saddlebrown
CDK12,saddlebrown
CDNF,saddlebrown
CDYL,saddlebrown
CENPF,saddlebrown
CENPO,saddlebrown
CENPT,saddlebrown
CERK,saddlebrown
CES7,saddlebrown
CHD1,saddlebrown
CHD1L,saddlebrown
CHRM2,saddlebrown
CHRNB2,saddlebrown
CHST1,saddlebrown
CITED2,saddlebrown
CITED4,saddlebrown
CKAP2,saddlebrown
CKAP4,saddlebrown
CKAP5,saddlebrown
CKS1B,saddlebrown
CLEC2B,saddlebrown
CLNS1A,saddlebrown
CMPK2,saddlebrown
CNTNAP2,saddlebrown
COG3,saddlebrown
COG6,saddlebrown
COL13A1,saddlebrown
COMMD9,saddlebrown
COPB2,saddlebrown
COPZ2,saddlebrown
CPSF6,saddlebrown
CRIPT,saddlebrown
CRISPLD2,saddlebrown
CRLS1,saddlebrown
CRYBA4,saddlebrown
CSMD2,saddlebrown
CSMD3,saddlebrown
CSNK1A1,saddlebrown
CST3,saddlebrown
CTHRC1,saddlebrown
CTSZ,saddlebrown
CTTNBP2,saddlebrown
CYB5B,saddlebrown
CYB5D1,saddlebrown
CYBA,saddlebrown
CYC1,saddlebrown
CYTH2,saddlebrown
DAB1,saddlebrown
DAB2IP,saddlebrown
DACH1,saddlebrown
DAD1,saddlebrown
DARS,saddlebrown
DAZAP1,saddlebrown
DCUN1D2,saddlebrown
DDAH2,saddlebrown
DDC,saddlebrown
DDRGK1,saddlebrown
DDX17,saddlebrown
DDX50,saddlebrown
DGAT1,saddlebrown
DGUOK,saddlebrown
DHRS9,saddlebrown
DHX30,saddlebrown
DHX34,saddlebrown
DIO3,saddlebrown
DIRC3,saddlebrown
DLGAP1,saddlebrown
DLL4,saddlebrown
DNAH10,saddlebrown
DNAJC24,saddlebrown
DNAJC6,saddlebrown
DNAJC8,saddlebrown
DNAL4,saddlebrown
DPCR1,saddlebrown
DPF1,saddlebrown
DPF3,saddlebrown
DPP6,saddlebrown
DPP8,saddlebrown
DPY19L1,saddlebrown
DPYSL3,saddlebrown
DSCR9,saddlebrown
DTX4,saddlebrown
DUSP1,saddlebrown
DYNC2H1,saddlebrown
E2F6,saddlebrown
E2F7,saddlebrown
E2F8,saddlebrown
EBF3,saddlebrown
EFHA2,saddlebrown
EFNA1,saddlebrown
EFNA5,saddlebrown
EHBP1,saddlebrown
EID2,saddlebrown
EIF1B,saddlebrown
EIF2B2,saddlebrown
EIF2B4,saddlebrown
EIF4A3,saddlebrown
EIF4G2,saddlebrown
EIF5B,saddlebrown
ELOF1,saddlebrown
ELOVL6,saddlebrown
EMILIN2,saddlebrown
EPB41L4B,saddlebrown
ESRRG,saddlebrown
EXO1,saddlebrown
EXOSC2,saddlebrown
FABP3,saddlebrown
FAM101A,saddlebrown
FAM115A,saddlebrown
FAM134A,saddlebrown
FAM135A,saddlebrown
FAM155A,saddlebrown
FAM160B1,saddlebrown
FAM164A,saddlebrown
FAM168A,saddlebrown
FAM170A,saddlebrown
FAM171A1,saddlebrown
FAM198B,saddlebrown
FAM48A,saddlebrown
FAM5B,saddlebrown
FAM78B,saddlebrown
FANCC,saddlebrown
FBRSL1,saddlebrown
FBXO3,saddlebrown
FBXO33,saddlebrown
FDFT1,saddlebrown
FGF1,saddlebrown
FGF22,saddlebrown
FKBP3,saddlebrown
FKBPL,saddlebrown
FLAD1,saddlebrown
FLJ37453,saddlebrown
FLOT1,saddlebrown
FLRT2,saddlebrown
FMO5,saddlebrown
FNBP1L,saddlebrown
FOXA1,saddlebrown
FOXB2,saddlebrown
FOXJ1,saddlebrown
FOXN3,saddlebrown
FOXO3,saddlebrown
FOXP1,saddlebrown
FTH1,saddlebrown
FUCA2,saddlebrown
FUT10,saddlebrown
FXYD7,saddlebrown
GABARAP,saddlebrown
GABPB1,saddlebrown
GABPB2,saddlebrown
GABRA1,saddlebrown
GAD1,saddlebrown
GADL1,saddlebrown
GAS5,saddlebrown
GATA5,saddlebrown
GDNF,saddlebrown
GLB1,saddlebrown
GLRA1,saddlebrown
GLS,saddlebrown
GNB2L1,saddlebrown
GNPDA2,saddlebrown
GOPC,saddlebrown
GPC5,saddlebrown
GPR113,saddlebrown
GPR133,saddlebrown
GPR155,saddlebrown
GPR158,saddlebrown
GPSM2,saddlebrown
GRID1,saddlebrown
GRIK4,saddlebrown
GRM1,saddlebrown
GSN,saddlebrown
GSTO2,saddlebrown
GTF2E2,saddlebrown
H2AFV,saddlebrown
H2AFY2,saddlebrown
HCCA2,saddlebrown
HDAC4,saddlebrown
HDAC7,saddlebrown
HDLBP,saddlebrown
HELT,saddlebrown
HES1,saddlebrown
HIAT1,saddlebrown
HIBCH,saddlebrown
HIP1R,saddlebrown
HMGCR,saddlebrown
HNRNPA3,saddlebrown
HNRNPR,saddlebrown
HOOK3,saddlebrown
HOXA3,saddlebrown
HOXC4,saddlebrown
HRASLS2,saddlebrown
HRNBP3,saddlebrown
HSD17B14,saddlebrown
HSPA13,saddlebrown
HSPH1,saddlebrown
HTR2A,saddlebrown
HTR4,saddlebrown
HYDIN,saddlebrown
IFI16,saddlebrown
IGF1R,saddlebrown
IHH,saddlebrown
IL5,saddlebrown
INTS1,saddlebrown
INTS5,saddlebrown
INTU,saddlebrown
IRF2BP2,saddlebrown
IRS2,saddlebrown
ITPKB,saddlebrown
JAM2,saddlebrown
JOSD1,saddlebrown
JUNB,saddlebrown
KCNC2,saddlebrown
KCNMA1,saddlebrown
KCNQ1,saddlebrown
KIAA0319,saddlebrown
KIAA0495,saddlebrown
KIAA0586,saddlebrown
KIAA0664,saddlebrown
KIAA0895L,saddlebrown
KIAA1462,saddlebrown
KIAA1609,saddlebrown
KIAA1688,saddlebrown
KIF26B,saddlebrown
KIF9,saddlebrown
KLF5,saddlebrown
KLHDC3,saddlebrown
KLHL24,saddlebrown
KLHL32,saddlebrown
KMO,saddlebrown
KNG1,saddlebrown
KREMEN1,saddlebrown
KRT5,saddlebrown
LAMA3,saddlebrown
LDB2,saddlebrown
LEFTY1,saddlebrown
LEMD3,saddlebrown
LEPREL1,saddlebrown
LHFPL5,saddlebrown
LHX9,saddlebrown
LIAS,saddlebrown
LIN7A,saddlebrown
LINS1,saddlebrown
LMO4,saddlebrown
LOC100130691,saddlebrown
LOC100302652,saddlebrown
LOC149620,saddlebrown
LOC285627,saddlebrown
LOC344967,saddlebrown
LOC387647,saddlebrown
LOC389458,saddlebrown
LOC399959,saddlebrown
LOC401463,saddlebrown
LOC641746,saddlebrown
LOC729082,saddlebrown
LOC93622,saddlebrown
LPP,saddlebrown
LPPR4,saddlebrown
LRFN5,saddlebrown
LRIT1,saddlebrown
LRP3,saddlebrown
LRP5,saddlebrown
LRRC20,saddlebrown
LRRC33,saddlebrown
LRRC42,saddlebrown
LRRC8C,saddlebrown
LRRC8D,saddlebrown
LY6K,saddlebrown
LYPD1,saddlebrown
LYPLA2,saddlebrown
LYPLAL1,saddlebrown
LZTR1,saddlebrown
LZTS2,saddlebrown
MAD1L1,saddlebrown
MAGI3,saddlebrown
MAGOH,saddlebrown
MALAT1,saddlebrown
MAP1S,saddlebrown
MAP2K4,saddlebrown
MAP4K1,saddlebrown
MAP7D1,saddlebrown
MAPK4,saddlebrown
MAPKAPK2,saddlebrown
MAPKAPK3,saddlebrown
MBNL2,saddlebrown
MBTD1,saddlebrown
MCF2L,saddlebrown
MDH1B,saddlebrown
MED10,saddlebrown
MED25,saddlebrown
MEF2C,saddlebrown
METTL4,saddlebrown
METTL9,saddlebrown
MFAP1,saddlebrown
MFN1,saddlebrown
MGA,saddlebrown
MGEA5,saddlebrown
MGRN1,saddlebrown
MIIP,saddlebrown
MIR1248,saddlebrown
MIR1281,saddlebrown
MIR137,saddlebrown
MIR564,saddlebrown
MIR636,saddlebrown
MLL3,saddlebrown
MMP17,saddlebrown
MOBKL3,saddlebrown
MON1B,saddlebrown
MORG1,saddlebrown
MOV10L1,saddlebrown
MRM1,saddlebrown
MRPL17,saddlebrown
MRPL23,saddlebrown
MRPL44,saddlebrown
MRPS18A,saddlebrown
MRPS31,saddlebrown
MRPS9,saddlebrown
MSL2,saddlebrown
MSRA,saddlebrown
MST1R,saddlebrown
MT3,saddlebrown
MTPAP,saddlebrown
MTSS1,saddlebrown
MUC21,saddlebrown
MYEOV2,saddlebrown
MYLK,saddlebrown
MYO1B,saddlebrown
N4BP2L2,saddlebrown
NARF,saddlebrown
NBR1,saddlebrown
NCK2,saddlebrown
NCLN,saddlebrown
NCRNA00188,saddlebrown
NCRNA00200,saddlebrown
NDFIP1,saddlebrown
NDNL2,saddlebrown
NDUFS5,saddlebrown
NDUFS6,saddlebrown
NEURL1B,saddlebrown
NFATC3,saddlebrown
NFKB2,saddlebrown
NHLRC2,saddlebrown
NLRP14,saddlebrown
NMD3,saddlebrown
NMNAT3,saddlebrown
NOL4,saddlebrown
NOM1,saddlebrown
NPR3,saddlebrown
NPY2R,saddlebrown
NQO2,saddlebrown
NR3C1,saddlebrown
NR4A3,saddlebrown
NRCAM,saddlebrown
NT5M,saddlebrown
NTNG1,saddlebrown
NUB1,saddlebrown
NUDT15,saddlebrown
NUDT6,saddlebrown
NUP107,saddlebrown
NUP205,saddlebrown
NUP35,saddlebrown
OAZ1,saddlebrown
OPRK1,saddlebrown
OR51I2,saddlebrown
OR6T1,saddlebrown
ORC1L,saddlebrown
OSBPL10,saddlebrown
OSBPL3,saddlebrown
OTUD7B,saddlebrown
PAK1,saddlebrown
PAPD4,saddlebrown
PAPOLA,saddlebrown
PAX1,saddlebrown
PAX7,saddlebrown
PCCA,saddlebrown
PCDH18,saddlebrown
PCDHB13,saddlebrown
PCLO,saddlebrown
PCM1,saddlebrown
PCNA,saddlebrown
PCNP,saddlebrown
PDCL3,saddlebrown
PEX13,saddlebrown
PEX5,saddlebrown
PIAS1,saddlebrown
PIK3R3,saddlebrown
PIM3,saddlebrown
PKHD1L1,saddlebrown
PKNOX2,saddlebrown
PLA2G1B,saddlebrown
PLB1,saddlebrown
PLXNA4,saddlebrown
PNP,saddlebrown
PNPLA6,saddlebrown
POLR2F,saddlebrown
POLR2K,saddlebrown
POLS,saddlebrown
POM121C,saddlebrown
POU2F2,saddlebrown
POU3F3,saddlebrown
POU4F1,saddlebrown
PPA1,saddlebrown
PPAPDC1A,saddlebrown
PPARGC1A,saddlebrown
PPIL5,saddlebrown
PPP1R15B,saddlebrown
PPP1R9A,saddlebrown
PPT2,saddlebrown
PRC1,saddlebrown
PRIM1,saddlebrown
PRMT3,saddlebrown
PSMA6,saddlebrown
PSMB8,saddlebrown
PTCHD2,saddlebrown
PTH1R,saddlebrown
PTPN3,saddlebrown
PTPRG,saddlebrown
PTPRN2,saddlebrown
PXDN,saddlebrown
QTRT1,saddlebrown
RAB1A,saddlebrown
RAB22A,saddlebrown
RAB27A,saddlebrown
RAB4A,saddlebrown
RAD18,saddlebrown
RAD21,saddlebrown
RAD54B,saddlebrown
RAE1,saddlebrown
RAET1G,saddlebrown
RAPGEF3,saddlebrown
RASGRP1,saddlebrown
RBM28,saddlebrown
RBPJ,saddlebrown
RBPMS,saddlebrown
RCOR1,saddlebrown
RCSD1,saddlebrown
RERE,saddlebrown
RFC1,saddlebrown
RFTN1,saddlebrown
RG9MTD2,saddlebrown
RGNEF,saddlebrown
RNASEL,saddlebrown
RNF11,saddlebrown
RNF14,saddlebrown
RNF17,saddlebrown
RNF181,saddlebrown
RNF182,saddlebrown
RNF6,saddlebrown
RPA3,saddlebrown
RPE,saddlebrown
RPH3AL,saddlebrown
RPL13AP5,saddlebrown
RPL19,saddlebrown
RPL23,saddlebrown
RPUSD3,saddlebrown
RRAD,saddlebrown
RRP12,saddlebrown
RTN1,saddlebrown
RUNX1T1,saddlebrown
SAMHD1,saddlebrown
SAP130,saddlebrown
SBF1,saddlebrown
SCAP,saddlebrown
SCN9A,saddlebrown
SCNN1B,saddlebrown
SCYL1,saddlebrown
SDAD1,saddlebrown
SDCCAG1,saddlebrown
SEC14L2,saddlebrown
SEC16A,saddlebrown
SEC23A,saddlebrown
SEC23IP,saddlebrown
SEC24A,saddlebrown
SEMA3A,saddlebrown
SEMA3B,saddlebrown
SEP-11,saddlebrown
SFRS13B,saddlebrown
SFRS7,saddlebrown
SGCE,saddlebrown
SGMS1,saddlebrown
SH3BGRL2,saddlebrown
SH3GLB1,saddlebrown
SH3RF1,saddlebrown
SHC4,saddlebrown
SHISA3,saddlebrown
SHISA4,saddlebrown
SHROOM3,saddlebrown
SIRT1,saddlebrown
SIRT3,saddlebrown
SKI,saddlebrown
SLAIN1,saddlebrown
SLC22A9,saddlebrown
SLC25A39,saddlebrown
SLC25A4,saddlebrown
SLC30A3,saddlebrown
SLC35B4,saddlebrown
SLC35F1,saddlebrown
SLC36A1,saddlebrown
SLC38A1,saddlebrown
SLC39A7,saddlebrown
SLC7A2,saddlebrown
SLIT2,saddlebrown
SLITRK5,saddlebrown
SMCHD1,saddlebrown
SMEK1,saddlebrown
SNAPC2,saddlebrown
SNCA,saddlebrown
SNORD2,saddlebrown
SNX15,saddlebrown
SNX17,saddlebrown
SNX25,saddlebrown
SNX7,saddlebrown
SOCS4,saddlebrown
SORBS1,saddlebrown
SORBS2,saddlebrown
SORL1,saddlebrown
SOX9,saddlebrown
SPATA13,saddlebrown
SPDYA,saddlebrown
SPEF1,saddlebrown
SPRED2,saddlebrown
SQLE,saddlebrown
ST14,saddlebrown
STARD10,saddlebrown
STK32A,saddlebrown
STK32C,saddlebrown
STK33,saddlebrown
STYX,saddlebrown
SYNE1,saddlebrown
SYNPO2,saddlebrown
SYT11,saddlebrown
SYT4,saddlebrown
TAX1BP1,saddlebrown
TBC1D2,saddlebrown
TBC1D9,saddlebrown
TBCD,saddlebrown
TEAD1,saddlebrown
TECTA,saddlebrown
TEKT3,saddlebrown
TEPP,saddlebrown
TFAP2B,saddlebrown
TFPI2,saddlebrown
TGIF1,saddlebrown
THAP5,saddlebrown
THSD1,saddlebrown
THUMPD3,saddlebrown
THY1,saddlebrown
THYN1,saddlebrown
TIA1,saddlebrown
TIMM10,saddlebrown
TLE2,saddlebrown
TM2D2,saddlebrown
TMCO4,saddlebrown
TMED7-TICAM2,saddlebrown
TMEM125,saddlebrown
TMEM132E,saddlebrown
TMEM143,saddlebrown
TMEM145,saddlebrown
TMEM146,saddlebrown
TMEM161A,saddlebrown
TMEM49,saddlebrown
TMEM5,saddlebrown
TMEM51,saddlebrown
TMEM53,saddlebrown
TMEM64,saddlebrown
TOP3B,saddlebrown
TP53BP1,saddlebrown
TPD52,saddlebrown
TPM1,saddlebrown
TPP1,saddlebrown
TPPP,saddlebrown
TPRA1,saddlebrown
TPST1,saddlebrown
TRADD,saddlebrown
TRIB2,saddlebrown
TRIB3,saddlebrown
TRIM13,saddlebrown
TRIM2,saddlebrown
TRIM6-TRIM34,saddlebrown
TRMT1,saddlebrown
TSPAN15,saddlebrown
TSPAN31,saddlebrown
TTC30B,saddlebrown
TTC35,saddlebrown
TTPAL,saddlebrown
TUBA1A,saddlebrown
TUBB,saddlebrown
TUBE1,saddlebrown
TWF1,saddlebrown
TWIST2,saddlebrown
TXLNA,saddlebrown
U2AF2,saddlebrown
UBAC1,saddlebrown
UBAC2,saddlebrown
UBAP1,saddlebrown
UBE2G1,saddlebrown
UBE2Q2,saddlebrown
UBE2QP1,saddlebrown
UBE4A,saddlebrown
UBE4B,saddlebrown
UCK2,saddlebrown
UGDH,saddlebrown
UIMC1,saddlebrown
UQCRB,saddlebrown
UROD,saddlebrown
USP36,saddlebrown
USP48,saddlebrown
USP49,saddlebrown
VEZT,saddlebrown
VGLL4,saddlebrown
VOPP1,saddlebrown
VPS24,saddlebrown
VPS37C,saddlebrown
VRK3,saddlebrown
VSX1,saddlebrown
WDR27,saddlebrown
WDR34,saddlebrown
YPEL3,saddlebrown
ZBED5,saddlebrown
ZBTB7A,saddlebrown
ZBTB9,saddlebrown
ZC3H13,saddlebrown
ZDHHC20,saddlebrown
ZFP106,saddlebrown
ZHX2,saddlebrown
ZKSCAN4,saddlebrown
ZNF19,saddlebrown
ZNF215,saddlebrown
ZNF295,saddlebrown
ZNF322A,saddlebrown
ZNF394,saddlebrown
ZNF418,saddlebrown
ZNF498,saddlebrown
ZNF528,saddlebrown
ZNF665,saddlebrown
ZNF668,saddlebrown
ZNF766,saddlebrown
ZNF773,saddlebrown
ZNF8,saddlebrown
ZNF80,saddlebrown
ZNF862,saddlebrown
ZNRD1,saddlebrown
ZSCAN21,saddlebrown
ZYX,saddlebrown
A2BP1,salmon
AAA1,salmon
AACS,salmon
AAK1,salmon
AATK,salmon
ABCA9,salmon
ABCB8,salmon
ABCG5,salmon
ABHD2,salmon
ABL2,salmon
ABLIM1,salmon
ABR,salmon
ACADM,salmon
ACE,salmon
ACOT11,salmon
ACOX1,salmon
ACSF3,salmon
ACTR6,salmon
ACYP2,salmon
ADAL,salmon
ADAM10,salmon
ADAM23,salmon
ADAMDEC1,salmon
ADAMTS16,salmon
ADAMTS18,salmon
ADAMTS2,salmon
ADAMTS8,salmon
ADAP1,salmon
ADARB1,salmon
ADARB2,salmon
ADD3,salmon
ADH6,salmon
ADI1,salmon
AFAP1,salmon
AFF1,salmon
AFF3,salmon
AFG3L1,salmon
AGAP1,salmon
AGL,salmon
AGPAT9,salmon
AGTPBP1,salmon
AHCYL2,salmon
AHI1,salmon
AIM1,salmon
AIM2,salmon
AK5,salmon
AKAP1,salmon
AKAP8,salmon
AKAP9,salmon
AKD1,salmon
AKR1C2,salmon
ALB,salmon
ALDH18A1,salmon
ALDH7A1,salmon
ALOX12B,salmon
ALOX5,salmon
AMN1,salmon
AMPD3,salmon
AMZ1,salmon
ANGEL2,salmon
ANGPT1,salmon
ANK1,salmon
ANK2,salmon
ANKRD10,salmon
ANKRD13B,salmon
ANKRD28,salmon
ANKRD32,salmon
ANKRD33,salmon
ANKRD40,salmon
ANKRD46,salmon
ANKS1A,salmon
ANLN,salmon
ANPEP,salmon
ANXA13,salmon
AP1G1,salmon
AP4E1,salmon
APC2,salmon
APOBEC2,salmon
APPL2,salmon
AQP5,salmon
ARAP2,salmon
ARF6,salmon
ARG1,salmon
ARGFX,salmon
ARHGAP15,salmon
ARHGAP22,salmon
ARHGEF10,salmon
ARHGEF12,salmon
ARID1B,salmon
ARL1,salmon
ARL15,salmon
ARMC4,salmon
ARNTL,salmon
ARPP-21,salmon
ARRDC1,salmon
ART4,salmon
AS3MT,salmon
ASAP1,salmon
ASB18,salmon
ASPH,salmon
ASPM,salmon
ASPSCR1,salmon
ASRGL1,salmon
ASZ1,salmon
ATG7,salmon
ATIC,salmon
ATP10A,salmon
ATP10B,salmon
ATP11A,salmon
ATP13A4,salmon
ATP2B4,salmon
ATP6V0C,salmon
ATP6V1A,salmon
ATP6V1E1,salmon
ATP8A1,salmon
ATP8A2,salmon
ATP8B4,salmon
ATRNL1,salmon
ATXN7,salmon
AUTS2,salmon
AZI2,salmon
B3GALT1,salmon
B3GALTL,salmon
B3GNT2,salmon
B4GALNT4,salmon
BAIAP3,salmon
BANK1,salmon
BAT1,salmon
BBS9,salmon
BCAS3,salmon
BCAT2,salmon
BCL10,salmon
BCL11B,salmon
BCL9,salmon
BEND7,salmon
BET3L,salmon
BHMT,salmon
BIRC2,salmon
BLK,salmon
BMI1,salmon
BMP2K,salmon
BMP5,salmon
BNC2,salmon
BRD2,salmon
BRD7,salmon
BTBD1,salmon
BTBD9,salmon
BTF3,salmon
BTG2,salmon
BUB3,salmon
BZW1,salmon
BZW2,salmon
C10ORF108,salmon
C10ORF129,salmon
C10ORF26,salmon
C10ORF47,salmon
C10ORF96,salmon
C11ORF34,salmon
C11ORF63,salmon
C12ORF35,salmon
C12ORF76,salmon
C13ORF31,salmon
C14ORF101,salmon
C14ORF102,salmon
C14ORF104,salmon
C14ORF105,salmon
C14ORF106,salmon
C14ORF143,salmon
C14ORF28,salmon
C14ORF79,salmon
C15ORF27,salmon
C15ORF42,salmon
C15ORF59,salmon
C16ORF62,salmon
C16ORF75,salmon
C17ORF106,salmon
C17ORF97,salmon
C18ORF1,salmon
C18ORF45,salmon
C18ORF54,salmon
C19ORF38,salmon
C19ORF47,salmon
C19ORF51,salmon
C1ORF124,salmon
C1ORF173,salmon
C1ORF182,salmon
C1ORF57,salmon
C1ORF59,salmon
C1ORF86,salmon
C1ORF9,salmon
C1ORF92,salmon
C1ORF95,salmon
C1R,salmon
C20ORF20,salmon
C21ORF29,salmon
C21ORF7,salmon
C22ORF27,salmon
C2ORF3,salmon
C2ORF43,salmon
C2ORF63,salmon
C2ORF66,salmon
C2ORF76,salmon
C2ORF89,salmon
C3AR1,salmon
C3ORF21,salmon
C3ORF26,salmon
C3ORF30,salmon
C3ORF35,salmon
C3ORF43,salmon
C3ORF57,salmon
C4ORF19,salmon
C4ORF22,salmon
C4ORF29,salmon
C4ORF32,salmon
C4ORF34,salmon
C4ORF35,salmon
C4ORF45,salmon
C4ORF47,salmon
C5ORF22,salmon
C5ORF24,salmon
C5ORF25,salmon
C5ORF32,salmon
C5ORF35,salmon
C5ORF45,salmon
C5ORF51,salmon
C5ORF58,salmon
C6ORF10,salmon
C6ORF120,salmon
C6ORF136,salmon
C6ORF162,salmon
C6ORF174,salmon
C6ORF186,salmon
C6ORF192,salmon
C6ORF211,salmon
C6ORF217,salmon
C6ORF58,salmon
C7,salmon
C7ORF10,salmon
C7ORF50,salmon
C7ORF53,salmon
C7ORF66,salmon
C7ORF71,salmon
C8ORF42,salmon
C8ORF45,salmon
C8ORF83,salmon
C9ORF144,salmon
C9ORF45,salmon
CA10,salmon
CABC1,salmon
CACNA1C,salmon
CACNA1D,salmon
CACNA2D3,salmon
CADM1,salmon
CADM2,salmon
CADPS2,salmon
CALD1,salmon
CALHM2,salmon
CAMKK1,salmon
CAMLG,salmon
CAMTA1,salmon
CAPN1,salmon
CARS2,salmon
CASP6,salmon
CASQ2,salmon
CAST,salmon
CASZ1,salmon
CAV1,salmon
CBR4,salmon
CCDC102B,salmon
CCDC109B,salmon
CCDC117,salmon
CCDC127,salmon
CCDC129,salmon
CCDC146,salmon
CCDC148,salmon
CCDC39,salmon
CCDC59,salmon
CCDC60,salmon
CCDC80,salmon
CCDC88A,salmon
CCL20,salmon
CCL5,salmon
CCM2,salmon
CCNDBP1,salmon
CCNI,salmon
CCNT1,salmon
CCNY,salmon
CCT4,salmon
CD164,salmon
CD2,salmon
CD200,salmon
CD44,salmon
CD46,salmon
CD55,salmon
CD58,salmon
CD59,salmon
CD83,salmon
CDC14A,salmon
CDC27,salmon
CDC40,salmon
CDC42BPA,salmon
CDC5L,salmon
CDH11,salmon
CDH13,salmon
CDH18,salmon
CDH23,salmon
CDH3,salmon
CDH8,salmon
CDK14,salmon
CDK15,salmon
CDKAL1,salmon
CDKL3,salmon
CDKL4,salmon
CECR2,salmon
CELSR1,salmon
CENPBD1,salmon
CENPL,salmon
CEP57,salmon
CEP72,salmon
CFDP1,salmon
CFH,salmon
CGNL1,salmon
CHCHD10,salmon
CHD9,salmon
CHFR,salmon
CHIA,salmon
CHIC2,salmon
CHL1,salmon
CHN1,salmon
CHN2,salmon
CHPT1,salmon
CHRM2,salmon
CHST2,salmon
CHST6,salmon
CHSY1,salmon
CHUK,salmon
CIR1,salmon
CKAP2,salmon
CKB,salmon
CLASP2,salmon
CLCA2,salmon
CLDN5,salmon
CLDN8,salmon
CLEC12B,salmon
CLEC2D,salmon
CLEC9A,salmon
CLK1,salmon
CLNK,salmon
CLPTM1L,salmon
CMA1,salmon
CMAS,salmon
CNOT4,salmon
CNOT8,salmon
CNR1,salmon
CNTN4,salmon
CNTN5,salmon
CNTNAP2,salmon
CNTNAP5,salmon
COBL,salmon
COG4,salmon
COL11A1,salmon
COL17A1,salmon
COL19A1,salmon
COL21A1,salmon
COL23A1,salmon
COL25A1,salmon
COL28A1,salmon
COL3A1,salmon
COL6A3,salmon
COL8A1,salmon
COL8A2,salmon
COMMD1,salmon
COMMD9,salmon
COPS3,salmon
COPZ1,salmon
COQ10A,salmon
COX7B2,salmon
COX8C,salmon
CP,salmon
CPA6,salmon
CPB2,salmon
CPEB3,salmon
CPN1,salmon
CPNE4,salmon
CPS1,salmon
CPSF7,salmon
CRAMP1L,salmon
CRB1,salmon
CRHBP,salmon
CRHR2,salmon
CRIM1,salmon
CRK,salmon
CRLF3,salmon
CRTC1,salmon
CRYBA2,salmon
CRYBB2,salmon
CRYGS,salmon
CSMD2,salmon
CSMD3,salmon
CSN1S1,salmon
CSNK1A1P,salmon
CSRP2,salmon
CSTF3,salmon
CSTL1,salmon
CTAGE5,salmon
CTBP2,salmon
CTCF,salmon
CTDSPL2,salmon
CTLA4,salmon
CTNNA2,salmon
CTNNB1,salmon
CTNND1,salmon
CTNND2,salmon
CUGBP1,salmon
CUL2,salmon
CWF19L1,salmon
CXCL1,salmon
CXCL13,salmon
CXCR4,salmon
CYFIP1,salmon
CYP3A43,salmon
DAAM1,salmon
DAB1,salmon
DAB2,salmon
DAGLB,salmon
DAOA,salmon
DAPK1,salmon
DARS,salmon
DAXX,salmon
DBC1,salmon
DBF4,salmon
DBX1,salmon
DCAKD,salmon
DCLRE1B,salmon
DCTN3,salmon
DCTN4,salmon
DCUN1D1,salmon
DDX19A,salmon
DDX59,salmon
DDX60L,salmon
DEAF1,salmon
DEC-01,salmon
DEFB135,salmon
DEGS1,salmon
DEK,salmon
DENND3,salmon
DENND4C,salmon
DFNA5,salmon
DGCR9,salmon
DGKA,salmon
DGKB,salmon
DGKI,salmon
DHH,salmon
DIAPH3,salmon
DIP2B,salmon
DIP2C,salmon
DIRAS3,salmon
DIS3L2,salmon
DKFZP586I1420,salmon
DKK3,salmon
DKKL1,salmon
DLEU7,salmon
DLG2,salmon
DLG5,salmon
DLGAP2,salmon
DLGAP3,salmon
DLL4,salmon
DLX6AS,salmon
DMRT1,salmon
DMTF1,salmon
DMXL1,salmon
DNAH5,salmon
DNAJC12,salmon
DNALI1,salmon
DNMBP,salmon
DNPEP,salmon
DOCK1,salmon
DOCK4,salmon
DOCK7,salmon
DPH5,salmon
DPP6,salmon
DPYD,salmon
DRAM1,salmon
DSCAML1,salmon
DSG4,salmon
DST,salmon
DTX4,salmon
DUSP15,salmon
DUSP16,salmon
DUSP27,salmon
DYNC1I1,salmon
DYRK1A,salmon
EBAG9,salmon
EBF1,salmon
EBF3,salmon
EBPL,salmon
ECHDC2,salmon
ECHDC3,salmon
ECT2,salmon
EDNRB,salmon
EED,salmon
EEF1A1,salmon
EEF1DP3,salmon
EEF1E1,salmon
EFCAB2,salmon
EFCAB6,salmon
EGF,salmon
EGFR,salmon
EGLN3,salmon
EHHADH,salmon
EHMT1,salmon
EIF2AK2,salmon
EIF2AK4,salmon
EIF2C2,salmon
EIF3D,salmon
EIF4E2,salmon
EIF4E3,salmon
EIF4H,salmon
EIF5,salmon
EIF5B,salmon
ELMO1,salmon
ELOVL2,salmon
ELOVL5,salmon
ELTD1,salmon
EML4,salmon
EMX1,salmon
EMX2OS,salmon
ENKUR,salmon
ENOX1,salmon
ENPP3,salmon
ENPP4,salmon
EP400NL,salmon
EPB41L2,salmon
EPB41L4A,salmon
EPCAM,salmon
EPHA3,salmon
EPHA6,salmon
EPS8L1,salmon
ERAP2,salmon
ERBB2IP,salmon
ERC2,salmon
ERGIC1,salmon
ERICH1,salmon
ERP44,salmon
ESR1,salmon
ESRRG,salmon
ESYT2,salmon
ETFA,salmon
ETV6,salmon
EVC2,salmon
EXOC2,salmon
EXOC4,salmon
EXOC6,salmon
EYA2,salmon
EYA3,salmon
EYA4,salmon
EZR,salmon
F2R,salmon
FAF1,salmon
FAF2,salmon
FAM101B,salmon
FAM108C1,salmon
FAM111A,salmon
FAM118A,salmon
FAM126A,salmon
FAM129A,salmon
FAM12B,salmon
FAM135A,salmon
FAM135B,salmon
FAM149A,salmon
FAM150B,salmon
FAM167A,salmon
FAM168A,salmon
FAM169A,salmon
FAM172A,salmon
FAM174A,salmon
FAM196A,salmon
FAM38A,salmon
FAM46B,salmon
FAM49B,salmon
FAM55C,salmon
FAM73A,salmon
FAM82A1,salmon
FAM98B,salmon
FANCC,salmon
FARP1,salmon
FARP2,salmon
FARS2,salmon
FAT1,salmon
FBN1,salmon
FBXL13,salmon
FBXL17,salmon
FBXL21,salmon
FBXO34,salmon
FBXO46,salmon
FBXO9,salmon
FBXW7,salmon
FCHO2,salmon
FCRL1,salmon
FCRL5,salmon
FDFT1,salmon
FER,salmon
FER1L6,salmon
FGB,salmon
FGFR2,salmon
FGFR3,salmon
FHIT,salmon
FHL5,salmon
FIG4,salmon
FIGN,salmon
FLI1,salmon
FLJ20184,salmon
FLJ22536,salmon
FLJ23834,salmon
FLOT1,salmon
FMN1,salmon
FMN2,salmon
FMO2,salmon
FN1,salmon
FN3KRP,salmon
FNBP1,salmon
FNDC1,salmon
FNDC3B,salmon
FNTB,salmon
FOXF1,salmon
FOXK1,salmon
FOXL2,salmon
FOXN3,salmon
FOXP1,salmon
FRAS1,salmon
FREM2,salmon
FRK,salmon
FRMD4A,salmon
FRMD6,salmon
FSD1L,salmon
FSIP1,salmon
FSTL4,salmon
FSTL5,salmon
FTO,salmon
FYN,salmon
FZD3,salmon
G3BP2,salmon
GAB2,salmon
GABBR2,salmon
GABRB1,salmon
GAD1,salmon
GADL1,salmon
GAK,salmon
GALK2,salmon
GALNT10,salmon
GALNT7,salmon
GALNT9,salmon
GALNTL6,salmon
GAS2,salmon
GATA4,salmon
GBP2,salmon
GBP5,salmon
GBP7,salmon
GCLC,salmon
GCM1,salmon
GFI1,salmon
GIGYF2,salmon
GIMAP7,salmon
GJA9,salmon
GKN1,salmon
GLCCI1,salmon
GLIS3,salmon
GLT1D1,salmon
GLT8D1,salmon
GLYATL3,salmon
GMDS,salmon
GNA12,salmon
GNAI3,salmon
GNAS,salmon
GNB5,salmon
GNG12,salmon
GNMT,salmon
GNPAT,salmon
GOLPH3L,salmon
GON4L,salmon
GP5,salmon
GP6,salmon
GPA33,salmon
GPC6,salmon
GPD2,salmon
GPHN,salmon
GPR1,salmon
GPR110,salmon
GPR115,salmon
GPR116,salmon
GPR125,salmon
GPR137B,salmon
GPR15,salmon
GPR157,salmon
GPR160,salmon
GPR171,salmon
GPR176,salmon
GPR31,salmon
GPR39,salmon
GPR4,salmon
GPR78,salmon
GPR98,salmon
GPRIN3,salmon
GRB10,salmon
GRHL2,salmon
GRID2IP,salmon
GRIN2B,salmon
GRIN3B,salmon
GRIP1,salmon
GRIP2,salmon
GRM1,salmon
GRTP1,salmon
GSPT1,salmon
GSTM3,salmon
GTF2A1L,salmon
GTF2F2,salmon
GTF2H3,salmon
GUCY2E,salmon
H2AFJ,salmon
HAPLN3,salmon
HAT1,salmon
HBBP1,salmon
HCCA2,salmon
HCG18,salmon
HDAC10,salmon
HDAC4,salmon
HDDC2,salmon
HEATR1,salmon
HEATR2,salmon
HEATR6,salmon
HEATR7B2,salmon
HECW2,salmon
HERC3,salmon
HERC4,salmon
HERPUD2,salmon
HES7,salmon
HEY2,salmon
HHAT,salmon
HHIPL1,salmon
HIBADH,salmon
HIPK1,salmon
HISPPD1,salmon
HIST1H1A,salmon
HIST1H2BI,salmon
HIST1H2BK,salmon
HIST1H3A,salmon
HIST2H2BE,salmon
HIVEP1,salmon
HJURP,salmon
HLA-DOB,salmon
HLA-DPB2,salmon
HLA-DRB1,salmon
HLCS,salmon
HMGN3,salmon
HOMER1,salmon
HOXC9,salmon
HPS3,salmon
HPSE2,salmon
HRH1,salmon
HRNR,salmon
HS3ST1,salmon
HS3ST4,salmon
HSD17B12,salmon
HSD17B8,salmon
HSF2,salmon
HSP90AB4P,salmon
HSPA1A,salmon
HSPA1L,salmon
HSPB8,salmon
HTR1E,salmon
HTRA4,salmon
HYALP1,salmon
HYDIN,salmon
IARS2,salmon
ICA1L,salmon
IDI1,salmon
IFITM4P,salmon
IFNGR2,salmon
IFT57,salmon
IGF1,salmon
IGF1R,salmon
IGF2BP1,salmon
IGF2BP3,salmon
IGF2R,salmon
IGFBP3,salmon
IKBKE,salmon
IKZF5,salmon
IL17F,salmon
IL17RC,salmon
IL18,salmon
IL1F8,salmon
IL1RL1,salmon
IL20RA,salmon
IL22,salmon
IMPG2,salmon
ING5,salmon
INPP4A,salmon
INPP4B,salmon
INPP5A,salmon
INSIG1,salmon
INSM2,salmon
INTS12,salmon
INTU,salmon
IPCEF1,salmon
IPP,salmon
IQCE,salmon
IQCH,salmon
IQCK,salmon
IQGAP2,salmon
IQSEC1,salmon
IQUB,salmon
IRAK2,salmon
IRF7,salmon
IRX4,salmon
ISPD,salmon
ITGA1,salmon
ITGA2,salmon
IYD,salmon
JAGN1,salmon
JARID2,salmon
JAZF1,salmon
JUN,salmon
KCMF1,salmon
KCNC2,salmon
KCNC4,salmon
KCNG1,salmon
KCNG3,salmon
KCNH5,salmon
KCNH7,salmon
KCNH8,salmon
KCNJ8,salmon
KCNMA1,salmon
KCNN1,salmon
KCNQ1,salmon
KCTD18,salmon
KDELR1,salmon
KDM3A,salmon
KDM3B,salmon
KIAA0146,salmon
KIAA0182,salmon
KIAA0748,salmon
KIAA0895,salmon
KIAA0907,salmon
KIAA1217,salmon
KIAA1244,salmon
KIAA1530,salmon
KIAA1586,salmon
KIAA1715,salmon
KIAA1804,salmon
KIAA1841,salmon
KIF18A,salmon
KIF22,salmon
KIF25,salmon
KIF26B,salmon
KIF2A,salmon
KIF2C,salmon
KIF5C,salmon
KIF9,salmon
KIFC1,salmon
KIRREL3,salmon
KLB,salmon
KLF11,salmon
KLF12,salmon
KLF7,salmon
KLHL22,salmon
KLHL6,salmon
KLK10,salmon
KLK5,salmon
KLRA1,salmon
KLRD1,salmon
KLRK1,salmon
KNDC1,salmon
KPNA4,salmon
KPNA5,salmon
KPNB1,salmon
KRR1,salmon
KRT222,salmon
KRTAP11-1,salmon
KRTAP20-3,salmon
KRTAP24-1,salmon
KY,salmon
L3MBTL3,salmon
L3MBTL4,salmon
LAMA1,salmon
LAMA2,salmon
LAMA5,salmon
LAMB4,salmon
LAMC1,salmon
LAMP1,salmon
LARP1,salmon
LASS6,salmon
LATS1,salmon
LATS2,salmon
LBXCOR1,salmon
LCA5,salmon
LCE1C,salmon
LCE3A,salmon
LCLAT1,salmon
LCORL,salmon
LDLR,salmon
LEKR1,salmon
LEMD3,salmon
LEPREL1,salmon
LGALS12,salmon
LGR4,salmon
LHB,salmon
LIG3,salmon
LIN28B,salmon
LIN52,salmon
LINS1,salmon
LIPA,salmon
LIPE,salmon
LIPF,salmon
LIPT2,salmon
LMBR1,salmon
LMF1,salmon
LMO7,salmon
LMOD3,salmon
LMTK2,salmon
LNPEP,salmon
LOC100126784,salmon
LOC100132724,salmon
LOC100192426,salmon
LOC100216001,salmon
LOC150622,salmon
LOC255025,salmon
LOC283174,salmon
LOC283761,salmon
LOC284379,salmon
LOC284688,salmon
LOC285045,salmon
LOC285205,salmon
LOC285419,salmon
LOC285593,salmon
LOC285696,salmon
LOC285780,salmon
LOC400043,salmon
LOC440839,salmon
LOC642587,salmon
LOC642852,salmon
LOC644649,salmon
LOC728723,salmon
LOC729020,salmon
LOC729384,salmon
LOC84856,salmon
LOH12CR1,salmon
LONP2,salmon
LONRF1,salmon
LOXL3,salmon
LPAR1,salmon
LPIN3,salmon
LPL,salmon
LPP,salmon
LRBA,salmon
LRCH1,salmon
LRIG3,salmon
LRIT2,salmon
LRP1B,salmon
LRP4,salmon
LRP5,salmon
LRRC10,salmon
LRRC27,salmon
LRRC36,salmon
LRRC39,salmon
LRRC41,salmon
LRRC48,salmon
LRRC69,salmon
LSAMP,salmon
LSM1,salmon
LSM5,salmon
LSP1,salmon
LTBP1,salmon
LTBP4,salmon
LTK,salmon
LUC7L2,salmon
LUZP6,salmon
LY6G5C,salmon
LYRM2,salmon
LYSMD3,salmon
MACC1,salmon
MAD1L1,salmon
MAEA,salmon
MAGI1,salmon
MAGI3,salmon
MAGOH,salmon
MAL2,salmon
MALAT1,salmon
MAML2,salmon
MAN1A1,salmon
MAP2,salmon
MAP3K9,salmon
MAP7,salmon
MAP9,salmon
MAPK1,salmon
MAPK14,salmon
MAPT,salmon
MAR-07,salmon
MAR-08,salmon
MARK1,salmon
MAST4,salmon
MAX,salmon
MBOAT1,salmon
MBOAT2,salmon
MCC,salmon
MCFD2,salmon
MCM3APAS,salmon
MCPH1,salmon
MCTP1,salmon
MCTP2,salmon
MDFI,salmon
MDFIC,salmon
ME3,salmon
MECOM,salmon
MED12L,salmon
MED13L,salmon
MED21,salmon
MED23,salmon
MEF2A,salmon
MEIG1,salmon
MEIS1,salmon
MEIS2,salmon
METT5D1,salmon
METTL3,salmon
METTL4,salmon
MFSD4,salmon
MGC27382,salmon
MGEA5,salmon
MGLL,salmon
MGMT,salmon
MIA2,salmon
MIA3,salmon
MINPP1,salmon
MIPEP,salmon
MIR1200,salmon
MIR1266,salmon
MIR1278,salmon
MIR197,salmon
MIR1976,salmon
MIR217,salmon
MIR218-1,salmon
MIR24-1,salmon
MIR320D1,salmon
MIR379,salmon
MIR526A1,salmon
MIR548F5,salmon
MIR548H4,salmon
MIR548N,salmon
MIR578,salmon
MIR598,salmon
MIR662,salmon
MITF,salmon
MKL2,salmon
MLANA,salmon
MMP1,salmon
MMP12,salmon
MMP13,salmon
MMP17,salmon
MMP20,salmon
MNAT1,salmon
MND1,salmon
MOBKL2B,salmon
MON1B,salmon
MORN1,salmon
MORN2,salmon
MRPL1,salmon
MRPS28,salmon
MRPS36,salmon
MS4A13,salmon
MSH3,salmon
MSH5,salmon
MSI2,salmon
MSRA,salmon
MSRB2,salmon
MSRB3,salmon
MT1M,salmon
MTDH,salmon
MTHFD2L,salmon
MTHFS,salmon
MTIF3,salmon
MTNR1A,salmon
MTNR1B,salmon
MTUS2,salmon
MUC13,salmon
MUC21,salmon
MUC4,salmon
MYB,salmon
MYEOV2,salmon
MYH11,salmon
MYH8,salmon
MYO1B,salmon
MYO5A,salmon
MYO5B,salmon
MYO5C,salmon
MYOM2,salmon
MYOZ3,salmon
MYST4,salmon
MYT1L,salmon
NAA25,salmon
NAALAD2,salmon
NAPG,salmon
NARS2,salmon
NAT1,salmon
NAV2,salmon
NAV3,salmon
NBLA00301,salmon
NCEH1,salmon
NCF2,salmon
NCKAP1,salmon
NCL,salmon
NCOA2,salmon
NCRNA00028,salmon
NCRNA00171,salmon
NCSTN,salmon
NDFIP2,salmon
NDST4,salmon
NDUFS6,salmon
NEB,salmon
NEBL,salmon
NEDD9,salmon
NEFL,salmon
NEK1,salmon
NEK6,salmon
NELL2,salmon
NEURL,salmon
NFIA,salmon
NFKBIZ,salmon
NFXL1,salmon
NGF,salmon
NGFR,salmon
NHLRC3,salmon
NHSL1,salmon
NIN,salmon
NINL,salmon
NKAIN4,salmon
NKX3-1,salmon
NLE1,salmon
NME7,salmon
NMNAT2,salmon
NOL10,salmon
NOTCH4,salmon
NOX3,salmon
NPAS3,salmon
NPHP1,salmon
NPHP3,salmon
NPTN,salmon
NPVF,salmon
NPY1R,salmon
NR1D2,salmon
NR1I2,salmon
NR2E1,salmon
NR3C1,salmon
NR3C2,salmon
NRBP1,salmon
NRD1,salmon
NRG1,salmon
NRP1,salmon
NRP2,salmon
NRXN1,salmon
NRXN2,salmon
NRXN3,salmon
NSMCE2,salmon
NSUN3,salmon
NSUN4,salmon
NSUN6,salmon
NT5C2,salmon
NTF3,salmon
NTM,salmon
NTNG1,salmon
NUDT3,salmon
NUDT6,salmon
NUFIP1,salmon
NUP107,salmon
NUP160,salmon
NUP37,salmon
NVL,salmon
OASL,salmon
OAZ1,salmon
OCEL1,salmon
OCLM,salmon
ODZ2,salmon
ODZ3,salmon
ODZ4,salmon
OGFOD2,salmon
OLFM1,salmon
OPCML,salmon
OPN5,salmon
OPRK1,salmon
OPTC,salmon
OR10G4,salmon
OR10H1,salmon
OR10Q1,salmon
OR10W1,salmon
OR11L1,salmon
OR12D3,salmon
OR14J1,salmon
OR1J1,salmon
OR2H1,salmon
OR4D5,salmon
OR51D1,salmon
OR51E2,salmon
OR52A5,salmon
OR52I2,salmon
OR52K1,salmon
OR5H6,salmon
OR5W2,salmon
OSBPL8,salmon
OVOL2,salmon
OXCT1,salmon
OXR1,salmon
P2RX6,salmon
P4HTM,salmon
PACRGL,salmon
PALLD,salmon
PAN2,salmon
PAN3,salmon
PANK4,salmon
PAQR5,salmon
PARD3,salmon
PARD3B,salmon
PARK2,salmon
PARM1,salmon
PARP12,salmon
PARP15,salmon
PAWR,salmon
PAX3,salmon
PBK,salmon
PBRM1,salmon
PBX3,salmon
PCBD2,salmon
PCBP3,salmon
PCDH17,salmon
PCDHA6,salmon
PCDHA7,salmon
PCGF3,salmon
PCNT,salmon
PCNXL2,salmon
PCSK5,salmon
PDC,salmon
PDCD5,salmon
PDE10A,salmon
PDE1A,salmon
PDE3B,salmon
PDE4D,salmon
PDE4DIP,salmon
PDE7B,salmon
PDE8B,salmon
PDGFC,salmon
PDHX,salmon
PDLIM5,salmon
PDS5B,salmon
PDZD8,salmon
PECAM1,salmon
PEG10,salmon
PELI1,salmon
PELI2,salmon
PEX14,salmon
PEX26,salmon
PEX5L,salmon
PGAP2,salmon
PGCP,salmon
PGM1,salmon
PGM2L1,salmon
PGR,salmon
PGS1,salmon
PHACTR1,salmon
PHF20L1,salmon
PHF21A,salmon
PHLDB2,salmon
PHTF2,salmon
PIGG,salmon
PIK3CA,salmon
PIK3CD,salmon
PIK3CG,salmon
PIK3R3,salmon
PITRM1,salmon
PKD2,salmon
PLA2G5,salmon
PLAC1L,salmon
PLAGL1,salmon
PLB1,salmon
PLCB3,salmon
PLCH1,salmon
PLD1,salmon
PLD6,salmon
PLEC1,salmon
PLEK,salmon
PLEKHA2,salmon
PLEKHG3,salmon
PLEKHH1,salmon
PLEKHM3,salmon
PLS1,salmon
PLSCR2,salmon
PML,salmon
PMS1,salmon
PNLIP,salmon
PNLIPRP1,salmon
PNLIPRP2,salmon
PNPLA7,salmon
POLQ,salmon
POLR1A,salmon
POLR1C,salmon
POLR3GL,salmon
POLS,salmon
POMC,salmon
POPDC2,salmon
POPDC3,salmon
POR,salmon
POU6F2,salmon
PPAP2A,salmon
PPARGC1A,salmon
PPBP,salmon
PPFIBP1,salmon
PPHLN1,salmon
PPM1K,salmon
PPP1R2P1,salmon
PPP1R9A,salmon
PPP2R2A,salmon
PPP2R2B,salmon
PPP2R2D,salmon
PPP2R3A,salmon
PPP2R5A,salmon
PPP2R5C,salmon
PPP2R5E,salmon
PRAGMIN,salmon
PRDM16,salmon
PRDM6,salmon
PRG2,salmon
PRICKLE1,salmon
PRIM2,salmon
PRIMA1,salmon
PRKAB2,salmon
PRKAG2,salmon
PRKAR1B,salmon
PRKAR2A,salmon
PRKCD,salmon
PRKCE,salmon
PRKCH,salmon
PRKCZ,salmon
PRKG1,salmon
PRKRIP1,salmon
PRMT3,salmon
PRMT8,salmon
PROZ,salmon
PRPF40B,salmon
PRPS1L1,salmon
PRPSAP1,salmon
PRPSAP2,salmon
PRR16,salmon
PRRX1,salmon
PRSS3,salmon
PSD4,salmon
PSMA1,salmon
PSMB8,salmon
PSMB9,salmon
PSMD13,salmon
PTDSS2,salmon
PTEN,salmon
PTGDR,salmon
PTK2B,salmon
PTPN12,salmon
PTPN2,salmon
PTPN5,salmon
PTPRD,salmon
PTPRG,salmon
PTPRN2,salmon
PTPRQ,salmon
PTPRZ1,salmon
PTRH2,salmon
PUM2,salmon
PUS7L,salmon
PVT1,salmon
PXMP3,salmon
PYGL,salmon
R3HDM1,salmon
RAB11FIP5,salmon
RAB1B,salmon
RAB21,salmon
RAB22A,salmon
RAB2A,salmon
RAB2B,salmon
RAB4B,salmon
RABGAP1L,salmon
RAD51L1,salmon
RAET1G,salmon
RAI14,salmon
RALGAPA2,salmon
RALYL,salmon
RAPGEF1,salmon
RAPGEF4,salmon
RASA3,salmon
RASGRP3,salmon
RASSF8,salmon
RB1,salmon
RBM15B,salmon
RBM28,salmon
RBM33,salmon
RBPMS,salmon
RDH14,salmon
REEP3,salmon
REEP5,salmon
RELL1,salmon
REPS1,salmon
RERE,salmon
RET,salmon
RFPL4B,salmon
RFT1,salmon
RFX4,salmon
RGL1,salmon
RGNEF,salmon
RGS12,salmon
RGS13,salmon
RGS7BP,salmon
RGSL1,salmon
RHBDD1,salmon
RHOBTB1,salmon
RIMBP2,salmon
RIMS1,salmon
RIT1,salmon
RMST,salmon
RNASEN,salmon
RNF13,salmon
RNF144A,salmon
RNF157,salmon
RNF170,salmon
RNF213,salmon
RNF219,salmon
RNF222,salmon
RNF39,salmon
RNU5E,salmon
RNY5,salmon
ROCK2,salmon
ROR1,salmon
RORA,salmon
RP1,salmon
RPA2,salmon
RPA3,salmon
RPAP2,salmon
RPL13AP5,salmon
RPP21,salmon
RPP25,salmon
RPP30,salmon
RPS20,salmon
RPS27L,salmon
RPS3,salmon
RPS5,salmon
RPS6KA2,salmon
RPS6KB1,salmon
RPTOR,salmon
RRAS2,salmon
RRM2,salmon
RRN3P1,salmon
RRP1B,salmon
RSPO3,salmon
RTDR1,salmon
RTN1,salmon
RTN2,salmon
RUNX1,salmon
RXRA,salmon
RXRG,salmon
SACM1L,salmon
SAMD4A,salmon
SAP18,salmon
SATB2,salmon
SAV1,salmon
SC4MOL,salmon
SCAMP1,salmon
SCAND3,salmon
SCAPER,salmon
SCARNA10,salmon
SCARNA15,salmon
SCFD2,salmon
SCN2B,salmon
SCN5A,salmon
SCN8A,salmon
SCN9A,salmon
SCRIB,salmon
SDC3,salmon
SDHC,salmon
SDK1,salmon
SDR16C6,salmon
SEC16A,salmon
SEC61G,salmon
SEL1L2,salmon
SELENBP1,salmon
SEMA3A,salmon
SEMA3E,salmon
SEMA5A,salmon
SEMA6A,salmon
SEMG2,salmon
SEP-11,salmon
SEPSECS,salmon
SERINC1,salmon
SERINC4,salmon
SERPINB1,salmon
SERPINB6,salmon
SERPINI2,salmon
SETD2,salmon
SETD6,salmon
SETMAR,salmon
SFRP2,salmon
SFRS4,salmon
SFRS8,salmon
SFT2D2,salmon
SFT2D3,salmon
SFXN5,salmon
SGCD,salmon
SGK269,salmon
SGMS1,salmon
SGOL2,salmon
SGPL1,salmon
SGTB,salmon
SH3BP4,salmon
SH3RF2,salmon
SH3TC2,salmon
SHANK2,salmon
SHOX2,salmon
SIDT1,salmon
SIKE1,salmon
SIPA1L1,salmon
SIPA1L2,salmon
SIPA1L3,salmon
SIRT1,salmon
SIRT2,salmon
SKAP1,salmon
SKIV2L,salmon
SLC13A1,salmon
SLC15A4,salmon
SLC16A12,salmon
SLC16A4,salmon
SLC17A2,salmon
SLC17A4,salmon
SLC1A2,salmon
SLC20A1,salmon
SLC20A2,salmon
SLC22A23,salmon
SLC24A1,salmon
SLC25A13,salmon
SLC25A38,salmon
SLC25A46,salmon
SLC26A7,salmon
SLC2A14,salmon
SLC2A9,salmon
SLC34A1,salmon
SLC35A1,salmon
SLC35A3,salmon
SLC35B4,salmon
SLC35F2,salmon
SLC38A1,salmon
SLC38A10,salmon
SLC38A11,salmon
SLC38A6,salmon
SLC38A7,salmon
SLC39A7,salmon
SLC46A3,salmon
SLC48A1,salmon
SLC4A1AP,salmon
SLC6A2,salmon
SLC7A14,salmon
SLC7A2,salmon
SLC9A11,salmon
SLCO1C1,salmon
SLCO5A1,salmon
SLCO6A1,salmon
SLIT3,salmon
SLITRK3,salmon
SLK,salmon
SLMAP,salmon
SLU7,salmon
SMARCD2,salmon
SMC6,salmon
SMOC2,salmon
SMU1,salmon
SMUG1,salmon
SMURF1,salmon
SMYD1,salmon
SMYD3,salmon
SND1,salmon
SNIP1,salmon
SNORA15,salmon
SNORA39,salmon
SNORA6,salmon
SNORA76,salmon
SNORD114-22,salmon
SNRNP48,salmon
SNRPG,salmon
SNTB2,salmon
SNTG2,salmon
SNX11,salmon
SNX20,salmon
SNX27,salmon
SNX4,salmon
SNX5,salmon
SNX8,salmon
SORBS2,salmon
SORCS1,salmon
SORCS2,salmon
SOX30,salmon
SOX8,salmon
SP140L,salmon
SP4,salmon
SPAG1,salmon
SPAG16,salmon
SPAM1,salmon
SPATS2,salmon
SPCS3,salmon
SPINK6,salmon
SPINT2,salmon
SPO11,salmon
SPP2,salmon
SPRED1,salmon
SPTBN1,salmon
SQSTM1,salmon
SR140,salmon
SRBD1,salmon
SRGAP1,salmon
SRRM3,salmon
SSFA2,salmon
ST6GAL1,salmon
ST6GALNAC2,salmon
ST6GALNAC3,salmon
ST6GALNAC5,salmon
STAG1,salmon
STAMBP,salmon
STAMBPL1,salmon
STARD13,salmon
STK3,salmon
STK32A,salmon
STK32B,salmon
STK39,salmon
STOX1,salmon
STRN3,salmon
STT3B,salmon
STX12,salmon
STX8,salmon
STXBP5L,salmon
SULT1C3,salmon
SULT2B1,salmon
SUPT3H,salmon
SVEP1,salmon
SVOPL,salmon
SYN3,salmon
SYNE1,salmon
SYNGAP1,salmon
SYNPO2,salmon
SYNPO2L,salmon
SYT1,salmon
SYT14,salmon
SYT9,salmon
TAAR2,salmon
TAAR9,salmon
TACC1,salmon
TAF13,salmon
TAF2,salmon
TAF3,salmon
TAF5,salmon
TAL1,salmon
TANC1,salmon
TAOK3,salmon
TAPBP,salmon
TARS2,salmon
TAS2R10,salmon
TAS2R3,salmon
TBC1D16,salmon
TBC1D7,salmon
TBCEL,salmon
TBCK,salmon
TBL1XR1,salmon
TBX15,salmon
TCERG1L,salmon
TCF7L2,salmon
TCHHL1,salmon
TCTN1,salmon
TCTN2,salmon
TDH,salmon
TDO2,salmon
TDRD5,salmon
TEAD1,salmon
TECPR2,salmon
TEF,salmon
TERT,salmon
TFAP2E,salmon
TG,salmon
TGFB1I1,salmon
TGFBI,salmon
THAP2,salmon
THBS2,salmon
THEMIS,salmon
THRAP3,salmon
THSD7A,salmon
THUMPD1,salmon
TIAM1,salmon
TIPARP,salmon
TIPRL,salmon
TLK1,salmon
TLL1,salmon
TLN2,salmon
TLR2,salmon
TM4SF4,salmon
TMCO5A,salmon
TMED5,salmon
TMED7-TICAM2,salmon
TMEM101,salmon
TMEM117,salmon
TMEM123,salmon
TMEM132C,salmon
TMEM144,salmon
TMEM14C,salmon
TMEM163,salmon
TMEM167A,salmon
TMEM177,salmon
TMEM181,salmon
TMEM182,salmon
TMEM195,salmon
TMEM20,salmon
TMEM207,salmon
TMEM212,salmon
TMEM217,salmon
TMEM218,salmon
TMEM41B,salmon
TMEM50B,salmon
TMEM8A,salmon
TMEM97,salmon
TMOD3,salmon
TMTC1,salmon
TNFAIP3,salmon
TNFRSF19,salmon
TNFRSF8,salmon
TNFSF15,salmon
TNIP2,salmon
TOX,salmon
TP53INP1,salmon
TP63,salmon
TPD52,salmon
TPD52L3,salmon
TPH2,salmon
TPM3,salmon
TPO,salmon
TPST1,salmon
TRAF3,salmon
TRAF3IP1,salmon
TRAF5,salmon
TRAM1,salmon
TRAPPC9,salmon
TRDMT1,salmon
TRERF1,salmon
TRIM15,salmon
TRIM22,salmon
TRIM26,salmon
TRIM27,salmon
TRIM31,salmon
TRIM39,salmon
TRIM6-TRIM34,salmon
TRIM61,salmon
TRIO,salmon
TRIP4,salmon
TRMT6,salmon
TRMT61A,salmon
TRPC3,salmon
TRPC6,salmon
TRPM6,salmon
TRPV2,salmon
TSC22D1,salmon
TSC22D2,salmon
TSNARE1,salmon
TSNAX-DISC1,salmon
TSPAN18,salmon
TSPAN5,salmon
TSSC1,salmon
TTBK2,salmon
TTC1,salmon
TTC14,salmon
TTC15,salmon
TTC23L,salmon
TTN,salmon
TUBB2A,salmon
TUBB2B,salmon
TUFT1,salmon
TUSC3,salmon
TWF1,salmon
U2AF1L4,salmon
UAP1,salmon
UBE2D2,salmon
UBE2D3,salmon
UBE2H,salmon
UBP1,salmon
UBR3,salmon
UBR5,salmon
UBTD2,salmon
UCP2,salmon
UGGT2,salmon
UGP2,salmon
UHRF1,salmon
USP18,salmon
USP3,salmon
USP33,salmon
USP38,salmon
USP45,salmon
USP46,salmon
USP49,salmon
USP6NL,salmon
USPL1,salmon
UST,salmon
UTRN,salmon
UTS2D,salmon
VAMP4,salmon
VANGL1,salmon
VCL,salmon
VDR,salmon
VGLL3,salmon
VGLL4,salmon
VN1R5,salmon
VPS13B,salmon
VPS37A,salmon
VPS53,salmon
VPS8,salmon
VSNL1,salmon
VTCN1,salmon
VTI1A,salmon
VWA3B,salmon
VWDE,salmon
WARS2,salmon
WBSCR17,salmon
WDFY2,salmon
WDR20,salmon
WDR25,salmon
WDR27,salmon
WDR36,salmon
WDR37,salmon
WDR49,salmon
WDR70,salmon
WDR72,salmon
WDR76,salmon
WDR8,salmon
WDR91,salmon
WHSC1L1,salmon
WIPF2,salmon
WIT1,salmon
WNT1,salmon
WRNIP1,salmon
WSCD1,salmon
WWC2,salmon
WWP1,salmon
WWTR1,salmon
XYLB,salmon
YDJC,salmon
YIPF4,salmon
YKT6,salmon
YLPM1,salmon
YOD1,salmon
YPEL5,salmon
YWHAQ,salmon
ZAK,salmon
ZBED3,salmon
ZBTB11,salmon
ZBTB22,salmon
ZBTB24,salmon
ZCCHC11,salmon
ZCCHC4,salmon
ZCCHC6,salmon
ZDHHC12,salmon
ZDHHC14,salmon
ZDHHC2,salmon
ZDHHC21,salmon
ZFAND3,salmon
ZFAT,salmon
ZFC3H1,salmon
ZFHX4,salmon
ZFP1,salmon
ZFP161,salmon
ZFP42,salmon
ZFP64,salmon
ZFPM2,salmon
ZFYVE16,salmon
ZFYVE20,salmon
ZFYVE26,salmon
ZFYVE28,salmon
ZMYM1,salmon
ZNF135,salmon
ZNF16,salmon
ZNF167,salmon
ZNF169,salmon
ZNF189,salmon
ZNF20,salmon
ZNF225,salmon
ZNF236,salmon
ZNF277,salmon
ZNF286A,salmon
ZNF311,salmon
ZNF346,salmon
ZNF385B,salmon
ZNF420,salmon
ZNF423,salmon
ZNF441,salmon
ZNF442,salmon
ZNF462,salmon
ZNF492,salmon
ZNF502,salmon
ZNF507,salmon
ZNF521,salmon
ZNF541,salmon
ZNF599,salmon
ZNF614,salmon
ZNF644,salmon
ZNF649,salmon
ZNF684,salmon
ZNF688,salmon
ZNF71,salmon
ZNF772,salmon
ZNF783,salmon
ZNF784,salmon
ZNF841,salmon
ZNF846,salmon
ZNF880,salmon
ZNHIT6,salmon
ZNRF1,salmon
ZRANB1,salmon
ZSWIM6,salmon
ZZZ3,salmon
A1BG,sienna3
AASS,sienna3
AATK,sienna3
ABCA13,sienna3
ABCB8,sienna3
ABLIM2,sienna3
ABR,sienna3
ABTB2,sienna3
ACAD11,sienna3
ACE,sienna3
ACOX3,sienna3
ACOXL,sienna3
ACSF3,sienna3
ACTB,sienna3
ACTR3C,sienna3
ACYP2,sienna3
ADAM30,sienna3
ADAMTS18,sienna3
ADAMTS2,sienna3
ADCY10,sienna3
ADK,sienna3
ADPGK,sienna3
ADRA1A,sienna3
AES,sienna3
AGAP3,sienna3
AGBL3,sienna3
AGL,sienna3
AGXT2L2,sienna3
AHCTF1,sienna3
AHCYL2,sienna3
AHRR,sienna3
AIMP1,sienna3
AK5,sienna3
AKAP12,sienna3
AKNAD1,sienna3
AKR7A2,sienna3
ALKBH3,sienna3
ANG,sienna3
ANGPT1,sienna3
ANK3,sienna3
ANKLE1,sienna3
ANKRD10,sienna3
ANKRD22,sienna3
ANKRD34A,sienna3
ANKRD55,sienna3
ANP32E,sienna3
ANUBL1,sienna3
APBB2,sienna3
ARHGAP25,sienna3
ARHGEF10,sienna3
ARHGEF5,sienna3
ARL15,sienna3
ARL16,sienna3
ASAH1,sienna3
ASAP1,sienna3
ASAP2,sienna3
ASPH,sienna3
ATAD1,sienna3
ATF6B,sienna3
ATF7IP,sienna3
ATG7,sienna3
ATG9B,sienna3
ATM,sienna3
ATOX1,sienna3
ATP11A,sienna3
ATP1A1,sienna3
ATP5G3,sienna3
ATP5I,sienna3
ATP6V0D1,sienna3
ATR,sienna3
ATXN10,sienna3
ATXN7,sienna3
AUTS2,sienna3
BAD,sienna3
BAMBI,sienna3
BAT5,sienna3
BCAS2,sienna3
BCAS3,sienna3
BEND6,sienna3
BEND7,sienna3
BICC1,sienna3
BIRC3,sienna3
BMF,sienna3
BMP3,sienna3
BMP6,sienna3
BMPER,sienna3
BOC,sienna3
BPGM,sienna3
BPI,sienna3
BRD2,sienna3
BRD9,sienna3
BRE,sienna3
BRI3BP,sienna3
BRIP1,sienna3
BRP44L,sienna3
BTBD11,sienna3
BYSL,sienna3
BZW1,sienna3
C10ORF105,sienna3
C10ORF11,sienna3
C10ORF28,sienna3
C10ORF55,sienna3
C10ORF84,sienna3
C11ORF40,sienna3
C11ORF73,sienna3
C11ORF85,sienna3
C11ORF91,sienna3
C12ORF69,sienna3
C14ORF139,sienna3
C14ORF21,sienna3
C14ORF39,sienna3
C15ORF2,sienna3
C15ORF39,sienna3
C15ORF48,sienna3
C16ORF73,sienna3
C17ORF100,sienna3
C17ORF104,sienna3
C17ORF42,sienna3
C17ORF71,sienna3
C17ORF79,sienna3
C19ORF21,sienna3
C1ORF113,sienna3
C1ORF186,sienna3
C1ORF25,sienna3
C1ORF86,sienna3
C1ORF88,sienna3
C1ORF93,sienna3
C1S,sienna3
C20ORF72,sienna3
C2ORF34,sienna3
C2ORF86,sienna3
C2ORF88,sienna3
C3ORF1,sienna3
C3ORF15,sienna3
C3ORF24,sienna3
C3ORF26,sienna3
C3ORF49,sienna3
C3ORF50,sienna3
C3ORF72,sienna3
C4ORF10,sienna3
C4ORF22,sienna3
C4ORF43,sienna3
C4ORF50,sienna3
C5ORF13,sienna3
C5ORF15,sienna3
C5ORF49,sienna3
C6ORF10,sienna3
C6ORF150,sienna3
C6ORF174,sienna3
C6ORF97,sienna3
C7ORF50,sienna3
C8ORF22,sienna3
C8ORF46,sienna3
C9ORF103,sienna3
C9ORF153,sienna3
C9ORF167,sienna3
C9ORF3,sienna3
CA3,sienna3
CABLES1,sienna3
CADPS2,sienna3
CALCR,sienna3
CALD1,sienna3
CAMK2B,sienna3
CAPN8,sienna3
CAPRIN1,sienna3
CASC5,sienna3
CASP8,sienna3
CASZ1,sienna3
CBFA2T3,sienna3
CBLL1,sienna3
CBS,sienna3
CCDC11,sienna3
CCDC124,sienna3
CCDC47,sienna3
CCDC67,sienna3
CCDC76,sienna3
CCDC90B,sienna3
CCDC94,sienna3
CCL5,sienna3
CCND3,sienna3
CCNJL,sienna3
CCNL1,sienna3
CCNY,sienna3
CD14,sienna3
CD59,sienna3
CD8A,sienna3
CD97,sienna3
CDC20B,sienna3
CDC7,sienna3
CDCA7,sienna3
CDCA7L,sienna3
CDGAP,sienna3
CDH13,sienna3
CDH23,sienna3
CDH4,sienna3
CDK6,sienna3
CEBPZ,sienna3
CELSR3,sienna3
CEP55,sienna3
CEP68,sienna3
CEPT1,sienna3
CHCHD8,sienna3
CHID1,sienna3
CHL1,sienna3
CHMP7,sienna3
CHRM3,sienna3
CHRNA7,sienna3
CHST11,sienna3
CIDEA,sienna3
CIRBP,sienna3
CKAP4,sienna3
CLDN10,sienna3
CLK1,sienna3
CLN8,sienna3
CLPTM1L,sienna3
CLSTN2,sienna3
CLTC,sienna3
CLU,sienna3
CNN2,sienna3
CNO,sienna3
CNOT2,sienna3
CNTD2,sienna3
CNTNAP3,sienna3
CNTNAP5,sienna3
COIL,sienna3
COL11A2,sienna3
COL9A1,sienna3
COMMD5,sienna3
COPB1,sienna3
COQ10A,sienna3
COQ6,sienna3
CORO1A,sienna3
COX5B,sienna3
CPT1A,sienna3
CREB1,sienna3
CREB3L1,sienna3
CREB3L2,sienna3
CRTAM,sienna3
CRYGD,sienna3
CSMD3,sienna3
CSPP1,sienna3
CTBP2,sienna3
CTDP1,sienna3
CTNNA2,sienna3
CTSC,sienna3
CUGBP2,sienna3
CUL1,sienna3
CUTA,sienna3
CXXC1,sienna3
CYB5B,sienna3
CYHR1,sienna3
CYP20A1,sienna3
CYP26C1,sienna3
CYP39A1,sienna3
CYP4V2,sienna3
CYTL1,sienna3
D4S234E,sienna3
DAB1,sienna3
DAK,sienna3
DAXX,sienna3
DAZL,sienna3
DCAF8,sienna3
DCDC2,sienna3
DCLK2,sienna3
DCLRE1C,sienna3
DCP1A,sienna3
DCTN2,sienna3
DDR1,sienna3
DDX25,sienna3
DDX4,sienna3
DDX56,sienna3
DEDD,sienna3
DGAT1,sienna3
DHRS1,sienna3
DHX32,sienna3
DIP2C,sienna3
DISC1,sienna3
DKFZP686A1627,sienna3
DKFZP761E198,sienna3
DLG2,sienna3
DLGAP2,sienna3
DLL1,sienna3
DNAH17,sienna3
DNMT3B,sienna3
DNTTIP2,sienna3
DOCK1,sienna3
DOHH,sienna3
DONSON,sienna3
DPEP3,sienna3
DPP6,sienna3
DPP9,sienna3
DSG4,sienna3
DUSP15,sienna3
DUSP23,sienna3
DUSP4,sienna3
EBF3,sienna3
ECHDC1,sienna3
EDNRB,sienna3
EFNA5,sienna3
EFR3B,sienna3
EGLN1,sienna3
EGR2,sienna3
EHD4,sienna3
EHMT2,sienna3
EIF3B,sienna3
EIF3H,sienna3
EIF4E,sienna3
ELL2,sienna3
ELOVL2,sienna3
EMP1,sienna3
EMP3,sienna3
EMR4P,sienna3
EMX2,sienna3
ENOSF1,sienna3
ENOX1,sienna3
ENPP2,sienna3
EPB41,sienna3
EPB41L2,sienna3
EPO,sienna3
EPS8,sienna3
ERGIC1,sienna3
ERI2,sienna3
ERICH1,sienna3
ERP27,sienna3
ESCO2,sienna3
ESRRB,sienna3
ESYT1,sienna3
EXOC2,sienna3
EXOC4,sienna3
EXOC6B,sienna3
EXOC7,sienna3
EXT1,sienna3
FAM10A4,sienna3
FAM115A,sienna3
FAM117A,sienna3
FAM120B,sienna3
FAM134C,sienna3
FAM13A,sienna3
FAM183B,sienna3
FAM189A2,sienna3
FAM19A4,sienna3
FAM26D,sienna3
FAM43A,sienna3
FAM60A,sienna3
FAM71F2,sienna3
FAM81A,sienna3
FAM83D,sienna3
FANCF,sienna3
FAR1,sienna3
FARP1,sienna3
FARSB,sienna3
FBRSL1,sienna3
FBXL21,sienna3
FBXL7,sienna3
FBXO11,sienna3
FBXO25,sienna3
FBXO3,sienna3
FBXO36,sienna3
FBXO5,sienna3
FBXO9,sienna3
FCER1A,sienna3
FCF1,sienna3
FDFT1,sienna3
FGF12,sienna3
FGF19,sienna3
FGF22,sienna3
FGFBP3,sienna3
FGFRL1,sienna3
FGGY,sienna3
FH,sienna3
FKBP4,sienna3
FKBP5,sienna3
FKBP7,sienna3
FLT3,sienna3
FNDC3B,sienna3
FNIP2,sienna3
FOXC2,sienna3
FOXK1,sienna3
FOXN3,sienna3
FOXO1,sienna3
FOXP1,sienna3
FREM2,sienna3
FREQ,sienna3
FRMD4A,sienna3
FRMPD1,sienna3
FSTL4,sienna3
FTMT,sienna3
FYTTD1,sienna3
GABPB2,sienna3
GABRR2,sienna3
GAK,sienna3
GALNT11,sienna3
GALNT2,sienna3
GALR1,sienna3
GATA3,sienna3
GBAS,sienna3
GC,sienna3
GDF10,sienna3
GDF15,sienna3
GDNF,sienna3
GDPD1,sienna3
GIMAP7,sienna3
GJB7,sienna3
GLB1L2,sienna3
GLIPR1L1,sienna3
GLS,sienna3
GMCL1L,sienna3
GMDS,sienna3
GNB4,sienna3
GNL1,sienna3
GNPTAB,sienna3
GNPTG,sienna3
GOLGA3,sienna3
GOPC,sienna3
GPBP1,sienna3
GPBP1L1,sienna3
GPC6,sienna3
GPD2,sienna3
GPN1,sienna3
GPR12,sienna3
GPR132,sienna3
GPR182,sienna3
GRAMD1C,sienna3
GREM2,sienna3
GRHL2,sienna3
GRIA4,sienna3
GRID2,sienna3
GSDMC,sienna3
GSS,sienna3
GTDC1,sienna3
GTF2A1,sienna3
H2AFJ,sienna3
H2AFV,sienna3
H2AFY,sienna3
HAS2,sienna3
HBB,sienna3
HCG22,sienna3
HDAC4,sienna3
HEATR7B2,sienna3
HECW1,sienna3
HHLA1,sienna3
HIF1AN,sienna3
HINT1,sienna3
HIP1R,sienna3
HIST1H2AL,sienna3
HIST1H2BB,sienna3
HIST1H3E,sienna3
HLA-DPB1,sienna3
HLA-DQA2,sienna3
HMCN1,sienna3
HNRNPA1,sienna3
HNRNPA2B1,sienna3
HNRNPF,sienna3
HNRNPR,sienna3
HOXC11,sienna3
HOXD10,sienna3
HOXD13,sienna3
HPS6,sienna3
HSD17B11,sienna3
HUNK,sienna3
HUS1,sienna3
HYI,sienna3
ICOSLG,sienna3
IFLTD1,sienna3
IGFBP3,sienna3
IGSF22,sienna3
IL12RB2,sienna3
IL20RB,sienna3
IL6,sienna3
ILK,sienna3
INF2,sienna3
INPP5A,sienna3
INPP5F,sienna3
INTS1,sienna3
INTS6,sienna3
INVS,sienna3
IPO9,sienna3
IQCE,sienna3
IQGAP2,sienna3
IRF2,sienna3
IRS1,sienna3
IRX5,sienna3
IVD,sienna3
IWS1,sienna3
JAG2,sienna3
JRK,sienna3
KATNAL1,sienna3
KBTBD11,sienna3
KBTBD2,sienna3
KCNAB2,sienna3
KCNC3,sienna3
KCNK10,sienna3
KCNK12,sienna3
KCNK13,sienna3
KCNK15,sienna3
KCNMB1,sienna3
KCNT1,sienna3
KCTD9,sienna3
KDM3B,sienna3
KDM5A,sienna3
KIAA0415,sienna3
KIAA0776,sienna3
KIAA0831,sienna3
KIAA1324L,sienna3
KIAA1407,sienna3
KIAA1530,sienna3
KIAA1688,sienna3
KIAA1984,sienna3
KIF13B,sienna3
KIF21A,sienna3
KIF26B,sienna3
KLHL29,sienna3
KLK10,sienna3
KMO,sienna3
KTELC1,sienna3
KTN1,sienna3
LAMB1,sienna3
LARP7,sienna3
LASP1,sienna3
LASS6,sienna3
LATS1,sienna3
LEFTY2,sienna3
LEMD1,sienna3
LGI2,sienna3
LHCGR,sienna3
LHPP,sienna3
LIG4,sienna3
LIMA1,sienna3
LIMCH1,sienna3
LIN28B,sienna3
LIN7A,sienna3
LMCD1,sienna3
LMF1,sienna3
LMNB1,sienna3
LMOD2,sienna3
LMX1B,sienna3
LNP1,sienna3
LOC100128731,sienna3
LOC100129716,sienna3
LOC100130987,sienna3
LOC100133308,sienna3
LOC100134259,sienna3
LOC100169752,sienna3
LOC145663,sienna3
LOC283050,sienna3
LOC285692,sienna3
LOC388789,sienna3
LOC401093,sienna3
LOC550112,sienna3
LOC729799,sienna3
LOX,sienna3
LPPR5,sienna3
LRFN3,sienna3
LRIG3,sienna3
LRP5,sienna3
LRRC16A,sienna3
LRRC20,sienna3
LRRC36,sienna3
LRRC43,sienna3
LRRC4C,sienna3
LRRC8D,sienna3
LSAMP,sienna3
LSG1,sienna3
LSM11,sienna3
LSM2,sienna3
LTB,sienna3
LTV1,sienna3
LYPD6B,sienna3
LYRM2,sienna3
LYRM4,sienna3
LYSMD1,sienna3
LZTFL1,sienna3
MADD,sienna3
MAFK,sienna3
MAGI2,sienna3
MAN1C1,sienna3
MAP1LC3B,sienna3
MAP1S,sienna3
MAP2K5,sienna3
MAP3K1,sienna3
MAP4K3,sienna3
MAPK14,sienna3
MAPRE3,sienna3
MAS1,sienna3
MBNL1,sienna3
MBP,sienna3
MCC,sienna3
MCEE,sienna3
MCF2L2,sienna3
MDS2,sienna3
MED23,sienna3
MED25,sienna3
MEGF11,sienna3
MET,sienna3
METAP2,sienna3
METTL1,sienna3
METTL9,sienna3
MFAP5,sienna3
MFN1,sienna3
MGC23270,sienna3
MGC87042,sienna3
MGMT,sienna3
MIA3,sienna3
MICAL1,sienna3
MIER3,sienna3
MIR136,sienna3
MIR373,sienna3
MIR548C,sienna3
MIR548F5,sienna3
MIR548H4,sienna3
MIR551B,sienna3
MIR589,sienna3
MIR591,sienna3
MLH1,sienna3
MLL,sienna3
MLL5,sienna3
MLLT11,sienna3
MLLT4,sienna3
MMAA,sienna3
MMP13,sienna3
MNT,sienna3
MOBKL3,sienna3
MOG,sienna3
MON2,sienna3
MORC3,sienna3
MORG1,sienna3
MOSPD3,sienna3
MPDU1,sienna3
MPP3,sienna3
MRFAP1L1,sienna3
MRPL23,sienna3
MRPL42,sienna3
MRPS25,sienna3
MRPS27,sienna3
MRPS31,sienna3
MRPS33,sienna3
MRPS9,sienna3
MRS2,sienna3
MSX2,sienna3
MTFMT,sienna3
MTHFD1L,sienna3
MTPN,sienna3
MTR,sienna3
MTUS1,sienna3
MYCBP,sienna3
MYLK4,sienna3
MYO10,sienna3
MYO1D,sienna3
MYST1,sienna3
MYT1L,sienna3
MZF1,sienna3
N4BP2L2,sienna3
NAP1L4,sienna3
NAPG,sienna3
NAPRT1,sienna3
NAT14,sienna3
NAT2,sienna3
NAV2,sienna3
NBN,sienna3
NBR2,sienna3
NCAPG,sienna3
NCAPH,sienna3
NCOA2,sienna3
NCOA4,sienna3
NCRNA00171,sienna3
NCRNA00188,sienna3
NDNL2,sienna3
NDUFV1,sienna3
NECAB1,sienna3
NEDD1,sienna3
NEDD4,sienna3
NEK3,sienna3
NELL2,sienna3
NET1,sienna3
NEURL4,sienna3
NFATC1,sienna3
NFE2L1,sienna3
NFIA,sienna3
NGB,sienna3
NHLRC2,sienna3
NIPAL3,sienna3
NKIRAS2,sienna3
NKX2-6,sienna3
NLGN1,sienna3
NMI,sienna3
NMUR2,sienna3
NNT,sienna3
NOL10,sienna3
NR1H2,sienna3
NR1H4,sienna3
NR3C1,sienna3
NR3C2,sienna3
NRG3,sienna3
NRP1,sienna3
NRXN1,sienna3
NSMCE2,sienna3
NT5DC2,sienna3
NUBPL,sienna3
NUMBL,sienna3
NUP214,sienna3
NUP54,sienna3
NUP62,sienna3
NXN,sienna3
NXPH1,sienna3
OAZ2,sienna3
ODZ2,sienna3
OPN5,sienna3
OR1B1,sienna3
OR2T6,sienna3
OR52E4,sienna3
OSBPL5,sienna3
OTOF,sienna3
OTOP2,sienna3
OVOL1,sienna3
P4HA2,sienna3
PACRG,sienna3
PACRGL,sienna3
PAK4,sienna3
PAN2,sienna3
PANK2,sienna3
PAPSS1,sienna3
PARD3,sienna3
PARD3B,sienna3
PARP11,sienna3
PAX2,sienna3
PCBD1,sienna3
PCSK1,sienna3
PCSK5,sienna3
PDCD6IP,sienna3
PDCD7,sienna3
PDE4D,sienna3
PDE4DIP,sienna3
PDLIM3,sienna3
PDLIM5,sienna3
PEG3,sienna3
PER2,sienna3
PEX5,sienna3
PFDN5,sienna3
PFKFB3,sienna3
PFKFB4,sienna3
PHLDA3,sienna3
PIF1,sienna3
PIK3C3,sienna3
PIK3R5,sienna3
PINX1,sienna3
PIRT,sienna3
PITPNC1,sienna3
PKM2,sienna3
PKP3,sienna3
PLEKHA5,sienna3
PLEKHF2,sienna3
PLEKHJ1,sienna3
PLEKHM2,sienna3
PLK4,sienna3
PLS1,sienna3
PLXNA4,sienna3
PMFBP1,sienna3
PNPLA7,sienna3
POLA2,sienna3
POLR1E,sienna3
POLR2B,sienna3
POLR3C,sienna3
POP5,sienna3
POU4F1,sienna3
PPFIA3,sienna3
PPM1L,sienna3
PPP1R12A,sienna3
PPP1R9A,sienna3
PPP2R5E,sienna3
PPP3CC,sienna3
PRDM11,sienna3
PRDX3,sienna3
PRELID2,sienna3
PRKAR1B,sienna3
PRKRA,sienna3
PROX1,sienna3
PROX2,sienna3
PRPF4B,sienna3
PRR25,sienna3
PRR4,sienna3
PRR5L,sienna3
PRRG4,sienna3
PRRT1,sienna3
PRRX2,sienna3
PRTG,sienna3
PSD2,sienna3
PSKH1,sienna3
PSMB9,sienna3
PTAR1,sienna3
PTK2,sienna3
PTPN9,sienna3
PTPRN2,sienna3
PURG,sienna3
PVRL3,sienna3
PXMP2,sienna3
RAB1B,sienna3
RAB20,sienna3
RAB23,sienna3
RAB28,sienna3
RAB2B,sienna3
RAB40C,sienna3
RABAC1,sienna3
RAD51,sienna3
RAD51L1,sienna3
RAET1K,sienna3
RALGPS2,sienna3
RALY,sienna3
RALYL,sienna3
RASA1,sienna3
RASGRP3,sienna3
RBM23,sienna3
RBMS1,sienna3
RBMS3,sienna3
RBMXL2,sienna3
RBPMS,sienna3
RELA,sienna3
REPIN1,sienna3
RET,sienna3
RFC2,sienna3
RFC4,sienna3
RFTN1,sienna3
RFTN2,sienna3
RGS1,sienna3
RGS12,sienna3
RGS5,sienna3
RHOBTB1,sienna3
RHOQ,sienna3
RHOV,sienna3
RIMKLB,sienna3
RMST,sienna3
RNASE4,sienna3
RNF122,sienna3
RNF130,sienna3
RNF139,sienna3
RNF141,sienna3
RNF144A,sienna3
RNF150,sienna3
RNF168,sienna3
RNF208,sienna3
RNU6ATAC,sienna3
ROBO1,sienna3
RP9,sienna3
RPH3AL,sienna3
RPL24,sienna3
RPL30,sienna3
RPL37,sienna3
RPL5,sienna3
RPP21,sienna3
RPP30,sienna3
RQCD1,sienna3
RRM2B,sienna3
RRP7A,sienna3
RSBN1L,sienna3
RSPO1,sienna3
RTN1,sienna3
RUFY2,sienna3
RUNX1,sienna3
RUNX3,sienna3
RUVBL1,sienna3
RXFP2,sienna3
RXRB,sienna3
RYBP,sienna3
SALL1,sienna3
SAP130,sienna3
SAR1A,sienna3
SCFD2,sienna3
SCGB3A2,sienna3
SCN8A,sienna3
SDC2,sienna3
SDCCAG1,sienna3
SDHAF2,sienna3
SDK2,sienna3
SEC23A,sienna3
SEC24C,sienna3
SEC24D,sienna3
SEC31A,sienna3
SELK,sienna3
SEMA4C,sienna3
SEP-05,sienna3
SEP-10,sienna3
SEPHS2,sienna3
SEPSECS,sienna3
SERPINA4,sienna3
SETD8,sienna3
SFI1,sienna3
SFRS13A,sienna3
SFRS4,sienna3
SFRS8,sienna3
SH2B3,sienna3
SH3BGR,sienna3
SH3PXD2A,sienna3
SH3RF3,sienna3
SHC4,sienna3
SHF,sienna3
SIAH3,sienna3
SIDT1,sienna3
SKP2,sienna3
SLAMF7,sienna3
SLC10A7,sienna3
SLC12A6,sienna3
SLC12A7,sienna3
SLC16A6,sienna3
SLC25A31,sienna3
SLC25A33,sienna3
SLC26A2,sienna3
SLC30A1,sienna3
SLC30A2,sienna3
SLC35B1,sienna3
SLC35B3,sienna3
SLC39A1,sienna3
SLC39A3,sienna3
SLC4A4,sienna3
SLC6A1,sienna3
SMAD5,sienna3
SMPDL3A,sienna3
SMYD3,sienna3
SNCAIP,sienna3
SNN,sienna3
SNORA54,sienna3
SNORD113-9,sienna3
SNTG1,sienna3
SNX8,sienna3
SNX9,sienna3
SOAT1,sienna3
SORBS2,sienna3
SOX2OT,sienna3
SOX4,sienna3
SP110,sienna3
SPAG8,sienna3
SPATA13,sienna3
SPATA24,sienna3
SPEF2,sienna3
SPG20,sienna3
SPINK5,sienna3
SPINK8,sienna3
SPSB4,sienna3
SPTAN1,sienna3
SQSTM1,sienna3
SRD5A1,sienna3
SSH3,sienna3
ST14,sienna3
ST18,sienna3
STAC,sienna3
STOX2,sienna3
STX4,sienna3
SUB1,sienna3
SUGT1L1,sienna3
SULF2,sienna3
SUPT3H,sienna3
SV2B,sienna3
SVIL,sienna3
SYNGAP1,sienna3
SYNJ2,sienna3
SYTL2,sienna3
TAF13,sienna3
TAF3,sienna3
TANC1,sienna3
TAS2R3,sienna3
TBC1D16,sienna3
TBC1D20,sienna3
TBC1D23,sienna3
TBC1D4,sienna3
TBCD,sienna3
TBX20,sienna3
TBX6,sienna3
TBXA2R,sienna3
TCEA1,sienna3
TCHP,sienna3
TCOF1,sienna3
TCTN3,sienna3
TECTA,sienna3
TEX101,sienna3
TFCP2,sienna3
TFG,sienna3
THOC7,sienna3
THSD4,sienna3
TIA1,sienna3
TIMM17A,sienna3
TK2,sienna3
TLK1,sienna3
TMCO3,sienna3
TMED1,sienna3
TMEM128,sienna3
TMEM159,sienna3
TMEM176B,sienna3
TMEM194A,sienna3
TMEM201,sienna3
TMEM208,sienna3
TMEM217,sienna3
TMEM218,sienna3
TMEM25,sienna3
TMEM51,sienna3
TMEM65,sienna3
TMEM66,sienna3
TMEM79,sienna3
TMEM9B,sienna3
TNFRSF10B,sienna3
TNKS,sienna3
TNP2,sienna3
TNRC18,sienna3
TNXB,sienna3
TPM3,sienna3
TPMT,sienna3
TRAP1,sienna3
TRAPPC3,sienna3
TRAPPC5,sienna3
TRAPPC9,sienna3
TRIM2,sienna3
TRIM26,sienna3
TRIM27,sienna3
TRIM28,sienna3
TRIM31,sienna3
TRIM36,sienna3
TRIM39,sienna3
TRIM68,sienna3
TRIO,sienna3
TRIP12,sienna3
TRPC3,sienna3
TSC1,sienna3
TSFM,sienna3
TSLP,sienna3
TSNAX-DISC1,sienna3
TSPAN5,sienna3
TTC17,sienna3
TTC28,sienna3
TTC3,sienna3
TTC38,sienna3
TTC39B,sienna3
TTC4,sienna3
TTLL11,sienna3
TTLL5,sienna3
TUBGCP2,sienna3
TXNDC3,sienna3
TXNDC6,sienna3
U2AF1,sienna3
UBA5,sienna3
UBE2D3,sienna3
UBE2E2,sienna3
UBE2G1,sienna3
UBE2G2,sienna3
UBE2V2,sienna3
UBE3C,sienna3
UBN1,sienna3
UBTD2,sienna3
UFC1,sienna3
UGDH,sienna3
UGP2,sienna3
ULK4,sienna3
UNC5C,sienna3
UNC5D,sienna3
UNK,sienna3
UPF2,sienna3
UPK3A,sienna3
UROC1,sienna3
USE1,sienna3
USH1C,sienna3
USP14,sienna3
USP31,sienna3
USP38,sienna3
USP47,sienna3
USP49,sienna3
VCAN,sienna3
VCL,sienna3
VGLL4,sienna3
VOPP1,sienna3
VPS13B,sienna3
VPS13D,sienna3
VPS16,sienna3
VPS37B,sienna3
VRK2,sienna3
VSIG8,sienna3
VWA3B,sienna3
VWA5B1,sienna3
WAPAL,sienna3
WBP2,sienna3
WBP4,sienna3
WDHD1,sienna3
WDR27,sienna3
WDR36,sienna3
WDR65,sienna3
WDR67,sienna3
WDR7,sienna3
WDR86,sienna3
WDR90,sienna3
WFS1,sienna3
WIPI2,sienna3
WISP1,sienna3
WNK2,sienna3
WNT2,sienna3
WNT5B,sienna3
WNT9A,sienna3
XKR6,sienna3
XRCC3,sienna3
YAP1,sienna3
YIPF4,sienna3
YWHAB,sienna3
ZAK,sienna3
ZBTB7A,sienna3
ZBTB9,sienna3
ZC3H13,sienna3
ZC3H3,sienna3
ZCCHC10,sienna3
ZCCHC24,sienna3
ZCCHC3,sienna3
ZDHHC14,sienna3
ZDHHC19,sienna3
ZFAND1,sienna3
ZFP41,sienna3
ZFR2,sienna3
ZIC1,sienna3
ZIK1,sienna3
ZMYM2,sienna3
ZMYND8,sienna3
ZNF143,sienna3
ZNF148,sienna3
ZNF155,sienna3
ZNF211,sienna3
ZNF213,sienna3
ZNF234,sienna3
ZNF235,sienna3
ZNF236,sienna3
ZNF292,sienna3
ZNF30,sienna3
ZNF302,sienna3
ZNF318,sienna3
ZNF416,sienna3
ZNF426,sienna3
ZNF432,sienna3
ZNF470,sienna3
ZNF552,sienna3
ZNF554,sienna3
ZNF626,sienna3
ZNF681,sienna3
ZNF691,sienna3
ZNF771,sienna3
ZNF831,sienna3
ZNF837,sienna3
ZNF862,sienna3
ZSCAN16,sienna3
ZSCAN21,sienna3
ZSCAN23,sienna3
ZSWIM7,sienna3
A2BP1,skyblue
AAK1,skyblue
AASDH,skyblue
ABCA13,skyblue
ABCB1,skyblue
ABCC11,skyblue
ABHD4,skyblue
ABL2,skyblue
ABLIM1,skyblue
ACACA,skyblue
ACCSL,skyblue
ACOT11,skyblue
ACTR3C,skyblue
ACTR8,skyblue
ADAM11,skyblue
ADAMTS2,skyblue
ADCY6,skyblue
ADRA2A,skyblue
AFG3L1,skyblue
AGAP1,skyblue
AGBL1,skyblue
AGFG2,skyblue
AGPAT3,skyblue
AGPHD1,skyblue
AGXT2,skyblue
AHCYL1,skyblue
AHNAK,skyblue
AHRR,skyblue
AKAP10,skyblue
AKR1C2,skyblue
AKR1D1,skyblue
ALG5,skyblue
ALLC,skyblue
ANGPT1,skyblue
ANK1,skyblue
ANKRD12,skyblue
ANKRD13A,skyblue
ANKRD31,skyblue
ANP32B,skyblue
ANTXR1,skyblue
AP1M1,skyblue
APBB2,skyblue
APITD1,skyblue
ARF1,skyblue
ARFGAP2,skyblue
ARID1B,skyblue
ARMC4,skyblue
ARSG,skyblue
ARVCF,skyblue
ASAP1IT1,skyblue
ATIC,skyblue
ATM,skyblue
ATOX1,skyblue
ATP10A,skyblue
ATP5B,skyblue
ATXN1,skyblue
ATXN1L,skyblue
AURKC,skyblue
B3GALNT2,skyblue
B3GALTL,skyblue
B4GALNT4,skyblue
BAI3,skyblue
BANF1,skyblue
BAT1,skyblue
BAT2,skyblue
BCAS2,skyblue
BCAT1,skyblue
BCL11A,skyblue
BCL2,skyblue
BCL2L10,skyblue
BCL6,skyblue
BCL9L,skyblue
BDNF,skyblue
BEGAIN,skyblue
BEND3,skyblue
BET1L,skyblue
BFAR,skyblue
BICC1,skyblue
BIK,skyblue
BLZF1,skyblue
BMP8B,skyblue
BOC,skyblue
BOD1,skyblue
BOLL,skyblue
BPIL1,skyblue
BRCA1,skyblue
BRD2,skyblue
BRD8,skyblue
BRP44,skyblue
BRUNOL4,skyblue
BSG,skyblue
C10ORF119,skyblue
C10ORF131,skyblue
C10ORF26,skyblue
C10ORF4,skyblue
C11ORF30,skyblue
C11ORF60,skyblue
C11ORF63,skyblue
C11ORF73,skyblue
C11ORF87,skyblue
C11ORF91,skyblue
C12ORF35,skyblue
C12ORF49,skyblue
C12ORF68,skyblue
C13ORF38,skyblue
C14ORF101,skyblue
C14ORF102,skyblue
C14ORF135,skyblue
C14ORF37,skyblue
C15ORF26,skyblue
C15ORF27,skyblue
C15ORF33,skyblue
C15ORF42,skyblue
C16ORF5,skyblue
C16ORF80,skyblue
C16ORF86,skyblue
C16ORF87,skyblue
C16ORF91,skyblue
C17ORF100,skyblue
C17ORF56,skyblue
C17ORF61,skyblue
C17ORF63,skyblue
C17ORF93,skyblue
C18ORF8,skyblue
C19ORF10,skyblue
C19ORF47,skyblue
C19ORF73,skyblue
C1ORF107,skyblue
C1ORF151,skyblue
C1ORF156,skyblue
C1ORF168,skyblue
C1ORF200,skyblue
C1ORF31,skyblue
C1ORF52,skyblue
C1QL2,skyblue
C20ORF199,skyblue
C20ORF26,skyblue
C21ORF56,skyblue
C3ORF14,skyblue
C4ORF19,skyblue
C6ORF10,skyblue
C6ORF118,skyblue
C6ORF165,skyblue
C7ORF50,skyblue
C8ORF34,skyblue
C8ORF84,skyblue
C9ORF46,skyblue
C9ORF95,skyblue
CACNG4,skyblue
CADM1,skyblue
CAMK1D,skyblue
CAMKK1,skyblue
CAMKK2,skyblue
CAMKV,skyblue
CAMTA2,skyblue
CANT1,skyblue
CARD10,skyblue
CASP8,skyblue
CBARA1,skyblue
CBLN3,skyblue
CBR4,skyblue
CBS,skyblue
CC2D2A,skyblue
CCDC13,skyblue
CCDC39,skyblue
CCDC52,skyblue
CCDC90A,skyblue
CCDC96,skyblue
CCNI,skyblue
CCT8,skyblue
CD164L2,skyblue
CD247,skyblue
CD6,skyblue
CD63,skyblue
CDAN1,skyblue
CDC16,skyblue
CDC23,skyblue
CDC42,skyblue
CDC5L,skyblue
CDH11,skyblue
CDH23,skyblue
CDKL4,skyblue
CELSR3,skyblue
CEP55,skyblue
CES2,skyblue
CES3,skyblue
CGA,skyblue
CHCHD10,skyblue
CHST12,skyblue
CLEC16A,skyblue
CNGA1,skyblue
CNN3,skyblue
CNTNAP2,skyblue
COCH,skyblue
COG7,skyblue
COL12A1,skyblue
COPE,skyblue
COPS7B,skyblue
COX7A2,skyblue
COX7A2L,skyblue
CPEB3,skyblue
CREB3,skyblue
CREB3L1,skyblue
CREB3L2,skyblue
CREB5,skyblue
CSMD1,skyblue
CTCF,skyblue
CTNNA3,skyblue
CTNND1,skyblue
CUL3,skyblue
CWH43,skyblue
CXCL3,skyblue
CYP20A1,skyblue
D4S234E,skyblue
DAPK3,skyblue
DBF4,skyblue
DBT,skyblue
DCDC1,skyblue
DCLK2,skyblue
DDIT3,skyblue
DDX41,skyblue
DDX55,skyblue
DEPDC1B,skyblue
DHRS11,skyblue
DHRS12,skyblue
DHRS7,skyblue
DHX16,skyblue
DHX29,skyblue
DIP2B,skyblue
DISC1,skyblue
DKK4,skyblue
DLEU1,skyblue
DLGAP1,skyblue
DLGAP2,skyblue
DLK2,skyblue
DLST,skyblue
DNAH11,skyblue
DNAH5,skyblue
DNAJC24,skyblue
DNALI1,skyblue
DOCK10,skyblue
DOT1L,skyblue
DPH5,skyblue
DPP10,skyblue
DPYSL3,skyblue
DSCAML1,skyblue
DTNBP1,skyblue
DUS2L,skyblue
DUSP10,skyblue
DUSP6,skyblue
DUXA,skyblue
DYNLL1,skyblue
DYNLT1,skyblue
EBAG9,skyblue
EBF1,skyblue
EEF1DP3,skyblue
EEF2,skyblue
EGR3,skyblue
EHD1,skyblue
EHMT2,skyblue
EI24,skyblue
EIF2AK4,skyblue
EIF4EBP3,skyblue
EIF5,skyblue
ELAVL4,skyblue
ELMO2,skyblue
EMB,skyblue
EPHA10,skyblue
EPS8,skyblue
ERCC4,skyblue
ERI2,skyblue
ERICH1,skyblue
ERP27,skyblue
ETHE1,skyblue
EXOC2,skyblue
EXOC4,skyblue
EYA4,skyblue
F2R,skyblue
FADS2,skyblue
FAM123A,skyblue
FAM125A,skyblue
FAM136A,skyblue
FAM155A,skyblue
FAM160B2,skyblue
FAM168B,skyblue
FAM170A,skyblue
FAM190B,skyblue
FAM46B,skyblue
FAM53A,skyblue
FAM8A1,skyblue
FANCI,skyblue
FASTKD5,skyblue
FBXO33,skyblue
FBXO5,skyblue
FCHSD2,skyblue
FDFT1,skyblue
FDPS,skyblue
FER,skyblue
FEZ1,skyblue
FGFR3,skyblue
FKRP,skyblue
FKSG83,skyblue
FLCN,skyblue
FLJ22536,skyblue
FLJ23834,skyblue
FLJ42709,skyblue
FLJ45983,skyblue
FOXA2,skyblue
FOXF2,skyblue
FOXJ1,skyblue
FOXJ3,skyblue
FOXN2,skyblue
FOXP1,skyblue
FRAS1,skyblue
FRMD3,skyblue
FUBP1,skyblue
FUCA1,skyblue
FUT10,skyblue
FZD5,skyblue
GAL,skyblue
GAL3ST2,skyblue
GALNT7,skyblue
GALNTL4,skyblue
GBP3,skyblue
GCNT1,skyblue
GHRH,skyblue
GK5,skyblue
GLI3,skyblue
GLT25D1,skyblue
GMCL1,skyblue
GMEB2,skyblue
GNAL,skyblue
GNAQ,skyblue
GNL1,skyblue
GOLM1,skyblue
GOLT1B,skyblue
GOPC,skyblue
GP5,skyblue
GPAA1,skyblue
GPR107,skyblue
GPR124,skyblue
GPR155,skyblue
GPR172B,skyblue
GPR177,skyblue
GPR3,skyblue
GPR37,skyblue
GPX5,skyblue
GRIA1,skyblue
GRIA4,skyblue
GRIK2,skyblue
GSTM4,skyblue
GTF2E1,skyblue
GTF2H5,skyblue
GTF3C3,skyblue
HAL,skyblue
HAND1,skyblue
HCCA2,skyblue
HERC4,skyblue
HHLA3,skyblue
HINT3,skyblue
HIST1H2AL,skyblue
HIVEP1,skyblue
HLA-DPB2,skyblue
HLA-DRB5,skyblue
HLA-E,skyblue
HNRNPUL1,skyblue
HPS5,skyblue
HRASLS5,skyblue
HSD17B11,skyblue
HSD17B13,skyblue
HTATIP2,skyblue
HYI,skyblue
HYOU1,skyblue
IARS,skyblue
ICAM5,skyblue
IDH2,skyblue
IDH3A,skyblue
IFT57,skyblue
IGDCC4,skyblue
IGF1R,skyblue
IGF2AS,skyblue
IGF2BP3,skyblue
IKBKAP,skyblue
IKZF3,skyblue
IL17F,skyblue
IL6ST,skyblue
ILVBL,skyblue
IMMT,skyblue
ING2,skyblue
INPP5A,skyblue
IP6K1,skyblue
IPCEF1,skyblue
IPO7,skyblue
IQCB1,skyblue
IRX1,skyblue
ITGA7,skyblue
JAM3,skyblue
JPH3,skyblue
KATNAL1,skyblue
KCNAB1,skyblue
KCNK10,skyblue
KCNQ1DN,skyblue
KCTD18,skyblue
KDM2A,skyblue
KDM6B,skyblue
KHDRBS3,skyblue
KIAA0101,skyblue
KIAA0226,skyblue
KIAA0564,skyblue
KIAA1530,skyblue
KIAA1549,skyblue
KIF13A,skyblue
KIF24,skyblue
KIF27,skyblue
KIF5C,skyblue
KLF16,skyblue
KLHDC2,skyblue
KLHDC8B,skyblue
KLHL23,skyblue
KRT86,skyblue
LARS2,skyblue
LASS2,skyblue
LBH,skyblue
LCMT1,skyblue
LDB2,skyblue
LDHA,skyblue
LDLRAD3,skyblue
LEMD2,skyblue
LGR5,skyblue
LHX4,skyblue
LHX6,skyblue
LHX9,skyblue
LIMA1,skyblue
LIMD2,skyblue
LIPA,skyblue
LIPT2,skyblue
LNP1,skyblue
LOC100128164,skyblue
LOC100130691,skyblue
LOC100134713,skyblue
LOC221710,skyblue
LOC285627,skyblue
LOC285954,skyblue
LOC399815,skyblue
LOC401052,skyblue
LOC550112,skyblue
LOC729991-MEF2B,skyblue
LRBA,skyblue
LRGUK,skyblue
LRRC10,skyblue
LRRC4,skyblue
LRRC42,skyblue
LSG1,skyblue
LSM3,skyblue
LSM4,skyblue
LUZP1,skyblue
LY86,skyblue
LYSMD3,skyblue
LYST,skyblue
LZTS2,skyblue
MACF1,skyblue
MANSC1,skyblue
MAP3K4,skyblue
MAP4K5,skyblue
MAP7,skyblue
MAPK15,skyblue
MAPK4,skyblue
MAPK7,skyblue
MAPKAPK5,skyblue
MAPRE1,skyblue
MAR-03,skyblue
MARCKS,skyblue
MAS1,skyblue
MATN2,skyblue
MBOAT2,skyblue
MCF2L,skyblue
MCM2,skyblue
MED12L,skyblue
MED27,skyblue
MEF2C,skyblue
MEF2D,skyblue
MEI1,skyblue
METAP1,skyblue
METT10D,skyblue
MGAT1,skyblue
MIR1181,skyblue
MLXIPL,skyblue
MNT,skyblue
MORC3,skyblue
MOV10,skyblue
MPV17L,skyblue
MRE11A,skyblue
MRFAP1,skyblue
MRPL42,skyblue
MRPL52,skyblue
MRPS18B,skyblue
MRPS25,skyblue
MRPS9,skyblue
MSC,skyblue
MSLN,skyblue
MTDH,skyblue
MVK,skyblue
MXD1,skyblue
MYADML,skyblue
MYC,skyblue
MYCBP,skyblue
MYH9,skyblue
MYO10,skyblue
MYO1C,skyblue
MYO1H,skyblue
MYO6,skyblue
MYOF,skyblue
MYOM3,skyblue
MYT1L,skyblue
NAA16,skyblue
NAGPA,skyblue
NAP1L5,skyblue
NAT6,skyblue
NBN,skyblue
NBR1,skyblue
NCAPH2,skyblue
NCOR2,skyblue
NDFIP1,skyblue
NECAB2,skyblue
NETO2,skyblue
NFATC2IP,skyblue
NFATC3,skyblue
NFE2L2,skyblue
NFKBIL1,skyblue
NFYC,skyblue
NHP2,skyblue
NINJ2,skyblue
NIPA1,skyblue
NIPA2,skyblue
NLRP13,skyblue
NOC4L,skyblue
NOP16,skyblue
NOTCH4,skyblue
NPNT,skyblue
NPR2,skyblue
NPY,skyblue
NPY1R,skyblue
NRAS,skyblue
NRBP2,skyblue
NRM,skyblue
NRN1,skyblue
NSF,skyblue
NSMCE2,skyblue
NSUN3,skyblue
NUBPL,skyblue
NUDT15,skyblue
NUDT5,skyblue
NUP133,skyblue
NUP188,skyblue
NUPL2,skyblue
OCA2,skyblue
ODZ4,skyblue
OLIG2,skyblue
OPA3,skyblue
OPCML,skyblue
OPN3,skyblue
OR11L1,skyblue
OSBPL5,skyblue
OSCP1,skyblue
OTUD7B,skyblue
OTX1,skyblue
PALLD,skyblue
PAN2,skyblue
PAPD5,skyblue
PARD3,skyblue
PAX3,skyblue
PCDHA7,skyblue
PCDHB7,skyblue
PCIF1,skyblue
PCSK1,skyblue
PDCD6,skyblue
PDCL3,skyblue
PDE3B,skyblue
PDE5A,skyblue
PDGFA,skyblue
PDLIM3,skyblue
PDP1,skyblue
PDS5A,skyblue
PECAM1,skyblue
PELI1,skyblue
PES1,skyblue
PFKFB3,skyblue
PGAP2,skyblue
PGR,skyblue
PHACTR4,skyblue
PHGDH,skyblue
PHKG2,skyblue
PHOX2A,skyblue
PHTF2,skyblue
PHYHIPL,skyblue
PI4K2A,skyblue
PIAS4,skyblue
PID1,skyblue
PIF1,skyblue
PIGV,skyblue
PIP5KL1,skyblue
PITPNA,skyblue
PITPNB,skyblue
PLD3,skyblue
PLEC1,skyblue
PLEKHA7,skyblue
PLEKHH2,skyblue
PLEKHO1,skyblue
PLIN3,skyblue
PLK4,skyblue
PML,skyblue
POLB,skyblue
POLD3,skyblue
POLR3D,skyblue
POLR3K,skyblue
POPDC3,skyblue
POU5F1B,skyblue
PPDPF,skyblue
PPP1R7,skyblue
PPRC1,skyblue
PRDM16,skyblue
PRDM6,skyblue
PRDM8,skyblue
PREPL,skyblue
PRKAR1A,skyblue
PRKG1,skyblue
PRKRA,skyblue
PRR3,skyblue
PRRT2,skyblue
PSMD9,skyblue
PSME1,skyblue
PTH1R,skyblue
PTP4A1,skyblue
PTPN12,skyblue
PTPRN2,skyblue
PTPRU,skyblue
PUSL1,skyblue
PWP1,skyblue
PXMP3,skyblue
RAB11FIP3,skyblue
RAB13,skyblue
RAB33B,skyblue
RAB6A,skyblue
RACGAP1,skyblue
RAD51AP2,skyblue
RARB,skyblue
RARG,skyblue
RASA3,skyblue
RB1,skyblue
RBM12,skyblue
RCN2,skyblue
REV1,skyblue
REXO2,skyblue
RFWD2,skyblue
RFX4,skyblue
RG9MTD2,skyblue
RGL3,skyblue
RGS17,skyblue
RGS2,skyblue
RHBDD2,skyblue
RICTOR,skyblue
RIN3,skyblue
RIOK2,skyblue
RNF25,skyblue
RNFT2,skyblue
RNPEPL1,skyblue
RNPS1,skyblue
ROBO2,skyblue
RPL21,skyblue
RPP40,skyblue
RPRD2,skyblue
RPS7,skyblue
RPTOR,skyblue
RRP12,skyblue
RTN1,skyblue
RUFY4,skyblue
RUNX2,skyblue
RUVBL1,skyblue
S100PBP,skyblue
SACM1L,skyblue
SALL2,skyblue
SARM1,skyblue
SCD,skyblue
SCD5,skyblue
SCN8A,skyblue
SCOC,skyblue
SDCCAG8,skyblue
SDK1,skyblue
SEC23B,skyblue
SEL1L,skyblue
SELV,skyblue
SEMA5A,skyblue
SEMA6B,skyblue
SEP-09,skyblue
SERGEF,skyblue
SERHL2,skyblue
SETDB1,skyblue
SFRS1,skyblue
SFRS11,skyblue
SFRS18,skyblue
SFRS7,skyblue
SFXN4,skyblue
SH3RF3,skyblue
SHROOM3,skyblue
SIX2,skyblue
SLC10A7,skyblue
SLC14A2,skyblue
SLC22A23,skyblue
SLC25A23,skyblue
SLC25A27,skyblue
SLC25A28,skyblue
SLC25A37,skyblue
SLC25A4,skyblue
SLC26A3,skyblue
SLC27A1,skyblue
SLC30A7,skyblue
SLC39A14,skyblue
SLC39A8,skyblue
SLC41A2,skyblue
SLC6A15,skyblue
SLITRK5,skyblue
SLITRK6,skyblue
SLMO1,skyblue
SMAD1,skyblue
SMEK2,skyblue
SNORA2A,skyblue
SNORD105,skyblue
SNORD27,skyblue
SNX9,skyblue
SORCS2,skyblue
SORD,skyblue
SOX5,skyblue
SP6,skyblue
SPAG1,skyblue
SPAG16,skyblue
SPAST,skyblue
SPOP,skyblue
SPPL3,skyblue
SPRY4,skyblue
SRI,skyblue
SSBP1,skyblue
SSH1,skyblue
SSRP1,skyblue
SSX2IP,skyblue
ST6GALNAC5,skyblue
ST7L,skyblue
STARD13,skyblue
STAT1,skyblue
STAT6,skyblue
STK10,skyblue
STK11IP,skyblue
STK31,skyblue
STOML1,skyblue
STRA8,skyblue
STT3A,skyblue
STYXL1,skyblue
SUGT1,skyblue
SULF1,skyblue
SULT6B1,skyblue
SUV39H2,skyblue
SVIP,skyblue
SVOPL,skyblue
SYCE1L,skyblue
SYNE1,skyblue
SYT1,skyblue
SYTL2,skyblue
TAF12,skyblue
TAF1A,skyblue
TARS,skyblue
TAS2R4,skyblue
TBC1D16,skyblue
TBC1D19,skyblue
TBCCD1,skyblue
TBKBP1,skyblue
TBL1XR1,skyblue
TBPL1,skyblue
TBX18,skyblue
TBX2,skyblue
TBXAS1,skyblue
TCF7L1,skyblue
TCF7L2,skyblue
TCL1A,skyblue
TCP11L2,skyblue
TERF2,skyblue
TEX12,skyblue
TFAP2B,skyblue
TFDP1,skyblue
TGFB3,skyblue
THAP5,skyblue
THNSL2,skyblue
THOP1,skyblue
THRB,skyblue
TIAL1,skyblue
TLE3,skyblue
TLE4,skyblue
TLL2,skyblue
TM2D1,skyblue
TM9SF2,skyblue
TM9SF3,skyblue
TM9SF4,skyblue
TMED5,skyblue
TMED7-TICAM2,skyblue
TMED9,skyblue
TMEM110,skyblue
TMEM150A,skyblue
TMEM155,skyblue
TMEM161A,skyblue
TMEM19,skyblue
TMEM232,skyblue
TMEM37,skyblue
TMEM44,skyblue
TMEM49,skyblue
TMEM62,skyblue
TMEM66,skyblue
TMEM68,skyblue
TMEM85,skyblue
TMEM89,skyblue
TMEM97,skyblue
TMPO,skyblue
TMTC2,skyblue
TNF,skyblue
TNFAIP1,skyblue
TNFAIP8,skyblue
TNFSF11,skyblue
TNIP3,skyblue
TNPO3,skyblue
TNXB,skyblue
TOM1L1,skyblue
TP53BP2,skyblue
TP53INP2,skyblue
TPK1,skyblue
TPT1,skyblue
TRAFD1,skyblue
TRIM10,skyblue
TRIM27,skyblue
TRIM3,skyblue
TRIO,skyblue
TROAP,skyblue
TRPC6,skyblue
TRPM6,skyblue
TRUB1,skyblue
TSC1,skyblue
TSTD2,skyblue
TTC15,skyblue
TTC39C,skyblue
TTLL11,skyblue
TUBGCP3,skyblue
TXNDC17,skyblue
TXNDC9,skyblue
TXNRD3IT1,skyblue
UAP1,skyblue
UBE2C,skyblue
UBE2O,skyblue
UBE2S,skyblue
UBL7,skyblue
UGDH,skyblue
UGGT2,skyblue
UGP2,skyblue
UNC5A,skyblue
UNC84A,skyblue
UNKL,skyblue
USP1,skyblue
USP48,skyblue
USPL1,skyblue
UXS1,skyblue
VAV2,skyblue
VAX1,skyblue
VCPIP1,skyblue
VGLL2,skyblue
VPS13C,skyblue
VPS25,skyblue
VPS52,skyblue
VWA3B,skyblue
VWA5B2,skyblue
WASL,skyblue
WDR37,skyblue
WDR41,skyblue
WDR77,skyblue
WFDC9,skyblue
WIPI1,skyblue
WNK4,skyblue
WRB,skyblue
WSB1,skyblue
WSB2,skyblue
WSCD2,skyblue
XPO1,skyblue
XRCC5,skyblue
XYLB,skyblue
YPEL1,skyblue
YTHDC1,skyblue
ZBTB25,skyblue
ZBTB45,skyblue
ZCCHC10,skyblue
ZCCHC2,skyblue
ZDHHC17,skyblue
ZFP36L1,skyblue
ZFYVE1,skyblue
ZKSCAN3,skyblue
ZKSCAN5,skyblue
ZMAT2,skyblue
ZNF12,skyblue
ZNF138,skyblue
ZNF175,skyblue
ZNF200,skyblue
ZNF260,skyblue
ZNF302,skyblue
ZNF419,skyblue
ZNF442,skyblue
ZNF493,skyblue
ZNF496,skyblue
ZNF500,skyblue
ZNF516,skyblue
ZNF557,skyblue
ZNF660,skyblue
ZNF667,skyblue
ZNF696,skyblue
ZNF749,skyblue
ZNF827,skyblue
ZNHIT6,skyblue
ZSCAN1,skyblue
ZSCAN20,skyblue
ZSWIM6,skyblue
ZUFSP,skyblue
ZWILCH,skyblue
AADAT,skyblue3
AARS2,skyblue3
ABHD14B,skyblue3
ABR,skyblue3
ACAA1,skyblue3
ADAMTS6,skyblue3
ADCY4,skyblue3
AGFG1,skyblue3
AGK,skyblue3
AHCY,skyblue3
ALMS1,skyblue3
APC,skyblue3
ARRDC1,skyblue3
ASCL2,skyblue3
ATG2A,skyblue3
ATG9A,skyblue3
ATP6V1C1,skyblue3
ATRNL1,skyblue3
ATXN10,skyblue3
B3GAT3,skyblue3
BAI3,skyblue3
BMP8B,skyblue3
BNIP1,skyblue3
BRP44,skyblue3
C10ORF2,skyblue3
C11ORF10,skyblue3
C13ORF23,skyblue3
C14ORF119,skyblue3
C16ORF68,skyblue3
C16ORF87,skyblue3
C19ORF26,skyblue3
C1ORF86,skyblue3
C20ORF117,skyblue3
C20ORF166,skyblue3
C2ORF63,skyblue3
C2ORF74,skyblue3
C2ORF89,skyblue3
C3ORF25,skyblue3
C3ORF37,skyblue3
C4ORF3,skyblue3
C8ORF58,skyblue3
C8ORF73,skyblue3
CANX,skyblue3
CASKIN2,skyblue3
CBFA2T3,skyblue3
CCHCR1,skyblue3
CCND2,skyblue3
CCNG1,skyblue3
CCT2,skyblue3
CD59,skyblue3
CDC20,skyblue3
CDC42BPG,skyblue3
CDK4,skyblue3
CEP63,skyblue3
CEPT1,skyblue3
CFL1,skyblue3
CHP,skyblue3
CILP2,skyblue3
CLCN6,skyblue3
CLIC5,skyblue3
CLK3,skyblue3
CLLU1OS,skyblue3
CLOCK,skyblue3
CLPTM1L,skyblue3
CNOT2,skyblue3
COL13A1,skyblue3
CPEB2,skyblue3
CPT2,skyblue3
CRCT1,skyblue3
CREB5,skyblue3
CREM,skyblue3
CUX1,skyblue3
DAAM1,skyblue3
DAB1,skyblue3
DDX46,skyblue3
DHRS12,skyblue3
DLG2,skyblue3
DLK1,skyblue3
DNASE2,skyblue3
DOC2A,skyblue3
DOCK1,skyblue3
DSCR10,skyblue3
ELMOD3,skyblue3
ENO2,skyblue3
EPHA5,skyblue3
EPOR,skyblue3
ERGIC3,skyblue3
EXOSC10,skyblue3
F3,skyblue3
FAM134A,skyblue3
FAM19A4,skyblue3
FANCF,skyblue3
FASTK,skyblue3
FBXW11,skyblue3
FGF9,skyblue3
FKBP11,skyblue3
FKBP9,skyblue3
FLJ31306,skyblue3
FLJ45983,skyblue3
FNDC3B,skyblue3
FRMD1,skyblue3
FRMD5,skyblue3
FTSJD1,skyblue3
FUT10,skyblue3
GABBR1,skyblue3
GABRA2,skyblue3
GAL,skyblue3
GCH1,skyblue3
GDNF,skyblue3
GHITM,skyblue3
GHR,skyblue3
GIPR,skyblue3
GLRX3,skyblue3
GNAS,skyblue3
GPR160,skyblue3
GPR176,skyblue3
GPR177,skyblue3
GSTP1,skyblue3
GUK1,skyblue3
HACL1,skyblue3
HDLBP,skyblue3
HEBP1,skyblue3
HHLA3,skyblue3
HIST1H1E,skyblue3
HLA-DPB2,skyblue3
HMGN2,skyblue3
HNRNPF,skyblue3
HOXA2,skyblue3
HOXC8,skyblue3
HOXD10,skyblue3
ICA1L,skyblue3
ICT1,skyblue3
IFIT1,skyblue3
IFT81,skyblue3
IGF2BP1,skyblue3
INPP5A,skyblue3
IPO11,skyblue3
IPP,skyblue3
IPPK,skyblue3
IVNS1ABP,skyblue3
KCNA3,skyblue3
KIAA0319,skyblue3
KIAA1967,skyblue3
KIAA2026,skyblue3
KIF17,skyblue3
LAMA1,skyblue3
LOC147804,skyblue3
LOC285830,skyblue3
LOC651250,skyblue3
LRFN5,skyblue3
LRIG2,skyblue3
LRRC49,skyblue3
LRRC4B,skyblue3
LSM2,skyblue3
LSP1,skyblue3
LSS,skyblue3
LYRM1,skyblue3
MAD1L1,skyblue3
MAEA,skyblue3
MAL,skyblue3
MAML1,skyblue3
MANSC1,skyblue3
MAR-03,skyblue3
MAR-06,skyblue3
MAR-11,skyblue3
MARS2,skyblue3
MATR3,skyblue3
MCAM,skyblue3
MCM10,skyblue3
MEX3D,skyblue3
MIA3,skyblue3
MIR196A2,skyblue3
MMP11,skyblue3
MMP24,skyblue3
MON1B,skyblue3
MRPL15,skyblue3
MRPL33,skyblue3
MRPL35,skyblue3
MRPS22,skyblue3
MRPS26,skyblue3
MTNR1B,skyblue3
MXD4,skyblue3
MYO1C,skyblue3
MYO1E,skyblue3
MYO5A,skyblue3
NBEAL1,skyblue3
NBEAL2,skyblue3
NCRNA00167,skyblue3
NDC80,skyblue3
NDUFA3,skyblue3
NDUFB10,skyblue3
NFIA,skyblue3
NKAIN3,skyblue3
NOL12,skyblue3
NPTXR,skyblue3
NR1D2,skyblue3
NUDT22,skyblue3
NUP188,skyblue3
NUP85,skyblue3
NXPH4,skyblue3
OGDHL,skyblue3
OLIG2,skyblue3
OSCP1,skyblue3
PCCA,skyblue3
PCDH21,skyblue3
PCYT1A,skyblue3
PDE8A,skyblue3
PDSS2,skyblue3
PELI2,skyblue3
PFAS,skyblue3
PHF1,skyblue3
PIGV,skyblue3
PIP4K2A,skyblue3
PLK5P,skyblue3
PLXNA4,skyblue3
POLA2,skyblue3
POLR1D,skyblue3
POLR3D,skyblue3
POLR3E,skyblue3
PPP2R5C,skyblue3
PRKAA2,skyblue3
PRKAR1B,skyblue3
PRMT6,skyblue3
PSMC3IP,skyblue3
PSMD8,skyblue3
PTK2B,skyblue3
PTPRN2,skyblue3
PTPRT,skyblue3
PVRL2,skyblue3
PYHIN1,skyblue3
QDPR,skyblue3
RAB28,skyblue3
RAG1AP1,skyblue3
RASSF5,skyblue3
RBMS2,skyblue3
RECQL4,skyblue3
RHBDL3,skyblue3
RIC8A,skyblue3
RNASET2,skyblue3
RNF146,skyblue3
RNF26,skyblue3
ROR2,skyblue3
RPAP2,skyblue3
S100A14,skyblue3
SAMHD1,skyblue3
SCN3B,skyblue3
SCN8A,skyblue3
SDAD1,skyblue3
SDHD,skyblue3
SEC23B,skyblue3
SEC61A2,skyblue3
SEMA5A,skyblue3
SEP-04,skyblue3
SERF2,skyblue3
SETD7,skyblue3
SF3A3,skyblue3
SH3BP1,skyblue3
SHANK2,skyblue3
SIVA1,skyblue3
SLC39A7,skyblue3
SLC43A2,skyblue3
SLITRK5,skyblue3
SMPD3,skyblue3
SMPDL3A,skyblue3
SND1,skyblue3
SNHG3-RCC1,skyblue3
SNRNP200,skyblue3
SNX24,skyblue3
SNX26,skyblue3
SORCS2,skyblue3
SP4,skyblue3
SP5,skyblue3
SPAG17,skyblue3
SPG20,skyblue3
SPRYD3,skyblue3
SPTB,skyblue3
SRRM3,skyblue3
SSSCA1,skyblue3
STARD3,skyblue3
STAU2,skyblue3
STIM2,skyblue3
STK36,skyblue3
STRAP,skyblue3
SUPT4H1,skyblue3
SVIL,skyblue3
SVIP,skyblue3
T,skyblue3
TCEB1,skyblue3
TECPR1,skyblue3
THOC5,skyblue3
THRB,skyblue3
TIRAP,skyblue3
TLX1NB,skyblue3
TMEM163,skyblue3
TMEM205,skyblue3
TMTC3,skyblue3
TP53INP2,skyblue3
TP73,skyblue3
TREX1,skyblue3
TRIM11,skyblue3
TRIM52,skyblue3
TRIM7,skyblue3
TRIM8,skyblue3
TSKS,skyblue3
TSPAN14,skyblue3
UBE2U,skyblue3
UBLCP1,skyblue3
USE1,skyblue3
VAMP1,skyblue3
VASP,skyblue3
VAX2,skyblue3
VPS11,skyblue3
VPS25,skyblue3
WDR35,skyblue3
WDR60,skyblue3
WDYHV1,skyblue3
WRN,skyblue3
WWC1,skyblue3
YBX1,skyblue3
YPEL1,skyblue3
ZC3H14,skyblue3
ZC3HC1,skyblue3
ZFP2,skyblue3
ZFP64,skyblue3
ZIC1,skyblue3
ZMYM5,skyblue3
ZNF207,skyblue3
ZNF266,skyblue3
ZNF282,skyblue3
ZNF451,skyblue3
ZNF500,skyblue3
ZNF565,skyblue3
ZNF566,skyblue3
ZNF577,skyblue3
ZNF589,skyblue3
ZNF623,skyblue3
ZNF655,skyblue3
ZNF770,skyblue3
ZNF777,skyblue3
ZNF827,skyblue3
ZNF828,skyblue3
ZSWIM6,skyblue3
ABL1,steelblue
ABLIM2,steelblue
ACAD9,steelblue
ACBD5,steelblue
ACOT13,steelblue
ACTA1,steelblue
ADC,steelblue
ALKBH2,steelblue
ALS2CR4,steelblue
ALX1,steelblue
ALX4,steelblue
ANAPC7,steelblue
ANGEL2,steelblue
ANKRD10,steelblue
ANKRD35,steelblue
ANKRD42,steelblue
AP1M2,steelblue
AP3B2,steelblue
APPL2,steelblue
ARHGAP24,steelblue
ARHGEF11,steelblue
ARID5B,steelblue
ARL8B,steelblue
ART5,steelblue
ASNA1,steelblue
ATAD2B,steelblue
ATE1,steelblue
ATM,steelblue
ATP1B3,steelblue
ATP2C2,steelblue
ATP5A1,steelblue
ATP5D,steelblue
ATP5G1,steelblue
ATPGD1,steelblue
ATRN,steelblue
BACH2,steelblue
BAHD1,steelblue
BATF3,steelblue
BAZ2B,steelblue
BCAR1,steelblue
BCAS3,steelblue
BCL6,steelblue
BDNF,steelblue
BET1,steelblue
BTBD1,steelblue
BTG4,steelblue
C11ORF54,steelblue
C11ORF57,steelblue
C11ORF74,steelblue
C12ORF34,steelblue
C12ORF52,steelblue
C12ORF57,steelblue
C12ORF73,steelblue
C14ORF37,steelblue
C16ORF72,steelblue
C17ORF101,steelblue
C17ORF108,steelblue
C17ORF63,steelblue
C18ORF22,steelblue
C19ORF40,steelblue
C19ORF48,steelblue
C1ORF114,steelblue
C1ORF122,steelblue
C1ORF125,steelblue
C1ORF58,steelblue
C1ORF85,steelblue
C20ORF26,steelblue
C22ORF24,steelblue
C22ORF32,steelblue
C2ORF63,steelblue
C2ORF80,steelblue
C3ORF21,steelblue
C3ORF26,steelblue
C3ORF64,steelblue
C4ORF10,steelblue
C4ORF3,steelblue
C4ORF34,steelblue
C4ORF36,steelblue
C5ORF36,steelblue
C5ORF38,steelblue
C5ORF44,steelblue
C6ORF182,steelblue
C6ORF47,steelblue
C6ORF48,steelblue
C7ORF38,steelblue
C7ORF64,steelblue
C9ORF102,steelblue
CAB39L,steelblue
CAMTA2,steelblue
CAPN12,steelblue
CARHSP1,steelblue
CBX7,steelblue
CC2D1B,steelblue
CCDC46,steelblue
CCDC85B,steelblue
CCDC90B,steelblue
CCDC99,steelblue
CCNDBP1,steelblue
CCT2,steelblue
CDC42EP3,steelblue
CDC7,steelblue
CDH10,steelblue
CDK5,steelblue
CELSR2,steelblue
CEND1,steelblue
CENPA,steelblue
CENPB,steelblue
CEP350,steelblue
CETN3,steelblue
CFL1,steelblue
CHD8,steelblue
CHST11,steelblue
CKB,steelblue
CLDN9,steelblue
CLPX,steelblue
CNBP,steelblue
CNIH,steelblue
CNOT2,steelblue
COMMD6,steelblue
COPB1,steelblue
COPG,steelblue
CPSF4L,steelblue
CREBZF,steelblue
CRIM1,steelblue
CSMD2,steelblue
CSNK1A1,steelblue
CWF19L2,steelblue
CXADR,steelblue
CXCR4,steelblue
CYP51A1,steelblue
CYR61,steelblue
CYTSB,steelblue
DAAM1,steelblue
DCBLD2,steelblue
DCC,steelblue
DCLRE1B,steelblue
DDX27,steelblue
DDX5,steelblue
DDX50,steelblue
DHX37,steelblue
DLGAP1,steelblue
DNAH3,steelblue
DNAJC6,steelblue
DNAL1,steelblue
DPYSL2,steelblue
DSCR3,steelblue
DST,steelblue
DSTN,steelblue
DYNC1LI2,steelblue
DYNLRB1,steelblue
DYNLT1,steelblue
E2F4,steelblue
ECD,steelblue
EDEM1,steelblue
EDEM2,steelblue
EDEM3,steelblue
EFCAB6,steelblue
EFNA3,steelblue
EFNB3,steelblue
EHD4,steelblue
EIF2AK3,steelblue
EIF2B1,steelblue
EIF2C4,steelblue
ELOVL5,steelblue
ELOVL7,steelblue
EMX2OS,steelblue
EPAS1,steelblue
ERCC1,steelblue
ERP44,steelblue
ETV6,steelblue
EXD3,steelblue
EZH1,steelblue
FAM100B,steelblue
FAM102B,steelblue
FAM103A1,steelblue
FAM123C,steelblue
FAM158A,steelblue
FAM164A,steelblue
FAM168A,steelblue
FAM190B,steelblue
FAM36A,steelblue
FAM38A,steelblue
FAM3D,steelblue
FAM43A,steelblue
FAM47E,steelblue
FAM53B,steelblue
FAM53C,steelblue
FAM63B,steelblue
FAM69C,steelblue
FAM82B,steelblue
FAM98B,steelblue
FBLN1,steelblue
FBXL18,steelblue
FBXO22,steelblue
FBXO27,steelblue
FBXO33,steelblue
FERMT2,steelblue
FEZF2,steelblue
FGD4,steelblue
FLAD1,steelblue
FLJ26850,steelblue
FLJ32810,steelblue
FLJ43663,steelblue
FLYWCH1,steelblue
FNDC3A,steelblue
FOS,steelblue
FOXB1,steelblue
FOXP4,steelblue
FOXRED2,steelblue
FRS2,steelblue
FRY,steelblue
FUT10,steelblue
FUZ,steelblue
FYTTD1,steelblue
G3BP1,steelblue
GALR1,steelblue
GCAT,steelblue
GCOM1,steelblue
GIN1,steelblue
GINS1,steelblue
GLCCI1,steelblue
GLS,steelblue
GMNN,steelblue
GNB2L1,steelblue
GNL2,steelblue
GNL3,steelblue
GOSR1,steelblue
GOSR2,steelblue
GPN2,steelblue
GPR108,steelblue
GPR135,steelblue
GPR161,steelblue
GRHL1,steelblue
GRIA2,steelblue
GTF3C1,steelblue
GTPBP10,steelblue
HAUS8,steelblue
HDAC4,steelblue
HDLBP,steelblue
HERC1,steelblue
HES4,steelblue
HEY2,steelblue
HIAT1,steelblue
HIC1,steelblue
HIF1AN,steelblue
HIPK1,steelblue
HIST1H1E,steelblue
HIST1H2AC,steelblue
HIST1H2BD,steelblue
HIST1H4C,steelblue
HIST2H2AC,steelblue
HMGXB3,steelblue
HNRPLL,steelblue
HOMEZ,steelblue
HOXC4,steelblue
HOXD9,steelblue
HTR7P,steelblue
ID2,steelblue
IDH1,steelblue
IGSF3,steelblue
ILDR2,steelblue
IMPDH1,steelblue
IMPDH2,steelblue
INTS2,steelblue
IQCG,steelblue
IRF3,steelblue
IRX5,steelblue
ISG15,steelblue
ISYNA1,steelblue
ITGA6,steelblue
ITPR2,steelblue
JAK3,steelblue
JAKMIP3,steelblue
KATNB1,steelblue
KBTBD3,steelblue
KCNA6,steelblue
KCNH3,steelblue
KCNJ12,steelblue
KDELR1,steelblue
KIAA0141,steelblue
KIAA0195,steelblue
KIAA0226,steelblue
KIAA0495,steelblue
KIAA0907,steelblue
KIAA1328,steelblue
KIAA1432,steelblue
KIAA1598,steelblue
KIAA1797,steelblue
KIF5B,steelblue
KIRREL,steelblue
KPNA2,steelblue
KPNA5,steelblue
KPNA6,steelblue
KRI1,steelblue
LARP4,steelblue
LARS2,steelblue
LBR,steelblue
LMO2,steelblue
LOC100128239,steelblue
LOC100130522,steelblue
LOC100306951,steelblue
LOC338799,steelblue
LOC645323,steelblue
LRCH3,steelblue
LRDD,steelblue
LRP2,steelblue
LRRC8D,steelblue
LRRFIP2,steelblue
LRTOMT,steelblue
LSM1,steelblue
LSM14B,steelblue
LSM3,steelblue
LSR,steelblue
LUC7L3,steelblue
LYN,steelblue
LYPLA1,steelblue
LYRM7,steelblue
MACROD2,steelblue
MAML2,steelblue
MANF,steelblue
MAP1D,steelblue
MAPKAPK2,steelblue
MAPRE2,steelblue
MAR-11,steelblue
MBTPS1,steelblue
MCEE,steelblue
MCFD2,steelblue
ME2,steelblue
MED19,steelblue
MEF2C,steelblue
MEGF9,steelblue
MEN1,steelblue
METAP2,steelblue
METTL11A,steelblue
METTL5,steelblue
MFAP3,steelblue
MFN1,steelblue
MFN2,steelblue
MGC23284,steelblue
MIR423,steelblue
MLL5,steelblue
MMAA,steelblue
MMD,steelblue
MMP15,steelblue
MMP24,steelblue
MRPL17,steelblue
MRPL18,steelblue
MRPL22,steelblue
MRPS10,steelblue
MRPS14,steelblue
MRPS16,steelblue
MRPS22,steelblue
MSI2,steelblue
MTA2,steelblue
MTERFD2,steelblue
MTF2,steelblue
MTHFD1,steelblue
MXI1,steelblue
MYBBP1A,steelblue
MYBL2,steelblue
MYO1D,steelblue
MYO9A,steelblue
MZF1,steelblue
N6AMT2,steelblue
NAB1,steelblue
NAIF1,steelblue
NAPA,steelblue
NCAPH2,steelblue
NCRNA00120,steelblue
NDUFA5,steelblue
NEDD4L,steelblue
NEDD9,steelblue
NEK3,steelblue
NEK5,steelblue
NELL2,steelblue
NEUROG3,steelblue
NFKB1,steelblue
NHEDC2,steelblue
NHLRC2,steelblue
NLGN1,steelblue
NLRC5,steelblue
NMNAT1,steelblue
NOC2L,steelblue
NOL8,steelblue
NPC1,steelblue
NRBP1,steelblue
NRXN3,steelblue
NT5C2,steelblue
NTRK3,steelblue
NTSR1,steelblue
NUDCD3,steelblue
NUP54,steelblue
NUPL2,steelblue
OAF,steelblue
OBFC2B,steelblue
OPCML,steelblue
OPN5,steelblue
ORC6L,steelblue
ORMDL1,steelblue
OSCP1,steelblue
P4HTM,steelblue
PAIP1,steelblue
PAK2,steelblue
PANX1,steelblue
PARP11,steelblue
PARP3,steelblue
PATE2,steelblue
PC,steelblue
PCDH9,steelblue
PCDP1,steelblue
PCMTD1,steelblue
PECI,steelblue
PEF1,steelblue
PEG3,steelblue
PELI2,steelblue
PEX5L,steelblue
PFAS,steelblue
PGAP1,steelblue
PHF12,steelblue
PHF13,steelblue
PHF5A,steelblue
PIK3C3,steelblue
PKIB,steelblue
PLA2G7,steelblue
PLCD3,steelblue
PLEKHA5,steelblue
PLXNC1,steelblue
PLXND1,steelblue
PNRC1,steelblue
POLA2,steelblue
POLDIP3,steelblue
POLR2B,steelblue
POU2F1,steelblue
PPIB,steelblue
PPIF,steelblue
PPIG,steelblue
PPIL2,steelblue
PPM1D,steelblue
PPM1J,steelblue
PPP2R5C,steelblue
PPP2R5D,steelblue
PPT1,steelblue
PPWD1,steelblue
PRCC,steelblue
PREX1,steelblue
PRKCE,steelblue
PRMT2,steelblue
PRPSAP2,steelblue
PSMB8,steelblue
PSMC1,steelblue
PSMD6,steelblue
PSME4,steelblue
PTTG1IP,steelblue
PWWP2A,steelblue
QPCT,steelblue
RAB2B,steelblue
RACGAP1,steelblue
RAD21,steelblue
RAGE,steelblue
RAI1,steelblue
RAP2B,steelblue
RAPGEF6,steelblue
RASAL1,steelblue
RASL12,steelblue
RBBP8,steelblue
RBM4B,steelblue
RBM8A,steelblue
RCBTB1,steelblue
RDBP,steelblue
RDH11,steelblue
RDM1,steelblue
RDX,steelblue
REST,steelblue
RFX1,steelblue
RFXAP,steelblue
RGMB,steelblue
RGS20,steelblue
RICTOR,steelblue
RIMKLA,steelblue
RNF14,steelblue
RNF141,steelblue
RNF185,steelblue
RNF187,steelblue
RNF24,steelblue
RNF34,steelblue
RNFT1,steelblue
ROBO3,steelblue
RPL19,steelblue
RPL22,steelblue
RPL23,steelblue
RPL3,steelblue
RPSA,steelblue
RREB1,steelblue
RRS1,steelblue
RSPRY1,steelblue
RTDR1,steelblue
SAE1,steelblue
SCD,steelblue
SCHIP1,steelblue
SCN2A,steelblue
SCN3A,steelblue
SCYL2,steelblue
SEH1L,steelblue
SESN3,steelblue
SETBP1,steelblue
SETD1A,steelblue
SF1,steelblue
SF3A1,steelblue
SHC1,steelblue
SHOC2,steelblue
SLC11A2,steelblue
SLC24A4,steelblue
SLC25A46,steelblue
SLC27A1,steelblue
SLC2A3,steelblue
SLC30A1,steelblue
SLC30A9,steelblue
SLC35F3,steelblue
SLC41A1,steelblue
SMAD1,steelblue
SMARCD3,steelblue
SMO,steelblue
SNORA17,steelblue
SNORD105,steelblue
SNRPD3,steelblue
SOAT1,steelblue
SORCS2,steelblue
SPAG16,steelblue
SPATA18,steelblue
SPATA5L1,steelblue
SPATS2L,steelblue
SPC24,steelblue
SPCS2,steelblue
SPEG,steelblue
SPSB1,steelblue
SPTLC1,steelblue
SRF,steelblue
ST3GAL5,steelblue
ST7,steelblue
STARD13,steelblue
STARD5,steelblue
STARD7,steelblue
STARD9,steelblue
STAT3,steelblue
STK39,steelblue
STMN1,steelblue
STXBP6,steelblue
SUGT1,steelblue
SYNPO2,steelblue
TAF15,steelblue
TBC1D7,steelblue
TBCA,steelblue
TCEB1,steelblue
TCHP,steelblue
TCOF1,steelblue
TCP1,steelblue
TECR,steelblue
TFAP2A,steelblue
TFR2,steelblue
THAP8,steelblue
THOP1,steelblue
THUMPD3,steelblue
TMED7-TICAM2,steelblue
TMEM149,steelblue
TMEM14A,steelblue
TMEM163,steelblue
TMEM178,steelblue
TMEM192,steelblue
TMEM209,steelblue
TMEM229A,steelblue
TMEM38B,steelblue
TMEM41B,steelblue
TMEM57,steelblue
TMF1,steelblue
TMSB10,steelblue
TNFAIP8,steelblue
TNFRSF10A,steelblue
TNFRSF18,steelblue
TNFSF12,steelblue
TOP2A,steelblue
TOP3A,steelblue
TP53TG1,steelblue
TPP2,steelblue
TRAPPC4,steelblue
TRIM26,steelblue
TRIP13,steelblue
TRNP1,steelblue
TSC1,steelblue
TSGA13,steelblue
TSPAN17,steelblue
TSPYL4,steelblue
TTC1,steelblue
TTLL9,steelblue
TYK2,steelblue
TYMS,steelblue
UBE2S,steelblue
UBE4B,steelblue
UFM1,steelblue
UGDH,steelblue
UNC50,steelblue
USP22,steelblue
USP43,steelblue
USP5,steelblue
UTP15,steelblue
VDAC1,steelblue
VPS37C,steelblue
VWA5B2,steelblue
WBSCR17,steelblue
WDR51A,steelblue
WDR73,steelblue
WNT2B,steelblue
XAB2,steelblue
YEATS4,steelblue
YME1L1,steelblue
YPEL1,steelblue
ZBTB45,steelblue
ZBTB47,steelblue
ZC3H13,steelblue
ZC3HC1,steelblue
ZCCHC8,steelblue
ZDHHC6,steelblue
ZEB1,steelblue
ZFHX3,steelblue
ZFYVE27,steelblue
ZFYVE28,steelblue
ZHX2,steelblue
ZKSCAN4,steelblue
ZMYND11,steelblue
ZNF174,steelblue
ZNF175,steelblue
ZNF181,steelblue
ZNF213,steelblue
ZNF24,steelblue
ZNF318,steelblue
ZNF346,steelblue
ZNF347,steelblue
ZNF394,steelblue
ZNF414,steelblue
ZNF498,steelblue
ZNF510,steelblue
ZNF512,steelblue
ZNF529,steelblue
ZNF542,steelblue
ZNF594,steelblue
ZNF599,steelblue
ZNF600,steelblue
ZNF622,steelblue
ZNF664,steelblue
ZNF776,steelblue
ZNF778,steelblue
ZNF783,steelblue
ZNHIT1,steelblue
ZNRF2,steelblue
AAK1,tan
ABCA7,tan
ABCC2,tan
ABCC4,tan
ABCF1,tan
ABHD12B,tan
ABHD4,tan
ABL1,tan
ABR,tan
ACAD9,tan
ACADL,tan
ACBD5,tan
ACPL2,tan
ACTG2,tan
ACVRL1,tan
ACYP1,tan
ADAM15,tan
ADAMTS19,tan
ADARB2,tan
ADC,tan
AFAP1,tan
AFARP1,tan
AFF1,tan
AGAP1,tan
AGBL4,tan
AGFG2,tan
AGPAT6,tan
AHCYL2,tan
AHI1,tan
AIG1,tan
AIP,tan
AKAP9,tan
AKD1,tan
ALCAM,tan
ALKBH5,tan
ALKBH6,tan
ALKBH8,tan
ALOXE3,tan
AMBRA1,tan
AMD1,tan
AMZ1,tan
ANKRD11,tan
ANKRD13B,tan
ANKRD28,tan
ANKRD31,tan
ANKRD6,tan
ANKRD9,tan
ANXA2,tan
ANXA4,tan
AP1B1,tan
AP1G1,tan
APBA1,tan
APBB2,tan
APH1B,tan
API5,tan
AQP11,tan
ARFGAP1,tan
ARHGEF10,tan
ARL15,tan
ARL16,tan
ARMC3,tan
ASAP1,tan
ASB18,tan
ASB5,tan
ASH2L,tan
ATAD2B,tan
ATF3,tan
ATG4B,tan
ATG4C,tan
ATG7,tan
ATMIN,tan
ATP10D,tan
ATP11A,tan
ATP6V1C2,tan
ATPIF1,tan
ATXN3,tan
ATXN7L1,tan
AURKAIP1,tan
B3GNT3,tan
BAT2,tan
BAT5,tan
BCCIP,tan
BCKDHA,tan
BCKDHB,tan
BCL11A,tan
BCL11B,tan
BDNF,tan
BMP8A,tan
BNIP3,tan
BPNT1,tan
BRI3,tan
BRI3BP,tan
BRMS1L,tan
BRPF3,tan
BRUNOL4,tan
BTBD3,tan
BTBD7,tan
BTNL9,tan
BUB1B,tan
C10ORF11,tan
C10ORF137,tan
C10ORF2,tan
C10ORF25,tan
C10ORF26,tan
C10ORF75,tan
C12ORF29,tan
C12ORF35,tan
C12ORF65,tan
C13ORF37,tan
C14ORF135,tan
C14ORF37,tan
C15ORF17,tan
C16ORF11,tan
C16ORF45,tan
C16ORF5,tan
C16ORF70,tan
C16ORF72,tan
C16ORF75,tan
C17ORF102,tan
C17ORF62,tan
C17ORF90,tan
C18ORF1,tan
C19ORF55,tan
C19ORF60,tan
C1ORF103,tan
C1ORF57,tan
C1ORF63,tan
C1ORF83,tan
C1ORF89,tan
C20ORF123,tan
C22ORF40,tan
C2ORF3,tan
C2ORF89,tan
C3ORF17,tan
C3ORF20,tan
C3ORF25,tan
C3ORF26,tan
C3ORF67,tan
C4ORF33,tan
C5,tan
C5ORF15,tan
C5ORF51,tan
C6ORF10,tan
C6ORF167,tan
C6ORF174,tan
C6ORF203,tan
C6ORF89,tan
C6ORF94,tan
C7ORF13,tan
C7ORF25,tan
C7ORF30,tan
C7ORF38,tan
C7ORF50,tan
C7ORF58,tan
C8ORF59,tan
C9ORF5,tan
CABYR,tan
CACNA1I,tan
CALCA,tan
CAMTA1,tan
CAPZA2,tan
CARS2,tan
CASC1,tan
CASC4,tan
CATSPERG,tan
CBLC,tan
CBLN4,tan
CBX7,tan
CBY3,tan
CCDC104,tan
CCDC14,tan
CCDC152,tan
CCDC39,tan
CCDC66,tan
CCDC69,tan
CCDC75,tan
CCKBR,tan
CCNA2,tan
CCNB2,tan
CCND1,tan
CCNDBP1,tan
CCR1,tan
CD164,tan
CDC40,tan
CDC42BPG,tan
CDC7,tan
CDCA2,tan
CDH13,tan
CDH15,tan
CDH2,tan
CDK12,tan
CDKN3,tan
CDYL,tan
CEP76,tan
CEP97,tan
CERK,tan
CFL2,tan
CGNL1,tan
CHCHD8,tan
CHD8,tan
CHFR,tan
CHIC2,tan
CHN2,tan
CHSY1,tan
CHUK,tan
CLCN6,tan
CLINT1,tan
CLSTN1,tan
CLSTN2,tan
CMPK1,tan
CNIH3,tan
CNOT8,tan
CNTLN,tan
CNTN1,tan
COG3,tan
COL9A3,tan
COMMD8,tan
COPS5,tan
COQ6,tan
CORO1B,tan
CPNE6,tan
CPSF4,tan
CPVL,tan
CRADD,tan
CREB3L2,tan
CREB3L4,tan
CROT,tan
CRTC3,tan
CRYBA2,tan
CSNK1G3,tan
CTBP1,tan
CTBP2,tan
CTDSPL2,tan
CTNNA2,tan
CTPS,tan
CTR9,tan
CTU2,tan
CUBN,tan
CUL2,tan
CUL4A,tan
CUX1,tan
CYB5B,tan
CYBRD1,tan
CYLD,tan
DAB1,tan
DAB2IP,tan
DCAF17,tan
DCUN1D1,tan
DDX5,tan
DECR2,tan
DEPDC1,tan
DHRS3,tan
DHX8,tan
DIP2B,tan
DIS3L,tan
DKK2,tan
DLGAP1,tan
DLL4,tan
DLX2,tan
DLX6AS,tan
DMBT1,tan
DMC1,tan
DNAH11,tan
DNAH17,tan
DNAH6,tan
DNAH9,tan
DNAJB6,tan
DNAJC7,tan
DOCK9,tan
DPH2,tan
DPM3,tan
DPYSL2,tan
DRAM2,tan
DTWD2,tan
DTX4,tan
DUS2L,tan
DUSP1,tan
DYNLL1,tan
EBF1,tan
EBPL,tan
ECE2,tan
EDNRB,tan
EEF2K,tan
EFHC1,tan
EFNB2,tan
EFR3A,tan
EGFR,tan
EGLN3,tan
EGR3,tan
EID2B,tan
EIF4A2,tan
EIF4E1B,tan
EIF4EBP1,tan
EIF4H,tan
ELAC2,tan
ELK4,tan
EMP2,tan
ENC1,tan
ENDOG,tan
ENOSF1,tan
ENPP5,tan
ENTPD5,tan
ENTPD6,tan
EP400,tan
EPB41L2,tan
EPHA6,tan
EPHA7,tan
EPS15,tan
ERO1L,tan
ESAM,tan
ETFA,tan
ETNK1,tan
EVI5,tan
EXOC6B,tan
F13A1,tan
FAM108A1,tan
FAM110B,tan
FAM117A,tan
FAM119A,tan
FAM134B,tan
FAM169A,tan
FAM171A1,tan
FAM173B,tan
FAM176A,tan
FAM178B,tan
FAM183A,tan
FAM184A,tan
FAM19A2,tan
FAM45B,tan
FAM46A,tan
FAM46C,tan
FAM49A,tan
FAM54A,tan
FAM55C,tan
FAM5B,tan
FAM60A,tan
FAM83A,tan
FAM83H,tan
FAM98B,tan
FANCG,tan
FBXL12,tan
FBXL20,tan
FBXO18,tan
FBXO31,tan
FBXO36,tan
FBXO42,tan
FBXO47,tan
FBXO5,tan
FBXW11,tan
FCHO1,tan
FCHSD2,tan
FCRLB,tan
FECH,tan
FER,tan
FEZF1,tan
FGF2,tan
FGFBP3,tan
FGFR1OP,tan
FGFRL1,tan
FGGY,tan
FILIP1,tan
FJX1,tan
FKBP5,tan
FLJ32065,tan
FLJ43663,tan
FLNB,tan
FLOT1,tan
FLRT3,tan
FMO2,tan
FMO6P,tan
FN1,tan
FOSL2,tan
FOXE3,tan
FOXI2,tan
FOXP1,tan
FRAS1,tan
FSCN2,tan
FUCA1,tan
FXC1,tan
FYN,tan
G3BP2,tan
GABARAP,tan
GABRP,tan
GALK2,tan
GARS,tan
GAS2L1,tan
GAS5,tan
GATA3,tan
GCAT,tan
GDAP1L1,tan
GDAP2,tan
GGN,tan
GIGYF2,tan
GIMAP4,tan
GK5,tan
GLI3,tan
GLTP,tan
GLTPD1,tan
GMEB1,tan
GNAI3,tan
GNB2L1,tan
GOLIM4,tan
GOPC,tan
GPC6,tan
GPER,tan
GPR108,tan
GPR137B,tan
GPR150,tan
GPR156,tan
GPR98,tan
GPS1,tan
GRIA4,tan
GRID2,tan
GRIK5,tan
GRIN2A,tan
GRM1,tan
GSTK1,tan
GSTO1,tan
GSTO2,tan
GSTP1,tan
GTF2E2,tan
GTPBP1,tan
HACL1,tan
HAP1,tan
HAUS5,tan
HCG18,tan
HDGF,tan
HECW2,tan
HELLS,tan
HERC4,tan
HES1,tan
HESX1,tan
HEY2,tan
HGFAC,tan
HHIP,tan
HIST1H2BD,tan
HIST2H2AB,tan
HIST2H2AC,tan
HIVEP1,tan
HLA-A,tan
HLA-B,tan
HLA-E,tan
HNRNPA2B1,tan
HNRNPUL2,tan
HNRPA1L-2,tan
HOXA3,tan
HOXA7,tan
HOXB3,tan
HPCAL1,tan
ICA1L,tan
IFT88,tan
IGF1,tan
IGF1R,tan
IGF2AS,tan
IGF2R,tan
IGSF9B,tan
ILF2,tan
IMPA2,tan
IMPACT,tan
ING1,tan
INPP4B,tan
INTS9,tan
IP6K2,tan
IRF1,tan
ITGB1,tan
ITGB2,tan
ITPR3,tan
JDP2,tan
JPH1,tan
JUN,tan
KALRN,tan
KANK3,tan
KBTBD3,tan
KCNB2,tan
KCND3,tan
KCNK5,tan
KCNQ1,tan
KCTD5,tan
KCTD8,tan
KCTD9,tan
KDM3A,tan
KDM4B,tan
KDM4D,tan
KDM5A,tan
KDM5B,tan
KDR,tan
KHDRBS3,tan
KIAA0226,tan
KIAA0753,tan
KIAA1009,tan
KIAA1279,tan
KIAA1370,tan
KIAA1841,tan
KIF1B,tan
KIF20B,tan
KIF26B,tan
KIF2C,tan
KIF6,tan
KIF7,tan
KIFAP3,tan
KLC4,tan
KLF12,tan
KLF16,tan
KLF5,tan
KLHL18,tan
KLK10,tan
KNDC1,tan
KRT27,tan
KSR2,tan
LAMC1,tan
LARP6,tan
LARP7,tan
LCP1,tan
LDHC,tan
LEO1,tan
LEPREL2,tan
LEUTX,tan
LHX9,tan
LIG4,tan
LINGO3,tan
LINS1,tan
LIPA,tan
LLGL1,tan
LMO3,tan
LNPEP,tan
LOC100128164,tan
LOC100129726,tan
LOC100132111,tan
LOC121838,tan
LOC221710,tan
LOC284661,tan
LOC285954,tan
LOC286238,tan
LOC344595,tan
LOC389705,tan
LOC400940,tan
LOC729082,tan
LPGAT1,tan
LPIN1,tan
LRCH1,tan
LRP1,tan
LRRC16A,tan
LRRC49,tan
LSM11,tan
LSM14B,tan
MACROD2,tan
MAEA,tan
MAGI1,tan
MAGOHB,tan
MAML3,tan
MAN1C1,tan
MAP3K14,tan
MAP4,tan
MAP4K4,tan
MAPK9,tan
MAR-01,tan
MARCKSL1,tan
MAT2A,tan
MATN1,tan
MATR3,tan
MBOAT7,tan
MBTD1,tan
MCART3P,tan
MCC,tan
MCCC1,tan
MCM3,tan
MCM4,tan
MCOLN3,tan
MDC1,tan
ME2,tan
ME3,tan
MED18,tan
MED21,tan
MED8,tan
MEF2C,tan
MEG8,tan
MEIS1,tan
MEOX2,tan
METAP1,tan
METTL6,tan
MGAT5B,tan
MGMT,tan
MIB1,tan
MINK1,tan
MIR17HG,tan
MIR181C,tan
MIR299,tan
MIR376B,tan
MIR520G,tan
MIR604,tan
MIR638,tan
MIR670,tan
MKL1,tan
MKLN1,tan
MLF1IP,tan
MMAA,tan
MMP13,tan
MMP16,tan
MN1,tan
MNAT1,tan
MOG,tan
MPPED2,tan
MRFAP1,tan
MRPL12,tan
MRPL4,tan
MRPL41,tan
MRPL48,tan
MRPS5,tan
MRPS9,tan
MSC,tan
MSI2,tan
MTF2,tan
MTHFD1L,tan
MTMR14,tan
MTMR4,tan
MUC13,tan
MYO10,tan
MYO5A,tan
MYO6,tan
MYPOP,tan
MYST3,tan
MZF1,tan
NANS,tan
NARS,tan
NCAM1,tan
NCBP1,tan
NCKAP5,tan
NCOR2,tan
NDFIP1,tan
NDFIP2,tan
NDUFS4,tan
NEBL,tan
NEDD9,tan
NEFM,tan
NEK10,tan
NEK3,tan
NET1,tan
NETO2,tan
NEU1,tan
NFATC2,tan
NFIC,tan
NIF3L1,tan
NLE1,tan
NME4,tan
NME7,tan
NOD1,tan
NOL6,tan
NPAT,tan
NQO1,tan
NR2F2,tan
NR4A1,tan
NR6A1,tan
NRN1,tan
NRP2,tan
NSMCE2,tan
NT5DC2,tan
NTF3,tan
NTN4,tan
NUDT7,tan
NUP35,tan
NUP43,tan
NUP98,tan
NVL,tan
NXF1,tan
OAS3,tan
OBSCN,tan
OCA2,tan
OGG1,tan
OPCML,tan
OPTN,tan
OR10V1,tan
OR1L6,tan
OR2L13,tan
OR5D16,tan
ORAI2,tan
OSBPL9,tan
OSCP1,tan
OSGIN2,tan
PACRGL,tan
PAIP2B,tan
PAK7,tan
PARD3B,tan
PARP10,tan
PAX2,tan
PCBP1,tan
PCDH1,tan
PCDHA6,tan
PCDHAC2,tan
PCDHB14,tan
PCDHB7,tan
PCDHGA2,tan
PCDHGA4,tan
PCLO,tan
PCSK2,tan
PCSK7,tan
PCSK9,tan
PDCD1,tan
PDCD2L,tan
PDE2A,tan
PDE3B,tan
PDE4D,tan
PDGFA,tan
PDHX,tan
PDIK1L,tan
PDLIM3,tan
PER1,tan
PES1,tan
PFKFB3,tan
PGAM5,tan
PGAP1,tan
PGLYRP1,tan
PHACTR4,tan
PHF7,tan
PHTF1,tan
PIF1,tan
PIK3C3,tan
PIK3CA,tan
PIK3R3,tan
PIK3R4,tan
PKN2,tan
PLA2G5,tan
PLD3,tan
PLEK2,tan
PLEKHA5,tan
PLEKHG1,tan
PLK4,tan
PLXDC2,tan
PMP22,tan
PNLDC1,tan
POFUT1,tan
POLDIP3,tan
POLM,tan
POLR3A,tan
POLR3F,tan
POR,tan
PPFIA2,tan
PPIH,tan
PPIL5,tan
PPP1CC,tan
PPP1R10,tan
PPP1R9B,tan
PPP2CB,tan
PPP2R5C,tan
PPP3R1,tan
PRCP,tan
PRDM11,tan
PRDM15,tan
PRDM16,tan
PRDX3,tan
PRICKLE1,tan
PRICKLE4,tan
PRIM1,tan
PRKACB,tan
PRKAG2,tan
PRKAR1A,tan
PRKCD,tan
PRKCI,tan
PRKRA,tan
PRMT2,tan
PROSAPIP1,tan
PRPF39,tan
PRR5,tan
PRSS35,tan
PSMB1,tan
PSMB3,tan
PSMD5,tan
PTK2B,tan
PTPN14,tan
PTRH2,tan
PUM1,tan
PVRL2,tan
QRICH1,tan
RAB11A,tan
RAB11FIP5,tan
RAB27A,tan
RAB3C,tan
RABGEF1,tan
RAD54B,tan
RAET1K,tan
RAI1,tan
RALA,tan
RANBP9,tan
RAP1GAP,tan
RAPGEF3,tan
RAPGEF6,tan
RASSF5,tan
RASSF7,tan
RBM9,tan
RDH13,tan
RDM1,tan
REST,tan
RET,tan
RETN,tan
RFX5,tan
RFX8,tan
RGL2,tan
RGS6,tan
RHEB,tan
RHOA,tan
RHOC,tan
RIMS1,tan
RIMS2,tan
RIOK2,tan
RLF,tan
RNASEH2A,tan
RNF14,tan
RNF144B,tan
RNF34,tan
ROBO1,tan
ROCK1,tan
RP9P,tan
RPA2,tan
RPAIN,tan
RPAP3,tan
RPH3A,tan
RPH3AL,tan
RPL29,tan
RPL30,tan
RPP30,tan
RPS11,tan
RPS24,tan
RPS27A,tan
RPS6KA2,tan
RSL24D1,tan
RSRC1,tan
RUFY1,tan
SACM1L,tan
SALL1,tan
SALL3,tan
SAMD13,tan
SAP130,tan
SAP18,tan
SAP30L,tan
SART3,tan
SC4MOL,tan
SC5DL,tan
SCAI,tan
SCFD2,tan
SCRN1,tan
SDAD1,tan
SDCCAG10,tan
SDHAF1,tan
SEC16A,tan
SEC24A,tan
SECTM1,tan
SELT,tan
SEMA3F,tan
SENP8,tan
SERINC5,tan
SETD2,tan
SF3A1,tan
SF3B5,tan
SFI1,tan
SFRS15,tan
SFRS18,tan
SGCD,tan
SGPP2,tan
SGTB,tan
SH3GL2,tan
SH3GL3,tan
SH3PXD2A,tan
SHANK3,tan
SHBG,tan
SHCBP1,tan
SHE,tan
SHFM1,tan
SHISA2,tan
SIKE1,tan
SIL1,tan
SIRT2,tan
SKAP1,tan
SKP1,tan
SKP2,tan
SLC12A7,tan
SLC13A5,tan
SLC15A2,tan
SLC1A3,tan
SLC25A1,tan
SLC28A3,tan
SLC30A1,tan
SLC30A9,tan
SLC35F2,tan
SLC35F3,tan
SLC35F5,tan
SLC39A6,tan
SLC39A8,tan
SLC41A1,tan
SLC6A15,tan
SLC6A4,tan
SLC9A2,tan
SLC9A3R1,tan
SLCO5A1,tan
SLFN12,tan
SLIT3,tan
SMAD1,tan
SMCR7L,tan
SMEK2,tan
SMTN,tan
SNHG8,tan
SNORA6,tan
SNORD11,tan
SNORD50B,tan
SNORD55,tan
SNORD83B,tan
SNTB1,tan
SNTB2,tan
SNX14,tan
SNX17,tan
SOCS1,tan
SOCS2,tan
SON,tan
SPAG9,tan
SPATA6,tan
SPEF2,tan
SPG20,tan
SPINLW1,tan
SPPL2B,tan
SPSB4,tan
SPTBN4,tan
SRD5A3,tan
ST6GAL1,tan
ST6GALNAC3,tan
STARD3NL,tan
STK19,tan
STK32A,tan
STL,tan
STOX2,tan
STRA8,tan
STRBP,tan
STX4,tan
STYK1,tan
STYX,tan
SUCLA2,tan
SUGT1,tan
SVIL,tan
SWAP70,tan
SYNE1,tan
SYNPO2L,tan
SYT1,tan
SYTL1,tan
SYTL2,tan
TAF15,tan
TAF2,tan
TALDO1,tan
TAOK1,tan
TAS2R5,tan
TATDN2,tan
TBC1D19,tan
TBL1XR1,tan
TBX3,tan
TCEB3B,tan
TCF7L2,tan
TCFL5,tan
TCHH,tan
TCN1,tan
TCTN1,tan
TCTN2,tan
TDRD3,tan
TEAD4,tan
TEK,tan
TET1,tan
TEX2,tan
TEX9,tan
TFAP4,tan
TFIP11,tan
TGFB3,tan
THAP10,tan
THBS1,tan
THNSL2,tan
THRB,tan
THYN1,tan
TIAL1,tan
TIMM10,tan
TIMM13,tan
TJP1,tan
TLE4,tan
TLN1,tan
TMC3,tan
TMCO1,tan
TMEM126B,tan
TMEM138,tan
TMEM141,tan
TMEM144,tan
TMEM14C,tan
TMEM184B,tan
TMEM206,tan
TMEM209,tan
TMEM217,tan
TMEM30A,tan
TMEM39A,tan
TMEM45A,tan
TMEM51,tan
TMEM59,tan
TMTC4,tan
TMUB1,tan
TNC,tan
TNFRSF19,tan
TOPBP1,tan
TP53,tan
TP53AIP1,tan
TPH2,tan
TPP2,tan
TRAPPC6B,tan
TRAPPC9,tan
TRIM26,tan
TRIM27,tan
TRIM4,tan
TRIM44,tan
TRIOBP,tan
TRIP4,tan
TRMT1,tan
TRMT12,tan
TRMU,tan
TRPC3,tan
TRPS1,tan
TSHZ3,tan
TSNARE1,tan
TSPAN19,tan
TSPAN5,tan
TTC1,tan
TTC12,tan
TTC13,tan
TTC15,tan
TTC17,tan
TTC28,tan
TTC35,tan
TTPAL,tan
TUBE1,tan
TXN2,tan
TXNDC6,tan
TXNRD1,tan
TXNRD2,tan
UBAP2,tan
UBE2G1,tan
UBE2N,tan
UBE2W,tan
UBE4A,tan
UBTD1,tan
UFC1,tan
UGGT2,tan
ULK2,tan
UPF2,tan
USP10,tan
USP2,tan
USP22,tan
USP42,tan
UTP11L,tan
UTP14C,tan
VAPA,tan
VARS2,tan
VGLL3,tan
VILL,tan
VPS4A,tan
VSIG8,tan
VSTM2A,tan
VWA5A,tan
WDR11,tan
WDR33,tan
WDR4,tan
WDR6,tan
WDR86,tan
WHSC1L1,tan
WHSC2,tan
WNT2B,tan
WNT5A,tan
WNT6,tan
WWTR1,tan
XKR8,tan
XPO4,tan
XPOT,tan
XPR1,tan
XRCC5,tan
YIPF3,tan
YOD1,tan
YTHDF1,tan
YTHDF2,tan
YWHAQ,tan
ZBTB10,tan
ZBTB16,tan
ZBTB7A,tan
ZC3H6,tan
ZC3HAV1,tan
ZCCHC3,tan
ZDHHC17,tan
ZDHHC2,tan
ZDHHC3,tan
ZFAT,tan
ZFP37,tan
ZFP82,tan
ZFP91,tan
ZFYVE26,tan
ZNF142,tan
ZNF195,tan
ZNF197,tan
ZNF2,tan
ZNF207,tan
ZNF214,tan
ZNF225,tan
ZNF226,tan
ZNF230,tan
ZNF296,tan
ZNF324B,tan
ZNF33A,tan
ZNF34,tan
ZNF354B,tan
ZNF362,tan
ZNF414,tan
ZNF446,tan
ZNF516,tan
ZNF529,tan
ZNF548,tan
ZNF561,tan
ZNF607,tan
ZNF692,tan
ZNF766,tan
ZNF778,tan
ZNF800,tan
ZNF814,tan
ZNF837,tan
ZNF98,tan
ZNRD1,tan
ZSCAN18,tan
ZYG11B,tan
AACS,turquoise
ABCA5,turquoise
ABCB1,turquoise
ABCB4,turquoise
ABCB5,turquoise
ABCC4,turquoise
ABCD4,turquoise
ABCE1,turquoise
ABHD12B,turquoise
ABI1,turquoise
ABL1,turquoise
ACBD6,turquoise
ACCN1,turquoise
ACIN1,turquoise
ACOT11,turquoise
ACSF3,turquoise
ACSL1,turquoise
ACSL5,turquoise
ACTBL2,turquoise
ACTN1,turquoise
ACVR2A,turquoise
ADAM12,turquoise
ADAM9,turquoise
ADAMDEC1,turquoise
ADAMTS15,turquoise
ADAMTS19,turquoise
ADAMTS2,turquoise
ADAP1,turquoise
ADARB2,turquoise
ADC,turquoise
ADCY1,turquoise
ADCY10,turquoise
ADIPOR2,turquoise
AFAP1,turquoise
AFF1,turquoise
AFM,turquoise
AGAP3,turquoise
AGBL1,turquoise
AGR2,turquoise
AGTR1,turquoise
AKAP12,turquoise
AKAP13,turquoise
AKAP3,turquoise
AKT3,turquoise
ALG1,turquoise
ALG2,turquoise
ALPL,turquoise
ALPP,turquoise
ALS2CL,turquoise
ALX4,turquoise
AMOTL1,turquoise
AMOTL2,turquoise
AMPH,turquoise
AMTN,turquoise
ANGPTL5,turquoise
ANGPTL6,turquoise
ANKAR,turquoise
ANKFY1,turquoise
ANKRD11,turquoise
ANKRD27,turquoise
ANKRD46,turquoise
ANO2,turquoise
ANO4,turquoise
ANTXR1,turquoise
ANTXR2,turquoise
ANXA2,turquoise
ANXA7,turquoise
AOAH,turquoise
AP2A2,turquoise
APAF1,turquoise
APBA1,turquoise
APBB2,turquoise
APOB,turquoise
APOBEC4,turquoise
ARFGEF1,turquoise
ARHGAP10,turquoise
ARHGEF10,turquoise
ARHGEF3,turquoise
ARID1B,turquoise
ARID2,turquoise
ARL14,turquoise
ARL15,turquoise
ARL2,turquoise
ARNTL2,turquoise
ARRDC4,turquoise
ARSB,turquoise
ARVCF,turquoise
AS3MT,turquoise
ASAH1,turquoise
ASAP1,turquoise
ASB15,turquoise
ASCC1,turquoise
ASGR2,turquoise
ASH1L,turquoise
ASPH,turquoise
ASPM,turquoise
ASZ1,turquoise
ATAD2B,turquoise
ATF3,turquoise
ATF6,turquoise
ATF7IP,turquoise
ATG7,turquoise
ATL1,turquoise
ATM,turquoise
ATP2B2,turquoise
ATP5C1,turquoise
ATP6V0A4,turquoise
ATP8A1,turquoise
ATRN,turquoise
ATXN7,turquoise
ATXN7L1,turquoise
AUTS2,turquoise
B3GAT2,turquoise
B3GNTL1,turquoise
BACH2,turquoise
BAT2,turquoise
BBS9,turquoise
BCAS3,turquoise
BCKDHB,turquoise
BCL11A,turquoise
BCL9,turquoise
BCMO1,turquoise
BDNF,turquoise
BEST3,turquoise
BID,turquoise
BLZF1,turquoise
BMPER,turquoise
BNC2,turquoise
BRE,turquoise
BRP44L,turquoise
BTBD2,turquoise
BTBD9,turquoise
BTG1,turquoise
BTNL2,turquoise
BUB3,turquoise
BZRAP1,turquoise
C10ORF11,turquoise
C10ORF118,turquoise
C10ORF131,turquoise
C11ORF52,turquoise
C11ORF70,turquoise
C11ORF74,turquoise
C11ORF80,turquoise
C11ORF82,turquoise
C11ORF87,turquoise
C11ORF92,turquoise
C13ORF1,turquoise
C13ORF31,turquoise
C13ORF33,turquoise
C14ORF105,turquoise
C14ORF145,turquoise
C14ORF148,turquoise
C14ORF28,turquoise
C14ORF38,turquoise
C14ORF43,turquoise
C16ORF68,turquoise
C17ORF74,turquoise
C18ORF2,turquoise
C18ORF62,turquoise
C1D,turquoise
C1ORF100,turquoise
C1ORF130,turquoise
C1ORF190,turquoise
C1ORF198,turquoise
C1ORF69,turquoise
C1ORF96,turquoise
C1S,turquoise
C20ORF173,turquoise
C21ORF70,turquoise
C2ORF3,turquoise
C2ORF34,turquoise
C2ORF42,turquoise
C2ORF53,turquoise
C2ORF58,turquoise
C2ORF67,turquoise
C2ORF83,turquoise
C2ORF86,turquoise
C3ORF1,turquoise
C3ORF14,turquoise
C3ORF52,turquoise
C3ORF59,turquoise
C5ORF30,turquoise
C5ORF36,turquoise
C5ORF37,turquoise
C5ORF42,turquoise
C6ORF10,turquoise
C6ORF182,turquoise
C6ORF204,turquoise
C7ORF10,turquoise
C7ORF50,turquoise
C7ORF52,turquoise
C7ORF72,turquoise
C8ORF31,turquoise
C8ORF40,turquoise
C8ORF42,turquoise
C8ORF45,turquoise
C9,turquoise
C9ORF152,turquoise
C9ORF153,turquoise
C9ORF27,turquoise
C9ORF3,turquoise
C9ORF57,turquoise
CACHD1,turquoise
CACNA1C,turquoise
CACNA2D3,turquoise
CACNA2D4,turquoise
CACNG2,turquoise
CADPS,turquoise
CADPS2,turquoise
CAGE1,turquoise
CALD1,turquoise
CALU,turquoise
CAMK1D,turquoise
CAMTA1,turquoise
CAP2,turquoise
CAPZA2,turquoise
CASP12,turquoise
CASP3,turquoise
CASZ1,turquoise
CAV1,turquoise
CBARA1,turquoise
CBFA2T3,turquoise
CBS,turquoise
CCDC112,turquoise
CCDC122,turquoise
CCDC127,turquoise
CCDC146,turquoise
CCDC149,turquoise
CCDC152,turquoise
CCDC28A,turquoise
CCDC34,turquoise
CCDC41,turquoise
CCDC60,turquoise
CCDC7,turquoise
CCDC77,turquoise
CCDC91,turquoise
CCL28,turquoise
CCNB1,turquoise
CCNJL,turquoise
CCR2,turquoise
CCT3,turquoise
CCT8,turquoise
CD160,turquoise
CD1A,turquoise
CD2AP,turquoise
CD59,turquoise
CDC42BPB,turquoise
CDC5L,turquoise
CDH12,turquoise
CDH13,turquoise
CDH17,turquoise
CDK15,turquoise
CDK6,turquoise
CDKAL1,turquoise
CDON,turquoise
CDYL,turquoise
CECR1,turquoise
CENPF,turquoise
CENPK,turquoise
CEP135,turquoise
CEP164,turquoise
CEP72,turquoise
CFLP1,turquoise
CFTR,turquoise
CGN,turquoise
CHCHD3,turquoise
CHCHD8,turquoise
CHD1L,turquoise
CHD7,turquoise
CHP2,turquoise
CHRM2,turquoise
CHST10,turquoise
CHST9,turquoise
CIDEA,turquoise
CKAP2,turquoise
CKAP4,turquoise
CKMT1B,turquoise
CLASP1,turquoise
CLDN10,turquoise
CLEC2D,turquoise
CLK3,turquoise
CLNK,turquoise
CLVS1,turquoise
CMTM1,turquoise
CMYA5,turquoise
CNGB3,turquoise
CNKSR3,turquoise
CNN3,turquoise
CNNM2,turquoise
CNOT6L,turquoise
CNRIP1,turquoise
CNTN1,turquoise
CNTN5,turquoise
COCH,turquoise
COG1,turquoise
COL10A1,turquoise
COL11A2,turquoise
COL14A1,turquoise
COL16A1,turquoise
COL23A1,turquoise
COL24A1,turquoise
COL25A1,turquoise
COL3A1,turquoise
COL8A1,turquoise
COL9A2,turquoise
COLEC11,turquoise
CORIN,turquoise
COX7B2,turquoise
COX8C,turquoise
CPA6,turquoise
CPB1,turquoise
CPE,turquoise
CPEB3,turquoise
CPEB4,turquoise
CPM,turquoise
CPNE4,turquoise
CPPED1,turquoise
CPS1,turquoise
CPT1B,turquoise
CREB5,turquoise
CRIM1,turquoise
CRLS1,turquoise
CRTAC1,turquoise
CRYBG3,turquoise
CSDE1,turquoise
CSE1L,turquoise
CSMD1,turquoise
CTBP1,turquoise
CTBP2,turquoise
CTNNA3,turquoise
CTNNB1,turquoise
CTSC,turquoise
CTSH,turquoise
CTSK,turquoise
CTU1,turquoise
CUL1,turquoise
CUL2,turquoise
CUX2,turquoise
CYB561,turquoise
CYB5R4,turquoise
CYLD,turquoise
CYP2F1,turquoise
CYP3A43,turquoise
CYP7A1,turquoise
CYYR1,turquoise
D2HGDH,turquoise
DAAM1,turquoise
DAB1,turquoise
DACH1,turquoise
DAPK1,turquoise
DCAF13,turquoise
DCUN1D2,turquoise
DDI2,turquoise
DDT,turquoise
DDX10,turquoise
DDX4,turquoise
DEC-01,turquoise
DENND1A,turquoise
DENND1B,turquoise
DENND2A,turquoise
DENND5B,turquoise
DEPDC6,turquoise
DET1,turquoise
DGKD,turquoise
DHTKD1,turquoise
DHX16,turquoise
DHX36,turquoise
DIAPH3,turquoise
DIP2B,turquoise
DIP2C,turquoise
DISC1,turquoise
DLG2,turquoise
DLG4,turquoise
DLK1,turquoise
DLL3,turquoise
DMP1,turquoise
DNAH8,turquoise
DNAJA4,turquoise
DNAJB9,turquoise
DNAJC5B,turquoise
DNAJC6,turquoise
DNAJC8,turquoise
DNASE2,turquoise
DNMBP,turquoise
DOCK1,turquoise
DOCK10,turquoise
DPYD,turquoise
DSCAML1,turquoise
DSCC1,turquoise
DTWD2,turquoise
DUSP10,turquoise
DUSP22,turquoise
DUSP27,turquoise
DYNC1LI1,turquoise
DYSF,turquoise
E2F3,turquoise
EBF3,turquoise
EBPL,turquoise
ECE1,turquoise
ECT2L,turquoise
EDAR,turquoise
EEFSEC,turquoise
EFCAB7,turquoise
EFEMP1,turquoise
EFHA1,turquoise
EFNA5,turquoise
EFR3A,turquoise
EGF,turquoise
EGFR,turquoise
EHMT2,turquoise
EIF2C3,turquoise
EIF3IP1,turquoise
EIF5A2,turquoise
ELAVL1,turquoise
ELF2,turquoise
ELF5,turquoise
ELL2,turquoise
ELP4,turquoise
EML6,turquoise
ENAH,turquoise
ENPP1,turquoise
ENPP2,turquoise
ENTPD1,turquoise
EOMES,turquoise
EPC1,turquoise
EPHB2,turquoise
ERBB4,turquoise
ERC1,turquoise
ERC2,turquoise
ERCC8,turquoise
ERGIC2,turquoise
ERI1,turquoise
ERICH1,turquoise
ERRFI1,turquoise
ESCO1,turquoise
ESCO2,turquoise
ESR1,turquoise
ESYT2,turquoise
ETV3,turquoise
ETV6,turquoise
EXOC2,turquoise
EXOC4,turquoise
EXOC6B,turquoise
EXOC8,turquoise
EXOSC1,turquoise
EXOSC8,turquoise
EXT1,turquoise
EYA1,turquoise
EYS,turquoise
F13B,turquoise
F2,turquoise
FABP1,turquoise
FABP4,turquoise
FABP9,turquoise
FAM10A4,turquoise
FAM110B,turquoise
FAM135B,turquoise
FAM13B,turquoise
FAM161A,turquoise
FAM171A1,turquoise
FAM178A,turquoise
FAM178B,turquoise
FAM183B,turquoise
FAM184A,turquoise
FAM186A,turquoise
FAM196B,turquoise
FAM40A,turquoise
FAM71A,turquoise
FAM73A,turquoise
FANCL,turquoise
FANK1,turquoise
FARP1,turquoise
FARSB,turquoise
FAT3,turquoise
FBN2,turquoise
FBXL13,turquoise
FBXL7,turquoise
FCAMR,turquoise
FCHO2,turquoise
FECH,turquoise
FEZ1,turquoise
FGF1,turquoise
FGF12,turquoise
FGF14,turquoise
FKBP7,turquoise
FLJ10213,turquoise
FLJ13197,turquoise
FLJ41350,turquoise
FLJ44606,turquoise
FLOT1,turquoise
FLT4,turquoise
FMN1,turquoise
FMNL2,turquoise
FMO1,turquoise
FMO6P,turquoise
FNDC7,turquoise
FOXJ3,turquoise
FOXK2,turquoise
FOXP1,turquoise
FRAS1,turquoise
FREM1,turquoise
FRMD4A,turquoise
FRYL,turquoise
FSTL4,turquoise
FUT8,turquoise
GABBR1,turquoise
GABRA6,turquoise
GABRB1,turquoise
GABRR1,turquoise
GADD45G,turquoise
GALNT10,turquoise
GALNT2,turquoise
GALNTL5,turquoise
GALR1,turquoise
GART,turquoise
GAS7,turquoise
GATA3,turquoise
GATAD1,turquoise
GCNT3,turquoise
GFRA2,turquoise
GHR,turquoise
GIT2,turquoise
GJA1,turquoise
GKN1,turquoise
GLG1,turquoise
GLI3,turquoise
GLRB,turquoise
GLRX2,turquoise
GLT1D1,turquoise
GMCL1L,turquoise
GMDS,turquoise
GMEB2,turquoise
GNA12,turquoise
GNAL,turquoise
GNL1,turquoise
GNRHR,turquoise
GNS,turquoise
GOT1,turquoise
GPAM,turquoise
GPATCH2,turquoise
GPC5,turquoise
GPC6,turquoise
GPER,turquoise
GPM6A,turquoise
GPR1,turquoise
GPR123,turquoise
GPR137C,turquoise
GPR160,turquoise
GPR176,turquoise
GPR18,turquoise
GPR180,turquoise
GPR65,turquoise
GPR87,turquoise
GPR98,turquoise
GPX4,turquoise
GPX5,turquoise
GPX6,turquoise
GRAMD2,turquoise
GRB10,turquoise
GRHL2,turquoise
GRID1,turquoise
GRID2IP,turquoise
GRIP1,turquoise
GTDC1,turquoise
GTF2A1,turquoise
GTF2H5,turquoise
GTPBP4,turquoise
GUCA1A,turquoise
GYPC,turquoise
H2AFY,turquoise
HACE1,turquoise
HAO2,turquoise
HAPLN3,turquoise
HAUS3,turquoise
HBG2,turquoise
HBS1L,turquoise
HCG18,turquoise
HCG22,turquoise
HDAC9,turquoise
HDLBP,turquoise
HEATR2,turquoise
HECW2,turquoise
HEG1,turquoise
HERC2,turquoise
HERC3,turquoise
HERV-FRD,turquoise
HES1,turquoise
HGSNAT,turquoise
HHLA2,turquoise
HIBADH,turquoise
HIPK1,turquoise
HIPK2,turquoise
HIST1H2AA,turquoise
HIST1H3B,turquoise
HIVEP2,turquoise
HIVEP3,turquoise
HKR1,turquoise
HLA-DOB,turquoise
HLA-DPA1,turquoise
HLA-E,turquoise
HLA-G,turquoise
HMCN1,turquoise
HMOX2,turquoise
HNRPLL,turquoise
HOOK1,turquoise
HOXA4,turquoise
HOXD8,turquoise
HS2ST1,turquoise
HSD11B1,turquoise
HSDL1,turquoise
HSDL2,turquoise
HSN2,turquoise
HSPB7,turquoise
HTR1D,turquoise
HTR1F,turquoise
HTR4,turquoise
HTR7P,turquoise
HTRA1,turquoise
HTRA4,turquoise
HYALP1,turquoise
IBSP,turquoise
IFIT1L,turquoise
IGDCC4,turquoise
IGF2R,turquoise
IGSF11,turquoise
IGSF9B,turquoise
IKZF1,turquoise
IKZF4,turquoise
IL1F10,turquoise
IL1RL2,turquoise
IL26,turquoise
IL9,turquoise
INA,turquoise
ING3,turquoise
INPP4A,turquoise
INPP5A,turquoise
INPP5F,turquoise
INS-IGF2,turquoise
INSC,turquoise
INSIG1,turquoise
INSR,turquoise
IPO7,turquoise
IQCB1,turquoise
IQGAP2,turquoise
IQUB,turquoise
IRAK3,turquoise
IRF2,turquoise
IRS1,turquoise
IRS2,turquoise
ITGB3,turquoise
ITGB6,turquoise
ITIH5,turquoise
ITPR1,turquoise
ITPR2,turquoise
JAKMIP1,turquoise
JARID2,turquoise
JAZF1,turquoise
JPH1,turquoise
KANK1,turquoise
KANK4,turquoise
KBTBD2,turquoise
KCMF1,turquoise
KCND2,turquoise
KCNH5,turquoise
KCNH8,turquoise
KCNJ1,turquoise
KCNJ14,turquoise
KCNJ16,turquoise
KCNK18,turquoise
KCNK2,turquoise
KCNMA1,turquoise
KCNQ1,turquoise
KCNQ2,turquoise
KCP,turquoise
KCTD16,turquoise
KDM5A,turquoise
KIAA0146,turquoise
KIAA0174,turquoise
KIAA0182,turquoise
KIAA0528,turquoise
KIAA0753,turquoise
KIAA0922,turquoise
KIAA1033,turquoise
KIAA1257,turquoise
KIAA1409,turquoise
KIAA1432,turquoise
KIAA1486,turquoise
KIAA1598,turquoise
KIAA1712,turquoise
KIAA1958,turquoise
KIF24,turquoise
KIF25,turquoise
KIF5C,turquoise
KIF6,turquoise
KIFC1,turquoise
KLF12,turquoise
KLHDC7A,turquoise
KLHL29,turquoise
KLHL3,turquoise
KLHL30,turquoise
KLHL31,turquoise
KLHL6,turquoise
KLRG1,turquoise
KLRK1,turquoise
KMO,turquoise
KPNA1,turquoise
KPRP,turquoise
KRAS,turquoise
KRT12,turquoise
KRT20,turquoise
KRT27,turquoise
KRT71,turquoise
KRTAP2-2,turquoise
KRTAP4-3,turquoise
LAMA2,turquoise
LAMA4,turquoise
LAMB4,turquoise
LARP4,turquoise
LARS2,turquoise
LASS6,turquoise
LCA5,turquoise
LCOR,turquoise
LDHD,turquoise
LDLRAD2,turquoise
LEPREL1,turquoise
LGR4,turquoise
LIMCH1,turquoise
LIN9,turquoise
LIPC,turquoise
LIX1,turquoise
LMF1,turquoise
LMNB1,turquoise
LOC100129550,turquoise
LOC100130522,turquoise
LOC145845,turquoise
LOC152024,turquoise
LOC153684,turquoise
LOC201651,turquoise
LOC285045,turquoise
LOC285501,turquoise
LOC285696,turquoise
LOC285830,turquoise
LOC286367,turquoise
LOC390594,turquoise
LOC729991-MEF2B,turquoise
LOC84740,turquoise
LOC91149,turquoise
LOC93432,turquoise
LOH12CR1,turquoise
LONP2,turquoise
LOXL1,turquoise
LPAR5,turquoise
LPIN1,turquoise
LPP,turquoise
LPXN,turquoise
LRBA,turquoise
LRCH1,turquoise
LRGUK,turquoise
LRIT1,turquoise
LRIT2,turquoise
LRP12,turquoise
LRP5,turquoise
LRRC16A,turquoise
LRRFIP1,turquoise
LSM2,turquoise
LSM5,turquoise
LTA,turquoise
LUC7L3,turquoise
LY75,turquoise
LYRM4,turquoise
LYST,turquoise
LZTS2,turquoise
MACROD1,turquoise
MAD1L1,turquoise
MAEL,turquoise
MAML3,turquoise
MAP1LC3A,turquoise
MAP2K5,turquoise
MAP2K6,turquoise
MAP3K7,turquoise
MAPK8,turquoise
MAR-07,turquoise
MARCKS,turquoise
MARK2,turquoise
MARK3,turquoise
MAST2,turquoise
MAST4,turquoise
MATN1,turquoise
MATN2,turquoise
MBOAT1,turquoise
MCM8,turquoise
MCOLN2,turquoise
MCPH1,turquoise
MCTP2,turquoise
MDFIC,turquoise
MDN1,turquoise
ME1,turquoise
MED12L,turquoise
MEGF11,turquoise
MEMO1,turquoise
MEPE,turquoise
MEST,turquoise
METT5D1,turquoise
MFAP2,turquoise
MGAT5,turquoise
MIB1,turquoise
MIR107,turquoise
MIR1205,turquoise
MIR122,turquoise
MIR140,turquoise
MIR146A,turquoise
MIR1913,turquoise
MIR206,turquoise
MIR216B,turquoise
MIR518B,turquoise
MIR548H4,turquoise
MIR548N,turquoise
MIR590,turquoise
MIRLET7A2,turquoise
MITF,turquoise
MKI67,turquoise
MLLT3,turquoise
MMD2,turquoise
MMP28,turquoise
MOBKL3,turquoise
MOG,turquoise
MPZ,turquoise
MRE11A,turquoise
MREG,turquoise
MRPL19,turquoise
MRPL3,turquoise
MRPL47,turquoise
MRPS35,turquoise
MS4A8B,turquoise
MSMB,turquoise
MSRB3,turquoise
MT4,turquoise
MTERFD1,turquoise
MTFR1,turquoise
MTL5,turquoise
MTMR15,turquoise
MTMR7,turquoise
MTSS1,turquoise
MUC21,turquoise
MXI1,turquoise
MYB,turquoise
MYCN,turquoise
MYEOV2,turquoise
MYH10,turquoise
MYH15,turquoise
MYH8,turquoise
MYLIP,turquoise
MYO10,turquoise
MYO18A,turquoise
MYO1B,turquoise
MYO1E,turquoise
MYO1G,turquoise
MYOF,turquoise
MYOM2,turquoise
MYOZ3,turquoise
MYPN,turquoise
MYST4,turquoise
NAA11,turquoise
NALCN,turquoise
NAMPT,turquoise
NARS,turquoise
NARS2,turquoise
NAT1,turquoise
NCEH1,turquoise
NCKAP5,turquoise
NCL,turquoise
NCOA2,turquoise
NCOR2,turquoise
NCRNA00111,turquoise
NCRNA00171,turquoise
NDST2,turquoise
NDUFA4L2,turquoise
NDUFS4,turquoise
NECAB1,turquoise
NEFM,turquoise
NEIL3,turquoise
NEO1,turquoise
NEU1,turquoise
NEUROD4,turquoise
NEXN,turquoise
NF1,turquoise
NFAT5,turquoise
NFATC4,turquoise
NFYC,turquoise
NGF,turquoise
NHEDC1,turquoise
NHLRC2,turquoise
NHSL1,turquoise
NKAIN4,turquoise
NKTR,turquoise
NLK,turquoise
NMI,turquoise
NOC4L,turquoise
NOL10,turquoise
NOP14,turquoise
NOS1AP,turquoise
NOS3,turquoise
NOTCH4,turquoise
NOV,turquoise
NPTN,turquoise
NPY,turquoise
NR2C2,turquoise
NRCAM,turquoise
NRG1,turquoise
NRXN3,turquoise
NSMCE2,turquoise
NTM,turquoise
NUDT12,turquoise
NUDT6,turquoise
NUDT9,turquoise
NUP153,turquoise
NUP160,turquoise
NUP43,turquoise
NUP54,turquoise
NXPH2,turquoise
OBSCN,turquoise
ODZ3,turquoise
OLFML3,turquoise
OPCML,turquoise
OR1D2,turquoise
OR2A2,turquoise
OR2D3,turquoise
OR2H1,turquoise
OR4D10,turquoise
OR5V1,turquoise
OSBPL11,turquoise
OSBPL9,turquoise
OSMR,turquoise
OXR1,turquoise
PACRG,turquoise
PAK1IP1,turquoise
PALLD,turquoise
PANX1,turquoise
PANX3,turquoise
PARD3,turquoise
PARK2,turquoise
PARP4,turquoise
PAX3,turquoise
PBX1,turquoise
PCCA,turquoise
PCDH7,turquoise
PCDH9,turquoise
PCDHA2,turquoise
PCDHGA4,turquoise
PCGF3,turquoise
PCLO,turquoise
PCMTD1,turquoise
PCNA,turquoise
PCNT,turquoise
PCNXL2,turquoise
PCSK9,turquoise
PCYT1A,turquoise
PCYT2,turquoise
PDE1C,turquoise
PDE4B,turquoise
PDE6C,turquoise
PDE6H,turquoise
PDE7A,turquoise
PDE8A,turquoise
PDGFC,turquoise
PDP1,turquoise
PDS5A,turquoise
PDZD2,turquoise
PDZK1,turquoise
PDZK1IP1,turquoise
PDZRN3,turquoise
PDZRN4,turquoise
PEG10,turquoise
PELI2,turquoise
PEX10,turquoise
PFKP,turquoise
PGAP3,turquoise
PGCP,turquoise
PHACTR2,turquoise
PHF17,turquoise
PHF3,turquoise
PHOSPHO1,turquoise
PHOSPHO2,turquoise
PHTF1,turquoise
PIBF1,turquoise
PICALM,turquoise
PICK1,turquoise
PIGG,turquoise
PIGV,turquoise
PIK3C3,turquoise
PIK3CD,turquoise
PION,turquoise
PIWIL1,turquoise
PIWIL4,turquoise
PKD1L1,turquoise
PKHD1,turquoise
PKNOX1,turquoise
PLAC8L1,turquoise
PLAGL1,turquoise
PLCH1,turquoise
PLCXD3,turquoise
PLEKHA7,turquoise
PLEKHG7,turquoise
PLEKHM3,turquoise
PLOD2,turquoise
PLXNA4,turquoise
PM20D1,turquoise
PMCH,turquoise
PNMA1,turquoise
PNMA2,turquoise
POFUT2,turquoise
POLA2,turquoise
POLD3,turquoise
POLR1D,turquoise
POM121L2,turquoise
POMGNT1,turquoise
POT1,turquoise
POU6F2,turquoise
PPA2,turquoise
PPAP2A,turquoise
PPARG,turquoise
PPARGC1A,turquoise
PPIH,turquoise
PPP1R12B,turquoise
PPP1R1C,turquoise
PPP2R2A,turquoise
PPP2R2D,turquoise
PPP3CA,turquoise
PPP4R2,turquoise
PPYR1,turquoise
PRC1,turquoise
PRDM11,turquoise
PRDM16,turquoise
PRDM5,turquoise
PREP,turquoise
PREPL,turquoise
PRHOXNB,turquoise
PRICKLE1,turquoise
PRKAA2,turquoise
PRKCZ,turquoise
PRKD1,turquoise
PRKG1,turquoise
PRL,turquoise
PRLR,turquoise
PROS1,turquoise
PRPF18,turquoise
PRR4,turquoise
PRTG,turquoise
PSMA1,turquoise
PSMB2,turquoise
PSMB8,turquoise
PSMD14,turquoise
PSME3,turquoise
PSORS1C1,turquoise
PSTK,turquoise
PTDSS1,turquoise
PTGR2,turquoise
PTGS2,turquoise
PTH,turquoise
PTK2,turquoise
PTPN14,turquoise
PTPN2,turquoise
PTPN3,turquoise
PTPRG,turquoise
PTPRN2,turquoise
PTPRO,turquoise
PTPRR,turquoise
PTTG2,turquoise
PUM1,turquoise
PUM2,turquoise
PUS7,turquoise
PXK,turquoise
QPCT,turquoise
RAB1A,turquoise
RAB40B,turquoise
RAB7A,turquoise
RAD51L1,turquoise
RALB,turquoise
RALGPS1,turquoise
RANBP1,turquoise
RASA3,turquoise
RASSF8,turquoise
RAVER2,turquoise
RB1,turquoise
RB1CC1,turquoise
RBM9,turquoise
RBMS3,turquoise
RBPJ,turquoise
RBPMS,turquoise
RCN1,turquoise
RCSD1,turquoise
RDH11,turquoise
RDH12,turquoise
REC8,turquoise
REG4,turquoise
RELL1,turquoise
RELN,turquoise
REPIN1,turquoise
RERE,turquoise
RFX7,turquoise
RGNEF,turquoise
RGPD2,turquoise
RGS13,turquoise
RGS7,turquoise
RHEB,turquoise
RHOH,turquoise
RICH2,turquoise
RIF1,turquoise
RIMBP2,turquoise
RIMS1,turquoise
RIN3,turquoise
RING1,turquoise
RIPK1,turquoise
RIPK2,turquoise
RIPK3,turquoise
RMND5A,turquoise
RMST,turquoise
RNF138,turquoise
RNF38,turquoise
RNF39,turquoise
RNGTT,turquoise
RNLS,turquoise
ROBO1,turquoise
ROBO2,turquoise
ROMO1,turquoise
ROR1,turquoise
RORA,turquoise
RP9,turquoise
RPA1,turquoise
RPAP3,turquoise
RPH3AL,turquoise
RPL23P8,turquoise
RPP21,turquoise
RPRD2,turquoise
RPS6KA2,turquoise
RPTN,turquoise
RPTOR,turquoise
RREB1,turquoise
RRP15,turquoise
RSRC2,turquoise
RTDR1,turquoise
RTKN2,turquoise
RUNX1,turquoise
RUNX2,turquoise
S100A10,turquoise
SAMD4A,turquoise
SAMD5,turquoise
SAMD8,turquoise
SAMD9,turquoise
SAP18,turquoise
SART3,turquoise
SCAND3,turquoise
SCAPER,turquoise
SCARA5,turquoise
SCGB2A1,turquoise
SCHIP1,turquoise
SCIN,turquoise
SCN10A,turquoise
SCN5A,turquoise
SCOC,turquoise
SCUBE1,turquoise
SDCCAG8,turquoise
SDK1,turquoise
SDK2,turquoise
SEC16B,turquoise
SEC22A,turquoise
SEMA4A,turquoise
SEMA4D,turquoise
SENP1,turquoise
SENP6,turquoise
SEPHS2,turquoise
SERPINB1,turquoise
SERTAD1,turquoise
SETD3,turquoise
SETDB1,turquoise
SETDB2,turquoise
SETMAR,turquoise
SFMBT2,turquoise
SFRS11,turquoise
SFRS7,turquoise
SGCE,turquoise
SGMS1,turquoise
SGMS2,turquoise
SGOL2,turquoise
SGTA,turquoise
SH3BGRL2,turquoise
SH3D19,turquoise
SH3PXD2A,turquoise
SH3PXD2B,turquoise
SH3RF1,turquoise
SH3YL1,turquoise
SHANK2,turquoise
SHC2,turquoise
SHQ1,turquoise
SHROOM3,turquoise
SIAE,turquoise
SIK2,turquoise
SIL1,turquoise
SIM1,turquoise
SIPA1L1,turquoise
SIRT1,turquoise
SLAMF9,turquoise
SLC10A7,turquoise
SLC11A2,turquoise
SLC16A12,turquoise
SLC17A2,turquoise
SLC19A3,turquoise
SLC22A1,turquoise
SLC22A24,turquoise
SLC25A4,turquoise
SLC25A40,turquoise
SLC27A2,turquoise
SLC2A13,turquoise
SLC2A2,turquoise
SLC35B4,turquoise
SLC36A4,turquoise
SLC38A1,turquoise
SLC38A4,turquoise
SLC44A4,turquoise
SLC45A4,turquoise
SLC4A4,turquoise
SLC6A18,turquoise
SLC6A2,turquoise
SLC7A14,turquoise
SLC8A1,turquoise
SLC9A10,turquoise
SLC9A3,turquoise
SLCO2A1,turquoise
SLU7,turquoise
SLURP1,turquoise
SMARCAD1,turquoise
SMCP,turquoise
SMOC2,turquoise
SMURF1,turquoise
SMYD3,turquoise
SND1,turquoise
SNIP1,turquoise
SNORA27,turquoise
SNORD114-7,turquoise
SNORD56B,turquoise
SNRPB,turquoise
SNRPC,turquoise
SNTG2,turquoise
SNX25,turquoise
SNX9,turquoise
SORBS1,turquoise
SOS1,turquoise
SOX5,turquoise
SPARC,turquoise
SPARCL1,turquoise
SPATA16,turquoise
SPATA5L1,turquoise
SPATA9,turquoise
SPATS2L,turquoise
SPDEF,turquoise
SPG20,turquoise
SPINK7,turquoise
SPOPL,turquoise
SPRED2,turquoise
SPRR1A,turquoise
SRBD1,turquoise
SRD5A2,turquoise
SREBF2,turquoise
SRGAP3,turquoise
SRPK2,turquoise
SSBP4,turquoise
SSH1,turquoise
SSR1,turquoise
ST18,turquoise
ST3GAL1,turquoise
ST6GALNAC3,turquoise
ST6GALNAC5,turquoise
ST7OT3,turquoise
ST8SIA4,turquoise
STAG1,turquoise
STAR,turquoise
STAU2,turquoise
STIM1,turquoise
STK24,turquoise
STK32C,turquoise
STK33,turquoise
STK39,turquoise
STOX2,turquoise
STRN3,turquoise
STT3A,turquoise
STX11,turquoise
SULT1E1,turquoise
SUNC1,turquoise
SUPT16H,turquoise
SURF6,turquoise
SUV39H2,turquoise
SYK,turquoise
SYN3,turquoise
SYNE1,turquoise
SYNE2,turquoise
SYNJ2,turquoise
SYNPO2,turquoise
SYT1,turquoise
SYT10,turquoise
SYT3,turquoise
TAF11,turquoise
TAF2,turquoise
TANC1,turquoise
TAP1,turquoise
TAP2,turquoise
TAS2R38,turquoise
TBC1D12,turquoise
TBC1D16,turquoise
TBC1D2B,turquoise
TBC1D7,turquoise
TBC1D8,turquoise
TBCD,turquoise
TBCK,turquoise
TBXAS1,turquoise
TCERG1L,turquoise
TCF12,turquoise
TCF19,turquoise
TCF7L1,turquoise
TCF7L2,turquoise
TCHHL1,turquoise
TCN2,turquoise
TCP11,turquoise
TDRD1,turquoise
TDRD3,turquoise
TDRD7,turquoise
TDRKH,turquoise
TEAD1,turquoise
TEPP,turquoise
TEX10,turquoise
TEX2,turquoise
TFDP1,turquoise
THBS4,turquoise
THRB,turquoise
THSD4,turquoise
TIAM2,turquoise
TINAG,turquoise
TLE1,turquoise
TLL1,turquoise
TM4SF1,turquoise
TMED7-TICAM2,turquoise
TMEM117,turquoise
TMEM132C,turquoise
TMEM184A,turquoise
TMEM217,turquoise
TMEM225,turquoise
TMEM30C,turquoise
TMEM39A,turquoise
TMEM65,turquoise
TMEM74,turquoise
TMIE,turquoise
TMIGD1,turquoise
TMPRSS11B,turquoise
TMTC1,turquoise
TMTC2,turquoise
TNFRSF19,turquoise
TNFRSF21,turquoise
TNFRSF8,turquoise
TNFSF11,turquoise
TNFSF13B,turquoise
TNIK,turquoise
TNIP3,turquoise
TNK2,turquoise
TNPO1,turquoise
TNS3,turquoise
TNXB,turquoise
TOMM20,turquoise
TOX,turquoise
TP63,turquoise
TPCN2,turquoise
TPH2,turquoise
TPO,turquoise
TPRXL,turquoise
TRADD,turquoise
TRANK1,turquoise
TRAP1,turquoise
TRIM10,turquoise
TRIM2,turquoise
TRIM33,turquoise
TRIM40,turquoise
TRIM44,turquoise
TRIM5,turquoise
TRIM71,turquoise
TRIP11,turquoise
TRIT1,turquoise
TRPC3,turquoise
TRPC4,turquoise
TRPM1,turquoise
TRPM7,turquoise
TSEN15,turquoise
TSGA10,turquoise
TSLP,turquoise
TSPAN9,turquoise
TSTD1,turquoise
TTC35,turquoise
TTC39A,turquoise
TTC4,turquoise
TTC7B,turquoise
TTC9C,turquoise
TTK,turquoise
TTLL1,turquoise
TTN,turquoise
TUBGCP3,turquoise
TULP4,turquoise
TXNDC15,turquoise
TXNDC17,turquoise
TXNDC6,turquoise
TXNL4B,turquoise
UACA,turquoise
UAP1L1,turquoise
UBE2CBP,turquoise
UBE2E1,turquoise
UBE2N,turquoise
UBE3C,turquoise
UBL3,turquoise
UBQLN3,turquoise
UBR3,turquoise
UBTD2,turquoise
UGGT2,turquoise
UGT2B4,turquoise
UHRF1,turquoise
UNC5D,turquoise
UNC84A,turquoise
UNC93A,turquoise
UNKL,turquoise
UPK1B,turquoise
UPK3A,turquoise
UPP2,turquoise
USP14,turquoise
USP24,turquoise
USP31,turquoise
USP46,turquoise
USP54,turquoise
USP6NL,turquoise
UST,turquoise
UTRN,turquoise
VARS2,turquoise
VCL,turquoise
VDR,turquoise
VGF,turquoise
VGLL4,turquoise
VIPR2,turquoise
VIT,turquoise
VKORC1L1,turquoise
VPS13A,turquoise
VPS37A,turquoise
VPS37B,turquoise
VPS41,turquoise
VRK2,turquoise
VWA5A,turquoise
WAC,turquoise
WDHD1,turquoise
WDR25,turquoise
WDR27,turquoise
WDR33,turquoise
WDR36,turquoise
WDR45L,turquoise
WDR46,turquoise
WDR49,turquoise
WDR52,turquoise
WDR59,turquoise
WDR69,turquoise
WHSC1,turquoise
WNT1,turquoise
WNT16,turquoise
WNT5A,turquoise
WWOX,turquoise
WWTR1,turquoise
XKR6,turquoise
YAF2,turquoise
YTHDC1,turquoise
YTHDF3,turquoise
ZAK,turquoise
ZAP70,turquoise
ZAR1,turquoise
ZBTB20,turquoise
ZBTB38,turquoise
ZBTB41,turquoise
ZBTB6,turquoise
ZBTB8A,turquoise
ZC3H12C,turquoise
ZC3HAV1L,turquoise
ZCCHC7,turquoise
ZDHHC6,turquoise
ZFHX3,turquoise
ZFP161,turquoise
ZFP36L2,turquoise
ZFP64,turquoise
ZFP90,turquoise
ZFPM2,turquoise
ZFR2,turquoise
ZFYVE16,turquoise
ZFYVE27,turquoise
ZMYND11,turquoise
ZNF124,turquoise
ZNF140,turquoise
ZNF165,turquoise
ZNF175,turquoise
ZNF200,turquoise
ZNF214,turquoise
ZNF22,turquoise
ZNF221,turquoise
ZNF232,turquoise
ZNF25,turquoise
ZNF259,turquoise
ZNF280B,turquoise
ZNF286B,turquoise
ZNF32,turquoise
ZNF326,turquoise
ZNF329,turquoise
ZNF330,turquoise
ZNF337,turquoise
ZNF347,turquoise
ZNF354A,turquoise
ZNF37A,turquoise
ZNF37B,turquoise
ZNF385B,turquoise
ZNF391,turquoise
ZNF398,turquoise
ZNF423,turquoise
ZNF442,turquoise
ZNF445,turquoise
ZNF45,turquoise
ZNF518A,turquoise
ZNF518B,turquoise
ZNF521,turquoise
ZNF551,turquoise
ZNF574,turquoise
ZNF610,turquoise
ZNF611,turquoise
ZNF616,turquoise
ZNF619,turquoise
ZNF644,turquoise
ZNF655,turquoise
ZNF678,turquoise
ZNF774,turquoise
ZNF782,turquoise
ZNF783,turquoise
ZNF793,turquoise
ZNF829,turquoise
ZNHIT6,turquoise
ZSCAN23,turquoise
ZSCAN29,turquoise
AARS,violet
AASDH,violet
ABCA12,violet
ABCC2,violet
ABI1,violet
ACACA,violet
ACIN1,violet
ACOX3,violet
ACYP1,violet
ADAMTS1,violet
ADCY4,violet
AFF1,violet
AGR3,violet
AGTRAP,violet
AGXT2L1,violet
AHCYL2,violet
AKAP11,violet
AKR1B1,violet
ALG11,violet
ALKBH8,violet
ALPK1,violet
AMIGO1,violet
ANAPC1,violet
ANAPC10,violet
ANAPC5,violet
ANKRD33B,violet
ANKRD45,violet
ANKRD53,violet
ANO10,violet
APAF1,violet
APH1A,violet
APOBEC3A,violet
APOL6,violet
APOLD1,violet
ARVCF,violet
ASB10,violet
ASCL4,violet
ATAD3A,violet
ATAD5,violet
ATF1,violet
ATP1A1,violet
ATP6V0C,violet
ATXN2,violet
AUTS2,violet
AXIN2,violet
AZI2,violet
BAG5,violet
BANK1,violet
BAT4,violet
BAT5,violet
BCCIP,violet
BCL2L13,violet
BCL9,violet
BDNF,violet
BET1L,violet
BIN2,violet
BLK,violet
BMP2K,violet
BOLL,violet
BPGM,violet
BRAF,violet
BRI3BP,violet
BRUNOL4,violet
BTBD7,violet
BUB1B,violet
BUD13,violet
C10ORF35,violet
C11ORF46,violet
C11ORF80,violet
C11ORF84,violet
C12ORF49,violet
C14ORF178,violet
C17ORF82,violet
C18ORF22,violet
C19ORF25,violet
C19ORF40,violet
C19ORF44,violet
C1ORF107,violet
C1ORF130,violet
C1ORF190,violet
C1ORF52,violet
C1ORF63,violet
C1ORF9,violet
C20ORF108,violet
C20ORF199,violet
C21ORF2,violet
C3ORF20,violet
C3ORF75,violet
C4ORF39,violet
C5ORF24,violet
C5ORF37,violet
C6ORF130,violet
C6ORF167,violet
C7ORF10,violet
C7ORF49,violet
C7ORF50,violet
C8ORF33,violet
C8ORF45,violet
C9ORF110,violet
C9ORF79,violet
CA10,violet
CAB39,violet
CACNA2D2,violet
CACNA2D3,violet
CALM3,violet
CALY,violet
CAMK1D,violet
CASC5,violet
CAV1,violet
CBFA2T2,violet
CBLN2,violet
CCDC13,violet
CCDC148,violet
CCDC30,violet
CCDC43,violet
CCDC49,violet
CCDC91,violet
CCNB2,violet
CCNY,violet
CCNYL1,violet
CD164,violet
CD1D,violet
CD247,violet
CDC10L,violet
CDC42BPB,violet
CDKAL1,violet
CEBPD,violet
CHST11,violet
CILP2,violet
CLDN25,violet
CLIP2,violet
CLK3,violet
CLK4,violet
CMAS,violet
CNIH4,violet
COL3A1,violet
COMP,violet
COMTD1,violet
COPS3,violet
CREB3,violet
CREB5,violet
CREG1,violet
CSMD2,violet
CSNK1A1,violet
CTNND1,violet
CTR9,violet
CUL2,violet
CUX2,violet
CXCL5,violet
CYP26B1,violet
CYP2B7P1,violet
DAB1,violet
DACT2,violet
DCAKD,violet
DCDC1,violet
DDX21,violet
DDX24,violet
DDX46,violet
DHX29,violet
DIP2C,violet
DIS3,violet
DLGAP4,violet
DNAH6,violet
DNAJC5B,violet
DNAJC8,violet
DNM2,violet
DNTTIP2,violet
DOCK1,violet
DONSON,violet
DPYSL3,violet
DSE,violet
DST,violet
DUSP19,violet
DUSP6,violet
DYRK2,violet
EDF1,violet
EEF2,violet
EFEMP2,violet
EFHD1,violet
EGLN1,violet
EGLN3,violet
EHMT2,violet
EIF2S2,violet
EIF3H,violet
ELMO2,violet
ELOVL2,violet
ENO1,violet
EPHA3,violet
EPHB1,violet
ERBB2IP,violet
ERG,violet
ESYT3,violet
ETV3,violet
ETV6,violet
EXOC1,violet
EXOC6,violet
EXT1,violet
FA2H,violet
FAIM,violet
FAM101B,violet
FAM149A,violet
FAM150A,violet
FAM159B,violet
FAM162B,violet
FAM171A1,violet
FAM173B,violet
FAM194A,violet
FAM196B,violet
FAM38B,violet
FAM54B,violet
FAM83H,violet
FARSB,violet
FBXO21,violet
FERMT2,violet
FGF6,violet
FHAD1,violet
FHOD3,violet
FIG4,violet
FLCN,violet
FLJ23834,violet
FLJ43390,violet
FMN2,violet
FNDC3B,violet
FNDC4,violet
FOSB,violet
FOXF1,violet
FSCN1,violet
FSHR,violet
FUZ,violet
GABARAPL2,violet
GABRB3,violet
GAD1,violet
GATA2,violet
GCC1,violet
GCH1,violet
GDAP2,violet
GINS3,violet
GLI2,violet
GLI4,violet
GLIPR1L2,violet
GNA13,violet
GNAI1,violet
GNAS,violet
GNL1,violet
GOLSYN,violet
GPC6,violet
GPR113,violet
GPR180,violet
GPR83,violet
GRB2,violet
GREB1L,violet
GREM2,violet
GRIN1,violet
GSK3A,violet
GSTP1,violet
GTF3C6,violet
GTPBP1,violet
GTPBP4,violet
HAPLN1,violet
HAS2,violet
HCCA2,violet
HDAC7,violet
HEATR2,violet
HEPACAM2,violet
HIC1,violet
HIPK2,violet
HISPPD1,violet
HIVEP3,violet
HLA-DQA2,violet
HLCS,violet
HMHB1,violet
HMX3,violet
HNRNPH1,violet
HOXA2,violet
HOXA5,violet
HSBP1,violet
HTT,violet
IDUA,violet
IFI6,violet
IFIT5,violet
ILF2,violet
ILKAP,violet
IMP3,violet
IMPACT,violet
ING1,violet
IRF6,violet
ITGAE,violet
ITGB1,violet
ITGB3BP,violet
JMJD8,violet
JPH1,violet
JPH2,violet
KATNAL2,violet
KCNAB3,violet
KCNQ1,violet
KCNQ5,violet
KCNT1,violet
KDM4A,violet
KEAP1,violet
KIAA1370,violet
KIAA1409,violet
KIAA1530,violet
KIAA1609,violet
KIAA1671,violet
KIAA1688,violet
KIF1B,violet
KIRREL2,violet
KLF14,violet
KLHL18,violet
KLHL36,violet
KLK9,violet
KMO,violet
KPNA1,violet
KRT2,violet
KSR2,violet
KTN1,violet
KY,violet
L3MBTL4,violet
LAMA4,violet
LAX1,violet
LDLRAD3,violet
LDOC1L,violet
LHX8,violet
LOC100134259,violet
LOC100270746,violet
LOC100288730,violet
LOC100302652,violet
LOC221442,violet
LOC285456,violet
LOC338758,violet
LOC400657,violet
LOC653113,violet
LOC91316,violet
LPCAT3,violet
LPPR4,violet
LPPR5,violet
LRPAP1,violet
LRRC18,violet
LRRC23,violet
LRRCC1,violet
LRRK2,violet
LSM2,violet
LUC7L3,violet
LYRM1,violet
MAD1L1,violet
MAGI1,violet
MAP1S,violet
MAP3K6,violet
MAPK14,violet
MAPK4,violet
MAPT,violet
MAR-02,violet
MBD6,violet
MED13L,violet
MED19,violet
MEG8,violet
METTL5,violet
MFAP3L,violet
MGMT,violet
MIAT,violet
MIB2,violet
MIR129-2,violet
MIR320D1,violet
MITF,violet
MMADHC,violet
MPV17L,violet
MSH3,violet
MSRA,violet
MTA1,violet
MTFR1,violet
MTHFSD,violet
MTMR12,violet
MTMR15,violet
MTMR4,violet
MUC15,violet
MUL1,violet
MYADM,violet
MYCBP2,violet
MYEOV2,violet
MYL5,violet
MYO10,violet
MYO15A,violet
N4BP2,violet
NAA20,violet
NAA38,violet
NAT10,violet
NBEA,violet
NCRNA00169,violet
NCRNA00171,violet
NEAT1,violet
NEK7,violet
NEURL4,violet
NF1,violet
NFYA,violet
NHEDC1,violet
NIN,violet
NKX2-1,violet
NLGN1,violet
NLRP14,violet
NLRP3,violet
NMNAT1,violet
NMUR1,violet
NPAS3,violet
NPEPPS,violet
NPFFR2,violet
NPTN,violet
NR1D1,violet
NRG1,violet
NRXN3,violet
NTM,violet
NTRK3,violet
NUP205,violet
OBSCN,violet
OCA2,violet
OPCML,violet
OPN3,violet
OR10A2,violet
OS9,violet
OSBP,violet
PACRG,violet
PAK4,violet
PAX6,violet
PCDH7,violet
PCDHB10,violet
PCDHB16,violet
PCGF3,violet
PCM1,violet
PCYT1A,violet
PDDC1,violet
PDE6A,violet
PEA15,violet
PERP,violet
PEX10,violet
PEX5,violet
PFDN6,violet
PFKFB3,violet
PGGT1B,violet
PGM1,violet
PHACTR1,violet
PHC3,violet
PHF19,violet
PHF20,violet
PHKG2,violet
PIGQ,violet
PINK1,violet
PLA2G7,violet
PLEKHH3,violet
PMS1,violet
PMVK,violet
POLB,violet
POLR2D,violet
POLS,violet
POMT2,violet
POP4,violet
POP5,violet
PPM1D,violet
PPP1R10,violet
PPP2R2B,violet
PPP4R4,violet
PPPDE2,violet
PPT2,violet
PRDM10,violet
PRDM15,violet
PRDX6,violet
PRKCG,violet
PRKCH,violet
PRKCZ,violet
PRKG1,violet
PRMT10,violet
PRMT3,violet
PRPH2,violet
PSD,violet
PSMA7,violet
PSMB5,violet
PSMD14,violet
PSMD3,violet
PSMD7,violet
PSORS1C1,violet
PTGS2,violet
PTMA,violet
PTPRK,violet
PTPRM,violet
PTPRN2,violet
PVRL1,violet
PYGL,violet
RAB1B,violet
RAD52,violet
RBBP5,violet
RBM4B,violet
REG3G,violet
RETNLB,violet
RFPL2,violet
RFX8,violet
RG9MTD1,violet
RGP1,violet
RHBDD1,violet
RNASEH2C,violet
RND2,violet
RNF160,violet
RNF41,violet
ROBO2,violet
ROCK1,violet
RPAP1,violet
RPL24,violet
RPL36AL,violet
RPL37A,violet
RPN1,violet
RPS6KB2,violet
RTEL1,violet
SAFB2,violet
SAMD3,violet
SDC2,violet
SDCCAG1,violet
SDK1,violet
SEC24B,violet
SEP-07,violet
SETD3,violet
SFRS15,violet
SFRS5,violet
SGK196,violet
SGK3,violet
SH3BP5,violet
SH3BP5L,violet
SH3RF3,violet
SHCBP1,violet
SHROOM3,violet
SIAH3,violet
SIRT1,violet
SIRT4,violet
SKI,violet
SKP1,violet
SLC12A7,violet
SLC16A12,violet
SLC1A2,violet
SLC22A11,violet
SLC25A11,violet
SLC25A39,violet
SLC2A12,violet
SLC30A9,violet
SLC38A6,violet
SLC39A3,violet
SLC40A1,violet
SLCO4C1,violet
SNORA21,violet
SNORD17,violet
SNX19,violet
SNX24,violet
SNX30,violet
SOCS2,violet
SOX30,violet
SPPL3,violet
SPRY1,violet
SPTBN2,violet
SRA1,violet
SRRM4,violet
SRRT,violet
SSB,violet
SSR1,violet
SSRP1,violet
ST5,violet
STAMBP,violet
STC1,violet
STIM1,violet
STX3,violet
SUGT1,violet
SULF1,violet
SULT2B1,violet
SUV420H1,violet
SVOPL,violet
TAAR9,violet
TADA1,violet
TAF3,violet
TAF7,violet
TAGLN3,violet
TAP2,violet
TARS,violet
TBCD,violet
TBRG4,violet
TBX15,violet
TBX18,violet
TBX5,violet
TCEB3B,violet
TCERG1,violet
TEAD1,violet
TEP1,violet
TFRC,violet
TGFB1,violet
TGFBR2,violet
TGM7,violet
THADA,violet
THOC5,violet
THOP1,violet
THY1,violet
TJP2,violet
TLE4,violet
TMBIM4,violet
TMEM128,violet
TMEM160,violet
TMEM179,violet
TMEM192,violet
TMEM200B,violet
TMEM209,violet
TMEM223,violet
TMEM71,violet
TMPO,violet
TMPRSS13,violet
TNFAIP1,violet
TNRC6A,violet
TNXB,violet
TOM1L2,violet
TP53INP1,violet
TPBG,violet
TPD52,violet
TPD52L2,violet
TRAPPC10,violet
TRIM26,violet
TRIM31,violet
TRIM36,violet
TRIM39,violet
TRIP4,violet
TSPAN4,violet
TSSC1,violet
TTBK2,violet
TTC30A,violet
TUBA1A,violet
TUBGCP5,violet
TXN2,violet
TXNDC6,violet
TXNRD1,violet
UBAP2L,violet
UBE2E1,violet
UBE2G1,violet
UBL3,violet
UBR3,violet
UFSP1,violet
UHMK1,violet
USP12,violet
USP24,violet
USP28,violet
USP44,violet
UST,violet
UTS2D,violet
VGLL4,violet
VIPR2,violet
VNN2,violet
VPS4A,violet
VSTM2B,violet
WDFY4,violet
WDR46,violet
WDR61,violet
WDR77,violet
WDR86,violet
WFDC3,violet
WNT5A,violet
WRNIP1,violet
WWP1,violet
XKR6,violet
XPNPEP1,violet
XPO5,violet
XPOT,violet
YPEL1,violet
ZBTB4,violet
ZC3H10,violet
ZDHHC16,violet
ZFAND6,violet
ZFHX3,violet
ZFR,violet
ZFYVE20,violet
ZNF101,violet
ZNF133,violet
ZNF197,violet
ZNF252,violet
ZNF283,violet
ZNF326,violet
ZNF333,violet
ZNF337,violet
ZNF346,violet
ZNF426,violet
ZNF442,violet
ZNF445,violet
ZNF471,violet
ZNF518A,violet
ZNF519,violet
ZNF521,violet
ZNF529,violet
ZNF532,violet
ZNF592,violet
ZNF598,violet
ZNF619,violet
ZNF654,violet
ZNF784,violet
ZNF793,violet
ZNF821,violet
ZNF828,violet
ZPBP,violet
AAGAB,white
ABCA4,white
ABCG2,white
ABHD12,white
ABHD2,white
ABI3BP,white
ACAT2,white
ACBD7,white
ACIN1,white
ADAMTS15,white
ADAMTS9,white
ADAMTSL4,white
ADARB1,white
ADCK4,white
ADO,white
AGAP1,white
AGXT2,white
AICDA,white
AKAP1,white
AKAP8L,white
AKT1S1,white
ALDH1L1,white
ALDH9A1,white
ALG3,white
ALG9,white
ALKBH3,white
AMPH,white
ANGPTL6,white
ANKZF1,white
ANP32B,white
AP1M1,white
AP4S1,white
ARC,white
ARID5B,white
ARL5A,white
ARL6,white
ARSB,white
ASAP2,white
ASPM,white
ASZ1,white
ATAD3A,white
ATF7,white
ATP6V0A2,white
ATP8B2,white
BACH1,white
BACH2,white
BANP,white
BAT5,white
BBOX1,white
BCL2,white
BCL6,white
BMP10,white
BMPR1A,white
BOD1L,white
BPTF,white
BRF2,white
BRIP1,white
BRIX1,white
BRPF3,white
BTN3A2,white
BTN3A3,white
BZW2,white
C10ORF131,white
C11ORF54,white
C11ORF83,white
C11ORF91,white
C12ORF65,white
C14ORF178,white
C17ORF44,white
C17ORF76,white
C19ORF62,white
C1ORF151,white
C1ORF159,white
C1ORF162,white
C1ORF230,white
C1ORF51,white
C1ORF93,white
C1ORF97,white
C22ORF36,white
C2CD3,white
C2ORF55,white
C2ORF74,white
C3ORF57,white
C4ORF49,white
C5ORF28,white
C6ORF114,white
C6ORF153,white
C6ORF182,white
C6ORF57,white
C7ORF13,white
C7ORF50,white
C7ORF53,white
C8G,white
C8ORF41,white
C9ORF152,white
C9ORF41,white
C9ORF64,white
CACNA1E,white
CADM1,white
CALD1,white
CARHSP1,white
CAST,white
CAV1,white
CBX3,white
CCDC11,white
CCDC110,white
CCDC12,white
CCDC13,white
CCDC40,white
CCDC64,white
CCDC7,white
CCDC96,white
CCL2,white
CCNDBP1,white
CDH18,white
CDK14,white
CDON,white
CENPC1,white
CENPF,white
CENPK,white
CENPP,white
CFHR4,white
CHCHD6,white
CHRNA3,white
CHRNB4,white
CHST11,white
CIAO1,white
CITED2,white
CITED4,white
CKAP2,white
CLCN6,white
CLDN1,white
CLK1,white
CLPB,white
CLRN1,white
CLRN3,white
CLTC,white
CLYBL,white
CNN3,white
CNR1,white
COG3,white
COL9A1,white
COMMD7,white
COQ10B,white
COTL1,white
CPE,white
CPEB4,white
CPNE7,white
CREM,white
CRY2,white
CSDE1,white
CSGALNACT2,white
CSMD2,white
CSPG5,white
CSPP1,white
CSTF1,white
CTNND2,white
CUL3,white
CUTA,white
CUZD1,white
CXXC5,white
CYP11B2,white
CYP26A1,white
CYP2R1,white
DACT3,white
DAZL,white
DBNDD1,white
DCC,white
DCTN2,white
DCTN6,white
DDAH2,white
DDB1,white
DDR2,white
DDX10,white
DECR1,white
DEM1,white
DERA,white
DFFB,white
DGCR14,white
DGKD,white
DHX15,white
DIDO1,white
DIP2C,white
DIS3,white
DLGAP2,white
DLX6AS,white
DMTF1,white
DNAH9,white
DNAJC21,white
DNAJC24,white
DOCK4,white
DOK7,white
DSCAML1,white
DST,white
DTNB,white
DUSP16,white
DUSP22,white
DVL3,white
EDC4,white
EDEM3,white
EEF2,white
EFHA1,white
EHMT1,white
EHMT2,white
EIF3B,white
EIF3I,white
EIF4E,white
EME1,white
EML3,white
EMP2,white
EMX1,white
EP400NL,white
EPN3,white
ERN2,white
EWSR1,white
EXO1,white
EYA2,white
FAM105A,white
FAM107B,white
FAM109A,white
FAM120B,white
FAM135A,white
FAM190A,white
FAM195B,white
FAM26D,white
FAM32A,white
FAM69A,white
FAM82A2,white
FAM84A,white
FANCF,white
FAT2,white
FBF1,white
FBL,white
FBXL14,white
FBXO22,white
FCHSD2,white
FEM1B,white
FFAR2,white
FGF9,white
FIGNL1,white
FKBP5,white
FLI1,white
FLJ36777,white
FLJ43663,white
FMNL1,white
FN1,white
FNDC3B,white
FOXK1,white
FOXP4,white
FSTL3,white
FYN,white
FYTTD1,white
GABPB2,white
GABRG3,white
GALK2,white
GART,white
GDF7,white
GEMIN7,white
GFOD1,white
GFPT1,white
GFRA1,white
GGNBP2,white
GIGYF2,white
GJA1,white
GJD2,white
GLG1,white
GLRX2,white
GML,white
GNB1L,white
GNG10,white
GNG2,white
GORASP1,white
GPC5,white
GPR123,white
GPR39,white
GPR52,white
GPR85,white
GPRIN3,white
GPSM3,white
GPX4,white
GRB10,white
GRB2,white
GRIN2B,white
GRM6,white
GSTO2,white
GTF2E1,white
GUK1,white
H6PD,white
HAVCR1,white
HAX1,white
HCFC2,white
HDAC2,white
HDAC4,white
HECW1,white
HESX1,white
HFM1,white
HGD,white
HINFP,white
HIPK3,white
HIST1H2AG,white
HIST1H3G,white
HLA-B,white
HLA-DRB1,white
HMCN1,white
HMGB2,white
HPS3,white
HS2ST1,white
HSPA1A,white
HSPA9,white
IGFBP1,white
IGFBP3,white
IL12A,white
IL2RB,white
ILDR2,white
INCENP,white
INSC,white
INSIG2,white
INTS4,white
INTS8,white
IPMK,white
IRX4,white
ISOC2,white
ITGA6,white
ITGB1,white
ITM2C,white
JMJD1C,white
JRKL,white
JUB,white
JUN,white
KAT5,white
KCNJ6,white
KCNQ3,white
KCTD6,white
KEAP1,white
KHDRBS2,white
KIAA0430,white
KIAA0528,white
KIAA0586,white
KIAA1529,white
KIF13B,white
KIF1A,white
KIF26A,white
KIFC1,white
KLF14,white
KLHDC7B,white
KLHL6,white
KPNA3,white
KRTAP1-3,white
KRTAP20-1,white
KRTAP26-1,white
KRTAP4-5,white
L3MBTL2,white
L3MBTL3,white
LARS2,white
LASS3,white
LCE6A,white
LENG8,white
LGI3,white
LIMK1,white
LMCD1,white
LOC100271715,white
LOC152024,white
LOC153328,white
LOC283999,white
LOC440925,white
LOC441666,white
LOC731789,white
LRFN5,white
LRMP,white
LRP11,white
LRP8,white
LRRC37B2,white
LRRC8D,white
LRRCC1,white
LSM4,white
LSR,white
MAD2L1,white
MAGMAS,white
MAML2,white
MAML3,white
MAP2K4,white
MAP3K13,white
MAP4,white
MAP4K3,white
MAR-01,white
MAST2,white
MAST4,white
MATN2,white
MAX,white
MBD2,white
MBNL1,white
MCAT,white
MCEE,white
MCPH1,white
MED12L,white
MEMO1,white
MEPCE,white
METAP2,white
MFGE8,white
MGAT4A,white
MIA3,white
MICALL1,white
MIER2,white
MIPEP,white
MIR1207,white
MIR521-2,white
MKL1,white
MLF1,white
MLF2,white
MLL4,white
MMP2,white
MOCS2,white
MPPE1,white
MPRIP,white
MPZL3,white
MRPL17,white
MRPL36,white
MRPL53,white
MRPL55,white
MRPS10,white
MRPS14,white
MRPS5,white
MSX2,white
MT1F,white
MTBP,white
MTCH2,white
MTFR1,white
MTHFD1,white
MUDENG,white
MXD4,white
MYOM2,white
NAB1,white
NAP1L5,white
NASP,white
NAV2,white
NAV3,white
NBAS,white
NCAM2,white
NCRNA00081,white
NCRNA00119,white
NCRNA00167,white
NDUFB4,white
NDUFS6,white
NDUFV3,white
NEB,white
NEBL,white
NELL1,white
NEU1,white
NFAT5,white
NFATC4,white
NFKB1,white
NFYC,white
NME2P1,white
NOP10,white
NOP16,white
NOS1AP,white
NOVA2,white
NPHP4,white
NPY,white
NPY1R,white
NR2C1,white
NR2F2,white
NRSN2,white
NTM,white
NTRK3,white
NUDT7,white
NUFIP1,white
NUP205,white
NVL,white
OPA3,white
OR8G2,white
OR8U8,white
OS9,white
OSMR,white
OSR2,white
OXNAD1,white
P4HA2,white
PACRG,white
PADI3,white
PAIP2,white
PAX3,white
PCCA,white
PCDHA2,white
PCDHB11,white
PCDP1,white
PDCD5,white
PDCD7,white
PDE4DIP,white
PDE6D,white
PDGFD,white
PDK1,white
PDLIM5,white
PECR,white
PER2,white
PERP,white
PF4,white
PFKFB2,white
PGRMC2,white
PHF14,white
PHF21B,white
PI4K2A,white
PIBF1,white
PIGG,white
PKD2L2,white
PL-5283,white
PLA2G6,white
PLBD2,white
PLCB2,white
PLXNA4,white
PNRC1,white
POGZ,white
POLQ,white
POLR3K,white
PON1,white
PPARG,white
PPIL1,white
PPM1B,white
PPP2R1A,white
PPP2R2B,white
PPRC1,white
PRDM16,white
PRKAB1,white
PRKAG2,white
PRKCZ,white
PRMT2,white
PRPF31,white
PRR13,white
PRR25,white
PRR3,white
PRR5L,white
PRRX2,white
PSAP,white
PSMB9,white
PSMD12,white
PSMD4,white
PTGR2,white
PTH1R,white
PTHLH,white
PTN,white
PTPLB,white
PTPN14,white
PTPRF,white
PTPRG,white
PTPRK,white
PTPRN2,white
PTPRU,white
PUS7L,white
PVT1,white
PXDN,white
PXT1,white
PYCRL,white
RAB2A,white
RABGGTA,white
RAD1,white
RAD51L3,white
RAET1L,white
RAG2,white
RAP1GDS1,white
RBL1,white
RBMS3,white
RC3H1,white
RCHY1,white
RFC1,white
RFC5,white
RFPL3,white
RFTN1,white
RFX7,white
RFXAP,white
RGS6,white
RHBDL1,white
RIPK1,white
RND1,white
RND2,white
RNF139,white
RNF169,white
RNLS,white
RNMTL1,white
ROBLD3,white
ROBO3,white
RPA2,white
RPF2,white
RPL27,white
RPL34,white
RPL36,white
RPRD2,white
RPRM,white
RPRML,white
RPS23,white
RPS6KA2,white
RRM2B,white
SAPS2,white
SCAND2,white
SCARB1,white
SCFD1,white
SCN7A,white
SCUBE3,white
SDCCAG10,white
SDHA,white
SEC1,white
SEL1L,white
SELS,white
SEMA5A,white
SEMA5B,white
SENP7,white
SERTAD2,white
SFRS6,white
SGCD,white
SGCE,white
SH2D1B,white
SH3PXD2B,white
SHANK1,white
SHANK2,white
SHFM1,white
SHISA9,white
SHOX2,white
SIRT2,white
SLBP,white
SLC1A3,white
SLC24A1,white
SLC25A28,white
SLC25A35,white
SLC25A46,white
SLC26A11,white
SLC2A9,white
SLC35E3,white
SLC37A4,white
SLC39A14,white
SLC48A1,white
SLC6A13,white
SLC8A3,white
SLCO2A1,white
SLMAP,white
SNAPC1,white
SNORA76,white
SNORD113-6,white
SNORD15A,white
SNORD36B,white
SNRNP200,white
SORBS1,white
SPINT2,white
SPOCK3,white
SPRY2,white
SPTY2D1,white
SRBD1,white
SRPRB,white
ST6GALNAC2,white
ST6GALNAC3,white
STARD4,white
STAT3,white
STK32C,white
STK39,white
STMN1,white
STOML2,white
STT3B,white
STX4,white
SUV420H1,white
SVIL,white
SYNGR1,white
SYNM,white
SYT4,white
SYT9,white
TACR1,white
TAF10,white
TAF6L,white
TAF7,white
TALDO1,white
TANC1,white
TAOK3,white
TAP2,white
TARP,white
TBC1D1,white
TBCD,white
TEKT3,white
TESK2,white
TEX14,white
TEX264,white
TEX9,white
TGFBR2,white
TGIF1,white
THAP2,white
THY1,white
TMEM108,white
TMEM132A,white
TMEM132D,white
TMEM201,white
TMEM209,white
TMEM212,white
TMEM57,white
TMEM61,white
TMEM65,white
TMEM85,white
TMX3,white
TNFRSF19,white
TNR,white
TNRC6B,white
TNXB,white
TPRKB,white
TRAM2,white
TRAPPC9,white
TRIM26,white
TRIM4,white
TRIM52,white
TRIO,white
TRMU,white
TRPC1,white
TRPS1,white
TRRAP,white
TSC22D1,white
TSFM,white
TSHZ2,white
TTBK1,white
TTC18,white
TTC31,white
TTLL5,white
TUBA1B,white
TUBB,white
TXNRD1,white
UBA2,white
UBE2CBP,white
UBE4B,white
UBFD1,white
UBR4,white
UBXN4,white
UCKL1,white
UIMC1,white
UNC45A,white
UQCRFS1,white
USF1,white
USP15,white
VAV3,white
VAX1,white
VDAC1,white
VGLL4,white
VIM,white
VPS28,white
VSTM2A,white
VTRNA1-3,white
WARS,white
WDR27,white
WDR37,white
WDR48,white
WDR72,white
WIPF1,white
WIPI2,white
WNT5B,white
XAB2,white
XYLT1,white
YME1L1,white
YTHDF3,white
YY1,white
YY1AP1,white
ZBTB20,white
ZBTB41,white
ZBTB9,white
ZC3H12A,white
ZC3HAV1,white
ZCCHC2,white
ZDHHC14,white
ZEB1,white
ZFAND3,white
ZFP161,white
ZFP28,white
ZHX1,white
ZMPSTE24,white
ZMYND8,white
ZNF12,white
ZNF197,white
ZNF221,white
ZNF264,white
ZNF266,white
ZNF304,white
ZNF432,white
ZNF501,white
ZNF532,white
ZNF564,white
ZNF57,white
ZNF616,white
ZNF688,white
ZNF772,white
ZNF821,white
ZNF853,white
ZNHIT2,white
ZNRD1,white
ZSWIM5,white
ZZEF1,white
ABCB6,yellow
ABCC13,yellow
ABCC9,yellow
ABCE1,yellow
ABCG4,yellow
ABI2,yellow
ACADM,yellow
ACER2,yellow
ACTN4,yellow
ADAM30,yellow
ADAM5P,yellow
ADAMTS2,yellow
ADAMTS6,yellow
ADAMTS9,yellow
ADAMTSL1,yellow
ADARB2,yellow
ADC,yellow
ADD2,yellow
ADPRH,yellow
AGBL5,yellow
AGPAT9,yellow
AHSA2,yellow
AKAP12,yellow
AKT1,yellow
ALCAM,yellow
ALDH18A1,yellow
ALDH9A1,yellow
ALG9,yellow
ALMS1,yellow
ALOX12P2,yellow
ALS2CR4,yellow
ANK1,yellow
ANK2,yellow
ANKRD55,yellow
ANO2,yellow
AOAH,yellow
AP2A2,yellow
APC,yellow
ARAP2,yellow
ARGLU1,yellow
ARHGAP17,yellow
ARHGAP26,yellow
ARID5B,yellow
ARL2,yellow
ARPC2,yellow
ARPP-21,yellow
ASB5,yellow
ASNA1,yellow
ASZ1,yellow
ATAD3A,yellow
ATF7,yellow
ATG10,yellow
ATG5,yellow
ATP11B,yellow
ATP5G2,yellow
ATP5SL,yellow
ATP6V1C1,yellow
ATPAF2,yellow
ATXN1,yellow
ATXN7,yellow
AVP,yellow
AXIN2,yellow
B3GALNT1,yellow
B4GALT4,yellow
BANP,yellow
BAT2,yellow
BBS4,yellow
BCL2L1,yellow
BCL2L15,yellow
BCL7A,yellow
BDKRB2,yellow
BDNF,yellow
BICC1,yellow
BICD2,yellow
BMP10,yellow
BRCA1,yellow
BRI3,yellow
BTBD8,yellow
BTN2A1,yellow
C10ORF12,yellow
C10ORF137,yellow
C11ORF84,yellow
C12ORF23,yellow
C12ORF39,yellow
C12ORF48,yellow
C13ORF16,yellow
C14ORF37,yellow
C17ORF85,yellow
C19ORF59,yellow
C19ORF61,yellow
C1ORF175,yellow
C1ORF190,yellow
C1ORF66,yellow
C1ORF84,yellow
C1ORF94,yellow
C20ORF199,yellow
C2ORF42,yellow
C3ORF21,yellow
C3ORF31,yellow
C3ORF50,yellow
C3ORF58,yellow
C4ORF10,yellow
C4ORF19,yellow
C4ORF33,yellow
C4ORF46,yellow
C5,yellow
C5ORF41,yellow
C6ORF129,yellow
C6ORF176,yellow
C6ORF217,yellow
C6ORF47,yellow
C6ORF70,yellow
C7ORF42,yellow
C7ORF44,yellow
C7ORF50,yellow
C8ORF59,yellow
C9ORF156,yellow
C9ORF86,yellow
C9ORF95,yellow
CA2,yellow
CABYR,yellow
CACNA1E,yellow
CADM1,yellow
CADPS,yellow
CADPS2,yellow
CALCOCO1,yellow
CAMK2N1,yellow
CAPRIN2,yellow
CAPZA1,yellow
CARD10,yellow
CASC4,yellow
CBLL1,yellow
CBR4,yellow
CBY1,yellow
CCDC28B,yellow
CCDC40,yellow
CCDC41,yellow
CCDC51,yellow
CCDC71,yellow
CCDC82,yellow
CCDC88C,yellow
CCKBR,yellow
CCM2,yellow
CCT4,yellow
CD58,yellow
CDC123,yellow
CDC37L1,yellow
CDK14,yellow
CDK17,yellow
CDK4,yellow
CDK8,yellow
CDKAL1,yellow
CDS1,yellow
CDYL,yellow
CENPF,yellow
CENPH,yellow
CEP164,yellow
CEP192,yellow
CEP57,yellow
CETN3,yellow
CHCHD5,yellow
CHID1,yellow
CHMP4C,yellow
CITED2,yellow
CITED4,yellow
CLCN7,yellow
CLDN6,yellow
CLEC16A,yellow
CLIC5,yellow
CNKSR3,yellow
CNN3,yellow
CNOT3,yellow
CNOT8,yellow
CNPY3,yellow
COL11A2,yellow
COL13A1,yellow
COMP,yellow
COPB1,yellow
COPB2,yellow
COPS3,yellow
COPZ1,yellow
COQ5,yellow
CPPED1,yellow
CPSF1,yellow
CPSF6,yellow
CPT2,yellow
CRH,yellow
CRISP1,yellow
CRLF3,yellow
CSPP1,yellow
CTBP1,yellow
CTBP2,yellow
CTNNA3,yellow
CTRB1,yellow
CTSB,yellow
CTSF,yellow
CTXN2,yellow
CUTA,yellow
CYP4V2,yellow
DAGLB,yellow
DAP,yellow
DCTN3,yellow
DDHD2,yellow
DDX28,yellow
DEDD2,yellow
DFFB,yellow
DHRS12,yellow
DIAPH3,yellow
DIRC2,yellow
DIRC3,yellow
DIS3L2,yellow
DNAH2,yellow
DOCK5,yellow
DOK3,yellow
DPF1,yellow
DPF3,yellow
DPP4,yellow
DPP6,yellow
DTX4,yellow
DUSP11,yellow
DUSP13,yellow
DUSP26,yellow
DYNC1I1,yellow
DYTN,yellow
E2F1,yellow
E2F6,yellow
EDC4,yellow
EDEM3,yellow
EFHD1,yellow
EGR4,yellow
EHD1,yellow
EIF1,yellow
EIF2B2,yellow
EIF3B,yellow
EIF4A3,yellow
ELANE,yellow
EN1,yellow
ENTPD4,yellow
EPB41,yellow
EPCAM,yellow
EPHA7,yellow
EPHB3,yellow
ERBB4,yellow
ERC2,yellow
ERGIC3,yellow
ERICH1,yellow
ERMAP,yellow
ESPNL,yellow
EZH2,yellow
FAF1,yellow
FAM109A,yellow
FAM110B,yellow
FAM118A,yellow
FAM160A1,yellow
FAM171A1,yellow
FAM19A2,yellow
FAM3C,yellow
FAM46B,yellow
FAM53B,yellow
FAM91A1,yellow
FAR2,yellow
FAT1,yellow
FBXO15,yellow
FBXO47,yellow
FGFR1,yellow
FKBP7,yellow
FKBP9,yellow
FLJ22536,yellow
FLJ31306,yellow
FLJ37453,yellow
FOXJ1,yellow
FTCD,yellow
FTH1,yellow
FUK,yellow
FUT11,yellow
GAA,yellow
GABARAPL1,yellow
GAL3ST2,yellow
GALR1,yellow
GATAD1,yellow
GDAP2,yellow
GDF9,yellow
GDPD4,yellow
GEMIN5,yellow
GHITM,yellow
GJA3,yellow
GJA8,yellow
GJD2,yellow
GLTSCR2,yellow
GLYATL2,yellow
GNA12,yellow
GNRHR2,yellow
GOLGA4,yellow
GOLSYN,yellow
GPATCH8,yellow
GPN2,yellow
GPN3,yellow
GPR126,yellow
GPR63,yellow
GPSM2,yellow
GRIA4,yellow
GRIN1,yellow
GRSF1,yellow
GTF2H4,yellow
GTF3C1,yellow
GTPBP10,yellow
GUK1,yellow
H2AFY,yellow
HAND1,yellow
HAT1,yellow
HCCA2,yellow
HCG27,yellow
HCG9,yellow
HCN2,yellow
HDAC2,yellow
HDAC4,yellow
HEATR2,yellow
HELZ,yellow
HERPUD1,yellow
HHIPL1,yellow
HIST1H2AE,yellow
HIST1H2BE,yellow
HIVEP3,yellow
HLA-DOA,yellow
HNRNPA1,yellow
HNRNPK,yellow
HOXC9,yellow
HSD17B12,yellow
HSPA12A,yellow
HSPA9,yellow
HSPD1,yellow
HSPE1,yellow
IFITM3,yellow
IFNAR2,yellow
IGF2BP1,yellow
IHH,yellow
IKBIP,yellow
IL17RD,yellow
IL5RA,yellow
IMPAD1,yellow
IMPG2,yellow
INF2,yellow
ING4,yellow
INO80E,yellow
INSIG2,yellow
IPO9,yellow
IQGAP2,yellow
ISG15,yellow
ISL1,yellow
ITGB5,yellow
ITSN1,yellow
IVD,yellow
JARID2,yellow
JAZF1,yellow
JDP2,yellow
KATNAL1,yellow
KBTBD8,yellow
KCNA10,yellow
KCNAB2,yellow
KCNC4,yellow
KCND3,yellow
KCNMA1,yellow
KCNQ1,yellow
KCNQ4,yellow
KCTD2,yellow
KDM1B,yellow
KDM2B,yellow
KIAA0101,yellow
KIAA1033,yellow
KIAA1586,yellow
KIF24,yellow
KIRREL3,yellow
KLF12,yellow
LAMB4,yellow
LAMC3,yellow
LARP4B,yellow
LARP6,yellow
LARS2,yellow
LASS5,yellow
LEPRE1,yellow
LEPREL1,yellow
LGI3,yellow
LHFPL5,yellow
LIN52,yellow
LINGO1,yellow
LINS1,yellow
LMTK3,yellow
LMX1B,yellow
LOC100128164,yellow
LOC100128811,yellow
LOC100190939,yellow
LOC255025,yellow
LOC283050,yellow
LOC283392,yellow
LOC389458,yellow
LOC390595,yellow
LOC402377,yellow
LOC441046,yellow
LOC641298,yellow
LOC642846,yellow
LOC645323,yellow
LOC729338,yellow
LONRF2,yellow
LPAR2,yellow
LRP5,yellow
LRRC47,yellow
LRRC4B,yellow
LRRC58,yellow
LRRC61,yellow
LSM5,yellow
LYNX1,yellow
LYRM7,yellow
MACF1,yellow
MACROD2,yellow
MALT1,yellow
MAP3K9,yellow
MAP7,yellow
MAPKAP1,yellow
MAR-03,yellow
MAST4,yellow
MATR3,yellow
MBD1,yellow
MBIP,yellow
MBOAT2,yellow
MC2R,yellow
MDC1,yellow
MDN1,yellow
ME3,yellow
MED12L,yellow
MED19,yellow
MEF2A,yellow
MEGF8,yellow
MEOX1,yellow
MEOX2,yellow
MEPCE,yellow
METTL13,yellow
MFAP1,yellow
MGC87042,yellow
MGMT,yellow
MIR557,yellow
MKI67,yellow
MMP27,yellow
MPND,yellow
MPO,yellow
MPP2,yellow
MRPL12,yellow
MSI1,yellow
MT2A,yellow
MTRF1,yellow
MUC2,yellow
MUL1,yellow
MYBPC2,yellow
MYH2,yellow
MYL12B,yellow
MYO1E,yellow
MYST1,yellow
N4BP2L1,yellow
NAB2,yellow
NAP1L1,yellow
NARFL,yellow
NAV2,yellow
NCDN,yellow
NCRNA00219,yellow
NDST2,yellow
NDUFA12,yellow
NDUFB8,yellow
NDUFS5,yellow
NFATC3,yellow
NFE2L3,yellow
NFKBIL1,yellow
NIPBL,yellow
NKX6-3,yellow
NLRC5,yellow
NMNAT2,yellow
NOD1,yellow
NOL11,yellow
NOP58,yellow
NPHP1,yellow
NPM1,yellow
NR1H4,yellow
NR5A2,yellow
NRG3,yellow
NRP2,yellow
NT5C,yellow
NT5C3L,yellow
NUAK1,yellow
NUMB,yellow
NUMBL,yellow
ODZ4,yellow
OR2A12,yellow
OR2H1,yellow
ORAI3,yellow
OSGEP,yellow
OXA1L,yellow
OXR1,yellow
PAN2,yellow
PARD3,yellow
PARD6G,yellow
PARP14,yellow
PAX7,yellow
PBX3,yellow
PC,yellow
PCBD1,yellow
PCDH21,yellow
PCDHA7,yellow
PCDHB18,yellow
PCGF3,yellow
PDGFB,yellow
PDHA2,yellow
PDP1,yellow
PDPK1,yellow
PDS5A,yellow
PECR,yellow
PEX13,yellow
PEX3,yellow
PF4,yellow
PGAM1,yellow
PHIP,yellow
PHLPP1,yellow
PHTF2,yellow
PIK3R2,yellow
PITPNM2,yellow
PKIA,yellow
PKN2,yellow
PLCH2,yellow
PLCL2,yellow
PLEKHG5,yellow
PLEKHH2,yellow
PLK2,yellow
PLOD2,yellow
PMF1,yellow
PNKD,yellow
PNPLA6,yellow
POLDIP3,yellow
POLR2G,yellow
POU2F1,yellow
POU2F2,yellow
PPAN-P2RY11,yellow
PPARD,yellow
PPHLN1,yellow
PPID,yellow
PPIF,yellow
PPIL4,yellow
PPM1A,yellow
PPP1CA,yellow
PPP1R11,yellow
PPP2R2A,yellow
PPP2R3C,yellow
PPP3R2,yellow
PPP4R2,yellow
PPP4R4,yellow
PPWD1,yellow
PRDM15,yellow
PRDM4,yellow
PRDM9,yellow
PREP,yellow
PRICKLE1,yellow
PRKACA,yellow
PRKAR2B,yellow
PRMT10,yellow
PRTG,yellow
PSMB1,yellow
PSMB6,yellow
PSMD9,yellow
PTCH2,yellow
PTGR2,yellow
PTPRN2,yellow
PURA,yellow
PUS7L,yellow
PVRL3,yellow
RAB21,yellow
RAB7A,yellow
RABIF,yellow
RAD21L1,yellow
RAD51L3,yellow
RAD54B,yellow
RALBP1,yellow
RALGAPA2,yellow
RANBP9,yellow
RAPGEF3,yellow
RAPSN,yellow
RASA3,yellow
RASAL2,yellow
RASGRF2,yellow
RASSF3,yellow
RASSF6,yellow
RBM24,yellow
RCAN3,yellow
RCC2,yellow
RCCD1,yellow
RCOR3,yellow
RDBP,yellow
RDX,yellow
REEP6,yellow
REXO2,yellow
RFC2,yellow
RFC4,yellow
RGL2,yellow
RGS12,yellow
RHBDD1,yellow
RHOBTB3,yellow
RHOV,yellow
RINT1,yellow
RNASEK,yellow
RNF150,yellow
RNF39,yellow
RNF5P1,yellow
ROR1,yellow
RP9,yellow
RPAIN,yellow
RPH3AL,yellow
RPL15,yellow
RPL18AP3,yellow
RPP21,yellow
RPS16,yellow
RPS29,yellow
RREB1,yellow
RUFY2,yellow
RYR2,yellow
S100PBP,yellow
SCCPDH,yellow
SCN4B,yellow
SCP2,yellow
SCRN1,yellow
SDC2,yellow
SDF4,yellow
SEC22A,yellow
SEC61A2,yellow
SECISBP2L,yellow
SEMA4F,yellow
SENP1,yellow
SEP-09,yellow
SEPSECS,yellow
SERAC1,yellow
SF3B2,yellow
SFRS11,yellow
SFXN1,yellow
SGEF,yellow
SGSM2,yellow
SH3RF3,yellow
SHISA3,yellow
SIAE,yellow
SIK2,yellow
SIX3,yellow
SIX4,yellow
SLC10A7,yellow
SLC16A1,yellow
SLC18A2,yellow
SLC22A9,yellow
SLC25A13,yellow
SLC25A24,yellow
SLC25A28,yellow
SLC25A38,yellow
SLC25A46,yellow
SLC30A7,yellow
SLC35F3,yellow
SLC36A1,yellow
SLC39A14,yellow
SLC39A7,yellow
SLC45A4,yellow
SLTM,yellow
SMAD2,yellow
SMEK2,yellow
SMG7,yellow
SNAP23,yellow
SNAR-F,yellow
SNHG3-RCC1,yellow
SNORD104,yellow
SNORD17,yellow
SNORD43,yellow
SNORD50A,yellow
SNRNP27,yellow
SNX27,yellow
SOCS4,yellow
SOX14,yellow
SPATA18,yellow
SPATA5,yellow
SPCS3,yellow
SPEM1,yellow
SPG20,yellow
SPRY1,yellow
SPRYD4,yellow
SPTBN4,yellow
SRP68,yellow
SSTR2,yellow
STAU2,yellow
STC2,yellow
STIL,yellow
STK17B,yellow
STK32C,yellow
STK36,yellow
STX18,yellow
SYF2,yellow
SYN2,yellow
SYT12,yellow
SYT2,yellow
TAL1,yellow
TAP2,yellow
TAPBPL,yellow
TAS1R1,yellow
TAS1R2,yellow
TBC1D4,yellow
TBCD,yellow
TCERG1,yellow
TCF15,yellow
TCF19,yellow
TCOF1,yellow
TDH,yellow
THBS1,yellow
THSD7A,yellow
TIGD3,yellow
TIMD4,yellow
TLE2,yellow
TLK1,yellow
TLL1,yellow
TMBIM6,yellow
TMED5,yellow
TMEM123,yellow
TMEM136,yellow
TMEM139,yellow
TMEM159,yellow
TMEM167B,yellow
TMEM184C,yellow
TMEM229B,yellow
TMTC3,yellow
TMUB2,yellow
TNFAIP3,yellow
TNIK,yellow
TNKS2,yellow
TNPO1,yellow
TOP1,yellow
TOX4,yellow
TPO,yellow
TPX2,yellow
TRAM1L1,yellow
TREML4,yellow
TRERF1,yellow
TRHDE,yellow
TRIM15,yellow
TRIM26,yellow
TRMT12,yellow
TTC24,yellow
TTC28,yellow
TUBGCP5,yellow
UBA3,yellow
UBAC2,yellow
UBE2K,yellow
UBE2T,yellow
UBE3C,yellow
UBTD1,yellow
UBXN11,yellow
UBXN8,yellow
UGP2,yellow
UNC13A,yellow
UNC5C,yellow
UQCC,yellow
USP14,yellow
VARS,yellow
VCP,yellow
VEPH1,yellow
VPS28,yellow
VPS52,yellow
VTA1,yellow
WASF1,yellow
WDR33,yellow
WDR60,yellow
WDR69,yellow
WHAMM,yellow
WIPI2,yellow
WNT5B,yellow
WRAP53,yellow
WRNIP1,yellow
XKR9,yellow
XRCC6,yellow
YWHAB,yellow
ZDHHC23,yellow
ZFC3H1,yellow
ZFP41,yellow
ZFPM2,yellow
ZFYVE20,yellow
ZMIZ1,yellow
ZMYND11,yellow
ZNF114,yellow
ZNF14,yellow
ZNF17,yellow
ZNF174,yellow
ZNF225,yellow
ZNF235,yellow
ZNF25,yellow
ZNF252,yellow
ZNF263,yellow
ZNF311,yellow
ZNF354B,yellow
ZNF416,yellow
ZNF438,yellow
ZNF491,yellow
ZNF498,yellow
ZNF566,yellow
ZNF57,yellow
ZNF642,yellow
ZNF691,yellow
ZNF704,yellow
ZNF780B,yellow
ZNF788,yellow
ZNF84,yellow
ZNF879,yellow
ZNHIT2,yellow
ABHD1,yellowgreen
ABO,yellowgreen
ACAD9,yellowgreen
ACHE,yellowgreen
ACTR3,yellowgreen
ACTR6,yellowgreen
ADAM17,yellowgreen
ADAP2,yellowgreen
ADCY3,yellowgreen
ADCY9,yellowgreen
ADH5,yellowgreen
ADK,yellowgreen
ADM,yellowgreen
AFAP1,yellowgreen
AFF1,yellowgreen
AGAP2,yellowgreen
AGRN,yellowgreen
AHDC1,yellowgreen
AIDA,yellowgreen
AKAP5,yellowgreen
AKR1B1,yellowgreen
ALDH1A3,yellowgreen
ALK,yellowgreen
ANKRD13A,yellowgreen
ANTXR1,yellowgreen
ANXA7,yellowgreen
AP1S3,yellowgreen
APH1B,yellowgreen
ARFIP1,yellowgreen
ARHGAP22,yellowgreen
ARHGEF10,yellowgreen
ARHGEF18,yellowgreen
ARHGEF7,yellowgreen
ARPP19,yellowgreen
ASPG,yellowgreen
ATM,yellowgreen
ATP10A,yellowgreen
ATP11B,yellowgreen
ATP1A3,yellowgreen
ATP2B4,yellowgreen
ATP6V0A1,yellowgreen
ATP6V0A2,yellowgreen
ATP6V0C,yellowgreen
ATP6V1G2,yellowgreen
ATP8B3,yellowgreen
ATXN3,yellowgreen
BASP1,yellowgreen
BBS12,yellowgreen
BCKDHB,yellowgreen
BCL10,yellowgreen
BDNF,yellowgreen
BEND4,yellowgreen
BLOC1S2,yellowgreen
BMPER,yellowgreen
BOD1,yellowgreen
BPHL,yellowgreen
BRI3BP,yellowgreen
BRP44L,yellowgreen
BTBD3,yellowgreen
BTNL2,yellowgreen
BTRC,yellowgreen
BUB1B,yellowgreen
C11ORF75,yellowgreen
C12ORF29,yellowgreen
C12ORF35,yellowgreen
C12ORF42,yellowgreen
C13ORF34,yellowgreen
C14ORF106,yellowgreen
C16ORF35,yellowgreen
C17ORF85,yellowgreen
C17ORF97,yellowgreen
C18ORF55,yellowgreen
C18ORF8,yellowgreen
C1ORF229,yellowgreen
C1ORF230,yellowgreen
C1ORF25,yellowgreen
C1ORF95,yellowgreen
C20ORF166,yellowgreen
C21ORF45,yellowgreen
C2ORF82,yellowgreen
C4ORF23,yellowgreen
C4ORF6,yellowgreen
C6ORF125,yellowgreen
C6ORF138,yellowgreen
C6ORF155,yellowgreen
C6ORF195,yellowgreen
C6ORF35,yellowgreen
C6ORF52,yellowgreen
C7ORF23,yellowgreen
C7ORF51,yellowgreen
C7ORF63,yellowgreen
C7ORF68,yellowgreen
C8ORF41,yellowgreen
C8ORF76,yellowgreen
C9ORF171,yellowgreen
C9ORF50,yellowgreen
CACHD1,yellowgreen
CACNA1C,yellowgreen
CALD1,yellowgreen
CAMTA1,yellowgreen
CAPN11,yellowgreen
CARD11,yellowgreen
CARS,yellowgreen
CBLN3,yellowgreen
CCBL1,yellowgreen
CCDC104,yellowgreen
CCDC147,yellowgreen
CCDC159,yellowgreen
CCDC85A,yellowgreen
CCDC88A,yellowgreen
CCHCR1,yellowgreen
CCRN4L,yellowgreen
CD34,yellowgreen
CD74,yellowgreen
CDC14B,yellowgreen
CDC5L,yellowgreen
CDC7,yellowgreen
CDH18,yellowgreen
CDH23,yellowgreen
CDK5R2,yellowgreen
CDKN1C,yellowgreen
CDON,yellowgreen
CEBPB,yellowgreen
CELSR3,yellowgreen
CENPA,yellowgreen
CHCHD2,yellowgreen
CHD6,yellowgreen
CIDEC,yellowgreen
CIZ1,yellowgreen
CLCC1,yellowgreen
CLCN3,yellowgreen
CLCN7,yellowgreen
CLDN11,yellowgreen
CLK3,yellowgreen
CNOT1,yellowgreen
CNOT3,yellowgreen
CNTD2,yellowgreen
COL11A1,yellowgreen
COL12A1,yellowgreen
COL4A1,yellowgreen
COX6A1,yellowgreen
COX7A2,yellowgreen
COX7A2L,yellowgreen
CRHBP,yellowgreen
CRIM1,yellowgreen
CRMP1,yellowgreen
CSF3R,yellowgreen
CSNK1E,yellowgreen
CSNK2A1,yellowgreen
CSTF3,yellowgreen
CTNND2,yellowgreen
CTR9,yellowgreen
CTTN,yellowgreen
CUGBP1,yellowgreen
CUX1,yellowgreen
CXCR6,yellowgreen
CYB5A,yellowgreen
CYP19A1,yellowgreen
DCAF8,yellowgreen
DDAH1,yellowgreen
DDN,yellowgreen
DDX27,yellowgreen
DEPDC1,yellowgreen
DGKD,yellowgreen
DGKQ,yellowgreen
DHRS12,yellowgreen
DHX16,yellowgreen
DHX29,yellowgreen
DHX35,yellowgreen
DIP2C,yellowgreen
DIRC2,yellowgreen
DIS3,yellowgreen
DKKL1,yellowgreen
DLC1,yellowgreen
DMTF1,yellowgreen
DNAH10,yellowgreen
DNAH6,yellowgreen
DNAJA3,yellowgreen
DNAJC17,yellowgreen
DNAJC4,yellowgreen
DNPEP,yellowgreen
DONSON,yellowgreen
DOPEY1,yellowgreen
DSCAML1,yellowgreen
DSCR8,yellowgreen
DSTYK,yellowgreen
DTNA,yellowgreen
DTNBP1,yellowgreen
DTX4,yellowgreen
DUOX2,yellowgreen
DUT,yellowgreen
DYNC2LI1,yellowgreen
DYX1C1,yellowgreen
EEFSEC,yellowgreen
EEPD1,yellowgreen
EFCAB1,yellowgreen
EFHA2,yellowgreen
EIF1,yellowgreen
EIF2B5,yellowgreen
EMX2,yellowgreen
ENDOD1,yellowgreen
ENTPD6,yellowgreen
EPHB4,yellowgreen
ERI3,yellowgreen
ESCO2,yellowgreen
ETV4,yellowgreen
EXOC2,yellowgreen
EXOSC9,yellowgreen
FAM105B,yellowgreen
FAM126B,yellowgreen
FAM128A,yellowgreen
FAM136A,yellowgreen
FAM172A,yellowgreen
FAM26F,yellowgreen
FAM40A,yellowgreen
FAM78B,yellowgreen
FAM98B,yellowgreen
FANCC,yellowgreen
FBXO28,yellowgreen
FBXO33,yellowgreen
FBXW11,yellowgreen
FBXW4,yellowgreen
FCHSD2,yellowgreen
FHL2,yellowgreen
FLJ25758,yellowgreen
FLJ42875,yellowgreen
FLYWCH2,yellowgreen
FOXK1,yellowgreen
FOXK2,yellowgreen
FRYL,yellowgreen
FUCA1,yellowgreen
GAB1,yellowgreen
GABRA1,yellowgreen
GABRG3,yellowgreen
GALNT13,yellowgreen
GAMT,yellowgreen
GANAB,yellowgreen
GART,yellowgreen
GCET2,yellowgreen
GDF9,yellowgreen
GEN1,yellowgreen
GFI1,yellowgreen
GGA2,yellowgreen
GHR,yellowgreen
GIN1,yellowgreen
GLCCI1,yellowgreen
GLRX2,yellowgreen
GLUL,yellowgreen
GMDS,yellowgreen
GNG4,yellowgreen
GOPC,yellowgreen
GPR37,yellowgreen
GRAMD1C,yellowgreen
GREB1,yellowgreen
GRHL1,yellowgreen
GRK5,yellowgreen
GRM1,yellowgreen
GSX1,yellowgreen
HAP1,yellowgreen
HAS2,yellowgreen
HAUS2,yellowgreen
HCK,yellowgreen
HDAC4,yellowgreen
HHIP,yellowgreen
HIGD1A,yellowgreen
HIST1H2AG,yellowgreen
HIST1H3G,yellowgreen
HIST1H3I,yellowgreen
HIST1H4E,yellowgreen
HIVEP2,yellowgreen
HLA-DPB2,yellowgreen
HLA-F,yellowgreen
HMGCR,yellowgreen
HMGN4,yellowgreen
HMMR,yellowgreen
HNRNPA3,yellowgreen
HNRNPF,yellowgreen
HNRNPU,yellowgreen
HOXA11,yellowgreen
HOXA5,yellowgreen
HOXD13,yellowgreen
HP1BP3,yellowgreen
HPS4,yellowgreen
HSPD1,yellowgreen
ICMT,yellowgreen
ID3,yellowgreen
IDO2,yellowgreen
IFNAR2,yellowgreen
IFT52,yellowgreen
IGSF21,yellowgreen
IGSF22,yellowgreen
IL1RAP,yellowgreen
IL20RA,yellowgreen
IL4R,yellowgreen
INO80C,yellowgreen
INPP5A,yellowgreen
INS-IGF2,yellowgreen
INSC,yellowgreen
IQCB1,yellowgreen
IQCE,yellowgreen
IRS2,yellowgreen
IRX6,yellowgreen
IVD,yellowgreen
JAK1,yellowgreen
JMJD5,yellowgreen
JPH4,yellowgreen
JRK,yellowgreen
KAZALD1,yellowgreen
KBTBD3,yellowgreen
KCNAB3,yellowgreen
KCNC1,yellowgreen
KCNK13,yellowgreen
KCNQ4,yellowgreen
KDM4B,yellowgreen
KIAA0040,yellowgreen
KIAA0090,yellowgreen
KIAA0586,yellowgreen
KIAA1033,yellowgreen
KIAA1324L,yellowgreen
KIAA1875,yellowgreen
KIAA1919,yellowgreen
KIF13A,yellowgreen
KIF1B,yellowgreen
KLF7,yellowgreen
KLHL29,yellowgreen
KLHL7,yellowgreen
KPNB1,yellowgreen
KRTAP5-7,yellowgreen
KSR2,yellowgreen
LHPP,yellowgreen
LHX8,yellowgreen
LIMA1,yellowgreen
LIMS2,yellowgreen
LLPH,yellowgreen
LMCD1,yellowgreen
LMNB1,yellowgreen
LMX1A,yellowgreen
LOC100128164,yellowgreen
LOC100134368,yellowgreen
LOC134466,yellowgreen
LOC157627,yellowgreen
LOC221442,yellowgreen
LOC285830,yellowgreen
LOC391322,yellowgreen
LOC399959,yellowgreen
LOC401097,yellowgreen
LOC441666,yellowgreen
LOC649395,yellowgreen
LOC729668,yellowgreen
LPCAT3,yellowgreen
LPHN2,yellowgreen
LRFN3,yellowgreen
LRRC30,yellowgreen
LRRK1,yellowgreen
LRTM2,yellowgreen
LYN,yellowgreen
LYNX1,yellowgreen
LYRM7,yellowgreen
LYSMD2,yellowgreen
MAD1L1,yellowgreen
MAD2L2,yellowgreen
MAFA,yellowgreen
MAK16,yellowgreen
MAP3K8,yellowgreen
MAPK9,yellowgreen
MAPRE1,yellowgreen
MAR-01,yellowgreen
MARK2,yellowgreen
MATN1,yellowgreen
MGC45800,yellowgreen
MGLL,yellowgreen
MICAL2,yellowgreen
MICALL2,yellowgreen
MIPOL1,yellowgreen
MIR211,yellowgreen
MIR548N,yellowgreen
MIR632,yellowgreen
MIR663,yellowgreen
MLKL,yellowgreen
MMRN1,yellowgreen
MOBKL1B,yellowgreen
MPHOSPH8,yellowgreen
MRFAP1,yellowgreen
MRFAP1L1,yellowgreen
MRP63,yellowgreen
MRPL27,yellowgreen
MRPL36,yellowgreen
MRRF,yellowgreen
MTG1,yellowgreen
MTUS1,yellowgreen
MXI1,yellowgreen
MYB,yellowgreen
MYH11,yellowgreen
MYL12A,yellowgreen
MYO9B,yellowgreen
MYOF,yellowgreen
MYPOP,yellowgreen
MYT1L,yellowgreen
NADK,yellowgreen
NBAS,yellowgreen
NBL1,yellowgreen
NBPF1,yellowgreen
NCRNA00085,yellowgreen
NCRNA00094,yellowgreen
NCRNA00095,yellowgreen
NCRNA00171,yellowgreen
NEIL2,yellowgreen
NEU3,yellowgreen
NEURL4,yellowgreen
NFATC1,yellowgreen
NFATC2,yellowgreen
NFIB,yellowgreen
NFRKB,yellowgreen
NKX2-1,yellowgreen
NKX2-6,yellowgreen
NOP2,yellowgreen
NPLOC4,yellowgreen
NPY1R,yellowgreen
NR2C1,yellowgreen
NRD1,yellowgreen
NRXN2,yellowgreen
NT5M,yellowgreen
NTM,yellowgreen
NUBPL,yellowgreen
NXF1,yellowgreen
ODZ4,yellowgreen
OSBPL3,yellowgreen
OSGIN1,yellowgreen
OTUD6B,yellowgreen
PACRGL,yellowgreen
PACS2,yellowgreen
PAIP2B,yellowgreen
PALLD,yellowgreen
PALM2,yellowgreen
PARD3,yellowgreen
PAX6,yellowgreen
PCDH9,yellowgreen
PDCD7,yellowgreen
PDE7A,yellowgreen
PDLIM3,yellowgreen
PDSS2,yellowgreen
PER3,yellowgreen
PEX5,yellowgreen
PFDN6,yellowgreen
PFKFB3,yellowgreen
PGAP1,yellowgreen
PGM3,yellowgreen
PGR,yellowgreen
PILRA,yellowgreen
PINX1,yellowgreen
PIP4K2A,yellowgreen
PLCG2,yellowgreen
PLK4,yellowgreen
PNMA1,yellowgreen
PNPLA7,yellowgreen
POLM,yellowgreen
POM121L2,yellowgreen
PON2,yellowgreen
POTEC,yellowgreen
PPM1D,yellowgreen
PPP1R14A,yellowgreen
PPP1R14C,yellowgreen
PPP2CA,yellowgreen
PRDM16,yellowgreen
PRDX3,yellowgreen
PRELP,yellowgreen
PREP,yellowgreen
PREPL,yellowgreen
PRKAR1B,yellowgreen
PRKCA,yellowgreen
PRKDC,yellowgreen
PRM2,yellowgreen
PRR4,yellowgreen
PRR5,yellowgreen
PRRT1,yellowgreen
PRSS45,yellowgreen
PSMA5,yellowgreen
PSMB9,yellowgreen
PSRC1,yellowgreen
PSTPIP2,yellowgreen
PTGER2,yellowgreen
PTPRA,yellowgreen
PTPRB,yellowgreen
PTPRK,yellowgreen
PTPRN2,yellowgreen
PXT1,yellowgreen
QDPR,yellowgreen
R3HDM1,yellowgreen
RAD18,yellowgreen
RAD50,yellowgreen
RAI14,yellowgreen
RALGAPA2,yellowgreen
RALYL,yellowgreen
RANBP3,yellowgreen
RANBP9,yellowgreen
RASAL2,yellowgreen
RAVER2,yellowgreen
RBM39,yellowgreen
RDH14,yellowgreen
RDM1,yellowgreen
REPIN1,yellowgreen
RER1,yellowgreen
RFT1,yellowgreen
RFWD3,yellowgreen
RGL1,yellowgreen
RGS7,yellowgreen
RGS9,yellowgreen
RNASEK,yellowgreen
RNF32,yellowgreen
ROR1,yellowgreen
RPA3,yellowgreen
RPL19,yellowgreen
RPL23A,yellowgreen
RPL35A,yellowgreen
RPS27,yellowgreen
RPS6KA2,yellowgreen
RPSAP58,yellowgreen
RPTOR,yellowgreen
RPUSD3,yellowgreen
RSF1,yellowgreen
RTN4,yellowgreen
SAPS2,yellowgreen
SC5DL,yellowgreen
SCCPDH,yellowgreen
SDK1,yellowgreen
SEC31B,yellowgreen
SELK,yellowgreen
SEP-05,yellowgreen
SEP-08,yellowgreen
SEP-15,yellowgreen
SERBP1,yellowgreen
SFMBT2,yellowgreen
SFRS5,yellowgreen
SGK3,yellowgreen
SGMS1,yellowgreen
SH3BGR,yellowgreen
SIM1,yellowgreen
SIRT5,yellowgreen
SKI,yellowgreen
SLC22A3,yellowgreen
SLC23A2,yellowgreen
SLC25A15,yellowgreen
SLC25A37,yellowgreen
SLC25A38,yellowgreen
SLC26A5,yellowgreen
SLC27A6,yellowgreen
SLC37A2,yellowgreen
SLC4A1AP,yellowgreen
SLC5A6,yellowgreen
SLC6A6,yellowgreen
SLCO1B3,yellowgreen
SMARCD3,yellowgreen
SMG5,yellowgreen
SMYD3,yellowgreen
SNORA38,yellowgreen
SNPH,yellowgreen
SNRNP40,yellowgreen
SOCS1,yellowgreen
SORBS2,yellowgreen
SORBS3,yellowgreen
SORL1,yellowgreen
SPAG16,yellowgreen
SPATA2L,yellowgreen
SPEN,yellowgreen
SPIRE1,yellowgreen
SPRY1,yellowgreen
SRF,yellowgreen
SSBP4,yellowgreen
SSR3,yellowgreen
ST3GAL1,yellowgreen
STAC2,yellowgreen
STAMBP,yellowgreen
STK19,yellowgreen
STK33,yellowgreen
STT3B,yellowgreen
STX3,yellowgreen
SYCE1L,yellowgreen
TACO1,yellowgreen
TACR1,yellowgreen
TAOK1,yellowgreen
TAPBP,yellowgreen
TARDBP,yellowgreen
TEX264,yellowgreen
TFAP2A,yellowgreen
THAP4,yellowgreen
THRB,yellowgreen
TIAM1,yellowgreen
TIMM8B,yellowgreen
TIPRL,yellowgreen
TM7SF2,yellowgreen
TMCC3,yellowgreen
TMED9,yellowgreen
TMEM229B,yellowgreen
TNFRSF11A,yellowgreen
TNFRSF6B,yellowgreen
TNNI3,yellowgreen
TOM1,yellowgreen
TOM1L2,yellowgreen
TOR1AIP2,yellowgreen
TP53BP1,yellowgreen
TP73,yellowgreen
TPPP,yellowgreen
TRABD,yellowgreen
TRERF1,yellowgreen
TRIM10,yellowgreen
TRIM21,yellowgreen
TRIM27,yellowgreen
TRIM34,yellowgreen
TRIM39,yellowgreen
TRIM40,yellowgreen
TRIM46,yellowgreen
TRIM65,yellowgreen
TROAP,yellowgreen
TRPC3,yellowgreen
TSFM,yellowgreen
TSLP,yellowgreen
TSPAN12,yellowgreen
TSPAN14,yellowgreen
TSTA3,yellowgreen
TTYH2,yellowgreen
TXNDC12,yellowgreen
TXNDC5,yellowgreen
TXNRD1,yellowgreen
UBR4,yellowgreen
UGT1A10,yellowgreen
UHRF1BP1,yellowgreen
ULK4,yellowgreen
UQCRC1,yellowgreen
USF1,yellowgreen
USP36,yellowgreen
USP43,yellowgreen
USP7,yellowgreen
VGLL4,yellowgreen
VHL,yellowgreen
VIT,yellowgreen
VPS13B,yellowgreen
VPS13C,yellowgreen
VPS33A,yellowgreen
VPS37A,yellowgreen
VPS45,yellowgreen
VPS53,yellowgreen
VSX1,yellowgreen
WDFY4,yellowgreen
WDR12,yellowgreen
WDR27,yellowgreen
WDR69,yellowgreen
WDR76,yellowgreen
WRB,yellowgreen
WWOX,yellowgreen
WWTR1,yellowgreen
XPR1,yellowgreen
YIPF4,yellowgreen
YPEL1,yellowgreen
ZAK,yellowgreen
ZBTB10,yellowgreen
ZBTB22,yellowgreen
ZBTB38,yellowgreen
ZBTB4,yellowgreen
ZC3H14,yellowgreen
ZC3H3,yellowgreen
ZCCHC8,yellowgreen
ZER1,yellowgreen
ZNF225,yellowgreen
ZNF271,yellowgreen
ZNF282,yellowgreen
ZNF300,yellowgreen
ZNF347,yellowgreen
ZNF385B,yellowgreen
ZNF385D,yellowgreen
ZNF389,yellowgreen
ZNF418,yellowgreen
ZNF428,yellowgreen
ZNF462,yellowgreen
ZNF518A,yellowgreen
ZNF549,yellowgreen
ZNF557,yellowgreen
ZNF565,yellowgreen
ZNF575,yellowgreen
ZNF667,yellowgreen
ZNF670,yellowgreen
ZNF74,yellowgreen
ZNF828,yellowgreen
ZNF837,yellowgreen
ZRANB3,yellowgreen
ZSCAN2,yellowgreen
