geneSymbol,moduleColor
AANAT,black
AARS2,black
AATF,black
ABAT,black
ABCA13,black
ABCB5,black
ABCC13,black
ABCC2,black
ABHD13,black
ABHD15,black
ABLIM2,black
ABRA,black
ACAD9,black
ACADL,black
ACAN,black
ACER3,black
ACN9,black
ACO1,black
ACOT7,black
ACOX3,black
ACP1,black
ACSF2,black
ACSF3,black
ACTN1,black
ACTN2,black
ACTRT2,black
ACVR2B,black
ACYP2,black
ADAD1,black
ADAM12,black
ADAMTS17,black
ADAMTS2,black
ADAP1,black
ADAR,black
ADARB2,black
ADD2,black
ADH6,black
ADIPOQ,black
ADK,black
ADORA2B,black
AES,black
AFAP1,black
AFAP1L1,black
AFF3,black
AFMID,black
AGAP1,black
AGAP3,black
AGPAT1,black
AGPAT3,black
AHCYL1,black
AHI1,black
AHRR,black
AIFM3,black
AIM2,black
AIP,black
AKAP12,black
AKAP8L,black
ALDH1L1,black
ALDH3A2,black
ALDH4A1,black
ALG11,black
ALG6,black
ALKBH4,black
ALKBH5,black
ALLC,black
ALMS1,black
ALOX12P2,black
ALOX5,black
ALOXE3,black
ALPK2,black
ALS2,black
ALS2CR4,black
AMTN,black
ANAPC10,black
ANAPC7,black
ANK1,black
ANKH,black
ANKLE2,black
ANKMY1,black
ANKRD10,black
ANKRD23,black
ANKRD31,black
ANKRD40,black
ANKRD43,black
ANKRD6,black
ANLN,black
ANO1,black
ANXA7,black
AOX2P,black
AP1M1,black
AP2A2,black
APBA2,black
APEH,black
APLP2,black
APOB,black
AQP12A,black
ARFGAP2,black
ARG2,black
ARGLU1,black
ARHGAP18,black
ARHGEF1,black
ARHGEF10L,black
ARHGEF16,black
ARHGEF19,black
ARHGEF2,black
ARID1B,black
ARL15,black
ARL2,black
ARMC3,black
ARMC4,black
ARMC7,black
ARPC2,black
ARRB1,black
ARSJ,black
ART3,black
ARVCF,black
AS3MT,black
ASAM,black
ASB10,black
ASB13,black
ASB14,black
ASCL2,black
ASPSCR1,black
ASS1,black
ASTL,black
ATAD3B,black
ATF6B,black
ATP10D,black
ATP11A,black
ATP11B,black
ATP2A1,black
ATP2A3,black
ATP2B2,black
ATP2C2,black
ATP5A1,black
ATP5S,black
ATP6V0D1,black
ATP8A2,black
ATP8B3,black
ATP9B,black
ATRN,black
ATXN7L1,black
AURKC,black
AVPR1B,black
AXIN1,black
B3GALNT1,black
B3GALTL,black
B3GNTL1,black
B4GALNT1,black
B4GALNT4,black
B4GALT1,black
BACH2,black
BAHCC1,black
BANP,black
BBS7,black
BCAR1,black
BCL2,black
BCL2L14,black
BCL3,black
BDH1,black
BDKRB1,black
BDKRB2,black
BDNF,black
BEND7,black
BEST3,black
BEST4,black
BICD2,black
BNIP1,black
BOD1L,black
BOLL,black
BOP1,black
BPNT1,black
BRD2,black
BREA2,black
BRF1,black
BRMS1,black
BRSK2,black
BRUNOL4,black
BSN,black
BSPH1,black
BST1,black
BTF3L4,black
BTG4,black
BTN2A2,black
BTN3A3,black
BTNL2,black
BTNL8,black
C10ORF11,black
C10ORF110,black
C10ORF137,black
C10ORF71,black
C11ORF17,black
C11ORF2,black
C11ORF40,black
C11ORF41,black
C11ORF60,black
C11ORF64,black
C11ORF80,black
C11ORF92,black
C12ORF66,black
C12ORF67,black
C13ORF37,black
C14ORF104,black
C14ORF106,black
C14ORF126,black
C14ORF129,black
C14ORF132,black
C14ORF139,black
C14ORF2,black
C14ORF34,black
C14ORF43,black
C15ORF23,black
C15ORF26,black
C15ORF27,black
C15ORF28,black
C15ORF41,black
C16ORF11,black
C16ORF35,black
C16ORF90,black
C17ORF59,black
C17ORF62,black
C17ORF63,black
C17ORF85,black
C19ORF26,black
C19ORF34,black
C19ORF55,black
C19ORF6,black
C1ORF127,black
C1ORF183,black
C1ORF190,black
C1ORF21,black
C1ORF55,black
C1ORF63,black
C1ORF84,black
C1ORF86,black
C1ORF88,black
C1QTNF1,black
C1S,black
C20ORF117,black
C20ORF194,black
C20ORF20,black
C21ORF49,black
C2ORF18,black
C2ORF40,black
C2ORF52,black
C2ORF67,black
C2ORF79,black
C3ORF19,black
C3ORF39,black
C3ORF52,black
C4ORF17,black
C4ORF36,black
C4ORF42,black
C4ORF44,black
C4ORF49,black
C5ORF22,black
C5ORF30,black
C5ORF41,black
C5ORF47,black
C5ORF54,black
C6,black
C6ORF10,black
C6ORF115,black
C6ORF182,black
C6ORF48,black
C6ORF57,black
C7ORF13,black
C7ORF20,black
C7ORF50,black
C7ORF58,black
C8ORF42,black
C8ORF79,black
C9ORF150,black
C9ORF156,black
C9ORF171,black
C9ORF3,black
C9ORF43,black
C9ORF57,black
C9ORF79,black
C9ORF98,black
CA7,black
CA8,black
CABC1,black
CABLES2,black
CABP2,black
CACNA1C,black
CACNA1H,black
CACNA2D2,black
CACNA2D3,black
CACNG1,black
CADPS2,black
CALCOCO2,black
CALD1,black
CALR,black
CAMK2D,black
CAMKK2,black
CAMSAP1,black
CAMTA1,black
CANT1,black
CAPN9,black
CARD11,black
CARS2,black
CASKIN2,black
CASR,black
CASZ1,black
CATSPERG,black
CBFA2T3,black
CBS,black
CCDC12,black
CCDC127,black
CCDC132,black
CCDC28A,black
CCDC36,black
CCDC37,black
CCDC73,black
CCDC85C,black
CCDC88A,black
CCDC88C,black
CCDC9,black
CCHCR1,black
CCK,black
CCL8,black
CCNC,black
CCND1,black
CCND3,black
CCNF,black
CCNY,black
CCT2,black
CD151,black
CD47,black
CD59,black
CD81,black
CD96,black
CDADC1,black
CDAN1,black
CDC34,black
CDC42BPB,black
CDC42SE2,black
CDCA8,black
CDCP1,black
CDH15,black
CDH23,black
CDKAL1,black
CDKL1,black
CDNF,black
CDON,black
CDR2L,black
CDRT4,black
CDYL,black
CDYL2,black
CEBPG,black
CEND1,black
CENPE,black
CENPN,black
CEP120,black
CEP57,black
CEP72,black
CGNL1,black
CHADL,black
CHCHD3,black
CHD1,black
CHD7,black
CHD8,black
CHEK2,black
CHGB,black
CHID1,black
CHMP4C,black
CHN2,black
CHRD,black
CHRNA2,black
CHST8,black
CIB4,black
CIDEA,black
CLASP1,black
CLCN3,black
CLCNKB,black
CLDN10,black
CLDN11,black
CLDN25,black
CLEC16A,black
CLEC4GP1,black
CLIP2,black
CLN5,black
CLPS,black
CLVS1,black
CLYBL,black
CMIP,black
CNN2,black
CNNM2,black
CNO,black
CNOT1,black
CNOT2,black
COBLL1,black
COG3,black
COL11A2,black
COL22A1,black
COL23A1,black
COL24A1,black
COL25A1,black
COL4A1,black
COL4A2,black
COL5A1,black
COMMD5,black
COMMD9,black
COMT,black
COQ6,black
COX10,black
COX15,black
COX5B,black
COX6A2,black
CP110,black
CPLX1,black
CPS1,black
CPSF1,black
CPSF4,black
CREB1,black
CRELD1,black
CRIP3,black
CRTAM,black
CRTC1,black
CRYAA,black
CRYBA2,black
CRYGN,black
CRYL1,black
CRYM,black
CSGALNACT2,black
CSMD1,black
CSMD3,black
CSNK1D,black
CTBP1,black
CTBP2,black
CTDSP2,black
CTLA4,black
CTSA,black
CUGBP2,black
CUTA,black
CUX1,black
CXADR,black
CXCL14,black
CXCL3,black
CXCR5,black
CYB5A,black
CYB5RL,black
CYFIP1,black
CYP26B1,black
CYP27C1,black
CYP2W1,black
CYTSB,black
DAB1,black
DAB2,black
DAB2IP,black
DAP,black
DAPK1,black
DAXX,black
DCAF4L2,black
DCBLD2,black
DCC,black
DCHS1,black
DCLRE1A,black
DCTD,black
DDOST,black
DDX25,black
DDX31,black
DDX50,black
DDX51,black
DDX60,black
DEAF1,black
DEC1,black
DENND3,black
DENND4A,black
DENND5B,black
DERL1,black
DET1,black
DGCR5,black
DGKD,black
DGKQ,black
DHCR24,black
DHDDS,black
DHRS1,black
DHX16,black
DHX37,black
DHX58,black
DIAPH1,black
DIP2A,black
DIP2B,black
DIP2C,black
DISP2,black
DKK2,black
DLG2,black
DLGAP2,black
DLK1,black
DMTF1,black
DNA2,black
DNAH17,black
DNAJC15,black
DNAJC27,black
DNAJC5,black
DNAJC6,black
DNAL1,black
DNAL4,black
DNASE1L2,black
DNER,black
DNM3,black
DNMT1,black
DOCK1,black
DOCK9,black
DOPEY2,black
DPAGT1,black
DPH1,black
DPP3,black
DPP4,black
DPP6,black
DPY30,black
DPYSL2,black
DSCAM,black
DTWD2,black
DUOX1,black
DUPD1,black
DUSP26,black
DVL3,black
DYM,black
DYNC1H1,black
DYNC1I1,black
DYNLT1,black
DYRK1A,black
DYSF,black
EARS2,black
EBF2,black
ECHDC1,black
ECHDC3,black
ECHS1,black
EEA1,black
EEF1DP3,black
EEFSEC,black
EFEMP2,black
EFHD1,black
EFNA3,black
EFNB2,black
EGFLAM,black
EGLN3,black
EHD1,black
EHD4,black
EHHADH,black
EHMT2,black
EID2,black
EIF1AD,black
EIF2AK1,black
EIF2B2,black
EIF2B5,black
EIF2C2,black
EIF2S1,black
EIF3E,black
EIF3H,black
EIF3J,black
EIF4G1,black
EIF4H,black
ELFN2,black
ELK3,black
ELK4,black
ELL3,black
EME2,black
EMILIN1,black
EML3,black
EML6,black
ENTPD3,black
EP400,black
EPHA8,black
EPHB3,black
EPS8L2,black
ERC1,black
ERI1,black
ERLIN2,black
ERP29,black
ESAM,black
ESPNL,black
ETV1,black
EVC2,black
EVL,black
EXOC2,black
EXOC6,black
EXOC6B,black
EXT1,black
EXTL3,black
EYA4,black
EZR,black
F2RL3,black
F3,black
FADS6,black
FAF2,black
FAM107B,black
FAM108C1,black
FAM110B,black
FAM110C,black
FAM125B,black
FAM126A,black
FAM129C,black
FAM131C,black
FAM132A,black
FAM133B,black
FAM136A,black
FAM13C,black
FAM188A,black
FAM196B,black
FAM198A,black
FAM19A3,black
FAM19A5,black
FAM38B,black
FAM46B,black
FAM53B,black
FAM65C,black
FAM71C,black
FAM82A2,black
FAM83A,black
FAM96A,black
FANCI,black
FARP1,black
FARP2,black
FASN,black
FASTKD5,black
FAT1,black
FAT2,black
FBF1,black
FBRSL1,black
FBXL2,black
FBXO15,black
FBXO21,black
FBXO28,black
FBXO30,black
FBXO31,black
FBXO5,black
FBXW8,black
FCHO1,black
FCHO2,black
FCHSD2,black
FER,black
FEZ1,black
FFAR3,black
FGF14,black
FGFR1,black
FGGY,black
FHDC1,black
FHIT,black
FICD,black
FILIP1,black
FITM1,black
FLCN,black
FLJ32810,black
FLJ43860,black
FLJ45340,black
FLJ90757,black
FLNB,black
FLOT1,black
FMN1,black
FNBP1,black
FNBP4,black
FOLH1,black
FOLR4,black
FOSL2,black
FOXK2,black
FOXM1,black
FOXN3,black
FOXO1,black
FOXO3,black
FOXP1,black
FOXRED2,black
FRK,black
FST,black
FSTL1,black
FSTL4,black
FUK,black
FURIN,black
FUT8,black
FXYD6,black
FYB,black
FYN,black
FZD6,black
GABARAPL1,black
GABBR1,black
GABRA5,black
GABRA6,black
GABRD,black
GAK,black
GALK2,black
GALNS,black
GALNT2,black
GALNT3,black
GALNT5,black
GALNT9,black
GALNTL2,black
GALR3,black
GARS,black
GAS7,black
GATAD2A,black
GCK,black
GCLC,black
GCNT2,black
GDF10,black
GDPD5,black
GEMIN4,black
GEMIN5,black
GFRA1,black
GFRA2,black
GGA2,black
GGT7,black
GHR,black
GIGYF2,black
GIMAP1,black
GIT2,black
GJA3,black
GLI3,black
GLIPR1L1,black
GLIPR1L2,black
GLIS1,black
GLRA1,black
GLRX,black
GLS2,black
GLT1D1,black
GLYCTK,black
GMIP,black
GNA12,black
GNB2L1,black
GNG12,black
GNG7,black
GNL1,black
GNMT,black
GNRHR2,black
GOLPH3L,black
GOLSYN,black
GOPC,black
GORASP1,black
GOT1,black
GPC5,black
GPNMB,black
GPR1,black
GPR12,black
GPR123,black
GPR124,black
GPR133,black
GPR137,black
GPR139,black
GPR148,black
GPR15,black
GPR172A,black
GPR177,black
GPR182,black
GPR20,black
GPR3,black
GPR35,black
GPR52,black
GPR98,black
GPRC5C,black
GRAMD1B,black
GRB10,black
GRB2,black
GREM1,black
GRIK2,black
GRIK4,black
GRIN2C,black
GRM1,black
GRM4,black
GSC,black
GSN,black
GSS,black
GTDC1,black
GTF2A1,black
GTF2F2,black
GTSE1,black
GZMB,black
H2AFJ,black
HAS3,black
HBM,black
HCCA2,black
HCG11,black
HCP5,black
HCRTR2,black
HDAC5,black
HDGF2,black
HDGFRP3,black
HEATR2,black
HECW2,black
HELQ,black
HEPHL1,black
HERC4,black
HES7,black
HEY2,black
HGFAC,black
HHLA2,black
HIC1,black
HIGD1A,black
HINT1,black
HIP1,black
HIST1H1A,black
HIST1H2AA,black
HIST1H2BB,black
HIST1H2BK,black
HIST1H3B,black
HIVEP1,black
HIVEP3,black
HKR1,black
HLA-DPA1,black
HLF,black
HMG20A,black
HMHB1,black
HNF1B,black
HNRNPAB,black
HNRNPM,black
HOOK2,black
HOPX,black
HOXA7,black
HOXB8,black
HPCAL1,black
HPR,black
HR,black
HRC,black
HRH1,black
HRK,black
HRNBP3,black
HS3ST1,black
HS3ST2,black
HS3ST3B1,black
HS3ST5,black
HSD11B1L,black
HSP90AB1,black
HSPG2,black
HTATIP2,black
HTN3,black
HTR1A,black
HTRA4,black
IDO2,black
IFNG,black
IFT140,black
IGF1R,black
IGF2AS,black
IGF2BP3,black
IGFBP2,black
IGHMBP2,black
IHH,black
IKBIP,black
IL16,black
IL17RD,black
IL1R2,black
IL1RAP,black
IMPG2,black
INADL,black
INPP5A,black
INS,black
INS-IGF2,black
INSL4,black
INSL5,black
INTS1,black
INTS3,black
IPO4,black
IPO7,black
IPP,black
IPPK,black
IQCE,black
IQCK,black
IRF2,black
IRF6,black
IRGQ,black
ITGA2,black
ITGA7,black
ITGAM,black
ITGAX,black
ITGB4,black
ITIH4,black
ITIH5,black
ITK,black
ITM2B,black
ITPKA,black
ITSN1,black
JAK1,black
JAKMIP1,black
JAKMIP2,black
JAM3,black
JARID2,black
JAZF1,black
JMJD1C,black
JRK,black
KCNA1,black
KCNH2,black
KCNH7,black
KCNIP2,black
KCNJ14,black
KCNJ15,black
KCNK13,black
KCNK9,black
KCNMB2,black
KCNQ1,black
KCNQ3,black
KCNT1,black
KCNT2,black
KCTD8,black
KDM1B,black
KDM4B,black
KIAA0101,black
KIAA0247,black
KIAA0284,black
KIAA0513,black
KIAA0562,black
KIAA0664,black
KIAA0802,black
KIAA0895,black
KIAA0922,black
KIAA1009,black
KIAA1026,black
KIAA1211,black
KIAA1244,black
KIAA1267,black
KIAA1530,black
KIAA1614,black
KIAA1683,black
KIAA1688,black
KIAA1751,black
KIAA1875,black
KIAA1919,black
KIF15,black
KIF1B,black
KIF25,black
KIF26B,black
KIF2A,black
KIF5C,black
KLC1,black
KLF12,black
KLF16,black
KLF9,black
KLHDC7A,black
KLHDC8A,black
KLHL11,black
KLHL22,black
KLHL29,black
KLHL6,black
KLK15,black
KLRB1,black
KNDC1,black
KRBA1,black
KRT222,black
KRT3,black
KRT31,black
KRT4,black
KRT78,black
KRTAP11-1,black
L3MBTL3,black
LAMA1,black
LAMC2,black
LANCL2,black
LAPTM4A,black
LARGE,black
LARP4,black
LARS,black
LASS6,black
LATS2,black
LBP,black
LCORL,black
LDLRAP1,black
LDOC1L,black
LENG8,black
LEPREL2,black
LETM2,black
LGSN,black
LHX3,black
LIFR,black
LIN28,black
LIN28B,black
LIPA,black
LIPF,black
LMAN1L,black
LMAN2L,black
LMCD1,black
LMNB2,black
LMX1B,black
LOC100128023,black
LOC100128071,black
LOC100128977,black
LOC100129354,black
LOC100130987,black
LOC100133308,black
LOC100133545,black
LOC100270746,black
LOC100289341,black
LOC115110,black
LOC143666,black
LOC144776,black
LOC145845,black
LOC148824,black
LOC150197,black
LOC219347,black
LOC283050,black
LOC284688,black
LOC285501,black
LOC285830,black
LOC286002,black
LOC338799,black
LOC344967,black
LOC387647,black
LOC387763,black
LOC389458,black
LOC390858,black
LOC391322,black
LOC404266,black
LOC407835,black
LOC441666,black
LOC619207,black
LOC641298,black
LOC645323,black
LOC653113,black
LOC729338,black
LOC91316,black
LOC91948,black
LOR,black
LOXL1,black
LPAR5,black
LPCAT1,black
LPCAT2,black
LPCAT3,black
LPP,black
LRDD,black
LRFN2,black
LRP1,black
LRP2,black
LRP5,black
LRRC1,black
LRRC14,black
LRRC16B,black
LRRC2,black
LRRC20,black
LRRC26,black
LRRC41,black
LRRC8C,black
LRRN4,black
LRRTM2,black
LSG1,black
LSM10,black
LUZP2,black
LY6G6F,black
LYPD6,black
LYSMD2,black
MACF1,black
MACROD1,black
MACROD2,black
MAD1L1,black
MAFF,black
MAGEL2,black
MAGI1,black
MAGOH,black
MAML3,black
MAP2K4,black
MAP3K5,black
MAP4K2,black
MAP4K4,black
MAP7,black
MAPK8IP3,black
MAPKBP1,black
MARCH1,black
MAST3,black
MATN3,black
MATR3,black
MBL2,black
MBOAT1,black
MBOAT2,black
MBP,black
MBTD1,black
MBTPS1,black
MCC,black
MCF2L,black
MCF2L2,black
MCFD2,black
MCM2,black
MCPH1,black
MDGA2,black
MEA1,black
MECOM,black
MED30,black
MEGF11,black
MEGF6,black
MERTK,black
MESDC1,black
METTL10,black
METTL13,black
METTL4,black
METTL7A,black
MEX3C,black
MFAP5,black
MFI2,black
MGAT1,black
MGAT4A,black
MGC23284,black
MGC70857,black
MGMT,black
MGRN1,black
MGST2,black
MICAL2,black
MICALL2,black
MIR129-1,black
MIR192,black
MIR24-1,black
MIR25,black
MIR320B1,black
MIR331,black
MIR373,black
MIR377,black
MIR518A2,black
MIR548G,black
MIR548N,black
MIR589,black
MIR761,black
MIR922,black
MKI67,black
MKL1,black
MKNK2,black
MLF2,black
MLL,black
MLL2,black
MLL3,black
MLLT6,black
MLXIP,black
MMP1,black
MN1,black
MNX1,black
MON1B,black
MORN1,black
MORN4,black
MPHOSPH6,black
MPP3,black
MPP7,black
MPPE1,black
MPPED2,black
MPST,black
MRC2,black
MRE11A,black
MRFAP1,black
MRGPRF,black
MRPL10,black
MRPL17,black
MRPL21,black
MRPL23,black
MRPL24,black
MRPL32,black
MRPL54,black
MRPS18B,black
MRPS27,black
MSH5,black
MSRA,black
MTA1,black
MTHFD1L,black
MTO1,black
MTUS1,black
MTUS2,black
MTX1,black
MUC17,black
MUC4,black
MVP,black
MXD4,black
MYADM,black
MYCBP,black
MYEOV2,black
MYL6B,black
MYLK4,black
MYO18A,black
MYO5C,black
MYO7B,black
MYOC,black
MYOM2,black
MYPOP,black
MYT1L,black
N4BP2L1,black
NADSYN1,black
NALCN,black
NARFL,black
NARS,black
NAT1,black
NAT15,black
NAV2,black
NBEAL1,black
NBEAL2,black
NCEH1,black
NCF2,black
NCK2,black
NCKAP1,black
NCKAP5,black
NCLN,black
NCOR2,black
NCRNA00028,black
NCRNA00029,black
NCRNA00167,black
NCRNA00171,black
NDFIP2,black
NDRG4,black
NDUFA13,black
NDUFA5,black
NDUFA7,black
NDUFA9,black
NEAT1,black
NEBL,black
NEDD9,black
NEK3,black
NETO1,black
NEU1,black
NEURL,black
NEXN,black
NF1,black
NFASC,black
NFATC1,black
NFIA,black
NFKBIB,black
NFRKB,black
NFU1,black
NHP2L1,black
NHSL1,black
NINJ2,black
NIPAL3,black
NIPBL,black
NKAIN1,black
NKAIN4,black
NKTR,black
NKX2-4,black
NLGN1,black
NLRC3,black
NLRP1,black
NLRP11,black
NLRP14,black
NLRP7,black
NME2,black
NMUR1,black
NOG,black
NOP14,black
NOTCH4,black
NOTUM,black
NPB,black
NPLOC4,black
NPR1,black
NPTX2,black
NPY,black
NR0B2,black
NR1D2,black
NR3C1,black
NR5A2,black
NRD1,black
NRP2,black
NRXN2,black
NRXN3,black
NSD1,black
NSMCE2,black
NSUN2,black
NT5C,black
NT5DC2,black
NTF3,black
NTM,black
NTN4,black
NUDT12,black
NUDT2,black
NUDT6,black
NXN,black
OAZ2,black
OCA2,black
OLA1,black
OLFML2B,black
OPCML,black
OPN5,black
OPRK1,black
OPRM1,black
OR10K2,black
OR12D3,black
OR1L6,black
OR1S2,black
OR2G6,black
OR2H2,black
OR52A1,black
OR52D1,black
ORAI2,black
ORC5L,black
OSBP2,black
OSBPL10,black
OSBPL11,black
OSBPL5,black
OSTC,black
OTUD6B,black
OVCH2,black
OXCT1,black
OXR1,black
P2RY6,black
P4HA2,black
PABPC4L,black
PACRG,black
PACS2,black
PACSIN2,black
PAK6,black
PALLD,black
PANK4,black
PARD6A,black
PARK2,black
PARL,black
PARVA,black
PARVB,black
PAX9,black
PAXIP1,black
PBLD,black
PC,black
PCBP3,black
PCCA,black
PCDH10,black
PCDHB11,black
PCDHB18,black
PCDHB5,black
PCGF3,black
PCNXL2,black
PCNXL3,black
PCSK1,black
PCSK7,black
PDE2A,black
PDE6B,black
PDE7A,black
PDE8A,black
PDGFD,black
PDIA5,black
PDPK1,black
PDPN,black
PDX1,black
PDZD2,black
PDZK1,black
PDZRN4,black
PELP1,black
PER2,black
PER3,black
PEX14,black
PFDN5,black
PFKL,black
PFKP,black
PFN4,black
PHACTR1,black
PHACTR2,black
PHC2,black
PHF17,black
PHF2,black
PHF3,black
PHTF1,black
PHYHIP,black
PIGG,black
PIK3CA,black
PIK3R3,black
PIK3R6,black
PILRA,black
PIP4K2A,black
PIP5K1C,black
PITPNM1,black
PITPNM2,black
PKD1,black
PKD1L2,black
PKN3,black
PLA2G2D,black
PLB1,black
PLCE1,black
PLCH2,black
PLCL1,black
PLD2,black
PLDN,black
PLEKHG1,black
PLEKHM2,black
PLEKHO1,black
PLIN5,black
PLK2,black
PLUNC,black
PLXDC2,black
PLXNA4,black
PLXNB2,black
PML,black
PMS2L3,black
PNKD,black
PNLDC1,black
PNPLA8,black
POGZ,black
POLA2,black
POLB,black
POLR2F,black
POLS,black
POU5F1,black
POU6F2,black
PPA2,black
PPAPDC3,black
PPFIA4,black
PPIE,black
PPIF,black
PPL,black
PPM1A,black
PPM1K,black
PPP1R11,black
PPP1R12A,black
PPP1R12B,black
PPP2R2A,black
PPP2R2D,black
PPP2R5E,black
PPP4C,black
PQLC2,black
PRAGMIN,black
PRCD,black
PRCP,black
PRDM10,black
PRDM16,black
PRDM6,black
PREPL,black
PRG4,black
PRICKLE1,black
PRKAG2,black
PRKAR1B,black
PRKCA,black
PRKCH,black
PRKCZ,black
PRKD3,black
PRKG1,black
PRM1,black
PRMT3,black
PRMT8,black
PROK1,black
PROSAPIP1,black
PRPF19,black
PRPF4,black
PRPF8,black
PRPS1L1,black
PRR19,black
PRR24,black
PRRC1,black
PSAP,black
PSAPL1,black
PSD3,black
PSEN1,black
PSMA3,black
PSMB8,black
PSMC2,black
PSMC5,black
PSMD5,black
PSME2,black
PSPH,black
PSTPIP1,black
PTCD1,black
PTCH1,black
PTDSS2,black
PTER,black
PTGDR,black
PTGES3,black
PTGFRN,black
PTGIS,black
PTK2B,black
PTPN14,black
PTPN23,black
PTPN3,black
PTPN4,black
PTPRD,black
PTPRN2,black
PTPRU,black
PTPRZ1,black
PUM1,black
PUS1,black
PUS7L,black
PVT1,black
PWWP2A,black
PXDN,black
PXN,black
PYCRL,black
PYGB,black
PYGL,black
QSOX1,black
R3HDM1,black
RAB11FIP3,black
RAB40B,black
RABEP1,black
RABGGTA,black
RAD21,black
RAD50,black
RAD51L3,black
RAD52,black
RAD54B,black
RAF1,black
RAG1AP1,black
RAGE,black
RAI14,black
RALGDS,black
RALGPS1,black
RALYL,black
RANBP17,black
RAP1GAP2,black
RASA1,black
RASGEF1C,black
RASGRF1,black
RASGRP2,black
RASSF4,black
RBBP5,black
RBM16,black
RBM43,black
RBPMS,black
RCAN3,black
RECK,black
RECQL5,black
REEP5,black
REG4,black
RELL1,black
REP15,black
REPIN1,black
RERE,black
RFC4,black
RFESD,black
RGS10,black
RGS4,black
RHBDD1,black
RHOA,black
RHOT2,black
RICTOR,black
RIMBP2,black
RIMS1,black
RIN1,black
RIN3,black
RING1,black
RIPPLY2,black
RMND1,black
RNF144A,black
RNF19B,black
RNF216,black
RNF217,black
RNF34,black
RNF6,black
RNLS,black
ROBO3,black
ROR1,black
ROR2,black
RORA,black
RPH3A,black
RPH3AL,black
RPIA,black
RPL29,black
RPL31,black
RPL36,black
RPL3L,black
RPL7L1,black
RPP38,black
RPRD2,black
RPRM,black
RPS24,black
RPS27L,black
RPS6KA2,black
RPS6KA4,black
RPS9,black
RPTOR,black
RRAS2,black
RRP12,black
RSBN1,black
RSF1,black
RSPO1,black
RTDR1,black
RTF1,black
RTN1,black
RUNX1T1,black
RUNX3,black
RYR1,black
RYR3,black
S100A5,black
SAC3D1,black
SACM1L,black
SAE1,black
SALL3,black
SAMD1,black
SAMD11,black
SAMD14,black
SAPS2,black
SART1,black
SBSN,black
SCAND3,black
SCARA3,black
SCARA5,black
SCD,black
SCFD2,black
SCN1B,black
SCNN1G,black
SCOC,black
SCRIB,black
SCUBE2,black
SDCCAG8,black
SDF4,black
SDK1,black
SEC1,black
SEC31A,black
SELO,black
SEMA3E,black
SEMA4C,black
SEMA5B,black
SEMA6A,black
SEPHS1,black
SERINC4,black
SERP1,black
SERPINA4,black
SERTAD1,black
SETD7,black
SFRP1,black
SFRS18,black
SFRS2B,black
SFRS5,black
SFXN4,black
SGK1,black
SGK196,black
SH2B3,black
SH2D2A,black
SH2D4A,black
SH3BGR,black
SH3BP5,black
SH3PXD2A,black
SH3PXD2B,black
SHANK2,black
SHANK3,black
SHISA4,black
SHISA6,black
SHMT1,black
SHROOM3,black
SIM1,black
SIPA1L1,black
SIRT2,black
SIRT5,black
SKI,black
SKIL,black
SKIV2L,black
SLAIN2,black
SLC12A5,black
SLC12A7,black
SLC13A5,black
SLC16A5,black
SLC17A5,black
SLC19A1,black
SLC19A2,black
SLC1A2,black
SLC20A2,black
SLC22A11,black
SLC22A15,black
SLC22A16,black
SLC22A18AS,black
SLC22A25,black
SLC22A9,black
SLC24A2,black
SLC25A13,black
SLC25A2,black
SLC25A22,black
SLC25A27,black
SLC25A31,black
SLC26A1,black
SLC27A6,black
SLC28A3,black
SLC2A7,black
SLC33A1,black
SLC35B3,black
SLC35E3,black
SLC37A1,black
SLC37A3,black
SLC38A10,black
SLC38A2,black
SLC43A2,black
SLC44A4,black
SLC6A3,black
SLC7A1,black
SLC7A4,black
SLC8A1,black
SLC9A11,black
SLC9A4,black
SLCO1A2,black
SLITRK1,black
SLITRK6,black
SMAD4,black
SMAD7,black
SMARCD1,black
SMEK1,black
SMG6,black
SMOC1,black
SMOC2,black
SMPD4,black
SMURF1,black
SMYD3,black
SNAP25,black
SNAP29,black
SND1,black
SNIP1,black
SNN,black
SNORD116-17,black
SNORD2,black
SNORD45C,black
SNRPN,black
SNX13,black
SNX19,black
SNX2,black
SNX21,black
SNX25,black
SNX26,black
SNX29,black
SNX4,black
SNX8,black
SOLH,black
SON,black
SORBS1,black
SORCS3,black
SOX12,black
SOX2OT,black
SOX5,black
SPACA1,black
SPATA16,black
SPATA2,black
SPATA2L,black
SPATA8,black
SPG20,black
SPG21,black
SPG7,black
SPHK1,black
SPINK1,black
SPINK8,black
SPIRE2,black
SPOCK2,black
SPPL2B,black
SPPL3,black
SPRR1A,black
SPTB,black
SPTBN2,black
SPTBN5,black
SQRDL,black
SQSTM1,black
SRGAP2,black
SRRM1,black
SRRM2,black
SRRT,black
SSBP2,black
SSH1,black
SSTR1,black
SSTR4,black
ST14,black
ST5,black
ST6GALNAC3,black
ST8SIA4,black
ST8SIA5,black
STAB1,black
STAC,black
STEAP2,black
STK10,black
STK11,black
STK32A,black
STK33,black
STX8,black
SUCLG1,black
SUSD3,black
SUV420H2,black
SVEP1,black
SYF2,black
SYN2,black
SYN3,black
SYNCRIP,black
SYNGR2,black
SYT1,black
SYT2,black
SYT6,black
TACC2,black
TACO1,black
TAF11,black
TAF13,black
TAOK1,black
TAP1,black
TBC1D16,black
TBC1D17,black
TBC1D22A,black
TBC1D24,black
TBC1D9,black
TBC1D9B,black
TBCD,black
TBR1,black
TBX19,black
TCEA2,black
TCF19,black
TCF20,black
TCF25,black
TCF7L1,black
TCF7L2,black
TCHH,black
TDH,black
TDO2,black
TDRD5,black
TDRD7,black
TECPR2,black
TELO2,black
TERF2,black
TET3,black
TEX14,black
TEX2,black
TFDP1,black
TG,black
TGFBR2,black
TGFBRAP1,black
TGIF1,black
TGM7,black
THEMIS,black
THNSL2,black
THOP1,black
THRSP,black
THSD4,black
THSD7B,black
THY1,black
TIAL1,black
TIAM1,black
TIMELESS,black
TLE3,black
TLX1NB,black
TM2D1,black
TMCO3,black
TMED6,black
TMEM11,black
TMEM117,black
TMEM132D,black
TMEM143,black
TMEM154,black
TMEM156,black
TMEM159,black
TMEM160,black
TMEM163,black
TMEM17,black
TMEM175,black
TMEM176B,black
TMEM178,black
TMEM181,black
TMEM19,black
TMEM201,black
TMEM225,black
TMEM232,black
TMEM26,black
TMEM44,black
TMEM51,black
TMEM61,black
TMEM85,black
TMEM87B,black
TMEM92,black
TMF1,black
TMTC1,black
TMX1,black
TNFAIP8,black
TNFRSF10D,black
TNFRSF21,black
TNFRSF8,black
TNIP1,black
TNIP2,black
TNK1,black
TNK2,black
TNRC18,black
TNXB,black
TOM1L2,black
TOMM34,black
TOP1MT,black
TOPORS,black
TOR1AIP2,black
TOR2A,black
TOX2,black
TP53I3,black
TP63,black
TP73,black
TPCN2,black
TPO,black
TPP2,black
TPPP,black
TPX2,black
TRAF2,black
TRAF3,black
TRAF5,black
TRAP1,black
TRAPPC10,black
TRAPPC2L,black
TRAPPC3,black
TRAPPC9,black
TREH,black
TREML4,black
TRIB2,black
TRIM10,black
TRIM11,black
TRIM27,black
TRIM36,black
TRIM37,black
TRIM4,black
TRIM40,black
TRIM45,black
TRIM6-TRIM34,black
TRIM68,black
TRPC3,black
TRPC4,black
TRPV1,black
TRRAP,black
TSC1,black
TSC2,black
TSC22D2,black
TSGA13,black
TSNARE1,black
TSNAX-DISC1,black
TSPAN18,black
TSPAN5,black
TSPAN8,black
TSPAN9,black
TSSC1,black
TTC12,black
TTC15,black
TTC23,black
TTC30B,black
TTC39C,black
TTC7B,black
TTC9B,black
TTK,black
TTLL6,black
TTLL9,black
TTPA,black
TTYH3,black
TUB,black
TUBA3C,black
TUBA4B,black
TUBB3,black
TUBG2,black
TUBGCP2,black
TUSC3,black
TWSG1,black
TXNDC6,black
TXNL4B,black
TXNRD2,black
UBAC2,black
UBASH3B,black
UBE2E3,black
UBE2G1,black
UBE2I,black
UBE2QP1,black
UBE2V1,black
UBE3B,black
UBFD1,black
UBTD1,black
UBTD2,black
UCKL1,black
UCMA,black
UFD1L,black
UFSP1,black
UGCG,black
UNC119B,black
UNC13B,black
UNC5B,black
UNC5D,black
UNC84A,black
UNC84B,black
UNKL,black
UPB1,black
UPK3B,black
UQCRC2,black
URB2,black
USH2A,black
USP14,black
USP20,black
USP28,black
USP3,black
USP30,black
USP34,black
USP42,black
USP44,black
USP45,black
USP47,black
USP49,black
USP6NL,black
UTS2D,black
VAMP4,black
VAPA,black
VASP,black
VAT1L,black
VAV1,black
VAV2,black
VDR,black
VIM,black
VIPR1,black
VPS13A,black
VPS13B,black
VPS18,black
VPS24,black
VPS29,black
VPS37C,black
VPS45,black
VPS4A,black
VPS52,black
VPS53,black
VSTM2A,black
VWCE,black
WBSCR27,black
WDFY3,black
WDR1,black
WDR20,black
WDR27,black
WDR3,black
WDR33,black
WDR43,black
WDR6,black
WDR7,black
WDR86,black
WDSUB1,black
WFDC1,black
WHSC1,black
WIT1,black
WNK2,black
WNT1,black
WNT3,black
WNT5B,black
WNT8B,black
WTIP,black
WWOX,black
XAB2,black
XKR6,black
XKR7,black
XKR8,black
XPA,black
XPO5,black
XRCC5,black
YLPM1,black
YME1L1,black
YOD1,black
ZAP70,black
ZAR1,black
ZBTB10,black
ZBTB12,black
ZBTB24,black
ZBTB3,black
ZBTB40,black
ZBTB46,black
ZC3H15,black
ZC3H18,black
ZC3HC1,black
ZCCHC14,black
ZCCHC24,black
ZCWPW1,black
ZDHHC14,black
ZDHHC19,black
ZDHHC7,black
ZFAND3,black
ZFAT,black
ZFP36L1,black
ZFP36L2,black
ZFPM1,black
ZFR2,black
ZFYVE28,black
ZHX1,black
ZHX2,black
ZIC4,black
ZKSCAN2,black
ZMAT2,black
ZMIZ1,black
ZNF121,black
ZNF146,black
ZNF155,black
ZNF195,black
ZNF205,black
ZNF227,black
ZNF233,black
ZNF253,black
ZNF264,black
ZNF280D,black
ZNF318,black
ZNF365,black
ZNF394,black
ZNF397OS,black
ZNF442,black
ZNF454,black
ZNF467,black
ZNF469,black
ZNF487,black
ZNF488,black
ZNF502,black
ZNF511,black
ZNF521,black
ZNF529,black
ZNF532,black
ZNF570,black
ZNF572,black
ZNF579,black
ZNF608,black
ZNF609,black
ZNF623,black
ZNF624,black
ZNF629,black
ZNF677,black
ZNF692,black
ZNF695,black
ZNF707,black
ZNF708,black
ZNF727,black
ZNF772,black
ZNF784,black
ZNF785,black
ZNF804A,black
ZNF805,black
ZNF827,black
ZNF837,black
ZNF862,black
ZNF876P,black
ZNRF4,black
ZP2,black
ZPBP,black
ZRANB2,black
ZRANB3,black
ZSCAN1,black
ZSCAN2,black
ZSWIM4,black
A2BP1,blue
A2ML1,blue
AADACL4,blue
AAK1,blue
AASDHPPT,blue
ABCA11P,blue
ABCA3,blue
ABCB1,blue
ABCB5,blue
ABCC4,blue
ABCF1,blue
ABHD5,blue
ABI3BP,blue
ABL1,blue
ABLIM2,blue
ABR,blue
ABTB2,blue
ACAD10,blue
ACADL,blue
ACADS,blue
ACAP2,blue
ACBD5,blue
ACCN5,blue
ACER3,blue
ACIN1,blue
ACO1,blue
ACOXL,blue
ACRV1,blue
ACSF3,blue
ACSL1,blue
ACTG1,blue
ACTR2,blue
ACTR3B,blue
ACTR6,blue
ACVRL1,blue
ADAL,blue
ADAM2,blue
ADAMTS2,blue
ADAMTS9,blue
ADARB2,blue
ADCY3,blue
ADCY9,blue
ADH6,blue
ADORA2B,blue
ADPRHL2,blue
ADRB2,blue
ADSL,blue
AFAP1,blue
AFAP1L2,blue
AGL,blue
AGPAT1,blue
AGPAT4,blue
AGRN,blue
AHCTF1,blue
AHNAK2,blue
AHRR,blue
AIM1,blue
AIM2,blue
AK3L1,blue
AKAP12,blue
AKAP13,blue
AKAP8L,blue
AKD1,blue
AKR1E2,blue
ALDOA,blue
ALG12,blue
ALG5,blue
ALG9,blue
ALKBH4,blue
ALOX12,blue
ALOX12B,blue
ALOX12P2,blue
ALS2CL,blue
AMICA1,blue
AMIGO1,blue
AMPH,blue
AMZ1,blue
ANK1,blue
ANK3,blue
ANKAR,blue
ANKFY1,blue
ANKMY1,blue
ANKRD10,blue
ANKRD11,blue
ANKRD13B,blue
ANKRD24,blue
ANKRD32,blue
ANKRD34A,blue
ANKRD35,blue
ANKRD45,blue
ANKS1A,blue
ANTXR1,blue
ANXA13,blue
ANXA2,blue
AP1M2,blue
AP2S1,blue
APAF1,blue
APBB3,blue
APC,blue
APH1B,blue
APLP1,blue
APLP2,blue
APOA5,blue
APOB,blue
APPL1,blue
ARF1,blue
ARHGAP18,blue
ARHGAP24,blue
ARHGAP26,blue
ARHGEF10,blue
ARHGEF18,blue
ARHGEF7,blue
ARID5B,blue
ARL1,blue
ARL15,blue
ARL4A,blue
ARL6IP6,blue
ARNT,blue
ARNTL2,blue
ARPC5,blue
ARSA,blue
ARTN,blue
ARVCF,blue
ASAP3,blue
ASB10,blue
ASB14,blue
ASB2,blue
ASB4,blue
ASB8,blue
ASCC3,blue
ASPA,blue
ASPSCR1,blue
ASTN2,blue
ASXL1,blue
ASZ1,blue
ATAD2,blue
ATAD5,blue
ATG10,blue
ATG2B,blue
ATG5,blue
ATM,blue
ATMIN,blue
ATP10A,blue
ATP11A,blue
ATP13A1,blue
ATP2A3,blue
ATP2C1,blue
ATP5B,blue
ATP5J,blue
ATP5L,blue
ATP6AP1L,blue
ATP6V0A2,blue
ATP6V1A,blue
ATP6V1B1,blue
ATP6V1E1,blue
ATP8B3,blue
ATPBD4,blue
ATPIF1,blue
ATXN1,blue
AXIN2,blue
AZI2,blue
B2M,blue
B3GALT4,blue
B3GALTL,blue
B3GNTL1,blue
BAGE,blue
BAI3,blue
BANP,blue
BAT2,blue
BAT3,blue
BAT4,blue
BAZ1B,blue
BAZ2B,blue
BBC3,blue
BBS10,blue
BCAT1,blue
BCL11A,blue
BCL11B,blue
BCL2L10,blue
BEND7,blue
BFAR,blue
BHLHE40,blue
BICD1,blue
BLOC1S2,blue
BMI1,blue
BMP10,blue
BMPER,blue
BNIP1,blue
BNIP3,blue
BOC,blue
BOLA3,blue
BRCA1,blue
BRD2,blue
BREA2,blue
BRP44,blue
BRP44L,blue
BTBD11,blue
BTBD9,blue
BTG2,blue
BTN2A1,blue
BTNL8,blue
BTNL9,blue
BTRC,blue
BUB1,blue
BUB3,blue
BZW2,blue
C10ORF114,blue
C10ORF118,blue
C10ORF119,blue
C10ORF120,blue
C10ORF140,blue
C10ORF32,blue
C10ORF79,blue
C10ORF90,blue
C11ORF63,blue
C11ORF65,blue
C11ORF67,blue
C11ORF70,blue
C11ORF84,blue
C11ORF9,blue
C11ORF90,blue
C12ORF23,blue
C12ORF29,blue
C12ORF73,blue
C13ORF18,blue
C13ORF27,blue
C14ORF104,blue
C14ORF182,blue
C14ORF33,blue
C14ORF43,blue
C14ORF64,blue
C15ORF17,blue
C15ORF26,blue
C15ORF27,blue
C15ORF48,blue
C15ORF61,blue
C16ORF68,blue
C16ORF7,blue
C17ORF42,blue
C17ORF47,blue
C17ORF64,blue
C17ORF80,blue
C17ORF90,blue
C19ORF12,blue
C19ORF44,blue
C19ORF53,blue
C19ORF61,blue
C1ORF156,blue
C1ORF173,blue
C1ORF187,blue
C1ORF190,blue
C1ORF203,blue
C1ORF220,blue
C1ORF223,blue
C1ORF25,blue
C1ORF74,blue
C1ORF85,blue
C1QL2,blue
C1S,blue
C20ORF103,blue
C20ORF166,blue
C20ORF196,blue
C20ORF199,blue
C22ORF26,blue
C22ORF28,blue
C2ORF42,blue
C2ORF54,blue
C2ORF56,blue
C2ORF60,blue
C2ORF73,blue
C2ORF86,blue
C2ORF89,blue
C3ORF17,blue
C3ORF21,blue
C3ORF24,blue
C3ORF38,blue
C3ORF39,blue
C3ORF59,blue
C3ORF64,blue
C3ORF71,blue
C3ORF72,blue
C4ORF31,blue
C4ORF34,blue
C4ORF48,blue
C5ORF13,blue
C5ORF36,blue
C5ORF38,blue
C5ORF41,blue
C5ORF42,blue
C5ORF43,blue
C5ORF47,blue
C5ORF58,blue
C6ORF103,blue
C6ORF105,blue
C6ORF134,blue
C6ORF138,blue
C6ORF155,blue
C6ORF176,blue
C6ORF182,blue
C6ORF192,blue
C6ORF57,blue
C6ORF89,blue
C7ORF27,blue
C7ORF40,blue
C7ORF47,blue
C7ORF49,blue
C7ORF50,blue
C7ORF51,blue
C7ORF57,blue
C8ORF34,blue
C8ORF37,blue
C8ORF45,blue
C8ORF48,blue
C9ORF130,blue
C9ORF167,blue
C9ORF170,blue
C9ORF171,blue
CA4,blue
CACHD1,blue
CACNA1H,blue
CACNB4,blue
CALM2,blue
CALML5,blue
CALML6,blue
CAMK2B,blue
CAMTA1,blue
CAP1,blue
CAPN10,blue
CAPN3,blue
CAPN5,blue
CAPS2,blue
CAPZA1,blue
CARHSP1,blue
CARS2,blue
CASC4,blue
CASP10,blue
CASR,blue
CASZ1,blue
CAT,blue
CATSPER1,blue
CAV2,blue
CBARA1,blue
CBFA2T2,blue
CBFA2T3,blue
CBFB,blue
CC2D1B,blue
CCDC109A,blue
CCDC113,blue
CCDC127,blue
CCDC13,blue
CCDC132,blue
CCDC135,blue
CCDC14,blue
CCDC142,blue
CCDC159,blue
CCDC40,blue
CCDC46,blue
CCDC52,blue
CCDC59,blue
CCDC61,blue
CCDC7,blue
CCDC76,blue
CCDC88B,blue
CCDC92,blue
CCDC93,blue
CCDC94,blue
CCL28,blue
CCND2,blue
CCPG1,blue
CCR2,blue
CCT7,blue
CD109,blue
CD2,blue
CD2BP2,blue
CD59,blue
CD63,blue
CD82,blue
CDADC1,blue
CDC123,blue
CDC25B,blue
CDC42,blue
CDC42BPB,blue
CDC42EP2,blue
CDC42EP3,blue
CDC42SE2,blue
CDH1,blue
CDH24,blue
CDK1,blue
CDK6,blue
CDK8,blue
CDKN1C,blue
CEACAM16,blue
CELP,blue
CELSR1,blue
CEP135,blue
CEP170,blue
CEP192,blue
CEP250,blue
CEP63,blue
CEP72,blue
CEP97,blue
CERK,blue
CETN3,blue
CFLAR,blue
CHCHD6,blue
CHD2,blue
CHD5,blue
CHRM2,blue
CHRNA6,blue
CHRNB2,blue
CHST4,blue
CHUK,blue
CIC,blue
CILP2,blue
CIRBP,blue
CKAP2,blue
CKAP4,blue
CKB,blue
CLASP1,blue
CLIC4,blue
CLIC6,blue
CLN6,blue
CLN8,blue
CLSPN,blue
CLTC,blue
CLU,blue
CNOT8,blue
CNPY1,blue
CNST,blue
CNTD2,blue
CNTF,blue
CNTFR,blue
COL13A1,blue
COL18A1,blue
COL23A1,blue
COL24A1,blue
COL27A1,blue
COL4A2,blue
COL9A1,blue
COLEC11,blue
COMMD7,blue
COMMD9,blue
COPB1,blue
COPS3,blue
COPS7A,blue
COQ10A,blue
COQ5,blue
CORO1C,blue
COX11,blue
COX15,blue
COX7A2L,blue
CPA3,blue
CPA6,blue
CPEB3,blue
CPEB4,blue
CPLX2,blue
CPN1,blue
CPNE7,blue
CPT1C,blue
CPXM1,blue
CR1L,blue
CRB3,blue
CREB5,blue
CREBZF,blue
CREG1,blue
CRELD1,blue
CRHR1,blue
CRNN,blue
CRTAP,blue
CRTC1,blue
CRYBA1,blue
CRYBA2,blue
CSDE1,blue
CSF1R,blue
CSGALNACT1,blue
CSGALNACT2,blue
CSK,blue
CSMD1,blue
CSMD3,blue
CSNK1A1,blue
CSNK1E,blue
CSNK1G3,blue
CSNK2A1,blue
CTBP1,blue
CTNNA3,blue
CTSZ,blue
CTTN,blue
CTU1,blue
CUBN,blue
CUL1,blue
CUL2,blue
CUL4A,blue
CUX1,blue
CXXC5,blue
CYB5R3,blue
CYFIP1,blue
CYFIP2,blue
CYP2A7,blue
CYP2E1,blue
CYP2J2,blue
CYP51A1,blue
DAAM1,blue
DAB2IP,blue
DAXX,blue
DCAF4,blue
DCAF5,blue
DCAKD,blue
DCBLD2,blue
DCLRE1B,blue
DCLRE1C,blue
DCP1A,blue
DCUN1D4,blue
DDAH2,blue
DDIT4,blue
DDRGK1,blue
DDX18,blue
DDX20,blue
DEGS1,blue
DERA,blue
DFNB31,blue
DHX16,blue
DHX57,blue
DIABLO,blue
DIP2A,blue
DIP2C,blue
DLG1,blue
DLG2,blue
DLGAP1,blue
DLGAP2,blue
DLST,blue
DMRT2,blue
DMRTB1,blue
DNAH17,blue
DNAH7,blue
DNAJA4,blue
DNAJB6,blue
DNAJC17,blue
DNAJC24,blue
DNAJC30,blue
DNAJC4,blue
DNASE2,blue
DND1,blue
DNER,blue
DNM1L,blue
DNM3,blue
DNMT3B,blue
DNTTIP2,blue
DOCK5,blue
DOT1L,blue
DPEP1,blue
DPYSL2,blue
DSC3,blue
DSCR3,blue
DSPP,blue
DUOX1,blue
DUSP1,blue
DUSP15,blue
DUSP4,blue
DUT,blue
DYNC1LI1,blue
DYNLRB1,blue
DYTN,blue
DZIP1,blue
DZIP3,blue
E2F1,blue
E2F5,blue
EAPP,blue
ECH1,blue
ECHDC3,blue
EEA1,blue
EED,blue
EEPD1,blue
EFCAB4B,blue
EFCAB6,blue
EFNA3,blue
EGR3,blue
EGR4,blue
EHBP1,blue
EHMT1,blue
EHMT2,blue
EIF1B,blue
EIF2AK1,blue
EIF2AK4,blue
EIF4A2,blue
ELAVL1,blue
ELFN1,blue
ELK4,blue
ELTD1,blue
EMB,blue
EMID2,blue
EML1,blue
EN2,blue
ENOPH1,blue
ENPP5,blue
ENY2,blue
EPAS1,blue
EPS15L1,blue
ERAL1,blue
ERBB2IP,blue
ERC2,blue
ERCC1,blue
ERCC5,blue
ERICH1,blue
ERP44,blue
ESCO1,blue
ESD,blue
ESR1,blue
ESRRB,blue
ESRRG,blue
ETNK2,blue
ETV7,blue
EVX1,blue
EXD3,blue
EXOC1,blue
EXOC2,blue
EXOC4,blue
EXOSC5,blue
EXOSC8,blue
EXT1,blue
EYA4,blue
EZR,blue
F2RL1,blue
FABP1,blue
FADD,blue
FAF1,blue
FAM105B,blue
FAM107B,blue
FAM108A1,blue
FAM10A4,blue
FAM120B,blue
FAM126A,blue
FAM129B,blue
FAM134B,blue
FAM13A,blue
FAM149A,blue
FAM150B,blue
FAM177A1,blue
FAM180A,blue
FAM183A,blue
FAM189A1,blue
FAM19A5,blue
FAM36A,blue
FAM53C,blue
FAM54B,blue
FAM5C,blue
FAM60A,blue
FAM69C,blue
FAM82A2,blue
FAM83A,blue
FAM83E,blue
FAM92A3,blue
FANCA,blue
FANCF,blue
FANCL,blue
FARS2,blue
FASTKD1,blue
FASTKD2,blue
FAT1,blue
FBF1,blue
FBN1,blue
FBN2,blue
FBXL18,blue
FBXO16,blue
FBXO28,blue
FBXO3,blue
FBXO30,blue
FBXO31,blue
FBXO33,blue
FBXO4,blue
FBXO47,blue
FBXO7,blue
FBXO9,blue
FBXW5,blue
FCGR2A,blue
FCHO2,blue
FDPS,blue
FEZ1,blue
FEZ2,blue
FGD6,blue
FGF12,blue
FGF23,blue
FGF9,blue
FIBIN,blue
FIGN,blue
FJX1,blue
FKBP15,blue
FKBP3,blue
FKBPL,blue
FKSG83,blue
FLCN,blue
FLI1,blue
FLJ22536,blue
FLJ32065,blue
FLJ39582,blue
FLJ44606,blue
FLJ45983,blue
FLJ90757,blue
FLOT1,blue
FLT3LG,blue
FLT4,blue
FMN2,blue
FMO5,blue
FN1,blue
FNBP1,blue
FOSB,blue
FOXF1,blue
FOXK1,blue
FOXN3,blue
FOXP1,blue
FPR2,blue
FRAS1,blue
FRAT2,blue
FRMD4A,blue
FRMD5,blue
FRMD8,blue
FRS3,blue
FRYL,blue
FSCN1,blue
FSD1L,blue
FSIP1,blue
FTO,blue
FTSJD1,blue
FUCA2,blue
FUT6,blue
FUZ,blue
FYN,blue
FZD6,blue
G2E3,blue
G6PC,blue
GAA,blue
GABBR1,blue
GABBR2,blue
GABPB2,blue
GABRA1,blue
GABRP,blue
GABRR3,blue
GAL,blue
GAL3ST1,blue
GAL3ST2,blue
GALC,blue
GALK2,blue
GALNS,blue
GALNTL2,blue
GALR1,blue
GAP43,blue
GAPDHS,blue
GARS,blue
GAS7,blue
GCA,blue
GCNT2,blue
GDAP1,blue
GDF7,blue
GEMIN4,blue
GEMIN6,blue
GFER,blue
GFI1,blue
GFOD2,blue
GFPT2,blue
GGA1,blue
GGA3,blue
GIGYF2,blue
GK5,blue
GLB1,blue
GLIS1,blue
GLT1D1,blue
GMEB2,blue
GNA12,blue
GNA14,blue
GNAI1,blue
GNAI3,blue
GNAO1,blue
GNAS,blue
GNAT1,blue
GNB1,blue
GNB2L1,blue
GNB3,blue
GNL3,blue
GNPAT,blue
GON4L,blue
GOPC,blue
GP6,blue
GPC6,blue
GPD1,blue
GPHN,blue
GPR111,blue
GPR113,blue
GPR116,blue
GPR137B,blue
GPR153,blue
GPR157,blue
GPR160,blue
GPR172A,blue
GPR177,blue
GPR68,blue
GPRC5A,blue
GPRC5C,blue
GPSM1,blue
GPX4,blue
GPX5,blue
GRAMD1A,blue
GRAMD2,blue
GRASP,blue
GRB10,blue
GREB1,blue
GREM2,blue
GRHL3,blue
GRIA1,blue
GRIA4,blue
GRID2,blue
GRIN2A,blue
GRIP1,blue
GRM1,blue
GRPEL1,blue
GRTP1,blue
GSN,blue
GTDC1,blue
GTF2A1,blue
GTF3C6,blue
GTPBP4,blue
GTPBP5,blue
GUF1,blue
GULP1,blue
H2AFJ,blue
H3F3B,blue
HAND1,blue
HAO2,blue
HAUS3,blue
HBS1L,blue
HCCA2,blue
HCG27,blue
HCP5,blue
HCRTR1,blue
HDAC10,blue
HDAC4,blue
HDGF,blue
HERC2,blue
HES5,blue
HFE,blue
HHIPL1,blue
HIPK3,blue
HIST1H1C,blue
HIST1H1D,blue
HIST1H2AC,blue
HIST1H2AE,blue
HIST1H2BD,blue
HIST1H2BN,blue
HIST1H3B,blue
HIST1H3D,blue
HIST1H4A,blue
HIST3H2BB,blue
HIST4H4,blue
HIVEP2,blue
HK1,blue
HKDC1,blue
HLA-DMA,blue
HLA-DOA,blue
HLA-DPB2,blue
HLA-E,blue
HLA-J,blue
HMBOX1,blue
HMBS,blue
HMCN1,blue
HMGB1,blue
HMGCL,blue
HMGN4,blue
HMGXB4,blue
HMMR,blue
HMOX2,blue
HMX2,blue
HNF1A,blue
HNRNPA1,blue
HNRNPH1,blue
HOXA2,blue
HOXA3,blue
HOXC12,blue
HOXC8,blue
HP1BP3,blue
HPCA,blue
HPCAL4,blue
HPN,blue
HPS6,blue
HRH3,blue
HRNBP3,blue
HSD11B1L,blue
HSD17B4,blue
HSD3B7,blue
HSDL2,blue
HSPA1A,blue
HSPA1B,blue
HSPB9,blue
HSPC159,blue
HTR1A,blue
HTR3B,blue
HTRA1,blue
HYDIN,blue
ICAM5,blue
ID4,blue
IER3,blue
IFIT2,blue
IFNGR2,blue
IFT140,blue
IGF2BP1,blue
IGF2R,blue
IGFBP5,blue
IGFBPL1,blue
IGSF3,blue
IGSF9B,blue
IL15RA,blue
IL17F,blue
IL17RB,blue
IL1F5,blue
IL21R,blue
IL5,blue
IL5RA,blue
ILDR1,blue
ILF3,blue
ILVBL,blue
IMPA2,blue
INHA,blue
INHBC,blue
INPP4B,blue
INPP5A,blue
INSL3,blue
IPP,blue
IQCA1,blue
IQCC,blue
IQCE,blue
IQCG,blue
IQCH,blue
IQSEC1,blue
IRF2,blue
IRS1,blue
ISCU,blue
ISM1,blue
ISM2,blue
ITGB1,blue
ITGB1BP1,blue
ITGB3BP,blue
ITGB5,blue
ITGB7,blue
ITPR2,blue
ITSN2,blue
JAGN1,blue
JAKMIP1,blue
JAKMIP3,blue
JMJD1C,blue
JPH3,blue
JTB,blue
KAT2A,blue
KAT2B,blue
KAT5,blue
KATNAL2,blue
KBTBD11,blue
KBTBD3,blue
KCNA1,blue
KCNAB1,blue
KCNAB3,blue
KCNC1,blue
KCNG2,blue
KCNH3,blue
KCNIP2,blue
KCNIP4,blue
KCNJ1,blue
KCNJ2,blue
KCNK13,blue
KCNK17,blue
KCNK4,blue
KCNMB4,blue
KCNN1,blue
KCNQ1,blue
KCNQ1DN,blue
KCNQ2,blue
KDELR1,blue
KDM2B,blue
KDM4A,blue
KDM4B,blue
KHDRBS3,blue
KHSRP,blue
KIAA0090,blue
KIAA0146,blue
KIAA0174,blue
KIAA0182,blue
KIAA0319L,blue
KIAA0562,blue
KIAA0586,blue
KIAA0649,blue
KIAA0907,blue
KIAA1026,blue
KIAA1211,blue
KIAA1244,blue
KIAA1279,blue
KIAA1324,blue
KIAA1524,blue
KIAA1530,blue
KIAA1549,blue
KIAA1712,blue
KIAA1731,blue
KIF13A,blue
KIF14,blue
KIF18A,blue
KIF20B,blue
KIF26B,blue
KIF27,blue
KIF3A,blue
KIF6,blue
KIF7,blue
KIRREL,blue
KLF12,blue
KLF15,blue
KLF7,blue
KLHDC7A,blue
KLHDC9,blue
KLHL12,blue
KLHL25,blue
KLHL7,blue
KLK1,blue
KLK10,blue
KLK15,blue
KNDC1,blue
KRAS,blue
KRI1,blue
KRT2,blue
KRT222,blue
KRT86,blue
KRTAP26-1,blue
KRTAP9-2,blue
KSR2,blue
LAMA2,blue
LAMB1,blue
LAMB4,blue
LAMP1,blue
LASS6,blue
LATS1,blue
LAYN,blue
LDLRAD1,blue
LEMD3,blue
LEO1,blue
LEPREL1,blue
LGALS3,blue
LGALS8,blue
LGI4,blue
LHFP,blue
LHX6,blue
LHX8,blue
LIX1,blue
LMAN2,blue
LMBR1,blue
LMBR1L,blue
LMF1,blue
LMNB1,blue
LMO2,blue
LMTK2,blue
LMTK3,blue
LMX1A,blue
LNP1,blue
LOC100124692,blue
LOC100129034,blue
LOC100129066,blue
LOC100130872-SPON2,blue
LOC100292680,blue
LOC100302652,blue
LOC149620,blue
LOC154822,blue
LOC219347,blue
LOC222699,blue
LOC254312,blue
LOC254559,blue
LOC285419,blue
LOC285456,blue
LOC285830,blue
LOC286016,blue
LOC344595,blue
LOC389458,blue
LOC389705,blue
LOC390594,blue
LOC401010,blue
LOC404266,blue
LOC441204,blue
LOC550112,blue
LOC729678,blue
LOC729991,blue
LOC93622,blue
LOX,blue
LOXL4,blue
LPCAT1,blue
LPGAT1,blue
LPHN3,blue
LRCH1,blue
LRP1B,blue
LRP2BP,blue
LRP5L,blue
LRPPRC,blue
LRRC28,blue
LRRC37B2,blue
LRRC39,blue
LRRC50,blue
LRRC58,blue
LRRC8A,blue
LRRC8D,blue
LRRFIP2,blue
LSG1,blue
LSM1,blue
LSM12,blue
LSM3,blue
LSP1,blue
LUC7L2,blue
LY6G5C,blue
LYAR,blue
LYPLAL1,blue
LYRM4,blue
LYSMD3,blue
MACC1,blue
MACF1,blue
MACROD2,blue
MAD1L1,blue
MAD2L2,blue
MAEA,blue
MAF,blue
MAGI1,blue
MAGI2,blue
MALAT1,blue
MAML3,blue
MAN2C1,blue
MAP1LC3A,blue
MAP2K2,blue
MAP3K7IP2,blue
MAP4K4,blue
MAP9,blue
MAPK10,blue
MAPK4,blue
MAPK8IP3,blue
MAPKAPK3,blue
MAPRE3,blue
MAPT,blue
MARCH3,blue
MARK1,blue
MAST4,blue
MASTL,blue
MAT2A,blue
MATK,blue
MATN3,blue
MBD1,blue
MBD2,blue
MBLAC2,blue
MBNL1,blue
MBP,blue
MBTPS1,blue
MCC,blue
MCEE,blue
MCF2L,blue
MCF2L2,blue
MCM9,blue
MCOLN1,blue
MCTP1,blue
MDFI,blue
MDM2,blue
MDN1,blue
MECOM,blue
MED12L,blue
MED13,blue
MED16,blue
MED27,blue
MED30,blue
MEF2C,blue
MEGF6,blue
MEMO1,blue
MEN1,blue
MEP1A,blue
MERTK,blue
MEST,blue
METAP2,blue
METTL10,blue
MFAP3,blue
MFGE8,blue
MFSD4,blue
MGMT,blue
MGRN1,blue
MGST2,blue
MGST3,blue
MIAT,blue
MICAL1,blue
MIER3,blue
MIR124-2,blue
MIR1278,blue
MIR1289-2,blue
MIR129-2,blue
MIR1915,blue
MIR33A,blue
MIR372,blue
MIR412,blue
MIR496,blue
MIR516B1,blue
MIR520G,blue
MIR548H4,blue
MIR548I4,blue
MIR548N,blue
MIR591,blue
MIR602,blue
MIR663,blue
MIR7-3,blue
MITF,blue
MMAA,blue
MMADHC,blue
MMP12,blue
MMP21,blue
MMP24,blue
MMP25,blue
MNS1,blue
MOCS1,blue
MOCS2,blue
MORF4L1,blue
MOV10L1,blue
MPDU1,blue
MPP6,blue
MPPE1,blue
MPV17,blue
MPZL3,blue
MRE11A,blue
MRGPRG,blue
MRI1,blue
MRPL1,blue
MRPL28,blue
MRPL3,blue
MRPL32,blue
MRPL35,blue
MRPL4,blue
MRPL46,blue
MRPL47,blue
MRPL48,blue
MRPS18B,blue
MRPS31,blue
MRPS35,blue
MRPS9,blue
MSI2,blue
MTA1,blue
MTF2,blue
MTFR1,blue
MTG1,blue
MTIF3,blue
MTMR12,blue
MTMR3,blue
MTRF1L,blue
MVP,blue
MXI1,blue
MYADM,blue
MYBL1,blue
MYEOV2,blue
MYH2,blue
MYL12B,blue
MYL6,blue
MYO10,blue
MYO1B,blue
MYO1E,blue
MYO3B,blue
MYO5C,blue
MYO7A,blue
MYO9B,blue
MYOCD,blue
MYOF,blue
MYOM2,blue
MYSM1,blue
MYST4,blue
MYT1L,blue
MZF1,blue
N4BP2L1,blue
N6AMT1,blue
N6AMT2,blue
NAA15,blue
NAA38,blue
NAB1,blue
NAGLU,blue
NANP,blue
NAP1L4,blue
NAPEPLD,blue
NAPRT1,blue
NARF,blue
NARG2,blue
NASP,blue
NAT1,blue
NAT10,blue
NAV1,blue
NBLA00301,blue
NCAN,blue
NCAPG2,blue
NCDN,blue
NCK2,blue
NCKAP1,blue
NCKAP5,blue
NCOA2,blue
NCOR2,blue
NCRNA00029,blue
NCRNA00120,blue
NCRNA00202,blue
NDUFA12,blue
NDUFAF1,blue
NDUFAF4,blue
NDUFB10,blue
NDUFS5,blue
NDUFS6,blue
NDUFS8,blue
NEB,blue
NEBL,blue
NECAB3,blue
NEDD1,blue
NEK1,blue
NEK3,blue
NEU1,blue
NEU2,blue
NFASC,blue
NFATC1,blue
NFIA,blue
NFKBIA,blue
NFKBIZ,blue
NFYA,blue
NFYC,blue
NHEDC2,blue
NIPAL1,blue
NKAIN3,blue
NKX2-1,blue
NKX6-1,blue
NLGN1,blue
NLRP14,blue
NME2,blue
NMUR1,blue
NNT,blue
NOD2,blue
NOLC1,blue
NOS1AP,blue
NOTCH3,blue
NOTUM,blue
NPAS3,blue
NPR1,blue
NPTX2,blue
NQO1,blue
NR1I2,blue
NR2F1,blue
NR3C2,blue
NR4A3,blue
NRIP1,blue
NRXN1,blue
NRXN2,blue
NRXN3,blue
NSL1,blue
NSUN2,blue
NT5DC2,blue
NTN4,blue
NTNG1,blue
NUCKS1,blue
NUDC,blue
NUDT7,blue
NUF2,blue
NUP153,blue
NUP188,blue
NUPL2,blue
NVL,blue
NXN,blue
NXPH1,blue
OBFC2B,blue
OBSCN,blue
OCA2,blue
OCLN,blue
ODZ4,blue
OGDH,blue
OGDHL,blue
OLIG1,blue
OPA3,blue
OPCML,blue
OR10H1,blue
OR12D3,blue
OR1C1,blue
OR1J1,blue
OR2B3,blue
OR5C1,blue
OR6K2,blue
OR6K6,blue
OR8G2,blue
OR8S1,blue
OS9,blue
OSBP2,blue
OSBPL10,blue
OSBPL9,blue
OSGIN1,blue
OSMR,blue
OVCA2,blue
OVCH1,blue
OVOL1,blue
OXA1L,blue
OXR1,blue
P2RX5,blue
P4HA2,blue
PACRG,blue
PAFAH1B2,blue
PAFAH1B3,blue
PAK6,blue
PAK7,blue
PALM,blue
PAPPA,blue
PAPSS1,blue
PARK2,blue
PARM1,blue
PAX1,blue
PAX5,blue
PAX7,blue
PBK,blue
PBX1,blue
PBX3,blue
PCDHA7,blue
PCDHB10,blue
PCDHB11,blue
PCDHB12,blue
PCDHB14,blue
PCDHB15,blue
PCDHB16,blue
PCDHB17,blue
PCDHB18,blue
PCDHB5,blue
PCDHB7,blue
PCDHB8,blue
PCDHB9,blue
PCDHGA1,blue
PCDHGA2,blue
PCDHGA4,blue
PCDHGB1,blue
PCGEM1,blue
PCM1,blue
PCMTD2,blue
PCNA,blue
PCNT,blue
PCNXL2,blue
PCSK6,blue
PCSK9,blue
PDE3A,blue
PDE4D,blue
PDE5A,blue
PDE7A,blue
PDIK1L,blue
PDK4,blue
PDLIM2,blue
PDP1,blue
PDS5A,blue
PDX1,blue
PDXK,blue
PDZK1,blue
PDZRN4,blue
PELI2,blue
PEMT,blue
PES1,blue
PEX1,blue
PEX10,blue
PEX3,blue
PFDN5,blue
PFKFB4,blue
PFKP,blue
PFN1,blue
PGAM1,blue
PGAM5,blue
PGBD4,blue
PGK2,blue
PGLS,blue
PGLYRP3,blue
PGP,blue
PGR,blue
PHACTR4,blue
PHB,blue
PHF14,blue
PHF3,blue
PHGDH,blue
PHLDA2,blue
PHLDA3,blue
PHOX2A,blue
PIH1D1,blue
PIK3CA,blue
PIK3IP1,blue
PIK3R3,blue
PIP4K2A,blue
PIP4K2B,blue
PIP4K2C,blue
PIWIL1,blue
PIWIL2,blue
PKHD1,blue
PKM2,blue
PKN2,blue
PKNOX2,blue
PKP1,blue
PLA2G2C,blue
PLA2G7,blue
PLAC1L,blue
PLAC8,blue
PLAT,blue
PLCB3,blue
PLCB4,blue
PLCD4,blue
PLCG1,blue
PLD3,blue
PLD6,blue
PLEKHA5,blue
PLEKHG4B,blue
PLEKHH2,blue
PLEKHM2,blue
PLEKHO1,blue
PLK4,blue
PLOD1,blue
PLS1,blue
PLXDC2,blue
PLXNB2,blue
PLXNC1,blue
PMEPA1,blue
PML,blue
PMM2,blue
PMVK,blue
PNKD,blue
PNMAL1,blue
PNPLA6,blue
PNPLA7,blue
PNRC1,blue
PODN,blue
POLR1C,blue
POLR1E,blue
POLR2F,blue
POLR2K,blue
POLS,blue
POMC,blue
POMT2,blue
PON2,blue
POU1F1,blue
POU6F2,blue
PPAN-P2RY11,blue
PPFIA4,blue
PPIF,blue
PPIG,blue
PPIH,blue
PPP1CC,blue
PPP1R11,blue
PPP1R14B,blue
PPP1R15A,blue
PPP1R2P1,blue
PPP1R3B,blue
PPP2R2D,blue
PPP2R5E,blue
PPP3CA,blue
PPP3CB,blue
PPP4R2,blue
PPPDE1,blue
PPT2,blue
PPWD1,blue
PRAGMIN,blue
PRC1,blue
PRDM10,blue
PRDM13,blue
PRDM15,blue
PRDX1,blue
PREPL,blue
PRIC285,blue
PRIMA1,blue
PRKACA,blue
PRKAG2,blue
PRKAR1B,blue
PRKCD,blue
PRKCE,blue
PRKCH,blue
PRKCZ,blue
PRL,blue
PRO0628,blue
PROCR,blue
PROK2,blue
PROKR2,blue
PRPF39,blue
PRR16,blue
PRR23C,blue
PRR24,blue
PRR3,blue
PRR4,blue
PRSS35,blue
PRX,blue
PSEN1,blue
PSKH2,blue
PSMA3,blue
PSMB5,blue
PSMC4,blue
PSMD5,blue
PSME4,blue
PSTPIP2,blue
PTBP2,blue
PTCD2,blue
PTGR1,blue
PTK2B,blue
PTP4A3,blue
PTPRC,blue
PTPRF,blue
PTPRG,blue
PTPRN2,blue
PTPRR,blue
PTPRS,blue
PTS,blue
PURG,blue
PUS7L,blue
PVT1,blue
PXDN,blue
PYROXD1,blue
PYY,blue
QKI,blue
R3HDM1,blue
RAB12,blue
RAB2A,blue
RAB40C,blue
RAB42,blue
RAB5B,blue
RABGGTA,blue
RAD21L1,blue
RAD51L1,blue
RAD54L,blue
RAET1L,blue
RAG1,blue
RAG1AP1,blue
RALGPS1,blue
RANBP17,blue
RAP2B,blue
RAPGEF2,blue
RAPGEF6,blue
RARB,blue
RASA3,blue
RASGEF1B,blue
RASGRP4,blue
RASIP1,blue
RASSF8,blue
RB1,blue
RBBP6,blue
RBM14,blue
RBM15,blue
RBM23,blue
RBM47,blue
RBMXL2,blue
RBPJL,blue
RCBTB1,blue
RCE1,blue
RCN2,blue
RDM1,blue
REG4,blue
RELN,blue
RERE,blue
REV3L,blue
RFC5,blue
RFPL4B,blue
RG9MTD1,blue
RGL2,blue
RHBDF2,blue
RHEB,blue
RHOB,blue
RHOBTB1,blue
RHOG,blue
RHOU,blue
RIC3,blue
RIC8A,blue
RICTOR,blue
RILP,blue
RILPL2,blue
RIMS1,blue
RIN3,blue
RIPK2,blue
RNF121,blue
RNF135,blue
RNF138,blue
RNF139,blue
RNF149,blue
RNF157,blue
RNF186,blue
RNF216,blue
RNF24,blue
RNF34,blue
RNF39,blue
RNF43,blue
RNF5P1,blue
RNF6,blue
RNPC3,blue
ROBO2,blue
ROCK1,blue
RORA,blue
RPH3A,blue
RPH3AL,blue
RPL13,blue
RPL21,blue
RPL22L1,blue
RPL26L1,blue
RPL28,blue
RPL36AL,blue
RPL37A,blue
RPL39L,blue
RPP30,blue
RPS27L,blue
RPS6KA2,blue
RPS6KA4,blue
RPS6KA5,blue
RPS6KC1,blue
RPTOR,blue
RPUSD3,blue
RSAD2,blue
RSPH4A,blue
RSPO2,blue
RTBDN,blue
RTCD1,blue
RTDR1,blue
RTKN2,blue
RTN4IP1,blue
RUNDC3B,blue
RUNX1,blue
S100A11,blue
S100A6,blue
S1PR1,blue
SAA2,blue
SACS,blue
SALL3,blue
SAMD1,blue
SAPS3,blue
SART3,blue
SASH1,blue
SC4MOL,blue
SCAND1,blue
SCAND3,blue
SCAP,blue
SCARNA2,blue
SCFD1,blue
SCML4,blue
SCN10A,blue
SCN1B,blue
SCN5A,blue
SCN9A,blue
SCNN1B,blue
SDCBP,blue
SDCCAG1,blue
SDCCAG10,blue
SDCCAG8,blue
SDF4,blue
SDK1,blue
SDK2,blue
SEC24A,blue
SEC24B,blue
SEC24C,blue
SECTM1,blue
SEMA3A,blue
SEMA3C,blue
SEMA3E,blue
SEMA3F,blue
SEMA5B,blue
SEMA6A,blue
SENP8,blue
SEPHS2,blue
SEPT9,blue
SEPX1,blue
SERINC3,blue
SERPINB8,blue
SERPINF1,blue
SESN3,blue
SETD1B,blue
SETD2,blue
SETD6,blue
SETD7,blue
SF3A1,blue
SFPQ,blue
SFRS13A,blue
SFRS13B,blue
SFRS2B,blue
SFT2D2,blue
SFXN5,blue
SGCZ,blue
SGMS1,blue
SGOL1,blue
SGOL2,blue
SGPP2,blue
SH2B2,blue
SH3D19,blue
SH3GLB1,blue
SH3RF3,blue
SHANK3,blue
SHF,blue
SHH,blue
SHOC2,blue
SHOX2,blue
SIAH2,blue
SIK2,blue
SIM2,blue
SIPA1L1,blue
SIRT1,blue
SIRT3,blue
SIRT7,blue
SIVA1,blue
SIX2,blue
SIX6,blue
SKAP2,blue
SKI,blue
SLC12A5,blue
SLC12A7,blue
SLC13A5,blue
SLC15A4,blue
SLC16A10,blue
SLC16A3,blue
SLC17A5,blue
SLC1A1,blue
SLC22A3,blue
SLC24A4,blue
SLC24A5,blue
SLC25A17,blue
SLC25A24,blue
SLC25A37,blue
SLC25A44,blue
SLC26A7,blue
SLC26A9,blue
SLC27A2,blue
SLC29A4,blue
SLC30A7,blue
SLC35A1,blue
SLC35B4,blue
SLC35D1,blue
SLC35F2,blue
SLC35F5,blue
SLC36A4,blue
SLC38A11,blue
SLC39A13,blue
SLC41A2,blue
SLC43A1,blue
SLC4A2,blue
SLC6A18,blue
SLC6A5,blue
SLC7A2,blue
SLC8A1,blue
SLC8A3,blue
SLC9A3R1,blue
SLC9A5,blue
SLIT3,blue
SLITRK3,blue
SMARCAD1,blue
SMARCC1,blue
SMG6,blue
SMG7,blue
SMOC2,blue
SMPD1,blue
SMPDL3A,blue
SMTNL2,blue
SNAP91,blue
SNCAIP,blue
SND1,blue
SNED1,blue
SNHG11,blue
SNHG8,blue
SNORA14B,blue
SNORA6,blue
SNORA76,blue
SNORA9,blue
SNORD114-31,blue
SNORD114-7,blue
SNORD2,blue
SNORD27,blue
SNORD55,blue
SNRNP27,blue
SNRNP48,blue
SNTG2,blue
SNW1,blue
SNX1,blue
SNX19,blue
SNX24,blue
SNX27,blue
SNX7,blue
SNX8,blue
SOLH,blue
SORCS1,blue
SORCS2,blue
SORCS3,blue
SOX2OT,blue
SOX4,blue
SOX6,blue
SP2,blue
SPAG6,blue
SPATA17,blue
SPEG,blue
SPEN,blue
SPG7,blue
SPI1,blue
SPINK8,blue
SPOCK2,blue
SPR,blue
SPRY2,blue
SPSB1,blue
SPSB4,blue
SPTBN2,blue
SPTBN4,blue
SQRDL,blue
SQSTM1,blue
SR140,blue
SREBF2,blue
SRRT,blue
SSBP2,blue
SSTR2,blue
ST3GAL4,blue
ST6GAL1,blue
STAMBPL1,blue
STARD13,blue
STARD4,blue
STARD9,blue
STAT5B,blue
STAU1,blue
STH,blue
STIL,blue
STK3,blue
STK33,blue
STK35,blue
STK38,blue
STK39,blue
STMN3,blue
STOX2,blue
STX11,blue
STX4,blue
STYK1,blue
SUCLA2,blue
SUMO1,blue
SUPT3H,blue
SUPT4H1,blue
SVIL,blue
SYF2,blue
SYNGAP1,blue
SYNGR3,blue
SYNJ2,blue
SYNM,blue
SYNRG,blue
SYT5,blue
SYT6,blue
SYTL1,blue
TAC1,blue
TAF2,blue
TAF4,blue
TAL1,blue
TAP2,blue
TAPBP,blue
TARBP2,blue
TAS2R20,blue
TATDN2,blue
TBC1D12,blue
TBC1D14,blue
TBC1D16,blue
TBC1D22A,blue
TBC1D23,blue
TBC1D8,blue
TBCD,blue
TBCEL,blue
TBX18,blue
TBX2,blue
TCEB3B,blue
TCEB3C,blue
TCERG1,blue
TCF25,blue
TCF7L2,blue
TDRD5,blue
TDRD6,blue
TEF,blue
TEKT1,blue
TEKT3,blue
TEKT4,blue
TEPP,blue
TEX15,blue
TEX2,blue
TEX264,blue
TFAP2A,blue
TFAP2D,blue
TFDP1,blue
TFG,blue
TGFBR3,blue
THAP3,blue
THAP4,blue
THAP5,blue
THSD7A,blue
THSD7B,blue
THY1,blue
TIFAB,blue
TIGD7,blue
TIMELESS,blue
TIMM10,blue
TIPARP,blue
TIPIN,blue
TJP1,blue
TLE2,blue
TLE4,blue
TLK1,blue
TLL1,blue
TLL2,blue
TLN2,blue
TLX1,blue
TLX1NB,blue
TM4SF1,blue
TM6SF2,blue
TM9SF3,blue
TMBIM1,blue
TMCO3,blue
TMED5,blue
TMEM104,blue
TMEM108,blue
TMEM126B,blue
TMEM132C,blue
TMEM132D,blue
TMEM136,blue
TMEM145,blue
TMEM14C,blue
TMEM161B,blue
TMEM176B,blue
TMEM183A,blue
TMEM184B,blue
TMEM186,blue
TMEM192,blue
TMEM200B,blue
TMEM209,blue
TMEM233,blue
TMEM39B,blue
TMEM48,blue
TMEM50B,blue
TMEM55B,blue
TMEM57,blue
TMEM63C,blue
TMEM67,blue
TMEM68,blue
TMEM88,blue
TMEM91,blue
TMEM97,blue
TMEM9B,blue
TMPRSS13,blue
TMTC4,blue
TMUB2,blue
TNF,blue
TNFRSF10B,blue
TNFRSF11A,blue
TNFRSF1B,blue
TNFSF11,blue
TNFSF13B,blue
TNFSF9,blue
TNIK,blue
TNK1,blue
TNK2,blue
TNP1,blue
TNRC18,blue
TNRC6A,blue
TNXB,blue
TOB2,blue
TOM1L2,blue
TOP2A,blue
TP53,blue
TP53AIP1,blue
TP53BP1,blue
TP53I13,blue
TP73,blue
TPBG,blue
TPD52,blue
TPPP,blue
TPST2,blue
TPTE2,blue
TRA2A,blue
TRAP1,blue
TRAPPC3,blue
TRAPPC6B,blue
TRDMT1,blue
TRERF1,blue
TRIB1,blue
TRIM11,blue
TRIM16,blue
TRIM24,blue
TRIM26,blue
TRIM27,blue
TRIM28,blue
TRIM31,blue
TRIM41,blue
TRIM54,blue
TRIM61,blue
TRIM67,blue
TRIM8,blue
TRIO,blue
TROAP,blue
TRPS1,blue
TRRAP,blue
TSC2,blue
TSC22D1,blue
TSFM,blue
TSG1,blue
TSGA13,blue
TSKU,blue
TSPAN12,blue
TSPAN31,blue
TSPAN33,blue
TSPO,blue
TSPYL4,blue
TSPYL6,blue
TSTD1,blue
TTBK2,blue
TTC15,blue
TTC35,blue
TTC37,blue
TTC9,blue
TTF1,blue
TTLL10,blue
TTLL13,blue
TTLL5,blue
TTLL7,blue
TTN,blue
TUBB,blue
TUBGCP5,blue
TWF2,blue
U2AF2,blue
UBAP2,blue
UBC,blue
UBE2C,blue
UBE2E1,blue
UBE2M,blue
UBE2S,blue
UBE4A,blue
UBL5,blue
UBR2,blue
UBR4,blue
UBTD1,blue
UEVLD,blue
UFD1L,blue
UFM1,blue
UGDH,blue
UGP2,blue
UMPS,blue
UNC13A,blue
UNC13B,blue
UNC5B,blue
UNCX,blue
UNG,blue
UPF2,blue
UPK3B,blue
URM1,blue
USH1G,blue
USP13,blue
USP19,blue
USP22,blue
USP3,blue
USP42,blue
USP47,blue
USP7,blue
UST,blue
UTP3,blue
UTRN,blue
VAC14,blue
VAMP2,blue
VASH2,blue
VAV3,blue
VDAC1,blue
VDR,blue
VENTX,blue
VGLL4,blue
VN1R5,blue
VNN2,blue
VOPP1,blue
VPS13D,blue
VPS24,blue
VPS36,blue
VPS41,blue
VPS52,blue
VSX1,blue
VWA5B2,blue
VWC2L,blue
WASF1,blue
WBP1,blue
WDFY3,blue
WDR1,blue
WDR18,blue
WDR25,blue
WDR27,blue
WDR4,blue
WDR45L,blue
WDR61,blue
WDR66,blue
WDR70,blue
WDR73,blue
WDR76,blue
WDR77,blue
WDR8,blue
WDR92,blue
WHSC1,blue
WHSC1L1,blue
WIPF1,blue
WIPF2,blue
WIPI1,blue
WNT3,blue
WNT5B,blue
WNT7B,blue
WWC1,blue
WWC2,blue
WWOX,blue
XKR6,blue
XPO7,blue
YAF2,blue
YIF1A,blue
YPEL1,blue
YTHDC1,blue
ZAP70,blue
ZBTB17,blue
ZBTB2,blue
ZBTB20,blue
ZBTB4,blue
ZBTB46,blue
ZBTB7A,blue
ZBTB9,blue
ZC3H12D,blue
ZC3H18,blue
ZDHHC11,blue
ZDHHC16,blue
ZFAND1,blue
ZFP14,blue
ZFP36L2,blue
ZFP64,blue
ZFP82,blue
ZFPM1,blue
ZFR2,blue
ZFYVE20,blue
ZFYVE28,blue
ZIC1,blue
ZIC5,blue
ZIM3,blue
ZMYM6,blue
ZNF135,blue
ZNF143,blue
ZNF155,blue
ZNF165,blue
ZNF174,blue
ZNF20,blue
ZNF213,blue
ZNF214,blue
ZNF221,blue
ZNF225,blue
ZNF235,blue
ZNF259,blue
ZNF3,blue
ZNF311,blue
ZNF322A,blue
ZNF323,blue
ZNF331,blue
ZNF362,blue
ZNF367,blue
ZNF37B,blue
ZNF385A,blue
ZNF389,blue
ZNF391,blue
ZNF395,blue
ZNF396,blue
ZNF410,blue
ZNF423,blue
ZNF426,blue
ZNF432,blue
ZNF446,blue
ZNF467,blue
ZNF493,blue
ZNF511,blue
ZNF521,blue
ZNF540,blue
ZNF546,blue
ZNF554,blue
ZNF557,blue
ZNF558,blue
ZNF560,blue
ZNF564,blue
ZNF568,blue
ZNF57,blue
ZNF579,blue
ZNF621,blue
ZNF625,blue
ZNF667,blue
ZNF668,blue
ZNF670,blue
ZNF680,blue
ZNF684,blue
ZNF691,blue
ZNF695,blue
ZNF697,blue
ZNF700,blue
ZNF704,blue
ZNF709,blue
ZNF714,blue
ZNF718,blue
ZNF764,blue
ZNF766,blue
ZNF786,blue
ZNF821,blue
ZNF829,blue
ZNF830,blue
ZNF84,blue
ZNF841,blue
ZNF853,blue
ZNF876P,blue
ZNHIT6,blue
ZNRD1,blue
ZNRF2,blue
ZSCAN12L1,blue
ZSCAN23,blue
ZUFSP,blue
ZXDC,blue
A2BP1,brown
AAK1,brown
ABCA7,brown
ABCB5,brown
ABCB8,brown
ABCB9,brown
ABCC13,brown
ABCC8,brown
ABCD4,brown
ABHD6,brown
ABI3BP,brown
ABR,brown
ACAD9,brown
ACADS,brown
ACAP2,brown
ACOXL,brown
ACSL1,brown
ACSL3,brown
ACSL5,brown
ACTN2,brown
ACTR10,brown
ACTR2,brown
ACVR2A,brown
ADAD1,brown
ADAL,brown
ADAM15,brown
ADAM30,brown
ADAM7,brown
ADAMTS14,brown
ADAMTS16,brown
ADAMTS19,brown
ADAMTS2,brown
ADAMTS9,brown
ADARB2,brown
ADAT1,brown
ADCY1,brown
ADCY2,brown
ADCY5,brown
ADD1,brown
ADIPOR2,brown
ADM,brown
ADRA1D,brown
ADRA2A,brown
AEBP2,brown
AFF1,brown
AGAP1,brown
AGBL4,brown
AGL,brown
AGPAT4,brown
AGRN,brown
AHCYL2,brown
AHDC1,brown
AHR,brown
AHSG,brown
AIDA,brown
AIMP1,brown
AKIRIN1,brown
AKTIP,brown
ALAS1,brown
ALCAM,brown
ALDH1B1,brown
ALDOA,brown
ALDOB,brown
ALDOC,brown
ALLC,brown
ALPL,brown
ALX4,brown
AMDHD1,brown
AMICA1,brown
AMOTL1,brown
AMPH,brown
AMZ1,brown
ANAPC5,brown
ANKFN1,brown
ANKFY1,brown
ANKH,brown
ANKLE2,brown
ANKRD13A,brown
ANKRD13B,brown
ANKRD27,brown
ANKRD29,brown
ANKRD46,brown
ANKRD52,brown
ANKS1A,brown
ANO6,brown
ANTXR1,brown
AP2S1,brown
APOBEC1,brown
APOL2,brown
APOLD1,brown
ARAP1,brown
ARF1,brown
ARF6,brown
ARFRP1,brown
ARHGAP10,brown
ARHGAP15,brown
ARHGAP18,brown
ARHGEF10,brown
ARHGEF4,brown
ARID3A,brown
ARID3C,brown
ARL2,brown
ARMC9,brown
ARPC1A,brown
ARRDC4,brown
ARSA,brown
ARSG,brown
ASAH1,brown
ASAM,brown
ASAP2,brown
ASB8,brown
ASPSCR1,brown
ASRGL1,brown
ASZ1,brown
ATE1,brown
ATF2,brown
ATF6,brown
ATF6B,brown
ATG7,brown
ATOH1,brown
ATOH8,brown
ATP11A,brown
ATP2A2,brown
ATP2B4,brown
ATP5G1,brown
ATP6V0E1,brown
ATP6V1C1,brown
ATP6V1H,brown
ATP8A1,brown
ATP8B2,brown
ATRIP,brown
ATXN7L1,brown
AUTS2,brown
AZI1,brown
B3GAT1,brown
B3GNTL1,brown
B4GALNT1,brown
B4GALNT3,brown
B4GALNT4,brown
B4GALT5,brown
B9D2,brown
BAALC,brown
BACE1,brown
BACH1,brown
BAD,brown
BAI3,brown
BANP,brown
BAP1,brown
BARD1,brown
BARHL2,brown
BASP1,brown
BAT3,brown
BBS2,brown
BBS9,brown
BCAP29,brown
BCAS3,brown
BCCIP,brown
BCKDHB,brown
BCL10,brown
BCL2,brown
BCL3,brown
BCL9,brown
BCO2,brown
BEGAIN,brown
BEND6,brown
BHLHE22,brown
BHLHE41,brown
BLVRA,brown
BMF,brown
BMI1,brown
BMP8A,brown
BMPR1A,brown
BNIP1,brown
BPIL2,brown
BPTF,brown
BRD2,brown
BRD4,brown
BREA2,brown
BRI3,brown
BRPF3,brown
BTBD12,brown
BTBD3,brown
BTBD9,brown
C10ORF105,brown
C10ORF137,brown
C10ORF140,brown
C10ORF26,brown
C10ORF58,brown
C10ORF76,brown
C11ORF53,brown
C11ORF70,brown
C11ORF90,brown
C11ORF92,brown
C11ORF95,brown
C12ORF35,brown
C12ORF43,brown
C12ORF49,brown
C13ORF1,brown
C13ORF36,brown
C14ORF106,brown
C15ORF42,brown
C16ORF72,brown
C17ORF103,brown
C17ORF37,brown
C17ORF46,brown
C17ORF67,brown
C18ORF34,brown
C18ORF45,brown
C19ORF28,brown
C19ORF60,brown
C19ORF62,brown
C19ORF77,brown
C1ORF103,brown
C1ORF106,brown
C1ORF150,brown
C1ORF25,brown
C1ORF31,brown
C1ORF70,brown
C1ORF84,brown
C1ORF89,brown
C1ORF93,brown
C1ORF97,brown
C1QTNF1,brown
C2,brown
C20ORF117,brown
C20ORF194,brown
C21ORF29,brown
C21ORF91,brown
C22ORF39,brown
C22ORF41,brown
C2CD3,brown
C2CD4C,brown
C2ORF42,brown
C2ORF63,brown
C2ORF65,brown
C2ORF67,brown
C2ORF88,brown
C3ORF1,brown
C3ORF25,brown
C3ORF26,brown
C3ORF33,brown
C3ORF43,brown
C3ORF58,brown
C3ORF70,brown
C3ORF72,brown
C3ORF77,brown
C4BPA,brown
C4ORF19,brown
C4ORF29,brown
C4ORF3,brown
C4ORF50,brown
C5ORF45,brown
C5ORF62,brown
C6ORF10,brown
C6ORF108,brown
C6ORF130,brown
C6ORF138,brown
C6ORF162,brown
C6ORF201,brown
C6ORF211,brown
C6ORF47,brown
C6ORF94,brown
C7,brown
C7ORF50,brown
C7ORF52,brown
C7ORF59,brown
C7ORF60,brown
C9ORF68,brown
C9ORF82,brown
CABC1,brown
CACHD1,brown
CACNA1A,brown
CACNA1H,brown
CACNA2D1,brown
CACNG8,brown
CADPS2,brown
CALCA,brown
CALCB,brown
CAMK2B,brown
CAMK2D,brown
CAMK4,brown
CAMLG,brown
CAMSAP1,brown
CAMTA1,brown
CAPN10,brown
CARD11,brown
CARKD,brown
CASP14,brown
CAST,brown
CASZ1,brown
CAV1,brown
CBLL1,brown
CCAR1,brown
CCDC105,brown
CCDC116,brown
CCDC117,brown
CCDC19,brown
CCDC33,brown
CCDC41,brown
CCDC43,brown
CCDC52,brown
CCDC61,brown
CCDC67,brown
CCDC71,brown
CCDC80,brown
CCDC99,brown
CCHCR1,brown
CCL22,brown
CCL23,brown
CCNA2,brown
CCNC,brown
CCND2,brown
CCND3,brown
CCNI,brown
CCNJ,brown
CD180,brown
CD2AP,brown
CD44,brown
CD55,brown
CD6,brown
CD81,brown
CD82,brown
CD83,brown
CDC14A,brown
CDC25B,brown
CDCA4,brown
CDH7,brown
CDH9,brown
CDK12,brown
CDK2AP1,brown
CDKAL1,brown
CDKL3,brown
CDKN1C,brown
CDX1,brown
CDYL,brown
CEBPZ,brown
CECR2,brown
CELA1,brown
CELSR1,brown
CELSR2,brown
CELSR3,brown
CENPT,brown
CENPV,brown
CEP135,brown
CFDP1,brown
CFL2,brown
CGRRF1,brown
CHCHD3,brown
CHD4,brown
CHI3L2,brown
CHL1,brown
CHPF2,brown
CHRM2,brown
CHRNE,brown
CHST11,brown
CHST8,brown
CIT,brown
CITED2,brown
CLASP1,brown
CLIP4,brown
CLMN,brown
CLP1,brown
CLRN1,brown
CLSTN2,brown
CLU,brown
CLYBL,brown
CMIP,brown
CMKLR1,brown
CNDP2,brown
CNGA1,brown
CNGB1,brown
CNNM1,brown
CNNM4,brown
CNOT2,brown
CNOT4,brown
CNTN4,brown
CNTN5,brown
CNTNAP2,brown
CNTNAP4,brown
CNTNAP5,brown
COBL,brown
COG5,brown
COG6,brown
COL11A1,brown
COL11A2,brown
COL18A1,brown
COL23A1,brown
COL25A1,brown
COL29A1,brown
COPG,brown
COQ5,brown
CORO1C,brown
CORO2B,brown
COTL1,brown
COX15,brown
COX5B,brown
COX6C,brown
CPA5,brown
CPA6,brown
CPAMD8,brown
CPNE1,brown
CPNE5,brown
CREM,brown
CRIM1,brown
CRIP2,brown
CRMP1,brown
CRTC1,brown
CRYGC,brown
CRYM,brown
CRYZ,brown
CSNK2A1,brown
CSTA,brown
CSTF3,brown
CTCF,brown
CTDSP1,brown
CTNNA2,brown
CTSF,brown
CUL5,brown
CUX1,brown
CUZD1,brown
CWC15,brown
CXCL14,brown
CXCL2,brown
CYB5A,brown
CYB5R4,brown
CYC1,brown
CYGB,brown
CYP1B1,brown
CYP24A1,brown
CYP27C1,brown
CYP2C8,brown
CYP51A1,brown
CYTH3,brown
D2HGDH,brown
DACH1,brown
DACT2,brown
DAK,brown
DAPK1,brown
DBNDD2,brown
DBX2,brown
DCAF10,brown
DCAF4,brown
DCAF4L2,brown
DCBLD1,brown
DCHS2,brown
DCLK1,brown
DCLK2,brown
DCP1B,brown
DCTPP1,brown
DCUN1D1,brown
DCXR,brown
DDHD2,brown
DDX19A,brown
DDX24,brown
DDX60L,brown
DECR2,brown
DENND2D,brown
DENND3,brown
DGCR5,brown
DGCR6,brown
DGKG,brown
DGKI,brown
DGKZ,brown
DHH,brown
DHRS1,brown
DHRS4,brown
DHX16,brown
DIABLO,brown
DIP2A,brown
DIP2B,brown
DIP2C,brown
DIRC2,brown
DIRC3,brown
DIXDC1,brown
DKK3,brown
DLAT,brown
DLC1,brown
DLEU2,brown
DLG1,brown
DLX1,brown
DLX2,brown
DLX6AS,brown
DMPK,brown
DMRT3,brown
DNAH5,brown
DNAH7,brown
DNAH8,brown
DNAH9,brown
DNAJA2,brown
DNAJA3,brown
DNAJB12,brown
DNAJC10,brown
DNAJC12,brown
DNAJC13,brown
DNAJC6,brown
DNAJC9,brown
DOC2B,brown
DOCK1,brown
DOPEY2,brown
DPP7,brown
DPYD,brown
DPYS,brown
DRD1,brown
DSCAM,brown
DSCC1,brown
DSE,brown
DST,brown
DTD1,brown
DTNB,brown
DTNBP1,brown
DUSP18,brown
DUSP19,brown
DUT,brown
DYNC1I1,brown
DYNC1LI1,brown
DYRK3,brown
EBF2,brown
EBF3,brown
EBPL,brown
ECE2,brown
ECHDC2,brown
EDAR,brown
EEFSEC,brown
EFCAB10,brown
EFCAB2,brown
EFCAB5,brown
EFHA1,brown
EFHD1,brown
EGR1,brown
EHMT1,brown
EID2,brown
EIF2A,brown
EIF2AK3,brown
EIF2C4,brown
EIF2S1,brown
EIF3A,brown
EIF3IP1,brown
EIF4A3,brown
EIF4B,brown
EIF4G2,brown
EIF4H,brown
ELAVL3,brown
ELF2,brown
ELMO2,brown
ELMOD1,brown
EME1,brown
EMP2,brown
EMP3,brown
EP400NL,brown
EPHA1,brown
EPHA7,brown
EPHB1,brown
EPHB2,brown
EPS15L1,brown
EPS8,brown
ERGIC2,brown
ERLIN2,brown
ESCO2,brown
ESD,brown
ESPNL,brown
ESR1,brown
ESR2,brown
ESRRB,brown
ESRRG,brown
ETNK2,brown
ETS1,brown
ETV5,brown
EVI5,brown
EWSR1,brown
EXD1,brown
EXOC2,brown
EXOC7,brown
EXOSC9,brown
EYA2,brown
EZH1,brown
FABP3,brown
FABP4,brown
FABP5,brown
FADS1,brown
FAM101A,brown
FAM107B,brown
FAM111A,brown
FAM115A,brown
FAM116A,brown
FAM117A,brown
FAM118B,brown
FAM120B,brown
FAM149A,brown
FAM158A,brown
FAM168B,brown
FAM176A,brown
FAM193B,brown
FAM19A5,brown
FAM38B,brown
FAM43B,brown
FAM47E,brown
FAM49A,brown
FAM53B,brown
FAM55C,brown
FAM5B,brown
FAM65B,brown
FAM71E1,brown
FAM82A1,brown
FAM82A2,brown
FAM83C,brown
FAM84A,brown
FAM92A1,brown
FAM98A,brown
FANCC,brown
FANCG,brown
FARP1,brown
FAT3,brown
FAT4,brown
FBLIM1,brown
FBLN2,brown
FBLN7,brown
FBP1,brown
FBXL15,brown
FBXL7,brown
FBXO15,brown
FBXO21,brown
FBXO42,brown
FBXO9,brown
FCER1G,brown
FCHSD1,brown
FCHSD2,brown
FDFT1,brown
FGF14,brown
FGF17,brown
FGF9,brown
FGFR2,brown
FGFRL1,brown
FHAD1,brown
FHIT,brown
FHOD3,brown
FIGN,brown
FILIP1,brown
FKBP11,brown
FKBP15,brown
FKBP2,brown
FKBP5,brown
FKBPL,brown
FLG2,brown
FLJ22536,brown
FLJ31306,brown
FLJ42289,brown
FLJ44817,brown
FLJ45244,brown
FLJ45983,brown
FLOT1,brown
FMNL1,brown
FMO4,brown
FN1,brown
FN3KRP,brown
FNDC3B,brown
FOLR1,brown
FOXE3,brown
FOXK1,brown
FOXO3,brown
FREM1,brown
FREM2,brown
FRMD1,brown
FRMD4B,brown
FRY,brown
FRZB,brown
FSCN1,brown
FSTL4,brown
FTO,brown
FTSJD2,brown
FYCO1,brown
FZD10,brown
GAB4,brown
GABPB1,brown
GABRA2,brown
GABRP,brown
GABRR1,brown
GAL3ST3,brown
GALK2,brown
GALNT10,brown
GALNT13,brown
GALNT14,brown
GALNT2,brown
GALNTL6,brown
GALR1,brown
GATA3,brown
GATAD1,brown
GBE1,brown
GCH1,brown
GCLC,brown
GDF10,brown
GDF15,brown
GFOD2,brown
GFRA2,brown
GGA2,brown
GJB6,brown
GJC1,brown
GLB1L3,brown
GLCCI1,brown
GLI2,brown
GLIPR1,brown
GLS,brown
GLT1D1,brown
GLT8D2,brown
GLTPD1,brown
GMDS,brown
GMEB2,brown
GMNN,brown
GMPPB,brown
GMPS,brown
GNA12,brown
GNAL,brown
GNG4,brown
GOLGA3,brown
GPBP1L1,brown
GPLD1,brown
GPR108,brown
GPR109A,brown
GPR123,brown
GPR124,brown
GPR132,brown
GPR133,brown
GPR155,brown
GPR160,brown
GPR37,brown
GPR39,brown
GPR6,brown
GPR98,brown
GPRC5B,brown
GPRIN3,brown
GPSM3,brown
GRAMD1C,brown
GRB2,brown
GRIN3A,brown
GRM5,brown
GRM6,brown
GRM7,brown
GSG1,brown
GSTCD,brown
GSTM2,brown
GSTM3,brown
GSTO2,brown
GTF3C1,brown
GTF3C5,brown
GUCY2D,brown
GYPC,brown
H3F3B,brown
HAND1,brown
HAS3,brown
HBXIP,brown
HCFC2,brown
HCG18,brown
HCG4,brown
HDAC7,brown
HDGF2,brown
HEATR5B,brown
HEBP2,brown
HECTD1,brown
HECW2,brown
HEPN1,brown
HERC4,brown
HERPUD2,brown
HHLA3,brown
HIBADH,brown
HIBCH,brown
HIPK2,brown
HIRIP3,brown
HIST1H2AC,brown
HIST1H2AG,brown
HIST3H2A,brown
HK2,brown
HLA-DPB2,brown
HLA-DRB1,brown
HLA-E,brown
HLF,brown
HLX,brown
HMBOX1,brown
HMGA2,brown
HMGXB3,brown
HNF4G,brown
HOMER1,brown
HOXA7,brown
HOXB3,brown
HOXB4,brown
HOXD8,brown
HOXD9,brown
HPS1,brown
HPS4,brown
HPSE2,brown
HS3ST2,brown
HS3ST4,brown
HSD17B11,brown
HSD17B14,brown
HSPB1,brown
HSPB7,brown
HTR7P,brown
HTRA1,brown
IARS2,brown
ICA1L,brown
IER2,brown
IFT140,brown
IGF1R,brown
IGSF11,brown
IGSF22,brown
IL12RB1,brown
IL1F7,brown
IL21,brown
IL27RA,brown
IMPA2,brown
IMPDH2,brown
INA,brown
INHBC,brown
INPP4A,brown
INPP5B,brown
INPP5F,brown
INSIG1,brown
INSM2,brown
INTS4,brown
INTS5,brown
INTS6,brown
IQCH,brown
IQUB,brown
IRX1,brown
ISM1,brown
ITFG3,brown
ITGA8,brown
ITGB2,brown
ITGB6,brown
ITGB8,brown
ITM2B,brown
ITPR2,brown
IVD,brown
JAG2,brown
JAKMIP3,brown
JPH1,brown
KAAG1,brown
KATNAL1,brown
KATNB1,brown
KBTBD11,brown
KBTBD2,brown
KBTBD8,brown
KCNA3,brown
KCNA4,brown
KCNAB1,brown
KCND2,brown
KCNG3,brown
KCNH1,brown
KCNH2,brown
KCNH3,brown
KCNIP1,brown
KCNJ12,brown
KCNK1,brown
KCNMA1,brown
KCNN3,brown
KCNQ1,brown
KCNQ2,brown
KCNS2,brown
KCTD10,brown
KCTD8,brown
KDM2B,brown
KDM4A,brown
KDM5A,brown
KDM5B,brown
KHDRBS2,brown
KIAA0040,brown
KIAA0174,brown
KIAA0317,brown
KIAA0652,brown
KIAA0895,brown
KIAA0907,brown
KIAA1026,brown
KIAA1239,brown
KIAA1324,brown
KIAA1377,brown
KIAA1715,brown
KIAA1919,brown
KIDINS220,brown
KIF23,brown
KIF26A,brown
KIF26B,brown
KIF27,brown
KIFC1,brown
KLF13,brown
KLF14,brown
KLF3,brown
KLF5,brown
KLHDC8A,brown
KLHDC8B,brown
KLHL1,brown
KLHL21,brown
KLHL24,brown
KLHL36,brown
KMO,brown
KPNA1,brown
KPNA2,brown
KPNA4,brown
KRT74,brown
KY,brown
LAMA1,brown
LAMA5,brown
LAMC2,brown
LASP1,brown
LASS6,brown
LATS1,brown
LCA5L,brown
LCE1C,brown
LCLAT1,brown
LCOR,brown
LEAP2,brown
LENG1,brown
LEPRE1,brown
LEPREL1,brown
LFNG,brown
LGALS2,brown
LGI2,brown
LHX5,brown
LHX8,brown
LIMCH1,brown
LIN7A,brown
LIPG,brown
LIPH,brown
LMO3,brown
LMTK2,brown
LMX1B,brown
LNP1,brown
LOC100130987,brown
LOC100188947,brown
LOC100287216,brown
LOC100302652,brown
LOC152225,brown
LOC283050,brown
LOC283392,brown
LOC284023,brown
LOC285593,brown
LOC285740,brown
LOC285796,brown
LOC285830,brown
LOC375196,brown
LOC388789,brown
LOC399744,brown
LOC442245,brown
LOC641367,brown
LOC729020,brown
LOC93622,brown
LONRF1,brown
LPAR3,brown
LPP,brown
LRBA,brown
LRDD,brown
LRIG3,brown
LRP1,brown
LRP1B,brown
LRRC23,brown
LRRC27,brown
LRRC36,brown
LRRC3B,brown
LRRC42,brown
LRRC47,brown
LRRC4B,brown
LRRC4C,brown
LRRC66,brown
LRRFIP1,brown
LSM12,brown
LSM5,brown
LUZP1,brown
LY6H,brown
LY96,brown
LYPD3,brown
LYRM2,brown
LZTFL1,brown
MAB21L2,brown
MACF1,brown
MAD1L1,brown
MAEA,brown
MAGI1,brown
MAGI2,brown
MAGI3,brown
MAL2,brown
MAML3,brown
MAN2A1,brown
MANBA,brown
MAP1D,brown
MAP2K4,brown
MAP3K7IP2,brown
MAP3K8,brown
MAPK14,brown
MAPK8IP3,brown
MAPT,brown
MARCH1,brown
MARCH11,brown
MARCH3,brown
MARCH4,brown
MARCH8,brown
MAX,brown
MBD2,brown
MBD3,brown
MBLAC1,brown
MBNL1,brown
MC3R,brown
MC4R,brown
MCF2L,brown
MCF2L2,brown
MCM5,brown
MCM6,brown
MCM7,brown
MCTP2,brown
MDGA2,brown
MDM1,brown
ME3,brown
MEAF6,brown
MECR,brown
MED11,brown
MED12L,brown
MED13L,brown
MED18,brown
MEGF6,brown
MEIS2,brown
MEN1,brown
MESDC1,brown
MESDC2,brown
MFAP3,brown
MFSD2B,brown
MFSD7,brown
MGC12982,brown
MGC23284,brown
MGC70857,brown
MGRN1,brown
MIAT,brown
MICALCL,brown
MINPP1,brown
MIR152,brown
MIR218-1,brown
MIR518E,brown
MIR548F5,brown
MIR548H4,brown
MIR603,brown
MIR628,brown
MIRLET7A2,brown
MLLT3,brown
MLXIPL,brown
MMAA,brown
MMP11,brown
MMP15,brown
MMP25,brown
MNX1,brown
MOCS1,brown
MON2,brown
MPDZ,brown
MPHOSPH8,brown
MPPED2,brown
MPZ,brown
MRPL52,brown
MRPS18A,brown
MRPS28,brown
MSH5,brown
MSI1,brown
MSRA,brown
MSRB3,brown
MSX2,brown
MTDH,brown
MTERF,brown
MTERFD1,brown
MTHFD2L,brown
MTHFSD,brown
MTMR3,brown
MTMR9L,brown
MTNR1B,brown
MTP18,brown
MUL1,brown
MYB,brown
MYCBP,brown
MYCBPAP,brown
MYEOV,brown
MYH10,brown
MYH15,brown
MYLK4,brown
MYNN,brown
MYO10,brown
MYO1D,brown
MYOM1,brown
MYOM2,brown
MYST1,brown
MYST4,brown
N4BP1,brown
N4BP2L1,brown
NAA15,brown
NAA16,brown
NAALADL2,brown
NAB2,brown
NANS,brown
NAP1L4,brown
NAPB,brown
NARS2,brown
NAV1,brown
NAV2,brown
NBEA,brown
NBL1,brown
NCAPG2,brown
NCEH1,brown
NCKAP5,brown
NCOA2,brown
NCOA4,brown
NCOA5,brown
NCOA6,brown
NCRNA00116,brown
NCRNA00171,brown
NCRNA00200,brown
NEB,brown
NECAP1,brown
NEDD4,brown
NEDD9,brown
NEFL,brown
NEK11,brown
NELL1,brown
NEO1,brown
NETO2,brown
NEU2,brown
NF1,brown
NFAT5,brown
NFATC1,brown
NFE2L1,brown
NFIC,brown
NFIX,brown
NFXL1,brown
NFYA,brown
NHEDC2,brown
NHLRC1,brown
NHSL1,brown
NINJ2,brown
NIPA1,brown
NKAIN2,brown
NKAIN3,brown
NKD1,brown
NKX2-3,brown
NKX6-2,brown
NMNAT2,brown
NMT1,brown
NMU,brown
NOB1,brown
NOD1,brown
NOP2,brown
NOP56,brown
NOV,brown
NPAS2,brown
NPAS3,brown
NPHP4,brown
NPM3,brown
NPPA,brown
NR1D2,brown
NR1H2,brown
NR2F2,brown
NR6A1,brown
NRCAM,brown
NRG1,brown
NRP1,brown
NRXN2,brown
NSL1,brown
NT5C,brown
NT5DC1,brown
NTM,brown
NTN1,brown
NTRK1,brown
NUDT18,brown
NUDT5,brown
NUP107,brown
NUP37,brown
NUP85,brown
ODZ4,brown
OLFM2,brown
OLFM4,brown
ONECUT2,brown
ONECUT3,brown
OPA3,brown
OPCML,brown
OR1N1,brown
OR1S1,brown
OR2B11,brown
OR2H1,brown
OR2T1,brown
OR4K1,brown
OR4K2,brown
ORC3L,brown
ORC5L,brown
OS9,brown
OSBPL11,brown
OSBPL2,brown
OSBPL3,brown
OSTN,brown
OTUD4,brown
OXR1,brown
P2RX7,brown
PABPN1,brown
PACRG,brown
PACRGL,brown
PAFAH1B2,brown
PALLD,brown
PAOX,brown
PAPOLB,brown
PAPOLG,brown
PAQR6,brown
PAR-SN,brown
PARD3B,brown
PARK2,brown
PARK7,brown
PARS2,brown
PARVA,brown
PAX1,brown
PAX9,brown
PBX1,brown
PBXIP1,brown
PCBD2,brown
PCDH7,brown
PCDHAC2,brown
PCDHB2,brown
PCDHGA4,brown
PCMT1,brown
PCNXL2,brown
PDCD2,brown
PDCL2,brown
PDE10A,brown
PDE12,brown
PDE1A,brown
PDE4DIP,brown
PDGFD,brown
PDXK,brown
PDZRN3,brown
PDZRN4,brown
PELI3,brown
PELP1,brown
PEMT,brown
PEPD,brown
PEX14,brown
PFAS,brown
PGM1,brown
PGS1,brown
PHACTR2,brown
PHACTR4,brown
PHF19,brown
PHF20L1,brown
PHLDB3,brown
PHTF2,brown
PIF1,brown
PIGB,brown
PIGQ,brown
PINK1,brown
PKD1L1,brown
PKIA,brown
PKN2,brown
PLA2G6,brown
PLA2G7,brown
PLAC8L1,brown
PLAC9,brown
PLCG2,brown
PLCH1,brown
PLCXD3,brown
PLEC1,brown
PLEK,brown
PLEKHA4,brown
PLEKHA6,brown
PLEKHF1,brown
PLEKHG7,brown
PLEKHH1,brown
PLEKHH3,brown
PLK2,brown
PLLP,brown
PLXNA2,brown
PLXNA4,brown
PLXNC1,brown
PMFBP1,brown
PMP2,brown
PODN,brown
POGZ,brown
POLD3,brown
POLE4,brown
POLR2B,brown
POLR2E,brown
POLR3C,brown
POLS,brown
POM121L2,brown
POU4F1,brown
PPAPDC1A,brown
PPM1A,brown
PPM1H,brown
PPM1J,brown
PPM1L,brown
PPP1R10,brown
PPP1R9B,brown
PPP2CA,brown
PPP2R2D,brown
PPP2R5D,brown
PPP2R5E,brown
PPP4R1,brown
PPT2,brown
PPTC7,brown
PRCC,brown
PRDM16,brown
PRDM2,brown
PRDX3,brown
PREPL,brown
PRKAA2,brown
PRKAG2,brown
PRKAR1B,brown
PRKAR2B,brown
PRKCG,brown
PRMT1,brown
PRMT7,brown
PRMT8,brown
PROC,brown
PROS1,brown
PRPF19,brown
PRPF38B,brown
PRR15,brown
PRR7,brown
PRRT1,brown
PRRT4,brown
PRSS8,brown
PRTG,brown
PRTN3,brown
PSMA6,brown
PSMB5,brown
PSMC1,brown
PSMC5,brown
PSMD7,brown
PSMD9,brown
PSMG1,brown
PTCH1,brown
PTCRA,brown
PTF1A,brown
PTGES3,brown
PTGFRN,brown
PTGS2,brown
PTPN12,brown
PTPN14,brown
PTPRK,brown
PTPRN,brown
PTPRN2,brown
PTS,brown
PVR,brown
PVT1,brown
PXT1,brown
QRICH2,brown
R3HDM1,brown
RAB11B,brown
RAB11FIP1,brown
RAB18,brown
RAB22A,brown
RAB32,brown
RAB36,brown
RAB3IL1,brown
RAB6A,brown
RABL5,brown
RALGAPA2,brown
RAP1GAP,brown
RAP1GDS1,brown
RAPGEF6,brown
RAPGEFL1,brown
RASA3,brown
RASGRF1,brown
RASSF5,brown
RASSF8,brown
RAVER2,brown
RBCK1,brown
RBM43,brown
RBM44,brown
RBM45,brown
RBM47,brown
RBP2,brown
RBPMS2,brown
RCOR2,brown
REEP3,brown
REST,brown
RFC5,brown
RFTN1,brown
RGL3,brown
RGS12,brown
RGS20,brown
RGS7,brown
RGS7BP,brown
RGS9,brown
RHOB,brown
RHOV,brown
RIF1,brown
RIMBP2,brown
RIMS1,brown
RIMS2,brown
RLF,brown
RMND5A,brown
RNASEH2C,brown
RNASEK,brown
RNASET2,brown
RNF122,brown
RNF150,brown
RNF175,brown
RNF182,brown
RNF2,brown
RNF220,brown
RNF26,brown
RNF4,brown
RNF8,brown
RNH1,brown
ROBO1,brown
RORA,brown
RPA2,brown
RPA3,brown
RPH3AL,brown
RPIA,brown
RPL17,brown
RPL32,brown
RPL34,brown
RPL7L1,brown
RPN1,brown
RPS15A,brown
RPS3A,brown
RPS6KA2,brown
RPS6KC1,brown
RPTOR,brown
RRAGA,brown
RSPH3,brown
RSPH4A,brown
RSPRY1,brown
RUFY1,brown
RUFY3,brown
SALL1,brown
SAMD10,brown
SAMD4A,brown
SAMD4B,brown
SCAMP1,brown
SCN3B,brown
SCN4B,brown
SCNN1A,brown
SCP2,brown
SCRIB,brown
SCRT2,brown
SCYL1,brown
SDC2,brown
SDCBP2,brown
SDHC,brown
SEC14L1,brown
SEC22A,brown
SEMA6D,brown
SEPSECS,brown
SEPT5,brown
SERAC1,brown
SERINC3,brown
SERPINB5,brown
SERPINE2,brown
SETD1B,brown
SETDB2,brown
SFRP2,brown
SFRS1,brown
SFRS5,brown
SFRS8,brown
SFTA1P,brown
SFXN4,brown
SGCE,brown
SGK1,brown
SGK269,brown
SH2D4B,brown
SH3GL2,brown
SH3GLB1,brown
SH3PXD2A,brown
SH3RF1,brown
SHB,brown
SHISA3,brown
SHISA6,brown
SHOC2,brown
SHQ1,brown
SIAH3,brown
SIM1,brown
SIN3A,brown
SIPA1,brown
SIPA1L3,brown
SLC10A7,brown
SLC12A7,brown
SLC15A1,brown
SLC16A9,brown
SLC17A8,brown
SLC22A15,brown
SLC22A4,brown
SLC22A9,brown
SLC24A4,brown
SLC25A13,brown
SLC25A2,brown
SLC25A33,brown
SLC25A44,brown
SLC26A5,brown
SLC27A1,brown
SLC35A1,brown
SLC35F2,brown
SLC38A2,brown
SLC39A1,brown
SLC39A12,brown
SLC39A14,brown
SLC39A4,brown
SLC43A1,brown
SLC44A4,brown
SLC4A4,brown
SLC5A10,brown
SLC6A2,brown
SLC7A14,brown
SLC7A5,brown
SLC7A6,brown
SLFN12,brown
SLFN12L,brown
SLITRK3,brown
SLTM,brown
SMC5,brown
SMUG1,brown
SNCAIP,brown
SNORA57,brown
SNORD45C,brown
SNORD89,brown
SNRPC,brown
SNTG1,brown
SNTG2,brown
SNX25,brown
SNX9,brown
SOCS5,brown
SOLH,brown
SORBS3,brown
SORCS2,brown
SORD,brown
SORL1,brown
SOS1,brown
SOX11,brown
SOX13,brown
SP5,brown
SPAST,brown
SPATA13,brown
SPATA2,brown
SPATS2L,brown
SPEF2,brown
SPG20,brown
SPINT2,brown
SPIRE2,brown
SPOCK3,brown
SPPL2A,brown
SPRED2,brown
SPRY1,brown
SPTAN1,brown
SPTBN1,brown
SPTLC2,brown
SQSTM1,brown
SRD5A2,brown
SSB,brown
SSH2,brown
SSR2,brown
ST3GAL1,brown
ST3GAL5,brown
ST6GALNAC4,brown
ST6GALNAC5,brown
ST8SIA4,brown
STAC,brown
STAMBP,brown
STAU1,brown
STIM1,brown
STK3,brown
STK36,brown
STL,brown
STOML2,brown
STRN,brown
STT3A,brown
STX8,brown
SUPT3H,brown
SUSD4,brown
SUSD5,brown
SUV420H1,brown
SUV420H2,brown
SVOPL,brown
SYNCRIP,brown
SYNE1,brown
SYNGR3,brown
SYNPO,brown
SYNPR,brown
SYNRG,brown
SYT15,brown
SYT3,brown
SYT9,brown
TAAR5,brown
TACC1,brown
TACC2,brown
TACR2,brown
TADA2B,brown
TAF2,brown
TAF5,brown
TAF9,brown
TAGAP,brown
TANC1,brown
TAOK3,brown
TAP1,brown
TAP2,brown
TBC1D12,brown
TBC1D4,brown
TBC1D7,brown
TBCD,brown
TBPL1,brown
TBR1,brown
TBX20,brown
TBX6,brown
TCERG1L,brown
TCF15,brown
TCN2,brown
TCP11L2,brown
TECPR1,brown
TECTA,brown
TEK,brown
TEKT1,brown
TERF1,brown
TES,brown
TESC,brown
TET1,brown
TFAP2C,brown
TFAP2D,brown
TFB1M,brown
TFEC,brown
TFPI,brown
TFRC,brown
TGFA,brown
TGOLN2,brown
THADA,brown
THBS2,brown
THBS4,brown
THNSL1,brown
THRB,brown
THSD4,brown
TIAM1,brown
TIAM2,brown
TIMELESS,brown
TIPRL,brown
TIRAP,brown
TJP2,brown
TLE2,brown
TLK1,brown
TLX3,brown
TM4SF19,brown
TM7SF3,brown
TMBIM1,brown
TMCO3,brown
TMEM106C,brown
TMEM128,brown
TMEM132A,brown
TMEM132D,brown
TMEM132E,brown
TMEM150A,brown
TMEM154,brown
TMEM155,brown
TMEM160,brown
TMEM163,brown
TMEM167B,brown
TMEM183B,brown
TMEM20,brown
TMEM218,brown
TMEM219,brown
TMEM25,brown
TMEM37,brown
TMEM39A,brown
TMEM39B,brown
TMEM45B,brown
TMEM52,brown
TMEM53,brown
TMEM63B,brown
TMEM65,brown
TMEM74,brown
TMEM87B,brown
TMTC1,brown
TMX2,brown
TNFAIP8L3,brown
TNFRSF18,brown
TNFRSF19,brown
TNFRSF8,brown
TNFSF11,brown
TNIP3,brown
TNK1,brown
TNRC18,brown
TNXB,brown
TOMM20,brown
TOPORS,brown
TOR1AIP1,brown
TOR2A,brown
TOX,brown
TP73,brown
TPD52L1,brown
TPH1,brown
TPK1,brown
TPP1,brown
TPP2,brown
TPPP,brown
TRAF3IP1,brown
TRAF3IP2,brown
TRAPPC9,brown
TREML4,brown
TRH,brown
TRIB1,brown
TRIM10,brown
TRIM24,brown
TRIM26,brown
TRIM27,brown
TRIM39,brown
TRIM40,brown
TRIM44,brown
TRIM5,brown
TRIM71,brown
TRIM8,brown
TRMT2A,brown
TROAP,brown
TRPC3,brown
TRPC4,brown
TRPM1,brown
TRUB1,brown
TSC22D4,brown
TSEN15,brown
TSGA13,brown
TSGA14,brown
TSLP,brown
TSPAN10,brown
TSPAN17,brown
TSPAN19,brown
TSPYL5,brown
TTC15,brown
TTC29,brown
TTLL7,brown
TUB,brown
TUBA1A,brown
TUBA1B,brown
TUBA1C,brown
TUBB2B,brown
TUBGCP4,brown
TULP2,brown
TWF2,brown
TWSG1,brown
TXNDC11,brown
TXNDC15,brown
TXNL4B,brown
TYRO3,brown
U2AF1,brown
UBD,brown
UBE2E2,brown
UBE2F,brown
UBE2G1,brown
UBE2R2,brown
UBE3C,brown
UBFD1,brown
UBLCP1,brown
UBR4,brown
UBTF,brown
UBXN2B,brown
UCP2,brown
UCRC,brown
UEVLD,brown
UFC1,brown
UFD1L,brown
UGDH,brown
UHMK1,brown
UNC5D,brown
UPK3A,brown
URGCP,brown
USP14,brown
USP15,brown
USP24,brown
USP33,brown
USP38,brown
USP42,brown
USP45,brown
USP49,brown
USP6NL,brown
UTP15,brown
UTRN,brown
VAMP3,brown
VANGL1,brown
VARS2,brown
VAV2,brown
VDAC3,brown
VENTX,brown
VEPH1,brown
VHL,brown
VILL,brown
VOPP1,brown
VPS13D,brown
VPS41,brown
VPS52,brown
VPS53,brown
VPS54,brown
VRK1,brown
VSTM2A,brown
VSX1,brown
WAPAL,brown
WASF2,brown
WBSCR16,brown
WDR17,brown
WDR37,brown
WDR45L,brown
WDR51B,brown
WDR53,brown
WDR59,brown
WDR63,brown
WDR75,brown
WDR87,brown
WDR93,brown
WFDC3,brown
WIPF1,brown
WIPI2,brown
WNK4,brown
WNT5A,brown
WRNIP1,brown
WWOX,brown
XDH,brown
XPO1,brown
XPO4,brown
XPO5,brown
XYLB,brown
YEATS2,brown
YPEL1,brown
YPEL3,brown
YTHDC2,brown
ZAK,brown
ZBED3,brown
ZBTB11,brown
ZBTB16,brown
ZBTB3,brown
ZBTB40,brown
ZBTB8B,brown
ZBTB9,brown
ZEB1,brown
ZFAND3,brown
ZFHX4,brown
ZFP1,brown
ZFP14,brown
ZFPM1,brown
ZFPM2,brown
ZFYVE1,brown
ZMIZ2,brown
ZMYM6,brown
ZMYND17,brown
ZNF12,brown
ZNF121,brown
ZNF134,brown
ZNF143,brown
ZNF17,brown
ZNF175,brown
ZNF193,brown
ZNF202,brown
ZNF204P,brown
ZNF224,brown
ZNF225,brown
ZNF235,brown
ZNF263,brown
ZNF286B,brown
ZNF311,brown
ZNF322A,brown
ZNF323,brown
ZNF334,brown
ZNF335,brown
ZNF34,brown
ZNF347,brown
ZNF362,brown
ZNF37A,brown
ZNF382,brown
ZNF397OS,brown
ZNF429,brown
ZNF438,brown
ZNF441,brown
ZNF454,brown
ZNF462,brown
ZNF485,brown
ZNF511,brown
ZNF514,brown
ZNF516,brown
ZNF518B,brown
ZNF543,brown
ZNF557,brown
ZNF563,brown
ZNF569,brown
ZNF573,brown
ZNF599,brown
ZNF629,brown
ZNF665,brown
ZNF697,brown
ZNF720,brown
ZNF772,brown
ZNF789,brown
ZNF790,brown
ZNF793,brown
ZNF829,brown
ZNF839,brown
ZNF862,brown
ZNHIT3,brown
ZNHIT6,brown
ZNRF3,brown
ZSCAN18,brown
ZUFSP,brown
ZZEF1,brown
AARS,cyan
AATF,cyan
ABCA1,cyan
ABCA5,cyan
ABCB1,cyan
ABCC4,cyan
ABCC8,cyan
ABCE1,cyan
ABCF2,cyan
ABHD12B,cyan
ABHD2,cyan
ABI3,cyan
ABL1,cyan
ABLIM1,cyan
ABLIM3,cyan
ABTB2,cyan
ACADSB,cyan
ACCS,cyan
ACOT11,cyan
ACOT7,cyan
ACOX3,cyan
ACOXL,cyan
ACSF3,cyan
ACSL5,cyan
ACTL7A,cyan
ACVR1,cyan
ADAL,cyan
ADAM11,cyan
ADAMTS16,cyan
ADAMTS17,cyan
ADAP2,cyan
ADAT2,cyan
ADCY4,cyan
ADCY9,cyan
ADH5,cyan
ADRA1A,cyan
AES,cyan
AFG3L1,cyan
AGAP1,cyan
AGFG1,cyan
AGGF1,cyan
AGPAT3,cyan
AGPAT6,cyan
AGRN,cyan
AGT,cyan
AGXT2,cyan
AHRR,cyan
AK2,cyan
ALDH1A3,cyan
ALDH7A1,cyan
ALDOC,cyan
ALK,cyan
ALKBH3,cyan
ALKBH8,cyan
ALS2,cyan
ALX1,cyan
ALX4,cyan
AMN1,cyan
AMOTL1,cyan
ANK1,cyan
ANK3,cyan
ANKLE1,cyan
ANKRD11,cyan
ANKRD26,cyan
ANKRD37,cyan
ANKRD43,cyan
ANKS1A,cyan
ANKS1B,cyan
ANO1,cyan
ANTXR1,cyan
AP1S1,cyan
APEH,cyan
APPL1,cyan
ARAP2,cyan
ARHGAP12,cyan
ARHGAP22,cyan
ARHGAP26,cyan
ARHGEF12,cyan
ARHGEF3,cyan
ARID1B,cyan
ARL4A,cyan
ARL5C,cyan
ARNTL2,cyan
ARPC1A,cyan
ARPC5,cyan
ARSG,cyan
ASAP2,cyan
ASTN2,cyan
ASXL3,cyan
ATAD2B,cyan
ATF7IP2,cyan
ATG10,cyan
ATL3,cyan
ATN1,cyan
ATP11A,cyan
ATP1A1,cyan
ATP1A3,cyan
ATP5G2,cyan
ATP6V0E2,cyan
ATP6V1F,cyan
ATP6V1H,cyan
ATP8B1,cyan
ATP8B4,cyan
ATXN1,cyan
AUTS2,cyan
B3GALT5,cyan
B3GALTL,cyan
B4GALNT4,cyan
BAALC,cyan
BANP,cyan
BAT2,cyan
BAT2L1,cyan
BAZ1B,cyan
BCAS3,cyan
BCAT1,cyan
BCL2L13,cyan
BDNF,cyan
BHLHE22,cyan
BIN3,cyan
BMP7,cyan
BOC,cyan
BRAF,cyan
BRUNOL4,cyan
BSPH1,cyan
BTG2,cyan
BUB3,cyan
C10ORF11,cyan
C10ORF18,cyan
C10ORF26,cyan
C10ORF4,cyan
C10ORF71,cyan
C10ORF76,cyan
C11ORF58,cyan
C11ORF75,cyan
C12ORF12,cyan
C12ORF34,cyan
C12ORF35,cyan
C12ORF69,cyan
C12ORF71,cyan
C14ORF28,cyan
C14ORF37,cyan
C14ORF43,cyan
C15ORF27,cyan
C16ORF75,cyan
C16ORF80,cyan
C17ORF82,cyan
C1ORF105,cyan
C1ORF150,cyan
C1ORF159,cyan
C1ORF162,cyan
C1ORF183,cyan
C1ORF21,cyan
C1ORF213,cyan
C1ORF228,cyan
C1ORF51,cyan
C1ORF86,cyan
C1ORF92,cyan
C1ORF96,cyan
C1QL1,cyan
C20ORF196,cyan
C20ORF26,cyan
C22ORF27,cyan
C22ORF39,cyan
C22ORF9,cyan
C2ORF40,cyan
C2ORF70,cyan
C2ORF83,cyan
C3ORF25,cyan
C3ORF26,cyan
C3ORF31,cyan
C3ORF37,cyan
C3ORF57,cyan
C3ORF59,cyan
C5ORF32,cyan
C5ORF38,cyan
C6ORF134,cyan
C6ORF147,cyan
C6ORF217,cyan
C6ORF222,cyan
C6ORF27,cyan
C6ORF48,cyan
C6ORF57,cyan
C7ORF10,cyan
C7ORF20,cyan
C7ORF30,cyan
C8ORF56,cyan
C9ORF41,cyan
CABC1,cyan
CABLES2,cyan
CACNA1A,cyan
CACNA1C,cyan
CACNA2D1,cyan
CACNA2D3,cyan
CACNG2,cyan
CACNG4,cyan
CACNG8,cyan
CADM1,cyan
CADM3,cyan
CADPS2,cyan
CALB1,cyan
CALCR,cyan
CALD1,cyan
CALHM2,cyan
CAMTA1,cyan
CARD14,cyan
CASP7,cyan
CAT,cyan
CBARA1,cyan
CBY3,cyan
CCBP2,cyan
CCDC108,cyan
CCDC109A,cyan
CCDC109B,cyan
CCDC152,cyan
CCDC45,cyan
CCDC66,cyan
CCDC79,cyan
CCDC85A,cyan
CCDC88A,cyan
CCDC88C,cyan
CCDC92,cyan
CD164L2,cyan
CD58,cyan
CDC27,cyan
CDCA2,cyan
CDGAP,cyan
CDH1,cyan
CDKAL1,cyan
CDKL1,cyan
CDYL,cyan
CELSR2,cyan
CHCHD10,cyan
CHD3,cyan
CHD5,cyan
CHD9,cyan
CHI3L2,cyan
CHL1,cyan
CHN1,cyan
CHORDC1,cyan
CHRM2,cyan
CHST12,cyan
CHST13,cyan
CKAP5,cyan
CKB,cyan
CLDN12,cyan
CLDN25,cyan
CLDN4,cyan
CLIP2,cyan
CLVS2,cyan
CLYBL,cyan
CMIP,cyan
CMTM7,cyan
CNIH4,cyan
CNKSR3,cyan
CNTNAP2,cyan
COL12A1,cyan
COL13A1,cyan
COL4A3BP,cyan
COL5A3,cyan
COMMD3,cyan
COX5B,cyan
CPAMD8,cyan
CPB1,cyan
CPD,cyan
CPEB4,cyan
CPLX2,cyan
CRAMP1L,cyan
CREB5,cyan
CREBBP,cyan
CREM,cyan
CROT,cyan
CRYGN,cyan
CSDE1,cyan
CSMD2,cyan
CSMD3,cyan
CSNK1G2,cyan
CTNNA2,cyan
CTSH,cyan
CTTN,cyan
CUGBP1,cyan
CUL2,cyan
CUX1,cyan
CX3CR1,cyan
CXXC5,cyan
CYFIP1,cyan
DAPK1,cyan
DBC1,cyan
DCAF17,cyan
DCBLD1,cyan
DCLK3,cyan
DCUN1D2,cyan
DCUN1D5,cyan
DDC,cyan
DDO,cyan
DDX19A,cyan
DEFB136,cyan
DENND3,cyan
DGCR6,cyan
DGKI,cyan
DHRS12,cyan
DHRS3,cyan
DHX37,cyan
DIP2C,cyan
DKFZP434H168,cyan
DKK1,cyan
DLL3,cyan
DLX4,cyan
DNAH5,cyan
DNAJC6,cyan
DNAJC9,cyan
DOCK1,cyan
DOHH,cyan
DOK7,cyan
DPCR1,cyan
DPP6,cyan
DPYSL3,cyan
DSCAM,cyan
DSCR3,cyan
DST,cyan
DUSP11,cyan
DUSP27,cyan
DUSP6,cyan
DVL3,cyan
DYNC1I1,cyan
EBF2,cyan
EBF3,cyan
EDEM3,cyan
EDNRB,cyan
EEFSEC,cyan
EFEMP1,cyan
EFNA5,cyan
EFR3B,cyan
EGR1,cyan
EGR3,cyan
EHMT2,cyan
EI24,cyan
EIF2AK2,cyan
EIF2C2,cyan
EIF2S1,cyan
EIF3B,cyan
EIF4ENIF1,cyan
EIF5A2,cyan
ELAVL4,cyan
ELFN2,cyan
ELL2,cyan
ELOVL7,cyan
ELP2P,cyan
ELP4,cyan
EMP3,cyan
EN2,cyan
ENAH,cyan
ENOPH1,cyan
ENPP2,cyan
ENPP4,cyan
ENPP6,cyan
ENSA,cyan
EPHB1,cyan
EPS8L2,cyan
ERBB2,cyan
ERC1,cyan
ERGIC1,cyan
ERGIC2,cyan
ERICH1,cyan
ERLIN2,cyan
ESPNL,cyan
ESYT2,cyan
ETFA,cyan
ETS2,cyan
EXOC3,cyan
EYA1,cyan
EZH2,cyan
FAM101A,cyan
FAM120A,cyan
FAM124A,cyan
FAM131B,cyan
FAM134B,cyan
FAM13C,cyan
FAM160B1,cyan
FAM171B,cyan
FAM184A,cyan
FAM190A,cyan
FAM196B,cyan
FAM198A,cyan
FAM3B,cyan
FAM49A,cyan
FAM5B,cyan
FANCF,cyan
FARP1,cyan
FBXL14,cyan
FBXL17,cyan
FBXL21,cyan
FBXO21,cyan
FBXO31,cyan
FBXO42,cyan
FBXO9,cyan
FDX1,cyan
FER1L6,cyan
FGF3,cyan
FGF7,cyan
FGFR1,cyan
FGGY,cyan
FKBP7,cyan
FLAD1,cyan
FLG,cyan
FLI1,cyan
FLJ10357,cyan
FLJ22536,cyan
FLJ35024,cyan
FLJ43390,cyan
FLOT1,cyan
FMN2,cyan
FNDC1,cyan
FNDC3B,cyan
FNDC7,cyan
FOXC2,cyan
FOXF2,cyan
FOXI2,cyan
FOXL1,cyan
FOXP1,cyan
FRMD5,cyan
FUT8,cyan
FXYD1,cyan
FXYD3,cyan
FXYD6,cyan
FXYD7,cyan
FZD1,cyan
G2E3,cyan
GABBR1,cyan
GABRB3,cyan
GABRG3,cyan
GAL3ST2,cyan
GAL3ST3,cyan
GALM,cyan
GALR1,cyan
GAP43,cyan
GAS7,cyan
GATA5,cyan
GATA6,cyan
GATAD1,cyan
GBP7,cyan
GCLC,cyan
GGTA1,cyan
GHR,cyan
GIMAP5,cyan
GLDN,cyan
GLI3,cyan
GLYATL2,cyan
GMDS,cyan
GNA12,cyan
GNB1,cyan
GNG12,cyan
GNG2,cyan
GNG7,cyan
GPC5,cyan
GPC6,cyan
GPR113,cyan
GPR116,cyan
GPR133,cyan
GPR160,cyan
GPR39,cyan
GPR56,cyan
GPR98,cyan
GPSM3,cyan
GRAMD1B,cyan
GRAMD3,cyan
GRHL1,cyan
GRIA4,cyan
GRID1,cyan
GRIK2,cyan
GRM3,cyan
GRM8,cyan
GRN,cyan
GSC,cyan
GSTM2,cyan
GSX1,cyan
GTF2E2,cyan
GTF3C6,cyan
GUCY1B2,cyan
H3F3B,cyan
HAPLN4,cyan
HAUS4,cyan
HCG18,cyan
HCG9,cyan
HDAC4,cyan
HDAC7,cyan
HEATR2,cyan
HELZ,cyan
HES1,cyan
HEXB,cyan
HEY1,cyan
HINT3,cyan
HIST1H2AD,cyan
HIST1H4L,cyan
HIVEP2,cyan
HIVEP3,cyan
HK1,cyan
HLA-DPA1,cyan
HLA-H,cyan
HLF,cyan
HN1L,cyan
HNF1B,cyan
HNRPLL,cyan
HOMER1,cyan
HOPX,cyan
HORMAD2,cyan
HOXC4,cyan
HPCA,cyan
HPS3,cyan
HPSE,cyan
HR,cyan
HRNBP3,cyan
HS3ST3B1,cyan
HSBP1L1,cyan
HSPA7,cyan
HTR1A,cyan
HYAL1,cyan
ID2,cyan
IDH1,cyan
IDI1,cyan
IER3,cyan
IFT140,cyan
IFT74,cyan
IGDCC3,cyan
IGF2AS,cyan
IGF2BP3,cyan
IGHMBP2,cyan
IL20RA,cyan
ILKAP,cyan
INO80C,cyan
INPP5A,cyan
INS-IGF2,cyan
INSM2,cyan
INTS7,cyan
IPO7,cyan
IPO9,cyan
IRAK4,cyan
IRF3,cyan
ISLR2,cyan
ITGAM,cyan
ITPR2,cyan
JMJD7,cyan
JMY,cyan
JRK,cyan
KANK1,cyan
KATNB1,cyan
KBTBD6,cyan
KCNA4,cyan
KCNAB1,cyan
KCND3,cyan
KCNIP4,cyan
KCNMA1,cyan
KCNN2,cyan
KCNQ2,cyan
KCNT1,cyan
KCTD18,cyan
KDM1B,cyan
KEAP1,cyan
KHDRBS2,cyan
KIAA0408,cyan
KIAA0556,cyan
KIAA0748,cyan
KIAA0895,cyan
KIAA1024,cyan
KIAA1161,cyan
KIAA1310,cyan
KIAA1486,cyan
KIAA1530,cyan
KIAA1919,cyan
KIF13B,cyan
KIF1A,cyan
KIF24,cyan
KIF25,cyan
KIF5C,cyan
KIFC1,cyan
KLC1,cyan
KLF10,cyan
KLF16,cyan
KLHL2,cyan
KLHL24,cyan
KLHL29,cyan
KLHL5,cyan
KMO,cyan
KNDC1,cyan
KPNA1,cyan
KRR1,cyan
KRT27,cyan
KRT7,cyan
KRTAP1-1,cyan
KSR2,cyan
LACE1,cyan
LACTB2,cyan
LCORL,cyan
LCT,cyan
LDB3,cyan
LGI4,cyan
LGR4,cyan
LIPJ,cyan
LMO3,cyan
LMO7,cyan
LMX1B,cyan
LOC100129354,cyan
LOC100133612,cyan
LOC100133991,cyan
LOC100134259,cyan
LOC134466,cyan
LOC145783,cyan
LOC145814,cyan
LOC152225,cyan
LOC200726,cyan
LOC221710,cyan
LOC283050,cyan
LOC283731,cyan
LOC284632,cyan
LOC285629,cyan
LOC399815,cyan
LOC641518,cyan
LOC645323,cyan
LOC652276,cyan
LOC729991-MEF2B,cyan
LOH12CR1,cyan
LPAR6,cyan
LPCAT1,cyan
LPGAT1,cyan
LPIN1,cyan
LPP,cyan
LRP1,cyan
LRP11,cyan
LRP5,cyan
LRPPRC,cyan
LRRC16A,cyan
LRRC3B,cyan
LRRC4,cyan
LRRC42,cyan
LRRC4B,cyan
LRRC8C,cyan
LRRK1,cyan
LRRN2,cyan
LSM14A,cyan
LYPD1,cyan
LYSMD3,cyan
MACC1,cyan
MAD1L1,cyan
MAFK,cyan
MAK,cyan
MAML2,cyan
MAP1B,cyan
MAPK13,cyan
MATN2,cyan
MCM5,cyan
MDFIC,cyan
MDGA2,cyan
ME3,cyan
MED27,cyan
MEF2C,cyan
MEF2D,cyan
MEGF9,cyan
MEIS2,cyan
METT5D1,cyan
MFSD6,cyan
MGC27382,cyan
MGC87042,cyan
MGLL,cyan
MGST2,cyan
MIA,cyan
MIR136,cyan
MIR1915,cyan
MIR29B2,cyan
MIR487B,cyan
MIR548N,cyan
MIR578,cyan
MIR644,cyan
MIR744,cyan
MKI67,cyan
MKLN1,cyan
MKRN1,cyan
MLF2,cyan
MOBKL2A,cyan
MON1A,cyan
MON2,cyan
MOSC1,cyan
MPEG1,cyan
MPPED2,cyan
MRPS18A,cyan
MRPS24,cyan
MRPS28,cyan
MS4A12,cyan
MSH2,cyan
MSH4,cyan
MSRA,cyan
MT1A,cyan
MT3,cyan
MTHFD1L,cyan
MTMR12,cyan
MTMR14,cyan
MTMR15,cyan
MTMR7,cyan
MTRF1,cyan
MUC16,cyan
MVK,cyan
MYC,cyan
MYCL1,cyan
MYH10,cyan
MYH14,cyan
MYH6,cyan
MYLIP,cyan
MYLK2,cyan
MYO16,cyan
MYOCD,cyan
MYOM2,cyan
N4BP2L1,cyan
N4BP2L2,cyan
N4BP3,cyan
NADSYN1,cyan
NALCN,cyan
NARG2,cyan
NCALD,cyan
NCAM1,cyan
NCKAP5,cyan
NCKIPSD,cyan
NCOR2,cyan
NDST3,cyan
NDUFA4L2,cyan
NDUFB2,cyan
NDUFV3,cyan
NEFL,cyan
NEIL2,cyan
NEK2,cyan
NELL1,cyan
NEO1,cyan
NEURL1B,cyan
NEUROG2,cyan
NF1,cyan
NFATC1,cyan
NFATC3,cyan
NFIL3,cyan
NFIX,cyan
NFKB1,cyan
NKAIN3,cyan
NKX3-1,cyan
NKX6-1,cyan
NLGN1,cyan
NNMT,cyan
NODAL,cyan
NOP14,cyan
NOTCH3,cyan
NOTUM,cyan
NOV,cyan
NPM2,cyan
NPPC,cyan
NPTN,cyan
NPY,cyan
NR1H3,cyan
NRF1,cyan
NRL,cyan
NRP1,cyan
NRXN3,cyan
NT5C2,cyan
NTF3,cyan
NTNG2,cyan
NTRK3,cyan
NUCB2,cyan
NUDT6,cyan
NUP153,cyan
NUP160,cyan
NUP37,cyan
OBSCN,cyan
ODZ3,cyan
OIT3,cyan
OLFM2,cyan
ONECUT2,cyan
OPCML,cyan
OPRM1,cyan
OR10H3,cyan
OR51E2,cyan
OSBPL3,cyan
OSCAR,cyan
OSR2,cyan
OTUD3,cyan
OXCT1,cyan
P2RX3,cyan
P2RX7,cyan
P2RY2,cyan
PAK7,cyan
PAPLN,cyan
PAPOLB,cyan
PAQR4,cyan
PAQR5,cyan
PARD3,cyan
PARK2,cyan
PATE3,cyan
PCDHA6,cyan
PCDHGA1,cyan
PCDHGA4,cyan
PCDHGB5,cyan
PCNXL2,cyan
PCOLCE,cyan
PDE1A,cyan
PDE3B,cyan
PDE6B,cyan
PDIA3P,cyan
PDS5B,cyan
PDSS2,cyan
PELI1,cyan
PEX3,cyan
PEX5L,cyan
PFKFB4,cyan
PFKP,cyan
PGAP2,cyan
PGD,cyan
PHF1,cyan
PHPT1,cyan
PI16,cyan
PIK3C3,cyan
PION,cyan
PIP5K1A,cyan
PIRT,cyan
PITPNC1,cyan
PKDCC,cyan
PLA2G6,cyan
PLAC8L1,cyan
PLAGL1,cyan
PLD1,cyan
PLD2,cyan
PLEKHF1,cyan
PLEKHG1,cyan
PLEKHG7,cyan
PLEKHM2,cyan
PLK4,cyan
PNMA2,cyan
PNMT,cyan
PNPLA7,cyan
PODXL2,cyan
POLD3,cyan
POLH,cyan
POLR1A,cyan
POLR2G,cyan
PON2,cyan
PON3,cyan
POP4,cyan
POU2F1,cyan
POU3F3,cyan
PPAPDC1A,cyan
PPHLN1,cyan
PPM1H,cyan
PPM1L,cyan
PPOX,cyan
PPP2R2A,cyan
PPP2R5E,cyan
PPP3CA,cyan
PPP3R2,cyan
PRDM15,cyan
PRDM6,cyan
PRDM8,cyan
PRDX1,cyan
PREP,cyan
PRH1,cyan
PRIMA1,cyan
PRKAR1B,cyan
PRKCA,cyan
PRKD3,cyan
PRKRIP1,cyan
PROSC,cyan
PRPH,cyan
PRRC1,cyan
PRSS35,cyan
PRTG,cyan
PSMA7,cyan
PSMB1,cyan
PSMB4,cyan
PSMC4,cyan
PSMD9,cyan
PTBP1,cyan
PTDSS2,cyan
PTMA,cyan
PTPN6,cyan
PTPRC,cyan
PTPRD,cyan
PTPRM,cyan
PTPRN2,cyan
PURG,cyan
PVT1,cyan
PWWP2B,cyan
RAB18,cyan
RAB1A,cyan
RAB2A,cyan
RAB36,cyan
RAB38,cyan
RAB4A,cyan
RAB4B,cyan
RAD21L1,cyan
RADIL,cyan
RAI1,cyan
RALA,cyan
RALGDS,cyan
RASGEF1C,cyan
RASGRF2,cyan
RASSF6,cyan
RASSF8,cyan
RAVER2,cyan
RBCK1,cyan
RBMS3,cyan
RCN3,cyan
RDX,cyan
RFX6,cyan
RIOK1,cyan
RIPK4,cyan
RND1,cyan
RNF126P1,cyan
RNF130,cyan
RNF138,cyan
RNF220,cyan
RNF5P1,cyan
RNF8,cyan
RNFT2,cyan
ROBO1,cyan
RORA,cyan
RPA3,cyan
RPH3AL,cyan
RPN2,cyan
RPS10,cyan
RPS20,cyan
RPS6KA5,cyan
RPSAP52,cyan
RPTOR,cyan
RSPO2,cyan
RTN4IP1,cyan
S100A8,cyan
SAMD12,cyan
SAMM50,cyan
SBF1,cyan
SBNO2,cyan
SCAPER,cyan
SCARA5,cyan
SCARNA27,cyan
SCD,cyan
SCFD2,cyan
SCOC,cyan
SCP2,cyan
SCRN1,cyan
SCYL3,cyan
SDHAP3,cyan
SDHC,cyan
SEC14L1,cyan
SEC22B,cyan
SEC61G,cyan
SEL1L3,cyan
SELS,cyan
SEMA3B,cyan
SEMA3E,cyan
SEMA5B,cyan
SEPHS1,cyan
SEPT5,cyan
SEPT8,cyan
SERF2,cyan
SERINC5,cyan
SERPINB12,cyan
SERPINE1,cyan
SFRP2,cyan
SFRS12IP1,cyan
SFRS5,cyan
SGIP1,cyan
SGK1,cyan
SH3PXD2A,cyan
SH3TC2,cyan
SHANK2,cyan
SHCBP1,cyan
SIAH3,cyan
SIM2,cyan
SIRT5,cyan
SIX2,cyan
SIX3,cyan
SKI,cyan
SLAIN2,cyan
SLC10A7,cyan
SLC12A2,cyan
SLC12A7,cyan
SLC16A1,cyan
SLC16A12,cyan
SLC19A2,cyan
SLC19A3,cyan
SLC1A2,cyan
SLC20A1,cyan
SLC22A18AS,cyan
SLC22A23,cyan
SLC25A38,cyan
SLC25A42,cyan
SLC26A11,cyan
SLC2A10,cyan
SLC2A2,cyan
SLC2A6,cyan
SLC35E3,cyan
SLC36A3,cyan
SLC38A1,cyan
SLC39A14,cyan
SLC41A2,cyan
SLC43A2,cyan
SLC45A4,cyan
SLC48A1,cyan
SLC4A4,cyan
SLC7A8,cyan
SLC8A1,cyan
SLIT2,cyan
SLU7,cyan
SMNDC1,cyan
SMOC2,cyan
SMPD3,cyan
SMTNL2,cyan
SNAI1,cyan
SNCAIP,cyan
SND1,cyan
SNHG3-RCC1,cyan
SNORA26,cyan
SNORA39,cyan
SNORD116-1,cyan
SNORD43,cyan
SNTG2,cyan
SNX5,cyan
SOBP,cyan
SORCS3,cyan
SOS2,cyan
SPAG6,cyan
SPAM1,cyan
SPATA22,cyan
SPATA5,cyan
SPEF2,cyan
SPIN1,cyan
SPOCK2,cyan
SPON2,cyan
SPOP,cyan
SRCIN1,cyan
SREBF2,cyan
SRI,cyan
SRP19,cyan
SRPK1,cyan
SRPK2,cyan
SRRM4,cyan
SSBP2,cyan
SSBP3,cyan
SSBP4,cyan
SSU72,cyan
ST18,cyan
ST8SIA5,cyan
STARD3,cyan
STC2,cyan
STEAP2,cyan
STK32C,cyan
STMN2,cyan
STON1-GTF2A1L,cyan
STOX1,cyan
STOX2,cyan
STRA8,cyan
STRN3,cyan
STX2,cyan
STX7,cyan
SUMO1,cyan
SUOX,cyan
SURF6,cyan
SVIL,cyan
SYNE1,cyan
SYNE2,cyan
SYNGAP1,cyan
SYNJ1,cyan
SYNJ2,cyan
SYNPO2,cyan
SYT11,cyan
SYT6,cyan
TAF11,cyan
TAF6L,cyan
TAGLN3,cyan
TANC1,cyan
TBC1D8,cyan
TBCD,cyan
TBL1XR1,cyan
TBX15,cyan
TBX3,cyan
TBXA2R,cyan
TCF19,cyan
TCF7L2,cyan
TCP1,cyan
TCP10L,cyan
TCP11L2,cyan
TCTEX1D1,cyan
TDRD6,cyan
TEC,cyan
TEDDM1,cyan
TERT,cyan
TFAM,cyan
TFAP2B,cyan
TFCP2L1,cyan
THRB,cyan
THY1,cyan
TIFA,cyan
TJP1,cyan
TLE2,cyan
TLR9,cyan
TM9SF3,cyan
TMCO1,cyan
TMCO3,cyan
TMED5,cyan
TMEM115,cyan
TMEM132E,cyan
TMEM145,cyan
TMEM175,cyan
TMEM180,cyan
TMEM184B,cyan
TMEM214,cyan
TMEM25,cyan
TMEM59L,cyan
TMIGD1,cyan
TNFAIP3,cyan
TNFSF15,cyan
TNIK,cyan
TNNC1,cyan
TNNT2,cyan
TNRC6C,cyan
TNS1,cyan
TNXB,cyan
TOR2A,cyan
TOX,cyan
TOX2,cyan
TPO,cyan
TRAF3IP2,cyan
TRAM2,cyan
TRAPPC3,cyan
TRAPPC5,cyan
TRIB1,cyan
TRIM13,cyan
TRIM26,cyan
TRIM27,cyan
TRIM3,cyan
TRIM31,cyan
TRIM42,cyan
TRIP11,cyan
TRMT11,cyan
TRUB1,cyan
TSKU,cyan
TSNARE1,cyan
TSPAN15,cyan
TSPAN19,cyan
TSPYL4,cyan
TTC15,cyan
TTC32,cyan
TTLL8,cyan
TTYH3,cyan
TUBA4B,cyan
TUBB2B,cyan
TWIST1,cyan
TXNDC11,cyan
TXNDC5,cyan
UBE2D3,cyan
UBE2H,cyan
UBN1,cyan
UBXN7,cyan
UNC119,cyan
USP33,cyan
USP47,cyan
UVRAG,cyan
VENTX,cyan
VGLL4,cyan
VIPR2,cyan
VPS13D,cyan
VPS37B,cyan
VPS53,cyan
VWA3B,cyan
VWC2L,cyan
VWCE,cyan
VWDE,cyan
WBP11,cyan
WBSCR17,cyan
WDR16,cyan
WDR17,cyan
WDR25,cyan
WDR34,cyan
WDR36,cyan
WDR47,cyan
WDR60,cyan
WDR70,cyan
WDTC1,cyan
WNK1,cyan
WNK4,cyan
WNT10A,cyan
WNT10B,cyan
WNT5A,cyan
WNT6,cyan
WWP1,cyan
WWP2,cyan
XKR6,cyan
XPNPEP3,cyan
XPO6,cyan
XPR1,cyan
YPEL2,cyan
ZBTB17,cyan
ZBTB47,cyan
ZC3H12C,cyan
ZC3H3,cyan
ZCCHC10,cyan
ZCCHC14,cyan
ZCCHC17,cyan
ZCCHC7,cyan
ZDHHC14,cyan
ZEB1,cyan
ZFAND2B,cyan
ZFAT,cyan
ZFP64,cyan
ZFPM2,cyan
ZFYVE28,cyan
ZIC5,cyan
ZMIZ1,cyan
ZNF124,cyan
ZNF135,cyan
ZNF140,cyan
ZNF148,cyan
ZNF167,cyan
ZNF174,cyan
ZNF215,cyan
ZNF221,cyan
ZNF222,cyan
ZNF224,cyan
ZNF230,cyan
ZNF238,cyan
ZNF277,cyan
ZNF281,cyan
ZNF322A,cyan
ZNF365,cyan
ZNF385B,cyan
ZNF451,cyan
ZNF502,cyan
ZNF532,cyan
ZNF584,cyan
ZNF585B,cyan
ZNF608,cyan
ZNF614,cyan
ZNF615,cyan
ZNF662,cyan
ZNF669,cyan
ZNF77,cyan
ZNF772,cyan
ZNF777,cyan
ZNF804A,cyan
A4GALT,darkgreen
AASS,darkgreen
ABCA4,darkgreen
ABCB1,darkgreen
ABCB10,darkgreen
ABCG2,darkgreen
ABHD12B,darkgreen
ABL1,darkgreen
ABLIM1,darkgreen
ABTB2,darkgreen
ACACA,darkgreen
ACAT1,darkgreen
ACBD3,darkgreen
ACBD5,darkgreen
ACD,darkgreen
ACOT7,darkgreen
ACOX3,darkgreen
ACTG1,darkgreen
ACTR1A,darkgreen
ACY1,darkgreen
ADAM17,darkgreen
ADAM22,darkgreen
ADAM9,darkgreen
ADAMTS1,darkgreen
ADAMTS12,darkgreen
ADAMTS16,darkgreen
ADAMTS17,darkgreen
ADAMTS3,darkgreen
ADAMTSL4,darkgreen
ADARB2,darkgreen
ADAT1,darkgreen
ADAT2,darkgreen
ADHFE1,darkgreen
ADIPOR2,darkgreen
ADRA2B,darkgreen
ADRBK1,darkgreen
AGAP2,darkgreen
AGBL4,darkgreen
AGBL5,darkgreen
AGPAT3,darkgreen
AGPAT4,darkgreen
AGRN,darkgreen
AICDA,darkgreen
AIFM2,darkgreen
AIRE,darkgreen
AJAP1,darkgreen
AKAP12,darkgreen
AKAP8,darkgreen
AKIRIN1,darkgreen
AKR1A1,darkgreen
AKT1,darkgreen
AKT1S1,darkgreen
ALDH1L2,darkgreen
ALKBH5,darkgreen
ALKBH6,darkgreen
ALOXE3,darkgreen
AMBRA1,darkgreen
ANAPC13,darkgreen
ANGEL2,darkgreen
ANKH,darkgreen
ANKRD11,darkgreen
ANKRD16,darkgreen
ANKRD26P1,darkgreen
ANKRD37,darkgreen
ANKRD50,darkgreen
ANKRD53,darkgreen
ANKZF1,darkgreen
ANO10,darkgreen
ANO4,darkgreen
ANP32E,darkgreen
ANPEP,darkgreen
ANUBL1,darkgreen
ANXA5,darkgreen
AP1G1,darkgreen
AP1G2,darkgreen
AP2A2,darkgreen
AP3B1,darkgreen
APITD1,darkgreen
AQR,darkgreen
ARAP1,darkgreen
ARF4,darkgreen
ARFGAP1,darkgreen
ARHGEF10,darkgreen
ARHGEF11,darkgreen
ARHGEF17,darkgreen
ARHGEF18,darkgreen
ARHGEF19,darkgreen
ARL13B,darkgreen
ARL16,darkgreen
ARL4A,darkgreen
ARL4D,darkgreen
ARL6,darkgreen
ARMC10,darkgreen
ARMC3,darkgreen
ARPP19,darkgreen
ASB1,darkgreen
ASCL1,darkgreen
ASF1B,darkgreen
ASPA,darkgreen
ASPM,darkgreen
ATAD3A,darkgreen
ATF1,darkgreen
ATF3,darkgreen
ATF6B,darkgreen
ATF7IP,darkgreen
ATG16L1,darkgreen
ATG16L2,darkgreen
ATG2A,darkgreen
ATG2B,darkgreen
ATIC,darkgreen
ATL1,darkgreen
ATL2,darkgreen
ATM,darkgreen
ATP10A,darkgreen
ATP10D,darkgreen
ATP11A,darkgreen
ATP13A3,darkgreen
ATP13A5,darkgreen
ATP1B3,darkgreen
ATP5B,darkgreen
ATP5G1,darkgreen
ATP5H,darkgreen
ATP5J2,darkgreen
ATP6V0D1,darkgreen
ATP6V1B1,darkgreen
ATP6V1C1,darkgreen
ATP6V1H,darkgreen
ATRNL1,darkgreen
ATXN3,darkgreen
AVEN,darkgreen
AVPR1A,darkgreen
AXIN1,darkgreen
B3GAT1,darkgreen
B3GNTL1,darkgreen
B4GALNT2,darkgreen
B4GALT4,darkgreen
BAIAP2,darkgreen
BAT1,darkgreen
BAT2,darkgreen
BAT2L2,darkgreen
BAT4,darkgreen
BBS4,darkgreen
BCAP29,darkgreen
BCAS3,darkgreen
BCL11B,darkgreen
BCL2,darkgreen
BCL2L15,darkgreen
BCL3,darkgreen
BCL7A,darkgreen
BCL9,darkgreen
BCL9L,darkgreen
BCR,darkgreen
BDNF,darkgreen
BEND6,darkgreen
BEND7,darkgreen
BET1,darkgreen
BICC1,darkgreen
BIVM,darkgreen
BMP2K,darkgreen
BPHL,darkgreen
BRD2,darkgreen
BRE,darkgreen
BRF2,darkgreen
BRI3BP,darkgreen
BRMS1L,darkgreen
BRUNOL5,darkgreen
BSDC1,darkgreen
BTBD12,darkgreen
BTC,darkgreen
BTG1,darkgreen
BTNL2,darkgreen
BZW2,darkgreen
C10ORF114,darkgreen
C10ORF129,darkgreen
C10ORF140,darkgreen
C10ORF2,darkgreen
C10ORF32,darkgreen
C10ORF41,darkgreen
C10ORF47,darkgreen
C11ORF1,darkgreen
C11ORF58,darkgreen
C11ORF60,darkgreen
C11ORF71,darkgreen
C12ORF49,darkgreen
C12ORF51,darkgreen
C12ORF65,darkgreen
C13ORF30,darkgreen
C13ORF34,darkgreen
C14ORF138,darkgreen
C14ORF148,darkgreen
C14ORF166,darkgreen
C14ORF179,darkgreen
C14ORF184,darkgreen
C14ORF2,darkgreen
C14ORF37,darkgreen
C16ORF72,darkgreen
C17ORF61,darkgreen
C17ORF63,darkgreen
C17ORF95,darkgreen
C19ORF48,darkgreen
C19ORF52,darkgreen
C19ORF56,darkgreen
C19ORF66,darkgreen
C19ORF73,darkgreen
C1ORF107,darkgreen
C1ORF109,darkgreen
C1ORF131,darkgreen
C1ORF230,darkgreen
C1ORF31,darkgreen
C1ORF86,darkgreen
C1ORF95,darkgreen
C20ORF117,darkgreen
C20ORF20,darkgreen
C20ORF202,darkgreen
C20ORF26,darkgreen
C21ORF128,darkgreen
C21ORF67,darkgreen
C22ORF26,darkgreen
C22ORF9,darkgreen
C2CD4A,darkgreen
C2ORF63,darkgreen
C2ORF67,darkgreen
C3ORF10,darkgreen
C3ORF31,darkgreen
C3ORF38,darkgreen
C4ORF14,darkgreen
C4ORF29,darkgreen
C4ORF36,darkgreen
C4ORF41,darkgreen
C4ORF46,darkgreen
C5ORF24,darkgreen
C5ORF41,darkgreen
C6ORF103,darkgreen
C6ORF155,darkgreen
C6ORF204,darkgreen
C6ORF211,darkgreen
C7ORF10,darkgreen
C7ORF26,darkgreen
C7ORF41,darkgreen
C7ORF50,darkgreen
C7ORF58,darkgreen
C8ORF58,darkgreen
C9ORF103,darkgreen
C9ORF167,darkgreen
C9ORF173,darkgreen
C9ORF25,darkgreen
C9ORF86,darkgreen
CABLES2,darkgreen
CACNA1G,darkgreen
CACNB1,darkgreen
CACNB2,darkgreen
CADM2,darkgreen
CADPS,darkgreen
CALM2,darkgreen
CAMSAP1L1,darkgreen
CAND2,darkgreen
CAPS2,darkgreen
CASC1,darkgreen
CASKIN1,darkgreen
CASP9,darkgreen
CBX1,darkgreen
CBX7,darkgreen
CBY1,darkgreen
CCBE1,darkgreen
CCDC115,darkgreen
CCDC117,darkgreen
CCDC123,darkgreen
CCDC150,darkgreen
CCDC151,darkgreen
CCDC28A,darkgreen
CCDC77,darkgreen
CCNC,darkgreen
CCND2,darkgreen
CCND3,darkgreen
CCNE2,darkgreen
CCNI,darkgreen
CD276,darkgreen
CD320,darkgreen
CD40,darkgreen
CD55,darkgreen
CD81,darkgreen
CDAN1,darkgreen
CDC16,darkgreen
CDC25B,darkgreen
CDCA7,darkgreen
CDH11,darkgreen
CDH9,darkgreen
CDK11B,darkgreen
CDK12,darkgreen
CDK6,darkgreen
CDKN2AIP,darkgreen
CDS2,darkgreen
CDT1,darkgreen
CDYL,darkgreen
CEBPA,darkgreen
CELSR2,darkgreen
CENPA,darkgreen
CENPE,darkgreen
CENPK,darkgreen
CEP57,darkgreen
CEP97,darkgreen
CFLAR,darkgreen
CHCHD4,darkgreen
CHCHD6,darkgreen
CHD6,darkgreen
CHEK1,darkgreen
CHMP2B,darkgreen
CHRNB3,darkgreen
CHST1,darkgreen
CHST14,darkgreen
CHSY1,darkgreen
CHTF18,darkgreen
CLASP1,darkgreen
CLCN2,darkgreen
CLDN10,darkgreen
CLK2,darkgreen
CLK3,darkgreen
CLK4,darkgreen
CLN5,darkgreen
CLSTN1,darkgreen
CMTM4,darkgreen
CNIH4,darkgreen
CNN2,darkgreen
CNO,darkgreen
CNTLN,darkgreen
CNTN1,darkgreen
CNTN5,darkgreen
CNTNAP1,darkgreen
COG8,darkgreen
COL11A1,darkgreen
COL11A2,darkgreen
COL1A1,darkgreen
COL24A1,darkgreen
COL4A3,darkgreen
COL4A3BP,darkgreen
COMP,darkgreen
COMTD1,darkgreen
COPG2,darkgreen
COPZ2,darkgreen
CORIN,darkgreen
CORO1C,darkgreen
CORO7,darkgreen
COX16,darkgreen
COX4NB,darkgreen
COX7A2,darkgreen
CPT1A,darkgreen
CPZ,darkgreen
CR1,darkgreen
CREB5,darkgreen
CRHBP,darkgreen
CRIPT,darkgreen
CRISP1,darkgreen
CRYL1,darkgreen
CSDE1,darkgreen
CSF1,darkgreen
CSK,darkgreen
CSMD2,darkgreen
CSNK1G3,darkgreen
CSTA,darkgreen
CTR9,darkgreen
CTSA,darkgreen
CTSB,darkgreen
CUGBP1,darkgreen
CUL1,darkgreen
CUL3,darkgreen
CUZD1,darkgreen
CXXC4,darkgreen
CYC1,darkgreen
CYHR1,darkgreen
CYP26B1,darkgreen
CYP2E1,darkgreen
CYP46A1,darkgreen
DAB2IP,darkgreen
DAGLB,darkgreen
DALRD3,darkgreen
DAXX,darkgreen
DAZAP2,darkgreen
DBN1,darkgreen
DBT,darkgreen
DCAF11,darkgreen
DCAF13,darkgreen
DCLRE1B,darkgreen
DCP1A,darkgreen
DCPS,darkgreen
DCTD,darkgreen
DCTPP1,darkgreen
DCUN1D2,darkgreen
DDA1,darkgreen
DDHD2,darkgreen
DDN,darkgreen
DDX41,darkgreen
DDX46,darkgreen
DDX54,darkgreen
DDX58,darkgreen
DEF6,darkgreen
DENND1A,darkgreen
DEPDC5,darkgreen
DERL3,darkgreen
DFFA,darkgreen
DFNB31,darkgreen
DGKI,darkgreen
DGKZ,darkgreen
DHODH,darkgreen
DHRS12,darkgreen
DHX16,darkgreen
DHX30,darkgreen
DIO3,darkgreen
DISC2,darkgreen
DKKL1,darkgreen
DLGAP2,darkgreen
DLGAP3,darkgreen
DLGAP5,darkgreen
DLST,darkgreen
DMRT2,darkgreen
DNA2,darkgreen
DNAH17,darkgreen
DNAH7,darkgreen
DNAH8,darkgreen
DNAJB13,darkgreen
DNAJC28,darkgreen
DNMBP,darkgreen
DOCK1,darkgreen
DOCK6,darkgreen
DPF3,darkgreen
DPH3B,darkgreen
DPPA3,darkgreen
DPY19L3,darkgreen
DPYSL3,darkgreen
DSC3,darkgreen
DTX3,darkgreen
DUSP12,darkgreen
DUSP16,darkgreen
DUSP5P,darkgreen
DUT,darkgreen
DVL3,darkgreen
DYNC1LI2,darkgreen
E2F1,darkgreen
ECH1,darkgreen
ECHDC3,darkgreen
EDN1,darkgreen
EEF1A1,darkgreen
EEF1DP3,darkgreen
EEF1E1,darkgreen
EEF2,darkgreen
EFCAB5,darkgreen
EFCAB6,darkgreen
EFHA1,darkgreen
EFHC1,darkgreen
EFHD1,darkgreen
EFNA2,darkgreen
EGFLAM,darkgreen
EGFR,darkgreen
EGR1,darkgreen
EGR2,darkgreen
EHD2,darkgreen
EID2,darkgreen
EIF2AK1,darkgreen
EIF3B,darkgreen
EIF3E,darkgreen
EIF3L,darkgreen
EIF4E,darkgreen
ELK3,darkgreen
ELK4,darkgreen
ELL,darkgreen
ELOF1,darkgreen
ENC1,darkgreen
ENOX1,darkgreen
ENY2,darkgreen
EOMES,darkgreen
EP400,darkgreen
EP400NL,darkgreen
EPB41,darkgreen
EPM2AIP1,darkgreen
EPN1,darkgreen
EPS8L1,darkgreen
ERBB2IP,darkgreen
ERCC1,darkgreen
ERCC2,darkgreen
ERCC8,darkgreen
ERN1,darkgreen
ERP44,darkgreen
ESRP1,darkgreen
ETFB,darkgreen
EXO1,darkgreen
EXOC1,darkgreen
EXOC2,darkgreen
EXOC4,darkgreen
EXOC6,darkgreen
EXOSC3,darkgreen
EYA2,darkgreen
FAM100A,darkgreen
FAM102B,darkgreen
FAM103A1,darkgreen
FAM114A2,darkgreen
FAM115A,darkgreen
FAM131A,darkgreen
FAM134B,darkgreen
FAM134C,darkgreen
FAM151B,darkgreen
FAM155A,darkgreen
FAM160A1,darkgreen
FAM168B,darkgreen
FAM178A,darkgreen
FAM181B,darkgreen
FAM195B,darkgreen
FAM196B,darkgreen
FAM19A2,darkgreen
FAM19A4,darkgreen
FAM38A,darkgreen
FAM3B,darkgreen
FAM60A,darkgreen
FAM78A,darkgreen
FAM81A,darkgreen
FAM84A,darkgreen
FAM89B,darkgreen
FARS2,darkgreen
FASTKD1,darkgreen
FAT1,darkgreen
FBLN1,darkgreen
FBN2,darkgreen
FBRSL1,darkgreen
FBXL15,darkgreen
FBXO15,darkgreen
FBXO34,darkgreen
FBXO44,darkgreen
FER,darkgreen
FES,darkgreen
FEZ1,darkgreen
FGF12,darkgreen
FGFBP3,darkgreen
FHDC1,darkgreen
FKBP2,darkgreen
FLJ32065,darkgreen
FLJ32810,darkgreen
FLJ36777,darkgreen
FLJ37453,darkgreen
FLJ39653,darkgreen
FLJ41350,darkgreen
FLJ45983,darkgreen
FLRT3,darkgreen
FLT3,darkgreen
FNDC3A,darkgreen
FNTB,darkgreen
FOXC2,darkgreen
FOXD2,darkgreen
FOXK2,darkgreen
FOXN3,darkgreen
FOXRED1,darkgreen
FRMD4A,darkgreen
FRMD8,darkgreen
FRMPD1,darkgreen
FTH1,darkgreen
FUCA1,darkgreen
FUK,darkgreen
FUT8,darkgreen
FXR1,darkgreen
FXYD1,darkgreen
FXYD5,darkgreen
FZR1,darkgreen
GABRA1,darkgreen
GABRA2,darkgreen
GABRG1,darkgreen
GAK,darkgreen
GALK2,darkgreen
GALNT10,darkgreen
GALNT7,darkgreen
GALNTL4,darkgreen
GALR1,darkgreen
GART,darkgreen
GAS2,darkgreen
GBE1,darkgreen
GBP5,darkgreen
GBP6,darkgreen
GBX1,darkgreen
GCLM,darkgreen
GDF7,darkgreen
GEMIN7,darkgreen
GFPT1,darkgreen
GFPT2,darkgreen
GGN,darkgreen
GIGYF2,darkgreen
GINS3,darkgreen
GJB2,darkgreen
GJD2,darkgreen
GLCCI1,darkgreen
GLE1,darkgreen
GLI2,darkgreen
GLI4,darkgreen
GLRB,darkgreen
GLRX3,darkgreen
GLRX5,darkgreen
GLTSCR1,darkgreen
GLUD1,darkgreen
GLUL,darkgreen
GMDS,darkgreen
GMNN,darkgreen
GNA11,darkgreen
GNAL,darkgreen
GNAS,darkgreen
GNG7,darkgreen
GNL1,darkgreen
GNMT,darkgreen
GNPTAB,darkgreen
GOLGA7B,darkgreen
GP1BB,darkgreen
GPBP1,darkgreen
GPBP1L1,darkgreen
GPC1,darkgreen
GPIHBP1,darkgreen
GPR124,darkgreen
GPR137B,darkgreen
GPR19,darkgreen
GRAMD1A,darkgreen
GREB1L,darkgreen
GRIA4,darkgreen
GRIN2A,darkgreen
GRIN3B,darkgreen
GRK5,darkgreen
GRM1,darkgreen
GRM7,darkgreen
GRWD1,darkgreen
GSG1,darkgreen
GSR,darkgreen
GTF2A2,darkgreen
GTF2B,darkgreen
GTF2I,darkgreen
GUCY2E,darkgreen
GUSB,darkgreen
GXYLT2,darkgreen
H2AFY,darkgreen
H2AFY2,darkgreen
HAND1,darkgreen
HAPLN1,darkgreen
HARS2,darkgreen
HCFC2,darkgreen
HDAC4,darkgreen
HDAC7,darkgreen
HERC3,darkgreen
HES1,darkgreen
HEY2,darkgreen
HEYL,darkgreen
HFE,darkgreen
HGF,darkgreen
HIC1,darkgreen
HIP1R,darkgreen
HIPK1,darkgreen
HIPK3,darkgreen
HIST1H2BH,darkgreen
HIST1H3I,darkgreen
HIST2H2AB,darkgreen
HLA-B,darkgreen
HLA-DOA,darkgreen
HLA-DPB2,darkgreen
HLA-DRB1,darkgreen
HLA-E,darkgreen
HMGCL,darkgreen
HMGN2,darkgreen
HMGN4,darkgreen
HMHA1,darkgreen
HN1,darkgreen
HN1L,darkgreen
HNRNPA2B1,darkgreen
HNRNPF,darkgreen
HNRNPL,darkgreen
HNRNPR,darkgreen
HNRPLL,darkgreen
HOMER3,darkgreen
HOXA3,darkgreen
HOXA4,darkgreen
HOXB3,darkgreen
HOXB4,darkgreen
HOXB8,darkgreen
HOXC9,darkgreen
HPSE,darkgreen
HS3ST1,darkgreen
HSDL1,darkgreen
HSP90AA1,darkgreen
HSPA1B,darkgreen
HSPA7,darkgreen
HSPD1,darkgreen
HTR1A,darkgreen
HTT,darkgreen
HVCN1,darkgreen
HYAL3,darkgreen
ICA1L,darkgreen
ICK,darkgreen
IDE,darkgreen
IFIT2,darkgreen
IFIT3,darkgreen
IFT122,darkgreen
IFT80,darkgreen
IGFBP3,darkgreen
IGFBP7,darkgreen
IGSF22,darkgreen
IGSF8,darkgreen
IKBIP,darkgreen
IL12A,darkgreen
IL17RD,darkgreen
IL28RA,darkgreen
ILF2,darkgreen
IMMT,darkgreen
IMPA1,darkgreen
INA,darkgreen
INF2,darkgreen
ING1,darkgreen
INHBA,darkgreen
INPP1,darkgreen
INPP5A,darkgreen
INS-IGF2,darkgreen
INTS1,darkgreen
INTS3,darkgreen
INTS7,darkgreen
IP6K1,darkgreen
IPCEF1,darkgreen
IRF2,darkgreen
IRF6,darkgreen
IRF7,darkgreen
IRS2,darkgreen
ISM1,darkgreen
ISY1,darkgreen
ITGAV,darkgreen
ITGB3BP,darkgreen
ITPKB,darkgreen
ITPRIPL2,darkgreen
JAKMIP1,darkgreen
JAM2,darkgreen
JARID2,darkgreen
JPH3,darkgreen
JRK,darkgreen
JRKL,darkgreen
JUN,darkgreen
KATNAL1,darkgreen
KATNB1,darkgreen
KBTBD3,darkgreen
KBTBD7,darkgreen
KCNB1,darkgreen
KCND3,darkgreen
KCNE1,darkgreen
KCNIP1,darkgreen
KCNJ12,darkgreen
KCNQ1,darkgreen
KCNV1,darkgreen
KCTD1,darkgreen
KDM1A,darkgreen
KDM4B,darkgreen
KDM4C,darkgreen
KDM4D,darkgreen
KDM5B,darkgreen
KDR,darkgreen
KDSR,darkgreen
KEAP1,darkgreen
KIAA0182,darkgreen
KIAA0232,darkgreen
KIAA0319,darkgreen
KIAA0528,darkgreen
KIAA0564,darkgreen
KIAA0895L,darkgreen
KIAA1012,darkgreen
KIAA1033,darkgreen
KIAA1161,darkgreen
KIAA1217,darkgreen
KIAA1279,darkgreen
KIAA1407,darkgreen
KIAA1530,darkgreen
KIAA1797,darkgreen
KIAA1875,darkgreen
KIF16B,darkgreen
KIF3B,darkgreen
KIFC3,darkgreen
KIRREL,darkgreen
KLF12,darkgreen
KLF2,darkgreen
KLF3,darkgreen
KLF6,darkgreen
KLHDC2,darkgreen
KLHL35,darkgreen
KLHL7,darkgreen
KLRAQ1,darkgreen
KNDC1,darkgreen
KRT78,darkgreen
KTN1,darkgreen
LAMC1,darkgreen
LANCL2,darkgreen
LAPTM4A,darkgreen
LARP1,darkgreen
LASP1,darkgreen
LASS3,darkgreen
LATS1,darkgreen
LAYN,darkgreen
LEKR1,darkgreen
LEMD2,darkgreen
LEMD3,darkgreen
LETM2,darkgreen
LHFPL5,darkgreen
LHX8,darkgreen
LIN52,darkgreen
LIX1L,darkgreen
LLGL1,darkgreen
LMO3,darkgreen
LMO7,darkgreen
LMTK2,darkgreen
LNP1,darkgreen
LOC100128731,darkgreen
LOC100133612,darkgreen
LOC100190939,darkgreen
LOC100192378,darkgreen
LOC100289511,darkgreen
LOC100302640,darkgreen
LOC100302652,darkgreen
LOC285548,darkgreen
LOC285550,darkgreen
LOC285740,darkgreen
LOC285830,darkgreen
LOC338799,darkgreen
LOC388789,darkgreen
LOC399959,darkgreen
LOC400657,darkgreen
LOC400752,darkgreen
LOC404266,darkgreen
LOC552889,darkgreen
LOC619207,darkgreen
LOC728392,darkgreen
LOC729991-MEF2B,darkgreen
LOC730101,darkgreen
LOH12CR1,darkgreen
LOXL3,darkgreen
LPAR5,darkgreen
LPHN2,darkgreen
LPIN1,darkgreen
LRFN5,darkgreen
LRRC27,darkgreen
LRRC32,darkgreen
LRRC37B2,darkgreen
LRRC8C,darkgreen
LSM5,darkgreen
LTB,darkgreen
LYRM1,darkgreen
LZTFL1,darkgreen
LZTS2,darkgreen
MAD1L1,darkgreen
MAD2L1,darkgreen
MAD2L2,darkgreen
MAEA,darkgreen
MAFB,darkgreen
MAGI2,darkgreen
MAN1A1,darkgreen
MANBA,darkgreen
MANSC1,darkgreen
MAP1S,darkgreen
MAP4,darkgreen
MAP4K5,darkgreen
MAP7D1,darkgreen
MAPKBP1,darkgreen
MAPRE2,darkgreen
MARCKS,darkgreen
MARK2,darkgreen
MARVELD3,darkgreen
MAS1L,darkgreen
MAST1,darkgreen
MAST4,darkgreen
MATK,darkgreen
MATN1,darkgreen
MATR3,darkgreen
MAVS,darkgreen
MBOAT7,darkgreen
MBTD1,darkgreen
MCF2L,darkgreen
MCF2L2,darkgreen
MCM5,darkgreen
MDC1,darkgreen
MDS2,darkgreen
MED10,darkgreen
MED12L,darkgreen
MED19,darkgreen
MED28,darkgreen
MED30,darkgreen
MEIS1,darkgreen
MEOX1,darkgreen
MESDC1,darkgreen
METRNL,darkgreen
METTL1,darkgreen
METTL11A,darkgreen
MFAP2,darkgreen
MGMT,darkgreen
MGRN1,darkgreen
MICALL2,darkgreen
MICB,darkgreen
MIER1,darkgreen
MIR1181,darkgreen
MIR1250,darkgreen
MIR1257,darkgreen
MIR155HG,darkgreen
MIR1908,darkgreen
MIR212,darkgreen
MIR518F,darkgreen
MIR639,darkgreen
MLL2,darkgreen
MLL3,darkgreen
MLN,darkgreen
MME,darkgreen
MMP16,darkgreen
MMP17,darkgreen
MND1,darkgreen
MON1A,darkgreen
MORF4L1,darkgreen
MOSC2,darkgreen
MOV10L1,darkgreen
MPG,darkgreen
MPND,darkgreen
MREG,darkgreen
MRFAP1,darkgreen
MRFAP1L1,darkgreen
MRPL1,darkgreen
MRPL19,darkgreen
MRPL20,darkgreen
MRPL22,darkgreen
MRPS10,darkgreen
MRPS14,darkgreen
MRPS16,darkgreen
MRPS18A,darkgreen
MRPS18C,darkgreen
MRPS25,darkgreen
MRPS26,darkgreen
MSH6,darkgreen
MSI2,darkgreen
MTHFSD,darkgreen
MTX1,darkgreen
MUDENG,darkgreen
MXI1,darkgreen
MYADM,darkgreen
MYC,darkgreen
MYH14,darkgreen
MYL12A,darkgreen
MYLIP,darkgreen
MYO10,darkgreen
MYO1D,darkgreen
MYO1F,darkgreen
MYST1,darkgreen
MYST2,darkgreen
MYT1L,darkgreen
MZF1,darkgreen
N4BP1,darkgreen
N4BP2L2,darkgreen
NAA15,darkgreen
NACA,darkgreen
NANP,darkgreen
NAPB,darkgreen
NARF,darkgreen
NASP,darkgreen
NBAS,darkgreen
NBEA,darkgreen
NCAPH2,darkgreen
NCLN,darkgreen
NCRNA00120,darkgreen
NCRNA00167,darkgreen
NDE1,darkgreen
NDNL2,darkgreen
NDRG1,darkgreen
NDRG2,darkgreen
NDST4,darkgreen
NDUFA3,darkgreen
NDUFAF4,darkgreen
NDUFB3,darkgreen
NDUFB5,darkgreen
NDUFS7,darkgreen
NECAP1,darkgreen
NECAP2,darkgreen
NEIL2,darkgreen
NEK1,darkgreen
NEK3,darkgreen
NEK8,darkgreen
NEU1,darkgreen
NFATC1,darkgreen
NFATC3,darkgreen
NFIA,darkgreen
NFIB,darkgreen
NFIC,darkgreen
NFIX,darkgreen
NFKBID,darkgreen
NFKBIZ,darkgreen
NFU1,darkgreen
NFYB,darkgreen
NGEF,darkgreen
NHEJ1,darkgreen
NHP2L1,darkgreen
NHSL1,darkgreen
NIPBL,darkgreen
NLGN1,darkgreen
NLRP12,darkgreen
NOL12,darkgreen
NOP10,darkgreen
NOP2,darkgreen
NOP56,darkgreen
NOTCH4,darkgreen
NOX3,darkgreen
NOX4,darkgreen
NPAS3,darkgreen
NPLOC4,darkgreen
NPM1,darkgreen
NQO2,darkgreen
NR1D2,darkgreen
NR2E1,darkgreen
NR5A1,darkgreen
NRARP,darkgreen
NRBP2,darkgreen
NRM,darkgreen
NSMCE2,darkgreen
NT5C2,darkgreen
NT5C3,darkgreen
NT5DC2,darkgreen
NTF3,darkgreen
NTM,darkgreen
NUBPL,darkgreen
NUDC,darkgreen
NUDT15,darkgreen
NUP43,darkgreen
NUP50,darkgreen
NUP54,darkgreen
NUSAP1,darkgreen
NXN,darkgreen
OGG1,darkgreen
OIP5,darkgreen
OLFML2A,darkgreen
OMA1,darkgreen
OPCML,darkgreen
OPRD1,darkgreen
OPRK1,darkgreen
OR12D2,darkgreen
ORAI1,darkgreen
ORC1L,darkgreen
OSBP,darkgreen
OSGEP,darkgreen
OSM,darkgreen
OSR1,darkgreen
OTUB2,darkgreen
OXNAD1,darkgreen
OXR1,darkgreen
P4HA1,darkgreen
P4HB,darkgreen
P4HTM,darkgreen
PACRG,darkgreen
PAF1,darkgreen
PAFAH1B3,darkgreen
PAPOLA,darkgreen
PARK7,darkgreen
PARP16,darkgreen
PARS2,darkgreen
PASK,darkgreen
PAX5,darkgreen
PAX6,darkgreen
PAX9,darkgreen
PBLD,darkgreen
PCBP1,darkgreen
PCCA,darkgreen
PCDH7,darkgreen
PCGF2,darkgreen
PCM1,darkgreen
PCNX,darkgreen
PCSK1,darkgreen
PCSK5,darkgreen
PDC,darkgreen
PDCD5,darkgreen
PDE3A,darkgreen
PDE4D,darkgreen
PDE5A,darkgreen
PDE6B,darkgreen
PDGFRA,darkgreen
PDHX,darkgreen
PDK4,darkgreen
PDPK1,darkgreen
PDSS2,darkgreen
PEX11B,darkgreen
PEX11G,darkgreen
PEX14,darkgreen
PEX19,darkgreen
PGAM1,darkgreen
PGAM5,darkgreen
PGBD4,darkgreen
PGCP,darkgreen
PHC1,darkgreen
PHF12,darkgreen
PHF13,darkgreen
PHF20,darkgreen
PI4K2A,darkgreen
PI4K2B,darkgreen
PIAS1,darkgreen
PIAS4,darkgreen
PICALM,darkgreen
PIF1,darkgreen
PIGO,darkgreen
PIGW,darkgreen
PIK3R2,darkgreen
PIM1,darkgreen
PIM3,darkgreen
PIN1,darkgreen
PITPNB,darkgreen
PKN2,darkgreen
PKNOX2,darkgreen
PLEKHG4B,darkgreen
PLEKHO1,darkgreen
PLOD1,darkgreen
PLRG1,darkgreen
PLXNA2,darkgreen
PMP22,darkgreen
PNKD,darkgreen
PNLDC1,darkgreen
PNPLA1,darkgreen
PNPLA6,darkgreen
PODXL,darkgreen
POFUT1,darkgreen
POLB,darkgreen
POLG2,darkgreen
POLI,darkgreen
POLR1A,darkgreen
POLR2K,darkgreen
POLR3D,darkgreen
POLRMT,darkgreen
POM121L2,darkgreen
POMGNT1,darkgreen
POU2F1,darkgreen
PPA2,darkgreen
PPFIBP1,darkgreen
PPIA,darkgreen
PPIF,darkgreen
PPIL4,darkgreen
PPM1J,darkgreen
PPP1R11,darkgreen
PPP1R12B,darkgreen
PPP1R12C,darkgreen
PPP2CB,darkgreen
PPP2R1A,darkgreen
PPP3CB,darkgreen
PPP4C,darkgreen
PPP4R2,darkgreen
PPPDE1,darkgreen
PPT2,darkgreen
PRB4,darkgreen
PRCC,darkgreen
PRDM16,darkgreen
PRDM5,darkgreen
PRDM6,darkgreen
PRDM8,darkgreen
PRKAG2,darkgreen
PRKAR1B,darkgreen
PRKCE,darkgreen
PRKCZ,darkgreen
PRKRA,darkgreen
PRMT10,darkgreen
PRMT2,darkgreen
PRMT7,darkgreen
PROX1,darkgreen
PRPF18,darkgreen
PRPSAP1,darkgreen
PRR23C,darkgreen
PRR5L,darkgreen
PRRT2,darkgreen
PRRT3,darkgreen
PRRT4,darkgreen
PRSS23,darkgreen
PRSS3,darkgreen
PSD3,darkgreen
PSMA1,darkgreen
PSMA7,darkgreen
PSMB5,darkgreen
PSMB6,darkgreen
PSMB8,darkgreen
PSMD3,darkgreen
PSMD7,darkgreen
PSMG2,darkgreen
PSORS1C1,darkgreen
PSORS1C3,darkgreen
PTBP1,darkgreen
PTCHD2,darkgreen
PTH1R,darkgreen
PTPN1,darkgreen
PTPN4,darkgreen
PTPRB,darkgreen
PTPRF,darkgreen
PTPRN2,darkgreen
PTPRO,darkgreen
PTPRS,darkgreen
PTPRZ1,darkgreen
PUM2,darkgreen
PVRL1,darkgreen
PXK,darkgreen
PXMP3,darkgreen
QRICH1,darkgreen
QTRTD1,darkgreen
RAB11A,darkgreen
RAB11B,darkgreen
RAB1B,darkgreen
RAB27A,darkgreen
RAB35,darkgreen
RAB37,darkgreen
RAB3C,darkgreen
RAB40C,darkgreen
RAB5A,darkgreen
RAB6B,darkgreen
RAB8A,darkgreen
RABGEF1,darkgreen
RACGAP1,darkgreen
RAD18,darkgreen
RAD51AP1,darkgreen
RAD54B,darkgreen
RADIL,darkgreen
RAET1E,darkgreen
RAF1,darkgreen
RALBP1,darkgreen
RALYL,darkgreen
RANBP3L,darkgreen
RAP2B,darkgreen
RAPGEFL1,darkgreen
RARG,darkgreen
RASA3,darkgreen
RASAL2,darkgreen
RASGEF1A,darkgreen
RASGRF2,darkgreen
RASGRP3,darkgreen
RB1,darkgreen
RBL1,darkgreen
RBM12B,darkgreen
RBM27,darkgreen
RBM6,darkgreen
RBMS1,darkgreen
RCBTB1,darkgreen
RCBTB2,darkgreen
RCE1,darkgreen
RCHY1,darkgreen
RCN2,darkgreen
RCOR1,darkgreen
RDM1,darkgreen
REEP2,darkgreen
REPS1,darkgreen
REST,darkgreen
REXO1,darkgreen
RFC5,darkgreen
RFPL4B,darkgreen
RG9MTD2,darkgreen
RGS10,darkgreen
RGS6,darkgreen
RGS7BP,darkgreen
RHAG,darkgreen
RHOB,darkgreen
RHOBTB1,darkgreen
RIMKLB,darkgreen
RIOK3,darkgreen
RIPK2,darkgreen
RLTPR,darkgreen
RNF135,darkgreen
RNF180,darkgreen
RNF185,darkgreen
RNF20,darkgreen
RNF220,darkgreen
RNF34,darkgreen
RNF5P1,darkgreen
RNLS,darkgreen
RNPS1,darkgreen
RNU5D,darkgreen
ROBO1,darkgreen
ROCK2,darkgreen
ROGDI,darkgreen
RP9,darkgreen
RPA1,darkgreen
RPA2,darkgreen
RPAP3,darkgreen
RPH3A,darkgreen
RPL18,darkgreen
RPL18AP3,darkgreen
RPL19,darkgreen
RPL28,darkgreen
RPL29,darkgreen
RPP14,darkgreen
RPRD2,darkgreen
RPS27A,darkgreen
RPS3A,darkgreen
RPS6KA5,darkgreen
RPTOR,darkgreen
RREB1,darkgreen
RSRC1,darkgreen
RTCD1,darkgreen
RUNDC1,darkgreen
RUNX2,darkgreen
RYBP,darkgreen
SAA3P,darkgreen
SAFB,darkgreen
SALL4,darkgreen
SARDH,darkgreen
SATB1,darkgreen
SBK1,darkgreen
SCAF1,darkgreen
SCAMP4,darkgreen
SCARB1,darkgreen
SCARF2,darkgreen
SCD5,darkgreen
SCN2A,darkgreen
SCN8A,darkgreen
SCN9A,darkgreen
SCOC,darkgreen
SDC2,darkgreen
SDC4,darkgreen
SDF4,darkgreen
SDK1,darkgreen
SDK2,darkgreen
SEC1,darkgreen
SEC24D,darkgreen
SELO,darkgreen
SELT,darkgreen
SEMA3E,darkgreen
SEMA5A,darkgreen
SEMA5B,darkgreen
SEMA6B,darkgreen
SEP15,darkgreen
SEPT9,darkgreen
SEPX1,darkgreen
SERTAD1,darkgreen
SESTD1,darkgreen
SETD6,darkgreen
SF3B1,darkgreen
SFI1,darkgreen
SFPQ,darkgreen
SFRS11,darkgreen
SFRS18,darkgreen
SFRS6,darkgreen
SFT2D2,darkgreen
SGK1,darkgreen
SGMS1,darkgreen
SH3GL1,darkgreen
SH3GL3,darkgreen
SH3PXD2A,darkgreen
SH3PXD2B,darkgreen
SHANK3,darkgreen
SHMT2,darkgreen
SHQ1,darkgreen
SIAE,darkgreen
SIK3,darkgreen
SIM2,darkgreen
SIN3B,darkgreen
SIRT2,darkgreen
SIRT5,darkgreen
SKIL,darkgreen
SLC13A3,darkgreen
SLC16A1,darkgreen
SLC16A12,darkgreen
SLC16A9,darkgreen
SLC20A2,darkgreen
SLC22A18AS,darkgreen
SLC22A23,darkgreen
SLC22A8,darkgreen
SLC23A2,darkgreen
SLC25A13,darkgreen
SLC25A3,darkgreen
SLC25A30,darkgreen
SLC25A33,darkgreen
SLC25A36,darkgreen
SLC25A46,darkgreen
SLC26A2,darkgreen
SLC26A6,darkgreen
SLC2A1,darkgreen
SLC35F2,darkgreen
SLC38A3,darkgreen
SLC39A11,darkgreen
SLC39A3,darkgreen
SLC39A6,darkgreen
SLC40A1,darkgreen
SLC4A10,darkgreen
SLC6A20,darkgreen
SLC7A5P2,darkgreen
SLC9A11,darkgreen
SLITRK5,darkgreen
SLMAP,darkgreen
SMAD1,darkgreen
SMAD2,darkgreen
SMAD3,darkgreen
SMAD7,darkgreen
SMAD9,darkgreen
SMAP1,darkgreen
SMARCA2,darkgreen
SMCHD1,darkgreen
SMCR7L,darkgreen
SMOC1,darkgreen
SMPD3,darkgreen
SMPD4,darkgreen
SMUG1,darkgreen
SNCA,darkgreen
SNORA39,darkgreen
SNORD104,darkgreen
SNORD12B,darkgreen
SNORD27,darkgreen
SNORD45C,darkgreen
SNORD50B,darkgreen
SNRNP27,darkgreen
SNRPG,darkgreen
SNX11,darkgreen
SNX16,darkgreen
SNX17,darkgreen
SNX2,darkgreen
SNX4,darkgreen
SOAT1,darkgreen
SOD2,darkgreen
SORCS3,darkgreen
SORD,darkgreen
SOX12,darkgreen
SOX2OT,darkgreen
SOX4,darkgreen
SPATA1,darkgreen
SPATA2,darkgreen
SPG20,darkgreen
SPIN1,darkgreen
SPSB4,darkgreen
SRA1,darkgreen
SRCAP,darkgreen
SRCRB4D,darkgreen
SRI,darkgreen
SRM,darkgreen
SRRM1,darkgreen
SRRM3,darkgreen
SSPN,darkgreen
SSTR2,darkgreen
SSX2IP,darkgreen
ST3GAL4,darkgreen
ST7,darkgreen
STAG1,darkgreen
STAMBPL1,darkgreen
STARD3NL,darkgreen
STAT5B,darkgreen
STC1,darkgreen
STK32B,darkgreen
STK32C,darkgreen
STK36,darkgreen
STK39,darkgreen
STMN2,darkgreen
STRA13,darkgreen
STX4,darkgreen
STX5,darkgreen
STXBP2,darkgreen
STXBP5,darkgreen
SUPT5H,darkgreen
SURF4,darkgreen
SUV420H1,darkgreen
SVIL,darkgreen
SYF2,darkgreen
SYNGAP1,darkgreen
SYNPO2,darkgreen
SYT14,darkgreen
SYT16,darkgreen
TACC1,darkgreen
TAF5,darkgreen
TAPBP,darkgreen
TARSL2,darkgreen
TATDN2,darkgreen
TBC1D14,darkgreen
TBC1D17,darkgreen
TBC1D2B,darkgreen
TBCD,darkgreen
TBKBP1,darkgreen
TBL1XR1,darkgreen
TBL2,darkgreen
TCEB1,darkgreen
TCF3,darkgreen
TCF4,darkgreen
TCTEX1D2,darkgreen
TCTN2,darkgreen
TEAD1,darkgreen
TEAD4,darkgreen
TECPR2,darkgreen
TECR,darkgreen
TENC1,darkgreen
TERC,darkgreen
TES,darkgreen
TEX9,darkgreen
TGIF1,darkgreen
THAP2,darkgreen
THBS1,darkgreen
THTPA,darkgreen
TIGD1,darkgreen
TIMM10,darkgreen
TIMM44,darkgreen
TIMM8B,darkgreen
TIPIN,darkgreen
TKT,darkgreen
TLK1,darkgreen
TLL2,darkgreen
TLN1,darkgreen
TM2D1,darkgreen
TMC3,darkgreen
TMCO6,darkgreen
TMED7-TICAM2,darkgreen
TMEM104,darkgreen
TMEM107,darkgreen
TMEM111,darkgreen
TMEM120A,darkgreen
TMEM18,darkgreen
TMEM184A,darkgreen
TMEM184C,darkgreen
TMEM194A,darkgreen
TMEM201,darkgreen
TMEM25,darkgreen
TMEM30A,darkgreen
TMEM38A,darkgreen
TMEM48,darkgreen
TMEM51,darkgreen
TMEM63A,darkgreen
TMEM67,darkgreen
TMEM86A,darkgreen
TMEM8A,darkgreen
TMPRSS9,darkgreen
TMTC4,darkgreen
TNIP1,darkgreen
TNKS2,darkgreen
TNRC18,darkgreen
TNRC4,darkgreen
TNRC6B,darkgreen
TNXB,darkgreen
TOLLIP,darkgreen
TOP1MT,darkgreen
TOP2A,darkgreen
TOPORS,darkgreen
TOR1AIP2,darkgreen
TPM4,darkgreen
TRAK2,darkgreen
TRAP1,darkgreen
TRAPPC1,darkgreen
TRIB1,darkgreen
TRIL,darkgreen
TRIM10,darkgreen
TRIM2,darkgreen
TRIM29,darkgreen
TRIM52,darkgreen
TRIM9,darkgreen
TRIP12,darkgreen
TRIP13,darkgreen
TRMT1,darkgreen
TRMT11,darkgreen
TRMT61A,darkgreen
TRMU,darkgreen
TRPA1,darkgreen
TRPC4AP,darkgreen
TRPT1,darkgreen
TRUB1,darkgreen
TSC22D1,darkgreen
TSEN15,darkgreen
TSHR,darkgreen
TSHZ3,darkgreen
TSPAN12,darkgreen
TSPAN14,darkgreen
TSPAN19,darkgreen
TSPAN31,darkgreen
TSPAN9,darkgreen
TTBK1,darkgreen
TTC18,darkgreen
TTC32,darkgreen
TTC35,darkgreen
TTC7A,darkgreen
TTC7B,darkgreen
TUBA1C,darkgreen
TUBA8,darkgreen
TUBD1,darkgreen
TUBGCP3,darkgreen
TUBGCP6,darkgreen
TULP4,darkgreen
TWIST2,darkgreen
TXNL4A,darkgreen
TXNRD1,darkgreen
TXNRD3IT1,darkgreen
UAP1,darkgreen
UBE2D1,darkgreen
UBE2E1,darkgreen
UBE3C,darkgreen
UBE4A,darkgreen
UBIAD1,darkgreen
UBL7,darkgreen
UBTD1,darkgreen
UCKL1AS,darkgreen
UFD1L,darkgreen
UGP2,darkgreen
UHRF2,darkgreen
UNC84A,darkgreen
UQCC,darkgreen
UQCRC2,darkgreen
USP1,darkgreen
USP12,darkgreen
USP15,darkgreen
USP24,darkgreen
USP3,darkgreen
USP38,darkgreen
USP5,darkgreen
USP6NL,darkgreen
UTP11L,darkgreen
UTP20,darkgreen
UXS1,darkgreen
VCL,darkgreen
VEGFB,darkgreen
VEZF1,darkgreen
VPS13B,darkgreen
VPS37C,darkgreen
VPS41,darkgreen
VPS4B,darkgreen
VPS53,darkgreen
VPS54,darkgreen
VTI1B,darkgreen
WASF1,darkgreen
WASL,darkgreen
WBP11,darkgreen
WBSCR22,darkgreen
WDFY2,darkgreen
WDHD1,darkgreen
WDR17,darkgreen
WDR20,darkgreen
WDR27,darkgreen
WDR35,darkgreen
WDR47,darkgreen
WDR60,darkgreen
WDR75,darkgreen
WDR86,darkgreen
WDR90,darkgreen
WFDC1,darkgreen
WHSC1,darkgreen
WIPF1,darkgreen
WNK2,darkgreen
WSCD1,darkgreen
WWP1,darkgreen
XKR4,darkgreen
XKR5,darkgreen
XRCC4,darkgreen
XRCC6BP1,darkgreen
YPEL5,darkgreen
YTHDC2,darkgreen
YWHAB,darkgreen
YWHAZ,darkgreen
ZBTB20,darkgreen
ZBTB4,darkgreen
ZBTB47,darkgreen
ZBTB7A,darkgreen
ZBTB9,darkgreen
ZC3H3,darkgreen
ZDHHC18,darkgreen
ZFAND1,darkgreen
ZFHX3,darkgreen
ZFHX4,darkgreen
ZFP62,darkgreen
ZFP64,darkgreen
ZFYVE20,darkgreen
ZFYVE9,darkgreen
ZIC1,darkgreen
ZMPSTE24,darkgreen
ZNF12,darkgreen
ZNF143,darkgreen
ZNF154,darkgreen
ZNF17,darkgreen
ZNF197,darkgreen
ZNF215,darkgreen
ZNF224,darkgreen
ZNF225,darkgreen
ZNF226,darkgreen
ZNF248,darkgreen
ZNF256,darkgreen
ZNF264,darkgreen
ZNF271,darkgreen
ZNF282,darkgreen
ZNF324B,darkgreen
ZNF335,darkgreen
ZNF337,darkgreen
ZNF350,darkgreen
ZNF367,darkgreen
ZNF385A,darkgreen
ZNF389,darkgreen
ZNF425,darkgreen
ZNF440,darkgreen
ZNF460,darkgreen
ZNF503,darkgreen
ZNF513,darkgreen
ZNF552,darkgreen
ZNF564,darkgreen
ZNF582,darkgreen
ZNF598,darkgreen
ZNF608,darkgreen
ZNF616,darkgreen
ZNF618,darkgreen
ZNF627,darkgreen
ZNF644,darkgreen
ZNF668,darkgreen
ZNF677,darkgreen
ZNF682,darkgreen
ZNF696,darkgreen
ZNF703,darkgreen
ZNF721,darkgreen
ZNF764,darkgreen
ZNF774,darkgreen
ZNF790,darkgreen
ZNF827,darkgreen
ZNF829,darkgreen
ZNHIT2,darkgreen
ZNRD1,darkgreen
ZZZ3,darkgreen
AAK1,darkgrey
AASDH,darkgrey
AATF,darkgrey
ABCA7,darkgrey
ABCB4,darkgrey
ABCB9,darkgrey
ABCD4,darkgrey
ABCG5,darkgrey
ABCG8,darkgrey
ABHD10,darkgrey
ABHD11,darkgrey
ABHD13,darkgrey
ABHD3,darkgrey
ABHD6,darkgrey
ABI3BP,darkgrey
ABL1,darkgrey
ABLIM1,darkgrey
ABLIM2,darkgrey
ABO,darkgrey
ABR,darkgrey
ABTB2,darkgrey
ACACB,darkgrey
ACAD11,darkgrey
ACBD3,darkgrey
ACCS,darkgrey
ACHE,darkgrey
ACOT7,darkgrey
ACOX1,darkgrey
ACOXL,darkgrey
ACSL6,darkgrey
ACTA1,darkgrey
ACTL8,darkgrey
ACTR2,darkgrey
ADAM15,darkgrey
ADAM9,darkgrey
ADAMTS14,darkgrey
ADAMTS2,darkgrey
ADAMTSL5,darkgrey
ADAR,darkgrey
ADARB2,darkgrey
ADC,darkgrey
ADCY1,darkgrey
ADCYAP1,darkgrey
ADD1,darkgrey
ADH5,darkgrey
ADK,darkgrey
ADO,darkgrey
ADRM1,darkgrey
AEN,darkgrey
AFG3L2,darkgrey
AFM,darkgrey
AGAP1,darkgrey
AGBL3,darkgrey
AGBL4,darkgrey
AGFG2,darkgrey
AGL,darkgrey
AGPAT6,darkgrey
AGR3,darkgrey
AHCY,darkgrey
AHCYL1,darkgrey
AHDC1,darkgrey
AICDA,darkgrey
AIMP2,darkgrey
AKAP10,darkgrey
AKD1,darkgrey
AKIRIN1,darkgrey
AKR1A1,darkgrey
ALDH1L2,darkgrey
ALDH9A1,darkgrey
ALG12,darkgrey
ALG14,darkgrey
ALKBH1,darkgrey
ALOX5,darkgrey
ALX4,darkgrey
AMD1,darkgrey
AMDHD1,darkgrey
AMFR,darkgrey
AMIGO2,darkgrey
AMOTL2,darkgrey
AMZ2,darkgrey
ANAPC5,darkgrey
ANGEL2,darkgrey
ANGPT1,darkgrey
ANGPTL4,darkgrey
ANKRD11,darkgrey
ANKRD13A,darkgrey
ANKRD30A,darkgrey
ANKRD31,darkgrey
ANKRD34B,darkgrey
ANKRD39,darkgrey
ANKRD40,darkgrey
ANKRD9,darkgrey
ANKS1A,darkgrey
ANKS1B,darkgrey
ANLN,darkgrey
ANO6,darkgrey
ANP32A,darkgrey
ANP32E,darkgrey
ANTXR1,darkgrey
ANXA5,darkgrey
AOX1,darkgrey
AP1AR,darkgrey
AP1G1,darkgrey
AP3D1,darkgrey
AP3M2,darkgrey
AP4S1,darkgrey
APBB2,darkgrey
APLP1,darkgrey
APOA1BP,darkgrey
APOC1P1,darkgrey
APOLD1,darkgrey
APP,darkgrey
APPL1,darkgrey
APRT,darkgrey
ARC,darkgrey
ARF1,darkgrey
ARF6,darkgrey
ARFGAP1,darkgrey
ARFGAP2,darkgrey
ARFRP1,darkgrey
ARGFX,darkgrey
ARHGAP10,darkgrey
ARHGAP17,darkgrey
ARHGAP21,darkgrey
ARHGDIG,darkgrey
ARHGEF19,darkgrey
ARID1A,darkgrey
ARID2,darkgrey
ARID3B,darkgrey
ARID5B,darkgrey
ARL10,darkgrey
ARL4D,darkgrey
ARL5A,darkgrey
ARL5B,darkgrey
ARPC2,darkgrey
ARSA,darkgrey
AS3MT,darkgrey
ASAH1,darkgrey
ASAP3,darkgrey
ASB14,darkgrey
ASB18,darkgrey
ASCC3,darkgrey
ASNA1,darkgrey
ASPSCR1,darkgrey
ASTN2,darkgrey
ATAD3B,darkgrey
ATF1,darkgrey
ATF3,darkgrey
ATG12,darkgrey
ATG16L2,darkgrey
ATG4B,darkgrey
ATG5,darkgrey
ATIC,darkgrey
ATM,darkgrey
ATN1,darkgrey
ATOH7,darkgrey
ATP11A,darkgrey
ATP1B2,darkgrey
ATP4B,darkgrey
ATP6V0A1,darkgrey
ATP6V1A,darkgrey
ATP6V1B1,darkgrey
ATP6V1H,darkgrey
ATP8A1,darkgrey
ATP8A2,darkgrey
ATP8B3,darkgrey
ATPGD1,darkgrey
ATR,darkgrey
ATRIP,darkgrey
ATXN3,darkgrey
ATXN7,darkgrey
AUH,darkgrey
AUTS2,darkgrey
AVEN,darkgrey
AVPI1,darkgrey
AXIN1,darkgrey
AXIN2,darkgrey
B3GAT3,darkgrey
B3GNT2,darkgrey
B3GNT4,darkgrey
B3GNTL1,darkgrey
B4GALT3,darkgrey
B9D1,darkgrey
BACE1,darkgrey
BAG5,darkgrey
BAHCC1,darkgrey
BAHD1,darkgrey
BAIAP2,darkgrey
BANP,darkgrey
BAT1,darkgrey
BAT2,darkgrey
BAT4,darkgrey
BAT5,darkgrey
BAX,darkgrey
BAZ2A,darkgrey
BBC3,darkgrey
BBS7,darkgrey
BBX,darkgrey
BCAR1,darkgrey
BCAS3,darkgrey
BCAS4,darkgrey
BCKDHB,darkgrey
BCKDK,darkgrey
BCL11A,darkgrey
BCL11B,darkgrey
BCL2,darkgrey
BCL2L11,darkgrey
BCL2L13,darkgrey
BCL2L15,darkgrey
BCL6B,darkgrey
BCL7B,darkgrey
BCL9,darkgrey
BCL9L,darkgrey
BDH2,darkgrey
BDP1,darkgrey
BEND6,darkgrey
BET1L,darkgrey
BID,darkgrey
BIN2,darkgrey
BIN3,darkgrey
BIVM,darkgrey
BLK,darkgrey
BLM,darkgrey
BMP2,darkgrey
BMP3,darkgrey
BNC1,darkgrey
BNC2,darkgrey
BNIP2,darkgrey
BNIP3L,darkgrey
BOD1L,darkgrey
BPHL,darkgrey
BRAP,darkgrey
BRCA1,darkgrey
BRD1,darkgrey
BRD2,darkgrey
BRI3BP,darkgrey
BRIX1,darkgrey
BRP44L,darkgrey
BRPF1,darkgrey
BRUNOL4,darkgrey
BSCL2,darkgrey
BSN,darkgrey
BTBD8,darkgrey
BTG1,darkgrey
BTG2,darkgrey
BVES,darkgrey
C10ORF137,darkgrey
C10ORF4,darkgrey
C10ORF46,darkgrey
C10ORF53,darkgrey
C11ORF10,darkgrey
C11ORF17,darkgrey
C11ORF48,darkgrey
C11ORF54,darkgrey
C11ORF61,darkgrey
C11ORF80,darkgrey
C11ORF83,darkgrey
C11ORF87,darkgrey
C12ORF10,darkgrey
C12ORF34,darkgrey
C12ORF42,darkgrey
C12ORF47,darkgrey
C12ORF52,darkgrey
C12ORF76,darkgrey
C13ORF27,darkgrey
C13ORF31,darkgrey
C14ORF1,darkgrey
C14ORF102,darkgrey
C14ORF104,darkgrey
C14ORF118,darkgrey
C14ORF135,darkgrey
C14ORF149,darkgrey
C14ORF166,darkgrey
C14ORF184,darkgrey
C14ORF43,darkgrey
C15ORF40,darkgrey
C15ORF60,darkgrey
C16ORF58,darkgrey
C16ORF67,darkgrey
C16ORF81,darkgrey
C16ORF87,darkgrey
C17ORF37,darkgrey
C17ORF51,darkgrey
C17ORF54,darkgrey
C17ORF63,darkgrey
C17ORF71,darkgrey
C17ORF75,darkgrey
C17ORF90,darkgrey
C17ORF97,darkgrey
C18ORF10,darkgrey
C18ORF25,darkgrey
C19ORF2,darkgrey
C19ORF20,darkgrey
C19ORF22,darkgrey
C19ORF25,darkgrey
C19ORF28,darkgrey
C19ORF29,darkgrey
C19ORF39,darkgrey
C19ORF41,darkgrey
C19ORF44,darkgrey
C19ORF47,darkgrey
C19ORF50,darkgrey
C19ORF61,darkgrey
C1D,darkgrey
C1GALT1,darkgrey
C1ORF107,darkgrey
C1ORF112,darkgrey
C1ORF122,darkgrey
C1ORF124,darkgrey
C1ORF128,darkgrey
C1ORF131,darkgrey
C1ORF151,darkgrey
C1ORF175,darkgrey
C1ORF194,darkgrey
C1ORF21,darkgrey
C1ORF220,darkgrey
C1ORF38,darkgrey
C1ORF49,darkgrey
C1ORF57,darkgrey
C1ORF74,darkgrey
C1ORF77,darkgrey
C1ORF89,darkgrey
C1ORF9,darkgrey
C1ORF93,darkgrey
C1QL1,darkgrey
C1R,darkgrey
C20ORF108,darkgrey
C20ORF111,darkgrey
C20ORF195,darkgrey
C20ORF94,darkgrey
C21ORF33,darkgrey
C21ORF49,darkgrey
C21ORF66,darkgrey
C22ORF26,darkgrey
C22ORF28,darkgrey
C22ORF9,darkgrey
C2ORF18,darkgrey
C2ORF28,darkgrey
C2ORF39,darkgrey
C2ORF42,darkgrey
C2ORF44,darkgrey
C2ORF49,darkgrey
C2ORF52,darkgrey
C2ORF69,darkgrey
C2ORF74,darkgrey
C2ORF80,darkgrey
C3ORF15,darkgrey
C3ORF18,darkgrey
C3ORF33,darkgrey
C3ORF43,darkgrey
C3ORF57,darkgrey
C3ORF67,darkgrey
C4ORF10,darkgrey
C4ORF26,darkgrey
C4ORF31,darkgrey
C4ORF32,darkgrey
C4ORF33,darkgrey
C4ORF34,darkgrey
C4ORF41,darkgrey
C5,darkgrey
C5ORF15,darkgrey
C5ORF28,darkgrey
C5ORF30,darkgrey
C5ORF35,darkgrey
C5ORF42,darkgrey
C5ORF45,darkgrey
C5ORF56,darkgrey
C6ORF10,darkgrey
C6ORF114,darkgrey
C6ORF120,darkgrey
C6ORF129,darkgrey
C6ORF130,darkgrey
C6ORF134,darkgrey
C6ORF136,darkgrey
C6ORF145,darkgrey
C6ORF150,darkgrey
C6ORF153,darkgrey
C6ORF154,darkgrey
C6ORF167,darkgrey
C6ORF170,darkgrey
C6ORF25,darkgrey
C6ORF35,darkgrey
C6ORF47,darkgrey
C6ORF48,darkgrey
C6ORF57,darkgrey
C6ORF62,darkgrey
C6ORF64,darkgrey
C6ORF72,darkgrey
C6ORF94,darkgrey
C7ORF10,darkgrey
C7ORF23,darkgrey
C7ORF30,darkgrey
C7ORF31,darkgrey
C7ORF41,darkgrey
C7ORF43,darkgrey
C7ORF60,darkgrey
C7ORF68,darkgrey
C7ORF70,darkgrey
C8G,darkgrey
C8ORF42,darkgrey
C9ORF37,darkgrey
C9ORF6,darkgrey
C9ORF64,darkgrey
C9ORF98,darkgrey
CA13,darkgrey
CA8,darkgrey
CABIN1,darkgrey
CABP1,darkgrey
CABP7,darkgrey
CACNA1A,darkgrey
CACNA1D,darkgrey
CACNA1G,darkgrey
CACNA1I,darkgrey
CACNA2D4,darkgrey
CACNB4,darkgrey
CAD,darkgrey
CAGE1,darkgrey
CALM1,darkgrey
CAMK1,darkgrey
CAMK2D,darkgrey
CAMK2G,darkgrey
CAMK2N1,darkgrey
CAMK4,darkgrey
CAMKK1,darkgrey
CAMTA1,darkgrey
CANT1,darkgrey
CAPN3,darkgrey
CARD10,darkgrey
CARHSP1,darkgrey
CARS2,darkgrey
CASKIN2,darkgrey
CASP2,darkgrey
CASZ1,darkgrey
CATSPER4,darkgrey
CBFB,darkgrey
CBLC,darkgrey
CBLN2,darkgrey
CBR3,darkgrey
CBS,darkgrey
CBX8,darkgrey
CC2D1A,darkgrey
CCAR1,darkgrey
CCDC101,darkgrey
CCDC108,darkgrey
CCDC109B,darkgrey
CCDC135,darkgrey
CCDC136,darkgrey
CCDC138,darkgrey
CCDC149,darkgrey
CCDC15,darkgrey
CCDC162,darkgrey
CCDC25,darkgrey
CCDC41,darkgrey
CCDC42B,darkgrey
CCDC48,darkgrey
CCDC49,darkgrey
CCDC51,darkgrey
CCDC53,darkgrey
CCDC57,darkgrey
CCDC59,darkgrey
CCDC60,darkgrey
CCDC61,darkgrey
CCDC69,darkgrey
CCDC7,darkgrey
CCDC77,darkgrey
CCDC79,darkgrey
CCDC82,darkgrey
CCDC88A,darkgrey
CCDC89,darkgrey
CCDC93,darkgrey
CCDC97,darkgrey
CCHCR1,darkgrey
CCNA1,darkgrey
CCND1,darkgrey
CCNJ,darkgrey
CCPG1,darkgrey
CCT3,darkgrey
CCT4,darkgrey
CCT7,darkgrey
CCT8,darkgrey
CD2,darkgrey
CD200,darkgrey
CD247,darkgrey
CD38,darkgrey
CD46,darkgrey
CD55,darkgrey
CD59,darkgrey
CD82,darkgrey
CD93,darkgrey
CDC16,darkgrey
CDC20B,darkgrey
CDC23,darkgrey
CDC25A,darkgrey
CDC34,darkgrey
CDC42EP2,darkgrey
CDC42EP3,darkgrey
CDC42EP5,darkgrey
CDC42SE2,darkgrey
CDCA4,darkgrey
CDCA5,darkgrey
CDCA7,darkgrey
CDCA8,darkgrey
CDH13,darkgrey
CDH2,darkgrey
CDH23,darkgrey
CDK11B,darkgrey
CDK14,darkgrey
CDK15,darkgrey
CDK2AP2,darkgrey
CDKL2,darkgrey
CDKL3,darkgrey
CDKN1A,darkgrey
CDKN1C,darkgrey
CDKN2D,darkgrey
CDON,darkgrey
CDS1,darkgrey
CEBPA,darkgrey
CEBPD,darkgrey
CECR6,darkgrey
CELSR3,darkgrey
CENPN,darkgrey
CEP120,darkgrey
CEP63,darkgrey
CEP72,darkgrey
CETN1,darkgrey
CETN3,darkgrey
CFB,darkgrey
CFD,darkgrey
CHCHD2,darkgrey
CHCHD4,darkgrey
CHCHD6,darkgrey
CHD8,darkgrey
CHD9,darkgrey
CHFR,darkgrey
CHGA,darkgrey
CHID1,darkgrey
CHKA,darkgrey
CHMP6,darkgrey
CHODL,darkgrey
CHPT1,darkgrey
CHST1,darkgrey
CHST13,darkgrey
CHTF8,darkgrey
CLASP2,darkgrey
CLDN10,darkgrey
CLEC2D,darkgrey
CLEC4GP1,darkgrey
CLEC4M,darkgrey
CLIP2,darkgrey
CLK1,darkgrey
CLK3,darkgrey
CLLU1OS,darkgrey
CLN3,darkgrey
CLNS1A,darkgrey
CLOCK,darkgrey
CLPB,darkgrey
CLPX,darkgrey
CLSTN1,darkgrey
CLTA,darkgrey
CLUAP1,darkgrey
CMAS,darkgrey
CMC1,darkgrey
CMPK1,darkgrey
CMPK2,darkgrey
CNGB3,darkgrey
CNIH2,darkgrey
CNOT2,darkgrey
CNOT8,darkgrey
CNRIP1,darkgrey
COBL,darkgrey
COG1,darkgrey
COG6,darkgrey
COIL,darkgrey
COL22A1,darkgrey
COL23A1,darkgrey
COL5A3,darkgrey
COL9A2,darkgrey
COLEC11,darkgrey
COLEC12,darkgrey
COMMD8,darkgrey
COMT,darkgrey
COPB2,darkgrey
COPS3,darkgrey
COPS5,darkgrey
COQ10B,darkgrey
COQ6,darkgrey
CORO1A,darkgrey
COX10,darkgrey
COX18,darkgrey
COX19,darkgrey
COX6A1,darkgrey
COX7A2L,darkgrey
CPAMD8,darkgrey
CPE,darkgrey
CPEB1,darkgrey
CPEB2,darkgrey
CPOX,darkgrey
CPS1,darkgrey
CPSF6,darkgrey
CPT1C,darkgrey
CRADD,darkgrey
CRELD1,darkgrey
CRIM1,darkgrey
CRIP1,darkgrey
CRISPLD1,darkgrey
CRNKL1,darkgrey
CRY1,darkgrey
CSAD,darkgrey
CSDA,darkgrey
CSGALNACT2,darkgrey
CSNK1A1,darkgrey
CSNK1G1,darkgrey
CSNK2A2,darkgrey
CSNK2B,darkgrey
CSPG5,darkgrey
CSRNP2,darkgrey
CSRP2,darkgrey
CSTF3,darkgrey
CTBP2,darkgrey
CTDSPL2,darkgrey
CTH,darkgrey
CTHRC1,darkgrey
CTNNA1,darkgrey
CTNNB1,darkgrey
CTNND2,darkgrey
CUBN,darkgrey
CUEDC2,darkgrey
CUGBP2,darkgrey
CUL2,darkgrey
CUTA,darkgrey
CUTC,darkgrey
CUX1,darkgrey
CXXC1,darkgrey
CXXC5,darkgrey
CYB5R1,darkgrey
CYB5R2,darkgrey
CYB5RL,darkgrey
CYGB,darkgrey
CYLD,darkgrey
CYP19A1,darkgrey
CYP1A1,darkgrey
CYP26B1,darkgrey
CYP2R1,darkgrey
CYP3A43,darkgrey
CYP46A1,darkgrey
CYS1,darkgrey
CYTH1,darkgrey
CYYR1,darkgrey
DAAM1,darkgrey
DAB2,darkgrey
DACH1,darkgrey
DACT3,darkgrey
DAG1,darkgrey
DALRD3,darkgrey
DAXX,darkgrey
DCAF13,darkgrey
DCAF17,darkgrey
DCAKD,darkgrey
DCLK2,darkgrey
DCLRE1A,darkgrey
DCTD,darkgrey
DCUN1D4,darkgrey
DDA1,darkgrey
DDAH2,darkgrey
DDHD2,darkgrey
DDR1,darkgrey
DDX18,darkgrey
DDX19A,darkgrey
DDX24,darkgrey
DDX46,darkgrey
DDX55,darkgrey
DEGS1,darkgrey
DENND1B,darkgrey
DENND4C,darkgrey
DENND5B,darkgrey
DERA,darkgrey
DHCR24,darkgrey
DHDDS,darkgrey
DHODH,darkgrey
DHRS1,darkgrey
DHRS11,darkgrey
DHX15,darkgrey
DHX16,darkgrey
DHX32,darkgrey
DHX34,darkgrey
DHX9,darkgrey
DIAPH3,darkgrey
DIP2A,darkgrey
DIP2C,darkgrey
DIS3L2,darkgrey
DKFZP434H168,darkgrey
DKK3,darkgrey
DLAT,darkgrey
DLEU7,darkgrey
DLG2,darkgrey
DLG4,darkgrey
DLGAP2,darkgrey
DLK2,darkgrey
DLL1,darkgrey
DLL4,darkgrey
DLX4,darkgrey
DMAP1,darkgrey
DMTF1,darkgrey
DMXL2,darkgrey
DNA2,darkgrey
DNAH17,darkgrey
DNAH6,darkgrey
DNAJB14,darkgrey
DNAJC12,darkgrey
DNAJC21,darkgrey
DNAJC4,darkgrey
DNM3,darkgrey
DNMT3B,darkgrey
DNPEP,darkgrey
DOC2B,darkgrey
DOCK1,darkgrey
DOCK5,darkgrey
DOM3Z,darkgrey
DPF3,darkgrey
DPH3,darkgrey
DPH5,darkgrey
DPP10,darkgrey
DPP3,darkgrey
DPP6,darkgrey
DPP8,darkgrey
DPPA4,darkgrey
DPPA5,darkgrey
DPYSL4,darkgrey
DRAM1,darkgrey
DRAM2,darkgrey
DRD2,darkgrey
DSCAM,darkgrey
DSCC1,darkgrey
DST,darkgrey
DSTYK,darkgrey
DTNB,darkgrey
DTWD1,darkgrey
DUOX2,darkgrey
DUSP4,darkgrey
DUSP6,darkgrey
DVL2,darkgrey
DYDC2,darkgrey
DYNLL2,darkgrey
DYNLRB2,darkgrey
DYRK1A,darkgrey
DYRK1B,darkgrey
DYRK3,darkgrey
DZIP1,darkgrey
E2F1,darkgrey
E2F7,darkgrey
E2F8,darkgrey
E4F1,darkgrey
EBF1,darkgrey
EBF3,darkgrey
EBPL,darkgrey
ECE1,darkgrey
EDARADD,darkgrey
EDEM1,darkgrey
EDEM3,darkgrey
EEFSEC,darkgrey
EEPD1,darkgrey
EFCAB1,darkgrey
EFEMP1,darkgrey
EFHD1,darkgrey
EFNA3,darkgrey
EFR3A,darkgrey
EFR3B,darkgrey
EGR2,darkgrey
EHBP1,darkgrey
EHD1,darkgrey
EIF2B1,darkgrey
EIF2B4,darkgrey
EIF3A,darkgrey
EIF3D,darkgrey
EIF3L,darkgrey
EIF4G3,darkgrey
EIF5A2,darkgrey
ELAC1,darkgrey
ELAVL3,darkgrey
ELFN2,darkgrey
ELMOD2,darkgrey
ELOVL4,darkgrey
ELOVL5,darkgrey
ELP4,darkgrey
EML5,darkgrey
EMX2,darkgrey
ENO2,darkgrey
ENTPD3,darkgrey
EP400,darkgrey
EPB41,darkgrey
EPB49,darkgrey
EPC2,darkgrey
EPCAM,darkgrey
EPHA2,darkgrey
EPHA6,darkgrey
EPM2AIP1,darkgrey
EPS8,darkgrey
ERAP1,darkgrey
ERCC4,darkgrey
ERCC6,darkgrey
EREG,darkgrey
ERG,darkgrey
ERI2,darkgrey
ERI3,darkgrey
ERLEC1,darkgrey
ERMAP,darkgrey
ERO1L,darkgrey
ESCO2,darkgrey
ESF1,darkgrey
ESYT1,darkgrey
ETHE1,darkgrey
ETNK1,darkgrey
ETS1,darkgrey
ETV1,darkgrey
ETV4,darkgrey
EVI5L,darkgrey
EXOC1,darkgrey
EXOC2,darkgrey
EXOC3,darkgrey
EXOC4,darkgrey
EXOC7,darkgrey
EYS,darkgrey
F11R,darkgrey
F3,darkgrey
FADD,darkgrey
FADS1,darkgrey
FAF2,darkgrey
FAH,darkgrey
FAIM,darkgrey
FAM105A,darkgrey
FAM105B,darkgrey
FAM107B,darkgrey
FAM109A,darkgrey
FAM113A,darkgrey
FAM113B,darkgrey
FAM116A,darkgrey
FAM117A,darkgrey
FAM126B,darkgrey
FAM128A,darkgrey
FAM129A,darkgrey
FAM131B,darkgrey
FAM131C,darkgrey
FAM134C,darkgrey
FAM135A,darkgrey
FAM149B1,darkgrey
FAM159B,darkgrey
FAM160A1,darkgrey
FAM163A,darkgrey
FAM164C,darkgrey
FAM167A,darkgrey
FAM173B,darkgrey
FAM178A,darkgrey
FAM184B,darkgrey
FAM189A1,darkgrey
FAM189B,darkgrey
FAM20B,darkgrey
FAM20C,darkgrey
FAM38A,darkgrey
FAM43A,darkgrey
FAM49A,darkgrey
FAM54A,darkgrey
FAM54B,darkgrey
FAM55C,darkgrey
FAM57B,darkgrey
FAM76A,darkgrey
FAM96A,darkgrey
FAM98A,darkgrey
FANCI,darkgrey
FAR1,darkgrey
FARSB,darkgrey
FAS,darkgrey
FASTK,darkgrey
FASTKD1,darkgrey
FASTKD2,darkgrey
FAT1,darkgrey
FAT4,darkgrey
FBL,darkgrey
FBRSL1,darkgrey
FBXL12,darkgrey
FBXL7,darkgrey
FBXL8,darkgrey
FBXO21,darkgrey
FBXO22,darkgrey
FBXO28,darkgrey
FBXO3,darkgrey
FBXO30,darkgrey
FBXO31,darkgrey
FBXO33,darkgrey
FBXO34,darkgrey
FBXO4,darkgrey
FBXO42,darkgrey
FBXO5,darkgrey
FBXO8,darkgrey
FBXW11,darkgrey
FBXW7,darkgrey
FBXW8,darkgrey
FDFT1,darkgrey
FDXACB1,darkgrey
FEM1C,darkgrey
FEZ2,darkgrey
FGD5,darkgrey
FGF12,darkgrey
FGF14,darkgrey
FGF5,darkgrey
FGFR1OP,darkgrey
FGFRL1,darkgrey
FIBP,darkgrey
FICD,darkgrey
FIP1L1,darkgrey
FJX1,darkgrey
FKBP2,darkgrey
FKBP4,darkgrey
FKBP5,darkgrey
FKBP9,darkgrey
FKRP,darkgrey
FLJ10357,darkgrey
FLJ22536,darkgrey
FLJ31306,darkgrey
FLJ36031,darkgrey
FLJ42289,darkgrey
FLJ42875,darkgrey
FLNB,darkgrey
FLRT2,darkgrey
FMN2,darkgrey
FN1,darkgrey
FNBP4,darkgrey
FNDC3B,darkgrey
FNDC4,darkgrey
FNDC5,darkgrey
FNIP2,darkgrey
FOS,darkgrey
FOSL1,darkgrey
FOXD2,darkgrey
FOXE1,darkgrey
FOXF2,darkgrey
FOXJ3,darkgrey
FOXN3,darkgrey
FRAS1,darkgrey
FRS2,darkgrey
FRS3,darkgrey
FSCN1,darkgrey
FTH1,darkgrey
FUCA1,darkgrey
FUS,darkgrey
FUT10,darkgrey
FUT11,darkgrey
FUZ,darkgrey
FXR1,darkgrey
FXR2,darkgrey
FYB,darkgrey
FYTTD1,darkgrey
FZD3,darkgrey
FZD7,darkgrey
G2E3,darkgrey
GAB1,darkgrey
GABARAPL1,darkgrey
GABBR1,darkgrey
GAD2,darkgrey
GADD45A,darkgrey
GALE,darkgrey
GALNT4,darkgrey
GALNTL1,darkgrey
GALR1,darkgrey
GAMT,darkgrey
GANC,darkgrey
GART,darkgrey
GAS2L3,darkgrey
GAS5,darkgrey
GATAD2B,darkgrey
GATS,darkgrey
GBX1,darkgrey
GCLM,darkgrey
GDF11,darkgrey
GDNF,darkgrey
GDPD1,darkgrey
GEMIN5,darkgrey
GFI1,darkgrey
GFOD1,darkgrey
GFPT2,darkgrey
GGA1,darkgrey
GGA3,darkgrey
GGCT,darkgrey
GGPS1,darkgrey
GGT7,darkgrey
GHR,darkgrey
GIPR,darkgrey
GJA8,darkgrey
GK5,darkgrey
GLI1,darkgrey
GLP1R,darkgrey
GLRA3,darkgrey
GLRB,darkgrey
GLRX2,darkgrey
GLRX3,darkgrey
GLRX5,darkgrey
GLT25D1,darkgrey
GLT8D1,darkgrey
GLTSCR1,darkgrey
GLYR1,darkgrey
GMCL1,darkgrey
GMPR2,darkgrey
GMPS,darkgrey
GNA13,darkgrey
GNAS,darkgrey
GNB1L,darkgrey
GNB2,darkgrey
GNG4,darkgrey
GNL1,darkgrey
GNL2,darkgrey
GNMT,darkgrey
GNPTAB,darkgrey
GNRHR2,darkgrey
GOLGA3,darkgrey
GOLPH3,darkgrey
GOLT1B,darkgrey
GPA33,darkgrey
GPATCH2,darkgrey
GPR135,darkgrey
GPR153,darkgrey
GPR161,darkgrey
GPR162,darkgrey
GPR176,darkgrey
GPR177,darkgrey
GPR19,darkgrey
GPSM3,darkgrey
GPX4,darkgrey
GRB10,darkgrey
GRHL1,darkgrey
GRID2IP,darkgrey
GRIN3B,darkgrey
GRINA,darkgrey
GRK4,darkgrey
GRM6,darkgrey
GSS,darkgrey
GSTO2,darkgrey
GTDC1,darkgrey
GTF2A1,darkgrey
GTF2F2,darkgrey
GTF2H4,darkgrey
GTF3C5,darkgrey
GTPBP2,darkgrey
GTPBP3,darkgrey
GTSE1,darkgrey
GUCY1A2,darkgrey
GUCY1A3,darkgrey
GYG1,darkgrey
H2AFJ,darkgrey
H2AFY2,darkgrey
H3F3B,darkgrey
HAPLN1,darkgrey
HAT1,darkgrey
HAUS6,darkgrey
HAUS8,darkgrey
HAX1,darkgrey
HBG2,darkgrey
HCCA2,darkgrey
HCFC1R1,darkgrey
HCG18,darkgrey
HCG9,darkgrey
HCN1,darkgrey
HDAC11,darkgrey
HDAC4,darkgrey
HDGF,darkgrey
HEATR3,darkgrey
HEATR4,darkgrey
HECTD2,darkgrey
HEG1,darkgrey
HERC3,darkgrey
HERPUD2,darkgrey
HES4,darkgrey
HEXA,darkgrey
HEXDC,darkgrey
HIC1,darkgrey
HIGD2B,darkgrey
HINFP,darkgrey
HINT1,darkgrey
HIP1R,darkgrey
HIPK3,darkgrey
HIST1H1E,darkgrey
HIST1H2BB,darkgrey
HIST1H2BG,darkgrey
HIST1H2BH,darkgrey
HIST3H2BB,darkgrey
HIVEP1,darkgrey
HIVEP2,darkgrey
HJURP,darkgrey
HKR1,darkgrey
HLA-DMA,darkgrey
HLA-DPA1,darkgrey
HLA-DPB2,darkgrey
HLA-E,darkgrey
HMBS,darkgrey
HMGA2,darkgrey
HMGCR,darkgrey
HMGCS1,darkgrey
HMGN3,darkgrey
HMGXB3,darkgrey
HMOX1,darkgrey
HNRNPA0,darkgrey
HNRNPD,darkgrey
HNRNPH1,darkgrey
HNRNPL,darkgrey
HNRNPU,darkgrey
HNRNPUL2,darkgrey
HNRPDL,darkgrey
HOMEZ,darkgrey
HOOK1,darkgrey
HOOK2,darkgrey
HOXA11AS,darkgrey
HOXC4,darkgrey
HPCAL1,darkgrey
HPCAL4,darkgrey
HPS3,darkgrey
HRH1,darkgrey
HRK,darkgrey
HRNBP3,darkgrey
HS2ST1,darkgrey
HSD17B8,darkgrey
HSDL2,darkgrey
HSF2,darkgrey
HSPA14,darkgrey
HSPA9,darkgrey
HSPBP1,darkgrey
HSPE1,darkgrey
HSPG2,darkgrey
HTR1F,darkgrey
HTR7P,darkgrey
HTRA1,darkgrey
HTT,darkgrey
HVCN1,darkgrey
HYAL2,darkgrey
HYAL3,darkgrey
HYI,darkgrey
ICAM1,darkgrey
ICAM5,darkgrey
ICMT,darkgrey
ICOSLG,darkgrey
ID1,darkgrey
ID2B,darkgrey
ID4,darkgrey
IDE,darkgrey
IDH3B,darkgrey
IFI6,darkgrey
IFNGR2,darkgrey
IFT80,darkgrey
IFT88,darkgrey
IGDCC3,darkgrey
IGF2BP2,darkgrey
IGSF8,darkgrey
IGSF9,darkgrey
IGSF9B,darkgrey
IHH,darkgrey
IKBIP,darkgrey
IKBKAP,darkgrey
IKZF2,darkgrey
IL12A,darkgrey
IL12RB2,darkgrey
IL17D,darkgrey
IL1RN,darkgrey
IL28RA,darkgrey
IL6R,darkgrey
ILDR1,darkgrey
ILF3,darkgrey
IMPDH1,darkgrey
INCA1,darkgrey
ING2,darkgrey
INHA,darkgrey
INO80,darkgrey
INO80B,darkgrey
INPP5A,darkgrey
INPP5B,darkgrey
INSIG2,darkgrey
INSM2,darkgrey
IP6K1,darkgrey
IPO13,darkgrey
IPO5,darkgrey
IPO7,darkgrey
IPP,darkgrey
IQCA1,darkgrey
IQCC,darkgrey
IQCE,darkgrey
IQGAP2,darkgrey
IQUB,darkgrey
IRF2BP2,darkgrey
IRS2,darkgrey
IRX1,darkgrey
IRX2,darkgrey
IRX6,darkgrey
ISCU,darkgrey
ISL2,darkgrey
ISM1,darkgrey
ITGA2B,darkgrey
ITGA3,darkgrey
ITGA6,darkgrey
ITGA7,darkgrey
ITGB1,darkgrey
ITGB2,darkgrey
ITM2B,darkgrey
ITM2C,darkgrey
ITPR1,darkgrey
ITPR2,darkgrey
ITSN1,darkgrey
IZUMO1,darkgrey
JMJD1C,darkgrey
JMJD5,darkgrey
JPH1,darkgrey
JRKL,darkgrey
JUNB,darkgrey
JUP,darkgrey
KANK2,darkgrey
KAT2A,darkgrey
KAT2B,darkgrey
KAT5,darkgrey
KCNB2,darkgrey
KCNC1,darkgrey
KCNH1,darkgrey
KCNH2,darkgrey
KCNJ10,darkgrey
KCNJ11,darkgrey
KCNJ5,darkgrey
KCNK15,darkgrey
KCNK2,darkgrey
KCNK9,darkgrey
KCNMA1,darkgrey
KCNMB3,darkgrey
KCNN2,darkgrey
KCNQ5,darkgrey
KCTD1,darkgrey
KCTD2,darkgrey
KCTD5,darkgrey
KDM2B,darkgrey
KDM4A,darkgrey
KDM4D,darkgrey
KDM6B,darkgrey
KDSR,darkgrey
KIAA0100,darkgrey
KIAA0101,darkgrey
KIAA0232,darkgrey
KIAA0319L,darkgrey
KIAA0355,darkgrey
KIAA0406,darkgrey
KIAA1012,darkgrey
KIAA1191,darkgrey
KIAA1217,darkgrey
KIAA1377,darkgrey
KIAA1429,darkgrey
KIAA1598,darkgrey
KIAA1949,darkgrey
KIAA2018,darkgrey
KIF11,darkgrey
KIF13B,darkgrey
KIF17,darkgrey
KIF1A,darkgrey
KIF1B,darkgrey
KIF20B,darkgrey
KIF22,darkgrey
KIF23,darkgrey
KIF2A,darkgrey
KIF3B,darkgrey
KIF5C,darkgrey
KIFC1,darkgrey
KIRREL3,darkgrey
KLC1,darkgrey
KLC2,darkgrey
KLF12,darkgrey
KLF13,darkgrey
KLF14,darkgrey
KLF15,darkgrey
KLF7,darkgrey
KLHDC2,darkgrey
KLHDC4,darkgrey
KLHDC9,darkgrey
KLHL1,darkgrey
KLHL12,darkgrey
KLHL2,darkgrey
KLHL25,darkgrey
KLHL26,darkgrey
KLHL29,darkgrey
KLHL31,darkgrey
KNDC1,darkgrey
KPNA2,darkgrey
KPNA4,darkgrey
KRAS,darkgrey
KRBA1,darkgrey
KRIT1,darkgrey
KRT1,darkgrey
KSR2,darkgrey
KY,darkgrey
L3MBTL2,darkgrey
L3MBTL4,darkgrey
LAMA3,darkgrey
LAMA4,darkgrey
LAMA5,darkgrey
LAMB1,darkgrey
LAMB4,darkgrey
LAMC1,darkgrey
LAMP1,darkgrey
LARS2,darkgrey
LASS2,darkgrey
LASS4,darkgrey
LASS6,darkgrey
LATS2,darkgrey
LCA5,darkgrey
LDB2,darkgrey
LDHB,darkgrey
LDLRAP1,darkgrey
LEO1,darkgrey
LEPR,darkgrey
LEPRE1,darkgrey
LEPROT,darkgrey
LGI2,darkgrey
LHFPL2,darkgrey
LHFPL3,darkgrey
LHX1,darkgrey
LHX6,darkgrey
LIMCH1,darkgrey
LIMK2,darkgrey
LIN37,darkgrey
LIN52,darkgrey
LINS1,darkgrey
LIPE,darkgrey
LIPH,darkgrey
LIPT1,darkgrey
LLPH,darkgrey
LMBR1L,darkgrey
LMBRD1,darkgrey
LMF1,darkgrey
LMF2,darkgrey
LMNB1,darkgrey
LMX1B,darkgrey
LNPEP,darkgrey
LOC100128191,darkgrey
LOC100128292,darkgrey
LOC100128640,darkgrey
LOC100128675,darkgrey
LOC100130581,darkgrey
LOC100134229,darkgrey
LOC100134713,darkgrey
LOC100233209,darkgrey
LOC100302652,darkgrey
LOC100329108,darkgrey
LOC134466,darkgrey
LOC151174,darkgrey
LOC255512,darkgrey
LOC283267,darkgrey
LOC283392,darkgrey
LOC285205,darkgrey
LOC285501,darkgrey
LOC285830,darkgrey
LOC344967,darkgrey
LOC388588,darkgrey
LOC388789,darkgrey
LOC389458,darkgrey
LOC390595,darkgrey
LOC400927,darkgrey
LOC401052,darkgrey
LOC404266,darkgrey
LOC440925,darkgrey
LOC554202,darkgrey
LOC643387,darkgrey
LOC646999,darkgrey
LOC728411,darkgrey
LOC728723,darkgrey
LOC729799,darkgrey
LOC729991-MEF2B,darkgrey
LONRF2,darkgrey
LPCAT3,darkgrey
LPIN3,darkgrey
LPO,darkgrey
LQK1,darkgrey
LRAT,darkgrey
LRBA,darkgrey
LRFN1,darkgrey
LRFN5,darkgrey
LRIG1,darkgrey
LRP11,darkgrey
LRP5,darkgrey
LRP8,darkgrey
LRRC1,darkgrey
LRRC27,darkgrey
LRRC32,darkgrey
LRRC47,darkgrey
LRRC59,darkgrey
LRRC66,darkgrey
LRRFIP1,darkgrey
LRRIQ3,darkgrey
LRTOMT,darkgrey
LSG1,darkgrey
LSM1,darkgrey
LSM14A,darkgrey
LSR,darkgrey
LTBP3,darkgrey
LUC7L,darkgrey
LUC7L2,darkgrey
LY6H,darkgrey
LYPD5,darkgrey
LZTFL1,darkgrey
MACROD2,darkgrey
MAD2L2,darkgrey
MAFB,darkgrey
MAGI2,darkgrey
MAGOHB,darkgrey
MAK16,darkgrey
MAML2,darkgrey
MAML3,darkgrey
MAN1A1,darkgrey
MAN2C1,darkgrey
MANEAL,darkgrey
MAP1A,darkgrey
MAP1S,darkgrey
MAP2K1,darkgrey
MAP2K5,darkgrey
MAP3K10,darkgrey
MAP3K14,darkgrey
MAP3K5,darkgrey
MAP3K8,darkgrey
MAP4K3,darkgrey
MAP7,darkgrey
MAP9,darkgrey
MAPK1IP1L,darkgrey
MAPK4,darkgrey
MAPK7,darkgrey
MAPK9,darkgrey
MAPT,darkgrey
MARCH11,darkgrey
MARCH3,darkgrey
MARCH4,darkgrey
MARCH7,darkgrey
MARCH8,darkgrey
MARCKS,darkgrey
MARK2,darkgrey
MARK3,darkgrey
MARK4,darkgrey
MARS2,darkgrey
MAST2,darkgrey
MAST3,darkgrey
MAST4,darkgrey
MAT2A,darkgrey
MAT2B,darkgrey
MATK,darkgrey
MATN2,darkgrey
MBOAT7,darkgrey
MBTD1,darkgrey
MCAM,darkgrey
MCC,darkgrey
MCEE,darkgrey
MCFD2,darkgrey
MCL1,darkgrey
MCM10,darkgrey
MCM2,darkgrey
MCM7,darkgrey
MCOLN1,darkgrey
MDC1,darkgrey
ME2,darkgrey
MEA1,darkgrey
MED13,darkgrey
MED17,darkgrey
MED20,darkgrey
MED26,darkgrey
MED28,darkgrey
MED31,darkgrey
MED6,darkgrey
MEF2A,darkgrey
MEGF6,darkgrey
MELK,darkgrey
MERTK,darkgrey
METT11D1,darkgrey
METTL5,darkgrey
MEX3A,darkgrey
MFAP1,darkgrey
MFGE8,darkgrey
MFI2,darkgrey
MFSD1,darkgrey
MFSD8,darkgrey
MGC23284,darkgrey
MGC45800,darkgrey
MGMT,darkgrey
MICAL2,darkgrey
MINK1,darkgrey
MINPP1,darkgrey
MIR10B,darkgrey
MIR1276,darkgrey
MIR132,darkgrey
MIR196B,darkgrey
MIR1976,darkgrey
MIR2110,darkgrey
MIR423,darkgrey
MIR548H4,darkgrey
MIR548N,darkgrey
MIR618,darkgrey
MIR760,darkgrey
MIS12,darkgrey
MIXL1,darkgrey
MKI67IP,darkgrey
MKL1,darkgrey
MKLN1,darkgrey
MKNK2,darkgrey
MLF1IP,darkgrey
MLF2,darkgrey
MLKL,darkgrey
MLL,darkgrey
MLL5,darkgrey
MLLT10,darkgrey
MLLT6,darkgrey
MMAB,darkgrey
MMP16,darkgrey
MMP25,darkgrey
MNAT1,darkgrey
MNT,darkgrey
MOCS2,darkgrey
MOCS3,darkgrey
MOGS,darkgrey
MORC1,darkgrey
MORC2,darkgrey
MORG1,darkgrey
MORN1,darkgrey
MPDU1,darkgrey
MPEG1,darkgrey
MPI,darkgrey
MPPED2,darkgrey
MPRIP,darkgrey
MPST,darkgrey
MPV17L2,darkgrey
MRGPRF,darkgrey
MRPL12,darkgrey
MRPL17,darkgrey
MRPL20,darkgrey
MRPL3,darkgrey
MRPL38,darkgrey
MRPL4,darkgrey
MRPL42,darkgrey
MRPL46,darkgrey
MRPS16,darkgrey
MRPS18B,darkgrey
MRPS23,darkgrey
MRPS26,darkgrey
MRPS30,darkgrey
MRPS9,darkgrey
MRVI1,darkgrey
MSH2,darkgrey
MSH6,darkgrey
MSI2,darkgrey
MSL2,darkgrey
MT2A,darkgrey
MTA1,darkgrey
MTA2,darkgrey
MTBP,darkgrey
MTCH1,darkgrey
MTCH2,darkgrey
MTF1,darkgrey
MTFMT,darkgrey
MTHFD1,darkgrey
MTHFR,darkgrey
MTMR14,darkgrey
MTMR15,darkgrey
MTMR6,darkgrey
MTRR,darkgrey
MUC7,darkgrey
MUDENG,darkgrey
MUL1,darkgrey
MUTYH,darkgrey
MVK,darkgrey
MYBBP1A,darkgrey
MYL6B,darkgrey
MYO15A,darkgrey
MYO1F,darkgrey
MYO3A,darkgrey
MYRIP,darkgrey
MYT1L,darkgrey
MZF1,darkgrey
N4BP2L2,darkgrey
N4BP3,darkgrey
NAA11,darkgrey
NAA25,darkgrey
NAB2,darkgrey
NADSYN1,darkgrey
NAGPA,darkgrey
NANOS1,darkgrey
NANS,darkgrey
NAV2,darkgrey
NAV3,darkgrey
NBAS,darkgrey
NBEAL1,darkgrey
NBL1,darkgrey
NBR1,darkgrey
NCAPH,darkgrey
NCDN,darkgrey
NCEH1,darkgrey
NCF2,darkgrey
NCKIPSD,darkgrey
NCOA4,darkgrey
NCOR2,darkgrey
NCRNA00085,darkgrey
NCRNA00119,darkgrey
NCRNA00167,darkgrey
NCRNA00171,darkgrey
NCRNA00188,darkgrey
NDC80,darkgrey
NDFIP1,darkgrey
NDRG4,darkgrey
NDUFA12,darkgrey
NDUFA13,darkgrey
NDUFA6,darkgrey
NDUFAF2,darkgrey
NDUFB7,darkgrey
NDUFB8,darkgrey
NDUFC2,darkgrey
NDUFS1,darkgrey
NDUFV2,darkgrey
NEBL,darkgrey
NECAB2,darkgrey
NEFH,darkgrey
NEFM,darkgrey
NEIL2,darkgrey
NEIL3,darkgrey
NEK11,darkgrey
NEK3,darkgrey
NETO2,darkgrey
NFATC1,darkgrey
NFATC2,darkgrey
NFE2L1,darkgrey
NGF,darkgrey
NGLY1,darkgrey
NHSL1,darkgrey
NICN1,darkgrey
NID1,darkgrey
NIPA1,darkgrey
NIPA2,darkgrey
NKIRAS1,darkgrey
NKX2-1,darkgrey
NKX2-5,darkgrey
NLGN1,darkgrey
NLK,darkgrey
NLRP5,darkgrey
NLRP7,darkgrey
NMI,darkgrey
NMNAT2,darkgrey
NMU,darkgrey
NOLC1,darkgrey
NOP2,darkgrey
NOS1AP,darkgrey
NOS2,darkgrey
NOTCH4,darkgrey
NOV,darkgrey
NOXA1,darkgrey
NPAS4,darkgrey
NPC2,darkgrey
NPFFR2,darkgrey
NPHP4,darkgrey
NPM1,darkgrey
NPR3,darkgrey
NPTN,darkgrey
NPTXR,darkgrey
NR3C1,darkgrey
NR6A1,darkgrey
NRAS,darkgrey
NRCAM,darkgrey
NRD1,darkgrey
NRF1,darkgrey
NRP2,darkgrey
NSMAF,darkgrey
NSMCE1,darkgrey
NSUN2,darkgrey
NSUN3,darkgrey
NSUN7,darkgrey
NTF3,darkgrey
NTHL1,darkgrey
NTN1,darkgrey
NTN4,darkgrey
NTNG1,darkgrey
NTNG2,darkgrey
NTRK1,darkgrey
NTRK3,darkgrey
NUAK1,darkgrey
NUB1,darkgrey
NUBP1,darkgrey
NUBPL,darkgrey
NUDC,darkgrey
NUDT12,darkgrey
NUDT14,darkgrey
NUDT15,darkgrey
NUDT16L1,darkgrey
NUDT19,darkgrey
NUF2,darkgrey
NUP160,darkgrey
NUP188,darkgrey
NUP37,darkgrey
NUPL2,darkgrey
NUSAP1,darkgrey
NXF1,darkgrey
NXPH1,darkgrey
OBFC2A,darkgrey
OBSL1,darkgrey
ODF2,darkgrey
ODZ4,darkgrey
OGFR,darkgrey
OLIG2,darkgrey
OMA1,darkgrey
ONECUT3,darkgrey
OPA3,darkgrey
OPTC,darkgrey
OR11L1,darkgrey
OR13A1,darkgrey
OR2T6,darkgrey
OR2W1,darkgrey
ORAOV1,darkgrey
ORC3L,darkgrey
OSBPL6,darkgrey
OSTM1,darkgrey
OTP,darkgrey
OTUB1,darkgrey
OVCA2,darkgrey
OXSM,darkgrey
OXTR,darkgrey
P4HA1,darkgrey
P4HB,darkgrey
P4HTM,darkgrey
PA2G4,darkgrey
PACRG,darkgrey
PACSIN1,darkgrey
PAF1,darkgrey
PAFAH1B1,darkgrey
PAIP1,darkgrey
PAIP2,darkgrey
PAK7,darkgrey
PALLD,darkgrey
PAN2,darkgrey
PAPD5,darkgrey
PAPOLA,darkgrey
PAPOLG,darkgrey
PAPSS2,darkgrey
PARK2,darkgrey
PARL,darkgrey
PATZ1,darkgrey
PAX1,darkgrey
PAX2,darkgrey
PAX6,darkgrey
PAX7,darkgrey
PAX8,darkgrey
PCBP1,darkgrey
PCDH10,darkgrey
PCDH21,darkgrey
PCDHAC2,darkgrey
PCGF3,darkgrey
PCGF5,darkgrey
PCID2,darkgrey
PCK2,darkgrey
PCNA,darkgrey
PCNXL2,darkgrey
PCOLCE2,darkgrey
PCSK1,darkgrey
PCYOX1L,darkgrey
PDCD11,darkgrey
PDE11A,darkgrey
PDE12,darkgrey
PDE4D,darkgrey
PDE7A,darkgrey
PDE8A,darkgrey
PDE8B,darkgrey
PDGFA,darkgrey
PDGFRL,darkgrey
PDHB,darkgrey
PDIA6,darkgrey
PDP1,darkgrey
PDRG1,darkgrey
PDSS2,darkgrey
PDZD8,darkgrey
PEF1,darkgrey
PELI2,darkgrey
PEX14,darkgrey
PEX16,darkgrey
PEX26,darkgrey
PEX5,darkgrey
PEX5L,darkgrey
PEX7,darkgrey
PFN4,darkgrey
PGAM1,darkgrey
PGAM5,darkgrey
PGAP3,darkgrey
PGBD2,darkgrey
PGK2,darkgrey
PHAX,darkgrey
PHB,darkgrey
PHB2,darkgrey
PHC2,darkgrey
PHF1,darkgrey
PHF5A,darkgrey
PHKB,darkgrey
PHKG2,darkgrey
PHLPP1,darkgrey
PHTF2,darkgrey
PI4K2A,darkgrey
PIAS1,darkgrey
PIAS3,darkgrey
PICALM,darkgrey
PIGB,darkgrey
PIGH,darkgrey
PIGK,darkgrey
PIGV,darkgrey
PIGY,darkgrey
PIK3CB,darkgrey
PIK3R2,darkgrey
PIKFYVE,darkgrey
PIM1,darkgrey
PIM3,darkgrey
PIRT,darkgrey
PITPNC1,darkgrey
PITX3,darkgrey
PKN2,darkgrey
PKNOX2,darkgrey
PLAGL1,darkgrey
PLCG1,darkgrey
PLCXD3,darkgrey
PLD2,darkgrey
PLD3,darkgrey
PLDN,darkgrey
PLEKHA1,darkgrey
PLEKHA7,darkgrey
PLEKHA8,darkgrey
PLEKHB2,darkgrey
PLEKHH1,darkgrey
PLEKHH3,darkgrey
PLIN3,darkgrey
PLK2,darkgrey
PLK4,darkgrey
PLLP,darkgrey
PLS1,darkgrey
PLSCR3,darkgrey
PLTP,darkgrey
PLXNC1,darkgrey
PLXND1,darkgrey
PMEPA1,darkgrey
PMP22,darkgrey
PNMA2,darkgrey
PNPLA1,darkgrey
PNPLA2,darkgrey
PNPLA3,darkgrey
PNPLA6,darkgrey
PNPT1,darkgrey
PNRC2,darkgrey
PODNL1,darkgrey
POLA2,darkgrey
POLDIP2,darkgrey
POLDIP3,darkgrey
POLG,darkgrey
POLM,darkgrey
POLR1D,darkgrey
POLR2D,darkgrey
POLR2E,darkgrey
POLR2H,darkgrey
POLR3B,darkgrey
POLR3C,darkgrey
POLR3H,darkgrey
POLR3K,darkgrey
POMC,darkgrey
POMGNT1,darkgrey
POP1,darkgrey
POU3F1,darkgrey
POU6F1,darkgrey
PPA1,darkgrey
PPA2,darkgrey
PPAP2C,darkgrey
PPAPDC1A,darkgrey
PPCDC,darkgrey
PPDPF,darkgrey
PPFIA1,darkgrey
PPFIA2,darkgrey
PPIA,darkgrey
PPID,darkgrey
PPIH,darkgrey
PPIL2,darkgrey
PPM1D,darkgrey
PPM1J,darkgrey
PPM1L,darkgrey
PPM1M,darkgrey
PPME1,darkgrey
PPP1CA,darkgrey
PPP1R10,darkgrey
PPP1R14A,darkgrey
PPP1R3E,darkgrey
PPP1R8,darkgrey
PPP2CA,darkgrey
PPP2R2B,darkgrey
PPP2R3A,darkgrey
PPP2R5C,darkgrey
PPP3CA,darkgrey
PPP3CC,darkgrey
PPP5C,darkgrey
PPRC1,darkgrey
PQLC2,darkgrey
PQLC3,darkgrey
PRDM16,darkgrey
PRDM2,darkgrey
PRDX5,darkgrey
PRELID2,darkgrey
PREPL,darkgrey
PRIM1,darkgrey
PRIM2,darkgrey
PRKAA2,darkgrey
PRKACA,darkgrey
PRKAG2,darkgrey
PRKAR1A,darkgrey
PRKAR1B,darkgrey
PRKAR2A,darkgrey
PRKCD,darkgrey
PRKCG,darkgrey
PRKCH,darkgrey
PRKCQ,darkgrey
PRKCSH,darkgrey
PRKRA,darkgrey
PRMT8,darkgrey
PRO0628,darkgrey
PROM1,darkgrey
PROSC,darkgrey
PROX1,darkgrey
PRPF3,darkgrey
PRPF40B,darkgrey
PRPF4B,darkgrey
PRPSAP2,darkgrey
PRR12,darkgrey
PRR13,darkgrey
PRR14,darkgrey
PRR3,darkgrey
PRR7,darkgrey
PRRC1,darkgrey
PRRT2,darkgrey
PRRT3,darkgrey
PRSS22,darkgrey
PRSS27,darkgrey
PRTFDC1,darkgrey
PSAP,darkgrey
PSMA2,darkgrey
PSMA7,darkgrey
PSMB2,darkgrey
PSMB6,darkgrey
PSMB8,darkgrey
PSMC3IP,darkgrey
PSMD4,darkgrey
PSMD9,darkgrey
PSME1,darkgrey
PSMG1,darkgrey
PSMG3,darkgrey
PSRC1,darkgrey
PSTK,darkgrey
PTCD3,darkgrey
PTCRA,darkgrey
PTEN,darkgrey
PTGER4,darkgrey
PTGFRN,darkgrey
PTGIS,darkgrey
PTGS2,darkgrey
PTHLH,darkgrey
PTK2B,darkgrey
PTMS,darkgrey
PTPLA,darkgrey
PTPLB,darkgrey
PTPN14,darkgrey
PTPN23,darkgrey
PTPRC,darkgrey
PTPRN2,darkgrey
PTTG2,darkgrey
PURA,darkgrey
PUS1,darkgrey
PUS7,darkgrey
PWP1,darkgrey
PWWP2B,darkgrey
PXMP4,darkgrey
PXN,darkgrey
PXT1,darkgrey
PYROXD1,darkgrey
QARS,darkgrey
QRFPR,darkgrey
QRICH1,darkgrey
QTRTD1,darkgrey
RAB10,darkgrey
RAB11FIP1,darkgrey
RAB11FIP4,darkgrey
RAB15,darkgrey
RAB1B,darkgrey
RAB22A,darkgrey
RAB24,darkgrey
RAB31,darkgrey
RAB32,darkgrey
RAB33B,darkgrey
RAB39,darkgrey
RAB3A,darkgrey
RAB3GAP1,darkgrey
RABAC1,darkgrey
RABEP1,darkgrey
RABGAP1L,darkgrey
RABGEF1,darkgrey
RAD1,darkgrey
RAD51,darkgrey
RAD54L,darkgrey
RADIL,darkgrey
RAET1K,darkgrey
RAGE,darkgrey
RAI1,darkgrey
RAI14,darkgrey
RALBP1,darkgrey
RALGAPB,darkgrey
RALGPS1,darkgrey
RALY,darkgrey
RANBP9,darkgrey
RAP1A,darkgrey
RAP1B,darkgrey
RAP1GAP,darkgrey
RAP1GAP2,darkgrey
RAPGEF1,darkgrey
RAPGEF6,darkgrey
RAPH1,darkgrey
RARA,darkgrey
RARG,darkgrey
RASA3,darkgrey
RASAL2,darkgrey
RASGEF1A,darkgrey
RASGEF1C,darkgrey
RASGRF2,darkgrey
RASGRP1,darkgrey
RASL11A,darkgrey
RASSF5,darkgrey
RB1,darkgrey
RBCK1,darkgrey
RBM17,darkgrey
RBM20,darkgrey
RBM24,darkgrey
RBM33,darkgrey
RBM47,darkgrey
RBM5,darkgrey
RBMS1,darkgrey
RBMS3,darkgrey
RBP4,darkgrey
RCBTB2,darkgrey
RCHY1,darkgrey
RCL1,darkgrey
RDBP,darkgrey
RDX,darkgrey
REL,darkgrey
RELL2,darkgrey
RET,darkgrey
REXO2,darkgrey
RFC2,darkgrey
RFC4,darkgrey
RFESD,darkgrey
RFK,darkgrey
RFT1,darkgrey
RFX1,darkgrey
RFX5,darkgrey
RFX7,darkgrey
RFX8,darkgrey
RG9MTD1,darkgrey
RGNEF,darkgrey
RGS14,darkgrey
RGS20,darkgrey
RGS7,darkgrey
RHBDL3,darkgrey
RHOA,darkgrey
RHOBTB1,darkgrey
RHOG,darkgrey
RIF1,darkgrey
RIMS2,darkgrey
RIOK1,darkgrey
RIPK2,darkgrey
RMND1,darkgrey
RMND5B,darkgrey
RNASEH2B,darkgrey
RND2,darkgrey
RNF111,darkgrey
RNF13,darkgrey
RNF139,darkgrey
RNF141,darkgrey
RNF146,darkgrey
RNF160,darkgrey
RNF167,darkgrey
RNF187,darkgrey
RNF19A,darkgrey
RNF19B,darkgrey
RNF2,darkgrey
RNF220,darkgrey
RNF26,darkgrey
RNF39,darkgrey
RNF40,darkgrey
ROBLD3,darkgrey
ROBO3,darkgrey
ROCK1,darkgrey
ROCK2,darkgrey
RORA,darkgrey
RP5-1022P6.2,darkgrey
RPA1,darkgrey
RPF1,darkgrey
RPL13,darkgrey
RPL18AP3,darkgrey
RPL22,darkgrey
RPL26L1,darkgrey
RPL30,darkgrey
RPL37,darkgrey
RPL7,darkgrey
RPLP0,darkgrey
RPP38,darkgrey
RPRD1A,darkgrey
RPS10P7,darkgrey
RPS13,darkgrey
RPS16,darkgrey
RPS21,darkgrey
RPS27L,darkgrey
RPS29,darkgrey
RPS6KA4,darkgrey
RPS7,darkgrey
RPUSD3,darkgrey
RPUSD4,darkgrey
RRAGC,darkgrey
RRBP1,darkgrey
RREB1,darkgrey
RRM2B,darkgrey
RSL24D1,darkgrey
RSPH4A,darkgrey
RSPO4,darkgrey
RTEL1,darkgrey
RTKN2,darkgrey
RTN1,darkgrey
RTN4IP1,darkgrey
RTP4,darkgrey
RUNX2,darkgrey
RWDD1,darkgrey
RWDD2A,darkgrey
S100A6,darkgrey
S1PR1,darkgrey
SAE1,darkgrey
SALL1,darkgrey
SALL3,darkgrey
SALL4,darkgrey
SAMD12,darkgrey
SAMD4A,darkgrey
SAMD4B,darkgrey
SATB2,darkgrey
SBNO1,darkgrey
SC5DL,darkgrey
SCAMP1,darkgrey
SCAND2,darkgrey
SCD,darkgrey
SCD5,darkgrey
SCHIP1,darkgrey
SCLY,darkgrey
SCN2B,darkgrey
SCN3B,darkgrey
SCN4B,darkgrey
SCN8A,darkgrey
SCN9A,darkgrey
SCO1,darkgrey
SCPEP1,darkgrey
SCRIB,darkgrey
SCUBE2,darkgrey
SCUBE3,darkgrey
SCYL2,darkgrey
SDC1,darkgrey
SDCBP,darkgrey
SDCBP2,darkgrey
SDCCAG8,darkgrey
SDHAF1,darkgrey
SDHC,darkgrey
SDK1,darkgrey
SDK2,darkgrey
SEC11A,darkgrey
SEC14L1,darkgrey
SEC22B,darkgrey
SEC22C,darkgrey
SEC31A,darkgrey
SEH1L,darkgrey
SELM,darkgrey
SEMA3F,darkgrey
SEMA6C,darkgrey
SENP1,darkgrey
SEP15,darkgrey
SEPT7,darkgrey
SEPT8,darkgrey
SEPT9,darkgrey
SERF2,darkgrey
SERGEF,darkgrey
SERHL2,darkgrey
SERINC4,darkgrey
SERP1,darkgrey
SESN1,darkgrey
SETBP1,darkgrey
SETD1A,darkgrey
SETD2,darkgrey
SETD3,darkgrey
SETD8,darkgrey
SETDB2,darkgrey
SF3A3,darkgrey
SFI1,darkgrey
SFRS11,darkgrey
SFRS12,darkgrey
SFRS13B,darkgrey
SFRS3,darkgrey
SFXN5,darkgrey
SGIP1,darkgrey
SGK1,darkgrey
SGMS1,darkgrey
SGPL1,darkgrey
SGPP2,darkgrey
SGSM1,darkgrey
SGTB,darkgrey
SH2B1,darkgrey
SH2D3A,darkgrey
SH3BP4,darkgrey
SHC4,darkgrey
SHF,darkgrey
SHISA2,darkgrey
SHISA3,darkgrey
SHISA7,darkgrey
SHISA9,darkgrey
SIAE,darkgrey
SIAH1,darkgrey
SIDT2,darkgrey
SIM2,darkgrey
SIN3A,darkgrey
SIRT1,darkgrey
SIRT5,darkgrey
SIX2,darkgrey
SKI,darkgrey
SKP1,darkgrey
SLAIN2,darkgrey
SLC12A5,darkgrey
SLC16A12,darkgrey
SLC16A13,darkgrey
SLC16A9,darkgrey
SLC19A2,darkgrey
SLC19A3,darkgrey
SLC1A5,darkgrey
SLC1A7,darkgrey
SLC22A24,darkgrey
SLC23A2,darkgrey
SLC25A35,darkgrey
SLC25A36,darkgrey
SLC25A39,darkgrey
SLC25A4,darkgrey
SLC26A2,darkgrey
SLC27A6,darkgrey
SLC29A1,darkgrey
SLC2A1,darkgrey
SLC2A10,darkgrey
SLC35A1,darkgrey
SLC35F1,darkgrey
SLC37A4,darkgrey
SLC38A4,darkgrey
SLC38A9,darkgrey
SLC39A13,darkgrey
SLC3A2,darkgrey
SLC41A3,darkgrey
SLC43A2,darkgrey
SLC4A11,darkgrey
SLC4A1AP,darkgrey
SLC4A4,darkgrey
SLC6A1,darkgrey
SLC6A3,darkgrey
SLC6A9,darkgrey
SLC7A1,darkgrey
SLC8A3,darkgrey
SLK,darkgrey
SLU7,darkgrey
SMAD2,darkgrey
SMAD3,darkgrey
SMAD6,darkgrey
SMAGP,darkgrey
SMARCA4,darkgrey
SMARCAL1,darkgrey
SMARCE1,darkgrey
SMC6,darkgrey
SMEK1,darkgrey
SMNDC1,darkgrey
SMO,darkgrey
SMOC1,darkgrey
SMPD1,darkgrey
SMPDL3A,darkgrey
SMTN,darkgrey
SMTNL2,darkgrey
SMYD3,darkgrey
SNAP25,darkgrey
SND1,darkgrey
SNED1,darkgrey
SNF8,darkgrey
SNORA76,darkgrey
SNORD114-29,darkgrey
SNORD46,darkgrey
SNORD55,darkgrey
SNORD58A,darkgrey
SNORD74,darkgrey
SNRNP27,darkgrey
SNRNP40,darkgrey
SNRPC,darkgrey
SNRPD1,darkgrey
SNTA1,darkgrey
SNTG2,darkgrey
SNX1,darkgrey
SNX16,darkgrey
SNX19,darkgrey
SNX22,darkgrey
SNX7,darkgrey
SNX8,darkgrey
SNX9,darkgrey
SOAT2,darkgrey
SOCS7,darkgrey
SON,darkgrey
SORBS1,darkgrey
SOS1,darkgrey
SOS2,darkgrey
SOX18,darkgrey
SOX4,darkgrey
SOX7,darkgrey
SP3,darkgrey
SPATA13,darkgrey
SPATA20,darkgrey
SPATA7,darkgrey
SPATS2,darkgrey
SPATS2L,darkgrey
SPEG,darkgrey
SPNS2,darkgrey
SPR,darkgrey
SPRED1,darkgrey
SPSB2,darkgrey
SQSTM1,darkgrey
SR140,darkgrey
SRBD1,darkgrey
SRC,darkgrey
SRF,darkgrey
SRGAP1,darkgrey
SRGAP3,darkgrey
SRM,darkgrey
SRP9,darkgrey
SRRM1,darkgrey
SRRM3,darkgrey
SSBP2,darkgrey
SSBP3,darkgrey
ST18,darkgrey
ST5,darkgrey
ST6GAL1,darkgrey
ST6GALNAC2,darkgrey
ST7L,darkgrey
ST8SIA4,darkgrey
ST8SIA5,darkgrey
STARD10,darkgrey
STARD4,darkgrey
STARD9,darkgrey
STAT1,darkgrey
STBD1,darkgrey
STC2,darkgrey
STEAP2,darkgrey
STIM1,darkgrey
STK10,darkgrey
STK11,darkgrey
STK11IP,darkgrey
STK19,darkgrey
STK33,darkgrey
STL,darkgrey
STMN3,darkgrey
STRA13,darkgrey
STRA8,darkgrey
STRADA,darkgrey
STRN4,darkgrey
STT3A,darkgrey
STX16,darkgrey
STX18,darkgrey
STX2,darkgrey
STX4,darkgrey
STX5,darkgrey
STYXL1,darkgrey
SULT4A1,darkgrey
SUPT4H1,darkgrey
SUPT7L,darkgrey
SURF4,darkgrey
SUV420H1,darkgrey
SV2C,darkgrey
SVIL,darkgrey
SYNC,darkgrey
SYNGAP1,darkgrey
SYNJ1,darkgrey
SYNM,darkgrey
SYNPR,darkgrey
SYNRG,darkgrey
SYPL1,darkgrey
SYT13,darkgrey
SYT5,darkgrey
SYT6,darkgrey
SYT7,darkgrey
SYTL3,darkgrey
TAAR9,darkgrey
TACC2,darkgrey
TACR1,darkgrey
TADA3,darkgrey
TAF11,darkgrey
TAF12,darkgrey
TAF3,darkgrey
TAF6L,darkgrey
TAF7,darkgrey
TAL1,darkgrey
TAP2,darkgrey
TAPBP,darkgrey
TARS,darkgrey
TARSL2,darkgrey
TAS1R1,darkgrey
TASP1,darkgrey
TAX1BP1,darkgrey
TBC1D12,darkgrey
TBC1D15,darkgrey
TBC1D16,darkgrey
TBC1D2,darkgrey
TBC1D7,darkgrey
TBCD,darkgrey
TBL3,darkgrey
TBPL2,darkgrey
TBRG4,darkgrey
TBX20,darkgrey
TCEB1,darkgrey
TCERG1,darkgrey
TCF19,darkgrey
TCF7L1,darkgrey
TCF7L2,darkgrey
TCHP,darkgrey
TCOF1,darkgrey
TCP1,darkgrey
TCP11L1,darkgrey
TCTN1,darkgrey
TCTN3,darkgrey
TEAD3,darkgrey
TECPR2,darkgrey
TENC1,darkgrey
TEPP,darkgrey
TERT,darkgrey
TESK1,darkgrey
TET1,darkgrey
TFAP2A,darkgrey
TFAP2D,darkgrey
TFB1M,darkgrey
TFG,darkgrey
TFRC,darkgrey
TGDS,darkgrey
TGFA,darkgrey
TGFBRAP1,darkgrey
THADA,darkgrey
THEM4,darkgrey
THEMIS,darkgrey
THRB,darkgrey
THRSP,darkgrey
THSD1P,darkgrey
THSD7A,darkgrey
THUMPD1,darkgrey
TIAM1,darkgrey
TIGD1,darkgrey
TIMM22,darkgrey
TIMM44,darkgrey
TINF2,darkgrey
TIPIN,darkgrey
TIPRL,darkgrey
TLE2,darkgrey
TLE3,darkgrey
TLE6,darkgrey
TLL1,darkgrey
TLR3,darkgrey
TM2D1,darkgrey
TM9SF2,darkgrey
TMCO5A,darkgrey
TMED10,darkgrey
TMED2,darkgrey
TMED3,darkgrey
TMED7-TICAM2,darkgrey
TMEM108,darkgrey
TMEM109,darkgrey
TMEM116,darkgrey
TMEM120B,darkgrey
TMEM135,darkgrey
TMEM155,darkgrey
TMEM160,darkgrey
TMEM167A,darkgrey
TMEM170B,darkgrey
TMEM171,darkgrey
TMEM175,darkgrey
TMEM179B,darkgrey
TMEM183A,darkgrey
TMEM184C,darkgrey
TMEM189,darkgrey
TMEM194B,darkgrey
TMEM201,darkgrey
TMEM217,darkgrey
TMEM231,darkgrey
TMEM39A,darkgrey
TMEM51,darkgrey
TMEM59,darkgrey
TMEM60,darkgrey
TMEM63C,darkgrey
TMEM68,darkgrey
TMEM70,darkgrey
TMEM74,darkgrey
TMEM86A,darkgrey
TMEM8A,darkgrey
TMEM90A,darkgrey
TMEM97,darkgrey
TMIGD1,darkgrey
TMPPE,darkgrey
TMTC1,darkgrey
TMTC2,darkgrey
TMTC3,darkgrey
TMTC4,darkgrey
TMUB1,darkgrey
TNFAIP8,darkgrey
TNFAIP8L1,darkgrey
TNFRSF10A,darkgrey
TNFRSF19,darkgrey
TNFRSF1A,darkgrey
TNIK,darkgrey
TNIP1,darkgrey
TNNI2,darkgrey
TNRC18,darkgrey
TNXB,darkgrey
TOLLIP,darkgrey
TOM1L2,darkgrey
TOMM22,darkgrey
TOP2A,darkgrey
TOPBP1,darkgrey
TOR1AIP1,darkgrey
TOX,darkgrey
TOX4,darkgrey
TP53,darkgrey
TP53BP2,darkgrey
TP73,darkgrey
TPD52L2,darkgrey
TPM1,darkgrey
TPRG1L,darkgrey
TPRKB,darkgrey
TPX2,darkgrey
TRABD,darkgrey
TRAF3IP1,darkgrey
TRAFD1,darkgrey
TRAM1,darkgrey
TRAPPC1,darkgrey
TRAPPC2L,darkgrey
TRAPPC9,darkgrey
TRERF1,darkgrey
TRIB1,darkgrey
TRIM11,darkgrey
TRIM27,darkgrey
TRIM31,darkgrey
TRIM41,darkgrey
TRIM67,darkgrey
TRIO,darkgrey
TRIP12,darkgrey
TRNAU1AP,darkgrey
TRPC3,darkgrey
TRPV6,darkgrey
TSGA13,darkgrey
TSGA14,darkgrey
TSHZ1,darkgrey
TSNARE1,darkgrey
TSPAN13,darkgrey
TSPAN9,darkgrey
TSPYL3,darkgrey
TSSC4,darkgrey
TTC21A,darkgrey
TTC23L,darkgrey
TTC25,darkgrey
TTC27,darkgrey
TTC29,darkgrey
TTC31,darkgrey
TTLL13,darkgrey
TUB,darkgrey
TUBA1A,darkgrey
TUBA1B,darkgrey
TUBB,darkgrey
TUBE1,darkgrey
TUBGCP2,darkgrey
TUBGCP3,darkgrey
TUFM,darkgrey
TUFT1,darkgrey
TULP4,darkgrey
TUSC2,darkgrey
TWIST1,darkgrey
TXLNA,darkgrey
TXNDC12,darkgrey
TXNDC9,darkgrey
TXNL1,darkgrey
TYRO3,darkgrey
TYSND1,darkgrey
TYW3,darkgrey
UBAC2,darkgrey
UBAP1,darkgrey
UBD,darkgrey
UBE2F,darkgrey
UBE2I,darkgrey
UBE2L6,darkgrey
UBE2Q1,darkgrey
UBE2QL1,darkgrey
UBE2S,darkgrey
UBE2T,darkgrey
UBE2Z,darkgrey
UBR1,darkgrey
UBTF,darkgrey
UBXN7,darkgrey
UCHL3,darkgrey
UCK2,darkgrey
UCKL1,darkgrey
UCP2,darkgrey
UFD1L,darkgrey
UGDH,darkgrey
UGP2,darkgrey
UHMK1,darkgrey
UHRF1BP1,darkgrey
ULBP2,darkgrey
ULK4,darkgrey
UNC45A,darkgrey
UNC80,darkgrey
UNC84A,darkgrey
UNK,darkgrey
UPK1B,darkgrey
UPK3A,darkgrey
UQCC,darkgrey
UQCRC1,darkgrey
UQCRFS1,darkgrey
URGCP,darkgrey
USE1,darkgrey
USO1,darkgrey
USP13,darkgrey
USP14,darkgrey
USP15,darkgrey
USP25,darkgrey
USP31,darkgrey
USP34,darkgrey
USP42,darkgrey
USP43,darkgrey
USP44,darkgrey
USP46,darkgrey
USP49,darkgrey
USP53,darkgrey
USP6NL,darkgrey
UTP11L,darkgrey
UTP14C,darkgrey
UTP15,darkgrey
UTP3,darkgrey
UTS2D,darkgrey
UVRAG,darkgrey
VANGL2,darkgrey
VAPB,darkgrey
VARS2,darkgrey
VCAN,darkgrey
VCL,darkgrey
VEZT,darkgrey
VGF,darkgrey
VGLL4,darkgrey
VNN1,darkgrey
VPS13B,darkgrey
VPS29,darkgrey
VPS37B,darkgrey
VPS37C,darkgrey
VPS37D,darkgrey
VPS39,darkgrey
VPS4B,darkgrey
VPS54,darkgrey
VPS8,darkgrey
VSTM2A,darkgrey
VTI1A,darkgrey
VWA3B,darkgrey
VWA5B2,darkgrey
VWC2,darkgrey
VWCE,darkgrey
WAPAL,darkgrey
WARS,darkgrey
WBP4,darkgrey
WBSCR16,darkgrey
WBSCR17,darkgrey
WDR24,darkgrey
WDR27,darkgrey
WDR33,darkgrey
WDR37,darkgrey
WDR64,darkgrey
WDR69,darkgrey
WDR73,darkgrey
WDR74,darkgrey
WDR76,darkgrey
WDTC1,darkgrey
WEE1,darkgrey
WFDC3,darkgrey
WFIKKN2,darkgrey
WFS1,darkgrey
WHSC1,darkgrey
WHSC2,darkgrey
WIBG,darkgrey
WIPF1,darkgrey
WIPF2,darkgrey
WNK1,darkgrey
WNK2,darkgrey
WNT3A,darkgrey
WNT5B,darkgrey
WTIP,darkgrey
XCR1,darkgrey
XKR6,darkgrey
XRCC2,darkgrey
XRCC4,darkgrey
YBX2,darkgrey
YIF1B,darkgrey
YIPF2,darkgrey
YKT6,darkgrey
YPEL2,darkgrey
YWHAZ,darkgrey
ZBED5,darkgrey
ZBTB12,darkgrey
ZBTB20,darkgrey
ZBTB37,darkgrey
ZC3H11A,darkgrey
ZC3H12A,darkgrey
ZC3H14,darkgrey
ZC3H7B,darkgrey
ZC3HAV1L,darkgrey
ZCCHC11,darkgrey
ZCCHC17,darkgrey
ZEB1,darkgrey
ZFAND1,darkgrey
ZFHX3,darkgrey
ZFP161,darkgrey
ZFP64,darkgrey
ZFP91,darkgrey
ZFPM1,darkgrey
ZFPM2,darkgrey
ZFR,darkgrey
ZFYVE16,darkgrey
ZFYVE27,darkgrey
ZIC5,darkgrey
ZIK1,darkgrey
ZMYM1,darkgrey
ZMYM2,darkgrey
ZMYND10,darkgrey
ZNF107,darkgrey
ZNF114,darkgrey
ZNF12,darkgrey
ZNF134,darkgrey
ZNF14,darkgrey
ZNF141,darkgrey
ZNF143,darkgrey
ZNF180,darkgrey
ZNF187,darkgrey
ZNF195,darkgrey
ZNF197,darkgrey
ZNF2,darkgrey
ZNF20,darkgrey
ZNF202,darkgrey
ZNF229,darkgrey
ZNF232,darkgrey
ZNF239,darkgrey
ZNF248,darkgrey
ZNF252,darkgrey
ZNF259,darkgrey
ZNF264,darkgrey
ZNF277,darkgrey
ZNF286A,darkgrey
ZNF292,darkgrey
ZNF311,darkgrey
ZNF321,darkgrey
ZNF323,darkgrey
ZNF324B,darkgrey
ZNF329,darkgrey
ZNF337,darkgrey
ZNF34,darkgrey
ZNF341,darkgrey
ZNF354B,darkgrey
ZNF354C,darkgrey
ZNF365,darkgrey
ZNF384,darkgrey
ZNF385B,darkgrey
ZNF394,darkgrey
ZNF395,darkgrey
ZNF426,darkgrey
ZNF428,darkgrey
ZNF429,darkgrey
ZNF432,darkgrey
ZNF441,darkgrey
ZNF446,darkgrey
ZNF461,darkgrey
ZNF480,darkgrey
ZNF485,darkgrey
ZNF507,darkgrey
ZNF512,darkgrey
ZNF512B,darkgrey
ZNF513,darkgrey
ZNF521,darkgrey
ZNF529,darkgrey
ZNF551,darkgrey
ZNF554,darkgrey
ZNF559,darkgrey
ZNF564,darkgrey
ZNF566,darkgrey
ZNF57,darkgrey
ZNF573,darkgrey
ZNF576,darkgrey
ZNF594,darkgrey
ZNF599,darkgrey
ZNF627,darkgrey
ZNF628,darkgrey
ZNF660,darkgrey
ZNF678,darkgrey
ZNF7,darkgrey
ZNF701,darkgrey
ZNF703,darkgrey
ZNF740,darkgrey
ZNF747,darkgrey
ZNF749,darkgrey
ZNF768,darkgrey
ZNF780B,darkgrey
ZNF781,darkgrey
ZNF789,darkgrey
ZNF8,darkgrey
ZNF800,darkgrey
ZNF816A,darkgrey
ZNF823,darkgrey
ZNF827,darkgrey
ZNF829,darkgrey
ZNF835,darkgrey
ZNF844,darkgrey
ZSCAN18,darkgrey
ZSCAN5B,darkgrey
ZSWIM4,darkgrey
AADAT,darkolivegreen
AARSD1,darkolivegreen
ABCB8,darkolivegreen
ABHD12,darkolivegreen
ABR,darkolivegreen
ACCN2,darkolivegreen
ACLY,darkolivegreen
ACOT7,darkolivegreen
ACTB,darkolivegreen
ACVR1B,darkolivegreen
ADA,darkolivegreen
ADAM30,darkolivegreen
ADAM8,darkolivegreen
ADAMTS17,darkolivegreen
ADAMTS2,darkolivegreen
ADAMTSL3,darkolivegreen
ADAMTSL5,darkolivegreen
ADARB2,darkolivegreen
ADCK2,darkolivegreen
ADCYAP1R1,darkolivegreen
ADD3,darkolivegreen
ADORA1,darkolivegreen
ADPRHL2,darkolivegreen
AFF3,darkolivegreen
AFG3L1,darkolivegreen
AGAP1,darkolivegreen
AGPAT4,darkolivegreen
AGRN,darkolivegreen
AHCYL2,darkolivegreen
AHR,darkolivegreen
AHRR,darkolivegreen
AIDA,darkolivegreen
AK2,darkolivegreen
AKD1,darkolivegreen
ALDH1A3,darkolivegreen
ALG5,darkolivegreen
ALKBH8,darkolivegreen
ANAPC5,darkolivegreen
ANGPTL4,darkolivegreen
ANK1,darkolivegreen
ANKH,darkolivegreen
ANKRD10,darkolivegreen
ANKRD11,darkolivegreen
ANKRD17,darkolivegreen
ANLN,darkolivegreen
ANO10,darkolivegreen
ANP32A,darkolivegreen
ANP32E,darkolivegreen
APBB1,darkolivegreen
APOB,darkolivegreen
AQP5,darkolivegreen
ARFRP1,darkolivegreen
ARHGAP20,darkolivegreen
ARHGEF10,darkolivegreen
ARHGEF18,darkolivegreen
ARID4A,darkolivegreen
ARID4B,darkolivegreen
ARID5A,darkolivegreen
ARL5B,darkolivegreen
ARL6IP5,darkolivegreen
ARPC5L,darkolivegreen
ARRB1,darkolivegreen
ARSJ,darkolivegreen
ARSK,darkolivegreen
ASAP1,darkolivegreen
ASB1,darkolivegreen
ASNSD1,darkolivegreen
ASTN1,darkolivegreen
ASZ1,darkolivegreen
ATAD1,darkolivegreen
ATAD2B,darkolivegreen
ATAD3A,darkolivegreen
ATF7,darkolivegreen
ATG5,darkolivegreen
ATL2,darkolivegreen
ATM,darkolivegreen
ATOX1,darkolivegreen
ATP10A,darkolivegreen
ATP13A1,darkolivegreen
ATP2A3,darkolivegreen
ATP2B4,darkolivegreen
ATP5E,darkolivegreen
ATP5G3,darkolivegreen
ATP5SL,darkolivegreen
ATRNL1,darkolivegreen
ATXN3,darkolivegreen
AVPR1B,darkolivegreen
B3GNT4,darkolivegreen
BAT2,darkolivegreen
BAT3,darkolivegreen
BAZ1B,darkolivegreen
BCAT2,darkolivegreen
BCKDHB,darkolivegreen
BCL11A,darkolivegreen
BCL11B,darkolivegreen
BCL2,darkolivegreen
BCL6,darkolivegreen
BDP1,darkolivegreen
BFAR,darkolivegreen
BICD2,darkolivegreen
BIRC3,darkolivegreen
BLOC1S3,darkolivegreen
BMPR1A,darkolivegreen
BPGM,darkolivegreen
BRD2,darkolivegreen
BRD3,darkolivegreen
BRD8,darkolivegreen
BRI3BP,darkolivegreen
BRPF3,darkolivegreen
BRUNOL4,darkolivegreen
BTBD11,darkolivegreen
BTBD19,darkolivegreen
BTBD3,darkolivegreen
BUD13,darkolivegreen
BYSL,darkolivegreen
C10ORF107,darkolivegreen
C10ORF11,darkolivegreen
C10ORF140,darkolivegreen
C10ORF18,darkolivegreen
C10ORF4,darkolivegreen
C10ORF54,darkolivegreen
C10ORF72,darkolivegreen
C11ORF75,darkolivegreen
C11ORF95,darkolivegreen
C12ORF42,darkolivegreen
C12ORF62,darkolivegreen
C13ORF36,darkolivegreen
C13ORF37,darkolivegreen
C14ORF101,darkolivegreen
C14ORF106,darkolivegreen
C14ORF126,darkolivegreen
C14ORF21,darkolivegreen
C14ORF23,darkolivegreen
C14ORF43,darkolivegreen
C15ORF17,darkolivegreen
C16ORF5,darkolivegreen
C16ORF63,darkolivegreen
C17ORF100,darkolivegreen
C17ORF97,darkolivegreen
C18ORF10,darkolivegreen
C19ORF36,darkolivegreen
C19ORF40,darkolivegreen
C19ORF50,darkolivegreen
C19ORF6,darkolivegreen
C19ORF62,darkolivegreen
C19ORF66,darkolivegreen
C1ORF107,darkolivegreen
C1ORF159,darkolivegreen
C1ORF25,darkolivegreen
C1ORF57,darkolivegreen
C20ORF103,darkolivegreen
C21ORF49,darkolivegreen
C21ORF54,darkolivegreen
C21ORF66,darkolivegreen
C22ORF30,darkolivegreen
C22ORF40,darkolivegreen
C22ORF41,darkolivegreen
C22ORF9,darkolivegreen
C2ORF15,darkolivegreen
C2ORF44,darkolivegreen
C2ORF73,darkolivegreen
C2ORF76,darkolivegreen
C2ORF83,darkolivegreen
C2ORF89,darkolivegreen
C3ORF14,darkolivegreen
C3ORF54,darkolivegreen
C3ORF79,darkolivegreen
C4ORF36,darkolivegreen
C5ORF24,darkolivegreen
C5ORF49,darkolivegreen
C5ORF51,darkolivegreen
C6ORF10,darkolivegreen
C6ORF120,darkolivegreen
C6ORF126,darkolivegreen
C6ORF162,darkolivegreen
C6ORF173,darkolivegreen
C6ORF204,darkolivegreen
C6ORF217,darkolivegreen
C6ORF48,darkolivegreen
C7ORF38,darkolivegreen
C7ORF40,darkolivegreen
C7ORF49,darkolivegreen
C7ORF50,darkolivegreen
C7ORF58,darkolivegreen
C8ORF58,darkolivegreen
C8ORF73,darkolivegreen
C8ORF83,darkolivegreen
C9ORF142,darkolivegreen
C9ORF156,darkolivegreen
C9ORF171,darkolivegreen
C9ORF3,darkolivegreen
C9ORF30,darkolivegreen
C9ORF5,darkolivegreen
CA10,darkolivegreen
CA2,darkolivegreen
CABIN1,darkolivegreen
CABYR,darkolivegreen
CACNA1A,darkolivegreen
CACNA1G,darkolivegreen
CACNB3,darkolivegreen
CACNG2,darkolivegreen
CADM2,darkolivegreen
CALD1,darkolivegreen
CALU,darkolivegreen
CALY,darkolivegreen
CAMTA1,darkolivegreen
CAMTA2,darkolivegreen
CAND2,darkolivegreen
CAPN5,darkolivegreen
CAPNS1,darkolivegreen
CARHSP1,darkolivegreen
CASC4,darkolivegreen
CASP3,darkolivegreen
CBLN1,darkolivegreen
CBLN2,darkolivegreen
CBS,darkolivegreen
CBX6,darkolivegreen
CBY1,darkolivegreen
CCDC102B,darkolivegreen
CCDC112,darkolivegreen
CCDC147,darkolivegreen
CCDC21,darkolivegreen
CCDC39,darkolivegreen
CCDC40,darkolivegreen
CCDC43,darkolivegreen
CCDC59,darkolivegreen
CCDC6,darkolivegreen
CCHCR1,darkolivegreen
CCND2,darkolivegreen
CCNJL,darkolivegreen
CCNT1,darkolivegreen
CCT6A,darkolivegreen
CD151,darkolivegreen
CD1C,darkolivegreen
CD3EAP,darkolivegreen
CDC34,darkolivegreen
CDH13,darkolivegreen
CDH8,darkolivegreen
CDK17,darkolivegreen
CDKN1A,darkolivegreen
CDKN2C,darkolivegreen
CDS2,darkolivegreen
CEACAM20,darkolivegreen
CEBPB,darkolivegreen
CEBPG,darkolivegreen
CELSR2,darkolivegreen
CENPA,darkolivegreen
CENPB,darkolivegreen
CENPE,darkolivegreen
CENPK,darkolivegreen
CEP72,darkolivegreen
CEP97,darkolivegreen
CHCHD3,darkolivegreen
CHCHD4,darkolivegreen
CHD4,darkolivegreen
CHMP6,darkolivegreen
CHSY1,darkolivegreen
CIDEA,darkolivegreen
CIRBP,darkolivegreen
CISH,darkolivegreen
CITED2,darkolivegreen
CKS1B,darkolivegreen
CLCN2,darkolivegreen
CLDND2,darkolivegreen
CLLU1OS,darkolivegreen
CLMN,darkolivegreen
CLPTM1,darkolivegreen
CLSTN1,darkolivegreen
CLSTN2,darkolivegreen
CMC1,darkolivegreen
CMIP,darkolivegreen
CMTM6,darkolivegreen
CNNM2,darkolivegreen
CNTN5,darkolivegreen
COBL,darkolivegreen
COL12A1,darkolivegreen
COL13A1,darkolivegreen
COL4A1,darkolivegreen
COL5A1,darkolivegreen
COL5A3,darkolivegreen
COL6A3,darkolivegreen
COLEC11,darkolivegreen
COMMD6,darkolivegreen
COPS3,darkolivegreen
COQ10A,darkolivegreen
COQ6,darkolivegreen
COX19,darkolivegreen
CPNE8,darkolivegreen
CPXM2,darkolivegreen
CREBL2,darkolivegreen
CREM,darkolivegreen
CRISPLD1,darkolivegreen
CRY1,darkolivegreen
CSMD2,darkolivegreen
CSMD3,darkolivegreen
CSNK1A1,darkolivegreen
CSNK1D,darkolivegreen
CSNK2A1,darkolivegreen
CSTF1,darkolivegreen
CTDSP1,darkolivegreen
CTSB,darkolivegreen
CTTNBP2,darkolivegreen
CXCL10,darkolivegreen
CXXC1,darkolivegreen
CYCSP52,darkolivegreen
CYP2E1,darkolivegreen
CYP4V2,darkolivegreen
CYP7B1,darkolivegreen
CYR61,darkolivegreen
DAB2,darkolivegreen
DACH1,darkolivegreen
DACT3,darkolivegreen
DARS,darkolivegreen
DCAF5,darkolivegreen
DCAF7,darkolivegreen
DCAKD,darkolivegreen
DCC,darkolivegreen
DCDC1,darkolivegreen
DCTN1,darkolivegreen
DCTN2,darkolivegreen
DDX10,darkolivegreen
DDX17,darkolivegreen
DDX24,darkolivegreen
DDX47,darkolivegreen
DDX55,darkolivegreen
DDX59,darkolivegreen
DEFB116,darkolivegreen
DENND2A,darkolivegreen
DENND4A,darkolivegreen
DHODH,darkolivegreen
DHPS,darkolivegreen
DHTKD1,darkolivegreen
DHX36,darkolivegreen
DHX8,darkolivegreen
DHX9,darkolivegreen
DIP2B,darkolivegreen
DIP2C,darkolivegreen
DIRC1,darkolivegreen
DIS3,darkolivegreen
DIXDC1,darkolivegreen
DKK2,darkolivegreen
DLC1,darkolivegreen
DLEC1,darkolivegreen
DLL1,darkolivegreen
DLL4,darkolivegreen
DMAP1,darkolivegreen
DNAJB6,darkolivegreen
DNAJC14,darkolivegreen
DNAJC2,darkolivegreen
DNAJC21,darkolivegreen
DNAJC24,darkolivegreen
DNAJC5B,darkolivegreen
DOCK1,darkolivegreen
DPF1,darkolivegreen
DPH2,darkolivegreen
DPP7,darkolivegreen
DPRX,darkolivegreen
DPYSL3,darkolivegreen
DSCR6,darkolivegreen
DSE,darkolivegreen
DSEL,darkolivegreen
DSTN,darkolivegreen
DSTYK,darkolivegreen
DUSP12,darkolivegreen
DZIP3,darkolivegreen
E4F1,darkolivegreen
EDNRA,darkolivegreen
EEA1,darkolivegreen
EEF1A1,darkolivegreen
EEPD1,darkolivegreen
EFCAB2,darkolivegreen
EFTUD2,darkolivegreen
EGLN3,darkolivegreen
EHMT2,darkolivegreen
EIF2AK3,darkolivegreen
EIF2C3,darkolivegreen
EIF3B,darkolivegreen
EIF4A2,darkolivegreen
EIF4B,darkolivegreen
ELK3,darkolivegreen
ELL,darkolivegreen
ELL2,darkolivegreen
ELMO1,darkolivegreen
ELMOD3,darkolivegreen
ELOF1,darkolivegreen
ELP2,darkolivegreen
ELP2P,darkolivegreen
EMX2OS,darkolivegreen
ENC1,darkolivegreen
ENOPH1,darkolivegreen
ENPP5,darkolivegreen
ENTPD5,darkolivegreen
EP400NL,darkolivegreen
EPB41L3,darkolivegreen
EPCAM,darkolivegreen
EPHB3,darkolivegreen
EPRS,darkolivegreen
ERBB2,darkolivegreen
ERBB2IP,darkolivegreen
ESD,darkolivegreen
ESYT2,darkolivegreen
ETNK2,darkolivegreen
ETS1,darkolivegreen
EVC,darkolivegreen
EXO1,darkolivegreen
EXOG,darkolivegreen
EXT1,darkolivegreen
EZH2,darkolivegreen
F13A1,darkolivegreen
FAHD2A,darkolivegreen
FAIM3,darkolivegreen
FAM107A,darkolivegreen
FAM117B,darkolivegreen
FAM120B,darkolivegreen
FAM123C,darkolivegreen
FAM126A,darkolivegreen
FAM129C,darkolivegreen
FAM134A,darkolivegreen
FAM135A,darkolivegreen
FAM174B,darkolivegreen
FAM196A,darkolivegreen
FAM19A5,darkolivegreen
FAM40A,darkolivegreen
FAM47E,darkolivegreen
FAM53B,darkolivegreen
FAM54A,darkolivegreen
FAM59A,darkolivegreen
FAM63B,darkolivegreen
FAM69C,darkolivegreen
FAM76A,darkolivegreen
FAM96A,darkolivegreen
FANCL,darkolivegreen
FASN,darkolivegreen
FASTKD5,darkolivegreen
FAT1,darkolivegreen
FBRSL1,darkolivegreen
FBXL20,darkolivegreen
FBXL21,darkolivegreen
FBXO33,darkolivegreen
FBXO36,darkolivegreen
FCGBP,darkolivegreen
FCHSD2,darkolivegreen
FDX1,darkolivegreen
FER,darkolivegreen
FGF12,darkolivegreen
FGF22,darkolivegreen
FGFR1OP,darkolivegreen
FGFR2,darkolivegreen
FGFRL1,darkolivegreen
FIBP,darkolivegreen
FIP1L1,darkolivegreen
FLCN,darkolivegreen
FLJ32065,darkolivegreen
FLJ43390,darkolivegreen
FLJ43663,darkolivegreen
FLJ90757,darkolivegreen
FLOT1,darkolivegreen
FMNL2,darkolivegreen
FNBP4,darkolivegreen
FNDC3A,darkolivegreen
FNDC4,darkolivegreen
FOSL2,darkolivegreen
FOXL2,darkolivegreen
FOXN3,darkolivegreen
FOXP1,darkolivegreen
FOXP4,darkolivegreen
FRAS1,darkolivegreen
FSTL5,darkolivegreen
FZD4,darkolivegreen
FZD5,darkolivegreen
GAB4,darkolivegreen
GABBR1,darkolivegreen
GABBR2,darkolivegreen
GABPB1,darkolivegreen
GABRA1,darkolivegreen
GABRP,darkolivegreen
GADD45B,darkolivegreen
GAL,darkolivegreen
GAL3ST3,darkolivegreen
GALNS,darkolivegreen
GALNT12,darkolivegreen
GALNT9,darkolivegreen
GARS,darkolivegreen
GDAP2,darkolivegreen
GDNF,darkolivegreen
GFOD2,darkolivegreen
GFPT2,darkolivegreen
GHITM,darkolivegreen
GINS2,darkolivegreen
GIPR,darkolivegreen
GLI3,darkolivegreen
GLS,darkolivegreen
GLT8D1,darkolivegreen
GLYR1,darkolivegreen
GMCL1L,darkolivegreen
GMEB2,darkolivegreen
GMPR,darkolivegreen
GNA13,darkolivegreen
GNAL,darkolivegreen
GNAO1,darkolivegreen
GNPAT,darkolivegreen
GOLGA4,darkolivegreen
GOLGA7B,darkolivegreen
GOLPH3L,darkolivegreen
GPD2,darkolivegreen
GPR1,darkolivegreen
GPR148,darkolivegreen
GPR155,darkolivegreen
GPR55,darkolivegreen
GPR78,darkolivegreen
GPR85,darkolivegreen
GPR98,darkolivegreen
GPRC5A,darkolivegreen
GPRIN2,darkolivegreen
GPSM3,darkolivegreen
GRIA2,darkolivegreen
GRIA4,darkolivegreen
GRID2,darkolivegreen
GRIP1,darkolivegreen
GRM1,darkolivegreen
GRSF1,darkolivegreen
GTF2A2,darkolivegreen
GTF2E1,darkolivegreen
GTF2E2,darkolivegreen
GTF2H4,darkolivegreen
GTPBP10,darkolivegreen
GTPBP8,darkolivegreen
GUCY2C,darkolivegreen
HADH,darkolivegreen
HADHB,darkolivegreen
HAP1,darkolivegreen
HAT1,darkolivegreen
HBQ1,darkolivegreen
HBS1L,darkolivegreen
HCG27,darkolivegreen
HDAC10,darkolivegreen
HDAC3,darkolivegreen
HDAC4,darkolivegreen
HECW2,darkolivegreen
HEG1,darkolivegreen
HELLS,darkolivegreen
HERC4,darkolivegreen
HERC6,darkolivegreen
HERPUD1,darkolivegreen
HEXIM2,darkolivegreen
HFM1,darkolivegreen
HHLA3,darkolivegreen
HIC1,darkolivegreen
HINFP,darkolivegreen
HINT1,darkolivegreen
HIST1H2BD,darkolivegreen
HIST1H3C,darkolivegreen
HIST1H3E,darkolivegreen
HIST1H4C,darkolivegreen
HIST2H2BE,darkolivegreen
HK1,darkolivegreen
HKR1,darkolivegreen
HLA-L,darkolivegreen
HLCS,darkolivegreen
HMBS,darkolivegreen
HMGB1,darkolivegreen
HMGCLL1,darkolivegreen
HMOX2,darkolivegreen
HMX2,darkolivegreen
HMX3,darkolivegreen
HNRNPD,darkolivegreen
HNRNPK,darkolivegreen
HNRNPM,darkolivegreen
HNRNPU,darkolivegreen
HNRNPUL1,darkolivegreen
HNRNPUL2,darkolivegreen
HOMEZ,darkolivegreen
HOXA5,darkolivegreen
HOXD11,darkolivegreen
HS3ST2,darkolivegreen
HSP90AA1,darkolivegreen
HSPA1L,darkolivegreen
HSPA2,darkolivegreen
HSPA7,darkolivegreen
HSPB1,darkolivegreen
HSPBP1,darkolivegreen
HSPE1,darkolivegreen
HTR3D,darkolivegreen
HYOU1,darkolivegreen
ICK,darkolivegreen
ICT1,darkolivegreen
IDH1,darkolivegreen
IDI1,darkolivegreen
IFI30,darkolivegreen
IFI6,darkolivegreen
IFT140,darkolivegreen
IGF1R,darkolivegreen
IGFBP5,darkolivegreen
IL10RA,darkolivegreen
ILF3,darkolivegreen
IMMT,darkolivegreen
IMPG1,darkolivegreen
ING1,darkolivegreen
INPP5A,darkolivegreen
INSIG2,darkolivegreen
INVS,darkolivegreen
IQCH,darkolivegreen
IRF2BP1,darkolivegreen
ISCA1,darkolivegreen
ISM2,darkolivegreen
ITGA1,darkolivegreen
ITGA4,darkolivegreen
ITPKB,darkolivegreen
ITSN2,darkolivegreen
IWS1,darkolivegreen
JAGN1,darkolivegreen
JAZF1,darkolivegreen
JMJD1C,darkolivegreen
JMJD5,darkolivegreen
JUNB,darkolivegreen
KANK1,darkolivegreen
KANK3,darkolivegreen
KARS,darkolivegreen
KBTBD3,darkolivegreen
KCNA10,darkolivegreen
KCNAB2,darkolivegreen
KCNC3,darkolivegreen
KCNG2,darkolivegreen
KCNJ3,darkolivegreen
KCNJ8,darkolivegreen
KCNMA1,darkolivegreen
KCNN4,darkolivegreen
KCTD2,darkolivegreen
KDELR2,darkolivegreen
KDM6B,darkolivegreen
KHSRP,darkolivegreen
KIAA0100,darkolivegreen
KIAA0182,darkolivegreen
KIAA0226,darkolivegreen
KIAA0284,darkolivegreen
KIAA0494,darkolivegreen
KIAA1012,darkolivegreen
KIAA1522,darkolivegreen
KIAA1549,darkolivegreen
KIAA1712,darkolivegreen
KIAA1731,darkolivegreen
KIAA1984,darkolivegreen
KIF17,darkolivegreen
KIF2A,darkolivegreen
KIFAP3,darkolivegreen
KIFC1,darkolivegreen
KLC1,darkolivegreen
KLF10,darkolivegreen
KLF14,darkolivegreen
KLF16,darkolivegreen
KLF6,darkolivegreen
KLHDC2,darkolivegreen
KLHDC3,darkolivegreen
KLHL20,darkolivegreen
KLHL7,darkolivegreen
KNG1,darkolivegreen
KREMEN1,darkolivegreen
KRI1,darkolivegreen
L3MBTL3,darkolivegreen
LAMA2,darkolivegreen
LAMP1,darkolivegreen
LANCL1,darkolivegreen
LASP1,darkolivegreen
LCE1C,darkolivegreen
LCE1F,darkolivegreen
LCE2A,darkolivegreen
LCE4A,darkolivegreen
LCE6A,darkolivegreen
LCLAT1,darkolivegreen
LCORL,darkolivegreen
LDB1,darkolivegreen
LDLR,darkolivegreen
LEPRE1,darkolivegreen
LETM1,darkolivegreen
LGR4,darkolivegreen
LGR5,darkolivegreen
LHB,darkolivegreen
LHFPL2,darkolivegreen
LHPP,darkolivegreen
LHX2,darkolivegreen
LIFR,darkolivegreen
LIMD1,darkolivegreen
LMAN2L,darkolivegreen
LMX1A,darkolivegreen
LOC100128811,darkolivegreen
LOC100130691,darkolivegreen
LOC100133091,darkolivegreen
LOC100190940,darkolivegreen
LOC100289673,darkolivegreen
LOC143666,darkolivegreen
LOC219347,darkolivegreen
LOC253724,darkolivegreen
LOC284379,darkolivegreen
LOC285550,darkolivegreen
LOC286016,darkolivegreen
LOC286094,darkolivegreen
LOC338799,darkolivegreen
LOC401127,darkolivegreen
LOC401431,darkolivegreen
LOC642597,darkolivegreen
LOC728323,darkolivegreen
LOC81691,darkolivegreen
LOH12CR1,darkolivegreen
LOXL3,darkolivegreen
LPHN3,darkolivegreen
LPIN3,darkolivegreen
LRCH3,darkolivegreen
LRP1,darkolivegreen
LRP12,darkolivegreen
LRPAP1,darkolivegreen
LRRC17,darkolivegreen
LRRC36,darkolivegreen
LRRC8C,darkolivegreen
LRRC8D,darkolivegreen
LRRN2,darkolivegreen
LTBP1,darkolivegreen
LYPLA2,darkolivegreen
MACROD2,darkolivegreen
MAD1L1,darkolivegreen
MAGI3,darkolivegreen
MAGMAS,darkolivegreen
MAK16,darkolivegreen
MALT1,darkolivegreen
MAN1C1,darkolivegreen
MANF,darkolivegreen
MAP1S,darkolivegreen
MAP3K5,darkolivegreen
MAP3K8,darkolivegreen
MAP4,darkolivegreen
MAP4K4,darkolivegreen
MAPK7,darkolivegreen
MAPKSP1,darkolivegreen
MAPRE1,darkolivegreen
MAPT,darkolivegreen
MARCH4,darkolivegreen
MARCH7,darkolivegreen
MARCH8,darkolivegreen
MARK2,darkolivegreen
MARS,darkolivegreen
MAST3,darkolivegreen
MATN1,darkolivegreen
MATN2,darkolivegreen
MCRS1,darkolivegreen
MDN1,darkolivegreen
MED19,darkolivegreen
MEGF11,darkolivegreen
MEGF6,darkolivegreen
MEIS2,darkolivegreen
MEPCE,darkolivegreen
METAP1,darkolivegreen
METAP2,darkolivegreen
MFSD8,darkolivegreen
MGAT2,darkolivegreen
MGC42105,darkolivegreen
MGMT,darkolivegreen
MGRN1,darkolivegreen
MIAT,darkolivegreen
MIDN,darkolivegreen
MIF4GD,darkolivegreen
MIPOL1,darkolivegreen
MIR1181,darkolivegreen
MIR1281,darkolivegreen
MIR1908,darkolivegreen
MIR1915,darkolivegreen
MIR548G,darkolivegreen
MIR548H4,darkolivegreen
MIR632,darkolivegreen
MIR769,darkolivegreen
MKX,darkolivegreen
MLF2,darkolivegreen
MLPH,darkolivegreen
MNT,darkolivegreen
MPHOSPH6,darkolivegreen
MPI,darkolivegreen
MPP5,darkolivegreen
MREG,darkolivegreen
MRPL12,darkolivegreen
MRPL16,darkolivegreen
MRPL36,darkolivegreen
MRPL4,darkolivegreen
MRPL48,darkolivegreen
MRPS11,darkolivegreen
MRPS27,darkolivegreen
MRS2,darkolivegreen
MSI1,darkolivegreen
MSX1,darkolivegreen
MT1F,darkolivegreen
MTBP,darkolivegreen
MTHFSD,darkolivegreen
MTMR14,darkolivegreen
MTMR2,darkolivegreen
MTRF1,darkolivegreen
MTSS1,darkolivegreen
MTX2,darkolivegreen
MUC17,darkolivegreen
MUDENG,darkolivegreen
MVP,darkolivegreen
MXI1,darkolivegreen
MYB,darkolivegreen
MYBL1,darkolivegreen
MYCN,darkolivegreen
MYO1B,darkolivegreen
MYO5C,darkolivegreen
N4BP2,darkolivegreen
N6AMT2,darkolivegreen
NAA20,darkolivegreen
NAA30,darkolivegreen
NACA,darkolivegreen
NACAD,darkolivegreen
NADSYN1,darkolivegreen
NAF1,darkolivegreen
NAP1L4,darkolivegreen
NAP1L5,darkolivegreen
NAPG,darkolivegreen
NARS2,darkolivegreen
NAV2,darkolivegreen
NDEL1,darkolivegreen
NDFIP1,darkolivegreen
NDFIP2,darkolivegreen
NDRG4,darkolivegreen
NEAT1,darkolivegreen
NECAP2,darkolivegreen
NEK10,darkolivegreen
NEK5,darkolivegreen
NEK7,darkolivegreen
NELL2,darkolivegreen
NEO1,darkolivegreen
NET1,darkolivegreen
NEU1,darkolivegreen
NFKBIL1,darkolivegreen
NFYA,darkolivegreen
NFYB,darkolivegreen
NKAIN3,darkolivegreen
NKD1,darkolivegreen
NKD2,darkolivegreen
NLRP2,darkolivegreen
NOC3L,darkolivegreen
NOC4L,darkolivegreen
NOD1,darkolivegreen
NOLC1,darkolivegreen
NOM1,darkolivegreen
NOP2,darkolivegreen
NOTCH4,darkolivegreen
NPC2,darkolivegreen
NPDC1,darkolivegreen
NPY,darkolivegreen
NPY5R,darkolivegreen
NRBP1,darkolivegreen
NRM,darkolivegreen
NRSN2,darkolivegreen
NRXN1,darkolivegreen
NT5DC1,darkolivegreen
NTRK3,darkolivegreen
NUDT15,darkolivegreen
NUP155,darkolivegreen
NUP205,darkolivegreen
NUP62,darkolivegreen
NUS1,darkolivegreen
NVL,darkolivegreen
NXPH1,darkolivegreen
NXPH2,darkolivegreen
NYNRIN,darkolivegreen
OBFC1,darkolivegreen
OGDH,darkolivegreen
OLFM2,darkolivegreen
OPA3,darkolivegreen
OPN3,darkolivegreen
OR11G2,darkolivegreen
OSCP1,darkolivegreen
OSGIN1,darkolivegreen
OSTC,darkolivegreen
OVOL2,darkolivegreen
P4HA2,darkolivegreen
PALM,darkolivegreen
PAN2,darkolivegreen
PAN3,darkolivegreen
PAQR9,darkolivegreen
PARD3,darkolivegreen
PARD6B,darkolivegreen
PARN,darkolivegreen
PAX2,darkolivegreen
PBLD,darkolivegreen
PCBP4,darkolivegreen
PCCA,darkolivegreen
PCDH1,darkolivegreen
PCDH9,darkolivegreen
PCDHGA2,darkolivegreen
PCM1,darkolivegreen
PCMT1,darkolivegreen
PCNP,darkolivegreen
PCSK2,darkolivegreen
PCSK9,darkolivegreen
PCYT1A,darkolivegreen
PDE4B,darkolivegreen
PDE4D,darkolivegreen
PDGFD,darkolivegreen
PDIK1L,darkolivegreen
PDLIM3,darkolivegreen
PDP2,darkolivegreen
PDZRN3,darkolivegreen
PEA15,darkolivegreen
PECAM1,darkolivegreen
PECI,darkolivegreen
PER2,darkolivegreen
PER3,darkolivegreen
PFDN5,darkolivegreen
PFKM,darkolivegreen
PFN4,darkolivegreen
PGAP3,darkolivegreen
PHACTR3,darkolivegreen
PHF1,darkolivegreen
PHF17,darkolivegreen
PHF19,darkolivegreen
PHF20L1,darkolivegreen
PHTF2,darkolivegreen
PICALM,darkolivegreen
PICK1,darkolivegreen
PIGG,darkolivegreen
PIKFYVE,darkolivegreen
PKD2,darkolivegreen
PKMYT1,darkolivegreen
PLA2G4F,darkolivegreen
PLA2G7,darkolivegreen
PLCE1,darkolivegreen
PLEKHB2,darkolivegreen
PLEKHG5,darkolivegreen
PLEKHH1,darkolivegreen
PLEKHH3,darkolivegreen
PLIN1,darkolivegreen
PM20D2,darkolivegreen
PMF1,darkolivegreen
PMP22,darkolivegreen
PMPCB,darkolivegreen
PMS1,darkolivegreen
PNLIPRP1,darkolivegreen
PNN,darkolivegreen
PNPLA6,darkolivegreen
POLA2,darkolivegreen
POLR3B,darkolivegreen
POMT1,darkolivegreen
POT1,darkolivegreen
PPAP2A,darkolivegreen
PPFIA2,darkolivegreen
PPFIA3,darkolivegreen
PPIL5,darkolivegreen
PPP1R12A,darkolivegreen
PPP1R15B,darkolivegreen
PPP1R8,darkolivegreen
PPP2R2A,darkolivegreen
PPP2R5A,darkolivegreen
PPP2R5C,darkolivegreen
PPP3CA,darkolivegreen
PPP4R4,darkolivegreen
PRDM11,darkolivegreen
PRDM15,darkolivegreen
PRDM5,darkolivegreen
PRDX1,darkolivegreen
PRDX6,darkolivegreen
PRHOXNB,darkolivegreen
PRICKLE1,darkolivegreen
PRKAG2,darkolivegreen
PRKAR1B,darkolivegreen
PRKCB,darkolivegreen
PRKG1,darkolivegreen
PRKRIR,darkolivegreen
PRMT2,darkolivegreen
PRPF31,darkolivegreen
PRPF38B,darkolivegreen
PRR18,darkolivegreen
PRR25,darkolivegreen
PRR3,darkolivegreen
PRR7,darkolivegreen
PRRG4,darkolivegreen
PSAT1,darkolivegreen
PSMA5,darkolivegreen
PSMB4,darkolivegreen
PSMB7,darkolivegreen
PSMC2,darkolivegreen
PSMD11,darkolivegreen
PSMD12,darkolivegreen
PSMD6,darkolivegreen
PSMD7,darkolivegreen
PSMG1,darkolivegreen
PTCD3,darkolivegreen
PTDSS2,darkolivegreen
PTEN,darkolivegreen
PTGES3,darkolivegreen
PTK2,darkolivegreen
PTPN12,darkolivegreen
PTPN18,darkolivegreen
PTPN2,darkolivegreen
PTPN21,darkolivegreen
PTPRD,darkolivegreen
PTPRG,darkolivegreen
PTPRM,darkolivegreen
PTPRN2,darkolivegreen
PTPRO,darkolivegreen
PUF60,darkolivegreen
PVRL2,darkolivegreen
PWP2,darkolivegreen
PYCR1,darkolivegreen
QARS,darkolivegreen
QKI,darkolivegreen
QRICH1,darkolivegreen
RAB10,darkolivegreen
RAB11B,darkolivegreen
RAB3A,darkolivegreen
RAB3GAP1,darkolivegreen
RAB4A,darkolivegreen
RAB5B,darkolivegreen
RABEP1,darkolivegreen
RAD1,darkolivegreen
RAD21,darkolivegreen
RAP1A,darkolivegreen
RAPGEF4,darkolivegreen
RAPH1,darkolivegreen
RARA,darkolivegreen
RASAL1,darkolivegreen
RASSF10,darkolivegreen
RB1,darkolivegreen
RB1CC1,darkolivegreen
RBM14,darkolivegreen
RBM16,darkolivegreen
RBM22,darkolivegreen
RBM24,darkolivegreen
RBPMS2,darkolivegreen
RCHY1,darkolivegreen
RDBP,darkolivegreen
RECQL4,darkolivegreen
REL,darkolivegreen
RELA,darkolivegreen
RERE,darkolivegreen
RET,darkolivegreen
RGMB,darkolivegreen
RGS19,darkolivegreen
RHEB,darkolivegreen
RICTOR,darkolivegreen
RIMKLB,darkolivegreen
RIMS2,darkolivegreen
RIN3,darkolivegreen
RING1,darkolivegreen
RIOK2,darkolivegreen
RLF,darkolivegreen
RNASEH2A,darkolivegreen
RNASEH2B,darkolivegreen
RND3,darkolivegreen
RNF103,darkolivegreen
RNF130,darkolivegreen
RNF145,darkolivegreen
RNF19B,darkolivegreen
RNH1,darkolivegreen
RNMT,darkolivegreen
ROCK1,darkolivegreen
RORA,darkolivegreen
RPA2,darkolivegreen
RPGRIP1L,darkolivegreen
RPL18,darkolivegreen
RPL27A,darkolivegreen
RPL28,darkolivegreen
RPL29,darkolivegreen
RPP21,darkolivegreen
RPP30,darkolivegreen
RPS15,darkolivegreen
RPS19,darkolivegreen
RPS21,darkolivegreen
RPS3A,darkolivegreen
RPS6KA2,darkolivegreen
RPS9,darkolivegreen
RPSA,darkolivegreen
RPTN,darkolivegreen
RPTOR,darkolivegreen
RPUSD2,darkolivegreen
RQCD1,darkolivegreen
RRAGD,darkolivegreen
RRP12,darkolivegreen
RRP15,darkolivegreen
RSL24D1,darkolivegreen
RSPO1,darkolivegreen
RTTN,darkolivegreen
RUNX2,darkolivegreen
RYR1,darkolivegreen
S100A14,darkolivegreen
S100B,darkolivegreen
SAAL1,darkolivegreen
SALL1,darkolivegreen
SALL4,darkolivegreen
SAMD11,darkolivegreen
SAP30,darkolivegreen
SARNP,darkolivegreen
SC4MOL,darkolivegreen
SCLT1,darkolivegreen
SCNM1,darkolivegreen
SCNN1G,darkolivegreen
SCO2,darkolivegreen
SCYL3,darkolivegreen
SDCCAG1,darkolivegreen
SDHD,darkolivegreen
SDK1,darkolivegreen
SDK2,darkolivegreen
SEC22B,darkolivegreen
SEC31B,darkolivegreen
SEMA6B,darkolivegreen
SEMA6D,darkolivegreen
SEPT11,darkolivegreen
SEPT2,darkolivegreen
SERAC1,darkolivegreen
SERINC1,darkolivegreen
SERINC3,darkolivegreen
SERP1,darkolivegreen
SESTD1,darkolivegreen
SETD6,darkolivegreen
SETDB1,darkolivegreen
SF3B4,darkolivegreen
SFI1,darkolivegreen
SFMBT2,darkolivegreen
SFRS13A,darkolivegreen
SFRS18,darkolivegreen
SFRS8,darkolivegreen
SGCZ,darkolivegreen
SGK1,darkolivegreen
SGMS1,darkolivegreen
SGSH,darkolivegreen
SH3BGR,darkolivegreen
SH3RF1,darkolivegreen
SHANK2,darkolivegreen
SHH,darkolivegreen
SHISA2,darkolivegreen
SIDT2,darkolivegreen
SIN3B,darkolivegreen
SIRT5,darkolivegreen
SIRT6,darkolivegreen
SKI,darkolivegreen
SKIL,darkolivegreen
SKP1,darkolivegreen
SLC12A5,darkolivegreen
SLC12A7,darkolivegreen
SLC16A12,darkolivegreen
SLC16A6,darkolivegreen
SLC1A2,darkolivegreen
SLC20A1,darkolivegreen
SLC25A17,darkolivegreen
SLC25A23,darkolivegreen
SLC25A37,darkolivegreen
SLC25A46,darkolivegreen
SLC2A1,darkolivegreen
SLC2A11,darkolivegreen
SLC35B4,darkolivegreen
SLC35D3,darkolivegreen
SLC35E3,darkolivegreen
SLC35F3,darkolivegreen
SLC36A1,darkolivegreen
SLC38A9,darkolivegreen
SLC39A1,darkolivegreen
SLC39A11,darkolivegreen
SLC43A2,darkolivegreen
SLC44A4,darkolivegreen
SLC4A1AP,darkolivegreen
SLC6A15,darkolivegreen
SLC6A17,darkolivegreen
SLC6A2,darkolivegreen
SLIT3,darkolivegreen
SLMO1,darkolivegreen
SMAD1,darkolivegreen
SMAD3,darkolivegreen
SMARCA2,darkolivegreen
SMARCA4,darkolivegreen
SMARCC1,darkolivegreen
SMARCD3,darkolivegreen
SMARCE1,darkolivegreen
SMCP,darkolivegreen
SMTN,darkolivegreen
SNAP91,darkolivegreen
SNCA,darkolivegreen
SNIP1,darkolivegreen
SNORA76,darkolivegreen
SNORD36B,darkolivegreen
SNORD43,darkolivegreen
SNORD45C,darkolivegreen
SNORD50A,darkolivegreen
SNORD74,darkolivegreen
SNRNP25,darkolivegreen
SNRNP35,darkolivegreen
SNRPB,darkolivegreen
SNW1,darkolivegreen
SNX17,darkolivegreen
SNX32,darkolivegreen
SNX7,darkolivegreen
SOCS4,darkolivegreen
SOD2,darkolivegreen
SON,darkolivegreen
SORCS3,darkolivegreen
SOS1,darkolivegreen
SOS2,darkolivegreen
SOX11,darkolivegreen
SP1,darkolivegreen
SPAG16,darkolivegreen
SPAG8,darkolivegreen
SPATA1,darkolivegreen
SPATA2L,darkolivegreen
SPATA5,darkolivegreen
SPATS2L,darkolivegreen
SPG7,darkolivegreen
SPIN1,darkolivegreen
SPOCK1,darkolivegreen
SPPL3,darkolivegreen
SPRR4,darkolivegreen
SPTBN1,darkolivegreen
SPTY2D1,darkolivegreen
SRBD1,darkolivegreen
SRD5A2,darkolivegreen
SRI,darkolivegreen
SRP14,darkolivegreen
SRRM3,darkolivegreen
SRRM4,darkolivegreen
SS18L2,darkolivegreen
SSBP1,darkolivegreen
ST6GAL1,darkolivegreen
ST6GALNAC5,darkolivegreen
ST8SIA1,darkolivegreen
STARD9,darkolivegreen
STK19,darkolivegreen
STK32A,darkolivegreen
STK32C,darkolivegreen
STMN1,darkolivegreen
STOX2,darkolivegreen
SUGT1,darkolivegreen
SULF1,darkolivegreen
SUMF2,darkolivegreen
SUPT5H,darkolivegreen
SV2B,darkolivegreen
SYN2,darkolivegreen
SYNGR1,darkolivegreen
SYNGR3,darkolivegreen
SYNRG,darkolivegreen
SYPL1,darkolivegreen
SYT6,darkolivegreen
TAAR6,darkolivegreen
TADA1,darkolivegreen
TAGLN2,darkolivegreen
TAPBP,darkolivegreen
TATDN3,darkolivegreen
TBCD,darkolivegreen
TBL1XR1,darkolivegreen
TBPL1,darkolivegreen
TDRD3,darkolivegreen
TEAD2,darkolivegreen
TEP1,darkolivegreen
TFAM,darkolivegreen
TFB1M,darkolivegreen
TFCP2,darkolivegreen
TGFB2,darkolivegreen
TGIF1,darkolivegreen
TGM2,darkolivegreen
THAP5,darkolivegreen
THSD1,darkolivegreen
THSD7A,darkolivegreen
TIMM50,darkolivegreen
TJP1,darkolivegreen
TK2,darkolivegreen
TLE6,darkolivegreen
TMED7-TICAM2,darkolivegreen
TMEM116,darkolivegreen
TMEM14C,darkolivegreen
TMEM160,darkolivegreen
TMEM170B,darkolivegreen
TMEM177,darkolivegreen
TMEM184B,darkolivegreen
TMEM184C,darkolivegreen
TMEM194A,darkolivegreen
TMEM206,darkolivegreen
TMEM37,darkolivegreen
TMEM38A,darkolivegreen
TMEM49,darkolivegreen
TMEM50B,darkolivegreen
TMEM90A,darkolivegreen
TMEM92,darkolivegreen
TMEM99,darkolivegreen
TMTC1,darkolivegreen
TNFRSF10A,darkolivegreen
TNFSF11,darkolivegreen
TNKS,darkolivegreen
TNRC18,darkolivegreen
TNXB,darkolivegreen
TOPBP1,darkolivegreen
TOR1AIP2,darkolivegreen
TOX,darkolivegreen
TP53I11,darkolivegreen
TP73,darkolivegreen
TPBG,darkolivegreen
TPD52,darkolivegreen
TPM1,darkolivegreen
TPPP,darkolivegreen
TPX2,darkolivegreen
TRAF7,darkolivegreen
TRAK1,darkolivegreen
TRAM2,darkolivegreen
TRIB1,darkolivegreen
TRIB2,darkolivegreen
TRIM2,darkolivegreen
TRIM26,darkolivegreen
TRIM34,darkolivegreen
TRMT1,darkolivegreen
TRMT2A,darkolivegreen
TRNAU1AP,darkolivegreen
TRPC1,darkolivegreen
TRPC7,darkolivegreen
TRPM8,darkolivegreen
TSC2,darkolivegreen
TSHZ2,darkolivegreen
TSHZ3,darkolivegreen
TSPAN19,darkolivegreen
TSSC1,darkolivegreen
TTC19,darkolivegreen
TTC23,darkolivegreen
TTC28,darkolivegreen
TTLL12,darkolivegreen
TUBA1A,darkolivegreen
TUBB,darkolivegreen
TWSG1,darkolivegreen
TXLNA,darkolivegreen
UBA2,darkolivegreen
UBAP2L,darkolivegreen
UBE2B,darkolivegreen
UBE2CBP,darkolivegreen
UBE2Q2,darkolivegreen
UBE4B,darkolivegreen
UBL3,darkolivegreen
UBL5,darkolivegreen
UBL7,darkolivegreen
UBR3,darkolivegreen
UBXN4,darkolivegreen
UBXN7,darkolivegreen
UCRC,darkolivegreen
UFD1L,darkolivegreen
UHRF1,darkolivegreen
UHRF1BP1,darkolivegreen
UNC45A,darkolivegreen
UNCX,darkolivegreen
USP18,darkolivegreen
USP30,darkolivegreen
USP31,darkolivegreen
USP32,darkolivegreen
USP36,darkolivegreen
USP53,darkolivegreen
VAMP3,darkolivegreen
VAMP4,darkolivegreen
VAPA,darkolivegreen
VAV3,darkolivegreen
VAX2,darkolivegreen
VCAN,darkolivegreen
VCP,darkolivegreen
VDAC1,darkolivegreen
VKORC1,darkolivegreen
VPS13B,darkolivegreen
VPS16,darkolivegreen
VPS26A,darkolivegreen
VPS37D,darkolivegreen
VPS72,darkolivegreen
VTI1A,darkolivegreen
WAC,darkolivegreen
WASF1,darkolivegreen
WBSCR27,darkolivegreen
WDHD1,darkolivegreen
WDR3,darkolivegreen
WDR41,darkolivegreen
WDR52,darkolivegreen
WDR75,darkolivegreen
WHSC2,darkolivegreen
WIZ,darkolivegreen
WNK1,darkolivegreen
WNT1,darkolivegreen
WNT2B,darkolivegreen
WNT3A,darkolivegreen
WRB,darkolivegreen
WRN,darkolivegreen
WRNIP1,darkolivegreen
WSB2,darkolivegreen
WSCD1,darkolivegreen
WWC2,darkolivegreen
WWTR1,darkolivegreen
XKR6,darkolivegreen
XPC,darkolivegreen
XPO6,darkolivegreen
XRCC1,darkolivegreen
XRCC2,darkolivegreen
XRN2,darkolivegreen
YBX1,darkolivegreen
YEATS4,darkolivegreen
ZBTB12,darkolivegreen
ZBTB2,darkolivegreen
ZBTB20,darkolivegreen
ZBTB39,darkolivegreen
ZBTB44,darkolivegreen
ZBTB9,darkolivegreen
ZC3H3,darkolivegreen
ZC3H6,darkolivegreen
ZDHHC14,darkolivegreen
ZDHHC16,darkolivegreen
ZDHHC20,darkolivegreen
ZEB2,darkolivegreen
ZFAND2A,darkolivegreen
ZFAT,darkolivegreen
ZFP64,darkolivegreen
ZKSCAN5,darkolivegreen
ZMYM4,darkolivegreen
ZMYND11,darkolivegreen
ZNF133,darkolivegreen
ZNF174,darkolivegreen
ZNF202,darkolivegreen
ZNF221,darkolivegreen
ZNF25,darkolivegreen
ZNF250,darkolivegreen
ZNF26,darkolivegreen
ZNF263,darkolivegreen
ZNF292,darkolivegreen
ZNF322A,darkolivegreen
ZNF323,darkolivegreen
ZNF326,darkolivegreen
ZNF329,darkolivegreen
ZNF330,darkolivegreen
ZNF33A,darkolivegreen
ZNF350,darkolivegreen
ZNF362,darkolivegreen
ZNF367,darkolivegreen
ZNF385B,darkolivegreen
ZNF396,darkolivegreen
ZNF415,darkolivegreen
ZNF416,darkolivegreen
ZNF446,darkolivegreen
ZNF492,darkolivegreen
ZNF497,darkolivegreen
ZNF510,darkolivegreen
ZNF516,darkolivegreen
ZNF521,darkolivegreen
ZNF525,darkolivegreen
ZNF527,darkolivegreen
ZNF554,darkolivegreen
ZNF628,darkolivegreen
ZNF649,darkolivegreen
ZNF653,darkolivegreen
ZNF668,darkolivegreen
ZNF683,darkolivegreen
ZNF684,darkolivegreen
ZNF702P,darkolivegreen
ZNF720,darkolivegreen
ZNF746,darkolivegreen
ZNF761,darkolivegreen
ZNF780B,darkolivegreen
ZNF789,darkolivegreen
ZNF800,darkolivegreen
ZNF830,darkolivegreen
ZNF843,darkolivegreen
ZNF862,darkolivegreen
ZNF880,darkolivegreen
ZNHIT3,darkolivegreen
ZNRD1,darkolivegreen
ZSCAN20,darkolivegreen
ZSCAN22,darkolivegreen
ZXDC,darkolivegreen
ZZZ3,darkolivegreen
AACS,darkorange
AAK1,darkorange
ABCA5,darkorange
ABCB1,darkorange
ABCC4,darkorange
ABHD2,darkorange
ACACA,darkorange
ACCN3,darkorange
ACTN1,darkorange
ADAMTS6,darkorange
AFF3,darkorange
AGAP1,darkorange
AGBL3,darkorange
AHRR,darkorange
AK7,darkorange
AKAP12,darkorange
AKAP3,darkorange
AKR1D1,darkorange
AKT1S1,darkorange
ALDH1A3,darkorange
ALDH1L2,darkorange
ALMS1,darkorange
AMDHD1,darkorange
AMICA1,darkorange
AMIGO1,darkorange
AMOTL2,darkorange
AMPD1,darkorange
ANGPT1,darkorange
ANKIB1,darkorange
ANKS1B,darkorange
ANTXR2,darkorange
AOX1,darkorange
AP2B1,darkorange
AP4E1,darkorange
APOL4,darkorange
APOL6,darkorange
ARHGEF10,darkorange
ARID5B,darkorange
ARIH1,darkorange
ARMC8,darkorange
ARSG,darkorange
ASAP1,darkorange
ASAP2,darkorange
ASB15,darkorange
ASCC1,darkorange
ASCC3,darkorange
ATG16L1,darkorange
ATP10A,darkorange
ATP8B4,darkorange
ATXN3,darkorange
ATXN7,darkorange
B3GNTL1,darkorange
BAT2,darkorange
BAT4,darkorange
BBS9,darkorange
BCR,darkorange
BICC1,darkorange
BIN1,darkorange
BLCAP,darkorange
BLNK,darkorange
BRAF,darkorange
BRAP,darkorange
BRD3,darkorange
BRF2,darkorange
BRUNOL4,darkorange
BTBD1,darkorange
BTBD3,darkorange
BTBD7,darkorange
BTNL2,darkorange
C10ORF119,darkorange
C10ORF4,darkorange
C10ORF53,darkorange
C10ORF96,darkorange
C11ORF17,darkorange
C11ORF41,darkorange
C11ORF63,darkorange
C11ORF70,darkorange
C11ORF74,darkorange
C11ORF75,darkorange
C14ORF105,darkorange
C14ORF129,darkorange
C14ORF37,darkorange
C15ORF41,darkorange
C16ORF45,darkorange
C17ORF101,darkorange
C17ORF63,darkorange
C17ORF75,darkorange
C19ORF51,darkorange
C1D,darkorange
C1ORF173,darkorange
C1QTNF3,darkorange
C1QTNF7,darkorange
C1QTNF9,darkorange
C21ORF34,darkorange
C21ORF56,darkorange
C2ORF67,darkorange
C2ORF76,darkorange
C2ORF83,darkorange
C4ORF19,darkorange
C4ORF29,darkorange
C5ORF24,darkorange
C5ORF45,darkorange
C5ORF51,darkorange
C6ORF10,darkorange
C6ORF120,darkorange
C6ORF126,darkorange
C6ORF150,darkorange
C6ORF174,darkorange
C6ORF182,darkorange
C7ORF20,darkorange
C7ORF50,darkorange
C7ORF53,darkorange
C9ORF21,darkorange
CACNB4,darkorange
CADM1,darkorange
CAGE1,darkorange
CAMTA1,darkorange
CAPS2,darkorange
CASKIN2,darkorange
CASQ2,darkorange
CAT,darkorange
CCAR1,darkorange
CCDC146,darkorange
CCDC28A,darkorange
CCDC30,darkorange
CCDC6,darkorange
CCDC90A,darkorange
CCNT2,darkorange
CCNY,darkorange
CD247,darkorange
CD2AP,darkorange
CD36,darkorange
CDCA5,darkorange
CDH23,darkorange
CDH4,darkorange
CDKN1A,darkorange
CDS1,darkorange
CENPK,darkorange
CHCHD3,darkorange
CHD1L,darkorange
CHFR,darkorange
CHKA,darkorange
CHMP1B,darkorange
CHMP7,darkorange
CLDN10,darkorange
CLEC10A,darkorange
CLEC12A,darkorange
CLIC1,darkorange
CLRN3,darkorange
CMPK1,darkorange
CNOT2,darkorange
CNOT6,darkorange
COBL,darkorange
COL11A1,darkorange
COL14A1,darkorange
COL20A1,darkorange
COL25A1,darkorange
COL5A2,darkorange
COQ2,darkorange
COX6B1,darkorange
COX7A2,darkorange
COX7B2,darkorange
CPB2,darkorange
CPLX2,darkorange
CPN1,darkorange
CPNE1,darkorange
CPT1A,darkorange
CPT2,darkorange
CRMP1,darkorange
CRTC2,darkorange
CRYBA4,darkorange
CRYGN,darkorange
CRYL1,darkorange
CSF1,darkorange
CSMD3,darkorange
CSN1S2B,darkorange
CSNK1G2,darkorange
CSRNP2,darkorange
CTNNBL1,darkorange
CTNND1,darkorange
CTNND2,darkorange
CUL5,darkorange
CUX1,darkorange
CWF19L2,darkorange
CXCL12,darkorange
CYP2W1,darkorange
DCC,darkorange
DDAH2,darkorange
DDX43,darkorange
DEGS2,darkorange
DEK,darkorange
DENND1A,darkorange
DEPDC1,darkorange
DGAT1,darkorange
DHX16,darkorange
DMXL1,darkorange
DNAH6,darkorange
DNAJB13,darkorange
DNAJC13,darkorange
DNAJC2,darkorange
DNAJC5B,darkorange
DOCK9,darkorange
DPF3,darkorange
DPH1,darkorange
DPY19L3,darkorange
DRD3,darkorange
DSCR4,darkorange
DSE,darkorange
DSN1,darkorange
DTX3,darkorange
DUPD1,darkorange
DUSP27,darkorange
DYX1C1,darkorange
EBPL,darkorange
EDARADD,darkorange
EDEM3,darkorange
EHF,darkorange
EHMT1,darkorange
EIF2AK2,darkorange
EIF5B,darkorange
EMR4P,darkorange
EMX2,darkorange
EPB41L2,darkorange
EPB41L4A,darkorange
EPC1,darkorange
EPCAM,darkorange
EPDR1,darkorange
EPHB3,darkorange
EPHX1,darkorange
EPN2,darkorange
ERI3,darkorange
ESYT2,darkorange
ETF1,darkorange
ETV1,darkorange
ETV3,darkorange
EXOC4,darkorange
EXT1,darkorange
EXTL3,darkorange
EYA4,darkorange
FAM101A,darkorange
FAM110B,darkorange
FAM115A,darkorange
FAM118A,darkorange
FAM160A1,darkorange
FAM167A,darkorange
FAM171B,darkorange
FAM173B,darkorange
FAM178A,darkorange
FAM178B,darkorange
FAM189A2,darkorange
FAM198B,darkorange
FAM19A5,darkorange
FAM38A,darkorange
FAM48A,darkorange
FAM49B,darkorange
FAM53A,darkorange
FAM82A1,darkorange
FAM98A,darkorange
FAM98B,darkorange
FANCC,darkorange
FANCE,darkorange
FAT1,darkorange
FBXO34,darkorange
FCHSD2,darkorange
FDX1L,darkorange
FIGN,darkorange
FILIP1,darkorange
FIP1L1,darkorange
FKTN,darkorange
FLYWCH2,darkorange
FN1,darkorange
FOXF2,darkorange
FOXJ2,darkorange
FOXP1,darkorange
FRMD4A,darkorange
FUT9,darkorange
FUZ,darkorange
FYN,darkorange
GABRA2,darkorange
GABRB2,darkorange
GABRG2,darkorange
GAL3ST3,darkorange
GALNT10,darkorange
GCLC,darkorange
GIMAP7,darkorange
GLYR1,darkorange
GNA12,darkorange
GNAT2,darkorange
GNL1,darkorange
GNPDA1,darkorange
GOLGA4,darkorange
GOLGB1,darkorange
GOT2,darkorange
GPBP1,darkorange
GPR113,darkorange
GPR133,darkorange
GPR155,darkorange
GPX5,darkorange
GRHL2,darkorange
GRID1,darkorange
GRIP2,darkorange
GRM7,darkorange
GRP,darkorange
GSK3A,darkorange
GSPT1,darkorange
GSTM5,darkorange
GTDC1,darkorange
GTF2B,darkorange
GTSF1,darkorange
GUK1,darkorange
GZMK,darkorange
HADHA,darkorange
HAO1,darkorange
HAS2,darkorange
HCN2,darkorange
HDAC4,darkorange
HDAC5,darkorange
HDGFRP3,darkorange
HEG1,darkorange
HEMK1,darkorange
HEXB,darkorange
HISPPD1,darkorange
HIST1H2AG,darkorange
HK1,darkorange
HLA-DMB,darkorange
HLA-DPB1,darkorange
HLA-DPB2,darkorange
HLA-DRA,darkorange
HLA-E,darkorange
HLA-G,darkorange
HMCN1,darkorange
HMGCLL1,darkorange
HOXD8,darkorange
HRNBP3,darkorange
HTR2A,darkorange
HTR7P,darkorange
ICK,darkorange
IDE,darkorange
IFNGR1,darkorange
IFRD1,darkorange
IGDCC3,darkorange
IGF2BP3,darkorange
IGF2R,darkorange
IGSF9B,darkorange
IL17F,darkorange
IL20RA,darkorange
IL8,darkorange
IMMP2L,darkorange
INPP5A,darkorange
INTS1,darkorange
IRAK3,darkorange
ITFG2,darkorange
ITPR1,darkorange
JARID2,darkorange
JAZF1,darkorange
KBTBD11,darkorange
KBTBD3,darkorange
KCNH2,darkorange
KCNQ1,darkorange
KCTD16,darkorange
KDM2B,darkorange
KIAA0020,darkorange
KIAA0146,darkorange
KIAA0748,darkorange
KIAA0922,darkorange
KIAA1026,darkorange
KIAA1217,darkorange
KIAA1704,darkorange
KIAA1919,darkorange
KIF25,darkorange
KIF26B,darkorange
KLHDC10,darkorange
KLHL20,darkorange
KLK9,darkorange
KRT1,darkorange
KRT7,darkorange
KSR1,darkorange
LAMB1,darkorange
LAMC1,darkorange
LAYN,darkorange
LGI2,darkorange
LGMN,darkorange
LHX3,darkorange
LIN54,darkorange
LIPA,darkorange
LMBR1,darkorange
LMBRD1,darkorange
LMCD1,darkorange
LMF1,darkorange
LNX2,darkorange
LOC100101938,darkorange
LOC100130581,darkorange
LOC100133308,darkorange
LOC100286948,darkorange
LOC157627,darkorange
LOC221710,darkorange
LOC284798,darkorange
LOC285456,darkorange
LOC389705,darkorange
LOC399815,darkorange
LOC399959,darkorange
LOC619207,darkorange
LOC644649,darkorange
LOC645323,darkorange
LOC646982,darkorange
LOC650368,darkorange
LOC728613,darkorange
LPIN2,darkorange
LRCH1,darkorange
LRGUK,darkorange
LRIG1,darkorange
LRRC36,darkorange
LRRC7,darkorange
LRRCC1,darkorange
LRTOMT,darkorange
LUC7L3,darkorange
LYRM1,darkorange
LYRM4,darkorange
LZTR1,darkorange
MACROD2,darkorange
MAD1L1,darkorange
MAGI1,darkorange
MAML2,darkorange
MAP2,darkorange
MAP4K4,darkorange
MAPK11,darkorange
MARCH3,darkorange
MAST1,darkorange
MBD2,darkorange
MBD5,darkorange
MC4R,darkorange
MCCC1,darkorange
MDGA1,darkorange
MEAF6,darkorange
MEIS1,darkorange
MESP1,darkorange
METT10D,darkorange
MFAP3,darkorange
MGC16384,darkorange
MGMT,darkorange
MGRN1,darkorange
MIR1913,darkorange
MIR494,darkorange
MIR548F3,darkorange
MIR548I4,darkorange
MIR564,darkorange
MIR944,darkorange
MITF,darkorange
MLLT6,darkorange
MMP16,darkorange
MMRN1,darkorange
MOCS1,darkorange
MPL,darkorange
MPP7,darkorange
MPV17L2,darkorange
MPZ,darkorange
MRPL42,darkorange
MRPS18B,darkorange
MS4A2,darkorange
MSH5,darkorange
MTOR,darkorange
MUC2,darkorange
MYO3A,darkorange
MYOCD,darkorange
MYOM2,darkorange
MYST1,darkorange
NADSYN1,darkorange
NAPG,darkorange
NARF,darkorange
NAV1,darkorange
NAV3,darkorange
NBN,darkorange
NCRNA00116,darkorange
NCRNA00159,darkorange
NCRNA00171,darkorange
NDEL1,darkorange
NDUFAF4,darkorange
NDUFS5,darkorange
NDUFS6,darkorange
NEDD9,darkorange
NEK1,darkorange
NEK10,darkorange
NELL2,darkorange
NEU2,darkorange
NF1,darkorange
NFIA,darkorange
NIP7,darkorange
NKX3-2,darkorange
NOB1,darkorange
NOP14,darkorange
NOTCH4,darkorange
NOVA2,darkorange
NPC1L1,darkorange
NPHP4,darkorange
NPLOC4,darkorange
NR2E1,darkorange
NR3C2,darkorange
NTM,darkorange
NUP214,darkorange
ODF2L,darkorange
ODZ3,darkorange
OGG1,darkorange
OLR1,darkorange
OMA1,darkorange
OPN5,darkorange
OPRM1,darkorange
OR10H1,darkorange
OR12D2,darkorange
OR8U8,darkorange
ORC3L,darkorange
OSBPL7,darkorange
OTOR,darkorange
OXR1,darkorange
P4HA2,darkorange
P4HTM,darkorange
PACRG,darkorange
PACS1,darkorange
PACSIN1,darkorange
PAG1,darkorange
PALLD,darkorange
PAPD5,darkorange
PAPOLB,darkorange
PARD3B,darkorange
PARP16,darkorange
PCBD2,darkorange
PCGF3,darkorange
PDCD7,darkorange
PDE1B,darkorange
PDE3B,darkorange
PDE4B,darkorange
PDE7B,darkorange
PDK1,darkorange
PDLIM5,darkorange
PEAR1,darkorange
PELI2,darkorange
PEX13,darkorange
PEX3,darkorange
PEX7,darkorange
PFKFB3,darkorange
PHF12,darkorange
PHF7,darkorange
PIGL,darkorange
PIGU,darkorange
PIP4K2A,darkorange
PKHD1,darkorange
PKHD1L1,darkorange
PLCL2,darkorange
PLEKHA7,darkorange
PLXNA4,darkorange
PODN,darkorange
POGZ,darkorange
POLE,darkorange
POLH,darkorange
POLR2K,darkorange
POU6F2,darkorange
PPME1,darkorange
PPP1R13L,darkorange
PPP1R15B,darkorange
PPP1R1C,darkorange
PPP1R3A,darkorange
PPP1R3C,darkorange
PPP1R9A,darkorange
PPP2R2D,darkorange
PPP2R5E,darkorange
PPP3CB,darkorange
PPP4R2,darkorange
PRDM10,darkorange
PRKCZ,darkorange
PRMT10,darkorange
PRMT2,darkorange
PRPS1L1,darkorange
PRPSAP2,darkorange
PSMA2,darkorange
PSMC3,darkorange
PSMD8,darkorange
PSTPIP2,darkorange
PTBP1,darkorange
PTCH1,darkorange
PTDSS1,darkorange
PTEN,darkorange
PTER,darkorange
PTMA,darkorange
PTPRN2,darkorange
PURG,darkorange
PVRL3,darkorange
QSOX2,darkorange
RAB11FIP1,darkorange
RAB12,darkorange
RAB21,darkorange
RAB40B,darkorange
RAB7L1,darkorange
RABGEF1,darkorange
RALYL,darkorange
RASA3,darkorange
RASSF5,darkorange
RB1,darkorange
RBM16,darkorange
RBM45,darkorange
RCAN2,darkorange
RFWD2,darkorange
RHEB,darkorange
RIMBP2,darkorange
RIMS1,darkorange
RING1,darkorange
RIOK3,darkorange
RLN3,darkorange
RMND5B,darkorange
RMST,darkorange
RNASEH2B,darkorange
RNF115,darkorange
RNF5P1,darkorange
RNF6,darkorange
RNLS,darkorange
ROBLD3,darkorange
RP1,darkorange
RPAP2,darkorange
RPH3AL,darkorange
RPL23P8,darkorange
RPL36AL,darkorange
RPLP0,darkorange
RPS27,darkorange
RPS6KA5,darkorange
RPSAP52,darkorange
RPSAP58,darkorange
RPTOR,darkorange
RSBN1L,darkorange
RUNX1T1,darkorange
RWDD2B,darkorange
SAMD4A,darkorange
SCAPER,darkorange
SCGB1D1,darkorange
SCHIP1,darkorange
SCNN1B,darkorange
SCO1,darkorange
SCRG1,darkorange
SCRIB,darkorange
SDCBP2,darkorange
SDHAP3,darkorange
SDK1,darkorange
SEC24C,darkorange
SEC63,darkorange
SEMA6A,darkorange
SERPINB12,darkorange
SERPINI2,darkorange
SFMBT1,darkorange
SFRS5,darkorange
SGK269,darkorange
SH3BP5L,darkorange
SH3GL2,darkorange
SHANK2,darkorange
SIK2,darkorange
SIRT1,darkorange
SKA2,darkorange
SKAP2,darkorange
SKI,darkorange
SLC11A1,darkorange
SLC1A7,darkorange
SLC22A18,darkorange
SLC25A31,darkorange
SLC26A7,darkorange
SLC2A14,darkorange
SLC30A1,darkorange
SLC8A3,darkorange
SLC9A3,darkorange
SLCO1B3,darkorange
SLFN12L,darkorange
SLMAP,darkorange
SMAP1,darkorange
SMCR7,darkorange
SMOC2,darkorange
SMURF2,darkorange
SNORD115-7,darkorange
SNORD41,darkorange
SNX8,darkorange
SORBS2,darkorange
SORD,darkorange
SOS2,darkorange
SOX5,darkorange
SPAM1,darkorange
SPEF2,darkorange
SPG7,darkorange
SPOP,darkorange
SPRED2,darkorange
SPRR1A,darkorange
SPSB1,darkorange
SQSTM1,darkorange
SRP54,darkorange
SRPRB,darkorange
SSBP4,darkorange
SSTR4,darkorange
ST6GALNAC3,darkorange
ST8SIA4,darkorange
STAMBP,darkorange
STAR,darkorange
STARD3NL,darkorange
STK32B,darkorange
STOM,darkorange
STOML3,darkorange
STX2,darkorange
SUB1,darkorange
SYNE2,darkorange
SYPL2,darkorange
TACC1,darkorange
TACC3,darkorange
TAF15,darkorange
TAP1,darkorange
TAPBP,darkorange
TBC1D22A,darkorange
TBC1D5,darkorange
TBCD,darkorange
TBXA2R,darkorange
TBXAS1,darkorange
TCEA2,darkorange
TCEB3,darkorange
TCF12,darkorange
TCP11,darkorange
TCTN1,darkorange
TDRD1,darkorange
TDRD7,darkorange
TECTA,darkorange
TEX12,darkorange
TGFA,darkorange
TGFBI,darkorange
THEMIS,darkorange
TIMELESS,darkorange
TJP1,darkorange
TLR5,darkorange
TMBIM6,darkorange
TMCC2,darkorange
TMEM136,darkorange
TMEM156,darkorange
TMEM168,darkorange
TMEM170A,darkorange
TMEM209,darkorange
TMEM44,darkorange
TMEM79,darkorange
TMEM93,darkorange
TMOD2,darkorange
TMTC1,darkorange
TNFAIP3,darkorange
TNFAIP8,darkorange
TNRC6C,darkorange
TNS3,darkorange
TNXB,darkorange
TOM1L2,darkorange
TOP2A,darkorange
TPK1,darkorange
TPO,darkorange
TPRG1,darkorange
TRAF3IP2,darkorange
TRAPPC9,darkorange
TRERF1,darkorange
TRIM10,darkorange
TRIM2,darkorange
TRIM27,darkorange
TRIM31,darkorange
TRMT12,darkorange
TRPM1,darkorange
TRRAP,darkorange
TSC1,darkorange
TSNAX-DISC1,darkorange
TSPYL1,darkorange
TTC17,darkorange
TTC30A,darkorange
TTC36,darkorange
TTC4,darkorange
TUBGCP5,darkorange
TWF1,darkorange
UBA6,darkorange
UBE2G2,darkorange
UBE3C,darkorange
UBTD1,darkorange
UBXN1,darkorange
UCHL1,darkorange
UCP1,darkorange
UFM1,darkorange
UNC45A,darkorange
UNC84A,darkorange
USP13,darkorange
USP49,darkorange
USP7,darkorange
USPL1,darkorange
UTRN,darkorange
VAX1,darkorange
VDAC2,darkorange
VEPH1,darkorange
VIPR2,darkorange
VPS4B,darkorange
VPS52,darkorange
VRK2,darkorange
VTI1A,darkorange
VWA3B,darkorange
WARS2,darkorange
WBP2NL,darkorange
WDR17,darkorange
WDR26,darkorange
WDR60,darkorange
WDR67,darkorange
WDR70,darkorange
WDR93,darkorange
WNT3,darkorange
WWTR1,darkorange
XPO6,darkorange
XRCC5,darkorange
XRN1,darkorange
YIF1B,darkorange
YOD1,darkorange
ZBTB10,darkorange
ZBTB20,darkorange
ZBTB38,darkorange
ZBTB4,darkorange
ZBTB8A,darkorange
ZCCHC8,darkorange
ZDHHC14,darkorange
ZDHHC2,darkorange
ZDHHC20,darkorange
ZEB2,darkorange
ZFAT,darkorange
ZFP64,darkorange
ZFYVE16,darkorange
ZFYVE26,darkorange
ZHX2,darkorange
ZMPSTE24,darkorange
ZNF12,darkorange
ZNF160,darkorange
ZNF204P,darkorange
ZNF221,darkorange
ZNF25,darkorange
ZNF260,darkorange
ZNF268,darkorange
ZNF287,darkorange
ZNF311,darkorange
ZNF350,darkorange
ZNF407,darkorange
ZNF486,darkorange
ZNF563,darkorange
ZNF565,darkorange
ZNF608,darkorange
ZNF610,darkorange
ZNF654,darkorange
ZNF684,darkorange
ZNF69,darkorange
ZNF702P,darkorange
ZNF718,darkorange
ZNF775,darkorange
ZNF829,darkorange
A2BP1,darkred
A2ML1,darkred
ABCA7,darkred
ABHD11,darkred
ABLIM2,darkred
ACAT1,darkred
ACBD7,darkred
ACCN1,darkred
ADAMTS1,darkred
ADAMTS17,darkred
AEN,darkred
AES,darkred
AFF1,darkred
AGAP1,darkred
AGPAT3,darkred
AGRN,darkred
AIFM2,darkred
AK2,darkred
AKR7A2,darkred
AKT1S1,darkred
ALG10B,darkred
AMZ2,darkred
ANAPC5,darkred
ANGPT1,darkred
ANGPTL5,darkred
ANGPTL6,darkred
ANO5,darkred
AP1M1,darkred
AP2M1,darkred
APH1A,darkred
APPL1,darkred
APRT,darkred
ARF1,darkred
ARFGEF1,darkred
ARHGAP12,darkred
ARHGAP17,darkred
ARHGEF10,darkred
ARHGEF16,darkred
ARHGEF2,darkred
ARL13B,darkred
ARPC5,darkred
ASAH1,darkred
ASB13,darkred
ASB15,darkred
ASB18,darkred
ASB7,darkred
ASNA1,darkred
ASPG,darkred
ASTN2,darkred
ATAD5,darkred
ATP11A,darkred
ATP5J,darkred
ATXN1,darkred
AUTS2,darkred
B3GNT3,darkred
BAG2,darkred
BAI1,darkred
BAT2,darkred
BAT3,darkred
BCAP29,darkred
BCAS3,darkred
BCL10,darkred
BCL11B,darkred
BCL6,darkred
BEGAIN,darkred
BID,darkred
BLCAP,darkred
BNIP3,darkred
BOD1,darkred
BRCA1,darkred
BRD3,darkred
C10ORF119,darkred
C10ORF18,darkred
C10ORF25,darkred
C11ORF60,darkred
C13ORF39,darkred
C14ORF133,darkred
C14ORF142,darkred
C15ORF42,darkred
C16ORF72,darkred
C17ORF37,darkred
C19ORF26,darkred
C19ORF36,darkred
C19ORF45,darkred
C1GALT1,darkred
C1ORF122,darkred
C1ORF63,darkred
C1ORF69,darkred
C1ORF85,darkred
C1QBP,darkred
C20ORF20,darkred
C20ORF7,darkred
C2ORF28,darkred
C2ORF76,darkred
C2ORF77,darkred
C3ORF21,darkred
C3ORF38,darkred
C3ORF75,darkred
C4ORF3,darkred
C5ORF33,darkred
C5ORF36,darkred
C6ORF1,darkred
C6ORF10,darkred
C6ORF155,darkred
C6ORF174,darkred
C7ORF36,darkred
C7ORF50,darkred
C8ORF55,darkred
C8ORF79,darkred
C9ORF78,darkred
CACNG4,darkred
CADM1,darkred
CADPS,darkred
CALCB,darkred
CALD1,darkred
CALM1,darkred
CAPNS1,darkred
CC2D1B,darkred
CCBL1,darkred
CCDC137,darkred
CCDC41,darkred
CCDC84,darkred
CCDC99,darkred
CCND3,darkred
CCNG2,darkred
CCT4,darkred
CD320,darkred
CDC42BPG,darkred
CDCA7L,darkred
CDH13,darkred
CDK2AP2,darkred
CDK5RAP3,darkred
CEL,darkred
CENPP,darkred
CEP63,darkred
CHERP,darkred
CHRM5,darkred
CITED2,darkred
CKAP2,darkred
CLDN11,darkred
CLEC16A,darkred
CLIC5,darkred
CLPTM1L,darkred
CMPK1,darkred
CNOT8,darkred
COG3,darkred
COL4A3,darkred
COL6A1,darkred
COL9A3,darkred
COMMD1,darkred
COPS7A,darkred
COPZ1,darkred
CORO1C,darkred
COX6B2,darkred
CPSF4,darkred
CRELD2,darkred
CRKL,darkred
CROT,darkred
CRYZ,darkred
CSGALNACT2,darkred
CSTF3,darkred
CTH,darkred
CTXN2,darkred
CUGBP2,darkred
CYP26C1,darkred
CYR61,darkred
DACH1,darkred
DAZAP1,darkred
DBF4B,darkred
DBN1,darkred
DCAF13,darkred
DCAF4,darkred
DCAKD,darkred
DCC,darkred
DCPS,darkred
DDAH2,darkred
DDHD2,darkred
DDX59,darkred
DENND3,darkred
DFFA,darkred
DHX30,darkred
DIS3L,darkred
DLG5,darkred
DLGAP2,darkred
DLX5,darkred
DNAI2,darkred
DNAJB1,darkred
DNAJB6,darkred
DNAJC21,darkred
DNAJC3,darkred
DNM3,darkred
DNTTIP2,darkred
DPT,darkred
DPY19L1,darkred
DPYD,darkred
DRG1,darkred
DSCC1,darkred
DSEL,darkred
DSP,darkred
DUSP12,darkred
DYNC1I2,darkred
DYNC2H1,darkred
E2F3,darkred
EBAG9,darkred
ECHDC1,darkred
EDARADD,darkred
EDN3,darkred
EEF2,darkred
EFHA2,darkred
EFNB3,darkred
EHMT1,darkred
EIF3G,darkred
EIF6,darkred
ELAC2,darkred
ELK4,darkred
ELMO2,darkred
ELMOD1,darkred
EN2,darkred
ENO1,darkred
ENTPD2,darkred
ENTPD4,darkred
EP400NL,darkred
EPB41L5,darkred
EPHA8,darkred
ERG,darkred
ERICH1,darkred
ESCO1,darkred
ESF1,darkred
ESR1,darkred
EVX1,darkred
EVX2,darkred
EXOC6B,darkred
EXTL2,darkred
F11R,darkred
FAF2,darkred
FAM113B,darkred
FAM126A,darkred
FAM150A,darkred
FAM169B,darkred
FAM174B,darkred
FAM177A1,darkred
FAM192A,darkred
FAM40B,darkred
FAM53C,darkred
FAM59A,darkred
FAM69C,darkred
FAM83D,darkred
FAM92A1,darkred
FANCC,darkred
FANCI,darkred
FAT3,darkred
FBXO22,darkred
FBXO3,darkred
FBXO44,darkred
FCHSD2,darkred
FEM1C,darkred
FEV,darkred
FIBCD1,darkred
FLJ43663,darkred
FLRT2,darkred
FLYWCH2,darkred
FOXF2,darkred
FRY,darkred
FSTL4,darkred
FUT9,darkred
FZD10,darkred
GAB1,darkred
GAB2,darkred
GABRD,darkred
GABRG3,darkred
GALNT2,darkred
GALNTL4,darkred
GAMT,darkred
GAP43,darkred
GAS1,darkred
GAS2,darkred
GBX2,darkred
GCN1L1,darkred
GFM2,darkred
GFRA2,darkred
GLI2,darkred
GLRA3,darkred
GLTPD1,darkred
GNAI3,darkred
GNAL,darkred
GNG4,darkred
GOLGB1,darkred
GOLSYN,darkred
GORASP1,darkred
GOSR1,darkred
GPC1,darkred
GPM6A,darkred
GPR137C,darkred
GREB1L,darkred
GRID2IP,darkred
GRK5,darkred
GSK3A,darkred
GSX2,darkred
GTF3C6,darkred
GULP1,darkred
HEATR2,darkred
HINT3,darkred
HIP1,darkred
HIST1H2AM,darkred
HIST1H4A,darkred
HIST1H4E,darkred
HIST2H2AC,darkred
HLA-DOA,darkred
HLA-DQB2,darkred
HMGCL,darkred
HMGN3,darkred
HNRNPA3,darkred
HNRNPU,darkred
HNRPDL,darkred
HOPX,darkred
HOXB9,darkred
HP1BP3,darkred
HPDL,darkred
HSP90AA1,darkred
HSPA8,darkred
HUS1B,darkred
IDH2,darkred
IER3,darkred
IGF2BP1,darkred
IL6ST,darkred
ING1,darkred
INPP5A,darkred
INPP5E,darkred
IRF2BP2,darkred
ISOC1,darkred
ITGA9,darkred
ITPK1,darkred
ITPR2,darkred
IVD,darkred
JAKMIP3,darkred
JOSD1,darkred
JPH3,darkred
JUN,darkred
KCMF1,darkred
KCNJ12,darkred
KCNK15,darkred
KCNT1,darkred
KCTD2,darkred
KDELC1,darkred
KDM2A,darkred
KDM3A,darkred
KDM4C,darkred
KIAA0090,darkred
KIAA1026,darkred
KIAA1370,darkred
KIF1B,darkred
KIF21B,darkred
KIF26A,darkred
KLF10,darkred
KLF12,darkred
KLF13,darkred
KLHL22,darkred
KREMEN1,darkred
LARP4,darkred
LASS2,darkred
LEPRE1,darkred
LFNG,darkred
LHFPL4,darkred
LHX1,darkred
LIN54,darkred
LOC100128640,darkred
LOC100128731,darkred
LOC145783,darkred
LOC641298,darkred
LOC651250,darkred
LONP2,darkred
LRFN2,darkred
LRIG3,darkred
LRP6,darkred
LRRC18,darkred
LRRC41,darkred
LRRC8D,darkred
MACROD2,darkred
MAGOHB,darkred
MAML2,darkred
MAP1LC3A,darkred
MAP3K14,darkred
MAPK7,darkred
MAPK8IP1,darkred
MARCH5,darkred
MARK2,darkred
MBD6,darkred
MBNL1,darkred
MCF2L,darkred
MCRS1,darkred
MDC1,darkred
MDP1,darkred
ME2,darkred
MED22,darkred
MEF2C,darkred
MET,darkred
MEX3C,darkred
MFGE8,darkred
MGAT1,darkred
MGC23284,darkred
MICAL2,darkred
MINK1,darkred
MIR549,darkred
MIR604,darkred
MIR636,darkred
MLC1,darkred
MLL,darkred
MLL3,darkred
MLX,darkred
MMS19,darkred
MOBKL1A,darkred
MOBKL1B,darkred
MOCS3,darkred
MPI,darkred
MPZL3,darkred
MRPS18B,darkred
MTA1,darkred
MTERF,darkred
MTERFD3,darkred
MTFMT,darkred
MTFR1,darkred
MTRF1,darkred
MUC21,darkred
MUC4,darkred
MYADM,darkred
MYBL1,darkred
MYO16,darkred
MYO7A,darkred
MYST3,darkred
NAP1L1,darkred
NARFL,darkred
NBN,darkred
NBR2,darkred
NCOR2,darkred
NDEL1,darkred
NDUFS7,darkred
NECAP1,darkred
NEK8,darkred
NELL2,darkred
NEO1,darkred
NES,darkred
NETO1,darkred
NEU4,darkred
NFIC,darkred
NFRKB,darkred
NFYA,darkred
NKX2-6,darkred
NKX6-2,darkred
NME6,darkred
NME7,darkred
NOD1,darkred
NOS2,darkred
NOX4,darkred
NPHP1,darkred
NPHP3,darkred
NR2F2,darkred
NR4A1,darkred
NR4A3,darkred
NR6A1,darkred
NRBF2,darkred
NRCAM,darkred
NRN1,darkred
NT5C3L,darkred
NUMB,darkred
NUMBL,darkred
NXN,darkred
OAF,darkred
OCEL1,darkred
ODF1,darkred
ODZ4,darkred
OGFR,darkred
OR2L13,darkred
OR52B4,darkred
OXR1,darkred
PACRG,darkred
PALM2,darkred
PAN2,darkred
PARD3,darkred
PBX2,darkred
PCDH9,darkred
PCDHA7,darkred
PCF11,darkred
PCGF2,darkred
PDCD6,darkred
PDE4C,darkred
PDE7B,darkred
PDGFRB,darkred
PDLIM5,darkred
PDSS2,darkred
PDZRN3,darkred
PEA15,darkred
PEF1,darkred
PFKFB3,darkred
PGAM5,darkred
PHF13,darkred
PHF23,darkred
PIGP,darkred
PIK3C3,darkred
PIK3R2,darkred
PIK3R4,darkred
PITRM1,darkred
PKD1L1,darkred
PKIA,darkred
PKN2,darkred
PLEKHM2,darkred
PLIN3,darkred
PLOD2,darkred
PMPCB,darkred
PMVK,darkred
PNPLA6,darkred
POMT2,darkred
POP1,darkred
PPARG,darkred
PPARGC1A,darkred
PPFIA3,darkred
PPP1CB,darkred
PPP1R14C,darkred
PPP1R3G,darkred
PPP1R9B,darkred
PPP2R1B,darkred
PPP6C,darkred
PPT2,darkred
PRCP,darkred
PRICKLE1,darkred
PRIM1,darkred
PRKACB,darkred
PRKCSH,darkred
PRKCZ,darkred
PRKRIP1,darkred
PRPF38B,darkred
PRR14,darkred
PSME3,darkred
PTCD3,darkred
PTGS2,darkred
PTMA,darkred
PTP4A2,darkred
PTPN1,darkred
PTPRF,darkred
PTPRN2,darkred
PXDNL,darkred
RAB11A,darkred
RAB11FIP2,darkred
RAB11FIP3,darkred
RACGAP1,darkred
RAD1,darkred
RALGAPA2,darkred
RAP1GDS1,darkred
RAPGEF5,darkred
RASA3,darkred
RASSF8,darkred
RBM15,darkred
RBMXL1,darkred
RCL1,darkred
RCN2,darkred
RCOR2,darkred
REL,darkred
RELL1,darkred
RFC1,darkred
RFWD2,darkred
RGL2,darkred
RHOJ,darkred
RIOK2,darkred
RNF130,darkred
RNF146,darkred
RNF181,darkred
RNF215,darkred
RNF216,darkred
RNF216L,darkred
RNF32,darkred
RNF5P1,darkred
RNFT1,darkred
RPL21,darkred
RPL24,darkred
RPL28,darkred
RPL36AL,darkred
RPL7L1,darkred
RPP14,darkred
RPP21,darkred
RPP30,darkred
RPRM,darkred
RPS16,darkred
RRAD,darkred
RSPH4A,darkred
RSPO4,darkred
RUNDC3A,darkred
RWDD2A,darkred
RYK,darkred
SACM1L,darkred
SACS,darkred
SAP30L,darkred
SCFD1,darkred
SCHIP1,darkred
SCNN1A,darkred
SCUBE3,darkred
SDHB,darkred
SDK1,darkred
SEC24D,darkred
SEPT7,darkred
SERPINB6,darkred
SETD2,darkred
SETD5,darkred
SFMBT2,darkred
SFRS2IP,darkred
SH2B3,darkred
SHBG,darkred
SHC1,darkred
SHF,darkred
SHFM1,darkred
SHISA4,darkred
SHPRH,darkred
SHROOM3,darkred
SKIV2L2,darkred
SLC12A7,darkred
SLC16A9,darkred
SLC19A3,darkred
SLC20A2,darkred
SLC24A4,darkred
SLC25A39,darkred
SLC27A1,darkred
SLC29A1,darkred
SLC32A1,darkred
SLC35C2,darkred
SLC35F1,darkred
SLC41A1,darkred
SLC5A1,darkred
SLC9A3R1,darkred
SLITRK5,darkred
SLU7,darkred
SMARCA5,darkred
SMARCAD1,darkred
SMARCD1,darkred
SMARCE1,darkred
SMC3,darkred
SMEK1,darkred
SMN1,darkred
SMURF1,darkred
SNORA57,darkred
SNX30,darkred
SORBS2,darkred
SORCS2,darkred
SOX13,darkred
SPAG5,darkred
SPDYA,darkred
SPTLC1,darkred
SR140,darkred
SRPRB,darkred
SSPN,darkred
SSTR2,darkred
ST8SIA4,darkred
STAM2,darkred
STAU2,darkred
STBD1,darkred
STIM2,darkred
STK17B,darkred
STK32C,darkred
STMN1,darkred
STON1,darkred
STRADA,darkred
STX17,darkred
STX4,darkred
STYK1,darkred
SUZ12,darkred
SYN3,darkred
SYNRG,darkred
SYT11,darkred
SYT13,darkred
SYTL2,darkred
TAAR9,darkred
TACR3,darkred
TAOK1,darkred
TAP1,darkred
TAPBPL,darkred
TARBP1,darkred
TAX1BP1,darkred
TBC1D23,darkred
TBL2,darkred
TBRG4,darkred
TCF7L2,darkred
TCHP,darkred
TDH,darkred
TERF1,darkred
TERF2,darkred
TESK1,darkred
TET1,darkred
TEX2,darkred
TFDP1,darkred
THAP1,darkred
THAP11,darkred
THAP2,darkred
THOP1,darkred
THSD4,darkred
TIAM2,darkred
TLK1,darkred
TMC4,darkred
TMED4,darkred
TMEM160,darkred
TMEM161A,darkred
TMEM216,darkred
TMEM26,darkred
TMEM45A,darkred
TMEM74,darkred
TMEM80,darkred
TMPRSS2,darkred
TMSB10,darkred
TNFAIP3,darkred
TNIK,darkred
TNKS,darkred
TNRC18,darkred
TOLLIP,darkred
TOP1MT,darkred
TOP3A,darkred
TOP3B,darkred
TPM1,darkred
TRAK1,darkred
TRAPPC4,darkred
TRAPPC9,darkred
TRIM46,darkred
TRIM6,darkred
TRIM6-TRIM34,darkred
TRIM60,darkred
TRNAU1AP,darkred
TSHZ3,darkred
TSNARE1,darkred
TSPAN14,darkred
TSPAN15,darkred
TTC18,darkred
TTC31,darkred
TTYH1,darkred
TUBB4,darkred
TUBGCP6,darkred
TXNL4B,darkred
TYW3,darkred
UBA5,darkred
UBE2B,darkred
ULBP3,darkred
UNC5A,darkred
UQCR,darkred
USF1,darkred
USP16,darkred
USP46,darkred
USPL1,darkred
UTP11L,darkred
VAPB,darkred
VPS45,darkred
VPS4A,darkred
VRK3,darkred
VTA1,darkred
WDFY2,darkred
WDR69,darkred
WDR8,darkred
WNT5A,darkred
WRB,darkred
YIPF4,darkred
YTHDF1,darkred
YWHAZ,darkred
ZC3HC1,darkred
ZER1,darkred
ZFC3H1,darkred
ZFHX4,darkred
ZFP28,darkred
ZNF133,darkred
ZNF154,darkred
ZNF165,darkred
ZNF18,darkred
ZNF212,darkred
ZNF3,darkred
ZNF329,darkred
ZNF33A,darkred
ZNF350,darkred
ZNF37B,darkred
ZNF384,darkred
ZNF438,darkred
ZNF441,darkred
ZNF451,darkred
ZNF468,darkred
ZNF498,darkred
ZNF507,darkred
ZNF526,darkred
ZNF547,darkred
ZNF598,darkred
ZNF623,darkred
ZNF691,darkred
ZNF703,darkred
ZNF77,darkred
ZNF791,darkred
ZNF853,darkred
ZNRF3,darkred
A2ML1,darkturquoise
AASS,darkturquoise
ABLIM1,darkturquoise
ACAT2,darkturquoise
ACBD3,darkturquoise
ACCN3,darkturquoise
ACER3,darkturquoise
ACP2,darkturquoise
ACTG1,darkturquoise
ADAMTS2,darkturquoise
ADC,darkturquoise
ADO,darkturquoise
ADORA2B,darkturquoise
AFAP1,darkturquoise
AFF1,darkturquoise
AGAP1,darkturquoise
AHCYL2,darkturquoise
AKAP13,darkturquoise
AKAP7,darkturquoise
ALCAM,darkturquoise
ALDH7A1,darkturquoise
AMPH,darkturquoise
ANKRD30A,darkturquoise
ANKS1A,darkturquoise
ANXA4,darkturquoise
ANXA7,darkturquoise
AP1AR,darkturquoise
AP1G1,darkturquoise
AP1M1,darkturquoise
AP3M2,darkturquoise
APC,darkturquoise
APEH,darkturquoise
API5,darkturquoise
APOC2,darkturquoise
APPL2,darkturquoise
ARF1,darkturquoise
ARFIP1,darkturquoise
ARHGEF10,darkturquoise
ARID1A,darkturquoise
ARID5B,darkturquoise
ARL15,darkturquoise
ARL3,darkturquoise
ARL5B,darkturquoise
ARRDC3,darkturquoise
ASL,darkturquoise
ASPH,darkturquoise
ATAD1,darkturquoise
ATG16L1,darkturquoise
ATL3,darkturquoise
ATOH8,darkturquoise
ATP11A,darkturquoise
ATP5G2,darkturquoise
ATP6V0C,darkturquoise
ATP6V0E2,darkturquoise
ATXN7,darkturquoise
ATXN7L1,darkturquoise
AZI2,darkturquoise
B3GNT3,darkturquoise
BAHCC1,darkturquoise
BAT4,darkturquoise
BBS10,darkturquoise
BCAP29,darkturquoise
BCAS3,darkturquoise
BCL9,darkturquoise
BHLHE41,darkturquoise
BLOC1S1,darkturquoise
BMI1,darkturquoise
BNIP3,darkturquoise
BRCA1,darkturquoise
BRD2,darkturquoise
BRE,darkturquoise
BRF1,darkturquoise
BRSK2,darkturquoise
BTBD11,darkturquoise
BTG1,darkturquoise
BTN2A1,darkturquoise
BUB3,darkturquoise
C10ORF18,darkturquoise
C10ORF26,darkturquoise
C10ORF28,darkturquoise
C10ORF4,darkturquoise
C11ORF51,darkturquoise
C11ORF57,darkturquoise
C12ORF11,darkturquoise
C14ORF159,darkturquoise
C14ORF166,darkturquoise
C14ORF23,darkturquoise
C14ORF28,darkturquoise
C15ORF41,darkturquoise
C16ORF45,darkturquoise
C16ORF57,darkturquoise
C17ORF44,darkturquoise
C17ORF59,darkturquoise
C17ORF97,darkturquoise
C18ORF22,darkturquoise
C1ORF95,darkturquoise
C1ORF97,darkturquoise
C1QTNF1,darkturquoise
C1R,darkturquoise
C20ORF112,darkturquoise
C20ORF199,darkturquoise
C20ORF27,darkturquoise
C22ORF25,darkturquoise
C22ORF30,darkturquoise
C3ORF26,darkturquoise
C5ORF44,darkturquoise
C6ORF138,darkturquoise
C6ORF204,darkturquoise
C7ORF29,darkturquoise
C7ORF50,darkturquoise
C7ORF52,darkturquoise
C7ORF63,darkturquoise
C7ORF72,darkturquoise
C8ORF38,darkturquoise
C9ORF150,darkturquoise
C9ORF45,darkturquoise
CABLES1,darkturquoise
CABP1,darkturquoise
CACYBP,darkturquoise
CAMTA1,darkturquoise
CAMTA2,darkturquoise
CARD10,darkturquoise
CARKD,darkturquoise
CASC1,darkturquoise
CASP7,darkturquoise
CASZ1,darkturquoise
CATSPER3,darkturquoise
CBL,darkturquoise
CBY1,darkturquoise
CC2D2A,darkturquoise
CCDC106,darkturquoise
CCDC13,darkturquoise
CCDC14,darkturquoise
CCDC147,darkturquoise
CCDC149,darkturquoise
CCDC39,darkturquoise
CCDC61,darkturquoise
CCDC82,darkturquoise
CCDC86,darkturquoise
CCL2,darkturquoise
CCM2,darkturquoise
CD164,darkturquoise
CD38,darkturquoise
CD3EAP,darkturquoise
CD59,darkturquoise
CDC42BPA,darkturquoise
CDC6,darkturquoise
CDCA2,darkturquoise
CDCA7L,darkturquoise
CDK17,darkturquoise
CDK4,darkturquoise
CDKAL1,darkturquoise
CECR2,darkturquoise
CEP120,darkturquoise
CEP170,darkturquoise
CHAF1B,darkturquoise
CHD4,darkturquoise
CHI3L1,darkturquoise
CHORDC1,darkturquoise
CIC,darkturquoise
CISD2,darkturquoise
CIZ1,darkturquoise
CLASP2,darkturquoise
CLIC5,darkturquoise
CLOCK,darkturquoise
CNIH3,darkturquoise
CNOT4,darkturquoise
CNR1,darkturquoise
CNTN1,darkturquoise
CNTN4,darkturquoise
CNTNAP2,darkturquoise
COASY,darkturquoise
CORO7,darkturquoise
COX4NB,darkturquoise
COX5A,darkturquoise
COX7C,darkturquoise
CP110,darkturquoise
CPA6,darkturquoise
CPEB4,darkturquoise
CPT1A,darkturquoise
CRTC1,darkturquoise
CRY1,darkturquoise
CRYZ,darkturquoise
CSGALNACT1,darkturquoise
CSMD1,darkturquoise
CSNK1A1L,darkturquoise
CTAGE5,darkturquoise
CTDP1,darkturquoise
CTNNA3,darkturquoise
CTNND1,darkturquoise
CTSH,darkturquoise
CTU1,darkturquoise
CXADR,darkturquoise
CXCR4,darkturquoise
CYB5R3,darkturquoise
CYHR1,darkturquoise
CYLD,darkturquoise
CYP27C1,darkturquoise
CYP4V2,darkturquoise
DAAM2,darkturquoise
DAB2,darkturquoise
DALRD3,darkturquoise
DCPS,darkturquoise
DCTN6,darkturquoise
DDB1,darkturquoise
DDHD2,darkturquoise
DDX51,darkturquoise
DEXI,darkturquoise
DHDDS,darkturquoise
DHODH,darkturquoise
DHRS12,darkturquoise
DHRS4,darkturquoise
DHX34,darkturquoise
DHX36,darkturquoise
DHX8,darkturquoise
DIP2C,darkturquoise
DKK2,darkturquoise
DMPK,darkturquoise
DMRT1,darkturquoise
DNAH14,darkturquoise
DNAH9,darkturquoise
DNAI2,darkturquoise
DNAJC17,darkturquoise
DNTTIP2,darkturquoise
DOK7,darkturquoise
DOLPP1,darkturquoise
DPF1,darkturquoise
DPY30,darkturquoise
DTX3,darkturquoise
DTX4,darkturquoise
DUSP6,darkturquoise
DYNC1LI1,darkturquoise
DYNLRB1,darkturquoise
DZIP1L,darkturquoise
EDNRB,darkturquoise
EEF1A1,darkturquoise
EFNA2,darkturquoise
EGLN1,darkturquoise
EGR3,darkturquoise
EHBP1,darkturquoise
EHD1,darkturquoise
EIF3K,darkturquoise
EIF4EBP2,darkturquoise
EIF5,darkturquoise
EMX2,darkturquoise
ENOSF1,darkturquoise
EPAS1,darkturquoise
EPCAM,darkturquoise
EPHA4,darkturquoise
ESRRG,darkturquoise
ESYT2,darkturquoise
ETFA,darkturquoise
ETNK2,darkturquoise
EXOC4,darkturquoise
EXOSC10,darkturquoise
EXT2,darkturquoise
EYA4,darkturquoise
EZH1,darkturquoise
F2R,darkturquoise
FAM110A,darkturquoise
FAM110B,darkturquoise
FAM111A,darkturquoise
FAM120B,darkturquoise
FAM126A,darkturquoise
FAM129A,darkturquoise
FAM149B1,darkturquoise
FAM155A,darkturquoise
FAM160B1,darkturquoise
FAM174A,darkturquoise
FAM175A,darkturquoise
FAM19A2,darkturquoise
FAM19A5,darkturquoise
FAM48A,darkturquoise
FAM49A,darkturquoise
FAM54B,darkturquoise
FAM59B,darkturquoise
FAM82A1,darkturquoise
FAM83D,darkturquoise
FAM98B,darkturquoise
FANCF,darkturquoise
FAP,darkturquoise
FARSB,darkturquoise
FAT1,darkturquoise
FBXO27,darkturquoise
FBXO33,darkturquoise
FDPS,darkturquoise
FERMT2,darkturquoise
FEZ2,darkturquoise
FGF14,darkturquoise
FGF3,darkturquoise
FGGY,darkturquoise
FLG,darkturquoise
FLOT2,darkturquoise
FOXK1,darkturquoise
FOXK2,darkturquoise
FOXP1,darkturquoise
FREM2,darkturquoise
FRG1B,darkturquoise
FRMD4A,darkturquoise
FTSJD1,darkturquoise
FUT10,darkturquoise
FYN,darkturquoise
G3BP1,darkturquoise
GAA,darkturquoise
GABARAP,darkturquoise
GABARAPL1,darkturquoise
GALNT9,darkturquoise
GCLM,darkturquoise
GCM1,darkturquoise
GDE1,darkturquoise
GIGYF1,darkturquoise
GINS1,darkturquoise
GLB1L2,darkturquoise
GLI2,darkturquoise
GLIPR2,darkturquoise
GLO1,darkturquoise
GLRX2,darkturquoise
GM2A,darkturquoise
GNG12,darkturquoise
GNG7,darkturquoise
GNRH1,darkturquoise
GPATCH4,darkturquoise
GPN1,darkturquoise
GPR133,darkturquoise
GPR98,darkturquoise
GPX7,darkturquoise
GRIA2,darkturquoise
GRIN2C,darkturquoise
GRINL1A,darkturquoise
GRK5,darkturquoise
GSPT1,darkturquoise
GSTZ1,darkturquoise
GTPBP8,darkturquoise
GUCY1A3,darkturquoise
H19,darkturquoise
HARS2,darkturquoise
HAS3,darkturquoise
HAX1,darkturquoise
HCCA2,darkturquoise
HCG11,darkturquoise
HDLBP,darkturquoise
HEATR2,darkturquoise
HECTD1,darkturquoise
HERPUD2,darkturquoise
HIBADH,darkturquoise
HIBCH,darkturquoise
HIGD2A,darkturquoise
HIPK2,darkturquoise
HIST1H2AE,darkturquoise
HIST1H2BD,darkturquoise
HIST2H2AB,darkturquoise
HIVEP1,darkturquoise
HK1,darkturquoise
HLA-DMA,darkturquoise
HLCS,darkturquoise
HNRNPF,darkturquoise
HNRNPK,darkturquoise
HNRNPUL2,darkturquoise
HOOK3,darkturquoise
HOXD13,darkturquoise
HPN,darkturquoise
HS3ST4,darkturquoise
HSD17B14,darkturquoise
HTATIP2,darkturquoise
HTRA2,darkturquoise
ID2,darkturquoise
IFFO1,darkturquoise
IGF2R,darkturquoise
IGFBP3,darkturquoise
IGFBP5,darkturquoise
IGSF21,darkturquoise
IL1F7,darkturquoise
IMPDH1,darkturquoise
INO80C,darkturquoise
INTS10,darkturquoise
INTU,darkturquoise
INVS,darkturquoise
IP6K2,darkturquoise
IPMK,darkturquoise
IPO4,darkturquoise
IQCE,darkturquoise
IQSEC3,darkturquoise
ISL2,darkturquoise
ITGA7,darkturquoise
ITGB1,darkturquoise
ITIH5,darkturquoise
ITPA,darkturquoise
ITPK1,darkturquoise
JAK1,darkturquoise
JAK2,darkturquoise
JMJD1C,darkturquoise
KBTBD11,darkturquoise
KCNA2,darkturquoise
KCNIP3,darkturquoise
KCNJ11,darkturquoise
KCNK13,darkturquoise
KCNMA1,darkturquoise
KCNQ1DN,darkturquoise
KCTD9,darkturquoise
KDM5A,darkturquoise
KEAP1,darkturquoise
KHDRBS2,darkturquoise
KIAA0415,darkturquoise
KIAA0427,darkturquoise
KIAA1274,darkturquoise
KIAA1328,darkturquoise
KIAA1737,darkturquoise
KIF14,darkturquoise
KIF9,darkturquoise
KIFC1,darkturquoise
KITLG,darkturquoise
KLC2,darkturquoise
KLHDC2,darkturquoise
KLHDC4,darkturquoise
KLHL1,darkturquoise
KLHL18,darkturquoise
KLHL6,darkturquoise
KRT31,darkturquoise
KSR2,darkturquoise
LAMA4,darkturquoise
LAMB3,darkturquoise
LARGE,darkturquoise
LBR,darkturquoise
LCLAT1,darkturquoise
LEO1,darkturquoise
LFNG,darkturquoise
LGI1,darkturquoise
LHFP,darkturquoise
LIMCH1,darkturquoise
LIN28B,darkturquoise
LIN7A,darkturquoise
LMAN2L,darkturquoise
LOC100101938,darkturquoise
LOC100130691,darkturquoise
LOC100132354,darkturquoise
LOC100288730,darkturquoise
LOC285696,darkturquoise
LOC285830,darkturquoise
LOC399815,darkturquoise
LOC653653,darkturquoise
LOR,darkturquoise
LPHN2,darkturquoise
LRP1B,darkturquoise
LRRC27,darkturquoise
LRRC32,darkturquoise
LRRC34,darkturquoise
LRRCC1,darkturquoise
LRTOMT,darkturquoise
M6PR,darkturquoise
MACROD1,darkturquoise
MAD1L1,darkturquoise
MAG,darkturquoise
MAGOHB,darkturquoise
MAML2,darkturquoise
MAPK4,darkturquoise
MARCH3,darkturquoise
MARCKS,darkturquoise
MARCO,darkturquoise
MAST4,darkturquoise
MBD3,darkturquoise
MBOAT7,darkturquoise
MC1R,darkturquoise
MCL1,darkturquoise
MCM3APAS,darkturquoise
MECOM,darkturquoise
MEF2C,darkturquoise
MEIS2,darkturquoise
MFHAS1,darkturquoise
MFSD6,darkturquoise
MFSD7,darkturquoise
MGAT1,darkturquoise
MGRN1,darkturquoise
MIB2,darkturquoise
MIOS,darkturquoise
MIR496,darkturquoise
MIRLET7I,darkturquoise
MKX,darkturquoise
MLEC,darkturquoise
MLH1,darkturquoise
MLKL,darkturquoise
MMD,darkturquoise
MMP17,darkturquoise
MND1,darkturquoise
MOBKL3,darkturquoise
MOCS1,darkturquoise
MON2,darkturquoise
MPHOSPH8,darkturquoise
MRPL54,darkturquoise
MRPS10,darkturquoise
MRPS18A,darkturquoise
MTA2,darkturquoise
MTHFSD,darkturquoise
MTIF3,darkturquoise
MTL5,darkturquoise
MTOR,darkturquoise
MTSS1,darkturquoise
MUL1,darkturquoise
MUM1,darkturquoise
MX1,darkturquoise
MYADML2,darkturquoise
MYBL1,darkturquoise
MYC,darkturquoise
MYCBPAP,darkturquoise
MYO10,darkturquoise
MYO18A,darkturquoise
MYO1B,darkturquoise
NAB2,darkturquoise
NAMPT,darkturquoise
NANP,darkturquoise
NARFL,darkturquoise
NARG2,darkturquoise
NAV2,darkturquoise
NBPF1,darkturquoise
NCAPD2,darkturquoise
NCAPG,darkturquoise
NCLN,darkturquoise
NCOA4,darkturquoise
NCOR2,darkturquoise
NCRNA00171,darkturquoise
NDFIP2,darkturquoise
NDRG4,darkturquoise
NDST2,darkturquoise
NDUFA13,darkturquoise
NDUFV3,darkturquoise
NEDD4,darkturquoise
NEGR1,darkturquoise
NET1,darkturquoise
NEU4,darkturquoise
NFIA,darkturquoise
NHEDC1,darkturquoise
NHEDC2,darkturquoise
NHEJ1,darkturquoise
NHLRC3,darkturquoise
NIPSNAP3A,darkturquoise
NKX6-2,darkturquoise
NLRC5,darkturquoise
NME6,darkturquoise
NOB1,darkturquoise
NOP16,darkturquoise
NPTN,darkturquoise
NR1H3,darkturquoise
NR2E1,darkturquoise
NRG2,darkturquoise
NRXN1,darkturquoise
NSMCE2,darkturquoise
NT5DC3,darkturquoise
NTAN1,darkturquoise
NTNG2,darkturquoise
NUDT13,darkturquoise
NUMB,darkturquoise
NUP210L,darkturquoise
NXF1,darkturquoise
OBFC2A,darkturquoise
ODZ2,darkturquoise
OLFM3,darkturquoise
OR13G1,darkturquoise
OR3A3,darkturquoise
OR5W2,darkturquoise
ORC5L,darkturquoise
OTUD6B,darkturquoise
OXA1L,darkturquoise
P4HA1,darkturquoise
P4HTM,darkturquoise
PACRG,darkturquoise
PACS1,darkturquoise
PANK1,darkturquoise
PAPPA,darkturquoise
PARK7,darkturquoise
PARP12,darkturquoise
PARVA,darkturquoise
PARVB,darkturquoise
PCBD2,darkturquoise
PCDH1,darkturquoise
PCLO,darkturquoise
PCOLCE2,darkturquoise
PDCD6IP,darkturquoise
PDE6A,darkturquoise
PDLIM7,darkturquoise
PELI2,darkturquoise
PER1,darkturquoise
PFDN6,darkturquoise
PFKP,darkturquoise
PGBD1,darkturquoise
PHF14,darkturquoise
PITX3,darkturquoise
PLA2G12A,darkturquoise
PLEC1,darkturquoise
PLEKHA4,darkturquoise
PLEKHM3,darkturquoise
PLOD2,darkturquoise
PMAIP1,darkturquoise
PNMA2,darkturquoise
PNMAL1,darkturquoise
PNPLA6,darkturquoise
POLD1,darkturquoise
POU6F2,darkturquoise
PP14571,darkturquoise
PPA2,darkturquoise
PPAP2C,darkturquoise
PPARA,darkturquoise
PPIL1,darkturquoise
PPP1R15A,darkturquoise
PPP1R9B,darkturquoise
PPP2R1A,darkturquoise
PPP2R3A,darkturquoise
PPRC1,darkturquoise
PPTC7,darkturquoise
PRDM16,darkturquoise
PRDM6,darkturquoise
PRDM8,darkturquoise
PRKAR1B,darkturquoise
PRKD3,darkturquoise
PRKG1,darkturquoise
PRPF39,darkturquoise
PRR15,darkturquoise
PRR3,darkturquoise
PRRG2,darkturquoise
PRRT1,darkturquoise
PRTN3,darkturquoise
PSD3,darkturquoise
PSKH1,darkturquoise
PSKH2,darkturquoise
PSMB3,darkturquoise
PSMB9,darkturquoise
PSMC4,darkturquoise
PSMD1,darkturquoise
PSMD13,darkturquoise
PSMD14,darkturquoise
PSRC1,darkturquoise
PTAR1,darkturquoise
PTEN,darkturquoise
PTGR2,darkturquoise
PTGS2,darkturquoise
PTPN9,darkturquoise
PTPRG,darkturquoise
PTPRN2,darkturquoise
PTS,darkturquoise
PTTG1IP,darkturquoise
PVALB,darkturquoise
PVRL3,darkturquoise
PXT1,darkturquoise
RAB1B,darkturquoise
RAB40C,darkturquoise
RAB7L1,darkturquoise
RAD51L1,darkturquoise
RAD9B,darkturquoise
RAE1,darkturquoise
RALYL,darkturquoise
RASA2,darkturquoise
RASA3,darkturquoise
RASL11B,darkturquoise
RBM23,darkturquoise
RBM25,darkturquoise
RBM47,darkturquoise
RBX1,darkturquoise
RCAN2,darkturquoise
RCCD1,darkturquoise
RDX,darkturquoise
REEP3,darkturquoise
REEP6,darkturquoise
REG4,darkturquoise
RERE,darkturquoise
REXO1,darkturquoise
RFX1,darkturquoise
RMI1,darkturquoise
RNF165,darkturquoise
RNF180,darkturquoise
RNF182,darkturquoise
RNFT1,darkturquoise
RNPEPL1,darkturquoise
ROBLD3,darkturquoise
ROCK1,darkturquoise
RPH3A,darkturquoise
RPH3AL,darkturquoise
RPL21,darkturquoise
RPS12,darkturquoise
RPS23,darkturquoise
RPTOR,darkturquoise
RRP15,darkturquoise
RSBN1,darkturquoise
RSPRY1,darkturquoise
RTN4RL2,darkturquoise
RTTN,darkturquoise
RUFY1,darkturquoise
S100A14,darkturquoise
SALL3,darkturquoise
SAMD9L,darkturquoise
SARNP,darkturquoise
SCAMP5,darkturquoise
SCARB2,darkturquoise
SCD,darkturquoise
SCG2,darkturquoise
SCGN,darkturquoise
SCN8A,darkturquoise
SCP2,darkturquoise
SDC1,darkturquoise
SDCCAG3,darkturquoise
SDHAP3,darkturquoise
SDK1,darkturquoise
SEC24D,darkturquoise
SENP8,darkturquoise
SEPSECS,darkturquoise
SERPINB5,darkturquoise
SFRS2IP,darkturquoise
SFRS7,darkturquoise
SFTA1P,darkturquoise
SFXN5,darkturquoise
SGCZ,darkturquoise
SGK3,darkturquoise
SH2D1B,darkturquoise
SH3BP2,darkturquoise
SHARPIN,darkturquoise
SHC2,darkturquoise
SHISA3,darkturquoise
SHPK,darkturquoise
SIL1,darkturquoise
SIX1,darkturquoise
SKA2,darkturquoise
SKI,darkturquoise
SKIV2L,darkturquoise
SLAIN1,darkturquoise
SLC1A3,darkturquoise
SLC22A23,darkturquoise
SLC22A5,darkturquoise
SLC25A20,darkturquoise
SLC27A1,darkturquoise
SLC29A2,darkturquoise
SLC2A12,darkturquoise
SLC31A2,darkturquoise
SLC34A2,darkturquoise
SLC45A3,darkturquoise
SLC46A1,darkturquoise
SLC5A6,darkturquoise
SLC7A6,darkturquoise
SLITRK5,darkturquoise
SLTM,darkturquoise
SMAD1,darkturquoise
SMARCC1,darkturquoise
SMCHD1,darkturquoise
SMNDC1,darkturquoise
SMYD5,darkturquoise
SNAP23,darkturquoise
SND1,darkturquoise
SNHG9,darkturquoise
SNIP1,darkturquoise
SNORA38,darkturquoise
SNX13,darkturquoise
SNX16,darkturquoise
SNX32,darkturquoise
SNX6,darkturquoise
SOHLH2,darkturquoise
SORCS3,darkturquoise
SOX11,darkturquoise
SOX2OT,darkturquoise
SP8,darkturquoise
SPATA2,darkturquoise
SPATA5,darkturquoise
SPATA7,darkturquoise
SPG20,darkturquoise
SPG7,darkturquoise
SPRY1,darkturquoise
SRGAP1,darkturquoise
SRRM2,darkturquoise
SRRM4,darkturquoise
SRRT,darkturquoise
SS18L1,darkturquoise
SSR3,darkturquoise
SSSCA1,darkturquoise
ST18,darkturquoise
ST3GAL1,darkturquoise
ST6GALNAC5,darkturquoise
STAMBP,darkturquoise
STARD13,darkturquoise
STARD3NL,darkturquoise
STIM2,darkturquoise
STRN3,darkturquoise
STX3,darkturquoise
STXBP5,darkturquoise
SUB1,darkturquoise
SUGT1,darkturquoise
SUOX,darkturquoise
SYNJ1,darkturquoise
SYNM,darkturquoise
TACR2,darkturquoise
TAF9,darkturquoise
TANC2,darkturquoise
TAP2,darkturquoise
TARP,darkturquoise
TARS,darkturquoise
TAS2R38,darkturquoise
TBC1D16,darkturquoise
TBCD,darkturquoise
TCF25,darkturquoise
TCF7L2,darkturquoise
TDG,darkturquoise
TECPR1,darkturquoise
TFCP2L1,darkturquoise
TFRC,darkturquoise
THBS2,darkturquoise
THPO,darkturquoise
THSD7A,darkturquoise
THUMPD2,darkturquoise
TIA1,darkturquoise
TIMM50,darkturquoise
TK2,darkturquoise
TMCO7,darkturquoise
TMED3,darkturquoise
TMED7-TICAM2,darkturquoise
TMEM128,darkturquoise
TMEM134,darkturquoise
TMEM136,darkturquoise
TMEM154,darkturquoise
TMEM179B,darkturquoise
TMEM186,darkturquoise
TMEM200C,darkturquoise
TMEM209,darkturquoise
TMEM217,darkturquoise
TMEM232,darkturquoise
TMEM45A,darkturquoise
TMEM70,darkturquoise
TMTC3,darkturquoise
TNFAIP8L1,darkturquoise
TNIP3,darkturquoise
TNNT3,darkturquoise
TNP1,darkturquoise
TNR,darkturquoise
TNXB,darkturquoise
TOLLIP,darkturquoise
TOM1L2,darkturquoise
TOP1P2,darkturquoise
TOP2B,darkturquoise
TP53INP2,darkturquoise
TP73,darkturquoise
TPD52L1,darkturquoise
TPD52L2,darkturquoise
TPK1,darkturquoise
TPTE,darkturquoise
TRAPPC9,darkturquoise
TRIM10,darkturquoise
TRIM2,darkturquoise
TRIM33,darkturquoise
TRIM60,darkturquoise
TRIM7,darkturquoise
TRIP13,darkturquoise
TRNP1,darkturquoise
TRPV3,darkturquoise
TSG101,darkturquoise
TSGA10IP,darkturquoise
TTBK1,darkturquoise
TTC15,darkturquoise
TTC27,darkturquoise
TTC31,darkturquoise
TTLL11,darkturquoise
TTYH3,darkturquoise
TUB,darkturquoise
TUBA1A,darkturquoise
TUBB,darkturquoise
TUBB2A,darkturquoise
TUBB2B,darkturquoise
TUSC1,darkturquoise
TUSC3,darkturquoise
TUT1,darkturquoise
TWF1,darkturquoise
TYK2,darkturquoise
UBAC1,darkturquoise
UBE2B,darkturquoise
UBE2G1,darkturquoise
UBE2H,darkturquoise
UBE2L6,darkturquoise
UBE3A,darkturquoise
UBL3,darkturquoise
UBP1,darkturquoise
ULK4,darkturquoise
UNC13A,darkturquoise
UNC5C,darkturquoise
UNC84A,darkturquoise
USF2,darkturquoise
USP7,darkturquoise
UVRAG,darkturquoise
VCAN,darkturquoise
VEPH1,darkturquoise
VIPR1,darkturquoise
VPS16,darkturquoise
VPS8,darkturquoise
VSNL1,darkturquoise
VWA5B2,darkturquoise
VWDE,darkturquoise
WASF2,darkturquoise
WDFY2,darkturquoise
WDR55,darkturquoise
WDR5B,darkturquoise
WDR60,darkturquoise
WDR66,darkturquoise
WFIKKN2,darkturquoise
WHSC2,darkturquoise
WIZ,darkturquoise
WSB2,darkturquoise
WSCD1,darkturquoise
YARS2,darkturquoise
YTHDF3,darkturquoise
ZBED5,darkturquoise
ZBTB10,darkturquoise
ZBTB16,darkturquoise
ZC3H13,darkturquoise
ZDHHC16,darkturquoise
ZFAND3,darkturquoise
ZFHX4,darkturquoise
ZFP36L1,darkturquoise
ZFPM2,darkturquoise
ZKSCAN4,darkturquoise
ZNF100,darkturquoise
ZNF14,darkturquoise
ZNF140,darkturquoise
ZNF155,darkturquoise
ZNF165,darkturquoise
ZNF17,darkturquoise
ZNF213,darkturquoise
ZNF280D,darkturquoise
ZNF3,darkturquoise
ZNF323,darkturquoise
ZNF330,darkturquoise
ZNF354C,darkturquoise
ZNF358,darkturquoise
ZNF415,darkturquoise
ZNF467,darkturquoise
ZNF470,darkturquoise
ZNF502,darkturquoise
ZNF510,darkturquoise
ZNF555,darkturquoise
ZNF607,darkturquoise
ZNF608,darkturquoise
ZNF646,darkturquoise
ZNF709,darkturquoise
ZNF740,darkturquoise
ZNF783,darkturquoise
ZNF791,darkturquoise
ZNF8,darkturquoise
ZNF844,darkturquoise
ZNF880,darkturquoise
ZNHIT3,darkturquoise
ZSCAN20,darkturquoise
AARSD1,green
ABCB8,green
ABCC3,green
ABCC4,green
ABCF1,green
ABHD1,green
ABHD12,green
ABI3BP,green
ACCN2,green
ACHE,green
ACOT13,green
ACP6,green
ACTN4,green
ACTR3,green
ADAM22,green
ADAMTS8,green
ADHFE1,green
ADORA1,green
ADORA3,green
ADSS,green
AEBP2,green
AFF1,green
AGL,green
AHCYL2,green
AHI1,green
AIDA,green
AKAP5,green
AKR1B1,green
ALG10B,green
ALG8,green
ALG9,green
ALK,green
ALX3,green
AMN,green
ANAPC7,green
ANKHD1,green
ANKRD16,green
ANKRD24,green
ANKRD35,green
ANO8,green
ANP32A,green
AP3B1,green
AP3B2,green
AP4B1,green
AP4E1,green
AP4S1,green
APH1B,green
API5,green
ARF4,green
ARF5,green
ARGLU1,green
ARHGAP12,green
ARHGAP17,green
ARID1A,green
ARL6IP1,green
ARMC7,green
ARSA,green
ART5,green
ASAP2,green
ASCC2,green
ASNS,green
ASPHD2,green
ASXL2,green
ATAD2B,green
ATAD3A,green
ATAD5,green
ATG10,green
ATG16L2,green
ATG4D,green
ATG9A,green
ATL3,green
ATP1B2,green
ATP5G2,green
ATP5L,green
ATP6V1A,green
ATP6V1E1,green
ATP8B3,green
ATP9B,green
ATRN,green
B4GALT7,green
B9D1,green
BAALC,green
BARX2,green
BAT1,green
BAT3,green
BAZ2A,green
BBS5,green
BCKDHA,green
BCLAF1,green
BCR,green
BEND3,green
BIN3,green
BIRC3,green
BLOC1S2,green
BLZF1,green
BMS1P4,green
BRE,green
BRI3BP,green
BRSK2,green
BTBD11,green
C10ORF131,green
C10ORF18,green
C10ORF27,green
C10ORF55,green
C12ORF35,green
C12ORF42,green
C12ORF52,green
C12ORF72,green
C13ORF38,green
C14ORF133,green
C14ORF149,green
C15ORF58,green
C16ORF35,green
C16ORF70,green
C16ORF71,green
C17ORF62,green
C17ORF95,green
C18ORF19,green
C18ORF22,green
C19ORF10,green
C19ORF2,green
C19ORF28,green
C19ORF62,green
C1ORF123,green
C1ORF194,green
C1ORF213,green
C1ORF230,green
C1QTNF2,green
C20ORF194,green
C20ORF195,green
C20ORF196,green
C20ORF26,green
C2CD4A,green
C2ORF63,green
C2ORF64,green
C2ORF86,green
C3ORF14,green
C3ORF39,green
C3ORF70,green
C3ORF71,green
C4ORF37,green
C4ORF43,green
C6ORF1,green
C6ORF153,green
C6ORF203,green
C7ORF11,green
C7ORF30,green
C8ORF41,green
C9ORF114,green
C9ORF130,green
C9ORF93,green
CABIN1,green
CACHD1,green
CACNG4,green
CAGE1,green
CAPRIN1,green
CAPRIN2,green
CAPSL,green
CASC3,green
CASKIN1,green
CAV1,green
CBL,green
CBLN2,green
CCDC109A,green
CCDC123,green
CCDC134,green
CCDC148,green
CCDC15,green
CCDC157,green
CCDC3,green
CCDC39,green
CCDC61,green
CCDC9,green
CCNA1,green
CCNB2,green
CCND2,green
CCNI,green
CCNJL,green
CCR1,green
CCRN4L,green
CCT6B,green
CCT8,green
CD247,green
CD276,green
CD3G,green
CDC14A,green
CDC7,green
CDK13,green
CDK6,green
CDKL3,green
CDV3,green
CDYL,green
CEBPZ,green
CELSR1,green
CENPC1,green
CENPJ,green
CENPT,green
CEP250,green
CEP57,green
CFL1,green
CHD1L,green
CHEK1,green
CHL1,green
CHMP1B,green
CHRNA9,green
CHST12,green
CIR1,green
CITED4,green
CLCN7,green
CLK1,green
CLPTM1,green
CMTM3,green
CNIH2,green
CNTN1,green
COBL,green
COL13A1,green
COL18A1,green
COL23A1,green
COL5A1,green
COPB1,green
COPS7A,green
COPZ1,green
COQ5,green
COQ7,green
CORO7,green
COX19,green
COX6A1,green
CPAMD8,green
CPE,green
CPNE2,green
CPSF4,green
CREB3,green
CREB3L2,green
CRHR1,green
CRIM1,green
CSNK1A1,green
CSNK2A1,green
CSNK2B,green
CSPP1,green
CTDSP2,green
CTSS,green
CUL2,green
CUTA,green
CWC22,green
CWF19L1,green
CXADR,green
CYB561D1,green
CYB5B,green
CYP1B1,green
CYP2E1,green
DAB2,green
DAXX,green
DAZAP1,green
DCAF5,green
DCBLD2,green
DDI2,green
DDX6,green
DDX60L,green
DENND2C,green
DENND4B,green
DEPDC1,green
DGCR6,green
DGKI,green
DGKQ,green
DHDDS,green
DHX15,green
DHX16,green
DHX33,green
DHX37,green
DHX38,green
DIDO1,green
DLC1,green
DLG4,green
DLGAP1,green
DLX1,green
DMRTA2,green
DMXL2,green
DNAH14,green
DNAJC25,green
DNMT3B,green
DOCK10,green
DPP3,green
DPP7,green
DPYSL5,green
DSE,green
DUSP1,green
DUSP12,green
DUSP6,green
DUSP7,green
DUT,green
DYRK1B,green
DYRK3,green
EBF1,green
ECE1,green
EDEM2,green
EEF1B2,green
EFCAB2,green
EFHC1,green
EFNB2,green
EHD1,green
EHMT2,green
EIF1B,green
EIF2B2,green
EIF3D,green
EIF3H,green
EIF4G3,green
ELAC2,green
ELF2,green
ELL2,green
ELMO1,green
ELOVL5,green
ELOVL6,green
ENO1,green
ENY2,green
EPB41L1,green
EPC1,green
EPDR1,green
EPHA10,green
ERAL1,green
ERCC4,green
EVC,green
EXO1,green
EXOC4,green
EXOSC8,green
EZR,green
F2R,green
FABP5,green
FABP9,green
FAF1,green
FAIM,green
FAM13C,green
FAM178A,green
FAM194A,green
FAM59B,green
FAM65B,green
FAM69A,green
FAM78B,green
FAM82A1,green
FAM98A,green
FANCA,green
FBXL18,green
FBXL7,green
FBXO33,green
FBXO46,green
FBXO6,green
FGF12,green
FGF14,green
FGFBP3,green
FHOD3,green
FIP1L1,green
FITM2,green
FKBP14,green
FLJ16779,green
FLJ32065,green
FLJ40434,green
FLJ45983,green
FLT3,green
FN3KRP,green
FNDC3B,green
FNIP1,green
FOXA2,green
FOXC1,green
FOXO1,green
FOXRED2,green
FRAS1,green
FUZ,green
FYCO1,green
FYTTD1,green
GABARAPL2,green
GABBR1,green
GALNT11,green
GALR1,green
GAN,green
GAPDH,green
GAS1,green
GCN1L1,green
GDF6,green
GEN1,green
GFM1,green
GFOD1,green
GLIPR1L2,green
GM2A,green
GMEB1,green
GNAI2,green
GNAI3,green
GNAO1,green
GNB2,green
GNPAT,green
GOLGA4,green
GORAB,green
GPN3,green
GPR113,green
GPR37,green
GPS2,green
GPSM2,green
GPSM3,green
GRAMD1A,green
GTF2H4,green
GTPBP10,green
GTPBP8,green
GUK1,green
HADH,green
HAGHL,green
HAPLN1,green
HAS2AS,green
HDAC4,green
HEATR2,green
HECW2,green
HEXA,green
HEY1,green
HEY2,green
HIPK1,green
HIST1H1E,green
HIST1H2BG,green
HIST1H3B,green
HIST2H2AC,green
HIST4H4,green
HJURP,green
HLA-F,green
HLTF,green
HM13,green
HMG20A,green
HMGN1,green
HMMR,green
HNRNPC,green
HNRNPD,green
HNRNPF,green
HNRNPUL2,green
HOXC4,green
HPCAL1,green
HS2ST1,green
HSPA4,green
HSPA4L,green
HSPA9,green
HTR5A,green
HYAL2,green
IBTK,green
ICA1L,green
ICAM5,green
IDE,green
IFLTD1,green
IFT52,green
IGF2R,green
ILF2,green
ILKAP,green
ILVBL,green
IMMP2L,green
IMP3,green
INF2,green
INO80C,green
INSM1,green
IPO13,green
IQGAP1,green
IRX3,green
ISY1,green
ITGA1,green
ITPA,green
IVNS1ABP,green
JAKMIP1,green
JAM2,green
JOSD2,green
KATNAL2,green
KCNIP3,green
KCNJ8,green
KCNK6,green
KCNQ4,green
KCNS2,green
KDM2B,green
KDM3B,green
KIAA0040,green
KIAA0586,green
KIAA0754,green
KIAA0907,green
KIAA1310,green
KIAA1429,green
KIAA2018,green
KIAA2026,green
KIF17,green
KIF1B,green
KIN,green
KISS1R,green
KLC4,green
KLF9,green
KLHDC5,green
KLHL17,green
KLHL20,green
KLHL21,green
KPNA2,green
KPTN,green
LDLR,green
LDOC1L,green
LEPR,green
LEPRE1,green
LEPREL2,green
LIN37,green
LIPT2,green
LITAF,green
LOC100009676,green
LOC100128164,green
LOC100129387,green
LOC100129716,green
LOC100129726,green
LOC100133315,green
LOC100306951,green
LOC145783,green
LOC400657,green
LOC401127,green
LOC440356,green
LOC728392,green
LOC728743,green
LOC729156,green
LONP2,green
LONRF1,green
LPPR4,green
LRGUK,green
LRP2,green
LRRC23,green
LRRC41,green
LRRC45,green
LRRC8D,green
LSM4,green
LUZP1,green
LYRM2,green
LYSMD4,green
MAD2L1BP,green
MAEA,green
MAGMAS,green
MAP1B,green
MAP3K7,green
MAP6D1,green
MAPK4,green
MAPKAPK2,green
MAPKAPK3,green
MARCH2,green
MARK2,green
MARS2,green
MARVELD1,green
MATR3,green
MAX,green
MBOAT7,green
MC1R,green
MCFD2,green
MDC1,green
MECR,green
MED19,green
MED21,green
MEOX2,green
MEPCE,green
METAP1,green
MFSD1,green
MFSD5,green
MGC23284,green
MICALL2,green
MIIP,green
MIR2110,green
MIR429,green
MIR611,green
MIR636,green
MLLT3,green
MNX1,green
MON2,green
MPP7,green
MRO,green
MRPL14,green
MRPL33,green
MRPL54,green
MRPS12,green
MRPS17,green
MRPS35,green
MT1X,green
MTG1,green
MTPAP,green
MTR,green
MYCL1,green
MYCNOS,green
MYL12B,green
MYO10,green
MYOC,green
MYOF,green
MYST4,green
N4BP2L1,green
NAALAD2,green
NADK,green
NADSYN1,green
NAGA,green
NAGPA,green
NAPB,green
NAPEPLD,green
NARFL,green
NAT14,green
NCAPG,green
NCK1,green
NCK2,green
NCLN,green
NCOA5,green
NCRNA00169,green
NCRNA00175,green
NDNL2,green
NDRG2,green
NDUFA7,green
NDUFB6,green
NDUFS8,green
NEB,green
NEK10,green
NEK4,green
NEUROD2,green
NFKBIL1,green
NGEF,green
NGLY1,green
NIPA1,green
NKAIN2,green
NKIRAS1,green
NKIRAS2,green
NKTR,green
NLK,green
NLN,green
NMD3,green
NME1,green
NOG,green
NOP56,green
NOTCH4,green
NPAS3,green
NQO2,green
NR3C1,green
NR4A2,green
NRBF2,green
NRD1,green
NRP1,green
NSA2,green
NSMAF,green
NUCKS1,green
NUDCD1,green
NUDCD3,green
NVL,green
NXN,green
OAZ3,green
OCA2,green
OLIG1,green
OPA3,green
OPRM1,green
OR2F2,green
ORC1L,green
OSBPL1A,green
OSBPL9,green
OTOP2,green
OTX1,green
P2RX6,green
PABPC1L,green
PACRGL,green
PAIP1,green
PANK1,green
PANX1,green
PARD3,green
PARD3B,green
PARP16,green
PAX8,green
PCBP1,green
PCDHB6,green
PCDHGA4,green
PCMTD1,green
PCNX,green
PCP4L1,green
PCSK7,green
PCYT1A,green
PDDC1,green
PDE10A,green
PDE4A,green
PDE4D,green
PDE6C,green
PDE7A,green
PDE8B,green
PDIA4,green
PDLIM1,green
PDP1,green
PDSS2,green
PDXK,green
PECR,green
PELI1,green
PERP,green
PFKFB2,green
PFKFB3,green
PFKP,green
PGM2,green
PGP,green
PHC2,green
PHF10,green
PHF20L1,green
PHF7,green
PHKB,green
PIGH,green
PIGS,green
PIH1D2,green
PIP4K2A,green
PIP5KL1,green
PITPNA,green
PITPNC1,green
PIWIL1,green
PLA2G6,green
PLCXD2,green
PLEKHB2,green
PLEKHF2,green
PLEKHO2,green
PLK4,green
PNP,green
PNRC1,green
PNRC2,green
PODNL1,green
POFUT1,green
POLR1C,green
POLR2D,green
POLR2I,green
POLR3H,green
PON1,green
POP1,green
POU3F1,green
POU6F1,green
PPM1A,green
PPM1J,green
PPP1R11,green
PPP1R14C,green
PPP1R15B,green
PPP1R3B,green
PPT2,green
PRDX1,green
PRKAG2,green
PRKCZ,green
PRKG1,green
PRMT6,green
PRPF31,green
PRPF4B,green
PRR3,green
PRR5,green
PRSS27,green
PSIP1,green
PSMB1,green
PSMC5,green
PSMD13,green
PSMD8,green
PTCH1,green
PTGFR,green
PTGFRN,green
PTOV1,green
PTP4A1,green
PTPN2,green
PTPN3,green
PTPRM,green
PTRH2,green
PYGO1,green
QRFPR,green
RAB10,green
RAB11FIP5,green
RAB1B,green
RAB27B,green
RAB33B,green
RAB7A,green
RABL3,green
RABL4,green
RAD1,green
RAD50,green
RADIL,green
RAF1,green
RALGAPA2,green
RANBP9,green
RASA3,green
RASAL2,green
RASD1,green
RASSF4,green
RASSF7,green
RBBP4,green
RBM14,green
RBM26,green
RBM39,green
RBX1,green
RCBTB1,green
RECQL4,green
RERE,green
RETSAT,green
RFX6,green
RG9MTD2,green
RHOBTB1,green
RIOK2,green
RIPK2,green
RNASEH2B,green
RNF150,green
RNF19A,green
RNF19B,green
RNFT1,green
RPF2,green
RPL15,green
RPL18AP3,green
RPL27,green
RPL32,green
RPL36,green
RPP38,green
RPRD2,green
RPS6KB2,green
RPSAP58,green
RPTOR,green
RPUSD4,green
RRM2,green
RRM2B,green
RSL24D1,green
RSRC1,green
RTN1,green
RTN2,green
RXRA,green
SALL1,green
SAV1,green
SBNO2,green
SC4MOL,green
SCRT2,green
SDAD1,green
SDHD,green
SEC11C,green
SEC14L1,green
SEC24B,green
SEC63,green
SEMA4F,green
SEMA7A,green
SENP3,green
SEPHS1,green
SEPT10,green
SEPT11,green
SEPT5,green
SERPINH1,green
SESN3,green
SETMAR,green
SF3A3,green
SFRS15,green
SFRS7,green
SFXN1,green
SGPL1,green
SH3BP4,green
SHISA4,green
SIAE,green
SIRT7,green
SKAP2,green
SKI,green
SLC12A6,green
SLC16A1,green
SLC19A1,green
SLC19A2,green
SLC25A11,green
SLC25A17,green
SLC25A37,green
SLC30A1,green
SLC30A4,green
SLC30A5,green
SLC33A1,green
SLC35D3,green
SLC38A2,green
SLC38A9,green
SLC39A10,green
SLC3A2,green
SLC41A1,green
SLC43A2,green
SLC4A1AP,green
SLC5A7,green
SLC7A1,green
SMARCA2,green
SMARCD2,green
SMYD3,green
SNHG3-RCC1,green
SNORD94,green
SNRNP200,green
SNRNP27,green
SNRPG,green
SNTB1,green
SNTG2,green
SNW1,green
SORCS1,green
SORT1,green
SOX21,green
SP1,green
SP3,green
SPAG1,green
SPATA13,green
SPATA24,green
SPRYD4,green
SPTY2D1,green
SRF,green
SRI,green
SRPK1,green
SSSCA1,green
ST3GAL5,green
STAM,green
STAMBPL1,green
STARD10,green
STARD13,green
STARD9,green
STAT5B,green
STOX2,green
STRAP,green
STRN,green
STRN4,green
STX3,green
STX4,green
STX7,green
SUCLG1,green
SULT1A1,green
SUPT6H,green
SYCE2,green
SYT1,green
SYVN1,green
TACR1,green
TAF6L,green
TAF7,green
TAPBP,green
TARBP2,green
TATDN1,green
TATDN3,green
TBC1D5,green
TBPL1,green
TESC,green
TFCP2,green
TGFBR1,green
THADA,green
THAP2,green
THG1L,green
TIA1,green
TIMM17A,green
TIMM9,green
TIMP2,green
TM6SF1,green
TMCO1,green
TMED1,green
TMEM11,green
TMEM132E,green
TMEM143,green
TMEM14A,green
TMEM161A,green
TMEM192,green
TMEM206,green
TMEM214,green
TMEM216,green
TMEM22,green
TMEM229B,green
TMEM231,green
TMEM48,green
TMEM51,green
TMEM52,green
TMEM55B,green
TMEM63A,green
TMEM67,green
TMEM80,green
TMX4,green
TNKS,green
TNKS1BP1,green
TNRC18,green
TNRC6A,green
TNRC6B,green
TOP1MT,green
TPP2,green
TPX2,green
TRADD,green
TRAM1,green
TRAM1L1,green
TRAPPC1,green
TRIM13,green
TRIM25,green
TRIM26,green
TRIM37,green
TRIP4,green
TRPC4,green
TRPC4AP,green
TRPM7,green
TSG101,green
TSHR,green
TSPAN13,green
TSSC1,green
TTC1,green
TTC31,green
TTC32,green
TTC39C,green
TTL,green
TUBA1C,green
TUBB,green
TUSC2,green
TXN2,green
TXNDC15,green
TXNDC5,green
TXNDC6,green
TYSND1,green
TYW1,green
UBA3,green
UBAC2,green
UBE2I,green
UBE2S,green
UBE2V1,green
UBL5,green
UBP1,green
UBR2,green
UEVLD,green
UFSP1,green
UGGT2,green
UNC5C,green
USP12,green
UTF1,green
UTP23,green
VAC14,green
VAX2,green
VCP,green
VIM,green
VPS28,green
VPS37A,green
VPS37D,green
VPS8,green
VTI1B,green
VWA3B,green
WBP11,green
WBSCR27,green
WDR1,green
WDR26,green
WDR37,green
WDR51B,green
WDR77,green
WDR90,green
WDR93,green
WEE1,green
WHSC2,green
WIPF1,green
WIPI1,green
WNK1,green
WNT4,green
WRNIP1,green
XPNPEP1,green
XRRA1,green
YJEFN3,green
YKT6,green
YTHDF3,green
ZAN,green
ZAR1,green
ZBTB1,green
ZBTB4,green
ZBTB45,green
ZC3H12C,green
ZEB2,green
ZFP41,green
ZFYVE21,green
ZFYVE26,green
ZFYVE28,green
ZMIZ1,green
ZNF141,green
ZNF143,green
ZNF16,green
ZNF174,green
ZNF197,green
ZNF215,green
ZNF219,green
ZNF230,green
ZNF248,green
ZNF282,green
ZNF300,green
ZNF324,green
ZNF335,green
ZNF345,green
ZNF346,green
ZNF354B,green
ZNF37B,green
ZNF394,green
ZNF425,green
ZNF426,green
ZNF443,green
ZNF461,green
ZNF526,green
ZNF527,green
ZNF532,green
ZNF557,green
ZNF563,green
ZNF599,green
ZNF639,green
ZNF652,green
ZNF681,green
ZNF682,green
ZNF684,green
ZNF688,green
ZNF691,green
ZNF783,green
ZNF805,green
ZNF828,green
ZNF846,green
ZNRD1,green
ZSWIM2,green
ZZZ3,green
ABCD2,greenyellow
ABCF1,greenyellow
ABLIM3,greenyellow
ACADM,greenyellow
ACCN2,greenyellow
ACHE,greenyellow
ACIN1,greenyellow
ACLY,greenyellow
ACOX3,greenyellow
ACP1,greenyellow
ACTB,greenyellow
ACTR10,greenyellow
ACTR3,greenyellow
ACVR1B,greenyellow
ADAMTS15,greenyellow
ADAMTS2,greenyellow
ADAMTSL4,greenyellow
ADARB2,greenyellow
ADIPOR2,greenyellow
ADPRH,greenyellow
ADSL,greenyellow
AFAP1,greenyellow
AGA,greenyellow
AGBL4,greenyellow
AIMP1,greenyellow
AK3L1,greenyellow
ALAD,greenyellow
ALDH1A3,greenyellow
AMPD3,greenyellow
ANAPC11,greenyellow
ANK3,greenyellow
ANKRD11,greenyellow
ANKRD29,greenyellow
ANKRD33B,greenyellow
ANP32E,greenyellow
AP1S1,greenyellow
AP2M1,greenyellow
AP3D1,greenyellow
APBA1,greenyellow
APCDD1,greenyellow
APOA1BP,greenyellow
ARG2,greenyellow
ARHGEF10,greenyellow
ARHGEF7,greenyellow
ARL2BP,greenyellow
ARL4A,greenyellow
ARL6IP1,greenyellow
ARL9,greenyellow
ARRDC4,greenyellow
ART3,greenyellow
ARVCF,greenyellow
ASAH1,greenyellow
ASB1,greenyellow
ASB8,greenyellow
ASCL2,greenyellow
ASTN1,greenyellow
ATAD3A,greenyellow
ATAD5,greenyellow
ATCAY,greenyellow
ATE1,greenyellow
ATF3,greenyellow
ATP10D,greenyellow
ATP11A,greenyellow
ATP13A2,greenyellow
ATP1A1,greenyellow
ATP5O,greenyellow
ATP5S,greenyellow
ATP5SL,greenyellow
ATP6V1C1,greenyellow
ATP8B2,greenyellow
ATPIF1,greenyellow
AZIN1,greenyellow
BACE2,greenyellow
BAD,greenyellow
BAHCC1,greenyellow
BAI3,greenyellow
BAIAP2,greenyellow
BAK1,greenyellow
BBC3,greenyellow
BCKDHA,greenyellow
BCL6,greenyellow
BCS1L,greenyellow
BIK,greenyellow
BLCAP,greenyellow
BLMH,greenyellow
BMPR1B,greenyellow
BRD2,greenyellow
BRD8,greenyellow
BRF1,greenyellow
BRUNOL4,greenyellow
BSX,greenyellow
BTBD11,greenyellow
BTBD9,greenyellow
BTN3A3,greenyellow
BUB1B,greenyellow
BUD13,greenyellow
C10ORF75,greenyellow
C10ORF93,greenyellow
C11ORF34,greenyellow
C12ORF45,greenyellow
C12ORF48,greenyellow
C12ORF57,greenyellow
C12ORF65,greenyellow
C12ORF72,greenyellow
C12ORF73,greenyellow
C13ORF23,greenyellow
C13ORF34,greenyellow
C14ORF104,greenyellow
C14ORF159,greenyellow
C14ORF19,greenyellow
C14ORF70,greenyellow
C15ORF27,greenyellow
C15ORF59,greenyellow
C17ORF79,greenyellow
C17ORF85,greenyellow
C18ORF8,greenyellow
C19ORF24,greenyellow
C19ORF36,greenyellow
C19ORF44,greenyellow
C19ORF63,greenyellow
C1ORF113,greenyellow
C1ORF156,greenyellow
C1ORF25,greenyellow
C1ORF51,greenyellow
C1ORF58,greenyellow
C1ORF96,greenyellow
C20ORF111,greenyellow
C20ORF177,greenyellow
C20ORF96,greenyellow
C22ORF34,greenyellow
C2ORF15,greenyellow
C2ORF29,greenyellow
C3ORF17,greenyellow
C3ORF25,greenyellow
C3ORF26,greenyellow
C3ORF39,greenyellow
C3ORF64,greenyellow
C4ORF46,greenyellow
C5ORF38,greenyellow
C5ORF44,greenyellow
C5ORF56,greenyellow
C6ORF129,greenyellow
C6ORF136,greenyellow
C6ORF174,greenyellow
C6ORF192,greenyellow
C6ORF217,greenyellow
C6ORF25,greenyellow
C6ORF47,greenyellow
C6ORF52,greenyellow
C7ORF27,greenyellow
C7ORF41,greenyellow
C8ORF38,greenyellow
CAB39,greenyellow
CAB39L,greenyellow
CABP1,greenyellow
CADM1,greenyellow
CADM4,greenyellow
CALM3,greenyellow
CAMK2D,greenyellow
CAMKK1,greenyellow
CAMTA1,greenyellow
CAND2,greenyellow
CANT1,greenyellow
CANX,greenyellow
CAPN8,greenyellow
CASC3,greenyellow
CAST,greenyellow
CAV1,greenyellow
CBFA2T2,greenyellow
CBX3,greenyellow
CCAR1,greenyellow
CCDC106,greenyellow
CCDC12,greenyellow
CCDC25,greenyellow
CCDC53,greenyellow
CCNB1,greenyellow
CCNH,greenyellow
CCNT2,greenyellow
CCNY,greenyellow
CCPG1,greenyellow
CD164,greenyellow
CD63,greenyellow
CD82,greenyellow
CDADC1,greenyellow
CDC37L1,greenyellow
CDC6,greenyellow
CDK13,greenyellow
CDK15,greenyellow
CDK7,greenyellow
CDKAL1,greenyellow
CDKN2C,greenyellow
CDNF,greenyellow
CEP164,greenyellow
CEP55,greenyellow
CHAF1A,greenyellow
CHFR,greenyellow
CHMP1B,greenyellow
CHRM2,greenyellow
CHURC1,greenyellow
CLCN7,greenyellow
CLSPN,greenyellow
CLSTN2,greenyellow
CNBP,greenyellow
CNIH,greenyellow
CNR1,greenyellow
CNRIP1,greenyellow
COG8,greenyellow
COL25A1,greenyellow
COMTD1,greenyellow
COPS4,greenyellow
COTL1,greenyellow
COX17,greenyellow
CPNE2,greenyellow
CPPED1,greenyellow
CREBZF,greenyellow
CRTAP,greenyellow
CRTC2,greenyellow
CRYZ,greenyellow
CSMD1,greenyellow
CSMD2,greenyellow
CSNK2A1,greenyellow
CTAGE5,greenyellow
CTBP2,greenyellow
CTBS,greenyellow
CTDSP1,greenyellow
CTNND2,greenyellow
CTXN3,greenyellow
CUX2,greenyellow
CYP2B6,greenyellow
DAB2,greenyellow
DAPK3,greenyellow
DAXX,greenyellow
DCAF17,greenyellow
DCLK2,greenyellow
DCPS,greenyellow
DCTD,greenyellow
DDX41,greenyellow
DDX42,greenyellow
DDX60L,greenyellow
DEAF1,greenyellow
DGKA,greenyellow
DGKZ,greenyellow
DHPS,greenyellow
DHRS7,greenyellow
DHX29,greenyellow
DHX35,greenyellow
DHX58,greenyellow
DICER1,greenyellow
DIXDC1,greenyellow
DKFZP434H168,greenyellow
DKK2,greenyellow
DLEU1,greenyellow
DLG4,greenyellow
DNAH12,greenyellow
DNAJB12,greenyellow
DNAJC30,greenyellow
DOPEY1,greenyellow
DPF1,greenyellow
DPPA3,greenyellow
DSCAML1,greenyellow
DUSP11,greenyellow
DYNLL1,greenyellow
DYNLL2,greenyellow
DYNLT1,greenyellow
DYRK4,greenyellow
EBF1,greenyellow
EBF2,greenyellow
EBF3,greenyellow
EFCAB5,greenyellow
EFCAB6,greenyellow
EGFLAM,greenyellow
EGFR,greenyellow
EHD2,greenyellow
EHMT1,greenyellow
EIF2AK2,greenyellow
EIF2C2,greenyellow
EIF3A,greenyellow
EIF3D,greenyellow
ELOF1,greenyellow
ELOVL5,greenyellow
EML4,greenyellow
EMX2,greenyellow
ENHO,greenyellow
ENSA,greenyellow
ENTPD4,greenyellow
ENTPD6,greenyellow
ENTPD7,greenyellow
EPC1,greenyellow
EPHB2,greenyellow
EPM2A,greenyellow
EPN1,greenyellow
ERBB2IP,greenyellow
ERCC3,greenyellow
ERI2,greenyellow
ERMAP,greenyellow
ESD,greenyellow
ESRRA,greenyellow
ESYT1,greenyellow
ETV2,greenyellow
ETV5,greenyellow
EVI5L,greenyellow
FAM102B,greenyellow
FAM104A,greenyellow
FAM126B,greenyellow
FAM155A,greenyellow
FAM47E,greenyellow
FAM55C,greenyellow
FAM63B,greenyellow
FAM76B,greenyellow
FAM84B,greenyellow
FAM98B,greenyellow
FANCF,greenyellow
FBXL15,greenyellow
FBXL18,greenyellow
FBXL2,greenyellow
FBXO24,greenyellow
FBXO5,greenyellow
FBXO6,greenyellow
FBXO7,greenyellow
FBXO8,greenyellow
FBXO9,greenyellow
FBXW4,greenyellow
FEM1C,greenyellow
FEZF1,greenyellow
FGF12,greenyellow
FLRT2,greenyellow
FMNL1,greenyellow
FMNL2,greenyellow
FMNL3,greenyellow
FNDC3B,greenyellow
FOSB,greenyellow
FOXF1,greenyellow
FOXG1,greenyellow
FOXO3,greenyellow
G2E3,greenyellow
GAB1,greenyellow
GABBR1,greenyellow
GABRB1,greenyellow
GADD45B,greenyellow
GAK,greenyellow
GALM,greenyellow
GALNT2,greenyellow
GALR2,greenyellow
GCLC,greenyellow
GDA,greenyellow
GDE1,greenyellow
GDF9,greenyellow
GDI2,greenyellow
GEMIN5,greenyellow
GGNBP2,greenyellow
GGPS1,greenyellow
GLRA3,greenyellow
GLUL,greenyellow
GNAI2,greenyellow
GNL2,greenyellow
GON4L,greenyellow
GPC6,greenyellow
GPI,greenyellow
GPN3,greenyellow
GPR108,greenyellow
GPR149,greenyellow
GPR177,greenyellow
GPR78,greenyellow
GPR83,greenyellow
GPS1,greenyellow
GPX5,greenyellow
GRB2,greenyellow
GREB1L,greenyellow
GRHL2,greenyellow
GRK4,greenyellow
GRM1,greenyellow
GSTA4,greenyellow
GTF2E2,greenyellow
GTF2H4,greenyellow
GTF3C1,greenyellow
GTPBP1,greenyellow
GTPBP10,greenyellow
GUCY1A2,greenyellow
H2AFV,greenyellow
H3F3B,greenyellow
HADH,greenyellow
HARS,greenyellow
HAT1,greenyellow
HBM,greenyellow
HBXIP,greenyellow
HCCA2,greenyellow
HCN1,greenyellow
HDAC2,greenyellow
HDAC4,greenyellow
HEXIM1,greenyellow
HIF3A,greenyellow
HINT3,greenyellow
HIST1H2AE,greenyellow
HIST1H2AM,greenyellow
HIST1H2BB,greenyellow
HIVEP2,greenyellow
HLA-C,greenyellow
HLA-DPA1,greenyellow
HLA-DPB2,greenyellow
HNRNPF,greenyellow
HNRNPM,greenyellow
HNRPA1L-2,greenyellow
HOXA3,greenyellow
HOXB4,greenyellow
HRNR,greenyellow
HSD17B12,greenyellow
HSP90AB1,greenyellow
HSPB1,greenyellow
HSPH1,greenyellow
ICAM5,greenyellow
ICK,greenyellow
IFRD2,greenyellow
IFT52,greenyellow
IGFBP3,greenyellow
IGSF21,greenyellow
IL17RD,greenyellow
IL18R1,greenyellow
IL23R,greenyellow
ILF2,greenyellow
IMMP2L,greenyellow
IMPACT,greenyellow
IMPG1,greenyellow
INCA1,greenyellow
ING5,greenyellow
INTS3,greenyellow
IRAK1BP1,greenyellow
ISG20,greenyellow
ISM2,greenyellow
ITGB1,greenyellow
JUND,greenyellow
KALRN,greenyellow
KBTBD11,greenyellow
KCNF1,greenyellow
KCNJ8,greenyellow
KCTD21,greenyellow
KCTD7,greenyellow
KDELR1,greenyellow
KDM5A,greenyellow
KHDRBS1,greenyellow
KIAA0146,greenyellow
KIAA0892,greenyellow
KIAA1026,greenyellow
KIF13B,greenyellow
KIF23,greenyellow
KIF3A,greenyellow
KIF5C,greenyellow
KIFC1,greenyellow
KLC4,greenyellow
KLHL11,greenyellow
KLHL28,greenyellow
KMO,greenyellow
KPNB1,greenyellow
LAMB2,greenyellow
LANCL1,greenyellow
LAP3,greenyellow
LEPR,greenyellow
LMAN2L,greenyellow
LMBRD2,greenyellow
LOC100129716,greenyellow
LOC100134229,greenyellow
LOC100287718,greenyellow
LOC387763,greenyellow
LOC400657,greenyellow
LOC729082,greenyellow
LONRF2,greenyellow
LPCAT1,greenyellow
LPHN2,greenyellow
LPO,greenyellow
LRP11,greenyellow
LRPAP1,greenyellow
LRRC16A,greenyellow
LRRC27,greenyellow
LRRC28,greenyellow
LRRC8B,greenyellow
LRRK1,greenyellow
LRTOMT,greenyellow
LUC7L3,greenyellow
LYSMD2,greenyellow
M6PR,greenyellow
MAD1L1,greenyellow
MAGI1,greenyellow
MAGI2,greenyellow
MAML3,greenyellow
MAP1S,greenyellow
MAP2K7,greenyellow
MAP3K1,greenyellow
MAP3K13,greenyellow
MAP3K3,greenyellow
MAPK1,greenyellow
MAPK14,greenyellow
MAPK4,greenyellow
MAPK8,greenyellow
MATN1,greenyellow
MBNL2,greenyellow
MCCC2,greenyellow
MCPH1,greenyellow
MED10,greenyellow
MED21,greenyellow
MEMO1,greenyellow
MEPCE,greenyellow
MGC23284,greenyellow
MGC2752,greenyellow
MIA3,greenyellow
MIB1,greenyellow
MIER1,greenyellow
MIR613,greenyellow
MLEC,greenyellow
MLF2,greenyellow
MLL,greenyellow
MMAB,greenyellow
MOGAT3,greenyellow
MORC3,greenyellow
MORN1,greenyellow
MORN4,greenyellow
MPPE1,greenyellow
MRAS,greenyellow
MRGPRF,greenyellow
MRP63,greenyellow
MRPL36,greenyellow
MRPS18B,greenyellow
MRPS25,greenyellow
MRPS27,greenyellow
MRPS30,greenyellow
MRPS33,greenyellow
MRPS35,greenyellow
MSI1,greenyellow
MSX2,greenyellow
MTERF,greenyellow
MTFR1,greenyellow
MTIF3,greenyellow
MTL5,greenyellow
MTMR9,greenyellow
MTP18,greenyellow
MTX3,greenyellow
MUC5B,greenyellow
MYADML2,greenyellow
MYBBP1A,greenyellow
MYL12B,greenyellow
MYO10,greenyellow
MYO1B,greenyellow
MYO1C,greenyellow
MYPN,greenyellow
MYT1L,greenyellow
N4BP1,greenyellow
NAA16,greenyellow
NAA35,greenyellow
NANOS3,greenyellow
NAPB,greenyellow
NASP,greenyellow
NAT15,greenyellow
NBL1,greenyellow
NBR2,greenyellow
NCLN,greenyellow
NCOA5,greenyellow
NCOR2,greenyellow
NCRNA00081,greenyellow
NCSTN,greenyellow
NDNL2,greenyellow
NDUFB1,greenyellow
NDUFS4,greenyellow
NEBL,greenyellow
NECAB1,greenyellow
NECAB3,greenyellow
NEDD9,greenyellow
NEK7,greenyellow
NF1,greenyellow
NFATC1,greenyellow
NFATC3,greenyellow
NFKBIL1,greenyellow
NGEF,greenyellow
NID1,greenyellow
NKX2-1,greenyellow
NME1,greenyellow
NOC4L,greenyellow
NOL4,greenyellow
NOL7,greenyellow
NOS1AP,greenyellow
NPAS3,greenyellow
NQO2,greenyellow
NR6A1,greenyellow
NRIP1,greenyellow
NRM,greenyellow
NSMCE1,greenyellow
NSMCE2,greenyellow
NT5E,greenyellow
NTN1,greenyellow
NUDCD1,greenyellow
NUDT22,greenyellow
NUMA1,greenyellow
NUP210,greenyellow
OR5H6,greenyellow
ORMDL2,greenyellow
OSBPL5,greenyellow
OSBPL8,greenyellow
OTX1,greenyellow
OXGR1,greenyellow
P2RX2,greenyellow
P2RX6,greenyellow
PACRGL,greenyellow
PAFAH2,greenyellow
PARD6G,greenyellow
PARK2,greenyellow
PARL,greenyellow
PARP11,greenyellow
PARP16,greenyellow
PASK,greenyellow
PAX2,greenyellow
PBX2,greenyellow
PCDH20,greenyellow
PCDHA2,greenyellow
PCDHGA4,greenyellow
PCIF1,greenyellow
PCSK5,greenyellow
PCSK6,greenyellow
PDCD4,greenyellow
PDE8A,greenyellow
PDGFC,greenyellow
PDIA6,greenyellow
PDX1,greenyellow
PELI2,greenyellow
PF4,greenyellow
PFDN6,greenyellow
PFKP,greenyellow
PGAP2,greenyellow
PGM3,greenyellow
PGRMC2,greenyellow
PICALM,greenyellow
PIP5K1A,greenyellow
PIP5K1C,greenyellow
PITPNC1,greenyellow
PLEKHA2,greenyellow
PLEKHA5,greenyellow
PLEKHG1,greenyellow
PLIN3,greenyellow
PLOD3,greenyellow
PMP22,greenyellow
PMS2L3,greenyellow
PNLDC1,greenyellow
PNPLA8,greenyellow
POLR1C,greenyellow
POLR1E,greenyellow
POLR2E,greenyellow
PPAT,greenyellow
PPCDC,greenyellow
PPIG,greenyellow
PPM1D,greenyellow
PPM1G,greenyellow
PPM1H,greenyellow
PPP1CC,greenyellow
PPP1R11,greenyellow
PPP1R15B,greenyellow
PPP1R9A,greenyellow
PPP2CA,greenyellow
PPP2R5C,greenyellow
PPP2R5D,greenyellow
PPT2,greenyellow
PRDM16,greenyellow
PRDM4,greenyellow
PRELP,greenyellow
PRKAB2,greenyellow
PRKAR1B,greenyellow
PRKAR2B,greenyellow
PRKCH,greenyellow
PRKD2,greenyellow
PROL1,greenyellow
PRPF18,greenyellow
PSMA5,greenyellow
PSMB5,greenyellow
PSMD1,greenyellow
PSMG4,greenyellow
PSPH,greenyellow
PSRC1,greenyellow
PTCH1,greenyellow
PTGER4,greenyellow
PTGR2,greenyellow
PTH1R,greenyellow
PTH2R,greenyellow
PTN,greenyellow
PTPN12,greenyellow
PTPRK,greenyellow
PTPRN2,greenyellow
PTRH2,greenyellow
PUS1,greenyellow
PVRL3,greenyellow
PWWP2A,greenyellow
PYCRL,greenyellow
PYGO2,greenyellow
RAB1B,greenyellow
RAB30,greenyellow
RAB3C,greenyellow
RABEP2,greenyellow
RAD18,greenyellow
RAD51L1,greenyellow
RAG2,greenyellow
RANBP3,greenyellow
RAPGEF2,greenyellow
RAPGEF5,greenyellow
RASGEF1A,greenyellow
RASSF4,greenyellow
RBBP4,greenyellow
RBM39,greenyellow
RBM9,greenyellow
RCOR3,greenyellow
RDH10,greenyellow
RDH11,greenyellow
RECK,greenyellow
RECQL5,greenyellow
RERE,greenyellow
REXO2,greenyellow
RGL1,greenyellow
RGMA,greenyellow
RGS12,greenyellow
RHOU,greenyellow
RICTOR,greenyellow
RNF14,greenyellow
RNF150,greenyellow
RNF152,greenyellow
RNF160,greenyellow
RNF187,greenyellow
RNF207,greenyellow
RNF216,greenyellow
RNF43,greenyellow
RNFT1,greenyellow
RP1L1,greenyellow
RPAP1,greenyellow
RPGRIP1L,greenyellow
RPL22,greenyellow
RPL24,greenyellow
RPL27,greenyellow
RPL37,greenyellow
RPS21,greenyellow
RPS27L,greenyellow
RPS3A,greenyellow
RPS6KA2,greenyellow
RRP15,greenyellow
RTCD1,greenyellow
RTN4,greenyellow
RTN4RL1,greenyellow
RUFY2,greenyellow
RUNDC3B,greenyellow
RUNX2,greenyellow
SACM1L,greenyellow
SART3,greenyellow
SC4MOL,greenyellow
SCAMP1,greenyellow
SCFD2,greenyellow
SCN1B,greenyellow
SCRIB,greenyellow
SDC2,greenyellow
SDK1,greenyellow
SDR39U1,greenyellow
SEC23A,greenyellow
SELK,greenyellow
SEMA3B,greenyellow
SEMA6A,greenyellow
SEMA6B,greenyellow
SEMA7A,greenyellow
SENP2,greenyellow
SEPT5,greenyellow
SEPW1,greenyellow
SERF2,greenyellow
SERPINB1,greenyellow
SERPINE2,greenyellow
SESN1,greenyellow
SESN2,greenyellow
SETD1B,greenyellow
SETD3,greenyellow
SF1,greenyellow
SFRP2,greenyellow
SFRS11,greenyellow
SFRS12,greenyellow
SFRS18,greenyellow
SGMS2,greenyellow
SGTA,greenyellow
SH2B3,greenyellow
SH3BP5L,greenyellow
SHC3,greenyellow
SHFM1,greenyellow
SHH,greenyellow
SHISA4,greenyellow
SHISA9,greenyellow
SIL1,greenyellow
SIM1,greenyellow
SIPA1,greenyellow
SIRT5,greenyellow
SKI,greenyellow
SLBP,greenyellow
SLC10A7,greenyellow
SLC12A9,greenyellow
SLC16A10,greenyellow
SLC16A9,greenyellow
SLC20A2,greenyellow
SLC22A16,greenyellow
SLC22A23,greenyellow
SLC25A38,greenyellow
SLC2A9,greenyellow
SLC32A1,greenyellow
SLC38A10,greenyellow
SLC40A1,greenyellow
SLC4A8,greenyellow
SLC7A6,greenyellow
SLC7A8,greenyellow
SLC8A3,greenyellow
SLCO2A1,greenyellow
SLFN5,greenyellow
SLITRK1,greenyellow
SMC3,greenyellow
SNAI1,greenyellow
SNAP23,greenyellow
SNAPC1,greenyellow
SND1,greenyellow
SNF8,greenyellow
SNHG12,greenyellow
SNORD115-15,greenyellow
SNORD15A,greenyellow
SNRNP25,greenyellow
SNRPA1,greenyellow
SNTB2,greenyellow
SNW1,greenyellow
SNX27,greenyellow
SOCS2,greenyellow
SORCS3,greenyellow
SOX13,greenyellow
SOX4,greenyellow
SPATA2,greenyellow
SPATA5L1,greenyellow
SPC24,greenyellow
SPIRE1,greenyellow
SPOCK2,greenyellow
SPRYD4,greenyellow
SR140,greenyellow
SRBD1,greenyellow
SREBF2,greenyellow
SRP54,greenyellow
SSH1,greenyellow
SSR1,greenyellow
SSU72,greenyellow
ST3GAL2,greenyellow
ST7L,greenyellow
STAT5B,greenyellow
STK17B,greenyellow
STOX2,greenyellow
STRN3,greenyellow
STX12,greenyellow
SUCLA2,greenyellow
SUDS3,greenyellow
SVIL,greenyellow
SYCE1L,greenyellow
SYNE1,greenyellow
SYT5,greenyellow
TADA1,greenyellow
TAF10,greenyellow
TAF1C,greenyellow
TAF2,greenyellow
TAF4,greenyellow
TANC1,greenyellow
TASP1,greenyellow
TAX1BP1,greenyellow
TBC1D1,greenyellow
TBC1D14,greenyellow
TBC1D5,greenyellow
TBCCD1,greenyellow
TBCD,greenyellow
TBP,greenyellow
TBX15,greenyellow
TBX18,greenyellow
TCERG1,greenyellow
TCF25,greenyellow
TCF3,greenyellow
TCF7L2,greenyellow
TCFL5,greenyellow
TCHP,greenyellow
TCTA,greenyellow
TCTE1,greenyellow
TECR,greenyellow
TEP1,greenyellow
TET2,greenyellow
TFDP1,greenyellow
TGFBR3,greenyellow
THRAP3,greenyellow
THSD4,greenyellow
TKT,greenyellow
TMCC3,greenyellow
TMEM127,greenyellow
TMEM132B,greenyellow
TMEM149,greenyellow
TMEM170A,greenyellow
TMEM179B,greenyellow
TMEM184C,greenyellow
TMEM192,greenyellow
TMEM194A,greenyellow
TMEM20,greenyellow
TMEM208,greenyellow
TMEM25,greenyellow
TMEM5,greenyellow
TMEM61,greenyellow
TMEM93,greenyellow
TMEM97,greenyellow
TMTC2,greenyellow
TNXB,greenyellow
TOM1L1,greenyellow
TOMM20,greenyellow
TOMM6,greenyellow
TPO,greenyellow
TPPP,greenyellow
TRAPPC1,greenyellow
TRAPPC4,greenyellow
TRAPPC9,greenyellow
TRERF1,greenyellow
TRIB2,greenyellow
TRIM40,greenyellow
TRIM68,greenyellow
TRIM8,greenyellow
TRIP10,greenyellow
TRIP13,greenyellow
TRIT1,greenyellow
TRNP1,greenyellow
TRPC6,greenyellow
TRPV1,greenyellow
TSC2,greenyellow
TSHZ1,greenyellow
TSNARE1,greenyellow
TSNAX-DISC1,greenyellow
TSPAN2,greenyellow
TSPYL1,greenyellow
TTBK1,greenyellow
TTBK2,greenyellow
TTC1,greenyellow
TTC17,greenyellow
TUBA1C,greenyellow
TUBGCP5,greenyellow
TXNIP,greenyellow
TYW3,greenyellow
U2AF2,greenyellow
UACA,greenyellow
UBE2C,greenyellow
UBE2G1,greenyellow
UBE2J1,greenyellow
UBE3A,greenyellow
UBLCP1,greenyellow
UBR2,greenyellow
UCK2,greenyellow
UFC1,greenyellow
UMPS,greenyellow
UNKL,greenyellow
UQCRFS1,greenyellow
USP15,greenyellow
USP40,greenyellow
USP48,greenyellow
USP7,greenyellow
VAMP2,greenyellow
VAMP3,greenyellow
VGLL4,greenyellow
VPS26A,greenyellow
VPS37B,greenyellow
VPS37C,greenyellow
VPS8,greenyellow
VSTM2A,greenyellow
VWC2L,greenyellow
WBP2NL,greenyellow
WBSCR17,greenyellow
WBSCR27,greenyellow
WDFY1,greenyellow
WDR19,greenyellow
WDR27,greenyellow
WDR33,greenyellow
WDR37,greenyellow
WDR60,greenyellow
WDYHV1,greenyellow
WHSC2,greenyellow
WNK1,greenyellow
WNK4,greenyellow
WWP2,greenyellow
XAB2,greenyellow
XKR9,greenyellow
XPO4,greenyellow
YEATS4,greenyellow
YPEL2,greenyellow
YPEL5,greenyellow
ZBTB16,greenyellow
ZBTB24,greenyellow
ZBTB7A,greenyellow
ZC3H11A,greenyellow
ZC3H13,greenyellow
ZCCHC14,greenyellow
ZCCHC3,greenyellow
ZFAND3,greenyellow
ZFP36L1,greenyellow
ZFR,greenyellow
ZFYVE27,greenyellow
ZHX2,greenyellow
ZIC1,greenyellow
ZIC4,greenyellow
ZMAT2,greenyellow
ZNF114,greenyellow
ZNF133,greenyellow
ZNF141,greenyellow
ZNF16,greenyellow
ZNF187,greenyellow
ZNF202,greenyellow
ZNF229,greenyellow
ZNF330,greenyellow
ZNF384,greenyellow
ZNF385D,greenyellow
ZNF398,greenyellow
ZNF410,greenyellow
ZNF418,greenyellow
ZNF451,greenyellow
ZNF462,greenyellow
ZNF501,greenyellow
ZNF507,greenyellow
ZNF517,greenyellow
ZNF542,greenyellow
ZNF563,greenyellow
ZNF642,greenyellow
ZNF643,greenyellow
ZNF660,greenyellow
ZNF667,greenyellow
ZNF688,greenyellow
ZNF706,greenyellow
ZNF709,greenyellow
ZNF780A,greenyellow
ZNF783,greenyellow
ZNF93,greenyellow
ZYX,greenyellow
ABCA13,grey60
ABCC5,grey60
ABHD12,grey60
ABHD5,grey60
ACADM,grey60
ACBD7,grey60
ACOX3,grey60
ACPL2,grey60
ACSM1,grey60
ACTBL2,grey60
ACTG1,grey60
ACTR3C,grey60
ADAMTS13,grey60
ADAMTS3,grey60
ADAMTS8,grey60
ADCY1,grey60
ADD2,grey60
ADD3,grey60
ADIPOR1,grey60
AFF3,grey60
AFG3L2,grey60
AGPAT9,grey60
AHRR,grey60
AIM1,grey60
AKD1,grey60
ALDH9A1,grey60
ALG14,grey60
ALG3,grey60
ALKBH3,grey60
ALOX5,grey60
ALS2CR8,grey60
AMD1,grey60
AMIGO2,grey60
ANAPC5,grey60
ANK1,grey60
ANKRD26,grey60
ANKRD39,grey60
ANKS1B,grey60
ANO1,grey60
ANP32E,grey60
ANXA5,grey60
APLF,grey60
APLP2,grey60
APOBEC2,grey60
APOBEC4,grey60
ARC,grey60
ARHGAP29,grey60
ARHGEF10,grey60
ARHGEF12,grey60
ARID5B,grey60
ARL15,grey60
ARL2BP,grey60
ARL4D,grey60
ARMC1,grey60
ARMC2,grey60
ARMC5,grey60
ARMC8,grey60
ARPC1B,grey60
ARTN,grey60
AS3MT,grey60
ASAP1,grey60
ASB18,grey60
ASH2L,grey60
ATHL1,grey60
ATM,grey60
ATP10A,grey60
ATP4A,grey60
ATP5G1,grey60
ATP5J,grey60
ATP6V0C,grey60
ATP6V1B2,grey60
ATP6V1C1,grey60
ATP8B4,grey60
ATPBD4,grey60
ATRNL1,grey60
AURKAIP1,grey60
B3GNT2,grey60
BAI3,grey60
BANP,grey60
BARX2,grey60
BAT3,grey60
BBS1,grey60
BCL10,grey60
BCL11A,grey60
BCL2L12,grey60
BEND6,grey60
BICD1,grey60
BMP5,grey60
BNIP3,grey60
BOD1,grey60
BRD2,grey60
BRI3BP,grey60
BRUNOL4,grey60
BRWD1,grey60
BSX,grey60
BTBD11,grey60
BTBD7,grey60
BTG1,grey60
BTN2A2,grey60
C10ORF107,grey60
C10ORF110,grey60
C10ORF114,grey60
C10ORF140,grey60
C11ORF10,grey60
C11ORF60,grey60
C11ORF63,grey60
C11ORF66,grey60
C11ORF74,grey60
C12ORF35,grey60
C12ORF45,grey60
C12ORF47,grey60
C12ORF56,grey60
C12ORF76,grey60
C13ORF38,grey60
C14ORF104,grey60
C15ORF33,grey60
C16ORF67,grey60
C17ORF42,grey60
C19ORF47,grey60
C19ORF57,grey60
C19ORF75,grey60
C1ORF124,grey60
C1ORF159,grey60
C1ORF162,grey60
C1ORF173,grey60
C1ORF200,grey60
C1ORF228,grey60
C1ORF57,grey60
C1ORF69,grey60
C20ORF30,grey60
C21ORF2,grey60
C22ORF28,grey60
C22ORF39,grey60
C2ORF70,grey60
C3,grey60
C3ORF21,grey60
C3ORF38,grey60
C4ORF22,grey60
C4ORF27,grey60
C4ORF3,grey60
C5ORF13,grey60
C6ORF142,grey60
C6ORF147,grey60
C6ORF150,grey60
C6ORF165,grey60
C6ORF192,grey60
C6ORF35,grey60
C6ORF72,grey60
C7ORF13,grey60
C7ORF28A,grey60
C7ORF31,grey60
C7ORF46,grey60
C7ORF50,grey60
C7ORF61,grey60
C8ORF41,grey60
C8ORF42,grey60
C8ORF45,grey60
C8ORF51,grey60
C8ORF73,grey60
C8ORF79,grey60
C9ORF125,grey60
C9ORF25,grey60
C9ORF40,grey60
C9ORF95,grey60
CA10,grey60
CAB39,grey60
CACHD1,grey60
CACNB4,grey60
CADM1,grey60
CADM4,grey60
CAMKV,grey60
CAMTA1,grey60
CAND1,grey60
CAPN2,grey60
CASZ1,grey60
CBFA2T2,grey60
CBX8,grey60
CBY1,grey60
CCAR1,grey60
CCDC117,grey60
CCDC132,grey60
CCDC144NL,grey60
CCDC42,grey60
CCDC51,grey60
CCDC88C,grey60
CCDC93,grey60
CCDC99,grey60
CCK,grey60
CCNA2,grey60
CCT8,grey60
CD38,grey60
CDC6,grey60
CDH10,grey60
CDK5R1,grey60
CDKAL1,grey60
CEBPG,grey60
CENPV,grey60
CGB7,grey60
CGRRF1,grey60
CHCHD8,grey60
CHD5,grey60
CHFR,grey60
CHID1,grey60
CHMP2B,grey60
CHMP4A,grey60
CHN2,grey60
CHRNA7,grey60
CHST15,grey60
CHST5,grey60
CIR1,grey60
CIRBP,grey60
CLCN3,grey60
CLCNKA,grey60
CLDN3,grey60
CLIP4,grey60
CLOCK,grey60
CLPS,grey60
CLSPN,grey60
CLSTN1,grey60
CNIH3,grey60
CNOT4,grey60
CNTLN,grey60
COASY,grey60
COG1,grey60
COL4A1,grey60
COL8A1,grey60
COL9A2,grey60
COQ2,grey60
COQ3,grey60
COQ5,grey60
COX6A2,grey60
COX7A2L,grey60
CPLX1,grey60
CPNE5,grey60
CPOX,grey60
CRADD,grey60
CREB3L2,grey60
CRIM1,grey60
CRIP2,grey60
CRP,grey60
CSDE1,grey60
CSK,grey60
CTBP2,grey60
CTBS,grey60
CTNNAL1,grey60
CTNND2,grey60
CTR9,grey60
CUL3,grey60
CYB5D2,grey60
CYP2U1,grey60
DAGLA,grey60
DAK,grey60
DAXX,grey60
DBC1,grey60
DCLK2,grey60
DCLRE1C,grey60
DCUN1D5,grey60
DDAH1,grey60
DDRGK1,grey60
DDX19B,grey60
DDX42,grey60
DEC1,grey60
DECR2,grey60
DEDD2,grey60
DEM1,grey60
DENND1A,grey60
DHRS7,grey60
DHX34,grey60
DIDO1,grey60
DIRC3,grey60
DIS3,grey60
DKFZP686I15217,grey60
DLL4,grey60
DMTF1,grey60
DNAH17,grey60
DNAH6,grey60
DNAH9,grey60
DNAJA1,grey60
DNAJB2,grey60
DNAJC1,grey60
DNAJC8,grey60
DNAL4,grey60
DNER,grey60
DRD4,grey60
DSC2,grey60
DST,grey60
DTNA,grey60
DUSP16,grey60
DUSP19,grey60
DUSP22,grey60
DUT,grey60
DYM,grey60
DYNC1I2,grey60
DYNC1LI2,grey60
EBF2,grey60
EDEM1,grey60
EDEM3,grey60
EDNRB,grey60
EEF1DP3,grey60
EFNB2,grey60
EHBP1,grey60
EHMT2,grey60
EI24,grey60
EID3,grey60
EIF2B4,grey60
EIF3B,grey60
EIF3H,grey60
EIF4E,grey60
EIF4E1B,grey60
EIF4G3,grey60
EIF5A,grey60
EIF5B,grey60
ELAVL4,grey60
ELMO1,grey60
ELMOD2,grey60
ELOF1,grey60
ENKUR,grey60
ENOX1,grey60
ENSA,grey60
EP400,grey60
EPAS1,grey60
EPHA5,grey60
EPHB4,grey60
EPS8L1,grey60
ERO1L,grey60
ESYT1,grey60
ESYT2,grey60
ETAA1,grey60
ETV5,grey60
EXD3,grey60
EXOC4,grey60
EXOC7,grey60
EXOG,grey60
EYA3,grey60
EZH1,grey60
FAIM2,grey60
FAM103A1,grey60
FAM117A,grey60
FAM131A,grey60
FAM160B2,grey60
FAM174A,grey60
FAM186A,grey60
FAM20B,grey60
FAM36A,grey60
FAM46C,grey60
FAM53B,grey60
FAM73B,grey60
FAM82B,grey60
FAM83E,grey60
FAM84A,grey60
FAM8A1,grey60
FAM92A3,grey60
FAM96A,grey60
FARS2,grey60
FAT3,grey60
FBXL13,grey60
FBXL4,grey60
FBXL5,grey60
FBXL6,grey60
FBXL7,grey60
FBXO32,grey60
FBXO42,grey60
FCHO2,grey60
FER1L6,grey60
FEZF2,grey60
FGD3,grey60
FGFBP3,grey60
FGFR2,grey60
FH,grey60
FHIT,grey60
FIGLA,grey60
FILIP1,grey60
FKBP3,grey60
FKBP5,grey60
FKBP9,grey60
FKRP,grey60
FLI1,grey60
FLJ33360,grey60
FLJ39653,grey60
FLJ42709,grey60
FMNL2,grey60
FN1,grey60
FN3K,grey60
FOSL2,grey60
FOXN3,grey60
FOXP1,grey60
FOXP4,grey60
FRAS1,grey60
FRK,grey60
FRMD4A,grey60
FSIP1,grey60
FTSJD1,grey60
FUBP1,grey60
FUCA1,grey60
GAD1,grey60
GADD45GIP1,grey60
GAK,grey60
GALNT9,grey60
GANAB,grey60
GAS2,grey60
GBA,grey60
GCSH,grey60
GDA,grey60
GDPD4,grey60
GEM,grey60
GFRA1,grey60
GIMAP1,grey60
GIMAP6,grey60
GJA4,grey60
GJB2,grey60
GLCCI1,grey60
GLI4,grey60
GLIPR1L1,grey60
GLIS3,grey60
GLRX2,grey60
GLS,grey60
GLUL,grey60
GMDS,grey60
GMFG,grey60
GNA12,grey60
GNAI3,grey60
GNAQ,grey60
GNG12,grey60
GNPDA1,grey60
GORASP1,grey60
GORASP2,grey60
GP6,grey60
GPAM,grey60
GPBP1,grey60
GPR123,grey60
GPR133,grey60
GPR160,grey60
GPR177,grey60
GPR180,grey60
GPR19,grey60
GPR85,grey60
GPSM3,grey60
GPX5,grey60
GRB10,grey60
GREB1,grey60
GRIA1,grey60
GRID2,grey60
GRK4,grey60
GRM1,grey60
GRM4,grey60
GRM8,grey60
GSK3B,grey60
GTF2F1,grey60
GTF2I,grey60
GTPBP10,grey60
HACE1,grey60
HACL1,grey60
HAGH,grey60
HAX1,grey60
HDLBP,grey60
HEATR6,grey60
HECTD1,grey60
HELLS,grey60
HELT,grey60
HEMK1,grey60
HES7,grey60
HESX1,grey60
HEXIM2,grey60
HEY1,grey60
HFE2,grey60
HIBADH,grey60
HIGD1A,grey60
HIPK2,grey60
HISPPD1,grey60
HIST1H2AB,grey60
HIST1H2BG,grey60
HIST1H2BH,grey60
HIST2H2AB,grey60
HK1,grey60
HLA-DMA,grey60
HLA-DPA1,grey60
HLA-DQA2,grey60
HLA-E,grey60
HLA-J,grey60
HLA-L,grey60
HM13,grey60
HNRNPH1,grey60
HNRNPUL1,grey60
HNRNPUL2,grey60
HOPX,grey60
HOXB13,grey60
HOXC4,grey60
HOXD1,grey60
HRASLS5,grey60
HSF2,grey60
HSP90AB1,grey60
HSP90AB4P,grey60
HSPA2,grey60
HTR3E,grey60
HUNK,grey60
HYAL3,grey60
HYDIN,grey60
HYOU1,grey60
ICK,grey60
IFIT1,grey60
IFT80,grey60
IGF1R,grey60
IGF2BP2,grey60
IGF2R,grey60
IGFBP3,grey60
IGSF9B,grey60
IKZF1,grey60
IKZF5,grey60
IL17RC,grey60
IL17RD,grey60
ILF2,grey60
INA,grey60
ING1,grey60
INSIG1,grey60
INTS6,grey60
INTU,grey60
IP6K3,grey60
IPMK,grey60
IQCC,grey60
IQSEC3,grey60
IRF3,grey60
IRX5,grey60
ITPR1,grey60
JAK2,grey60
JARID2,grey60
JPH2,grey60
JUN,grey60
KANK4,grey60
KAZALD1,grey60
KBTBD3,grey60
KCNG4,grey60
KCNIP2,grey60
KCNK17,grey60
KCNK5,grey60
KCNN2,grey60
KCNQ1,grey60
KDM2B,grey60
KDM3A,grey60
KDM4C,grey60
KDR,grey60
KIAA0101,grey60
KIAA0182,grey60
KIAA0664,grey60
KIAA0776,grey60
KIAA1257,grey60
KIAA1370,grey60
KIAA1522,grey60
KIAA1549,grey60
KIAA1586,grey60
KIAA1671,grey60
KIAA1841,grey60
KIAA1908,grey60
KIAA1984,grey60
KIF13B,grey60
KIF9,grey60
KL,grey60
KLC2,grey60
KLF6,grey60
KLHDC1,grey60
KLHL20,grey60
KLHL24,grey60
KLK15,grey60
KLKBL4,grey60
KRBA1,grey60
KRT24,grey60
KRTAP19-8,grey60
LAMB4,grey60
LARP7,grey60
LARS,grey60
LBH,grey60
LBR,grey60
LCE1B,grey60
LDLRAD3,grey60
LEF1,grey60
LGR5,grey60
LHFPL5,grey60
LHPP,grey60
LIPE,grey60
LNPEP,grey60
LOC100130015,grey60
LOC100130274,grey60
LOC100133893,grey60
LOC100288730,grey60
LOC100302640,grey60
LOC143666,grey60
LOC221710,grey60
LOC253724,grey60
LOC282997,grey60
LOC285696,grey60
LOC338799,grey60
LOC375196,grey60
LOC440925,grey60
LOC642587,grey60
LOC645323,grey60
LOC84989,grey60
LPP,grey60
LRCH3,grey60
LRFN2,grey60
LRFN5,grey60
LRGUK,grey60
LRP11,grey60
LRP4,grey60
LRRFIP2,grey60
LRSAM1,grey60
LSM3,grey60
LSM5,grey60
LSM6,grey60
LSR,grey60
LTA4H,grey60
LTBP1,grey60
LUZP1,grey60
LY6G5C,grey60
LYRM7,grey60
LYSMD3,grey60
LZTS2,grey60
MACROD2,grey60
MAD1L1,grey60
MAFK,grey60
MAGI2,grey60
MAML3,grey60
MAN2A1,grey60
MANEA,grey60
MAP2,grey60
MAP3K11,grey60
MAP4K4,grey60
MAP6,grey60
MAPRE2,grey60
MARCH8,grey60
MATN4,grey60
MBLAC2,grey60
MBNL2,grey60
MBTPS1,grey60
MCCC2,grey60
MCF2L,grey60
MCM10,grey60
MCOLN2,grey60
MCPH1,grey60
MDH2,grey60
MDK,grey60
MDP1,grey60
ME2,grey60
ME3,grey60
METTL9,grey60
MGMT,grey60
MIB2,grey60
MIR548H3,grey60
MIR548H4,grey60
MIR548N,grey60
MIR632,grey60
MLLT10,grey60
MMD2,grey60
MMEL1,grey60
MOSPD3,grey60
MOV10,grey60
MRAS,grey60
MRE11A,grey60
MRGPRG,grey60
MRI1,grey60
MRPL21,grey60
MRPL3,grey60
MRPL43,grey60
MRPL50,grey60
MRPS18B,grey60
MRPS27,grey60
MRPS28,grey60
MSI2,grey60
MSR1,grey60
MSRA,grey60
MT2A,grey60
MTA1,grey60
MTO1,grey60
MTOR,grey60
MTPAP,grey60
MUC21,grey60
MUC6,grey60
MUS81,grey60
MYADML,grey60
MYB,grey60
MYH15,grey60
MYH2,grey60
MYLIP,grey60
MYO15A,grey60
MYO18A,grey60
MYO5B,grey60
MYRIP,grey60
NAA25,grey60
NAA38,grey60
NAPA,grey60
NAPRT1,grey60
NAT14,grey60
NAV2,grey60
NCAPH,grey60
NCLN,grey60
NCRNA00171,grey60
NDC80,grey60
NDFIP2,grey60
NDUFAF4,grey60
NEFM,grey60
NEGR1,grey60
NF1,grey60
NFE2L3,grey60
NFKB2,grey60
NFRKB,grey60
NFXL1,grey60
NFYA,grey60
NFYC,grey60
NHEDC2,grey60
NINJ1,grey60
NKX6-2,grey60
NLRC5,grey60
NME1,grey60
NPR2,grey60
NQO2,grey60
NR1D2,grey60
NR4A3,grey60
NRIP1,grey60
NRXN1,grey60
NSD1,grey60
NT5C1B,grey60
NT5DC2,grey60
NTNG2,grey60
NUDT22,grey60
NUMBL,grey60
NUP210L,grey60
ODZ3,grey60
ODZ4,grey60
OPA1,grey60
OR1A1,grey60
OR51F2,grey60
OR6C3,grey60
OR8D4,grey60
OSBPL7,grey60
OTOF,grey60
OTX1,grey60
OXR1,grey60
P2RX2,grey60
P2RX4,grey60
P4HTM,grey60
PACRG,grey60
PAG1,grey60
PAPSS2,grey60
PAQR8,grey60
PARP2,grey60
PASK,grey60
PCCA,grey60
PCOLCE2,grey60
PDE6C,grey60
PDGFRA,grey60
PDIA3,grey60
PDLIM1,grey60
PDLIM2,grey60
PDZK1,grey60
PECAM1,grey60
PELI2,grey60
PEX7,grey60
PGAM1,grey60
PGAP1,grey60
PGAP2,grey60
PHF17,grey60
PHKG2,grey60
PI4KA,grey60
PIGG,grey60
PIGK,grey60
PIK3R1,grey60
PINX1,grey60
PIP5K1A,grey60
PITX3,grey60
PLAC8,grey60
PLD3,grey60
PLEKHA2,grey60
PLEKHA4,grey60
PLEKHA5,grey60
PLEKHM2,grey60
PLK5P,grey60
PLXDC2,grey60
PNLIPRP2,grey60
PNMT,grey60
PNN,grey60
PNP,grey60
POLDIP3,grey60
POLI,grey60
POLR2E,grey60
POLR3A,grey60
POR,grey60
POU2F1,grey60
PPAPDC2,grey60
PPIL4,grey60
PPL,grey60
PPM1D,grey60
PPM1G,grey60
PPOX,grey60
PPP1R11,grey60
PPP1R16B,grey60
PPP1R3C,grey60
PPP2R2C,grey60
PPP2R5D,grey60
PPT2,grey60
PRDM11,grey60
PRDM16,grey60
PRDM2,grey60
PRDM5,grey60
PRDX3,grey60
PRICKLE1,grey60
PRIM1,grey60
PRKAG1,grey60
PRKAG2,grey60
PRMT1,grey60
PRMT5,grey60
PROM2,grey60
PRR19,grey60
PRR23B,grey60
PRR24,grey60
PRRG4,grey60
PSMA5,grey60
PSMB1,grey60
PSMB3,grey60
PSMB8,grey60
PSMB9,grey60
PSMD8,grey60
PSME2,grey60
PSORS1C1,grey60
PTGFR,grey60
PTK2,grey60
PTK2B,grey60
PTPN12,grey60
PTPN2,grey60
PTPRN2,grey60
PTPRT,grey60
PUF60,grey60
PURG,grey60
PUS7,grey60
PVALB,grey60
PVT1,grey60
PXDN,grey60
PXK,grey60
PXMP4,grey60
PXT1,grey60
PYGO2,grey60
QDPR,grey60
QRICH1,grey60
R3HDM1,grey60
RAB15,grey60
RAB23,grey60
RAB3GAP1,grey60
RABL3,grey60
RAD21L1,grey60
RAPGEF4,grey60
RARB,grey60
RASGRP3,grey60
RASSF4,grey60
RASSF8,grey60
RBL2,grey60
RBM25,grey60
RBM39,grey60
RBM8A,grey60
RBPJ,grey60
RCCD1,grey60
RCN3,grey60
RECQL4,grey60
REN,grey60
RFC4,grey60
RFX2,grey60
RFX7,grey60
RGL1,grey60
RGL2,grey60
RHBDF2,grey60
RHOC,grey60
RIMS1,grey60
RMND5B,grey60
RNASEK,grey60
RNF152,grey60
RNF170,grey60
RNF182,grey60
RNF208,grey60
RNPC3,grey60
RNU11,grey60
RNU12,grey60
ROBO3,grey60
ROR2,grey60
RP5-1022P6.2,grey60
RPAIN,grey60
RPAP3,grey60
RPGRIP1,grey60
RPL8,grey60
RPRD2,grey60
RPS14,grey60
RPS24,grey60
RPS6KA1,grey60
RPS6KA2,grey60
RPTOR,grey60
RSPO2,grey60
RSRC2,grey60
RTEL1,grey60
RTF1,grey60
RTN3,grey60
SAP18,grey60
SART1,grey60
SBNO2,grey60
SC5DL,grey60
SCARF2,grey60
SCN3B,grey60
SCRN1,grey60
SCYL1,grey60
SCYL3,grey60
SDHAP3,grey60
SDK1,grey60
SEC1,grey60
SEC23IP,grey60
SEC61G,grey60
SEMA3E,grey60
SENP2,grey60
SENP5,grey60
SEP15,grey60
SEPT9,grey60
SESTD1,grey60
SETBP1,grey60
SETMAR,grey60
SF1,grey60
SF3B3,grey60
SF3B5,grey60
SFRS12IP1,grey60
SFRS13A,grey60
SFRS4,grey60
SFXN1,grey60
SGCE,grey60
SGMS1,grey60
SGSM1,grey60
SGSM3,grey60
SH3GLB1,grey60
SH3RF3,grey60
SHANK2,grey60
SHCBP1,grey60
SIGLEC15,grey60
SIGMAR1,grey60
SIK1,grey60
SIPA1,grey60
SKINTL,grey60
SLAIN1,grey60
SLC15A4,grey60
SLC25A36,grey60
SLC25A37,grey60
SLC25A4,grey60
SLC26A11,grey60
SLC30A1,grey60
SLC30A9,grey60
SLC33A1,grey60
SLC35B4,grey60
SLC43A1,grey60
SLC4A4,grey60
SLC6A12,grey60
SLC6A20,grey60
SLC9A3R2,grey60
SLCO1A2,grey60
SLCO4A1,grey60
SLITRK5,grey60
SLTM,grey60
SMAD4,grey60
SMAGP,grey60
SMARCA4,grey60
SMCHD1,grey60
SMG7,grey60
SMOC2,grey60
SMUG1,grey60
SMYD3,grey60
SNAPC1,grey60
SNHG6,grey60
SNORD104,grey60
SNORD27,grey60
SNORD50B,grey60
SNORD58A,grey60
SNRPD2,grey60
SNTB1,grey60
SNX4,grey60
SPAG7,grey60
SPATA5L1,grey60
SPATA6,grey60
SPATS2L,grey60
SPDYC,grey60
SPOPL,grey60
SPPL2A,grey60
SPRED2,grey60
SPRR2F,grey60
SPRY4,grey60
SPTLC2,grey60
SRF,grey60
SRGAP3,grey60
SRP68,grey60
SSBP1,grey60
ST14,grey60
ST3GAL2,grey60
ST6GALNAC3,grey60
ST7,grey60
ST8SIA4,grey60
STAP2,grey60
STK11IP,grey60
STK32C,grey60
STOML2,grey60
STRN,grey60
STRN3,grey60
STX1A,grey60
STXBP6,grey60
STYXL1,grey60
SUB1,grey60
SUPV3L1,grey60
SVEP1,grey60
SYCP2L,grey60
SYNPO2,grey60
SYT1,grey60
SYT6,grey60
SYTL1,grey60
TACC1,grey60
TAF3,grey60
TAF4B,grey60
TAF9,grey60
TALDO1,grey60
TAP2,grey60
TAPBP,grey60
TBC1D1,grey60
TBC1D16,grey60
TBC1D22B,grey60
TBC1D8,grey60
TBCA,grey60
TBCD,grey60
TBK1,grey60
TBL2,grey60
TBRG1,grey60
TCEB3,grey60
TCF7L2,grey60
TCP1,grey60
TCTN1,grey60
TDG,grey60
TDRD12,grey60
TDRD3,grey60
TERF2,grey60
TET2,grey60
TEX10,grey60
TEX12,grey60
TFAP2A,grey60
TGFB1,grey60
THAP8,grey60
THBS1,grey60
THBS2,grey60
THNSL2,grey60
THRB,grey60
THSD1P,grey60
TIMM8B,grey60
TIRAP,grey60
TJP1,grey60
TLCD2,grey60
TLE1,grey60
TLE4,grey60
TLX2,grey60
TMBIM6,grey60
TMC3,grey60
TMC4,grey60
TMCO6,grey60
TMEM104,grey60
TMEM110,grey60
TMEM128,grey60
TMEM132C,grey60
TMEM132D,grey60
TMEM14A,grey60
TMEM155,grey60
TMEM167B,grey60
TMEM169,grey60
TMEM175,grey60
TMEM185B,grey60
TMEM20,grey60
TMEM57,grey60
TMEM63A,grey60
TMEM63C,grey60
TMEM65,grey60
TMEM68,grey60
TMEM90A,grey60
TMPO,grey60
TMX1,grey60
TNFAIP8,grey60
TNFRSF10B,grey60
TNK1,grey60
TNKS2,grey60
TNNI3,grey60
TNXB,grey60
TOLLIP,grey60
TOM1L1,grey60
TOMM7,grey60
TOX3,grey60
TPH2,grey60
TPPP,grey60
TPST1,grey60
TRAK2,grey60
TRIB1,grey60
TRIM26,grey60
TRIM27,grey60
TRIM39,grey60
TRIM67,grey60
TRIM75,grey60
TRIO,grey60
TRIP4,grey60
TRMT61B,grey60
TROAP,grey60
TRPC6,grey60
TRPM1,grey60
TRPS1,grey60
TRPV1,grey60
TRRAP,grey60
TSC22D1,grey60
TSFM,grey60
TSGA14,grey60
TSLP,grey60
TSPAN12,grey60
TSPAN5,grey60
TSPYL5,grey60
TSSC4,grey60
TSTA3,grey60
TTBK1,grey60
TTLL4,grey60
TTYH3,grey60
TUBE1,grey60
TULP1,grey60
TULP3,grey60
TUSC2,grey60
TWF1,grey60
TXN2,grey60
TXNL4A,grey60
TXNL4B,grey60
TXNRD1,grey60
U2AF1,grey60
UBAC2,grey60
UBE2D3,grey60
UBE2I,grey60
UBE2Q2,grey60
UBE4A,grey60
UBL3,grey60
UBL7,grey60
UBN1,grey60
UBR4,grey60
UCHL3,grey60
UHRF1,grey60
UHRF1BP1,grey60
UMODL1,grey60
UNC5B,grey60
UROD,grey60
USH2A,grey60
USP12,grey60
USP36,grey60
USP49,grey60
UST,grey60
VAMP1,grey60
VAMP5,grey60
VAMP8,grey60
VAPB,grey60
VASH1,grey60
VGLL4,grey60
VIPR2,grey60
VNN3,grey60
VPS11,grey60
VPS24,grey60
VPS8,grey60
VSTM2A,grey60
VTRNA1-1,grey60
VWDE,grey60
WASL,grey60
WBSCR27,grey60
WDR51A,grey60
WDR62,grey60
WDR65,grey60
WDR89,grey60
WDR91,grey60
WIF1,grey60
WIPF1,grey60
WIPF2,grey60
WIPI2,grey60
WTAP,grey60
WWOX,grey60
XKR5,grey60
XPO5,grey60
XRCC1,grey60
YPEL3,grey60
YPEL5,grey60
ZBTB40,grey60
ZBTB45,grey60
ZBTB8B,grey60
ZC3H11A,grey60
ZC3H13,grey60
ZDHHC21,grey60
ZDHHC3,grey60
ZFP36L1,grey60
ZFP42,grey60
ZFPM1,grey60
ZFYVE1,grey60
ZFYVE26,grey60
ZHX2,grey60
ZKSCAN4,grey60
ZMAT2,grey60
ZMYM5,grey60
ZNF169,grey60
ZNF181,grey60
ZNF219,grey60
ZNF224,grey60
ZNF227,grey60
ZNF229,grey60
ZNF233,grey60
ZNF295,grey60
ZNF302,grey60
ZNF324B,grey60
ZNF350,grey60
ZNF354C,grey60
ZNF433,grey60
ZNF480,grey60
ZNF487,grey60
ZNF492,grey60
ZNF496,grey60
ZNF512,grey60
ZNF546,grey60
ZNF574,grey60
ZNF593,grey60
ZNF605,grey60
ZNF619,grey60
ZNF628,grey60
ZNF644,grey60
ZNF649,grey60
ZNF655,grey60
ZNF688,grey60
ZNF713,grey60
ZNF740,grey60
ZNF763,grey60
ZNF777,grey60
ZNF780A,grey60
ZNF83,grey60
ZNF876P,grey60
ZSCAN1,grey60
ZSCAN12L1,grey60
ZSWIM7,grey60
ZYG11B,grey60
ZYX,grey60
ZZZ3,grey60
A2M,lightcyan
AACS,lightcyan
ABCB6,lightcyan
ABHD15,lightcyan
ABHD2,lightcyan
ABLIM2,lightcyan
ABRA,lightcyan
ACACA,lightcyan
ACCN4,lightcyan
ACP6,lightcyan
ACSF3,lightcyan
ACSL3,lightcyan
ACSS3,lightcyan
ACTG1,lightcyan
ACTR3,lightcyan
ADAM17,lightcyan
ADAMTS10,lightcyan
ADAMTSL4,lightcyan
ADAT1,lightcyan
ADCY2,lightcyan
ADCY4,lightcyan
ADD2,lightcyan
ADRB2,lightcyan
ADRB3,lightcyan
AFAP1L1,lightcyan
AFF1,lightcyan
AFMID,lightcyan
AGFG1,lightcyan
AGXT2L2,lightcyan
AK3L1,lightcyan
AK7,lightcyan
AKAP13,lightcyan
AKAP8,lightcyan
AKT1S1,lightcyan
AKTIP,lightcyan
ALDH4A1,lightcyan
ALDOA,lightcyan
ALG12,lightcyan
ALG8,lightcyan
ALOXE3,lightcyan
ALS2,lightcyan
ALS2CR4,lightcyan
AMFR,lightcyan
ANAPC13,lightcyan
ANAPC5,lightcyan
ANKRD22,lightcyan
ANKRD26,lightcyan
ANKRD34A,lightcyan
ANKS1A,lightcyan
ANP32B,lightcyan
ANXA7,lightcyan
AOX1,lightcyan
AP1AR,lightcyan
AP1M2,lightcyan
APH1A,lightcyan
APH1B,lightcyan
APLP1,lightcyan
APOA1BP,lightcyan
ARFGAP2,lightcyan
ARFGEF1,lightcyan
ARHGAP21,lightcyan
ARHGEF10L,lightcyan
ARHGEF12,lightcyan
ARHGEF2,lightcyan
ARHGEF7,lightcyan
ARIH1,lightcyan
ARL4D,lightcyan
ARL8A,lightcyan
ARMC9,lightcyan
ARPC3,lightcyan
ARPP19,lightcyan
ARSB,lightcyan
ARSJ,lightcyan
ASAH1,lightcyan
ASAP1,lightcyan
ASB18,lightcyan
ASH2L,lightcyan
ASPSCR1,lightcyan
ATAD1,lightcyan
ATF7IP,lightcyan
ATG16L1,lightcyan
ATG2A,lightcyan
ATG5,lightcyan
ATOH8,lightcyan
ATP13A1,lightcyan
ATP2B4,lightcyan
ATP5A1,lightcyan
ATP5B,lightcyan
ATP5C1,lightcyan
ATP6V0B,lightcyan
ATP6V0C,lightcyan
ATP6V1H,lightcyan
ATP8B3,lightcyan
ATPIF1,lightcyan
ATRNL1,lightcyan
AVPI1,lightcyan
AVPR1A,lightcyan
AZIN1,lightcyan
B3GALT1,lightcyan
B3GNT2,lightcyan
B4GALNT2,lightcyan
B4GALT3,lightcyan
B4GALT7,lightcyan
BACE1,lightcyan
BACH2,lightcyan
BAI2,lightcyan
BAT2,lightcyan
BAT5,lightcyan
BCL11B,lightcyan
BCL2L1,lightcyan
BCL2L11,lightcyan
BCL2L2,lightcyan
BCLAF1,lightcyan
BDH2,lightcyan
BEND5,lightcyan
BLCAP,lightcyan
BMPER,lightcyan
BMPR1B,lightcyan
BMPR2,lightcyan
BNC2,lightcyan
BRCA1,lightcyan
BRD2,lightcyan
BRDT,lightcyan
BRE,lightcyan
BRI3,lightcyan
BRI3BP,lightcyan
BRUNOL6,lightcyan
BRWD1,lightcyan
BSCL2,lightcyan
BSG,lightcyan
BTBD10,lightcyan
BTBD11,lightcyan
BTBD12,lightcyan
BZW1,lightcyan
BZW2,lightcyan
C10ORF114,lightcyan
C10ORF25,lightcyan
C10ORF27,lightcyan
C10ORF84,lightcyan
C11ORF57,lightcyan
C11ORF65,lightcyan
C11ORF71,lightcyan
C11ORF80,lightcyan
C12ORF27,lightcyan
C12ORF34,lightcyan
C12ORF49,lightcyan
C12ORF66,lightcyan
C16ORF35,lightcyan
C17ORF44,lightcyan
C17ORF49,lightcyan
C17ORF57,lightcyan
C17ORF68,lightcyan
C17ORF90,lightcyan
C18ORF22,lightcyan
C19ORF26,lightcyan
C19ORF28,lightcyan
C19ORF40,lightcyan
C19ORF48,lightcyan
C19ORF57,lightcyan
C19ORF60,lightcyan
C1ORF135,lightcyan
C1ORF144,lightcyan
C1ORF156,lightcyan
C1ORF187,lightcyan
C1ORF198,lightcyan
C1ORF220,lightcyan
C1ORF25,lightcyan
C1ORF31,lightcyan
C1ORF58,lightcyan
C1QTNF2,lightcyan
C20ORF108,lightcyan
C20ORF20,lightcyan
C20ORF26,lightcyan
C20ORF29,lightcyan
C20ORF3,lightcyan
C21ORF45,lightcyan
C22ORF30,lightcyan
C22ORF40,lightcyan
C22ORF9,lightcyan
C2CD2L,lightcyan
C2ORF3,lightcyan
C2ORF44,lightcyan
C3ORF21,lightcyan
C3ORF55,lightcyan
C3ORF57,lightcyan
C3ORF63,lightcyan
C4ORF3,lightcyan
C4ORF48,lightcyan
C5ORF44,lightcyan
C5ORF52,lightcyan
C6ORF115,lightcyan
C6ORF122,lightcyan
C6ORF174,lightcyan
C6ORF47,lightcyan
C6ORF48,lightcyan
C7ORF27,lightcyan
C7ORF4,lightcyan
C7ORF49,lightcyan
C7ORF50,lightcyan
C7ORF63,lightcyan
C8ORF37,lightcyan
C8ORF71,lightcyan
C9ORF114,lightcyan
C9ORF78,lightcyan
C9ORF80,lightcyan
C9ORF96,lightcyan
CACNA1A,lightcyan
CACNA1E,lightcyan
CACNA1G,lightcyan
CACNA1I,lightcyan
CALM2,lightcyan
CALR,lightcyan
CAMKK2,lightcyan
CAND2,lightcyan
CAPRIN1,lightcyan
CAPZA1,lightcyan
CARKD,lightcyan
CASC5,lightcyan
CASP2,lightcyan
CAV1,lightcyan
CBARA1,lightcyan
CBLB,lightcyan
CBLN4,lightcyan
CBR4,lightcyan
CCDC101,lightcyan
CCDC117,lightcyan
CCDC130,lightcyan
CCDC134,lightcyan
CCDC163P,lightcyan
CCDC18,lightcyan
CCDC41,lightcyan
CCDC45,lightcyan
CCDC51,lightcyan
CCDC52,lightcyan
CCDC65,lightcyan
CCDC69,lightcyan
CCDC85B,lightcyan
CCDC90B,lightcyan
CCDC94,lightcyan
CCDC99,lightcyan
CCKBR,lightcyan
CCM2,lightcyan
CCND3,lightcyan
CCNI,lightcyan
CD63,lightcyan
CD81,lightcyan
CDC14A,lightcyan
CDC42BPB,lightcyan
CDC42EP4,lightcyan
CDCA4,lightcyan
CDH18,lightcyan
CDK1,lightcyan
CDK11B,lightcyan
CDK5,lightcyan
CDK6,lightcyan
CDK8,lightcyan
CEMP1,lightcyan
CEND1,lightcyan
CENPK,lightcyan
CEP63,lightcyan
CEP78,lightcyan
CEPT1,lightcyan
CFL1,lightcyan
CH25H,lightcyan
CHD3,lightcyan
CHEK2,lightcyan
CIAO1,lightcyan
CITED2,lightcyan
CKAP2,lightcyan
CLASP2,lightcyan
CLDND1,lightcyan
CLK4,lightcyan
CLN8,lightcyan
CLPX,lightcyan
CLSTN3,lightcyan
CMTM6,lightcyan
CNBP,lightcyan
CNIH4,lightcyan
CNNM2,lightcyan
CNO,lightcyan
CNOT3,lightcyan
CNTNAP2,lightcyan
COG8,lightcyan
COIL,lightcyan
COL13A1,lightcyan
COL14A1,lightcyan
COL21A1,lightcyan
COL4A1,lightcyan
COL4A2,lightcyan
COL4A3BP,lightcyan
COL9A1,lightcyan
COPS5,lightcyan
COPS6,lightcyan
COPS7B,lightcyan
COPS8,lightcyan
COQ2,lightcyan
COQ3,lightcyan
COQ5,lightcyan
COQ7,lightcyan
CORIN,lightcyan
CORO1A,lightcyan
CPAMD8,lightcyan
CPNE5,lightcyan
CPSF6,lightcyan
CREB5,lightcyan
CREBL2,lightcyan
CRHR2,lightcyan
CRIP3,lightcyan
CRLS1,lightcyan
CRMP1,lightcyan
CRTAC1,lightcyan
CRTAP,lightcyan
CRTC1,lightcyan
CRYGD,lightcyan
CSGALNACT2,lightcyan
CSMD1,lightcyan
CSNK1A1,lightcyan
CSNK1D,lightcyan
CSTB,lightcyan
CTDSPL2,lightcyan
CTNNAL1,lightcyan
CTNS,lightcyan
CUTA,lightcyan
CUX1,lightcyan
CWC22,lightcyan
CYP1B1,lightcyan
CYP26A1,lightcyan
CYP26B1,lightcyan
CYP39A1,lightcyan
D2HGDH,lightcyan
DAB1,lightcyan
DAPK3,lightcyan
DAXX,lightcyan
DCAF11,lightcyan
DCAF12,lightcyan
DCAF17,lightcyan
DCAF7,lightcyan
DCBLD2,lightcyan
DCK,lightcyan
DCLRE1C,lightcyan
DCUN1D3,lightcyan
DCUN1D4,lightcyan
DDB2,lightcyan
DDHD2,lightcyan
DDX18,lightcyan
DDX21,lightcyan
DDX23,lightcyan
DDX39,lightcyan
DDX50,lightcyan
DENND2C,lightcyan
DENND3,lightcyan
DEPDC6,lightcyan
DFFB,lightcyan
DGUOK,lightcyan
DHCR24,lightcyan
DHPS,lightcyan
DHRS7B,lightcyan
DHX36,lightcyan
DHX37,lightcyan
DIABLO,lightcyan
DIAPH1,lightcyan
DIDO1,lightcyan
DIP2A,lightcyan
DIP2C,lightcyan
DIS3,lightcyan
DIS3L,lightcyan
DKFZP434H168,lightcyan
DLG4,lightcyan
DLGAP2,lightcyan
DLL1,lightcyan
DLL4,lightcyan
DLST,lightcyan
DMTF1,lightcyan
DMWD,lightcyan
DNAH12,lightcyan
DNAH17,lightcyan
DNAJA3,lightcyan
DNAJB11,lightcyan
DNAJC3,lightcyan
DNAL4,lightcyan
DNPEP,lightcyan
DOCK5,lightcyan
DOK5,lightcyan
DPAGT1,lightcyan
DPY19L1,lightcyan
DPYS,lightcyan
DPYSL2,lightcyan
DSCR3,lightcyan
DST,lightcyan
DTNA,lightcyan
DTNBP1,lightcyan
DUS1L,lightcyan
DUSP14,lightcyan
DUSP15,lightcyan
DUSP23,lightcyan
DUSP4,lightcyan
DYDC2,lightcyan
DYNLRB1,lightcyan
DYRK2,lightcyan
EBF2,lightcyan
ECT2L,lightcyan
EDC4,lightcyan
EDN1,lightcyan
EDNRB,lightcyan
EEF1DP3,lightcyan
EFEMP2,lightcyan
EFHD2,lightcyan
EGLN1,lightcyan
EHBP1,lightcyan
EHF,lightcyan
EI24,lightcyan
EIF1AD,lightcyan
EIF2AK3,lightcyan
EIF2B2,lightcyan
EIF2B4,lightcyan
EIF2S1,lightcyan
EIF3I,lightcyan
EIF4E,lightcyan
EIF4EBP1,lightcyan
EIF4H,lightcyan
EIF5A2,lightcyan
ELAC2,lightcyan
ELL,lightcyan
ELOF1,lightcyan
EMID2,lightcyan
EMILIN2,lightcyan
EMX2OS,lightcyan
EPM2AIP1,lightcyan
EPO,lightcyan
ERCC5,lightcyan
ERN1,lightcyan
ERP29,lightcyan
ESRRG,lightcyan
ESYT1,lightcyan
ETNK1,lightcyan
EVPL,lightcyan
EXOC4,lightcyan
EXOSC2,lightcyan
EZH2,lightcyan
F3,lightcyan
FAM102A,lightcyan
FAM109A,lightcyan
FAM110C,lightcyan
FAM131A,lightcyan
FAM135A,lightcyan
FAM13A,lightcyan
FAM13B,lightcyan
FAM158A,lightcyan
FAM160A1,lightcyan
FAM168B,lightcyan
FAM170B,lightcyan
FAM171A1,lightcyan
FAM171B,lightcyan
FAM174A,lightcyan
FAM175A,lightcyan
FAM188B,lightcyan
FAM194A,lightcyan
FAM196A,lightcyan
FAM19A5,lightcyan
FAM36A,lightcyan
FAM43A,lightcyan
FAM46C,lightcyan
FAM59A,lightcyan
FAM59B,lightcyan
FAM5B,lightcyan
FAM5C,lightcyan
FAM63B,lightcyan
FAM76A,lightcyan
FAM98A,lightcyan
FANCL,lightcyan
FARSB,lightcyan
FBL,lightcyan
FBXL14,lightcyan
FBXO11,lightcyan
FBXO15,lightcyan
FBXO38,lightcyan
FBXW9,lightcyan
FCHO2,lightcyan
FCRLB,lightcyan
FDFT1,lightcyan
FEM1C,lightcyan
FGF9,lightcyan
FGFR1OP,lightcyan
FGGY,lightcyan
FIGN,lightcyan
FLG,lightcyan
FLJ22536,lightcyan
FLJ43390,lightcyan
FLJ43663,lightcyan
FLOT2,lightcyan
FLRT3,lightcyan
FMN2,lightcyan
FMNL2,lightcyan
FOXC1,lightcyan
FOXJ3,lightcyan
FOXK1,lightcyan
FOXN2,lightcyan
FOXN3,lightcyan
FRMD8,lightcyan
FUBP1,lightcyan
FUCA2,lightcyan
FUT2,lightcyan
FUZ,lightcyan
FYB,lightcyan
FZD3,lightcyan
FZD5,lightcyan
G2E3,lightcyan
G3BP1,lightcyan
GABPB2,lightcyan
GABRA1,lightcyan
GABRA2,lightcyan
GABRG3,lightcyan
GAD1,lightcyan
GAL3ST4,lightcyan
GALNT4,lightcyan
GARNL3,lightcyan
GAS2L2,lightcyan
GCA,lightcyan
GCOM1,lightcyan
GDPD1,lightcyan
GDPD5,lightcyan
GFER,lightcyan
GFRA1,lightcyan
GINS1,lightcyan
GIT2,lightcyan
GJA3,lightcyan
GLCCI1,lightcyan
GLRX2,lightcyan
GLRX3,lightcyan
GLS,lightcyan
GLT1D1,lightcyan
GMCL1,lightcyan
GMDS,lightcyan
GMFB,lightcyan
GMPS,lightcyan
GNA13,lightcyan
GNB1,lightcyan
GNB1L,lightcyan
GNB2,lightcyan
GNB2L1,lightcyan
GNL3,lightcyan
GNPDA1,lightcyan
GOLGA3,lightcyan
GORASP1,lightcyan
GPAM,lightcyan
GPN2,lightcyan
GPR161,lightcyan
GPR3,lightcyan
GPRC5B,lightcyan
GREB1,lightcyan
GRID2,lightcyan
GRIN2A,lightcyan
GRSF1,lightcyan
GSC,lightcyan
GSTA4,lightcyan
GTF2A1,lightcyan
GTF2A1L,lightcyan
GTF2H4,lightcyan
GTF2H5,lightcyan
GTF3C2,lightcyan
GTPBP1,lightcyan
GTPBP4,lightcyan
GTPBP8,lightcyan
GUCY1A3,lightcyan
GXYLT2,lightcyan
H1FX,lightcyan
H2AFV,lightcyan
H2AFX,lightcyan
H2AFY,lightcyan
H2AFY2,lightcyan
H3F3B,lightcyan
HADHB,lightcyan
HARS2,lightcyan
HAS3,lightcyan
HAUS4,lightcyan
HAUS5,lightcyan
HCFC1R1,lightcyan
HCFC2,lightcyan
HCN1,lightcyan
HDAC4,lightcyan
HDAC5,lightcyan
HDAC7,lightcyan
HDLBP,lightcyan
HEMK1,lightcyan
HEXB,lightcyan
HEY2,lightcyan
HIBCH,lightcyan
HIC1,lightcyan
HINFP,lightcyan
HIPK1,lightcyan
HIPK2,lightcyan
HIST1H2AB,lightcyan
HIST1H2AG,lightcyan
HIST1H2BB,lightcyan
HIST1H3C,lightcyan
HIST3H2A,lightcyan
HIST4H4,lightcyan
HLA-DMB,lightcyan
HLA-DPB2,lightcyan
HLA-DRA,lightcyan
HMGB1,lightcyan
HMGN3,lightcyan
HMGXB3,lightcyan
HMP19,lightcyan
HN1L,lightcyan
HNRNPA0,lightcyan
HNRNPA1,lightcyan
HNRNPA2B1,lightcyan
HNRNPF,lightcyan
HNRNPL,lightcyan
HNRNPR,lightcyan
HNRNPU,lightcyan
HOXA7,lightcyan
HOXB8,lightcyan
HRH1,lightcyan
HRNBP3,lightcyan
HS3ST3B1,lightcyan
HS3ST4,lightcyan
HSF1,lightcyan
HSPA12A,lightcyan
HSPA5,lightcyan
HSPD1,lightcyan
HSPG2,lightcyan
HTRA3,lightcyan
HVCN1,lightcyan
HYAL3,lightcyan
HYLS1,lightcyan
ICA1L,lightcyan
ID2,lightcyan
ID3,lightcyan
IFRD2,lightcyan
IGF2BP3,lightcyan
IGSF22,lightcyan
IGSF8,lightcyan
IGSF9B,lightcyan
IKZF2,lightcyan
IL16,lightcyan
ILF2,lightcyan
ILVBL,lightcyan
IMMT,lightcyan
IMP3,lightcyan
INO80B,lightcyan
INPP5E,lightcyan
IPMK,lightcyan
IPO11,lightcyan
IPO4,lightcyan
IQCD,lightcyan
IQGAP3,lightcyan
IREB2,lightcyan
IRF2BP1,lightcyan
IRF2BP2,lightcyan
IRX4,lightcyan
ITFG2,lightcyan
ITGA4,lightcyan
ITPA,lightcyan
ITPR2,lightcyan
JAG1,lightcyan
JAM3,lightcyan
JARID2,lightcyan
JAZF1,lightcyan
JMJD8,lightcyan
JPH3,lightcyan
KANK1,lightcyan
KAT2B,lightcyan
KATNB1,lightcyan
KBTBD3,lightcyan
KCND2,lightcyan
KCND3,lightcyan
KCNIP2,lightcyan
KCNJ3,lightcyan
KCNJ8,lightcyan
KCNK17,lightcyan
KCNN3,lightcyan
KCNV1,lightcyan
KCTD18,lightcyan
KCTD19,lightcyan
KCTD9,lightcyan
KDELR2,lightcyan
KDM3B,lightcyan
KDM4A,lightcyan
KDM4C,lightcyan
KIAA0174,lightcyan
KIAA0355,lightcyan
KIAA0652,lightcyan
KIAA0754,lightcyan
KIAA0776,lightcyan
KIAA1009,lightcyan
KIAA1147,lightcyan
KIAA1244,lightcyan
KIAA1310,lightcyan
KIAA1409,lightcyan
KIAA1429,lightcyan
KIAA1430,lightcyan
KIAA1467,lightcyan
KIAA1543,lightcyan
KIAA1826,lightcyan
KIAA1908,lightcyan
KIAA1949,lightcyan
KIF21B,lightcyan
KIF3C,lightcyan
KIF6,lightcyan
KLF13,lightcyan
KLF17,lightcyan
KLHDC9,lightcyan
KLHL17,lightcyan
KLRG2,lightcyan
KNDC1,lightcyan
KPNA6,lightcyan
KPNB1,lightcyan
KRAS,lightcyan
KSR2,lightcyan
KYNU,lightcyan
L3MBTL2,lightcyan
LAMC1,lightcyan
LANCL1,lightcyan
LAPTM4A,lightcyan
LARP6,lightcyan
LARP7,lightcyan
LATS1,lightcyan
LBH,lightcyan
LCN10,lightcyan
LCORL,lightcyan
LDB1,lightcyan
LGI1,lightcyan
LGR4,lightcyan
LHPP,lightcyan
LIMCH1,lightcyan
LITAF,lightcyan
LMBR1,lightcyan
LMCD1,lightcyan
LMF1,lightcyan
LOC100128239,lightcyan
LOC100129716,lightcyan
LOC100134713,lightcyan
LOC100306951,lightcyan
LOC148709,lightcyan
LOC221710,lightcyan
LOC256880,lightcyan
LOC286016,lightcyan
LOC338799,lightcyan
LOC344967,lightcyan
LOC401093,lightcyan
LOC642587,lightcyan
LOC645323,lightcyan
LOC646405,lightcyan
LOC652276,lightcyan
LPCAT2,lightcyan
LPHN3,lightcyan
LPPR5,lightcyan
LRGUK,lightcyan
LRP1B,lightcyan
LRRC1,lightcyan
LRRC32,lightcyan
LRRC41,lightcyan
LRRC56,lightcyan
LRRK1,lightcyan
LSM1,lightcyan
LSM14A,lightcyan
LSM2,lightcyan
LSM3,lightcyan
LSM7,lightcyan
LSS,lightcyan
LYSMD4,lightcyan
MACROD1,lightcyan
MAD2L1BP,lightcyan
MAF,lightcyan
MAML3,lightcyan
MAN1A2,lightcyan
MANBAL,lightcyan
MANEAL,lightcyan
MAP3K11,lightcyan
MAP3K3,lightcyan
MAP3K6,lightcyan
MAP4K3,lightcyan
MAP6,lightcyan
MAPK10,lightcyan
MAPK14,lightcyan
MARCKSL1,lightcyan
MARK3,lightcyan
MAST4,lightcyan
MATR3,lightcyan
MBOAT7,lightcyan
MC4R,lightcyan
ME1,lightcyan
ME3,lightcyan
MED13L,lightcyan
MED15,lightcyan
MEN1,lightcyan
MEPCE,lightcyan
METT10D,lightcyan
MFSD1,lightcyan
MGAT4C,lightcyan
MIF4GD,lightcyan
MIIP,lightcyan
MIR130B,lightcyan
MIR191,lightcyan
MIR548G,lightcyan
MIR548H3,lightcyan
MIR596,lightcyan
MIR636,lightcyan
MIR638,lightcyan
MIR659,lightcyan
MIR760,lightcyan
MKRN2,lightcyan
MKS1,lightcyan
MKX,lightcyan
MLF1IP,lightcyan
MLH1,lightcyan
MLLT1,lightcyan
MLLT4,lightcyan
MOBKL2C,lightcyan
MON2,lightcyan
MORC3,lightcyan
MOSPD3,lightcyan
MOV10,lightcyan
MPHOSPH6,lightcyan
MPP5,lightcyan
MPPE1,lightcyan
MPPED2,lightcyan
MRPL13,lightcyan
MRPL21,lightcyan
MRPL34,lightcyan
MRPS18B,lightcyan
MRPS23,lightcyan
MRPS24,lightcyan
MRPS30,lightcyan
MRPS31,lightcyan
MRPS33,lightcyan
MRPS35,lightcyan
MSH6,lightcyan
MSRA,lightcyan
MT1M,lightcyan
MTERF,lightcyan
MTERFD1,lightcyan
MTFR1,lightcyan
MTIF3,lightcyan
MTMR12,lightcyan
MTMR4,lightcyan
MTO1,lightcyan
MUTED,lightcyan
MVK,lightcyan
MYADM,lightcyan
MYC,lightcyan
MYH9,lightcyan
MYLIP,lightcyan
MYO6,lightcyan
MYOCD,lightcyan
MYOM2,lightcyan
NANS,lightcyan
NAT15,lightcyan
NCAPG,lightcyan
NCK2,lightcyan
NCOR1,lightcyan
NCRNA00081,lightcyan
NCRNA00119,lightcyan
NCRNA00167,lightcyan
NCRNA00219,lightcyan
NDEL1,lightcyan
NDOR1,lightcyan
NDRG4,lightcyan
NDUFA11,lightcyan
NDUFA4L2,lightcyan
NDUFAF2,lightcyan
NDUFS6,lightcyan
NEDD1,lightcyan
NEDD4L,lightcyan
NEFL,lightcyan
NEK5,lightcyan
NEURL,lightcyan
NEUROG2,lightcyan
NFATC1,lightcyan
NFIA,lightcyan
NFKB2,lightcyan
NFKBIL1,lightcyan
NFYC,lightcyan
NGFR,lightcyan
NGRN,lightcyan
NID2,lightcyan
NIF3L1,lightcyan
NKX2-5,lightcyan
NMT1,lightcyan
NOS1AP,lightcyan
NPAS4,lightcyan
NPPC,lightcyan
NR1D1,lightcyan
NR1H2,lightcyan
NR2F6,lightcyan
NRBP1,lightcyan
NRD1,lightcyan
NRP1,lightcyan
NSUN3,lightcyan
NT5DC2,lightcyan
NTM,lightcyan
NTRK2,lightcyan
NUBP2,lightcyan
NUCB2,lightcyan
NUDT15,lightcyan
NUDT3,lightcyan
NUP210,lightcyan
NUPL2,lightcyan
OAT,lightcyan
OAZ1,lightcyan
OBFC2A,lightcyan
ODF2L,lightcyan
ODF3L1,lightcyan
ODZ4,lightcyan
OLFML2A,lightcyan
ONECUT3,lightcyan
OPA3,lightcyan
OPN5,lightcyan
OPRK1,lightcyan
OR2M4,lightcyan
OR8U8,lightcyan
ORAI2,lightcyan
OSGEPL1,lightcyan
OSR2,lightcyan
PACRG,lightcyan
PACRGL,lightcyan
PAFAH1B1,lightcyan
PAFAH1B3,lightcyan
PAFAH2,lightcyan
PAN3,lightcyan
PANK4,lightcyan
PARP11,lightcyan
PATL1,lightcyan
PAX3,lightcyan
PAX4,lightcyan
PAX7,lightcyan
PBX4,lightcyan
PCCB,lightcyan
PCDH10,lightcyan
PCDH18,lightcyan
PCDHA7,lightcyan
PCGF6,lightcyan
PCNT,lightcyan
PCOTH,lightcyan
PCYT2,lightcyan
PDCD2,lightcyan
PDCD6,lightcyan
PDE10A,lightcyan
PDE4A,lightcyan
PDE4B,lightcyan
PDE4C,lightcyan
PDE6D,lightcyan
PDGFB,lightcyan
PDRG1,lightcyan
PELI1,lightcyan
PELI2,lightcyan
PEPD,lightcyan
PEX16,lightcyan
PEX5,lightcyan
PFDN1,lightcyan
PFKFB3,lightcyan
PFN4,lightcyan
PGM2,lightcyan
PGP,lightcyan
PHACTR1,lightcyan
PHF1,lightcyan
PHF17,lightcyan
PHF21B,lightcyan
PHOX2A,lightcyan
PI4K2A,lightcyan
PID1,lightcyan
PIGN,lightcyan
PIGP,lightcyan
PIGY,lightcyan
PIK3R1,lightcyan
PIKFYVE,lightcyan
PIP5K1A,lightcyan
PITPNB,lightcyan
PKM2,lightcyan
PLA2G1B,lightcyan
PLAU,lightcyan
PLCL1,lightcyan
PLEKHA7,lightcyan
PLEKHG2,lightcyan
PLEKHG5,lightcyan
PLEKHH1,lightcyan
PLEKHM2,lightcyan
PLLP,lightcyan
PMM1,lightcyan
PMS1,lightcyan
PMS2L4,lightcyan
POFUT2,lightcyan
POLK,lightcyan
POLQ,lightcyan
POLR2D,lightcyan
POLR2F,lightcyan
POLR3B,lightcyan
POLR3C,lightcyan
POU3F3,lightcyan
POU6F2,lightcyan
PPAN,lightcyan
PPAPDC1B,lightcyan
PPARGC1A,lightcyan
PPFIBP2,lightcyan
PPIF,lightcyan
PPIL2,lightcyan
PPL,lightcyan
PPM1D,lightcyan
PPM1H,lightcyan
PPP2R1A,lightcyan
PPP2R3A,lightcyan
PPP2R4,lightcyan
PPP2R5B,lightcyan
PPP4R4,lightcyan
PPT2,lightcyan
PRDM8,lightcyan
PRICKLE2,lightcyan
PRIM2,lightcyan
PRKAA1,lightcyan
PRKRA,lightcyan
PRPF4B,lightcyan
PRR14,lightcyan
PRR3,lightcyan
PRR7,lightcyan
PRTG,lightcyan
PSKH1,lightcyan
PSMA1,lightcyan
PSMA4,lightcyan
PSMA5,lightcyan
PSMB5,lightcyan
PSMB7,lightcyan
PSMC3,lightcyan
PSMD4,lightcyan
PTCHD2,lightcyan
PTEN,lightcyan
PTGFR,lightcyan
PTMA,lightcyan
PTPN4,lightcyan
PTPRD,lightcyan
PTPRO,lightcyan
PTPRU,lightcyan
PUS1,lightcyan
PXDN,lightcyan
PYGO1,lightcyan
PYGO2,lightcyan
QARS,lightcyan
QSER1,lightcyan
QSOX2,lightcyan
RAB11FIP3,lightcyan
RAB1A,lightcyan
RAB28,lightcyan
RAB2B,lightcyan
RAB3IP,lightcyan
RAB40C,lightcyan
RAB43,lightcyan
RABIF,lightcyan
RAD51AP2,lightcyan
RAP1GDS1,lightcyan
RARS,lightcyan
RASA1,lightcyan
RASA3,lightcyan
RASGRF1,lightcyan
RASL10B,lightcyan
RASSF1,lightcyan
RASSF3,lightcyan
RASSF8,lightcyan
RB1,lightcyan
RBCK1,lightcyan
RBM20,lightcyan
RBM27,lightcyan
RBM42,lightcyan
RBM4B,lightcyan
RBM5,lightcyan
RBMS1,lightcyan
RBMS2,lightcyan
RBPMS2,lightcyan
RCC2,lightcyan
RCHY1,lightcyan
RCN2,lightcyan
REPIN1,lightcyan
REV3L,lightcyan
RFC5,lightcyan
RFWD3,lightcyan
RGL2,lightcyan
RGS17,lightcyan
RGS7,lightcyan
RHBDD1,lightcyan
RHOF,lightcyan
RILPL1,lightcyan
RING1,lightcyan
RIPPLY2,lightcyan
RNASE4,lightcyan
RND3,lightcyan
RNF115,lightcyan
RNF144A,lightcyan
RNF152,lightcyan
RNF185,lightcyan
RNF19A,lightcyan
RNF44,lightcyan
RNF6,lightcyan
RNF7,lightcyan
RNMTL1,lightcyan
RNU6ATAC,lightcyan
RORA,lightcyan
RORB,lightcyan
RPA2,lightcyan
RPAP2,lightcyan
RPL18,lightcyan
RPL21,lightcyan
RPL3,lightcyan
RPL39L,lightcyan
RPL41,lightcyan
RPL7,lightcyan
RPLP1,lightcyan
RPP21,lightcyan
RPP38,lightcyan
RPS5,lightcyan
RPS6KA2,lightcyan
RPTOR,lightcyan
RSL24D1,lightcyan
RSPRY1,lightcyan
RSRC2,lightcyan
RUFY2,lightcyan
RUNDC3B,lightcyan
RUNX2,lightcyan
RXFP3,lightcyan
S100A10,lightcyan
SAE1,lightcyan
SAMM50,lightcyan
SAP30,lightcyan
SAPS2,lightcyan
SART3,lightcyan
SASS6,lightcyan
SBK1,lightcyan
SCAMP3,lightcyan
SCAND1,lightcyan
SCCPDH,lightcyan
SCFD1,lightcyan
SCFD2,lightcyan
SCG2,lightcyan
SCN9A,lightcyan
SCYL2,lightcyan
SDHC,lightcyan
SEC24A,lightcyan
SEC31A,lightcyan
SECTM1,lightcyan
SELK,lightcyan
SEMA6C,lightcyan
SEMA6D,lightcyan
SEPHS2,lightcyan
SEPT8,lightcyan
SEPT9,lightcyan
SERF2,lightcyan
SERINC5,lightcyan
SERP1,lightcyan
SERTAD1,lightcyan
SETD5,lightcyan
SETD8,lightcyan
SF3B1,lightcyan
SFPQ,lightcyan
SFRS1,lightcyan
SFRS3,lightcyan
SFRS8,lightcyan
SGCB,lightcyan
SGCE,lightcyan
SGCZ,lightcyan
SGIP1,lightcyan
SGK1,lightcyan
SGK196,lightcyan
SGOL2,lightcyan
SH3BP4,lightcyan
SH3BP5L,lightcyan
SH3PXD2A,lightcyan
SH3RF2,lightcyan
SHBG,lightcyan
SHISA3,lightcyan
SHISA9,lightcyan
SIDT1,lightcyan
SIDT2,lightcyan
SIN3B,lightcyan
SKI,lightcyan
SLAIN1,lightcyan
SLC17A6,lightcyan
SLC25A28,lightcyan
SLC25A29,lightcyan
SLC25A35,lightcyan
SLC25A44,lightcyan
SLC25A46,lightcyan
SLC26A11,lightcyan
SLC2A1,lightcyan
SLC30A1,lightcyan
SLC30A4,lightcyan
SLC30A5,lightcyan
SLC35B2,lightcyan
SLC35B3,lightcyan
SLC35D1,lightcyan
SLC35E3,lightcyan
SLC36A1,lightcyan
SLC37A4,lightcyan
SLC38A2,lightcyan
SLC38A6,lightcyan
SLC39A1,lightcyan
SLC39A10,lightcyan
SLC39A7,lightcyan
SLC39A9,lightcyan
SLC44A3,lightcyan
SLC7A14,lightcyan
SLC9A3,lightcyan
SLFN5,lightcyan
SLIT3,lightcyan
SLU7,lightcyan
SMAD2,lightcyan
SMARCD3,lightcyan
SMEK1,lightcyan
SNAP47,lightcyan
SNAPC1,lightcyan
SND1,lightcyan
SNF8,lightcyan
SNHG5,lightcyan
SNHG9,lightcyan
SNORD24,lightcyan
SNORD56B,lightcyan
SNRNP27,lightcyan
SNRPB2,lightcyan
SNRPF,lightcyan
SNX14,lightcyan
SNX16,lightcyan
SNX18,lightcyan
SNX27,lightcyan
SNX31,lightcyan
SNX9,lightcyan
SOBP,lightcyan
SOCS2,lightcyan
SOX17,lightcyan
SP3,lightcyan
SP6,lightcyan
SPAG1,lightcyan
SPAG16,lightcyan
SPATA7,lightcyan
SPATS2,lightcyan
SPEF1,lightcyan
SPG11,lightcyan
SPG20,lightcyan
SPOPL,lightcyan
SPRED1,lightcyan
SPRED3,lightcyan
SPSB1,lightcyan
SRA1,lightcyan
SRCAP,lightcyan
SRI,lightcyan
SSB,lightcyan
SSBP1,lightcyan
SSH1,lightcyan
SSRP1,lightcyan
ST6GALNAC3,lightcyan
ST6GALNAC5,lightcyan
ST7,lightcyan
ST8SIA3,lightcyan
STARD6,lightcyan
STIL,lightcyan
STK11,lightcyan
STK32B,lightcyan
STRADB,lightcyan
STRAP,lightcyan
STX1A,lightcyan
STX6,lightcyan
STXBP5,lightcyan
SULF1,lightcyan
SUV420H1,lightcyan
SV2B,lightcyan
SYCP1,lightcyan
SYF2,lightcyan
SYNGAP1,lightcyan
SYNGR3,lightcyan
SYTL2,lightcyan
TADA1,lightcyan
TAF10,lightcyan
TAF11,lightcyan
TAF4,lightcyan
TARS2,lightcyan
TAS1R2,lightcyan
TBC1D1,lightcyan
TBC1D10B,lightcyan
TBC1D16,lightcyan
TBC1D22A,lightcyan
TBC1D23,lightcyan
TBC1D7,lightcyan
TBCD,lightcyan
TBKBP1,lightcyan
TBX15,lightcyan
TBX2,lightcyan
TCEA1,lightcyan
TCF7,lightcyan
TEC,lightcyan
TELO2,lightcyan
TEP1,lightcyan
TERF1,lightcyan
TERF2IP,lightcyan
TEX9,lightcyan
TFAP2B,lightcyan
TFG,lightcyan
TFIP11,lightcyan
TGFB2,lightcyan
TGFB3,lightcyan
THBS1,lightcyan
THBS4,lightcyan
THRB,lightcyan
TIGD1,lightcyan
TIMM8B,lightcyan
TIPARP,lightcyan
TJP2,lightcyan
TLL2,lightcyan
TLR2,lightcyan
TM2D1,lightcyan
TM2D2,lightcyan
TMCC2,lightcyan
TMCC3,lightcyan
TMED5,lightcyan
TMED7-TICAM2,lightcyan
TMEM109,lightcyan
TMEM111,lightcyan
TMEM128,lightcyan
TMEM132C,lightcyan
TMEM132D,lightcyan
TMEM132E,lightcyan
TMEM146,lightcyan
TMEM178,lightcyan
TMEM194A,lightcyan
TMEM219,lightcyan
TMEM229B,lightcyan
TMEM59,lightcyan
TMEM59L,lightcyan
TMEM62,lightcyan
TMEM63C,lightcyan
TMEM66,lightcyan
TMEM85,lightcyan
TMEM9,lightcyan
TMF1,lightcyan
TMX2,lightcyan
TNFRSF21,lightcyan
TNFSF11,lightcyan
TNPO1,lightcyan
TNR,lightcyan
TOB2,lightcyan
TOMM34,lightcyan
TOR3A,lightcyan
TOX2,lightcyan
TPD52L2,lightcyan
TPRA1,lightcyan
TPRG1L,lightcyan
TRAK2,lightcyan
TRAP1,lightcyan
TRERF1,lightcyan
TRIB1,lightcyan
TRIM13,lightcyan
TRIM15,lightcyan
TRIM28,lightcyan
TRIM31,lightcyan
TRIM33,lightcyan
TRIM45,lightcyan
TRIM46,lightcyan
TRIP13,lightcyan
TROAP,lightcyan
TROVE2,lightcyan
TRPC4AP,lightcyan
TRPM4,lightcyan
TSPAN3,lightcyan
TSPAN31,lightcyan
TSPAN8,lightcyan
TTC13,lightcyan
TTC35,lightcyan
TTPAL,lightcyan
TTYH1,lightcyan
TUBB,lightcyan
TUBB4,lightcyan
TUFT1,lightcyan
UBA52,lightcyan
UBE2C,lightcyan
UBE2E1,lightcyan
UBE2N,lightcyan
UBE2QP1,lightcyan
UBE2U,lightcyan
UBE2Z,lightcyan
UBE3A,lightcyan
UBE3B,lightcyan
UBTF,lightcyan
UGP2,lightcyan
UHMK1,lightcyan
UHRF1,lightcyan
UNC5C,lightcyan
UNC84B,lightcyan
UPF1,lightcyan
UPF3A,lightcyan
UQCRB,lightcyan
USE1,lightcyan
USO1,lightcyan
USP3,lightcyan
USP30,lightcyan
USP36,lightcyan
USP47,lightcyan
USP5,lightcyan
UTP11L,lightcyan
UVRAG,lightcyan
VARS,lightcyan
VDR,lightcyan
VENTX,lightcyan
VHL,lightcyan
VNN1,lightcyan
VPS29,lightcyan
VPS37C,lightcyan
VPS8,lightcyan
VRK3,lightcyan
VWA3B,lightcyan
WAC,lightcyan
WARS,lightcyan
WDFY1,lightcyan
WDR17,lightcyan
WDR5,lightcyan
WDR67,lightcyan
WDR7,lightcyan
WDR77,lightcyan
WDR82,lightcyan
WDR93,lightcyan
WFDC3,lightcyan
WIF1,lightcyan
WNT5A,lightcyan
WNT7A,lightcyan
WNT9B,lightcyan
WWP2,lightcyan
XKR9,lightcyan
XPO1,lightcyan
XPO7,lightcyan
XRCC1,lightcyan
XRCC2,lightcyan
XRN2,lightcyan
YAP1,lightcyan
YBX1,lightcyan
YES1,lightcyan
YME1L1,lightcyan
YPEL2,lightcyan
YTHDF2,lightcyan
ZBTB10,lightcyan
ZBTB24,lightcyan
ZBTB45,lightcyan
ZBTB8A,lightcyan
ZBTB9,lightcyan
ZC3H14,lightcyan
ZC3H6,lightcyan
ZC3H7B,lightcyan
ZC3HAV1,lightcyan
ZCCHC17,lightcyan
ZDHHC16,lightcyan
ZDHHC6,lightcyan
ZEB2,lightcyan
ZFAND6,lightcyan
ZFHX3,lightcyan
ZFP36,lightcyan
ZFP36L2,lightcyan
ZFP37,lightcyan
ZFP41,lightcyan
ZFYVE16,lightcyan
ZFYVE21,lightcyan
ZFYVE28,lightcyan
ZIC1,lightcyan
ZMYM1,lightcyan
ZNF169,lightcyan
ZNF175,lightcyan
ZNF200,lightcyan
ZNF219,lightcyan
ZNF229,lightcyan
ZNF235,lightcyan
ZNF277,lightcyan
ZNF283,lightcyan
ZNF337,lightcyan
ZNF346,lightcyan
ZNF350,lightcyan
ZNF384,lightcyan
ZNF385D,lightcyan
ZNF425,lightcyan
ZNF426,lightcyan
ZNF48,lightcyan
ZNF500,lightcyan
ZNF543,lightcyan
ZNF548,lightcyan
ZNF551,lightcyan
ZNF564,lightcyan
ZNF605,lightcyan
ZNF662,lightcyan
ZNF687,lightcyan
ZNF688,lightcyan
ZNF697,lightcyan
ZNF704,lightcyan
ZNF76,lightcyan
ZNF780B,lightcyan
ZNF783,lightcyan
ZNF788,lightcyan
ZNF8,lightcyan
ZNF800,lightcyan
ZNF821,lightcyan
ZNF831,lightcyan
ZNHIT1,lightcyan
ZRANB2,lightcyan
ZSWIM6,lightcyan
ZUFSP,lightcyan
ZXDC,lightcyan
ZYG11A,lightcyan
A2BP1,lightgreen
AAK1,lightgreen
AARS2,lightgreen
AASDHPPT,lightgreen
AASS,lightgreen
ABCA13,lightgreen
ABCD4,lightgreen
ABCG1,lightgreen
ABHD14B,lightgreen
ABHD3,lightgreen
ABLIM2,lightgreen
ACACB,lightgreen
ACAD9,lightgreen
ACADS,lightgreen
ACBD6,lightgreen
ACCN3,lightgreen
ACOT11,lightgreen
ACOT13,lightgreen
ACOT7,lightgreen
ACOX1,lightgreen
ACTL9,lightgreen
ACTN2,lightgreen
ACTR10,lightgreen
ACTR3B,lightgreen
ACYP1,lightgreen
ADAP2,lightgreen
ADARB2,lightgreen
ADC,lightgreen
ADCY1,lightgreen
ADCY10,lightgreen
ADCY6,lightgreen
ADCY8,lightgreen
ADD1,lightgreen
ADK,lightgreen
ADPGK,lightgreen
ADSS,lightgreen
AES,lightgreen
AGAP1,lightgreen
AGFG1,lightgreen
AGPAT1,lightgreen
AGPAT9,lightgreen
AGPHD1,lightgreen
AHCYL1,lightgreen
AIG1,lightgreen
AK1,lightgreen
AK7,lightgreen
AKAP1,lightgreen
AKAP11,lightgreen
AKAP9,lightgreen
ALDH16A1,lightgreen
ALDH3B1,lightgreen
ALDH7A1,lightgreen
ALG11,lightgreen
ALKBH8,lightgreen
ALS2CL,lightgreen
AMICA1,lightgreen
AMIGO3,lightgreen
ANGEL1,lightgreen
ANGEL2,lightgreen
ANKRD33,lightgreen
ANKRD40,lightgreen
ANKRD54,lightgreen
ANLN,lightgreen
ANP32A,lightgreen
ANP32E,lightgreen
ANTXR1,lightgreen
ANXA5,lightgreen
AP2A2,lightgreen
AP4E1,lightgreen
APBA1,lightgreen
APC,lightgreen
APH1A,lightgreen
API5,lightgreen
APLP2,lightgreen
APOBEC3G,lightgreen
AQP4,lightgreen
ARHGAP12,lightgreen
ARHGAP18,lightgreen
ARHGEF12,lightgreen
ARIH2,lightgreen
ARL10,lightgreen
ARL16,lightgreen
ARL5A,lightgreen
ARL5B,lightgreen
ARL6,lightgreen
ARMC7,lightgreen
ARPP19,lightgreen
ARRB2,lightgreen
ARRDC2,lightgreen
ARVCF,lightgreen
ASAH1,lightgreen
ASCC3,lightgreen
ASGR1,lightgreen
ASPSCR1,lightgreen
ASXL1,lightgreen
ATAD3A,lightgreen
ATF1,lightgreen
ATG2B,lightgreen
ATIC,lightgreen
ATP12A,lightgreen
ATP13A5,lightgreen
ATP2C1,lightgreen
ATP5D,lightgreen
ATP5SL,lightgreen
ATP6V1C1,lightgreen
ATP8A2,lightgreen
ATPAF1,lightgreen
ATPIF1,lightgreen
ATRIP,lightgreen
ATXN2L,lightgreen
AUTS2,lightgreen
AZIN1,lightgreen
B3GNT2,lightgreen
B3GNTL1,lightgreen
B4GALNT1,lightgreen
BANF1,lightgreen
BARD1,lightgreen
BAT1,lightgreen
BAT3,lightgreen
BAT5,lightgreen
BAX,lightgreen
BCAP29,lightgreen
BCAS4,lightgreen
BCKDHB,lightgreen
BCL10,lightgreen
BCL11A,lightgreen
BCL2L1,lightgreen
BCO2,lightgreen
BDNF,lightgreen
BET1,lightgreen
BET1L,lightgreen
BHLHE23,lightgreen
BLCAP,lightgreen
BLM,lightgreen
BMF,lightgreen
BMPER,lightgreen
BMPR2,lightgreen
BOC,lightgreen
BOD1L,lightgreen
BOLL,lightgreen
BRAF,lightgreen
BRD2,lightgreen
BRI3,lightgreen
BRP44,lightgreen
BRUNOL4,lightgreen
BTBD12,lightgreen
BTG2,lightgreen
C10ORF41,lightgreen
C10ORF67,lightgreen
C10ORF84,lightgreen
C11ORF46,lightgreen
C11ORF73,lightgreen
C11ORF80,lightgreen
C11ORF87,lightgreen
C12ORF29,lightgreen
C12ORF49,lightgreen
C12ORF68,lightgreen
C12ORF70,lightgreen
C14ORF1,lightgreen
C14ORF102,lightgreen
C14ORF135,lightgreen
C14ORF2,lightgreen
C14ORF72,lightgreen
C14ORF79,lightgreen
C14ORF80,lightgreen
C15ORF38,lightgreen
C15ORF61,lightgreen
C16ORF35,lightgreen
C16ORF52,lightgreen
C16ORF57,lightgreen
C16ORF75,lightgreen
C16ORF87,lightgreen
C17ORF42,lightgreen
C17ORF85,lightgreen
C17ORF90,lightgreen
C18ORF10,lightgreen
C19ORF22,lightgreen
C19ORF30,lightgreen
C19ORF40,lightgreen
C19ORF41,lightgreen
C19ORF48,lightgreen
C19ORF6,lightgreen
C1ORF125,lightgreen
C1ORF151,lightgreen
C1ORF172,lightgreen
C1ORF198,lightgreen
C1ORF229,lightgreen
C1ORF57,lightgreen
C1ORF63,lightgreen
C1ORF92,lightgreen
C1QTNF1,lightgreen
C20ORF26,lightgreen
C22ORF26,lightgreen
C2CD2L,lightgreen
C2CD3,lightgreen
C2ORF69,lightgreen
C3ORF1,lightgreen
C3ORF31,lightgreen
C3ORF33,lightgreen
C3ORF64,lightgreen
C4ORF22,lightgreen
C4ORF34,lightgreen
C4ORF48,lightgreen
C5ORF13,lightgreen
C5ORF32,lightgreen
C5ORF41,lightgreen
C5ORF53,lightgreen
C6ORF10,lightgreen
C6ORF132,lightgreen
C6ORF136,lightgreen
C6ORF163,lightgreen
C6ORF167,lightgreen
C6ORF174,lightgreen
C6ORF186,lightgreen
C6ORF225,lightgreen
C6ORF64,lightgreen
C7ORF26,lightgreen
C7ORF27,lightgreen
C7ORF42,lightgreen
C7ORF43,lightgreen
C7ORF50,lightgreen
C8ORF40,lightgreen
C9ORF142,lightgreen
C9ORF40,lightgreen
CA2,lightgreen
CABP1,lightgreen
CACHD1,lightgreen
CACNA1E,lightgreen
CADPS2,lightgreen
CALCA,lightgreen
CALCOCO1,lightgreen
CALN1,lightgreen
CAMK1D,lightgreen
CAMLG,lightgreen
CAMTA1,lightgreen
CAMTA2,lightgreen
CAPN1,lightgreen
CAV1,lightgreen
CBFA2T3,lightgreen
CBL,lightgreen
CCDC109A,lightgreen
CCDC138,lightgreen
CCDC38,lightgreen
CCDC39,lightgreen
CCDC43,lightgreen
CCDC49,lightgreen
CCDC53,lightgreen
CCDC6,lightgreen
CCDC83,lightgreen
CCDC85C,lightgreen
CCDC96,lightgreen
CCL13,lightgreen
CCNA2,lightgreen
CCNE1,lightgreen
CCNH,lightgreen
CCNO,lightgreen
CCNT2,lightgreen
CCNYL1,lightgreen
CCT7,lightgreen
CD200,lightgreen
CD2AP,lightgreen
CD44,lightgreen
CD70,lightgreen
CD81,lightgreen
CD8B,lightgreen
CDC25C,lightgreen
CDC42,lightgreen
CDC42BPB,lightgreen
CDC42SE2,lightgreen
CDC6,lightgreen
CDH23,lightgreen
CDK14,lightgreen
CDKL4,lightgreen
CDKN1C,lightgreen
CDKN2D,lightgreen
CDYL,lightgreen
CELSR1,lightgreen
CENPC1,lightgreen
CENPF,lightgreen
CENPJ,lightgreen
CENPL,lightgreen
CEP120,lightgreen
CEP350,lightgreen
CEP55,lightgreen
CEP72,lightgreen
CEP97,lightgreen
CERKL,lightgreen
CFLAR,lightgreen
CGREF1,lightgreen
CHCHD10,lightgreen
CHCHD2,lightgreen
CHIC2,lightgreen
CHMP6,lightgreen
CHMP7,lightgreen
CHN1,lightgreen
CHP2,lightgreen
CHRAC1,lightgreen
CHRM2,lightgreen
CHRNA7,lightgreen
CHST1,lightgreen
CHST8,lightgreen
CIDEA,lightgreen
CIR1,lightgreen
CITED2,lightgreen
CKLF,lightgreen
CLCN6,lightgreen
CLDN3,lightgreen
CLDN5,lightgreen
CLDN6,lightgreen
CLEC12B,lightgreen
CLIP2,lightgreen
CLK3,lightgreen
CLNS1A,lightgreen
CLOCK,lightgreen
CLUL1,lightgreen
CLYBL,lightgreen
CMTM3,lightgreen
CNOT10,lightgreen
CNTNAP2,lightgreen
COBL,lightgreen
COG2,lightgreen
COL6A6,lightgreen
COLEC11,lightgreen
COLQ,lightgreen
COPB1,lightgreen
COPS6,lightgreen
COPS7A,lightgreen
COPS7B,lightgreen
CORO1C,lightgreen
CORO7,lightgreen
CPE,lightgreen
CPEB4,lightgreen
CPNE1,lightgreen
CPSF2,lightgreen
CREB5,lightgreen
CRIM1,lightgreen
CRK,lightgreen
CRY1,lightgreen
CRYL1,lightgreen
CRYM,lightgreen
CS,lightgreen
CSMD1,lightgreen
CSNK1A1P,lightgreen
CSNK2A2,lightgreen
CSRP1,lightgreen
CST3,lightgreen
CSTF2T,lightgreen
CTCF,lightgreen
CTNNA2,lightgreen
CTSZ,lightgreen
CTXN1,lightgreen
CUBN,lightgreen
CUL5,lightgreen
CUTA,lightgreen
CUX1,lightgreen
CWC15,lightgreen
CWC22,lightgreen
CWF19L1,lightgreen
CWH43,lightgreen
CXCL3,lightgreen
CXXC4,lightgreen
CYB5R1,lightgreen
CYB5R4,lightgreen
CYBRD1,lightgreen
CYFIP2,lightgreen
CYP11A1,lightgreen
CYS1,lightgreen
D2HGDH,lightgreen
DAAM1,lightgreen
DAB1,lightgreen
DAG1,lightgreen
DAPK3,lightgreen
DAZAP2,lightgreen
DBNL,lightgreen
DBX2,lightgreen
DCAF4,lightgreen
DCP1A,lightgreen
DCP1B,lightgreen
DCUN1D1,lightgreen
DDAH2,lightgreen
DDIT4,lightgreen
DDX1,lightgreen
DDX24,lightgreen
DDX27,lightgreen
DEAF1,lightgreen
DECR2,lightgreen
DENND1A,lightgreen
DEPDC1B,lightgreen
DEPDC7,lightgreen
DEXI,lightgreen
DGCR9,lightgreen
DGKH,lightgreen
DHRS13,lightgreen
DHX16,lightgreen
DHX30,lightgreen
DHX33,lightgreen
DHX8,lightgreen
DIS3L,lightgreen
DLX1,lightgreen
DMP1,lightgreen
DMWD,lightgreen
DMXL2,lightgreen
DNAH17,lightgreen
DNAH5,lightgreen
DNAH7,lightgreen
DNAJA4,lightgreen
DNAJB14,lightgreen
DNAJB6,lightgreen
DNAJC15,lightgreen
DNAJC30,lightgreen
DNAJC6,lightgreen
DNAJC9,lightgreen
DNMBP,lightgreen
DNTTIP2,lightgreen
DOCK1,lightgreen
DOCK3,lightgreen
DOK7,lightgreen
DOT1L,lightgreen
DPAGT1,lightgreen
DPM3,lightgreen
DPP10,lightgreen
DPP8,lightgreen
DPYD,lightgreen
DPYS,lightgreen
DPYSL5,lightgreen
DRG2,lightgreen
DSEL,lightgreen
DST,lightgreen
DTHD1,lightgreen
DUSP11,lightgreen
DUSP26,lightgreen
DUSP27,lightgreen
DUSP3,lightgreen
DYNC1I1,lightgreen
DYNC1I2,lightgreen
DYNLRB1,lightgreen
DYNLT1,lightgreen
E2F5,lightgreen
EDEM1,lightgreen
EDNRB,lightgreen
EED,lightgreen
EFCAB4B,lightgreen
EFEMP1,lightgreen
EFNA3,lightgreen
EGFR,lightgreen
EGR2,lightgreen
EHBP1L1,lightgreen
EHD1,lightgreen
EHD3,lightgreen
EHD4,lightgreen
EHMT2,lightgreen
EIF2AK3,lightgreen
EIF2B4,lightgreen
EIF2C2,lightgreen
EIF2C3,lightgreen
EIF4A3,lightgreen
EIF4H,lightgreen
ELF1,lightgreen
ELF2,lightgreen
ELF5,lightgreen
ELMO1,lightgreen
ELMOD1,lightgreen
ELOVL4,lightgreen
ELOVL6,lightgreen
EN2,lightgreen
ENAH,lightgreen
ENOX1,lightgreen
ENTPD1,lightgreen
ENTPD3,lightgreen
EPAS1,lightgreen
EPO,lightgreen
ERBB4,lightgreen
ERICH1,lightgreen
ESCO1,lightgreen
ESD,lightgreen
ESPL1,lightgreen
ESYT2,lightgreen
ETFB,lightgreen
EVL,lightgreen
EXD3,lightgreen
EXOC7,lightgreen
EXOSC9,lightgreen
EXT1,lightgreen
EXT2,lightgreen
EXTL3,lightgreen
FAIM,lightgreen
FAM101B,lightgreen
FAM102A,lightgreen
FAM107B,lightgreen
FAM133B,lightgreen
FAM13C,lightgreen
FAM171A2,lightgreen
FAM184A,lightgreen
FAM190B,lightgreen
FAM20A,lightgreen
FAM46A,lightgreen
FAM53A,lightgreen
FAM60A,lightgreen
FAM63A,lightgreen
FAM89A,lightgreen
FAM8A1,lightgreen
FAM91A1,lightgreen
FANCI,lightgreen
FBXL2,lightgreen
FBXL4,lightgreen
FBXO34,lightgreen
FBXO38,lightgreen
FBXO45,lightgreen
FBXO47,lightgreen
FBXW8,lightgreen
FCGR2A,lightgreen
FCHSD1,lightgreen
FDFT1,lightgreen
FEM1C,lightgreen
FERMT2,lightgreen
FEZ2,lightgreen
FEZF2,lightgreen
FGF14,lightgreen
FGFRL1,lightgreen
FGGY,lightgreen
FHL5,lightgreen
FIG4,lightgreen
FILIP1,lightgreen
FKBP3,lightgreen
FKBP4,lightgreen
FLAD1,lightgreen
FLII,lightgreen
FLJ23834,lightgreen
FLJ26850,lightgreen
FLJ36031,lightgreen
FLJ37453,lightgreen
FLJ43390,lightgreen
FLJ45983,lightgreen
FLOT1,lightgreen
FLRT2,lightgreen
FLT4,lightgreen
FN3KRP,lightgreen
FNIP2,lightgreen
FOLR1,lightgreen
FOXF2,lightgreen
FOXJ3,lightgreen
FOXK1,lightgreen
FOXO1,lightgreen
FOXO3,lightgreen
FOXP1,lightgreen
FRAT1,lightgreen
FRMD4B,lightgreen
FRS2,lightgreen
FSTL4,lightgreen
FTSJ3,lightgreen
FYN,lightgreen
GAD1,lightgreen
GALNT11,lightgreen
GALNT7,lightgreen
GALNTL2,lightgreen
GALNTL6,lightgreen
GAPDHS,lightgreen
GAS2,lightgreen
GATA6,lightgreen
GATM,lightgreen
GBA,lightgreen
GBX2,lightgreen
GC,lightgreen
GCA,lightgreen
GCC2,lightgreen
GCOM1,lightgreen
GFER,lightgreen
GFI1,lightgreen
GGCT,lightgreen
GGNBP2,lightgreen
GIN1,lightgreen
GINS1,lightgreen
GIPC1,lightgreen
GJA1,lightgreen
GKN2,lightgreen
GLE1,lightgreen
GLRA1,lightgreen
GLRX2,lightgreen
GLS2,lightgreen
GLT8D1,lightgreen
GLUL,lightgreen
GMEB1,lightgreen
GMEB2,lightgreen
GMPPA,lightgreen
GNA12,lightgreen
GNAO1,lightgreen
GNG4,lightgreen
GNG7,lightgreen
GNL1,lightgreen
GNL3,lightgreen
GNPDA2,lightgreen
GNPTG,lightgreen
GNRHR2,lightgreen
GOLSYN,lightgreen
GON4L,lightgreen
GOPC,lightgreen
GPATCH2,lightgreen
GPR1,lightgreen
GPR12,lightgreen
GPR160,lightgreen
GPR18,lightgreen
GPR180,lightgreen
GPR27,lightgreen
GPR63,lightgreen
GPRC5A,lightgreen
GPRIN1,lightgreen
GREM1,lightgreen
GREM2,lightgreen
GRHL1,lightgreen
GRK7,lightgreen
GRM7,lightgreen
GSC,lightgreen
GSDMD,lightgreen
GSK3A,lightgreen
GTF2B,lightgreen
GTF2E1,lightgreen
GTF3C6,lightgreen
H1FOO,lightgreen
H2AFX,lightgreen
H2AFY,lightgreen
HACE1,lightgreen
HADHA,lightgreen
HBM,lightgreen
HCCA2,lightgreen
HCG11,lightgreen
HCG18,lightgreen
HCG2P7,lightgreen
HCN2,lightgreen
HDHD2,lightgreen
HDLBP,lightgreen
HECW2,lightgreen
HELB,lightgreen
HERPUD1,lightgreen
HES7,lightgreen
HFE2,lightgreen
HIBADH,lightgreen
HIP1R,lightgreen
HIST1H2AG,lightgreen
HIST1H2AL,lightgreen
HIST1H2BF,lightgreen
HIST1H2BN,lightgreen
HIST1H3G,lightgreen
HIST2H2BE,lightgreen
HLA-A,lightgreen
HLA-E,lightgreen
HLA-F,lightgreen
HMBOX1,lightgreen
HMCN1,lightgreen
HMGA1,lightgreen
HNRNPC,lightgreen
HNRNPD,lightgreen
HNRNPH1,lightgreen
HNRNPUL1,lightgreen
HNRPLL,lightgreen
HOMER2,lightgreen
HORMAD2,lightgreen
HOXA1,lightgreen
HPS3,lightgreen
HPS5,lightgreen
HPS6,lightgreen
HS2ST1,lightgreen
HS6ST1,lightgreen
HSD11B1L,lightgreen
HSD11B2,lightgreen
HSPA1A,lightgreen
HSPA7,lightgreen
HSPD1,lightgreen
HTR1B,lightgreen
HTR7,lightgreen
HUS1,lightgreen
HYAL3,lightgreen
HYDIN,lightgreen
ICOSLG,lightgreen
ID1,lightgreen
IDH1,lightgreen
IDH3A,lightgreen
IDO2,lightgreen
IFI27L2,lightgreen
IFNGR2,lightgreen
IFRD2,lightgreen
IGF1R,lightgreen
IGSF8,lightgreen
IL15RA,lightgreen
IMMP2L,lightgreen
INPP4A,lightgreen
INPP4B,lightgreen
INPP5A,lightgreen
INPP5B,lightgreen
INS-IGF2,lightgreen
INSC,lightgreen
INSIG1,lightgreen
INVS,lightgreen
IP6K1,lightgreen
IPO11,lightgreen
IPO7,lightgreen
IRAK1BP1,lightgreen
IRF2,lightgreen
IRF2BP2,lightgreen
IRF6,lightgreen
IRS1,lightgreen
IRX2,lightgreen
IRX6,lightgreen
ISG20L2,lightgreen
ISL1,lightgreen
ISM2,lightgreen
ISOC2,lightgreen
ISY1,lightgreen
ITFG2,lightgreen
ITGA11,lightgreen
ITGA8,lightgreen
ITGAE,lightgreen
ITGB4,lightgreen
ITPKA,lightgreen
ITPR1,lightgreen
JAG2,lightgreen
JAKMIP2,lightgreen
JMJD1C,lightgreen
JPH4,lightgreen
JRK,lightgreen
JUB,lightgreen
JUN,lightgreen
JUP,lightgreen
KAZALD1,lightgreen
KBTBD3,lightgreen
KCNAB2,lightgreen
KCND2,lightgreen
KCNH2,lightgreen
KCNJ16,lightgreen
KCNJ4,lightgreen
KCNMB2,lightgreen
KCTD11,lightgreen
KCTD12,lightgreen
KCTD6,lightgreen
KDM1A,lightgreen
KIAA0232,lightgreen
KIAA0240,lightgreen
KIAA0284,lightgreen
KIAA0895L,lightgreen
KIAA1024,lightgreen
KIAA1033,lightgreen
KIAA1324L,lightgreen
KIAA1432,lightgreen
KIAA1737,lightgreen
KIAA1826,lightgreen
KIAA1908,lightgreen
KIAA1949,lightgreen
KIAA1984,lightgreen
KIDINS220,lightgreen
KIF15,lightgreen
KIF25,lightgreen
KIF26B,lightgreen
KIF5B,lightgreen
KIF5C,lightgreen
KIF6,lightgreen
KIFC1,lightgreen
KIFC2,lightgreen
KIN,lightgreen
KLC2,lightgreen
KLF11,lightgreen
KLF12,lightgreen
KLF14,lightgreen
KLF15,lightgreen
KLF6,lightgreen
KLHL23,lightgreen
KLRF1,lightgreen
KNDC1,lightgreen
KRT20,lightgreen
KRT73,lightgreen
KRTAP1-3,lightgreen
KRTAP20-3,lightgreen
KSR2,lightgreen
L3MBTL4,lightgreen
LAP3,lightgreen
LARP1,lightgreen
LASS4,lightgreen
LCLAT1,lightgreen
LDHB,lightgreen
LDLR,lightgreen
LGR4,lightgreen
LHPP,lightgreen
LHX5,lightgreen
LHX8,lightgreen
LIAS,lightgreen
LIFR,lightgreen
LIMA1,lightgreen
LIPA,lightgreen
LIPJ,lightgreen
LLGL2,lightgreen
LMBRD2,lightgreen
LMF1,lightgreen
LMO3,lightgreen
LOC100129716,lightgreen
LOC100272217,lightgreen
LOC100287216,lightgreen
LOC100289511,lightgreen
LOC148709,lightgreen
LOC154449,lightgreen
LOC201651,lightgreen
LOC221710,lightgreen
LOC222699,lightgreen
LOC282997,lightgreen
LOC283174,lightgreen
LOC389791,lightgreen
LOC391322,lightgreen
LOC441666,lightgreen
LOC729668,lightgreen
LOC731789,lightgreen
LOXL2,lightgreen
LPL,lightgreen
LRBA,lightgreen
LRFN3,lightgreen
LRP2,lightgreen
LRP5,lightgreen
LRRC10,lightgreen
LRRC33,lightgreen
LRRC47,lightgreen
LRRC4B,lightgreen
LRRCC1,lightgreen
LRRFIP2,lightgreen
LRRN4,lightgreen
LSM11,lightgreen
LSM12,lightgreen
LSM14A,lightgreen
LSM5,lightgreen
LY6G5C,lightgreen
LY6K,lightgreen
LYPD5,lightgreen
LYRM2,lightgreen
LYRM7,lightgreen
LYSMD2,lightgreen
LZTR1,lightgreen
MACROD1,lightgreen
MAD1L1,lightgreen
MAD2L1BP,lightgreen
MAF,lightgreen
MAGI2,lightgreen
MALAT1,lightgreen
MAN2C1,lightgreen
MANEAL,lightgreen
MAP1B,lightgreen
MAP1D,lightgreen
MAP1LC3B,lightgreen
MAP2,lightgreen
MAP2K1,lightgreen
MAP2K5,lightgreen
MAP3K7IP2,lightgreen
MAP3K8,lightgreen
MAP4,lightgreen
MAPK14,lightgreen
MAPK7,lightgreen
MARCH2,lightgreen
MAST1,lightgreen
MAT2B,lightgreen
MATR3,lightgreen
MAVS,lightgreen
MCART2,lightgreen
MCART3P,lightgreen
MCM6,lightgreen
MCM7,lightgreen
MDH2,lightgreen
MED10,lightgreen
MED18,lightgreen
MED7,lightgreen
MEGF9,lightgreen
MEIS1,lightgreen
METTL5,lightgreen
MFAP3L,lightgreen
MGAT1,lightgreen
MGAT5B,lightgreen
MGC16275,lightgreen
MGC70857,lightgreen
MGEA5,lightgreen
MGMT,lightgreen
MGRN1,lightgreen
MIA3,lightgreen
MIAT,lightgreen
MICAL3,lightgreen
MICALL2,lightgreen
MIR217,lightgreen
MIR329-2,lightgreen
MIR639,lightgreen
MIR663,lightgreen
MITF,lightgreen
MKI67IP,lightgreen
MKL1,lightgreen
MKX,lightgreen
MLL,lightgreen
MLL5,lightgreen
MLLT11,lightgreen
MLLT4,lightgreen
MMAB,lightgreen
MME,lightgreen
MNAT1,lightgreen
MNX1,lightgreen
MOBKL2C,lightgreen
MON1A,lightgreen
MON1B,lightgreen
MORG1,lightgreen
MOV10,lightgreen
MPP2,lightgreen
MPPED2,lightgreen
MRAS,lightgreen
MRI1,lightgreen
MRPL19,lightgreen
MRPL35,lightgreen
MRPL36,lightgreen
MRPL4,lightgreen
MRPL52,lightgreen
MRPS18B,lightgreen
MRPS24,lightgreen
MRPS31,lightgreen
MSH3,lightgreen
MSH5,lightgreen
MSRB3,lightgreen
MST1R,lightgreen
MTA1,lightgreen
MTCH1,lightgreen
MTCH2,lightgreen
MTHFD1L,lightgreen
MTMR14,lightgreen
MTRF1,lightgreen
MTUS2,lightgreen
MX1,lightgreen
MYBL1,lightgreen
MYBPC2,lightgreen
MYD88,lightgreen
MYH15,lightgreen
MYNN,lightgreen
MYO1B,lightgreen
MYO9B,lightgreen
MYOF,lightgreen
NAALAD2,lightgreen
NAALADL2,lightgreen
NAB2,lightgreen
NAGPA,lightgreen
NALCN,lightgreen
NAPB,lightgreen
NASP,lightgreen
NAT10,lightgreen
NAT8L,lightgreen
NAV2,lightgreen
NBAS,lightgreen
NBR2,lightgreen
NCBP2,lightgreen
NCK2,lightgreen
NCKAP5,lightgreen
NCL,lightgreen
NCOA2,lightgreen
NCRNA00095,lightgreen
NDRG2,lightgreen
NDUFB4,lightgreen
NDUFV1,lightgreen
NECAP1,lightgreen
NEDD4,lightgreen
NEFM,lightgreen
NEK1,lightgreen
NETO2,lightgreen
NEU1,lightgreen
NEU3,lightgreen
NEURL,lightgreen
NEUROG3,lightgreen
NFAT5,lightgreen
NFATC2,lightgreen
NFIA,lightgreen
NFYC,lightgreen
NGDN,lightgreen
NGFR,lightgreen
NHLRC2,lightgreen
NINJ2,lightgreen
NIPAL3,lightgreen
NKX2-5,lightgreen
NKX2-6,lightgreen
NOL12,lightgreen
NPY2R,lightgreen
NR2F2,lightgreen
NR4A2,lightgreen
NRD1,lightgreen
NRG1,lightgreen
NRGN,lightgreen
NRN1,lightgreen
NRXN3,lightgreen
NSMAF,lightgreen
NSUN2,lightgreen
NSUN3,lightgreen
NT5C3,lightgreen
NTN4,lightgreen
NTRK3,lightgreen
NTSR1,lightgreen
NUDT15,lightgreen
NUPL1,lightgreen
OBFC2B,lightgreen
OCIAD2,lightgreen
ODZ3,lightgreen
ODZ4,lightgreen
OLA1,lightgreen
OMA1,lightgreen
OPN5,lightgreen
OPRD1,lightgreen
OR10Q1,lightgreen
OVOL1,lightgreen
OXCT1,lightgreen
OXNAD1,lightgreen
PAFAH1B1,lightgreen
PAIP2B,lightgreen
PAN2,lightgreen
PAOX,lightgreen
PAPPA,lightgreen
PARK2,lightgreen
PARK7,lightgreen
PARP16,lightgreen
PARP4,lightgreen
PARS2,lightgreen
PC,lightgreen
PCDH1,lightgreen
PCDH17,lightgreen
PCDHAC2,lightgreen
PCDHB7,lightgreen
PCDHGA1,lightgreen
PCYOX1L,lightgreen
PDCD10,lightgreen
PDCD2,lightgreen
PDCL3,lightgreen
PDE5A,lightgreen
PDF,lightgreen
PDGFC,lightgreen
PDGFRL,lightgreen
PDLIM5,lightgreen
PELI2,lightgreen
PEX13,lightgreen
PFDN5,lightgreen
PFKFB3,lightgreen
PGAM1,lightgreen
PGD,lightgreen
PGRMC2,lightgreen
PHACTR4,lightgreen
PHAX,lightgreen
PHC2,lightgreen
PHF1,lightgreen
PHF17,lightgreen
PHLDB3,lightgreen
PHRF1,lightgreen
PIAS2,lightgreen
PIF1,lightgreen
PIGL,lightgreen
PIGV,lightgreen
PIGZ,lightgreen
PIK3CD,lightgreen
PIK3R3,lightgreen
PIM1,lightgreen
PINX1,lightgreen
PIP4K2C,lightgreen
PITRM1,lightgreen
PKD1L1,lightgreen
PKN2,lightgreen
PKNOX1,lightgreen
PLA2G6,lightgreen
PLCB3,lightgreen
PLCB4,lightgreen
PLD3,lightgreen
PLEKHA1,lightgreen
PLEKHA3,lightgreen
PLEKHG2,lightgreen
PLIN3,lightgreen
PLK3,lightgreen
PM20D1,lightgreen
PMM1,lightgreen
PMP22,lightgreen
PMPCB,lightgreen
PNPT1,lightgreen
PODXL,lightgreen
POFUT2,lightgreen
POLDIP3,lightgreen
POLE,lightgreen
POLG,lightgreen
POLI,lightgreen
POLR2E,lightgreen
POLR2G,lightgreen
POLR3E,lightgreen
POPDC3,lightgreen
PPA2,lightgreen
PPCDC,lightgreen
PPDPF,lightgreen
PPFIBP1,lightgreen
PPIA,lightgreen
PPIB,lightgreen
PPID,lightgreen
PPIL2,lightgreen
PPIL3,lightgreen
PPP1R3E,lightgreen
PPP2R5B,lightgreen
PPWD1,lightgreen
PQLC3,lightgreen
PRDM11,lightgreen
PRDX3,lightgreen
PREX1,lightgreen
PRIM1,lightgreen
PRKAG2,lightgreen
PRKAR1B,lightgreen
PRKAR2B,lightgreen
PRKCB,lightgreen
PRKCE,lightgreen
PRKCH,lightgreen
PRKCZ,lightgreen
PRKD2,lightgreen
PRKG1,lightgreen
PRKRIP1,lightgreen
PRKRIR,lightgreen
PRL,lightgreen
PRPF18,lightgreen
PRSS42,lightgreen
PSEN2,lightgreen
PSMA1,lightgreen
PSMA4,lightgreen
PSMB3,lightgreen
PSMB4,lightgreen
PSMB9,lightgreen
PSMC2,lightgreen
PSMC3,lightgreen
PSMD1,lightgreen
PSMD12,lightgreen
PSMD13,lightgreen
PSMD3,lightgreen
PSME4,lightgreen
PSMF1,lightgreen
PSTPIP2,lightgreen
PTCD2,lightgreen
PTEN,lightgreen
PTGFR,lightgreen
PTGIS,lightgreen
PTGS1,lightgreen
PTGS2,lightgreen
PTH1R,lightgreen
PTN,lightgreen
PTP4A1,lightgreen
PTPN12,lightgreen
PTPRJ,lightgreen
PTPRN2,lightgreen
PURG,lightgreen
PUS7L,lightgreen
PVRL2,lightgreen
PVT1,lightgreen
PWP2,lightgreen
PXMP3,lightgreen
PXN,lightgreen
RAB11FIP5,lightgreen
RAB22A,lightgreen
RAB35,lightgreen
RAB36,lightgreen
RAB39,lightgreen
RAB3GAP1,lightgreen
RABEP2,lightgreen
RABIF,lightgreen
RAC1,lightgreen
RAD51AP2,lightgreen
RAD54L,lightgreen
RADIL,lightgreen
RAF1,lightgreen
RAG2,lightgreen
RAI14,lightgreen
RALGAPA1,lightgreen
RALGPS2,lightgreen
RANBP3,lightgreen
RAP1GAP,lightgreen
RARA,lightgreen
RASA3,lightgreen
RASD2,lightgreen
RASGRF2,lightgreen
RASSF5,lightgreen
RB1,lightgreen
RBBP6,lightgreen
RBM14,lightgreen
RBM28,lightgreen
RBMS1,lightgreen
RCAN1,lightgreen
RCC2,lightgreen
RCSD1,lightgreen
REEP1,lightgreen
REEP2,lightgreen
REPIN1,lightgreen
REPS1,lightgreen
RER1,lightgreen
RERG,lightgreen
RET,lightgreen
RFC1,lightgreen
RFK,lightgreen
RFTN1,lightgreen
RFX2,lightgreen
RGS1,lightgreen
RGS17,lightgreen
RGS5,lightgreen
RHBDL3,lightgreen
RHEBL1,lightgreen
RIMS1,lightgreen
RMRP,lightgreen
RNASEH1,lightgreen
RNF13,lightgreen
RNF130,lightgreen
RNF141,lightgreen
RNF215,lightgreen
RNF220,lightgreen
RNF34,lightgreen
RNF41,lightgreen
ROCK2,lightgreen
ROR1,lightgreen
RORA,lightgreen
RPH3AL,lightgreen
RPL22L1,lightgreen
RPL27,lightgreen
RPRD1A,lightgreen
RPS14,lightgreen
RPS20,lightgreen
RPS24,lightgreen
RPS26,lightgreen
RPUSD1,lightgreen
RRAGC,lightgreen
RRBP1,lightgreen
RRP1,lightgreen
RRP7A,lightgreen
RSL1D1,lightgreen
RSPH6A,lightgreen
RSPO1,lightgreen
RSPO2,lightgreen
RSPO3,lightgreen
RTDR1,lightgreen
RTL1,lightgreen
RUNX2,lightgreen
RWDD1,lightgreen
SAFB2,lightgreen
SALL2,lightgreen
SAMM50,lightgreen
SAR1A,lightgreen
SARM1,lightgreen
SART1,lightgreen
SATB2,lightgreen
SCAPER,lightgreen
SCD,lightgreen
SCG3,lightgreen
SCGB2A1,lightgreen
SCN4B,lightgreen
SCN5A,lightgreen
SCN8A,lightgreen
SDAD1,lightgreen
SDC4,lightgreen
SDCCAG1,lightgreen
SEBOX,lightgreen
SEC1,lightgreen
SEC14L2,lightgreen
SEC16B,lightgreen
SEC61A2,lightgreen
SEH1L,lightgreen
SELM,lightgreen
SELT,lightgreen
SEMA3A,lightgreen
SEMA3C,lightgreen
SEMA4F,lightgreen
SEMA6A,lightgreen
SEMA6D,lightgreen
SENP1,lightgreen
SEPT10,lightgreen
SEPT9,lightgreen
SERAC1,lightgreen
SETMAR,lightgreen
SF3B2,lightgreen
SFMBT2,lightgreen
SFRS1,lightgreen
SFRS13A,lightgreen
SFRS2IP,lightgreen
SFXN5,lightgreen
SGMS2,lightgreen
SGOL2,lightgreen
SGPL1,lightgreen
SH3GL3,lightgreen
SH3RF3,lightgreen
SHANK2,lightgreen
SHC4,lightgreen
SHISA2,lightgreen
SHISA9,lightgreen
SIAH3,lightgreen
SIDT1,lightgreen
SIK3,lightgreen
SIN3A,lightgreen
SIPA1L2,lightgreen
SKIV2L,lightgreen
SKIV2L2,lightgreen
SLAIN2,lightgreen
SLC12A7,lightgreen
SLC15A4,lightgreen
SLC20A1,lightgreen
SLC22A9,lightgreen
SLC24A6,lightgreen
SLC25A12,lightgreen
SLC25A13,lightgreen
SLC25A28,lightgreen
SLC25A40,lightgreen
SLC25A44,lightgreen
SLC26A6,lightgreen
SLC27A4,lightgreen
SLC27A5,lightgreen
SLC29A2,lightgreen
SLC2A1,lightgreen
SLC30A7,lightgreen
SLC35E1,lightgreen
SLC35F3,lightgreen
SLC36A1,lightgreen
SLC38A1,lightgreen
SLC38A10,lightgreen
SLC39A10,lightgreen
SLC39A14,lightgreen
SLC41A1,lightgreen
SLC43A1,lightgreen
SLC4A3,lightgreen
SLC4A4,lightgreen
SLC6A2,lightgreen
SLC6A5,lightgreen
SLCO5A1,lightgreen
SLFN11,lightgreen
SLITRK1,lightgreen
SLTM,lightgreen
SMAD5,lightgreen
SMAD7,lightgreen
SMAP1,lightgreen
SMARCD3,lightgreen
SMG7,lightgreen
SMYD1,lightgreen
SNCA,lightgreen
SND1,lightgreen
SNHG11,lightgreen
SNORA76,lightgreen
SNORD27,lightgreen
SNORD63,lightgreen
SNRK,lightgreen
SNRPB,lightgreen
SNTG2,lightgreen
SNX14,lightgreen
SNX16,lightgreen
SNX30,lightgreen
SOCS2,lightgreen
SOCS5,lightgreen
SOCS7,lightgreen
SORBS1,lightgreen
SORBS2,lightgreen
SORT1,lightgreen
SOX12,lightgreen
SOX18,lightgreen
SOX21,lightgreen
SOX2OT,lightgreen
SOX30,lightgreen
SOX9,lightgreen
SPAG16,lightgreen
SPATA2,lightgreen
SPATA7,lightgreen
SPATS2L,lightgreen
SPHK1,lightgreen
SPINK5L3,lightgreen
SPIRE1,lightgreen
SPPL2B,lightgreen
SPTBN4,lightgreen
SQSTM1,lightgreen
SRFBP1,lightgreen
SRGAP3,lightgreen
SRI,lightgreen
SSBP3,lightgreen
SSRP1,lightgreen
ST14,lightgreen
ST6GALNAC1,lightgreen
STAB2,lightgreen
STARD10,lightgreen
STARD5,lightgreen
STAT6,lightgreen
STEAP3,lightgreen
STK17B,lightgreen
STK3,lightgreen
STK38,lightgreen
STK4,lightgreen
STMN1,lightgreen
STRA8,lightgreen
STRN3,lightgreen
STX7,lightgreen
STX8,lightgreen
STXBP3,lightgreen
STXBP5L,lightgreen
SULF2,lightgreen
SUMO3,lightgreen
SUV420H2,lightgreen
SVIL,lightgreen
SVIP,lightgreen
SYNGAP1,lightgreen
SYT11,lightgreen
SYT15,lightgreen
SYT4,lightgreen
TAF12,lightgreen
TAF13,lightgreen
TAF6,lightgreen
TAL1,lightgreen
TANC2,lightgreen
TAS2R5,lightgreen
TATDN1,lightgreen
TAX1BP1,lightgreen
TBC1D14,lightgreen
TBC1D15,lightgreen
TBC1D16,lightgreen
TBC1D19,lightgreen
TBC1D22A,lightgreen
TBC1D9,lightgreen
TBCA,lightgreen
TBCD,lightgreen
TBL1XR1,lightgreen
TBX15,lightgreen
TBXAS1,lightgreen
TCEB3B,lightgreen
TCF23,lightgreen
TCF4,lightgreen
TCFL5,lightgreen
TCHHL1,lightgreen
TCP11L1,lightgreen
TECTA,lightgreen
TFAP2B,lightgreen
TGFB2,lightgreen
TGIF1,lightgreen
TH,lightgreen
TH1L,lightgreen
THAP10,lightgreen
THBS2,lightgreen
THEM5,lightgreen
THG1L,lightgreen
TIGD4,lightgreen
TIPRL,lightgreen
TIRAP,lightgreen
TJP2,lightgreen
TM6SF1,lightgreen
TM9SF3,lightgreen
TM9SF4,lightgreen
TMCC1,lightgreen
TMED5,lightgreen
TMEM101,lightgreen
TMEM120A,lightgreen
TMEM129,lightgreen
TMEM130,lightgreen
TMEM132C,lightgreen
TMEM143,lightgreen
TMEM156,lightgreen
TMEM17,lightgreen
TMEM178,lightgreen
TMEM194B,lightgreen
TMEM212,lightgreen
TMEM217,lightgreen
TMEM229B,lightgreen
TMEM25,lightgreen
TMEM30A,lightgreen
TMEM39B,lightgreen
TMEM41A,lightgreen
TMEM51,lightgreen
TMEM56,lightgreen
TMEM62,lightgreen
TMEM65,lightgreen
TMEM71,lightgreen
TMEM80,lightgreen
TMOD3,lightgreen
TMTC2,lightgreen
TMX1,lightgreen
TNFAIP8L1,lightgreen
TNFSF11,lightgreen
TNIK,lightgreen
TNKS,lightgreen
TNXB,lightgreen
TOMM7,lightgreen
TOP2B,lightgreen
TOX,lightgreen
TP53INP1,lightgreen
TPD52,lightgreen
TPD52L1,lightgreen
TPM2,lightgreen
TPP2,lightgreen
TPRA1,lightgreen
TPST1,lightgreen
TRAF2,lightgreen
TRAF3IP1,lightgreen
TRAIP,lightgreen
TRAPPC3,lightgreen
TRAPPC6B,lightgreen
TRAPPC9,lightgreen
TRIAP1,lightgreen
TRIL,lightgreen
TRIM13,lightgreen
TRIM2,lightgreen
TRIM27,lightgreen
TRIM3,lightgreen
TRIM31,lightgreen
TRIM39,lightgreen
TRIM4,lightgreen
TRIM59,lightgreen
TRIO,lightgreen
TRIP11,lightgreen
TRIP4,lightgreen
TRMT1,lightgreen
TRMT11,lightgreen
TRMT12,lightgreen
TRMT61B,lightgreen
TRPM3,lightgreen
TRPM7,lightgreen
TSC22D2,lightgreen
TSEN54,lightgreen
TSG101,lightgreen
TSLP,lightgreen
TSNAX-DISC1,lightgreen
TSPAN14,lightgreen
TSTA3,lightgreen
TTBK1,lightgreen
TTC26,lightgreen
TTC31,lightgreen
TTC9C,lightgreen
TTLL1,lightgreen
TTLL10,lightgreen
TTLL5,lightgreen
TTYH1,lightgreen
TTYH3,lightgreen
TUBB,lightgreen
TUBGCP2,lightgreen
TUFM,lightgreen
TXN,lightgreen
TXNDC17,lightgreen
TXNL4B,lightgreen
TYMS,lightgreen
U2AF2,lightgreen
UAP1L1,lightgreen
UBASH3B,lightgreen
UBE2CBP,lightgreen
UBE2D3,lightgreen
UBE2E1,lightgreen
UBE2E2,lightgreen
UBE2G1,lightgreen
UBE2G2,lightgreen
UBE2K,lightgreen
UBE2L3,lightgreen
UBE2O,lightgreen
UBE2Q1,lightgreen
UBE2S,lightgreen
UBE2V2,lightgreen
UBE4A,lightgreen
UBP1,lightgreen
UBR3,lightgreen
UBTD2,lightgreen
UFC1,lightgreen
UGGT1,lightgreen
UHRF2,lightgreen
UNC5C,lightgreen
UNKL,lightgreen
UOX,lightgreen
UROS,lightgreen
USF1,lightgreen
USP12,lightgreen
USP18,lightgreen
USP24,lightgreen
USP3,lightgreen
USP33,lightgreen
USP39,lightgreen
USP42,lightgreen
USP54,lightgreen
USP6NL,lightgreen
VAV2,lightgreen
VAV3,lightgreen
VAX2,lightgreen
VCL,lightgreen
VEZT,lightgreen
VIPR2,lightgreen
VKORC1,lightgreen
VOPP1,lightgreen
VPS25,lightgreen
VPS33B,lightgreen
VPS37B,lightgreen
VPS52,lightgreen
VPS53,lightgreen
VRK1,lightgreen
VSNL1,lightgreen
VWA3B,lightgreen
WAPAL,lightgreen
WARS2,lightgreen
WASF2,lightgreen
WASL,lightgreen
WDR26,lightgreen
WDR33,lightgreen
WDR45L,lightgreen
WDR51B,lightgreen
WDR59,lightgreen
WDR65,lightgreen
WDR76,lightgreen
WDR82,lightgreen
WDR91,lightgreen
WDSUB1,lightgreen
WDYHV1,lightgreen
WHSC1,lightgreen
WIF1,lightgreen
WIPF2,lightgreen
WIZ,lightgreen
WNK4,lightgreen
WNT3A,lightgreen
WRB,lightgreen
WSB2,lightgreen
WWOX,lightgreen
WWP1,lightgreen
XAB2,lightgreen
XBP1,lightgreen
XKR5,lightgreen
XKR6,lightgreen
XPO1,lightgreen
XRCC1,lightgreen
XRCC6,lightgreen
YIPF1,lightgreen
YIPF2,lightgreen
YIPF7,lightgreen
YPEL2,lightgreen
YWHAH,lightgreen
YWHAQ,lightgreen
ZAR1L,lightgreen
ZBTB2,lightgreen
ZBTB20,lightgreen
ZBTB22,lightgreen
ZBTB43,lightgreen
ZC3H10,lightgreen
ZC3H11A,lightgreen
ZC3H12C,lightgreen
ZC3H13,lightgreen
ZC3H6,lightgreen
ZCCHC2,lightgreen
ZCCHC3,lightgreen
ZCCHC4,lightgreen
ZCCHC6,lightgreen
ZDHHC16,lightgreen
ZDHHC23,lightgreen
ZDHHC5,lightgreen
ZEB2,lightgreen
ZFAT,lightgreen
ZFP30,lightgreen
ZFP62,lightgreen
ZFP91,lightgreen
ZFYVE26,lightgreen
ZIC5,lightgreen
ZKSCAN2,lightgreen
ZMYND8,lightgreen
ZNF101,lightgreen
ZNF165,lightgreen
ZNF180,lightgreen
ZNF219,lightgreen
ZNF24,lightgreen
ZNF252,lightgreen
ZNF260,lightgreen
ZNF323,lightgreen
ZNF324,lightgreen
ZNF385B,lightgreen
ZNF397,lightgreen
ZNF414,lightgreen
ZNF445,lightgreen
ZNF491,lightgreen
ZNF496,lightgreen
ZNF498,lightgreen
ZNF516,lightgreen
ZNF528,lightgreen
ZNF585B,lightgreen
ZNF605,lightgreen
ZNF618,lightgreen
ZNF619,lightgreen
ZNF626,lightgreen
ZNF638,lightgreen
ZNF662,lightgreen
ZNF672,lightgreen
ZNF680,lightgreen
ZNF707,lightgreen
ZNF718,lightgreen
ZNF720,lightgreen
ZNF768,lightgreen
ZNF772,lightgreen
ZNF780A,lightgreen
ZNF790,lightgreen
ZNF793,lightgreen
ZNF808,lightgreen
ZNF833,lightgreen
ZNF837,lightgreen
ZNF93,lightgreen
ZSCAN20,lightgreen
ZSCAN5A,lightgreen
ZSWIM4,lightgreen
ZSWIM5,lightgreen
ZZEF1,lightgreen
ZZZ3,lightgreen
AARS,lightyellow
ABHD10,lightyellow
ABHD4,lightyellow
ABLIM2,lightyellow
ABR,lightyellow
ACCN1,lightyellow
ACE,lightyellow
ACIN1,lightyellow
ACLY,lightyellow
ACO2,lightyellow
ACOXL,lightyellow
ACTR10,lightyellow
ADAM17,lightyellow
ADAM29,lightyellow
ADAMTS1,lightyellow
ADAMTS3,lightyellow
ADAMTS6,lightyellow
ADAP1,lightyellow
ADARB2,lightyellow
ADAT3,lightyellow
ADCY3,lightyellow
ADCY9,lightyellow
ADH5,lightyellow
ADM,lightyellow
ADRA2A,lightyellow
AEBP2,lightyellow
AES,lightyellow
AGA,lightyellow
AGAP1,lightyellow
AGPAT4,lightyellow
AHSA2,lightyellow
AICDA,lightyellow
AIG1,lightyellow
ALK,lightyellow
ALMS1,lightyellow
ALOX15B,lightyellow
AMD1,lightyellow
AMOTL1,lightyellow
ANAPC5,lightyellow
ANAPC7,lightyellow
ANKRD12,lightyellow
ANKRD53,lightyellow
ANKRD9,lightyellow
ANO4,lightyellow
ANTXR1,lightyellow
ANXA7,lightyellow
AP1S1,lightyellow
AP3M2,lightyellow
APBB1,lightyellow
APH1A,lightyellow
APH1B,lightyellow
AQP11,lightyellow
ARF1,lightyellow
ARF6,lightyellow
ARFGEF1,lightyellow
ARGLU1,lightyellow
ARHGAP12,lightyellow
ARHGEF10,lightyellow
ARHGEF7,lightyellow
ARID5B,lightyellow
ARL5B,lightyellow
ARL6IP6,lightyellow
ARPC3,lightyellow
ARRDC4,lightyellow
ARSJ,lightyellow
ARVCF,lightyellow
ASAP3,lightyellow
ASF1B,lightyellow
ASPH,lightyellow
ASS1,lightyellow
ASXL1,lightyellow
ATCAY,lightyellow
ATF3,lightyellow
ATF4,lightyellow
ATL1,lightyellow
ATP6V0D1,lightyellow
ATP6V1B2,lightyellow
ATP6V1F,lightyellow
ATP8B4,lightyellow
ATR,lightyellow
ATXN1,lightyellow
ATXN10,lightyellow
ATXN3,lightyellow
AUTS2,lightyellow
AZI1,lightyellow
B3GALT4,lightyellow
B3GAT2,lightyellow
B4GALNT4,lightyellow
BAHD1,lightyellow
BAIAP2L1,lightyellow
BAT2,lightyellow
BAT5,lightyellow
BBS9,lightyellow
BCAR1,lightyellow
BCL6,lightyellow
BCO2,lightyellow
BDNF,lightyellow
BFSP1,lightyellow
BICC1,lightyellow
BIK,lightyellow
BLCAP,lightyellow
BLM,lightyellow
BMP4,lightyellow
BMPER,lightyellow
BRD2,lightyellow
BRI3,lightyellow
BRP44L,lightyellow
BRPF3,lightyellow
BRUNOL4,lightyellow
BTN2A3,lightyellow
C10ORF105,lightyellow
C10ORF18,lightyellow
C10ORF2,lightyellow
C10ORF76,lightyellow
C11ORF74,lightyellow
C11ORF80,lightyellow
C11ORF84,lightyellow
C12ORF35,lightyellow
C12ORF52,lightyellow
C12ORF61,lightyellow
C12ORF62,lightyellow
C13ORF35,lightyellow
C14ORF135,lightyellow
C14ORF184,lightyellow
C14ORF38,lightyellow
C15ORF39,lightyellow
C16ORF63,lightyellow
C16ORF75,lightyellow
C17ORF47,lightyellow
C17ORF81,lightyellow
C17ORF97,lightyellow
C17ORF98,lightyellow
C19ORF48,lightyellow
C19ORF66,lightyellow
C1ORF124,lightyellow
C1ORF14,lightyellow
C1ORF159,lightyellow
C1ORF31,lightyellow
C20ORF194,lightyellow
C20ORF24,lightyellow
C22ORF32,lightyellow
C2ORF3,lightyellow
C2ORF39,lightyellow
C2ORF55,lightyellow
C2ORF63,lightyellow
C3ORF18,lightyellow
C3ORF39,lightyellow
C3ORF49,lightyellow
C3ORF52,lightyellow
C3ORF63,lightyellow
C3ORF70,lightyellow
C3ORF75,lightyellow
C3P1,lightyellow
C4ORF32,lightyellow
C5ORF44,lightyellow
C5ORF52,lightyellow
C6ORF114,lightyellow
C6ORF211,lightyellow
C6ORF225,lightyellow
C6ORF48,lightyellow
C7ORF31,lightyellow
C7ORF50,lightyellow
C7ORF65,lightyellow
C8G,lightyellow
C8ORF44,lightyellow
C8ORF59,lightyellow
C8ORF76,lightyellow
C9ORF3,lightyellow
CABIN1,lightyellow
CABYR,lightyellow
CACNA1E,lightyellow
CACNA2D3,lightyellow
CACNB4,lightyellow
CALD1,lightyellow
CALM1,lightyellow
CAP2,lightyellow
CAPN10,lightyellow
CAPNS1,lightyellow
CASC3,lightyellow
CAST,lightyellow
CASZ1,lightyellow
CBR4,lightyellow
CC2D2A,lightyellow
CCDC117,lightyellow
CCDC127,lightyellow
CCDC15,lightyellow
CCDC28A,lightyellow
CCDC40,lightyellow
CCDC88B,lightyellow
CCDC9,lightyellow
CCNB2,lightyellow
CCNYL1,lightyellow
CCT3,lightyellow
CD109,lightyellow
CD247,lightyellow
CD46,lightyellow
CD6,lightyellow
CDC20,lightyellow
CDH4,lightyellow
CDK14,lightyellow
CDK2AP1,lightyellow
CDK7,lightyellow
CDKN2D,lightyellow
CDR2,lightyellow
CELSR3,lightyellow
CEP68,lightyellow
CEP72,lightyellow
CERK,lightyellow
CERKL,lightyellow
CFL2,lightyellow
CHD7,lightyellow
CHL1,lightyellow
CHMP2A,lightyellow
CHMP4B,lightyellow
CHRDL2,lightyellow
CHRNB3,lightyellow
CHSY1,lightyellow
CIRBP,lightyellow
CKS2,lightyellow
CLCNKB,lightyellow
CLDN10,lightyellow
CLDN12,lightyellow
CLDND1,lightyellow
CLIP4,lightyellow
CMPK2,lightyellow
CMTM5,lightyellow
CMTM6,lightyellow
CNOT2,lightyellow
CNR1,lightyellow
COG1,lightyellow
COIL,lightyellow
COL11A2,lightyellow
COL12A1,lightyellow
COL4A1,lightyellow
COL6A3,lightyellow
COMTD1,lightyellow
COQ3,lightyellow
COQ7,lightyellow
COX6A1,lightyellow
COX7A2,lightyellow
CPA1,lightyellow
CPA4,lightyellow
CPEB2,lightyellow
CPNE4,lightyellow
CPXM2,lightyellow
CRABP2,lightyellow
CREB1,lightyellow
CREB5,lightyellow
CREM,lightyellow
CRIM1,lightyellow
CROT,lightyellow
CRTAP,lightyellow
CRY1,lightyellow
CSMD3,lightyellow
CSNK1E,lightyellow
CSNK2B,lightyellow
CTBP2,lightyellow
CTNNA1,lightyellow
CXCR4,lightyellow
CYB5B,lightyellow
CYC1,lightyellow
CYP1A1,lightyellow
CYP2D7P1,lightyellow
CYR61,lightyellow
D2HGDH,lightyellow
DARS2,lightyellow
DCAF6,lightyellow
DCLK2,lightyellow
DCST1,lightyellow
DDAH2,lightyellow
DDR1,lightyellow
DDR2,lightyellow
DDX59,lightyellow
DENND3,lightyellow
DFFB,lightyellow
DGCR2,lightyellow
DHRS7,lightyellow
DHTKD1,lightyellow
DHX16,lightyellow
DIAPH3,lightyellow
DIP2A,lightyellow
DIP2C,lightyellow
DIRC3,lightyellow
DLG2,lightyellow
DLL1,lightyellow
DLX4,lightyellow
DNAH11,lightyellow
DNAH2,lightyellow
DNAH8,lightyellow
DNM3,lightyellow
DNMBP,lightyellow
DOCK3,lightyellow
DOM3Z,lightyellow
DPM1,lightyellow
DPP4,lightyellow
DPYD,lightyellow
DSG4,lightyellow
DUSP19,lightyellow
DUSP22,lightyellow
DUT,lightyellow
DVL1,lightyellow
DVL3,lightyellow
DYNC1H1,lightyellow
EDC3,lightyellow
EDEM3,lightyellow
EEF2K,lightyellow
EFHD1,lightyellow
EFR3B,lightyellow
EGR4,lightyellow
EIF2AK4,lightyellow
EIF2C2,lightyellow
EIF4G1,lightyellow
EIF5B,lightyellow
ELOVL5,lightyellow
ELP4,lightyellow
EMX2,lightyellow
ENPP4,lightyellow
EPM2AIP1,lightyellow
ERC1,lightyellow
ERGIC2,lightyellow
ERI3,lightyellow
ETV1,lightyellow
ETV6,lightyellow
EVC2,lightyellow
EXOC1,lightyellow
EXOC4,lightyellow
EXOC6,lightyellow
EXT1,lightyellow
FABP5,lightyellow
FAM100B,lightyellow
FAM102A,lightyellow
FAM105A,lightyellow
FAM107B,lightyellow
FAM110C,lightyellow
FAM125B,lightyellow
FAM133B,lightyellow
FAM135A,lightyellow
FAM172A,lightyellow
FAM174A,lightyellow
FAM175B,lightyellow
FAM38A,lightyellow
FAM3B,lightyellow
FAM43A,lightyellow
FAM48A,lightyellow
FAM50B,lightyellow
FAM55A,lightyellow
FAM83B,lightyellow
FAM8A1,lightyellow
FANCE,lightyellow
FANCG,lightyellow
FBN1,lightyellow
FBXO11,lightyellow
FBXO15,lightyellow
FBXO38,lightyellow
FBXO43,lightyellow
FERMT1,lightyellow
FGF1,lightyellow
FICD,lightyellow
FIGNL1,lightyellow
FKBP11,lightyellow
FLAD1,lightyellow
FLII,lightyellow
FN1,lightyellow
FOXJ3,lightyellow
FOXO3,lightyellow
FRMD6,lightyellow
FTSJD1,lightyellow
FUT11,lightyellow
FZD6,lightyellow
G3BP1,lightyellow
GAB1,lightyellow
GABPB2,lightyellow
GABRA2,lightyellow
GADL1,lightyellow
GAL3ST4,lightyellow
GALR1,lightyellow
GAPDH,lightyellow
GARS,lightyellow
GAS2L1,lightyellow
GBF1,lightyellow
GBP1,lightyellow
GFOD1,lightyellow
GFRA2,lightyellow
GHITM,lightyellow
GLB1,lightyellow
GLRX2,lightyellow
GMDS,lightyellow
GMIP,lightyellow
GNA12,lightyellow
GNG7,lightyellow
GNPNAT1,lightyellow
GOLGA3,lightyellow
GOLGA5,lightyellow
GPC6,lightyellow
GPR126,lightyellow
GPR141,lightyellow
GPX5,lightyellow
GRB10,lightyellow
GRM5,lightyellow
GRM7,lightyellow
GTF2F1,lightyellow
GUCY2E,lightyellow
HAP1,lightyellow
HARS,lightyellow
HAS2,lightyellow
HAUS4,lightyellow
HCCA2,lightyellow
HCG4,lightyellow
HDAC2,lightyellow
HDAC4,lightyellow
HEATR2,lightyellow
HECW2,lightyellow
HGC6.3,lightyellow
HIST1H1E,lightyellow
HIST1H4C,lightyellow
HIST1H4H,lightyellow
HLA-DQB2,lightyellow
HMG20A,lightyellow
HMGCS1,lightyellow
HNRNPUL1,lightyellow
HNRPDL,lightyellow
HOXC8,lightyellow
HP1BP3,lightyellow
HPDL,lightyellow
HPSE,lightyellow
HS1BP3,lightyellow
HSBP1,lightyellow
HSD17B12,lightyellow
HSD17B4,lightyellow
HSF4,lightyellow
HSPBP1,lightyellow
IARS,lightyellow
ID1,lightyellow
IDH3A,lightyellow
IDI1,lightyellow
IDUA,lightyellow
IFI6,lightyellow
IFIT2,lightyellow
IGF2BP3,lightyellow
IGFBP5,lightyellow
IHH,lightyellow
IKBIP,lightyellow
IL12A,lightyellow
IL17D,lightyellow
IL17RA,lightyellow
IL31RA,lightyellow
IL4R,lightyellow
ING4,lightyellow
INPP5A,lightyellow
INSIG2,lightyellow
INSM2,lightyellow
IPO8,lightyellow
IQGAP2,lightyellow
IREB2,lightyellow
IRF2,lightyellow
IRS1,lightyellow
ITGA3,lightyellow
ITGB1,lightyellow
ITPR1,lightyellow
ITPR2,lightyellow
IVD,lightyellow
JAK1,lightyellow
JAM2,lightyellow
JARID2,lightyellow
JPH3,lightyellow
JPH4,lightyellow
JUP,lightyellow
KCNA6,lightyellow
KCNB1,lightyellow
KCNJ3,lightyellow
KCNK18,lightyellow
KCNK6,lightyellow
KCNQ4,lightyellow
KDM1B,lightyellow
KDM2A,lightyellow
KHDRBS3,lightyellow
KIAA0101,lightyellow
KIAA1033,lightyellow
KIAA1211,lightyellow
KIAA1614,lightyellow
KIAA1841,lightyellow
KIF25,lightyellow
KIF26A,lightyellow
KIF26B,lightyellow
KIF2C,lightyellow
KIFC1,lightyellow
KLHL22,lightyellow
KLHL5,lightyellow
KPNA3,lightyellow
KPNA4,lightyellow
KRAS,lightyellow
KRCC1,lightyellow
KREMEN1,lightyellow
KRT20,lightyellow
KTN1,lightyellow
LAMA4,lightyellow
LAMB2L,lightyellow
LAPTM5,lightyellow
LATS2,lightyellow
LDB1,lightyellow
LDHA,lightyellow
LDLRAD2,lightyellow
LIMCH1,lightyellow
LMBR1,lightyellow
LOC100128164,lightyellow
LOC100128731,lightyellow
LOC100130331,lightyellow
LOC100169752,lightyellow
LOC100270746,lightyellow
LOC283856,lightyellow
LOC284440,lightyellow
LOC285740,lightyellow
LOC388789,lightyellow
LOC389458,lightyellow
LOC653391,lightyellow
LOC729799,lightyellow
LOC91948,lightyellow
LOXL1,lightyellow
LPCAT3,lightyellow
LRP5L,lightyellow
LRRC27,lightyellow
LRRC61,lightyellow
LRRCC1,lightyellow
LRTOMT,lightyellow
LRWD1,lightyellow
LTB,lightyellow
LTV1,lightyellow
LVRN,lightyellow
LY86,lightyellow
LYRM1,lightyellow
MAD1L1,lightyellow
MAGI1,lightyellow
MAGOH,lightyellow
MAN2A1,lightyellow
MAP3K9,lightyellow
MAPK14,lightyellow
MAPK9,lightyellow
MAPKAPK3,lightyellow
MARCH5,lightyellow
MAS1L,lightyellow
MATK,lightyellow
MATR3,lightyellow
MBOAT2,lightyellow
MCFD2,lightyellow
MCM10,lightyellow
MCPH1,lightyellow
ME1,lightyellow
ME2,lightyellow
ME3,lightyellow
MED11,lightyellow
MED28,lightyellow
MED8,lightyellow
MEIG1,lightyellow
METRNL,lightyellow
METTL1,lightyellow
MFHAS1,lightyellow
MGAT1,lightyellow
MGMT,lightyellow
MICAL2,lightyellow
MICAL3,lightyellow
MIR124-3,lightyellow
MIR193A,lightyellow
MIR2117,lightyellow
MIR548H3,lightyellow
MIR549,lightyellow
MIR564,lightyellow
MKLN1,lightyellow
MKRN2,lightyellow
MLF1IP,lightyellow
MLF2,lightyellow
MLL,lightyellow
MLLT4,lightyellow
MMAB,lightyellow
MMACHC,lightyellow
MMS19,lightyellow
MORN4,lightyellow
MPHOSPH8,lightyellow
MRPL1,lightyellow
MRPL22,lightyellow
MRPS18B,lightyellow
MRPS22,lightyellow
MRPS6,lightyellow
MRS2,lightyellow
MSL2,lightyellow
MTF2,lightyellow
MTL5,lightyellow
MTMR9,lightyellow
MUSK,lightyellow
MUTED,lightyellow
MUTYH,lightyellow
MVP,lightyellow
MXD1,lightyellow
MYADM,lightyellow
MYBPC2,lightyellow
MYCN,lightyellow
MYH11,lightyellow
MYO1D,lightyellow
MYST4,lightyellow
N4BP2L2,lightyellow
N6AMT2,lightyellow
NAGK,lightyellow
NAMPT,lightyellow
NAV2,lightyellow
NCALD,lightyellow
NCDN,lightyellow
NCEH1,lightyellow
NCL,lightyellow
NCOA2,lightyellow
NCRNA00188,lightyellow
NDUFS5,lightyellow
NEDD4,lightyellow
NEK4,lightyellow
NEK6,lightyellow
NEK7,lightyellow
NFATC1,lightyellow
NFIL3,lightyellow
NFKB2,lightyellow
NFKBIL1,lightyellow
NIPBL,lightyellow
NIT2,lightyellow
NKX6-2,lightyellow
NLN,lightyellow
NMT1,lightyellow
NNT,lightyellow
NOL8,lightyellow
NOXA1,lightyellow
NPY1R,lightyellow
NRG3,lightyellow
NRM,lightyellow
NSD1,lightyellow
NSUN3,lightyellow
NSUN4,lightyellow
NT5C3,lightyellow
NTN5,lightyellow
NUP188,lightyellow
NUP50,lightyellow
NUP93,lightyellow
NUPL2,lightyellow
OBFC2A,lightyellow
OCIAD1,lightyellow
ODZ4,lightyellow
OPCML,lightyellow
OR10G2,lightyellow
OR12D2,lightyellow
OR2C3,lightyellow
OR2D3,lightyellow
OR52A5,lightyellow
OR52E8,lightyellow
OR6C68,lightyellow
OR8D1,lightyellow
OR8S1,lightyellow
OR9A4,lightyellow
OXR1,lightyellow
PABPC4,lightyellow
PAIP2,lightyellow
PALLD,lightyellow
PANX1,lightyellow
PARD3,lightyellow
PARP14,lightyellow
PARP15,lightyellow
PARVA,lightyellow
PASK,lightyellow
PATZ1,lightyellow
PCDH7,lightyellow
PDGFD,lightyellow
PDHX,lightyellow
PDX1,lightyellow
PEBP1,lightyellow
PELP1,lightyellow
PER1,lightyellow
PFDN2,lightyellow
PFKP,lightyellow
PHF17,lightyellow
PHIP,lightyellow
PHLDB3,lightyellow
PHTF2,lightyellow
PI4K2A,lightyellow
PIAS1,lightyellow
PIAS4,lightyellow
PIGL,lightyellow
PIH1D2,lightyellow
PIP4K2A,lightyellow
PIP5K1B,lightyellow
PITX2,lightyellow
PLCD1,lightyellow
PLD1,lightyellow
PLD3,lightyellow
PLEC1,lightyellow
PLEKHA7,lightyellow
PLEKHH1,lightyellow
PLXDC1,lightyellow
PNPO,lightyellow
POLD3,lightyellow
POLR2K,lightyellow
PON1,lightyellow
PPFIBP2,lightyellow
PPM1L,lightyellow
PPP1R11,lightyellow
PPP1R2,lightyellow
PPP2R5B,lightyellow
PPP2R5E,lightyellow
PRCP,lightyellow
PRDM7,lightyellow
PRDXDD1P,lightyellow
PRKAG2,lightyellow
PRKCH,lightyellow
PRMT2,lightyellow
PRMT8,lightyellow
PRPF19,lightyellow
PRR3,lightyellow
PRSS23,lightyellow
PSMA5,lightyellow
PSMD9,lightyellow
PSMF1,lightyellow
PSPC1,lightyellow
PTGER3,lightyellow
PTPLAD1,lightyellow
PTPMT1,lightyellow
PTPRN2,lightyellow
PTTG1IP,lightyellow
PWP1,lightyellow
PXK,lightyellow
PXMP4,lightyellow
PYROXD1,lightyellow
QKI,lightyellow
RAB11A,lightyellow
RAB11FIP3,lightyellow
RAB13,lightyellow
RAB20,lightyellow
RAB27A,lightyellow
RAB35,lightyellow
RAB3B,lightyellow
RAB8A,lightyellow
RACGAP1,lightyellow
RACGAP1P,lightyellow
RAP1A,lightyellow
RAP1B,lightyellow
RAPH1,lightyellow
RASA3,lightyellow
RASD2,lightyellow
RASGRF1,lightyellow
RASL10B,lightyellow
RBM20,lightyellow
RBM24,lightyellow
RBPJ,lightyellow
RBPMS,lightyellow
RCC2,lightyellow
RDH13,lightyellow
RDX,lightyellow
RELL1,lightyellow
REXO1L2P,lightyellow
REXO2,lightyellow
RFC4,lightyellow
RFX2,lightyellow
RGP1,lightyellow
RGS21,lightyellow
RHOA,lightyellow
RHOG,lightyellow
RHOH,lightyellow
RHOJ,lightyellow
RING1,lightyellow
RINT1,lightyellow
RMST,lightyellow
RNF11,lightyellow
RNF17,lightyellow
RNF216,lightyellow
RNF219,lightyellow
RNF7,lightyellow
RPA1,lightyellow
RPAP1,lightyellow
RPF1,lightyellow
RPH3AL,lightyellow
RPL19,lightyellow
RPL23,lightyellow
RPL27A,lightyellow
RPL32P3,lightyellow
RPS14,lightyellow
RPS19,lightyellow
RPS27L,lightyellow
RREB1,lightyellow
RSPO3,lightyellow
RSU1,lightyellow
RTKN2,lightyellow
RUVBL1,lightyellow
SAMD11,lightyellow
SAMD5,lightyellow
SARM1,lightyellow
SARS2,lightyellow
SCN5A,lightyellow
SCRT1,lightyellow
SDAD1,lightyellow
SDCBP,lightyellow
SDCCAG8,lightyellow
SDK1,lightyellow
SEC1,lightyellow
SEC14L2,lightyellow
SEC23A,lightyellow
SEC61A1,lightyellow
SECISBP2,lightyellow
SECTM1,lightyellow
SENP1,lightyellow
SENP5,lightyellow
SERPINH1,lightyellow
SETBP1,lightyellow
SETD1A,lightyellow
SETDB1,lightyellow
SF3A1,lightyellow
SFI1,lightyellow
SFRP1,lightyellow
SFRS4,lightyellow
SFXN1,lightyellow
SGEF,lightyellow
SGK269,lightyellow
SH3BGR,lightyellow
SH3PXD2A,lightyellow
SHISA3,lightyellow
SHISA7,lightyellow
SHMT2,lightyellow
SHROOM3,lightyellow
SIK2,lightyellow
SLC13A5,lightyellow
SLC16A10,lightyellow
SLC16A12,lightyellow
SLC17A4,lightyellow
SLC19A2,lightyellow
SLC25A19,lightyellow
SLC25A40,lightyellow
SLC28A1,lightyellow
SLC2A11,lightyellow
SLC2A8,lightyellow
SLC30A5,lightyellow
SLC35B4,lightyellow
SLC35F5,lightyellow
SLC38A9,lightyellow
SLC39A1,lightyellow
SLC39A14,lightyellow
SLC39A8,lightyellow
SLC43A1,lightyellow
SLC44A4,lightyellow
SLCO1B1,lightyellow
SLCO5A1,lightyellow
SLFN5,lightyellow
SLIT3,lightyellow
SLMO2,lightyellow
SMAGP,lightyellow
SMARCA2,lightyellow
SMTNL2,lightyellow
SMYD2,lightyellow
SNHG11,lightyellow
SNORD15A,lightyellow
SNX19,lightyellow
SNX3,lightyellow
SNX4,lightyellow
SNX8,lightyellow
SNX9,lightyellow
SOBP,lightyellow
SORCS3,lightyellow
SORT1,lightyellow
SOX5,lightyellow
SPAG16,lightyellow
SPAG17,lightyellow
SPG21,lightyellow
SPG7,lightyellow
SPHK1,lightyellow
SPOCK1,lightyellow
SPOPL,lightyellow
SPRED1,lightyellow
SPRN,lightyellow
SPSB4,lightyellow
SRBD1,lightyellow
SRF,lightyellow
SRI,lightyellow
SRP19,lightyellow
SRRT,lightyellow
SSR3,lightyellow
SSRP1,lightyellow
ST3GAL3,lightyellow
ST3GAL5,lightyellow
ST8SIA4,lightyellow
STK32C,lightyellow
STRAP,lightyellow
STT3B,lightyellow
SUPT16H,lightyellow
SUPV3L1,lightyellow
SYNPO,lightyellow
SYPL1,lightyellow
TACSTD2,lightyellow
TBC1D1,lightyellow
TBCK,lightyellow
TBKBP1,lightyellow
TCEB1,lightyellow
TCIRG1,lightyellow
TCOF1,lightyellow
TCTA,lightyellow
TDH,lightyellow
TECR,lightyellow
TFAM,lightyellow
THEMIS,lightyellow
THY1,lightyellow
TIA1,lightyellow
TIMM13,lightyellow
TLE3,lightyellow
TLK1,lightyellow
TM6SF1,lightyellow
TM9SF2,lightyellow
TMC6,lightyellow
TMED1,lightyellow
TMED7-TICAM2,lightyellow
TMEM109,lightyellow
TMEM146,lightyellow
TMEM149,lightyellow
TMEM2,lightyellow
TMEM201,lightyellow
TMEM223,lightyellow
TMEM231,lightyellow
TMEM30A,lightyellow
TMEM41A,lightyellow
TMEM8A,lightyellow
TMPO,lightyellow
TNFRSF19,lightyellow
TNFRSF1B,lightyellow
TNPO2,lightyellow
TOMM40L,lightyellow
TOR1AIP2,lightyellow
TOR1B,lightyellow
TP53INP2,lightyellow
TPD52L1,lightyellow
TPK1,lightyellow
TRAF4,lightyellow
TRAF7,lightyellow
TRAM1L1,lightyellow
TRAM2,lightyellow
TRAPPC9,lightyellow
TRIB1,lightyellow
TRIM31,lightyellow
TRIM37,lightyellow
TRIM39,lightyellow
TRIM4,lightyellow
TRIM46,lightyellow
TRMT5,lightyellow
TRMT61B,lightyellow
TRPS1,lightyellow
TRRAP,lightyellow
TSLP,lightyellow
TSNAXIP1,lightyellow
TSPAN10,lightyellow
TSPAN15,lightyellow
TSPAN17,lightyellow
TSPAN18,lightyellow
TSPAN19,lightyellow
TTC27,lightyellow
TTC5,lightyellow
TUBAL3,lightyellow
TUBE1,lightyellow
TUFT1,lightyellow
TXK,lightyellow
TXNDC5,lightyellow
TXNDC6,lightyellow
TXNIP,lightyellow
TYSND1,lightyellow
UBA52,lightyellow
UBE2QP1,lightyellow
UBE3C,lightyellow
UBR3,lightyellow
UCHL3,lightyellow
UHRF1,lightyellow
UHRF1BP1L,lightyellow
ULBP3,lightyellow
UNC13B,lightyellow
UNC5B,lightyellow
UNC93B1,lightyellow
USF1,lightyellow
USP13,lightyellow
USP30,lightyellow
USP48,lightyellow
UTRN,lightyellow
VAMP4,lightyellow
VARS,lightyellow
VAT1L,lightyellow
VAX1,lightyellow
VOPP1,lightyellow
VPS16,lightyellow
VPS33A,lightyellow
VPS36,lightyellow
VPS37D,lightyellow
VPS39,lightyellow
VPS41,lightyellow
VPS53,lightyellow
VRK3,lightyellow
VWC2,lightyellow
WDR37,lightyellow
WDR45L,lightyellow
WDR53,lightyellow
WDR73,lightyellow
WHSC1L1,lightyellow
WNT11,lightyellow
WNT16,lightyellow
WNT3,lightyellow
XKR5,lightyellow
XRCC1,lightyellow
YBX1,lightyellow
YLPM1,lightyellow
YME1L1,lightyellow
YWHAZ,lightyellow
ZAK,lightyellow
ZBTB16,lightyellow
ZBTB24,lightyellow
ZBTB5,lightyellow
ZC3H12A,lightyellow
ZC3H13,lightyellow
ZDHHC13,lightyellow
ZEB1,lightyellow
ZFAT,lightyellow
ZFHX4,lightyellow
ZNF181,lightyellow
ZNF19,lightyellow
ZNF211,lightyellow
ZNF213,lightyellow
ZNF260,lightyellow
ZNF266,lightyellow
ZNF268,lightyellow
ZNF282,lightyellow
ZNF292,lightyellow
ZNF324B,lightyellow
ZNF329,lightyellow
ZNF330,lightyellow
ZNF337,lightyellow
ZNF354A,lightyellow
ZNF414,lightyellow
ZNF428,lightyellow
ZNF502,lightyellow
ZNF527,lightyellow
ZNF575,lightyellow
ZNF580,lightyellow
ZNF598,lightyellow
ZNF684,lightyellow
ZNF697,lightyellow
ZNF75A,lightyellow
ZNF764,lightyellow
ZNF833,lightyellow
ZNF837,lightyellow
ZNHIT6,lightyellow
ZNRD1,lightyellow
ZNRF2,lightyellow
ZNRF3,lightyellow
A2BP1,magenta
AARSD1,magenta
ABCB6,magenta
ABCC2,magenta
ABCC4,magenta
ABCD4,magenta
ABCG1,magenta
ABCG4,magenta
ABCG5,magenta
ABHD10,magenta
ABLIM2,magenta
ABR,magenta
ACAD8,magenta
ACIN1,magenta
ACOT11,magenta
ACOT13,magenta
ACP2,magenta
ACSF3,magenta
ACSS2,magenta
ACTL6B,magenta
ACTR1A,magenta
ACTR8,magenta
ACVR1B,magenta
ADAM10,magenta
ADAM19,magenta
ADAM20,magenta
ADAM28,magenta
ADAMTS15,magenta
ADAMTS18,magenta
ADAMTS2,magenta
ADAR,magenta
ADARB2,magenta
ADCYAP1R1,magenta
ADPRH,magenta
ADRB3,magenta
ADSSL1,magenta
AFF1,magenta
AGAP1,magenta
AGL,magenta
AGPAT3,magenta
AGRN,magenta
AHNAK2,magenta
AHRR,magenta
AIFM2,magenta
AKAP11,magenta
AKAP12,magenta
AKR1A1,magenta
AKR1C2,magenta
ALDH16A1,magenta
ALDH1L1,magenta
ALDH2,magenta
ALDH3A2,magenta
ALDH9A1,magenta
ALOX12B,magenta
ALOX5AP,magenta
ALOXE3,magenta
ALPK1,magenta
ALS2CR12,magenta
AMMECR1L,magenta
AMPH,magenta
ANAPC7,magenta
ANGEL1,magenta
ANGEL2,magenta
ANKAR,magenta
ANKRD29,magenta
ANKRD30B,magenta
ANKRD32,magenta
ANKRD46,magenta
ANO6,magenta
AOAH,magenta
AP1B1,magenta
AP1G1,magenta
AP3M2,magenta
AP3S2,magenta
APBA1,magenta
APBA2,magenta
APBB1,magenta
APBB2,magenta
APOB,magenta
APOBEC3A,magenta
AQP1,magenta
ARFGEF1,magenta
ARGLU1,magenta
ARHGAP10,magenta
ARHGAP12,magenta
ARHGAP26,magenta
ARHGEF17,magenta
ARHGEF7,magenta
ARID1B,magenta
ARL8A,magenta
ARL8B,magenta
ARL9,magenta
ARMC2,magenta
ARMC3,magenta
ARMC4,magenta
ARMC5,magenta
ARPC5L,magenta
ARVCF,magenta
ASB8,magenta
ASRGL1,magenta
ASTN2,magenta
ASZ1,magenta
ATAD3B,magenta
ATF1,magenta
ATF6,magenta
ATF6B,magenta
ATN1,magenta
ATP11A,magenta
ATP13A1,magenta
ATP13A3,magenta
ATP1B2,magenta
ATP2B2,magenta
ATP2C2,magenta
ATP5B,magenta
ATP5G3,magenta
ATP5L,magenta
ATP5S,magenta
ATP6V0E2,magenta
ATP6V1C2,magenta
ATP8A2,magenta
ATP8B1,magenta
ATP8B2,magenta
ATXN1L,magenta
ATXN7,magenta
ATXN7L1,magenta
ATXN7L2,magenta
AURKAIP1,magenta
AUTS2,magenta
BAI2,magenta
BAIAP2,magenta
BANP,magenta
BARD1,magenta
BAT4,magenta
BAZ1B,magenta
BAZ2A,magenta
BCAN,magenta
BCAP29,magenta
BCL2,magenta
BCL2L14,magenta
BCL6,magenta
BDP1,magenta
BEND3,magenta
BEND7,magenta
BET1,magenta
BIN2,magenta
BLCAP,magenta
BMP1,magenta
BMP8A,magenta
BMPER,magenta
BPTF,magenta
BRD1,magenta
BRMS1L,magenta
BRUNOL4,magenta
BSG,magenta
BST1,magenta
BTN1A1,magenta
C10ORF125,magenta
C10ORF28,magenta
C10ORF72,magenta
C10ORF78,magenta
C10ORF84,magenta
C11ORF30,magenta
C11ORF48,magenta
C11ORF67,magenta
C11ORF83,magenta
C12ORF39,magenta
C12ORF40,magenta
C12ORF53,magenta
C12ORF62,magenta
C12ORF72,magenta
C12ORF75,magenta
C13ORF18,magenta
C14ORF102,magenta
C14ORF2,magenta
C14ORF73,magenta
C15ORF2,magenta
C15ORF57,magenta
C16ORF80,magenta
C17ORF104,magenta
C17ORF106,magenta
C17ORF28,magenta
C17ORF67,magenta
C19ORF36,magenta
C19ORF73,magenta
C1ORF14,magenta
C1ORF182,magenta
C1ORF52,magenta
C1ORF55,magenta
C1ORF57,magenta
C1ORF58,magenta
C1ORF66,magenta
C1ORF74,magenta
C20ORF3,magenta
C20ORF4,magenta
C21ORF88,magenta
C21ORF96,magenta
C22ORF41,magenta
C2CD3,magenta
C2ORF34,magenta
C2ORF60,magenta
C2ORF76,magenta
C2ORF89,magenta
C3,magenta
C3ORF33,magenta
C3ORF58,magenta
C3ORF79,magenta
C5ORF48,magenta
C5ORF58,magenta
C6ORF10,magenta
C6ORF147,magenta
C6ORF150,magenta
C6ORF204,magenta
C6ORF217,magenta
C6ORF48,magenta
C6ORF72,magenta
C7ORF10,magenta
C7ORF27,magenta
C7ORF47,magenta
C7ORF50,magenta
C7ORF72,magenta
C8ORF37,magenta
C8ORF45,magenta
C8ORF76,magenta
C9ORF152,magenta
C9ORF3,magenta
C9ORF64,magenta
C9ORF75,magenta
CA4,magenta
CABLES2,magenta
CACNA2D3,magenta
CACNB4,magenta
CADPS2,magenta
CALD1,magenta
CALR,magenta
CAMK4,magenta
CAP1,magenta
CAPG,magenta
CAPN12,magenta
CAPN8,magenta
CAPRIN1,magenta
CARD10,magenta
CARHSP1,magenta
CASD1,magenta
CASP4,magenta
CASP8,magenta
CASZ1,magenta
CATSPER4,magenta
CAV1,magenta
CBFA2T3,magenta
CBR4,magenta
CBX1,magenta
CBX7,magenta
CCBE1,magenta
CCDC107,magenta
CCDC108,magenta
CCDC12,magenta
CCDC146,magenta
CCDC15,magenta
CCDC38,magenta
CCDC40,magenta
CCDC41,magenta
CCDC53,magenta
CCDC57,magenta
CCDC68,magenta
CCDC85C,magenta
CCHCR1,magenta
CCL16,magenta
CCL22,magenta
CCM2,magenta
CCNB2,magenta
CCND1,magenta
CCND2,magenta
CCNL2,magenta
CCR7,magenta
CD101,magenta
CD109,magenta
CD163,magenta
CD2,magenta
CD2BP2,magenta
CD59,magenta
CDC40,magenta
CDC42BPB,magenta
CDC42EP5,magenta
CDC7,magenta
CDH13,magenta
CDH8,magenta
CDK17,magenta
CDK19,magenta
CDK2AP1,magenta
CDK5,magenta
CDK6,magenta
CDKAL1,magenta
CDKN1A,magenta
CDKN1C,magenta
CDYL,magenta
CEBPD,magenta
CEBPZ,magenta
CENPA,magenta
CENPL,magenta
CEP63,magenta
CEP68,magenta
CEP72,magenta
CH25H,magenta
CHFR,magenta
CHGA,magenta
CHN1,magenta
CHST11,magenta
CIDEA,magenta
CISD1,magenta
CLCN7,magenta
CLDN1,magenta
CLDN18,magenta
CLDND1,magenta
CLEC10A,magenta
CLEC16A,magenta
CLIP1,magenta
CLK3,magenta
CLLU1OS,magenta
CLN6,magenta
CLN8,magenta
CLPTM1L,magenta
CMPK2,magenta
CMTM1,magenta
CMTM7,magenta
CNIH2,magenta
CNTNAP5,magenta
COL23A1,magenta
COL4A1,magenta
COL6A1,magenta
COL9A2,magenta
COQ10A,magenta
CORO1A,magenta
COTL1,magenta
CPA5,magenta
CPOX,magenta
CPSF6,magenta
CR1L,magenta
CREB5,magenta
CRELD1,magenta
CRMP1,magenta
CRTAC1,magenta
CSF1R,magenta
CSMD2,magenta
CSNK1A1,magenta
CSRNP1,magenta
CTBP1,magenta
CTDP1,magenta
CTDSP2,magenta
CTNNA2,magenta
CTSC,magenta
CTSZ,magenta
CTTN,magenta
CTTNBP2,magenta
CTTNBP2NL,magenta
CWF19L2,magenta
CXCR5,magenta
CYP24A1,magenta
CYTH3,magenta
D4S234E,magenta
DBNDD1,magenta
DCAF11,magenta
DCC,magenta
DCLK2,magenta
DCLRE1A,magenta
DDIT4,magenta
DDX5,magenta
DEPDC1B,magenta
DEPDC6,magenta
DERA,magenta
DGKZ,magenta
DHH,magenta
DHODH,magenta
DHPS,magenta
DHX16,magenta
DHX29,magenta
DHX36,magenta
DHX9,magenta
DIP2C,magenta
DIRAS2,magenta
DLC1,magenta
DLG4,magenta
DLX1,magenta
DNAH10,magenta
DNAH17,magenta
DNAH5,magenta
DNAH9,magenta
DNAJC3,magenta
DNTT,magenta
DOK2,magenta
DOK3,magenta
DPF1,magenta
DPP3,magenta
DPP6,magenta
DPP8,magenta
DPY30,magenta
DPYSL3,magenta
DPYSL5,magenta
DRAM2,magenta
DTD1,magenta
DTX4,magenta
DUSP16,magenta
DYSF,magenta
DYX1C1,magenta
DZIP1,magenta
E2F3,magenta
E2F7,magenta
EBF3,magenta
EBPL,magenta
ECT2,magenta
EDEM3,magenta
EDNRB,magenta
EGFL7,magenta
EGR3,magenta
EHD2,magenta
EIF2AK1,magenta
EIF2C3,magenta
EIF4E3,magenta
EIF6,magenta
ELAVL4,magenta
ELK4,magenta
ELL,magenta
ELMOD3,magenta
ELOVL4,magenta
ELP2P,magenta
EME1,magenta
EMP1,magenta
EMX1,magenta
ENDOG,magenta
ENPP6,magenta
ENTPD7,magenta
EPC2,magenta
EPN1,magenta
EPS8,magenta
EPS8L1,magenta
ERBB3,magenta
ERCC2,magenta
ERI1,magenta
ERLIN1,magenta
ERN1,magenta
ERO1L,magenta
ESAM,magenta
ESR2,magenta
ESRP1,magenta
ETAA1,magenta
EVI5L,magenta
EVX1,magenta
EXD2,magenta
EXOC2,magenta
EXOSC6,magenta
EXPH5,magenta
EZH2,magenta
FAAH,magenta
FAH,magenta
FAM101B,magenta
FAM105B,magenta
FAM110B,magenta
FAM114A1,magenta
FAM119B,magenta
FAM129A,magenta
FAM135B,magenta
FAM149B1,magenta
FAM177A1,magenta
FAM189A1,magenta
FAM189B,magenta
FAM24B,magenta
FAM38A,magenta
FAM65B,magenta
FAM73A,magenta
FAM89B,magenta
FAM91A1,magenta
FANCD2,magenta
FANCF,magenta
FAR1,magenta
FARP1,magenta
FAT3,magenta
FBRSL1,magenta
FBXL15,magenta
FBXL16,magenta
FBXO22,magenta
FBXO32,magenta
FBXO5,magenta
FBXO9,magenta
FBXW8,magenta
FDFT1,magenta
FDPS,magenta
FEZ1,magenta
FGF5,magenta
FGFRL1,magenta
FGGY,magenta
FHAD1,magenta
FHOD1,magenta
FKBP10,magenta
FKBP3,magenta
FLJ23834,magenta
FLJ45983,magenta
FLNB,magenta
FLOT1,magenta
FLYWCH1,magenta
FMN1,magenta
FMN2,magenta
FN1,magenta
FNDC3A,magenta
FNDC3B,magenta
FNIP1,magenta
FOS,magenta
FOXK1,magenta
FOXO1,magenta
FOXP1,magenta
FRMD4A,magenta
FRS3,magenta
FRYL,magenta
FTSJD1,magenta
FUBP1,magenta
FUT8,magenta
FUZ,magenta
FYN,magenta
FZD5,magenta
G3BP1,magenta
GAB4,magenta
GABRA4,magenta
GABRG3,magenta
GAL,magenta
GALNTL1,magenta
GALNTL5,magenta
GAS8,magenta
GATA2,magenta
GCAT,magenta
GDF10,magenta
GFI1,magenta
GFM1,magenta
GIGYF2,magenta
GINS4,magenta
GIT2,magenta
GJC1,magenta
GLIPR1L2,magenta
GLRA3,magenta
GLS,magenta
GLTPD1,magenta
GLYATL2,magenta
GNA12,magenta
GNA13,magenta
GNAI2,magenta
GNASAS,magenta
GNB1,magenta
GNB2L1,magenta
GNG7,magenta
GNL1,magenta
GNPDA1,magenta
GNRHR2,magenta
GOLGA5,magenta
GOLT1B,magenta
GOT2,magenta
GPAA1,magenta
GPN1,magenta
GPR123,magenta
GPR157,magenta
GPR158,magenta
GPR62,magenta
GPR77,magenta
GRHL2,magenta
GRM6,magenta
GRN,magenta
GRP,magenta
GRSF1,magenta
GSG1,magenta
GSTZ1,magenta
GTDC1,magenta
GTPBP4,magenta
GTPBP5,magenta
GUCA1B,magenta
GUCY2E,magenta
GUSB,magenta
GYG1,magenta
H1FX,magenta
H2AFY2,magenta
H6PD,magenta
HABP4,magenta
HACL1,magenta
HAND1,magenta
HAP1,magenta
HAUS2,magenta
HBM,magenta
HCCA2,magenta
HDAC4,magenta
HEATR2,magenta
HEBP1,magenta
HERC1,magenta
HES4,magenta
HEXIM1,magenta
HEY1,magenta
HEY2,magenta
HHAT,magenta
HHIPL1,magenta
HIC1,magenta
HIRIP3,magenta
HIST1H2AB,magenta
HIST1H2AC,magenta
HLA-B,magenta
HLA-DMB,magenta
HLA-DPA1,magenta
HLA-DPB2,magenta
HLA-DQB1,magenta
HLF,magenta
HMOX2,magenta
HNRNPA0,magenta
HOXA10,magenta
HOXA4,magenta
HOXC4,magenta
HOXC9,magenta
HPSE2,magenta
HRH3,magenta
HS2ST1,magenta
HS3ST4,magenta
HSD17B4,magenta
HSF5,magenta
HSPC157,magenta
HSPG2,magenta
HTRA1,magenta
HTRA2,magenta
ICAM1,magenta
IER5,magenta
IFT140,magenta
IFT88,magenta
IGDCC3,magenta
IGF2BP2,magenta
IL12B,magenta
IL16,magenta
IL17A,magenta
IL4R,magenta
IMPDH2,magenta
INPP4A,magenta
INPP4B,magenta
INPP5A,magenta
INSC,magenta
INSIG2,magenta
INTS9,magenta
INTU,magenta
IP6K1,magenta
IPO11,magenta
IQCH,magenta
IQGAP2,magenta
IRX4,magenta
ITFG2,magenta
ITFG3,magenta
ITGB2,magenta
ITGB4,magenta
ITM2B,magenta
ITPR1,magenta
ITSN1,magenta
JAZF1,magenta
JMJD7,magenta
JPH1,magenta
JPH2,magenta
JPH3,magenta
JTB,magenta
KARS,magenta
KAT5,magenta
KBTBD4,magenta
KCNA6,magenta
KCNAB1,magenta
KCNH2,magenta
KCNH5,magenta
KCNH7,magenta
KCNJ5,magenta
KCNMB4,magenta
KCNQ1,magenta
KCNQ3,magenta
KCNS3,magenta
KCTD9,magenta
KIAA0101,magenta
KIAA0226,magenta
KIAA0922,magenta
KIAA1009,magenta
KIAA1012,magenta
KIAA1026,magenta
KIAA1191,magenta
KIAA1217,magenta
KIAA1244,magenta
KIAA1462,magenta
KIAA1522,magenta
KIAA1530,magenta
KIAA1967,magenta
KIAA2018,magenta
KIF13A,magenta
KIF13B,magenta
KIF17,magenta
KIF18A,magenta
KIF1B,magenta
KIF20B,magenta
KIF21A,magenta
KIF26B,magenta
KIF6,magenta
KIFC1,magenta
KLF12,magenta
KLF5,magenta
KLHL25,magenta
KLK9,magenta
KLRG1,magenta
KNDC1,magenta
KPNA1,magenta
KRT6B,magenta
KRTDAP,magenta
LAIR2,magenta
LAMP3,magenta
LASS3,magenta
LASS4,magenta
LCA5,magenta
LCE2D,magenta
LDB1,magenta
LDHC,magenta
LDLRAD1,magenta
LDLRAD3,magenta
LEPR,magenta
LFNG,magenta
LGI3,magenta
LGR5,magenta
LHFPL3,magenta
LINS1,magenta
LIPA,magenta
LIPT2,magenta
LMAN2,magenta
LMCD1,magenta
LMO7,magenta
LNP1,magenta
LOC100128811,magenta
LOC100128822,magenta
LOC100129637,magenta
LOC100130691,magenta
LOC100130987,magenta
LOC100133985,magenta
LOC100134713,magenta
LOC100302652,magenta
LOC143188,magenta
LOC153684,magenta
LOC283332,magenta
LOC283867,magenta
LOC285550,magenta
LOC285696,magenta
LOC339524,magenta
LOC344967,magenta
LOC349114,magenta
LOC389458,magenta
LOC389791,magenta
LOC399815,magenta
LOC401127,magenta
LOC401387,magenta
LOC401463,magenta
LOC494141,magenta
LOC645323,magenta
LOC729467,magenta
LOC729991-MEF2B,magenta
LOC93432,magenta
LPAR5,magenta
LPCAT1,magenta
LPCAT3,magenta
LPIN1,magenta
LPP,magenta
LRBA,magenta
LRIG2,magenta
LRP2,magenta
LRP6,magenta
LRPAP1,magenta
LRPPRC,magenta
LRRC16A,magenta
LRRC33,magenta
LRRC43,magenta
LRRC56,magenta
LRRC58,magenta
LRRFIP2,magenta
LRRK1,magenta
LRTOMT,magenta
LSAMP,magenta
LSM14A,magenta
LSM14B,magenta
LSM2,magenta
LTBP1,magenta
LUZP1,magenta
LYNX1,magenta
LYPD5,magenta
LYRM4,magenta
MACC1,magenta
MACROD2,magenta
MAD1L1,magenta
MALT1,magenta
MANEA,magenta
MAP1B,magenta
MAP2K1,magenta
MAP3K6,magenta
MAP7,magenta
MAPK14,magenta
MAPKAPK2,magenta
MAPKBP1,magenta
MAPT,magenta
MARCH1,magenta
MARCKS,magenta
MARK1,magenta
MCC,magenta
MCCC1,magenta
MCFD2,magenta
MCM10,magenta
MCM4,magenta
MCPH1,magenta
MDC1,magenta
MDGA1,magenta
MEA1,magenta
MEAF6,magenta
MED12L,magenta
MED17,magenta
MEIS1,magenta
MEIS2,magenta
MEPCE,magenta
MFAP3L,magenta
MFSD1,magenta
MGAT4A,magenta
MGAT5,magenta
MGMT,magenta
MGST2,magenta
MIA3,magenta
MIR1207,magenta
MIR1208,magenta
MIR182,magenta
MIR1915,magenta
MITF,magenta
MIXL1,magenta
MLXIPL,magenta
MMADHC,magenta
MMP13,magenta
MOBKL3,magenta
MOCS1,magenta
MOCS2,magenta
MON1A,magenta
MON1B,magenta
MON2,magenta
MOSC1,magenta
MOSC2,magenta
MPP3,magenta
MPP5,magenta
MPV17L,magenta
MRFAP1L1,magenta
MRGPRE,magenta
MRPL15,magenta
MRPL17,magenta
MRPL28,magenta
MRPS24,magenta
MRPS5,magenta
MRTO4,magenta
MSH5,magenta
MSI2,magenta
MSR1,magenta
MSRB3,magenta
MTA1,magenta
MTBP,magenta
MTHFD2L,magenta
MTMR7,magenta
MTX2,magenta
MUC20,magenta
MXD1,magenta
MXI1,magenta
MYADM,magenta
MYB,magenta
MYCBP2,magenta
MYCBPAP,magenta
MYLK2,magenta
MYO1H,magenta
MYST2,magenta
NAA15,magenta
NAA16,magenta
NAA25,magenta
NAAA,magenta
NACA2,magenta
NAGK,magenta
NAP1L1,magenta
NAPSB,magenta
NAT2,magenta
NCAM1,magenta
NCAPG2,magenta
NCKAP1L,magenta
NCKAP5,magenta
NCRNA00201,magenta
NDUFA3,magenta
NDUFB4,magenta
NDUFS8,magenta
NECAB2,magenta
NEFM,magenta
NEGR1,magenta
NEIL3,magenta
NEK11,magenta
NEK7,magenta
NELF,magenta
NEO1,magenta
NEU1,magenta
NEURL,magenta
NEXN,magenta
NFATC1,magenta
NFATC2,magenta
NFATC3,magenta
NFIX,magenta
NIN,magenta
NKTR,magenta
NKX2-1,magenta
NLRC4,magenta
NME5,magenta
NOC2L,magenta
NOC4L,magenta
NOS1AP,magenta
NOTCH4,magenta
NOVA1,magenta
NPPC,magenta
NPSR1,magenta
NPTX2,magenta
NRG2,magenta
NRIP3,magenta
NRXN3,magenta
NSMCE2,magenta
NSMCE4A,magenta
NSUN4,magenta
NSUN6,magenta
NT5DC2,magenta
NT5DC3,magenta
NTN4,magenta
NUDCD3,magenta
NUDT3,magenta
NUP133,magenta
NUP155,magenta
NUP205,magenta
NUP50,magenta
NUP93,magenta
NUP98,magenta
NUSAP1,magenta
NVL,magenta
NXF1,magenta
NXPH3,magenta
NXPH4,magenta
NXT1,magenta
OAZ1,magenta
OCIAD1,magenta
ODZ4,magenta
OGFOD1,magenta
OGN,magenta
OLA1,magenta
OR5AS1,magenta
ORC4L,magenta
OSBPL10,magenta
OSCP1,magenta
P2RX5,magenta
P2RY6,magenta
P4HA1,magenta
PACRG,magenta
PAK4,magenta
PALM,magenta
PAN2,magenta
PAQR9,magenta
PARD3,magenta
PARD3B,magenta
PARK7,magenta
PAWR,magenta
PAX8,magenta
PBOV1,magenta
PC,magenta
PCBP4,magenta
PCCA,magenta
PCCB,magenta
PCDH15,magenta
PCDH21,magenta
PCF11,magenta
PCGF5,magenta
PCIF1,magenta
PCM1,magenta
PCNP,magenta
PCNT,magenta
PCSK2,magenta
PDCD11,magenta
PDE10A,magenta
PDE6H,magenta
PDGFC,magenta
PDGFRA,magenta
PDSS1,magenta
PDXP,magenta
PDZD2,magenta
PDZK1IP1,magenta
PEAR1,magenta
PEBP1,magenta
PEG3,magenta
PER3,magenta
PET112L,magenta
PEX10,magenta
PEX5L,magenta
PEX7,magenta
PFKP,magenta
PGAP2,magenta
PHF12,magenta
PHF13,magenta
PHF14,magenta
PHF17,magenta
PHIP,magenta
PIGX,magenta
PIK3R2,magenta
PIKFYVE,magenta
PIN1,magenta
PION,magenta
PLA2G4C,magenta
PLA2G6,magenta
PLCL2,magenta
PLEK2,magenta
PLEKHA4,magenta
PLEKHG1,magenta
PLEKHM3,magenta
PLRG1,magenta
PLSCR1,magenta
PNKD,magenta
PNPO,magenta
POLB,magenta
POLG,magenta
POLR1A,magenta
POLR2D,magenta
POLR3B,magenta
POLR3C,magenta
POLR3E,magenta
POLR3K,magenta
POP7,magenta
POPDC3,magenta
POT1,magenta
POU3F2,magenta
POU3F3,magenta
POU4F2,magenta
POU5F1,magenta
PPHLN1,magenta
PPIA,magenta
PPM1B,magenta
PPP1R11,magenta
PPP1R13B,magenta
PPP1R3G,magenta
PPP2R2B,magenta
PPP2R5A,magenta
PPP2R5E,magenta
PPP3R1,magenta
PRDM14,magenta
PRELID2,magenta
PRKAB1,magenta
PRKAR1B,magenta
PRKCI,magenta
PRKG1,magenta
PROM1,magenta
PRPF38A,magenta
PRR14,magenta
PRR3,magenta
PRR5L,magenta
PRRC1,magenta
PRRT1,magenta
PRSS16,magenta
PRSS35,magenta
PSMB1,magenta
PSMB8,magenta
PSMB9,magenta
PSMD13,magenta
PSMD7,magenta
PSMD9,magenta
PSMG4,magenta
PSTPIP2,magenta
PTCH2,magenta
PTEN,magenta
PTGES3,magenta
PTPRG,magenta
PTPRN2,magenta
PUM1,magenta
PUS7L,magenta
PVR,magenta
PVT1,magenta
PWWP2A,magenta
PXK,magenta
PXMP2,magenta
PXT1,magenta
PYCRL,magenta
QPCTL,magenta
R3HDM2,magenta
RAB11A,magenta
RAB18,magenta
RAB38,magenta
RAB3C,magenta
RAB3GAP2,magenta
RAB5A,magenta
RAB5B,magenta
RABEPK,magenta
RAD21,magenta
RAD51L1,magenta
RAD54L,magenta
RAD54L2,magenta
RALB,magenta
RALGAPB,magenta
RALGPS2,magenta
RANBP17,magenta
RAP1GAP,magenta
RAP1GAP2,magenta
RAPGEF3,magenta
RARA,magenta
RARB,magenta
RASA3,magenta
RASSF1,magenta
RASSF2,magenta
RASSF5,magenta
RASSF8,magenta
RB1,magenta
RBBP9,magenta
RBL2,magenta
RBM43,magenta
RBM4B,magenta
RBMS3,magenta
RBP1,magenta
RCN1,magenta
RDBP,magenta
RDH10,magenta
REEP1,magenta
RELL2,magenta
REPIN1,magenta
RETNLB,magenta
RG9MTD3,magenta
RGS1,magenta
RGS10,magenta
RGS12,magenta
RGS20,magenta
RGS7,magenta
RHPN1,magenta
RIC8B,magenta
RIMBP2,magenta
RIMS4,magenta
RMRP,magenta
RNASEK,magenta
RNF180,magenta
RNF187,magenta
RNF214,magenta
RNF216,magenta
RNF26,magenta
RNF34,magenta
RNMT,magenta
RNMTL1,magenta
ROR1,magenta
RPA2,magenta
RPH3AL,magenta
RPL22L1,magenta
RPL26L1,magenta
RPL28,magenta
RPL29,magenta
RPS27A,magenta
RPS3A,magenta
RPS5,magenta
RPS6KA2,magenta
RPS6KA5,magenta
RPS7,magenta
RREB1,magenta
RSPH3,magenta
RTKN2,magenta
RTN1,magenta
S100PBP,magenta
S1PR5,magenta
SAMD11,magenta
SAMHD1,magenta
SARM1,magenta
SART3,magenta
SATB1,magenta
SBF2,magenta
SCAND3,magenta
SCARNA16,magenta
SCGB3A2,magenta
SCHIP1,magenta
SCLY,magenta
SCN2B,magenta
SCN3A,magenta
SCN8A,magenta
SCRN1,magenta
SDC2,magenta
SDCCAG1,magenta
SDF2L1,magenta
SDHA,magenta
SDK1,magenta
SEC14L1,magenta
SEC14L5,magenta
SEC23B,magenta
SEC31A,magenta
SEH1L,magenta
SEL1L,magenta
SELP,magenta
SEMA5A,magenta
SEPT10,magenta
SERAC1,magenta
SERP1,magenta
SERPINA6,magenta
SERPINB5,magenta
SERPINH1,magenta
SESTD1,magenta
SETBP1,magenta
SETD1B,magenta
SETD3,magenta
SEZ6L2,magenta
SF1,magenta
SFPQ,magenta
SFRS4,magenta
SFXN3,magenta
SGCG,magenta
SGEF,magenta
SGIP1,magenta
SGK2,magenta
SGMS1,magenta
SGOL1,magenta
SGPL1,magenta
SGPP1,magenta
SH3BP4,magenta
SH3GL1,magenta
SH3RF3,magenta
SHANK2,magenta
SHC2,magenta
SHF,magenta
SHFM1,magenta
SHISA3,magenta
SIGLEC15,magenta
SIN3A,magenta
SIPA1L1,magenta
SIVA1,magenta
SKI,magenta
SLC10A7,magenta
SLC11A2,magenta
SLC12A7,magenta
SLC12A8,magenta
SLC16A3,magenta
SLC19A1,magenta
SLC1A3,magenta
SLC22A23,magenta
SLC25A21,magenta
SLC25A3,magenta
SLC25A38,magenta
SLC29A1,magenta
SLC29A3,magenta
SLC2A10,magenta
SLC2A13,magenta
SLC30A10,magenta
SLC30A7,magenta
SLC34A2,magenta
SLC35F1,magenta
SLC35F2,magenta
SLC35F5,magenta
SLC37A3,magenta
SLC38A6,magenta
SLC43A1,magenta
SLC44A3,magenta
SLC45A4,magenta
SLC4A1AP,magenta
SLC5A7,magenta
SLC6A19,magenta
SLC7A14,magenta
SLC7A4,magenta
SLC9A11,magenta
SLC9A3,magenta
SLC9A9,magenta
SLIT3,magenta
SLITRK5,magenta
SMAD7,magenta
SMAD9,magenta
SMARCD2,magenta
SMARCD3,magenta
SMC4,magenta
SMYD3,magenta
SND1,magenta
SNIP1,magenta
SNORA26,magenta
SNORD105,magenta
SNPH,magenta
SNRPG,magenta
SNTB1,magenta
SNTG1,magenta
SNX11,magenta
SNX26,magenta
SNX29,magenta
SNX30,magenta
SNX32,magenta
SNX5,magenta
SNX6,magenta
SOCS2,magenta
SORBS1,magenta
SORBS2,magenta
SORCS2,magenta
SOX17,magenta
SOX2OT,magenta
SOX30,magenta
SOX9,magenta
SP9,magenta
SPACA1,magenta
SPAG6,magenta
SPATA16,magenta
SPATA19,magenta
SPATA2,magenta
SPDEF,magenta
SPG20,magenta
SPI1,magenta
SPIB,magenta
SPINK7,magenta
SPIRE1,magenta
SPRY1,magenta
SPRY4,magenta
SPSB4,magenta
SRBD1,magenta
SRCRB4D,magenta
SRPK2,magenta
SRRM3,magenta
SSB,magenta
SSBP1,magenta
SSH2,magenta
ST3GAL1,magenta
ST6GALNAC3,magenta
ST6GALNAC4,magenta
ST7,magenta
ST8SIA4,magenta
STAM,magenta
STAMBPL1,magenta
STARD7,magenta
STAT3,magenta
STAU2,magenta
STIM2,magenta
STK17A,magenta
STK17B,magenta
STK32A,magenta
STK32B,magenta
STK39,magenta
STOX1,magenta
STX16,magenta
STX3,magenta
SUDS3,magenta
SUFU,magenta
SUPT3H,magenta
SUPT6H,magenta
SUV420H1,magenta
SVOPL,magenta
SYDE1,magenta
SYNE1,magenta
SYNGAP1,magenta
SYNJ2,magenta
SYT1,magenta
SYT5,magenta
SYTL2,magenta
TACO1,magenta
TAF6,magenta
TAL1,magenta
TANK,magenta
TAOK1,magenta
TAS1R1,magenta
TAS2R60,magenta
TBC1D14,magenta
TBC1D17,magenta
TBC1D19,magenta
TBC1D2B,magenta
TBCD,magenta
TBPL1,magenta
TBX1,magenta
TCEA1,magenta
TCF12,magenta
TCFL5,magenta
TCHH,magenta
TCTN3,magenta
TDH,magenta
TEF,magenta
TEKT2,magenta
TFDP1,magenta
TFRC,magenta
TGM5,magenta
TH1L,magenta
THADA,magenta
THAP2,magenta
THAP9,magenta
THSD7B,magenta
TIMELESS,magenta
TIMM17A,magenta
TIMM8B,magenta
TMBIM6,magenta
TMC8,magenta
TMCC2,magenta
TMCO3,magenta
TMEM108,magenta
TMEM123,magenta
TMEM128,magenta
TMEM147,magenta
TMEM183B,magenta
TMEM184C,magenta
TMEM206,magenta
TMEM229A,magenta
TMEM232,magenta
TMEM26,magenta
TMEM41B,magenta
TMEM63A,magenta
TMEM63C,magenta
TMEM8A,magenta
TMOD3,magenta
TMPRSS11D,magenta
TMUB2,magenta
TMX2,magenta
TMX4,magenta
TNFAIP3,magenta
TNFAIP8,magenta
TNFAIP8L1,magenta
TNFRSF10B,magenta
TNIP3,magenta
TOP1MT,magenta
TP53BP1,magenta
TPRA1,magenta
TPRG1,magenta
TPT1,magenta
TRAF5,magenta
TRAPPC9,magenta
TRDMT1,magenta
TREM2,magenta
TREML4,magenta
TRIB3,magenta
TRIM14,magenta
TRIM15,magenta
TRIM2,magenta
TRIM22,magenta
TRIM27,magenta
TRIM34,magenta
TRIM40,magenta
TRIM52,magenta
TRIM65,magenta
TRIM7,magenta
TRIO,magenta
TRPM7,magenta
TRPV3,magenta
TRRAP,magenta
TSC2,magenta
TSC22D4,magenta
TSGA14,magenta
TSHR,magenta
TSN,magenta
TSNAX-DISC1,magenta
TSPAN17,magenta
TSPAN18,magenta
TSPAN9,magenta
TSSC1,magenta
TTC15,magenta
TTC7B,magenta
TTL,magenta
TTLL6,magenta
TUBA1A,magenta
TUBB2A,magenta
TUBGCP6,magenta
TULP3,magenta
TWIST1,magenta
TXNDC11,magenta
TXNDC15,magenta
TXNDC9,magenta
TXNRD2,magenta
UBD,magenta
UBE2H,magenta
UBE2J2,magenta
UBE2QL1,magenta
UBE2QP1,magenta
UBE3B,magenta
UBE3C,magenta
UBTD2,magenta
UCN,magenta
UCN3,magenta
UFD1L,magenta
UNC5CL,magenta
UNC5D,magenta
UNC93B1,magenta
UQCRB,magenta
URB1,magenta
USF2,magenta
USH1C,magenta
USP1,magenta
USP10,magenta
USP14,magenta
USP2,magenta
USP29,magenta
USP31,magenta
USP42,magenta
USP53,magenta
VAC14,magenta
VAPB,magenta
VARS,magenta
VAT1L,magenta
VDAC1,magenta
VEPH1,magenta
VIL1,magenta
VIPR2,magenta
VPS13D,magenta
VPS26A,magenta
VTI1B,magenta
WARS,magenta
WBP11,magenta
WDFY4,magenta
WDR27,magenta
WDR53,magenta
WDR7,magenta
WDR8,magenta
WDR86,magenta
WHSC2,magenta
WTAP,magenta
WWOX,magenta
WWP2,magenta
XYLT1,magenta
YIPF4,magenta
YIPF5,magenta
YWHAZ,magenta
YY1AP1,magenta
ZBTB11,magenta
ZBTB12,magenta
ZBTB16,magenta
ZBTB9,magenta
ZC3H12C,magenta
ZC3H4,magenta
ZC3H7B,magenta
ZCCHC3,magenta
ZCCHC6,magenta
ZDHHC17,magenta
ZDHHC23,magenta
ZDHHC6,magenta
ZFAND5,magenta
ZFAND6,magenta
ZFAT,magenta
ZFHX4,magenta
ZFP82,magenta
ZFP90,magenta
ZFPM1,magenta
ZFYVE20,magenta
ZIC5,magenta
ZKSCAN3,magenta
ZMIZ2,magenta
ZMYM1,magenta
ZMYND17,magenta
ZNF232,magenta
ZNF259,magenta
ZNF282,magenta
ZNF3,magenta
ZNF323,magenta
ZNF343,magenta
ZNF358,magenta
ZNF366,magenta
ZNF391,magenta
ZNF396,magenta
ZNF398,magenta
ZNF408,magenta
ZNF419,magenta
ZNF423,magenta
ZNF440,magenta
ZNF521,magenta
ZNF551,magenta
ZNF574,magenta
ZNF582,magenta
ZNF619,magenta
ZNF627,magenta
ZNF641,magenta
ZNF697,magenta
ZNF7,magenta
ZNF709,magenta
ZNF727,magenta
ZNF768,magenta
ZNF775,magenta
ZNF780B,magenta
ZNF828,magenta
ZNF830,magenta
ZNF846,magenta
ZNHIT2,magenta
ZRANB1,magenta
ZSCAN18,magenta
ZWINT,magenta
ZXDC,magenta
AAAS,midnightblue
ABCA1,midnightblue
ABCB1,midnightblue
ABCB5,midnightblue
ABCC8,midnightblue
ABCE1,midnightblue
ABCG1,midnightblue
ABL1,midnightblue
ABLIM1,midnightblue
ABLIM2,midnightblue
ACAA1,midnightblue
ACBD3,midnightblue
ACBD5,midnightblue
ACBD7,midnightblue
ACCN1,midnightblue
ACLY,midnightblue
ACOT7,midnightblue
ACP6,midnightblue
ACTN1,midnightblue
ACYP2,midnightblue
ADAMTS9,midnightblue
ADCK1,midnightblue
ADD3,midnightblue
ADH5,midnightblue
ADPRHL1,midnightblue
ADRBK2,midnightblue
AFAP1,midnightblue
AFTPH,midnightblue
AGAP3,midnightblue
AGBL1,midnightblue
AGK,midnightblue
AGPAT9,midnightblue
AGXT2L2,midnightblue
AHSA1,midnightblue
AHSA2,midnightblue
AKAP1,midnightblue
AKAP13,midnightblue
AKAP7,midnightblue
AKD1,midnightblue
AKT1S1,midnightblue
ALCAM,midnightblue
ALDH8A1,midnightblue
ALMS1,midnightblue
ALOX5,midnightblue
AMIGO2,midnightblue
ANG,midnightblue
ANKRD13A,midnightblue
ANKRD13B,midnightblue
ANKRD33,midnightblue
ANKRD42,midnightblue
ANKS1B,midnightblue
ANO1,midnightblue
ANP32B,midnightblue
ANP32E,midnightblue
ANTXR2,midnightblue
ANXA11,midnightblue
ANXA7,midnightblue
AP3B1,midnightblue
AP3M1,midnightblue
APLP1,midnightblue
AQP11,midnightblue
ARF3,midnightblue
ARF5,midnightblue
ARG2,midnightblue
ARHGAP24,midnightblue
ARHGAP29,midnightblue
ARHGAP5,midnightblue
ARHGEF10,midnightblue
ARHGEF7,midnightblue
ARID1B,midnightblue
ARL15,midnightblue
ARMC9,midnightblue
ARPC5,midnightblue
ARSB,midnightblue
ASB4,midnightblue
ASB6,midnightblue
ASCC1,midnightblue
ASCC2,midnightblue
ASPG,midnightblue
ASPM,midnightblue
ATAD1,midnightblue
ATAD2,midnightblue
ATAD2B,midnightblue
ATAD5,midnightblue
ATG2A,midnightblue
ATG4C,midnightblue
ATM,midnightblue
ATP10D,midnightblue
ATP2C1,midnightblue
ATP5L,midnightblue
ATP6V0A2,midnightblue
ATP6V1C1,midnightblue
ATXN10,midnightblue
ATXN1L,midnightblue
ATXN7L1,midnightblue
AUH,midnightblue
AURKA,midnightblue
AZIN1,midnightblue
B3GALTL,midnightblue
B3GNT2,midnightblue
B4GALT2,midnightblue
BAG2,midnightblue
BAI3,midnightblue
BANP,midnightblue
BARHL2,midnightblue
BBS10,midnightblue
BCAS2,midnightblue
BCAS4,midnightblue
BCL11B,midnightblue
BCL2L1,midnightblue
BCL9,midnightblue
BDNF,midnightblue
BLCAP,midnightblue
BLOC1S3,midnightblue
BMPER,midnightblue
BMPR2,midnightblue
BRCA1,midnightblue
BRE,midnightblue
BRF1,midnightblue
BRF2,midnightblue
BRP44L,midnightblue
BRUNOL4,midnightblue
BSG,midnightblue
C10ORF137,midnightblue
C10ORF140,midnightblue
C10ORF28,midnightblue
C10ORF32,midnightblue
C10ORF4,midnightblue
C10ORF41,midnightblue
C11ORF61,midnightblue
C11ORF95,midnightblue
C12ORF23,midnightblue
C12ORF52,midnightblue
C12ORF57,midnightblue
C12ORF72,midnightblue
C12ORF73,midnightblue
C14ORF102,midnightblue
C14ORF104,midnightblue
C14ORF23,midnightblue
C14ORF37,midnightblue
C15ORF41,midnightblue
C16ORF5,midnightblue
C17ORF57,midnightblue
C17ORF85,midnightblue
C18ORF1,midnightblue
C18ORF19,midnightblue
C18ORF8,midnightblue
C19ORF25,midnightblue
C19ORF28,midnightblue
C1ORF109,midnightblue
C1ORF114,midnightblue
C1ORF125,midnightblue
C1ORF131,midnightblue
C1ORF14,midnightblue
C1ORF156,midnightblue
C1ORF223,midnightblue
C1ORF52,midnightblue
C1ORF92,midnightblue
C1ORF93,midnightblue
C20ORF194,midnightblue
C20ORF20,midnightblue
C20ORF7,midnightblue
C20ORF96,midnightblue
C21ORF130,midnightblue
C2ORF7,midnightblue
C2ORF74,midnightblue
C2ORF77,midnightblue
C3ORF21,midnightblue
C3ORF26,midnightblue
C3ORF38,midnightblue
C3ORF71,midnightblue
C4ORF10,midnightblue
C5ORF15,midnightblue
C5ORF28,midnightblue
C5ORF45,midnightblue
C6ORF125,midnightblue
C6ORF217,midnightblue
C6ORF226,midnightblue
C7ORF23,midnightblue
C7ORF30,midnightblue
C7ORF38,midnightblue
C7ORF60,midnightblue
C8ORF55,midnightblue
C8ORF71,midnightblue
C9ORF116,midnightblue
C9ORF167,midnightblue
C9ORF3,midnightblue
CABYR,midnightblue
CACNA2D3,midnightblue
CADM4,midnightblue
CALM1,midnightblue
CAMK1G,midnightblue
CAMLG,midnightblue
CAMTA2,midnightblue
CAND2,midnightblue
CAPN3,midnightblue
CARHSP1,midnightblue
CAV1,midnightblue
CAV2,midnightblue
CBLL1,midnightblue
CBR3,midnightblue
CCDC138,midnightblue
CCDC140,midnightblue
CCDC25,midnightblue
CCDC43,midnightblue
CCDC6,midnightblue
CCDC60,midnightblue
CCDC65,midnightblue
CCDC66,midnightblue
CCDC67,midnightblue
CCDC88C,midnightblue
CCM2,midnightblue
CCT2,midnightblue
CD47,midnightblue
CD81,midnightblue
CDC123,midnightblue
CDC23,midnightblue
CDC7,midnightblue
CDH18,midnightblue
CDH2,midnightblue
CDK4,midnightblue
CDK6,midnightblue
CDK7,midnightblue
CDKN1A,midnightblue
CDKN1C,midnightblue
CDKN2C,midnightblue
CDKN3,midnightblue
CDNF,midnightblue
CEBPA,midnightblue
CENPE,midnightblue
CENPT,midnightblue
CEP192,midnightblue
CEP250,midnightblue
CES1,midnightblue
CFLAR,midnightblue
CGNL1,midnightblue
CHAT,midnightblue
CHCHD1,midnightblue
CHEK1,midnightblue
CHFR,midnightblue
CHORDC1,midnightblue
CHSY1,midnightblue
CHURC1,midnightblue
CLASP1,midnightblue
CLCC1,midnightblue
CLCN7,midnightblue
CLDN20,midnightblue
CLEC11A,midnightblue
CLK1,midnightblue
CLNS1A,midnightblue
CLPB,midnightblue
CLTA,midnightblue
CLTC,midnightblue
CNOT10,midnightblue
CNOT6L,midnightblue
CNTNAP4,midnightblue
COL21A1,midnightblue
COL5A3,midnightblue
COMMD7,midnightblue
COPS5,midnightblue
CORO1C,midnightblue
COX16,midnightblue
COX6B1,midnightblue
COX8A,midnightblue
CP110,midnightblue
CPEB3,midnightblue
CRCT1,midnightblue
CREB1,midnightblue
CREB3L3,midnightblue
CRK,midnightblue
CRLF1,midnightblue
CRYM,midnightblue
CSGALNACT1,midnightblue
CSMD2,midnightblue
CSPG5,midnightblue
CTNNA3,midnightblue
CTNND2,midnightblue
CTR9,midnightblue
CUBN,midnightblue
CUEDC1,midnightblue
CUTA,midnightblue
CWC22,midnightblue
CXCL3,midnightblue
CYP20A1,midnightblue
CYP2R1,midnightblue
CYS1,midnightblue
DAB1,midnightblue
DACT3,midnightblue
DAD1,midnightblue
DAPK3,midnightblue
DBF4,midnightblue
DBNDD2,midnightblue
DCAF10,midnightblue
DCTD,midnightblue
DDAH1,midnightblue
DDHD1,midnightblue
DDX10,midnightblue
DDX43,midnightblue
DDX52,midnightblue
DDX6,midnightblue
DEDD,midnightblue
DEDD2,midnightblue
DEFB135,midnightblue
DENND1C,midnightblue
DENND3,midnightblue
DENR,midnightblue
DERL1,midnightblue
DFFB,midnightblue
DFNB31,midnightblue
DHRS7,midnightblue
DHTKD1,midnightblue
DHX35,midnightblue
DHX58,midnightblue
DIAPH1,midnightblue
DIAPH3,midnightblue
DIO2,midnightblue
DIRAS1,midnightblue
DIS3L,midnightblue
DLGAP1,midnightblue
DMP1,midnightblue
DMRTB1,midnightblue
DMXL1,midnightblue
DNAH7,midnightblue
DNAJB6,midnightblue
DNAJC7,midnightblue
DOCK4,midnightblue
DOK7,midnightblue
DPF1,midnightblue
DPF3,midnightblue
DPH2,midnightblue
DPM3,midnightblue
DSC2,midnightblue
DSG1,midnightblue
DST,midnightblue
DUOX2,midnightblue
DUSP13,midnightblue
DUSP18,midnightblue
DUSP4,midnightblue
DUSP6,midnightblue
DUT,midnightblue
DYNC1LI1,midnightblue
DYNC2H1,midnightblue
DYNLL1,midnightblue
DYX1C1,midnightblue
EBAG9,midnightblue
EBF1,midnightblue
EBNA1BP2,midnightblue
EEF1A1,midnightblue
EEF2,midnightblue
EFR3A,midnightblue
EHMT2,midnightblue
EIF1,midnightblue
EIF1B,midnightblue
EIF2AK4,midnightblue
EIF2C3,midnightblue
EIF3A,midnightblue
EIF4E1B,midnightblue
EIF4EBP3,midnightblue
ELL,midnightblue
ELOVL2,midnightblue
EML1,midnightblue
EML5,midnightblue
EMP2,midnightblue
EMX2,midnightblue
EPAS1,midnightblue
EPHX2,midnightblue
EPN2,midnightblue
EPS8,midnightblue
ERCC1,midnightblue
ERI1,midnightblue
ERICH1,midnightblue
ESD,midnightblue
ESYT3,midnightblue
ETAA1,midnightblue
ETFA,midnightblue
ETNK1,midnightblue
ETV1,midnightblue
ETV3,midnightblue
EXOC2,midnightblue
EXOC3,midnightblue
EXOSC10,midnightblue
EXOSC9,midnightblue
EXPH5,midnightblue
EXT1,midnightblue
FADS3,midnightblue
FAH,midnightblue
FAM111A,midnightblue
FAM120AOS,midnightblue
FAM123A,midnightblue
FAM128A,midnightblue
FAM134A,midnightblue
FAM134B,midnightblue
FAM164C,midnightblue
FAM172A,midnightblue
FAM184A,midnightblue
FAM198B,midnightblue
FAM19A2,midnightblue
FAM20C,midnightblue
FAM36A,midnightblue
FAM46A,midnightblue
FAM46B,midnightblue
FAM60A,midnightblue
FAM76B,midnightblue
FAM89A,midnightblue
FANCC,midnightblue
FANCL,midnightblue
FASTK,midnightblue
FBLN5,midnightblue
FBRSL1,midnightblue
FBXL14,midnightblue
FBXO24,midnightblue
FBXO3,midnightblue
FBXO32,midnightblue
FBXO34,midnightblue
FEM1B,midnightblue
FGF14,midnightblue
FGF18,midnightblue
FHIT,midnightblue
FLJ10357,midnightblue
FLJ10661,midnightblue
FLJ31306,midnightblue
FLJ41603,midnightblue
FLJ43663,midnightblue
FLOT1,midnightblue
FLRT2,midnightblue
FMNL2,midnightblue
FN1,midnightblue
FNDC3A,midnightblue
FNDC3B,midnightblue
FOS,midnightblue
FOXD2,midnightblue
FOXK1,midnightblue
FRYL,midnightblue
FSD1,midnightblue
FUBP1,midnightblue
FXYD6,midnightblue
G6PC3,midnightblue
GABARAP,midnightblue
GABRA1,midnightblue
GABRB1,midnightblue
GABRG3,midnightblue
GALK1,midnightblue
GALNT4,midnightblue
GALNT9,midnightblue
GAR1,midnightblue
GARS,midnightblue
GART,midnightblue
GAS2L1,midnightblue
GAS5,midnightblue
GATA4,midnightblue
GBAP1,midnightblue
GCDH,midnightblue
GCN1L1,midnightblue
GDAP2,midnightblue
GDNF,midnightblue
GEM,midnightblue
GFRA1,midnightblue
GFRA3,midnightblue
GGA1,midnightblue
GHRL,midnightblue
GINS2,midnightblue
GLB1L,midnightblue
GLOD4,midnightblue
GLT1D1,midnightblue
GLTP,midnightblue
GMFB,midnightblue
GMNN,midnightblue
GNA11,midnightblue
GNAL,midnightblue
GNAQ,midnightblue
GNB2L1,midnightblue
GNL1,midnightblue
GNMT,midnightblue
GPATCH8,midnightblue
GPBP1L1,midnightblue
GPR120,midnightblue
GPR123,midnightblue
GPR150,midnightblue
GPR19,midnightblue
GPR3,midnightblue
GPR37,midnightblue
GRID2IP,midnightblue
GRIN2A,midnightblue
GRIN2C,midnightblue
GRINL1A,midnightblue
GRPEL2,midnightblue
GSTO1,midnightblue
GTF2F2,midnightblue
GZMA,midnightblue
H2AFY2,midnightblue
H3F3B,midnightblue
HCG27,midnightblue
HCG4,midnightblue
HDAC1,midnightblue
HECW1,midnightblue
HERC3,midnightblue
HES4,midnightblue
HIBADH,midnightblue
HIF1AN,midnightblue
HIPK1,midnightblue
HIST1H2AL,midnightblue
HIST1H2BA,midnightblue
HIST1H4D,midnightblue
HIVEP3,midnightblue
HLA-B,midnightblue
HLTF,midnightblue
HMBS,midnightblue
HMGN2,midnightblue
HNRNPA1,midnightblue
HNRNPD,midnightblue
HNRNPK,midnightblue
HNRNPL,midnightblue
HNRNPUL2,midnightblue
HNRPA1L-2,midnightblue
HOXC4,midnightblue
HPSE,midnightblue
HS2ST1,midnightblue
HS3ST2,midnightblue
HSD17B8,midnightblue
HSPA1A,midnightblue
HSPA1B,midnightblue
HSPA8,midnightblue
HSPC072,midnightblue
HTR2B,midnightblue
HYLS1,midnightblue
ICA1L,midnightblue
ICOSLG,midnightblue
ID2,midnightblue
IFIT1L,midnightblue
IFT140,midnightblue
IFT172,midnightblue
IFT88,midnightblue
IGF2BP3,midnightblue
IGFBP3,midnightblue
IGSF21,midnightblue
IL13,midnightblue
ILVBL,midnightblue
IMP4,midnightblue
IMPDH1,midnightblue
INPP4B,midnightblue
IQCE,midnightblue
IRS1,midnightblue
IRX4,midnightblue
ITGAE,midnightblue
JAG2,midnightblue
JAGN1,midnightblue
JAK1,midnightblue
JAM2,midnightblue
JDP2,midnightblue
JMJD7,midnightblue
JMJD8,midnightblue
KATNAL1,midnightblue
KAZALD1,midnightblue
KCNA1,midnightblue
KCNE1,midnightblue
KCNIP1,midnightblue
KCNQ4,midnightblue
KCNT1,midnightblue
KCTD12,midnightblue
KCTD3,midnightblue
KDELC2,midnightblue
KDELR2,midnightblue
KDM3A,midnightblue
KEL,midnightblue
KHDRBS2,midnightblue
KHDRBS3,midnightblue
KIAA0146,midnightblue
KIAA0182,midnightblue
KIAA0196,midnightblue
KIAA0368,midnightblue
KIAA0664,midnightblue
KIAA0907,midnightblue
KIAA1026,midnightblue
KIAA1045,midnightblue
KIAA1279,midnightblue
KIAA1377,midnightblue
KIAA1409,midnightblue
KIAA2026,midnightblue
KIF13A,midnightblue
KIF18B,midnightblue
KIF25,midnightblue
KLC2,midnightblue
KLC4,midnightblue
KLF12,midnightblue
KLHDC7B,midnightblue
KLK7,midnightblue
KPNA5,midnightblue
KRAS,midnightblue
KRT10,midnightblue
KRTAP6-2,midnightblue
L3MBTL3,midnightblue
LAMC1,midnightblue
LANCL2,midnightblue
LARP4,midnightblue
LDHA,midnightblue
LEPREL2,midnightblue
LGMN,midnightblue
LHFPL2,midnightblue
LIMS2,midnightblue
LIPT2,midnightblue
LMAN2,midnightblue
LMO2,midnightblue
LMO3,midnightblue
LMO7,midnightblue
LMTK2,midnightblue
LOC100101938,midnightblue
LOC100130987,midnightblue
LOC100216545,midnightblue
LOC100268168,midnightblue
LOC100288730,midnightblue
LOC100289511,midnightblue
LOC148696,midnightblue
LOC149134,midnightblue
LOC153328,midnightblue
LOC25845,midnightblue
LOC285456,midnightblue
LOC285954,midnightblue
LOC374443,midnightblue
LOC391322,midnightblue
LOC440356,midnightblue
LOC550112,midnightblue
LOC728392,midnightblue
LRFN3,midnightblue
LRGUK,midnightblue
LRIG3,midnightblue
LRP1,midnightblue
LRP11,midnightblue
LRP8,midnightblue
LRRC49,midnightblue
LRRC50,midnightblue
LRRC59,midnightblue
LRRC8B,midnightblue
LSAMP,midnightblue
LSM10,midnightblue
LTBP3,midnightblue
LTBR,midnightblue
LYRM4,midnightblue
MAD1L1,midnightblue
MAFB,midnightblue
MAGI2,midnightblue
MAMSTR,midnightblue
MAN1C1,midnightblue
MAN2A1,midnightblue
MAP2K4,midnightblue
MAP4,midnightblue
MAP7,midnightblue
MAPK14,midnightblue
MAPT,midnightblue
MARCKS,midnightblue
MARCKSL1,midnightblue
MAST4,midnightblue
MBD6,midnightblue
MBLAC1,midnightblue
MC4R,midnightblue
MCC,midnightblue
MCM8,midnightblue
MDH1B,midnightblue
MED13L,midnightblue
MED19,midnightblue
MED28,midnightblue
MED8,midnightblue
METTL14,midnightblue
MFAP2,midnightblue
MFGE8,midnightblue
MGEA5,midnightblue
MGST3,midnightblue
MIA3,midnightblue
MICAL1,midnightblue
MICAL3,midnightblue
MIP,midnightblue
MIR1181,midnightblue
MIR29C,midnightblue
MIR487B,midnightblue
MIR548N,midnightblue
MIR572,midnightblue
MLH1,midnightblue
MLST8,midnightblue
MMP16,midnightblue
MOCS3,midnightblue
MOG,midnightblue
MORF4L1,midnightblue
MOSC2,midnightblue
MOXD1,midnightblue
MPP2,midnightblue
MRFAP1,midnightblue
MRFAP1L1,midnightblue
MRPL30,midnightblue
MRPL32,midnightblue
MRPL51,midnightblue
MRPL54,midnightblue
MRPS21,midnightblue
MRPS26,midnightblue
MRPS33,midnightblue
MRPS7,midnightblue
MSL2,midnightblue
MTCH2,midnightblue
MTHFD1L,midnightblue
MTHFS,midnightblue
MTIF2,midnightblue
MTMR10,midnightblue
MTMR4,midnightblue
MYADML2,midnightblue
MYCN,midnightblue
MYH11,midnightblue
MYH15,midnightblue
MYH9,midnightblue
MYLK,midnightblue
MYO10,midnightblue
MYO1E,midnightblue
MYOCD,midnightblue
MZF1,midnightblue
N4BP2,midnightblue
NAP1L1,midnightblue
NARS2,midnightblue
NAV2,midnightblue
NCOA5,midnightblue
NCOR2,midnightblue
NCRNA00081,midnightblue
NCRNA00167,midnightblue
NDUFA5,midnightblue
NDUFA6,midnightblue
NDUFB4,midnightblue
NECAP1,midnightblue
NEIL3,midnightblue
NGRN,midnightblue
NKX1-2,midnightblue
NKX6-2,midnightblue
NLN,midnightblue
NOC4L,midnightblue
NPDC1,midnightblue
NPFFR2,midnightblue
NPM1,midnightblue
NPM3,midnightblue
NPY1R,midnightblue
NPY5R,midnightblue
NR1H2,midnightblue
NR2F1,midnightblue
NRG2,midnightblue
NRG3,midnightblue
NSL1,midnightblue
NTN4,midnightblue
NUDT6,midnightblue
NUMB,midnightblue
NUP133,midnightblue
NUP205,midnightblue
NUP210,midnightblue
NUP62,midnightblue
NUP98,midnightblue
NUPL2,midnightblue
NXN,midnightblue
NXNL1,midnightblue
OBSCN,midnightblue
ODZ4,midnightblue
OGFOD1,midnightblue
OLIG3,midnightblue
OR2C1,midnightblue
ORAOV1,midnightblue
OSBPL3,midnightblue
OSBPL5,midnightblue
OSGEPL1,midnightblue
OSGIN1,midnightblue
OTUD6B,midnightblue
OTUD7B,midnightblue
OVCA2,midnightblue
OXA1L,midnightblue
P4HA3,midnightblue
PA2G4,midnightblue
PAN2,midnightblue
PANK2,midnightblue
PANX2,midnightblue
PARP12,midnightblue
PARP16,midnightblue
PARS2,midnightblue
PCDH1,midnightblue
PCDH10,midnightblue
PCDH15,midnightblue
PCDH9,midnightblue
PCDHB10,midnightblue
PCGF1,midnightblue
PCGF3,midnightblue
PCNXL3,midnightblue
PCOTH,midnightblue
PCYOX1,midnightblue
PCYT1A,midnightblue
PDE2A,midnightblue
PDE5A,midnightblue
PDGFRA,midnightblue
PDGFRB,midnightblue
PDLIM3,midnightblue
PELI1,midnightblue
PELI3,midnightblue
PEX13,midnightblue
PEX14,midnightblue
PEX19,midnightblue
PFKL,midnightblue
PGLS,midnightblue
PHF10,midnightblue
PHF14,midnightblue
PHF20,midnightblue
PHTF1,midnightblue
PIAS1,midnightblue
PIAS3,midnightblue
PIGL,midnightblue
PIGW,midnightblue
PIK3CD,midnightblue
PIN1,midnightblue
PINX1,midnightblue
PIP4K2C,midnightblue
PIP5K1A,midnightblue
PIP5KL1,midnightblue
PJA2,midnightblue
PKP3,midnightblue
PLA2G4C,midnightblue
PLEKHA2,midnightblue
PLK4,midnightblue
PLRG1,midnightblue
PMAIP1,midnightblue
PNKD,midnightblue
PNPLA6,midnightblue
PNRC1,midnightblue
POLE,midnightblue
POLR3B,midnightblue
POM121,midnightblue
POU6F2,midnightblue
PPAP2A,midnightblue
PPFIA3,midnightblue
PPFIBP2,midnightblue
PPM1K,midnightblue
PPP1R10,midnightblue
PPP1R11,midnightblue
PPP1R14B,midnightblue
PPP1R15B,midnightblue
PPP1R9B,midnightblue
PPP2R5D,midnightblue
PRCP,midnightblue
PRDM15,midnightblue
PRDM2,midnightblue
PRKCE,midnightblue
PRKD1,midnightblue
PRKD3,midnightblue
PRKG1,midnightblue
PRMT3,midnightblue
PRPF19,midnightblue
PRPF38B,midnightblue
PRPSAP2,midnightblue
PRR3,midnightblue
PRSS22,midnightblue
PSMA3,midnightblue
PSMC1,midnightblue
PSMD9,midnightblue
PTBP2,midnightblue
PTEN,midnightblue
PTHLH,midnightblue
PTMA,midnightblue
PTPN1,midnightblue
PTPN14,midnightblue
PTPN21,midnightblue
PTPRJ,midnightblue
PTPRK,midnightblue
PTPRN2,midnightblue
PTPRO,midnightblue
PXDN,midnightblue
QSER1,midnightblue
R3HDM1,midnightblue
RAB11FIP3,midnightblue
RAB1A,midnightblue
RAB1B,midnightblue
RAB3A,midnightblue
RABGAP1L,midnightblue
RAD51L1,midnightblue
RAD54B,midnightblue
RAET1K,midnightblue
RAGE,midnightblue
RAI14,midnightblue
RALGPS1,midnightblue
RAP1GAP,midnightblue
RAPGEF6,midnightblue
RASA3,midnightblue
RASGRP3,midnightblue
RB1,midnightblue
RBL2,midnightblue
RBM16,midnightblue
RBM22,midnightblue
RBM4B,midnightblue
RBM5,midnightblue
RBPMS,midnightblue
RCC2,midnightblue
RCVRN,midnightblue
RECQL4,midnightblue
REEP5,midnightblue
RELL1,midnightblue
RELN,midnightblue
RER1,midnightblue
REST,midnightblue
RFC1,midnightblue
RFC3,midnightblue
RFC4,midnightblue
RFPL3,midnightblue
RG9MTD2,midnightblue
RGS2,midnightblue
RHOBTB2,midnightblue
RIMBP2,midnightblue
RLF,midnightblue
RNASEN,midnightblue
RND1,midnightblue
RNF114,midnightblue
RNF169,midnightblue
RNF213,midnightblue
RNPEPL1,midnightblue
RNU6ATAC,midnightblue
RP9P,midnightblue
RPA3,midnightblue
RPAIN,midnightblue
RPAP3,midnightblue
RPH3AL,midnightblue
RPL11,midnightblue
RPL13AP5,midnightblue
RPL30,midnightblue
RPL32P3,midnightblue
RPL8,midnightblue
RPL9,midnightblue
RPN1,midnightblue
RPP25,midnightblue
RPRD1B,midnightblue
RPS14,midnightblue
RPS24,midnightblue
RPS25,midnightblue
RPS27,midnightblue
RPS27A,midnightblue
RPS5,midnightblue
RPS9,midnightblue
RPSA,midnightblue
RPTOR,midnightblue
RSF1,midnightblue
RTDR1,midnightblue
RUFY2,midnightblue
RUFY3,midnightblue
RUNDC2A,midnightblue
RWDD3,midnightblue
RYR1,midnightblue
S1PR1,midnightblue
S1PR2,midnightblue
SAMHD1,midnightblue
SAP18,midnightblue
SAPS3,midnightblue
SC5DL,midnightblue
SCAMP3,midnightblue
SCARB1,midnightblue
SCARNA2,midnightblue
SCD5,midnightblue
SCFD2,midnightblue
SCN4B,midnightblue
SCOC,midnightblue
SDAD1,midnightblue
SDC2,midnightblue
SDC3,midnightblue
SEC14L2,midnightblue
SEC61A2,midnightblue
SECISBP2,midnightblue
SECISBP2L,midnightblue
SELK,midnightblue
SEMA3C,midnightblue
SEPT10,midnightblue
SERTAD3,midnightblue
SETD5,midnightblue
SF3B1,midnightblue
SF3B2,midnightblue
SFRP4,midnightblue
SFRS14,midnightblue
SFRS8,midnightblue
SH3GLB2,midnightblue
SHANK1,midnightblue
SHANK2,midnightblue
SHF,midnightblue
SIRT1,midnightblue
SIRT4,midnightblue
SKIV2L2,midnightblue
SLC12A5,midnightblue
SLC1A3,midnightblue
SLC1A5,midnightblue
SLC22A23,midnightblue
SLC22A5,midnightblue
SLC25A44,midnightblue
SLC25A46,midnightblue
SLC2A1,midnightblue
SLC30A1,midnightblue
SLC35B3,midnightblue
SLC35B4,midnightblue
SLC35E1,midnightblue
SLC39A14,midnightblue
SLC43A2,midnightblue
SLC46A2,midnightblue
SLC6A4,midnightblue
SLC8A3,midnightblue
SLIT3,midnightblue
SLMO1,midnightblue
SMG6,midnightblue
SMOC2,midnightblue
SMURF1,midnightblue
SNAP25,midnightblue
SNAPIN,midnightblue
SNORD1C,midnightblue
SNORD55,midnightblue
SNRNP200,midnightblue
SNTB2,midnightblue
SNTG1,midnightblue
SNX14,midnightblue
SNX24,midnightblue
SNX3,midnightblue
SNX8,midnightblue
SOCS2,midnightblue
SORBS2,midnightblue
SORCS2,midnightblue
SORCS3,midnightblue
SOX2OT,midnightblue
SOX5,midnightblue
SPAG16,midnightblue
SPTBN4,midnightblue
SRA1,midnightblue
SRFBP1,midnightblue
SRP14,midnightblue
SRP72,midnightblue
SRPK1,midnightblue
ST3GAL6,midnightblue
STAB2,midnightblue
STARD3,midnightblue
STAT1,midnightblue
STAT2,midnightblue
STAU2,midnightblue
STIP1,midnightblue
STK25,midnightblue
STMN1,midnightblue
STRN,midnightblue
STX4,midnightblue
STX7,midnightblue
STYX,midnightblue
SUFU,midnightblue
SUMF2,midnightblue
SUV39H2,midnightblue
SVEP1,midnightblue
SYCE1L,midnightblue
SYN3,midnightblue
SYNE1,midnightblue
SYNE2,midnightblue
SYNGAP1,midnightblue
SYNJ2,midnightblue
SYT15,midnightblue
SYT17,midnightblue
TADA2B,midnightblue
TAF15,midnightblue
TAF1C,midnightblue
TARBP1,midnightblue
TARS2,midnightblue
TCTN3,midnightblue
TDP1,midnightblue
TDRD1,midnightblue
TDRKH,midnightblue
TELO2,midnightblue
TEX2,midnightblue
TEX9,midnightblue
TGFBR3,midnightblue
THADA,midnightblue
THAP3,midnightblue
THNSL1,midnightblue
THRA,midnightblue
THUMPD3,midnightblue
TIPIN,midnightblue
TLE4,midnightblue
TM2D2,midnightblue
TM9SF2,midnightblue
TM9SF3,midnightblue
TMED3,midnightblue
TMED4,midnightblue
TMEFF1,midnightblue
TMEM109,midnightblue
TMEM111,midnightblue
TMEM161A,midnightblue
TMEM177,midnightblue
TMEM179,midnightblue
TMEM184B,midnightblue
TMEM200C,midnightblue
TMEM209,midnightblue
TMEM49,midnightblue
TMEM62,midnightblue
TMX2,midnightblue
TNFSF12,midnightblue
TNPO1,midnightblue
TOMM5,midnightblue
TP53RK,midnightblue
TPST1,midnightblue
TRA2B,midnightblue
TRAM1L1,midnightblue
TRAPPC6B,midnightblue
TRERF1,midnightblue
TREX1,midnightblue
TRIB1,midnightblue
TRIM14,midnightblue
TRIM26,midnightblue
TRIM31,midnightblue
TRIM45,midnightblue
TRIM62,midnightblue
TRIM68,midnightblue
TRIO,midnightblue
TRIP12,midnightblue
TRIP13,midnightblue
TRIP4,midnightblue
TRMT61B,midnightblue
TRPC6,midnightblue
TRPV3,midnightblue
TSC1,midnightblue
TSNARE1,midnightblue
TSPAN14,midnightblue
TSSK1B,midnightblue
TTC23,midnightblue
TTC25,midnightblue
TTC28,midnightblue
TTC29,midnightblue
TTC5,midnightblue
TTLL11,midnightblue
TTLL6,midnightblue
TUBD1,midnightblue
TUBE1,midnightblue
TUBGCP5,midnightblue
TUSC4,midnightblue
TXN2,midnightblue
TXNDC12,midnightblue
TXNDC17,midnightblue
TXNIP,midnightblue
UBAP2,midnightblue
UBE2K,midnightblue
UBE2QL1,midnightblue
UBE2T,midnightblue
UBOX5,midnightblue
UBP1,midnightblue
UBTD2,midnightblue
UBTF,midnightblue
UCKL1,midnightblue
UFM1,midnightblue
UFSP2,midnightblue
UGP2,midnightblue
UGT2A2,midnightblue
UHMK1,midnightblue
ULK4,midnightblue
UNC84A,midnightblue
UPF1,midnightblue
UQCRHL,midnightblue
URM1,midnightblue
USP2,midnightblue
USP36,midnightblue
USP8,midnightblue
UTP23,midnightblue
UXS1,midnightblue
VAPA,midnightblue
VARS,midnightblue
VAV2,midnightblue
VCPIP1,midnightblue
VGLL4,midnightblue
VIM,midnightblue
VPS33B,midnightblue
VPS37D,midnightblue
VPS72,midnightblue
VTI1B,midnightblue
WASF2,midnightblue
WBP2,midnightblue
WDR46,midnightblue
WDR47,midnightblue
WDR5B,midnightblue
WDR70,midnightblue
WDR8,midnightblue
WFS1,midnightblue
WHAMM,midnightblue
WIT1,midnightblue
WSB1,midnightblue
XPO5,midnightblue
XPOT,midnightblue
XPR1,midnightblue
XRCC4,midnightblue
YIPF4,midnightblue
YY1AP1,midnightblue
ZBTB16,midnightblue
ZBTB20,midnightblue
ZBTB39,midnightblue
ZCCHC24,midnightblue
ZDHHC11,midnightblue
ZDHHC14,midnightblue
ZEB1,midnightblue
ZFYVE20,midnightblue
ZKSCAN3,midnightblue
ZKSCAN5,midnightblue
ZNF181,midnightblue
ZNF221,midnightblue
ZNF225,midnightblue
ZNF227,midnightblue
ZNF239,midnightblue
ZNF30,midnightblue
ZNF300,midnightblue
ZNF304,midnightblue
ZNF324B,midnightblue
ZNF330,midnightblue
ZNF343,midnightblue
ZNF346,midnightblue
ZNF347,midnightblue
ZNF398,midnightblue
ZNF408,midnightblue
ZNF417,midnightblue
ZNF446,midnightblue
ZNF534,midnightblue
ZNF568,midnightblue
ZNF575,midnightblue
ZNF581,midnightblue
ZNF625,midnightblue
ZNF642,midnightblue
ZNF652,midnightblue
ZNF655,midnightblue
ZNF684,midnightblue
ZNF692,midnightblue
ZNF709,midnightblue
ZNF74,midnightblue
ZNF761,midnightblue
ZNF790,midnightblue
ZNF791,midnightblue
ZNF84,midnightblue
ZNF862,midnightblue
ZNHIT6,midnightblue
ZNRD1,midnightblue
ZSCAN21,midnightblue
AAGAB,orange
AATF,orange
AATK,orange
ABCA1,orange
ABCA2,orange
ABCA5,orange
ABCC10,orange
ABCC12,orange
ABCC3,orange
ABCG8,orange
ABHD3,orange
ABHD4,orange
ABI3BP,orange
ACACA,orange
ACAD8,orange
ACADL,orange
ACAP1,orange
ACBD6,orange
ACBD7,orange
ACIN1,orange
ACOX3,orange
ACOXL,orange
ACPL2,orange
ACRV1,orange
ACSL6,orange
ACTA2,orange
ACTBL2,orange
ACTL6B,orange
ACTR2,orange
ACVR2A,orange
ACYP2,orange
ADA,orange
ADAL,orange
ADAMDEC1,orange
ADAMTS10,orange
ADAMTS16,orange
ADAMTS2,orange
ADAT2,orange
ADCK2,orange
ADCY10,orange
ADCY9,orange
ADH6,orange
ADI1,orange
ADIPOQ,orange
ADIPOR1,orange
ADORA2B,orange
ADRA1A,orange
ADRA2A,orange
AFF1,orange
AFF3,orange
AGAP1,orange
AGBL3,orange
AGBL4,orange
AGL,orange
AGPAT1,orange
AGPAT3,orange
AGPAT5,orange
AGXT,orange
AGXT2L1,orange
AHCY,orange
AHI1,orange
AHNAK,orange
AIG1,orange
AIM2,orange
AJAP1,orange
AKAP1,orange
AKAP13,orange
AKR1B1,orange
AKT3,orange
ALCAM,orange
ALDH18A1,orange
ALDH1L1,orange
ALDH1L2,orange
ALDH3A2,orange
ALG1,orange
ALG9,orange
ALOX12B,orange
ALPK3,orange
AMBN,orange
AMBP,orange
AMICA1,orange
AMOTL1,orange
AMPD1,orange
AMPD2,orange
AMPD3,orange
AMPH,orange
AMZ1,orange
ANAPC7,orange
ANGPT1,orange
ANK1,orange
ANKMY2,orange
ANKRD22,orange
ANKRD32,orange
ANKRD33B,orange
ANKRD34C,orange
ANKRD9,orange
ANKS1A,orange
ANKS1B,orange
ANKZF1,orange
ANO10,orange
ANO7,orange
ANTXR1,orange
ANXA7,orange
AP2A2,orange
AP3S2,orange
APOBEC2,orange
APOBEC3G,orange
APOH,orange
APOM,orange
ARHGAP18,orange
ARHGAP22,orange
ARHGAP26,orange
ARHGAP28,orange
ARHGEF10,orange
ARHGEF10L,orange
ARHGEF3,orange
ARID1B,orange
ARL13B,orange
ARL15,orange
ARL2BP,orange
ARL4A,orange
ARL9,orange
ARMC1,orange
ARMC2,orange
ARMC4,orange
ARPC1A,orange
ARPM1,orange
ARSB,orange
ASAP1,orange
ASAP2,orange
ASB14,orange
ASB4,orange
ASB5,orange
ASB8,orange
ASCC1,orange
ASH1L,orange
ASIP,orange
ASPH,orange
ASPHD2,orange
ASPSCR1,orange
ASTN1,orange
ATF6B,orange
ATG16L1,orange
ATG9B,orange
ATP11A,orange
ATP2C2,orange
ATP5C1,orange
ATP5G2,orange
ATP6V0D2,orange
ATP8A1,orange
ATP8B4,orange
ATXN1,orange
ATXN7,orange
ATXN7L1,orange
AURKC,orange
AUTS2,orange
AVPR1B,orange
AXIN2,orange
B2M,orange
B3GNT3,orange
BAD,orange
BAHCC1,orange
BAHD1,orange
BANK1,orange
BANP,orange
BAT2,orange
BAT3,orange
BATF,orange
BBC3,orange
BBS9,orange
BBX,orange
BCAS1,orange
BCAS3,orange
BCAT1,orange
BCKDHB,orange
BCL2,orange
BCL2L11,orange
BCL2L15,orange
BCL6,orange
BCL9,orange
BDH1,orange
BDKRB2,orange
BDNF,orange
BFSP1,orange
BID,orange
BIRC2,orange
BIVM,orange
BMF,orange
BPGM,orange
BPHL,orange
BPI,orange
BPTF,orange
BRD2,orange
BRDT,orange
BRI3BP,orange
BRIX1,orange
BRSK2,orange
BSN,orange
BTBD16,orange
BTBD3,orange
BTF3,orange
BUD31,orange
BZRAP1,orange
C10ORF11,orange
C10ORF128,orange
C10ORF137,orange
C10ORF26,orange
C10ORF46,orange
C11ORF53,orange
C11ORF57,orange
C11ORF58,orange
C11ORF71,orange
C11ORF87,orange
C11ORF9,orange
C12ORF48,orange
C12ORF56,orange
C12ORF75,orange
C12ORF76,orange
C13ORF38,orange
C14ORF101,orange
C14ORF135,orange
C14ORF143,orange
C14ORF166B,orange
C14ORF37,orange
C14ORF50,orange
C15ORF17,orange
C15ORF2,orange
C15ORF43,orange
C15ORF44,orange
C15ORF52,orange
C16ORF35,orange
C16ORF52,orange
C16ORF63,orange
C16ORF73,orange
C16ORF87,orange
C17ORF104,orange
C17ORF108,orange
C17ORF53,orange
C17ORF54,orange
C17ORF57,orange
C17ORF60,orange
C17ORF68,orange
C17ORF71,orange
C18ORF22,orange
C1ORF116,orange
C1ORF123,orange
C1ORF159,orange
C1ORF175,orange
C1ORF21,orange
C1ORF223,orange
C1ORF229,orange
C1ORF9,orange
C1ORF93,orange
C1ORF97,orange
C1QL4,orange
C1QTNF1,orange
C2,orange
C20ORF56,orange
C20ORF72,orange
C21ORF59,orange
C2ORF42,orange
C2ORF49,orange
C3AR1,orange
C3ORF14,orange
C3ORF21,orange
C3ORF23,orange
C3ORF26,orange
C3ORF57,orange
C3ORF67,orange
C4BPA,orange
C4ORF21,orange
C4ORF41,orange
C4ORF45,orange
C4ORF47,orange
C5ORF13,orange
C5ORF32,orange
C5ORF36,orange
C6ORF10,orange
C6ORF145,orange
C6ORF15,orange
C6ORF162,orange
C6ORF163,orange
C6ORF165,orange
C6ORF168,orange
C6ORF174,orange
C6ORF221,orange
C6ORF52,orange
C6ORF70,orange
C7,orange
C7ORF10,orange
C7ORF23,orange
C7ORF38,orange
C7ORF50,orange
C7ORF58,orange
C7ORF71,orange
C7ORF72,orange
C8ORF33,orange
C8ORF42,orange
C8ORF45,orange
C8ORF47,orange
C8ORF79,orange
C8ORF84,orange
C9ORF3,orange
C9ORF40,orange
C9ORF5,orange
CA8,orange
CACHD1,orange
CACNA1D,orange
CACNB4,orange
CADM1,orange
CADPS,orange
CADPS2,orange
CALHM2,orange
CALML4,orange
CALU,orange
CALY,orange
CAMKK2,orange
CAMTA1,orange
CAPN3,orange
CAPZB,orange
CARD10,orange
CARS2,orange
CASP5,orange
CBARA1,orange
CBFA2T3,orange
CBFB,orange
CBLN3,orange
CBS,orange
CBX2,orange
CBX6,orange
CCDC105,orange
CCDC122,orange
CCDC125,orange
CCDC152,orange
CCDC158,orange
CCDC40,orange
CCDC51,orange
CCDC52,orange
CCDC53,orange
CCDC55,orange
CCDC60,orange
CCDC70,orange
CCDC77,orange
CCDC88A,orange
CCDC91,orange
CCL20,orange
CCL26,orange
CCL8,orange
CCNL2,orange
CCR3,orange
CD2AP,orange
CD44,orange
CD59,orange
CD69,orange
CD79B,orange
CD81,orange
CD83,orange
CD8A,orange
CDC42BPG,orange
CDC42EP2,orange
CDCA7,orange
CDH12,orange
CDH26,orange
CDK4,orange
CDK6,orange
CDKL3,orange
CDO1,orange
CDSN,orange
CDX1,orange
CDYL,orange
CELSR1,orange
CENPF,orange
CENPJ,orange
CENPP,orange
CEP164,orange
CEP55,orange
CEPT1,orange
CFDP1,orange
CGN,orange
CH25H,orange
CHAC1,orange
CHD9,orange
CHFR,orange
CHIA,orange
CHID1,orange
CHN2,orange
CHP,orange
CHPF2,orange
CHRM3,orange
CHST10,orange
CHST2,orange
CHSY1,orange
CKAP2,orange
CKAP5,orange
CLDN10,orange
CLDN23,orange
CLEC11A,orange
CLEC12A,orange
CLEC2A,orange
CLEC7A,orange
CLIC1,orange
CLNS1A,orange
CLPTM1,orange
CLPTM1L,orange
CLRN2,orange
CLSTN1,orange
CLTC,orange
CLU,orange
CLVS2,orange
CMIP,orange
CMPK1,orange
CMTM1,orange
CMTM6,orange
CNGA3,orange
CNGB3,orange
CNKSR3,orange
CNOT10,orange
CNOT4,orange
CNR1,orange
CNRIP1,orange
CNTN6,orange
CNTNAP4,orange
COG5,orange
COL11A2,orange
COL21A1,orange
COL23A1,orange
COL4A1,orange
COL5A3,orange
COL6A3,orange
COLEC11,orange
COPS7B,orange
CORO1B,orange
CPEB1,orange
CPNE4,orange
CPNE7,orange
CPOX,orange
CRABP1,orange
CRADD,orange
CRAMP1L,orange
CRB1,orange
CREB3L2,orange
CRHBP,orange
CRIM1,orange
CRISP1,orange
CRY1,orange
CRYGD,orange
CSDAP1,orange
CSDE1,orange
CSGALNACT1,orange
CSMD1,orange
CSNK1A1L,orange
CSPG5,orange
CSRP2,orange
CSRP3,orange
CSTF1,orange
CTBS,orange
CTDSPL2,orange
CTNNA1,orange
CTNNA2,orange
CTR9,orange
CTSK,orange
CTTN,orange
CTXN1,orange
CUBN,orange
CUEDC1,orange
CUL4A,orange
CUX1,orange
CUX2,orange
CXCL12,orange
CXCR2,orange
CYB5B,orange
CYB5R4,orange
CYBA,orange
CYFIP1,orange
CYLD,orange
CYP1A1,orange
CYP2U1,orange
CYSLTR2,orange
CYTSB,orange
DAB1,orange
DAB2IP,orange
DAXX,orange
DBNDD2,orange
DBNL,orange
DBT,orange
DCAF13,orange
DCAF4L2,orange
DCAF6,orange
DCLK2,orange
DDX20,orange
DDX4,orange
DDX43,orange
DDX46,orange
DDX49,orange
DENND1A,orange
DENND5B,orange
DENR,orange
DEPDC7,orange
DFNA5,orange
DGAT2,orange
DGCR5,orange
DGKD,orange
DGKZ,orange
DHTKD1,orange
DHX15,orange
DHX40,orange
DIO1,orange
DIP2B,orange
DIP2C,orange
DIS3L2,orange
DKK3,orange
DLC1,orange
DLEC1,orange
DLG2,orange
DLG4,orange
DLGAP1,orange
DLGAP2,orange
DLL3,orange
DLX1,orange
DMBT1,orange
DNAH17,orange
DNAH5,orange
DNAH8,orange
DNAJA4,orange
DNAJB6,orange
DNAJC11,orange
DNAJC14,orange
DNAJC21,orange
DNAJC22,orange
DNAJC28,orange
DNAJC4,orange
DNAJC6,orange
DNAJC7,orange
DNHD1,orange
DNM3,orange
DOCK1,orange
DOCK5,orange
DOK3,orange
DOPEY1,orange
DPF3,orange
DPP6,orange
DPPA5,orange
DPY19L1,orange
DPYSL4,orange
DRAM1,orange
DSCAML1,orange
DSE,orange
DSG2,orange
DST,orange
DTL,orange
DTNB,orange
DTNBP1,orange
DUSP10,orange
DUSP15,orange
DUSP22,orange
DUSP4,orange
DYX1C1,orange
EBAG9,orange
EBF2,orange
EBF3,orange
ECSIT,orange
EDEM1,orange
EEF1DP3,orange
EEF2K,orange
EFCAB7,orange
EFEMP1,orange
EFNA3,orange
EFNA5,orange
EFNB2,orange
EGF,orange
EGFLAM,orange
EGR1,orange
EHBP1,orange
EHF,orange
EHHADH,orange
EHMT1,orange
EIF2AK2,orange
EIF2B4,orange
EIF2C4,orange
EIF3A,orange
EIF4E2,orange
EIF4E3,orange
EIF4G1,orange
ELAC1,orange
ELF2,orange
ELP2P,orange
EMID1,orange
EMILIN2,orange
EML6,orange
EMX2OS,orange
ENOX1,orange
ENPP4,orange
ENTPD5,orange
EP300,orange
EPB41L4A,orange
EPHA3,orange
EPHB4,orange
EPHX1,orange
EPS15,orange
EPS8L2,orange
ERC1,orange
ERC2,orange
ERRFI1,orange
ESR1,orange
ESRP2,orange
ESRRB,orange
ETNK1,orange
EVI2A,orange
EXOC2,orange
EXOC4,orange
EXOC6,orange
EXOSC9,orange
EYA3,orange
EYA4,orange
F10,orange
FA2H,orange
FAM101B,orange
FAM110B,orange
FAM114A1,orange
FAM125B,orange
FAM129A,orange
FAM131C,orange
FAM13C,orange
FAM155A,orange
FAM159B,orange
FAM160A1,orange
FAM160B2,orange
FAM163A,orange
FAM168A,orange
FAM173B,orange
FAM175A,orange
FAM176A,orange
FAM184A,orange
FAM189A1,orange
FAM196A,orange
FAM20B,orange
FAM46C,orange
FAM53A,orange
FAM55B,orange
FAM5B,orange
FAM71F2,orange
FAM73A,orange
FAM76A,orange
FAM82A1,orange
FAM83B,orange
FAM96A,orange
FAM98B,orange
FANCA,orange
FANK1,orange
FAP,orange
FAR1,orange
FAT3,orange
FBLN7,orange
FBRSL1,orange
FBXL13,orange
FBXL17,orange
FBXL7,orange
FBXO21,orange
FBXO22,orange
FBXO25,orange
FBXO28,orange
FBXO31,orange
FBXO33,orange
FBXO36,orange
FBXW12,orange
FBXW8,orange
FCRL4,orange
FEZ1,orange
FEZF2,orange
FGB,orange
FGFR1,orange
FGG,orange
FHAD1,orange
FHL2,orange
FHOD3,orange
FIG4,orange
FIGNL1,orange
FILIP1,orange
FLI1,orange
FLJ10213,orange
FLJ22536,orange
FLJ23834,orange
FLJ33360,orange
FLJ42289,orange
FLJ44606,orange
FLJ46111,orange
FLRT1,orange
FLT1,orange
FN1,orange
FN3KRP,orange
FNDC3A,orange
FNDC3B,orange
FOXA1,orange
FOXA3,orange
FOXI3,orange
FOXN1,orange
FOXN3,orange
FOXO1,orange
FOXP1,orange
FOXRED1,orange
FRAS1,orange
FRAT2,orange
FRMD3,orange
FRS2,orange
FRYL,orange
FSD1,orange
FTO,orange
FTSJD1,orange
FUCA1,orange
FUT10,orange
FZD5,orange
GAB1,orange
GAB2,orange
GABARAPL3,orange
GABBR1,orange
GABRG3,orange
GADD45G,orange
GALK2,orange
GALNT10,orange
GALNT2,orange
GALNT7,orange
GALNTL4,orange
GATA5,orange
GBGT1,orange
GBP3,orange
GCH1,orange
GCNT1,orange
GDF9,orange
GFI1,orange
GFI1B,orange
GFOD1,orange
GGCT,orange
GIGYF1,orange
GJA5,orange
GJA9,orange
GJC1,orange
GLB1,orange
GLB1L3,orange
GLRX3,orange
GLT6D1,orange
GLTPD2,orange
GLTSCR1,orange
GMCL1L,orange
GMDS,orange
GMPS,orange
GNA12,orange
GNAI1,orange
GNB1,orange
GNG7,orange
GOT1,orange
GP6,orange
GPBAR1,orange
GPBP1L1,orange
GPD2,orange
GPLD1,orange
GPNMB,orange
GPR108,orange
GPR110,orange
GPR123,orange
GPR15,orange
GPR157,orange
GPR182,orange
GPR183,orange
GPR31,orange
GPR65,orange
GPR98,orange
GPRIN3,orange
GPSM3,orange
GRAMD1B,orange
GRAP2,orange
GRB2,orange
GREB1,orange
GREM1,orange
GRHL1,orange
GRHL2,orange
GRIN2A,orange
GRIP1,orange
GRK5,orange
GRK6,orange
GRM1,orange
GRPEL1,orange
GRPEL2,orange
GSS,orange
GSTCD,orange
GSTO2,orange
GTF2E2,orange
GTF2I,orange
GTPBP4,orange
GTSF1,orange
GUCA1A,orange
GUCY1A2,orange
GULP1,orange
GYS2,orange
GZMK,orange
HAGHL,orange
HAO2,orange
HAS1,orange
HAUS2,orange
HBS1L,orange
HCCA2,orange
HCG11,orange
HCG18,orange
HCG27,orange
HCG9,orange
HDAC4,orange
HDAC5,orange
HDAC9,orange
HDDC2,orange
HDGF,orange
HEATR1,orange
HEATR2,orange
HECA,orange
HECW1,orange
HECW2,orange
HELZ,orange
HERV-FRD,orange
HES2,orange
HINT3,orange
HIST1H1B,orange
HIST1H3A,orange
HIST1H4B,orange
HIST3H2A,orange
HIVEP1,orange
HIVEP2,orange
HJURP,orange
HK1,orange
HLA-DMB,orange
HLA-DOA,orange
HLA-DPA1,orange
HLA-DQB2,orange
HLA-DRA,orange
HLA-G,orange
HLA-J,orange
HLX,orange
HMGA2,orange
HMGB2,orange
HMGCL,orange
HMGN4,orange
HN1,orange
HOMEZ,orange
HOOK2,orange
HOXA7,orange
HPS3,orange
HPS6,orange
HRC,orange
HRH1,orange
HS3ST1,orange
HS3ST4,orange
HSD17B11,orange
HSD17B12,orange
HSD17B13,orange
HSD17B2,orange
HSDL1,orange
HSF2BP,orange
HSN2,orange
HSP90AA1,orange
HSPA1L,orange
HTRA3,orange
HUS1,orange
HYAL4,orange
HYALP1,orange
HYI,orange
ICOS,orange
IDO1,orange
IER3IP1,orange
IFI6,orange
IFIT1L,orange
IFITM1,orange
IFNAR2,orange
IFRD1,orange
IFT140,orange
IGDCC4,orange
IGF1R,orange
IGF2BP2,orange
IGF2BP3,orange
IGFBP1,orange
IGFBP5,orange
IGSF3,orange
IHH,orange
IK,orange
IL18RAP,orange
IL19,orange
IL1RL1,orange
IL1RN,orange
IL20RA,orange
IL22RA2,orange
IL5,orange
IL9,orange
IMPG2,orange
INADL,orange
INCENP,orange
ING5,orange
INO80E,orange
INPP4B,orange
INPP5A,orange
INPP5F,orange
INS-IGF2,orange
INSIG2,orange
INSM1,orange
INTS2,orange
IQCE,orange
IQCG,orange
IQCH,orange
IQGAP2,orange
IQSEC1,orange
IRAK3,orange
IRF2,orange
IRF6,orange
IRS2,orange
IRX6,orange
ISOC2,orange
ITGA7,orange
ITGB5,orange
ITGBL1,orange
ITPKA,orange
ITPR1,orange
ITPR2,orange
ITPR3,orange
JAG2,orange
JAKMIP1,orange
JARID2,orange
JMY,orange
KATNAL1,orange
KBTBD10,orange
KBTBD3,orange
KCNAB1,orange
KCND3,orange
KCNG2,orange
KCNH1,orange
KCNH5,orange
KCNIP4,orange
KCNJ11,orange
KCNJ16,orange
KCNJ4,orange
KCNMA1,orange
KCNMB2,orange
KCNQ1,orange
KCTD16,orange
KCTD4,orange
KCTD7,orange
KDELR1,orange
KDM1A,orange
KDM2A,orange
KDM4B,orange
KIAA0101,orange
KIAA0226,orange
KIAA0319,orange
KIAA0319L,orange
KIAA0391,orange
KIAA1026,orange
KIAA1217,orange
KIAA1239,orange
KIAA1244,orange
KIAA1370,orange
KIAA1407,orange
KIAA1530,orange
KIAA1598,orange
KIAA1688,orange
KIAA1826,orange
KIF13B,orange
KIF14,orange
KIF19,orange
KIF24,orange
KIF25,orange
KIF26B,orange
KIF5C,orange
KIRREL3,orange
KLF1,orange
KLF12,orange
KLF5,orange
KLHDC4,orange
KLHDC8A,orange
KLHL3,orange
KLHL31,orange
KLHL6,orange
KLK9,orange
KNG1,orange
KPNA4,orange
KRCC1,orange
KRT33A,orange
KRT40,orange
KRT71,orange
KRT84,orange
KRTAP13-2,orange
KRTAP24-1,orange
KTN1,orange
LACE1,orange
LAMA2,orange
LAMA4,orange
LAMB1,orange
LAMB4,orange
LAPTM4B,orange
LARP1,orange
LARS2,orange
LASS6,orange
LAT2,orange
LBP,orange
LCLAT1,orange
LDB3,orange
LEMD1,orange
LGALS12,orange
LGALS2,orange
LGALS3,orange
LHFPL2,orange
LIG3,orange
LILRB3,orange
LIMA1,orange
LIN28,orange
LIN54,orange
LIN7A,orange
LIN9,orange
LINGO3,orange
LMBR1,orange
LMCD1,orange
LMF1,orange
LMO4,orange
LMOD1,orange
LOC100128822,orange
LOC100129550,orange
LOC100129637,orange
LOC100130015,orange
LOC100130581,orange
LOC100132111,orange
LOC100132215,orange
LOC100144604,orange
LOC100188947,orange
LOC100268168,orange
LOC144571,orange
LOC148824,orange
LOC150568,orange
LOC151174,orange
LOC153910,orange
LOC154449,orange
LOC255167,orange
LOC255411,orange
LOC283663,orange
LOC283761,orange
LOC284578,orange
LOC285045,orange
LOC285205,orange
LOC285419,orange
LOC285696,orange
LOC285735,orange
LOC285830,orange
LOC286367,orange
LOC338799,orange
LOC340094,orange
LOC360030,orange
LOC388796,orange
LOC402377,orange
LOC404266,orange
LOC407835,orange
LOC442245,orange
LOC643387,orange
LOC729020,orange
LOC729082,orange
LOC84856,orange
LOH12CR1,orange
LPAR1,orange
LPAR3,orange
LPAR6,orange
LPCAT3,orange
LRP12,orange
LRP2BP,orange
LRPPRC,orange
LRRC1,orange
LRRC10,orange
LRRC16A,orange
LRRC29,orange
LRRC39,orange
LRRC4,orange
LRRC41,orange
LRRC45,orange
LRRC47,orange
LRRC69,orange
LRTOMT,orange
LSP1,orange
LTA,orange
LTBP3,orange
LUC7L3,orange
LUZP2,orange
LYG2,orange
LYPLA2,orange
LYPLAL1,orange
LYRM7,orange
LYSMD1,orange
LYZL4,orange
MAD1L1,orange
MAML3,orange
MAN2B1,orange
MANBAL,orange
MAP2K5,orange
MAP3K1,orange
MAP3K9,orange
MAP6,orange
MAP7,orange
MAPK10,orange
MAPKAPK2,orange
MARCH3,orange
MARCH8,orange
MATN1,orange
MBLAC2,orange
MBOAT2,orange
MCC,orange
MCCC1,orange
MCF2L,orange
MDGA1,orange
MDH1,orange
MECOM,orange
MEF2A,orange
MEGF11,orange
MEI1,orange
MEN1,orange
MEOX2,orange
MEST,orange
MET,orange
METT11D1,orange
METTL6,orange
METTL8,orange
MFAP3L,orange
MFN1,orange
MFN2,orange
MGAT5,orange
MGC15885,orange
MGEA5,orange
MGMT,orange
MGRN1,orange
MIB1,orange
MICA,orange
MICAL2,orange
MIF4GD,orange
MIR107,orange
MIR1178,orange
MIR1278,orange
MIR133B,orange
MIR181B1,orange
MIR206,orange
MIR299,orange
MIR516A1,orange
MIR517A,orange
MIR526A1,orange
MIR548H4,orange
MIR548N,orange
MIR578,orange
MIR592,orange
MIR922,orange
MIRLET7C,orange
MIS12,orange
MITF,orange
MKL2,orange
MKLN1,orange
MKNK1,orange
MKX,orange
MLH1,orange
MLL5,orange
MLN,orange
MNT,orange
MOBKL2A,orange
MOBKL3,orange
MOCOS,orange
MOG,orange
MORN1,orange
MORN4,orange
MOS,orange
MOXD1,orange
MPND,orange
MPST,orange
MR1,orange
MRGPRD,orange
MRPL42,orange
MRPL48,orange
MRPS17,orange
MRPS18B,orange
MRPS27,orange
MRPS36,orange
MRRF,orange
MS4A13,orange
MS4A4A,orange
MSH3,orange
MSH4,orange
MSI2,orange
MSRB3,orange
MSTO2P,orange
MT1F,orange
MT1L,orange
MT3,orange
MTMR6,orange
MTMR9,orange
MTNR1A,orange
MTNR1B,orange
MUC1,orange
MUC13,orange
MUTYH,orange
MYBL2,orange
MYCBP2,orange
MYCL1,orange
MYH10,orange
MYH11,orange
MYH8,orange
MYLK4,orange
MYO16,orange
MYO1B,orange
MYO1G,orange
MYO3B,orange
MYO5B,orange
MYO7A,orange
MYO7B,orange
MYOD1,orange
MYSM1,orange
MYST3,orange
MYT1L,orange
N4BP2L1,orange
NAA11,orange
NAAA,orange
NACAP1,orange
NADK,orange
NAGK,orange
NAPB,orange
NARS2,orange
NAT2,orange
NBEA,orange
NBEAL1,orange
NBN,orange
NBR1,orange
NCKAP1,orange
NCKAP5,orange
NCKIPSD,orange
NCOA2,orange
NCOA7,orange
NCRNA00116,orange
NCRNA00160,orange
NCRNA00171,orange
NCRNA00200,orange
NCRUPAR,orange
NCSTN,orange
NDST1,orange
NECAB1,orange
NECAP1,orange
NEIL3,orange
NELL1,orange
NELL2,orange
NET1,orange
NEURL4,orange
NEUROG3,orange
NFATC3,orange
NFE2L2,orange
NFKBID,orange
NFKBIL1,orange
NFRKB,orange
NHEJ1,orange
NHSL1,orange
NID1,orange
NINJ2,orange
NIP7,orange
NIPA1,orange
NIPAL4,orange
NIPBL,orange
NKD2,orange
NKTR,orange
NLK,orange
NLRP8,orange
NME2,orange
NMUR1,orange
NOB1,orange
NOL10,orange
NOL11,orange
NOP14,orange
NOP58,orange
NOS3,orange
NPHP4,orange
NPPB,orange
NPY,orange
NR2F1,orange
NRCAM,orange
NRG1,orange
NRP1,orange
NRXN1,orange
NRXN3,orange
NSMCE1,orange
NSMCE2,orange
NSUN2,orange
NSUN6,orange
NT5C1B,orange
NT5DC1,orange
NTM,orange
NTN1,orange
NTSR2,orange
NUDT3,orange
NUDT4,orange
NUP37,orange
NXF1,orange
NXN,orange
NXT1,orange
OAZ1,orange
OBFC2B,orange
OC90,orange
OCA2,orange
ODZ4,orange
OLFML3,orange
OPCML,orange
OPRM1,orange
OR2H1,orange
OR2J2,orange
OR52K1,orange
OR5I1,orange
OR6B2,orange
ORC1L,orange
ORC2L,orange
OSBPL10,orange
OSBPL1A,orange
OSBPL6,orange
OTUD3,orange
OTUD7B,orange
OXA1L,orange
P4HA1,orange
PACRG,orange
PACS2,orange
PACSIN1,orange
PAIP2B,orange
PALLD,orange
PAOX,orange
PAPLN,orange
PAPOLG,orange
PAPSS2,orange
PARD3,orange
PARP15,orange
PAX1,orange
PAX3,orange
PAX6,orange
PAX9,orange
PBX1,orange
PBX3,orange
PCDHAC1,orange
PCDHGA4,orange
PCGF3,orange
PCNT,orange
PCP4L1,orange
PCSK5,orange
PCSK9,orange
PCTP,orange
PCYT2,orange
PDCD11,orange
PDCD2,orange
PDCD5,orange
PDE11A,orange
PDE2A,orange
PDE4A,orange
PDE7B,orange
PDE8A,orange
PDGFC,orange
PDGFD,orange
PDIA4,orange
PDILT,orange
PDPN,orange
PDS5B,orange
PDZRN3,orange
PDZRN4,orange
PEAR1,orange
PER3,orange
PET117,orange
PEX5L,orange
PFKM,orange
PFKP,orange
PGAP2,orange
PGCP,orange
PHC3,orange
PHF15,orange
PHF20,orange
PHF21A,orange
PHF21B,orange
PHF23,orange
PHF5A,orange
PHKB,orange
PHLDB2,orange
PHLPP1,orange
PHOSPHO1,orange
PHTF2,orange
PI16,orange
PIAS2,orange
PIGH,orange
PIGN,orange
PIGX,orange
PIK3C2A,orange
PIK3CD,orange
PIK3CG,orange
PION,orange
PITPNM3,orange
PKD2,orange
PKDREJ,orange
PLA2G4C,orange
PLA2G4D,orange
PLA2R1,orange
PLCH1,orange
PLD4,orange
PLEC1,orange
PLEKHF1,orange
PLEKHG1,orange
PLEKHG3,orange
PLEKHG5,orange
PLEKHM3,orange
PLEKHO1,orange
PLUNC,orange
PLXNA4,orange
PM20D2,orange
PML,orange
PNLIPRP1,orange
PNMA1,orange
PNPLA8,orange
POLE2,orange
POLL,orange
POLQ,orange
POLR1C,orange
POLR2H,orange
POLR3B,orange
POM121L12,orange
PON2,orange
POPDC3,orange
POU5F1,orange
POU5F1B,orange
PPA2,orange
PPAP2A,orange
PPAP2B,orange
PPARG,orange
PPARGC1A,orange
PPFIA2,orange
PPFIA4,orange
PPIL1,orange
PPM1L,orange
PPME1,orange
PPP1CC,orange
PPP1R12A,orange
PPP1R1B,orange
PPP1R9A,orange
PPP2R2B,orange
PPP2R5C,orange
PPP2R5E,orange
PPP3CA,orange
PPP3CC,orange
PQLC1,orange
PRDM11,orange
PRDM13,orange
PRDM15,orange
PRDM16,orange
PRDM6,orange
PRDX5,orange
PRG2,orange
PRKAG2,orange
PRKCH,orange
PRKD1,orange
PRKDC,orange
PRKG1,orange
PRMT1,orange
PROC,orange
PROK2,orange
PROS1,orange
PROSC,orange
PRPF18,orange
PRPF38B,orange
PRPSAP2,orange
PRR3,orange
PRR5L,orange
PRRG4,orange
PRTFDC1,orange
PRTG,orange
PSD4,orange
PSMA1,orange
PSMB6,orange
PSMC1,orange
PSMD7,orange
PSMD9,orange
PSORS1C1,orange
PTCH2,orange
PTGR1,orange
PTGS2,orange
PTK2,orange
PTN,orange
PTPN12,orange
PTPN14,orange
PTPN21,orange
PTPN9,orange
PTPRG,orange
PTPRJ,orange
PTPRN2,orange
PTPRO,orange
PTTG1,orange
PUM2,orange
PUS7L,orange
QPCT,orange
QSER1,orange
QTRT1,orange
RAB10,orange
RAB11FIP1,orange
RAB1A,orange
RAB2B,orange
RAB32,orange
RAB34,orange
RAB35,orange
RAB3IL1,orange
RAB40B,orange
RAB4A,orange
RAB7A,orange
RAD18,orange
RAD21L1,orange
RAD51L1,orange
RAD51L3,orange
RAGE,orange
RAI14,orange
RALGPS1,orange
RAMP1,orange
RANBP17,orange
RAP1A,orange
RARA,orange
RASA3,orange
RASAL2,orange
RASGEF1C,orange
RASGRF2,orange
RASGRP2,orange
RASGRP3,orange
RASGRP4,orange
RASSF1,orange
RASSF8,orange
RB1CC1,orange
RBL1,orange
RBM14,orange
RBM20,orange
RBM23,orange
RBM33,orange
RBMS3,orange
RBPMS,orange
RCCD1,orange
RCN3,orange
RCOR3,orange
RDH14,orange
RECK,orange
REL,orange
REPS1,orange
RFC5,orange
RFT1,orange
RFTN2,orange
RFX3,orange
RG9MTD1,orange
RGL2,orange
RGS1,orange
RGS10,orange
RGS20,orange
RGS7,orange
RGS8,orange
RGS9,orange
RHBDD1,orange
RHCG,orange
RHOBTB1,orange
RHPN1,orange
RICS,orange
RIMBP2,orange
RIMS2,orange
RIMS3,orange
RIOK1,orange
RNF13,orange
RNF138,orange
RNF144B,orange
RNF17,orange
RNF213,orange
RNF39,orange
RNFT1,orange
RNPEP,orange
RNU5E,orange
RNU6ATAC,orange
ROBO1,orange
ROBO2,orange
ROBO3,orange
ROPN1B,orange
ROR1,orange
RORC,orange
RP9,orange
RPA1,orange
RPGRIP1L,orange
RPH3A,orange
RPIA,orange
RPL18AP3,orange
RPL19P12,orange
RPL31,orange
RPLP0,orange
RPP21,orange
RPP30,orange
RPS12,orange
RPS15AP10,orange
RPS6KA1,orange
RPS6KA2,orange
RPS6KA5,orange
RPTOR,orange
RPUSD2,orange
RRM2B,orange
RRN3,orange
RRN3P1,orange
RSPO3,orange
RTBDN,orange
RTN1,orange
RTN4RL1,orange
RUFY1,orange
RUFY4,orange
RUNDC3B,orange
RUNX1,orange
RUSC1,orange
RXRG,orange
RYR1,orange
S100A6,orange
SAA3P,orange
SACM1L,orange
SAP18,orange
SARM1,orange
SARS,orange
SART1,orange
SATB2,orange
SAV1,orange
SBDS,orange
SBNO2,orange
SCAPER,orange
SCARNA2,orange
SCFD2,orange
SCLY,orange
SCNN1A,orange
SCRN1,orange
SCUBE2,orange
SDCCAG8,orange
SDK1,orange
SDK2,orange
SEC16A,orange
SEC22A,orange
SEC24D,orange
SEC31B,orange
SEC61A2,orange
SECTM1,orange
SEL1L,orange
SELENBP1,orange
SEMA3F,orange
SEMA5B,orange
SEMA6A,orange
SERPINA5,orange
SERPINE2,orange
SESN3,orange
SETBP1,orange
SETD2,orange
SETD3,orange
SETD4,orange
SEZ6L2,orange
SFMBT2,orange
SFRS13A,orange
SFRS18,orange
SFRS4,orange
SFRS8,orange
SFXN5,orange
SGCB,orange
SGK269,orange
SGMS1,orange
SGOL2,orange
SH2D1B,orange
SH3BGRL2,orange
SH3BP5,orange
SH3D20,orange
SH3PXD2A,orange
SH3PXD2B,orange
SH3RF1,orange
SH3YL1,orange
SHANK2,orange
SHC2,orange
SHE,orange
SHH,orange
SHROOM3,orange
SIAH3,orange
SIKE1,orange
SIPA1L1,orange
SIPA1L3,orange
SIRT1,orange
SKAP1,orange
SLC10A6,orange
SLC16A1,orange
SLC16A10,orange
SLC16A14,orange
SLC17A4,orange
SLC17A6,orange
SLC1A2,orange
SLC1A4,orange
SLC20A2,orange
SLC22A17,orange
SLC22A18AS,orange
SLC22A23,orange
SLC22A25,orange
SLC22A3,orange
SLC22A4,orange
SLC25A19,orange
SLC25A29,orange
SLC25A31,orange
SLC26A7,orange
SLC29A1,orange
SLC2A13,orange
SLC2A9,orange
SLC30A7,orange
SLC31A2,orange
SLC35A5,orange
SLC35B4,orange
SLC35E3,orange
SLC38A8,orange
SLC39A7,orange
SLC40A1,orange
SLC45A4,orange
SLC4A2,orange
SLC4A4,orange
SLC6A16,orange
SLC6A17,orange
SLC6A3,orange
SLC7A7,orange
SLC9A3,orange
SLCO3A1,orange
SLCO4A1,orange
SLCO5A1,orange
SLIT3,orange
SLITRK6,orange
SMAD1,orange
SMEK1,orange
SMG6,orange
SMURF1,orange
SMYD3,orange
SNAPC1,orange
SND1,orange
SNORA19,orange
SNORA27,orange
SNORA39,orange
SNORA40,orange
SNORD114-31,orange
SNRNP70,orange
SNRPC,orange
SNRPG,orange
SNRPN,orange
SNTB2,orange
SNTG2,orange
SNX10,orange
SNX19,orange
SNX20,orange
SNX22,orange
SNX29,orange
SNX31,orange
SNX8,orange
SOAT1,orange
SOCS2,orange
SORBS1,orange
SORBS2,orange
SORCS2,orange
SORT1,orange
SOX30,orange
SOX5,orange
SP9,orange
SPAG6,orange
SPARC,orange
SPAST,orange
SPATA16,orange
SPATA22,orange
SPATA5,orange
SPATS2,orange
SPATS2L,orange
SPINK6,orange
SPINT2,orange
SPON1,orange
SPP1,orange
SPSB1,orange
SPSB4,orange
SPTBN1,orange
SRBD1,orange
SRCAP,orange
SRCIN1,orange
SRD5A2,orange
SRI,orange
SRRM2,orange
SSTR4,orange
SSU72,orange
ST7L,orange
STAP1,orange
STARD3,orange
STARD9,orange
STAU2,orange
STK19,orange
STK3,orange
STK32B,orange
STK33,orange
STOX2,orange
STX1B,orange
STX2,orange
STX8,orange
STXBP5L,orange
SUCLG2,orange
SUGT1L1,orange
SUGT1P1,orange
SULT1C3,orange
SULT6B1,orange
SURF6,orange
SUSD1,orange
SV2C,orange
SVEP1,orange
SYCP2,orange
SYCP2L,orange
SYN3,orange
SYNE2,orange
SYNGAP1,orange
SYNPR,orange
SYT1,orange
SYT10,orange
SYT9,orange
SYTL2,orange
TAAR2,orange
TAAR9,orange
TAF11,orange
TAF12,orange
TAF2,orange
TAF4,orange
TAGLN3,orange
TANC1,orange
TANK,orange
TAOK1,orange
TAP2,orange
TAPBP,orange
TAPBPL,orange
TARDBP,orange
TAS2R7,orange
TBC1D4,orange
TBC1D5,orange
TBCC,orange
TBCD,orange
TBL3,orange
TBPL1,orange
TBX18,orange
TBX2,orange
TBX20,orange
TBX5,orange
TBXAS1,orange
TCEA3,orange
TCERG1L,orange
TCF19,orange
TCF3,orange
TCF7L1,orange
TCHH,orange
TCTE1,orange
TCTEX1D1,orange
TEAD1,orange
TECPR2,orange
TECTA,orange
TELO2,orange
TET3,orange
TEX2,orange
TF,orange
TFDP1,orange
TFPI2,orange
TGFA,orange
TGFB1I1,orange
THAP4,orange
THAP5,orange
THAP6,orange
THBS4,orange
THEM5,orange
THRAP3,orange
THRB,orange
THSD4,orange
TIAM2,orange
TIPIN,orange
TJP2,orange
TLE4,orange
TLN2,orange
TLR2,orange
TLX3,orange
TM7SF3,orange
TM9SF3,orange
TMBIM4,orange
TMC1,orange
TMC5,orange
TMCO1,orange
TMEM102,orange
TMEM115,orange
TMEM132D,orange
TMEM144,orange
TMEM159,orange
TMEM167A,orange
TMEM168,orange
TMEM182,orange
TMEM206,orange
TMEM207,orange
TMEM217,orange
TMEM222,orange
TMEM44,orange
TMEM52,orange
TMEM74,orange
TMIGD2,orange
TMOD1,orange
TMPRSS11D,orange
TMPRSS11E,orange
TMPRSS11F,orange
TMPRSS13,orange
TMTC1,orange
TMTC3,orange
TNFRSF10C,orange
TNFRSF1B,orange
TNFRSF21,orange
TNFSF15,orange
TNFSF8,orange
TNKS1BP1,orange
TNPO1,orange
TNRC6A,orange
TNS1,orange
TNS3,orange
TNS4,orange
TNXB,orange
TOMM34,orange
TOP2B,orange
TOR2A,orange
TOX2,orange
TP53,orange
TP63,orange
TP73,orange
TPK1,orange
TPM3,orange
TPO,orange
TPST1,orange
TPST2,orange
TRAF6,orange
TRAM2,orange
TRANK1,orange
TRAPPC1,orange
TRAPPC10,orange
TRH,orange
TRIB2,orange
TRIM2,orange
TRIM27,orange
TRIM31,orange
TRIM36,orange
TRIM39,orange
TRIM40,orange
TRIM9,orange
TRIO,orange
TRIOBP,orange
TRIT1,orange
TRNP1,orange
TRPM1,orange
TRPM6,orange
TRPV1,orange
TRRAP,orange
TSC22D1,orange
TSGA10,orange
TSGA13,orange
TSNARE1,orange
TSPAN18,orange
TSPAN3,orange
TSPAN33,orange
TSSC1,orange
TTBK1,orange
TTC14,orange
TTC15,orange
TTC21B,orange
TTC8,orange
TTLL7,orange
TTYH2,orange
TUFM,orange
TULP3,orange
TUSC3,orange
TWSG1,orange
TXNDC2,orange
TXNRD2,orange
U2AF1,orange
U2AF1L4,orange
UBA5,orange
UBASH3B,orange
UBE2CBP,orange
UBE2D2,orange
UBE2E1,orange
UBE2E3,orange
UBE2G1,orange
UBE2H,orange
UBE2S,orange
UBL3,orange
UBP1,orange
UBR1,orange
UBR3,orange
UBR7,orange
UBTD2,orange
UBXN11,orange
UBXN4,orange
UGGT1,orange
UGP2,orange
UHRF1,orange
UHRF1BP1,orange
ULK1,orange
ULK4,orange
UNC45A,orange
UNC5B,orange
UNC84A,orange
UNKL,orange
USH2A,orange
USP10,orange
USP13,orange
USP3,orange
USP37,orange
USP44,orange
UTF1,orange
UTP20,orange
UTRN,orange
UXS1,orange
VAMP1,orange
VAMP3,orange
VDAC2,orange
VDR,orange
VENTX,orange
VGLL4,orange
VHL,orange
VN1R2,orange
VNN3,orange
VPS13B,orange
VPS37A,orange
VPS53,orange
VPS8,orange
VTA1,orange
VTCN1,orange
VTI1A,orange
VWA3B,orange
VWA5A,orange
VWC2,orange
WDR11,orange
WDR27,orange
WDR33,orange
WDR36,orange
WDR37,orange
WDR38,orange
WDR67,orange
WDR76,orange
WDR82,orange
WDR85,orange
WDTC1,orange
WHSC1,orange
WIPI1,orange
WNT16,orange
WNT7A,orange
WNT8B,orange
WSCD1,orange
WWTR1,orange
XDH,orange
XKR6,orange
XPO1,orange
XPO6,orange
YAF2,orange
YIPF1,orange
YLPM1,orange
YOD1,orange
YPEL2,orange
YWHAQ,orange
YWHAZ,orange
ZAK,orange
ZBED5,orange
ZBTB10,orange
ZBTB11,orange
ZBTB44,orange
ZC3H3,orange
ZCCHC2,orange
ZDHHC21,orange
ZFAND3,orange
ZFAT,orange
ZFHX3,orange
ZFHX4,orange
ZFP62,orange
ZFP64,orange
ZFYVE9,orange
ZIC1,orange
ZKSCAN4,orange
ZMYM2,orange
ZMYND11,orange
ZNF114,orange
ZNF12,orange
ZNF132,orange
ZNF14,orange
ZNF146,orange
ZNF197,orange
ZNF217,orange
ZNF248,orange
ZNF256,orange
ZNF274,orange
ZNF276,orange
ZNF280B,orange
ZNF283,orange
ZNF302,orange
ZNF333,orange
ZNF341,orange
ZNF347,orange
ZNF362,orange
ZNF407,orange
ZNF423,orange
ZNF425,orange
ZNF438,orange
ZNF442,orange
ZNF45,orange
ZNF460,orange
ZNF470,orange
ZNF507,orange
ZNF529,orange
ZNF549,orange
ZNF559,orange
ZNF609,orange
ZNF611,orange
ZNF619,orange
ZNF623,orange
ZNF644,orange
ZNF704,orange
ZNF713,orange
ZNF781,orange
ZNF784,orange
ZNF800,orange
ZNF823,orange
ZNF844,orange
ZNHIT1,orange
ZNRF1,orange
ZSCAN12,orange
ZSWIM2,orange
ZSWIM6,orange
ZXDC,orange
ZZEF1,orange
A2BP1,paleturquoise
AARS,paleturquoise
ABCD3,paleturquoise
ABHD12,paleturquoise
ABI2,paleturquoise
ABL1,paleturquoise
ABL2,paleturquoise
ABR,paleturquoise
ACADL,paleturquoise
ACADM,paleturquoise
ACAP3,paleturquoise
ACBD5,paleturquoise
ACCN1,paleturquoise
ACCS,paleturquoise
ACER2,paleturquoise
ACER3,paleturquoise
ACHE,paleturquoise
ACTR6,paleturquoise
ADAL,paleturquoise
ADAM17,paleturquoise
ADAM22,paleturquoise
ADAMTS16,paleturquoise
ADAR,paleturquoise
ADAT3,paleturquoise
ADHFE1,paleturquoise
ADK,paleturquoise
ADPGK,paleturquoise
AFF1,paleturquoise
AFG3L1,paleturquoise
AFG3L2,paleturquoise
AGFG2,paleturquoise
AGL,paleturquoise
AHDC1,paleturquoise
AHRR,paleturquoise
AIG1,paleturquoise
AK2,paleturquoise
AKAP1,paleturquoise
AKAP10,paleturquoise
AKAP12,paleturquoise
AKR1A1,paleturquoise
AKT2,paleturquoise
ALDH1B1,paleturquoise
ALDH3A1,paleturquoise
ALDH3A2,paleturquoise
ALDH4A1,paleturquoise
ALDOA,paleturquoise
ALG14,paleturquoise
ALKBH5,paleturquoise
ANAPC1,paleturquoise
ANAPC10,paleturquoise
ANAPC2,paleturquoise
ANG,paleturquoise
ANKH,paleturquoise
ANKHD1,paleturquoise
ANKRD10,paleturquoise
ANKRD13A,paleturquoise
ANKRD33B,paleturquoise
ANKRD34A,paleturquoise
ANKRD35,paleturquoise
ANKRD42,paleturquoise
ANO5,paleturquoise
ANUBL1,paleturquoise
AP1G2,paleturquoise
AP2M1,paleturquoise
AP3M2,paleturquoise
AP3S2,paleturquoise
APLP2,paleturquoise
APOLD1,paleturquoise
APPBP2,paleturquoise
APPL2,paleturquoise
ARFGAP1,paleturquoise
ARFIP1,paleturquoise
ARHGAP12,paleturquoise
ARHGEF12,paleturquoise
ARID1B,paleturquoise
ARID5B,paleturquoise
ARL6IP6,paleturquoise
ARMC9,paleturquoise
ARNT2,paleturquoise
ARPC5,paleturquoise
ARRB2,paleturquoise
ASAP1,paleturquoise
ASNSD1,paleturquoise
ASZ1,paleturquoise
ATAD1,paleturquoise
ATAD2B,paleturquoise
ATAD5,paleturquoise
ATN1,paleturquoise
ATP10D,paleturquoise
ATP11B,paleturquoise
ATP1A3,paleturquoise
ATP5A1,paleturquoise
ATP5D,paleturquoise
ATP5G3,paleturquoise
ATP6V0A2,paleturquoise
ATP6V0A4,paleturquoise
ATP6V0E2,paleturquoise
ATP6V1B2,paleturquoise
ATP6V1F,paleturquoise
ATP8B4,paleturquoise
ATXN10,paleturquoise
ATXN2,paleturquoise
ATXN7L2,paleturquoise
AVL9,paleturquoise
AXIN1,paleturquoise
B3GNT3,paleturquoise
B9D2,paleturquoise
BAT2,paleturquoise
BAT4,paleturquoise
BAZ2A,paleturquoise
BCAR3,paleturquoise
BCAS2,paleturquoise
BCL2,paleturquoise
BCL6,paleturquoise
BDNFOS,paleturquoise
BHLHE23,paleturquoise
BHLHE40,paleturquoise
BHLHE41,paleturquoise
BIK,paleturquoise
BMI1,paleturquoise
BMP1,paleturquoise
BMPER,paleturquoise
BNIP1,paleturquoise
BRCA1,paleturquoise
BRD2,paleturquoise
BRF2,paleturquoise
BRIP1,paleturquoise
BRPF1,paleturquoise
BRUNOL4,paleturquoise
BRUNOL6,paleturquoise
BTBD9,paleturquoise
BTC,paleturquoise
BTD,paleturquoise
BTN2A1,paleturquoise
BUB3,paleturquoise
BUD31,paleturquoise
BVES,paleturquoise
C10ORF47,paleturquoise
C10ORF79,paleturquoise
C11ORF30,paleturquoise
C11ORF49,paleturquoise
C11ORF54,paleturquoise
C11ORF60,paleturquoise
C11ORF63,paleturquoise
C11ORF67,paleturquoise
C11ORF83,paleturquoise
C12ORF41,paleturquoise
C12ORF65,paleturquoise
C14ORF119,paleturquoise
C14ORF133,paleturquoise
C14ORF159,paleturquoise
C14ORF174,paleturquoise
C14ORF73,paleturquoise
C15ORF59,paleturquoise
C16ORF55,paleturquoise
C16ORF65,paleturquoise
C16ORF75,paleturquoise
C17ORF100,paleturquoise
C17ORF49,paleturquoise
C17ORF89,paleturquoise
C17ORF90,paleturquoise
C17ORF91,paleturquoise
C17ORF95,paleturquoise
C17ORF96,paleturquoise
C17ORF97,paleturquoise
C18ORF18,paleturquoise
C19ORF20,paleturquoise
C19ORF22,paleturquoise
C19ORF42,paleturquoise
C19ORF60,paleturquoise
C1ORF122,paleturquoise
C1ORF123,paleturquoise
C1ORF124,paleturquoise
C1ORF135,paleturquoise
C1ORF183,paleturquoise
C1ORF198,paleturquoise
C1ORF25,paleturquoise
C1ORF55,paleturquoise
C1ORF63,paleturquoise
C1RL,paleturquoise
C20ORF117,paleturquoise
C20ORF12,paleturquoise
C20ORF177,paleturquoise
C20ORF3,paleturquoise
C21ORF33,paleturquoise
C21ORF66,paleturquoise
C22ORF30,paleturquoise
C22ORF32,paleturquoise
C22ORF39,paleturquoise
C2CD2L,paleturquoise
C2ORF18,paleturquoise
C2ORF29,paleturquoise
C3ORF21,paleturquoise
C3ORF62,paleturquoise
C4ORF49,paleturquoise
C5ORF28,paleturquoise
C5ORF36,paleturquoise
C5ORF41,paleturquoise
C5ORF44,paleturquoise
C6ORF115,paleturquoise
C6ORF134,paleturquoise
C6ORF174,paleturquoise
C6ORF35,paleturquoise
C6ORF48,paleturquoise
C7ORF25,paleturquoise
C7ORF38,paleturquoise
C7ORF50,paleturquoise
C7ORF55,paleturquoise
C7ORF58,paleturquoise
C7ORF64,paleturquoise
C7ORF68,paleturquoise
C8ORF39,paleturquoise
C9ORF91,paleturquoise
CACHD1,paleturquoise
CACNB1,paleturquoise
CACNB2,paleturquoise
CADM1,paleturquoise
CADPS2,paleturquoise
CALCR,paleturquoise
CALM3,paleturquoise
CALR,paleturquoise
CAMK2B,paleturquoise
CAMK4,paleturquoise
CAMTA1,paleturquoise
CAMTA2,paleturquoise
CANT1,paleturquoise
CAPN10,paleturquoise
CARS,paleturquoise
CASZ1,paleturquoise
CATSPERG,paleturquoise
CBLL1,paleturquoise
CBR4,paleturquoise
CBX7,paleturquoise
CBY1,paleturquoise
CCDC117,paleturquoise
CCDC132,paleturquoise
CCDC15,paleturquoise
CCDC28A,paleturquoise
CCDC51,paleturquoise
CCDC57,paleturquoise
CCDC64,paleturquoise
CCDC64B,paleturquoise
CCDC84,paleturquoise
CCDC85C,paleturquoise
CCDC90A,paleturquoise
CCND2,paleturquoise
CCND3,paleturquoise
CCNYL1,paleturquoise
CD164,paleturquoise
CD164L2,paleturquoise
CD2BP2,paleturquoise
CD34,paleturquoise
CD6,paleturquoise
CD63,paleturquoise
CD9,paleturquoise
CDC14B,paleturquoise
CDC20B,paleturquoise
CDC23,paleturquoise
CDC7,paleturquoise
CDH9,paleturquoise
CDK12,paleturquoise
CDK4,paleturquoise
CDK8,paleturquoise
CDKAL1,paleturquoise
CDKN2D,paleturquoise
CDO1,paleturquoise
CDS2,paleturquoise
CDV3,paleturquoise
CDX2,paleturquoise
CDYL2,paleturquoise
CEBPB,paleturquoise
CECR5,paleturquoise
CENPK,paleturquoise
CENPN,paleturquoise
CEP250,paleturquoise
CEP63,paleturquoise
CEP72,paleturquoise
CEP97,paleturquoise
CERCAM,paleturquoise
CGREF1,paleturquoise
CHAT,paleturquoise
CHCHD8,paleturquoise
CHD5,paleturquoise
CHIT1,paleturquoise
CHKA,paleturquoise
CHMP4B,paleturquoise
CHORDC1,paleturquoise
CHST11,paleturquoise
CHTF8,paleturquoise
CIR1,paleturquoise
CISH,paleturquoise
CLCN3,paleturquoise
CLDN7,paleturquoise
CLGN,paleturquoise
CLIC4,paleturquoise
CLINT1,paleturquoise
CLIP1,paleturquoise
CLK1,paleturquoise
CLOCK,paleturquoise
CLSPN,paleturquoise
CLUAP1,paleturquoise
CMAS,paleturquoise
CMPK1,paleturquoise
CNIH4,paleturquoise
CNNM3,paleturquoise
CNOT3,paleturquoise
CNOT4,paleturquoise
CNOT8,paleturquoise
CNPY3,paleturquoise
CNST,paleturquoise
COCH,paleturquoise
COG1,paleturquoise
COG5,paleturquoise
COL2A1,paleturquoise
COL4A3BP,paleturquoise
COMMD2,paleturquoise
COMMD5,paleturquoise
COMMD7,paleturquoise
COPB2,paleturquoise
COPS4,paleturquoise
COPS6,paleturquoise
COQ10B,paleturquoise
COQ5,paleturquoise
CORO1C,paleturquoise
COX11,paleturquoise
COX16,paleturquoise
COX18,paleturquoise
COX6C,paleturquoise
COX7A2L,paleturquoise
CPEB2,paleturquoise
CPEB3,paleturquoise
CPSF6,paleturquoise
CR1L,paleturquoise
CREB3L2,paleturquoise
CREBBP,paleturquoise
CREG1,paleturquoise
CRKL,paleturquoise
CSMD3,paleturquoise
CSNK1G1,paleturquoise
CTDP1,paleturquoise
CTSF,paleturquoise
CTU2,paleturquoise
CTXN2,paleturquoise
CWF19L1,paleturquoise
CXCR4,paleturquoise
CYB561,paleturquoise
CYB561D1,paleturquoise
CYP1A1,paleturquoise
CYP26A1,paleturquoise
CYP26B1,paleturquoise
CYP46A1,paleturquoise
CYP4F22,paleturquoise
D4S234E,paleturquoise
DAGLA,paleturquoise
DAGLB,paleturquoise
DAXX,paleturquoise
DAZAP1,paleturquoise
DCAF11,paleturquoise
DCDC1,paleturquoise
DCI,paleturquoise
DCP1A,paleturquoise
DCUN1D5,paleturquoise
DDIT3,paleturquoise
DDRGK1,paleturquoise
DDX21,paleturquoise
DDX27,paleturquoise
DEGS1,paleturquoise
DEK,paleturquoise
DEPDC1B,paleturquoise
DEPDC6,paleturquoise
DFFB,paleturquoise
DFNB31,paleturquoise
DGKE,paleturquoise
DGKQ,paleturquoise
DGUOK,paleturquoise
DHX16,paleturquoise
DHX29,paleturquoise
DHX34,paleturquoise
DHX40,paleturquoise
DIMT1L,paleturquoise
DIO3,paleturquoise
DKFZP434H168,paleturquoise
DKK3,paleturquoise
DLAT,paleturquoise
DLC1,paleturquoise
DLGAP4,paleturquoise
DMRT1,paleturquoise
DNAJC18,paleturquoise
DNAJC6,paleturquoise
DNAJC7,paleturquoise
DNAJC8,paleturquoise
DNAL1,paleturquoise
DNAL4,paleturquoise
DNM2,paleturquoise
DNMBP,paleturquoise
DOCK5,paleturquoise
DOK5,paleturquoise
DPF1,paleturquoise
DPF3,paleturquoise
DPH5,paleturquoise
DPP10,paleturquoise
DPP3,paleturquoise
DPP6,paleturquoise
DR1,paleturquoise
DSTYK,paleturquoise
DUSP26,paleturquoise
DUSP4,paleturquoise
DVL1,paleturquoise
DVL2,paleturquoise
DYNC1LI1,paleturquoise
DYNC1LI2,paleturquoise
DYRK1A,paleturquoise
DYX1C1,paleturquoise
E2F6,paleturquoise
E4F1,paleturquoise
ECH1,paleturquoise
EDNRB,paleturquoise
EEA1,paleturquoise
EEF2,paleturquoise
EFCAB5,paleturquoise
EFHA1,paleturquoise
EFNA4,paleturquoise
EFNA5,paleturquoise
EFNB2,paleturquoise
EFR3B,paleturquoise
EGFL8,paleturquoise
EGLN3,paleturquoise
EGR2,paleturquoise
EHMT2,paleturquoise
EI24,paleturquoise
EID2,paleturquoise
EIF2AK2,paleturquoise
EIF2B4,paleturquoise
EIF3H,paleturquoise
EIF3K,paleturquoise
EIF4A3,paleturquoise
EIF4EBP3,paleturquoise
EIF5A,paleturquoise
ELAVL2,paleturquoise
ELL2,paleturquoise
ELMOD1,paleturquoise
EML6,paleturquoise
EMX2OS,paleturquoise
ENAH,paleturquoise
ENTPD6,paleturquoise
EP400,paleturquoise
EPC2,paleturquoise
EPHA4,paleturquoise
EPHB3,paleturquoise
EPN1,paleturquoise
ESCO2,paleturquoise
ESYT1,paleturquoise
ETHE1,paleturquoise
ETV5,paleturquoise
EWSR1,paleturquoise
EXOC6B,paleturquoise
EXOG,paleturquoise
EXOSC7,paleturquoise
EXPH5,paleturquoise
EXT2,paleturquoise
EYA4,paleturquoise
F2R,paleturquoise
FABP3,paleturquoise
FADS2,paleturquoise
FAM104A,paleturquoise
FAM105B,paleturquoise
FAM111A,paleturquoise
FAM134C,paleturquoise
FAM164A,paleturquoise
FAM173B,paleturquoise
FAM174B,paleturquoise
FAM178A,paleturquoise
FAM184A,paleturquoise
FAM192A,paleturquoise
FAM195B,paleturquoise
FAM40A,paleturquoise
FAM69A,paleturquoise
FAM76B,paleturquoise
FAM81A,paleturquoise
FAM82B,paleturquoise
FAM98B,paleturquoise
FANCG,paleturquoise
FARSB,paleturquoise
FBL,paleturquoise
FBXL20,paleturquoise
FBXL3,paleturquoise
FBXO16,paleturquoise
FBXO32,paleturquoise
FBXO4,paleturquoise
FBXO5,paleturquoise
FDX1L,paleturquoise
FEM1A,paleturquoise
FGD4,paleturquoise
FGF1,paleturquoise
FH,paleturquoise
FHOD1,paleturquoise
FIBP,paleturquoise
FKBP9,paleturquoise
FKBPL,paleturquoise
FLJ36031,paleturquoise
FLJ39582,paleturquoise
FLJ41941,paleturquoise
FLOT1,paleturquoise
FLT3,paleturquoise
FLVCR1,paleturquoise
FLYWCH2,paleturquoise
FOSL2,paleturquoise
FOXK2,paleturquoise
FOXN2,paleturquoise
FOXP4,paleturquoise
FOXRED2,paleturquoise
FTH1,paleturquoise
FTSJD1,paleturquoise
FYTTD1,paleturquoise
FZD3,paleturquoise
G3BP2,paleturquoise
G6PC3,paleturquoise
GABARAPL1,paleturquoise
GABRA1,paleturquoise
GALNTL4,paleturquoise
GALR1,paleturquoise
GATAD1,paleturquoise
GATSL3,paleturquoise
GBAP1,paleturquoise
GBP7,paleturquoise
GCC2,paleturquoise
GDAP2,paleturquoise
GGA1,paleturquoise
GLB1,paleturquoise
GLB1L3,paleturquoise
GLCCI1,paleturquoise
GLG1,paleturquoise
GLO1,paleturquoise
GLRA1,paleturquoise
GLT8D1,paleturquoise
GLTPD2,paleturquoise
GLTSCR2,paleturquoise
GLUD1,paleturquoise
GMDS,paleturquoise
GMEB1,paleturquoise
GNAI1,paleturquoise
GNB2,paleturquoise
GNG4,paleturquoise
GNL2,paleturquoise
GOLIM4,paleturquoise
GPATCH1,paleturquoise
GPATCH3,paleturquoise
GPATCH4,paleturquoise
GPBP1,paleturquoise
GPC5,paleturquoise
GPR114,paleturquoise
GPR137,paleturquoise
GPR137B,paleturquoise
GPSM2,paleturquoise
GRAMD4,paleturquoise
GRB2,paleturquoise
GRIN2A,paleturquoise
GRK5,paleturquoise
GRPEL1,paleturquoise
GSR,paleturquoise
GSTCD,paleturquoise
GTF2H3,paleturquoise
GTF2IRD1,paleturquoise
GTPBP1,paleturquoise
HAPLN1,paleturquoise
HAPLN2,paleturquoise
HAUS3,paleturquoise
HAUS6,paleturquoise
HDAC5,paleturquoise
HEATR6,paleturquoise
HECW1,paleturquoise
HES4,paleturquoise
HEY1,paleturquoise
HGS,paleturquoise
HIF1A,paleturquoise
HIF1AN,paleturquoise
HIGD2A,paleturquoise
HIST1H2AC,paleturquoise
HIST1H2AL,paleturquoise
HIST1H2AM,paleturquoise
HIST1H2BK,paleturquoise
HIST1H4F,paleturquoise
HLA-B,paleturquoise
HLA-C,paleturquoise
HLA-E,paleturquoise
HLA-F,paleturquoise
HMGB1L1,paleturquoise
HMGCL,paleturquoise
HNRNPA0,paleturquoise
HNRNPA1,paleturquoise
HNRNPA3,paleturquoise
HNRNPC,paleturquoise
HNRPA1L-2,paleturquoise
HOXA9,paleturquoise
HOXB7,paleturquoise
HPCA,paleturquoise
HPGD,paleturquoise
HS3ST1,paleturquoise
HS6ST3,paleturquoise
HSBP1,paleturquoise
HSD11B1,paleturquoise
HSDL1,paleturquoise
HSP90AA1,paleturquoise
HSPA2,paleturquoise
HSPA8,paleturquoise
HSPG2,paleturquoise
HSPH1,paleturquoise
HUNK,paleturquoise
HYAL3,paleturquoise
HYLS1,paleturquoise
HYOU1,paleturquoise
ICMT,paleturquoise
IDUA,paleturquoise
IFFO1,paleturquoise
IFT80,paleturquoise
IGF2BP1,paleturquoise
IGF2BP3,paleturquoise
IGFBP3,paleturquoise
IGSF11,paleturquoise
IHH,paleturquoise
IKZF1,paleturquoise
IKZF2,paleturquoise
IL17D,paleturquoise
IL31RA,paleturquoise
IL4R,paleturquoise
ILF3,paleturquoise
IMP4,paleturquoise
ING2,paleturquoise
ING5,paleturquoise
INO80C,paleturquoise
INO80D,paleturquoise
INPP4A,paleturquoise
INPP4B,paleturquoise
INPP5K,paleturquoise
INTS2,paleturquoise
INTS3,paleturquoise
INTS4,paleturquoise
INTS5,paleturquoise
INTS8,paleturquoise
IPMK,paleturquoise
IPO4,paleturquoise
IQCE,paleturquoise
IRAK2,paleturquoise
IRAK3,paleturquoise
IRF2,paleturquoise
IRF2BP2,paleturquoise
IRF4,paleturquoise
ISCU,paleturquoise
ISY1,paleturquoise
ITSN1,paleturquoise
JAM3,paleturquoise
JMJD1C,paleturquoise
JUNB,paleturquoise
KANK4,paleturquoise
KARS,paleturquoise
KCNE3,paleturquoise
KCNJ8,paleturquoise
KCNN2,paleturquoise
KCNQ1,paleturquoise
KCP,paleturquoise
KDM1B,paleturquoise
KIAA0141,paleturquoise
KIAA0415,paleturquoise
KIAA0494,paleturquoise
KIAA0586,paleturquoise
KIAA0652,paleturquoise
KIAA0892,paleturquoise
KIAA0907,paleturquoise
KIAA1244,paleturquoise
KIAA1257,paleturquoise
KIAA1429,paleturquoise
KIAA1543,paleturquoise
KIAA1632,paleturquoise
KIAA1751,paleturquoise
KIAA1967,paleturquoise
KIF13A,paleturquoise
KIF1B,paleturquoise
KIF21B,paleturquoise
KIF2C,paleturquoise
KIF3B,paleturquoise
KIRREL3,paleturquoise
KLF6,paleturquoise
KLHDC1,paleturquoise
KLHL14,paleturquoise
KLHL17,paleturquoise
KLHL22,paleturquoise
KLHL7,paleturquoise
KNDC1,paleturquoise
KPNA6,paleturquoise
KRCC1,paleturquoise
KRIT1,paleturquoise
L3MBTL4,paleturquoise
LAMP3,paleturquoise
LAPTM4A,paleturquoise
LASP1,paleturquoise
LCLAT1,paleturquoise
LENG8,paleturquoise
LEPR,paleturquoise
LETM2,paleturquoise
LGALS3,paleturquoise
LIMD1,paleturquoise
LIN7B,paleturquoise
LINS1,paleturquoise
LMBR1,paleturquoise
LOC100128164,paleturquoise
LOC100130691,paleturquoise
LOC100287216,paleturquoise
LOC25845,paleturquoise
LOC285548,paleturquoise
LOC338758,paleturquoise
LOC400027,paleturquoise
LOC400752,paleturquoise
LOC400891,paleturquoise
LOC440839,paleturquoise
LOC441666,paleturquoise
LOC645323,paleturquoise
LOC728323,paleturquoise
LOC81691,paleturquoise
LONP2,paleturquoise
LOX,paleturquoise
LPAR3,paleturquoise
LPIN2,paleturquoise
LRRC23,paleturquoise
LRRC56,paleturquoise
LRRC8D,paleturquoise
LRRFIP1,paleturquoise
LRRN1,paleturquoise
LRRN2,paleturquoise
LRWD1,paleturquoise
LSM1,paleturquoise
LSM3,paleturquoise
LSM6,paleturquoise
LY6G5C,paleturquoise
M6PR,paleturquoise
MAD2L1,paleturquoise
MADD,paleturquoise
MAGI1,paleturquoise
MAGI3,paleturquoise
MAGMAS,paleturquoise
MANEAL,paleturquoise
MANF,paleturquoise
MAP2K3,paleturquoise
MAP3K5,paleturquoise
MAP4K4,paleturquoise
MAP4K5,paleturquoise
MAPK1,paleturquoise
MAPK3,paleturquoise
MAPK9,paleturquoise
MAPKAPK3,paleturquoise
MAPRE3,paleturquoise
MARCKS,paleturquoise
MARVELD3,paleturquoise
MAST2,paleturquoise
MAT2B,paleturquoise
MATN1,paleturquoise
MBIP,paleturquoise
MBLAC1,paleturquoise
MCCC1,paleturquoise
MCFD2,paleturquoise
MCM6,paleturquoise
MCM9,paleturquoise
MCRS1,paleturquoise
MDH1,paleturquoise
MDH1B,paleturquoise
MDN1,paleturquoise
MDP1,paleturquoise
MECOM,paleturquoise
MED10,paleturquoise
MED12L,paleturquoise
MED13L,paleturquoise
MED18,paleturquoise
MED24,paleturquoise
MED27,paleturquoise
MED28,paleturquoise
MEF2D,paleturquoise
MEN1,paleturquoise
MEST,paleturquoise
MET,paleturquoise
METAP2,paleturquoise
METTL10,paleturquoise
MFAP1,paleturquoise
MFN1,paleturquoise
MFSD1,paleturquoise
MGAT2,paleturquoise
MGC42105,paleturquoise
MIDN,paleturquoise
MIIP,paleturquoise
MIR1181,paleturquoise
MIR181C,paleturquoise
MIR548G,paleturquoise
MIR548N,paleturquoise
MIS12,paleturquoise
MKL1,paleturquoise
MKL2,paleturquoise
MKNK2,paleturquoise
MLKL,paleturquoise
MLL2,paleturquoise
MLL3,paleturquoise
MLLT1,paleturquoise
MLLT10,paleturquoise
MMP2,paleturquoise
MNAT1,paleturquoise
MOBKL3,paleturquoise
MORC3,paleturquoise
MOSPD3,paleturquoise
MPHOSPH6,paleturquoise
MPPED1,paleturquoise
MPZL1,paleturquoise
MRE11A,paleturquoise
MRPL11,paleturquoise
MRPL17,paleturquoise
MRPL22,paleturquoise
MRPL52,paleturquoise
MRPS25,paleturquoise
MRPS30,paleturquoise
MS4A14,paleturquoise
MSC,paleturquoise
MSI2,paleturquoise
MSL2,paleturquoise
MSX1,paleturquoise
MT1F,paleturquoise
MTERFD3,paleturquoise
MTF2,paleturquoise
MTHFD2,paleturquoise
MTMR14,paleturquoise
MTOR,paleturquoise
MTRF1,paleturquoise
MTSS1,paleturquoise
MTUS1,paleturquoise
MTX1,paleturquoise
MUC4,paleturquoise
MYCBP,paleturquoise
MYCN,paleturquoise
MYEF2,paleturquoise
MYEOV2,paleturquoise
MYO1E,paleturquoise
MYO1F,paleturquoise
MYOZ3,paleturquoise
MYPOP,paleturquoise
MYST3,paleturquoise
N4BP2L1,paleturquoise
N4BP2L2,paleturquoise
NAA15,paleturquoise
NAA16,paleturquoise
NAAA,paleturquoise
NAPA,paleturquoise
NCAM1,paleturquoise
NCAN,paleturquoise
NCAPH,paleturquoise
NCRNA00167,paleturquoise
NCRNA00173,paleturquoise
NDE1,paleturquoise
NDNL2,paleturquoise
NDUFA5,paleturquoise
NDUFAF2,paleturquoise
NEAT1,paleturquoise
NEIL1,paleturquoise
NEK11,paleturquoise
NELL2,paleturquoise
NES,paleturquoise
NEUROD2,paleturquoise
NFIA,paleturquoise
NFIC,paleturquoise
NFKBIL2,paleturquoise
NHLRC2,paleturquoise
NHP2,paleturquoise
NHP2L1,paleturquoise
NIPA1,paleturquoise
NIPAL3,paleturquoise
NKAIN3,paleturquoise
NKD2,paleturquoise
NME1,paleturquoise
NME6,paleturquoise
NNT,paleturquoise
NOC2L,paleturquoise
NOP16,paleturquoise
NOTCH1,paleturquoise
NOTUM,paleturquoise
NPAT,paleturquoise
NPHP4,paleturquoise
NPY2R,paleturquoise
NR1D1,paleturquoise
NR2F1,paleturquoise
NRBP1,paleturquoise
NRD1,paleturquoise
NSUN6,paleturquoise
NTF3,paleturquoise
NUCB1,paleturquoise
NUCKS1,paleturquoise
NUDCD2,paleturquoise
NUDCD3,paleturquoise
NUDT8,paleturquoise
NUFIP2,paleturquoise
NUMB,paleturquoise
NUP107,paleturquoise
NUP98,paleturquoise
NUSAP1,paleturquoise
OCA2,paleturquoise
OCIAD1,paleturquoise
OGFOD1,paleturquoise
OLFML2A,paleturquoise
OMA1,paleturquoise
OPA1,paleturquoise
OPA3,paleturquoise
OR1B1,paleturquoise
ORMDL2,paleturquoise
OSBPL1A,paleturquoise
OSBPL2,paleturquoise
OSR2,paleturquoise
OTX1,paleturquoise
OTX2,paleturquoise
P4HB,paleturquoise
PABPN1,paleturquoise
PACSIN1,paleturquoise
PAIP2,paleturquoise
PAIP2B,paleturquoise
PALB2,paleturquoise
PAOX,paleturquoise
PARM1,paleturquoise
PARP14,paleturquoise
PARP2,paleturquoise
PARS2,paleturquoise
PBXIP1,paleturquoise
PC,paleturquoise
PCBD2,paleturquoise
PCBP2,paleturquoise
PCDHGA4,paleturquoise
PCGF5,paleturquoise
PCNP,paleturquoise
PCSK2,paleturquoise
PCSK7,paleturquoise
PCYOX1L,paleturquoise
PCYT1A,paleturquoise
PCYT2,paleturquoise
PDCD6,paleturquoise
PDCD7,paleturquoise
PDDC1,paleturquoise
PDE4C,paleturquoise
PDE4D,paleturquoise
PDE4DIP,paleturquoise
PDHX,paleturquoise
PEBP1,paleturquoise
PES1,paleturquoise
PEX11G,paleturquoise
PEX5,paleturquoise
PEX6,paleturquoise
PFDN6,paleturquoise
PFKFB2,paleturquoise
PGM2,paleturquoise
PGP,paleturquoise
PHACTR4,paleturquoise
PHC1,paleturquoise
PHF1,paleturquoise
PHIP,paleturquoise
PHOX2A,paleturquoise
PHTF2,paleturquoise
PI4K2A,paleturquoise
PIAS4,paleturquoise
PIGB,paleturquoise
PIGQ,paleturquoise
PIGT,paleturquoise
PIGV,paleturquoise
PIK3C3,paleturquoise
PIK3CD,paleturquoise
PIM1,paleturquoise
PIP4K2B,paleturquoise
PITPNB,paleturquoise
PKIB,paleturquoise
PKN2,paleturquoise
PLCD1,paleturquoise
PLCL1,paleturquoise
PLCXD2,paleturquoise
PLEKHA5,paleturquoise
PLEKHG5,paleturquoise
PLIN3,paleturquoise
PMM1,paleturquoise
PMM2,paleturquoise
PNKD,paleturquoise
PNP,paleturquoise
PNRC2,paleturquoise
POLA2,paleturquoise
POLD1,paleturquoise
POLDIP3,paleturquoise
POLQ,paleturquoise
POLR3E,paleturquoise
POLR3GL,paleturquoise
POMT1,paleturquoise
POU5F1B,paleturquoise
PPFIA1,paleturquoise
PPFIA2,paleturquoise
PPHLN1,paleturquoise
PPIG,paleturquoise
PPIL4,paleturquoise
PPM1D,paleturquoise
PPM1H,paleturquoise
PPP1R15B,paleturquoise
PPP1R3C,paleturquoise
PPRC1,paleturquoise
PPT2,paleturquoise
PPTC7,paleturquoise
PRC1,paleturquoise
PRCC,paleturquoise
PRDM12,paleturquoise
PRDM2,paleturquoise
PRDM6,paleturquoise
PRDM7,paleturquoise
PRDX3,paleturquoise
PRDX6,paleturquoise
PRIM2,paleturquoise
PRKAG2,paleturquoise
PRKCG,paleturquoise
PRKD2,paleturquoise
PRKG1,paleturquoise
PRMT6,paleturquoise
PRNP,paleturquoise
PROKR1,paleturquoise
PRPSAP1,paleturquoise
PRPSAP2,paleturquoise
PRR11,paleturquoise
PRR5,paleturquoise
PSAP,paleturquoise
PSD3,paleturquoise
PSMA6,paleturquoise
PSMB8,paleturquoise
PSMB9,paleturquoise
PSMD11,paleturquoise
PSMD13,paleturquoise
PSMD7,paleturquoise
PSORS1C1,paleturquoise
PSTPIP2,paleturquoise
PTCD1,paleturquoise
PTCD2,paleturquoise
PTF1A,paleturquoise
PTGR2,paleturquoise
PTP4A1,paleturquoise
PTPN12,paleturquoise
PTPN21,paleturquoise
PTPN23,paleturquoise
PTPRK,paleturquoise
PTPRM,paleturquoise
PTPRN,paleturquoise
PVRL2,paleturquoise
PVRL3,paleturquoise
PWRN1,paleturquoise
PYGO1,paleturquoise
QPCTL,paleturquoise
QSOX2,paleturquoise
R3HDM1,paleturquoise
RAB10,paleturquoise
RAB11FIP5,paleturquoise
RAB13,paleturquoise
RAB14,paleturquoise
RAB1B,paleturquoise
RAB3A,paleturquoise
RAB4B,paleturquoise
RABEP1,paleturquoise
RAD51L1,paleturquoise
RAD51L3,paleturquoise
RAD52,paleturquoise
RADIL,paleturquoise
RAGE,paleturquoise
RAI14,paleturquoise
RALBP1,paleturquoise
RALGDS,paleturquoise
RAN,paleturquoise
RANBP3,paleturquoise
RANGAP1,paleturquoise
RANGRF,paleturquoise
RAP1GAP,paleturquoise
RAP2B,paleturquoise
RASSF1,paleturquoise
RASSF7,paleturquoise
RASSF8,paleturquoise
RBBP5,paleturquoise
RBBP6,paleturquoise
RBCK1,paleturquoise
RBL1,paleturquoise
RBM14,paleturquoise
RBM22,paleturquoise
RBM23,paleturquoise
RBM28,paleturquoise
RBM33,paleturquoise
RBM39,paleturquoise
RBM8A,paleturquoise
RBMS2,paleturquoise
RBPJ,paleturquoise
RCAN3,paleturquoise
RCOR1,paleturquoise
RDH14,paleturquoise
RDX,paleturquoise
REEP3,paleturquoise
RELB,paleturquoise
RERE,paleturquoise
REST,paleturquoise
REXO1,paleturquoise
RFTN2,paleturquoise
RGL2,paleturquoise
RGMB,paleturquoise
RGP1,paleturquoise
RGS14,paleturquoise
RHOA,paleturquoise
RING1,paleturquoise
RIOK1,paleturquoise
RIOK2,paleturquoise
RLF,paleturquoise
RND3,paleturquoise
RNF150,paleturquoise
RNF19A,paleturquoise
RNH1,paleturquoise
RNMT,paleturquoise
RNPEP,paleturquoise
RNPS1,paleturquoise
ROBO2,paleturquoise
RPF1,paleturquoise
RPL18AP3,paleturquoise
RPL22,paleturquoise
RPL35A,paleturquoise
RPL41,paleturquoise
RPLP0,paleturquoise
RPP21,paleturquoise
RPP25,paleturquoise
RPRD1A,paleturquoise
RPRD2,paleturquoise
RPS14,paleturquoise
RPS27,paleturquoise
RPS27A,paleturquoise
RPS27L,paleturquoise
RPS29,paleturquoise
RPS6KA2,paleturquoise
RPSAP58,paleturquoise
RRAS,paleturquoise
RRM2,paleturquoise
RRS1,paleturquoise
RUSC2,paleturquoise
S100A6,paleturquoise
SAP18,paleturquoise
SATB2,paleturquoise
SC4MOL,paleturquoise
SCAI,paleturquoise
SCAND2,paleturquoise
SCARA3,paleturquoise
SCARNA17,paleturquoise
SCD5,paleturquoise
SCFD2,paleturquoise
SCYL2,paleturquoise
SDCCAG1,paleturquoise
SDCCAG3,paleturquoise
SDK1,paleturquoise
SEC14L1,paleturquoise
SEC22B,paleturquoise
SEC23A,paleturquoise
SEMA4A,paleturquoise
SEMA6B,paleturquoise
SEP15,paleturquoise
SEPT10,paleturquoise
SEPT9,paleturquoise
SERGEF,paleturquoise
SERHL2,paleturquoise
SESN3,paleturquoise
SETD6,paleturquoise
SF3B1,paleturquoise
SFI1,paleturquoise
SFPQ,paleturquoise
SFRS1,paleturquoise
SFRS12IP1,paleturquoise
SFRS14,paleturquoise
SFT2D3,paleturquoise
SFXN4,paleturquoise
SGK3,paleturquoise
SGMS1,paleturquoise
SGOL1,paleturquoise
SGSM2,paleturquoise
SH2B1,paleturquoise
SH3BP2,paleturquoise
SHFM1,paleturquoise
SHISA5,paleturquoise
SIK2,paleturquoise
SIRT5,paleturquoise
SIX4,paleturquoise
SKAP2,paleturquoise
SLAIN1,paleturquoise
SLC10A7,paleturquoise
SLC12A6,paleturquoise
SLC13A5,paleturquoise
SLC1A2,paleturquoise
SLC1A4,paleturquoise
SLC23A2,paleturquoise
SLC25A24,paleturquoise
SLC25A33,paleturquoise
SLC25A42,paleturquoise
SLC25A44,paleturquoise
SLC2A11,paleturquoise
SLC30A5,paleturquoise
SLC35B4,paleturquoise
SLC36A1,paleturquoise
SLC39A4,paleturquoise
SLC39A7,paleturquoise
SLC39A8,paleturquoise
SLC40A1,paleturquoise
SLC41A1,paleturquoise
SLC48A1,paleturquoise
SLC4A4,paleturquoise
SLC5A5,paleturquoise
SLC6A17,paleturquoise
SLC6A4,paleturquoise
SLC7A6,paleturquoise
SMAD2,paleturquoise
SMARCA4,paleturquoise
SMARCA5,paleturquoise
SMARCAD1,paleturquoise
SMC5,paleturquoise
SMYD5,paleturquoise
SNAPC2,paleturquoise
SNORA76,paleturquoise
SNORD27,paleturquoise
SNRNP27,paleturquoise
SNRPD1,paleturquoise
SNRPE,paleturquoise
SNX27,paleturquoise
SNX4,paleturquoise
SOCS2,paleturquoise
SORBS1,paleturquoise
SORCS3,paleturquoise
SOS1,paleturquoise
SP1,paleturquoise
SP2,paleturquoise
SPAG9,paleturquoise
SPATA20,paleturquoise
SPATA5L1,paleturquoise
SPATS2,paleturquoise
SPC25,paleturquoise
SPCS3,paleturquoise
SPPL2B,paleturquoise
SPR,paleturquoise
SPRY2,paleturquoise
SPRYD3,paleturquoise
SPTY2D1,paleturquoise
SRCAP,paleturquoise
SRF,paleturquoise
SRP54,paleturquoise
SRPK2,paleturquoise
SSR1,paleturquoise
ST13,paleturquoise
ST6GAL2,paleturquoise
STAC,paleturquoise
STAG1,paleturquoise
STAM,paleturquoise
STIL,paleturquoise
STIP1,paleturquoise
STK17B,paleturquoise
STK24,paleturquoise
STMN1,paleturquoise
STMN3,paleturquoise
STOML2,paleturquoise
STX12,paleturquoise
STX16,paleturquoise
STX2,paleturquoise
STX3,paleturquoise
STX5,paleturquoise
STXBP3,paleturquoise
SUB1,paleturquoise
SUDS3,paleturquoise
SUGT1,paleturquoise
SULF2,paleturquoise
SUMO2,paleturquoise
SUPT4H1,paleturquoise
SUV420H1,paleturquoise
SUV420H2,paleturquoise
SVOP,paleturquoise
SYCE2,paleturquoise
SYNPO2,paleturquoise
SYNRG,paleturquoise
SYT5,paleturquoise
TAF10,paleturquoise
TAF4,paleturquoise
TAF5,paleturquoise
TARDBP,paleturquoise
TAX1BP1,paleturquoise
TBC1D10A,paleturquoise
TBC1D14,paleturquoise
TBC1D9B,paleturquoise
TBCCD1,paleturquoise
TBX15,paleturquoise
TBX2,paleturquoise
TBXAS1,paleturquoise
TCEB3,paleturquoise
TCF7,paleturquoise
TCTE3,paleturquoise
TCTN3,paleturquoise
TDG,paleturquoise
TEKT3,paleturquoise
TEPP,paleturquoise
TET2,paleturquoise
TFAP4,paleturquoise
TFB1M,paleturquoise
TGM2,paleturquoise
THAP1,paleturquoise
THNSL1,paleturquoise
THNSL2,paleturquoise
THRAP3,paleturquoise
THSD7A,paleturquoise
TICAM1,paleturquoise
TIGD1,paleturquoise
TIMM10,paleturquoise
TIMM22,paleturquoise
TIMM44,paleturquoise
TIMP2,paleturquoise
TINF2,paleturquoise
TIPRL,paleturquoise
TLE3,paleturquoise
TM7SF2,paleturquoise
TM7SF3,paleturquoise
TMC8,paleturquoise
TMCO1,paleturquoise
TMEM115,paleturquoise
TMEM134,paleturquoise
TMEM146,paleturquoise
TMEM175,paleturquoise
TMEM178,paleturquoise
TMEM183A,paleturquoise
TMEM209,paleturquoise
TMEM25,paleturquoise
TMEM41A,paleturquoise
TMEM41B,paleturquoise
TMEM44,paleturquoise
TMEM5,paleturquoise
TMEM51,paleturquoise
TMEM62,paleturquoise
TMEM63A,paleturquoise
TMEM66,paleturquoise
TMEM80,paleturquoise
TMPRSS4,paleturquoise
TMUB2,paleturquoise
TNFRSF11B,paleturquoise
TNKS2,paleturquoise
TNPO2,paleturquoise
TNRC18,paleturquoise
TNRC6A,paleturquoise
TNXB,paleturquoise
TOM1L1,paleturquoise
TOM1L2,paleturquoise
TP53BP1,paleturquoise
TP53INP2,paleturquoise
TPK1,paleturquoise
TPO,paleturquoise
TPT1,paleturquoise
TPX2,paleturquoise
TRAF5,paleturquoise
TRAFD1,paleturquoise
TRAPPC5,paleturquoise
TRIAP1,paleturquoise
TRIM26,paleturquoise
TRIM27,paleturquoise
TRIM31,paleturquoise
TRIM39,paleturquoise
TRIM41,paleturquoise
TRIM46,paleturquoise
TRIM71,paleturquoise
TRIP13,paleturquoise
TRMT12,paleturquoise
TRNP1,paleturquoise
TRNT1,paleturquoise
TRPC1,paleturquoise
TRPC3,paleturquoise
TRPM7,paleturquoise
TRRAP,paleturquoise
TSC22D1,paleturquoise
TSEN54,paleturquoise
TSFM,paleturquoise
TSNARE1,paleturquoise
TSSC1,paleturquoise
TTC1,paleturquoise
TTC17,paleturquoise
TTF1,paleturquoise
TTLL11,paleturquoise
TTLL12,paleturquoise
TTLL6,paleturquoise
TTR,paleturquoise
TTYH1,paleturquoise
TUT1,paleturquoise
TXNDC12,paleturquoise
TXNDC17,paleturquoise
TXNRD1,paleturquoise
UBA52,paleturquoise
UBA6,paleturquoise
UBAP2L,paleturquoise
UBB,paleturquoise
UBE4A,paleturquoise
UBTD2,paleturquoise
UBTF,paleturquoise
UBXN2A,paleturquoise
UBXN2B,paleturquoise
UCRC,paleturquoise
UEVLD,paleturquoise
UFM1,paleturquoise
UGGT2,paleturquoise
UNC84A,paleturquoise
UNK,paleturquoise
UNKL,paleturquoise
URGCP,paleturquoise
USF2,paleturquoise
USP1,paleturquoise
USP12,paleturquoise
USP38,paleturquoise
USP45,paleturquoise
UTP15,paleturquoise
UVRAG,paleturquoise
VAC14,paleturquoise
VCL,paleturquoise
VCPIP1,paleturquoise
VMAC,paleturquoise
VPS18,paleturquoise
VPS29,paleturquoise
VPS37C,paleturquoise
VPS37D,paleturquoise
VPS52,paleturquoise
VRK3,paleturquoise
VSTM2A,paleturquoise
VWA3B,paleturquoise
VWCE,paleturquoise
WDFY1,paleturquoise
WDR19,paleturquoise
WDR34,paleturquoise
WDR35,paleturquoise
WDR62,paleturquoise
WDR65,paleturquoise
WHAMM,paleturquoise
WHSC2,paleturquoise
WIT1,paleturquoise
WNT5A,paleturquoise
WNT7A,paleturquoise
WSB2,paleturquoise
WT1,paleturquoise
WWC2,paleturquoise
XBP1,paleturquoise
XPO5,paleturquoise
XPO7,paleturquoise
YBX1,paleturquoise
YIF1B,paleturquoise
YIPF2,paleturquoise
YIPF4,paleturquoise
YPEL1,paleturquoise
YTHDF2,paleturquoise
ZADH2,paleturquoise
ZBBX,paleturquoise
ZBED5,paleturquoise
ZBTB10,paleturquoise
ZBTB12,paleturquoise
ZBTB17,paleturquoise
ZBTB24,paleturquoise
ZBTB3,paleturquoise
ZBTB39,paleturquoise
ZBTB41,paleturquoise
ZBTB45,paleturquoise
ZBTB9,paleturquoise
ZC3H10,paleturquoise
ZC3H12C,paleturquoise
ZC3H13,paleturquoise
ZC3H3,paleturquoise
ZC3H7B,paleturquoise
ZC3HAV1,paleturquoise
ZC3HC1,paleturquoise
ZCCHC7,paleturquoise
ZDHHC14,paleturquoise
ZDHHC20,paleturquoise
ZDHHC24,paleturquoise
ZDHHC5,paleturquoise
ZFAND2B,paleturquoise
ZFP1,paleturquoise
ZFP30,paleturquoise
ZFP64,paleturquoise
ZFP90,paleturquoise
ZIK1,paleturquoise
ZKSCAN1,paleturquoise
ZKSCAN5,paleturquoise
ZNF12,paleturquoise
ZNF143,paleturquoise
ZNF175,paleturquoise
ZNF184,paleturquoise
ZNF19,paleturquoise
ZNF20,paleturquoise
ZNF200,paleturquoise
ZNF213,paleturquoise
ZNF223,paleturquoise
ZNF225,paleturquoise
ZNF230,paleturquoise
ZNF235,paleturquoise
ZNF24,paleturquoise
ZNF25,paleturquoise
ZNF254,paleturquoise
ZNF260,paleturquoise
ZNF266,paleturquoise
ZNF271,paleturquoise
ZNF282,paleturquoise
ZNF283,paleturquoise
ZNF295,paleturquoise
ZNF347,paleturquoise
ZNF354C,paleturquoise
ZNF417,paleturquoise
ZNF438,paleturquoise
ZNF442,paleturquoise
ZNF451,paleturquoise
ZNF471,paleturquoise
ZNF493,paleturquoise
ZNF501,paleturquoise
ZNF512,paleturquoise
ZNF526,paleturquoise
ZNF527,paleturquoise
ZNF528,paleturquoise
ZNF563,paleturquoise
ZNF566,paleturquoise
ZNF570,paleturquoise
ZNF628,paleturquoise
ZNF629,paleturquoise
ZNF653,paleturquoise
ZNF671,paleturquoise
ZNF721,paleturquoise
ZNF74,paleturquoise
ZNF765,paleturquoise
ZNF781,paleturquoise
ZNF784,paleturquoise
ZNF823,paleturquoise
ZNF853,paleturquoise
ZRANB2,paleturquoise
ZSCAN16,paleturquoise
ZSCAN21,paleturquoise
AARS,pink
AARSD1,pink
ABCA5,pink
ABHD13,pink
ABL2,pink
ABLIM1,pink
ABLIM2,pink
ABLIM3,pink
ABR,pink
ACAA1,pink
ACAA2,pink
ACBD5,pink
ACER3,pink
ACHE,pink
ACOX3,pink
ACTR1A,pink
ADAM12,pink
ADAM22,pink
ADAMTS6,pink
ADARB2,pink
ADCK2,pink
ADSL,pink
AEBP1,pink
AFF3,pink
AFTPH,pink
AGFG1,pink
AGRN,pink
AHCYL2,pink
AHRR,pink
AHSG,pink
AIFM2,pink
AKAP12,pink
AKAP13,pink
AKIRIN1,pink
AKNA,pink
AKR1CL1,pink
AKTIP,pink
ALCAM,pink
ALG5,pink
ALG9,pink
ALKBH3,pink
ALOXE3,pink
ALS2,pink
ALS2CR4,pink
ALS2CR8,pink
AMOTL2,pink
AMPH,pink
ANAPC7,pink
ANKRD12,pink
ANKRD13A,pink
ANKRD42,pink
ANKRD44,pink
ANKRD6,pink
ANO5,pink
ANP32A,pink
AP3M1,pink
AQP5,pink
ARAP1,pink
ARHGAP10,pink
ARHGAP18,pink
ARHGAP24,pink
ARID5B,pink
ARIH1,pink
ARL6,pink
ARL6IP5,pink
ARSG,pink
ASB7,pink
ASNA1,pink
ATE1,pink
ATF2,pink
ATG5,pink
ATG7,pink
ATMIN,pink
ATOX1,pink
ATP10D,pink
ATP5A1,pink
ATP5G3,pink
ATP5L,pink
ATP6V0C,pink
ATP6V1E1,pink
AXIN2,pink
B3GALNT2,pink
B4GALNT1,pink
B4GALNT3,pink
B4GALT7,pink
BAD,pink
BANP,pink
BAT2,pink
BAT4,pink
BCL11B,pink
BCL2L11,pink
BCL7B,pink
BIRC2,pink
BNIP2,pink
BRD2,pink
BRP44L,pink
BTN3A1,pink
BUD13,pink
BZW2,pink
C10ORF111,pink
C10ORF119,pink
C10ORF137,pink
C10ORF4,pink
C10ORF58,pink
C10ORF79,pink
C11ORF46,pink
C11ORF57,pink
C11ORF65,pink
C11ORF70,pink
C11ORF73,pink
C11ORF83,pink
C11ORF84,pink
C11ORF9,pink
C11ORF91,pink
C11ORF92,pink
C12ORF49,pink
C12ORF54,pink
C13ORF1,pink
C14ORF179,pink
C14ORF37,pink
C15ORF23,pink
C15ORF39,pink
C16ORF57,pink
C16ORF63,pink
C17ORF53,pink
C17ORF96,pink
C18ORF45,pink
C19ORF10,pink
C19ORF56,pink
C1ORF83,pink
C1ORF97,pink
C1QBP,pink
C1QTNF5,pink
C1RL,pink
C20ORF111,pink
C20ORF117,pink
C20ORF199,pink
C20ORF72,pink
C21ORF45,pink
C22ORF30,pink
C22ORF41,pink
C2ORF64,pink
C3ORF39,pink
C4ORF31,pink
C4ORF33,pink
C4ORF34,pink
C4ORF42,pink
C4ORF48,pink
C5ORF28,pink
C5ORF38,pink
C6ORF115,pink
C6ORF170,pink
C6ORF176,pink
C6ORF48,pink
C7ORF10,pink
C7ORF13,pink
C7ORF23,pink
C7ORF68,pink
C9ORF152,pink
C9ORF16,pink
C9ORF75,pink
C9ORF86,pink
CA10,pink
CA8,pink
CACNB2,pink
CAGE1,pink
CALCOCO1,pink
CALHM1,pink
CAMK2D,pink
CAMK2N1,pink
CAMSAP1,pink
CAND1,pink
CANX,pink
CAPN10,pink
CAPN5,pink
CAPNS1,pink
CAPRIN2,pink
CARD10,pink
CAST,pink
CCDC110,pink
CCDC140,pink
CCDC68,pink
CCDC71,pink
CCDC85A,pink
CCDC88A,pink
CCDC88C,pink
CCND1,pink
CCNDBP1,pink
CCNG1,pink
CCNI,pink
CCNT2,pink
CCT2,pink
CD164,pink
CDC123,pink
CDC20B,pink
CDC42SE2,pink
CDC7,pink
CDCA5,pink
CDH15,pink
CDK5R1,pink
CDK5RAP1,pink
CDKAL1,pink
CDKN1A,pink
CDKN2AIP,pink
CDKN3,pink
CDNF,pink
CDS1,pink
CDS2,pink
CDV3,pink
CEP72,pink
CEPT1,pink
CFDP1,pink
CHD1,pink
CHL1,pink
CHP,pink
CHRM2,pink
CHST10,pink
CHSY1,pink
CLASP1,pink
CLDN4,pink
CLIP2,pink
CLK3,pink
CLP1,pink
CNOT2,pink
CNPY3,pink
CNTLN,pink
COBLL1,pink
COL20A1,pink
COL4A2,pink
COPZ1,pink
CORO1B,pink
COX5A,pink
COX7A2,pink
CP110,pink
CPEB2,pink
CPEB3,pink
CREM,pink
CRTAC1,pink
CRTC2,pink
CRYGN,pink
CSDAP1,pink
CSMD3,pink
CSTF2T,pink
CT62,pink
CTNNA3,pink
CTNNBL1,pink
CTNND2,pink
CTSB,pink
CTTNBP2NL,pink
CUL2,pink
CUX1,pink
CWC15,pink
CXXC1,pink
CYB561,pink
CYB5A,pink
CYB5R4,pink
CYCS,pink
DAB1,pink
DACT3,pink
DCAF8,pink
DCC,pink
DCK,pink
DCP1B,pink
DCUN1D5,pink
DDX17,pink
DDX21,pink
DDX50,pink
DEPDC6,pink
DFNB31,pink
DGUOK,pink
DHDDS,pink
DHRS1,pink
DHX15,pink
DHX34,pink
DHX8,pink
DIS3L,pink
DLGAP2,pink
DNAH11,pink
DNAJC14,pink
DNAJC18,pink
DNAJC19,pink
DNAJC3,pink
DNAJC30,pink
DNTT,pink
DNTTIP2,pink
DOCK1,pink
DOCK5,pink
DOK5,pink
DPP8,pink
DPYD,pink
DR1,pink
DSC3,pink
DUOX2,pink
DUSP10,pink
DUSP18,pink
DUSP19,pink
DUSP26,pink
DUSP5,pink
DVL1,pink
DYNC1I1,pink
DYRK3,pink
DZIP1,pink
E2F3,pink
E4F1,pink
ECE2,pink
EDC4,pink
EEA1,pink
EFNA1,pink
EFNA3,pink
EFNA5,pink
EHD1,pink
EHD3,pink
EHF,pink
EIF1B,pink
EIF2S2,pink
EIF3E,pink
ELOVL2,pink
ELOVL7,pink
ELP4,pink
EMID1,pink
EPAS1,pink
EPB41L3,pink
EPS8,pink
ERBB2,pink
ERC1,pink
ERCC6,pink
ERGIC2,pink
ERO1LB,pink
ESR1,pink
ETV6,pink
EXT2,pink
EYA4,pink
FAM115A,pink
FAM120AOS,pink
FAM134A,pink
FAM134C,pink
FAM135B,pink
FAM150A,pink
FAM150B,pink
FAM162A,pink
FAM162B,pink
FAM165B,pink
FAM172A,pink
FAM190A,pink
FAM192A,pink
FAM20A,pink
FAM36A,pink
FAM43A,pink
FAM73A,pink
FASTKD5,pink
FBXL17,pink
FBXO30,pink
FBXO32,pink
FBXO44,pink
FDPS,pink
FDX1,pink
FER,pink
FGF1,pink
FGF9,pink
FGFR1,pink
FICD,pink
FLJ13197,pink
FLJ23834,pink
FLJ42709,pink
FLJ45983,pink
FLRT3,pink
FNDC3A,pink
FOS,pink
FREM2,pink
FST,pink
GABBR1,pink
GABPB1,pink
GALK2,pink
GALM,pink
GAMT,pink
GANAB,pink
GARS,pink
GAS8,pink
GATA2,pink
GATA6,pink
GATAD2A,pink
GBA2,pink
GBGT1,pink
GDAP1L1,pink
GLOD4,pink
GLT25D1,pink
GLT25D2,pink
GOLPH3L,pink
GP5,pink
GPA33,pink
GPC6,pink
GPD2,pink
GPER,pink
GPN2,pink
GPN3,pink
GPR177,pink
GPR88,pink
GRAMD1C,pink
GRM7,pink
GSK3B,pink
GSTA4,pink
GSTO1,pink
GSTT1,pink
GTF3C5,pink
GYG1,pink
H6PD,pink
HAUS5,pink
HAUS6,pink
HAX1,pink
HCG18,pink
HCG9,pink
HCRTR1,pink
HERC5,pink
HES1,pink
HEY2,pink
HHIP,pink
HIAT1,pink
HINFP,pink
HIPK3,pink
HIST1H2AL,pink
HIST1H3I,pink
HIVEP1,pink
HIVEP2,pink
HJURP,pink
HLA-DRB1,pink
HMGA1,pink
HNMT,pink
HNRNPA1,pink
HNRNPR,pink
HOMER1,pink
HOOK3,pink
HOXC12,pink
HSPA1B,pink
HSPA8,pink
IBTK,pink
ID1,pink
IFITM3,pink
IFT140,pink
IGDCC4,pink
IGF2BP1,pink
IGSF3,pink
IL17RD,pink
IMPDH1,pink
ING5,pink
INPP5A,pink
INSM1,pink
INSM2,pink
INTS12,pink
IQGAP2,pink
IRS1,pink
ISPD,pink
ITGA9,pink
ITGB5,pink
ITPKB,pink
IWS1,pink
JHDM1D,pink
JUN,pink
KAZALD1,pink
KBTBD3,pink
KCNA1,pink
KCND2,pink
KCNH1,pink
KCNJ2,pink
KCNQ5,pink
KCTD5,pink
KDELR3,pink
KDM2A,pink
KHDRBS3,pink
KIAA0226,pink
KIAA0430,pink
KIAA0586,pink
KIAA0947,pink
KIAA1586,pink
KIAA1751,pink
KIAA1826,pink
KIAA1841,pink
KIAA1919,pink
KIAA1967,pink
KIDINS220,pink
KIF13A,pink
KIF21A,pink
KIF22,pink
KIF26B,pink
KIF5B,pink
KL,pink
KLF15,pink
KLHDC10,pink
KLHL17,pink
KLHL7,pink
KNDC1,pink
KPNB1,pink
LBR,pink
LBX1,pink
LCORL,pink
LEPROTL1,pink
LGI2,pink
LIAS,pink
LIMA1,pink
LIMS2,pink
LLGL1,pink
LMTK2,pink
LOC100128191,pink
LOC100128811,pink
LOC100130987,pink
LOC100134713,pink
LOC148189,pink
LOC344595,pink
LOC388588,pink
LOC400027,pink
LOC401052,pink
LOC552889,pink
LOC645323,pink
LOC652276,pink
LOC93622,pink
LPCAT1,pink
LRFN5,pink
LRP1,pink
LRP5,pink
LRRC4,pink
LRRC45,pink
LRSAM1,pink
LRTM2,pink
LSM5,pink
LTV1,pink
LYN,pink
LYPLA1,pink
LYPLA2,pink
LYPLAL1,pink
LYSMD1,pink
MACROD2,pink
MAD1L1,pink
MAF,pink
MAFK,pink
MAGEF1,pink
MAGOHB,pink
MAK16,pink
MAL2,pink
MAN1A1,pink
MANBA,pink
MANSC1,pink
MAP2K3,pink
MAP3K10,pink
MAP3K11,pink
MAP4,pink
MAPKAPK2,pink
MAPRE1,pink
MAPT,pink
MAST3,pink
MCM3,pink
MCM4,pink
MCM7,pink
MDH1B,pink
MDN1,pink
MED23,pink
MEIG1,pink
METTL14,pink
METTL3,pink
MGAT5,pink
MGC23284,pink
MGC34034,pink
MGRN1,pink
MGST3,pink
MIR10A,pink
MIR564,pink
MIR639,pink
MIR889,pink
MKI67IP,pink
MKRN2,pink
MLEC,pink
MLF1IP,pink
MLN,pink
MLNR,pink
MORN5,pink
MOSPD3,pink
MPDU1,pink
MRFAP1L1,pink
MRPL1,pink
MRPL20,pink
MRPL3,pink
MRPS11,pink
MRPS18B,pink
MRPS33,pink
MRPS9,pink
MRTO4,pink
MTCH2,pink
MTMR15,pink
MTMR3,pink
MTRF1L,pink
MTUS1,pink
MUM1,pink
MXD1,pink
MXRA7,pink
MYC,pink
MYEOV2,pink
MYL6,pink
MYO1D,pink
N4BP1,pink
N4BP2,pink
NAA25,pink
NADK,pink
NAF1,pink
NAGLU,pink
NARS2,pink
NCALD,pink
NCKAP1,pink
NCOA6,pink
NDE1,pink
NDRG1,pink
NDUFA5,pink
NDUFB10,pink
NDUFC2,pink
NDUFS6,pink
NELL2,pink
NFE2L2,pink
NFIB,pink
NFIL3,pink
NHLRC2,pink
NIT1,pink
NKX3-2,pink
NKX6-3,pink
NLGN1,pink
NME7,pink
NOM1,pink
NOP58,pink
NOS1AP,pink
NOSIP,pink
NOTCH1,pink
NOTCH4,pink
NOVA1,pink
NR1H2,pink
NR4A3,pink
NRF1,pink
NRIP2,pink
NRSN1,pink
NSUN2,pink
NUCB2,pink
NUDT15,pink
NUP155,pink
NUP160,pink
NUP205,pink
NUTF2,pink
NVL,pink
OGG1,pink
OLFML2B,pink
OLIG2,pink
OR5D16,pink
ORC4L,pink
ORMDL2,pink
OSBPL1A,pink
OSBPL3,pink
PABPC4,pink
PAN2,pink
PAPSS2,pink
PARS2,pink
PATL1,pink
PAWR,pink
PBX2,pink
PC,pink
PCBP1,pink
PCDH9,pink
PCYOX1L,pink
PDCD10,pink
PDE10A,pink
PDE11A,pink
PDE8A,pink
PDIK1L,pink
PDS5A,pink
PECR,pink
PEX13,pink
PEX26,pink
PFAS,pink
PFDN1,pink
PFDN5,pink
PGBD4,pink
PGCP,pink
PGP,pink
PHB2,pink
PHC1,pink
PIAS2,pink
PIK3R4,pink
PINX1,pink
PITPNA,pink
PKIB,pink
PKN2,pink
PLAUR,pink
PLCB3,pink
PLCL2,pink
PLEKHA5,pink
PLEKHB2,pink
PLK3,pink
PNKD,pink
PNN,pink
PNP,pink
POFUT1,pink
POLB,pink
POLD1,pink
POLD2,pink
POLS,pink
POP4,pink
POT1,pink
PPAN-P2RY11,pink
PPARGC1B,pink
PPID,pink
PPIL1,pink
PPM1D,pink
PPM1H,pink
PPOX,pink
PPP1R12C,pink
PPP1R13B,pink
PPP1R9A,pink
PPP2CA,pink
PPP2R2A,pink
PPP4R4,pink
PPT1,pink
PPT2,pink
PREX2,pink
PRICKLE4,pink
PRKAB2,pink
PRKAR1B,pink
PRKG1,pink
PRKRA,pink
PROSC,pink
PROX1,pink
PRPF38A,pink
PRR16,pink
PRR24,pink
PRR5-ARHGAP8,pink
PRRG4,pink
PRSS23,pink
PRSS27,pink
PSMB8,pink
PSORS1C1,pink
PTEN,pink
PTHLH,pink
PTMA,pink
PTPN4,pink
PTPRE,pink
PTPRG,pink
PTTG1,pink
PUF60,pink
PUS7L,pink
PVRL1,pink
PXT1,pink
QSOX1,pink
QSOX2,pink
RAB21,pink
RAB3C,pink
RAB5A,pink
RAB8B,pink
RACGAP1,pink
RAD51AP1,pink
RADIL,pink
RAET1K,pink
RAG2,pink
RASGRF1,pink
RBBP4,pink
RBM15B,pink
RBM4,pink
RCN1,pink
RCN2,pink
RCSD1,pink
RELA,pink
REV3L,pink
RFC2,pink
RFC5,pink
RGMA,pink
RHOBTB3,pink
RNF103,pink
RNF111,pink
RNF146,pink
RNF6,pink
RNMTL1,pink
RNU6ATAC,pink
ROBO1,pink
ROCK2,pink
RPH3A,pink
RPH3AL,pink
RPL13AP5,pink
RPL14,pink
RPL30,pink
RPL5,pink
RPLP2,pink
RPP30,pink
RPRD1B,pink
RPS11,pink
RPS14,pink
RPS3A,pink
RRS1,pink
RSU1,pink
RTEL1,pink
RUFY1,pink
RUNX2,pink
RWDD2A,pink
SASH1,pink
SATB2,pink
SCLT1,pink
SCUBE2,pink
SDCCAG10,pink
SDF2,pink
SDHD,pink
SDR39U1,pink
SEC24C,pink
SEC61A2,pink
SEPT2,pink
SEPT9,pink
SERBP1,pink
SERINC1,pink
SERINC3,pink
SERINC4,pink
SERTAD1,pink
SEZ6L2,pink
SF1,pink
SFRS12,pink
SFRS18,pink
SGCD,pink
SHC2,pink
SHCBP1,pink
SHPRH,pink
SIAH2,pink
SIRT2,pink
SKIL,pink
SLC17A7,pink
SLC1A4,pink
SLC25A36,pink
SLC25A39,pink
SLC25A4,pink
SLC26A6,pink
SLC2A11,pink
SLC30A7,pink
SLC35B3,pink
SLC35E1,pink
SLC35F2,pink
SLC39A3,pink
SLC41A1,pink
SLC5A9,pink
SLC9A1,pink
SMARCB1,pink
SMARCD2,pink
SMC3,pink
SMC5,pink
SMCHD1,pink
SMEK1,pink
SMG7,pink
SMNDC1,pink
SMO,pink
SNHG3-RCC1,pink
SNHG8,pink
SNORD84,pink
SNPH,pink
SNRNP35,pink
SNTA1,pink
SNX1,pink
SNX27,pink
SPATA17,pink
SPOPL,pink
SPRED1,pink
SPRY1,pink
SPRY2,pink
SPRY4,pink
SPSB4,pink
SREBF1,pink
SRP19,pink
SSR2,pink
ST3GAL1,pink
ST3GAL6,pink
ST8SIA3,pink
ST8SIA5,pink
STAM,pink
STAMBP,pink
STARD5,pink
STK11,pink
STK4,pink
STOX2,pink
STRADB,pink
STRBP,pink
STX3,pink
STX6,pink
STXBP6,pink
SUGT1P1,pink
SURF6,pink
SUV420H1,pink
SYF2,pink
SYNJ2BP,pink
SYNPO2,pink
SYT10,pink
TAAR5,pink
TAF1A,pink
TAF7,pink
TALDO1,pink
TAP2,pink
TBC1D19,pink
TBCD,pink
TBPL1,pink
TBR1,pink
TBRG4,pink
TBX3,pink
TCERG1,pink
TDP1,pink
TEAD1,pink
TES,pink
TEX14,pink
TH1L,pink
THOP1,pink
THRB,pink
THUMPD3,pink
TIAM1,pink
TIPRL,pink
TLL1,pink
TLX3,pink
TMBIM4,pink
TMED10,pink
TMEM111,pink
TMEM123,pink
TMEM132B,pink
TMEM134,pink
TMEM141,pink
TMEM14A,pink
TMEM199,pink
TMEM209,pink
TMEM214,pink
TMEM50A,pink
TMEM51,pink
TMEM55A,pink
TMEM65,pink
TMEM68,pink
TMEM87A,pink
TMSB10,pink
TMUB1,pink
TNFSF10,pink
TOP2A,pink
TP53INP2,pink
TPP2,pink
TPRA1,pink
TRAFD1,pink
TRAM1L1,pink
TRAPPC6A,pink
TRDMT1,pink
TRIM23,pink
TRIM26,pink
TRIM27,pink
TRIM39,pink
TRIM44,pink
TRIP13,pink
TROVE2,pink
TSLP,pink
TSPAN4,pink
TTC15,pink
TTC18,pink
TTC21A,pink
TTC5,pink
TTYH3,pink
TUBA8,pink
TUBB,pink
TUBD1,pink
TUSC1,pink
TWSG1,pink
TXNDC5,pink
UBA3,pink
UBAC1,pink
UBE2C,pink
UBE2CBP,pink
UBE2D3,pink
UBE2M,pink
UBE2N,pink
UBE2Q1,pink
UBE2S,pink
UBE2V1,pink
UBE3A,pink
UBXN11,pink
UBXN4,pink
UGP2,pink
UIMC1,pink
ULK1,pink
USP13,pink
USP32,pink
USP36,pink
VAMP1,pink
VAMP2,pink
VCAN,pink
VHL,pink
VPS13C,pink
VPS28,pink
VPS41,pink
VPS54,pink
VSTM2A,pink
VWA1,pink
VWA2,pink
WASF3,pink
WBP4,pink
WDR18,pink
WDR59,pink
WDR5B,pink
WDR63,pink
WDR67,pink
WDR8,pink
WNT10A,pink
WNT2B,pink
XAB2,pink
XKR7,pink
XRCC1,pink
XRCC2,pink
YEATS2,pink
YTHDC1,pink
YWHAZ,pink
ZC3H12C,pink
ZC3H14,pink
ZC3H15,pink
ZCCHC17,pink
ZDHHC3,pink
ZEB1,pink
ZFP36L1,pink
ZFYVE1,pink
ZFYVE28,pink
ZHX2,pink
ZIC2,pink
ZNF114,pink
ZNF192,pink
ZNF226,pink
ZNF250,pink
ZNF350,pink
ZNF420,pink
ZNF471,pink
ZNF488,pink
ZNF497,pink
ZNF501,pink
ZNF509,pink
ZNF540,pink
ZNF546,pink
ZNF566,pink
ZNF688,pink
ZNF708,pink
ZNF709,pink
ZNF805,pink
ZRANB2,pink
ZSCAN22,pink
ZWINT,pink
AARS,purple
ABCA7,purple
ABCB9,purple
ABCE1,purple
ABL1,purple
ABTB2,purple
ACAT1,purple
ACBD6,purple
ACSF3,purple
ACTG1,purple
ACTN2,purple
ACTR10,purple
ACVR1,purple
ACVR2A,purple
ADAM15,purple
ADAM23,purple
ADAMTS9,purple
ADCY4,purple
ADD2,purple
ADHFE1,purple
ADPRHL1,purple
AFF4,purple
AGA,purple
AGBL5,purple
AGFG2,purple
AGRN,purple
AGTRAP,purple
AK2,purple
AK7,purple
AKT1S1,purple
AKTIP,purple
ALCAM,purple
ALDH4A1,purple
ALDOA,purple
ALG1L,purple
ALG5,purple
ALG8,purple
ALMS1,purple
ANAPC11,purple
ANAPC2,purple
ANGPTL6,purple
ANK1,purple
ANKFY1,purple
ANKRD13B,purple
ANKRD5,purple
ANKRD9,purple
ANO2,purple
AP2A2,purple
AP2B1,purple
API5,purple
APRT,purple
AQR,purple
ARFGEF1,purple
ARHGEF10,purple
ARHGEF11,purple
ARID5B,purple
ARL16,purple
ARL4C,purple
ARNT,purple
ARPC2,purple
ASCC2,purple
ASH2L,purple
ASPH,purple
ASPM,purple
ASRGL1,purple
ATF2,purple
ATF3,purple
ATF6B,purple
ATG3,purple
ATG4C,purple
ATP10D,purple
ATP2C1,purple
ATP5J2,purple
ATP6V0A2,purple
ATP6V1A,purple
AVL9,purple
AXIN2,purple
B3GALT4,purple
BACH2,purple
BAT1,purple
BAT3,purple
BCL11A,purple
BCL2L1,purple
BCL2L11,purple
BCL6,purple
BDNF,purple
BEND5,purple
BEND6,purple
BET1,purple
BHLHE22,purple
BICD1,purple
BIRC3,purple
BLOC1S2,purple
BLOC1S3,purple
BMP4,purple
BMP6,purple
BPNT1,purple
BRD8,purple
BRE,purple
BRSK1,purple
BRUNOL4,purple
BTN3A2,purple
C10ORF140,purple
C11ORF10,purple
C11ORF70,purple
C11ORF87,purple
C12ORF29,purple
C14ORF178,purple
C16ORF58,purple
C16ORF67,purple
C17ORF79,purple
C17ORF97,purple
C18ORF25,purple
C19ORF44,purple
C19ORF57,purple
C1ORF101,purple
C1ORF170,purple
C1ORF198,purple
C1ORF203,purple
C1ORF52,purple
C1ORF56,purple
C21ORF91,purple
C2ORF18,purple
C2ORF44,purple
C3ORF57,purple
C3ORF58,purple
C5ORF24,purple
C5ORF30,purple
C5ORF35,purple
C5ORF45,purple
C6ORF10,purple
C6ORF114,purple
C6ORF195,purple
C6ORF48,purple
C6ORF57,purple
C7ORF55,purple
C8ORF39,purple
C8ORF73,purple
C9ORF129,purple
C9ORF140,purple
C9ORF21,purple
CA2,purple
CAB39L,purple
CACNA2D3,purple
CACYBP,purple
CAMLG,purple
CANX,purple
CAP1,purple
CARM1,purple
CASC5,purple
CASD1,purple
CAST,purple
CBLC,purple
CCDC104,purple
CCDC13,purple
CCDC134,purple
CCDC149,purple
CCDC46,purple
CCDC49,purple
CCDC57,purple
CCDC60,purple
CCDC83,purple
CCDC84,purple
CCDC90A,purple
CCHCR1,purple
CCKBR,purple
CCT6B,purple
CD164,purple
CD44,purple
CD9,purple
CDAN1,purple
CDC42BPB,purple
CDCA2,purple
CDH15,purple
CDK19,purple
CEBPZ,purple
CENPF,purple
CENPL,purple
CENPN,purple
CEP72,purple
CERKL,purple
CFL2,purple
CGN,purple
CHCHD6,purple
CHIC2,purple
CIAO1,purple
CIC,purple
CKB,purple
CLASP2,purple
CLIC6,purple
CLN5,purple
CLP1,purple
CLPX,purple
CLTB,purple
CMC1,purple
CNNM4,purple
CNTNAP5,purple
COL19A1,purple
COL6A2,purple
COLEC10,purple
COMMD1,purple
COMMD7,purple
CORO2B,purple
COX6B2,purple
COX8A,purple
CPEB2,purple
CPNE7,purple
CPVL,purple
CREB1,purple
CRLF3,purple
CRYZL1,purple
CSDE1,purple
CSMD2,purple
CUL1,purple
CYBA,purple
CYP2U1,purple
CYP4F8,purple
CYP4V2,purple
DAZAP1,purple
DCAF5,purple
DCAKD,purple
DCLK1,purple
DCPS,purple
DCTN4,purple
DDHD2,purple
DDI2,purple
DDX6,purple
DGAT2,purple
DHX35,purple
DHX37,purple
DIP2C,purple
DLL3,purple
DLX6,purple
DMRTB1,purple
DNAJC16,purple
DNAJC6,purple
DNAL1,purple
DNALI1,purple
DNASE2,purple
DNHD1,purple
DOK4,purple
DONSON,purple
DPPA5,purple
DSCAML1,purple
DSE,purple
DTHD1,purple
DUS2L,purple
DUS3L,purple
DUSP11,purple
DYNLRB2,purple
DYRK1B,purple
DZIP1,purple
EED,purple
EEF1A1,purple
EID2B,purple
EIF1,purple
EIF2AK4,purple
EIF3B,purple
EIF5A,purple
ELL2,purple
ELP2,purple
ELP2P,purple
ELP3,purple
ENO2,purple
EPHB6,purple
ERI3,purple
ERO1L,purple
ERO1LB,purple
ESRRG,purple
ETS1,purple
EXOSC4,purple
EYA4,purple
FAIM,purple
FAM109A,purple
FAM134B,purple
FAM136A,purple
FAM13C,purple
FAM150A,purple
FAM160B1,purple
FAM164C,purple
FAM168A,purple
FAM168B,purple
FAM172A,purple
FAM20B,purple
FAM43B,purple
FAM53B,purple
FAM53C,purple
FAM54B,purple
FAM5C,purple
FAM65B,purple
FAM89B,purple
FAM96B,purple
FAM98C,purple
FBL,purple
FBRSL1,purple
FBXL19,purple
FBXO28,purple
FBXO3,purple
FBXO34,purple
FBXW4,purple
FEM1B,purple
FEZ2,purple
FEZF1,purple
FGF5,purple
FGFBP3,purple
FIGN,purple
FKBPL,purple
FLJ26850,purple
FLJ42289,purple
FRAS1,purple
FSTL4,purple
FUCA1,purple
FZD1,purple
G3BP2,purple
GABBR1,purple
GABPB1,purple
GABRB2,purple
GADD45A,purple
GADD45GIP1,purple
GAL3ST2,purple
GALE,purple
GALK1,purple
GALR2,purple
GDAP1,purple
GEMIN7,purple
GGPS1,purple
GGTA1,purple
GINS3,purple
GJC1,purple
GK5,purple
GLB1L2,purple
GLCCI1,purple
GLOD4,purple
GNA12,purple
GNAL,purple
GNL1,purple
GNPAT,purple
GNPTAB,purple
GOLGA7,purple
GOSR1,purple
GPATCH4,purple
GPC5,purple
GPX5,purple
GRIA4,purple
GRID2IP,purple
GRIK5,purple
GRIN1,purple
GRM3,purple
GRM8,purple
GRPEL1,purple
GSK3B,purple
GSR,purple
GSTM4,purple
GSTM5,purple
GTF2A2,purple
GTF3A,purple
GTPBP8,purple
GUCY1B3,purple
GYS1,purple
HCG27,purple
HCK,purple
HDAC4,purple
HDGF,purple
HDLBP,purple
HERPUD1,purple
HES1,purple
HEXIM1,purple
HEXIM2,purple
HIAT1,purple
HIC2,purple
HIST1H2BD,purple
HIVEP3,purple
HLA-DRB1,purple
HMCN1,purple
HMGB1,purple
HNRNPA0,purple
HNRNPA3,purple
HNRNPU,purple
HOXA9,purple
HOXB3,purple
HOXC10,purple
HP1BP3,purple
HSD17B4,purple
HSD17B7P2,purple
HSF2,purple
HSPA2,purple
HSPD1,purple
HTR6,purple
IER2,purple
IFIT1,purple
IGF1R,purple
IGSF21,purple
IL1RL1,purple
INCENP,purple
INF2,purple
ING4,purple
INPP4B,purple
INTS6,purple
IRS2,purple
ITGBL1,purple
ITPRIP,purple
JAZF1,purple
JTB,purple
KBTBD6,purple
KBTBD8,purple
KCNB2,purple
KCNC3,purple
KCNC4,purple
KCNE1,purple
KCNJ10,purple
KCNJ12,purple
KCNMB3,purple
KCNS2,purple
KCTD15,purple
KCTD9,purple
KDELC2,purple
KIAA1530,purple
KIAA1539,purple
KIF16B,purple
KIF9,purple
KIFC1,purple
KIFC2,purple
KLF15,purple
KLHL36,purple
KLHL38,purple
KPNA5,purple
KPNB1,purple
KRT10,purple
LAPTM4A,purple
LBH,purple
LCORL,purple
LEO1,purple
LINGO3,purple
LLGL1,purple
LMAN2,purple
LMF1,purple
LMNA,purple
LMO1,purple
LMX1A,purple
LOC100134713,purple
LOC100292680,purple
LOC100302652,purple
LOC144571,purple
LOC146336,purple
LOC153684,purple
LOC285830,purple
LOC400027,purple
LOC401052,purple
LOC441666,purple
LOC492303,purple
LONP2,purple
LPP,purple
LPPR4,purple
LRFN5,purple
LRP11,purple
LRRC20,purple
LRRC36,purple
LRRC43,purple
LRRC8D,purple
LRRCC1,purple
LYRM4,purple
MAD1L1,purple
MAD2L1BP,purple
MAEA,purple
MAP3K14,purple
MAP3K7,purple
MAP3K9,purple
MAP4,purple
MAPK3,purple
MARCH3,purple
MARCH7,purple
MAST2,purple
MAST4,purple
MAT2B,purple
MAZ,purple
MBOAT1,purple
MCOLN2,purple
MCPH1,purple
MDC1,purple
MDFI,purple
MDGA1,purple
MDM2,purple
MEAF6,purple
MED20,purple
MED30,purple
MEF2C,purple
METAP1,purple
METTL13,purple
MFGE8,purple
MFSD2B,purple
MFSD9,purple
MIER3,purple
MIR203,purple
MIR376B,purple
MIR663,purple
MLEC,purple
MLF1IP,purple
MLL5,purple
MLPH,purple
MMAA,purple
MMP27,purple
MMS19,purple
MOBP,purple
MON2,purple
MORC3,purple
MPP2,purple
MRP63,purple
MRPL15,purple
MRPL23,purple
MRPS18B,purple
MRPS21,purple
MRPS28,purple
MRPS35,purple
MRPS9,purple
MS4A13,purple
MSH6,purple
MTERF,purple
MXI1,purple
MYH14,purple
MYL6B,purple
MYO18A,purple
MYO19,purple
MYO1D,purple
MYOD1,purple
MYPOP,purple
MYST3,purple
MYT1L,purple
NAE1,purple
NAGPA,purple
NANS,purple
NAT10,purple
NBN,purple
NCAPG2,purple
NCOA2,purple
NDE1,purple
NDUFA2,purple
NDUFB3,purple
NECAB3,purple
NEK7,purple
NEK8,purple
NEU1,purple
NFIA,purple
NFIC,purple
NIPA2,purple
NME5,purple
NMI,purple
NMNAT2,purple
NPM1,purple
NPR3,purple
NR1D1,purple
NR1H2,purple
NRG3,purple
NRP2,purple
NSA2,purple
NT5DC2,purple
NUDT18,purple
NUFIP2,purple
NUP155,purple
NUP205,purple
ODZ4,purple
OGG1,purple
OPA1,purple
OPA3,purple
OPRD1,purple
OR8U8,purple
OS9,purple
OSBPL1A,purple
OSR2,purple
OTUD3,purple
OTUD6B,purple
OTUD7B,purple
OXNAD1,purple
P2RY6,purple
P4HB,purple
PACRGL,purple
PAK4,purple
PANK2,purple
PAPPA,purple
PARD3B,purple
PARK2,purple
PAWR,purple
PBK,purple
PBLD,purple
PCMTD2,purple
PDCD11,purple
PDDC1,purple
PDE4DIP,purple
PDP1,purple
PDZD8,purple
PES1,purple
PET112L,purple
PGAM1,purple
PGAM5,purple
PGBD5,purple
PGLYRP2,purple
PGS1,purple
PHF1,purple
PHF10,purple
PHF20,purple
PHF5A,purple
PHKB,purple
PHLDA1,purple
PHYHIPL,purple
PI4K2A,purple
PID1,purple
PIK3CD,purple
PJA2,purple
PKN1,purple
PLA2G16,purple
PLCB3,purple
PLCXD2,purple
PLD3,purple
PLEKHA2,purple
PLEKHA7,purple
PLK1S1,purple
PMS1,purple
PNKP,purple
PNPT1,purple
PODXL2,purple
POLD2,purple
POLH,purple
POLR1D,purple
POLR2C,purple
POLR3H,purple
PPA1,purple
PPFIA3,purple
PPM1J,purple
PPP2R2B,purple
PPP2R5C,purple
PPP2R5E,purple
PPT1,purple
PRDM10,purple
PRDX5,purple
PRICKLE4,purple
PRKAA1,purple
PRKAB1,purple
PRKAR1A,purple
PRKAR2B,purple
PRMT10,purple
PRR25,purple
PSEN1,purple
PSMA5,purple
PSME1,purple
PSMG4,purple
PTBP1,purple
PTGES3,purple
PTMA,purple
PTN,purple
PTPRT,purple
PUS7,purple
PUS7L,purple
PUSL1,purple
PVRL2,purple
PXT1,purple
QPCTL,purple
QTRT1,purple
RAB11FIP4,purple
RAB23,purple
RAB3A,purple
RAD51AP2,purple
RAET1L,purple
RAI1,purple
RAI14,purple
RARA,purple
RASA2,purple
RASA3,purple
RASGEF1C,purple
RASSF7,purple
RBBP5,purple
RBM17,purple
RBM19,purple
RBM25,purple
RBM47,purple
REEP1,purple
REEP6,purple
RGL2,purple
RGNEF,purple
RGS2,purple
RGS7,purple
RHBDD2,purple
RHEB,purple
RHPN1,purple
RIBC2,purple
RLF,purple
RNASET2,purple
RND1,purple
RND3,purple
RNF160,purple
RNF166,purple
RNF168,purple
RNF2,purple
RNF215,purple
RNF216,purple
RNF26,purple
RNF38,purple
RNF4,purple
RNF5,purple
RNF8,purple
RNGTT,purple
RNU11,purple
RORA,purple
RPAP2,purple
RPL13AP3,purple
RPL14,purple
RPL35A,purple
RPRD2,purple
RPS21,purple
RPS23,purple
RPS6KA2,purple
RPS6KA5,purple
RPUSD3,purple
RRAS,purple
RSBN1,purple
RSF1,purple
RWDD2B,purple
RYR1,purple
SACM1L,purple
SACS,purple
SAE1,purple
SAFB2,purple
SCAI,purple
SCARF2,purple
SCMH1,purple
SCN4B,purple
SCT,purple
SCUBE3,purple
SCYL3,purple
SDCBP2,purple
SDCCAG10,purple
SDR39U1,purple
SEC63,purple
SELK,purple
SELM,purple
SEMA5A,purple
SERBP1,purple
SERPINE1,purple
SETD1A,purple
SFRS2IP,purple
SFRS7,purple
SGCA,purple
SGK196,purple
SGK3,purple
SGSM3,purple
SH3BP5,purple
SH3GLB2,purple
SH3PXD2B,purple
SH3YL1,purple
SHC4,purple
SHD,purple
SHF,purple
SHPRH,purple
SIAH2,purple
SIM1,purple
SKA3,purple
SLC17A5,purple
SLC1A3,purple
SLC22A23,purple
SLC25A23,purple
SLC25A39,purple
SLC33A1,purple
SLC34A2,purple
SLC37A3,purple
SLC38A10,purple
SLC38A2,purple
SLC39A6,purple
SLC8A3,purple
SLC9A3,purple
SLCO2A1,purple
SMAD1,purple
SMEK2,purple
SMOC2,purple
SNAPC5,purple
SNAR-F,purple
SNHG12,purple
SNORD104,purple
SNORD43,purple
SNRNP48,purple
SNX1,purple
SNX11,purple
SNX13,purple
SNX8,purple
SOCS2,purple
SOX5,purple
SPAG1,purple
SPAST,purple
SPATA13,purple
SPATA2,purple
SPATA5L1,purple
SPG11,purple
SPG20,purple
SPRR2F,purple
SPSB4,purple
SPTBN4,purple
SREBF2,purple
SRF,purple
SRP72,purple
SSH1,purple
ST3GAL2,purple
ST6GAL1,purple
ST6GALNAC5,purple
ST7,purple
STARD7,purple
STAU2,purple
STK35,purple
STX11,purple
SUSD4,purple
SVOPL,purple
SWAP70,purple
SYNE1,purple
SYNE2,purple
SYT3,purple
SYTL2,purple
TAC1,purple
TACR1,purple
TAF12,purple
TBC1D16,purple
TBCD,purple
TBRG4,purple
TCF4,purple
TCF7L1,purple
TCF7L2,purple
TCTEX1D2,purple
TCTN1,purple
TCTN2,purple
TERF1,purple
TESK2,purple
TEX12,purple
TEX261,purple
TEX9,purple
TFAP2A,purple
TFAP2D,purple
TFAP4,purple
TGFA,purple
TGM2,purple
THADA,purple
THAP3,purple
THAP5,purple
THYN1,purple
TJAP1,purple
TMED10,purple
TMED7,purple
TMEM119,purple
TMEM194A,purple
TMEM60,purple
TMEM67,purple
TMEM68,purple
TMEM91,purple
TMUB2,purple
TNFRSF11B,purple
TNIP2,purple
TNR,purple
TOP2A,purple
TOP3A,purple
TP53BP2,purple
TP53I13,purple
TPCN2,purple
TRAF3IP2,purple
TRIB2,purple
TRIM4,purple
TRIM58,purple
TRIP10,purple
TRMT61B,purple
TRMU,purple
TRPM6,purple
TSSC4,purple
TTF2,purple
TUBA1B,purple
TUBE1,purple
TUBGCP6,purple
TXLNA,purple
TXNDC17,purple
U2AF1,purple
UBAP2,purple
UBE2D2,purple
UBE2J1,purple
UBE2V1,purple
UBL7,purple
UBR2,purple
UBR4,purple
UCK2,purple
UCRC,purple
UFM1,purple
UNC13A,purple
UNG,purple
USP14,purple
USP28,purple
USP38,purple
UTRN,purple
VARS2,purple
VCL,purple
VCP,purple
VGLL4,purple
VPS25,purple
VPS37B,purple
VRK3,purple
VSTM2L,purple
VTA1,purple
WDR12,purple
WDR47,purple
WDR65,purple
WDR73,purple
WDR82,purple
WDR91,purple
WIPF2,purple
WIPI2,purple
WIZ,purple
WNT6,purple
WNT7B,purple
WNT9A,purple
WSB1,purple
XAB2,purple
YAF2,purple
YIPF1,purple
YIPF4,purple
YSK4,purple
ZBTB10,purple
ZBTB22,purple
ZBTB7A,purple
ZC3H7B,purple
ZCCHC11,purple
ZDHHC12,purple
ZDHHC14,purple
ZDHHC2,purple
ZEB1,purple
ZEB2,purple
ZFAND6,purple
ZFHX3,purple
ZFPM1,purple
ZIC5,purple
ZMAT4,purple
ZMYM5,purple
ZNF114,purple
ZNF132,purple
ZNF140,purple
ZNF17,purple
ZNF175,purple
ZNF2,purple
ZNF20,purple
ZNF204P,purple
ZNF221,purple
ZNF230,purple
ZNF232,purple
ZNF24,purple
ZNF251,purple
ZNF252,purple
ZNF256,purple
ZNF274,purple
ZNF276,purple
ZNF32,purple
ZNF362,purple
ZNF394,purple
ZNF416,purple
ZNF432,purple
ZNF498,purple
ZNF529,purple
ZNF536,purple
ZNF579,purple
ZNF598,purple
ZNF638,purple
ZNF646,purple
ZNF665,purple
ZNF671,purple
ZNF684,purple
ZNF714,purple
ZNF777,purple
ZNF780A,purple
ZNF784,purple
ZNF787,purple
ZNF792,purple
ZNF793,purple
ZNF833,purple
ZNRF3,purple
ZSCAN18,purple
ZSWIM5,purple
ZSWIM6,purple
ZW10,purple
ZWILCH,purple
A2BP1,red
A2ML1,red
AASS,red
ABCC1,red
ABCG2,red
ABI2,red
ABLIM2,red
ABR,red
ABTB1,red
ACACB,red
ACADM,red
ACCN1,red
ACCS,red
ACO1,red
ACTG2,red
ACTN2,red
ACTN4,red
ACVR2A,red
ADAM21P1,red
ADAM29,red
ADAMTS12,red
ADAMTS16,red
ADAMTS17,red
ADAMTS2,red
ADAMTS9,red
ADAMTSL2,red
ADARB2,red
ADCY6,red
ADCY9,red
ADCYAP1,red
ADD3,red
ADIPOR2,red
ADPRHL1,red
ADRM1,red
ADSL,red
AFAP1,red
AFARP1,red
AGAP1,red
AGPAT4,red
AGPAT5,red
AGTPBP1,red
AGTR1,red
AKAP10,red
AKAP13,red
AKAP5,red
AKAP8,red
AKR1B1,red
AKT2,red
ALDH4A1,red
ALG3,red
ALG9,red
ALKBH7,red
ALS2,red
AMN1,red
AMY2B,red
ANAPC13,red
ANK1,red
ANK2,red
ANK3,red
ANKH,red
ANKRD10,red
ANKRD33,red
ANKRD33B,red
ANKRD34B,red
ANKRD53,red
ANKS1A,red
ANO1,red
ANO10,red
ANTXR1,red
AP1AR,red
APBB2,red
APLF,red
APLP1,red
APLP2,red
APOC4,red
APOL1,red
APPL2,red
ARHGAP12,red
ARHGAP18,red
ARHGAP27,red
ARHGEF1,red
ARHGEF10,red
ARHGEF2,red
ARID1B,red
ARL8B,red
ARRDC2,red
ARRDC4,red
ASCL4,red
ASH1L,red
ASNA1,red
ASNSD1,red
ASPDH,red
ATF6,red
ATF7IP2,red
ATG4B,red
ATHL1,red
ATM,red
ATOH8,red
ATP10A,red
ATP10D,red
ATP11A,red
ATP11B,red
ATP1B3,red
ATP2B2,red
ATP5G3,red
ATP9B,red
ATPGD1,red
AUP1,red
B3GAT2,red
B3GAT3,red
B4GALT5,red
BAALC,red
BAD,red
BAIAP2,red
BANF2,red
BANK1,red
BARX2,red
BAT1,red
BAT2,red
BAT3,red
BAT5,red
BAZ1A,red
BBS10,red
BBX,red
BCAR1,red
BCHE,red
BCKDHB,red
BCL6,red
BCLAF1,red
BCO2,red
BDNF,red
BEAN,red
BEST2,red
BIN2,red
BIRC5,red
BIVM,red
BNIP3,red
BOP1,red
BRAF,red
BRD2,red
BRIP1,red
BRUNOL4,red
BSG,red
BTBD3,red
BTBD8,red
BUD13,red
C10ORF118,red
C10ORF129,red
C10ORF131,red
C10ORF28,red
C10ORF58,red
C10ORF90,red
C11ORF1,red
C11ORF42,red
C11ORF80,red
C11ORF83,red
C11ORF90,red
C12ORF4,red
C12ORF49,red
C12ORF51,red
C12ORF65,red
C12ORF69,red
C13ORF28,red
C14ORF177,red
C14ORF39,red
C14ORF43,red
C14ORF80,red
C16ORF5,red
C16ORF87,red
C16ORF90,red
C17ORF101,red
C17ORF108,red
C17ORF57,red
C17ORF62,red
C17ORF98,red
C17ORF99,red
C18ORF1,red
C18ORF45,red
C19ORF40,red
C19ORF44,red
C19ORF50,red
C19ORF62,red
C19ORF63,red
C1ORF126,red
C1ORF127,red
C1ORF159,red
C1ORF172,red
C1ORF204,red
C1ORF220,red
C1ORF51,red
C1ORF53,red
C1ORF57,red
C1ORF70,red
C20ORF103,red
C20ORF199,red
C20ORF43,red
C20ORF72,red
C20ORF96,red
C21ORF57,red
C21ORF63,red
C22ORF36,red
C2CD4C,red
C3ORF24,red
C3ORF37,red
C3ORF58,red
C3ORF59,red
C4ORF14,red
C4ORF22,red
C4ORF36,red
C4ORF38,red
C4ORF39,red
C5ORF43,red
C5ORF45,red
C5ORF58,red
C6ORF10,red
C6ORF118,red
C6ORF170,red
C6ORF204,red
C6ORF226,red
C7ORF50,red
C7ORF51,red
C8ORF12,red
C8ORF33,red
C9ORF103,red
C9ORF5,red
C9ORF91,red
C9ORF95,red
CA13,red
CA8,red
CACNA1I,red
CACNA2D2,red
CACNB3,red
CACNG2,red
CACNG8,red
CADM1,red
CADM2,red
CADPS2,red
CALD1,red
CAMSAP1,red
CAMTA1,red
CAND1,red
CANT1,red
CAPN1,red
CAPN11,red
CAPRIN1,red
CAPS2,red
CARKD,red
CASC5,red
CASP5,red
CASP8AP2,red
CASP9,red
CATSPER2,red
CATSPERB,red
CAV3,red
CCDC102B,red
CCDC109A,red
CCDC11,red
CCDC112,red
CCDC129,red
CCDC153,red
CCDC25,red
CCDC28B,red
CCDC3,red
CCDC90A,red
CCKBR,red
CCNE1,red
CCNO,red
CCR8,red
CCRN4L,red
CD248,red
CD2BP2,red
CD38,red
CD8A,red
CDC16,red
CDC40,red
CDC42,red
CDC73,red
CDH4,red
CDK10,red
CDK13,red
CDK19,red
CDKAL1,red
CEBPD,red
CENPN,red
CENPQ,red
CEP63,red
CEPT1,red
CES4,red
CETN1,red
CFLP1,red
CHCHD3,red
CHCHD5,red
CHD1L,red
CHID1,red
CHMP1A,red
CHODL,red
CHRAC1,red
CHRNA7,red
CHST11,red
CINP,red
CLDN10,red
CLIP2,red
CLK1,red
CLN6,red
CLPB,red
CMAS,red
CMTM3,red
CMTM6,red
CMTM8,red
CMYA5,red
CNDP1,red
CNN1,red
CNOT8,red
CNP,red
CNRIP1,red
CNTNAP1,red
CNTNAP2,red
CNTNAP5,red
COL11A2,red
COL23A1,red
COL9A3,red
COMMD1,red
COMMD3,red
COMMD6,red
COMMD9,red
CORO1B,red
COX19,red
COX7B2,red
CPEB3,red
CPEB4,red
CPM,red
CPOX,red
CREBBP,red
CRP,red
CRYM,red
CSE1L,red
CSGALNACT1,red
CSGALNACT2,red
CSMD1,red
CSMD2,red
CSMD3,red
CSNK1G1,red
CSNK1G2,red
CTBS,red
CTCF,red
CTNND2,red
CTSC,red
CTSF,red
CTSO,red
CUEDC2,red
CUL1,red
CUL2,red
CUL4A,red
CUX1,red
CWF19L1,red
CWF19L2,red
CXCR1,red
CXXC1,red
CYB5D1,red
CYB5R3,red
CYFIP1,red
CYP17A1,red
CYP27A1,red
CYP51A1,red
DAD1,red
DAG1,red
DAGLB,red
DAK,red
DAP,red
DAXX,red
DBNL,red
DCAF5,red
DCUN1D2,red
DDX18,red
DDX20,red
DDX39,red
DDX60,red
DENND2A,red
DEPDC1,red
DERL2,red
DES,red
DFFB,red
DHCR7,red
DHX16,red
DHX32,red
DHX37,red
DHX58,red
DHX8,red
DIDO1,red
DIP2A,red
DIP2C,red
DLGAP1,red
DLGAP3,red
DMTF1,red
DNAH12,red
DNAH17,red
DNAH2,red
DNAJC12,red
DNALI1,red
DOC2A,red
DOCK1,red
DPP6,red
DPYS,red
DRG1,red
DSC1,red
DSEL,red
DST,red
DTNA,red
DUSP1,red
DUSP26,red
DUT,red
E2F6,red
E2F8,red
EBF1,red
EBF3,red
ECSIT,red
EDEM2,red
EDEM3,red
EDIL3,red
EDNRB,red
EEF2,red
EFCAB5,red
EFHA2,red
EFNA1,red
EFNA4,red
EFR3A,red
EHBP1,red
EHD1,red
EHD4,red
EHMT1,red
EHMT2,red
EIF2B5,red
EIF2C2,red
EIF3D,red
EIF3M,red
EIF4ENIF1,red
ELF2,red
ELK4,red
ELMOD3,red
ELN,red
ELOVL7,red
EML3,red
EPB41L2,red
EPB49,red
EPC1,red
EPHA1,red
EPHA8,red
EPHX1,red
EPHX4,red
EPPK1,red
ERC2,red
ERCC2,red
ERGIC3,red
ERI3,red
ERICH1,red
ESPL1,red
ESRRA,red
ETV3,red
EXD3,red
EXOSC10,red
EXOSC5,red
EXT1,red
EXT2,red
EYA4,red
F2,red
FAM100A,red
FAM101A,red
FAM129A,red
FAM129B,red
FAM12A,red
FAM150A,red
FAM155A,red
FAM163A,red
FAM169A,red
FAM171A1,red
FAM171A2,red
FAM174A,red
FAM178A,red
FAM185A,red
FAM189A1,red
FAM196A,red
FAM38A,red
FAM71B,red
FAM73A,red
FAM78B,red
FAM82B,red
FAM83A,red
FAM83E,red
FANCC,red
FAR1,red
FARP2,red
FBN3,red
FBXL19,red
FBXL3,red
FBXL5,red
FBXO17,red
FBXO22OS,red
FBXO32,red
FBXO34,red
FBXO7,red
FBXW7,red
FCHO1,red
FCHSD2,red
FCRLB,red
FGF14,red
FGF18,red
FHIT,red
FIGLA,red
FKBP8,red
FLCN,red
FLJ23834,red
FLJ25363,red
FLJ35220,red
FLJ35776,red
FLJ40434,red
FLJ42709,red
FLJ44606,red
FLNB,red
FLT4,red
FN3K,red
FNDC3B,red
FOXB2,red
FOXC2,red
FOXF1,red
FOXI3,red
FOXN2,red
FOXP1,red
FOXR1,red
FRMD1,red
FRMD5,red
FYTTD1,red
FZD1,red
FZR1,red
GAB1,red
GABARAPL2,red
GABARAPL3,red
GABBR1,red
GABRA5,red
GALK1,red
GALM,red
GALNT14,red
GALNT2,red
GALNT9,red
GAN,red
GATM,red
GBAP1,red
GCC1,red
GDAP1,red
GDNF,red
GFPT2,red
GHR,red
GIPC1,red
GLDN,red
GLG1,red
GLI3,red
GLIPR1L1,red
GLRA1,red
GLRX2,red
GLS,red
GLTSCR1,red
GMCL1,red
GMDS,red
GNA12,red
GNA13,red
GNAL,red
GNB1L,red
GNB2L1,red
GNG13,red
GNGT1,red
GNL1,red
GNMT,red
GOLGA2L1,red
GOLGA3,red
GOLGA4,red
GOT2,red
GPD2,red
GPN1,red
GPR126,red
GPR133,red
GPR160,red
GPR172B,red
GPR177,red
GPR83,red
GPSM1,red
GRB14,red
GRB2,red
GRHL1,red
GRIK5,red
GRINA,red
GRIP2,red
GRWD1,red
GSG1,red
GSTA3,red
GTF2A1,red
GTF2A2,red
GTF2F1,red
GTF2H3,red
GTF2H5,red
GTF2IRD1,red
GTF3C3,red
GTF3C6,red
GUCY2C,red
HAGH,red
HAGHL,red
HAS2,red
HAS3,red
HCCA2,red
HCFC1R1,red
HCG22,red
HCG27,red
HDAC4,red
HDLBP,red
HEATR4,red
HEATR6,red
HEG1,red
HERC2,red
HERC3,red
HES2,red
HEXIM1,red
HFM1,red
HGC6.3,red
HIC2,red
HIST1H2BE,red
HIST1H4A,red
HIST1H4G,red
HIST1H4H,red
HK1,red
HLA-DPB2,red
HLA-DQA2,red
HLCS,red
HMGA2,red
HMGCL,red
HMGCR,red
HNRNPR,red
HNRNPUL1,red
HOMER3,red
HORMAD1,red
HOXA3,red
HOXA4,red
HOXC13,red
HOXC4,red
HOXC9,red
HPS3,red
HPSE2,red
HRNBP3,red
HSD11B1L,red
HSF2BP,red
HSPA1B,red
HSPD1,red
HTR7P,red
IDI1,red
IER2,red
IFIT5,red
IFNAR2,red
IFT140,red
IGSF5,red
IL15,red
IL20,red
IMMP1L,red
IMMP2L,red
IMPA1,red
IMPACT,red
IMPDH1,red
ING1,red
ING4,red
ING5,red
INO80,red
INTS3,red
INTS7,red
IP6K1,red
IPO11,red
IQCE,red
IRF2,red
ISCU,red
ISY1,red
ITFG3,red
ITGAX,red
ITPRIP,red
ITSN1,red
JAZF1,red
JMY,red
JPH3,red
KARS,red
KCNA10,red
KCNC1,red
KCNG2,red
KCNH8,red
KCNIP4,red
KCNJ9,red
KCNK3,red
KCNMA1,red
KCNQ4,red
KCNU1,red
KCTD8,red
KHDRBS2,red
KIAA0317,red
KIAA0495,red
KIAA0649,red
KIAA0664,red
KIAA0776,red
KIAA0802,red
KIAA0947,red
KIAA1033,red
KIAA1191,red
KIAA1211,red
KIAA1432,red
KIAA1522,red
KIAA1967,red
KIDINS220,red
KIF1A,red
KIF2B,red
KIF2C,red
KLF3,red
KLHL29,red
KRAS,red
KRR1,red
KRT75,red
KRT83,red
KRTAP13-2,red
KRTAP4-8,red
KTN1,red
L3MBTL3,red
LAMA2,red
LANCL2,red
LARP7,red
LASS6,red
LATS1,red
LBH,red
LCE1A,red
LCOR,red
LDLR,red
LDLRAD3,red
LEPR,red
LGALS7B,red
LGI3,red
LGMN,red
LIMD2,red
LIMS2,red
LITAF,red
LLGL2,red
LMBRD1,red
LMCD1,red
LMF1,red
LMLN,red
LMOD1,red
LMTK2,red
LNPEP,red
LNX1,red
LOC100128542,red
LOC100134713,red
LOC100272146,red
LOC100287216,red
LOC219347,red
LOC256880,red
LOC283392,red
LOC284661,red
LOC285696,red
LOC285830,red
LOC389333,red
LOC400027,red
LOC400940,red
LOC401431,red
LOC441666,red
LOC642597,red
LOC642846,red
LOC646762,red
LOC646851,red
LOC729668,red
LOC90784,red
LOC93622,red
LPAR2,red
LPAR6,red
LPCAT1,red
LPXN,red
LQK1,red
LRCH4,red
LRP12,red
LRP1B,red
LRP5,red
LRRC14,red
LRRC16A,red
LRRC20,red
LRRC3B,red
LRRC49,red
LRRC8D,red
LRRFIP2,red
LRRK1,red
LRRN2,red
LSM5,red
LTV1,red
LUZP2,red
LVRN,red
LY75,red
LYPLA1,red
LYPLAL1,red
MACROD1,red
MAD1L1,red
MAFK,red
MAGI1,red
MAGI2,red
MAGOHB,red
MALT1,red
MAML2,red
MAML3,red
MAP3K9,red
MAPKAPK2,red
MAPRE2,red
MAPT,red
MARCH1,red
MARCH2,red
MARCH3,red
MARCKS,red
MARK2,red
MASP1,red
MAST3,red
MAVS,red
MCART2,red
MCF2L,red
MCHR1,red
MDH1,red
MDM2,red
MECOM,red
MED12L,red
MED25,red
MED30,red
MEF2A,red
MEF2C,red
MESDC1,red
METAP2,red
METT10D,red
MEX3A,red
MEX3D,red
MGAT1,red
MGAT5B,red
MGC15885,red
MGC2889,red
MGC72080,red
MGLL,red
MGMT,red
MGRN1,red
MICALL2,red
MICB,red
MIER2,red
MINK1,red
MIR1185-1,red
MIR1289-2,red
MIR129-2,red
MIR492,red
MIR521-2,red
MIR548H3,red
MITF,red
MIXL1,red
MLF2,red
MLKL,red
MLLT10,red
MLLT3,red
MLX,red
MMP19,red
MOBKL3,red
MOCS1,red
MORC3,red
MORF4L1,red
MORN1,red
MOSC1,red
MRPL22,red
MRPL3,red
MRPL54,red
MRPS14,red
MRPS18B,red
MRPS26,red
MRPS28,red
MRPS33,red
MRTO4,red
MSH2,red
MSRA,red
MSTO2P,red
MT1B,red
MTCH2,red
MTERFD2,red
MTERFD3,red
MTF1,red
MTHFD1,red
MTHFS,red
MTMR6,red
MTSS1,red
MUC2,red
MUL1,red
MXD4,red
MYB,red
MYCL1,red
MYH11,red
MYL12B,red
MYO10,red
MYO1C,red
MYOF,red
MYOM2,red
MYT1L,red
N4BP2,red
N4BP2L2,red
NAALADL2,red
NAP1L4,red
NAT10,red
NAT15,red
NAT2,red
NAT9,red
NAV2,red
NBR1,red
NCAPD2,red
NCOA1,red
NCOA4,red
NCOR2,red
NCRNA00081,red
NCRNA00171,red
NCRNA00174,red
NCRNA00188,red
NDEL1,red
NDST4,red
NDUFAB1,red
NDUFB10,red
NDUFB3,red
NDUFB6,red
NDUFS4,red
NDUFS7,red
NEBL,red
NEK7,red
NEXN,red
NFATC1,red
NFATC2IP,red
NFE2,red
NFIA,red
NFIX,red
NFKBIZ,red
NGRN,red
NINJ1,red
NKX6-2,red
NLRC4,red
NLRC5,red
NLRP3,red
NME4,red
NMNAT2,red
NOL12,red
NPAS2,red
NPM1,red
NPR2,red
NPTX2,red
NR1H3,red
NR3C2,red
NR5A1,red
NRD1,red
NRP1,red
NRP2,red
NRSN2,red
NRXN1,red
NRXN2,red
NTF3,red
NUCKS1,red
NUDT16L1,red
NUDT22,red
NUP107,red
NUP133,red
NUP205,red
NUP214,red
NUP35,red
NVL,red
NXN,red
OAZ2,red
ODZ4,red
OGFR,red
OLR1,red
OOEP,red
OPCML,red
OR2B11,red
OR2V2,red
OR4A15,red
OR4F15,red
OR5D13,red
ORAI3,red
OSBPL5,red
OSMR,red
OTOP2,red
OTUD4,red
OXSR1,red
P2RX5,red
PAG1,red
PAIP2B,red
PAK2,red
PALLD,red
PANK1,red
PARK7,red
PARS2,red
PARVB,red
PAX3,red
PCBP1,red
PCCA,red
PCDH10,red
PCDH8,red
PCDHB1,red
PCDHB16,red
PCMT1,red
PCMTD1,red
PCNT,red
PCNX,red
PCNXL2,red
PCNXL3,red
PCYT2,red
PDE2A,red
PDE4D,red
PDIA4,red
PDPK1,red
PDX1,red
PELI1,red
PENK,red
PEX14,red
PF4,red
PFN4,red
PGAM1,red
PGGT1B,red
PGM1,red
PGP,red
PGPEP1,red
PGS1,red
PHF14,red
PHF17,red
PHF21B,red
PHYHIP,red
PIK3C2G,red
PILRB,red
PIP5K1A,red
PIP5K1C,red
PITPNC1,red
PITX1,red
PITX2,red
PKHD1,red
PLA2G12A,red
PLA2G7,red
PLAC2,red
PLEKHB2,red
PLEKHH3,red
PLK3,red
PLK4,red
PLOD2,red
PLOD3,red
PLXDC2,red
PLXNA2,red
PMM1,red
PMS1,red
PNLDC1,red
PNLIP,red
PNLIPRP2,red
PNPLA6,red
POLA2,red
POLDIP3,red
POLE2,red
POLH,red
POLS,red
POT1,red
POU3F1,red
PPDPF,red
PPFIA3,red
PPHLN1,red
PPP1R15B,red
PPP1R8,red
PPP3R1,red
PPPDE1,red
PPPDE2,red
PPT2,red
PPY,red
PRAGMIN,red
PRDM11,red
PRDM12,red
PRDM15,red
PRDM16,red
PRELID2,red
PREP,red
PRKAG2,red
PRKAR1B,red
PRKCA,red
PRKCZ,red
PRKD1,red
PRKRA,red
PRMT10,red
PRMT7,red
PROC,red
PRPF3,red
PRPF31,red
PRR23C,red
PRR5-ARHGAP8,red
PRSS42,red
PSMB1,red
PSORS1C1,red
PTBP1,red
PTCH1,red
PTEN,red
PTK2B,red
PTP4A1,red
PTPMT1,red
PTPN12,red
PTPN14,red
PTPRK,red
PTPRN2,red
PTPRS,red
PTPRZ1,red
PUS10,red
PUS3,red
PWWP2B,red
PXMP2,red
PYCR1,red
PYGM,red
QTRT1,red
R3HDM2,red
RAB11FIP3,red
RAB18,red
RAB1A,red
RAB27A,red
RAB28,red
RAB2B,red
RAB31,red
RAB35,red
RAB37,red
RAB40C,red
RABGAP1L,red
RACGAP1,red
RAD52,red
RADIL,red
RAG1AP1,red
RAGE,red
RAI14,red
RALBP1,red
RALY,red
RAMP1,red
RANGAP1,red
RASA2,red
RASA3,red
RASAL3,red
RASGEF1C,red
RASSF1,red
RASSF5,red
RBM11,red
RBM24,red
RBM33,red
RBM39,red
RBP3,red
RBPMS,red
REEP3,red
REG3G,red
RFC2,red
RFC3,red
RFPL3,red
RFWD3,red
RGL2,red
RGPD3,red
RGS12,red
RGS20,red
RGS6,red
RGS7,red
RHOJ,red
RIC8B,red
RLTPR,red
RNASEH1,red
RNASEH2B,red
RNF11,red
RNF125,red
RNF146,red
RNF169,red
RNF6,red
RNFT2,red
RNPEPL1,red
ROBO1,red
ROCK1,red
ROR2,red
RPH3AL,red
RPL34,red
RPL37,red
RPRD1A,red
RPS27A,red
RPS5,red
RPS6KA5,red
RPTOR,red
RPUSD2,red
RRBP1,red
RRM1,red
RRS1,red
RSPH9,red
RTCD1,red
RTN2,red
RUFY1,red
RUSC1,red
RYR1,red
S100A11,red
S100A13,red
S100PBP,red
SAMD12,red
SAMD13,red
SAMD14,red
SAMD5,red
SBNO2,red
SCAMP4,red
SCAMP5,red
SCARA3,red
SCARB2,red
SCARF1,red
SCFD2,red
SCN8A,red
SCPEP1,red
SCTR,red
SDC2,red
SDHAP3,red
SDK1,red
SDK2,red
SEH1L,red
SELL,red
SELT,red
SEMA3C,red
SEMA7A,red
SEPT2,red
SERINC5,red
SERPINB12,red
SESN2,red
SETBP1,red
SETD3,red
SETD4,red
SEZ6L,red
SF3A3,red
SFI1,red
SFMBT1,red
SFRP1,red
SFRS11,red
SFRS4,red
SFRS5,red
SFRS6,red
SFRS7,red
SFT2D2,red
SGK269,red
SH3GL1,red
SH3PXD2A,red
SHANK2,red
SHC1,red
SHC2,red
SIDT1,red
SIK1,red
SIPA1L1,red
SLC16A9,red
SLC17A1,red
SLC25A2,red
SLC26A4,red
SLC27A1,red
SLC2A14,red
SLC2A3,red
SLC30A9,red
SLC35B1,red
SLC35C1,red
SLC35D1,red
SLC35F3,red
SLC38A10,red
SLC43A2,red
SLC45A4,red
SLC47A1,red
SLC6A16,red
SLC6A17,red
SLC6A19,red
SLC6A2,red
SLC6A3,red
SLC7A9,red
SLCO2A1,red
SLCO3A1,red
SLCO5A1,red
SLCO6A1,red
SLFN12,red
SLFN5,red
SLIT1,red
SLIT3,red
SLITRK5,red
SMAD4,red
SMARCA4,red
SMARCA5,red
SMC3,red
SMEK2,red
SMG6,red
SMOC2,red
SMTN,red
SMYD2,red
SMYD3,red
SNAP47,red
SNIP1,red
SNORD114-15,red
SNORD115-1,red
SNORD17,red
SNORD27,red
SNORD45C,red
SNORD54,red
SNORD92,red
SOLH,red
SORD,red
SOS1,red
SOX18,red
SOX4,red
SOX5,red
SPAG1,red
SPATA2,red
SPATA2L,red
SPEN,red
SPG20,red
SPG21,red
SPG7,red
SPOCK3,red
SPPL2A,red
SPRED2,red
SPRR2C,red
SPRY1,red
SPRY4,red
SPRYD4,red
SPTBN1,red
SPTBN2,red
SRFBP1,red
SRGAP2,red
SRGAP3,red
SRP14,red
SRRM3,red
SSBP2,red
SSH1,red
SSH2,red
SSTR2,red
ST5,red
ST6GALNAC3,red
ST7,red
STARD7,red
STAT3,red
STEAP4,red
STIM2,red
STK17A,red
STK32C,red
STRAP,red
SUB1,red
SUPT4H1,red
SV2B,red
SWAP70,red
SYNE1,red
SYT14,red
SYT8,red
SYTL3,red
TACC2,red
TAF13,red
TAF1B,red
TAF4,red
TANC2,red
TAP1,red
TAP2,red
TAS1R1,red
TBC1D12,red
TBC1D15,red
TBC1D16,red
TBC1D17,red
TBC1D4,red
TBC1D5,red
TBCD,red
TCF12,red
TCF7L1,red
TCF7L2,red
TCHH,red
TEAD1,red
TES,red
TET3,red
TEX12,red
TFDP1,red
TGFB1,red
THOP1,red
THRAP3,red
TIGD3,red
TIMP2,red
TIRAP,red
TKT,red
TLN2,red
TM2D3,red
TMCO3,red
TMCO7,red
TMED8,red
TMEM101,red
TMEM102,red
TMEM120A,red
TMEM126A,red
TMEM134,red
TMEM138,red
TMEM154,red
TMEM170B,red
TMEM175,red
TMEM177,red
TMEM179B,red
TMEM217,red
TMEM229A,red
TMEM229B,red
TMEM5,red
TMEM57,red
TMEM62,red
TMEM79,red
TMEM86B,red
TMEM9,red
TMEM97,red
TMF1,red
TNFAIP8,red
TNFRSF13B,red
TNNT3,red
TNPO1,red
TNS3,red
TNXB,red
TOMM70A,red
TOX2,red
TOX3,red
TP53,red
TP53BP2,red
TPCN2,red
TPM4,red
TPMT,red
TPRA1,red
TPRG1L,red
TRAF5,red
TRAPPC5,red
TRERF1,red
TRIM24,red
TRIM27,red
TRIM61,red
TRIM65,red
TRIO,red
TRPV1,red
TRPV3,red
TRRAP,red
TSG101,red
TSHR,red
TSN,red
TSNARE1,red
TSNAX-DISC1,red
TSPAN4,red
TSPAN5,red
TSPYL5,red
TSSC1,red
TSSK1B,red
TTC1,red
TTLL2,red
TTLL3,red
TTPAL,red
TTYH3,red
TUBB,red
TUBGCP2,red
TUBGCP3,red
TULP3,red
TWSG1,red
TXLNB,red
TXNDC12,red
UBA3,red
UBAP2,red
UBE2CBP,red
UBE2F,red
UBE2G1,red
UBN1,red
UBOX5,red
UBXN6,red
UBXN7,red
UBXN8,red
UCHL3,red
UCKL1AS,red
UGDH,red
UGGT1,red
UGP2,red
UGT1A10,red
UIMC1,red
ULK4,red
UPK3A,red
UPK3B,red
USP22,red
USP36,red
USP4,red
USP42,red
USP43,red
USP45,red
USP48,red
USP7,red
UST,red
UTP3,red
UTP6,red
VAMP1,red
VANGL1,red
VAPA,red
VARS,red
VAX1,red
VCPIP1,red
VEGFB,red
VEPH1,red
VKORC1L1,red
VPS13D,red
VPS26B,red
VPS37A,red
VPS4B,red
VPS53,red
VPS54,red
VPS72,red
VRK3,red
VSNL1,red
VTI1A,red
VWF,red
WASF1,red
WASL,red
WBP4,red
WBSCR27,red
WDR16,red
WDR27,red
WDR47,red
WDR59,red
WDR62,red
WDR70,red
WDR75,red
WEE1,red
WFDC3,red
WNK1,red
WNT3A,red
WNT5B,red
WSB1,red
WTAP,red
WWC1,red
XCL2,red
XPNPEP3,red
YIPF5,red
YLPM1,red
YME1L1,red
YWHAB,red
YWHAE,red
YY1AP1,red
ZAP70,red
ZBED4,red
ZBTB10,red
ZBTB12,red
ZBTB24,red
ZBTB46,red
ZBTB47,red
ZC3H15,red
ZC3H6,red
ZCCHC14,red
ZCCHC2,red
ZDBF2,red
ZDHHC14,red
ZDHHC16,red
ZFAT,red
ZFHX3,red
ZFP161,red
ZFP64,red
ZFPM2,red
ZFR2,red
ZFYVE19,red
ZMYND11,red
ZMYND17,red
ZNF10,red
ZNF117,red
ZNF136,red
ZNF140,red
ZNF142,red
ZNF197,red
ZNF207,red
ZNF225,red
ZNF238,red
ZNF253,red
ZNF256,red
ZNF271,red
ZNF277,red
ZNF322A,red
ZNF331,red
ZNF343,red
ZNF394,red
ZNF395,red
ZNF397,red
ZNF418,red
ZNF426,red
ZNF44,red
ZNF445,red
ZNF461,red
ZNF487,red
ZNF498,red
ZNF528,red
ZNF540,red
ZNF543,red
ZNF559,red
ZNF573,red
ZNF576,red
ZNF578,red
ZNF620,red
ZNF662,red
ZNF691,red
ZNF71,red
ZNF710,red
ZNF76,red
ZNF773,red
ZNF828,red
ZNF837,red
ZNHIT3,red
ZNRF4,red
ZPBP,red
ZSCAN1,red
ZSCAN16,red
ZSWIM5,red
ZXDC,red
ZZEF1,red
AADAT,royalblue
ABCA1,royalblue
ABCC4,royalblue
ABHD11,royalblue
ABTB2,royalblue
ACAA1,royalblue
ACAD9,royalblue
ACAP1,royalblue
ACAP2,royalblue
ACAP3,royalblue
ACBD7,royalblue
ACHE,royalblue
ACO1,royalblue
ACSF3,royalblue
ACTN1,royalblue
ACTR3C,royalblue
ACTR8,royalblue
ACVR1,royalblue
ACVR2A,royalblue
ACY1,royalblue
ADAMTS16,royalblue
ADAMTS6,royalblue
ADAMTS9,royalblue
ADAMTSL3,royalblue
ADARB2,royalblue
ADCK2,royalblue
ADCK4,royalblue
ADCK5,royalblue
ADCY2,royalblue
ADD1,royalblue
ADH6,royalblue
ADK,royalblue
ADM,royalblue
ADNP2,royalblue
ADORA2B,royalblue
ADRA1A,royalblue
AES,royalblue
AFAP1,royalblue
AFG3L1,royalblue
AGAP3,royalblue
AGBL5,royalblue
AGGF1,royalblue
AGMAT,royalblue
AGPAT1,royalblue
AGPAT6,royalblue
AGRN,royalblue
AHCY,royalblue
AHCYL2,royalblue
AIFM2,royalblue
AK3L1,royalblue
AKAP2,royalblue
AKAP9,royalblue
AKNA,royalblue
AKR1C2,royalblue
AKT2,royalblue
ALB,royalblue
ALDH2,royalblue
ALG14,royalblue
ALG8,royalblue
ALKBH2,royalblue
ALKBH7,royalblue
ALPL,royalblue
AMBRA1,royalblue
AMOTL1,royalblue
AMPD2,royalblue
ANAPC7,royalblue
ANGPT4,royalblue
ANK1,royalblue
ANKAR,royalblue
ANKFY1,royalblue
ANKLE1,royalblue
ANKRD1,royalblue
ANKRD11,royalblue
ANKRD26,royalblue
ANKRD27,royalblue
ANKRD28,royalblue
ANO10,royalblue
ANO4,royalblue
ANO6,royalblue
ANP32E,royalblue
ANTXR1,royalblue
ANTXRL,royalblue
ANXA1,royalblue
ANXA3,royalblue
AP1B1,royalblue
AP1G1,royalblue
AP4E1,royalblue
APITD1,royalblue
APOLD1,royalblue
APRT,royalblue
AQP8,royalblue
ARAP2,royalblue
ARF5,royalblue
ARFGEF1,royalblue
ARHGAP10,royalblue
ARHGAP21,royalblue
ARHGAP26,royalblue
ARHGAP28,royalblue
ARHGEF10,royalblue
ARHGEF18,royalblue
ARHGEF3,royalblue
ARHGEF7,royalblue
ARID1B,royalblue
ARIH2,royalblue
ARL13B,royalblue
ARL15,royalblue
ARL6IP5,royalblue
ARL8B,royalblue
ARPC1B,royalblue
ARPC5L,royalblue
ARRDC3,royalblue
ARSG,royalblue
ASAP1,royalblue
ASB18,royalblue
ASCC3,royalblue
ASH2L,royalblue
ASPH,royalblue
ASS1,royalblue
ATAD5,royalblue
ATF3,royalblue
ATIC,royalblue
ATN1,royalblue
ATOH7,royalblue
ATP11A,royalblue
ATP11B,royalblue
ATP13A5,royalblue
ATP6V0E2,royalblue
ATP6V1A,royalblue
ATP6V1E2,royalblue
ATP6V1H,royalblue
ATP8A1,royalblue
ATP8B2,royalblue
ATP9B,royalblue
ATPBD4,royalblue
ATRN,royalblue
ATXN1,royalblue
ATXN10,royalblue
ATXN2,royalblue
AURKA,royalblue
AUTS2,royalblue
AVEN,royalblue
B4GALT7,royalblue
BANP,royalblue
BASP1,royalblue
BAT2,royalblue
BAT5,royalblue
BAZ2A,royalblue
BBS5,royalblue
BBX,royalblue
BCAR3,royalblue
BCCIP,royalblue
BCL11B,royalblue
BCL2,royalblue
BCL6,royalblue
BDNF,royalblue
BEND3,royalblue
BEND6,royalblue
BEST1,royalblue
BET1,royalblue
BLCAP,royalblue
BMF,royalblue
BOLL,royalblue
BRD2,royalblue
BRF1,royalblue
BRMS1,royalblue
BRUNOL4,royalblue
BTAF1,royalblue
BTBD7,royalblue
BTBD9,royalblue
BTLA,royalblue
BTNL2,royalblue
BTRC,royalblue
BZRAP1,royalblue
BZW2,royalblue
C10ORF105,royalblue
C10ORF118,royalblue
C10ORF12,royalblue
C10ORF26,royalblue
C11ORF57,royalblue
C12ORF48,royalblue
C12ORF54,royalblue
C13ORF30,royalblue
C13ORF31,royalblue
C13ORF38,royalblue
C13ORF39,royalblue
C14ORF101,royalblue
C14ORF182,royalblue
C14ORF64,royalblue
C15ORF39,royalblue
C16ORF45,royalblue
C16ORF87,royalblue
C17ORF108,royalblue
C17ORF69,royalblue
C17ORF70,royalblue
C17ORF80,royalblue
C17ORF82,royalblue
C19ORF26,royalblue
C19ORF61,royalblue
C1ORF109,royalblue
C1ORF128,royalblue
C1ORF168,royalblue
C1ORF212,royalblue
C1ORF213,royalblue
C1ORF77,royalblue
C20ORF43,royalblue
C22ORF13,royalblue
C22ORF45,royalblue
C2CD3,royalblue
C2ORF53,royalblue
C2ORF65,royalblue
C2ORF89,royalblue
C3ORF10,royalblue
C3ORF21,royalblue
C3ORF26,royalblue
C3ORF57,royalblue
C3ORF63,royalblue
C4ORF11,royalblue
C4ORF33,royalblue
C4ORF34,royalblue
C4ORF41,royalblue
C4ORF51,royalblue
C5ORF25,royalblue
C5ORF35,royalblue
C5ORF41,royalblue
C5ORF62,royalblue
C6ORF10,royalblue
C6ORF106,royalblue
C6ORF118,royalblue
C6ORF120,royalblue
C6ORF130,royalblue
C6ORF164,royalblue
C6ORF170,royalblue
C6ORF174,royalblue
C6ORF97,royalblue
C7ORF38,royalblue
C7ORF59,royalblue
C8ORF41,royalblue
C8ORF59,royalblue
CA13,royalblue
CACNA1A,royalblue
CACNA1B,royalblue
CACNA2D1,royalblue
CACNB2,royalblue
CAD,royalblue
CADM2,royalblue
CADPS2,royalblue
CALB1,royalblue
CALM2,royalblue
CALU,royalblue
CAMSAP1,royalblue
CAMTA1,royalblue
CARS,royalblue
CARS2,royalblue
CASC4,royalblue
CAST,royalblue
CATSPERG,royalblue
CBLN2,royalblue
CBX8,royalblue
CC2D2A,royalblue
CCDC109A,royalblue
CCDC124,royalblue
CCDC129,royalblue
CCDC141,royalblue
CCDC148,royalblue
CCDC163P,royalblue
CCDC30,royalblue
CCDC40,royalblue
CCDC41,royalblue
CCDC82,royalblue
CCDC87,royalblue
CCDC90A,royalblue
CCL5,royalblue
CCND3,royalblue
CCPG1,royalblue
CCT4,royalblue
CD164L2,royalblue
CD34,royalblue
CD44,royalblue
CD55,royalblue
CD59,royalblue
CD83,royalblue
CD97,royalblue
CDC5L,royalblue
CDC6,royalblue
CDCA2,royalblue
CDCA8,royalblue
CDH6,royalblue
CDH8,royalblue
CDK11B,royalblue
CDK19,royalblue
CDK2,royalblue
CDK5R2,royalblue
CDKAL1,royalblue
CDKN1B,royalblue
CDKN1C,royalblue
CDKN2AIP,royalblue
CDKN3,royalblue
CDYL,royalblue
CELSR1,royalblue
CENPF,royalblue
CENPT,royalblue
CEP152,royalblue
CEPT1,royalblue
CES7,royalblue
CFL2,royalblue
CHCHD3,royalblue
CHCHD4,royalblue
CHD7,royalblue
CHFR,royalblue
CHL1,royalblue
CHN1,royalblue
CHORDC1,royalblue
CHPF2,royalblue
CHRAC1,royalblue
CHRNB2,royalblue
CHST13,royalblue
CKMT1B,royalblue
CLASP2,royalblue
CLCA1,royalblue
CLDN12,royalblue
CLEC16A,royalblue
CLEC1A,royalblue
CLEC9A,royalblue
CLN6,royalblue
CNBD1,royalblue
CNDP2,royalblue
CNIH3,royalblue
CNIH4,royalblue
CNTN1,royalblue
CNTN3,royalblue
COBL,royalblue
COBLL1,royalblue
COL11A2,royalblue
COL12A1,royalblue
COL29A1,royalblue
COL5A3,royalblue
COLEC11,royalblue
COMMD3,royalblue
COX7A2,royalblue
CPD,royalblue
CPEB4,royalblue
CPSF7,royalblue
CREB5,royalblue
CREBBP,royalblue
CREM,royalblue
CRTAC1,royalblue
CRYGN,royalblue
CSGALNACT2,royalblue
CSMD3,royalblue
CSNK1A1P,royalblue
CSNK1G2,royalblue
CSNK2A2,royalblue
CSTF1,royalblue
CTDSP2,royalblue
CTDSPL2,royalblue
CTNNA2,royalblue
CTNNBIP1,royalblue
CTSE,royalblue
CUL1,royalblue
CUL3,royalblue
CUL5,royalblue
CWF19L2,royalblue
CXCL12,royalblue
CYB5R4,royalblue
CYFIP1,royalblue
CYP1B1,royalblue
CYP24A1,royalblue
CYP27A1,royalblue
CYP2D6,royalblue
CYTH2,royalblue
CYYR1,royalblue
D4S234E,royalblue
DAAM2,royalblue
DAB1,royalblue
DAPK1,royalblue
DAPK3,royalblue
DAPL1,royalblue
DAXX,royalblue
DCC,royalblue
DCP1B,royalblue
DCTN2,royalblue
DCUN1D2,royalblue
DDAH2,royalblue
DDHD2,royalblue
DDX10,royalblue
DDX11,royalblue
DDX25,royalblue
DDX46,royalblue
DDX5,royalblue
DDX60,royalblue
DEDD,royalblue
DEFB127,royalblue
DEFB132,royalblue
DEFB136,royalblue
DENND4C,royalblue
DFNA5,royalblue
DGCR14,royalblue
DGKB,royalblue
DGKH,royalblue
DIAPH3,royalblue
DIP2C,royalblue
DKFZP434H168,royalblue
DKFZP761E198,royalblue
DKK3,royalblue
DKK4,royalblue
DLEU2,royalblue
DLGAP2,royalblue
DLK1,royalblue
DLX6AS,royalblue
DMC1,royalblue
DMRTA2,royalblue
DMXL1,royalblue
DNAH14,royalblue
DNAJB6,royalblue
DNAJB9,royalblue
DNAJC21,royalblue
DNAJC6,royalblue
DNM1,royalblue
DNM1L,royalblue
DNMBP,royalblue
DOCK1,royalblue
DOPEY1,royalblue
DPM1,royalblue
DPM3,royalblue
DPP10,royalblue
DPP6,royalblue
DPP8,royalblue
DPYSL5,royalblue
DRGX,royalblue
DSCAM,royalblue
DSCAML1,royalblue
DSE,royalblue
DSTYK,royalblue
DTWD2,royalblue
DTX1,royalblue
DUPD1,royalblue
DUS3L,royalblue
DUSP1,royalblue
DUSP14,royalblue
DYNC1H1,royalblue
DYNC1LI2,royalblue
DYNC2H1,royalblue
DZIP1,royalblue
E2F3,royalblue
EBAG9,royalblue
EBF3,royalblue
ECHDC2,royalblue
EDC3,royalblue
EDN1,royalblue
EED,royalblue
EFCAB4B,royalblue
EFCAB5,royalblue
EFHA2,royalblue
EFHC1,royalblue
EFHD1,royalblue
EGF,royalblue
EGFR,royalblue
EGLN3,royalblue
EHBP1,royalblue
EHMT1,royalblue
EID2B,royalblue
EIF1,royalblue
EIF2AK2,royalblue
EIF2AK4,royalblue
EIF3B,royalblue
EIF3L,royalblue
EIF3M,royalblue
EIF4A3,royalblue
ELFN1,royalblue
ELK3,royalblue
ELMO1,royalblue
ELOVL5,royalblue
ENKUR,royalblue
EPS8,royalblue
ERBB4,royalblue
ERC1,royalblue
ERGIC1,royalblue
ERO1LB,royalblue
ESCO2,royalblue
ESR1,royalblue
ESRP1,royalblue
ESYT2,royalblue
ETV4,royalblue
EVC2,royalblue
EXOC2,royalblue
EXOC3,royalblue
EXOC4,royalblue
EXT1,royalblue
EYA4,royalblue
F13A1,royalblue
FAF1,royalblue
FAM100A,royalblue
FAM108A1,royalblue
FAM110A,royalblue
FAM111B,royalblue
FAM117A,royalblue
FAM117B,royalblue
FAM129A,royalblue
FAM129B,royalblue
FAM149A,royalblue
FAM149B1,royalblue
FAM150A,royalblue
FAM164A,royalblue
FAM167A,royalblue
FAM171A1,royalblue
FAM172A,royalblue
FAM173B,royalblue
FAM177B,royalblue
FAM189B,royalblue
FAM193B,royalblue
FAM19A2,royalblue
FAM24B,royalblue
FAM38B,royalblue
FAM3C,royalblue
FAM83H,royalblue
FANCF,royalblue
FAR1,royalblue
FARP1,royalblue
FBXO21,royalblue
FBXO22,royalblue
FBXO24,royalblue
FBXO38,royalblue
FCHSD1,royalblue
FCRL6,royalblue
FDFT1,royalblue
FDXR,royalblue
FECH,royalblue
FERMT2,royalblue
FGD4,royalblue
FGD5,royalblue
FGF1,royalblue
FGF12,royalblue
FGFR1OP2,royalblue
FIGN,royalblue
FIS1,royalblue
FKBP1B,royalblue
FLJ13197,royalblue
FLJ23834,royalblue
FLJ31306,royalblue
FLJ37453,royalblue
FLJ44606,royalblue
FLJ90757,royalblue
FLRT2,royalblue
FLVCR1,royalblue
FMN2,royalblue
FMNL2,royalblue
FNDC3A,royalblue
FNIP1,royalblue
FNTB,royalblue
FOSL2,royalblue
FOXC2,royalblue
FOXD2,royalblue
FOXJ3,royalblue
FOXK1,royalblue
FOXN3,royalblue
FOXO1,royalblue
FRAS1,royalblue
FRMD6,royalblue
FSTL1,royalblue
FTL,royalblue
FUCA2,royalblue
FYTTD1,royalblue
GABARAPL2,royalblue
GABBR1,royalblue
GABRA2,royalblue
GABRA4,royalblue
GABRB3,royalblue
GABRD,royalblue
GABRG2,royalblue
GABRR1,royalblue
GAD2,royalblue
GAK,royalblue
GALNT11,royalblue
GALNT9,royalblue
GAPT,royalblue
GARS,royalblue
GATA2,royalblue
GATAD1,royalblue
GATAD2A,royalblue
GATSL3,royalblue
GCLC,royalblue
GDAP1,royalblue
GDF5,royalblue
GDF6,royalblue
GDF9,royalblue
GDNF,royalblue
GDPD5,royalblue
GEMIN6,royalblue
GEMIN7,royalblue
GFI1,royalblue
GHRL,royalblue
GIP,royalblue
GJC2,royalblue
GJD2,royalblue
GLMN,royalblue
GLP1R,royalblue
GLS,royalblue
GLT1D1,royalblue
GLT25D2,royalblue
GLUD1,royalblue
GMDS,royalblue
GNA11,royalblue
GNA12,royalblue
GNAI2,royalblue
GNAS,royalblue
GNL3,royalblue
GNS,royalblue
GOLGA3,royalblue
GOLIM4,royalblue
GPC5,royalblue
GPC6,royalblue
GPR110,royalblue
GPR123,royalblue
GPR176,royalblue
GPRC6A,royalblue
GPX2,royalblue
GRIA2,royalblue
GRIA4,royalblue
GRIK2,royalblue
GRIK4,royalblue
GRIN2A,royalblue
GRINL1A,royalblue
GRIP1,royalblue
GRIP2,royalblue
GRK4,royalblue
GRLF1,royalblue
GRM8,royalblue
GRTP1,royalblue
GSK3B,royalblue
GSTCD,royalblue
GSTO2,royalblue
GSX2,royalblue
GTF3C4,royalblue
GTPBP8,royalblue
GUCA1A,royalblue
GUF1,royalblue
GULP1,royalblue
GYPC,royalblue
HAGH,royalblue
HARBI1,royalblue
HBM,royalblue
HCG22,royalblue
HCN4,royalblue
HDAC2,royalblue
HDAC4,royalblue
HDAC9,royalblue
HDC,royalblue
HEATR4,royalblue
HECTD1,royalblue
HELT,royalblue
HERC5,royalblue
HEXIM2,royalblue
HIBCH,royalblue
HIF1AN,royalblue
HIP1R,royalblue
HIST1H1E,royalblue
HIST1H2AB,royalblue
HIST1H2AC,royalblue
HIST1H2AM,royalblue
HIST1H3C,royalblue
HIST1H4B,royalblue
HIST1H4C,royalblue
HIST1H4E,royalblue
HIST1H4L,royalblue
HIVEP2,royalblue
HIVEP3,royalblue
HLA-DPB2,royalblue
HLA-DRB1,royalblue
HLA-E,royalblue
HMBS,royalblue
HMCN1,royalblue
HMGB4,royalblue
HMGN2,royalblue
HMGN4,royalblue
HMMR,royalblue
HNRNPF,royalblue
HNRNPU,royalblue
HNRNPUL1,royalblue
HOXA9,royalblue
HOXC10,royalblue
HOXD10,royalblue
HPYR1,royalblue
HRAS,royalblue
HRNBP3,royalblue
HS3ST2,royalblue
HS3ST3B1,royalblue
HSD17B14,royalblue
HSD17B4,royalblue
HSF2,royalblue
HSPA13,royalblue
HSPA14,royalblue
HSPA1A,royalblue
HSPA1B,royalblue
HSPB8,royalblue
HSPE1,royalblue
HSPG2,royalblue
HTR7,royalblue
ID1,royalblue
IFT122,royalblue
IGDCC3,royalblue
IGF2BP3,royalblue
IGF2R,royalblue
IGFBP7,royalblue
IGSF11,royalblue
IKZF5,royalblue
IL20RA,royalblue
IL5,royalblue
ILF3,royalblue
ILKAP,royalblue
IMMP2L,royalblue
IMMT,royalblue
IMPAD1,royalblue
INCA1,royalblue
ING3,royalblue
ING5,royalblue
INPP5A,royalblue
INTS9,royalblue
IPCEF1,royalblue
IQCG,royalblue
IQSEC1,royalblue
IQSEC3,royalblue
IRF2,royalblue
IRS2,royalblue
ITGA9,royalblue
ITGAD,royalblue
ITGB1,royalblue
ITGB3BP,royalblue
ITPK1,royalblue
ITPR2,royalblue
ITPR3,royalblue
JAKMIP3,royalblue
JARID2,royalblue
JMY,royalblue
KBTBD8,royalblue
KCMF1,royalblue
KCNA4,royalblue
KCNA6,royalblue
KCNC1,royalblue
KCNIP4,royalblue
KCNJ16,royalblue
KCNK12,royalblue
KCNK6,royalblue
KCNMA1,royalblue
KCNMB3,royalblue
KCNN1,royalblue
KCNQ2,royalblue
KCNQ4,royalblue
KDELR1,royalblue
KDM4C,royalblue
KDM5A,royalblue
KHK,royalblue
KIAA0040,royalblue
KIAA0317,royalblue
KIAA0586,royalblue
KIAA0895,royalblue
KIAA1009,royalblue
KIAA1024,royalblue
KIAA1217,royalblue
KIAA1530,royalblue
KIAA1549,royalblue
KIAA1688,royalblue
KIAA1841,royalblue
KIAA1949,royalblue
KIF18B,royalblue
KIF20B,royalblue
KIF27,royalblue
KIF3A,royalblue
KIRREL3,royalblue
KLF15,royalblue
KLHL1,royalblue
KLHL25,royalblue
KLHL3,royalblue
KLHL32,royalblue
KLRG2,royalblue
KPNA3,royalblue
KPNA4,royalblue
KRIT1,royalblue
KRT27,royalblue
KRTAP1-3,royalblue
L2HGDH,royalblue
L3MBTL3,royalblue
LAMB2,royalblue
LATS2,royalblue
LCLAT1,royalblue
LEMD2,royalblue
LEPROTL1,royalblue
LETMD1,royalblue
LGI2,royalblue
LGR4,royalblue
LHX5,royalblue
LIAS,royalblue
LIFR,royalblue
LMAN2L,royalblue
LMBR1,royalblue
LMF1,royalblue
LMO2,royalblue
LMO3,royalblue
LMX1A,royalblue
LMX1B,royalblue
LNX1,royalblue
LOC100128164,royalblue
LOC100128542,royalblue
LOC100130093,royalblue
LOC100130987,royalblue
LOC100133991,royalblue
LOC100289341,royalblue
LOC146336,royalblue
LOC152225,royalblue
LOC221442,royalblue
LOC284661,royalblue
LOC285045,royalblue
LOC285375,royalblue
LOC285627,royalblue
LOC285735,royalblue
LOC339290,royalblue
LOC344595,royalblue
LOC387647,royalblue
LOC388946,royalblue
LOC388965,royalblue
LOC399959,royalblue
LOC400891,royalblue
LOC404266,royalblue
LOC440461,royalblue
LOC642597,royalblue
LOC645323,royalblue
LOC650226,royalblue
LOC84740,royalblue
LOC90784,royalblue
LONRF1,royalblue
LPIN1,royalblue
LRFN2,royalblue
LRFN5,royalblue
LRIT2,royalblue
LRP5,royalblue
LRP8,royalblue
LRPAP1,royalblue
LRRC25,royalblue
LRRC28,royalblue
LRRC8D,royalblue
LRRK2,royalblue
LSM1,royalblue
LTBP1,royalblue
LTBP4,royalblue
LY6G5C,royalblue
LYPD1,royalblue
LYPLAL1,royalblue
LYRM4,royalblue
LYSMD2,royalblue
LZIC,royalblue
LZTS2,royalblue
MAD1L1,royalblue
MADD,royalblue
MAGI2,royalblue
MAGI3,royalblue
MAK16,royalblue
MALAT1,royalblue
MAML2,royalblue
MAN2C1,royalblue
MANSC1,royalblue
MAP2,royalblue
MAP2K3,royalblue
MAP2K4,royalblue
MAP3K7,royalblue
MAPRE3,royalblue
MARCH3,royalblue
MARCH5,royalblue
MARCKSL1,royalblue
MARVELD3,royalblue
MAST4,royalblue
MAT2B,royalblue
MATN1,royalblue
MATN2,royalblue
MATN4,royalblue
MAZ,royalblue
MBOAT7,royalblue
MBTPS1,royalblue
MCF2L,royalblue
MCM3,royalblue
MCM5,royalblue
MDFIC,royalblue
MDH1,royalblue
MDN1,royalblue
MED12L,royalblue
MED27,royalblue
MEN1,royalblue
METT11D1,royalblue
METT5D1,royalblue
METTL3,royalblue
MEX3D,royalblue
MFAP1,royalblue
MFF,royalblue
MFI2,royalblue
MFSD1,royalblue
MFSD2A,royalblue
MFSD3,royalblue
MGC70857,royalblue
MGMT,royalblue
MGST2,royalblue
MICAL3,royalblue
MICB,royalblue
MIER1,royalblue
MINK1,royalblue
MIR103-1,royalblue
MIR372,royalblue
MIR519B,royalblue
MIR548F5,royalblue
MIR548Q,royalblue
MIR599,royalblue
MIR708,royalblue
MITF,royalblue
MKL1,royalblue
MKLN1,royalblue
MKX,royalblue
MLEC,royalblue
MLF1,royalblue
MLLT3,royalblue
MLPH,royalblue
MMP28,royalblue
MOBKL2B,royalblue
MON2,royalblue
MOSC2,royalblue
MPI,royalblue
MPO,royalblue
MPZL3,royalblue
MRAP,royalblue
MRPL1,royalblue
MRPL51,royalblue
MRPL53,royalblue
MRPS17,royalblue
MRPS18B,royalblue
MRPS31,royalblue
MS4A5,royalblue
MSC,royalblue
MSH2,royalblue
MSH4,royalblue
MSH5,royalblue
MSL2,royalblue
MSRA,royalblue
MSRB2,royalblue
MTDH,royalblue
MTHFD1L,royalblue
MTIF3,royalblue
MTMR7,royalblue
MTSS1,royalblue
MUC2,royalblue
MX2,royalblue
MXD1,royalblue
MXI1,royalblue
MYB,royalblue
MYC,royalblue
MYCL1,royalblue
MYH1,royalblue
MYO10,royalblue
MYO1D,royalblue
MYO3A,royalblue
MYO7B,royalblue
MYOT,royalblue
MYPOP,royalblue
N4BP2L2,royalblue
NAA15,royalblue
NAPG,royalblue
NAT8L,royalblue
NAV2,royalblue
NAV3,royalblue
NBR1,royalblue
NCAN,royalblue
NCKAP1L,royalblue
NCL,royalblue
NCOA4,royalblue
NCRNA00081,royalblue
NCRNA00160,royalblue
NCRNA00171,royalblue
NCRNA00200,royalblue
NDUFAF1,royalblue
NDUFB6,royalblue
NDUFS6,royalblue
NEDD1,royalblue
NEDD4,royalblue
NEDD8,royalblue
NEDD9,royalblue
NEK11,royalblue
NEO1,royalblue
NET1,royalblue
NFASC,royalblue
NFATC4,royalblue
NFE2L1,royalblue
NFIX,royalblue
NFU1,royalblue
NIPSNAP3B,royalblue
NKAPL,royalblue
NKX3-1,royalblue
NLK,royalblue
NLRC5,royalblue
NMD3,royalblue
NNT,royalblue
NOL10,royalblue
NOP16,royalblue
NOTCH4,royalblue
NPAS3,royalblue
NPM1,royalblue
NPTN,royalblue
NQO1,royalblue
NR1D1,royalblue
NR2F2,royalblue
NR3C1,royalblue
NR5A2,royalblue
NRD1,royalblue
NRF1,royalblue
NRG1,royalblue
NRG2,royalblue
NRIP1,royalblue
NRXN1,royalblue
NRXN2,royalblue
NT5DC1,royalblue
NT5M,royalblue
NTNG1,royalblue
NUBP2,royalblue
NUDCD1,royalblue
NUDT12,royalblue
NUDT6,royalblue
NUMB,royalblue
NUP35,royalblue
NXN,royalblue
NXPH1,royalblue
NXPH2,royalblue
OAF,royalblue
OCA2,royalblue
OCEL1,royalblue
OCLM,royalblue
ODF2L,royalblue
OLA1,royalblue
OLFML2B,royalblue
OLIG2,royalblue
ONECUT1,royalblue
OPRK1,royalblue
OR10A5,royalblue
OR13A1,royalblue
OR2K2,royalblue
OR4D6,royalblue
OR51I2,royalblue
OR52B2,royalblue
OR5D18,royalblue
OR5H2,royalblue
OSBP2,royalblue
OSBPL9,royalblue
OSCP1,royalblue
OSGIN1,royalblue
P11,royalblue
P4HA2,royalblue
P4HTM,royalblue
PABPC1,royalblue
PADI4,royalblue
PAFAH1B3,royalblue
PAFAH2,royalblue
PAK4,royalblue
PAM,royalblue
PANK1,royalblue
PARD3,royalblue
PARD3B,royalblue
PARP11,royalblue
PAX6,royalblue
PAX7,royalblue
PC,royalblue
PCBP4,royalblue
PCDH15,royalblue
PCDHA7,royalblue
PCDHAC2,royalblue
PCDHB1,royalblue
PCDHB13,royalblue
PCGF3,royalblue
PCGF5,royalblue
PCGF6,royalblue
PCK1,royalblue
PCNT,royalblue
PCOTH,royalblue
PCSK7,royalblue
PDCD1,royalblue
PDCD7,royalblue
PDE10A,royalblue
PDE11A,royalblue
PDE2A,royalblue
PDE4B,royalblue
PDE4C,royalblue
PDE4D,royalblue
PDGFD,royalblue
PDLIM1,royalblue
PDSS2,royalblue
PELI1,royalblue
PELI3,royalblue
PFKP,royalblue
PGBD1,royalblue
PGM1,royalblue
PGM3,royalblue
PGR,royalblue
PHB,royalblue
PHF12,royalblue
PHF17,royalblue
PHF21B,royalblue
PHKB,royalblue
PHTF1,royalblue
PICALM,royalblue
PIK3IP1,royalblue
PIK3R3,royalblue
PIP5K1C,royalblue
PIRT,royalblue
PKIB,royalblue
PL-5283,royalblue
PLA2G6,royalblue
PLAC1L,royalblue
PLAUR,royalblue
PLBD2,royalblue
PLCB4,royalblue
PLEKHA4,royalblue
PLEKHA7,royalblue
PLEKHM3,royalblue
PLK4,royalblue
PLOD1,royalblue
PLSCR1,royalblue
PMS2CL,royalblue
PNN,royalblue
PNPLA7,royalblue
POLE,royalblue
POLK,royalblue
POLM,royalblue
POLQ,royalblue
POLR1A,royalblue
POLR2D,royalblue
POLR2E,royalblue
POLS,royalblue
POU2F1,royalblue
POU6F2,royalblue
PPA1,royalblue
PPDPF,royalblue
PPFIA2,royalblue
PPFIBP1,royalblue
PPIF,royalblue
PPIG,royalblue
PPIL5,royalblue
PPIL6,royalblue
PPME1,royalblue
PPP1R10,royalblue
PPP1R13L,royalblue
PPP1R14C,royalblue
PPP1R16A,royalblue
PPP2R2B,royalblue
PPP3CA,royalblue
PPT2,royalblue
PRC1,royalblue
PRDM11,royalblue
PRDM2,royalblue
PRDM6,royalblue
PRDM7,royalblue
PRKAG2,royalblue
PRKAR1B,royalblue
PRKCH,royalblue
PRKCZ,royalblue
PRLH,royalblue
PRMT1,royalblue
PRR3,royalblue
PRR4,royalblue
PRR7,royalblue
PRRT3,royalblue
PRSS16,royalblue
PRSS35,royalblue
PRSS50,royalblue
PRUNE2,royalblue
PSD4,royalblue
PSMB9,royalblue
PSMC6,royalblue
PSMD13,royalblue
PSMD14,royalblue
PTCH1,royalblue
PTGDS,royalblue
PTK2,royalblue
PTPRA,royalblue
PTPRH,royalblue
PTPRN2,royalblue
PTRH1,royalblue
PUM1,royalblue
PURG,royalblue
PXDNL,royalblue
PXT1,royalblue
QRICH1,royalblue
RAB15,royalblue
RAB37,royalblue
RABEP2,royalblue
RAC1,royalblue
RAD23B,royalblue
RAI1,royalblue
RALBP1,royalblue
RALGAPA1,royalblue
RALYL,royalblue
RANBP17,royalblue
RANBP3,royalblue
RAPGEF4,royalblue
RASA1,royalblue
RASAL1,royalblue
RASGRP3,royalblue
RBM15B,royalblue
RBM24,royalblue
RBM33,royalblue
RBM6,royalblue
RBM9,royalblue
RBMS3,royalblue
RBPJ,royalblue
RBPMS,royalblue
RCCD1,royalblue
RDBP,royalblue
REEP5,royalblue
RESP18,royalblue
RFPL4B,royalblue
RFX4,royalblue
RGS20,royalblue
RHEB,royalblue
RHO,royalblue
RIF1,royalblue
RIMS1,royalblue
RIMS2,royalblue
RIMS3,royalblue
RING1,royalblue
RNF114,royalblue
RNF121,royalblue
RNF126,royalblue
RNF130,royalblue
RNF139,royalblue
RNF144B,royalblue
RNF145,royalblue
RNF146,royalblue
RNF151,royalblue
RNF168,royalblue
RNF169,royalblue
RNF185,royalblue
RNF219,royalblue
RNF32,royalblue
RNF39,royalblue
RNF4,royalblue
RNF43,royalblue
RNF7,royalblue
RNFT1,royalblue
RNPEPL1,royalblue
ROBO2,royalblue
ROBO3,royalblue
RORA,royalblue
RORB,royalblue
RORC,royalblue
RPH3AL,royalblue
RPL10L,royalblue
RPL19,royalblue
RPL23A,royalblue
RPL23AP32,royalblue
RPL31,royalblue
RPL31P11,royalblue
RPL5,royalblue
RPP21,royalblue
RPP30,royalblue
RPP40,royalblue
RPRM,royalblue
RPS10P7,royalblue
RPS19,royalblue
RPS6KB2,royalblue
RPSA,royalblue
RPUSD3,royalblue
RRAS2,royalblue
RRBP1,royalblue
RREB1,royalblue
RRM2,royalblue
RRM2B,royalblue
RSBN1L,royalblue
RSRC1,royalblue
RTKN,royalblue
RTKN2,royalblue
RTN1,royalblue
RTN2,royalblue
RTN3,royalblue
RTN4RL1,royalblue
RUNX1T1,royalblue
RUNX3,royalblue
RXRG,royalblue
SAMD8,royalblue
SAP30,royalblue
SAPS2,royalblue
SAPS3,royalblue
SASH1,royalblue
SBF2,royalblue
SBK2,royalblue
SCAF1,royalblue
SCAI,royalblue
SCAMP1,royalblue
SCAND2,royalblue
SCAND3,royalblue
SCAP,royalblue
SCAPER,royalblue
SCARB1,royalblue
SCARNA2,royalblue
SCLT1,royalblue
SCP2,royalblue
SDCCAG8,royalblue
SDHAF1,royalblue
SDHAF2,royalblue
SDHD,royalblue
SEC24C,royalblue
SEC24D,royalblue
SECISBP2L,royalblue
SEMA3C,royalblue
SEMA5B,royalblue
SENP6,royalblue
SEPSECS,royalblue
SEPT8,royalblue
SERGEF,royalblue
SERPINB5,royalblue
SESTD1,royalblue
SETBP1,royalblue
SETDB2,royalblue
SF3B2,royalblue
SFMBT1,royalblue
SFRS3,royalblue
SFRS8,royalblue
SFXN1,royalblue
SFXN5,royalblue
SGPP1,royalblue
SH3BP5,royalblue
SH3PXD2B,royalblue
SH3RF1,royalblue
SH3YL1,royalblue
SHANK2,royalblue
SHISA2,royalblue
SHOX2,royalblue
SIAH1,royalblue
SIK3,royalblue
SIL1,royalblue
SIP1,royalblue
SIPA1,royalblue
SIPA1L2,royalblue
SIRT1,royalblue
SIRT5,royalblue
SIX4,royalblue
SLAIN1,royalblue
SLC12A1,royalblue
SLC12A7,royalblue
SLC19A1,royalblue
SLC1A4,royalblue
SLC22A18,royalblue
SLC22A18AS,royalblue
SLC22A2,royalblue
SLC22A23,royalblue
SLC22A3,royalblue
SLC23A1,royalblue
SLC24A4,royalblue
SLC25A23,royalblue
SLC25A4,royalblue
SLC25A42,royalblue
SLC26A7,royalblue
SLC27A1,royalblue
SLC2A13,royalblue
SLC30A6,royalblue
SLC32A1,royalblue
SLC35A1,royalblue
SLC35B1,royalblue
SLC35E3,royalblue
SLC35F3,royalblue
SLC38A3,royalblue
SLC38A9,royalblue
SLC39A10,royalblue
SLC39A3,royalblue
SLC39A7,royalblue
SLC40A1,royalblue
SLC6A16,royalblue
SLC7A6OS,royalblue
SLC7A8,royalblue
SLC9A1,royalblue
SLCO3A1,royalblue
SLCO6A1,royalblue
SLITRK1,royalblue
SLITRK3,royalblue
SLMO2,royalblue
SMAP1,royalblue
SMARCA5,royalblue
SMARCB1,royalblue
SMARCD2,royalblue
SMARCD3,royalblue
SMC2,royalblue
SMC4,royalblue
SMPD1,royalblue
SMYD3,royalblue
SNHG3-RCC1,royalblue
SNORA59B,royalblue
SNORA70B,royalblue
SNORD111,royalblue
SNTB1,royalblue
SNTG2,royalblue
SNUPN,royalblue
SNX24,royalblue
SNX26,royalblue
SNX8,royalblue
SOBP,royalblue
SOCS1,royalblue
SOCS3,royalblue
SOCS6,royalblue
SOCS7,royalblue
SORBS3,royalblue
SORCS1,royalblue
SOSTDC1,royalblue
SP4,royalblue
SP6,royalblue
SP8,royalblue
SPAG6,royalblue
SPAST,royalblue
SPATA16,royalblue
SPATA18,royalblue
SPATA3,royalblue
SPATA5,royalblue
SPDEF,royalblue
SPG21,royalblue
SPHKAP,royalblue
SPINT2,royalblue
SPNS3,royalblue
SPOCK2,royalblue
SPON1,royalblue
SRD5A3,royalblue
SRF,royalblue
SRP9,royalblue
SRPK1,royalblue
SRPK2,royalblue
SRR,royalblue
SSBP1,royalblue
SSH3,royalblue
ST6GALNAC3,royalblue
STAMBP,royalblue
STARD4,royalblue
STARD5,royalblue
STAT4,royalblue
STAU2,royalblue
STK24,royalblue
STK32C,royalblue
STMN1,royalblue
STX2,royalblue
SULT4A1,royalblue
SUNC1,royalblue
SV2C,royalblue
SVIL,royalblue
SWAP70,royalblue
SYF2,royalblue
SYN2,royalblue
SYNE1,royalblue
SYNJ2,royalblue
SYNM,royalblue
SYT1,royalblue
SYT14,royalblue
TAAR2,royalblue
TACC2,royalblue
TAF6L,royalblue
TAP2,royalblue
TAPBP,royalblue
TARBP1,royalblue
TARS,royalblue
TAS2R4,royalblue
TATDN1,royalblue
TATDN2,royalblue
TBC1D14,royalblue
TBC1D23,royalblue
TBC1D4,royalblue
TBCD,royalblue
TBCE,royalblue
TBL1XR1,royalblue
TBRG4,royalblue
TCERG1L,royalblue
TCL1A,royalblue
TDH,royalblue
TEAD1,royalblue
TERF1,royalblue
TERF2,royalblue
TESK2,royalblue
TFAP4,royalblue
TFDP2,royalblue
TFIP11,royalblue
TFRC,royalblue
TGDS,royalblue
TGFB1I1,royalblue
TGFBR3,royalblue
TGIF1,royalblue
THOP1,royalblue
THRB,royalblue
TLCD2,royalblue
TLE4,royalblue
TLR6,royalblue
TM9SF2,royalblue
TMC5,royalblue
TMED6,royalblue
TMED7,royalblue
TMED7-TICAM2,royalblue
TMEM116,royalblue
TMEM126A,royalblue
TMEM150A,royalblue
TMEM196,royalblue
TMEM208,royalblue
TMEM30A,royalblue
TMEM71,royalblue
TMEM86A,royalblue
TMEM97,royalblue
TNC,royalblue
TNFRSF6B,royalblue
TNFSF13B,royalblue
TNIK,royalblue
TNRC18,royalblue
TNRC4,royalblue
TNXB,royalblue
TOMM40,royalblue
TOP1,royalblue
TOR1AIP1,royalblue
TOX,royalblue
TP53INP1,royalblue
TP73,royalblue
TPBG,royalblue
TPCN2,royalblue
TPD52L3,royalblue
TPK1,royalblue
TRAP1,royalblue
TRIL,royalblue
TRIM10,royalblue
TRIM26,royalblue
TRIM27,royalblue
TRIM31,royalblue
TRIM38,royalblue
TRIM55,royalblue
TRIM71,royalblue
TRIO,royalblue
TRIOBP,royalblue
TRIP11,royalblue
TRPC3,royalblue
TRPS1,royalblue
TSNAX-DISC1,royalblue
TSPAN1,royalblue
TSPAN5,royalblue
TTBK1,royalblue
TTBK2,royalblue
TTC12,royalblue
TTC13,royalblue
TTC14,royalblue
TTC18,royalblue
TTC21B,royalblue
TTC7B,royalblue
TTK,royalblue
TTLL5,royalblue
TUBA1B,royalblue
TUBG2,royalblue
TUBGCP5,royalblue
TULP3,royalblue
TWIST1,royalblue
TXNDC17,royalblue
TXNRD1,royalblue
UBE2D2,royalblue
UBE2D3,royalblue
UBE2H,royalblue
UBE2J1,royalblue
UBR3,royalblue
UBTD2,royalblue
UCKL1,royalblue
UGGT2,royalblue
UGP2,royalblue
UGT2A1,royalblue
UGT2B4,royalblue
UGT3A1,royalblue
UGT3A2,royalblue
UHRF1BP1L,royalblue
ULBP1,royalblue
URB1,royalblue
USP14,royalblue
USP2,royalblue
USP24,royalblue
USP5,royalblue
USP6NL,royalblue
UTP15,royalblue
UTP23,royalblue
UTRN,royalblue
VAV2,royalblue
VDAC1,royalblue
VGLL4,royalblue
VIM,royalblue
VMAC,royalblue
VPRBP,royalblue
VPS11,royalblue
VPS25,royalblue
VPS33A,royalblue
VPS37A,royalblue
VPS41,royalblue
VPS52,royalblue
VSIG8,royalblue
VSTM2A,royalblue
VWA2,royalblue
VWDE,royalblue
WAC,royalblue
WARS2,royalblue
WBP1,royalblue
WBSCR16,royalblue
WDR27,royalblue
WDR37,royalblue
WDR41,royalblue
WDR51A,royalblue
WDR60,royalblue
WDR7,royalblue
WDR87,royalblue
WDR88,royalblue
WDR89,royalblue
WDTC1,royalblue
WIBG,royalblue
WIF1,royalblue
WNT1,royalblue
WWP1,royalblue
XPC,royalblue
XRCC2,royalblue
YARS2,royalblue
YIF1B,royalblue
YPEL2,royalblue
YWHAH,royalblue
YWHAZ,royalblue
ZAP70,royalblue
ZAR1,royalblue
ZBTB16,royalblue
ZBTB2,royalblue
ZBTB20,royalblue
ZBTB22,royalblue
ZBTB3,royalblue
ZBTB41,royalblue
ZBTB9,royalblue
ZC3H12D,royalblue
ZC3H13,royalblue
ZC3H18,royalblue
ZC3HC1,royalblue
ZCCHC7,royalblue
ZDHHC14,royalblue
ZDHHC7,royalblue
ZFC3H1,royalblue
ZFP2,royalblue
ZFP41,royalblue
ZFP91,royalblue
ZFPM1,royalblue
ZFYVE16,royalblue
ZFYVE20,royalblue
ZKSCAN5,royalblue
ZMAT2,royalblue
ZMAT3,royalblue
ZMYM2,royalblue
ZMYND11,royalblue
ZNF10,royalblue
ZNF135,royalblue
ZNF140,royalblue
ZNF177,royalblue
ZNF192,royalblue
ZNF20,royalblue
ZNF205,royalblue
ZNF224,royalblue
ZNF234,royalblue
ZNF239,royalblue
ZNF267,royalblue
ZNF282,royalblue
ZNF285A,royalblue
ZNF295,royalblue
ZNF311,royalblue
ZNF326,royalblue
ZNF33A,royalblue
ZNF343,royalblue
ZNF347,royalblue
ZNF354A,royalblue
ZNF365,royalblue
ZNF391,royalblue
ZNF414,royalblue
ZNF418,royalblue
ZNF445,royalblue
ZNF471,royalblue
ZNF512B,royalblue
ZNF518B,royalblue
ZNF536,royalblue
ZNF552,royalblue
ZNF560,royalblue
ZNF565,royalblue
ZNF570,royalblue
ZNF581,royalblue
ZNF605,royalblue
ZNF609,royalblue
ZNF611,royalblue
ZNF620,royalblue
ZNF639,royalblue
ZNF643,royalblue
ZNF646,royalblue
ZNF713,royalblue
ZNF772,royalblue
ZNF778,royalblue
ZNF789,royalblue
ZNF793,royalblue
ZNF835,royalblue
ZNF845,royalblue
ZNHIT6,royalblue
ZNRD1,royalblue
ZNRF2,royalblue
ZRANB2,royalblue
ZSCAN1,royalblue
ZSCAN10,royalblue
ZSCAN21,royalblue
ZSCAN22,royalblue
ZSCAN29,royalblue
ZSWIM1,royalblue
ZSWIM6,royalblue
ZWINT,royalblue
ZZZ3,royalblue
A2BP1,saddlebrown
AASS,saddlebrown
ABCB6,saddlebrown
ABCB9,saddlebrown
ABCE1,saddlebrown
ABHD5,saddlebrown
ABI2,saddlebrown
ABL1,saddlebrown
ABLIM1,saddlebrown
ACAN,saddlebrown
ACAT2,saddlebrown
ACCN2,saddlebrown
ACCS,saddlebrown
ACN9,saddlebrown
ACOT13,saddlebrown
ACP6,saddlebrown
ACSF2,saddlebrown
ACTL6B,saddlebrown
ACTR1B,saddlebrown
ADAM22,saddlebrown
ADAM23,saddlebrown
ADAMTS17,saddlebrown
ADAMTS2,saddlebrown
ADAMTS6,saddlebrown
ADCY5,saddlebrown
ADCY8,saddlebrown
ADD1,saddlebrown
ADH5,saddlebrown
ADI1,saddlebrown
ADIPOR1,saddlebrown
ADK,saddlebrown
ADPRHL1,saddlebrown
ADRA2C,saddlebrown
ADRB2,saddlebrown
ADRB3,saddlebrown
ADSSL1,saddlebrown
AEN,saddlebrown
AFAP1L1,saddlebrown
AGBL5,saddlebrown
AHNAK2,saddlebrown
AHRR,saddlebrown
AK3L1,saddlebrown
AKAP13,saddlebrown
ALCAM,saddlebrown
ALDH16A1,saddlebrown
ALDH8A1,saddlebrown
ALG14,saddlebrown
ALG9,saddlebrown
ALKBH5,saddlebrown
ALOX5,saddlebrown
ALOXE3,saddlebrown
ALS2,saddlebrown
ALS2CR12,saddlebrown
ALS2CR4,saddlebrown
AMIGO1,saddlebrown
AMOTL1,saddlebrown
ANAPC11,saddlebrown
ANAPC5,saddlebrown
ANK2,saddlebrown
ANKRD13B,saddlebrown
ANKRD26,saddlebrown
ANKRD37,saddlebrown
ANKRD40,saddlebrown
ANKRD50,saddlebrown
ANKRD54,saddlebrown
ANKS3,saddlebrown
ANO5,saddlebrown
ANO6,saddlebrown
ANP32E,saddlebrown
ANXA4,saddlebrown
AOX1,saddlebrown
AP2A1,saddlebrown
AP3M2,saddlebrown
APAF1,saddlebrown
APH1A,saddlebrown
API5,saddlebrown
APOLD1,saddlebrown
ARC,saddlebrown
ARF1,saddlebrown
ARFGAP1,saddlebrown
ARFGEF1,saddlebrown
ARHGAP1,saddlebrown
ARHGAP12,saddlebrown
ARHGAP15,saddlebrown
ARHGAP24,saddlebrown
ARHGEF17,saddlebrown
ARHGEF2,saddlebrown
ARID3A,saddlebrown
ARIH1,saddlebrown
ARMC5,saddlebrown
ARPC2,saddlebrown
ARRB2,saddlebrown
ASAP1,saddlebrown
ASB8,saddlebrown
ASNA1,saddlebrown
ASNSD1,saddlebrown
ASPSCR1,saddlebrown
ASXL3,saddlebrown
ATF2,saddlebrown
ATF6,saddlebrown
ATG4C,saddlebrown
ATG7,saddlebrown
ATHL1,saddlebrown
ATM,saddlebrown
ATOX1,saddlebrown
ATP10D,saddlebrown
ATP1B2,saddlebrown
ATP5E,saddlebrown
ATP5SL,saddlebrown
ATP6V0D1,saddlebrown
ATP6V1E1,saddlebrown
ATP8A2,saddlebrown
ATP8B2,saddlebrown
ATRIP,saddlebrown
ATXN1,saddlebrown
ATXN2,saddlebrown
ATXN7,saddlebrown
ATXN7L3,saddlebrown
AZIN1,saddlebrown
B2M,saddlebrown
B3GAT2,saddlebrown
B3GNT2,saddlebrown
B4GALNT4,saddlebrown
B4GALT4,saddlebrown
BAALC,saddlebrown
BACH1,saddlebrown
BAT2,saddlebrown
BAT4,saddlebrown
BAT5,saddlebrown
BAZ2B,saddlebrown
BBS7,saddlebrown
BCAS3,saddlebrown
BCL2L2,saddlebrown
BCL3,saddlebrown
BCL6,saddlebrown
BCL7B,saddlebrown
BCR,saddlebrown
BDP1,saddlebrown
BEND7,saddlebrown
BLCAP,saddlebrown
BLOC1S3,saddlebrown
BLVRA,saddlebrown
BMI1,saddlebrown
BMP6,saddlebrown
BNIP3,saddlebrown
BPNT1,saddlebrown
BRMS1L,saddlebrown
BRSK2,saddlebrown
BSG,saddlebrown
BTAF1,saddlebrown
BTN3A1,saddlebrown
BUD31,saddlebrown
C10ORF18,saddlebrown
C10ORF4,saddlebrown
C11ORF51,saddlebrown
C12ORF42,saddlebrown
C13ORF18,saddlebrown
C13ORF27,saddlebrown
C13ORF38,saddlebrown
C14ORF159,saddlebrown
C14ORF23,saddlebrown
C14ORF39,saddlebrown
C14ORF80,saddlebrown
C15ORF40,saddlebrown
C16ORF35,saddlebrown
C16ORF68,saddlebrown
C16ORF75,saddlebrown
C17ORF106,saddlebrown
C17ORF53,saddlebrown
C17ORF56,saddlebrown
C17ORF62,saddlebrown
C17ORF76,saddlebrown
C17ORF80,saddlebrown
C18ORF45,saddlebrown
C18ORF54,saddlebrown
C19ORF36,saddlebrown
C19ORF60,saddlebrown
C1ORF151,saddlebrown
C1ORF159,saddlebrown
C1ORF183,saddlebrown
C1ORF27,saddlebrown
C1ORF31,saddlebrown
C1ORF52,saddlebrown
C1ORF86,saddlebrown
C1ORF93,saddlebrown
C20ORF11,saddlebrown
C20ORF132,saddlebrown
C20ORF160,saddlebrown
C20ORF27,saddlebrown
C21ORF56,saddlebrown
C22ORF24,saddlebrown
C2CD4A,saddlebrown
C2ORF15,saddlebrown
C2ORF28,saddlebrown
C2ORF67,saddlebrown
C2ORF77,saddlebrown
C2ORF89,saddlebrown
C3ORF26,saddlebrown
C3ORF37,saddlebrown
C3ORF67,saddlebrown
C4ORF10,saddlebrown
C4ORF43,saddlebrown
C4ORF46,saddlebrown
C5ORF32,saddlebrown
C5ORF34,saddlebrown
C5ORF37,saddlebrown
C6ORF106,saddlebrown
C6ORF114,saddlebrown
C6ORF125,saddlebrown
C6ORF153,saddlebrown
C6ORF173,saddlebrown
C6ORF192,saddlebrown
C6ORF48,saddlebrown
C6ORF89,saddlebrown
C7ORF25,saddlebrown
C7ORF42,saddlebrown
C7ORF46,saddlebrown
C7ORF59,saddlebrown
C7ORF60,saddlebrown
C7ORF71,saddlebrown
C8ORF42,saddlebrown
C9ORF82,saddlebrown
CABLES2,saddlebrown
CABYR,saddlebrown
CACHD1,saddlebrown
CACNA1D,saddlebrown
CACNA1H,saddlebrown
CACNG1,saddlebrown
CACNG8,saddlebrown
CADPS2,saddlebrown
CAGE1,saddlebrown
CALCR,saddlebrown
CALD1,saddlebrown
CALHM1,saddlebrown
CALM1,saddlebrown
CALY,saddlebrown
CAMK2B,saddlebrown
CAMSAP1L1,saddlebrown
CAMTA1,saddlebrown
CAND1,saddlebrown
CAND2,saddlebrown
CAP1,saddlebrown
CARS,saddlebrown
CASP7,saddlebrown
CAV1,saddlebrown
CBX2,saddlebrown
CC2D2A,saddlebrown
CCDC102B,saddlebrown
CCDC108,saddlebrown
CCDC109A,saddlebrown
CCDC110,saddlebrown
CCDC138,saddlebrown
CCDC41,saddlebrown
CCDC52,saddlebrown
CCDC6,saddlebrown
CCDC61,saddlebrown
CCDC69,saddlebrown
CCDC84,saddlebrown
CCDC85A,saddlebrown
CCDC86,saddlebrown
CCDC9,saddlebrown
CCHCR1,saddlebrown
CCKBR,saddlebrown
CCM2,saddlebrown
CCNB2,saddlebrown
CCND1,saddlebrown
CCND3,saddlebrown
CCNL1,saddlebrown
CCNT1,saddlebrown
CCPG1,saddlebrown
CCT2,saddlebrown
CCT7,saddlebrown
CD164L2,saddlebrown
CD38,saddlebrown
CD69,saddlebrown
CD82,saddlebrown
CDADC1,saddlebrown
CDC42BPG,saddlebrown
CDC7,saddlebrown
CDC73,saddlebrown
CDCA4,saddlebrown
CDCA5,saddlebrown
CDH20,saddlebrown
CDH7,saddlebrown
CDR2,saddlebrown
CEBPG,saddlebrown
CEBPZ,saddlebrown
CENPC1,saddlebrown
CENPO,saddlebrown
CEP164,saddlebrown
CFL1,saddlebrown
CHGB,saddlebrown
CHRNA5,saddlebrown
CHST13,saddlebrown
CIB1,saddlebrown
CIB2,saddlebrown
CKS2,saddlebrown
CLCN2,saddlebrown
CLDN1,saddlebrown
CLDN10,saddlebrown
CLDND1,saddlebrown
CLIC4,saddlebrown
CLNS1A,saddlebrown
CLOCK,saddlebrown
CLPB,saddlebrown
CLPTM1,saddlebrown
CLPX,saddlebrown
CLSTN1,saddlebrown
CLSTN3,saddlebrown
CLU,saddlebrown
CNIH2,saddlebrown
CNKSR3,saddlebrown
CNOT8,saddlebrown
CNRIP1,saddlebrown
CNTD1,saddlebrown
CNTNAP2,saddlebrown
COASY,saddlebrown
COG1,saddlebrown
COG7,saddlebrown
COG8,saddlebrown
COL12A1,saddlebrown
COL14A1,saddlebrown
COL19A1,saddlebrown
COL4A1,saddlebrown
COL4A2,saddlebrown
COL6A1,saddlebrown
COPS5,saddlebrown
COPS7B,saddlebrown
COQ10A,saddlebrown
COQ7,saddlebrown
COTL1,saddlebrown
COX5B,saddlebrown
COX6B2,saddlebrown
COX7C,saddlebrown
CPA6,saddlebrown
CPD,saddlebrown
CPNE3,saddlebrown
CPSF6,saddlebrown
CREB3L4,saddlebrown
CREBZF,saddlebrown
CRIP2,saddlebrown
CRIP3,saddlebrown
CS,saddlebrown
CSMD2,saddlebrown
CSNK1E,saddlebrown
CSNK1G2,saddlebrown
CSPG5,saddlebrown
CSRNP2,saddlebrown
CSTF3,saddlebrown
CTAGE5,saddlebrown
CTDSP2,saddlebrown
CTDSPL,saddlebrown
CTGF,saddlebrown
CTHRC1,saddlebrown
CTNNA1,saddlebrown
CTNNBIP1,saddlebrown
CTSC,saddlebrown
CTU1,saddlebrown
CUGBP2,saddlebrown
CUL2,saddlebrown
CUL4A,saddlebrown
CUX2,saddlebrown
CWC22,saddlebrown
CXCR4,saddlebrown
CYB5A,saddlebrown
CYB5B,saddlebrown
CYGB,saddlebrown
CYP2R1,saddlebrown
CYP51A1,saddlebrown
CYR61,saddlebrown
CYTSB,saddlebrown
DAAM1,saddlebrown
DCAF6,saddlebrown
DCAF7,saddlebrown
DCHS2,saddlebrown
DCLRE1A,saddlebrown
DCLRE1C,saddlebrown
DCTN4,saddlebrown
DDAH2,saddlebrown
DDB1,saddlebrown
DDC,saddlebrown
DDHD2,saddlebrown
DDI2,saddlebrown
DDX18,saddlebrown
DDX21,saddlebrown
DDX28,saddlebrown
DDX46,saddlebrown
DENND4B,saddlebrown
DFNB31,saddlebrown
DGUOK,saddlebrown
DHRS1,saddlebrown
DHRS7,saddlebrown
DHX33,saddlebrown
DHX9,saddlebrown
DIAPH1,saddlebrown
DIMT1L,saddlebrown
DIS3,saddlebrown
DKKL1,saddlebrown
DLC1,saddlebrown
DLG1,saddlebrown
DLGAP4,saddlebrown
DLL3,saddlebrown
DNAJC1,saddlebrown
DNAJC10,saddlebrown
DNAJC18,saddlebrown
DNAJC24,saddlebrown
DNASE2,saddlebrown
DNM2,saddlebrown
DNMT3A,saddlebrown
DOCK5,saddlebrown
DOK4,saddlebrown
DOK5,saddlebrown
DOT1L,saddlebrown
DPF3,saddlebrown
DPP10,saddlebrown
DPP6,saddlebrown
DPP9,saddlebrown
DSCR3,saddlebrown
DUSP1,saddlebrown
DUSP12,saddlebrown
DUSP22,saddlebrown
DUSP3,saddlebrown
DUSP4,saddlebrown
DVWA,saddlebrown
DYNC2LI1,saddlebrown
DYNLL1,saddlebrown
DYNLRB2,saddlebrown
DYSF,saddlebrown
DZIP1L,saddlebrown
E2F6,saddlebrown
EARS2,saddlebrown
EEF1A2,saddlebrown
EEF2K,saddlebrown
EEFSEC,saddlebrown
EEPD1,saddlebrown
EFCAB5,saddlebrown
EFHA2,saddlebrown
EGFL8,saddlebrown
EHD1,saddlebrown
EHD3,saddlebrown
EIF2B4,saddlebrown
EIF2C2,saddlebrown
EIF2C3,saddlebrown
EIF3D,saddlebrown
EIF3G,saddlebrown
EIF4A1,saddlebrown
EIF4A2,saddlebrown
EIF4G3,saddlebrown
EIF6,saddlebrown
ELAVL1,saddlebrown
ELMO2,saddlebrown
ELOVL6,saddlebrown
ELOVL7,saddlebrown
ENOSF1,saddlebrown
ENOX1,saddlebrown
ENPP4,saddlebrown
ENTPD7,saddlebrown
EP400NL,saddlebrown
EPHX2,saddlebrown
ERC1,saddlebrown
ERCC1,saddlebrown
ERCC2,saddlebrown
ERI1,saddlebrown
ESCO1,saddlebrown
ESF1,saddlebrown
ETFB,saddlebrown
ETV1,saddlebrown
ETV5,saddlebrown
EXOSC10,saddlebrown
EXOSC8,saddlebrown
EZH2,saddlebrown
F3,saddlebrown
F7,saddlebrown
FADD,saddlebrown
FAM109A,saddlebrown
FAM115A,saddlebrown
FAM117A,saddlebrown
FAM118A,saddlebrown
FAM13B,saddlebrown
FAM158A,saddlebrown
FAM165B,saddlebrown
FAM194A,saddlebrown
FAM198A,saddlebrown
FAM19A2,saddlebrown
FAM38A,saddlebrown
FAM43A,saddlebrown
FAM46B,saddlebrown
FAM49B,saddlebrown
FAM53C,saddlebrown
FAM54A,saddlebrown
FAM59B,saddlebrown
FAM5C,saddlebrown
FAM65B,saddlebrown
FAM78B,saddlebrown
FAM83B,saddlebrown
FAM91A1,saddlebrown
FAR1,saddlebrown
FARP1,saddlebrown
FAT1,saddlebrown
FBLIM1,saddlebrown
FBXL20,saddlebrown
FBXL7,saddlebrown
FBXO15,saddlebrown
FBXO3,saddlebrown
FBXW11,saddlebrown
FCGBP,saddlebrown
FCHSD1,saddlebrown
FCHSD2,saddlebrown
FCRLB,saddlebrown
FDXR,saddlebrown
FECH,saddlebrown
FERMT3,saddlebrown
FEZ1,saddlebrown
FEZF1,saddlebrown
FGF18,saddlebrown
FGF2,saddlebrown
FGF3,saddlebrown
FGGY,saddlebrown
FHIT,saddlebrown
FHOD1,saddlebrown
FKBP3,saddlebrown
FKBP7,saddlebrown
FLJ26850,saddlebrown
FLJ31306,saddlebrown
FLJ33360,saddlebrown
FLJ39582,saddlebrown
FLJ90757,saddlebrown
FLOT1,saddlebrown
FOXM1,saddlebrown
FOXN4,saddlebrown
FOXQ1,saddlebrown
FREM1,saddlebrown
FREM2,saddlebrown
FRMD4A,saddlebrown
FRS2,saddlebrown
FRY,saddlebrown
FSTL4,saddlebrown
FTSJD2,saddlebrown
FUCA2,saddlebrown
FUT9,saddlebrown
FYTTD1,saddlebrown
FZD6,saddlebrown
GABBR1,saddlebrown
GABPB1,saddlebrown
GABRA4,saddlebrown
GALE,saddlebrown
GALNT10,saddlebrown
GALNT9,saddlebrown
GAP43,saddlebrown
GAS2,saddlebrown
GATAD2A,saddlebrown
GBA,saddlebrown
GBX1,saddlebrown
GC,saddlebrown
GCLM,saddlebrown
GDF7,saddlebrown
GEM,saddlebrown
GFM1,saddlebrown
GFOD1,saddlebrown
GFRA1,saddlebrown
GHR,saddlebrown
GIN1,saddlebrown
GJB6,saddlebrown
GLB1L3,saddlebrown
GLDC,saddlebrown
GLG1,saddlebrown
GLIPR1L2,saddlebrown
GLRX5,saddlebrown
GLS,saddlebrown
GLS2,saddlebrown
GLT8D1,saddlebrown
GLUD1,saddlebrown
GLUL,saddlebrown
GMPR2,saddlebrown
GNAL,saddlebrown
GNB2,saddlebrown
GOLGA3,saddlebrown
GOLGA7B,saddlebrown
GPATCH4,saddlebrown
GPBP1L1,saddlebrown
GPC5,saddlebrown
GPC6,saddlebrown
GPR135,saddlebrown
GPR177,saddlebrown
GPR19,saddlebrown
GPR26,saddlebrown
GPR39,saddlebrown
GRB10,saddlebrown
GRHL2,saddlebrown
GRID2IP,saddlebrown
GRPEL2,saddlebrown
GSPT1,saddlebrown
GTF2E2,saddlebrown
GTPBP10,saddlebrown
GUK1,saddlebrown
GXYLT2,saddlebrown
GYG1,saddlebrown
GYS2,saddlebrown
H1FX,saddlebrown
H2AFV,saddlebrown
H2AFY,saddlebrown
H2AFZ,saddlebrown
HCCA2,saddlebrown
HCG27,saddlebrown
HCG4P6,saddlebrown
HDAC3,saddlebrown
HDAC5,saddlebrown
HDAC7,saddlebrown
HEATR1,saddlebrown
HEATR3,saddlebrown
HELLS,saddlebrown
HEXIM1,saddlebrown
HGS,saddlebrown
HHEX,saddlebrown
HIAT1,saddlebrown
HIC1,saddlebrown
HIGD2B,saddlebrown
HIP1,saddlebrown
HIPK1,saddlebrown
HIST1H1B,saddlebrown
HIST1H2BH,saddlebrown
HIST1H2BI,saddlebrown
HLA-A,saddlebrown
HLA-DQB1,saddlebrown
HLA-DRA,saddlebrown
HLA-F,saddlebrown
HLA-G,saddlebrown
HLA-L,saddlebrown
HLTF,saddlebrown
HLX,saddlebrown
HMG20B,saddlebrown
HMGN1,saddlebrown
HMGXB3,saddlebrown
HMGXB4,saddlebrown
HNRNPA0,saddlebrown
HNRNPA1,saddlebrown
HNRNPD,saddlebrown
HNRNPF,saddlebrown
HNRNPH3,saddlebrown
HNRNPM,saddlebrown
HOOK2,saddlebrown
HOXA13,saddlebrown
HOXA6,saddlebrown
HOXC10,saddlebrown
HOXC4,saddlebrown
HOXC8,saddlebrown
HRASLS5,saddlebrown
HS6ST1,saddlebrown
HSD17B12,saddlebrown
HSPA13,saddlebrown
HSPA1B,saddlebrown
HSPG2,saddlebrown
HTR1E,saddlebrown
HTR7P,saddlebrown
HTT,saddlebrown
HYLS1,saddlebrown
HYOU1,saddlebrown
IAH1,saddlebrown
ICAM5,saddlebrown
ICK,saddlebrown
ICOSLG,saddlebrown
ICT1,saddlebrown
IER2,saddlebrown
IFT88,saddlebrown
IGFBP2,saddlebrown
IGSF21,saddlebrown
IKBKAP,saddlebrown
IKZF1,saddlebrown
IL17F,saddlebrown
ILK,saddlebrown
IMMT,saddlebrown
IMPACT,saddlebrown
INCENP,saddlebrown
ING1,saddlebrown
INHBB,saddlebrown
INO80,saddlebrown
INO80C,saddlebrown
INPP5B,saddlebrown
INSIG2,saddlebrown
INTS2,saddlebrown
INTS6,saddlebrown
INTS8,saddlebrown
IP6K1,saddlebrown
IQCB1,saddlebrown
IQCE,saddlebrown
IQGAP1,saddlebrown
ISCU,saddlebrown
ISG15,saddlebrown
ISLR2,saddlebrown
ISOC1,saddlebrown
ITGA3,saddlebrown
ITGAE,saddlebrown
ITGB1BP1,saddlebrown
ITGB3,saddlebrown
ITGB4,saddlebrown
ITPR1,saddlebrown
ITSN2,saddlebrown
IVNS1ABP,saddlebrown
JUNB,saddlebrown
JUP,saddlebrown
KANK2,saddlebrown
KATNAL1,saddlebrown
KBTBD2,saddlebrown
KBTBD6,saddlebrown
KCNIP3,saddlebrown
KCNJ5,saddlebrown
KCNK4,saddlebrown
KCNN1,saddlebrown
KCNN3,saddlebrown
KCNQ1,saddlebrown
KCNQ3,saddlebrown
KCNQ4,saddlebrown
KCNQ5,saddlebrown
KCNV1,saddlebrown
KCTD21,saddlebrown
KCTD3,saddlebrown
KDELR2,saddlebrown
KDM2B,saddlebrown
KDM5A,saddlebrown
KIAA0146,saddlebrown
KIAA0240,saddlebrown
KIAA0495,saddlebrown
KIAA0753,saddlebrown
KIAA0754,saddlebrown
KIAA1026,saddlebrown
KIAA1432,saddlebrown
KIAA1529,saddlebrown
KIAA1530,saddlebrown
KIAA1586,saddlebrown
KIAA1632,saddlebrown
KIAA1712,saddlebrown
KIAA1751,saddlebrown
KIAA1826,saddlebrown
KIAA1949,saddlebrown
KIF11,saddlebrown
KIF9,saddlebrown
KIFC1,saddlebrown
KIN,saddlebrown
KIRREL2,saddlebrown
KLC2,saddlebrown
KLC4,saddlebrown
KLF7,saddlebrown
KLHDC9,saddlebrown
KLHL35,saddlebrown
KRAS,saddlebrown
KRI1,saddlebrown
KRTAP2-1,saddlebrown
KSR1,saddlebrown
LARP1,saddlebrown
LARP7,saddlebrown
LDB3,saddlebrown
LDHB,saddlebrown
LEKR1,saddlebrown
LEMD3,saddlebrown
LEPROT,saddlebrown
LHX1,saddlebrown
LHX8,saddlebrown
LIG3,saddlebrown
LIG4,saddlebrown
LIMD2,saddlebrown
LIN52,saddlebrown
LINGO1,saddlebrown
LIPA,saddlebrown
LIX1L,saddlebrown
LLGL2,saddlebrown
LMAN2L,saddlebrown
LMO1,saddlebrown
LMO3,saddlebrown
LMTK2,saddlebrown
LNPEP,saddlebrown
LOC100128239,saddlebrown
LOC100130691,saddlebrown
LOC100130987,saddlebrown
LOC100133612,saddlebrown
LOC100192378,saddlebrown
LOC100302652,saddlebrown
LOC146336,saddlebrown
LOC149837,saddlebrown
LOC282997,saddlebrown
LOC283392,saddlebrown
LOC284440,saddlebrown
LOC285456,saddlebrown
LOC399959,saddlebrown
LOC401397,saddlebrown
LOC440356,saddlebrown
LOC441046,saddlebrown
LOC441666,saddlebrown
LOC648740,saddlebrown
LOC728276,saddlebrown
LOC728392,saddlebrown
LOC729082,saddlebrown
LOC91316,saddlebrown
LOC93622,saddlebrown
LOH12CR1,saddlebrown
LPCAT3,saddlebrown
LPGAT1,saddlebrown
LRFN2,saddlebrown
LRP10,saddlebrown
LRP6,saddlebrown
LRRC23,saddlebrown
LRRC45,saddlebrown
LRRFIP1,saddlebrown
LRWD1,saddlebrown
LSG1,saddlebrown
LSM1,saddlebrown
LSM11,saddlebrown
LSM2,saddlebrown
LSM5,saddlebrown
LSM6,saddlebrown
LTBP2,saddlebrown
LTBP3,saddlebrown
LTBP4,saddlebrown
LYPLA1,saddlebrown
LYST,saddlebrown
MAD1L1,saddlebrown
MAD2L1BP,saddlebrown
MADCAM1,saddlebrown
MAFA,saddlebrown
MAGI3,saddlebrown
MALAT1,saddlebrown
MAML2,saddlebrown
MAN2A1,saddlebrown
MAP2,saddlebrown
MAP2K7,saddlebrown
MAP3K13,saddlebrown
MAP3K9,saddlebrown
MAP4K4,saddlebrown
MAP7,saddlebrown
MAPK1,saddlebrown
MAPK3,saddlebrown
MAPKAPK3,saddlebrown
MAPRE1,saddlebrown
MARCH1,saddlebrown
MARCH11,saddlebrown
MARCH7,saddlebrown
MARCH8,saddlebrown
MARCKS,saddlebrown
MARK4,saddlebrown
MASP1,saddlebrown
MASP2,saddlebrown
MAST2,saddlebrown
MAX,saddlebrown
MBD3,saddlebrown
MBOAT2,saddlebrown
MBTD1,saddlebrown
MCAM,saddlebrown
MCC,saddlebrown
MCL1,saddlebrown
MCM10,saddlebrown
MCM4,saddlebrown
MCM7,saddlebrown
MDC1,saddlebrown
MDH1,saddlebrown
MED10,saddlebrown
MED12L,saddlebrown
MED23,saddlebrown
MED30,saddlebrown
MED31,saddlebrown
MEF2C,saddlebrown
METTL5,saddlebrown
MFN2,saddlebrown
MFSD8,saddlebrown
MGRN1,saddlebrown
MIA3,saddlebrown
MIB2,saddlebrown
MICB,saddlebrown
MINA,saddlebrown
MIR548H4,saddlebrown
MIR760,saddlebrown
MKNK1,saddlebrown
MKRN2,saddlebrown
MLST8,saddlebrown
MME,saddlebrown
MMP15,saddlebrown
MMP16,saddlebrown
MNAT1,saddlebrown
MNT,saddlebrown
MOBP,saddlebrown
MOV10,saddlebrown
MPV17L2,saddlebrown
MRO,saddlebrown
MRP63,saddlebrown
MRPL10,saddlebrown
MRPL12,saddlebrown
MRPL13,saddlebrown
MRPL16,saddlebrown
MRPL33,saddlebrown
MRPL44,saddlebrown
MRPS18A,saddlebrown
MRPS18B,saddlebrown
MRPS5,saddlebrown
MRPS9,saddlebrown
MSL1,saddlebrown
MSL2,saddlebrown
MSRB2,saddlebrown
MT1E,saddlebrown
MT3,saddlebrown
MTA3,saddlebrown
MTF1,saddlebrown
MTFR1,saddlebrown
MTHFD1,saddlebrown
MTMR2,saddlebrown
MTPN,saddlebrown
MTX1,saddlebrown
MUL1,saddlebrown
MUTYH,saddlebrown
MXD1,saddlebrown
MYBL1,saddlebrown
MYBPC2,saddlebrown
MYL12B,saddlebrown
MYLK,saddlebrown
MYO1B,saddlebrown
MYO5A,saddlebrown
MYO6,saddlebrown
MYOCD,saddlebrown
MYOZ3,saddlebrown
MYPOP,saddlebrown
MYT1L,saddlebrown
N4BP2L2,saddlebrown
NAA16,saddlebrown
NAA20,saddlebrown
NAGK,saddlebrown
NALCN,saddlebrown
NAP1L4,saddlebrown
NAPA,saddlebrown
NAPB,saddlebrown
NARFL,saddlebrown
NASP,saddlebrown
NAT15,saddlebrown
NBEAL2,saddlebrown
NBPF1,saddlebrown
NCAPH2,saddlebrown
NCOA5,saddlebrown
NCRNA00173,saddlebrown
NCRNA00219,saddlebrown
NDC80,saddlebrown
NDFIP2,saddlebrown
NDUFA10,saddlebrown
NDUFA3,saddlebrown
NEBL,saddlebrown
NEFM,saddlebrown
NEK4,saddlebrown
NELL2,saddlebrown
NEUROG1,saddlebrown
NF1,saddlebrown
NFATC1,saddlebrown
NFATC3,saddlebrown
NFIA,saddlebrown
NFIC,saddlebrown
NFKB2,saddlebrown
NFU1,saddlebrown
NIN,saddlebrown
NINJ1,saddlebrown
NKAIN1,saddlebrown
NKX2-1,saddlebrown
NKX2-4,saddlebrown
NKX6-2,saddlebrown
NME1,saddlebrown
NMNAT2,saddlebrown
NMNAT3,saddlebrown
NOC2L,saddlebrown
NPEPPS,saddlebrown
NPFFR2,saddlebrown
NPR1,saddlebrown
NPTX2,saddlebrown
NR1D1,saddlebrown
NR2C1,saddlebrown
NR3C1,saddlebrown
NR6A1,saddlebrown
NRBP2,saddlebrown
NRG1,saddlebrown
NRM,saddlebrown
NRSN2,saddlebrown
NSMAF,saddlebrown
NTAN1,saddlebrown
NTM,saddlebrown
NTRK2,saddlebrown
NUCB2,saddlebrown
NUP210,saddlebrown
NUP35,saddlebrown
OCIAD1,saddlebrown
OCIAD2,saddlebrown
ODZ2,saddlebrown
OLFML2B,saddlebrown
OLIG3,saddlebrown
ONECUT3,saddlebrown
OPRD1,saddlebrown
OR2T33,saddlebrown
OR4S1,saddlebrown
OR51B5,saddlebrown
OR7A5,saddlebrown
OR8B4,saddlebrown
ORC5L,saddlebrown
OSBPL3,saddlebrown
OSBPL9,saddlebrown
OSCP1,saddlebrown
OSTN,saddlebrown
OTX1,saddlebrown
OTX2,saddlebrown
OVOL1,saddlebrown
OXR1,saddlebrown
P11,saddlebrown
PACRG,saddlebrown
PACS2,saddlebrown
PAFAH1B3,saddlebrown
PAN2,saddlebrown
PANX2,saddlebrown
PAPD4,saddlebrown
PAQR8,saddlebrown
PARD3,saddlebrown
PATZ1,saddlebrown
PAX1,saddlebrown
PAX2,saddlebrown
PAX5,saddlebrown
PAX6,saddlebrown
PAX8,saddlebrown
PCCA,saddlebrown
PCDH9,saddlebrown
PCDHGA4,saddlebrown
PCGF3,saddlebrown
PCIF1,saddlebrown
PCLO,saddlebrown
PCNT,saddlebrown
PCOLCE2,saddlebrown
PCSK9,saddlebrown
PCYT2,saddlebrown
PDCL,saddlebrown
PDE12,saddlebrown
PDE4A,saddlebrown
PDE4DIP,saddlebrown
PDE7B,saddlebrown
PDGFRA,saddlebrown
PDIA6,saddlebrown
PDLIM1,saddlebrown
PDLIM2,saddlebrown
PDLIM7,saddlebrown
PDP2,saddlebrown
PDS5B,saddlebrown
PDZRN3,saddlebrown
PELI1,saddlebrown
PET112L,saddlebrown
PET117,saddlebrown
PEX13,saddlebrown
PEX26,saddlebrown
PEX5L,saddlebrown
PFAS,saddlebrown
PFDN1,saddlebrown
PGBD1,saddlebrown
PGBD2,saddlebrown
PGS1,saddlebrown
PHACTR2,saddlebrown
PHACTR4,saddlebrown
PHGDH,saddlebrown
PHLDA1,saddlebrown
PHYHIPL,saddlebrown
PIGF,saddlebrown
PIGZ,saddlebrown
PIK3R3,saddlebrown
PIM3,saddlebrown
PIP5K1C,saddlebrown
PLB1,saddlebrown
PLCXD2,saddlebrown
PLEC1,saddlebrown
PLEKHA7,saddlebrown
PLEKHF2,saddlebrown
PLEKHH3,saddlebrown
PLEKHO1,saddlebrown
PLXNC1,saddlebrown
PLXND1,saddlebrown
PNKP,saddlebrown
PNPLA3,saddlebrown
PNRC2,saddlebrown
POLD2,saddlebrown
POLDIP2,saddlebrown
POLG,saddlebrown
POLS,saddlebrown
POM121C,saddlebrown
PON2,saddlebrown
POP7,saddlebrown
POPDC3,saddlebrown
POU2F1,saddlebrown
POU6F1,saddlebrown
POU6F2,saddlebrown
PPA1,saddlebrown
PPAP2A,saddlebrown
PPAP2B,saddlebrown
PPFIA3,saddlebrown
PPHLN1,saddlebrown
PPIA,saddlebrown
PPIC,saddlebrown
PPIF,saddlebrown
PPIL1,saddlebrown
PPM1K,saddlebrown
PPP1R1C,saddlebrown
PPP2R3A,saddlebrown
PPP4R4,saddlebrown
PPRC1,saddlebrown
PQLC3,saddlebrown
PRAM1,saddlebrown
PRDM1,saddlebrown
PRICKLE2,saddlebrown
PRKAB2,saddlebrown
PRKAR2A,saddlebrown
PRKDC,saddlebrown
PRKRA,saddlebrown
PRKRIP1,saddlebrown
PRMT2,saddlebrown
PRMT6,saddlebrown
PROSC,saddlebrown
PRPF19,saddlebrown
PRPF40B,saddlebrown
PRR15,saddlebrown
PRR23A,saddlebrown
PRR24,saddlebrown
PRR3,saddlebrown
PRRT3,saddlebrown
PRSS12,saddlebrown
PRSS35,saddlebrown
PSMA3,saddlebrown
PSMA4,saddlebrown
PSMA7,saddlebrown
PSMB5,saddlebrown
PSMB9,saddlebrown
PSMC3IP,saddlebrown
PSMC4,saddlebrown
PSMD2,saddlebrown
PSME4,saddlebrown
PSMF1,saddlebrown
PSMG1,saddlebrown
PSTPIP2,saddlebrown
PTER,saddlebrown
PTGES2,saddlebrown
PTK2B,saddlebrown
PTPLA,saddlebrown
PTPN1,saddlebrown
PTPRF,saddlebrown
PTPRJ,saddlebrown
PTPRN2,saddlebrown
PTPRU,saddlebrown
PTS,saddlebrown
PVRL2,saddlebrown
PVT1,saddlebrown
PWP2,saddlebrown
PXN,saddlebrown
PYGL,saddlebrown
QRICH1,saddlebrown
R3HCC1,saddlebrown
R3HDM1,saddlebrown
RAB18,saddlebrown
RAB1B,saddlebrown
RAB33B,saddlebrown
RAB3C,saddlebrown
RAB3GAP2,saddlebrown
RAB43,saddlebrown
RAB5A,saddlebrown
RAB7A,saddlebrown
RABEP1,saddlebrown
RAD1,saddlebrown
RAD21L1,saddlebrown
RAD9A,saddlebrown
RAI1,saddlebrown
RAI14,saddlebrown
RALGAPA2,saddlebrown
RALGPS2,saddlebrown
RAP1GAP2,saddlebrown
RAP2A,saddlebrown
RAP2B,saddlebrown
RAPH1,saddlebrown
RARG,saddlebrown
RASGEF1A,saddlebrown
RASGRP1,saddlebrown
RASL12,saddlebrown
RASSF1,saddlebrown
RBM20,saddlebrown
RBM45,saddlebrown
RBM47,saddlebrown
RBM8A,saddlebrown
RBP1,saddlebrown
RBPJ,saddlebrown
RBPMS,saddlebrown
RCHY1,saddlebrown
RECQL5,saddlebrown
RERE,saddlebrown
REXO2,saddlebrown
RFTN1,saddlebrown
RFWD2,saddlebrown
RFX4,saddlebrown
RG9MTD2,saddlebrown
RGS16,saddlebrown
RHBDL3,saddlebrown
RHEB,saddlebrown
RHOBTB3,saddlebrown
RHOT2,saddlebrown
RIC8B,saddlebrown
RIN1,saddlebrown
RNASE9,saddlebrown
RNASEN,saddlebrown
RNASET2,saddlebrown
RNF135,saddlebrown
RNF138,saddlebrown
RNF14,saddlebrown
RNF145,saddlebrown
RNF152,saddlebrown
RNF165,saddlebrown
RNF216,saddlebrown
RNF39,saddlebrown
RNFT2,saddlebrown
RNPS1,saddlebrown
RNU5E,saddlebrown
RORA,saddlebrown
RP11-529I10.4,saddlebrown
RP9,saddlebrown
RPA2,saddlebrown
RPAIN,saddlebrown
RPAP2,saddlebrown
RPF2,saddlebrown
RPH3AL,saddlebrown
RPIA,saddlebrown
RPL24,saddlebrown
RPL28,saddlebrown
RPL32P3,saddlebrown
RPL35,saddlebrown
RPL7,saddlebrown
RPLP2,saddlebrown
RPP30,saddlebrown
RPRM,saddlebrown
RPS14,saddlebrown
RPS21,saddlebrown
RPS23,saddlebrown
RPS6KA5,saddlebrown
RRAS2,saddlebrown
RSPH4A,saddlebrown
RSPO3,saddlebrown
RTN4,saddlebrown
RTN4IP1,saddlebrown
RUFY1,saddlebrown
RUNX1,saddlebrown
RWDD3,saddlebrown
S1PR1,saddlebrown
SALL3,saddlebrown
SAMHD1,saddlebrown
SAPS1,saddlebrown
SARM1,saddlebrown
SCAMP3,saddlebrown
SCAP,saddlebrown
SCHIP1,saddlebrown
SCYL1,saddlebrown
SDC2,saddlebrown
SDCCAG1,saddlebrown
SEC22A,saddlebrown
SEC24B,saddlebrown
SEC61A1,saddlebrown
SEC61A2,saddlebrown
SEL1L3,saddlebrown
SELENBP1,saddlebrown
SEMA4F,saddlebrown
SEMA6C,saddlebrown
SEMA7A,saddlebrown
SEPHS2,saddlebrown
SEPSECS,saddlebrown
SEPT10,saddlebrown
SEPT11,saddlebrown
SEPT9,saddlebrown
SEPW1,saddlebrown
SERPINE2,saddlebrown
SERTAD1,saddlebrown
SESN3,saddlebrown
SETD7,saddlebrown
SF3B1,saddlebrown
SF3B5,saddlebrown
SFRP4,saddlebrown
SFRS1,saddlebrown
SFRS11,saddlebrown
SFRS13B,saddlebrown
SFRS2IP,saddlebrown
SFT2D1,saddlebrown
SFT2D2,saddlebrown
SFXN2,saddlebrown
SGEF,saddlebrown
SGK196,saddlebrown
SGOL1,saddlebrown
SH2B1,saddlebrown
SH3GL2,saddlebrown
SHANK2,saddlebrown
SHC1,saddlebrown
SHFM1,saddlebrown
SHH,saddlebrown
SIK2,saddlebrown
SIN3A,saddlebrown
SIRT4,saddlebrown
SIRT5,saddlebrown
SIRT6,saddlebrown
SIX5,saddlebrown
SKA2,saddlebrown
SKAP1,saddlebrown
SKIL,saddlebrown
SLC19A2,saddlebrown
SLC1A3,saddlebrown
SLC24A3,saddlebrown
SLC25A15,saddlebrown
SLC25A19,saddlebrown
SLC25A32,saddlebrown
SLC25A36,saddlebrown
SLC25A39,saddlebrown
SLC27A1,saddlebrown
SLC29A3,saddlebrown
SLC2A3,saddlebrown
SLC2A4,saddlebrown
SLC30A4,saddlebrown
SLC33A1,saddlebrown
SLC35C1,saddlebrown
SLC35E3,saddlebrown
SLC37A4,saddlebrown
SLC39A10,saddlebrown
SLC44A2,saddlebrown
SLC5A3,saddlebrown
SLC5A6,saddlebrown
SLC7A6,saddlebrown
SLC8A1,saddlebrown
SLC8A3,saddlebrown
SLC9A3,saddlebrown
SLC9A8,saddlebrown
SLCO5A1,saddlebrown
SLK,saddlebrown
SMAD1,saddlebrown
SMAD4,saddlebrown
SMARCA5,saddlebrown
SMARCAL1,saddlebrown
SMARCD3,saddlebrown
SMCR7,saddlebrown
SMEK1,saddlebrown
SMEK2,saddlebrown
SMOC2,saddlebrown
SNAP25,saddlebrown
SNCAIP,saddlebrown
SNED1,saddlebrown
SNIP1,saddlebrown
SNN,saddlebrown
SNORA26,saddlebrown
SNRPD3,saddlebrown
SNTB1,saddlebrown
SNTG1,saddlebrown
SNX15,saddlebrown
SNX26,saddlebrown
SNX8,saddlebrown
SNX9,saddlebrown
SOAT1,saddlebrown
SOCS5,saddlebrown
SOD1,saddlebrown
SON,saddlebrown
SORD,saddlebrown
SOX12,saddlebrown
SOX5,saddlebrown
SP8,saddlebrown
SP9,saddlebrown
SPATA24,saddlebrown
SPATA4,saddlebrown
SPATA7,saddlebrown
SPEF1,saddlebrown
SPPL2A,saddlebrown
SPRY2,saddlebrown
SPRY4,saddlebrown
SPRYD3,saddlebrown
SPSB1,saddlebrown
SRCAP,saddlebrown
SRI,saddlebrown
SRM,saddlebrown
SRPK2,saddlebrown
SS18L1,saddlebrown
SSR1,saddlebrown
ST3GAL4,saddlebrown
STARD10,saddlebrown
STARD13,saddlebrown
STAT2,saddlebrown
STAU2,saddlebrown
STIM2,saddlebrown
STK11IP,saddlebrown
STK17B,saddlebrown
STK38L,saddlebrown
STK4,saddlebrown
STRA13,saddlebrown
STRN3,saddlebrown
STX2,saddlebrown
STX5,saddlebrown
STX6,saddlebrown
STYK1,saddlebrown
SUB1,saddlebrown
SUGT1,saddlebrown
SUPV3L1,saddlebrown
SUV420H1,saddlebrown
SUV420H2,saddlebrown
SYCE1,saddlebrown
SYNC,saddlebrown
SYNM,saddlebrown
SYPL1,saddlebrown
T,saddlebrown
TACO1,saddlebrown
TACR1,saddlebrown
TAF13,saddlebrown
TAF3,saddlebrown
TAF5,saddlebrown
TANC1,saddlebrown
TBC1D14,saddlebrown
TBC1D16,saddlebrown
TBC1D8,saddlebrown
TBCK,saddlebrown
TBL2,saddlebrown
TBRG1,saddlebrown
TCEA1,saddlebrown
TCEB3,saddlebrown
TCF15,saddlebrown
TCF25,saddlebrown
TCF3,saddlebrown
TCF7L1,saddlebrown
TCHP,saddlebrown
TCTN2,saddlebrown
TDP1,saddlebrown
TDRD3,saddlebrown
TDRKH,saddlebrown
TEAD1,saddlebrown
TESK2,saddlebrown
TESSP1,saddlebrown
TET1,saddlebrown
TEX9,saddlebrown
TFPI2,saddlebrown
TGDS,saddlebrown
TGFB1I1,saddlebrown
THBS2,saddlebrown
THYN1,saddlebrown
TIE1,saddlebrown
TJP1,saddlebrown
TLCD1,saddlebrown
TM2D2,saddlebrown
TMCO6,saddlebrown
TMED10,saddlebrown
TMED7,saddlebrown
TMEM106B,saddlebrown
TMEM107,saddlebrown
TMEM109,saddlebrown
TMEM121,saddlebrown
TMEM132C,saddlebrown
TMEM143,saddlebrown
TMEM144,saddlebrown
TMEM146,saddlebrown
TMEM14B,saddlebrown
TMEM150C,saddlebrown
TMEM171,saddlebrown
TMEM179B,saddlebrown
TMEM180,saddlebrown
TMEM199,saddlebrown
TMEM209,saddlebrown
TMEM214,saddlebrown
TMEM5,saddlebrown
TMEM55B,saddlebrown
TMEM56,saddlebrown
TMEM59,saddlebrown
TMEM62,saddlebrown
TMEM80,saddlebrown
TMEM93,saddlebrown
TMPRSS6,saddlebrown
TMX2,saddlebrown
TNFAIP8,saddlebrown
TNFRSF21,saddlebrown
TNRC18,saddlebrown
TOP3A,saddlebrown
TOP3B,saddlebrown
TOPBP1,saddlebrown
TP53INP2,saddlebrown
TP53RK,saddlebrown
TP53TG1,saddlebrown
TPD52L1,saddlebrown
TPI1,saddlebrown
TPK1,saddlebrown
TPR,saddlebrown
TPRG1L,saddlebrown
TRAFD1,saddlebrown
TRAK2,saddlebrown
TRAPPC9,saddlebrown
TRIM28,saddlebrown
TRIM31,saddlebrown
TRIM39,saddlebrown
TRIM68,saddlebrown
TRMT2A,saddlebrown
TRPM8,saddlebrown
TSC22D2,saddlebrown
TSEN15,saddlebrown
TSPAN12,saddlebrown
TSPAN18,saddlebrown
TSPAN5,saddlebrown
TSPYL4,saddlebrown
TTC25,saddlebrown
TTF2,saddlebrown
TTLL11,saddlebrown
TTLL5,saddlebrown
TTPA,saddlebrown
TTYH3,saddlebrown
TUBB,saddlebrown
TULP3,saddlebrown
TUT1,saddlebrown
TWF1,saddlebrown
TWF2,saddlebrown
TXK,saddlebrown
TXLNA,saddlebrown
TXNDC11,saddlebrown
TXNDC12,saddlebrown
TXNRD1,saddlebrown
TXNRD2,saddlebrown
TYK2,saddlebrown
U2AF2,saddlebrown
UAP1,saddlebrown
UBA52,saddlebrown
UBE2D1,saddlebrown
UBE2D2,saddlebrown
UBE2Q1,saddlebrown
UBE2U,saddlebrown
UBE2V2,saddlebrown
UBE4B,saddlebrown
UBFD1,saddlebrown
UBLCP1,saddlebrown
UBR1,saddlebrown
UBTD1,saddlebrown
UBXN8,saddlebrown
UFC1,saddlebrown
UGCG,saddlebrown
UGGT1,saddlebrown
UNC13A,saddlebrown
UNC5D,saddlebrown
UNC80,saddlebrown
UNC84A,saddlebrown
UPF2,saddlebrown
USF2,saddlebrown
USP1,saddlebrown
USP13,saddlebrown
USP18,saddlebrown
USP2,saddlebrown
USP21,saddlebrown
USP24,saddlebrown
USP3,saddlebrown
USP36,saddlebrown
USP43,saddlebrown
USP5,saddlebrown
UTP20,saddlebrown
UTP6,saddlebrown
VAC14,saddlebrown
VAMP1,saddlebrown
VAMP5,saddlebrown
VAV3,saddlebrown
VEGFC,saddlebrown
VENTX,saddlebrown
VGLL2,saddlebrown
VIPR2,saddlebrown
VPS26A,saddlebrown
VPS41,saddlebrown
VPS52,saddlebrown
VPS53,saddlebrown
VTI1B,saddlebrown
WAC,saddlebrown
WBP1,saddlebrown
WDR11,saddlebrown
WDR36,saddlebrown
WDR37,saddlebrown
WDR54,saddlebrown
WDR7,saddlebrown
WDR75,saddlebrown
WIPI2,saddlebrown
WIZ,saddlebrown
WNK1,saddlebrown
WNT2,saddlebrown
WNT6,saddlebrown
WRAP53,saddlebrown
WWC1,saddlebrown
WWOX,saddlebrown
XKR6,saddlebrown
YAP1,saddlebrown
YIPF1,saddlebrown
YLPM1,saddlebrown
YTHDC1,saddlebrown
YTHDF1,saddlebrown
YWHAB,saddlebrown
ZBTB11,saddlebrown
ZBTB20,saddlebrown
ZBTB4,saddlebrown
ZBTB5,saddlebrown
ZBTB9,saddlebrown
ZC3HAV1,saddlebrown
ZC3HC1,saddlebrown
ZCCHC17,saddlebrown
ZCCHC3,saddlebrown
ZDHHC1,saddlebrown
ZDHHC14,saddlebrown
ZDHHC16,saddlebrown
ZDHHC24,saddlebrown
ZEB1,saddlebrown
ZFAND1,saddlebrown
ZFHX3,saddlebrown
ZFP2,saddlebrown
ZFP62,saddlebrown
ZFYVE28,saddlebrown
ZFYVE9,saddlebrown
ZKSCAN5,saddlebrown
ZMIZ2,saddlebrown
ZMYM1,saddlebrown
ZMYM2,saddlebrown
ZNF10,saddlebrown
ZNF133,saddlebrown
ZNF18,saddlebrown
ZNF180,saddlebrown
ZNF200,saddlebrown
ZNF221,saddlebrown
ZNF252,saddlebrown
ZNF260,saddlebrown
ZNF264,saddlebrown
ZNF276,saddlebrown
ZNF282,saddlebrown
ZNF284,saddlebrown
ZNF324,saddlebrown
ZNF333,saddlebrown
ZNF347,saddlebrown
ZNF438,saddlebrown
ZNF445,saddlebrown
ZNF498,saddlebrown
ZNF509,saddlebrown
ZNF512,saddlebrown
ZNF527,saddlebrown
ZNF528,saddlebrown
ZNF542,saddlebrown
ZNF544,saddlebrown
ZNF561,saddlebrown
ZNF572,saddlebrown
ZNF574,saddlebrown
ZNF576,saddlebrown
ZNF585B,saddlebrown
ZNF598,saddlebrown
ZNF615,saddlebrown
ZNF620,saddlebrown
ZNF642,saddlebrown
ZNF664,saddlebrown
ZNF668,saddlebrown
ZNF680,saddlebrown
ZNF684,saddlebrown
ZNF696,saddlebrown
ZNF702P,saddlebrown
ZNF720,saddlebrown
ZNF76,saddlebrown
ZNF768,saddlebrown
ZNF771,saddlebrown
ZNF785,saddlebrown
ZNF827,saddlebrown
ZNF828,saddlebrown
ZNHIT2,saddlebrown
ZSCAN23,saddlebrown
ZWILCH,saddlebrown
A2BP1,salmon
AACS,salmon
AANAT,salmon
AARSD1,salmon
AASDH,salmon
AASS,salmon
ABAT,salmon
ABCA13,salmon
ABCA2,salmon
ABCA4,salmon
ABCA8,salmon
ABCB5,salmon
ABCC3,salmon
ABCD3,salmon
ABCF1,salmon
ABCG1,salmon
ABHD15,salmon
ABHD5,salmon
ABL2,salmon
ABLIM2,salmon
ABR,salmon
ACADL,salmon
ACAP2,salmon
ACBD7,salmon
ACHE,salmon
ACOT11,salmon
ACOT7,salmon
ACOX3,salmon
ACSL1,salmon
ACSL5,salmon
ACTL9,salmon
ACTN2,salmon
ACY1,salmon
ADAL,salmon
ADAM12,salmon
ADAM22,salmon
ADAM5P,salmon
ADAMTS17,salmon
ADAMTS2,salmon
ADAMTSL3,salmon
ADAP1,salmon
ADARB2,salmon
ADCK4,salmon
ADCK5,salmon
ADD3,salmon
ADHFE1,salmon
ADORA3,salmon
ADSSL1,salmon
AFAP1,salmon
AFF3,salmon
AGAP1,salmon
AGBL4,salmon
AGFG1,salmon
AGK,salmon
AGMAT,salmon
AGPAT1,salmon
AGR2,salmon
AGTRAP,salmon
AHCYL2,salmon
AHNAK2,salmon
AHRR,salmon
AIMP1,salmon
AK5,salmon
AKAP12,salmon
AKAP13,salmon
AKT3,salmon
ALCAM,salmon
ALDH18A1,salmon
ALDH1L1,salmon
ALG14,salmon
ALKBH2,salmon
ALKBH3,salmon
ALOX12P2,salmon
ALOX5AP,salmon
ALPK1,salmon
ALX1,salmon
ALX4,salmon
AMBRA1,salmon
AMD1,salmon
AMHR2,salmon
AMMECR1L,salmon
AMOTL1,salmon
ANAPC10,salmon
ANGEL2,salmon
ANKLE2,salmon
ANKMY1,salmon
ANKRD10,salmon
ANKRD11,salmon
ANKRD22,salmon
ANKRD28,salmon
ANKRD34A,salmon
ANKRD46,salmon
ANKZF1,salmon
ANO1,salmon
ANO5,salmon
ANO6,salmon
ANP32B,salmon
ANTXR2,salmon
ANXA2,salmon
ANXA7,salmon
AP2A2,salmon
AP2B1,salmon
AP2M1,salmon
AP4E1,salmon
APAF1,salmon
APBA1,salmon
APBB2,salmon
APC2,salmon
APCDD1L,salmon
APOA1BP,salmon
APOB48R,salmon
APPL2,salmon
AQR,salmon
ARAP2,salmon
ARFGAP2,salmon
ARFGAP3,salmon
ARFGEF1,salmon
ARG1,salmon
ARHGAP10,salmon
ARHGAP18,salmon
ARHGAP29,salmon
ARHGEF10,salmon
ARHGEF18,salmon
ARID1B,salmon
ARID3B,salmon
ARID4B,salmon
ARID5B,salmon
ARL1,salmon
ARL3,salmon
ARMC1,salmon
ARMC3,salmon
ARRDC4,salmon
ARVCF,salmon
ASAH1,salmon
ASAH2B,salmon
ASAP1IT1,salmon
ASB10,salmon
ASB13,salmon
ASB18,salmon
ASB5,salmon
ASPG,salmon
ASPH,salmon
ASPM,salmon
ASRGL1,salmon
ASTN1,salmon
ASXL3,salmon
ATAD1,salmon
ATF6,salmon
ATF6B,salmon
ATG7,salmon
ATG9A,salmon
ATL1,salmon
ATM,salmon
ATOH7,salmon
ATOX1,salmon
ATP10A,salmon
ATP10B,salmon
ATP11A,salmon
ATP12A,salmon
ATP13A5,salmon
ATP2A3,salmon
ATP2C1,salmon
ATP4A,salmon
ATP5G1,salmon
ATP5H,salmon
ATP6V0A1,salmon
ATP6V1E1,salmon
ATP6V1G3,salmon
ATP8A2,salmon
ATP8B4,salmon
ATPGD1,salmon
ATRNL1,salmon
ATXN7,salmon
ATXN7L1,salmon
AUTS2,salmon
AVP,salmon
AXIN1,salmon
B3GALT1,salmon
B3GNTL1,salmon
B4GALNT3,salmon
BACE2,salmon
BAI1,salmon
BAI3,salmon
BAT3,salmon
BATF3,salmon
BBC3,salmon
BBS4,salmon
BCAS2,salmon
BCAS3,salmon
BCAS4,salmon
BCL11B,salmon
BCL2L11,salmon
BCL3,salmon
BCL6B,salmon
BCMO1,salmon
BCS1L,salmon
BDNF,salmon
BEND7,salmon
BHMT,salmon
BICC1,salmon
BIN1,salmon
BIN3,salmon
BMI1,salmon
BMP3,salmon
BMP6,salmon
BMPER,salmon
BNC2,salmon
BPESC1,salmon
BPHL,salmon
BPI,salmon
BPNT1,salmon
BRE,salmon
BRF1,salmon
BRP44L,salmon
BTBD11,salmon
BTG4,salmon
BTN1A1,salmon
BTN3A1,salmon
BTNL2,salmon
BUB1B,salmon
BUB3,salmon
C10ORF107,salmon
C10ORF11,salmon
C10ORF118,salmon
C10ORF122,salmon
C10ORF128,salmon
C10ORF18,salmon
C10ORF41,salmon
C10ORF46,salmon
C10ORF67,salmon
C11ORF63,salmon
C11ORF75,salmon
C11ORF9,salmon
C11ORF91,salmon
C13ORF1,salmon
C13ORF18,salmon
C14ORF118,salmon
C14ORF143,salmon
C14ORF162,salmon
C14ORF165,salmon
C14ORF183,salmon
C14ORF37,salmon
C14ORF4,salmon
C14ORF79,salmon
C15ORF21,salmon
C15ORF26,salmon
C15ORF27,salmon
C15ORF40,salmon
C15ORF41,salmon
C15ORF42,salmon
C15ORF48,salmon
C15ORF53,salmon
C16ORF11,salmon
C16ORF62,salmon
C16ORF63,salmon
C16ORF91,salmon
C17ORF104,salmon
C17ORF51,salmon
C17ORF79,salmon
C17ORF80,salmon
C17ORF81,salmon
C17ORF99,salmon
C18ORF1,salmon
C18ORF54,salmon
C18ORF62,salmon
C19ORF35,salmon
C19ORF50,salmon
C19ORF51,salmon
C19ORF61,salmon
C1GALT1,salmon
C1ORF100,salmon
C1ORF105,salmon
C1ORF115,salmon
C1ORF125,salmon
C1ORF146,salmon
C1ORF161,salmon
C1ORF173,salmon
C1ORF21,salmon
C1ORF210,salmon
C1ORF212,salmon
C1ORF227,salmon
C1ORF25,salmon
C1ORF43,salmon
C1ORF56,salmon
C1ORF59,salmon
C1ORF97,salmon
C1QB,salmon
C1QTNF7,salmon
C2,salmon
C21ORF49,salmon
C21ORF56,salmon
C22ORF30,salmon
C22ORF34,salmon
C2ORF29,salmon
C2ORF3,salmon
C2ORF42,salmon
C2ORF55,salmon
C2ORF58,salmon
C2ORF70,salmon
C2ORF83,salmon
C2ORF86,salmon
C3ORF17,salmon
C3ORF26,salmon
C3ORF43,salmon
C3ORF67,salmon
C4ORF14,salmon
C5,salmon
C5ORF32,salmon
C5ORF38,salmon
C5ORF53,salmon
C5ORF56,salmon
C5ORF58,salmon
C6ORF10,salmon
C6ORF105,salmon
C6ORF115,salmon
C6ORF125,salmon
C6ORF127,salmon
C6ORF129,salmon
C6ORF134,salmon
C6ORF136,salmon
C6ORF147,salmon
C6ORF174,salmon
C6ORF182,salmon
C6ORF186,salmon
C6ORF192,salmon
C6ORF203,salmon
C6ORF217,salmon
C6ORF218,salmon
C6ORF221,salmon
C6ORF26,salmon
C6ORF35,salmon
C6ORF47,salmon
C6ORF57,salmon
C7ORF16,salmon
C7ORF20,salmon
C7ORF38,salmon
C7ORF44,salmon
C7ORF50,salmon
C7ORF55,salmon
C8ORF34,salmon
C8ORF39,salmon
C8ORF79,salmon
C9ORF109,salmon
C9ORF144,salmon
C9ORF144B,salmon
C9ORF153,salmon
C9ORF47,salmon
C9ORF72,salmon
C9ORF84,salmon
CACNA1C,salmon
CACNA1E,salmon
CACNA2D1,salmon
CACNA2D3,salmon
CACNB3,salmon
CACNB4,salmon
CADM1,salmon
CALD1,salmon
CALHM2,salmon
CALML3,salmon
CAMKK2,salmon
CAMTA1,salmon
CAND2,salmon
CANX,salmon
CAPN14,salmon
CAPNS1,salmon
CAPS2,salmon
CAPZA2,salmon
CARD11,salmon
CAST,salmon
CASZ1,salmon
CAT,salmon
CATSPERB,salmon
CAV1,salmon
CBFA2T2,salmon
CBFA2T3,salmon
CBLN3,salmon
CBX7,salmon
CCBP2,salmon
CCDC126,salmon
CCDC138,salmon
CCDC152,salmon
CCDC17,salmon
CCDC18,salmon
CCDC33,salmon
CCDC48,salmon
CCDC50,salmon
CCDC53,salmon
CCDC61,salmon
CCDC67,salmon
CCDC77,salmon
CCDC88A,salmon
CCDC88C,salmon
CCDC96,salmon
CCHCR1,salmon
CCNB1IP1,salmon
CCNC,salmon
CCNY,salmon
CCT8,salmon
CD160,salmon
CD164L2,salmon
CD1D,salmon
CD247,salmon
CD2AP,salmon
CD3G,salmon
CD47,salmon
CD58,salmon
CD82,salmon
CD8A,salmon
CDC20B,salmon
CDC23,salmon
CDC42BPA,salmon
CDC42BPB,salmon
CDC42EP5,salmon
CDC5L,salmon
CDC73,salmon
CDGAP,salmon
CDH1,salmon
CDH13,salmon
CDH17,salmon
CDH18,salmon
CDH23,salmon
CDH3,salmon
CDK3,salmon
CDKAL1,salmon
CDKN1C,salmon
CDR2L,salmon
CDS1,salmon
CDYL,salmon
CEBPG,salmon
CENPBD1,salmon
CENPF,salmon
CENPQ,salmon
CEP164,salmon
CEP350,salmon
CEP97,salmon
CFTR,salmon
CGNL1,salmon
CHAF1B,salmon
CHCHD3,salmon
CHD8,salmon
CHFR,salmon
CHMP2B,salmon
CHMP4B,salmon
CHN1,salmon
CHPT1,salmon
CHRNA3,salmon
CHST2,salmon
CHST8,salmon
CHURC1,salmon
CIB2,salmon
CITED2,salmon
CITED4,salmon
CKAP5,salmon
CKLF,salmon
CLDND1,salmon
CLEC16A,salmon
CLEC2A,salmon
CLEC3A,salmon
CLEC9A,salmon
CLNK,salmon
CLPTM1L,salmon
CLSTN2,salmon
CLSTN3,salmon
CLVS1,salmon
CMIP,salmon
CMTM3,salmon
CNIH,salmon
CNNM1,salmon
CNNM2,salmon
CNOT2,salmon
CNOT4,salmon
CNPY1,salmon
CNR2,salmon
CNRIP1,salmon
CNTN1,salmon
CNTN3,salmon
CNTN6,salmon
CNTNAP2,salmon
COBL,salmon
COBRA1,salmon
COCH,salmon
COIL,salmon
COL10A1,salmon
COL11A2,salmon
COL13A1,salmon
COL16A1,salmon
COL17A1,salmon
COL1A2,salmon
COL23A1,salmon
COL29A1,salmon
COL4A1,salmon
COL4A2,salmon
COL8A1,salmon
COL9A2,salmon
COMT,salmon
COPB2,salmon
COPS3,salmon
COPZ1,salmon
COQ10A,salmon
CPA4,salmon
CPA6,salmon
CPLX1,salmon
CPLX4,salmon
CPPED1,salmon
CPT1C,salmon
CPXM2,salmon
CPZ,salmon
CRCT1,salmon
CREB5,salmon
CREM,salmon
CRHR1,salmon
CRIP1,salmon
CRIP2,salmon
CRISP1,salmon
CRISPLD2,salmon
CRLS1,salmon
CROCC,salmon
CRYBB1,salmon
CRYBB3,salmon
CRYBG3,salmon
CRYGS,salmon
CSE1L,salmon
CSMD1,salmon
CSMD2,salmon
CSMD3,salmon
CSRP2,salmon
CSTL1,salmon
CTBP1,salmon
CTDP1,salmon
CTDSPL,salmon
CTH,salmon
CTNNA1,salmon
CTNNA2,salmon
CTNNA3,salmon
CTNND1,salmon
CTSB,salmon
CTSS,salmon
CTTN,salmon
CTU2,salmon
CUL4A,salmon
CUX1,salmon
CUX2,salmon
CWF19L2,salmon
CYBA,salmon
CYBRD1,salmon
CYFIP1,salmon
CYLD,salmon
CYMP,salmon
CYP1A1,salmon
CYP27C1,salmon
CYP2C19,salmon
CYP2E1,salmon
CYP2F1,salmon
CYP2U1,salmon
CYP39A1,salmon
CYP4V2,salmon
CYP7B1,salmon
CYTH2,salmon
D2HGDH,salmon
DAAM1,salmon
DAB1,salmon
DAB2IP,salmon
DAD1,salmon
DAPK1,salmon
DAPK2,salmon
DAPK3,salmon
DBF4B,salmon
DBP,salmon
DBR1,salmon
DCAF6,salmon
DCAF8,salmon
DCC,salmon
DCLK1,salmon
DCLK2,salmon
DCTN2,salmon
DCUN1D2,salmon
DDI2,salmon
DDRGK1,salmon
DDX10,salmon
DDX21,salmon
DDX43,salmon
DEAF1,salmon
DECR2,salmon
DEFB135,salmon
DEFB136,salmon
DENND5A,salmon
DENR,salmon
DEPDC6,salmon
DET1,salmon
DGCR10,salmon
DGCR6L,salmon
DGKD,salmon
DGKQ,salmon
DGKZ,salmon
DHDDS,salmon
DHRS3,salmon
DHX36,salmon
DHX40,salmon
DIDO1,salmon
DIP2C,salmon
DIRAS3,salmon
DIRC2,salmon
DIRC3,salmon
DIS3,salmon
DKFZP586I1420,salmon
DKFZP779M0652,salmon
DKK3,salmon
DLEU7,salmon
DLG2,salmon
DLG4,salmon
DLGAP1,salmon
DLGAP2,salmon
DLGAP4,salmon
DLK1,salmon
DMXL1,salmon
DMXL2,salmon
DNAH1,salmon
DNAH10,salmon
DNAH17,salmon
DNAH3,salmon
DNAJB6,salmon
DNAJC12,salmon
DNAJC27,salmon
DNAJC5G,salmon
DNAJC7,salmon
DNAJC8,salmon
DNAL1,salmon
DNM3,salmon
DNMT3B,salmon
DOCK2,salmon
DOCK7,salmon
DOCK9,salmon
DOPEY2,salmon
DOT1L,salmon
DPAGT1,salmon
DPF3,salmon
DPH3B,salmon
DPH5,salmon
DPM3,salmon
DPP10,salmon
DPP4,salmon
DPP6,salmon
DPP9,salmon
DRAM1,salmon
DSCAML1,salmon
DSCR8,salmon
DSG3,salmon
DSG4,salmon
DSP,salmon
DST,salmon
DTNBP1,salmon
DTWD2,salmon
DTYMK,salmon
DUSP10,salmon
DUSP11,salmon
DUSP4,salmon
DUSP7,salmon
DVL2,salmon
DYNC1H1,salmon
DYNC1I1,salmon
DYNC2LI1,salmon
DYSF,salmon
EBF1,salmon
EBF3,salmon
ECHDC1,salmon
ECHDC3,salmon
ECT2L,salmon
EDEM2,salmon
EDF1,salmon
EEF1DP3,salmon
EFCAB2,salmon
EFHD2,salmon
EFNA5,salmon
EFNB2,salmon
EGFR,salmon
EHBP1,salmon
EHMT2,salmon
EIF2B3,salmon
EIF2C2,salmon
EIF3A,salmon
EIF3B,salmon
EIF3M,salmon
EIF4EBP1,salmon
EIF4H,salmon
ELF1,salmon
ELF3,salmon
ELK3,salmon
ELL2,salmon
ELOVL5,salmon
ELP3,salmon
EME2,salmon
EMILIN2,salmon
EML2,salmon
EML4,salmon
ENO1,salmon
ENOX1,salmon
ENPP1,salmon
ENPP2,salmon
ENPP4,salmon
ENPP5,salmon
ENPP7,salmon
EOMES,salmon
EP400NL,salmon
EPB41L2,salmon
EPB41L4A,salmon
EPC1,salmon
EPC2,salmon
EPHB2,salmon
EPHB4,salmon
EPHX1,salmon
EPOR,salmon
ERAP2,salmon
ERBB2,salmon
ERBB2IP,salmon
ERC2,salmon
ERCC4,salmon
ERCC8,salmon
ERGIC1,salmon
ERICH1,salmon
ESD,salmon
ETS1,salmon
ETV6,salmon
EVL,salmon
EWSR1,salmon
EXD3,salmon
EXOC2,salmon
EXOC3,salmon
EXOC3L2,salmon
EXOC4,salmon
EXOC5,salmon
EXOC6,salmon
EXOSC8,salmon
EXPH5,salmon
EXT1,salmon
EYA4,salmon
EZH1,salmon
F10,salmon
F13B,salmon
FA2H,salmon
FABP9,salmon
FADS1,salmon
FAF1,salmon
FAM10A4,salmon
FAM110B,salmon
FAM118A,salmon
FAM119B,salmon
FAM120A,salmon
FAM125B,salmon
FAM135A,salmon
FAM158A,salmon
FAM160A1,salmon
FAM168A,salmon
FAM171A2,salmon
FAM176A,salmon
FAM188A,salmon
FAM189A1,salmon
FAM18A,salmon
FAM190A,salmon
FAM190B,salmon
FAM196A,salmon
FAM19A3,salmon
FAM19A5,salmon
FAM20B,salmon
FAM20C,salmon
FAM26D,salmon
FAM35A,salmon
FAM40A,salmon
FAM53A,salmon
FAM53B,salmon
FAM60A,salmon
FAM69B,salmon
FAM76A,salmon
FAM78B,salmon
FAM92A1,salmon
FAM96A,salmon
FAM98B,salmon
FANCC,salmon
FANCF,salmon
FANCL,salmon
FANK1,salmon
FARP1,salmon
FARP2,salmon
FARSB,salmon
FAT1,salmon
FAT2,salmon
FBRSL1,salmon
FBXL17,salmon
FBXL21,salmon
FBXL3,salmon
FBXO21,salmon
FBXO31,salmon
FBXO48,salmon
FBXO7,salmon
FBXW12,salmon
FBXW7,salmon
FCAMR,salmon
FCF1,salmon
FCHSD1,salmon
FCRL2,salmon
FCRL3,salmon
FDFT1,salmon
FDPS,salmon
FECH,salmon
FEM1C,salmon
FEN1,salmon
FER1L5,salmon
FER1L6,salmon
FGF18,salmon
FGF2,salmon
FGF22,salmon
FGF4,salmon
FGFRL1,salmon
FHIT,salmon
FKBP5,salmon
FKBP7,salmon
FLJ22536,salmon
FLJ25328,salmon
FLJ45983,salmon
FLJ90757,salmon
FLRT1,salmon
FLRT2,salmon
FLVCR1,salmon
FMN1,salmon
FMNL2,salmon
FMO2,salmon
FN1,salmon
FNDC1,salmon
FNDC3A,salmon
FNDC3B,salmon
FNIP2,salmon
FOXM1,salmon
FOXN3,salmon
FOXO3,salmon
FOXP1,salmon
FOXP4,salmon
FRAS1,salmon
FRS3,salmon
FSCN3,salmon
FSIP1,salmon
FST,salmon
FUCA2,salmon
FUT3,salmon
FYB,salmon
FYN,salmon
FYTTD1,salmon
FZD1,salmon
FZR1,salmon
GAB1,salmon
GABARAPL1,salmon
GABRA5,salmon
GABRB1,salmon
GABRG1,salmon
GABRG2,salmon
GABRR1,salmon
GABRR3,salmon
GAD1,salmon
GADL1,salmon
GAK,salmon
GAL3ST2,salmon
GALNS,salmon
GALNT10,salmon
GALNT3,salmon
GAP43,salmon
GAS2,salmon
GATA4,salmon
GBP1,salmon
GCC2,salmon
GCET2,salmon
GCLM,salmon
GCM1,salmon
GCNT2,salmon
GDE1,salmon
GDF6,salmon
GDF9,salmon
GDNF,salmon
GDPD5,salmon
GFOD1,salmon
GFPT1,salmon
GGA2,salmon
GGH,salmon
GHDC,salmon
GHSR,salmon
GIMAP1,salmon
GIMAP7,salmon
GINS4,salmon
GIPC2,salmon
GIT2,salmon
GJA5,salmon
GJB7,salmon
GLCE,salmon
GLG1,salmon
GLI1,salmon
GLI2,salmon
GLI3,salmon
GLIS1,salmon
GLIS3,salmon
GLRB,salmon
GLT1D1,salmon
GLT25D2,salmon
GLT8D1,salmon
GLYATL3,salmon
GMDS,salmon
GMNN,salmon
GMPR,salmon
GNAL,salmon
GNAS,salmon
GNASAS,salmon
GNB5,salmon
GNG12,salmon
GNG4,salmon
GNRH1,salmon
GNS,salmon
GORAB,salmon
GORASP2,salmon
GP6,salmon
GPATCH2,salmon
GPC5,salmon
GPD2,salmon
GPHN,salmon
GPM6A,salmon
GPR110,salmon
GPR123,salmon
GPR125,salmon
GPR126,salmon
GPR133,salmon
GPR137C,salmon
GPR160,salmon
GPR26,salmon
GPR37,salmon
GPR44,salmon
GPR56,salmon
GPR62,salmon
GPR63,salmon
GPR85,salmon
GPRIN3,salmon
GPSM3,salmon
GPX5,salmon
GPX6,salmon
GRB10,salmon
GREB1,salmon
GREM1,salmon
GREM2,salmon
GRHL2,salmon
GRID1,salmon
GRID2,salmon
GRID2IP,salmon
GRIK2,salmon
GRIK3,salmon
GRIK5,salmon
GRIN2A,salmon
GRIN2B,salmon
GRIP2,salmon
GRK7,salmon
GRM1,salmon
GRM7,salmon
GRTP1,salmon
GSG1,salmon
GSS,salmon
GSTO2,salmon
GTDC1,salmon
GTF2A2,salmon
GTF2E1,salmon
GTF2E2,salmon
GTF2F2,salmon
GTF2H5,salmon
GTPBP10,salmon
GTPBP8,salmon
GULP1,salmon
GYS1,salmon
H19,salmon
H2AFY,salmon
H3F3C,salmon
HAUS5,salmon
HBS1L,salmon
HBXIP,salmon
HCCA2,salmon
HCG18,salmon
HCG22,salmon
HCRTR2,salmon
HDAC1,salmon
HDAC4,salmon
HDAC5,salmon
HEATR1,salmon
HEATR5B,salmon
HEATR6,salmon
HECW1,salmon
HELZ,salmon
HERC2,salmon
HERC3,salmon
HERC4,salmon
HERPUD2,salmon
HEXDC,salmon
HIATL1,salmon
HIBADH,salmon
HIGD1A,salmon
HIGD2B,salmon
HIPK1,salmon
HIPK2,salmon
HIST1H1A,salmon
HIST1H1B,salmon
HIST1H1D,salmon
HIST1H2AC,salmon
HIST1H2BD,salmon
HIST1H2BE,salmon
HIST1H3E,salmon
HIST1H3H,salmon
HIST1H3I,salmon
HIST1H4A,salmon
HIST2H2AA4,salmon
HIVEP3,salmon
HK1,salmon
HK2,salmon
HK3,salmon
HLA-DOB,salmon
HLA-DPB2,salmon
HLA-DQA1,salmon
HLA-DRB5,salmon
HLA-F,salmon
HMBOX1,salmon
HMCN1,salmon
HMGA2,salmon
HMGCS1,salmon
HNRNPA2B1,salmon
HNRNPC,salmon
HOMEZ,salmon
HOOK1,salmon
HOXA3,salmon
HOXA5,salmon
HOXB3,salmon
HOXB8,salmon
HOXC4,salmon
HPCAL1,salmon
HPGD,salmon
HRNBP3,salmon
HS3ST3A1,salmon
HS3ST4,salmon
HSD11B1,salmon
HSPA13,salmon
HSPA2,salmon
HTN3,salmon
HTR1E,salmon
HTT,salmon
HUS1B,salmon
HYAL1,salmon
IARS2,salmon
IDO2,salmon
IER3IP1,salmon
IFI30,salmon
IFITM4P,salmon
IFT140,salmon
IFT172,salmon
IFT81,salmon
IFT88,salmon
IGF1,salmon
IGF2BP3,salmon
IGF2R,salmon
IGFBP1,salmon
IGSF22,salmon
IKZF5,salmon
IL17A,salmon
IL18R1,salmon
IL19,salmon
IL1B,salmon
IL1F7,salmon
IL1F9,salmon
IL27RA,salmon
IL5RA,salmon
ILDR1,salmon
IMPACT,salmon
IMPDH2,salmon
INA,salmon
INADL,salmon
ING1,salmon
ING3,salmon
INHBB,salmon
INHBE,salmon
INPP1,salmon
INPP4B,salmon
INPP5A,salmon
INS-IGF2,salmon
INSR,salmon
INTS1,salmon
INTS7,salmon
INTS9,salmon
IPCEF1,salmon
IPO11,salmon
IPO13,salmon
IQCB1,salmon
IQCE,salmon
IQSEC3,salmon
IQUB,salmon
IREB2,salmon
ISLR2,salmon
ISM1,salmon
ISOC1,salmon
ISOC2,salmon
ITFG1,salmon
ITFG3,salmon
ITGAD,salmon
ITGAV,salmon
ITGB1,salmon
ITGBL1,salmon
ITM2B,salmon
ITPR2,salmon
ITPRIP,salmon
JARID2,salmon
JKAMP,salmon
JMY,salmon
JPH1,salmon
KALRN,salmon
KATNA1,salmon
KATNAL2,salmon
KBTBD10,salmon
KBTBD12,salmon
KBTBD3,salmon
KCNA4,salmon
KCNAB1,salmon
KCNG4,salmon
KCNH3,salmon
KCNIP4,salmon
KCNJ1,salmon
KCNJ16,salmon
KCNJ2,salmon
KCNJ6,salmon
KCNK1,salmon
KCNK10,salmon
KCNK2,salmon
KCNK5,salmon
KCNMA1,salmon
KCNMB2,salmon
KCNMB3,salmon
KCNQ1,salmon
KCNQ2,salmon
KCNS1,salmon
KCTD2,salmon
KCTD20,salmon
KCTD8,salmon
KDM4A,salmon
KDM4B,salmon
KDM5A,salmon
KDM6B,salmon
KHDC1,salmon
KHDRBS1,salmon
KIAA0087,salmon
KIAA0146,salmon
KIAA0182,salmon
KIAA0226,salmon
KIAA0240,salmon
KIAA0319,salmon
KIAA0586,salmon
KIAA0753,salmon
KIAA0754,salmon
KIAA1026,salmon
KIAA1217,salmon
KIAA1244,salmon
KIAA1267,salmon
KIAA1407,salmon
KIAA1468,salmon
KIAA1530,salmon
KIAA1539,salmon
KIAA1598,salmon
KIAA1614,salmon
KIAA1826,salmon
KIAA1875,salmon
KIAA1919,salmon
KIF14,salmon
KIF1A,salmon
KIF24,salmon
KIF25,salmon
KIF26B,salmon
KIF2A,salmon
KIF5C,salmon
KIFAP3,salmon
KIFC3,salmon
KITLG,salmon
KLB,salmon
KLF12,salmon
KLF13,salmon
KLHDC5,salmon
KLHL1,salmon
KLHL17,salmon
KLHL21,salmon
KLHL3,salmon
KLHL31,salmon
KLHL8,salmon
KLK6,salmon
KLRC1,salmon
KLRG2,salmon
KMO,salmon
KPNA4,salmon
KPNA5,salmon
KPRP,salmon
KRT20,salmon
KRT24,salmon
KRT39,salmon
KRT6C,salmon
KRTAP13-1,salmon
KRTAP2-2,salmon
KRTAP21-3,salmon
KRTAP22-1,salmon
KTN1,salmon
L3MBTL3,salmon
LAMA1,salmon
LAMA2,salmon
LAMB2,salmon
LAMB4,salmon
LARP4,salmon
LASS6,salmon
LCLAT1,salmon
LCN8,salmon
LCT,salmon
LDB3,salmon
LDLRAP1,salmon
LEMD3,salmon
LENEP,salmon
LEP,salmon
LEPROT,salmon
LEUTX,salmon
LGALS1,salmon
LGALS8,salmon
LGR6,salmon
LHFP,salmon
LHFPL3,salmon
LILRP2,salmon
LIMCH1,salmon
LIN28B,salmon
LINS1,salmon
LIPA,salmon
LIPC,salmon
LIPK,salmon
LLGL1,salmon
LMBR1,salmon
LMF1,salmon
LMNB2,salmon
LMOD1,salmon
LMOD3,salmon
LMX1A,salmon
LNX2,salmon
LOC100130015,salmon
LOC100133991,salmon
LOC100190939,salmon
LOC100192426,salmon
LOC100329109,salmon
LOC116437,salmon
LOC145783,salmon
LOC145814,salmon
LOC148145,salmon
LOC149134,salmon
LOC153684,salmon
LOC285627,salmon
LOC285733,salmon
LOC285780,salmon
LOC285954,salmon
LOC286094,salmon
LOC344595,salmon
LOC390858,salmon
LOC493754,salmon
LOC552889,salmon
LOC646405,salmon
LOC729156,salmon
LOC729338,salmon
LOC729678,salmon
LOC729799,salmon
LOC731779,salmon
LONRF1,salmon
LONRF2,salmon
LOXL4,salmon
LPAR1,salmon
LPAR2,salmon
LPCAT1,salmon
LPCAT2,salmon
LPP,salmon
LPPR5,salmon
LRCH1,salmon
LRGUK,salmon
LRP4,salmon
LRP5,salmon
LRRC16A,salmon
LRRC20,salmon
LRRC23,salmon
LRRC27,salmon
LRRC29,salmon
LRRC30,salmon
LRRC36,salmon
LRRC3B,salmon
LRRC4,salmon
LRRC42,salmon
LRRC45,salmon
LRRC49,salmon
LRRC4C,salmon
LRRC55,salmon
LRRC66,salmon
LRRC8B,salmon
LRRIQ4,salmon
LRRN1,salmon
LRRTM4,salmon
LRTOMT,salmon
LSAMP,salmon
LSP1,salmon
LTB,salmon
LTBP1,salmon
LTK,salmon
LUC7L2,salmon
LYG2,salmon
LYPLA1,salmon
LYPLA2P1,salmon
LYPLAL1,salmon
LYSMD3,salmon
LYST,salmon
LZTS2,salmon
MACROD1,salmon
MAD1L1,salmon
MAEA,salmon
MAGI1,salmon
MAGOHB,salmon
MAL2,salmon
MAMDC2,salmon
MAML3,salmon
MAN1A1,salmon
MAP1LC3B2,salmon
MAP2,salmon
MAP2K2,salmon
MAP2K5,salmon
MAP3K11,salmon
MAP3K13,salmon
MAP3K4,salmon
MAP3K9,salmon
MAP9,salmon
MAPK10,salmon
MAPK13,salmon
MAPK14,salmon
MAPK4,salmon
MAPK6,salmon
MAPRE3,salmon
MAPT,salmon
MARCH1,salmon
MARCH8,salmon
MARK1,salmon
MARK2,salmon
MARK3,salmon
MARS2,salmon
MAST1,salmon
MAST4,salmon
MBD5,salmon
MBNL1,salmon
MBOAT2,salmon
MC1R,salmon
MC2R,salmon
MCC,salmon
MCF2L2,salmon
MCM2,salmon
MCM8,salmon
MCTP1,salmon
MCTP2,salmon
MDC1,salmon
MDGA1,salmon
MDM2,salmon
ME1,salmon
ME3,salmon
MECOM,salmon
MECR,salmon
MED1,salmon
MED12L,salmon
MED21,salmon
MED24,salmon
MEF2A,salmon
MEGF10,salmon
MEGF11,salmon
MEIS2,salmon
MEPE,salmon
MESDC2,salmon
METAP1,salmon
METT5D1,salmon
METTL4,salmon
MFAP1,salmon
MFHAS1,salmon
MFSD1,salmon
MFSD5,salmon
MGEA5,salmon
MGLL,salmon
MGMT,salmon
MGST1,salmon
MGST2,salmon
MIB2,salmon
MICA,salmon
MIER1,salmon
MINPP1,salmon
MIR135B,salmon
MIR138-2,salmon
MIR155,salmon
MIR17HG,salmon
MIR192,salmon
MIR211,salmon
MIR219-1,salmon
MIR29B1,salmon
MIR30D,salmon
MIR487A,salmon
MIR516B2,salmon
MIR548F5,salmon
MIR591,salmon
MITF,salmon
MKKS,salmon
MLANA,salmon
MLH1,salmon
MLH3,salmon
MLL3,salmon
MLLT10,salmon
MLLT11,salmon
MLYCD,salmon
MMP16,salmon
MMP9,salmon
MNAT1,salmon
MOCS1,salmon
MON1B,salmon
MORN1,salmon
MOSC1,salmon
MPP2,salmon
MPST,salmon
MRAP,salmon
MRAS,salmon
MRGPRD,salmon
MRPL17,salmon
MRPL24,salmon
MRPL32,salmon
MRPL33,salmon
MRPL35,salmon
MRPL38,salmon
MRPL48,salmon
MRPL50,salmon
MRPL53,salmon
MRPS10,salmon
MRPS16,salmon
MRPS18B,salmon
MRPS27,salmon
MRTO4,salmon
MS4A8B,salmon
MSH3,salmon
MSRB2,salmon
MSX1,salmon
MTDH,salmon
MTERF,salmon
MTFMT,salmon
MTHFD1L,salmon
MTHFS,salmon
MTOR,salmon
MTRR,salmon
MUC21,salmon
MUC4,salmon
MYADM,salmon
MYEOV2,salmon
MYH14,salmon
MYLK4,salmon
MYO10,salmon
MYO16,salmon
MYO18B,salmon
MYO19,salmon
MYO1E,salmon
MYO1F,salmon
MYO5C,salmon
MYO6,salmon
MYOF,salmon
MYOM2,salmon
MYOZ1,salmon
MYPN,salmon
MYPOP,salmon
MYST2,salmon
MYST4,salmon
MZF1,salmon
N4BP2,salmon
N4BP2L2,salmon
NAA11,salmon
NAALADL2,salmon
NACAP1,salmon
NADSYN1,salmon
NAIP,salmon
NAPRT1,salmon
NARS2,salmon
NAT1,salmon
NAV1,salmon
NBPF3,salmon
NCAPH,salmon
NCOA4,salmon
NCRNA00081,salmon
NCRNA00114,salmon
NCRNA00171,salmon
NCRNA00188,salmon
NCRNA00219,salmon
NDUFA10,salmon
NDUFA3,salmon
NDUFA4,salmon
NDUFAB1,salmon
NDUFAF2,salmon
NDUFB2,salmon
NDUFB5,salmon
NDUFS8,salmon
NDUFV1,salmon
NEDD1,salmon
NEDD4L,salmon
NEGR1,salmon
NEIL2,salmon
NEK7,salmon
NELL1,salmon
NELL2,salmon
NEO1,salmon
NEU1,salmon
NEURL3,salmon
NEUROD4,salmon
NF1,salmon
NFATC4,salmon
NFKB1,salmon
NFKBIE,salmon
NGF,salmon
NHLRC2,salmon
NHLRC3,salmon
NHP2L1,salmon
NHSL1,salmon
NID2,salmon
NKD1,salmon
NLE1,salmon
NLGN1,salmon
NLRP3,salmon
NMI,salmon
NMS,salmon
NMU,salmon
NMUR1,salmon
NOC2L,salmon
NOC4L,salmon
NOL4,salmon
NOM1,salmon
NOP2,salmon
NOS2,salmon
NOTCH1,salmon
NOTCH4,salmon
NPAS4,salmon
NPHP4,salmon
NPM1,salmon
NR1D1,salmon
NR1H4,salmon
NR3C1,salmon
NR3C2,salmon
NRAP,salmon
NRG1,salmon
NRG3,salmon
NRXN1,salmon
NSD1,salmon
NSF,salmon
NSUN6,salmon
NT5DC1,salmon
NT5M,salmon
NTM,salmon
NTRK3,salmon
NTSR1,salmon
NUCKS1,salmon
NUDT15,salmon
NUDT8,salmon
NUDT9,salmon
NUFIP1,salmon
NUP35,salmon
NUP93,salmon
NXPH3,salmon
OAZ3,salmon
OBSL1,salmon
OC90,salmon
ODF1,salmon
ODZ2,salmon
ODZ3,salmon
ODZ4,salmon
OGFOD1,salmon
OGFRL1,salmon
OLAH,salmon
OLFM4,salmon
OPA1,salmon
OPCML,salmon
OPN5,salmon
OPTN,salmon
OR10A3,salmon
OR11L1,salmon
OR2D3,salmon
OR2H1,salmon
OR2L8,salmon
OR2Z1,salmon
OR4E2,salmon
OR51D1,salmon
OR5AN1,salmon
OR5K2,salmon
OR5M1,salmon
OR6F1,salmon
OR6S1,salmon
OR6V1,salmon
ORC6L,salmon
OSBPL10,salmon
OSBPL3,salmon
OSBPL9,salmon
OSGIN1,salmon
OSMR,salmon
OSTC,salmon
OTUD4,salmon
OXR1,salmon
P2RY1,salmon
PABPC1P2,salmon
PACRGL,salmon
PAK2,salmon
PALM,salmon
PALM2,salmon
PAOX,salmon
PAPD4,salmon
PAPOLA,salmon
PAQR5,salmon
PARD3,salmon
PARD3B,salmon
PARD6G,salmon
PARN,salmon
PARP1,salmon
PARP8,salmon
PARP9,salmon
PART1,salmon
PASK,salmon
PAX6,salmon
PBLD,salmon
PBX3,salmon
PC,salmon
PCBD1,salmon
PCCA,salmon
PCDH10,salmon
PCDH9,salmon
PCDHA2,salmon
PCDHA6,salmon
PCDHA7,salmon
PCDHB10,salmon
PCDHB11,salmon
PCDHB17,salmon
PCDHB18,salmon
PCDHB2,salmon
PCDHB3,salmon
PCDHB4,salmon
PCDHB5,salmon
PCDHB6,salmon
PCDHB7,salmon
PCDHGA2,salmon
PCDHGA4,salmon
PCGF2,salmon
PCGF3,salmon
PCIF1,salmon
PCK2,salmon
PCLO,salmon
PCMTD1,salmon
PCOLCE2,salmon
PCSK1,salmon
PDDC1,salmon
PDE10A,salmon
PDE1B,salmon
PDE3A,salmon
PDE4B,salmon
PDGFD,salmon
PDIA4,salmon
PDIA5,salmon
PDK4,salmon
PDLIM3,salmon
PDLIM4,salmon
PDPN,salmon
PDZD8,salmon
PDZRN4,salmon
PELI2,salmon
PELI3,salmon
PER3,salmon
PEX11A,salmon
PEX19,salmon
PEX5L,salmon
PFDN1,salmon
PFKFB3,salmon
PFKL,salmon
PFKP,salmon
PGCP,salmon
PGM2L1,salmon
PHACTR2,salmon
PHACTR3,salmon
PHF10,salmon
PHIP,salmon
PHLDB2,salmon
PHOX2A,salmon
PI4K2A,salmon
PI4KA,salmon
PIGT,salmon
PIK3C2G,salmon
PIK3C3,salmon
PIP4K2A,salmon
PIP4K2B,salmon
PIP5K1A,salmon
PIRT,salmon
PITPNC1,salmon
PITPNM2,salmon
PITX1,salmon
PITX3,salmon
PKD2L2,salmon
PKIG,salmon
PKP2,salmon
PLA2G10,salmon
PLA2G5,salmon
PLAC1L,salmon
PLAGL1,salmon
PLCH1,salmon
PLCL2,salmon
PLEC1,salmon
PLEKHA8,salmon
PLEKHG7,salmon
PLEKHM2,salmon
PLK1S1,salmon
PLSCR2,salmon
PNLDC1,salmon
PNO1,salmon
PODN,salmon
POFUT2,salmon
POLR2D,salmon
POLR3A,salmon
POLS,salmon
POP5,salmon
POTEA,salmon
POU2F2,salmon
POU6F2,salmon
PPARGC1A,salmon
PPARGC1B,salmon
PPFIA1,salmon
PPIL1,salmon
PPIL2,salmon
PPM1H,salmon
PPM1L,salmon
PPM1M,salmon
PPP1R14C,salmon
PPP1R16B,salmon
PPP2R2A,salmon
PPP2R2D,salmon
PPP2R5A,salmon
PPP2R5C,salmon
PPP3CA,salmon
PPT2,salmon
PQLC1,salmon
PRAMEF11,salmon
PRDM13,salmon
PRDM15,salmon
PRDM16,salmon
PRDM2,salmon
PRDM4,salmon
PRDX1,salmon
PREX1,salmon
PRIM2,salmon
PRKAG2,salmon
PRKAR1B,salmon
PRKCD,salmon
PRKCI,salmon
PRKCQ,salmon
PRKCZ,salmon
PRKD2,salmon
PRKG1,salmon
PRKRA,salmon
PRMT7,salmon
PROZ,salmon
PRPF4B,salmon
PRPF6,salmon
PRPS1L1,salmon
PRR3,salmon
PRSS35,salmon
PSMB8,salmon
PSMB9,salmon
PSMC6,salmon
PSMD1,salmon
PSMD13,salmon
PSMD5,salmon
PSMD9,salmon
PSME3,salmon
PSMG1,salmon
PSTK,salmon
PTCH2,salmon
PTDSS2,salmon
PTGER2,salmon
PTGER3,salmon
PTK2,salmon
PTK2B,salmon
PTPLA,salmon
PTPLB,salmon
PTPN22,salmon
PTPRE,salmon
PTPRG,salmon
PTPRK,salmon
PTPRN2,salmon
PTPRR,salmon
PUM1,salmon
PURG,salmon
PUS7L,salmon
PVT1,salmon
PXDNL,salmon
PYGM,salmon
PYY,salmon
R3HDM1,salmon
RAB11B,salmon
RAB11FIP2,salmon
RAB11FIP3,salmon
RAB19,salmon
RAB1B,salmon
RAB20,salmon
RAB3A,salmon
RAB40C,salmon
RAB43,salmon
RAB4A,salmon
RAB5B,salmon
RAB7A,salmon
RABAC1,salmon
RAD23A,salmon
RAD23B,salmon
RAD50,salmon
RAD51,salmon
RAD51L1,salmon
RAET1G,salmon
RALGAPB,salmon
RALGDS,salmon
RALYL,salmon
RAP1GAP2,salmon
RAPGEF5,salmon
RARB,salmon
RARS2,salmon
RASA2,salmon
RASA3,salmon
RASGEF1B,salmon
RASGRF2,salmon
RASSF8,salmon
RASSF9,salmon
RBL2,salmon
RBM12B,salmon
RBM16,salmon
RBM20,salmon
RBM25,salmon
RBM28,salmon
RBM47,salmon
RBM8A,salmon
RBMS1,salmon
RBMS3,salmon
RBMXL1,salmon
RBP4,salmon
RBP5,salmon
RBPJ,salmon
RCCD1,salmon
RCE1,salmon
RCOR1,salmon
RDH12,salmon
REL,salmon
RELN,salmon
REPS1,salmon
RERE,salmon
RFPL3S,salmon
RFTN2,salmon
RFX4,salmon
RFX7,salmon
RG9MTD1,salmon
RGL1,salmon
RGS12,salmon
RGS21,salmon
RGS6,salmon
RGS7,salmon
RGS8,salmon
RGS9,salmon
RGSL1,salmon
RHCG,salmon
RIMBP2,salmon
RIMS1,salmon
RIPK4,salmon
RMI1,salmon
RNASE12,salmon
RNF122,salmon
RNF138,salmon
RNF141,salmon
RNF144A,salmon
RNF157,salmon
RNF169,salmon
RNF180,salmon
RNF34,salmon
RNFT1,salmon
RNGTT,salmon
RNMT,salmon
ROBO2,salmon
ROCK2,salmon
ROR1,salmon
RORA,salmon
RPAIN,salmon
RPAP1,salmon
RPH3AL,salmon
RPL21,salmon
RPL21P44,salmon
RPL22,salmon
RPL27A,salmon
RPL5,salmon
RPL6,salmon
RPL9,salmon
RPP30,salmon
RPP38,salmon
RPRM,salmon
RPS12,salmon
RPS16,salmon
RPS6KA2,salmon
RPS9,salmon
RPSA,salmon
RPTOR,salmon
RRAS2,salmon
RSPO2,salmon
RTBDN,salmon
RTN3,salmon
RUNDC3B,salmon
RUNX1,salmon
RUNX1T1,salmon
RUNX2,salmon
RUNX3,salmon
RUSC2,salmon
RUVBL1,salmon
RWDD2A,salmon
RXRB,salmon
SAMD13,salmon
SAMD5,salmon
SAMD7,salmon
SASH1,salmon
SATB2,salmon
SBF1,salmon
SBF2,salmon
SBNO1,salmon
SCAMP1,salmon
SCAMP2,salmon
SCAND3,salmon
SCAPER,salmon
SCARA5,salmon
SCARNA20,salmon
SCFD2,salmon
SCG5,salmon
SCHIP1,salmon
SCMH1,salmon
SCML4,salmon
SCP2,salmon
SDK1,salmon
SEC14L1,salmon
SEC14L5,salmon
SEC31B,salmon
SEC61A2,salmon
SEL1L,salmon
SELE,salmon
SELV,salmon
SEMA6A,salmon
SEPT3,salmon
SERINC4,salmon
SERPINA12,salmon
SERPINE2,salmon
SERPING1,salmon
SERPINI2,salmon
SERTAD1,salmon
SERTAD4,salmon
SETD2,salmon
SETD5,salmon
SETD7,salmon
SETDB2,salmon
SF3A3,salmon
SFRP1,salmon
SFRS18,salmon
SFRS2IP,salmon
SFRS3,salmon
SFT2D3,salmon
SFTA2,salmon
SFXN2,salmon
SGCD,salmon
SGCE,salmon
SGIP1,salmon
SGOL2,salmon
SGTA,salmon
SH2B2,salmon
SH2D3A,salmon
SH3GL2,salmon
SH3RF1,salmon
SH3RF3,salmon
SH3TC1,salmon
SHANK2,salmon
SHC2,salmon
SHC4,salmon
SHOX2,salmon
SHQ1,salmon
SHROOM3,salmon
SIK2,salmon
SIM2,salmon
SIP1,salmon
SIPA1L2,salmon
SKAP1,salmon
SLC12A7,salmon
SLC13A2,salmon
SLC16A1,salmon
SLC16A3,salmon
SLC16A4,salmon
SLC16A9,salmon
SLC17A2,salmon
SLC17A3,salmon
SLC1A7,salmon
SLC22A12,salmon
SLC22A23,salmon
SLC24A1,salmon
SLC24A3,salmon
SLC25A19,salmon
SLC25A24,salmon
SLC25A3,salmon
SLC25A37,salmon
SLC25A46,salmon
SLC28A3,salmon
SLC2A5,salmon
SLC30A7,salmon
SLC30A9,salmon
SLC35A5,salmon
SLC35B3,salmon
SLC35B4,salmon
SLC37A2,salmon
SLC38A1,salmon
SLC38A4,salmon
SLC39A8,salmon
SLC44A4,salmon
SLC46A3,salmon
SLC6A12,salmon
SLC9A11,salmon
SLC9A3,salmon
SLCO1C1,salmon
SLCO2A1,salmon
SLCO3A1,salmon
SLFN12,salmon
SLIT1,salmon
SLIT3,salmon
SLITRK6,salmon
SLMAP,salmon
SMAD3,salmon
SMARCA4,salmon
SMARCC2,salmon
SMEK1,salmon
SMNDC1,salmon
SMOC2,salmon
SMPD3,salmon
SMU1,salmon
SMURF1,salmon
SMYD3,salmon
SNCA,salmon
SND1,salmon
SNED1,salmon
SNHG4,salmon
SNORA10,salmon
SNORA59A,salmon
SNORD113-2,salmon
SNORD113-7,salmon
SNORD114-9,salmon
SNORD116-2,salmon
SNORD17,salmon
SNORD45C,salmon
SNRPB,salmon
SNRPF,salmon
SNTB1,salmon
SNTG1,salmon
SNTG2,salmon
SNTN,salmon
SNX1,salmon
SNX10,salmon
SNX11,salmon
SNX18,salmon
SNX5,salmon
SOBP,salmon
SORBS2,salmon
SORCS1,salmon
SORCS2,salmon
SORD,salmon
SOSTDC1,salmon
SOX2OT,salmon
SOX4,salmon
SOX5,salmon
SP4,salmon
SP5,salmon
SPAG6,salmon
SPATA9,salmon
SPATS2,salmon
SPEN,salmon
SPG7,salmon
SPN,salmon
SPO11,salmon
SPOP,salmon
SPRED1,salmon
SPSB1,salmon
SPTBN4,salmon
SRGAP1,salmon
SRGAP3,salmon
SRRM2,salmon
SRRM3,salmon
SRRM4,salmon
SS18L2,salmon
SSBP3,salmon
SSH1,salmon
ST6GALNAC3,salmon
ST6GALNAC5,salmon
ST8SIA2,salmon
ST8SIA6,salmon
STAC3,salmon
STAG1,salmon
STAT4,salmon
STATH,salmon
STAU2,salmon
STEAP2,salmon
STEAP4,salmon
STK25,salmon
STK38L,salmon
STRA8,salmon
STXBP6,salmon
SUNC1,salmon
SUV39H2,salmon
SVIL,salmon
SYCP1,salmon
SYCP3,salmon
SYN2,salmon
SYNE1,salmon
SYNE2,salmon
SYNGAP1,salmon
SYNJ2BP,salmon
SYNPO2,salmon
SYNRG,salmon
SYT5,salmon
SYT9,salmon
SYTL2,salmon
TADA1,salmon
TAF4,salmon
TAF4B,salmon
TALDO1,salmon
TAP1,salmon
TAP2,salmon
TAS2R10,salmon
TAS2R14,salmon
TAS2R19,salmon
TAS2R40,salmon
TAS2R5,salmon
TBC1D1,salmon
TBC1D16,salmon
TBC1D22A,salmon
TBC1D23,salmon
TBC1D4,salmon
TBC1D8,salmon
TBC1D9,salmon
TBCCD1,salmon
TBCEL,salmon
TBCK,salmon
TBL2,salmon
TC2N,salmon
TCEB3B,salmon
TCERG1,salmon
TCERG1L,salmon
TCF21,salmon
TCHHL1,salmon
TCTN2,salmon
TCTN3,salmon
TDRD1,salmon
TEAD1,salmon
TELO2,salmon
TES,salmon
TESK2,salmon
TEX10,salmon
TF,salmon
TFAP2D,salmon
TFDP1,salmon
TFR2,salmon
TGDS,salmon
TGIF1,salmon
TGM3,salmon
TH,salmon
TH1L,salmon
THAP1,salmon
THBD,salmon
THSD7A,salmon
TIFA,salmon
TIGD1,salmon
TIGD6,salmon
TIMM10,salmon
TINF2,salmon
TIPRL,salmon
TJP1,salmon
TLE2,salmon
TLN2,salmon
TLR1,salmon
TLX1NB,salmon
TLX3,salmon
TM4SF4,salmon
TMC6,salmon
TMCO3,salmon
TMED7-TICAM2,salmon
TMEM109,salmon
TMEM117,salmon
TMEM131,salmon
TMEM132C,salmon
TMEM135,salmon
TMEM141,salmon
TMEM178,salmon
TMEM184A,salmon
TMEM20,salmon
TMEM200A,salmon
TMEM214,salmon
TMEM218,salmon
TMEM22,salmon
TMEM232,salmon
TMEM26,salmon
TMEM30C,salmon
TMEM39A,salmon
TMEM39B,salmon
TMEM50B,salmon
TMEM62,salmon
TMEM63B,salmon
TMEM68,salmon
TMEM8A,salmon
TMEM91,salmon
TMEM9B,salmon
TMOD1,salmon
TMPRSS13,salmon
TMTC3,salmon
TNFAIP8L3,salmon
TNFRSF11B,salmon
TNFRSF21,salmon
TNFSF8,salmon
TNIP1,salmon
TNPO1,salmon
TNRC18,salmon
TNRC6A,salmon
TNXB,salmon
TOP1MT,salmon
TOP3B,salmon
TOPBP1,salmon
TOR1B,salmon
TP53INP1,salmon
TP63,salmon
TPCN1,salmon
TPD52L3,salmon
TPST1,salmon
TPX2,salmon
TRAF7,salmon
TRDMT1,salmon
TRERF1,salmon
TRH,salmon
TRHDE,salmon
TRIB1,salmon
TRIB3,salmon
TRIM10,salmon
TRIM11,salmon
TRIM2,salmon
TRIM26,salmon
TRIM27,salmon
TRIM29,salmon
TRIM31,salmon
TRIM38,salmon
TRIM39,salmon
TRIM40,salmon
TRIM42,salmon
TRIM58,salmon
TRIM61,salmon
TRIO,salmon
TRIP4,salmon
TRIP6,salmon
TRMT12,salmon
TRMT61B,salmon
TRNP1,salmon
TRPA1,salmon
TRPC3,salmon
TRPS1,salmon
TRRAP,salmon
TSC22D4,salmon
TSHB,salmon
TSHZ1,salmon
TSKS,salmon
TSNARE1,salmon
TSNAXIP1,salmon
TSPAN14,salmon
TSPAN5,salmon
TTBK2,salmon
TTC15,salmon
TTC39A,salmon
TTC39B,salmon
TTC7B,salmon
TTF1,salmon
TUBB2A,salmon
TUBB4,salmon
TUBG2,salmon
TULP4,salmon
TXK,salmon
TXLNB,salmon
TXNDC15,salmon
TXNDC9,salmon
TYMS,salmon
UAP1,salmon
UBAC2,salmon
UBE2CBP,salmon
UBE2E1,salmon
UBE2H,salmon
UBE2O,salmon
UBE3C,salmon
UBIAD1,salmon
UBL4B,salmon
UBL7,salmon
UBQLN1,salmon
UBXN11,salmon
UBXN2A,salmon
UBXN2B,salmon
UBXN6,salmon
UGP2,salmon
UGT1A10,salmon
UHRF1BP1L,salmon
ULK2,salmon
ULK3,salmon
ULK4,salmon
UNC13A,salmon
UNC45A,salmon
UNC5A,salmon
UNG,salmon
UNK,salmon
UPF1,salmon
UPF2,salmon
UPP1,salmon
UPP2,salmon
URB1,salmon
UROC1,salmon
USP13,salmon
USP3,salmon
USP31,salmon
USP35,salmon
USP38,salmon
USP8,salmon
USPL1,salmon
UTP20,salmon
UTP6,salmon
UTRN,salmon
UXS1,salmon
VAMP4,salmon
VANGL1,salmon
VARS,salmon
VCP,salmon
VEGFA,salmon
VGLL3,salmon
VIL1,salmon
VIM,salmon
VIPR2,salmon
VIT,salmon
VNN2,salmon
VNN3,salmon
VOPP1,salmon
VPREB1,salmon
VPS13B,salmon
VPS13D,salmon
VPS52,salmon
VPS54,salmon
VPS8,salmon
VRK2,salmon
VRK3,salmon
VSTM2A,salmon
VSX1,salmon
VTI1A,salmon
VWA3A,salmon
VWA3B,salmon
WAC,salmon
WASF1,salmon
WASF2,salmon
WBSCR17,salmon
WDFY2,salmon
WDR20,salmon
WDR27,salmon
WDR33,salmon
WDR37,salmon
WDR43,salmon
WDR46,salmon
WDR49,salmon
WDR51B,salmon
WDR60,salmon
WDR63,salmon
WDR66,salmon
WDR75,salmon
WDR81,salmon
WISP1,salmon
WNK1,salmon
WNK2,salmon
WNT16,salmon
WNT2B,salmon
WNT4,salmon
WNT5A,salmon
WWC2,salmon
WWOX,salmon
WWP2,salmon
XBP1,salmon
XKR6,salmon
XRCC5,salmon
XRCC6,salmon
YIPF2,salmon
YPEL5,salmon
YTHDC2,salmon
YTHDF3,salmon
ZBTB20,salmon
ZBTB38,salmon
ZBTB42,salmon
ZBTB45,salmon
ZBTB46,salmon
ZBTB6,salmon
ZC3H13,salmon
ZC3H14,salmon
ZC3H3,salmon
ZCCHC7,salmon
ZCWPW2,salmon
ZDHHC17,salmon
ZDHHC2,salmon
ZDHHC4,salmon
ZFAND1,salmon
ZFAND3,salmon
ZFHX3,salmon
ZFP36L2,salmon
ZFP62,salmon
ZFP64,salmon
ZFPM1,salmon
ZFPM2,salmon
ZFYVE20,salmon
ZIC2,salmon
ZKSCAN5,salmon
ZMAT2,salmon
ZMYND12,salmon
ZNF12,salmon
ZNF140,salmon
ZNF142,salmon
ZNF184,salmon
ZNF207,salmon
ZNF219,salmon
ZNF23,salmon
ZNF239,salmon
ZNF252,salmon
ZNF256,salmon
ZNF264,salmon
ZNF283,salmon
ZNF292,salmon
ZNF326,salmon
ZNF362,salmon
ZNF443,salmon
ZNF462,salmon
ZNF469,salmon
ZNF471,salmon
ZNF501,salmon
ZNF507,salmon
ZNF516,salmon
ZNF518A,salmon
ZNF526,salmon
ZNF542,salmon
ZNF552,salmon
ZNF568,salmon
ZNF57,salmon
ZNF597,salmon
ZNF600,salmon
ZNF623,salmon
ZNF699,salmon
ZNF703,salmon
ZNF71,salmon
ZNF772,salmon
ZNF776,salmon
ZNF783,salmon
ZNF8,salmon
ZNF800,salmon
ZNF804A,salmon
ZNF827,salmon
ZNF828,salmon
ZNF835,salmon
ZNF837,salmon
ZNF853,salmon
ZNF862,salmon
ZNF878,salmon
ZNHIT2,salmon
ZNRF3,salmon
ZPLD1,salmon
ZSCAN18,salmon
ZSWIM4,salmon
AACS,skyblue
ABCA13,skyblue
ABCA7,skyblue
ABCB1,skyblue
ABCC1,skyblue
ABCC5,skyblue
ABHD12,skyblue
ABHD6,skyblue
ABI1,skyblue
ABI3BP,skyblue
ABLIM1,skyblue
ABLIM2,skyblue
ABT1,skyblue
ACBD4,skyblue
ACBD5,skyblue
ACCN4,skyblue
ACOT11,skyblue
ACOT13,skyblue
ACOX3,skyblue
ACSL6,skyblue
ACSM1,skyblue
ACTA2,skyblue
ACTN2,skyblue
ACTR1B,skyblue
ACTR8,skyblue
ADAM21P1,skyblue
ADAMTS12,skyblue
ADAMTS2,skyblue
ADAMTS8,skyblue
ADAP2,skyblue
ADARB2,skyblue
ADIPOR2,skyblue
ADRA2A,skyblue
AFAP1,skyblue
AFAP1L1,skyblue
AFF3,skyblue
AFF4,skyblue
AGAP3,skyblue
AGBL1,skyblue
AGBL4,skyblue
AGFG2,skyblue
AGL,skyblue
AGPHD1,skyblue
AGTPBP1,skyblue
AHR,skyblue
AHRR,skyblue
AHSA2,skyblue
AIM1,skyblue
AIM1L,skyblue
AIMP2,skyblue
AKAP12,skyblue
AKAP5,skyblue
AKAP9,skyblue
AKIRIN1,skyblue
ALLC,skyblue
ALOXE3,skyblue
ALS2,skyblue
AMBRA1,skyblue
AMIGO1,skyblue
AMOTL1,skyblue
ANAPC4,skyblue
ANAPC7,skyblue
ANK3,skyblue
ANKRD11,skyblue
ANKRD16,skyblue
ANKRD33B,skyblue
ANKRD34B,skyblue
ANKRD6,skyblue
ANO10,skyblue
ANO8,skyblue
ANXA13,skyblue
AOAH,skyblue
AP1S3,skyblue
AP2A2,skyblue
APBB2,skyblue
APEH,skyblue
APP,skyblue
ARAP1,skyblue
ARAP2,skyblue
ARFGEF1,skyblue
ARGLU1,skyblue
ARHGAP15,skyblue
ARHGAP19,skyblue
ARHGEF10,skyblue
ARHGEF12,skyblue
ARHGEF16,skyblue
ARHGEF4,skyblue
ARID1B,skyblue
ARID3C,skyblue
ARID5B,skyblue
ARL13B,skyblue
ARL2BP,skyblue
ARL4C,skyblue
ARL5B,skyblue
ARL6IP6,skyblue
ARMC10,skyblue
ARNTL,skyblue
ARRDC4,skyblue
ARSB,skyblue
ARTN,skyblue
ASAH1,skyblue
ASAP1,skyblue
ASAP2,skyblue
ASB18,skyblue
ASCC1,skyblue
ASCL1,skyblue
ASCL3,skyblue
ASPG,skyblue
ASXL2,skyblue
ATAD2,skyblue
ATAD5,skyblue
ATF6,skyblue
ATF6B,skyblue
ATF7,skyblue
ATM,skyblue
ATP10A,skyblue
ATP5A1,skyblue
ATP5G2,skyblue
ATP6V0B,skyblue
ATP6V1C2,skyblue
ATP6V1F,skyblue
ATP6V1H,skyblue
ATP8B1,skyblue
ATP8B4,skyblue
ATPAF2,skyblue
ATXN1L,skyblue
ATXN7,skyblue
B3GNT2,skyblue
BAALC,skyblue
BACE2,skyblue
BAD,skyblue
BAG4,skyblue
BAI3,skyblue
BAIAP2L2,skyblue
BAMBI,skyblue
BARHL1,skyblue
BARHL2,skyblue
BARX1,skyblue
BASP1,skyblue
BAT1,skyblue
BAT4,skyblue
BATF2,skyblue
BAZ1B,skyblue
BBS12,skyblue
BCAR1,skyblue
BCCIP,skyblue
BCL11A,skyblue
BCL11B,skyblue
BCL2L13,skyblue
BET1,skyblue
BET3L,skyblue
BIN3,skyblue
BLCAP,skyblue
BLMH,skyblue
BLZF1,skyblue
BMI1,skyblue
BMP8A,skyblue
BMP8B,skyblue
BNC2,skyblue
BNIP3L,skyblue
BOK,skyblue
BPNT1,skyblue
BPTF,skyblue
BRD8,skyblue
BRE,skyblue
BRSK2,skyblue
BRUNOL6,skyblue
BTBD1,skyblue
BTBD6,skyblue
BTBD8,skyblue
BUB3,skyblue
BZW2,skyblue
C10ORF11,skyblue
C10ORF119,skyblue
C10ORF137,skyblue
C10ORF140,skyblue
C10ORF18,skyblue
C10ORF26,skyblue
C10ORF46,skyblue
C10ORF53,skyblue
C10ORF78,skyblue
C10ORF93,skyblue
C11ORF34,skyblue
C11ORF74,skyblue
C11ORF87,skyblue
C12ORF53,skyblue
C12ORF76,skyblue
C13ORF15,skyblue
C14ORF102,skyblue
C14ORF106,skyblue
C14ORF135,skyblue
C14ORF166,skyblue
C14ORF37,skyblue
C15ORF29,skyblue
C15ORF38,skyblue
C15ORF41,skyblue
C16ORF13,skyblue
C16ORF5,skyblue
C16ORF62,skyblue
C16ORF80,skyblue
C17ORF50,skyblue
C17ORF74,skyblue
C17ORF95,skyblue
C17ORF97,skyblue
C17ORF98,skyblue
C18ORF1,skyblue
C19ORF26,skyblue
C19ORF57,skyblue
C1ORF105,skyblue
C1ORF109,skyblue
C1ORF114,skyblue
C1ORF190,skyblue
C1ORF9,skyblue
C1ORF92,skyblue
C1ORF95,skyblue
C1QL2,skyblue
C1QTNF1,skyblue
C20ORF20,skyblue
C20ORF27,skyblue
C20ORF95,skyblue
C22ORF32,skyblue
C2CD2L,skyblue
C2ORF29,skyblue
C3ORF14,skyblue
C3ORF20,skyblue
C3ORF24,skyblue
C3ORF26,skyblue
C3ORF31,skyblue
C3ORF34,skyblue
C3ORF37,skyblue
C3ORF55,skyblue
C3ORF58,skyblue
C4ORF14,skyblue
C4ORF21,skyblue
C4ORF23,skyblue
C4ORF32,skyblue
C4ORF36,skyblue
C4ORF51,skyblue
C4ORF52,skyblue
C5ORF24,skyblue
C5ORF49,skyblue
C5ORF52,skyblue
C6ORF108,skyblue
C6ORF130,skyblue
C6ORF132,skyblue
C6ORF136,skyblue
C6ORF142,skyblue
C6ORF195,skyblue
C6ORF204,skyblue
C6ORF222,skyblue
C6ORF223,skyblue
C6ORF25,skyblue
C6ORF70,skyblue
C7ORF23,skyblue
C7ORF31,skyblue
C7ORF36,skyblue
C7ORF38,skyblue
C7ORF44,skyblue
C7ORF50,skyblue
C8ORF47,skyblue
C8ORF56,skyblue
C8ORF59,skyblue
C8ORF74,skyblue
C8ORF84,skyblue
C9ORF116,skyblue
C9ORF16,skyblue
C9ORF21,skyblue
C9ORF72,skyblue
CA3,skyblue
CA5A,skyblue
CA7,skyblue
CACNA2D2,skyblue
CACNB1,skyblue
CACNG4,skyblue
CADM1,skyblue
CADM2,skyblue
CALD1,skyblue
CALN1,skyblue
CALU,skyblue
CAMK1,skyblue
CAMKV,skyblue
CAMTA1,skyblue
CARD11,skyblue
CARS,skyblue
CARS2,skyblue
CAST,skyblue
CAV1,skyblue
CBFA2T2,skyblue
CBFA2T3,skyblue
CBLL1,skyblue
CBLN1,skyblue
CBLN4,skyblue
CBR1,skyblue
CBX8,skyblue
CC2D1B,skyblue
CCDC112,skyblue
CCDC113,skyblue
CCDC135,skyblue
CCDC138,skyblue
CCDC140,skyblue
CCDC142,skyblue
CCDC152,skyblue
CCDC40,skyblue
CCDC46,skyblue
CCDC49,skyblue
CCDC55,skyblue
CCDC57,skyblue
CCDC59,skyblue
CCDC6,skyblue
CCDC61,skyblue
CCDC69,skyblue
CCDC7,skyblue
CCDC70,skyblue
CCDC77,skyblue
CCDC88C,skyblue
CCHCR1,skyblue
CCNA1,skyblue
CCNB2,skyblue
CCND1,skyblue
CCNL1,skyblue
CCR6,skyblue
CD3EAP,skyblue
CD6,skyblue
CDAN1,skyblue
CDC20,skyblue
CDC23,skyblue
CDC27,skyblue
CDC42EP3,skyblue
CDGAP,skyblue
CDH15,skyblue
CDK14,skyblue
CDK5RAP2,skyblue
CDKN1A,skyblue
CDR2L,skyblue
CELSR3,skyblue
CENPA,skyblue
CENPC1,skyblue
CENPK,skyblue
CENPT,skyblue
CEP68,skyblue
CFB,skyblue
CFLAR,skyblue
CFLP1,skyblue
CGGBP1,skyblue
CHAF1A,skyblue
CHCHD10,skyblue
CHCHD3,skyblue
CHD2,skyblue
CHEK1,skyblue
CHFR,skyblue
CHI3L2,skyblue
CHID1,skyblue
CHMP4A,skyblue
CHMP4B,skyblue
CHN2,skyblue
CHPT1,skyblue
CHRDL2,skyblue
CHRNA5,skyblue
CHRNB2,skyblue
CHURC1,skyblue
CIR1,skyblue
CIT,skyblue
CKS2,skyblue
CLDN3,skyblue
CLIC5,skyblue
CLK1,skyblue
CLN3,skyblue
CLSTN2,skyblue
CMAH,skyblue
CMIP,skyblue
CMTM1,skyblue
CMTM6,skyblue
CNOT10,skyblue
CNOT3,skyblue
CNP,skyblue
CNR1,skyblue
CNTN5,skyblue
COG6,skyblue
COG7,skyblue
COL11A2,skyblue
COL23A1,skyblue
COL4A2,skyblue
COL6A2,skyblue
COL6A3,skyblue
COL7A1,skyblue
COMMD1,skyblue
COMMD3,skyblue
COPS4,skyblue
COPS6,skyblue
CP110,skyblue
CPEB4,skyblue
CPLX2,skyblue
CPLX3,skyblue
CPT2,skyblue
CR1L,skyblue
CRABP2,skyblue
CREB3L2,skyblue
CRELD2,skyblue
CRHR1,skyblue
CRHR2,skyblue
CRIM1,skyblue
CRISP2,skyblue
CRISP3,skyblue
CRISPLD1,skyblue
CRYGD,skyblue
CSGALNACT1,skyblue
CSGALNACT2,skyblue
CSK,skyblue
CSMD2,skyblue
CSMD3,skyblue
CSNK2A1P,skyblue
CSRP2,skyblue
CTDSP1,skyblue
CTHRC1,skyblue
CTNNA2,skyblue
CTSB,skyblue
CTTNBP2,skyblue
CUGBP2,skyblue
CUL1,skyblue
CUL3,skyblue
CXCL2,skyblue
CXCR7,skyblue
CYB561,skyblue
CYB5R2,skyblue
CYFIP2,skyblue
CYP20A1,skyblue
CYP26B1,skyblue
CYP2R1,skyblue
CYTH2,skyblue
CYTSB,skyblue
DAXX,skyblue
DBI,skyblue
DBN1,skyblue
DCAF13,skyblue
DCAF4L2,skyblue
DCHS2,skyblue
DCLK2,skyblue
DCTD,skyblue
DCUN1D4,skyblue
DDAH1,skyblue
DDAH2,skyblue
DDB2,skyblue
DDHD1,skyblue
DDX23,skyblue
DDX58,skyblue
DDX59,skyblue
DDX60L,skyblue
DENND1A,skyblue
DENND3,skyblue
DENR,skyblue
DERL1,skyblue
DGCR2,skyblue
DGKG,skyblue
DGKH,skyblue
DHDH,skyblue
DHH,skyblue
DHODH,skyblue
DHRS4,skyblue
DHTKD1,skyblue
DHX58,skyblue
DIAPH3,skyblue
DIP2A,skyblue
DIP2C,skyblue
DIRC3,skyblue
DKFZP686O24166,skyblue
DKK3,skyblue
DKKL1,skyblue
DLC1,skyblue
DLGAP2,skyblue
DMKN,skyblue
DNAH11,skyblue
DNAH2,skyblue
DNAJB5,skyblue
DNAJC13,skyblue
DNAJC17,skyblue
DNAJC21,skyblue
DNAJC27,skyblue
DNAJC5,skyblue
DNAJC6,skyblue
DNM1L,skyblue
DOCK10,skyblue
DOCK4,skyblue
DOLPP1,skyblue
DPH5,skyblue
DTNBP1,skyblue
DUSP11,skyblue
DUSP15,skyblue
DUSP19,skyblue
DUSP22,skyblue
DUSP28,skyblue
DYNC1I1,skyblue
DZIP3,skyblue
EBAG9,skyblue
ECE1,skyblue
ECH1,skyblue
EDARADD,skyblue
EDEM1,skyblue
EDEM3,skyblue
EDF1,skyblue
EEPD1,skyblue
EFCAB10,skyblue
EFCAB5,skyblue
EFHD1,skyblue
EFNA5,skyblue
EFR3B,skyblue
EHMT2,skyblue
EIF2AK1,skyblue
EIF2AK4,skyblue
EIF3F,skyblue
EIF3M,skyblue
EIF4EBP3,skyblue
ELMOD2,skyblue
ELMOD3,skyblue
ELOVL5,skyblue
EML3,skyblue
ENAH,skyblue
ENO1,skyblue
ENPP1,skyblue
EOMES,skyblue
EP300,skyblue
EPB41,skyblue
EPB41L3,skyblue
EPHA10,skyblue
EPHA4,skyblue
EPHA6,skyblue
EPHB2,skyblue
EPHB4,skyblue
EPHB6,skyblue
ERCC1,skyblue
ERCC2,skyblue
ERICH1,skyblue
ERP29,skyblue
ESR1,skyblue
ETFB,skyblue
ETV4,skyblue
EVX1,skyblue
EXOC2,skyblue
EXOC4,skyblue
EXOC7,skyblue
EXOSC10,skyblue
EZR,skyblue
F11R,skyblue
FABP3,skyblue
FAF1,skyblue
FAM117B,skyblue
FAM118B,skyblue
FAM128A,skyblue
FAM129C,skyblue
FAM131C,skyblue
FAM134A,skyblue
FAM134C,skyblue
FAM150A,skyblue
FAM188B,skyblue
FAM198A,skyblue
FAM19A2,skyblue
FAM19A5,skyblue
FAM26D,skyblue
FAM26F,skyblue
FAM38B,skyblue
FAM53A,skyblue
FAM53B,skyblue
FAM54B,skyblue
FAM5B,skyblue
FAM60A,skyblue
FAM71E1,skyblue
FAM73B,skyblue
FAM83F,skyblue
FAM83H,skyblue
FAM84A,skyblue
FAM96B,skyblue
FAU,skyblue
FBF1,skyblue
FBN2,skyblue
FBXL13,skyblue
FBXL18,skyblue
FBXL19,skyblue
FBXL7,skyblue
FBXO28,skyblue
FBXO31,skyblue
FBXO38,skyblue
FBXO9,skyblue
FBXW8,skyblue
FCGBP,skyblue
FCHSD2,skyblue
FDFT1,skyblue
FDXR,skyblue
FEZ1,skyblue
FGD6,skyblue
FGF11,skyblue
FGF2,skyblue
FGF3,skyblue
FGF9,skyblue
FGFR1,skyblue
FGFR2,skyblue
FGFR4,skyblue
FHIT,skyblue
FLG2,skyblue
FLI1,skyblue
FLJ25758,skyblue
FLJ36031,skyblue
FLJ42709,skyblue
FLNB,skyblue
FLOT2,skyblue
FMNL2,skyblue
FMO4,skyblue
FNDC4,skyblue
FOS,skyblue
FOXE3,skyblue
FOXI3,skyblue
FOXK1,skyblue
FOXK2,skyblue
FOXP1,skyblue
FOXQ1,skyblue
FOXR1,skyblue
FOXRED1,skyblue
FREM2,skyblue
FREQ,skyblue
FSTL1,skyblue
FTH1,skyblue
FTO,skyblue
FTSJ3,skyblue
FUT8,skyblue
FYTTD1,skyblue
G3BP2,skyblue
GABRG3,skyblue
GABRR1,skyblue
GADD45B,skyblue
GADD45GIP1,skyblue
GALE,skyblue
GALK1,skyblue
GALNT13,skyblue
GALNT2,skyblue
GAMT,skyblue
GART,skyblue
GAS2L2,skyblue
GAS5,skyblue
GATA2,skyblue
GATAD2A,skyblue
GATM,skyblue
GBE1,skyblue
GCN1L1,skyblue
GDAP1L1,skyblue
GDF6,skyblue
GFI1,skyblue
GFRA1,skyblue
GGTA1,skyblue
GIF,skyblue
GIGYF2,skyblue
GINS2,skyblue
GKN1,skyblue
GLB1L2,skyblue
GLI3,skyblue
GLT8D1,skyblue
GLTSCR1,skyblue
GLUL,skyblue
GMPPA,skyblue
GNAL,skyblue
GNAQ,skyblue
GNPNAT1,skyblue
GNPTAB,skyblue
GOLSYN,skyblue
GOSR2,skyblue
GPATCH1,skyblue
GPBP1L1,skyblue
GPC6,skyblue
GPR108,skyblue
GPR124,skyblue
GPR125,skyblue
GPR133,skyblue
GPR177,skyblue
GPR45,skyblue
GPR83,skyblue
GPR85,skyblue
GPRIN1,skyblue
GPX1,skyblue
GPX5,skyblue
GRAMD1B,skyblue
GRHL1,skyblue
GRHL2,skyblue
GRIK3,skyblue
GRIN1,skyblue
GRK5,skyblue
GRM8,skyblue
GRPEL1,skyblue
GSG1L,skyblue
GSK3A,skyblue
GSTM2,skyblue
GSTM3,skyblue
GSX1,skyblue
GTF2A1,skyblue
GTF2A2,skyblue
GTPBP5,skyblue
GUCY1A2,skyblue
H2AFV,skyblue
HAPLN3,skyblue
HAVCR1,skyblue
HAX1,skyblue
HBB,skyblue
HCCA2,skyblue
HCFC2,skyblue
HDAC5,skyblue
HEATR2,skyblue
HECW1,skyblue
HERC1,skyblue
HES1,skyblue
HEXA,skyblue
HEXIM2,skyblue
HGC6.3,skyblue
HGS,skyblue
HHAT,skyblue
HHIP,skyblue
HIBADH,skyblue
HIC1,skyblue
HIP1R,skyblue
HIST1H2BB,skyblue
HIST4H4,skyblue
HIVEP3,skyblue
HLA-DOB,skyblue
HLA-DPB2,skyblue
HLA-DQB2,skyblue
HLA-DRA,skyblue
HLA-DRB1,skyblue
HM13,skyblue
HMGB1,skyblue
HMHA1,skyblue
HNRNPA3P1,skyblue
HNRNPH3,skyblue
HNRNPUL1,skyblue
HNRNPUL2,skyblue
HOMER2,skyblue
HOXA1,skyblue
HOXB13,skyblue
HOXD1,skyblue
HP1BP3,skyblue
HRNR,skyblue
HS1BP3,skyblue
HS6ST1,skyblue
HSD11B1L,skyblue
HSD17B7,skyblue
HSPE1,skyblue
HSPG2,skyblue
HTR1E,skyblue
HTRA2,skyblue
HUS1,skyblue
ICK,skyblue
IDUA,skyblue
IFI30,skyblue
IFIT2,skyblue
IFIT3,skyblue
IFNG,skyblue
IFNGR2,skyblue
IFT57,skyblue
IGDCC3,skyblue
IGF1,skyblue
IGF1R,skyblue
IGF2BP1,skyblue
IGF2BP3,skyblue
IGSF11,skyblue
IGSF21,skyblue
IHH,skyblue
IL12B,skyblue
IL17D,skyblue
IL17RC,skyblue
IL29,skyblue
IL31RA,skyblue
IL5RA,skyblue
IL7,skyblue
ILK,skyblue
IMPAD1,skyblue
INA,skyblue
ING5,skyblue
INPP4B,skyblue
INPP5A,skyblue
INSC,skyblue
INSM2,skyblue
INTS1,skyblue
INTS2,skyblue
INTS3,skyblue
IP6K2,skyblue
IQCD,skyblue
IQCE,skyblue
IQCH,skyblue
IQGAP2,skyblue
IRF4,skyblue
IRF8,skyblue
IRF9,skyblue
IRS2,skyblue
IRX3,skyblue
IRX4,skyblue
ISCU,skyblue
ISL1,skyblue
ISM1,skyblue
ITGA2B,skyblue
ITGA5,skyblue
ITIH2,skyblue
ITM2C,skyblue
ITPKB,skyblue
IYD,skyblue
JAKMIP1,skyblue
JAKMIP3,skyblue
JARID2,skyblue
JAZF1,skyblue
JMJD1C,skyblue
JMJD4,skyblue
JOSD1,skyblue
JPH2,skyblue
JUP,skyblue
KAT5,skyblue
KATNB1,skyblue
KBTBD11,skyblue
KBTBD4,skyblue
KCNA3,skyblue
KCNA4,skyblue
KCNA6,skyblue
KCNC3,skyblue
KCND3,skyblue
KCNH4,skyblue
KCNH5,skyblue
KCNJ1,skyblue
KCNJ6,skyblue
KCNJ8,skyblue
KCNK17,skyblue
KCNK5,skyblue
KCNQ3,skyblue
KCNQ5,skyblue
KCNRG,skyblue
KCNT2,skyblue
KDM3A,skyblue
KDM4D,skyblue
KIAA0040,skyblue
KIAA0101,skyblue
KIAA0141,skyblue
KIAA0182,skyblue
KIAA0427,skyblue
KIAA0495,skyblue
KIAA1199,skyblue
KIAA1239,skyblue
KIAA1324L,skyblue
KIAA1383,skyblue
KIAA1462,skyblue
KIAA1549,skyblue
KIAA1632,skyblue
KIAA1712,skyblue
KIAA1958,skyblue
KIF13B,skyblue
KIF16B,skyblue
KIF18B,skyblue
KIF1B,skyblue
KISS1,skyblue
KLF11,skyblue
KLHL1,skyblue
KLHL18,skyblue
KLHL21,skyblue
KLHL28,skyblue
KREMEN2,skyblue
KRT36,skyblue
KRTAP4-5,skyblue
KRTAP4-8,skyblue
KRTAP5-10,skyblue
KY,skyblue
LACE1,skyblue
LACTB2,skyblue
LAMA1,skyblue
LAMB1,skyblue
LAMC1,skyblue
LANCL2,skyblue
LAPTM4A,skyblue
LARP4B,skyblue
LASS2,skyblue
LATS2,skyblue
LBXCOR1,skyblue
LCK,skyblue
LDB2,skyblue
LDHB,skyblue
LDLR,skyblue
LEMD3,skyblue
LEPREL2,skyblue
LETMD1,skyblue
LFNG,skyblue
LGMN,skyblue
LHCGR,skyblue
LHFP,skyblue
LHX1,skyblue
LHX4,skyblue
LHX5,skyblue
LIMD1,skyblue
LIMK1,skyblue
LIN54,skyblue
LIN7A,skyblue
LIN9,skyblue
LMAN2,skyblue
LMBR1L,skyblue
LMBRD2,skyblue
LMCD1,skyblue
LMO2,skyblue
LMO7,skyblue
LMTK2,skyblue
LMTK3,skyblue
LOC100129716,skyblue
LOC100130015,skyblue
LOC100130987,skyblue
LOC100188947,skyblue
LOC100271715,skyblue
LOC100302652,skyblue
LOC146336,skyblue
LOC148824,skyblue
LOC150381,skyblue
LOC253724,skyblue
LOC255025,skyblue
LOC25845,skyblue
LOC285696,skyblue
LOC349114,skyblue
LOC388588,skyblue
LOC390595,skyblue
LOC399815,skyblue
LOC401397,skyblue
LOC552889,skyblue
LOC641367,skyblue
LOC641746,skyblue
LOC642587,skyblue
LOC643719,skyblue
LOC646851,skyblue
LOC729176,skyblue
LONRF2,skyblue
LPGAT1,skyblue
LPHN2,skyblue
LRP4,skyblue
LRRC16B,skyblue
LRRC37B2,skyblue
LRRC4C,skyblue
LRRC66,skyblue
LRRC8A,skyblue
LRRCC1,skyblue
LRRK1,skyblue
LSG1,skyblue
LSP1,skyblue
LTB,skyblue
LY6D,skyblue
LY6G5C,skyblue
LYSMD2,skyblue
MACROD1,skyblue
MAD1L1,skyblue
MAD2L2,skyblue
MADD,skyblue
MAEA,skyblue
MALT1,skyblue
MAML2,skyblue
MAML3,skyblue
MAN1A1,skyblue
MAN2A1,skyblue
MANEAL,skyblue
MANSC1,skyblue
MAP1B,skyblue
MAP1D,skyblue
MAP2,skyblue
MAP2K6,skyblue
MAP3K10,skyblue
MAP3K8,skyblue
MAP4K3,skyblue
MAPK14,skyblue
MARCH11,skyblue
MARCH2,skyblue
MAST4,skyblue
MATN2,skyblue
MBD2,skyblue
MBD6,skyblue
MBP,skyblue
MCCC1,skyblue
MCOLN2,skyblue
MCTP1,skyblue
MDC1,skyblue
ME1,skyblue
MED11,skyblue
MED12L,skyblue
MED18,skyblue
MED19,skyblue
MED25,skyblue
MED7,skyblue
MEGF6,skyblue
MEGF9,skyblue
MEX3D,skyblue
MFAP3,skyblue
MFAP5,skyblue
MFGE8,skyblue
MFN1,skyblue
MFSD5,skyblue
MGC23284,skyblue
MGEA5,skyblue
MGMT,skyblue
MIB1,skyblue
MICAL1,skyblue
MIOS,skyblue
MIPEP,skyblue
MIR1292,skyblue
MIR1306,skyblue
MIR1322,skyblue
MIR148A,skyblue
MIR498,skyblue
MIR499,skyblue
MIR7-3,skyblue
MIR760,skyblue
MITF,skyblue
MKL2,skyblue
MKRN1,skyblue
MMAB,skyblue
MMD,skyblue
MMP17,skyblue
MMP7,skyblue
MNX1,skyblue
MOBKL2B,skyblue
MOG,skyblue
MOGAT3,skyblue
MOSC2,skyblue
MOSPD3,skyblue
MPP6,skyblue
MPZL3,skyblue
MREG,skyblue
MRFAP1,skyblue
MRPL12,skyblue
MRPL18,skyblue
MRPL23,skyblue
MRPL27,skyblue
MRPL52,skyblue
MRPS18B,skyblue
MSI1,skyblue
MSL2,skyblue
MTFR1,skyblue
MTHFD1L,skyblue
MTHFD2L,skyblue
MTHFS,skyblue
MTUS2,skyblue
MUC2,skyblue
MUC4,skyblue
MUPCDH,skyblue
MXRA7,skyblue
MYCBPAP,skyblue
MYLK,skyblue
MYO10,skyblue
MYO1B,skyblue
MYO1C,skyblue
MYO1E,skyblue
MYOM2,skyblue
MYST3,skyblue
MYST4,skyblue
N4BP2L2,skyblue
N6AMT2,skyblue
NAA15,skyblue
NAA35,skyblue
NAALADL2,skyblue
NADK,skyblue
NAMPT,skyblue
NARS,skyblue
NAT15,skyblue
NAT8L,skyblue
NAV1,skyblue
NBLA00301,skyblue
NBR1,skyblue
NCF2,skyblue
NCKAP5,skyblue
NCOA2,skyblue
NCOA7,skyblue
NCRNA00188,skyblue
NDFIP1,skyblue
NDUFA4L2,skyblue
NDUFA9,skyblue
NDUFB10,skyblue
NDUFB4,skyblue
NECAP2,skyblue
NEDD4,skyblue
NEDD4L,skyblue
NEK1,skyblue
NEU3,skyblue
NFATC1,skyblue
NFATC2,skyblue
NFE2,skyblue
NFKBID,skyblue
NFKBIZ,skyblue
NGLY1,skyblue
NHP2L1,skyblue
NID2,skyblue
NINL,skyblue
NIPA1,skyblue
NIPA2,skyblue
NIT1,skyblue
NKIRAS2,skyblue
NKX2-1,skyblue
NLGN1,skyblue
NLRC4,skyblue
NLRX1,skyblue
NOL10,skyblue
NOP16,skyblue
NOTO,skyblue
NOVA2,skyblue
NPAS2,skyblue
NPAS3,skyblue
NPHS2,skyblue
NPTX1,skyblue
NR2C1,skyblue
NR2E3,skyblue
NR2F2,skyblue
NRG2,skyblue
NSMAF,skyblue
NSMCE4A,skyblue
NTM,skyblue
NTN1,skyblue
NUDC,skyblue
NUDCD3,skyblue
NUMB,skyblue
NUMBL,skyblue
NUP188,skyblue
NXT1,skyblue
OBSCN,skyblue
OCA2,skyblue
ODZ4,skyblue
OGFR,skyblue
OLIG1,skyblue
ONECUT1,skyblue
ONECUT2,skyblue
OPRK1,skyblue
OR2AT4,skyblue
OR2L1P,skyblue
OR2M5,skyblue
OR2T6,skyblue
OR3A1,skyblue
OR52A1,skyblue
OR5AS1,skyblue
OR5V1,skyblue
OR6B1,skyblue
OR8D1,skyblue
ORAI3,skyblue
ORC5L,skyblue
ORMDL2,skyblue
OSGIN1,skyblue
OTX1,skyblue
OTX2,skyblue
P2RY1,skyblue
P4HA2,skyblue
PACRG,skyblue
PACS2,skyblue
PAFAH1B1,skyblue
PAFAH1B2,skyblue
PAG1,skyblue
PAK1,skyblue
PANK3,skyblue
PANK4,skyblue
PANX1,skyblue
PAQR4,skyblue
PARD3,skyblue
PARD3B,skyblue
PARP1,skyblue
PARP4,skyblue
PARVA,skyblue
PAX5,skyblue
PAX7,skyblue
PAX8,skyblue
PAXIP1,skyblue
PBX1,skyblue
PBX3,skyblue
PCBP1,skyblue
PCDH1,skyblue
PCGF1,skyblue
PCNT,skyblue
PCSK6,skyblue
PCSK9,skyblue
PDDC1,skyblue
PDE1B,skyblue
PDE1C,skyblue
PDE6H,skyblue
PDE7A,skyblue
PDGFA,skyblue
PDGFD,skyblue
PDIA5,skyblue
PDK1,skyblue
PDK2,skyblue
PDLIM3,skyblue
PDLIM5,skyblue
PDP1,skyblue
PELP1,skyblue
PEMT,skyblue
PET117,skyblue
PEX5,skyblue
PFAS,skyblue
PFDN4,skyblue
PFKFB3,skyblue
PHACTR3,skyblue
PHB2,skyblue
PHF21B,skyblue
PHLDA2,skyblue
PHLDB2,skyblue
PHTF2,skyblue
PI16,skyblue
PIAS4,skyblue
PIGT,skyblue
PIGY,skyblue
PIK3C2A,skyblue
PIK3C2B,skyblue
PIK3CA,skyblue
PIM1,skyblue
PJA2,skyblue
PKN1,skyblue
PKNOX2,skyblue
PLAG1,skyblue
PLAGL1,skyblue
PLEC1,skyblue
PLK2,skyblue
PLRG1,skyblue
PLSCR2,skyblue
PNLDC1,skyblue
PNLIP,skyblue
PNLIPRP2,skyblue
PNPLA3,skyblue
PNPLA8,skyblue
PNPT1,skyblue
POGZ,skyblue
POLE4,skyblue
POLN,skyblue
POLR2D,skyblue
POMP,skyblue
PON1,skyblue
POP1,skyblue
POPDC3,skyblue
POU6F1,skyblue
POU6F2,skyblue
PPA2,skyblue
PPARGC1B,skyblue
PPFIBP1,skyblue
PPP1CB,skyblue
PPP1R10,skyblue
PPP1R15B,skyblue
PPP1R9A,skyblue
PPP2R2B,skyblue
PPP2R2C,skyblue
PPP3CB,skyblue
PPT2,skyblue
PPYR1,skyblue
PRDM5,skyblue
PRDX1,skyblue
PRIC285,skyblue
PRICKLE1,skyblue
PRKAG2,skyblue
PRKAR1A,skyblue
PRKAR1B,skyblue
PRKCA,skyblue
PRKRIP1,skyblue
PRLR,skyblue
PRR16,skyblue
PRR3,skyblue
PRR4,skyblue
PRRT1,skyblue
PRSS27,skyblue
PRSS35,skyblue
PRTG,skyblue
PSMB1,skyblue
PSMB10,skyblue
PSMB9,skyblue
PSMD13,skyblue
PSMD8,skyblue
PSME2,skyblue
PSMF1,skyblue
PSMG2,skyblue
PSMG4,skyblue
PSORS1C1,skyblue
PSPH,skyblue
PTDSS2,skyblue
PTGER4,skyblue
PTOV1,skyblue
PTPN14,skyblue
PTPN21,skyblue
PTPN4,skyblue
PTPN5,skyblue
PTPRE,skyblue
PTPRN2,skyblue
PTPRO,skyblue
PTRH2,skyblue
PTS,skyblue
PTTG1IP,skyblue
PURG,skyblue
PXT1,skyblue
PYY,skyblue
QRFP,skyblue
R3HCC1,skyblue
RAB11A,skyblue
RAB11B,skyblue
RAB17,skyblue
RAB1B,skyblue
RAB36,skyblue
RAB39,skyblue
RAB3GAP2,skyblue
RABGAP1L,skyblue
RAD50,skyblue
RADIL,skyblue
RAI1,skyblue
RALGAPA1,skyblue
RALGPS2,skyblue
RALY,skyblue
RANBP17,skyblue
RAP1GAP,skyblue
RAPGEFL1,skyblue
RASA2,skyblue
RASEF,skyblue
RASGEF1B,skyblue
RASSF8,skyblue
RB1CC1,skyblue
RBM15B,skyblue
RBM4,skyblue
RBM5,skyblue
RBM8A,skyblue
RBMS3,skyblue
RBPMS,skyblue
RECQL,skyblue
REPS1,skyblue
RESP18,skyblue
RFC2,skyblue
RFTN1,skyblue
RFX1,skyblue
RGL1,skyblue
RGS14,skyblue
RGS17,skyblue
RGS22,skyblue
RGS4,skyblue
RGS6,skyblue
RHEBL1,skyblue
RHOA,skyblue
RHOBTB2,skyblue
RICTOR,skyblue
RILPL2,skyblue
RIMKLA,skyblue
RIMS2,skyblue
RIMS3,skyblue
RIMS4,skyblue
RIOK3,skyblue
RIPPLY2,skyblue
RNF103,skyblue
RNF126,skyblue
RNF130,skyblue
RNF168,skyblue
RNF19A,skyblue
RNF220,skyblue
RNF41,skyblue
RNPC3,skyblue
RNU5E,skyblue
ROBLD3,skyblue
ROBO2,skyblue
ROBO3,skyblue
RPA1,skyblue
RPA3,skyblue
RPAIN,skyblue
RPAP2,skyblue
RPF2,skyblue
RPL29,skyblue
RPL36,skyblue
RPL39L,skyblue
RPL7,skyblue
RPP14,skyblue
RPP21,skyblue
RPRML,skyblue
RPS20,skyblue
RPS6KA2,skyblue
RRAGC,skyblue
RRP15,skyblue
RTN1,skyblue
RTN4RL1,skyblue
RTN4RL2,skyblue
RTTN,skyblue
RUFY1,skyblue
RUNDC3B,skyblue
RUNX1,skyblue
RUNX2,skyblue
RWDD2B,skyblue
RXFP2,skyblue
RXRA,skyblue
S100A11,skyblue
S100A16,skyblue
SAMD10,skyblue
SAMD4A,skyblue
SAMD8,skyblue
SAMD9,skyblue
SAP130,skyblue
SARDH,skyblue
SASS6,skyblue
SBK1,skyblue
SCAF1,skyblue
SCAMP3,skyblue
SCAND3,skyblue
SCARF2,skyblue
SCARNA16,skyblue
SCCPDH,skyblue
SCN3B,skyblue
SCN5A,skyblue
SCNN1A,skyblue
SCP2,skyblue
SCRIB,skyblue
SCRT2,skyblue
SCUBE2,skyblue
SDHAF1,skyblue
SDHAP1,skyblue
SEC1,skyblue
SEC16A,skyblue
SEC31A,skyblue
SECTM1,skyblue
SEMA3A,skyblue
SEMA3D,skyblue
SEMA5A,skyblue
SEPHS1,skyblue
SEPT1,skyblue
SEPT5,skyblue
SERGEF,skyblue
SERINC5,skyblue
SERPINE2,skyblue
SERPINI2,skyblue
SESN1,skyblue
SEZ6L,skyblue
SF3B14,skyblue
SFI1,skyblue
SFPQ,skyblue
SFRS5,skyblue
SFRS6,skyblue
SFRS8,skyblue
SFT2D1,skyblue
SGCD,skyblue
SGK3,skyblue
SGMS1,skyblue
SGOL1,skyblue
SGOL2,skyblue
SGSM1,skyblue
SGSM3,skyblue
SH3BGRL2,skyblue
SH3BP5,skyblue
SH3GL1,skyblue
SH3RF3,skyblue
SH3TC1,skyblue
SH3YL1,skyblue
SHANK2,skyblue
SHD,skyblue
SHF,skyblue
SHISA3,skyblue
SIL1,skyblue
SIPA1L2,skyblue
SIRT1,skyblue
SIRT2,skyblue
SIRT4,skyblue
SKAP2,skyblue
SLBP,skyblue
SLC10A4,skyblue
SLC12A3,skyblue
SLC13A5,skyblue
SLC15A4,skyblue
SLC16A1,skyblue
SLC18A1,skyblue
SLC18A3,skyblue
SLC19A1,skyblue
SLC22A23,skyblue
SLC22A4,skyblue
SLC23A1,skyblue
SLC24A6,skyblue
SLC25A15,skyblue
SLC25A17,skyblue
SLC25A32,skyblue
SLC25A33,skyblue
SLC25A37,skyblue
SLC25A38,skyblue
SLC26A5,skyblue
SLC29A1,skyblue
SLC30A3,skyblue
SLC35E4,skyblue
SLC38A9,skyblue
SLC44A4,skyblue
SLC45A1,skyblue
SLC45A3,skyblue
SLC46A3,skyblue
SLC5A3,skyblue
SLC7A14,skyblue
SLC7A5,skyblue
SLC9A3,skyblue
SLCO2A1,skyblue
SLIT1,skyblue
SLIT3,skyblue
SLITRK5,skyblue
SLURP1,skyblue
SMAD1,skyblue
SMARCA5,skyblue
SMARCC1,skyblue
SMARCD1,skyblue
SMARCD2,skyblue
SMC2,skyblue
SMEK1,skyblue
SMG6,skyblue
SMG7,skyblue
SMOC2,skyblue
SMPDL3B,skyblue
SMUG1,skyblue
SNAP25,skyblue
SNCA,skyblue
SND1,skyblue
SNHG11,skyblue
SNHG12,skyblue
SNHG3-RCC1,skyblue
SNIP1,skyblue
SNORA16A,skyblue
SNORA40,skyblue
SNORA70B,skyblue
SNORD114-4,skyblue
SNORD116-4,skyblue
SNRNP40,skyblue
SNRPE,skyblue
SNTG1,skyblue
SOCS1,skyblue
SOD2,skyblue
SORBS1,skyblue
SORBS3,skyblue
SORCS2,skyblue
SOX2OT,skyblue
SOX5,skyblue
SP1,skyblue
SPAG4L,skyblue
SPAG5,skyblue
SPAG9,skyblue
SPATA13,skyblue
SPEF2,skyblue
SPIB,skyblue
SPNS2,skyblue
SPOPL,skyblue
SPRED1,skyblue
SPRY4,skyblue
SPRYD3,skyblue
SPTB,skyblue
SPTBN4,skyblue
SPTY2D1,skyblue
SRBD1,skyblue
SRGAP1,skyblue
SRRM3,skyblue
SSB,skyblue
SSBP3,skyblue
SSFA2,skyblue
ST3GAL2,skyblue
ST6GAL2,skyblue
ST6GALNAC3,skyblue
ST7OT4,skyblue
ST8SIA4,skyblue
STAB1,skyblue
STAC,skyblue
STARD13,skyblue
STAU2,skyblue
STEAP1,skyblue
STEAP2,skyblue
STIL,skyblue
STIM2,skyblue
STK11IP,skyblue
STK17A,skyblue
STK19,skyblue
STK32C,skyblue
STK35,skyblue
STK38L,skyblue
STK39,skyblue
STK4,skyblue
STMN1,skyblue
STMN3,skyblue
STRA8,skyblue
STUB1,skyblue
STX18,skyblue
STXBP1,skyblue
SUPT3H,skyblue
SUV420H2,skyblue
SYCP1,skyblue
SYDE2,skyblue
SYN3,skyblue
SYNGAP1,skyblue
SYNGR3,skyblue
SYNJ2,skyblue
SYNM,skyblue
SYT11,skyblue
SYT12,skyblue
SYT3,skyblue
SYT5,skyblue
SYT6,skyblue
SYT8,skyblue
SYTL2,skyblue
SYTL3,skyblue
SYVN1,skyblue
TAAR3,skyblue
TAC1,skyblue
TACC1,skyblue
TACO1,skyblue
TACR1,skyblue
TACR3,skyblue
TAF10,skyblue
TAF1C,skyblue
TAF4,skyblue
TAPBPL,skyblue
TAS1R1,skyblue
TAS2R14,skyblue
TBC1D1,skyblue
TBC1D16,skyblue
TBC1D22B,skyblue
TBCB,skyblue
TBCC,skyblue
TBCD,skyblue
TBCEL,skyblue
TBP,skyblue
TBPL1,skyblue
TBX1,skyblue
TBXAS1,skyblue
TCF12,skyblue
TDRKH,skyblue
TEAD1,skyblue
TECTA,skyblue
TECTB,skyblue
TERT,skyblue
TEX14,skyblue
TFAP2D,skyblue
TFCP2,skyblue
TFCP2L1,skyblue
TFRC,skyblue
TG,skyblue
TGFB1I1,skyblue
TGM5,skyblue
THAP1,skyblue
THRB,skyblue
THSD7A,skyblue
THSD7B,skyblue
THUMPD3,skyblue
TIAM1,skyblue
TICAM1,skyblue
TIGD3,skyblue
TIMP2,skyblue
TIRAP,skyblue
TJP2,skyblue
TK2,skyblue
TLL1,skyblue
TLX3,skyblue
TM4SF18,skyblue
TMBIM4,skyblue
TMCO3,skyblue
TMEM121,skyblue
TMEM126A,skyblue
TMEM128,skyblue
TMEM151A,skyblue
TMEM163,skyblue
TMEM168,skyblue
TMEM181,skyblue
TMEM218,skyblue
TMEM30A,skyblue
TMEM38B,skyblue
TMEM49,skyblue
TMEM52,skyblue
TMEM53,skyblue
TMEM57,skyblue
TMEM64,skyblue
TMEM66,skyblue
TMEM67,skyblue
TMEM86A,skyblue
TMEM87B,skyblue
TMEM90B,skyblue
TMEM98,skyblue
TMPRSS4,skyblue
TMPRSS9,skyblue
TMTC4,skyblue
TMUB2,skyblue
TNF,skyblue
TNFAIP8,skyblue
TNFAIP8L3,skyblue
TNFRSF10B,skyblue
TNFRSF8,skyblue
TNFSF11,skyblue
TNIP1,skyblue
TNIP2,skyblue
TNK2,skyblue
TNPO1,skyblue
TNXB,skyblue
TP53BP1,skyblue
TP73,skyblue
TPH2,skyblue
TPO,skyblue
TPPP,skyblue
TPRKB,skyblue
TPRXL,skyblue
TRAF1,skyblue
TRAF3IP1,skyblue
TRAFD1,skyblue
TRAM1L1,skyblue
TRANK1,skyblue
TRAPPC9,skyblue
TRDMT1,skyblue
TREX1,skyblue
TRIAP1,skyblue
TRIM21,skyblue
TRIM47,skyblue
TRIM58,skyblue
TRIM72,skyblue
TRIP4,skyblue
TRNT1,skyblue
TRPC3,skyblue
TRPC6,skyblue
TSHR,skyblue
TSKU,skyblue
TSN,skyblue
TSPAN11,skyblue
TSPAN5,skyblue
TSSC4,skyblue
TTC15,skyblue
TTC21B,skyblue
TTC28,skyblue
TTC7B,skyblue
TTL,skyblue
TTLL12,skyblue
TTLL3,skyblue
TTLL9,skyblue
TTN,skyblue
TUBA1B,skyblue
TUBA1C,skyblue
TUBB6,skyblue
TUBGCP2,skyblue
TUBGCP3,skyblue
TUSC4,skyblue
TXNL1,skyblue
TYRP1,skyblue
UBAC1,skyblue
UBASH3B,skyblue
UBE2D1,skyblue
UBE2E1,skyblue
UBE2H,skyblue
UBE2N,skyblue
UBE4A,skyblue
UBR1,skyblue
UBTD2,skyblue
UBXN1,skyblue
UBXN2A,skyblue
UBXN4,skyblue
UCHL1,skyblue
UEVLD,skyblue
UFM1,skyblue
UGT8,skyblue
UMODL1,skyblue
UNC13A,skyblue
UNC5B,skyblue
UNC5C,skyblue
UNC80,skyblue
UNC84A,skyblue
UPF2,skyblue
UPK3B,skyblue
UQCR,skyblue
USF2,skyblue
USH1C,skyblue
USP10,skyblue
USP2,skyblue
USP31,skyblue
USP47,skyblue
USP54,skyblue
UTP20,skyblue
UVRAG,skyblue
VPS52,skyblue
VRK2,skyblue
VSTM2B,skyblue
VSX1,skyblue
VTI1A,skyblue
VTI1B,skyblue
VWA5B2,skyblue
VWC2,skyblue
VWF,skyblue
WASL,skyblue
WBP11,skyblue
WDHD1,skyblue
WDR20,skyblue
WDR27,skyblue
WDR33,skyblue
WDR37,skyblue
WDR54,skyblue
WDR6,skyblue
WDR62,skyblue
WDR66,skyblue
WDR69,skyblue
WDR8,skyblue
WDR82,skyblue
WDR87,skyblue
WDR90,skyblue
WIPI2,skyblue
WNT8B,skyblue
WWC1,skyblue
WWC2,skyblue
WWP2,skyblue
XKR4,skyblue
XPNPEP1,skyblue
XPNPEP3,skyblue
XPO6,skyblue
XRCC2,skyblue
XRN2,skyblue
XYLT2,skyblue
YIPF1,skyblue
YIPF2,skyblue
YLPM1,skyblue
YPEL2,skyblue
YPEL5,skyblue
YTHDC1,skyblue
YTHDF2,skyblue
YWHAG,skyblue
ZAP70,skyblue
ZBED4,skyblue
ZBTB12,skyblue
ZBTB16,skyblue
ZBTB20,skyblue
ZBTB22,skyblue
ZBTB7A,skyblue
ZBTB9,skyblue
ZC3H15,skyblue
ZC3H3,skyblue
ZDHHC24,skyblue
ZDHHC7,skyblue
ZEB2,skyblue
ZFAND2B,skyblue
ZFHX3,skyblue
ZFHX4,skyblue
ZFP1,skyblue
ZFP28,skyblue
ZFR2,skyblue
ZFYVE19,skyblue
ZHX2,skyblue
ZKSCAN5,skyblue
ZMYM5,skyblue
ZMYND10,skyblue
ZNF12,skyblue
ZNF133,skyblue
ZNF148,skyblue
ZNF175,skyblue
ZNF195,skyblue
ZNF234,skyblue
ZNF250,skyblue
ZNF252,skyblue
ZNF285A,skyblue
ZNF302,skyblue
ZNF317,skyblue
ZNF32,skyblue
ZNF337,skyblue
ZNF37B,skyblue
ZNF384,skyblue
ZNF416,skyblue
ZNF441,skyblue
ZNF451,skyblue
ZNF460,skyblue
ZNF491,skyblue
ZNF492,skyblue
ZNF497,skyblue
ZNF500,skyblue
ZNF561,skyblue
ZNF562,skyblue
ZNF563,skyblue
ZNF575,skyblue
ZNF576,skyblue
ZNF579,skyblue
ZNF583,skyblue
ZNF594,skyblue
ZNF599,skyblue
ZNF622,skyblue
ZNF643,skyblue
ZNF662,skyblue
ZNF672,skyblue
ZNF678,skyblue
ZNF691,skyblue
ZNF704,skyblue
ZNF74,skyblue
ZNF749,skyblue
ZNF783,skyblue
ZNF788,skyblue
ZNF79,skyblue
ZNF804A,skyblue
ZNF827,skyblue
ZNF830,skyblue
ZNF831,skyblue
ZNF846,skyblue
ZSCAN22,skyblue
ZSWIM4,skyblue
A2BP1,steelblue
ABAT,steelblue
ABCA13,steelblue
ABCD2,steelblue
ABCF3,steelblue
ABHD14B,steelblue
ABHD5,steelblue
ABI1,steelblue
ABLIM1,steelblue
ACADM,steelblue
ACAP2,steelblue
ACBD6,steelblue
ACIN1,steelblue
ACOT7,steelblue
ACOXL,steelblue
ACSL3,steelblue
ACSS2,steelblue
ACSS3,steelblue
ADAMTS10,steelblue
ADAMTS19,steelblue
ADAR,steelblue
ADCK1,steelblue
ADCY6,steelblue
ADCY9,steelblue
ADCYAP1,steelblue
ADD3,steelblue
ADIPOQ,steelblue
ADNP,steelblue
AEBP2,steelblue
AFF1,steelblue
AFF3,steelblue
AGAP1,steelblue
AGBL3,steelblue
AGMAT,steelblue
AGPAT4,steelblue
AIG1,steelblue
AKAP12,steelblue
AKAP8L,steelblue
AKD1,steelblue
ALCAM,steelblue
ALDH18A1,steelblue
ALDH9A1,steelblue
ALG3,steelblue
ALK,steelblue
ALKBH1,steelblue
AMACR,steelblue
ANAPC11,steelblue
ANAPC5,steelblue
ANG,steelblue
ANGPTL6,steelblue
ANK3,steelblue
ANKRD45,steelblue
ANKRD55,steelblue
ANO8,steelblue
AP2A1,steelblue
AP2B1,steelblue
AP4S1,steelblue
APBB1,steelblue
APH1A,steelblue
APH1B,steelblue
API5,steelblue
APP,steelblue
APPL1,steelblue
APRT,steelblue
ARF3,steelblue
ARG1,steelblue
ARHGAP5,steelblue
ARHGEF19,steelblue
ARID1B,steelblue
ARID5B,steelblue
ARL9,steelblue
ARMC5,steelblue
ARVCF,steelblue
AS3MT,steelblue
ASAP1,steelblue
ASB13,steelblue
ASB15,steelblue
ATCAY,steelblue
ATF1,steelblue
ATF2,steelblue
ATF6,steelblue
ATG12,steelblue
ATG4B,steelblue
ATG4D,steelblue
ATM,steelblue
ATMIN,steelblue
ATP10D,steelblue
ATP1A3,steelblue
ATP2A1,steelblue
ATP2C1,steelblue
ATP5C1,steelblue
ATP5E,steelblue
ATP5I,steelblue
ATP6V0B,steelblue
ATP6V1C2,steelblue
ATP6V1H,steelblue
ATPGD1,steelblue
ATXN1,steelblue
AUTS2,steelblue
B3GALNT2,steelblue
B3GAT3,steelblue
B4GALT4,steelblue
B4GALT5,steelblue
B9D2,steelblue
BACE2,steelblue
BANF1,steelblue
BARHL2,steelblue
BAT1,steelblue
BAT2,steelblue
BAT3,steelblue
BAZ1B,steelblue
BBX,steelblue
BCAS3,steelblue
BCDIN3D,steelblue
BCKDHA,steelblue
BCKDHB,steelblue
BCL11B,steelblue
BCL2L13,steelblue
BCL6,steelblue
BCLAF1,steelblue
BICC1,steelblue
BIK,steelblue
BIRC2,steelblue
BIRC3,steelblue
BIRC6,steelblue
BMP6,steelblue
BMPR2,steelblue
BNIP3,steelblue
BOLA1,steelblue
BOP1,steelblue
BRAF,steelblue
BRD2,steelblue
BRDT,steelblue
BRI3,steelblue
BRP44,steelblue
BRPF3,steelblue
BSCL2,steelblue
BTBD10,steelblue
BTBD3,steelblue
BTBD9,steelblue
BZW1,steelblue
C10ORF131,steelblue
C10ORF137,steelblue
C10ORF2,steelblue
C10ORF4,steelblue
C11ORF30,steelblue
C11ORF60,steelblue
C11ORF63,steelblue
C11ORF67,steelblue
C11ORF84,steelblue
C11ORF91,steelblue
C11ORF95,steelblue
C12ORF10,steelblue
C12ORF43,steelblue
C12ORF62,steelblue
C13ORF33,steelblue
C14ORF104,steelblue
C14ORF43,steelblue
C14ORF73,steelblue
C14ORF80,steelblue
C15ORF57,steelblue
C16ORF74,steelblue
C16ORF75,steelblue
C17ORF59,steelblue
C18ORF55,steelblue
C19ORF43,steelblue
C1ORF107,steelblue
C1ORF122,steelblue
C1ORF125,steelblue
C1ORF173,steelblue
C1ORF183,steelblue
C1ORF212,steelblue
C1ORF61,steelblue
C1ORF70,steelblue
C1ORF77,steelblue
C1ORF83,steelblue
C1ORF9,steelblue
C1ORF96,steelblue
C20ORF108,steelblue
C20ORF117,steelblue
C20ORF194,steelblue
C20ORF96,steelblue
C22ORF28,steelblue
C2ORF44,steelblue
C2ORF63,steelblue
C3ORF1,steelblue
C3ORF54,steelblue
C3ORF75,steelblue
C4ORF37,steelblue
C5ORF13,steelblue
C5ORF34,steelblue
C5ORF35,steelblue
C6ORF10,steelblue
C6ORF134,steelblue
C6ORF136,steelblue
C6ORF147,steelblue
C6ORF173,steelblue
C6ORF191,steelblue
C6ORF226,steelblue
C7ORF10,steelblue
C7ORF27,steelblue
C7ORF46,steelblue
C7ORF50,steelblue
C7ORF51,steelblue
C7ORF55,steelblue
C7ORF68,steelblue
C9ORF103,steelblue
C9ORF152,steelblue
C9ORF89,steelblue
CAB39,steelblue
CACNA1A,steelblue
CACNA1C,steelblue
CACNA1E,steelblue
CACNA2D2,steelblue
CACNG1,steelblue
CACNG2,steelblue
CADPS2,steelblue
CALD1,steelblue
CALM2,steelblue
CAPZA1,steelblue
CAPZA2,steelblue
CASP8AP2,steelblue
CAT,steelblue
CATSPERG,steelblue
CBARA1,steelblue
CBS,steelblue
CBX5,steelblue
CCDC111,steelblue
CCDC112,steelblue
CCDC13,steelblue
CCDC147,steelblue
CCDC18,steelblue
CCDC23,steelblue
CCDC24,steelblue
CCDC34,steelblue
CCDC37,steelblue
CCDC39,steelblue
CCDC55,steelblue
CCDC6,steelblue
CCDC65,steelblue
CCDC76,steelblue
CCDC82,steelblue
CCDC83,steelblue
CCDC90A,steelblue
CCDC90B,steelblue
CCDC93,steelblue
CCDC96,steelblue
CCK,steelblue
CCKBR,steelblue
CCND2,steelblue
CCND3,steelblue
CCNDBP1,steelblue
CCNJ,steelblue
CCNL1,steelblue
CCPG1,steelblue
CD164L2,steelblue
CD44,steelblue
CDC14B,steelblue
CDC23,steelblue
CDC42,steelblue
CDCA7L,steelblue
CDH18,steelblue
CDH20,steelblue
CDK11B,steelblue
CDK13,steelblue
CDK5R1,steelblue
CDK5RAP3,steelblue
CDK6,steelblue
CDK7,steelblue
CDS2,steelblue
CELSR1,steelblue
CENPE,steelblue
CENPH,steelblue
CENPL,steelblue
CENPM,steelblue
CEP63,steelblue
CEP72,steelblue
CEP97,steelblue
CFHR4,steelblue
CFL1,steelblue
CFL2,steelblue
CGB7,steelblue
CGN,steelblue
CHAC1,steelblue
CHAF1B,steelblue
CHD3,steelblue
CHGB,steelblue
CHMP4B,steelblue
CHRM3,steelblue
CHRNA5,steelblue
CHRNB2,steelblue
CHST11,steelblue
CHTF18,steelblue
CIB1,steelblue
CILP2,steelblue
CKAP2L,steelblue
CLASP2,steelblue
CLCA3P,steelblue
CLCN6,steelblue
CLEC16A,steelblue
CLEC4C,steelblue
CLK1,steelblue
CLMN,steelblue
CLN3,steelblue
CLTC,steelblue
CLVS1,steelblue
CMPK1,steelblue
CNDP2,steelblue
CNKSR3,steelblue
CNOT10,steelblue
CNOT2,steelblue
COBLL1,steelblue
COG8,steelblue
COL4A3BP,steelblue
COMP,steelblue
COMTD1,steelblue
COPB2,steelblue
COPS3,steelblue
COQ10A,steelblue
COQ9,steelblue
CORO1A,steelblue
COX5A,steelblue
COX5B,steelblue
COX7A2L,steelblue
CPEB2,steelblue
CPEB3,steelblue
CPT1A,steelblue
CPT2,steelblue
CRBN,steelblue
CREB3L2,steelblue
CREB5,steelblue
CREM,steelblue
CRISP2,steelblue
CRK,steelblue
CRKL,steelblue
CRLF1,steelblue
CROCC,steelblue
CROT,steelblue
CRTC2,steelblue
CRYGA,steelblue
CSNK1E,steelblue
CTDP1,steelblue
CTR9,steelblue
CTSA,steelblue
CTSH,steelblue
CTSO,steelblue
CTTN,steelblue
CUL9,steelblue
CXCL2,steelblue
CXCR7,steelblue
CXXC5,steelblue
CYP1A1,steelblue
CYP2U1,steelblue
CYP4V2,steelblue
CYTL1,steelblue
DAAM1,steelblue
DARS,steelblue
DAXX,steelblue
DAZAP2,steelblue
DBI,steelblue
DBN1,steelblue
DCAF8,steelblue
DCLK2,steelblue
DCLRE1B,steelblue
DCUN1D3,steelblue
DDAH2,steelblue
DDHD2,steelblue
DDIT4,steelblue
DDN,steelblue
DDX18,steelblue
DDX19A,steelblue
DDX24,steelblue
DDX25,steelblue
DDX43,steelblue
DDX49,steelblue
DDX58,steelblue
DEPDC1B,steelblue
DEPDC5,steelblue
DFFB,steelblue
DHRS12,steelblue
DHRS7B,steelblue
DHX15,steelblue
DHX16,steelblue
DHX29,steelblue
DHX36,steelblue
DIAPH1,steelblue
DIAPH3,steelblue
DIRC2,steelblue
DLC1,steelblue
DNAH6,steelblue
DNAJB13,steelblue
DNAJC18,steelblue
DNAJC27,steelblue
DNAL4,steelblue
DOCK5,steelblue
DOCK7,steelblue
DPPA2,steelblue
DPPA3,steelblue
DST,steelblue
DSTYK,steelblue
DULLARD,steelblue
DUSP18,steelblue
DUSP19,steelblue
DUSP4,steelblue
DUT,steelblue
DVWA,steelblue
DYNLT1,steelblue
DYX1C1,steelblue
ECE1,steelblue
ECHDC3,steelblue
EDEM1,steelblue
EEF2,steelblue
EFCAB1,steelblue
EFHA2,steelblue
EFHD1,steelblue
EFHD2,steelblue
EFNA2,steelblue
EFNA5,steelblue
EFR3B,steelblue
EGLN1,steelblue
EHD2,steelblue
EHMT2,steelblue
EID2,steelblue
EIF1,steelblue
EIF2B5,steelblue
EIF2C4,steelblue
EIF3B,steelblue
EIF4A3,steelblue
ELF2,steelblue
ELMO1,steelblue
ELMO2,steelblue
ELMOD1,steelblue
ELOVL6,steelblue
ELP4,steelblue
ENDOD1,steelblue
ENOSF1,steelblue
EPB41L4A,steelblue
EPB41L5,steelblue
EPRS,steelblue
ERP27,steelblue
ESCO1,steelblue
ESR2,steelblue
ETFA,steelblue
ETHE1,steelblue
ETV1,steelblue
EXD3,steelblue
EXOSC4,steelblue
EXT1,steelblue
F13A1,steelblue
FADS6,steelblue
FAF1,steelblue
FAF2,steelblue
FAM104A,steelblue
FAM105B,steelblue
FAM110B,steelblue
FAM133B,steelblue
FAM13B,steelblue
FAM161A,steelblue
FAM164A,steelblue
FAM168B,steelblue
FAM171A1,steelblue
FAM172A,steelblue
FAM186A,steelblue
FAM194A,steelblue
FAM198A,steelblue
FAM36A,steelblue
FAM43A,steelblue
FAM46A,steelblue
FAM55C,steelblue
FAM73B,steelblue
FAM78B,steelblue
FAM83H,steelblue
FAM98B,steelblue
FAR1,steelblue
FASTK,steelblue
FBRSL1,steelblue
FBXL12,steelblue
FBXO31,steelblue
FBXO33,steelblue
FBXO9,steelblue
FBXW11,steelblue
FCF1,steelblue
FCRLB,steelblue
FDXACB1,steelblue
FEM1A,steelblue
FEZF1,steelblue
FGF14,steelblue
FLJ10357,steelblue
FLJ37453,steelblue
FLJ42289,steelblue
FLJ42709,steelblue
FLJ43663,steelblue
FNDC1,steelblue
FOXN4,steelblue
FOXP1,steelblue
FREQ,steelblue
FSCN1,steelblue
FSTL4,steelblue
FUS,steelblue
FXR2,steelblue
FZD8,steelblue
FZR1,steelblue
GABARAPL1,steelblue
GABARAPL2,steelblue
GABPB1,steelblue
GABPB2,steelblue
GABRA6,steelblue
GABRB3,steelblue
GADD45A,steelblue
GALK2,steelblue
GALNT10,steelblue
GALNT9,steelblue
GALNTL6,steelblue
GARS,steelblue
GAS2L1,steelblue
GAST,steelblue
GATAD2B,steelblue
GBX1,steelblue
GCA,steelblue
GCH1,steelblue
GCLC,steelblue
GCLM,steelblue
GDNF,steelblue
GDPD1,steelblue
GFRA2,steelblue
GGCX,steelblue
GINS3,steelblue
GIPC1,steelblue
GJA4,steelblue
GJB2,steelblue
GJD2,steelblue
GMDS,steelblue
GMFB,steelblue
GMIP,steelblue
GMPR,steelblue
GMPR2,steelblue
GNA13,steelblue
GNB1,steelblue
GNB2L1,steelblue
GNB4,steelblue
GNMT,steelblue
GNRHR2,steelblue
GOLGA3,steelblue
GOLPH3,steelblue
GPD1L,steelblue
GPR120,steelblue
GPR85,steelblue
GPRIN3,steelblue
GRID2IP,steelblue
GRK5,steelblue
GRM8,steelblue
GRSF1,steelblue
GRTP1,steelblue
GSN,steelblue
GSS,steelblue
GSTO2,steelblue
GTF2A1,steelblue
GTF2H4,steelblue
GTF2H5,steelblue
H3F3B,steelblue
HADHA,steelblue
HCG27,steelblue
HCN3,steelblue
HCP5,steelblue
HCRTR1,steelblue
HDAC4,steelblue
HDAC5,steelblue
HDAC9,steelblue
HEATR1,steelblue
HECTD3,steelblue
HECW1,steelblue
HEMK1,steelblue
HERC3,steelblue
HERC4,steelblue
HHLA3,steelblue
HIGD1B,steelblue
HIGD2B,steelblue
HIPK2,steelblue
HIST1H2AG,steelblue
HIST1H2BD,steelblue
HIST1H3E,steelblue
HIST1H4E,steelblue
HJURP,steelblue
HK2,steelblue
HLA-DOA,steelblue
HLA-J,steelblue
HLX,steelblue
HN1L,steelblue
HNRNPA1,steelblue
HNRNPAB,steelblue
HOOK2,steelblue
HOOK3,steelblue
HOXB13,steelblue
HOXC4,steelblue
HPS3,steelblue
HSF2,steelblue
HSF2BP,steelblue
HSPA1A,steelblue
HSPC159,steelblue
HSPG2,steelblue
HSPH1,steelblue
HTRA4,steelblue
HUS1,steelblue
HYAL2,steelblue
ICOSLG,steelblue
IDE,steelblue
IDO2,steelblue
IER5,steelblue
IFNGR1,steelblue
IFNGR2,steelblue
IGSF21,steelblue
IGSF22,steelblue
IGSF8,steelblue
IL6,steelblue
ILF3,steelblue
IMMT,steelblue
INCA1,steelblue
INCENP,steelblue
ING1,steelblue
INO80C,steelblue
INPP5A,steelblue
INSIG1,steelblue
INSM2,steelblue
INTS5,steelblue
INTS7,steelblue
IPO5,steelblue
IPP,steelblue
IPPK,steelblue
IRX6,steelblue
ISG15,steelblue
ITPR3,steelblue
IVD,steelblue
JRKL,steelblue
KAT5,steelblue
KATNB1,steelblue
KBTBD3,steelblue
KCNC2,steelblue
KCNC3,steelblue
KCNC4,steelblue
KCNK13,steelblue
KCNK4,steelblue
KCNN1,steelblue
KCNQ2,steelblue
KCNS2,steelblue
KCNS3,steelblue
KCTD1,steelblue
KCTD15,steelblue
KCTD9,steelblue
KDM2A,steelblue
KDM4C,steelblue
KIAA0101,steelblue
KIAA0427,steelblue
KIAA0513,steelblue
KIAA0528,steelblue
KIAA0564,steelblue
KIAA0652,steelblue
KIAA0895,steelblue
KIAA1217,steelblue
KIAA1244,steelblue
KIAA1688,steelblue
KIAA1712,steelblue
KIAA1908,steelblue
KIAA1919,steelblue
KIF20B,steelblue
KIFC2,steelblue
KLF11,steelblue
KLHDC1,steelblue
KLHDC10,steelblue
KLHDC5,steelblue
KLHL14,steelblue
KLHL24,steelblue
KLRA1,steelblue
KRI1,steelblue
L3MBTL4,steelblue
LAMA5,steelblue
LARP4,steelblue
LARS2,steelblue
LAX1,steelblue
LDHA,steelblue
LDLRAD2,steelblue
LEPREL1,steelblue
LEPROT,steelblue
LHFPL2,steelblue
LHX8,steelblue
LIG1,steelblue
LIMA1,steelblue
LIMK1,steelblue
LIN52,steelblue
LIN7C,steelblue
LIPA,steelblue
LIPE,steelblue
LIX1L,steelblue
LLPH,steelblue
LMAN1,steelblue
LMBR1L,steelblue
LOC100128164,steelblue
LOC100128731,steelblue
LOC100129716,steelblue
LOC100133985,steelblue
LOC100134368,steelblue
LOC100134713,steelblue
LOC100271715,steelblue
LOC100271722,steelblue
LOC149837,steelblue
LOC221710,steelblue
LOC285501,steelblue
LOC285830,steelblue
LOC388789,steelblue
LOC388796,steelblue
LOC641518,steelblue
LOC645323,steelblue
LOC728743,steelblue
LOC729176,steelblue
LOC730101,steelblue
LONRF1,steelblue
LPCAT3,steelblue
LPHN2,steelblue
LRBA,steelblue
LRFN5,steelblue
LRPAP1,steelblue
LRRC1,steelblue
LRRC20,steelblue
LRRC34,steelblue
LRRC3B,steelblue
LRRC41,steelblue
LRRC47,steelblue
LRRC50,steelblue
LRRK1,steelblue
LSM2,steelblue
LSM4,steelblue
LSM5,steelblue
LTB,steelblue
LTBP3,steelblue
LUC7L,steelblue
LUC7L2,steelblue
LY6H,steelblue
LYPD6B,steelblue
LYRM1,steelblue
LYRM4,steelblue
LYSMD2,steelblue
LYSMD3,steelblue
LZTFL1,steelblue
MACF1,steelblue
MAD1L1,steelblue
MALAT1,steelblue
MAMSTR,steelblue
MANSC1,steelblue
MAP2K1,steelblue
MAP2K4,steelblue
MAP3K7,steelblue
MAP4K1,steelblue
MAP4K3,steelblue
MAPK12,steelblue
MAPK4,steelblue
MARCH10,steelblue
MARCH7,steelblue
MARS,steelblue
MATN3,steelblue
MAX,steelblue
MAZ,steelblue
MBNL1,steelblue
MCC,steelblue
MCEE,steelblue
MCL1,steelblue
MCRS1,steelblue
MED1,steelblue
MED16,steelblue
MED7,steelblue
MED9,steelblue
MEF2D,steelblue
MEIS1,steelblue
MEIS2,steelblue
MET,steelblue
MEX3A,steelblue
MEX3B,steelblue
MEX3D,steelblue
MFAP3,steelblue
MGC14436,steelblue
MIB2,steelblue
MIF,steelblue
MIR182,steelblue
MIR548H4,steelblue
MIR564,steelblue
MIR886,steelblue
MKI67,steelblue
MKLN1,steelblue
MLF2,steelblue
MLL,steelblue
MMD,steelblue
MMP17,steelblue
MMP25,steelblue
MND1,steelblue
MNS1,steelblue
MOAP1,steelblue
MOBKL2B,steelblue
MOGS,steelblue
MORN4,steelblue
MOV10,steelblue
MPG,steelblue
MPP2,steelblue
MPP5,steelblue
MPPE1,steelblue
MPZL1,steelblue
MRE11A,steelblue
MRO,steelblue
MRP63,steelblue
MRPL34,steelblue
MRPL39,steelblue
MRPL55,steelblue
MRPS11,steelblue
MRPS12,steelblue
MRPS18B,steelblue
MRPS36,steelblue
MRVI1,steelblue
MSH5,steelblue
MSI2,steelblue
MSRA,steelblue
MTCH1,steelblue
MTF2,steelblue
MTG1,steelblue
MTMR9,steelblue
MTNR1A,steelblue
MTRR,steelblue
MTUS1,steelblue
MTX3,steelblue
MUM1,steelblue
MUPCDH,steelblue
MXD4,steelblue
MYC,steelblue
MYH10,steelblue
MYH9,steelblue
MYL6B,steelblue
MYLK4,steelblue
MYO18A,steelblue
MYO1C,steelblue
MYO9A,steelblue
MYOCD,steelblue
MYST4,steelblue
MYT1L,steelblue
N6AMT2,steelblue
NAA30,steelblue
NAGA,steelblue
NAP1L4,steelblue
NARFL,steelblue
NBAS,steelblue
NBEAL1,steelblue
NCKIPSD,steelblue
NCL,steelblue
NCOR2,steelblue
NCRNA00052,steelblue
NCRNA00095,steelblue
NDFIP2,steelblue
NDUFA5,steelblue
NDUFB6,steelblue
NDUFC2,steelblue
NDUFS3,steelblue
NDUFS4,steelblue
NDUFS8,steelblue
NDUFV3,steelblue
NEDD9,steelblue
NEK11,steelblue
NETO2,steelblue
NFE2L2,steelblue
NFIB,steelblue
NID2,steelblue
NIPA1,steelblue
NIPBL,steelblue
NISCH,steelblue
NLRC5,steelblue
NME3,steelblue
NOB1,steelblue
NOS1,steelblue
NOV,steelblue
NPAS2,steelblue
NPTXR,steelblue
NPY1R,steelblue
NR2C1,steelblue
NR2C2,steelblue
NR2F2,steelblue
NR3C1,steelblue
NRBP1,steelblue
NRF1,steelblue
NRM,steelblue
NRN1,steelblue
NT5C1B,steelblue
NT5C2,steelblue
NT5DC1,steelblue
NTNG1,steelblue
NTNG2,steelblue
NUCB1,steelblue
NUCB2,steelblue
NUDT21,steelblue
NUF2,steelblue
NUP107,steelblue
NUP153,steelblue
NUP205,steelblue
NXT1,steelblue
OBFC1,steelblue
OBFC2B,steelblue
OCIAD2,steelblue
ODZ4,steelblue
OLFM1,steelblue
OLIG2,steelblue
OPCML,steelblue
OPN3,steelblue
OR51I2,steelblue
OR52K2,steelblue
OR5K1,steelblue
ORC2L,steelblue
OSGIN2,steelblue
OSMR,steelblue
OSR1,steelblue
OSTC,steelblue
OTOP2,steelblue
OXCT1,steelblue
PACRGL,steelblue
PACSIN1,steelblue
PAIP2B,steelblue
PALB2,steelblue
PALLD,steelblue
PAM,steelblue
PANK2,steelblue
PARD3B,steelblue
PAX2,steelblue
PBX2,steelblue
PC,steelblue
PCDH9,steelblue
PCDHB8,steelblue
PCDHGA1,steelblue
PCF11,steelblue
PCNP,steelblue
PCOLCE2,steelblue
PCTP,steelblue
PCYOX1L,steelblue
PCYT2,steelblue
PDCD2,steelblue
PDE4D,steelblue
PDHX,steelblue
PDIA6,steelblue
PDK2,steelblue
PDXP,steelblue
PECI,steelblue
PECR,steelblue
PEF1,steelblue
PEMT,steelblue
PEPD,steelblue
PET112L,steelblue
PEX13,steelblue
PFDN2,steelblue
PFKFB4,steelblue
PGAM5,steelblue
PGBD4,steelblue
PGLS,steelblue
PHF21A,steelblue
PHLDB2,steelblue
PI4K2A,steelblue
PID1,steelblue
PIGG,steelblue
PIGL,steelblue
PIGT,steelblue
PIK3CA,steelblue
PINX1,steelblue
PISD,steelblue
PITX3,steelblue
PIWIL1,steelblue
PKIA,steelblue
PLA2G4D,steelblue
PLA2G4E,steelblue
PLA2G6,steelblue
PLA2G7,steelblue
PLCG1,steelblue
PLCL2,steelblue
PLD6,steelblue
PLDN,steelblue
PLEC1,steelblue
PLEK,steelblue
PLEKHF2,steelblue
PLEKHH2,steelblue
PLSCR2,steelblue
PM20D1,steelblue
PMM1,steelblue
PMP22,steelblue
PMVK,steelblue
PNKD,steelblue
PNMA2,steelblue
PNPLA2,steelblue
PNPLA6,steelblue
PNPLA7,steelblue
PNRC1,steelblue
PODXL,steelblue
POFUT2,steelblue
POLA2,steelblue
POLG2,steelblue
POLR2K,steelblue
POLR3H,steelblue
PON1,steelblue
POT1,steelblue
POU2F1,steelblue
POU4F1,steelblue
PPAPDC1A,steelblue
PPAPDC1B,steelblue
PPARD,steelblue
PPHLN1,steelblue
PPID,steelblue
PPIL5,steelblue
PPM1B,steelblue
PPM1M,steelblue
PPP1R11,steelblue
PPP1R12A,steelblue
PPP1R13B,steelblue
PPP1R13L,steelblue
PPP1R2,steelblue
PPP1R9A,steelblue
PPP1R9B,steelblue
PPP2R2B,steelblue
PPP2R3C,steelblue
PPP2R5C,steelblue
PPP2R5D,steelblue
PPP3CB,steelblue
PPP4C,steelblue
PPPDE2,steelblue
PQLC3,steelblue
PRDM2,steelblue
PRDM5,steelblue
PRDX3,steelblue
PREPL,steelblue
PRIM1,steelblue
PRIM2,steelblue
PRKAA2,steelblue
PRKCI,steelblue
PRKG1,steelblue
PRNP,steelblue
PRPF38B,steelblue
PRPSAP2,steelblue
PRR3,steelblue
PRRC1,steelblue
PRRG4,steelblue
PRRT1,steelblue
PRRT4,steelblue
PSAT1,steelblue
PSD,steelblue
PSMA3,steelblue
PSMA6,steelblue
PSMA7,steelblue
PSMB6,steelblue
PSMB9,steelblue
PSMD13,steelblue
PSMD8,steelblue
PSME4,steelblue
PSMF1,steelblue
PSMG1,steelblue
PSORS1C1,steelblue
PSPC1,steelblue
PTCH1,steelblue
PTDSS2,steelblue
PTGER2,steelblue
PTGER4,steelblue
PTGFRN,steelblue
PTH1R,steelblue
PTHLH,steelblue
PTK2,steelblue
PTMS,steelblue
PTPDC1,steelblue
PTPN21,steelblue
PTPN9,steelblue
PTPRN2,steelblue
PTPRU,steelblue
PTRH2,steelblue
PUS1,steelblue
PWP1,steelblue
PXDN,steelblue
PXDNL,steelblue
PXMP2,steelblue
PXMP3,steelblue
PYCR1,steelblue
RAB11B,steelblue
RAB11FIP1,steelblue
RAB1B,steelblue
RAB33B,steelblue
RAB3GAP2,steelblue
RAB40B,steelblue
RAB8B,steelblue
RABGGTA,steelblue
RABIF,steelblue
RAD51L1,steelblue
RAD54B,steelblue
RAET1G,steelblue
RAGE,steelblue
RAI1,steelblue
RALGAPA2,steelblue
RANBP3,steelblue
RANGAP1,steelblue
RAP1GDS1,steelblue
RAP2B,steelblue
RAPGEF6,steelblue
RARB,steelblue
RARS2,steelblue
RASA1,steelblue
RASL10B,steelblue
RASSF3,steelblue
RBBP5,steelblue
RBM15B,steelblue
RBM20,steelblue
RBM27,steelblue
RBM33,steelblue
RBM46,steelblue
RBP7,steelblue
RBPJ,steelblue
RC3H2,steelblue
RCE1,steelblue
RCOR1,steelblue
RERE,steelblue
RFWD3,steelblue
RFX7,steelblue
RGMA,steelblue
RGMB,steelblue
RGNEF,steelblue
RHEBL1,steelblue
RHOA,steelblue
RHPN1,steelblue
RICTOR,steelblue
RING1,steelblue
RIOK2,steelblue
RNASEH2C,steelblue
RNF10,steelblue
RNF111,steelblue
RNF121,steelblue
RNF14,steelblue
RNF17,steelblue
RNF8,steelblue
RNPEPL1,steelblue
ROGDI,steelblue
ROMO1,steelblue
RPF2,steelblue
RPH3A,steelblue
RPL27A,steelblue
RPL30,steelblue
RPP21,steelblue
RPP38,steelblue
RPS18,steelblue
RPS26,steelblue
RPS29,steelblue
RPS6KB2,steelblue
RRAGC,steelblue
RRAS,steelblue
RRM2,steelblue
RSBN1L,steelblue
RTN1,steelblue
RUFY1,steelblue
RUNX1,steelblue
RUNX1T1,steelblue
RUSC1,steelblue
RUVBL2,steelblue
RYR2,steelblue
S1PR2,steelblue
SAE1,steelblue
SAMD8,steelblue
SAP130,steelblue
SAP30,steelblue
SAP30L,steelblue
SASH1,steelblue
SAV1,steelblue
SBK1,steelblue
SCAMP1,steelblue
SCAND1,steelblue
SCAND2,steelblue
SCARF1,steelblue
SCOC,steelblue
SCRN1,steelblue
SDC1,steelblue
SDC2,steelblue
SDCBP,steelblue
SDF2L1,steelblue
SDHAF1,steelblue
SDHB,steelblue
SDHC,steelblue
SDK1,steelblue
SEC1,steelblue
SEC11A,steelblue
SEC22A,steelblue
SELK,steelblue
SENP7,steelblue
SEPHS2,steelblue
SERBP1,steelblue
SERINC5,steelblue
SERPINC1,steelblue
SETD2,steelblue
SF3B3,steelblue
SFRP5,steelblue
SFRS2IP,steelblue
SFRS4,steelblue
SGK1,steelblue
SGK196,steelblue
SGOL1,steelblue
SH3BGRL2,steelblue
SH3PXD2A,steelblue
SHANK2,steelblue
SHC4,steelblue
SHISA7,steelblue
SHKBP1,steelblue
SIAH3,steelblue
SIX1,steelblue
SKA3,steelblue
SKIV2L2,steelblue
SLAIN1,steelblue
SLC10A7,steelblue
SLC12A6,steelblue
SLC12A8,steelblue
SLC13A4,steelblue
SLC16A13,steelblue
SLC17A2,steelblue
SLC17A4,steelblue
SLC18A2,steelblue
SLC22A16,steelblue
SLC22A3,steelblue
SLC25A13,steelblue
SLC25A32,steelblue
SLC25A37,steelblue
SLC25A46,steelblue
SLC28A3,steelblue
SLC2A11,steelblue
SLC35B1,steelblue
SLC35B2,steelblue
SLC35B4,steelblue
SLC35F3,steelblue
SLC36A4,steelblue
SLC37A4,steelblue
SLC39A9,steelblue
SLC44A5,steelblue
SLCO4C1,steelblue
SLCO5A1,steelblue
SLFN5,steelblue
SLK,steelblue
SLTM,steelblue
SMARCA2,steelblue
SMARCD1,steelblue
SMC2,steelblue
SMEK2,steelblue
SMG7,steelblue
SMU1,steelblue
SMURF1,steelblue
SNAP23,steelblue
SNAR-F,steelblue
SNCA,steelblue
SNF8,steelblue
SNHG5,steelblue
SNORD42B,steelblue
SNORD43,steelblue
SNRNP70,steelblue
SNRPC,steelblue
SNTB1,steelblue
SNTB2,steelblue
SNX3,steelblue
SOCS1,steelblue
SOCS2,steelblue
SOD1,steelblue
SORBS3,steelblue
SOX2OT,steelblue
SOX9,steelblue
SPACA3,steelblue
SPAG1,steelblue
SPAG9,steelblue
SPATA18,steelblue
SPEN,steelblue
SPINK5,steelblue
SPPL2B,steelblue
SPPL3,steelblue
SPRY4,steelblue
SRBD1,steelblue
SRC,steelblue
SREBF1,steelblue
SRFBP1,steelblue
SRP54,steelblue
SRPK2,steelblue
SRRM1,steelblue
SRRT,steelblue
SSH1,steelblue
ST3GAL2,steelblue
ST3GAL5,steelblue
STARD13,steelblue
STAT1,steelblue
STAT5B,steelblue
STC2,steelblue
STIM1,steelblue
STIM2,steelblue
STK32A,steelblue
STK32C,steelblue
STOM,steelblue
STOX2,steelblue
STT3A,steelblue
STT3B,steelblue
STX11,steelblue
STX18,steelblue
STX2,steelblue
SUMO1,steelblue
SUPV3L1,steelblue
SV2B,steelblue
SVIP,steelblue
SYNCRIP,steelblue
SYNE1,steelblue
SYNPO2,steelblue
SYNRG,steelblue
SYS1,steelblue
SYT5,steelblue
TACR3,steelblue
TAF15,steelblue
TAF5,steelblue
TAF6,steelblue
TAPBP,steelblue
TAS1R1,steelblue
TAX1BP1,steelblue
TBC1D1,steelblue
TBC1D10A,steelblue
TBC1D23,steelblue
TBC1D8,steelblue
TBCB,steelblue
TBX3,steelblue
TCEB3,steelblue
TCP11L1,steelblue
TDRD5,steelblue
TECPR1,steelblue
TEX12,steelblue
TEX14,steelblue
TFAM,steelblue
TFAP2A,steelblue
TFCP2L1,steelblue
TFG,steelblue
TFIP11,steelblue
TFRC,steelblue
TGFBR3,steelblue
THOP1,steelblue
THSD1P,steelblue
THYN1,steelblue
TIAM1,steelblue
TIMM22,steelblue
TIMM44,steelblue
TLR10,steelblue
TLX2,steelblue
TMCO4,steelblue
TMED1,steelblue
TMED5,steelblue
TMED9,steelblue
TMEM106B,steelblue
TMEM11,steelblue
TMEM138,steelblue
TMEM150A,steelblue
TMEM158,steelblue
TMEM165,steelblue
TMEM175,steelblue
TMEM194A,steelblue
TMEM205,steelblue
TMEM207,steelblue
TMEM222,steelblue
TMEM225,steelblue
TMEM41B,steelblue
TMEM48,steelblue
TMEM55B,steelblue
TMPRSS11B,steelblue
TMSB10,steelblue
TMX4,steelblue
TNC,steelblue
TNFRSF10A,steelblue
TNFRSF11B,steelblue
TNFRSF8,steelblue
TNKS,steelblue
TNPO1,steelblue
TNRC18,steelblue
TP53TG1,steelblue
TP63,steelblue
TPCN2,steelblue
TPM3,steelblue
TPP1,steelblue
TPRA1,steelblue
TPST1,steelblue
TRADD,steelblue
TRHDE,steelblue
TRIM24,steelblue
TRIM26,steelblue
TRIM3,steelblue
TRIM31,steelblue
TRIM39,steelblue
TRRAP,steelblue
TSEN15,steelblue
TSPAN2,steelblue
TSSC4,steelblue
TSTA3,steelblue
TSTD1,steelblue
TTC13,steelblue
TTC27,steelblue
TTC32,steelblue
TTLL3,steelblue
TTLL9,steelblue
TUBA1B,steelblue
TUBA4B,steelblue
TUBB,steelblue
TUBB6,steelblue
TUFM,steelblue
TWSG1,steelblue
UBE2O,steelblue
UBE2T,steelblue
UBTF,steelblue
UBXN1,steelblue
UFM1,steelblue
UHRF2,steelblue
ULBP3,steelblue
ULK3,steelblue
UNC5A,steelblue
UPF1,steelblue
UQCR,steelblue
URB2,steelblue
USE1,steelblue
USP15,steelblue
USP22,steelblue
USP48,steelblue
UTRN,steelblue
UXS1,steelblue
VAMP1,steelblue
VAX1,steelblue
VDAC2,steelblue
VKORC1,steelblue
VPRBP,steelblue
VPS11,steelblue
VPS26B,steelblue
VPS37D,steelblue
VPS54,steelblue
VTA1,steelblue
VTI1A,steelblue
VTI1B,steelblue
VWA5B2,steelblue
WASF3,steelblue
WBP2,steelblue
WBSCR16,steelblue
WDR11,steelblue
WDR12,steelblue
WDR27,steelblue
WDR37,steelblue
WDR47,steelblue
WDR48,steelblue
WDR75,steelblue
WDR8,steelblue
WDR90,steelblue
WDTC1,steelblue
WEE1,steelblue
WFS1,steelblue
WIBG,steelblue
WIZ,steelblue
WNT3A,steelblue
WNT5A,steelblue
WRN,steelblue
WWP2,steelblue
XAB2,steelblue
XPO6,steelblue
XPR1,steelblue
XYLT1,steelblue
YES1,steelblue
YIPF3,steelblue
YME1L1,steelblue
YPEL3,steelblue
YTHDC1,steelblue
YTHDF3,steelblue
YY1AP1,steelblue
ZBTB42,steelblue
ZBTB48,steelblue
ZBTB7A,steelblue
ZC3H12D,steelblue
ZC3H4,steelblue
ZC3H8,steelblue
ZDHHC3,steelblue
ZDHHC4,steelblue
ZEB2,steelblue
ZFP36L1,steelblue
ZFP42,steelblue
ZFYVE26,steelblue
ZFYVE27,steelblue
ZHX2,steelblue
ZIC1,steelblue
ZIC4,steelblue
ZIK1,steelblue
ZMAT2,steelblue
ZMYM2,steelblue
ZMYND11,steelblue
ZMYND19,steelblue
ZNF16,steelblue
ZNF174,steelblue
ZNF197,steelblue
ZNF208,steelblue
ZNF223,steelblue
ZNF224,steelblue
ZNF25,steelblue
ZNF251,steelblue
ZNF252,steelblue
ZNF257,steelblue
ZNF266,steelblue
ZNF281,steelblue
ZNF311,steelblue
ZNF318,steelblue
ZNF32,steelblue
ZNF323,steelblue
ZNF331,steelblue
ZNF34,steelblue
ZNF354B,steelblue
ZNF362,steelblue
ZNF37A,steelblue
ZNF397OS,steelblue
ZNF440,steelblue
ZNF451,steelblue
ZNF48,steelblue
ZNF483,steelblue
ZNF493,steelblue
ZNF500,steelblue
ZNF517,steelblue
ZNF598,steelblue
ZNF607,steelblue
ZNF615,steelblue
ZNF628,steelblue
ZNF639,steelblue
ZNF646,steelblue
ZNF689,steelblue
ZNF69,steelblue
ZNF696,steelblue
ZNF706,steelblue
ZNF718,steelblue
ZNF764,steelblue
ZNF774,steelblue
ZNF778,steelblue
ZNF780B,steelblue
ZNF783,steelblue
ZNF79,steelblue
ZNF805,steelblue
ZNF827,steelblue
ZNF85,steelblue
ZNHIT2,steelblue
ZPBP,steelblue
ZSCAN1,steelblue
ZSCAN16,steelblue
ZSCAN23,steelblue
ZSWIM3,steelblue
ZSWIM6,steelblue
ZWILCH,steelblue
ZYX,steelblue
ABCA5,tan
ABCB5,tan
ABCC1,tan
ABCC11,tan
ABCG5,tan
ABI1,tan
ABI3BP,tan
ABLIM1,tan
ABR,tan
ABTB1,tan
ACACB,tan
ACAT1,tan
ACCN4,tan
ACO2,tan
ACOT11,tan
ACOX3,tan
ACP5,tan
ACTB,tan
ACTN1,tan
ACTR3C,tan
ACVR1C,tan
ACYP1,tan
ACYP2,tan
ADAD1,tan
ADAM23,tan
ADAMTS10,tan
ADAMTS17,tan
ADAMTS9,tan
ADAR,tan
ADARB1,tan
ADARB2,tan
ADCK5,tan
ADH6,tan
ADHFE1,tan
ADI1,tan
ADM2,tan
ADRA1D,tan
ADSS,tan
AES,tan
AFAP1,tan
AFF3,tan
AGAP1,tan
AGBL1,tan
AGPAT1,tan
AGRN,tan
AGXT,tan
AHNAK2,tan
AHRR,tan
AIF1,tan
AIG1,tan
AIP,tan
AK5,tan
AKAP10,tan
AKAP9,tan
ALCAM,tan
ALG11,tan
ALG1L2,tan
ALG3,tan
ALMS1,tan
ALOX5AP,tan
ALPK1,tan
AMICA1,tan
ANGPT1,tan
ANK1,tan
ANKAR,tan
ANKRD11,tan
ANKRD28,tan
ANKRD31,tan
ANKRD46,tan
ANKRD52,tan
ANKRD56,tan
ANKS1A,tan
ANO1,tan
ANO2,tan
ANO3,tan
ANUBL1,tan
ANXA4,tan
ANXA6,tan
AP1G2,tan
AP2A2,tan
AP3B2,tan
APBB2,tan
APC,tan
APITD1,tan
ARHGAP20,tan
ARHGAP24,tan
ARHGAP8,tan
ARHGEF12,tan
ARHGEF3,tan
ARHGEF7,tan
ARID1B,tan
ARL6IP6,tan
ARMS2,tan
ARRDC5,tan
ARSG,tan
ASAH2,tan
ASAM,tan
ASAP2,tan
ASB15,tan
ASB8,tan
ASNS,tan
ASNSD1,tan
ASPH,tan
ASPSCR1,tan
ASTN2,tan
ASXL1,tan
ASXL2,tan
ASZ1,tan
ATF1,tan
ATF6,tan
ATF6B,tan
ATG2B,tan
ATL1,tan
ATP11A,tan
ATP13A1,tan
ATP2C1,tan
ATP5A1,tan
ATP5E,tan
ATP6V0D1,tan
ATP6V0D2,tan
ATP8B4,tan
ATXN1,tan
ATXN7,tan
ATXN7L1,tan
AVP,tan
AVPI1,tan
AZU1,tan
B3GALTL,tan
B3GNTL1,tan
B4GALNT3,tan
BAHCC1,tan
BAIAP2L1,tan
BAIAP3,tan
BAMBI,tan
BANK1,tan
BASP1,tan
BAT2,tan
BBS9,tan
BCAT1,tan
BCL7A,tan
BCL9,tan
BDNF,tan
BFAR,tan
BFSP2,tan
BHMT,tan
BIRC3,tan
BMP6,tan
BOD1,tan
BPTF,tan
BRD2,tan
BRE,tan
BRI3BP,tan
BRP44,tan
BRSK2,tan
BTBD11,tan
BTBD9,tan
BTF3L1,tan
BTNL9,tan
C10ORF105,tan
C10ORF114,tan
C10ORF119,tan
C10ORF41,tan
C10ORF46,tan
C10ORF79,tan
C10ORF84,tan
C10ORF90,tan
C11ORF30,tan
C11ORF36,tan
C11ORF49,tan
C11ORF53,tan
C11ORF57,tan
C11ORF63,tan
C11ORF64,tan
C11ORF9,tan
C12ORF11,tan
C12ORF45,tan
C12ORF53,tan
C12ORF56,tan
C12ORF75,tan
C13ORF1,tan
C13ORF16,tan
C14ORF132,tan
C14ORF143,tan
C14ORF147,tan
C14ORF184,tan
C14ORF23,tan
C14ORF28,tan
C15ORF33,tan
C17ORF104,tan
C17ORF59,tan
C18ORF20,tan
C18ORF55,tan
C19ORF56,tan
C1ORF130,tan
C1ORF14,tan
C1ORF161,tan
C1ORF168,tan
C1ORF172,tan
C1ORF174,tan
C1ORF200,tan
C1ORF227,tan
C1ORF229,tan
C1ORF88,tan
C1ORF93,tan
C1ORF94,tan
C1QL3,tan
C1QTNF2,tan
C20ORF194,tan
C20ORF26,tan
C20ORF94,tan
C22ORF24,tan
C2ORF3,tan
C2ORF39,tan
C2ORF44,tan
C2ORF62,tan
C2ORF65,tan
C2ORF67,tan
C2ORF86,tan
C3ORF20,tan
C3ORF21,tan
C3ORF39,tan
C3ORF59,tan
C4ORF11,tan
C4ORF35,tan
C4ORF44,tan
C5ORF36,tan
C5ORF37,tan
C5ORF41,tan
C5ORF45,tan
C5ORF51,tan
C5ORF58,tan
C5ORF60,tan
C6ORF10,tan
C6ORF120,tan
C6ORF138,tan
C6ORF142,tan
C6ORF168,tan
C6ORF174,tan
C6ORF201,tan
C6ORF27,tan
C6ORF94,tan
C7ORF13,tan
C7ORF30,tan
C7ORF34,tan
C7ORF50,tan
C7ORF64,tan
C8A,tan
C8ORF12,tan
C8ORF22,tan
C8ORF41,tan
C8ORF73,tan
C9ORF171,tan
C9ORF64,tan
CABC1,tan
CABLES2,tan
CACNA1A,tan
CACNA1G,tan
CACNA2D1,tan
CACNA2D3,tan
CACNB2,tan
CADPS2,tan
CAGE1,tan
CALCR,tan
CAMSAP1,tan
CANT1,tan
CAP1,tan
CAPN7,tan
CASP6,tan
CAST,tan
CASZ1,tan
CAV1,tan
CBFA2T3,tan
CBLN3,tan
CBLN4,tan
CBX1,tan
CBX4,tan
CCDC110,tan
CCDC146,tan
CCDC28B,tan
CCDC3,tan
CCDC36,tan
CCDC43,tan
CCDC52,tan
CCDC64,tan
CCDC85B,tan
CCL28,tan
CCM2,tan
CCNDBP1,tan
CCNJL,tan
CCNY,tan
CCR5,tan
CD1D,tan
CD226,tan
CD59,tan
CD5L,tan
CD81,tan
CDC123,tan
CDC14A,tan
CDC2,tan
CDCA7,tan
CDGAP,tan
CDH13,tan
CDH4,tan
CDK13,tan
CDK17,tan
CDK5,tan
CEACAM20,tan
CENPH,tan
CENPK,tan
CENPP,tan
CEP57,tan
CEP76,tan
CHD1L,tan
CHFR,tan
CHI3L2,tan
CHIA,tan
CHMP6,tan
CHMP7,tan
CHN2,tan
CHST11,tan
CHSY1,tan
CIT,tan
CITED2,tan
CLASP1,tan
CLCN3,tan
CLCN6,tan
CLDN10,tan
CLDN14,tan
CLIC5,tan
CLU,tan
CMBL,tan
CMC1,tan
CMIP,tan
CNGA1,tan
CNN1,tan
CNOT10,tan
CNPY1,tan
CNR2,tan
CNTN3,tan
CNTNAP5,tan
COG8,tan
COL11A2,tan
COL13A1,tan
COL14A1,tan
COL22A1,tan
COL23A1,tan
COL24A1,tan
COL28A1,tan
COL2A1,tan
COL4A2,tan
COL5A1,tan
COL5A2,tan
COL6A1,tan
COL6A3,tan
COL9A1,tan
COL9A2,tan
COLQ,tan
COPG2,tan
COPS7B,tan
COX10,tan
CP,tan
CPA2,tan
CPM,tan
CPT2,tan
CRAMP1L,tan
CREB1,tan
CREB5,tan
CREBL2,tan
CREM,tan
CRHR1,tan
CRIM1,tan
CRTC2,tan
CRY2,tan
CRYBB1,tan
CRYL1,tan
CSF1R,tan
CSF3R,tan
CSMD2,tan
CSNK1A1P,tan
CSPG5,tan
CSPP1,tan
CTAGE5,tan
CTDP1,tan
CTNNAL1,tan
CTSC,tan
CTSZ,tan
CTU1,tan
CUGBP2,tan
CUX1,tan
CXCL1,tan
CXCR6,tan
CYB5RL,tan
CYFIP1,tan
CYGB,tan
CYMP,tan
CYP4B1,tan
CYP7B1,tan
CYTH1,tan
CYTH3,tan
DAAM1,tan
DAAM2,tan
DAB1,tan
DAB2IP,tan
DACH1,tan
DAGLB,tan
DBC1,tan
DBF4,tan
DCXR,tan
DDO,tan
DDX24,tan
DDX50,tan
DDX59,tan
DEC1,tan
DENND2A,tan
DEPDC6,tan
DERA,tan
DERL2,tan
DFNB31,tan
DGKI,tan
DHDH,tan
DHRS12,tan
DHRS3,tan
DHTKD1,tan
DHX38,tan
DIP2B,tan
DIP2C,tan
DIRAS3,tan
DIRC3,tan
DIXDC1,tan
DLC1,tan
DLG2,tan
DLGAP2,tan
DLX5,tan
DLX6AS,tan
DNA2,tan
DNAH10,tan
DNAH17,tan
DNAH6,tan
DNAH7,tan
DNAH8,tan
DNAJC1,tan
DNAJC16,tan
DNAJC18,tan
DNAJC5B,tan
DNALI1,tan
DNMT3L,tan
DNTTIP2,tan
DOCK1,tan
DOK7,tan
DOPEY1,tan
DPAGT1,tan
DPCR1,tan
DPF3,tan
DPH1,tan
DPP10,tan
DPP6,tan
DPY19L3,tan
DPY19L4,tan
DSCAML1,tan
DST,tan
DTX1,tan
DTX4,tan
DUOX1,tan
DUSP22,tan
DUSP5,tan
DUSP6,tan
DVL3,tan
DYNC1I1,tan
DYNLRB2,tan
DYSF,tan
EBF1,tan
EBPL,tan
ECE1,tan
ECHDC1,tan
ECHS1,tan
EDN1,tan
EDNRB,tan
EEA1,tan
EEF1D,tan
EFCAB2,tan
EFHA1,tan
EFHB,tan
EFHD2,tan
EFNA5,tan
EHBP1,tan
EHD2,tan
EHMT2,tan
EI24,tan
EIF2B5,tan
EIF3IP1,tan
EIF4A3,tan
EIF5A2,tan
ELAVL4,tan
ELMO1,tan
ELMOD2,tan
ELOVL2,tan
EMILIN2,tan
EML5,tan
EMX2,tan
EN1,tan
ENKUR,tan
ENOX1,tan
ENPP2,tan
EOMES,tan
EP400,tan
EPB42,tan
EPHA3,tan
EPHA6,tan
EPYC,tan
ERICH1,tan
ESCO2,tan
ESD,tan
ESR2,tan
EXOC2,tan
EXOC4,tan
EXOSC10,tan
EYA1,tan
EYS,tan
FABP4,tan
FAM101A,tan
FAM107B,tan
FAM10A4,tan
FAM123A,tan
FAM126B,tan
FAM12B,tan
FAM132A,tan
FAM135B,tan
FAM13A,tan
FAM13C,tan
FAM155A,tan
FAM160B2,tan
FAM174A,tan
FAM183A,tan
FAM183B,tan
FAM184B,tan
FAM190A,tan
FAM196B,tan
FAM19A5,tan
FAM20C,tan
FAM38A,tan
FAM49B,tan
FAM50B,tan
FAM59B,tan
FAM71A,tan
FAM73A,tan
FAM82B,tan
FAM83B,tan
FAM89A,tan
FANCM,tan
FAS,tan
FAT1,tan
FBL,tan
FBN1,tan
FBXL19,tan
FBXO16,tan
FBXO48,tan
FBXW7,tan
FCGBP,tan
FCRL3,tan
FER,tan
FERMT1,tan
FEZ2,tan
FGF9,tan
FGFR1,tan
FGFRL1,tan
FGGY,tan
FHDC1,tan
FHIT,tan
FIBIN,tan
FILIP1,tan
FKRP,tan
FLJ22536,tan
FLJ23834,tan
FLJ37543,tan
FLJ41856,tan
FLT4,tan
FMN1,tan
FMNL2,tan
FNBP1L,tan
FNDC3B,tan
FOXJ3,tan
FOXK1,tan
FOXO1,tan
FOXO3,tan
FOXP1,tan
FRK,tan
FRMD4A,tan
FRMD4B,tan
FRMD6,tan
FRRS1,tan
FRS3,tan
FTO,tan
FUBP1,tan
FUCA1,tan
FUT2,tan
FXN,tan
G0S2,tan
G3BP2,tan
GABARAPL1,tan
GAK,tan
GALNS,tan
GALNT10,tan
GALNT2,tan
GALNTL6,tan
GART,tan
GATA4,tan
GATA5,tan
GATAD1,tan
GBE1,tan
GBP2,tan
GCC2,tan
GCET2,tan
GDNF,tan
GFRA4,tan
GGA2,tan
GIGYF2,tan
GIMAP1,tan
GJA8,tan
GJD3,tan
GLB1L3,tan
GLCCI1,tan
GLDN,tan
GLIPR1L2,tan
GLRX2,tan
GLT25D1,tan
GMDS,tan
GMFG,tan
GMIP,tan
GNAO1,tan
GNB1,tan
GNB2L1,tan
GNB5,tan
GNG12,tan
GNL1,tan
GNMT,tan
GNPDA1,tan
GNPTAB,tan
GOLGA3,tan
GOLGB1,tan
GOLPH3,tan
GP2,tan
GPATCH4,tan
GPBAR1,tan
GPBP1,tan
GPLD1,tan
GPR1,tan
GPR120,tan
GPR133,tan
GPR161,tan
GPR176,tan
GPR6,tan
GPR63,tan
GPR83,tan
GPR98,tan
GPSM3,tan
GPX5,tan
GRAMD1C,tan
GRB10,tan
GREB1,tan
GRHL2,tan
GRM4,tan
GRM6,tan
GRM8,tan
GULP1,tan
H1F0,tan
H2AFJ,tan
HAAO,tan
HAPLN3,tan
HAS1,tan
HCCA2,tan
HCN2,tan
HDAC10,tan
HDAC4,tan
HDGFL1,tan
HEATR5A,tan
HEBP2,tan
HECA,tan
HECW2,tan
HEPACAM2,tan
HFM1,tan
HGSNAT,tan
HHLA1,tan
HIBCH,tan
HIP1R,tan
HIPK2,tan
HIST1H2AC,tan
HIST1H2BE,tan
HIST1H2BN,tan
HIST1H3I,tan
HIST1H4G,tan
HIST2H2AB,tan
HIVEP2,tan
HIVEP3,tan
HK1,tan
HLA-C,tan
HLA-DMB,tan
HLA-DOA,tan
HLA-DOB,tan
HLA-DPA1,tan
HLA-DPB1,tan
HLA-DPB2,tan
HLA-DQA2,tan
HLA-DRA,tan
HLCS,tan
HLX,tan
HMCN1,tan
HMGN3,tan
HN1,tan
HNF4G,tan
HOXA1,tan
HOXA9,tan
HOXC10,tan
HRK,tan
HRNBP3,tan
HS3ST2,tan
HSD17B4,tan
HSD3B1,tan
HSF4,tan
HSF5,tan
HSP90B3P,tan
HSPA1L,tan
HSPA8,tan
HYAL3,tan
HYALP1,tan
HYI,tan
IARS,tan
ICA1,tan
ID2B,tan
IDH3B,tan
IFITM4P,tan
IFNG,tan
IFT88,tan
IGF1R,tan
IGF2BP1,tan
IGF2R,tan
IGFBP3,tan
IGFBP5,tan
IKZF1,tan
IL11RA,tan
IL17A,tan
IL17C,tan
IL17RA,tan
IL17RD,tan
IL1F7,tan
IL1RAP,tan
IL1RN,tan
IL22RA2,tan
ILDR1,tan
IMMP2L,tan
IMPACT,tan
IMPG1,tan
IMPG2,tan
INADL,tan
INCENP,tan
ING5,tan
INPP5A,tan
INPP5D,tan
INPP5F,tan
INSIG1,tan
IPO11,tan
IPO7,tan
IQCE,tan
IQCK,tan
IQGAP2,tan
IRAK3,tan
IRAK4,tan
IRF2BP2,tan
IRF3,tan
IRX6,tan
ITSN2,tan
JARID2,tan
JAZF1,tan
KAAG1,tan
KALRN,tan
KANK4,tan
KBTBD2,tan
KCMF1,tan
KCNAB1,tan
KCND2,tan
KCNG2,tan
KCNH8,tan
KCNK1,tan
KCNK9,tan
KCNMA1,tan
KCNMB2,tan
KCNN3,tan
KCNQ1,tan
KCTD14,tan
KDM3A,tan
KIAA0101,tan
KIAA0564,tan
KIAA0652,tan
KIAA0753,tan
KIAA0907,tan
KIAA0922,tan
KIAA1026,tan
KIAA1217,tan
KIAA1324,tan
KIAA1383,tan
KIAA1409,tan
KIAA1529,tan
KIAA1530,tan
KIAA1543,tan
KIAA1841,tan
KIF14,tan
KIF17,tan
KIF18B,tan
KIF23,tan
KIF25,tan
KIF26A,tan
KIF26B,tan
KIF2C,tan
KIF5C,tan
KIF7,tan
KIRREL3,tan
KLC4,tan
KLF13,tan
KLHDC4,tan
KLHDC7A,tan
KLHL14,tan
KLHL29,tan
KLK5,tan
KLRG1,tan
KLRK1,tan
KNDC1,tan
KRAS,tan
KRT12,tan
KRT15,tan
KRT25,tan
KRT26,tan
KSR2,tan
KTN1,tan
LAIR2,tan
LALBA,tan
LAMA2,tan
LAMP1,tan
LARP1,tan
LCK,tan
LCOR,tan
LCORL,tan
LDB1,tan
LDB2,tan
LDLRAD2,tan
LDLRAP1,tan
LECT1,tan
LEMD3,tan
LGALS3,tan
LHFPL2,tan
LHFPL5,tan
LIMS2,tan
LIN28,tan
LIPC,tan
LIPE,tan
LMBR1L,tan
LMF1,tan
LMNB1,tan
LMO7,tan
LMX1B,tan
LOC100128542,tan
LOC100128977,tan
LOC100129716,tan
LOC100130872,tan
LOC100132724,tan
LOC100133308,tan
LOC100133669,tan
LOC100134259,tan
LOC100270746,tan
LOC100287718,tan
LOC255025,tan
LOC283050,tan
LOC283174,tan
LOC283731,tan
LOC285205,tan
LOC285830,tan
LOC339568,tan
LOC389493,tan
LOC389705,tan
LOC390595,tan
LOC400804,tan
LOC401052,tan
LOC441601,tan
LOC645323,tan
LOC723972,tan
LOC728448,tan
LOC728927,tan
LOC729991-MEF2B,tan
LOC90246,tan
LOC90586,tan
LONP2,tan
LOX,tan
LPCAT1,tan
LPP,tan
LRFN5,tan
LRIG1,tan
LRIT3,tan
LRP10,tan
LRP2,tan
LRP5,tan
LRRC18,tan
LRRC2,tan
LRRC26,tan
LRRC27,tan
LRRC41,tan
LRRC55,tan
LRRC6,tan
LRRC8D,tan
LRRIQ3,tan
LRRIQ4,tan
LSM2,tan
LST1,tan
LUC7L,tan
LUC7L3,tan
LVRN,tan
LY6G5C,tan
LYPD1,tan
LYVE1,tan
MACF1,tan
MACROD1,tan
MACROD2,tan
MAD1L1,tan
MAGI1,tan
MALL,tan
MALT1,tan
MAML1,tan
MAML2,tan
MAML3,tan
MAN1A1,tan
MANBA,tan
MAP1S,tan
MAP3K5,tan
MAP6,tan
MAPKAPK5,tan
MAPT,tan
MAS1,tan
MASP2,tan
MAST2,tan
MBTD1,tan
MBTPS1,tan
MCF2L2,tan
MCM7,tan
MCPH1,tan
MCTP2,tan
MDC1,tan
MDM4,tan
ME2,tan
ME3,tan
MED25,tan
MEG8,tan
MEIS1,tan
MEST,tan
METT5D1,tan
MGC45800,tan
MGLL,tan
MGMT,tan
MGST2,tan
MIA2,tan
MIAT,tan
MIB1,tan
MICA,tan
MINA,tan
MIR1181,tan
MIR1246,tan
MIR1283-2,tan
MIR129-2,tan
MIR140,tan
MIR155HG,tan
MIR197,tan
MIR496,tan
MIR548H3,tan
MIR548H4,tan
MIR563,tan
MIR590,tan
MIXL1,tan
MKLN1,tan
MKNK1,tan
MME,tan
MMP14,tan
MOBKL1A,tan
MOBKL1B,tan
MOG,tan
MOXD2,tan
MPHOSPH9,tan
MPP7,tan
MRAP,tan
MREG,tan
MRI1,tan
MRPL28,tan
MRPL35,tan
MRPL44,tan
MRPL47,tan
MSI2,tan
MT4,tan
MTF1,tan
MTIF3,tan
MTL5,tan
MTNR1A,tan
MTO1,tan
MTX3,tan
MUC2,tan
MUC20,tan
MUC4,tan
MUCL1,tan
MUL1,tan
MX1,tan
MX2,tan
MYC,tan
MYH10,tan
MYH8,tan
MYO10,tan
MYO16,tan
MYO3B,tan
MYOF,tan
MYOM3,tan
MYOZ2,tan
MYT1L,tan
N4BP1,tan
N4BP3,tan
N6AMT1,tan
NAA25,tan
NANOS3,tan
NAPG,tan
NAPRT1,tan
NAT15,tan
NAT2,tan
NAV3,tan
NBEA,tan
NCAPG,tan
NCAPH2,tan
NCKAP5,tan
NCL,tan
NCOA2,tan
NCR2,tan
NCRNA00159,tan
NCRNA00171,tan
NDUFB8,tan
NDUFS6,tan
NEB,tan
NECAB2,tan
NEDD9,tan
NEFM,tan
NEIL1,tan
NEIL2,tan
NEK6,tan
NELL1,tan
NELL2,tan
NEU1,tan
NEURL3,tan
NEUROD2,tan
NFIB,tan
NHEDC1,tan
NID2,tan
NIF3L1,tan
NINJ2,tan
NKAIN1,tan
NKAIN3,tan
NKX2-1,tan
NME7,tan
NOL10,tan
NOM1,tan
NOS1AP,tan
NOS3,tan
NOSIP,tan
NOTCH4,tan
NOX3,tan
NPAS3,tan
NPAS4,tan
NPFFR2,tan
NPHP4,tan
NPLOC4,tan
NPR3,tan
NPTN,tan
NPY,tan
NRG4,tan
NRIP1,tan
NRP1,tan
NRXN1,tan
NSD1,tan
NSFL1C,tan
NSUN4,tan
NSUN7,tan
NT5DC1,tan
NTF3,tan
NTM,tan
NTNG1,tan
NUBPL,tan
NUDCD1,tan
NUDT12,tan
NUDT16L1,tan
NUFIP2,tan
NUP54,tan
NXPH1,tan
OAF,tan
OCA2,tan
ODF2,tan
ODZ2,tan
ODZ4,tan
OPTN,tan
OR10A2,tan
OR10H2,tan
OR10V1,tan
OR2A12,tan
OR2G3,tan
OR2H1,tan
OR4K14,tan
OR6B1,tan
OR9Q1,tan
ORC3L,tan
OSBPL11,tan
OSBPL5,tan
OSBPL6,tan
OSTBETA,tan
OSTCL,tan
OTOA,tan
OTUB2,tan
OXR1,tan
P4HA1,tan
PACRG,tan
PACS2,tan
PAFAH1B2,tan
PAG1,tan
PAK1,tan
PALLD,tan
PALM2,tan
PAN3,tan
PANX1,tan
PAPSS1,tan
PAQR5,tan
PARD3,tan
PARD6B,tan
PARM1,tan
PARP11,tan
PARP15,tan
PARP9,tan
PATE3,tan
PBLD,tan
PBX1,tan
PBX3,tan
PCBP3,tan
PCCB,tan
PCDH9,tan
PCDHA7,tan
PCDHB16,tan
PCDHB5,tan
PCDHB6,tan
PCGF3,tan
PCSK6,tan
PCYOX1,tan
PDE3A,tan
PDE6G,tan
PDE6H,tan
PDE7B,tan
PDIA4,tan
PDIA5,tan
PDP1,tan
PDZD8,tan
PELP1,tan
PEX13,tan
PEX7,tan
PFDN6,tan
PFKP,tan
PGAP3,tan
PGPEP1,tan
PHACTR4,tan
PHF20L1,tan
PHLDA1,tan
PHTF2,tan
PI3,tan
PID1,tan
PIGM,tan
PIK3CD,tan
PIK3R2,tan
PIP4K2A,tan
PITPNM3,tan
PIWIL4,tan
PKD1L1,tan
PKD2L2,tan
PKP3,tan
PL-5283,tan
PLA2G2C,tan
PLA2G7,tan
PLAC1L,tan
PLAC8,tan
PLCG2,tan
PLCXD3,tan
PLCZ1,tan
PLD6,tan
PLEKHA6,tan
PLEKHG1,tan
PLEKHG6,tan
PLEKHM3,tan
PLK3,tan
PLS1,tan
PLSCR1,tan
PLXNC1,tan
PNPLA7,tan
POGZ,tan
POLD3,tan
POLH,tan
POLR3F,tan
POM121L2,tan
PON1,tan
POPDC3,tan
POR,tan
PPIE,tan
PPIL4,tan
PPM1D,tan
PPM1H,tan
PPP1R11,tan
PPP1R12C,tan
PPP1R2,tan
PPP1R9A,tan
PPP2R3A,tan
PPP2R5C,tan
PPP4R4,tan
PRDM12,tan
PRDM15,tan
PRDM16,tan
PRDM7,tan
PRDX6,tan
PREP,tan
PRICKLE1,tan
PRKAA2,tan
PRKACB,tan
PRKAG2,tan
PRKAR1B,tan
PRKCD,tan
PRKCE,tan
PRKCH,tan
PRKD1,tan
PRKG1,tan
PRLR,tan
PRNP,tan
PRO1768,tan
PRPSAP1,tan
PRR11,tan
PRR15,tan
PRR23A,tan
PRR23C,tan
PRR4,tan
PRRX1,tan
PSMB2,tan
PSMC3IP,tan
PSMD14,tan
PSMD3,tan
PSME3,tan
PTCH1,tan
PTEN,tan
PTK2,tan
PTK7,tan
PTMA,tan
PTN,tan
PTP4A3,tan
PTPN14,tan
PTPN21,tan
PTPN22,tan
PTPRG,tan
PTPRN2,tan
PTTG1,tan
PUS1,tan
PXDN,tan
PXDNL,tan
PXN,tan
PXT1,tan
PYCR1,tan
PYCRL,tan
QSER1,tan
RAB1A,tan
RAB1B,tan
RAB22A,tan
RAB30,tan
RAB39,tan
RABGAP1,tan
RAD51L1,tan
RAD54B,tan
RADIL,tan
RAET1L,tan
RAG1AP1,tan
RAI14,tan
RAPGEF3,tan
RASA2,tan
RASA3,tan
RASGEF1C,tan
RASSF1,tan
RASSF3,tan
RBBP6,tan
RBM22,tan
RBM44,tan
RBMS3,tan
RCAN3,tan
RCOR3,tan
RDX,tan
REC8,tan
REG4,tan
RELA,tan
RER1,tan
RERE,tan
RETSAT,tan
REV3L,tan
RFPL1S,tan
RFWD2,tan
RFX3,tan
RGS13,tan
RGS7,tan
RHEB,tan
RHOBTB1,tan
RHOC,tan
RIMKLA,tan
RIMS2,tan
RING1,tan
RIPK1,tan
RMST,tan
RNF114,tan
RNF121,tan
RNF2,tan
RNF213,tan
RNF219,tan
RNF26,tan
RNF38,tan
RNF43,tan
RNF5P1,tan
RNFT2,tan
RNU11,tan
ROR1,tan
ROR2,tan
RP1,tan
RPF2,tan
RPGRIP1,tan
RPH3AL,tan
RPL23A,tan
RPL26,tan
RPL26L1,tan
RPL3,tan
RPL32,tan
RPLP0,tan
RPP25,tan
RPRD1B,tan
RPS10,tan
RPS12,tan
RPS21,tan
RPS6KA2,tan
RPTN,tan
RPTOR,tan
RREB1,tan
RRH,tan
RRM2B,tan
RRP15,tan
RSL24D1,tan
RSU1,tan
RUFY2,tan
RUNX1,tan
RUNX2,tan
RXFP3,tan
RYK,tan
S100A10,tan
S100A6,tan
S100Z,tan
SAA2,tan
SAAL1,tan
SACS,tan
SAFB2,tan
SBF1P1,tan
SCAND3,tan
SCAPER,tan
SCARA5,tan
SCARNA16,tan
SCGB3A2,tan
SCHIP1,tan
SCIN,tan
SCN2B,tan
SCTR,tan
SCYL3,tan
SDCCAG8,tan
SDK1,tan
SEC14L2,tan
SEC22C,tan
SEC23B,tan
SEC24D,tan
SECTM1,tan
SEL1L,tan
SEMA3A,tan
SEMA3B,tan
SEMA6A,tan
SEMG2,tan
SENP7,tan
SEPT11,tan
SEPT7,tan
SEPT9,tan
SERPINA1,tan
SERPINE2,tan
SERPING1,tan
SERPINI1,tan
SETD3,tan
SFMBT2,tan
SFRS13A,tan
SFRS13B,tan
SFRS7,tan
SFXN4,tan
SGK3,tan
SH3BP4,tan
SH3GL3,tan
SH3GLB2,tan
SH3PXD2A,tan
SHANK1,tan
SHC2,tan
SHISA9,tan
SHROOM3,tan
SIAE,tan
SIGLEC12,tan
SIGMAR1,tan
SIK1,tan
SIRT6,tan
SIX5,tan
SKIL,tan
SKIV2L,tan
SLC10A7,tan
SLC11A1,tan
SLC12A6,tan
SLC12A7,tan
SLC17A9,tan
SLC22A1,tan
SLC22A23,tan
SLC24A4,tan
SLC25A3,tan
SLC25A31,tan
SLC26A8,tan
SLC29A3,tan
SLC2A2,tan
SLC2A5,tan
SLC30A9,tan
SLC35E1,tan
SLC35F3,tan
SLC36A3,tan
SLC37A4,tan
SLC39A10,tan
SLC39A9,tan
SLC41A1,tan
SLC44A4,tan
SLC46A3,tan
SLC4A5,tan
SLC6A16,tan
SLC6A20,tan
SLC6A5,tan
SLC7A2,tan
SLC8A2,tan
SLC9A11,tan
SLC9A3,tan
SLCO6A1,tan
SLIT3,tan
SLMO1,tan
SMAD3,tan
SMAD4,tan
SMAD6,tan
SMARCC2,tan
SMOC2,tan
SMUG1,tan
SMYD2,tan
SNAP91,tan
SNCAIP,tan
SNORA70B,tan
SNORD114-15,tan
SNORD114-20,tan
SNORD59A,tan
SNORD93,tan
SNRNP200,tan
SNTB1,tan
SNTG2,tan
SNX10,tan
SNX26,tan
SNX27,tan
SNX4,tan
SNX8,tan
SOCS1,tan
SORCS2,tan
SORCS3,tan
SOX2OT,tan
SP4,tan
SPACA1,tan
SPAG16,tan
SPARC,tan
SPAST,tan
SPATA5L1,tan
SPC25,tan
SPDYC,tan
SPNS2,tan
SPON1,tan
SPRY4,tan
SPSB1,tan
SPSB3,tan
SPTLC1,tan
SRBD1,tan
SRF,tan
SRPK2,tan
SSB,tan
SSBP2,tan
ST3GAL2,tan
ST7L,tan
ST7OT4,tan
STAU2,tan
STEAP3,tan
STK19,tan
STK31,tan
STK32B,tan
STK33,tan
STK39,tan
STOX2,tan
STRA8,tan
STT3B,tan
STX11,tan
STX17,tan
STX7,tan
STXBP3,tan
SUCLG2,tan
SULT2A1,tan
SULT6B1,tan
SYCE2,tan
SYCP2L,tan
SYN3,tan
SYNE1,tan
SYNJ2,tan
SYNPO,tan
SYNPO2L,tan
T,tan
TAAR2,tan
TAAR9,tan
TACR1,tan
TACR3,tan
TAF13,tan
TANK,tan
TAOK2,tan
TAP1,tan
TAP2,tan
TARSL2,tan
TAT,tan
TBC1D15,tan
TBCD,tan
TBXAS1,tan
TCEB1,tan
TCERG1,tan
TCERG1L,tan
TCF12,tan
TCF19,tan
TCF7L1,tan
TCF7L2,tan
TCL1B,tan
TDRD12,tan
TDRD3,tan
TDRD5,tan
TDRD9,tan
TEAD1,tan
TERT,tan
TESK1,tan
TET1,tan
TFDP2,tan
TG,tan
TGFBI,tan
TGFBR3,tan
THBS4,tan
THEMIS,tan
THSD4,tan
TIAM2,tan
TIFAB,tan
TIGD2,tan
TIMM9,tan
TIMP2,tan
TIRAP,tan
TLN2,tan
TM2D3,tan
TM7SF4,tan
TM9SF2,tan
TM9SF3,tan
TMBIM4,tan
TMC1,tan
TMCC1,tan
TMCC2,tan
TMCO3,tan
TMEM126B,tan
TMEM128,tan
TMEM131,tan
TMEM132C,tan
TMEM132D,tan
TMEM139,tan
TMEM14C,tan
TMEM151B,tan
TMEM191A,tan
TMEM201,tan
TMEM207,tan
TMEM212,tan
TMEM217,tan
TMEM232,tan
TMEM30A,tan
TMEM45B,tan
TMEM50A,tan
TMEM65,tan
TMEM68,tan
TMEM74,tan
TMEM81,tan
TMEM85,tan
TMEM87A,tan
TMIE,tan
TMOD2,tan
TMPRSS11A,tan
TMX1,tan
TNFAIP6,tan
TNFAIP8,tan
TNFRSF19,tan
TNFRSF1B,tan
TNFRSF8,tan
TNFSF13B,tan
TNIK,tan
TNN,tan
TNRC6A,tan
TNS3,tan
TNXB,tan
TOMM7,tan
TP53I3,tan
TPH1,tan
TPM1,tan
TPO,tan
TPP2,tan
TRAIP,tan
TREM1,tan
TRIAP1,tan
TRIB2,tan
TRIM10,tan
TRIM15,tan
TRIM2,tan
TRIM22,tan
TRIM26,tan
TRIM39,tan
TRIM4,tan
TRIM6-TRIM34,tan
TRIM62,tan
TRIM9,tan
TRIO,tan
TRMT6,tan
TRPC3,tan
TRPM5,tan
TSC22D2,tan
TSFM,tan
TSG101,tan
TSPAN18,tan
TSSC1,tan
TTC14,tan
TTC23,tan
TTC24,tan
TTC30A,tan
TTC36,tan
TTC9,tan
TTLL8,tan
TTYH2,tan
TUBD1,tan
TUFT1,tan
TUSC3,tan
TYRO3,tan
UACA,tan
UAP1,tan
UBA52,tan
UBE2CBP,tan
UBE2E3,tan
UBE4B,tan
UBL5,tan
UBQLN1,tan
UBXN11,tan
UBXN8,tan
UGGT2,tan
UIMC1,tan
UNC80,tan
UNK,tan
UQCC,tan
UQCRQ,tan
USP14,tan
USP19,tan
USP22,tan
USP34,tan
USP36,tan
USP45,tan
USP49,tan
USP50,tan
UST,tan
VAT1,tan
VAT1L,tan
VCPIP1,tan
VGF,tan
VGLL2,tan
VGLL3,tan
VGLL4,tan
VMAC,tan
VPS13B,tan
VPS37B,tan
VPS41,tan
VPS45,tan
VPS8,tan
VRK1,tan
VSIG8,tan
VTI1A,tan
VWF,tan
WAPAL,tan
WDR17,tan
WDR27,tan
WDR35,tan
WDR37,tan
WDR47,tan
WDR5,tan
WDR90,tan
WDR91,tan
WEE1,tan
WHSC1,tan
WIBG,tan
WNK2,tan
WWP1,tan
WWP2,tan
XCR1,tan
XKR6,tan
XPC,tan
XRRA1,tan
XYLB,tan
YAP1,tan
YTHDF2,tan
YWHAQ,tan
ZBTB38,tan
ZBTB45,tan
ZC3H12D,tan
ZC3HC1,tan
ZCCHC14,tan
ZDHHC14,tan
ZFAND1,tan
ZFAT,tan
ZFP37,tan
ZFP90,tan
ZFYVE16,tan
ZIC1,tan
ZIC4,tan
ZMYND17,tan
ZMYND8,tan
ZNF107,tan
ZNF142,tan
ZNF148,tan
ZNF204P,tan
ZNF248,tan
ZNF257,tan
ZNF280B,tan
ZNF318,tan
ZNF345,tan
ZNF362,tan
ZNF37A,tan
ZNF385A,tan
ZNF425,tan
ZNF438,tan
ZNF442,tan
ZNF513,tan
ZNF555,tan
ZNF556,tan
ZNF561,tan
ZNF578,tan
ZNF605,tan
ZNF608,tan
ZNF615,tan
ZNF654,tan
ZNF655,tan
ZNF682,tan
ZNF689,tan
ZNF692,tan
ZNF709,tan
ZNF716,tan
ZNF727,tan
ZNF772,tan
ZNF777,tan
ZNF783,tan
ZNF799,tan
ZNF804B,tan
ZNF845,tan
ZNHIT1,tan
ZRANB1,tan
ZSCAN2,tan
ZSWIM1,tan
ZSWIM6,tan
A2BP1,turquoise
AARS,turquoise
AASS,turquoise
AATF,turquoise
ABCA4,turquoise
ABCB6,turquoise
ABCC12,turquoise
ABCF1,turquoise
ABHD5,turquoise
ABLIM2,turquoise
ACBD3,turquoise
ACCS,turquoise
ACOX3,turquoise
ACP1,turquoise
ACP2,turquoise
ACSL3,turquoise
ACYP2,turquoise
ADAM10,turquoise
ADAMTSL4,turquoise
ADARB2,turquoise
ADAT2,turquoise
ADAT3,turquoise
ADCK4,turquoise
ADK,turquoise
AFAP1,turquoise
AFF1,turquoise
AFF3,turquoise
AFG3L2,turquoise
AFTPH,turquoise
AGFG1,turquoise
AGXT2,turquoise
AHCYL1,turquoise
AHDC1,turquoise
AHRR,turquoise
AK2,turquoise
AKAP13,turquoise
AKAP7,turquoise
AKAP8L,turquoise
AKR1B1,turquoise
ALDH1L1,turquoise
ALDH6A1,turquoise
ALDH9A1,turquoise
ALG1,turquoise
ALKBH5,turquoise
ALKBH8,turquoise
ALOX12,turquoise
AMD1,turquoise
AMICA1,turquoise
AMPH,turquoise
ANGEL1,turquoise
ANK2,turquoise
ANKH,turquoise
ANKRD11,turquoise
ANKRD12,turquoise
ANKRD5,turquoise
ANKRD52,turquoise
ANKRD56,turquoise
ANKRD9,turquoise
ANLN,turquoise
ANO6,turquoise
ANP32E,turquoise
ANXA5,turquoise
AP1M2,turquoise
AP4E1,turquoise
APBB1,turquoise
APPBP2,turquoise
AQP11,turquoise
ARAP2,turquoise
ARGLU1,turquoise
ARHGAP15,turquoise
ARHGAP20,turquoise
ARHGEF17,turquoise
ARID1B,turquoise
ARID3A,turquoise
ARL15,turquoise
ARL16,turquoise
ARL5B,turquoise
ARMC5,turquoise
ARMC8,turquoise
ARNTL2,turquoise
ARPC4,turquoise
ARPM1,turquoise
ARPP19,turquoise
ARSB,turquoise
ASAP3,turquoise
ASCC1,turquoise
ASF1B,turquoise
ASPH,turquoise
ASPM,turquoise
ASZ1,turquoise
ATF6B,turquoise
ATG10,turquoise
ATG16L2,turquoise
ATG4C,turquoise
ATM,turquoise
ATP2B4,turquoise
ATP2C1,turquoise
ATP5S,turquoise
ATP6V0C,turquoise
ATP6V0E2,turquoise
ATPGD1,turquoise
AUTS2,turquoise
B3GALT4,turquoise
B4GALNT1,turquoise
B4GALNT4,turquoise
B9D1,turquoise
B9D2,turquoise
BACE1,turquoise
BACH2,turquoise
BAHCC1,turquoise
BAHD1,turquoise
BANP,turquoise
BAZ2A,turquoise
BCAS3,turquoise
BCL11A,turquoise
BEGAIN,turquoise
BET1,turquoise
BFAR,turquoise
BICD1,turquoise
BIN3,turquoise
BIRC6,turquoise
BLCAP,turquoise
BMPER,turquoise
BOLL,turquoise
BPGM,turquoise
BRAF,turquoise
BRD2,turquoise
BRE,turquoise
BRIP1,turquoise
BRMS1L,turquoise
BRP44L,turquoise
BRUNOL4,turquoise
BTBD1,turquoise
BTNL2,turquoise
BUB1,turquoise
BZW2,turquoise
C10ORF84,turquoise
C11ORF17,turquoise
C11ORF30,turquoise
C11ORF57,turquoise
C11ORF73,turquoise
C12ORF10,turquoise
C12ORF23,turquoise
C12ORF49,turquoise
C12ORF56,turquoise
C13ORF27,turquoise
C13ORF33,turquoise
C13ORF38,turquoise
C14ORF101,turquoise
C14ORF135,turquoise
C14ORF178,turquoise
C14ORF4,turquoise
C14ORF43,turquoise
C15ORF17,turquoise
C15ORF26,turquoise
C15ORF61,turquoise
C16ORF65,turquoise
C16ORF7,turquoise
C17ORF102,turquoise
C17ORF104,turquoise
C17ORF49,turquoise
C17ORF61,turquoise
C17ORF80,turquoise
C18ORF1,turquoise
C18ORF25,turquoise
C18ORF8,turquoise
C19ORF53,turquoise
C19ORF54,turquoise
C19ORF6,turquoise
C19ORF73,turquoise
C1GALT1,turquoise
C1ORF124,turquoise
C1ORF125,turquoise
C1ORF213,turquoise
C1ORF229,turquoise
C1ORF31,turquoise
C1ORF38,turquoise
C1ORF55,turquoise
C1ORF88,turquoise
C20ORF29,turquoise
C20ORF7,turquoise
C21ORF2,turquoise
C21ORF67,turquoise
C22ORF23,turquoise
C2CD3,turquoise
C2ORF27A,turquoise
C2ORF63,turquoise
C2ORF82,turquoise
C2ORF86,turquoise
C3ORF10,turquoise
C3ORF49,turquoise
C4ORF10,turquoise
C4ORF33,turquoise
C5ORF15,turquoise
C5ORF33,turquoise
C5ORF35,turquoise
C5ORF44,turquoise
C6ORF122,turquoise
C6ORF129,turquoise
C6ORF153,turquoise
C6ORF165,turquoise
C6ORF182,turquoise
C6ORF192,turquoise
C7ORF25,turquoise
C7ORF41,turquoise
C7ORF42,turquoise
C7ORF46,turquoise
C7ORF52,turquoise
C7ORF53,turquoise
C7ORF58,turquoise
C8ORF59,turquoise
C8ORF84,turquoise
C9ORF114,turquoise
C9ORF130,turquoise
C9ORF140,turquoise
C9ORF5,turquoise
C9ORF68,turquoise
C9ORF91,turquoise
C9ORF95,turquoise
CA3,turquoise
CA7,turquoise
CA8,turquoise
CABC1,turquoise
CACNA1A,turquoise
CACNA2D3,turquoise
CACNB4,turquoise
CADM2,turquoise
CALCOCO1,turquoise
CAMK1D,turquoise
CAMTA1,turquoise
CAMTA2,turquoise
CAPN5,turquoise
CAPZA2,turquoise
CASP6,turquoise
CASP8AP2,turquoise
CASZ1,turquoise
CBFA2T3,turquoise
CCAR1,turquoise
CCBL1,turquoise
CCBL2,turquoise
CCDC12,turquoise
CCDC124,turquoise
CCDC146,turquoise
CCDC159,turquoise
CCDC40,turquoise
CCDC49,turquoise
CCDC6,turquoise
CCDC94,turquoise
CCDC97,turquoise
CCK,turquoise
CCNA2,turquoise
CCNC,turquoise
CCND2,turquoise
CCNDBP1,turquoise
CCNG1,turquoise
CCT3,turquoise
CCT5,turquoise
CD55,turquoise
CD8B,turquoise
CDC2,turquoise
CDH2,turquoise
CDK5RAP2,turquoise
CDKAL1,turquoise
CDKL2,turquoise
CDO1,turquoise
CDR2L,turquoise
CECR5,turquoise
CELSR1,turquoise
CEMP1,turquoise
CENPA,turquoise
CENPH,turquoise
CENPK,turquoise
CENPT,turquoise
CEP72,turquoise
CEPT1,turquoise
CETN3,turquoise
CHCHD5,turquoise
CHD9,turquoise
CHEK1,turquoise
CHFR,turquoise
CHMP2A,turquoise
CHN2,turquoise
CHORDC1,turquoise
CHPF2,turquoise
CHPT1,turquoise
CHRM2,turquoise
CHRNB2,turquoise
CIAO1,turquoise
CIC,turquoise
CINP,turquoise
CKAP5,turquoise
CKB,turquoise
CKS2,turquoise
CLASP2,turquoise
CLCN3,turquoise
CLDN10,turquoise
CLDN12,turquoise
CLDND1,turquoise
CLGN,turquoise
CLIC5,turquoise
CLP1,turquoise
CLPP,turquoise
CMAS,turquoise
CNKSR3,turquoise
CNNM4,turquoise
CNOT2,turquoise
CNOT3,turquoise
CNRIP1,turquoise
CNST,turquoise
CNTN5,turquoise
COCH,turquoise
COG3,turquoise
COIL,turquoise
COL4A3BP,turquoise
COL6A2,turquoise
COMMD5,turquoise
COPB2,turquoise
COPE,turquoise
COPS4,turquoise
COPZ1,turquoise
COQ10A,turquoise
COQ3,turquoise
CPEB2,turquoise
CPNE8,turquoise
CPSF1,turquoise
CPSF4,turquoise
CRBN,turquoise
CRCT1,turquoise
CRTAC1,turquoise
CRYGB,turquoise
CSE1L,turquoise
CSF1,turquoise
CSMD1,turquoise
CSMD2,turquoise
CSNK1A1,turquoise
CSRP3,turquoise
CTDP1,turquoise
CTDSPL2,turquoise
CTNNA1,turquoise
CTNNA2,turquoise
CTNNA3,turquoise
CTNNAL1,turquoise
CTSD,turquoise
CTTNBP2NL,turquoise
CYC1,turquoise
CYFIP2,turquoise
CYP20A1,turquoise
CYP2U1,turquoise
CYP4F22,turquoise
DAAM2,turquoise
DAB1,turquoise
DACH1,turquoise
DAG1,turquoise
DCAF11,turquoise
DCDC1,turquoise
DCPS,turquoise
DCTN4,turquoise
DCTN6,turquoise
DDAH2,turquoise
DDIT4L,turquoise
DDR1,turquoise
DDX10,turquoise
DDX42,turquoise
DDX6,turquoise
DEDD,turquoise
DEPDC1,turquoise
DFNB31,turquoise
DGKG,turquoise
DGKQ,turquoise
DHRS12,turquoise
DHX30,turquoise
DIMT1L,turquoise
DIP2C,turquoise
DIS3,turquoise
DLEU1,turquoise
DLX2,turquoise
DLX6AS,turquoise
DNAH17,turquoise
DNAJB6,turquoise
DNAJC5B,turquoise
DNAJC5G,turquoise
DNAJC9,turquoise
DNMT3A,turquoise
DOCK9,turquoise
DOK7,turquoise
DPF3,turquoise
DPH2,turquoise
DPP8,turquoise
DPY30,turquoise
DSCAML1,turquoise
DSCC1,turquoise
DTNBP1,turquoise
DUOX1,turquoise
DUS2L,turquoise
DUSP26,turquoise
DUSP3,turquoise
DVL1,turquoise
DYNC1LI1,turquoise
DYRK1A,turquoise
DYRK3,turquoise
ECH1,turquoise
EDC4,turquoise
EDEM2,turquoise
EED,turquoise
EEF1A2,turquoise
EEF1E1,turquoise
EFCAB2,turquoise
EFCAB5,turquoise
EFEMP2,turquoise
EFHC1,turquoise
EFHD1,turquoise
EFR3A,turquoise
EHD1,turquoise
EHMT2,turquoise
EI24,turquoise
EIF2AK1,turquoise
EIF4ENIF1,turquoise
ELAC2,turquoise
ELF2,turquoise
ELL2,turquoise
ELMO2,turquoise
ELOVL5,turquoise
ELP4,turquoise
EML6,turquoise
EMX1,turquoise
ENKUR,turquoise
ENPP5,turquoise
ENTPD2,turquoise
EPHA5,turquoise
EPHA7,turquoise
EPRS,turquoise
ERI1,turquoise
ERMAP,turquoise
ERN1,turquoise
ESRRB,turquoise
ETNK1,turquoise
ETV4,turquoise
ETV6,turquoise
EVC2,turquoise
EXOC4,turquoise
EXOSC8,turquoise
EYA4,turquoise
EZH2,turquoise
FAIM3,turquoise
FAM103A1,turquoise
FAM110B,turquoise
FAM115A,turquoise
FAM120AOS,turquoise
FAM124A,turquoise
FAM134A,turquoise
FAM134C,turquoise
FAM13AOS,turquoise
FAM176B,turquoise
FAM3C,turquoise
FAM40A,turquoise
FAM46C,turquoise
FAM49A,turquoise
FAM53C,turquoise
FAM59A,turquoise
FAM84A,turquoise
FANCI,turquoise
FAT1,turquoise
FAT3,turquoise
FBN2,turquoise
FBRSL1,turquoise
FBXL19,turquoise
FBXL22,turquoise
FBXO11,turquoise
FBXO21,turquoise
FBXO8,turquoise
FDFT1,turquoise
FERMT2,turquoise
FEZF1,turquoise
FGF9,turquoise
FGFRL1,turquoise
FHIT,turquoise
FKBP3,turquoise
FKBP8,turquoise
FKBPL,turquoise
FLCN,turquoise
FLJ16779,turquoise
FLJ22536,turquoise
FLOT1,turquoise
FLRT2,turquoise
FLYWCH1,turquoise
FN3KRP,turquoise
FNDC3B,turquoise
FOXA3,turquoise
FRAS1,turquoise
FREM2,turquoise
FSIP1,turquoise
FST,turquoise
FSTL3,turquoise
FYN,turquoise
FZR1,turquoise
G0S2,turquoise
G6PC3,turquoise
GABARAPL1,turquoise
GABRA1,turquoise
GABRA4,turquoise
GAK,turquoise
GAL3ST2,turquoise
GALK2,turquoise
GALNT7,turquoise
GALNT9,turquoise
GART,turquoise
GATA6,turquoise
GATAD2B,turquoise
GBAS,turquoise
GCC1,turquoise
GCC2,turquoise
GCG,turquoise
GCSH,turquoise
GDF11,turquoise
GFRA1,turquoise
GGPS1,turquoise
GHITM,turquoise
GMPPB,turquoise
GNAI1,turquoise
GNB4,turquoise
GNPAT,turquoise
GOPC,turquoise
GPBP1,turquoise
GPC6,turquoise
GPHN,turquoise
GPR108,turquoise
GPR155,turquoise
GPR158,turquoise
GPR4,turquoise
GPRC5B,turquoise
GPS2,turquoise
GRB2,turquoise
GRID1,turquoise
GRIK2,turquoise
GRIN3A,turquoise
GRM7,turquoise
GRN,turquoise
GSPT1,turquoise
GSTK1,turquoise
GSTP1,turquoise
GTF2A2,turquoise
GTF3C1,turquoise
GUCY1B3,turquoise
GUF1,turquoise
HAGH,turquoise
HAPLN2,turquoise
HAS2AS,turquoise
HBP1,turquoise
HCCA2,turquoise
HCN2,turquoise
HDAC2,turquoise
HECTD2,turquoise
HERC4,turquoise
HERC5,turquoise
HERC6,turquoise
HERPUD2,turquoise
HEXA,turquoise
HINT2,turquoise
HIST1H2BC,turquoise
HIST1H3G,turquoise
HIST2H2AB,turquoise
HIST4H4,turquoise
HIVEP3,turquoise
HLA-F,turquoise
HMGB1,turquoise
HMMR,turquoise
HMOX2,turquoise
HN1L,turquoise
HNRNPA0,turquoise
HNRNPA1,turquoise
HNRNPA3P1,turquoise
HNRNPUL1,turquoise
HNRNPUL2,turquoise
HNRPLL,turquoise
HOOK3,turquoise
HOXA7,turquoise
HOXB4,turquoise
HOXC4,turquoise
HOXD3,turquoise
HPD,turquoise
HRNBP3,turquoise
HS6ST3,turquoise
HSPA13,turquoise
HSPA1L,turquoise
HSPB6,turquoise
HSPC157,turquoise
HYAL2,turquoise
HYI,turquoise
IARS,turquoise
ID2,turquoise
IDH3A,turquoise
IDUA,turquoise
IER2,turquoise
IER5L,turquoise
IFI35,turquoise
IFIT5,turquoise
IFNA14,turquoise
IFNGR1,turquoise
IGF1R,turquoise
IGF2R,turquoise
IKZF2,turquoise
IL20,turquoise
IL22RA1,turquoise
IL28RA,turquoise
IMMT,turquoise
IMP3,turquoise
INHBC,turquoise
INPP1,turquoise
INPP5A,turquoise
INS-IGF2,turquoise
INTS9,turquoise
IPO11,turquoise
IPO13,turquoise
IQCB1,turquoise
IRF2,turquoise
IRF2BP1,turquoise
IRF4,turquoise
IRX2,turquoise
IRX4,turquoise
IRX5,turquoise
ISG15,turquoise
ISLR2,turquoise
ITGA7,turquoise
ITGAV,turquoise
ITSN1,turquoise
IVD,turquoise
IVNS1ABP,turquoise
IWS1,turquoise
JDP2,turquoise
JMJD8,turquoise
JOSD1,turquoise
KATNAL1,turquoise
KBTBD6,turquoise
KCNAB3,turquoise
KCND3,turquoise
KCNIP2,turquoise
KCNK10,turquoise
KCNMA1,turquoise
KCTD13,turquoise
KCTD18,turquoise
KCTD9,turquoise
KDR,turquoise
KHSRP,turquoise
KIAA0947,turquoise
KIAA1239,turquoise
KIAA1324L,turquoise
KIAA1383,turquoise
KIAA1409,turquoise
KIAA1712,turquoise
KIAA1715,turquoise
KIF13A,turquoise
KIF26B,turquoise
KIFAP3,turquoise
KLF3,turquoise
KLHL1,turquoise
KLHL7,turquoise
KLK13,turquoise
KPNA2,turquoise
KPNA3,turquoise
KPNA4,turquoise
KPNA5,turquoise
KREMEN2,turquoise
KRT3,turquoise
KRT86,turquoise
KRTAP5-11,turquoise
KSR2,turquoise
L3MBTL3,turquoise
LAMA3,turquoise
LANCL2,turquoise
LARP4,turquoise
LARP7,turquoise
LBX1,turquoise
LGALS8,turquoise
LGI4,turquoise
LGR4,turquoise
LIG3,turquoise
LIMK2,turquoise
LIN54,turquoise
LIN7A,turquoise
LMAN2,turquoise
LMCD1,turquoise
LMNA,turquoise
LMO2,turquoise
LMTK2,turquoise
LMX1A,turquoise
LOC100128164,turquoise
LOC100129716,turquoise
LOC100130015,turquoise
LOC100130581,turquoise
LOC100130691,turquoise
LOC100130987,turquoise
LOC154449,turquoise
LOC253724,turquoise
LOC283392,turquoise
LOC285593,turquoise
LOC285696,turquoise
LOC338799,turquoise
LOC344595,turquoise
LOC388796,turquoise
LOC400657,turquoise
LOC440173,turquoise
LOC645323,turquoise
LOC729082,turquoise
LPA,turquoise
LPCAT4,turquoise
LPIN1,turquoise
LPPR4,turquoise
LRBA,turquoise
LRIG1,turquoise
LRP1,turquoise
LRP2,turquoise
LRRC14,turquoise
LRRC42,turquoise
LRRC58,turquoise
LRRC59,turquoise
LRSAM1,turquoise
LSM4,turquoise
LSM5,turquoise
LSMD1,turquoise
LY6E,turquoise
MACROD2,turquoise
MAD1L1,turquoise
MAEA,turquoise
MAEL,turquoise
MAF,turquoise
MAFF,turquoise
MAFK,turquoise
MAK16,turquoise
MALT1,turquoise
MAML2,turquoise
MAN1C1,turquoise
MAP1LC3A,turquoise
MAP3K7IP2,turquoise
MAPK11,turquoise
MAPK14,turquoise
MAPK6,turquoise
MAPK7,turquoise
MAPRE1,turquoise
MAPRE2,turquoise
MAPT,turquoise
MARCH1,turquoise
MARCH10,turquoise
MARCH11,turquoise
MARK3,turquoise
MATN1,turquoise
MBD1,turquoise
MBLAC1,turquoise
MCF2L,turquoise
MCM10,turquoise
MCM3APAS,turquoise
MCOLN2,turquoise
MECOM,turquoise
MED10,turquoise
MED23,turquoise
MED6,turquoise
MEF2C,turquoise
MEGF6,turquoise
MEIG1,turquoise
MESDC2,turquoise
MFAP1,turquoise
MFGE8,turquoise
MFHAS1,turquoise
MGA,turquoise
MGAT1,turquoise
MGEA5,turquoise
MICAL3,turquoise
MIDN,turquoise
MIER3,turquoise
MIR129-2,turquoise
MIR150,turquoise
MIR17HG,turquoise
MIR423,turquoise
MIR498,turquoise
MIR548H4,turquoise
MKRN1,turquoise
MLF1IP,turquoise
MLLT11,turquoise
MMP16,turquoise
MMP2,turquoise
MMP9,turquoise
MMS19,turquoise
MNS1,turquoise
MOBKL3,turquoise
MOCS2,turquoise
MPPED2,turquoise
MPV17L,turquoise
MRI1,turquoise
MRPL15,turquoise
MRPL30,turquoise
MRPL42,turquoise
MRPL53,turquoise
MRPL55,turquoise
MRPS24,turquoise
MRPS28,turquoise
MRPS31,turquoise
MSH5,turquoise
MSH6,turquoise
MSI2,turquoise
MSRB3,turquoise
MTA2,turquoise
MTHFD1L,turquoise
MTUS2,turquoise
MXD4,turquoise
MYADM,turquoise
MYBPHL,turquoise
MYH11,turquoise
MYL5,turquoise
MYL6,turquoise
MYO7A,turquoise
MYST4,turquoise
NAA25,turquoise
NAAA,turquoise
NACA,turquoise
NAF1,turquoise
NAGA,turquoise
NALCN,turquoise
NANOS1,turquoise
NANOS3,turquoise
NAP1L1,turquoise
NAT8L,turquoise
NBR2,turquoise
NCAM2,turquoise
NCAPG2,turquoise
NCOA2,turquoise
NCRNA00081,turquoise
NCRNA00188,turquoise
NCRNA00202,turquoise
NDE1,turquoise
NDEL1,turquoise
NDUFA9,turquoise
NDUFAF1,turquoise
NDUFC2,turquoise
NDUFS6,turquoise
NEBL,turquoise
NEDD4L,turquoise
NEFM,turquoise
NEGR1,turquoise
NELL2,turquoise
NEU1,turquoise
NEU2,turquoise
NEU3,turquoise
NF1,turquoise
NFATC1,turquoise
NFATC3,turquoise
NFIA,turquoise
NKX6-2,turquoise
NMT2,turquoise
NOP10,turquoise
NOP14,turquoise
NOS1AP,turquoise
NPBWR1,turquoise
NPLOC4,turquoise
NR1H3,turquoise
NRBP1,turquoise
NRM,turquoise
NSFL1C,turquoise
NSMCE1,turquoise
NT5C3,turquoise
NT5M,turquoise
NTM,turquoise
NUBPL,turquoise
NUDCD3,turquoise
NUDT5,turquoise
NUMB,turquoise
NUP50,turquoise
NUP54,turquoise
NUP93,turquoise
NXN,turquoise
NXPH1,turquoise
NYNRIN,turquoise
OASL,turquoise
OBSCN,turquoise
ODC1,turquoise
OGDH,turquoise
OPA3,turquoise
OPCML,turquoise
OR11L1,turquoise
OR2H1,turquoise
OR6A2,turquoise
OR6C4,turquoise
ORC2L,turquoise
ORC5L,turquoise
OSCP1,turquoise
OSGIN1,turquoise
OTUD7B,turquoise
OTX2,turquoise
OTX2OS1,turquoise
OXNAD1,turquoise
OXSR1,turquoise
P4HA1,turquoise
P4HB,turquoise
PA2G4,turquoise
PACS2,turquoise
PANX1,turquoise
PAPSS1,turquoise
PARL,turquoise
PARP15,turquoise
PARP2,turquoise
PAX5,turquoise
PAX8,turquoise
PBK,turquoise
PCDH18,turquoise
PCDHA7,turquoise
PCDHB19P,turquoise
PCGF6,turquoise
PCM1,turquoise
PCNA,turquoise
PCSK1,turquoise
PDCD2L,turquoise
PDCD6IP,turquoise
PDE4DIP,turquoise
PDE8B,turquoise
PDGFRL,turquoise
PDIA6,turquoise
PDIK1L,turquoise
PDK1,turquoise
PDZRN3,turquoise
PFDN1,turquoise
PFKFB3,turquoise
PGAP1,turquoise
PGM2L1,turquoise
PGM3,turquoise
PGP,turquoise
PHACTR1,turquoise
PHACTR2,turquoise
PHACTR3,turquoise
PHF15,turquoise
PHF19,turquoise
PHKG2,turquoise
PHOX2B,turquoise
PHYH,turquoise
PIAS3,turquoise
PIF1,turquoise
PIGP,turquoise
PIK3R2,turquoise
PINK1,turquoise
PINX1,turquoise
PIP4K2A,turquoise
PITPNC1,turquoise
PITRM1,turquoise
PKM2,turquoise
PKN2,turquoise
PKNOX1,turquoise
PLD6,turquoise
PLEKHG5,turquoise
PLS1,turquoise
PLXNA2,turquoise
PM20D2,turquoise
PMPCB,turquoise
PODNL1,turquoise
POLD2,turquoise
POLDIP3,turquoise
POLQ,turquoise
POLR1A,turquoise
POLR3A,turquoise
POLR3H,turquoise
POLS,turquoise
PPAPDC1A,turquoise
PPIA,turquoise
PPM1K,turquoise
PPP1CA,turquoise
PPP1R11,turquoise
PPP1R12A,turquoise
PPP1R3C,turquoise
PPP2CA,turquoise
PPP2R2C,turquoise
PPP2R5B,turquoise
PPP3CA,turquoise
PPP3CB,turquoise
PPP4R2,turquoise
PRDM2,turquoise
PRDM6,turquoise
PRDX3,turquoise
PRELID2,turquoise
PREPL,turquoise
PRH1,turquoise
PRICKLE1,turquoise
PRIMA1,turquoise
PRKAG2,turquoise
PRKCI,turquoise
PRKG1,turquoise
PRMT7,turquoise
PRPF31,turquoise
PRR7,turquoise
PRRT1,turquoise
PSMA3,turquoise
PSMB1,turquoise
PSMB2,turquoise
PSMB3,turquoise
PSMC3IP,turquoise
PSMD7,turquoise
PSMD8,turquoise
PSMG1,turquoise
PTEN,turquoise
PTPN11,turquoise
PTPN14,turquoise
PTPN2,turquoise
PTPN4,turquoise
PTPRG,turquoise
PTPRN2,turquoise
PTRF,turquoise
PVRL1,turquoise
QARS,turquoise
QPCT,turquoise
R3HDM1,turquoise
RAB21,turquoise
RAB24,turquoise
RAB26,turquoise
RAB3C,turquoise
RAB3IL1,turquoise
RAB40B,turquoise
RAB4B,turquoise
RAB5A,turquoise
RAB6B,turquoise
RABAC1,turquoise
RABL3,turquoise
RABL4,turquoise
RACGAP1,turquoise
RAD51L1,turquoise
RAD52,turquoise
RAET1L,turquoise
RAF1,turquoise
RALGAPA1,turquoise
RANBP3,turquoise
RANGAP1,turquoise
RAPGEF3,turquoise
RASA1,turquoise
RASA2,turquoise
RASA3,turquoise
RASSF5,turquoise
RBCK1,turquoise
RBM18,turquoise
RBM33,turquoise
RBM8A,turquoise
RBMS3,turquoise
RCC2,turquoise
RCHY1,turquoise
RCOR3,turquoise
REEP6,turquoise
RFC1,turquoise
RFPL2,turquoise
RFX4,turquoise
RGS2,turquoise
RIF1,turquoise
RND3,turquoise
RNF13,turquoise
RNF14,turquoise
RNF150,turquoise
RNF19B,turquoise
RNF213,turquoise
RNF8,turquoise
RNGTT,turquoise
RNH1,turquoise
RNLS,turquoise
ROBO2,turquoise
ROCK1,turquoise
RORA,turquoise
RPAIN,turquoise
RPL14,turquoise
RPL19,turquoise
RPL21,turquoise
RPL23,turquoise
RPL26L1,turquoise
RPL27,turquoise
RPL31P11,turquoise
RPL34,turquoise
RPL4,turquoise
RPP30,turquoise
RPS10,turquoise
RPS24,turquoise
RPS29,turquoise
RPS3,turquoise
RPS6,turquoise
RPS6KA2,turquoise
RPS6KA5,turquoise
RPS6KB2,turquoise
RPS6KC1,turquoise
RQCD1,turquoise
RRBP1,turquoise
RRP7B,turquoise
RSBN1L,turquoise
RSPRY1,turquoise
RTN2,turquoise
RTN4,turquoise
RUFY3,turquoise
RUNX2,turquoise
RWDD1,turquoise
RYR3,turquoise
S1PR2,turquoise
SAFB2,turquoise
SALL4,turquoise
SAMD9,turquoise
SBK1,turquoise
SCAMP5,turquoise
SCARNA17,turquoise
SCN3B,turquoise
SCNN1B,turquoise
SDCCAG1,turquoise
SDHAF2,turquoise
SDK1,turquoise
SEC31A,turquoise
SELO,turquoise
SERINC4,turquoise
SERPINB11,turquoise
SERPINE2,turquoise
SERPINH1,turquoise
SETBP1,turquoise
SETD8,turquoise
SF3B1,turquoise
SFRS15,turquoise
SGTB,turquoise
SH3RF3,turquoise
SHPRH,turquoise
SIAH1,turquoise
SIRT3,turquoise
SIVA1,turquoise
SKA3,turquoise
SKIL,turquoise
SLC16A10,turquoise
SLC1A3,turquoise
SLC22A1,turquoise
SLC22A17,turquoise
SLC22A18AS,turquoise
SLC25A24,turquoise
SLC35B4,turquoise
SLC35D1,turquoise
SLC35D3,turquoise
SLC39A14,turquoise
SLC39A3,turquoise
SLC39A7,turquoise
SLC39A9,turquoise
SLC41A1,turquoise
SLC43A2,turquoise
SLC44A1,turquoise
SLC44A4,turquoise
SLC6A1,turquoise
SLC6A15,turquoise
SLC6A19,turquoise
SLC9A9,turquoise
SLITRK3,turquoise
SMAD6,turquoise
SMAGP,turquoise
SMARCAD1,turquoise
SMC2,turquoise
SMPD3,turquoise
SMPDL3A,turquoise
SND1,turquoise
SNHG11,turquoise
SNORA76,turquoise
SNORD45C,turquoise
SNORD84,turquoise
SNRNP35,turquoise
SNRPB,turquoise
SNRPB2,turquoise
SNW1,turquoise
SNX1,turquoise
SNX19,turquoise
SNX6,turquoise
SOCS2,turquoise
SOD1,turquoise
SORL1,turquoise
SOX1,turquoise
SPATA5L1,turquoise
SPATS2,turquoise
SPG7,turquoise
SPHK1,turquoise
SPNS1,turquoise
SPRED2,turquoise
SPRYD3,turquoise
SPSB3,turquoise
SPSB4,turquoise
SRD5A3,turquoise
SSPN,turquoise
ST14,turquoise
ST3GAL3,turquoise
ST6GAL1,turquoise
ST6GALNAC2,turquoise
ST8SIA6,turquoise
STAU1,turquoise
STIL,turquoise
STK10,turquoise
STK17B,turquoise
STRADA,turquoise
STYX,turquoise
SUB1,turquoise
SUMO1,turquoise
SUOX,turquoise
SWAP70,turquoise
SYF2,turquoise
TAF12,turquoise
TAF1A,turquoise
TAF6L,turquoise
TALDO1,turquoise
TAP2,turquoise
TAPBP,turquoise
TAPT1,turquoise
TARBP1,turquoise
TARSL2,turquoise
TAS2R5,turquoise
TATDN1,turquoise
TBC1D12,turquoise
TBC1D19,turquoise
TBC1D20,turquoise
TBC1D5,turquoise
TBX15,turquoise
TBXAS1,turquoise
TC2N,turquoise
TCEB1,turquoise
TCERG1L,turquoise
TDG,turquoise
TDP1,turquoise
TECTA,turquoise
TES,turquoise
TEX261,turquoise
TFAP2D,turquoise
TFB1M,turquoise
TGFBR2,turquoise
THAP5,turquoise
THNSL2,turquoise
THOC5,turquoise
THTPA,turquoise
TIAL1,turquoise
TICAM1,turquoise
TIFA,turquoise
TIMM17A,turquoise
TIPARP,turquoise
TLL1,turquoise
TLL2,turquoise
TLR2,turquoise
TLR5,turquoise
TMCO1,turquoise
TMCO3,turquoise
TMCO7,turquoise
TMED10,turquoise
TMEM126B,turquoise
TMEM14C,turquoise
TMEM159,turquoise
TMEM161A,turquoise
TMEM165,turquoise
TMEM168,turquoise
TMEM17,turquoise
TMEM180,turquoise
TMEM183A,turquoise
TMEM184C,turquoise
TMEM19,turquoise
TMEM196,turquoise
TMEM217,turquoise
TMEM220,turquoise
TMEM229B,turquoise
TMEM30A,turquoise
TMEM42,turquoise
TMEM48,turquoise
TMEM50A,turquoise
TMEM51,turquoise
TMEM57,turquoise
TMEM59,turquoise
TMEM8A,turquoise
TMEM92,turquoise
TMEM97,turquoise
TMOD3,turquoise
TMPO,turquoise
TMUB2,turquoise
TNIK,turquoise
TNXB,turquoise
TOMM6,turquoise
TOR3A,turquoise
TP53INP1,turquoise
TP53RK,turquoise
TPCN2,turquoise
TPH2,turquoise
TRAF4,turquoise
TRAM1,turquoise
TRAPPC3,turquoise
TRAPPC9,turquoise
TRIM13,turquoise
TRIM24,turquoise
TRIM25,turquoise
TRIM26,turquoise
TRIM27,turquoise
TRIM36,turquoise
TRIM37,turquoise
TRIM6,turquoise
TRIM67,turquoise
TRIM71,turquoise
TRIP12,turquoise
TRMU,turquoise
TRRAP,turquoise
TSC2,turquoise
TSEN2,turquoise
TSNAX-DISC1,turquoise
TSPAN5,turquoise
TTBK1,turquoise
TTC28,turquoise
TTC35,turquoise
TTC39A,turquoise
TTC8,turquoise
TTF2,turquoise
TTLL11,turquoise
TTLL9,turquoise
TTPA,turquoise
TUBA4A,turquoise
TUBB,turquoise
TUBB2B,turquoise
TUBD1,turquoise
TUSC4,turquoise
TXNDC6,turquoise
TXNIP,turquoise
TXNL4B,turquoise
TXNRD2,turquoise
UBC,turquoise
UBE2CBP,turquoise
UBE2I,turquoise
UBE2V1,turquoise
UBXN1,turquoise
UFD1L,turquoise
UGGT1,turquoise
UNC50,turquoise
UPF2,turquoise
UQCRC2,turquoise
USP15,turquoise
USP28,turquoise
USP33,turquoise
USP48,turquoise
UST,turquoise
VAMP1,turquoise
VAMP4,turquoise
VASP,turquoise
VAX1,turquoise
VCAN,turquoise
VDAC3,turquoise
VPS33A,turquoise
VPS4A,turquoise
VPS52,turquoise
VPS53,turquoise
VSNL1,turquoise
VSTM2A,turquoise
VTA1,turquoise
VTRNA1-1,turquoise
VWC2,turquoise
WASF3,turquoise
WDFY3,turquoise
WDR11,turquoise
WDR34,turquoise
WDR46,turquoise
WDR53,turquoise
WDR59,turquoise
WDTC1,turquoise
WHSC2,turquoise
WIPI1,turquoise
WNT5A,turquoise
WRAP53,turquoise
WWC1,turquoise
WWTR1,turquoise
XRCC4,turquoise
YEATS4,turquoise
YIF1A,turquoise
YIPF1,turquoise
YIPF3,turquoise
YWHAG,turquoise
ZBTB7A,turquoise
ZBTB8B,turquoise
ZC3H10,turquoise
ZC3H12C,turquoise
ZC3H4,turquoise
ZCCHC14,turquoise
ZCCHC7,turquoise
ZDBF2,turquoise
ZDHHC16,turquoise
ZDHHC17,turquoise
ZDHHC4,turquoise
ZEB2,turquoise
ZER1,turquoise
ZFAND2A,turquoise
ZFC3H1,turquoise
ZFP41,turquoise
ZFP42,turquoise
ZFR2,turquoise
ZFYVE26,turquoise
ZFYVE27,turquoise
ZIC1,turquoise
ZMYND11,turquoise
ZMYND15,turquoise
ZNF10,turquoise
ZNF135,turquoise
ZNF142,turquoise
ZNF155,turquoise
ZNF17,turquoise
ZNF181,turquoise
ZNF184,turquoise
ZNF204P,turquoise
ZNF213,turquoise
ZNF251,turquoise
ZNF263,turquoise
ZNF311,turquoise
ZNF318,turquoise
ZNF337,turquoise
ZNF350,turquoise
ZNF385D,turquoise
ZNF395,turquoise
ZNF48,turquoise
ZNF512,turquoise
ZNF518B,turquoise
ZNF536,turquoise
ZNF544,turquoise
ZNF551,turquoise
ZNF561,turquoise
ZNF565,turquoise
ZNF566,turquoise
ZNF570,turquoise
ZNF585B,turquoise
ZNF586,turquoise
ZNF596,turquoise
ZNF599,turquoise
ZNF611,turquoise
ZNF615,turquoise
ZNF616,turquoise
ZNF644,turquoise
ZNF655,turquoise
ZNF680,turquoise
ZNF69,turquoise
ZNF692,turquoise
ZNF703,turquoise
ZNF710,turquoise
ZNF721,turquoise
ZNF767,turquoise
ZNF768,turquoise
ZNF771,turquoise
ZNF781,turquoise
ZNF791,turquoise
ZNF804B,turquoise
ZNF829,turquoise
ZNF833,turquoise
ZNF841,turquoise
ZNHIT6,turquoise
ZNRF1,turquoise
ZRANB1,turquoise
ZSCAN1,turquoise
ZSCAN20,turquoise
ZW10,turquoise
ZWILCH,turquoise
ZZZ3,turquoise
A2LD1,violet
AACS,violet
AARSD1,violet
AASDH,violet
ABCB9,violet
ABHD10,violet
ABHD4,violet
ABI1,violet
ACADM,violet
ACSF3,violet
ACTA2,violet
ACTG2,violet
ACTR1A,violet
ACTR8,violet
ACVR1,violet
ADAM15,violet
ADAM5P,violet
ADAMTS1,violet
ADAMTS18,violet
ADAMTS2,violet
ADAMTS6,violet
ADAMTS9,violet
ADAMTSL2,violet
ADAMTSL3,violet
ADCY5,violet
ADPGK,violet
AFF1,violet
AGAP3,violet
AGBL4,violet
AGL,violet
AGTRAP,violet
AHRR,violet
AIG1,violet
AIM1,violet
AKAP12,violet
AKR1D1,violet
AKT1,violet
AKT1S1,violet
ALG11,violet
ALG14,violet
ALG5,violet
ALLC,violet
ALOX12B,violet
ALOX12P2,violet
ALOXE3,violet
ALX3,violet
AMD1,violet
AMDHD2,violet
AMIGO2,violet
ANAPC7,violet
ANGPT2,violet
ANKRD10,violet
ANKRD11,violet
ANKRD16,violet
ANKRD2,violet
ANKRD28,violet
ANKRD42,violet
ANLN,violet
ANO2,violet
ANO6,violet
ANP32E,violet
ANTXR1,violet
ANUBL1,violet
ANXA2,violet
AP2A1,violet
AP3B2,violet
AP3D1,violet
APBA1,violet
APBB3,violet
APC,violet
APEH,violet
APH1B,violet
API5,violet
APOE,violet
APOLD1,violet
APRT,violet
ARID3A,violet
ARIH2,violet
ARL1,violet
ARL15,violet
ARL4D,violet
ARL5A,violet
ARNTL,violet
ARSB,violet
ART4,violet
ASH2L,violet
ASPM,violet
ATAD3A,violet
ATE1,violet
ATM,violet
ATP11A,violet
ATP1A4,violet
ATP2A2,violet
ATP2B2,violet
ATP2B4,violet
ATP5A1,violet
ATP5H,violet
ATP6V0A2,violet
ATP6V1A,violet
ATP6V1G1,violet
ATP8B3,violet
ATP9A,violet
ATPAF1,violet
AURKA,violet
AUTS2,violet
AZI2,violet
B2M,violet
B3GALT4,violet
B3GNT9,violet
B3GNTL1,violet
B4GALNT1,violet
B4GALNT4,violet
B4GALT1,violet
BACE2,violet
BAI1,violet
BAIAP3,violet
BAT5,violet
BAZ1B,violet
BAZ2A,violet
BCAS2,violet
BCAS3,violet
BCKDHA,violet
BCL11B,violet
BCL2,violet
BCL2L13,violet
BCL6,violet
BCO2,violet
BCS1L,violet
BDNF,violet
BDP1,violet
BEND3,violet
BHLHA15,violet
BIK,violet
BIRC3,violet
BMP6,violet
BOD1,violet
BRD2,violet
BRD4,violet
BRE,violet
BRP44L,violet
BRSK2,violet
BRUNOL4,violet
BRWD1,violet
BTBD12,violet
BTBD7,violet
BTBD8,violet
BUB1,violet
BUB1B,violet
C10ORF11,violet
C10ORF131,violet
C10ORF18,violet
C10ORF53,violet
C10ORF71,violet
C10ORF76,violet
C11ORF17,violet
C11ORF24,violet
C11ORF30,violet
C11ORF61,violet
C11ORF75,violet
C11ORF85,violet
C12ORF42,violet
C12ORF57,violet
C12ORF65,violet
C12ORF72,violet
C14ORF106,violet
C15ORF39,violet
C16ORF35,violet
C16ORF59,violet
C16ORF7,violet
C16ORF70,violet
C16ORF71,violet
C17ORF102,violet
C17ORF54,violet
C18ORF25,violet
C19ORF10,violet
C19ORF28,violet
C19ORF54,violet
C19ORF66,violet
C1ORF109,violet
C1ORF144,violet
C1ORF151,violet
C1ORF159,violet
C1ORF163,violet
C1ORF51,violet
C1ORF52,violet
C1ORF85,violet
C1QL1,violet
C1QTNF7,violet
C1QTNF8,violet
C1S,violet
C20ORF96,violet
C21ORF130,violet
C21ORF29,violet
C21ORF49,violet
C21ORF56,violet
C21ORF70,violet
C22ORF30,violet
C2ORF3,violet
C2ORF42,violet
C2ORF67,violet
C2ORF74,violet
C2ORF77,violet
C2ORF84,violet
C3ORF1,violet
C3ORF16,violet
C3ORF24,violet
C3ORF33,violet
C3ORF67,violet
C3ORF77,violet
C4ORF10,violet
C4ORF23,violet
C5ORF30,violet
C6ORF10,violet
C6ORF132,violet
C6ORF134,violet
C6ORF165,violet
C6ORF174,violet
C6ORF182,violet
C6ORF195,violet
C6ORF208,violet
C6ORF48,violet
C6ORF52,violet
C6ORF64,violet
C7ORF10,violet
C7ORF16,violet
C7ORF30,violet
C7ORF47,violet
C7ORF68,violet
C8ORF31,violet
C8ORF41,violet
C8ORF45,violet
C8ORF59,violet
C8ORF84,violet
C8ORF86,violet
C9ORF30,violet
C9ORF5,violet
CA13,violet
CA6,violet
CABLES1,violet
CABYR,violet
CACNA1C,violet
CACNA1D,violet
CACNA2D2,violet
CACNB4,violet
CACYBP,violet
CADPS2,violet
CALB2,violet
CALM3,violet
CALU,violet
CAMLG,violet
CAMSAP1,violet
CAP1,violet
CAPZB,violet
CARKD,violet
CASC5,violet
CASKIN2,violet
CASZ1,violet
CATSPER4,violet
CBARA1,violet
CBFA2T2,violet
CBFA2T3,violet
CBX6,violet
CCDC104,violet
CCDC144NL,violet
CCDC150,violet
CCDC18,violet
CCDC53,violet
CCDC62,violet
CCDC66,violet
CCDC69,violet
CCDC85A,violet
CCND1,violet
CCND2,violet
CCNE2,violet
CCNG1,violet
CCR10,violet
CCT6P1,violet
CCT7,violet
CD274,violet
CD320,violet
CDC14B,violet
CDC25C,violet
CDC27,violet
CDC42BPA,violet
CDGAP,violet
CDH23,violet
CDK12,violet
CDK15,violet
CDK17,violet
CDK19,violet
CDK6,violet
CEBPG,violet
CENPF,violet
CEP152,violet
CEP250,violet
CEP70,violet
CER1,violet
CFL1,violet
CFTR,violet
CHCHD6,violet
CHD6,violet
CHD9,violet
CHN1,violet
CHODL,violet
CHP,violet
CHST11,violet
CHST15,violet
CHSY1,violet
CHTF8,violet
CHURC1,violet
CLIP1,violet
CLLU1,violet
CLNS1A,violet
CLPB,violet
CLPTM1,violet
CLPX,violet
CLTC,violet
CLYBL,violet
CMBL,violet
CNIH2,violet
CNOT2,violet
CNTNAP2,violet
COBLL1,violet
COG4,violet
COL1A1,violet
COL1A2,violet
COL27A1,violet
COL4A2,violet
COL5A1,violet
COL5A2,violet
COL6A3,violet
COLEC12,violet
COPA,violet
COQ6,violet
CORIN,violet
CORO1A,violet
CORO1B,violet
CPEB3,violet
CPNE3,violet
CPSF1,violet
CPVL,violet
CREB3L1,violet
CREBZF,violet
CREM,violet
CRISPLD2,violet
CRLF3,violet
CRMP1,violet
CROT,violet
CRTC3,violet
CRYL1,violet
CSK,violet
CSMD1,violet
CSNK1A1,violet
CSNK1D,violet
CSNK1G2,violet
CST3,violet
CSTF3,violet
CTBP1,violet
CTNNA3,violet
CTNND2,violet
CTPS,violet
CTRC,violet
CTSC,violet
CTSD,violet
CTTN,violet
CTU2,violet
CTXN3,violet
CUL1,violet
CUL3,violet
CUTA,violet
CXCR2,violet
CXCR4,violet
CYB5A,violet
CYB5D1,violet
CYCS,violet
CYFIP1,violet
CYHR1,violet
CYP19A1,violet
CYP26B1,violet
CYP27C1,violet
CYP2D6,violet
DACT2,violet
DACT3,violet
DBR1,violet
DBT,violet
DCAF7,violet
DCC,violet
DCTN4,violet
DCUN1D5,violet
DDA1,violet
DDAH1,violet
DDOST,violet
DDX20,violet
DDX24,violet
DDX41,violet
DEDD2,violet
DEFA4,violet
DEFB1,violet
DEM1,violet
DENND3,violet
DEPDC4,violet
DGCR14,violet
DHPS,violet
DHRS11,violet
DHRS13,violet
DHX29,violet
DHX30,violet
DIAPH1,violet
DIO1,violet
DIP2C,violet
DISC2,violet
DLEU1,violet
DLG4,violet
DLGAP2,violet
DNAH12,violet
DNAJA4,violet
DNAJC13,violet
DNAJC16,violet
DNAJC21,violet
DNAJC5,violet
DNAJC8,violet
DNAL1,violet
DNMBP,violet
DNPEP,violet
DNTTIP2,violet
DOCK1,violet
DOCK9,violet
DOK5,violet
DONSON,violet
DOPEY1,violet
DPP3,violet
DSE,violet
DSEL,violet
DSN1,violet
DSP,violet
DUS2L,violet
DUSP19,violet
DUSP7,violet
DYNC2LI1,violet
E2F1,violet
E4F1,violet
EAF1,violet
EBF1,violet
ECHDC3,violet
EDC3,violet
EDNRA,violet
EEFSEC,violet
EEPD1,violet
EGR4,violet
EHD2,violet
EID2,violet
EIF1B,violet
EIF2C1,violet
EIF3B,violet
EIF4EBP2,violet
EIF5,violet
EIF5A,violet
ELAC2,violet
ELAVL2,violet
ELK4,violet
ELMOD2,violet
ELMOD3,violet
ELOVL5,violet
ELP2P,violet
EMB,violet
EML3,violet
EML4,violet
ENAM,violet
ENPP3,violet
ENSA,violet
EP300,violet
EPB41L2,violet
EPB41L5,violet
EPHA10,violet
EPHA4,violet
EPHA5,violet
EPHX1,violet
EPN3,violet
EPS15,violet
ERC1,violet
ERICH1,violet
ERO1L,violet
ESD,violet
ESR1,violet
EXD3,violet
EXO1,violet
EXOC3L2,violet
EXOSC9,violet
EXT1,violet
EZH1,violet
FAM102B,violet
FAM109A,violet
FAM10A4,violet
FAM111A,violet
FAM129A,violet
FAM129B,violet
FAM135A,violet
FAM160A2,violet
FAM161A,violet
FAM164A,violet
FAM171A1,violet
FAM195B,violet
FAM19A2,violet
FAM20B,violet
FAM24B,violet
FAM38A,violet
FAM49A,violet
FAM55C,violet
FAM59A,violet
FAM60A,violet
FAM63A,violet
FAM64A,violet
FAM71C,violet
FAM76A,violet
FAM76B,violet
FAM84B,violet
FAM89B,violet
FAM8A1,violet
FAM96B,violet
FANK1,violet
FAS,violet
FASN,violet
FBLN1,violet
FBLN2,violet
FBRSL1,violet
FBXL7,violet
FBXO11,violet
FBXO15,violet
FBXO4,violet
FBXO43,violet
FBXW11,violet
FECH,violet
FEM1A,violet
FERMT1,violet
FES,violet
FEZ2,violet
FGF12,violet
FGF14,violet
FGF22,violet
FGF3,violet
FGFRL1,violet
FIBIN,violet
FKBP5,violet
FKBP7,violet
FLJ36000,violet
FLJ43390,violet
FLJ44606,violet
FLJ45244,violet
FLRT2,violet
FLYWCH2,violet
FN3KRP,violet
FNDC8,violet
FNIP1,violet
FOXF1,violet
FOXK2,violet
FOXP1,violet
FOXRED2,violet
FRMD4A,violet
FRMD6,violet
FSTL4,violet
FTH1,violet
FYTTD1,violet
FZD7,violet
G6PC3,violet
GABBR1,violet
GAL,violet
GALNT11,violet
GALNT9,violet
GALNTL6,violet
GAP43,violet
GAPDH,violet
GARS,violet
GCDH,violet
GDE1,violet
GDNF,violet
GDPD1,violet
GDPD4,violet
GFI1,violet
GGA2,violet
GGPS1,violet
GINS1,violet
GJA3,violet
GLB1,violet
GLIS1,violet
GMDS,violet
GMFB,violet
GMNN,violet
GMPR,violet
GNAI3,violet
GNB1L,violet
GNG4,violet
GNL3,violet
GNPTG,violet
GNS,violet
GOLGA3,violet
GOLGA4,violet
GOSR1,violet
GOT1,violet
GPD2,violet
GPR108,violet
GPR123,violet
GPR177,violet
GPR182,violet
GPR63,violet
GPS1,violet
GPX7,violet
GRAMD3,violet
GRB2,violet
GREB1,violet
GRHL1,violet
GRIK2,violet
GRIK4,violet
GRIN2C,violet
GRM3,violet
GTF2H4,violet
GTF3C6,violet
GTPBP1,violet
GTPBP3,violet
GUF1,violet
GXYLT1,violet
H1F0,violet
H6PD,violet
HAS2,violet
HAS3,violet
HCFC2,violet
HDAC9,violet
HDDC3,violet
HEATR5B,violet
HEMK1,violet
HERC3,violet
HEXB,violet
HEXDC,violet
HEXIM1,violet
HFM1,violet
HIBCH,violet
HIGD2B,violet
HILS1,violet
HINT1,violet
HIP1,violet
HIPK1,violet
HIST1H1E,violet
HIST1H2AD,violet
HIST1H3B,violet
HIST1H3G,violet
HIST1H4C,violet
HIST1H4D,violet
HIST1H4E,violet
HIST2H2AC,violet
HIVEP3,violet
HLA-DMA,violet
HLA-DOA,violet
HLA-DQB2,violet
HLX,violet
HMG20A,violet
HMGN2,violet
HMMR,violet
HMOX2,violet
HMP19,violet
HN1L,violet
HNRNPC,violet
HNRNPK,violet
HOOK2,violet
HOXA2,violet
HOXC13,violet
HOXD4,violet
HS3ST1,violet
HSBP1L1,violet
HSD17B1,violet
HSP90AA1,violet
HSPA4L,violet
HSPC072,violet
HSPD1,violet
HTRA3,violet
ICT1,violet
IFI27L2,violet
IFI6,violet
IFIT5,violet
IFITM3,violet
IFNAR2,violet
IFT20,violet
IGDCC4,violet
IGF1R,violet
IGSF8,violet
IKBKB,violet
IKZF1,violet
IKZF5,violet
IL17RE,violet
IL9,violet
IMMT,violet
IMPA2,violet
IMPDH1,violet
INO80,violet
INPP5A,violet
INPPL1,violet
INS-IGF2,violet
INSR,violet
IQCE,violet
IQCH,violet
IQSEC1,violet
IQSEC3,violet
IRF3,violet
ISLR,violet
ITGA1,violet
ITGA5,violet
ITGA9,violet
ITGB3BP,violet
ITPRIP,violet
ITSN2,violet
JAG1,violet
JOSD2,violet
KANK2,violet
KANK4,violet
KAZALD1,violet
KBTBD11,violet
KBTBD2,violet
KCNAB2,violet
KCNG3,violet
KCNIP1,violet
KCNJ6,violet
KCNMB2,violet
KCNN1,violet
KCNN2,violet
KCNQ2,violet
KCNQ4,violet
KCNV2,violet
KCTD3,violet
KDELC1,violet
KDELC2,violet
KIAA0226,violet
KIAA0317,violet
KIAA0528,violet
KIAA0913,violet
KIAA1012,violet
KIAA1024,violet
KIAA1026,violet
KIAA1033,violet
KIAA1199,violet
KIAA1211,violet
KIAA1244,violet
KIAA1409,violet
KIAA1429,violet
KIAA1529,violet
KIAA1644,violet
KIAA1737,violet
KIAA1826,violet
KIAA1841,violet
KIF11,violet
KIF13B,violet
KIF24,violet
KIF25,violet
KIF3C,violet
KIF9,violet
KLC2,violet
KLHDC8B,violet
KLHL26,violet
KLHL29,violet
KLHL6,violet
KNDC1,violet
KPNA4,violet
KRBA1,violet
KRCC1,violet
KRTAP4-4,violet
L2HGDH,violet
LAMA4,violet
LATS1,violet
LBR,violet
LCK,violet
LCORL,violet
LDHB,violet
LDLRAD2,violet
LECT1,violet
LEKR1,violet
LEO1,violet
LGALS3,violet
LGALS4,violet
LGMN,violet
LGR5,violet
LHFPL5,violet
LIAS,violet
LIMK2,violet
LIMS2,violet
LIN54,violet
LIN7B,violet
LLPH,violet
LMBR1L,violet
LMO4,violet
LMX1A,violet
LNPEP,violet
LOC100125556,violet
LOC100128164,violet
LOC100130274,violet
LOC100130522,violet
LOC100130872,violet
LOC100131726,violet
LOC100189589,violet
LOC100190939,violet
LOC145663,violet
LOC153684,violet
LOC284551,violet
LOC285550,violet
LOC344595,violet
LOC374443,violet
LOC390858,violet
LOC401397,violet
LOC402377,violet
LOC441046,violet
LOC442293,violet
LOC653566,violet
LOC728723,violet
LOC728927,violet
LOC729991-MEF2B,violet
LOC93622,violet
LOXHD1,violet
LOXL1,violet
LOXL4,violet
LPP,violet
LPXN,violet
LRIG3,violet
LRP2,violet
LRP5,violet
LRRC2,violet
LRRC31,violet
LRRC40,violet
LRRC46,violet
LRRC49,violet
LRRC57,violet
LRRC67,violet
LRRCC1,violet
LRSAM1,violet
LSAMP,violet
LSM11,violet
LSM14B,violet
LSM6,violet
LTBP4,violet
LTV1,violet
LUC7L2,violet
LUZP1,violet
LYRM4,violet
LZTFL1,violet
MAD1L1,violet
MAD2L1,violet
MAEA,violet
MAN2A1,violet
MAP2K7,violet
MAP3K3,violet
MAP4K1,violet
MAPRE2,violet
MAPRE3,violet
MARCH1,violet
MARCH8,violet
MARCKS,violet
MARS,violet
MAST3,violet
MASTL,violet
MATN2,violet
MATN4,violet
MATR3,violet
MBNL2,violet
MBTPS1,violet
MCC,violet
MCF2L,violet
MCFD2,violet
MCM7,violet
MCPH1,violet
MDH1,violet
MDH2,violet
MECOM,violet
MEIS1,violet
MEIS2,violet
METRNL,violet
METTL10,violet
METTL4,violet
MFAP3,violet
MFSD2A,violet
MGAT3,violet
MGC12982,violet
MGEA5,violet
MGMT,violet
MIB1,violet
MICB,violet
MIER1,violet
MINA,violet
MIPEP,violet
MIR1471,violet
MIR301B,violet
MIR34B,violet
MIR379,violet
MIR518B,violet
MIR662,violet
MLL5,violet
MLLT3,violet
MLPH,violet
MMAA,violet
MMP14,violet
MMRN2,violet
MNX1,violet
MOBKL1B,violet
MOBKL3,violet
MORN1,violet
MOV10L1,violet
MPL,violet
MPV17,violet
MPZL1,violet
MRGPRF,violet
MRPL15,violet
MRPL22,violet
MRPL35,violet
MRPS10,violet
MRPS14,violet
MRPS28,violet
MSL1,violet
MTA1,violet
MTDH,violet
MTIF2,violet
MTMR2,violet
MTPAP,violet
MTPN,violet
MTSS1,violet
MUDENG,violet
MYC,violet
MYL12A,violet
MYNN,violet
MYOF,violet
MYSM1,violet
N4BP2,violet
N6AMT1,violet
N6AMT2,violet
NAA16,violet
NANOS2,violet
NANP,violet
NAP1L4,violet
NAT2,violet
NBAS,violet
NBL1,violet
NCAPD3,violet
NCK2,violet
NCKIPSD,violet
NCOR2,violet
NCRNA00167,violet
NCRNA00173,violet
NCRNA00175,violet
NCRNA00219,violet
NDC80,violet
NDRG1,violet
NDUFV3,violet
NECAB2,violet
NEFM,violet
NEIL2,violet
NEK4,violet
NET1,violet
NEU1,violet
NEURL1B,violet
NFE2L1,violet
NFE2L2,violet
NFIA,violet
NFIC,violet
NFKB1,violet
NFKB2,violet
NGLY1,violet
NGRN,violet
NHSL1,violet
NIPBL,violet
NLGN1,violet
NLK,violet
NNT,violet
NOC3L,violet
NOL12,violet
NOL4,violet
NPDC1,violet
NPHP1,violet
NPVF,violet
NR2C2,violet
NR2F2,violet
NR2F6,violet
NRG3,violet
NRL,violet
NRP2,violet
NSMCE2,violet
NSUN6,violet
NTF3,violet
NTN4,violet
NTRK1,violet
NUAK1,violet
NUBPL,violet
NUDT1,violet
NUDT9P1,violet
NUMB,violet
NUP153,violet
NUP188,violet
NUP205,violet
NUPL1,violet
NXN,violet
NXPH2,violet
OAZ1,violet
OBSCN,violet
ODZ3,violet
ODZ4,violet
OGFOD2,violet
OLFML1,violet
OLFML2B,violet
OPRD1,violet
OR10V1,violet
OR2L13,violet
OR4B1,violet
OR52K1,violet
OSBP2,violet
OSBPL5,violet
OTUD3,violet
OVCA2,violet
OXNAD1,violet
OXSM,violet
P4HA1,violet
PABPC1,violet
PAIP2,violet
PALM2,violet
PANX1,violet
PARD3,violet
PARD3B,violet
PARD6G,violet
PARP14,violet
PARP3,violet
PARS2,violet
PAX5,violet
PBX2,violet
PCBD1,violet
PCBP3,violet
PCBP4,violet
PCCA,violet
PCDH7,violet
PCDHAC1,violet
PCDHGA4,violet
PCMTD1,violet
PCMTD2,violet
PCNX,violet
PCSK1,violet
PDCD2L,violet
PDCD6IP,violet
PDE10A,violet
PDE7B,violet
PDGFD,violet
PDGFRL,violet
PDLIM5,violet
PDPR,violet
PDRG1,violet
PDXK,violet
PDZD2,violet
PDZRN3,violet
PEBP1,violet
PELI3,violet
PEX12,violet
PEX19,violet
PFDN6,violet
PFKFB2,violet
PGAP1,violet
PGGT1B,violet
PGLS,violet
PGPEP1,violet
PGR,violet
PHAX,violet
PHB,violet
PHLDA3,violet
PHLDB3,violet
PHLPP1,violet
PHOSPHO2,violet
PHTF1,violet
PHTF2,violet
PHYHIPL,violet
PIAS1,violet
PIAS4,violet
PIGL,violet
PIGM,violet
PIGN,violet
PIGQ,violet
PIK3CA,violet
PIP4K2B,violet
PITPNA,violet
PITRM1,violet
PIWIL1,violet
PJA2,violet
PKNOX2,violet
PKP2,violet
PLA2G6,violet
PLBD2,violet
PLD3,violet
PLEKHH2,violet
PMEPA1,violet
PMM1,violet
PNPLA7,violet
PNPT1,violet
PODNL1,violet
POLDIP2,violet
POLE,violet
POLI,violet
POLQ,violet
POLR2A,violet
POLR2E,violet
POLR3B,violet
POLR3K,violet
POLRMT,violet
POLS,violet
POMGNT1,violet
PON1,violet
PON2,violet
POU3F2,violet
POU6F1,violet
PPL,violet
PPM1A,violet
PPOX,violet
PPP1R12A,violet
PPP1R1B,violet
PPP1R1C,violet
PPP1R7,violet
PPP2R1B,violet
PPP2R5C,violet
PPRC1,violet
PRAM1,violet
PRCP,violet
PRDM12,violet
PRDM13,violet
PRDM6,violet
PRDX5,violet
PRIM2,violet
PRKAA2,violet
PRKAG2,violet
PRKAR1A,violet
PRKAR1B,violet
PRKCE,violet
PRKCG,violet
PRMT3,violet
PRPSAP1,violet
PRRT1,violet
PRRX1,violet
PRSS16,violet
PRSS35,violet
PSKH1,violet
PSMA3,violet
PSMB1,violet
PSMB8,violet
PSMD11,violet
PSMD12,violet
PSTPIP2,violet
PTCH1,violet
PTK2B,violet
PTPN9,violet
PTPRC,violet
PTPRCAP,violet
PTPRN2,violet
PTRF,violet
PTTG1IP,violet
PUSL1,violet
PVRL2,violet
PWP1,violet
PXDNL,violet
RAB1B,violet
RAB2B,violet
RAB30,violet
RAB34,violet
RAB5A,violet
RAB6A,violet
RAB6B,violet
RAB8B,violet
RABL4,violet
RAD21,violet
RAD23B,violet
RAD51,violet
RAD51L1,violet
RAI1,violet
RANBP2,violet
RANBP6,violet
RAP1GAP2,violet
RAP2A,violet
RAPGEF1,violet
RAPGEF6,violet
RASA3,violet
RASGRP1,violet
RASGRP2,violet
RASGRP3,violet
RBM11,violet
RBM12B,violet
RBM15B,violet
RBM20,violet
RBM42,violet
RBM46,violet
RBM47,violet
RBMS1,violet
RBPMS,violet
RCOR3,violet
RDH10,violet
RDH14,violet
REM1,violet
REV1,violet
RFT1,violet
RFWD3,violet
RFX1,violet
RFX7,violet
RGMB,violet
RGS12,violet
RHBDD2,violet
RHBDF2,violet
RHOBTB1,violet
RHOF,violet
RHOV,violet
RILPL1,violet
RIMBP2,violet
RIT1,violet
RMST,violet
RNASEN,violet
RND2,violet
RND3,violet
RNF103,violet
RNF11,violet
RNF121,violet
RNF126P1,violet
RNF135,violet
RNF157,violet
RNF168,violet
RNF186,violet
RNF213,violet
RNF25,violet
RNF39,violet
RNGTT,violet
RNH1,violet
RNLS,violet
ROMO1,violet
ROR2,violet
RORA,violet
RP1,violet
RP9,violet
RPA1,violet
RPAIN,violet
RPAP1,violet
RPF2,violet
RPH3AL,violet
RPL13AP5,violet
RPL18,violet
RPL27,violet
RPL27A,violet
RPL38,violet
RPLP0P2,violet
RPN2,violet
RPP30,violet
RPP38,violet
RPRM,violet
RPS12,violet
RRAS2,violet
RSBN1,violet
RSBN1L,violet
RSL1D1,violet
RSU1,violet
RTN3,violet
RTN4,violet
RUFY1,violet
RUFY3,violet
RUNX3,violet
RWDD3,violet
RYK,violet
RYR3,violet
S100A13,violet
S100A9,violet
S1PR2,violet
SAE1,violet
SAMD12,violet
SAR1A,violet
SARDH,violet
SCAMP1,violet
SCAMP3,violet
SCAMP5,violet
SCARA3,violet
SCCPDH,violet
SCMH1,violet
SCN9A,violet
SCNN1G,violet
SCRIB,violet
SDAD1,violet
SDC2,violet
SDC4,violet
SDHA,violet
SDSL,violet
SEC1,violet
SEC24B,violet
SEC24C,violet
SEC61A1,violet
SECISBP2,violet
SEL1L,violet
SELV,violet
SEMA3C,violet
SEMA5A,violet
SENP7,violet
SEPHS1,violet
SEPHS2,violet
SEPN1,violet
SERAC1,violet
SERBP1,violet
SERPIND1,violet
SERTAD1,violet
SESN1,violet
SESN3,violet
SETD6,violet
SETD7,violet
SF3B14,violet
SF3B3,violet
SFPQ,violet
SFRP1,violet
SFRP4,violet
SFRP5,violet
SFXN5,violet
SH2D4B,violet
SH3D19,violet
SH3PXD2A,violet
SH3PXD2B,violet
SHC4,violet
SHISA9,violet
SHKBP1,violet
SHPK,violet
SHPRH,violet
SIDT2,violet
SIN3A,violet
SIRT2,violet
SKINTL,violet
SLC13A4,violet
SLC16A6,violet
SLC19A2,violet
SLC1A4,violet
SLC22A2,violet
SLC24A6,violet
SLC25A23,violet
SLC25A44,violet
SLC26A11,violet
SLC30A1,violet
SLC35A1,violet
SLC35F5,violet
SLC38A2,violet
SLC39A10,violet
SLC39A11,violet
SLC39A3,violet
SLC39A7,violet
SLC39A9,violet
SLC3A2,violet
SLC6A20,violet
SLC7A9,violet
SLC9A3R1,violet
SLC9A8,violet
SLCO3A1,violet
SLCO5A1,violet
SMAD1,violet
SMAD2,violet
SMAD7,violet
SMAP1,violet
SMARCA4,violet
SMARCA5,violet
SMARCD3,violet
SMEK2,violet
SMG5,violet
SMOC2,violet
SMTN,violet
SMTNL2,violet
SMU1,violet
SMUG1,violet
SMYD2,violet
SNAP91,violet
SNAPC2,violet
SNAPC4,violet
SNHG12,violet
SNIP1,violet
SNORA21,violet
SNORA7A,violet
SNORD46,violet
SNORD9,violet
SNRK,violet
SNX15,violet
SOCS2,violet
SORCS3,violet
SP1,violet
SPATA13,violet
SPATA21,violet
SPATA2L,violet
SPATA7,violet
SPG7,violet
SPHK1,violet
SPRY1,violet
SPTBN4,violet
SRFBP1,violet
SRGAP1,violet
SRP19,violet
SRRM1,violet
SSSCA1,violet
SSX2IP,violet
ST18,violet
ST3GAL2,violet
ST3GAL5,violet
ST6GALNAC6,violet
ST7OT4,violet
ST8SIA4,violet
STARD13,violet
STAT1,violet
STC1,violet
STIM2,violet
STK38,violet
STK39,violet
STL,violet
STMN1,violet
STRA6,violet
STRAP,violet
STT3A,violet
STT3B,violet
STXBP2,violet
STYXL1,violet
SUCLA2,violet
SUCLG1,violet
SUMF1,violet
SUMO2,violet
SVIL,violet
SVIP,violet
SYNJ2,violet
SYNPO,violet
SYNPO2,violet
SYTL2,violet
SYVN1,violet
TAAR8,violet
TAF1A,violet
TAF7,violet
TAOK1,violet
TAOK2,violet
TAOK3,violet
TAP1,violet
TARSL2,violet
TAS1R1,violet
TBC1D1,violet
TBC1D19,violet
TBC1D2,violet
TBC1D20,violet
TBC1D23,violet
TBCC,violet
TBCD,violet
TCHH,violet
TCP1,violet
TCTN2,violet
TDP1,violet
TET1,violet
TEX14,violet
TEX2,violet
TFAP2A,violet
TFCP2,violet
TFF3,violet
TFG,violet
TFR2,violet
THADA,violet
THAP4,violet
THBS1,violet
THOC5,violet
THSD4,violet
THY1,violet
THYN1,violet
TIAL1,violet
TIAM1,violet
TIMELESS,violet
TINAGL1,violet
TLE2,violet
TLE3,violet
TLE6,violet
TLK1,violet
TLL2,violet
TM7SF2,violet
TMC7,violet
TMCO4,violet
TMED7-TICAM2,violet
TMEM11,violet
TMEM132A,violet
TMEM132D,violet
TMEM143,violet
TMEM147,violet
TMEM150C,violet
TMEM151A,violet
TMEM176B,violet
TMEM18,violet
TMEM181,violet
TMEM182,violet
TMEM185B,violet
TMEM192,violet
TMEM195,violet
TMEM20,violet
TMEM225,violet
TMEM41B,violet
TMEM66,violet
TMEM70,violet
TMEM80,violet
TMEM85,violet
TMEM92,violet
TMEM98,violet
TMF1,violet
TMTC3,violet
TNFRSF19,violet
TNIK,violet
TNK2,violet
TNNI3,violet
TNPO1,violet
TNRC6B,violet
TNXB,violet
TOB1,violet
TOM1L2,violet
TOP1,violet
TP53,violet
TPCN1,violet
TPCN2,violet
TPM1,violet
TPO,violet
TPRA1,violet
TRA2A,violet
TRABD,violet
TRADD,violet
TRAF7,violet
TRAFD1,violet
TRAPPC6B,violet
TRAPPC9,violet
TRDN,violet
TRERF1,violet
TRIAP1,violet
TRIB1,violet
TRIM13,violet
TRIM15,violet
TRIM25,violet
TRIM26,violet
TRIM27,violet
TRIM45,violet
TRIM62,violet
TRMT1,violet
TRPV1,violet
TSC22D1,violet
TSPAN12,violet
TSPAN17,violet
TSPAN4,violet
TSPAN9,violet
TTC15,violet
TTC21A,violet
TTC25,violet
TTC27,violet
TTC8,violet
TTC9B,violet
TTLL3,violet
TTLL4,violet
TUBB,violet
TUBE1,violet
TWF2,violet
TXNDC15,violet
TXNDC16,violet
TXNDC17,violet
TXNRD1,violet
UBA2,violet
UBAC2,violet
UBC,violet
UBE2B,violet
UBE2G2,violet
UBE2M,violet
UBE2N,violet
UBE3A,violet
UBR2,violet
UBR3,violet
UBR4,violet
UBR5,violet
UBR7,violet
UCRC,violet
UNC13B,violet
UNC84A,violet
UQCRFS1,violet
URGCP,violet
USF1,violet
USP12,violet
USP16,violet
USP53,violet
USPL1,violet
UST,violet
VAC14,violet
VARS2,violet
VAT1L,violet
VDAC1,violet
VEZT,violet
VGLL4,violet
VIM,violet
VPS18,violet
VPS35,violet
VPS8,violet
VRK1,violet
VSTM1,violet
VSTM2A,violet
VTRNA1-3,violet
WAC,violet
WDHD1,violet
WDR19,violet
WDR25,violet
WDR37,violet
WDR4,violet
WDR51A,violet
WDR59,violet
WDR72,violet
WDR77,violet
WDR82,violet
WDR85,violet
WDR86,violet
WDYHV1,violet
WFDC3,violet
WHSC1L1,violet
WNK1,violet
WRB,violet
WRNIP1,violet
WT1,violet
WWP1,violet
WWTR1,violet
XKR5,violet
YWHAE,violet
ZBTB10,violet
ZBTB17,violet
ZBTB20,violet
ZBTB3,violet
ZBTB40,violet
ZBTB7A,violet
ZBTB8B,violet
ZC3H13,violet
ZC3H15,violet
ZC3H4,violet
ZC3H8,violet
ZCCHC3,violet
ZFHX4,violet
ZFR2,violet
ZMYM1,violet
ZMYM6,violet
ZMYND11,violet
ZNF121,violet
ZNF143,violet
ZNF17,violet
ZNF18,violet
ZNF192,violet
ZNF211,violet
ZNF213,violet
ZNF224,violet
ZNF226,violet
ZNF227,violet
ZNF23,violet
ZNF25,violet
ZNF252,violet
ZNF253,violet
ZNF292,violet
ZNF317,violet
ZNF318,violet
ZNF322A,violet
ZNF323,violet
ZNF331,violet
ZNF33B,violet
ZNF343,violet
ZNF397OS,violet
ZNF43,violet
ZNF460,violet
ZNF471,violet
ZNF474,violet
ZNF510,violet
ZNF519,violet
ZNF527,violet
ZNF528,violet
ZNF540,violet
ZNF546,violet
ZNF561,violet
ZNF565,violet
ZNF582,violet
ZNF584,violet
ZNF587,violet
ZNF613,violet
ZNF614,violet
ZNF643,violet
ZNF678,violet
ZNF714,violet
ZNF721,violet
ZNF764,violet
ZNF771,violet
ZNF787,violet
ZNF790,violet
ZNF804B,violet
ZNF830,violet
ZNF843,violet
ZNF844,violet
ZNF862,violet
ZNRF1,violet
ZNRF2,violet
ZPBP,violet
ZRANB2,violet
ZSWIM1,violet
ZWILCH,violet
ZYG11A,violet
ZYG11B,violet
AAGAB,white
ABAT,white
ABL1,white
ABR,white
ACACA,white
ACADM,white
ACAT2,white
ACBD3,white
ACBD5,white
ACOX3,white
ACTL6A,white
ACTR2,white
ADARB1,white
ADARB2,white
ADSL,white
AGA,white
AIFM2,white
AK7,white
ALG11,white
ALG3,white
ALG9,white
ALPK3,white
AMPH,white
ANAPC1,white
ANKH,white
ANKRD30B,white
ANXA2,white
AP2A2,white
AP2M1,white
APBB1,white
APBB2,white
APEH,white
APPL1,white
ARGLU1,white
ARHGAP25,white
ARL15,white
ARMC8,white
ARSK,white
ASF1B,white
ASL,white
ASNS,white
ATF1,white
ATP5A1,white
ATP5G2,white
ATXN1,white
ATXN7L1,white
AUTS2,white
B3GNTL1,white
B4GALNT1,white
B4GALT4,white
B4GALT5,white
BACH1,white
BAI3,white
BCAS3,white
BDNF,white
BMP10,white
BNC1,white
BRP44,white
BZW2,white
C10ORF2,white
C10ORF41,white
C11ORF30,white
C11ORF61,white
C11ORF67,white
C11ORF83,white
C12ORF35,white
C13ORF23,white
C13ORF34,white
C14ORF106,white
C14ORF2,white
C16ORF5,white
C17ORF48,white
C17ORF63,white
C19ORF57,white
C1ORF150,white
C1ORF170,white
C1ORF25,white
C1ORF51,white
C1ORF56,white
C1ORF96,white
C1QL2,white
C21ORF56,white
C2ORF43,white
C2ORF86,white
C3ORF35,white
C3ORF39,white
C3ORF58,white
C4ORF38,white
C4ORF41,white
C4ORF43,white
C5ORF33,white
C5ORF56,white
C6ORF10,white
C6ORF138,white
C6ORF165,white
C6ORF52,white
C8ORF47,white
C8ORF84,white
C9ORF3,white
C9ORF46,white
C9ORF89,white
CAMKK2,white
CAMSAP1,white
CAMTA1,white
CASC4,white
CASP9,white
CCBP2,white
CCDC104,white
CCDC106,white
CCDC137,white
CCDC148,white
CCDC23,white
CCDC24,white
CCDC55,white
CCDC71,white
CCDC9,white
CCT7,white
CD58,white
CDC42EP3,white
CDCA8,white
CDH23,white
CDK10,white
CDK19,white
CDK8,white
CDKAL1,white
CDKN2C,white
CEBPD,white
CENPF,white
CEP164,white
CEP350,white
CEP68,white
CEP97,white
CFD,white
CHAD,white
CHAF1A,white
CHCHD8,white
CHEK2,white
CHRAC1,white
CHTF18,white
CITED4,white
CLCA4,white
CLN3,white
CLN8,white
CNOT6,white
CNPY3,white
CNTD1,white
COL23A1,white
COL27A1,white
COL9A2,white
COL9A3,white
COMMD10,white
COPS5,white
COPS6,white
COQ2,white
CORO1B,white
CORO7,white
COX6A1,white
CPT1C,white
CREB1,white
CREBZF,white
CREM,white
CRMP1,white
CSDE1,white
CSGALNACT1,white
CSMD1,white
CSNK1A1,white
CTDSP2,white
CTNNA3,white
CTNS,white
CTSF,white
CXXC1,white
CYB5B,white
CYB5R4,white
CYP26A1,white
DAD1,white
DALRD3,white
DAXX,white
DAZAP1,white
DCTN4,white
DDX18,white
DDX52,white
DET1,white
DHODH,white
DHX16,white
DHX8,white
DLG2,white
DLGAP3,white
DLL1,white
DLL3,white
DLL4,white
DNAJA3,white
DNAJC10,white
DNAJC2,white
DNAJC21,white
DNAJC28,white
DNER,white
DOCK7,white
DPH1,white
DPP9,white
DPPA5,white
DUSP10,white
DUSP14,white
DYNC1LI1,white
DYRK4,white
E2F1,white
E2F4,white
EBAG9,white
EBF3,white
EBPL,white
ECD,white
ECHDC3,white
EEF2,white
EFCAB6,white
EIF3A,white
EIF4A2,white
EIF4E3,white
EIF4G2,white
ELOVL6,white
ENOPH1,white
ENOX1,white
ENTPD5,white
ENY2,white
EPB41L4A,white
EPHA3,white
EPR1,white
ERBB2IP,white
ERGIC1,white
ERLEC1,white
ERMAP,white
ERMN,white
ETV6,white
EWSR1,white
EXOC2,white
EXOSC2,white
FA2H,white
FAM117A,white
FAM171B,white
FAM177A1,white
FAM3D,white
FAM47E,white
FAM59A,white
FAM60A,white
FAM64A,white
FAM96A,white
FBXO33,white
FCER1A,white
FCF1,white
FDFT1,white
FEZ1,white
FFAR2,white
FGD3,white
FIP1L1,white
FKBP10,white
FLJ16779,white
FLJ37453,white
FLOT1,white
FLVCR1,white
FMNL3,white
FOLH1,white
FOXJ1,white
FOXR1,white
FRMD4A,white
FRYL,white
FSD1L,white
FSTL4,white
FXC1,white
FYB,white
FYN,white
GABRA1,white
GADL1,white
GANAB,white
GCLM,white
GDNF,white
GFPT1,white
GLDN,white
GNB1,white
GNL2,white
GNPDA2,white
GOLPH3,white
GOLT1B,white
GPR126,white
GPR133,white
GPR180,white
GRB10,white
GRID2,white
GRIK1,white
GRIN2D,white
GRK1,white
GSTK1,white
GTPBP1,white
GUK1,white
HAUS2,white
HCG27,white
HCN3,white
HDAC4,white
HDHD2,white
HEATR7A,white
HELLS,white
HEXIM2,white
HHLA3,white
HIBADH,white
HIC1,white
HINT3,white
HIST1H2BJ,white
HIST1H3G,white
HIST1H4B,white
HIST1H4D,white
HNRNPA1,white
HNRNPAB,white
HNRNPU,white
HOXA11AS,white
HPS5,white
HPSE2,white
HS3ST1,white
HSD11B1,white
HSDL2,white
HTA,white
ID1,white
IDH3A,white
IFIT3,white
IFRD2,white
IFT74,white
IFT81,white
IHH,white
IL17RD,white
IL1R2,white
IL4R,white
ILF3,white
INPP1,white
INTS8,white
IQCE,white
ISL1,white
ITFG2,white
ITGA5,white
ITM2B,white
ITPR3,white
JAK1,white
JAKMIP2,white
JARID2,white
JPH4,white
KBTBD8,white
KCNB1,white
KCNT1,white
KCTD11,white
KDELR2,white
KDM5B,white
KIAA0146,white
KIAA0907,white
KIAA1009,white
KIAA1524,white
KIAA1529,white
KIAA1530,white
KIAA1549,white
KIAA1751,white
KIF26B,white
KLF14,white
KLF15,white
KPNA6,white
LAMB1,white
LARGE,white
LASS5,white
LDB1,white
LDHA,white
LETMD1,white
LGI3,white
LIAS,white
LIN7B,white
LLPH,white
LMBR1L,white
LMF1,white
LOC100130581,white
LOC100130987,white
LOC100131801,white
LOC100134713,white
LOC100270746,white
LOC339788,white
LOC344595,white
LOC399815,white
LOC440356,white
LOC647979,white
LOC728276,white
LONP2,white
LOXL4,white
LPL,white
LPPR2,white
LPPR5,white
LRIT2,white
LRP8,white
LRRC16A,white
LRRC34,white
LRRFIP1,white
LSG1,white
LSM5,white
LYPLA2,white
LYSMD2,white
MACC1,white
MAD1L1,white
MAGI2,white
MANSC1,white
MAP1B,white
MAPK7,white
MARCH11,white
MATN1,white
MDS2,white
MED12L,white
MED28,white
MEGF8,white
MEN1,white
MEOX2,white
METAP1,white
METT11D1,white
MGC23284,white
MGMT,white
MIPEP,white
MIR216B,white
MLH1,white
MLXIPL,white
MORN4,white
MPHOSPH10,white
MPP2,white
MRPL52,white
MRPS12,white
MRPS18B,white
MRPS5,white
MSL2,white
MSX2,white
MTA3,white
MTFMT,white
MTMR9,white
MUC12,white
MUDENG,white
MYADM,white
MYH14,white
MYO7B,white
MYOM2,white
N4BP1,white
NAA25,white
NAA30,white
NAA50,white
NACAP1,white
NCAN,white
NCRNA00095,white
NCRNA00164,white
NCRNA00188,white
NDC80,white
NDRG2,white
NDRG3,white
NDUFA12,white
NDUFA6,white
NEK9,white
NEU3,white
NEURL,white
NHLRC2,white
NIPA1,white
NLRC4,white
NLRP14,white
NNT,white
NODAL,white
NOP10,white
NOS1,white
NOTCH4,white
NPC2,white
NPLOC4,white
NPR3,white
NPTN,white
NPY5R,white
NR2F2,white
NR3C1,white
NR5A2,white
NRF1,white
NRG1,white
NRG2,white
NRG3,white
NSUN4,white
NUBPL,white
NUP62,white
ODZ3,white
OGDH,white
OPCML,white
OPN3,white
OR2H1,white
OR8U8,white
ORC1L,white
OTX2OS1,white
OXR1,white
PAFAH1B3,white
PAG1,white
PAICS,white
PAK7,white
PALB2,white
PANK2,white
PAPD5,white
PARD3,white
PAX7,white
PBLD,white
PBX1,white
PCDHA6,white
PCDHGA4,white
PCDP1,white
PCMTD1,white
PCNP,white
PCYT1A,white
PDCD5,white
PDCL,white
PDGFA,white
PEBP1,white
PFN2,white
PGM3,white
PHACTR3,white
PHF14,white
PHF7,white
PIGF,white
PIK3R6,white
PLD3,white
PLEC1,white
PLEKHH1,white
PLEKHH2,white
PLEKHJ1,white
PLK5P,white
PMFBP1,white
PMS2,white
PNKD,white
PNRC1,white
POLE,white
PPP1R14A,white
PPP1R3E,white
PPP1R7,white
PPP1R9A,white
PPP2R3A,white
PPP4C,white
PQLC1,white
PRIM2,white
PRL,white
PRR15,white
PRR3,white
PRSS21,white
PSD,white
PSMA3,white
PSMB8,white
PTDSS2,white
PTEN,white
PTP4A1,white
PTPN14,white
PTPN18,white
PTPRN,white
PTPRN2,white
PTTG1IP,white
QDPR,white
QTRT1,white
R3HCC1,white
RAB28,white
RAB3IP,white
RAB4B,white
RAB6A,white
RAI14,white
RALA,white
RALGPS1,white
RASA3,white
RASGEF1B,white
RASSF2,white
RASSF7,white
RBL1,white
RBM12B,white
RBM20,white
RCOR1,white
RCOR3,white
RELL1,white
RELN,white
RELT,white
REM1,white
REXO1L2P,white
RFT1,white
RFX2,white
RFXAP,white
RGS9,white
RHOA,white
RIC8A,white
RINT1,white
RIOK2,white
RND3,white
RNF111,white
RNF13,white
RNF139,white
RNF19B,white
ROBO2,white
ROPN1L,white
RPAP1,white
RPL19,white
RPL26L1,white
RPL28,white
RPLP2,white
RPRD2,white
RPS16,white
RPTOR,white
RRP12,white
RSRC1,white
RSRC2,white
RTN4R,white
RUFY1,white
RUNX1,white
RYR2,white
S100P,white
SAMD13,white
SCCPDH,white
SCHIP1,white
SCMH1,white
SCP2,white
SDC1,white
SELM,white
SEMA6C,white
SENP1,white
SERP2,white
SERPINB9,white
SETD1A,white
SETD8,white
SETDB1,white
SFPQ,white
SFRS4,white
SFRS5,white
SFXN4,white
SGMS1,white
SHE,white
SHISA9,white
SIN3A,white
SKIL,white
SLC12A2,white
SLC16A14,white
SLC16A9,white
SLC22A18,white
SLC23A2,white
SLC25A28,white
SLC25A42,white
SLC2A4,white
SLC35E2,white
SLCO1B3,white
SMOC2,white
SMPDL3B,white
SNAP29,white
SNCA,white
SNHG3-RCC1,white
SNORA14B,white
SNORD1C,white
SNRPD3,white
SNW1,white
SNX14,white
SNX18,white
SOAT1,white
SORCS1,white
SORCS2,white
SPAG1,white
SPAST,white
SPIRE2,white
SPR,white
SPRY1,white
SPTBN4,white
SRD5A3,white
SRRM2,white
SRRM4,white
SRXN1,white
SSR3,white
ST6GAL2,white
ST7,white
STARD9,white
STK31,white
STOML3,white
STRA8,white
STRADA,white
STX4,white
STYX,white
STYXL1,white
SUFU,white
SV2B,white
SVOPL,white
SYN2,white
SYNGAP1,white
SYNPO,white
SYTL2,white
TAF4B,white
TAOK1,white
TAPBP,white
TARS,white
TATDN3,white
TBC1D14,white
TBCCD1,white
TBL3,white
TBX6,white
TCN1,white
TCTN1,white
TDH,white
TEC,white
TECPR2,white
TEKT3,white
TEX2,white
THUMPD3,white
TIMP2,white
TMC6,white
TMCC2,white
TMCO4,white
TMEM101,white
TMEM116,white
TMEM146,white
TMEM14C,white
TMEM167B,white
TMEM171,white
TMEM19,white
TMEM194A,white
TMEM208,white
TMEM38A,white
TMEM57,white
TMEM69,white
TMEM74,white
TMEM79,white
TMF1,white
TMOD2,white
TNFSF12,white
TNK1,white
TNNI3,white
TNPO1,white
TOX,white
TP53,white
TPD52,white
TPI1,white
TPRKB,white
TRAF6,white
TRAPPC4,white
TRAPPC9,white
TRIM31,white
TRIM35,white
TRIM36,white
TRIM39,white
TRIM67,white
TRIT1,white
TSC22D2,white
TSPAN31,white
TTC23,white
TTC5,white
TTLL3,white
TTN,white
TUBGCP2,white
TUBGCP5,white
TULP4,white
TUSC1,white
TUT1,white
TXNDC17,white
TYK2,white
TYRO3,white
UBE2D3,white
UBE4B,white
UBL3,white
UBL7,white
UCK2,white
UGP2,white
UNC5B,white
UNC80,white
UNC93B1,white
USP31,white
USP46,white
UTP20,white
VARS,white
VAT1,white
VEZT,white
VIPR1,white
VPS4B,white
VPS52,white
VSIG10,white
VSTM2B,white
WASF2,white
WBSCR16,white
WDFY4,white
WDR16,white
WDR70,white
WIBG,white
XRCC5,white
YIF1A,white
YPEL1,white
ZBP1,white
ZBTB22,white
ZBTB44,white
ZBTB8B,white
ZC3HC1,white
ZCCHC17,white
ZDHHC13,white
ZDHHC21,white
ZDHHC4,white
ZDHHC6,white
ZEB1,white
ZEB2,white
ZFP161,white
ZFP41,white
ZFPM2,white
ZFYVE28,white
ZFYVE9,white
ZNF148,white
ZNF154,white
ZNF169,white
ZNF177,white
ZNF19,white
ZNF204P,white
ZNF225,white
ZNF226,white
ZNF232,white
ZNF248,white
ZNF264,white
ZNF292,white
ZNF302,white
ZNF311,white
ZNF329,white
ZNF354B,white
ZNF384,white
ZNF487,white
ZNF625,white
ZNF695,white
ZNF704,white
ZNF707,white
ZNF709,white
ZSCAN20,white
ZSWIM7,white
A2BP1,yellow
AAA1,yellow
AAAS,yellow
ABCA7,yellow
ABHD14B,yellow
ABLIM2,yellow
ACAD10,yellow
ACAD9,yellow
ACBD6,yellow
ACP5,yellow
ACSF2,yellow
ACSF3,yellow
ACTB,yellow
ACTG1,yellow
ACYP1,yellow
ADAM12,yellow
ADAM15,yellow
ADAM9,yellow
ADAMTS2,yellow
ADAMTSL5,yellow
ADAR,yellow
ADARB2,yellow
ADAT2,yellow
ADCK4,yellow
ADCYAP1,yellow
ADRB1,yellow
AFF1,yellow
AFF3,yellow
AFTPH,yellow
AGPAT4,yellow
AGXT2L1,yellow
AKAP3,yellow
AKAP5,yellow
AKT1S1,yellow
ALG5,yellow
ALKBH6,yellow
ALX4,yellow
AMACR,yellow
ANK1,yellow
ANK2,yellow
ANKFY1,yellow
ANKH,yellow
ANKRD13B,yellow
ANKRD13D,yellow
ANKRD27,yellow
ANKRD35,yellow
ANO10,yellow
ANO5,yellow
ANO6,yellow
ANXA4,yellow
ANXA5,yellow
AOX1,yellow
AP1G1,yellow
AP4B1,yellow
APH1B,yellow
ARF1,yellow
ARHGAP19,yellow
ARHGEF10,yellow
ARL6,yellow
ARL6IP6,yellow
ARMC9,yellow
ARPC1B,yellow
ARVCF,yellow
ASAP3,yellow
ASCC3,yellow
ASCL3,yellow
ASNSD1,yellow
ATAD2B,yellow
ATF6,yellow
ATG4B,yellow
ATG7,yellow
ATM,yellow
ATP11A,yellow
ATP1A1,yellow
ATP1B1,yellow
ATP5G1,yellow
ATP5J,yellow
ATP5O,yellow
ATXN2L,yellow
ATXN3,yellow
ATXN7L1,yellow
AVEN,yellow
BACH2,yellow
BAT4,yellow
BAT5,yellow
BAZ1B,yellow
BAZ2B,yellow
BBC3,yellow
BBS12,yellow
BCAT1,yellow
BCCIP,yellow
BCL6,yellow
BCL7A,yellow
BDNFOS,yellow
BEGAIN,yellow
BIRC6,yellow
BLMH,yellow
BMP2K,yellow
BMP4,yellow
BNIP1,yellow
BOLA3,yellow
BOLL,yellow
BPIL1,yellow
BRE,yellow
BRIP1,yellow
BRP44,yellow
BSDC1,yellow
BTBD12,yellow
BTBD19,yellow
BTNL9,yellow
C10ORF114,yellow
C10ORF35,yellow
C10ORF4,yellow
C10ORF41,yellow
C11ORF30,yellow
C11ORF65,yellow
C12ORF10,yellow
C12ORF23,yellow
C12ORF35,yellow
C12ORF52,yellow
C12ORF57,yellow
C12ORF62,yellow
C12ORF73,yellow
C13ORF1,yellow
C13ORF31,yellow
C14ORF1,yellow
C14ORF101,yellow
C14ORF119,yellow
C14ORF132,yellow
C14ORF133,yellow
C14ORF135,yellow
C14ORF181,yellow
C14ORF43,yellow
C14ORF80,yellow
C15ORF34,yellow
C16ORF91,yellow
C17ORF49,yellow
C17ORF70,yellow
C17ORF71,yellow
C17ORF93,yellow
C18ORF21,yellow
C18ORF45,yellow
C18ORF56,yellow
C19ORF40,yellow
C19ORF43,yellow
C19ORF75,yellow
C1ORF190,yellow
C1ORF25,yellow
C1ORF69,yellow
C1ORF83,yellow
C1ORF84,yellow
C1ORF96,yellow
C1ORF97,yellow
C20ORF12,yellow
C20ORF27,yellow
C20ORF94,yellow
C21ORF56,yellow
C21ORF88,yellow
C2ORF43,yellow
C3ORF21,yellow
C3ORF59,yellow
C4ORF38,yellow
C5ORF30,yellow
C5ORF34,yellow
C5ORF56,yellow
C6ORF1,yellow
C6ORF108,yellow
C6ORF122,yellow
C6ORF136,yellow
C6ORF145,yellow
C6ORF167,yellow
C6ORF47,yellow
C7ORF13,yellow
C7ORF30,yellow
C7ORF31,yellow
C7ORF46,yellow
C7ORF63,yellow
C7ORF70,yellow
C8ORF41,yellow
C8ORF55,yellow
C8ORF76,yellow
C8ORF80,yellow
C8ORF83,yellow
CA3,yellow
CACNA1G,yellow
CALCOCO1,yellow
CALY,yellow
CAP1,yellow
CATSPERG,yellow
CBLL1,yellow
CBX6,yellow
CBY1,yellow
CCAR1,yellow
CCDC101,yellow
CCDC102A,yellow
CCDC104,yellow
CCDC111,yellow
CCDC144NL,yellow
CCDC150,yellow
CCDC21,yellow
CCDC28A,yellow
CCDC61,yellow
CCDC72,yellow
CCDC77,yellow
CCDC85A,yellow
CCDC9,yellow
CCNI,yellow
CCT5,yellow
CCT7,yellow
CD164,yellow
CD81,yellow
CD82,yellow
CDH7,yellow
CDK12,yellow
CDK2AP1,yellow
CDK5,yellow
CENPH,yellow
CENPL,yellow
CEP68,yellow
CEP70,yellow
CFL1,yellow
CFL2,yellow
CGN,yellow
CGNL1,yellow
CGRRF1,yellow
CHCHD6,yellow
CHEK2,yellow
CHERP,yellow
CHID1,yellow
CHTF8,yellow
CHUK,yellow
CHURC1,yellow
CIAO1,yellow
CIB1,yellow
CITED2,yellow
CKAP5,yellow
CLASP2,yellow
CLDN12,yellow
CLIC4,yellow
CNGA3,yellow
CNR1,yellow
CNTD2,yellow
COG3,yellow
COL23A1,yellow
COPA,yellow
COPS3,yellow
COPS7A,yellow
COX17,yellow
COX5A,yellow
COX6B1,yellow
COX6B2,yellow
CPSF1,yellow
CPSF2,yellow
CPSF6,yellow
CREB3L1,yellow
CREB3L2,yellow
CREG2,yellow
CSDA,yellow
CSMD3,yellow
CSNK1A1,yellow
CTCF,yellow
CTNNB1,yellow
CTNND1,yellow
CTNND2,yellow
CTTNBP2NL,yellow
CUL4A,yellow
CUTA,yellow
CXADR,yellow
CYGB,yellow
DAAM1,yellow
DCHS1,yellow
DCLK1,yellow
DCTN2,yellow
DDAH2,yellow
DDX5,yellow
DDX50,yellow
DDX60L,yellow
DECR1,yellow
DHRS11,yellow
DHRS7B,yellow
DIMT1L,yellow
DIP2C,yellow
DIRC2,yellow
DKK1,yellow
DMRT2,yellow
DNAJC15,yellow
DNAJC19,yellow
DNAJC28,yellow
DNAJC4,yellow
DNAL1,yellow
DNM3,yellow
DNMT1,yellow
DNMT3A,yellow
DNTTIP2,yellow
DOK4,yellow
DPH5,yellow
DPY19L4,yellow
DSN1,yellow
DUS2L,yellow
DUSP26,yellow
E2F4,yellow
EDEM3,yellow
EDNRB,yellow
EFHA1,yellow
EFHA2,yellow
EHMT2,yellow
EIF2AK4,yellow
EIF2B2,yellow
EIF3E,yellow
EIF3F,yellow
EIF5A,yellow
ELAVL1,yellow
ELL3,yellow
ENO2,yellow
ENOX1,yellow
ENPP2,yellow
ENSA,yellow
ENY2,yellow
EPAS1,yellow
EPB41,yellow
EPHA2,yellow
EPN2,yellow
EPOR,yellow
EPRS,yellow
ERCC5,yellow
ERCC6,yellow
ERI1,yellow
ETAA1,yellow
ETV1,yellow
EVI5,yellow
EWSR1,yellow
EXOSC10,yellow
EYA1,yellow
FADS1,yellow
FADS2,yellow
FAM103A1,yellow
FAM111A,yellow
FAM115A,yellow
FAM116A,yellow
FAM123C,yellow
FAM126A,yellow
FAM161A,yellow
FAM164A,yellow
FAM168A,yellow
FAM172A,yellow
FAM19A5,yellow
FAM38A,yellow
FAM48A,yellow
FAM49B,yellow
FAM53B,yellow
FANCA,yellow
FANCF,yellow
FBXL2,yellow
FBXO11,yellow
FBXO36,yellow
FBXO7,yellow
FBXW2,yellow
FCF1,yellow
FDX1,yellow
FER,yellow
FGF14,yellow
FGGY,yellow
FLOT1,yellow
FMO5,yellow
FNBP4,yellow
FTH1,yellow
FUBP1,yellow
G6PC3,yellow
GAA,yellow
GABARAP,yellow
GABBR1,yellow
GABPB2,yellow
GAD1,yellow
GANC,yellow
GAP43,yellow
GARS,yellow
GBAS,yellow
GDAP2,yellow
GDF9,yellow
GDPD1,yellow
GFI1,yellow
GFOD1,yellow
GGT7,yellow
GHR,yellow
GLIPR1L2,yellow
GLT8D1,yellow
GM2A,yellow
GNB1,yellow
GNB2,yellow
GNG5,yellow
GNPDA1,yellow
GON4L,yellow
GOSR2,yellow
GPATCH2,yellow
GPN2,yellow
GPR149,yellow
GPRC5A,yellow
GPRC5C,yellow
GREM2,yellow
GRIK1,yellow
GSTK1,yellow
GSTO1,yellow
GTF2B,yellow
GTF3C1,yellow
GTF3C4,yellow
GTPBP10,yellow
GUK1,yellow
H3F3C,yellow
HABP4,yellow
HAGH,yellow
HAPLN1,yellow
HAS2,yellow
HAUS8,yellow
HCCA2,yellow
HCN2,yellow
HDGFRP3,yellow
HEATR2,yellow
HERC6,yellow
HERPUD1,yellow
HES5,yellow
HHIP,yellow
HIC1,yellow
HIPK3,yellow
HIST1H2BD,yellow
HIST2H2AC,yellow
HIST2H2BE,yellow
HLA-DOA,yellow
HLX,yellow
HMGCL,yellow
HMGCR,yellow
HN1,yellow
HNRNPA3,yellow
HNRNPC,yellow
HNRNPF,yellow
HNRNPL,yellow
HNRPLL,yellow
HOXA9,yellow
HOXC8,yellow
HP1BP3,yellow
HRH2,yellow
HSD17B12,yellow
HSDL1,yellow
HSF4,yellow
HSPA1A,yellow
HSPA2,yellow
HSPD1,yellow
IDI1,yellow
IFRD2,yellow
IFT122,yellow
IGDCC3,yellow
IGF1R,yellow
IKBKB,yellow
IKBKE,yellow
IKZF1,yellow
IKZF2,yellow
IL20RA,yellow
INCA1,yellow
ING3,yellow
INPP5E,yellow
IQCE,yellow
IRF3,yellow
ISCA1,yellow
ISLR2,yellow
ITPA,yellow
ITSN2,yellow
JAGN1,yellow
JAM2,yellow
JMJD1C,yellow
JRK,yellow
JUB,yellow
KCNB2,yellow
KCNIP2,yellow
KCNJ4,yellow
KCNJ5,yellow
KCNMB4,yellow
KCNQ3,yellow
KCNQ4,yellow
KDM1A,yellow
KDM4D,yellow
KIAA0040,yellow
KIAA0427,yellow
KIAA0562,yellow
KIAA0947,yellow
KIAA1217,yellow
KIAA1279,yellow
KIAA1530,yellow
KIAA1737,yellow
KIAA1949,yellow
KIF11,yellow
KIF13A,yellow
KIF17,yellow
KIF20B,yellow
KIF21B,yellow
KIRREL3,yellow
KLF10,yellow
KLF12,yellow
KLF9,yellow
KLHL14,yellow
KLHL20,yellow
KLHL35,yellow
KLHL5,yellow
KPNA4,yellow
LARP7,yellow
LASS3,yellow
LCLAT1,yellow
LENG8,yellow
LETMD1,yellow
LHX4,yellow
LHX5,yellow
LIG4,yellow
LIMA1,yellow
LIMS2,yellow
LIN28,yellow
LIN9,yellow
LINS1,yellow
LLPH,yellow
LMAN2L,yellow
LMF1,yellow
LMTK2,yellow
LNP1,yellow
LOC100128239,yellow
LOC100128542,yellow
LOC100130987,yellow
LOC100133315,yellow
LOC143666,yellow
LOC256880,yellow
LOC285830,yellow
LOC338758,yellow
LOC339290,yellow
LOC728392,yellow
LRFN2,yellow
LRFN3,yellow
LRP1,yellow
LRP2,yellow
LRRC41,yellow
LSM11,yellow
LSS,yellow
LUC7L3,yellow
LY6G5C,yellow
LYNX1,yellow
LZTFL1,yellow
MAD1L1,yellow
MADCAM1,yellow
MADD,yellow
MAEA,yellow
MAGI2,yellow
MAP1S,yellow
MAP2K6,yellow
MAP3K1,yellow
MAP3K14,yellow
MAPK10,yellow
MAPKAPK5,yellow
MAST4,yellow
MATN3,yellow
MATR3,yellow
MBNL1,yellow
MCC,yellow
MCF2L2,yellow
MCFD2,yellow
MCL1,yellow
MCM7,yellow
MCOLN3,yellow
MDM4,yellow
MEA1,yellow
MECOM,yellow
MED13L,yellow
MED16,yellow
MED18,yellow
MED20,yellow
MED8,yellow
MEF2D,yellow
MEIS1,yellow
MEPCE,yellow
METAP2,yellow
METTL5,yellow
MEX3D,yellow
MFSD2A,yellow
MIAT,yellow
MICA,yellow
MIER3,yellow
MIR1253,yellow
MIR1258,yellow
MIR1292,yellow
MIR1908,yellow
MKI67,yellow
MLH1,yellow
MLL3,yellow
MLLT4,yellow
MMP21,yellow
MND1,yellow
MOGS,yellow
MON1B,yellow
MPHOSPH10,yellow
MPPED1,yellow
MRPL1,yellow
MRPL19,yellow
MRPL23,yellow
MRPL34,yellow
MRPS23,yellow
MRPS28,yellow
MRPS30,yellow
MRPS6,yellow
MSH5,yellow
MSI2,yellow
MT3,yellow
MTA2,yellow
MTCH2,yellow
MTFR1,yellow
MTMR12,yellow
MTMR14,yellow
MTMR15,yellow
MTMR4,yellow
MUC4,yellow
MUDENG,yellow
MXI1,yellow
MYC,yellow
MYCBPAP,yellow
MYT1L,yellow
MZF1,yellow
N4BP1,yellow
N4BP3,yellow
NAA38,yellow
NAGA,yellow
NAP1L1,yellow
NAP1L4,yellow
NAPB,yellow
NBAS,yellow
NCRNA00167,yellow
NDRG4,yellow
NDUFS8,yellow
NES,yellow
NET1,yellow
NFATC2IP,yellow
NGFR,yellow
NICN1,yellow
NIF3L1,yellow
NMBR,yellow
NOVA1,yellow
NPC1,yellow
NRF1,yellow
NSMAF,yellow
NT5C,yellow
NUBP2,yellow
NUDT12,yellow
NUDT7,yellow
NUP35,yellow
NXN,yellow
OAZ1,yellow
OAZ3,yellow
OLIG1,yellow
OPN3,yellow
OPN5,yellow
OR4K17,yellow
OR51I1,yellow
ORC2L,yellow
OS9,yellow
OSCP1,yellow
OXTR,yellow
P2RY1,yellow
PACRG,yellow
PACS2,yellow
PAFAH1B3,yellow
PAFAH2,yellow
PAK1,yellow
PAK4,yellow
PALLD,yellow
PAN2,yellow
PAOX,yellow
PARD3,yellow
PARD6A,yellow
PCDHB16,yellow
PCNT,yellow
PCYT1A,yellow
PDCD2L,yellow
PDE1A,yellow
PDE1C,yellow
PDE4DIP,yellow
PDHX,yellow
PDIA6,yellow
PDLIM3,yellow
PEBP4,yellow
PET112L,yellow
PEX11G,yellow
PEX13,yellow
PEX5,yellow
PFAS,yellow
PFDN1,yellow
PGR,yellow
PHF20,yellow
PHF23,yellow
PHPT1,yellow
PHTF2,yellow
PIF1,yellow
PIGK,yellow
PIK3R3,yellow
PIK3R4,yellow
PIP4K2B,yellow
PLA2G16,yellow
PLCD3,yellow
PLCL1,yellow
PLCXD2,yellow
PLEC1,yellow
PLEKHB2,yellow
PLEKHH2,yellow
PMVK,yellow
PNPO,yellow
POFUT2,yellow
POLB,yellow
POLD1,yellow
POLR2C,yellow
POLR3C,yellow
PPARGC1B,yellow
PPDPF,yellow
PPFIA3,yellow
PPIH,yellow
PPIL3,yellow
PPM1K,yellow
PPP1CC,yellow
PPP1R3C,yellow
PPT2,yellow
PRDX5,yellow
PRDX6,yellow
PREB,yellow
PREPL,yellow
PRMT8,yellow
PROZ,yellow
PRPF38A,yellow
PRR13,yellow
PSENEN,yellow
PSMD6,yellow
PTEN,yellow
PTHLH,yellow
PTPN1,yellow
PTPN9,yellow
PTRF,yellow
PUM1,yellow
PURG,yellow
PYCR2,yellow
PYGO1,yellow
QKI,yellow
RAB11FIP3,yellow
RAB1A,yellow
RAB21,yellow
RAB27A,yellow
RAB2B,yellow
RAB30,yellow
RAB3IL1,yellow
RAD54B,yellow
RALGDS,yellow
RASGRF1,yellow
RASSF1,yellow
RASSF7,yellow
RBBP4,yellow
RBM4,yellow
RCBTB1,yellow
RCC2,yellow
RCOR2,yellow
RECQL,yellow
REEP5,yellow
RET,yellow
RETNLB,yellow
RG9MTD2,yellow
RGS12,yellow
RIC8A,yellow
RIF1,yellow
RILPL2,yellow
RIMKLB,yellow
RMND5B,yellow
RNASEH2C,yellow
RNF14,yellow
RNF220,yellow
RNPS1,yellow
ROBO1,yellow
ROCK1,yellow
ROGDI,yellow
ROR1,yellow
RP5-1022P6.2,yellow
RPAP1,yellow
RPL23,yellow
RPL38,yellow
RPL9,yellow
RPP21,yellow
RPP30,yellow
RPS10,yellow
RPS11,yellow
RPS12,yellow
RRP1,yellow
RSPO3,yellow
RTDR1,yellow
RTN4RL1,yellow
RUNX1,yellow
RUNX1T1,yellow
RUNX2,yellow
RUVBL1,yellow
SAC3D1,yellow
SACS,yellow
SALL3,yellow
SAMHD1,yellow
SAP130,yellow
SAP18,yellow
SAV1,yellow
SCARB2,yellow
SCARNA16,yellow
SCN3A,yellow
SCN8A,yellow
SCUBE3,yellow
SDC2,yellow
SEC24A,yellow
SEC31A,yellow
SELS,yellow
SEMA5A,yellow
SEMA7A,yellow
SEPT2,yellow
SEPT3,yellow
SEPT8,yellow
SERPINB8,yellow
SERTAD1,yellow
SET,yellow
SETD1A,yellow
SETMAR,yellow
SF3B2,yellow
SFRS18,yellow
SFRS7,yellow
SFXN1,yellow
SGEF,yellow
SGIP1,yellow
SGK3,yellow
SH2D4A,yellow
SIX4,yellow
SKA2,yellow
SKP2,yellow
SLC10A7,yellow
SLC12A2,yellow
SLC12A5,yellow
SLC1A3,yellow
SLC25A28,yellow
SLC25A35,yellow
SLC26A10,yellow
SLC27A1,yellow
SLC27A6,yellow
SLC30A1,yellow
SLC30A2,yellow
SLC30A3,yellow
SLC35F1,yellow
SLC39A6,yellow
SLC39A8,yellow
SLC45A3,yellow
SLC45A4,yellow
SLC46A2,yellow
SLC5A3,yellow
SLC8A1,yellow
SLC9A9,yellow
SLCO3A1,yellow
SMAP2,yellow
SMEK2,yellow
SMG5,yellow
SMOC2,yellow
SMPD3,yellow
SNAP23,yellow
SNAP91,yellow
SNAPC4,yellow
SNCA,yellow
SNHG3-RCC1,yellow
SNHG5,yellow
SNHG9,yellow
SNN,yellow
SNORA17,yellow
SNORD27,yellow
SNORD54,yellow
SNTB1,yellow
SOCS1,yellow
SOX8,yellow
SP2,yellow
SPATA4,yellow
SPC25,yellow
SPINT1,yellow
SPRYD3,yellow
SPSB1,yellow
SR140,yellow
SRGAP1,yellow
SRI,yellow
SS18,yellow
SS18L2,yellow
SSPN,yellow
ST3GAL3,yellow
STAP2,yellow
STARD9,yellow
STC2,yellow
STIM1,yellow
STK10,yellow
STK17B,yellow
STK39,yellow
STOX2,yellow
STUB1,yellow
STX18,yellow
STX2,yellow
STX3,yellow
STXBP3,yellow
SUB1,yellow
SUGT1P1,yellow
SUMO1,yellow
SWAP70,yellow
SYNCRIP,yellow
SYNJ2,yellow
TAF3,yellow
TALDO1,yellow
TAPBP,yellow
TAPBPL,yellow
TBC1D4,yellow
TBCA,yellow
TCF12,yellow
TCHP,yellow
TEAD1,yellow
TECPR1,yellow
TFAP2A,yellow
TGIF1,yellow
TGOLN2,yellow
TIA1,yellow
TIMELESS,yellow
TJP2,yellow
TLE2,yellow
TLL1,yellow
TM9SF2,yellow
TMED4,yellow
TMEM109,yellow
TMEM120A,yellow
TMEM128,yellow
TMEM130,yellow
TMEM132E,yellow
TMEM17,yellow
TMEM184C,yellow
TMEM189,yellow
TMEM19,yellow
TMEM214,yellow
TMEM231,yellow
TMEM33,yellow
TMEM44,yellow
TMEM63B,yellow
TMEM80,yellow
TMEM87B,yellow
TMEM90B,yellow
TMF1,yellow
TMPO,yellow
TMPRSS13,yellow
TNFAIP8,yellow
TNFRSF21,yellow
TNPO1,yellow
TNPO2,yellow
TNRC18,yellow
TNXB,yellow
TOMM20,yellow
TOX,yellow
TP53,yellow
TP53I13,yellow
TP53INP2,yellow
TPO,yellow
TRAF3,yellow
TRAPPC9,yellow
TRIM24,yellow
TRIM68,yellow
TRIM71,yellow
TRIOBP,yellow
TRMT2A,yellow
TRPS1,yellow
TSPAN4,yellow
TSPAN9,yellow
TSSC1,yellow
TSTD2,yellow
TTC15,yellow
TTC19,yellow
TTC21A,yellow
TTC33,yellow
TTC9C,yellow
TTYH2,yellow
TUBGCP3,yellow
TWISTNB,yellow
TXNDC6,yellow
TYMS,yellow
UBA2,yellow
UBA6,yellow
UBC,yellow
UBE2C,yellow
UBE2F,yellow
UBE2J2,yellow
UBE2Q1,yellow
UBE4A,yellow
UBL7,yellow
UBN1,yellow
UFD1L,yellow
UFM1,yellow
UGP2,yellow
UHRF1,yellow
UNC13A,yellow
UQCRC1,yellow
UQCRQ,yellow
UROD,yellow
USF1,yellow
USP10,yellow
USP2,yellow
USP28,yellow
USP48,yellow
UTF1,yellow
VAMP1,yellow
VEZF1,yellow
VGF,yellow
VGLL3,yellow
VGLL4,yellow
VPS25,yellow
VPS52,yellow
VPS53,yellow
VRK3,yellow
VSIG8,yellow
VWF,yellow
WAPAL,yellow
WARS2,yellow
WBP2,yellow
WDR19,yellow
WDR35,yellow
WDR55,yellow
WDR60,yellow
WDR81,yellow
WDR85,yellow
WDR93,yellow
WIT1,yellow
WNT7A,yellow
WRNIP1,yellow
WSB1,yellow
WSCD1,yellow
WWOX,yellow
WWP1,yellow
XPO5,yellow
XYLB,yellow
YME1L1,yellow
YPEL1,yellow
ZBTB26,yellow
ZBTB39,yellow
ZC3H10,yellow
ZC3H12D,yellow
ZCCHC8,yellow
ZDHHC13,yellow
ZEB1,yellow
ZEB2,yellow
ZFAND1,yellow
ZFAND2A,yellow
ZFAND3,yellow
ZFP64,yellow
ZFYVE1,yellow
ZHX1,yellow
ZMPSTE24,yellow
ZMYND11,yellow
ZNF132,yellow
ZNF138,yellow
ZNF195,yellow
ZNF200,yellow
ZNF22,yellow
ZNF232,yellow
ZNF24,yellow
ZNF25,yellow
ZNF296,yellow
ZNF33B,yellow
ZNF408,yellow
ZNF419,yellow
ZNF462,yellow
ZNF492,yellow
ZNF497,yellow
ZNF500,yellow
ZNF509,yellow
ZNF548,yellow
ZNF569,yellow
ZNF576,yellow
ZNF619,yellow
ZNF649,yellow
ZNF652,yellow
ZNF69,yellow
ZNF692,yellow
ZNF695,yellow
ZNF793,yellow
ZSCAN10,yellow
