geneSymbol,moduleColor
A2BP1,black
A4GALT,black
AAK1,black
AARS,black
AARSD1,black
AASDH,black
AASS,black
AATF,black
ABCB10,black
ABCB6,black
ABCB8,black
ABCB9,black
ABCC5,black
ABCC8,black
ABCD2,black
ABCD4,black
ABCF1,black
ABCF3,black
ABHD1,black
ABHD14B,black
ABHD2,black
ABHD3,black
ABHD4,black
ABI1,black
ABI2,black
ABR,black
ACAA1,black
ACAD10,black
ACAD9,black
ACADL,black
ACADM,black
ACAP2,black
ACAT2,black
ACBD3,black
ACBD7,black
ACCN2,black
ACCN4,black
ACCS,black
ACER2,black
ACER3,black
ACHE,black
ACLY,black
ACO1,black
ACOX3,black
ACP2,black
ACP6,black
ACSL1,black
ACSL6,black
ACTL6A,black
ACTN4,black
ACTR10,black
ACTR6,black
ACVR1,black
ACVR1B,black
ACYP2,black
ADAL,black
ADAM23,black
ADAMTS13,black
ADAMTS15,black
ADAMTS16,black
ADAMTS17,black
ADAMTS2,black
ADAMTS5,black
ADAMTS6,black
ADAMTS8,black
ADAMTS9,black
ADAP1,black
ADAR,black
ADARB2,black
ADAT1,black
ADAT3,black
ADCY2,black
ADCY4,black
ADCY6,black
ADCY8,black
ADCYAP1,black
ADD1,black
ADD2,black
ADD3,black
ADIPOR1,black
ADIPOR2,black
ADK,black
ADORA2B,black
ADPGK,black
ADRA2A,black
ADRB2,black
ADRB3,black
ADSSL1,black
AEBP2,black
AES,black
AFAP1,black
AFF1,black
AFF3,black
AFG3L1,black
AGA,black
AGAP1,black
AGBL3,black
AGBL5,black
AGFG1,black
AGK,black
AGL,black
AGPAT1,black
AGPAT4,black
AGPHD1,black
AGRN,black
AGTRAP,black
AGXT2,black
AHCYL2,black
AHDC1,black
AIDA,black
AIFM3,black
AIMP1,black
AK2,black
AK3L1,black
AK7,black
AKAP1,black
AKAP12,black
AKAP5,black
AKAP9,black
AKD1,black
AKIRIN1,black
AKR1B1,black
AKT1S1,black
AKT2,black
AKTIP,black
ALCAM,black
ALDH16A1,black
ALDH18A1,black
ALDH1L1,black
ALDH1L2,black
ALDH7A1,black
ALDH9A1,black
ALDOA,black
ALDOC,black
ALG11,black
ALG14,black
ALG3,black
ALG5,black
ALG6,black
ALG8,black
ALG9,black
ALKBH3,black
ALKBH4,black
ALKBH5,black
ALKBH6,black
ALKBH7,black
ALKBH8,black
ALMS1,black
ALOX5,black
ALOXE3,black
ALS2,black
ALS2CR4,black
ALS2CR8,black
AMD1,black
AMDHD2,black
AMFR,black
AMIGO1,black
AMIGO3,black
AMOTL1,black
ANAPC10,black
ANAPC4,black
ANAPC5,black
ANAPC7,black
ANGEL1,black
ANGEL2,black
ANK2,black
ANKFY1,black
ANKHD1,black
ANKRA2,black
ANKRD10,black
ANKRD11,black
ANKRD12,black
ANKRD13A,black
ANKRD13B,black
ANKRD13D,black
ANKRD17,black
ANKRD28,black
ANKRD29,black
ANKRD31,black
ANKRD34A,black
ANKRD34B,black
ANKRD35,black
ANKRD39,black
ANKRD40,black
ANKRD42,black
ANKRD45,black
ANKRD5,black
ANKRD50,black
ANKRD52,black
ANKRD9,black
ANKS1A,black
ANKS1B,black
ANKS3,black
ANKZF1,black
ANO1,black
ANO5,black
ANO6,black
ANP32A,black
ANP32E,black
ANTXR1,black
ANUBL1,black
ANXA3,black
AP1AR,black
AP1G1,black
AP1G2,black
AP1M1,black
AP1M2,black
AP2A1,black
AP2M1,black
AP3D1,black
AP3M1,black
AP3S2,black
AP4B1,black
AP4E1,black
AP4S1,black
APBA1,black
APC,black
APEH,black
APH1A,black
APH1B,black
API5,black
APITD1,black
APLF,black
APLP2,black
APOB,black
APOE,black
APOLD1,black
APP,black
APPL1,black
AQR,black
ARAP2,black
ARF1,black
ARF3,black
ARF4,black
ARF6,black
ARFGAP2,black
ARFGEF1,black
ARFRP1,black
ARG2,black
ARGLU1,black
ARHGAP18,black
ARHGAP19,black
ARHGAP20,black
ARHGAP21,black
ARHGAP26,black
ARHGAP29,black
ARHGAP5,black
ARHGDIG,black
ARHGEF1,black
ARHGEF10,black
ARHGEF11,black
ARHGEF17,black
ARID3B,black
ARID4B,black
ARID5B,black
ARIH2,black
ARL10,black
ARL6IP1,black
ARL6IP6,black
ARL8B,black
ARMC1,black
ARMC3,black
ARMC7,black
ARMC8,black
ARMC9,black
ARNT,black
ARPC2,black
ARPC3,black
ARPC5,black
ARPC5L,black
ARPP-21,black
ARRB2,black
ARRDC4,black
ARSA,black
ARSG,black
ARSK,black
ASAH1,black
ASB18,black
ASB4,black
ASCL1,black
ASCL2,black
ASF1B,black
ASNSD1,black
ASPG,black
ASPSCR1,black
ASTN1,black
ASXL1,black
ATAD2,black
ATAD2B,black
ATAD5,black
ATCAY,black
ATE1,black
ATF1,black
ATF3,black
ATF4,black
ATF6,black
ATF6B,black
ATG10,black
ATG2A,black
ATG4C,black
ATG4D,black
ATG5,black
ATL3,black
ATM,black
ATMIN,black
ATOH7,black
ATP10D,black
ATP11B,black
ATP13A1,black
ATP13A2,black
ATP1A1,black
ATP1B2,black
ATP2A2,black
ATP2A3,black
ATP2B2,black
ATP2B4,black
ATP2C1,black
ATP5A1,black
ATP5B,black
ATP5E,black
ATP5G3,black
ATP5J,black
ATP5O,black
ATP5SL,black
ATP6V0A2,black
ATP6V0D1,black
ATP6V0E2,black
ATP6V1B2,black
ATP6V1C1,black
ATP6V1F,black
ATP6V1G1,black
ATP6V1H,black
ATP7B,black
ATP8A1,black
ATP8B2,black
ATP8B3,black
ATP9A,black
ATPAF1,black
ATPAF2,black
ATPGD1,black
ATPIF1,black
ATRIP,black
ATXN1,black
ATXN10,black
ATXN1L,black
ATXN7,black
ATXN7L1,black
AUTS2,black
AVP,black
AVPI1,black
AVPR1B,black
AXIN2,black
B3GALT2,black
B3GAT1,black
B3GAT3,black
B4GALNT1,black
B4GALNT4,black
B4GALT5,black
B4GALT6,black
B4GALT7,black
B9D2,black
BAG2,black
BAHCC1,black
BAHD1,black
BAI2,black
BAI3,black
BANP,black
BASP1,black
BAT1,black
BAT2,black
BAT3,black
BAT4,black
BAT5,black
BAZ1A,black
BAZ1B,black
BAZ2A,black
BBS1,black
BBS12,black
BBS4,black
BBX,black
BCAP29,black
BCAR1,black
BCAS4,black
BCAT2,black
BCDIN3D,black
BCHE,black
BCKDHA,black
BCKDHB,black
BCL11A,black
BCL11B,black
BCL2,black
BCL2L1,black
BCL2L11,black
BCL2L13,black
BCL3,black
BCL6,black
BCL7A,black
BCL7C,black
BCL9,black
BCLAF1,black
BCR,black
BDNF,black
BDP1,black
BEGAIN,black
BEND7,black
BET1,black
BFSP1,black
BHLHE23,black
BHLHE40,black
BHLHE41,black
BICD1,black
BID,black
BIN3,black
BIRC2,black
BIRC3,black
BIRC6,black
BLCAP,black
BMF,black
BMP2,black
BMP2K,black
BMP3,black
BMP6,black
BMP7,black
BMP8A,black
BMPER,black
BMPR2,black
BNC2,black
BNIP1,black
BOD1,black
BOD1L,black
BOLA3,black
BOLL,black
BPESC1,black
BPGM,black
BPNT1,black
BRAF,black
BRCA1,black
BRD2,black
BRD8,black
BRE,black
BRF1,black
BRF2,black
BRI3,black
BRI3BP,black
BRIP1,black
BRIX1,black
BRMS1L,black
BRP44,black
BRPF3,black
BRUNOL4,black
BSDC1,black
BSG,black
BTBD10,black
BTBD3,black
BTBD8,black
BTBD9,black
BTC,black
BTD,black
BTF3,black
BTF3L4,black
BTG1,black
BTN2A1,black
BTN3A1,black
BTN3A2,black
BTRC,black
BUB3,black
BUD13,black
BZW1,black
C10ORF114,black
C10ORF119,black
C10ORF137,black
C10ORF140,black
C10ORF18,black
C10ORF2,black
C10ORF25,black
C10ORF26,black
C10ORF28,black
C10ORF4,black
C10ORF41,black
C10ORF53,black
C10ORF76,black
C10ORF78,black
C10ORF84,black
C10ORF88,black
C11ORF49,black
C11ORF51,black
C11ORF57,black
C11ORF58,black
C11ORF60,black
C11ORF71,black
C11ORF73,black
C11ORF80,black
C11ORF82,black
C11ORF83,black
C11ORF84,black
C11ORF92,black
C12ORF10,black
C12ORF23,black
C12ORF29,black
C12ORF34,black
C12ORF4,black
C12ORF56,black
C12ORF57,black
C12ORF62,black
C12ORF72,black
C12ORF73,black
C13ORF1,black
C13ORF18,black
C13ORF23,black
C13ORF37,black
C13ORF38,black
C14ORF1,black
C14ORF101,black
C14ORF102,black
C14ORF104,black
C14ORF118,black
C14ORF119,black
C14ORF126,black
C14ORF135,black
C14ORF138,black
C14ORF147,black
C14ORF159,black
C14ORF166,black
C14ORF179,black
C14ORF181,black
C14ORF182,black
C14ORF184,black
C14ORF23,black
C14ORF28,black
C14ORF37,black
C14ORF39,black
C14ORF4,black
C14ORF43,black
C14ORF80,black
C15ORF2,black
C15ORF23,black
C15ORF27,black
C15ORF33,black
C15ORF37,black
C15ORF39,black
C15ORF40,black
C15ORF42,black
C15ORF57,black
C15ORF58,black
C16ORF13,black
C16ORF35,black
C16ORF45,black
C16ORF52,black
C16ORF58,black
C16ORF63,black
C16ORF68,black
C16ORF72,black
C16ORF80,black
C16ORF87,black
C16ORF91,black
C17ORF28,black
C17ORF37,black
C17ORF42,black
C17ORF49,black
C17ORF53,black
C17ORF57,black
C17ORF58,black
C17ORF61,black
C17ORF62,black
C17ORF63,black
C17ORF71,black
C17ORF79,black
C17ORF80,black
C17ORF81,black
C17ORF85,black
C17ORF90,black
C17ORF91,black
C17ORF95,black
C17ORF97,black
C18ORF1,black
C18ORF19,black
C18ORF22,black
C18ORF45,black
C18ORF54,black
C18ORF8,black
C19ORF10,black
C19ORF12,black
C19ORF20,black
C19ORF22,black
C19ORF24,black
C19ORF25,black
C19ORF28,black
C19ORF29,black
C19ORF36,black
C19ORF40,black
C19ORF43,black
C19ORF45,black
C19ORF47,black
C19ORF48,black
C19ORF51,black
C19ORF54,black
C19ORF56,black
C19ORF60,black
C19ORF61,black
C19ORF62,black
C19ORF66,black
C19ORF73,black
C1ORF101,black
C1ORF103,black
C1ORF107,black
C1ORF113,black
C1ORF114,black
C1ORF115,black
C1ORF122,black
C1ORF124,black
C1ORF128,black
C1ORF131,black
C1ORF135,black
C1ORF144,black
C1ORF151,black
C1ORF173,black
C1ORF190,black
C1ORF198,black
C1ORF204,black
C1ORF21,black
C1ORF212,black
C1ORF213,black
C1ORF220,black
C1ORF230,black
C1ORF25,black
C1ORF27,black
C1ORF31,black
C1ORF58,black
C1ORF66,black
C1ORF69,black
C1ORF83,black
C1ORF85,black
C1ORF86,black
C1ORF9,black
C1ORF92,black
C1ORF93,black
C1ORF94,black
C1ORF95,black
C1ORF97,black
C1QL1,black
C1QL2,black
C20ORF108,black
C20ORF111,black
C20ORF112,black
C20ORF117,black
C20ORF12,black
C20ORF132,black
C20ORF194,black
C20ORF196,black
C20ORF199,black
C20ORF20,black
C20ORF26,black
C20ORF3,black
C20ORF43,black
C20ORF56,black
C20ORF7,black
C20ORF94,black
C20ORF96,black
C21ORF2,black
C21ORF45,black
C21ORF56,black
C21ORF59,black
C21ORF67,black
C21ORF88,black
C22ORF24,black
C22ORF26,black
C22ORF30,black
C22ORF36,black
C22ORF39,black
C22ORF40,black
C22ORF41,black
C2ORF18,black
C2ORF29,black
C2ORF44,black
C2ORF52,black
C2ORF60,black
C2ORF63,black
C2ORF67,black
C2ORF73,black
C2ORF74,black
C2ORF76,black
C2ORF77,black
C2ORF86,black
C2ORF89,black
C3ORF1,black
C3ORF10,black
C3ORF15,black
C3ORF19,black
C3ORF26,black
C3ORF33,black
C3ORF37,black
C3ORF38,black
C3ORF39,black
C3ORF59,black
C3ORF75,black
C4ORF10,black
C4ORF19,black
C4ORF27,black
C4ORF29,black
C4ORF3,black
C4ORF32,black
C4ORF33,black
C4ORF34,black
C4ORF36,black
C4ORF37,black
C4ORF41,black
C4ORF46,black
C5ORF13,black
C5ORF22,black
C5ORF24,black
C5ORF28,black
C5ORF33,black
C5ORF34,black
C5ORF36,black
C5ORF38,black
C5ORF41,black
C5ORF42,black
C5ORF44,black
C5ORF45,black
C5ORF54,black
C6ORF1,black
C6ORF103,black
C6ORF106,black
C6ORF108,black
C6ORF114,black
C6ORF120,black
C6ORF129,black
C6ORF134,black
C6ORF136,black
C6ORF138,black
C6ORF141,black
C6ORF145,black
C6ORF147,black
C6ORF155,black
C6ORF165,black
C6ORF167,black
C6ORF174,black
C6ORF182,black
C6ORF192,black
C6ORF203,black
C6ORF204,black
C6ORF211,black
C6ORF226,black
C6ORF47,black
C6ORF48,black
C6ORF70,black
C7ORF10,black
C7ORF13,black
C7ORF23,black
C7ORF25,black
C7ORF31,black
C7ORF36,black
C7ORF38,black
C7ORF46,black
C7ORF47,black
C7ORF49,black
C7ORF50,black
C7ORF52,black
C7ORF58,black
C7ORF59,black
C8ORF33,black
C8ORF37,black
C8ORF39,black
C8ORF41,black
C8ORF42,black
C8ORF45,black
C8ORF48,black
C8ORF59,black
C8ORF73,black
C8ORF83,black
C9ORF116,black
C9ORF125,black
C9ORF156,black
C9ORF163,black
C9ORF25,black
C9ORF3,black
C9ORF6,black
C9ORF7,black
CA10,black
CA13,black
CA5A,black
CAB39L,black
CABC1,black
CABIN1,black
CABP1,black
CABYR,black
CACNA1A,black
CACNA1C,black
CACNA1D,black
CACNA1G,black
CACNA1H,black
CACNA2D1,black
CACNA2D3,black
CACNB1,black
CACNB2,black
CACNB4,black
CACNG2,black
CACNG3,black
CACNG8,black
CACYBP,black
CADM1,black
CADM4,black
CAGE1,black
CALCOCO1,black
CALCR,black
CALM1,black
CALM3,black
CALN1,black
CAMK2D,black
CAMLG,black
CAMTA1,black
CAMTA2,black
CAND1,black
CANX,black
CAP2,black
CAPNS1,black
CAPRIN1,black
CAPS2,black
CAPZA1,black
CARD10,black
CARKD,black
CARM1,black
CASC1,black
CASC3,black
CASC4,black
CASP2,black
CASP8,black
CASP9,black
CAST,black
CASZ1,black
CAT,black
CAV1,black
CBARA1,black
CBL,black
CBLC,black
CBLL1,black
CBR3,black
CBX2,black
CBX4,black
CBX5,black
CBX7,black
CBX8,black
CBY1,black
CC2D1B,black
CC2D2A,black
CCDC104,black
CCDC108,black
CCDC110,black
CCDC111,black
CCDC112,black
CCDC126,black
CCDC132,black
CCDC137,black
CCDC138,black
CCDC14,black
CCDC140,black
CCDC147,black
CCDC148,black
CCDC149,black
CCDC15,black
CCDC152,black
CCDC159,black
CCDC23,black
CCDC24,black
CCDC25,black
CCDC28A,black
CCDC3,black
CCDC40,black
CCDC41,black
CCDC45,black
CCDC53,black
CCDC55,black
CCDC57,black
CCDC61,black
CCDC65,black
CCDC69,black
CCDC7,black
CCDC71,black
CCDC72,black
CCDC75,black
CCDC77,black
CCDC85A,black
CCDC9,black
CCDC90A,black
CCDC90B,black
CCDC97,black
CCDC99,black
CCHCR1,black
CCK,black
CCKBR,black
CCL28,black
CCM2,black
CCNC,black
CCND1,black
CCND2,black
CCND3,black
CCNDBP1,black
CCNG1,black
CCNG2,black
CCNL1,black
CCNT2,black
CCPG1,black
CCRN4L,black
CCT2,black
CCT3,black
CCT5,black
CD109,black
CD164,black
CD164L2,black
CD177,black
CD247,black
CD320,black
CD3EAP,black
CD59,black
CD63,black
CD70,black
CDADC1,black
CDC123,black
CDC16,black
CDC20,black
CDC23,black
CDC34,black
CDC42BPB,black
CDC42EP1,black
CDC42EP3,black
CDC42SE2,black
CDC5L,black
CDC6,black
CDC7,black
CDC73,black
CDCA8,black
CDGAP,black
CDH1,black
CDH11,black
CDH15,black
CDH18,black
CDH7,black
CDH8,black
CDK1,black
CDK12,black
CDK13,black
CDK17,black
CDK19,black
CDK2AP1,black
CDK2AP2,black
CDK4,black
CDK5R2,black
CDK5RAP1,black
CDK5RAP3,black
CDK6,black
CDK7,black
CDKAL1,black
CDKL1,black
CDKL4,black
CDKN1A,black
CDKN1C,black
CDKN2AIP,black
CDKN2AIPNL,black
CDKN2C,black
CDKN3,black
CDS1,black
CDX2,black
CDYL,black
CEBPA,black
CEBPD,black
CEBPG,black
CEBPZ,black
CECR2,black
CELSR1,black
CELSR3,black
CENPA,black
CENPC1,black
CENPE,black
CENPF,black
CENPJ,black
CENPK,black
CENPL,black
CENPO,black
CENPP,black
CEP120,black
CEP164,black
CEP250,black
CEP350,black
CEP72,black
CEPT1,black
CES4,black
CFL1,black
CFL2,black
CFLAR,black
CFTR,black
CGREF1,black
CHAF1A,black
CHCHD1,black
CHCHD10,black
CHCHD4,black
CHCHD5,black
CHCHD6,black
CHCHD8,black
CHD1L,black
CHD2,black
CHD3,black
CHD4,black
CHD9,black
CHFR,black
CHGB,black
CHIC2,black
CHID1,black
CHKA,black
CHL1,black
CHMP1B,black
CHMP4A,black
CHMP7,black
CHN1,black
CHORDC1,black
CHP,black
CHPT1,black
CHRAC1,black
CHRM2,black
CHRNA5,black
CHST1,black
CHST10,black
CHST11,black
CHST9,black
CHSY1,black
CIAPIN1,black
CIB2,black
CIC,black
CINP,black
CIR1,black
CIRBP,black
CIT,black
CKAP2,black
CKAP5,black
CKS1B,black
CLASP2,black
CLCC1,black
CLCN2,black
CLCN3,black
CLCN6,black
CLCN7,black
CLDN10,black
CLDN12,black
CLDN7,black
CLDND2,black
CLEC4GP1,black
CLGN,black
CLIC4,black
CLIC5,black
CLIP2,black
CLIP4,black
CLK1,black
CLMN,black
CLN3,black
CLN5,black
CLN8,black
CLNS1A,black
CLPP,black
CLSPN,black
CLSTN1,black
CLTA,black
CLVS1,black
CMAS,black
CMC1,black
CMIP,black
CMPK2,black
CMTM3,black
CMTM4,black
CMTM6,black
CNBP,black
CNDP2,black
CNFN,black
CNIH,black
CNIH4,black
CNKSR3,black
CNNM3,black
CNO,black
CNOT10,black
CNOT2,black
CNOT3,black
CNOT8,black
CNPY1,black
CNPY3,black
CNR2,black
CNRIP1,black
CNST,black
CNTD1,black
CNTFR,black
CNTN4,black
CNTN5,black
CNTNAP2,black
COBL,black
COBLL1,black
COCH,black
COG6,black
COG8,black
COIL,black
COL12A1,black
COL13A1,black
COL19A1,black
COL23A1,black
COL25A1,black
COL27A1,black
COL29A1,black
COL4A1,black
COL4A3,black
COL4A3BP,black
COL5A3,black
COL8A1,black
COMMD7,black
COMMD8,black
COMMD9,black
COMP,black
COPA,black
COPB2,black
COPE,black
COPG,black
COPS3,black
COPS4,black
COPS5,black
COPS7A,black
COPS7B,black
COPS8,black
COPZ1,black
COPZ2,black
COQ10A,black
COQ10B,black
COQ5,black
COQ6,black
COQ7,black
CORO1A,black
CORO1C,black
COX17,black
COX18,black
COX4NB,black
COX5A,black
COX5B,black
COX6B1,black
COX6B2,black
COX6C,black
COX7A2,black
COX7C,black
CP110,black
CPAMD8,black
CPE,black
CPEB2,black
CPEB3,black
CPLX3,black
CPNE1,black
CPNE3,black
CPNE8,black
CPOX,black
CPSF4,black
CPSF6,black
CPT1A,black
CPT1C,black
CPT2,black
CR2,black
CRABP1,black
CRBN,black
CRCT1,black
CREB3,black
CREB3L2,black
CREB5,black
CREBBP,black
CREBL2,black
CREBZF,black
CREG1,black
CREM,black
CRHR2,black
CRIP2,black
CRISP2,black
CRK,black
CRLF1,black
CRLS1,black
CRTAP,black
CRTC1,black
CRTC2,black
CRYL1,black
CRYM,black
CSDA,black
CSDE1,black
CSE1L,black
CSMD1,black
CSMD2,black
CSNK1A1,black
CSNK1D,black
CSNK1E,black
CSNK1G1,black
CSNK2A1,black
CSNK2A2,black
CSTF1,black
CSTF2T,black
CTBP2,black
CTBS,black
CTCF,black
CTDSPL,black
CTDSPL2,black
CTGF,black
CTH,black
CTHRC1,black
CTNNAL1,black
CTNNBL1,black
CTNND1,black
CTNND2,black
CTR9,black
CTSH,black
CTSO,black
CTTNBP2,black
CTU1,black
CTU2,black
CTXN2,black
CUL1,black
CUL2,black
CUL3,black
CUTA,black
CWC22,black
CWF19L1,black
CWF19L2,black
CYB561D1,black
CYB5A,black
CYB5B,black
CYB5R3,black
CYB5RL,black
CYBA,black
CYHR1,black
CYLD,black
CYP1A1,black
CYP24A1,black
CYP26B1,black
CYP27A1,black
CYP2E1,black
CYP2J2,black
CYP2U1,black
CYP4V2,black
CYP51A1,black
CYTSA,black
D4S234E,black
DAAM1,black
DAB1,black
DAB2,black
DAB2IP,black
DACH1,black
DACT3,black
DAPK3,black
DAXX,black
DAZAP2,black
DBC1,black
DBN1,black
DBX2,black
DCAF11,black
DCAF13,black
DCAF5,black
DCAF6,black
DCAF8,black
DCBLD1,black
DCBLD2,black
DCC,black
DCDC1,black
DCHS2,black
DCLK1,black
DCLRE1A,black
DCP1A,black
DCPS,black
DCTN3,black
DCTN4,black
DCUN1D2,black
DCUN1D4,black
DCUN1D5,black
DDAH1,black
DDAH2,black
DDB1,black
DDB2,black
DDHD1,black
DDHD2,black
DDR1,black
DDX17,black
DDX18,black
DDX19A,black
DDX20,black
DDX23,black
DDX24,black
DDX42,black
DDX49,black
DDX5,black
DDX50,black
DDX51,black
DDX52,black
DDX60,black
DDX60L,black
DECR2,black
DEDD,black
DENND3,black
DENND5B,black
DENR,black
DEPDC1B,black
DEPDC5,black
DEPDC6,black
DEPDC7,black
DERL2,black
DFFB,black
DFNB31,black
DGAT2,black
DGCR14,black
DGCR2,black
DGCR6,black
DGKH,black
DGKQ,black
DGKZ,black
DGUOK,black
DHCR24,black
DHODH,black
DHPS,black
DHRS12,black
DHRS7,black
DHTKD1,black
DHX15,black
DHX16,black
DHX29,black
DHX34,black
DHX40,black
DHX8,black
DIAPH1,black
DIAPH3,black
DIDO1,black
DIMT1L,black
DIP2A,black
DIP2B,black
DIRAS1,black
DIRC2,black
DIS3,black
DIXDC1,black
DKFZP686I15217,black
DKFZP686O24166,black
DKK2,black
DLAT,black
DLC1,black
DLG2,black
DLG4,black
DLGAP1,black
DLL3,black
DLST,black
DLX1,black
DLX2,black
DLX3,black
DLX5,black
DLX6AS,black
DMC1,black
DMXL2,black
DNA2,black
DNAH5,black
DNAH6,black
DNAJB6,black
DNAJC10,black
DNAJC14,black
DNAJC16,black
DNAJC18,black
DNAJC19,black
DNAJC21,black
DNAJC27,black
DNAJC28,black
DNAJC30,black
DNAJC4,black
DNAJC7,black
DNAJC8,black
DNAJC9,black
DNAL1,black
DNAL4,black
DNM1P35,black
DNM2,black
DNMBP,black
DNMT1,black
DNMT3A,black
DNTT,black
DNTTIP2,black
DOC2B,black
DOCK1,black
DOCK3,black
DOCK4,black
DOCK7,black
DOCK9,black
DOHH,black
DOK4,black
DOK6,black
DOLPP1,black
DOPEY1,black
DOT1L,black
DPAGT1,black
DPF1,black
DPF3,black
DPH2,black
DPH5,black
DPM3,black
DPP3,black
DPP4,black
DPP6,black
DPP9,black
DPY30,black
DPYD,black
DPYSL2,black
DPYSL3,black
DPYSL5,black
DR1,black
DRAM2,black
DSCAML1,black
DSCR9,black
DSE,black
DSEL,black
DSG2,black
DSN1,black
DSP,black
DSTN,black
DSTYK,black
DTD1,black
DTNBP1,black
DTYMK,black
DUOX1,black
DUOX2,black
DUS1L,black
DUS2L,black
DUSP1,black
DUSP11,black
DUSP12,black
DUSP14,black
DUSP15,black
DUSP4,black
DUSP5,black
DUT,black
DVL2,black
DYNC1I2,black
DYNC1LI1,black
DYNC1LI2,black
DYNLL1,black
DYNLRB1,black
DYNLT1,black
DYRK1A,black
DYRK3,black
DZIP1,black
DZIP3,black
E2F1,black
E2F3,black
E2F8,black
E4F1,black
EBF1,black
EBF2,black
ECE1,black
ECHDC1,black
ECHS1,black
ECSIT,black
EDC3,black
EDC4,black
EDEM1,black
EDEM2,black
EDEM3,black
EDN1,black
EDNRB,black
EED,black
EEF1A1,black
EEF2,black
EEFSEC,black
EFCAB5,black
EFEMP2,black
EFHA2,black
EFHD1,black
EFNA1,black
EFNA3,black
EFNA4,black
EFNA5,black
EFNB2,black
EFNB3,black
EFR3A,black
EGLN3,black
EGR1,black
EGR2,black
EGR3,black
EHBP1,black
EHD1,black
EHMT1,black
EHMT2,black
EI24,black
EID2,black
EID3,black
EIF1,black
EIF1AD,black
EIF2AK1,black
EIF2AK2,black
EIF2AK3,black
EIF2AK4,black
EIF2B2,black
EIF2C3,black
EIF2S2,black
EIF3A,black
EIF3B,black
EIF3D,black
EIF3E,black
EIF3F,black
EIF3H,black
EIF3I,black
EIF4A2,black
EIF4A3,black
EIF4EBP2,black
EIF4G1,black
EIF4G3,black
EIF5A,black
EIF6,black
ELAC2,black
ELAVL3,black
ELF2,black
ELK3,black
ELK4,black
ELL,black
ELL2,black
ELMO1,black
ELMO2,black
ELMOD1,black
ELMOD2,black
ELOF1,black
ELOVL2,black
ELOVL6,black
ELP2P,black
ELP4,black
EMID1,black
EML4,black
EMX2OS,black
ENC1,black
ENKUR,black
ENO2,black
ENOSF1,black
ENOX1,black
ENPP2,black
ENSA,black
ENTPD4,black
ENTPD7,black
ENY2,black
EP400,black
EP400NL,black
EPAS1,black
EPB41L3,black
EPB41L5,black
EPC1,black
EPC2,black
EPDR1,black
EPHA10,black
EPHA4,black
EPHA5,black
EPHA6,black
EPHA7,black
EPHB3,black
EPM2AIP1,black
EPN1,black
EPN2,black
EPO,black
EPRS,black
EPS8L1,black
ERAL1,black
ERC1,black
ERCC1,black
ERCC2,black
ERCC3,black
ERCC4,black
ERCC6,black
ERGIC1,black
ERGIC2,black
ERI3,black
ERICH1,black
ERLIN2,black
ERN1,black
ERP29,black
ESCO1,black
ESD,black
ESF1,black
ESR2,black
ESRRG,black
ESYT2,black
ETFA,black
ETFB,black
ETFDH,black
ETNK1,black
ETS1,black
ETV4,black
ETV5,black
ETV6,black
EVPL,black
EVX2,black
EWSR1,black
EXOC1,black
EXOC6,black
EXOC7,black
EXOSC10,black
EXPH5,black
EYA4,black
EZH1,black
F2R,black
F3,black
FADS2,black
FAF1,black
FAIM3,black
FAM100B,black
FAM103A1,black
FAM108A1,black
FAM110C,black
FAM111A,black
FAM115A,black
FAM116A,black
FAM117A,black
FAM117B,black
FAM123A,black
FAM123C,black
FAM125A,black
FAM125B,black
FAM126A,black
FAM126B,black
FAM129C,black
FAM133B,black
FAM149A,black
FAM150A,black
FAM150B,black
FAM155A,black
FAM161A,black
FAM162A,black
FAM163A,black
FAM167A,black
FAM171A1,black
FAM172A,black
FAM174B,black
FAM175A,black
FAM177A1,black
FAM178A,black
FAM179B,black
FAM181B,black
FAM188A,black
FAM189A1,black
FAM190A,black
FAM193B,black
FAM194A,black
FAM196A,black
FAM198A,black
FAM198B,black
FAM19A2,black
FAM19A5,black
FAM20A,black
FAM20B,black
FAM36A,black
FAM38A,black
FAM40B,black
FAM46A,black
FAM46B,black
FAM46C,black
FAM47E,black
FAM54A,black
FAM54B,black
FAM55C,black
FAM59B,black
FAM60A,black
FAM63B,black
FAM69A,black
FAM76A,black
FAM76B,black
FAM78B,black
FAM81A,black
FAM82B,black
FAM83H,black
FAM84A,black
FAM89B,black
FAM91A1,black
FAM96A,black
FAM98B,black
FAM98C,black
FANCC,black
FANCF,black
FANCL,black
FAR1,black
FARP2,black
FARSA,black
FASTK,black
FASTKD2,black
FAT1,black
FAT4,black
FBF1,black
FBL,black
FBLN1,black
FBN2,black
FBRSL1,black
FBXL12,black
FBXL18,black
FBXL19,black
FBXL2,black
FBXL20,black
FBXL3,black
FBXL5,black
FBXL7,black
FBXO11,black
FBXO21,black
FBXO28,black
FBXO3,black
FBXO33,black
FBXO38,black
FBXO4,black
FBXO46,black
FBXO5,black
FBXW4,black
FBXW8,black
FBXW9,black
FCGRT,black
FCHO2,black
FCRLB,black
FDFT1,black
FDPS,black
FDX1,black
FECH,black
FEM1C,black
FERMT2,black
FEZ1,black
FEZF1,black
FEZF2,black
FGD4,black
FGF11,black
FGF12,black
FGF14,black
FGF19,black
FGF3,black
FGF5,black
FGF9,black
FGFR3,black
FGFRL1,black
FHOD1,black
FHOD3,black
FIGLA,black
FIGN,black
FIS1,black
FITM2,black
FKBP10,black
FKBP11,black
FKBP15,black
FKBP3,black
FKBP7,black
FKBPL,black
FKRP,black
FLAD1,black
FLCN,black
FLII,black
FLJ10357,black
FLJ16779,black
FLJ26850,black
FLJ31306,black
FLJ32065,black
FLJ35024,black
FLJ37453,black
FLJ39582,black
FLJ39653,black
FLJ42709,black
FLJ43390,black
FLJ43663,black
FLJ45983,black
FLOT1,black
FLRT2,black
FLT4,black
FLYWCH1,black
FMN2,black
FMNL2,black
FMNL3,black
FNBP1L,black
FNBP4,black
FNDC1,black
FNDC3A,black
FNDC3B,black
FNIP2,black
FNTA,black
FOS,black
FOXA1,black
FOXA2,black
FOXA3,black
FOXC2,black
FOXE3,black
FOXF2,black
FOXI2,black
FOXI3,black
FOXK1,black
FOXM1,black
FOXN2,black
FOXN3,black
FOXO3,black
FOXP1,black
FOXRED2,black
FREQ,black
FRMD4A,black
FRMD6,black
FRYL,black
FSCN1,black
FSD1,black
FST,black
FTH1,black
FTO,black
FTSJ3,black
FUCA1,black
FUCA2,black
FUT9,black
FUZ,black
FXN,black
FXR2,black
FXYD3,black
FXYD6,black
FYN,black
FYTTD1,black
FZD1,black
FZD4,black
FZD5,black
FZR1,black
G0S2,black
G2E3,black
G3BP1,black
G6PC3,black
GAA,black
GAB1,black
GABARAP,black
GABARAPL2,black
GABBR1,black
GABPB2,black
GABRA1,black
GABRA2,black
GABRA5,black
GABRB1,black
GABRB2,black
GABRB3,black
GABRG2,black
GABRG3,black
GADD45A,black
GADD45B,black
GADD45GIP1,black
GADL1,black
GAL,black
GALE,black
GALK1,black
GALK2,black
GALNT13,black
GALNT3,black
GALNT4,black
GALNTL4,black
GALNTL6,black
GALR1,black
GAMT,black
GANAB,black
GAPDH,black
GAPDHS,black
GARS,black
GAS2,black
GAS5,black
GATA5,black
GATAD2B,black
GBAP1,black
GCDH,black
GCN1L1,black
GCNT1,black
GDAP2,black
GDE1,black
GDF11,black
GDPD1,black
GDPD5,black
GEN1,black
GFI1,black
GFM2,black
GFOD2,black
GFPT1,black
GFRA1,black
GGCT,black
GIGYF2,black
GIN1,black
GJA1,black
GJA3,black
GLB1L2,black
GLCCI1,black
GLDC,black
GLDN,black
GLI3,black
GLI4,black
GLIPR1L1,black
GLRA1,black
GLRA3,black
GLRX,black
GLRX5,black
GLT8D1,black
GLTPD2,black
GLTSCR2,black
GLUD1,black
GM2A,black
GMEB2,black
GMFB,black
GMFG,black
GMIP,black
GMNN,black
GMPR2,black
GMPS,black
GNAI2,black
GNAI3,black
GNAL,black
GNAS,black
GNB1,black
GNB1L,black
GNB2,black
GNB4,black
GNG13,black
GNG4,black
GNG5,black
GNG7,black
GNL2,black
GNL3,black
GNPDA2,black
GNPTG,black
GOLGA8B,black
GOLGB1,black
GOLSYN,black
GOLT1B,black
GORASP1,black
GPA33,black
GPATCH1,black
GPATCH4,black
GPBP1,black
GPBP1L1,black
GPC6,black
GPD2,black
GPHN,black
GPI,black
GPM6A,black
GPR108,black
GPR12,black
GPR135,black
GPR137B,black
GPR139,black
GPR148,black
GPR153,black
GPR155,black
GPR161,black
GPR172A,black
GPR177,black
GPR180,black
GPR26,black
GPR3,black
GPR6,black
GPR85,black
GPR98,black
GPRC5B,black
GPRC5C,black
GPRIN3,black
GPS2,black
GRAMD1A,black
GRAMD1B,black
GRB2,black
GREB1,black
GREB1L,black
GREM2,black
GRHL2,black
GRIA2,black
GRID1,black
GRID2,black
GRID2IP,black
GRIN1,black
GRM1,black
GRM6,black
GRM7,black
GRN,black
GRPEL1,black
GRPEL2,black
GRSF1,black
GSC,black
GSK3A,black
GSK3B,black
GSPT1,black
GSTO1,black
GSTO2,black
GTDC1,black
GTF2A1,black
GTF2A2,black
GTF2E1,black
GTF2F1,black
GTF2H4,black
GTF2I,black
GTF3C1,black
GTPBP1,black
GTPBP10,black
GTPBP3,black
GTPBP4,black
GTPBP8,black
GUCY1A3,black
GUCY1B3,black
GUCY2D,black
GUCY2E,black
GUK1,black
GXYLT1,black
GYG1,black
H2AFJ,black
H2AFV,black
H2AFY,black
H2AFY2,black
H3F3B,black
HADHB,black
HAGH,black
HAO1,black
HAPLN1,black
HAS2,black
HAS2AS,black
HAS3,black
HAT1,black
HAUS2,black
HAUS3,black
HAUS5,black
HBP1,black
HCCA2,black
HCFC2,black
HCG11,black
HCG18,black
HCG4P6,black
HCN2,black
HCP5,black
HDAC1,black
HDAC10,black
HDAC4,black
HDAC5,black
HDAC7,black
HDDC2,black
HDGFRP3,black
HDLBP,black
HECTD1,black
HECW2,black
HELLS,black
HELQ,black
HEMK1,black
HEPHL1,black
HERC3,black
HERPUD1,black
HES1,black
HES4,black
HEXB,black
HEXIM2,black
HEY2,black
HFM1,black
HGSNAT,black
HHEX,black
HHLA3,black
HIAT1,black
HIBCH,black
HIC1,black
HIF1A,black
HIGD2B,black
HINFP,black
HINT1,black
HINT3,black
HIP1,black
HIP1R,black
HIPK1,black
HIRA,black
HIST1H1B,black
HIST1H1E,black
HIST1H2AB,black
HIST1H2AC,black
HIST1H2AK,black
HIST1H2AL,black
HIST1H2AM,black
HIST1H2BD,black
HIST1H2BG,black
HIST1H2BJ,black
HIST1H2BN,black
HIST1H3B,black
HIST1H3C,black
HIST1H3D,black
HIST1H3G,black
HIST1H3I,black
HIST1H4C,black
HIST1H4D,black
HIST1H4E,black
HIST2H2AC,black
HIST2H2BE,black
HIST3H2A,black
HIST3H2BB,black
HIVEP1,black
HIVEP2,black
HIVEP3,black
HLA-B,black
HLA-DOA,black
HLA-DRB1,black
HLA-E,black
HLA-F,black
HLF,black
HLTF,black
HMBOX1,black
HMBS,black
HMGA1,black
HMGB1,black
HMGB2,black
HMGCS1,black
HMGN2,black
HMGN4,black
HMGXB3,black
HMGXB4,black
HMHA1,black
HMX3,black
HN1,black
HN1L,black
HNMT,black
HNRNPA0,black
HNRNPA1,black
HNRNPA2B1,black
HNRNPD,black
HNRNPF,black
HNRNPM,black
HNRNPR,black
HNRNPU,black
HNRNPUL2,black
HNRPA1L-2,black
HNRPDL,black
HNRPLL,black
HOMEZ,black
HOOK2,black
HOOK3,black
HOXA11AS,black
HOXA3,black
HOXA4,black
HOXA5,black
HOXA9,black
HOXB2,black
HOXB3,black
HOXB7,black
HOXC10,black
HOXC13,black
HOXC4,black
HOXC8,black
HOXC9,black
HOXD1,black
HOXD10,black
HPS1,black
HPS3,black
HPSE2,black
HRAS,black
HRK,black
HS2ST1,black
HS3ST2,black
HS3ST3B1,black
HSBP1,black
HSD11B1L,black
HSD17B1,black
HSD17B11,black
HSD17B14,black
HSD17B4,black
HSF4,black
HSP90AA1,black
HSP90AB1,black
HSPA13,black
HSPA14,black
HSPA1A,black
HSPA1L,black
HSPA2,black
HSPA4,black
HSPA4L,black
HSPA7,black
HSPA8,black
HSPB8,black
HSPBP1,black
HSPC072,black
HSPC159,black
HSPD1,black
HSPE1,black
HTATIP2,black
HTR1A,black
HTR2A,black
HTR7,black
HTRA2,black
HUS1,black
HVCN1,black
HYAL3,black
HYDIN,black
HYI,black
HYOU1,black
IBTK,black
ICA1L,black
ICMT,black
ID1,black
ID2,black
ID4,black
IDH1,black
IDH3A,black
IER2,black
IFIT1,black
IFIT5,black
IFNGR1,black
IFNGR2,black
IFRD2,black
IFT172,black
IFT52,black
IFT57,black
IFT80,black
IFT81,black
IFT88,black
IGDCC4,black
IGF1,black
IGF1R,black
IGF2BP1,black
IGFBP2,black
IGFBP3,black
IGFBP5,black
IGLON5,black
IGSF21,black
IGSF22,black
IGSF3,black
IGSF8,black
IHH,black
IKBIP,black
IKBKB,black
IKBKE,black
IKZF2,black
IKZF5,black
IL12RB2,black
IL17RD,black
IL20RA,black
IL27RA,black
IL28RA,black
IL6ST,black
ILK,black
ILVBL,black
IMMT,black
IMP4,black
IMPA1,black
IMPACT,black
IMPDH1,black
IMPG1,black
INCA1,black
ING1,black
ING3,black
ING4,black
ING5,black
INHBB,black
INO80,black
INPP4B,black
INPP5B,black
INPP5E,black
INPP5F,black
INPPL1,black
INS-IGF2,black
INSM1,black
INTS1,black
INTS12,black
INTS3,black
INTS4,black
INTS6,black
INTS9,black
INTU,black
IP6K1,black
IPMK,black
IPO11,black
IPO13,black
IPO4,black
IPO9,black
IPP,black
IQCB1,black
IQCD,black
IQCG,black
IQCH,black
IQGAP1,black
IQGAP3,black
IRAK2,black
IREB2,black
IRF2BP1,black
IRF2BP2,black
IRF3,black
IRF7,black
IRS1,black
IRX2,black
IRX5,black
ISG15,black
ISG20L2,black
ISL1,black
ISLR2,black
ISM2,black
ISOC1,black
ISY1,black
ITFG2,black
ITGA7,black
ITGAE,black
ITGB1,black
ITGB1BP3,black
ITGB3BP,black
ITIH5,black
ITM2B,black
ITM2C,black
ITPR1,black
ITPR3,black
ITSN1,black
IVD,black
IVNS1ABP,black
IWS1,black
JAK1,black
JAKMIP2,black
JAM3,black
JARID2,black
JAZF1,black
JDP2,black
JHDM1D,black
JMJD1C,black
JMJD7,black
JMJD8,black
JMY,black
JPH1,black
JRK,black
JRKL,black
JTB,black
JUN,black
KAAG1,black
KANK4,black
KARS,black
KAT2A,black
KATNAL2,black
KATNB1,black
KBTBD11,black
KBTBD2,black
KBTBD3,black
KBTBD7,black
KCNA1,black
KCNA4,black
KCNA6,black
KCNAB3,black
KCNB2,black
KCNC1,black
KCNC2,black
KCNC3,black
KCND3,black
KCNG1,black
KCNH7,black
KCNH8,black
KCNIP2,black
KCNJ11,black
KCNJ12,black
KCNJ3,black
KCNJ4,black
KCNJ5,black
KCNJ8,black
KCNK10,black
KCNK13,black
KCNK2,black
KCNK4,black
KCNN1,black
KCNN2,black
KCNQ1,black
KCNQ2,black
KCNQ4,black
KCTD1,black
KCTD12,black
KCTD13,black
KCTD2,black
KCTD3,black
KDELC1,black
KDELR1,black
KDM2A,black
KDM3A,black
KDM4A,black
KDM4B,black
KDM4C,black
KDM4D,black
KDM5B,black
KDR,black
KDSR,black
KIAA0090,black
KIAA0101,black
KIAA0182,black
KIAA0195,black
KIAA0226,black
KIAA0247,black
KIAA0317,black
KIAA0319,black
KIAA0355,black
KIAA0427,black
KIAA0494,black
KIAA0528,black
KIAA0776,black
KIAA0907,black
KIAA0947,black
KIAA1012,black
KIAA1024,black
KIAA1033,black
KIAA1161,black
KIAA1239,black
KIAA1310,black
KIAA1370,black
KIAA1407,black
KIAA1409,black
KIAA1429,black
KIAA1530,black
KIAA1539,black
KIAA1712,black
KIAA1715,black
KIAA1804,black
KIAA1826,black
KIAA1841,black
KIAA1875,black
KIAA1949,black
KIAA1967,black
KIAA2013,black
KIF11,black
KIF13B,black
KIF14,black
KIF15,black
KIF17,black
KIF1A,black
KIF1B,black
KIF20B,black
KIF26A,black
KIF2A,black
KIF5C,black
KIF6,black
KIF9,black
KIFC1,black
KIFC3,black
KIRREL3,black
KLC4,black
KLF10,black
KLF12,black
KLF13,black
KLF16,black
KLF3,black
KLF6,black
KLF7,black
KLHDC10,black
KLHDC3,black
KLHDC5,black
KLHDC9,black
KLHL1,black
KLHL17,black
KLHL18,black
KLHL20,black
KLHL22,black
KLHL24,black
KLHL5,black
KLHL7,black
KLK10,black
KLRAQ1,black
KPNA3,black
KPNA4,black
KPNA5,black
KPNB1,black
KRAS,black
KRBA1,black
KRI1,black
KRIT1,black
KRT10,black
KRT222,black
KRTCAP2,black
L3MBTL4,black
LAMP1,black
LAMP3,black
LANCL1,black
LANCL2,black
LAPTM4A,black
LARP1,black
LARP4,black
LARP7,black
LASS2,black
LATS1,black
LATS2,black
LBR,black
LCE2A,black
LCE4A,black
LCLAT1,black
LCP1,black
LDB2,black
LDHA,black
LDHB,black
LDLR,black
LEF1,black
LEKR1,black
LEMD2,black
LEMD3,black
LENG1,black
LEO1,black
LEPR,black
LEPROT,black
LETM2,black
LGALS3,black
LGMN,black
LGR5,black
LHB,black
LHFPL5,black
LHPP,black
LHX5,black
LIG1,black
LIMK1,black
LIMS2,black
LIN28,black
LIN52,black
LIN54,black
LINS1,black
LITAF,black
LIX1L,black
LLGL1,black
LLPH,black
LMAN2,black
LMAN2L,black
LMBR1L,black
LMNA,black
LMO2,black
LMO3,black
LMO4,black
LMTK2,black
LMTK3,black
LMX1A,black
LNPEP,black
LOC100009676,black
LOC100125556,black
LOC100128164,black
LOC100128239,black
LOC100128640,black
LOC100128731,black
LOC100128822,black
LOC100129387,black
LOC100130015,black
LOC100130522,black
LOC100130581,black
LOC100134713,black
LOC100188947,black
LOC100190939,black
LOC100270746,black
LOC100272217,black
LOC100287216,black
LOC100302652,black
LOC100306951,black
LOC100329108,black
LOC143666,black
LOC144571,black
LOC145663,black
LOC145783,black
LOC148189,black
LOC153328,black
LOC219347,black
LOC221710,black
LOC253724,black
LOC256880,black
LOC25845,black
LOC283392,black
LOC283856,black
LOC285456,black
LOC285548,black
LOC285550,black
LOC286016,black
LOC338799,black
LOC344595,black
LOC349114,black
LOC388588,black
LOC388789,black
LOC388796,black
LOC389705,black
LOC400027,black
LOC400657,black
LOC400752,black
LOC401052,black
LOC401397,black
LOC401431,black
LOC404266,black
LOC440839,black
LOC441666,black
LOC552889,black
LOC641298,black
LOC642597,black
LOC642846,black
LOC645323,black
LOC646627,black
LOC646851,black
LOC653113,black
LOC728323,black
LOC729082,black
LOC729156,black
LOC729991-MEF2B,black
LOC93622,black
LONP2,black
LONRF1,black
LONRF2,black
LPAR1,black
LPAR2,black
LPCAT1,black
LPCAT3,black
LPGAT1,black
LPHN2,black
LPPR2,black
LPPR5,black
LQK1,black
LRCH1,black
LRCH3,black
LRFN2,black
LRFN3,black
LRGUK,black
LRIG1,black
LRP10,black
LRP12,black
LRP1B,black
LRP2,black
LRP4,black
LRP5,black
LRPPRC,black
LRRC14,black
LRRC16A,black
LRRC20,black
LRRC23,black
LRRC27,black
LRRC28,black
LRRC29,black
LRRC3,black
LRRC33,black
LRRC37B2,black
LRRC3B,black
LRRC42,black
LRRC43,black
LRRC45,black
LRRC59,black
LRRC61,black
LRRC8C,black
LRRC8D,black
LRRCC1,black
LRRFIP1,black
LRRFIP2,black
LRRIQ3,black
LRSAM1,black
LRTM2,black
LSAMP,black
LSG1,black
LSM1,black
LSM11,black
LSM2,black
LSM3,black
LSM4,black
LSM5,black
LSM6,black
LSR,black
LTA4H,black
LTB,black
LUC7L,black
LUC7L2,black
LY6G5C,black
LY9,black
LYPD6,black
LYPD6B,black
LYPLA1,black
LYRM2,black
LYRM4,black
LYSMD2,black
LYSMD3,black
LYSMD4,black
LZTFL1,black
LZTS2,black
M6PR,black
MACF1,black
MACROD2,black
MAD1L1,black
MAD2L1,black
MADD,black
MAF,black
MAGEF1,black
MAGEL2,black
MAGI1,black
MAGMAS,black
MAGOHB,black
MAK16,black
MALL,black
MALT1,black
MAML2,black
MAML3,black
MAMSTR,black
MAN1A2,black
MANEA,black
MANSC1,black
MAP1LC3A,black
MAP1S,black
MAP2K1,black
MAP3K14,black
MAP3K3,black
MAP3K5,black
MAP3K7,black
MAP3K8,black
MAP3K9,black
MAP4,black
MAP4K4,black
MAP4K5,black
MAP6D1,black
MAPK10,black
MAPK3,black
MAPK7,black
MAPKAP1,black
MAPKAPK2,black
MAPKAPK3,black
MAPKSP1,black
MAPRE1,black
MAPRE3,black
MAPT,black
MAR-01,black
MAR-02,black
MAR-03,black
MAR-07,black
MAR-08,black
MAR-09,black
MARCKS,black
MARK2,black
MARK3,black
MARS,black
MARS2,black
MAST1,black
MAST2,black
MAST4,black
MASTL,black
MAT2A,black
MAT2B,black
MATR3,black
MAVS,black
MAX,black
MBD1,black
MBD2,black
MBLAC1,black
MBLAC2,black
MBNL1,black
MBOAT7,black
MBTPS1,black
MCC,black
MCCC1,black
MCCC2,black
MCF2L,black
MCFD2,black
MCL1,black
MCM10,black
MCM3,black
MCM3APAS,black
MCM5,black
MCM6,black
MCM7,black
MCM8,black
MCM9,black
MCOLN3,black
MCRS1,black
MDC1,black
MDGA1,black
MDH1,black
MDH1B,black
MDM2,black
MDP1,black
MDS2,black
ME2,black
MECOM,black
MECR,black
MED10,black
MED12L,black
MED13L,black
MED16,black
MED18,black
MED19,black
MED23,black
MED25,black
MED28,black
MED29,black
MED6,black
MED7,black
MED8,black
MEF2C,black
MEF2D,black
MEI1,black
MEIS2,black
MEPCE,black
MESDC2,black
METT10D,black
METTL1,black
METTL10,black
METTL14,black
METTL4,black
MEX3C,black
MFAP3,black
MFAP3L,black
MFF,black
MFN1,black
MFSD6,black
MGAT1,black
MGAT3,black
MGC23284,black
MGC42105,black
MGC72080,black
MGMT,black
MGRN1,black
MIAT,black
MIB1,black
MICAL1,black
MICALL2,black
MICB,black
MIER1,black
MIIP,black
MIOS,black
MIPOL1,black
MIR1181,black
MIR124-3,black
MIR1281,black
MIR129-2,black
MIR1292,black
MIR130B,black
MIR191,black
MIR2110,black
MIR301B,black
MIR548G,black
MIR574,black
MIR636,black
MIR638,black
MIR663,black
MIR7-3,black
MIR762,black
MIR886,black
MIS12,black
MKI67,black
MKKS,black
MKL1,black
MKNK2,black
MKRN2,black
MLEC,black
MLF1,black
MLF1IP,black
MLF2,black
MLH1,black
MLH3,black
MLL5,black
MLLT10,black
MLLT3,black
MLLT4,black
MLX,black
MLXIP,black
MLXIPL,black
MMAA,black
MMD,black
MMP15,black
MMP16,black
MMP17,black
MMP24,black
MN1,black
MNAT1,black
MND1,black
MOBKL1B,black
MOCS1,black
MOCS2,black
MOCS3,black
MOGS,black
MON1B,black
MON2,black
MORC2,black
MORC3,black
MORF4L1,black
MORN4,black
MORN5,black
MPDU1,black
MPHOSPH8,black
MPP2,black
MPP5,black
MPP6,black
MPPE1,black
MPST,black
MPV17,black
MPV17L2,black
MPZL1,black
MRAS,black
MRC2,black
MRE11A,black
MREG,black
MRFAP1,black
MRFAP1L1,black
MRI1,black
MRO,black
MRP63,black
MRPL1,black
MRPL11,black
MRPL13,black
MRPL17,black
MRPL20,black
MRPL23,black
MRPL27,black
MRPL28,black
MRPL3,black
MRPL32,black
MRPL35,black
MRPL38,black
MRPL39,black
MRPL42,black
MRPL46,black
MRPL48,black
MRPL52,black
MRPL54,black
MRPS10,black
MRPS11,black
MRPS12,black
MRPS16,black
MRPS18B,black
MRPS18C,black
MRPS24,black
MRPS26,black
MRPS27,black
MRPS28,black
MRPS30,black
MRPS31,black
MRPS35,black
MRPS36,black
MRPS6,black
MRPS9,black
MRS2,black
MSC,black
MSH5,black
MSH6,black
MSI2,black
MSL2,black
MSLN,black
MSRB3,black
MSX1,black
MSX2,black
MT1E,black
MT2A,black
MT3,black
MTA2,black
MTCH2,black
MTERF,black
MTERFD1,black
MTERFD3,black
MTF1,black
MTF2,black
MTFR1,black
MTHFD1,black
MTHFD1L,black
MTHFD2,black
MTHFS,black
MTIF2,black
MTMR12,black
MTMR6,black
MTPAP,black
MTRF1,black
MTRR,black
MTUS1,black
MTX1,black
MUDENG,black
MUL1,black
MX1,black
MXD1,black
MXD4,black
MXI1,black
MYADM,black
MYB,black
MYBL1,black
MYC,black
MYCL1,black
MYCN,black
MYH10,black
MYH9,black
MYL12B,black
MYLIP,black
MYO1C,black
MYO1D,black
MYO1E,black
MYO5A,black
MYO5C,black
MYO6,black
MYO9A,black
MYPOP,black
MYST2,black
MYST3,black
MYT1L,black
MZF1,black
N4BP1,black
N4BP2,black
N4BP2L1,black
N4BP3,black
N6AMT1,black
N6AMT2,black
NAA15,black
NAA16,black
NAA25,black
NAA30,black
NAA35,black
NAA38,black
NAAA,black
NAB2,black
NACA,black
NADSYN1,black
NAE1,black
NAF1,black
NAGA,black
NALCN,black
NANS,black
NAP1L1,black
NAP1L4,black
NAPA,black
NAPB,black
NAPG,black
NARG2,black
NASP,black
NAT10,black
NAT15,black
NAT9,black
NAV2,black
NBAS,black
NBEAL1,black
NBLA00301,black
NBN,black
NBPF1,black
NBR1,black
NBR2,black
NCAN,black
NCAPG,black
NCAPG2,black
NCAPH,black
NCK2,black
NCLN,black
NCOR2,black
NCRNA00085,black
NCRNA00095,black
NCRNA00116,black
NCRNA00120,black
NCRNA00167,black
NCRNA00169,black
NCRNA00173,black
NCRNA00188,black
NDC80,black
NDE1,black
NDEL1,black
NDFIP1,black
NDFIP2,black
NDNL2,black
NDRG1,black
NDRG2,black
NDUFA11,black
NDUFA13,black
NDUFA4,black
NDUFA5,black
NDUFA6,black
NDUFA9,black
NDUFB3,black
NDUFB8,black
NDUFC2,black
NDUFS4,black
NDUFS5,black
NDUFS6,black
NDUFS8,black
NDUFV3,black
NEBL,black
NECAB2,black
NECAP1,black
NECAP2,black
NEDD4,black
NEFM,black
NEIL1,black
NEK1,black
NEK10,black
NEK11,black
NEK2,black
NEK3,black
NEK5,black
NEK9,black
NELL1,black
NELL2,black
NENF,black
NEO1,black
NET1,black
NEU1,black
NEU3,black
NEURL4,black
NEUROD2,black
NEUROG2,black
NEXN,black
NF1,black
NFAT5,black
NFATC1,black
NFATC2,black
NFATC2IP,black
NFATC3,black
NFATC4,black
NFE2L1,black
NFIA,black
NFIB,black
NFIC,black
NFIL3,black
NFIX,black
NFKB1,black
NFKB2,black
NFKBIL1,black
NFKBIL2,black
NFKBIZ,black
NFRKB,black
NFU1,black
NFXL1,black
NFYC,black
NGDN,black
NGRN,black
NHEDC1,black
NHP2L1,black
NIF3L1,black
NIN,black
NINJ1,black
NIP7,black
NIPA1,black
NIPBL,black
NKIRAS1,black
NKIRAS2,black
NKX2-1,black
NKX3-2,black
NKX6-2,black
NKX6-3,black
NLGN1,black
NLN,black
NLRC5,black
NLRP14,black
NLRP3,black
NLRX1,black
NMB,black
NMBR,black
NME1,black
NME3,black
NME5,black
NME7,black
NMNAT1,black
NMT2,black
NMUR1,black
NNT,black
NOC4L,black
NOG,black
NOL11,black
NOL12,black
NOL4,black
NOL8,black
NOM1,black
NOP10,black
NOP16,black
NOP58,black
NOTCH1,black
NOTCH3,black
NOVA1,black
NPAS1,black
NPAS3,black
NPB,black
NPLOC4,black
NPM1,black
NPM3,black
NPR3,black
NPTN,black
NQO1,black
NR1D1,black
NR1H2,black
NR1H3,black
NR2C1,black
NR2C2,black
NR2E1,black
NR2F2,black
NR3C1,black
NR3C2,black
NR4A3,black
NR6A1,black
NRAS,black
NRBF2,black
NRBP1,black
NRBP2,black
NRD1,black
NRF1,black
NRIP1,black
NRIP2,black
NRL,black
NRM,black
NRN1,black
NRSN2,black
NRXN1,black
NSD1,black
NSL1,black
NSMAF,black
NSMCE1,black
NSUN3,black
NSUN4,black
NSUN6,black
NT5C3,black
NTM,black
NTN1,black
NTNG1,black
NTNG2,black
NTRK2,black
NTSR1,black
NUBP1,black
NUBP2,black
NUBPL,black
NUCKS1,black
NUDT21,black
NUDT5,black
NUDT6,black
NUFIP2,black
NUMB,black
NUP107,black
NUP155,black
NUP160,black
NUP205,black
NUP214,black
NUP35,black
NUP54,black
NUP93,black
NUP98,black
NUPL1,black
NUPL2,black
NUSAP1,black
NVL,black
NXF1,black
NXPH1,black
NXT1,black
OAS3,black
OAZ2,black
OBFC2A,black
OBSCN,black
OCA2,black
OCEL1,black
ODF2,black
ODF2L,black
ODF3L1,black
OGDH,black
OGFOD1,black
OGFOD2,black
OGFR,black
OGG1,black
OLFM2,black
OLFM3,black
OMA1,black
ONECUT1,black
ONECUT2,black
OPCML,black
OPN3,black
OPN5,black
OPRK1,black
OR2M2,black
OR4A15,black
OR4K1,black
OR5D13,black
ORC4L,black
OS9,black
OSBP,black
OSBPL11,black
OSBPL1A,black
OSBPL3,black
OSBPL9,black
OSCAR,black
OSCP1,black
OSM,black
OSR2,black
OSTC,black
OSTM1,black
OTOP2,black
OTUD4,black
OTUD6B,black
OTUD7B,black
OTX1,black
OTX2,black
OTX2OS1,black
OVOL1,black
OVOL2,black
OXCT1,black
OXSM,black
OXSR1,black
P4HA1,black
P4HA2,black
P4HA3,black
P4HB,black
P4HTM,black
PA2G4,black
PABPN1,black
PACRGL,black
PAFAH1B3,black
PAFAH2,black
PAG1,black
PAIP2,black
PAIP2B,black
PAK2,black
PAK4,black
PAK6,black
PALM2,black
PAN2,black
PAN3,black
PANK1,black
PANK2,black
PAPOLA,black
PAPOLG,black
PAPPA,black
PAPSS1,black
PARD3,black
PARD6B,black
PARD6G,black
PARL,black
PARM1,black
PARP11,black
PARP16,black
PARP2,black
PARS2,black
PATZ1,black
PAX3,black
PAX7,black
PAX9,black
PBLD,black
PBX2,black
PBX4,black
PC,black
PCBD2,black
PCBP1,black
PCBP2,black
PCBP3,black
PCCA,black
PCCB,black
PCDH10,black
PCDH20,black
PCDH9,black
PCDHA2,black
PCDHA6,black
PCDHA7,black
PCDHAC1,black
PCDHAC2,black
PCDHB1,black
PCDHB10,black
PCDHB16,black
PCDHB18,black
PCDHGA2,black
PCDHGB1,black
PCF11,black
PCGF6,black
PCLO,black
PCM1,black
PCMTD1,black
PCMTD2,black
PCNA,black
PCNX,black
PCNXL3,black
PCOTH,black
PCSK1,black
PCSK2,black
PCSK5,black
PCYOX1,black
PCYOX1L,black
PCYT1A,black
PCYT2,black
PDCD2,black
PDCD4,black
PDCD5,black
PDCD6,black
PDCD7,black
PDCL3,black
PDDC1,black
PDE11A,black
PDE1A,black
PDE2A,black
PDE4A,black
PDE4B,black
PDE4D,black
PDE5A,black
PDE6D,black
PDGFA,black
PDGFRA,black
PDHX,black
PDIK1L,black
PDK2,black
PDPN,black
PDS5A,black
PDS5B,black
PDSS2,black
PDX1,black
PDXP,black
PDZRN3,black
PEBP1,black
PEF1,black
PELI1,black
PELP1,black
PER1,black
PET112L,black
PET117,black
PEX1,black
PEX10,black
PEX13,black
PEX14,black
PEX19,black
PEX5,black
PEX5L,black
PFAS,black
PFDN1,black
PFDN5,black
PFDN6,black
PFKFB2,black
PFKFB3,black
PFN1,black
PFN4,black
PGAP2,black
PGAP3,black
PGBD1,black
PGBD5,black
PGLS,black
PGM3,black
PGR,black
PGRMC2,black
PGS1,black
PHACTR2,black
PHACTR4,black
PHB,black
PHB2,black
PHF1,black
PHF13,black
PHF14,black
PHF17,black
PHF19,black
PHF20,black
PHGDH,black
PHLDA1,black
PHLDB1,black
PHLDB2,black
PHLDB3,black
PHLPP1,black
PHOX2A,black
PHOX2B,black
PHRF1,black
PHTF2,black
PHYH,black
PHYHIPL,black
PI4K2A,black
PI4K2B,black
PIAS1,black
PIAS3,black
PIF1,black
PIGB,black
PIGF,black
PIGG,black
PIGM,black
PIGP,black
PIGQ,black
PIGT,black
PIGU,black
PIGV,black
PIH1D2,black
PIK3CA,black
PIK3IP1,black
PIK3R2,black
PIK3R3,black
PIK3R4,black
PINK1,black
PIP4K2C,black
PIP5K1A,black
PIP5K1B,black
PITPNC1,black
PITX1,black
PITX2,black
PIWIL1,black
PIWIL2,black
PJA2,black
PKIA,black
PKN1,black
PKN2,black
PLA2G12A,black
PLA2G15,black
PLA2G16,black
PLA2G1B,black
PLA2G4C,black
PLA2G6,black
PLA2G7,black
PLAGL1,black
PLAUR,black
PLCD1,black
PLCL1,black
PLCXD2,black
PLD3,black
PLD5,black
PLD6,black
PLEKHA1,black
PLEKHA4,black
PLEKHA5,black
PLEKHB2,black
PLEKHF1,black
PLEKHF2,black
PLEKHG4,black
PLEKHG5,black
PLEKHH1,black
PLEKHH3,black
PLEKHM2,black
PLEKHM3,black
PLEKHO1,black
PLEKHO2,black
PLIN3,black
PLIN5,black
PLK1S1,black
PLK2,black
PLOD1,black
PLOD2,black
PLRG1,black
PLXNA4,black
PLXNC1,black
PMF1,black
PML,black
PMM1,black
PMM2,black
PMP22,black
PMS1,black
PMVK,black
PNKD,black
PNN,black
PNPLA2,black
PNPLA6,black
PNPLA8,black
PNPO,black
PNPT1,black
PNRC2,black
PODNL1,black
POGK,black
POGZ,black
POLB,black
POLD1,black
POLE,black
POLE2,black
POLG,black
POLI,black
POLQ,black
POLR2B,black
POLR2C,black
POLR2E,black
POLR2F,black
POLR2G,black
POLR2K,black
POLR3B,black
POLR3D,black
POLR3E,black
POLR3H,black
POLS,black
POMT1,black
PON2,black
POP1,black
POP5,black
POU2F1,black
POU3F1,black
POU3F2,black
POU3F3,black
POU4F2,black
PPA1,black
PPA2,black
PPAP2A,black
PPAPDC2,black
PPARD,black
PPARGC1A,black
PPARGC1B,black
PPCS,black
PPDPF,black
PPFIA2,black
PPFIA3,black
PPIA,black
PPID,black
PPIG,black
PPIH,black
PPIL2,black
PPIL3,black
PPIL5,black
PPM1B,black
PPM1J,black
PPM1K,black
PPOX,black
PPP1CB,black
PPP1CC,black
PPP1R11,black
PPP1R12A,black
PPP1R12B,black
PPP1R13B,black
PPP1R13L,black
PPP1R14C,black
PPP1R15A,black
PPP1R15B,black
PPP1R16B,black
PPP1R2,black
PPP1R3C,black
PPP1R3E,black
PPP1R7,black
PPP1R8,black
PPP1R9A,black
PPP1R9B,black
PPP2CB,black
PPP2R1A,black
PPP2R1B,black
PPP2R4,black
PPP2R5B,black
PPP2R5C,black
PPP2R5D,black
PPP2R5E,black
PPP3R1,black
PPP3R2,black
PPP4C,black
PPP4R2,black
PPPDE1,black
PPPDE2,black
PPT1,black
PPT2,black
PPTC7,black
PPYR1,black
PQLC1,black
PQLC2,black
PQLC3,black
PRAGMIN,black
PRC1,black
PRDM11,black
PRDM16,black
PRDM2,black
PRDM8,black
PRDM9,black
PRDX3,black
PRDX5,black
PREPL,black
PREX2,black
PRH1,black
PRHOXNB,black
PRICKLE1,black
PRICKLE2,black
PRIM1,black
PRIM2,black
PRKAA2,black
PRKAB2,black
PRKAR1A,black
PRKAR1B,black
PRKAR2A,black
PRKAR2B,black
PRKCE,black
PRKCG,black
PRKCSH,black
PRKG1,black
PRKRIP1,black
PRLR,black
PRMT1,black
PRMT10,black
PRMT2,black
PRMT8,black
PRNP,black
PROK2,black
PROX1,black
PRPF18,black
PRPF19,black
PRPF31,black
PRPF4B,black
PRPH,black
PRPSAP1,black
PRPSAP2,black
PRR13,black
PRR14,black
PRR24,black
PRR3,black
PRR5,black
PRRG4,black
PRRT1,black
PRRT4,black
PRSS22,black
PRTG,black
PRX,black
PSEN1,black
PSENEN,black
PSKH1,black
PSMA3,black
PSMA4,black
PSMA5,black
PSMA6,black
PSMA7,black
PSMB1,black
PSMB2,black
PSMB3,black
PSMB5,black
PSMB6,black
PSMB9,black
PSMC1,black
PSMC2,black
PSMC5,black
PSMD13,black
PSMD6,black
PSMD7,black
PSMD9,black
PSME3,black
PSMF1,black
PSMG1,black
PSMG2,black
PSRC1,black
PTCD2,black
PTCD3,black
PTCH1,black
PTEN,black
PTGER4,black
PTGES3,black
PTGFR,black
PTGFRN,black
PTGS2,black
PTH1R,black
PTHLH,black
PTK2,black
PTMA,black
PTOV1,black
PTPLB,black
PTPN12,black
PTPN13,black
PTPN21,black
PTPN4,black
PTPN5,black
PTPRA,black
PTPRB,black
PTPRF,black
PTPRG,black
PTPRN2,black
PTPRS,black
PTPRT,black
PTS,black
PTTG1,black
PUF60,black
PURA,black
PURG,black
PUS1,black
PUS7,black
PVRL3,black
PWP1,black
PXDN,black
PYCRL,black
PYGL,black
PYROXD1,black
QARS,black
QKI,black
QRFPR,black
QRICH1,black
QTRTD1,black
R3HDM1,black
RAB11B,black
RAB11FIP3,black
RAB11FIP5,black
RAB13,black
RAB18,black
RAB1B,black
RAB21,black
RAB27A,black
RAB28,black
RAB2B,black
RAB30,black
RAB33B,black
RAB35,black
RAB36,black
RAB3C,black
RAB40B,black
RAB43,black
RAB4A,black
RAB4B,black
RAB5B,black
RAB5C,black
RAB6A,black
RAB7A,black
RAB8A,black
RABGAP1,black
RABGGTA,black
RABIF,black
RABL3,black
RACGAP1,black
RAD1,black
RAD18,black
RAD21,black
RAD23B,black
RAD50,black
RAD51AP2,black
RAD52,black
RAD54B,black
RAD54L,black
RAE1,black
RAG1AP1,black
RAG2,black
RAGE,black
RAI1,black
RALGAPA1,black
RALGAPA2,black
RALGPS2,black
RALYL,black
RAMP3,black
RAN,black
RANBP3,black
RAP1GDS1,black
RAP2B,black
RAPGEF6,black
RARA,black
RARB,black
RARG,black
RARRES1,black
RASA1,black
RASA2,black
RASA3,black
RASGEF1B,black
RASGRP1,black
RASGRP2,black
RASL10A,black
RASL10B,black
RASSF1,black
RASSF5,black
RASSF8,black
RB1,black
RBBP5,black
RBL1,black
RBM12B,black
RBM15,black
RBM17,black
RBM20,black
RBM23,black
RBM26,black
RBM27,black
RBM28,black
RBM44,black
RBM47,black
RBM4B,black
RBM6,black
RBM8A,black
RBM9,black
RBMS2,black
RBPJ,black
RBPMS,black
RBX1,black
RCBTB1,black
RCBTB2,black
RCN2,black
RCOR3,black
RCSD1,black
RDH10,black
RDH13,black
RDH14,black
RDM1,black
RDX,black
RECK,black
RECQL4,black
RECQL5,black
REEP2,black
REEP5,black
RELA,black
RELN,black
REPIN1,black
REPS1,black
RERE,black
RERG,black
REST,black
REV1,black
RFC1,black
RFC4,black
RFC5,black
RFFL,black
RFT1,black
RFTN1,black
RFWD3,black
RFX2,black
RFX6,black
RFX7,black
RFXAP,black
RG9MTD1,black
RG9MTD2,black
RGL2,black
RGMA,black
RGMB,black
RGS20,black
RGS4,black
RGS6,black
RHBDD1,black
RHEB,black
RHOG,black
RHOJ,black
RHOQ,black
RIC8B,black
RILPL1,black
RIMKLB,black
RIMS3,black
RIMS4,black
RIN3,black
RING1,black
RIOK2,black
RIPPLY2,black
RLF,black
RNASE4,black
RNASEH2B,black
RNASEH2C,black
RNASEN,black
RND1,black
RND2,black
RND3,black
RNF10,black
RNF103,black
RNF111,black
RNF114,black
RNF121,black
RNF13,black
RNF138,black
RNF139,black
RNF141,black
RNF145,black
RNF146,black
RNF150,black
RNF157,black
RNF160,black
RNF169,black
RNF181,black
RNF185,black
RNF187,black
RNF19B,black
RNF216,black
RNF220,black
RNF26,black
RNF34,black
RNF38,black
RNF41,black
RNF43,black
RNF5P1,black
RNF7,black
RNF8,black
RNFT1,black
RNH1,black
RNPEP,black
RNU12,black
ROBLD3,black
ROCK1,black
ROCK2,black
ROGDI,black
ROMO1,black
RORA,black
RP5-1022P6.2,black
RP9,black
RPA1,black
RPA2,black
RPAIN,black
RPAP3,black
RPF2,black
RPGRIP1L,black
RPH3A,black
RPL13,black
RPL14,black
RPL18AP3,black
RPL19,black
RPL21,black
RPL22,black
RPL23A,black
RPL23AP82,black
RPL24,black
RPL26L1,black
RPL27,black
RPL28,black
RPL30,black
RPL32P3,black
RPL34,black
RPL35A,black
RPL36,black
RPL37,black
RPL41,black
RPL7L1,black
RPL8,black
RPP21,black
RPP38,black
RPP40,black
RPRD1A,black
RPRD1B,black
RPRD2,black
RPS12,black
RPS13,black
RPS16,black
RPS19,black
RPS19BP1,black
RPS20,black
RPS21,black
RPS24,black
RPS25,black
RPS27,black
RPS3,black
RPS3A,black
RPS5,black
RPS6,black
RPS6KA1,black
RPS6KA2,black
RPS6KB2,black
RPS6KC1,black
RPS6KL1,black
RPS9,black
RPSA,black
RPSAP9,black
RPUSD2,black
RPUSD4,black
RQCD1,black
RRAGA,black
RRAGC,black
RRAGD,black
RRAS,black
RRM1,black
RRM2,black
RRP12,black
RRP15,black
RRS1,black
RSL1D1,black
RSPH4A,black
RSPRY1,black
RSRC2,black
RSU1,black
RTBDN,black
RTEL1,black
RTF1,black
RTN1,black
RTN2,black
RTN3,black
RTN4,black
RTN4R,black
RTN4RL2,black
RTTN,black
RUFY1,black
RUFY3,black
RUNDC1,black
RUNX1,black
RWDD1,black
RWDD2A,black
RYR2,black
S100A6,black
S100PBP,black
SAAL1,black
SAE1,black
SAFB2,black
SALL1,black
SALL3,black
SALL4,black
SAMD1,black
SAMD13,black
SAMD4B,black
SAP130,black
SAP30,black
SAP30L,black
SAPS1,black
SAPS3,black
SAR1A,black
SAR1B,black
SARM1,black
SART3,black
SASH1,black
SAT2,black
SATB1,black
SBF1,black
SBK1,black
SC4MOL,black
SCAF1,black
SCAMP3,black
SCAMP5,black
SCAND3,black
SCAP,black
SCARB2,black
SCARF2,black
SCARNA16,black
SCARNA2,black
SCD,black
SCD5,black
SCFD1,black
SCFD2,black
SCLY,black
SCMH1,black
SCN1B,black
SCN3B,black
SCN5A,black
SCOC,black
SCRN1,black
SDAD1,black
SDC2,black
SDC4,black
SDCBP2,black
SDCCAG1,black
SDCCAG3,black
SDF2L1,black
SDHAF1,black
SDR39U1,black
SEC1,black
SEC11A,black
SEC11C,black
SEC14L1,black
SEC14L2,black
SEC14L5,black
SEC16A,black
SEC22B,black
SEC24C,black
SEC31A,black
SEC61A1,black
SEC61A2,black
SEC61G,black
SEC63,black
SEL1L,black
SELK,black
SELM,black
SELO,black
SELV,black
SEMA3C,black
SEMA5A,black
SEMA6A,black
SEMA6C,black
SEMA7A,black
SENP6,black
SENP7,black
SEP-01,black
SEP-02,black
SEP-08,black
SEP-09,black
SEP-10,black
SEP-15,black
SEPHS2,black
SEPW1,black
SEPX1,black
SERBP1,black
SERF2,black
SERHL2,black
SERINC4,black
SERP1,black
SERPINB1,black
SERPINB5,black
SERPINB6,black
SERPINB8,black
SERPINH1,black
SERTAD3,black
SESN2,black
SESN3,black
SETBP1,black
SETD1B,black
SETD3,black
SETD7,black
SETD8,black
SETDB2,black
SF3A3,black
SF3B1,black
SF3B2,black
SF3B3,black
SF3B4,black
SFI1,black
SFMBT2,black
SFPQ,black
SFRP1,black
SFRP5,black
SFRS1,black
SFRS12IP1,black
SFRS13A,black
SFRS13B,black
SFRS18,black
SFRS2B,black
SFRS2IP,black
SFRS3,black
SFRS4,black
SFRS5,black
SFXN4,black
SFXN5,black
SGCB,black
SGIP1,black
SGK3,black
SGOL1,black
SGPL1,black
SGSM3,black
SGTA,black
SGTB,black
SH3BGR,black
SH3BGRL2,black
SH3BGRL3,black
SH3BP4,black
SH3BP5L,black
SH3GL2,black
SH3PXD2B,black
SHANK2,black
SHANK3,black
SHBG,black
SHC4,black
SHCBP1,black
SHF,black
SHISA2,black
SHKBP1,black
SHMT1,black
SHQ1,black
SIAH2,black
SIDT1,black
SIDT2,black
SIGMAR1,black
SIK3,black
SIM1,black
SIM2,black
SIN3A,black
SIP1,black
SIPA1L1,black
SIRT4,black
SIRT5,black
SIRT6,black
SIRT7,black
SIVA1,black
SKA2,black
SKA3,black
SKAP2,black
SKI,black
SKIL,black
SKIV2L2,black
SLAIN1,black
SLC10A7,black
SLC12A5,black
SLC12A6,black
SLC16A1,black
SLC16A10,black
SLC17A5,black
SLC17A7,black
SLC19A2,black
SLC19A3,black
SLC1A2,black
SLC1A5,black
SLC22A15,black
SLC22A18AS,black
SLC22A3,black
SLC23A2,black
SLC24A4,black
SLC24A6,black
SLC25A13,black
SLC25A17,black
SLC25A24,black
SLC25A27,black
SLC25A28,black
SLC25A3,black
SLC25A32,black
SLC25A37,black
SLC25A39,black
SLC25A4,black
SLC25A44,black
SLC25A46,black
SLC26A6,black
SLC27A1,black
SLC27A2,black
SLC27A6,black
SLC28A3,black
SLC29A2,black
SLC2A1,black
SLC2A11,black
SLC2A13,black
SLC30A1,black
SLC30A3,black
SLC30A4,black
SLC30A5,black
SLC30A7,black
SLC35A3,black
SLC35B2,black
SLC35E1,black
SLC35E2,black
SLC35F2,black
SLC35F5,black
SLC36A1,black
SLC37A3,black
SLC37A4,black
SLC38A2,black
SLC39A1,black
SLC39A10,black
SLC39A3,black
SLC39A6,black
SLC39A7,black
SLC39A9,black
SLC41A3,black
SLC44A1,black
SLC46A1,black
SLC48A1,black
SLC4A1AP,black
SLC4A2,black
SLC4A3,black
SLC5A3,black
SLC5A7,black
SLC6A1,black
SLC6A15,black
SLC6A3,black
SLC6A4,black
SLC6A9,black
SLC7A1,black
SLC7A4,black
SLC7A6,black
SLC8A1,black
SLC8A3,black
SLC9A1,black
SLC9A3R1,black
SLC9A8,black
SLC9A9,black
SLCO3A1,black
SLCO5A1,black
SLFN13,black
SLFN5,black
SLIT3,black
SLITRK1,black
SLITRK3,black
SLITRK5,black
SLTM,black
SMAD1,black
SMAD2,black
SMAD6,black
SMAD9,black
SMARCA2,black
SMARCA5,black
SMARCAD1,black
SMARCAL1,black
SMARCD2,black
SMARCD3,black
SMARCE1,black
SMC2,black
SMC5,black
SMCHD1,black
SMCR7L,black
SMEK1,black
SMEK2,black
SMG6,black
SMG7,black
SMNDC1,black
SMPD3,black
SMTN,black
SMTNL2,black
SMUG1,black
SMYD3,black
SNAP23,black
SNAP25,black
SNAP47,black
SNAP91,black
SNAPC3,black
SNCA,black
SNCAIP,black
SND1,black
SNED1,black
SNF8,black
SNHG11,black
SNHG5,black
SNIP1,black
SNORA26,black
SNORA39,black
SNORA76,black
SNORD115-15,black
SNORD2,black
SNORD27,black
SNORD43,black
SNORD45C,black
SNORD50B,black
SNORD74,black
SNPH,black
SNRK,black
SNRNP25,black
SNRNP35,black
SNRPB2,black
SNRPE,black
SNRPG,black
SNTB1,black
SNTB2,black
SNTG1,black
SNX1,black
SNX10,black
SNX11,black
SNX15,black
SNX19,black
SNX24,black
SNX26,black
SNX3,black
SNX4,black
SNX6,black
SNX7,black
SNX9,black
SOAT1,black
SOBP,black
SOCS1,black
SOCS2,black
SOCS4,black
SON,black
SORBS3,black
SORCS1,black
SORCS3,black
SORD,black
SORT1,black
SOS1,black
SOS2,black
SOX11,black
SOX12,black
SOX18,black
SOX2OT,black
SOX4,black
SOX5,black
SOX8,black
SP1,black
SP2,black
SPAG1,black
SPAG17,black
SPAG7,black
SPAG9,black
SPAST,black
SPATA1,black
SPATA13,black
SPATA17,black
SPATA24,black
SPATA5,black
SPATA5L1,black
SPATA6,black
SPATA7,black
SPATS2,black
SPC24,black
SPCS3,black
SPEF1,black
SPEF2,black
SPEG,black
SPEN,black
SPG11,black
SPG20,black
SPG21,black
SPG7,black
SPHK1,black
SPIB,black
SPIN1,black
SPINT2,black
SPNS1,black
SPNS2,black
SPOCK2,black
SPPL2A,black
SPPL3,black
SPRED1,black
SPRY1,black
SPRY2,black
SPRYD4,black
SPSB3,black
SPTBN4,black
SPTY2D1,black
SQSTM1,black
SR140,black
SRA1,black
SRCIN1,black
SRCRB4D,black
SRD5A3,black
SREBF1,black
SRF,black
SRFBP1,black
SRI,black
SRM,black
SRP19,black
SRP68,black
SRPK1,black
SRPRB,black
SRR,black
SRRM3,black
SRRM4,black
SRRT,black
SS18L1,black
SSBP1,black
SSPN,black
SSRP1,black
SST,black
SSU72,black
ST13,black
ST3GAL2,black
ST3GAL3,black
ST3GAL4,black
ST3GAL5,black
ST6GAL2,black
ST6GALNAC5,black
ST7,black
ST8SIA2,black
ST8SIA4,black
STAG1,black
STAM,black
STARD10,black
STARD13,black
STARD3NL,black
STARD4,black
STARD7,black
STARD9,black
STAT3,black
STAT5B,black
STAU2,black
STBD1,black
STC1,black
STC2,black
STEAP2,black
STIL,black
STIM1,black
STIM2,black
STIP1,black
STK11,black
STK11IP,black
STK17A,black
STK17B,black
STK19,black
STK32B,black
STK35,black
STK36,black
STK38,black
STK38L,black
STK39,black
STK4,black
STK40,black
STMN2,black
STOX2,black
STRA13,black
STRN3,black
STUB1,black
STX11,black
STX12,black
STX16,black
STX18,black
STX2,black
STX7,black
STXBP5L,black
SUB1,black
SUCLG1,black
SUGT1,black
SUGT1P1,black
SULF2,black
SULT4A1,black
SUMO1,black
SUMO2,black
SUOX,black
SUPT16H,black
SUPT4H1,black
SUPT5H,black
SUPT6H,black
SUPV3L1,black
SUV420H1,black
SUV420H2,black
SV2B,black
SVEP1,black
SVIP,black
SYCP1,black
SYF2,black
SYN3,black
SYNCRIP,black
SYNGAP1,black
SYNPO2,black
SYNPO2L,black
SYNPR,black
SYNRG,black
SYT11,black
SYT14,black
SYT8,black
SYT9,black
SYTL2,black
SYVN1,black
TACO1,black
TACR2,black
TAF10,black
TAF11,black
TAF12,black
TAF1A,black
TAF1B,black
TAF1C,black
TAF2,black
TAF3,black
TAF9,black
TAGLN2,black
TAL1,black
TANK,black
TAOK1,black
TAOK2,black
TAP2,black
TAPBP,black
TAPBPL,black
TARBP1,black
TARBP2,black
TARS2,black
TATDN1,black
TAX1BP1,black
TBC1D1,black
TBC1D10A,black
TBC1D10B,black
TBC1D14,black
TBC1D15,black
TBC1D20,black
TBC1D24,black
TBC1D2B,black
TBC1D9,black
TBC1D9B,black
TBCCD1,black
TBCD,black
TBCE,black
TBK1,black
TBKBP1,black
TBL2,black
TBPL1,black
TBRG1,black
TBRG4,black
TBX18,black
TBXAS1,black
TCEA1,black
TCEA2,black
TCERG1,black
TCF4,black
TCF7,black
TCF7L1,black
TCF7L2,black
TCOF1,black
TCP1,black
TCP11L1,black
TCTA,black
TCTN2,black
TDP1,black
TDRD12,black
TDRKH,black
TECR,black
TECTA,black
TEKT3,black
TEPP,black
TERF1,black
TET1,black
TEX10,black
TEX14,black
TEX2,black
TFAM,black
TFAP2D,black
TFB1M,black
TFCP2,black
TFDP1,black
TFIP11,black
TGDS,black
TGFB1I1,black
TGFB2,black
TGFB3,black
TGM2,black
THAP1,black
THAP3,black
THAP5,black
THAP6,black
THAP8,black
THBS1,black
THG1L,black
THNSL2,black
THOP1,black
THRAP3,black
THRB,black
THSD1P,black
THUMPD3,black
TIA1,black
TIAM1,black
TIGD1,black
TIMM10,black
TIMM17A,black
TIMM8B,black
TIMM9,black
TIMP2,black
TINF2,black
TIPARP,black
TIPIN,black
TIPRL,black
TJAP1,black
TJP1,black
TJP2,black
TKT,black
TLCD1,black
TLCD2,black
TLE3,black
TLE4,black
TLL1,black
TLL2,black
TLN1,black
TLR10,black
TLX3,black
TM2D3,black
TM9SF3,black
TMBIM6,black
TMC4,black
TMCC1,black
TMCC2,black
TMCO1,black
TMCO4,black
TMCO7,black
TMED1,black
TMED10,black
TMED2,black
TMED5,black
TMED7,black
TMED9,black
TMEM104,black
TMEM106B,black
TMEM108,black
TMEM109,black
TMEM11,black
TMEM116,black
TMEM121,black
TMEM123,black
TMEM126A,black
TMEM128,black
TMEM132C,black
TMEM134,black
TMEM138,black
TMEM144,black
TMEM146,black
TMEM149,black
TMEM14B,black
TMEM150C,black
TMEM154,black
TMEM161A,black
TMEM161B,black
TMEM167A,black
TMEM168,black
TMEM17,black
TMEM170A,black
TMEM170B,black
TMEM175,black
TMEM18,black
TMEM181,black
TMEM184B,black
TMEM184C,black
TMEM188,black
TMEM192,black
TMEM194A,black
TMEM199,black
TMEM201,black
TMEM206,black
TMEM216,black
TMEM220,black
TMEM229B,black
TMEM231,black
TMEM232,black
TMEM38A,black
TMEM39B,black
TMEM41B,black
TMEM44,black
TMEM48,black
TMEM5,black
TMEM51,black
TMEM52,black
TMEM55A,black
TMEM55B,black
TMEM59,black
TMEM62,black
TMEM65,black
TMEM66,black
TMEM67,black
TMEM85,black
TMEM87A,black
TMEM87B,black
TMEM9,black
TMEM90A,black
TMEM91,black
TMEM92,black
TMEM93,black
TMEM97,black
TMEM9B,black
TMOD3,black
TMPO,black
TMSB10,black
TMTC2,black
TMX1,black
TMX4,black
TNC,black
TNFAIP3,black
TNFAIP8L1,black
TNFRSF11B,black
TNFRSF19,black
TNFRSF1B,black
TNFRSF21,black
TNIK,black
TNIP1,black
TNK2,black
TNKS,black
TNKS1BP1,black
TNPO1,black
TNRC18,black
TNRC6B,black
TOB2,black
TOM1,black
TOM1L2,black
TOMM34,black
TOMM7,black
TOP1,black
TOP1MT,black
TOP2A,black
TOP2B,black
TOP3B,black
TOR1AIP1,black
TOX2,black
TP53,black
TP53BP1,black
TP53INP1,black
TP53INP2,black
TP53RK,black
TPBG,black
TPD52L1,black
TPD52L2,black
TPI1,black
TPK1,black
TPM1,black
TPM3,black
TPPP,black
TPRA1,black
TPST1,black
TPST2,black
TPT1,black
TPX2,black
TRA2A,black
TRADD,black
TRAF4,black
TRAFD1,black
TRAIP,black
TRAK1,black
TRAM1L1,black
TRAP1,black
TRAPPC3,black
TRAPPC5,black
TRAPPC6B,black
TRDMT1,black
TRERF1,black
TREX1,black
TRHDE,black
TRIB1,black
TRIB2,black
TRIL,black
TRIM10,black
TRIM26,black
TRIM27,black
TRIM36,black
TRIM39,black
TRIM41,black
TRIM45,black
TRIM46,black
TRIM68,black
TRIM7,black
TRIM71,black
TRIM8,black
TRIM9,black
TRIOBP,black
TRIP10,black
TRIP12,black
TRIP13,black
TRIP4,black
TRMT1,black
TRMT11,black
TRMT2A,black
TRMT61B,black
TRMU,black
TRNP1,black
TROAP,black
TRPC1,black
TRPC3,black
TRPC6,black
TRPM4,black
TRPS1,black
TRRAP,black
TSC1,black
TSC2,black
TSC22D1,black
TSC22D2,black
TSEN15,black
TSEN2,black
TSFM,black
TSG101,black
TSGA13,black
TSHZ3,black
TSNAX-DISC1,black
TSNAXIP1,black
TSPAN11,black
TSPAN14,black
TSPAN15,black
TSPAN19,black
TSPAN2,black
TSPAN3,black
TSPAN5,black
TSPYL4,black
TSR1,black
TSSC1,black
TSSC4,black
TSTD2,black
TTBK1,black
TTC13,black
TTC15,black
TTC16,black
TTC18,black
TTC25,black
TTC27,black
TTC28,black
TTC30B,black
TTC31,black
TTC32,black
TTC33,black
TTC35,black
TTC38,black
TTC39C,black
TTC5,black
TTC9B,black
TTC9C,black
TTF2,black
TTLL13,black
TTLL3,black
TTLL5,black
TTLL6,black
TTPAL,black
TTYH1,black
TUBA1A,black
TUBB,black
TUBB3,black
TUBB4,black
TUBD1,black
TUBGCP3,black
TUBGCP4,black
TUBGCP6,black
TUFM,black
TULP2,black
TULP3,black
TUSC4,black
TWF1,black
TWSG1,black
TXLNA,black
TXNDC11,black
TXNDC12,black
TXNDC15,black
TXNDC17,black
TXNDC9,black
TXNIP,black
TXNL1,black
TXNL4A,black
TXNL4B,black
TXNRD1,black
TXNRD2,black
TYK2,black
TYRO3,black
TYW1,black
UAP1,black
UBA2,black
UBA3,black
UBA5,black
UBA52,black
UBAC1,black
UBAC2,black
UBAP2L,black
UBASH3B,black
UBC,black
UBE2B,black
UBE2D1,black
UBE2D2,black
UBE2G1,black
UBE2M,black
UBE2N,black
UBE2Q1,black
UBE2Q2,black
UBE2QP1,black
UBE2T,black
UBE3A,black
UBE4A,black
UBL3,black
UBL5,black
UBLCP1,black
UBP1,black
UBQLN1,black
UBR2,black
UBR3,black
UBTF,black
UBXN1,black
UBXN2A,black
UCHL1,black
UCHL3,black
UCK2,black
UCRC,black
UEVLD,black
UFC1,black
UFM1,black
UFSP1,black
UFSP2,black
UGCG,black
UGDH,black
UGGT1,black
UGP2,black
UHMK1,black
UHRF1,black
UMODL1,black
UNC13A,black
UNC13B,black
UNC45A,black
UNC50,black
UNC84A,black
UNC84B,black
UNKL,black
UPF1,black
UPF2,black
UQCR,black
UQCRC1,black
UQCRC2,black
UQCRFS1,black
USF1,black
USF2,black
USO1,black
USP1,black
USP12,black
USP2,black
USP22,black
USP24,black
USP30,black
USP33,black
USP36,black
USP39,black
USP43,black
USP48,black
USP49,black
USP5,black
USP7,black
USP8,black
USPL1,black
UST,black
UTF1,black
UTP15,black
UTP20,black
UTP3,black
UTP6,black
UVRAG,black
UXS1,black
VAC14,black
VAMP1,black
VAMP2,black
VAMP4,black
VAPB,black
VARS2,black
VASH1,black
VASP,black
VAT1,black
VAT1L,black
VAX2,black
VCP,black
VCPIP1,black
VDR,black
VGLL2,black
VGLL4,black
VIPR1,black
VKORC1,black
VLDLR,black
VPRBP,black
VPS11,black
VPS13C,black
VPS18,black
VPS26A,black
VPS29,black
VPS33A,black
VPS33B,black
VPS37A,black
VPS37C,black
VPS45,black
VPS4B,black
VPS52,black
VPS53,black
VPS54,black
VPS72,black
VPS8,black
VRK1,black
VRK3,black
VSIG10,black
VSX1,black
VTA1,black
VTI1B,black
VTRNA1-1,black
VWA5B1,black
VWC2,black
WAC,black
WASF2,black
WASL,black
WBP11,black
WBP2,black
WBSCR16,black
WBSCR22,black
WBSCR27,black
WDFY2,black
WDHD1,black
WDR16,black
WDR18,black
WDR25,black
WDR27,black
WDR47,black
WDR48,black
WDR5,black
WDR51A,black
WDR54,black
WDR59,black
WDR5B,black
WDR60,black
WDR62,black
WDR63,black
WDR65,black
WDR66,black
WDR67,black
WDR69,black
WDR7,black
WDR75,black
WDR81,black
WDR82,black
WDR86,black
WDR87,black
WDR90,black
WDR92,black
WDR93,black
WDTC1,black
WEE1,black
WIBG,black
WIPF2,black
WIZ,black
WNK1,black
WNK4,black
WNT5A,black
WNT9B,black
WRAP53,black
WRB,black
WRNIP1,black
WSB1,black
WSCD1,black
WTAP,black
WWP1,black
XAB2,black
XBP1,black
XKR5,black
XKR9,black
XPNPEP1,black
XPO1,black
XPO6,black
XPO7,black
XPR1,black
XRCC1,black
XRCC4,black
XRCC5,black
XYLT1,black
YBX1,black
YDJC,black
YEATS4,black
YES1,black
YIPF5,black
YKT6,black
YLPM1,black
YPEL2,black
YPEL5,black
YTHDF3,black
YWHAZ,black
YY1AP1,black
ZBTB10,black
ZBTB11,black
ZBTB12,black
ZBTB20,black
ZBTB24,black
ZBTB3,black
ZBTB39,black
ZBTB4,black
ZBTB44,black
ZBTB5,black
ZBTB7A,black
ZBTB8B,black
ZBTB9,black
ZC3H10,black
ZC3H11A,black
ZC3H12C,black
ZC3H13,black
ZC3H14,black
ZC3H15,black
ZC3H4,black
ZC3H6,black
ZC3HC1,black
ZCCHC17,black
ZCCHC2,black
ZCCHC24,black
ZCCHC3,black
ZCCHC6,black
ZCCHC7,black
ZDHHC13,black
ZDHHC14,black
ZDHHC16,black
ZDHHC21,black
ZDHHC24,black
ZEB2,black
ZFAND1,black
ZFAND3,black
ZFAND5,black
ZFAT,black
ZFC3H1,black
ZFHX4,black
ZFP112,black
ZFP2,black
ZFP28,black
ZFP36,black
ZFP36L1,black
ZFP41,black
ZFP64,black
ZFPL1,black
ZFR,black
ZFR2,black
ZFYVE16,black
ZFYVE19,black
ZFYVE20,black
ZFYVE26,black
ZFYVE27,black
ZFYVE28,black
ZFYVE9,black
ZHX1,black
ZHX2,black
ZIC1,black
ZIC4,black
ZKSCAN2,black
ZKSCAN4,black
ZKSCAN5,black
ZMAT2,black
ZMAT3,black
ZMIZ1,black
ZMIZ2,black
ZMPSTE24,black
ZMYM1,black
ZMYM2,black
ZMYM6,black
ZMYND11,black
ZMYND8,black
ZNF10,black
ZNF114,black
ZNF12,black
ZNF133,black
ZNF134,black
ZNF135,black
ZNF138,black
ZNF140,black
ZNF141,black
ZNF143,black
ZNF16,black
ZNF169,black
ZNF17,black
ZNF174,black
ZNF175,black
ZNF18,black
ZNF180,black
ZNF19,black
ZNF192,black
ZNF195,black
ZNF197,black
ZNF200,black
ZNF207,black
ZNF213,black
ZNF214,black
ZNF219,black
ZNF221,black
ZNF224,black
ZNF225,black
ZNF226,black
ZNF227,black
ZNF229,black
ZNF23,black
ZNF230,black
ZNF232,black
ZNF234,black
ZNF238,black
ZNF24,black
ZNF248,black
ZNF25,black
ZNF250,black
ZNF252,black
ZNF254,black
ZNF257,black
ZNF259,black
ZNF260,black
ZNF264,black
ZNF266,black
ZNF267,black
ZNF271,black
ZNF276,black
ZNF295,black
ZNF296,black
ZNF3,black
ZNF30,black
ZNF302,black
ZNF311,black
ZNF317,black
ZNF318,black
ZNF322A,black
ZNF323,black
ZNF324,black
ZNF330,black
ZNF331,black
ZNF337,black
ZNF33A,black
ZNF33B,black
ZNF343,black
ZNF345,black
ZNF346,black
ZNF35,black
ZNF350,black
ZNF354C,black
ZNF362,black
ZNF365,black
ZNF367,black
ZNF37B,black
ZNF384,black
ZNF394,black
ZNF396,black
ZNF397,black
ZNF397OS,black
ZNF398,black
ZNF408,black
ZNF410,black
ZNF416,black
ZNF426,black
ZNF433,black
ZNF440,black
ZNF461,black
ZNF492,black
ZNF493,black
ZNF501,black
ZNF502,black
ZNF509,black
ZNF510,black
ZNF511,black
ZNF512,black
ZNF513,black
ZNF517,black
ZNF521,black
ZNF527,black
ZNF529,black
ZNF540,black
ZNF542,black
ZNF543,black
ZNF544,black
ZNF548,black
ZNF554,black
ZNF561,black
ZNF562,black
ZNF57,black
ZNF570,black
ZNF572,black
ZNF580,black
ZNF584,black
ZNF585B,black
ZNF589,black
ZNF598,black
ZNF599,black
ZNF600,black
ZNF606,black
ZNF613,black
ZNF614,black
ZNF615,black
ZNF618,black
ZNF624,black
ZNF628,black
ZNF642,black
ZNF643,black
ZNF644,black
ZNF646,black
ZNF652,black
ZNF653,black
ZNF664,black
ZNF671,black
ZNF678,black
ZNF680,black
ZNF682,black
ZNF684,black
ZNF69,black
ZNF691,black
ZNF692,black
ZNF695,black
ZNF696,black
ZNF708,black
ZNF709,black
ZNF720,black
ZNF721,black
ZNF74,black
ZNF749,black
ZNF76,black
ZNF761,black
ZNF764,black
ZNF766,black
ZNF767,black
ZNF771,black
ZNF777,black
ZNF780A,black
ZNF780B,black
ZNF784,black
ZNF79,black
ZNF790,black
ZNF792,black
ZNF793,black
ZNF8,black
ZNF804A,black
ZNF804B,black
ZNF805,black
ZNF808,black
ZNF821,black
ZNF823,black
ZNF828,black
ZNF83,black
ZNF830,black
ZNF831,black
ZNF833,black
ZNF837,black
ZNF843,black
ZNF844,black
ZNF85,black
ZNF878,black
ZNHIT1,black
ZNHIT2,black
ZNHIT3,black
ZNHIT6,black
ZNRD1,black
ZNRF1,black
ZPBP,black
ZRANB2,black
ZSCAN1,black
ZSCAN18,black
ZSCAN21,black
ZSCAN22,black
ZSCAN23,black
ZSWIM2,black
ZSWIM6,black
ZWILCH,black
ZXDC,black
ZZZ3,black
A1BG,blue
A2BP1,blue
A4GALT,blue
AACS,blue
AAGAB,blue
AARS,blue
AARSD1,blue
AASDH,blue
AATF,blue
ABAT,blue
ABCA1,blue
ABCA3,blue
ABCA5,blue
ABCA7,blue
ABCB4,blue
ABCB6,blue
ABCB8,blue
ABCB9,blue
ABCC3,blue
ABCC4,blue
ABCC5,blue
ABCC8,blue
ABCD3,blue
ABCE1,blue
ABCF1,blue
ABCF3,blue
ABCG1,blue
ABCG2,blue
ABHD12,blue
ABHD2,blue
ABHD4,blue
ABHD5,blue
ABI1,blue
ABI2,blue
ABI3,blue
ABL1,blue
ABL2,blue
ABLIM1,blue
ABLIM2,blue
ABLIM3,blue
ABR,blue
ABT1,blue
ABTB2,blue
ACACA,blue
ACAD10,blue
ACAD11,blue
ACADL,blue
ACADM,blue
ACAT1,blue
ACBD3,blue
ACBD4,blue
ACBD5,blue
ACBD6,blue
ACBD7,blue
ACCN1,blue
ACER2,blue
ACHE,blue
ACIN1,blue
ACLY,blue
ACN9,blue
ACO2,blue
ACOT13,blue
ACOT7,blue
ACOX3,blue
ACOXL,blue
ACP1,blue
ACP6,blue
ACPL2,blue
ACSF2,blue
ACSF3,blue
ACSL1,blue
ACSL3,blue
ACSL6,blue
ACSS2,blue
ACTB,blue
ACTG1,blue
ACTL6A,blue
ACTN4,blue
ACTR10,blue
ACTR1A,blue
ACTR1B,blue
ACTR2,blue
ACTR6,blue
ACTR8,blue
ACVR1,blue
ACVR1C,blue
ACVR2A,blue
ACYP1,blue
ADAL,blue
ADAM10,blue
ADAM15,blue
ADAM17,blue
ADAM22,blue
ADAM23,blue
ADAMTS1,blue
ADAMTS17,blue
ADAMTS18,blue
ADAMTS19,blue
ADAMTS2,blue
ADAMTS3,blue
ADAMTS5,blue
ADAMTS6,blue
ADAMTS9,blue
ADAMTSL4,blue
ADAR,blue
ADARB2,blue
ADAT1,blue
ADAT2,blue
ADC,blue
ADCY4,blue
ADCY5,blue
ADD1,blue
ADD2,blue
ADD3,blue
ADH5,blue
ADHFE1,blue
ADIPOR1,blue
ADIPOR2,blue
ADK,blue
ADM,blue
ADNP,blue
ADO,blue
ADORA2B,blue
ADPGK,blue
ADPRH,blue
ADPRHL2,blue
ADRA2C,blue
ADRB1,blue
ADRB2,blue
ADRB3,blue
ADRM1,blue
ADSL,blue
AEN,blue
AES,blue
AFAP1,blue
AFAP1L1,blue
AFF1,blue
AFF3,blue
AFF4,blue
AFTPH,blue
AGAP3,blue
AGBL3,blue
AGBL4,blue
AGBL5,blue
AGFG1,blue
AGFG2,blue
AGGF1,blue
AGK,blue
AGL,blue
AGPAT1,blue
AGPAT4,blue
AGPAT5,blue
AGPAT6,blue
AGPAT9,blue
AGPHD1,blue
AGRN,blue
AGTRAP,blue
AGXT2L1,blue
AGXT2L2,blue
AHCY,blue
AHDC1,blue
AHRR,blue
AHSA2,blue
AHSG,blue
AIFM2,blue
AIFM3,blue
AIG1,blue
AIMP1,blue
AIP,blue
AK2,blue
AK3L1,blue
AK7,blue
AKAP1,blue
AKAP13,blue
AKAP5,blue
AKAP6,blue
AKAP7,blue
AKAP8L,blue
AKAP9,blue
AKD1,blue
AKNA,blue
AKR1B1,blue
AKT1S1,blue
AKT2,blue
AKTIP,blue
ALAS1,blue
ALDH16A1,blue
ALDH18A1,blue
ALDH1A3,blue
ALDH1L2,blue
ALDH2,blue
ALDH5A1,blue
ALDH9A1,blue
ALDOA,blue
ALG10B,blue
ALG11,blue
ALG12,blue
ALG14,blue
ALG3,blue
ALG5,blue
ALG8,blue
ALG9,blue
ALK,blue
ALKBH2,blue
ALKBH6,blue
ALKBH8,blue
ALMS1,blue
ALOX12B,blue
ALOXE3,blue
ALPL,blue
ALS2,blue
ALS2CR8,blue
ALX1,blue
AMDHD1,blue
AMDHD2,blue
AMIGO2,blue
AMIGO3,blue
AMN1,blue
AMOTL1,blue
AMOTL2,blue
AMPD3,blue
ANAPC1,blue
ANAPC13,blue
ANAPC2,blue
ANAPC5,blue
ANAPC7,blue
ANG,blue
ANK1,blue
ANKAR,blue
ANKDD1A,blue
ANKFY1,blue
ANKH,blue
ANKHD1,blue
ANKMY1,blue
ANKRD10,blue
ANKRD11,blue
ANKRD12,blue
ANKRD13B,blue
ANKRD13D,blue
ANKRD16,blue
ANKRD22,blue
ANKRD26,blue
ANKRD26P1,blue
ANKRD27,blue
ANKRD28,blue
ANKRD29,blue
ANKRD30B,blue
ANKRD31,blue
ANKRD32,blue
ANKRD34A,blue
ANKRD40,blue
ANKRD5,blue
ANKRD50,blue
ANKRD52,blue
ANKRD54,blue
ANKS1A,blue
ANKS1B,blue
ANKS3,blue
ANKZF1,blue
ANLN,blue
ANO10,blue
ANO2,blue
ANO6,blue
ANO7,blue
ANP32A,blue
ANTXR1,blue
ANXA11,blue
ANXA2,blue
ANXA4,blue
ANXA5,blue
ANXA7,blue
AOX1,blue
AP1AR,blue
AP1B1,blue
AP1G1,blue
AP1G2,blue
AP1M1,blue
AP1M2,blue
AP1S3,blue
AP2M1,blue
AP3B2,blue
AP3M2,blue
AP3S2,blue
AP4E1,blue
APAF1,blue
APBB1,blue
APBB2,blue
APC,blue
APCDD1L,blue
APEH,blue
APH1A,blue
APITD1,blue
APLP1,blue
APOA1,blue
APOA1BP,blue
APP,blue
APPBP2,blue
APPL1,blue
APPL2,blue
APRT,blue
APTX,blue
ARC,blue
ARF3,blue
ARF5,blue
ARF6,blue
ARFGAP1,blue
ARFGAP2,blue
ARFGEF1,blue
ARFGEF2,blue
ARFIP1,blue
ARGLU1,blue
ARHGAP10,blue
ARHGAP12,blue
ARHGAP22,blue
ARHGAP24,blue
ARHGAP26,blue
ARHGEF1,blue
ARHGEF10,blue
ARHGEF12,blue
ARHGEF16,blue
ARHGEF17,blue
ARHGEF18,blue
ARHGEF2,blue
ARHGEF7,blue
ARID1B,blue
ARID2,blue
ARID3B,blue
ARID5B,blue
ARIH1,blue
ARIH2,blue
ARL1,blue
ARL13B,blue
ARL15,blue
ARL16,blue
ARL2,blue
ARL3,blue
ARL4A,blue
ARL4C,blue
ARL4D,blue
ARL5A,blue
ARL5B,blue
ARL5C,blue
ARL6IP1,blue
ARL6IP6,blue
ARL8B,blue
ARMC10,blue
ARMC2,blue
ARMC9,blue
ARNT,blue
ARNTL,blue
ARNTL2,blue
ARPC1B,blue
ARPC3,blue
ARPC5,blue
ARPM1,blue
ARRB2,blue
ARRDC2,blue
ARSA,blue
ARSG,blue
ARSK,blue
ARTN,blue
ARVCF,blue
AS3MT,blue
ASAH1,blue
ASAH2B,blue
ASAP3,blue
ASB1,blue
ASB13,blue
ASB7,blue
ASB8,blue
ASCC1,blue
ASCC2,blue
ASCL1,blue
ASCL2,blue
ASF1B,blue
ASIP,blue
ASNA1,blue
ASNS,blue
ASNSD1,blue
ASPH,blue
ASPHD1,blue
ASPHD2,blue
ASPM,blue
ASPSCR1,blue
ASTN1,blue
ASXL1,blue
ASXL2,blue
ASXL3,blue
ATAD1,blue
ATAD3B,blue
ATAD5,blue
ATCAY,blue
ATF2,blue
ATF3,blue
ATF6,blue
ATF6B,blue
ATF7,blue
ATG12,blue
ATG16L1,blue
ATG2B,blue
ATG4B,blue
ATG4C,blue
ATG4D,blue
ATHL1,blue
ATIC,blue
ATL2,blue
ATM,blue
ATN1,blue
ATOH1,blue
ATOH7,blue
ATOH8,blue
ATOX1,blue
ATP10A,blue
ATP10B,blue
ATP11B,blue
ATP13A2,blue
ATP1A3,blue
ATP1B2,blue
ATP2A2,blue
ATP2C1,blue
ATP5A1,blue
ATP5E,blue
ATP5G1,blue
ATP5G2,blue
ATP5G3,blue
ATP5H,blue
ATP5J,blue
ATP5L,blue
ATP5O,blue
ATP5SL,blue
ATP6V0A1,blue
ATP6V0A2,blue
ATP6V0B,blue
ATP6V0C,blue
ATP6V0D1,blue
ATP6V0E1,blue
ATP6V0E2,blue
ATP6V1A,blue
ATP6V1C1,blue
ATP6V1C2,blue
ATP6V1F,blue
ATP6V1G1,blue
ATP6V1H,blue
ATP8B2,blue
ATP9B,blue
ATPAF2,blue
ATPBD4,blue
ATPIF1,blue
ATR,blue
ATXN1L,blue
ATXN2,blue
ATXN2L,blue
ATXN3,blue
ATXN7,blue
ATXN7L2,blue
AURKA,blue
AURKB,blue
AUTS2,blue
AVEN,blue
AVL9,blue
AVPI1,blue
AXIN1,blue
AZI2,blue
AZIN1,blue
B3GALNT1,blue
B3GALNT2,blue
B3GALT4,blue
B3GAT2,blue
B3GNT2,blue
B3GNT3,blue
B4GALNT1,blue
B4GALNT3,blue
B4GALT2,blue
B4GALT3,blue
B4GALT4,blue
B4GALT5,blue
BACH1,blue
BACH2,blue
BAG2,blue
BAHCC1,blue
BAI2,blue
BAI3,blue
BAIAP3,blue
BAK1,blue
BANF1,blue
BARD1,blue
BAT1,blue
BAT2,blue
BAT2L2,blue
BAT3,blue
BAT4,blue
BAT5,blue
BAX,blue
BAZ1A,blue
BAZ1B,blue
BBC3,blue
BBS10,blue
BBS7,blue
BBS9,blue
BBX,blue
BCAP29,blue
BCAS2,blue
BCAS3,blue
BCAS4,blue
BCAT1,blue
BCCIP,blue
BCDIN3D,blue
BCKDHB,blue
BCL11A,blue
BCL11B,blue
BCL2,blue
BCL2L1,blue
BCL2L11,blue
BCL2L13,blue
BCL2L2,blue
BCL3,blue
BCL6,blue
BCL7A,blue
BCL9,blue
BCLAF1,blue
BCR,blue
BDH1,blue
BDKRB2,blue
BDNF,blue
BDNFOS,blue
BEND6,blue
BEST2,blue
BET1,blue
BFAR,blue
BFSP1,blue
BHLHE22,blue
BHLHE40,blue
BHLHE41,blue
BHMT2,blue
BICD2,blue
BID,blue
BIK,blue
BIN1,blue
BIRC2,blue
BIRC3,blue
BIRC6,blue
BLCAP,blue
BLM,blue
BLMH,blue
BLOC1S1,blue
BLOC1S2,blue
BLOC1S3,blue
BMF,blue
BMI1,blue
BMP2K,blue
BMP4,blue
BMP7,blue
BMP8A,blue
BMP8B,blue
BMPER,blue
BMPR2,blue
BMS1P4,blue
BNIP1,blue
BNIP2,blue
BNIP3,blue
BOD1,blue
BOD1L,blue
BOK,blue
BOLL,blue
BPGM,blue
BPNT1,blue
BRAF,blue
BRCA1,blue
BRCA2,blue
BRD2,blue
BRD8,blue
BRE,blue
BRF1,blue
BRI3,blue
BRI3BP,blue
BRIP1,blue
BRIX1,blue
BRMS1L,blue
BRP44,blue
BRP44L,blue
BRPF1,blue
BRUNOL4,blue
BRUNOL5,blue
BRUNOL6,blue
BRWD1,blue
BSCL2,blue
BSG,blue
BSN,blue
BTBD1,blue
BTBD10,blue
BTBD11,blue
BTBD12,blue
BTBD3,blue
BTBD7,blue
BTBD9,blue
BTF3,blue
BTG1,blue
BTG4,blue
BTN3A3,blue
BTRC,blue
BUB1,blue
BUB1B,blue
BUB3,blue
BUD13,blue
BUD31,blue
BZRAP1,blue
BZW1,blue
BZW2,blue
C10ORF107,blue
C10ORF114,blue
C10ORF137,blue
C10ORF140,blue
C10ORF18,blue
C10ORF2,blue
C10ORF26,blue
C10ORF28,blue
C10ORF32,blue
C10ORF35,blue
C10ORF4,blue
C10ORF58,blue
C10ORF67,blue
C10ORF75,blue
C10ORF76,blue
C10ORF79,blue
C10ORF84,blue
C10ORF93,blue
C11ORF1,blue
C11ORF10,blue
C11ORF17,blue
C11ORF30,blue
C11ORF41,blue
C11ORF46,blue
C11ORF48,blue
C11ORF52,blue
C11ORF54,blue
C11ORF60,blue
C11ORF64,blue
C11ORF65,blue
C11ORF67,blue
C11ORF71,blue
C11ORF73,blue
C11ORF82,blue
C11ORF83,blue
C11ORF84,blue
C11ORF87,blue
C11ORF91,blue
C11ORF95,blue
C12ORF10,blue
C12ORF23,blue
C12ORF39,blue
C12ORF41,blue
C12ORF43,blue
C12ORF45,blue
C12ORF47,blue
C12ORF48,blue
C12ORF49,blue
C12ORF5,blue
C12ORF52,blue
C12ORF57,blue
C12ORF61,blue
C12ORF65,blue
C12ORF72,blue
C12ORF73,blue
C12ORF76,blue
C13ORF1,blue
C13ORF15,blue
C13ORF16,blue
C13ORF18,blue
C13ORF27,blue
C13ORF34,blue
C13ORF36,blue
C13ORF38,blue
C14ORF101,blue
C14ORF106,blue
C14ORF119,blue
C14ORF132,blue
C14ORF133,blue
C14ORF135,blue
C14ORF149,blue
C14ORF156,blue
C14ORF159,blue
C14ORF166,blue
C14ORF178,blue
C14ORF179,blue
C14ORF181,blue
C14ORF2,blue
C14ORF28,blue
C14ORF37,blue
C14ORF39,blue
C14ORF64,blue
C14ORF73,blue
C14ORF80,blue
C15ORF27,blue
C15ORF29,blue
C15ORF33,blue
C15ORF37,blue
C15ORF38,blue
C15ORF39,blue
C15ORF41,blue
C15ORF42,blue
C15ORF57,blue
C15ORF61,blue
C16ORF35,blue
C16ORF42,blue
C16ORF5,blue
C16ORF57,blue
C16ORF58,blue
C16ORF62,blue
C16ORF63,blue
C16ORF67,blue
C16ORF68,blue
C16ORF75,blue
C16ORF80,blue
C16ORF86,blue
C16ORF91,blue
C17ORF100,blue
C17ORF101,blue
C17ORF102,blue
C17ORF103,blue
C17ORF105,blue
C17ORF108,blue
C17ORF28,blue
C17ORF37,blue
C17ORF44,blue
C17ORF48,blue
C17ORF49,blue
C17ORF51,blue
C17ORF62,blue
C17ORF63,blue
C17ORF68,blue
C17ORF71,blue
C17ORF75,blue
C17ORF76,blue
C17ORF79,blue
C17ORF80,blue
C17ORF91,blue
C17ORF95,blue
C17ORF97,blue
C18ORF10,blue
C18ORF21,blue
C18ORF22,blue
C18ORF25,blue
C18ORF55,blue
C18ORF56,blue
C19ORF10,blue
C19ORF24,blue
C19ORF26,blue
C19ORF36,blue
C19ORF39,blue
C19ORF44,blue
C19ORF48,blue
C19ORF51,blue
C19ORF53,blue
C19ORF54,blue
C19ORF56,blue
C19ORF57,blue
C19ORF6,blue
C19ORF60,blue
C19ORF61,blue
C19ORF62,blue
C19ORF63,blue
C1ORF103,blue
C1ORF105,blue
C1ORF107,blue
C1ORF113,blue
C1ORF114,blue
C1ORF122,blue
C1ORF123,blue
C1ORF125,blue
C1ORF131,blue
C1ORF135,blue
C1ORF163,blue
C1ORF170,blue
C1ORF183,blue
C1ORF190,blue
C1ORF198,blue
C1ORF203,blue
C1ORF21,blue
C1ORF212,blue
C1ORF213,blue
C1ORF228,blue
C1ORF25,blue
C1ORF31,blue
C1ORF38,blue
C1ORF51,blue
C1ORF52,blue
C1ORF55,blue
C1ORF57,blue
C1ORF58,blue
C1ORF63,blue
C1ORF69,blue
C1ORF74,blue
C1ORF83,blue
C1ORF84,blue
C1ORF85,blue
C1ORF86,blue
C1ORF9,blue
C1ORF95,blue
C1ORF96,blue
C1QL1,blue
C1QTNF2,blue
C20ORF12,blue
C20ORF160,blue
C20ORF177,blue
C20ORF194,blue
C20ORF199,blue
C20ORF20,blue
C20ORF26,blue
C20ORF27,blue
C20ORF3,blue
C20ORF30,blue
C20ORF4,blue
C20ORF43,blue
C20ORF72,blue
C20ORF94,blue
C20ORF96,blue
C21ORF2,blue
C21ORF29,blue
C21ORF33,blue
C21ORF45,blue
C21ORF57,blue
C21ORF66,blue
C21ORF67,blue
C21ORF91,blue
C22ORF13,blue
C22ORF23,blue
C22ORF24,blue
C22ORF28,blue
C22ORF32,blue
C22ORF36,blue
C22ORF39,blue
C22ORF41,blue
C2CD2,blue
C2CD3,blue
C2CD4C,blue
C2ORF15,blue
C2ORF18,blue
C2ORF28,blue
C2ORF29,blue
C2ORF3,blue
C2ORF42,blue
C2ORF43,blue
C2ORF44,blue
C2ORF49,blue
C2ORF52,blue
C2ORF55,blue
C2ORF60,blue
C2ORF63,blue
C2ORF64,blue
C2ORF67,blue
C2ORF73,blue
C2ORF74,blue
C2ORF76,blue
C2ORF89,blue
C3ORF1,blue
C3ORF10,blue
C3ORF14,blue
C3ORF15,blue
C3ORF21,blue
C3ORF25,blue
C3ORF31,blue
C3ORF33,blue
C3ORF39,blue
C3ORF49,blue
C3ORF50,blue
C3ORF55,blue
C3ORF58,blue
C3ORF70,blue
C3ORF71,blue
C4ORF14,blue
C4ORF22,blue
C4ORF27,blue
C4ORF3,blue
C4ORF33,blue
C4ORF36,blue
C4ORF37,blue
C4ORF39,blue
C4ORF42,blue
C4ORF44,blue
C4ORF46,blue
C4ORF49,blue
C4ORF52,blue
C5ORF13,blue
C5ORF22,blue
C5ORF24,blue
C5ORF28,blue
C5ORF30,blue
C5ORF32,blue
C5ORF34,blue
C5ORF36,blue
C5ORF38,blue
C5ORF41,blue
C5ORF44,blue
C5ORF45,blue
C5ORF49,blue
C5ORF51,blue
C5ORF52,blue
C5ORF54,blue
C5ORF58,blue
C5ORF62,blue
C6ORF10,blue
C6ORF108,blue
C6ORF114,blue
C6ORF115,blue
C6ORF122,blue
C6ORF134,blue
C6ORF136,blue
C6ORF153,blue
C6ORF165,blue
C6ORF173,blue
C6ORF174,blue
C6ORF182,blue
C6ORF192,blue
C6ORF195,blue
C6ORF204,blue
C6ORF211,blue
C6ORF217,blue
C6ORF226,blue
C6ORF26,blue
C6ORF35,blue
C6ORF47,blue
C6ORF48,blue
C6ORF52,blue
C6ORF62,blue
C6ORF64,blue
C6ORF72,blue
C7ORF10,blue
C7ORF13,blue
C7ORF27,blue
C7ORF28A,blue
C7ORF30,blue
C7ORF31,blue
C7ORF38,blue
C7ORF41,blue
C7ORF42,blue
C7ORF44,blue
C7ORF46,blue
C7ORF47,blue
C7ORF49,blue
C7ORF50,blue
C7ORF55,blue
C7ORF58,blue
C7ORF59,blue
C7ORF60,blue
C7ORF68,blue
C8ORF31,blue
C8ORF41,blue
C8ORF45,blue
C8ORF48,blue
C8ORF51,blue
C8ORF55,blue
C8ORF59,blue
C8ORF71,blue
C8ORF73,blue
C8ORF76,blue
C8ORF83,blue
C8ORF84,blue
C8ORFK29,blue
C9ORF103,blue
C9ORF129,blue
C9ORF130,blue
C9ORF142,blue
C9ORF156,blue
C9ORF16,blue
C9ORF167,blue
C9ORF3,blue
C9ORF30,blue
C9ORF37,blue
C9ORF68,blue
C9ORF75,blue
C9ORF80,blue
C9ORF91,blue
C9ORF95,blue
CA10,blue
CA2,blue
CA7,blue
CA8,blue
CABC1,blue
CABLES2,blue
CABYR,blue
CACHD1,blue
CACNA1B,blue
CACNA1C,blue
CACNA1D,blue
CACNA1E,blue
CACNA1G,blue
CACNA2D2,blue
CACNB1,blue
CACNB4,blue
CACNG2,blue
CACNG4,blue
CACYBP,blue
CADM1,blue
CADM2,blue
CADM4,blue
CADPS,blue
CADPS2,blue
CAGE1,blue
CALCA,blue
CALCB,blue
CALCOCO1,blue
CALD1,blue
CALHM1,blue
CALM1,blue
CALM2,blue
CALM3,blue
CALU,blue
CAMK2B,blue
CAMK4,blue
CAMKK1,blue
CAMKK2,blue
CAMKV,blue
CAMLG,blue
CAMSAP1L1,blue
CAMTA1,blue
CAMTA2,blue
CAND1,blue
CAND2,blue
CANX,blue
CAP1,blue
CAPN10,blue
CAPN12,blue
CAPN14,blue
CAPN2,blue
CAPN9,blue
CAPNS1,blue
CAPRIN2,blue
CAPS2,blue
CAPZA2,blue
CAPZB,blue
CARHSP1,blue
CARM1,blue
CARS,blue
CASC3,blue
CASC4,blue
CASC5,blue
CASP6,blue
CASP7,blue
CASP9,blue
CASZ1,blue
CATSPERG,blue
CAV1,blue
CBFA2T2,blue
CBFA2T3,blue
CBFB,blue
CBL,blue
CBLN4,blue
CBR1,blue
CBR3,blue
CBR4,blue
CBX1,blue
CBX6,blue
CC2D1B,blue
CC2D2A,blue
CCAR1,blue
CCBL2,blue
CCDC101,blue
CCDC102B,blue
CCDC104,blue
CCDC106,blue
CCDC109A,blue
CCDC109B,blue
CCDC110,blue
CCDC111,blue
CCDC117,blue
CCDC127,blue
CCDC130,blue
CCDC132,blue
CCDC138,blue
CCDC140,blue
CCDC147,blue
CCDC149,blue
CCDC15,blue
CCDC150,blue
CCDC157,blue
CCDC23,blue
CCDC25,blue
CCDC28A,blue
CCDC3,blue
CCDC33,blue
CCDC34,blue
CCDC38,blue
CCDC39,blue
CCDC40,blue
CCDC43,blue
CCDC45,blue
CCDC46,blue
CCDC49,blue
CCDC50,blue
CCDC51,blue
CCDC52,blue
CCDC55,blue
CCDC59,blue
CCDC6,blue
CCDC61,blue
CCDC62,blue
CCDC64,blue
CCDC64B,blue
CCDC66,blue
CCDC71,blue
CCDC75,blue
CCDC76,blue
CCDC77,blue
CCDC85B,blue
CCDC85C,blue
CCDC87,blue
CCDC88B,blue
CCDC90A,blue
CCDC93,blue
CCDC96,blue
CCDC99,blue
CCHCR1,blue
CCM2,blue
CCNA1,blue
CCNA2,blue
CCND1,blue
CCND2,blue
CCND3,blue
CCNDBP1,blue
CCNF,blue
CCNG1,blue
CCNG2,blue
CCNH,blue
CCNI,blue
CCNJ,blue
CCNJL,blue
CCNT2,blue
CCPG1,blue
CCR10,blue
CCRN4L,blue
CCT2,blue
CCT3,blue
CCT4,blue
CCT6B,blue
CCT6P1,blue
CCT7,blue
CCT8,blue
CD14,blue
CD164L2,blue
CD1D,blue
CD200,blue
CD2BP2,blue
CD38,blue
CD40,blue
CD55,blue
CD59,blue
CD6,blue
CD63,blue
CD81,blue
CD82,blue
CDA,blue
CDADC1,blue
CDC123,blue
CDC14A,blue
CDC14B,blue
CDC16,blue
CDC2,blue
CDC20,blue
CDC20B,blue
CDC23,blue
CDC25B,blue
CDC27,blue
CDC37L1,blue
CDC40,blue
CDC42,blue
CDC42BPG,blue
CDC42EP2,blue
CDC42EP4,blue
CDC42SE1,blue
CDC42SE2,blue
CDC5L,blue
CDC6,blue
CDC7,blue
CDCA2,blue
CDCA4,blue
CDCA8,blue
CDGAP,blue
CDH10,blue
CDH11,blue
CDH13,blue
CDH15,blue
CDH2,blue
CDH23,blue
CDH3,blue
CDH7,blue
CDH8,blue
CDK11B,blue
CDK12,blue
CDK13,blue
CDK17,blue
CDK18,blue
CDK5,blue
CDK5R1,blue
CDK5R2,blue
CDK5RAP1,blue
CDK5RAP3,blue
CDK6,blue
CDK7,blue
CDK8,blue
CDKAL1,blue
CDKL1,blue
CDKL2,blue
CDKN1A,blue
CDKN2AIP,blue
CDKN2C,blue
CDKN2D,blue
CDO1,blue
CDR2,blue
CDS1,blue
CDT1,blue
CDV3,blue
CDYL2,blue
CEBPB,blue
CEBPG,blue
CEBPZ,blue
CECR2,blue
CECR5,blue
CELSR1,blue
CEND1,blue
CENPA,blue
CENPE,blue
CENPF,blue
CENPH,blue
CENPJ,blue
CENPL,blue
CENPN,blue
CENPQ,blue
CENPT,blue
CEP120,blue
CEP152,blue
CEP192,blue
CEP250,blue
CEP350,blue
CEP55,blue
CEP57,blue
CEP63,blue
CEP68,blue
CEP70,blue
CEP72,blue
CEP97,blue
CEPT1,blue
CERCAM,blue
CERKL,blue
CETN3,blue
CFD,blue
CFDP1,blue
CFL1,blue
CFL2,blue
CFLAR,blue
CGB7,blue
CGN,blue
CHAC1,blue
CHAD,blue
CHAF1A,blue
CHAT,blue
CHCHD10,blue
CHCHD5,blue
CHCHD6,blue
CHCHD8,blue
CHD1,blue
CHD1L,blue
CHD2,blue
CHD4,blue
CHD6,blue
CHD8,blue
CHEK1,blue
CHEK2,blue
CHFR,blue
CHGA,blue
CHI3L1,blue
CHID1,blue
CHKB-CPT1B,blue
CHMP1A,blue
CHMP1B,blue
CHMP2A,blue
CHMP4A,blue
CHMP6,blue
CHMP7,blue
CHORDC1,blue
CHPF2,blue
CHPT1,blue
CHRAC1,blue
CHRM2,blue
CHRM5,blue
CHRNA4,blue
CHRNA7,blue
CHST1,blue
CHST11,blue
CHST12,blue
CHST13,blue
CHST3,blue
CHST6,blue
CHSY1,blue
CHUK,blue
CHURC1,blue
CIC,blue
CINP,blue
CIR1,blue
CIRBP,blue
CITED2,blue
CKAP2L,blue
CKAP5,blue
CKB,blue
CKS2,blue
CLASP1,blue
CLCC1,blue
CLCN3,blue
CLDN1,blue
CLDN10,blue
CLDN11,blue
CLDND1,blue
CLEC16A,blue
CLGN,blue
CLIC4,blue
CLIC5,blue
CLINT1,blue
CLIP2,blue
CLIP4,blue
CLK1,blue
CLK2,blue
CLK3,blue
CLK4,blue
CLN3,blue
CLN5,blue
CLN6,blue
CLNS1A,blue
CLOCK,blue
CLP1,blue
CLPTM1,blue
CLPTM1L,blue
CLPX,blue
CLSPN,blue
CLSTN1,blue
CLSTN2,blue
CLSTN3,blue
CLTC,blue
CLTCL1,blue
CLU,blue
CLUL1,blue
CLVS2,blue
CLYBL,blue
CMAS,blue
CMBL,blue
CMC1,blue
CMIP,blue
CMTM1,blue
CMTM4,blue
CMTM6,blue
CNDP2,blue
CNIH,blue
CNIH2,blue
CNN3,blue
CNNM3,blue
CNNM4,blue
CNOT1,blue
CNOT10,blue
CNOT2,blue
CNOT3,blue
CNOT4,blue
CNOT6,blue
CNP,blue
CNR1,blue
CNST,blue
CNTN5,blue
CNTNAP1,blue
CNTNAP2,blue
COASY,blue
COBL,blue
COBLL1,blue
COG1,blue
COG3,blue
COG6,blue
COG7,blue
COG8,blue
COL11A1,blue
COL12A1,blue
COL13A1,blue
COL23A1,blue
COL24A1,blue
COL25A1,blue
COL2A1,blue
COL4A1,blue
COL4A3BP,blue
COL5A1,blue
COL5A3,blue
COL6A1,blue
COL7A1,blue
COL9A3,blue
COLEC11,blue
COMMD1,blue
COMMD10,blue
COMMD4,blue
COMMD9,blue
COMP,blue
COPA,blue
COPB1,blue
COPE,blue
COPG,blue
COPS3,blue
COPS4,blue
COPS6,blue
COPS7A,blue
COPZ1,blue
COQ10B,blue
COQ2,blue
COQ7,blue
CORIN,blue
CORO1A,blue
CORO1B,blue
CORO1C,blue
CORO2B,blue
CORO6,blue
CORO7,blue
COTL1,blue
COX10,blue
COX11,blue
COX15,blue
COX17,blue
COX5B,blue
COX6A1,blue
COX6B2,blue
COX6C,blue
COX7A2,blue
COX7C,blue
COX8A,blue
CP110,blue
CPAMD8,blue
CPD,blue
CPE,blue
CPEB2,blue
CPEB3,blue
CPEB4,blue
CPLX1,blue
CPLX2,blue
CPNE1,blue
CPSF1,blue
CPSF2,blue
CPSF4,blue
CPSF6,blue
CPT1A,blue
CPT1C,blue
CPT2,blue
CPVL,blue
CPXM1,blue
CR1L,blue
CRABP2,blue
CRADD,blue
CRAMP1L,blue
CRB2,blue
CRCP,blue
CRCT1,blue
CREB1,blue
CREB3L1,blue
CREB3L2,blue
CREB3L4,blue
CREBZF,blue
CREG1,blue
CRELD1,blue
CRELD2,blue
CREM,blue
CRHR1,blue
CRIM1,blue
CRIP2,blue
CRIPT,blue
CRISPLD2,blue
CRKL,blue
CRLS1,blue
CRMP1,blue
CROT,blue
CRTAC1,blue
CRTAP,blue
CRTC1,blue
CRTC3,blue
CRY1,blue
CRY2,blue
CRYBA2,blue
CRYGD,blue
CRYL1,blue
CRYM,blue
CRYZ,blue
CSDA,blue
CSDE1,blue
CSE1L,blue
CSGALNACT1,blue
CSGALNACT2,blue
CSK,blue
CSMD1,blue
CSMD2,blue
CSMD3,blue
CSNK1A1,blue
CSNK1A1P,blue
CSNK1D,blue
CSNK1G1,blue
CSNK2A1,blue
CSPG5,blue
CSPP1,blue
CSRP2,blue
CST3,blue
CTAGE5,blue
CTDP1,blue
CTDSP2,blue
CTDSPL,blue
CTDSPL2,blue
CTH,blue
CTHRC1,blue
CTNNA2,blue
CTNNA3,blue
CTNNB1,blue
CTNNBL1,blue
CTNND1,blue
CTNND2,blue
CTNS,blue
CTR9,blue
CTSA,blue
CTSB,blue
CTSF,blue
CTSO,blue
CTTN,blue
CTU1,blue
CTU2,blue
CTXN1,blue
CTXN2,blue
CUGBP2,blue
CUL2,blue
CUL4A,blue
CUL5,blue
CUL9,blue
CUTA,blue
CUX1,blue
CUX2,blue
CWC15,blue
CWC22,blue
CWF19L2,blue
CXADR,blue
CXCL12,blue
CXCL2,blue
CXCL5,blue
CXCR4,blue
CXXC1,blue
CYB5A,blue
CYB5RL,blue
CYC1,blue
CYCS,blue
CYFIP1,blue
CYFIP2,blue
CYGB,blue
CYLD,blue
CYP19A1,blue
CYP20A1,blue
CYP24A1,blue
CYP26A1,blue
CYP26B1,blue
CYP2E1,blue
CYP2R1,blue
CYP2U1,blue
CYP39A1,blue
CYP46A1,blue
CYP4V2,blue
CYP51A1,blue
CYP7B1,blue
CYTH2,blue
D4S234E,blue
DAAM1,blue
DAB1,blue
DACT2,blue
DACT3,blue
DAD1,blue
DAG1,blue
DAGLA,blue
DAGLB,blue
DAPK1,blue
DAPK2,blue
DAPK3,blue
DAXX,blue
DAZAP2,blue
DBF4,blue
DBF4B,blue
DBN1,blue
DBNDD2,blue
DBNL,blue
DCAF11,blue
DCAF17,blue
DCAF4,blue
DCAF5,blue
DCAF7,blue
DCAF8,blue
DCAKD,blue
DCBLD2,blue
DCC,blue
DCK,blue
DCLK1,blue
DCLK2,blue
DCLRE1B,blue
DCLRE1C,blue
DCP1A,blue
DCP1B,blue
DCPS,blue
DCTD,blue
DCTN2,blue
DCTN4,blue
DCTN6,blue
DCTPP1,blue
DCUN1D5,blue
DCXR,blue
DDA1,blue
DDAH1,blue
DDAH2,blue
DDHD1,blue
DDHD2,blue
DDI2,blue
DDIT3,blue
DDIT4,blue
DDR1,blue
DDX10,blue
DDX17,blue
DDX18,blue
DDX19A,blue
DDX20,blue
DDX23,blue
DDX24,blue
DDX25,blue
DDX27,blue
DDX39,blue
DDX42,blue
DDX46,blue
DDX50,blue
DDX55,blue
DDX56,blue
DDX58,blue
DDX60,blue
DECR1,blue
DEGS1,blue
DEK,blue
DENND1A,blue
DENND2C,blue
DENND4A,blue
DENND4B,blue
DENND5B,blue
DENR,blue
DEPDC1,blue
DEPDC1B,blue
DEPDC4,blue
DEPDC6,blue
DEPDC7,blue
DFFA,blue
DFFB,blue
DFNB31,blue
DGCR14,blue
DGCR2,blue
DGCR5,blue
DGCR6L,blue
DGKA,blue
DGKZ,blue
DHDDS,blue
DHDH,blue
DHPS,blue
DHRS1,blue
DHRS11,blue
DHRS12,blue
DHRS7,blue
DHRS7B,blue
DHTKD1,blue
DHX15,blue
DHX16,blue
DHX29,blue
DHX34,blue
DHX35,blue
DHX36,blue
DHX37,blue
DHX38,blue
DHX58,blue
DIAPH1,blue
DIAPH3,blue
DIDO1,blue
DIMT1L,blue
DIP2B,blue
DIP2C,blue
DIRC2,blue
DIS3,blue
DIS3L,blue
DISP2,blue
DKFZP434H168,blue
DKFZP686O24166,blue
DKFZP761E198,blue
DKK1,blue
DKK3,blue
DKKL1,blue
DLC1,blue
DLEU7,blue
DLG1,blue
DLGAP1,blue
DLGAP2,blue
DLL1,blue
DLL3,blue
DLL4,blue
DLST,blue
DLX1,blue
DLX2,blue
DLX4,blue
DLX5,blue
DLX6,blue
DLX6AS,blue
DMKN,blue
DMRTA2,blue
DMTF1,blue
DMWD,blue
DNAH9,blue
DNAJA3,blue
DNAJA4,blue
DNAJB1,blue
DNAJB14,blue
DNAJB4,blue
DNAJB5,blue
DNAJC1,blue
DNAJC10,blue
DNAJC11,blue
DNAJC13,blue
DNAJC14,blue
DNAJC16,blue
DNAJC18,blue
DNAJC2,blue
DNAJC24,blue
DNAJC28,blue
DNAJC3,blue
DNAJC4,blue
DNAJC5,blue
DNAJC6,blue
DNAJC8,blue
DNAJC9,blue
DNAL1,blue
DNASE2,blue
DNER,blue
DNM2,blue
DNMT1,blue
DNMT3A,blue
DNTTIP2,blue
DOC2A,blue
DOCK3,blue
DOCK4,blue
DOK2,blue
DOK3,blue
DOK4,blue
DOK6,blue
DOT1L,blue
DPAGT1,blue
DPF1,blue
DPF2,blue
DPH1,blue
DPH2,blue
DPH5,blue
DPM3,blue
DPP10,blue
DPP3,blue
DPP4,blue
DPP7,blue
DPP8,blue
DPY19L1,blue
DPY30,blue
DPYD,blue
DPYS,blue
DPYSL2,blue
DPYSL4,blue
DR1,blue
DRG1,blue
DSCC1,blue
DSCR3,blue
DSCR6,blue
DSE,blue
DSN1,blue
DSP,blue
DST,blue
DSTYK,blue
DTNA,blue
DTNB,blue
DTWD2,blue
DTX4,blue
DUOX1,blue
DUOX2,blue
DUS1L,blue
DUS2L,blue
DUSP10,blue
DUSP11,blue
DUSP12,blue
DUSP14,blue
DUSP15,blue
DUSP18,blue
DUSP19,blue
DUSP22,blue
DUSP23,blue
DUSP26,blue
DUSP3,blue
DUSP6,blue
DUT,blue
DVL1,blue
DVL2,blue
DVWA,blue
DYDC2,blue
DYNC1I1,blue
DYNC1I2,blue
DYNC1LI1,blue
DYNC1LI2,blue
DYNC2H1,blue
DYNC2LI1,blue
DYNLL1,blue
DYNLL2,blue
DYNLRB2,blue
DYRK1B,blue
DYRK2,blue
DYRK3,blue
DYX1C1,blue
DZIP1,blue
DZIP1L,blue
DZIP3,blue
E2F1,blue
E2F3,blue
E2F4,blue
E2F6,blue
E2F7,blue
E2F8,blue
E4F1,blue
EAF1,blue
EBAG9,blue
EBF3,blue
EBPL,blue
ECH1,blue
ECSIT,blue
EDC3,blue
EDEM2,blue
EDEM3,blue
EDIL3,blue
EDN1,blue
EDN3,blue
EDNRB,blue
EEA1,blue
EEF1D,blue
EEF1DP3,blue
EEF1E1,blue
EEF2,blue
EEF2K,blue
EFCAB1,blue
EFCAB10,blue
EFCAB2,blue
EFCAB5,blue
EFCAB6,blue
EFHA1,blue
EFHC1,blue
EFHD1,blue
EFHD2,blue
EFNA1,blue
EFNA3,blue
EFNA4,blue
EFNA5,blue
EFTUD2,blue
EGFLAM,blue
EGLN3,blue
EGR2,blue
EGR3,blue
EGR4,blue
EHBP1,blue
EHBP1L1,blue
EHD1,blue
EHD2,blue
EHD3,blue
EHD4,blue
EHMT2,blue
EID2,blue
EID2B,blue
EIF1AD,blue
EIF1B,blue
EIF2AK2,blue
EIF2AK3,blue
EIF2AK4,blue
EIF2B2,blue
EIF2B3,blue
EIF2B4,blue
EIF2B5,blue
EIF2C3,blue
EIF3A,blue
EIF3B,blue
EIF3D,blue
EIF3E,blue
EIF3H,blue
EIF4B,blue
EIF4EBP3,blue
EIF4G1,blue
EIF4G2,blue
EIF4G3,blue
EIF5,blue
EIF5A,blue
EIF5A2,blue
EIF5B,blue
EIF6,blue
ELAC2,blue
ELF2,blue
ELFN1,blue
ELL,blue
ELL3,blue
ELMOD1,blue
ELMOD2,blue
ELMOD3,blue
ELOF1,blue
ELOVL5,blue
ELOVL6,blue
ELP2,blue
ELP2P,blue
ELP3,blue
ELP4,blue
EME2,blue
EMID2,blue
EMILIN2,blue
EML1,blue
EML6,blue
EMP2,blue
EMP3,blue
EMX2,blue
EMX2OS,blue
EN2,blue
ENAH,blue
ENHO,blue
ENO1,blue
ENO2,blue
ENOSF1,blue
ENOX1,blue
ENPP1,blue
ENPP5,blue
ENSA,blue
ENTPD2,blue
ENTPD5,blue
ENTPD6,blue
ENY2,blue
EOMES,blue
EP400,blue
EP400NL,blue
EPB41,blue
EPB41L3,blue
EPB41L5,blue
EPC2,blue
EPHA4,blue
EPHA7,blue
EPHB1,blue
EPHB3,blue
EPHB6,blue
EPM2A,blue
EPN2,blue
EPN3,blue
EPOR,blue
EPRS,blue
EPS15,blue
EPS8,blue
EPS8L2,blue
ERAL1,blue
ERBB2,blue
ERBB2IP,blue
ERBB4,blue
ERC1,blue
ERC2,blue
ERCC2,blue
ERCC4,blue
ERCC5,blue
ERCC8,blue
ERG,blue
ERGIC2,blue
ERH,blue
ERICH1,blue
ERLEC1,blue
ERLIN1,blue
ERMAP,blue
ERO1LB,blue
ERP29,blue
ESAM,blue
ESCO1,blue
ESD,blue
ESPNL,blue
ESR2,blue
ESRP1,blue
ESRRA,blue
ESYT2,blue
ESYT3,blue
ETAA1,blue
ETF1,blue
ETFA,blue
ETFB,blue
ETNK1,blue
ETS2,blue
ETV1,blue
ETV3,blue
ETV5,blue
ETV7,blue
EVI5L,blue
EVX1,blue
EWSR1,blue
EXD3,blue
EXO1,blue
EXOC1,blue
EXOC2,blue
EXOC6,blue
EXOC6B,blue
EXOC7,blue
EXOG,blue
EXOSC10,blue
EXOSC2,blue
EXOSC4,blue
EXOSC6,blue
EXOSC9,blue
EXPH5,blue
EXT2,blue
EYA1,blue
EYA3,blue
EZR,blue
F11R,blue
F3,blue
FAAH,blue
FABP3,blue
FADS1,blue
FADS3,blue
FAF1,blue
FAF2,blue
FAIM2,blue
FAM103A1,blue
FAM104A,blue
FAM105B,blue
FAM108A1,blue
FAM109A,blue
FAM109B,blue
FAM110A,blue
FAM110B,blue
FAM110C,blue
FAM111A,blue
FAM115A,blue
FAM116A,blue
FAM117A,blue
FAM118A,blue
FAM118B,blue
FAM119A,blue
FAM120B,blue
FAM123C,blue
FAM126A,blue
FAM126B,blue
FAM129A,blue
FAM131A,blue
FAM131B,blue
FAM133B,blue
FAM134A,blue
FAM134C,blue
FAM135A,blue
FAM135B,blue
FAM136A,blue
FAM13B,blue
FAM13C,blue
FAM150B,blue
FAM155A,blue
FAM158A,blue
FAM159B,blue
FAM160A1,blue
FAM160A2,blue
FAM160B1,blue
FAM161A,blue
FAM162A,blue
FAM163A,blue
FAM164A,blue
FAM164C,blue
FAM165B,blue
FAM167A,blue
FAM168B,blue
FAM171A2,blue
FAM171B,blue
FAM172A,blue
FAM173B,blue
FAM174A,blue
FAM174B,blue
FAM176A,blue
FAM177A1,blue
FAM178A,blue
FAM184A,blue
FAM188B,blue
FAM189B,blue
FAM190A,blue
FAM190B,blue
FAM193B,blue
FAM195A,blue
FAM198A,blue
FAM19A2,blue
FAM19A4,blue
FAM19A5,blue
FAM20A,blue
FAM20B,blue
FAM36A,blue
FAM38A,blue
FAM3B,blue
FAM40A,blue
FAM43A,blue
FAM43B,blue
FAM46C,blue
FAM49A,blue
FAM49B,blue
FAM53B,blue
FAM53C,blue
FAM54A,blue
FAM54B,blue
FAM55C,blue
FAM57A,blue
FAM59A,blue
FAM59B,blue
FAM5B,blue
FAM5C,blue
FAM60A,blue
FAM63B,blue
FAM64A,blue
FAM65B,blue
FAM69C,blue
FAM71E1,blue
FAM76A,blue
FAM76B,blue
FAM78B,blue
FAM82A2,blue
FAM89B,blue
FAM8A1,blue
FAM91A1,blue
FAM96B,blue
FAM98A,blue
FAM98B,blue
FANCE,blue
FANCF,blue
FANCI,blue
FANCL,blue
FAR2,blue
FAS,blue
FASN,blue
FBF1,blue
FBL,blue
FBLN2,blue
FBLN5,blue
FBLN7,blue
FBN1,blue
FBN2,blue
FBN3,blue
FBRSL1,blue
FBXL12,blue
FBXL14,blue
FBXL15,blue
FBXL18,blue
FBXL2,blue
FBXL3,blue
FBXL7,blue
FBXL8,blue
FBXO11,blue
FBXO15,blue
FBXO17,blue
FBXO21,blue
FBXO28,blue
FBXO3,blue
FBXO31,blue
FBXO33,blue
FBXO36,blue
FBXO38,blue
FBXO4,blue
FBXO46,blue
FBXO5,blue
FBXO6,blue
FBXO7,blue
FBXO8,blue
FBXO9,blue
FBXW11,blue
FBXW2,blue
FBXW7,blue
FBXW8,blue
FBXW9,blue
FCF1,blue
FCHO1,blue
FCHO2,blue
FCHSD2,blue
FCRLB,blue
FDFT1,blue
FDPS,blue
FDX1,blue
FDXR,blue
FECH,blue
FEM1A,blue
FEM1C,blue
FEN1,blue
FER,blue
FEZ2,blue
FEZF2,blue
FGD6,blue
FGF1,blue
FGF12,blue
FGF14,blue
FGF18,blue
FGF2,blue
FGF3,blue
FGF4,blue
FGF5,blue
FGF9,blue
FGFBP3,blue
FGFR1OP2,blue
FGFR2,blue
FGGY,blue
FH,blue
FHAD1,blue
FHIT,blue
FHOD1,blue
FIBCD1,blue
FIBIN,blue
FIGLA,blue
FIP1L1,blue
FIZ1,blue
FKBP10,blue
FKBP11,blue
FKBP14,blue
FKBP1B,blue
FKBP3,blue
FKBP4,blue
FKBP7,blue
FKBPL,blue
FKRP,blue
FKTN,blue
FLCN,blue
FLI1,blue
FLJ10357,blue
FLJ13197,blue
FLJ16779,blue
FLJ31306,blue
FLJ32065,blue
FLJ32810,blue
FLJ36031,blue
FLJ37453,blue
FLJ42289,blue
FLJ42709,blue
FLJ43663,blue
FLJ44817,blue
FLJ45983,blue
FLOT1,blue
FLOT2,blue
FLRT2,blue
FLRT3,blue
FLYWCH1,blue
FLYWCH2,blue
FMNL1,blue
FN1,blue
FN3K,blue
FNDC3B,blue
FNIP1,blue
FNTB,blue
FOLH1,blue
FOS,blue
FOSB,blue
FOSL2,blue
FOXA1,blue
FOXA3,blue
FOXB1,blue
FOXE1,blue
FOXF1,blue
FOXF2,blue
FOXJ3,blue
FOXK1,blue
FOXK2,blue
FOXM1,blue
FOXN2,blue
FOXN3,blue
FOXN4,blue
FOXO1,blue
FOXO3,blue
FOXP1,blue
FOXP4,blue
FOXQ1,blue
FRAS1,blue
FRAT2,blue
FRMD8,blue
FRYL,blue
FSHR,blue
FSIP1,blue
FSTL4,blue
FSTL5,blue
FTH1,blue
FTSJD1,blue
FUK,blue
FUS,blue
FUZ,blue
FXC1,blue
FXR1,blue
FXR2,blue
FYCO1,blue
FYN,blue
FYTTD1,blue
FZD2,blue
FZD3,blue
FZD4,blue
FZD5,blue
FZD6,blue
FZR1,blue
G2E3,blue
G3BP2,blue
GAA,blue
GAB1,blue
GABARAP,blue
GABARAPL1,blue
GABBR1,blue
GABPA,blue
GABPB1,blue
GABPB2,blue
GABRA1,blue
GABRA2,blue
GABRA4,blue
GABRA5,blue
GABRB1,blue
GABRB2,blue
GABRB3,blue
GABRG1,blue
GABRG2,blue
GAD1,blue
GADD45A,blue
GADD45B,blue
GADD45G,blue
GADD45GIP1,blue
GALC,blue
GALE,blue
GALK2,blue
GALM,blue
GALNT10,blue
GALNT11,blue
GALNT13,blue
GALNT14,blue
GALNT2,blue
GALNT4,blue
GALNT7,blue
GALNT9,blue
GALNTL1,blue
GALNTL4,blue
GALNTL6,blue
GALR1,blue
GAMT,blue
GANAB,blue
GANC,blue
GAR1,blue
GAS2,blue
GAS2L1,blue
GAS2L2,blue
GAS2L3,blue
GAS8,blue
GATA4,blue
GATA5,blue
GATAD1,blue
GATAD2A,blue
GATSL3,blue
GBAS,blue
GBX2,blue
GCA,blue
GCAT,blue
GCC1,blue
GCDH,blue
GCH1,blue
GCN1L1,blue
GDAP1,blue
GDE1,blue
GDF7,blue
GDF9,blue
GDI2,blue
GDNF,blue
GDPD1,blue
GEM,blue
GEMIN5,blue
GEMIN6,blue
GEN1,blue
GFER,blue
GFI1,blue
GFM1,blue
GFM2,blue
GFOD1,blue
GFOD2,blue
GFPT1,blue
GFPT2,blue
GFRA1,blue
GFRA2,blue
GFRA3,blue
GFRA4,blue
GGA1,blue
GGCX,blue
GGNBP2,blue
GGPS1,blue
GGT7,blue
GGTA1,blue
GHITM,blue
GHR,blue
GIGYF2,blue
GIN1,blue
GINS1,blue
GINS3,blue
GIPC1,blue
GIPC3,blue
GJA3,blue
GJD2,blue
GK5,blue
GLCCI1,blue
GLDC,blue
GLG1,blue
GLI1,blue
GLIPR1L1,blue
GLIPR1L2,blue
GLIPR2,blue
GLRA1,blue
GLRX2,blue
GLRX3,blue
GLRX5,blue
GLS,blue
GLS2,blue
GLT25D1,blue
GLT8D1,blue
GLTPD1,blue
GLUL,blue
GLYCTK,blue
GM2A,blue
GMCL1,blue
GMDS,blue
GMEB1,blue
GMEB2,blue
GMFB,blue
GMIP,blue
GMNN,blue
GMPPB,blue
GMPR,blue
GMPR2,blue
GNA12,blue
GNAI3,blue
GNAO1,blue
GNAS,blue
GNASAS,blue
GNB1,blue
GNB1L,blue
GNB2,blue
GNB2L1,blue
GNB5,blue
GNG12,blue
GNG13,blue
GNG7,blue
GNL1,blue
GNL2,blue
GNPAT,blue
GNPNAT1,blue
GNPTAB,blue
GNPTG,blue
GNRHR2,blue
GOLGA2,blue
GOLGA5,blue
GOLGA7B,blue
GOLIM4,blue
GOLM1,blue
GOLPH3,blue
GOLPH3L,blue
GOLSYN,blue
GON4L,blue
GOPC,blue
GORAB,blue
GORASP1,blue
GORASP2,blue
GOSR2,blue
GOT2,blue
GPAA1,blue
GPATCH3,blue
GPBP1L1,blue
GPC5,blue
GPC6,blue
GPD1L,blue
GPHN,blue
GPN3,blue
GPR108,blue
GPR113,blue
GPR120,blue
GPR123,blue
GPR137B,blue
GPR148,blue
GPR149,blue
GPR161,blue
GPR172B,blue
GPR180,blue
GPR19,blue
GPR27,blue
GPR37,blue
GPR63,blue
GPR85,blue
GPR88,blue
GPR98,blue
GPRC5B,blue
GPRC5C,blue
GPSM2,blue
GPSM3,blue
GPX1,blue
GPX4,blue
GRAMD1A,blue
GRAMD1C,blue
GRB2,blue
GRB7,blue
GREB1,blue
GREM2,blue
GRIA2,blue
GRIA4,blue
GRID2,blue
GRIK1,blue
GRIK2,blue
GRIK3,blue
GRIN1,blue
GRIN2A,blue
GRIN2B,blue
GRIN2D,blue
GRINL1A,blue
GRIP2,blue
GRK4,blue
GRK5,blue
GRM1,blue
GRM3,blue
GRM7,blue
GRN,blue
GRP,blue
GRPEL2,blue
GRSF1,blue
GRTP1,blue
GRWD1,blue
GSC2,blue
GSDMD,blue
GSG1L,blue
GSK3A,blue
GSN,blue
GSPT1,blue
GSR,blue
GSS,blue
GSTK1,blue
GSTM5,blue
GSTO1,blue
GSTO2,blue
GSTP1,blue
GSTT1,blue
GSTZ1,blue
GSX1,blue
GSX2,blue
GTDC1,blue
GTF2A1,blue
GTF2E1,blue
GTF2F2,blue
GTF2H3,blue
GTF2H4,blue
GTF3A,blue
GTF3C3,blue
GTF3C5,blue
GTF3C6,blue
GTPBP3,blue
GTPBP5,blue
GTSE1,blue
GUCY1A2,blue
GUCY1A3,blue
GUF1,blue
GUK1,blue
GULP1,blue
GYS1,blue
H19,blue
H1F0,blue
H2AFJ,blue
H2AFX,blue
H2AFY,blue
H2AFZ,blue
H3F3B,blue
HACL1,blue
HADH,blue
HADHA,blue
HAND1,blue
HAND2,blue
HAP1,blue
HAPLN1,blue
HAPLN2,blue
HARS2,blue
HAS2,blue
HAS2AS,blue
HAUS1,blue
HAUS2,blue
HAUS4,blue
HAUS5,blue
HAUS8,blue
HBEGF,blue
HBS1L,blue
HCCA2,blue
HCFC1R1,blue
HCG11,blue
HCG18,blue
HCG27,blue
HCG4,blue
HCG9,blue
HCK,blue
HCN1,blue
HCN3,blue
HCRTR2,blue
HDAC10,blue
HDAC11,blue
HDAC2,blue
HDAC3,blue
HDAC4,blue
HDAC7,blue
HDGF,blue
HDGFRP3,blue
HDHD2,blue
HDLBP,blue
HEATR1,blue
HEATR4,blue
HEBP2,blue
HECTD1,blue
HECTD3,blue
HECW1,blue
HECW2,blue
HEG1,blue
HELB,blue
HELLS,blue
HELT,blue
HEMK1,blue
HERC3,blue
HERC4,blue
HERPUD1,blue
HES1,blue
HES2,blue
HES3,blue
HES4,blue
HES7,blue
HEXA,blue
HEXIM1,blue
HEY1,blue
HEY2,blue
HFM1,blue
HGSNAT,blue
HHAT,blue
HHIP,blue
HHLA3,blue
HIAT1,blue
HIBADH,blue
HIBCH,blue
HIC1,blue
HIF1A,blue
HIF1AN,blue
HINFP,blue
HINT1,blue
HINT3,blue
HIP1,blue
HIP1R,blue
HIPK1,blue
HIPK3,blue
HIPK4,blue
HIRA,blue
HIST1H1A,blue
HIST1H1D,blue
HIST1H1E,blue
HIST1H2AB,blue
HIST1H2AC,blue
HIST1H2AE,blue
HIST1H2AG,blue
HIST1H2AM,blue
HIST1H2BB,blue
HIST1H2BC,blue
HIST1H2BE,blue
HIST1H2BN,blue
HIST1H3B,blue
HIST1H3C,blue
HIST1H3E,blue
HIST1H3G,blue
HIST1H3I,blue
HIST1H4A,blue
HIST1H4B,blue
HIST1H4C,blue
HIST1H4E,blue
HIST1H4F,blue
HIST2H2AB,blue
HIST2H2AC,blue
HIST2H2BE,blue
HIST3H2BB,blue
HIST4H4,blue
HIVEP2,blue
HJURP,blue
HK1,blue
HLA-B,blue
HLA-C,blue
HLA-DPB2,blue
HLA-DRB1,blue
HLA-DRB5,blue
HLA-F,blue
HLA-J,blue
HLA-L,blue
HLCS,blue
HLF,blue
HLX,blue
HM13,blue
HMBS,blue
HMG20A,blue
HMGA1,blue
HMGB1,blue
HMGB2,blue
HMGCR,blue
HMGCS1,blue
HMGN3,blue
HMGN4,blue
HMGXB3,blue
HMGXB4,blue
HMMR,blue
HMOX1,blue
HMOX2,blue
HMP19,blue
HMX2,blue
HN1L,blue
HNRNPA1,blue
HNRNPA2B1,blue
HNRNPAB,blue
HNRNPD,blue
HNRNPF,blue
HNRNPH1,blue
HNRNPH3,blue
HNRNPK,blue
HNRNPL,blue
HNRNPM,blue
HNRNPU,blue
HNRNPUL1,blue
HNRNPUL2,blue
HNRPA1L-2,blue
HNRPLL,blue
HOMEZ,blue
HOPX,blue
HOXA11AS,blue
HOXA7,blue
HOXB4,blue
HOXB7,blue
HOXC11,blue
HOXC4,blue
HOXC8,blue
HOXC9,blue
HOXD9,blue
HP1BP3,blue
HPCAL1,blue
HPDL,blue
HPGD,blue
HPN,blue
HPS3,blue
HPS4,blue
HPS5,blue
HPSE,blue
HPSE2,blue
HRASLS5,blue
HRC,blue
HRNBP3,blue
HS1BP3,blue
HS3ST1,blue
HS3ST2,blue
HS3ST3B1,blue
HS3ST4,blue
HS6ST1,blue
HS6ST3,blue
HSBP1,blue
HSD11B1L,blue
HSD17B1,blue
HSD17B4,blue
HSD17B8,blue
HSDL1,blue
HSF2,blue
HSP90AA1,blue
HSPA12A,blue
HSPA13,blue
HSPA1A,blue
HSPA1B,blue
HSPA2,blue
HSPA8,blue
HSPA9,blue
HSPB1,blue
HSPBP1,blue
HSPC072,blue
HSPD1,blue
HSPE1,blue
HSPG2,blue
HTATIP2,blue
HTRA2,blue
HYAL2,blue
HYAL3,blue
HYI,blue
HYOU1,blue
IARS,blue
ICA1L,blue
ICAM1,blue
ICAM5,blue
ICOSLG,blue
ID1,blue
ID2,blue
ID3,blue
IDE,blue
IDH1,blue
IDH3A,blue
IDH3B,blue
IDI1,blue
IDUA,blue
IER2,blue
IER3IP1,blue
IER5,blue
IFFO1,blue
IFFO2,blue
IFIT2,blue
IFIT5,blue
IFNAR1,blue
IFNAR2,blue
IFNGR1,blue
IFRD1,blue
IFRD2,blue
IFT172,blue
IFT52,blue
IFT57,blue
IFT88,blue
IGDCC3,blue
IGDCC4,blue
IGF1R,blue
IGF2BP1,blue
IGF2BP3,blue
IGFALS,blue
IGFBP3,blue
IGFBP5,blue
IGFBP6,blue
IGFBP7,blue
IGLON5,blue
IGSF11,blue
IGSF21,blue
IGSF9B,blue
IHH,blue
IKZF1,blue
IKZF2,blue
IL11,blue
IL12A,blue
IL15,blue
IL15RA,blue
IL17RD,blue
IL1RAP,blue
IL22RA2,blue
IL27RA,blue
IL28RA,blue
IL6R,blue
IL6ST,blue
ILF2,blue
ILF3,blue
ILK,blue
ILVBL,blue
IMMP2L,blue
IMMT,blue
IMP3,blue
IMP4,blue
IMPA2,blue
IMPACT,blue
IMPAD1,blue
IMPDH1,blue
IMPDH2,blue
IMPG1,blue
INCA1,blue
INF2,blue
ING1,blue
ING3,blue
INO80,blue
INO80C,blue
INO80D,blue
INO80E,blue
INPP4A,blue
INPP4B,blue
INPP5A,blue
INPP5B,blue
INPPL1,blue
INS-IGF2,blue
INSC,blue
INSIG1,blue
INSIG2,blue
INSM2,blue
INSR,blue
INTS3,blue
INTS6,blue
INTS7,blue
INTS8,blue
INTS9,blue
INTU,blue
IP6K2,blue
IPMK,blue
IPO11,blue
IPO13,blue
IPO4,blue
IPO7,blue
IPO8,blue
IPP,blue
IPPK,blue
IQCA1,blue
IQCB1,blue
IQCC,blue
IQCE,blue
IQCG,blue
IQCH,blue
IQSEC1,blue
IQUB,blue
IRAK1BP1,blue
IRAK2,blue
IRAK4,blue
IREB2,blue
IRF2,blue
IRF2BP2,blue
IRF3,blue
IRF4,blue
IRF6,blue
IRF9,blue
IRX1,blue
IRX2,blue
IRX3,blue
IRX4,blue
ISG15,blue
ISL1,blue
ISM1,blue
ISM2,blue
ISOC1,blue
ISOC2,blue
ITCH,blue
ITFG2,blue
ITGA1,blue
ITGA11,blue
ITGA6,blue
ITGAE,blue
ITGAV,blue
ITGB1,blue
ITGB1BP1,blue
ITGB3BP,blue
ITGB5,blue
ITPA,blue
ITPK1,blue
ITPR1,blue
ITPR2,blue
ITSN1,blue
ITSN2,blue
IVNS1ABP,blue
IWS1,blue
JAG1,blue
JAGN1,blue
JAK2,blue
JAM2,blue
JARID2,blue
JDP2,blue
JMJD1C,blue
JMJD5,blue
JMJD6,blue
JMJD8,blue
JOSD1,blue
JPH1,blue
JPH3,blue
JPH4,blue
JRK,blue
JUB,blue
JUN,blue
JUNB,blue
JUND,blue
JUP,blue
KANK1,blue
KARS,blue
KAT5,blue
KATNAL1,blue
KATNAL2,blue
KAZALD1,blue
KBTBD11,blue
KBTBD3,blue
KBTBD6,blue
KBTBD8,blue
KCNA1,blue
KCNA3,blue
KCNA4,blue
KCNAB1,blue
KCNAB2,blue
KCNB2,blue
KCND2,blue
KCND3,blue
KCNE1,blue
KCNG2,blue
KCNH1,blue
KCNH3,blue
KCNH6,blue
KCNH7,blue
KCNH8,blue
KCNIP1,blue
KCNJ11,blue
KCNJ12,blue
KCNJ2,blue
KCNJ4,blue
KCNJ5,blue
KCNJ6,blue
KCNJ8,blue
KCNK10,blue
KCNK17,blue
KCNK2,blue
KCNK3,blue
KCNMA1,blue
KCNMB2,blue
KCNMB3,blue
KCNMB4,blue
KCNN1,blue
KCNN3,blue
KCNQ1,blue
KCNQ4,blue
KCNQ5,blue
KCNT2,blue
KCTD1,blue
KCTD12,blue
KCTD17,blue
KCTD21,blue
KCTD3,blue
KCTD5,blue
KCTD8,blue
KCTD9,blue
KDELR2,blue
KDM2B,blue
KDM3A,blue
KDM3B,blue
KDM4C,blue
KDM4D,blue
KDM5A,blue
KDM5B,blue
KDM6B,blue
KDSR,blue
KHDC1,blue
KHDRBS1,blue
KHDRBS2,blue
KIAA0100,blue
KIAA0174,blue
KIAA0195,blue
KIAA0226,blue
KIAA0232,blue
KIAA0319,blue
KIAA0319L,blue
KIAA0427,blue
KIAA0564,blue
KIAA0586,blue
KIAA0753,blue
KIAA0776,blue
KIAA0892,blue
KIAA0895,blue
KIAA0895L,blue
KIAA0907,blue
KIAA0947,blue
KIAA1012,blue
KIAA1026,blue
KIAA1033,blue
KIAA1147,blue
KIAA1191,blue
KIAA1217,blue
KIAA1244,blue
KIAA1274,blue
KIAA1279,blue
KIAA1310,blue
KIAA1324L,blue
KIAA1328,blue
KIAA1377,blue
KIAA1383,blue
KIAA1407,blue
KIAA1430,blue
KIAA1462,blue
KIAA1467,blue
KIAA1524,blue
KIAA1529,blue
KIAA1530,blue
KIAA1614,blue
KIAA1671,blue
KIAA1712,blue
KIAA1715,blue
KIAA1804,blue
KIAA1826,blue
KIAA1919,blue
KIAA1967,blue
KIAA1984,blue
KIAA2026,blue
KIDINS220,blue
KIF11,blue
KIF13A,blue
KIF13B,blue
KIF14,blue
KIF15,blue
KIF16B,blue
KIF18A,blue
KIF18B,blue
KIF20B,blue
KIF21A,blue
KIF22,blue
KIF23,blue
KIF26B,blue
KIF27,blue
KIF2A,blue
KIF2C,blue
KIF3A,blue
KIF3B,blue
KIF3C,blue
KIF5B,blue
KIF5C,blue
KIF6,blue
KIFC1,blue
KIRREL2,blue
KIRREL3,blue
KLC1,blue
KLC2,blue
KLF12,blue
KLF13,blue
KLF14,blue
KLF15,blue
KLF3,blue
KLF4,blue
KLF5,blue
KLF6,blue
KLF7,blue
KLF9,blue
KLHDC2,blue
KLHDC4,blue
KLHDC7A,blue
KLHDC7B,blue
KLHL12,blue
KLHL14,blue
KLHL21,blue
KLHL24,blue
KLHL25,blue
KLHL26,blue
KLHL28,blue
KLHL29,blue
KLHL32,blue
KLHL7,blue
KLK10,blue
KLK15,blue
KLK8,blue
KLK9,blue
KLRAQ1,blue
KMO,blue
KNDC1,blue
KPNA2,blue
KPNA3,blue
KPNA4,blue
KPNA6,blue
KPNB1,blue
KRAS,blue
KRI1,blue
KRIT1,blue
KRR1,blue
KRT18,blue
KRT222,blue
KRT27,blue
KRT86,blue
KRTAP20-2,blue
KSR2,blue
KTELC1,blue
KTN1,blue
L2HGDH,blue
L3MBTL2,blue
L3MBTL3,blue
L3MBTL4,blue
LAMA1,blue
LAMB1,blue
LAMB2,blue
LAMC1,blue
LAMC2,blue
LANCL1,blue
LARGE,blue
LARP1B,blue
LARP4,blue
LARP7,blue
LARS,blue
LASS2,blue
LATS1,blue
LBX1,blue
LBXCOR1,blue
LCA5,blue
LCA5L,blue
LCE1C,blue
LCE6A,blue
LCLAT1,blue
LCMT2,blue
LCORL,blue
LDB1,blue
LDHA,blue
LDHB,blue
LDLR,blue
LDLRAP1,blue
LDOC1L,blue
LEF1,blue
LEKR1,blue
LENG1,blue
LENG8,blue
LENG9,blue
LEO1,blue
LEPRE1,blue
LEPROT,blue
LETMD1,blue
LGI3,blue
LGI4,blue
LGR4,blue
LGR5,blue
LHFP,blue
LHPP,blue
LHX1,blue
LHX3,blue
LHX8,blue
LHX9,blue
LIAS,blue
LIG3,blue
LIG4,blue
LIMA1,blue
LIMCH1,blue
LIMD2,blue
LIMK1,blue
LIMK2,blue
LIMS2,blue
LIN28,blue
LIN37,blue
LIN52,blue
LIN7B,blue
LIN7C,blue
LINGO1,blue
LINGO3,blue
LIPA,blue
LIPT1,blue
LIPT2,blue
LIX1L,blue
LLGL1,blue
LLGL2,blue
LLPH,blue
LMAN1,blue
LMAN2,blue
LMAN2L,blue
LMBR1,blue
LMBR1L,blue
LMBRD1,blue
LMBRD2,blue
LMCD1,blue
LMF1,blue
LMF2,blue
LMLN,blue
LMNA,blue
LMO1,blue
LMO3,blue
LMO4,blue
LMTK2,blue
LMX1B,blue
LNP1,blue
LOC100009676,blue
LOC100128164,blue
LOC100128239,blue
LOC100128731,blue
LOC100128811,blue
LOC100129716,blue
LOC100130522,blue
LOC100130581,blue
LOC100130691,blue
LOC100130987,blue
LOC100132354,blue
LOC100133091,blue
LOC100133315,blue
LOC100133612,blue
LOC100134713,blue
LOC100189589,blue
LOC100190940,blue
LOC100192378,blue
LOC100268168,blue
LOC100270746,blue
LOC100272217,blue
LOC100286844,blue
LOC100288730,blue
LOC100289511,blue
LOC100292680,blue
LOC100294362,blue
LOC100302652,blue
LOC100306951,blue
LOC100329108,blue
LOC134466,blue
LOC143666,blue
LOC144571,blue
LOC145663,blue
LOC148189,blue
LOC153684,blue
LOC154449,blue
LOC219347,blue
LOC221710,blue
LOC253724,blue
LOC282997,blue
LOC283392,blue
LOC283856,blue
LOC284798,blue
LOC284900,blue
LOC285375,blue
LOC285456,blue
LOC285550,blue
LOC285696,blue
LOC285830,blue
LOC285954,blue
LOC286016,blue
LOC338758,blue
LOC338799,blue
LOC339290,blue
LOC339524,blue
LOC344595,blue
LOC344967,blue
LOC375196,blue
LOC387647,blue
LOC387763,blue
LOC388789,blue
LOC388796,blue
LOC389458,blue
LOC390594,blue
LOC391322,blue
LOC399815,blue
LOC399959,blue
LOC400027,blue
LOC400657,blue
LOC400752,blue
LOC400927,blue
LOC400940,blue
LOC401052,blue
LOC401093,blue
LOC404266,blue
LOC440356,blue
LOC441177,blue
LOC441666,blue
LOC552889,blue
LOC642597,blue
LOC644649,blue
LOC645323,blue
LOC646851,blue
LOC647979,blue
LOC650226,blue
LOC651250,blue
LOC652276,blue
LOC728392,blue
LOC728723,blue
LOC728743,blue
LOC729082,blue
LOC729338,blue
LOC729467,blue
LOC729678,blue
LOC730101,blue
LOC81691,blue
LOC84989,blue
LOC92659,blue
LOC93622,blue
LOH12CR1,blue
LONP2,blue
LONRF1,blue
LOR,blue
LOX,blue
LOXL2,blue
LOXL3,blue
LPAR1,blue
LPAR2,blue
LPAR3,blue
LPCAT1,blue
LPCAT2,blue
LPCAT3,blue
LPCAT4,blue
LPGAT1,blue
LPHN2,blue
LPHN3,blue
LPIN1,blue
LPIN3,blue
LPP,blue
LPPR4,blue
LRAT,blue
LRCH1,blue
LRDD,blue
LRFN2,blue
LRFN5,blue
LRGUK,blue
LRP1,blue
LRP1B,blue
LRP2,blue
LRP3,blue
LRP4,blue
LRP8,blue
LRPPRC,blue
LRRC14,blue
LRRC16A,blue
LRRC23,blue
LRRC24,blue
LRRC29,blue
LRRC34,blue
LRRC3B,blue
LRRC40,blue
LRRC41,blue
LRRC43,blue
LRRC45,blue
LRRC47,blue
LRRC49,blue
LRRC50,blue
LRRC58,blue
LRRC59,blue
LRRC8C,blue
LRRC8D,blue
LRRCC1,blue
LRRFIP1,blue
LRRFIP2,blue
LRRK1,blue
LRRK2,blue
LRRN1,blue
LRTOMT,blue
LSAMP,blue
LSM1,blue
LSM12,blue
LSM14A,blue
LSM14B,blue
LSM3,blue
LSM5,blue
LSM6,blue
LSM7,blue
LSR,blue
LSS,blue
LTB,blue
LTBP4,blue
LUC7L2,blue
LUC7L3,blue
LUZP1,blue
LUZP2,blue
LY6E,blue
LY6G5C,blue
LY6H,blue
LYNX1,blue
LYPD5,blue
LYPLA1,blue
LYPLA2,blue
LYPLAL1,blue
LYRM2,blue
LYRM4,blue
LYRM7,blue
LYSMD1,blue
LYSMD2,blue
LYSMD3,blue
LYSMD4,blue
LYST,blue
LZTFL1,blue
M6PR,blue
MAD1L1,blue
MAD2L1BP,blue
MAD2L2,blue
MADD,blue
MAEA,blue
MAF,blue
MAFA,blue
MAFF,blue
MAFK,blue
MAG,blue
MAGI2,blue
MAGMAS,blue
MAGOHB,blue
MALAT1,blue
MAML1,blue
MAML2,blue
MAN1A1,blue
MAN2A1,blue
MAN2B1,blue
MAN2B2,blue
MAN2C1,blue
MANBAL,blue
MANEA,blue
MANEAL,blue
MANF,blue
MANSC1,blue
MAP1A,blue
MAP1B,blue
MAP1S,blue
MAP2,blue
MAP2K1,blue
MAP2K3,blue
MAP2K4,blue
MAP2K6,blue
MAP2K7,blue
MAP3K1,blue
MAP3K3,blue
MAP3K4,blue
MAP3K6,blue
MAP3K7,blue
MAP3K7IP2,blue
MAP3K8,blue
MAP3K9,blue
MAP4,blue
MAP4K2,blue
MAP4K3,blue
MAP4K5,blue
MAP7,blue
MAP9,blue
MAPK1,blue
MAPK10,blue
MAPK11,blue
MAPK14,blue
MAPK15,blue
MAPK1IP1L,blue
MAPK4,blue
MAPK7,blue
MAPK8IP3,blue
MAPKAPK3,blue
MAPKBP1,blue
MAPRE1,blue
MAPRE2,blue
MAPRE3,blue
MAPT,blue
MAR-02,blue
MAR-04,blue
MAR-06,blue
MAR-07,blue
MAR-11,blue
MARCKS,blue
MARK2,blue
MARS2,blue
MAST3,blue
MAST4,blue
MAT2A,blue
MAT2B,blue
MATK,blue
MATN1,blue
MATN2,blue
MATR3,blue
MBD2,blue
MBLAC1,blue
MBLAC2,blue
MBNL1,blue
MBNL2,blue
MBOAT1,blue
MBOAT7,blue
MBTD1,blue
MBTPS1,blue
MC5R,blue
MCC,blue
MCCC1,blue
MCCC2,blue
MCF2L,blue
MCF2L2,blue
MCFD2,blue
MCL1,blue
MCM10,blue
MCM2,blue
MCM3,blue
MCM3AP,blue
MCM8,blue
MCOLN2,blue
MCPH1,blue
MCRS1,blue
MCTP1,blue
MDC1,blue
MDGA2,blue
MDH1,blue
MDH1B,blue
MDN1,blue
MDP1,blue
ME1,blue
ME3,blue
MEAF6,blue
MECOM,blue
MED1,blue
MED10,blue
MED11,blue
MED12L,blue
MED13L,blue
MED17,blue
MED18,blue
MED20,blue
MED21,blue
MED24,blue
MED25,blue
MED26,blue
MED28,blue
MED30,blue
MED31,blue
MED4,blue
MED6,blue
MED7,blue
MED9,blue
MEF2D,blue
MEGF10,blue
MEIS1,blue
MEIS2,blue
MEMO1,blue
MEN1,blue
MEPCE,blue
MESDC2,blue
MESP1,blue
METAP1,blue
METAP2,blue
METT11D1,blue
METTL1,blue
METTL10,blue
METTL11A,blue
METTL14,blue
METTL3,blue
METTL5,blue
METTL9,blue
MEX3A,blue
MEX3B,blue
MEX3C,blue
MFAP1,blue
MFAP3,blue
MFGE8,blue
MFN1,blue
MFSD1,blue
MFSD2A,blue
MFSD2B,blue
MFSD4,blue
MFSD5,blue
MFSD6,blue
MFSD8,blue
MGA,blue
MGAT2,blue
MGC23284,blue
MGC2889,blue
MGC42105,blue
MGC45800,blue
MGC70857,blue
MGC72080,blue
MGC87042,blue
MGLL,blue
MGMT,blue
MGRN1,blue
MIA3,blue
MIAT,blue
MIB1,blue
MIB2,blue
MICA,blue
MICAL3,blue
MICALL2,blue
MICB,blue
MIER1,blue
MIER3,blue
MIF,blue
MIF4GD,blue
MINA,blue
MINPP1,blue
MIR124-1,blue
MIR1248,blue
MIR125B1,blue
MIR1306,blue
MIR1471,blue
MIR1908,blue
MIR212,blue
MIR423,blue
MIR548G,blue
MIR548H4,blue
MIR548N,blue
MIR564,blue
MIR604,blue
MIR632,blue
MIR636,blue
MIR638,blue
MIR7-3,blue
MIR9-3,blue
MIR941-3,blue
MIRLET7I,blue
MIXL1,blue
MKI67IP,blue
MKL1,blue
MKLN1,blue
MKNK2,blue
MKS1,blue
MKX,blue
MLF1,blue
MLF1IP,blue
MLH1,blue
MLKL,blue
MLL2,blue
MLL4,blue
MLL5,blue
MLLT1,blue
MLST8,blue
MLXIPL,blue
MMAA,blue
MMAB,blue
MMACHC,blue
MMD,blue
MMP11,blue
MMP15,blue
MMP17,blue
MMP2,blue
MMP28,blue
MMP9,blue
MMRN2,blue
MNS1,blue
MNT,blue
MOAP1,blue
MOBKL1A,blue
MOBKL1B,blue
MOBKL3,blue
MOCS1,blue
MOCS2,blue
MOCS3,blue
MOGAT3,blue
MON1B,blue
MON2,blue
MORC1,blue
MORC3,blue
MORF4L1,blue
MORG1,blue
MORN1,blue
MORN4,blue
MOSC1,blue
MOSC2,blue
MOSPD3,blue
MOV10,blue
MOV10L1,blue
MPDU1,blue
MPG,blue
MPHOSPH10,blue
MPHOSPH8,blue
MPI,blue
MPO,blue
MPP2,blue
MPP5,blue
MPV17L2,blue
MPZ,blue
MRAS,blue
MRE11A,blue
MREG,blue
MRFAP1,blue
MRGPRG,blue
MRI1,blue
MRO,blue
MRPL1,blue
MRPL11,blue
MRPL12,blue
MRPL14,blue
MRPL15,blue
MRPL17,blue
MRPL19,blue
MRPL20,blue
MRPL21,blue
MRPL24,blue
MRPL30,blue
MRPL32,blue
MRPL33,blue
MRPL35,blue
MRPL36,blue
MRPL39,blue
MRPL4,blue
MRPL42,blue
MRPL43,blue
MRPL44,blue
MRPL46,blue
MRPL52,blue
MRPL54,blue
MRPS11,blue
MRPS12,blue
MRPS16,blue
MRPS17,blue
MRPS18B,blue
MRPS21,blue
MRPS22,blue
MRPS23,blue
MRPS24,blue
MRPS25,blue
MRPS26,blue
MRPS30,blue
MRPS31,blue
MRPS33,blue
MRPS36,blue
MRPS5,blue
MRPS7,blue
MRS2,blue
MRTO4,blue
MSH2,blue
MSH3,blue
MSH4,blue
MSH5,blue
MSH6,blue
MSI2,blue
MSL1,blue
MSL2,blue
MSL3L2,blue
MSRA,blue
MSRB2,blue
MSX1,blue
MT3,blue
MTBP,blue
MTCH1,blue
MTCH2,blue
MTDH,blue
MTERFD1,blue
MTERFD2,blue
MTFR1,blue
MTHFD1L,blue
MTHFS,blue
MTHFSD,blue
MTIF3,blue
MTMR12,blue
MTMR14,blue
MTMR15,blue
MTMR2,blue
MTMR4,blue
MTMR6,blue
MTMR7,blue
MTMR9,blue
MTNR1A,blue
MTOR,blue
MTP18,blue
MTPAP,blue
MTRF1,blue
MTRF1L,blue
MTUS2,blue
MTX1,blue
MTX3,blue
MUC5B,blue
MUDENG,blue
MUL1,blue
MUTED,blue
MX1,blue
MXD1,blue
MXD3,blue
MXD4,blue
MXI1,blue
MYADM,blue
MYADML,blue
MYB,blue
MYBBP1A,blue
MYBPC2,blue
MYCBP2,blue
MYCBPAP,blue
MYCL1,blue
MYCN,blue
MYEF2,blue
MYEOV2,blue
MYH11,blue
MYH14,blue
MYH9,blue
MYL12B,blue
MYL6B,blue
MYLIP,blue
MYLK,blue
MYLK2,blue
MYLK4,blue
MYO18B,blue
MYO1C,blue
MYO1D,blue
MYO1E,blue
MYO3A,blue
MYO5A,blue
MYO5B,blue
MYO7A,blue
MYO9A,blue
MYOCD,blue
MYOM2,blue
MYPOP,blue
MYSM1,blue
MYST1,blue
MYST2,blue
MYT1L,blue
MZF1,blue
N4BP1,blue
N4BP2,blue
N4BP2L1,blue
N4BP2L2,blue
N6AMT2,blue
NAA15,blue
NAA20,blue
NAA25,blue
NAA30,blue
NAA50,blue
NAALAD2,blue
NAB1,blue
NAB2,blue
NACA,blue
NACAD,blue
NADK,blue
NADSYN1,blue
NAF1,blue
NAGA,blue
NAGK,blue
NALCN,blue
NAMPT,blue
NANOS3,blue
NANP,blue
NAP1L4,blue
NAPB,blue
NAPRT1,blue
NARFL,blue
NARG2,blue
NARS2,blue
NAT10,blue
NAT14,blue
NAT15,blue
NAT8L,blue
NAT9,blue
NAV1,blue
NAV2,blue
NBAS,blue
NBEAL1,blue
NBEAL2,blue
NBPF3,blue
NBR1,blue
NBR2,blue
NCAM2,blue
NCAPD3,blue
NCAPG,blue
NCCRP1,blue
NCDN,blue
NCEH1,blue
NCK1,blue
NCK2,blue
NCKAP5,blue
NCKIPSD,blue
NCLN,blue
NCOA2,blue
NCOA3,blue
NCOA4,blue
NCOA5,blue
NCRNA00085,blue
NCRNA00094,blue
NCRNA00095,blue
NCRNA00119,blue
NCRNA00120,blue
NCRNA00167,blue
NCRNA00188,blue
NDC80,blue
NDE1,blue
NDFIP1,blue
NDNL2,blue
NDOR1,blue
NDRG2,blue
NDRG3,blue
NDST2,blue
NDUFA11,blue
NDUFA12,blue
NDUFA13,blue
NDUFA3,blue
NDUFA4,blue
NDUFA6,blue
NDUFA9,blue
NDUFAF1,blue
NDUFAF2,blue
NDUFAF3,blue
NDUFB3,blue
NDUFB4,blue
NDUFB7,blue
NDUFB8,blue
NDUFS2,blue
NDUFS5,blue
NDUFS6,blue
NDUFS8,blue
NDUFV1,blue
NDUFV2,blue
NDUFV3,blue
NEAT1,blue
NEBL,blue
NECAB2,blue
NECAB3,blue
NECAP2,blue
NEDD1,blue
NEDD4L,blue
NEDD9,blue
NEFL,blue
NEGR1,blue
NEIL1,blue
NEIL3,blue
NEK10,blue
NEK11,blue
NEK4,blue
NEK7,blue
NEK8,blue
NEK9,blue
NELF,blue
NELL1,blue
NELL2,blue
NEO1,blue
NETO1,blue
NETO2,blue
NEU1,blue
NEU3,blue
NEURL,blue
NEUROD1,blue
NEUROD2,blue
NEUROG1,blue
NEUROG2,blue
NF1,blue
NFAT5,blue
NFATC2,blue
NFATC2IP,blue
NFATC3,blue
NFATC4,blue
NFE2L2,blue
NFIA,blue
NFIB,blue
NFIC,blue
NFIX,blue
NFKB2,blue
NFKBIA,blue
NFKBIE,blue
NFKBIL1,blue
NFKBIZ,blue
NFU1,blue
NFXL1,blue
NFYA,blue
NFYB,blue
NFYC,blue
NGLY1,blue
NGRN,blue
NHLRC2,blue
NHP2L1,blue
NICN1,blue
NID1,blue
NID2,blue
NIF3L1,blue
NINJ1,blue
NIPA1,blue
NIPAL2,blue
NIPAL3,blue
NIPBL,blue
NIPSNAP1,blue
NIT2,blue
NKAIN2,blue
NKAIN3,blue
NKAIN4,blue
NKIRAS2,blue
NKPD1,blue
NKTR,blue
NKX2-1,blue
NKX2-2,blue
NKX2-3,blue
NKX2-5,blue
NKX2-6,blue
NKX2-8,blue
NKX3-1,blue
NKX6-1,blue
NKX6-2,blue
NLGN1,blue
NLN,blue
NLRC5,blue
NLRX1,blue
NMD3,blue
NME1,blue
NME2,blue
NME4,blue
NMI,blue
NMNAT2,blue
NMT1,blue
NMUR1,blue
NNT,blue
NOB1,blue
NOC2L,blue
NOC4L,blue
NOL10,blue
NOL11,blue
NOL4,blue
NOLC1,blue
NOM1,blue
NOP10,blue
NOP2,blue
NOS1,blue
NOS2,blue
NOTCH3,blue
NOTUM,blue
NOVA1,blue
NPAS1,blue
NPAS2,blue
NPAS3,blue
NPAS4,blue
NPC1,blue
NPC2,blue
NPDC1,blue
NPFFR1,blue
NPFFR2,blue
NPHP1,blue
NPLOC4,blue
NPM1,blue
NPPC,blue
NPR2,blue
NPR3,blue
NPTN,blue
NPTX1,blue
NPW,blue
NPY,blue
NPY1R,blue
NPY2R,blue
NQO1,blue
NQO2,blue
NR1D1,blue
NR1D2,blue
NR1H3,blue
NR2C1,blue
NR2C2,blue
NR2E1,blue
NR2F1,blue
NR3C1,blue
NR4A3,blue
NR6A1,blue
NRARP,blue
NRBF2,blue
NRCAM,blue
NRD1,blue
NRF1,blue
NRG2,blue
NRG3,blue
NRGN,blue
NRIP1,blue
NRM,blue
NRP1,blue
NRP2,blue
NRXN1,blue
NRXN3,blue
NSA2,blue
NSMAF,blue
NSUN2,blue
NSUN3,blue
NSUN4,blue
NSUN6,blue
NSUN7,blue
NT5C2,blue
NT5DC1,blue
NT5M,blue
NTF3,blue
NTM,blue
NTNG1,blue
NTRK3,blue
NUB1,blue
NUBP2,blue
NUBPL,blue
NUCB1,blue
NUDCD3,blue
NUDT12,blue
NUDT13,blue
NUDT15,blue
NUDT16L1,blue
NUDT18,blue
NUDT21,blue
NUDT22,blue
NUDT5,blue
NUDT6,blue
NUF2,blue
NUFIP2,blue
NUMA1,blue
NUMB,blue
NUMBL,blue
NUP107,blue
NUP133,blue
NUP155,blue
NUP188,blue
NUP214,blue
NUP35,blue
NUP50,blue
NUP85,blue
NUP93,blue
NUP98,blue
NUPL1,blue
NUS1,blue
NUSAP1,blue
NVL,blue
NXN,blue
NXPH2,blue
NXPH3,blue
NXT1,blue
NYNRIN,blue
OAT,blue
OAZ1,blue
OAZ2,blue
OAZ3,blue
OBFC1,blue
OBFC2A,blue
OBFC2B,blue
OBSCN,blue
OCA2,blue
OCEL1,blue
OCIAD1,blue
OCIAD2,blue
OCLN,blue
ODF2L,blue
ODZ3,blue
ODZ4,blue
OGDHL,blue
OGFOD2,blue
OGFR,blue
OGG1,blue
OLFM1,blue
OLFM2,blue
OLFM3,blue
OLFML2B,blue
OLIG1,blue
OLIG2,blue
OMA1,blue
ONECUT1,blue
ONECUT3,blue
OPCML,blue
OPN3,blue
OPRD1,blue
OR10H2,blue
OR2L13,blue
OR8U8,blue
ORAOV1,blue
ORC1L,blue
ORC2L,blue
ORC3L,blue
ORC5L,blue
ORC6L,blue
ORMDL2,blue
OSBPL10,blue
OSBPL1A,blue
OSBPL6,blue
OSBPL7,blue
OSBPL8,blue
OSBPL9,blue
OSCP1,blue
OSGEPL1,blue
OSGIN1,blue
OSGIN2,blue
OSMR,blue
OSR2,blue
OSTBETA,blue
OSTC,blue
OTOP2,blue
OTUD4,blue
OTUD6B,blue
OTUD7B,blue
OTX1,blue
OXA1L,blue
OXNAD1,blue
OXR1,blue
OXSM,blue
OXSR1,blue
P11,blue
P2RX5,blue
P2RX6,blue
P2RX7,blue
P2RY1,blue
P4HA1,blue
P4HA2,blue
P4HA3,blue
P4HB,blue
P4HTM,blue
PABPC1,blue
PABPC4,blue
PACRG,blue
PACRGL,blue
PACS2,blue
PACSIN1,blue
PAFAH1B2,blue
PAICS,blue
PAIP2,blue
PAIP2B,blue
PAK1,blue
PAK7,blue
PALLD,blue
PALM,blue
PAMR1,blue
PAN2,blue
PANK1,blue
PANX1,blue
PANX2,blue
PAOX,blue
PAPD5,blue
PAPOLA,blue
PAPOLB,blue
PAPSS2,blue
PAQR4,blue
PAQR5,blue
PAQR9,blue
PARD3,blue
PARD6A,blue
PARD6G,blue
PARK7,blue
PARM1,blue
PARP11,blue
PARP14,blue
PARP2,blue
PARS2,blue
PARVB,blue
PATL1,blue
PAX1,blue
PAX5,blue
PAX7,blue
PAX8,blue
PBK,blue
PBLD,blue
PBX1,blue
PBX2,blue
PBXIP1,blue
PCBD2,blue
PCBP1,blue
PCBP3,blue
PCBP4,blue
PCCB,blue
PCDH1,blue
PCDH10,blue
PCDH17,blue
PCDH20,blue
PCDH21,blue
PCDH8,blue
PCDH9,blue
PCDHA1,blue
PCDHB10,blue
PCDHB11,blue
PCDHB16,blue
PCDHB17,blue
PCDHB2,blue
PCDHB6,blue
PCDHB7,blue
PCDHGA1,blue
PCDHGA4,blue
PCDHGB5,blue
PCDP1,blue
PCGF1,blue
PCGF2,blue
PCGF3,blue
PCGF6,blue
PCID2,blue
PCIF1,blue
PCM1,blue
PCMT1,blue
PCMTD1,blue
PCMTD2,blue
PCNA,blue
PCNP,blue
PCNX,blue
PCOLCE2,blue
PCOTH,blue
PCP4,blue
PCP4L1,blue
PCSK1,blue
PCTP,blue
PCYOX1,blue
PCYT1A,blue
PCYT2,blue
PDCD11,blue
PDCD2L,blue
PDCD6,blue
PDCD6IP,blue
PDCD7,blue
PDDC1,blue
PDE11A,blue
PDE12,blue
PDE2A,blue
PDE3B,blue
PDE4A,blue
PDE4B,blue
PDE4C,blue
PDE6D,blue
PDE7A,blue
PDE8A,blue
PDGFRL,blue
PDHB,blue
PDHX,blue
PDIA6,blue
PDIK1L,blue
PDK1,blue
PDK2,blue
PDP1,blue
PDP2,blue
PDPK1,blue
PDRG1,blue
PDS5A,blue
PDS5B,blue
PDSS2,blue
PDXK,blue
PDXP,blue
PDZD8,blue
PDZRN3,blue
PDZRN4,blue
PEAR1,blue
PEBP1,blue
PECI,blue
PEF1,blue
PELI2,blue
PELI3,blue
PELP1,blue
PEMT,blue
PEPD,blue
PES1,blue
PET112L,blue
PET117,blue
PEX10,blue
PEX11G,blue
PEX12,blue
PEX13,blue
PEX14,blue
PEX16,blue
PEX19,blue
PEX26,blue
PEX5,blue
PEX7,blue
PFAS,blue
PFDN1,blue
PFDN2,blue
PFDN4,blue
PFDN5,blue
PFDN6,blue
PFKFB2,blue
PFKFB3,blue
PFKFB4,blue
PFKL,blue
PFKP,blue
PFN1,blue
PFN2,blue
PFN4,blue
PGAM1,blue
PGAM5,blue
PGAP1,blue
PGBD1,blue
PGBD2,blue
PGBD4,blue
PGD,blue
PGGT1B,blue
PGLYRP2,blue
PGM2,blue
PGM2L1,blue
PGM3,blue
PGP,blue
PGS1,blue
PHACTR1,blue
PHACTR2,blue
PHACTR3,blue
PHACTR4,blue
PHAX,blue
PHB,blue
PHC3,blue
PHF1,blue
PHF10,blue
PHF12,blue
PHF13,blue
PHF14,blue
PHF15,blue
PHF17,blue
PHF19,blue
PHF20,blue
PHF21B,blue
PHF5A,blue
PHGDH,blue
PHIP,blue
PHKG2,blue
PHLDA1,blue
PHLDA2,blue
PHLPP1,blue
PHOSPHO1,blue
PHOSPHO2,blue
PHOX2A,blue
PHPT1,blue
PHTF1,blue
PHTF2,blue
PHYHIP,blue
PI16,blue
PI4K2A,blue
PI4K2B,blue
PI4KB,blue
PIAS1,blue
PIAS2,blue
PIAS4,blue
PIBF1,blue
PICALM,blue
PICK1,blue
PIF1,blue
PIGB,blue
PIGH,blue
PIGK,blue
PIGM,blue
PIGN,blue
PIGO,blue
PIGP,blue
PIGQ,blue
PIGW,blue
PIGY,blue
PIH1D1,blue
PIK3C3,blue
PIK3CA,blue
PIK3IP1,blue
PIK3R1,blue
PIK3R2,blue
PIK3R3,blue
PIK3R4,blue
PIM1,blue
PIM3,blue
PIN1,blue
PIP4K2A,blue
PIP4K2B,blue
PIP5K1C,blue
PISD,blue
PITPNA,blue
PITPNB,blue
PITPNC1,blue
PITX3,blue
PIWIL1,blue
PJA2,blue
PKD2,blue
PKIA,blue
PKIB,blue
PKIG,blue
PKN2,blue
PKNOX1,blue
PKP3,blue
PLA2G16,blue
PLA2G4C,blue
PLA2G6,blue
PLA2G7,blue
PLAA,blue
PLAC8,blue
PLAC9,blue
PLAUR,blue
PLCB3,blue
PLCG1,blue
PLCXD2,blue
PLD1,blue
PLD3,blue
PLDN,blue
PLEC1,blue
PLEK2,blue
PLEKHA5,blue
PLEKHB2,blue
PLEKHF2,blue
PLEKHG2,blue
PLEKHG4,blue
PLEKHG6,blue
PLEKHH1,blue
PLEKHH3,blue
PLEKHM3,blue
PLIN3,blue
PLIN5,blue
PLK1S1,blue
PLK3,blue
PLK5P,blue
PLLP,blue
PLOD1,blue
PLOD2,blue
PLRG1,blue
PLS1,blue
PLSCR1,blue
PLSCR2,blue
PLSCR4,blue
PLTP,blue
PLXDC1,blue
PLXNA2,blue
PLXNA4,blue
PLXNB1,blue
PLXND1,blue
PMEPA1,blue
PMM1,blue
PMP22,blue
PMS1,blue
PNKP,blue
PNN,blue
PNO1,blue
PNP,blue
PNPLA3,blue
PNPLA5,blue
PNPLA6,blue
PNPLA7,blue
PNPLA8,blue
PNPT1,blue
PNRC1,blue
PODXL,blue
POFUT2,blue
POGK,blue
POGZ,blue
POLA2,blue
POLB,blue
POLD1,blue
POLD3,blue
POLD4,blue
POLE2,blue
POLH,blue
POLI,blue
POLL,blue
POLM,blue
POLQ,blue
POLR1A,blue
POLR1D,blue
POLR1E,blue
POLR2C,blue
POLR2E,blue
POLR2F,blue
POLR2H,blue
POLR2I,blue
POLR2K,blue
POLR3A,blue
POLR3C,blue
POLR3E,blue
POLR3F,blue
POLR3GL,blue
POLR3H,blue
POLR3K,blue
POLS,blue
POM121,blue
POMGNT1,blue
POMP,blue
POMT1,blue
PON1,blue
PON2,blue
POP1,blue
POP4,blue
POP5,blue
POT1,blue
POU2F1,blue
POU3F1,blue
POU3F3,blue
POU4F1,blue
POU6F2,blue
PPA1,blue
PPA2,blue
PPAP2C,blue
PPAPDC1B,blue
PPARD,blue
PPARG,blue
PPARGC1A,blue
PPCDC,blue
PPDPF,blue
PPFIA1,blue
PPFIA2,blue
PPFIA3,blue
PPFIBP1,blue
PPFIBP2,blue
PPIA,blue
PPIB,blue
PPID,blue
PPIF,blue
PPIG,blue
PPIL1,blue
PPIL2,blue
PPIL3,blue
PPIL4,blue
PPIL5,blue
PPL,blue
PPM1A,blue
PPM1D,blue
PPM1F,blue
PPM1G,blue
PPM1H,blue
PPM1K,blue
PPM1L,blue
PPOX,blue
PPP1CA,blue
PPP1CB,blue
PPP1R10,blue
PPP1R11,blue
PPP1R12A,blue
PPP1R12C,blue
PPP1R13B,blue
PPP1R14B,blue
PPP1R15B,blue
PPP1R1B,blue
PPP1R2,blue
PPP1R3C,blue
PPP1R3E,blue
PPP1R8,blue
PPP1R9B,blue
PPP2CA,blue
PPP2R1B,blue
PPP2R2B,blue
PPP2R2C,blue
PPP2R3A,blue
PPP2R5D,blue
PPP2R5E,blue
PPP3CB,blue
PPP4R2,blue
PPP4R4,blue
PPPDE1,blue
PPRC1,blue
PPT2,blue
PQLC1,blue
PQLC2,blue
PRCC,blue
PRCP,blue
PRDM12,blue
PRDM13,blue
PRDM16,blue
PRDM2,blue
PRDM4,blue
PRDM5,blue
PRDM6,blue
PRDM8,blue
PRDX1,blue
PRDX3,blue
PRDX5,blue
PRDX6,blue
PREB,blue
PREP,blue
PREPL,blue
PRIC285,blue
PRICKLE1,blue
PRICKLE2,blue
PRIM1,blue
PRIM2,blue
PRKAA2,blue
PRKACB,blue
PRKAG2,blue
PRKAR1B,blue
PRKAR2B,blue
PRKCE,blue
PRKCG,blue
PRKCH,blue
PRKCI,blue
PRKCQ,blue
PRKCZ,blue
PRKG1,blue
PRKRA,blue
PRLHR,blue
PRMT1,blue
PRMT10,blue
PRMT2,blue
PRMT3,blue
PRMT6,blue
PRMT7,blue
PRMT8,blue
PRODH,blue
PROM1,blue
PROS1,blue
PROSAPIP1,blue
PRPF18,blue
PRPF19,blue
PRPF3,blue
PRPF31,blue
PRPF38A,blue
PRPF38B,blue
PRPF39,blue
PRPF4,blue
PRPF8,blue
PRPH2,blue
PRPSAP1,blue
PRPSAP2,blue
PRR11,blue
PRR14,blue
PRR15,blue
PRR16,blue
PRR19,blue
PRR24,blue
PRR3,blue
PRR5,blue
PRR5-ARHGAP8,blue
PRR5L,blue
PRR7,blue
PRRC1,blue
PRRG2,blue
PRRT1,blue
PRRT2,blue
PRRT3,blue
PRSS35,blue
PRTN3,blue
PSD3,blue
PSEN1,blue
PSEN2,blue
PSENEN,blue
PSIP1,blue
PSKH1,blue
PSMA3,blue
PSMA5,blue
PSMA6,blue
PSMB1,blue
PSMB10,blue
PSMB3,blue
PSMB4,blue
PSMB5,blue
PSMB6,blue
PSMB7,blue
PSMB8,blue
PSMB9,blue
PSMC1,blue
PSMC2,blue
PSMC3,blue
PSMC3IP,blue
PSMC4,blue
PSMD12,blue
PSMD13,blue
PSMD4,blue
PSMD5,blue
PSMD7,blue
PSMD8,blue
PSMD9,blue
PSME1,blue
PSME2,blue
PSME3,blue
PSME4,blue
PSMG1,blue
PSPC1,blue
PSRC1,blue
PSTK,blue
PSTPIP2,blue
PTBP1,blue
PTCD2,blue
PTCH1,blue
PTCH2,blue
PTCHD2,blue
PTDSS2,blue
PTEN,blue
PTER,blue
PTGER1,blue
PTGER4,blue
PTGES3,blue
PTGFR,blue
PTGFRN,blue
PTGIS,blue
PTGR2,blue
PTGS2,blue
PTH1R,blue
PTMA,blue
PTMS,blue
PTN,blue
PTOV1,blue
PTP4A2,blue
PTPLA,blue
PTPLAD1,blue
PTPLB,blue
PTPN1,blue
PTPN12,blue
PTPN14,blue
PTPN21,blue
PTPN4,blue
PTPN9,blue
PTPRB,blue
PTPRD,blue
PTPRE,blue
PTPRF,blue
PTPRG,blue
PTPRJ,blue
PTPRK,blue
PTPRN,blue
PTPRN2,blue
PTPRO,blue
PTPRS,blue
PTPRU,blue
PTRF,blue
PTRH2,blue
PTS,blue
PTTG1,blue
PTTG1IP,blue
PUF60,blue
PUM1,blue
PURG,blue
PUS1,blue
PUS3,blue
PUS7L,blue
PUSL1,blue
PVALB,blue
PVRL1,blue
PVRL2,blue
PWP1,blue
PWP2,blue
PWWP2A,blue
PXK,blue
PXMP3,blue
PXMP4,blue
PXT1,blue
PYCR1,blue
PYGL,blue
PYGO1,blue
PYGO2,blue
PYY,blue
QARS,blue
QKI,blue
QPCT,blue
QSER1,blue
QTRT1,blue
R3HDM1,blue
RAB10,blue
RAB11B,blue
RAB11FIP1,blue
RAB11FIP4,blue
RAB11FIP5,blue
RAB15,blue
RAB18,blue
RAB1A,blue
RAB1B,blue
RAB20,blue
RAB21,blue
RAB22A,blue
RAB23,blue
RAB27A,blue
RAB27B,blue
RAB2A,blue
RAB2B,blue
RAB30,blue
RAB32,blue
RAB33B,blue
RAB39,blue
RAB3A,blue
RAB3C,blue
RAB3GAP1,blue
RAB3GAP2,blue
RAB3IL1,blue
RAB3IP,blue
RAB40C,blue
RAB4A,blue
RAB4B,blue
RAB5A,blue
RAB5B,blue
RAB5C,blue
RAB6A,blue
RAB6B,blue
RAB7A,blue
RAB7L1,blue
RAB8B,blue
RABEP2,blue
RABEPK,blue
RABGAP1L,blue
RABIF,blue
RABL3,blue
RACGAP1,blue
RAD1,blue
RAD17,blue
RAD18,blue
RAD21,blue
RAD21L1,blue
RAD50,blue
RAD51AP1,blue
RAD51AP2,blue
RAD51L1,blue
RAD52,blue
RAD54B,blue
RADIL,blue
RAE1,blue
RAET1G,blue
RAET1L,blue
RAF1,blue
RAG2,blue
RAI1,blue
RAI14,blue
RALA,blue
RALB,blue
RALBP1,blue
RALGAPA1,blue
RALGAPA2,blue
RALGPS1,blue
RANBP1,blue
RANBP3,blue
RANBP9,blue
RANGAP1,blue
RANGRF,blue
RAP1A,blue
RAP1GDS1,blue
RAPGEF6,blue
RARA,blue
RARB,blue
RARG,blue
RARRES1,blue
RARS,blue
RASA1,blue
RASA3,blue
RASAL2,blue
RASEF,blue
RASGRF1,blue
RASGRP2,blue
RASGRP3,blue
RASIP1,blue
RASSF2,blue
RASSF4,blue
RASSF5,blue
RASSF7,blue
RAVER1,blue
RB1,blue
RBBP4,blue
RBBP5,blue
RBBP6,blue
RBL1,blue
RBL2,blue
RBM11,blue
RBM12B,blue
RBM14,blue
RBM15,blue
RBM19,blue
RBM22,blue
RBM23,blue
RBM25,blue
RBM27,blue
RBM28,blue
RBM39,blue
RBM43,blue
RBM4B,blue
RBM5,blue
RBM6,blue
RBM8A,blue
RBM9,blue
RBMS1,blue
RBMS2,blue
RBMXL2,blue
RBP4,blue
RBPJ,blue
RBPMS2,blue
RCAN3,blue
RCC2,blue
RCCD1,blue
RCE1,blue
RCN1,blue
RCN2,blue
RCN3,blue
RCOR1,blue
RCOR3,blue
RDBP,blue
RDX,blue
RECQL,blue
RECQL5,blue
REEP3,blue
REEP5,blue
REEP6,blue
REL,blue
RELA,blue
RELL2,blue
RELN,blue
RELT,blue
REM1,blue
REPS1,blue
RER1,blue
RERE,blue
RET,blue
RETN,blue
REV1,blue
REXO2,blue
RFC4,blue
RFC5,blue
RFPL4B,blue
RFTN1,blue
RFWD2,blue
RFWD3,blue
RFX1,blue
RFX2,blue
RFX3,blue
RFX5,blue
RFXAP,blue
RG9MTD1,blue
RGL1,blue
RGL2,blue
RGMA,blue
RGP1,blue
RGS12,blue
RGS16,blue
RGS2,blue
RGS20,blue
RGS4,blue
RGS6,blue
RHBDL3,blue
RHEB,blue
RHOA,blue
RHOB,blue
RHOF,blue
RHOT1,blue
RHOT2,blue
RHOU,blue
RIBC2,blue
RIC8A,blue
RICH2,blue
RICTOR,blue
RIF1,blue
RILPL2,blue
RIMKLA,blue
RIMS1,blue
RIMS3,blue
RING1,blue
RIOK2,blue
RIOK3,blue
RIPPLY2,blue
RIT1,blue
RLTPR,blue
RMND5B,blue
RNASE4,blue
RNASEN,blue
RNASET2,blue
RND3,blue
RNF10,blue
RNF103,blue
RNF11,blue
RNF111,blue
RNF121,blue
RNF126,blue
RNF13,blue
RNF135,blue
RNF138,blue
RNF139,blue
RNF14,blue
RNF141,blue
RNF146,blue
RNF150,blue
RNF152,blue
RNF157,blue
RNF165,blue
RNF166,blue
RNF169,blue
RNF175,blue
RNF180,blue
RNF181,blue
RNF185,blue
RNF19A,blue
RNF19B,blue
RNF2,blue
RNF20,blue
RNF207,blue
RNF208,blue
RNF214,blue
RNF219,blue
RNF220,blue
RNF24,blue
RNF25,blue
RNF31,blue
RNF34,blue
RNF38,blue
RNF39,blue
RNF40,blue
RNF41,blue
RNF43,blue
RNF5P1,blue
RNF6,blue
RNF8,blue
RNFT1,blue
RNFT2,blue
RNGTT,blue
RNH1,blue
RNLS,blue
RNMT,blue
RNMTL1,blue
RNPC3,blue
RNPEPL1,blue
RNPS1,blue
RNU11,blue
RNU5E,blue
ROBLD3,blue
ROBO1,blue
ROBO3,blue
ROCK1,blue
ROGDI,blue
ROMO1,blue
ROPN1L,blue
ROR2,blue
RORA,blue
RORB,blue
RPA1,blue
RPA2,blue
RPAIN,blue
RPAP1,blue
RPGRIP1,blue
RPH3A,blue
RPH3AL,blue
RPIA,blue
RPL10A,blue
RPL11,blue
RPL13AP5,blue
RPL15,blue
RPL17,blue
RPL18,blue
RPL18AP3,blue
RPL19,blue
RPL21,blue
RPL23,blue
RPL26,blue
RPL27A,blue
RPL28,blue
RPL3,blue
RPL30,blue
RPL34,blue
RPL36,blue
RPL36AL,blue
RPL37,blue
RPL38,blue
RPL6,blue
RPL7,blue
RPLP0,blue
RPLP1,blue
RPLP2,blue
RPN2,blue
RPP14,blue
RPP21,blue
RPP25,blue
RPP30,blue
RPP38,blue
RPRD1B,blue
RPRD2,blue
RPRM,blue
RPS10,blue
RPS13,blue
RPS14,blue
RPS18,blue
RPS19,blue
RPS21,blue
RPS23,blue
RPS26,blue
RPS27,blue
RPS27A,blue
RPS27L,blue
RPS29,blue
RPS3A,blue
RPS5,blue
RPS6KA2,blue
RPS6KA5,blue
RPS6KB2,blue
RPS6KC1,blue
RPS9,blue
RPSA,blue
RPSAP52,blue
RPSAP58,blue
RPTOR,blue
RPUSD1,blue
RPUSD2,blue
RPUSD3,blue
RQCD1,blue
RRAGC,blue
RRAGD,blue
RRAS,blue
RREB1,blue
RRM1,blue
RRM2B,blue
RRP1,blue
RRS1,blue
RSBN1L,blue
RSF1,blue
RSL1D1,blue
RSL24D1,blue
RSPO2,blue
RSPO3,blue
RSPRY1,blue
RSRC1,blue
RSRC2,blue
RSU1,blue
RTCD1,blue
RTDR1,blue
RTEL1,blue
RTF1,blue
RTKN2,blue
RTN1,blue
RTN3,blue
RTN4IP1,blue
RTTN,blue
RUFY1,blue
RUFY2,blue
RUFY4,blue
RUNDC3B,blue
RUNX1,blue
RUNX2,blue
RUSC1,blue
RWDD1,blue
RWDD2B,blue
RXFP3,blue
RXRA,blue
RXRG,blue
RYK,blue
S100A11,blue
S100PBP,blue
S1PR1,blue
S1PR2,blue
SAC3D1,blue
SACM1L,blue
SACS,blue
SALL1,blue
SALL3,blue
SAMD1,blue
SAMD10,blue
SAMD11,blue
SAMD13,blue
SAMD14,blue
SAMD4B,blue
SAMHD1,blue
SAMM50,blue
SAP130,blue
SAP18,blue
SAP30,blue
SAP30L,blue
SAPS1,blue
SAPS2,blue
SAR1A,blue
SAR1B,blue
SARM1,blue
SARNP,blue
SARS2,blue
SART3,blue
SASH1,blue
SASS6,blue
SATB2,blue
SAV1,blue
SBF2,blue
SBNO2,blue
SC4MOL,blue
SCAMP1,blue
SCAMP2,blue
SCAMP3,blue
SCAMP5,blue
SCAND1,blue
SCAND2,blue
SCAP,blue
SCARF2,blue
SCARNA16,blue
SCD,blue
SCD5,blue
SCFD1,blue
SCFD2,blue
SCGB3A1,blue
SCLT1,blue
SCMH1,blue
SCN2B,blue
SCN3A,blue
SCN4B,blue
SCN5A,blue
SCN9A,blue
SCNM1,blue
SCNN1A,blue
SCNN1B,blue
SCNN1G,blue
SCO2,blue
SCOC,blue
SCP2,blue
SCRIB,blue
SCRN1,blue
SCRN2,blue
SCUBE1,blue
SCYL1,blue
SCYL2,blue
SCYL3,blue
SDC2,blue
SDC3,blue
SDCBP,blue
SDCBP2,blue
SDCCAG1,blue
SDCCAG10,blue
SDF2L1,blue
SDHA,blue
SDHAF1,blue
SDHAF2,blue
SDHAP3,blue
SDHB,blue
SDHC,blue
SDHD,blue
SDK1,blue
SDK2,blue
SDR16C5,blue
SEC1,blue
SEC13,blue
SEC14L2,blue
SEC22A,blue
SEC22B,blue
SEC23B,blue
SEC24B,blue
SEC24D,blue
SEC61A2,blue
SEC63,blue
SECTM1,blue
SEH1L,blue
SEL1L,blue
SEL1L3,blue
SELK,blue
SELM,blue
SELP,blue
SELS,blue
SELV,blue
SEMA3A,blue
SEMA3E,blue
SEMA3F,blue
SEMA4B,blue
SEMA4F,blue
SEMA5A,blue
SEMA6A,blue
SEMA6B,blue
SENP1,blue
SENP2,blue
SENP5,blue
SENP7,blue
SEP-05,blue
SEP-09,blue
SEP-13,blue
SEP-15,blue
SEPSECS,blue
SEPW1,blue
SERAC1,blue
SERGEF,blue
SERHL2,blue
SERINC1,blue
SERINC3,blue
SERINC4,blue
SERINC5,blue
SERP1,blue
SERP2,blue
SERPINB9,blue
SERPINE2,blue
SERPINH1,blue
SERTAD2,blue
SERTAD3,blue
SESN2,blue
SESN3,blue
SETBP1,blue
SETD1A,blue
SETD1B,blue
SETD2,blue
SETD4,blue
SETD6,blue
SETD7,blue
SEZ6,blue
SEZ6L2,blue
SF1,blue
SF3A1,blue
SF3B1,blue
SF3B14,blue
SF3B2,blue
SF3B3,blue
SFI1,blue
SFMBT1,blue
SFMBT2,blue
SFPQ,blue
SFRP2,blue
SFRP5,blue
SFRS1,blue
SFRS11,blue
SFRS12IP1,blue
SFRS13B,blue
SFRS15,blue
SFRS18,blue
SFRS2B,blue
SFRS2IP,blue
SFRS4,blue
SFRS5,blue
SFRS6,blue
SFXN1,blue
SFXN4,blue
SFXN5,blue
SGCB,blue
SGCE,blue
SGCZ,blue
SGEF,blue
SGIP1,blue
SGK1,blue
SGK196,blue
SGMS1,blue
SGOL1,blue
SGOL2,blue
SGPP1,blue
SH2B1,blue
SH2B2,blue
SH2D5,blue
SH3BGRL2,blue
SH3BP2,blue
SH3BP4,blue
SH3BP5,blue
SH3BP5L,blue
SH3GL1,blue
SH3GL3,blue
SH3GLB1,blue
SH3GLB2,blue
SH3PXD2A,blue
SH3RF3,blue
SH3TC1,blue
SH3YL1,blue
SHANK2,blue
SHBG,blue
SHC4,blue
SHCBP1,blue
SHF,blue
SHFM1,blue
SHH,blue
SHISA3,blue
SHISA7,blue
SHISA9,blue
SHKBP1,blue
SHPK,blue
SHPRH,blue
SHQ1,blue
SIAE,blue
SIAH1,blue
SIGIRR,blue
SIGLEC10,blue
SIK2,blue
SIM1,blue
SIN3A,blue
SIRPA,blue
SIRT2,blue
SIRT3,blue
SIRT5,blue
SIRT6,blue
SIRT7,blue
SIVA1,blue
SIX1,blue
SIX3,blue
SIX4,blue
SKA1,blue
SKA2,blue
SKA3,blue
SKAP2,blue
SKI,blue
SKIV2L,blue
SKIV2L2,blue
SKP1,blue
SLAIN1,blue
SLAIN2,blue
SLBP,blue
SLC10A7,blue
SLC12A2,blue
SLC12A4,blue
SLC12A8,blue
SLC12A9,blue
SLC13A5,blue
SLC16A13,blue
SLC16A6,blue
SLC16A9,blue
SLC17A7,blue
SLC18A2,blue
SLC1A1,blue
SLC1A2,blue
SLC1A3,blue
SLC1A4,blue
SLC20A1,blue
SLC20A2,blue
SLC22A16,blue
SLC22A23,blue
SLC22A5,blue
SLC23A1,blue
SLC25A1,blue
SLC25A11,blue
SLC25A17,blue
SLC25A19,blue
SLC25A2,blue
SLC25A23,blue
SLC25A24,blue
SLC25A28,blue
SLC25A33,blue
SLC25A35,blue
SLC25A36,blue
SLC25A37,blue
SLC25A38,blue
SLC25A39,blue
SLC25A40,blue
SLC25A42,blue
SLC25A44,blue
SLC25A46,blue
SLC26A2,blue
SLC27A1,blue
SLC27A6,blue
SLC29A1,blue
SLC29A2,blue
SLC29A3,blue
SLC2A1,blue
SLC2A12,blue
SLC2A8,blue
SLC2A9,blue
SLC30A4,blue
SLC30A7,blue
SLC30A9,blue
SLC31A2,blue
SLC33A1,blue
SLC35A1,blue
SLC35B1,blue
SLC35B4,blue
SLC35C1,blue
SLC35C2,blue
SLC35E1,blue
SLC35F1,blue
SLC35F2,blue
SLC35F3,blue
SLC35F5,blue
SLC36A4,blue
SLC37A1,blue
SLC37A3,blue
SLC37A4,blue
SLC38A2,blue
SLC38A4,blue
SLC38A6,blue
SLC38A9,blue
SLC39A10,blue
SLC39A11,blue
SLC39A13,blue
SLC39A3,blue
SLC39A4,blue
SLC39A7,blue
SLC3A2,blue
SLC41A1,blue
SLC43A1,blue
SLC43A2,blue
SLC44A2,blue
SLC44A4,blue
SLC46A1,blue
SLC48A1,blue
SLC4A1,blue
SLC4A2,blue
SLC4A3,blue
SLC4A4,blue
SLC4A8,blue
SLC5A3,blue
SLC5A5,blue
SLC6A12,blue
SLC6A15,blue
SLC6A3,blue
SLC6A5,blue
SLC6A9,blue
SLC7A11,blue
SLC7A14,blue
SLC8A1,blue
SLC8A2,blue
SLC8A3,blue
SLC9A2,blue
SLC9A3,blue
SLC9A3R1,blue
SLC9A3R2,blue
SLCO2A1,blue
SLCO5A1,blue
SLFN11,blue
SLFN12L,blue
SLFN5,blue
SLIT1,blue
SLIT3,blue
SLITRK1,blue
SLITRK5,blue
SLMAP,blue
SLTM,blue
SLU7,blue
SMAD1,blue
SMAD2,blue
SMAD4,blue
SMAD5,blue
SMAD7,blue
SMAGP,blue
SMAP1,blue
SMAP2,blue
SMARCA2,blue
SMARCA5,blue
SMARCAD1,blue
SMARCB1,blue
SMARCC1,blue
SMARCC2,blue
SMARCD1,blue
SMARCD2,blue
SMARCE1,blue
SMC2,blue
SMC3,blue
SMC4,blue
SMC5,blue
SMC6,blue
SMCHD1,blue
SMCR7,blue
SMCR7L,blue
SMEK1,blue
SMEK2,blue
SMG6,blue
SMG7,blue
SMNDC1,blue
SMO,blue
SMOC2,blue
SMOX,blue
SMPDL3A,blue
SMTN,blue
SMTNL2,blue
SMYD2,blue
SMYD3,blue
SMYD4,blue
SMYD5,blue
SNAI2,blue
SNAP23,blue
SNAP25,blue
SNAPC1,blue
SNAR-F,blue
SNCA,blue
SNCAIP,blue
SNCB,blue
SND1,blue
SNF8,blue
SNHG11,blue
SNHG12,blue
SNHG3-RCC1,blue
SNHG5,blue
SNHG6,blue
SNHG8,blue
SNHG9,blue
SNN,blue
SNORA16A,blue
SNORA17,blue
SNORA26,blue
SNORA57,blue
SNORA6,blue
SNORA76,blue
SNORA9,blue
SNORD115-7,blue
SNORD15A,blue
SNORD1C,blue
SNORD27,blue
SNORD36B,blue
SNORD42B,blue
SNORD43,blue
SNORD45C,blue
SNORD46,blue
SNORD55,blue
SNORD59A,blue
SNORD84,blue
SNPH,blue
SNRK,blue
SNRNP200,blue
SNRNP27,blue
SNRNP70,blue
SNRPA,blue
SNRPB,blue
SNRPB2,blue
SNRPC,blue
SNRPD2,blue
SNRPE,blue
SNRPG,blue
SNTB1,blue
SNUPN,blue
SNW1,blue
SNX1,blue
SNX10,blue
SNX11,blue
SNX17,blue
SNX18,blue
SNX2,blue
SNX24,blue
SNX26,blue
SNX27,blue
SNX29,blue
SNX3,blue
SNX33,blue
SNX5,blue
SNX9,blue
SOAT1,blue
SOAT2,blue
SOCS2,blue
SOCS3,blue
SOCS4,blue
SOCS5,blue
SOCS6,blue
SOD1,blue
SOD2,blue
SON,blue
SORBS1,blue
SORBS2,blue
SORCS2,blue
SORD,blue
SOS2,blue
SOX1,blue
SOX11,blue
SOX12,blue
SOX18,blue
SOX2OT,blue
SOX4,blue
SOX9,blue
SP1,blue
SP2,blue
SP3,blue
SP5,blue
SP9,blue
SPAG1,blue
SPAG16,blue
SPAG7,blue
SPAG8,blue
SPATA24,blue
SPATA2L,blue
SPATA4,blue
SPATA5,blue
SPATA7,blue
SPATS2,blue
SPC25,blue
SPCS3,blue
SPDYA,blue
SPEN,blue
SPG11,blue
SPG20,blue
SPG7,blue
SPHKAP,blue
SPIRE1,blue
SPIRE2,blue
SPOCK1,blue
SPOCK3,blue
SPON1,blue
SPOPL,blue
SPPL2A,blue
SPPL2B,blue
SPR,blue
SPRED1,blue
SPRED2,blue
SPRR1A,blue
SPRY1,blue
SPRY2,blue
SPRY4,blue
SPRYD3,blue
SPRYD4,blue
SPSB1,blue
SPSB3,blue
SPSB4,blue
SPTAN1,blue
SPTBN1,blue
SPTBN2,blue
SPTBN4,blue
SPTLC1,blue
SPTLC2,blue
SPTY2D1,blue
SQRDL,blue
SRBD1,blue
SRCAP,blue
SRCIN1,blue
SRD5A2,blue
SRD5A3,blue
SREBF1,blue
SREBF2,blue
SRF,blue
SRGAP1,blue
SRGAP3,blue
SRI,blue
SRM,blue
SRP14,blue
SRP19,blue
SRP54,blue
SRP68,blue
SRP9,blue
SRPK2,blue
SRPRB,blue
SRRM2,blue
SRRM3,blue
SRRM4,blue
SRRT,blue
SS18,blue
SS18L2,blue
SSB,blue
SSBP1,blue
SSBP2,blue
SSBP3,blue
SSBP4,blue
SSH1,blue
SSPN,blue
SSR1,blue
SSR2,blue
SSR3,blue
SSSCA1,blue
SSTR1,blue
SSTR2,blue
SSTR4,blue
SSU72,blue
ST14,blue
ST3GAL1,blue
ST3GAL2,blue
ST3GAL5,blue
ST5,blue
ST6GALNAC2,blue
ST6GALNAC3,blue
ST6GALNAC5,blue
ST7,blue
ST7OT4,blue
ST8SIA1,blue
ST8SIA2,blue
ST8SIA3,blue
ST8SIA4,blue
STAG1,blue
STAM,blue
STAMBP,blue
STAMBPL1,blue
STAP2,blue
STARD13,blue
STARD3,blue
STARD3NL,blue
STARD4,blue
STARD7,blue
STARD9,blue
STAT1,blue
STAT2,blue
STAT3,blue
STAT4,blue
STAT5B,blue
STAT6,blue
STAU2,blue
STC1,blue
STEAP2,blue
STIM2,blue
STK11IP,blue
STK17A,blue
STK17B,blue
STK19,blue
STK25,blue
STK32B,blue
STK32C,blue
STK38,blue
STK38L,blue
STK4,blue
STK40,blue
STMN1,blue
STMN3,blue
STOML1,blue
STOX2,blue
STRADA,blue
STRADB,blue
STRAP,blue
STT3A,blue
STT3B,blue
STX17,blue
STX18,blue
STX1A,blue
STX2,blue
STX3,blue
STX4,blue
STX7,blue
STXBP1,blue
STXBP3,blue
STXBP6,blue
STYK1,blue
STYX,blue
STYXL1,blue
SUB1,blue
SUCLA2,blue
SUCLG2,blue
SUDS3,blue
SUFU,blue
SUGT1,blue
SUGT1L1,blue
SUGT1P1,blue
SULF2,blue
SULT1A1,blue
SULT2B1,blue
SUMF1,blue
SUOX,blue
SUPT16H,blue
SUPT4H1,blue
SUPT5H,blue
SUPT6H,blue
SUPT7L,blue
SUPV3L1,blue
SUSD5,blue
SUV420H1,blue
SUV420H2,blue
SUZ12P,blue
SV2B,blue
SVEP1,blue
SVIL,blue
SVOPL,blue
SYCE1L,blue
SYCP2L,blue
SYDE2,blue
SYF2,blue
SYN2,blue
SYNC,blue
SYNCRIP,blue
SYNE1,blue
SYNGAP1,blue
SYNGR1,blue
SYNGR3,blue
SYNJ1,blue
SYNJ2,blue
SYNM,blue
SYNPO,blue
SYNPO2,blue
SYPL1,blue
SYPL2,blue
SYS1,blue
SYT1,blue
SYT12,blue
SYT13,blue
SYT4,blue
SYT5,blue
SYT6,blue
SYTL2,blue
SYVN1,blue
T,blue
TAAR5,blue
TAC1,blue
TACO1,blue
TADA1,blue
TAF10,blue
TAF11,blue
TAF12,blue
TAF13,blue
TAF1A,blue
TAF2,blue
TAF4,blue
TAF4B,blue
TAF5,blue
TAF6,blue
TAF7,blue
TAF8,blue
TAF9,blue
TAGLN2,blue
TAGLN3,blue
TAL1,blue
TALDO1,blue
TANC1,blue
TANK,blue
TAOK1,blue
TAOK2,blue
TAOK3,blue
TAPBP,blue
TAPBPL,blue
TARBP1,blue
TARS,blue
TARS2,blue
TARSL2,blue
TAS1R1,blue
TASP1,blue
TATDN1,blue
TATDN3,blue
TAX1BP1,blue
TBC1D1,blue
TBC1D10A,blue
TBC1D12,blue
TBC1D14,blue
TBC1D15,blue
TBC1D16,blue
TBC1D19,blue
TBC1D22A,blue
TBC1D23,blue
TBC1D2B,blue
TBC1D4,blue
TBC1D5,blue
TBC1D7,blue
TBCB,blue
TBCC,blue
TBCE,blue
TBCK,blue
TBK1,blue
TBL1XR1,blue
TBL3,blue
TBR1,blue
TBRG1,blue
TBX1,blue
TBX2,blue
TBX3,blue
TBX5,blue
TCEB1,blue
TCEB3,blue
TCF25,blue
TCF3,blue
TCF4,blue
TCF7L2,blue
TCHP,blue
TCP1,blue
TCP11L1,blue
TCTE1,blue
TCTN1,blue
TCTN2,blue
TDG,blue
TDH,blue
TDP1,blue
TDRD12,blue
TDRD3,blue
TEAD1,blue
TEC,blue
TECPR1,blue
TECPR2,blue
TECR,blue
TEF,blue
TEKT3,blue
TEKT4,blue
TELO2,blue
TEPP,blue
TERC,blue
TERF2,blue
TESK2,blue
TEX14,blue
TEX2,blue
TEX264,blue
TEX9,blue
TFAM,blue
TFAP2A,blue
TFB1M,blue
TFCP2,blue
TFRC,blue
TGDS,blue
TGFA,blue
TGFB1,blue
TGFB2,blue
TGFB3,blue
TGFBR1,blue
TGFBR2,blue
TGFBR3,blue
TGIF1,blue
TGOLN2,blue
TH,blue
THAP1,blue
THAP11,blue
THAP8,blue
THBS2,blue
THNSL1,blue
THOC1,blue
THOP1,blue
THPO,blue
THRA,blue
THRAP3,blue
THRB,blue
THSD1P,blue
THSD7A,blue
THTPA,blue
THUMPD2,blue
THY1,blue
THYN1,blue
TIAL1,blue
TIAM1,blue
TICAM1,blue
TIGD2,blue
TIGD3,blue
TIMELESS,blue
TIMM50,blue
TIMM8B,blue
TIMP2,blue
TINF2,blue
TIPARP,blue
TIPRL,blue
TIRAP,blue
TJP1,blue
TK2,blue
TKT,blue
TLCD2,blue
TLE2,blue
TLE3,blue
TLE4,blue
TLK1,blue
TLL1,blue
TLR10,blue
TLR2,blue
TLR5,blue
TLX2,blue
TLX3,blue
TM2D1,blue
TM7SF2,blue
TM7SF3,blue
TM9SF2,blue
TM9SF4,blue
TMBIM1,blue
TMBIM6,blue
TMC3,blue
TMCC2,blue
TMCO1,blue
TMCO3,blue
TMCO4,blue
TMED1,blue
TMED10,blue
TMED2,blue
TMED4,blue
TMED5,blue
TMED7,blue
TMED7-TICAM2,blue
TMEFF1,blue
TMEFF2,blue
TMEM101,blue
TMEM102,blue
TMEM104,blue
TMEM106B,blue
TMEM106C,blue
TMEM107,blue
TMEM109,blue
TMEM11,blue
TMEM110,blue
TMEM111,blue
TMEM120A,blue
TMEM121,blue
TMEM123,blue
TMEM127,blue
TMEM128,blue
TMEM129,blue
TMEM132A,blue
TMEM132C,blue
TMEM132D,blue
TMEM134,blue
TMEM136,blue
TMEM143,blue
TMEM146,blue
TMEM14C,blue
TMEM161A,blue
TMEM161B,blue
TMEM163,blue
TMEM167B,blue
TMEM17,blue
TMEM170B,blue
TMEM175,blue
TMEM176B,blue
TMEM177,blue
TMEM178,blue
TMEM179B,blue
TMEM180,blue
TMEM184B,blue
TMEM184C,blue
TMEM185B,blue
TMEM19,blue
TMEM194B,blue
TMEM199,blue
TMEM2,blue
TMEM201,blue
TMEM205,blue
TMEM206,blue
TMEM208,blue
TMEM209,blue
TMEM217,blue
TMEM222,blue
TMEM233,blue
TMEM25,blue
TMEM26,blue
TMEM30A,blue
TMEM33,blue
TMEM38B,blue
TMEM39B,blue
TMEM41A,blue
TMEM41B,blue
TMEM44,blue
TMEM45A,blue
TMEM48,blue
TMEM49,blue
TMEM5,blue
TMEM50B,blue
TMEM52,blue
TMEM55B,blue
TMEM57,blue
TMEM59L,blue
TMEM62,blue
TMEM63A,blue
TMEM63B,blue
TMEM63C,blue
TMEM66,blue
TMEM67,blue
TMEM68,blue
TMEM69,blue
TMEM85,blue
TMEM8A,blue
TMEM90B,blue
TMEM91,blue
TMEM93,blue
TMEM97,blue
TMEM9B,blue
TMF1,blue
TMOD2,blue
TMOD3,blue
TMPO,blue
TMTC1,blue
TMTC4,blue
TMUB1,blue
TMUB2,blue
TMX2,blue
TMX4,blue
TNFAIP8,blue
TNFAIP8L1,blue
TNFRSF19,blue
TNFRSF21,blue
TNFRSF6B,blue
TNFSF11,blue
TNFSF12,blue
TNFSF13,blue
TNFSF13B,blue
TNFSF9,blue
TNIK,blue
TNIP1,blue
TNIP3,blue
TNK1,blue
TNK2,blue
TNKS,blue
TNKS1BP1,blue
TNKS2,blue
TNNI3,blue
TNPO1,blue
TNPO2,blue
TNR,blue
TNRC18,blue
TNRC6A,blue
TNRC6B,blue
TNRC6C,blue
TOB2,blue
TOM1L2,blue
TOMM20,blue
TOMM34,blue
TOMM6,blue
TOP2A,blue
TOP2B,blue
TOPBP1,blue
TOPORS,blue
TOR1AIP1,blue
TOR1AIP2,blue
TOR3A,blue
TOX2,blue
TOX4,blue
TP53,blue
TP53BP1,blue
TP53I13,blue
TP53I3,blue
TP53INP2,blue
TP53TG1,blue
TP53TG5,blue
TP73,blue
TPBG,blue
TPCN1,blue
TPD52L1,blue
TPD52L2,blue
TPH2,blue
TPK1,blue
TPM1,blue
TPM4,blue
TPP1,blue
TPP2,blue
TPPP,blue
TPRA1,blue
TPRG1L,blue
TPSG1,blue
TPST2,blue
TPX2,blue
TRA2A,blue
TRABD,blue
TRADD,blue
TRAF3,blue
TRAF3IP1,blue
TRAF4,blue
TRAF6,blue
TRAF7,blue
TRAK2,blue
TRAM1,blue
TRAM1L1,blue
TRAM2,blue
TRAPPC1,blue
TRAPPC2L,blue
TRAPPC4,blue
TRAPPC5,blue
TRDMT1,blue
TRIB1,blue
TRIB2,blue
TRIL,blue
TRIM11,blue
TRIM15,blue
TRIM2,blue
TRIM26,blue
TRIM27,blue
TRIM31,blue
TRIM35,blue
TRIM36,blue
TRIM37,blue
TRIM39,blue
TRIM44,blue
TRIM45,blue
TRIM46,blue
TRIM58,blue
TRIM67,blue
TRIM7,blue
TRIM9,blue
TRIOBP,blue
TRIP11,blue
TRIP13,blue
TRMT1,blue
TRMT12,blue
TRMT5,blue
TRMT61B,blue
TRNAU1AP,blue
TRNP1,blue
TRNT1,blue
TROVE2,blue
TRPC1,blue
TRPC3,blue
TRPC4,blue
TRPC4AP,blue
TRPM6,blue
TRPS1,blue
TRPT1,blue
TRPV2,blue
TRPV3,blue
TSC2,blue
TSC22D1,blue
TSEN2,blue
TSEN54,blue
TSHR,blue
TSHZ1,blue
TSHZ2,blue
TSKU,blue
TSLP,blue
TSN,blue
TSPAN14,blue
TSPAN3,blue
TSPAN31,blue
TSPAN33,blue
TSPAN5,blue
TSPAN9,blue
TSPYL1,blue
TSPYL4,blue
TSSC1,blue
TSSC4,blue
TSTA3,blue
TTBK2,blue
TTC1,blue
TTC15,blue
TTC18,blue
TTC19,blue
TTC21A,blue
TTC23,blue
TTC25,blue
TTC26,blue
TTC27,blue
TTC28,blue
TTC29,blue
TTC30B,blue
TTC31,blue
TTC32,blue
TTC35,blue
TTC39A,blue
TTC39C,blue
TTC8,blue
TTC9B,blue
TTC9C,blue
TTF2,blue
TTK,blue
TTLL11,blue
TTLL12,blue
TTLL13,blue
TTLL3,blue
TTLL4,blue
TTLL6,blue
TTLL7,blue
TTPA,blue
TTPAL,blue
TTYH1,blue
TTYH2,blue
TUB,blue
TUBA1B,blue
TUBA1C,blue
TUBA8,blue
TUBB,blue
TUBB2A,blue
TUBB2B,blue
TUBB3,blue
TUBB4,blue
TUBD1,blue
TUBE1,blue
TUBGCP4,blue
TUBGCP5,blue
TUFM,blue
TUSC1,blue
TUSC3,blue
TUSC4,blue
TUT1,blue
TWF1,blue
TWIST1,blue
TWSG1,blue
TXLNA,blue
TXN,blue
TXN2,blue
TXNDC11,blue
TXNDC12,blue
TXNDC15,blue
TXNDC17,blue
TXNDC5,blue
TXNDC6,blue
TXNDC9,blue
TXNL1,blue
TXNRD1,blue
TXNRD2,blue
TYK2,blue
TYMP,blue
TYMS,blue
TYRO3,blue
TYROBP,blue
TYSND1,blue
TYW3,blue
UAP1L1,blue
UBA52,blue
UBA6,blue
UBAC2,blue
UBAP1,blue
UBAP2L,blue
UBC,blue
UBE2B,blue
UBE2C,blue
UBE2D2,blue
UBE2D3,blue
UBE2E1,blue
UBE2G1,blue
UBE2H,blue
UBE2I,blue
UBE2J2,blue
UBE2N,blue
UBE2O,blue
UBE2Q1,blue
UBE2QL1,blue
UBE2QP1,blue
UBE2S,blue
UBE2T,blue
UBE2V1,blue
UBE2V2,blue
UBE2W,blue
UBE2Z,blue
UBE3B,blue
UBE4B,blue
UBIAD1,blue
UBL5,blue
UBL7,blue
UBN1,blue
UBOX5,blue
UBP1,blue
UBQLN1,blue
UBR2,blue
UBR4,blue
UBR5,blue
UBR7,blue
UBTD2,blue
UBTF,blue
UBXN1,blue
UBXN11,blue
UBXN2A,blue
UBXN2B,blue
UBXN7,blue
UCK2,blue
UCP2,blue
UFD1L,blue
UFM1,blue
UFSP2,blue
UGCG,blue
UGDH,blue
UGGT1,blue
UGGT2,blue
UGP2,blue
UGT8,blue
UHMK1,blue
UHRF1,blue
UHRF1BP1,blue
UHRF1BP1L,blue
UHRF2,blue
UIMC1,blue
ULBP3,blue
ULK4,blue
UMPS,blue
UNC13B,blue
UNC45A,blue
UNC5A,blue
UNC84A,blue
UNCX,blue
UNG,blue
UNKL,blue
UPF1,blue
UPF2,blue
UPK3A,blue
UQCC,blue
UQCRB,blue
UQCRC2,blue
UQCRFS1,blue
UQCRQ,blue
URGCP,blue
UROD,blue
USF1,blue
USF2,blue
USH1C,blue
USO1,blue
USP1,blue
USP12,blue
USP13,blue
USP15,blue
USP16,blue
USP2,blue
USP3,blue
USP30,blue
USP32,blue
USP33,blue
USP34,blue
USP36,blue
USP4,blue
USP42,blue
USP46,blue
USP47,blue
USP48,blue
USP5,blue
USPL1,blue
UTP11L,blue
UTP15,blue
UTP18,blue
UTP23,blue
UTP3,blue
UTP6,blue
UVRAG,blue
UXS1,blue
VAC14,blue
VAMP1,blue
VAMP2,blue
VAMP3,blue
VAMP4,blue
VAPA,blue
VAPB,blue
VARS,blue
VARS2,blue
VASH1,blue
VASH2,blue
VASP,blue
VAT1L,blue
VAX2,blue
VCAN,blue
VCP,blue
VCPIP1,blue
VDAC1,blue
VDR,blue
VEGFB,blue
VENTX,blue
VGF,blue
VGLL3,blue
VGLL4,blue
VHL,blue
VIPR1,blue
VIPR2,blue
VMAC,blue
VOPP1,blue
VPS11,blue
VPS13A,blue
VPS13B,blue
VPS13D,blue
VPS18,blue
VPS25,blue
VPS26A,blue
VPS26B,blue
VPS28,blue
VPS29,blue
VPS33A,blue
VPS36,blue
VPS37C,blue
VPS37D,blue
VPS39,blue
VPS41,blue
VPS45,blue
VPS52,blue
VPS53,blue
VPS8,blue
VRK1,blue
VRK3,blue
VSNL1,blue
VSTM2A,blue
VSTM2B,blue
VTI1A,blue
VTI1B,blue
VTRNA1-2,blue
VTRNA1-3,blue
VWA3B,blue
VWA5B2,blue
VWCE,blue
VWDE,blue
WARS,blue
WARS2,blue
WASF1,blue
WASF2,blue
WASF3,blue
WASL,blue
WBP1,blue
WBP11,blue
WBP2,blue
WBSCR16,blue
WBSCR27,blue
WDFY2,blue
WDFY3,blue
WDR16,blue
WDR18,blue
WDR19,blue
WDR27,blue
WDR3,blue
WDR31,blue
WDR33,blue
WDR34,blue
WDR35,blue
WDR36,blue
WDR37,blue
WDR41,blue
WDR45L,blue
WDR46,blue
WDR47,blue
WDR48,blue
WDR5,blue
WDR51B,blue
WDR6,blue
WDR61,blue
WDR62,blue
WDR65,blue
WDR67,blue
WDR70,blue
WDR73,blue
WDR75,blue
WDR77,blue
WDR8,blue
WDR81,blue
WDR82,blue
WDR85,blue
WDR87,blue
WDR89,blue
WDR90,blue
WDR93,blue
WDTC1,blue
WDYHV1,blue
WEE1,blue
WFDC3,blue
WFS1,blue
WHAMM,blue
WHSC1,blue
WIPF2,blue
WIPI1,blue
WIZ,blue
WNK1,blue
WNK4,blue
WNT16,blue
WNT2,blue
WNT2B,blue
WNT5A,blue
WNT7A,blue
WNT7B,blue
WNT9A,blue
WRAP53,blue
WRB,blue
WRN,blue
WRNIP1,blue
WWOX,blue
WWP1,blue
WWTR1,blue
XBP1,blue
XKR4,blue
XKR6,blue
XKR7,blue
XKR8,blue
XPC,blue
XPNPEP1,blue
XPNPEP3,blue
XPO4,blue
XPO5,blue
XPO6,blue
XPOT,blue
XRCC1,blue
XRCC4,blue
XRCC5,blue
XRCC6BP1,blue
XRN1,blue
XRN2,blue
XYLB,blue
XYLT1,blue
XYLT2,blue
YAF2,blue
YAP1,blue
YARS2,blue
YBX1,blue
YEATS4,blue
YIF1A,blue
YIF1B,blue
YIPF1,blue
YIPF3,blue
YIPF4,blue
YLPM1,blue
YME1L1,blue
YPEL2,blue
YPEL3,blue
YPEL5,blue
YTHDC1,blue
YTHDF2,blue
YTHDF3,blue
YWHAB,blue
YWHAG,blue
YWHAH,blue
YWHAZ,blue
YY1,blue
ZADH2,blue
ZAK,blue
ZBBX,blue
ZBED3,blue
ZBED4,blue
ZBTB1,blue
ZBTB10,blue
ZBTB11,blue
ZBTB12,blue
ZBTB16,blue
ZBTB2,blue
ZBTB22,blue
ZBTB3,blue
ZBTB39,blue
ZBTB4,blue
ZBTB40,blue
ZBTB45,blue
ZBTB47,blue
ZBTB48,blue
ZBTB5,blue
ZBTB6,blue
ZBTB7A,blue
ZBTB8B,blue
ZBTB9,blue
ZC3H11A,blue
ZC3H12A,blue
ZC3H12C,blue
ZC3H13,blue
ZC3H15,blue
ZC3H4,blue
ZC3H6,blue
ZC3H7B,blue
ZC3H8,blue
ZC3HAV1,blue
ZC3HC1,blue
ZCCHC10,blue
ZCCHC11,blue
ZCCHC17,blue
ZCCHC4,blue
ZCCHC6,blue
ZCCHC8,blue
ZDHHC13,blue
ZDHHC14,blue
ZDHHC22,blue
ZDHHC4,blue
ZDHHC7,blue
ZDHHC8,blue
ZEB1,blue
ZEB2,blue
ZER1,blue
ZFAND2A,blue
ZFAND5,blue
ZFAND6,blue
ZFHX3,blue
ZFP1,blue
ZFP161,blue
ZFP28,blue
ZFP30,blue
ZFP36,blue
ZFP36L1,blue
ZFP36L2,blue
ZFP41,blue
ZFP62,blue
ZFP64,blue
ZFP82,blue
ZFP91,blue
ZFPM1,blue
ZFPM2,blue
ZFYVE1,blue
ZFYVE19,blue
ZFYVE20,blue
ZFYVE28,blue
ZFYVE9,blue
ZGPAT,blue
ZHX1,blue
ZHX3,blue
ZIC1,blue
ZIC4,blue
ZKSCAN4,blue
ZKSCAN5,blue
ZMAT2,blue
ZMAT3,blue
ZMAT4,blue
ZMPSTE24,blue
ZMYM2,blue
ZMYM4,blue
ZMYM6,blue
ZMYND11,blue
ZMYND19,blue
ZNF10,blue
ZNF107,blue
ZNF12,blue
ZNF121,blue
ZNF131,blue
ZNF132,blue
ZNF133,blue
ZNF135,blue
ZNF140,blue
ZNF141,blue
ZNF154,blue
ZNF155,blue
ZNF16,blue
ZNF165,blue
ZNF169,blue
ZNF174,blue
ZNF175,blue
ZNF18,blue
ZNF184,blue
ZNF187,blue
ZNF192,blue
ZNF197,blue
ZNF2,blue
ZNF20,blue
ZNF200,blue
ZNF204P,blue
ZNF207,blue
ZNF211,blue
ZNF212,blue
ZNF213,blue
ZNF215,blue
ZNF22,blue
ZNF224,blue
ZNF225,blue
ZNF226,blue
ZNF227,blue
ZNF229,blue
ZNF23,blue
ZNF233,blue
ZNF234,blue
ZNF235,blue
ZNF24,blue
ZNF25,blue
ZNF250,blue
ZNF253,blue
ZNF256,blue
ZNF26,blue
ZNF260,blue
ZNF264,blue
ZNF266,blue
ZNF267,blue
ZNF271,blue
ZNF273,blue
ZNF280D,blue
ZNF281,blue
ZNF282,blue
ZNF283,blue
ZNF284,blue
ZNF287,blue
ZNF292,blue
ZNF295,blue
ZNF296,blue
ZNF3,blue
ZNF300,blue
ZNF302,blue
ZNF304,blue
ZNF311,blue
ZNF317,blue
ZNF318,blue
ZNF32,blue
ZNF322A,blue
ZNF323,blue
ZNF324B,blue
ZNF329,blue
ZNF331,blue
ZNF333,blue
ZNF334,blue
ZNF335,blue
ZNF337,blue
ZNF33A,blue
ZNF341,blue
ZNF343,blue
ZNF345,blue
ZNF346,blue
ZNF347,blue
ZNF350,blue
ZNF354B,blue
ZNF354C,blue
ZNF362,blue
ZNF367,blue
ZNF37A,blue
ZNF37B,blue
ZNF384,blue
ZNF385B,blue
ZNF385D,blue
ZNF391,blue
ZNF394,blue
ZNF395,blue
ZNF397,blue
ZNF410,blue
ZNF414,blue
ZNF415,blue
ZNF417,blue
ZNF418,blue
ZNF425,blue
ZNF426,blue
ZNF428,blue
ZNF43,blue
ZNF432,blue
ZNF433,blue
ZNF44,blue
ZNF440,blue
ZNF442,blue
ZNF444,blue
ZNF445,blue
ZNF446,blue
ZNF460,blue
ZNF461,blue
ZNF471,blue
ZNF480,blue
ZNF483,blue
ZNF486,blue
ZNF487,blue
ZNF492,blue
ZNF493,blue
ZNF496,blue
ZNF500,blue
ZNF501,blue
ZNF503,blue
ZNF507,blue
ZNF509,blue
ZNF510,blue
ZNF511,blue
ZNF512,blue
ZNF513,blue
ZNF516,blue
ZNF521,blue
ZNF528,blue
ZNF529,blue
ZNF530,blue
ZNF532,blue
ZNF546,blue
ZNF547,blue
ZNF548,blue
ZNF551,blue
ZNF552,blue
ZNF557,blue
ZNF559,blue
ZNF561,blue
ZNF563,blue
ZNF565,blue
ZNF566,blue
ZNF569,blue
ZNF570,blue
ZNF574,blue
ZNF575,blue
ZNF576,blue
ZNF577,blue
ZNF579,blue
ZNF580,blue
ZNF581,blue
ZNF585A,blue
ZNF585B,blue
ZNF586,blue
ZNF598,blue
ZNF599,blue
ZNF605,blue
ZNF607,blue
ZNF611,blue
ZNF613,blue
ZNF615,blue
ZNF616,blue
ZNF621,blue
ZNF623,blue
ZNF624,blue
ZNF625,blue
ZNF627,blue
ZNF628,blue
ZNF638,blue
ZNF639,blue
ZNF641,blue
ZNF646,blue
ZNF652,blue
ZNF653,blue
ZNF660,blue
ZNF665,blue
ZNF667,blue
ZNF668,blue
ZNF670,blue
ZNF671,blue
ZNF680,blue
ZNF681,blue
ZNF684,blue
ZNF687,blue
ZNF688,blue
ZNF689,blue
ZNF691,blue
ZNF692,blue
ZNF700,blue
ZNF702P,blue
ZNF704,blue
ZNF706,blue
ZNF71,blue
ZNF718,blue
ZNF720,blue
ZNF721,blue
ZNF727,blue
ZNF740,blue
ZNF747,blue
ZNF749,blue
ZNF76,blue
ZNF768,blue
ZNF772,blue
ZNF774,blue
ZNF777,blue
ZNF780A,blue
ZNF781,blue
ZNF784,blue
ZNF785,blue
ZNF787,blue
ZNF79,blue
ZNF790,blue
ZNF791,blue
ZNF792,blue
ZNF793,blue
ZNF8,blue
ZNF800,blue
ZNF804A,blue
ZNF804B,blue
ZNF821,blue
ZNF823,blue
ZNF828,blue
ZNF83,blue
ZNF830,blue
ZNF833,blue
ZNF837,blue
ZNF839,blue
ZNF841,blue
ZNF843,blue
ZNF844,blue
ZNF846,blue
ZNF876P,blue
ZNF880,blue
ZNF92,blue
ZNF93,blue
ZNHIT2,blue
ZNHIT3,blue
ZNRD1,blue
ZNRF1,blue
ZNRF2,blue
ZNRF3,blue
ZPBP,blue
ZSCAN1,blue
ZSCAN12,blue
ZSCAN16,blue
ZSCAN18,blue
ZSCAN2,blue
ZSCAN20,blue
ZSCAN21,blue
ZSWIM1,blue
ZSWIM6,blue
ZSWIM7,blue
ZUFSP,blue
ZWILCH,blue
ZXDC,blue
ZZEF1,blue
ZZZ3,blue
A2BP1,brown
AAA1,brown
AACS,brown
AATF,brown
ABCA2,brown
ABHD11,brown
ABLIM2,brown
ABR,brown
ABTB1,brown
ACADS,brown
ACOT7,brown
ACSL5,brown
ACTN2,brown
ACVR1B,brown
ACYP2,brown
ADAMTS16,brown
ADAP1,brown
ADARB2,brown
AGAP1,brown
AGAP3,brown
AHRR,brown
AIPL1,brown
AIRE,brown
AJAP1,brown
AKAP7,brown
AKT1,brown
ALG1L,brown
ALLC,brown
ANKFY1,brown
ANKH,brown
ANKRD11,brown
ANKRD33B,brown
ANKS1A,brown
ANKS3,brown
ANXA13,brown
APOA5,brown
ARFGEF1,brown
ARHGAP5,brown
ARHGEF10,brown
ARID1B,brown
ASAP1,brown
ASB18,brown
ASCL1,brown
ASNS,brown
ATAD3A,brown
ATG4C,brown
ATP10A,brown
ATP11A,brown
ATP1B2,brown
ATP4B,brown
ATP5G2,brown
ATP8A2,brown
ATXN1,brown
B3GAT1,brown
B3GNTL1,brown
B4GALT2,brown
B4GALT6,brown
BAIAP2,brown
BAMBI,brown
BANP,brown
BCL11A,brown
BCL2L11,brown
BEGAIN,brown
BHLHA15,brown
BMP7,brown
BMPER,brown
BNIP3,brown
BOK,brown
BRD1,brown
BRD3,brown
BRD4,brown
BRF1,brown
BSG,brown
BSN,brown
BTBD12,brown
BUD31,brown
C11ORF42,brown
C11ORF46,brown
C11ORF66,brown
C12ORF51,brown
C13ORF16,brown
C14ORF118,brown
C14ORF184,brown
C14ORF23,brown
C14ORF70,brown
C15ORF61,brown
C16ORF59,brown
C16ORF68,brown
C17ORF101,brown
C19ORF26,brown
C19ORF44,brown
C1ORF159,brown
C1ORF173,brown
C1ORF52,brown
C1ORF69,brown
C1ORF70,brown
C1ORF74,brown
C1ORF92,brown
C20ORF103,brown
C20ORF20,brown
C20ORF27,brown
C21ORF56,brown
C21ORF57,brown
C2ORF63,brown
C3ORF21,brown
C4ORF44,brown
C4ORF46,brown
C6ORF115,brown
C6ORF145,brown
C7,brown
C7ORF20,brown
C7ORF50,brown
C9ORF114,brown
C9ORF21,brown
C9ORF40,brown
CA2,brown
CAB39L,brown
CACNA1E,brown
CACNA1G,brown
CACNA1H,brown
CACNB4,brown
CALHM2,brown
CAMK2A,brown
CAMKK1,brown
CAMTA1,brown
CAND2,brown
CARD10,brown
CARM1,brown
CASKIN1,brown
CASP8,brown
CASZ1,brown
CBX2,brown
CBX6,brown
CCDC154,brown
CCDC40,brown
CCDC41,brown
CCDC57,brown
CCDC69,brown
CCDC85C,brown
CCDC88C,brown
CCND2,brown
CD247,brown
CD276,brown
CD28,brown
CDC16,brown
CDGAP,brown
CDH18,brown
CDK11B,brown
CDKAL1,brown
CECR5,brown
CELSR2,brown
CEP164,brown
CERKL,brown
CGNL1,brown
CHML,brown
CHN1,brown
CHRM1,brown
CHRNA4,brown
CHST11,brown
CIDEA,brown
CIRBP,brown
CISD1,brown
CKAP4,brown
CLCN7,brown
CLIP2,brown
CNN2,brown
CNNM4,brown
COL23A1,brown
COL4A2,brown
COL5A1,brown
COL6A1,brown
COL6A6,brown
CORO7,brown
COX19,brown
CPNE6,brown
CPSF1,brown
CREB3L2,brown
CREBBP,brown
CRELD2,brown
CREM,brown
CSGALNACT1,brown
CSK,brown
CSMD1,brown
CSNK1G2,brown
CTBP1,brown
CTDP1,brown
CTNNA1,brown
CTTN,brown
CUEDC1,brown
CUGBP2,brown
CUX1,brown
CXXC5,brown
CYB561,brown
CYFIP1,brown
CYP2B6,brown
CYP2D7P1,brown
CYTSB,brown
DACT2,brown
DAGLA,brown
DAGLB,brown
DCAKD,brown
DCBLD2,brown
DCTD,brown
DCUN1D3,brown
DDRGK1,brown
DDX1,brown
DEFB135,brown
DENND1A,brown
DFNA5,brown
DGKH,brown
DGKI,brown
DGKQ,brown
DGKZ,brown
DHX30,brown
DIP2A,brown
DIP2C,brown
DIRAS1,brown
DLC1,brown
DLG5,brown
DLGAP2,brown
DLGAP3,brown
DLX4,brown
DNAH7,brown
DNAJB6,brown
DNAJC15,brown
DNAJC5,brown
DOCK1,brown
DOCK4,brown
DPEP1,brown
DPRX,brown
DPYSL4,brown
DSCAM,brown
DSCAML1,brown
DTX1,brown
DULLARD,brown
DUSP14,brown
DUSP5P,brown
DUSP6,brown
DUSP7,brown
DYNC1H1,brown
E2F3,brown
EBF1,brown
EEF1A2,brown
EFNA5,brown
EFNB2,brown
EFR3A,brown
EFR3B,brown
EGFR,brown
EGR2,brown
EHD3,brown
EHMT1,brown
EIF2B4,brown
EIF2C2,brown
ELAVL3,brown
EML1,brown
EN2,brown
ENGASE,brown
EPHA4,brown
EPN1,brown
EPN3,brown
ERICH1,brown
ERP44,brown
ESPNL,brown
ESYT2,brown
EXOC2,brown
F11R,brown
FAM108C1,brown
FAM109A,brown
FAM10A4,brown
FAM163B,brown
FAM168B,brown
FAM170A,brown
FAM181A,brown
FAM198B,brown
FAM20C,brown
FAM43A,brown
FAM49A,brown
FANCD2,brown
FANCI,brown
FARP1,brown
FARS2,brown
FAT3,brown
FBRSL1,brown
FBXL14,brown
FBXL17,brown
FBXO10,brown
FBXO32,brown
FBXO4,brown
FBXW11,brown
FBXW4,brown
FBXW7,brown
FCHO2,brown
FER,brown
FES,brown
FEZ2,brown
FGF18,brown
FGF20,brown
FGF22,brown
FGFR1OP2,brown
FGFRL1,brown
FHIT,brown
FLJ39653,brown
FLJ42289,brown
FMN2,brown
FMOD,brown
FN3K,brown
FOXK2,brown
FSIP1,brown
FYN,brown
GABBR1,brown
GABRA4,brown
GABRD,brown
GABRG3,brown
GAK,brown
GALNT2,brown
GALNT9,brown
GAS7,brown
GAS8,brown
GDF6,brown
GDNF,brown
GEFT,brown
GFPT2,brown
GGN,brown
GIPC1,brown
GJB6,brown
GJD4,brown
GLB1L,brown
GLIS3,brown
GLTSCR1,brown
GLUL,brown
GNA12,brown
GNAL,brown
GNG12,brown
GOLSYN,brown
GPM6A,brown
GPR116,brown
GPR133,brown
GRASP,brown
GRIN2B,brown
GRM2,brown
GRM7,brown
HARS2,brown
HAS3,brown
HCK,brown
HDAC4,brown
HDAC7,brown
HDC,brown
HDLBP,brown
HEBP1,brown
HECW1,brown
HECW2,brown
HINT1,brown
HIST1H2BK,brown
HIVEP3,brown
HLA-E,brown
HMGCL,brown
HOMER1,brown
HOMER3,brown
HOPX,brown
HRNBP3,brown
HS6ST3,brown
HSPA12A,brown
HSPB3,brown
HTR2A,brown
HTR3B,brown
HTRA1,brown
HUNK,brown
HUS1B,brown
IDUA,brown
IFNAR2,brown
IFT140,brown
IFT172,brown
IGDCC3,brown
IGSF3,brown
IL17F,brown
IMMP2L,brown
INCENP,brown
INF2,brown
ING5,brown
INTS1,brown
IQCE,brown
IRAK4,brown
ITFG3,brown
ITGA4,brown
ITLN2,brown
ITPK1,brown
JAG2,brown
JAKMIP2,brown
JAKMIP3,brown
JARID2,brown
JAZF1,brown
JMJD1C,brown
JPH3,brown
KBTBD11,brown
KCNA6,brown
KCNAB2,brown
KCNB2,brown
KCNF1,brown
KCNG1,brown
KCNH1,brown
KCNMA1,brown
KCNN1,brown
KCNQ2,brown
KCNQ5,brown
KCNS2,brown
KCNT1,brown
KCTD1,brown
KDM4B,brown
KIAA0182,brown
KIAA0226,brown
KIAA0415,brown
KIAA1026,brown
KIAA1530,brown
KIAA1804,brown
KIDINS220,brown
KIF25,brown
KLHL1,brown
KLHL17,brown
KLHL29,brown
KRT1,brown
KRT6A,brown
LAMA2,brown
LAMB1,brown
LAMB3,brown
LCOR,brown
LCP1,brown
LETM1,brown
LHFPL2,brown
LHX2,brown
LMO3,brown
LOC100130872-SPON2,brown
LOC148696,brown
LOC284379,brown
LOC285375,brown
LOC285692,brown
LOC285780,brown
LOC390595,brown
LOC440839,brown
LPCAT1,brown
LPHN1,brown
LPPR5,brown
LRBA,brown
LRFN2,brown
LRFN3,brown
LRP1,brown
LRP5,brown
LRP8,brown
LTBP3,brown
LUZP1,brown
LYSMD4,brown
LYST,brown
LZTS2,brown
MAD1L1,brown
MAN2B2,brown
MAP1S,brown
MAP3K10,brown
MAP3K11,brown
MAP3K7IP2,brown
MAP4,brown
MAP7,brown
MAPK10,brown
MAPK4,brown
MAPK8IP3,brown
MAPT,brown
MAR-01,brown
MBTPS1,brown
MCC,brown
MCF2L,brown
MEF2C,brown
MEGF6,brown
MET,brown
MFHAS1,brown
MFI2,brown
MGAT5B,brown
MGMT,brown
MGRN1,brown
MIAT,brown
MICAL3,brown
MIER2,brown
MINK1,brown
MIR1289-2,brown
MIR155,brown
MIR942,brown
MKS1,brown
MLH1,brown
MLL3,brown
MMP17,brown
MPPED1,brown
MRPL55,brown
MSRA,brown
MTMR11,brown
MTSS1L,brown
MTX2,brown
MUC16,brown
MUM1,brown
MYADML2,brown
MYCBPAP,brown
MYH10,brown
MYH3,brown
MYO10,brown
MYO16,brown
MYO1D,brown
MYO5A,brown
MYOM2,brown
MYT1L,brown
N4BP3,brown
NAALAD2,brown
NACA2,brown
NAF1,brown
NANOS3,brown
NAPB,brown
NARFL,brown
NBAS,brown
NCALD,brown
NCLN,brown
NCOR2,brown
NCRNA00094,brown
NECAB2,brown
NEDD1,brown
NEIL3,brown
NEU4,brown
NFASC,brown
NFATC1,brown
NFKBID,brown
NGEF,brown
NHEJ1,brown
NINJ2,brown
NLGN2,brown
NOX3,brown
NPDC1,brown
NPHP4,brown
NRCAM,brown
NTM,brown
NUBPL,brown
NUMBL,brown
NXN,brown
ODZ2,brown
ODZ3,brown
ODZ4,brown
OGFR,brown
OLR1,brown
ONECUT1,brown
OPCML,brown
OR13G1,brown
OR2L13,brown
ORMDL3,brown
OSBPL1A,brown
OSBPL3,brown
OSBPL5,brown
OSBPL6,brown
OTX2OS1,brown
PACRG,brown
PACSIN1,brown
PAG1,brown
PAPSS2,brown
PAQR4,brown
PARK2,brown
PBX4,brown
PCGF3,brown
PCNXL2,brown
PCYT2,brown
PDE2A,brown
PDE4D,brown
PDE7B,brown
PDP1,brown
PEG3,brown
PEX7,brown
PFKP,brown
PHF21A,brown
PIAS4,brown
PITPNM2,brown
PKNOX2,brown
PLEC1,brown
PLEKHA4,brown
PLEKHA5,brown
PLIN1,brown
PLXND1,brown
PNLDC1,brown
PNMA1,brown
PNMA2,brown
POLRMT,brown
PPFIA3,brown
PPP3CA,brown
PRAGMIN,brown
PRDM11,brown
PRDM16,brown
PRDM5,brown
PREPL,brown
PRICKLE2,brown
PRKAG2,brown
PRKAR1B,brown
PRKCA,brown
PRKCSH,brown
PRKCZ,brown
PRR25,brown
PTCHD2,brown
PTK2B,brown
PTPLAD1,brown
PTPN14,brown
PTPRE,brown
PTPRF,brown
PTPRK,brown
PTPRN2,brown
PTPRS,brown
PVRL3,brown
PVT1,brown
PWWP2B,brown
QPCT,brown
RAB11B,brown
RAB3C,brown
RAB3GAP1,brown
RAB40B,brown
RAB40C,brown
RAD51L1,brown
RAG2,brown
RAI1,brown
RAP1GAP2,brown
RAPGEF5,brown
RAPGEFL1,brown
RAPH1,brown
RASA3,brown
RBP5,brown
REEP1,brown
RFWD3,brown
RGS12,brown
RGS6,brown
RHBDF1,brown
RHOBTB2,brown
RHOQ,brown
RIMBP2,brown
RNF169,brown
RNF213,brown
RNF214,brown
RNF216,brown
RNPEP,brown
RORA,brown
RPA3,brown
RPL26L1,brown
RPS6KA2,brown
RPTOR,brown
RREB1,brown
SALL3,brown
SAMD12,brown
SAMD4A,brown
SARDH,brown
SATB1,brown
SBK1,brown
SCAMP4,brown
SCARB1,brown
SCHIP1,brown
SCOC,brown
SCRIB,brown
SCYL3,brown
SDF4,brown
SDK1,brown
SDK2,brown
SEMA3A,brown
SEMA6B,brown
SEMA7A,brown
SEP-09,brown
SERPINB13,brown
SERPINB9,brown
SERPINF2,brown
SETBP1,brown
SF1,brown
SFRS1,brown
SFRS8,brown
SH2B3,brown
SH3RF1,brown
SH3RF3,brown
SHANK2,brown
SIAE,brown
SLC13A5,brown
SLC15A4,brown
SLC1A4,brown
SLC22A23,brown
SLC25A22,brown
SLC25A26,brown
SLC27A1,brown
SLC29A1,brown
SLC36A1,brown
SLC38A10,brown
SLC38A8,brown
SLC44A4,brown
SLC45A1,brown
SLC4A4,brown
SLC4A8,brown
SLC7A5,brown
SLC9A3,brown
SLC9A9,brown
SMAGP,brown
SMYD3,brown
SNTG1,brown
SNW1,brown
SNX26,brown
SNX7,brown
SNX8,brown
SORBS1,brown
SORBS2,brown
SORCS1,brown
SORCS2,brown
SOX9,brown
SPARCL1,brown
SPATA5,brown
SPATS2L,brown
SPO11,brown
SPTBN2,brown
SRGAP3,brown
SRPK2,brown
SSBP3,brown
ST3GAL1,brown
ST7,brown
STARD4,brown
STAU2,brown
STK32C,brown
STXBP1,brown
SUV420H1,brown
SYNE1,brown
SYNJ2,brown
SYNPO,brown
SYT17,brown
TAF1A,brown
TAT,brown
TATDN3,brown
TBC1D14,brown
TBC1D22A,brown
TBCB,brown
TBCD,brown
TCF19,brown
TCF25,brown
TDH,brown
TECTA,brown
TEKT2,brown
TERF2,brown
TERF2IP,brown
TESC,brown
TET3,brown
TFIP11,brown
THRA,brown
THSD4,brown
TIAM2,brown
TIE1,brown
TKT,brown
TLE3,brown
TMEM132B,brown
TMEM136,brown
TMEM151A,brown
TMEM155,brown
TMEM175,brown
TMEM181,brown
TMEM183A,brown
TMEM200C,brown
TMEM86B,brown
TMEM8A,brown
TMOD2,brown
TMPRSS7,brown
TMPRSS9,brown
TNNT3,brown
TOLLIP,brown
TOP1MT,brown
TP53AIP1,brown
TRAF3,brown
TRAP1,brown
TRAPPC9,brown
TRIM26,brown
TRIO,brown
TRIP13,brown
TRPS1,brown
TRRAP,brown
TSKS,brown
TSNARE1,brown
TSPYL6,brown
TTBK1,brown
TTC15,brown
TTC39A,brown
TTC39C,brown
TTL,brown
TTLL11,brown
TTLL13,brown
TUB,brown
TXNDC15,brown
UBE2H,brown
UBE3A,brown
UBOX5,brown
UBR3,brown
UBR4,brown
UCHL1,brown
UCP3,brown
ULK1,brown
UNC84A,brown
UNKL,brown
UQCR,brown
USP43,brown
VASH1,brown
VAV2,brown
VAX1,brown
VGLL4,brown
VIPR2,brown
VN1R1,brown
VNN1,brown
VPS37C,brown
VPS53,brown
VSIG8,brown
VSNL1,brown
WBP2NL,brown
WDR25,brown
WDR60,brown
WFIKKN2,brown
WFS1,brown
WHSC2,brown
WNT4,brown
WSCD1,brown
WWOX,brown
WWP1,brown
WWP2,brown
YWHAG,brown
ZBTB16,brown
ZBTB42,brown
ZBTB46,brown
ZBTB7A,brown
ZC3H12D,brown
ZC3H18,brown
ZC3H3,brown
ZDHHC14,brown
ZEB1,brown
ZFAT,brown
ZFYVE28,brown
ZMAT4,brown
ZNF154,brown
ZNF234,brown
ZNF292,brown
ZNF423,brown
ZNF500,brown
ZNF516,brown
ZNF526,brown
ZNF536,brown
ZNF608,brown
ZNF618,brown
ZNF692,brown
ZNF787,brown
ZSCAN18,brown
ZZEF1,brown
AANAT,cyan
ABCA2,cyan
ABCB11,cyan
ABCC4,cyan
ABLIM1,cyan
ABR,cyan
ABTB2,cyan
ACACB,cyan
ACCN1,cyan
ACRBP,cyan
ACSF3,cyan
ACSL1,cyan
ACSS3,cyan
ACTA1,cyan
ADAM23,cyan
ADAM33,cyan
ADAM8,cyan
ADAMTS10,cyan
ADAMTS12,cyan
ADAMTS18,cyan
ADAMTS2,cyan
ADAMTS6,cyan
ADAMTSL2,cyan
ADAP1,cyan
ADARB2,cyan
ADCY8,cyan
ADCY9,cyan
ADK,cyan
ADPRHL1,cyan
ADRB3,cyan
AEN,cyan
AFMID,cyan
AGAP1,cyan
AGBL2,cyan
AGPAT9,cyan
AGXT2L2,cyan
AHNAK,cyan
AHNAK2,cyan
AIFM2,cyan
AKAP12,cyan
AKAP13,cyan
AKR7A3,cyan
ALDH1A3,cyan
ALDH1B1,cyan
ALDH3A2,cyan
ALDH7A1,cyan
ALOX12B,cyan
ALS2CL,cyan
AMPD3,cyan
ANGPT1,cyan
ANKH,cyan
ANKLE1,cyan
ANKMY1,cyan
ANO1,cyan
APC2,cyan
APOBEC2,cyan
APPBP2,cyan
AQP5,cyan
ARHGAP18,cyan
ARHGAP22,cyan
ARHGAP8,cyan
ARHGEF10,cyan
ARHGEF10L,cyan
ARHGEF2,cyan
ARPP19,cyan
ARRDC2,cyan
ARSB,cyan
ARSG,cyan
ASAM,cyan
ASCC3,cyan
ASPG,cyan
ASZ1,cyan
ATF3,cyan
ATG10,cyan
ATP11A,cyan
ATP2B4,cyan
ATP6V0E1,cyan
ATP8B3,cyan
B3GNT3,cyan
B3GNT9,cyan
BAIAP2,cyan
BANP,cyan
BASP1,cyan
BAT2,cyan
BCAM,cyan
BCAT2,cyan
BCL2L1,cyan
BCL2L14,cyan
BCMO1,cyan
BDKRB2,cyan
BEND7,cyan
BHLHE41,cyan
BOLL,cyan
BRD4,cyan
BTBD3,cyan
C10ORF114,cyan
C10ORF18,cyan
C10ORF26,cyan
C10ORF72,cyan
C12ORF39,cyan
C12ORF75,cyan
C12ORF76,cyan
C13ORF15,cyan
C13ORF33,cyan
C14ORF38,cyan
C14ORF43,cyan
C15ORF26,cyan
C15ORF39,cyan
C16ORF61,cyan
C16ORF73,cyan
C17ORF80,cyan
C18ORF1,cyan
C19ORF41,cyan
C19ORF77,cyan
C1ORF194,cyan
C20ORF26,cyan
C21ORF56,cyan
C21ORF70,cyan
C21ORF91,cyan
C2ORF54,cyan
C2ORF68,cyan
C2ORF70,cyan
C3ORF17,cyan
C4ORF11,cyan
C4ORF33,cyan
C4ORF49,cyan
C5ORF56,cyan
C6ORF138,cyan
C6ORF47,cyan
C6ORF52,cyan
C7ORF23,cyan
C7ORF31,cyan
C7ORF50,cyan
C7ORF52,cyan
C8ORF45,cyan
C9ORF109,cyan
C9ORF122,cyan
C9ORF3,cyan
C9ORF98,cyan
CAB39L,cyan
CABP1,cyan
CACNA1B,cyan
CACNA1I,cyan
CACNB4,cyan
CACNG8,cyan
CADPS2,cyan
CALCB,cyan
CALCR,cyan
CALD1,cyan
CALHM2,cyan
CALY,cyan
CAMTA1,cyan
CANT1,cyan
CASKIN2,cyan
CASP7,cyan
CASP8,cyan
CAST,cyan
CATSPER4,cyan
CATSPERB,cyan
CBLB,cyan
CCDC114,cyan
CCDC42B,cyan
CCDC6,cyan
CCDC85A,cyan
CCDC87,cyan
CCDC88A,cyan
CCL2,cyan
CCND2,cyan
CCNJL,cyan
CD14,cyan
CD40,cyan
CD44,cyan
CD97,cyan
CDADC1,cyan
CDC25B,cyan
CDC42BPB,cyan
CDC42BPG,cyan
CDCA7L,cyan
CDH12,cyan
CDH23,cyan
CDK13,cyan
CDKN1C,cyan
CDO1,cyan
CDR2L,cyan
CDX2,cyan
CDYL,cyan
CEBPE,cyan
CELSR1,cyan
CELSR3,cyan
CENPF,cyan
CFLAR,cyan
CH25H,cyan
CHD5,cyan
CHID1,cyan
CHN2,cyan
CHODL,cyan
CHRNA2,cyan
CHRNA4,cyan
CHST14,cyan
CHST8,cyan
CIDEA,cyan
CLCN1,cyan
CLCN7,cyan
CLDN11,cyan
CLEC1A,cyan
CLIC6,cyan
CLN6,cyan
CLYBL,cyan
CMA1,cyan
CMTM7,cyan
CNO,cyan
CNOT8,cyan
CNTD2,cyan
CNTNAP4,cyan
COL11A1,cyan
COL12A1,cyan
COL18A1,cyan
COL1A2,cyan
COL23A1,cyan
COL25A1,cyan
COL29A1,cyan
COL2A1,cyan
COL9A1,cyan
COL9A3,cyan
COMMD6,cyan
COPS7B,cyan
COQ2,cyan
CP,cyan
CPLX1,cyan
CPM,cyan
CPNE4,cyan
CPZ,cyan
CR2,cyan
CRABP1,cyan
CRABP2,cyan
CRCP,cyan
CREB5,cyan
CREG1,cyan
CRISP3,cyan
CROCC,cyan
CRTC1,cyan
CRYAB,cyan
CSF1,cyan
CSGALNACT1,cyan
CSPG4,cyan
CTDSP1,cyan
CTSF,cyan
CTSO,cyan
CTTNBP2,cyan
CUBN,cyan
CUGBP2,cyan
CUX1,cyan
CXCL5,cyan
CXCR7,cyan
CXXC5,cyan
CYBRD1,cyan
CYFIP1,cyan
CYGB,cyan
CYLD,cyan
CYP2J2,cyan
CYR61,cyan
CYTL1,cyan
CYYR1,cyan
DAB2,cyan
DAB2IP,cyan
DBNDD2,cyan
DCAF13,cyan
DCHS2,cyan
DCI,cyan
DDC,cyan
DDIT4L,cyan
DEFA4,cyan
DGKD,cyan
DHRS12,cyan
DHRS4,cyan
DHX36,cyan
DHX58,cyan
DIAPH3,cyan
DIP2B,cyan
DIP2C,cyan
DLG2,cyan
DLGAP2,cyan
DMPK,cyan
DNAH17,cyan
DNASE2,cyan
DNM3,cyan
DNMT3A,cyan
DOCK10,cyan
DOCK5,cyan
DOT1L,cyan
DPF3,cyan
DPP7,cyan
DPYSL3,cyan
DPYSL4,cyan
DSCR3,cyan
DST,cyan
DTHD1,cyan
DUOXA2,cyan
DUSP27,cyan
DUSP3,cyan
DYNLL2,cyan
DYRK4,cyan
DYSF,cyan
EBF3,cyan
ECE1,cyan
ECEL1,cyan
ECHDC2,cyan
ECSIT,cyan
EFCAB4A,cyan
EFNA3,cyan
EIF4EBP3,cyan
ELF1,cyan
ELK3,cyan
ELL2,cyan
ELOVL1,cyan
ELOVL5,cyan
EMID2,cyan
EML3,cyan
EN2,cyan
ENPP2,cyan
ENPP6,cyan
EP400NL,cyan
EPB41L4A,cyan
EPHA2,cyan
EPHA5,cyan
EPHX2,cyan
EPN2,cyan
EPS15,cyan
EPS8,cyan
EPS8L1,cyan
EPSTI1,cyan
ERAP2,cyan
ERC1,cyan
EREG,cyan
ERG,cyan
ERLEC1,cyan
ESAM,cyan
ESR1,cyan
EVL,cyan
EYA4,cyan
F13A1,cyan
FAH,cyan
FAM107B,cyan
FAM108B1,cyan
FAM126A,cyan
FAM129A,cyan
FAM132A,cyan
FAM134B,cyan
FAM13A,cyan
FAM160A1,cyan
FAM190B,cyan
FAM195B,cyan
FAM196B,cyan
FAM198B,cyan
FAM53B,cyan
FAM55C,cyan
FAM59B,cyan
FAM63A,cyan
FAM83F,cyan
FAM89B,cyan
FAR1,cyan
FARP1,cyan
FARS2,cyan
FBXL18,cyan
FCHSD2,cyan
FDXACB1,cyan
FGF1,cyan
FGFR2,cyan
FGL1,cyan
FIS1,cyan
FKBP11,cyan
FLJ10357,cyan
FLJ36031,cyan
FLJ36777,cyan
FLJ41350,cyan
FLT3LG,cyan
FNBP1,cyan
FNDC7,cyan
FOLR2,cyan
FOXE1,cyan
FOXJ3,cyan
FOXK1,cyan
FOXK2,cyan
FOXO1,cyan
FOXP1,cyan
FRG1B,cyan
FRMD4A,cyan
FTH1,cyan
FUT8,cyan
FXYD5,cyan
FYTTD1,cyan
GAB1,cyan
GABARAP,cyan
GABRB3,cyan
GALM,cyan
GALNT5,cyan
GALNT9,cyan
GAP43,cyan
GAS7,cyan
GATA5,cyan
GBGT1,cyan
GCC2,cyan
GCLC,cyan
GFPT2,cyan
GIPC3,cyan
GIPR,cyan
GLI2,cyan
GLI3,cyan
GLIPR1,cyan
GLIPR1L1,cyan
GMEB2,cyan
GNA12,cyan
GNG7,cyan
GPATCH8,cyan
GPER,cyan
GPR120,cyan
GPR133,cyan
GPR37,cyan
GPR68,cyan
GPRC5A,cyan
GPSM2,cyan
GRAMD3,cyan
GRID2IP,cyan
GRIN1,cyan
GRM1,cyan
GSTO2,cyan
GSTP1,cyan
GSX2,cyan
GTF2H4,cyan
GUCA1C,cyan
GUCY2C,cyan
GYPC,cyan
GZMA,cyan
H6PD,cyan
HAAO,cyan
HAPLN2,cyan
HAUS4,cyan
HDAC4,cyan
HDGF,cyan
HDLBP,cyan
HEBP1,cyan
HGF,cyan
HKDC1,cyan
HLA-A,cyan
HLA-B,cyan
HLA-C,cyan
HLA-DMA,cyan
HLA-DMB,cyan
HLA-DQA1,cyan
HLA-DQA2,cyan
HLA-DRA,cyan
HLA-J,cyan
HLCS,cyan
HMCN1,cyan
HMGA2,cyan
HMOX1,cyan
HNMT,cyan
HOTAIR,cyan
HOXD8,cyan
HPN,cyan
HPS4,cyan
HPSE2,cyan
HRNBP3,cyan
HS3ST1,cyan
HSBP1L1,cyan
HSD3B7,cyan
HSPA12A,cyan
HSPA1A,cyan
HSPA1B,cyan
HSPB8,cyan
IAH1,cyan
ICAM5,cyan
ID4,cyan
IFI30,cyan
IFIH1,cyan
IFIT1,cyan
IFIT3,cyan
IFITM3,cyan
IGF1R,cyan
IGSF22,cyan
IHH,cyan
IL16,cyan
IL6ST,cyan
INPP4B,cyan
INPP5A,cyan
INS-IGF2,cyan
INSL4,cyan
IQGAP1,cyan
IQSEC3,cyan
IRAK1BP1,cyan
IRF1,cyan
IRF2,cyan
IRF5,cyan
IRX6,cyan
ITGA1,cyan
ITPKB,cyan
ITPR2,cyan
JAKMIP3,cyan
JSRP1,cyan
JUP,cyan
KAZALD1,cyan
KBTBD11,cyan
KCNB1,cyan
KCNIP4,cyan
KCNJ1,cyan
KCNJ2,cyan
KCNJ5,cyan
KCNK15,cyan
KCNK2,cyan
KCNK4,cyan
KCNK6,cyan
KCNMB3,cyan
KCNT1,cyan
KCP,cyan
KCTD2,cyan
KDM2B,cyan
KHDRBS3,cyan
KIAA0040,cyan
KIAA0101,cyan
KIAA0247,cyan
KIAA0513,cyan
KIAA0652,cyan
KIAA0748,cyan
KIAA1026,cyan
KIAA1217,cyan
KIAA1462,cyan
KIF26B,cyan
KIF9,cyan
KLF11,cyan
KLF15,cyan
KLF3,cyan
KLF7,cyan
KLHDC7B,cyan
KLHL26,cyan
KLHL28,cyan
KLHL32,cyan
KLK10,cyan
KLK15,cyan
KNDC1,cyan
KRBA1,cyan
KRT3,cyan
KY,cyan
LAMA2,cyan
LAMA5,cyan
LASS3,cyan
LATS2,cyan
LBXCOR1,cyan
LCE1C,cyan
LCN10,cyan
LDHD,cyan
LDLR,cyan
LEF1,cyan
LGALS1,cyan
LGALS3,cyan
LGI3,cyan
LHPP,cyan
LHX3,cyan
LHX4,cyan
LHX6,cyan
LIMS2,cyan
LIPE,cyan
LIX1,cyan
LMNA,cyan
LMOD1,cyan
LMTK3,cyan
LNX1,cyan
LOC100128731,cyan
LOC100271722,cyan
LOC100287216,cyan
LOC100292680,cyan
LOC283050,cyan
LOC284688,cyan
LOC285830,cyan
LOC285954,cyan
LOC387647,cyan
LOC389333,cyan
LOC390858,cyan
LOC399959,cyan
LOC400804,cyan
LOC401463,cyan
LOC645323,cyan
LOC650226,cyan
LOC650368,cyan
LOC729991-MEF2B,cyan
LPGAT1,cyan
LRCH1,cyan
LRIG3,cyan
LRRC14B,cyan
LRRFIP2,cyan
LRRK1,cyan
LSAMP,cyan
LTK,cyan
LZTS2,cyan
MAB21L1,cyan
MACROD1,cyan
MADCAM1,cyan
MAFF,cyan
MAG,cyan
MALAT1,cyan
MALL,cyan
MAML3,cyan
MAN2A1,cyan
MAN2B1,cyan
MANBA,cyan
MAP2K3,cyan
MAP3K14,cyan
MAP3K6,cyan
MAP3K7,cyan
MAP4K4,cyan
MAP7,cyan
MAR-08,cyan
MAST3,cyan
MAT2B,cyan
MBNL1,cyan
MBP,cyan
MC2R,cyan
MC4R,cyan
MCF2L2,cyan
ME2,cyan
MED28,cyan
MEIS1,cyan
MEOX2,cyan
MET,cyan
METRNL,cyan
METTL7A,cyan
MFGE8,cyan
MFN1,cyan
MGAT1,cyan
MGC14436,cyan
MGC23284,cyan
MGST2,cyan
MICA,cyan
MICAL3,cyan
MIR2116,cyan
MIR345,cyan
MIR548F5,cyan
MIR548H4,cyan
MIR564,cyan
MIR874,cyan
MKLN1,cyan
MLF1IP,cyan
MLLT10,cyan
MMP2,cyan
MOBKL2B,cyan
MOBKL2C,cyan
MRO,cyan
MRPL48,cyan
MS4A13,cyan
MS4A7,cyan
MSI2,cyan
MT1E,cyan
MT1L,cyan
MT1M,cyan
MTMR10,cyan
MTMR7,cyan
MTUS1,cyan
MVP,cyan
MYADM,cyan
MYBPC2,cyan
MYH11,cyan
MYO3B,cyan
MYO5C,cyan
MYPN,cyan
MYT1L,cyan
N4BP2,cyan
N4BP3,cyan
NAGLU,cyan
NAIP,cyan
NAPRT1,cyan
NARFL,cyan
NBL1,cyan
NCAPG2,cyan
NCOA4,cyan
NCRNA00085,cyan
NDRG1,cyan
NDUFA4,cyan
NEAT1,cyan
NECAB3,cyan
NEDD4,cyan
NEK10,cyan
NFATC1,cyan
NFATC4,cyan
NFIB,cyan
NFIC,cyan
NFIX,cyan
NFKBIZ,cyan
NHLRC2,cyan
NID2,cyan
NOL11,cyan
NOP56,cyan
NOS2,cyan
NOVA1,cyan
NOVA2,cyan
NPPC,cyan
NPTX2,cyan
NPY,cyan
NR2F2,cyan
NR3C1,cyan
NRM,cyan
NRXN1,cyan
NT5E,cyan
NTF3,cyan
NTM,cyan
NUP210L,cyan
NUP43,cyan
NUPR1,cyan
ODF1,cyan
ONECUT2,cyan
OR1K1,cyan
OR2T6,cyan
OR4C6,cyan
OR52M1,cyan
OR52N2,cyan
ORMDL3,cyan
OSGIN1,cyan
OTUD7B,cyan
OTX2,cyan
OTX2OS1,cyan
OXGR1,cyan
P11,cyan
PACRG,cyan
PAK1,cyan
PAK6,cyan
PALLD,cyan
PALM2,cyan
PALMD,cyan
PAOX,cyan
PAPL,cyan
PAQR5,cyan
PAX1,cyan
PAX7,cyan
PC,cyan
PCDHGA4,cyan
PCSK1,cyan
PCSK9,cyan
PDE10A,cyan
PDE4B,cyan
PDE4C,cyan
PDE4D,cyan
PDE6B,cyan
PDGFC,cyan
PDGFRA,cyan
PDGFRB,cyan
PDLIM5,cyan
PDXK,cyan
PELI2,cyan
PF4,cyan
PFKFB3,cyan
PGAP2,cyan
PHACTR4,cyan
PHLDA3,cyan
PHLDB1,cyan
PHLDB2,cyan
PHLDB3,cyan
PIGV,cyan
PIK3AP1,cyan
PIK3CD,cyan
PIK3R1,cyan
PIK3R6,cyan
PIP4K2A,cyan
PKD2,cyan
PKP1,cyan
PL-5283,cyan
PLA2G16,cyan
PLA2G4E,cyan
PLAC8,cyan
PLCD1,cyan
PLEC1,cyan
PLEKHA4,cyan
PLEKHF1,cyan
PLEKHG4B,cyan
PLIN5,cyan
PLLP,cyan
PLXNA4,cyan
PMP22,cyan
POLR1A,cyan
POLR1D,cyan
POPDC3,cyan
PPFIA4,cyan
PPFIBP2,cyan
PPIC,cyan
PPM1H,cyan
PPP1R14A,cyan
PPP4R2,cyan
PRB4,cyan
PRDM16,cyan
PRIMA1,cyan
PRKCG,cyan
PRKCH,cyan
PRKD2,cyan
PRKG1,cyan
PRND,cyan
PROX2,cyan
PRR25,cyan
PRSS27,cyan
PSMB9,cyan
PSMD13,cyan
PSME1,cyan
PSMF1,cyan
PSMG2,cyan
PTCD3,cyan
PTDSS2,cyan
PTGS1,cyan
PTN,cyan
PTPRN2,cyan
PTPRU,cyan
PTRF,cyan
PURG,cyan
PXK,cyan
PYGL,cyan
QDPR,cyan
QRICH1,cyan
QSOX1,cyan
RAB27B,cyan
RAB33B,cyan
RAB38,cyan
RAET1K,cyan
RAET1L,cyan
RAF1,cyan
RAI1,cyan
RALGPS2,cyan
RAPGEFL1,cyan
RARRES3,cyan
RASGEF1A,cyan
RASGEF1C,cyan
RASSF10,cyan
RAX,cyan
RBMS3,cyan
RBP1,cyan
RCAN3,cyan
RFESD,cyan
RFFL,cyan
RFX4,cyan
RGL1,cyan
RGL3,cyan
RGS1,cyan
RGS11,cyan
RGS12,cyan
RHBDF2,cyan
RLTPR,cyan
RNF13,cyan
RNF135,cyan
RNF182,cyan
RNF207,cyan
RNF212,cyan
RNF220,cyan
RNF39,cyan
RNF7,cyan
ROBO3,cyan
ROR1,cyan
RORA,cyan
RPH3A,cyan
RPH3AL,cyan
RPL13AP3,cyan
RPS6KA1,cyan
RPS6KA2,cyan
RPTOR,cyan
RTN4,cyan
RWDD2A,cyan
RYBP,cyan
S100A10,cyan
SALL1,cyan
SAMD9L,cyan
SASH1,cyan
SBSN,cyan
SCARB2,cyan
SCGBL,cyan
SCHIP1,cyan
SCMH1,cyan
SCN10A,cyan
SCNN1D,cyan
SDK1,cyan
SDSL,cyan
SEC24D,cyan
SELV,cyan
SEP-05,cyan
SEP-09,cyan
SEPHS2,cyan
SERPINA3,cyan
SERPINB8,cyan
SERPINE1,cyan
SF3B1,cyan
SFRP2,cyan
SFRP4,cyan
SGMS1,cyan
SGTA,cyan
SH2D2A,cyan
SH3BP4,cyan
SH3PXD2A,cyan
SH3RF2,cyan
SHB,cyan
SHCBP1,cyan
SHF,cyan
SIAH1,cyan
SIK2,cyan
SIM2,cyan
SIPA1,cyan
SKI,cyan
SLAIN1,cyan
SLBP,cyan
SLC13A3,cyan
SLC15A4,cyan
SLC16A8,cyan
SLC16A9,cyan
SLC1A5,cyan
SLC25A1,cyan
SLC25A27,cyan
SLC25A31,cyan
SLC29A1,cyan
SLC2A2,cyan
SLC2A4,cyan
SLC35D1,cyan
SLC35F1,cyan
SLC40A1,cyan
SLC44A3,cyan
SLC6A1,cyan
SLC6A12,cyan
SLC7A11,cyan
SLURP1,cyan
SMARCA4,cyan
SMARCD2,cyan
SMG6,cyan
SMOC1,cyan
SMOC2,cyan
SMTNL2,cyan
SMURF1,cyan
SNHG3,cyan
SNRNP70,cyan
SNTG2,cyan
SNX1,cyan
SNX26,cyan
SOBP,cyan
SOCS1,cyan
SORBS3,cyan
SOX2OT,cyan
SOX5,cyan
SP110,cyan
SPATA1,cyan
SPATA13,cyan
SPEG,cyan
SPEN,cyan
SPIB,cyan
SPPL2B,cyan
SPSB2,cyan
SPTB,cyan
SPTBN4,cyan
SQSTM1,cyan
SRGAP3,cyan
SRP19,cyan
SSBP2,cyan
ST3GAL1,cyan
ST6GAL1,cyan
ST8SIA4,cyan
STARD3NL,cyan
STAT5B,cyan
STK16,cyan
STK33,cyan
STRN3,cyan
STRN4,cyan
SUPT3H,cyan
SYCP2L,cyan
SYN3,cyan
SYNGAP1,cyan
SYNJ2,cyan
SYT5,cyan
SYTL2,cyan
T,cyan
TAF8,cyan
TAGAP,cyan
TAP1,cyan
TAPBPL,cyan
TBC1D1,cyan
TBC1D16,cyan
TBCD,cyan
TBKBP1,cyan
TBL1XR1,cyan
TBPL1,cyan
TBX15,cyan
TCEA3,cyan
TCF3,cyan
TCHP,cyan
TCL1A,cyan
TCN2,cyan
TCTE3,cyan
TESSP1,cyan
TET1,cyan
TF,cyan
THBD,cyan
THBS2,cyan
THSD1,cyan
THUMPD3,cyan
TLE4,cyan
TLR1,cyan
TLX1,cyan
TMC5,cyan
TMC6,cyan
TMCO3,cyan
TMEM132E,cyan
TMEM144,cyan
TMEM201,cyan
TMEM233,cyan
TMEM63C,cyan
TMEM80,cyan
TMEM8A,cyan
TMEM90B,cyan
TMPRSS6,cyan
TMTC2,cyan
TMTC4,cyan
TNFRSF11B,cyan
TNFRSF8,cyan
TNFSF11,cyan
TNFSF12-TNFSF13,cyan
TOX2,cyan
TP53BP2,cyan
TPCN1,cyan
TPCN2,cyan
TPST1,cyan
TRAIP,cyan
TRAPPC9,cyan
TREX1,cyan
TRIB1,cyan
TRIM15,cyan
TRIM16,cyan
TRIM2,cyan
TRIM21,cyan
TRIM22,cyan
TRIM26,cyan
TRIM31,cyan
TRIM4,cyan
TRIM6,cyan
TRIM6-TRIM34,cyan
TRIM61,cyan
TRIM72,cyan
TRIOBP,cyan
TRIP12,cyan
TRPM5,cyan
TRPS1,cyan
TRPV1,cyan
TSC22D4,cyan
TSGA10,cyan
TSKS,cyan
TSPAN14,cyan
TTC22,cyan
TTC3,cyan
TUBGCP6,cyan
UBE2G1,cyan
UBE2I,cyan
UBTD1,cyan
UCP1,cyan
UCP2,cyan
UGT2A2,cyan
UST,cyan
UTS2D,cyan
UVRAG,cyan
VAMP5,cyan
VASP,cyan
VEZT,cyan
VIM,cyan
VMO1,cyan
VPREB1,cyan
VPS37B,cyan
WDR47,cyan
WDR55,cyan
WEE1,cyan
WFDC1,cyan
WNT1,cyan
WNT9A,cyan
WRB,cyan
WWOX,cyan
XKR4,cyan
XKR8,cyan
YPEL2,cyan
YTHDF3,cyan
ZACN,cyan
ZAR1,cyan
ZBED3,cyan
ZBTB20,cyan
ZC3H12D,cyan
ZC3H13,cyan
ZFAND3,cyan
ZFAT,cyan
ZFHX3,cyan
ZFP36L1,cyan
ZFP36L2,cyan
ZFR2,cyan
ZFYVE28,cyan
ZIC4,cyan
ZMIZ1,cyan
ZNF143,cyan
ZNF20,cyan
ZNF232,cyan
ZNF238,cyan
ZNF285A,cyan
ZNF311,cyan
ZNF389,cyan
ZNF507,cyan
ZNF511,cyan
ZNF512,cyan
ZNF536,cyan
ZNF572,cyan
ZNF600,cyan
ZNF609,cyan
ZNF703,cyan
ZNF788,cyan
ZNF827,cyan
ZNF833,cyan
ZNF844,cyan
ZSCAN1,cyan
A2BP1,green
ABCA13,green
ABHD10,green
ABLIM3,green
ACAP1,green
ACAP3,green
ACOT7,green
ACOX3,green
ADAMTS2,green
ADAMTS5,green
ADAR,green
ADD3,green
ADK,green
ADO,green
AFAP1,green
AGAP2,green
AIRE,green
AKAP11,green
ALDH16A1,green
ALDH3A1,green
ALOX12P2,green
AMDHD1,green
ANK1,green
ANK2,green
ANKRD11,green
ANKRD26,green
ANKRD30B,green
ANO6,green
ANXA13,green
AP1G1,green
APRT,green
AQP11,green
ARHGAP9,green
ARHGEF17,green
ARID5B,green
ARL9,green
ASB1,green
ATAD2,green
ATF6B,green
ATG16L2,green
ATP2A3,green
B3GNTL1,green
BCL11B,green
BDH1,green
BMP4,green
BNIP3,green
BTBD3,green
C12ORF10,green
C12ORF42,green
C13ORF36,green
C14ORF159,green
C14ORF45,green
C15ORF33,green
C16ORF70,green
C16ORF75,green
C18ORF45,green
C1ORF109,green
C1ORF127,green
C1ORF51,green
C1QL1,green
C1QTNF2,green
C20ORF26,green
C21ORF56,green
C22ORF34,green
C22ORF9,green
C2ORF51,green
C2ORF52,green
C4ORF38,green
C5ORF43,green
C6ORF162,green
C6ORF174,green
C7ORF53,green
C9ORF170,green
C9ORF25,green
C9ORF64,green
CA7,green
CACNG8,green
CADM1,green
CALD1,green
CARHSP1,green
CARS,green
CASZ1,green
CAV1,green
CBLN4,green
CCDC155,green
CCDC36,green
CCDC40,green
CCDC9,green
CCDC96,green
CD47,green
CD6,green
CDC16,green
CDC42BPA,green
CDH23,green
CDH9,green
CDNF,green
CDYL,green
CECR5,green
CENPB,green
CHCHD2,green
CIT,green
CKB,green
CLCN7,green
CLDN7,green
CNNM2,green
CNRIP1,green
CNTN1,green
CNTNAP2,green
COG1,green
COX6A2,green
CPA2,green
CPEB1,green
CPEB4,green
CPT1B,green
CRMP1,green
CRP,green
CRYAB,green
CS,green
CSGALNACT1,green
CSNK1G2,green
CYFIP1,green
CYP24A1,green
CYTH1,green
DBNDD2,green
DBP,green
DCN,green
DDAH2,green
DDR1,green
DDX43,green
DEF6,green
DEFA4,green
DEM1,green
DGKD,green
DIP2C,green
DKK1,green
DNAL1,green
DOCK1,green
DPF2,green
DTNA,green
DTNBP1,green
DUSP27,green
DYNC1I1,green
ECHDC3,green
EDARADD,green
EDEM2,green
EDNRB,green
EEF1D,green
EHHADH,green
EHMT1,green
EIF2AK4,green
ELAVL3,green
EML3,green
ESPNL,green
ESR1,green
ESR2,green
FAM13C,green
FAM150B,green
FAM164C,green
FAM47E,green
FAM65B,green
FBLN5,green
FBXO17,green
FBXO21,green
FBXO27,green
FGF14,green
FIBIN,green
FLJ41603,green
FLRT2,green
FOXG1,green
FRMD4A,green
FSIP1,green
FUT4,green
GABRG1,green
GAP43,green
GARS,green
GCNT2,green
GHSR,green
GINS2,green
GINS4,green
GJA5,green
GNG7,green
GNLY,green
GOLGA4,green
GPC6,green
GPD1,green
GPD2,green
GPLD1,green
GPM6A,green
GPR113,green
GPR161,green
GPR56,green
GPR68,green
GPR78,green
GRK4,green
GSTA4,green
HAGH,green
HCN1,green
HEXIM1,green
HEXIM2,green
HIC1,green
HIST1H2BB,green
HIST1H3E,green
HIVEP1,green
HIVEP3,green
HKR1,green
HLA-DPB1,green
HLA-DPB2,green
HLA-DRB1,green
HLCS,green
HLX,green
HOXA2,green
HOXA3,green
HOXA4,green
HOXB1,green
HOXB3,green
HSD11B1L,green
HSD17B7,green
HSD17B7P2,green
HSF1,green
HTR4,green
IFITM3,green
IL24,green
IL4I1,green
ILF3,green
INPP5J,green
IRS2,green
IRX4,green
ISPD,green
ITGB4,green
ITGBL1,green
ITPKC,green
JAM3,green
KATNAL2,green
KCNAB1,green
KCNAB2,green
KCNN2,green
KCNN3,green
KCNN4,green
KCNQ1DN,green
KCTD11,green
KIAA0146,green
KIAA0284,green
KIAA0562,green
KIAA1026,green
KIAA1161,green
KIAA1370,green
KIAA1522,green
KIAA1614,green
KIAA1755,green
KIAA1875,green
KIF1B,green
KIF21A,green
KIRREL,green
KLHL1,green
KLHL2,green
LAMB2,green
LDHD,green
LGMN,green
LIMCH1,green
LOC100101938,green
LOC100128164,green
LOC100133469,green
LOC145474,green
LOC146336,green
LOC150381,green
LOC285830,green
LOC389458,green
LOC404266,green
LOC645323,green
LOC728392,green
LOC84856,green
LPAR5,green
LRRC47,green
LYPD1,green
MAB21L2,green
MAGI1,green
MAP2K5,green
MAP4K4,green
MAR-11,green
MARCKS,green
MBTPS1,green
MCF2L,green
MCPH1,green
MFHAS1,green
MGAT1,green
MICB,green
MIER1,green
MIR548N,green
MIR886,green
MPL,green
MRC2,green
MRPL48,green
MRPS18A,green
MTF1,green
MTMR11,green
MTMR15,green
MYADML2,green
MYO1B,green
MYO1C,green
MYO1F,green
N4BP1,green
N4BP2L2,green
NAA40,green
NAV3,green
NCALD,green
NCOR2,green
NEURL1B,green
NEUROD2,green
NGFR,green
NKX2-5,green
NKX3-2,green
NMU,green
NOP56,green
NOSIP,green
NOVA2,green
NRIP2,green
NRXN1,green
NT5C2,green
ODZ2,green
OSBPL5,green
OVCA2,green
PALM,green
PARD6B,green
PCDH9,green
PCDHA2,green
PCDHB16,green
PCDHB2,green
PCDHB7,green
PCDHGA4,green
PCGF2,green
PCGF3,green
PCNT,green
PDE10A,green
PDE4D,green
PDE8A,green
PDZRN3,green
PER3,green
PHACTR1,green
PHF2,green
PION,green
PLEKHA4,green
PLVAP,green
PNMA2,green
PNMAL1,green
PNMAL2,green
POFUT2,green
PON1,green
POU3F1,green
POU6F2,green
PPIE,green
PPP2R1A,green
PPT2,green
PRCC,green
PRDM7,green
PRDM8,green
PRICKLE2,green
PRKAR1B,green
PRKCZ,green
PROC,green
PSD4,green
PTGDS,green
PTPRA,green
PTPRG,green
PTPRN,green
PTPRN2,green
PWP1,green
PXK,green
PYROXD1,green
RAB40B,green
RAD51L1,green
RAPGEF2,green
RASA3,green
RASAL3,green
RASGEF1C,green
RASGRF1,green
RAVER1,green
RBMXL1,green
RCCD1,green
RGS14,green
RHBDF2,green
RHOB,green
RHOJ,green
RHPN2,green
RIN3,green
RIPK4,green
RLTPR,green
RNF11,green
RPL27A,green
RPLP1,green
RPP21,green
RSRC2,green
RTN1,green
RUFY1,green
SALL3,green
SALL4,green
SCARF1,green
SCN2B,green
SEC23IP,green
SEC31B,green
SEMA4B,green
SEP-08,green
SEPHS1,green
SGK196,green
SH3RF3,green
SHANK2,green
SHC1,green
SIPA1L1,green
SKI,green
SLC11A1,green
SLC16A1,green
SLC16A4,green
SLC19A3,green
SLC25A15,green
SLC25A23,green
SLC25A26,green
SLC2A5,green
SLC2A9,green
SLC30A1,green
SLC37A3,green
SLC39A11,green
SLC39A7,green
SLC43A1,green
SLC44A2,green
SMURF1,green
SNAI1,green
SNAP23,green
SNORA14B,green
SNX21,green
SORBS2,green
SOX18,green
SPG7,green
SPTBN4,green
SSPO,green
SSTR4,green
ST7,green
STK32C,green
STMN4,green
STOX2,green
STRA6,green
SYT11,green
SYTL1,green
TAGAP,green
TBC1D1,green
TBC1D8,green
TCF7L1,green
TEAD1,green
TEX12,green
THBS1,green
TMCO3,green
TMEM128,green
TMEM132D,green
TMEM194B,green
TMEM87A,green
TNFRSF19,green
TNK1,green
TNPO2,green
TNRC6C,green
TNXB,green
TP53I13,green
TRAF3IP2,green
TRAM1L1,green
TRIM44,green
TRIM59,green
TRPC6,green
TRPM3,green
TSPYL5,green
TTBK1,green
TTC15,green
TTC22,green
TTC23L,green
TTYH2,green
TUBA1A,green
TUSC3,green
UNC5A,green
UPK3B,green
VPS13B,green
VPS37B,green
VWA1,green
WDFY3,green
WDR26,green
WDR81,green
WIZ,green
WNT2,green
ZBTB20,green
ZFHX3,green
ZIC1,green
ZIM2,green
ZNF135,green
ZNF197,green
ZNF205,green
ZNF238,green
ZNF300,green
ZNF335,green
ZNF385A,green
ZNF418,green
ZNF454,green
ZNF48,green
ZNF653,green
ZNF688,green
ZNF704,green
ZNF837,green
ZNF841,green
ZNF876P,green
ZNF879,green
ZNRF2,green
ZSCAN1,green
AADACL4,greenyellow
AARS2,greenyellow
AARSD1,greenyellow
AATF,greenyellow
AATK,greenyellow
ABCC4,greenyellow
ABCC8,greenyellow
ABHD13,greenyellow
ABLIM1,greenyellow
ABLIM2,greenyellow
ABLIM3,greenyellow
ACACA,greenyellow
ACAN,greenyellow
ACAP2,greenyellow
ACO2,greenyellow
ACOT7,greenyellow
ACOX3,greenyellow
ACRBP,greenyellow
ACSF2,greenyellow
ACSF3,greenyellow
ACTL9,greenyellow
ACTN2,greenyellow
ACTR1B,greenyellow
ACVR2B,greenyellow
ADAMTS10,greenyellow
ADAMTS17,greenyellow
ADAMTS18,greenyellow
ADAMTS2,greenyellow
ADAMTS9,greenyellow
ADAMTSL2,greenyellow
ADAMTSL3,greenyellow
ADARB2,greenyellow
ADCY2,greenyellow
ADCY3,greenyellow
ADCYAP1,greenyellow
ADD2,greenyellow
ADPRHL1,greenyellow
AFAP1,greenyellow
AFF3,greenyellow
AGAP1,greenyellow
AGBL2,greenyellow
AGPAT3,greenyellow
AHCYL1,greenyellow
AHRR,greenyellow
AIFM3,greenyellow
AKAP12,greenyellow
AKAP8L,greenyellow
AKR7A2,greenyellow
AKR7A3,greenyellow
ALDH1L1,greenyellow
ALDH1L2,greenyellow
ALG12,greenyellow
ALK,greenyellow
ALKBH4,greenyellow
ALPK2,greenyellow
ALS2,greenyellow
ANK1,greenyellow
ANK3,greenyellow
ANKAR,greenyellow
ANKH,greenyellow
ANKLE2,greenyellow
ANKRD11,greenyellow
ANKRD12,greenyellow
ANKRD23,greenyellow
ANKRD28,greenyellow
ANKRD34C,greenyellow
ANKRD43,greenyellow
ANKS1B,greenyellow
ANLN,greenyellow
ANO1,greenyellow
ANO2,greenyellow
ANXA11,greenyellow
AP2A2,greenyellow
APBA2,greenyellow
APH1A,greenyellow
APLP2,greenyellow
ARHGAP10,greenyellow
ARHGAP12,greenyellow
ARHGAP26,greenyellow
ARHGEF10L,greenyellow
ARHGEF16,greenyellow
ARHGEF7,greenyellow
ARID1B,greenyellow
ARIH2,greenyellow
ARMC4,greenyellow
ARMC7,greenyellow
ARRDC3,greenyellow
ARSG,greenyellow
ARSJ,greenyellow
ASAP2,greenyellow
ASB1,greenyellow
ASPSCR1,greenyellow
ASS1,greenyellow
ASTL,greenyellow
ATAD2B,greenyellow
ATAD3B,greenyellow
ATF6B,greenyellow
ATG16L1,greenyellow
ATG2A,greenyellow
ATG4C,greenyellow
ATP11A,greenyellow
ATP2A3,greenyellow
ATP2C2,greenyellow
ATP6V0D1,greenyellow
ATP6V1G2,greenyellow
ATP8A2,greenyellow
ATP8B3,greenyellow
ATP9B,greenyellow
ATXN7L1,greenyellow
AVPR1B,greenyellow
AXIN1,greenyellow
B3GALT1,greenyellow
B3GNTL1,greenyellow
B4GALNT3,greenyellow
BACH2,greenyellow
BAHCC1,greenyellow
BANP,greenyellow
BAT1,greenyellow
BAT2,greenyellow
BCAR1,greenyellow
BCL3,greenyellow
BDNFOS,greenyellow
BEGAIN,greenyellow
BEND3,greenyellow
BEST3,greenyellow
BFSP2,greenyellow
BICD1,greenyellow
BID,greenyellow
BMPER,greenyellow
BOC,greenyellow
BRD1,greenyellow
BRD3,greenyellow
BRD4,greenyellow
BRE,greenyellow
BREA2,greenyellow
BRF1,greenyellow
BRMS1,greenyellow
BRSK2,greenyellow
BRUNOL4,greenyellow
BSN,greenyellow
BST1,greenyellow
BTBD12,greenyellow
BTBD2,greenyellow
BTG2,greenyellow
BTNL2,greenyellow
BTNL8,greenyellow
BUB1B,greenyellow
C10ORF71,greenyellow
C11ORF41,greenyellow
C11ORF80,greenyellow
C12ORF51,greenyellow
C13ORF33,greenyellow
C13ORF39,greenyellow
C14ORF106,greenyellow
C14ORF129,greenyellow
C14ORF132,greenyellow
C14ORF34,greenyellow
C15ORF27,greenyellow
C16ORF11,greenyellow
C16ORF46,greenyellow
C16ORF48,greenyellow
C16ORF90,greenyellow
C17ORF57,greenyellow
C17ORF62,greenyellow
C17ORF63,greenyellow
C17ORF69,greenyellow
C17ORF70,greenyellow
C19ORF34,greenyellow
C19ORF39,greenyellow
C19ORF41,greenyellow
C19ORF61,greenyellow
C1ORF111,greenyellow
C1ORF157,greenyellow
C1ORF168,greenyellow
C1ORF187,greenyellow
C1ORF21,greenyellow
C1ORF228,greenyellow
C1ORF69,greenyellow
C20ORF117,greenyellow
C20ORF196,greenyellow
C20ORF3,greenyellow
C21ORF49,greenyellow
C22ORF30,greenyellow
C22ORF9,greenyellow
C2ORF29,greenyellow
C2ORF54,greenyellow
C2ORF55,greenyellow
C3ORF20,greenyellow
C3ORF21,greenyellow
C3ORF35,greenyellow
C3ORF39,greenyellow
C3ORF42,greenyellow
C3ORF57,greenyellow
C3ORF58,greenyellow
C4ORF10,greenyellow
C4ORF42,greenyellow
C4ORF44,greenyellow
C5ORF36,greenyellow
C5ORF47,greenyellow
C5ORF54,greenyellow
C6ORF106,greenyellow
C6ORF168,greenyellow
C7ORF20,greenyellow
C7ORF49,greenyellow
C7ORF50,greenyellow
C7ORF58,greenyellow
C8ORF42,greenyellow
C8ORF71,greenyellow
C9ORF167,greenyellow
C9ORF171,greenyellow
C9ORF43,greenyellow
C9ORF86,greenyellow
CABC1,greenyellow
CABLES2,greenyellow
CABP2,greenyellow
CACNA1A,greenyellow
CACNA1C,greenyellow
CACNA1H,greenyellow
CACNA2D1,greenyellow
CACNA2D2,greenyellow
CADM1,greenyellow
CADM3,greenyellow
CADPS,greenyellow
CADPS2,greenyellow
CALCB,greenyellow
CALN1,greenyellow
CAMK2D,greenyellow
CAMKK2,greenyellow
CAMSAP1,greenyellow
CAMTA1,greenyellow
CANT1,greenyellow
CAPN1,greenyellow
CAPS,greenyellow
CARD11,greenyellow
CARS2,greenyellow
CASC5,greenyellow
CASR,greenyellow
CASZ1,greenyellow
CATSPERG,greenyellow
CBFA2T3,greenyellow
CBLN3,greenyellow
CBS,greenyellow
CBX7,greenyellow
CCDC109A,greenyellow
CCDC12,greenyellow
CCDC135,greenyellow
CCDC23,greenyellow
CCDC36,greenyellow
CCDC46,greenyellow
CCDC85C,greenyellow
CCDC88B,greenyellow
CCDC88C,greenyellow
CCDC89,greenyellow
CCKAR,greenyellow
CCNF,greenyellow
CD59,greenyellow
CD81,greenyellow
CDAN1,greenyellow
CDC25B,greenyellow
CDC34,greenyellow
CDC42BPB,greenyellow
CDC42BPG,greenyellow
CDH15,greenyellow
CDH18,greenyellow
CDH22,greenyellow
CDH23,greenyellow
CDH7,greenyellow
CDK14,greenyellow
CDON,greenyellow
CDR2L,greenyellow
CDYL2,greenyellow
CEACAM16,greenyellow
CEBPG,greenyellow
CECR2,greenyellow
CEP72,greenyellow
CERKL,greenyellow
CHADL,greenyellow
CHCHD3,greenyellow
CHD7,greenyellow
CHGB,greenyellow
CHID1,greenyellow
CHN2,greenyellow
CHRNA2,greenyellow
CHRNE,greenyellow
CHST12,greenyellow
CHST5,greenyellow
CHST8,greenyellow
CLASP1,greenyellow
CLCNKA,greenyellow
CLCNKB,greenyellow
CLDN18,greenyellow
CLEC16A,greenyellow
CLIC6,greenyellow
CLLU1OS,greenyellow
CLPB,greenyellow
CLSTN2,greenyellow
CLSTN3,greenyellow
CLYBL,greenyellow
CMC1,greenyellow
CMTM7,greenyellow
CNNM3,greenyellow
CNOT1,greenyellow
CNPY1,greenyellow
CNTNAP1,greenyellow
COL13A1,greenyellow
COL23A1,greenyellow
COL24A1,greenyellow
COL25A1,greenyellow
COL27A1,greenyellow
COL4A1,greenyellow
COL4A2,greenyellow
COL6A1,greenyellow
COLEC11,greenyellow
COMMD6,greenyellow
COMT,greenyellow
CORO2B,greenyellow
COX6A2,greenyellow
CPEB3,greenyellow
CPLX1,greenyellow
CPLX2,greenyellow
CPVL,greenyellow
CRHR1,greenyellow
CRISPLD2,greenyellow
CRTAM,greenyellow
CRTC1,greenyellow
CRYAA,greenyellow
CRYGS,greenyellow
CSGALNACT1,greenyellow
CSMD1,greenyellow
CSNK1D,greenyellow
CSNK1G2,greenyellow
CTBP1,greenyellow
CTBP2,greenyellow
CTCF,greenyellow
CTNNA2,greenyellow
CTNNBIP1,greenyellow
CTRC,greenyellow
CUL1,greenyellow
CUX1,greenyellow
CUX2,greenyellow
CXCL12,greenyellow
CXCR5,greenyellow
CYBA,greenyellow
CYMP,greenyellow
CYP17A1,greenyellow
CYP26B1,greenyellow
CYTH1,greenyellow
DAB2IP,greenyellow
DAP,greenyellow
DARC,greenyellow
DAZAP1,greenyellow
DCAKD,greenyellow
DCLK2,greenyellow
DDAH1,greenyellow
DDX31,greenyellow
DEAF1,greenyellow
DEF8,greenyellow
DENND1B,greenyellow
DENND3,greenyellow
DGKD,greenyellow
DGKH,greenyellow
DGKI,greenyellow
DGKQ,greenyellow
DHDDS,greenyellow
DHRS12,greenyellow
DHX38,greenyellow
DHX58,greenyellow
DIABLO,greenyellow
DIP2A,greenyellow
DIP2C,greenyellow
DIS3L2,greenyellow
DISP2,greenyellow
DMRTB1,greenyellow
DNAH1,greenyellow
DNAH17,greenyellow
DNAH5,greenyellow
DNAJB6,greenyellow
DNAJC12,greenyellow
DNAJC17,greenyellow
DNAJC18,greenyellow
DNAJC27,greenyellow
DNASE1L2,greenyellow
DNHD1,greenyellow
DNM3,greenyellow
DNMT3A,greenyellow
DNTTIP2,greenyellow
DOCK1,greenyellow
DOCK3,greenyellow
DOCK6,greenyellow
DOK7,greenyellow
DOPEY2,greenyellow
DPF3,greenyellow
DPYSL2,greenyellow
DSC1,greenyellow
DTYMK,greenyellow
DUOX1,greenyellow
DUSP14,greenyellow
DUSP5,greenyellow
DYM,greenyellow
E4F1,greenyellow
EARS2,greenyellow
ECHDC3,greenyellow
ECHS1,greenyellow
EDAR,greenyellow
EDN2,greenyellow
EEF1DP3,greenyellow
EEF2K,greenyellow
EEFSEC,greenyellow
EGFLAM,greenyellow
EHD1,greenyellow
EHD4,greenyellow
EHHADH,greenyellow
EHMT1,greenyellow
EHMT2,greenyellow
EIF2C2,greenyellow
EIF3H,greenyellow
EIF4E1B,greenyellow
EIF4H,greenyellow
ELANE,greenyellow
ELK3,greenyellow
ELL,greenyellow
ELP4,greenyellow
EME2,greenyellow
EMILIN1,greenyellow
EP400,greenyellow
EPHA8,greenyellow
EPHB3,greenyellow
EPN2,greenyellow
ESPNP,greenyellow
EVC2,greenyellow
EVL,greenyellow
EXOC4,greenyellow
EXOSC4,greenyellow
EYA4,greenyellow
F2RL3,greenyellow
FABP7,greenyellow
FAM109B,greenyellow
FAM117A,greenyellow
FAM123A,greenyellow
FAM125B,greenyellow
FAM131C,greenyellow
FAM198A,greenyellow
FAM19A5,greenyellow
FAM46B,greenyellow
FAM53A,greenyellow
FAM53B,greenyellow
FAM65C,greenyellow
FASN,greenyellow
FAT1,greenyellow
FAT2,greenyellow
FBF1,greenyellow
FBLN7,greenyellow
FBRSL1,greenyellow
FBXL18,greenyellow
FBXL19,greenyellow
FBXO31,greenyellow
FBXW12,greenyellow
FDFT1,greenyellow
FEZ1,greenyellow
FFAR3,greenyellow
FGF23,greenyellow
FGF9,greenyellow
FGFR1,greenyellow
FGFR1OP,greenyellow
FGFRL1,greenyellow
FHDC1,greenyellow
FKBP14,greenyellow
FKBP1B,greenyellow
FLCN,greenyellow
FLJ43860,greenyellow
FLJ45340,greenyellow
FLJ90757,greenyellow
FLNB,greenyellow
FNBP1,greenyellow
FOXK2,greenyellow
FOXN3,greenyellow
FOXP1,greenyellow
FOXRED2,greenyellow
FSTL1,greenyellow
FSTL4,greenyellow
FTO,greenyellow
FUK,greenyellow
FURIN,greenyellow
FUT2,greenyellow
FUT4,greenyellow
FZD6,greenyellow
GABBR1,greenyellow
GABRA6,greenyellow
GABRD,greenyellow
GABRG3,greenyellow
GAK,greenyellow
GALNS,greenyellow
GALNT9,greenyellow
GALR1,greenyellow
GAP43,greenyellow
GAPDHS,greenyellow
GARNL3,greenyellow
GAS7,greenyellow
GBF1,greenyellow
GCK,greenyellow
GDF6,greenyellow
GDPD5,greenyellow
GEFT,greenyellow
GEMIN4,greenyellow
GFRA2,greenyellow
GFRA3,greenyellow
GGA2,greenyellow
GIGYF1,greenyellow
GIGYF2,greenyellow
GIPC3,greenyellow
GIT2,greenyellow
GJA4,greenyellow
GJB2,greenyellow
GLG1,greenyellow
GMDS,greenyellow
GMEB2,greenyellow
GNAL,greenyellow
GNAS,greenyellow
GNB3,greenyellow
GOLGA3,greenyellow
GOT1,greenyellow
GPBAR1,greenyellow
GPC6,greenyellow
GPD1,greenyellow
GPR1,greenyellow
GPR110,greenyellow
GPR113,greenyellow
GPR133,greenyellow
GPR172A,greenyellow
GPR179,greenyellow
GPR20,greenyellow
GPR35,greenyellow
GPR39,greenyellow
GPR55,greenyellow
GPR56,greenyellow
GPR68,greenyellow
GPRC5C,greenyellow
GPRIN3,greenyellow
GPX2,greenyellow
GRAMD1B,greenyellow
GRB10,greenyellow
GREM2,greenyellow
GRHL2,greenyellow
GRIA4,greenyellow
GRID2,greenyellow
GRIN2A,greenyellow
GRIN3A,greenyellow
GRIP2,greenyellow
GRK5,greenyellow
GRM1,greenyellow
GRM4,greenyellow
GTF2A1L,greenyellow
GUCA2A,greenyellow
GUK1,greenyellow
GYG1,greenyellow
H2AFY2,greenyellow
HACE1,greenyellow
HAGHL,greenyellow
HAPLN1,greenyellow
HAPLN3,greenyellow
HCG9,greenyellow
HDAC4,greenyellow
HDGF,greenyellow
HDHD2,greenyellow
HEATR2,greenyellow
HERV-FRD,greenyellow
HGFAC,greenyellow
HIC2,greenyellow
HIVEP3,greenyellow
HK1,greenyellow
HLA-DPB1,greenyellow
HLA-J,greenyellow
HMGXB3,greenyellow
HN1,greenyellow
HNRNPUL1,greenyellow
HOXA11,greenyellow
HPCAL1,greenyellow
HRNBP3,greenyellow
HSPG2,greenyellow
HTR1F,greenyellow
HTR3B,greenyellow
HTRA4,greenyellow
HYAL1,greenyellow
HYAL3,greenyellow
HYDIN,greenyellow
HYI,greenyellow
ICMT,greenyellow
IER3,greenyellow
IFFO2,greenyellow
IGF1R,greenyellow
IGF2BP2,greenyellow
IGFALS,greenyellow
IGFN1,greenyellow
IGSF21,greenyellow
IHH,greenyellow
IKBKB,greenyellow
IKZF1,greenyellow
IL16,greenyellow
IL20,greenyellow
IMMP2L,greenyellow
INO80C,greenyellow
INPP5A,greenyellow
INPP5B,greenyellow
INSL5,greenyellow
IP6K3,greenyellow
IQCE,greenyellow
IQSEC3,greenyellow
IRGQ,greenyellow
ITGAM,greenyellow
ITGAX,greenyellow
ITGB3BP,greenyellow
ITGBL1,greenyellow
IZUMO1,greenyellow
JAKMIP1,greenyellow
JAKMIP2,greenyellow
JARID2,greenyellow
JAZF1,greenyellow
JMJD5,greenyellow
JMJD7-PLA2G4B,greenyellow
JRK,greenyellow
JTB,greenyellow
KANK2,greenyellow
KBTBD11,greenyellow
KCNA1,greenyellow
KCNAB2,greenyellow
KCNC1,greenyellow
KCND3,greenyellow
KCNG2,greenyellow
KCNH2,greenyellow
KCNJ11,greenyellow
KCNJ12,greenyellow
KCNK4,greenyellow
KCNK9,greenyellow
KCNMA1,greenyellow
KCNN3,greenyellow
KCNQ1,greenyellow
KCNT1,greenyellow
KDM4B,greenyellow
KDM4C,greenyellow
KIAA0182,greenyellow
KIAA0226,greenyellow
KIAA0247,greenyellow
KIAA0284,greenyellow
KIAA0430,greenyellow
KIAA0513,greenyellow
KIAA0562,greenyellow
KIAA0664,greenyellow
KIAA0802,greenyellow
KIAA0922,greenyellow
KIAA1026,greenyellow
KIAA1244,greenyellow
KIAA1267,greenyellow
KIAA1530,greenyellow
KIAA1683,greenyellow
KIAA1688,greenyellow
KIAA1751,greenyellow
KIAA1875,greenyellow
KIF1B,greenyellow
KIF26B,greenyellow
KIF5C,greenyellow
KLC1,greenyellow
KLF16,greenyellow
KLHDC7A,greenyellow
KLHL11,greenyellow
KLHL18,greenyellow
KLHL33,greenyellow
KLHL6,greenyellow
KLK15,greenyellow
KNDC1,greenyellow
KRT15,greenyellow
KRT31,greenyellow
KRT35,greenyellow
KRT7,greenyellow
KRT80,greenyellow
KRTAP27-1,greenyellow
KRTCAP2,greenyellow
L1TD1,greenyellow
LAMA4,greenyellow
LAMB4,greenyellow
LCE1B,greenyellow
LCE6A,greenyellow
LCN6,greenyellow
LDLRAD3,greenyellow
LDLRAP1,greenyellow
LDOC1L,greenyellow
LENG8,greenyellow
LGALS3,greenyellow
LGR4,greenyellow
LGSN,greenyellow
LHFP,greenyellow
LIMK2,greenyellow
LLPH,greenyellow
LMAN1L,greenyellow
LMCD1,greenyellow
LMF1,greenyellow
LMNB2,greenyellow
LMTK3,greenyellow
LOC100128977,greenyellow
LOC100129354,greenyellow
LOC100129637,greenyellow
LOC100132707,greenyellow
LOC100188947,greenyellow
LOC100292680,greenyellow
LOC143188,greenyellow
LOC285830,greenyellow
LOC339568,greenyellow
LOC375190,greenyellow
LOC388387,greenyellow
LOC388796,greenyellow
LOC619207,greenyellow
LOC646982,greenyellow
LOC731789,greenyellow
LOC93622,greenyellow
LPCAT1,greenyellow
LPCAT3,greenyellow
LPCAT4,greenyellow
LPHN3,greenyellow
LPIN1,greenyellow
LRCH1,greenyellow
LRCH3,greenyellow
LRFN1,greenyellow
LRFN2,greenyellow
LRP1,greenyellow
LRRC2,greenyellow
LRRC23,greenyellow
LRRC8D,greenyellow
LRRFIP2,greenyellow
LRRN2,greenyellow
LY6G6F,greenyellow
LYNX1,greenyellow
LYSMD4,greenyellow
MACROD1,greenyellow
MAD1L1,greenyellow
MAEA,greenyellow
MAGI1,greenyellow
MAML2,greenyellow
MAML3,greenyellow
MAP2,greenyellow
MAP2K4,greenyellow
MAPK10,greenyellow
MAPK12,greenyellow
MAPK8IP2,greenyellow
MAPK8IP3,greenyellow
MAPKBP1,greenyellow
MARK3,greenyellow
MB,greenyellow
MBL2,greenyellow
MCC,greenyellow
MCF2L,greenyellow
MCTP1,greenyellow
MDGA1,greenyellow
MED16,greenyellow
MED18,greenyellow
MEGF11,greenyellow
MEGF6,greenyellow
MEIS1,greenyellow
MEPE,greenyellow
MESDC1,greenyellow
METTL13,greenyellow
METTL7A,greenyellow
MFI2,greenyellow
MFSD2A,greenyellow
MGAT4A,greenyellow
MGAT5,greenyellow
MGAT5B,greenyellow
MGC14436,greenyellow
MGLL,greenyellow
MGMT,greenyellow
MGRN1,greenyellow
MIB1,greenyellow
MICAL2,greenyellow
MICALL2,greenyellow
MIR1207,greenyellow
MIR1276,greenyellow
MIR25,greenyellow
MIR372,greenyellow
MIR377,greenyellow
MIR494,greenyellow
MIR496,greenyellow
MIR498,greenyellow
MIR548F5,greenyellow
MIR548H4,greenyellow
MIR591,greenyellow
MIR922,greenyellow
MKNK2,greenyellow
MLL2,greenyellow
MLLT6,greenyellow
MMP24,greenyellow
MORC1,greenyellow
MORN1,greenyellow
MPP3,greenyellow
MPP7,greenyellow
MPPED1,greenyellow
MRC2,greenyellow
MRGPRF,greenyellow
MRPS27,greenyellow
MSRA,greenyellow
MTA1,greenyellow
MTHFD1L,greenyellow
MTHFSD,greenyellow
MTMR7,greenyellow
MTNR1B,greenyellow
MTUS2,greenyellow
MUC4,greenyellow
MUC6,greenyellow
MVP,greenyellow
MXD4,greenyellow
MYB,greenyellow
MYH13,greenyellow
MYH9,greenyellow
MYO16,greenyellow
MYO18A,greenyellow
MYO5C,greenyellow
MYO7B,greenyellow
MYOF,greenyellow
MYOM2,greenyellow
MYST2,greenyellow
MYT1L,greenyellow
NAB1,greenyellow
NAGLU,greenyellow
NAT15,greenyellow
NAV2,greenyellow
NBEA,greenyellow
NBEAL2,greenyellow
NCEH1,greenyellow
NCK2,greenyellow
NCLN,greenyellow
NCOA2,greenyellow
NCRNA00029,greenyellow
NDRG4,greenyellow
NDUFA4L2,greenyellow
NDUFA6,greenyellow
NEBL,greenyellow
NFATC1,greenyellow
NFIC,greenyellow
NIPAL3,greenyellow
NKAIN2,greenyellow
NKD2,greenyellow
NLRP1,greenyellow
NME1,greenyellow
NME2,greenyellow
NMUR1,greenyellow
NNMT,greenyellow
NOL3,greenyellow
NOP14,greenyellow
NOS1AP,greenyellow
NOTCH4,greenyellow
NPR2,greenyellow
NPTX1,greenyellow
NPY,greenyellow
NR0B2,greenyellow
NR3C1,greenyellow
NR5A2,greenyellow
NRIP1,greenyellow
NRP2,greenyellow
NRTN,greenyellow
NRXN2,greenyellow
NRXN3,greenyellow
NSUN2,greenyellow
NT5C,greenyellow
NTF3,greenyellow
NTM,greenyellow
NTN4,greenyellow
NUBP1,greenyellow
NUDT2,greenyellow
NUMB,greenyellow
NUP62,greenyellow
NXN,greenyellow
NXNL1,greenyellow
NYNRIN,greenyellow
ODZ2,greenyellow
ODZ4,greenyellow
OGFRL1,greenyellow
OLA1,greenyellow
OLFM3,greenyellow
OPCML,greenyellow
OPRD1,greenyellow
OR2L13,greenyellow
OR52A1,greenyellow
OR8D4,greenyellow
ORAI2,greenyellow
ORC5L,greenyellow
OSBP2,greenyellow
OSBPL5,greenyellow
OSTALPHA,greenyellow
OSTBETA,greenyellow
P2RX1,greenyellow
P2RX4,greenyellow
P2RX7,greenyellow
P4HB,greenyellow
PACRG,greenyellow
PACSIN2,greenyellow
PAG1,greenyellow
PAK6,greenyellow
PALLD,greenyellow
PALM,greenyellow
PAPPA2,greenyellow
PAQR8,greenyellow
PARD3,greenyellow
PARD6A,greenyellow
PARK2,greenyellow
PARL,greenyellow
PAX3,greenyellow
PAX6,greenyellow
PAX9,greenyellow
PAXIP1,greenyellow
PBX1,greenyellow
PC,greenyellow
PCBP3,greenyellow
PCCA,greenyellow
PCDHGA2,greenyellow
PCGEM1,greenyellow
PCGF3,greenyellow
PCNXL3,greenyellow
PCOLCE,greenyellow
PCSK7,greenyellow
PCYT2,greenyellow
PDE1A,greenyellow
PDE4D,greenyellow
PDIA5,greenyellow
PDLIM2,greenyellow
PDLIM4,greenyellow
PDP2,greenyellow
PDPK1,greenyellow
PDSS1,greenyellow
PDZK1,greenyellow
PDZRN4,greenyellow
PELI2,greenyellow
PEPD,greenyellow
PERP,greenyellow
PEX11G,greenyellow
PEX14,greenyellow
PFKP,greenyellow
PHACTR1,greenyellow
PHACTR2,greenyellow
PHC2,greenyellow
PHRF1,greenyellow
PHTF2,greenyellow
PIAS1,greenyellow
PIP5K1C,greenyellow
PITPNM1,greenyellow
PITPNM3,greenyellow
PIWIL1,greenyellow
PKD1,greenyellow
PKIB,greenyellow
PKNOX2,greenyellow
PLB1,greenyellow
PLCB3,greenyellow
PLCD4,greenyellow
PLCG1,greenyellow
PLD2,greenyellow
PLD5,greenyellow
PLEKHG1,greenyellow
PLEKHG5,greenyellow
PLEKHM2,greenyellow
PLXNA2,greenyellow
PLXNB2,greenyellow
PML,greenyellow
PMS1,greenyellow
PNLDC1,greenyellow
PNMT,greenyellow
PNPLA2,greenyellow
PNPO,greenyellow
POGZ,greenyellow
POLB,greenyellow
POLE,greenyellow
POLR2H,greenyellow
POLR2I,greenyellow
PON1,greenyellow
PON3,greenyellow
POU2F2,greenyellow
POU5F1,greenyellow
POU6F2,greenyellow
PPAP2C,greenyellow
PPFIA4,greenyellow
PPP1R10,greenyellow
PPP1R13B,greenyellow
PPP1R1C,greenyellow
PPP2R2D,greenyellow
PPP2R5C,greenyellow
PPP3CA,greenyellow
PPP4C,greenyellow
PRAGMIN,greenyellow
PRCD,greenyellow
PRDM10,greenyellow
PRDM16,greenyellow
PREX1,greenyellow
PRICKLE1,greenyellow
PRKAR1B,greenyellow
PRKCH,greenyellow
PRKCZ,greenyellow
PRM1,greenyellow
PRND,greenyellow
PROSAPIP1,greenyellow
PROX1,greenyellow
PRPF8,greenyellow
PRR23A,greenyellow
PRSS22,greenyellow
PSD3,greenyellow
PSMB3,greenyellow
PSMD11,greenyellow
PSPN,greenyellow
PSTPIP1,greenyellow
PTBP1,greenyellow
PTCD1,greenyellow
PTDSS2,greenyellow
PTGFRN,greenyellow
PTK2B,greenyellow
PTPN14,greenyellow
PTPN23,greenyellow
PTPN4,greenyellow
PTPRD,greenyellow
PTPRG,greenyellow
PTPRN2,greenyellow
PUM1,greenyellow
PURB,greenyellow
PXDN,greenyellow
PXDNL,greenyellow
PYGB,greenyellow
RAB11FIP1,greenyellow
RAB35,greenyellow
RAB37,greenyellow
RAB3IP,greenyellow
RAB40B,greenyellow
RAB4A,greenyellow
RADIL,greenyellow
RAMP1,greenyellow
RASGEF1C,greenyellow
RASGRP1,greenyellow
RASGRP3,greenyellow
RBM46,greenyellow
RBM47,greenyellow
RBP3,greenyellow
RBP5,greenyellow
RCAN3,greenyellow
REC8,greenyellow
RECQL5,greenyellow
REEP3,greenyellow
RELB,greenyellow
RELL1,greenyellow
REXO1,greenyellow
RFC3,greenyellow
RGNEF,greenyellow
RGS10,greenyellow
RGS12,greenyellow
RHBDF2,greenyellow
RHOT2,greenyellow
RICH2,greenyellow
RILPL1,greenyellow
RIMBP2,greenyellow
RIMS1,greenyellow
RIN1,greenyellow
RNF103,greenyellow
RNF130,greenyellow
RNF144A,greenyellow
RNF152,greenyellow
RNF182,greenyellow
RNF186,greenyellow
RNF19B,greenyellow
RNF4,greenyellow
RNF5,greenyellow
RNLS,greenyellow
RNPEPL1,greenyellow
RNU5E,greenyellow
ROBO3,greenyellow
ROR1,greenyellow
RORA,greenyellow
RPH3A,greenyellow
RPH3AL,greenyellow
RPL14,greenyellow
RPL3L,greenyellow
RPN2,greenyellow
RPP21,greenyellow
RPP40,greenyellow
RPS10,greenyellow
RPS6KA2,greenyellow
RPS6KA4,greenyellow
RPTOR,greenyellow
RQCD1,greenyellow
RRAGD,greenyellow
RSBN1,greenyellow
RTDR1,greenyellow
RTL1,greenyellow
RUNX1T1,greenyellow
RYR1,greenyellow
RYR3,greenyellow
S100A5,greenyellow
S100A6,greenyellow
SAMD14,greenyellow
SAP130,greenyellow
SARDH,greenyellow
SCAMP4,greenyellow
SCAND3,greenyellow
SCARB1,greenyellow
SCD5,greenyellow
SCFD2,greenyellow
SCG5,greenyellow
SCN1B,greenyellow
SCN8A,greenyellow
SCNN1G,greenyellow
SCUBE1,greenyellow
SCUBE2,greenyellow
SDF4,greenyellow
SDK1,greenyellow
SEC1,greenyellow
SEC14L1,greenyellow
SEC14L4,greenyellow
SELV,greenyellow
SEMA4C,greenyellow
SEMA6A,greenyellow
SENP5,greenyellow
SEP-11,greenyellow
SEPHS1,greenyellow
SERGEF,greenyellow
SETDB2,greenyellow
SFRP1,greenyellow
SFTA3,greenyellow
SFTPA2,greenyellow
SGK1,greenyellow
SH2D6,greenyellow
SH3BP5,greenyellow
SH3PXD2A,greenyellow
SH3PXD2B,greenyellow
SHANK1,greenyellow
SHANK2,greenyellow
SHANK3,greenyellow
SHISA3,greenyellow
SHISA5,greenyellow
SHMT1,greenyellow
SKI,greenyellow
SLA2,greenyellow
SLC10A6,greenyellow
SLC12A5,greenyellow
SLC16A5,greenyellow
SLC19A1,greenyellow
SLC1A2,greenyellow
SLC20A2,greenyellow
SLC22A11,greenyellow
SLC22A18AS,greenyellow
SLC26A1,greenyellow
SLC26A2,greenyellow
SLC26A8,greenyellow
SLC38A10,greenyellow
SLC43A2,greenyellow
SLC44A3,greenyellow
SLC44A4,greenyellow
SLC6A19,greenyellow
SLC6A2,greenyellow
SLC7A1,greenyellow
SLC7A4,greenyellow
SLC9A11,greenyellow
SLFNL1,greenyellow
SLIT1,greenyellow
SLIT3,greenyellow
SMAD6,greenyellow
SMAD7,greenyellow
SMC3,greenyellow
SMC6,greenyellow
SMNDC1,greenyellow
SMOC2,greenyellow
SMTNL2,greenyellow
SMURF1,greenyellow
SMYD3,greenyellow
SNAP29,greenyellow
SNCA,greenyellow
SNCAIP,greenyellow
SND1,greenyellow
SNN,greenyellow
SNORD17,greenyellow
SNORD58A,greenyellow
SNORD85,greenyellow
SNTG2,greenyellow
SNX8,greenyellow
SOLH,greenyellow
SORBS1,greenyellow
SORBS2,greenyellow
SOSTDC1,greenyellow
SPAG9,greenyellow
SPEN,greenyellow
SPHK1,greenyellow
SPINK8,greenyellow
SPIRE2,greenyellow
SPNS3,greenyellow
SPOCK2,greenyellow
SPPL2B,greenyellow
SPRYD3,greenyellow
SPTB,greenyellow
SPTBN1,greenyellow
SPTBN2,greenyellow
SPTBN5,greenyellow
SQSTM1,greenyellow
SRCIN1,greenyellow
SRCRB4D,greenyellow
SRD5A2,greenyellow
SRGAP2,greenyellow
SRGAP3,greenyellow
SRRM3,greenyellow
SSH1,greenyellow
SSTR2,greenyellow
ST14,greenyellow
ST18,greenyellow
ST3GAL2,greenyellow
ST6GAL2,greenyellow
ST8SIA5,greenyellow
STAB1,greenyellow
STAMBPL1,greenyellow
STK10,greenyellow
STK11,greenyellow
STK24,greenyellow
STK35,greenyellow
STOX2,greenyellow
STRBP,greenyellow
STX11,greenyellow
STX8,greenyellow
SUFU,greenyellow
SUMO1,greenyellow
SUV420H2,greenyellow
SV2B,greenyellow
SVEP1,greenyellow
SYCP2L,greenyellow
SYNGR1,greenyellow
SYNJ2,greenyellow
SYNPO,greenyellow
SYT1,greenyellow
SYT6,greenyellow
TACC2,greenyellow
TAF15,greenyellow
TANC1,greenyellow
TAPBP,greenyellow
TAS1R1,greenyellow
TBC1D1,greenyellow
TBC1D16,greenyellow
TBC1D17,greenyellow
TBC1D24,greenyellow
TBC1D2B,greenyellow
TBC1D9,greenyellow
TBC1D9B,greenyellow
TBCD,greenyellow
TBCK,greenyellow
TBX19,greenyellow
TBXA2R,greenyellow
TC2N,greenyellow
TCEA2,greenyellow
TCF19,greenyellow
TCF25,greenyellow
TCF7L1,greenyellow
TEC,greenyellow
TECPR2,greenyellow
TECR,greenyellow
TEF,greenyellow
TELO2,greenyellow
TET3,greenyellow
TEX12,greenyellow
TEX2,greenyellow
TFDP1,greenyellow
TGFBR2,greenyellow
THEM5,greenyellow
THNSL2,greenyellow
THOP1,greenyellow
THPO,greenyellow
THRSP,greenyellow
THSD7B,greenyellow
TIAM1,greenyellow
TK1,greenyellow
TLE2,greenyellow
TLR9,greenyellow
TMC1,greenyellow
TMCO3,greenyellow
TMED3,greenyellow
TMED6,greenyellow
TMEM11,greenyellow
TMEM132C,greenyellow
TMEM156,greenyellow
TMEM159,greenyellow
TMEM175,greenyellow
TMEM177,greenyellow
TMEM178,greenyellow
TMEM19,greenyellow
TMEM194B,greenyellow
TMEM200A,greenyellow
TMEM37,greenyellow
TMEM51,greenyellow
TMEM63A,greenyellow
TNFRSF25,greenyellow
TNIP1,greenyellow
TNIP2,greenyellow
TNP1,greenyellow
TNS1,greenyellow
TNXB,greenyellow
TOM1L2,greenyellow
TOR2A,greenyellow
TOX,greenyellow
TP73,greenyellow
TPCN2,greenyellow
TPD52,greenyellow
TPM4,greenyellow
TPO,greenyellow
TPST1,greenyellow
TRAF3,greenyellow
TRAF5,greenyellow
TRAK1,greenyellow
TRAPPC9,greenyellow
TREH,greenyellow
TRHDE,greenyellow
TRIM26,greenyellow
TRIM55,greenyellow
TRIM68,greenyellow
TRIM72,greenyellow
TRIO,greenyellow
TRNP1,greenyellow
TRPC3,greenyellow
TRPC4AP,greenyellow
TRPM2,greenyellow
TRPV6,greenyellow
TRRAP,greenyellow
TSC2,greenyellow
TSNAX-DISC1,greenyellow
TSPAN18,greenyellow
TSPAN9,greenyellow
TSSC1,greenyellow
TTC12,greenyellow
TTC15,greenyellow
TTC16,greenyellow
TTC4,greenyellow
TTC7B,greenyellow
TTF1,greenyellow
TTLL6,greenyellow
TTR,greenyellow
TTYH3,greenyellow
TUB,greenyellow
TUBA8,greenyellow
TWF2,greenyellow
UBA5,greenyellow
UBASH3B,greenyellow
UBE2E3,greenyellow
UBE2I,greenyellow
UBE2O,greenyellow
UBTD1,greenyellow
UBTD2,greenyellow
UCKL1,greenyellow
UCN,greenyellow
UHRF1,greenyellow
UNC84A,greenyellow
UPB1,greenyellow
UPK3B,greenyellow
URB2,greenyellow
URGCP,greenyellow
USH1G,greenyellow
USP24,greenyellow
USP3,greenyellow
USP42,greenyellow
USP7,greenyellow
UST,greenyellow
VAMP2,greenyellow
VAV2,greenyellow
VPRBP,greenyellow
VPS18,greenyellow
VPS24,greenyellow
VPS45,greenyellow
VWA5B2,greenyellow
WAC,greenyellow
WARS2,greenyellow
WBSCR28,greenyellow
WDR1,greenyellow
WDR20,greenyellow
WDR86,greenyellow
WDR91,greenyellow
WDYHV1,greenyellow
WIPF3,greenyellow
WIPI2,greenyellow
WNK2,greenyellow
WNT5A,greenyellow
WSCD2,greenyellow
WWP2,greenyellow
XKR7,greenyellow
YIPF7,greenyellow
YWHAE,greenyellow
ZBED4,greenyellow
ZBTB20,greenyellow
ZBTB22,greenyellow
ZBTB38,greenyellow
ZBTB40,greenyellow
ZBTB46,greenyellow
ZBTB47,greenyellow
ZC3H14,greenyellow
ZC3H3,greenyellow
ZCCHC14,greenyellow
ZCCHC4,greenyellow
ZCWPW1,greenyellow
ZDHHC14,greenyellow
ZDHHC7,greenyellow
ZFAT,greenyellow
ZFP36L1,greenyellow
ZFPM1,greenyellow
ZFPM2,greenyellow
ZFR2,greenyellow
ZFYVE28,greenyellow
ZIC1,greenyellow
ZIC4,greenyellow
ZIC5,greenyellow
ZKSCAN2,greenyellow
ZMAT4,greenyellow
ZMIZ1,greenyellow
ZNF213,greenyellow
ZNF454,greenyellow
ZNF469,greenyellow
ZNF488,greenyellow
ZNF521,greenyellow
ZNF556,greenyellow
ZNF592,greenyellow
ZNF622,greenyellow
ZNF704,greenyellow
ZNF74,greenyellow
ZNF827,greenyellow
ZNF833,greenyellow
ZNF862,greenyellow
ZNRF4,greenyellow
ZP2,greenyellow
ZP3,greenyellow
ZRANB1,greenyellow
ZSCAN1,greenyellow
ZSWIM4,greenyellow
ZXDC,greenyellow
ZZEF1,greenyellow
AADAT,magenta
AAK1,magenta
AARS,magenta
AARSD1,magenta
AASDH,magenta
ABCA5,magenta
ABCB9,magenta
ABCC4,magenta
ABCC5,magenta
ABCF1,magenta
ABCF3,magenta
ABCG1,magenta
ABCG2,magenta
ABHD13,magenta
ABL1,magenta
ABO,magenta
ACAA2,magenta
ACACA,magenta
ACAD9,magenta
ACAP2,magenta
ACBD5,magenta
ACBD6,magenta
ACCN1,magenta
ACCN2,magenta
ACCN4,magenta
ACD,magenta
ACER3,magenta
ACLY,magenta
ACN9,magenta
ACSF2,magenta
ACSF3,magenta
ACSL1,magenta
ACSL3,magenta
ACTR2,magenta
ACTR3,magenta
ACTR6,magenta
ACVR2A,magenta
ACYP2,magenta
ADAM10,magenta
ADAM11,magenta
ADAM15,magenta
ADAM22,magenta
ADAM9,magenta
ADAMTS19,magenta
ADAMTS5,magenta
ADAR,magenta
ADAT2,magenta
ADCK2,magenta
ADH5,magenta
ADIPOR2,magenta
ADNP,magenta
ADORA2B,magenta
ADPRHL2,magenta
ADRA1D,magenta
ADRA2A,magenta
ADRBK1,magenta
ADRM1,magenta
AEN,magenta
AFAP1L1,magenta
AFG3L2,magenta
AFTPH,magenta
AGAP1,magenta
AGBL4,magenta
AGFG1,magenta
AGL,magenta
AGPAT1,magenta
AGPAT4,magenta
AGPAT5,magenta
AGPAT9,magenta
AGRN,magenta
AHCTF1,magenta
AHCYL1,magenta
AHNAK2,magenta
AHSG,magenta
AICDA,magenta
AIDA,magenta
AIG1,magenta
AK2,magenta
AKAP11,magenta
AKAP13,magenta
AKAP8,magenta
AKAP8L,magenta
AKAP9,magenta
ALDH16A1,magenta
ALDOA,magenta
ALG1,magenta
ALG10B,magenta
ALG11,magenta
ALG14,magenta
ALG3,magenta
ALG6,magenta
ALG9,magenta
ALKBH2,magenta
ALKBH4,magenta
ALKBH8,magenta
AMD1,magenta
AMDHD1,magenta
AMFR,magenta
AMIGO1,magenta
AMIGO2,magenta
AMIGO3,magenta
AMOTL2,magenta
ANAPC10,magenta
ANAPC11,magenta
ANAPC5,magenta
ANAPC7,magenta
ANG,magenta
ANK1,magenta
ANKFY1,magenta
ANKH,magenta
ANKRD10,magenta
ANKRD11,magenta
ANKRD13A,magenta
ANKRD17,magenta
ANKRD27,magenta
ANKRD33B,magenta
ANKRD42,magenta
ANKRD9,magenta
ANKS3,magenta
ANO10,magenta
ANP32A,magenta
ANP32B,magenta
ANPEP,magenta
ANXA7,magenta
AP2A1,magenta
AP3B1,magenta
AP3B2,magenta
AP3M2,magenta
APAF1,magenta
APH1B,magenta
APITD1,magenta
APLF,magenta
APPBP2,magenta
APPL1,magenta
APRT,magenta
ARC,magenta
ARCN1,magenta
ARF1,magenta
ARF6,magenta
ARFGAP3,magenta
ARHGAP20,magenta
ARHGAP21,magenta
ARHGEF10,magenta
ARHGEF12,magenta
ARHGEF17,magenta
ARHGEF2,magenta
ARHGEF4,magenta
ARHGEF7,magenta
ARID1B,magenta
ARID3A,magenta
ARID5B,magenta
ARIH1,magenta
ARL15,magenta
ARL16,magenta
ARL4C,magenta
ARL4D,magenta
ARL6,magenta
ARMC1,magenta
ARNT,magenta
ARPC5,magenta
ARPP19,magenta
ARRDC1,magenta
ARRDC4,magenta
ARSB,magenta
ASAP1,magenta
ASAP3,magenta
ASF1B,magenta
ASPM,magenta
ASRGL1,magenta
ASTN2,magenta
ATAD3A,magenta
ATE1,magenta
ATF2,magenta
ATF3,magenta
ATF6B,magenta
ATG16L1,magenta
ATG2B,magenta
ATG4C,magenta
ATIC,magenta
ATM,magenta
ATOH8,magenta
ATOX1,magenta
ATP10A,magenta
ATP11A,magenta
ATP13A2,magenta
ATP1A1,magenta
ATP2A2,magenta
ATP2C1,magenta
ATP4A,magenta
ATP5A1,magenta
ATP5D,magenta
ATP5G2,magenta
ATP5J,magenta
ATP6V0E2,magenta
ATP6V1A,magenta
ATP6V1B2,magenta
ATP6V1C1,magenta
ATP6V1E1,magenta
ATP6V1H,magenta
ATP9B,magenta
ATR,magenta
ATRN,magenta
ATRNL1,magenta
AUH,magenta
AURKAIP1,magenta
AXIN2,magenta
AXL,magenta
AZI1,magenta
B2M,magenta
B3GALT4,magenta
B3GNT1,magenta
B3GNTL1,magenta
B4GALNT1,magenta
B4GALNT4,magenta
B4GALT5,magenta
BACE1,magenta
BACE2,magenta
BAD,magenta
BAHD1,magenta
BAI3,magenta
BAT2,magenta
BAT5,magenta
BAZ1A,magenta
BBS5,magenta
BCL11A,magenta
BCL2,magenta
BCL2L1,magenta
BCL2L11,magenta
BCL6,magenta
BCO2,magenta
BDP1,magenta
BEND3,magenta
BEND5,magenta
BEND6,magenta
BET1,magenta
BIVM,magenta
BLMH,magenta
BLOC1S1,magenta
BLZF1,magenta
BMF,magenta
BMP2K,magenta
BMP8A,magenta
BMP8B,magenta
BMPR1A,magenta
BMPR2,magenta
BNC2,magenta
BNIP3L,magenta
BOLL,magenta
BPHL,magenta
BPTF,magenta
BRAF,magenta
BRCA2,magenta
BRD2,magenta
BRD8,magenta
BRI3BP,magenta
BRIP1,magenta
BRP44,magenta
BRP44L,magenta
BRUNOL4,magenta
BRUNOL6,magenta
BRWD1,magenta
BTBD3,magenta
BTBD9,magenta
BTG2,magenta
BUB1B,magenta
BZW1,magenta
C10ORF111,magenta
C10ORF114,magenta
C10ORF119,magenta
C10ORF131,magenta
C10ORF140,magenta
C10ORF26,magenta
C10ORF4,magenta
C10ORF46,magenta
C11ORF51,magenta
C11ORF54,magenta
C11ORF61,magenta
C11ORF63,magenta
C11ORF71,magenta
C11ORF83,magenta
C11ORF90,magenta
C12ORF26,magenta
C12ORF34,magenta
C12ORF41,magenta
C12ORF42,magenta
C12ORF47,magenta
C12ORF49,magenta
C13ORF23,magenta
C13ORF37,magenta
C14ORF104,magenta
C14ORF109,magenta
C14ORF119,magenta
C14ORF126,magenta
C14ORF132,magenta
C14ORF133,magenta
C14ORF43,magenta
C15ORF42,magenta
C15ORF44,magenta
C16ORF35,magenta
C16ORF46,magenta
C16ORF53,magenta
C16ORF68,magenta
C16ORF7,magenta
C16ORF72,magenta
C16ORF91,magenta
C17ORF42,magenta
C17ORF49,magenta
C17ORF68,magenta
C17ORF70,magenta
C17ORF81,magenta
C17ORF91,magenta
C17ORF97,magenta
C18ORF10,magenta
C18ORF21,magenta
C18ORF8,magenta
C19ORF22,magenta
C19ORF26,magenta
C19ORF40,magenta
C19ORF50,magenta
C19ORF63,magenta
C1GALT1,magenta
C1ORF106,magenta
C1ORF107,magenta
C1ORF124,magenta
C1ORF183,magenta
C1ORF25,magenta
C1ORF27,magenta
C1ORF31,magenta
C1ORF35,magenta
C1ORF55,magenta
C1ORF63,magenta
C1ORF70,magenta
C1ORF77,magenta
C1ORF86,magenta
C1ORF96,magenta
C1ORF97,magenta
C20ORF117,magenta
C20ORF194,magenta
C20ORF196,magenta
C20ORF199,magenta
C20ORF3,magenta
C20ORF30,magenta
C20ORF43,magenta
C21ORF63,magenta
C22ORF13,magenta
C22ORF26,magenta
C22ORF30,magenta
C22ORF32,magenta
C22ORF9,magenta
C2ORF3,magenta
C2ORF44,magenta
C2ORF63,magenta
C2ORF64,magenta
C2ORF67,magenta
C2ORF88,magenta
C3ORF21,magenta
C3ORF26,magenta
C3ORF31,magenta
C3ORF58,magenta
C3ORF63,magenta
C4ORF34,magenta
C4ORF46,magenta
C4ORF48,magenta
C5ORF33,magenta
C5ORF41,magenta
C5ORF42,magenta
C5ORF44,magenta
C6ORF130,magenta
C6ORF134,magenta
C6ORF145,magenta
C6ORF170,magenta
C6ORF174,magenta
C6ORF176,magenta
C6ORF192,magenta
C6ORF211,magenta
C6ORF226,magenta
C6ORF89,magenta
C7ORF25,magenta
C7ORF29,magenta
C7ORF36,magenta
C7ORF41,magenta
C7ORF50,magenta
C7ORF60,magenta
C7ORF64,magenta
C7ORF70,magenta
C8ORF40,magenta
C8ORF41,magenta
C9ORF140,magenta
C9ORF163,magenta
C9ORF40,magenta
C9ORF5,magenta
C9ORF80,magenta
CABLES2,magenta
CABP1,magenta
CACNA1C,magenta
CACNA1G,magenta
CACNA2D2,magenta
CACNA2D3,magenta
CACNB3,magenta
CACNB4,magenta
CADM2,magenta
CADM3,magenta
CADPS,magenta
CADPS2,magenta
CALM2,magenta
CALU,magenta
CANX,magenta
CAPN5,magenta
CAPNS1,magenta
CAPRIN1,magenta
CAPZA2,magenta
CARHSP1,magenta
CASC5,magenta
CASKIN1,magenta
CASP8AP2,magenta
CASZ1,magenta
CAT,magenta
CBFA2T3,magenta
CBFB,magenta
CBLN2,magenta
CBX6,magenta
CBX7,magenta
CBX8,magenta
CBY3,magenta
CC2D2A,magenta
CCAR1,magenta
CCDC102A,magenta
CCDC107,magenta
CCDC12,magenta
CCDC13,magenta
CCDC134,magenta
CCDC137,magenta
CCDC15,magenta
CCDC150,magenta
CCDC21,magenta
CCDC42,magenta
CCDC42B,magenta
CCDC45,magenta
CCDC55,magenta
CCDC85B,magenta
CCDC85C,magenta
CCDC88C,magenta
CCDC90A,magenta
CCDC93,magenta
CCDC94,magenta
CCHCR1,magenta
CCNA2,magenta
CCNF,magenta
CCNG1,magenta
CCNI,magenta
CCNL2,magenta
CCT7,magenta
CCT8,magenta
CD164,magenta
CD200,magenta
CD38,magenta
CD47,magenta
CD81,magenta
CDADC1,magenta
CDAN1,magenta
CDC23,magenta
CDC25B,magenta
CDC25C,magenta
CDC27,magenta
CDC42,magenta
CDC42EP1,magenta
CDC42EP2,magenta
CDC42EP4,magenta
CDC7,magenta
CDH11,magenta
CDH3,magenta
CDH4,magenta
CDK10,magenta
CDK12,magenta
CDK5R1,magenta
CDK8,magenta
CDKN1B,magenta
CDKN1C,magenta
CDKN2D,magenta
CDT1,magenta
CDV3,magenta
CEBPB,magenta
CEBPG,magenta
CEBPZ,magenta
CECR4,magenta
CELSR1,magenta
CELSR3,magenta
CENPE,magenta
CENPH,magenta
CENPN,magenta
CENPT,magenta
CEP120,magenta
CEP164,magenta
CEP350,magenta
CEP97,magenta
CFL1,magenta
CFL2,magenta
CGGBP1,magenta
CHCHD1,magenta
CHD7,magenta
CHD9,magenta
CHEK1,magenta
CHERP,magenta
CHGB,magenta
CHKA,magenta
CHL1,magenta
CHMP2A,magenta
CHP2,magenta
CHPT1,magenta
CHRNA1,magenta
CHRNA5,magenta
CHST11,magenta
CHST2,magenta
CHSY1,magenta
CHUK,magenta
CHURC1,magenta
CIR1,magenta
CISD3,magenta
CISH,magenta
CLASP1,magenta
CLCC1,magenta
CLDND2,magenta
CLIC6,magenta
CLK1,magenta
CLNS1A,magenta
CLPTM1,magenta
CLSTN1,magenta
CLSTN3,magenta
CLUAP1,magenta
CNBP,magenta
CNIH2,magenta
CNOT2,magenta
CNOT3,magenta
CNOT6L,magenta
CNOT8,magenta
CNP,magenta
CNTN1,magenta
CNTNAP5,magenta
COASY,magenta
COBRA1,magenta
COG3,magenta
COL11A2,magenta
COL13A1,magenta
COL18A1,magenta
COL21A1,magenta
COL23A1,magenta
COL9A3,magenta
COMMD10,magenta
COMMD3,magenta
COMMD9,magenta
COPG2,magenta
COPS3,magenta
COPS6,magenta
COPS7B,magenta
COPS8,magenta
COQ3,magenta
COQ4,magenta
CORO1A,magenta
CORO2B,magenta
CORO7,magenta
COX19,magenta
COX5A,magenta
COX8A,magenta
CPEB2,magenta
CPEB4,magenta
CPNE7,magenta
CREB5,magenta
CREBZF,magenta
CRIM1,magenta
CRIP2,magenta
CRKL,magenta
CRLF1,magenta
CRMP1,magenta
CRNKL1,magenta
CRTAP,magenta
CRY1,magenta
CRYM,magenta
CRYZ,magenta
CSGALNACT2,magenta
CSMD2,magenta
CSNK1A1,magenta
CSNK1G1,magenta
CSNK1G3,magenta
CSRNP1,magenta
CSTF3,magenta
CTCF,magenta
CTNNBL1,magenta
CTNS,magenta
CTSB,magenta
CTXN1,magenta
CUEDC2,magenta
CUGBP2,magenta
CUL3,magenta
CUL4A,magenta
CUTA,magenta
CUX1,magenta
CWF19L1,magenta
CXCR6,magenta
CXXC5,magenta
CYB5A,magenta
CYB5D1,magenta
CYFIP1,magenta
CYHR1,magenta
CYP1A1,magenta
CYP1B1,magenta
CYP4F22,magenta
CYP7B1,magenta
D2HGDH,magenta
DACT3,magenta
DAD1,magenta
DAZAP1,magenta
DAZAP2,magenta
DBF4,magenta
DBI,magenta
DBNL,magenta
DBP,magenta
DCAF8,magenta
DCAKD,magenta
DCBLD1,magenta
DCC,magenta
DCHS2,magenta
DCLK1,magenta
DCP1A,magenta
DCTD,magenta
DDX1,magenta
DDX18,magenta
DDX39,magenta
DDX59,magenta
DDX60L,magenta
DECR1,magenta
DEDD,magenta
DEF8,magenta
DEPDC1B,magenta
DEPDC4,magenta
DEPDC5,magenta
DERL2,magenta
DFFA,magenta
DGAT1,magenta
DGAT2,magenta
DGCR6,magenta
DGKA,magenta
DHTKD1,magenta
DHX15,magenta
DHX16,magenta
DHX30,magenta
DHX35,magenta
DHX36,magenta
DHX8,magenta
DLD,magenta
DLEU1,magenta
DLL3,magenta
DLST,magenta
DLX1,magenta
DLX2,magenta
DMXL2,magenta
DNAH3,magenta
DNAH9,magenta
DNAJA4,magenta
DNAJB6,magenta
DNAJC19,magenta
DNAJC27,magenta
DNAJC28,magenta
DNAL4,magenta
DNMT3A,magenta
DNMT3B,magenta
DOCK4,magenta
DOCK6,magenta
DOT1L,magenta
DPF3,magenta
DPM1,magenta
DPYD,magenta
DPYSL4,magenta
DR1,magenta
DRG1,magenta
DRG2,magenta
DSTN,magenta
DTD1,magenta
DTYMK,magenta
DUS2L,magenta
DUSP1,magenta
DUSP11,magenta
DUSP12,magenta
DUSP19,magenta
DUSP4,magenta
DUSP5,magenta
DUT,magenta
DVWA,magenta
DYNC1I1,magenta
DYNC1LI1,magenta
DYNC1LI2,magenta
DYNLL1,magenta
DYNLRB2,magenta
DYNLT1,magenta
DYSF,magenta
DZIP1,magenta
DZIP1L,magenta
DZIP3,magenta
E2F3,magenta
E2F4,magenta
E2F7,magenta
E2F8,magenta
E4F1,magenta
ECHS1,magenta
ECSIT,magenta
EDEM1,magenta
EDEM2,magenta
EDN1,magenta
EED,magenta
EEF1D,magenta
EEF1DP3,magenta
EEF1G,magenta
EFCAB2,magenta
EFCAB6,magenta
EFNA5,magenta
EGFLAM,magenta
EGLN2,magenta
EGR3,magenta
EGR4,magenta
EI24,magenta
EID2,magenta
EIF2B4,magenta
EIF2C4,magenta
EIF3D,magenta
EIF4A1,magenta
EIF4A2,magenta
EIF4A3,magenta
EIF4E3,magenta
EIF5,magenta
ELAC2,magenta
ELAVL1,magenta
ELMO1,magenta
ELMOD3,magenta
ELOVL6,magenta
ELP3,magenta
EML1,magenta
EML3,magenta
ENAH,magenta
ENKUR,magenta
ENO1,magenta
ENOPH1,magenta
ENPP1,magenta
EP300,magenta
EP400NL,magenta
EPHA2,magenta
EPHB2,magenta
EPM2AIP1,magenta
ERC1,magenta
ERGIC2,magenta
ERI3,magenta
ERLIN1,magenta
ERP29,magenta
ESPL1,magenta
ESYT1,magenta
ESYT2,magenta
ETNK2,magenta
ETV1,magenta
EVC2,magenta
EWSR1,magenta
EXOC4,magenta
EXOC6,magenta
EXOC6B,magenta
EXOC7,magenta
EXOSC10,magenta
EXOSC4,magenta
EXPH5,magenta
EZR,magenta
FAF1,magenta
FAF2,magenta
FAM100B,magenta
FAM102B,magenta
FAM105B,magenta
FAM109A,magenta
FAM113A,magenta
FAM118A,magenta
FAM123A,magenta
FAM124A,magenta
FAM133B,magenta
FAM134C,magenta
FAM135A,magenta
FAM13C,magenta
FAM149A,magenta
FAM155A,magenta
FAM161A,magenta
FAM163A,magenta
FAM164C,magenta
FAM168A,magenta
FAM171A2,magenta
FAM174A,magenta
FAM188A,magenta
FAM196A,magenta
FAM19A5,magenta
FAM53B,magenta
FAM53C,magenta
FAM54B,magenta
FAM59A,magenta
FAM65A,magenta
FAM65B,magenta
FAM81A,magenta
FAM84A,magenta
FAM98B,magenta
FAM98C,magenta
FANCC,magenta
FANCF,magenta
FAR1,magenta
FARP2,magenta
FASN,magenta
FASTK,magenta
FAT1,magenta
FBF1,magenta
FBLN5,magenta
FBXL14,magenta
FBXL17,magenta
FBXL19,magenta
FBXO15,magenta
FBXO22,magenta
FBXO28,magenta
FBXO3,magenta
FBXO31,magenta
FBXO33,magenta
FBXO34,magenta
FBXW7,magenta
FBXW9,magenta
FEM1C,magenta
FEV,magenta
FGD4,magenta
FGF12,magenta
FGF14,magenta
FGF19,magenta
FGF3,magenta
FGF9,magenta
FGFR3,magenta
FGFRL1,magenta
FHOD3,magenta
FIGNL2,magenta
FITM2,magenta
FKBP3,magenta
FLJ10038,magenta
FLJ31306,magenta
FLJ32063,magenta
FLJ39582,magenta
FLJ42709,magenta
FLJ43663,magenta
FLOT2,magenta
FLYWCH1,magenta
FMNL1,magenta
FMNL2,magenta
FNBP4,magenta
FNIP1,magenta
FOS,magenta
FOSL2,magenta
FOXC1,magenta
FOXG1,magenta
FOXK2,magenta
FOXN3,magenta
FOXP1,magenta
FOXP4,magenta
FRAS1,magenta
FRAT1,magenta
FREQ,magenta
FRMD4A,magenta
FRMD8,magenta
FRS3,magenta
FSCN1,magenta
FSIP1,magenta
FST,magenta
FSTL1,magenta
FSTL4,magenta
FTSJ3,magenta
FUCA2,magenta
FUK,magenta
FXC1,magenta
FXYD6,magenta
FZD8,magenta
G2E3,magenta
G3BP1,magenta
G3BP2,magenta
G6PC3,magenta
GAB2,magenta
GABARAPL1,magenta
GABARAPL2,magenta
GABRA1,magenta
GABRA4,magenta
GABRB3,magenta
GABRG2,magenta
GALE,magenta
GALNT13,magenta
GALNT2,magenta
GALNT7,magenta
GANC,magenta
GAPDH,magenta
GARS,magenta
GAS2L1,magenta
GATA5,magenta
GATAD2A,magenta
GATM,magenta
GBA,magenta
GBX1,magenta
GCLM,magenta
GCSH,magenta
GDNF,magenta
GEMIN5,magenta
GEMIN7,magenta
GEN1,magenta
GFOD1,magenta
GFRA2,magenta
GGA1,magenta
GGH,magenta
GGN,magenta
GINS1,magenta
GJD2,magenta
GLB1,magenta
GLB1L2,magenta
GLCCI1,magenta
GLG1,magenta
GLI1,magenta
GLI3,magenta
GLIPR1L2,magenta
GLOD4,magenta
GLRX2,magenta
GLTPD2,magenta
GLYR1,magenta
GMCL1,magenta
GMPPB,magenta
GMPS,magenta
GNA13,magenta
GNAI1,magenta
GNAS,magenta
GNB1,magenta
GNB2,magenta
GNB2L1,magenta
GNL3,magenta
GNPAT,magenta
GNPDA2,magenta
GNRHR2,magenta
GNS,magenta
GOLGA3,magenta
GOLGA8B,magenta
GOLGB1,magenta
GON4L,magenta
GOPC,magenta
GPBP1L1,magenta
GPC1,magenta
GPC6,magenta
GPN2,magenta
GPR107,magenta
GPR120,magenta
GPR150,magenta
GPR155,magenta
GPR162,magenta
GPR177,magenta
GPR3,magenta
GPX4,magenta
GRIK5,magenta
GRK5,magenta
GRK6,magenta
GRM7,magenta
GSK3A,magenta
GSPT1,magenta
GSTO2,magenta
GTF2A1,magenta
GTF2B,magenta
GTF2H4,magenta
GTF3C1,magenta
GTPBP1,magenta
GTPBP10,magenta
GTPBP8,magenta
GUF1,magenta
H2AFV,magenta
H3F3A,magenta
HADH,magenta
HAGHL,magenta
HAP1,magenta
HAX1,magenta
HBM,magenta
HCCA2,magenta
HCG27,magenta
HCG4,magenta
HDAC4,magenta
HDLBP,magenta
HEATR6,magenta
HEBP2,magenta
HECA,magenta
HECW1,magenta
HECW2,magenta
HELB,magenta
HELZ,magenta
HEMK1,magenta
HERC3,magenta
HERPUD2,magenta
HES1,magenta
HES4,magenta
HES7,magenta
HHLA3,magenta
HIC1,magenta
HINT2,magenta
HIPK2,magenta
HIST1H2AC,magenta
HIST1H2AL,magenta
HIST1H2BK,magenta
HIST1H3D,magenta
HIST1H3G,magenta
HIST1H4B,magenta
HIST1H4E,magenta
HIST1H4F,magenta
HIST1H4H,magenta
HIST1H4L,magenta
HIVEP2,magenta
HLA-C,magenta
HLA-J,magenta
HMBS,magenta
HMG20A,magenta
HMGB2,magenta
HMGB3L1,magenta
HMGN2,magenta
HMGN4,magenta
HMGXB3,magenta
HMMR,magenta
HMOX2,magenta
HNRNPA0,magenta
HNRNPA2B1,magenta
HNRNPC,magenta
HNRNPD,magenta
HNRNPF,magenta
HNRNPK,magenta
HNRNPR,magenta
HNRNPU,magenta
HNRNPUL1,magenta
HOOK3,magenta
HOXB3,magenta
HOXB4,magenta
HOXC4,magenta
HOXD1,magenta
HP1BP3,magenta
HPCA,magenta
HPSE2,magenta
HRASLS5,magenta
HRK,magenta
HS2ST1,magenta
HS3ST1,magenta
HS6ST3,magenta
HSD11B2,magenta
HSD17B11,magenta
HSD17B8,magenta
HSDL1,magenta
HSDL2,magenta
HSF2BP,magenta
HSPA13,magenta
HSPA1A,magenta
HSPBAP1,magenta
HSPD1,magenta
HSPE1,magenta
HSPH1,magenta
HTRA2,magenta
HTRA3,magenta
HYI,magenta
HYLS1,magenta
IAH1,magenta
IARS,magenta
ICA1L,magenta
ICMT,magenta
ICOSLG,magenta
ICT1,magenta
IDH3B,magenta
IDI1,magenta
IER2,magenta
IER5L,magenta
IFI27L2,magenta
IFI6,magenta
IFIT5,magenta
IFT140,magenta
IFT81,magenta
IFT88,magenta
IGF1R,magenta
IGF2BP2,magenta
IGFBP3,magenta
IGFBP5,magenta
IKBKB,magenta
IKZF5,magenta
IL27RA,magenta
ILDR2,magenta
ILKAP,magenta
IMMP1L,magenta
IMPACT,magenta
IMPDH1,magenta
INADL,magenta
INCA1,magenta
INCENP,magenta
ING3,magenta
INHBB,magenta
INO80,magenta
INPP1,magenta
INPP4B,magenta
INPPL1,magenta
INS-IGF2,magenta
INSIG1,magenta
INSM1,magenta
INSR,magenta
INTS2,magenta
INTS8,magenta
IPMK,magenta
IPO7,magenta
IPP,magenta
IQCD,magenta
IQCE,magenta
IREB2,magenta
IRF2BP1,magenta
IRF2BP2,magenta
IRS2,magenta
IRX2,magenta
IRX6,magenta
ISCU,magenta
ISM2,magenta
ISOC1,magenta
ISOC2,magenta
ISY1,magenta
ISYNA1,magenta
ITGA1,magenta
ITGAE,magenta
ITGAV,magenta
ITGB3BP,magenta
ITPA,magenta
ITSN1,magenta
ITSN2,magenta
IVD,magenta
IWS1,magenta
JAG2,magenta
JAK1,magenta
JAM3,magenta
JARID2,magenta
JMY,magenta
JRK,magenta
JUB,magenta
KANK2,magenta
KANK4,magenta
KAT5,magenta
KATNAL1,magenta
KAZALD1,magenta
KBTBD2,magenta
KBTBD4,magenta
KBTBD7,magenta
KCMF1,magenta
KCNA6,magenta
KCNC3,magenta
KCND2,magenta
KCNG3,magenta
KCNJ12,magenta
KCNJ6,magenta
KCNJ8,magenta
KCNT1,magenta
KCNV1,magenta
KCTD12,magenta
KCTD15,magenta
KCTD21,magenta
KCTD7,magenta
KDM2B,magenta
KDM3A,magenta
KDM4A,magenta
KDM5A,magenta
KDM5B,magenta
KHDRBS3,magenta
KHK,magenta
KIAA0020,magenta
KIAA0101,magenta
KIAA0174,magenta
KIAA0196,magenta
KIAA0232,magenta
KIAA0355,magenta
KIAA0368,magenta
KIAA0415,magenta
KIAA0427,magenta
KIAA0652,magenta
KIAA0776,magenta
KIAA0907,magenta
KIAA0922,magenta
KIAA1009,magenta
KIAA1217,magenta
KIAA1328,magenta
KIAA1409,magenta
KIAA1429,magenta
KIAA1430,magenta
KIAA1432,magenta
KIAA1522,magenta
KIAA1543,magenta
KIAA1586,magenta
KIAA1614,magenta
KIAA1984,magenta
KIF13A,magenta
KIF15,magenta
KIF20B,magenta
KIF22,magenta
KIF23,magenta
KIF26B,magenta
KIF9,magenta
KLC2,magenta
KLC4,magenta
KLF10,magenta
KLF13,magenta
KLF2,magenta
KLF4,magenta
KLF6,magenta
KLHDC1,magenta
KLHDC2,magenta
KLHDC8B,magenta
KLHL14,magenta
KLHL20,magenta
KLHL21,magenta
KLHL22,magenta
KLHL29,magenta
KLHL35,magenta
KMO,magenta
KNDC1,magenta
KPNA1,magenta
KPNA2,magenta
KPNA4,magenta
KPNB1,magenta
KRAS,magenta
KRI1,magenta
KRR1,magenta
KRT222,magenta
KSR2,magenta
L3MBTL3,magenta
LACTB2,magenta
LAMA5,magenta
LAMC1,magenta
LAPTM4A,magenta
LARP1,magenta
LATS1,magenta
LATS2,magenta
LBH,magenta
LBR,magenta
LCLAT1,magenta
LCMT1,magenta
LCOR,magenta
LDB1,magenta
LECT1,magenta
LEO1,magenta
LEPRE1,magenta
LEPREL2,magenta
LFNG,magenta
LHFP,magenta
LHFPL5,magenta
LIFR,magenta
LIMCH1,magenta
LIMD1,magenta
LIMD2,magenta
LIMK1,magenta
LIN54,magenta
LIN9,magenta
LLGL1,magenta
LMBR1,magenta
LMO1,magenta
LMO4,magenta
LOC100128731,magenta
LOC100128788,magenta
LOC100129726,magenta
LOC100130987,magenta
LOC100134229,magenta
LOC100134713,magenta
LOC100216545,magenta
LOC100286844,magenta
LOC100288730,magenta
LOC100302401,magenta
LOC100302652,magenta
LOC144571,magenta
LOC285696,magenta
LOC338758,magenta
LOC338799,magenta
LOC388789,magenta
LOC399815,magenta
LOC400027,magenta
LOC400043,magenta
LOC401397,magenta
LOC440356,magenta
LOC440925,magenta
LOC492303,magenta
LOC643923,magenta
LOC645323,magenta
LOC646405,magenta
LOC647979,magenta
LOC652276,magenta
LOC728392,magenta
LOC84856,magenta
LOC92659,magenta
LOX,magenta
LPHN2,magenta
LPIN2,magenta
LPPR4,magenta
LPPR5,magenta
LRIG2,magenta
LRIG3,magenta
LRP10,magenta
LRP2,magenta
LRP4,magenta
LRP6,magenta
LRPPRC,magenta
LRRC23,magenta
LRRC28,magenta
LRRC34,magenta
LRRC41,magenta
LRRC56,magenta
LRRC59,magenta
LRRC67,magenta
LRRC8D,magenta
LRRFIP2,magenta
LRTOMT,magenta
LSM1,magenta
LSM10,magenta
LUC7L3,magenta
LYPD6,magenta
LYPLAL1,magenta
LYRM1,magenta
LYRM4,magenta
LZTR1,magenta
MACF1,magenta
MACROD1,magenta
MACROD2,magenta
MAD2L2,magenta
MAEA,magenta
MAF,magenta
MAGI1,magenta
MAGI2,magenta
MAGI3,magenta
MALAT1,magenta
MAN1A1,magenta
MANEAL,magenta
MAP1LC3A,magenta
MAP2K7,magenta
MAP3K1,magenta
MAP3K14,magenta
MAP3K3,magenta
MAP3K7,magenta
MAP3K7IP2,magenta
MAP4K1,magenta
MAP4K3,magenta
MAP9,magenta
MAPK1,magenta
MAPK11,magenta
MAPK14,magenta
MAPRE2,magenta
MAR-04,magenta
MARCKS,magenta
MARK2,magenta
MARK3,magenta
MARS,magenta
MARVELD3,magenta
MAST4,magenta
MAT2B,magenta
MATN1,magenta
MAVS,magenta
MAX,magenta
MBIP,magenta
MBOAT1,magenta
MBOAT7,magenta
MBTPS1,magenta
MC1R,magenta
MCAM,magenta
MCAT,magenta
MCC,magenta
MCF2L2,magenta
MCM3AP,magenta
MCM8,magenta
MDFIC,magenta
MDN1,magenta
ME3,magenta
MECR,magenta
MED12L,magenta
MED19,magenta
MED20,magenta
MED26,magenta
MED9,magenta
MEF2C,magenta
MEF2D,magenta
MEG3,magenta
MEGF6,magenta
MEIS1,magenta
MEIS2,magenta
MESDC1,magenta
METAP1,magenta
METRN,magenta
METRNL,magenta
METT10D,magenta
METT11D1,magenta
METTL3,magenta
METTL6,magenta
MEX3A,magenta
MEX3B,magenta
MEX3C,magenta
MEX3D,magenta
MFSD1,magenta
MFSD3,magenta
MFSD8,magenta
MGC23284,magenta
MGC2889,magenta
MGEA5,magenta
MIA3,magenta
MIAT,magenta
MIB2,magenta
MIDN,magenta
MIER1,magenta
MIER3,magenta
MIF,magenta
MIPOL1,magenta
MIR1181,magenta
MIR1539,magenta
MIR2110,magenta
MIR423,magenta
MIR548H3,magenta
MIR548N,magenta
MIR760,magenta
MITF,magenta
MKL1,magenta
MKLN1,magenta
MKNK2,magenta
MKX,magenta
MLH1,magenta
MMAB,magenta
MMD,magenta
MMP2,magenta
MNT,magenta
MOBKL1B,magenta
MOBKL3,magenta
MOGS,magenta
MON2,magenta
MORC2,magenta
MORC3,magenta
MOV10,magenta
MPDU1,magenta
MPG,magenta
MPPED2,magenta
MPV17L2,magenta
MR1,magenta
MRC2,magenta
MRGPRF,magenta
MRPL15,magenta
MRPL24,magenta
MRPL3,magenta
MRPL33,magenta
MRPL34,magenta
MRPL35,magenta
MRPL4,magenta
MRPL47,magenta
MRPS18A,magenta
MRPS18B,magenta
MRPS28,magenta
MRPS30,magenta
MRPS7,magenta
MSH5,magenta
MSH6,magenta
MSI2,magenta
MSL2,magenta
MSRA,magenta
MSX1,magenta
MTBP,magenta
MTERFD3,magenta
MTFR1,magenta
MTHFSD,magenta
MTIF3,magenta
MTP18,magenta
MTPAP,magenta
MTSS1L,magenta
MTX3,magenta
MX1,magenta
MXD4,magenta
MYB,magenta
MYCBP,magenta
MYCL1,magenta
MYEOV2,magenta
MYL12B,magenta
MYL6B,magenta
MYLIP,magenta
MYNN,magenta
MYO5A,magenta
MYO9A,magenta
MYOF,magenta
MYST2,magenta
MYST3,magenta
MYST4,magenta
MYT1L,magenta
N4BP2,magenta
N4BP2L1,magenta
NAA15,magenta
NAA30,magenta
NAB1,magenta
NACC2,magenta
NAGA,magenta
NAGK,magenta
NANOS1,magenta
NAPA,magenta
NAPB,magenta
NARF,magenta
NAT8L,magenta
NBEAL1,magenta
NBEAL2,magenta
NBLA00301,magenta
NBN,magenta
NCAM1,magenta
NCAPD3,magenta
NCAPH2,magenta
NCBP2,magenta
NCEH1,magenta
NCK1,magenta
NCLN,magenta
NCOA4,magenta
NCOR1,magenta
NCRNA00081,magenta
NCRNA00085,magenta
NCRNA00095,magenta
NCRNA00173,magenta
NCRNA00188,magenta
NCRNA00219,magenta
NCSTN,magenta
NDNL2,magenta
NDUFA6,magenta
NDUFA7,magenta
NDUFB6,magenta
NEBL,magenta
NEK11,magenta
NELL2,magenta
NEU1,magenta
NEURL,magenta
NFAT5,magenta
NFATC2,magenta
NFATC3,magenta
NFIA,magenta
NFKBIA,magenta
NFKBIL1,magenta
NFKBIL2,magenta
NFU1,magenta
NHEDC1,magenta
NIN,magenta
NINL,magenta
NIP7,magenta
NIPA2,magenta
NIPSNAP3B,magenta
NIT2,magenta
NKAIN3,magenta
NKX3-2,magenta
NKX6-2,magenta
NME2,magenta
NMNAT3,magenta
NMT2,magenta
NOC3L,magenta
NOL7,magenta
NOS1AP,magenta
NOTCH4,magenta
NOTUM,magenta
NOVA1,magenta
NPHP4,magenta
NPLOC4,magenta
NPM1,magenta
NPM3,magenta
NPR3,magenta
NPW,magenta
NPY5R,magenta
NR1D1,magenta
NR2C1,magenta
NR2C2AP,magenta
NR3C1,magenta
NR3C2,magenta
NRARP,magenta
NRF1,magenta
NRN1,magenta
NRP1,magenta
NRTN,magenta
NRXN3,magenta
NSMCE1,magenta
NSMCE2,magenta
NSUN3,magenta
NT5C2,magenta
NT5DC1,magenta
NT5DC2,magenta
NT5E,magenta
NTHL1,magenta
NTN4,magenta
NUAK2,magenta
NUBP2,magenta
NUBPL,magenta
NUCKS1,magenta
NUDCD3,magenta
NUDT18,magenta
NUF2,magenta
NUFIP1,magenta
NUMB,magenta
NUP153,magenta
NUP188,magenta
NUP205,magenta
NUP43,magenta
NUPL2,magenta
NUS1,magenta
NXPH3,magenta
NXT1,magenta
OAF,magenta
OAZ1,magenta
OAZ2,magenta
OAZ3,magenta
OBFC1,magenta
OBSCN,magenta
OCIAD1,magenta
ODZ3,magenta
ODZ4,magenta
OGFOD1,magenta
OLIG1,magenta
OLIG2,magenta
OLIG3,magenta
OMA1,magenta
ONECUT1,magenta
OPA3,magenta
OR2L13,magenta
OR5D16,magenta
ORC1L,magenta
ORC4L,magenta
ORC5L,magenta
ORC6L,magenta
ORMDL3,magenta
OSBPL3,magenta
OTUB1,magenta
OTUD1,magenta
OTUD7B,magenta
OVOL2,magenta
OXA1L,magenta
OXGR1,magenta
P2RX5,magenta
P2RX6,magenta
P4HA1,magenta
PABPC1,magenta
PABPC4,magenta
PACS2,magenta
PAIP2,magenta
PALLD,magenta
PANK2,magenta
PANX1,magenta
PANX2,magenta
PAOX,magenta
PAPD4,magenta
PARD3,magenta
PARD3B,magenta
PARD6G,magenta
PARP11,magenta
PARP2,magenta
PARS2,magenta
PARVA,magenta
PAX1,magenta
PAX3,magenta
PAX7,magenta
PAXIP1,magenta
PBLD,magenta
PBX4,magenta
PCBP1,magenta
PCCB,magenta
PCDH10,magenta
PCDH9,magenta
PCDHGA2,magenta
PCF11,magenta
PCIF1,magenta
PCK2,magenta
PCM1,magenta
PCNA,magenta
PCNT,magenta
PCOLCE2,magenta
PCSK1,magenta
PCSK6,magenta
PCYT1A,magenta
PDE10A,magenta
PDE1C,magenta
PDGFB,magenta
PDGFC,magenta
PDGFRA,magenta
PDIA6,magenta
PDP2,magenta
PDS5B,magenta
PDXK,magenta
PEA15,magenta
PEBP1,magenta
PELI1,magenta
PELI2,magenta
PES1,magenta
PEX13,magenta
PFAS,magenta
PFDN1,magenta
PFDN2,magenta
PFDN6,magenta
PFKFB3,magenta
PFKL,magenta
PFKM,magenta
PGAM1,magenta
PGAP1,magenta
PGAP2,magenta
PGBD1,magenta
PGPEP1,magenta
PHF10,magenta
PHF11,magenta
PHF12,magenta
PHF15,magenta
PHF21B,magenta
PHKB,magenta
PI4K2A,magenta
PIAS3,magenta
PIBF1,magenta
PICALM,magenta
PIGM,magenta
PIGN,magenta
PIGP,magenta
PIGY,magenta
PIGZ,magenta
PIK3CA,magenta
PIM1,magenta
PIM3,magenta
PINX1,magenta
PIP4K2C,magenta
PITPNC1,magenta
PJA2,magenta
PKDCC,magenta
PKM2,magenta
PKN1,magenta
PKN2,magenta
PKNOX1,magenta
PLA2G15,magenta
PLA2G7,magenta
PLCL2,magenta
PLD2,magenta
PLEC1,magenta
PLEKHA2,magenta
PLEKHA6,magenta
PLEKHG5,magenta
PLEKHH3,magenta
PLEKHJ1,magenta
PML,magenta
PMVK,magenta
PNKP,magenta
PNPLA3,magenta
PNPLA6,magenta
PNRC1,magenta
PODXL2,magenta
POFUT2,magenta
POLD3,magenta
POLG,magenta
POLI,magenta
POLM,magenta
POLR2E,magenta
POLS,magenta
POM121L2,magenta
POMT2,magenta
POP5,magenta
POPDC3,magenta
POT1,magenta
POU2F1,magenta
POU3F1,magenta
PPFIA2,magenta
PPFIBP1,magenta
PPIF,magenta
PPIL2,magenta
PPIL4,magenta
PPM1D,magenta
PPP1CA,magenta
PPP1R13B,magenta
PPP1R9B,magenta
PPP2CA,magenta
PPP2R1B,magenta
PPP2R2A,magenta
PPP2R3C,magenta
PPP2R5B,magenta
PPP2R5C,magenta
PPP2R5D,magenta
PPP2R5E,magenta
PPP3CA,magenta
PPPDE1,magenta
PRC1,magenta
PRDM12,magenta
PRDM15,magenta
PRDM16,magenta
PRDM2,magenta
PRDM6,magenta
PRDX3,magenta
PRELID2,magenta
PREPL,magenta
PREX1,magenta
PREX2,magenta
PRIC285,magenta
PRIM1,magenta
PRIM2,magenta
PRIMA1,magenta
PRKAB2,magenta
PRKAR1B,magenta
PRKD1,magenta
PRLR,magenta
PRMT10,magenta
PROX1,magenta
PRPF18,magenta
PRPF19,magenta
PRPF38B,magenta
PRPF40B,magenta
PRPF4B,magenta
PRPSAP2,magenta
PRR12,magenta
PRRX1,magenta
PSD,magenta
PSMA7,magenta
PSMB1,magenta
PSMD3,magenta
PSMD4,magenta
PSMD5,magenta
PSMD6,magenta
PSMD8,magenta
PSMG1,magenta
PSMG2,magenta
PSPC1,magenta
PTBP1,magenta
PTCD1,magenta
PTCD3,magenta
PTCH1,magenta
PTH1R,magenta
PTK2B,magenta
PTMA,magenta
PTPLAD1,magenta
PTPMT1,magenta
PTPN1,magenta
PTPN18,magenta
PTPN4,magenta
PTPRE,magenta
PTPRG,magenta
PTPRJ,magenta
PTPRK,magenta
PTPRM,magenta
PTPRZ1,magenta
PTRH2,magenta
PVRL3,magenta
PYGB,magenta
PYGO2,magenta
QDPR,magenta
R3HDM1,magenta
RAB11B,magenta
RAB11FIP5,magenta
RAB13,magenta
RAB15,magenta
RAB1B,magenta
RAB26,magenta
RAB27A,magenta
RAB28,magenta
RAB34,magenta
RAB3C,magenta
RAB4B,magenta
RABEP1,magenta
RABEPK,magenta
RACGAP1,magenta
RAD21,magenta
RAD50,magenta
RAD51L1,magenta
RAD54B,magenta
RAD54L,magenta
RAD9A,magenta
RAET1K,magenta
RAF1,magenta
RAI1,magenta
RALGAPA2,magenta
RAN,magenta
RAP1B,magenta
RAP1GDS1,magenta
RAP2B,magenta
RAPGEF3,magenta
RARB,magenta
RARRES1,magenta
RASA3,magenta
RASAL1,magenta
RASGRF1,magenta
RASGRF2,magenta
RASSF8,magenta
RB1CC1,magenta
RBBP4,magenta
RBL2,magenta
RBM16,magenta
RBM22,magenta
RBM26,magenta
RBM33,magenta
RBM39,magenta
RBM4,magenta
RBM5,magenta
RBM9,magenta
RBMS3,magenta
RBMXL1,magenta
RBPJ,magenta
RBPMS2,magenta
RC3H2,magenta
RCC2,magenta
RCE1,magenta
RCL1,magenta
RCOR1,magenta
RDH10,magenta
RDX,magenta
RECQL,magenta
REEP2,magenta
REEP3,magenta
RELA,magenta
RELL1,magenta
RELN,magenta
RERE,magenta
RET,magenta
RFX2,magenta
RFX7,magenta
RGL2,magenta
RGMA,magenta
RGMB,magenta
RGNEF,magenta
RGS6,magenta
RGS7BP,magenta
RHBDD2,magenta
RHBDL3,magenta
RHOBTB2,magenta
RILP,magenta
RILPL2,magenta
RIMS2,magenta
RIMS4,magenta
RIT1,magenta
RNASEH1,magenta
RNASEH2B,magenta
RNASEH2C,magenta
RNASEK,magenta
RNF103,magenta
RNF126,magenta
RNF13,magenta
RNF139,magenta
RNF144A,magenta
RNF150,magenta
RNF157,magenta
RNF2,magenta
RNF208,magenta
RNF220,magenta
RNF222,magenta
RNF34,magenta
RNF38,magenta
RNF40,magenta
RNF44,magenta
RNF5P1,magenta
RNF6,magenta
RNF8,magenta
RNFT1,magenta
RNGTT,magenta
RNH1,magenta
RNU11,magenta
RNU12,magenta
RNU6ATAC,magenta
ROGDI,magenta
RORA,magenta
RPA1,magenta
RPAIN,magenta
RPF1,magenta
RPH3A,magenta
RPIA,magenta
RPL11,magenta
RPL13,magenta
RPL14,magenta
RPL17,magenta
RPL21,magenta
RPL23,magenta
RPL23AP7,magenta
RPL24,magenta
RPL26L1,magenta
RPL27,magenta
RPL28,magenta
RPL29,magenta
RPL37A,magenta
RPL39L,magenta
RPL41,magenta
RPL5,magenta
RPL7,magenta
RPLP0,magenta
RPN1,magenta
RPRD2,magenta
RPS12,magenta
RPS13,magenta
RPS16,magenta
RPS21,magenta
RPS23,magenta
RPS27,magenta
RPS27A,magenta
RPS27L,magenta
RPS6KA2,magenta
RPSA,magenta
RPUSD4,magenta
RRAGC,magenta
RRM1,magenta
RRP1,magenta
RRP7B,magenta
RSAD1,magenta
RSL24D1,magenta
RSPH1,magenta
RSPRY1,magenta
RSRC1,magenta
RSRC2,magenta
RTCD1,magenta
RTN1,magenta
RTTN,magenta
RUFY1,magenta
RUFY2,magenta
RUVBL1,magenta
RWDD1,magenta
RXRA,magenta
RYBP,magenta
RYK,magenta
RYR2,magenta
S100A9,magenta
SACM1L,magenta
SALL1,magenta
SAMD11,magenta
SAMD13,magenta
SAMD5,magenta
SAMM50,magenta
SAPS3,magenta
SART1,magenta
SBF2,magenta
SC4MOL,magenta
SCAMP1,magenta
SCAND3,magenta
SCARA3,magenta
SCFD1,magenta
SCIN,magenta
SCN1B,magenta
SCN8A,magenta
SCP2,magenta
SCYL3,magenta
SDAD1,magenta
SDCCAG1,magenta
SDCCAG8,magenta
SDF4,magenta
SDHC,magenta
SDK1,magenta
SDK2,magenta
SDR39U1,magenta
SEC14L1,magenta
SEC22A,magenta
SEC24B,magenta
SEC61A2,magenta
SEC63,magenta
SECTM1,magenta
SEH1L,magenta
SELI,magenta
SELK,magenta
SELO,magenta
SELS,magenta
SEMA5B,magenta
SEP-07,magenta
SEPHS1,magenta
SEPN1,magenta
SERGEF,magenta
SERINC5,magenta
SERP1,magenta
SESTD1,magenta
SETD3,magenta
SETD4,magenta
SETD8,magenta
SF1,magenta
SF3A1,magenta
SFMBT1,magenta
SFRS1,magenta
SFRS12IP1,magenta
SFRS14,magenta
SFRS15,magenta
SFRS18,magenta
SFRS6,magenta
SFRS7,magenta
SGK1,magenta
SGSM3,magenta
SGTA,magenta
SH2B1,magenta
SHANK1,magenta
SHC2,magenta
SHC4,magenta
SHCBP1,magenta
SHISA3,magenta
SHISA7,magenta
SHMT2,magenta
SHQ1,magenta
SIDT1,magenta
SIK2,magenta
SIP1,magenta
SIRT7,magenta
SIX3,magenta
SIX5,magenta
SKA1,magenta
SKA3,magenta
SKI,magenta
SKIL,magenta
SKP1,magenta
SLBP,magenta
SLC10A7,magenta
SLC12A9,magenta
SLC16A13,magenta
SLC19A2,magenta
SLC1A3,magenta
SLC22A17,magenta
SLC22A23,magenta
SLC25A1,magenta
SLC25A13,magenta
SLC25A28,magenta
SLC25A29,magenta
SLC25A35,magenta
SLC25A42,magenta
SLC26A2,magenta
SLC27A6,magenta
SLC29A1,magenta
SLC2A12,magenta
SLC2A4RG,magenta
SLC30A6,magenta
SLC30A9,magenta
SLC35B1,magenta
SLC35B2,magenta
SLC35C2,magenta
SLC35F2,magenta
SLC35F3,magenta
SLC36A1,magenta
SLC36A4,magenta
SLC37A3,magenta
SLC38A10,magenta
SLC38A9,magenta
SLC39A10,magenta
SLC39A13,magenta
SLC39A8,magenta
SLC41A1,magenta
SLC5A3,magenta
SLC5A6,magenta
SLC6A20,magenta
SLC8A1,magenta
SLC9A3,magenta
SLC9A8,magenta
SLCO3A1,magenta
SLIT1,magenta
SLITRK1,magenta
SLK,magenta
SLMAP,magenta
SLU7,magenta
SMAD1,magenta
SMAD4,magenta
SMAD5,magenta
SMAD7,magenta
SMAGP,magenta
SMARCA4,magenta
SMARCC2,magenta
SMARCD3,magenta
SMEK1,magenta
SMEK2,magenta
SMG5,magenta
SMNDC1,magenta
SMPDL3A,magenta
SMUG1,magenta
SMURF1,magenta
SNAPC1,magenta
SNCAIP,magenta
SND1,magenta
SNED1,magenta
SNHG3-RCC1,magenta
SNHG7,magenta
SNHG9,magenta
SNIP1,magenta
SNORA76,magenta
SNORD12B,magenta
SNORD27,magenta
SNORD42B,magenta
SNORD50A,magenta
SNORD54,magenta
SNRNP25,magenta
SNRPB,magenta
SNTA1,magenta
SNX3,magenta
SNX6,magenta
SNX7,magenta
SOCS3,magenta
SOCS5,magenta
SORCS1,magenta
SORCS2,magenta
SORD,magenta
SOS2,magenta
SOX12,magenta
SOX2,magenta
SOX21,magenta
SOX2OT,magenta
SOX5,magenta
SP4,magenta
SPAG6,magenta
SPATA19,magenta
SPATA6,magenta
SPC25,magenta
SPCS3,magenta
SPEG,magenta
SPEN,magenta
SPG11,magenta
SPG20,magenta
SPG21,magenta
SPG7,magenta
SPHKAP,magenta
SPIN1,magenta
SPINT1,magenta
SPRED1,magenta
SPRED2,magenta
SPRED3,magenta
SPRN,magenta
SPRYD3,magenta
SPSB1,magenta
SPTBN4,magenta
SQSTM1,magenta
SRF,magenta
SRM,magenta
SRP14,magenta
SRP9,magenta
SRRM3,magenta
SSBP3,magenta
SSR1,magenta
SSTR1,magenta
SSTR2,magenta
SSX2IP,magenta
ST3GAL2,magenta
ST3GAL5,magenta
ST3GAL6,magenta
ST8SIA3,magenta
STAMBP,magenta
STARD3NL,magenta
STBD1,magenta
STK17B,magenta
STK19,magenta
STK39,magenta
STOML1,magenta
STOML2,magenta
STOX2,magenta
STRAP,magenta
STT3B,magenta
STX18,magenta
STX4,magenta
SUB1,magenta
SUCLG1,magenta
SUMO1,magenta
SUMO2,magenta
SUPV3L1,magenta
SURF4,magenta
SUV39H2,magenta
SUV420H1,magenta
SVIP,magenta
SYN3,magenta
SYNGAP1,magenta
SYNPO,magenta
SYPL1,magenta
SYPL2,magenta
SYS1,magenta
SYT5,magenta
T,magenta
TAF12,magenta
TAF15,magenta
TAF2,magenta
TAF5,magenta
TAF6,magenta
TAF7,magenta
TALDO1,magenta
TANC1,magenta
TAP2,magenta
TAPBP,magenta
TARS2,magenta
TAX1BP1,magenta
TBC1D1,magenta
TBC1D12,magenta
TBC1D14,magenta
TBC1D8,magenta
TBCA,magenta
TBCEL,magenta
TBCK,magenta
TBKBP1,magenta
TBL1XR1,magenta
TBPL1,magenta
TBX1,magenta
TBX18,magenta
TBX21,magenta
TCF12,magenta
TCF25,magenta
TCF4,magenta
TCHP,magenta
TCIRG1,magenta
TCP11L1,magenta
TCP11L2,magenta
TCTEX1D2,magenta
TCTN3,magenta
TDRKH,magenta
TEAD3,magenta
TECPR1,magenta
TERF2,magenta
TERF2IP,magenta
TESK2,magenta
TET2,magenta
TEX14,magenta
TEX2,magenta
TFAP2A,magenta
TFG,magenta
TFRC,magenta
TGFA,magenta
TGFB1,magenta
TGFBR1,magenta
TGIF1,magenta
TGOLN2,magenta
TH,magenta
THADA,magenta
THBS1,magenta
THNSL2,magenta
THOP1,magenta
THYN1,magenta
TIAM1,magenta
TIFA,magenta
TIMM10,magenta
TIMM13,magenta
TIMM44,magenta
TIMM8B,magenta
TIMP2,magenta
TJP2,magenta
TLE2,magenta
TLK1,magenta
TLX3,magenta
TM2D1,magenta
TM7SF2,magenta
TMED1,magenta
TMED10,magenta
TMED5,magenta
TMED7-TICAM2,magenta
TMEM101,magenta
TMEM110,magenta
TMEM115,magenta
TMEM131,magenta
TMEM136,magenta
TMEM169,magenta
TMEM175,magenta
TMEM179B,magenta
TMEM18,magenta
TMEM183A,magenta
TMEM184B,magenta
TMEM192,magenta
TMEM194B,magenta
TMEM199,magenta
TMEM200B,magenta
TMEM208,magenta
TMEM209,magenta
TMEM229B,magenta
TMEM231,magenta
TMEM39B,magenta
TMEM42,magenta
TMEM44,magenta
TMEM49,magenta
TMEM50B,magenta
TMEM51,magenta
TMEM55B,magenta
TMEM56,magenta
TMEM57,magenta
TMEM65,magenta
TMEM66,magenta
TMEM67,magenta
TMEM70,magenta
TMEM74,magenta
TMEM80,magenta
TMEM85,magenta
TMEM93,magenta
TMEM98,magenta
TMF1,magenta
TMOD2,magenta
TMPRSS2,magenta
TMTC2,magenta
TMX2,magenta
TNIP2,magenta
TNKS,magenta
TNKS1BP1,magenta
TNNI3,magenta
TNPO1,magenta
TNRC18,magenta
TOMM22,magenta
TOMM34,magenta
TOMM40,magenta
TOP2A,magenta
TOPBP1,magenta
TOX3,magenta
TP53,magenta
TP53BP2,magenta
TP53INP2,magenta
TPD52,magenta
TPI1,magenta
TPK1,magenta
TPP2,magenta
TPST1,magenta
TPX2,magenta
TRAF2,magenta
TRAF3IP1,magenta
TRAF4,magenta
TRAF7,magenta
TRANK1,magenta
TRAP1,magenta
TRAPPC5,magenta
TRERF1,magenta
TREX1,magenta
TRH,magenta
TRIAP1,magenta
TRIB1,magenta
TRIM2,magenta
TRIM24,magenta
TRIM25,magenta
TRIM26,magenta
TRIM27,magenta
TRIM31,magenta
TRIM37,magenta
TRIM39,magenta
TRIM41,magenta
TRIM46,magenta
TRIM52,magenta
TRIM71,magenta
TRIM8,magenta
TRIM9,magenta
TRMT12,magenta
TROAP,magenta
TRPC1,magenta
TRPC3,magenta
TRPS1,magenta
TRRAP,magenta
TSC22D1,magenta
TSGA13,magenta
TSHZ2,magenta
TSKU,magenta
TSNAX-DISC1,magenta
TSSC1,magenta
TSSC4,magenta
TSTD1,magenta
TTBK2,magenta
TTC18,magenta
TTC26,magenta
TTC27,magenta
TTC30A,magenta
TTC31,magenta
TTC32,magenta
TTC4,magenta
TTC5,magenta
TTC7B,magenta
TTF2,magenta
TTLL1,magenta
TTLL9,magenta
TUB,magenta
TUBA1A,magenta
TUBA1C,magenta
TUBB,magenta
TUBB4,magenta
TUBD1,magenta
TUBE1,magenta
TUBGCP3,magenta
TUBGCP6,magenta
TULP3,magenta
TUSC1,magenta
TUT1,magenta
TXLNA,magenta
TXNDC6,magenta
TYMP,magenta
TYMS,magenta
U2AF1,magenta
UBE2B,magenta
UBE2D2,magenta
UBE2D3,magenta
UBE2E1,magenta
UBE2G1,magenta
UBE2G2,magenta
UBE2H,magenta
UBE2L3,magenta
UBE2Q1,magenta
UBE2T,magenta
UBE2V1,magenta
UBIAD1,magenta
UBLCP1,magenta
UBR1,magenta
UBR4,magenta
UBTF,magenta
UBXN2A,magenta
UCK2,magenta
UCRC,magenta
UFC1,magenta
UFD1L,magenta
UFSP2,magenta
UHRF2,magenta
UIMC1,magenta
ULK1,magenta
ULK2,magenta
ULK4,magenta
UNC45A,magenta
UNC84B,magenta
UPF1,magenta
UPF2,magenta
UPF3A,magenta
UQCRC2,magenta
URB1,magenta
URB2,magenta
USO1,magenta
USP1,magenta
USP13,magenta
USP16,magenta
USP18,magenta
USP28,magenta
USP3,magenta
USP32,magenta
USP34,magenta
USP38,magenta
USP39,magenta
USP4,magenta
USP45,magenta
USP46,magenta
USP48,magenta
UTP20,magenta
UTP23,magenta
UVRAG,magenta
VAMP2,magenta
VARS,magenta
VASH1,magenta
VCPIP1,magenta
VEPH1,magenta
VIM,magenta
VPS37D,magenta
VPS52,magenta
VPS53,magenta
VPS8,magenta
VSIG10,magenta
VTI1B,magenta
WAPAL,magenta
WASF2,magenta
WBP11,magenta
WBP4,magenta
WDFY1,magenta
WDR1,magenta
WDR20,magenta
WDR25,magenta
WDR26,magenta
WDR37,magenta
WDR41,magenta
WDR45L,magenta
WDR47,magenta
WDR48,magenta
WDR51B,magenta
WDR54,magenta
WDR61,magenta
WDR62,magenta
WDR69,magenta
WDR7,magenta
WDR73,magenta
WDR77,magenta
WDR89,magenta
WDR90,magenta
WDTC1,magenta
WFS1,magenta
WIBG,magenta
WIT1,magenta
WNT5A,magenta
WNT6,magenta
WNT7B,magenta
WRN,magenta
WRNIP1,magenta
WWC2,magenta
XAB2,magenta
XKR4,magenta
XKR5,magenta
XPC,magenta
XPO4,magenta
XRCC2,magenta
XRCC5,magenta
XRN2,magenta
XYLT2,magenta
YES1,magenta
YIPF2,magenta
YJEFN3,magenta
YPEL1,magenta
YPEL4,magenta
YTHDC2,magenta
YTHDF1,magenta
YTHDF3,magenta
YY1,magenta
ZBED4,magenta
ZBTB1,magenta
ZBTB3,magenta
ZBTB4,magenta
ZBTB41,magenta
ZBTB7A,magenta
ZBTB7B,magenta
ZBTB8A,magenta
ZBTB9,magenta
ZC3H12A,magenta
ZC3H3,magenta
ZC3H7B,magenta
ZC3HC1,magenta
ZCCHC3,magenta
ZDHHC14,magenta
ZDHHC20,magenta
ZDHHC3,magenta
ZDHHC7,magenta
ZEB1,magenta
ZFAND2B,magenta
ZFAND6,magenta
ZFHX3,magenta
ZFHX4,magenta
ZFP62,magenta
ZFPM1,magenta
ZFPM2,magenta
ZFYVE19,magenta
ZFYVE28,magenta
ZHX2,magenta
ZIC2,magenta
ZIC5,magenta
ZKSCAN4,magenta
ZMYM5,magenta
ZMYND11,magenta
ZNF101,magenta
ZNF132,magenta
ZNF133,magenta
ZNF136,magenta
ZNF14,magenta
ZNF142,magenta
ZNF143,magenta
ZNF165,magenta
ZNF167,magenta
ZNF187,magenta
ZNF215,magenta
ZNF223,magenta
ZNF224,magenta
ZNF226,magenta
ZNF229,magenta
ZNF251,magenta
ZNF252,magenta
ZNF256,magenta
ZNF260,magenta
ZNF304,magenta
ZNF322A,magenta
ZNF323,magenta
ZNF324,magenta
ZNF324B,magenta
ZNF33B,magenta
ZNF343,magenta
ZNF346,magenta
ZNF347,magenta
ZNF362,magenta
ZNF365,magenta
ZNF37B,magenta
ZNF385B,magenta
ZNF391,magenta
ZNF416,magenta
ZNF420,magenta
ZNF462,magenta
ZNF488,magenta
ZNF496,magenta
ZNF501,magenta
ZNF521,magenta
ZNF528,magenta
ZNF529,magenta
ZNF532,magenta
ZNF536,magenta
ZNF542,magenta
ZNF551,magenta
ZNF555,magenta
ZNF561,magenta
ZNF564,magenta
ZNF565,magenta
ZNF566,magenta
ZNF573,magenta
ZNF577,magenta
ZNF582,magenta
ZNF583,magenta
ZNF584,magenta
ZNF585B,magenta
ZNF589,magenta
ZNF593,magenta
ZNF599,magenta
ZNF627,magenta
ZNF642,magenta
ZNF643,magenta
ZNF696,magenta
ZNF718,magenta
ZNF74,magenta
ZNF740,magenta
ZNF770,magenta
ZNF772,magenta
ZNF784,magenta
ZNF799,magenta
ZNF823,magenta
ZNF827,magenta
ZNF828,magenta
ZNF829,magenta
ZNF844,magenta
ZNF878,magenta
ZNF880,magenta
ZNHIT1,magenta
ZNHIT2,magenta
ZNRF1,magenta
ZSCAN29,magenta
ZSWIM7,magenta
ZWINT,magenta
ZYG11A,magenta
A2BP1,pink
AAA1,pink
AACS,pink
AADACL4,pink
AADAT,pink
AAK1,pink
AARS2,pink
AASDH,pink
AASS,pink
AATF,pink
AATK,pink
ABCA1,pink
ABCA13,pink
ABCA5,pink
ABCA8,pink
ABCB4,pink
ABCB5,pink
ABCB9,pink
ABCC1,pink
ABCC10,pink
ABCC11,pink
ABCC13,pink
ABCC4,pink
ABCF2,pink
ABI3,pink
ABI3BP,pink
ABLIM1,pink
ABLIM2,pink
ABT1,pink
ACACA,pink
ACACB,pink
ACAD8,pink
ACADM,pink
ACAP2,pink
ACAP3,pink
ACBD5,pink
ACBD6,pink
ACCN1,pink
ACCN3,pink
ACIN1,pink
ACN9,pink
ACOT7,pink
ACP2,pink
ACR,pink
ACRV1,pink
ACSBG2,pink
ACSF3,pink
ACSL1,pink
ACTBL2,pink
ACTL6B,pink
ACTN1,pink
ACTN3,pink
ACTN4,pink
ACYP2,pink
ADAD1,pink
ADAM10,pink
ADAM11,pink
ADAM15,pink
ADAM19,pink
ADAM20,pink
ADAM30,pink
ADAM5P,pink
ADAM7,pink
ADAM9,pink
ADAMDEC1,pink
ADAMTS10,pink
ADAMTS12,pink
ADAMTS14,pink
ADAMTS16,pink
ADAMTS17,pink
ADAMTS2,pink
ADAMTS6,pink
ADAMTS7,pink
ADAMTS9,pink
ADAMTSL5,pink
ADAP1,pink
ADARB1,pink
ADARB2,pink
ADCY1,pink
ADCY2,pink
ADCY9,pink
ADCYAP1R1,pink
ADD1,pink
ADD2,pink
ADH6,pink
ADI1,pink
ADIG,pink
ADIPOR1,pink
ADK,pink
ADNP2,pink
ADORA3,pink
ADPRHL1,pink
ADRA2B,pink
AEBP1,pink
AEBP2,pink
AFAP1,pink
AFAP1L1,pink
AFAP1L2,pink
AFF1,pink
AFF3,pink
AFG3L1,pink
AGA,pink
AGAP1,pink
AGAP2,pink
AGBL1,pink
AGBL3,pink
AGMAT,pink
AGPAT1,pink
AGPAT3,pink
AGPAT4,pink
AGPAT5,pink
AGR2,pink
AGRN,pink
AGTPBP1,pink
AHCYL2,pink
AHI1,pink
AHNAK,pink
AHRR,pink
AICDA,pink
AIFM2,pink
AIM1L,pink
AIM2,pink
AIP,pink
AK2,pink
AK5,pink
AKAP1,pink
AKAP10,pink
AKAP12,pink
AKAP13,pink
AKAP3,pink
AKAP9,pink
AKNA,pink
AKR1C4,pink
AKR1CL1,pink
ALB,pink
ALDH1A3,pink
ALDH1L1,pink
ALDH1L2,pink
ALDH3B2,pink
ALG1,pink
ALG12,pink
ALG14,pink
ALG6,pink
ALK,pink
ALKBH3,pink
ALOX12P2,pink
ALOX5,pink
ALPK1,pink
ALS2CR12,pink
AMBP,pink
AMFR,pink
AMICA1,pink
AMIGO2,pink
AMMECR1L,pink
AMOTL1,pink
AMPD1,pink
AMPH,pink
AMZ1,pink
ANAPC10,pink
ANAPC5,pink
ANGEL2,pink
ANGPT1,pink
ANGPTL6,pink
ANK2,pink
ANKAR,pink
ANKFY1,pink
ANKIB1,pink
ANKLE2,pink
ANKMY2,pink
ANKRD10,pink
ANKRD11,pink
ANKRD13A,pink
ANKRD17,pink
ANKRD2,pink
ANKRD22,pink
ANKRD26,pink
ANKRD26P1,pink
ANKRD27,pink
ANKRD28,pink
ANKRD30A,pink
ANKRD33,pink
ANKRD34B,pink
ANKRD34C,pink
ANKRD53,pink
ANKRD54,pink
ANKRD55,pink
ANKRD57,pink
ANKRD6,pink
ANKRD9,pink
ANKS1A,pink
ANKS1B,pink
ANO10,pink
ANO2,pink
ANO3,pink
ANO6,pink
ANO9,pink
ANTXR1,pink
ANTXR2,pink
ANUBL1,pink
ANXA1,pink
ANXA13,pink
ANXA4,pink
ANXA7,pink
AOAH,pink
AP1AR,pink
AP2A1,pink
AP2A2,pink
AP3S1,pink
AP4E1,pink
AP4S1,pink
APAF1,pink
APBA1,pink
APBA3,pink
APBB2,pink
APC,pink
APC2,pink
APLP2,pink
APOB,pink
APOB48R,pink
APOBEC2,pink
APOBEC3A,pink
APOC3,pink
APOD,pink
APOF,pink
APOH,pink
APOL2,pink
APOL4,pink
APOM,pink
APPL2,pink
AQP1,pink
AQP12A,pink
ARAP3,pink
ARF1,pink
ARFRP1,pink
ARGLU1,pink
ARHGAP15,pink
ARHGAP23,pink
ARHGAP24,pink
ARHGAP25,pink
ARHGAP26,pink
ARHGAP28,pink
ARHGEF10,pink
ARHGEF10L,pink
ARHGEF16,pink
ARHGEF18,pink
ARHGEF2,pink
ARID1B,pink
ARID3A,pink
ARID3B,pink
ARID4A,pink
ARID5B,pink
ARL13B,pink
ARL15,pink
ARL2,pink
ARMC10,pink
ARMC4,pink
ARMC5,pink
ARMC9,pink
ARMS2,pink
ARNT2,pink
ARRDC5,pink
ARSI,pink
ART1,pink
ART4,pink
ARVCF,pink
ASAH2,pink
ASAM,pink
ASAP1,pink
ASAP2,pink
ASB15,pink
ASB18,pink
ASB8,pink
ASCC1,pink
ASCL4,pink
ASF1A,pink
ASIP,pink
ASPG,pink
ASPH,pink
ASPSCR1,pink
ASRGL1,pink
ASS1,pink
ASTN1,pink
ASXL1,pink
ASZ1,pink
ATAD2B,pink
ATCAY,pink
ATF6,pink
ATF6B,pink
ATF7IP,pink
ATG10,pink
ATG7,pink
ATHL1,pink
ATL1,pink
ATM,pink
ATP10A,pink
ATP10B,pink
ATP11A,pink
ATP11B,pink
ATP13A4,pink
ATP1A4,pink
ATP2A1,pink
ATP2A2,pink
ATP2B2,pink
ATP4A,pink
ATP4B,pink
ATP5S,pink
ATP6AP1L,pink
ATP6V0A1,pink
ATP6V0A4,pink
ATP6V0D2,pink
ATP6V1C2,pink
ATP6V1H,pink
ATP8A1,pink
ATP8A2,pink
ATP8B3,pink
ATP8B4,pink
ATP9B,pink
ATRNL1,pink
ATXN1,pink
ATXN7,pink
ATXN7L1,pink
AURKC,pink
AUTS2,pink
AXL,pink
AZI2,pink
B2M,pink
B3GALT1,pink
B3GALT4,pink
B3GALTL,pink
B3GAT1,pink
B3GNT2,pink
B3GNT3,pink
B3GNTL1,pink
B4GALNT2,pink
B4GALNT3,pink
B4GALNT4,pink
BACE2,pink
BACH2,pink
BAGE,pink
BAHCC1,pink
BAHD1,pink
BAIAP2,pink
BANF2,pink
BANK1,pink
BANP,pink
BASP1,pink
BAT2L1,pink
BAT4,pink
BAT5,pink
BATF2,pink
BAZ2B,pink
BBS9,pink
BBX,pink
BCAR1,pink
BCAR3,pink
BCAS1,pink
BCAS3,pink
BCKDK,pink
BCL11A,pink
BCL2,pink
BCL2L10,pink
BCL2L11,pink
BCL2L12,pink
BCL2L15,pink
BCL3,pink
BCL9,pink
BCLAF1,pink
BCO2,pink
BDNF,pink
BDNFOS,pink
BEGAIN,pink
BEND6,pink
BEST2,pink
BEST3,pink
BET1,pink
BFSP1,pink
BFSP2,pink
BHMT,pink
BICC1,pink
BIRC2,pink
BIRC3,pink
BLCAP,pink
BLK,pink
BLM,pink
BMI1,pink
BMP10,pink
BMP3,pink
BMP5,pink
BMP6,pink
BMPER,pink
BMPR1A,pink
BMPR1B,pink
BNC1,pink
BNC2,pink
BNIP2,pink
BNIP3,pink
BNIPL,pink
BOC,pink
BOD1L,pink
BOK,pink
BOLL,pink
BPESC1,pink
BPIL1,pink
BPTF,pink
BRAP,pink
BRCA1,pink
BRD2,pink
BRD7,pink
BRD9,pink
BRDT,pink
BRE,pink
BRF1,pink
BRIP1,pink
BRPF3,pink
BRSK2,pink
BRWD1,pink
BSPH1,pink
BTAF1,pink
BTBD1,pink
BTBD11,pink
BTBD12,pink
BTBD16,pink
BTBD2,pink
BTBD7,pink
BTBD9,pink
BTF3,pink
BTN2A2,pink
BTN3A1,pink
BTNL2,pink
BTNL8,pink
BZRAP1,pink
BZW1,pink
BZW2,pink
C10ORF104,pink
C10ORF105,pink
C10ORF11,pink
C10ORF111,pink
C10ORF12,pink
C10ORF129,pink
C10ORF2,pink
C10ORF46,pink
C10ORF47,pink
C10ORF55,pink
C10ORF71,pink
C10ORF79,pink
C10ORF81,pink
C10ORF93,pink
C10ORF96,pink
C11ORF2,pink
C11ORF30,pink
C11ORF34,pink
C11ORF49,pink
C11ORF53,pink
C11ORF54,pink
C11ORF57,pink
C11ORF61,pink
C11ORF63,pink
C11ORF74,pink
C11ORF75,pink
C11ORF82,pink
C11ORF90,pink
C11ORF92,pink
C12ORF12,pink
C12ORF23,pink
C12ORF29,pink
C12ORF35,pink
C12ORF36,pink
C12ORF40,pink
C12ORF48,pink
C12ORF56,pink
C12ORF59,pink
C12ORF74,pink
C13ORF1,pink
C13ORF35,pink
C13ORF39,pink
C14ORF101,pink
C14ORF104,pink
C14ORF105,pink
C14ORF115,pink
C14ORF138,pink
C14ORF142,pink
C14ORF143,pink
C14ORF145,pink
C14ORF147,pink
C14ORF159,pink
C14ORF166B,pink
C14ORF182,pink
C14ORF183,pink
C14ORF23,pink
C14ORF34,pink
C14ORF38,pink
C14ORF43,pink
C15ORF2,pink
C15ORF27,pink
C15ORF29,pink
C15ORF42,pink
C15ORF52,pink
C15ORF53,pink
C15ORF60,pink
C16ORF11,pink
C16ORF63,pink
C16ORF68,pink
C16ORF73,pink
C16ORF74,pink
C16ORF88,pink
C17ORF104,pink
C17ORF105,pink
C17ORF28,pink
C17ORF42,pink
C17ORF57,pink
C17ORF58,pink
C17ORF59,pink
C17ORF60,pink
C17ORF67,pink
C17ORF69,pink
C17ORF71,pink
C17ORF73,pink
C17ORF74,pink
C17ORF75,pink
C17ORF80,pink
C17ORF95,pink
C17ORF97,pink
C17ORF98,pink
C18ORF20,pink
C18ORF56,pink
C19ORF20,pink
C19ORF29,pink
C19ORF36,pink
C19ORF41,pink
C19ORF48,pink
C19ORF75,pink
C1D,pink
C1GALT1,pink
C1ORF100,pink
C1ORF107,pink
C1ORF111,pink
C1ORF124,pink
C1ORF125,pink
C1ORF14,pink
C1ORF150,pink
C1ORF183,pink
C1ORF194,pink
C1ORF198,pink
C1ORF201,pink
C1ORF21,pink
C1ORF223,pink
C1ORF227,pink
C1ORF38,pink
C1ORF51,pink
C1ORF53,pink
C1ORF54,pink
C1ORF59,pink
C1ORF65,pink
C1ORF68,pink
C1ORF88,pink
C1ORF9,pink
C1ORF92,pink
C1QB,pink
C1QTNF3,pink
C2,pink
C20ORF117,pink
C20ORF123,pink
C20ORF141,pink
C20ORF151,pink
C20ORF173,pink
C20ORF20,pink
C20ORF202,pink
C20ORF56,pink
C20ORF70,pink
C20ORF79,pink
C21ORF130,pink
C21ORF2,pink
C21ORF29,pink
C21ORF34,pink
C21ORF66,pink
C21ORF7,pink
C21ORF90,pink
C22ORF27,pink
C22ORF32,pink
C2ORF27A,pink
C2ORF3,pink
C2ORF34,pink
C2ORF39,pink
C2ORF51,pink
C2ORF55,pink
C2ORF64,pink
C2ORF65,pink
C2ORF67,pink
C2ORF68,pink
C2ORF76,pink
C2ORF83,pink
C2ORF84,pink
C2ORF88,pink
C2ORF89,pink
C2ORF90,pink
C3ORF21,pink
C3ORF24,pink
C3ORF26,pink
C3ORF31,pink
C3ORF33,pink
C3ORF35,pink
C3ORF39,pink
C3ORF49,pink
C3ORF55,pink
C3ORF57,pink
C3ORF59,pink
C3ORF77,pink
C4BPA,pink
C4ORF31,pink
C4ORF34,pink
C4ORF35,pink
C4ORF42,pink
C4ORF44,pink
C4ORF47,pink
C4ORF50,pink
C4ORF6,pink
C5,pink
C5ORF13,pink
C5ORF35,pink
C5ORF36,pink
C5ORF41,pink
C5ORF43,pink
C5ORF47,pink
C5ORF53,pink
C5ORF56,pink
C6ORF10,pink
C6ORF118,pink
C6ORF120,pink
C6ORF127,pink
C6ORF142,pink
C6ORF147,pink
C6ORF15,pink
C6ORF162,pink
C6ORF163,pink
C6ORF164,pink
C6ORF167,pink
C6ORF173,pink
C6ORF174,pink
C6ORF176,pink
C6ORF182,pink
C6ORF191,pink
C6ORF195,pink
C6ORF204,pink
C6ORF208,pink
C6ORF221,pink
C6ORF223,pink
C6ORF225,pink
C6ORF25,pink
C6ORF27,pink
C6ORF35,pink
C6ORF70,pink
C6ORF89,pink
C7,pink
C7ORF10,pink
C7ORF20,pink
C7ORF27,pink
C7ORF30,pink
C7ORF31,pink
C7ORF50,pink
C7ORF53,pink
C7ORF65,pink
C7ORF71,pink
C7ORF72,pink
C8ORF12,pink
C8ORF31,pink
C8ORF4,pink
C8ORF42,pink
C8ORF59,pink
C8ORF79,pink
C8ORF80,pink
C9,pink
C9ORF144B,pink
C9ORF152,pink
C9ORF170,pink
C9ORF21,pink
C9ORF3,pink
C9ORF46,pink
C9ORF57,pink
C9ORF64,pink
C9ORF72,pink
C9ORF91,pink
CA10,pink
CA4,pink
CA5A,pink
CA6,pink
CAB39,pink
CABP2,pink
CACNA1A,pink
CACNA1C,pink
CACNA1D,pink
CACNA1G,pink
CACNA1H,pink
CACNA2D1,pink
CACNA2D2,pink
CACNA2D3,pink
CACNA2D4,pink
CACNB2,pink
CACNB4,pink
CACNG1,pink
CACNG2,pink
CACNG5,pink
CACNG6,pink
CADM1,pink
CADM2,pink
CADPS,pink
CALCB,pink
CALD1,pink
CALHM1,pink
CALN1,pink
CAMK1D,pink
CAMK2D,pink
CAMTA1,pink
CAPN11,pink
CAPN13,pink
CAPN2,pink
CAPN3,pink
CAPN9,pink
CAPZA2,pink
CARD11,pink
CARD14,pink
CARHSP1,pink
CASC5,pink
CASKIN1,pink
CASP6,pink
CASP8,pink
CASQ2,pink
CASR,pink
CAST,pink
CASZ1,pink
CAT,pink
CATSPERG,pink
CAV1,pink
CAV2,pink
CBFA2T2,pink
CBFA2T3,pink
CBFB,pink
CBLN3,pink
CBS,pink
CBX8,pink
CC2D2A,pink
CCAR1,pink
CCBP2,pink
CCDC105,pink
CCDC109B,pink
CCDC11,pink
CCDC112,pink
CCDC117,pink
CCDC125,pink
CCDC135,pink
CCDC136,pink
CCDC141,pink
CCDC144NL,pink
CCDC149,pink
CCDC155,pink
CCDC158,pink
CCDC17,pink
CCDC30,pink
CCDC33,pink
CCDC36,pink
CCDC39,pink
CCDC40,pink
CCDC42,pink
CCDC52,pink
CCDC53,pink
CCDC55,pink
CCDC61,pink
CCDC64,pink
CCDC64B,pink
CCDC66,pink
CCDC72,pink
CCDC77,pink
CCDC81,pink
CCDC83,pink
CCDC86,pink
CCDC88B,pink
CCDC88C,pink
CCDC9,pink
CCDC92,pink
CCHCR1,pink
CCK,pink
CCL22,pink
CCL28,pink
CCND1,pink
CCND2,pink
CCNJL,pink
CCNY,pink
CCR1,pink
CCR5,pink
CCT4,pink
CCT8,pink
CD14,pink
CD177,pink
CD1A,pink
CD1C,pink
CD2,pink
CD200R1L,pink
CD247,pink
CD28,pink
CD2AP,pink
CD36,pink
CD38,pink
CD3E,pink
CD44,pink
CD46,pink
CD55,pink
CD58,pink
CD59,pink
CD6,pink
CD79A,pink
CD82,pink
CD8A,pink
CDAN1,pink
CDC14A,pink
CDC42,pink
CDC42BPB,pink
CDC7,pink
CDGAP,pink
CDH10,pink
CDH13,pink
CDH18,pink
CDH2,pink
CDH20,pink
CDH22,pink
CDH23,pink
CDH26,pink
CDH3,pink
CDH4,pink
CDK17,pink
CDK18,pink
CDK5R2,pink
CDK5RAP2,pink
CDK5RAP3,pink
CDK6,pink
CDKAL1,pink
CDKL2,pink
CDKL4,pink
CDNF,pink
CDR2L,pink
CDSN,pink
CDYL,pink
CEACAM16,pink
CEACAM19,pink
CEBPG,pink
CECR5,pink
CELSR1,pink
CENPBD1,pink
CENPF,pink
CENPL,pink
CEP120,pink
CEP135,pink
CEP55,pink
CEP63,pink
CEP72,pink
CEP78,pink
CEP97,pink
CERCAM,pink
CES1,pink
CES2,pink
CES4,pink
CES7,pink
CETN1,pink
CFDP1,pink
CFHR5,pink
CFLP1,pink
CGREF1,pink
CHAF1B,pink
CHCHD3,pink
CHD5,pink
CHD7,pink
CHD9,pink
CHEK1,pink
CHFR,pink
CHGA,pink
CHIA,pink
CHMP1A,pink
CHMP4B,pink
CHN1,pink
CHN2,pink
CHP,pink
CHPT1,pink
CHRM2,pink
CHRM3,pink
CHRM5,pink
CHRNA1,pink
CHRNA10,pink
CHRNA4,pink
CHRNA5,pink
CHRNB3,pink
CHST1,pink
CHST10,pink
CHST11,pink
CHST12,pink
CHST15,pink
CHTF18,pink
CILP2,pink
CIZ1,pink
CKB,pink
CKLF,pink
CLASP1,pink
CLASP2,pink
CLCA4,pink
CLCN1,pink
CLCN7,pink
CLCNKB,pink
CLDN10,pink
CLDN18,pink
CLDN3,pink
CLDN4,pink
CLDN8,pink
CLEC10A,pink
CLEC16A,pink
CLEC1B,pink
CLEC2A,pink
CLEC3B,pink
CLEC4F,pink
CLEC4M,pink
CLIC1,pink
CLIC6,pink
CLIP2,pink
CLIP4,pink
CLLU1,pink
CLLU1OS,pink
CLMN,pink
CLN8,pink
CLNK,pink
CLPB,pink
CLPTM1L,pink
CLRN2,pink
CLVS1,pink
CLYBL,pink
CMAH,pink
CMIP,pink
CMPK1,pink
CMTM6,pink
CNGA1,pink
CNN1,pink
CNNM1,pink
CNNM2,pink
CNOT10,pink
CNOT2,pink
CNR1,pink
CNTD2,pink
CNTN4,pink
CNTN5,pink
CNTNAP2,pink
CNTNAP4,pink
CNTNAP5,pink
COBL,pink
COBLL1,pink
COBRA1,pink
COG1,pink
COG2,pink
COG6,pink
COG7,pink
COL11A2,pink
COL12A1,pink
COL13A1,pink
COL14A1,pink
COL15A1,pink
COL17A1,pink
COL18A1,pink
COL19A1,pink
COL1A1,pink
COL20A1,pink
COL21A1,pink
COL22A1,pink
COL23A1,pink
COL24A1,pink
COL25A1,pink
COL4A1,pink
COL4A2,pink
COL5A1,pink
COL5A2,pink
COL6A3,pink
COL6A6,pink
COL8A1,pink
COL9A1,pink
COL9A2,pink
COLEC10,pink
COMMD1,pink
COMMD6,pink
COMP,pink
COMT,pink
COPS2,pink
COPS3,pink
COQ2,pink
CORO1C,pink
CORO2B,pink
COTL1,pink
COX11,pink
COX8C,pink
CP,pink
CPA4,pink
CPA6,pink
CPB1,pink
CPB2,pink
CPD,pink
CPE,pink
CPEB3,pink
CPN1,pink
CPNE1,pink
CPNE2,pink
CPNE7,pink
CPS1,pink
CPSF2,pink
CPSF7,pink
CPT1C,pink
CPVL,pink
CPXM2,pink
CR2,pink
CRAMP1L,pink
CRB1,pink
CREB3L2,pink
CREB5,pink
CREBL2,pink
CRHBP,pink
CRIM1,pink
CRISP2,pink
CRISPLD2,pink
CRLS1,pink
CRP,pink
CRY1,pink
CRYBB1,pink
CRYGC,pink
CRYGS,pink
CRYM,pink
CRYZL1,pink
CSDC2,pink
CSE1L,pink
CSF1,pink
CSF1R,pink
CSGALNACT1,pink
CSK,pink
CSMD1,pink
CSMD3,pink
CSN1S2B,pink
CSNK1A1L,pink
CSNK2A1,pink
CSPP1,pink
CSRP2,pink
CSRP2BP,pink
CST11,pink
CST8,pink
CSTA,pink
CSTF1,pink
CSTL1,pink
CTBP1,pink
CTBP2,pink
CTBS,pink
CTDP1,pink
CTDSP2,pink
CTNNA2,pink
CTNNAL1,pink
CTNNB1,pink
CTPS,pink
CTR9,pink
CTRC,pink
CTSE,pink
CTSH,pink
CTSO,pink
CTSS,pink
CTSZ,pink
CTTN,pink
CTU2,pink
CUBN,pink
CUEDC1,pink
CUGBP1,pink
CUL2,pink
CUL3,pink
CUL4A,pink
CUX1,pink
CUX2,pink
CWF19L1,pink
CXCL10,pink
CXCL13,pink
CXCR5,pink
CXCR6,pink
CXXC1,pink
CYB5A,pink
CYB5B,pink
CYB5R3,pink
CYBRD1,pink
CYFIP1,pink
CYP11A1,pink
CYP19A1,pink
CYP1B1,pink
CYP20A1,pink
CYP24A1,pink
CYP2A7,pink
CYP2C8,pink
CYP2D6,pink
CYP2F1,pink
CYP2J2,pink
CYP39A1,pink
CYP46A1,pink
CYP4B1,pink
CYP4F11,pink
CYP4F22,pink
CYP4V2,pink
CYP8B1,pink
CYR61,pink
CYTH3,pink
CYTIP,pink
CYTSB,pink
CYYR1,pink
D4S234E,pink
DAAM1,pink
DAB1,pink
DAB2,pink
DAB2IP,pink
DACH1,pink
DAPK2,pink
DARS2,pink
DAZAP1,pink
DAZL,pink
DBC1,pink
DBI,pink
DBNDD1,pink
DBT,pink
DCAF10,pink
DCAF4,pink
DCAF4L2,pink
DCBLD1,pink
DCDC2,pink
DCHS1,pink
DCLK2,pink
DCLRE1B,pink
DCPS,pink
DCST1,pink
DCTD,pink
DCTN2,pink
DCTPP1,pink
DCUN1D1,pink
DCUN1D2,pink
DCUN1D4,pink
DDAH2,pink
DDB2,pink
DDC,pink
DDOST,pink
DDT,pink
DDTL,pink
DDX28,pink
DDX4,pink
DDX43,pink
DDX51,pink
DDX6,pink
DDX60L,pink
DEAF1,pink
DEC-01,pink
DEF8,pink
DEFA4,pink
DEFA6,pink
DEFB116,pink
DEFB125,pink
DEFB132,pink
DEFB136,pink
DEK,pink
DENND1A,pink
DENND2A,pink
DENND3,pink
DENND4C,pink
DERA,pink
DERL1,pink
DFNA5,pink
DGAT1,pink
DGCR9,pink
DGKD,pink
DGKG,pink
DHCR24,pink
DHRS7B,pink
DHTKD1,pink
DHX15,pink
DHX16,pink
DHX32,pink
DHX37,pink
DHX40,pink
DHX8,pink
DIAPH3,pink
DIO3,pink
DIP2B,pink
DIP2C,pink
DIRAS2,pink
DIRAS3,pink
DIRC1,pink
DIRC3,pink
DIS3L2,pink
DISC1,pink
DISP1,pink
DKFZP566F0947,pink
DKFZP586I1420,pink
DKFZP686A1627,pink
DKK2,pink
DKK4,pink
DLC1,pink
DLEU7,pink
DLG2,pink
DLG4,pink
DLGAP1,pink
DLGAP2,pink
DLK1,pink
DLL1,pink
DLX1,pink
DLX3,pink
DLX4,pink
DLX5,pink
DMBT1,pink
DMRTB1,pink
DMXL1,pink
DMXL2,pink
DNA2,pink
DNAH10,pink
DNAH11,pink
DNAH17,pink
DNAH2,pink
DNAH5,pink
DNAH6,pink
DNAH7,pink
DNAH8,pink
DNAH9,pink
DNAI2,pink
DNAJB6,pink
DNAJC1,pink
DNAJC13,pink
DNAJC14,pink
DNAJC15,pink
DNAJC17,pink
DNAJC22,pink
DNAJC6,pink
DNAL1,pink
DNASE1L3,pink
DNER,pink
DNM1,pink
DNM2,pink
DNM3,pink
DNMT1,pink
DNMT3L,pink
DOCK1,pink
DOCK5,pink
DOCK7,pink
DOCK9,pink
DOK3,pink
DOK7,pink
DPEP3,pink
DPF3,pink
DPH5,pink
DPP6,pink
DPP8,pink
DPPA5,pink
DPYD,pink
DPYSL3,pink
DPYSL4,pink
DRD4,pink
DSC2,pink
DSC3,pink
DSCAM,pink
DSCR3,pink
DSCR8,pink
DSCR9,pink
DST,pink
DTHD1,pink
DTL,pink
DTNBP1,pink
DTWD2,pink
DTX4,pink
DUOX1,pink
DUSP1,pink
DUSP16,pink
DUSP22,pink
DUSP27,pink
DUSP3,pink
DUSP5P,pink
DUXA,pink
DVL3,pink
DYM,pink
DYNC1H1,pink
DYNC1I1,pink
DYNC1LI2,pink
DYTN,pink
DYX1C1,pink
DZIP3,pink
EAPP,pink
EBAG9,pink
EBF1,pink
EBF2,pink
EBF3,pink
ECE2,pink
ECHDC3,pink
ECT2L,pink
EDARADD,pink
EDNRA,pink
EED,pink
EEF1A2,pink
EEF1D,pink
EEF1DP3,pink
EEFSEC,pink
EEPD1,pink
EFCAB2,pink
EFCAB3,pink
EFCAB4B,pink
EFEMP2,pink
EFHD1,pink
EFNA2,pink
EFNA3,pink
EFNA5,pink
EGFLAM,pink
EGFR,pink
EGLN1,pink
EHBP1,pink
EHD1,pink
EHD2,pink
EHMT1,pink
EHMT2,pink
EIF2AK1,pink
EIF2AK2,pink
EIF2AK4,pink
EIF2C2,pink
EIF2S1,pink
EIF3B,pink
EIF3D,pink
EIF3H,pink
EIF3IP1,pink
EIF4A3,pink
EIF4E,pink
EIF4G1,pink
EIF4G3,pink
EIF4H,pink
EIF5,pink
EIF5B,pink
ELAC2,pink
ELANE,pink
ELF2,pink
ELF5,pink
ELFN1,pink
ELK3,pink
ELL,pink
ELL2,pink
ELMOD2,pink
ELOVL6,pink
ELOVL7,pink
ELP4,pink
EML1,pink
EML2,pink
EML4,pink
EMP1,pink
EMR4P,pink
ENOPH1,pink
ENOX1,pink
ENPP2,pink
ENTHD1,pink
ENTPD1,pink
ENTPD5,pink
EOMES,pink
EP400NL,pink
EPB41,pink
EPB41L2,pink
EPB41L4A,pink
EPC2,pink
EPDR1,pink
EPHA2,pink
EPHA6,pink
EPHA8,pink
EPHB1,pink
EPHB2,pink
EPHX1,pink
EPHX2,pink
EPM2A,pink
ERBB4,pink
ERC2,pink
ERCC2,pink
EREG,pink
ERG,pink
ERICH1,pink
ERLIN2,pink
ERO1LB,pink
ESAM,pink
ESPNP,pink
ESR2,pink
ESRP1,pink
ESRRB,pink
ESRRG,pink
ESYT2,pink
ETFA,pink
ETS2,pink
ETV3,pink
ETV6,pink
EVC,pink
EVC2,pink
EVI5,pink
EXD2,pink
EXD3,pink
EXO1,pink
EXOC2,pink
EXOC3,pink
EXOC4,pink
EXOC6,pink
EXOC6B,pink
EXOC7,pink
EXOSC1,pink
EXPH5,pink
EXT1,pink
EYA1,pink
EYA4,pink
EYS,pink
EZH2,pink
F10,pink
F11R,pink
F12,pink
FA2H,pink
FABP1,pink
FABP9,pink
FAHD1,pink
FAM101A,pink
FAM101B,pink
FAM107B,pink
FAM108C1,pink
FAM10A4,pink
FAM111B,pink
FAM115A,pink
FAM116B,pink
FAM117A,pink
FAM118A,pink
FAM124A,pink
FAM129A,pink
FAM129B,pink
FAM129C,pink
FAM12B,pink
FAM133B,pink
FAM135A,pink
FAM135B,pink
FAM13C,pink
FAM149A,pink
FAM149B1,pink
FAM151B,pink
FAM155A,pink
FAM159B,pink
FAM160A1,pink
FAM160B1,pink
FAM161A,pink
FAM168A,pink
FAM169B,pink
FAM173B,pink
FAM174B,pink
FAM176A,pink
FAM177B,pink
FAM178A,pink
FAM180A,pink
FAM183B,pink
FAM184A,pink
FAM188A,pink
FAM189A1,pink
FAM189A2,pink
FAM190A,pink
FAM190B,pink
FAM195B,pink
FAM198B,pink
FAM19A5,pink
FAM20B,pink
FAM20C,pink
FAM26D,pink
FAM27A,pink
FAM27L,pink
FAM35A,pink
FAM38B,pink
FAM3D,pink
FAM40A,pink
FAM40B,pink
FAM46C,pink
FAM50B,pink
FAM53A,pink
FAM55A,pink
FAM55D,pink
FAM73A,pink
FAM78A,pink
FAM82A1,pink
FAM83B,pink
FAM83E,pink
FAM8A1,pink
FAM98B,pink
FANCA,pink
FANCE,pink
FANCG,pink
FANCI,pink
FANCM,pink
FANK1,pink
FAR2,pink
FARP1,pink
FARP2,pink
FARS2,pink
FARSB,pink
FAT1,pink
FAT2,pink
FAT3,pink
FBLN7,pink
FBN1,pink
FBRSL1,pink
FBXL13,pink
FBXL17,pink
FBXL19,pink
FBXL21,pink
FBXL7,pink
FBXO11,pink
FBXO18,pink
FBXO31,pink
FBXO42,pink
FBXO47,pink
FBXO6,pink
FBXW10,pink
FBXW11,pink
FBXW4,pink
FBXW8,pink
FCGBP,pink
FCRL3,pink
FCRL5,pink
FDXR,pink
FER,pink
FER1L6,pink
FERMT1,pink
FETUB,pink
FEZ1,pink
FEZ2,pink
FGD3,pink
FGD5,pink
FGD6,pink
FGF1,pink
FGF12,pink
FGF14,pink
FGF19,pink
FGF2,pink
FGF3,pink
FGF8,pink
FGFR1,pink
FGFR2,pink
FGGY,pink
FGR,pink
FHDC1,pink
FHIT,pink
FHOD3,pink
FIG4,pink
FIGN,pink
FILIP1,pink
FKBP10,pink
FKBP3,pink
FKBPL,pink
FKRP,pink
FKTN,pink
FLG,pink
FLG2,pink
FLI1,pink
FLJ10038,pink
FLJ22536,pink
FLJ23834,pink
FLJ25328,pink
FLJ36000,pink
FLJ39609,pink
FLJ40434,pink
FLJ41941,pink
FLJ42289,pink
FLJ43860,pink
FLJ44606,pink
FLJ46361,pink
FLNB,pink
FLOT1,pink
FLRT1,pink
FLRT2,pink
FLRT3,pink
FLT1,pink
FLT4,pink
FMN1,pink
FMN2,pink
FMNL2,pink
FMNL3,pink
FMO3,pink
FMOD,pink
FN1,pink
FN3KRP,pink
FNBP4,pink
FNDC1,pink
FNDC3A,pink
FNDC3B,pink
FOXI2,pink
FOXJ3,pink
FOXK1,pink
FOXK2,pink
FOXL1,pink
FOXN3,pink
FOXO3,pink
FOXP1,pink
FOXP4,pink
FOXR1,pink
FOXRED2,pink
FRAS1,pink
FRAT1,pink
FREM2,pink
FRK,pink
FRMD4A,pink
FRMD5,pink
FRMD6,pink
FRMPD2,pink
FRYL,pink
FSD1L,pink
FSD2,pink
FSHR,pink
FSIP1,pink
FSTL4,pink
FTCD,pink
FTO,pink
FTSJD2,pink
FUT8,pink
FXR1,pink
FXYD2,pink
FYN,pink
G2E3,pink
GAA,pink
GAB2,pink
GAB4,pink
GABBR1,pink
GABBR2,pink
GABRA5,pink
GABRB3,pink
GABRG3,pink
GABRP,pink
GABRR1,pink
GABRR3,pink
GAD2,pink
GAK,pink
GAL,pink
GAL3ST1,pink
GAL3ST2,pink
GALK2,pink
GALM,pink
GALNS,pink
GALNT10,pink
GALNT11,pink
GALNT13,pink
GALNT2,pink
GALNT7,pink
GALNT9,pink
GALNTL1,pink
GALNTL6,pink
GAN,pink
GAPDHS,pink
GAPT,pink
GART,pink
GAS2,pink
GAS7,pink
GATA3,pink
GATA4,pink
GATA6,pink
GATAD1,pink
GATAD2B,pink
GBE1,pink
GBP1,pink
GBP2,pink
GBP4,pink
GBP7,pink
GCA,pink
GCET2,pink
GCG,pink
GCH1,pink
GCKR,pink
GCLC,pink
GCLM,pink
GCM1,pink
GCNT1,pink
GCNT2,pink
GCNT3,pink
GCNT4,pink
GCOM1,pink
GDAP2,pink
GDF15,pink
GDF2,pink
GDF3,pink
GDF9,pink
GDPD1,pink
GDPD4,pink
GFI1,pink
GFI1B,pink
GFOD1,pink
GFPT2,pink
GGA2,pink
GGA3,pink
GGT7,pink
GIMAP4,pink
GIMAP7,pink
GINS4,pink
GIPC2,pink
GIT2,pink
GJA3,pink
GKAP1,pink
GKN1,pink
GKN2,pink
GLB1L2,pink
GLB1L3,pink
GLI2,pink
GLI3,pink
GLIS1,pink
GLIS3,pink
GLMN,pink
GLRX2,pink
GLT1D1,pink
GLT8D1,pink
GLT8D2,pink
GLYATL2,pink
GM2A,pink
GMCL1,pink
GMDS,pink
GMIP,pink
GML,pink
GNA12,pink
GNAL,pink
GNAS,pink
GNG12,pink
GNG4,pink
GNG7,pink
GNL3,pink
GNMT,pink
GNPNAT1,pink
GNRH1,pink
GNRH2,pink
GNRHR,pink
GOLGA1,pink
GOLGA3,pink
GOLPH3,pink
GOLPH3L,pink
GORAB,pink
GP5,pink
GP6,pink
GP9,pink
GPC6,pink
GPD1,pink
GPD2,pink
GPHN,pink
GPLD1,pink
GPN1,pink
GPN3,pink
GPNMB,pink
GPR110,pink
GPR113,pink
GPR114,pink
GPR116,pink
GPR123,pink
GPR125,pink
GPR126,pink
GPR128,pink
GPR133,pink
GPR137B,pink
GPR137C,pink
GPR156,pink
GPR157,pink
GPR158,pink
GPR161,pink
GPR176,pink
GPR177,pink
GPR180,pink
GPR20,pink
GPR39,pink
GPR45,pink
GPR63,pink
GPR98,pink
GPRIN3,pink
GPSM3,pink
GPX3,pink
GPX5,pink
GPX6,pink
GRAMD1C,pink
GRAMD4,pink
GRB10,pink
GRB2,pink
GREB1,pink
GREM2,pink
GRHL2,pink
GRIA1,pink
GRID2,pink
GRID2IP,pink
GRIK2,pink
GRIK4,pink
GRIN2B,pink
GRIN2D,pink
GRIP1,pink
GRIP2,pink
GRK1,pink
GRK4,pink
GRK5,pink
GRM1,pink
GRM3,pink
GRM4,pink
GRM5,pink
GRM6,pink
GRM8,pink
GRP,pink
GRTP1,pink
GSDMD,pink
GSTM3,pink
GSTO2,pink
GTDC1,pink
GTF2A1,pink
GTF2A1L,pink
GTF2F2,pink
GTF2H3,pink
GTF2H4,pink
GTF3C3,pink
GTPBP2,pink
GTPBP4,pink
GTSF1,pink
GUCA1B,pink
GUCA2B,pink
GUCY2G,pink
GULP1,pink
GXYLT1,pink
GXYLT2,pink
GYS1,pink
GYS2,pink
H19,pink
H1FNT,pink
H2AFV,pink
H3F3C,pink
H6PD,pink
HADHB,pink
HAGH,pink
HAND2,pink
HAPLN4,pink
HAS2,pink
HAUS4,pink
HAVCR1,pink
HBB,pink
HBII-52-46,pink
HBS1L,pink
HCCA2,pink
HCG18,pink
HCG22,pink
HCG27,pink
HCRTR1,pink
HDAC11,pink
HDAC4,pink
HDAC9,pink
HDDC2,pink
HDGFL1,pink
HDGFRP3,pink
HEATR1,pink
HEATR2,pink
HEATR5A,pink
HEATR7A,pink
HECTD1,pink
HECW1,pink
HECW2,pink
HEG1,pink
HEPACAM2,pink
HEPHL1,pink
HERC2,pink
HEXDC,pink
HEY2,pink
HFE2,pink
HGC6.3,pink
HGD,pink
HGFAC,pink
HGSNAT,pink
HHLA1,pink
HIBADH,pink
HIBCH,pink
HIC1,pink
HIGD1A,pink
HINT3,pink
HIP1,pink
HIPK1,pink
HIRA,pink
HISPPD1,pink
HIST1H2AA,pink
HIST1H3I,pink
HIST1H4F,pink
HIST1H4G,pink
HIST3H2A,pink
HIVEP1,pink
HLA-A,pink
HLA-B,pink
HLA-C,pink
HLA-DMA,pink
HLA-DMB,pink
HLA-DOA,pink
HLA-DOB,pink
HLA-DPA1,pink
HLA-DPB2,pink
HLA-DQB1,pink
HLA-DQB2,pink
HLA-DRA,pink
HLA-F,pink
HLA-G,pink
HLCS,pink
HMCN1,pink
HMGA2,pink
HMGB4,pink
HMGCL,pink
HMGCS2,pink
HMGN4,pink
HMHA1,pink
HMOX2,pink
HN1,pink
HNF1A,pink
HNF4G,pink
HNRNPAB,pink
HOMER1,pink
HOMER2,pink
HOMEZ,pink
HOOK2,pink
HOXA3,pink
HOXA4,pink
HOXA6,pink
HOXA7,pink
HOXB3,pink
HOXC11,pink
HP1BP3,pink
HPCAL1,pink
HPR,pink
HPS6,pink
HPSE,pink
HPSE2,pink
HRASLS2,pink
HRH1,pink
HRNBP3,pink
HRNR,pink
HS3ST1,pink
HS3ST3A1,pink
HS3ST3B1,pink
HS3ST4,pink
HSBP1L1,pink
HSCB,pink
HSD11B1,pink
HSD17B11,pink
HSD17B4,pink
HSDL1,pink
HSDL2,pink
HSF2,pink
HSF2BP,pink
HSF5,pink
HSP90AA1,pink
HSPA1L,pink
HSPA7,pink
HSPB11,pink
HSPE1,pink
HSPG2,pink
HTR1B,pink
HTR3A,pink
HTR3B,pink
HTR6,pink
HUS1,pink
HUS1B,pink
HVCN1,pink
HYALP1,pink
ICA1,pink
ICAM3,pink
ICAM4,pink
IDO2,pink
IER3IP1,pink
IFI30,pink
IFIT1L,pink
IFNG,pink
IFT122,pink
IFT140,pink
IGF1R,pink
IGF2BP1,pink
IGF2BP2,pink
IGF2BP3,pink
IGF2R,pink
IGFBP1,pink
IGFBP5,pink
IGFBP7,pink
IGFL2,pink
IGFL4,pink
IGFN1,pink
IGSF11,pink
IGSF21,pink
IGSF22,pink
IGSF5,pink
IK,pink
IKZF1,pink
IKZF4,pink
IL10,pink
IL12B,pink
IL12RB2,pink
IL15RA,pink
IL17F,pink
IL17RA,pink
IL17RD,pink
IL18,pink
IL18BP,pink
IL18R1,pink
IL19,pink
IL1F10,pink
IL1F6,pink
IL1F8,pink
IL1RL2,pink
IL1RN,pink
IL20RA,pink
IL20RB,pink
IL22,pink
IL22RA2,pink
IL23R,pink
IL25,pink
IL26,pink
IL28RA,pink
IL31RA,pink
IL5RA,pink
IL6,pink
IL7,pink
IMMP1L,pink
IMMP2L,pink
IMMT,pink
IMPACT,pink
IMPAD1,pink
IMPG1,pink
IMPG2,pink
INADL,pink
INF2,pink
ING3,pink
ING5,pink
INHBC,pink
INPP4A,pink
INPP4B,pink
INPP5A,pink
INPP5F,pink
INSC,pink
INSL3,pink
INSL4,pink
INSL5,pink
INTS1,pink
INTS3,pink
INTS6,pink
IPO11,pink
IPO7,pink
IQCA1,pink
IQCB1,pink
IQCE,pink
IQCH,pink
IQCK,pink
IQGAP2,pink
IRAK2,pink
IRAK3,pink
IREB2,pink
IRF2,pink
IRF6,pink
IRS1,pink
IRS2,pink
ISG20,pink
ISLR2,pink
ISM2,pink
ISOC2,pink
ISPD,pink
ITFG1,pink
ITGA11,pink
ITGA2B,pink
ITGA9,pink
ITGB1,pink
ITGB3,pink
ITGB5,pink
ITGBL1,pink
ITIH1,pink
ITIH5,pink
ITK,pink
ITPKB,pink
ITPR1,pink
ITPR2,pink
ITPR3,pink
ITPRIP,pink
JAG1,pink
JAG2,pink
JAK1,pink
JAK2,pink
JAK3,pink
JAKMIP1,pink
JAKMIP3,pink
JARID2,pink
JAZF1,pink
JHDM1D,pink
JMJD1C,pink
JPH1,pink
JPH2,pink
JPH3,pink
JRKL,pink
JUP,pink
KALRN,pink
KAT2B,pink
KATNAL2,pink
KBTBD10,pink
KBTBD11,pink
KBTBD12,pink
KBTBD2,pink
KBTBD3,pink
KCNA1,pink
KCNAB1,pink
KCNAB2,pink
KCNC2,pink
KCNE1,pink
KCNE2,pink
KCNE3,pink
KCNG1,pink
KCNG2,pink
KCNG4,pink
KCNH1,pink
KCNH5,pink
KCNH8,pink
KCNJ1,pink
KCNJ12,pink
KCNJ14,pink
KCNJ15,pink
KCNJ3,pink
KCNJ4,pink
KCNJ6,pink
KCNK10,pink
KCNK13,pink
KCNK15,pink
KCNK4,pink
KCNK9,pink
KCNMA1,pink
KCNMB2,pink
KCNN1,pink
KCNN3,pink
KCNQ1,pink
KCNQ4,pink
KCNQ5,pink
KCNRG,pink
KCNS3,pink
KCNU1,pink
KCTD14,pink
KCTD16,pink
KCTD21,pink
KCTD5,pink
KDELC2,pink
KDM1B,pink
KDM2A,pink
KDM2B,pink
KDM4A,pink
KDM4B,pink
KDSR,pink
KIAA0020,pink
KIAA0090,pink
KIAA0101,pink
KIAA0174,pink
KIAA0182,pink
KIAA0196,pink
KIAA0226,pink
KIAA0319,pink
KIAA0427,pink
KIAA0562,pink
KIAA0564,pink
KIAA0586,pink
KIAA0649,pink
KIAA0664,pink
KIAA0748,pink
KIAA0895,pink
KIAA1024,pink
KIAA1026,pink
KIAA1033,pink
KIAA1161,pink
KIAA1211,pink
KIAA1217,pink
KIAA1239,pink
KIAA1274,pink
KIAA1409,pink
KIAA1432,pink
KIAA1468,pink
KIAA1530,pink
KIAA1549,pink
KIAA1609,pink
KIAA1688,pink
KIAA1704,pink
KIAA1715,pink
KIAA1751,pink
KIAA1804,pink
KIAA1826,pink
KIAA1875,pink
KIAA1908,pink
KIAA1949,pink
KIAA1958,pink
KIF13B,pink
KIF15,pink
KIF18A,pink
KIF1B,pink
KIF24,pink
KIF25,pink
KIF26A,pink
KIF26B,pink
KIF2B,pink
KIF2C,pink
KIF5C,pink
KIF6,pink
KIF7,pink
KIFC1,pink
KIFC3,pink
KIR3DL1,pink
KLC1,pink
KLF12,pink
KLF5,pink
KLHDC1,pink
KLHDC5,pink
KLHDC7A,pink
KLHDC8A,pink
KLHL11,pink
KLHL14,pink
KLHL29,pink
KLHL31,pink
KLHL36,pink
KLHL38,pink
KLHL5,pink
KLHL6,pink
KLHL8,pink
KLK10,pink
KLK5,pink
KLK7,pink
KLRC1,pink
KLRK1,pink
KMO,pink
KNDC1,pink
KNG1,pink
KRAS,pink
KRCC1,pink
KREMEN2,pink
KRT10,pink
KRT12,pink
KRT13,pink
KRT19,pink
KRT27,pink
KRT36,pink
KRT40,pink
KRT5,pink
KRT7,pink
KRT71,pink
KRT72,pink
KRT77,pink
KRT8,pink
KRT83,pink
KRT86,pink
KRTAP1-5,pink
KRTAP10-8,pink
KRTAP13-1,pink
KRTAP24-1,pink
KRTAP27-1,pink
KRTAP3-1,pink
KRTAP3-2,pink
KRTAP4-2,pink
KRTAP4-5,pink
KSR2,pink
KTN1,pink
L2HGDH,pink
L3MBTL2,pink
LACTB2,pink
LAIR1,pink
LAIR2,pink
LAMA2,pink
LAMA3,pink
LAMA5,pink
LAMB2L,pink
LAMB4,pink
LAMC2,pink
LAMP1,pink
LANCL1,pink
LANCL2,pink
LAP3,pink
LAPTM5,pink
LARP1,pink
LARP4B,pink
LASS3,pink
LASS6,pink
LAT2,pink
LATS2,pink
LAX1,pink
LBP,pink
LCA5,pink
LCE1C,pink
LCE2D,pink
LCE3E,pink
LCE6A,pink
LCLAT1,pink
LCN8,pink
LCOR,pink
LCT,pink
LDB2,pink
LDHA,pink
LDHAL6A,pink
LDHC,pink
LDLR,pink
LDLRAD2,pink
LDLRAD3,pink
LDLRAP1,pink
LEAP2,pink
LECT1,pink
LEKR1,pink
LEMD1,pink
LENG8,pink
LEPREL1,pink
LFNG,pink
LGR4,pink
LHCGR,pink
LHFPL2,pink
LHPP,pink
LHX1,pink
LHX6,pink
LHX8,pink
LIG3,pink
LILRA3,pink
LIMA1,pink
LIMCH1,pink
LIMD1,pink
LIMS2,pink
LIN37,pink
LIN54,pink
LIN7A,pink
LIN7B,pink
LINGO2,pink
LIPC,pink
LIPG,pink
LIPH,pink
LIPM,pink
LIPT1,pink
LLGL2,pink
LMAN2,pink
LMBR1,pink
LMCD1,pink
LMF1,pink
LMNA,pink
LMNB1,pink
LMO4,pink
LMO7,pink
LMOD1,pink
LMOD2,pink
LMOD3,pink
LMTK2,pink
LMX1A,pink
LMX1B,pink
LNP1,pink
LNPEP,pink
LNX2,pink
LOC100101938,pink
LOC100128573,pink
LOC100128977,pink
LOC100129066,pink
LOC100129534,pink
LOC100129550,pink
LOC100129637,pink
LOC100130274,pink
LOC100130522,pink
LOC100130872,pink
LOC100132354,pink
LOC100133545,pink
LOC100134229,pink
LOC100169752,pink
LOC100188947,pink
LOC100233209,pink
LOC100271715,pink
LOC100286844,pink
LOC100286948,pink
LOC100294362,pink
LOC100302640,pink
LOC134466,pink
LOC145814,pink
LOC146336,pink
LOC150568,pink
LOC150622,pink
LOC151658,pink
LOC153328,pink
LOC154822,pink
LOC201651,pink
LOC221442,pink
LOC255025,pink
LOC283174,pink
LOC283332,pink
LOC283404,pink
LOC283731,pink
LOC284551,pink
LOC285045,pink
LOC285194,pink
LOC285205,pink
LOC285359,pink
LOC285419,pink
LOC285627,pink
LOC285629,pink
LOC285733,pink
LOC285740,pink
LOC285830,pink
LOC285954,pink
LOC286094,pink
LOC339290,pink
LOC340094,pink
LOC344595,pink
LOC344967,pink
LOC387647,pink
LOC388965,pink
LOC389493,pink
LOC390595,pink
LOC391322,pink
LOC400931,pink
LOC401127,pink
LOC402644,pink
LOC404266,pink
LOC440173,pink
LOC441046,pink
LOC441204,pink
LOC441666,pink
LOC441869,pink
LOC442245,pink
LOC493754,pink
LOC641367,pink
LOC641746,pink
LOC642597,pink
LOC643406,pink
LOC643677,pink
LOC645323,pink
LOC645638,pink
LOC646405,pink
LOC646498,pink
LOC646762,pink
LOC646999,pink
LOC651250,pink
LOC723809,pink
LOC728024,pink
LOC728606,pink
LOC728723,pink
LOC729384,pink
LOC729678,pink
LOC729991-MEF2B,pink
LOC730101,pink
LOC84740,pink
LOC84856,pink
LOC90246,pink
LOC90784,pink
LOC91149,pink
LOC91316,pink
LONP2,pink
LOXHD1,pink
LOXL1,pink
LOXL3,pink
LPAR6,pink
LPP,pink
LRAT,pink
LRBA,pink
LRCH1,pink
LRGUK,pink
LRIG1,pink
LRIG3,pink
LRIT1,pink
LRP12,pink
LRP1B,pink
LRP2,pink
LRP5,pink
LRP6,pink
LRPAP1,pink
LRRC10,pink
LRRC16A,pink
LRRC16B,pink
LRRC18,pink
LRRC27,pink
LRRC29,pink
LRRC33,pink
LRRC39,pink
LRRC41,pink
LRRC43,pink
LRRC47,pink
LRRC48,pink
LRRC49,pink
LRRC4C,pink
LRRC55,pink
LRRC61,pink
LRRC66,pink
LRRC8B,pink
LRRFIP1,pink
LRRFIP2,pink
LRRK1,pink
LRRN2,pink
LRRN4,pink
LSG1,pink
LSM1,pink
LSM10,pink
LSM5,pink
LSR,pink
LTA,pink
LTB,pink
LTB4R,pink
LTBP1,pink
LTBP2,pink
LTBP4,pink
LUZP1,pink
LY6G5C,pink
LYG1,pink
LYPD4,pink
LYPD5,pink
LYPD6,pink
LYRM1,pink
LYRM4,pink
LYRM7,pink
LYSMD3,pink
LYST,pink
LYZL4,pink
MACC1,pink
MACF1,pink
MACROD1,pink
MACROD2,pink
MAD1L1,pink
MAEA,pink
MAEL,pink
MAFK,pink
MAGI1,pink
MAGI2,pink
MAGOHB,pink
MAK,pink
MAL2,pink
MAML1,pink
MAML2,pink
MAML3,pink
MAMSTR,pink
MAN1C1,pink
MAN2B2,pink
MANBA,pink
MAP1LC3A,pink
MAP1LC3B2,pink
MAP1S,pink
MAP2,pink
MAP2K4,pink
MAP2K5,pink
MAP3K1,pink
MAP3K13,pink
MAP3K2,pink
MAP3K3,pink
MAP3K7,pink
MAP3K9,pink
MAP4,pink
MAP4K3,pink
MAP4K4,pink
MAP6,pink
MAPK15,pink
MAPK4,pink
MAPKAP1,pink
MAPKAPK2,pink
MAPRE2,pink
MAPRE3,pink
MAPT,pink
MAR-03,pink
MAR-05,pink
MAR-08,pink
MAR-10,pink
MARK1,pink
MARK3,pink
MAS1,pink
MASP2,pink
MAST1,pink
MAST2,pink
MAST4,pink
MAT2B,pink
MATK,pink
MATN2,pink
MATN4,pink
MBD3,pink
MBD5,pink
MBNL1,pink
MBNL2,pink
MBOAT1,pink
MC2R,pink
MCART2,pink
MCC,pink
MCF2L2,pink
MCHR1,pink
MCM5,pink
MCOLN2,pink
MCPH1,pink
MCTP1,pink
MDC1,pink
MDFI,pink
MDFIC,pink
MDN1,pink
ME1,pink
ME3,pink
MED10,pink
MED12L,pink
MED13L,pink
MED16,pink
MED27,pink
MEGF11,pink
MEGF6,pink
MEIS1,pink
MEIS2,pink
MEP1A,pink
MET,pink
METRNL,pink
METT5D1,pink
METTL13,pink
METTL6,pink
MFAP3,pink
MFAP3L,pink
MFGE8,pink
MFSD1,pink
MFSD3,pink
MFSD7,pink
MFSD9,pink
MGAT5,pink
MGC14436,pink
MGC34034,pink
MGC45800,pink
MGC70857,pink
MGEA5,pink
MGMT,pink
MGRN1,pink
MIA2,pink
MIB1,pink
MICA,pink
MICAL2,pink
MICAL3,pink
MICALL2,pink
MICB,pink
MIIP,pink
MIR1205,pink
MIR1207,pink
MIR122,pink
MIR1265,pink
MIR1278,pink
MIR1288,pink
MIR1289-2,pink
MIR1295,pink
MIR1306,pink
MIR133B,pink
MIR140,pink
MIR142,pink
MIR17HG,pink
MIR181B1,pink
MIR183,pink
MIR202,pink
MIR206,pink
MIR208B,pink
MIR217,pink
MIR29C,pink
MIR30D,pink
MIR320D1,pink
MIR33A,pink
MIR340,pink
MIR429,pink
MIR516B1,pink
MIR521-2,pink
MIR526B,pink
MIR548F3,pink
MIR548F5,pink
MIR548G,pink
MIR548H3,pink
MIR548H4,pink
MIR548I4,pink
MIR548N,pink
MIR549,pink
MIR578,pink
MIR592,pink
MIR598,pink
MIR613,pink
MIR654,pink
MIR662,pink
MIR744,pink
MIR769,pink
MIR877,pink
MIR921,pink
MIR940,pink
MKNK1,pink
MKNK2,pink
MKRN2,pink
MKRN3,pink
MLANA,pink
MLH3,pink
MLL3,pink
MLLT4,pink
MLN,pink
MLXIP,pink
MMD2,pink
MMP1,pink
MMP12,pink
MMP13,pink
MMP15,pink
MMP16,pink
MMP17,pink
MMP21,pink
MMP25,pink
MMP26,pink
MMP7,pink
MND1,pink
MOBKL1A,pink
MOBKL2C,pink
MOBP,pink
MOG,pink
MORC1,pink
MORN1,pink
MORN4,pink
MOV10L1,pink
MPP7,pink
MPV17,pink
MPV17L,pink
MPZ,pink
MPZL1,pink
MRAP,pink
MREG,pink
MRGPRD,pink
MRGPRE,pink
MRGPRF,pink
MRPL23,pink
MRPL38,pink
MRPL41,pink
MRPL48,pink
MRPS18B,pink
MRPS27,pink
MRPS28,pink
MRPS5,pink
MRPS6,pink
MRPS9,pink
MRS2,pink
MRVI1,pink
MS4A13,pink
MS4A14,pink
MS4A8B,pink
MSH3,pink
MSI2,pink
MSLN,pink
MSMB,pink
MSRA,pink
MSRB2,pink
MSRB3,pink
MSTN,pink
MTERF,pink
MTF1,pink
MTFR1,pink
MTG1,pink
MTHFD1L,pink
MTHFD2L,pink
MTHFSD,pink
MTIF2,pink
MTL5,pink
MTMR14,pink
MTMR2,pink
MTMR7,pink
MTMR9,pink
MTMR9L,pink
MTNR1A,pink
MTR,pink
MTUS1,pink
MTUS2,pink
MUC17,pink
MUC2,pink
MUC21,pink
MUC4,pink
MUC6,pink
MURC,pink
MUTYH,pink
MVP,pink
MX1,pink
MXD4,pink
MYBL2,pink
MYBPC1,pink
MYBPC2,pink
MYEF2,pink
MYH1,pink
MYH10,pink
MYH11,pink
MYH14,pink
MYH2,pink
MYH7B,pink
MYH8,pink
MYH9,pink
MYL10,pink
MYL5,pink
MYL7,pink
MYLK,pink
MYLK4,pink
MYO10,pink
MYO15B,pink
MYO16,pink
MYO18A,pink
MYO1B,pink
MYO1F,pink
MYO1G,pink
MYO1H,pink
MYO3A,pink
MYO3B,pink
MYO5C,pink
MYO7A,pink
MYO7B,pink
MYOCD,pink
MYOF,pink
MYOM1,pink
MYOM2,pink
MYOZ2,pink
MYOZ3,pink
MYPOP,pink
MYSM1,pink
MYST2,pink
MYST4,pink
MYT1L,pink
N4BP2,pink
N4BP2L1,pink
N4BP2L2,pink
N6AMT1,pink
NAA11,pink
NAA15,pink
NAAA,pink
NAALADL2,pink
NACC2,pink
NADSYN1,pink
NAGS,pink
NALCN,pink
NANOS2,pink
NANOS3,pink
NANP,pink
NAPG,pink
NARFL,pink
NARG2,pink
NARS2,pink
NAT1,pink
NAT15,pink
NAT2,pink
NAV2,pink
NAV3,pink
NBAS,pink
NBEA,pink
NBEAL1,pink
NBEAL2,pink
NBR1,pink
NCALD,pink
NCAM1,pink
NCAPG,pink
NCK1,pink
NCK2,pink
NCKAP1,pink
NCKAP5,pink
NCOA2,pink
NCOA5,pink
NCOR2,pink
NCRNA00028,pink
NCRNA00111,pink
NCRNA00113,pink
NCRNA00114,pink
NCRNA00116,pink
NCRNA00161,pink
NCRNA00171,pink
NCRNA00175,pink
NCSTN,pink
NDRG4,pink
NDST2,pink
NDUFA3,pink
NDUFAF1,pink
NDUFB2,pink
NDUFB8,pink
NDUFS2,pink
NDUFS4,pink
NDUFV1,pink
NEB,pink
NEBL,pink
NECAB1,pink
NEDD1,pink
NEDD9,pink
NEGR1,pink
NEIL1,pink
NEK1,pink
NEK11,pink
NEK5,pink
NES,pink
NEU1,pink
NEURL,pink
NEURL1B,pink
NEUROD1,pink
NF1,pink
NFASC,pink
NFATC1,pink
NFATC2IP,pink
NFATC3,pink
NFATC4,pink
NFE2,pink
NFIB,pink
NFKB1,pink
NFKBIL1,pink
NFKBIZ,pink
NFRKB,pink
NFS1,pink
NFXL1,pink
NFYA,pink
NGEF,pink
NHSL1,pink
NID1,pink
NINJ2,pink
NIPA2,pink
NIPSNAP3B,pink
NKAIN1,pink
NKAIN2,pink
NKAPL,pink
NKX3-1,pink
NLE1,pink
NLK,pink
NLRC5,pink
NLRP1,pink
NLRP12,pink
NLRP14,pink
NLRP2,pink
NMNAT2,pink
NMT2,pink
NMU,pink
NMUR2,pink
NOD1,pink
NOD2,pink
NODAL,pink
NOM1,pink
NOP14,pink
NOS1AP,pink
NOS3,pink
NOTCH1,pink
NOTCH3,pink
NOTCH4,pink
NOTUM,pink
NPAS3,pink
NPFF,pink
NPFFR2,pink
NPHP4,pink
NPHS1,pink
NPNT,pink
NPSR1,pink
NPTN,pink
NPVF,pink
NPY2R,pink
NR1D2,pink
NR3C1,pink
NR3C2,pink
NR5A2,pink
NR6A1,pink
NRF1,pink
NRG1,pink
NRG3,pink
NRG4,pink
NRIP3,pink
NRM,pink
NRP1,pink
NRP2,pink
NRXN1,pink
NRXN2,pink
NRXN3,pink
NSD1,pink
NSFL1C,pink
NSL1,pink
NSMCE2,pink
NSUN2,pink
NSUN6,pink
NT5C1B,pink
NT5C2,pink
NT5C3,pink
NT5C3L,pink
NT5M,pink
NTF3,pink
NTM,pink
NTN1,pink
NTN4,pink
NTN5,pink
NTNG1,pink
NTRK3,pink
NTSR2,pink
NUAK1,pink
NUAK2,pink
NUBP1,pink
NUBPL,pink
NUDCD1,pink
NUDCD2,pink
NUDT16,pink
NUDT5,pink
NUDT9,pink
NUFIP1,pink
NUP153,pink
NUP160,pink
NUP210L,pink
NUP54,pink
NUP93,pink
NUS1,pink
NXN,pink
NXPH2,pink
OAS3,pink
OAZ1,pink
OBFC1,pink
OBSCN,pink
OBSL1,pink
OCA2,pink
OCIAD1,pink
OCIAD2,pink
ODZ2,pink
ODZ3,pink
ODZ4,pink
OLFM4,pink
OLFML2B,pink
OPCML,pink
OPN5,pink
OPRD1,pink
OPRL1,pink
OR10A2,pink
OR10H3,pink
OR10H4,pink
OR10W1,pink
OR11A1,pink
OR11L1,pink
OR12D2,pink
OR12D3,pink
OR13F1,pink
OR1A1,pink
OR1B1,pink
OR1F1,pink
OR1I1,pink
OR1J1,pink
OR2A12,pink
OR2A14,pink
OR2A2,pink
OR2AG2,pink
OR2B11,pink
OR2B3,pink
OR2C1,pink
OR2D2,pink
OR2G3,pink
OR2H1,pink
OR2L1P,pink
OR2T1,pink
OR2W1,pink
OR2Y1,pink
OR4A15,pink
OR4D10,pink
OR4D2,pink
OR4D6,pink
OR4F6,pink
OR4K14,pink
OR4S1,pink
OR51B4,pink
OR51B5,pink
OR51I1,pink
OR51I2,pink
OR52B4,pink
OR52B6,pink
OR52E4,pink
OR52W1,pink
OR5I1,pink
OR5W2,pink
OR6A2,pink
OR6C4,pink
OR6C68,pink
OR6F1,pink
OR6K3,pink
OR6K6,pink
OR6T1,pink
OR8G2,pink
OR8K3,pink
OR8U8,pink
OR9A2,pink
ORAI1,pink
ORAI2,pink
OSBP2,pink
OSBPL10,pink
OSBPL11,pink
OSBPL5,pink
OSBPL6,pink
OSBPL7,pink
OSCAR,pink
OSGIN2,pink
OSMR,pink
OSR2,pink
OTOA,pink
OTOR,pink
OTUB2,pink
OTUD7B,pink
OTX2OS1,pink
OVGP1,pink
OVOL1,pink
OXCT1,pink
OXR1,pink
OXSR1,pink
P2RX4,pink
P2RY1,pink
P4HA2,pink
P4HB,pink
PABPC1,pink
PABPC1P2,pink
PACRG,pink
PACRGL,pink
PACS1,pink
PACS2,pink
PACSIN2,pink
PADI1,pink
PADI3,pink
PAFAH1B1,pink
PAIP2,pink
PAIP2B,pink
PAK6,pink
PAK7,pink
PALLD,pink
PALM,pink
PAM,pink
PANK1,pink
PANK3,pink
PANX1,pink
PANX2,pink
PAPLN,pink
PAPOLA,pink
PAPOLB,pink
PAPPA2,pink
PAQR3,pink
PAQR5,pink
PAQR6,pink
PAQR8,pink
PAQR9,pink
PARD3,pink
PARD3B,pink
PARK2,pink
PARK7,pink
PARL,pink
PARN,pink
PARP10,pink
PARP11,pink
PARP16,pink
PARP6,pink
PARP9,pink
PARVA,pink
PASK,pink
PATL2,pink
PAWR,pink
PAX4,pink
PAX5,pink
PAX7,pink
PAX8,pink
PAX9,pink
PBK,pink
PBX1,pink
PBX3,pink
PBX4,pink
PC,pink
PCBD2,pink
PCBP3,pink
PCCA,pink
PCDH1,pink
PCDH15,pink
PCDH9,pink
PCDHA6,pink
PCDHA7,pink
PCDHB14,pink
PCDHB8,pink
PCDHGA1,pink
PCDHGA2,pink
PCDHGA4,pink
PCGF2,pink
PCGF3,pink
PCID2,pink
PCMTD1,pink
PCNA,pink
PCNT,pink
PCNXL2,pink
PCNXL3,pink
PCP2,pink
PCP4L1,pink
PCSK5,pink
PCSK6,pink
PCSK9,pink
PCYOX1,pink
PCYT1A,pink
PDCD11,pink
PDCD6IP,pink
PDCL2,pink
PDE10A,pink
PDE11A,pink
PDE1A,pink
PDE3A,pink
PDE4D,pink
PDE4DIP,pink
PDE6B,pink
PDE6D,pink
PDE7B,pink
PDE8A,pink
PDGFC,pink
PDGFD,pink
PDIA5,pink
PDLIM1,pink
PDLIM3,pink
PDLIM5,pink
PDPN,pink
PDS5B,pink
PDXK,pink
PDZD2,pink
PDZK1,pink
PDZRN3,pink
PDZRN4,pink
PEBP4,pink
PECAM1,pink
PEG3,pink
PELI1,pink
PELI2,pink
PELI3,pink
PEMT,pink
PER2,pink
PES1,pink
PET112L,pink
PEX11A,pink
PEX14,pink
PEX19,pink
PEX5L,pink
PFKFB3,pink
PFKP,pink
PFN3,pink
PGAM1,pink
PGAM2,pink
PGAP2,pink
PHACTR1,pink
PHACTR2,pink
PHB2,pink
PHF15,pink
PHF17,pink
PHF20,pink
PHF20L1,pink
PHLDB2,pink
PHLPP2,pink
PHTF2,pink
PHYH,pink
PI16,pink
PI3,pink
PIBF1,pink
PIGH,pink
PIGN,pink
PIGP,pink
PIGS,pink
PIGX,pink
PIGZ,pink
PIK3C2A,pink
PIK3CD,pink
PIK3R3,pink
PIK3R6,pink
PILRA,pink
PIP4K2A,pink
PIP5K1A,pink
PIP5K1B,pink
PIPSL,pink
PITPNM1,pink
PIWIL2,pink
PKD1L2,pink
PKD2,pink
PKHD1L1,pink
PKIB,pink
PKIG,pink
PKMYT1,pink
PKN1,pink
PKP4,pink
PLA2G12A,pink
PLA2G2D,pink
PLA2G2F,pink
PLA2G4A,pink
PLA2G4C,pink
PLA2G4D,pink
PLA2G4F,pink
PLAC1L,pink
PLAC8L1,pink
PLAC9,pink
PLAGL1,pink
PLCD1,pink
PLCE1,pink
PLCG2,pink
PLCH1,pink
PLCXD3,pink
PLD1,pink
PLEC1,pink
PLEKHA4,pink
PLEKHA6,pink
PLEKHA7,pink
PLEKHG1,pink
PLEKHG6,pink
PLEKHG7,pink
PLEKHH2,pink
PLIN3,pink
PLK4,pink
PLS1,pink
PLSCR2,pink
PLUNC,pink
PLXNA2,pink
PLXNA4,pink
PLXNC1,pink
PM20D1,pink
PML,pink
PMM2,pink
PMS1,pink
PMS2CL,pink
PMVK,pink
PNLDC1,pink
PNLIPRP1,pink
PNLIPRP2,pink
PNMA1,pink
PNO1,pink
PNPO,pink
PNPT1,pink
POFUT2,pink
POGZ,pink
POLB,pink
POLE,pink
POLE2,pink
POLL,pink
POLN,pink
POLQ,pink
POLR2A,pink
POLR2E,pink
POLR2G,pink
POLR3A,pink
POLR3B,pink
POLR3C,pink
POLS,pink
POM121L10P,pink
POMC,pink
PON1,pink
PON3,pink
POP1,pink
POP4,pink
POPDC2,pink
POPDC3,pink
POSTN,pink
POT1,pink
POTEE,pink
POU5F1,pink
POU5F1B,pink
POU6F2,pink
PPAP2A,pink
PPAP2B,pink
PPARA,pink
PPARG,pink
PPBP,pink
PPBPL2,pink
PPEF2,pink
PPFIA1,pink
PPFIA3,pink
PPFIA4,pink
PPHLN1,pink
PPIA,pink
PPIG,pink
PPIL1,pink
PPIL2,pink
PPIL4,pink
PPIL5,pink
PPIL6,pink
PPM1E,pink
PPM1L,pink
PPME1,pink
PPP1R11,pink
PPP1R14A,pink
PPP1R1C,pink
PPP1R3A,pink
PPP1R9A,pink
PPP2R2B,pink
PPP2R2D,pink
PPP2R3A,pink
PPP2R5A,pink
PPP2R5C,pink
PPP2R5E,pink
PPP4R2,pink
PPT2,pink
PRAGMIN,pink
PRAME,pink
PRC1,pink
PRDM10,pink
PRDM11,pink
PRDM12,pink
PRDM15,pink
PRDM16,pink
PRDM2,pink
PRDM6,pink
PRDM7,pink
PRDM9,pink
PRG4,pink
PRIC285,pink
PRICKLE1,pink
PRICKLE2,pink
PRIM2,pink
PRKAG2,pink
PRKAR1B,pink
PRKAR2B,pink
PRKCA,pink
PRKCB,pink
PRKCD,pink
PRKCE,pink
PRKCH,pink
PRKCI,pink
PRKCQ,pink
PRKCZ,pink
PRKD1,pink
PRKDC,pink
PRKG1,pink
PRKRA,pink
PRKRIP1,pink
PRLR,pink
PRM1,pink
PRM2,pink
PRMT3,pink
PRMT8,pink
PRO0628,pink
PRO1768,pink
PROC,pink
PROCA1,pink
PROCR,pink
PROM2,pink
PRPF18,pink
PRPF3,pink
PRPF4B,pink
PRPF8,pink
PRPS1L1,pink
PRPSAP1,pink
PRR16,pink
PRR19,pink
PRR20E,pink
PRR23A,pink
PRR23B,pink
PRR23C,pink
PRR4,pink
PRR5,pink
PRR5L,pink
PRRT3,pink
PRSS22,pink
PRSS33,pink
PRSS35,pink
PRSS38,pink
PRSS48,pink
PRSS50,pink
PRTG,pink
PSD3,pink
PSMA8,pink
PSMB4,pink
PSMB8,pink
PSMB9,pink
PSMC1,pink
PSMC6,pink
PSMD13,pink
PSMD14,pink
PSMD5,pink
PSMD9,pink
PSME3,pink
PSMF1,pink
PSORS1C1,pink
PSORS1C3,pink
PSTPIP2,pink
PTCD2,pink
PTCHD2,pink
PTDSS2,pink
PTGDR,pink
PTGER2,pink
PTGER4,pink
PTGFR,pink
PTGFRN,pink
PTGR2,pink
PTHLH,pink
PTK2,pink
PTN,pink
PTP4A2,pink
PTP4A3,pink
PTPDC1,pink
PTPLB,pink
PTPN14,pink
PTPN21,pink
PTPN3,pink
PTPN4,pink
PTPRB,pink
PTPRC,pink
PTPRF,pink
PTPRG,pink
PTPRH,pink
PTPRJ,pink
PTPRK,pink
PTPRN2,pink
PTPRO,pink
PTPRQ,pink
PTPRR,pink
PTPRU,pink
PTPRZ1,pink
PTRF,pink
PTRH2,pink
PUM1,pink
PURG,pink
PUS1,pink
PUS7L,pink
PVALB,pink
PVRL4,pink
PVT1,pink
PWRN1,pink
PXDN,pink
PXDNL,pink
PXMP2,pink
PXN,pink
PYGM,pink
PYHIN1,pink
PYROXD2,pink
PYY,pink
QSER1,pink
QSOX1,pink
RAB19,pink
RAB1A,pink
RAB22A,pink
RAB32,pink
RAB36,pink
RAB38,pink
RAB3B,pink
RAB3GAP2,pink
RAB7A,pink
RAB7L1,pink
RAB8B,pink
RABEP1,pink
RABGAP1,pink
RABGAP1L,pink
RABGGTB,pink
RABL3,pink
RAC2,pink
RAD18,pink
RAD23B,pink
RAD50,pink
RAD51L1,pink
RAD52,pink
RAD54B,pink
RADIL,pink
RAE1,pink
RAET1G,pink
RAGE,pink
RAI14,pink
RALGAPA1,pink
RALGPS2,pink
RALY,pink
RANBP17,pink
RAP1GAP,pink
RAPGEF4,pink
RAPGEF6,pink
RARS2,pink
RASA3,pink
RASAL2,pink
RASD2,pink
RASGEF1A,pink
RASGEF1C,pink
RASGRF1,pink
RASGRF2,pink
RASGRP1,pink
RASL10A,pink
RASL10B,pink
RASL11B,pink
RASSF1,pink
RASSF2,pink
RASSF6,pink
RASSF8,pink
RAVER2,pink
RB1CC1,pink
RBKS,pink
RBM20,pink
RBM33,pink
RBM43,pink
RBM44,pink
RBM45,pink
RBM46,pink
RBM47,pink
RBMS3,pink
RBMXL1,pink
RBP3,pink
RBPJ,pink
RBPJL,pink
RBPMS,pink
RC3H1,pink
RC3H2,pink
RCBTB2,pink
RCC2,pink
RDBP,pink
RDH10,pink
RDH11,pink
RDH12,pink
RDH14,pink
RDX,pink
REC8,pink
RECQL5,pink
REEP3,pink
REG4,pink
REL,pink
RELL1,pink
RELN,pink
REPS1,pink
RER1,pink
RERE,pink
RETNLB,pink
RFC1,pink
RFPL2,pink
RFPL3,pink
RFPL3S,pink
RFTN2,pink
RFWD2,pink
RFX2,pink
RFXAP,pink
RG9MTD1,pink
RGL1,pink
RGNEF,pink
RGPD8,pink
RGR,pink
RGS12,pink
RGS13,pink
RGS22,pink
RGS4,pink
RGS6,pink
RGS7,pink
RGS8,pink
RGS9,pink
RHBDD1,pink
RHBDL2,pink
RHEB,pink
RHOBTB1,pink
RHOBTB2,pink
RHOH,pink
RHPN1,pink
RHPN2,pink
RILPL1,pink
RIMBP2,pink
RIMS1,pink
RIMS2,pink
RIMS3,pink
RING1,pink
RIPK1,pink
RIPK3,pink
RIPK4,pink
RIT2,pink
RLN3,pink
RMND1,pink
RNASE12,pink
RNASE4,pink
RNASEH1,pink
RNASEL,pink
RNASEN,pink
RNF126P1,pink
RNF13,pink
RNF130,pink
RNF138,pink
RNF144B,pink
RNF145,pink
RNF150,pink
RNF166,pink
RNF168,pink
RNF17,pink
RNF182,pink
RNF207,pink
RNF212,pink
RNF213,pink
RNF216,pink
RNF216L,pink
RNF217,pink
RNF220,pink
RNF38,pink
RNF6,pink
RNF8,pink
RNFT2,pink
RNGTT,pink
RNMT,pink
RNPC3,pink
RNU11,pink
RNU6ATAC,pink
ROBO1,pink
ROBO2,pink
ROR1,pink
ROR2,pink
RORA,pink
RP1,pink
RPA1,pink
RPAP3,pink
RPF2,pink
RPGRIP1L,pink
RPH3AL,pink
RPL10L,pink
RPL22L1,pink
RPL23P8,pink
RPLP0,pink
RPLP0P2,pink
RPP14,pink
RPP21,pink
RPRD2,pink
RPS3,pink
RPS6KA2,pink
RPS6KA5,pink
RPS6KB1,pink
RPTN,pink
RPTOR,pink
RRAS2,pink
RRBP1,pink
RREB1,pink
RRM1,pink
RRM2,pink
RRM2B,pink
RRN3P2,pink
RRP1B,pink
RRP8,pink
RSAD2,pink
RSL24D1,pink
RSPO2,pink
RSPO4,pink
RSU1,pink
RTBDN,pink
RTKN2,pink
RTN1,pink
RTN4RL1,pink
RTP1,pink
RTP4,pink
RTTN,pink
RUFY4,pink
RUNX1T1,pink
RUNX2,pink
RUNX3,pink
RWDD2B,pink
RXFP2,pink
RXFP3,pink
RXRA,pink
RYK,pink
RYR1,pink
RYR2,pink
RYR3,pink
S100A14,pink
S100A9,pink
S100Z,pink
SAA3P,pink
SAAL1,pink
SAC3D1,pink
SACS,pink
SALL3,pink
SAMD12,pink
SAMD14,pink
SAMD3,pink
SAMD4A,pink
SAMD9,pink
SAP30L,pink
SAR1A,pink
SARDH,pink
SARNP,pink
SART3,pink
SAV1,pink
SBDS,pink
SBF1,pink
SBF2,pink
SBNO1,pink
SCAI,pink
SCAND3,pink
SCARA3,pink
SCARA5,pink
SCARB2,pink
SCARNA10,pink
SCARNA27,pink
SCCPDH,pink
SCD,pink
SCFD2,pink
SCG5,pink
SCGB1D1,pink
SCHIP1,pink
SCIN,pink
SCLT1,pink
SCML4,pink
SCN3A,pink
SCN4A,pink
SCN5A,pink
SCN9A,pink
SCNN1G,pink
SCOC,pink
SCT,pink
SCTR,pink
SCUBE2,pink
SCYL3,pink
SDC2,pink
SDC4,pink
SDCCAG1,pink
SDCCAG10,pink
SDCCAG8,pink
SDF4,pink
SDK1,pink
SDK2,pink
SDSL,pink
SEC1,pink
SEC11A,pink
SEC16A,pink
SEC16B,pink
SEC22A,pink
SEC22B,pink
SEC24D,pink
SEC61A2,pink
SEC61G,pink
SEC63,pink
SECISBP2L,pink
SEH1L,pink
SELE,pink
SELENBP1,pink
SELO,pink
SELP,pink
SELS,pink
SEMA3C,pink
SEMA3E,pink
SEMA5A,pink
SEMA5B,pink
SEMA6D,pink
SEMG2,pink
SENP2,pink
SENP6,pink
SEP-10,pink
SEPHS1,pink
SEPX1,pink
SERBP1,pink
SERINC4,pink
SERINC5,pink
SERPINA10,pink
SERPINB12,pink
SERPINB5,pink
SERPINB6,pink
SERPINE2,pink
SERPINI2,pink
SERTAD4,pink
SET,pink
SETBP1,pink
SETD2,pink
SETD3,pink
SETMAR,pink
SF1,pink
SF3A2,pink
SFMBT2,pink
SFRS11,pink
SFRS13A,pink
SFRS18,pink
SFRS2IP,pink
SFRS4,pink
SFRS5,pink
SFRS6,pink
SFRS8,pink
SFT2D3,pink
SGCA,pink
SGCB,pink
SGCD,pink
SGCE,pink
SGIP1,pink
SGK1,pink
SGK269,pink
SGMS1,pink
SGOL1,pink
SGPL1,pink
SGPP1,pink
SGTB,pink
SH2B3,pink
SH2D1B,pink
SH2D3A,pink
SH2D4A,pink
SH3GL2,pink
SH3PXD2A,pink
SH3RF1,pink
SH3RF3,pink
SHANK1,pink
SHANK2,pink
SHC2,pink
SHC4,pink
SHCBP1,pink
SHISA3,pink
SHISA4,pink
SHISA6,pink
SHROOM3,pink
SIDT1,pink
SIGLEC1,pink
SIGLEC15,pink
SIKE1,pink
SIL1,pink
SIN3B,pink
SIPA1,pink
SIPA1L1,pink
SIPA1L2,pink
SIRPG,pink
SIRT3,pink
SIVA1,pink
SKA1,pink
SKA2,pink
SKAP1,pink
SKIV2L2,pink
SLAMF6,pink
SLC11A2,pink
SLC12A8,pink
SLC15A2,pink
SLC15A4,pink
SLC16A1,pink
SLC16A12,pink
SLC16A14,pink
SLC16A4,pink
SLC16A9,pink
SLC17A2,pink
SLC17A4,pink
SLC17A5,pink
SLC17A6,pink
SLC17A9,pink
SLC18A1,pink
SLC18A2,pink
SLC19A2,pink
SLC1A6,pink
SLC1A7,pink
SLC20A1,pink
SLC22A1,pink
SLC22A18,pink
SLC22A2,pink
SLC22A23,pink
SLC23A2,pink
SLC24A1,pink
SLC25A10,pink
SLC25A12,pink
SLC25A13,pink
SLC25A19,pink
SLC25A21,pink
SLC25A24,pink
SLC25A29,pink
SLC25A30,pink
SLC25A31,pink
SLC25A37,pink
SLC25A38,pink
SLC26A1,pink
SLC26A11,pink
SLC26A2,pink
SLC26A3,pink
SLC26A7,pink
SLC28A1,pink
SLC2A11,pink
SLC2A5,pink
SLC2A7,pink
SLC2A9,pink
SLC30A7,pink
SLC34A1,pink
SLC35B3,pink
SLC35F3,pink
SLC36A3,pink
SLC36A4,pink
SLC37A1,pink
SLC38A1,pink
SLC38A10,pink
SLC39A10,pink
SLC39A3,pink
SLC43A2,pink
SLC44A4,pink
SLC45A1,pink
SLC45A4,pink
SLC46A1,pink
SLC46A3,pink
SLC47A1,pink
SLC4A1,pink
SLC4A11,pink
SLC4A5,pink
SLC4A7,pink
SLC5A9,pink
SLC6A13,pink
SLC6A16,pink
SLC6A17,pink
SLC6A18,pink
SLC6A3,pink
SLC6A6,pink
SLC6A9,pink
SLC7A1,pink
SLC7A14,pink
SLC7A7,pink
SLC8A1,pink
SLC9A3,pink
SLC9A4,pink
SLC9A5,pink
SLC9A9,pink
SLCO1C1,pink
SLCO4A1,pink
SLCO5A1,pink
SLCO6A1,pink
SLFN12,pink
SLFN13,pink
SLFNL1,pink
SLIT1,pink
SLIT2,pink
SLIT3,pink
SLITRK1,pink
SLITRK6,pink
SLMAP,pink
SLMO2,pink
SLU7,pink
SMAD3,pink
SMAD4,pink
SMAD6,pink
SMAGP,pink
SMAP1,pink
SMARCB1,pink
SMARCC1,pink
SMC1B,pink
SMEK1,pink
SMG6,pink
SMN1,pink
SMOC2,pink
SMPDL3B,pink
SMUG1,pink
SMURF1,pink
SMURF2,pink
SMYD2,pink
SMYD3,pink
SNAR-F,pink
SNCAIP,pink
SNCG,pink
SND1,pink
SNIP1,pink
SNORA11B,pink
SNORA15,pink
SNORA39,pink
SNORA40,pink
SNORA47,pink
SNORA49,pink
SNORA59B,pink
SNORD113-7,pink
SNORD114-29,pink
SNORD114-4,pink
SNORD114-6,pink
SNORD116-1,pink
SNORD15B,pink
SNORD85,pink
SNORD93,pink
SNRNP35,pink
SNRNP48,pink
SNRPE,pink
SNRPN,pink
SNTB1,pink
SNTB2,pink
SNTG2,pink
SNX1,pink
SNX14,pink
SNX20,pink
SNX27,pink
SNX31,pink
SNX33,pink
SNX8,pink
SNX9,pink
SOAT1,pink
SOCS4,pink
SOCS5,pink
SOCS6,pink
SOD2,pink
SOHLH1,pink
SORBS1,pink
SORBS2,pink
SORBS3,pink
SORCS2,pink
SOS1,pink
SOSTDC1,pink
SOX13,pink
SOX2OT,pink
SOX30,pink
SOX5,pink
SOX7,pink
SP6,pink
SP7,pink
SPAG17,pink
SPAG9,pink
SPARCL1,pink
SPATA16,pink
SPATA18,pink
SPATA19,pink
SPATA2,pink
SPATA5,pink
SPATA7,pink
SPCS2,pink
SPEG,pink
SPEM1,pink
SPEN,pink
SPG20,pink
SPG21,pink
SPG7,pink
SPHKAP,pink
SPIC,pink
SPINK1,pink
SPINK5L3,pink
SPINK6,pink
SPINT3,pink
SPIRE2,pink
SPNS2,pink
SPO11,pink
SPOCK1,pink
SPP2,pink
SPPL3,pink
SPRED1,pink
SPRR2C,pink
SPSB1,pink
SPSB4,pink
SPTB,pink
SPTBN1,pink
SPTBN2,pink
SPTBN4,pink
SPTBN5,pink
SPTLC2,pink
SRBD1,pink
SRD5A1,pink
SRD5A3,pink
SRGAP1,pink
SRGAP3,pink
SRI,pink
SRP68,pink
SRP9,pink
SRPK2,pink
SRPRB,pink
SRRM1,pink
SRRM2,pink
SS18L1,pink
SSBP1,pink
SSBP2,pink
SSBP3,pink
SSBP4,pink
SSFA2,pink
SSH2,pink
SSPN,pink
SSTR3,pink
SSU72,pink
ST14,pink
ST3GAL3,pink
ST3GAL4,pink
ST5,pink
ST6GAL1,pink
ST6GAL2,pink
ST6GALNAC1,pink
ST6GALNAC2,pink
ST6GALNAC3,pink
ST6GALNAC6,pink
ST7L,pink
ST7OT2,pink
ST8SIA4,pink
ST8SIA6,pink
STAB1,pink
STAG1,pink
STAM,pink
STAMBP,pink
STARD13,pink
STARD3,pink
STARD3NL,pink
STARD6,pink
STAT1,pink
STAU2,pink
STC2,pink
STEAP3,pink
STK10,pink
STK19,pink
STK24,pink
STK3,pink
STK31,pink
STK32C,pink
STK39,pink
STMN3,pink
STOML3,pink
STON2,pink
STOX2,pink
STRA8,pink
STRADB,pink
STRAP,pink
STRN3,pink
STT3A,pink
STT3B,pink
STX12,pink
STX2,pink
STX8,pink
STXBP4,pink
SUB1,pink
SUGT1P1,pink
SULF1,pink
SUMO1P1,pink
SUNC1,pink
SUPT16H,pink
SUSD2,pink
SUSD5,pink
SUV420H1,pink
SVEP1,pink
SVIL,pink
SYCE1,pink
SYCP2,pink
SYCP2L,pink
SYCP3,pink
SYF2,pink
SYN3,pink
SYNE1,pink
SYNE2,pink
SYNPO2,pink
SYNPR,pink
SYNRG,pink
SYS1-DBNDD2,pink
SYT1,pink
SYT10,pink
SYT17,pink
SYT9,pink
SYTL2,pink
TACR1,pink
TACR3,pink
TAF12,pink
TAF1L,pink
TAF2,pink
TAF3,pink
TAF4,pink
TAF5,pink
TALDO1,pink
TANC1,pink
TAP1,pink
TAP2,pink
TAPBP,pink
TAPBPL,pink
TARSL2,pink
TAS1R2,pink
TAS2R10,pink
TAS2R38,pink
TAS2R5,pink
TASP1,pink
TATDN1,pink
TBC1D1,pink
TBC1D15,pink
TBC1D16,pink
TBC1D22A,pink
TBC1D22B,pink
TBC1D4,pink
TBC1D5,pink
TBC1D8,pink
TBC1D9,pink
TBCD,pink
TBCE,pink
TBCEL,pink
TBPL2,pink
TBX1,pink
TBX15,pink
TBX19,pink
TBX5,pink
TBXAS1,pink
TCAM1,pink
TCEA3,pink
TCEB3,pink
TCEB3B,pink
TCERG1,pink
TCERG1L,pink
TCF12,pink
TCF20,pink
TCF7L1,pink
TCF7L2,pink
TCHH,pink
TCL1B,pink
TCTE1,pink
TCTN1,pink
TCTN2,pink
TDH,pink
TDRD1,pink
TDRD3,pink
TDRD5,pink
TDRD6,pink
TDRD9,pink
TDRKH,pink
TECTA,pink
TEKT5,pink
TELO2,pink
TEP1,pink
TERT,pink
TES,pink
TEX101,pink
TEX14,pink
TEX2,pink
TFCP2,pink
TFCP2L1,pink
TFDP1,pink
TFDP2,pink
TGFB1I1,pink
TGFBI,pink
TGFBR2,pink
TGFBR3,pink
TGM2,pink
TGM7,pink
THADA,pink
THAP2,pink
THAP4,pink
THBS2,pink
THBS4,pink
THRB,pink
THSD4,pink
THSD7B,pink
TIFAB,pink
TIGD2,pink
TIMP2,pink
TK2,pink
TKTL2,pink
TLE2,pink
TLK2,pink
TLL2,pink
TLR6,pink
TLX1,pink
TLX1NB,pink
TM6SF2,pink
TM9SF3,pink
TMBIM6,pink
TMC1,pink
TMC3,pink
TMCC2,pink
TMCO1,pink
TMCO3,pink
TMCO7,pink
TMED6,pink
TMED7-TICAM2,pink
TMED8,pink
TMEFF2,pink
TMEM102,pink
TMEM111,pink
TMEM116,pink
TMEM117,pink
TMEM120A,pink
TMEM125,pink
TMEM126A,pink
TMEM128,pink
TMEM131,pink
TMEM132C,pink
TMEM132D,pink
TMEM143,pink
TMEM14C,pink
TMEM156,pink
TMEM179B,pink
TMEM18,pink
TMEM181,pink
TMEM182,pink
TMEM183A,pink
TMEM185B,pink
TMEM186,pink
TMEM194A,pink
TMEM196,pink
TMEM200A,pink
TMEM213,pink
TMEM216,pink
TMEM218,pink
TMEM225,pink
TMEM26,pink
TMEM39A,pink
TMEM41B,pink
TMEM44,pink
TMEM48,pink
TMEM49,pink
TMEM70,pink
TMEM74,pink
TMEM89,pink
TMEM8A,pink
TMEM99,pink
TMIGD2,pink
TMOD3,pink
TMPO,pink
TMPRSS11B,pink
TMPRSS11D,pink
TMPRSS11F,pink
TMPRSS13,pink
TMPRSS4,pink
TMPRSS6,pink
TMPRSS8,pink
TMTC1,pink
TMTC3,pink
TMX3,pink
TNC,pink
TNFAIP3,pink
TNFAIP6,pink
TNFAIP8,pink
TNFAIP8L3,pink
TNFRSF10A,pink
TNFRSF11A,pink
TNFRSF11B,pink
TNFRSF19,pink
TNFRSF1B,pink
TNFRSF25,pink
TNFRSF8,pink
TNFSF10,pink
TNFSF15,pink
TNIK,pink
TNIP3,pink
TNNI2,pink
TNNI3,pink
TNNI3K,pink
TNNT3,pink
TNPO1,pink
TNPO2,pink
TNPO3,pink
TNR,pink
TNRC18,pink
TNS1,pink
TNS3,pink
TNXB,pink
TOLLIP,pink
TOM1L2,pink
TOMM7,pink
TOP1MT,pink
TOP3B,pink
TOR1AIP1,pink
TOX2,pink
TP63,pink
TP73,pink
TPD52L2,pink
TPK1,pink
TPM3,pink
TPO,pink
TPP2,pink
TPRA1,pink
TPRKB,pink
TPRXL,pink
TPST1,pink
TPTE,pink
TRAF3,pink
TRAF3IP1,pink
TRAF5,pink
TRAM1,pink
TRAM1L1,pink
TRAPPC3,pink
TRAPPC6B,pink
TRAPPC9,pink
TRDMT1,pink
TREML4,pink
TRERF1,pink
TRHDE,pink
TRIM14,pink
TRIM15,pink
TRIM22,pink
TRIM24,pink
TRIM25,pink
TRIM26,pink
TRIM27,pink
TRIM29,pink
TRIM31,pink
TRIM33,pink
TRIM34,pink
TRIM36,pink
TRIM38,pink
TRIM39,pink
TRIM4,pink
TRIM40,pink
TRIM45,pink
TRIM48,pink
TRIM6-TRIM34,pink
TRIM61,pink
TRIM66,pink
TRIM67,pink
TRIM71,pink
TRIM72,pink
TRIM9,pink
TRIO,pink
TRIP12,pink
TRIT1,pink
TRMT1,pink
TRPC2,pink
TRPC3,pink
TRPC6,pink
TRPC7,pink
TRPM1,pink
TRPM3,pink
TRPM4,pink
TRPM5,pink
TRPM8,pink
TRPS1,pink
TRPV1,pink
TRRAP,pink
TSFM,pink
TSG1,pink
TSGA10,pink
TSHR,pink
TSNARE1,pink
TSPAN10,pink
TSPAN15,pink
TSPAN17,pink
TSPAN18,pink
TSPAN2,pink
TSPAN5,pink
TSPAN8,pink
TSPAN9,pink
TSPYL6,pink
TSSC1,pink
TSSC4,pink
TSSK6,pink
TSTD2,pink
TTBK2,pink
TTC1,pink
TTC12,pink
TTC14,pink
TTC15,pink
TTC24,pink
TTC26,pink
TTC28,pink
TTC29,pink
TTC30A,pink
TTC39A,pink
TTC5,pink
TTC7B,pink
TTK,pink
TTLL10,pink
TTLL3,pink
TTLL4,pink
TTLL5,pink
TTN,pink
TTYH2,pink
TUBA3E,pink
TUBGCP3,pink
TUBGCP5,pink
TUG1,pink
TULP3,pink
TULP4,pink
TUSC3,pink
TWSG1,pink
TXLNB,pink
TXNDC15,pink
TXNDC16,pink
TXNDC3,pink
TXNDC5,pink
TXNDC9,pink
TXNRD1,pink
TXNRD3IT1,pink
TYMS,pink
UACA,pink
UAP1,pink
UBAC2,pink
UBASH3A,pink
UBASH3B,pink
UBD,pink
UBE2CBP,pink
UBE2D2,pink
UBE2D3,pink
UBE2E1,pink
UBE2E2,pink
UBE2F,pink
UBE2H,pink
UBE2I,pink
UBE2J2,pink
UBE2S,pink
UBE2U,pink
UBE2V2,pink
UBE3C,pink
UBL3,pink
UBLCP1,pink
UBR3,pink
UBTD2,pink
UBXN2A,pink
UCHL3,pink
UGGT1,pink
UGGT2,pink
UGP2,pink
UGT1A10,pink
UGT2A1,pink
UHMK1,pink
UHRF1BP1L,pink
UNC13A,pink
UNC45A,pink
UNC5C,pink
UNC5D,pink
UNC84A,pink
UNC93B1,pink
UNK,pink
UNKL,pink
UPK1A,pink
UPK1B,pink
UPK3B,pink
UPP1,pink
UQCC,pink
UQCRHL,pink
UQCRQ,pink
UROC1,pink
USH1C,pink
USH1G,pink
USP12,pink
USP14,pink
USP18,pink
USP24,pink
USP28,pink
USP29,pink
USP3,pink
USP31,pink
USP34,pink
USP36,pink
USP38,pink
USP45,pink
USP53,pink
USP54,pink
USP6NL,pink
USP8,pink
UST,pink
UTRN,pink
UTS2,pink
UTS2D,pink
UXS1,pink
VAMP4,pink
VANGL1,pink
VANGL2,pink
VARS2,pink
VAT1L,pink
VAV1,pink
VAV2,pink
VCAN,pink
VCPIP1,pink
VDR,pink
VEPH1,pink
VGLL3,pink
VGLL4,pink
VILL,pink
VIPR2,pink
VIT,pink
VKORC1,pink
VMAC,pink
VN1R5,pink
VNN2,pink
VNN3,pink
VPS13A,pink
VPS13B,pink
VPS13D,pink
VPS35,pink
VPS37A,pink
VPS37B,pink
VPS41,pink
VPS52,pink
VPS53,pink
VRK1,pink
VRK3,pink
VSIG10,pink
VSIG8,pink
VTA1,pink
VTI1A,pink
VWA3B,pink
VWA5B1,pink
VWA5B2,pink
VWDE,pink
VWF,pink
WAC,pink
WBP11,pink
WBP2NL,pink
WDFY1,pink
WDFY2,pink
WDFY3,pink
WDR20,pink
WDR25,pink
WDR27,pink
WDR33,pink
WDR35,pink
WDR36,pink
WDR37,pink
WDR46,pink
WDR48,pink
WDR52,pink
WDR55,pink
WDR66,pink
WDR69,pink
WDR7,pink
WDR70,pink
WDR72,pink
WDR75,pink
WDR8,pink
WDR81,pink
WDR82,pink
WDR89,pink
WDR91,pink
WDR92,pink
WDTC1,pink
WEE1,pink
WFDC1,pink
WFDC2,pink
WFDC9,pink
WHAMM,pink
WHSC1,pink
WIF1,pink
WIPF1,pink
WIPI2,pink
WISP1,pink
WNK1,pink
WNK2,pink
WNK4,pink
WNT1,pink
WNT2B,pink
WNT3A,pink
WNT5B,pink
WNT6,pink
WNT8B,pink
WRB,pink
WSCD2,pink
WTAP,pink
WWC2,pink
WWOX,pink
WWP2,pink
WWTR1,pink
XCR1,pink
XDH,pink
XKR4,pink
XKR6,pink
XPA,pink
XPO4,pink
XPO7,pink
XPR1,pink
XRCC2,pink
XRCC4,pink
XYLB,pink
YAP1,pink
YLPM1,pink
YPEL1,pink
YPEL3,pink
YSK4,pink
YTHDF1,pink
ZAK,pink
ZAN,pink
ZAP70,pink
ZBBX,pink
ZBED4,pink
ZBED5,pink
ZBTB20,pink
ZBTB24,pink
ZBTB40,pink
ZBTB41,pink
ZBTB42,pink
ZBTB43,pink
ZBTB46,pink
ZBTB6,pink
ZBTB9,pink
ZC3H13,pink
ZC3H14,pink
ZC3H18,pink
ZC3H3,pink
ZC3H8,pink
ZC3HAV1L,pink
ZC3HC1,pink
ZCCHC2,pink
ZCCHC6,pink
ZDHHC14,pink
ZDHHC19,pink
ZDHHC2,pink
ZDHHC20,pink
ZDHHC7,pink
ZDHHC8P,pink
ZEB1,pink
ZFAND2A,pink
ZFAND3,pink
ZFAND6,pink
ZFC3H1,pink
ZFHX3,pink
ZFHX4,pink
ZFP1,pink
ZFP14,pink
ZFP2,pink
ZFP28,pink
ZFP62,pink
ZFP64,pink
ZFP90,pink
ZFPM1,pink
ZFPM2,pink
ZFR2,pink
ZFYVE16,pink
ZFYVE19,pink
ZFYVE28,pink
ZFYVE9,pink
ZIC1,pink
ZIC4,pink
ZIC5,pink
ZIM2,pink
ZMIZ1,pink
ZMYM1,pink
ZMYM2,pink
ZMYND11,pink
ZMYND15,pink
ZMYND17,pink
ZNF101,pink
ZNF12,pink
ZNF131,pink
ZNF132,pink
ZNF142,pink
ZNF143,pink
ZNF148,pink
ZNF155,pink
ZNF160,pink
ZNF17,pink
ZNF18,pink
ZNF192,pink
ZNF195,pink
ZNF197,pink
ZNF200,pink
ZNF204P,pink
ZNF207,pink
ZNF213,pink
ZNF215,pink
ZNF22,pink
ZNF221,pink
ZNF229,pink
ZNF234,pink
ZNF236,pink
ZNF239,pink
ZNF25,pink
ZNF251,pink
ZNF256,pink
ZNF257,pink
ZNF259,pink
ZNF264,pink
ZNF266,pink
ZNF268,pink
ZNF280B,pink
ZNF280D,pink
ZNF283,pink
ZNF287,pink
ZNF295,pink
ZNF311,pink
ZNF323,pink
ZNF330,pink
ZNF331,pink
ZNF341,pink
ZNF346,pink
ZNF350,pink
ZNF365,pink
ZNF366,pink
ZNF37A,pink
ZNF385B,pink
ZNF391,pink
ZNF394,pink
ZNF407,pink
ZNF415,pink
ZNF418,pink
ZNF423,pink
ZNF429,pink
ZNF434,pink
ZNF436,pink
ZNF438,pink
ZNF441,pink
ZNF45,pink
ZNF451,pink
ZNF468,pink
ZNF471,pink
ZNF473,pink
ZNF487,pink
ZNF490,pink
ZNF491,pink
ZNF493,pink
ZNF498,pink
ZNF502,pink
ZNF507,pink
ZNF512,pink
ZNF514,pink
ZNF516,pink
ZNF518A,pink
ZNF521,pink
ZNF536,pink
ZNF541,pink
ZNF542,pink
ZNF544,pink
ZNF547,pink
ZNF549,pink
ZNF556,pink
ZNF558,pink
ZNF559,pink
ZNF560,pink
ZNF565,pink
ZNF566,pink
ZNF567,pink
ZNF579,pink
ZNF584,pink
ZNF586,pink
ZNF594,pink
ZNF596,pink
ZNF605,pink
ZNF609,pink
ZNF611,pink
ZNF613,pink
ZNF615,pink
ZNF618,pink
ZNF619,pink
ZNF621,pink
ZNF644,pink
ZNF648,pink
ZNF654,pink
ZNF660,pink
ZNF662,pink
ZNF678,pink
ZNF69,pink
ZNF697,pink
ZNF699,pink
ZNF71,pink
ZNF713,pink
ZNF716,pink
ZNF74,pink
ZNF75A,pink
ZNF77,pink
ZNF776,pink
ZNF778,pink
ZNF782,pink
ZNF789,pink
ZNF790,pink
ZNF814,pink
ZNF815,pink
ZNF831,pink
ZNF84,pink
ZNF845,pink
ZNF879,pink
ZNHIT6,pink
ZP3,pink
ZPBP,pink
ZRANB1,pink
ZSCAN1,pink
ZSCAN16,pink
ZSCAN18,pink
ZSCAN2,pink
ZSCAN23,pink
ZSWIM2,pink
ZSWIM6,pink
ZW10,pink
ZYG11A,pink
A1CF,purple
A2BP1,purple
A2LD1,purple
AACS,purple
AADACL3,purple
AAGAB,purple
AAK1,purple
AASS,purple
AATF,purple
ABCA1,purple
ABCA13,purple
ABCA4,purple
ABCA5,purple
ABCB1,purple
ABCB4,purple
ABCB5,purple
ABCC1,purple
ABCC12,purple
ABCC13,purple
ABCC2,purple
ABCC4,purple
ABCC5,purple
ABCG5,purple
ABCG8,purple
ABHD1,purple
ABHD11,purple
ABHD12,purple
ABHD2,purple
ABHD5,purple
ABHD8,purple
ABI1,purple
ABI3BP,purple
ABL1,purple
ABL2,purple
ABLIM1,purple
ABLIM2,purple
ABO,purple
ABR,purple
ACACA,purple
ACACB,purple
ACAD11,purple
ACAD8,purple
ACADL,purple
ACAP2,purple
ACBD6,purple
ACCN1,purple
ACCSL,purple
ACER3,purple
ACOT11,purple
ACOT6,purple
ACOT7,purple
ACOXL,purple
ACP1,purple
ACRV1,purple
ACSF3,purple
ACSL1,purple
ACSL5,purple
ACSL6,purple
ACTBL2,purple
ACTL6B,purple
ACTN1,purple
ACTN2,purple
ACTR10,purple
ACVR1,purple
ACVRL1,purple
ACYP1,purple
ADAD1,purple
ADAL,purple
ADAM10,purple
ADAM12,purple
ADAM19,purple
ADAM20,purple
ADAM28,purple
ADAM9,purple
ADAMDEC1,purple
ADAMTS14,purple
ADAMTS17,purple
ADAMTS18,purple
ADAMTS6,purple
ADAMTS7,purple
ADAMTS8,purple
ADAMTS9,purple
ADAMTSL1,purple
ADAMTSL3,purple
ADAP2,purple
ADARB1,purple
ADARB2,purple
ADCK4,purple
ADCY3,purple
ADCY9,purple
ADCYAP1R1,purple
ADD3,purple
ADH6,purple
ADI1,purple
ADIG,purple
ADIPOQ,purple
ADIPOR2,purple
ADNP2,purple
ADORA2B,purple
ADORA3,purple
ADPRH,purple
ADPRHL1,purple
ADRB3,purple
ADSL,purple
ADSSL1,purple
AEBP2,purple
AFF1,purple
AFF3,purple
AFG3L1,purple
AFG3L2,purple
AFTPH,purple
AGAP1,purple
AGBL1,purple
AGBL2,purple
AGBL4,purple
AGGF1,purple
AGL,purple
AGMAT,purple
AGPAT1,purple
AGPAT3,purple
AGPAT4,purple
AGPAT5,purple
AGPAT6,purple
AHCY,purple
AHI1,purple
AHRR,purple
AICDA,purple
AIFM2,purple
AIM2,purple
AK5,purple
AKAP10,purple
AKAP12,purple
AKAP13,purple
AKAP3,purple
AKR1C1,purple
AKR1D1,purple
AKT3,purple
AKTIP,purple
ALB,purple
ALCAM,purple
ALDH18A1,purple
ALDH1A2,purple
ALDH1A3,purple
ALDH1L2,purple
ALDH8A1,purple
ALG6,purple
ALG8,purple
ALG9,purple
ALLC,purple
ALMS1,purple
ALOX5,purple
ALOX5AP,purple
ALOXE3,purple
ALPK1,purple
ALPK3,purple
ALPL,purple
ALS2CR8,purple
AMACR,purple
AMBRA1,purple
AMDHD1,purple
AMICA1,purple
AMMECR1L,purple
AMPD1,purple
ANAPC5,purple
ANGPT1,purple
ANGPTL5,purple
ANK1,purple
ANK3,purple
ANKFY1,purple
ANKLE2,purple
ANKRD1,purple
ANKRD10,purple
ANKRD11,purple
ANKRD28,purple
ANKRD29,purple
ANKRD34C,purple
ANKRD35,purple
ANKRD44,purple
ANKRD46,purple
ANKRD5,purple
ANKRD52,purple
ANKRD55,purple
ANKRD6,purple
ANKS1A,purple
ANKS4B,purple
ANLN,purple
ANO1,purple
ANO10,purple
ANO2,purple
ANO6,purple
ANO7,purple
ANTXR1,purple
ANTXR2,purple
ANUBL1,purple
ANXA13,purple
AOAH,purple
AP1S1,purple
AP3B2,purple
AP3D1,purple
APBA1,purple
APBA2,purple
APBB2,purple
APCDD1L,purple
APLP1,purple
APLP2,purple
APOB,purple
APOBEC3G,purple
APOBEC3H,purple
APOBEC4,purple
APOC4,purple
APOH,purple
APOL4,purple
AQP11,purple
ARAP1,purple
ARAP2,purple
ARFGEF1,purple
ARFGEF2,purple
ARG1,purple
ARHGAP10,purple
ARHGAP15,purple
ARHGAP18,purple
ARHGAP25,purple
ARHGAP26,purple
ARHGAP29,purple
ARHGEF10,purple
ARHGEF12,purple
ARHGEF4,purple
ARHGEF7,purple
ARID1A,purple
ARID1B,purple
ARID2,purple
ARID5B,purple
ARL13B,purple
ARL14,purple
ARL15,purple
ARMC1,purple
ARMC4,purple
ARNTL2,purple
ARPC2,purple
ARPC3,purple
ARRDC4,purple
ARSB,purple
ARSG,purple
ARSK,purple
ART1,purple
ART3,purple
ART4,purple
ASAH1,purple
ASAH2,purple
ASAP1,purple
ASAP1IT1,purple
ASAP2,purple
ASB14,purple
ASB18,purple
ASB7,purple
ASB8,purple
ASCC1,purple
ASCC3,purple
ASCL3,purple
ASH1L,purple
ASPH,purple
ASPSCR1,purple
ASRGL1,purple
ASXL1,purple
ASZ1,purple
ATAD1,purple
ATAD2B,purple
ATF3,purple
ATF6B,purple
ATF7IP,purple
ATG10,purple
ATG16L1,purple
ATG2A,purple
ATG2B,purple
ATG7,purple
ATL3,purple
ATM,purple
ATP10A,purple
ATP10B,purple
ATP10D,purple
ATP11A,purple
ATP13A3,purple
ATP13A5,purple
ATP2C1,purple
ATP4B,purple
ATP5C1,purple
ATP5G1,purple
ATP5H,purple
ATP6AP1L,purple
ATP6V0A4,purple
ATP6V0D1,purple
ATP6V1E2,purple
ATP6V1G3,purple
ATP8A1,purple
ATP8A2,purple
ATP8B4,purple
ATP9A,purple
ATP9B,purple
ATPBD4,purple
ATXN1,purple
ATXN3,purple
ATXN7,purple
ATXN7L1,purple
AURKA,purple
AUTS2,purple
B3GALT1,purple
B3GALTL,purple
B3GNT2,purple
B3GNT6,purple
B3GNT7,purple
B3GNTL1,purple
BAG3,purple
BAHCC1,purple
BAHD1,purple
BAI3,purple
BAIAP2L1,purple
BAIAP2L2,purple
BANF2,purple
BANK1,purple
BANP,purple
BARD1,purple
BASP1,purple
BAT2,purple
BAT5,purple
BATF,purple
BATF3,purple
BAZ1A,purple
BBS10,purple
BBS12,purple
BBS5,purple
BBS9,purple
BCAS1,purple
BCAS3,purple
BCAT1,purple
BCCIP,purple
BCKDHB,purple
BCL11B,purple
BCL2L10,purple
BCL2L14,purple
BCL2L15,purple
BCL9,purple
BCMO1,purple
BDKRB2,purple
BDNF,purple
BEND3,purple
BEND7,purple
BFSP2,purple
BICC1,purple
BICD1,purple
BID,purple
BIN3,purple
BIRC3,purple
BIRC6,purple
BLK,purple
BLZF1,purple
BMF,purple
BMP10,purple
BMP2K,purple
BMP4,purple
BMPR1B,purple
BNIP3,purple
BOC,purple
BOD1,purple
BOLL,purple
BPESC1,purple
BPI,purple
BPIL1,purple
BPIL2,purple
BRAP,purple
BRCA1,purple
BRE,purple
BRMS1L,purple
BRP44L,purple
BRPF3,purple
BRSK2,purple
BSN,purple
BST1,purple
BTAF1,purple
BTBD2,purple
BTBD8,purple
BTBD9,purple
BTF3L1,purple
BTN3A3,purple
BTNL2,purple
BUB3,purple
BZW2,purple
C10ORF11,purple
C10ORF114,purple
C10ORF118,purple
C10ORF128,purple
C10ORF46,purple
C10ORF47,purple
C10ORF55,purple
C10ORF67,purple
C10ORF78,purple
C10ORF84,purple
C10ORF93,purple
C11ORF40,purple
C11ORF52,purple
C11ORF53,purple
C11ORF63,purple
C11ORF74,purple
C11ORF75,purple
C11ORF80,purple
C11ORF82,purple
C11ORF85,purple
C11ORF92,purple
C12ORF23,purple
C12ORF35,purple
C12ORF40,purple
C12ORF54,purple
C12ORF67,purple
C12ORF69,purple
C12ORF70,purple
C12ORF72,purple
C12ORF75,purple
C12ORF76,purple
C13ORF1,purple
C13ORF16,purple
C13ORF18,purple
C13ORF28,purple
C13ORF30,purple
C13ORF31,purple
C13ORF35,purple
C13ORF38,purple
C14ORF102,purple
C14ORF105,purple
C14ORF143,purple
C14ORF145,purple
C14ORF149,purple
C14ORF165,purple
C14ORF166B,purple
C14ORF182,purple
C14ORF19,purple
C14ORF28,purple
C14ORF37,purple
C14ORF49,purple
C14ORF50,purple
C14ORF64,purple
C14ORF80,purple
C14ORF93,purple
C15ORF2,purple
C15ORF23,purple
C15ORF41,purple
C15ORF60,purple
C16ORF11,purple
C16ORF45,purple
C16ORF52,purple
C16ORF58,purple
C16ORF62,purple
C16ORF75,purple
C16ORF87,purple
C17ORF104,purple
C17ORF106,purple
C17ORF50,purple
C17ORF54,purple
C17ORF57,purple
C17ORF67,purple
C17ORF71,purple
C17ORF85,purple
C18ORF1,purple
C18ORF45,purple
C18ORF54,purple
C18ORF55,purple
C18ORF62,purple
C19ORF25,purple
C19ORF38,purple
C19ORF61,purple
C1ORF100,purple
C1ORF101,purple
C1ORF103,purple
C1ORF110,purple
C1ORF123,purple
C1ORF125,purple
C1ORF128,purple
C1ORF129,purple
C1ORF14,purple
C1ORF146,purple
C1ORF158,purple
C1ORF161,purple
C1ORF168,purple
C1ORF170,purple
C1ORF172,purple
C1ORF175,purple
C1ORF186,purple
C1ORF192,purple
C1ORF228,purple
C1ORF58,purple
C1ORF69,purple
C1ORF89,purple
C1ORF9,purple
C1ORF94,purple
C1ORF97,purple
C1QTNF7,purple
C1QTNF8,purple
C1QTNF9,purple
C1R,purple
C2,purple
C20ORF12,purple
C20ORF123,purple
C20ORF177,purple
C20ORF202,purple
C20ORF72,purple
C20ORF94,purple
C21ORF129,purple
C21ORF130,purple
C21ORF49,purple
C21ORF56,purple
C21ORF82,purple
C21ORF91,purple
C22ORF33,purple
C2CD4A,purple
C2ORF28,purple
C2ORF3,purple
C2ORF34,purple
C2ORF40,purple
C2ORF42,purple
C2ORF44,purple
C2ORF63,purple
C2ORF65,purple
C2ORF66,purple
C2ORF70,purple
C2ORF79,purple
C2ORF83,purple
C2ORF86,purple
C3ORF1,purple
C3ORF14,purple
C3ORF21,purple
C3ORF25,purple
C3ORF26,purple
C3ORF30,purple
C3ORF34,purple
C3ORF43,purple
C3ORF50,purple
C3ORF57,purple
C3ORF59,purple
C3ORF79,purple
C4BPA,purple
C4ORF14,purple
C4ORF17,purple
C4ORF19,purple
C4ORF21,purple
C4ORF23,purple
C4ORF29,purple
C4ORF3,purple
C4ORF39,purple
C4ORF45,purple
C5ORF13,purple
C5ORF24,purple
C5ORF32,purple
C5ORF36,purple
C5ORF41,purple
C5ORF46,purple
C5ORF48,purple
C5ORF51,purple
C5ORF52,purple
C5ORF56,purple
C6,purple
C6ORF10,purple
C6ORF138,purple
C6ORF150,purple
C6ORF155,purple
C6ORF162,purple
C6ORF164,purple
C6ORF168,purple
C6ORF174,purple
C6ORF192,purple
C6ORF201,purple
C6ORF217,purple
C6ORF222,purple
C6ORF25,purple
C6ORF64,purple
C6ORF97,purple
C7ORF10,purple
C7ORF13,purple
C7ORF27,purple
C7ORF36,purple
C7ORF38,purple
C7ORF42,purple
C7ORF50,purple
C7ORF53,purple
C7ORF58,purple
C7ORF59,purple
C7ORF61,purple
C7ORF66,purple
C8A,purple
C8ORF22,purple
C8ORF39,purple
C8ORF40,purple
C8ORF42,purple
C8ORF44,purple
C8ORF45,purple
C8ORF76,purple
C8ORF79,purple
C8ORF84,purple
C8ORF85,purple
C9ORF123,purple
C9ORF144,purple
C9ORF3,purple
C9ORF40,purple
C9ORF64,purple
C9ORF79,purple
C9ORF86,purple
C9ORF98,purple
CA3,purple
CAB39,purple
CABC1,purple
CABIN1,purple
CABP1,purple
CACHD1,purple
CACNA1A,purple
CACNA1C,purple
CACNA1I,purple
CACNA2D1,purple
CACNA2D2,purple
CACNA2D3,purple
CACNA2D4,purple
CACNG1,purple
CADM1,purple
CADM2,purple
CADPS,purple
CADPS2,purple
CAGE1,purple
CALD1,purple
CALML5,purple
CALU,purple
CAMK1D,purple
CAMK2B,purple
CAMK2D,purple
CAMKK1,purple
CAMKK2,purple
CAMSAP1,purple
CAMTA1,purple
CAND1,purple
CAP1,purple
CAPN7,purple
CAPN8,purple
CAPZA2,purple
CAPZB,purple
CARD11,purple
CARKD,purple
CARS2,purple
CASC4,purple
CASP12,purple
CASP5,purple
CASP8,purple
CASQ2,purple
CASZ1,purple
CATSPER2,purple
CATSPER4,purple
CATSPERB,purple
CAV1,purple
CAV2,purple
CBFA2T2,purple
CBFA2T3,purple
CBR4,purple
CBS,purple
CBX4,purple
CCBP2,purple
CCDC122,purple
CCDC132,purple
CCDC138,purple
CCDC141,purple
CCDC142,purple
CCDC148,purple
CCDC152,purple
CCDC18,purple
CCDC28A,purple
CCDC34,purple
CCDC36,purple
CCDC41,purple
CCDC46,purple
CCDC49,purple
CCDC51,purple
CCDC54,purple
CCDC57,purple
CCDC59,purple
CCDC6,purple
CCDC60,purple
CCDC67,purple
CCDC7,purple
CCDC80,purple
CCDC84,purple
CCDC85C,purple
CCDC88B,purple
CCDC88C,purple
CCDC89,purple
CCDC91,purple
CCDC96,purple
CCL20,purple
CCL26,purple
CCL8,purple
CCNB1,purple
CCNB1IP1,purple
CCND3,purple
CCNE1,purple
CCNH,purple
CCNI,purple
CCNJL,purple
CCNT1,purple
CCNY,purple
CCR2,purple
CCR4,purple
CCT2,purple
CCT6A,purple
CD101,purple
CD109,purple
CD163,purple
CD177,purple
CD180,purple
CD19,purple
CD1A,purple
CD2,purple
CD200R1,purple
CD2AP,purple
CD36,purple
CD38,purple
CD44,purple
CD53,purple
CD58,purple
CD5L,purple
CD72,purple
CD8A,purple
CD8B,purple
CD96,purple
CDADC1,purple
CDC14A,purple
CDC2,purple
CDC42BPA,purple
CDC42BPB,purple
CDC6,purple
CDC73,purple
CDCA2,purple
CDCA7L,purple
CDGAP,purple
CDH13,purple
CDH17,purple
CDH23,purple
CDH26,purple
CDH5,purple
CDH7,purple
CDH8,purple
CDK14,purple
CDK15,purple
CDK6,purple
CDKAL1,purple
CDKL3,purple
CDKN3,purple
CDR2L,purple
CDYL,purple
CEACAM1,purple
CEBPG,purple
CECR2,purple
CENPBD1,purple
CENPF,purple
CENPK,purple
CENPP,purple
CEP120,purple
CEP135,purple
CEP170,purple
CEP192,purple
CEP57,purple
CEP63,purple
CEP70,purple
CEP72,purple
CEP76,purple
CEP97,purple
CEPT1,purple
CES7,purple
CETN1,purple
CFTR,purple
CGA,purple
CGNL1,purple
CGREF1,purple
CHCHD3,purple
CHD1,purple
CHD1L,purple
CHD5,purple
CHD8,purple
CHEK2,purple
CHFR,purple
CHI3L1,purple
CHI3L2,purple
CHIA,purple
CHIC2,purple
CHID1,purple
CHN2,purple
CHRDL2,purple
CHRM2,purple
CHRM3,purple
CHRNA1,purple
CHRNB2,purple
CHST11,purple
CHST5,purple
CHST9,purple
CHSY1,purple
CIB4,purple
CISD1,purple
CIT,purple
CIZ1,purple
CKAP2,purple
CKLF,purple
CLASP2,purple
CLCA1,purple
CLDN10,purple
CLDN14,purple
CLDN18,purple
CLDN19,purple
CLDN25,purple
CLEC12A,purple
CLEC16A,purple
CLEC2B,purple
CLEC2D,purple
CLEC3A,purple
CLEC4C,purple
CLEC4E,purple
CLEC4M,purple
CLEC9A,purple
CLIC5,purple
CLIC6,purple
CLIP4,purple
CLLU1OS,purple
CLMN,purple
CLNS1A,purple
CLRN1,purple
CLRN1OS,purple
CLRN3,purple
CLSTN1,purple
CLSTN2,purple
CLTC,purple
CLVS1,purple
CLYBL,purple
CMAH,purple
CMAS,purple
CMKLR1,purple
CMTM1,purple
CMTM6,purple
CNBD1,purple
CNGA1,purple
CNGB3,purple
CNKSR3,purple
CNN2,purple
CNN3,purple
CNNM1,purple
CNNM2,purple
CNOT1,purple
CNOT10,purple
CNOT2,purple
CNR1,purple
CNST,purple
CNTLN,purple
CNTN3,purple
CNTN4,purple
CNTN6,purple
CNTNAP2,purple
COBL,purple
COBRA1,purple
COCH,purple
COG5,purple
COIL,purple
COL11A2,purple
COL13A1,purple
COL14A1,purple
COL17A1,purple
COL1A2,purple
COL22A1,purple
COL23A1,purple
COL24A1,purple
COL28A1,purple
COL29A1,purple
COL4A1,purple
COL4A2,purple
COL4A3BP,purple
COL5A1,purple
COL5A2,purple
COL5A3,purple
COL6A3,purple
COL8A2,purple
COL9A1,purple
COLEC11,purple
COLEC12,purple
COMMD2,purple
COMMD3,purple
COMMD9,purple
COPG2,purple
COQ5,purple
CORIN,purple
CORO1B,purple
COX10,purple
COX7B2,purple
COX8C,purple
CPA1,purple
CPA3,purple
CPA6,purple
CPEB1,purple
CPEB4,purple
CPLX2,purple
CPM,purple
CPNE4,purple
CPNE5,purple
CPPED1,purple
CPS1,purple
CPSF7,purple
CPT1A,purple
CPT1C,purple
CPT2,purple
CPXM2,purple
CPZ,purple
CRADD,purple
CRBN,purple
CREB3L2,purple
CREB5,purple
CREBBP,purple
CREM,purple
CRIM1,purple
CRISP1,purple
CRK,purple
CRP,purple
CRTAC1,purple
CRTAM,purple
CRYBG3,purple
CRYGN,purple
CRYZ,purple
CSDE1,purple
CSGALNACT1,purple
CSMD1,purple
CSMD3,purple
CSN1S1,purple
CSNK1A1L,purple
CSNK1A1P,purple
CSNK1D,purple
CSNK1G3,purple
CSNK2A1P,purple
CSPG5,purple
CSRNP2,purple
CSRP2,purple
CST8,purple
CSTA,purple
CSTF1,purple
CSTF3,purple
CSTL1,purple
CTAGE5,purple
CTCF,purple
CTDP1,purple
CTDSPL2,purple
CTLA4,purple
CTNNA2,purple
CTNNB1,purple
CTNNBIP1,purple
CTNND2,purple
CTSC,purple
CTSZ,purple
CTU1,purple
CTXN3,purple
CUEDC1,purple
CUGBP1,purple
CUL1,purple
CUL2,purple
CUL4A,purple
CUL5,purple
CUX1,purple
CUX2,purple
CWC22,purple
CXCL13,purple
CXCL14,purple
CXCR2,purple
CXCR6,purple
CXXC1,purple
CYFIP1,purple
CYFIP2,purple
CYLD,purple
CYP19A1,purple
CYP24A1,purple
CYP3A43,purple
CYSLTR2,purple
CYTH1,purple
DAAM1,purple
DAB1,purple
DAB2IP,purple
DAP,purple
DAPK1,purple
DBR1,purple
DBT,purple
DCAF13,purple
DCAF4,purple
DCAKD,purple
DCBLD2,purple
DCC,purple
DCDC2,purple
DCHS2,purple
DCLK2,purple
DCP1B,purple
DCUN1D2,purple
DDA1,purple
DDHD1,purple
DDHD2,purple
DDO,purple
DDR2,purple
DDX10,purple
DDX11,purple
DDX19A,purple
DDX21,purple
DDX43,purple
DDX52,purple
DDX59,purple
DDX60,purple
DDX60L,purple
DEC-01,purple
DEDD,purple
DEF8,purple
DEFB132,purple
DEFB136,purple
DENND1A,purple
DENND1B,purple
DENND2C,purple
DENND2D,purple
DENND3,purple
DENND5B,purple
DERA,purple
DGKB,purple
DGKD,purple
DGKH,purple
DGKI,purple
DHCR7,purple
DHH,purple
DHODH,purple
DHX15,purple
DHX36,purple
DHX37,purple
DHX40,purple
DIABLO,purple
DIAPH3,purple
DICER1,purple
DIDO1,purple
DIO1,purple
DIP2B,purple
DIP2C,purple
DIRAS3,purple
DIS3,purple
DISC1,purple
DKK2,purple
DLEC1,purple
DLEU2,purple
DLEU7,purple
DLG2,purple
DLGAP1,purple
DLGAP2,purple
DLK1,purple
DLL1,purple
DMBT1,purple
DMXL2,purple
DNA2,purple
DNAH10,purple
DNAH11,purple
DNAH12,purple
DNAH17,purple
DNAH3,purple
DNAH5,purple
DNAH6,purple
DNAH8,purple
DNAH9,purple
DNAJB11,purple
DNAJB13,purple
DNAJB6,purple
DNAJB9,purple
DNAJC1,purple
DNAJC15,purple
DNAJC3,purple
DNAJC5,purple
DNAJC5B,purple
DNAJC7,purple
DNALI1,purple
DNHD1,purple
DNM1L,purple
DNM3,purple
DNMBP,purple
DNMT1,purple
DNMT3B,purple
DNPEP,purple
DNTT,purple
DOCK1,purple
DOCK10,purple
DOCK2,purple
DOCK7,purple
DOCK9,purple
DOK7,purple
DPCR1,purple
DPF2,purple
DPF3,purple
DPH1,purple
DPH3B,purple
DPP10,purple
DPP4,purple
DPP6,purple
DPP8,purple
DPPA4,purple
DPY19L1,purple
DPYD,purple
DPYS,purple
DPYSL3,purple
DSCAM,purple
DSCAML1,purple
DSCR4,purple
DSCR8,purple
DSE,purple
DSG3,purple
DSG4,purple
DSPP,purple
DST,purple
DTNB,purple
DTNBP1,purple
DTWD2,purple
DTX4,purple
DUPD1,purple
DUS4L,purple
DUSP11,purple
DUSP16,purple
DUSP22,purple
DUSP27,purple
DUT,purple
DYNC1H1,purple
DYNC1I1,purple
DYRK1A,purple
DYRK4,purple
DYSF,purple
DYTN,purple
DYX1C1,purple
DZIP1,purple
E2F3,purple
E2F6,purple
E2F7,purple
E2F8,purple
EBAG9,purple
EBF1,purple
EBF3,purple
EBPL,purple
ECHDC1,purple
ECT2,purple
ECT2L,purple
EDARADD,purple
EDEM1,purple
EDNRB,purple
EEF1E1,purple
EEFSEC,purple
EEPD1,purple
EFCAB2,purple
EFCAB6,purple
EFCAB7,purple
EFEMP1,purple
EFHA1,purple
EFNA5,purple
EFNB2,purple
EGF,purple
EGFL8,purple
EGFLAM,purple
EGFR,purple
EHBP1,purple
EHD2,purple
EHF,purple
EHHADH,purple
EHMT1,purple
EHMT2,purple
EIF2AK2,purple
EIF2C2,purple
EIF2C3,purple
EIF2S1,purple
EIF4A3,purple
EIF4E2,purple
EIF4G1,purple
EIF4G3,purple
EIF5A2,purple
ELAVL1,purple
ELAVL4,purple
ELF2,purple
ELF5,purple
ELK3,purple
ELMO1,purple
ELOVL2,purple
ELOVL5,purple
ELOVL7,purple
ELP2P,purple
EML3,purple
EML4,purple
EML5,purple
EML6,purple
EMP1,purple
EMP3,purple
ENAH,purple
ENKUR,purple
ENOPH1,purple
ENOSF1,purple
ENOX1,purple
ENPP4,purple
ENPP6,purple
EP400NL,purple
EPB41L2,purple
EPB41L4A,purple
EPB41L5,purple
EPC1,purple
EPCAM,purple
EPDR1,purple
EPGN,purple
EPHA1,purple
EPHA3,purple
EPHA6,purple
EPHA8,purple
EPHB1,purple
EPHB2,purple
EPHX1,purple
EPOR,purple
EPS8,purple
EPSTI1,purple
EPYC,purple
ERBB2,purple
ERBB2IP,purple
ERBB4,purple
ERC1,purple
ERC2,purple
ERCC3,purple
ERGIC1,purple
ERGIC2,purple
ERI1,purple
ERI2,purple
ERI3,purple
ERICH1,purple
ESAM,purple
ESCO2,purple
ESPNL,purple
ESR1,purple
ESR2,purple
ESRP2,purple
ESRRB,purple
ESRRG,purple
ESYT2,purple
ETFA,purple
ETNK1,purple
ETS1,purple
ETV3,purple
ETV6,purple
EVL,purple
EXD3,purple
EXO1,purple
EXOC2,purple
EXOC4,purple
EXOC5,purple
EXOC6,purple
EXT1,purple
EXT2,purple
EXTL3,purple
EYA3,purple
EYA4,purple
EYS,purple
EZH2,purple
EZR,purple
F10,purple
F13A1,purple
F2R,purple
F3,purple
FA2H,purple
FABP1,purple
FABP4,purple
FABP9,purple
FAF1,purple
FAF2,purple
FAH,purple
FAHD1,purple
FAM104A,purple
FAM108C1,purple
FAM10A4,purple
FAM110A,purple
FAM111A,purple
FAM114A2,purple
FAM118A,purple
FAM118B,purple
FAM119B,purple
FAM120B,purple
FAM129A,purple
FAM12B,purple
FAM134B,purple
FAM13A,purple
FAM13AOS,purple
FAM149A,purple
FAM155A,purple
FAM159B,purple
FAM161B,purple
FAM164C,purple
FAM168A,purple
FAM170A,purple
FAM171A2,purple
FAM171B,purple
FAM174A,purple
FAM177B,purple
FAM178A,purple
FAM178B,purple
FAM183B,purple
FAM184A,purple
FAM184B,purple
FAM186A,purple
FAM188B,purple
FAM189A1,purple
FAM189A2,purple
FAM193A,purple
FAM196B,purple
FAM19A1,purple
FAM19A3,purple
FAM19A4,purple
FAM24B,purple
FAM26D,purple
FAM38A,purple
FAM38B,purple
FAM3B,purple
FAM46C,purple
FAM49B,purple
FAM53A,purple
FAM53C,purple
FAM55B,purple
FAM60A,purple
FAM65B,purple
FAM69A,purple
FAM69C,purple
FAM71A,purple
FAM73A,purple
FAM82A1,purple
FAM82A2,purple
FAM83B,purple
FAM83D,purple
FAM83E,purple
FAM89A,purple
FAM92A3,purple
FAM98B,purple
FANCA,purple
FANCC,purple
FANCF,purple
FANCL,purple
FANK1,purple
FAR1,purple
FARS2,purple
FASTKD2,purple
FASTKD5,purple
FAT1,purple
FAT3,purple
FBLN7,purple
FBN2,purple
FBRSL1,purple
FBXL17,purple
FBXL3,purple
FBXO18,purple
FBXO21,purple
FBXO31,purple
FBXO34,purple
FBXO36,purple
FBXO38,purple
FBXO40,purple
FBXO45,purple
FBXO48,purple
FBXW7,purple
FCHSD2,purple
FCRL1,purple
FCRL4,purple
FDFT1,purple
FDX1,purple
FER1L6,purple
FERMT1,purple
FGD3,purple
FGD4,purple
FGD6,purple
FGF1,purple
FGF12,purple
FGF23,purple
FGF7,purple
FGG,purple
FGGY,purple
FHAD1,purple
FHIT,purple
FIG4,purple
FIGN,purple
FIGNL1,purple
FILIP1,purple
FITM1,purple
FKBP10,purple
FKSG83,purple
FLI1,purple
FLJ22536,purple
FLJ23834,purple
FLJ32810,purple
FLJ33360,purple
FLJ37543,purple
FLJ39653,purple
FLJ40434,purple
FLJ42289,purple
FLJ43860,purple
FLJ45244,purple
FLRT1,purple
FLRT2,purple
FLRT3,purple
FLT1,purple
FLVCR1,purple
FLYWCH1,purple
FMN1,purple
FMNL2,purple
FMO2,purple
FMO5,purple
FN1,purple
FNBP1,purple
FNBP1L,purple
FNDC1,purple
FNDC3A,purple
FNDC3B,purple
FNIP1,purple
FOLR1,purple
FOXF2,purple
FOXJ3,purple
FOXK1,purple
FOXN3,purple
FOXO1,purple
FOXO3,purple
FOXP1,purple
FOXP2,purple
FRAS1,purple
FREM2,purple
FRMD3,purple
FRMD4A,purple
FRMD4B,purple
FRMD6,purple
FRS2,purple
FRY,purple
FRYL,purple
FRZB,purple
FSIP1,purple
FSTL4,purple
FTMT,purple
FTO,purple
FTSJD1,purple
FUT3,purple
FUT6,purple
FUT8,purple
FXN,purple
FXYD7,purple
FYB,purple
FYCO1,purple
FYN,purple
FYTTD1,purple
FZD3,purple
FZD6,purple
G2E3,purple
G3BP2,purple
GAB1,purple
GAB2,purple
GAB4,purple
GABARAPL3,purple
GABBR1,purple
GABPB2,purple
GABRA6,purple
GABRB1,purple
GABRG3,purple
GABRR1,purple
GABRR3,purple
GAK,purple
GALC,purple
GALK2,purple
GALNS,purple
GALNT10,purple
GALNT13,purple
GALNT14,purple
GALNT2,purple
GALNT9,purple
GALNTL4,purple
GALNTL6,purple
GAPDHS,purple
GAS2,purple
GATA4,purple
GATA5,purple
GATAD2A,purple
GBA3,purple
GBP5,purple
GBP6,purple
GBP7,purple
GCLC,purple
GCLM,purple
GCN1L1,purple
GCNT3,purple
GCNT7,purple
GDF15,purple
GDF2,purple
GDF7,purple
GDF9,purple
GFRA2,purple
GFRA3,purple
GGT7,purple
GJA5,purple
GJA8,purple
GJA9,purple
GJB5,purple
GJB6,purple
GJC1,purple
GKN1,purple
GLB1L2,purple
GLB1L3,purple
GLCCI1,purple
GLCE,purple
GLDN,purple
GLG1,purple
GLI3,purple
GLIS1,purple
GLIS2,purple
GLIS3,purple
GLRA1,purple
GLT1D1,purple
GLTSCR1,purple
GLUL,purple
GLYATL2,purple
GLYR1,purple
GMCL1,purple
GMDS,purple
GMPR,purple
GMPR2,purple
GNA11,purple
GNA12,purple
GNA13,purple
GNAL,purple
GNAO1,purple
GNB1,purple
GNB4,purple
GNB5,purple
GNG12,purple
GNG2,purple
GNG7,purple
GNL1,purple
GNPTG,purple
GNS,purple
GOLGA3,purple
GOLGA4,purple
GOLT1B,purple
GORAB,purple
GORASP2,purple
GOSR2,purple
GOT1,purple
GP1BA,purple
GP5,purple
GPATCH2,purple
GPATCH8,purple
GPBP1,purple
GPBP1L1,purple
GPC5,purple
GPC6,purple
GPHN,purple
GPIHBP1,purple
GPLD1,purple
GPR1,purple
GPR110,purple
GPR111,purple
GPR123,purple
GPR125,purple
GPR126,purple
GPR128,purple
GPR133,purple
GPR137B,purple
GPR137C,purple
GPR15,purple
GPR155,purple
GPR160,purple
GPR176,purple
GPR177,purple
GPR180,purple
GPR183,purple
GPR39,purple
GPR4,purple
GPR65,purple
GPR84,purple
GPRC5B,purple
GPRC6A,purple
GPRIN3,purple
GPSM2,purple
GPX5,purple
GRAMD1B,purple
GRAMD2,purple
GRAMD3,purple
GRB10,purple
GREB1,purple
GREM1,purple
GREM2,purple
GRHL1,purple
GRHL2,purple
GRIA4,purple
GRID1,purple
GRIK2,purple
GRIK3,purple
GRIK4,purple
GRIN2B,purple
GRINL1A,purple
GRIP1,purple
GRK5,purple
GRLF1,purple
GRM1,purple
GRM6,purple
GRM8,purple
GRTP1,purple
GRXCR2,purple
GSG1,purple
GSK3B,purple
GSPT1,purple
GSTCD,purple
GTDC1,purple
GTF2A1L,purple
GTF2E2,purple
GTF2F2,purple
GTF2H4,purple
GTF2H5,purple
GTF3C3,purple
GTPBP4,purple
GUCA1C,purple
GUCY1A3,purple
GUCY2C,purple
GUF1,purple
GULP1,purple
GVIN1,purple
GXYLT2,purple
GYG1,purple
GYPC,purple
HACE1,purple
HAL,purple
HAO2,purple
HAPLN1,purple
HAPLN3,purple
HAT1,purple
HAUS3,purple
HAUS6,purple
HBBP1,purple
HBS1L,purple
HBXIP,purple
HCG18,purple
HCG22,purple
HCG27,purple
HCG2P7,purple
HCG9,purple
HCN2,purple
HCRTR2,purple
HDAC4,purple
HDC,purple
HEATR1,purple
HEATR2,purple
HEATR6,purple
HEATR7A,purple
HEATR7B2,purple
HECW2,purple
HELB,purple
HEPHL1,purple
HERC1,purple
HERC2,purple
HERC3,purple
HERC4,purple
HERC5,purple
HERPUD2,purple
HERV-FRD,purple
HESX1,purple
HFM1,purple
HGSNAT,purple
HHAT,purple
HHLA2,purple
HIBADH,purple
HIGD1C,purple
HINT1,purple
HINT3,purple
HIST1H2BK,purple
HIVEP1,purple
HIVEP2,purple
HIVEP3,purple
HLA-A,purple
HLA-DMB,purple
HLA-DOA,purple
HLA-DOB,purple
HLA-DPA1,purple
HLA-DPB2,purple
HLA-DQA2,purple
HLA-DQB2,purple
HLA-DRA,purple
HLA-E,purple
HLA-G,purple
HLCS,purple
HLTF,purple
HMBOX1,purple
HMCN1,purple
HMG20A,purple
HMGA2,purple
HMGB1,purple
HMGB1L1,purple
HMHA1,purple
HMHB1,purple
HN1L,purple
HNF4A,purple
HNF4G,purple
HOMEZ,purple
HOOK1,purple
HOOK3,purple
HOXA5,purple
HPCAL4,purple
HPS3,purple
HPS5,purple
HRNBP3,purple
HRNR,purple
HS2ST1,purple
HS3ST4,purple
HS6ST1,purple
HSBP1L1,purple
HSD11B1,purple
HSD17B13,purple
HSD17B2,purple
HSD17B4,purple
HSD3B7,purple
HSDL1,purple
HSF5,purple
HSN2,purple
HSPA1L,purple
HSPA9,purple
HSPB8,purple
HTR1F,purple
HTR7P,purple
HTRA1,purple
HTRA4,purple
HTT,purple
HYDIN,purple
HYLS1,purple
IAH1,purple
ICOS,purple
ID2B,purple
IDE,purple
IDI1,purple
IDO2,purple
IFIT1L,purple
IFIT2,purple
IFNG,purple
IFNGR2,purple
IFT140,purple
IFT57,purple
IFT88,purple
IGDCC3,purple
IGDCC4,purple
IGF1,purple
IGF1R,purple
IGF2BP1,purple
IGF2BP3,purple
IGF2R,purple
IGFBP1,purple
IGFBP3,purple
IGHMBP2,purple
IGSF22,purple
IGSF3,purple
IKBKB,purple
IKZF1,purple
IKZF2,purple
IL12RB2,purple
IL17C,purple
IL17F,purple
IL17RA,purple
IL17RC,purple
IL17RD,purple
IL18RAP,purple
IL19,purple
IL1B,purple
IL1F7,purple
IL1RL1,purple
IL1RN,purple
IL20RA,purple
IL20RB,purple
IL21,purple
IL22,purple
IL22RA2,purple
IL31RA,purple
IL5,purple
IL5RA,purple
IL6,purple
IL7R,purple
IL9,purple
ILDR1,purple
ILDR2,purple
IMMP2L,purple
IMPACT,purple
IMPG2,purple
INADL,purple
INCENP,purple
INF2,purple
INHBC,purple
INHBE,purple
INPP1,purple
INPP4A,purple
INPP4B,purple
INPP5A,purple
INPP5D,purple
INSC,purple
INSIG1,purple
INSL5,purple
INSR,purple
INTS1,purple
INTS10,purple
INTS2,purple
INTS4,purple
INTS6,purple
INTU,purple
IP6K1,purple
IPCEF1,purple
IPO5,purple
IPO7,purple
IQCA1,purple
IQCB1,purple
IQCE,purple
IQCH,purple
IQGAP2,purple
IQSEC1,purple
IQSEC3,purple
IQUB,purple
IRF5,purple
IRF6,purple
IRGQ,purple
IRS2,purple
ISLR2,purple
ISM1,purple
ISX,purple
ITFG3,purple
ITGA1,purple
ITGA2B,purple
ITGA4,purple
ITGA6,purple
ITGB2,purple
ITGB3BP,purple
ITGB7,purple
ITGBL1,purple
ITIH4,purple
ITPK1,purple
ITPR1,purple
ITPR2,purple
ITPRIP,purple
ITSN2,purple
IYD,purple
JAKMIP1,purple
JAKMIP3,purple
JAM3,purple
JARID2,purple
JAZF1,purple
JMJD1C,purple
JMY,purple
JPH3,purple
KALRN,purple
KANK1,purple
KATNAL2,purple
KBTBD8,purple
KCMF1,purple
KCNA1,purple
KCNA10,purple
KCNAB1,purple
KCND2,purple
KCND3,purple
KCNE1,purple
KCNG2,purple
KCNG4,purple
KCNH1,purple
KCNH5,purple
KCNH8,purple
KCNIP1,purple
KCNIP4,purple
KCNJ16,purple
KCNJ5,purple
KCNJ8,purple
KCNK16,purple
KCNK2,purple
KCNK9,purple
KCNMA1,purple
KCNMB2,purple
KCNMB3,purple
KCNN1,purple
KCNN2,purple
KCNQ1,purple
KCNQ2,purple
KCNRG,purple
KCNS1,purple
KCNT1,purple
KCTD1,purple
KCTD15,purple
KCTD18,purple
KDELR1,purple
KDM4A,purple
KDM5A,purple
KERA,purple
KIAA0146,purple
KIAA0182,purple
KIAA0226,purple
KIAA0240,purple
KIAA0368,purple
KIAA0556,purple
KIAA0564,purple
KIAA0586,purple
KIAA0748,purple
KIAA0753,purple
KIAA0892,purple
KIAA0895,purple
KIAA0922,purple
KIAA0947,purple
KIAA1009,purple
KIAA1161,purple
KIAA1199,purple
KIAA1217,purple
KIAA1267,purple
KIAA1324L,purple
KIAA1370,purple
KIAA1407,purple
KIAA1529,purple
KIAA1530,purple
KIAA1549,purple
KIAA1586,purple
KIAA1598,purple
KIAA1632,purple
KIAA1688,purple
KIAA1712,purple
KIAA1715,purple
KIAA1751,purple
KIAA1841,purple
KIAA1908,purple
KIAA2018,purple
KIF13A,purple
KIF14,purple
KIF21A,purple
KIF24,purple
KIF26A,purple
KIF26B,purple
KIF2A,purple
KIF2C,purple
KIF5C,purple
KIF6,purple
KIF9,purple
KIFC1,purple
KIRREL3,purple
KLB,purple
KLC1,purple
KLF11,purple
KLF12,purple
KLF13,purple
KLF15,purple
KLF5,purple
KLHDC4,purple
KLHDC8A,purple
KLHL11,purple
KLHL14,purple
KLHL22,purple
KLHL24,purple
KLHL28,purple
KLHL29,purple
KLHL3,purple
KLHL36,purple
KLHL6,purple
KLHL7,purple
KLRA1,purple
KLRB1,purple
KLRK1,purple
KNDC1,purple
KNG1,purple
KPNA1,purple
KPNA4,purple
KPRP,purple
KRBA1,purple
KRR1,purple
KRT1,purple
KRT12,purple
KRT23,purple
KRT27,purple
KRT38,purple
KRT39,purple
KRT40,purple
KRT71,purple
KRT79,purple
KRT84,purple
KRTAP1-3,purple
KRTAP11-1,purple
KRTAP21-3,purple
KRTAP26-1,purple
KRTAP3-2,purple
KRTAP4-5,purple
KRTAP4-8,purple
KRTAP5-10,purple
KSR2,purple
KTN1,purple
L2HGDH,purple
L3MBTL3,purple
L3MBTL4,purple
LACE1,purple
LAMA2,purple
LAMA4,purple
LAMB1,purple
LAMB4,purple
LAMC1,purple
LARGE,purple
LARP4,purple
LARP4B,purple
LARS2,purple
LASS3,purple
LASS5,purple
LASS6,purple
LATS1,purple
LATS2,purple
LAX1,purple
LAYN,purple
LBP,purple
LBR,purple
LCA5,purple
LCK,purple
LCLAT1,purple
LCOR,purple
LCORL,purple
LCT,purple
LDB2,purple
LDLRAD3,purple
LEF1,purple
LEKR1,purple
LEP,purple
LEPREL1,purple
LEPROTL1,purple
LGALS2,purple
LGR5,purple
LHCGR,purple
LHFP,purple
LHFPL2,purple
LHFPL3,purple
LHFPL4,purple
LHX3,purple
LHX4,purple
LIMA1,purple
LIMCH1,purple
LIMK2,purple
LIMS2,purple
LIN28,purple
LIN28B,purple
LIN54,purple
LIN7A,purple
LIN9,purple
LINGO3,purple
LINS1,purple
LIPC,purple
LIPF,purple
LIPG,purple
LMAN1,purple
LMBR1,purple
LMF1,purple
LMNA,purple
LMNB1,purple
LMO7,purple
LMTK2,purple
LMX1B,purple
LNP1,purple
LNX1,purple
LNX2,purple
LOC100128977,purple
LOC100130522,purple
LOC100130581,purple
LOC100130987,purple
LOC100133308,purple
LOC100134259,purple
LOC100190939,purple
LOC100271715,purple
LOC100271832,purple
LOC121838,purple
LOC134466,purple
LOC143188,purple
LOC145814,purple
LOC148145,purple
LOC148824,purple
LOC149620,purple
LOC149837,purple
LOC150185,purple
LOC151658,purple
LOC152024,purple
LOC152225,purple
LOC154449,purple
LOC221442,purple
LOC221710,purple
LOC283050,purple
LOC283174,purple
LOC283267,purple
LOC283761,purple
LOC283867,purple
LOC284661,purple
LOC284688,purple
LOC285045,purple
LOC285205,purple
LOC285419,purple
LOC285501,purple
LOC285550,purple
LOC285593,purple
LOC285627,purple
LOC285696,purple
LOC285830,purple
LOC286002,purple
LOC339524,purple
LOC339788,purple
LOC342346,purple
LOC360030,purple
LOC387647,purple
LOC389705,purple
LOC390595,purple
LOC390858,purple
LOC399744,purple
LOC399959,purple
LOC400804,purple
LOC401387,purple
LOC441666,purple
LOC442293,purple
LOC619207,purple
LOC641367,purple
LOC644649,purple
LOC646627,purple
LOC650226,purple
LOC653391,purple
LOC723972,purple
LOC727677,purple
LOC728276,purple
LOC728448,purple
LOC728613,purple
LOC729020,purple
LOC729176,purple
LOC729384,purple
LOC729467,purple
LOC729799,purple
LOC730755,purple
LOC731789,purple
LOC84856,purple
LOC93432,purple
LOH12CR1,purple
LONP2,purple
LONRF1,purple
LOX,purple
LPCAT1,purple
LPCAT3,purple
LPHN3,purple
LPIN1,purple
LPL,purple
LPP,purple
LPPR3,purple
LRBA,purple
LRCH1,purple
LRCH3,purple
LRFN5,purple
LRIT2,purple
LRIT3,purple
LRP1B,purple
LRP2,purple
LRP2BP,purple
LRP5,purple
LRP5L,purple
LRPAP1,purple
LRPPRC,purple
LRRC16A,purple
LRRC17,purple
LRRC2,purple
LRRC27,purple
LRRC28,purple
LRRC30,purple
LRRC36,purple
LRRC37A3,purple
LRRC37B2,purple
LRRC39,purple
LRRC43,purple
LRRC48,purple
LRRC49,purple
LRRC58,purple
LRRC59,purple
LRRC66,purple
LRRC69,purple
LRRC70,purple
LRRC8B,purple
LRRC8D,purple
LRRCC1,purple
LRRIQ4,purple
LRRK1,purple
LRRN1,purple
LSAMP,purple
LSM10,purple
LSM2,purple
LSM3,purple
LTA,purple
LTA4H,purple
LTBP1,purple
LUZP6,purple
LY75,purple
LY86,purple
LYG2,purple
LYPD1,purple
LYPLA1,purple
LYPLAL1,purple
LYRM4,purple
LYST,purple
LYZL6,purple
LZIC,purple
LZTFL1,purple
MACF1,purple
MACROD1,purple
MACROD2,purple
MAD1L1,purple
MAEA,purple
MAFK,purple
MAGI1,purple
MAGI2,purple
MAGI3,purple
MAGOH,purple
MAK,purple
MAML2,purple
MAML3,purple
MAN1A1,purple
MAN1C1,purple
MAN2A1,purple
MANBA,purple
MAP1B,purple
MAP1LC3A,purple
MAP2K1,purple
MAP2K5,purple
MAP2K6,purple
MAP3K5,purple
MAP3K6,purple
MAP3K7IP1,purple
MAP3K9,purple
MAP7,purple
MAPK10,purple
MAPK14,purple
MAPK8IP3,purple
MAPK9,purple
MAPKAPK2,purple
MAPKAPK3,purple
MAPRE3,purple
MAR-01,purple
MAR-03,purple
MAR-04,purple
MAR-07,purple
MARCO,purple
MARK1,purple
MAS1,purple
MAS1L,purple
MAST2,purple
MAST3,purple
MAST4,purple
MAT2B,purple
MATN2,purple
MATN4,purple
MATR3,purple
MAX,purple
MBD5,purple
MBNL1,purple
MBOAT4,purple
MBP,purple
MBTD1,purple
MC1R,purple
MC4R,purple
MCART2,purple
MCC,purple
MCCC1,purple
MCF2L,purple
MCM2,purple
MCM6,purple
MCM8,purple
MCOLN2,purple
MCPH1,purple
MCTP2,purple
MDC1,purple
MDFIC,purple
MDGA1,purple
MDH1,purple
MDM4,purple
ME1,purple
ME3,purple
MEAF6,purple
MECOM,purple
MED12L,purple
MED13L,purple
MED16,purple
MED18,purple
MED21,purple
MED23,purple
MED27,purple
MEF2A,purple
MEG8,purple
MEGF11,purple
MEGF6,purple
MEIG1,purple
MEIS1,purple
MEIS2,purple
MEOX1,purple
MEP1B,purple
MEST,purple
METAP1,purple
METAP2,purple
METT11D1,purple
METT5D1,purple
METTL13,purple
METTL6,purple
MEX3A,purple
MFAP1,purple
MFAP3L,purple
MFAP5,purple
MFSD8,purple
MGAT4A,purple
MGAT5,purple
MGC15885,purple
MGC16384,purple
MGC70857,purple
MGMT,purple
MGST2,purple
MIA2,purple
MIB1,purple
MICAL2,purple
MIER2,purple
MINA,purple
MINPP1,purple
MIPEP,purple
MIR1200,purple
MIR1246,purple
MIR1278,purple
MIR1306,purple
MIR135B,purple
MIR182,purple
MIR187,purple
MIR197,purple
MIR211,purple
MIR218-1,purple
MIR320D1,purple
MIR365-2,purple
MIR373,purple
MIR412,purple
MIR453,purple
MIR493,purple
MIR516A1,purple
MIR517A,purple
MIR526A1,purple
MIR548A2,purple
MIR548F1,purple
MIR548F5,purple
MIR548G,purple
MIR548H4,purple
MIR549,purple
MIR551B,purple
MIR568,purple
MIR589,purple
MIR590,purple
MIR591,purple
MIR597,purple
MIR599,purple
MIR628,purple
MIR708,purple
MIR761,purple
MIR802,purple
MIR922,purple
MIRLET7A2,purple
MIS12,purple
MITF,purple
MKI67,purple
MKNK1,purple
MKS1,purple
MLC1,purple
MLH1,purple
MLH3,purple
MLL,purple
MLLT10,purple
MLN,purple
MMD2,purple
MMP13,purple
MMP16,purple
MMP20,purple
MMP24,purple
MMP27,purple
MNAT1,purple
MNT,purple
MOBKL2B,purple
MOCS1,purple
MOCS2,purple
MOGS,purple
MORN1,purple
MOV10L1,purple
MPHOSPH6,purple
MPHOSPH9,purple
MPP6,purple
MPP7,purple
MPPED2,purple
MPZL3,purple
MR1,purple
MRAP,purple
MRC2,purple
MREG,purple
MRGPRE,purple
MRO,purple
MRPL1,purple
MRPL13,purple
MRPL28,purple
MRPL42,purple
MRPL42P5,purple
MRPL48,purple
MRPS18A,purple
MRPS18B,purple
MRPS9,purple
MRRF,purple
MRTO4,purple
MS4A12,purple
MS4A4A,purple
MSH2,purple
MSH5,purple
MSH6,purple
MSL2,purple
MSRB3,purple
MST1R,purple
MT1L,purple
MTA1,purple
MTCH1,purple
MTERFD1,purple
MTFMT,purple
MTFR1,purple
MTG1,purple
MTHFS,purple
MTIF3,purple
MTL5,purple
MTMR14,purple
MTMR2,purple
MTMR3,purple
MTMR9,purple
MTNR1A,purple
MTNR1B,purple
MTOR,purple
MTPN,purple
MTRR,purple
MTUS2,purple
MTX2,purple
MUC13,purple
MUC2,purple
MUC21,purple
MUC4,purple
MUC6,purple
MUM1,purple
MUPCDH,purple
MX2,purple
MYB,purple
MYCBPAP,purple
MYH10,purple
MYH15,purple
MYH2,purple
MYLK,purple
MYLK4,purple
MYO10,purple
MYO15A,purple
MYO16,purple
MYO18A,purple
MYO1B,purple
MYO1D,purple
MYO1E,purple
MYO1F,purple
MYO1H,purple
MYO3B,purple
MYO5B,purple
MYO5C,purple
MYO7B,purple
MYOC,purple
MYOM2,purple
MYOT,purple
MYOZ3,purple
MYSM1,purple
MYST3,purple
MYST4,purple
MYT1L,purple
N6AMT1,purple
N6AMT2,purple
NAA11,purple
NAA15,purple
NAA25,purple
NAALADL2,purple
NACAP1,purple
NADSYN1,purple
NANOG,purple
NANS,purple
NAP1L5,purple
NAPG,purple
NAPRT1,purple
NARS,purple
NAT2,purple
NAV1,purple
NAV3,purple
NBEA,purple
NBEAL1,purple
NBN,purple
NCALD,purple
NCF2,purple
NCK2,purple
NCKAP1,purple
NCKAP5,purple
NCOA2,purple
NCOR1,purple
NCOR2,purple
NCRNA00028,purple
NCRNA00029,purple
NCRNA00081,purple
NCRNA00164,purple
NCRNA00169,purple
NCRNA00171,purple
NCRNA00174,purple
NCRNA00200,purple
NCSTN,purple
NDST1,purple
NDUFA10,purple
NDUFAF2,purple
NDUFB3,purple
NDUFB6,purple
NDUFS4,purple
NDUFS6,purple
NDUFV3,purple
NEBL,purple
NECAP2,purple
NEDD1,purple
NEDD4,purple
NEDD4L,purple
NEDD9,purple
NEIL3,purple
NEK5,purple
NEK6,purple
NEK7,purple
NELL2,purple
NEO1,purple
NEU1,purple
NEURL3,purple
NEURL4,purple
NEUROD4,purple
NEXN,purple
NF1,purple
NFASC,purple
NFATC1,purple
NFATC2,purple
NFATC3,purple
NFIA,purple
NFIC,purple
NFIX,purple
NFKB1,purple
NFKBID,purple
NFXL1,purple
NFYA,purple
NHLRC3,purple
NHSL1,purple
NID1,purple
NID2,purple
NIPAL2,purple
NIPAL4,purple
NISCH,purple
NKAIN2,purple
NKAIN3,purple
NKD2,purple
NKIRAS1,purple
NLGN1,purple
NLK,purple
NLRC4,purple
NLRP12,purple
NMB,purple
NMI,purple
NMNAT2,purple
NOD1,purple
NODAL,purple
NOL10,purple
NOP14,purple
NOP2,purple
NOS1AP,purple
NOS3,purple
NOTCH4,purple
NOV,purple
NOVA2,purple
NOX3,purple
NPAS3,purple
NPFFR2,purple
NPHP1,purple
NPHP3,purple
NPHP4,purple
NPR2,purple
NPTN,purple
NPY,purple
NR1D2,purple
NR1H4,purple
NR3C1,purple
NR3C2,purple
NRAP,purple
NRBP1,purple
NRCAM,purple
NRD1,purple
NRG1,purple
NRG3,purple
NRIP1,purple
NRP1,purple
NRP2,purple
NRXN1,purple
NRXN2,purple
NRXN3,purple
NSF,purple
NSMAF,purple
NSMCE1,purple
NSMCE2,purple
NSUN2,purple
NSUN3,purple
NSUN6,purple
NT5C1B,purple
NT5C3,purple
NT5C3L,purple
NT5DC1,purple
NTM,purple
NTN4,purple
NTNG1,purple
NUBPL,purple
NUDCD3,purple
NUDT15,purple
NUDT3,purple
NUDT6,purple
NUFIP1,purple
NUP210L,purple
NUP214,purple
NUP37,purple
NUP88,purple
NUP93,purple
NUPL2,purple
NXN,purple
OAZ3,purple
OBSCN,purple
OBSL1,purple
OCA2,purple
ODZ2,purple
ODZ3,purple
ODZ4,purple
OLA1,purple
OLAH,purple
OLFM1,purple
OLFM4,purple
OMA1,purple
OPA1,purple
OPA3,purple
OPCML,purple
OPTN,purple
OR10C1,purple
OR10G8,purple
OR10G9,purple
OR11A1,purple
OR11G2,purple
OR12D2,purple
OR12D3,purple
OR13A1,purple
OR14J1,purple
OR1M1,purple
OR2C3,purple
OR2D3,purple
OR2H1,purple
OR2J2,purple
OR2T1,purple
OR2T8,purple
OR2W1,purple
OR4D1,purple
OR4D5,purple
OR4E2,purple
OR4K17,purple
OR51B5,purple
OR51F2,purple
OR52E4,purple
OR52M1,purple
OR5AS1,purple
OR5B12,purple
OR5C1,purple
OR5H2,purple
OR5K1,purple
OR5K2,purple
OR5V1,purple
OR7A17,purple
OR8D1,purple
OR8U8,purple
ORC2L,purple
ORC5L,purple
ORC6L,purple
ORMDL1,purple
OSBPL10,purple
OSBPL11,purple
OSBPL6,purple
OSBPL7,purple
OSBPL9,purple
OSMR,purple
OSTN,purple
OTOP2,purple
OTOP3,purple
OTOR,purple
OTUD4,purple
OTUD6B,purple
OTX1,purple
OTX2,purple
OVCH2,purple
OXA1L,purple
OXCT1,purple
OXR1,purple
P11,purple
P2RX3,purple
P4HA3,purple
PABPC1P2,purple
PABPC4,purple
PACRG,purple
PACS2,purple
PACSIN1,purple
PAFAH1B1,purple
PAFAH2,purple
PAG1,purple
PAICS,purple
PAK1,purple
PAK4,purple
PALLD,purple
PAN3,purple
PANK1,purple
PANK4,purple
PAPSS2,purple
PARD3,purple
PARD3B,purple
PARK2,purple
PARP15,purple
PARP16,purple
PARP4,purple
PARP9,purple
PARVA,purple
PATE3,purple
PATZ1,purple
PAWR,purple
PAX6,purple
PAX7,purple
PBLD,purple
PBOV1,purple
PBX1,purple
PBX3,purple
PCBD1,purple
PCBP3,purple
PCCA,purple
PCDH15,purple
PCDH21,purple
PCDH7,purple
PCDH9,purple
PCDHA7,purple
PCDHGA2,purple
PCDHGA4,purple
PCGF3,purple
PCGF6,purple
PCK1,purple
PCLO,purple
PCMT1,purple
PCMTD1,purple
PCNT,purple
PCSK1,purple
PCSK5,purple
PCSK6,purple
PCSK9,purple
PCTP,purple
PDC,purple
PDCD2,purple
PDCD6IP,purple
PDCL,purple
PDE10A,purple
PDE11A,purple
PDE12,purple
PDE1A,purple
PDE1B,purple
PDE2A,purple
PDE3A,purple
PDE3B,purple
PDE4B,purple
PDE4D,purple
PDE5A,purple
PDE6B,purple
PDE6C,purple
PDE6D,purple
PDE6G,purple
PDE6H,purple
PDE7A,purple
PDE7B,purple
PDE8A,purple
PDGFD,purple
PDIA3P,purple
PDIA5,purple
PDK4,purple
PDLIM3,purple
PDLIM5,purple
PDP2,purple
PDS5A,purple
PDSS2,purple
PDZD2,purple
PDZD8,purple
PDZK1IP1,purple
PDZRN3,purple
PDZRN4,purple
PECAM1,purple
PELI2,purple
PELP1,purple
PEPD,purple
PERP,purple
PET112L,purple
PET117,purple
PEX14,purple
PEX3,purple
PEX5L,purple
PFKM,purple
PFKP,purple
PGAP1,purple
PGAP3,purple
PGM1,purple
PGM2L1,purple
PGRMC2,purple
PGS1,purple
PHACTR1,purple
PHACTR3,purple
PHACTR4,purple
PHF12,purple
PHF14,purple
PHF17,purple
PHF20,purple
PHF20L1,purple
PHF3,purple
PHLDB2,purple
PHTF1,purple
PHTF2,purple
PI4K2B,purple
PI4KA,purple
PIAS2,purple
PICALM,purple
PIGG,purple
PIGH,purple
PIGK,purple
PIGT,purple
PIGW,purple
PIK3C3,purple
PIK3CB,purple
PIK3CD,purple
PIK3CG,purple
PIK3R5,purple
PIP4K2A,purple
PIP5K1C,purple
PIPOX,purple
PIRT,purple
PITPNB,purple
PITRM1,purple
PITX3,purple
PIWIL1,purple
PIWIL3,purple
PIWIL4,purple
PJA2,purple
PKD1L1,purple
PKDREJ,purple
PKHD1,purple
PKHD1L1,purple
PKN2,purple
PKNOX2,purple
PL-5283,purple
PLA2G4C,purple
PLA2G5,purple
PLA2G7,purple
PLAC1L,purple
PLAC8,purple
PLAC8L1,purple
PLAG1,purple
PLAGL1,purple
PLCB1,purple
PLCB4,purple
PLCG2,purple
PLCH2,purple
PLCL2,purple
PLEC1,purple
PLEKHA5,purple
PLEKHA7,purple
PLEKHF1,purple
PLEKHG3,purple
PLEKHG4B,purple
PLEKHG7,purple
PLEKHM2,purple
PLEKHM3,purple
PLOD1,purple
PLOD2,purple
PLS1,purple
PLVAP,purple
PLXNA4,purple
PLXNC1,purple
PM20D2,purple
PMCH,purple
PMPCB,purple
PNLDC1,purple
PNLIP,purple
PNLIPRP2,purple
PNLIPRP3,purple
PNMA1,purple
PNMA2,purple
PNPT1,purple
POFUT1,purple
POFUT2,purple
POGZ,purple
POLA2,purple
POLD3,purple
POLH,purple
POLK,purple
POLQ,purple
POLR1C,purple
POLR3F,purple
POLS,purple
POM121L2,purple
POMT2,purple
POPDC3,purple
POR,purple
POU2F3,purple
POU6F2,purple
PPA2,purple
PPAP2B,purple
PPAP2C,purple
PPARG,purple
PPARGC1A,purple
PPBP,purple
PPFIA4,purple
PPFIBP1,purple
PPIL3,purple
PPM1H,purple
PPM1J,purple
PPM1L,purple
PPM1M,purple
PPP1CC,purple
PPP1R12A,purple
PPP1R12B,purple
PPP1R14C,purple
PPP1R16B,purple
PPP1R1C,purple
PPP1R3E,purple
PPP2R2A,purple
PPP2R2B,purple
PPP2R2D,purple
PPP2R5A,purple
PPP2R5C,purple
PPP2R5E,purple
PPP3CA,purple
PPP5C,purple
PPRC1,purple
PPT1,purple
PPTC7,purple
PQLC1,purple
PRAM1,purple
PRC1,purple
PRCP,purple
PRDM10,purple
PRDM11,purple
PRDM15,purple
PRDM16,purple
PRDM2,purple
PRDM7,purple
PRDX1,purple
PREP,purple
PREPL,purple
PRG2,purple
PRH1,purple
PRICKLE2,purple
PRKAA2,purple
PRKAG2,purple
PRKCA,purple
PRKCH,purple
PRKCI,purple
PRKCZ,purple
PRKD1,purple
PRKDC,purple
PRKG1,purple
PRL,purple
PRLH,purple
PRMT7,purple
PRMT8,purple
PRO0628,purple
PROSC,purple
PRPF18,purple
PRPF3,purple
PRPF40B,purple
PRPF6,purple
PRPS1L1,purple
PRPSAP1,purple
PRPSAP2,purple
PRR16,purple
PRR4,purple
PRR5L,purple
PRRX1,purple
PRSS21,purple
PRSS3,purple
PRSS35,purple
PRSS42,purple
PRTG,purple
PSITPTE22,purple
PSMA8,purple
PSMB2,purple
PSMB8,purple
PSMB9,purple
PSMC3,purple
PSMC6,purple
PSMD1,purple
PSMD9,purple
PSMG2,purple
PSORS1C1,purple
PSTK,purple
PTAFR,purple
PTCHD2,purple
PTER,purple
PTGDR,purple
PTGFRN,purple
PTGS2,purple
PTH,purple
PTH2R,purple
PTK2,purple
PTK2B,purple
PTK7,purple
PTN,purple
PTP4A3,purple
PTPN12,purple
PTPN14,purple
PTPN18,purple
PTPN21,purple
PTPN3,purple
PTPN4,purple
PTPRC,purple
PTPRD,purple
PTPRF,purple
PTPRG,purple
PTPRJ,purple
PTPRK,purple
PTPRM,purple
PTPRN2,purple
PTPRO,purple
PTPRR,purple
PTPRS,purple
PTPRZ1,purple
PTTG1IP,purple
PUM1,purple
PUM2,purple
PUS3,purple
PUS7,purple
PVRL3,purple
PVT1,purple
PWWP2A,purple
PXDN,purple
PXT1,purple
PYGL,purple
QDPR,purple
QSER1,purple
R3HDM1,purple
RAB10,purple
RAB11FIP1,purple
RAB11FIP2,purple
RAB11FIP3,purple
RAB11FIP4,purple
RAB1A,purple
RAB20,purple
RAB21,purple
RAB22A,purple
RAB27A,purple
RAB2A,purple
RAB2B,purple
RAB32,purple
RAB33B,purple
RAB3GAP2,purple
RAB40B,purple
RAB4A,purple
RAB5A,purple
RAB6A,purple
RAB7A,purple
RAB7L1,purple
RAB9P1,purple
RABGAP1L,purple
RABIF,purple
RAD18,purple
RAD23A,purple
RAD51L1,purple
RAD54B,purple
RAD54L2,purple
RADIL,purple
RAET1L,purple
RAI14,purple
RALGAPA1,purple
RALGDS,purple
RALGPS2,purple
RALYL,purple
RAMP3,purple
RANBP17,purple
RAP1B,purple
RAP1GAP2,purple
RAP1GDS1,purple
RAPGEF2,purple
RAPGEF4,purple
RAPGEF5,purple
RARB,purple
RASA1,purple
RASA3,purple
RASAL2,purple
RASGEF1C,purple
RASGRF2,purple
RASGRP1,purple
RASGRP3,purple
RASL12,purple
RASSF1,purple
RASSF2,purple
RASSF6,purple
RASSF8,purple
RB1,purple
RBBP8,purple
RBM16,purple
RBM17,purple
RBM20,purple
RBM23,purple
RBM33,purple
RBM45,purple
RBM5,purple
RBM9,purple
RBMS1,purple
RBMS3,purple
RBP1,purple
RBP4,purple
RBPJ,purple
RBPMS,purple
RCAN3,purple
RCBTB2,purple
RCSD1,purple
RDX,purple
RECQL5,purple
REG4,purple
RELL1,purple
RELN,purple
REP15,purple
REPS1,purple
RER1,purple
RERE,purple
REXO1L2P,purple
RFC1,purple
RFFL,purple
RFPL1S,purple
RFPL4B,purple
RFT1,purple
RFTN2,purple
RFWD2,purple
RFWD3,purple
RFX7,purple
RGL1,purple
RGS1,purple
RGS12,purple
RGS16,purple
RGS17,purple
RGS21,purple
RGS3,purple
RGS6,purple
RGS7,purple
RGS9,purple
RGSL1,purple
RHAG,purple
RHCG,purple
RHEB,purple
RHOA,purple
RHOBTB1,purple
RHOBTB3,purple
RHPN2,purple
RICTOR,purple
RIMS1,purple
RIMS2,purple
RIPK2,purple
RIPK4,purple
RLBP1,purple
RMI1,purple
RMND5A,purple
RNASE1,purple
RNASEN,purple
RND2,purple
RNF103,purple
RNF111,purple
RNF114,purple
RNF138,purple
RNF141,purple
RNF144B,purple
RNF150,purple
RNF157,purple
RNF180,purple
RNF182,purple
RNF19B,purple
RNF213,purple
RNF217,purple
RNF219,purple
RNF32,purple
RNF39,purple
RNF43,purple
RNF5P1,purple
RNF6,purple
RNLS,purple
RNU5E,purple
ROBO1,purple
ROBO2,purple
ROCK2,purple
ROR1,purple
ROR2,purple
RORA,purple
RORC,purple
RP9,purple
RPA1,purple
RPA3,purple
RPGRIP1,purple
RPH3AL,purple
RPL19P12,purple
RPL21P44,purple
RPL23AP32,purple
RPL29P2,purple
RPL30,purple
RPL31,purple
RPL9,purple
RPP21,purple
RPP30,purple
RPS23,purple
RPS26,purple
RPS5,purple
RPS6KA2,purple
RPSAP52,purple
RPSAP58,purple
RPTOR,purple
RPUSD4,purple
RRAS2,purple
RREB1,purple
RRM2B,purple
RRP15,purple
RSAD2,purple
RSBN1L,purple
RSC1A1,purple
RSF1,purple
RSPH3,purple
RSPO3,purple
RSRC1,purple
RSRC2,purple
RSU1,purple
RTL1,purple
RTN1,purple
RTN4IP1,purple
RTP1,purple
RUFY1,purple
RUFY2,purple
RUNDC1,purple
RUNDC2A,purple
RUNDC3B,purple
RUNX1,purple
RUNX2,purple
RUVBL1,purple
RWDD2B,purple
RXFP1,purple
RXRG,purple
RYR1,purple
RYR3,purple
SAA2,purple
SAMD3,purple
SAMD4A,purple
SAP130,purple
SAP18,purple
SAPS2,purple
SARDH,purple
SASH1,purple
SASS6,purple
SATB1,purple
SATB2,purple
SBF2,purple
SBK1,purple
SBNO1,purple
SC5DL,purple
SCAMP1,purple
SCAMP2,purple
SCAND3,purple
SCAPER,purple
SCARB1,purple
SCARNA15,purple
SCARNA27,purple
SCCPDH,purple
SCFD1,purple
SCG3,purple
SCGB3A2,purple
SCHIP1,purple
SCML4,purple
SCN1B,purple
SCN2B,purple
SCN3B,purple
SCN7A,purple
SCN8A,purple
SCP2,purple
SCRN1,purple
SCT,purple
SCUBE2,purple
SDCCAG10,purple
SDF4,purple
SDHAP3,purple
SDHD,purple
SDK1,purple
SEC1,purple
SEC11A,purple
SEC14L5,purple
SEC22A,purple
SEC23A,purple
SEC24B,purple
SEC31A,purple
SEC61A2,purple
SEC61G,purple
SEL1L3,purple
SELE,purple
SELK,purple
SELT,purple
SEMA3A,purple
SEMA3D,purple
SEMA5A,purple
SEMA5B,purple
SEMA6A,purple
SEMA6B,purple
SENP8,purple
SEP-09,purple
SEP-11,purple
SEP-15,purple
SEPHS2,purple
SEPSECS,purple
SERGEF,purple
SERHL2,purple
SERINC3,purple
SERINC5,purple
SERPINA6,purple
SERPINB11,purple
SERPINB5,purple
SERPINB9,purple
SERPINI2,purple
SESN1,purple
SESN3,purple
SETBP1,purple
SETD2,purple
SETD5,purple
SETD6,purple
SETD7,purple
SETDB2,purple
SFMBT1,purple
SFMBT2,purple
SFN,purple
SFRS12IP1,purple
SFRS5,purple
SFRS8,purple
SFTA1P,purple
SFXN3,purple
SFXN5,purple
SGCE,purple
SGEF,purple
SGIP1,purple
SGK1,purple
SGK269,purple
SGMS1,purple
SGOL2,purple
SGPL1,purple
SGPP2,purple
SGTA,purple
SH2D3A,purple
SH2D4A,purple
SH2D4B,purple
SH2D7,purple
SH3BGR,purple
SH3BP4,purple
SH3BP5,purple
SH3PXD2B,purple
SH3RF1,purple
SH3RF3,purple
SHANK1,purple
SHANK2,purple
SHC2,purple
SHISA6,purple
SHOC2,purple
SHQ1,purple
SHROOM3,purple
SIAE,purple
SIDT1,purple
SIK3,purple
SIL1,purple
SIPA1L1,purple
SIPA1L2,purple
SIPA1L3,purple
SIRPD,purple
SIRT1,purple
SIX4,purple
SKA2,purple
SKAP1,purple
SKIL,purple
SLC10A7,purple
SLC11A2,purple
SLC12A1,purple
SLC12A3,purple
SLC12A7,purple
SLC13A1,purple
SLC13A2,purple
SLC14A2,purple
SLC15A4,purple
SLC16A1,purple
SLC16A12,purple
SLC16A4,purple
SLC16A9,purple
SLC17A4,purple
SLC19A3,purple
SLC20A2,purple
SLC22A1,purple
SLC22A11,purple
SLC22A23,purple
SLC22A24,purple
SLC22A25,purple
SLC22A7,purple
SLC24A5,purple
SLC25A13,purple
SLC25A2,purple
SLC25A29,purple
SLC25A32,purple
SLC25A37,purple
SLC25A38,purple
SLC25A4,purple
SLC25A40,purple
SLC25A44,purple
SLC25A46,purple
SLC26A1,purple
SLC26A10,purple
SLC26A2,purple
SLC26A4,purple
SLC26A5,purple
SLC26A7,purple
SLC27A2,purple
SLC28A3,purple
SLC29A3,purple
SLC2A12,purple
SLC2A13,purple
SLC2A14,purple
SLC2A2,purple
SLC2A5,purple
SLC2A9,purple
SLC30A4,purple
SLC30A7,purple
SLC30A8,purple
SLC34A1,purple
SLC35A5,purple
SLC35B4,purple
SLC35F4,purple
SLC36A3,purple
SLC37A2,purple
SLC38A1,purple
SLC38A4,purple
SLC38A6,purple
SLC38A9,purple
SLC39A4,purple
SLC39A9,purple
SLC41A2,purple
SLC44A5,purple
SLC45A1,purple
SLC45A2,purple
SLC45A4,purple
SLC4A11,purple
SLC4A1AP,purple
SLC4A4,purple
SLC5A1,purple
SLC5A9,purple
SLC6A12,purple
SLC6A16,purple
SLC6A19,purple
SLC6A2,purple
SLC6A20,purple
SLC6A5,purple
SLC7A1,purple
SLC7A2,purple
SLC7A7,purple
SLC8A3,purple
SLC9A10,purple
SLC9A11,purple
SLC9A3,purple
SLC9A9,purple
SLCO1B3,purple
SLCO3A1,purple
SLFN12,purple
SLFN5,purple
SLIT3,purple
SLK,purple
SLMAP,purple
SLN,purple
SMAD1,purple
SMAD2,purple
SMAD3,purple
SMAD6,purple
SMAD9,purple
SMAP1,purple
SMC1B,purple
SMCP,purple
SMOC1,purple
SMOC2,purple
SMYD2,purple
SMYD3,purple
SNAPC1,purple
SNCAIP,purple
SND1,purple
SNHG4,purple
SNORA19,purple
SNORA32,purple
SNORA54,purple
SNORA6,purple
SNORD114-15,purple
SNORD114-22,purple
SNORD114-5,purple
SNORD116-17,purple
SNORD47,purple
SNORD53,purple
SNORD56B,purple
SNORD63,purple
SNORD72,purple
SNORD89,purple
SNRK,purple
SNRNP70,purple
SNRPB,purple
SNTB1,purple
SNTB2,purple
SNTG2,purple
SNX10,purple
SNX19,purple
SNX2,purple
SNX24,purple
SNX25,purple
SNX27,purple
SNX29,purple
SNX4,purple
SNX9,purple
SOAT2,purple
SOD1,purple
SOLH,purple
SON,purple
SORBS1,purple
SORBS2,purple
SORCS1,purple
SORCS2,purple
SOS1,purple
SOX2OT,purple
SOX5,purple
SP140L,purple
SP4,purple
SPACA1,purple
SPACA3,purple
SPAG16,purple
SPATA16,purple
SPATA18,purple
SPATA4,purple
SPATA8,purple
SPATS2,purple
SPCS3,purple
SPEF2,purple
SPG11,purple
SPG20,purple
SPHKAP,purple
SPINK8,purple
SPINT2,purple
SPOCK2,purple
SPON1,purple
SPOP,purple
SPPL3,purple
SPRED1,purple
SPRED2,purple
SPRR1A,purple
SPRR2D,purple
SPRR3,purple
SPRR4,purple
SPSB1,purple
SPSB4,purple
SPTB,purple
SPTBN1,purple
SPTBN4,purple
SRBD1,purple
SRC,purple
SREBF1,purple
SREBF2,purple
SRGAP1,purple
SRGAP2,purple
SRI,purple
SRL,purple
SRP54,purple
SRP9,purple
SRPK1,purple
SRPK2,purple
SRPRB,purple
SRRM2,purple
SRRM4,purple
SS18L2,purple
SSBP3,purple
SSH1,purple
SSH2,purple
SSX2IP,purple
ST3GAL2,purple
ST3GAL3,purple
ST3GAL4,purple
ST3GAL5,purple
ST5,purple
ST6GAL2,purple
ST6GALNAC3,purple
ST6GALNAC5,purple
ST7OT3,purple
ST8SIA2,purple
ST8SIA4,purple
STAC,purple
STAG1,purple
STAMBP,purple
STAMBPL1,purple
STAP1,purple
STAP2,purple
STARD13,purple
STARD5,purple
STARD9,purple
STATH,purple
STAU2,purple
STEAP4,purple
STK10,purple
STK17B,purple
STK3,purple
STK32A,purple
STK32B,purple
STK33,purple
STK38L,purple
STK39,purple
STMN2,purple
STON1-GTF2A1L,purple
STOX2,purple
STRA8,purple
STX18,purple
STX2,purple
STX8,purple
SUCLA2,purple
SUCLG2,purple
SULF2,purple
SULT1A1,purple
SULT1C3,purple
SULT1E1,purple
SULT6B1,purple
SUMF1,purple
SUMO1,purple
SUNC1,purple
SUSD3,purple
SUV39H2,purple
SUV420H1,purple
SV2B,purple
SVIL,purple
SVOPL,purple
SYCP3,purple
SYK,purple
SYN3,purple
SYNE1,purple
SYNE2,purple
SYNJ1,purple
SYNJ2,purple
SYNM,purple
SYNPO,purple
SYNPO2,purple
SYNPR,purple
SYT1,purple
SYT14,purple
SYT2,purple
SYT3,purple
SYTL2,purple
T-SP1,purple
TAAR2,purple
TACO1,purple
TACR2,purple
TAF13,purple
TAF2,purple
TAF5,purple
TANC1,purple
TANC2,purple
TANK,purple
TAP2,purple
TAPBP,purple
TAPT1,purple
TARP,purple
TAS2R16,purple
TAS2R19,purple
TAS2R3,purple
TAS2R4,purple
TAS2R46,purple
TAS2R5,purple
TAS2R60,purple
TAS2R7,purple
TAS2R8,purple
TASP1,purple
TATDN1,purple
TATDN2,purple
TAX1BP1,purple
TBC1D1,purple
TBC1D19,purple
TBC1D22A,purple
TBC1D22B,purple
TBC1D4,purple
TBC1D5,purple
TBC1D7,purple
TBC1D8,purple
TBC1D9,purple
TBCCD1,purple
TBCD,purple
TBCK,purple
TBL1XR1,purple
TBPL1,purple
TBPL2,purple
TBXAS1,purple
TC2N,purple
TCEA1,purple
TCEB3B,purple
TCERG1L,purple
TCF12,purple
TCF7L1,purple
TCF7L2,purple
TCHHL1,purple
TCL1A,purple
TCP1,purple
TCTEX1D1,purple
TCTN1,purple
TCTN2,purple
TDRD1,purple
TDRD12,purple
TDRD5,purple
TDRD6,purple
TDRD7,purple
TDRD9,purple
TEAD1,purple
TEC,purple
TECTA,purple
TEDDM1,purple
TEF,purple
TEK,purple
TELO2,purple
TEPP,purple
TERT,purple
TES,purple
TESK1,purple
TET3,purple
TEX10,purple
TEX101,purple
TEX12,purple
TEX2,purple
TFAP2E,purple
TFCP2L1,purple
TFDP1,purple
TFDP2,purple
TFPI2,purple
TG,purple
TGFA,purple
TGFBR3,purple
TGIF1,purple
TGM5,purple
THADA,purple
THAP10,purple
THBS4,purple
THEM5,purple
THEMIS,purple
THOP1,purple
THRB,purple
THRSP,purple
THSD4,purple
TIAL1,purple
TIAM1,purple
TIAM2,purple
TIE1,purple
TIFAB,purple
TIMELESS,purple
TIMP2,purple
TINAG,purple
TIPARP,purple
TIPRL,purple
TJP2,purple
TKTL2,purple
TLK1,purple
TLL1,purple
TLN2,purple
TLR10,purple
TLR2,purple
TM4SF1,purple
TM9SF3,purple
TM9SF4,purple
TMC1,purple
TMC3,purple
TMC5,purple
TMCC1,purple
TMCO3,purple
TMCO5A,purple
TMED5,purple
TMEFF1,purple
TMEFF2,purple
TMEM108,purple
TMEM110,purple
TMEM126B,purple
TMEM131,purple
TMEM132D,purple
TMEM135,purple
TMEM145,purple
TMEM151A,purple
TMEM151B,purple
TMEM154,purple
TMEM165,purple
TMEM167A,purple
TMEM173,purple
TMEM195,purple
TMEM198,purple
TMEM20,purple
TMEM200A,purple
TMEM204,purple
TMEM207,purple
TMEM209,purple
TMEM212,purple
TMEM217,purple
TMEM218,purple
TMEM22,purple
TMEM232,purple
TMEM26,purple
TMEM30C,purple
TMEM39A,purple
TMEM44,purple
TMEM5,purple
TMEM51,purple
TMEM55A,purple
TMEM62,purple
TMEM65,purple
TMEM71,purple
TMEM74,purple
TMEM85,purple
TMEM87A,purple
TMOD3,purple
TMPPE,purple
TMPRSS11A,purple
TMPRSS11E,purple
TMPRSS11F,purple
TMTC1,purple
TNFAIP8,purple
TNFAIP8L3,purple
TNFRSF10A,purple
TNFRSF8,purple
TNFSF10,purple
TNFSF11,purple
TNFSF13B,purple
TNFSF15,purple
TNIK,purple
TNIP3,purple
TNP1,purple
TNR,purple
TNRC18,purple
TNRC6A,purple
TNRC6B,purple
TNRC6C,purple
TNS1,purple
TNS3,purple
TNXB,purple
TOM1L1,purple
TOP1,purple
TOP1MT,purple
TOP2A,purple
TOX,purple
TOX3,purple
TP53BP2,purple
TP63,purple
TPCN2,purple
TPD52,purple
TPD52L1,purple
TPH2,purple
TPK1,purple
TPM1,purple
TPO,purple
TPP2,purple
TPPP,purple
TPST1,purple
TPST2,purple
TRAF3,purple
TRAF3IP1,purple
TRAF3IP3,purple
TRAK1,purple
TRAM2,purple
TRAP1,purple
TRAPPC3,purple
TRAPPC9,purple
TRDMT1,purple
TRDN,purple
TRERF1,purple
TRIM10,purple
TRIM2,purple
TRIM22,purple
TRIM25,purple
TRIM26,purple
TRIM27,purple
TRIM3,purple
TRIM31,purple
TRIM34,purple
TRIM35,purple
TRIM36,purple
TRIM39,purple
TRIM4,purple
TRIM42,purple
TRIM44,purple
TRIM5,purple
TRIM55,purple
TRIM6-TRIM34,purple
TRIM65,purple
TRIM7,purple
TRIO,purple
TRIP11,purple
TRIP4,purple
TRIT1,purple
TRMT6,purple
TROAP,purple
TROVE2,purple
TRPA1,purple
TRPC3,purple
TRPC4,purple
TRPC6,purple
TRPM1,purple
TRPM6,purple
TRPM8,purple
TRPV1,purple
TRRAP,purple
TSC2,purple
TSC22D1,purple
TSC22D2,purple
TSEN34,purple
TSG101,purple
TSGA10,purple
TSGA13,purple
TSHZ1,purple
TSLP,purple
TSNAX-DISC1,purple
TSPAN10,purple
TSPAN14,purple
TSPAN18,purple
TSPAN3,purple
TSPAN5,purple
TSPAN8,purple
TSPAN9,purple
TSPYL6,purple
TSSC1,purple
TSSK4,purple
TTBK1,purple
TTC12,purple
TTC14,purple
TTC17,purple
TTC21B,purple
TTC23L,purple
TTC24,purple
TTC27,purple
TTC33,purple
TTC39B,purple
TTC8,purple
TTLL11,purple
TTLL5,purple
TTLL7,purple
TTN,purple
TTYH3,purple
TUBA1B,purple
TUBA1C,purple
TUBAL3,purple
TUBB6,purple
TUBD1,purple
TUBGCP2,purple
TUBGCP3,purple
TUBGCP5,purple
TUFT1,purple
TUG1,purple
TULP1,purple
TULP2,purple
TUSC3,purple
TWF1,purple
TXK,purple
TXNDC16,purple
TXNDC2,purple
TXNL4B,purple
TXNRD1,purple
TYK2,purple
TYRP1,purple
TYW3,purple
UBAC2,purple
UBAP2L,purple
UBD,purple
UBE2CBP,purple
UBE2D1,purple
UBE2D2,purple
UBE2D3,purple
UBE2E1,purple
UBE2E2,purple
UBE2E3,purple
UBE2G1,purple
UBE2H,purple
UBE2J1,purple
UBE2N,purple
UBE2O,purple
UBE3A,purple
UBE3C,purple
UBL3,purple
UBP1,purple
UBQLN3,purple
UBR3,purple
UBTD2,purple
UBXN6,purple
UCK2,purple
UCN3,purple
UGGT2,purple
UGT3A1,purple
UHRF1,purple
UMOD,purple
UMODL1,purple
UMPS,purple
UNC119,purple
UNC5D,purple
UNC93A,purple
UNKL,purple
UPK1B,purple
UQCRFS1,purple
URB1,purple
USF2,purple
USH1C,purple
USH2A,purple
USP10,purple
USP13,purple
USP14,purple
USP24,purple
USP3,purple
USP31,purple
USP33,purple
USP40,purple
USP44,purple
USP48,purple
USP49,purple
USP6NL,purple
USPL1,purple
UST,purple
UTP14C,purple
UTP18,purple
UTP23,purple
UTRN,purple
UXS1,purple
VAMP1,purple
VAMP3,purple
VANGL1,purple
VAV2,purple
VAX2,purple
VDAC1,purple
VDAC2,purple
VDR,purple
VEPH1,purple
VGLL2,purple
VGLL4,purple
VKORC1L1,purple
VMO1,purple
VNN3,purple
VPS13A,purple
VPS13B,purple
VPS13D,purple
VPS37A,purple
VPS37B,purple
VPS37C,purple
VPS41,purple
VPS4B,purple
VPS52,purple
VPS53,purple
VPS8,purple
VRK2,purple
VSIG8,purple
VSTM1,purple
VSTM2A,purple
VSTM2L,purple
VTCN1,purple
VTI1A,purple
VWA1,purple
VWA3B,purple
VWC2,purple
VWF,purple
WAC,purple
WARS2,purple
WASL,purple
WBP2NL,purple
WBSCR16,purple
WBSCR17,purple
WBSCR22,purple
WBSCR27,purple
WDFY2,purple
WDFY3,purple
WDFY4,purple
WDHD1,purple
WDR25,purple
WDR27,purple
WDR33,purple
WDR36,purple
WDR37,purple
WDR4,purple
WDR43,purple
WDR45L,purple
WDR46,purple
WDR53,purple
WDR55,purple
WDR60,purple
WDR64,purple
WDR76,purple
WDR77,purple
WDR86,purple
WDR87,purple
WDR88,purple
WDR90,purple
WDR91,purple
WDSUB1,purple
WHSC1,purple
WHSC2,purple
WIF1,purple
WIPI1,purple
WIPI2,purple
WISP1,purple
WISP2,purple
WISP3,purple
WNT16,purple
WNT5A,purple
WNT5B,purple
WNT8B,purple
WSB1,purple
WWC2,purple
WWOX,purple
WWP2,purple
WWTR1,purple
XDH,purple
XIRP1,purple
XKR5,purple
XKR6,purple
XPC,purple
XPNPEP3,purple
XPO5,purple
XPO6,purple
XPR1,purple
YAF2,purple
YBX1,purple
YIPF2,purple
YIPF4,purple
YIPF7,purple
YLPM1,purple
YOD1,purple
YTHDC1,purple
YTHDC2,purple
YWHAQ,purple
YWHAZ,purple
YY1AP1,purple
ZAK,purple
ZAR1L,purple
ZBBX,purple
ZBP1,purple
ZBTB11,purple
ZBTB2,purple
ZBTB20,purple
ZBTB38,purple
ZBTB40,purple
ZBTB44,purple
ZBTB9,purple
ZC3H12C,purple
ZC3H13,purple
ZC3H14,purple
ZC3H18,purple
ZCCHC14,purple
ZCCHC4,purple
ZCCHC7,purple
ZCWPW1,purple
ZCWPW2,purple
ZDHHC14,purple
ZDHHC17,purple
ZDHHC2,purple
ZDHHC21,purple
ZDHHC23,purple
ZDHHC4,purple
ZDHHC6,purple
ZDHHC7,purple
ZFAND1,purple
ZFAT,purple
ZFHX3,purple
ZFHX4,purple
ZFP1,purple
ZFP161,purple
ZFP30,purple
ZFP37,purple
ZFP41,purple
ZFP82,purple
ZFP90,purple
ZFPM2,purple
ZFYVE1,purple
ZFYVE16,purple
ZFYVE20,purple
ZFYVE28,purple
ZFYVE9,purple
ZG16,purple
ZHX2,purple
ZIK1,purple
ZKSCAN2,purple
ZKSCAN5,purple
ZMIZ1,purple
ZMYM1,purple
ZMYM2,purple
ZMYM4,purple
ZMYND11,purple
ZMYND8,purple
ZNF114,purple
ZNF148,purple
ZNF160,purple
ZNF169,purple
ZNF175,purple
ZNF177,purple
ZNF184,purple
ZNF192,purple
ZNF202,purple
ZNF204P,purple
ZNF211,purple
ZNF215,purple
ZNF217,purple
ZNF219,purple
ZNF225,purple
ZNF230,purple
ZNF252,purple
ZNF259,purple
ZNF26,purple
ZNF260,purple
ZNF274,purple
ZNF277,purple
ZNF28,purple
ZNF280B,purple
ZNF282,purple
ZNF283,purple
ZNF286A,purple
ZNF287,purple
ZNF292,purple
ZNF302,purple
ZNF311,purple
ZNF317,purple
ZNF318,purple
ZNF32,purple
ZNF322A,purple
ZNF326,purple
ZNF329,purple
ZNF347,purple
ZNF354A,purple
ZNF354C,purple
ZNF365,purple
ZNF366,purple
ZNF367,purple
ZNF385B,purple
ZNF385D,purple
ZNF407,purple
ZNF415,purple
ZNF423,purple
ZNF438,purple
ZNF441,purple
ZNF442,purple
ZNF446,purple
ZNF45,purple
ZNF451,purple
ZNF461,purple
ZNF462,purple
ZNF470,purple
ZNF484,purple
ZNF492,purple
ZNF507,purple
ZNF509,purple
ZNF514,purple
ZNF516,purple
ZNF518B,purple
ZNF529,purple
ZNF536,purple
ZNF546,purple
ZNF555,purple
ZNF557,purple
ZNF558,purple
ZNF563,purple
ZNF568,purple
ZNF574,purple
ZNF587,purple
ZNF589,purple
ZNF605,purple
ZNF608,purple
ZNF610,purple
ZNF614,purple
ZNF619,purple
ZNF623,purple
ZNF644,purple
ZNF653,purple
ZNF654,purple
ZNF662,purple
ZNF664,purple
ZNF678,purple
ZNF683,purple
ZNF695,purple
ZNF697,purple
ZNF700,purple
ZNF702P,purple
ZNF704,purple
ZNF709,purple
ZNF772,purple
ZNF778,purple
ZNF780B,purple
ZNF781,purple
ZNF783,purple
ZNF787,purple
ZNF788,purple
ZNF789,purple
ZNF800,purple
ZNF804B,purple
ZNF827,purple
ZNF828,purple
ZNF829,purple
ZNF835,purple
ZNF84,purple
ZNF841,purple
ZNF846,purple
ZNF862,purple
ZNF90,purple
ZNHIT6,purple
ZNRD1,purple
ZNRF3,purple
ZRANB1,purple
ZRANB2,purple
ZRANB3,purple
ZSCAN5A,purple
ZSWIM4,purple
ZSWIM6,purple
A2BP1,red
AARS,red
AARSD1,red
AATK,red
ABCF1,red
ABCG4,red
ABHD13,red
ABHD5,red
ABHD6,red
ABI1,red
ABL1,red
ABLIM2,red
ACAD10,red
ACAD9,red
ACADS,red
ACAT1,red
ACCS,red
ACHE,red
ACSL1,red
ACTA2,red
ACTC1,red
ACTN4,red
ACTR3,red
ACVR1,red
ADAL,red
ADAM22,red
ADAMTS1,red
ADAMTS10,red
ADAR,red
ADCK2,red
ADCK4,red
ADCY5,red
ADH5,red
ADHFE1,red
ADRA1B,red
ADRBK2,red
ADRM1,red
ADSS,red
AES,red
AFF3,red
AFTPH,red
AGAP2,red
AGBL4,red
AGBL5,red
AGK,red
AGPAT9,red
AGXT2L1,red
AHCYL1,red
AHR,red
AIDA,red
AKT1S1,red
ALCAM,red
ALDH1A2,red
ALDH4A1,red
ALKBH5,red
AMD1,red
AMZ1,red
ANAPC10,red
ANAPC11,red
ANAPC5,red
ANAPC7,red
ANGEL1,red
ANGPTL4,red
ANKRD24,red
ANKRD39,red
ANKRD52,red
ANKRD54,red
ANKRD9,red
ANKS1A,red
ANO8,red
ANP32A,red
ANP32E,red
AP1AR,red
APBB2,red
APC,red
APCDD1,red
APLP2,red
APOLD1,red
APPBP2,red
ARF4,red
ARFGAP1,red
ARFGAP2,red
ARFRP1,red
ARG2,red
ARHGAP8,red
ARHGEF12,red
ARHGEF19,red
ARHGEF7,red
ARIH1,red
ARL4D,red
ARL6,red
ARL6IP1,red
ARMC3,red
ARNT2,red
ARPC2,red
ARPC4,red
ARRB2,red
ARSB,red
ARSG,red
ARSK,red
ASAH1,red
ASAP3,red
ASCC2,red
ASCL2,red
ASH1L,red
ASNA1,red
ASPM,red
ASPSCR1,red
ASXL3,red
ATAD1,red
ATAD3B,red
ATAD5,red
ATF2,red
ATF6B,red
ATG16L1,red
ATG4B,red
ATL1,red
ATL3,red
ATM,red
ATMIN,red
ATOX1,red
ATP1B3,red
ATP5B,red
ATP5E,red
ATP5G3,red
ATP5L,red
ATP5O,red
ATP5SL,red
ATP6V0C,red
ATP6V1C1,red
ATXN2,red
AURKA,red
AZI2,red
AZIN1,red
B4GALNT1,red
B4GALNT2,red
BACH2,red
BAI3,red
BAK1,red
BAT3,red
BAT4,red
BCAR1,red
BCAT1,red
BCKDHA,red
BCL11A,red
BCL11B,red
BCL6,red
BCLAF1,red
BCO2,red
BDNF,red
BDP1,red
BET1,red
BFSP1,red
BIRC6,red
BIVM,red
BLCAP,red
BLOC1S1,red
BMP6,red
BOLL,red
BPNT1,red
BRCA1,red
BRD2,red
BRI3BP,red
BRP44,red
BRP44L,red
BRPF3,red
BRUNOL4,red
BSDC1,red
BTF3,red
BTN1A1,red
BTRC,red
BUB1B,red
BUD31,red
BYSL,red
C10ORF137,red
C10ORF18,red
C10ORF26,red
C10ORF4,red
C11ORF1,red
C11ORF57,red
C11ORF60,red
C11ORF61,red
C11ORF68,red
C11ORF73,red
C12ORF49,red
C12ORF57,red
C12ORF65,red
C12ORF72,red
C13ORF23,red
C13ORF27,red
C13ORF38,red
C14ORF104,red
C14ORF106,red
C14ORF133,red
C14ORF138,red
C14ORF23,red
C14ORF37,red
C15ORF34,red
C15ORF61,red
C16ORF7,red
C17ORF48,red
C17ORF59,red
C17ORF61,red
C17ORF90,red
C17ORF93,red
C17ORF97,red
C18ORF21,red
C18ORF45,red
C19ORF2,red
C19ORF28,red
C19ORF61,red
C19ORF66,red
C1ORF114,red
C1ORF159,red
C1ORF213,red
C1ORF216,red
C1ORF51,red
C1ORF55,red
C1ORF63,red
C1ORF77,red
C20ORF103,red
C20ORF194,red
C20ORF20,red
C20ORF26,red
C20ORF43,red
C22ORF30,red
C22ORF32,red
C22ORF9,red
C2ORF3,red
C2ORF60,red
C2ORF86,red
C3ORF20,red
C3ORF38,red
C3ORF50,red
C4ORF14,red
C4ORF19,red
C4ORF3,red
C4ORF34,red
C4ORF46,red
C5ORF15,red
C5ORF30,red
C5ORF32,red
C5ORF34,red
C5ORF35,red
C5ORF45,red
C6ORF106,red
C6ORF130,red
C6ORF170,red
C6ORF176,red
C6ORF192,red
C6ORF217,red
C6ORF48,red
C6ORF57,red
C7ORF13,red
C7ORF23,red
C7ORF27,red
C7ORF38,red
C7ORF47,red
C7ORF51,red
C8ORF39,red
C8ORF41,red
C8ORF55,red
C8ORF58,red
C8ORF76,red
C9ORF102,red
C9ORF130,red
C9ORF16,red
C9ORF86,red
CA7,red
CABC1,red
CABYR,red
CACNA1A,red
CACNG4,red
CACNG8,red
CADM1,red
CALD1,red
CALM3,red
CAMK2N1,red
CAMLG,red
CAMTA2,red
CAND2,red
CAPZA1,red
CAPZA2,red
CARS2,red
CASD1,red
CASKIN2,red
CASZ1,red
CBLB,red
CBLL1,red
CBLN2,red
CBX2,red
CBX4,red
CBX5,red
CBY1,red
CCAR1,red
CCBE1,red
CCDC108,red
CCDC109A,red
CCDC137,red
CCDC140,red
CCDC149,red
CCDC15,red
CCDC151,red
CCDC28B,red
CCDC43,red
CCDC59,red
CCDC63,red
CCDC69,red
CCDC88A,red
CCDC9,red
CCDC90A,red
CCDC94,red
CCDC96,red
CCHCR1,red
CCK,red
CCND3,red
CCNI,red
CCT6P1,red
CCT7,red
CD164L2,red
CD320,red
CD3EAP,red
CD70,red
CDADC1,red
CDC23,red
CDH13,red
CDH2,red
CDK19,red
CDK7,red
CDS2,red
CDYL2,red
CEMP1,red
CENPF,red
CENPL,red
CENPN,red
CENPQ,red
CFHR4,red
CFL1,red
CFLAR,red
CHAF1A,red
CHCHD2,red
CHCHD4,red
CHCHD6,red
CHD1,red
CHERP,red
CHKA,red
CHMP1B,red
CHPF2,red
CHRNB2,red
CISH,red
CITED2,red
CLASP2,red
CLDN25,red
CLDN3,red
CLDND1,red
CLEC16A,red
CLGN,red
CLIC4,red
CLN5,red
CLP1,red
CLPP,red
CLPTM1,red
CLPX,red
CNIH4,red
CNOT4,red
CNOT8,red
CNTN1,red
CNTNAP4,red
COG1,red
COL23A1,red
COL4A3BP,red
COL6A1,red
COMMD6,red
COMMD7,red
COPS2,red
COPS3,red
COPS5,red
COQ2,red
CORO1A,red
CORO1B,red
CORO1C,red
COX5B,red
COX7A2L,red
CPEB2,red
CPEB3,red
CPNE4,red
CPOX,red
CPPED1,red
CRABP1,red
CREB3L2,red
CREM,red
CRNKL1,red
CRY1,red
CRYM,red
CRYZL1,red
CSDE1,red
CSMD1,red
CSMD3,red
CSPP1,red
CSRP2,red
CSTF1,red
CTDSPL2,red
CTNNA2,red
CTNNBIP1,red
CTSF,red
CTSH,red
CUL2,red
CUX2,red
CXCR4,red
CXXC1,red
CYB5A,red
CYB5D2,red
CYP1B1,red
CYP2U1,red
CYP51A1,red
CYTSA,red
DAB1,red
DAB2,red
DACH1,red
DAZAP2,red
DBN1,red
DBX1,red
DCAF10,red
DCAF4,red
DCAF5,red
DCAF7,red
DCAF8,red
DCC,red
DCP1B,red
DCTPP1,red
DCUN1D3,red
DDA1,red
DDAH2,red
DDB1,red
DDHD2,red
DDI2,red
DDRGK1,red
DDX17,red
DDX20,red
DDX21,red
DDX24,red
DDX41,red
DDX42,red
DDX47,red
DDX49,red
DDX5,red
DDX59,red
DDX6,red
DDX60,red
DEGS1,red
DENND4A,red
DERL3,red
DGCR8,red
DGUOK,red
DHODH,red
DHRS1,red
DHRS12,red
DHRS13,red
DHRS3,red
DHX30,red
DHX34,red
DHX36,red
DHX8,red
DIS3,red
DKFZP434H168,red
DKK3,red
DLGAP4,red
DLL4,red
DMXL1,red
DMXL2,red
DNAH7,red
DNAJA1,red
DNAJB11,red
DNAJC24,red
DNAJC28,red
DNASE2,red
DNM1L,red
DNM3,red
DNMT3A,red
DNTTIP2,red
DPAGT1,red
DPF1,red
DPM3,red
DR1,red
DSE,red
DSEL,red
DTD1,red
DUS1L,red
DUS2L,red
DUSP1,red
DUSP12,red
DUSP16,red
DUSP26,red
DUSP27,red
DYNC1LI2,red
DYNC2LI1,red
DYNLL1,red
DYNLRB1,red
DYRK1B,red
EDN1,red
EDNRB,red
EED,red
EFHA1,red
EGLN3,red
EHMT2,red
EI24,red
EIF1,red
EIF2B5,red
EIF3L,red
EIF4EBP1,red
ELAVL1,red
ELAVL2,red
ELL,red
ELMO1,red
EME1,red
EMX1,red
EN1,red
ENTPD6,red
EOMES,red
EPHA4,red
EPHA7,red
EPHB1,red
EPO,red
EPRS,red
ERBB2,red
ERBB2IP,red
ERC2,red
ERN1,red
ERO1L,red
ESYT1,red
ETFB,red
EVI5,red
EXO1,red
EXOC1,red
EXOC7,red
EXOSC8,red
EXOSC9,red
EXT2,red
EYA3,red
FABP3,red
FAF2,red
FAIM2,red
FAM104A,red
FAM108C1,red
FAM111A,red
FAM120AOS,red
FAM126B,red
FAM134C,red
FAM135A,red
FAM160B2,red
FAM164A,red
FAM172A,red
FAM188A,red
FAM190A,red
FAM36A,red
FAM43A,red
FAM47E,red
FAM48A,red
FAM53B,red
FAM54A,red
FAM59B,red
FAM63A,red
FAM64A,red
FAM65B,red
FAM69C,red
FAM78B,red
FAM81A,red
FAM82B,red
FAM83H,red
FAM96A,red
FANCA,red
FANCC,red
FANCE,red
FANCF,red
FAS,red
FASTKD1,red
FAT4,red
FBRSL1,red
FBXL22,red
FBXO22,red
FBXO42,red
FDXACB1,red
FEN1,red
FGF12,red
FGF14,red
FGF9,red
FKBP10,red
FKBP3,red
FKBP7,red
FLJ16779,red
FLJ22536,red
FLJ37453,red
FLJ41350,red
FLJ42289,red
FLJ43390,red
FLOT1,red
FLYWCH2,red
FNDC3A,red
FNDC3B,red
FNDC8,red
FNTA,red
FOSB,red
FOSL2,red
FOXF1,red
FOXF2,red
FOXO3,red
FRMD4A,red
FRMD8,red
FRY,red
FSCN1,red
FSTL3,red
FSTL4,red
FUCA1,red
FURIN,red
FUZ,red
FZD3,red
GABARAPL1,red
GABBR1,red
GABPB2,red
GABRB3,red
GADL1,red
GALC,red
GALNT13,red
GALNTL4,red
GAS7,red
GATA5,red
GBX1,red
GCAT,red
GDF5,red
GDF7,red
GFI1,red
GFOD2,red
GGPS1,red
GHR,red
GINS1,red
GIPR,red
GJD2,red
GLE1,red
GLG1,red
GLI4,red
GLRX2,red
GLS,red
GLT8D1,red
GLTP,red
GLUL,red
GMDS,red
GMEB2,red
GMFB,red
GNA12,red
GNAI1,red
GNAL,red
GNG12,red
GOLPH3L,red
GON4L,red
GOSR1,red
GPATCH1,red
GPD1L,red
GPN1,red
GPR108,red
GPR123,red
GPR133,red
GPR135,red
GPR137B,red
GPR139,red
GPR157,red
GPR161,red
GPR176,red
GPR3,red
GPR39,red
GPR88,red
GRB2,red
GRIA1,red
GRIA4,red
GRID2,red
GRM7,red
GRPEL1,red
GSTA4,red
GTF2A1,red
GTF2B,red
GTF2F2,red
GTF2IRD1,red
GTF3A,red
GTPBP1,red
GULP1,red
GUSB,red
H2AFV,red
HADHA,red
HCFC1R1,red
HDAC5,red
HDLBP,red
HEATR6,red
HERC1,red
HERC4,red
HERPUD2,red
HES1,red
HEXB,red
HEXIM2,red
HHIP,red
HIBADH,red
HIGD1A,red
HIGD2B,red
HINFP,red
HINT3,red
HIST1H1E,red
HIST1H2AB,red
HIST1H2AE,red
HIST1H2AG,red
HIST1H2AM,red
HIST1H2BD,red
HIST1H2BG,red
HIST1H3A,red
HIST1H4A,red
HIST2H2AC,red
HIST3H2BB,red
HLA-DPB2,red
HLA-DRA,red
HLA-L,red
HLF,red
HMG20A,red
HMGCLL1,red
HMGXB4,red
HMMR,red
HNRNPA1,red
HNRNPA3,red
HNRNPD,red
HNRNPH1,red
HNRNPL,red
HNRNPUL1,red
HOXC8,red
HOXD13,red
HP1BP3,red
HPS3,red
HPSE,red
HRNBP3,red
HS3ST3B1,red
HSDL2,red
HSP90AB1,red
HSPA13,red
HSPA1B,red
HSPA2,red
HSPA8,red
HSPB1,red
HSPBP1,red
HSPH1,red
HTR1A,red
HTR6,red
ICA1L,red
ICK,red
IFNGR2,red
IFRD2,red
IFT122,red
IFT80,red
IGF2BP2,red
IGFBP3,red
ILKAP,red
INA,red
ING1,red
INO80D,red
INSIG1,red
INTS5,red
INTS7,red
INTS8,red
IP6K2,red
IPCEF1,red
IPO11,red
IPO5,red
IQCK,red
IQGAP1,red
IRF2BP2,red
IRS2,red
IRX4,red
ISCU,red
ISG20L2,red
ISL2,red
ISOC2,red
ITFG2,red
ITFG3,red
ITGA7,red
ITM2B,red
ITPA,red
ITSN1,red
IVD,red
JAG1,red
JAKMIP1,red
JAKMIP2,red
JUB,red
KBTBD2,red
KBTBD8,red
KCNA3,red
KCNA6,red
KCND2,red
KCNG2,red
KCNIP2,red
KCNIP4,red
KCNJ10,red
KCNJ2,red
KCNJ5,red
KCNN2,red
KCNQ1,red
KCNQ5,red
KCTD19,red
KCTD8,red
KCTD9,red
KDELR3,red
KHDRBS1,red
KHDRBS2,red
KHK,red
KIAA0174,red
KIAA0182,red
KIAA0226,red
KIAA0232,red
KIAA0586,red
KIAA0907,red
KIAA1009,red
KIAA1012,red
KIAA1033,red
KIAA1239,red
KIAA1279,red
KIAA1324,red
KIAA1429,red
KIAA1529,red
KIAA1586,red
KIAA1609,red
KIAA1712,red
KIAA1797,red
KIAA1826,red
KIF14,red
KIF16B,red
KIF21B,red
KIF23,red
KIF26B,red
KIF5B,red
KIFC3,red
KLC4,red
KLF12,red
KLF14,red
KLF9,red
KLHDC2,red
KLHL26,red
KLK13,red
KLRAQ1,red
KNDC1,red
KPNA3,red
KPNB1,red
KPRP,red
KREMEN1,red
KRR1,red
LANCL1,red
LAP3,red
LARP7,red
LARS,red
LDB1,red
LEPR,red
LEPRE1,red
LEPREL1,red
LGR5,red
LHX1,red
LIG1,red
LIN9,red
LMAN2L,red
LMO1,red
LMO3,red
LMTK2,red
LMX1A,red
LMX1B,red
LOC100128191,red
LOC100133315,red
LOC100134713,red
LOC100270746,red
LOC100289511,red
LOC100302652,red
LOC284440,red
LOC285696,red
LOC344595,red
LOC388796,red
LOC389705,red
LOC399815,red
LOC399959,red
LOC400027,red
LOC441046,red
LOC441601,red
LOC552889,red
LOC645323,red
LOC647309,red
LOC729678,red
LOC729991,red
LPCAT3,red
LPHN2,red
LRBA,red
LRCH3,red
LRFN3,red
LRFN5,red
LRP11,red
LRP2,red
LRRC1,red
LRRC20,red
LRRC45,red
LRRC47,red
LRRC61,red
LRRK2,red
LTB,red
LYPLA2,red
LZTFL1,red
MAD1L1,red
MAFB,red
MAGOHB,red
MAK16,red
MAP2K4,red
MAP2K6,red
MAP3K10,red
MAP3K5,red
MAPK1,red
MAPK12,red
MAPK6,red
MAPK7,red
MAPK8IP3,red
MAPRE2,red
MAR-02,red
MAR-07,red
MAST1,red
MAX,red
MBD3,red
MBNL1,red
MBNL2,red
MBOAT2,red
MC4R,red
MCCC1,red
MDC1,red
MDM2,red
MDN1,red
MEA1,red
MECOM,red
MED10,red
MED13L,red
MED15,red
MED18,red
MED19,red
MED25,red
MED28,red
MED30,red
MED4,red
MED7,red
MED8,red
MEF2C,red
MEF2D,red
MEIS2,red
MEPCE,red
METTL3,red
MFN2,red
MGC23284,red
MGEA5,red
MGRN1,red
MIF,red
MINA,red
MIR124-3,red
MIR137,red
MIR564,red
MIR638,red
MITF,red
MKI67IP,red
MKRN2,red
MLF2,red
MMAA,red
MME,red
MMS19,red
MND1,red
MNS1,red
MNT,red
MOBKL3,red
MON2,red
MORG1,red
MPI,red
MPRIP,red
MPZL1,red
MPZL3,red
MRFAP1,red
MRI1,red
MRP63,red
MRPL15,red
MRPL18,red
MRPL23,red
MRPL33,red
MRPL46,red
MRPL50,red
MRPL54,red
MRPS12,red
MRPS14,red
MRPS16,red
MRPS18A,red
MRPS18B,red
MRPS28,red
MRPS35,red
MSH5,red
MSL2,red
MSRA,red
MT1E,red
MT3,red
MTA1,red
MTFMT,red
MTFR1,red
MTHFD1,red
MTIF3,red
MTMR12,red
MTMR4,red
MTSS1,red
MUDENG,red
MUTED,red
MYC,red
MYCBP2,red
MYEOV2,red
MYH10,red
MYH15,red
MYO1D,red
MYO9B,red
MYST1,red
N4BP1,red
N4BP2L2,red
N6AMT1,red
NAA16,red
NAA25,red
NADSYN1,red
NAF1,red
NAGA,red
NAGLU,red
NAGPA,red
NAP1L1,red
NAP1L4,red
NAPA,red
NAPB,red
NAT15,red
NBPF3,red
NCAN,red
NCAPD2,red
NCKIPSD,red
NCOA5,red
NCRNA00167,red
NCRNA00188,red
NCSTN,red
NDUFA3,red
NDUFA4L2,red
NDUFB3,red
NDUFB4,red
NDUFS5,red
NEAT1,red
NECAP1,red
NEDD4,red
NEFM,red
NEK1,red
NEK3,red
NEK4,red
NET1,red
NEU1,red
NEU3,red
NEUROG2,red
NEUROG3,red
NFATC1,red
NFATC2IP,red
NFIA,red
NFIC,red
NFKBID,red
NFYA,red
NFYC,red
NGLY1,red
NHLRC2,red
NICN1,red
NIF3L1,red
NINJ2,red
NINL,red
NIPA2,red
NKX6-2,red
NLGN1,red
NLK,red
NOL12,red
NOL4,red
NOP16,red
NOV,red
NPAS3,red
NPM1,red
NPY2R,red
NR1D1,red
NR1H2,red
NR2F2,red
NRBF2,red
NRCAM,red
NSUN3,red
NSUN6,red
NT5DC1,red
NTN4,red
NTNG2,red
NUDCD1,red
NUDT15,red
NUDT16L1,red
NUDT22,red
NUDT5,red
NUMB,red
NUP50,red
NUSAP1,red
NVL,red
NXN,red
NXPH3,red
NXT1,red
OBFC1,red
OBFC2B,red
OPA3,red
ORAI3,red
OSBP2,red
OSBPL2,red
OSCP1,red
OXTR,red
P4HA2,red
P4HB,red
PAK4,red
PARD6G,red
PARP16,red
PARP2,red
PAX5,red
PBX4,red
PCBP1,red
PCDH17,red
PCGF2,red
PCLO,red
PCOTH,red
PCSK5,red
PCYT1A,red
PCYT2,red
PDCD5,red
PDE2A,red
PDE3A,red
PDE4C,red
PDGFA,red
PDGFB,red
PDGFC,red
PDHX,red
PDIA5,red
PDK2,red
PDK4,red
PEPD,red
PER1,red
PES1,red
PEX13,red
PEX14,red
PFDN6,red
PGBD4,red
PHACTR3,red
PHC3,red
PHF12,red
PHF14,red
PHF20,red
PHF7,red
PHOX2A,red
PHPT1,red
PICALM,red
PIGL,red
PIGW,red
PIK3C3,red
PIK3CD,red
PIK3R3,red
PIK3R4,red
PIN1,red
PIP4K2A,red
PKIB,red
PLAC8,red
PLCB1,red
PLCG2,red
PLD3,red
PLDN,red
PLEKHJ1,red
PMM1,red
PMVK,red
PNN,red
PNPT1,red
POFUT2,red
POLD2,red
POLDIP2,red
POLG2,red
POLR1A,red
POLR2K,red
POLR3B,red
POLR3E,red
POLR3H,red
POLR3K,red
POM121C,red
POMGNT1,red
PON2,red
POP1,red
POP7,red
PPAT,red
PPHLN1,red
PPID,red
PPIF,red
PPIG,red
PPM1K,red
PPP1R11,red
PPP1R12C,red
PPP1R15B,red
PPP1R3C,red
PPP1R9A,red
PPP2R5C,red
PPT2,red
PRC1,red
PRDM1,red
PRDM14,red
PRDM6,red
PRDM8,red
PRDX1,red
PRICKLE1,red
PRICKLE4,red
PRIM1,red
PRIM2,red
PRKAB1,red
PRKAR2B,red
PRKCH,red
PRKCI,red
PRKG1,red
PRKRIP1,red
PRMT5,red
PRMT8,red
PRPF19,red
PRPF38B,red
PRPSAP2,red
PRR11,red
PRR3,red
PRR5L,red
PRRT1,red
PSD3,red
PSKH1,red
PSMB3,red
PSMB8,red
PSMB9,red
PSMC5,red
PSMD11,red
PSMD13,red
PSMD7,red
PSMG1,red
PTAR1,red
PTGFR,red
PTHLH,red
PTPN21,red
PTPRN2,red
PTRH2,red
PTS,red
PVRL2,red
PXMP3,red
PYGO1,red
QARS,red
QKI,red
RAB10,red
RAB11A,red
RAB11B,red
RAB24,red
RAB2B,red
RAB33B,red
RAB37,red
RAB3A,red
RAB3B,red
RAB3C,red
RAB5B,red
RAB8A,red
RABEP1,red
RABL4,red
RACGAP1,red
RAD51,red
RAD51AP2,red
RAD51L1,red
RAET1L,red
RANBP2,red
RANGAP1,red
RANGRF,red
RAP1GAP,red
RAPGEF3,red
RAPGEF6,red
RAPH1,red
RASA3,red
RASGRF1,red
RASGRP3,red
RASSF1,red
RBM18,red
RBM22,red
RBM4,red
RBM47,red
RBM5,red
RBMS1,red
RBPJ,red
RCC2,red
RCHY1,red
RCN2,red
RDH14,red
RECQL4,red
REEP2,red
RELL1,red
REXO1,red
RFC1,red
RFWD2,red
RFX2,red
RFX4,red
RFX8,red
RG9MTD2,red
RGMB,red
RGS2,red
RGS7,red
RHBDL3,red
RHOBTB1,red
RIBC2,red
RIC3,red
RIC8B,red
RICTOR,red
RILP,red
RLF,red
RNASEK,red
RNASET2,red
RNF138,red
RNF14,red
RNF146,red
RNF169,red
RNF185,red
RNF187,red
RNF25,red
RNF7,red
RNH1,red
RNPC3,red
ROBO1,red
ROBO3,red
RP9,red
RPAIN,red
RPAP1,red
RPF1,red
RPIA,red
RPL13AP5,red
RPL14,red
RPL18AP3,red
RPL19,red
RPL21,red
RPL23,red
RPL24,red
RPL26L1,red
RPL29,red
RPL35,red
RPL37A,red
RPP30,red
RPP38,red
RPS27L,red
RPS29,red
RPS6KA2,red
RPUSD4,red
RQCD1,red
RRM2B,red
RSBN1,red
RSRC1,red
RTN4RL1,red
RUFY2,red
RUNDC2A,red
RUVBL1,red
RWDD1,red
SAE1,red
SAFB2,red
SALL3,red
SALL4,red
SAMD1,red
SAMD12,red
SCAI,red
SCAMP3,red
SCAND1,red
SCLT1,red
SCN3B,red
SCNN1B,red
SCP2,red
SCPEP1,red
SCYL3,red
SDCCAG1,red
SDCCAG10,red
SDHC,red
SEC14L2,red
SEC23A,red
SEC24C,red
SEC24D,red
SEC61A2,red
SEMA3E,red
SEMA6A,red
SEMA6D,red
SENP1,red
SEP-11,red
SEP-15,red
SEPN1,red
SEPSECS,red
SERBP1,red
SERINC3,red
SERINC5,red
SERTAD1,red
SETD1B,red
SETD7,red
SETD8,red
SF3A1,red
SF3B5,red
SFPQ,red
SFRS1,red
SFRS12,red
SFRS16,red
SFRS18,red
SGCZ,red
SGEF,red
SGMS1,red
SGOL1,red
SGPL1,red
SGSM3,red
SH3BP5,red
SH3PXD2B,red
SHANK1,red
SHBG,red
SHFM1,red
SHISA2,red
SHISA9,red
SHOX2,red
SIAH1,red
SIL1,red
SIN3A,red
SIRT2,red
SIRT7,red
SKAP2,red
SKIL,red
SKIV2L2,red
SKP2,red
SLAIN1,red
SLC12A5,red
SLC15A4,red
SLC16A6,red
SLC19A2,red
SLC25A1,red
SLC25A19,red
SLC25A23,red
SLC25A3,red
SLC25A35,red
SLC25A36,red
SLC25A37,red
SLC25A39,red
SLC29A1,red
SLC2A3,red
SLC2A9,red
SLC30A4,red
SLC35A1,red
SLC35A3,red
SLC35D1,red
SLC35D3,red
SLC35E3,red
SLC38A2,red
SLC39A11,red
SLC39A7,red
SLC39A8,red
SLC41A1,red
SLC44A2,red
SLC46A2,red
SLC8A3,red
SLC9A1,red
SLITRK5,red
SLTM,red
SMAD4,red
SMAD7,red
SMAP1,red
SMARCA5,red
SMARCAD1,red
SMARCC1,red
SMARCD1,red
SMCHD1,red
SMG5,red
SMPD3,red
SMPD4,red
SNAP91,red
SNAPC1,red
SNAPC5,red
SNHG3-RCC1,red
SNHG9,red
SNORA26,red
SNORA7A,red
SNORD104,red
SNORD1C,red
SNORD2,red
SNORD45C,red
SNORD54,red
SNRNP27,red
SNRNP48,red
SNRPF,red
SNX11,red
SNX13,red
SNX14,red
SNX16,red
SNX21,red
SNX24,red
SNX8,red
SOCS1,red
SOCS2,red
SOCS5,red
SOCS6,red
SON,red
SORBS1,red
SOS2,red
SOX12,red
SOX2OT,red
SOX4,red
SPAG9,red
SPATA13,red
SPATA17,red
SPATA2,red
SPATA2L,red
SPATA4,red
SPATA7,red
SPATS2L,red
SPCS2,red
SPCS3,red
SPDYA,red
SPEF1,red
SPEN,red
SPG20,red
SPG7,red
SPIB,red
SPINT2,red
SPOPL,red
SPRYD4,red
SRCAP,red
SRI,red
SRP19,red
SRP72,red
SRRM3,red
SRRM4,red
SS18,red
SSBP1,red
SSBP3,red
SSC5D,red
SSFA2,red
SSH1,red
SSPO,red
SSR3,red
ST3GAL1,red
ST8SIA1,red
STAC,red
STAG3,red
STAU2,red
STBD1,red
STK17B,red
STOML2,red
STRN,red
STX16,red
STX6,red
STX7,red
STXBP3,red
STYX,red
SUGT1P1,red
SUMF2,red
SUZ12,red
SVIP,red
SYF2,red
SYNE1,red
SYNE2,red
SYNGAP1,red
SYNGR1,red
SYNJ2BP,red
SYPL1,red
SYT1,red
SYT2,red
SYTL2,red
TACC1,red
TACO1,red
TACR1,red
TAF15,red
TAF6,red
TANC2,red
TAOK1,red
TARSL2,red
TAS1R1,red
TBC1D17,red
TBC1D19,red
TBC1D20,red
TBC1D23,red
TBC1D5,red
TBCCD1,red
TBKBP1,red
TBL3,red
TBPL1,red
TBX15,red
TCF12,red
TCHP,red
TDP1,red
TDRD3,red
TEAD1,red
TEAD2,red
TEF,red
TEKT1,red
TEKT3,red
TERF2,red
TFG,red
TGIF2,red
THOC1,red
THOC5,red
THRA,red
THSD1,red
TIMM44,red
TIPIN,red
TJP2,red
TLE3,red
TLK1,red
TLR6,red
TM2D1,red
TM7SF3,red
TMBIM4,red
TMC8,red
TMCO1,red
TMCO3,red
TMED3,red
TMED5,red
TMEM111,red
TMEM126B,red
TMEM14A,red
TMEM161A,red
TMEM170A,red
TMEM175,red
TMEM178,red
TMEM179B,red
TMEM18,red
TMEM192,red
TMEM203,red
TMEM216,red
TMEM217,red
TMEM232,red
TMEM43,red
TMEM49,red
TMEM51,red
TMEM55B,red
TMEM57,red
TMEM59,red
TMEM63A,red
TMEM63C,red
TMEM80,red
TMEM90A,red
TMEM93,red
TMSB10,red
TMTC2,red
TMUB2,red
TMX2,red
TNFRSF21,red
TNFSF13B,red
TNIP1,red
TNK2,red
TNKS,red
TOP3B,red
TOR1AIP2,red
TOX3,red
TP53AIP1,red
TP53INP2,red
TPCN2,red
TPD52,red
TPP1,red
TRA2B,red
TRADD,red
TRAPPC1,red
TRAPPC9,red
TRIM16,red
TRIM2,red
TRIM25,red
TRIM4,red
TRPC1,red
TRUB1,red
TSG101,red
TSPAN12,red
TSPAN33,red
TSSC1,red
TSTD2,red
TTC25,red
TTC28,red
TTC35,red
TTC39C,red
TTC8,red
TTC9,red
TTYH3,red
TUBA1A,red
TUBD1,red
TUBE1,red
TULP2,red
TULP3,red
TWF1,red
TWF2,red
TWSG1,red
TXNDC12,red
TXNDC17,red
TXNRD2,red
TYK2,red
TYSND1,red
UBA5,red
UBE2C,red
UBE2CBP,red
UBE2E1,red
UBE2F,red
UBE2J1,red
UBE2L6,red
UBE2Q1,red
UBE2T,red
UBE4A,red
UBL3,red
UBL7,red
UBQLN1,red
UBTD1,red
UBTD2,red
UCKL1,red
UCP1,red
UFC1,red
UFD1L,red
UFM1,red
UGDH,red
UGGT2,red
UGP2,red
UHRF2,red
UNC13A,red
UNC5C,red
UPF1,red
UQCRC2,red
UQCRFS1,red
UQCRQ,red
USMG5,red
USP14,red
USP22,red
USP25,red
USP34,red
USP36,red
USP42,red
USP48,red
USP53,red
USP8,red
UTP15,red
VAV3,red
VCL,red
VCPIP1,red
VDAC2,red
VENTX,red
VEZF1,red
VGLL4,red
VIM,red
VIPR2,red
VPS13A,red
VPS18,red
VPS26A,red
VPS33A,red
VPS37A,red
VPS37C,red
VPS37D,red
VPS41,red
VPS4B,red
VPS53,red
VPS72,red
VRK3,red
VTA1,red
VTI1B,red
VWC2L,red
WAPAL,red
WBP1,red
WBP4,red
WDFY2,red
WDR11,red
WDR19,red
WDR27,red
WDR46,red
WDR5B,red
WDR6,red
WDR65,red
WDR81,red
WDR90,red
WDR93,red
WDYHV1,red
WHSC1L1,red
WIPI1,red
WIT1,red
WNT3A,red
WNT6,red
WRB,red
WSB1,red
XPO1,red
XPO4,red
XPO5,red
XPO7,red
XRCC1,red
XRCC5,red
XRN1,red
YEATS4,red
YIPF1,red
YME1L1,red
YPEL1,red
YTHDC1,red
YTHDF2,red
YWHAH,red
YWHAQ,red
ZBBX,red
ZBED4,red
ZBED5,red
ZBTB12,red
ZBTB24,red
ZBTB44,red
ZBTB9,red
ZCCHC3,red
ZDHHC12,red
ZDHHC13,red
ZDHHC16,red
ZEB1,red
ZEB2,red
ZFHX4,red
ZFP28,red
ZFP36L2,red
ZFP37,red
ZFP82,red
ZFP91,red
ZFPL1,red
ZFPM1,red
ZFYVE1,red
ZFYVE9,red
ZMAT2,red
ZNF10,red
ZNF132,red
ZNF133,red
ZNF140,red
ZNF17,red
ZNF197,red
ZNF2,red
ZNF20,red
ZNF221,red
ZNF225,red
ZNF226,red
ZNF227,red
ZNF230,red
ZNF25,red
ZNF256,red
ZNF26,red
ZNF281,red
ZNF285A,red
ZNF323,red
ZNF331,red
ZNF33B,red
ZNF346,red
ZNF347,red
ZNF35,red
ZNF408,red
ZNF418,red
ZNF425,red
ZNF471,red
ZNF513,red
ZNF540,red
ZNF543,red
ZNF544,red
ZNF554,red
ZNF564,red
ZNF57,red
ZNF585A,red
ZNF608,red
ZNF610,red
ZNF615,red
ZNF616,red
ZNF619,red
ZNF625,red
ZNF655,red
ZNF672,red
ZNF680,red
ZNF687,red
ZNF692,red
ZNF702P,red
ZNF703,red
ZNF704,red
ZNF718,red
ZNF768,red
ZNF780A,red
ZNF782,red
ZNF791,red
ZNF793,red
ZNF799,red
ZNF827,red
ZNF828,red
ZNF829,red
ZNF845,red
ZNF846,red
ZNF880,red
ZRANB2,red
ZSCAN1,red
ZXDC,red
A2BP1,salmon
AADAC,salmon
ABCA13,salmon
ABCA2,salmon
ABCA4,salmon
ABCA8,salmon
ABCA9,salmon
ABCB4,salmon
ABHD6,salmon
ABL1,salmon
ABLIM2,salmon
ACAT2,salmon
ACBD4,salmon
ACOT11,salmon
ACOX3,salmon
ACPL2,salmon
ACTG1,salmon
ACTN3,salmon
ACVR1B,salmon
ADAD1,salmon
ADAD2,salmon
ADAM12,salmon
ADAMTS12,salmon
ADAMTS16,salmon
ADAMTS17,salmon
ADAMTS18,salmon
ADAMTS2,salmon
ADAMTS7,salmon
ADAMTSL1,salmon
ADAP2,salmon
ADARB2,salmon
ADC,salmon
ADCK5,salmon
ADHFE1,salmon
ADIPOR2,salmon
ADORA3,salmon
ADSS,salmon
AGAP1,salmon
AGBL1,salmon
AGBL2,salmon
AGPAT6,salmon
AGT,salmon
AGTRAP,salmon
AHNAK,salmon
AHRR,salmon
AIM1,salmon
AIM2,salmon
AKAP1,salmon
AKAP13,salmon
ALCAM,salmon
ALDH1A2,salmon
ALDH1A3,salmon
ALLC,salmon
ALOX5,salmon
ALPK1,salmon
ALPK2,salmon
ALPPL2,salmon
ANAPC13,salmon
ANGPTL2,salmon
ANGPTL4,salmon
ANK1,salmon
ANK2,salmon
ANKH,salmon
ANKRD11,salmon
ANKRD2,salmon
ANKRD36BL1,salmon
ANKRD53,salmon
ANKRD56,salmon
ANO1,salmon
ANO9,salmon
ANTXR1,salmon
ANXA5,salmon
AP2A2,salmon
AP3B1,salmon
APBB2,salmon
APOL3,salmon
APOL6,salmon
APOLD1,salmon
AQP1,salmon
AQP5,salmon
ARAP3,salmon
ARFGEF1,salmon
ARHGAP10,salmon
ARHGAP18,salmon
ARHGAP22,salmon
ARHGAP25,salmon
ARHGEF10,salmon
ARHGEF18,salmon
ARHGEF3,salmon
ARHGEF7,salmon
ARID1A,salmon
ARPP-21,salmon
ARSA,salmon
ART3,salmon
ARVCF,salmon
ASAP1,salmon
ASB15,salmon
ASCL2,salmon
ASPA,salmon
ASPRV1,salmon
ATF7,salmon
ATHL1,salmon
ATOH8,salmon
ATP10A,salmon
ATP11A,salmon
ATP1A4,salmon
ATP2B4,salmon
ATP2C2,salmon
ATP6V0E1,salmon
ATP8B1,salmon
ATPAF2,salmon
ATXN1,salmon
AVP,salmon
AXL,salmon
B2M,salmon
B3GNT3,salmon
B4GALNT4,salmon
B9D2,salmon
BACE2,salmon
BACH2,salmon
BANP,salmon
BAT2,salmon
BAT3,salmon
BAZ1A,salmon
BAZ1B,salmon
BBX,salmon
BCAT1,salmon
BCAT2,salmon
BDKRB1,salmon
BEND7,salmon
BFSP1,salmon
BHLHE41,salmon
BIN1,salmon
BLK,salmon
BMPER,salmon
BMPR1B,salmon
BOLA3,salmon
BPGM,salmon
BRD3,salmon
BRF1,salmon
BTBD11,salmon
BTBD3,salmon
BTNL2,salmon
C10ORF11,salmon
C10ORF26,salmon
C10ORF90,salmon
C11ORF24,salmon
C11ORF34,salmon
C11ORF35,salmon
C11ORF9,salmon
C13ORF31,salmon
C14ORF143,salmon
C14ORF159,salmon
C14ORF180,salmon
C14ORF64,salmon
C14ORF79,salmon
C15ORF26,salmon
C15ORF33,salmon
C15ORF52,salmon
C15ORF54,salmon
C16ORF35,salmon
C17ORF44,salmon
C17ORF54,salmon
C17ORF57,salmon
C17ORF63,salmon
C17ORF98,salmon
C19ORF38,salmon
C19ORF63,salmon
C1GALT1,salmon
C1ORF125,salmon
C1ORF192,salmon
C1ORF198,salmon
C1ORF212,salmon
C1ORF95,salmon
C1ORF97,salmon
C20ORF117,salmon
C20ORF94,salmon
C21ORF29,salmon
C21ORF49,salmon
C21ORF56,salmon
C21ORF91,salmon
C22ORF39,salmon
C2ORF27A,salmon
C2ORF58,salmon
C2ORF70,salmon
C2ORF74,salmon
C3ORF26,salmon
C3ORF32,salmon
C3P1,salmon
C4ORF33,salmon
C5ORF35,salmon
C5ORF42,salmon
C6ORF138,salmon
C6ORF142,salmon
C6ORF150,salmon
C6ORF162,salmon
C6ORF208,salmon
C7,salmon
C7ORF31,salmon
C7ORF34,salmon
C7ORF50,salmon
C7ORF51,salmon
C7ORF53,salmon
C8ORF22,salmon
C8ORF47,salmon
C9ORF171,salmon
C9ORF3,salmon
CA14,salmon
CA6,salmon
CA8,salmon
CAB39L,salmon
CABC1,salmon
CABP2,salmon
CACNB2,salmon
CACNG8,salmon
CADM1,salmon
CADPS2,salmon
CALD1,salmon
CAMK2D,salmon
CAMKV,salmon
CAMTA1,salmon
CAPZB,salmon
CARD10,salmon
CARD11,salmon
CARD14,salmon
CASC1,salmon
CASQ2,salmon
CASR,salmon
CASZ1,salmon
CAT,salmon
CAV1,salmon
CAV2,salmon
CBFA2T2,salmon
CBFA2T3,salmon
CBLN3,salmon
CBS,salmon
CCDC147,salmon
CCDC149,salmon
CCDC153,salmon
CCDC27,salmon
CCDC38,salmon
CCDC55,salmon
CCDC60,salmon
CCDC80,salmon
CCKBR,salmon
CCL2,salmon
CCR1,salmon
CD2,salmon
CD44,salmon
CD48,salmon
CD55,salmon
CD6,salmon
CD84,salmon
CD8A,salmon
CD9,salmon
CD96,salmon
CDC42BPG,salmon
CDH11,salmon
CDH13,salmon
CDH22,salmon
CDK2,salmon
CDK2AP1,salmon
CDK6,salmon
CDKN1B,salmon
CELA1,salmon
CEP135,salmon
CFLAR,salmon
CGGBP1,salmon
CGNL1,salmon
CHCHD6,salmon
CHD1L,salmon
CHD7,salmon
CHMP2B,salmon
CHN2,salmon
CHRM2,salmon
CHST3,salmon
CHSY1,salmon
CIDEA,salmon
CKB,salmon
CLASP1,salmon
CLDN11,salmon
CLDN14,salmon
CLDN18,salmon
CLEC3A,salmon
CLEC9A,salmon
CLIC1,salmon
CLN8,salmon
CLU,salmon
CLYBL,salmon
CMTM3,salmon
CNGA3,salmon
CNKSR3,salmon
CNTN2,salmon
CNTNAP2,salmon
CNTNAP4,salmon
CNTNAP5,salmon
COBL,salmon
COL13A1,salmon
COL15A1,salmon
COL16A1,salmon
COL17A1,salmon
COL18A1,salmon
COL21A1,salmon
COL23A1,salmon
COL25A1,salmon
COL5A1,salmon
COL5A2,salmon
COL6A1,salmon
COLQ,salmon
COPB1,salmon
CORO1B,salmon
COX7A2,salmon
CPA5,salmon
CPNE7,salmon
CPSF4L,salmon
CPVL,salmon
CRADD,salmon
CREB3L2,salmon
CRLF1,salmon
CRLF3,salmon
CROT,salmon
CRTAC1,salmon
CRTC3,salmon
CRYBA2,salmon
CRYL1,salmon
CSF2RB,salmon
CSMD3,salmon
CSRNP1,salmon
CTBP2,salmon
CTDSP1,salmon
CTNNA2,salmon
CTNND2,salmon
CTNS,salmon
CTSZ,salmon
CUGBP2,salmon
CUL5,salmon
CXCL16,salmon
CXXC5,salmon
CYB5R3,salmon
CYP2B7P1,salmon
CYP8B1,salmon
CYR61,salmon
CYTH1,salmon
CYTSB,salmon
D2HGDH,salmon
DAAM2,salmon
DACT3,salmon
DAPK1,salmon
DAPK2,salmon
DCAF4,salmon
DCLK2,salmon
DCLRE1B,salmon
DCUN1D2,salmon
DDO,salmon
DDX60L,salmon
DEFB115,salmon
DERL1,salmon
DHDPSL,salmon
DHRS7,salmon
DIDO1,salmon
DIP2A,salmon
DIP2B,salmon
DIP2C,salmon
DIRC2,salmon
DIRC3,salmon
DIXDC1,salmon
DLEC1,salmon
DLG1,salmon
DLG2,salmon
DLGAP1,salmon
DLGAP2,salmon
DLGAP3,salmon
DLGAP4,salmon
DLL3,salmon
DLX5,salmon
DMAP1,salmon
DMKN,salmon
DMPK,salmon
DNAH17,salmon
DNMT3A,salmon
DOCK10,salmon
DOCK2,salmon
DOCK5,salmon
DOK7,salmon
DPEP1,salmon
DPYD,salmon
DPYSL2,salmon
DRD4,salmon
DTHD1,salmon
DUSP10,salmon
DUSP27,salmon
DUSP4,salmon
DUSP6,salmon
DVL1,salmon
DYNC1I1,salmon
DYRK4,salmon
DZIP1L,salmon
E2F3,salmon
EBF3,salmon
EBI3,salmon
ECE1,salmon
EDAR,salmon
EDN2,salmon
EEF2K,salmon
EEPD1,salmon
EFCAB2,salmon
EFCAB4B,salmon
EFHA1,salmon
EFHC1,salmon
EFNB2,salmon
EGFLAM,salmon
EGFR,salmon
EHD1,salmon
EHD2,salmon
EIF4E3,salmon
EIF4G3,salmon
ELL,salmon
ELL2,salmon
ELMO1,salmon
ELOVL1,salmon
ELSPBP1,salmon
EMP1,salmon
EMR2,salmon
EMX2,salmon
ENOSF1,salmon
ENOX1,salmon
ENPP5,salmon
ENPP6,salmon
EP400NL,salmon
EPB41,salmon
EPB41L3,salmon
EPB41L4A,salmon
EPHX1,salmon
EPS15,salmon
EPS8L1,salmon
EPSTI1,salmon
ERAP1,salmon
ERBB2IP,salmon
ERC1,salmon
ERC2,salmon
ERCC6,salmon
ERMN,salmon
ERN2,salmon
ESPNP,salmon
ESR2,salmon
ESYT3,salmon
ETV5,salmon
EVC,salmon
EVI2A,salmon
EXOC2,salmon
EXOC3,salmon
EZR,salmon
F10,salmon
FABP2,salmon
FAF1,salmon
FAM101A,salmon
FAM107B,salmon
FAM117A,salmon
FAM124B,salmon
FAM13A,salmon
FAM13C,salmon
FAM163A,salmon
FAM176A,salmon
FAM190B,salmon
FAM19A3,salmon
FAM24B,salmon
FAM43B,salmon
FAM49A,salmon
FAM53A,salmon
FAM55C,salmon
FAM63A,salmon
FAM71E2,salmon
FANCC,salmon
FAR1,salmon
FARP2,salmon
FBRSL1,salmon
FBXO18,salmon
FBXO25,salmon
FBXO30,salmon
FBXW11,salmon
FBXW8,salmon
FCAR,salmon
FCHSD1,salmon
FCRL1,salmon
FER1L6,salmon
FERMT2,salmon
FEZ1,salmon
FEZ2,salmon
FGF7,salmon
FGFR2,salmon
FGFRL1,salmon
FGR,salmon
FILIP1,salmon
FKBP5,salmon
FKBP6,salmon
FLJ22536,salmon
FLJ35776,salmon
FLJ39609,salmon
FLJ43860,salmon
FLNB,salmon
FLNC,salmon
FLOT1,salmon
FLOT2,salmon
FLT1,salmon
FLVCR2,salmon
FNBP1,salmon
FNDC3B,salmon
FNDC4,salmon
FOLR3,salmon
FOXA3,salmon
FOXI1,salmon
FOXI2,salmon
FOXJ3,salmon
FOXK2,salmon
FOXN2,salmon
FOXP1,salmon
FRMD4A,salmon
FRMD4B,salmon
FRMD5,salmon
FSIP1,salmon
FST,salmon
FSTL4,salmon
FTO,salmon
FTSJD2,salmon
FUCA1,salmon
FUT2,salmon
FUT8,salmon
FXYD2,salmon
FYCO1,salmon
FZD7,salmon
G6PC,salmon
GAB1,salmon
GABPB2,salmon
GADD45G,salmon
GADL1,salmon
GALNT5,salmon
GALNT6,salmon
GALNTL2,salmon
GALR1,salmon
GATA4,salmon
GATM,salmon
GFOD1,salmon
GHR,salmon
GHRL,salmon
GJB7,salmon
GLDN,salmon
GLIPR1L1,salmon
GLIS1,salmon
GLS2,salmon
GLT25D2,salmon
GLT8D2,salmon
GLTSCR1,salmon
GLYAT,salmon
GMDS,salmon
GNAI1,salmon
GNMT,salmon
GNRHR,salmon
GP6,salmon
GPER,salmon
GPLD1,salmon
GPR110,salmon
GPR111,salmon
GPR124,salmon
GPR128,salmon
GPR133,salmon
GPR153,salmon
GPR39,salmon
GPR63,salmon
GPRC5B,salmon
GPRC5C,salmon
GRAMD2,salmon
GRB7,salmon
GRID1,salmon
GRID2,salmon
GRID2IP,salmon
GRIK4,salmon
GRK5,salmon
GRM4,salmon
GRM5,salmon
GSG1,salmon
GTF2IRD1,salmon
GXYLT2,salmon
H1F0,salmon
HAAO,salmon
HCCA2,salmon
HCG27,salmon
HDAC4,salmon
HDAC5,salmon
HDAC9,salmon
HDHD2,salmon
HDLBP,salmon
HECW2,salmon
HES5,salmon
HHAT,salmon
HIBCH,salmon
HIC1,salmon
HIVEP3,salmon
HK1,salmon
HLA-DMA,salmon
HLA-DOA,salmon
HLA-DPA1,salmon
HLA-F,salmon
HMGB1L1,salmon
HNRNPA3P1,salmon
HOOK2,salmon
HOXB3,salmon
HOXB7,salmon
HPCAL4,salmon
HPN,salmon
HRK,salmon
HRNBP3,salmon
HSD11B1,salmon
HSPA1B,salmon
HSPB2,salmon
HSPB8,salmon
HSPG2,salmon
HTA,salmon
ICA1,salmon
IDO2,salmon
IFFO2,salmon
IFI44L,salmon
IFIT2,salmon
IFIT3,salmon
IGDCC4,salmon
IGF1R,salmon
IGF2BP2,salmon
IGFBP4,salmon
IGSF22,salmon
IL10RB,salmon
IL15RA,salmon
IL17B,salmon
IL1RL2,salmon
IL21R,salmon
INPP5A,salmon
INPP5B,salmon
INPP5D,salmon
INSIG1,salmon
IQCG,salmon
IQCH,salmon
IQGAP2,salmon
IQSEC1,salmon
IRF1,salmon
IRF7,salmon
IRX6,salmon
ITFG2,salmon
ITGA2,salmon
ITGAM,salmon
ITGB2,salmon
ITGB4,salmon
ITGB5,salmon
ITGB6,salmon
ITIH3,salmon
ITPR1,salmon
ITPR3,salmon
ITPRIPL1,salmon
JAM3,salmon
JARID2,salmon
KANK3,salmon
KANK4,salmon
KAT2B,salmon
KATNAL1,salmon
KATNAL2,salmon
KCNG1,salmon
KCNJ1,salmon
KCNJ14,salmon
KCNJ2,salmon
KCNK3,salmon
KCNMA1,salmon
KCNMB1,salmon
KCNN1,salmon
KCNQ1,salmon
KCTD10,salmon
KIAA0101,salmon
KIAA0146,salmon
KIAA0247,salmon
KIAA0317,salmon
KIAA0319,salmon
KIAA0319L,salmon
KIAA0430,salmon
KIAA0564,salmon
KIAA0586,salmon
KIAA0922,salmon
KIAA1026,salmon
KIAA1217,salmon
KIAA1324L,salmon
KIAA1755,salmon
KIF25,salmon
KIF26B,salmon
KIF6,salmon
KIF9,salmon
KIRREL3,salmon
KLF7,salmon
KLHL22,salmon
KLK10,salmon
KLRF1,salmon
KNDC1,salmon
KNG1,salmon
KRBA2,salmon
KRT15,salmon
KRT36,salmon
LASS3,salmon
LCE2A,salmon
LCLAT1,salmon
LDB2,salmon
LDB3,salmon
LGALS1,salmon
LGALS3,salmon
LGI2,salmon
LGR4,salmon
LGR5,salmon
LHPP,salmon
LHX5,salmon
LHX9,salmon
LIMA1,salmon
LIMD1,salmon
LINGO2,salmon
LIPA,salmon
LIPE,salmon
LITAF,salmon
LMF1,salmon
LMNA,salmon
LOC100129066,salmon
LOC100130691,salmon
LOC100133308,salmon
LOC100133669,salmon
LOC100216001,salmon
LOC100271832,salmon
LOC100288797,salmon
LOC100292680,salmon
LOC115110,salmon
LOC145845,salmon
LOC146336,salmon
LOC150197,salmon
LOC150381,salmon
LOC150568,salmon
LOC150622,salmon
LOC151534,salmon
LOC255025,salmon
LOC283999,salmon
LOC284632,salmon
LOC285205,salmon
LOC285768,salmon
LOC389332,salmon
LOC399959,salmon
LOC400794,salmon
LOC401463,salmon
LOC407835,salmon
LOC440461,salmon
LOC619207,salmon
LOC642597,salmon
LOC644145,salmon
LOC645638,salmon
LOC728723,salmon
LOC729020,salmon
LOC729467,salmon
LOC730755,salmon
LOC90246,salmon
LOH12CR1,salmon
LPA,salmon
LPAR3,salmon
LPCAT1,salmon
LPCAT2,salmon
LPL,salmon
LRIG1,salmon
LRMP,salmon
LRP11,salmon
LTA,salmon
LTBP1,salmon
LTBP3,salmon
LTBP4,salmon
LY6G5C,salmon
LZTS2,salmon
MACROD1,salmon
MAD1L1,salmon
MAD2L2,salmon
MAEA,salmon
MAG,salmon
MAGI2,salmon
MAMDC2,salmon
MAML2,salmon
MAN2A1,salmon
MAP2K4,salmon
MAP2K5,salmon
MAP4K4,salmon
MAP7,salmon
MAPT,salmon
MAR-08,salmon
MASP1,salmon
MAST4,salmon
MATK,salmon
MBNL2,salmon
MCF2L,salmon
MCOLN2,salmon
MDC1,salmon
MDGA1,salmon
MDGA2,salmon
MED12L,salmon
MED25,salmon
MED4,salmon
MEFV,salmon
MEGF10,salmon
MEIS1,salmon
METTL7A,salmon
MFAP2,salmon
MFSD6,salmon
MGC26597,salmon
MGMT,salmon
MGRN1,salmon
MGST2,salmon
MIR155HG,salmon
MIR375,salmon
MIR802,salmon
MITF,salmon
MLH1,salmon
MLPH,salmon
MOBKL2C,salmon
MOBP,salmon
MOG,salmon
MON2,salmon
MORN1,salmon
MPDZ,salmon
MRGPRG,salmon
MS4A4A,salmon
MSH5,salmon
MT1E,salmon
MT1F,salmon
MT1X,salmon
MTHFD1L,salmon
MTHFS,salmon
MTMR12,salmon
MTMR9,salmon
MTMR9L,salmon
MTUS1,salmon
MUCL1,salmon
MUTED,salmon
MXI1,salmon
MYADM,salmon
MYBPC2,salmon
MYD88,salmon
MYH10,salmon
MYLK,salmon
MYO15A,salmon
MYO18A,salmon
MYO1D,salmon
MYO1E,salmon
MYO1H,salmon
MYO3B,salmon
MYOD1,salmon
MYOM2,salmon
NAAA,salmon
NARG2,salmon
NARS2,salmon
NCF2,salmon
NCOA7,salmon
NCOR2,salmon
NDRG1,salmon
NEAT1,salmon
NEDD9,salmon
NEK7,salmon
NFATC3,salmon
NFATC4,salmon
NFE2L2,salmon
NFIA,salmon
NHEDC1,salmon
NHSL1,salmon
NINJ2,salmon
NIPAL3,salmon
NLGN1,salmon
NLRP2,salmon
NME2,salmon
NMNAT2,salmon
NMS,salmon
NODAL,salmon
NOS1AP,salmon
NPTX2,salmon
NR2E1,salmon
NR2F2,salmon
NR3C1,salmon
NRXN1,salmon
NSMCE2,salmon
NT5C2,salmon
NTF3,salmon
NTN1,salmon
NTN3,salmon
NUDT16,salmon
NUDT4,salmon
NUMBL,salmon
NUP85,salmon
NUSAP1,salmon
NXN,salmon
OAS3,salmon
OASL,salmon
OBSCN,salmon
OCA2,salmon
ODZ2,salmon
ODZ4,salmon
OLIG1,salmon
OPCML,salmon
OR10AD1,salmon
OR10X1,salmon
OR1D2,salmon
OR2AK2,salmon
OR2L8,salmon
OR4A16,salmon
OR4X1,salmon
OR52B4,salmon
OR52H1,salmon
OR7D2,salmon
OR8U8,salmon
OTOA,salmon
OTX2OS1,salmon
OVOL2,salmon
PACRG,salmon
PACS2,salmon
PADI1,salmon
PADI6,salmon
PAG1,salmon
PALLD,salmon
PANK4,salmon
PAOX,salmon
PARD3,salmon
PARK2,salmon
PARP12,salmon
PARP14,salmon
PARP9,salmon
PAX3,salmon
PAX6,salmon
PBX1,salmon
PCDH17,salmon
PCDH24,salmon
PCDH9,salmon
PCDHA2,salmon
PCK1,salmon
PDE1A,salmon
PDE3A,salmon
PDE6A,salmon
PDE8A,salmon
PDGFRA,salmon
PDGFRB,salmon
PDGFRL,salmon
PDK4,salmon
PDLIM1,salmon
PDPN,salmon
PDZD7,salmon
PELP1,salmon
PF4,salmon
PFKL,salmon
PGCP,salmon
PGS1,salmon
PHACTR1,salmon
PHGR1,salmon
PHKG1,salmon
PHLDB1,salmon
PHOX2A,salmon
PIGZ,salmon
PION,salmon
PIP4K2A,salmon
PITPNB,salmon
PIWIL2,salmon
PKD1L1,salmon
PKD1L2,salmon
PKD2L2,salmon
PLA2G4A,salmon
PLA2G6,salmon
PLA2R1,salmon
PLCG2,salmon
PLCL1,salmon
PLCXD3,salmon
PLEC1,salmon
PLEK,salmon
PLEKHA2,salmon
PLEKHH1,salmon
PLEKHH2,salmon
PLEKHO2,salmon
PLLP,salmon
PLXNB1,salmon
PMEPA1,salmon
PML,salmon
PMP22,salmon
PODXL,salmon
POLR3K,salmon
PPAN-P2RY11,salmon
PPAP2C,salmon
PPARG,salmon
PPFIA3,salmon
PPFIBP2,salmon
PPP1R12C,salmon
PPP1R13B,salmon
PPP1R3B,salmon
PPP1R8,salmon
PPP1R9A,salmon
PPP2R5C,salmon
PRAME,salmon
PRDM11,salmon
PRDM16,salmon
PRDM7,salmon
PRKAG2,salmon
PRKCD,salmon
PRKCE,salmon
PRKCH,salmon
PRKD2,salmon
PROC,salmon
PROKR1,salmon
PROL1,salmon
PRR24,salmon
PRR4,salmon
PRR5L,salmon
PRSS22,salmon
PRSS23,salmon
PSMA1,salmon
PSMB9,salmon
PSME4,salmon
PTEN,salmon
PTK2,salmon
PTK2B,salmon
PTPN13,salmon
PTPRC,salmon
PTPRN2,salmon
PTPRS,salmon
PTS,salmon
PXDN,salmon
PXT1,salmon
PYROXD2,salmon
QKI,salmon
RAB11FIP3,salmon
RAB34,salmon
RAB37,salmon
RAB4B,salmon
RAET1K,salmon
RALGPS1,salmon
RANBP17,salmon
RARS,salmon
RASA1,salmon
RASA3,salmon
RASGEF1C,salmon
RASL10A,salmon
RASSF8,salmon
RBM33,salmon
RBM47,salmon
RBMS3,salmon
RBP1,salmon
RBPMS,salmon
RDH10,salmon
RECQL5,salmon
RESP18,salmon
REST,salmon
REV3L,salmon
RFFL,salmon
RFX4,salmon
RGS12,salmon
RGS17,salmon
RGS6,salmon
RHOBTB3,salmon
RHOG,salmon
RIMBP2,salmon
RIMS1,salmon
RIMS2,salmon
RIPK3,salmon
RLN3,salmon
RNASE4,salmon
RNF170,salmon
RNF220,salmon
ROBO1,salmon
ROR1,salmon
ROR2,salmon
RORA,salmon
RP1L1,salmon
RPAP2,salmon
RPH3AL,salmon
RPL17,salmon
RPL22,salmon
RPL23AP53,salmon
RPS6KA2,salmon
RSAD2,salmon
RTBDN,salmon
RTN1,salmon
RTP2,salmon
RTP4,salmon
RYBP,salmon
RYR3,salmon
S100P,salmon
SAMD12,salmon
SAMD13,salmon
SAMD4A,salmon
SAMD9,salmon
SCARA5,salmon
SCGB3A1,salmon
SCGBL,salmon
SCHIP1,salmon
SCLT1,salmon
SCLY,salmon
SCNN1A,salmon
SCRN1,salmon
SDCCAG8,salmon
SDK1,salmon
SDR42E1,salmon
SEL1L2,salmon
SELENBP1,salmon
SEMA3B,salmon
SEMA4D,salmon
SEMA5B,salmon
SEMA6A,salmon
SEP-09,salmon
SEPP1,salmon
SERPINA5,salmon
SERPINE1,salmon
SERPINH1,salmon
SF3A3,salmon
SFMBT1,salmon
SFRP1,salmon
SFRP4,salmon
SFRS2IP,salmon
SFT2D1,salmon
SGK3,salmon
SH2D4A,salmon
SH3BP4,salmon
SH3D19,salmon
SH3GL3,salmon
SH3PXD2A,salmon
SH3RF1,salmon
SHISA7,salmon
SHOC2,salmon
SIGIRR,salmon
SIM2,salmon
SIPA1,salmon
SKA2,salmon
SKIV2L,salmon
SLC10A6,salmon
SLC13A3,salmon
SLC13A4,salmon
SLC14A1,salmon
SLC1A3,salmon
SLC22A18AS,salmon
SLC22A2,salmon
SLC22A5,salmon
SLC25A13,salmon
SLC25A21,salmon
SLC25A45,salmon
SLC26A11,salmon
SLC26A7,salmon
SLC26A9,salmon
SLC2A3,salmon
SLC2A5,salmon
SLC30A4,salmon
SLC35D2,salmon
SLC43A3,salmon
SLC44A3,salmon
SLC44A4,salmon
SLC45A3,salmon
SLC5A11,salmon
SLC5A9,salmon
SLC6A5,salmon
SLC9A3R1,salmon
SLFN12,salmon
SLFN5,salmon
SLITRK5,salmon
SLK,salmon
SLMO1,salmon
SLMO2,salmon
SMAD3,salmon
SMAD7,salmon
SMAP1,salmon
SMC4,salmon
SMOC2,salmon
SMURF1,salmon
SNCAIP,salmon
SNED1,salmon
SNHG11,salmon
SNHG4,salmon
SNORA15,salmon
SNORD114-22,salmon
SNORD116-11,salmon
SNORD123,salmon
SNRPN,salmon
SNTB1,salmon
SNX24,salmon
SNX8,salmon
SOBP,salmon
SOCS1,salmon
SOD3,salmon
SORCS2,salmon
SORD,salmon
SOX2OT,salmon
SP6,salmon
SPATA13,salmon
SPATA5,salmon
SPNS2,salmon
SPR,salmon
SPSB1,salmon
SPSB4,salmon
SRCIN1,salmon
SRGAP2,salmon
SRL,salmon
SRRM4,salmon
SSBP2,salmon
SSBP3,salmon
SSH2,salmon
ST6GAL1,salmon
ST8SIA6,salmon
STAC,salmon
STARD13,salmon
STAT5A,salmon
STAT6,salmon
STC1,salmon
STEAP4,salmon
STIM2,salmon
STK10,salmon
STK19,salmon
STK24,salmon
STK32C,salmon
STK39,salmon
STK40,salmon
STRN,salmon
SUFU,salmon
SULT1C4,salmon
SULT6B1,salmon
SVIL,salmon
SYNE2,salmon
SYNJ2,salmon
SYNPO,salmon
SYNPR,salmon
SYT11,salmon
SYT12,salmon
SYT7,salmon
TAF2,salmon
TAF4B,salmon
TANC1,salmon
TAP1,salmon
TAPBPL,salmon
TARSL2,salmon
TAS2R14,salmon
TBC1D1,salmon
TBC1D16,salmon
TBCD,salmon
TBCE,salmon
TBX1,salmon
TBX19,salmon
TCF12,salmon
TCF19,salmon
TCF7L1,salmon
TCL6,salmon
TCN2,salmon
TDH,salmon
TECPR2,salmon
TEKT3,salmon
TESSP1,salmon
TET1,salmon
TET3,salmon
TEX14,salmon
TEX2,salmon
TF,salmon
TFAP2D,salmon
TFB1M,salmon
TFPI,salmon
TGFB3,salmon
TGFBR2,salmon
THSD7A,salmon
TIMELESS,salmon
TIMP2,salmon
TJP3,salmon
TLR3,salmon
TMBIM1,salmon
TMC3,salmon
TMC6,salmon
TMC8,salmon
TMCC3,salmon
TMCO7,salmon
TMEM102,salmon
TMEM127,salmon
TMEM131,salmon
TMEM132D,salmon
TMEM132E,salmon
TMEM139,salmon
TMEM140,salmon
TMEM159,salmon
TMEM184A,salmon
TMEM199,salmon
TMEM48,salmon
TMEM53,salmon
TMEM64,salmon
TMEM90A,salmon
TMTC4,salmon
TNFAIP3,salmon
TNFRSF12A,salmon
TNFRSF1A,salmon
TNFRSF25,salmon
TNFRSF8,salmon
TNFSF8,salmon
TNIP3,salmon
TNNT3,salmon
TNXB,salmon
TP73,salmon
TPD52,salmon
TPO,salmon
TPRG1,salmon
TRAF1,salmon
TRAF3,salmon
TRAK1,salmon
TRAK2,salmon
TRAPPC9,salmon
TRERF1,salmon
TRHDE,salmon
TRIM10,salmon
TRIM15,salmon
TRIM2,salmon
TRIM26,salmon
TRIM35,salmon
TRIM40,salmon
TRIM5,salmon
TRIM59,salmon
TRIM6,salmon
TRIM6-TRIM34,salmon
TRIM65,salmon
TRIP12,salmon
TRPC2,salmon
TRPM7,salmon
TRPV3,salmon
TSLP,salmon
TSPAN9,salmon
TTC12,salmon
TTC15,salmon
TTC3,salmon
TTF2,salmon
TTLL11,salmon
TTLL5,salmon
TTLL7,salmon
TUBA1C,salmon
TULP4,salmon
TXNDC8,salmon
TYW3,salmon
UAP1L1,salmon
UBD,salmon
UBE2E1,salmon
UBE2E2,salmon
UBE2E3,salmon
UBE2F,salmon
UBE2Z,salmon
UBE4B,salmon
UBN1,salmon
UFD1L,salmon
UGGT1,salmon
UGT3A2,salmon
UGT8,salmon
UHRF1,salmon
UNC13C,salmon
UNC5C,salmon
USH1G,salmon
USP10,salmon
USP3,salmon
USP48,salmon
USP54,salmon
UVRAG,salmon
VAMP4,salmon
VANGL2,salmon
VAX1,salmon
VIM,salmon
VIP,salmon
VRK2,salmon
VSX1,salmon
VWA5A,salmon
WDFY2,salmon
WDR20,salmon
WDR25,salmon
WDR27,salmon
WDR43,salmon
WDR66,salmon
WDR69,salmon
WDSUB1,salmon
WFIKKN2,salmon
WIPF1,salmon
WISP1,salmon
WISP2,salmon
WNK2,salmon
WNT4,salmon
WNT5B,salmon
WNT9A,salmon
WNT9B,salmon
WWC2,salmon
XKR6,salmon
YSK4,salmon
YY1,salmon
ZAK,salmon
ZBBX,salmon
ZBTB20,salmon
ZBTB4,salmon
ZC3H18,salmon
ZDHHC14,salmon
ZEB2,salmon
ZFAT,salmon
ZFHX3,salmon
ZFP36L2,salmon
ZFPM1,salmon
ZHX2,salmon
ZIC4,salmon
ZMYND11,salmon
ZNF14,salmon
ZNF20,salmon
ZNF217,salmon
ZNF222,salmon
ZNF311,salmon
ZNF389,salmon
ZNF417,salmon
ZNF540,salmon
ZNF577,salmon
ZNF608,salmon
ZNF611,salmon
ZNF662,salmon
ZNF704,salmon
ZNF713,salmon
ZNF773,salmon
ZNF788,salmon
ZNF827,salmon
ZNF833,salmon
ZNF844,salmon
ZPBP,salmon
ZPBP2,salmon
ZPLD1,salmon
ZSCAN10,salmon
A2BP1,tan
AACS,tan
AARS,tan
AATF,tan
AATK,tan
ABCA13,tan
ABCA4,tan
ABCC5,tan
ABHD10,tan
ABHD2,tan
ABHD5,tan
ABLIM1,tan
ABLIM3,tan
ABR,tan
ABRA,tan
ABTB1,tan
ACAP3,tan
ACCN3,tan
ACRBP,tan
ACSL6,tan
ACTR3B,tan
ADAM19,tan
ADAMTS17,tan
ADAMTS5,tan
ADAR,tan
ADARB2,tan
ADCK1,tan
ADCK2,tan
ADCY3,tan
ADRBK1,tan
AES,tan
AFAP1,tan
AFF3,tan
AGPAT3,tan
AGT,tan
AJAP1,tan
AK3L1,tan
AKAP5,tan
AKAP8L,tan
ALDH1L2,tan
ALDH5A1,tan
ALDOA,tan
ALS2,tan
AMPD2,tan
ANK1,tan
ANK2,tan
ANKLE2,tan
ANKRD11,tan
ANKRD34A,tan
ANKS1B,tan
ANO4,tan
AOAH,tan
AOX2P,tan
AP1S3,tan
AP2A2,tan
AP2B1,tan
AP3B2,tan
AP3M2,tan
APBA1,tan
APBA2,tan
APLP2,tan
APOBEC4,tan
ARHGAP12,tan
ARHGAP26,tan
ARHGEF10,tan
ARHGEF12,tan
ARHGEF3,tan
ARHGEF7,tan
ARMC9,tan
ARPP-21,tan
ARVCF,tan
AS3MT,tan
ASPHD2,tan
ASPSCR1,tan
ASTN2,tan
ATAD2,tan
ATF6,tan
ATG4B,tan
ATG4C,tan
ATM,tan
ATP11A,tan
ATP1A1,tan
ATP2A2,tan
ATP2B2,tan
ATP5S,tan
ATP6V0E2,tan
ATXN7L1,tan
AUTS2,tan
AXIN1,tan
AXIN2,tan
B3GALT4,tan
B3GAT3,tan
B3GNT4,tan
BAALC,tan
BACH2,tan
BAHCC1,tan
BAHD1,tan
BAIAP2,tan
BANP,tan
BAT2L1,tan
BAZ1B,tan
BCAR3,tan
BCR,tan
BDH1,tan
BEND6,tan
BICD1,tan
BLCAP,tan
BLOC1S1,tan
BMPER,tan
BNIP3L,tan
BRD1,tan
BRD2,tan
BRF1,tan
BRSK2,tan
BRUNOL4,tan
BSN,tan
BTBD10,tan
BTBD6,tan
BTBD9,tan
C10ORF110,tan
C10ORF118,tan
C10ORF140,tan
C11ORF75,tan
C11ORF95,tan
C12ORF51,tan
C14ORF132,tan
C14ORF162,tan
C15ORF27,tan
C16ORF45,tan
C17ORF73,tan
C17ORF85,tan
C18ORF1,tan
C19ORF40,tan
C1ORF173,tan
C1ORF203,tan
C1ORF21,tan
C1ORF220,tan
C1ORF70,tan
C1ORF88,tan
C1ORF92,tan
C20ORF112,tan
C21ORF2,tan
C21ORF56,tan
C21ORF57,tan
C21ORF70,tan
C2ORF3,tan
C2ORF63,tan
C3,tan
C3ORF17,tan
C3ORF33,tan
C3ORF37,tan
C3ORF57,tan
C3ORF59,tan
C3ORF62,tan
C3ORF64,tan
C4ORF37,tan
C5ORF13,tan
C5ORF45,tan
C6ORF10,tan
C6ORF106,tan
C6ORF114,tan
C6ORF155,tan
C6ORF174,tan
C6ORF204,tan
C7ORF20,tan
C7ORF50,tan
C8ORF42,tan
C8ORF56,tan
C8ORF71,tan
C9ORF41,tan
C9ORF86,tan
CA10,tan
CACNA1A,tan
CACNA1C,tan
CACNA1E,tan
CACNA1G,tan
CACNA2D1,tan
CACNB2,tan
CACNB3,tan
CACNG2,tan
CADM3,tan
CADPS,tan
CADPS2,tan
CALD1,tan
CAMK1D,tan
CAMK2B,tan
CAMSAP1L1,tan
CAMTA1,tan
CAMTA2,tan
CAPN1,tan
CARD10,tan
CARHSP1,tan
CARS2,tan
CASP2,tan
CBFA2T3,tan
CC2D2A,tan
CCDC127,tan
CCDC163P,tan
CCDC46,tan
CCND2,tan
CCNJL,tan
CD59,tan
CDC123,tan
CDC42BPB,tan
CDGAP,tan
CDH10,tan
CDH22,tan
CDK18,tan
CDKN2C,tan
CDON,tan
CENPV,tan
CERK,tan
CERKL,tan
CES2,tan
CHAF1B,tan
CHCHD6,tan
CHL1,tan
CHMP1B,tan
CHRD,tan
CHRM3,tan
CHRNB2,tan
CHST8,tan
CKAP4,tan
CLEC14A,tan
CLK3,tan
CLSTN1,tan
CLSTN2,tan
CLVS2,tan
CLYBL,tan
CMBL,tan
CNIH2,tan
CNPY1,tan
CNR1,tan
COG5,tan
COL13A1,tan
COL18A1,tan
COLEC11,tan
COMTD1,tan
COTL1,tan
COX10,tan
CPE,tan
CPLX2,tan
CPNE8,tan
CRADD,tan
CREB3L4,tan
CREBBP,tan
CREBL2,tan
CRISPLD2,tan
CRTAC1,tan
CRYM,tan
CSK,tan
CSNK1D,tan
CSNK1G2,tan
CTBP1,tan
CTBP2,tan
CTNNB1,tan
CUGBP2,tan
CUL7,tan
CUX1,tan
CXXC5,tan
CYFIP2,tan
CYP2D7P1,tan
CYP2U1,tan
CYP51A1,tan
CYTH2,tan
CYTH3,tan
DAAM1,tan
DAB1,tan
DAB2IP,tan
DAG1,tan
DARS,tan
DBN1,tan
DBP,tan
DCTD,tan
DDAH2,tan
DDX25,tan
DEAF1,tan
DEGS2,tan
DGKE,tan
DHDDS,tan
DIP2C,tan
DISP2,tan
DLAT,tan
DLEU1,tan
DLGAP1,tan
DLL3,tan
DMRTA2,tan
DNAJB13,tan
DNAJC17,tan
DNMT3A,tan
DOK7,tan
DPF3,tan
DPH1,tan
DPP10,tan
DPP6,tan
DRD4,tan
DSC2,tan
DTNA,tan
DTX1,tan
DUSP1,tan
DUSP14,tan
DUSP6,tan
DYSF,tan
EBF1,tan
ECE2,tan
EEF1D,tan
EGLN1,tan
EHD1,tan
EHMT2,tan
ELAVL4,tan
ELFN1,tan
ELK4,tan
ELOVL4,tan
ELP4,tan
EMX2OS,tan
EN2,tan
ENGASE,tan
ENOSF1,tan
ENTPD3,tan
EPB41L1,tan
EPHA4,tan
EPHB3,tan
EPHX4,tan
ERC1,tan
ERGIC1,tan
ERGIC2,tan
ERLIN2,tan
ESYT1,tan
EXD3,tan
EXOSC6,tan
EXPH5,tan
EXT1,tan
FAM108A1,tan
FAM108C1,tan
FAM131C,tan
FAM134B,tan
FAM13AOS,tan
FAM155A,tan
FAM160B1,tan
FAM160B2,tan
FAM169A,tan
FAM19A5,tan
FAM20C,tan
FAM57B,tan
FAM5C,tan
FAM92A1,tan
FARP1,tan
FASN,tan
FBLN2,tan
FBRSL1,tan
FBXL21,tan
FBXL4,tan
FBXO2,tan
FBXO31,tan
FBXO44,tan
FEZ1,tan
FGF14,tan
FGFR1,tan
FIBIN,tan
FKBP2,tan
FKBP5,tan
FKBP8,tan
FLCN,tan
FLJ42875,tan
FLJ43390,tan
FLJ90757,tan
FNBP1L,tan
FOXK2,tan
FOXP4,tan
FOXRED2,tan
FREQ,tan
FRMD4A,tan
FUCA1,tan
FUS,tan
FUT11,tan
FUZ,tan
FXYD1,tan
FXYD2,tan
FXYD6,tan
GABBR1,tan
GABRA1,tan
GABRB3,tan
GABRD,tan
GALNT9,tan
GANC,tan
GARS,tan
GAS7,tan
GDPD5,tan
GEMIN4,tan
GFOD2,tan
GFPT1,tan
GGA2,tan
GHRL,tan
GIT2,tan
GJA3,tan
GLIPR1L2,tan
GLRA1,tan
GMPPA,tan
GMPS,tan
GNA12,tan
GNAQ,tan
GNB1,tan
GNB2,tan
GNB5,tan
GNG7,tan
GOLGA3,tan
GOLSYN,tan
GPC5,tan
GPR115,tan
GPR135,tan
GPR148,tan
GPR6,tan
GPR61,tan
GPR75,tan
GPRIN1,tan
GPRIN3,tan
GRAMD1B,tan
GRIA4,tan
GRIK2,tan
GRIK5,tan
GRIN2A,tan
GRLF1,tan
GRM1,tan
GRM2,tan
GSC,tan
GUSB,tan
HAPLN2,tan
HAS3,tan
HCG9,tan
HDAC4,tan
HDDC2,tan
HDLBP,tan
HEATR2,tan
HEPACAM,tan
HFM1,tan
HIST1H3D,tan
HIVEP3,tan
HK3,tan
HLA-H,tan
HLA-J,tan
HLCS,tan
HMOX2,tan
HN1,tan
HOMER2,tan
HORMAD2,tan
HPCAL1,tan
HPCAL4,tan
HPS4,tan
HPS6,tan
HRNBP3,tan
HS3ST1,tan
HS6ST1,tan
HTR2A,tan
HTR3B,tan
ICA1L,tan
ID2,tan
IER3,tan
IFFO2,tan
IFNGR2,tan
IFT122,tan
IFT140,tan
IGF1R,tan
IGFBP5,tan
IGSF9B,tan
IL17D,tan
INO80C,tan
INPP4A,tan
INPP5A,tan
INTU,tan
IP6K1,tan
IQCE,tan
IQSEC3,tan
IRGQ,tan
ISL2,tan
ITGB1BP1,tan
JAKMIP1,tan
JAKMIP2,tan
JARID2,tan
JDP2,tan
JMJD1C,tan
JPH1,tan
JPH3,tan
JPH4,tan
JUN,tan
KANK1,tan
KANK4,tan
KBTBD11,tan
KCNA2,tan
KCNA4,tan
KCNC1,tan
KCND2,tan
KCND3,tan
KCNJ11,tan
KCNJ3,tan
KCNJ6,tan
KCNK1,tan
KCNK12,tan
KCNK3,tan
KCNN2,tan
KCNQ2,tan
KCTD2,tan
KDELC2,tan
KDM2B,tan
KDM4B,tan
KDM6B,tan
KIAA0182,tan
KIAA0513,tan
KIAA0802,tan
KIAA0895,tan
KIAA1026,tan
KIAA1244,tan
KIAA1467,tan
KIAA1486,tan
KIAA1549,tan
KIAA1919,tan
KIF26B,tan
KIF3C,tan
KIF5C,tan
KLC1,tan
KLHL29,tan
KLHL3,tan
KLHL7,tan
KLK9,tan
KNDC1,tan
KRI1,tan
KRTAP3-1,tan
KSR2,tan
KTN1,tan
LAMA5,tan
LAMC1,tan
LCE1F,tan
LDB3,tan
LDLRAD3,tan
LGI1,tan
LHFP,tan
LIN54,tan
LIN7A,tan
LMO3,tan
LMTK2,tan
LNPEP,tan
LOC100126784,tan
LOC100128811,tan
LOC100129354,tan
LOC100130872,tan
LOC100130872-SPON2,tan
LOC100134713,tan
LOC134466,tan
LOC148696,tan
LOC148824,tan
LOC149837,tan
LOC157627,tan
LOC285375,tan
LOC642597,tan
LOC645323,tan
LOC91149,tan
LONP2,tan
LONRF2,tan
LOX,tan
LRDD,tan
LRP1,tan
LRP2,tan
LRP6,tan
LRRC4,tan
LRRC4B,tan
LRRC50,tan
LRRIQ3,tan
LRWD1,tan
LTBP4,tan
LY6G5C,tan
LYNX1,tan
LYPD5,tan
LYSMD2,tan
MACROD2,tan
MAD1L1,tan
MAFK,tan
MAL2,tan
MAML2,tan
MAML3,tan
MAP2K1,tan
MAP2K3,tan
MAP2K5,tan
MAP6D1,tan
MAPK10,tan
MAPK4,tan
MAPK8IP2,tan
MAPK8IP3,tan
MAPT,tan
MAR-11,tan
MAST4,tan
MAVS,tan
MCF2L,tan
MCF2L2,tan
MCM6,tan
ME3,tan
MED26,tan
MED27,tan
MED30,tan
MEF2C,tan
MEF2D,tan
MEIS1,tan
MEIS2,tan
MESDC1,tan
METTL11B,tan
MFHAS1,tan
MFSD9,tan
MGAT4B,tan
MGAT5B,tan
MGLL,tan
MICAL2,tan
MIR1178,tan
MIR1243,tan
MIR1286,tan
MIR129-1,tan
MIR154,tan
MIR548F5,tan
MIR548H4,tan
MIR596,tan
MIR874,tan
MIR941-3,tan
MKNK1,tan
MLL2,tan
MMACHC,tan
MMP11,tan
MND1,tan
MORN1,tan
MPHOSPH8,tan
MR1,tan
MRPL28,tan
MRPS14,tan
MRPS18A,tan
MSH2,tan
MSI2,tan
MSRA,tan
MTERF,tan
MTHFD1L,tan
MTMR4,tan
MTOR,tan
MTPN,tan
MTSS1L,tan
MUC4,tan
MUS81,tan
MYCBPAP,tan
MYH10,tan
MYH7B,tan
MYO10,tan
MYO18A,tan
MYO1C,tan
MYO1D,tan
MYOM2,tan
MYT1L,tan
NAA15,tan
NAB2,tan
NADSYN1,tan
NAT15,tan
NAV2,tan
NCK2,tan
NCOR2,tan
NCRNA00085,tan
NCRNA00171,tan
NDUFA12,tan
NEBL,tan
NEFM,tan
NETO2,tan
NEU4,tan
NEURL,tan
NEUROG2,tan
NFATC1,tan
NHEDC2,tan
NKAIN3,tan
NLGN2,tan
NMNAT2,tan
NPTX1,tan
NPTX2,tan
NR1D1,tan
NR2F1,tan
NR4A1,tan
NR4A3,tan
NRG2,tan
NRG3,tan
NRXN1,tan
NRXN2,tan
NRXN3,tan
NT5C1A,tan
NTM,tan
NTNG2,tan
NUDCD3,tan
NUPL1,tan
OGDH,tan
OGFRL1,tan
OPCML,tan
OPRM1,tan
OR52A1,tan
OSBPL5,tan
OSBPL9,tan
OTX2OS1,tan
PABPC4,tan
PACS1,tan
PACS2,tan
PALM2-AKAP2,tan
PANK1,tan
PARK7,tan
PAX6,tan
PCBP3,tan
PCCA,tan
PCDHA7,tan
PCDHB7,tan
PCGF3,tan
PCLO,tan
PDCD2L,tan
PDE3B,tan
PDE4D,tan
PDE6B,tan
PDF,tan
PDPK1,tan
PEMT,tan
PER1,tan
PER3,tan
PFKP,tan
PGBD5,tan
PGM2,tan
PHF1,tan
PHF21A,tan
PHTF1,tan
PHYHIP,tan
PIK3R3,tan
PILRB,tan
PIM1,tan
PINX1,tan
PIP5K1C,tan
PISD,tan
PITPNM1,tan
PITPNM2,tan
PKD1,tan
PKD2L2,tan
PKIA,tan
PLCL2,tan
PLD5,tan
PLD6,tan
PLEKHO1,tan
PLK1,tan
PNMAL1,tan
POLDIP3,tan
PPAPDC3,tan
PPFIA4,tan
PPM1K,tan
PPP1R13L,tan
PPP1R14C,tan
PPP1R9B,tan
PPP2CA,tan
PPP2R2B,tan
PPP2R2D,tan
PPP3CA,tan
PPT2,tan
PQLC1,tan
PRAGMIN,tan
PRDM13,tan
PRDM16,tan
PRDM8,tan
PRDX2,tan
PRKAB1,tan
PRKAR1A,tan
PRKAR1B,tan
PRKCA,tan
PRKCZ,tan
PRL,tan
PROCA1,tan
PROSAPIP1,tan
PRR19,tan
PRR7,tan
PRRT1,tan
PSD3,tan
PSIP1,tan
PSORS1C1,tan
PTCH1,tan
PTCH2,tan
PTEN,tan
PTGR2,tan
PTHLH,tan
PTK2B,tan
PTPRN2,tan
PTPRS,tan
PXDN,tan
PYGO1,tan
QSER1,tan
RAB11FIP3,tan
RAB40C,tan
RAB43,tan
RAB4A,tan
RABEP1,tan
RAD21L1,tan
RADIL,tan
RALGAPA2,tan
RALGPS1,tan
RAP1GAP,tan
RAPGEFL1,tan
RASA3,tan
RASGEF1C,tan
RCC2,tan
RCHY1,tan
REEP3,tan
REPS1,tan
RERE,tan
RGL2,tan
RGMB,tan
RGS11,tan
RGS12,tan
RHEB,tan
RHOA,tan
RHOF,tan
RICH2,tan
RIMBP2,tan
RIMKLA,tan
RIMS3,tan
RINL,tan
RNF112,tan
RNF114,tan
RNF14,tan
RNF144A,tan
RNF149,tan
RNF43,tan
ROR1,tan
RPL26L1,tan
RPS6KA2,tan
RPS6KA4,tan
RPTOR,tan
RPUSD3,tan
RRAGD,tan
RRN3P1,tan
RSAD1,tan
RSBN1,tan
RSPH3,tan
RSU1,tan
RTN2,tan
RUNX1T1,tan
RUSC1,tan
RYR2,tan
S1PR3,tan
SACM1L,tan
SAMD14,tan
SAPS2,tan
SATB2,tan
SCAMP4,tan
SCG5,tan
SCN1B,tan
SCN2A,tan
SCP2,tan
SCRT1,tan
SCT,tan
SDCCAG8,tan
SDK1,tan
SEC1,tan
SEC14L1,tan
SEL1L3,tan
SELO,tan
SEMA4F,tan
SEMA6C,tan
SEP-09,tan
SEP-11,tan
SERGEF,tan
SERP2,tan
SETD1B,tan
SEZ6,tan
SFMBT2,tan
SFRS1,tan
SFRS7,tan
SFXN3,tan
SGPP2,tan
SH2D4B,tan
SH3BP4,tan
SH3PXD2B,tan
SHANK2,tan
SHANK3,tan
SHC1,tan
SHC2,tan
SHF,tan
SHFM1,tan
SHROOM3,tan
SIDT2,tan
SIRPA,tan
SKI,tan
SLC22A15,tan
SLC22A5,tan
SLC25A26,tan
SLC25A28,tan
SLC25A38,tan
SLC27A1,tan
SLC2A5,tan
SLC35F3,tan
SLC36A1,tan
SLC38A10,tan
SLC43A2,tan
SLC4A10,tan
SLC4A8,tan
SLC7A1,tan
SLC8A2,tan
SLC8A3,tan
SLC9A2,tan
SLC9A3R1,tan
SLIT3,tan
SMAD7,tan
SMU1,tan
SNAP25,tan
SND1,tan
SNIP1,tan
SNN,tan
SNPH,tan
SNX27,tan
SNX29,tan
SNX31,tan
SORBS3,tan
SORD,tan
SORL1,tan
SOX4,tan
SPAG5,tan
SPHK2,tan
SPIRE2,tan
SPOCK2,tan
SPRED2,tan
SPRY2,tan
SPTBN1,tan
SRCAP,tan
SRGAP3,tan
SRPK1,tan
SRRM4,tan
SSBP3,tan
SSPN,tan
SSTR1,tan
SSU72,tan
ST8SIA1,tan
ST8SIA5,tan
STK10,tan
STMN1,tan
STX6,tan
STXBP5,tan
SUOX,tan
SUV420H2,tan
SV2A,tan
SYN2,tan
SYNE1,tan
SYNGR1,tan
SYNPO2,tan
SYT4,tan
SYT7,tan
SYTL2,tan
TACC1,tan
TACC2,tan
TADA2B,tan
TAF1C,tan
TBCD,tan
TCEB3,tan
TCF20,tan
TDRD10,tan
TELO2,tan
TESK2,tan
TFAP2C,tan
TFAP4,tan
TFDP1,tan
THBS2,tan
THRA,tan
THRSP,tan
THUMPD2,tan
TIAM1,tan
TJP1,tan
TLE3,tan
TLL1,tan
TM7SF4,tan
TM9SF3,tan
TMC7,tan
TMCO3,tan
TMEM109,tan
TMEM117,tan
TMEM120B,tan
TMEM129,tan
TMEM136,tan
TMEM140,tan
TMEM151B,tan
TMEM175,tan
TMEM199,tan
TMEM22,tan
TMEM61,tan
TMEM63C,tan
TMEM70,tan
TMEM86A,tan
TNFRSF21,tan
TNK2,tan
TNKS,tan
TNRC18,tan
TNS3,tan
TNXB,tan
TOLLIP,tan
TPCN2,tan
TPM4,tan
TRA2B,tan
TRAF2,tan
TRAF3,tan
TRAF3IP1,tan
TRAPPC9,tan
TRIB2,tan
TRIB3,tan
TRIM13,tan
TRIM71,tan
TRIO,tan
TRRAP,tan
TSC2,tan
TSGA14,tan
TSPAN1,tan
TSPAN17,tan
TSPAN9,tan
TSTD1,tan
TTC15,tan
TTC39B,tan
TTC39C,tan
TTC7B,tan
TTYH3,tan
TUBA4B,tan
TUBB2A,tan
TUBB2B,tan
TULP3,tan
TXNL1,tan
TYRO3,tan
U2AF2,tan
UBASH3B,tan
UBE2B,tan
UBE2K,tan
UBE2QL1,tan
UBE3C,tan
UBXN6,tan
ULK1,tan
UNC5D,tan
UNC84A,tan
USP2,tan
USP20,tan
USP45,tan
USP53,tan
USP7,tan
UXS1,tan
VAC14,tan
VAX1,tan
VGF,tan
VOPP1,tan
VPS13D,tan
VPS36,tan
VPS52,tan
VPS53,tan
VSNL1,tan
VSTM2B,tan
VWC2,tan
WAC,tan
WASH2P,tan
WDR45L,tan
WDR66,tan
WHSC2,tan
WRB,tan
WSB2,tan
WWOX,tan
WWTR1,tan
XKR6,tan
YEATS2,tan
YJEFN3,tan
ZBTB46,tan
ZC3H14,tan
ZC3H3,tan
ZCCHC14,tan
ZDHHC13,tan
ZDHHC14,tan
ZFP161,tan
ZFP42,tan
ZFP90,tan
ZFPM1,tan
ZFPM2,tan
ZFYVE21,tan
ZFYVE28,tan
ZIC1,tan
ZIC2,tan
ZIC4,tan
ZIC5,tan
ZIK1,tan
ZMYND10,tan
ZMYND8,tan
ZNF181,tan
ZNF219,tan
ZNF238,tan
ZNF415,tan
ZNF423,tan
ZNF433,tan
ZNF502,tan
ZNF511,tan
ZNF530,tan
ZNF544,tan
ZNF549,tan
ZNF551,tan
ZNF562,tan
ZNF577,tan
ZNF677,tan
ZNF718,tan
ZNF772,tan
ZNF778,tan
ZNF8,tan
ZNF827,tan
ZNF831,tan
ZNF876P,tan
ZSCAN1,tan
A2BP1,turquoise
AAAS,turquoise
AACS,turquoise
AAK1,turquoise
AARSD1,turquoise
AASS,turquoise
ABCA11P,turquoise
ABCA5,turquoise
ABCB1,turquoise
ABCB6,turquoise
ABCD2,turquoise
ABCD3,turquoise
ABCE1,turquoise
ABCF1,turquoise
ABCF2,turquoise
ABCG1,turquoise
ABHD11,turquoise
ABHD13,turquoise
ABHD2,turquoise
ABHD3,turquoise
ABHD4,turquoise
ABHD5,turquoise
ABHD6,turquoise
ABL1,turquoise
ABLIM2,turquoise
ABR,turquoise
ABT1,turquoise
ACACA,turquoise
ACAD9,turquoise
ACADM,turquoise
ACAP2,turquoise
ACAT1,turquoise
ACBD3,turquoise
ACBD5,turquoise
ACBD6,turquoise
ACCN1,turquoise
ACCN2,turquoise
ACIN1,turquoise
ACO1,turquoise
ACO2,turquoise
ACOT13,turquoise
ACOT8,turquoise
ACOX3,turquoise
ACP2,turquoise
ACP6,turquoise
ACSF3,turquoise
ACTA2,turquoise
ACTB,turquoise
ACTG1,turquoise
ACTR10,turquoise
ACTR1A,turquoise
ACTR1B,turquoise
ACTR3B,turquoise
ACTR5,turquoise
ACTR6,turquoise
ACTR8,turquoise
ACVR1,turquoise
ACVR2A,turquoise
ADAL,turquoise
ADAM10,turquoise
ADAM15,turquoise
ADAM17,turquoise
ADAM19,turquoise
ADAMTS1,turquoise
ADAMTS13,turquoise
ADAMTS15,turquoise
ADAMTS17,turquoise
ADAMTS18,turquoise
ADAMTS19,turquoise
ADAMTS2,turquoise
ADAMTS3,turquoise
ADAMTS6,turquoise
ADAMTSL4,turquoise
ADAMTSL5,turquoise
ADAR,turquoise
ADARB1,turquoise
ADARB2,turquoise
ADAT3,turquoise
ADC,turquoise
ADCK4,turquoise
ADCY6,turquoise
ADCY8,turquoise
ADD2,turquoise
ADD3,turquoise
ADI1,turquoise
ADIPOR1,turquoise
ADK,turquoise
ADNP,turquoise
ADO,turquoise
ADORA1,turquoise
ADPGK,turquoise
ADRBK1,turquoise
ADRM1,turquoise
ADSL,turquoise
AEBP2,turquoise
AEN,turquoise
AES,turquoise
AFF1,turquoise
AFF4,turquoise
AFTPH,turquoise
AGAP1,turquoise
AGBL3,turquoise
AGBL5,turquoise
AGFG1,turquoise
AGGF1,turquoise
AGPAT1,turquoise
AGPAT3,turquoise
AGPAT6,turquoise
AGPAT9,turquoise
AGRN,turquoise
AGTRAP,turquoise
AGXT2L2,turquoise
AHCTF1,turquoise
AHCYL1,turquoise
AHCYL2,turquoise
AHI1,turquoise
AHNAK2,turquoise
AIG1,turquoise
AK1,turquoise
AK2,turquoise
AK3L1,turquoise
AKAP1,turquoise
AKAP10,turquoise
AKAP11,turquoise
AKAP13,turquoise
AKAP5,turquoise
AKAP8,turquoise
AKAP8L,turquoise
AKD1,turquoise
AKIRIN1,turquoise
AKR1A1,turquoise
AKT1,turquoise
AKT1S1,turquoise
AKT2,turquoise
ALCAM,turquoise
ALDH1L2,turquoise
ALDH4A1,turquoise
ALDH6A1,turquoise
ALDH7A1,turquoise
ALDH9A1,turquoise
ALDOA,turquoise
ALG1,turquoise
ALG14,turquoise
ALG3,turquoise
ALG5,turquoise
ALG6,turquoise
ALG8,turquoise
ALG9,turquoise
ALK,turquoise
ALKBH2,turquoise
ALKBH5,turquoise
ALKBH6,turquoise
ALKBH7,turquoise
ALMS1,turquoise
ALOXE3,turquoise
ALS2,turquoise
AMACR,turquoise
AMBRA1,turquoise
AMD1,turquoise
AMIGO1,turquoise
AMIGO2,turquoise
AMPD2,turquoise
AMPH,turquoise
AMZ2,turquoise
ANAPC1,turquoise
ANAPC11,turquoise
ANAPC7,turquoise
ANGPTL5,turquoise
ANGPTL6,turquoise
ANK1,turquoise
ANK2,turquoise
ANKAR,turquoise
ANKFY1,turquoise
ANKH,turquoise
ANKHD1,turquoise
ANKRD10,turquoise
ANKRD11,turquoise
ANKRD13A,turquoise
ANKRD13B,turquoise
ANKRD16,turquoise
ANKRD26,turquoise
ANKRD28,turquoise
ANKRD34C,turquoise
ANKRD35,turquoise
ANKRD37,turquoise
ANKRD40,turquoise
ANKRD42,turquoise
ANKRD43,turquoise
ANKRD54,turquoise
ANLN,turquoise
ANO5,turquoise
ANO6,turquoise
ANO8,turquoise
ANP32B,turquoise
ANP32E,turquoise
ANTXR1,turquoise
ANXA4,turquoise
ANXA5,turquoise
ANXA7,turquoise
AP1AR,turquoise
AP1B1,turquoise
AP1G2,turquoise
AP1M1,turquoise
AP1S1,turquoise
AP2A1,turquoise
AP2B1,turquoise
AP2S1,turquoise
AP3D1,turquoise
AP4E1,turquoise
AP4S1,turquoise
APBA1,turquoise
APBB1,turquoise
APBB3,turquoise
APC,turquoise
APCDD1,turquoise
APH1A,turquoise
APH1B,turquoise
API5,turquoise
APLP1,turquoise
APOLD1,turquoise
ARAP2,turquoise
ARF1,turquoise
ARF6,turquoise
ARFGAP1,turquoise
ARFGAP3,turquoise
ARFIP1,turquoise
ARGLU1,turquoise
ARHGAP12,turquoise
ARHGAP18,turquoise
ARHGAP20,turquoise
ARHGDIA,turquoise
ARHGEF10,turquoise
ARHGEF19,turquoise
ARHGEF7,turquoise
ARID1A,turquoise
ARID1B,turquoise
ARID2,turquoise
ARID3A,turquoise
ARID3B,turquoise
ARID5A,turquoise
ARID5B,turquoise
ARIH1,turquoise
ARL13B,turquoise
ARL15,turquoise
ARL2BP,turquoise
ARL4D,turquoise
ARL5A,turquoise
ARL5B,turquoise
ARL6,turquoise
ARL6IP5,turquoise
ARL6IP6,turquoise
ARMC1,turquoise
ARMC3,turquoise
ARMC8,turquoise
ARMC9,turquoise
ARNT2,turquoise
ARNTL,turquoise
ARPC2,turquoise
ARPC3,turquoise
ARPC5,turquoise
ARPP19,turquoise
ARRB1,turquoise
ARRDC1,turquoise
ARRDC2,turquoise
ARSA,turquoise
ARSB,turquoise
ARSG,turquoise
ARVCF,turquoise
AS3MT,turquoise
ASAH1,turquoise
ASAP1,turquoise
ASAP2,turquoise
ASB1,turquoise
ASB13,turquoise
ASB7,turquoise
ASB8,turquoise
ASCC2,turquoise
ASCL1,turquoise
ASCL2,turquoise
ASF1B,turquoise
ASGR1,turquoise
ASH2L,turquoise
ASL,turquoise
ASNA1,turquoise
ASNS,turquoise
ASNSD1,turquoise
ASPM,turquoise
ASPSCR1,turquoise
ASTN1,turquoise
ASXL1,turquoise
ASXL3,turquoise
ATAD1,turquoise
ATAD2B,turquoise
ATAD3A,turquoise
ATAD3B,turquoise
ATAD5,turquoise
ATE1,turquoise
ATF1,turquoise
ATF2,turquoise
ATF3,turquoise
ATF4,turquoise
ATF6,turquoise
ATF6B,turquoise
ATF7IP,turquoise
ATG10,turquoise
ATG16L1,turquoise
ATG16L2,turquoise
ATG2A,turquoise
ATG4D,turquoise
ATG5,turquoise
ATG7,turquoise
ATG9A,turquoise
ATM,turquoise
ATN1,turquoise
ATP10A,turquoise
ATP10D,turquoise
ATP11B,turquoise
ATP12A,turquoise
ATP13A1,turquoise
ATP1A3,turquoise
ATP2C1,turquoise
ATP5C1,turquoise
ATP5D,turquoise
ATP5E,turquoise
ATP5G1,turquoise
ATP5G3,turquoise
ATP5I,turquoise
ATP5J2,turquoise
ATP5SL,turquoise
ATP6V0A1,turquoise
ATP6V0A2,turquoise
ATP6V0C,turquoise
ATP6V1A,turquoise
ATP6V1B2,turquoise
ATP6V1C1,turquoise
ATP6V1C2,turquoise
ATP6V1E1,turquoise
ATP6V1F,turquoise
ATP8B2,turquoise
ATP8B3,turquoise
ATPBD4,turquoise
ATPIF1,turquoise
ATRNL1,turquoise
ATXN1,turquoise
ATXN10,turquoise
ATXN1L,turquoise
ATXN2,turquoise
ATXN2L,turquoise
ATXN3,turquoise
ATXN7,turquoise
ATXN7L1,turquoise
ATXN7L2,turquoise
AUH,turquoise
AURKA,turquoise
AURKAIP1,turquoise
AVP,turquoise
AVPR1A,turquoise
B2M,turquoise
B3GALNT2,turquoise
B3GALT4,turquoise
B3GAT3,turquoise
B3GNT2,turquoise
B4GALNT1,turquoise
B4GALNT2,turquoise
B4GALT4,turquoise
B4GALT7,turquoise
B9D2,turquoise
BACE1,turquoise
BACH2,turquoise
BAG3,turquoise
BAG4,turquoise
BAHD1,turquoise
BAI3,turquoise
BAIAP3,turquoise
BASP1,turquoise
BAT1,turquoise
BAT2,turquoise
BAT2L2,turquoise
BAT3,turquoise
BAT4,turquoise
BAT5,turquoise
BAX,turquoise
BAZ1A,turquoise
BAZ2A,turquoise
BAZ2B,turquoise
BBC3,turquoise
BBS1,turquoise
BBS12,turquoise
BBS2,turquoise
BBS7,turquoise
BBX,turquoise
BCAP29,turquoise
BCAR1,turquoise
BCAS2,turquoise
BCAS3,turquoise
BCAT1,turquoise
BCCIP,turquoise
BCKDHA,turquoise
BCKDHB,turquoise
BCKDK,turquoise
BCL10,turquoise
BCL11A,turquoise
BCL11B,turquoise
BCL2,turquoise
BCL2L13,turquoise
BCL2L2,turquoise
BCL6,turquoise
BCL7A,turquoise
BCL7B,turquoise
BCLAF1,turquoise
BDH2,turquoise
BDNF,turquoise
BEGAIN,turquoise
BET1,turquoise
BET1L,turquoise
BFAR,turquoise
BHLHE22,turquoise
BHLHE41,turquoise
BICD2,turquoise
BIK,turquoise
BIN3,turquoise
BIRC3,turquoise
BIRC6,turquoise
BIVM,turquoise
BLCAP,turquoise
BLOC1S1,turquoise
BLOC1S3,turquoise
BLZF1,turquoise
BMP2K,turquoise
BMP4,turquoise
BMP6,turquoise
BMP8A,turquoise
BMP8B,turquoise
BMPER,turquoise
BMPR1B,turquoise
BNC1,turquoise
BNC2,turquoise
BOLA3,turquoise
BOP1,turquoise
BPGM,turquoise
BRAF,turquoise
BRD2,turquoise
BRD3,turquoise
BRE,turquoise
BRF1,turquoise
BRI3BP,turquoise
BRIP1,turquoise
BRP44,turquoise
BRP44L,turquoise
BRPF3,turquoise
BRSK2,turquoise
BRUNOL4,turquoise
BRWD1,turquoise
BSCL2,turquoise
BSG,turquoise
BST1,turquoise
BTAF1,turquoise
BTBD1,turquoise
BTBD11,turquoise
BTBD3,turquoise
BTBD7,turquoise
BTBD8,turquoise
BTF3L4,turquoise
BTN2A3,turquoise
BUB1,turquoise
BUB1B,turquoise
BUD13,turquoise
BZRAP1,turquoise
BZW2,turquoise
C10ORF114,turquoise
C10ORF131,turquoise
C10ORF137,turquoise
C10ORF140,turquoise
C10ORF18,turquoise
C10ORF2,turquoise
C10ORF25,turquoise
C10ORF32,turquoise
C10ORF4,turquoise
C10ORF41,turquoise
C10ORF54,turquoise
C10ORF72,turquoise
C10ORF75,turquoise
C10ORF88,turquoise
C11ORF10,turquoise
C11ORF17,turquoise
C11ORF2,turquoise
C11ORF24,turquoise
C11ORF30,turquoise
C11ORF49,turquoise
C11ORF54,turquoise
C11ORF57,turquoise
C11ORF60,turquoise
C11ORF67,turquoise
C11ORF71,turquoise
C11ORF73,turquoise
C11ORF74,turquoise
C11ORF83,turquoise
C11ORF84,turquoise
C11ORF9,turquoise
C11ORF91,turquoise
C12ORF10,turquoise
C12ORF23,turquoise
C12ORF29,turquoise
C12ORF35,turquoise
C12ORF41,turquoise
C12ORF42,turquoise
C12ORF44,turquoise
C12ORF45,turquoise
C12ORF47,turquoise
C12ORF48,turquoise
C12ORF49,turquoise
C12ORF5,turquoise
C12ORF52,turquoise
C12ORF53,turquoise
C12ORF57,turquoise
C12ORF62,turquoise
C12ORF65,turquoise
C12ORF68,turquoise
C12ORF72,turquoise
C12ORF73,turquoise
C12ORF75,turquoise
C13ORF18,turquoise
C13ORF23,turquoise
C13ORF31,turquoise
C13ORF38,turquoise
C14ORF1,turquoise
C14ORF102,turquoise
C14ORF104,turquoise
C14ORF106,turquoise
C14ORF119,turquoise
C14ORF126,turquoise
C14ORF133,turquoise
C14ORF135,turquoise
C14ORF142,turquoise
C14ORF156,turquoise
C14ORF178,turquoise
C14ORF179,turquoise
C14ORF2,turquoise
C14ORF37,turquoise
C14ORF73,turquoise
C14ORF80,turquoise
C15ORF27,turquoise
C15ORF39,turquoise
C15ORF57,turquoise
C15ORF59,turquoise
C16ORF35,turquoise
C16ORF5,turquoise
C16ORF55,turquoise
C16ORF63,turquoise
C16ORF72,turquoise
C16ORF75,turquoise
C16ORF80,turquoise
C16ORF86,turquoise
C16ORF91,turquoise
C17ORF100,turquoise
C17ORF102,turquoise
C17ORF103,turquoise
C17ORF48,turquoise
C17ORF49,turquoise
C17ORF53,turquoise
C17ORF59,turquoise
C17ORF62,turquoise
C17ORF63,turquoise
C17ORF71,turquoise
C17ORF76,turquoise
C17ORF79,turquoise
C17ORF80,turquoise
C17ORF81,turquoise
C17ORF89,turquoise
C17ORF90,turquoise
C17ORF95,turquoise
C17ORF96,turquoise
C17ORF97,turquoise
C18ORF19,turquoise
C18ORF22,turquoise
C18ORF25,turquoise
C18ORF45,turquoise
C18ORF54,turquoise
C18ORF8,turquoise
C19ORF10,turquoise
C19ORF20,turquoise
C19ORF26,turquoise
C19ORF36,turquoise
C19ORF39,turquoise
C19ORF42,turquoise
C19ORF44,turquoise
C19ORF47,turquoise
C19ORF48,turquoise
C19ORF50,turquoise
C19ORF53,turquoise
C19ORF55,turquoise
C19ORF57,turquoise
C19ORF6,turquoise
C19ORF60,turquoise
C19ORF62,turquoise
C19ORF73,turquoise
C19ORF75,turquoise
C1D,turquoise
C1ORF105,turquoise
C1ORF107,turquoise
C1ORF109,turquoise
C1ORF112,turquoise
C1ORF125,turquoise
C1ORF128,turquoise
C1ORF131,turquoise
C1ORF151,turquoise
C1ORF156,turquoise
C1ORF159,turquoise
C1ORF163,turquoise
C1ORF183,turquoise
C1ORF200,turquoise
C1ORF212,turquoise
C1ORF213,turquoise
C1ORF25,turquoise
C1ORF51,turquoise
C1ORF52,turquoise
C1ORF55,turquoise
C1ORF57,turquoise
C1ORF63,turquoise
C1ORF69,turquoise
C1ORF83,turquoise
C1ORF85,turquoise
C1ORF88,turquoise
C1ORF93,turquoise
C1ORF95,turquoise
C1ORF96,turquoise
C1ORF97,turquoise
C1QBP,turquoise
C1QTNF1,turquoise
C1QTNF2,turquoise
C1RL,turquoise
C20ORF103,turquoise
C20ORF108,turquoise
C20ORF111,turquoise
C20ORF112,turquoise
C20ORF194,turquoise
C20ORF195,turquoise
C20ORF196,turquoise
C20ORF20,turquoise
C20ORF24,turquoise
C20ORF26,turquoise
C20ORF27,turquoise
C20ORF7,turquoise
C20ORF72,turquoise
C20ORF94,turquoise
C21ORF29,turquoise
C21ORF45,turquoise
C21ORF49,turquoise
C21ORF66,turquoise
C21ORF91,turquoise
C22ORF23,turquoise
C22ORF24,turquoise
C22ORF25,turquoise
C22ORF30,turquoise
C22ORF39,turquoise
C22ORF40,turquoise
C2CD2L,turquoise
C2CD4A,turquoise
C2ORF15,turquoise
C2ORF43,turquoise
C2ORF52,turquoise
C2ORF60,turquoise
C2ORF72,turquoise
C2ORF73,turquoise
C2ORF74,turquoise
C2ORF80,turquoise
C2ORF82,turquoise
C2ORF86,turquoise
C2ORF89,turquoise
C3ORF10,turquoise
C3ORF21,turquoise
C3ORF23,turquoise
C3ORF26,turquoise
C3ORF31,turquoise
C3ORF38,turquoise
C3ORF39,turquoise
C3ORF55,turquoise
C3ORF57,turquoise
C3ORF58,turquoise
C3ORF59,turquoise
C3ORF63,turquoise
C3ORF67,turquoise
C3ORF70,turquoise
C3ORF71,turquoise
C3ORF75,turquoise
C4ORF10,turquoise
C4ORF3,turquoise
C4ORF31,turquoise
C4ORF32,turquoise
C4ORF34,turquoise
C4ORF39,turquoise
C4ORF41,turquoise
C4ORF43,turquoise
C4ORF48,turquoise
C5ORF24,turquoise
C5ORF36,turquoise
C5ORF37,turquoise
C5ORF43,turquoise
C5ORF44,turquoise
C5ORF51,turquoise
C5ORF54,turquoise
C5ORF55,turquoise
C5ORF56,turquoise
C6ORF108,turquoise
C6ORF114,turquoise
C6ORF118,turquoise
C6ORF125,turquoise
C6ORF129,turquoise
C6ORF130,turquoise
C6ORF145,turquoise
C6ORF147,turquoise
C6ORF155,turquoise
C6ORF165,turquoise
C6ORF170,turquoise
C6ORF174,turquoise
C6ORF192,turquoise
C6ORF217,turquoise
C6ORF35,turquoise
C6ORF47,turquoise
C6ORF48,turquoise
C6ORF52,turquoise
C6ORF57,turquoise
C7ORF10,turquoise
C7ORF26,turquoise
C7ORF27,turquoise
C7ORF30,turquoise
C7ORF31,turquoise
C7ORF38,turquoise
C7ORF41,turquoise
C7ORF42,turquoise
C7ORF49,turquoise
C7ORF50,turquoise
C7ORF51,turquoise
C7ORF55,turquoise
C7ORF58,turquoise
C7ORF63,turquoise
C7ORF64,turquoise
C7ORF68,turquoise
C8ORF12,turquoise
C8ORF37,turquoise
C8ORF58,turquoise
C8ORF59,turquoise
C8ORF73,turquoise
C8ORF80,turquoise
C8ORF86,turquoise
C9ORF103,turquoise
C9ORF114,turquoise
C9ORF150,turquoise
C9ORF21,turquoise
C9ORF3,turquoise
C9ORF30,turquoise
C9ORF72,turquoise
C9ORF78,turquoise
C9ORF89,turquoise
C9ORF91,turquoise
C9ORF95,turquoise
CA10,turquoise
CA4,turquoise
CA8,turquoise
CAB39,turquoise
CABIN1,turquoise
CABYR,turquoise
CACNA1A,turquoise
CACNA1E,turquoise
CACNA1G,turquoise
CACNA2D2,turquoise
CACNA2D3,turquoise
CACNB2,turquoise
CACNB4,turquoise
CACNG2,turquoise
CACNG4,turquoise
CACNG8,turquoise
CACYBP,turquoise
CADM1,turquoise
CADM3,turquoise
CADPS,turquoise
CADPS2,turquoise
CAGE1,turquoise
CALB2,turquoise
CALCOCO1,turquoise
CALM1,turquoise
CALM2,turquoise
CALN1,turquoise
CALU,turquoise
CAMK2D,turquoise
CAMSAP1,turquoise
CAMTA1,turquoise
CAMTA2,turquoise
CANT1,turquoise
CANX,turquoise
CAP1,turquoise
CAPN10,turquoise
CAPRIN2,turquoise
CAPS2,turquoise
CAPZA1,turquoise
CAPZA2,turquoise
CAPZB,turquoise
CARS,turquoise
CASC1,turquoise
CASC3,turquoise
CASC5,turquoise
CASP7,turquoise
CASP8AP2,turquoise
CAT,turquoise
CATSPERG,turquoise
CAV1,turquoise
CBARA1,turquoise
CBFA2T2,turquoise
CBLL1,turquoise
CBLN2,turquoise
CBR4,turquoise
CBS,turquoise
CBX1,turquoise
CBX3,turquoise
CBX7,turquoise
CBY1,turquoise
CC2D1B,turquoise
CCAR1,turquoise
CCBE1,turquoise
CCDC101,turquoise
CCDC104,turquoise
CCDC108,turquoise
CCDC109A,turquoise
CCDC11,turquoise
CCDC115,turquoise
CCDC117,turquoise
CCDC123,turquoise
CCDC124,turquoise
CCDC13,turquoise
CCDC130,turquoise
CCDC132,turquoise
CCDC134,turquoise
CCDC138,turquoise
CCDC14,turquoise
CCDC140,turquoise
CCDC148,turquoise
CCDC149,turquoise
CCDC151,turquoise
CCDC153,turquoise
CCDC18,turquoise
CCDC21,turquoise
CCDC23,turquoise
CCDC24,turquoise
CCDC25,turquoise
CCDC28A,turquoise
CCDC39,turquoise
CCDC41,turquoise
CCDC42,turquoise
CCDC46,turquoise
CCDC49,turquoise
CCDC52,turquoise
CCDC53,turquoise
CCDC59,turquoise
CCDC61,turquoise
CCDC65,turquoise
CCDC69,turquoise
CCDC7,turquoise
CCDC71,turquoise
CCDC77,turquoise
CCDC82,turquoise
CCDC84,turquoise
CCDC85B,turquoise
CCDC86,turquoise
CCDC9,turquoise
CCDC90B,turquoise
CCDC92,turquoise
CCDC94,turquoise
CCDC96,turquoise
CCDC97,turquoise
CCDC99,turquoise
CCHCR1,turquoise
CCM2,turquoise
CCNA1,turquoise
CCNA2,turquoise
CCNB1,turquoise
CCNB2,turquoise
CCNC,turquoise
CCND2,turquoise
CCND3,turquoise
CCNE1,turquoise
CCNF,turquoise
CCNG1,turquoise
CCNI,turquoise
CCNJ,turquoise
CCNL1,turquoise
CCNO,turquoise
CCNT1,turquoise
CCNT2,turquoise
CCNYL1,turquoise
CCPG1,turquoise
CCT2,turquoise
CCT5,turquoise
CCT6P1,turquoise
CD164,turquoise
CD274,turquoise
CD38,turquoise
CD59,turquoise
CD74,turquoise
CD82,turquoise
CD8A,turquoise
CDADC1,turquoise
CDAN1,turquoise
CDC123,turquoise
CDC16,turquoise
CDC2,turquoise
CDC20,turquoise
CDC23,turquoise
CDC25B,turquoise
CDC27,turquoise
CDC40,turquoise
CDC6,turquoise
CDC7,turquoise
CDCA4,turquoise
CDCA7L,turquoise
CDCA8,turquoise
CDH11,turquoise
CDH13,turquoise
CDH15,turquoise
CDH2,turquoise
CDK1,turquoise
CDK12,turquoise
CDK17,turquoise
CDK2AP1,turquoise
CDK2AP2,turquoise
CDK4,turquoise
CDK6,turquoise
CDK7,turquoise
CDK8,turquoise
CDKAL1,turquoise
CDKL1,turquoise
CDKN1A,turquoise
CDKN1B,turquoise
CDKN2D,turquoise
CDKN3,turquoise
CDNF,turquoise
CDON,turquoise
CDS2,turquoise
CDT1,turquoise
CEBPA,turquoise
CEBPD,turquoise
CEBPG,turquoise
CEBPZ,turquoise
CECR5,turquoise
CELSR1,turquoise
CELSR2,turquoise
CEMP1,turquoise
CEND1,turquoise
CENPB,turquoise
CENPC1,turquoise
CENPF,turquoise
CENPH,turquoise
CENPK,turquoise
CENPM,turquoise
CENPN,turquoise
CENPO,turquoise
CENPV,turquoise
CEP120,turquoise
CEP164,turquoise
CEP170,turquoise
CEP192,turquoise
CEP250,turquoise
CEP350,turquoise
CEP57,turquoise
CEP63,turquoise
CEP70,turquoise
CEP72,turquoise
CEP97,turquoise
CEPT1,turquoise
CERKL,turquoise
CETN3,turquoise
CFD,turquoise
CFDP1,turquoise
CFL2,turquoise
CFLAR,turquoise
CGRRF1,turquoise
CH25H,turquoise
CHAF1A,turquoise
CHCHD2,turquoise
CHCHD3,turquoise
CHCHD4,turquoise
CHCHD5,turquoise
CHCHD6,turquoise
CHCHD8,turquoise
CHD1L,turquoise
CHD2,turquoise
CHD5,turquoise
CHD6,turquoise
CHD8,turquoise
CHEK2,turquoise
CHFR,turquoise
CHIC2,turquoise
CHL1,turquoise
CHMP1B,turquoise
CHMP2A,turquoise
CHMP2B,turquoise
CHMP4A,turquoise
CHMP4B,turquoise
CHMP6,turquoise
CHN2,turquoise
CHORDC1,turquoise
CHP,turquoise
CHRAC1,turquoise
CHRM3,turquoise
CHRNA7,turquoise
CHRNB2,turquoise
CHST1,turquoise
CHST11,turquoise
CHST2,turquoise
CHSY1,turquoise
CHTF8,turquoise
CHUK,turquoise
CHURC1,turquoise
CIAPIN1,turquoise
CIR1,turquoise
CISD2,turquoise
CITED2,turquoise
CIZ1,turquoise
CKAP2,turquoise
CKAP4,turquoise
CKB,turquoise
CLASP1,turquoise
CLASP2,turquoise
CLCN3,turquoise
CLCN6,turquoise
CLDN10,turquoise
CLDN12,turquoise
CLDN7,turquoise
CLDND1,turquoise
CLEC16A,turquoise
CLIC4,turquoise
CLIP1,turquoise
CLK1,turquoise
CLK3,turquoise
CLK4,turquoise
CLN5,turquoise
CLN8,turquoise
CLNS1A,turquoise
CLOCK,turquoise
CLP1,turquoise
CLPB,turquoise
CLPP,turquoise
CLPTM1,turquoise
CLPTM1L,turquoise
CLSPN,turquoise
CLSTN3,turquoise
CLTA,turquoise
CLTC,turquoise
CLVS1,turquoise
CLYBL,turquoise
CMAS,turquoise
CMPK1,turquoise
CN5H6.4,turquoise
CNBP,turquoise
CNDP2,turquoise
CNIH,turquoise
CNIH2,turquoise
CNIH4,turquoise
CNO,turquoise
CNOT1,turquoise
CNOT10,turquoise
CNOT3,turquoise
CNOT6,turquoise
CNOT8,turquoise
CNP,turquoise
CNPY3,turquoise
CNR1,turquoise
CNTLN,turquoise
CNTN5,turquoise
CNTNAP2,turquoise
COASY,turquoise
COBL,turquoise
COBLL1,turquoise
COCH,turquoise
COG2,turquoise
COG3,turquoise
COG4,turquoise
COG6,turquoise
COG7,turquoise
COIL,turquoise
COL11A1,turquoise
COL11A2,turquoise
COL12A1,turquoise
COL1A1,turquoise
COL2A1,turquoise
COL4A2,turquoise
COL4A3,turquoise
COL4A3BP,turquoise
COL6A2,turquoise
COL7A1,turquoise
COL9A2,turquoise
COLEC12,turquoise
COMMD2,turquoise
COMMD3,turquoise
COMMD5,turquoise
COMMD6,turquoise
COMP,turquoise
COPB1,turquoise
COPB2,turquoise
COPE,turquoise
COPG2,turquoise
COPS3,turquoise
COPS4,turquoise
COPS5,turquoise
COPS7A,turquoise
COPS7B,turquoise
COPZ1,turquoise
COQ10A,turquoise
COQ10B,turquoise
COQ2,turquoise
COQ5,turquoise
COQ6,turquoise
COQ7,turquoise
CORIN,turquoise
CORO1C,turquoise
CORO7,turquoise
COTL1,turquoise
COX10,turquoise
COX15,turquoise
COX16,turquoise
COX17,turquoise
COX18,turquoise
COX4NB,turquoise
COX5A,turquoise
COX5B,turquoise
COX6A1,turquoise
COX7A2,turquoise
COX7A2L,turquoise
COX7C,turquoise
CP110,turquoise
CPA6,turquoise
CPE,turquoise
CPEB2,turquoise
CPEB3,turquoise
CPEB4,turquoise
CPNE3,turquoise
CPNE5,turquoise
CPSF6,turquoise
CPT2,turquoise
CPVL,turquoise
CPXM1,turquoise
CR1,turquoise
CR1L,turquoise
CRADD,turquoise
CRCP,turquoise
CRCT1,turquoise
CREB1,turquoise
CREB3L2,turquoise
CREB5,turquoise
CREBZF,turquoise
CREG1,turquoise
CREM,turquoise
CRHR1,turquoise
CRHR2,turquoise
CRISP1,turquoise
CRK,turquoise
CRKL,turquoise
CRLF3,turquoise
CRMP1,turquoise
CROT,turquoise
CRTC2,turquoise
CRY1,turquoise
CRY2,turquoise
CRYL1,turquoise
CSDA,turquoise
CSDE1,turquoise
CSF1,turquoise
CSGALNACT2,turquoise
CSMD1,turquoise
CSMD2,turquoise
CSMD3,turquoise
CSNK1A1,turquoise
CSNK1G1,turquoise
CSNK1G2,turquoise
CSNK2A1,turquoise
CSPP1,turquoise
CSTF3,turquoise
CTAGE5,turquoise
CTBS,turquoise
CTCF,turquoise
CTDSP2,turquoise
CTGF,turquoise
CTH,turquoise
CTNNA1,turquoise
CTNNA2,turquoise
CTNNA3,turquoise
CTNNAL1,turquoise
CTNNBIP1,turquoise
CTNND2,turquoise
CTR9,turquoise
CTSD,turquoise
CTSF,turquoise
CTTN,turquoise
CTTNBP2,turquoise
CTTNBP2NL,turquoise
CTXN2,turquoise
CUL1,turquoise
CUTA,turquoise
CUTC,turquoise
CWC22,turquoise
CWF19L1,turquoise
CWF19L2,turquoise
CXADR,turquoise
CXCL12,turquoise
CXCL3,turquoise
CXCR4,turquoise
CXXC1,turquoise
CXXC5,turquoise
CYB5A,turquoise
CYB5B,turquoise
CYB5D1,turquoise
CYB5R1,turquoise
CYB5R4,turquoise
CYGB,turquoise
CYP24A1,turquoise
CYP26B1,turquoise
CYP2R1,turquoise
CYP4V2,turquoise
CYP51A1,turquoise
CYR61,turquoise
CYTH2,turquoise
CYTSB,turquoise
DAAM1,turquoise
DAB1,turquoise
DAB2,turquoise
DACH1,turquoise
DACT1,turquoise
DAD1,turquoise
DAG1,turquoise
DAGLB,turquoise
DAK,turquoise
DALRD3,turquoise
DAPK1,turquoise
DARS,turquoise
DAXX,turquoise
DAZAP1,turquoise
DAZAP2,turquoise
DBF4B,turquoise
DBI,turquoise
DBNDD1,turquoise
DBNL,turquoise
DBR1,turquoise
DBT,turquoise
DCAF11,turquoise
DCAF13,turquoise
DCAF17,turquoise
DCAF5,turquoise
DCAF7,turquoise
DCAF8,turquoise
DCBLD2,turquoise
DCC,turquoise
DCDC1,turquoise
DCHS2,turquoise
DCLK2,turquoise
DCLRE1A,turquoise
DCLRE1B,turquoise
DCP1B,turquoise
DCP2,turquoise
DCPS,turquoise
DCTD,turquoise
DCTN2,turquoise
DCTN3,turquoise
DCUN1D4,turquoise
DDA1,turquoise
DDAH2,turquoise
DDB1,turquoise
DDHD1,turquoise
DDHD2,turquoise
DDI2,turquoise
DDIT4,turquoise
DDIT4L,turquoise
DDN,turquoise
DDRGK1,turquoise
DDX10,turquoise
DDX18,turquoise
DDX19B,turquoise
DDX25,turquoise
DDX28,turquoise
DDX39,turquoise
DDX42,turquoise
DDX46,turquoise
DDX50,turquoise
DDX51,turquoise
DDX52,turquoise
DDX59,turquoise
DDX6,turquoise
DEDD,turquoise
DEK,turquoise
DEM1,turquoise
DENND1A,turquoise
DENND4A,turquoise
DENND5B,turquoise
DENR,turquoise
DEPDC1,turquoise
DEPDC1B,turquoise
DEPDC5,turquoise
DEPDC6,turquoise
DERA,turquoise
DET1,turquoise
DFFA,turquoise
DFFB,turquoise
DGAT1,turquoise
DGCR14,turquoise
DGCR5,turquoise
DGCR8,turquoise
DGKA,turquoise
DGUOK,turquoise
DHCR24,turquoise
DHCR7,turquoise
DHDH,turquoise
DHODH,turquoise
DHRS1,turquoise
DHRS11,turquoise
DHRS13,turquoise
DHRS3,turquoise
DHRS7,turquoise
DHRS7B,turquoise
DHX15,turquoise
DHX16,turquoise
DHX29,turquoise
DHX30,turquoise
DHX34,turquoise
DHX35,turquoise
DHX36,turquoise
DHX40,turquoise
DHX8,turquoise
DHX9,turquoise
DIAPH1,turquoise
DIAPH3,turquoise
DIMT1L,turquoise
DIO3,turquoise
DIP2A,turquoise
DIP2B,turquoise
DIP2C,turquoise
DIRC2,turquoise
DIS3,turquoise
DIS3L,turquoise
DIS3L2,turquoise
DISP2,turquoise
DKFZP434H168,turquoise
DKK2,turquoise
DKKL1,turquoise
DLEU1,turquoise
DLEU2,turquoise
DLG2,turquoise
DLG4,turquoise
DLGAP1,turquoise
DLGAP3,turquoise
DLGAP4,turquoise
DLGAP5,turquoise
DLL3,turquoise
DLST,turquoise
DLX3,turquoise
DMKN,turquoise
DMTF1,turquoise
DNAH12,turquoise
DNAH6,turquoise
DNAH7,turquoise
DNAJA3,turquoise
DNAJB2,turquoise
DNAJC1,turquoise
DNAJC13,turquoise
DNAJC16,turquoise
DNAJC2,turquoise
DNAJC21,turquoise
DNAJC24,turquoise
DNAJC27,turquoise
DNAJC28,turquoise
DNAJC3,turquoise
DNAJC30,turquoise
DNAJC4,turquoise
DNAJC6,turquoise
DNAJC7,turquoise
DNAJC8,turquoise
DNAL1,turquoise
DNAL4,turquoise
DNER,turquoise
DNM1L,turquoise
DNM2,turquoise
DNM3,turquoise
DNMT3B,turquoise
DNPEP,turquoise
DNTTIP2,turquoise
DOCK7,turquoise
DOCK9,turquoise
DOHH,turquoise
DOK4,turquoise
DOK5,turquoise
DONSON,turquoise
DOPEY1,turquoise
DOT1L,turquoise
DPF1,turquoise
DPF3,turquoise
DPH1,turquoise
DPH5,turquoise
DPM1,turquoise
DPP10,turquoise
DPP3,turquoise
DPP6,turquoise
DPP9,turquoise
DPY19L3,turquoise
DPY19L4,turquoise
DPY30,turquoise
DPYSL2,turquoise
DPYSL3,turquoise
DPYSL5,turquoise
DRAM1,turquoise
DRAM2,turquoise
DRD3,turquoise
DRG1,turquoise
DSC3,turquoise
DSCAM,turquoise
DSE,turquoise
DSEL,turquoise
DST,turquoise
DSTYK,turquoise
DTD1,turquoise
DTNA,turquoise
DTX4,turquoise
DTYMK,turquoise
DUOX1,turquoise
DUOX2,turquoise
DUSP1,turquoise
DUSP10,turquoise
DUSP11,turquoise
DUSP18,turquoise
DUSP19,turquoise
DUSP26,turquoise
DUSP4,turquoise
DUT,turquoise
DVL2,turquoise
DVL3,turquoise
DYNC1LI1,turquoise
DYNC2H1,turquoise
DYNC2LI1,turquoise
DYNLRB1,turquoise
DYNLT1,turquoise
DYRK1A,turquoise
DYRK1B,turquoise
DYRK3,turquoise
DZIP1,turquoise
DZIP1L,turquoise
DZIP3,turquoise
E2F3,turquoise
E2F6,turquoise
E4F1,turquoise
EBF1,turquoise
ECD,turquoise
ECE2,turquoise
ECH1,turquoise
ECHDC1,turquoise
EDARADD,turquoise
EDC3,turquoise
EDC4,turquoise
EDEM2,turquoise
EDEM3,turquoise
EDIL3,turquoise
EDNRA,turquoise
EDNRB,turquoise
EEA1,turquoise
EED,turquoise
EEF1B2,turquoise
EEF1DP3,turquoise
EEF2,turquoise
EEF2K,turquoise
EEFSEC,turquoise
EFCAB2,turquoise
EFCAB5,turquoise
EFCAB6,turquoise
EFEMP2,turquoise
EFHA1,turquoise
EFHC1,turquoise
EFHD2,turquoise
EFR3A,turquoise
EFR3B,turquoise
EGLN1,turquoise
EGLN2,turquoise
EGLN3,turquoise
EGR3,turquoise
EHBP1,turquoise
EHD3,turquoise
EHMT2,turquoise
EI24,turquoise
EID2,turquoise
EIF1,turquoise
EIF1AD,turquoise
EIF1B,turquoise
EIF2AK1,turquoise
EIF2AK4,turquoise
EIF2C1,turquoise
EIF2C2,turquoise
EIF2C3,turquoise
EIF2C4,turquoise
EIF2S2,turquoise
EIF3A,turquoise
EIF3B,turquoise
EIF3D,turquoise
EIF3E,turquoise
EIF3I,turquoise
EIF3K,turquoise
EIF4A1,turquoise
EIF4A3,turquoise
EIF4B,turquoise
EIF4E,turquoise
EIF4EBP2,turquoise
EIF4EBP3,turquoise
EIF4ENIF1,turquoise
EIF4G2,turquoise
EIF4H,turquoise
EIF5A,turquoise
EIF5B,turquoise
EIF6,turquoise
ELAC2,turquoise
ELF2,turquoise
ELFN2,turquoise
ELK3,turquoise
ELK4,turquoise
ELL,turquoise
ELMO2,turquoise
ELMOD2,turquoise
ELOF1,turquoise
ELOVL2,turquoise
ELOVL5,turquoise
ELP2,turquoise
ELP2P,turquoise
ELP3,turquoise
ELP4,turquoise
EMB,turquoise
EME1,turquoise
EMID2,turquoise
EMILIN2,turquoise
EML4,turquoise
EML5,turquoise
EML6,turquoise
EMP2,turquoise
ENC1,turquoise
ENDOD1,turquoise
ENO1,turquoise
ENOX1,turquoise
ENPP4,turquoise
ENPP5,turquoise
ENSA,turquoise
ENTPD2,turquoise
ENTPD4,turquoise
ENY2,turquoise
EPB41L2,turquoise
EPB41L5,turquoise
EPHA5,turquoise
EPHB2,turquoise
EPHB3,turquoise
EPHX4,turquoise
EPM2A,turquoise
EPN1,turquoise
EPRS,turquoise
EPS8,turquoise
EPS8L1,turquoise
ERAL1,turquoise
ERBB2,turquoise
ERBB2IP,turquoise
ERBB4,turquoise
ERC1,turquoise
ERCC1,turquoise
ERCC2,turquoise
ERCC5,turquoise
ERCC6,turquoise
ERGIC3,turquoise
ERI1,turquoise
ERMP1,turquoise
ERN1,turquoise
ERO1L,turquoise
ERO1LB,turquoise
ERP29,turquoise
ERP44,turquoise
ESCO2,turquoise
ESD,turquoise
ESF1,turquoise
ESRP2,turquoise
ESRRG,turquoise
ESYT1,turquoise
ESYT2,turquoise
ETAA1,turquoise
ETNK1,turquoise
ETS1,turquoise
ETV1,turquoise
ETV2,turquoise
ETV4,turquoise
ETV5,turquoise
ETV6,turquoise
EVC,turquoise
EVI5L,turquoise
EVX1,turquoise
EWSR1,turquoise
EXOC1,turquoise
EXOC3,turquoise
EXOC4,turquoise
EXOC7,turquoise
EXOG,turquoise
EXOSC10,turquoise
EXOSC2,turquoise
EXOSC4,turquoise
EXOSC6,turquoise
EXOSC8,turquoise
EXOSC9,turquoise
EXPH5,turquoise
EXT1,turquoise
EYA2,turquoise
EZH1,turquoise
EZH2,turquoise
F2R,turquoise
FAAH,turquoise
FADS1,turquoise
FAIM,turquoise
FAM100A,turquoise
FAM102B,turquoise
FAM103A1,turquoise
FAM104A,turquoise
FAM105B,turquoise
FAM109A,turquoise
FAM110A,turquoise
FAM114A1,turquoise
FAM115A,turquoise
FAM117A,turquoise
FAM119A,turquoise
FAM120AOS,turquoise
FAM120B,turquoise
FAM123A,turquoise
FAM126A,turquoise
FAM129A,turquoise
FAM131A,turquoise
FAM134A,turquoise
FAM134B,turquoise
FAM134C,turquoise
FAM135A,turquoise
FAM149A,turquoise
FAM150B,turquoise
FAM155A,turquoise
FAM162A,turquoise
FAM164C,turquoise
FAM165B,turquoise
FAM168A,turquoise
FAM168B,turquoise
FAM171A1,turquoise
FAM171A2,turquoise
FAM178A,turquoise
FAM183A,turquoise
FAM188B,turquoise
FAM189A1,turquoise
FAM192A,turquoise
FAM194A,turquoise
FAM196B,turquoise
FAM19A2,turquoise
FAM19A5,turquoise
FAM20B,turquoise
FAM38A,turquoise
FAM3B,turquoise
FAM3C,turquoise
FAM3D,turquoise
FAM43A,turquoise
FAM45B,turquoise
FAM46C,turquoise
FAM47E,turquoise
FAM48A,turquoise
FAM49B,turquoise
FAM54A,turquoise
FAM55C,turquoise
FAM59A,turquoise
FAM59B,turquoise
FAM5B,turquoise
FAM5C,turquoise
FAM60A,turquoise
FAM63A,turquoise
FAM63B,turquoise
FAM64A,turquoise
FAM69C,turquoise
FAM71E1,turquoise
FAM73A,turquoise
FAM73B,turquoise
FAM78A,turquoise
FAM81A,turquoise
FAM82A2,turquoise
FAM83D,turquoise
FAM8A1,turquoise
FAM96A,turquoise
FAM96B,turquoise
FAM98A,turquoise
FAM98B,turquoise
FAM98C,turquoise
FANCA,turquoise
FANCF,turquoise
FANCG,turquoise
FANCI,turquoise
FAR1,turquoise
FARP1,turquoise
FARSB,turquoise
FASN,turquoise
FASTK,turquoise
FASTKD1,turquoise
FASTKD5,turquoise
FAU,turquoise
FBL,turquoise
FBRSL1,turquoise
FBXL15,turquoise
FBXL19,turquoise
FBXL20,turquoise
FBXL4,turquoise
FBXL7,turquoise
FBXO15,turquoise
FBXO16,turquoise
FBXO21,turquoise
FBXO22,turquoise
FBXO25,turquoise
FBXO3,turquoise
FBXO30,turquoise
FBXO31,turquoise
FBXO34,turquoise
FBXO36,turquoise
FBXO42,turquoise
FBXO43,turquoise
FBXO44,turquoise
FBXO5,turquoise
FBXO7,turquoise
FBXO8,turquoise
FBXO9,turquoise
FBXW11,turquoise
FBXW8,turquoise
FBXW9,turquoise
FCF1,turquoise
FCRLB,turquoise
FDFT1,turquoise
FDPS,turquoise
FDX1,turquoise
FDX1L,turquoise
FDXR,turquoise
FECH,turquoise
FEM1A,turquoise
FEM1C,turquoise
FER,turquoise
FERMT2,turquoise
FEZ2,turquoise
FEZF1,turquoise
FEZF2,turquoise
FGF12,turquoise
FGF14,turquoise
FGFR1OP,turquoise
FGFRL1,turquoise
FGGY,turquoise
FHL3,turquoise
FIBP,turquoise
FICD,turquoise
FKBP10,turquoise
FKBP11,turquoise
FKBP1B,turquoise
FKBP2,turquoise
FKBP3,turquoise
FKBP5,turquoise
FKBP7,turquoise
FKBP8,turquoise
FKBPL,turquoise
FLCN,turquoise
FLI1,turquoise
FLJ26850,turquoise
FLJ31306,turquoise
FLJ32065,turquoise
FLJ35220,turquoise
FLJ36031,turquoise
FLJ39582,turquoise
FLJ39653,turquoise
FLJ41350,turquoise
FLJ41603,turquoise
FLJ42709,turquoise
FLJ43390,turquoise
FLJ43663,turquoise
FLJ45244,turquoise
FLJ45983,turquoise
FLNB,turquoise
FLOT1,turquoise
FLOT2,turquoise
FLRT2,turquoise
FLRT3,turquoise
FLYWCH1,turquoise
FLYWCH2,turquoise
FMNL2,turquoise
FMNL3,turquoise
FMO4,turquoise
FN1,turquoise
FN3KRP,turquoise
FNBP1,turquoise
FNBP4,turquoise
FNDC3A,turquoise
FNDC3B,turquoise
FNDC4,turquoise
FNTB,turquoise
FOS,turquoise
FOSL2,turquoise
FOXB1,turquoise
FOXD1,turquoise
FOXF1,turquoise
FOXG1,turquoise
FOXI3,turquoise
FOXJ1,turquoise
FOXK1,turquoise
FOXK2,turquoise
FOXM1,turquoise
FOXN3,turquoise
FOXN4,turquoise
FOXO1,turquoise
FOXO3,turquoise
FOXP1,turquoise
FOXP4,turquoise
FOXQ1,turquoise
FOXRED1,turquoise
FOXRED2,turquoise
FRAS1,turquoise
FREM2,turquoise
FRMD4A,turquoise
FRMD4B,turquoise
FRMD5,turquoise
FRMD6,turquoise
FRS2,turquoise
FRY,turquoise
FSTL1,turquoise
FSTL3,turquoise
FSTL4,turquoise
FTH1,turquoise
FTO,turquoise
FTSJ3,turquoise
FTSJD1,turquoise
FTSJD2,turquoise
FUBP1,turquoise
FUK,turquoise
FUT10,turquoise
FUT4,turquoise
FUT8,turquoise
FUT9,turquoise
FUZ,turquoise
FXR1,turquoise
FXYD3,turquoise
FYCO1,turquoise
FYN,turquoise
FYTTD1,turquoise
FZR1,turquoise
G3BP1,turquoise
G6PC3,turquoise
GAA,turquoise
GABARAP,turquoise
GABBR1,turquoise
GABPB1,turquoise
GABPB2,turquoise
GABRA1,turquoise
GABRA2,turquoise
GABRA4,turquoise
GABRB1,turquoise
GABRG1,turquoise
GAD1,turquoise
GAD2,turquoise
GADD45A,turquoise
GALK2,turquoise
GALNT11,turquoise
GALNT13,turquoise
GALNT2,turquoise
GALNT6,turquoise
GALNT7,turquoise
GALNTL6,turquoise
GALR1,turquoise
GAMT,turquoise
GAN,turquoise
GANC,turquoise
GAP43,turquoise
GAR1,turquoise
GARS,turquoise
GART,turquoise
GAS1,turquoise
GAS2,turquoise
GAS7,turquoise
GATA2,turquoise
GATA5,turquoise
GATA6,turquoise
GATAD2A,turquoise
GATAD2B,turquoise
GATSL3,turquoise
GBA,turquoise
GBAP1,turquoise
GBF1,turquoise
GCA,turquoise
GCAT,turquoise
GCDH,turquoise
GCLC,turquoise
GCLM,turquoise
GCSH,turquoise
GDAP2,turquoise
GDI2,turquoise
GDNF,turquoise
GDPD1,turquoise
GEM,turquoise
GEMIN6,turquoise
GEMIN7,turquoise
GEN1,turquoise
GFER,turquoise
GFI1,turquoise
GFM1,turquoise
GFOD1,turquoise
GFOD2,turquoise
GGA1,turquoise
GGA2,turquoise
GGPS1,turquoise
GGT7,turquoise
GHITM,turquoise
GIGYF2,turquoise
GINS1,turquoise
GJA1,turquoise
GLB1,turquoise
GLE1,turquoise
GLG1,turquoise
GLRA3,turquoise
GLRB,turquoise
GLRX,turquoise
GLRX2,turquoise
GLRX3,turquoise
GLRX5,turquoise
GLS,turquoise
GLS2,turquoise
GLT25D1,turquoise
GLT8D1,turquoise
GLTPD1,turquoise
GLTSCR2,turquoise
GLUL,turquoise
GM2A,turquoise
GMEB1,turquoise
GMFB,turquoise
GMPPA,turquoise
GNAI2,turquoise
GNAI3,turquoise
GNAL,turquoise
GNAO1,turquoise
GNAS,turquoise
GNB1L,turquoise
GNB2,turquoise
GNB2L1,turquoise
GNB4,turquoise
GNG12,turquoise
GNG13,turquoise
GNG7,turquoise
GNL1,turquoise
GNL3,turquoise
GNPAT,turquoise
GNPDA1,turquoise
GNPDA2,turquoise
GNPNAT1,turquoise
GNRHR2,turquoise
GNS,turquoise
GOLGA4,turquoise
GOLGA7,turquoise
GOLIM4,turquoise
GOLPH3L,turquoise
GOLSYN,turquoise
GON4L,turquoise
GORASP2,turquoise
GOSR1,turquoise
GOSR2,turquoise
GOT2,turquoise
GPA33,turquoise
GPAM,turquoise
GPATCH1,turquoise
GPATCH2,turquoise
GPATCH3,turquoise
GPATCH4,turquoise
GPC5,turquoise
GPC6,turquoise
GPN1,turquoise
GPN3,turquoise
GPR108,turquoise
GPR113,turquoise
GPR137B,turquoise
GPR155,turquoise
GPR158,turquoise
GPR37,turquoise
GPR83,turquoise
GPRC5B,turquoise
GPT2,turquoise
GPX7,turquoise
GRAMD1A,turquoise
GRAMD1B,turquoise
GRAMD1C,turquoise
GRASP,turquoise
GRB10,turquoise
GRB2,turquoise
GRIA2,turquoise
GRIA4,turquoise
GRID2,turquoise
GRIK1,turquoise
GRIK2,turquoise
GRIN1,turquoise
GRIN2A,turquoise
GRK4,turquoise
GRK6,turquoise
GRM1,turquoise
GRM7,turquoise
GRM8,turquoise
GRPEL1,turquoise
GRSF1,turquoise
GRWD1,turquoise
GSC,turquoise
GSG1L,turquoise
GSK3A,turquoise
GSK3B,turquoise
GSS,turquoise
GSTA4,turquoise
GSTO1,turquoise
GSTO2,turquoise
GTDC1,turquoise
GTF2A1,turquoise
GTF2B,turquoise
GTF2E1,turquoise
GTF2E2,turquoise
GTF2F1,turquoise
GTF2H1,turquoise
GTF2H3,turquoise
GTF2H4,turquoise
GTF2I,turquoise
GTF3C1,turquoise
GTF3C3,turquoise
GTF3C4,turquoise
GTF3C5,turquoise
GTPBP10,turquoise
GTPBP3,turquoise
GTPBP8,turquoise
GTSE1,turquoise
GUCY1B3,turquoise
GULP1,turquoise
GXYLT1,turquoise
GXYLT2,turquoise
GYS1,turquoise
H1FX,turquoise
H2AFX,turquoise
H2AFZ,turquoise
HACL1,turquoise
HADH,turquoise
HADHA,turquoise
HAGH,turquoise
HAND1,turquoise
HAP1,turquoise
HARS2,turquoise
HAS2,turquoise
HAS2AS,turquoise
HAS3,turquoise
HAT1,turquoise
HAUS4,turquoise
HAUS5,turquoise
HAUS8,turquoise
HAX1,turquoise
HBM,turquoise
HBS1L,turquoise
HBXIP,turquoise
HCCA2,turquoise
HCFC1R1,turquoise
HCFC2,turquoise
HCG11,turquoise
HCG4P6,turquoise
HCRTR1,turquoise
HDAC10,turquoise
HDAC2,turquoise
HDAC4,turquoise
HDAC7,turquoise
HDAC9,turquoise
HDGF,turquoise
HDGF2,turquoise
HDHD2,turquoise
HDLBP,turquoise
HEATR1,turquoise
HEATR3,turquoise
HEATR4,turquoise
HEATR5B,turquoise
HEATR6,turquoise
HELB,turquoise
HELLS,turquoise
HELZ,turquoise
HERC3,turquoise
HERC4,turquoise
HERC5,turquoise
HERC6,turquoise
HES2,turquoise
HEXA,turquoise
HEXIM1,turquoise
HEXIM2,turquoise
HEY1,turquoise
HEY2,turquoise
HGS,turquoise
HHIP,turquoise
HIAT1,turquoise
HIATL1,turquoise
HIBADH,turquoise
HIBCH,turquoise
HIC1,turquoise
HIF3A,turquoise
HIGD2B,turquoise
HIP1,turquoise
HIP1R,turquoise
HIPK1,turquoise
HIPK3,turquoise
HIRA,turquoise
HIRIP3,turquoise
HIST1H1D,turquoise
HIST1H1E,turquoise
HIST1H2AC,turquoise
HIST1H2AD,turquoise
HIST1H2AE,turquoise
HIST1H2AG,turquoise
HIST1H2AI,turquoise
HIST1H2AL,turquoise
HIST1H2BB,turquoise
HIST1H2BD,turquoise
HIST1H2BI,turquoise
HIST1H2BK,turquoise
HIST1H3B,turquoise
HIST1H3C,turquoise
HIST1H3H,turquoise
HIST1H4D,turquoise
HIST1H4E,turquoise
HIST1H4F,turquoise
HIST1H4H,turquoise
HIST2H2AB,turquoise
HIST2H2BE,turquoise
HIST3H2A,turquoise
HIVEP2,turquoise
HIVEP3,turquoise
HLA-DPB2,turquoise
HLA-DQB2,turquoise
HLA-E,turquoise
HLA-F,turquoise
HLA-J,turquoise
HLA-L,turquoise
HLTF,turquoise
HLX,turquoise
HMG20B,turquoise
HMGA2,turquoise
HMGCL,turquoise
HMGCR,turquoise
HMGCS1,turquoise
HMGN2,turquoise
HMGN3,turquoise
HMGN4,turquoise
HMOX2,turquoise
HN1,turquoise
HN1L,turquoise
HNMT,turquoise
HNRNPA0,turquoise
HNRNPA1,turquoise
HNRNPAB,turquoise
HNRNPC,turquoise
HNRNPD,turquoise
HNRNPH1,turquoise
HNRNPK,turquoise
HNRNPL,turquoise
HNRNPM,turquoise
HNRNPR,turquoise
HNRNPU,turquoise
HNRNPUL2,turquoise
HNRPA1L-2,turquoise
HNRPDL,turquoise
HNRPLL,turquoise
HOMER1,turquoise
HOMER2,turquoise
HOMER3,turquoise
HOXA7,turquoise
HOXB4,turquoise
HOXB7,turquoise
HOXC10,turquoise
HOXC4,turquoise
HOXC8,turquoise
HOXD8,turquoise
HP1BP3,turquoise
HPCAL4,turquoise
HPGD,turquoise
HPS3,turquoise
HPS5,turquoise
HPSE,turquoise
HRASLS5,turquoise
HS1BP3,turquoise
HS3ST4,turquoise
HS6ST1,turquoise
HSBP1,turquoise
HSD11B1L,turquoise
HSD17B11,turquoise
HSD17B12,turquoise
HSDL2,turquoise
HSF2BP,turquoise
HSF4,turquoise
HSP90AA1,turquoise
HSP90AB1,turquoise
HSPA13,turquoise
HSPA1B,turquoise
HSPA5,turquoise
HSPC072,turquoise
HSPC157,turquoise
HSPD1,turquoise
HSPH1,turquoise
HTR1A,turquoise
HTR2A,turquoise
HTR7P,turquoise
HTRA2,turquoise
HTT,turquoise
HUNK,turquoise
HYAL3,turquoise
HYDIN,turquoise
HYLS1,turquoise
IARS,turquoise
IBTK,turquoise
ICAM5,turquoise
ICK,turquoise
ICMT,turquoise
ID1,turquoise
ID2,turquoise
IDE,turquoise
IDH2,turquoise
IDH3A,turquoise
IDI1,turquoise
IDUA,turquoise
IER2,turquoise
IFI27L2,turquoise
IFI35,turquoise
IFI6,turquoise
IFIT2,turquoise
IFIT5,turquoise
IFNAR2,turquoise
IFNGR2,turquoise
IFRD1,turquoise
IFT122,turquoise
IFT140,turquoise
IFT52,turquoise
IFT74,turquoise
IFT80,turquoise
IFT88,turquoise
IGDCC3,turquoise
IGF1R,turquoise
IGF2BP1,turquoise
IGF2R,turquoise
IGFBP3,turquoise
IGHMBP2,turquoise
IGSF3,turquoise
IGSF9B,turquoise
IKBIP,turquoise
IKBKE,turquoise
IKZF5,turquoise
IL16,turquoise
IL17RC,turquoise
IL17RD,turquoise
IL1RAP,turquoise
IL34,turquoise
IL6ST,turquoise
ILDR2,turquoise
ILF2,turquoise
ILF3,turquoise
IMMP2L,turquoise
IMMT,turquoise
IMP3,turquoise
IMP4,turquoise
IMPA2,turquoise
IMPAD1,turquoise
INA,turquoise
INCA1,turquoise
INCENP,turquoise
ING1,turquoise
ING3,turquoise
ING4,turquoise
INO80B,turquoise
INO80C,turquoise
INPP5E,turquoise
INPP5K,turquoise
INSIG2,turquoise
INSM2,turquoise
INSR,turquoise
INTS1,turquoise
INTS2,turquoise
INTS6,turquoise
INTU,turquoise
IPMK,turquoise
IPO11,turquoise
IPO13,turquoise
IPO4,turquoise
IPO9,turquoise
IQCB1,turquoise
IQCC,turquoise
IQCH,turquoise
IQGAP1,turquoise
IQGAP2,turquoise
IQUB,turquoise
IRF2,turquoise
IRF2BP1,turquoise
IRF2BP2,turquoise
IRF3,turquoise
IRS1,turquoise
ISCU,turquoise
ISG15,turquoise
ISLR2,turquoise
ISM1,turquoise
ISY1,turquoise
ITFG2,turquoise
ITGA1,turquoise
ITGA3,turquoise
ITGA5,turquoise
ITGA7,turquoise
ITGB1,turquoise
ITGB3BP,turquoise
ITGB4,turquoise
ITM2B,turquoise
ITPKB,turquoise
ITPR1,turquoise
ITPRIPL2,turquoise
IVD,turquoise
IVNS1ABP,turquoise
IWS1,turquoise
JAG2,turquoise
JAM2,turquoise
JAM3,turquoise
JARID2,turquoise
JAZF1,turquoise
JMJD1C,turquoise
JMJD7,turquoise
JOSD1,turquoise
JOSD2,turquoise
JPH3,turquoise
JUB,turquoise
JUN,turquoise
JUNB,turquoise
JUP,turquoise
KATNAL1,turquoise
KATNB1,turquoise
KAZALD1,turquoise
KBTBD3,turquoise
KBTBD4,turquoise
KBTBD6,turquoise
KCNA1,turquoise
KCNB1,turquoise
KCNB2,turquoise
KCNC3,turquoise
KCNC4,turquoise
KCNG3,turquoise
KCNH2,turquoise
KCNH7,turquoise
KCNIP2,turquoise
KCNIP3,turquoise
KCNIP4,turquoise
KCNJ10,turquoise
KCNJ12,turquoise
KCNJ3,turquoise
KCNJ6,turquoise
KCNK1,turquoise
KCNK10,turquoise
KCNK13,turquoise
KCNK5,turquoise
KCNN1,turquoise
KCNQ1,turquoise
KCNQ3,turquoise
KCNQ4,turquoise
KCNQ5,turquoise
KCNT1,turquoise
KCNV1,turquoise
KCTD1,turquoise
KCTD12,turquoise
KCTD13,turquoise
KCTD5,turquoise
KCTD9,turquoise
KDELC2,turquoise
KDELR1,turquoise
KDM1A,turquoise
KDM2A,turquoise
KDM2B,turquoise
KDM3A,turquoise
KDM4B,turquoise
KDM4D,turquoise
KDM5A,turquoise
KDM6B,turquoise
KEAP1,turquoise
KHDC1,turquoise
KHDRBS1,turquoise
KHDRBS2,turquoise
KHDRBS3,turquoise
KHSRP,turquoise
KIAA0020,turquoise
KIAA0100,turquoise
KIAA0174,turquoise
KIAA0182,turquoise
KIAA0226,turquoise
KIAA0355,turquoise
KIAA0415,turquoise
KIAA0495,turquoise
KIAA0513,turquoise
KIAA0528,turquoise
KIAA0586,turquoise
KIAA0652,turquoise
KIAA0754,turquoise
KIAA0892,turquoise
KIAA0895,turquoise
KIAA0922,turquoise
KIAA1012,turquoise
KIAA1026,turquoise
KIAA1033,turquoise
KIAA1045,turquoise
KIAA1191,turquoise
KIAA1217,turquoise
KIAA1377,turquoise
KIAA1383,turquoise
KIAA1522,turquoise
KIAA1524,turquoise
KIAA1529,turquoise
KIAA1530,turquoise
KIAA1539,turquoise
KIAA1543,turquoise
KIAA1549,turquoise
KIAA1632,turquoise
KIAA1712,turquoise
KIAA1731,turquoise
KIAA1737,turquoise
KIAA1841,turquoise
KIAA1919,turquoise
KIAA1949,turquoise
KIAA1967,turquoise
KIAA1984,turquoise
KIAA2018,turquoise
KIDINS220,turquoise
KIF11,turquoise
KIF13A,turquoise
KIF13B,turquoise
KIF14,turquoise
KIF17,turquoise
KIF1A,turquoise
KIF1B,turquoise
KIF25,turquoise
KIF2C,turquoise
KIF3B,turquoise
KIF5B,turquoise
KIF5C,turquoise
KIF6,turquoise
KIF9,turquoise
KIFAP3,turquoise
KIFC1,turquoise
KIFC2,turquoise
KIFC3,turquoise
KIN,turquoise
KIRREL,turquoise
KIRREL2,turquoise
KISS1R,turquoise
KLC2,turquoise
KLC4,turquoise
KLF10,turquoise
KLF11,turquoise
KLF12,turquoise
KLF16,turquoise
KLF5,turquoise
KLF7,turquoise
KLF9,turquoise
KLHDC10,turquoise
KLHDC5,turquoise
KLHDC9,turquoise
KLHL20,turquoise
KLHL23,turquoise
KLHL24,turquoise
KLHL26,turquoise
KLHL35,turquoise
KLHL36,turquoise
KLHL6,turquoise
KLHL7,turquoise
KPNA2,turquoise
KPNA3,turquoise
KPNA4,turquoise
KPNA5,turquoise
KPNA6,turquoise
KPNB1,turquoise
KRAS,turquoise
KRBA1,turquoise
KRR1,turquoise
KSR2,turquoise
L2HGDH,turquoise
L3MBTL2,turquoise
L3MBTL3,turquoise
L3MBTL4,turquoise
LACTB,turquoise
LAMA3,turquoise
LAMA4,turquoise
LANCL2,turquoise
LAP3,turquoise
LAPTM4A,turquoise
LAPTM4B,turquoise
LARP4,turquoise
LARP6,turquoise
LARP7,turquoise
LARS2,turquoise
LASS5,turquoise
LBH,turquoise
LBR,turquoise
LCMT1,turquoise
LCOR,turquoise
LCORL,turquoise
LDB1,turquoise
LDB3,turquoise
LDLRAD3,turquoise
LEF1,turquoise
LEMD2,turquoise
LENG8,turquoise
LEO1,turquoise
LEPREL2,turquoise
LEPROT,turquoise
LETM2,turquoise
LETMD1,turquoise
LGALS1,turquoise
LGI4,turquoise
LHFPL5,turquoise
LHX1,turquoise
LHX2,turquoise
LHX3,turquoise
LHX5,turquoise
LHX9,turquoise
LIAS,turquoise
LIFR,turquoise
LIMCH1,turquoise
LIMK2,turquoise
LIMS2,turquoise
LIN28,turquoise
LIN37,turquoise
LIN54,turquoise
LINGO3,turquoise
LIPE,turquoise
LIPT2,turquoise
LLPH,turquoise
LMAN2,turquoise
LMAN2L,turquoise
LMBR1L,turquoise
LMBRD1,turquoise
LMCD1,turquoise
LMLN,turquoise
LMNA,turquoise
LMNB1,turquoise
LMO2,turquoise
LMO3,turquoise
LMO4,turquoise
LMTK2,turquoise
LMTK3,turquoise
LMX1A,turquoise
LNP1,turquoise
LNPEP,turquoise
LOC100128164,turquoise
LOC100128542,turquoise
LOC100128811,turquoise
LOC100128822,turquoise
LOC100129716,turquoise
LOC100130987,turquoise
LOC100133612,turquoise
LOC100133991,turquoise
LOC100134368,turquoise
LOC100189589,turquoise
LOC100190939,turquoise
LOC100190940,turquoise
LOC100216545,turquoise
LOC100268168,turquoise
LOC100286844,turquoise
LOC100288730,turquoise
LOC100289341,turquoise
LOC100289511,turquoise
LOC100302652,turquoise
LOC144571,turquoise
LOC145663,turquoise
LOC145783,turquoise
LOC148709,turquoise
LOC151174,turquoise
LOC153328,turquoise
LOC153684,turquoise
LOC253724,turquoise
LOC256880,turquoise
LOC285375,turquoise
LOC285456,turquoise
LOC285696,turquoise
LOC285830,turquoise
LOC286016,turquoise
LOC338799,turquoise
LOC339290,turquoise
LOC344595,turquoise
LOC374443,turquoise
LOC388588,turquoise
LOC399959,turquoise
LOC400027,turquoise
LOC400657,turquoise
LOC401093,turquoise
LOC401397,turquoise
LOC404266,turquoise
LOC440356,turquoise
LOC440944,turquoise
LOC441046,turquoise
LOC552889,turquoise
LOC619207,turquoise
LOC645323,turquoise
LOC647121,turquoise
LOC647979,turquoise
LOC651250,turquoise
LOC652276,turquoise
LOC653113,turquoise
LOC728323,turquoise
LOC728392,turquoise
LOC729082,turquoise
LOC729338,turquoise
LOC729991-MEF2B,turquoise
LOC730101,turquoise
LOC93622,turquoise
LONRF1,turquoise
LPCAT2,turquoise
LPCAT3,turquoise
LPIN1,turquoise
LPPR3,turquoise
LPPR4,turquoise
LPXN,turquoise
LRBA,turquoise
LRCH3,turquoise
LRFN5,turquoise
LRGUK,turquoise
LRIG1,turquoise
LRIG3,turquoise
LRP1,turquoise
LRP11,turquoise
LRP1B,turquoise
LRPAP1,turquoise
LRRC1,turquoise
LRRC20,turquoise
LRRC29,turquoise
LRRC33,turquoise
LRRC34,turquoise
LRRC36,turquoise
LRRC41,turquoise
LRRC42,turquoise
LRRC45,turquoise
LRRC46,turquoise
LRRC47,turquoise
LRRC49,turquoise
LRRC50,turquoise
LRRC58,turquoise
LRRC67,turquoise
LRRC8B,turquoise
LRRC8D,turquoise
LRRCC1,turquoise
LRRFIP2,turquoise
LRRIQ3,turquoise
LRRK1,turquoise
LRSAM1,turquoise
LRWD1,turquoise
LSG1,turquoise
LSM11,turquoise
LSM14A,turquoise
LSM14B,turquoise
LSM3,turquoise
LSM4,turquoise
LSM5,turquoise
LSM6,turquoise
LTB,turquoise
LUC7L,turquoise
LUC7L3,turquoise
LUZP1,turquoise
LY6G5C,turquoise
LYNX1,turquoise
LYPD6B,turquoise
LYPLA2,turquoise
LYPLAL1,turquoise
LYSMD2,turquoise
LYSMD3,turquoise
LZTS2,turquoise
M6PR,turquoise
MACROD2,turquoise
MAD2L1,turquoise
MAD2L1BP,turquoise
MAD2L2,turquoise
MADD,turquoise
MAF,turquoise
MAFB,turquoise
MAFK,turquoise
MAGI2,turquoise
MAGI3,turquoise
MAGMAS,turquoise
MAGOH,turquoise
MAGOHB,turquoise
MALAT1,turquoise
MALT1,turquoise
MAML2,turquoise
MAML3,turquoise
MAN1A1,turquoise
MAN1C1,turquoise
MAN2A1,turquoise
MAN2C1,turquoise
MANEAL,turquoise
MANSC1,turquoise
MAP1B,turquoise
MAP2K3,turquoise
MAP2K4,turquoise
MAP2K7,turquoise
MAP3K1,turquoise
MAP3K13,turquoise
MAP3K14,turquoise
MAP3K3,turquoise
MAP3K7IP1,turquoise
MAP3K9,turquoise
MAP4,turquoise
MAP4K1,turquoise
MAP4K5,turquoise
MAP7,turquoise
MAPK3,turquoise
MAPK6,turquoise
MAPK7,turquoise
MAPK8IP2,turquoise
MAPKAPK5,turquoise
MAPRE1,turquoise
MAPRE2,turquoise
MAPRE3,turquoise
MAR-01,turquoise
MAR-02,turquoise
MAR-06,turquoise
MAR-08,turquoise
MAR-11,turquoise
MARCKS,turquoise
MARCKSL1,turquoise
MARK2,turquoise
MARK3,turquoise
MARS,turquoise
MAST3,turquoise
MAST4,turquoise
MAT2B,turquoise
MATN1,turquoise
MATN2,turquoise
MATN3,turquoise
MATR3,turquoise
MAVS,turquoise
MAX,turquoise
MAZ,turquoise
MBD2,turquoise
MBD3,turquoise
MBD6,turquoise
MBLAC1,turquoise
MBNL1,turquoise
MBOAT2,turquoise
MBOAT7,turquoise
MBP,turquoise
MBTPS1,turquoise
MC1R,turquoise
MCCC1,turquoise
MCCC2,turquoise
MCEE,turquoise
MCFD2,turquoise
MCL1,turquoise
MCM3,turquoise
MCM3AP,turquoise
MCM4,turquoise
MCM5,turquoise
MCM6,turquoise
MCM7,turquoise
MCM8,turquoise
MCOLN1,turquoise
MCPH1,turquoise
MDC1,turquoise
MDGA1,turquoise
MDGA2,turquoise
MDH1,turquoise
MDH1B,turquoise
MDH2,turquoise
MDM1,turquoise
MDM2,turquoise
MDP1,turquoise
ME3,turquoise
MED10,turquoise
MED11,turquoise
MED12L,turquoise
MED13,turquoise
MED13L,turquoise
MED15,turquoise
MED18,turquoise
MED19,turquoise
MED20,turquoise
MED25,turquoise
MED28,turquoise
MED29,turquoise
MED6,turquoise
MED9,turquoise
MEF2C,turquoise
MEF2D,turquoise
MEGF10,turquoise
MEGF11,turquoise
MEGF6,turquoise
MEGF8,turquoise
MEIS3,turquoise
MEMO1,turquoise
MEN1,turquoise
MEOX2,turquoise
MEPCE,turquoise
MESDC2,turquoise
METAP1,turquoise
METAP2,turquoise
METT10D,turquoise
METTL14,turquoise
METTL3,turquoise
METTL4,turquoise
MEX3A,turquoise
MFAP3,turquoise
MFGE8,turquoise
MFSD2A,turquoise
MFSD8,turquoise
MFSD9,turquoise
MGA,turquoise
MGAT1,turquoise
MGAT2,turquoise
MGAT4A,turquoise
MGC12982,turquoise
MGC23284,turquoise
MGEA5,turquoise
MGST3,turquoise
MIAT,turquoise
MIB2,turquoise
MICALL1,turquoise
MICALL2,turquoise
MICB,turquoise
MIER1,turquoise
MIER2,turquoise
MIER3,turquoise
MIF,turquoise
MIF4GD,turquoise
MINK1,turquoise
MIR10A,turquoise
MIR1181,turquoise
MIR1227,turquoise
MIR129-2,turquoise
MIR1539,turquoise
MIR17HG,turquoise
MIR181C,turquoise
MIR345,turquoise
MIR34B,turquoise
MIR423,turquoise
MIR449C,turquoise
MIR548H4,turquoise
MIR548N,turquoise
MIR611,turquoise
MIR632,turquoise
MIR636,turquoise
MIR760,turquoise
MIR886,turquoise
MIR92B,turquoise
MIRLET7I,turquoise
MITF,turquoise
MKI67IP,turquoise
MKLN1,turquoise
MKNK2,turquoise
MLEC,turquoise
MLF1IP,turquoise
MLF2,turquoise
MLH1,turquoise
MLL,turquoise
MLL2,turquoise
MLL4,turquoise
MLL5,turquoise
MLLT1,turquoise
MLLT10,turquoise
MLLT11,turquoise
MLLT3,turquoise
MLLT4,turquoise
MLXIPL,turquoise
MMAA,turquoise
MMADHC,turquoise
MMD,turquoise
MMD2,turquoise
MMP15,turquoise
MMP16,turquoise
MMP24,turquoise
MMP25,turquoise
MMS19,turquoise
MN1,turquoise
MNS1,turquoise
MOBKL1B,turquoise
MOBKL2B,turquoise
MOBKL3,turquoise
MOCS2,turquoise
MON1B,turquoise
MON2,turquoise
MORC3,turquoise
MORF4L1,turquoise
MORG1,turquoise
MORN4,turquoise
MOSC2,turquoise
MOSPD3,turquoise
MOV10L1,turquoise
MPDU1,turquoise
MPHOSPH6,turquoise
MPHOSPH8,turquoise
MPI,turquoise
MPND,turquoise
MPP3,turquoise
MPPE1,turquoise
MPV17,turquoise
MPV17L,turquoise
MPV17L2,turquoise
MPZL1,turquoise
MRE11A,turquoise
MREG,turquoise
MRFAP1,turquoise
MRFAP1L1,turquoise
MRI1,turquoise
MRM1,turquoise
MRO,turquoise
MRPL1,turquoise
MRPL10,turquoise
MRPL14,turquoise
MRPL15,turquoise
MRPL17,turquoise
MRPL19,turquoise
MRPL20,turquoise
MRPL21,turquoise
MRPL22,turquoise
MRPL23,turquoise
MRPL3,turquoise
MRPL30,turquoise
MRPL32,turquoise
MRPL33,turquoise
MRPL36,turquoise
MRPL4,turquoise
MRPL44,turquoise
MRPL46,turquoise
MRPL48,turquoise
MRPL50,turquoise
MRPL51,turquoise
MRPL52,turquoise
MRPL53,turquoise
MRPL54,turquoise
MRPS10,turquoise
MRPS11,turquoise
MRPS12,turquoise
MRPS14,turquoise
MRPS17,turquoise
MRPS18A,turquoise
MRPS18B,turquoise
MRPS21,turquoise
MRPS23,turquoise
MRPS25,turquoise
MRPS27,turquoise
MRPS30,turquoise
MRPS31,turquoise
MRPS35,turquoise
MRPS5,turquoise
MRPS6,turquoise
MRPS9,turquoise
MRTO4,turquoise
MSH2,turquoise
MSH3,turquoise
MSH5,turquoise
MSH6,turquoise
MSI1,turquoise
MSI2,turquoise
MSL1,turquoise
MSL2,turquoise
MT3,turquoise
MTA1,turquoise
MTBP,turquoise
MTCH1,turquoise
MTCH2,turquoise
MTERF,turquoise
MTERFD2,turquoise
MTERFD3,turquoise
MTFR1,turquoise
MTHFS,turquoise
MTHFSD,turquoise
MTIF3,turquoise
MTL5,turquoise
MTMR10,turquoise
MTMR12,turquoise
MTMR14,turquoise
MTMR15,turquoise
MTMR3,turquoise
MTMR4,turquoise
MTMR6,turquoise
MTMR9,turquoise
MTO1,turquoise
MTOR,turquoise
MTR,turquoise
MTRF1,turquoise
MTRF1L,turquoise
MTRR,turquoise
MTSS1,turquoise
MTUS1,turquoise
MTUS2,turquoise
MUDENG,turquoise
MUL1,turquoise
MUTED,turquoise
MUTYH,turquoise
MVK,turquoise
MXD1,turquoise
MXD4,turquoise
MXI1,turquoise
MYADM,turquoise
MYBPC2,turquoise
MYC,turquoise
MYCBP,turquoise
MYCBP2,turquoise
MYCL1,turquoise
MYCN,turquoise
MYCNOS,turquoise
MYH10,turquoise
MYL12A,turquoise
MYL12B,turquoise
MYL6,turquoise
MYO19,turquoise
MYO9A,turquoise
MYO9B,turquoise
MYOCD,turquoise
MYOF,turquoise
MYOM2,turquoise
MYPOP,turquoise
MYST4,turquoise
MYT1L,turquoise
MZF1,turquoise
N4BP1,turquoise
N4BP2,turquoise
N4BP2L2,turquoise
NAA16,turquoise
NAA20,turquoise
NAA38,turquoise
NAB2,turquoise
NACA,turquoise
NACAD,turquoise
NADK,turquoise
NAE1,turquoise
NAF1,turquoise
NAGA,turquoise
NAGPA,turquoise
NAGS,turquoise
NANS,turquoise
NAP1L1,turquoise
NAP1L4,turquoise
NAPA,turquoise
NARF,turquoise
NASP,turquoise
NAT14,turquoise
NAT15,turquoise
NAT8L,turquoise
NAV2,turquoise
NBAS,turquoise
NBEA,turquoise
NBN,turquoise
NBR1,turquoise
NBR2,turquoise
NCAM1,turquoise
NCAN,turquoise
NCAPH2,turquoise
NCDN,turquoise
NCEH1,turquoise
NCK1,turquoise
NCK2,turquoise
NCKAP1,turquoise
NCL,turquoise
NCLN,turquoise
NCOA3,turquoise
NCOA4,turquoise
NCOA5,turquoise
NCOA6,turquoise
NCOR2,turquoise
NCRNA00081,turquoise
NCRNA00085,turquoise
NCRNA00120,turquoise
NCRNA00167,turquoise
NCRNA00171,turquoise
NCRNA00188,turquoise
NCRNA00219,turquoise
NCSTN,turquoise
NDC80,turquoise
NDE1,turquoise
NDEL1,turquoise
NDFIP2,turquoise
NDNL2,turquoise
NDRG1,turquoise
NDRG2,turquoise
NDRG4,turquoise
NDST2,turquoise
NDST3,turquoise
NDUFA13,turquoise
NDUFA2,turquoise
NDUFA3,turquoise
NDUFA4,turquoise
NDUFA4L2,turquoise
NDUFA5,turquoise
NDUFA7,turquoise
NDUFA9,turquoise
NDUFAB1,turquoise
NDUFAF4,turquoise
NDUFB1,turquoise
NDUFB10,turquoise
NDUFB3,turquoise
NDUFB7,turquoise
NDUFC1,turquoise
NDUFC2,turquoise
NDUFS3,turquoise
NDUFS4,turquoise
NDUFS5,turquoise
NDUFS6,turquoise
NDUFS7,turquoise
NDUFS8,turquoise
NDUFV3,turquoise
NEBL,turquoise
NECAB1,turquoise
NECAB2,turquoise
NECAB3,turquoise
NECAP1,turquoise
NECAP2,turquoise
NEDD4,turquoise
NEDD4L,turquoise
NEDD8,turquoise
NEDD9,turquoise
NEFH,turquoise
NEFL,turquoise
NEFM,turquoise
NEIL2,turquoise
NEK11,turquoise
NEK2,turquoise
NEK3,turquoise
NEK4,turquoise
NEK5,turquoise
NEK6,turquoise
NEK8,turquoise
NELL1,turquoise
NELL2,turquoise
NES,turquoise
NETO1,turquoise
NETO2,turquoise
NEU1,turquoise
NEU3,turquoise
NEURL4,turquoise
NF1,turquoise
NF2,turquoise
NFATC2,turquoise
NFATC3,turquoise
NFE2L1,turquoise
NFE2L2,turquoise
NFIA,turquoise
NFIC,turquoise
NFKB1,turquoise
NFKBIA,turquoise
NFKBID,turquoise
NFU1,turquoise
NFXL1,turquoise
NFYC,turquoise
NGDN,turquoise
NGFR,turquoise
NGLY1,turquoise
NHLRC2,turquoise
NHLRC3,turquoise
NHP2L1,turquoise
NHSL1,turquoise
NICN1,turquoise
NID2,turquoise
NINJ1,turquoise
NINJ2,turquoise
NINL,turquoise
NIPA1,turquoise
NIPA2,turquoise
NIPAL3,turquoise
NIPBL,turquoise
NIPSNAP1,turquoise
NIPSNAP3A,turquoise
NISCH,turquoise
NKAIN2,turquoise
NKAIN3,turquoise
NKD1,turquoise
NKIRAS1,turquoise
NKPD1,turquoise
NKX6-2,turquoise
NLE1,turquoise
NLGN1,turquoise
NLK,turquoise
NLN,turquoise
NMB,turquoise
NMD3,turquoise
NME5,turquoise
NME6,turquoise
NME7,turquoise
NMNAT1,turquoise
NMT1,turquoise
NMT2,turquoise
NMUR1,turquoise
NNT,turquoise
NOC3L,turquoise
NOD1,turquoise
NOL12,turquoise
NOL4,turquoise
NOL7,turquoise
NOL8,turquoise
NOP10,turquoise
NOP16,turquoise
NOSIP,turquoise
NOVA1,turquoise
NOVA2,turquoise
NPAS1,turquoise
NPAS2,turquoise
NPAS4,turquoise
NPBWR1,turquoise
NPHP1,turquoise
NPHS2,turquoise
NPLOC4,turquoise
NPM1,turquoise
NPNT,turquoise
NPPC,turquoise
NPR3,turquoise
NPTN,turquoise
NPTXR,turquoise
NPY,turquoise
NPY1R,turquoise
NPY2R,turquoise
NPY5R,turquoise
NQO1,turquoise
NQO2,turquoise
NR1D1,turquoise
NR1D2,turquoise
NR1H2,turquoise
NR1H3,turquoise
NR2C1,turquoise
NR2F1,turquoise
NR2F2,turquoise
NR3C1,turquoise
NR4A1,turquoise
NR4A2,turquoise
NR4A3,turquoise
NRBP1,turquoise
NRBP2,turquoise
NRD1,turquoise
NRG1,turquoise
NRG2,turquoise
NRG3,turquoise
NRIP1,turquoise
NRM,turquoise
NRN1,turquoise
NRP2,turquoise
NRSN2,turquoise
NRXN1,turquoise
NSFL1C,turquoise
NSMAF,turquoise
NSMCE1,turquoise
NSUN3,turquoise
NSUN6,turquoise
NT5DC1,turquoise
NT5M,turquoise
NTAN1,turquoise
NTN1,turquoise
NTN4,turquoise
NTNG1,turquoise
NTRK2,turquoise
NTRK3,turquoise
NUAK1,turquoise
NUAK2,turquoise
NUBP1,turquoise
NUBPL,turquoise
NUCB1,turquoise
NUCB2,turquoise
NUCKS1,turquoise
NUDC,turquoise
NUDCD1,turquoise
NUDT15,turquoise
NUDT22,turquoise
NUDT3,turquoise
NUDT6,turquoise
NUDT7,turquoise
NUDT8,turquoise
NUFIP2,turquoise
NUMA1,turquoise
NUMBL,turquoise
NUP133,turquoise
NUP155,turquoise
NUP160,turquoise
NUP188,turquoise
NUP205,turquoise
NUP210,turquoise
NUP35,turquoise
NUP43,turquoise
NUP50,turquoise
NUP62,turquoise
NUP85,turquoise
NUP93,turquoise
NUP98,turquoise
NUPL1,turquoise
NUSAP1,turquoise
NXF1,turquoise
NXN,turquoise
NXPH1,turquoise
NXPH2,turquoise
NXPH3,turquoise
OAZ3,turquoise
OBFC2B,turquoise
OCIAD1,turquoise
ODF2L,turquoise
ODZ4,turquoise
OGDH,turquoise
OGFOD1,turquoise
OLFML2B,turquoise
ONECUT1,turquoise
OPA3,turquoise
OPCML,turquoise
ORAI1,turquoise
ORAI3,turquoise
ORC2L,turquoise
ORC6L,turquoise
ORMDL2,turquoise
OS9,turquoise
OSBPL11,turquoise
OSBPL8,turquoise
OSGEP,turquoise
OSGIN1,turquoise
OSTC,turquoise
OTUD6B,turquoise
OTUD7B,turquoise
OXCT1,turquoise
OXGR1,turquoise
OXNAD1,turquoise
OXR1,turquoise
P4HTM,turquoise
PABPC1L,turquoise
PACRG,turquoise
PACRGL,turquoise
PACS1,turquoise
PAF1,turquoise
PAFAH1B1,turquoise
PAFAH1B2,turquoise
PAFAH1B3,turquoise
PAFAH2,turquoise
PAIP1,turquoise
PAIP2,turquoise
PAIP2B,turquoise
PAK1,turquoise
PAK2,turquoise
PAK4,turquoise
PAM,turquoise
PAN2,turquoise
PAN3,turquoise
PANK1,turquoise
PANK2,turquoise
PANK4,turquoise
PANX1,turquoise
PANX2,turquoise
PAOX,turquoise
PAPD4,turquoise
PAPL,turquoise
PAPSS2,turquoise
PAQR8,turquoise
PARD6B,turquoise
PARD6G,turquoise
PARK7,turquoise
PARM1,turquoise
PARP16,turquoise
PARP2,turquoise
PARP3,turquoise
PARP4,turquoise
PATL1,turquoise
PATZ1,turquoise
PAX1,turquoise
PAX5,turquoise
PBLD,turquoise
PBX1,turquoise
PBX2,turquoise
PC,turquoise
PCBD2,turquoise
PCBP1,turquoise
PCBP4,turquoise
PCCA,turquoise
PCDH1,turquoise
PCDH10,turquoise
PCDH17,turquoise
PCDH18,turquoise
PCDH20,turquoise
PCDH9,turquoise
PCDHA7,turquoise
PCDHB14,turquoise
PCDHB18,turquoise
PCDHB7,turquoise
PCDHGA4,turquoise
PCGF2,turquoise
PCGF5,turquoise
PCIF1,turquoise
PCLO,turquoise
PCM1,turquoise
PCMTD2,turquoise
PCNA,turquoise
PCNP,turquoise
PCOTH,turquoise
PCSK1,turquoise
PCSK5,turquoise
PCSK7,turquoise
PCTP,turquoise
PCYOX1,turquoise
PCYT1A,turquoise
PCYT2,turquoise
PDCD10,turquoise
PDCD11,turquoise
PDCD4,turquoise
PDCD6,turquoise
PDCD6IP,turquoise
PDCD7,turquoise
PDCL,turquoise
PDE10A,turquoise
PDE1C,turquoise
PDE4C,turquoise
PDE4D,turquoise
PDE4DIP,turquoise
PDE5A,turquoise
PDE8B,turquoise
PDGFD,turquoise
PDGFRA,turquoise
PDGFRL,turquoise
PDHX,turquoise
PDIA4,turquoise
PDIA6,turquoise
PDK1,turquoise
PDLIM3,turquoise
PDP1,turquoise
PDPK1,turquoise
PDPN,turquoise
PDSS2,turquoise
PDX1,turquoise
PDXK,turquoise
PDXP,turquoise
PEA15,turquoise
PEBP4,turquoise
PECI,turquoise
PECR,turquoise
PEF1,turquoise
PELI1,turquoise
PELI2,turquoise
PELI3,turquoise
PELP1,turquoise
PEPD,turquoise
PER3,turquoise
PET112L,turquoise
PET117,turquoise
PEX11A,turquoise
PEX11G,turquoise
PEX13,turquoise
PEX19,turquoise
PEX26,turquoise
PEX7,turquoise
PFAS,turquoise
PFDN1,turquoise
PFDN2,turquoise
PFDN4,turquoise
PFDN5,turquoise
PFKFB2,turquoise
PFKFB3,turquoise
PFKL,turquoise
PFN2,turquoise
PGAM5,turquoise
PGAP1,turquoise
PGBD4,turquoise
PGGT1B,turquoise
PGLS,turquoise
PGM3,turquoise
PGP,turquoise
PGPEP1,turquoise
PGRMC2,turquoise
PGS1,turquoise
PHACTR4,turquoise
PHC1,turquoise
PHC2,turquoise
PHC3,turquoise
PHF10,turquoise
PHF12,turquoise
PHF13,turquoise
PHF14,turquoise
PHF15,turquoise
PHF19,turquoise
PHF20L1,turquoise
PHF21B,turquoise
PHF23,turquoise
PHF5A,turquoise
PHIP,turquoise
PHKB,turquoise
PHKG2,turquoise
PHLDA1,turquoise
PHLPP1,turquoise
PHTF1,turquoise
PHTF2,turquoise
PHYHIPL,turquoise
PI4K2A,turquoise
PI4KA,turquoise
PIAS1,turquoise
PIAS3,turquoise
PIAS4,turquoise
PICALM,turquoise
PID1,turquoise
PIF1,turquoise
PIGB,turquoise
PIGL,turquoise
PIGP,turquoise
PIGV,turquoise
PIGW,turquoise
PIGY,turquoise
PIH1D2,turquoise
PIK3CA,turquoise
PIK3IP1,turquoise
PIK3R1,turquoise
PIK3R2,turquoise
PIK3R3,turquoise
PINK1,turquoise
PINX1,turquoise
PIP4K2B,turquoise
PIP5K1A,turquoise
PIP5K1C,turquoise
PIP5KL1,turquoise
PISD,turquoise
PITPNA,turquoise
PITPNB,turquoise
PITPNC1,turquoise
PITRM1,turquoise
PITX3,turquoise
PJA2,turquoise
PKM2,turquoise
PKN2,turquoise
PLA2G15,turquoise
PLA2G6,turquoise
PLAU,turquoise
PLB1,turquoise
PLCB1,turquoise
PLCD1,turquoise
PLCD3,turquoise
PLCL1,turquoise
PLCXD2,turquoise
PLDN,turquoise
PLEC1,turquoise
PLEKHA5,turquoise
PLEKHA7,turquoise
PLEKHB2,turquoise
PLEKHF1,turquoise
PLEKHG2,turquoise
PLEKHH2,turquoise
PLEKHH3,turquoise
PLEKHM3,turquoise
PLK4,turquoise
PLOD2,turquoise
PLRG1,turquoise
PLSCR1,turquoise
PLXDC1,turquoise
PLXDC2,turquoise
PLXNA2,turquoise
PLXNC1,turquoise
PM20D2,turquoise
PMF1,turquoise
PMVK,turquoise
PNMA1,turquoise
PNMA2,turquoise
PNP,turquoise
PNPLA6,turquoise
PNPT1,turquoise
PNRC1,turquoise
PNRC2,turquoise
PODNL1,turquoise
PODXL,turquoise
POFUT1,turquoise
POFUT2,turquoise
POLA2,turquoise
POLD1,turquoise
POLD2,turquoise
POLD3,turquoise
POLDIP3,turquoise
POLE,turquoise
POLE4,turquoise
POLK,turquoise
POLQ,turquoise
POLR1A,turquoise
POLR1B,turquoise
POLR1C,turquoise
POLR2D,turquoise
POLR2K,turquoise
POLR3A,turquoise
POLR3B,turquoise
POLR3C,turquoise
POLR3D,turquoise
POLR3E,turquoise
POLR3H,turquoise
POLRMT,turquoise
POLS,turquoise
POM121L2,turquoise
POMGNT1,turquoise
POMT1,turquoise
PON2,turquoise
POP4,turquoise
POPDC3,turquoise
POT1,turquoise
POU1F1,turquoise
POU2F1,turquoise
POU3F2,turquoise
POU6F1,turquoise
PPA2,turquoise
PPAPDC1B,turquoise
PPARGC1A,turquoise
PPCDC,turquoise
PPCS,turquoise
PPFIA1,turquoise
PPFIBP1,turquoise
PPFIBP2,turquoise
PPID,turquoise
PPIH,turquoise
PPIL1,turquoise
PPIL2,turquoise
PPIL4,turquoise
PPM1D,turquoise
PPME1,turquoise
PPOX,turquoise
PPP1CA,turquoise
PPP1CB,turquoise
PPP1CC,turquoise
PPP1R11,turquoise
PPP1R15B,turquoise
PPP1R3D,turquoise
PPP1R3E,turquoise
PPP1R8,turquoise
PPP1R9A,turquoise
PPP2CA,turquoise
PPP2R2A,turquoise
PPP2R2B,turquoise
PPP2R2C,turquoise
PPP2R3A,turquoise
PPP2R3C,turquoise
PPP2R5A,turquoise
PPP2R5C,turquoise
PPP2R5D,turquoise
PPP2R5E,turquoise
PPP3CA,turquoise
PPP3R1,turquoise
PPP4C,turquoise
PPP4R1,turquoise
PPRC1,turquoise
PPT2,turquoise
PPTC7,turquoise
PPWD1,turquoise
PPYR1,turquoise
PQLC3,turquoise
PRC1,turquoise
PRCC,turquoise
PRCP,turquoise
PRDM10,turquoise
PRDM11,turquoise
PRDM12,turquoise
PRDM16,turquoise
PRDM2,turquoise
PRDM4,turquoise
PRDM5,turquoise
PRDX1,turquoise
PRDX5,turquoise
PRDX6,turquoise
PREPL,turquoise
PREX1,turquoise
PRICKLE1,turquoise
PRICKLE4,turquoise
PRIM1,turquoise
PRKAA1,turquoise
PRKAB2,turquoise
PRKACA,turquoise
PRKACB,turquoise
PRKAR1A,turquoise
PRKCA,turquoise
PRKCB,turquoise
PRKCE,turquoise
PRKCH,turquoise
PRKCI,turquoise
PRMT1,turquoise
PRMT10,turquoise
PRMT3,turquoise
PRMT5,turquoise
PRMT7,turquoise
PRNP,turquoise
PROSC,turquoise
PRPF31,turquoise
PRPF38A,turquoise
PRPF38B,turquoise
PRPF39,turquoise
PRPF4B,turquoise
PRPF8,turquoise
PRPSAP2,turquoise
PRR13,turquoise
PRR14,turquoise
PRR16,turquoise
PRR3,turquoise
PRR7,turquoise
PRRC1,turquoise
PRRG2,turquoise
PRSS16,turquoise
PRSS23,turquoise
PRSS35,turquoise
PSAP,turquoise
PSD,turquoise
PSD3,turquoise
PSEN1,turquoise
PSMA1,turquoise
PSMA3,turquoise
PSMA5,turquoise
PSMA6,turquoise
PSMA7,turquoise
PSMB1,turquoise
PSMB3,turquoise
PSMB7,turquoise
PSMB9,turquoise
PSMC1,turquoise
PSMC4,turquoise
PSMC5,turquoise
PSMD12,turquoise
PSMD13,turquoise
PSMD14,turquoise
PSMD3,turquoise
PSMD7,turquoise
PSMD8,turquoise
PSMD9,turquoise
PSME1,turquoise
PSME3,turquoise
PSMF1,turquoise
PSPC1,turquoise
PSRC1,turquoise
PSTK,turquoise
PTBP1,turquoise
PTCD3,turquoise
PTCH1,turquoise
PTEN,turquoise
PTGER3,turquoise
PTGER4,turquoise
PTGR2,turquoise
PTGS2,turquoise
PTHLH,turquoise
PTK2,turquoise
PTMA,turquoise
PTN,turquoise
PTP4A1,turquoise
PTPLAD1,turquoise
PTPN1,turquoise
PTPN12,turquoise
PTPN14,turquoise
PTPN2,turquoise
PTPN23,turquoise
PTPN3,turquoise
PTPN4,turquoise
PTPRA,turquoise
PTPRF,turquoise
PTPRN2,turquoise
PTPRO,turquoise
PTPRR,turquoise
PTPRT,turquoise
PTTG1IP,turquoise
PUF60,turquoise
PUM1,turquoise
PURG,turquoise
PUS7L,turquoise
PUSL1,turquoise
PVRL2,turquoise
PWP1,turquoise
PWP2,turquoise
PWWP2A,turquoise
PXDN,turquoise
PXK,turquoise
PXMP4,turquoise
PYCR1,turquoise
PYCRL,turquoise
QARS,turquoise
QDPR,turquoise
QPCTL,turquoise
QRICH1,turquoise
QSOX2,turquoise
QTRT1,turquoise
R3HCC1,turquoise
R3HDM1,turquoise
RAB10,turquoise
RAB11A,turquoise
RAB11B,turquoise
RAB11FIP3,turquoise
RAB11FIP5,turquoise
RAB12,turquoise
RAB14,turquoise
RAB15,turquoise
RAB18,turquoise
RAB1A,turquoise
RAB1B,turquoise
RAB21,turquoise
RAB23,turquoise
RAB26,turquoise
RAB28,turquoise
RAB2B,turquoise
RAB30,turquoise
RAB33B,turquoise
RAB35,turquoise
RAB36,turquoise
RAB3A,turquoise
RAB3C,turquoise
RAB3GAP1,turquoise
RAB3IL1,turquoise
RAB3IP,turquoise
RAB43,turquoise
RAB4A,turquoise
RAB4B,turquoise
RAB5A,turquoise
RAB5B,turquoise
RAB6B,turquoise
RAB7A,turquoise
RAB7L1,turquoise
RABAC1,turquoise
RABEP1,turquoise
RABEP2,turquoise
RABGAP1L,turquoise
RABGGTA,turquoise
RABIF,turquoise
RABL3,turquoise
RABL4,turquoise
RACGAP1,turquoise
RAD1,turquoise
RAD21L1,turquoise
RAD50,turquoise
RAD51AP1,turquoise
RAD51L1,turquoise
RAD51L3,turquoise
RAD52,turquoise
RAD54B,turquoise
RAD54L,turquoise
RAD9A,turquoise
RAET1G,turquoise
RAF1,turquoise
RAGE,turquoise
RAI1,turquoise
RAI14,turquoise
RALA,turquoise
RALGAPA1,turquoise
RALGAPA2,turquoise
RALY,turquoise
RANBP3,turquoise
RANGAP1,turquoise
RANGRF,turquoise
RAP1A,turquoise
RAP2A,turquoise
RAP2B,turquoise
RAPGEF3,turquoise
RAPGEF6,turquoise
RARA,turquoise
RARS,turquoise
RASA2,turquoise
RASA3,turquoise
RASD2,turquoise
RASEF,turquoise
RASGRF1,turquoise
RASGRF2,turquoise
RASGRP3,turquoise
RASL11B,turquoise
RASSF1,turquoise
RASSF4,turquoise
RASSF7,turquoise
RASSF8,turquoise
RB1,turquoise
RB1CC1,turquoise
RBBP4,turquoise
RBBP5,turquoise
RBBP6,turquoise
RBBP9,turquoise
RBCK1,turquoise
RBL1,turquoise
RBM12B,turquoise
RBM14,turquoise
RBM15,turquoise
RBM15B,turquoise
RBM16,turquoise
RBM18,turquoise
RBM19,turquoise
RBM20,turquoise
RBM23,turquoise
RBM24,turquoise
RBM25,turquoise
RBM28,turquoise
RBM33,turquoise
RBM39,turquoise
RBM47,turquoise
RBM8A,turquoise
RBMS1,turquoise
RBPJ,turquoise
RCBTB1,turquoise
RCC2,turquoise
RCCD1,turquoise
RCHY1,turquoise
RCN2,turquoise
RCN3,turquoise
RCOR1,turquoise
RCOR2,turquoise
RCOR3,turquoise
RDH11,turquoise
RDM1,turquoise
REEP5,turquoise
REEP6,turquoise
REL,turquoise
RELL1,turquoise
REM1,turquoise
REN,turquoise
REPIN1,turquoise
REPS1,turquoise
RERE,turquoise
REST,turquoise
RET,turquoise
REXO1,turquoise
REXO2,turquoise
RFC3,turquoise
RFC4,turquoise
RFC5,turquoise
RFK,turquoise
RFTN1,turquoise
RFWD3,turquoise
RFX3,turquoise
RFX5,turquoise
RFX6,turquoise
RFX7,turquoise
RFXAP,turquoise
RG9MTD1,turquoise
RG9MTD2,turquoise
RGL1,turquoise
RGL3,turquoise
RGMA,turquoise
RGMB,turquoise
RGS12,turquoise
RGS14,turquoise
RGS17,turquoise
RGS2,turquoise
RGS4,turquoise
RGS6,turquoise
RGS9,turquoise
RHBDD1,turquoise
RHBDD2,turquoise
RHOBTB1,turquoise
RHOBTB3,turquoise
RHOJ,turquoise
RHOT2,turquoise
RICTOR,turquoise
RILPL2,turquoise
RIMKLB,turquoise
RIMS1,turquoise
RIN1,turquoise
RINT1,turquoise
RIOK2,turquoise
RIPK2,turquoise
RMND5B,turquoise
RNASEH1,turquoise
RNASEH2A,turquoise
RNASEH2B,turquoise
RNASEN,turquoise
RND1,turquoise
RND3,turquoise
RNF10,turquoise
RNF103,turquoise
RNF11,turquoise
RNF111,turquoise
RNF114,turquoise
RNF121,turquoise
RNF122,turquoise
RNF126,turquoise
RNF130,turquoise
RNF139,turquoise
RNF14,turquoise
RNF141,turquoise
RNF145,turquoise
RNF146,turquoise
RNF150,turquoise
RNF152,turquoise
RNF168,turquoise
RNF170,turquoise
RNF180,turquoise
RNF181,turquoise
RNF185,turquoise
RNF187,turquoise
RNF19B,turquoise
RNF26,turquoise
RNF34,turquoise
RNF38,turquoise
RNF4,turquoise
RNF41,turquoise
RNF5,turquoise
RNF5P1,turquoise
RNF6,turquoise
RNFT2,turquoise
RNGTT,turquoise
RNMT,turquoise
RNMTL1,turquoise
RNPC3,turquoise
RNPEP,turquoise
RNPS1,turquoise
RNU5E,turquoise
RNU6ATAC,turquoise
ROBLD3,turquoise
ROBO1,turquoise
ROBO2,turquoise
ROCK2,turquoise
ROPN1L,turquoise
ROR1,turquoise
RORA,turquoise
RP9,turquoise
RP9P,turquoise
RPA2,turquoise
RPA3,turquoise
RPAIN,turquoise
RPAP1,turquoise
RPAP2,turquoise
RPF1,turquoise
RPF2,turquoise
RPGRIP1,turquoise
RPGRIP1L,turquoise
RPH3A,turquoise
RPIA,turquoise
RPL13AP5,turquoise
RPL15,turquoise
RPL18,turquoise
RPL18AP3,turquoise
RPL19,turquoise
RPL21,turquoise
RPL22,turquoise
RPL23,turquoise
RPL23A,turquoise
RPL24,turquoise
RPL26L1,turquoise
RPL27A,turquoise
RPL28,turquoise
RPL29,turquoise
RPL3,turquoise
RPL30,turquoise
RPL32,turquoise
RPL34,turquoise
RPL35A,turquoise
RPL38,turquoise
RPL5,turquoise
RPL7,turquoise
RPL7L1,turquoise
RPL9,turquoise
RPLP2,turquoise
RPN1,turquoise
RPN2,turquoise
RPP21,turquoise
RPP25,turquoise
RPP30,turquoise
RPP38,turquoise
RPRD1A,turquoise
RPRM,turquoise
RPS10,turquoise
RPS14,turquoise
RPS19,turquoise
RPS19BP1,turquoise
RPS23,turquoise
RPS24,turquoise
RPS27A,turquoise
RPS27L,turquoise
RPS29,turquoise
RPS3A,turquoise
RPS6KA2,turquoise
RPS6KA5,turquoise
RPS7,turquoise
RPS9,turquoise
RPSA,turquoise
RPSAP52,turquoise
RPSAP58,turquoise
RPTOR,turquoise
RPUSD1,turquoise
RPUSD4,turquoise
RRAS,turquoise
RRAS2,turquoise
RRM2B,turquoise
RRP1,turquoise
RRP15,turquoise
RRS1,turquoise
RSBN1,turquoise
RSL24D1,turquoise
RSPH1,turquoise
RSPH4A,turquoise
RSPO2,turquoise
RSPO4,turquoise
RSU1,turquoise
RTBDN,turquoise
RTDR1,turquoise
RTEL1,turquoise
RTKN2,turquoise
RTN3,turquoise
RTN4,turquoise
RUFY2,turquoise
RUNDC1,turquoise
RUNDC3A,turquoise
RUNX2,turquoise
RUSC1,turquoise
RUVBL1,turquoise
RYK,turquoise
RYR3,turquoise
S100A11,turquoise
S100B,turquoise
S1PR2,turquoise
SAC3D1,turquoise
SACM1L,turquoise
SAE1,turquoise
SAFB2,turquoise
SALL1,turquoise
SALL2,turquoise
SAMD1,turquoise
SAMD11,turquoise
SAMD13,turquoise
SAMD4A,turquoise
SAMD8,turquoise
SAP18,turquoise
SAP30,turquoise
SAPS3,turquoise
SAR1B,turquoise
SATB2,turquoise
SAV1,turquoise
SBF1,turquoise
SC4MOL,turquoise
SC5DL,turquoise
SCAF1,turquoise
SCAI,turquoise
SCAND1,turquoise
SCAND2,turquoise
SCARF2,turquoise
SCARNA16,turquoise
SCCPDH,turquoise
SCFD1,turquoise
SCFD2,turquoise
SCG2,turquoise
SCIN,turquoise
SCN2A,turquoise
SCN8A,turquoise
SCN9A,turquoise
SCOC,turquoise
SCPEP1,turquoise
SCRN2,turquoise
SCRT2,turquoise
SCYL2,turquoise
SCYL3,turquoise
SDAD1,turquoise
SDC4,turquoise
SDCBP,turquoise
SDCBP2,turquoise
SDCCAG1,turquoise
SDCCAG10,turquoise
SDHAF2,turquoise
SDHB,turquoise
SDR39U1,turquoise
SEC1,turquoise
SEC11A,turquoise
SEC14L1,turquoise
SEC14L5,turquoise
SEC22A,turquoise
SEC22B,turquoise
SEC23A,turquoise
SEC23B,turquoise
SEC24A,turquoise
SEC24C,turquoise
SEC31A,turquoise
SEC63,turquoise
SECISBP2,turquoise
SECISBP2L,turquoise
SEH1L,turquoise
SEL1L,turquoise
SELK,turquoise
SELS,turquoise
SELT,turquoise
SELV,turquoise
SEMA3A,turquoise
SEMA3B,turquoise
SEMA3F,turquoise
SEMA6D,turquoise
SEP-02,turquoise
SEP-05,turquoise
SEP-08,turquoise
SEP-09,turquoise
SEP-10,turquoise
SEP-15,turquoise
SEPSECS,turquoise
SEPX1,turquoise
SERBP1,turquoise
SERF2,turquoise
SERINC1,turquoise
SERINC3,turquoise
SERINC4,turquoise
SERINC5,turquoise
SERP1,turquoise
SERPINE2,turquoise
SERPINI1,turquoise
SERTAD1,turquoise
SERTAD3,turquoise
SETBP1,turquoise
SETD4,turquoise
SETD5,turquoise
SETD6,turquoise
SETD7,turquoise
SETDB1,turquoise
SETDB2,turquoise
SEZ6,turquoise
SEZ6L2,turquoise
SF3B3,turquoise
SF3B4,turquoise
SF3B5,turquoise
SFPQ,turquoise
SFRP1,turquoise
SFRP2,turquoise
SFRP5,turquoise
SFRS11,turquoise
SFRS15,turquoise
SFRS18,turquoise
SFRS2IP,turquoise
SFRS3,turquoise
SFRS5,turquoise
SFRS6,turquoise
SFRS7,turquoise
SFXN1,turquoise
SFXN4,turquoise
SGCE,turquoise
SGEF,turquoise
SGK1,turquoise
SGK196,turquoise
SGK3,turquoise
SGMS1,turquoise
SGOL2,turquoise
SGPP1,turquoise
SGSM2,turquoise
SGSM3,turquoise
SGTB,turquoise
SH2B1,turquoise
SH2D5,turquoise
SH3BGR,turquoise
SH3BP5L,turquoise
SH3GL3,turquoise
SH3GLB1,turquoise
SH3GLB2,turquoise
SH3PXD2A,turquoise
SH3YL1,turquoise
SHANK1,turquoise
SHARPIN,turquoise
SHBG,turquoise
SHC1,turquoise
SHC3,turquoise
SHC4,turquoise
SHF,turquoise
SHH,turquoise
SHISA4,turquoise
SHISA5,turquoise
SHISA6,turquoise
SHISA9,turquoise
SHMT2,turquoise
SHPRH,turquoise
SHQ1,turquoise
SIAE,turquoise
SIAH2,turquoise
SIAH3,turquoise
SIDT1,turquoise
SIDT2,turquoise
SIGIRR,turquoise
SIKE1,turquoise
SIL1,turquoise
SIM1,turquoise
SIN3A,turquoise
SIN3B,turquoise
SIP1,turquoise
SIRT2,turquoise
SIRT3,turquoise
SIRT5,turquoise
SIRT7,turquoise
SIVA1,turquoise
SIX1,turquoise
SIX4,turquoise
SKA1,turquoise
SKA2,turquoise
SKAP2,turquoise
SKI,turquoise
SKIL,turquoise
SKP1,turquoise
SKP2,turquoise
SLAIN1,turquoise
SLC10A7,turquoise
SLC11A2,turquoise
SLC12A6,turquoise
SLC13A5,turquoise
SLC15A4,turquoise
SLC16A1,turquoise
SLC17A6,turquoise
SLC17A7,turquoise
SLC1A1,turquoise
SLC1A3,turquoise
SLC1A4,turquoise
SLC1A5,turquoise
SLC22A1,turquoise
SLC22A23,turquoise
SLC22A3,turquoise
SLC22A4,turquoise
SLC24A2,turquoise
SLC25A12,turquoise
SLC25A13,turquoise
SLC25A15,turquoise
SLC25A17,turquoise
SLC25A19,turquoise
SLC25A33,turquoise
SLC25A36,turquoise
SLC25A38,turquoise
SLC25A39,turquoise
SLC25A46,turquoise
SLC26A10,turquoise
SLC26A2,turquoise
SLC27A1,turquoise
SLC27A3,turquoise
SLC27A4,turquoise
SLC29A3,turquoise
SLC2A1,turquoise
SLC2A4,turquoise
SLC2A6,turquoise
SLC30A1,turquoise
SLC30A5,turquoise
SLC30A7,turquoise
SLC30A9,turquoise
SLC32A1,turquoise
SLC33A1,turquoise
SLC35B1,turquoise
SLC35B3,turquoise
SLC35D1,turquoise
SLC35D3,turquoise
SLC35E1,turquoise
SLC35E3,turquoise
SLC35E4,turquoise
SLC35F2,turquoise
SLC35F3,turquoise
SLC36A1,turquoise
SLC38A1,turquoise
SLC38A10,turquoise
SLC38A3,turquoise
SLC39A1,turquoise
SLC39A10,turquoise
SLC39A13,turquoise
SLC39A14,turquoise
SLC39A3,turquoise
SLC39A7,turquoise
SLC39A8,turquoise
SLC39A9,turquoise
SLC3A2,turquoise
SLC40A1,turquoise
SLC41A1,turquoise
SLC43A1,turquoise
SLC44A2,turquoise
SLC45A3,turquoise
SLC46A2,turquoise
SLC46A3,turquoise
SLC47A1,turquoise
SLC4A1AP,turquoise
SLC4A2,turquoise
SLC4A8,turquoise
SLC5A3,turquoise
SLC5A6,turquoise
SLC6A15,turquoise
SLC6A2,turquoise
SLC7A5,turquoise
SLC7A6,turquoise
SLC8A2,turquoise
SLCO4A1,turquoise
SLCO5A1,turquoise
SLFN5,turquoise
SLITRK1,turquoise
SLITRK3,turquoise
SLITRK5,turquoise
SLMAP,turquoise
SLMO1,turquoise
SLMO2,turquoise
SLTM,turquoise
SLU7,turquoise
SMAD1,turquoise
SMAD4,turquoise
SMAP1,turquoise
SMARCA2,turquoise
SMARCA4,turquoise
SMARCA5,turquoise
SMARCAD1,turquoise
SMARCC1,turquoise
SMARCD1,turquoise
SMARCD2,turquoise
SMARCD3,turquoise
SMARCE1,turquoise
SMC2,turquoise
SMC3,turquoise
SMC5,turquoise
SMEK1,turquoise
SMEK2,turquoise
SMG6,turquoise
SMG7,turquoise
SMNDC1,turquoise
SMPD1,turquoise
SMPD3,turquoise
SMTNL2,turquoise
SMUG1,turquoise
SMYD5,turquoise
SNAI1,turquoise
SNAP23,turquoise
SNAP29,turquoise
SNAPC1,turquoise
SNAPC4,turquoise
SNCA,turquoise
SNED1,turquoise
SNF8,turquoise
SNHG11,turquoise
SNHG12,turquoise
SNHG3-RCC1,turquoise
SNHG5,turquoise
SNHG8,turquoise
SNHG9,turquoise
SNORA38,turquoise
SNORA39,turquoise
SNORA57,turquoise
SNORA6,turquoise
SNORA76,turquoise
SNORD104,turquoise
SNORD15A,turquoise
SNORD1C,turquoise
SNORD2,turquoise
SNORD27,turquoise
SNORD43,turquoise
SNORD45C,turquoise
SNORD58A,turquoise
SNRNP25,turquoise
SNRNP27,turquoise
SNRNP35,turquoise
SNRNP40,turquoise
SNRNP48,turquoise
SNRPA1,turquoise
SNRPB,turquoise
SNRPC,turquoise
SNRPD2,turquoise
SNRPD3,turquoise
SNRPG,turquoise
SNTB1,turquoise
SNTB2,turquoise
SNW1,turquoise
SNX11,turquoise
SNX14,turquoise
SNX16,turquoise
SNX22,turquoise
SNX26,turquoise
SNX27,turquoise
SNX4,turquoise
SOCS2,turquoise
SOCS4,turquoise
SOCS5,turquoise
SOD1,turquoise
SOD2,turquoise
SON,turquoise
SORBS1,turquoise
SORCS3,turquoise
SORD,turquoise
SORT1,turquoise
SOS1,turquoise
SOS2,turquoise
SOX13,turquoise
SOX2OT,turquoise
SOX4,turquoise
SOX5,turquoise
SOX8,turquoise
SOX9,turquoise
SP1,turquoise
SP3,turquoise
SP4,turquoise
SP8,turquoise
SPAG1,turquoise
SPAG5,turquoise
SPAG9,turquoise
SPAST,turquoise
SPATA13,turquoise
SPATA2,turquoise
SPATA24,turquoise
SPATA2L,turquoise
SPATA4,turquoise
SPATA5L1,turquoise
SPATA7,turquoise
SPC24,turquoise
SPC25,turquoise
SPEN,turquoise
SPG20,turquoise
SPG21,turquoise
SPHK1,turquoise
SPINT2,turquoise
SPOP,turquoise
SPOPL,turquoise
SPPL2A,turquoise
SPPL2B,turquoise
SPR,turquoise
SPRED1,turquoise
SPRED2,turquoise
SPRY1,turquoise
SPRY2,turquoise
SPRY4,turquoise
SPRYD3,turquoise
SPSB1,turquoise
SPSB4,turquoise
SPTAN1,turquoise
SPTBN4,turquoise
SPTLC2,turquoise
SPTY2D1,turquoise
SR140,turquoise
SRA1,turquoise
SRBD1,turquoise
SRC,turquoise
SRCAP,turquoise
SREBF2,turquoise
SRF,turquoise
SRFBP1,turquoise
SRI,turquoise
SRM,turquoise
SRP14,turquoise
SRP68,turquoise
SRP72,turquoise
SRP9,turquoise
SRPK2,turquoise
SRRM3,turquoise
SRRM4,turquoise
SRRT,turquoise
SSBP2,turquoise
SSH1,turquoise
SSPN,turquoise
SSR1,turquoise
SSR2,turquoise
SSR3,turquoise
SSRP1,turquoise
SSSCA1,turquoise
SSTR2,turquoise
SSX2IP,turquoise
ST3GAL2,turquoise
ST3GAL3,turquoise
ST3GAL5,turquoise
ST3GAL6,turquoise
ST6GALNAC3,turquoise
ST6GALNAC5,turquoise
ST7,turquoise
ST7L,turquoise
ST7OT4,turquoise
ST8SIA1,turquoise
ST8SIA3,turquoise
ST8SIA4,turquoise
ST8SIA5,turquoise
STAC2,turquoise
STAM,turquoise
STAM2,turquoise
STAMBP,turquoise
STAMBPL1,turquoise
STAP2,turquoise
STARD4,turquoise
STARD5,turquoise
STARD9,turquoise
STAT1,turquoise
STAT2,turquoise
STAT3,turquoise
STAT5B,turquoise
STAU1,turquoise
STIL,turquoise
STIM2,turquoise
STK11IP,turquoise
STK17B,turquoise
STK19,turquoise
STK32B,turquoise
STK32C,turquoise
STK35,turquoise
STK38,turquoise
STK39,turquoise
STK4,turquoise
STK40,turquoise
STL,turquoise
STMN1,turquoise
STOM,turquoise
STOML2,turquoise
STRADA,turquoise
STRADB,turquoise
STRN,turquoise
STRN3,turquoise
STT3A,turquoise
STX12,turquoise
STX1B,turquoise
STX2,turquoise
STX4,turquoise
STX5,turquoise
STX6,turquoise
STX7,turquoise
STX8,turquoise
STXBP5,turquoise
STYX,turquoise
SUB1,turquoise
SUCLA2,turquoise
SUCLG1,turquoise
SUDS3,turquoise
SUFU,turquoise
SUGT1,turquoise
SUGT1P1,turquoise
SULF2,turquoise
SUMF1,turquoise
SUMF2,turquoise
SUMO1,turquoise
SUMO3,turquoise
SUOX,turquoise
SUPT16H,turquoise
SUPT3H,turquoise
SUPT4H1,turquoise
SUPT5H,turquoise
SUPV3L1,turquoise
SUV420H2,turquoise
SV2B,turquoise
SWAP70,turquoise
SYN2,turquoise
SYNE1,turquoise
SYNGAP1,turquoise
SYNGR1,turquoise
SYNJ1,turquoise
SYNJ2BP,turquoise
SYNRG,turquoise
SYT1,turquoise
SYT12,turquoise
SYT14,turquoise
SYT17,turquoise
SYT6,turquoise
SYVN1,turquoise
T,turquoise
TACO1,turquoise
TADA1,turquoise
TAF11,turquoise
TAF12,turquoise
TAF13,turquoise
TAF4B,turquoise
TAF5,turquoise
TAF6L,turquoise
TAF7,turquoise
TAF8,turquoise
TAF9,turquoise
TALDO1,turquoise
TAOK1,turquoise
TAOK2,turquoise
TAOK3,turquoise
TAP2,turquoise
TAPBP,turquoise
TARBP2,turquoise
TARDBP,turquoise
TAS1R1,turquoise
TASP1,turquoise
TATDN1,turquoise
TATDN2,turquoise
TATDN3,turquoise
TAX1BP1,turquoise
TBC1D1,turquoise
TBC1D10A,turquoise
TBC1D15,turquoise
TBC1D16,turquoise
TBC1D17,turquoise
TBC1D19,turquoise
TBC1D20,turquoise
TBC1D23,turquoise
TBC1D4,turquoise
TBC1D5,turquoise
TBC1D8,turquoise
TBCA,turquoise
TBCCD1,turquoise
TBCD,turquoise
TBCE,turquoise
TBKBP1,turquoise
TBL1XR1,turquoise
TBL2,turquoise
TBPL1,turquoise
TBX3,turquoise
TCEA2,turquoise
TCEB1,turquoise
TCF12,turquoise
TCF15,turquoise
TCF25,turquoise
TCF7L2,turquoise
TCFL5,turquoise
TCHP,turquoise
TCOF1,turquoise
TCP1,turquoise
TCP11L1,turquoise
TCP11L2,turquoise
TCTN2,turquoise
TDG,turquoise
TDP1,turquoise
TDRD3,turquoise
TDRKH,turquoise
TECPR2,turquoise
TECR,turquoise
TEF,turquoise
TELO2,turquoise
TEP1,turquoise
TERF1,turquoise
TESK2,turquoise
TEX10,turquoise
TEX14,turquoise
TEX2,turquoise
TEX261,turquoise
TEX264,turquoise
TFAM,turquoise
TFAP2A,turquoise
TFAP4,turquoise
TFB1M,turquoise
TFCP2,turquoise
TFG,turquoise
TFIP11,turquoise
TGDS,turquoise
TGFB1,turquoise
TGFB2,turquoise
TGFBR3,turquoise
TGFBRAP1,turquoise
TGIF1,turquoise
TGOLN2,turquoise
THADA,turquoise
THAP2,turquoise
THAP5,turquoise
THAP7,turquoise
THAP8,turquoise
THBS1,turquoise
THOC1,turquoise
THOC5,turquoise
THRAP3,turquoise
THSD1,turquoise
THSD1P,turquoise
THUMPD1,turquoise
THUMPD2,turquoise
THUMPD3,turquoise
THY1,turquoise
THYN1,turquoise
TIA1,turquoise
TIAL1,turquoise
TIAM1,turquoise
TIGD1,turquoise
TIMELESS,turquoise
TIMM13,turquoise
TIMM22,turquoise
TIMM50,turquoise
TIMM8B,turquoise
TIPARP,turquoise
TIPRL,turquoise
TIRAP,turquoise
TJP1,turquoise
TK2,turquoise
TLE1,turquoise
TLE2,turquoise
TLE4,turquoise
TLK1,turquoise
TLL1,turquoise
TM2D2,turquoise
TM2D3,turquoise
TM6SF1,turquoise
TM9SF2,turquoise
TMBIM4,turquoise
TMC4,turquoise
TMC7,turquoise
TMCC2,turquoise
TMCO1,turquoise
TMCO6,turquoise
TMCO7,turquoise
TMED10,turquoise
TMED2,turquoise
TMED4,turquoise
TMED5,turquoise
TMED7-TICAM2,turquoise
TMEM101,turquoise
TMEM104,turquoise
TMEM106B,turquoise
TMEM107,turquoise
TMEM109,turquoise
TMEM117,turquoise
TMEM120A,turquoise
TMEM121,turquoise
TMEM126B,turquoise
TMEM128,turquoise
TMEM130,turquoise
TMEM132B,turquoise
TMEM132C,turquoise
TMEM132E,turquoise
TMEM135,turquoise
TMEM136,turquoise
TMEM138,turquoise
TMEM141,turquoise
TMEM143,turquoise
TMEM145,turquoise
TMEM146,turquoise
TMEM149,turquoise
TMEM150C,turquoise
TMEM159,turquoise
TMEM160,turquoise
TMEM161A,turquoise
TMEM167B,turquoise
TMEM170A,turquoise
TMEM171,turquoise
TMEM177,turquoise
TMEM18,turquoise
TMEM184B,turquoise
TMEM185B,turquoise
TMEM186,turquoise
TMEM189,turquoise
TMEM194A,turquoise
TMEM194B,turquoise
TMEM196,turquoise
TMEM20,turquoise
TMEM208,turquoise
TMEM209,turquoise
TMEM214,turquoise
TMEM219,turquoise
TMEM222,turquoise
TMEM223,turquoise
TMEM229B,turquoise
TMEM25,turquoise
TMEM33,turquoise
TMEM38A,turquoise
TMEM39B,turquoise
TMEM41A,turquoise
TMEM41B,turquoise
TMEM42,turquoise
TMEM45A,turquoise
TMEM48,turquoise
TMEM5,turquoise
TMEM50A,turquoise
TMEM51,turquoise
TMEM52,turquoise
TMEM53,turquoise
TMEM55B,turquoise
TMEM57,turquoise
TMEM59,turquoise
TMEM60,turquoise
TMEM62,turquoise
TMEM65,turquoise
TMEM67,turquoise
TMEM68,turquoise
TMEM69,turquoise
TMEM70,turquoise
TMEM74,turquoise
TMEM80,turquoise
TMEM9,turquoise
TMEM90B,turquoise
TMF1,turquoise
TMSB10,turquoise
TMTC2,turquoise
TMTC3,turquoise
TMX1,turquoise
TMX2,turquoise
TMX4,turquoise
TNC,turquoise
TNFAIP1,turquoise
TNFAIP3,turquoise
TNFAIP8,turquoise
TNFRSF19,turquoise
TNFRSF21,turquoise
TNFSF12,turquoise
TNFSF13,turquoise
TNIK,turquoise
TNK2,turquoise
TNKS,turquoise
TNKS1BP1,turquoise
TNKS2,turquoise
TNPO1,turquoise
TNR,turquoise
TNRC18,turquoise
TNRC4,turquoise
TNRC6B,turquoise
TNS3,turquoise
TOB1,turquoise
TOM1,turquoise
TOM1L1,turquoise
TOM1L2,turquoise
TOMM40,turquoise
TOP2A,turquoise
TOP3A,turquoise
TOP3B,turquoise
TOPBP1,turquoise
TOPORS,turquoise
TOR1AIP2,turquoise
TOR2A,turquoise
TOR3A,turquoise
TOX,turquoise
TOX3,turquoise
TP53,turquoise
TP53BP1,turquoise
TP53BP2,turquoise
TP53RK,turquoise
TP53TG1,turquoise
TP73,turquoise
TPBG,turquoise
TPCN2,turquoise
TPD52,turquoise
TPI1,turquoise
TPK1,turquoise
TPM1,turquoise
TPM2,turquoise
TPRA1,turquoise
TPRG1L,turquoise
TPRKB,turquoise
TPST1,turquoise
TPX2,turquoise
TRA2A,turquoise
TRAF3IP2,turquoise
TRAFD1,turquoise
TRAK2,turquoise
TRAM1L1,turquoise
TRAM2,turquoise
TRAPPC10,turquoise
TRAPPC4,turquoise
TRAPPC6B,turquoise
TRDMT1,turquoise
TREX1,turquoise
TRIAP1,turquoise
TRIB1,turquoise
TRIB2,turquoise
TRIB3,turquoise
TRIM2,turquoise
TRIM23,turquoise
TRIM26,turquoise
TRIM27,turquoise
TRIM28,turquoise
TRIM31,turquoise
TRIM33,turquoise
TRIM41,turquoise
TRIM62,turquoise
TRIM67,turquoise
TRIM68,turquoise
TRIP11,turquoise
TRIP12,turquoise
TRIP13,turquoise
TRIP4,turquoise
TRMT11,turquoise
TRMT2A,turquoise
TRMT5,turquoise
TRMT61B,turquoise
TRMU,turquoise
TRNAU1AP,turquoise
TRNP1,turquoise
TRNT1,turquoise
TROAP,turquoise
TRPA1,turquoise
TRPC4,turquoise
TRPC4AP,turquoise
TRPM7,turquoise
TRPS1,turquoise
TRUB1,turquoise
TSC1,turquoise
TSC22D1,turquoise
TSC22D2,turquoise
TSEN54,turquoise
TSGA13,turquoise
TSLP,turquoise
TSN,turquoise
TSNAX-DISC1,turquoise
TSNAXIP1,turquoise
TSPAN12,turquoise
TSPAN17,turquoise
TSPAN19,turquoise
TSPAN2,turquoise
TSPAN3,turquoise
TSPAN5,turquoise
TSPYL1,turquoise
TSPYL4,turquoise
TSR1,turquoise
TSSC1,turquoise
TSSC4,turquoise
TTBK1,turquoise
TTC1,turquoise
TTC14,turquoise
TTC17,turquoise
TTC18,turquoise
TTC19,turquoise
TTC21B,turquoise
TTC23,turquoise
TTC27,turquoise
TTC29,turquoise
TTC30B,turquoise
TTC35,turquoise
TTC37,turquoise
TTC39C,turquoise
TTC7B,turquoise
TTC8,turquoise
TTC9,turquoise
TTC9B,turquoise
TTC9C,turquoise
TTLL1,turquoise
TTLL11,turquoise
TTLL12,turquoise
TTLL13,turquoise
TTLL5,turquoise
TTLL7,turquoise
TTLL9,turquoise
TTYH3,turquoise
TUBA1A,turquoise
TUBA1B,turquoise
TUBA4A,turquoise
TUBA4B,turquoise
TUBB,turquoise
TUBB2A,turquoise
TUBD1,turquoise
TUBE1,turquoise
TUBGCP5,turquoise
TUSC2,turquoise
TUSC4,turquoise
TWISTNB,turquoise
TXN2,turquoise
TXNDC12,turquoise
TXNDC17,turquoise
TXNDC6,turquoise
TXNDC9,turquoise
TXNIP,turquoise
TXNRD1,turquoise
TXNRD2,turquoise
TYK2,turquoise
TYSND1,turquoise
U2AF1,turquoise
U2AF1L4,turquoise
UBA2,turquoise
UBA3,turquoise
UBA52,turquoise
UBA6,turquoise
UBAC1,turquoise
UBAC2,turquoise
UBAP1,turquoise
UBAP2,turquoise
UBB,turquoise
UBC,turquoise
UBE2C,turquoise
UBE2D3,turquoise
UBE2G1,turquoise
UBE2G2,turquoise
UBE2H,turquoise
UBE2I,turquoise
UBE2J1,turquoise
UBE2N,turquoise
UBE2O,turquoise
UBE2Q2,turquoise
UBE2S,turquoise
UBE2T,turquoise
UBE2V1,turquoise
UBE2V2,turquoise
UBE2Z,turquoise
UBE3A,turquoise
UBE3B,turquoise
UBE4A,turquoise
UBE4B,turquoise
UBFD1,turquoise
UBL3,turquoise
UBL5,turquoise
UBL7,turquoise
UBP1,turquoise
UBQLN4,turquoise
UBR1,turquoise
UBR3,turquoise
UBTD2,turquoise
UBTF,turquoise
UBXN1,turquoise
UBXN2A,turquoise
UBXN6,turquoise
UBXN7,turquoise
UCKL1AS,turquoise
UCRC,turquoise
UEVLD,turquoise
UFD1L,turquoise
UFM1,turquoise
UFSP1,turquoise
UFSP2,turquoise
UGDH,turquoise
UGGT1,turquoise
UGGT2,turquoise
UGP2,turquoise
UHRF1,turquoise
UHRF1BP1L,turquoise
ULBP3,turquoise
ULK1,turquoise
UNC13A,turquoise
UNC45A,turquoise
UNC5B,turquoise
UNC5C,turquoise
UNC5D,turquoise
UNC80,turquoise
UNK,turquoise
UNKL,turquoise
UPF2,turquoise
UQCRB,turquoise
UQCRC2,turquoise
URB2,turquoise
URM1,turquoise
USF1,turquoise
USF2,turquoise
USP10,turquoise
USP15,turquoise
USP18,turquoise
USP19,turquoise
USP2,turquoise
USP24,turquoise
USP28,turquoise
USP3,turquoise
USP31,turquoise
USP32,turquoise
USP33,turquoise
USP38,turquoise
USP42,turquoise
USP47,turquoise
USP5,turquoise
USP53,turquoise
USP6NL,turquoise
USPL1,turquoise
UST,turquoise
UTP11L,turquoise
UTP15,turquoise
UTP18,turquoise
UTP20,turquoise
UTP23,turquoise
UVRAG,turquoise
UXS1,turquoise
VAC14,turquoise
VAMP1,turquoise
VAPA,turquoise
VAPB,turquoise
VARS,turquoise
VARS2,turquoise
VAT1,turquoise
VAV3,turquoise
VCAN,turquoise
VCP,turquoise
VCPIP1,turquoise
VDAC2,turquoise
VDAC3,turquoise
VEPH1,turquoise
VEZF1,turquoise
VEZT,turquoise
VGF,turquoise
VGLL2,turquoise
VGLL3,turquoise
VGLL4,turquoise
VHL,turquoise
VIM,turquoise
VKORC1,turquoise
VMAC,turquoise
VOPP1,turquoise
VPS11,turquoise
VPS13C,turquoise
VPS24,turquoise
VPS25,turquoise
VPS28,turquoise
VPS36,turquoise
VPS37D,turquoise
VPS41,turquoise
VPS4B,turquoise
VPS53,turquoise
VPS54,turquoise
VPS72,turquoise
VRK3,turquoise
VSIG8,turquoise
VSNL1,turquoise
VSTM2A,turquoise
VSX1,turquoise
VSX2,turquoise
VTI1A,turquoise
VTI1B,turquoise
VTRNA1-1,turquoise
VWA2,turquoise
VWC2,turquoise
VWC2L,turquoise
WAC,turquoise
WARS,turquoise
WASF1,turquoise
WASF3,turquoise
WBP1,turquoise
WBP11,turquoise
WBP2,turquoise
WBP4,turquoise
WBSCR27,turquoise
WDFY1,turquoise
WDFY2,turquoise
WDHD1,turquoise
WDR11,turquoise
WDR12,turquoise
WDR16,turquoise
WDR19,turquoise
WDR3,turquoise
WDR31,turquoise
WDR34,turquoise
WDR35,turquoise
WDR36,turquoise
WDR4,turquoise
WDR41,turquoise
WDR46,turquoise
WDR47,turquoise
WDR5,turquoise
WDR51A,turquoise
WDR51B,turquoise
WDR53,turquoise
WDR55,turquoise
WDR59,turquoise
WDR5B,turquoise
WDR60,turquoise
WDR65,turquoise
WDR67,turquoise
WDR7,turquoise
WDR73,turquoise
WDR75,turquoise
WDR77,turquoise
WDR8,turquoise
WDR87,turquoise
WDR89,turquoise
WDR90,turquoise
WDR91,turquoise
WDR92,turquoise
WDR93,turquoise
WIPF1,turquoise
WIPF2,turquoise
WIPI1,turquoise
WIPI2,turquoise
WIZ,turquoise
WNK1,turquoise
WNT2B,turquoise
WNT3,turquoise
WNT3A,turquoise
WNT5A,turquoise
WRAP53,turquoise
WRNIP1,turquoise
WSB1,turquoise
WSCD2,turquoise
WT1,turquoise
WWC1,turquoise
WWC2,turquoise
WWOX,turquoise
WWP2,turquoise
XAB2,turquoise
XKR4,turquoise
XKR5,turquoise
XKR7,turquoise
XPA,turquoise
XPNPEP3,turquoise
XPO6,turquoise
XPR1,turquoise
XRCC1,turquoise
XRCC2,turquoise
XRCC6,turquoise
XRCC6BP1,turquoise
XRN2,turquoise
XRRA1,turquoise
YARS2,turquoise
YDJC,turquoise
YIF1A,turquoise
YIPF2,turquoise
YIPF3,turquoise
YIPF4,turquoise
YLPM1,turquoise
YPEL1,turquoise
YPEL2,turquoise
YPEL3,turquoise
YTHDF2,turquoise
YTHDF3,turquoise
YWHAB,turquoise
ZADH2,turquoise
ZBBX,turquoise
ZBED5,turquoise
ZBTB1,turquoise
ZBTB10,turquoise
ZBTB12,turquoise
ZBTB16,turquoise
ZBTB20,turquoise
ZBTB25,turquoise
ZBTB39,turquoise
ZBTB4,turquoise
ZBTB41,turquoise
ZBTB44,turquoise
ZBTB45,turquoise
ZBTB46,turquoise
ZBTB5,turquoise
ZBTB7A,turquoise
ZBTB8B,turquoise
ZBTB9,turquoise
ZC3H10,turquoise
ZC3H11A,turquoise
ZC3H13,turquoise
ZC3H14,turquoise
ZC3H18,turquoise
ZC3H3,turquoise
ZC3H4,turquoise
ZCCHC3,turquoise
ZDBF2,turquoise
ZDHHC1,turquoise
ZDHHC13,turquoise
ZDHHC16,turquoise
ZDHHC20,turquoise
ZDHHC24,turquoise
ZDHHC3,turquoise
ZDHHC4,turquoise
ZDHHC5,turquoise
ZDHHC7,turquoise
ZEB1,turquoise
ZEB2,turquoise
ZFAND1,turquoise
ZFAND2A,turquoise
ZFC3H1,turquoise
ZFP1,turquoise
ZFP28,turquoise
ZFP36L1,turquoise
ZFP36L2,turquoise
ZFP37,turquoise
ZFP41,turquoise
ZFP62,turquoise
ZFP64,turquoise
ZFP90,turquoise
ZFP91,turquoise
ZFR2,turquoise
ZFYVE1,turquoise
ZFYVE26,turquoise
ZFYVE27,turquoise
ZHX2,turquoise
ZIC1,turquoise
ZIC2,turquoise
ZIC4,turquoise
ZIK1,turquoise
ZKSCAN1,turquoise
ZKSCAN3,turquoise
ZKSCAN5,turquoise
ZMAT2,turquoise
ZMAT4,turquoise
ZMPSTE24,turquoise
ZMYM1,turquoise
ZMYM4,turquoise
ZMYM5,turquoise
ZMYND11,turquoise
ZNF10,turquoise
ZNF114,turquoise
ZNF12,turquoise
ZNF121,turquoise
ZNF133,turquoise
ZNF134,turquoise
ZNF135,turquoise
ZNF136,turquoise
ZNF138,turquoise
ZNF140,turquoise
ZNF141,turquoise
ZNF142,turquoise
ZNF143,turquoise
ZNF146,turquoise
ZNF154,turquoise
ZNF155,turquoise
ZNF16,turquoise
ZNF167,turquoise
ZNF17,turquoise
ZNF174,turquoise
ZNF18,turquoise
ZNF184,turquoise
ZNF195,turquoise
ZNF2,turquoise
ZNF20,turquoise
ZNF200,turquoise
ZNF202,turquoise
ZNF204P,turquoise
ZNF207,turquoise
ZNF211,turquoise
ZNF212,turquoise
ZNF213,turquoise
ZNF215,turquoise
ZNF221,turquoise
ZNF223,turquoise
ZNF224,turquoise
ZNF225,turquoise
ZNF226,turquoise
ZNF227,turquoise
ZNF229,turquoise
ZNF230,turquoise
ZNF235,turquoise
ZNF24,turquoise
ZNF25,turquoise
ZNF250,turquoise
ZNF251,turquoise
ZNF252,turquoise
ZNF256,turquoise
ZNF26,turquoise
ZNF263,turquoise
ZNF264,turquoise
ZNF271,turquoise
ZNF274,turquoise
ZNF276,turquoise
ZNF277,turquoise
ZNF282,turquoise
ZNF292,turquoise
ZNF295,turquoise
ZNF3,turquoise
ZNF30,turquoise
ZNF317,turquoise
ZNF318,turquoise
ZNF322A,turquoise
ZNF331,turquoise
ZNF333,turquoise
ZNF337,turquoise
ZNF33A,turquoise
ZNF33B,turquoise
ZNF34,turquoise
ZNF347,turquoise
ZNF35,turquoise
ZNF350,turquoise
ZNF354C,turquoise
ZNF362,turquoise
ZNF367,turquoise
ZNF384,turquoise
ZNF385D,turquoise
ZNF391,turquoise
ZNF394,turquoise
ZNF397,turquoise
ZNF408,turquoise
ZNF414,turquoise
ZNF419,turquoise
ZNF420,turquoise
ZNF425,turquoise
ZNF426,turquoise
ZNF428,turquoise
ZNF43,turquoise
ZNF432,turquoise
ZNF433,turquoise
ZNF438,turquoise
ZNF442,turquoise
ZNF443,turquoise
ZNF444,turquoise
ZNF446,turquoise
ZNF451,turquoise
ZNF454,turquoise
ZNF460,turquoise
ZNF467,turquoise
ZNF497,turquoise
ZNF510,turquoise
ZNF517,turquoise
ZNF518A,turquoise
ZNF519,turquoise
ZNF525,turquoise
ZNF527,turquoise
ZNF528,turquoise
ZNF529,turquoise
ZNF530,turquoise
ZNF532,turquoise
ZNF540,turquoise
ZNF546,turquoise
ZNF548,turquoise
ZNF551,turquoise
ZNF557,turquoise
ZNF564,turquoise
ZNF568,turquoise
ZNF569,turquoise
ZNF57,turquoise
ZNF570,turquoise
ZNF574,turquoise
ZNF575,turquoise
ZNF576,turquoise
ZNF582,turquoise
ZNF583,turquoise
ZNF585B,turquoise
ZNF589,turquoise
ZNF594,turquoise
ZNF598,turquoise
ZNF599,turquoise
ZNF605,turquoise
ZNF608,turquoise
ZNF610,turquoise
ZNF613,turquoise
ZNF615,turquoise
ZNF616,turquoise
ZNF619,turquoise
ZNF620,turquoise
ZNF625,turquoise
ZNF626,turquoise
ZNF629,turquoise
ZNF639,turquoise
ZNF643,turquoise
ZNF644,turquoise
ZNF646,turquoise
ZNF649,turquoise
ZNF652,turquoise
ZNF668,turquoise
ZNF672,turquoise
ZNF675,turquoise
ZNF677,turquoise
ZNF680,turquoise
ZNF682,turquoise
ZNF684,turquoise
ZNF687,turquoise
ZNF688,turquoise
ZNF69,turquoise
ZNF691,turquoise
ZNF692,turquoise
ZNF696,turquoise
ZNF702P,turquoise
ZNF709,turquoise
ZNF710,turquoise
ZNF720,turquoise
ZNF74,turquoise
ZNF747,turquoise
ZNF763,turquoise
ZNF764,turquoise
ZNF766,turquoise
ZNF774,turquoise
ZNF775,turquoise
ZNF778,turquoise
ZNF780B,turquoise
ZNF783,turquoise
ZNF787,turquoise
ZNF789,turquoise
ZNF790,turquoise
ZNF792,turquoise
ZNF793,turquoise
ZNF799,turquoise
ZNF8,turquoise
ZNF800,turquoise
ZNF804A,turquoise
ZNF804B,turquoise
ZNF805,turquoise
ZNF837,turquoise
ZNF841,turquoise
ZNF878,turquoise
ZNF92,turquoise
ZNHIT6,turquoise
ZNRD1,turquoise
ZRANB2,turquoise
ZSCAN1,turquoise
ZSCAN16,turquoise
ZSCAN18,turquoise
ZSCAN20,turquoise
ZSWIM1,turquoise
ZSWIM7,turquoise
ZUFSP,turquoise
ZW10,turquoise
ZWILCH,turquoise
ZYG11B,turquoise
ZYX,turquoise
ZZZ3,turquoise
A2BP1,yellow
AACS,yellow
AATK,yellow
ABCA1,yellow
ABCA17P,yellow
ABR,yellow
ABRA,yellow
ACP1,yellow
ACTA2,yellow
ACTR3B,yellow
ADAM5P,yellow
ADAMTS2,yellow
ADAMTSL4,yellow
ADAP1,yellow
ADARB2,yellow
ADCYAP1R1,yellow
AFF3,yellow
AGAP1,yellow
AGAP3,yellow
AGT,yellow
AHDC1,yellow
AHRR,yellow
AKAP8,yellow
AKT1,yellow
AKT3,yellow
ALDOC,yellow
ALG9,yellow
ANAPC11,yellow
ANK1,yellow
ANKRD11,yellow
ANKRD26,yellow
ANKRD55,yellow
ANO10,yellow
ANTXR1,yellow
ANTXR2,yellow
ANXA11,yellow
AP2A2,yellow
AP3B2,yellow
APC,yellow
APH1A,yellow
APITD1,yellow
APRT,yellow
ARHGEF10,yellow
ARHGEF10L,yellow
ARHGEF12,yellow
ARHGEF7,yellow
ARID1B,yellow
ARL15,yellow
ARPP-21,yellow
ARSB,yellow
ART4,yellow
ARVCF,yellow
AS3MT,yellow
ASAP1,yellow
ASAP2,yellow
ATF3,yellow
ATG5,yellow
ATL1,yellow
ATP10A,yellow
ATP10B,yellow
ATP10D,yellow
ATP11A,yellow
ATP13A5,yellow
ATP2A3,yellow
ATP2B2,yellow
ATP4B,yellow
ATP6AP1L,yellow
ATP6V1B1,yellow
ATP6V1C1,yellow
ATP8A2,yellow
ATP8B2,yellow
ATXN7,yellow
AUTS2,yellow
AVL9,yellow
B3GALT1,yellow
B3GALT4,yellow
B3GNT2,yellow
BAALC,yellow
BAHCC1,yellow
BAI2,yellow
BAIAP2,yellow
BANP,yellow
BAT1,yellow
BCAS2,yellow
BCAS3,yellow
BCAT1,yellow
BCL2,yellow
BEST3,yellow
BICD1,yellow
BIVM,yellow
BLCAP,yellow
BLM,yellow
BMP7,yellow
BMPR2,yellow
BPGM,yellow
BRD2,yellow
BRE,yellow
BRSK2,yellow
BSN,yellow
BTBD1,yellow
BTBD11,yellow
BTG1,yellow
C10ORF107,yellow
C10ORF11,yellow
C10ORF58,yellow
C10ORF93,yellow
C11ORF46,yellow
C11ORF64,yellow
C11ORF75,yellow
C12ORF65,yellow
C14ORF102,yellow
C14ORF106,yellow
C14ORF159,yellow
C14ORF165,yellow
C14ORF181,yellow
C14ORF23,yellow
C14ORF79,yellow
C17ORF104,yellow
C17ORF46,yellow
C18ORF1,yellow
C19ORF46,yellow
C19ORF48,yellow
C1ORF14,yellow
C1ORF183,yellow
C1ORF187,yellow
C1ORF61,yellow
C1ORF94,yellow
C1QTNF9,yellow
C20ORF108,yellow
C20ORF96,yellow
C21ORF128,yellow
C2ORF54,yellow
C2ORF74,yellow
C3ORF16,yellow
C3ORF18,yellow
C3ORF21,yellow
C3ORF23,yellow
C3ORF26,yellow
C3ORF30,yellow
C3ORF32,yellow
C5ORF36,yellow
C6ORF10,yellow
C6ORF182,yellow
C7ORF10,yellow
C7ORF20,yellow
C7ORF50,yellow
C8A,yellow
C8ORF46,yellow
C9ORF173,yellow
C9ORF7,yellow
CA10,yellow
CABP1,yellow
CACNA1E,yellow
CACNA1G,yellow
CACNA2D2,yellow
CACNB2,yellow
CACNG2,yellow
CADM1,yellow
CADPS,yellow
CALM1,yellow
CAMK1D,yellow
CAMK2B,yellow
CAMTA1,yellow
CAPN10,yellow
CASZ1,yellow
CATSPERB,yellow
CBFA2T3,yellow
CBLN2,yellow
CCDC109A,yellow
CCDC124,yellow
CCDC155,yellow
CCDC163P,yellow
CCDC36,yellow
CCDC40,yellow
CCDC50,yellow
CCDC57,yellow
CCDC85C,yellow
CCDC88B,yellow
CCDC88C,yellow
CCDC90A,yellow
CCL1,yellow
CD200,yellow
CD34,yellow
CD47,yellow
CD74,yellow
CD8A,yellow
CDC34,yellow
CDH18,yellow
CDH4,yellow
CEBPD,yellow
CENPQ,yellow
CERK,yellow
CFDP1,yellow
CHCHD10,yellow
CHD6,yellow
CHRM2,yellow
CHST10,yellow
CHSY1,yellow
CIT,yellow
CIZ1,yellow
CLEC14A,yellow
CLSTN2,yellow
CMYA5,yellow
CNGA3,yellow
CNIH2,yellow
CNR1,yellow
CNTN1,yellow
COL11A2,yellow
COL23A1,yellow
COL4A1,yellow
COL4A2,yellow
COMT,yellow
COPS4,yellow
COQ3,yellow
CORO2A,yellow
COX19,yellow
CPA2,yellow
CPAMD8,yellow
CPLX2,yellow
CPNE6,yellow
CPNE9,yellow
CRCT1,yellow
CREB5,yellow
CRELD1,yellow
CRELD2,yellow
CRIM1,yellow
CRISPLD2,yellow
CRTAP,yellow
CRTC1,yellow
CS,yellow
CSGALNACT1,yellow
CSMD3,yellow
CTBP1,yellow
CTNND1,yellow
CTNND2,yellow
CUGBP1,yellow
CUL1,yellow
CUL2,yellow
CUX1,yellow
CUX2,yellow
CXCR6,yellow
CYB5A,yellow
CYBA,yellow
CYP1B1,yellow
CYP27C1,yellow
CYP4V2,yellow
DAB1,yellow
DEAF1,yellow
DEDD2,yellow
DEPDC1B,yellow
DES,yellow
DFNA5,yellow
DGKZ,yellow
DHCR7,yellow
DHODH,yellow
DHRS7B,yellow
DIAPH1,yellow
DIP2C,yellow
DISP2,yellow
DKK3,yellow
DKKL1,yellow
DLAT,yellow
DLG2,yellow
DLG5,yellow
DLGAP2,yellow
DMRT2,yellow
DMRTA2,yellow
DNAH17,yellow
DNER,yellow
DNHD1,yellow
DOCK1,yellow
DOCK10,yellow
DOCK9,yellow
DPF1,yellow
DPP10,yellow
DPP4,yellow
DPP6,yellow
DST,yellow
DSTN,yellow
EBF3,yellow
ECE1,yellow
ECHDC2,yellow
EEF1A2,yellow
EEF1D,yellow
EFHD1,yellow
EFNA4,yellow
EFNA5,yellow
EGFR,yellow
EGR2,yellow
EIF2AK4,yellow
EIF2B3,yellow
EIF2C2,yellow
EIF4E,yellow
ELANE,yellow
ELFN2,yellow
ELK3,yellow
ELK4,yellow
ELP3,yellow
EML1,yellow
EMP2,yellow
ENGASE,yellow
ENOSF1,yellow
ENTPD4,yellow
EPAS1,yellow
EPB41,yellow
EPB41L3,yellow
EPB41L4B,yellow
EPHA3,yellow
EPHA5,yellow
ERAP2,yellow
ERBB2,yellow
ERC2,yellow
ERCC2,yellow
ERG,yellow
ERICH1,yellow
ESD,yellow
ESPL1,yellow
ESR1,yellow
ETFA,yellow
ETS2,yellow
ETV6,yellow
EXD3,yellow
EXOC3,yellow
EXOSC9,yellow
EXT1,yellow
FADS2,yellow
FAM116A,yellow
FAM155A,yellow
FAM160B1,yellow
FAM170B,yellow
FAM189B,yellow
FAM18A,yellow
FAM193A,yellow
FAM19A2,yellow
FAM19A5,yellow
FAM20C,yellow
FAM49A,yellow
FAM83H,yellow
FARP1,yellow
FBLIM1,yellow
FBLN7,yellow
FBXL7,yellow
FBXO15,yellow
FBXO16,yellow
FBXO3,yellow
FBXO31,yellow
FBXO34,yellow
FBXO5,yellow
FBXW8,yellow
FER,yellow
FERMT3,yellow
FEZ2,yellow
FGF6,yellow
FGFR1,yellow
FGGY,yellow
FLCN,yellow
FLJ10357,yellow
FLJ33360,yellow
FLOT1,yellow
FLT4,yellow
FMN1,yellow
FMN2,yellow
FMNL2,yellow
FOXK1,yellow
FOXK2,yellow
FOXN3,yellow
FRAT1,yellow
FRMD4A,yellow
FSTL1,yellow
FUCA1,yellow
FYN,yellow
FZD3,yellow
GAB4,yellow
GABBR1,yellow
GABRB1,yellow
GABRG3,yellow
GAK,yellow
GALNT2,yellow
GALNT9,yellow
GALNTL4,yellow
GCK,yellow
GFPT1,yellow
GJA4,yellow
GLDN,yellow
GLI2,yellow
GLT1D1,yellow
GNA12,yellow
GNB5,yellow
GNMT,yellow
GOLM1,yellow
GOLPH3L,yellow
GPAM,yellow
GPATCH2,yellow
GPR12,yellow
GPR133,yellow
GPR39,yellow
GPX1,yellow
GRAMD4,yellow
GRB2,yellow
GRP,yellow
GSC,yellow
GTF2A2,yellow
GTF2F2,yellow
GTF2H3,yellow
GTF2H4,yellow
HACL1,yellow
HADH,yellow
HCCA2,yellow
HCG22,yellow
HDAC4,yellow
HECTD1,yellow
HEG1,yellow
HHIPL1,yellow
HIST1H2BN,yellow
HIST2H2AA3,yellow
HIVEP2,yellow
HK3,yellow
HLA-DPB1,yellow
HLA-DQB2,yellow
HMGA1,yellow
HMHB1,yellow
HOMER1,yellow
HOOK2,yellow
HOXA1,yellow
HOXC4,yellow
HOXD11,yellow
HPCAL1,yellow
HRH2,yellow
HS3ST3B1,yellow
HS6ST3,yellow
HSD11B1,yellow
HSPB3,yellow
HSPB7,yellow
HTA,yellow
HTR3B,yellow
ICMT,yellow
IDUA,yellow
IFNGR2,yellow
IGF1R,yellow
IGFBP7,yellow
IGSF21,yellow
IGSF9B,yellow
IL16,yellow
ILKAP,yellow
INO80C,yellow
INPP4A,yellow
INPP5A,yellow
INTU,yellow
IQCE,yellow
IQGAP2,yellow
IRX5,yellow
ISLR2,yellow
ITGA6,yellow
ITGBL1,yellow
ITPKB,yellow
ITPR2,yellow
ITPRIP,yellow
JAK1,yellow
JAKMIP1,yellow
JAM2,yellow
JARID2,yellow
JMJD1C,yellow
JPH3,yellow
JPH4,yellow
KBTBD11,yellow
KCNA1,yellow
KCNB2,yellow
KCNC1,yellow
KCNH2,yellow
KCNJ16,yellow
KCNJ9,yellow
KCNK15,yellow
KCNMA1,yellow
KCNN3,yellow
KCNQ3,yellow
KIAA0087,yellow
KIAA0146,yellow
KIAA0182,yellow
KIAA0226,yellow
KIAA0319,yellow
KIAA0427,yellow
KIAA0907,yellow
KIAA1239,yellow
KIAA1267,yellow
KIAA1274,yellow
KIAA1486,yellow
KIAA1614,yellow
KIAA1751,yellow
KIF1A,yellow
KIF26B,yellow
KLF5,yellow
KLHL35,yellow
KNG1,yellow
KRT7,yellow
KRT85,yellow
L3MBTL3,yellow
LAMC2,yellow
LASS6,yellow
LCA5L,yellow
LDB2,yellow
LDHC,yellow
LDLRAD3,yellow
LEMD3,yellow
LEPREL1,yellow
LGI2,yellow
LIMD1,yellow
LIMS2,yellow
LIN7A,yellow
LMF1,yellow
LMO7,yellow
LMX1B,yellow
LNX1,yellow
LOC100126784,yellow
LOC100130015,yellow
LOC100132215,yellow
LOC100188947,yellow
LOC100329109,yellow
LOC145845,yellow
LOC148824,yellow
LOC151174,yellow
LOC202781,yellow
LOC257358,yellow
LOC285740,yellow
LOC285954,yellow
LOC388789,yellow
LOC441177,yellow
LOC441666,yellow
LOC642597,yellow
LOC643387,yellow
LOC645323,yellow
LOC647309,yellow
LOC652276,yellow
LOC91149,yellow
LOH12CR1,yellow
LOXL3,yellow
LPIN1,yellow
LRCH1,yellow
LRDD,yellow
LRP1,yellow
LRP5L,yellow
LRPAP1,yellow
LRRC2,yellow
LRRC47,yellow
LRRC7,yellow
LSM2,yellow
LTA,yellow
LTBP2,yellow
LYPD1,yellow
LYPD5,yellow
LYPD6B,yellow
LYRM4,yellow
LYZL4,yellow
MACROD2,yellow
MAD1L1,yellow
MADCAM1,yellow
MAGI1,yellow
MAML1,yellow
MAML2,yellow
MAN1A2,yellow
MAN1B1,yellow
MAP1B,yellow
MAP2K6,yellow
MAP3K5,yellow
MAP4,yellow
MAPK14,yellow
MAPK4,yellow
MAR-01,yellow
MARK3,yellow
MBD2,yellow
MBP,yellow
MBTPS1,yellow
MCC,yellow
MCCC2,yellow
MCF2L,yellow
MCL1,yellow
MCM5,yellow
MCM9,yellow
MCOLN1,yellow
MDC1,yellow
MDN1,yellow
MED12L,yellow
MEF2C,yellow
MEGF6,yellow
MEI1,yellow
MEPCE,yellow
MERTK,yellow
MFAP2,yellow
MFGE8,yellow
MFHAS1,yellow
MFN2,yellow
MGAT1,yellow
MGLL,yellow
MGMT,yellow
MIR153-2,yellow
MIR30D,yellow
MIR372,yellow
MIR376B,yellow
MIR548H4,yellow
MIR886,yellow
MIR922,yellow
MIR942,yellow
MIRLET7A3,yellow
MKNK1,yellow
MKRN1,yellow
MLEC,yellow
MMACHC,yellow
MMADHC,yellow
MMP17,yellow
MMP21,yellow
MPPED1,yellow
MRPL15,yellow
MRPL17,yellow
MRPL28,yellow
MRPL41,yellow
MRPS17,yellow
MSRA,yellow
MTMR3,yellow
MTSS1,yellow
MTTP,yellow
MUC21,yellow
MYCBPAP,yellow
MYH10,yellow
MYH3,yellow
MYL9,yellow
MYLK,yellow
MYO7A,yellow
MYOM2,yellow
MYOZ3,yellow
MYPN,yellow
NADSYN1,yellow
NAGPA,yellow
NAP1L4,yellow
NAV1,yellow
NAV2,yellow
NBAS,yellow
NCALD,yellow
NCOA2,yellow
NCOA7,yellow
NCOR2,yellow
NCRNA00171,yellow
NDRG4,yellow
NECAP2,yellow
NEDD4,yellow
NEDD4L,yellow
NFATC1,yellow
NFYC,yellow
NGFR,yellow
NGLY1,yellow
NHEDC1,yellow
NHEDC2,yellow
NIN,yellow
NINJ2,yellow
NMT1,yellow
NOTCH3,yellow
NOVA1,yellow
NPAS2,yellow
NPC1L1,yellow
NPC2,yellow
NPNT,yellow
NPTN,yellow
NRIP3,yellow
NRL,yellow
NRXN1,yellow
NRXN2,yellow
NSD1,yellow
NT5C1B,yellow
NTRK2,yellow
NUP210L,yellow
NUPL2,yellow
NXN,yellow
OBSCN,yellow
OCA2,yellow
OPN4,yellow
OPRD1,yellow
OR2L13,yellow
OSBP2,yellow
OSBPL2,yellow
OSGIN2,yellow
OXGR1,yellow
OXR1,yellow
PAK1,yellow
PALM,yellow
PAMR1,yellow
PANX2,yellow
PARD3,yellow
PARVB,yellow
PAX6,yellow
PBX1,yellow
PCBD1,yellow
PCDH7,yellow
PCDHB7,yellow
PCDHGA2,yellow
PCF11,yellow
PCGF3,yellow
PCMT1,yellow
PCNXL2,yellow
PCSK6,yellow
PCSK9,yellow
PDE6B,yellow
PDE7B,yellow
PDE9A,yellow
PDGFA,yellow
PDGFRB,yellow
PDIA5,yellow
PDIK1L,yellow
PDXK,yellow
PER3,yellow
PET112L,yellow
PEX11G,yellow
PGBD5,yellow
PGD,yellow
PGRMC2,yellow
PGS1,yellow
PHACTR1,yellow
PHF20L1,yellow
PIF1,yellow
PIGF,yellow
PIGG,yellow
PISD,yellow
PITPNM2,yellow
PLA2G4D,yellow
PLEC1,yellow
PLEKHA5,yellow
PLEKHF2,yellow
PLEKHH3,yellow
PLK2,yellow
PLK5P,yellow
PLLP,yellow
PLXND1,yellow
PM20D1,yellow
PNLDC1,yellow
PNMAL2,yellow
PNMT,yellow
POLR3H,yellow
POU2F1,yellow
POU6F2,yellow
PPM1B,yellow
PPP1R13B,yellow
PPP1R13L,yellow
PPP2R2B,yellow
PPP2R2C,yellow
PPP2R5A,yellow
PPP3CA,yellow
PPP4R4,yellow
PPT2,yellow
PQLC1,yellow
PRDM13,yellow
PRDM16,yellow
PRDM2,yellow
PRDM8,yellow
PRICKLE2,yellow
PRKAG2,yellow
PRKAR1B,yellow
PRKCD,yellow
PRKCH,yellow
PRKCZ,yellow
PRNP,yellow
PROZ,yellow
PRTFDC1,yellow
PSD4,yellow
PSMB9,yellow
PSMD6,yellow
PSORS1C1,yellow
PSRC1,yellow
PTCHD2,yellow
PTDSS2,yellow
PTK2B,yellow
PTPRE,yellow
PTPRG,yellow
PTPRN2,yellow
PTPRR,yellow
PTRF,yellow
PVRL4,yellow
PVT1,yellow
PXDN,yellow
QRFP,yellow
RAB11FIP3,yellow
RAB15,yellow
RAB17,yellow
RAB5A,yellow
RABL3,yellow
RAI1,yellow
RALGAPA1,yellow
RAMP1,yellow
RAP1GAP,yellow
RAPGEF4,yellow
RASA3,yellow
RASGEF1C,yellow
RASSF8,yellow
RAVER2,yellow
RBM24,yellow
RBM25,yellow
RBMXL1,yellow
RBMXL2,yellow
RBPMS,yellow
RCVRN,yellow
REXO1,yellow
RFPL2,yellow
RFWD2,yellow
RFX2,yellow
RGMB,yellow
RGS12,yellow
RGS14,yellow
RGS20,yellow
RGS7,yellow
RHCG,yellow
RHEB,yellow
RHPN1,yellow
RIF1,yellow
RIMBP2,yellow
RIMKLA,yellow
RIMS1,yellow
RIMS4,yellow
RIN3,yellow
RNF126,yellow
RNF126P1,yellow
RNF168,yellow
RNF212,yellow
RNF215,yellow
RNF216,yellow
RNF219,yellow
RNLS,yellow
RNPEPL1,yellow
RPS6KA2,yellow
RPS6KA4,yellow
RPTOR,yellow
RRH,yellow
RSF1,yellow
RTL1,yellow
RTN4RL1,yellow
RTTN,yellow
RUNDC1,yellow
RUNX1T1,yellow
SACM1L,yellow
SAFB2,yellow
SAMD12,yellow
SAMD4A,yellow
SAMM50,yellow
SART3,yellow
SBNO2,yellow
SCD,yellow
SCHIP1,yellow
SCNN1G,yellow
SDAD1,yellow
SDK1,yellow
SEC14L1,yellow
SEMA3G,yellow
SERPINB5,yellow
SERPINE2,yellow
SESN1,yellow
SETDB1,yellow
SETMAR,yellow
SFRS8,yellow
SFXN1,yellow
SFXN5,yellow
SGCE,yellow
SGOL1,yellow
SGSH,yellow
SH3GL2,yellow
SHANK2,yellow
SHANK3,yellow
SHF,yellow
SHH,yellow
SHPK,yellow
SHROOM3,yellow
SIAH3,yellow
SIK3,yellow
SIM2,yellow
SIPA1L2,yellow
SIPA1L3,yellow
SIRT1,yellow
SIRT7,yellow
SKI,yellow
SLC10A4,yellow
SLC12A7,yellow
SLC15A4,yellow
SLC16A1,yellow
SLC16A12,yellow
SLC1A2,yellow
SLC1A4,yellow
SLC25A17,yellow
SLC25A18,yellow
SLC26A4,yellow
SLC35E3,yellow
SLC38A10,yellow
SLC38A8,yellow
SLC39A14,yellow
SLC39A7,yellow
SLC40A1,yellow
SLC43A1,yellow
SLC45A1,yellow
SLC5A6,yellow
SLC6A1,yellow
SLC6A18,yellow
SLC8A1,yellow
SLC8A3,yellow
SLCO3A1,yellow
SLFN13,yellow
SLIT3,yellow
SMOC2,yellow
SNAP47,yellow
SNCA,yellow
SND1,yellow
SNORD114-15,yellow
SNORD114-20,yellow
SNORD116-1,yellow
SNORD116-14,yellow
SNRPA1,yellow
SNTG1,yellow
SNTG2,yellow
SORBS2,yellow
SORCS2,yellow
SOX30,yellow
SPAG1,yellow
SPEG,yellow
SPG7,yellow
SPON1,yellow
SPRED2,yellow
SPRY1,yellow
SPRY2,yellow
SPTBN1,yellow
SRGAP3,yellow
SRM,yellow
SRPK1,yellow
SSBP3,yellow
ST3GAL6,yellow
ST6GAL2,yellow
ST7,yellow
STAMBPL1,yellow
STK17A,yellow
STK24,yellow
STK32C,yellow
STON1,yellow
STRADA,yellow
STRN3,yellow
STX19,yellow
STXBP5L,yellow
SVOPL,yellow
SYN2,yellow
SYN3,yellow
SYT13,yellow
SYT16,yellow
SYTL2,yellow
TAF4,yellow
TAS2R19,yellow
TAS2R5,yellow
TBC1D16,yellow
TBC1D22A,yellow
TBCD,yellow
TBX2,yellow
TCF4,yellow
TDH,yellow
TDRD10,yellow
TDRD5,yellow
TESC,yellow
TGFB2,yellow
TGM3,yellow
THAP4,yellow
THRB,yellow
TIAM1,yellow
TK1,yellow
TMCO3,yellow
TMED7-TICAM2,yellow
TMEM108,yellow
TMEM131,yellow
TMEM132D,yellow
TMEM177,yellow
TMEM179,yellow
TMEM200C,yellow
TMEM51,yellow
TMOD1,yellow
TMPRSS3,yellow
TNFAIP8L1,yellow
TNFRSF1B,yellow
TNNC2,yellow
TNRC18,yellow
TNS3,yellow
TNXB,yellow
TOLLIP,yellow
TOP1P2,yellow
TPD52L1,yellow
TPO,yellow
TRAF7,yellow
TRAPPC9,yellow
TRHDE,yellow
TRIM47,yellow
TRIO,yellow
TRPC7,yellow
TRPM8,yellow
TRPV1,yellow
TSEN54,yellow
TSGA14,yellow
TSHZ1,yellow
TSKS,yellow
TSNARE1,yellow
TSPAN9,yellow
TSSC4,yellow
TSTD1,yellow
TTC7B,yellow
TTLL10,yellow
TTYH3,yellow
TUBB,yellow
TUBG2,yellow
TUBGCP3,yellow
UBE2C,yellow
UBE2O,yellow
UBE2U,yellow
UBN1,yellow
UBXN10,yellow
UNC5B,yellow
UNC84A,yellow
UQCC,yellow
URGCP,yellow
USP13,yellow
USP29,yellow
USP42,yellow
UTRN,yellow
UTS2,yellow
VAC14,yellow
VARS2,yellow
VAV3,yellow
VCL,yellow
VEPH1,yellow
VSNL1,yellow
VWF,yellow
WBSCR17,yellow
WDR27,yellow
WDR33,yellow
WDR51B,yellow
WDR60,yellow
WDR66,yellow
WDR67,yellow
WDR86,yellow
WFDC1,yellow
WFDC3,yellow
WHAMM,yellow
WHSC1,yellow
WIPF3,yellow
WNK2,yellow
WNT11,yellow
WNT8B,yellow
WWTR1,yellow
XAF1,yellow
XKR6,yellow
XPO6,yellow
XRCC3,yellow
YEATS4,yellow
ZBTB10,yellow
ZBTB40,yellow
ZC3H3,yellow
ZDHHC14,yellow
ZDHHC2,yellow
ZFAT,yellow
ZFP28,yellow
ZFP42,yellow
ZFP64,yellow
ZFYVE21,yellow
ZHX2,yellow
ZIC4,yellow
ZNF148,yellow
ZNF238,yellow
ZNF3,yellow
ZNF324B,yellow
ZNF389,yellow
ZNF397OS,yellow
ZNF416,yellow
ZNF423,yellow
ZNF438,yellow
ZNF445,yellow
ZNF502,yellow
ZNF516,yellow
ZNF536,yellow
ZNF562,yellow
ZNF598,yellow
ZNF714,yellow
ZNF787,yellow
ZNF833,yellow
ZNF84,yellow
ZNF843,yellow
ZNRF1,yellow
ZP3,yellow
ZZEF1,yellow
