geneSymbol,moduleColor
AACS,black
AARS,black
AARSD1,black
ABCB1,black
ABCD3,black
ABI2,black
ABL2,black
ACACA,black
ACBD6,black
ACTR6,black
ADAM10,black
ADAMTS16,black
ADAMTS8,black
ADCY10,black
ADIPOR1,black
ADK,black
AFAP1,black
AFF1,black
AFF3,black
AFF4,black
AGMAT,black
AGPAT1,black
AGPAT4,black
AGTRAP,black
AHDC1,black
AK1,black
AKAP12,black
AKAP6,black
ALG3,black
ALG5,black
ALG9,black
ALKBH6,black
AMFR,black
ANK3,black
ANKLE2,black
ANKRD11,black
ANKRD26P1,black
ANKRD30A,black
ANKRD49,black
ANP32A,black
ANP32E,black
AOX1,black
AP1G2,black
AP1M1,black
AP5Z1,black
APBB1,black
APOL6,black
APOLD1,black
APTX,black
ARCN1,black
ARHGAP12,black
ARHGEF2,black
ARID5B,black
ARIH1,black
ARMC4,black
ARMC8,black
ARPC2,black
ASB1,black
ASNA1,black
ASNS,black
ASPA,black
ASTN2,black
ASZ1,black
ATG16L1,black
ATG7,black
ATP1B2,black
ATP2A2,black
ATP2B4,black
ATP5O,black
ATP6V0C,black
ATPAF1,black
ATR,black
ATXN7L2,black
AUTS2,black
B3GNT2,black
B4GALNT1,black
BACE2,black
BAG2,black
BAT3,black
BAT5,black
BAZ2A,black
BBS5,black
BBX,black
BCL11B,black
BCL6,black
BCO2,black
BCR,black
BDNF,black
BHLHE22,black
BLOC1S3,black
BMP6,black
BPI,black
BRD2,black
BTBD3,black
BTF3,black
BTG2,black
BUB1,black
C10ORF11,black
C10ORF140,black
C10ORF46,black
C11ORF49,black
C11ORF54,black
C11ORF58,black
C11ORF65,black
C11ORF80,black
C12ORF61,black
C12ORF62,black
C13ORF34,black
C14ORF119,black
C14ORF132,black
C17ORF49,black
C18ORF19,black
C18ORF25,black
C19ORF43,black
C19ORF57,black
C19ORF73,black
C1ORF101,black
C1ORF144,black
C1ORF183,black
C1ORF52,black
C1ORF95,black
C1QTNF4,black
C4ORF10,black
C5ORF45,black
C6ORF106,black
C6ORF130,black
C7ORF25,black
C7ORF50,black
C7ORF51,black
C7ORF66,black
C8ORF41,black
C8ORF42,black
C8ORF83,black
C9ORF129,black
C9ORF170,black
CA1,black
CACNA1B,black
CACNA1E,black
CACNB4,black
CACNG2,black
CACNG4,black
CACNG8,black
CAGE1,black
CAMK2N1,black
CAMLG,black
CARD11,black
CASP9,black
CAST,black
CBX7,black
CC2D2A,black
CCDC104,black
CCDC178,black
CCDC3,black
CCDC71,black
CCL26,black
CCR10,black
CCSER1,black
CCT7,black
CD101,black
CD46,black
CD8A,black
CDC73,black
CDCA2,black
CDCA8,black
CDH15,black
CDK14,black
CDK7,black
CELF2,black
CELF2-AS1,black
CENPH,black
CENPL,black
CENPO,black
CEP55,black
CEP57L1,black
CES5A,black
CETN3,black
CFL2,black
CGGBP1,black
CHAT,black
CHCHD6,black
CHD8,black
CHIT1,black
CHL1,black
CHPF2,black
CHRDL2,black
CHRNG,black
CISD2,black
CKS1B,black
CLDND1,black
CLEC2D,black
CLEC4GP1,black
CLIC4,black
CLPX,black
CNOT11,black
CNOT4,black
CNTNAP2,black
COL11A1,black
COL24A1,black
COL25A1,black
COL4A3BP,black
COPE,black
COPS5,black
CPEB4,black
CPNE8,black
CRK,black
CRTC2,black
CRYZ,black
CSGALNACT2,black
CSMD2,black
CSNK1E,black
CSPP1,black
CTBP1,black
CTSV,black
CTTN,black
CUL3,black
CUTA,black
CWF19L1,black
CYB5RL,black
CYP2J2,black
CYP4V2,black
DANCR,black
DAZAP2,black
DBF4B,black
DCAF4,black
DCBLD1,black
DCHS1,black
DCTPP1,black
DCUN1D4,black
DDHD2,black
DDR1,black
DDRGK1,black
DDX17,black
DDX20,black
DDX39,black
DDX47,black
DEDD2,black
DEFB116,black
DGKA,black
DGKD,black
DHCR24,black
DHRS7,black
DHX16,black
DKK2,black
DKK3,black
DLC1,black
DLX5,black
DNAH11,black
DNAJC14,black
DNAJC6,black
DNLZ,black
DOK6,black
DPH2,black
DPP6,black
DPY19L1,black
DPYSL2,black
DR1,black
DRAM1,black
DSCAM,black
DSCAML1,black
DSCR3,black
DSE,black
DSEL,black
DUS2L,black
DUSP12,black
DUSP14,black
DUSP27,black
DUSP6,black
DVL2,black
DYNC1I2,black
DYNC1LI2,black
DYNC2LI1,black
DYNLT1,black
DYRK3,black
EBF2,black
EBF3,black
EEA1,black
EEF1A1,black
EEF2K,black
EFCAB5,black
EFHC1,black
EFNA5,black
EGFLAM,black
EGR3,black
EID2,black
EIF3IP1,black
ELMO1,black
ELOVL3,black
EME1,black
EML2,black
ENPEP,black
ENPP1,black
ENPP2,black
ENPP4,black
EPAS1,black
EPB41L5,black
EPC2,black
ERG,black
ERH,black
ERI3,black
ERRFI1,black
ESYT2,black
ETV5,black
EXT1,black
FA2H,black
FADS3,black
FAM104A,black
FAM117B,black
FAM134C,black
FAM161A,black
FAM162A,black
FAM164C,black
FAM167A,black
FAM168A,black
FAM171B,black
FAM174A,black
FAM184A,black
FAM190A,black
FAM196B,black
FAM227A,black
FAM71E1,black
FAM89B,black
FASTK,black
FBLN7,black
FBP1,black
FBXO42,black
FBXW8,black
FCRL6,black
FER,black
FGF5,black
FGGY,black
FIGN,black
FIS1,black
FKBP15,black
FLI1,black
FLJ36031,black
FLJ43663,black
FLT4,black
FLVCR1,black
FMNL2,black
FNBP4,black
FNDC5,black
FOXA2,black
FOXD2,black
FOXJ3,black
FOXP1,black
FRMD5,black
FRY,black
FTCD,black
FUBP3,black
FURIN,black
FXYD5,black
FYN,black
GABARAPL1,black
GABPA,black
GABPB1,black
GABRB1,black
GAK,black
GALNTL6,black
GART,black
GATA2,black
GBF1,black
GCH1,black
GDPD5,black
GEMIN5,black
GFM2,black
GFPT1,black
GFRA1,black
GGPS1,black
GLB1L2,black
GMNN,black
GNA12,black
GNAL,black
GNAS,black
GNAT1,black
GNB5,black
GNL3,black
GOLPH3,black
GPATCH4,black
GPATCH8,black
GPC6,black
GPM6A,black
GPN1,black
GPR137B,black
GPR55,black
GPR83,black
GRK4,black
GSDMD,black
GSK3A,black
GTF2H5,black
GTF2I,black
GTF3C1,black
GTPBP3,black
H1FX,black
H2AFV,black
HABP4,black
HAPLN1,black
HAS2AS,black
HCCA2,black
HDAC4,black
HDAC9,black
HDC,black
HDLBP,black
HEATR2,black
HEATR6,black
HES2,black
HHIP,black
HIGD1A,black
HIST1H2AG,black
HIST1H2BB,black
HLA-DOA,black
HLA-DRA,black
HLA-DRB1,black
HLA-DRB5,black
HLA-DRB6,black
HLA-E,black
HMGA1,black
HMGA2,black
HNF4G,black
HNRNPH1,black
HNRNPU,black
HNRPA1L-2,black
HOXC9,black
HRH1,black
HRH3,black
HSF1,black
HSPA4,black
IAH1,black
IARS,black
IDE,black
IDH3A,black
IFI27L2,black
IFIT5,black
IFNGR1,black
IGF2AS,black
IGF2BP3,black
IGF2R,black
IGFBP3,black
IKZF1,black
IL15,black
IL15RA,black
IL17RE,black
ING4,black
INO80E,black
INTS6,black
IP6K1,black
IPO8,black
IQSEC1,black
IRAK2,black
IRF1,black
ISCU,black
ITGA8,black
ITGB3BP,black
ITGB5,black
JADE1,black
JDP2,black
KANSL1,black
KAT2B,black
KAT6A,black
KATNAL2,black
KBTBD8,black
KCNA3,black
KCNA4,black
KCNQ1DN,black
KDM2A,black
KHDRBS1,black
KIAA0495,black
KIAA1688,black
KIAA1841,black
KIAA1949,black
KIAA1958,black
KIAA1967,black
KIDINS220,black
KIF11,black
KIF18B,black
KIF20B,black
KIF21A,black
KIF24,black
KIF25,black
KLF15,black
KLHDC2,black
KLHDC7B,black
KLHL29,black
KLHL7,black
KNDC1,black
KPNA1,black
KPNA2,black
LARGE,black
LASP1,black
LDHAL6A,black
LDLR,black
LDLRAD4,black
LGI3,black
LHX8,black
LIMCH1,black
LINC01280,black
LMBRD2,black
LMLN,black
LMNA,black
LMNB1,black
LMO7,black
LMX1A,black
LOC100130691,black
LOC100134713,black
LOC100287792,black
LOC100289341,black
LOC100507053,black
LOC100507065,black
LOC101927314,black
LOC101928068,black
LOC101928103,black
LOC284080,black
LOC404266,black
LOC440839,black
LOC729338,black
LOC729799,black
LOC729991,black
LOC729991-MEF2B,black
LOH12CR1,black
LOR,black
LRP2,black
LRRC16A,black
LRRC7,black
LSM5,black
LSMEM1,black
LTBP1,black
LTN1,black
LY6G5C,black
MAD2L1,black
MAEA,black
MAGI2,black
MAGOH,black
MAML3,black
MAN2C1,black
MAP3K13,black
MAP3K7IP2,black
MAP4K1,black
MAPK3,black
MAPK7,black
MAPKAP1,black
MAR-01,black
MARS,black
MARS2,black
MAT2A,black
MBD1,black
MBD2,black
MBOAT2,black
MBOAT7,black
MC1R,black
MCM2,black
MCM3,black
MCM7,black
ME1,black
MECOM,black
MECR,black
MED1,black
MED12L,black
MED22,black
MED27,black
MEIG1,black
MEIS1,black
MELK,black
MEPCE,black
MERTK,black
METT5D1,black
METTL1,black
MICA,black
MINPP1,black
MIR1273H,black
MIR217HG,black
MIR5091,black
MIR5096,black
MIR638,black
MIR6508,black
MIS12,black
MKRN1,black
MLF1IP,black
MLH1,black
MLKL,black
MLLT3,black
MLLT4-AS1,black
MLXIPL,black
MMAA,black
MME,black
MMP25,black
MOBKL3,black
MOCOS,black
MREG,black
MRI1,black
MRPL12,black
MRPL24,black
MRPL32,black
MRPL48,black
MRPL52,black
MRPL54,black
MRPS27,black
MRPS28,black
MRPS9,black
MSC,black
MTCH2,black
MTDH,black
MTMR10,black
MTOR,black
MUC4,black
MYD88,black
MYL6,black
MYL6B,black
MYLK,black
MYO3B,black
N4BP2L2,black
NARFL,black
NAV3,black
NCAPH2,black
NCBP1,black
NCBP2,black
NCKAP5,black
NCKIPSD,black
NCOR2,black
NCRNA00081,black
NDEL1,black
NDFIP2,black
NDUFAF1,black
NDUFB4,black
NDUFS8,black
NECAB3,black
NEDD4L,black
NEK7,black
NELFE,black
NEUROG2,black
NF2,black
NFATC3,black
NFE2L2,black
NFIB,black
NFIX,black
NHP2,black
NHP2L1,black
NIP7,black
NKX2-3,black
NLE1,black
NMNAT1,black
NMUR1,black
NOD1,black
NOL4,black
NOP58,black
NPEPPS,black
NPR3,black
NPTX2,black
NPY,black
NR1D1,black
NR1H3,black
NR3C1,black
NRBF2,black
NRIP1,black
NRIP2,black
NRXN1,black
NT5C2,black
NT5DC1,black
NUBP2,black
NUDC,black
NUFIP1,black
NUFIP2,black
NUP107,black
NUP205,black
NXPE3,black
NXPH2,black
OAZ3,black
OBFC1,black
OBSCN,black
ODF2L,black
OLIG1,black
OPCML,black
OPRD1,black
OR2AK2,black
OR4K2,black
OR52B6,black
OR8U8,black
ORC3L,black
OSBPL1A,black
OSTC,black
OXR1,black
OXTR,black
PACRG,black
PAFAH1B2,black
PAK2,black
PALM2,black
PAN2,black
PAPSS2,black
PAX6,black
PAX8,black
PCCA,black
PCDH10,black
PCDHB8,black
PCGF6,black
PCSK5,black
PCYT1A,black
PDDC1,black
PDE12,black
PDE2A,black
PDE4D,black
PDGFRA,black
PDLIM3,black
PEX11B,black
PFDN1,black
PFKFB2,black
PFKFB3,black
PFKP,black
PGA5,black
PGAP2,black
PGGT1B,black
PGLYRP2,black
PHF10,black
PHF20,black
PHF20L1,black
PHF21B,black
PHLPP1,black
PHLPP2,black
PHRF1,black
PI15,black
PIAS3,black
PIGBOS1,black
PIGY,black
PINX1,black
PKHD1,black
PKM,black
PKNOX2,black
PLAC9,black
PLCE1,black
PLCG1,black
PLEKHA2,black
PLXNA4,black
PLXNC1,black
PNN,black
PNPLA1,black
PNPLA7,black
PNPO,black
PNPT1,black
POFUT2,black
POLB,black
POLR1B,black
POM121C,black
POSTN,black
POU2F1,black
PPA2,black
PPARGC1A,black
PPFIA2,black
PPIL4,black
PPIL6,black
PPIP5K2,black
PPP1CA,black
PPP2CA,black
PPP2R2A,black
PPP2R2B,black
PPP2R5A,black
PPP2R5C,black
PPP4R2,black
PPT2,black
PRC1,black
PREX1,black
PRIMA1,black
PRKCG,black
PRLR,black
PRMT10,black
PRNP,black
PROM1,black
PRPS1L1,black
PRR13,black
PRRG4,black
PSIP1,black
PSMB9,black
PSMD14,black
PSRC1,black
PSTK,black
PTCD1,black
PTCH1,black
PTEN,black
PTGDR,black
PTGFRN,black
PTH1R,black
PTN,black
PTPN1,black
PTPN14,black
PTPRG,black
PTPRT,black
PTTG1IP,black
PXK,black
R3HCC1,black
RAB23,black
RAB36,black
RAB44,black
RAB5B,black
RABL3,black
RAD18,black
RAD50,black
RAD54L,black
RAI1,black
RALGPS1,black
RANBP3,black
RAP1B,black
RARS,black
RASGRP1,black
RASSF7,black
RASSF8,black
RB1,black
RB1CC1,black
RBM12,black
RBM16,black
RBM24,black
RBPJ,black
RBPMS2,black
RCCD1,black
RDBP,black
REEP5,black
RERE,black
RFWD3,black
RGMB,black
RGS12,black
RGS17,black
RGS7BP,black
RHOBTB1,black
RHOU,black
RIMKLB,black
RIMS2,black
RINT1,black
RIOK2,black
RNF10,black
RNF152,black
RNF185,black
RNF19A,black
RNF34,black
RNF4,black
RNF5P1,black
RNF7,black
RNGTT,black
RNH1,black
ROBO1,black
RORA,black
RPL22,black
RPL27A,black
RPL5,black
RPLP2,black
RPP30,black
RPP38,black
RPS10,black
RPS27A,black
RPS6KA5,black
RPTOR,black
RRAGD,black
RRP15,black
RSL24D1,black
RSRC2,black
RUFY1,black
RUFY2,black
RUNX1T1,black
RWDD2B,black
RYR3,black
SAMD13,black
SCAF8,black
SCARNA16,black
SCARNA2,black
SCG2,black
SCHIP1,black
SCIN,black
SCRN1,black
SDCCAG1,black
SDCCAG8,black
SDK1,black
SEC11A,black
SEMA3A,black
SEMA3C,black
SEMA3G,black
SEMA5A,black
SENP7,black
SEP-02,black
SEP-10,black
SEP-15,black
SEPHS1,black
SERINC5,black
SERPINA2,black
SERPINB7,black
SERPINB8,black
SESN1,black
SETD5,black
SFRS1,black
SFRS5,black
SFRS6,black
SFT2D1,black
SGSM3,black
SHC4,black
SHMT1,black
SIM2,black
SKOR2,black
SLC11A2,black
SLC12A5,black
SLC19A2,black
SLC25A46,black
SLC35A1,black
SLC35F5,black
SLC37A4,black
SLC38A10,black
SLC39A10,black
SLC43A1,black
SLC6A5,black
SLC7A6,black
SLC9A3,black
SLC9A5,black
SLC9A9-AS1,black
SMAD1,black
SMARCA5,black
SMARCAL1,black
SMNDC1,black
SMOC2,black
SNCA,black
SNCAIP,black
SNORA76,black
SNORD24,black
SNRNP27,black
SNRPN,black
SNX10,black
SNX13,black
SNX14,black
SNX5,black
SOAT1,black
SORCS3,black
SORT1,black
SOX2-OT,black
SP3,black
SPATA20,black
SPATA6,black
SPECC1,black
SPECC1L,black
SPG7,black
SPOCK3,black
SPRYD3,black
SRA1,black
SRFBP1,black
SRI,black
SSBP1,black
SSBP2,black
SSPN,black
ST3GAL5,black
ST3GAL6,black
STC1,black
STK39,black
STMN1,black
STOX2,black
STX18,black
SUFU,black
SUGT1,black
SUPT5H,black
SUV39H2,black
SVIP,black
SYNGAP1,black
SYT3,black
SYTL2,black
TAF1L,black
TAGLN3,black
TAOK3,black
TAP1,black
TBC1D23,black
TCEB3B,black
TCERG1,black
TCF25,black
TCN2,black
TCP11L2,black
TCTEX1D2,black
TDG,black
TEAD1,black
TEP1,black
TEX10,black
TEX9,black
TGIF1,black
THAP1,black
THAP7,black
THRAP3,black
THRB,black
THSD1,black
TKT,black
TLE4,black
TLK1,black
TLN1,black
TMC8,black
TMCO3,black
TMCO4,black
TMEM120B,black
TMEM128,black
TMEM132E,black
TMEM134,black
TMEM138,black
TMEM151B,black
TMEM170A,black
TMEM178,black
TMEM194A,black
TMEM196,black
TMEM230,black
TMEM41A,black
TMEM41B,black
TMEM44,black
TMEM99,black
TMOD3,black
TMPO-AS1,black
TMSB10,black
TNFAIP8L1,black
TNFRSF11B,black
TNFRSF19,black
TNNI3,black
TNR,black
TNS3,black
TNXB,black
TOM1L2,black
TOPBP1,black
TP53,black
TP53AIP1,black
TPCN2,black
TPI1,black
TPM1,black
TPO,black
TPPP,black
TPPP2,black
TRADD,black
TRAF6,black
TRIM26,black
TRIM27,black
TRIM3,black
TRIM4,black
TRIM68,black
TRIO,black
TRIOBP,black
TRIP13,black
TRMT1,black
TRNP1,black
TRNT1,black
TRPC7,black
TRRAP,black
TSC22D1,black
TSTD3,black
TTC18,black
TTC32,black
TTC37,black
TTC7A,black
TTLL10,black
TUB,black
TWIST1,black
TXNDC11,black
TXNRD1,black
TYW3,black
U2AF2,black
UBAC1,black
UBE2D3,black
UBE2F,black
UBL5,black
UBN2,black
UBQLN1,black
UBXN1,black
UFC1,black
UGGT1,black
UGP2,black
UGT2A2,black
UHMK1,black
UHRF1,black
UIMC1,black
ULK4,black
UPP2,black
USP12,black
USP53,black
UTRN,black
VAC14,black
VAMP4,black
VCAN,black
VEGFB,black
VHL,black
VPS13A-AS1,black
VPS26A,black
VPS28,black
VPS53,black
VSNL1,black
VSTM2A,black
VTI1A,black
VWA5A,black
VWC2,black
VWDE,black
WASF2,black
WBSCR16,black
WDR38,black
WDR59,black
WDR65,black
WDR75,black
WDR8,black
WDR93,black
WEE1,black
WIPF2,black
WIZ,black
WNT2,black
WTAP,black
XKR4,black
XPR1,black
XRCC3,black
XRN1,black
YARS2,black
YPEL4,black
YTHDC1,black
YWHAE,black
YWHAG,black
YWHAZ,black
ZBTB11-AS1,black
ZBTB12,black
ZBTB4,black
ZC3H3,black
ZCCHC3,black
ZEB2,black
ZEB2-AS1,black
ZFAND3,black
ZFAND5,black
ZFAND6,black
ZFHX4,black
ZFP42,black
ZFYVE28,black
ZMPSTE24,black
ZMYM5,black
ZNF112,black
ZNF140,black
ZNF141,black
ZNF142,black
ZNF184,black
ZNF212,black
ZNF223,black
ZNF227,black
ZNF257,black
ZNF263,black
ZNF277,black
ZNF311,black
ZNF323,black
ZNF33A,black
ZNF341,black
ZNF367,black
ZNF408,black
ZNF445,black
ZNF500,black
ZNF512,black
ZNF519,black
ZNF521,black
ZNF536,black
ZNF552,black
ZNF562,black
ZNF571,black
ZNF608,black
ZNF623,black
ZNF644,black
ZNF655,black
ZNF662,black
ZNF687,black
ZNF689,black
ZNF704,black
ZNF718,black
ZNF804A,black
ZNF804B,black
ZNF805,black
ZNF879,black
ZNRD1,black
ZNRF1,black
ZSCAN22,black
ZSCAN26,black
ZSWIM2,black
A2BP1,blue
AAAS,blue
AACS,blue
AAED1,blue
AAMDC,blue
AARSD1,blue
ABCB9,blue
ABCC3,blue
ABCC5,blue
ABCE1,blue
ABCF1,blue
ABCG2,blue
ABHD10,blue
ABHD11,blue
ABHD17B,blue
ABHD5,blue
ABL2,blue
ABLIM1,blue
ABT1,blue
ABTB2,blue
ACACA,blue
ACACB,blue
ACAP3,blue
ACAT1,blue
ACBD3,blue
ACBD5,blue
ACBD7,blue
ACER3,blue
ACHE,blue
ACIN1,blue
ACOT13,blue
ACOT7,blue
ACOX3,blue
ACSS3,blue
ACTR2,blue
ACTR3B,blue
ACTR6,blue
ACYP2,blue
ADAL,blue
ADAM19,blue
ADAM22,blue
ADAMTS10,blue
ADAMTS19,blue
ADAMTS2,blue
ADAMTS6,blue
ADAMTS8,blue
ADAR,blue
ADCK4,blue
ADCY5,blue
ADCY8,blue
ADCYAP1,blue
ADD3,blue
ADH5,blue
ADHFE1,blue
ADIPOR1,blue
ADK,blue
ADM,blue
ADORA1,blue
ADPGK,blue
ADRA2B,blue
ADRBK1,blue
AFF4,blue
AGAP1,blue
AGAP3,blue
AGBL5,blue
AGFG1,blue
AGL,blue
AGRN,blue
AGTPBP1,blue
AHCYL2,blue
AHI1,blue
AHNAK2,blue
AHR,blue
AIG1,blue
AJAP1,blue
AK1,blue
AK2,blue
AK7,blue
AKAP1,blue
AKAP6,blue
AKAP8,blue
AKR1B1,blue
AKR1B15,blue
AKT1,blue
ALDH4A1,blue
ALDH9A1,blue
ALDOA,blue
ALG11,blue
ALG14,blue
ALG5,blue
ALKBH1,blue
ALKBH6,blue
ALS2CR4,blue
ALX4,blue
AMD1,blue
AMFR,blue
AMICA1,blue
AMIGO3,blue
AMN,blue
AMOTL1,blue
AMPD3,blue
AMPH,blue
ANAPC7,blue
ANGEL1,blue
ANKHD1,blue
ANKRD10,blue
ANKRD11,blue
ANKRD16,blue
ANKRD34A,blue
ANKRD35,blue
ANKRD36C,blue
ANKRD39,blue
ANKRD40,blue
ANKRD43,blue
ANKRD46,blue
ANKRD50,blue
ANKRD52,blue
ANKRD54,blue
ANKRD6,blue
ANKS1B,blue
ANO6,blue
ANO9,blue
ANP32A,blue
ANP32B,blue
ANTXR1,blue
ANXA11,blue
ANXA4,blue
AP1G1,blue
AP1G2,blue
AP2M1,blue
AP3M2,blue
AP3S2,blue
APAF1,blue
APBA1,blue
APBA3,blue
APEH,blue
API5,blue
APLF,blue
APPL2,blue
APRT,blue
ARF1,blue
ARF4,blue
ARFGEF1,blue
ARG2,blue
ARGLU1,blue
ARHGAP44,blue
ARHGAP5,blue
ARHGAP8,blue
ARHGEF1,blue
ARHGEF11,blue
ARHGEF18,blue
ARHGEF19,blue
ARHGEF40,blue
ARHGEF7,blue
ARID1B,blue
ARID2,blue
ARID3A,blue
ARIH1,blue
ARL1,blue
ARL10,blue
ARL4D,blue
ARL6,blue
ARL6IP4,blue
ARL6IP5,blue
ARMC10,blue
ARMC4,blue
ARMC5,blue
ARPC4,blue
ARPC5,blue
ARRDC2,blue
ARRDC3,blue
ARSB,blue
ARSK,blue
ASAH1,blue
ASAP1,blue
ASAP2,blue
ASCL2,blue
ASF1A,blue
ASH2L,blue
ASL,blue
ASNSD1,blue
ASPM,blue
ASTN1,blue
ASXL2,blue
ATAD1,blue
ATCAY,blue
ATF2,blue
ATF4,blue
ATF6,blue
ATF6B,blue
ATF7,blue
ATG12,blue
ATG16L1,blue
ATG2A,blue
ATG3,blue
ATG4C,blue
ATG4D,blue
ATL1,blue
ATL3,blue
ATM,blue
ATOH8,blue
ATP11A,blue
ATP2B2,blue
ATP5B,blue
ATP5C1,blue
ATP5E,blue
ATP5F1,blue
ATP5S,blue
ATP5SL,blue
ATP6V0B,blue
ATP6V0D1,blue
ATP6V0E2,blue
ATP6V1A,blue
ATP6V1H,blue
ATPIF1,blue
ATRN,blue
ATRNL1,blue
ATXN7,blue
ATXN7L2,blue
ATXN7L3,blue
AUH,blue
AURKAIP1,blue
AUTS2,blue
AVL9,blue
AZI2,blue
B3GALNT1,blue
B3GALT4,blue
B3GAT3,blue
B3GNT8,blue
B4GALT3,blue
BAD,blue
BAG2,blue
BAG5,blue
BAI2,blue
BAT1,blue
BAT2,blue
BAT3,blue
BAT5,blue
BCAP29,blue
BCAR3,blue
BCAS1,blue
BCAS2,blue
BCAS3,blue
BCAT2,blue
BCCIP,blue
BCDIN3D,blue
BCHE,blue
BCKDHA,blue
BCKDHB,blue
BCL10,blue
BCL11A,blue
BCL2,blue
BCL2L2-PABPN1,blue
BCL7A,blue
BCL7B,blue
BCL9,blue
BCO2,blue
BDH1,blue
BDNF,blue
BEND3,blue
BEST2,blue
BET1,blue
BIRC5,blue
BIVM,blue
BLCAP,blue
BLOC1S3,blue
BLOC1S5-TXNDC5,blue
BLZF1,blue
BMI1,blue
BMP6,blue
BMS1P4,blue
BNIP1,blue
BNIP3,blue
BPGM,blue
BPNT1,blue
BRCA1,blue
BRD2,blue
BRD7,blue
BRE,blue
BRI3,blue
BRINP3,blue
BRP44L,blue
BRPF1,blue
BRUNOL5,blue
BSDC1,blue
BSG,blue
BSPRY,blue
BSX,blue
BTF3,blue
BUB1,blue
BVES-AS1,blue
BZW2,blue
C10ORF114,blue
C10ORF137,blue
C10ORF140,blue
C10ORF18,blue
C10ORF4,blue
C10ORF41,blue
C11ORF48,blue
C11ORF58,blue
C11ORF60,blue
C11ORF67,blue
C11ORF73,blue
C11ORF84,blue
C11ORF88,blue
C11ORF9,blue
C12ORF23,blue
C12ORF44,blue
C12ORF49,blue
C12ORF76,blue
C13ORF26,blue
C13ORF27,blue
C13ORF38,blue
C14ORF1,blue
C14ORF101,blue
C14ORF178,blue
C14ORF2,blue
C14ORF23,blue
C14ORF37,blue
C14ORF39,blue
C14ORF73,blue
C14ORF80,blue
C15ORF27,blue
C15ORF33,blue
C16ORF35,blue
C16ORF5,blue
C16ORF53,blue
C16ORF65,blue
C16ORF91,blue
C17ORF49,blue
C17ORF61,blue
C17ORF63,blue
C17ORF79,blue
C17ORF96,blue
C17ORF97,blue
C18ORF56,blue
C19ORF24,blue
C19ORF44,blue
C19ORF45,blue
C19ORF48,blue
C19ORF62,blue
C19ORF73,blue
C1ORF101,blue
C1ORF127,blue
C1ORF131,blue
C1ORF133,blue
C1ORF135,blue
C1ORF156,blue
C1ORF159,blue
C1ORF212,blue
C1ORF228,blue
C1ORF25,blue
C1ORF31,blue
C1ORF35,blue
C1ORF43,blue
C1ORF52,blue
C1ORF53,blue
C1ORF55,blue
C1ORF58,blue
C1ORF86,blue
C1QL2,blue
C1QTNF1,blue
C20ORF108,blue
C20ORF194,blue
C20ORF199,blue
C20ORF43,blue
C21ORF56,blue
C21ORF58,blue
C21ORF59,blue
C21ORF88,blue
C21ORF91,blue
C22ORF24,blue
C22ORF26,blue
C22ORF30,blue
C22ORF41,blue
C2CD3,blue
C2CD4A,blue
C2ORF42,blue
C2ORF49,blue
C2ORF67,blue
C2ORF70,blue
C2ORF88,blue
C2ORF89,blue
C3ORF58,blue
C4ORF10,blue
C4ORF19,blue
C4ORF32,blue
C4ORF38,blue
C4ORF49,blue
C5ORF24,blue
C5ORF34,blue
C5ORF35,blue
C5ORF44,blue
C6ORF120,blue
C6ORF145,blue
C6ORF155,blue
C6ORF204,blue
C6ORF62,blue
C6ORF72,blue
C7ORF27,blue
C7ORF36,blue
C7ORF47,blue
C7ORF51,blue
C7ORF55,blue
C7ORF70,blue
C8ORF34,blue
C8ORF37-AS1,blue
C8ORF41,blue
C8ORF55,blue
C8ORF73,blue
C9ORF106,blue
C9ORF16,blue
C9ORF3,blue
C9ORF68,blue
C9ORF69,blue
C9ORF89,blue
C9ORF98,blue
CA10,blue
CA2,blue
CA7,blue
CA8,blue
CABC1,blue
CABP1,blue
CABYR,blue
CACHD1,blue
CACNA1A,blue
CACNA1I,blue
CACNA2D2,blue
CACNA2D3,blue
CACNB2,blue
CADM1,blue
CADM4,blue
CALCA,blue
CALCB,blue
CALM2,blue
CAMK2D,blue
CAMTA2,blue
CAPN5,blue
CAPNS1,blue
CAPRIN1,blue
CARF,blue
CARHSP1,blue
CARS,blue
CASC3,blue
CASC4,blue
CASKIN2,blue
CASP7,blue
CASP8,blue
CAV1,blue
CBARP,blue
CBLC,blue
CBLL1,blue
CBX7,blue
CCAR1,blue
CCDC101,blue
CCDC102A,blue
CCDC110,blue
CCDC112,blue
CCDC12,blue
CCDC123,blue
CCDC13,blue
CCDC136,blue
CCDC137,blue
CCDC149,blue
CCDC15,blue
CCDC150,blue
CCDC151,blue
CCDC152,blue
CCDC173,blue
CCDC177,blue
CCDC183-AS1,blue
CCDC23,blue
CCDC39,blue
CCDC40,blue
CCDC46,blue
CCDC61,blue
CCDC62,blue
CCDC64,blue
CCDC71,blue
CCDC75,blue
CCDC77,blue
CCDC82,blue
CCDC94,blue
CCDC99,blue
CCM2,blue
CCND1,blue
CCND2,blue
CCNH,blue
CCNI,blue
CCNJL,blue
CCNL1,blue
CCNT2,blue
CCNYL1,blue
CCR1,blue
CCR7,blue
CCT2,blue
CCT3,blue
CD164,blue
CD164L2,blue
CD1D,blue
CD200,blue
CD320,blue
CD44,blue
CD55,blue
CD63,blue
CD74,blue
CD8A,blue
CDC26,blue
CDC37L1,blue
CDC5L,blue
CDCA5,blue
CDGAP,blue
CDH15,blue
CDH9,blue
CDK1,blue
CDK12,blue
CDK19,blue
CDK20,blue
CDK2AP1,blue
CDK6,blue
CDKN1B,blue
CDKN1C,blue
CDKN2A,blue
CDKN2B-AS1,blue
CDO1,blue
CDR2,blue
CDV3,blue
CEBPG,blue
CELSR3,blue
CEND1,blue
CENPBD1,blue
CENPC1,blue
CENPH,blue
CENPL,blue
CENPO,blue
CENPP,blue
CEP131,blue
CEP164,blue
CEP170,blue
CEP250,blue
CEP57,blue
CEP63,blue
CEP68,blue
CEP95,blue
CFAP52,blue
CFAP74,blue
CFLAR,blue
CFLAR-AS1,blue
CGGBP1,blue
CGREF1,blue
CHAD,blue
CHCHD3,blue
CHCHD6,blue
CHD1,blue
CHD1L,blue
CHD2,blue
CHD3,blue
CHD4,blue
CHD7,blue
CHDH,blue
CHEK2,blue
CHFR,blue
CHMP1B,blue
CHMP5,blue
CHORDC1,blue
CHPF,blue
CHRAC1,blue
CHRNA4,blue
CHRNA7,blue
CHST13,blue
CHSY1,blue
CHSY3,blue
CHURC1,blue
CINP,blue
CKAP2L,blue
CKS2,blue
CLASP1,blue
CLASP2,blue
CLCC1,blue
CLCN3,blue
CLCN6,blue
CLDN14,blue
CLDN3,blue
CLDND1,blue
CLEC2L,blue
CLHC1,blue
CLIC1,blue
CLIC4,blue
CLK1,blue
CLK2,blue
CLK3,blue
CLN6,blue
CLP1,blue
CLPX,blue
CLSTN1,blue
CLSTN3,blue
CLUAP1,blue
CLYBL,blue
CMTM3,blue
CMTM8,blue
CNIH3,blue
CNNM2,blue
CNOT10,blue
CNOT2,blue
CNOT4,blue
CNOT8,blue
CNPY3,blue
CNRIP1,blue
CNTNAP1,blue
COA1,blue
COA4,blue
COASY,blue
COG3,blue
COG4,blue
COG8,blue
COL11A2,blue
COL12A1,blue
COL13A1,blue
COL23A1,blue
COL27A1,blue
COL5A1,blue
COMMD5,blue
COMMD8,blue
COMP,blue
COPB1,blue
COPG2,blue
COPS3,blue
COPS4,blue
COPS7B,blue
COQ10A,blue
COQ10B,blue
COQ6,blue
CORO1A,blue
CORO1C,blue
COX10,blue
COX16,blue
COX4NB,blue
COX5A,blue
COX5B,blue
COX6B1,blue
COX7A2,blue
COX7C,blue
CPE,blue
CPEB3,blue
CPED1,blue
CPLX3,blue
CPNE9,blue
CPOX,blue
CPS1,blue
CPSF7,blue
CPVL,blue
CR1,blue
CRAT,blue
CRBN,blue
CRCP,blue
CREBZF,blue
CREG2,blue
CRIM1,blue
CRK,blue
CRLF1,blue
CRMP1,blue
CROCC,blue
CRTC1,blue
CRTC3,blue
CRY2,blue
CSF1,blue
CSK,blue
CSMD1,blue
CSMD2,blue
CSMD3,blue
CSNK1E,blue
CSNK1G2,blue
CSNK2B,blue
CSPP1,blue
CST6,blue
CSTF3,blue
CTAGE5,blue
CTBP2,blue
CTCF,blue
CTDSP1,blue
CTGF,blue
CTH,blue
CTNNAL1,blue
CTNNB1,blue
CTNNBIP1,blue
CTNND1,blue
CTNND2,blue
CTNS,blue
CTR9,blue
CTSA,blue
CUL1,blue
CUL2,blue
CUTA,blue
CWF19L2,blue
CXCR4,blue
CXXC1,blue
CXXC5,blue
CYB561,blue
CYB5A,blue
CYB5B,blue
CYFIP2,blue
CYHR1,blue
CYLD,blue
CYP26B1,blue
CYP51A1,blue
CYR61,blue
CYTH1,blue
CYTSA,blue
DAAM2,blue
DAB1,blue
DAB2,blue
DACT3,blue
DAGLB,blue
DAK,blue
DALRD3,blue
DAXX,blue
DAZAP2,blue
DBN1,blue
DBNDD1,blue
DBP,blue
DBR1,blue
DBT,blue
DCAF11,blue
DCAF13,blue
DCAF8,blue
DCAKD,blue
DCBLD2,blue
DCDC2,blue
DCLK2,blue
DCLRE1B,blue
DCPS,blue
DCUN1D4,blue
DCUN1D5,blue
DDAH1,blue
DDHD1,blue
DDIT3,blue
DDIT4,blue
DDIT4L,blue
DDRGK1,blue
DDX10,blue
DDX25,blue
DDX31,blue
DDX41,blue
DDX46,blue
DDX50,blue
DDX51,blue
DDX52,blue
DDX56,blue
DDX6,blue
DEAF1,blue
DECR2,blue
DEDD,blue
DEDD2,blue
DEF8,blue
DEM1,blue
DENND1A,blue
DENND3,blue
DENND4A,blue
DENND5B,blue
DENND5B-AS1,blue
DERL1,blue
DET1,blue
DFFB,blue
DGCR14,blue
DGKA,blue
DGKB,blue
DGKD,blue
DHCR24,blue
DHDDS,blue
DHH,blue
DHRS3,blue
DHX16,blue
DHX29,blue
DHX36,blue
DHX37,blue
DHX8,blue
DHX9,blue
DICER1,blue
DIMT1L,blue
DIO2,blue
DIP2B,blue
DIP2C,blue
DIRAS2,blue
DIXDC1,blue
DKKL1,blue
DLEU2,blue
DLEU7,blue
DLG1-AS1,blue
DLG2,blue
DLGAP1,blue
DLK2,blue
DLX3,blue
DLX6AS,blue
DMRT2,blue
DNAH6,blue
DNAH8,blue
DNAJA4,blue
DNAJB11,blue
DNAJB4,blue
DNAJC1,blue
DNAJC11,blue
DNAJC12,blue
DNAJC19,blue
DNAJC24,blue
DNAJC25,blue
DNAJC27,blue
DNAJC3,blue
DNAJC30,blue
DNAJC6,blue
DNAL1,blue
DNTTIP2,blue
DOCK1,blue
DOCK7,blue
DOCK9,blue
DOK4,blue
DOPEY1,blue
DPEP2,blue
DPH6-AS1,blue
DPY19L1,blue
DPY30,blue
DPYD,blue
DPYSL3,blue
DPYSL4,blue
DRAM2,blue
DRAXIN,blue
DSC2,blue
DSC3,blue
DSCR3,blue
DSE,blue
DTNBP1,blue
DTX4,blue
DUSP10,blue
DUSP11,blue
DUSP12,blue
DUSP15,blue
DUSP18,blue
DUSP26,blue
DUSP4,blue
DUSP5,blue
DUT,blue
DVL1,blue
DYDC2,blue
DYNC1I2,blue
DYNC1LI1,blue
DYNC2H1,blue
DYNC2LI1,blue
DYNLT1,blue
DYRK1A,blue
DZIP3,blue
E2F1,blue
E2F8,blue
E4F1,blue
EBF2,blue
EBLN3,blue
ECHDC1,blue
EDC4,blue
EDEM1,blue
EDEM2,blue
EDIL3,blue
EEA1,blue
EED,blue
EEF1B2,blue
EEF1E1-BLOC1S5,blue
EEF1G,blue
EEFSEC,blue
EEPD1,blue
EFCAB11,blue
EFCAB14,blue
EFCAB2,blue
EFHA1,blue
EFHD1,blue
EGFR,blue
EGLN3,blue
EGR2,blue
EHBP1,blue
EHD1,blue
EHD3,blue
EHD4,blue
EI24,blue
EIF1AD,blue
EIF2B2,blue
EIF2B5,blue
EIF3D,blue
EIF3F,blue
EIF3J,blue
EIF3M,blue
EIF4G2,blue
EIF4G3,blue
EIF4H,blue
EIF5A,blue
ELAC1,blue
ELAVL1,blue
ELAVL2,blue
ELF1,blue
ELK4,blue
ELMO1,blue
ELOVL2-AS1,blue
ELOVL6,blue
ELOVL7,blue
ELP2P,blue
EMID2,blue
EMILIN2,blue
EML1,blue
EML4,blue
EN1,blue
ENC1,blue
ENDOD1,blue
ENDOU,blue
ENKD1,blue
ENKUR,blue
ENO4,blue
ENOPH1,blue
ENPP5,blue
EPB41,blue
EPB41L2,blue
EPB41L3,blue
EPC1,blue
EPC2,blue
EPHA10,blue
EPHB2,blue
EPHX3,blue
EPN2,blue
EPN3,blue
EPO,blue
EPRS,blue
EPS15L1,blue
ERBB2IP,blue
ERCC2,blue
ERCC3,blue
ERG,blue
ERI2,blue
ERICH1,blue
ERLIN2,blue
ERO1L,blue
ERP44,blue
ERRFI1,blue
ESCO2,blue
ESR1,blue
ESR2,blue
ESRP2,blue
ESRRA,blue
ESRRG,blue
ESYT2,blue
ETAA1,blue
ETF1,blue
ETFA,blue
ETFB,blue
ETS2,blue
ETV1,blue
ETV5,blue
ETV7,blue
EVA1C,blue
EVC2,blue
EVI5,blue
EVX1,blue
EWSR1,blue
EXO1,blue
EXOC1,blue
EXOC3,blue
EXOC6B,blue
EXOC8,blue
EXOSC8,blue
EXOSC9,blue
EXTL2,blue
EYA4,blue
EZH2,blue
F3,blue
FADS2,blue
FAF2,blue
FAIM,blue
FALEC,blue
FAM115A,blue
FAM117A,blue
FAM117B,blue
FAM132A,blue
FAM134A,blue
FAM134B,blue
FAM13A,blue
FAM149A,blue
FAM162B,blue
FAM173B,blue
FAM174A,blue
FAM174B,blue
FAM183A,blue
FAM184A,blue
FAM188A,blue
FAM188B,blue
FAM189B,blue
FAM190A,blue
FAM198B,blue
FAM19A4,blue
FAM20C,blue
FAM213B,blue
FAM38A,blue
FAM43A,blue
FAM45B,blue
FAM46B,blue
FAM48A,blue
FAM54A,blue
FAM59B,blue
FAM5B,blue
FAM63B,blue
FAM65A,blue
FAM65C,blue
FAM73B,blue
FAM84A,blue
FANCF,blue
FANCL,blue
FANCM,blue
FAR1,blue
FARP1,blue
FASTKD2,blue
FASTKD5,blue
FBF1,blue
FBN1,blue
FBN2,blue
FBP1,blue
FBRSL1,blue
FBXL17,blue
FBXL22,blue
FBXO15,blue
FBXO22,blue
FBXO25,blue
FBXO27,blue
FBXO30,blue
FBXO36,blue
FBXO5,blue
FBXO9,blue
FBXW11,blue
FDX1L,blue
FDXR,blue
FEM1A,blue
FERMT2,blue
FEZ1,blue
FEZF2,blue
FGD5-AS1,blue
FGD6,blue
FGF14,blue
FGF19,blue
FGF3,blue
FGF9,blue
FGFR4,blue
FGFRL1,blue
FGGY,blue
FH,blue
FILIP1,blue
FKBP10,blue
FKBP2,blue
FKBP4,blue
FLAD1,blue
FLI1,blue
FLJ23834,blue
FLJ31306,blue
FLJ35220,blue
FLJ36777,blue
FLJ37307,blue
FLJ37453,blue
FLJ41350,blue
FLJ42709,blue
FLJ45983,blue
FLOT1,blue
FLYWCH1,blue
FLYWCH2,blue
FMNL2,blue
FMNL3,blue
FN1,blue
FNBP4,blue
FNDC3A,blue
FNDC3B,blue
FNIP1,blue
FNIP2,blue
FNTA,blue
FOXC2,blue
FOXD1,blue
FOXD3-AS1,blue
FOXE1,blue
FOXG1,blue
FOXO3,blue
FOXP1,blue
FOXRED1,blue
FRAT1,blue
FRY-AS1,blue
FRYL,blue
FSCN1,blue
FST,blue
FUBP1,blue
FUCA2,blue
FUZ,blue
FXC1,blue
FXR1,blue
FYTTD1,blue
FZD1,blue
FZD10-AS1,blue
FZD2,blue
FZD4,blue
FZD5,blue
FZD6,blue
G3BP1,blue
G6PC3,blue
GABARAP,blue
GABBR2,blue
GABPB2,blue
GABRB1,blue
GABRB2,blue
GABRP,blue
GADD45B,blue
GADD45GIP1,blue
GAL3ST4,blue
GALC,blue
GALNT2,blue
GALNT3,blue
GALNT7,blue
GALNT9,blue
GALNTL2,blue
GAMT,blue
GAN,blue
GANC,blue
GAP43,blue
GAPDH,blue
GAPVD1,blue
GAR1,blue
GAS5,blue
GAS7,blue
GAS8,blue
GATA4,blue
GATAD2B,blue
GCM2,blue
GDAP2,blue
GDF10,blue
GDF7,blue
GDI2,blue
GDNF,blue
GEMIN4,blue
GEN1,blue
GFM2,blue
GFRA3,blue
GFY,blue
GGA1,blue
GGA3,blue
GGPS1,blue
GHR,blue
GIN1,blue
GIPC1,blue
GJA1,blue
GJB2,blue
GLB1L2,blue
GLCE,blue
GLE1,blue
GLI3,blue
GLIPR1L1,blue
GLIPR2,blue
GLO1,blue
GLRX3,blue
GLYCTK,blue
GMEB1,blue
GMIP,blue
GNA12,blue
GNAI3,blue
GNAS,blue
GNB1,blue
GNB2,blue
GNB2L1,blue
GNE,blue
GNG7,blue
GNL1,blue
GNL3,blue
GNMT,blue
GNS,blue
GOLGA1,blue
GOLGA4,blue
GOLM1,blue
GON4L,blue
GOT2,blue
GPATCH3,blue
GPATCH8,blue
GPBP1,blue
GPC6,blue
GPD2,blue
GPM6A,blue
GPN1,blue
GPR108,blue
GPR113,blue
GPR120,blue
GPR125,blue
GPR137B,blue
GPR155,blue
GPR158,blue
GPR177,blue
GPR180,blue
GPR182,blue
GPR27,blue
GPR3,blue
GPR37,blue
GPR62,blue
GPR83,blue
GPRC5C,blue
GPSM2,blue
GPX4,blue
GRAMD1C,blue
GRAMD3,blue
GRASP,blue
GRB2,blue
GRIA2,blue
GRIA4,blue
GRID1,blue
GRIN2C,blue
GRINL1A,blue
GRM7,blue
GRSF1,blue
GRWD1,blue
GRXCR1,blue
GSK3A,blue
GSK3B,blue
GSTCD,blue
GSTM4,blue
GSTO1,blue
GTF2A1,blue
GTF2F1,blue
GTF2H4,blue
GTF3C1,blue
GTF3C3,blue
GTPBP1,blue
GTSE1,blue
GUCD1,blue
GUK1,blue
GYS1,blue
HACE1,blue
HACL1,blue
HAND1,blue
HARS2,blue
HAUS2,blue
HAUS4,blue
HAUS5,blue
HAUS8,blue
HAX1,blue
HBP1,blue
HCG4,blue
HCG9,blue
HCK,blue
HDAC11,blue
HDAC2,blue
HDAC4,blue
HDAC5,blue
HDAC7,blue
HDHD2,blue
HEMK1,blue
HERC5,blue
HES1,blue
HES4,blue
HEXA,blue
HGS,blue
HHATL,blue
HIATL2,blue
HIF1A,blue
HIGD1A,blue
HIGD2B,blue
HINT2,blue
HIP1,blue
HIP1R,blue
HIPK3,blue
HIST1H1D,blue
HIST1H1E,blue
HIST1H2AC,blue
HIST1H2AE,blue
HIST1H2AL,blue
HIST1H2BE,blue
HIST1H2BK,blue
HIST1H4C,blue
HIST1H4E,blue
HIST1H4H,blue
HIST2H2AB,blue
HIST3H2A,blue
HIVEP1,blue
HJURP,blue
HK1,blue
HLA-F,blue
HLA-G,blue
HLX,blue
HMBOX1,blue
HMCES,blue
HMCN1,blue
HMG20A,blue
HMG20B,blue
HMGB2,blue
HMGCR,blue
HMGN4,blue
HMGXB3,blue
HMOX1,blue
HN1L,blue
HNRNPA1,blue
HNRNPA3,blue
HNRNPD,blue
HNRNPF,blue
HNRNPK,blue
HNRNPM,blue
HNRNPR,blue
HNRNPU,blue
HNRPLL,blue
HOMEZ,blue
HOOK2,blue
HOPX,blue
HOXA10,blue
HOXA3,blue
HOXA7,blue
HOXB2,blue
HOXB3,blue
HOXB8,blue
HOXC10,blue
HOXC12,blue
HOXC13,blue
HOXC4,blue
HOXD-AS2,blue
HPN,blue
HPS1,blue
HRH2,blue
HSDL1,blue
HSF2BP,blue
HSP90AA1,blue
HSPA13,blue
HSPA14,blue
HSPA1A,blue
HSPA1B,blue
HSPA4,blue
HSPA4L,blue
HSPA8,blue
HSPBP1,blue
HSPC072,blue
HSPH1,blue
HTATIP2,blue
HTR2B,blue
HTR4,blue
HTRA1,blue
HTT,blue
HYI,blue
HYLS1,blue
ICOSLG,blue
ID1,blue
ID2,blue
IDH3A,blue
IER2,blue
IER5,blue
IFI27L2,blue
IFIT1,blue
IFIT2,blue
IFIT5,blue
IFITM10,blue
IFNAR1,blue
IFRD1,blue
IFT122,blue
IFT80,blue
IFT88,blue
IGDCC3,blue
IGSF11,blue
IGSF3,blue
IGSF9B,blue
IHH,blue
IKBIP,blue
IKZF5,blue
IL10RB-AS1,blue
IL15,blue
ILDR1,blue
ILF2,blue
IMMP2L,blue
IMMT,blue
IMPA2,blue
IMPDH2,blue
INADL,blue
ING1,blue
ING4,blue
INHA,blue
INHBB,blue
INO80,blue
INO80D,blue
INPP5A,blue
INPP5B,blue
INPP5E,blue
INPP5K,blue
INPPL1,blue
INSIG1,blue
INTS8,blue
IP6K2,blue
IPO11,blue
IPO5,blue
IQCE,blue
IQCG,blue
IQCH-AS1,blue
IQCJ,blue
IQSEC1,blue
IQUB,blue
IREB2,blue
IRF2BP1,blue
IRF2BP2,blue
IRF3,blue
IRX2,blue
IRX4,blue
IRX5,blue
ISCU,blue
ISL1,blue
ISL2,blue
ISM1,blue
ISOC1,blue
ISYNA1,blue
ITCH,blue
ITFG1,blue
ITFG2,blue
ITFG3,blue
ITGA2,blue
ITGA5,blue
ITGAE,blue
ITGB1BP1,blue
ITGB5,blue
ITPKA,blue
ITPKB,blue
ITSN1,blue
IVD,blue
IVNS1ABP,blue
IWS1,blue
JAK1,blue
JAM3,blue
JARID2,blue
JARID2-AS1,blue
JAZF1,blue
JAZF1-AS1,blue
JMJD1C,blue
JUB,blue
JUN,blue
KALRN,blue
KANK3,blue
KARS,blue
KAZALD1,blue
KBTBD11,blue
KCNA2,blue
KCNC2,blue
KCNC3,blue
KCNC4,blue
KCND3,blue
KCNH7,blue
KCNIP2,blue
KCNIP3,blue
KCNJ12,blue
KCNJ2,blue
KCNJ4,blue
KCNJ8,blue
KCNK2,blue
KCNK5,blue
KCNMB4,blue
KCNQ1OT1,blue
KCNQ3,blue
KCTD1,blue
KCTD12,blue
KCTD2,blue
KDM1B,blue
KDM2B,blue
KDM3A,blue
KDM4A,blue
KDSR,blue
KEAP1,blue
KHDC1,blue
KHDRBS1,blue
KIAA0174,blue
KIAA0247,blue
KIAA0319,blue
KIAA0319L,blue
KIAA0586,blue
KIAA0907,blue
KIAA0913,blue
KIAA0947,blue
KIAA1191,blue
KIAA1217,blue
KIAA1407,blue
KIAA1429,blue
KIAA1522,blue
KIAA1712,blue
KIAA1949,blue
KIAA2013,blue
KIF15,blue
KIF16B,blue
KIF21B,blue
KIF22,blue
KIF26B,blue
KIF2C,blue
KIFC2,blue
KIRREL,blue
KIRREL2,blue
KIRREL3,blue
KISS1R,blue
KLC1,blue
KLC2,blue
KLF11,blue
KLF12,blue
KLF14,blue
KLF3,blue
KLF7,blue
KLHL12,blue
KLHL17,blue
KLHL20,blue
KLHL21,blue
KLHL24,blue
KLHL25,blue
KLHL5,blue
KLK10,blue
KPNA3,blue
KPNA4,blue
KPNA5,blue
KPNB1,blue
KRAS,blue
KREMEN1,blue
KREMEN2,blue
KRIT1,blue
KRT222,blue
KRTAP1-1,blue
KRTAP10-3,blue
KSR2,blue
L1TD1,blue
L3MBTL2,blue
L3MBTL3,blue
LAMA5,blue
LAMB2,blue
LARP6,blue
LARP7,blue
LATS1,blue
LBX1,blue
LCA5,blue
LCMT2,blue
LCORL,blue
LDHB,blue
LECT1,blue
LEPR,blue
LEPRE1,blue
LEPROT,blue
LETM2,blue
LETMD1,blue
LFNG,blue
LGMN,blue
LHFPL3,blue
LHX1,blue
LHX3,blue
LHX4,blue
LHX6,blue
LIFR,blue
LIMD2,blue
LIN28,blue
LIN9,blue
LINC-PINT,blue
LINC00092,blue
LINC00242,blue
LINC00492,blue
LINC00669,blue
LINC01058,blue
LINC01202,blue
LINC01351,blue
LINC01399,blue
LINC01572,blue
LINC01578,blue
LINGO3,blue
LIPE,blue
LITAF,blue
LIX1L,blue
LMAN2L,blue
LMBR1,blue
LMBRD1,blue
LMCD1,blue
LMF2,blue
LMNB1,blue
LNPEP,blue
LOC100128811,blue
LOC100129716,blue
LOC100130691,blue
LOC100132111,blue
LOC100133612,blue
LOC100134713,blue
LOC100192378,blue
LOC100272217,blue
LOC100287216,blue
LOC100288730,blue
LOC100288842,blue
LOC100302652,blue
LOC100505530,blue
LOC100505921,blue
LOC100507462,blue
LOC101928370,blue
LOC101928386,blue
LOC101929076,blue
LOC101929089,blue
LOC101929384,blue
LOC143666,blue
LOC145663,blue
LOC148189,blue
LOC148709,blue
LOC285205,blue
LOC285456,blue
LOC285548,blue
LOC285796,blue
LOC338799,blue
LOC339524,blue
LOC399959,blue
LOC400657,blue
LOC401397,blue
LOC404266,blue
LOC440704,blue
LOC440925,blue
LOC51145,blue
LOC552889,blue
LOC643072,blue
LOC643770,blue
LOC644656,blue
LOC645323,blue
LOC652276,blue
LOC93622,blue
LOH12CR1,blue
LONRF1,blue
LOX,blue
LOXL1-AS1,blue
LPGAT1,blue
LPIN1,blue
LPPR1,blue
LPPR2,blue
LPPR5,blue
LQK1,blue
LRAT,blue
LRBA,blue
LRCH3,blue
LRGUK,blue
LRP1,blue
LRP11,blue
LRP1B,blue
LRP2,blue
LRP6,blue
LRRC20,blue
LRRC23,blue
LRRC42,blue
LRRC45,blue
LRRC47,blue
LRRC50,blue
LRRC55,blue
LRRC57,blue
LRRC8A,blue
LRRFIP1,blue
LRRFIP2,blue
LRRIQ1,blue
LRRN2,blue
LRWD1,blue
LSG1,blue
LSM11,blue
LSM14A,blue
LSM3,blue
LSM4,blue
LSM7,blue
LTA4H,blue
LTB,blue
LTBP4,blue
LY6E,blue
LYAR,blue
LYN,blue
LYNX1,blue
LYPD5,blue
LYPLA2,blue
LYRM7,blue
LYSMD2,blue
LYSMD4,blue
LYST,blue
LZTR1,blue
LZTS2,blue
MACROD1,blue
MACROD2,blue
MAD2L2,blue
MAFB,blue
MAGEF1,blue
MAGEL2,blue
MAGI1,blue
MAGI2,blue
MAGI3,blue
MAK16,blue
MAML2,blue
MAML3,blue
MANBAL,blue
MAP1B,blue
MAP2K4,blue
MAP3K3,blue
MAP3K5,blue
MAP3K7IP2,blue
MAP3K9,blue
MAP4K1,blue
MAP7D1,blue
MAP9,blue
MAPK15,blue
MAPK1IP1L,blue
MAPK4,blue
MAPK6,blue
MAPK7,blue
MAPRE1,blue
MAPRE2,blue
MAPT,blue
MAR-04,blue
MAR-05,blue
MARCKS,blue
MARK2,blue
MARS,blue
MARS2,blue
MARVELD3,blue
MAST4,blue
MAT2B,blue
MATN1,blue
MATN1-AS1,blue
MAVS,blue
MBD1,blue
MBLAC2,blue
MBOAT7,blue
MBP,blue
MCC,blue
MCF2L,blue
MCF2L2,blue
MCFD2,blue
MCM10,blue
MCM2,blue
MCM3,blue
MCM4,blue
MCM5,blue
MCM6,blue
MCM7,blue
MCM9,blue
MCTP1,blue
MDC1,blue
MDM2,blue
MDP1,blue
MEA1,blue
MED1,blue
MED18,blue
MED19,blue
MED20,blue
MED23,blue
MED27,blue
MED30,blue
MED31,blue
MED7,blue
MEF2C,blue
MEGF10,blue
MEGF6,blue
MEGF8,blue
MEIS2,blue
MEPCE,blue
MESDC2,blue
METAP1,blue
METAP1D,blue
METTL1,blue
METTL18,blue
METTL21A,blue
METTL9,blue
MFAP3,blue
MFAP3L,blue
MFN2,blue
MFSD4,blue
MGAT4A,blue
MGAT4B,blue
MGAT5B,blue
MGC2889,blue
MGC45800,blue
MGC72080,blue
MIB1,blue
MICAL1,blue
MICALL2,blue
MICU3,blue
MIR1181,blue
MIR1185-1,blue
MIR1539,blue
MIR203,blue
MIR2110,blue
MIR22HG,blue
MIR3153,blue
MIR3188,blue
MIR3197,blue
MIR34B,blue
MIR3656,blue
MIR372,blue
MIR548G,blue
MIR548H4,blue
MIR632,blue
MIR639,blue
MIR6733,blue
MIR6737,blue
MIR6789,blue
MITF,blue
MKI67,blue
MKLN1-AS,blue
MKX,blue
MLF1IP,blue
MLF2,blue
MLH1,blue
MLH3,blue
MLLT10,blue
MLLT4,blue
MMACHC,blue
MMP15,blue
MMP24,blue
MNAT1,blue
MND1,blue
MOB4,blue
MOBKL3,blue
MOCS1,blue
MOGAT1,blue
MON1A,blue
MORG1,blue
MOSC1,blue
MOSC2,blue
MPPE1,blue
MPZL2,blue
MRFAP1,blue
MRFAP1L1,blue
MRP63,blue
MRPL10,blue
MRPL12,blue
MRPL13,blue
MRPL15,blue
MRPL17,blue
MRPL22,blue
MRPL23,blue
MRPL30,blue
MRPL32,blue
MRPL33,blue
MRPL35,blue
MRPL43,blue
MRPL47,blue
MRPL49,blue
MRPL50,blue
MRPL51,blue
MRPS10,blue
MRPS17,blue
MRPS22,blue
MRPS23,blue
MRPS30,blue
MRPS33,blue
MRPS35,blue
MRPS5,blue
MRPS9,blue
MRRF,blue
MSH2,blue
MSH6,blue
MSRB2,blue
MSX2,blue
MTCH1,blue
MTCH2,blue
MTF2,blue
MTFMT,blue
MTG1,blue
MTHFD1,blue
MTHFR,blue
MTMR15,blue
MTMR6,blue
MTNR1A,blue
MTRR,blue
MTUS1,blue
MTUS2,blue
MUTYH,blue
MX1,blue
MXI1,blue
MYBL2,blue
MYC,blue
MYD88,blue
MYH11,blue
MYH13,blue
MYH14,blue
MYL12A,blue
MYLIP,blue
MYO18A,blue
MYO1B,blue
MYO1C,blue
MYO1E,blue
MYO5A,blue
MYO5B,blue
MYOD1,blue
MYPN,blue
MYST3,blue
MZF1,blue
N4BP2,blue
N4BP2L1,blue
N4BP2L2,blue
N6AMT1,blue
NAA15,blue
NAA16,blue
NAA25,blue
NAA35,blue
NAA38,blue
NAA40,blue
NACA,blue
NADSYN1,blue
NAF1,blue
NAGA,blue
NALCN,blue
NANP,blue
NANS,blue
NAP1L1,blue
NAP1L4,blue
NAPA,blue
NARR,blue
NAV1,blue
NBAS,blue
NBR1,blue
NCAM1,blue
NCAPG2,blue
NCKAP5L,blue
NCOA4,blue
NCOA5,blue
NCOA7,blue
NCRNA00167,blue
NCRNA00219,blue
NDEL1,blue
NDNL2,blue
NDRG4,blue
NDST3,blue
NDUFA10,blue
NDUFA5,blue
NDUFA6,blue
NDUFA7,blue
NDUFC1,blue
NDUFS1,blue
NDUFS2,blue
NDUFS4,blue
NDUFV1,blue
NDUFV2-AS1,blue
NDUFV3,blue
NECAB1,blue
NEDD1,blue
NEDD8,blue
NEDD9,blue
NEIL2,blue
NEK3,blue
NEK4,blue
NELL1,blue
NES,blue
NET1,blue
NETO2,blue
NEU1,blue
NEURL1,blue
NEURL4,blue
NEUROD1,blue
NF1,blue
NFIA,blue
NFIB,blue
NFIC,blue
NFIX,blue
NFKB2,blue
NFKBIZ,blue
NFXL1,blue
NFYA,blue
NFYC,blue
NGF,blue
NGLY1,blue
NHLRC2,blue
NIN,blue
NINJ2,blue
NIPA2,blue
NKIRAS1,blue
NKTR,blue
NKX2-1,blue
NKX2-4,blue
NKX6-2,blue
NLGN1,blue
NLN,blue
NME1,blue
NME2,blue
NME3,blue
NOB1,blue
NOC2L,blue
NOL12,blue
NOL3,blue
NOP16,blue
NOTCH1,blue
NOTUM,blue
NOVA1,blue
NOVA2,blue
NPAS2,blue
NPAS4,blue
NPHP4,blue
NPL,blue
NPLOC4,blue
NPM1,blue
NPM3,blue
NPPC,blue
NPR3,blue
NQO1,blue
NR2C1,blue
NR2F2-AS1,blue
NR2F6,blue
NR4A2,blue
NR5A2,blue
NR6A1,blue
NRCAM,blue
NRD1,blue
NRF1,blue
NRG2,blue
NRM,blue
NRN1,blue
NRSN2,blue
NRXN3,blue
NSD1,blue
NSUN4,blue
NSUN6,blue
NT5C3,blue
NT5DC1,blue
NT5DC2,blue
NTF3,blue
NTM,blue
NTN1,blue
NTN4,blue
NTNG1,blue
NTRK3,blue
NUAK1,blue
NUBP2,blue
NUCB1,blue
NUDCD3,blue
NUDT1,blue
NUDT17,blue
NUDT18,blue
NUDT2,blue
NUDT22,blue
NUDT8,blue
NUFIP2,blue
NUMA1,blue
NUMB,blue
NUP133,blue
NUP155,blue
NVL,blue
NXPH2,blue
NXPH4,blue
OAF,blue
OBFC2A,blue
OBSCN,blue
ODF2,blue
OGDHL,blue
OGFOD2,blue
OLFM2,blue
OLFM3,blue
OLFML2B,blue
OMA1,blue
ONECUT3,blue
OPN5,blue
OR14J1,blue
OR9I1,blue
ORAI3,blue
ORC2,blue
ORC4L,blue
OSBPL11,blue
OSBPL5,blue
OSBPL6,blue
OSBPL9,blue
OSCP1,blue
OSGEPL1,blue
OSTC,blue
OTUB1,blue
OTX2,blue
OXA1L,blue
P2RY1,blue
P2RY12,blue
P4HA1,blue
P4HB,blue
PABPN1,blue
PACS2,blue
PAFAH1B3,blue
PAIP1,blue
PAK6,blue
PALB2,blue
PALM2,blue
PAM,blue
PANK1,blue
PANK2,blue
PANK3,blue
PANO1,blue
PAOX,blue
PAPD4,blue
PAPL,blue
PAPPA2,blue
PAQR3,blue
PAQR8,blue
PAQR9,blue
PARD3B,blue
PARD6A,blue
PARL,blue
PARP2,blue
PARP4,blue
PARP9,blue
PARS2,blue
PAX1,blue
PAX2,blue
PAX3,blue
PAX6,blue
PAX7,blue
PAX9,blue
PBLD,blue
PC,blue
PCBD2,blue
PCBP1,blue
PCDH1,blue
PCDH20,blue
PCDHA10,blue
PCDHA7,blue
PCDHB1,blue
PCDHGA2,blue
PCDHGC3,blue
PCF11,blue
PCIF1,blue
PCNP,blue
PCOLCE2,blue
PCSK1,blue
PCSK9,blue
PCYOX1L,blue
PCYT1A,blue
PCYT2,blue
PDCD2L,blue
PDCD4,blue
PDCL,blue
PDE4C,blue
PDE4D,blue
PDE4DIP,blue
PDE5A,blue
PDE6D,blue
PDE8A,blue
PDGFA,blue
PDGFC,blue
PDGFRA,blue
PDIK1L,blue
PDLIM5,blue
PDLIM7,blue
PDP1,blue
PDS5A,blue
PDS5B,blue
PDX1,blue
PDX1-AS1,blue
PDXK,blue
PDZD2,blue
PDZD8,blue
PEBP1,blue
PEF1,blue
PELI1,blue
PELI2,blue
PELI3,blue
PELP1,blue
PES1,blue
PET112L,blue
PEX19,blue
PEX26,blue
PEX5,blue
PFAS,blue
PFDN6,blue
PFKFB3,blue
PFN1,blue
PFN2,blue
PGAP2,blue
PGAP3,blue
PGLYRP2,blue
PGM2,blue
PGP,blue
PHACTR1,blue
PHACTR3,blue
PHB,blue
PHB2,blue
PHC3,blue
PHF1,blue
PHF13,blue
PHF15,blue
PHF17,blue
PHF19,blue
PHF20,blue
PHF21A,blue
PHF23,blue
PHF3,blue
PHIP,blue
PHLDA3,blue
PHLDB3,blue
PHLPP2,blue
PHOSPHO2-KLHL23,blue
PHPT1,blue
PHTF1,blue
PHYHIPL,blue
PI4KB,blue
PIAS1,blue
PIAS2,blue
PICALM,blue
PIGB,blue
PIGF,blue
PIGP,blue
PIGQ,blue
PIGS,blue
PIGY,blue
PIGZ,blue
PIK3CD,blue
PIK3R3,blue
PIK3R4,blue
PIK3R5,blue
PIM3,blue
PIP5K1A,blue
PIP5K1B,blue
PIP5KL1,blue
PITPNC1,blue
PITX2,blue
PJA2,blue
PKIB,blue
PKN2-AS1,blue
PLA2G15,blue
PLA2G4A,blue
PLA2G6,blue
PLA2G7,blue
PLCG1,blue
PLCL1,blue
PLCXD2,blue
PLEKHA7,blue
PLEKHG2,blue
PLEKHG6,blue
PLEKHJ1,blue
PLEKHM2,blue
PLEKHM3,blue
PLEKHO2,blue
PLK4,blue
PLOD2,blue
PLOD3,blue
PLS1,blue
PLXNA4,blue
PLXNB1,blue
PMEL,blue
PML,blue
PMP22,blue
PMPCA,blue
PMS1,blue
PNMA2,blue
PNPLA7,blue
PNPT1,blue
PNRC1,blue
PODN,blue
POFUT1,blue
POGZ,blue
POLA2,blue
POLD2,blue
POLE4,blue
POLR1D,blue
POLR2B,blue
POLR3A,blue
POLR3C,blue
POLR3F,blue
POLR3H,blue
POMGNT1,blue
POMT1,blue
PON2,blue
POT1-AS1,blue
PPA1,blue
PPARG,blue
PPARGC1A,blue
PPFIA2,blue
PPHLN1,blue
PPIA,blue
PPIL3,blue
PPIL4,blue
PPIL5,blue
PPM1E,blue
PPM1G,blue
PPM1K,blue
PPME1,blue
PPP1CC,blue
PPP1R13B,blue
PPP1R14B,blue
PPP1R16B,blue
PPP1R18,blue
PPP1R2,blue
PPP1R35,blue
PPP1R37,blue
PPP1R8,blue
PPP2CA,blue
PPP2R1A,blue
PPP2R5C,blue
PPP2R5E,blue
PPP4R3B,blue
PPP4R4,blue
PPP6C,blue
PPP6R1,blue
PPRC1,blue
PPT1,blue
PRDM11,blue
PRDX5,blue
PRICKLE1,blue
PRKAB2,blue
PRKACB,blue
PRKAR1B,blue
PRKCE,blue
PRKG1,blue
PRKRIP1,blue
PRKRIR,blue
PRMT1,blue
PRMT2,blue
PRMT3,blue
PRMT5,blue
PROX1,blue
PRPF31,blue
PRPF39,blue
PRPF40A,blue
PRPSAP2,blue
PRR11,blue
PRR12,blue
PRR15,blue
PRR3,blue
PRR36,blue
PRRT1,blue
PRRT2,blue
PRRX1,blue
PRX,blue
PSAT1,blue
PSD3,blue
PSMA1,blue
PSMA3,blue
PSMA3-AS1,blue
PSMA5,blue
PSMA6,blue
PSMB1,blue
PSMB3,blue
PSMB5,blue
PSMB6,blue
PSMB9,blue
PSMC2,blue
PSMC4,blue
PSMC5,blue
PSMC6,blue
PSMD2,blue
PSMD7,blue
PSME1,blue
PSME3,blue
PSORS1C1,blue
PSPC1,blue
PSPH,blue
PSRC1,blue
PSTPIP1,blue
PTBP3,blue
PTCD3,blue
PTCH1,blue
PTEN,blue
PTGER4,blue
PTGFRN,blue
PTGS1,blue
PTH1R,blue
PTHLH,blue
PTK7,blue
PTMS,blue
PTOV1,blue
PTP4A2,blue
PTPLAD1,blue
PTPN1,blue
PTPN12,blue
PTPN13,blue
PTPN18,blue
PTPRB,blue
PTPRG,blue
PTPRM,blue
PTPRN,blue
PTPRN2,blue
PTPRO,blue
PTPRZ1,blue
PTRH1,blue
PTS,blue
PUF60,blue
PURG,blue
PUS10,blue
PVRL2,blue
PWWP2A,blue
PYCARD-AS1,blue
PYCRL,blue
PYGO2,blue
QDPR,blue
QKI,blue
QPCTL,blue
RAB10,blue
RAB13,blue
RAB21,blue
RAB24,blue
RAB2B,blue
RAB30,blue
RAB37,blue
RAB3A,blue
RAB3IP,blue
RAB42,blue
RAB4B,blue
RAB6A,blue
RAB6B,blue
RABAC1,blue
RABEP2,blue
RABGAP1L,blue
RACGAP1,blue
RAD23A,blue
RAD51C,blue
RAD54B,blue
RAD9A,blue
RAI1,blue
RALGAPA1,blue
RALGPS1,blue
RALGPS2,blue
RAP1A,blue
RAP1GAP,blue
RAPGEF6,blue
RARA,blue
RARB,blue
RARRES1,blue
RARS,blue
RASA3,blue
RASAL2,blue
RASEF,blue
RASGEF1B,blue
RASGEF1C,blue
RASGRF2,blue
RASGRP3,blue
RASSF1,blue
RASSF4,blue
RASSF5,blue
RASSF7,blue
RASSF8,blue
RBBP8,blue
RBBP9,blue
RBFOX1,blue
RBM14,blue
RBM15B,blue
RBM24,blue
RBM25,blue
RBM33,blue
RBM42,blue
RBM45,blue
RBM47,blue
RBMS1,blue
RBMXL1,blue
RBPJ,blue
RBSN,blue
RCC2,blue
RCE1,blue
RCN2,blue
RCOR3,blue
RCSD1,blue
RDH13,blue
RELA,blue
RERE,blue
RFC2,blue
RFC4,blue
RFC5,blue
RFWD2,blue
RFX1,blue
RFXAP,blue
RGMB,blue
RGS11,blue
RGS6,blue
RHEB,blue
RHEBL1,blue
RHOB,blue
RHOT1,blue
RHOU,blue
RIC8B,blue
RIF1,blue
RILPL1,blue
RING1,blue
RIOK2,blue
RNASEL,blue
RND1,blue
RNF122,blue
RNF139,blue
RNF14,blue
RNF141,blue
RNF152,blue
RNF157,blue
RNF168,blue
RNF19B,blue
RNF2,blue
RNF34,blue
RNF39,blue
RNF40,blue
RNF41,blue
RNF43,blue
RNF6,blue
RNGTT,blue
RNH1,blue
RNPS1,blue
RNU11,blue
RNU5D,blue
RNU5E,blue
RNU6-83P,blue
ROBO2,blue
ROCK1,blue
ROMO1,blue
RPA3,blue
RPAIN,blue
RPAP1,blue
RPAP2,blue
RPAP3,blue
RPF2,blue
RPL15,blue
RPL17-C18ORF32,blue
RPL19,blue
RPL24,blue
RPL26L1,blue
RPL28,blue
RPL30,blue
RPL31,blue
RPL35A,blue
RPL36AL,blue
RPL5,blue
RPL6,blue
RPL8,blue
RPL9,blue
RPLP2,blue
RPN2,blue
RPP14,blue
RPP25,blue
RPP30,blue
RPP38,blue
RPP40,blue
RPRM,blue
RPS12,blue
RPS14,blue
RPS18,blue
RPS21,blue
RPS24,blue
RPS27,blue
RPS6,blue
RPS6KA2,blue
RPS8,blue
RPUSD2,blue
RPUSD3,blue
RQCD1,blue
RRAD,blue
RRAGA,blue
RRM2,blue
RRP1,blue
RRP7A,blue
RRP7B,blue
RRS1,blue
RSBN1,blue
RSPH1,blue
RSPO1,blue
RSRC2,blue
RSU1,blue
RTTN,blue
RUFY1,blue
RUFY2,blue
RUFY3,blue
RUNDC3A,blue
RUNDC3B,blue
RWDD1,blue
RWDD2A,blue
RYBP,blue
RYK,blue
RYR1,blue
RYR2,blue
S100A13,blue
S100A2,blue
S1PR1,blue
SACM1L,blue
SAE1,blue
SAFB2,blue
SALL2,blue
SALL3,blue
SALL4,blue
SAMD13,blue
SAMD15,blue
SAP18,blue
SAP30,blue
SART1,blue
SART3,blue
SATB1,blue
SAV1,blue
SBK1,blue
SBK2,blue
SCAMP3,blue
SCAND1,blue
SCAND3,blue
SCARA3,blue
SCCPDH,blue
SCHIP1,blue
SCLT1,blue
SCLY,blue
SCN3B,blue
SCNN1G,blue
SCOC,blue
SCRT2,blue
SCYL3,blue
SDC4,blue
SDCCAG1,blue
SDHAF2,blue
SDHAF3,blue
SDHC,blue
SEC22B,blue
SEC23A,blue
SEC23B,blue
SEC24D,blue
SEC61A1,blue
SEC63,blue
SECISBP2,blue
SEH1L,blue
SELS,blue
SELT,blue
SEMA3B,blue
SEMA6B,blue
SEMA6C,blue
SEMA7A,blue
SENP1,blue
SENP6,blue
SENP7,blue
SEP-11,blue
SEPHS2,blue
SEPSECS,blue
SEPX1,blue
SERAC1,blue
SERGEF,blue
SERHL2,blue
SERINC1,blue
SERPINE1,blue
SERPINI1,blue
SERTAD2,blue
SERTM1,blue
SESN1,blue
SESTD1,blue
SETD2,blue
SETD8,blue
SETDB1,blue
SEZ6L2,blue
SF1,blue
SF3B1,blue
SFRS12,blue
SFRS18,blue
SFRS2IP,blue
SFRS5,blue
SFRS9,blue
SFT2D2,blue
SFXN1,blue
SGK1,blue
SGK3,blue
SGMS1,blue
SGOL1,blue
SGPL1,blue
SH2B1,blue
SH3GLB1,blue
SH3PXD2B,blue
SH3RF3,blue
SHBG,blue
SHC3,blue
SHF,blue
SHISA9,blue
SHOX2,blue
SHPK,blue
SHQ1,blue
SIAH1,blue
SIDT2,blue
SIRT1,blue
SIRT2,blue
SIRT7,blue
SIX4,blue
SIX6,blue
SKIDA1,blue
SKIV2L,blue
SKP1,blue
SLC12A2,blue
SLC12A4,blue
SLC12A6,blue
SLC12A7,blue
SLC13A3,blue
SLC16A10,blue
SLC16A6,blue
SLC18A3,blue
SLC18B1,blue
SLC19A1,blue
SLC1A2,blue
SLC1A3,blue
SLC22A20,blue
SLC22A23,blue
SLC23A2,blue
SLC24A2,blue
SLC24A4,blue
SLC25A13,blue
SLC25A24,blue
SLC25A27,blue
SLC25A3,blue
SLC25A37,blue
SLC26A11,blue
SLC27A6,blue
SLC29A3,blue
SLC2A4,blue
SLC2A8,blue
SLC30A7,blue
SLC35A3,blue
SLC35B2,blue
SLC35B4,blue
SLC35D3,blue
SLC35F1,blue
SLC35F2,blue
SLC37A2,blue
SLC37A4,blue
SLC38A1,blue
SLC38A4,blue
SLC38A9,blue
SLC39A1,blue
SLC39A13,blue
SLC39A6,blue
SLC39A8,blue
SLC3A2,blue
SLC40A1,blue
SLC43A1,blue
SLC43A2,blue
SLC44A1,blue
SLC44A2,blue
SLC48A1,blue
SLC4A1AP,blue
SLC4A8,blue
SLC52A2,blue
SLC5A5,blue
SLC5A6,blue
SLC6A11,blue
SLC6A12,blue
SLC6A15,blue
SLC6A2,blue
SLC7A4,blue
SLC9A1,blue
SLC9A8,blue
SLCO5A1,blue
SLIRP,blue
SLITRK3,blue
SLU7,blue
SMAD4,blue
SMAD6,blue
SMARCAD1,blue
SMARCAL1,blue
SMARCB1,blue
SMARCD1,blue
SMARCD3,blue
SMC3,blue
SMC4,blue
SMEK1,blue
SMEK2,blue
SMG5,blue
SMG7,blue
SMIM19,blue
SMIM6,blue
SMIM8,blue
SMO,blue
SMPD2,blue
SNAI1,blue
SNAI2,blue
SNAP23,blue
SNAPC1,blue
SNCA,blue
SNCAIP,blue
SND1,blue
SNORA14B,blue
SNORA76,blue
SNORA80,blue
SNORD126,blue
SNORD43,blue
SNORD45C,blue
SNORD76,blue
SNORD95,blue
SNRNP25,blue
SNRNP27,blue
SNRPB,blue
SNRPE,blue
SNRPG,blue
SNRPN,blue
SNTG1,blue
SNUPN,blue
SNW1,blue
SNX14,blue
SNX18,blue
SNX27,blue
SNX33,blue
SNX9,blue
SOCS2,blue
SON,blue
SORCS1,blue
SORL1,blue
SOX11,blue
SOX12,blue
SOX17,blue
SOX18,blue
SOX7,blue
SOX9-AS1,blue
SP110,blue
SP6,blue
SPAG1,blue
SPAG5,blue
SPAG7,blue
SPATA13,blue
SPATA24,blue
SPATA4,blue
SPATA6,blue
SPC25,blue
SPCS3,blue
SPECC1L,blue
SPEG,blue
SPG11,blue
SPHKAP,blue
SPRED1,blue
SPRY1,blue
SPRY2,blue
SPRY4,blue
SPRYD4,blue
SPTLC2,blue
SPTY2D1,blue
SQRDL,blue
SRA1,blue
SRBD1,blue
SRD5A3,blue
SRF,blue
SRI,blue
SRP19,blue
SRP68,blue
SRRM1,blue
SSBP3,blue
SSH2,blue
SSPN,blue
SSR1,blue
SSR3,blue
SSRP1,blue
ST13,blue
ST20,blue
ST3GAL3,blue
ST6GAL1,blue
ST7L,blue
ST8SIA4,blue
STAC,blue
STARD13,blue
STARD3NL,blue
STARD5,blue
STARD7,blue
STAU1,blue
STAU2,blue
STC1,blue
STC2,blue
STEAP2,blue
STIL,blue
STIP1,blue
STK11,blue
STK19,blue
STK32B,blue
STK32C,blue
STK33,blue
STK36,blue
STK40,blue
STMN1,blue
STOML1,blue
STOML2,blue
STOX1,blue
STRAP,blue
STRN,blue
STT3A,blue
STX18,blue
STX3,blue
STX6,blue
STX7,blue
STYXL1,blue
SUB1,blue
SUGT1,blue
SULF1,blue
SUN2,blue
SUPT3H,blue
SURF4,blue
SV2B,blue
SVIL,blue
SYCP2L,blue
SYDE2,blue
SYNC,blue
SYNGAP1,blue
SYNJ2BP-COX16,blue
SYNPR,blue
SYNRG,blue
SYT1,blue
SYT11,blue
SYT12,blue
SYT14,blue
SYT6,blue
SYT9,blue
SYVN1,blue
SZRD1,blue
TACR1,blue
TAF10,blue
TAF11,blue
TAF5,blue
TAF6L,blue
TALDO1,blue
TANC1,blue
TAOK1,blue
TARBP1,blue
TARSL2,blue
TAS2R3,blue
TATDN1,blue
TAX1BP1,blue
TBC1D12,blue
TBC1D15,blue
TBC1D4,blue
TBCA,blue
TBCB,blue
TBCE,blue
TBKBP1,blue
TBRG1,blue
TBRG4,blue
TBX20,blue
TBX3,blue
TCEA1,blue
TCEB1,blue
TCEB2,blue
TCERG1L,blue
TCF12,blue
TCHH,blue
TCOF1,blue
TCP1,blue
TCP11L1,blue
TCTEX1D1,blue
TCTN1,blue
TCTN2,blue
TDH,blue
TDRD10,blue
TDRD3,blue
TDRKH,blue
TEKT3,blue
TELO2,blue
TEP1,blue
TEX2,blue
TEX38,blue
TEX9,blue
TF,blue
TFAP2A,blue
TFAP4,blue
TFB1M,blue
TFDP2,blue
TFIP11,blue
TFR2,blue
TGFB1,blue
TH1L,blue
THAP1,blue
THAP4,blue
THCAT158,blue
THG1L,blue
THNSL1,blue
THRAP3,blue
THRB,blue
THSD7A,blue
THTPA,blue
THYN1,blue
TIAM1,blue
TIMELESS,blue
TIMM10,blue
TIMM13,blue
TIMM44,blue
TIMM8B,blue
TIPARP,blue
TIPARP-AS1,blue
TIPRL,blue
TJP2,blue
TLDC1,blue
TLE4,blue
TLK1,blue
TLR1,blue
TLR10,blue
TLR2,blue
TLR3,blue
TLX1NB,blue
TM2D3,blue
TM9SF1,blue
TMBIM1,blue
TMCO1,blue
TMED3,blue
TMEFF2,blue
TMEM107,blue
TMEM109,blue
TMEM110,blue
TMEM123,blue
TMEM132A,blue
TMEM132C,blue
TMEM134,blue
TMEM136,blue
TMEM14A,blue
TMEM150A,blue
TMEM150C,blue
TMEM151A,blue
TMEM161A,blue
TMEM167A,blue
TMEM17,blue
TMEM177,blue
TMEM188,blue
TMEM19,blue
TMEM192,blue
TMEM208,blue
TMEM215,blue
TMEM216,blue
TMEM218,blue
TMEM223,blue
TMEM245,blue
TMEM251,blue
TMEM30A,blue
TMEM39B,blue
TMEM48,blue
TMEM52,blue
TMEM57,blue
TMEM69,blue
TMEM97,blue
TMTC2,blue
TMX4,blue
TNFAIP2,blue
TNFAIP3,blue
TNIK,blue
TNIP1,blue
TNIP2,blue
TNIP3,blue
TNK2,blue
TNKS,blue
TNRC18,blue
TNRC6A,blue
TNXB,blue
TOLLIP,blue
TOM1,blue
TOM1L1,blue
TOM1L2,blue
TOP2B,blue
TOP3A,blue
TOPORS,blue
TOR1A,blue
TOR1AIP2,blue
TOR1B,blue
TOX,blue
TOX3,blue
TOX4,blue
TP53BP1,blue
TP53BP2,blue
TP53I11,blue
TP53I13,blue
TPBGL,blue
TPD52,blue
TPD52L2,blue
TPM3,blue
TPMT,blue
TPPP,blue
TPPP3,blue
TPRG1-AS1,blue
TPRG1L,blue
TPST1,blue
TPX2,blue
TRAF4,blue
TRAF5,blue
TRAF6,blue
TRAPPC3,blue
TRAPPC6B,blue
TRAPPC9,blue
TRERF1,blue
TRIB1,blue
TRIB2,blue
TRIM2,blue
TRIM24,blue
TRIM26,blue
TRIM27,blue
TRIM31,blue
TRIM32,blue
TRIM39,blue
TRIM44,blue
TRIM47,blue
TRIM5,blue
TRIM62,blue
TRIM67,blue
TRIM68,blue
TRIM9,blue
TRIO,blue
TRIP11,blue
TRIP13,blue
TRMT61B,blue
TRMU,blue
TROAP,blue
TRRAP,blue
TSC22D1,blue
TSC22D2,blue
TSEN15,blue
TSEN34,blue
TSEN54,blue
TSG101,blue
TSGA13,blue
TSHZ3,blue
TSKS,blue
TSLP,blue
TSN,blue
TSPAN13,blue
TSPAN4,blue
TSPAN5,blue
TSPO,blue
TSPYL4,blue
TSR1,blue
TSSC4,blue
TSTD2,blue
TTBK1,blue
TTC12,blue
TTC15,blue
TTC16,blue
TTC17,blue
TTC18,blue
TTC24,blue
TTC28,blue
TTC32,blue
TTC35,blue
TTC5,blue
TTC9B,blue
TTF1,blue
TTK,blue
TTLL12,blue
TTLL4,blue
TTLL9,blue
TTYH1,blue
TTYH2,blue
TUBA1A,blue
TUBA1B,blue
TUBB3,blue
TUBD1,blue
TUSC4,blue
TXNDC11,blue
TXNDC12,blue
TXNIP,blue
TXNL4A,blue
TXNRD3,blue
TYSND1,blue
U2AF1L4,blue
UBA2,blue
UBA3,blue
UBAC1,blue
UBB,blue
UBC,blue
UBE2C,blue
UBE2D3,blue
UBE2E3,blue
UBE2H,blue
UBE2J1,blue
UBE2J2,blue
UBE2L6,blue
UBE2N,blue
UBE2QL1,blue
UBE2V1,blue
UBE2W,blue
UBE3C,blue
UBFD1,blue
UBL3,blue
UBN2,blue
UBOX5,blue
UBR4,blue
UBTF,blue
UBXN7,blue
UCK2,blue
UCP2,blue
UFD1L,blue
UFSP2,blue
UGCG,blue
UGDH,blue
UGGT1,blue
UGGT2,blue
UGP2,blue
UHRF1,blue
UHRF1BP1,blue
UHRF2,blue
UIMC1,blue
UNC45A,blue
UNC5C,blue
UNCX,blue
UNK,blue
UPF1,blue
UQCC,blue
UQCRB,blue
UQCRC1,blue
UQCRFS1,blue
URGCP,blue
USO1,blue
USP13,blue
USP14,blue
USP19,blue
USP24,blue
USP32,blue
USP37,blue
USP42,blue
USP47,blue
USP8,blue
UTP23,blue
UTP3,blue
UTP6,blue
VAMP4,blue
VANGL2,blue
VAPB,blue
VARS2,blue
VAX1,blue
VCAN,blue
VDAC3,blue
VDR,blue
VENTX,blue
VEZF1,blue
VGLL3,blue
VGLL4,blue
VOPP1,blue
VPS13C,blue
VPS24,blue
VPS28,blue
VPS29,blue
VPS37B,blue
VPS39,blue
VPS41,blue
VPS45,blue
VPS52,blue
VRK2,blue
VTI1A,blue
VWC2L,blue
WAC,blue
WAPAL,blue
WARS,blue
WASF3,blue
WASL,blue
WBP11,blue
WBP2,blue
WBP4,blue
WBSCR27,blue
WDFY2,blue
WDR12,blue
WDR26,blue
WDR4,blue
WDR41,blue
WDR51A,blue
WDR53,blue
WDR5B,blue
WDR63,blue
WDR70,blue
WDR77,blue
WDR8,blue
WDR82,blue
WDR90,blue
WDR91,blue
WDR92,blue
WDSUB1,blue
WDTC1,blue
WIPI1,blue
WIPI2,blue
WLS,blue
WNK2,blue
WNK4,blue
WNT3,blue
WNT9A,blue
WRN,blue
XAB2,blue
XKR6,blue
XPC,blue
XPO6,blue
XPO7,blue
XRCC1,blue
XRCC5,blue
XRCC6,blue
XXYLT1,blue
YAE1D1,blue
YBEY,blue
YEATS4,blue
YOD1,blue
YPEL1,blue
YPEL2,blue
YTHDF1,blue
YWHAB,blue
YWHAE,blue
YY1AP1,blue
ZADH2,blue
ZBED5,blue
ZBED8,blue
ZBTB1,blue
ZBTB10,blue
ZBTB12,blue
ZBTB18,blue
ZBTB2,blue
ZBTB38,blue
ZBTB4,blue
ZBTB42,blue
ZBTB44,blue
ZBTB9,blue
ZC2HC1C,blue
ZC3H12A,blue
ZC3H13,blue
ZC3H15,blue
ZC3H3,blue
ZCCHC10,blue
ZCCHC3,blue
ZDBF2,blue
ZDHHC12,blue
ZDHHC16,blue
ZDHHC17,blue
ZDHHC2,blue
ZDHHC20,blue
ZDHHC4,blue
ZDHHC5,blue
ZEB1,blue
ZEB2,blue
ZEB2-AS1,blue
ZFAND6,blue
ZFAT,blue
ZFC3H1,blue
ZFP36L1,blue
ZFP36L2,blue
ZFP41,blue
ZFP64,blue
ZFP90,blue
ZFR,blue
ZFYVE16,blue
ZFYVE27,blue
ZFYVE28,blue
ZKSCAN3,blue
ZMPSTE24,blue
ZMYM2,blue
ZMYND15,blue
ZNF131,blue
ZNF132,blue
ZNF136,blue
ZNF140,blue
ZNF143,blue
ZNF146,blue
ZNF181,blue
ZNF187,blue
ZNF193,blue
ZNF2,blue
ZNF207,blue
ZNF217,blue
ZNF222,blue
ZNF223,blue
ZNF224,blue
ZNF226,blue
ZNF227,blue
ZNF229,blue
ZNF23,blue
ZNF230,blue
ZNF238,blue
ZNF248,blue
ZNF256,blue
ZNF263,blue
ZNF300,blue
ZNF323,blue
ZNF324B,blue
ZNF331,blue
ZNF333,blue
ZNF33A,blue
ZNF341,blue
ZNF343,blue
ZNF35,blue
ZNF350,blue
ZNF367,blue
ZNF384,blue
ZNF396,blue
ZNF398,blue
ZNF408,blue
ZNF418,blue
ZNF425,blue
ZNF426,blue
ZNF428,blue
ZNF444,blue
ZNF445,blue
ZNF460,blue
ZNF462,blue
ZNF470,blue
ZNF471,blue
ZNF473,blue
ZNF492,blue
ZNF509,blue
ZNF510,blue
ZNF511,blue
ZNF512,blue
ZNF526,blue
ZNF528,blue
ZNF540,blue
ZNF542,blue
ZNF548,blue
ZNF554,blue
ZNF555,blue
ZNF560,blue
ZNF569,blue
ZNF572,blue
ZNF573,blue
ZNF574,blue
ZNF589,blue
ZNF599,blue
ZNF608,blue
ZNF610,blue
ZNF613,blue
ZNF620,blue
ZNF623,blue
ZNF624,blue
ZNF638,blue
ZNF641,blue
ZNF642,blue
ZNF644,blue
ZNF655,blue
ZNF664,blue
ZNF665,blue
ZNF669,blue
ZNF684,blue
ZNF691,blue
ZNF702P,blue
ZNF706,blue
ZNF724P,blue
ZNF75A,blue
ZNF764,blue
ZNF771,blue
ZNF780A,blue
ZNF780B,blue
ZNF787,blue
ZNF789,blue
ZNF791,blue
ZNF800,blue
ZNF813,blue
ZNF823,blue
ZNF828,blue
ZNF830,blue
ZNF837,blue
ZNF852,blue
ZNF93,blue
ZNHIT1,blue
ZNHIT2,blue
ZNRD1,blue
ZP3,blue
ZRANB2,blue
ZSCAN20,blue
ZSCAN23,blue
ZSCAN31,blue
ZSWIM4,blue
ZUFSP,blue
ZWILCH,blue
ZXDC,blue
ZYG11B,blue
AADAT,brown
AASDH,brown
AATF,brown
ABCA7,brown
ABCC2,brown
ABCC5,brown
ABCE1,brown
ABCF2,brown
ABCG1,brown
ABHD11,brown
ABHD4,brown
ABI2,brown
ACAA1,brown
ACAD9,brown
ACADM,brown
ACBD5,brown
ACBD7,brown
ACHE,brown
ACLY,brown
ACN9,brown
ACOT12,brown
ACOT13,brown
ACSS1,brown
ACTR10,brown
ACTR3,brown
ACVR1C,brown
ACVR2A,brown
ADAM15,brown
ADAM17,brown
ADAM22,brown
ADAMTS1,brown
ADAMTS3,brown
ADAMTS6,brown
ADAMTS9,brown
ADARB2,brown
ADAT1,brown
ADCY8,brown
ADCY9,brown
ADD3,brown
ADGB,brown
ADHFE1,brown
ADK,brown
ADORA3,brown
ADRA1B,brown
ADSSL1,brown
AFMID,brown
AGBL5,brown
AHCYL1,brown
AHCYL2,brown
AHR,brown
AK2,brown
AKAP12,brown
AKT1S1,brown
AKT2,brown
ALDOA,brown
ALS2CR4,brown
AMBRA1,brown
AMD1,brown
ANAPC10,brown
ANAPC4,brown
ANK1,brown
ANK2,brown
ANKFY1,brown
ANKH,brown
ANKRD11,brown
ANKRD13A,brown
ANKRD18B,brown
ANKRD19P,brown
ANKRD31,brown
ANKRD55,brown
ANLN,brown
ANXA4,brown
AP1AR,brown
AP1M1,brown
AP2A1,brown
AP2M1,brown
AP3B1,brown
AP5M1,brown
APEH,brown
APLF,brown
APOL6,brown
APPL2,brown
ARHGAP26,brown
ARHGEF10,brown
ARHGEF3,brown
ARHGEF4,brown
ARID4B,brown
ARL2BP,brown
ARL3,brown
ARL6IP5,brown
ARMC8,brown
ARNTL,brown
ARPP19,brown
ARSG,brown
ARSJ,brown
ASB6,brown
ASF1B,brown
ASH2L,brown
ASIC1,brown
ASNS,brown
ASNSD1,brown
ASRGL1,brown
ASXL1,brown
ASXL3,brown
ATE1-AS1,brown
ATF3,brown
ATM,brown
ATMIN,brown
ATP10D,brown
ATP5H,brown
ATP5J,brown
ATP6V1B2,brown
ATP6V1H,brown
ATXN1,brown
ATXN7L1,brown
AVPI1,brown
B3GNT7,brown
B3GNTL1,brown
B4GALT1,brown
B4GALT4,brown
B4GALT7,brown
BAD,brown
BAHD1,brown
BAI2,brown
BASP1,brown
BAT3,brown
BBS12,brown
BBX,brown
BCAR3,brown
BCL2L1,brown
BCL2L11,brown
BCL9,brown
BDKRB2,brown
BICD1,brown
BMI1,brown
BMP8A,brown
BMPER,brown
BNIP3L,brown
BOK-AS1,brown
BOP1,brown
BPESC1,brown
BRAF,brown
BRD2,brown
BRD8,brown
BRF1,brown
BRP44L,brown
BRUNOL4,brown
BTBD12,brown
BTBD8,brown
BTF3L4,brown
BUD13,brown
BUD31,brown
BZW1,brown
C10ORF114,brown
C10ORF84,brown
C11ORF30,brown
C11ORF49,brown
C11ORF54,brown
C11ORF63,brown
C11ORF87,brown
C12ORF10,brown
C12ORF29,brown
C12ORF34,brown
C12ORF57,brown
C12ORF60,brown
C12ORF73,brown
C14ORF1,brown
C14ORF119,brown
C14ORF138,brown
C14ORF23,brown
C16ORF42,brown
C16ORF53,brown
C16ORF61,brown
C16ORF71,brown
C16ORF72,brown
C17ORF82,brown
C17ORF93,brown
C17ORF95,brown
C17ORF97,brown
C19ORF22,brown
C19ORF48,brown
C1D,brown
C1ORF161,brown
C1ORF174,brown
C1ORF35,brown
C1ORF51,brown
C1ORF56,brown
C1QC,brown
C20ORF103,brown
C20ORF194,brown
C20ORF197,brown
C21ORF45,brown
C22ORF39,brown
C2ORF15,brown
C2ORF42,brown
C2ORF63,brown
C2ORF67,brown
C2ORF70,brown
C2ORF89,brown
C3ORF17,brown
C3ORF59,brown
C4ORF41,brown
C5ORF34,brown
C5ORF42,brown
C6,brown
C6ORF10,brown
C6ORF130,brown
C6ORF134,brown
C6ORF138,brown
C6ORF165,brown
C6ORF170,brown
C6ORF173,brown
C6ORF217,brown
C6ORF52,brown
C7ORF10,brown
C7ORF13,brown
C7ORF46,brown
C7ORF50,brown
C8ORF58,brown
C8ORF59,brown
C8ORF88,brown
C9ORF125,brown
C9ORF140,brown
C9ORF142,brown
C9ORF78,brown
CABP1,brown
CACHD1,brown
CACNA1C,brown
CACNA2D1,brown
CACNA2D2,brown
CACNB2,brown
CACNG8,brown
CALCOCO1,brown
CALCR,brown
CALM1,brown
CAMK2D,brown
CAMLG,brown
CARS,brown
CASC1,brown
CASC5,brown
CASP7,brown
CATSPER4,brown
CBR1,brown
CBX3,brown
CBY1,brown
CCDC101,brown
CCDC130,brown
CCDC14,brown
CCDC140,brown
CCDC149,brown
CCDC178,brown
CCDC21,brown
CCDC41,brown
CCDC64,brown
CCDC71,brown
CCDC77,brown
CCDC85A,brown
CCDC88C,brown
CCDC90A,brown
CCDC96,brown
CCNE1,brown
CCNJ,brown
CCPG1,brown
CCSAP,brown
CCT3,brown
CD200,brown
CD247,brown
CD302,brown
CD8A,brown
CDADC1,brown
CDC27,brown
CDC42BPA,brown
CDC42BPB,brown
CDH12,brown
CDH13,brown
CDH18,brown
CDH23,brown
CDIP1,brown
CDK6,brown
CDK7,brown
CDKN2C,brown
CDX2,brown
CENPC1,brown
CENPK,brown
CENPL,brown
CEP170,brown
CEP63,brown
CFLAR,brown
CHAT,brown
CHCHD2,brown
CHCHD6,brown
CHD2,brown
CHD8,brown
CHML,brown
CHMP6,brown
CHN1,brown
CHPF2,brown
CHRAC1,brown
CHST11,brown
CHST13,brown
CHURC1,brown
CISD1,brown
CISH,brown
CKS2,brown
CLCN7,brown
CLDN3,brown
CLDND1,brown
CLEC2B,brown
CLEC2D,brown
CLK1,brown
CLK2,brown
CNOT1,brown
CNOT2,brown
CNTN5,brown
COG7,brown
COG8,brown
COL11A2,brown
COL12A1,brown
COL27A1,brown
COL9A1,brown
COMMD3-BMI1,brown
COMMD9,brown
COPB1,brown
COQ10A,brown
COQ10B,brown
CORO1A,brown
CORO2B,brown
CPEB3,brown
CPN2,brown
CPNE4,brown
CPSF6,brown
CPT2,brown
CRABP2,brown
CREB1,brown
CREB5,brown
CREBZF,brown
CROCC,brown
CRY1,brown
CRYL1,brown
CRYM,brown
CSMD2,brown
CSNK1A1,brown
CSNK1E,brown
CSNK1G3,brown
CTDSPL,brown
CTNNA2,brown
CTNND1,brown
CTSD,brown
CTSF,brown
CTSL1,brown
CTSO,brown
CUTA,brown
CWF19L1,brown
CYB5R1,brown
CYFIP2,brown
CYP26A1,brown
CYP4V2,brown
CYP7B1,brown
CYTSB,brown
DARS,brown
DAXX,brown
DCAF10,brown
DCC,brown
DCTN1-AS1,brown
DDB1,brown
DDOST,brown
DDX10,brown
DDX46,brown
DDX56,brown
DEDD,brown
DEM1,brown
DENND4A,brown
DENND4B,brown
DENND5B,brown
DEPDC1,brown
DGCR2,brown
DGCR8,brown
DGKQ,brown
DHFRL1,brown
DHODH,brown
DHRS4,brown
DHTKD1,brown
DIAPH1,brown
DIDO1,brown
DIS3L2,brown
DISP1,brown
DKFZP686O24166,brown
DKK2,brown
DLG1-AS1,brown
DLGAP3,brown
DLX1,brown
DMTF1,brown
DNAAF3,brown
DNAH6,brown
DNAH8,brown
DNAI1,brown
DNAJB4,brown
DNAJC13,brown
DNAJC27,brown
DNAJC3,brown
DNAL4,brown
DNM3,brown
DNMT3B,brown
DNTTIP2,brown
DOCK2,brown
DOCK4,brown
DOCK5,brown
DOCK9,brown
DOK5,brown
DOLK,brown
DPP6,brown
DTNB,brown
DUSP22,brown
DUSP5,brown
DVL1,brown
DVL3,brown
DYNLL1,brown
DZIP1,brown
DZIP3,brown
EBF3,brown
EBNA1BP2,brown
ECD,brown
EDEM1,brown
EDIL3,brown
EEF1D,brown
EEF1E1-BLOC1S5,brown
EEFSEC,brown
EEPD1,brown
EFCAB5,brown
EFEMP2,brown
EFHC1,brown
EFNA1,brown
EFR3B,brown
EIF3A,brown
EIF3J-AS1,brown
EIF4G1,brown
EIF4G2,brown
ELOVL4,brown
ELP3,brown
EMP2,brown
EMX1,brown
EMX2OS,brown
EN2,brown
ENO2,brown
ENOX1,brown
EOMES,brown
EPB41L3,brown
EPB41L4B,brown
EPB49,brown
EPHA6,brown
EPHB4,brown
EPHX1,brown
ERC1,brown
ERCC6,brown
ERGIC3,brown
ERI2,brown
ERICH1,brown
ERICH1-AS1,brown
ERLEC1,brown
ERRFI1,brown
ETNK1,brown
ETV6,brown
EVA1A,brown
EVX2,brown
EXD2,brown
EXOC4,brown
EXOSC10,brown
EYA1,brown
EYA4,brown
EZH2,brown
FAIM,brown
FAM109A,brown
FAM110A,brown
FAM111A,brown
FAM114A1,brown
FAM120AOS,brown
FAM133B,brown
FAM13C,brown
FAM168B,brown
FAM169A,brown
FAM172A,brown
FAM190B,brown
FAM19A2,brown
FAM219B,brown
FAM46A,brown
FAM48A,brown
FAM53A,brown
FAM53B,brown
FAM54B,brown
FAM57B,brown
FAM63A,brown
FAM8A1,brown
FANCG,brown
FARSB,brown
FBL,brown
FBXO43,brown
FBXO5,brown
FDFT1,brown
FDX1L,brown
FEM1C,brown
FGF11,brown
FGF12,brown
FGF2,brown
FGF23,brown
FGF3,brown
FGF5,brown
FGL1,brown
FHIT,brown
FHOD3,brown
FKBP11,brown
FKBP9P1,brown
FKBPL,brown
FLG,brown
FLJ35220,brown
FLJ37453,brown
FLJ41603,brown
FLJ45244,brown
FLJ45983,brown
FLNB,brown
FMO4,brown
FN3KRP,brown
FNBP4,brown
FNDC3A,brown
FNIP2,brown
FOS,brown
FOXA1,brown
FOXI3,brown
FOXK1,brown
FOXM1,brown
FOXN2,brown
FOXP1,brown
FPGT,brown
FRMD4A,brown
FRMD4B,brown
FRMD5,brown
FSTL4,brown
FTH1,brown
FXN,brown
FXR1,brown
FYN,brown
FYTTD1,brown
G3BP1,brown
GAA,brown
GABRG3,brown
GALK2,brown
GALNT10,brown
GALNTL4,brown
GAR1,brown
GARS,brown
GAS1,brown
GDA,brown
GDAP1,brown
GEMIN7,brown
GFM2,brown
GGPS1,brown
GH2,brown
GIGYF2,brown
GJA1,brown
GLI2,brown
GLI3,brown
GLIPR1L2,brown
GLIS3,brown
GLMN,brown
GLMP,brown
GLO1,brown
GLRX2,brown
GLUD1,brown
GMDS-AS1,brown
GMEB1,brown
GMFB,brown
GMPR2,brown
GNB2L1,brown
GNL2,brown
GOLIM4,brown
GORASP1,brown
GPBP1,brown
GPC1,brown
GPD1L,brown
GPNMB,brown
GPR63,brown
GPSM3,brown
GREB1,brown
GREM1,brown
GRID2,brown
GRIK1,brown
GRIN2A,brown
GRM5,brown
GRSF1,brown
GSDMD,brown
GSN,brown
GSPT1,brown
GSTK1,brown
GTF2E2,brown
GTF3A,brown
GTF3C2,brown
GTF3C4,brown
GUSB,brown
HAAO,brown
HAP1,brown
HBM,brown
HCN2,brown
HCRTR2,brown
HDGF,brown
HEATR1,brown
HEATR6,brown
HECTD1,brown
HERC3,brown
HHIP,brown
HIBADH,brown
HIF1A,brown
HINT3,brown
HIPK1-AS1,brown
HIPK2,brown
HIPK3,brown
HIST1H1C,brown
HIST1H1E,brown
HIST1H2AD,brown
HIST1H3C,brown
HIST1H4A,brown
HIVEP1,brown
HIVEP3,brown
HK1,brown
HLA-DOA,brown
HLA-DPB2,brown
HLA-DQA1,brown
HLA-DQB1,brown
HLA-DRB1,brown
HLA-DRB5,brown
HM13-AS1,brown
HMG20B,brown
HMGCS2,brown
HMGN4,brown
HMOX2,brown
HN1L,brown
HNMT,brown
HNRNPH1,brown
HNRNPU,brown
HOTAIR,brown
HOXA13,brown
HOXB4,brown
HOXC13,brown
HOXC4,brown
HRG,brown
HRNBP3,brown
HRNR,brown
HSD17B11,brown
HSD17B4,brown
HSPA13,brown
HSPA2,brown
HSPB11,brown
HSPD1,brown
HTR7,brown
HTR7P,brown
HVCN1,brown
ICK,brown
IDI1,brown
IFT74,brown
IHH,brown
ILF2,brown
ILKAP,brown
ING3,brown
ING5,brown
INHBB,brown
INPP4A,brown
INPP5B,brown
INPP5D,brown
INS-IGF2,brown
INSIG1,brown
INTS1,brown
INTS4,brown
INVS,brown
IQCB1,brown
IRF1,brown
IRS2,brown
ISL2,brown
ITGB1,brown
ITGB3BP,brown
ITGB5,brown
ITPR1,brown
ITPRIP,brown
IWS1,brown
JAM3,brown
JMJD5,brown
KCNA2,brown
KCNB2,brown
KCND2,brown
KCNH1,brown
KCNIP1,brown
KCNK4,brown
KCNMA1-AS3,brown
KCNN4,brown
KCNQ1,brown
KCNQ5,brown
KCTD1,brown
KDM2A,brown
KDM2B,brown
KDM5B,brown
KHDRBS2,brown
KIAA0226,brown
KIAA0415,brown
KIAA0895,brown
KIAA0907,brown
KIAA0913,brown
KIAA1009,brown
KIAA1012,brown
KIAA1217,brown
KIAA1429,brown
KIAA2018,brown
KIF26B,brown
KIF5C,brown
KIFC1,brown
KIN,brown
KLF10,brown
KLF15,brown
KLF6,brown
KLHDC10,brown
KLHDC8B,brown
KLHL7-AS1,brown
KMO,brown
KNDC1,brown
KNOP1,brown
KPNA5,brown
KRAS,brown
KSR2,brown
L3MBTL3,brown
LAMTOR5,brown
LAP3,brown
LARP1,brown
LATS1,brown
LBR,brown
LCE3B,brown
LCE3C,brown
LCLAT1,brown
LDHC,brown
LENG9,brown
LEO1,brown
LEPROT,brown
LHPP,brown
LHX2,brown
LHX6,brown
LIMCH1,brown
LINC00899,brown
LINC01089,brown
LINC01307,brown
LINS1,brown
LIX1,brown
LLPH,brown
LMBRD2,brown
LMLN,brown
LMO3,brown
LMX1A,brown
LOC100128542,brown
LOC100129716,brown
LOC100130872,brown
LOC100131626,brown
LOC100134713,brown
LOC100505625,brown
LOC100505942,brown
LOC100652758,brown
LOC101927314,brown
LOC101928162,brown
LOC102467225,brown
LOC150568,brown
LOC282997,brown
LOC283267,brown
LOC284080,brown
LOC338799,brown
LOC339593,brown
LOC400684,brown
LOC401312,brown
LOC641298,brown
LOC645323,brown
LOC646626,brown
LOC729082,brown
LOC93622,brown
LONRF1,brown
LPIN1,brown
LPPR3,brown
LPPR4,brown
LRCH4,brown
LRIG1,brown
LRP11,brown
LRP2,brown
LRPAP1,brown
LRRC16A,brown
LRRC26,brown
LRRC27,brown
LRRC3B,brown
LRRC73,brown
LRRC8C,brown
LRRIQ3,brown
LRRK1,brown
LSM5,brown
LTBP1,brown
LUC7L2,brown
LY6G5C,brown
LYRM5,brown
LYSMD1,brown
MAD1L1,brown
MAGI2,brown
MAGMAS,brown
MAGOHB,brown
MAML2,brown
MAP2K4,brown
MAP3K13,brown
MAP3K14,brown
MAP3K7,brown
MAP4K3,brown
MAP7,brown
MAPK9,brown
MAPKAPK3,brown
MAPT,brown
MAR-08,brown
MARK2,brown
MASP2,brown
MAST3,brown
MAT2A,brown
MBOAT1,brown
MBP,brown
MCCC1,brown
MCL1,brown
MCM5,brown
MCTP1,brown
MEA1,brown
MECOM,brown
MED1,brown
MEF2C,brown
MEF2D,brown
MEIG1,brown
MEN1,brown
MEOX2,brown
METTL13,brown
METTL7B,brown
MFAP1,brown
MFHAS1,brown
MFSD2A,brown
MGAT1,brown
MGAT4A,brown
MGC14436,brown
MGEA5,brown
MIB2,brown
MICAL2,brown
MICB,brown
MIIP,brown
MIR196B,brown
MIR3134,brown
MIR365-2,brown
MIR423,brown
MIR4519,brown
MIR632,brown
MIR6880,brown
MKLN1,brown
MLH1,brown
MLL5,brown
MLLT11,brown
MLLT3,brown
MMAB,brown
MMP1,brown
MMP15,brown
MOBKL2B,brown
MOBKL3,brown
MOK,brown
MOV10,brown
MPHOSPH8,brown
MPP5,brown
MRM1,brown
MRPL1,brown
MRPL27,brown
MRPL3,brown
MRPL30,brown
MRPL43,brown
MRPL47,brown
MRPL53,brown
MRPL55,brown
MRPS14,brown
MRPS22,brown
MRPS25,brown
MRPS35,brown
MRPS9,brown
MS4A15,brown
MSANTD3,brown
MSH5,brown
MSL1,brown
MSL2,brown
MSRA,brown
MTA2,brown
MTCH1,brown
MTDH,brown
MTHFS,brown
MTL5,brown
MTMR6,brown
MTMR9L,brown
MTSS1,brown
MTX1,brown
MUM1,brown
MUTYH,brown
MXI1,brown
MXRA8,brown
MYBBP1A,brown
MYCNOS,brown
MYH10,brown
MYNN,brown
MYO10,brown
MYO15A,brown
MYO18A,brown
MYO5C,brown
NACA,brown
NAT9,brown
NCAPD2,brown
NCAPD3,brown
NCBP2,brown
NCEH1,brown
NCK1,brown
NCK2,brown
NCKAP5,brown
NCLN,brown
NCOR2,brown
NCRNA00219,brown
NDFIP2,brown
NDUFA4,brown
NDUFA5,brown
NDUFS8,brown
NDUFV2-AS1,brown
NECAP1,brown
NEDD1,brown
NEDD4,brown
NEDD9,brown
NEK11,brown
NELL1,brown
NES,brown
NEU3,brown
NEURL,brown
NFAT5,brown
NFATC2IP,brown
NFIA,brown
NFKB2,brown
NFX1,brown
NIPA2,brown
NIPAL3,brown
NIT1,brown
NKAIN4,brown
NKIRAS1,brown
NKX2-1,brown
NKX6-2,brown
NLRP2,brown
NME7,brown
NNT,brown
NOM1,brown
NOS1,brown
NPY,brown
NR3C1,brown
NRXN1,brown
NRXN2,brown
NRXN3,brown
NSF,brown
NTM,brown
NTNG2,brown
NTRK3,brown
NUCKS1,brown
NUDT1,brown
NUDT16L1,brown
NUP214,brown
NVL,brown
NWD2,brown
NXN,brown
NXPH1,brown
OBFC1,brown
OGFOD1,brown
OPRK1,brown
OR4K14,brown
OR8U8,brown
ORMDL2,brown
ORMDL3,brown
OSTBETA,brown
OSTM1,brown
OTUB1,brown
OTULIN,brown
OVCA2,brown
OXNAD1,brown
P2RY1,brown
P4HA3,brown
PACRG,brown
PAF1,brown
PAG1,brown
PAIP2B,brown
PAN2,brown
PANK1,brown
PARP4,brown
PBLD,brown
PBX1,brown
PC,brown
PCBP4,brown
PCDH10,brown
PCDH21,brown
PCDH8,brown
PDCD6,brown
PDE2A,brown
PDE3A,brown
PDE4B,brown
PDE4D,brown
PDHB,brown
PDLIM7,brown
PEBP4,brown
PER1,brown
PEX13,brown
PEX3,brown
PEX6,brown
PFDN1,brown
PGAP2,brown
PHACTR1,brown
PHF10,brown
PHF14,brown
PHKB,brown
PHOSPHO2,brown
PHOX2A,brown
PHOX2B,brown
PIGL,brown
PIGM,brown
PIGV,brown
PIK3R1,brown
PIK3R2,brown
PIK3R3,brown
PIN1,brown
PITRM1,brown
PKNOX1,brown
PLA2G15,brown
PLCB2,brown
PLCD3,brown
PLEKHG5,brown
PLK1,brown
PLK4,brown
PLXNA2,brown
PMF1,brown
PMFBP1,brown
PMS1,brown
PNPLA3,brown
PNPLA7,brown
PNRC2,brown
PODN,brown
POGLUT1,brown
POLQ,brown
POLR3A,brown
POU4F1,brown
POU6F2,brown
PP7080,brown
PPAP2B,brown
PPIL1,brown
PPIL3,brown
PPIL5,brown
PPME1,brown
PPOX,brown
PPP1CA,brown
PPP1R12A,brown
PPP1R14C,brown
PPP1R7,brown
PPP1R9A,brown
PPP2R2D,brown
PPP2R5B,brown
PPPDE1,brown
PRDM10,brown
PRDM11,brown
PRDX3,brown
PREPL,brown
PREX2,brown
PRHOXNB,brown
PRICKLE1,brown
PRIM1,brown
PRIM2,brown
PRKAG2,brown
PRKAR1B,brown
PRKCD,brown
PRKCE,brown
PRKCG,brown
PRKCH,brown
PRKCI,brown
PRMT10,brown
PRPF38A,brown
PRPF38B,brown
PRPH,brown
PRPSAP1,brown
PRR14,brown
PRRG2,brown
PRSS23,brown
PRSS35,brown
PRUNE2,brown
PSKH1,brown
PSMA4,brown
PSMB1,brown
PSMB2,brown
PSMB8,brown
PSMD7,brown
PSMG1,brown
PTCD2,brown
PTGER4,brown
PTGR2,brown
PTP4A1,brown
PTPN14,brown
PTPRN2,brown
PTRF,brown
PTS,brown
PTTG1IP,brown
PUS7,brown
PWWP2A,brown
PXDN,brown
PXK,brown
PXMP4,brown
PYGO1,brown
QKI,brown
QSOX1,brown
R3HDM1,brown
RAB11A,brown
RAB14,brown
RAB1B,brown
RAB23,brown
RAB2A,brown
RAB30,brown
RAB33B,brown
RAB40C,brown
RAB43,brown
RAB4A,brown
RAB5A,brown
RAD51,brown
RAF1,brown
RAG1AP1,brown
RAI14,brown
RALY-AS1,brown
RALYL,brown
RANBP9,brown
RAP1GDS1,brown
RAPGEF5,brown
RAPGEF6,brown
RARG,brown
RARRES1,brown
RASA1,brown
RASGRF1,brown
RASGRP3,brown
RASSF1,brown
RASSF8,brown
RB1,brown
RBFADN,brown
RBL2,brown
RBM19,brown
RBM7,brown
RBM8A,brown
RBMXL1,brown
RBPJ,brown
RBPMS,brown
RCAN2,brown
RCOR1,brown
RELL2,brown
REN,brown
REV3L,brown
RFFL,brown
RFT1,brown
RFWD2,brown
RFX3,brown
RFX4,brown
RG9MTD2,brown
RGNEF,brown
RGS6,brown
RHBDF2,brown
RHBG,brown
RHEB,brown
RHOBTB3,brown
RHOC,brown
RHOF,brown
RHOT2,brown
RILPL2,brown
RIMS1,brown
RING1,brown
RIOK2,brown
RNASEH1,brown
RNASEH2B,brown
RNASET2,brown
RND3,brown
RNF111,brown
RNF121,brown
RNF13,brown
RNF14,brown
RNF185,brown
RNF213,brown
RNF26,brown
RNF8,brown
RNH1,brown
RNU6-83P,brown
ROCK1,brown
ROR2,brown
RORA,brown
RORB,brown
RP5-1022P6.2,brown
RP9,brown
RPIA,brown
RPL19,brown
RPL21,brown
RPL23,brown
RPL28,brown
RPL38,brown
RPL41,brown
RPN2,brown
RPRD1A,brown
RPS12,brown
RPS13,brown
RPS14,brown
RPS21,brown
RPS6KA5,brown
RPSAP52,brown
RQCD1,brown
RRAD,brown
RREB1,brown
RSU1,brown
RTKN2,brown
RTN4RL1,brown
RTN4RL2,brown
SAC3D1,brown
SACS,brown
SALL1,brown
SAMD11,brown
SAP18,brown
SAPCD2,brown
SAPS3,brown
SART3,brown
SC4MOL,brown
SCARF2,brown
SCD,brown
SCFD2,brown
SCN5A,brown
SCN8A,brown
SCO2,brown
SDK1,brown
SEC14L1,brown
SEC22A,brown
SEC23IP,brown
SEC61A2,brown
SEMA3E,brown
SEMA4F,brown
SEMA6A,brown
SENP2,brown
SEP-05,brown
SEP-09,brown
SEP-11,brown
SERINC2,brown
SERPINA4,brown
SERPINH1,brown
SETD5,brown
SETMAR,brown
SEZ6,brown
SF1,brown
SF3B4,brown
SFI1,brown
SFPQ,brown
SFRP5,brown
SFRS16,brown
SFRS2B,brown
SFRS7,brown
SFT2D2,brown
SFXN4,brown
SGK3,brown
SGSM2,brown
SH3BP4,brown
SH3TC2,brown
SHANK2,brown
SHBG,brown
SHC4,brown
SIAH2,brown
SIK3,brown
SIN3A,brown
SIRT6,brown
SIVA1,brown
SKA2,brown
SKI,brown
SLC12A6,brown
SLC12A9,brown
SLC15A2,brown
SLC16A12,brown
SLC1A1,brown
SLC22A18,brown
SLC22A18AS,brown
SLC24A2,brown
SLC25A31,brown
SLC25A37,brown
SLC25A4,brown
SLC25A46,brown
SLC27A4,brown
SLC28A1,brown
SLC2A8,brown
SLC33A1,brown
SLC35A5,brown
SLC36A1,brown
SLC36A4,brown
SLC38A6,brown
SLC39A10,brown
SLC6A2,brown
SLC6A3,brown
SLC7A1,brown
SLC7A2,brown
SLC7A8,brown
SLC8B1,brown
SLIT3,brown
SLMAP,brown
SMARCAD1,brown
SMARCD3,brown
SMIM7,brown
SMNDC1,brown
SMOC2,brown
SMPDL3A,brown
SNAPC1,brown
SNCA,brown
SND1,brown
SNHG12,brown
SNHG3-RCC1,brown
SNORA17,brown
SNORA26,brown
SNORA57,brown
SNORD2,brown
SNORD55,brown
SNRPG,brown
SNTB2,brown
SNW1,brown
SNX14,brown
SNX15,brown
SNX27,brown
SOCS2,brown
SON,brown
SORCS2,brown
SOX2OT,brown
SOX5,brown
SPAG16,brown
SPC25,brown
SPG21,brown
SPIN1,brown
SPNS2,brown
SPOCK3,brown
SPR,brown
SPTAN1,brown
SRD5A1,brown
SRFBP1,brown
SRGAP3,brown
SRRM2,brown
SRRT,brown
SSC5D,brown
SSH2,brown
SSPN,brown
SSRP1,brown
ST3GAL3,brown
ST6GAL1,brown
ST6GAL2,brown
ST7-AS1,brown
ST8SIA3,brown
ST8SIA5,brown
STAT1,brown
STAT2,brown
STAT3,brown
STAT5A,brown
STIM2,brown
STIP1,brown
STK36,brown
STOM,brown
STOML2,brown
STPG1,brown
STRBP,brown
STRN3,brown
STT3B,brown
STUB1,brown
STX11,brown
STX4,brown
STX7,brown
SUMO1,brown
SUOX,brown
SUV420H1,brown
SVEP1,brown
SWI5,brown
SYF2,brown
SYN2,brown
SYNGAP1,brown
SYNJ1,brown
SYT14,brown
TAC1,brown
TAF12,brown
TAOK1,brown
TARS,brown
TBC1D20,brown
TBCA,brown
TBCCD1,brown
TBCEL,brown
TBKBP1,brown
TBRG4,brown
TCF25,brown
TCF7,brown
TCF7L2,brown
TCP1,brown
TCTN2,brown
TEC,brown
TEF,brown
TET3,brown
TEX264,brown
TEX9,brown
TGFB2,brown
TGIF1,brown
THAP2,brown
THBS1,brown
THRB,brown
TIMM10,brown
TLR10,brown
TLR6,brown
TMC6,brown
TMED7,brown
TMED7-TICAM2,brown
TMEM106B,brown
TMEM107,brown
TMEM111,brown
TMEM126A,brown
TMEM132C,brown
TMEM132D,brown
TMEM146,brown
TMEM160,brown
TMEM161B,brown
TMEM170A,brown
TMEM189,brown
TMEM209,brown
TMEM231,brown
TMEM37,brown
TMEM41B,brown
TMEM51,brown
TMEM55A,brown
TMEM57,brown
TMEM63C,brown
TMEM69,brown
TMEM70,brown
TMEM74,brown
TMEM80,brown
TMEM97,brown
TMF1,brown
TMIGD1,brown
TMTC2,brown
TMTC3,brown
TNFRSF11B,brown
TNFRSF21,brown
TNFSF11,brown
TNFSF18,brown
TNIK,brown
TNKS,brown
TNRC6A,brown
TOP2A,brown
TOP2B,brown
TP53BP1,brown
TP53BP2,brown
TPBG,brown
TPCN2,brown
TPD52L1,brown
TPI1,brown
TPRA1,brown
TPT1,brown
TRA2B,brown
TRAIP,brown
TRAPPC10,brown
TRAPPC4,brown
TRIM23,brown
TRIM28,brown
TRIM31,brown
TRIM33,brown
TRIM39,brown
TRIO,brown
TRIP12,brown
TRIP4,brown
TRIQK,brown
TRPC7,brown
TRPM6,brown
TSC22D2,brown
TSGA10,brown
TSHZ1,brown
TSNAX-DISC1,brown
TSPAN17,brown
TSPAN5,brown
TTC17,brown
TTC21A,brown
TTC23,brown
TTC30B,brown
TTC31,brown
TTC35,brown
TTK,brown
TUBA1A,brown
TWSG1,brown
TXN,brown
TXNDC17,brown
TYSND1,brown
UAP1,brown
UBA3,brown
UBA6,brown
UBAC1,brown
UBAP2L,brown
UBE2G1,brown
UBE2G2,brown
UBE2J1,brown
UBE2K,brown
UBE2V2,brown
UBE4A,brown
UBFD1,brown
UBL3,brown
UCK2,brown
UCRC,brown
UFM1,brown
UGCG,brown
UGP2,brown
UHMK1,brown
UHRF1,brown
UNC5C,brown
UNC84A,brown
UQCR,brown
UQCRC2,brown
UROD,brown
USF1,brown
USH2A,brown
USO1,brown
USP1,brown
USP12,brown
USP20,brown
USP24,brown
USP31,brown
USP42,brown
USP5,brown
UTP11L,brown
UVRAG,brown
VAMP3,brown
VARS,brown
VARS2,brown
VAV2,brown
VAV3,brown
VAX2,brown
VCPIP1,brown
VGF,brown
VPS28,brown
VPS37B,brown
VPS37C,brown
VPS72,brown
VRK3,brown
VSTM2A,brown
VTRNA1-1,brown
VWA1,brown
VWA5A,brown
WAC,brown
WDFY4,brown
WDR18,brown
WDR65,brown
WDR90,brown
WEE1,brown
WIBG,brown
WIPI1,brown
WNT2B,brown
WRAP53,brown
WRNIP1,brown
WSCD1,brown
WTAPP1,brown
XKR8,brown
XRN2,brown
XRRA1,brown
YBX2,brown
YES1,brown
ZAK,brown
ZBTB10,brown
ZBTB14,brown
ZBTB20,brown
ZBTB5,brown
ZC3H11A,brown
ZC3H18,brown
ZC3HAV1,brown
ZCCHC24,brown
ZCRB1,brown
ZDHHC11,brown
ZDHHC6,brown
ZEB1,brown
ZFAND3,brown
ZFAT,brown
ZFHX4-AS1,brown
ZFP36L1,brown
ZFP37,brown
ZFPM2,brown
ZKSCAN3,brown
ZMAT2,brown
ZMAT3,brown
ZMYM1,brown
ZNF207,brown
ZNF212,brown
ZNF251,brown
ZNF267,brown
ZNF330,brown
ZNF337,brown
ZNF34,brown
ZNF362,brown
ZNF366,brown
ZNF408,brown
ZNF414,brown
ZNF425,brown
ZNF498,brown
ZNF501,brown
ZNF503,brown
ZNF543,brown
ZNF561,brown
ZNF572,brown
ZNF594,brown
ZNF605,brown
ZNF615,brown
ZNF621,brown
ZNF644,brown
ZNF655,brown
ZNF687,brown
ZNF689,brown
ZNF704,brown
ZNF714,brown
ZNF74,brown
ZNF766,brown
ZNF768,brown
ZNF771,brown
ZNF781,brown
ZNF782,brown
ZNF790,brown
ZNF792,brown
ZNF793,brown
ZNF827,brown
ZNF833,brown
ZNF841,brown
ZNF844,brown
ZNF853,brown
ZNF880,brown
ZNRD1,brown
ZSCAN1,brown
ZSCAN21,brown
ZSWIM6,brown
ZWILCH,brown
ZXDC,brown
ZZZ3,brown
AARSD1,cyan
ABCG1,cyan
ABHD4,cyan
ABLIM2,cyan
ACOX3,cyan
ACTN4,cyan
ACTR1A,cyan
ACTR1B,cyan
ACVR1B,cyan
ADA,cyan
ADAM9,cyan
ADCK2,cyan
ADCY3,cyan
ADCY6,cyan
ADCY9,cyan
ADGRB3,cyan
ADH5,cyan
ADORA2B,cyan
AFF1,cyan
AGAP1,cyan
AGBL3,cyan
AGGF1,cyan
AGPAT5,cyan
AGXT2L2,cyan
AKAP6,cyan
AKAP8,cyan
ALG14,cyan
ALKBH2,cyan
ALOXE3,cyan
ALPK1,cyan
ANK2,cyan
ANKH,cyan
ANKRD13A,cyan
ANKRD44,cyan
AP1G2,cyan
AP4B1-AS1,cyan
APAF1,cyan
APBB1,cyan
APC,cyan
APCDD1,cyan
APPL1,cyan
ARF1,cyan
ARFGEF1,cyan
ARHGAP20,cyan
ARHGAP24,cyan
ARHGEF10,cyan
ARHGEF3,cyan
ARID2,cyan
ARID4A,cyan
ARID5B,cyan
ARL1,cyan
ARL4D,cyan
ARL5A,cyan
ARL6IP5,cyan
ARL6IP6,cyan
ARMC1,cyan
ARSG,cyan
ASAP3,cyan
ASS1,cyan
ASXL3,cyan
ATG16L2,cyan
ATN1,cyan
ATP10A,cyan
ATP11A,cyan
ATP1B3,cyan
ATP5I,cyan
ATP5L,cyan
ATP6V1H,cyan
ATP9B,cyan
ATPAF1,cyan
ATPAF2,cyan
ATRIP,cyan
ATXN1,cyan
B2M,cyan
B3GNTL1,cyan
BAALC-AS2,cyan
BAZ1A,cyan
BCAP29,cyan
BCL2,cyan
BCL2L2-PABPN1,cyan
BCL6,cyan
BCL9,cyan
BCLAF1,cyan
BDNF,cyan
BHLHE22,cyan
BLCAP,cyan
BLOC1S2,cyan
BMPER,cyan
BNIP1,cyan
BNIP3,cyan
BOP1,cyan
BRD2,cyan
BRE,cyan
BRI3,cyan
BRIP1,cyan
BRUNOL6,cyan
BTBD10,cyan
BTBD9,cyan
C10ORF137,cyan
C10ORF140,cyan
C11ORF68,cyan
C11ORF84,cyan
C11ORF87,cyan
C11ORF92,cyan
C12ORF23,cyan
C12ORF34,cyan
C12ORF42,cyan
C12ORF57,cyan
C13ORF18,cyan
C14ORF1,cyan
C14ORF43,cyan
C16ORF38,cyan
C16ORF91,cyan
C17ORF44,cyan
C17ORF96,cyan
C19ORF24,cyan
C19ORF54,cyan
C1ORF103,cyan
C1ORF128,cyan
C1ORF141,cyan
C1ORF52,cyan
C1ORF89,cyan
C20ORF26,cyan
C20ORF96,cyan
C21ORF67,cyan
C2ORF43,cyan
C2ORF60,cyan
C2ORF76,cyan
C2ORF77,cyan
C2ORF89,cyan
C3ORF38,cyan
C3ORF54,cyan
C3ORF58,cyan
C3ORF70,cyan
C4ORF43,cyan
C4ORF46,cyan
C5ORF15,cyan
C5ORF38,cyan
C5ORF56,cyan
C6ORF129,cyan
C6ORF192,cyan
C6ORF64,cyan
C7ORF25,cyan
C7ORF26,cyan
C7ORF38,cyan
C7ORF47,cyan
C7ORF58,cyan
C7ORF64,cyan
C9ORF103,cyan
C9ORF37,cyan
C9ORF91,cyan
CAB39L,cyan
CACHD1,cyan
CACNG2,cyan
CAGE1,cyan
CALCR,cyan
CAMK2D,cyan
CAMKK1,cyan
CAPZA1,cyan
CARD11,cyan
CASC1,cyan
CAST,cyan
CASZ1,cyan
CBX4,cyan
CC2D2B,cyan
CCDC117,cyan
CCDC126,cyan
CCDC21,cyan
CCDC34,cyan
CCDC65,cyan
CCDC66,cyan
CCDC93,cyan
CCKBR,cyan
CCL5,cyan
CCM2,cyan
CCNH,cyan
CCNY,cyan
CCT3,cyan
CCT7,cyan
CD109,cyan
CD200,cyan
CD247,cyan
CD59,cyan
CDC16,cyan
CDC37L1-AS1,cyan
CDC42BPA,cyan
CDC42EP5,cyan
CDC5L,cyan
CDH23,cyan
CDK1,cyan
CDK12,cyan
CDK5R1,cyan
CDKL1,cyan
CDYL2,cyan
CEBPZ,cyan
CELSR1,cyan
CENPE,cyan
CENPN,cyan
CEP170,cyan
CEPT1,cyan
CFAP58,cyan
CH25H,cyan
CHCHD10,cyan
CHCHD2,cyan
CHCHD3,cyan
CHCHD6,cyan
CHFR,cyan
CHMP7,cyan
CHPF2,cyan
CHST11,cyan
CIRH1A,cyan
CKS2,cyan
CLASP1,cyan
CLASP2,cyan
CLDN12,cyan
CLDN5,cyan
CLIP1,cyan
CLNK,cyan
CLPTM1,cyan
CLPX,cyan
CNOT2,cyan
CNOT6L,cyan
CNOT8,cyan
CNTNAP5,cyan
COL9A3,cyan
COLEC11,cyan
COPB1,cyan
COPS5,cyan
COPZ1,cyan
COQ3,cyan
CORO1C,cyan
COX11,cyan
COX8A,cyan
CPA4,cyan
CRLS1,cyan
CRY1,cyan
CSNK1G3,cyan
CSRNP3,cyan
CSTF2T,cyan
CTDSPL,cyan
CTIF,cyan
CTNND1,cyan
CTTNBP2,cyan
CUBN,cyan
CYLD,cyan
CYP24A1,cyan
DAAM1,cyan
DAB1,cyan
DAD1,cyan
DBNL,cyan
DBT,cyan
DCAF13,cyan
DCLRE1A,cyan
DCLRE1C,cyan
DCP1A,cyan
DCTD,cyan
DDAH2,cyan
DDX18,cyan
DDX31,cyan
DDX42,cyan
DDX50,cyan
DENND2C,cyan
DHPS,cyan
DHX37,cyan
DHX9,cyan
DIAPH1,cyan
DIP2B,cyan
DKFZP686I15217,cyan
DLGAP4,cyan
DLX5,cyan
DMAP1,cyan
DNAJA1,cyan
DNAJC13,cyan
DNAJC21,cyan
DNAJC25,cyan
DNAJC5G,cyan
DNAJC7,cyan
DNM1L,cyan
DOC2A,cyan
DPH2,cyan
DPP3,cyan
DPYSL3,cyan
DUSP18,cyan
DUSP19,cyan
DUSP28,cyan
DUSP6,cyan
DYNC1I2,cyan
E4F1,cyan
EBF1,cyan
ECE2,cyan
ECSIT,cyan
EDC4,cyan
EFCAB11,cyan
EFCAB5,cyan
EFNA1,cyan
EFNB2,cyan
EFR3B,cyan
EGR4,cyan
EHBP1,cyan
EIF2AK3,cyan
EIF2B4,cyan
EIF3J-AS1,cyan
EIF4G3,cyan
EIF4H,cyan
EIF5A,cyan
ELAVL2,cyan
ELFN1,cyan
ELOVL1,cyan
EMID2,cyan
EMP3,cyan
EMX2,cyan
ENOX1,cyan
EPAS1,cyan
EPHA7,cyan
EPHB6,cyan
EPM2AIP1,cyan
EPO,cyan
EPOR,cyan
EPRS,cyan
EPS8,cyan
ERG,cyan
ERGIC2,cyan
ERGIC3,cyan
ERO1LB,cyan
ESD,cyan
ESR1,cyan
ETAA1,cyan
ETHE1,cyan
EVC2,cyan
EVX2,cyan
EXOC4,cyan
EXOC6B,cyan
EXOG,cyan
EYA2,cyan
FAM120B,cyan
FAM126B,cyan
FAM134C,cyan
FAM151B,cyan
FAM161A,cyan
FAM171A1,cyan
FAM181B,cyan
FAM194B,cyan
FAM19A5,cyan
FAM206A,cyan
FAM221A,cyan
FAM227B,cyan
FAM36A,cyan
FAM38A,cyan
FAM47E,cyan
FAM53C,cyan
FAM54A,cyan
FAM57A,cyan
FAM60A,cyan
FAM63B,cyan
FAM73A,cyan
FAM78B,cyan
FAM86C,cyan
FBXL22,cyan
FBXO3,cyan
FBXO42,cyan
FCHSD2,cyan
FDFT1,cyan
FDXACB1,cyan
FEZ1,cyan
FGF12,cyan
FGF9,cyan
FHOD3,cyan
FIS1,cyan
FLJ39582,cyan
FMNL2,cyan
FN1,cyan
FNBP4,cyan
FOS,cyan
FOXJ3,cyan
FOXR1,cyan
FRAS1,cyan
FREM2,cyan
FRMD3,cyan
FRS3,cyan
FSTL4,cyan
GAB1,cyan
GABRG1,cyan
GALNT13,cyan
GALNT18,cyan
GATSL3,cyan
GCOM1,cyan
GDAP2,cyan
GDPD1,cyan
GEM,cyan
GFM2,cyan
GFRA2,cyan
GGT7,cyan
GHR,cyan
GLB1L3,cyan
GLI3,cyan
GLRA3,cyan
GLS,cyan
GLT8D1,cyan
GLYCTK,cyan
GMFB,cyan
GMNN,cyan
GNA12,cyan
GNAS,cyan
GNB2L1,cyan
GNL3,cyan
GNPDA2,cyan
GNPTG,cyan
GOLSYN,cyan
GON4L,cyan
GPBP1,cyan
GPC5,cyan
GPM6A,cyan
GPN2,cyan
GPR108,cyan
GPR157,cyan
GPX4,cyan
GRIA4,cyan
GRID2,cyan
GRIK1,cyan
GRIN3A,cyan
GRK5,cyan
GRN,cyan
GSK3A,cyan
GSK3B,cyan
GSPT1,cyan
GTF2A2,cyan
GTF2H1,cyan
GTPBP10,cyan
GYG1,cyan
H6PD,cyan
HADHB,cyan
HAX1,cyan
HCK,cyan
HDAC10,cyan
HDAC5,cyan
HELT,cyan
HEMK1,cyan
HES4,cyan
HEY2,cyan
HIATL1,cyan
HIGD2B,cyan
HINT2,cyan
HIST1H2AI,cyan
HIST1H3I,cyan
HIST2H2AB,cyan
HLA-DOA,cyan
HMGB1,cyan
HMGB2,cyan
HMGN4,cyan
HMHA1,cyan
HMMR,cyan
HNRNPF,cyan
HNRNPH1,cyan
HNRNPL,cyan
HOMER1,cyan
HOXB8,cyan
HPSE,cyan
HS1BP3,cyan
HS3ST6,cyan
HS6ST3,cyan
HSDL2,cyan
HSPA14,cyan
HSPA1B,cyan
HSPC157,cyan
HSPH1,cyan
IER3IP1,cyan
IFFO2,cyan
IFRD1,cyan
IGF2AS,cyan
IGF2BP1,cyan
IGFBP7,cyan
IGSF11,cyan
IGSF9,cyan
IL2RA,cyan
IMPAD1,cyan
ING1,cyan
INO80C,cyan
INO80E,cyan
INSIG1,cyan
IRF2,cyan
IRF6,cyan
ITPR2,cyan
IWS1,cyan
JMJD7,cyan
JMY,cyan
KAT2B,cyan
KAT7,cyan
KBTBD3,cyan
KBTBD8,cyan
KCND3,cyan
KCNH1,cyan
KCNJ2,cyan
KCNK1,cyan
KCNN3,cyan
KCTD1,cyan
KDM2B,cyan
KDM4D,cyan
KIAA0319,cyan
KIAA0513,cyan
KIAA0776,cyan
KIAA0907,cyan
KIAA1239,cyan
KIAA1429,cyan
KIAA1543,cyan
KIAA1549,cyan
KIDINS220,cyan
KIF21A,cyan
KIF26A,cyan
KLF12,cyan
KLF9,cyan
KLHL12,cyan
KMO,cyan
KPNA5,cyan
KRT27,cyan
LAMC1,cyan
LANCL2,cyan
LASS6,cyan
LATS1,cyan
LCA5L,cyan
LCMT1,cyan
LDLRAD4,cyan
LIAS,cyan
LIMK2,cyan
LINC00116,cyan
LINC00367,cyan
LINC00607,cyan
LINC01089,cyan
LMAN2L,cyan
LMF1,cyan
LMLN,cyan
LNPEP,cyan
LOC100128239,cyan
LOC100134368,cyan
LOC100188947,cyan
LOC101927815,cyan
LOC102723505,cyan
LOC285696,cyan
LOC441177,cyan
LOC441666,cyan
LOC646903,cyan
LOH12CR1,cyan
LPCAT3,cyan
LPHN2,cyan
LRBA,cyan
LRIG2,cyan
LRP1,cyan
LRRC41,cyan
LRRN3,cyan
LSG1,cyan
LSM5,cyan
LZTFL1,cyan
LZTS2,cyan
MACROD2,cyan
MAF,cyan
MANBA,cyan
MAP4,cyan
MAP9,cyan
MAPK1,cyan
MAR-03,cyan
MARK2,cyan
MAST2,cyan
MAST4,cyan
MAT2A,cyan
MB21D2,cyan
MBD3,cyan
MCF2L2,cyan
MCM3AP,cyan
MCM7,cyan
MCM8,cyan
MCRS1,cyan
MDH2,cyan
MDN1,cyan
MED18,cyan
MED23,cyan
MEF2D,cyan
MEIG1,cyan
MFSD7,cyan
MGC42105,cyan
MGRN1,cyan
MICAL1,cyan
MIR148A,cyan
MIR208B,cyan
MIR3912,cyan
MIR4792,cyan
MIR639,cyan
MIR662,cyan
MIR762HG,cyan
MIR942,cyan
MKNK1,cyan
MMP7,cyan
MNAT1,cyan
MOCS3,cyan
MORG1,cyan
MOV10L1,cyan
MPDU1,cyan
MRPL20,cyan
MRPL39,cyan
MRPL44,cyan
MRPL47,cyan
MRPS17,cyan
MRPS26,cyan
MRPS30,cyan
MRPS34,cyan
MRPS35,cyan
MSI2,cyan
MTBP,cyan
MTERF4,cyan
MTERFD2,cyan
MVK,cyan
MYBL1,cyan
MYO18A,cyan
MYO1B,cyan
MYOF,cyan
N4BP2,cyan
N6AMT2,cyan
NAE1,cyan
NAP1L1,cyan
NARS,cyan
NCAPD2,cyan
NCEH1,cyan
NCK2,cyan
NCLN,cyan
NDE1,cyan
NDNL2,cyan
NDRG2,cyan
NDUFA4L2,cyan
NDUFB1,cyan
NDUFV2-AS1,cyan
NEK2,cyan
NFXL1,cyan
NFYC,cyan
NGLY1,cyan
NISCH,cyan
NKX3-2,cyan
NME3,cyan
NME4,cyan
NPDC1,cyan
NR3C2,cyan
NRG2,cyan
NRN1,cyan
NSUN2,cyan
NTF3,cyan
NTN5,cyan
NTNG1,cyan
NUDC,cyan
NUDT15,cyan
NUDT16L1,cyan
NUMBL,cyan
NUP160,cyan
NUP214,cyan
NXT1,cyan
OPA1-AS1,cyan
ORC3L,cyan
ORC5L,cyan
OSBPL3,cyan
OSCP1,cyan
OSGEPL1,cyan
OTOP2,cyan
OTUD7B,cyan
P3H2,cyan
PACRGL,cyan
PAQR8,cyan
PARM1,cyan
PASK,cyan
PBX2,cyan
PCDH9,cyan
PCDHB16,cyan
PCDHB7,cyan
PCNA,cyan
PCSK9,cyan
PCYOX1,cyan
PDCL3,cyan
PDE4B,cyan
PDP2,cyan
PEBP1,cyan
PES1,cyan
PET117,cyan
PEX11G,cyan
PEX13,cyan
PFKFB3,cyan
PFKM,cyan
PGAM5,cyan
PGBD2,cyan
PGM2L1,cyan
PGRMC2,cyan
PHF1,cyan
PI4K2A,cyan
PIH1D2,cyan
PIK3R1,cyan
PIP4K2B,cyan
PITX3,cyan
PKP2,cyan
PLD2,cyan
PLEKHA7,cyan
PLOD2,cyan
PNLDC1,cyan
POLB,cyan
POLD2,cyan
POLR1B,cyan
POLR2B,cyan
POP7,cyan
PPAPDC1B,cyan
PPFIBP2,cyan
PPHLN1,cyan
PPID,cyan
PPIG,cyan
PPIL5,cyan
PPM1K,cyan
PPOX,cyan
PPP2R2B,cyan
PPP2R5E,cyan
PRC1,cyan
PRDM13,cyan
PRDM8,cyan
PRDX3,cyan
PREPL,cyan
PREX1,cyan
PRIMPOL,cyan
PRKAA1,cyan
PRKRIP1,cyan
PRKRIR,cyan
PRMT2,cyan
PRMT3,cyan
PRMT6,cyan
PRRC2C,cyan
PRRT3,cyan
PSMA5,cyan
PSMA7,cyan
PSMC1,cyan
PSMC2,cyan
PSME3,cyan
PTCH1,cyan
PTGFRN,cyan
PTPN4,cyan
PTPRN2,cyan
PTPRT,cyan
PURG,cyan
PUSL1,cyan
PVALB,cyan
PVT1,cyan
PYCR1,cyan
QARS,cyan
QKI,cyan
QSER1,cyan
RAB43,cyan
RAB5B,cyan
RALY,cyan
RAPGEF3,cyan
RASA1,cyan
RB1CC1,cyan
RBBP4,cyan
RBL2,cyan
RBM12B,cyan
RBM20,cyan
RBM22,cyan
RBM26-AS1,cyan
RBM27,cyan
RECQL4,cyan
REEP6,cyan
REV1,cyan
RFC5,cyan
RFTN1,cyan
RFWD2,cyan
RGL1,cyan
RGL2,cyan
RGMB,cyan
RGS20,cyan
RHOBTB2,cyan
RIF1,cyan
RIMS3,cyan
RIPPLY2,cyan
RLF,cyan
RMND5B,cyan
RNASEN,cyan
RND3,cyan
RNF126,cyan
RNF152,cyan
RNF20,cyan
RNF214,cyan
RNF34,cyan
RNF40,cyan
ROCK1,cyan
RPGRIP1L,cyan
RPL13,cyan
RPL24,cyan
RPL36AL,cyan
RPL41,cyan
RPS20,cyan
RPS24,cyan
RPS27L,cyan
RPS6KA2,cyan
RPUSD2,cyan
RPUSD4,cyan
RSAD2,cyan
RTDR1,cyan
RTN2,cyan
RTN4,cyan
RTN4RL1,cyan
S100A14,cyan
SAFB2,cyan
SAMD12,cyan
SARM1,cyan
SART3,cyan
SAV1,cyan
SC5DL,cyan
SCAMP2,cyan
SCHIP1,cyan
SCMH1,cyan
SCN7A,cyan
SDAD1,cyan
SDC3,cyan
SDCBP2,cyan
SDF2L1,cyan
SDHAF2,cyan
SDHAF3,cyan
SDHC,cyan
SEC14L4,cyan
SEC22B,cyan
SEC61A2,cyan
SEPHS1,cyan
SETD5,cyan
SETD6,cyan
SEZ6L2,cyan
SGCE,cyan
SGIP1,cyan
SGK1,cyan
SGK223,cyan
SGMS1-AS1,cyan
SH3GL1,cyan
SH3PXD2B,cyan
SHQ1,cyan
SIGIRR,cyan
SIRT2,cyan
SIRT4,cyan
SKA1,cyan
SKI,cyan
SKP1,cyan
SLC18B1,cyan
SLC1A3,cyan
SLC25A26,cyan
SLC25A29,cyan
SLC26A6,cyan
SLC27A1,cyan
SLC30A1,cyan
SLC30A5,cyan
SLC31A2,cyan
SLC35D1,cyan
SLC36A4,cyan
SLC39A1,cyan
SLC39A3,cyan
SLC3A2,cyan
SLC40A1,cyan
SLC46A1,cyan
SLC4A10,cyan
SLC4A11,cyan
SLC5A5,cyan
SLC6A5,cyan
SLC6A6,cyan
SLITRK3,cyan
SLITRK5,cyan
SMAD6,cyan
SMARCA5,cyan
SMTNL2,cyan
SNAPIN,cyan
SND1,cyan
SNRPA,cyan
SNTB1,cyan
SNX18,cyan
SNX30,cyan
SORBS3,cyan
SORCS2,cyan
SORL1,cyan
SORT1,cyan
SOS1,cyan
SOX2OT,cyan
SOX9,cyan
SPATA18,cyan
SPCS3,cyan
SPEN,cyan
SPPL2A,cyan
SQSTM1,cyan
SRA1,cyan
SSFA2,cyan
SSNA1,cyan
SSR3,cyan
SSTR2,cyan
ST3GAL1,cyan
ST6GALNAC5,cyan
ST7,cyan
STAG1,cyan
STAU1,cyan
STOML2,cyan
STX7,cyan
SUGT1,cyan
SYNJ2,cyan
SYNPO2,cyan
SYT15,cyan
SYT6,cyan
SYTL2,cyan
TAAR6,cyan
TACR2,cyan
TAF10,cyan
TAF13,cyan
TAF15,cyan
TAF3,cyan
TARBP2,cyan
TBC1D14,cyan
TBC1D5,cyan
TBC1D8,cyan
TBKBP1,cyan
TBXAS1,cyan
TCF12,cyan
TCF3,cyan
TCF7L1,cyan
TCFL5,cyan
TEC,cyan
TECPR2,cyan
TET1,cyan
TEX14,cyan
TFAP2A,cyan
TFAP2D,cyan
TGM2,cyan
TGOLN2,cyan
THADA,cyan
THOC1,cyan
THSD7A,cyan
THUMPD3,cyan
TIAL1,cyan
TINF2,cyan
TIPARP,cyan
TM2D1,cyan
TM2D2,cyan
TMED10,cyan
TMED5,cyan
TMEM132E,cyan
TMEM184B,cyan
TMEM209,cyan
TMEM51,cyan
TMEM56-RWDD3,cyan
TMF1,cyan
TNFAIP3,cyan
TNFRSF11B,cyan
TNKS,cyan
TNPO1,cyan
TNRC18,cyan
TOP2A,cyan
TOR1AIP2,cyan
TP53I3,cyan
TPD52,cyan
TPPP,cyan
TPR,cyan
TPRKB,cyan
TPSG1,cyan
TRAM1L1,cyan
TRAPPC3,cyan
TRDMT1,cyan
TRIAP1,cyan
TRIB2,cyan
TRIM27,cyan
TRIM46,cyan
TRIM66,cyan
TRMT11,cyan
TRMT12,cyan
TRPC3,cyan
TSC22D2,cyan
TSGA14,cyan
TSHZ1,cyan
TSPYL4,cyan
TTC26,cyan
TTC4,cyan
TTN,cyan
TUB,cyan
TUBA1A,cyan
TYRO3,cyan
UBA52,cyan
UBE2D3,cyan
UBE2E1,cyan
UBE2F,cyan
UBE2V1,cyan
UBN1,cyan
UBP1,cyan
UBR2,cyan
UBR4,cyan
UBTF,cyan
UCHL1,cyan
UCK2,cyan
UFD1L,cyan
UFM1,cyan
UFSP1,cyan
UMAD1,cyan
UQCRB,cyan
VANGL1,cyan
VAPB,cyan
VEZF1,cyan
VPRBP,cyan
WBP4,cyan
WBSCR27,cyan
WDR87,cyan
WDR93,cyan
WIPI2,cyan
WNT2B,cyan
WRNIP1,cyan
WSB1,cyan
XBP1,cyan
XPO4,cyan
XRCC6,cyan
XRCC6BP1,cyan
YWHAZ,cyan
ZAK,cyan
ZBTB39,cyan
ZC3H11A,cyan
ZC3H13,cyan
ZCCHC24,cyan
ZCCHC3,cyan
ZCCHC8,cyan
ZDHHC13,cyan
ZDHHC14,cyan
ZDHHC16,cyan
ZDHHC23,cyan
ZFP62,cyan
ZFYVE1,cyan
ZIC2,cyan
ZKSCAN5,cyan
ZMIZ1,cyan
ZMIZ2,cyan
ZMYND11,cyan
ZNF112,cyan
ZNF121,cyan
ZNF135,cyan
ZNF175,cyan
ZNF181,cyan
ZNF184,cyan
ZNF223,cyan
ZNF225,cyan
ZNF227,cyan
ZNF256,cyan
ZNF26,cyan
ZNF264,cyan
ZNF324,cyan
ZNF330,cyan
ZNF389,cyan
ZNF391,cyan
ZNF425,cyan
ZNF444,cyan
ZNF483,cyan
ZNF487,cyan
ZNF488,cyan
ZNF510,cyan
ZNF512,cyan
ZNF544,cyan
ZNF562,cyan
ZNF619,cyan
ZNF639,cyan
ZNF644,cyan
ZNF646,cyan
ZNF688,cyan
ZNF695,cyan
ZNF703,cyan
ZNF791,cyan
ZNF793,cyan
ZRANB2,cyan
ZSWIM7,cyan
ZZZ3,cyan
A2BP1,darkgreen
ABCD4,darkgreen
ABCG4,darkgreen
ABLIM2,darkgreen
ABR,darkgreen
ACBD6,darkgreen
ACSL3,darkgreen
ACSL6,darkgreen
ACVR2A,darkgreen
ADAM12,darkgreen
ADAMTS9,darkgreen
ADCY2,darkgreen
ADGRE5,darkgreen
ADI1,darkgreen
ADK,darkgreen
ADSL,darkgreen
AGFG2,darkgreen
AHSG,darkgreen
AIG1,darkgreen
AK8,darkgreen
AKR1B1,darkgreen
ALDH3A2,darkgreen
ALDH4A1,darkgreen
ALG14,darkgreen
ALG1L,darkgreen
ALKBH5,darkgreen
ANAPC1,darkgreen
ANGPT2,darkgreen
ANK2,darkgreen
ANK3,darkgreen
ANKRD16,darkgreen
ANKRD27,darkgreen
ANKRD44,darkgreen
APITD1-CORT,darkgreen
ARF6,darkgreen
ARFGAP3,darkgreen
ARHGAP26,darkgreen
ARHGEF10,darkgreen
ARHGEF25,darkgreen
ARHGEF7,darkgreen
ARID1B,darkgreen
ARPC5,darkgreen
ARPP-21,darkgreen
ATG2A,darkgreen
ATHL1,darkgreen
ATP1A1,darkgreen
ATP1B3,darkgreen
ATP6V0E2,darkgreen
AVEN,darkgreen
B3GNT9,darkgreen
BAT5,darkgreen
BCAP29,darkgreen
BCAS2,darkgreen
BCKDHB,darkgreen
BCL11A,darkgreen
BET1,darkgreen
BNC2,darkgreen
BOD1,darkgreen
BOLL,darkgreen
BRCA1,darkgreen
BRIP1,darkgreen
BRP44,darkgreen
BRUNOL5,darkgreen
BTBD10,darkgreen
BUD13,darkgreen
C10ORF114,darkgreen
C10ORF4,darkgreen
C11ORF67,darkgreen
C12ORF10,darkgreen
C12ORF70,darkgreen
C14ORF133,darkgreen
C14ORF166,darkgreen
C15ORF38,darkgreen
C15ORF40,darkgreen
C16ORF68,darkgreen
C18ORF10,darkgreen
C18ORF22,darkgreen
C1ORF63,darkgreen
C1ORF70,darkgreen
C1ORF97,darkgreen
C2ORF39,darkgreen
C2ORF69,darkgreen
C3ORF21,darkgreen
C3ORF58,darkgreen
C4ORF37,darkgreen
C5ORF4,darkgreen
C5ORF55,darkgreen
C6ORF147,darkgreen
C6ORF165,darkgreen
C6ORF176,darkgreen
C7ORF42,darkgreen
C7ORF61,darkgreen
C8ORF83,darkgreen
C9ORF21,darkgreen
CACNA2D1,darkgreen
CADM1,darkgreen
CAMLG,darkgreen
CAT,darkgreen
CAV1,darkgreen
CBFB,darkgreen
CCDC175,darkgreen
CCDC66,darkgreen
CCND2,darkgreen
CD97,darkgreen
CDH12,darkgreen
CDH17,darkgreen
CDH4,darkgreen
CDK12,darkgreen
CDK14,darkgreen
CDK5,darkgreen
CDKN1C,darkgreen
CDKN3,darkgreen
CDPF1,darkgreen
CDS2,darkgreen
CEBPZOS,darkgreen
CENPF,darkgreen
CEP97,darkgreen
CETN3,darkgreen
CFDP1,darkgreen
CHD1,darkgreen
CHMP4A,darkgreen
CHORDC1,darkgreen
CHPF2,darkgreen
CHRNA4,darkgreen
CHRNA7,darkgreen
CLDN10,darkgreen
CLEC2B,darkgreen
CLIC5,darkgreen
CLPTM1,darkgreen
CLRN1-AS1,darkgreen
CLSTN1,darkgreen
CLVS2,darkgreen
CMAH,darkgreen
CMTM3,darkgreen
CMTM6,darkgreen
CNEP1R1,darkgreen
CNOT8,darkgreen
COG6,darkgreen
COQ7,darkgreen
COX15,darkgreen
CREB3L2,darkgreen
CREB5,darkgreen
CRYM,darkgreen
CS,darkgreen
CSMD2,darkgreen
CTBP2,darkgreen
CTNND2,darkgreen
CTXN2,darkgreen
CUEDC1,darkgreen
CUL2,darkgreen
CUX1,darkgreen
CWF19L1,darkgreen
CYB5A,darkgreen
CYR61,darkgreen
DACH1,darkgreen
DAD1,darkgreen
DAG1,darkgreen
DDX43,darkgreen
DECR1,darkgreen
DENND4A,darkgreen
DERL1,darkgreen
DGUOK,darkgreen
DIP2C,darkgreen
DIRC2,darkgreen
DLEU2,darkgreen
DLG1,darkgreen
DLG2,darkgreen
DLX2,darkgreen
DMXL2,darkgreen
DNAL1,darkgreen
DPRX,darkgreen
DPT,darkgreen
DPYD,darkgreen
DRD3,darkgreen
E2F3,darkgreen
EDNRB,darkgreen
EHBP1,darkgreen
EHMT2,darkgreen
EMID2,darkgreen
EMX2OS,darkgreen
ENKD1,darkgreen
EP400NL,darkgreen
EPHA5,darkgreen
ERAP1,darkgreen
ERCC6,darkgreen
ERGIC2,darkgreen
ERI1,darkgreen
ESYT3,darkgreen
EYS,darkgreen
EZH1,darkgreen
FABP6,darkgreen
FAF2,darkgreen
FAM107B,darkgreen
FAM113A,darkgreen
FAM125B,darkgreen
FAM168A,darkgreen
FAM174B,darkgreen
FAM20C,darkgreen
FAM50B,darkgreen
FAM73B,darkgreen
FAXDC2,darkgreen
FBXL19,darkgreen
FBXO44,darkgreen
FGF1,darkgreen
FGF14,darkgreen
FIBIN,darkgreen
FICD,darkgreen
FKBP1A-SDCBP2,darkgreen
FKBP9,darkgreen
FLJ22536,darkgreen
FLJ39582,darkgreen
FLRT2,darkgreen
FNDC3B,darkgreen
FOXK1,darkgreen
FOXRED2,darkgreen
FRMD4A,darkgreen
FTH1,darkgreen
GABBR1,darkgreen
GABPB1,darkgreen
GABRB3,darkgreen
GALNT1,darkgreen
GAS7,darkgreen
GATA4,darkgreen
GEMIN6,darkgreen
GEN1,darkgreen
GGACT,darkgreen
GIT1,darkgreen
GLG1,darkgreen
GLI2,darkgreen
GLT8D2,darkgreen
GMPR2,darkgreen
GPC6,darkgreen
GPLD1,darkgreen
GPR1-AS,darkgreen
GREB1L,darkgreen
GTDC1,darkgreen
GTF2IRD1,darkgreen
GUCY2C,darkgreen
H2AFX,darkgreen
H2AFY,darkgreen
H3F3B,darkgreen
HAUS3,darkgreen
HCFC2,darkgreen
HCG2P7,darkgreen
HDHD2,darkgreen
HES4,darkgreen
HFM1,darkgreen
HIAT1,darkgreen
HIC1,darkgreen
HIST1H2BI,darkgreen
HIST2H2AA3,darkgreen
HLA-DPB2,darkgreen
HLA-DRA,darkgreen
HLA-F,darkgreen
HLF,darkgreen
HMGCR,darkgreen
HNRNPF,darkgreen
HNRPDL,darkgreen
HOXC4,darkgreen
HPS3,darkgreen
HS3ST2,darkgreen
HSD17B4,darkgreen
ICA1L,darkgreen
IDNK,darkgreen
IDO2,darkgreen
IFT140,darkgreen
IFT43,darkgreen
IGF1R,darkgreen
IGSF9B,darkgreen
IL22RA1,darkgreen
IMMP2L,darkgreen
ING5,darkgreen
INPP4A,darkgreen
INPP5B,darkgreen
INTS10,darkgreen
INTS9,darkgreen
IQCK,darkgreen
IRF3,darkgreen
ITFG2,darkgreen
ITFG3,darkgreen
ITGA1,darkgreen
ITGAE,darkgreen
ITGB2,darkgreen
ITGB2-AS1,darkgreen
ITPR3,darkgreen
ITPRIP,darkgreen
JMJD1C,darkgreen
JPH1,darkgreen
KCND3,darkgreen
KCNIP2,darkgreen
KCNK3,darkgreen
KCTD2,darkgreen
KCTD5,darkgreen
KCTD9,darkgreen
KHDRBS1,darkgreen
KIAA0907,darkgreen
KIF1B,darkgreen
KIF23,darkgreen
KIF5C,darkgreen
KLHDC9,darkgreen
KLHL20,darkgreen
KPNA5,darkgreen
KPNB1,darkgreen
LACTB,darkgreen
LANCL2,darkgreen
LATS1,darkgreen
LCE1C,darkgreen
LCLAT1,darkgreen
LCN10,darkgreen
LDLRAD3,darkgreen
LEF1,darkgreen
LEPR,darkgreen
LGALS1,darkgreen
LHFPL3,darkgreen
LHX3,darkgreen
LIMD2,darkgreen
LIMS2,darkgreen
LINC00032,darkgreen
LINC00348,darkgreen
LINC00350,darkgreen
LINC00371,darkgreen
LINC00535,darkgreen
LINC01089,darkgreen
LINC01107,darkgreen
LIPA,darkgreen
LMAN2L,darkgreen
LMBR1L,darkgreen
LMO2,darkgreen
LOC100128993,darkgreen
LOC100131626,darkgreen
LOC100190940,darkgreen
LOC100288798,darkgreen
LOC100507073,darkgreen
LOC101926898,darkgreen
LOC101927815,darkgreen
LOC101929076,darkgreen
LOC101929095,darkgreen
LOC158435,darkgreen
LOC338799,darkgreen
LOC389333,darkgreen
LOC646982,darkgreen
LONP2,darkgreen
LRIG1,darkgreen
LRP10,darkgreen
LRRFIP2,darkgreen
LRWD1,darkgreen
LSM5,darkgreen
LTBP3,darkgreen
LYNX1,darkgreen
MAK16,darkgreen
MAN2C1,darkgreen
MAP3K13,darkgreen
MARS2,darkgreen
MAST4,darkgreen
MAT2B,darkgreen
MED19,darkgreen
MED27,darkgreen
MEI1,darkgreen
MFGE8,darkgreen
MFI2,darkgreen
MGC2889,darkgreen
MGC45800,darkgreen
MGEA5,darkgreen
MIB2,darkgreen
MICAL3,darkgreen
MIR1244-4,darkgreen
MIR6791,darkgreen
MIR99AHG,darkgreen
MLF2,darkgreen
MMAA,darkgreen
MOCS1,darkgreen
MOXD1,darkgreen
MRI1,darkgreen
MRPL54,darkgreen
MRPS18B,darkgreen
MTA1,darkgreen
MTIF3,darkgreen
MTMR4,darkgreen
MTSS1L,darkgreen
MTUS2,darkgreen
MUC6,darkgreen
MUL1,darkgreen
MUTYH,darkgreen
MXI1,darkgreen
MYO5C,darkgreen
NAIP,darkgreen
NAP1L5,darkgreen
NAPRT,darkgreen
NAPRT1,darkgreen
NARF,darkgreen
NARG2,darkgreen
NCOA5,darkgreen
NCRNA00119,darkgreen
NEDD9,darkgreen
NEK10,darkgreen
NEK11,darkgreen
NELFB,darkgreen
NFIC,darkgreen
NINJ2,darkgreen
NIPBL,darkgreen
NME1-NME2,darkgreen
NOTCH3,darkgreen
NPHP4,darkgreen
NR1D1,darkgreen
NRXN3,darkgreen
NSMCE2,darkgreen
NUB1,darkgreen
NUBP1,darkgreen
NUDT13,darkgreen
NUP35,darkgreen
NUP43,darkgreen
NXN,darkgreen
OASL,darkgreen
ODZ4,darkgreen
OPA3,darkgreen
OSBPL5,darkgreen
OSGEP,darkgreen
OSGIN2,darkgreen
P4HB,darkgreen
P4HTM,darkgreen
PAFAH2,darkgreen
PAIP2,darkgreen
PALM2,darkgreen
PAM,darkgreen
PAQR3,darkgreen
PARP4,darkgreen
PART1,darkgreen
PATL1,darkgreen
PC,darkgreen
PCDHA7,darkgreen
PCDHB1,darkgreen
PCTP,darkgreen
PDE10A,darkgreen
PDE4B,darkgreen
PDE8B,darkgreen
PDHB,darkgreen
PDIA4,darkgreen
PDLIM3,darkgreen
PDZRN3,darkgreen
PEG10,darkgreen
PEX5L,darkgreen
PHF1,darkgreen
PHF20,darkgreen
PIP5K1C,darkgreen
PLEKHA2,darkgreen
PLK2,darkgreen
PLSCR1,darkgreen
PLXNC1,darkgreen
PMS1,darkgreen
PNLDC1,darkgreen
PNPT1,darkgreen
POFUT2,darkgreen
POLD4,darkgreen
POLR1B,darkgreen
POLR2B,darkgreen
POLR3B,darkgreen
PPFIA2,darkgreen
PPIF,darkgreen
PPP2R2A,darkgreen
PPP3R1,darkgreen
PPWD1,darkgreen
PRAC1,darkgreen
PRIM1,darkgreen
PRKAA2,darkgreen
PRKAR1B,darkgreen
PRND,darkgreen
PRPF38B,darkgreen
PRPF4,darkgreen
PRR34-AS1,darkgreen
PRTN3,darkgreen
PSMD7,darkgreen
PSPC1,darkgreen
PTDSS2,darkgreen
PTPN4,darkgreen
PTPRD,darkgreen
PTPRN2,darkgreen
PVRL3,darkgreen
PXDNL,darkgreen
QRFPR,darkgreen
QTRTD1,darkgreen
RAB14,darkgreen
RAB2B,darkgreen
RAB5B,darkgreen
RAB8B,darkgreen
RAET1L,darkgreen
RALGDS,darkgreen
RASA3,darkgreen
RASSF4,darkgreen
RBMXL2,darkgreen
RECK,darkgreen
RESP18,darkgreen
RFX6,darkgreen
RFXANK,darkgreen
RGL1,darkgreen
RICTOR,darkgreen
RIN2,darkgreen
RING1,darkgreen
RIT1,darkgreen
RNASEK,darkgreen
RNF121,darkgreen
RNF17,darkgreen
RNF182,darkgreen
RNF2,darkgreen
RNFT2,darkgreen
ROGDI,darkgreen
ROR2,darkgreen
RPA1,darkgreen
RPL32P3,darkgreen
RPL35,darkgreen
RPS10,darkgreen
RPS26,darkgreen
RPS27L,darkgreen
RPTOR,darkgreen
RSG1,darkgreen
RTCB,darkgreen
RTKN,darkgreen
SAP30,darkgreen
SBF1P1,darkgreen
SCLT1,darkgreen
SCNN1G,darkgreen
SDCCAG8,darkgreen
SDF2L1,darkgreen
SEC16A,darkgreen
SEMA3E,darkgreen
SEMA6D,darkgreen
SENP7,darkgreen
SERF2,darkgreen
SETD1A,darkgreen
SF3B14,darkgreen
SFRS18,darkgreen
SFT2D2,darkgreen
SH3GLB1,darkgreen
SIRT5,darkgreen
SLC12A6,darkgreen
SLC15A4,darkgreen
SLC16A10,darkgreen
SLC25A25,darkgreen
SLC25A46,darkgreen
SLC30A9,darkgreen
SLC35F1,darkgreen
SLC37A1,darkgreen
SLC43A2,darkgreen
SLC6A19,darkgreen
SLC9A3,darkgreen
SLITRK5,darkgreen
SMIM19,darkgreen
SMIM23,darkgreen
SMNDC1,darkgreen
SNORA57,darkgreen
SNORA6,darkgreen
SNRNP27,darkgreen
SNTB2,darkgreen
SNTG1,darkgreen
SNW1,darkgreen
SNX10,darkgreen
SOCS2,darkgreen
SORCS2,darkgreen
SOS2,darkgreen
SOX2OT,darkgreen
SP4,darkgreen
SPHKAP,darkgreen
SPINK1,darkgreen
SPRY1,darkgreen
SQLE,darkgreen
SRL,darkgreen
SSBP1,darkgreen
SSBP2,darkgreen
ST3GAL5,darkgreen
ST8SIA4,darkgreen
STARD9,darkgreen
STRN3,darkgreen
SUV420H2,darkgreen
SYNE2,darkgreen
T,darkgreen
TAF11,darkgreen
TAF13,darkgreen
TAF2,darkgreen
TAGLN,darkgreen
TBC1D14,darkgreen
TDH,darkgreen
TEX10,darkgreen
TFG,darkgreen
TFPI,darkgreen
TGIF1,darkgreen
THOP1,darkgreen
TIPIN,darkgreen
TIRAP,darkgreen
TLL2,darkgreen
TMEM100,darkgreen
TMEM144,darkgreen
TMEM184C,darkgreen
TMEM192,darkgreen
TMEM218,darkgreen
TMEM229B,darkgreen
TMEM261,darkgreen
TMEM43,darkgreen
TMEM79,darkgreen
TMOD3,darkgreen
TNFAIP6,darkgreen
TNNI3K,darkgreen
TNRC6B,darkgreen
TPI1,darkgreen
TPPP,darkgreen
TRA2A,darkgreen
TRAFD1,darkgreen
TRIM17,darkgreen
TRIM24,darkgreen
TRIM31,darkgreen
TRIM67,darkgreen
TRPM7,darkgreen
TSHZ3,darkgreen
TSPAN14,darkgreen
TSPAN9,darkgreen
TSPYL1,darkgreen
TTLL5,darkgreen
TUBA1C,darkgreen
TUBB,darkgreen
TXN2,darkgreen
TXNRD2,darkgreen
UBAP1,darkgreen
UBE2D1,darkgreen
UBE2D2,darkgreen
UBE2Q2,darkgreen
UBE2W,darkgreen
UBE4B,darkgreen
UBR4,darkgreen
UBTF,darkgreen
ULK1,darkgreen
UNC84A,darkgreen
UQCRC2,darkgreen
USH1C,darkgreen
USP47,darkgreen
USP54,darkgreen
VAV3,darkgreen
VKORC1,darkgreen
VPS37C,darkgreen
VWDE,darkgreen
WASL,darkgreen
WDR53,darkgreen
WDR60,darkgreen
WDR64,darkgreen
WNT3A,darkgreen
WNT5A,darkgreen
WNT7B,darkgreen
WRAP53,darkgreen
WWTR1,darkgreen
XRCC4,darkgreen
YIPF2,darkgreen
ZBTB8A,darkgreen
ZC3H3,darkgreen
ZC3HAV1,darkgreen
ZEB2-AS1,darkgreen
ZFHX3,darkgreen
ZFYVE26,darkgreen
ZNF133,darkgreen
ZNF148,darkgreen
ZNF23,darkgreen
ZNF251,darkgreen
ZNF292,darkgreen
ZNF331,darkgreen
ZNF337,darkgreen
ZNF557,darkgreen
ZNF613,darkgreen
ZNF649,darkgreen
ZNF664,darkgreen
ZNF782,darkgreen
ZNF805,darkgreen
ZUFSP,darkgreen
AAK1,darkgrey
AAMP,darkgrey
AARS,darkgrey
AASDHPPT,darkgrey
AATF,darkgrey
ABCA17P,darkgrey
ABCA5,darkgrey
ABCD2,darkgrey
ABCF2,darkgrey
ABCG1,darkgrey
ABHD14B,darkgrey
ABHD2,darkgrey
ABHD8,darkgrey
ABR,darkgrey
ABTB2,darkgrey
ACAA1,darkgrey
ACADM,darkgrey
ACAT1,darkgrey
ACBD3,darkgrey
ACBD4,darkgrey
ACHE,darkgrey
ACOT7,darkgrey
ACOX1,darkgrey
ACP1,darkgrey
ACSL1,darkgrey
ACSL5,darkgrey
ACSS1,darkgrey
ACTN3,darkgrey
ACTR3C,darkgrey
ACTR6,darkgrey
ADAL,darkgrey
ADAM10,darkgrey
ADAM22,darkgrey
ADAM23,darkgrey
ADAMTS13,darkgrey
ADAMTS2,darkgrey
ADAMTS3,darkgrey
ADAMTSL3,darkgrey
ADARB2,darkgrey
ADC,darkgrey
ADCK4,darkgrey
ADCY3,darkgrey
ADCY9,darkgrey
ADCYAP1,darkgrey
ADD1,darkgrey
ADD2,darkgrey
ADHFE1,darkgrey
ADIPOR2,darkgrey
ADK,darkgrey
ADRB2,darkgrey
ADSSL1,darkgrey
AES,darkgrey
AFTPH,darkgrey
AGBL3,darkgrey
AGK,darkgrey
AGPHD1,darkgrey
AHDC1,darkgrey
AHRR,darkgrey
AIDA,darkgrey
AIG1,darkgrey
AKAP13,darkgrey
AKD1,darkgrey
AKIRIN1,darkgrey
AKR1B1,darkgrey
AKT1S1,darkgrey
AKTIP,darkgrey
ALCAM,darkgrey
ALDH1L2,darkgrey
ALDH7A1,darkgrey
ALG3,darkgrey
ALG9,darkgrey
ALK,darkgrey
ALPK1,darkgrey
AMACR,darkgrey
AMBRA1,darkgrey
AMD1,darkgrey
AMDHD2,darkgrey
AMOTL2,darkgrey
ANAPC7,darkgrey
ANGEL2,darkgrey
ANGPT2,darkgrey
ANK2,darkgrey
ANK3,darkgrey
ANKH,darkgrey
ANKRD10,darkgrey
ANKRD13B,darkgrey
ANKRD13D,darkgrey
ANKRD16,darkgrey
ANKRD27,darkgrey
ANKRD28,darkgrey
ANKRD29,darkgrey
ANKRD37,darkgrey
ANKRD40,darkgrey
ANKRD42,darkgrey
ANKS1B,darkgrey
ANP32A,darkgrey
ANPEP,darkgrey
ANXA4,darkgrey
ANXA7,darkgrey
AP1AR,darkgrey
AP1G1,darkgrey
AP2A1,darkgrey
AP2A2,darkgrey
AP3B2,darkgrey
AP4B1,darkgrey
AP4M1,darkgrey
AP4S1,darkgrey
APITD1-CORT,darkgrey
APOA1BP,darkgrey
APPBP2,darkgrey
APPL2,darkgrey
AQP11,darkgrey
ARAP1,darkgrey
ARCN1,darkgrey
ARF6,darkgrey
ARFGEF1,darkgrey
ARHGAP1,darkgrey
ARHGAP21,darkgrey
ARHGAP42,darkgrey
ARHGDIA,darkgrey
ARHGEF10L,darkgrey
ARHGEF11,darkgrey
ARHGEF12,darkgrey
ARHGEF3,darkgrey
ARHGEF4,darkgrey
ARHGEF7,darkgrey
ARID1B,darkgrey
ARID3A,darkgrey
ARID4B,darkgrey
ARID5B,darkgrey
ARL13B,darkgrey
ARL15,darkgrey
ARL5A,darkgrey
ARL6IP1,darkgrey
ARL9,darkgrey
ARMC1,darkgrey
ARNT2,darkgrey
ARPC2,darkgrey
ARPC4,darkgrey
ARPC5,darkgrey
ARRB2,darkgrey
ARSB,darkgrey
ASB18,darkgrey
ASPH,darkgrey
ASRGL1,darkgrey
ATAD2B,darkgrey
ATE1,darkgrey
ATF6,darkgrey
ATF7,darkgrey
ATF7IP,darkgrey
ATM,darkgrey
ATOH8,darkgrey
ATP10D,darkgrey
ATP13A2,darkgrey
ATP1A1,darkgrey
ATP2C1,darkgrey
ATP5E,darkgrey
ATP5G3,darkgrey
ATP6V0A2,darkgrey
ATP6V1C1,darkgrey
ATP8A1,darkgrey
ATP8B3,darkgrey
ATP9B,darkgrey
ATPIF1,darkgrey
ATXN1,darkgrey
AXIN2,darkgrey
AXL,darkgrey
AZIN1,darkgrey
B3GAT3,darkgrey
B4GALNT1,darkgrey
B4GALT4,darkgrey
BACH1,darkgrey
BAG2,darkgrey
BAHD1,darkgrey
BAIAP2,darkgrey
BAIAP2L1,darkgrey
BAT2,darkgrey
BAT3,darkgrey
BAT4,darkgrey
BAT5,darkgrey
BAZ1A,darkgrey
BAZ2B,darkgrey
BBS2,darkgrey
BBX,darkgrey
BCAP29,darkgrey
BCAT1,darkgrey
BCCIP,darkgrey
BCL11A,darkgrey
BCL2,darkgrey
BCL6,darkgrey
BDKRB2,darkgrey
BDNF,darkgrey
BDP1,darkgrey
BEND6,darkgrey
BHLHE23,darkgrey
BICD1,darkgrey
BIRC3,darkgrey
BLCAP,darkgrey
BLOC1S2,darkgrey
BLZF1,darkgrey
BMP2K,darkgrey
BMP6,darkgrey
BMPR2,darkgrey
BNIP2,darkgrey
BOD1,darkgrey
BPHL,darkgrey
BRD7,darkgrey
BRD8,darkgrey
BRE,darkgrey
BRINP1,darkgrey
BRINP2,darkgrey
BRIP1,darkgrey
BRP44L,darkgrey
BRPF3,darkgrey
BRSK1,darkgrey
BRSK2,darkgrey
BRUNOL4,darkgrey
BSDC1,darkgrey
BTBD1,darkgrey
BTN2A1,darkgrey
BTRC,darkgrey
BUD31,darkgrey
BYSL,darkgrey
BZW2,darkgrey
C10ORF11,darkgrey
C10ORF125,darkgrey
C10ORF35,darkgrey
C10ORF41,darkgrey
C10ORF46,darkgrey
C10ORF84,darkgrey
C10ORF88,darkgrey
C10ORF95,darkgrey
C11ORF54,darkgrey
C11ORF58,darkgrey
C11ORF61,darkgrey
C11ORF64,darkgrey
C11ORF65,darkgrey
C11ORF72,darkgrey
C12ORF41,darkgrey
C12ORF45,darkgrey
C12ORF48,darkgrey
C12ORF72,darkgrey
C13ORF27,darkgrey
C13ORF38,darkgrey
C14ORF133,darkgrey
C14ORF156,darkgrey
C14ORF39,darkgrey
C14ORF80,darkgrey
C14ORF93,darkgrey
C15ORF41,darkgrey
C16ORF13,darkgrey
C16ORF55,darkgrey
C16ORF86,darkgrey
C17ORF100,darkgrey
C17ORF69,darkgrey
C17ORF81,darkgrey
C17ORF91,darkgrey
C18ORF45,darkgrey
C19ORF25,darkgrey
C19ORF28,darkgrey
C19ORF48,darkgrey
C19ORF81,darkgrey
C1D,darkgrey
C1ORF128,darkgrey
C1ORF144,darkgrey
C1ORF159,darkgrey
C1ORF198,darkgrey
C1ORF230,darkgrey
C1ORF51,darkgrey
C1ORF56,darkgrey
C1ORF77,darkgrey
C1ORF9,darkgrey
C1QTNF2,darkgrey
C20ORF111,darkgrey
C21ORF33,darkgrey
C21ORF59,darkgrey
C22ORF28,darkgrey
C2CD2L,darkgrey
C2ORF15,darkgrey
C2ORF29,darkgrey
C2ORF52,darkgrey
C2ORF60,darkgrey
C2ORF63,darkgrey
C2ORF68,darkgrey
C2ORF76,darkgrey
C3ORF17,darkgrey
C3ORF24,darkgrey
C3ORF31,darkgrey
C3ORF38,darkgrey
C4ORF27,darkgrey
C4ORF33,darkgrey
C5ORF30,darkgrey
C5ORF33,darkgrey
C5ORF34,darkgrey
C5ORF38,darkgrey
C6ORF173,darkgrey
C6ORF204,darkgrey
C6ORF211,darkgrey
C6ORF217,darkgrey
C6ORF226,darkgrey
C6ORF47,darkgrey
C6ORF48,darkgrey
C6ORF52,darkgrey
C6ORF70,darkgrey
C6ORF89,darkgrey
C7ORF23,darkgrey
C7ORF50,darkgrey
C7ORF73,darkgrey
C8ORF40,darkgrey
C8ORF56,darkgrey
C8ORF73,darkgrey
C8ORF79,darkgrey
C9ORF3,darkgrey
C9ORF43,darkgrey
C9ORF78,darkgrey
C9ORF89,darkgrey
CA2,darkgrey
CA3-AS1,darkgrey
CABLES2,darkgrey
CACHD1,darkgrey
CACNA1B,darkgrey
CACNA2D2,darkgrey
CACNB2,darkgrey
CACNB4,darkgrey
CACNG6,darkgrey
CADM1,darkgrey
CALB1,darkgrey
CALB2,darkgrey
CALCB,darkgrey
CALM1,darkgrey
CALU,darkgrey
CAMK2B,darkgrey
CAMK2D,darkgrey
CAMTA1,darkgrey
CAND1,darkgrey
CAND2,darkgrey
CANX,darkgrey
CAPN10,darkgrey
CAPN10-AS1,darkgrey
CAPRIN1,darkgrey
CAPZB,darkgrey
CASC2,darkgrey
CASKIN1,darkgrey
CASP7,darkgrey
CASQ1,darkgrey
CASR,darkgrey
CAST,darkgrey
CAV1,darkgrey
CBFA2T2,darkgrey
CBFB,darkgrey
CBLB,darkgrey
CBLL1,darkgrey
CBLN2,darkgrey
CBR3,darkgrey
CBX3,darkgrey
CBX5,darkgrey
CBX6,darkgrey
CBX7,darkgrey
CC2D1B,darkgrey
CCDC108,darkgrey
CCDC109A,darkgrey
CCDC112,darkgrey
CCDC12,darkgrey
CCDC134,darkgrey
CCDC14,darkgrey
CCDC25,darkgrey
CCDC28A,darkgrey
CCDC39,darkgrey
CCDC40,darkgrey
CCDC6,darkgrey
CCDC60,darkgrey
CCDC64,darkgrey
CCDC77,darkgrey
CCDC88C,darkgrey
CCDC9,darkgrey
CCDC90B,darkgrey
CCDC93,darkgrey
CCDC99,darkgrey
CCHCR1,darkgrey
CCK,darkgrey
CCNB1IP1,darkgrey
CCND2,darkgrey
CCT2,darkgrey
CCT4,darkgrey
CD200R1,darkgrey
CD27-AS1,darkgrey
CD38,darkgrey
CDC123,darkgrey
CDC23,darkgrey
CDC25B,darkgrey
CDC37L1-AS1,darkgrey
CDC42BPA,darkgrey
CDC42EP2,darkgrey
CDC42SE2,darkgrey
CDC73,darkgrey
CDH18,darkgrey
CDH22,darkgrey
CDH7,darkgrey
CDH8,darkgrey
CDK12,darkgrey
CDK2,darkgrey
CDK2AP2,darkgrey
CDK5,darkgrey
CDK7,darkgrey
CDKL1,darkgrey
CDKN1B,darkgrey
CDKN2A,darkgrey
CDKN2D,darkgrey
CDKN3,darkgrey
CDS2,darkgrey
CDV3,darkgrey
CENPE,darkgrey
CENPF,darkgrey
CENPJ,darkgrey
CENPO,darkgrey
CEP55,darkgrey
CEP97,darkgrey
CEPT1,darkgrey
CERK,darkgrey
CFAP221,darkgrey
CFAP54,darkgrey
CFL2,darkgrey
CFLAR,darkgrey
CFTR,darkgrey
CHCHD3,darkgrey
CHCHD6,darkgrey
CHD7,darkgrey
CHEK1,darkgrey
CHERP,darkgrey
CHFR,darkgrey
CHMP6,darkgrey
CHMP7,darkgrey
CHN1,darkgrey
CHPF2,darkgrey
CHRM3,darkgrey
CHRNA1,darkgrey
CHRNA3,darkgrey
CHRNB4,darkgrey
CHST3,darkgrey
CIAO1,darkgrey
CIART,darkgrey
CIITA,darkgrey
CIPC,darkgrey
CIR1,darkgrey
CITED2,darkgrey
CKAP2,darkgrey
CKAP4,darkgrey
CLASP2,darkgrey
CLCN3,darkgrey
CLDN10,darkgrey
CLDND2,darkgrey
CLIP1,darkgrey
CLK3,darkgrey
CLK4,darkgrey
CLOCK,darkgrey
CLP1,darkgrey
CLPX,darkgrey
CLVS2,darkgrey
CMTM3,darkgrey
CMTM7,darkgrey
CNBP,darkgrey
CNP,darkgrey
CNPY3,darkgrey
CNR2,darkgrey
CNTD2,darkgrey
CNTN5,darkgrey
CNTRL,darkgrey
COG1,darkgrey
COL27A1,darkgrey
COL4A3,darkgrey
COL8A1,darkgrey
COMMD5,darkgrey
COMP,darkgrey
COPS3,darkgrey
COPS5,darkgrey
COPS7A,darkgrey
COQ5,darkgrey
CORO1C,darkgrey
COX16,darkgrey
COX4NB,darkgrey
COX5B,darkgrey
COX7A2L,darkgrey
COX7C,darkgrey
CPAMD8,darkgrey
CPEB4,darkgrey
CPLX1,darkgrey
CPLX2,darkgrey
CPOX,darkgrey
CPSF1,darkgrey
CPT1A,darkgrey
CR1,darkgrey
CRB1,darkgrey
CREB3,darkgrey
CREB3L2,darkgrey
CREB5,darkgrey
CREBRF,darkgrey
CREBZF,darkgrey
CREG2,darkgrey
CRIM1,darkgrey
CRLF1,darkgrey
CRLS1,darkgrey
CRTC1,darkgrey
CRY1,darkgrey
CRYAB,darkgrey
CRYBB2P1,darkgrey
CRYL1,darkgrey
CRYM,darkgrey
CSAD,darkgrey
CSF1,darkgrey
CSMD3,darkgrey
CSNK1A1,darkgrey
CSNK1G1,darkgrey
CSNK2A2,darkgrey
CSRNP2,darkgrey
CST3,darkgrey
CTBP2,darkgrey
CTH,darkgrey
CTNND2,darkgrey
CTNS,darkgrey
CTSD,darkgrey
CTU2,darkgrey
CUEDC2,darkgrey
CUGBP1,darkgrey
CUTA,darkgrey
CUX1,darkgrey
CWF19L1,darkgrey
CXCL5,darkgrey
CXXC5,darkgrey
CYB5R4,darkgrey
CYBRD1,darkgrey
CYHR1,darkgrey
CYP1A1,darkgrey
CYP27A1,darkgrey
CYP2J2,darkgrey
CYP46A1,darkgrey
CYSTM1,darkgrey
CYYR1,darkgrey
DAAM1,darkgrey
DAG1,darkgrey
DAGLA,darkgrey
DAGLB,darkgrey
DAPK2,darkgrey
DAXX,darkgrey
DAZAP2,darkgrey
DBC1,darkgrey
DBI,darkgrey
DBR1,darkgrey
DBT,darkgrey
DBX1,darkgrey
DBX2,darkgrey
DCAF13,darkgrey
DCAF5,darkgrey
DCAF6,darkgrey
DCAF8,darkgrey
DCDC1,darkgrey
DCLRE1A,darkgrey
DCXR,darkgrey
DDA1,darkgrey
DDAH1,darkgrey
DDAH2,darkgrey
DDI2,darkgrey
DDN,darkgrey
DDX18,darkgrey
DDX24,darkgrey
DDX25,darkgrey
DDX42,darkgrey
DDX52,darkgrey
DENND2C,darkgrey
DENND3,darkgrey
DERL1,darkgrey
DGAT1,darkgrey
DGCR14,darkgrey
DGKA,darkgrey
DGUOK,darkgrey
DHCR24,darkgrey
DHODH,darkgrey
DHRS7B,darkgrey
DHX15,darkgrey
DHX37,darkgrey
DIAPH1,darkgrey
DIAPH3,darkgrey
DICER1,darkgrey
DIP2A,darkgrey
DIP2B,darkgrey
DIP2C,darkgrey
DIXDC1,darkgrey
DKK3,darkgrey
DLC1,darkgrey
DLEU1,darkgrey
DLEU2,darkgrey
DLG2,darkgrey
DLG4,darkgrey
DLGAP1-AS2,darkgrey
DLGAP5,darkgrey
DLX5,darkgrey
DMRT1,darkgrey
DMTF1,darkgrey
DNAH11,darkgrey
DNAJA2,darkgrey
DNAJA3,darkgrey
DNAJB4,darkgrey
DNAJB6,darkgrey
DNAJC21,darkgrey
DNAJC9,darkgrey
DOC2A,darkgrey
DOCK4,darkgrey
DOCK7,darkgrey
DOK5,darkgrey
DOLK,darkgrey
DPH5,darkgrey
DPM3,darkgrey
DPP6,darkgrey
DPP8,darkgrey
DPY30,darkgrey
DPYD,darkgrey
DPYSL2,darkgrey
DPYSL3,darkgrey
DRD3,darkgrey
DRGX,darkgrey
DSE,darkgrey
DSN1,darkgrey
DSP,darkgrey
DST,darkgrey
DSTN,darkgrey
DTD2,darkgrey
DTWD1,darkgrey
DUOX2,darkgrey
DUS3L,darkgrey
DUSP19,darkgrey
DUSP2,darkgrey
DUSP22,darkgrey
DUSP27,darkgrey
DUSP28,darkgrey
DUSP6,darkgrey
DUT,darkgrey
DYM,darkgrey
DYNC1LI1,darkgrey
DYNLL1,darkgrey
EARS2,darkgrey
EBAG9,darkgrey
EBF2,darkgrey
ECE2,darkgrey
ECT2,darkgrey
EDEM2,darkgrey
EDEM3,darkgrey
EDIL3,darkgrey
EDNRB,darkgrey
EEF1DP3,darkgrey
EEF2,darkgrey
EEF2KMT,darkgrey
EFCAB14,darkgrey
EFCAB5,darkgrey
EFCAB6,darkgrey
EFNB2,darkgrey
EFR3A,darkgrey
EFR3B,darkgrey
EGLN1,darkgrey
EGR3,darkgrey
EHBP1,darkgrey
EHD1,darkgrey
EID2,darkgrey
EIF1,darkgrey
EIF2A,darkgrey
EIF2AK4,darkgrey
EIF2B4,darkgrey
EIF2C1,darkgrey
EIF2C2,darkgrey
EIF2S2,darkgrey
EIF3B,darkgrey
EIF3L,darkgrey
EIF4B,darkgrey
EIF4E,darkgrey
EIF4E3,darkgrey
EIF4EBP1,darkgrey
EIF4EBP2,darkgrey
EIF4EBP3,darkgrey
EIF4G2,darkgrey
ELF2,darkgrey
ELK3,darkgrey
ELL,darkgrey
ELMO1,darkgrey
ELOVL1,darkgrey
ELOVL5,darkgrey
ELOVL6,darkgrey
EME2,darkgrey
EMILIN2,darkgrey
EML6,darkgrey
EMX1,darkgrey
EN1,darkgrey
ENAH,darkgrey
ENDOG,darkgrey
ENO4,darkgrey
ENPP2,darkgrey
ENSA,darkgrey
ENTPD5,darkgrey
ENTPD6,darkgrey
EP300,darkgrey
EP400NL,darkgrey
EPB41L4A,darkgrey
EPC1,darkgrey
EPHA1,darkgrey
EPHB1,darkgrey
EPHX1,darkgrey
EPRS,darkgrey
ERCC2,darkgrey
ERCC5,darkgrey
ERGIC1,darkgrey
ERI1,darkgrey
ERI3,darkgrey
ERICH6,darkgrey
ERMP1,darkgrey
ERN1,darkgrey
ERRFI1,darkgrey
ESF1,darkgrey
ESRRA,darkgrey
ESRRG,darkgrey
ETFB,darkgrey
ETNK2,darkgrey
ETV6,darkgrey
EXD2,darkgrey
EXO1,darkgrey
EXOSC9,darkgrey
EXT2,darkgrey
EYA3,darkgrey
EYA4,darkgrey
FABP6,darkgrey
FAH,darkgrey
FAM100A,darkgrey
FAM107B,darkgrey
FAM110C,darkgrey
FAM117A,darkgrey
FAM131C,darkgrey
FAM134A,darkgrey
FAM134B,darkgrey
FAM135A,darkgrey
FAM151B,darkgrey
FAM160A2,darkgrey
FAM160B1,darkgrey
FAM165B,darkgrey
FAM172A,darkgrey
FAM174A,darkgrey
FAM175B,darkgrey
FAM178A,darkgrey
FAM183A,darkgrey
FAM189A1,darkgrey
FAM192A,darkgrey
FAM193B,darkgrey
FAM195A,darkgrey
FAM195B,darkgrey
FAM19A2,darkgrey
FAM19A4,darkgrey
FAM229B,darkgrey
FAM59B,darkgrey
FAM63A,darkgrey
FAM65B,darkgrey
FAM73B,darkgrey
FAM81A,darkgrey
FAM82B,darkgrey
FAM84B,darkgrey
FAM96A,darkgrey
FAM98A,darkgrey
FANCD2OS,darkgrey
FANCG,darkgrey
FARSB,darkgrey
FAT4,darkgrey
FBXL12,darkgrey
FBXL15,darkgrey
FBXL6,darkgrey
FBXL7,darkgrey
FBXO2,darkgrey
FBXO21,darkgrey
FBXO30,darkgrey
FBXO33,darkgrey
FBXO4,darkgrey
FBXO42,darkgrey
FBXO47,darkgrey
FBXO8,darkgrey
FBXO9,darkgrey
FBXW11,darkgrey
FBXW8,darkgrey
FDFT1,darkgrey
FDPS,darkgrey
FECH,darkgrey
FERMT2,darkgrey
FEV,darkgrey
FEZ1,darkgrey
FGD6,darkgrey
FGF14,darkgrey
FGF3,darkgrey
FGFR1OP,darkgrey
FGFRL1,darkgrey
FHOD3,darkgrey
FIBCD1,darkgrey
FITM2,darkgrey
FKBP2,darkgrey
FKBP3,darkgrey
FKBPL,darkgrey
FLCN,darkgrey
FLJ22536,darkgrey
FLJ26850,darkgrey
FLJ39653,darkgrey
FLJ45983,darkgrey
FLOT1,darkgrey
FLVCR1,darkgrey
FLYWCH1,darkgrey
FMN2,darkgrey
FMO4,darkgrey
FNBP4,darkgrey
FNDC3B,darkgrey
FOXB1,darkgrey
FOXC1,darkgrey
FOXC2,darkgrey
FOXG1,darkgrey
FOXK2,darkgrey
FOXL2,darkgrey
FOXRED1,darkgrey
FOXRED2,darkgrey
FREQ,darkgrey
FRMD3,darkgrey
FRMD4A,darkgrey
FRMD8,darkgrey
FRS3,darkgrey
FSBP,darkgrey
FSCN1,darkgrey
FSD1,darkgrey
FST,darkgrey
FTSJ3,darkgrey
FUBP1,darkgrey
FUCA1,darkgrey
FUK,darkgrey
FUZ,darkgrey
FZD1,darkgrey
G3BP1,darkgrey
GAA,darkgrey
GABPB1-AS1,darkgrey
GABPB2,darkgrey
GABRA2,darkgrey
GABRG1,darkgrey
GAD1,darkgrey
GADD45A,darkgrey
GADD45B,darkgrey
GADD45GIP1,darkgrey
GALNT2,darkgrey
GALNT9,darkgrey
GALR1,darkgrey
GANAB,darkgrey
GAP43,darkgrey
GAPDHS,darkgrey
GAR1,darkgrey
GAS2,darkgrey
GATA5,darkgrey
GATAD2B,darkgrey
GBAP1,darkgrey
GBX2,darkgrey
GCNT1,darkgrey
GDNF,darkgrey
GEMIN2,darkgrey
GFI1,darkgrey
GGH,darkgrey
GHITM,darkgrey
GHR,darkgrey
GINS2,darkgrey
GIT1,darkgrey
GLIPR1L1,darkgrey
GLRX5,darkgrey
GLS,darkgrey
GLUL,darkgrey
GMEB2,darkgrey
GNAI2,darkgrey
GNAO1,darkgrey
GNB2,darkgrey
GNB4,darkgrey
GNG4,darkgrey
GNL2,darkgrey
GNPDA1,darkgrey
GNS,darkgrey
GOLGA5,darkgrey
GOLGA7B,darkgrey
GOSR1,darkgrey
GPATCH1,darkgrey
GPATCH2L,darkgrey
GPATCH4,darkgrey
GPHN,darkgrey
GPM6A,darkgrey
GPN2,darkgrey
GPN3,darkgrey
GPR124,darkgrey
GPR137B,darkgrey
GPR155,darkgrey
GPR160,darkgrey
GPR3,darkgrey
GPR6,darkgrey
GPRC5A,darkgrey
GPRC5B,darkgrey
GRIA2,darkgrey
GRIA4,darkgrey
GRID1,darkgrey
GRIN2A,darkgrey
GRK5,darkgrey
GRP,darkgrey
GRSF1,darkgrey
GRWD1,darkgrey
GSC2,darkgrey
GSK3A,darkgrey
GSN,darkgrey
GSR,darkgrey
GSTA4,darkgrey
GSTM3,darkgrey
GTF2A1,darkgrey
GTF2E1,darkgrey
GTF2H1,darkgrey
GTF2H4,darkgrey
GTF2H5,darkgrey
GULP1,darkgrey
GXYLT2,darkgrey
H2AFJ,darkgrey
H2AFX,darkgrey
H2AFZ,darkgrey
HABP4,darkgrey
HACL1,darkgrey
HADHB,darkgrey
HAND2,darkgrey
HAUS8,darkgrey
HBP1,darkgrey
HCCA2,darkgrey
HCN2,darkgrey
HDAC4,darkgrey
HDLBP,darkgrey
HECTD1,darkgrey
HELQ,darkgrey
HEXA,darkgrey
HEXDC,darkgrey
HEXIM1,darkgrey
HEY1,darkgrey
HHLA3,darkgrey
HIBADH,darkgrey
HIGD1A,darkgrey
HINT1,darkgrey
HIPK1,darkgrey
HIST1H1E,darkgrey
HIST1H2AI,darkgrey
HIST1H2AM,darkgrey
HIST1H2BC,darkgrey
HIST1H2BD,darkgrey
HIST1H3B,darkgrey
HIST1H3G,darkgrey
HIST1H3I,darkgrey
HIST1H4C,darkgrey
HIST2H2AC,darkgrey
HIST3H2BB,darkgrey
HIVEP1,darkgrey
HIVEP3,darkgrey
HJURP,darkgrey
HLA-A,darkgrey
HLCS,darkgrey
HM13,darkgrey
HMBS,darkgrey
HMG20A,darkgrey
HMGA2,darkgrey
HMGB2,darkgrey
HNRNPA1,darkgrey
HNRNPF,darkgrey
HNRPLL,darkgrey
HOMER1,darkgrey
HOPX,darkgrey
HORMAD2,darkgrey
HOXA10,darkgrey
HOXA3,darkgrey
HOXB13,darkgrey
HOXC4,darkgrey
HOXD1,darkgrey
HOXD13,darkgrey
HP1BP3,darkgrey
HPD,darkgrey
HPGD,darkgrey
HPSE2,darkgrey
HR,darkgrey
HRNBP3,darkgrey
HSD17B4,darkgrey
HSPA1A,darkgrey
HSPA1B,darkgrey
HSPA1L,darkgrey
HSPC072,darkgrey
HSPD1,darkgrey
HTATIP2,darkgrey
HTR1A,darkgrey
HTR7P,darkgrey
HTRA2,darkgrey
HYAL2,darkgrey
HYOU1,darkgrey
ICK,darkgrey
ID1,darkgrey
ID2,darkgrey
ID3,darkgrey
IDI1,darkgrey
IER2,darkgrey
IFIT3,darkgrey
IFT57,darkgrey
IFT74,darkgrey
IFT80,darkgrey
IGF2BP1,darkgrey
IGFBP5,darkgrey
IKBKAP,darkgrey
IKBKE,darkgrey
IKZF1,darkgrey
IKZF2,darkgrey
IL16,darkgrey
IL17D,darkgrey
IL1RAP,darkgrey
IL20RA,darkgrey
ILVBL,darkgrey
IMMT,darkgrey
IMPDH1,darkgrey
ING1,darkgrey
ING3,darkgrey
ING5,darkgrey
INIP,darkgrey
INO80B-WBP1,darkgrey
INO80C,darkgrey
INO80E,darkgrey
INPP5A,darkgrey
INSM1,darkgrey
INTS3,darkgrey
INTS4,darkgrey
INTS9,darkgrey
IP6K2,darkgrey
IPO13,darkgrey
IPO9,darkgrey
IRAK3,darkgrey
IRF2BP2,darkgrey
IRF4,darkgrey
IRX5,darkgrey
ISG15,darkgrey
ISL1,darkgrey
ISLR2,darkgrey
ISOC1,darkgrey
ISPD,darkgrey
IST1,darkgrey
ITFG2,darkgrey
ITGA2,darkgrey
ITGB3,darkgrey
ITM2C,darkgrey
IVNS1ABP,darkgrey
IWS1,darkgrey
JADE1,darkgrey
JARID2,darkgrey
JMJD1C,darkgrey
JMJD4,darkgrey
JPH1,darkgrey
JUN,darkgrey
KATNAL1,darkgrey
KATNB1,darkgrey
KAZALD1,darkgrey
KBTBD4,darkgrey
KBTBD8,darkgrey
KCMF1,darkgrey
KCNF1,darkgrey
KCNH1,darkgrey
KCNIP2,darkgrey
KCNK15,darkgrey
KCNK9,darkgrey
KCNMB4,darkgrey
KCNN1,darkgrey
KCNN2,darkgrey
KCNQ1,darkgrey
KCNQ1DN,darkgrey
KCNV1,darkgrey
KCTD13,darkgrey
KCTD19,darkgrey
KCTD7,darkgrey
KDM2B,darkgrey
KDM4C,darkgrey
KIAA0040,darkgrey
KIAA0415,darkgrey
KIAA0495,darkgrey
KIAA0586,darkgrey
KIAA0664,darkgrey
KIAA0907,darkgrey
KIAA0947,darkgrey
KIAA1012,darkgrey
KIAA1217,darkgrey
KIAA1279,darkgrey
KIAA1383,darkgrey
KIAA1409,darkgrey
KIAA1456,darkgrey
KIAA1524,darkgrey
KIAA1530,darkgrey
KIAA1632,darkgrey
KIAA1712,darkgrey
KIAA1919,darkgrey
KIAA1984,darkgrey
KIF11,darkgrey
KIF13B,darkgrey
KIF14,darkgrey
KIF17,darkgrey
KIF20B,darkgrey
KIF21B,darkgrey
KIF7,darkgrey
KIF9,darkgrey
KIFC3,darkgrey
KIRREL,darkgrey
KLC2,darkgrey
KLF5,darkgrey
KLF9,darkgrey
KLHDC2,darkgrey
KLHDC5,darkgrey
KLHDC8B,darkgrey
KLHL22,darkgrey
KLHL35,darkgrey
KLHL5,darkgrey
KLHL9,darkgrey
KLK13,darkgrey
KLK15,darkgrey
KNTC1,darkgrey
KPNA6,darkgrey
KRAS,darkgrey
KRI1,darkgrey
LAMA2,darkgrey
LAMP3,darkgrey
LARP7,darkgrey
LARS2,darkgrey
LAYN,darkgrey
LBR,darkgrey
LBX2,darkgrey
LCLAT1,darkgrey
LDHB,darkgrey
LEKR1,darkgrey
LEMD2,darkgrey
LENG8,darkgrey
LEPR,darkgrey
LEPROTL1,darkgrey
LETMD1,darkgrey
LGALS3,darkgrey
LGI3,darkgrey
LHFPL5,darkgrey
LHX3,darkgrey
LHX9,darkgrey
LIAS,darkgrey
LIMD1,darkgrey
LIMS2,darkgrey
LIN28B,darkgrey
LINC00301,darkgrey
LINC00475,darkgrey
LINC01096,darkgrey
LINC01534,darkgrey
LINC01594,darkgrey
LLGL1,darkgrey
LMF1,darkgrey
LMO4,darkgrey
LMX1A,darkgrey
LNPEP,darkgrey
LOC100128164,darkgrey
LOC100128239,darkgrey
LOC100128542,darkgrey
LOC100128731,darkgrey
LOC100128770,darkgrey
LOC100128811,darkgrey
LOC100130987,darkgrey
LOC100133985,darkgrey
LOC100270710,darkgrey
LOC100289495,darkgrey
LOC100294362,darkgrey
LOC100499484-C9ORF174,darkgrey
LOC100996654,darkgrey
LOC101929147,darkgrey
LOC101929431,darkgrey
LOC102723701,darkgrey
LOC105378732,darkgrey
LOC145845,darkgrey
LOC148824,darkgrey
LOC150381,darkgrey
LOC282997,darkgrey
LOC284009,darkgrey
LOC284080,darkgrey
LOC284294,darkgrey
LOC285550,darkgrey
LOC285692,darkgrey
LOC285847,darkgrey
LOC400027,darkgrey
LOC401397,darkgrey
LOC550112,darkgrey
LOC642846,darkgrey
LOC648987,darkgrey
LOC652276,darkgrey
LOC729991-MEF2B,darkgrey
LOC81691,darkgrey
LOH12CR2,darkgrey
LPAR2,darkgrey
LRCH3,darkgrey
LRFN3,darkgrey
LRP1,darkgrey
LRP2,darkgrey
LRP6,darkgrey
LRPPRC,darkgrey
LRRC1,darkgrey
LRRC28,darkgrey
LRRC31,darkgrey
LRRC49,darkgrey
LRRC4B,darkgrey
LRRC8B,darkgrey
LRRC8D,darkgrey
LRRCC1,darkgrey
LRRIQ1,darkgrey
LRRTM4,darkgrey
LSAMP,darkgrey
LSG1,darkgrey
LSM14A,darkgrey
LSM2,darkgrey
LSM5,darkgrey
LSP1,darkgrey
LTB,darkgrey
LTBP4,darkgrey
LUC7L2,darkgrey
LVCAT5,darkgrey
LY6G5C,darkgrey
LYPD5,darkgrey
LYPD6B,darkgrey
LYPLA2,darkgrey
LYRM4,darkgrey
LYRM5,darkgrey
LYRM9,darkgrey
LYSMD4,darkgrey
LZTFL1,darkgrey
MACF1,darkgrey
MACROD1,darkgrey
MAD1L1,darkgrey
MAD2L1,darkgrey
MAD2L2,darkgrey
MAEA,darkgrey
MAGEF1,darkgrey
MAGI1,darkgrey
MAML1,darkgrey
MAML3,darkgrey
MAN1A2,darkgrey
MANEA,darkgrey
MAP2K3,darkgrey
MAP2K5,darkgrey
MAP3K7,darkgrey
MAP4,darkgrey
MAP4K2,darkgrey
MAP4K5,darkgrey
MAPK10,darkgrey
MAPK8IP1,darkgrey
MAPKAPK2,darkgrey
MAPRE2,darkgrey
MAR-04,darkgrey
MAR-07,darkgrey
MAR-09,darkgrey
MARCKS,darkgrey
MARS2,darkgrey
MAST1,darkgrey
MAST3,darkgrey
MAST4,darkgrey
MAT2B,darkgrey
MATR3,darkgrey
MAX,darkgrey
MBD1,darkgrey
MBD3,darkgrey
MBNL1,darkgrey
MBTPS1,darkgrey
MCFD2,darkgrey
MCRS1,darkgrey
MCTP1,darkgrey
MCU,darkgrey
MDGA1,darkgrey
MDH1B,darkgrey
MDM2,darkgrey
MDN1,darkgrey
MDS2,darkgrey
ME2,darkgrey
MECOM,darkgrey
MED18,darkgrey
MED24,darkgrey
MED25,darkgrey
MED28,darkgrey
MED7,darkgrey
MEGF9,darkgrey
MEIS2,darkgrey
MESDC2,darkgrey
METAP1,darkgrey
METAP2,darkgrey
METTL20,darkgrey
METTL3,darkgrey
METTL9,darkgrey
MFAP3,darkgrey
MFGE8,darkgrey
MGRN1,darkgrey
MIAT,darkgrey
MIB1,darkgrey
MICA,darkgrey
MIER3,darkgrey
MIF,darkgrey
MIR148A,darkgrey
MIR155HG,darkgrey
MIR196B,darkgrey
MIR346,darkgrey
MIR4792,darkgrey
MIR5009,darkgrey
MIR564,darkgrey
MIR574,darkgrey
MIR600,darkgrey
MIR663,darkgrey
MIR6737,darkgrey
MITF,darkgrey
MIXL1,darkgrey
MKX,darkgrey
MLH1,darkgrey
MLLT10,darkgrey
MLST8,darkgrey
MLXIP,darkgrey
MMD,darkgrey
MMD2,darkgrey
MMP16,darkgrey
MMP25,darkgrey
MMS19,darkgrey
MNAT1,darkgrey
MNS1,darkgrey
MNX1,darkgrey
MOCOS,darkgrey
MOGS,darkgrey
MON1A,darkgrey
MORC3,darkgrey
MORN5,darkgrey
MOSC2,darkgrey
MOSPD3,darkgrey
MPHOSPH10,darkgrey
MPHOSPH8,darkgrey
MPPE1,darkgrey
MPV17,darkgrey
MPZL3,darkgrey
MRC2,darkgrey
MRFAP1,darkgrey
MRGPRF,darkgrey
MRPL15,darkgrey
MRPL17,darkgrey
MRPL2,darkgrey
MRPL3,darkgrey
MRPL39,darkgrey
MRPL41,darkgrey
MRPL46,darkgrey
MRPS18B,darkgrey
MRPS28,darkgrey
MRS2,darkgrey
MSC,darkgrey
MSX1,darkgrey
MTDH,darkgrey
MTERF,darkgrey
MTF1,darkgrey
MTG1,darkgrey
MTHFD1L,darkgrey
MTHFD2L,darkgrey
MTHFS,darkgrey
MTIF2,darkgrey
MTMR2,darkgrey
MTMR3,darkgrey
MTUS1,darkgrey
MXD1,darkgrey
MXI1,darkgrey
MYADM,darkgrey
MYCBP,darkgrey
MYCN,darkgrey
MYLK-AS1,darkgrey
MYO1H,darkgrey
MYO3A,darkgrey
MYO5B,darkgrey
MYO7A,darkgrey
MYPN,darkgrey
MYST4,darkgrey
N4BP2L1,darkgrey
N4BP2L2,darkgrey
N4BP3,darkgrey
NAB1,darkgrey
NABP1,darkgrey
NADK,darkgrey
NADSYN1,darkgrey
NAF1,darkgrey
NANS,darkgrey
NAP1L1,darkgrey
NAP1L4,darkgrey
NARFL,darkgrey
NARS,darkgrey
NAT9,darkgrey
NBAS,darkgrey
NBEA,darkgrey
NBEAL1,darkgrey
NBEAL2,darkgrey
NBN,darkgrey
NBR1,darkgrey
NBR2,darkgrey
NCAPG,darkgrey
NCAPH,darkgrey
NCBP2,darkgrey
NCDN,darkgrey
NCKAP5L,darkgrey
NCOA3,darkgrey
NCOA4,darkgrey
NCRNA00120,darkgrey
NCRNA00188,darkgrey
NCRNA00219,darkgrey
NDE1,darkgrey
NDEL1,darkgrey
NDRG3,darkgrey
NDUFA12,darkgrey
NDUFA4L2,darkgrey
NDUFAF1,darkgrey
NDUFB8,darkgrey
NDUFC2,darkgrey
NDUFV1,darkgrey
NECAP1,darkgrey
NEFM,darkgrey
NEIL3,darkgrey
NEK1,darkgrey
NEK7,darkgrey
NEK8,darkgrey
NEMP1,darkgrey
NEU1,darkgrey
NF1,darkgrey
NFATC3,darkgrey
NFIX,darkgrey
NFKBIE,darkgrey
NFKBIL1,darkgrey
NFXL1,darkgrey
NFYA,darkgrey
NGB,darkgrey
NHEDC2,darkgrey
NIF3L1,darkgrey
NKAIN2,darkgrey
NKTR,darkgrey
NKX2-3,darkgrey
NLN,darkgrey
NMI,darkgrey
NMNAT3,darkgrey
NMU,darkgrey
NMUR1,darkgrey
NOC2L,darkgrey
NOL12,darkgrey
NOL3,darkgrey
NOL7,darkgrey
NOP10,darkgrey
NOS1AP,darkgrey
NOTCH2,darkgrey
NOXO1,darkgrey
NPAS2,darkgrey
NPAS4,darkgrey
NPC2,darkgrey
NPR1,darkgrey
NPTX2,darkgrey
NR2E1,darkgrey
NR6A1,darkgrey
NRARP,darkgrey
NRBP1,darkgrey
NRD1,darkgrey
NRGN,darkgrey
NRN1,darkgrey
NRP2,darkgrey
NRTN,darkgrey
NSG1,darkgrey
NSUN3,darkgrey
NSUN6,darkgrey
NT5C2,darkgrey
NT5E,darkgrey
NTN1,darkgrey
NTNG1,darkgrey
NTRK3,darkgrey
NUAK1,darkgrey
NUCB1,darkgrey
NUDCD3,darkgrey
NUDT15,darkgrey
NUDT2,darkgrey
NUDT6,darkgrey
NUMA1,darkgrey
NUP214,darkgrey
NUP35,darkgrey
NUP54,darkgrey
NUP85,darkgrey
NUSAP1,darkgrey
NVL,darkgrey
NXPH1,darkgrey
OAF,darkgrey
OAZ2,darkgrey
OBSL1,darkgrey
ODF3B,darkgrey
ODZ4,darkgrey
OLFML2B,darkgrey
OLIG1,darkgrey
ONECUT1,darkgrey
OPA3,darkgrey
ORAI3,darkgrey
ORC2,darkgrey
ORC3,darkgrey
OS9,darkgrey
OSBP2,darkgrey
OSBPL10,darkgrey
OSBPL1A,darkgrey
OST4,darkgrey
OSTC,darkgrey
OTUD6B-AS1,darkgrey
OTX1,darkgrey
OVOL2,darkgrey
OXGR1,darkgrey
OXR1,darkgrey
P2RX1,darkgrey
P2RX4,darkgrey
P2RX6,darkgrey
PABPC1,darkgrey
PABPN1,darkgrey
PACRGL,darkgrey
PACSIN3,darkgrey
PAIP2,darkgrey
PAIP2B,darkgrey
PAM,darkgrey
PAN3,darkgrey
PAOX,darkgrey
PAPD4,darkgrey
PAPD5,darkgrey
PAPD7,darkgrey
PAPSS2,darkgrey
PAQR8,darkgrey
PARM1,darkgrey
PARP11,darkgrey
PARVB,darkgrey
PAX8,darkgrey
PAX8-AS1,darkgrey
PAXBP1-AS1,darkgrey
PBX2,darkgrey
PBX4,darkgrey
PCBP1,darkgrey
PCDH9,darkgrey
PCDHA7,darkgrey
PCDHAC2,darkgrey
PCDHB10,darkgrey
PCDHB2,darkgrey
PCDHB7,darkgrey
PCDHGA4,darkgrey
PCDHGC3,darkgrey
PCGF1,darkgrey
PCGF5,darkgrey
PCM1,darkgrey
PCMTD2,darkgrey
PCNT,darkgrey
PCSK2,darkgrey
PCSK9,darkgrey
PDCD10,darkgrey
PDCD11,darkgrey
PDCD6IP,darkgrey
PDCL,darkgrey
PDE12,darkgrey
PDE1A,darkgrey
PDE3A,darkgrey
PDE4B,darkgrey
PDE4D,darkgrey
PDE4DIP,darkgrey
PDE7A,darkgrey
PDE8A,darkgrey
PDGFC,darkgrey
PDK2,darkgrey
PDLIM7,darkgrey
PDP2,darkgrey
PDSS1,darkgrey
PDZD2,darkgrey
PDZD3,darkgrey
PEF1,darkgrey
PEX5,darkgrey
PFKP,darkgrey
PGCP,darkgrey
PGGT1B,darkgrey
PGLS,darkgrey
PGM3,darkgrey
PGRMC2,darkgrey
PHF13,darkgrey
PHF14,darkgrey
PHF20L1,darkgrey
PHF21A,darkgrey
PHF21B,darkgrey
PHLDA1,darkgrey
PHLDA2,darkgrey
PHLDB2,darkgrey
PHOSPHO1,darkgrey
PHOX2A,darkgrey
PHTF2,darkgrey
PHYH,darkgrey
PHYHIPL,darkgrey
PI4K2B,darkgrey
PIANP,darkgrey
PIGF,darkgrey
PIGL,darkgrey
PIGM,darkgrey
PIGN,darkgrey
PIGU,darkgrey
PIGY,darkgrey
PIK3CA,darkgrey
PIK3R1,darkgrey
PIK3R4,darkgrey
PIN1,darkgrey
PINX1,darkgrey
PIP5K1C,darkgrey
PITPNC1,darkgrey
PITPNM3,darkgrey
PITX2,darkgrey
PKD2,darkgrey
PKN2,darkgrey
PLA2G15,darkgrey
PLA2G16,darkgrey
PLA2G4A,darkgrey
PLAG1,darkgrey
PLCB3,darkgrey
PLCL2,darkgrey
PLCXD2,darkgrey
PLEKHA5,darkgrey
PLEKHA7,darkgrey
PLEKHO2,darkgrey
PLK2,darkgrey
PLK3,darkgrey
PLRG1,darkgrey
PLXNC1,darkgrey
PLXND1,darkgrey
PMM2,darkgrey
PNMA2,darkgrey
PNPLA6,darkgrey
POC1B,darkgrey
POFUT1,darkgrey
POFUT2,darkgrey
POLA2,darkgrey
POLB,darkgrey
POLD3,darkgrey
POLE4,darkgrey
POLR1A,darkgrey
POLR3A,darkgrey
POMT1,darkgrey
POP4,darkgrey
POU1F1,darkgrey
POU2F1,darkgrey
POU3F3,darkgrey
POU6F1,darkgrey
PPAN-P2RY11,darkgrey
PPARGC1B,darkgrey
PPFIA2,darkgrey
PPFIA3,darkgrey
PPIA,darkgrey
PPID,darkgrey
PPIE,darkgrey
PPIL4,darkgrey
PPIL5,darkgrey
PPM1K,darkgrey
PPP1CC,darkgrey
PPP1R14B,darkgrey
PPP1R1C,darkgrey
PPP1R2,darkgrey
PPP1R3B,darkgrey
PPP1R9A,darkgrey
PPP2R1A,darkgrey
PPP2R4,darkgrey
PPP2R5D,darkgrey
PPT2,darkgrey
PPWD1,darkgrey
PQLC3,darkgrey
PRCC,darkgrey
PRDM12,darkgrey
PRDM16,darkgrey
PRDM5,darkgrey
PRDM6,darkgrey
PRDM7,darkgrey
PRDX3,darkgrey
PRDX5,darkgrey
PREX1,darkgrey
PRICKLE2-AS1,darkgrey
PRIM1,darkgrey
PRKAB2,darkgrey
PRKAG1,darkgrey
PRKAR1A,darkgrey
PRKAR1B,darkgrey
PRKCE,darkgrey
PRKCH,darkgrey
PRKRA,darkgrey
PRKRIR,darkgrey
PRMT10,darkgrey
PRPF39,darkgrey
PRPF40B,darkgrey
PRR5L,darkgrey
PRRC2C,darkgrey
PRRG4,darkgrey
PRRT4,darkgrey
PRSS16,darkgrey
PSAP,darkgrey
PSD,darkgrey
PSKH1,darkgrey
PSMA1,darkgrey
PSMA3,darkgrey
PSMA6,darkgrey
PSMA7,darkgrey
PSMB7,darkgrey
PSMB8,darkgrey
PSMB9,darkgrey
PSMC3,darkgrey
PSMD14,darkgrey
PSMD5,darkgrey
PSME1,darkgrey
PSME2,darkgrey
PSME3,darkgrey
PSORS1C1,darkgrey
PTCH1,darkgrey
PTEN,darkgrey
PTGDS,darkgrey
PTGES2,darkgrey
PTGES3,darkgrey
PTH1R,darkgrey
PTK2,darkgrey
PTK7,darkgrey
PTMA,darkgrey
PTP4A2,darkgrey
PTPN11,darkgrey
PTPN13,darkgrey
PTPRA,darkgrey
PTPRG,darkgrey
PTPRR,darkgrey
PTS,darkgrey
PUS1,darkgrey
PVR,darkgrey
PVRL2,darkgrey
PXDN,darkgrey
QARS,darkgrey
QTRTD1,darkgrey
RAB11FIP5,darkgrey
RAB1B,darkgrey
RAB2A,darkgrey
RAB30,darkgrey
RAB32,darkgrey
RAB3B,darkgrey
RAB3C,darkgrey
RAB4B,darkgrey
RAB5B,darkgrey
RAB6A,darkgrey
RAB8B,darkgrey
RABGAP1L,darkgrey
RACGAP1,darkgrey
RAD51B,darkgrey
RAD51L1,darkgrey
RAD9A,darkgrey
RAET1L,darkgrey
RAF1,darkgrey
RAI14,darkgrey
RALBP1,darkgrey
RALGDS,darkgrey
RANGAP1,darkgrey
RAP1A,darkgrey
RAP1B,darkgrey
RAPGEF5,darkgrey
RARS2,darkgrey
RASA1,darkgrey
RASGEF1B,darkgrey
RASGRF1,darkgrey
RASSF10,darkgrey
RASSF4,darkgrey
RBBP4,darkgrey
RBBP5,darkgrey
RBBP6,darkgrey
RBBP8,darkgrey
RBM15,darkgrey
RBM23,darkgrey
RBM26-AS1,darkgrey
RBM27,darkgrey
RBM39,darkgrey
RBM4,darkgrey
RBP1,darkgrey
RBP5,darkgrey
RBPJ,darkgrey
RCAN2,darkgrey
RCBTB1,darkgrey
RCC1,darkgrey
RCE1,darkgrey
RCL1,darkgrey
RCOR1,darkgrey
RCOR3,darkgrey
RDX,darkgrey
REEP3,darkgrey
RELB,darkgrey
RERG-AS1,darkgrey
REV3L,darkgrey
REXO2,darkgrey
RFC1,darkgrey
RFC4,darkgrey
RFWD3,darkgrey
RFX3,darkgrey
RFX4,darkgrey
RFX5,darkgrey
RGMB,darkgrey
RGNEF,darkgrey
RGS10,darkgrey
RGS12,darkgrey
RGS16,darkgrey
RGS22,darkgrey
RHOBTB2,darkgrey
RHOBTB3,darkgrey
RHOC,darkgrey
RHOJ,darkgrey
RHOT1,darkgrey
RIC8B,darkgrey
RIMKLA,darkgrey
RING1,darkgrey
RIOK2,darkgrey
RLTPR,darkgrey
RNF103,darkgrey
RNF121,darkgrey
RNF141,darkgrey
RNF144B,darkgrey
RNF145,darkgrey
RNF187,darkgrey
RNF19A,darkgrey
RNF2,darkgrey
RNF213,darkgrey
RNF214,darkgrey
RNF217,darkgrey
RNF220,darkgrey
RNF39,darkgrey
RNF41,darkgrey
RNH1,darkgrey
RNU12,darkgrey
RNU5E-1,darkgrey
ROBO1,darkgrey
RORA,darkgrey
RPL14,darkgrey
RPL18AP3,darkgrey
RPL19,darkgrey
RPL21,darkgrey
RPL27A,darkgrey
RPL30,darkgrey
RPL32,darkgrey
RPL35,darkgrey
RPL36AL,darkgrey
RPL37A,darkgrey
RPP25L,darkgrey
RPP38,darkgrey
RPRD1A,darkgrey
RPRD2,darkgrey
RPRML,darkgrey
RPS16,darkgrey
RPS27,darkgrey
RPS27A,darkgrey
RPS6,darkgrey
RPS6KB2,darkgrey
RPS9,darkgrey
RPTOR,darkgrey
RPUSD2,darkgrey
RRAS,darkgrey
RREB1,darkgrey
RRM2,darkgrey
RRNAD1,darkgrey
RRP15,darkgrey
RRS1,darkgrey
RSBN1,darkgrey
RSRC2,darkgrey
RTN3,darkgrey
RTN4RL1,darkgrey
RTN4RL2,darkgrey
RUFY2,darkgrey
RUNX2,darkgrey
RUSC1,darkgrey
RWDD2A,darkgrey
RYR2,darkgrey
S100A6,darkgrey
S1PR1,darkgrey
SAA3P,darkgrey
SAC3D1,darkgrey
SACS,darkgrey
SAMD1,darkgrey
SAMD4B,darkgrey
SAMD5,darkgrey
SAP130,darkgrey
SARM1,darkgrey
SART1,darkgrey
SART3,darkgrey
SASS6,darkgrey
SATB1,darkgrey
SAV1,darkgrey
SBF2,darkgrey
SBF2-AS1,darkgrey
SC4MOL,darkgrey
SCAMP1,darkgrey
SCAMP3,darkgrey
SCAMP4,darkgrey
SCARB2,darkgrey
SCARNA16,darkgrey
SCCPDH,darkgrey
SCD5,darkgrey
SCFD2,darkgrey
SCMH1,darkgrey
SCN4B,darkgrey
SCO1,darkgrey
SCRN1,darkgrey
SCYL2,darkgrey
SDAD1,darkgrey
SDCCAG8,darkgrey
SDHAF1,darkgrey
SDHAF2,darkgrey
SDHC,darkgrey
SDK1,darkgrey
SDK2,darkgrey
SDR39U1,darkgrey
SEC13,darkgrey
SEC16A,darkgrey
SEC23B,darkgrey
SEC24D,darkgrey
SEC61G,darkgrey
SECISBP2L,darkgrey
SELV,darkgrey
SEMA3F,darkgrey
SEMA4F,darkgrey
SEMA5A,darkgrey
SENP2,darkgrey
SENP8,darkgrey
SEP-13,darkgrey
SEP-15,darkgrey
SERPINB1,darkgrey
SESN1,darkgrey
SESTD1,darkgrey
SETD4,darkgrey
SETX,darkgrey
SEZ6L,darkgrey
SF3B3,darkgrey
SFMBT2,darkgrey
SFPQ,darkgrey
SFRS12,darkgrey
SFRS12IP1,darkgrey
SFRS3,darkgrey
SFRS4,darkgrey
SFRS7,darkgrey
SFRS8,darkgrey
SFT2D2,darkgrey
SFXN1,darkgrey
SGK1,darkgrey
SGK3,darkgrey
SGMS1,darkgrey
SH2D3C,darkgrey
SH3D19,darkgrey
SH3GLB1,darkgrey
SH3PXD2A,darkgrey
SHCBP1,darkgrey
SHFM1,darkgrey
SHMT2,darkgrey
SHOX2,darkgrey
SHROOM1,darkgrey
SIAH2,darkgrey
SIDT1,darkgrey
SIM2,darkgrey
SIRT7,darkgrey
SIX6,darkgrey
SKI,darkgrey
SKIDA1,darkgrey
SKIL,darkgrey
SLAIN1,darkgrey
SLAIN2,darkgrey
SLC16A1,darkgrey
SLC16A12,darkgrey
SLC18A3,darkgrey
SLC1A1,darkgrey
SLC1A3,darkgrey
SLC20A1,darkgrey
SLC22A4,darkgrey
SLC24A4,darkgrey
SLC25A24,darkgrey
SLC25A32,darkgrey
SLC25A33,darkgrey
SLC25A35,darkgrey
SLC25A39,darkgrey
SLC26A6,darkgrey
SLC27A2,darkgrey
SLC27A6,darkgrey
SLC30A2,darkgrey
SLC30A7,darkgrey
SLC31A2,darkgrey
SLC35E4,darkgrey
SLC35F5,darkgrey
SLC38A11,darkgrey
SLC39A8,darkgrey
SLC41A1,darkgrey
SLC48A1,darkgrey
SLC5A6,darkgrey
SLC8A1,darkgrey
SLC8A2,darkgrey
SLC9A9,darkgrey
SLCO4C1,darkgrey
SLIT3,darkgrey
SLMO1,darkgrey
SMAD1,darkgrey
SMAD4,darkgrey
SMAP1,darkgrey
SMAP2,darkgrey
SMARCA2,darkgrey
SMARCA5,darkgrey
SMARCAD1,darkgrey
SMARCC2,darkgrey
SMARCD2,darkgrey
SMARCD3,darkgrey
SMC2,darkgrey
SMC3,darkgrey
SMC4,darkgrey
SMEK2,darkgrey
SMG5,darkgrey
SMG7,darkgrey
SMIM1,darkgrey
SMIM19,darkgrey
SMPD1,darkgrey
SMU1,darkgrey
SMYD3,darkgrey
SMYD5,darkgrey
SNAP23,darkgrey
SNAP91,darkgrey
SNAPC3,darkgrey
SNF8,darkgrey
SNHG3-RCC1,darkgrey
SNORA21,darkgrey
SNORA26,darkgrey
SNORA76,darkgrey
SNORD15A,darkgrey
SNORD27,darkgrey
SNORD45C,darkgrey
SNORD46,darkgrey
SNORD48,darkgrey
SNORD55,darkgrey
SNRK,darkgrey
SNRNP27,darkgrey
SNRNP35,darkgrey
SNRNP48,darkgrey
SNRPB2,darkgrey
SNTG2,darkgrey
SNUPN,darkgrey
SNW1,darkgrey
SNX1,darkgrey
SNX11,darkgrey
SNX16,darkgrey
SNX2,darkgrey
SNX21,darkgrey
SNX29,darkgrey
SNX30,darkgrey
SNX32,darkgrey
SNX33,darkgrey
SNX4,darkgrey
SNX7,darkgrey
SNX8,darkgrey
SOCS2,darkgrey
SOD2,darkgrey
SORBS3,darkgrey
SORCS2,darkgrey
SORCS3,darkgrey
SORD,darkgrey
SOX12,darkgrey
SOX2-OT,darkgrey
SOX2OT,darkgrey
SOX5,darkgrey
SP2,darkgrey
SP6,darkgrey
SP8,darkgrey
SP9,darkgrey
SPAG1,darkgrey
SPATA13,darkgrey
SPATA2,darkgrey
SPATA5L1,darkgrey
SPATA7,darkgrey
SPATS2,darkgrey
SPC25,darkgrey
SPEF1,darkgrey
SPG20,darkgrey
SPHK2,darkgrey
SPNS1,darkgrey
SPOCK3,darkgrey
SPRY1,darkgrey
SPRYD3,darkgrey
SPTBN4,darkgrey
SPTLC2,darkgrey
SPTY2D1,darkgrey
SRD5A2,darkgrey
SREBF2,darkgrey
SREK1,darkgrey
SRFBP1,darkgrey
SRGAP3,darkgrey
SRI,darkgrey
SRP19,darkgrey
SRP54,darkgrey
SRRM3,darkgrey
SRRM4,darkgrey
SRSF10,darkgrey
SS18L2,darkgrey
SSBP1,darkgrey
SSBP2,darkgrey
SSH2,darkgrey
SSPO,darkgrey
SSR1,darkgrey
SSR2,darkgrey
ST3GAL1,darkgrey
ST3GAL6,darkgrey
ST6GALNAC3,darkgrey
ST7,darkgrey
STARD13,darkgrey
STARD4,darkgrey
STBD1,darkgrey
STIP1,darkgrey
STK32A,darkgrey
STK38,darkgrey
STL,darkgrey
STMN1,darkgrey
STRADA,darkgrey
STRBP,darkgrey
STRN,darkgrey
STRN3,darkgrey
STX16,darkgrey
STX18,darkgrey
STX3,darkgrey
STX6,darkgrey
STXBP5L,darkgrey
STYXL1,darkgrey
SUGT1P1,darkgrey
SURF4,darkgrey
SUZ12,darkgrey
SV2B,darkgrey
SVEP1,darkgrey
SVIP,darkgrey
SYCN,darkgrey
SYNGAP1,darkgrey
SYNJ2,darkgrey
SYNPO2,darkgrey
SYT17,darkgrey
TACC1,darkgrey
TACO1,darkgrey
TAF12,darkgrey
TAF1C,darkgrey
TAF6,darkgrey
TAF7,darkgrey
TAGLN3,darkgrey
TAMM41,darkgrey
TANC1,darkgrey
TAPBP,darkgrey
TARS2,darkgrey
TAS1R1,darkgrey
TBC1D1,darkgrey
TBC1D14,darkgrey
TBC1D2B,darkgrey
TBC1D5,darkgrey
TBL2,darkgrey
TBL3,darkgrey
TBX3,darkgrey
TCEA1,darkgrey
TCEANC2,darkgrey
TCERG1,darkgrey
TCERG1L,darkgrey
TCF4,darkgrey
TCF7L1,darkgrey
TCP1,darkgrey
TDG,darkgrey
TDRD3,darkgrey
TDRKH,darkgrey
TDRP,darkgrey
TEF,darkgrey
TEPP,darkgrey
TET2,darkgrey
TEX14,darkgrey
TEX2,darkgrey
TEX22,darkgrey
TFCP2,darkgrey
TFDP1,darkgrey
TFRC,darkgrey
TGFA,darkgrey
TGFB1,darkgrey
TGFBR3,darkgrey
TGIF1,darkgrey
THADA,darkgrey
THBS1,darkgrey
THRB,darkgrey
THSD4,darkgrey
THUMPD3-AS1,darkgrey
TIAM1,darkgrey
TICAM2,darkgrey
TIE1,darkgrey
TIGAR,darkgrey
TIGD1,darkgrey
TIMELESS,darkgrey
TJP1,darkgrey
TLE3,darkgrey
TLK1,darkgrey
TLL1,darkgrey
TLR3,darkgrey
TMBIM4,darkgrey
TMBIM6,darkgrey
TMC4,darkgrey
TMC8,darkgrey
TMCO1,darkgrey
TMED4,darkgrey
TMED5,darkgrey
TMEM101,darkgrey
TMEM108,darkgrey
TMEM110,darkgrey
TMEM126A,darkgrey
TMEM136,darkgrey
TMEM138,darkgrey
TMEM143,darkgrey
TMEM146,darkgrey
TMEM14C,darkgrey
TMEM155,darkgrey
TMEM161B,darkgrey
TMEM170A,darkgrey
TMEM178,darkgrey
TMEM18,darkgrey
TMEM180,darkgrey
TMEM184C,darkgrey
TMEM186,darkgrey
TMEM189,darkgrey
TMEM194A,darkgrey
TMEM20,darkgrey
TMEM208,darkgrey
TMEM22,darkgrey
TMEM231,darkgrey
TMEM233,darkgrey
TMEM26,darkgrey
TMEM41A,darkgrey
TMEM44,darkgrey
TMEM45A,darkgrey
TMEM63A,darkgrey
TMEM67,darkgrey
TMEM68,darkgrey
TMEM92,darkgrey
TMEM93,darkgrey
TMOD1,darkgrey
TMPO-AS1,darkgrey
TMPRSS2,darkgrey
TMUB1,darkgrey
TMX4,darkgrey
TNFAIP8L3,darkgrey
TNFRSF1B,darkgrey
TNK2,darkgrey
TNKS,darkgrey
TNNT1,darkgrey
TNNT3,darkgrey
TNS3,darkgrey
TNXB,darkgrey
TOLLIP,darkgrey
TOPORS,darkgrey
TOPORS-AS1,darkgrey
TP53I13,darkgrey
TPD52L1,darkgrey
TPD52L2,darkgrey
TPGS1,darkgrey
TPR,darkgrey
TPRA1,darkgrey
TPX2,darkgrey
TRAF4,darkgrey
TRAK2,darkgrey
TRAM1L1,darkgrey
TRAPPC10,darkgrey
TRAPPC2L,darkgrey
TRAPPC3,darkgrey
TRAPPC5,darkgrey
TRIB2,darkgrey
TRIL,darkgrey
TRIM16,darkgrey
TRIM26,darkgrey
TRIM27,darkgrey
TRIM36,darkgrey
TRIM65,darkgrey
TRIM71,darkgrey
TRIM9,darkgrey
TRIP10,darkgrey
TRIP12,darkgrey
TROVE2,darkgrey
TRPC6,darkgrey
TRRAP,darkgrey
TSC1,darkgrey
TSC22D2,darkgrey
TSC22D4,darkgrey
TSG101,darkgrey
TSLP,darkgrey
TSPAN11,darkgrey
TSPAN14,darkgrey
TSPAN17,darkgrey
TSPAN4,darkgrey
TSSC1,darkgrey
TTC12,darkgrey
TTC26,darkgrey
TTC35,darkgrey
TTLL11,darkgrey
TTLL5,darkgrey
TTYH1,darkgrey
TUBA8,darkgrey
TUBB3,darkgrey
TUBD1,darkgrey
TUBGCP6,darkgrey
TUFT1,darkgrey
TWF1,darkgrey
TXLNA,darkgrey
TXN2,darkgrey
TXNDC12,darkgrey
TXNDC9,darkgrey
TXNIP,darkgrey
UBA5,darkgrey
UBA6,darkgrey
UBAC1,darkgrey
UBC,darkgrey
UBE2C,darkgrey
UBE2D1,darkgrey
UBE2E1,darkgrey
UBE2E2,darkgrey
UBE2N,darkgrey
UBE2QP1,darkgrey
UBE2S,darkgrey
UBE2T,darkgrey
UBE2V1,darkgrey
UBE2Z,darkgrey
UBE3B,darkgrey
UBIAD1,darkgrey
UBL3,darkgrey
UBL7,darkgrey
UBN1,darkgrey
UBR1,darkgrey
UBTD1,darkgrey
UCHL5,darkgrey
UCKL1,darkgrey
UEVLD,darkgrey
UFM1,darkgrey
UIMC1,darkgrey
UNC119B,darkgrey
UNC5A,darkgrey
UNC84A,darkgrey
UNK,darkgrey
UQCRFS1,darkgrey
URI1,darkgrey
URM1,darkgrey
USE1,darkgrey
USF1,darkgrey
USP13,darkgrey
USP24,darkgrey
USP28,darkgrey
USP34,darkgrey
USP44,darkgrey
USP49,darkgrey
USP53,darkgrey
USP6NL,darkgrey
UTF1,darkgrey
UTP6,darkgrey
VARS,darkgrey
VASH1,darkgrey
VAX1,darkgrey
VCL,darkgrey
VCPKMT,darkgrey
VDAC1,darkgrey
VEGFA,darkgrey
VGLL4,darkgrey
VIM,darkgrey
VKORC1,darkgrey
VPRBP,darkgrey
VPS18,darkgrey
VPS25,darkgrey
VPS41,darkgrey
VPS4A,darkgrey
VPS50,darkgrey
VPS52,darkgrey
VPS53,darkgrey
VPS54,darkgrey
VPS72,darkgrey
VPS8,darkgrey
VRK2,darkgrey
VRK3,darkgrey
VSIG8,darkgrey
VSTM2A,darkgrey
VSTM2B,darkgrey
VTI1A,darkgrey
VTI1B,darkgrey
VTN,darkgrey
VWC2,darkgrey
WARS2,darkgrey
WBP4,darkgrey
WDR16,darkgrey
WDR59,darkgrey
WDR6,darkgrey
WDR7,darkgrey
WDR74,darkgrey
WDR75,darkgrey
WDR8,darkgrey
WDR82,darkgrey
WDR89,darkgrey
WDR91,darkgrey
WDTC1,darkgrey
WDYHV1,darkgrey
WEE1,darkgrey
WIBG,darkgrey
WIPF1,darkgrey
WIPI1,darkgrey
WIT1,darkgrey
WNK1,darkgrey
WNT2B,darkgrey
WNT4,darkgrey
WNT7B,darkgrey
WNT9B,darkgrey
WRNIP1,darkgrey
WSCD1,darkgrey
WWC2,darkgrey
WWOX,darkgrey
XAB2,darkgrey
XKR9,darkgrey
XPO1,darkgrey
XRCC1,darkgrey
XRN2,darkgrey
XYLT1,darkgrey
YAF2,darkgrey
YARS,darkgrey
YRDC,darkgrey
YTHDF2,darkgrey
YY1AP1,darkgrey
ZBBX,darkgrey
ZBTB10,darkgrey
ZBTB12,darkgrey
ZBTB16,darkgrey
ZBTB20,darkgrey
ZBTB4,darkgrey
ZBTB41,darkgrey
ZBTB7A,darkgrey
ZBTB7B,darkgrey
ZBTB9,darkgrey
ZC3H12A,darkgrey
ZC3H12C,darkgrey
ZC3H4,darkgrey
ZC3H6,darkgrey
ZC3H8,darkgrey
ZDHHC18,darkgrey
ZDHHC3,darkgrey
ZEB1,darkgrey
ZFAND2B,darkgrey
ZFAND5,darkgrey
ZFP57,darkgrey
ZFP91,darkgrey
ZFPM2,darkgrey
ZFYVE26,darkgrey
ZFYVE9,darkgrey
ZGRF1,darkgrey
ZHX2,darkgrey
ZIC1,darkgrey
ZKSCAN4,darkgrey
ZKSCAN7,darkgrey
ZMAT2,darkgrey
ZMIZ1,darkgrey
ZMYM4,darkgrey
ZMYND8,darkgrey
ZNF107,darkgrey
ZNF133,darkgrey
ZNF142,darkgrey
ZNF155,darkgrey
ZNF165,darkgrey
ZNF187,darkgrey
ZNF195,darkgrey
ZNF197,darkgrey
ZNF202,darkgrey
ZNF221,darkgrey
ZNF225,darkgrey
ZNF227,darkgrey
ZNF229,darkgrey
ZNF230,darkgrey
ZNF238,darkgrey
ZNF24,darkgrey
ZNF253,darkgrey
ZNF254,darkgrey
ZNF263,darkgrey
ZNF274,darkgrey
ZNF280D,darkgrey
ZNF284,darkgrey
ZNF285A,darkgrey
ZNF295,darkgrey
ZNF302,darkgrey
ZNF317,darkgrey
ZNF322A,darkgrey
ZNF331,darkgrey
ZNF334,darkgrey
ZNF345,darkgrey
ZNF346,darkgrey
ZNF350,darkgrey
ZNF365,darkgrey
ZNF397,darkgrey
ZNF398,darkgrey
ZNF425,darkgrey
ZNF445,darkgrey
ZNF451,darkgrey
ZNF467,darkgrey
ZNF487,darkgrey
ZNF488,darkgrey
ZNF496,darkgrey
ZNF536,darkgrey
ZNF542,darkgrey
ZNF548,darkgrey
ZNF557,darkgrey
ZNF57,darkgrey
ZNF570,darkgrey
ZNF583,darkgrey
ZNF623,darkgrey
ZNF625,darkgrey
ZNF652,darkgrey
ZNF684,darkgrey
ZNF688,darkgrey
ZNF7,darkgrey
ZNF704,darkgrey
ZNF706,darkgrey
ZNF71,darkgrey
ZNF75A,darkgrey
ZNF771,darkgrey
ZNF775,darkgrey
ZNF777,darkgrey
ZNF785,darkgrey
ZNF827,darkgrey
ZNF83,darkgrey
ZNF833,darkgrey
ZNF845,darkgrey
ZNHIT3,darkgrey
ZNRD1,darkgrey
ZSCAN1,darkgrey
ZYG11B,darkgrey
AAA1,darkorange
ABCB9,darkorange
ABCC5-AS1,darkorange
ABO,darkorange
ABTB2,darkorange
ACADM,darkorange
ACAT2,darkorange
ACCN2,darkorange
ACTR1A,darkorange
ACVR1C,darkorange
ADAMTS17,darkorange
ADAMTS2,darkorange
ADAMTSL4,darkorange
ADARB2,darkorange
ADCY5,darkorange
ADCY8,darkorange
ADGB,darkorange
ADH5,darkorange
ADI1,darkorange
ADM,darkorange
AFAP1L1,darkorange
AFTPH,darkorange
AGBL5,darkorange
AGK,darkorange
AGPAT3,darkorange
AGRN,darkorange
AHCTF1,darkorange
AHSA2,darkorange
ALDH1L1,darkorange
ALDH5A1,darkorange
ALKBH3,darkorange
ANGPT1,darkorange
ANK1,darkorange
ANKFY1,darkorange
ANKHD1,darkorange
ANKRD50,darkorange
ANKRD53,darkorange
ANKS1A,darkorange
ANKS6,darkorange
ANO10,darkorange
AQP1,darkorange
ARHGAP10,darkorange
ARHGEF12,darkorange
ARHGEF28,darkorange
ARHGEF7,darkorange
ASB14,darkorange
ASCC1,darkorange
ATG101,darkorange
ATG3,darkorange
ATL1,darkorange
ATP5I,darkorange
ATXN1,darkorange
AUTS2,darkorange
AVEN,darkorange
B3GALT2,darkorange
B3GAT1,darkorange
BCL2L11,darkorange
BDNF,darkorange
BFAR,darkorange
BGLAP,darkorange
BLVRA,darkorange
BMP6,darkorange
BOK-AS1,darkorange
BOLL,darkorange
BRD2,darkorange
BRI3BP,darkorange
BTBD10,darkorange
BTBD9,darkorange
BTNL2,darkorange
C10ORF131,darkorange
C10ORF72,darkorange
C12ORF10,darkorange
C12ORF26,darkorange
C12ORF4,darkorange
C12ORF62,darkorange
C13ORF16,darkorange
C14ORF49,darkorange
C16ORF57,darkorange
C17ORF61,darkorange
C19ORF25,darkorange
C19ORF54,darkorange
C1ORF141,darkorange
C1ORF159,darkorange
C1ORF170,darkorange
C1ORF63,darkorange
C1ORF97,darkorange
C1QL2,darkorange
C1QTNF1,darkorange
C20ORF196,darkorange
C20ORF70,darkorange
C3ORF26,darkorange
C3ORF67,darkorange
C5ORF28,darkorange
C6ORF129,darkorange
C6ORF203,darkorange
C6ORF208,darkorange
C7ORF68,darkorange
C8ORF48,darkorange
C8ORF79,darkorange
C9ORF30,darkorange
C9ORF41-AS1,darkorange
C9ORF84,darkorange
C9ORF89,darkorange
CA10,darkorange
CACNA1H,darkorange
CACNG3,darkorange
CADM2,darkorange
CADPS,darkorange
CARD14,darkorange
CBLB,darkorange
CCDC110,darkorange
CCDC146,darkorange
CCDC149,darkorange
CCDC28A,darkorange
CCDC34,darkorange
CCDC91,darkorange
CCNA1,darkorange
CCNF,darkorange
CCSER2,darkorange
CCT2,darkorange
CD226,darkorange
CD244,darkorange
CD48,darkorange
CD59,darkorange
CD96,darkorange
CDC14B,darkorange
CDH1,darkorange
CDH17,darkorange
CDH18,darkorange
CDK8,darkorange
CEP72,darkorange
CEP78,darkorange
CES1,darkorange
CES5A,darkorange
CFAP52,darkorange
CHCHD3,darkorange
CHL1,darkorange
CHMP7,darkorange
CHODL,darkorange
CHRM5,darkorange
CHST1,darkorange
CLCA1,darkorange
CLU,darkorange
CNKSR3,darkorange
CNR1,darkorange
CNTD2,darkorange
COBLL1,darkorange
COG3,darkorange
COG6,darkorange
COG7,darkorange
COL12A1,darkorange
COL16A1,darkorange
COPG2,darkorange
COPS2,darkorange
COPS8,darkorange
COX20,darkorange
CPE,darkorange
CREB3,darkorange
CREB3L4,darkorange
CRTC1,darkorange
CRY2,darkorange
CSMD2,darkorange
CSRP1,darkorange
CTBP1,darkorange
CTIF,darkorange
CUL1,darkorange
CYB5D2,darkorange
CYFIP1,darkorange
CYP4V2,darkorange
DCAKD,darkorange
DCDC2C,darkorange
DCTD,darkorange
DCTN3,darkorange
DDHD1,darkorange
DDX21,darkorange
DDX27,darkorange
DENND3,darkorange
DGKH,darkorange
DHRS3,darkorange
DIP2C,darkorange
DIRC3,darkorange
DIS3L2,darkorange
DMPK,darkorange
DNAH5,darkorange
DNAH6,darkorange
DNAJC5,darkorange
DNHD1,darkorange
DNMT3B,darkorange
DNPEP,darkorange
DOK7,darkorange
DPF3,darkorange
DPP6,darkorange
DPPA5,darkorange
DSE,darkorange
DTX2P1-UPK3BP1-PMS2P11,darkorange
DUSP23,darkorange
DUSP5P1,darkorange
ECHDC1,darkorange
EDF1,darkorange
EEF2,darkorange
EIF3G,darkorange
ELL,darkorange
EPB41L2,darkorange
EPHA3,darkorange
ERBB2IP,darkorange
ERCC5,darkorange
ESRP1,darkorange
ESRRG,darkorange
ETS1,darkorange
EXOC3,darkorange
EXOC3L2,darkorange
EXOSC8,darkorange
FAM107B,darkorange
FAM135A,darkorange
FAM160B1,darkorange
FAM18A,darkorange
FAM19A5,darkorange
FAM49B,darkorange
FAM78A,darkorange
FAM98A,darkorange
FANCA,darkorange
FBLN5,darkorange
FBXL7,darkorange
FBXO32,darkorange
FCHSD2,darkorange
FDFT1,darkorange
FDPS,darkorange
FGF12,darkorange
FIG4,darkorange
FKBP11,darkorange
FLG-AS1,darkorange
FLJ35024,darkorange
FMO1,darkorange
FNBP1,darkorange
FOXF2,darkorange
FOXO3,darkorange
FRMD4A,darkorange
FRS3,darkorange
FTCD,darkorange
G6PC2,darkorange
GALNT18,darkorange
GALNT2,darkorange
GBA,darkorange
GCLC,darkorange
GHR,darkorange
GHRL,darkorange
GIMAP2,darkorange
GLIPR2,darkorange
GMPS,darkorange
GNAI1,darkorange
GNAL,darkorange
GNPTAB,darkorange
GOLGA3,darkorange
GOLM1,darkorange
GPA33,darkorange
GPNMB,darkorange
GPSM3,darkorange
GRAMD1B,darkorange
GSAP,darkorange
GSK3B,darkorange
HACE1,darkorange
HCG27,darkorange
HECTD2-AS1,darkorange
HGF,darkorange
HIST1H1E,darkorange
HIST1H2AE,darkorange
HIST1H2AG,darkorange
HIST1H2BB,darkorange
HIST1H2BH,darkorange
HIST1H2BN,darkorange
HLA-DPA1,darkorange
HLA-DQA2,darkorange
HMX2,darkorange
HNRNPA1,darkorange
HNRNPF,darkorange
HNRPLL,darkorange
HOXA11AS,darkorange
HOXB2,darkorange
HOXC10,darkorange
HOXC11,darkorange
HPSE,darkorange
HS3ST3B1,darkorange
HSPB11,darkorange
HSPE1,darkorange
HTR7P,darkorange
HUS1B,darkorange
IARS2,darkorange
IFI16,darkorange
IGF1R,darkorange
IGF2R,darkorange
IMMP2L,darkorange
IMPG1,darkorange
INPP5A,darkorange
INTS12,darkorange
INTU,darkorange
IP6K1,darkorange
IPO9-AS1,darkorange
IPP,darkorange
IQCJ-SCHIP1,darkorange
IRF6,darkorange
ITGA2,darkorange
IWS1,darkorange
KATNAL2,darkorange
KBTBD11,darkorange
KCNH1,darkorange
KCNK15,darkorange
KCTD1,darkorange
KDM4C,darkorange
KIAA0825,darkorange
KIAA0907,darkorange
KIAA1026,darkorange
KIAA1033,darkorange
KIAA1614,darkorange
KIAA1715,darkorange
KIF15,darkorange
KIF26A,darkorange
KIF26B,darkorange
KIRREL3,darkorange
KITLG,darkorange
KLC1,darkorange
KLF11,darkorange
KLF6,darkorange
KLHDC4,darkorange
KLHDC9,darkorange
KLRAQ1,darkorange
KMT2E-AS1,darkorange
KPNB1,darkorange
KRT2,darkorange
KRT84,darkorange
LAMA5,darkorange
LATS2,darkorange
LCE3E,darkorange
LINC00276,darkorange
LINC01195,darkorange
LINC01449,darkorange
LINC01580,darkorange
LOC100130093,darkorange
LOC100271832,darkorange
LOC100506457,darkorange
LOC101927640,darkorange
LOC101928012,darkorange
LOC101928414,darkorange
LOC134466,darkorange
LOC146336,darkorange
LOC441666,darkorange
LOC619207,darkorange
LOC644145,darkorange
LOC728323,darkorange
LPAR1,darkorange
LPHN3,darkorange
LPPR1,darkorange
LRBA,darkorange
LRP1B,darkorange
LRRC6,darkorange
LRRC61,darkorange
LRSAM1,darkorange
LSG1,darkorange
LYPD1,darkorange
LYPLAL1,darkorange
MAEA,darkorange
MAGI2-AS3,darkorange
MAML2,darkorange
MAML3,darkorange
MAN2B1,darkorange
MAP2K4,darkorange
MAP3K11,darkorange
MAP4K4,darkorange
MAPK14,darkorange
MAR-10,darkorange
MC5R,darkorange
MCC,darkorange
MCTP1,darkorange
MDM4,darkorange
ME3,darkorange
MECOM,darkorange
MED22,darkorange
MED25,darkorange
MEF2C,darkorange
MEGF9,darkorange
METTL13,darkorange
METTL4,darkorange
MGMT,darkorange
MIP,darkorange
MIR1181,darkorange
MIR4689,darkorange
MIR7853,darkorange
MLF2,darkorange
MLH1,darkorange
MLKL,darkorange
MLLT3,darkorange
MMAA,darkorange
MMP17,darkorange
MMP2,darkorange
MNX1,darkorange
MOCS1,darkorange
MPL,darkorange
MSH4,darkorange
MTHFS,darkorange
MTRF1L,darkorange
MVB12A,darkorange
MYCBP,darkorange
MYCBPAP,darkorange
MYL12A,darkorange
MYOCD,darkorange
MYOM2,darkorange
MYT1L,darkorange
NAA50,darkorange
NAALADL2,darkorange
NADSYN1,darkorange
NCAPD3,darkorange
NDUFAF2,darkorange
NEK7,darkorange
NELL2,darkorange
NFATC1,darkorange
NFRKB,darkorange
NID1,darkorange
NID2,darkorange
NLRP11,darkorange
NOC3L,darkorange
NOD1,darkorange
NOL11,darkorange
NOM1,darkorange
NPAS4,darkorange
NPBWR1,darkorange
NPDC1,darkorange
NRIP1,darkorange
NRXN1,darkorange
NRXN3,darkorange
NSUN2,darkorange
NTM,darkorange
NUDT15,darkorange
NUMB,darkorange
OAZ1,darkorange
ODZ2,darkorange
ODZ4,darkorange
OPRK1,darkorange
OR1L8,darkorange
OR4A15,darkorange
OR4X1,darkorange
OR51I2,darkorange
OR52B4,darkorange
OSBP2,darkorange
OSTN,darkorange
PALLD,darkorange
PARK2,darkorange
PARP15,darkorange
PAX7,darkorange
PCBD2,darkorange
PCDHB10,darkorange
PCDHB8,darkorange
PCDHB9,darkorange
PCDHGA4,darkorange
PCIF1,darkorange
PCMTD1,darkorange
PCSK5,darkorange
PDCD11,darkorange
PDCD4,darkorange
PDE10A,darkorange
PDE1A,darkorange
PDE4D,darkorange
PDK4,darkorange
PDXK,darkorange
PEX14,darkorange
PFKP,darkorange
PGAM1,darkorange
PGS1,darkorange
PHF20L1,darkorange
PHLPP1,darkorange
PIGZ,darkorange
PIP5K1A,darkorange
PIWIL1,darkorange
PLBD2,darkorange
PLEKHB2,darkorange
PLEKHF2,darkorange
PM20D2,darkorange
PNMA2,darkorange
POFUT1,darkorange
POLQ,darkorange
POLR2B,darkorange
POLR2K,darkorange
POTEA,darkorange
PPP1CB,darkorange
PPP1R13L,darkorange
PPP1R14B,darkorange
PPP2R2C,darkorange
PPP6R1,darkorange
PRCP,darkorange
PRDM16,darkorange
PRDM7,darkorange
PRDX6,darkorange
PREX2,darkorange
PRIMPOL,darkorange
PRSS3,darkorange
PRSS50,darkorange
PSEN1,darkorange
PSENEN,darkorange
PSMA5,darkorange
PSMC4,darkorange
PSMD1,darkorange
PSMD6,darkorange
PTEN,darkorange
PTGS1,darkorange
PTP4A1,darkorange
PTPRG,darkorange
PTPRK,darkorange
PTPRN2,darkorange
PURG,darkorange
PXT1,darkorange
QRICH1,darkorange
QSOX1,darkorange
RAB10,darkorange
RAB1B,darkorange
RAB29,darkorange
RAB3C,darkorange
RAB43,darkorange
RAB5A,darkorange
RAD21L1,darkorange
RAD54B,darkorange
RAF1,darkorange
RAI1,darkorange
RAMP1,darkorange
RAP1GAP,darkorange
RBFOX1,darkorange
RBM16,darkorange
RBM20,darkorange
RCC2,darkorange
RCSD1,darkorange
RFPL2,darkorange
RFWD2,darkorange
RFX2,darkorange
RGS4,darkorange
RHBDD1,darkorange
RHOBTB1,darkorange
RNF17,darkorange
RNF19B,darkorange
RNF220,darkorange
RNF44,darkorange
RNF8,darkorange
RNPEP,darkorange
RNU5E,darkorange
RNU6-2,darkorange
RPH3AL,darkorange
RPL9,darkorange
RPS20,darkorange
RPS29,darkorange
RPS6KA2,darkorange
RPSA,darkorange
RPTOR,darkorange
RRP12,darkorange
RSF1,darkorange
RSPO3,darkorange
RSRC2,darkorange
RUFY3,darkorange
RUNDC1,darkorange
RUNX1,darkorange
RUNX2,darkorange
SAMD4A,darkorange
SCAMP2,darkorange
SCAND1,darkorange
SCARNA8,darkorange
SCLT1,darkorange
SDCCAG8,darkorange
SDK1,darkorange
SEC22A,darkorange
SEC63,darkorange
SEMA5B,darkorange
SEMA6A,darkorange
SENP1,darkorange
SENP7,darkorange
SEP-05,darkorange
SERPINA6,darkorange
SGTB,darkorange
SH3RF1,darkorange
SIK3,darkorange
SKAP1,darkorange
SLC16A6,darkorange
SLC17A6,darkorange
SLC22A23,darkorange
SLC25A28,darkorange
SLC25A33,darkorange
SLC33A1,darkorange
SLC37A3,darkorange
SLC38A8,darkorange
SLC45A4,darkorange
SLC4A10,darkorange
SLC4A9,darkorange
SLC6A5,darkorange
SLC7A11,darkorange
SLC7A6,darkorange
SLCO4C1,darkorange
SLCO5A1,darkorange
SLIT1,darkorange
SLIT3,darkorange
SLU7,darkorange
SMARCA2,darkorange
SMCO4,darkorange
SND1,darkorange
SNHG3,darkorange
SNIP1,darkorange
SNRNP48,darkorange
SNX4,darkorange
SNX8,darkorange
SNX9,darkorange
SORCS2,darkorange
SOX4,darkorange
SP3,darkorange
SPATA13,darkorange
SPG7,darkorange
SPRYD4,darkorange
SPTBN1,darkorange
SPTBN2,darkorange
SRGAP1,darkorange
SRGAP2,darkorange
SRPK2,darkorange
SSFA2,darkorange
STAC,darkorange
STAG1,darkorange
STAT3,darkorange
STAU2,darkorange
STK17B,darkorange
SUGT1P1,darkorange
SUPV3L1,darkorange
SVIL,darkorange
SYNGAP1,darkorange
SYT14,darkorange
TAF8,darkorange
TAS2R60,darkorange
TBC1D5,darkorange
TBCD,darkorange
TBX4,darkorange
TCAF1,darkorange
TCERG1L,darkorange
TCF7L2,darkorange
TCOF1,darkorange
TEKT3,darkorange
TGFB3,darkorange
THSD7B,darkorange
THUMPD3,darkorange
TM2D3,darkorange
TMEM116,darkorange
TMEM131,darkorange
TMEM132C,darkorange
TMEM132D,darkorange
TMEM14B,darkorange
TMEM167B,darkorange
TMEM179B,darkorange
TMEM38A,darkorange
TMEM51,darkorange
TMTC2,darkorange
TNFAIP8,darkorange
TNFRSF8,darkorange
TNFSF11,darkorange
TNRC6B,darkorange
TPH2,darkorange
TPK1,darkorange
TPRG1L,darkorange
TRAF3IP1,darkorange
TRAF3IP2-AS1,darkorange
TRAPPC3,darkorange
TRAPPC9,darkorange
TRIM17,darkorange
TRIO,darkorange
TRIOBP,darkorange
TRIT1,darkorange
TRPM5,darkorange
TSC22D1,darkorange
TSGA13,darkorange
TSKU,darkorange
TSPAN19,darkorange
TSPYL6,darkorange
TTBK2,darkorange
TTC32,darkorange
TTI1,darkorange
TTI2,darkorange
TULP3,darkorange
TUSC3,darkorange
TXNDC15,darkorange
TXNRD1,darkorange
UBAC1,darkorange
UBC,darkorange
UBE2E2,darkorange
UBE2N,darkorange
UBE3A,darkorange
UBE3B,darkorange
UBIAD1,darkorange
UNQ6494,darkorange
UQCRB,darkorange
URB1-AS1,darkorange
USP22,darkorange
USP46,darkorange
USP8,darkorange
UST,darkorange
VCAN,darkorange
VKORC1,darkorange
VPS33A,darkorange
WDR20,darkorange
WDR25,darkorange
WDR27,darkorange
WDR66,darkorange
WDR81,darkorange
WDR86-AS1,darkorange
WFDC3,darkorange
WIPF2,darkorange
XXYLT1,darkorange
XYLT1,darkorange
YAE1D1,darkorange
YPEL2,darkorange
ZBED6,darkorange
ZBTB20,darkorange
ZBTB8OS,darkorange
ZFAND2A,darkorange
ZFHX3,darkorange
ZFP41,darkorange
ZFP90,darkorange
ZNF10,darkorange
ZNF12,darkorange
ZNF200,darkorange
ZNF407,darkorange
ZNF408,darkorange
ZNF441,darkorange
ZNF444,darkorange
ZNF501,darkorange
ZNF562,darkorange
ZNF608,darkorange
ZNF616,darkorange
ZNF644,darkorange
ZNF718,darkorange
ZNF778,darkorange
ZNF790,darkorange
ZRANB1,darkorange
A4GALT,darkred
AACS,darkred
AARS2,darkred
AASDH,darkred
ABCA5,darkred
ABCE1,darkred
ABHD10,darkred
ABHD12,darkred
ABHD14B,darkred
ABHD17B,darkred
ABLIM2,darkred
ABTB2,darkred
ACACA,darkred
ACAD9,darkred
ACADL,darkred
ACAP1,darkred
ACCN1,darkred
ACSF2,darkred
ACTG1,darkred
ACTN1,darkred
ACTR3B,darkred
ACYP2,darkred
ADAM22,darkred
ADAMTS14,darkred
ADAMTS19-AS1,darkred
ADAR,darkred
ADCK4,darkred
ADGRF4,darkred
ADGRV1,darkred
ADIPOR2,darkred
ADK,darkred
ADRB2,darkred
AES,darkred
AFF1,darkred
AGAP1,darkred
AGGF1,darkred
AGPAT3,darkred
AGPAT9,darkred
AHCY,darkred
AHCYL2,darkred
AIMP1,darkred
AK7,darkred
AKAP1,darkred
AKAP2,darkred
AKAP8,darkred
AKAP8L,darkred
AKIRIN1,darkred
AKT1,darkred
ALDH3A1,darkred
ALDH9A1,darkred
ALDOA,darkred
ALG11,darkred
ALG5,darkred
ALS2,darkred
AMIGO1,darkred
AMIGO2,darkred
AMPD2,darkred
ANAPC7,darkred
ANKRD12,darkred
ANKRD28,darkred
ANKRD31,darkred
ANKRD34A,darkred
ANKRD44,darkred
ANKS1A,darkred
ANKS1B,darkred
ANXA5,darkred
AP1AR,darkred
AP1M1,darkred
AP2S1,darkred
APBA3,darkred
APH1A,darkred
APH1B,darkred
APOE,darkred
APP,darkred
APPBP2,darkred
ARAP2,darkred
ARHGAP18,darkred
ARHGAP20,darkred
ARHGAP24,darkred
ARHGEF17,darkred
ARID1A,darkred
ARID1B,darkred
ARID2,darkred
ARID4B,darkred
ARID5B,darkred
ARL15,darkred
ARL6IP6,darkred
ARMC1,darkred
ARNTL,darkred
ARNTL2,darkred
ARPP19,darkred
ARRDC1-AS1,darkred
ASB1,darkred
ASCC3,darkred
ASH1L,darkred
ASNSD1,darkred
ASS1,darkred
ASTN1,darkred
ATE1,darkred
ATF2,darkred
ATM,darkred
ATN1,darkred
ATOX1,darkred
ATP10A,darkred
ATP2C1,darkred
ATP5G3,darkred
ATP5J,darkred
ATP5L,darkred
ATP6V0A4,darkred
ATP6V0B,darkred
ATP6V0C,darkred
ATP6V1B2,darkred
ATP6V1H,darkred
ATP8A1,darkred
ATP8B1,darkred
ATRIP,darkred
ATXN1,darkred
ATXN7L2,darkred
AUH,darkred
AURKB,darkred
AVPR1A,darkred
AZIN1,darkred
B3GAT3,darkred
B4GALT5,darkred
BAALC,darkred
BAI3,darkred
BAK1,darkred
BANF1,darkred
BAT2,darkred
BAT3,darkred
BAT5,darkred
BAZ2A,darkred
BAZ2B,darkred
BCAR3,darkred
BCAS1,darkred
BCAS3,darkred
BCAS4,darkred
BCCIP,darkred
BCL2L13,darkred
BCL6,darkred
BCLAF1,darkred
BDNF,darkred
BEGAIN,darkred
BHLHE22,darkred
BIN1,darkred
BIN2,darkred
BMPER,darkred
BNIP2,darkred
BNIP3,darkred
BRD2,darkred
BRD8,darkred
BRDT,darkred
BREA2,darkred
BRINP2,darkred
BRP44L,darkred
BTG1,darkred
BUD13,darkred
C10ORF26,darkred
C10ORF28,darkred
C11ORF24,darkred
C11ORF57,darkred
C11ORF63,darkred
C11ORF74,darkred
C12ORF35,darkred
C12ORF57,darkred
C12ORF65,darkred
C12ORF72,darkred
C13ORF38,darkred
C14ORF159,darkred
C14ORF166B,darkred
C14ORF23,darkred
C15ORF23,darkred
C15ORF26,darkred
C15ORF27,darkred
C16ORF75,darkred
C17ORF55,darkred
C17ORF80,darkred
C18ORF1,darkred
C19ORF2,darkred
C19ORF28,darkred
C19ORF47,darkred
C19ORF53,darkred
C19ORF54,darkred
C19ORF56,darkred
C19ORF61,darkred
C1ORF122,darkred
C1ORF31,darkred
C1ORF85,darkred
C1ORF96,darkred
C20ORF7,darkred
C20ORF85,darkred
C20ORF95,darkred
C21ORF91,darkred
C22ORF36,darkred
C2ORF44,darkred
C2ORF68,darkred
C2ORF74,darkred
C2ORF80,darkred
C2ORF86,darkred
C2ORF89,darkred
C3ORF14,darkred
C3ORF38,darkred
C3ORF50,darkred
C3ORF58,darkred
C3ORF67-AS1,darkred
C4ORF34,darkred
C4ORF36,darkred
C4ORF46,darkred
C5ORF24,darkred
C5ORF30,darkred
C5ORF44,darkred
C6ORF10,darkred
C6ORF115,darkred
C6ORF136,darkred
C6ORF165,darkred
C6ORF204,darkred
C6ORF217,darkred
C6ORF35,darkred
C6ORF48,darkred
C6ORF62,darkred
C7ORF64,darkred
C8ORF44-SGK3,darkred
C8ORF48,darkred
C8ORF51,darkred
C8ORF59,darkred
C8ORF83,darkred
C9ORF7,darkred
C9ORF89,darkred
CABIN1,darkred
CABYR,darkred
CACHD1,darkred
CACNB3,darkred
CACNG1,darkred
CACYBP,darkred
CADPS,darkred
CAGE1,darkred
CALU,darkred
CAMK2D,darkred
CAMTA2,darkred
CAND1,darkred
CAPS2,darkred
CAPZA1,darkred
CARD6,darkred
CARHSP1,darkred
CARNMT1,darkred
CARNS1,darkred
CASP6,darkred
CASP8AP2,darkred
CASP9,darkred
CATSPERG,darkred
CBARA1,darkred
CBLL1,darkred
CBLN2,darkred
CCDC104,darkred
CCDC142,darkred
CCDC144NL,darkred
CCDC149,darkred
CCDC169,darkred
CCDC3,darkred
CCDC37,darkred
CCDC47,darkred
CCDC53,darkred
CCDC6,darkred
CCDC62,darkred
CCDC66,darkred
CCDC69,darkred
CCDC80,darkred
CCDC88B,darkred
CCDC90B,darkred
CCNA2,darkred
CCNB2,darkred
CCNC,darkred
CCND2,darkred
CCNG1,darkred
CCNY,darkred
CCPG1,darkred
CCSER2,darkred
CD320,darkred
CD6,darkred
CDADC1,darkred
CDC14B,darkred
CDC42SE1,darkred
CDGAP,darkred
CDK2AP1,darkred
CDK2AP2,darkred
CDK5RAP2,darkred
CDK6,darkred
CDKN1B,darkred
CDX2,darkred
CELF1,darkred
CELF3,darkred
CENPBD1,darkred
CENPE,darkred
CENPH,darkred
CENPK,darkred
CENPN,darkred
CEP170,darkred
CEP57L1,darkred
CERK,darkred
CES5A,darkred
CFAP61,darkred
CFL2,darkred
CHAC2,darkred
CHAF1A,darkred
CHCHD6,darkred
CHCHD8,darkred
CHD4,darkred
CHD9,darkred
CHMP4A,darkred
CHP,darkred
CHRNA4,darkred
CHRNA7,darkred
CHST12,darkred
CHUK,darkred
CHURC1,darkred
CHURC1-FNTB,darkred
CIDEA,darkred
CIT,darkred
CITED2,darkred
CKAP5,darkred
CLASP2,darkred
CLCN2,darkred
CLCN3,darkred
CLDN1,darkred
CLDN12,darkred
CLEC16A,darkred
CLEC1A,darkred
CLK1,darkred
CLK4,darkred
CLN3,darkred
CLP1,darkred
CLPTM1,darkred
CNN3,darkred
CNNM4,darkred
CNOT10,darkred
CNOT8,darkred
COBLL1,darkred
COG4,darkred
COL11A1,darkred
COL23A1,darkred
COL24A1,darkred
COL29A1,darkred
COL4A3BP,darkred
COL5A2,darkred
COMMD9,darkred
COPZ1,darkred
COPZ2,darkred
COQ10B,darkred
CORIN,darkred
CORO1C,darkred
CORO7,darkred
CP110,darkred
CPEB3,darkred
CPNE1,darkred
CREBZF,darkred
CRIM1,darkred
CSDAP1,darkred
CSMD1,darkred
CSMD2,darkred
CSMD3,darkred
CSNK1A1,darkred
CSNK2A1,darkred
CSPP1,darkred
CSRNP3,darkred
CTH,darkred
CTNND2,darkred
CWC22,darkred
CWC27,darkred
CWF19L2,darkred
CXCL5,darkred
CXCR4,darkred
CYC1,darkred
CYP27A1,darkred
CYP2U1,darkred
CYP39A1,darkred
CYP46A1,darkred
CYTH2,darkred
D4S234E,darkred
DAB1,darkred
DAD1,darkred
DAPK3,darkred
DARS-AS1,darkred
DARS2,darkred
DAXX,darkred
DAZAP1,darkred
DAZAP2,darkred
DBF4,darkred
DBF4B,darkred
DCAKD,darkred
DCLRE1C,darkred
DCP1B,darkred
DCTD,darkred
DCTN4,darkred
DDAH2,darkred
DDN,darkred
DDX24,darkred
DDX27,darkred
DDX42,darkred
DDX47,darkred
DDX50,darkred
DEDD,darkred
DEK,darkred
DEPDC1B,darkred
DEPDC6,darkred
DEPDC7,darkred
DFNB31,darkred
DGKB,darkred
DHDDS,darkred
DHFRL1,darkred
DHODH,darkred
DHRS1,darkred
DHRS3,darkred
DHX8,darkred
DIAPH1,darkred
DIP2B,darkred
DIRC2,darkred
DIRC3,darkred
DIS3L,darkred
DIXDC1,darkred
DKK2,darkred
DKK3,darkred
DLD,darkred
DLGAP1-AS1,darkred
DLGAP4,darkred
DLX6AS,darkred
DMKN,darkred
DMTF1,darkred
DNAAF1,darkred
DNAJA1,darkred
DNAJA2,darkred
DNAJC16,darkred
DNAJC17,darkred
DNAJC2,darkred
DNAJC24,darkred
DNAJC28,darkred
DNAL4,darkred
DOLK,darkred
DPF1,darkred
DPH5,darkred
DPP10,darkred
DPY19L3,darkred
DPY19L4,darkred
DPYD,darkred
DPYSL3,darkred
DRG1,darkred
DTD1,darkred
DTNA,darkred
DTNBP1,darkred
DTWD2,darkred
DTX4,darkred
DUSP1,darkred
DUSP11,darkred
DUSP19,darkred
DUSP23,darkred
DUSP5,darkred
DVL2,darkred
DYNC1I1,darkred
DYNC1LI1,darkred
DYNC2H1,darkred
DYNLL1,darkred
DYNLRB1,darkred
DYNLRB2,darkred
DYNLT1,darkred
DYRK1B,darkred
DZANK1,darkred
ECHDC3,darkred
ECSIT,darkred
EDEM2,darkred
EDEM3,darkred
EDN1,darkred
EEF1A1,darkred
EEF1G,darkred
EFCAB5,darkred
EFCAB6,darkred
EFHA1,darkred
EGLN1,darkred
EGLN3,darkred
EHBP1,darkred
EID2,darkred
EIF1,darkred
EIF2C3,darkred
EIF3D,darkred
EIF4ENIF1,darkred
EIF4G3,darkred
EIF5A,darkred
ELAVL2,darkred
ELF1,darkred
ELK3,darkred
ELK4,darkred
ELOVL3,darkred
ELP2P,darkred
EML4,darkred
ENO1,darkred
ENOSF1,darkred
ENPP1,darkred
ENPP2,darkred
ENPP4,darkred
ENSA,darkred
ENTPD4,darkred
ENTPD6,darkred
ENY2,darkred
EPB41L4B,darkred
EPC1,darkred
EPO,darkred
ERCC2,darkred
ERCC8,darkred
EREG,darkred
ERF,darkred
ERGIC2,darkred
ERLEC1,darkred
ERO1L,darkred
ESCO1,darkred
ESF1,darkred
ESPL1,darkred
ESYT1,darkred
ETAA1,darkred
ETFDH,darkred
ETS1,darkred
ETV1,darkred
ETV5,darkred
EXOC2,darkred
EXOC6,darkred
EXOSC10,darkred
EYS,darkred
EZH1,darkred
F5,darkred
FAF1,darkred
FAIM,darkred
FAM110A,darkred
FAM117A,darkred
FAM120AOS,darkred
FAM126A,darkred
FAM134C,darkred
FAM135A,darkred
FAM150A,darkred
FAM163A,darkred
FAM164C,darkred
FAM170A,darkred
FAM172A,darkred
FAM184A,darkred
FAM19A4,darkred
FAM214B,darkred
FAM227A,darkred
FAM36A,darkred
FAM46C,darkred
FAM53A,darkred
FAM59B,darkred
FAM5C,darkred
FAM76B,darkred
FAM78A,darkred
FAM84B,darkred
FAM8A1,darkred
FAM98A,darkred
FAM98B,darkred
FANCF,darkred
FAR1,darkred
FASTKD1,darkred
FASTKD2,darkred
FBXL12,darkred
FBXL22,darkred
FBXO27,darkred
FBXW7,darkred
FCHSD2,darkred
FDFT1,darkred
FER1L6-AS2,darkred
FERMT2,darkred
FGF12,darkred
FGF14,darkred
FGF3,darkred
FGF5,darkred
FGFR1,darkred
FGGY,darkred
FIP1L1,darkred
FKBP10,darkred
FKBP7,darkred
FKBPL,darkred
FLJ45244,darkred
FMN2,darkred
FMNL3,darkred
FMO1,darkred
FNTB,darkred
FOCAD-AS1,darkred
FOXA1,darkred
FOXM1,darkred
FOXN4,darkred
FOXP1,darkred
FRK,darkred
FRRS1,darkred
FSIP1,darkred
FTSJD1,darkred
FUT10,darkred
FUZ,darkred
FYN,darkred
FZD2,darkred
GABBR1,darkred
GABPB2,darkred
GABRA2,darkred
GABRA4,darkred
GABRB2,darkred
GAN,darkred
GARS,darkred
GART,darkred
GAS2,darkred
GCLM,darkred
GCNT1,darkred
GDAP2,darkred
GEMIN6,darkred
GEMIN7,darkred
GFI1,darkred
GFOD1,darkred
GFOD2,darkred
GGACT,darkred
GGPS1,darkred
GHR,darkred
GIPC2,darkred
GIPR,darkred
GIT2,darkred
GJB2,darkred
GJD3,darkred
GLCCI1,darkred
GLG1,darkred
GLI4,darkred
GLIS3,darkred
GLT6D1,darkred
GLT8D1,darkred
GLTSCR1,darkred
GLYATL1,darkred
GMNN,darkred
GNA12,darkred
GNAI3,darkred
GNB2L1,darkred
GNG12,darkred
GNG7,darkred
GNPTAB,darkred
GNRHR2,darkred
GOLGB1,darkred
GOLSYN,darkred
GON4L,darkred
GPC6,darkred
GPHN,darkred
GPI,darkred
GPR107,darkred
GPR108,darkred
GPR160,darkred
GPR39,darkred
GRB2,darkred
GRIA4,darkred
GRID2IP,darkred
GRIK4,darkred
GRIN1,darkred
GRIP2,darkred
GRK5,darkred
GRM1,darkred
GRPEL2,darkred
GRWD1,darkred
GSDMD,darkred
GSR,darkred
GSTA4,darkred
GSTCD,darkred
GTF2IRD1,darkred
GTF3C2,darkred
GTF3C3,darkred
GTPBP3,darkred
GUCY2G,darkred
GYG1,darkred
H3F3A,darkred
H3F3B,darkred
HACL1,darkred
HAS3,darkred
HAUS4,darkred
HBP1,darkred
HCG9,darkred
HCRTR1,darkred
HDAC3,darkred
HDAC7,darkred
HDGF,darkred
HDGFL1,darkred
HECTD1,darkred
HELZ,darkred
HERC6,darkred
HES1,darkred
HEXA-AS1,darkred
HIBCH,darkred
HIP1R,darkred
HIST1H2AG,darkred
HIST1H2BB,darkred
HIST1H2BC,darkred
HIST1H2BG,darkred
HIST1H3D,darkred
HIST1H4A,darkred
HIST1H4C,darkred
HIST1H4D,darkred
HIST1H4E,darkred
HIST1H4K,darkred
HLA-DPB1,darkred
HLA-DPB2,darkred
HLA-DQB1,darkred
HLA-DQB2,darkred
HLA-F,darkred
HLTF-AS1,darkred
HLX,darkred
HMGCL,darkred
HMGXB4,darkred
HMHA1,darkred
HMX2,darkred
HNRNPA1,darkred
HNRNPA2B1,darkred
HNRNPAB,darkred
HNRNPR,darkred
HNRNPU,darkred
HNRNPUL1,darkred
HNRPLL,darkred
HOMER1,darkred
HOXC13,darkred
HPCAL4,darkred
HPS5,darkred
HPSE,darkred
HPSE2,darkred
HS3ST4,darkred
HSBP1,darkred
HSD17B12,darkred
HSPA2,darkred
HSPG2,darkred
HSPH1,darkred
HTR1B,darkred
HTT,darkred
HYAL3,darkred
HYI,darkred
ICK,darkred
ID4,darkred
IDE,darkred
IDH2,darkred
IFI44,darkred
IFI6,darkred
IFIT3,darkred
IFNGR2,darkred
IFRD1,darkred
IFRD2,darkred
IFT140,darkred
IFT52,darkred
IGDCC3,darkred
IGFBP2,darkred
IGFBP3,darkred
IGSF8,darkred
IGSF9B,darkred
IKBIP,darkred
IKZF2,darkred
IMMT,darkred
INCA1,darkred
INPP1,darkred
INPP5A,darkred
INPP5B,darkred
INSIG1,darkred
INTS2,darkred
INTS6,darkred
IPMK,darkred
IPO11,darkred
IPO13,darkred
IPO4,darkred
IPO8,darkred
IPO9,darkred
IPPK,darkred
IQCG,darkred
IQGAP2,darkred
ISL1,darkred
ITFG2,darkred
ITGAV,darkred
ITGB3BP,darkred
ITPA,darkred
ITPR1,darkred
ITSN1,darkred
JAKMIP2,darkred
JARID2,darkred
JKAMP,darkred
JMJD4,darkred
JTB,darkred
KARS,darkred
KATNAL2,darkred
KCNAB2,darkred
KCNC2,darkred
KCND3-IT1,darkred
KCNH7,darkred
KCNJ4,darkred
KCNN3,darkred
KCNQ1DN,darkred
KCNQ4,darkred
KCTD1,darkred
KCTD9,darkred
KDM1A,darkred
KDM2B,darkred
KDM3B,darkred
KDM5A,darkred
KIAA0101,darkred
KIAA0319,darkred
KIAA0368,darkred
KIAA0754,darkred
KIAA0907,darkred
KIAA1026,darkred
KIAA1217,darkred
KIAA1310,darkred
KIAA1324L,darkred
KIAA1486,darkred
KIAA1958,darkred
KIF17,darkred
KIF18A,darkred
KIF1B,darkred
KIF20A,darkred
KIF5B,darkred
KLF11,darkred
KLF12,darkred
KLHDC9,darkred
KLHL11,darkred
KLHL28,darkred
KLHL35,darkred
KMO,darkred
KNG1,darkred
KRCC1,darkred
KRI1,darkred
KRT10,darkred
LARP7,darkred
LBR,darkred
LCORL,darkred
LDAH,darkred
LDB1,darkred
LDHD,darkred
LEF1-AS1,darkred
LEPROT,darkred
LGR5,darkred
LIG1,darkred
LINC00261,darkred
LINC00636,darkred
LINC00643,darkred
LINC00998,darkred
LINC01089,darkred
LINC01166,darkred
LINC01315,darkred
LINC01578,darkred
LIPE-AS1,darkred
LIPT1,darkred
LITAF,darkred
LMBR1,darkred
LMCD1,darkred
LMNA,darkred
LNP1,darkred
LOC100126784,darkred
LOC100128239,darkred
LOC100128731,darkred
LOC100130691,darkred
LOC100130872-SPON2,darkred
LOC100130992,darkred
LOC100133612,darkred
LOC100133991,darkred
LOC100134229,darkred
LOC100506314,darkred
LOC100507006,darkred
LOC100507065,darkred
LOC100507424,darkred
LOC101927973,darkred
LOC101928068,darkred
LOC101928304,darkred
LOC101928823,darkred
LOC102724094,darkred
LOC146336,darkred
LOC150935,darkred
LOC285456,darkred
LOC338799,darkred
LOC340357,darkred
LOC389033,darkred
LOC400794,darkred
LOC63930,darkred
LOC645323,darkred
LOC652276,darkred
LPAR6,darkred
LPHN2,darkred
LPPR4,darkred
LRCH3,darkred
LRFN5,darkred
LRIG2,darkred
LRIG3,darkred
LRP5,darkred
LRRC20,darkred
LRRC23,darkred
LRRC28,darkred
LRRC71,darkred
LRRC8A,darkred
LRRC8C,darkred
LRRK1,darkred
LRRN2,darkred
LRRTM2,darkred
LSM1,darkred
LUZP2,darkred
LY6H,darkred
LYPLA1,darkred
LYPLAL1,darkred
LYRM4,darkred
LYRM7,darkred
LYSMD4,darkred
LYZL1,darkred
LZTS2,darkred
MACF1,darkred
MACROD1,darkred
MAD2L1BP,darkred
MADD,darkred
MAF,darkred
MAFK,darkred
MAGI1,darkred
MAGI2,darkred
MALRD1,darkred
MAN2C1,darkred
MAP2K6,darkred
MAP3K4,darkred
MAP3K7,darkred
MAP4K4,darkred
MAPK10,darkred
MAPKAPK3,darkred
MAPRE1,darkred
MAR-07,darkred
MAR-10,darkred
MARK2,darkred
MASTL,darkred
MAT2B,darkred
MATN3,darkred
MBD1,darkred
MBP,darkred
MBTPS1,darkred
MCC,darkred
MCM5,darkred
MCM7,darkred
MCOLN1,darkred
MCRS1,darkred
MDC1,darkred
MDFIC,darkred
MDH1B,darkred
MDM2,darkred
MECOM,darkred
MED10,darkred
MED13L,darkred
MED15,darkred
MED16,darkred
MED21,darkred
MED27,darkred
MED4,darkred
MEGF6,darkred
MEIS2,darkred
MEN1,darkred
MEOX2,darkred
MET,darkred
METT11D1,darkred
METTL11A,darkred
METTL14,darkred
METTL4,darkred
METTL6,darkred
METTL7A,darkred
MFAP1,darkred
MFSD9,darkred
MGA,darkred
MGAT2,darkred
MGC16275,darkred
MIPOL1,darkred
MIR124-1,darkred
MIR193B,darkred
MIR210,darkred
MIR376B,darkred
MIR4470,darkred
MIR449C,darkred
MIR548H3,darkred
MIR6733,darkred
MIR9-2,darkred
MIR933,darkred
MKX,darkred
MLH1,darkred
MLLT10,darkred
MLLT4,darkred
MMP16,darkred
MMP25,darkred
MNAT1,darkred
MNT,darkred
MNX1,darkred
MOBKL1A,darkred
MOBKL2B,darkred
MOBKL3,darkred
MOCS2,darkred
MOCS3,darkred
MPDU1,darkred
MPHOSPH6,darkred
MPHOSPH8,darkred
MPP2,darkred
MPPED2,darkred
MRC2,darkred
MRFAP1,darkred
MRPL1,darkred
MRPL15,darkred
MRPL22,darkred
MRPL27,darkred
MRPL3,darkred
MRPL52,darkred
MRPS11,darkred
MRPS24,darkred
MRPS30,darkred
MRPS31,darkred
MRPS33,darkred
MSI2,darkred
MSRA,darkred
MSRB2,darkred
MT1DP,darkred
MTERFD3,darkred
MTFR1L,darkred
MTHFR,darkred
MTL5,darkred
MTMR14,darkred
MTMR3,darkred
MTO1,darkred
MTOR,darkred
MTRF1L,darkred
MTUS1,darkred
MUDENG,darkred
MUL1,darkred
MUS81,darkred
MXD1,darkred
MYB,darkred
MYBPC1,darkred
MYCN,darkred
MYCNOS,darkred
MYH14,darkred
MYL12B,darkred
MYO16,darkred
MYO1D,darkred
MYOF,darkred
MYOM2,darkred
MZF1,darkred
N4BP2L2,darkred
NAA30,darkred
NAA35,darkred
NABP1,darkred
NACA,darkred
NADK2,darkred
NAMPT,darkred
NANS,darkred
NAPB,darkred
NARS2,darkred
NAT15,darkred
NBEAL1,darkred
NBN,darkred
NCL,darkred
NCOA2,darkred
NCOR2,darkred
NCRNA00120,darkred
NCRNA00167,darkred
NCRNA00188,darkred
NDFIP2,darkred
NDNL2,darkred
NDRG4,darkred
NDUFA3,darkred
NDUFA5,darkred
NDUFA8,darkred
NDUFB7,darkred
NDUFC1,darkred
NDUFS6,darkred
NECAP1,darkred
NEDD9,darkred
NEIL2,darkred
NEK1,darkred
NEK6,darkred
NEU3,darkred
NFAT5,darkred
NFATC2IP,darkred
NFATC3,darkred
NFIA,darkred
NFIC,darkred
NFKBIA,darkred
NFXL1,darkred
NFYC,darkred
NGRN,darkred
NHLRC2,darkred
NICN1,darkred
NID2,darkred
NIFK-AS1,darkred
NIT2,darkred
NKAIN3,darkred
NKD1,darkred
NME5,darkred
NMI,darkred
NMRK1,darkred
NNT,darkred
NOL11,darkred
NOL12,darkred
NOL4,darkred
NOM1,darkred
NOS1AP,darkred
NPLOC4,darkred
NPR1,darkred
NPR3,darkred
NQO2,darkred
NR1D2,darkred
NR1H3,darkred
NR3C1,darkred
NR6A1,darkred
NRBF2,darkred
NRBP1,darkred
NRD1,darkred
NRIP2,darkred
NRXN3,darkred
NSUN3,darkred
NT5C3,darkred
NTRK2,darkred
NUBPL,darkred
NUDT6,darkred
NUF2,darkred
NUFIP2,darkred
NUP50-AS1,darkred
NUPL2,darkred
NVL,darkred
NXT1,darkred
NYAP2,darkred
OAF,darkred
OAS1,darkred
OAS3,darkred
OAZ2,darkred
OBFC1,darkred
OBSCN,darkred
OCEL1,darkred
OGFOD1,darkred
OGG1,darkred
ONECUT3,darkred
OPCML,darkred
OPN5,darkred
OR5V1,darkred
OS9,darkred
OSBPL1A,darkred
OSBPL9,darkred
OTUD6B-AS1,darkred
P3H1,darkred
PAFAH2,darkred
PALLD,darkred
PALM2,darkred
PANK2,darkred
PARD3B,darkred
PARK2,darkred
PARP1,darkred
PARP14,darkred
PARVB,darkred
PATZ1,darkred
PAX3,darkred
PAX9,darkred
PBLD,darkred
PCBD2,darkred
PCDH9-AS2,darkred
PCDHAC2,darkred
PCDHB11,darkred
PCDHB14,darkred
PCDHB16,darkred
PCDHGA1,darkred
PCLO,darkred
PCNP,darkred
PCNT,darkred
PCNX,darkred
PCSK1,darkred
PCSK5,darkred
PCYOX1,darkred
PCYOX1L,darkred
PDCD7,darkred
PDE10A,darkred
PDE1B,darkred
PDE3B,darkred
PDIA6,darkred
PDK2,darkred
PDS5A,darkred
PDX1,darkred
PDZRN3,darkred
PECR,darkred
PELI2,darkred
PEX5,darkred
PEX5L,darkred
PEX7,darkred
PFAS,darkred
PFDN1,darkred
PFDN5,darkred
PFKFB3,darkred
PFN2,darkred
PGAM1,darkred
PGPEP1,darkred
PGRMC2,darkred
PGS1,darkred
PHACTR1,darkred
PHAX,darkred
PHB,darkred
PHC2,darkred
PHF1,darkred
PHF12,darkred
PHF21A,darkred
PHF21B,darkred
PI4KA,darkred
PIAS1,darkred
PIAS3,darkred
PID1,darkred
PIGG,darkred
PIGL,darkred
PIH1D2,darkred
PIK3R1,darkred
PIKFYVE,darkred
PINX1,darkred
PIP4K2C,darkred
PIP5K1B,darkred
PITPNC1,darkred
PJA2,darkred
PKD1L2,darkred
PLA2G12A,darkred
PLA2G16,darkred
PLA2G1B,darkred
PLA2G4D,darkred
PLAGL1,darkred
PLCL1,darkred
PLCXD2,darkred
PLEKHA8,darkred
PLEKHB2,darkred
PLEKHG3,darkred
PLEKHH1,darkred
PLK4,darkred
PLOD2,darkred
PLSCR1,darkred
PLXDC2,darkred
PLXNA4,darkred
PMEPA1,darkred
PNPLA6,darkred
PNRC2,darkred
POLD1,darkred
POLD2,darkred
POLE3,darkred
POLH,darkred
POLQ,darkred
POLR1D,darkred
POLR2F,darkred
POLR2K,darkred
POMGNT1,darkred
POT1,darkred
PPA1,darkred
PPAPDC2,darkred
PPARD,darkred
PPARGC1B,darkred
PPFIA3,darkred
PPFIBP2,darkred
PPHLN1,darkred
PPM1D,darkred
PPM1G,darkred
PPP1R15B,darkred
PPP1R9A,darkred
PPP2R1A,darkred
PPP2R1B,darkred
PPP3CA,darkred
PPP6R1,darkred
PPRC1,darkred
PRCP,darkred
PRDM13,darkred
PRDM16,darkred
PRDM8,darkred
PREPL,darkred
PREX2,darkred
PRIM2,darkred
PRKAB1,darkred
PRKACB,darkred
PRKCA,darkred
PRKCDBP,darkred
PRKG1,darkred
PRKRA,darkred
PRMT2,darkred
PRPF19,darkred
PRPF4B,darkred
PRPSAP2,darkred
PRRC1,darkred
PRRT4,darkred
PRRX1,darkred
PSMA3,darkred
PSMC1,darkred
PSMC3,darkred
PSMD2,darkred
PSMD3,darkred
PSME4,darkred
PSORS1C1,darkred
PSRC1,darkred
PSTK,darkred
PTDSS1,darkred
PTEN,darkred
PTGDS,darkred
PTGES3,darkred
PTGR2,darkred
PTGS2,darkred
PTK2,darkred
PTN,darkred
PTPN12,darkred
PTPN4,darkred
PTPN5,darkred
PTPRG,darkred
PTPRN2,darkred
PTPRU,darkred
PTRH2,darkred
PTTG1,darkred
PVRL1,darkred
PWP2,darkred
PXDN,darkred
PYGL,darkred
QPCTL,darkred
QRICH1,darkred
QSER1,darkred
RAB10,darkred
RAB29,darkred
RAB4A,darkred
RAB6A,darkred
RABAC1,darkred
RABGAP1L,darkred
RAD1,darkred
RAD17,darkred
RAD23B,darkred
RAD51AP1,darkred
RAD51AP2,darkred
RAET1G,darkred
RAPGEF1,darkred
RARB,darkred
RARG,darkred
RASA2,darkred
RASA3,darkred
RASGEF1B,darkred
RASGRP2,darkred
RASSF1,darkred
RASSF8-AS1,darkred
RB1CC1,darkred
RBFOX1,darkred
RBFOX3,darkred
RBM25,darkred
RBM27,darkred
RBM39,darkred
RBM47,darkred
RBM8A,darkred
RBMS3,darkred
RCCD1,darkred
RCOR1,darkred
RECQL,darkred
RECQL5,darkred
REST,darkred
RFXANK,darkred
RGL3,darkred
RGS10,darkred
RIC8B,darkred
RICTOR,darkred
RIF1,darkred
RIIAD1,darkred
RILPL1,darkred
RIMKLA,darkred
RIMKLB,darkred
RIN1,darkred
RIN3,darkred
RIOK3,darkred
RIPPLY2,darkred
RNASET2,darkred
RNF111,darkred
RNF121,darkred
RNF130,darkred
RNF135,darkred
RNF139,darkred
RNF157,darkred
RNF167,darkred
RNF169,darkred
RNGTT,darkred
RNH1,darkred
RNPS1,darkred
ROBO3,darkred
ROGDI,darkred
ROMO1,darkred
ROPN1L,darkred
RPGRIP1L,darkred
RPL11,darkred
RPL13,darkred
RPL14,darkred
RPL23A,darkred
RPL32P3,darkred
RPL35A,darkred
RPL39L,darkred
RPL41,darkred
RPL6,darkred
RPL9,darkred
RPP21,darkred
RPP30,darkred
RPP38,darkred
RPPH1,darkred
RPRD2,darkred
RPS12,darkred
RPS19,darkred
RPS24,darkred
RPS29,darkred
RPS3A,darkred
RPS6KA5,darkred
RPSA,darkred
RPUSD1,darkred
RRAGC,darkred
RSPO3,darkred
RTF1,darkred
RTTN,darkred
RYBP,darkred
RYR2,darkred
S100A11,darkred
SAMD3,darkred
SAMD4A,darkred
SAP30BP,darkred
SBDSP1,darkred
SCAND1,darkred
SCAND2P,darkred
SCFD1,darkred
SCGB2A1,darkred
SCMH1,darkred
SCP2,darkred
SCYL3,darkred
SDAD1,darkred
SDC1,darkred
SDC2,darkred
SDHD,darkred
SEC14L1,darkred
SEC14L5,darkred
SEC22B,darkred
SEC22C,darkred
SEC23A,darkred
SEC24C,darkred
SEC31B,darkred
SEC61A1,darkred
SECISBP2,darkred
SELI,darkred
SELO,darkred
SELT,darkred
SEMA6A,darkred
SEMA6D,darkred
SENP8,darkred
SEP-05,darkred
SERF2,darkred
SERGEF,darkred
SERINC3,darkred
SERINC4,darkred
SERINC5,darkred
SERP1,darkred
SETD1B,darkred
SETD3,darkred
SETD4,darkred
SETD5,darkred
SETMAR,darkred
SF3B2,darkred
SFMBT1,darkred
SFPQ,darkred
SFRS1,darkred
SFRS12,darkred
SFRS13B,darkred
SFRS18,darkred
SGCE,darkred
SGIP1,darkred
SGK3,darkred
SGMS1,darkred
SGOL2,darkred
SH3BP5,darkred
SH3D20,darkred
SH3GL3,darkred
SH3GLB1,darkred
SH3GLB2,darkred
SHANK2,darkred
SHC1,darkred
SHC3,darkred
SHH,darkred
SHISA7,darkred
SHMT2,darkred
SHPRH,darkred
SHROOM3,darkred
SIDT2,darkred
SIK2,darkred
SIN3A,darkred
SIPA1L1,darkred
SKAP2,darkred
SKI,darkred
SLC15A4,darkred
SLC16A9,darkred
SLC19A2,darkred
SLC1A3,darkred
SLC1A6,darkred
SLC22A3,darkred
SLC22A4,darkred
SLC23A2,darkred
SLC25A13,darkred
SLC25A17,darkred
SLC25A24,darkred
SLC25A32,darkred
SLC25A38,darkred
SLC25A40,darkred
SLC27A3,darkred
SLC29A1,darkred
SLC2A1,darkred
SLC2A4,darkred
SLC30A9,darkred
SLC35F2,darkred
SLC35F3,darkred
SLC37A3,darkred
SLC38A10,darkred
SLC39A4,darkred
SLC39A7,darkred
SLC39A9,darkred
SLC3A2,darkred
SLC45A4,darkred
SLC6A12,darkred
SLC8A1,darkred
SLIRP,darkred
SLIT1,darkred
SLMO1,darkred
SLMO2,darkred
SLTM,darkred
SMARCA5,darkred
SMC3,darkred
SMIM19,darkred
SMOX,darkred
SMPD2,darkred
SMPDL3B,darkred
SMUG1,darkred
SNAPC2,darkred
SND1,darkred
SNHG4,darkred
SNHG5,darkred
SNORA16A,darkred
SNORA38,darkred
SNORD104,darkred
SNORD126,darkred
SNORD45C,darkred
SNRNP48,darkred
SNRPA,darkred
SNTG1,darkred
SNX11,darkred
SNX16,darkred
SNX19,darkred
SORCS3,darkred
SOX2-OT,darkred
SP3,darkred
SPATA1,darkred
SPATS2L,darkred
SPG20,darkred
SPG21,darkred
SPHK2,darkred
SPOCK2,darkred
SPOCK3,darkred
SPOP,darkred
SPOPL,darkred
SPPL2A,darkred
SPRY1,darkred
SPRYD3,darkred
SPSB4,darkred
SPTBN1,darkred
SPTY2D1,darkred
SRF,darkred
SRPR,darkred
SRPRB,darkred
SS18,darkred
SSBP1,darkred
SSH1,darkred
ST3GAL2,darkred
ST6GAL1,darkred
ST7,darkred
STAG3,darkred
STAM-AS1,darkred
STAMBP,darkred
STARD13,darkred
STEAP2,darkred
STIM2,darkred
STK19,darkred
STK4,darkred
STOML1,darkred
STRAP,darkred
STRN3,darkred
STX11,darkred
STX17,darkred
STX18,darkred
STX7,darkred
SUGT1,darkred
SULF2,darkred
SULT4A1,darkred
SUPT16H,darkred
SUV420H1,darkred
SVBP,darkred
SYCE1L,darkred
SYCP1,darkred
SYF2,darkred
SYNCRIP,darkred
SYNE1,darkred
SYNGAP1,darkred
SYNPO2,darkred
SYT5,darkred
TACC1,darkred
TACO1,darkred
TAF12,darkred
TAF2,darkred
TAMM41,darkred
TAOK3,darkred
TAP1,darkred
TAS1R1,darkred
TATDN3,darkred
TBC1D1,darkred
TBC1D19,darkred
TBC1D22A,darkred
TBC1D5,darkred
TBK1,darkred
TBXAS1,darkred
TCF4,darkred
TCF7L1,darkred
TCTN3,darkred
TDH,darkred
TEAD1,darkred
TEAD4,darkred
TECPR2,darkred
TEP1,darkred
TERF2,darkred
TERF2IP,darkred
TESK1,darkred
TET2,darkred
TFAP2A,darkred
TFAP2D,darkred
TFG,darkred
TGIF1,darkred
TGOLN2,darkred
THAP8,darkred
THCAT158,darkred
THEM4,darkred
THNSL1,darkred
THOC7,darkred
TIGD1,darkred
TIMP2,darkred
TIRAP,darkred
TLL2,darkred
TM2D1,darkred
TM9SF2,darkred
TMBIM1,darkred
TMCO7,darkred
TMED4,darkred
TMED5,darkred
TMEM106C,darkred
TMEM107,darkred
TMEM111,darkred
TMEM123,darkred
TMEM126B,darkred
TMEM143,darkred
TMEM149,darkred
TMEM161B,darkred
TMEM178B,darkred
TMEM196,darkred
TMEM2,darkred
TMEM200B,darkred
TMEM205,darkred
TMEM220,darkred
TMEM223,darkred
TMEM229A,darkred
TMEM234,darkred
TMEM237,darkred
TMEM41A,darkred
TMEM55B,darkred
TMEM62,darkred
TMEM68,darkred
TMF1,darkred
TMPRSS11B,darkred
TMPRSS2,darkred
TMPRSS7,darkred
TMX2,darkred
TMX4,darkred
TNFRSF10B,darkred
TNK1,darkred
TNKS,darkred
TNPO2,darkred
TNRC4,darkred
TNRC6B,darkred
TNS3,darkred
TOMM7,darkred
TOP2A,darkred
TOR1AIP1,darkred
TOX,darkred
TOX3,darkred
TP53INP2,darkred
TPH2,darkred
TPM1,darkred
TPR,darkred
TPRG1L,darkred
TPT1,darkred
TRA2A,darkred
TRAF3IP2,darkred
TRERF1,darkred
TRIB1,darkred
TRIB2,darkred
TRIM26,darkred
TRIM3,darkred
TRIM35,darkred
TRIM39,darkred
TRIM68,darkred
TRIM9,darkred
TRIP10,darkred
TRIQK,darkred
TRMT1,darkred
TRMT61B,darkred
TROVE2,darkred
TRPA1,darkred
TRPM8,darkred
TSHR,darkred
TSPAN17,darkred
TSPAN19,darkred
TTC1,darkred
TTC13,darkred
TTC21B,darkred
TTC23L,darkred
TTC28-AS1,darkred
TTC31,darkred
TTYH2,darkred
TUBGCP6,darkred
TUFM,darkred
TXNDC11,darkred
TYW1,darkred
U2AF2,darkred
UBA5,darkred
UBC,darkred
UBE2C,darkred
UBE2M,darkred
UBL7,darkred
UBR2,darkred
UCKL1AS,darkred
UGCG,darkred
UGDH,darkred
UGP2,darkred
UHRF1BP1,darkred
UNC5B,darkred
UPB1,darkred
UPF2,darkred
USF1,darkred
USP10,darkred
USP15,darkred
USP16,darkred
USP22,darkred
USP40,darkred
USP43,darkred
USP6NL,darkred
UTP15,darkred
UTP23,darkred
UTS2B,darkred
VAMP2,darkred
VAMP4,darkred
VARS,darkred
VAX2,darkred
VCPIP1,darkred
VDAC2,darkred
VGLL3,darkred
VPS4B,darkred
VPS52,darkred
VRK1,darkred
VTA1,darkred
VWC2,darkred
WARS,darkred
WARS2,darkred
WBP11,darkred
WDFY4,darkred
WDHD1,darkred
WDR1,darkred
WDR11,darkred
WDR18,darkred
WDR41,darkred
WDR5B,darkred
WDR63,darkred
WDR73,darkred
WDR74,darkred
WDR89,darkred
WDYHV1,darkred
WFDC2,darkred
WIBG,darkred
WIZ,darkred
WNT1,darkred
XKR6,darkred
XKR9,darkred
XPO1,darkred
XPO6,darkred
XRCC4,darkred
XRN2,darkred
XYLT1,darkred
YIF1A,darkred
YIPF3,darkred
YIPF4,darkred
YPEL2,darkred
YTHDC2,darkred
YTHDF3,darkred
YWHAH,darkred
ZBED4,darkred
ZBTB10,darkred
ZBTB12,darkred
ZBTB24,darkred
ZBTB26,darkred
ZBTB3,darkred
ZBTB38,darkred
ZBTB7A,darkred
ZC3H7B,darkred
ZCCHC10,darkred
ZCCHC11,darkred
ZEB1,darkred
ZFAND5,darkred
ZFAT,darkred
ZFC3H1,darkred
ZFP1,darkred
ZFP62,darkred
ZFP91,darkred
ZGPAT,darkred
ZHX1,darkred
ZMAT2,darkred
ZMIZ1,darkred
ZMYND11,darkred
ZNF12,darkred
ZNF143,darkred
ZNF16,darkred
ZNF181,darkred
ZNF200,darkred
ZNF224,darkred
ZNF225,darkred
ZNF232,darkred
ZNF234,darkred
ZNF252,darkred
ZNF271,darkred
ZNF280A,darkred
ZNF281,darkred
ZNF283,darkred
ZNF292,darkred
ZNF318,darkred
ZNF323,darkred
ZNF331,darkred
ZNF33A,darkred
ZNF343,darkred
ZNF350,darkred
ZNF382,darkred
ZNF384,darkred
ZNF395,darkred
ZNF415,darkred
ZNF416,darkred
ZNF432,darkred
ZNF436,darkred
ZNF438,darkred
ZNF467,darkred
ZNF48,darkred
ZNF510,darkred
ZNF528,darkred
ZNF540,darkred
ZNF600,darkred
ZNF605,darkred
ZNF606,darkred
ZNF623,darkred
ZNF655,darkred
ZNF667,darkred
ZNF680,darkred
ZNF69,darkred
ZNF691,darkred
ZNF697,darkred
ZNF704,darkred
ZNF709,darkred
ZNF76,darkred
ZNF771,darkred
ZNF793,darkred
ZNF821,darkred
ZNF829,darkred
ZNF833,darkred
ZNF839,darkred
ZNF880,darkred
ZNF883,darkred
ZNHIT3,darkred
ZSCAN20,darkred
ZSCAN30,darkred
ZSWIM6,darkred
ZZZ3,darkred
AAAS,darkturquoise
AARS,darkturquoise
ABR,darkturquoise
ACHE,darkturquoise
ADAM12,darkturquoise
ADAR,darkturquoise
AGAP1,darkturquoise
AGBL4,darkturquoise
AGPAT1,darkturquoise
AGRN,darkturquoise
AGXT2L1,darkturquoise
AKAP13,darkturquoise
AKT1S1,darkturquoise
ALG8,darkturquoise
ALOXE3,darkturquoise
ALS2,darkturquoise
ALX4,darkturquoise
AMIGO2,darkturquoise
ANAPC2,darkturquoise
ANGPT1,darkturquoise
ANKFY1,darkturquoise
ANKRD11,darkturquoise
ANO1,darkturquoise
ANXA10,darkturquoise
AP1M1,darkturquoise
AP1S1,darkturquoise
APOL4,darkturquoise
APP,darkturquoise
APPL1,darkturquoise
APPL2,darkturquoise
AQR,darkturquoise
ARFRP1,darkturquoise
ARHGAP26,darkturquoise
ARHGAP39,darkturquoise
ARHGEF10,darkturquoise
ARHGEF28,darkturquoise
ARID3A,darkturquoise
ARID4A,darkturquoise
ARIH2,darkturquoise
ARSB,darkturquoise
ART5,darkturquoise
ASAP2,darkturquoise
ASPM,darkturquoise
ATG4C,darkturquoise
ATP6V1C1,darkturquoise
ATXN3,darkturquoise
ATXN7L2,darkturquoise
B3GALTL,darkturquoise
B3GAT2,darkturquoise
B4GALNT4,darkturquoise
BAD,darkturquoise
BAG5,darkturquoise
BAIAP2,darkturquoise
BCAN,darkturquoise
BCAR3,darkturquoise
BCAS3,darkturquoise
BMF,darkturquoise
BOLL,darkturquoise
BRCA2,darkturquoise
BZW1,darkturquoise
C11ORF30,darkturquoise
C11ORF73,darkturquoise
C13ORF1,darkturquoise
C13ORF23,darkturquoise
C14ORF135,darkturquoise
C14ORF166,darkturquoise
C14ORF179,darkturquoise
C16ORF97,darkturquoise
C19ORF53,darkturquoise
C19ORF6,darkturquoise
C1ORF133,darkturquoise
C1ORF65,darkturquoise
C1ORF69,darkturquoise
C1ORF95,darkturquoise
C21ORF56,darkturquoise
C2ORF62,darkturquoise
C2ORF68,darkturquoise
C4ORF33,darkturquoise
C5ORF34,darkturquoise
C7ORF42,darkturquoise
C8ORF71,darkturquoise
C9ORF66,darkturquoise
CAAP1,darkturquoise
CADPS2,darkturquoise
CAMK2B,darkturquoise
CAPN10,darkturquoise
CAPN5,darkturquoise
CARS,darkturquoise
CAT,darkturquoise
CBLB,darkturquoise
CC2D2A,darkturquoise
CCDC130,darkturquoise
CCDC28B,darkturquoise
CCND3,darkturquoise
CD44,darkturquoise
CDC42BPG,darkturquoise
CDH15,darkturquoise
CDH22,darkturquoise
CDK7,darkturquoise
CDKN2C,darkturquoise
CECR2,darkturquoise
CENPT,darkturquoise
CEP120,darkturquoise
CEP128,darkturquoise
CHP,darkturquoise
CHST6,darkturquoise
CILP2,darkturquoise
CLCN7,darkturquoise
CLSTN2,darkturquoise
CLTC,darkturquoise
CLTCL1,darkturquoise
CLYBL,darkturquoise
CNTN5,darkturquoise
COL21A1,darkturquoise
CPQ,darkturquoise
CR1L,darkturquoise
CRCP,darkturquoise
CRLF3,darkturquoise
CRTC2,darkturquoise
CSMD1,darkturquoise
CSNK1D,darkturquoise
CSRP1,darkturquoise
CTAGE5,darkturquoise
CTNND2,darkturquoise
CTTN,darkturquoise
CUL5,darkturquoise
CUX1,darkturquoise
CWH43,darkturquoise
DAAM2,darkturquoise
DAB1,darkturquoise
DCLK2,darkturquoise
DCLRE1A,darkturquoise
DCTPP1,darkturquoise
DDX18,darkturquoise
DDX58,darkturquoise
DENND3,darkturquoise
DEPDC7,darkturquoise
DEPTOR,darkturquoise
DHPS,darkturquoise
DHX34,darkturquoise
DHX36,darkturquoise
DIP2C,darkturquoise
DIRC3,darkturquoise
DLG1-AS1,darkturquoise
DNAJC24,darkturquoise
DNM1,darkturquoise
DPY19L1,darkturquoise
DSCR3,darkturquoise
DTL,darkturquoise
DTX4,darkturquoise
DUSP23,darkturquoise
DUSP4,darkturquoise
DYNC2LI1,darkturquoise
DYSF,darkturquoise
E2F3,darkturquoise
EDC3,darkturquoise
EEF1A1,darkturquoise
EFHD1,darkturquoise
EGFR,darkturquoise
EHD3,darkturquoise
EIF2S2,darkturquoise
EIF4A3,darkturquoise
ELAVL1,darkturquoise
ELFN1,darkturquoise
ELP2,darkturquoise
EMB,darkturquoise
EPN3,darkturquoise
EPS8L2,darkturquoise
ERAL1,darkturquoise
ERO1L,darkturquoise
ESRRG,darkturquoise
EVA1B,darkturquoise
EXOC6B,darkturquoise
EXOSC9,darkturquoise
EYA4,darkturquoise
EZH2,darkturquoise
FA2H,darkturquoise
FAF1,darkturquoise
FAM105B,darkturquoise
FAM133B,darkturquoise
FAM184A,darkturquoise
FAM186B,darkturquoise
FAM198A,darkturquoise
FAM19A1,darkturquoise
FAM71C,darkturquoise
FAM73A,darkturquoise
FAR1,darkturquoise
FARP1,darkturquoise
FASTKD3,darkturquoise
FBRSL1,darkturquoise
FBXL17,darkturquoise
FBXO30,darkturquoise
FBXO47,darkturquoise
FBXW10,darkturquoise
FKBP15,darkturquoise
FKTN,darkturquoise
FLCN,darkturquoise
FLJ35220,darkturquoise
FLRT2,darkturquoise
FLYWCH1,darkturquoise
FOXF1,darkturquoise
FOXK2,darkturquoise
FUT9,darkturquoise
GAB2,darkturquoise
GABRB3,darkturquoise
GABRG1,darkturquoise
GAS2,darkturquoise
GFI1,darkturquoise
GFRA1,darkturquoise
GFRAL,darkturquoise
GHR,darkturquoise
GLB1L2,darkturquoise
GLCCI1,darkturquoise
GLRA3,darkturquoise
GLRX2,darkturquoise
GLS,darkturquoise
GMDS,darkturquoise
GNA13,darkturquoise
GNAI1,darkturquoise
GNB4,darkturquoise
GNL3,darkturquoise
GNPDA2,darkturquoise
GNPNAT1,darkturquoise
GNPTAB,darkturquoise
GPN2,darkturquoise
GPN3,darkturquoise
GPR182,darkturquoise
GPS1,darkturquoise
GPSM2,darkturquoise
GRID2IP,darkturquoise
GRM3,darkturquoise
GRM8,darkturquoise
GTF2F2,darkturquoise
GUCY2EP,darkturquoise
GXYLT1,darkturquoise
H19,darkturquoise
H2AFV,darkturquoise
H2AFY,darkturquoise
HADHB,darkturquoise
HBXIP,darkturquoise
HCK,darkturquoise
HDAC4,darkturquoise
HENMT1,darkturquoise
HFE2,darkturquoise
HGC6.3,darkturquoise
HIF1AN,darkturquoise
HIST2H2AC,darkturquoise
HJURP,darkturquoise
HMG20A,darkturquoise
HMGA2,darkturquoise
HMGN3,darkturquoise
HNRNPK,darkturquoise
HNRNPU,darkturquoise
HOXA11AS,darkturquoise
HOXA3,darkturquoise
HOXC13,darkturquoise
HOXC9,darkturquoise
HRNBP3,darkturquoise
HS3ST4,darkturquoise
HTATIP2,darkturquoise
HTR2A,darkturquoise
HVCN1,darkturquoise
IBA57,darkturquoise
IBTK,darkturquoise
IFT140,darkturquoise
IHH,darkturquoise
IKZF1,darkturquoise
IL20RA,darkturquoise
ILK,darkturquoise
INPP5A,darkturquoise
INSR,darkturquoise
INTS12,darkturquoise
INTS6,darkturquoise
INTS7,darkturquoise
IPO7,darkturquoise
IQCE,darkturquoise
IQCJ-SCHIP1-AS1,darkturquoise
IRF6,darkturquoise
ITGA6,darkturquoise
ITGAE,darkturquoise
IWS1,darkturquoise
KAT2B,darkturquoise
KCNE1,darkturquoise
KCNK12,darkturquoise
KDM2B,darkturquoise
KIAA0101,darkturquoise
KIAA0226,darkturquoise
KIAA0319,darkturquoise
KIAA0528,darkturquoise
KIAA0895,darkturquoise
KIAA1239,darkturquoise
KIAA1826,darkturquoise
KIAA1841,darkturquoise
KIF25,darkturquoise
KIF3A,darkturquoise
KLF12,darkturquoise
KLF6,darkturquoise
KLF7,darkturquoise
KLHL20,darkturquoise
KLHL29,darkturquoise
KSR2,darkturquoise
L3MBTL3,darkturquoise
LDB1,darkturquoise
LHFPL2,darkturquoise
LIG4,darkturquoise
LIMA1,darkturquoise
LIN54,darkturquoise
LINC00588,darkturquoise
LINC00841,darkturquoise
LINC01272,darkturquoise
LINC01392,darkturquoise
LINC01426,darkturquoise
LINC01578,darkturquoise
LLGL2,darkturquoise
LMF1,darkturquoise
LOC100133893,darkturquoise
LOC100134713,darkturquoise
LOC100505716,darkturquoise
LOC100507140,darkturquoise
LOC134466,darkturquoise
LOC149837,darkturquoise
LOC150381,darkturquoise
LOC81691,darkturquoise
LPP,darkturquoise
LRMP,darkturquoise
LRRC67,darkturquoise
LRRC8D,darkturquoise
LRRFIP1,darkturquoise
LYPD6B,darkturquoise
LYRM4,darkturquoise
MAEA,darkturquoise
MAGI1,darkturquoise
MAGI2,darkturquoise
MAN1B1,darkturquoise
MAN2A2,darkturquoise
MAPK1,darkturquoise
MAPK14,darkturquoise
MAR-07,darkturquoise
MARCKS,darkturquoise
MAST4,darkturquoise
MAX,darkturquoise
MCF2L,darkturquoise
MCPH1,darkturquoise
MDH1,darkturquoise
ME3,darkturquoise
MEF2C,darkturquoise
METTL11B,darkturquoise
MFGE8,darkturquoise
MGAT5,darkturquoise
MIB1,darkturquoise
MIR182,darkturquoise
MIR372,darkturquoise
MIR378A,darkturquoise
MIR922,darkturquoise
MIR99AHG,darkturquoise
MLC1,darkturquoise
MNS1,darkturquoise
MPC2,darkturquoise
MPDZ,darkturquoise
MPV17,darkturquoise
MRPS33,darkturquoise
MRPS7,darkturquoise
MSC-AS1,darkturquoise
MSH3,darkturquoise
MTBP,darkturquoise
MTDH,darkturquoise
MTF1,darkturquoise
MTHFD2L,darkturquoise
MTPAP,darkturquoise
MTSS1,darkturquoise
MTUS1,darkturquoise
MUC2,darkturquoise
MYADM,darkturquoise
MYBPC2,darkturquoise
MYCBP,darkturquoise
MYH7,darkturquoise
MYO3B,darkturquoise
MYOM2,darkturquoise
MYRIP,darkturquoise
MYSM1,darkturquoise
MYT1L,darkturquoise
NAPB,darkturquoise
NCBP2,darkturquoise
NCKIPSD,darkturquoise
NCOA2,darkturquoise
NCSTN,darkturquoise
NDRG2,darkturquoise
NDST1,darkturquoise
NDUFA13,darkturquoise
NEIL3,darkturquoise
NEK11,darkturquoise
NEMF,darkturquoise
NHEDC1,darkturquoise
NIP7,darkturquoise
NLRP1,darkturquoise
NLRP14,darkturquoise
NMNAT1,darkturquoise
NPAS3,darkturquoise
NPBWR1,darkturquoise
NRD1,darkturquoise
NRXN3,darkturquoise
NT5DC1,darkturquoise
NTF3,darkturquoise
NTRK2,darkturquoise
NUDT18,darkturquoise
NUDT7,darkturquoise
NVL,darkturquoise
OAS2,darkturquoise
OAS3,darkturquoise
OBFC2A,darkturquoise
OBFC2B,darkturquoise
OR3A3,darkturquoise
OR4E2,darkturquoise
ORC5L,darkturquoise
OSBP2,darkturquoise
OSBPL3,darkturquoise
P4HA1,darkturquoise
P4HB,darkturquoise
PAFAH1B2,darkturquoise
PALB2,darkturquoise
PAN2,darkturquoise
PAOX,darkturquoise
PAPLN,darkturquoise
PARK2,darkturquoise
PAX8,darkturquoise
PBX1,darkturquoise
PCF11,darkturquoise
PCSK6,darkturquoise
PDCD5,darkturquoise
PDE4D,darkturquoise
PDS5B,darkturquoise
PDXK,darkturquoise
PECI,darkturquoise
PELI1,darkturquoise
PELP1,darkturquoise
PFKP,darkturquoise
PGBD4,darkturquoise
PGBD5,darkturquoise
PHF14,darkturquoise
PHF15,darkturquoise
PHF3,darkturquoise
PHLDA2,darkturquoise
PHTF1,darkturquoise
PHTF2,darkturquoise
PIGV,darkturquoise
PIM3,darkturquoise
PIP4K2A,darkturquoise
PKIB,darkturquoise
PLBD2,darkturquoise
PLCB4,darkturquoise
PLEKHA2,darkturquoise
PLEKHA5,darkturquoise
PLEKHG4B,darkturquoise
PNMA2,darkturquoise
PNN,darkturquoise
PNPLA6,darkturquoise
POP7,darkturquoise
POU6F2,darkturquoise
PPAP2A,darkturquoise
PPIF,darkturquoise
PPL,darkturquoise
PPP1R14B,darkturquoise
PPP1R3C,darkturquoise
PPP1R9A,darkturquoise
PPP4R1,darkturquoise
PRDM10,darkturquoise
PRKAR1B,darkturquoise
PRKCA,darkturquoise
PRKG1,darkturquoise
PRMT3,darkturquoise
PRPF38B,darkturquoise
PSMB7,darkturquoise
PSMB8,darkturquoise
PTDSS2,darkturquoise
PTER,darkturquoise
PTK2,darkturquoise
PTPRG,darkturquoise
PURG,darkturquoise
PUS3,darkturquoise
PXMP4,darkturquoise
PYGO2,darkturquoise
QPCT,darkturquoise
QRSL1,darkturquoise
QSOX2,darkturquoise
R3HCC1,darkturquoise
RAB29,darkturquoise
RAB3C,darkturquoise
RABGGTA,darkturquoise
RACGAP1P,darkturquoise
RALGDS,darkturquoise
RAP2B,darkturquoise
RAPGEF2,darkturquoise
RASGRF1,darkturquoise
RASGRP2,darkturquoise
RASGRP3,darkturquoise
RBM14,darkturquoise
RBM4,darkturquoise
RBM5,darkturquoise
RBP4,darkturquoise
RELA,darkturquoise
REXO4,darkturquoise
RFC5,darkturquoise
RFK,darkturquoise
RFX5,darkturquoise
RGS12,darkturquoise
RIOK2,darkturquoise
RNASEH2A,darkturquoise
RNF103,darkturquoise
RNF130,darkturquoise
RNF212B,darkturquoise
RNF38,darkturquoise
RNF41,darkturquoise
RNF5P1,darkturquoise
RNF6,darkturquoise
RNMTL1,darkturquoise
RNPEP,darkturquoise
RORA,darkturquoise
RPH3AL,darkturquoise
RPL28,darkturquoise
RPL8,darkturquoise
RPRD2,darkturquoise
RPS24,darkturquoise
RPTOR,darkturquoise
RRH,darkturquoise
RSBN1L,darkturquoise
RTFDC1,darkturquoise
RUVBL1,darkturquoise
RWDD2B,darkturquoise
RYBP,darkturquoise
S100A11,darkturquoise
SAFB2,darkturquoise
SCNN1B,darkturquoise
SDHAP3,darkturquoise
SECISBP2,darkturquoise
SEP-09,darkturquoise
SESN1,darkturquoise
SESTD1,darkturquoise
SFRS6,darkturquoise
SFXN4,darkturquoise
SGMS2,darkturquoise
SHKBP1,darkturquoise
SLBP,darkturquoise
SLC15A4,darkturquoise
SLC16A3,darkturquoise
SLC20A1,darkturquoise
SLC25A13,darkturquoise
SLC25A24,darkturquoise
SLC2A14,darkturquoise
SLC2A4,darkturquoise
SLC35D1,darkturquoise
SLC35F3,darkturquoise
SLC35F4,darkturquoise
SLC38A9,darkturquoise
SLC43A1,darkturquoise
SLC44A2,darkturquoise
SLC45A3,darkturquoise
SLC48A1,darkturquoise
SLC6A13,darkturquoise
SLC9A3,darkturquoise
SMN1,darkturquoise
SMOC2,darkturquoise
SMUG1,darkturquoise
SMYD3,darkturquoise
SNRNP27,darkturquoise
SNX19,darkturquoise
SNX3,darkturquoise
SNX8,darkturquoise
SOBP,darkturquoise
SORBS3,darkturquoise
SORL1,darkturquoise
SPATA5L1,darkturquoise
SPC25,darkturquoise
SPON1,darkturquoise
SPOP,darkturquoise
SPRTN,darkturquoise
SPRY1,darkturquoise
SPSB1,darkturquoise
SRPRB,darkturquoise
SSC4D,darkturquoise
SSTR4,darkturquoise
ST5,darkturquoise
STARD10,darkturquoise
STC1,darkturquoise
STK25,darkturquoise
STK32C,darkturquoise
STL,darkturquoise
STMN1,darkturquoise
STX2,darkturquoise
STX6,darkturquoise
STXBP5,darkturquoise
SYN2,darkturquoise
SYNGAP1,darkturquoise
SYNM,darkturquoise
SYNPO,darkturquoise
TAF4B,darkturquoise
TAL1,darkturquoise
TANGO2,darkturquoise
TBC1D22A,darkturquoise
TBL3,darkturquoise
TCF25,darkturquoise
TECPR2,darkturquoise
TENM2,darkturquoise
TFAP2A,darkturquoise
TGDS,darkturquoise
TGIF1,darkturquoise
THAP2,darkturquoise
THNSL2,darkturquoise
THRAP3,darkturquoise
THY1,darkturquoise
TM7SF3,darkturquoise
TMCO1,darkturquoise
TMCO7,darkturquoise
TMED8,darkturquoise
TMEFF1,darkturquoise
TMEM14A,darkturquoise
TMEM184B,darkturquoise
TMEM200A,darkturquoise
TMEM209,darkturquoise
TMEM214,darkturquoise
TMEM256,darkturquoise
TMEM261,darkturquoise
TMEM80,darkturquoise
TNFRSF1B,darkturquoise
TNRC18,darkturquoise
TNXB,darkturquoise
TPO,darkturquoise
TRAF5,darkturquoise
TRAPPC1,darkturquoise
TRAPPC10,darkturquoise
TRIM27,darkturquoise
TRIM8,darkturquoise
TSPAN14,darkturquoise
TSPAN19,darkturquoise
TTBK2,darkturquoise
TTC21A,darkturquoise
TTC39C,darkturquoise
TTC7B,darkturquoise
TUBB2A,darkturquoise
TUBE1,darkturquoise
TUBGCP5,darkturquoise
TUT1,darkturquoise
UBE2J2,darkturquoise
UBE2N,darkturquoise
UBE2T,darkturquoise
UBQLN1,darkturquoise
UBXN6,darkturquoise
UFM1,darkturquoise
UGP2,darkturquoise
UMODL1,darkturquoise
UMODL1-AS1,darkturquoise
UNC5B,darkturquoise
UQCRC1,darkturquoise
USP10,darkturquoise
USP44,darkturquoise
VAMP1,darkturquoise
VAX1,darkturquoise
VENTX,darkturquoise
VIM,darkturquoise
VWA3B,darkturquoise
WAC,darkturquoise
WDR46,darkturquoise
WDR51B,darkturquoise
WDR54,darkturquoise
WWTR1,darkturquoise
XKR6,darkturquoise
XXYLT1,darkturquoise
YIPF3,darkturquoise
ZBED5,darkturquoise
ZBTB16,darkturquoise
ZBTB40,darkturquoise
ZC3H13,darkturquoise
ZDHHC14,darkturquoise
ZEB2,darkturquoise
ZFHX3,darkturquoise
ZFP82,darkturquoise
ZMIZ1,darkturquoise
ZMPSTE24,darkturquoise
ZMYM2,darkturquoise
ZNF10,darkturquoise
ZNF133,darkturquoise
ZNF140,darkturquoise
ZNF184,darkturquoise
ZNF264,darkturquoise
ZNF324B,darkturquoise
ZNF367,darkturquoise
ZNF425,darkturquoise
ZNF471,darkturquoise
ZNF516,darkturquoise
ZNF623,darkturquoise
ZNF649,darkturquoise
ZNF804A,darkturquoise
ZNF827,darkturquoise
ZSCAN12,darkturquoise
ZWINT,darkturquoise
AARS,green
ABCA11P,green
ABCA4,green
ABCA7,green
ABCC5,green
ABCE1,green
ABHD5,green
ABI2,green
ABL1,green
ABLIM1,green
ABTB2,green
ACAT1,green
ACCS,green
ACOT11,green
ACTN1,green
ACTR3,green
ADAMTS6,green
ADAMTS9,green
ADAT1,green
ADC,green
ADCK4,green
ADI1,green
ADPRH,green
ADRB2,green
AFAP1,green
AGPAT4,green
AGPAT9,green
AGRN,green
AGXT2L2,green
AHNAK,green
AIFM2,green
AKAP10,green
AKAP6,green
AKD1,green
AKTIP,green
ALDOA,green
ALG14,green
ALKBH5,green
ALS2,green
AMPD3,green
AMPH,green
AMZ1,green
AMZ2,green
ANAPC10,green
ANG,green
ANGPTL5,green
ANK3,green
ANKH,green
ANKRD13C,green
ANKRD17,green
ANP32E,green
ANTXR2,green
ANXA4,green
AP3M1,green
APEH,green
APIP,green
APPL1,green
AQP11,green
ARAP2,green
ARF6,green
ARFGAP3,green
ARHGAP22,green
ARHGEF10,green
ARHGEF18,green
ARHGEF3,green
ARL15,green
ARL6,green
ARL6IP4,green
ARL8B,green
ARMC2-AS1,green
ARSB,green
ASAH1,green
ASCL1,green
ASGR1,green
ASH2L,green
ATAD2B,green
ATF5,green
ATG10,green
ATG16L1,green
ATHL1,green
ATL2,green
ATM,green
ATP10A,green
ATP11B,green
ATP2C1,green
ATP2C2,green
ATP6V0D1,green
ATXN2,green
AURKC,green
AUTS2,green
AZI2,green
B3GNTL1,green
B4GALNT3,green
B4GALT2,green
B4GALT3,green
BAT2,green
BCL11B,green
BCL2,green
BCL2L1,green
BCL2L2-PABPN1,green
BCL6,green
BEND5,green
BHLHE41,green
BICC1,green
BIK,green
BLMH,green
BMPER,green
BNIP3,green
BOK-AS1,green
BRD2,green
BRD8,green
BRPF3,green
BTBD3,green
BTBD9,green
BTG2,green
BTN1A1,green
BTN2A1,green
BTN2A3,green
BTRC,green
BUB1B,green
C10ORF107,green
C10ORF111,green
C10ORF131,green
C10ORF18,green
C10ORF47,green
C10ORF58,green
C11ORF65,green
C11ORF70,green
C11ORF87,green
C12ORF23,green
C12ORF4,green
C12ORF44,green
C12ORF47,green
C12ORF49,green
C12ORF73,green
C14ORF159,green
C14ORF37,green
C14ORF73,green
C17ORF58,green
C17ORF61,green
C17ORF80,green
C17ORF95,green
C17ORF97,green
C18ORF22,green
C1ORF107,green
C1ORF114,green
C1ORF192,green
C1ORF204,green
C1ORF56,green
C1ORF86,green
C1QTNF9,green
C20ORF117,green
C20ORF7,green
C21ORF59,green
C22ORF24,green
C22ORF25,green
C2ORF74,green
C3ORF24,green
C3ORF52,green
C3ORF64,green
C4ORF29,green
C4ORF3,green
C4ORF34,green
C4ORF37,green
C4ORF46,green
C5ORF44,green
C6ORF10,green
C6ORF134,green
C6ORF141,green
C6ORF165,green
C6ORF48,green
C7ORF20,green
C7ORF23,green
C7ORF41,green
C7ORF55,green
C8ORF37-AS1,green
C8ORF56,green
C9ORF16,green
C9ORF167,green
C9ORF89,green
CAAP1,green
CAB39,green
CABYR,green
CACNA1A,green
CACNA1C,green
CACNB1,green
CAD,green
CADM1,green
CADM2,green
CAMKMT,green
CAPN9,green
CAPRIN2,green
CAPS2,green
CARKD,green
CASC3,green
CASC5,green
CASP8AP2,green
CBL,green
CBLB,green
CBLC,green
CBX3,green
CCDC109A,green
CCDC110,green
CCDC124,green
CCDC144NL,green
CCDC147,green
CCDC163P,green
CCDC24,green
CCDC25,green
CCDC42B,green
CCDC55,green
CCDC6,green
CCDC61,green
CCDC88C,green
CCDC90A,green
CCDC96,green
CCDC97,green
CCND2,green
CCND3,green
CCNI,green
CCNY,green
CCT5,green
CCT6P1,green
CD164,green
CD55,green
CDC14B,green
CDC34,green
CDC42BPA,green
CDC5L,green
CDC6,green
CDC7,green
CDK1,green
CDK12,green
CDK6,green
CDKN1B,green
CEBPG,green
CENPBD1,green
CENPF,green
CENPQ,green
CEP192,green
CEP55,green
CERCAM,green
CERKL,green
CERS2,green
CFAP99,green
CGB7,green
CGGBP1,green
CHCHD3,green
CHD9,green
CHMP3,green
CHODL,green
CHRNA1,green
CHST10,green
CIB4,green
CIRBP,green
CKAP5,green
CLASP2,green
CLCA1,green
CLCC1,green
CLCN2,green
CLCN3,green
CLDN10,green
CLIC4,green
CLIP1,green
CMBL,green
CNBD2,green
CNBP,green
CNOT6,green
CNOT7,green
CNTFR,green
COBL,green
COG2,green
COG8,green
COL12A1,green
COL4A3BP,green
COL5A1,green
COL9A2,green
COMT,green
COX18,green
COX5B,green
COX6A2,green
CPA6,green
CPD,green
CPEB1,green
CPEB4,green
CPSF2,green
CR1L,green
CRB1,green
CRBN,green
CREB5,green
CREM,green
CRIP2,green
CRKL,green
CRLF1,green
CRTAC1,green
CRTC2,green
CRYZL1,green
CSAD,green
CSGALNACT2,green
CSMD1,green
CSNK1A1,green
CSNK2A2,green
CSPG5,green
CTDSP2,green
CTNNAL1,green
CTSC,green
CTSF,green
CUL1,green
CUX1,green
CXXC1,green
CYP39A1,green
D2HGDH,green
DAK,green
DALRD3,green
DBN1,green
DBNDD1,green
DBNL,green
DCAF11,green
DCAF13,green
DCLK1,green
DCP1A,green
DDAH2,green
DDN,green
DDR1,green
DDX10,green
DDX18,green
DDX19B,green
DDX24,green
DDX42,green
DDX6,green
DGKH,green
DHPS,green
DHTKD1,green
DHX16,green
DHX30,green
DHX34,green
DIEXF,green
DIMT1L,green
DIO3,green
DIRC2,green
DKFZP434H168,green
DKK1,green
DLAT,green
DLEU2,green
DMRT2,green
DNAJB4,green
DNAJC13,green
DNAJC16,green
DNAJC2,green
DNAJC21,green
DNALI1,green
DOCK4,green
DOHH,green
DPF1,green
DPF3,green
DPM3,green
DPT,green
DPYSL5,green
DSTYK,green
DTNB,green
DUSP10,green
DUSP11,green
DUSP12,green
DYNC2H1,green
DYNLRB1,green
DYRK2,green
E2F3,green
E2F4,green
E2F6,green
EBF3,green
EDEM1,green
EDNRB,green
EEF1A1,green
EEFSEC,green
EFNA3,green
EHHADH,green
EID2,green
EIF3B,green
EIF3D,green
EIF3H,green
EIF4E,green
EIF4E3,green
EIF4H,green
EIF5A,green
ELAC2,green
ELAVL2,green
ELMO1,green
ELMOD3,green
ELOVL5,green
ELOVL6,green
EML1,green
EN2,green
ENPP3,green
ENSA,green
EPAS1,green
EPB41L5,green
EPHA4,green
EPHB2,green
EPM2A,green
EPRS,green
ERBB4,green
ERC2,green
ERCC6L2,green
ERICH1,green
ESRP1,green
ESYT2,green
ETFB,green
ETV1,green
ETV4,green
EXD3,green
EXO1,green
EXOC3L2,green
FADS1,green
FAIM,green
FAM105B,green
FAM129B,green
FAM150B,green
FAM160B1,green
FAM188A,green
FAM188B,green
FAM204A,green
FAM38A,green
FAM43A,green
FAM49B,green
FAM53C,green
FAM55C,green
FAM73A,green
FAM96B,green
FAM98B,green
FAR1,green
FARP2,green
FBXL17,green
FBXL18,green
FBXL6,green
FBXO11,green
FBXO15,green
FBXO36,green
FBXO4,green
FCHO1,green
FERMT1,green
FEZ1,green
FGFR1OP,green
FGGY,green
FGL2,green
FHL5,green
FIS1,green
FKBP1B,green
FKBP5,green
FLJ13197,green
FLJ36031,green
FLJ36777,green
FMO2,green
FNTB,green
FOLH1,green
FOXC2,green
FOXG1-AS1,green
FOXJ1,green
FOXK1,green
FOXO3,green
FOXQ1,green
FOXRED2,green
FREM2,green
FRMD4A,green
FRMD6,green
FRZB,green
FTH1,green
FZD4,green
GAB1,green
GARS,green
GATA5,green
GATAD2A,green
GCC2,green
GCN1L1,green
GCNT2,green
GCSAML,green
GGCT,green
GIGYF2,green
GJA3,green
GLB1L3,green
GLCCI1,green
GLIS1,green
GLOD4,green
GLRA1,green
GLRX3,green
GLRX5,green
GLT25D2,green
GLUL,green
GLYR1,green
GMFB,green
GMIP,green
GMNN,green
GMPPA,green
GNB2,green
GPD1L,green
GPR113,green
GPR116,green
GPR137B,green
GPR144,green
GPR150,green
GPRC6A,green
GRHL3,green
GRIA4,green
GRID1,green
GRID2IP,green
GRM1,green
GRM8,green
GRSF1,green
GSPT1,green
GSTA4,green
GSTM3,green
GTF2A1L,green
GTF3C3,green
GTPBP1,green
GTPBP3,green
GTSF1L,green
GUCY1A2,green
GUF1,green
HABP2,green
HADH,green
HAPLN1,green
HAS2,green
HCG27,green
HDAC11,green
HDAC7,green
HDDC2,green
HEATR2,green
HECW1,green
HELQ,green
HEMK1,green
HERC4,green
HES7,green
HEXIM1,green
HEY2,green
HGD,green
HHLA1,green
HINFP,green
HINT1,green
HIST1H1E,green
HIST1H2AM,green
HIST1H2BN,green
HIST1H3G,green
HIVEP3,green
HKR1,green
HLA-A,green
HLA-DMA,green
HLA-DMB,green
HLA-DQB2,green
HLA-DRB1,green
HLA-L,green
HMP19,green
HNRNPA1,green
HNRNPC,green
HNRNPD,green
HNRNPLL,green
HNRNPR,green
HNRNPUL2,green
HOXA9,green
HOXB4,green
HOXC13,green
HRK,green
HRNBP3,green
HS3ST3A1,green
HSD17B4,green
HSF2,green
HSP90AB1,green
HSPD1,green
HSPH1,green
HTR1A,green
HYAL3,green
HYOU1,green
ID2,green
ID2-AS1,green
IDH3B,green
IFI44L,green
IFNAR2,green
IFT172,green
IFT43,green
IFT52,green
IGF2AS,green
IGFBP3,green
IGSF11,green
IGSF22,green
IKBKB,green
IMPAD1,green
INAFM1,green
INF2,green
INPP5B,green
INSC,green
INSIG1,green
INSIG2,green
INTS1,green
INTS10,green
INVS,green
IPO11,green
IQCH,green
IRF1,green
IRF2BP2,green
IRX2,green
ITCH,green
ITGB3BP,green
ITPR1,green
JAK2,green
JAKMIP2,green
JARID2,green
JOSD1,green
JRK,green
JUNB,green
KANK3,green
KAT2B,green
KAT5,green
KATNAL1,green
KCNA1,green
KCNH2,green
KCNK13,green
KCNS3,green
KDM3A,green
KDM3B,green
KHDRBS2,green
KIAA0146,green
KIAA0494,green
KIAA0922,green
KIAA1033,green
KIAA1217,green
KIAA1279,green
KIAA1524,green
KIAA1586,green
KIAA1826,green
KIF20A,green
KIF3B,green
KLC4,green
KLF14,green
KLF7,green
KLHDC9,green
KLHL23,green
KLHL9,green
KLRG2,green
KRT27,green
KRT39,green
KY,green
L1TD1,green
LAMA1,green
LAMA2,green
LAMA4,green
LAMB1,green
LAPTM4A,green
LARGE,green
LARP4,green
LATS1,green
LCTL,green
LDHB,green
LDHD,green
LEF1,green
LEMD3,green
LHX3,green
LHX8,green
LIMS1,green
LINC00290,green
LINC00476,green
LINC00504,green
LINC00607,green
LINC00877,green
LINC00888,green
LINC00959,green
LINC01159,green
LINC01170,green
LINC01225,green
LINC01422,green
LINC01500,green
LIPT2,green
LMBR1,green
LMNB1,green
LMTK2,green
LOC100128640,green
LOC100128811,green
LOC100130357,green
LOC100130987,green
LOC100270746,green
LOC100506804,green
LOC101927023,green
LOC101927811,green
LOC101929380,green
LOC101929505,green
LOC101929541,green
LOC101929633,green
LOC134466,green
LOC144571,green
LOC151174,green
LOC283140,green
LOC285375,green
LOC286016,green
LOC338799,green
LOC344595,green
LOC389199,green
LOC399959,green
LOC400027,green
LOC401463,green
LOC404266,green
LOC440028,green
LOC441046,green
LOC643387,green
LOC645323,green
LOC728084,green
LOC728723,green
LOC729338,green
LOC729799,green
LOC90784,green
LOH12CR1,green
LPAR1,green
LRBA,green
LRCH1,green
LRP1B,green
LRP2,green
LRP4,green
LRP5,green
LRRC58,green
LRRCC1,green
LRRFIP2,green
LRRK2,green
LRRN4,green
LSR,green
LTB4R2,green
LTBP3,green
LUC7L,green
LYPLA2,green
LZTS2,green
MACF1,green
MAD1L1,green
MAD2L1BP,green
MADD,green
MAEA,green
MAGI2,green
MAML2,green
MAML3,green
MAP2K1,green
MAP9,green
MAPK11,green
MAPKAPK2,green
MAPT,green
MAR-03,green
MARCKS,green
MAST4,green
MAT2A,green
MATR3,green
MAZ,green
MBNL1,green
MBNL2,green
MBP,green
MC5R,green
MCF2L,green
MCF2L2,green
MDC1,green
MECOM,green
MED13,green
MED13L,green
MED18,green
MED7,green
MEF2C,green
MEF2D,green
METTL3,green
MGST3,green
MICALL2,green
MIER1,green
MINA,green
MINPP1,green
MIPOL1,green
MIR133A1HG,green
MIR181A2HG,green
MIR3175,green
MIR5003,green
MIR5009,green
MIR5187,green
MIR548H4,green
MIR5584,green
MIRLET7I,green
MKX,green
MLH1,green
MLH3,green
MLIP,green
MLL5,green
MLLT3,green
MLST8,green
MMACHC,green
MOV10L1,green
MRAS,green
MRI1,green
MRPL21,green
MRPL22,green
MRPL42,green
MRPS11,green
MRPS22,green
MRPS25,green
MRRF,green
MSH4,green
MSI2,green
MSL2,green
MSX1,green
MT1F,green
MTBP,green
MTERF,green
MTF2,green
MTHFD1,green
MTHFD1L,green
MTHFS,green
MTMR9L,green
MTNR1A,green
MTPN,green
MTSS1,green
MVD,green
MYBPC2,green
MYC,green
MYH10,green
MYLIP,green
MYLK,green
MYO5C,green
MYO9B,green
MYT1L,green
NAA15,green
NAA16,green
NADK2,green
NAGLU,green
NANOS2,green
NAPRT1,green
NAV3,green
NBAT1,green
NBEA,green
NBEAL1,green
NCALD,green
NCAPG2,green
NCAPH,green
NCBP2,green
NCOA2,green
NCOR2,green
NCRNA00171,green
NDE1,green
NDRG4,green
NDUFC2-KCTD14,green
NDUFS6,green
NDUFS8,green
NECAP1,green
NEK11,green
NEK6,green
NEMF,green
NFIA,green
NFKB1,green
NFKB2,green
NFXL1,green
NFYC,green
NGLY1,green
NGRN,green
NHLRC2,green
NINJ1,green
NKX3-1,green
NKX6-2,green
NLGN1,green
NLRP3,green
NLRP5,green
NME7,green
NMNAT1,green
NOS1AP,green
NOVA1,green
NPS,green
NR1D1,green
NR6A1,green
NRF1,green
NRP2,green
NRXN2,green
NT5C2,green
NT5E,green
NTRK2,green
NUDCD1,green
NUDT1,green
NUDT7,green
NUP50,green
NUP85,green
NUP93,green
NUPR1,green
NVL,green
NXPH4,green
ODAM,green
OGDH,green
OLFML2A,green
OLIG2,green
OPA1,green
OPN3,green
OPTN,green
OR2W1,green
ORAI2,green
OS9,green
OSBPL3,green
OSGIN2,green
OTUB2,green
OTUD6B,green
OTUD7B,green
OXSM,green
P2RX4,green
P4HTM,green
PABPC4,green
PACRG,green
PACSIN1,green
PAIP2B,green
PALLD,green
PANK1,green
PAPLN,green
PARK2,green
PARP2,green
PBLD,green
PCDH10,green
PCDH18,green
PCDHA1,green
PCDHA2,green
PCDHGA2,green
PCDHGA4,green
PCED1B-AS1,green
PCK2,green
PCP4,green
PDDC1,green
PDE1C,green
PDE4D,green
PDIA4,green
PDS5B,green
PDZD2,green
PECR,green
PEPD,green
PES1,green
PFAS,green
PFKFB2,green
PFKM,green
PGM2L1,green
PGP,green
PHAX,green
PHKG2,green
PHLPP1,green
PHPT1,green
PHTF2,green
PI4KB,green
PIGB,green
PIGW,green
PIP5KL1,green
PIWIL1,green
PIWIL3,green
PLA2G16,green
PLAC8,green
PLCD1,green
PLCH1,green
PLEC1,green
PLEK2,green
PLEKHB2,green
PLS1,green
PLSCR1,green
PLSCR4,green
PLXNC1,green
PM20D1,green
PMPCB,green
POC1A,green
POGZ,green
POLB,green
POLD3,green
POLR1C,green
POLR3GL,green
POLR3H,green
POU2F1,green
POU2F3,green
PPAP2C,green
PPAPDC1A,green
PPARGC1A,green
PPID,green
PPP1R10,green
PPP1R11,green
PPP1R9A,green
PRDM15,green
PRDM6,green
PRDM8,green
PRDX1,green
PRDX3,green
PRIM1,green
PRIMPOL,green
PRKAB1,green
PRKAR2A-AS1,green
PRKAR2B,green
PRKCA,green
PRMT3,green
PRPF31,green
PRPH,green
PRR15,green
PRR5L,green
PRRT1,green
PRRX1,green
PSCA,green
PSD3,green
PSIP1,green
PSMA4,green
PSMC3IP,green
PSMC6,green
PSMD5,green
PSMD5-AS1,green
PSMG1,green
PTCH1,green
PTEN,green
PTGER4,green
PTMA,green
PTPLB,green
PTPN9,green
PUS10,green
QTRT1,green
R3HCC1,green
RAB1B,green
RAB31,green
RAB6A,green
RAB8B,green
RABGAP1,green
RABGAP1L,green
RABL3,green
RAD54B,green
RAET1L,green
RAG2,green
RAI14,green
RAPGEF2,green
RASAL2,green
RASGRF1,green
RASL12,green
RASSF8-AS1,green
RBBP4,green
RBCK1,green
RBFOX1,green
RBM17,green
RBM19,green
RBM26,green
RBM4B,green
RCAN2,green
RCBTB1,green
RDX,green
REEP6,green
RELL1,green
RELN,green
REPIN1,green
RERE,green
RGL1,green
RGMA,green
RGS11,green
RGS16,green
RGS22,green
RHBDF2,green
RHEBL1,green
RHOBTB3,green
RHOF,green
RHOG,green
RIMKLB,green
RINT1,green
RMND1,green
RND1,green
RND3,green
RNF13,green
RNF139,green
RNF145,green
RNF146,green
RNF169,green
RNF213,green
RNF220,green
RNF4,green
RNGTT,green
RPL34,green
RPL37,green
RPN1,green
RPRD1A,green
RPS16,green
RPS26,green
RPS27A,green
RPS3A,green
RPTOR,green
RSPH4A,green
RSRP1,green
RTCD1,green
RTDR1,green
RTKN2,green
RUFY1,green
RUNX1T1,green
RUSC2,green
S100B,green
SALL1,green
SALL3,green
SAMD5,green
SAP18,green
SASH1,green
SCARB2,green
SCLT1,green
SCN3A,green
SCP2,green
SDF4,green
SDK1,green
SDPR,green
SEC14L1,green
SEC61A1,green
SEL1L2,green
SEMA5B,green
SENP5,green
SENP7,green
SEPN1,green
SEPSECS,green
SERF2,green
SERPINB8,green
SERTAD1,green
SETD3,green
SF3A1,green
SF3B14,green
SF3B2,green
SFMBT1,green
SFRS2IP,green
SFRS3,green
SFT2D2,green
SGCE,green
SGMS1-AS1,green
SGOL2,green
SGSM1,green
SH2D4A,green
SH3GLB2,green
SHC4,green
SHISA2,green
SHISA9,green
SIPA1,green
SIX2,green
SLC11A2,green
SLC12A6,green
SLC16A7,green
SLC22A18AS,green
SLC22A23,green
SLC25A1,green
SLC25A17,green
SLC25A19,green
SLC25A33,green
SLC25A38,green
SLC26A4,green
SLC27A1,green
SLC29A1,green
SLC30A1,green
SLC36A3,green
SLC37A3,green
SLC39A4,green
SLC39A7,green
SLC4A4,green
SLC6A5,green
SLC7A5P2,green
SLC7A6,green
SLC9A9,green
SLCO5A1,green
SMC5,green
SMO,green
SMTNL2,green
SNAI2,green
SNAP25,green
SNAPIN,green
SNHG3,green
SNIP1,green
SNORD123,green
SNORD27,green
SNRNP27,green
SNTA1,green
SNX10,green
SNX18,green
SNX30,green
SNX8,green
SOAT1,green
SOBP,green
SOCS6,green
SOD1,green
SORCS2,green
SORD,green
SOS1,green
SOX2-OT,green
SOX2OT,green
SOX4,green
SOX5,green
SOX8,green
SPAG1,green
SPATA1,green
SPATA5,green
SPATA6,green
SPEF1,green
SPEN,green
SPG21,green
SPIRE1,green
SPIRE2,green
SRD5A2,green
SRGAP3,green
SRI,green
SRR,green
SRSF10,green
SRSF2,green
SSR2,green
SSRP1,green
ST3GAL6,green
ST6GALNAC2,green
ST6GALNAC4,green
ST8SIA4,green
STAB1,green
STAMBP,green
STARD13,green
STAU2,green
STK17B,green
STK32B,green
STK32C,green
STK4,green
STMN4,green
STX1A,green
SUCO,green
SUFU,green
SVIP,green
SYNPO2,green
SYPL2,green
SYTL3,green
SZT2,green
TACC2,green
TACR2,green
TACR3,green
TAF13,green
TAF1A,green
TAF6L,green
TAF8,green
TAGLN3,green
TANGO2,green
TATDN1,green
TBC1D15,green
TBC1D19,green
TBC1D20,green
TBL2,green
TBPL1,green
TBX2,green
TBX5,green
TBX6,green
TCEB1,green
TCTN2,green
TCTN3,green
TDRKH,green
TDRP,green
TEC,green
TFAP2A,green
THAP1,green
THSD7A,green
THUMPD3,green
TIGD1,green
TIGD3,green
TIMM10,green
TIMM17A,green
TIMM44,green
TIMM8B,green
TJP1,green
TLL2,green
TLX1,green
TMBIM4,green
TMED10,green
TMED9,green
TMEM110,green
TMEM110-MUSTN1,green
TMEM126A,green
TMEM134,green
TMEM14C,green
TMEM175,green
TMEM217,green
TMEM218,green
TMEM219,green
TMEM241,green
TMEM25,green
TMEM5,green
TMEM60,green
TMEM68,green
TMEM87A,green
TMEM87B,green
TMEM9,green
TMEM91,green
TMEM93,green
TMX1,green
TMX3,green
TNFRSF19,green
TNK2,green
TNKS,green
TNXB,green
TOM1L1,green
TOM1L2,green
TP53BP1,green
TP53INP2,green
TP73,green
TPCN2,green
TPD52L2,green
TPST1,green
TPX2,green
TRAF3,green
TRAK2,green
TRAPPC9,green
TRIM11,green
TRIM26,green
TRIM35,green
TRIM4,green
TRIP12,green
TROAP,green
TRPC1,green
TSNAX,green
TSPAN15,green
TTC34,green
TTC9,green
TTLL11,green
TTLL4,green
TUBA1B,green
TUBE1,green
TUBGCP4,green
TUSC1,green
TWIST1,green
TWIST2,green
TXNDC12,green
TXNDC17,green
TXNRD1,green
UBA5,green
UBAP2L,green
UBE2D3,green
UBE2D4,green
UBE2K,green
UBE2Q1,green
UBE2Q2,green
UBE3A,green
UBLCP1,green
UBTD1,green
UBXN8,green
UCK2,green
UCP1,green
UGP2,green
UHRF2,green
ULBP2,green
UNC13B,green
UQCC2,green
USF1,green
USP15,green
USP2,green
USP40,green
USP42,green
USP6NL,green
UTS2B,green
UXS1,green
VGLL3,green
VIPR2,green
VOPP1,green
VPS37C,green
VPS4A,green
VPS52,green
VPS8,green
VSTM2B,green
WAC,green
WBP1,green
WBP4,green
WDFY1,green
WDR17,green
WDR25,green
WDR27,green
WDR3,green
WDR4,green
WDR6,green
WDR75,green
WDR77,green
WNK1,green
WNK4,green
WNT10A,green
WNT5A,green
WRB,green
WSCD1,green
WWOX,green
XKR4,green
XKR5,green
XRCC2,green
XRCC6,green
YIPF2,green
YIPF4,green
YME1L1,green
YWHAE,green
YWHAQ,green
ZBED3,green
ZBED5,green
ZBED8,green
ZBTB16,green
ZBTB20,green
ZBTB4,green
ZC3H12D,green
ZC3H13,green
ZC3HC1,green
ZCCHC2,green
ZCCHC4,green
ZCCHC8,green
ZDHHC20,green
ZFHX3,green
ZFP37,green
ZFP69B,green
ZFYVE1,green
ZFYVE28,green
ZKSCAN4,green
ZMYND8,green
ZNF114,green
ZNF169,green
ZNF197,green
ZNF202,green
ZNF22,green
ZNF221,green
ZNF224,green
ZNF26,green
ZNF271,green
ZNF300,green
ZNF354C,green
ZNF423,green
ZNF436-AS1,green
ZNF442,green
ZNF467,green
ZNF471,green
ZNF480,green
ZNF483,green
ZNF492,green
ZNF496,green
ZNF497,green
ZNF503,green
ZNF532,green
ZNF543,green
ZNF592,green
ZNF642,green
ZNF643,green
ZNF649,green
ZNF680,green
ZNF687,green
ZNF709,green
ZNF720,green
ZNF727,green
ZNF77,green
ZNF772,green
ZNF782,green
ZPBP,green
ZRANB1,green
ZSCAN1,green
ZW10,green
AARS,greenyellow
ABCC2,greenyellow
ABCF1,greenyellow
ABL1,greenyellow
ACAD10,greenyellow
ACADM,greenyellow
ACOT7,greenyellow
ACTR6,greenyellow
ADAL,greenyellow
ADAM12,greenyellow
ADAMTS17,greenyellow
ADAMTS6,greenyellow
ADARB2,greenyellow
ADORA2B,greenyellow
ADRA1B,greenyellow
ADRBK1,greenyellow
ADRBK2,greenyellow
AES,greenyellow
AFF1,greenyellow
AGPAT1,greenyellow
AGPAT9,greenyellow
AKAP13,greenyellow
AKD1,greenyellow
AKNA,greenyellow
AKR1A1,greenyellow
ALCAM,greenyellow
ALDH2,greenyellow
ALG10B,greenyellow
ALG3,greenyellow
AMBRA1,greenyellow
AMT,greenyellow
ANAPC15,greenyellow
ANK2,greenyellow
ANKRD27,greenyellow
ANO4,greenyellow
ANO9,greenyellow
ANP32E,greenyellow
AP2M1,greenyellow
AP4S1,greenyellow
APH1B,greenyellow
APOA1BP,greenyellow
APOLD1,greenyellow
APP,greenyellow
APTX,greenyellow
ARFGEF1,greenyellow
ARHGAP21,greenyellow
ARHGEF10,greenyellow
ARHGEF11,greenyellow
ARHGEF18,greenyellow
ARID5B,greenyellow
ARL15,greenyellow
ARMC8,greenyellow
ARPP21,greenyellow
ASGR1,greenyellow
ATAD2B,greenyellow
ATF1,greenyellow
ATG2B,greenyellow
ATG9A,greenyellow
ATM,greenyellow
ATP2C1,greenyellow
ATP5J,greenyellow
ATP5S,greenyellow
ATP6AP1L,greenyellow
ATP6V0A1,greenyellow
ATP6V1A,greenyellow
AXL,greenyellow
AZIN1,greenyellow
BAI1,greenyellow
BAT4,greenyellow
BCAP29,greenyellow
BCAS2,greenyellow
BEND5,greenyellow
BHLHE22,greenyellow
BLCAP,greenyellow
BRD2,greenyellow
BRD8,greenyellow
BRMS1L,greenyellow
BTF3L4,greenyellow
BTG1,greenyellow
BTN1A1,greenyellow
C10ORF47,greenyellow
C10ORF93,greenyellow
C11ORF51,greenyellow
C11ORF70,greenyellow
C11ORF87,greenyellow
C12ORF35,greenyellow
C12ORF4,greenyellow
C12ORF65,greenyellow
C14ORF43,greenyellow
C14ORF80,greenyellow
C16ORF75,greenyellow
C17ORF79,greenyellow
C19ORF29,greenyellow
C1ORF131,greenyellow
C1ORF213,greenyellow
C1ORF38,greenyellow
C1ORF55,greenyellow
C1ORF57,greenyellow
C1ORF70,greenyellow
C1ORF77,greenyellow
C20ORF132,greenyellow
C20ORF26,greenyellow
C21ORF2,greenyellow
C2ORF42,greenyellow
C2ORF43,greenyellow
C2ORF56,greenyellow
C4ORF49,greenyellow
C5ORF32,greenyellow
C5ORF43,greenyellow
C5ORF62,greenyellow
C6ORF142,greenyellow
C6ORF153,greenyellow
C6ORF162,greenyellow
C6ORF211,greenyellow
C7ORF50,greenyellow
C7ORF60,greenyellow
C8ORF33,greenyellow
C8ORF84,greenyellow
CAB39,greenyellow
CALCB,greenyellow
CALM1,greenyellow
CAMTA1,greenyellow
CAPNS1,greenyellow
CARD8-AS1,greenyellow
CASC21,greenyellow
CASC4,greenyellow
CBLB,greenyellow
CBX7,greenyellow
CCDC115,greenyellow
CCDC12,greenyellow
CCDC132,greenyellow
CCDC41,greenyellow
CCDC59,greenyellow
CCDC84,greenyellow
CCDC85A,greenyellow
CCDC9,greenyellow
CCHCR1,greenyellow
CCM2,greenyellow
CCNB2,greenyellow
CCNC,greenyellow
CCNH,greenyellow
CCNL1,greenyellow
CCNL2,greenyellow
CD164,greenyellow
CD3EAP,greenyellow
CDC123,greenyellow
CDC5L,greenyellow
CDK17,greenyellow
CDKAL1,greenyellow
CELSR1,greenyellow
CENPE,greenyellow
CERS3,greenyellow
CFLAR,greenyellow
CHI3L2,greenyellow
CHRNB2,greenyellow
CHST2,greenyellow
CHURC1,greenyellow
CITED2,greenyellow
CITED4,greenyellow
CKS2,greenyellow
CLASP1,greenyellow
CLCN6,greenyellow
CLDN10,greenyellow
CLDN12,greenyellow
CLUAP1,greenyellow
CNOT10,greenyellow
CNOT11,greenyellow
CNOT4,greenyellow
CNOT8,greenyellow
CNRIP1,greenyellow
CNTN1,greenyellow
COBL,greenyellow
COG8,greenyellow
COIL,greenyellow
COL19A1,greenyellow
COL2A1,greenyellow
COL4A1,greenyellow
COL5A1,greenyellow
COMMD7,greenyellow
COPS7A,greenyellow
CPT1A,greenyellow
CRADD,greenyellow
CRK,greenyellow
CRLF1,greenyellow
CRLS1,greenyellow
CRMP1,greenyellow
CRYBA4,greenyellow
CRYL1,greenyellow
CTBP2,greenyellow
CTIF,greenyellow
CTNND2,greenyellow
CTR9,greenyellow
CTTNBP2NL,greenyellow
CTXN2,greenyellow
CUX2,greenyellow
CXCL10,greenyellow
CXCL16,greenyellow
CYB5A,greenyellow
D2HGDH,greenyellow
DAAM2,greenyellow
DAPK1,greenyellow
DAPK3,greenyellow
DAZAP1,greenyellow
DCAF8,greenyellow
DCLK1,greenyellow
DCP1A,greenyellow
DDAH1,greenyellow
DDAH2,greenyellow
DDX10,greenyellow
DDX23,greenyellow
DDX52,greenyellow
DECR1,greenyellow
DEFB122,greenyellow
DFFA,greenyellow
DHODH,greenyellow
DHX16,greenyellow
DHX29,greenyellow
DIO3,greenyellow
DIRC3,greenyellow
DIXDC1,greenyellow
DLG2,greenyellow
DLG4,greenyellow
DLX6AS,greenyellow
DNAH11,greenyellow
DNAH7,greenyellow
DNAJC16,greenyellow
DNAL4,greenyellow
DNASE2,greenyellow
DNER,greenyellow
DOCK1,greenyellow
DOCK4,greenyellow
DOCK9,greenyellow
DOK7,greenyellow
DPF1,greenyellow
DPPA5,greenyellow
DSCC1,greenyellow
DZANK1,greenyellow
E2F7,greenyellow
E2F8,greenyellow
ECD,greenyellow
ECSIT,greenyellow
EEFSEC,greenyellow
EGLN3,greenyellow
EHD4,greenyellow
EHMT2,greenyellow
ELF1,greenyellow
EML6,greenyellow
ENSA,greenyellow
ENTPD7,greenyellow
EPAS1,greenyellow
EPB41L2,greenyellow
EPB41L4A,greenyellow
EPB41L5,greenyellow
EPHA4,greenyellow
EPHB1,greenyellow
ERAP2,greenyellow
ERH,greenyellow
ERLEC1,greenyellow
ESCO2,greenyellow
ESYT1,greenyellow
EXOC2,greenyellow
EXOC3,greenyellow
EXOC4,greenyellow
EXOSC5,greenyellow
EXOSC6,greenyellow
FAM105B,greenyellow
FAM111A,greenyellow
FAM124B,greenyellow
FAM129A,greenyellow
FAM13A,greenyellow
FAM164A,greenyellow
FAM177A1,greenyellow
FAM19A2,greenyellow
FAM53B,greenyellow
FAM53C,greenyellow
FAM76A,greenyellow
FBRSL1,greenyellow
FBXL13,greenyellow
FBXL2,greenyellow
FBXO32,greenyellow
FBXO34,greenyellow
FBXO5,greenyellow
FBXO6,greenyellow
FBXO7,greenyellow
FBXW7,greenyellow
FGD3,greenyellow
FGF5,greenyellow
FGF8,greenyellow
FGF9,greenyellow
FGR,greenyellow
FHOD3,greenyellow
FIP1L1,greenyellow
FLJ10357,greenyellow
FNDC3A,greenyellow
FOS,greenyellow
FOXK1,greenyellow
FOXN3,greenyellow
FOXN4,greenyellow
FOXQ1,greenyellow
FREM3,greenyellow
FRMD4A,greenyellow
FRMD4B,greenyellow
FUBP1,greenyellow
FYCO1,greenyellow
FZD4,greenyellow
GABPB2,greenyellow
GABRA1,greenyellow
GABRA2,greenyellow
GABRB1,greenyellow
GABRR3,greenyellow
GALK1,greenyellow
GALK2,greenyellow
GALNT2,greenyellow
GALNTL6,greenyellow
GALR1,greenyellow
GAP43,greenyellow
GATA2,greenyellow
GCOM1,greenyellow
GFPT2,greenyellow
GFRA1,greenyellow
GLIS3,greenyellow
GLRA1,greenyellow
GLT25D2,greenyellow
GLTP,greenyellow
GNAI3,greenyellow
GNB4,greenyellow
GNG2,greenyellow
GOLGA7B,greenyellow
GOT2,greenyellow
GPC6,greenyellow
GPHN,greenyellow
GPN1,greenyellow
GPR1,greenyellow
GPR149,greenyellow
GRAMD3,greenyellow
GRHL2,greenyellow
GRIA2,greenyellow
GRIA4,greenyellow
GRID2,greenyellow
GRIK4,greenyellow
GRSF1,greenyellow
GSDMD,greenyellow
GSTA4,greenyellow
GSX2,greenyellow
GTPBP10,greenyellow
HAAO,greenyellow
HADHB,greenyellow
HDAC4,greenyellow
HEATR1,greenyellow
HELLS,greenyellow
HEY1,greenyellow
HINT3,greenyellow
HIST1H2BB,greenyellow
HIST1H3A,greenyellow
HLA-B,greenyellow
HLA-E,greenyellow
HMGN4,greenyellow
HMMR,greenyellow
HMX2,greenyellow
HNF1B,greenyellow
HNRNPD,greenyellow
HOXB3,greenyellow
HOXD1,greenyellow
HPCAL1,greenyellow
HRASLS,greenyellow
HSD17B4,greenyellow
HSPH1,greenyellow
HYLS1,greenyellow
HYOU1,greenyellow
IFT80,greenyellow
IGF2BP2-AS1,greenyellow
IKBKB,greenyellow
IMMT,greenyellow
INCENP,greenyellow
ING4,greenyellow
INPP4B,greenyellow
INPP5A,greenyellow
INSR,greenyellow
INTS5,greenyellow
INTS7,greenyellow
IQCB1,greenyellow
IQCG,greenyellow
IQGAP3,greenyellow
ISL2,greenyellow
ISLR2,greenyellow
ITCH,greenyellow
ITFG2,greenyellow
ITGA1,greenyellow
ITGAM,greenyellow
ITGB1BP1,greenyellow
ITPKB,greenyellow
ITPR2,greenyellow
IVD,greenyellow
IWS1,greenyellow
IZUMO2,greenyellow
JARID2,greenyellow
JAZF1,greenyellow
KANK1,greenyellow
KANSL1,greenyellow
KBTBD11,greenyellow
KCNIP2,greenyellow
KCNN1,greenyellow
KCNQ5,greenyellow
KCNS3,greenyellow
KIAA0090,greenyellow
KIAA0226,greenyellow
KIAA0319,greenyellow
KIAA0319L,greenyellow
KIAA0564,greenyellow
KIAA0947,greenyellow
KIAA1274,greenyellow
KIAA1429,greenyellow
KIAA1462,greenyellow
KIAA1549,greenyellow
KIAA1755,greenyellow
KIF18A,greenyellow
KIF2A,greenyellow
KIFAP3,greenyellow
KLHDC1,greenyellow
KLHL2,greenyellow
KPNA1,greenyellow
KYNU,greenyellow
LAMA3,greenyellow
LAMTOR5,greenyellow
LAP3,greenyellow
LARGE,greenyellow
LARP7,greenyellow
LEMD2,greenyellow
LEO1,greenyellow
LHX9,greenyellow
LIN28,greenyellow
LINC-PINT,greenyellow
LINC00379,greenyellow
LINC00925,greenyellow
LINC01534,greenyellow
LINC01604,greenyellow
LLPH-AS1,greenyellow
LMBRD2,greenyellow
LMX1A,greenyellow
LMX1B,greenyellow
LOC100272217,greenyellow
LOC100288152,greenyellow
LOC101927066,greenyellow
LOC101927156,greenyellow
LOC101927314,greenyellow
LOC101927421,greenyellow
LOC101927924,greenyellow
LOC101928370,greenyellow
LOC101928509,greenyellow
LOC101928739,greenyellow
LOC101930010,greenyellow
LOC102723385,greenyellow
LOC143666,greenyellow
LOC283050,greenyellow
LOC284294,greenyellow
LOC339290,greenyellow
LOC643770,greenyellow
LOC646762,greenyellow
LOXL3,greenyellow
LPIN1,greenyellow
LRP1B,greenyellow
LRP2,greenyellow
LRRC16A,greenyellow
LRRC20,greenyellow
LRRC36,greenyellow
LRRC37B2,greenyellow
LRRC67,greenyellow
LRTOMT,greenyellow
LURAP1L-AS1,greenyellow
MAD1L1,greenyellow
MAD2L2,greenyellow
MALAT1,greenyellow
MAML2,greenyellow
MAP1B,greenyellow
MAP3K11,greenyellow
MAP4K4,greenyellow
MAPK14,greenyellow
MAPT-AS1,greenyellow
MAST2,greenyellow
MAVS,greenyellow
MCM3,greenyellow
MEF2C,greenyellow
METTL14,greenyellow
MGC23284,greenyellow
MICALCL,greenyellow
MICU2,greenyellow
MIR129-2,greenyellow
MIR34B,greenyellow
MIR3661,greenyellow
MIR548AC,greenyellow
MIR99AHG,greenyellow
MITF,greenyellow
MLF1IP,greenyellow
MLIP,greenyellow
MLLT3,greenyellow
MMP17,greenyellow
MMP2,greenyellow
MOG,greenyellow
MON1B,greenyellow
MORN4,greenyellow
MRPS18B,greenyellow
MRPS30,greenyellow
MS4A14,greenyellow
MSH5,greenyellow
MSI2,greenyellow
MT3,greenyellow
MTERF,greenyellow
MTP18,greenyellow
MTPAP,greenyellow
MTSS1,greenyellow
MYCBP2,greenyellow
MYH4,greenyellow
MYL6B,greenyellow
MYO1D,greenyellow
MYO5A,greenyellow
MYO9A,greenyellow
MYOM1,greenyellow
MYST2,greenyellow
MYST3,greenyellow
NAGA,greenyellow
NARS2,greenyellow
NASP,greenyellow
NCRNA00081,greenyellow
NDNL2,greenyellow
NDUFA10,greenyellow
NDUFAF4,greenyellow
NDUFS8,greenyellow
NEIL3,greenyellow
NEXN,greenyellow
NFIB,greenyellow
NFKB2,greenyellow
NFYC,greenyellow
NHLRC2,greenyellow
NHSL1,greenyellow
NIF3L1,greenyellow
NKAIN1,greenyellow
NKX2-2,greenyellow
NLK,greenyellow
NOL4,greenyellow
NPY1R,greenyellow
NPY2R,greenyellow
NR2F2,greenyellow
NR4A2,greenyellow
NRG1,greenyellow
NRG4,greenyellow
NTN4,greenyellow
NUBP2,greenyellow
NUP35,greenyellow
OR2AE1,greenyellow
OR2L13,greenyellow
OR2L3,greenyellow
OR51F1,greenyellow
OR51Q1,greenyellow
OSBPL5,greenyellow
OVGP1,greenyellow
OXTR,greenyellow
P4HA1,greenyellow
PARP14,greenyellow
PAX7,greenyellow
PBK,greenyellow
PBX3,greenyellow
PCBP1,greenyellow
PCBP2,greenyellow
PCDH20,greenyellow
PCDHB16,greenyellow
PCDHGA2,greenyellow
PCDHGA4,greenyellow
PCGF3,greenyellow
PCLO,greenyellow
PCSK7,greenyellow
PDE4D,greenyellow
PDE4DIP,greenyellow
PDE7A,greenyellow
PDP1,greenyellow
PDZRN3,greenyellow
PEPD,greenyellow
PEX5L,greenyellow
PFKFB3,greenyellow
PFKP,greenyellow
PGBD4,greenyellow
PHF1,greenyellow
PHTF2,greenyellow
PITPNC1,greenyellow
PITPNM2,greenyellow
PLEKHA4,greenyellow
PLEKHH1,greenyellow
PLRG1,greenyellow
PLXNA2,greenyellow
PNKD,greenyellow
POLR1E,greenyellow
POLR2E,greenyellow
POLR3E,greenyellow
POLRMT,greenyellow
PON2,greenyellow
PPIL1,greenyellow
PPIL5,greenyellow
PPM1J,greenyellow
PPP1R3E,greenyellow
PPP2R1B,greenyellow
PPP2R2C,greenyellow
PPP2R5A,greenyellow
PRDM1,greenyellow
PRDM13,greenyellow
PRDM16,greenyellow
PRDM8,greenyellow
PRKG1,greenyellow
PRMT10,greenyellow
PROC,greenyellow
PRR13,greenyellow
PRR18,greenyellow
PRR3,greenyellow
PRR7,greenyellow
PRRX1,greenyellow
PSKH1,greenyellow
PSMB2,greenyellow
PSMB4,greenyellow
PSORS1C1,greenyellow
PTCD3,greenyellow
PTGER4,greenyellow
PTGR2,greenyellow
PTPDC1,greenyellow
PTPN12,greenyellow
PTPN13,greenyellow
PTPRG,greenyellow
PTPRN2,greenyellow
PVT1,greenyellow
PWP1,greenyellow
PXDN,greenyellow
QSOX1,greenyellow
QTRTD1,greenyellow
RAB30-AS1,greenyellow
RAB3C,greenyellow
RAD54B,greenyellow
RAD54L,greenyellow
RADIL,greenyellow
RALY,greenyellow
RAPGEF2,greenyellow
RAPGEF3,greenyellow
RARA,greenyellow
RARRES1,greenyellow
RB1,greenyellow
RBPMS-AS1,greenyellow
RCSD1,greenyellow
REG4,greenyellow
REXO4,greenyellow
RFK,greenyellow
RFT1,greenyellow
RFXAP,greenyellow
RGS1,greenyellow
RGS12,greenyellow
RHBDD1,greenyellow
RHBDL1,greenyellow
RING1,greenyellow
RNF103,greenyellow
RNF216,greenyellow
RNF220,greenyellow
RNF4,greenyellow
RNF41,greenyellow
RNF44,greenyellow
RNF6,greenyellow
ROBLD3,greenyellow
ROR1,greenyellow
RPAP1,greenyellow
RPL15,greenyellow
RPL17,greenyellow
RPL21,greenyellow
RPL32P3,greenyellow
RPS27,greenyellow
RPS6KA2,greenyellow
RPS9,greenyellow
RPTOR,greenyellow
SAFB2,greenyellow
SALL1,greenyellow
SAMD12,greenyellow
SARNP,greenyellow
SCARB2,greenyellow
SCYL3,greenyellow
SDHC,greenyellow
SDK1,greenyellow
SEC14L1,greenyellow
SEC24C,greenyellow
SELK,greenyellow
SENP8,greenyellow
SEPN1,greenyellow
SERPINE2,greenyellow
SERPINI1,greenyellow
SETD1A,greenyellow
SETD9,greenyellow
SF3B2,greenyellow
SGCB,greenyellow
SGCZ,greenyellow
SGK1,greenyellow
SGOL1,greenyellow
SH3GL1,greenyellow
SH3RF1,greenyellow
SHTN1,greenyellow
SIKE1,greenyellow
SIN3A,greenyellow
SKAP1,greenyellow
SLC16A10,greenyellow
SLC17A5,greenyellow
SLC22A15,greenyellow
SLC22A4,greenyellow
SLC25A25-AS1,greenyellow
SLC28A3,greenyellow
SLC33A1,greenyellow
SLC35A4,greenyellow
SLC35F1,greenyellow
SLC35F2,greenyellow
SLC36A1,greenyellow
SLC37A2,greenyellow
SLC39A10,greenyellow
SLC45A4,greenyellow
SLC4A1AP,greenyellow
SLITRK6,greenyellow
SMARCA5,greenyellow
SMC6,greenyellow
SMG7,greenyellow
SMG8,greenyellow
SMO,greenyellow
SNAPC2,greenyellow
SNHG5,greenyellow
SNORD114-22,greenyellow
SNRPG,greenyellow
SNX32,greenyellow
SOCS1,greenyellow
SORT1,greenyellow
SOX1,greenyellow
SOX2OT,greenyellow
SPATA13,greenyellow
SPCS1,greenyellow
SPIRE1,greenyellow
SPPL2A,greenyellow
SPRED2,greenyellow
SPTBN4,greenyellow
SPTLC2,greenyellow
SRF,greenyellow
SRP54,greenyellow
SSBP1,greenyellow
SST,greenyellow
SSTR2,greenyellow
ST18,greenyellow
STAC,greenyellow
STAM,greenyellow
STARD3NL,greenyellow
STAT5A,greenyellow
STIM2,greenyellow
STK4,greenyellow
STON2,greenyellow
STXBP5-AS1,greenyellow
STXBP6,greenyellow
SUMF2,greenyellow
SUPT6H,greenyellow
SV2B,greenyellow
TAF1A,greenyellow
TAF4B,greenyellow
TAL1,greenyellow
TARID,greenyellow
TAS2R60,greenyellow
TBC1D17,greenyellow
TBCCD1,greenyellow
TBCD,greenyellow
TBL1XR1,greenyellow
TCF4,greenyellow
TCF7L2,greenyellow
TEAD4,greenyellow
TET1,greenyellow
TGOLN2,greenyellow
THAP2,greenyellow
THBS2,greenyellow
THBS4,greenyellow
TIAF1,greenyellow
TIAM1,greenyellow
TIAM2,greenyellow
TIMM10,greenyellow
TMCC3,greenyellow
TMCO1,greenyellow
TMED5,greenyellow
TMEM108,greenyellow
TMEM128,greenyellow
TMEM132C,greenyellow
TMEM138,greenyellow
TMEM151B,greenyellow
TMEM160,greenyellow
TMEM18,greenyellow
TMEM180,greenyellow
TMEM203,greenyellow
TMEM51,greenyellow
TNFRSF11A,greenyellow
TNFRSF11B,greenyellow
TNKS,greenyellow
TNRC18,greenyellow
TNRC6B,greenyellow
TOR1B,greenyellow
TOX,greenyellow
TP53RK,greenyellow
TPCN1,greenyellow
TRAK1,greenyellow
TRDN,greenyellow
TRIM26,greenyellow
TRIM39,greenyellow
TRIM67,greenyellow
TRIM68,greenyellow
TRIO,greenyellow
TRIT1,greenyellow
TRMT61B,greenyellow
TSG1,greenyellow
TSHZ2,greenyellow
TTC21B,greenyellow
TTC23,greenyellow
TTC39C,greenyellow
TTK,greenyellow
TTN,greenyellow
TUBE1,greenyellow
UAP1,greenyellow
UBE3C,greenyellow
UBR4,greenyellow
UBTD2,greenyellow
UBTF,greenyellow
UBXN4,greenyellow
UHRF1,greenyellow
UHRF2,greenyellow
ULK4,greenyellow
UNG,greenyellow
UPF1,greenyellow
UPF2,greenyellow
UQCR,greenyellow
USP16,greenyellow
USP40,greenyellow
USP44,greenyellow
USP5,greenyellow
UTP20,greenyellow
VAT1L,greenyellow
VCAN,greenyellow
VEGFA,greenyellow
VKORC1L1,greenyellow
VPRBP,greenyellow
VPS13B,greenyellow
VPS26A,greenyellow
VSTM2A,greenyellow
WAC,greenyellow
WAPAL,greenyellow
WASL,greenyellow
WDHD1,greenyellow
WDR46,greenyellow
WDR77,greenyellow
WNT3A,greenyellow
WNT4,greenyellow
WRNIP1,greenyellow
WT1,greenyellow
XKR9,greenyellow
XPC,greenyellow
XPNPEP3,greenyellow
XPO7,greenyellow
XYLT1,greenyellow
YLPM1,greenyellow
YPEL5,greenyellow
ZBED5,greenyellow
ZBTB20,greenyellow
ZDHHC12,greenyellow
ZFAND2A,greenyellow
ZFAND6,greenyellow
ZFP36L1,greenyellow
ZFP36L2,greenyellow
ZFYVE1,greenyellow
ZMYM1,greenyellow
ZMYND15,greenyellow
ZNF142,greenyellow
ZNF215,greenyellow
ZNF229,greenyellow
ZNF238,greenyellow
ZNF250,greenyellow
ZNF252,greenyellow
ZNF30-AS1,greenyellow
ZNF428,greenyellow
ZNF498,greenyellow
ZNF559,greenyellow
ZNF582,greenyellow
ZNF598,greenyellow
ZNF606,greenyellow
ZNF697,greenyellow
ZNF79,greenyellow
ZNF799,greenyellow
ZNRF2,greenyellow
ZSCAN16,greenyellow
ZWILCH,greenyellow
ZZEF1,greenyellow
ABCA1,grey60
ABCD4,grey60
ACADL,grey60
ACCN1,grey60
ACCS,grey60
ACIN1,grey60
ACSF3,grey60
ACTB,grey60
ADAM12,grey60
ADAMTS17,grey60
ADCY3,grey60
ADCYAP1,grey60
ADCYAP1R1,grey60
ADGRV1,grey60
ADHFE1,grey60
ADPGK,grey60
AFF1,grey60
AGBL5,grey60
AGL,grey60
AKD1,grey60
AKIRIN1,grey60
AKR7A2,grey60
ALCAM,grey60
ALDH1A2,grey60
ALDH3A1,grey60
ALG3,grey60
ALPK2,grey60
ALS2CR8,grey60
AMOTL2,grey60
ANAPC7,grey60
ANGPT4,grey60
ANKRD6,grey60
API5,grey60
APOL3,grey60
APPL2,grey60
APRT,grey60
ARFIP1,grey60
ARHGAP17,grey60
ARHGAP20,grey60
ARID5B,grey60
ARL1,grey60
ARPP19,grey60
ASB7,grey60
ASPSCR1,grey60
ATF1,grey60
ATF2,grey60
ATF7IP,grey60
ATL1,grey60
ATP11B,grey60
ATP1B1,grey60
ATP2C1,grey60
ATP5H,grey60
ATP5J,grey60
ATP6V0B,grey60
ATP6V1F,grey60
ATPBD4,grey60
AURKAIP1,grey60
AZIN1,grey60
B3GNT9,grey60
BACH2,grey60
BCAS3,grey60
BCL2L2,grey60
BCL6,grey60
BDNF,grey60
BDNFOS,grey60
BEND4,grey60
BET1L,grey60
BLVRA,grey60
BNIP3,grey60
BOD1L1,grey60
BPGM,grey60
BRD8,grey60
BRP44L,grey60
BTG2,grey60
BUB3,grey60
C10ORF11,grey60
C10ORF129,grey60
C11ORF60,grey60
C11ORF63,grey60
C11ORF84,grey60
C12ORF11,grey60
C12ORF49,grey60
C15ORF57,grey60
C17ORF49,grey60
C17ORF53,grey60
C17ORF82,grey60
C19ORF60,grey60
C1ORF109,grey60
C1ORF124,grey60
C1ORF128,grey60
C1ORF86,grey60
C1QTNF5,grey60
C22ORF30,grey60
C2CD2L,grey60
C2ORF3,grey60
C2ORF52,grey60
C2ORF68,grey60
C3ORF26,grey60
C3ORF31,grey60
C3ORF56,grey60
C5ORF24,grey60
C5ORF34,grey60
C6ORF108,grey60
C6ORF201,grey60
C6ORF218,grey60
C7ORF13,grey60
C7ORF30,grey60
C8G,grey60
C8ORF22,grey60
C8ORF31,grey60
C8ORF59,grey60
C8ORF76,grey60
C9ORF64,grey60
CA3,grey60
CAB39L,grey60
CACNA1A,grey60
CACNB4,grey60
CADM2,grey60
CADPS,grey60
CADPS2,grey60
CALD1,grey60
CAMK2G,grey60
CAP2,grey60
CAPS2,grey60
CAV1,grey60
CBARA1,grey60
CBX3,grey60
CC2D1B,grey60
CCBE1,grey60
CCDC28A,grey60
CCDC41,grey60
CCDC53,grey60
CCDC87,grey60
CCDC91,grey60
CCL2,grey60
CCM2L,grey60
CCNL1,grey60
CD276,grey60
CDC27,grey60
CDC5L,grey60
CDCP1,grey60
CDH17,grey60
CDH3,grey60
CDH7,grey60
CDH9,grey60
CDK17,grey60
CDK19,grey60
CDK7,grey60
CDKAL1,grey60
CDKN2B,grey60
CDON,grey60
CEBPZOS,grey60
CELF4,grey60
CENPK,grey60
CENPL,grey60
CEP164,grey60
CEP97,grey60
CERS5,grey60
CHD1L,grey60
CHD5,grey60
CHEK2,grey60
CHRM2,grey60
CHST2,grey60
CLU,grey60
CMAH,grey60
CMTM3,grey60
CMTM6,grey60
CNGA3,grey60
CNIH2,grey60
CNTNAP1,grey60
CNTNAP2,grey60
COA6,grey60
COBRA1,grey60
COG7,grey60
COL23A1,grey60
COL5A1,grey60
COLEC11,grey60
COPZ1,grey60
COQ6,grey60
CORO1B,grey60
CPEB2,grey60
CPEB4,grey60
CPPED1,grey60
CRB2,grey60
CRIP2,grey60
CRISPLD2,grey60
CRTAP,grey60
CRYBA2,grey60
CRYZ,grey60
CSMD2,grey60
CSTF3,grey60
CTBS,grey60
CTIF,grey60
CTNNB1,grey60
CTSL,grey60
CTTN,grey60
CYBRD1,grey60
CYP27C1,grey60
CYR61,grey60
DACT2,grey60
DAPK1,grey60
DARS,grey60
DCLK3,grey60
DDA1,grey60
DDHD2,grey60
DDN,grey60
DDX17,grey60
DDX19A,grey60
DDX21,grey60
DDX4,grey60
DDX46,grey60
DDX60L,grey60
DEFA3,grey60
DENND1A,grey60
DENND3,grey60
DEPDC6,grey60
DHRS1,grey60
DIS3L,grey60
DLGAP1,grey60
DLGAP3,grey60
DLGAP4,grey60
DLX5,grey60
DMGDH,grey60
DMRTA2,grey60
DNAH11,grey60
DNAJB11,grey60
DNAJC15,grey60
DNAJC18,grey60
DNAJC24,grey60
DOCK1,grey60
DOCK4,grey60
DOLK,grey60
DPAGT1,grey60
DPP4,grey60
DPYSL2,grey60
DSE,grey60
DST,grey60
DTHD1,grey60
DUT,grey60
DYNC2H1,grey60
DYX1C1-CCPG1,grey60
DZIP1L,grey60
E2F3,grey60
EBAG9,grey60
EBF2,grey60
ECI1,grey60
EEF1A1,grey60
EEF1B2,grey60
EEPD1,grey60
EFNA5,grey60
EHBP1,grey60
EIF1AD,grey60
EIF1B,grey60
EIF2B3,grey60
EIF2C3,grey60
EIF3E,grey60
EIF4E1B,grey60
EIF4G3,grey60
EIF5A2,grey60
ELMO1,grey60
EMX1,grey60
ENOX1,grey60
ENPP4,grey60
EPB41,grey60
EPO,grey60
ERC2,grey60
ESR1,grey60
ESYT2,grey60
EYA1,grey60
EZH1,grey60
FAM107B,grey60
FAM13A,grey60
FAM13C,grey60
FAM150B,grey60
FAM155A,grey60
FAM164A,grey60
FAM171B,grey60
FAM193A,grey60
FAM53B,grey60
FAM5C,grey60
FAM65B,grey60
FAM78A,grey60
FAM82B,grey60
FAM96A,grey60
FARP1,grey60
FARSA,grey60
FBXO27,grey60
FBXO33,grey60
FBXW9,grey60
FCHSD2,grey60
FDXR,grey60
FGD5-AS1,grey60
FGF3,grey60
FGF5,grey60
FHAD1,grey60
FHIT,grey60
FIBP,grey60
FLJ44606,grey60
FLRT3,grey60
FLT4,grey60
FOS,grey60
FOXN2,grey60
FOXN3,grey60
FOXP1,grey60
FRMD4A,grey60
FRMD8,grey60
FTH1,grey60
FTSJ3,grey60
FUT11,grey60
GABRA1,grey60
GABRB1,grey60
GABRG2,grey60
GALNT2,grey60
GAP43,grey60
GARS,grey60
GCNT2,grey60
GDAP2,grey60
GDF7,grey60
GDNF,grey60
GIGYF2,grey60
GJD2,grey60
GLIPR2,grey60
GLRA1,grey60
GNAL,grey60
GNB1L,grey60
GNPNAT1,grey60
GPC5,grey60
GPIHBP1,grey60
GPR113,grey60
GPR137B,grey60
GPR161,grey60
GPR37L1,grey60
GPR39,grey60
GPRC5C,grey60
GRB2,grey60
GRIA2,grey60
GRID2,grey60
GRIN3B,grey60
GRPEL1,grey60
GSS,grey60
GSTA4,grey60
GTF2F1,grey60
GTF2F2,grey60
GTPBP4,grey60
GUCY1A2,grey60
H3F3A,grey60
HAPLN1,grey60
HAPLN4,grey60
HAS2,grey60
HDAC5,grey60
HEATR5B,grey60
HECW1,grey60
HELB,grey60
HEXA,grey60
HEY1,grey60
HIAT1,grey60
HINT2,grey60
HINT3,grey60
HIST1H2AE,grey60
HIST1H2AM,grey60
HIST1H3C,grey60
HIST1H3G,grey60
HIST1H4C,grey60
HIVEP1,grey60
HLX,grey60
HNRNPA0,grey60
HNRNPF,grey60
HNRNPH1,grey60
HNRNPU,grey60
HOXA3,grey60
HOXA7,grey60
HOXB13,grey60
HOXC11,grey60
HOXD8,grey60
HS6ST1,grey60
HSPB1,grey60
HSPD1,grey60
HTR5A,grey60
IBTK,grey60
ICA1,grey60
IFI27L2,grey60
IFIT1L,grey60
IFT57,grey60
IFT81,grey60
IFT88,grey60
IGSF11,grey60
IGSF21,grey60
IL9,grey60
IMPACT,grey60
INPP4B,grey60
INTS10,grey60
INTS5,grey60
INTS7,grey60
IRAK4,grey60
IRF4,grey60
IRF5,grey60
ISY1,grey60
ITGA5,grey60
ITGB8,grey60
ITM2B,grey60
ITPK1,grey60
ITPR1,grey60
ITSN1,grey60
JMJD8,grey60
JPH3,grey60
JUN,grey60
KATNA1,grey60
KBTBD3,grey60
KCND3-IT1,grey60
KCNG3,grey60
KCNIP4,grey60
KCNK6,grey60
KCNMA1,grey60
KDELR3,grey60
KDM2A,grey60
KDM3A,grey60
KDSR,grey60
KIAA0020,grey60
KIAA0528,grey60
KIAA0586,grey60
KIAA1217,grey60
KIAA1274,grey60
KIAA1467,grey60
KIDINS220,grey60
KIF18A,grey60
KLF3,grey60
KLHL32,grey60
KPNA4,grey60
KRAS,grey60
KSR2,grey60
L3MBTL2,grey60
LAMA3,grey60
LBH,grey60
LHFPL2,grey60
LIN28B,grey60
LINC00229,grey60
LINC00907,grey60
LINC01020,grey60
LINC01207,grey60
LINC01225,grey60
LINC01399,grey60
LINC01425,grey60
LINC01449,grey60
LINC01599,grey60
LITAF,grey60
LLGL1,grey60
LMF1,grey60
LOC100129716,grey60
LOC100302652,grey60
LOC100506804,grey60
LOC148189,grey60
LOC219347,grey60
LOC283999,grey60
LOC285456,grey60
LOC285548,grey60
LOC285830,grey60
LOC339166,grey60
LOC339529,grey60
LOC441177,grey60
LONP2,grey60
LONRF2,grey60
LPAR2,grey60
LPIN2,grey60
LPIN3,grey60
LPPR4,grey60
LRAT,grey60
LRP2,grey60
LRRC41,grey60
LRRC59,grey60
LRRCC1,grey60
LRTOMT,grey60
LSM14A,grey60
LSM6,grey60
LTB4R2,grey60
LY75,grey60
MAD1L1,grey60
MAD2L2,grey60
MAGI2,grey60
MAL2,grey60
MAN1C1,grey60
MAP2,grey60
MAP3K13,grey60
MAP3K3,grey60
MAPK7,grey60
MAT2B,grey60
MBNL1,grey60
MCRS1,grey60
MEAF6,grey60
MED12L,grey60
MED18,grey60
MEGF10,grey60
MEIS1,grey60
MEIS2,grey60
MGC2752,grey60
MGEA5,grey60
MIR124-2HG,grey60
MIR548H2,grey60
MIR636,grey60
MIR6866,grey60
MIR8078,grey60
MIR9-2,grey60
MLH1,grey60
MLLT1,grey60
MMEL1,grey60
MMP2,grey60
MNT,grey60
MOBP,grey60
MPP2,grey60
MPZL3,grey60
MRPS17,grey60
MRPS2,grey60
MSH5,grey60
MTERFD1,grey60
MTMR11,grey60
MTNR1A,grey60
MYH13,grey60
MYOF,grey60
N4BP2,grey60
N4BP2L2,grey60
NAPG,grey60
NAV2,grey60
NCK2,grey60
NCL,grey60
NCOR2,grey60
NCRNA00028,grey60
NCRNA00116,grey60
NCRNA00167,grey60
NCS1,grey60
NDRG1,grey60
NDUFA4,grey60
NDUFA4L2,grey60
NDUFC1,grey60
NEFH,grey60
NES,grey60
NETO1,grey60
NGDN,grey60
NKAIN2,grey60
NKX1-2,grey60
NLGN1,grey60
NPAS3,grey60
NPTX2,grey60
NRG3,grey60
NRIP2,grey60
NRP1,grey60
NRSN1,grey60
NRXN1,grey60
NRXN3,grey60
NSMAF,grey60
NSUN2,grey60
NUDT12,grey60
NUPL2,grey60
NUSAP1,grey60
NXPH1,grey60
OAZ3,grey60
ODZ3,grey60
ODZ4,grey60
OPA1,grey60
OPCML,grey60
OPN5,grey60
OSBPL3,grey60
OXR1,grey60
P4HB,grey60
PABPC4L,grey60
PAIP2B,grey60
PALM2,grey60
PAX8,grey60
PBX4,grey60
PCBP1,grey60
PCDHB18,grey60
PCDHB7,grey60
PCOLCE2,grey60
PCYOX1,grey60
PCYT2,grey60
PDCD6IP,grey60
PDE6D,grey60
PDE8A,grey60
PDIA6,grey60
PDLIM7,grey60
PET117,grey60
PGBD1,grey60
PGBD2,grey60
PGBD5,grey60
PHC2,grey60
PHF14,grey60
PHF19,grey60
PHLDA2,grey60
PHLDB1,grey60
PHLPP1,grey60
PHYHIPL,grey60
PIGK,grey60
PIP5KL1,grey60
PJA2,grey60
PKHD1,grey60
PLA2G16,grey60
PLCL2,grey60
PLD4,grey60
PLDN,grey60
PLEC1,grey60
PLEKHA4,grey60
PLEKHG5,grey60
PLEKHH2,grey60
PLK1,grey60
PLSCR2,grey60
PM20D1,grey60
PMF1,grey60
POLD1,grey60
POLE,grey60
POLI,grey60
POLR3B,grey60
POR,grey60
PPP1R11,grey60
PPP1R12B,grey60
PPP2R2D,grey60
PPP4R2,grey60
PRDM15,grey60
PRDM2,grey60
PROK2,grey60
PRPF38B,grey60
PRPH2,grey60
PRR14,grey60
PRSS35,grey60
PSD3,grey60
PSMC3,grey60
PSMD12,grey60
PSPC1,grey60
PTK2,grey60
PTN,grey60
PTP4A1,grey60
PTPN1,grey60
PTPRC,grey60
PTPRN2,grey60
PTRH2,grey60
PUS1,grey60
PVRL3,grey60
PXK,grey60
PXT1,grey60
PYCR1,grey60
PYCRL,grey60
QDPR,grey60
QSER1,grey60
RAB11FIP3,grey60
RAB24,grey60
RAB2A,grey60
RAB4A,grey60
RAD54L2,grey60
RADIL,grey60
RAET1G,grey60
RANBP2,grey60
RANBP3,grey60
RANGRF,grey60
RAPGEF3,grey60
RASGEF1A,grey60
RASGRF2-AS1,grey60
RASSF2,grey60
RBBP6,grey60
RBFOX3,grey60
RBM12B,grey60
RBM12B-AS1,grey60
RBM22,grey60
RBMS3,grey60
RELN,grey60
RFTN1,grey60
RFX4,grey60
RFX6,grey60
RGS2,grey60
RHOJ,grey60
RHOU,grey60
RIN1,grey60
RNF150,grey60
RNF5P1,grey60
ROBO2,grey60
RORA,grey60
RPF2,grey60
RPL13AP5,grey60
RPL19,grey60
RPS21,grey60
RPS29,grey60
RPS6KA2,grey60
RPS9,grey60
RPUSD2,grey60
RRAS,grey60
RREB1,grey60
RRS1,grey60
RSBN1L,grey60
RSL24D1,grey60
RTN1,grey60
RTN4,grey60
RUFY1,grey60
RUNX2,grey60
RWDD2B,grey60
SAP30,grey60
SAPS2,grey60
SCG2,grey60
SCLY,grey60
SCN8A,grey60
SDAD1,grey60
SEC24A,grey60
SEMA3E,grey60
SEMA6A,grey60
SERTAD1,grey60
SETD6,grey60
SF3B3,grey60
SFRS11,grey60
SFTPB,grey60
SGCE,grey60
SGK1,grey60
SH3BGR,grey60
SH3RF3,grey60
SHMT2,grey60
SHROOM3,grey60
SIGMAR1,grey60
SIK3,grey60
SKOR1,grey60
SLC14A2,grey60
SLC17A5,grey60
SLC1A3,grey60
SLC22A23,grey60
SLC26A9,grey60
SLC27A1,grey60
SLC30A6,grey60
SLC33A1,grey60
SLC36A1,grey60
SLC3A2,grey60
SLC51A,grey60
SLC5A6,grey60
SLC9A5,grey60
SLIT3,grey60
SMG8,grey60
SMURF1,grey60
SNAI3,grey60
SNAP91,grey60
SNHG8,grey60
SNORD11,grey60
SNRPE,grey60
SNUPN,grey60
SNX4,grey60
SNX6,grey60
SOST,grey60
SOX11,grey60
SOX2-OT,grey60
SOX2OT,grey60
SP110,grey60
SPATA2,grey60
SPATA20,grey60
SPATA7,grey60
SPG7,grey60
SPSB4,grey60
SREBF2,grey60
SRGAP1,grey60
SRP19,grey60
SRRM2,grey60
SSH2,grey60
SSR1,grey60
ST3GAL6,grey60
ST6GAL2,grey60
STAT2,grey60
STC1,grey60
STK35,grey60
STK36,grey60
STK4,grey60
STRBP,grey60
SUCLG2,grey60
SUDS3,grey60
SURF4,grey60
SYNC,grey60
SYNE2,grey60
TACC2,grey60
TAF4B,grey60
TAF7,grey60
TAL1,grey60
TARDBP,grey60
TARSL2,grey60
TAX1BP1,grey60
TBC1D24,grey60
TBC1D4,grey60
TBRG4,grey60
TBX2,grey60
TBX3,grey60
TBXAS1,grey60
TCF25,grey60
TCF7L1,grey60
TCTEX1D1,grey60
TDRD3,grey60
TEKT4,grey60
TEP1,grey60
TFAP2D,grey60
TFB1M,grey60
TG,grey60
TGFBR1,grey60
THADA,grey60
THSD7A,grey60
THUMPD3,grey60
TK2,grey60
TKT,grey60
TLE3,grey60
TM2D3,grey60
TM4SF18,grey60
TMC4,grey60
TMED1,grey60
TMEM131,grey60
TMEM144,grey60
TMEM161A,grey60
TMEM165,grey60
TMEM18,grey60
TMEM209,grey60
TMEM235,grey60
TMEM26,grey60
TMEM26-AS1,grey60
TMEM87A,grey60
TMEM90B,grey60
TMOD1,grey60
TMPRSS3,grey60
TMX2,grey60
TNFAIP8,grey60
TNN,grey60
TPD52L1,grey60
TPK1,grey60
TPM1,grey60
TPPP,grey60
TRAK2,grey60
TRAM1,grey60
TRIM16,grey60
TRIM27,grey60
TRIM44,grey60
TRIM62,grey60
TRIP4,grey60
TRPS1,grey60
TRPV3,grey60
TSN,grey60
TSPAN19,grey60
TTC14,grey60
TTC23,grey60
TTC27,grey60
TTC31,grey60
TTC37,grey60
TTC9C,grey60
TTLL4,grey60
TUBA1C,grey60
TUBA3D,grey60
TUBA8,grey60
TUBD1,grey60
TXNDC12,grey60
TXNDC15,grey60
TXNRD1,grey60
TYRP1,grey60
TYW3,grey60
UBE2D3,grey60
UBE2J1,grey60
UBE2Q2,grey60
UBE2U,grey60
UBE2W,grey60
UBE2Z,grey60
UBP1,grey60
UBXN10-AS1,grey60
UBXN7,grey60
UCP2,grey60
UHRF1,grey60
UIMC1,grey60
ULBP3,grey60
ULK1,grey60
UQCRB,grey60
USP19,grey60
USP20,grey60
UST,grey60
VARS2,grey60
VDAC1,grey60
VDAC3,grey60
VDR,grey60
VGLL4,grey60
VPS37C,grey60
VPS52,grey60
VPS8,grey60
VTRNA1-3,grey60
VWC2L,grey60
WASF2,grey60
WBSCR22,grey60
WDR1,grey60
WDR27,grey60
WDR35,grey60
WDR63,grey60
WDR70,grey60
WDR93,grey60
WDSUB1,grey60
WFDC1,grey60
WIPI2,grey60
WT1,grey60
XPO7,grey60
XRRA1,grey60
XXYLT1,grey60
YIPF5,grey60
YTHDF2,grey60
YWHAZ,grey60
ZBED4,grey60
ZBTB18,grey60
ZDHHC3,grey60
ZDHHC5,grey60
ZEB1,grey60
ZFAND2A,grey60
ZFHX4,grey60
ZFP36L2,grey60
ZIC1,grey60
ZMYM1,grey60
ZNF12,grey60
ZNF132,grey60
ZNF18,grey60
ZNF223,grey60
ZNF235,grey60
ZNF283,grey60
ZNF300,grey60
ZNF354B,grey60
ZNF391,grey60
ZNF407,grey60
ZNF436,grey60
ZNF445,grey60
ZNF45,grey60
ZNF512,grey60
ZNF517,grey60
ZNF525,grey60
ZNF529,grey60
ZNF540,grey60
ZNF554,grey60
ZNF564,grey60
ZNF598,grey60
ZNF623,grey60
ZNF642,grey60
ZNF644,grey60
ZNF662,grey60
ZNF740,grey60
ZNF804A,grey60
ZZZ3,grey60
A4GALT,lightcyan
AAAS,lightcyan
ABCD3,lightcyan
ABCD4,lightcyan
ABCG2,lightcyan
ACAD9,lightcyan
ACAP2,lightcyan
ACOX3,lightcyan
ACTA1,lightcyan
ACTR3,lightcyan
ACTR3C,lightcyan
ACTR6,lightcyan
ACVR1,lightcyan
ACYP1,lightcyan
ADAM33,lightcyan
ADAMTS10,lightcyan
ADAMTS17,lightcyan
ADAMTSL3,lightcyan
ADARB2,lightcyan
ADAT3,lightcyan
ADD1,lightcyan
ADHFE1,lightcyan
ADIPOQ,lightcyan
ADORA2B,lightcyan
ADSS,lightcyan
AGBL3,lightcyan
AGFG1,lightcyan
AGT,lightcyan
AGTRAP,lightcyan
AHCYL2,lightcyan
AHNAK2,lightcyan
AKAP12,lightcyan
AKAP7,lightcyan
ALCAM,lightcyan
ALDH5A1,lightcyan
ALDH7A1,lightcyan
ALDOC,lightcyan
ALOX5,lightcyan
AMBRA1,lightcyan
AMFR,lightcyan
ANAPC10,lightcyan
ANGPTL4,lightcyan
ANK1,lightcyan
ANKRD16,lightcyan
ANKRD17,lightcyan
ANKRD28,lightcyan
ANKRD44,lightcyan
ANKRD49,lightcyan
ANKRD56,lightcyan
ANTXR1,lightcyan
APBB1IP,lightcyan
APOBEC4,lightcyan
ARCN1,lightcyan
ARFGAP1,lightcyan
ARGLU1,lightcyan
ARHGAP24,lightcyan
ARHGAP44,lightcyan
ARHGEF10,lightcyan
ARHGEF18,lightcyan
ARHGEF7,lightcyan
ARID3A,lightcyan
ARID4B,lightcyan
ARIH2,lightcyan
ARL15,lightcyan
ARL5B,lightcyan
ARL6,lightcyan
ARMC1,lightcyan
ARMC5,lightcyan
ARNT2,lightcyan
ARRDC3,lightcyan
ASAH1,lightcyan
ASB4,lightcyan
ASB6,lightcyan
ASCC1,lightcyan
ASL,lightcyan
ASTN1,lightcyan
ATAD5,lightcyan
ATF6,lightcyan
ATF6B,lightcyan
ATOH1,lightcyan
ATOH8,lightcyan
ATP2B4,lightcyan
ATP5G2,lightcyan
ATPBD4,lightcyan
AZI2,lightcyan
B3GALNT1,lightcyan
B3GAT2,lightcyan
BACH2,lightcyan
BAG2,lightcyan
BASP1,lightcyan
BAT2,lightcyan
BAT4,lightcyan
BAT5,lightcyan
BAZ1A,lightcyan
BCAR3,lightcyan
BCAS4,lightcyan
BCL6,lightcyan
BCS1L,lightcyan
BEND7,lightcyan
BHLHE22,lightcyan
BNIP3,lightcyan
BOC,lightcyan
BRF1,lightcyan
BTBD11,lightcyan
BTBD9,lightcyan
BTNL2,lightcyan
C10ORF131,lightcyan
C10ORF25,lightcyan
C10ORF28,lightcyan
C11ORF58,lightcyan
C11ORF67,lightcyan
C11ORF87,lightcyan
C12ORF62,lightcyan
C12ORF65,lightcyan
C13ORF1,lightcyan
C13ORF18,lightcyan
C14ORF50,lightcyan
C15ORF26,lightcyan
C16ORF63,lightcyan
C17ORF56,lightcyan
C17ORF76,lightcyan
C19ORF62,lightcyan
C1ORF173,lightcyan
C1ORF198,lightcyan
C1QTNF2,lightcyan
C20ORF103,lightcyan
C20ORF112,lightcyan
C20ORF20,lightcyan
C20ORF29,lightcyan
C22ORF30,lightcyan
C2CD2,lightcyan
C2ORF54,lightcyan
C2ORF60,lightcyan
C2ORF89,lightcyan
C3ORF14,lightcyan
C3ORF19,lightcyan
C3ORF23,lightcyan
C3ORF33,lightcyan
C3ORF39,lightcyan
C4ORF43,lightcyan
C5ORF4,lightcyan
C5ORF41,lightcyan
C6ORF106,lightcyan
C6ORF122,lightcyan
C6ORF132,lightcyan
C6ORF134,lightcyan
C6ORF57,lightcyan
C6ORF97,lightcyan
C7ORF41,lightcyan
C7ORF51,lightcyan
C7ORF52,lightcyan
C7ORF60,lightcyan
C7ORF63,lightcyan
C8ORF31,lightcyan
C8ORF59,lightcyan
C8ORF74,lightcyan
C9ORF43,lightcyan
C9ORF72,lightcyan
CAB39L,lightcyan
CABP1,lightcyan
CACNA1B,lightcyan
CACNB2,lightcyan
CALM2,lightcyan
CAMK2N1,lightcyan
CAMTA1,lightcyan
CARS,lightcyan
CASP7,lightcyan
CASP9,lightcyan
CAT,lightcyan
CBLB,lightcyan
CBX1,lightcyan
CCAR1,lightcyan
CCDC110,lightcyan
CCDC113,lightcyan
CCDC152,lightcyan
CCDC3,lightcyan
CCDC71L,lightcyan
CCDC88B,lightcyan
CCDC92,lightcyan
CCDC93,lightcyan
CCHCR1,lightcyan
CCM2,lightcyan
CCNO,lightcyan
CCNT1,lightcyan
CCNY,lightcyan
CD2BP2,lightcyan
CD59,lightcyan
CDC14A,lightcyan
CDC42EP4,lightcyan
CDH13,lightcyan
CDH18,lightcyan
CDH20,lightcyan
CDH23,lightcyan
CDK2AP2,lightcyan
CDK8,lightcyan
CDKN2A,lightcyan
CDKN2C,lightcyan
CDYL,lightcyan
CEBPZOS,lightcyan
CECR2,lightcyan
CELSR1,lightcyan
CELSR3,lightcyan
CENPB,lightcyan
CENPC1,lightcyan
CENPQ,lightcyan
CEP170,lightcyan
CEP57,lightcyan
CGN,lightcyan
CGNL1,lightcyan
CHD5,lightcyan
CHODL,lightcyan
CHSY1,lightcyan
CHUK,lightcyan
CIPC,lightcyan
CLDN3,lightcyan
CLDND1,lightcyan
CLIC4,lightcyan
CLIP3,lightcyan
CLK1,lightcyan
CLK3,lightcyan
CLSTN3,lightcyan
CNGB3,lightcyan
CNIH4,lightcyan
CNOT2,lightcyan
CNRIP1,lightcyan
CNTNAP5,lightcyan
COL12A1,lightcyan
COL18A1,lightcyan
COL25A1,lightcyan
COPS4,lightcyan
COQ5,lightcyan
CORO7,lightcyan
COX17,lightcyan
CPA5,lightcyan
CPEB4,lightcyan
CPNE3,lightcyan
CPSF6,lightcyan
CRACR2A,lightcyan
CRADD,lightcyan
CREBRF,lightcyan
CREBZF,lightcyan
CRISPLD2,lightcyan
CSNK1E,lightcyan
CSNK1G1,lightcyan
CTNNA3,lightcyan
CTNND2,lightcyan
CTSL1,lightcyan
CTSO,lightcyan
CUX1,lightcyan
CUZD1,lightcyan
CWC22,lightcyan
CYB5R4,lightcyan
CYFIP2,lightcyan
CYHR1,lightcyan
CYP11A1,lightcyan
CYP24A1,lightcyan
CYP26C1,lightcyan
CYP2A7,lightcyan
CYP2D6,lightcyan
CYP2J2,lightcyan
CYP51A1-AS1,lightcyan
CYP7B1,lightcyan
CYSLTR2,lightcyan
DAAM2,lightcyan
DACT2,lightcyan
DBP,lightcyan
DBX1,lightcyan
DBX2,lightcyan
DCAF6,lightcyan
DCAF8,lightcyan
DCBLD1,lightcyan
DCDC2,lightcyan
DCLK2,lightcyan
DCP1A,lightcyan
DCTD,lightcyan
DCTN2,lightcyan
DCTN6,lightcyan
DDAH1,lightcyan
DDX23,lightcyan
DDX6,lightcyan
DECR2,lightcyan
DENND1A,lightcyan
DENND6A,lightcyan
DERL1,lightcyan
DFNA5,lightcyan
DGKD,lightcyan
DGKZ,lightcyan
DGUOK,lightcyan
DHRS1,lightcyan
DHX29,lightcyan
DIDO1,lightcyan
DIP2B,lightcyan
DKFZP434H168,lightcyan
DLC1,lightcyan
DLG2,lightcyan
DLGAP1-AS2,lightcyan
DLGAP3,lightcyan
DLL3,lightcyan
DNAH17,lightcyan
DNAJB6,lightcyan
DNAJC15,lightcyan
DNAJC2,lightcyan
DPH3B,lightcyan
DPP6,lightcyan
DPYD,lightcyan
DPYSL3,lightcyan
DSCAML1,lightcyan
DUSP22,lightcyan
DUSP27,lightcyan
DUT,lightcyan
DYNC1I1,lightcyan
DYNC1I2,lightcyan
EBPL,lightcyan
ECEL1,lightcyan
ECI1,lightcyan
EDN1,lightcyan
EFHD1,lightcyan
EGFR,lightcyan
EHBP1,lightcyan
EHMT1,lightcyan
EID2,lightcyan
EIF4EBP3,lightcyan
EIF5B,lightcyan
ELF2,lightcyan
ELK3,lightcyan
ELL,lightcyan
ELMOD2,lightcyan
ELP2P,lightcyan
EMC4,lightcyan
ENAH,lightcyan
ENO1,lightcyan
EP300,lightcyan
EPB41L5,lightcyan
EPHA8,lightcyan
EPS8L1,lightcyan
ERAP2,lightcyan
ERBB4,lightcyan
ERMAP,lightcyan
ESPNP,lightcyan
ESRRG,lightcyan
ETNK1,lightcyan
ETS1,lightcyan
ETV1,lightcyan
ETV5,lightcyan
EXOC1,lightcyan
EXOC6B,lightcyan
EYA4,lightcyan
F2R,lightcyan
FAM115A,lightcyan
FAM123C,lightcyan
FAM133B,lightcyan
FAM151B,lightcyan
FAM160A1,lightcyan
FAM171B,lightcyan
FAM20B,lightcyan
FAM53B,lightcyan
FAM53C,lightcyan
FAM54B,lightcyan
FAM63A,lightcyan
FAM76A,lightcyan
FAM83H,lightcyan
FAM89A,lightcyan
FAM98B,lightcyan
FANCC,lightcyan
FAT1,lightcyan
FBN1,lightcyan
FBXL6,lightcyan
FBXO16,lightcyan
FBXO38,lightcyan
FBXO4,lightcyan
FDFT1,lightcyan
FEN1,lightcyan
FERMT2,lightcyan
FGFR2,lightcyan
FIBCD1,lightcyan
FIGNL1,lightcyan
FLRT2,lightcyan
FLT1,lightcyan
FLYWCH2,lightcyan
FN3KRP,lightcyan
FNBP4,lightcyan
FOLH1,lightcyan
FOXJ2,lightcyan
FOXJ3,lightcyan
FOXO1,lightcyan
FOXO3,lightcyan
FREQ,lightcyan
FRMD4A,lightcyan
FRS2,lightcyan
FRYL,lightcyan
FSTL5,lightcyan
FTSJD1,lightcyan
FUBP1,lightcyan
FUCA1,lightcyan
FUK,lightcyan
FXYD5,lightcyan
FYN,lightcyan
GAL3ST2,lightcyan
GALC,lightcyan
GALNT9,lightcyan
GALT,lightcyan
GAN,lightcyan
GAPDH,lightcyan
GAS7,lightcyan
GBAP1,lightcyan
GFPT2,lightcyan
GIN1,lightcyan
GLI2,lightcyan
GLT1D1,lightcyan
GMPPA,lightcyan
GNAI2,lightcyan
GNAI3,lightcyan
GNAQ,lightcyan
GNASAS,lightcyan
GNB2,lightcyan
GNG7,lightcyan
GOLGB1,lightcyan
GOPC,lightcyan
GPBP1L1,lightcyan
GPHN,lightcyan
GPR146,lightcyan
GPR156,lightcyan
GPR19,lightcyan
GPR52,lightcyan
GRAMD1B,lightcyan
GRAMD3,lightcyan
GRIN2A,lightcyan
GRM7,lightcyan
GSK3B,lightcyan
GSTO2,lightcyan
GSX2,lightcyan
GTF2F1,lightcyan
GTF3C5,lightcyan
GXYLT2,lightcyan
HCCA2,lightcyan
HCG11,lightcyan
HCG27,lightcyan
HDAC11,lightcyan
HDAC4,lightcyan
HDLBP,lightcyan
HEATR6,lightcyan
HENMT1,lightcyan
HES1,lightcyan
HES3,lightcyan
HFM1,lightcyan
HINT3,lightcyan
HIST1H2AE,lightcyan
HIST1H2AM,lightcyan
HIST1H2BB,lightcyan
HIST1H3E,lightcyan
HIST4H4,lightcyan
HLA-A,lightcyan
HLA-C,lightcyan
HLA-DQB2,lightcyan
HLA-H,lightcyan
HMBOX1,lightcyan
HMG20B,lightcyan
HMGB1L1,lightcyan
HMGB2,lightcyan
HMGN3,lightcyan
HMGN3-AS1,lightcyan
HMMR,lightcyan
HNMT,lightcyan
HNRNPD,lightcyan
HNRNPL,lightcyan
HNRNPR,lightcyan
HNRPDL,lightcyan
HOXD1,lightcyan
HPSE2,lightcyan
HRASLS5,lightcyan
HSP90AA1,lightcyan
HSP90AB1,lightcyan
HSPE1,lightcyan
HTR2A,lightcyan
HTRA1,lightcyan
ICE2,lightcyan
ICMT,lightcyan
ICOSLG,lightcyan
IDH3A,lightcyan
IFIH1,lightcyan
IFIT5,lightcyan
IFT172,lightcyan
IL15,lightcyan
IL33,lightcyan
IMPAD1,lightcyan
INHA,lightcyan
INO80D,lightcyan
INPP5F,lightcyan
INSIG2,lightcyan
INTS9,lightcyan
IP6K3,lightcyan
IPO9-AS1,lightcyan
IQCK,lightcyan
IQGAP1,lightcyan
IRAK1BP1,lightcyan
ISOC2,lightcyan
ITGA9,lightcyan
JAK1,lightcyan
JAKMIP1,lightcyan
KAT5,lightcyan
KAT6A,lightcyan
KCNG4,lightcyan
KCNJ8,lightcyan
KCNMA1,lightcyan
KCTD1,lightcyan
KCTD21,lightcyan
KDM2B,lightcyan
KDM5A,lightcyan
KDR,lightcyan
KHDRBS2,lightcyan
KIAA0319,lightcyan
KIAA0319L,lightcyan
KIAA0355,lightcyan
KIAA0652,lightcyan
KIAA0776,lightcyan
KIAA1467,lightcyan
KIAA1712,lightcyan
KIF13A,lightcyan
KIF21A,lightcyan
KIF3C,lightcyan
KIFC1,lightcyan
KIRREL2,lightcyan
KLHDC8A,lightcyan
KLHL28,lightcyan
KLK15,lightcyan
KLKBL4,lightcyan
KPNA1,lightcyan
KPNA3,lightcyan
KRAS,lightcyan
KRIT1,lightcyan
KTN1,lightcyan
LAPTM4B,lightcyan
LARS2,lightcyan
LASP1,lightcyan
LATS1,lightcyan
LCA5,lightcyan
LDHA,lightcyan
LETM2,lightcyan
LGALS1,lightcyan
LGALS3BP,lightcyan
LGI1,lightcyan
LHCGR,lightcyan
LHFPL3,lightcyan
LHX2,lightcyan
LIG4,lightcyan
LIMCH1,lightcyan
LINC00536,lightcyan
LINC00659,lightcyan
LINC00673,lightcyan
LINC01102,lightcyan
LINC01115,lightcyan
LINC01167,lightcyan
LITAF,lightcyan
LMBR1,lightcyan
LMO3,lightcyan
LOC100130691,lightcyan
LOC100216545,lightcyan
LOC100507195,lightcyan
LOC101927020,lightcyan
LOC101929420,lightcyan
LOC101929680,lightcyan
LOC105376360,lightcyan
LOC105378732,lightcyan
LOC151174,lightcyan
LOC157273,lightcyan
LOC255025,lightcyan
LOC285593,lightcyan
LOC641746,lightcyan
LOC728448,lightcyan
LOC728613,lightcyan
LOC728723,lightcyan
LOC731157,lightcyan
LOC84989,lightcyan
LONRF2,lightcyan
LOXL1,lightcyan
LPHN1,lightcyan
LPPR1,lightcyan
LRCOL1,lightcyan
LRP2,lightcyan
LRPPRC,lightcyan
LRRC37B2,lightcyan
LRRC37BP1,lightcyan
LRRC47,lightcyan
LRRC67,lightcyan
LRRC8B,lightcyan
LRWD1,lightcyan
LSAMP,lightcyan
LSM14A,lightcyan
LSM5,lightcyan
LTBP1,lightcyan
LY6G5C,lightcyan
LYN,lightcyan
LYRM2,lightcyan
MACF1,lightcyan
MACROD2,lightcyan
MAGI2,lightcyan
MAGOHB,lightcyan
MAML2,lightcyan
MAP1LC3A,lightcyan
MAP2K6,lightcyan
MAP3K13,lightcyan
MAP3K5,lightcyan
MAP3K7,lightcyan
MAP3K7IP2,lightcyan
MAP4K4,lightcyan
MAP6,lightcyan
MAPRE3,lightcyan
MAR-04,lightcyan
MAR-11,lightcyan
MARS2,lightcyan
MARVELD1,lightcyan
MARVELD2,lightcyan
MBNL1,lightcyan
MBP,lightcyan
MBTPS1,lightcyan
MCF2L,lightcyan
MCFD2,lightcyan
MDH1,lightcyan
MDH1B,lightcyan
MECOM,lightcyan
MED18,lightcyan
MED23,lightcyan
MEIS2,lightcyan
MFGE8,lightcyan
MFHAS1,lightcyan
MFSD6,lightcyan
MFSD8,lightcyan
MICU1,lightcyan
MIR3197,lightcyan
MIR548G,lightcyan
MIR548H4,lightcyan
MIR564,lightcyan
MIR886,lightcyan
MLLT11,lightcyan
MNT,lightcyan
MON1B,lightcyan
MOXD1,lightcyan
MPG,lightcyan
MPST,lightcyan
MRI1,lightcyan
MRPL1,lightcyan
MRPL15,lightcyan
MRPL17,lightcyan
MRPL22,lightcyan
MRPL39,lightcyan
MRPS14,lightcyan
MRPS15,lightcyan
MRPS18B,lightcyan
MRPS22,lightcyan
MRPS28,lightcyan
MRPS33,lightcyan
MRPS36,lightcyan
MSC,lightcyan
MSH5,lightcyan
MTA3,lightcyan
MTERF,lightcyan
MTF2,lightcyan
MTRF1,lightcyan
MTSS1,lightcyan
MTUS1,lightcyan
MUDENG,lightcyan
MYADM,lightcyan
MYBBP1A,lightcyan
MYCBP,lightcyan
MYH7B,lightcyan
MYL10,lightcyan
MYL12B,lightcyan
MYL6B,lightcyan
MYO10,lightcyan
MYO1E,lightcyan
MYO5C,lightcyan
MYO9A,lightcyan
NAA35,lightcyan
NAF1,lightcyan
NAP1L1,lightcyan
NAP1L4,lightcyan
NARF,lightcyan
NARS2,lightcyan
NBLA00301,lightcyan
NCAM1,lightcyan
NCAPD2,lightcyan
NCKAP1,lightcyan
NCOA4,lightcyan
NCR3LG1,lightcyan
NDE1,lightcyan
NDUFA5,lightcyan
NDUFA9,lightcyan
NDUFAF5,lightcyan
NDUFB4,lightcyan
NDUFC1,lightcyan
NDUFS3,lightcyan
NDUFS7,lightcyan
NEDD4L,lightcyan
NEK3,lightcyan
NEK4,lightcyan
NEK7,lightcyan
NEO1,lightcyan
NEU1,lightcyan
NFATC2IP,lightcyan
NFATC4,lightcyan
NFE2L2,lightcyan
NFIA,lightcyan
NHLRC2,lightcyan
NHP2L1,lightcyan
NIPBL,lightcyan
NKD2,lightcyan
NKPD1,lightcyan
NKX2-6,lightcyan
NLRP1,lightcyan
NOB1,lightcyan
NOC4L,lightcyan
NOVA2,lightcyan
NOX3,lightcyan
NPM1,lightcyan
NPR1,lightcyan
NQO2,lightcyan
NR2C2,lightcyan
NR3C1,lightcyan
NRD1,lightcyan
NRF1,lightcyan
NRGN,lightcyan
NRXN1,lightcyan
NRXN3,lightcyan
NSUN3,lightcyan
NT5C2,lightcyan
NTMT1,lightcyan
NTN1,lightcyan
NUDT15,lightcyan
NUDT5,lightcyan
NUP54,lightcyan
NUS1,lightcyan
NVL,lightcyan
NXF1,lightcyan
NXN,lightcyan
OAS2,lightcyan
ODZ4,lightcyan
OPA3,lightcyan
OPCML,lightcyan
OR1D2,lightcyan
OSBPL3,lightcyan
OSBPL5,lightcyan
OSM,lightcyan
OSR2,lightcyan
OSTBETA,lightcyan
OVOL2,lightcyan
OXNAD1,lightcyan
P11,lightcyan
P2RX5-TAX1BP3,lightcyan
P4HA1,lightcyan
PAAF1,lightcyan
PABPC4,lightcyan
PACRG,lightcyan
PACS2,lightcyan
PAFAH2,lightcyan
PAK6,lightcyan
PAK7,lightcyan
PARD3,lightcyan
PAWR,lightcyan
PAXBP1-AS1,lightcyan
PBX1,lightcyan
PCBP1,lightcyan
PCDHB7,lightcyan
PCDHGA1,lightcyan
PCSK1,lightcyan
PCSK2,lightcyan
PCSK9,lightcyan
PDCD1LG2,lightcyan
PDCD6IP,lightcyan
PDE11A,lightcyan
PDE1A,lightcyan
PDE4A,lightcyan
PDE4D,lightcyan
PDE7B,lightcyan
PDHX,lightcyan
PDK2,lightcyan
PDLIM2,lightcyan
PDLIM3,lightcyan
PDSS2,lightcyan
PELI1,lightcyan
PEPD,lightcyan
PFKL,lightcyan
PGM2L1,lightcyan
PHACTR1,lightcyan
PHF1,lightcyan
PHF7,lightcyan
PHLDB3,lightcyan
PI4KB,lightcyan
PIK3C3,lightcyan
PIK3CD,lightcyan
PKIG,lightcyan
PLEC1,lightcyan
PLEKHA5,lightcyan
PLEKHG7,lightcyan
PLEKHH3,lightcyan
PLEKHM3,lightcyan
PLK2,lightcyan
PLK5P,lightcyan
PLOD2,lightcyan
PLS1,lightcyan
PM20D2,lightcyan
PNPO,lightcyan
PODXL,lightcyan
POFUT2,lightcyan
POLR2A,lightcyan
POLR2D,lightcyan
POLR2K,lightcyan
POLR3B,lightcyan
POLR3D,lightcyan
PON2,lightcyan
POP4,lightcyan
POU2F1,lightcyan
POU3F2,lightcyan
PPAP2B,lightcyan
PPAP2C,lightcyan
PPAPDC1A,lightcyan
PPIE,lightcyan
PPIG,lightcyan
PPM1L,lightcyan
PPP1CC,lightcyan
PPP1R11,lightcyan
PPP1R13L,lightcyan
PPP2R2B,lightcyan
PPP2R2C,lightcyan
PPP2R5C,lightcyan
PPP3CA,lightcyan
PPT2,lightcyan
PRCC,lightcyan
PRCP,lightcyan
PRDM13,lightcyan
PRDM16,lightcyan
PRDM5,lightcyan
PRDM6,lightcyan
PRELP,lightcyan
PREPL,lightcyan
PRKAA2,lightcyan
PRKAR1B,lightcyan
PRKCE,lightcyan
PRMT2,lightcyan
PRMT6,lightcyan
PRPF40B,lightcyan
PRR15,lightcyan
PRR5L,lightcyan
PRSS54,lightcyan
PSD3,lightcyan
PSMA5,lightcyan
PSMC3,lightcyan
PSMD13,lightcyan
PSMD5,lightcyan
PTBP1,lightcyan
PTCH1,lightcyan
PTGS1,lightcyan
PTHLH,lightcyan
PTK2,lightcyan
PTK7,lightcyan
PTP4A1,lightcyan
PTPN4,lightcyan
PTPRF,lightcyan
PTPRG,lightcyan
PTPRN2,lightcyan
PTPRR,lightcyan
PTPRT,lightcyan
PYROXD1,lightcyan
PYY,lightcyan
R3HDM1,lightcyan
RAB21,lightcyan
RAB24,lightcyan
RAB38,lightcyan
RAB3GAP2,lightcyan
RAB5A,lightcyan
RAB8A,lightcyan
RABGAP1L,lightcyan
RABGGTB,lightcyan
RAD18,lightcyan
RAD51B,lightcyan
RAD54B,lightcyan
RAD54L,lightcyan
RAD54L2,lightcyan
RADIL,lightcyan
RAET1G,lightcyan
RALGAPA2,lightcyan
RASSF8,lightcyan
RBBP5,lightcyan
RBFOX1,lightcyan
RBKS,lightcyan
RBM44,lightcyan
RBMS2,lightcyan
RCAN1,lightcyan
RCN3,lightcyan
RDH10,lightcyan
REEP3,lightcyan
REL,lightcyan
RELL2,lightcyan
RELN,lightcyan
RETNLB,lightcyan
REV3L,lightcyan
RFESD,lightcyan
RFT1,lightcyan
RFWD3,lightcyan
RFX1,lightcyan
RG9MTD3,lightcyan
RGMB,lightcyan
RHOJ,lightcyan
RHOU,lightcyan
RIMS1,lightcyan
RIMS4,lightcyan
RIOK2,lightcyan
RIPK2,lightcyan
RNASE4,lightcyan
RNF10,lightcyan
RNF13,lightcyan
RNF144A,lightcyan
RNF168,lightcyan
RNF19B,lightcyan
RNF216,lightcyan
RNF219,lightcyan
RNF220,lightcyan
RNGTT,lightcyan
RNH1,lightcyan
ROBO2,lightcyan
ROR2,lightcyan
RP9P,lightcyan
RPGRIP1L,lightcyan
RPH3AL,lightcyan
RPL13AP5,lightcyan
RPL17,lightcyan
RPL21,lightcyan
RPL22,lightcyan
RPL23A,lightcyan
RPL35A,lightcyan
RPLP1,lightcyan
RPRD2,lightcyan
RPS27,lightcyan
RPS5,lightcyan
RPS6KA2,lightcyan
RPS6KB1,lightcyan
RPS7,lightcyan
RREB1,lightcyan
RRP1,lightcyan
RTFDC1,lightcyan
RTN4,lightcyan
RUFY1,lightcyan
RUNX2,lightcyan
RWDD4A,lightcyan
RXRG,lightcyan
SALL3,lightcyan
SAMD11,lightcyan
SCAF11,lightcyan
SCCPDH,lightcyan
SCD5,lightcyan
SCFD1,lightcyan
SCHIP1,lightcyan
SCNN1G,lightcyan
SCYL3,lightcyan
SDC2,lightcyan
SDHAF1,lightcyan
SEC23B,lightcyan
SEC61A2,lightcyan
SEL1L2,lightcyan
SEMA3A,lightcyan
SEMA3C,lightcyan
SEMA4B,lightcyan
SEMA6D,lightcyan
SEP-02,lightcyan
SERBP1,lightcyan
SERPINA12,lightcyan
SERTAD4,lightcyan
SESN1,lightcyan
SETD1B,lightcyan
SFI1,lightcyan
SFRP2,lightcyan
SFRS4,lightcyan
SFTA3,lightcyan
SGMS1,lightcyan
SH3GLB1,lightcyan
SH3RF1,lightcyan
SHANK3,lightcyan
SHB,lightcyan
SHISA3,lightcyan
SHKBP1,lightcyan
SIRT5,lightcyan
SIVA1,lightcyan
SKIV2L,lightcyan
SLAIN1,lightcyan
SLBP,lightcyan
SLC16A7,lightcyan
SLC17A5,lightcyan
SLC18A1,lightcyan
SLC25A17,lightcyan
SLC25A30-AS1,lightcyan
SLC26A4,lightcyan
SLC27A1,lightcyan
SLC35F1,lightcyan
SLC39A1,lightcyan
SLC3A2,lightcyan
SLC6A4,lightcyan
SLC7A1,lightcyan
SLC9A9-AS1,lightcyan
SLCO1B1,lightcyan
SLIT2,lightcyan
SMAD3,lightcyan
SMARCA2,lightcyan
SMC4,lightcyan
SMYD3,lightcyan
SNAPC1,lightcyan
SNRPB2,lightcyan
SNTB1,lightcyan
SNX2,lightcyan
SNX9,lightcyan
SOD1,lightcyan
SORBS2,lightcyan
SORCS2,lightcyan
SORL1,lightcyan
SORT1,lightcyan
SOWAHC,lightcyan
SOX2-OT,lightcyan
SOX2OT,lightcyan
SOX4,lightcyan
SPAG9,lightcyan
SPOCK3,lightcyan
SPOP,lightcyan
SPRTN,lightcyan
SPRYD3,lightcyan
SRRM1,lightcyan
SRRT,lightcyan
SSB,lightcyan
SSBP3,lightcyan
SSBP4,lightcyan
SSH1,lightcyan
ST6GALNAC3,lightcyan
ST6GALNAC4,lightcyan
STAC,lightcyan
STARD13,lightcyan
STARD4,lightcyan
STIM1,lightcyan
STIM2,lightcyan
STK38,lightcyan
STMN2,lightcyan
STX2,lightcyan
STX3,lightcyan
STX4,lightcyan
SULT2B1,lightcyan
SUMO1,lightcyan
SUV420H2,lightcyan
SVEP1,lightcyan
SYCN,lightcyan
SYNGAP1,lightcyan
SYNJ2-IT1,lightcyan
SYT13,lightcyan
T,lightcyan
TAC1,lightcyan
TAF3,lightcyan
TARID,lightcyan
TAS2R19,lightcyan
TATDN2,lightcyan
TBC1D5,lightcyan
TBCCD1,lightcyan
TCF19,lightcyan
TCF3,lightcyan
TCF4,lightcyan
TCP1,lightcyan
TCTN1,lightcyan
TDRD5,lightcyan
TENM2,lightcyan
TENM3,lightcyan
TES,lightcyan
TFCP2,lightcyan
TGFA,lightcyan
THADA,lightcyan
THEGL,lightcyan
THSD1,lightcyan
TIMM22,lightcyan
TIMM8B,lightcyan
TKT,lightcyan
TLN1,lightcyan
TLR1,lightcyan
TMED10,lightcyan
TMEM108,lightcyan
TMEM170A,lightcyan
TMEM246,lightcyan
TMEM59,lightcyan
TMEM85,lightcyan
TMEM97,lightcyan
TNFSF11,lightcyan
TNIK,lightcyan
TNRC6C,lightcyan
TOPORS,lightcyan
TP53BP1,lightcyan
TPH2,lightcyan
TPK1,lightcyan
TPO,lightcyan
TPX2,lightcyan
TRA2B,lightcyan
TRAF3IP1,lightcyan
TRAF3IP2,lightcyan
TRAIP,lightcyan
TRIM14,lightcyan
TRIM26,lightcyan
TRIM39,lightcyan
TRIM41,lightcyan
TRIM44,lightcyan
TRIM54,lightcyan
TRNP1,lightcyan
TRPC6,lightcyan
TRPS1,lightcyan
TSC22D1,lightcyan
TSEN34,lightcyan
TSNAXIP1,lightcyan
TSTD1,lightcyan
TTC17,lightcyan
TTC25,lightcyan
TTC26,lightcyan
TTLL5,lightcyan
TTPAL,lightcyan
TUBGCP6,lightcyan
TUFT1,lightcyan
TXNDC6,lightcyan
UBA2,lightcyan
UBAP2L,lightcyan
UBE2F,lightcyan
UBE2N,lightcyan
UBE4A,lightcyan
UBL5,lightcyan
UBR3,lightcyan
UBXN2B,lightcyan
UBXN8,lightcyan
UCKL1,lightcyan
UGGT1,lightcyan
UGGT2,lightcyan
ULBP1,lightcyan
UNC5A,lightcyan
UPK3B,lightcyan
UQCRB,lightcyan
USF1,lightcyan
USP2,lightcyan
USP48,lightcyan
USP5,lightcyan
USP8,lightcyan
VAC14,lightcyan
VAC14-AS1,lightcyan
VARS2,lightcyan
VASN,lightcyan
VIPR2,lightcyan
VPS13B,lightcyan
VPS26A,lightcyan
VPS29,lightcyan
VWDE,lightcyan
WBSCR27,lightcyan
WDR35,lightcyan
WDR46,lightcyan
WDR48,lightcyan
WDR65,lightcyan
WDR8,lightcyan
WDR89,lightcyan
WIPI1,lightcyan
WNT5A,lightcyan
XPC,lightcyan
XPO1,lightcyan
XPO6,lightcyan
XRCC6,lightcyan
XYLT1,lightcyan
YPEL5,lightcyan
ZBTB18,lightcyan
ZBTB20,lightcyan
ZBTB7B,lightcyan
ZBTB8B,lightcyan
ZC3H10,lightcyan
ZC3H4,lightcyan
ZC3H7B,lightcyan
ZC3HAV1L,lightcyan
ZCCHC24,lightcyan
ZDHHC14,lightcyan
ZDHHC17,lightcyan
ZDHHC23,lightcyan
ZDHHC4,lightcyan
ZFAND4,lightcyan
ZFAND6,lightcyan
ZFP14,lightcyan
ZFP28,lightcyan
ZFP36L1,lightcyan
ZFP41,lightcyan
ZFPM1,lightcyan
ZFPM2-AS1,lightcyan
ZFR2,lightcyan
ZFYVE1,lightcyan
ZMIZ1,lightcyan
ZMIZ2,lightcyan
ZMYM6,lightcyan
ZNF133,lightcyan
ZNF169,lightcyan
ZNF221,lightcyan
ZNF229,lightcyan
ZNF239,lightcyan
ZNF25,lightcyan
ZNF292,lightcyan
ZNF3,lightcyan
ZNF300,lightcyan
ZNF416,lightcyan
ZNF428,lightcyan
ZNF474,lightcyan
ZNF516,lightcyan
ZNF525,lightcyan
ZNF529,lightcyan
ZNF565,lightcyan
ZNF57,lightcyan
ZNF600,lightcyan
ZNF608,lightcyan
ZNF641,lightcyan
ZNF710,lightcyan
ZNF713,lightcyan
ZNF76,lightcyan
ZNF771,lightcyan
ZNF781,lightcyan
ZNF793,lightcyan
ZNF841,lightcyan
ZNF862,lightcyan
ZSWIM3,lightcyan
AADACP1,lightgreen
AATF,lightgreen
ABCF2,lightgreen
ACAD9,lightgreen
ACADM,lightgreen
ACN9,lightgreen
ACP6,lightgreen
ACTR2,lightgreen
ACTR3,lightgreen
ADCY2,lightgreen
ADCY8,lightgreen
ADGRL2,lightgreen
ADSS,lightgreen
ADTRP,lightgreen
AEBP2,lightgreen
AGK,lightgreen
AGPAT3,lightgreen
AGRN,lightgreen
AGXT2,lightgreen
AHSA1,lightgreen
AIP,lightgreen
AKAP11,lightgreen
AKAP2,lightgreen
AKAP5,lightgreen
AKD1,lightgreen
ALG2,lightgreen
ALMS1,lightgreen
AMBRA1,lightgreen
AMPD2,lightgreen
ANAPC7,lightgreen
ANGPT1,lightgreen
ANKRD11,lightgreen
ANKRD34A,lightgreen
ANKRD50,lightgreen
ANKRD52,lightgreen
ANO5,lightgreen
AP1G2,lightgreen
AP3M2,lightgreen
APBA1,lightgreen
APBB1,lightgreen
APLP2,lightgreen
ARFGEF1,lightgreen
ARHGEF12,lightgreen
ARHGEF18,lightgreen
ARIH1,lightgreen
ARL16,lightgreen
ARL5A,lightgreen
ARL8B,lightgreen
ARPC5,lightgreen
ASAP3,lightgreen
ASTN1,lightgreen
ATAD5,lightgreen
ATF3,lightgreen
ATG2B,lightgreen
ATL2,lightgreen
ATM,lightgreen
ATP1A1,lightgreen
ATP1A3,lightgreen
ATP2B4,lightgreen
ATP5I,lightgreen
ATP6V0C,lightgreen
ATP8A1,lightgreen
ATXN3,lightgreen
ATXN7L3B,lightgreen
BAI3,lightgreen
BAT3,lightgreen
BCKDHB,lightgreen
BCL9,lightgreen
BCO2,lightgreen
BDKRB1,lightgreen
BDNF,lightgreen
BDNFOS,lightgreen
BEND6,lightgreen
BLCAP,lightgreen
BLOC1S3,lightgreen
BTBD11,lightgreen
BTD,lightgreen
C10ORF4,lightgreen
C10ORF76,lightgreen
C11ORF10,lightgreen
C12ORF4,lightgreen
C12ORF42,lightgreen
C14ORF166,lightgreen
C16ORF88,lightgreen
C17ORF85,lightgreen
C19ORF47,lightgreen
C1ORF96,lightgreen
C1ORF97,lightgreen
C20ORF194,lightgreen
C21ORF56,lightgreen
C21ORF57,lightgreen
C2ORF44,lightgreen
C2ORF63,lightgreen
C4ORF34,lightgreen
C5ORF24,lightgreen
C6ORF182,lightgreen
C6ORF72,lightgreen
C8ORF33,lightgreen
C8ORF37,lightgreen
C8ORF40,lightgreen
C8ORF73,lightgreen
C9ORF156,lightgreen
CABLES1,lightgreen
CACFD1,lightgreen
CACNA2D3,lightgreen
CACNB4,lightgreen
CALN1,lightgreen
CAMK4,lightgreen
CAPS2,lightgreen
CASP7,lightgreen
CAV1,lightgreen
CBR4,lightgreen
CBX3,lightgreen
CCDC33,lightgreen
CCDC39,lightgreen
CCDC88A,lightgreen
CCDC92,lightgreen
CCDC99,lightgreen
CCND3,lightgreen
CCNG1,lightgreen
CCSER1,lightgreen
CD44,lightgreen
CD63,lightgreen
CDC25B,lightgreen
CDGAP,lightgreen
CDH18,lightgreen
CDK5RAP2,lightgreen
CDKN1A,lightgreen
CDV3,lightgreen
CELF2,lightgreen
CENPBD1,lightgreen
CENPK,lightgreen
CEP19,lightgreen
CES4,lightgreen
CHCHD2,lightgreen
CHD1,lightgreen
CHL1,lightgreen
CHST2,lightgreen
CIR1,lightgreen
CKAP2L,lightgreen
CLASP2,lightgreen
CLCN6,lightgreen
CLCN7,lightgreen
CLPTM1,lightgreen
CLPTM1L,lightgreen
CNN3,lightgreen
CNOT8,lightgreen
CNTD1,lightgreen
COG5,lightgreen
COL11A2,lightgreen
COL23A1,lightgreen
COL4A1,lightgreen
COL7A1,lightgreen
COPS6,lightgreen
COPZ1,lightgreen
COQ10A,lightgreen
COQ2,lightgreen
COX18,lightgreen
COX5B,lightgreen
CPS1,lightgreen
CPVL,lightgreen
CR1L,lightgreen
CREB1,lightgreen
CREB3L2,lightgreen
CREB5,lightgreen
CREG1,lightgreen
CRIPT,lightgreen
CRYZ,lightgreen
CSNK1A1,lightgreen
CSRNP2,lightgreen
CTDSP1,lightgreen
CTSB,lightgreen
CTXN1,lightgreen
CTXN2,lightgreen
CUL3,lightgreen
CUL7,lightgreen
CYB5RL,lightgreen
CYP1B1,lightgreen
DAAM1,lightgreen
DACH1,lightgreen
DACT3,lightgreen
DAP,lightgreen
DCAF8,lightgreen
DCHS2,lightgreen
DDI2,lightgreen
DDTL,lightgreen
DDX18,lightgreen
DDX51,lightgreen
DDX6,lightgreen
DENND4C,lightgreen
DFNB59,lightgreen
DGCR5,lightgreen
DGKH,lightgreen
DHRS4,lightgreen
DIP2C,lightgreen
DIXDC1,lightgreen
DKFZP761E198,lightgreen
DLC1,lightgreen
DLEU1,lightgreen
DLG1,lightgreen
DLG2,lightgreen
DLK1,lightgreen
DLL4,lightgreen
DNAJB1,lightgreen
DNAJB2,lightgreen
DNAJB5,lightgreen
DNAJC12,lightgreen
DNAJC7,lightgreen
DNM1P35,lightgreen
DNTTIP2,lightgreen
DOCK9,lightgreen
DOHH,lightgreen
DPF1,lightgreen
DPY30,lightgreen
DSCAML1,lightgreen
DTNA,lightgreen
DUSP16,lightgreen
EEF1A1,lightgreen
EFCAB6,lightgreen
EFNA4,lightgreen
EFS,lightgreen
EGFLAM,lightgreen
EGR3,lightgreen
EHMT2,lightgreen
EIF1AD,lightgreen
EIF2B1,lightgreen
EIF2S1,lightgreen
EIF3F,lightgreen
EIF4A2,lightgreen
ELF1,lightgreen
ELF2,lightgreen
ELMOD2,lightgreen
ELN,lightgreen
ELP4,lightgreen
EMC2,lightgreen
EME2,lightgreen
EMX2,lightgreen
ENAH,lightgreen
ENOX1,lightgreen
EPHA10,lightgreen
EPHX4,lightgreen
ERICH1,lightgreen
ERLEC1,lightgreen
ESPL1,lightgreen
ETV6,lightgreen
EXOC2,lightgreen
EYA1,lightgreen
EZR,lightgreen
FADS2,lightgreen
FAIM,lightgreen
FAM101A,lightgreen
FAM115A,lightgreen
FAM120AOS,lightgreen
FAM124B,lightgreen
FAM134A,lightgreen
FAM13A,lightgreen
FAM155A,lightgreen
FAM160B1,lightgreen
FAM174A,lightgreen
FAM194B,lightgreen
FAM73B,lightgreen
FAM76B,lightgreen
FAM78B,lightgreen
FAM98C,lightgreen
FBXL7,lightgreen
FBXO21,lightgreen
FBXO3,lightgreen
FBXW4,lightgreen
FCHSD2,lightgreen
FCRL6,lightgreen
FDFT1,lightgreen
FDXACB1,lightgreen
FEM1C,lightgreen
FGD4,lightgreen
FGF12,lightgreen
FGF8,lightgreen
FGFR1,lightgreen
FGGY,lightgreen
FKBP11,lightgreen
FKBP4,lightgreen
FLJ16171,lightgreen
FLJ31306,lightgreen
FOXC2,lightgreen
FOXO1,lightgreen
FOXP1,lightgreen
FRAT1,lightgreen
FRMD4A,lightgreen
FUT11,lightgreen
G3BP2,lightgreen
GABRB1,lightgreen
GABRG1,lightgreen
GADD45A,lightgreen
GALR1,lightgreen
GARS,lightgreen
GATA4,lightgreen
GBF1,lightgreen
GGTA1P,lightgreen
GKAP1,lightgreen
GLB1L2,lightgreen
GLE1,lightgreen
GLIS3,lightgreen
GMDS,lightgreen
GNB1L,lightgreen
GNMT,lightgreen
GOLIM4,lightgreen
GOLPH3L,lightgreen
GPAM,lightgreen
GPC5,lightgreen
GPR68,lightgreen
GPRC5B,lightgreen
GREB1,lightgreen
GRIA4,lightgreen
GRID1-AS1,lightgreen
GRPEL2,lightgreen
GSTM1,lightgreen
GTPBP10,lightgreen
GTPBP8,lightgreen
HAO1,lightgreen
HAPLN1,lightgreen
HAS2,lightgreen
HAUS3,lightgreen
HBS1L,lightgreen
HCRTR1,lightgreen
HDAC3,lightgreen
HDAC4,lightgreen
HDGFRP3,lightgreen
HELQ,lightgreen
HELT,lightgreen
HGSNAT,lightgreen
HIBADH,lightgreen
HIST1H2AG,lightgreen
HIST1H2AH,lightgreen
HIST1H2BD,lightgreen
HIST1H2BI,lightgreen
HIVEP2,lightgreen
HLA-DPB2,lightgreen
HLA-DQA1,lightgreen
HMGCLL1,lightgreen
HMGN3-AS1,lightgreen
HMGXB4,lightgreen
HNRNPA2B1,lightgreen
HNRNPK,lightgreen
HRK,lightgreen
HSPA1A,lightgreen
HSPA5,lightgreen
HSPBP1,lightgreen
HTT,lightgreen
HYLS1,lightgreen
IFIT1,lightgreen
IFIT5,lightgreen
IFNAR1,lightgreen
IGFBP3,lightgreen
IGLON5,lightgreen
INADL,lightgreen
ING5,lightgreen
IRX3,lightgreen
ISCU,lightgreen
ISL2,lightgreen
ITGAE,lightgreen
JAKMIP1,lightgreen
JMJD1C-AS1,lightgreen
KAT8,lightgreen
KBTBD2,lightgreen
KCNAB3,lightgreen
KCNQ1DN,lightgreen
KIAA0174,lightgreen
KIAA0226L,lightgreen
KIAA0391,lightgreen
KIAA0895,lightgreen
KIAA1147,lightgreen
KIAA1279,lightgreen
KIF16B,lightgreen
KIF17,lightgreen
KIF25,lightgreen
KIFC1,lightgreen
KLC2,lightgreen
KLHDC1,lightgreen
KLHDC4,lightgreen
KLHL7,lightgreen
KREMEN1,lightgreen
KRR1,lightgreen
L3MBTL2,lightgreen
LAMA3,lightgreen
LAMB1,lightgreen
LAMP5-AS1,lightgreen
LAP3,lightgreen
LARP7,lightgreen
LARS2,lightgreen
LBR,lightgreen
LCE1C,lightgreen
LCORL,lightgreen
LEF1-AS1,lightgreen
LENG8,lightgreen
LGALS3,lightgreen
LHX8,lightgreen
LINC00029,lightgreen
LINC00116,lightgreen
LINC00607,lightgreen
LINC00643,lightgreen
LINC00669,lightgreen
LINC00883,lightgreen
LINC01344,lightgreen
LMAN2L,lightgreen
LMOD1,lightgreen
LNP1,lightgreen
LNX2,lightgreen
LOC100131626,lightgreen
LOC100190939,lightgreen
LOC100302652,lightgreen
LOC100506834,lightgreen
LOC101927815,lightgreen
LOC101927914,lightgreen
LOC101928203,lightgreen
LOC113230,lightgreen
LOC219347,lightgreen
LOC221710,lightgreen
LOC282997,lightgreen
LOC338758,lightgreen
LOC400657,lightgreen
LOC729970,lightgreen
LPL,lightgreen
LRRFIP2,lightgreen
LRRK1,lightgreen
LURAP1L,lightgreen
LURAP1L-AS1,lightgreen
MAGI2,lightgreen
MAN1A2,lightgreen
MAP1B,lightgreen
MAP2K3,lightgreen
MAP7,lightgreen
MAPK10,lightgreen
MAPK15,lightgreen
MAPK3,lightgreen
MAPKAPK2,lightgreen
MAVS,lightgreen
MC2R,lightgreen
MCC,lightgreen
MCF2L,lightgreen
MCF2L2,lightgreen
MCM7,lightgreen
MCM9,lightgreen
MCOLN2,lightgreen
MDN1,lightgreen
ME3,lightgreen
MED12L,lightgreen
MED25,lightgreen
MEF2BNB-MEF2B,lightgreen
MEGF11,lightgreen
MEGF9,lightgreen
METTL4,lightgreen
MGC2889,lightgreen
MGMT,lightgreen
MIF4GD,lightgreen
MIPOL1,lightgreen
MIR1-2,lightgreen
MIR10A,lightgreen
MIR1908,lightgreen
MIR5009,lightgreen
MKL1,lightgreen
MLF2,lightgreen
MLLT10,lightgreen
MMAA,lightgreen
MMD,lightgreen
MON2,lightgreen
MORF4L1,lightgreen
MPRIP,lightgreen
MRAS,lightgreen
MRPL32,lightgreen
MRPL35,lightgreen
MRPS10,lightgreen
MRPS18B,lightgreen
MRPS31,lightgreen
MS4A6E,lightgreen
MS4A8,lightgreen
MT1A,lightgreen
MT1F,lightgreen
MTA3,lightgreen
MTF1,lightgreen
MTG2,lightgreen
MTP18,lightgreen
MTSS1,lightgreen
MTX3,lightgreen
MUC4,lightgreen
MVB12B,lightgreen
MYH11,lightgreen
MYO16,lightgreen
MYO1C,lightgreen
MYST3,lightgreen
NAA15,lightgreen
NALCN-AS1,lightgreen
NANS,lightgreen
NAPB,lightgreen
NARFL,lightgreen
NAV2,lightgreen
NCAN,lightgreen
NCOA3,lightgreen
NCOA6,lightgreen
NCRNA00171,lightgreen
NDFIP2,lightgreen
NDUFC1,lightgreen
NEDD4L,lightgreen
NEDD9,lightgreen
NEGR1,lightgreen
NEK4,lightgreen
NFATC3,lightgreen
NFIA-AS2,lightgreen
NFKBIL1,lightgreen
NFKBIL2,lightgreen
NHEDC1,lightgreen
NHLRC2,lightgreen
NKAIN2,lightgreen
NME3,lightgreen
NMUR1,lightgreen
NOD2,lightgreen
NOXA1,lightgreen
NR2F2,lightgreen
NR5A2,lightgreen
NT5C2,lightgreen
NUDT12,lightgreen
NUDT16,lightgreen
NUP205,lightgreen
NXN,lightgreen
NXNL2,lightgreen
OR2L13,lightgreen
ORC2,lightgreen
OSBP,lightgreen
OSBP2,lightgreen
OTX1,lightgreen
OXR1,lightgreen
PACRG,lightgreen
PAIP2,lightgreen
PANX1,lightgreen
PAPL,lightgreen
PATL2,lightgreen
PCDH9,lightgreen
PCOTH,lightgreen
PCYOX1,lightgreen
PDCD5,lightgreen
PDE1A,lightgreen
PDGFRA,lightgreen
PDLIM2,lightgreen
PDS5A,lightgreen
PEF1,lightgreen
PEX11B,lightgreen
PFN4,lightgreen
PHF12,lightgreen
PHTF2,lightgreen
PI4KB,lightgreen
PIGP,lightgreen
PIK3R3,lightgreen
PIP4K2A,lightgreen
PKN2,lightgreen
PKNOX1,lightgreen
PLCL2,lightgreen
PLD3,lightgreen
PLOD2,lightgreen
PMP22,lightgreen
PMVK,lightgreen
PNLIPRP2,lightgreen
PNPLA7,lightgreen
POU2F1,lightgreen
PPARGC1B,lightgreen
PPFIA2,lightgreen
PPIF,lightgreen
PPOX,lightgreen
PPP1CC,lightgreen
PPP1R15A,lightgreen
PPP1R2,lightgreen
PPP2R2C,lightgreen
PPP4R3B,lightgreen
PPP6R3,lightgreen
PPT2,lightgreen
PRAMEF11,lightgreen
PRDM6,lightgreen
PRKCSH,lightgreen
PRKRIP1,lightgreen
PROSC,lightgreen
PRR12,lightgreen
PRR13,lightgreen
PRR15,lightgreen
PRSS22,lightgreen
PRTG,lightgreen
PSMA5,lightgreen
PSMD6,lightgreen
PTN,lightgreen
PTP4A2,lightgreen
PTPN14,lightgreen
PTPRC,lightgreen
PTTG1,lightgreen
PVRL3-AS1,lightgreen
PYCR2,lightgreen
R3HDM1,lightgreen
RAB11FIP5,lightgreen
RAB1B,lightgreen
RAB2B,lightgreen
RAB35,lightgreen
RABEP1,lightgreen
RAET1K,lightgreen
RASAL1,lightgreen
RASGRF1,lightgreen
RBL2,lightgreen
RBM23,lightgreen
RBMXL1,lightgreen
RBPJ,lightgreen
RCHY1,lightgreen
REPIN1,lightgreen
RESP18,lightgreen
RG9MTD2,lightgreen
RGS14,lightgreen
RMND1,lightgreen
RND3,lightgreen
RNF145,lightgreen
RNF146,lightgreen
RNF152,lightgreen
RNF4,lightgreen
ROBLD3,lightgreen
ROBO3,lightgreen
ROR1,lightgreen
ROS1,lightgreen
RPL23,lightgreen
RPL36AL,lightgreen
RPP21,lightgreen
RPRD1A,lightgreen
RPS6KC1,lightgreen
RPSAP52,lightgreen
RRM1,lightgreen
RRM2B,lightgreen
RSPO1,lightgreen
RTN2,lightgreen
RWDD2B,lightgreen
SAC3D1,lightgreen
SAV1,lightgreen
SCAI,lightgreen
SCARA5,lightgreen
SCN4B,lightgreen
SCT,lightgreen
SDCCAG10,lightgreen
SDHAF3,lightgreen
SDK1,lightgreen
SDK2,lightgreen
SDR39U1,lightgreen
SEC24C,lightgreen
SEC31A,lightgreen
SEMA3A,lightgreen
SEMA6D,lightgreen
SERINC3,lightgreen
SERINC4,lightgreen
SERPINB6,lightgreen
SERPINH1,lightgreen
SESN1,lightgreen
SETBP1,lightgreen
SF3A3,lightgreen
SFPQ,lightgreen
SGK1,lightgreen
SH2D4A,lightgreen
SHARPIN,lightgreen
SHC4,lightgreen
SHFM1,lightgreen
SHH,lightgreen
SHROOM3,lightgreen
SIPA1L3,lightgreen
SKP2,lightgreen
SLAIN2,lightgreen
SLC12A8,lightgreen
SLC16A9,lightgreen
SLC1A3,lightgreen
SLC22A23,lightgreen
SLC25A36,lightgreen
SLC26A7,lightgreen
SLC30A9,lightgreen
SLC35B2,lightgreen
SLC38A10,lightgreen
SLC41A1,lightgreen
SLC43A1,lightgreen
SLC44A5,lightgreen
SLC5A8,lightgreen
SLC6A12,lightgreen
SLC9A2,lightgreen
SMARCA5,lightgreen
SMARCC1,lightgreen
SMIM14,lightgreen
SMIM7,lightgreen
SNORD115-46,lightgreen
SNORD84,lightgreen
SNRPE,lightgreen
SNX32,lightgreen
SNX8,lightgreen
SOCS2,lightgreen
SORCS3,lightgreen
SOX9,lightgreen
SP1,lightgreen
SP2,lightgreen
SPATS2L,lightgreen
SPOCK1,lightgreen
SPRED1,lightgreen
SPRYD4,lightgreen
SPTBN1,lightgreen
SPTY2D1,lightgreen
SRCIN1,lightgreen
SRP72,lightgreen
SRPK2,lightgreen
SSB,lightgreen
SSH2,lightgreen
SSPO,lightgreen
SSX2IP,lightgreen
STAMBP,lightgreen
STX2,lightgreen
STX6,lightgreen
SUB1,lightgreen
SUMF2,lightgreen
SUN1,lightgreen
SVEP1,lightgreen
SVIP,lightgreen
SWAP70,lightgreen
SYNGR1,lightgreen
SYT11,lightgreen
SYT6,lightgreen
TAF10,lightgreen
TAF7,lightgreen
TANK,lightgreen
TARBP2,lightgreen
TARS2,lightgreen
TBCD,lightgreen
TBL3,lightgreen
TBPL1,lightgreen
TCF4,lightgreen
TDRKH,lightgreen
TET2,lightgreen
TEX10,lightgreen
TFG,lightgreen
TGIF1,lightgreen
THAP5,lightgreen
THBS2,lightgreen
THEM4,lightgreen
THOP1,lightgreen
THRAP3,lightgreen
THSD4,lightgreen
THUMPD3,lightgreen
TMBIM1,lightgreen
TMEM104,lightgreen
TMEM168,lightgreen
TMEM221,lightgreen
TMEM38A,lightgreen
TMEM45A,lightgreen
TMEM50A,lightgreen
TMEM55B,lightgreen
TMEM65,lightgreen
TMEM69,lightgreen
TMEM9,lightgreen
TMEM99,lightgreen
TMEM9B,lightgreen
TMX2,lightgreen
TNPO1,lightgreen
TNPO2,lightgreen
TNRC4,lightgreen
TNXB,lightgreen
TRIB1,lightgreen
TRIM10,lightgreen
TRIM2,lightgreen
TRIM26,lightgreen
TRIO,lightgreen
TRMT5,lightgreen
TRPS1,lightgreen
TRPV1,lightgreen
TRPV3,lightgreen
TRUB1,lightgreen
TSPAN14,lightgreen
TTC35,lightgreen
TTC7B,lightgreen
TTC9,lightgreen
TTLL7,lightgreen
TTN,lightgreen
TUBA1C,lightgreen
TUBB2A,lightgreen
TUBE1,lightgreen
TXNRD2,lightgreen
U2AF2,lightgreen
UBA3,lightgreen
UBAP1,lightgreen
UBASH3A,lightgreen
UBE2H,lightgreen
UBE2QP1,lightgreen
UBE3D,lightgreen
UBR4,lightgreen
UBTD2,lightgreen
UCP2,lightgreen
UNC5B,lightgreen
URGCP,lightgreen
UROS,lightgreen
USH1C,lightgreen
USP1,lightgreen
USP13,lightgreen
USP16,lightgreen
VAPB,lightgreen
VAT1L,lightgreen
VCAN,lightgreen
VCPIP1,lightgreen
VGLL4,lightgreen
VMO1,lightgreen
VPS13A,lightgreen
VWC2,lightgreen
WAC,lightgreen
WBSCR16,lightgreen
WDR33,lightgreen
WDR34,lightgreen
WDR4,lightgreen
WDR7,lightgreen
WDR89,lightgreen
WDSUB1,lightgreen
WFDC3,lightgreen
WFIKKN1,lightgreen
WIPI1,lightgreen
WIZ,lightgreen
WNK1,lightgreen
XRCC1,lightgreen
YME1L1,lightgreen
ZBED5,lightgreen
ZBTB10,lightgreen
ZBTB11,lightgreen
ZBTB22,lightgreen
ZBTB8B,lightgreen
ZDHHC13,lightgreen
ZDHHC14,lightgreen
ZDHHC5,lightgreen
ZFAND2A,lightgreen
ZFP28,lightgreen
ZFP91,lightgreen
ZFYVE26,lightgreen
ZFYVE28,lightgreen
ZHX2,lightgreen
ZIK1,lightgreen
ZMYND17,lightgreen
ZNF175,lightgreen
ZNF215,lightgreen
ZNF221,lightgreen
ZNF232,lightgreen
ZNF236,lightgreen
ZNF281,lightgreen
ZNF324B,lightgreen
ZNF335,lightgreen
ZNF362,lightgreen
ZNF384,lightgreen
ZNF423,lightgreen
ZNF44,lightgreen
ZNF462,lightgreen
ZNF529,lightgreen
ZNF542,lightgreen
ZNF547,lightgreen
ZNF551,lightgreen
ZNF565,lightgreen
ZNF576,lightgreen
ZNF577,lightgreen
ZNF589,lightgreen
ZNF704,lightgreen
ZNF720,lightgreen
ZNF771,lightgreen
ZNF772,lightgreen
ZNF788,lightgreen
ZNF879,lightgreen
ZNF90,lightgreen
ZSCAN16,lightgreen
ZSCAN25,lightgreen
ZSWIM6,lightgreen
ZWINT,lightgreen
AATF,lightyellow
ABAT,lightyellow
ABCF1,lightyellow
ACACA,lightyellow
ACADM,lightyellow
ACO1,lightyellow
ACP1,lightyellow
ACVRL1,lightyellow
ADAMTS1,lightyellow
ADAMTS14,lightyellow
ADAR,lightyellow
ADARB1,lightyellow
AGBL2,lightyellow
AGFG1,lightyellow
AGPAT1,lightyellow
AGPAT4,lightyellow
AHCYL2,lightyellow
AHRR,lightyellow
AK4,lightyellow
AK5,lightyellow
AKAP12,lightyellow
ALDH1A1,lightyellow
ALG9,lightyellow
ALKBH1,lightyellow
ALKBH5,lightyellow
ALKBH7,lightyellow
ALKBH8,lightyellow
AMBRA1,lightyellow
ANAPC15,lightyellow
ANG,lightyellow
ANGEL2,lightyellow
ANK1,lightyellow
ANKRD33B,lightyellow
ANKRD44-IT1,lightyellow
ANP32B,lightyellow
ANXA6,lightyellow
AP2M1,lightyellow
APITD1,lightyellow
APPBP2,lightyellow
APTX,lightyellow
ARC,lightyellow
ARHGAP12,lightyellow
ARHGAP26,lightyellow
ARHGEF10,lightyellow
ARHGEF12,lightyellow
ARMS2,lightyellow
ARPC2,lightyellow
ARRB1,lightyellow
ASB14,lightyellow
ASH1L,lightyellow
ASIC4,lightyellow
ASNSD1,lightyellow
ASZ1,lightyellow
ATF6,lightyellow
ATG4C,lightyellow
ATP12A,lightyellow
ATP6V0C,lightyellow
ATP6V0E1,lightyellow
ATXN1,lightyellow
ATXN7,lightyellow
AVPI1,lightyellow
B4GALT1,lightyellow
BAT2,lightyellow
BAT2L2,lightyellow
BCAN,lightyellow
BCAS4,lightyellow
BET1L,lightyellow
BICD2,lightyellow
BIK,lightyellow
BIN3,lightyellow
BIRC2,lightyellow
BNIP2,lightyellow
BRD2,lightyellow
BRUNOL4,lightyellow
BTBD11,lightyellow
BTBD3,lightyellow
BTG3,lightyellow
C10ORF25,lightyellow
C11ORF60,lightyellow
C12ORF42,lightyellow
C12ORF75,lightyellow
C14ORF147,lightyellow
C14ORF2,lightyellow
C17ORF54,lightyellow
C17ORF62,lightyellow
C18ORF25,lightyellow
C18ORF54,lightyellow
C19ORF24,lightyellow
C19ORF26,lightyellow
C19ORF57,lightyellow
C19ORF61,lightyellow
C1GALT1,lightyellow
C1ORF213,lightyellow
C1ORF53,lightyellow
C1QL3,lightyellow
C20ORF111,lightyellow
C21ORF29,lightyellow
C21ORF56,lightyellow
C22ORF39,lightyellow
C2ORF44,lightyellow
C2ORF74,lightyellow
C3ORF58,lightyellow
C4ORF46,lightyellow
C6ORF108,lightyellow
C6ORF120,lightyellow
C6ORF126,lightyellow
C6ORF192,lightyellow
C7ORF27,lightyellow
C7ORF38,lightyellow
C7ORF58,lightyellow
C8ORF41,lightyellow
C9ORF156,lightyellow
C9ORF75,lightyellow
CAB39,lightyellow
CACNB2,lightyellow
CALM2,lightyellow
CAMKK2,lightyellow
CAMLG,lightyellow
CAMTA1,lightyellow
CBR4,lightyellow
CBY1,lightyellow
CCDC107,lightyellow
CCDC42B,lightyellow
CCDC61,lightyellow
CCDC77,lightyellow
CCDC83,lightyellow
CCDC94,lightyellow
CCL2,lightyellow
CCNA2,lightyellow
CCNB1IP1,lightyellow
CCNT1,lightyellow
CCR2,lightyellow
CD6,lightyellow
CD8A,lightyellow
CDH10,lightyellow
CDK6,lightyellow
CEP97,lightyellow
CERS5,lightyellow
CES5A,lightyellow
CFLAR,lightyellow
CGRRF1,lightyellow
CHEK2,lightyellow
CHID1,lightyellow
CHMP1B,lightyellow
CHORDC1,lightyellow
CHST11,lightyellow
CIAO1,lightyellow
CITED2,lightyellow
CLEC2B,lightyellow
CLIP4,lightyellow
CLK1,lightyellow
CLTB,lightyellow
CLYBL,lightyellow
COL4A3,lightyellow
COL4A3BP,lightyellow
COLEC11,lightyellow
COPB1,lightyellow
COQ4,lightyellow
COQ7,lightyellow
CPA6,lightyellow
CPNE3,lightyellow
CPT1A,lightyellow
CREB3L2,lightyellow
CREB5,lightyellow
CREBRF,lightyellow
CSDE1,lightyellow
CSMD1,lightyellow
CSRP2,lightyellow
CTR9,lightyellow
CUBN,lightyellow
CUL4A,lightyellow
CUX1,lightyellow
DAAM1,lightyellow
DCBLD2,lightyellow
DCHS2,lightyellow
DCP1A,lightyellow
DCUN1D4,lightyellow
DDA1,lightyellow
DDX24,lightyellow
DDX59,lightyellow
DGUOK,lightyellow
DHRS7B,lightyellow
DHX30,lightyellow
DIP2C,lightyellow
DLG4,lightyellow
DLGAP1,lightyellow
DLGAP4,lightyellow
DNAH2,lightyellow
DNAJB1,lightyellow
DNAJB13,lightyellow
DNMT3A,lightyellow
DOCK6,lightyellow
DOT1L,lightyellow
DPYSL4,lightyellow
DSTN,lightyellow
DTX4,lightyellow
DUSP1,lightyellow
DUSP10,lightyellow
DUSP4,lightyellow
DUSP7,lightyellow
DUT,lightyellow
DZIP1L,lightyellow
ECHDC1,lightyellow
EDEM3,lightyellow
EEF2K,lightyellow
EFNA5,lightyellow
EHD2,lightyellow
EI24,lightyellow
EIF2AK1,lightyellow
EIF2B5,lightyellow
EIF3K,lightyellow
EIF5A,lightyellow
EIF5A2,lightyellow
ELK3,lightyellow
EN2,lightyellow
ENC1,lightyellow
EP400,lightyellow
EP400NL,lightyellow
EPDR1,lightyellow
EPHA6,lightyellow
ERI1,lightyellow
ERI3,lightyellow
ERLEC1,lightyellow
ESR1,lightyellow
EWSR1,lightyellow
EXOC3,lightyellow
EXOG,lightyellow
EXOSC8,lightyellow
FAIM,lightyellow
FAM123A,lightyellow
FAM13A,lightyellow
FAM149A,lightyellow
FAM19A2,lightyellow
FAM19A5,lightyellow
FAM20C,lightyellow
FAM47E,lightyellow
FAM73A,lightyellow
FAM78B,lightyellow
FAM8A1,lightyellow
FAM98C,lightyellow
FANCF,lightyellow
FARP2,lightyellow
FARSB,lightyellow
FASTKD2,lightyellow
FAT1,lightyellow
FBXL19,lightyellow
FBXL4,lightyellow
FBXO9,lightyellow
FDX1,lightyellow
FEM1C,lightyellow
FEZ1,lightyellow
FGF9,lightyellow
FGFBP3,lightyellow
FHIT,lightyellow
FIGNL1,lightyellow
FKBP5,lightyellow
FLJ10357,lightyellow
FLJ43663,lightyellow
FLJ44606,lightyellow
FLOT1,lightyellow
FLRT2,lightyellow
FMN2,lightyellow
FOXJ2,lightyellow
FOXK1,lightyellow
FOXP1,lightyellow
FRMD8,lightyellow
FSBP,lightyellow
FTO,lightyellow
FUBP1,lightyellow
FYN,lightyellow
GABARAPL1,lightyellow
GALK1,lightyellow
GAMT,lightyellow
GAR1,lightyellow
GAS1,lightyellow
GAS2,lightyellow
GDI2,lightyellow
GFI1,lightyellow
GFPT1,lightyellow
GIGYF2,lightyellow
GLI1,lightyellow
GLIS3,lightyellow
GNA12,lightyellow
GNAI1,lightyellow
GORAB,lightyellow
GOT2,lightyellow
GPBP1L1,lightyellow
GPR135,lightyellow
GPR180,lightyellow
GPRIN3,lightyellow
GPSM3,lightyellow
GREB1L,lightyellow
GRID2,lightyellow
GRM7,lightyellow
GRP,lightyellow
GRSF1,lightyellow
GSTO1,lightyellow
GTPBP3,lightyellow
GUCA1A,lightyellow
H3F3B,lightyellow
HAT1,lightyellow
HCCA2,lightyellow
HCN2,lightyellow
HDAC2,lightyellow
HDLBP,lightyellow
HECW1,lightyellow
HECW2,lightyellow
HIST1H2AL,lightyellow
HIST1H2BH,lightyellow
HIST1H4A,lightyellow
HLA-DQA2,lightyellow
HLA-E,lightyellow
HMGCL,lightyellow
HMGN4,lightyellow
HN1,lightyellow
HNRNPC,lightyellow
HNRNPF,lightyellow
HOMEZ,lightyellow
HOOK3,lightyellow
HOXD8,lightyellow
HRC,lightyellow
HSD11B1L,lightyellow
HSPA14,lightyellow
HSPA1B,lightyellow
HSPA5,lightyellow
HSPG2,lightyellow
ICA1L,lightyellow
ICK,lightyellow
IFITM3,lightyellow
IGF2AS,lightyellow
IGFBP7,lightyellow
IGSF8,lightyellow
IL16,lightyellow
IL17F,lightyellow
IL7,lightyellow
ILF2,lightyellow
ILF3,lightyellow
IMPDH1,lightyellow
INADL,lightyellow
INPP5A,lightyellow
INTS10,lightyellow
INTS9,lightyellow
IP6K1,lightyellow
IQCH-AS1,lightyellow
IRAK1BP1,lightyellow
IRF2BP2,lightyellow
IRX1,lightyellow
ITM2C,lightyellow
KCND2,lightyellow
KCNG2,lightyellow
KCNG4,lightyellow
KCNH1,lightyellow
KCNIP3,lightyellow
KCNK4,lightyellow
KCTD15,lightyellow
KDELC1,lightyellow
KDELC2,lightyellow
KDM3A,lightyellow
KHDRBS1,lightyellow
KIAA0664,lightyellow
KIAA1429,lightyellow
KIAA1530,lightyellow
KIF5A,lightyellow
KIF7,lightyellow
KLC2,lightyellow
KLC4,lightyellow
KLF2,lightyellow
KLHDC4,lightyellow
KRT40,lightyellow
KRT82,lightyellow
LBX1,lightyellow
LCLAT1,lightyellow
LFNG,lightyellow
LGALS8,lightyellow
LHPP,lightyellow
LINC00331,lightyellow
LINC00938,lightyellow
LINC01159,lightyellow
LINC01412,lightyellow
LINGO2,lightyellow
LOC100289511,lightyellow
LOC100506474,lightyellow
LOC101927286,lightyellow
LOC101927814,lightyellow
LOC101928461,lightyellow
LOC101929034,lightyellow
LOC285733,lightyellow
LOC391322,lightyellow
LOC440356,lightyellow
LOC643072,lightyellow
LOC84989,lightyellow
LOC93622,lightyellow
LPCAT1,lightyellow
LPCAT3,lightyellow
LRRC2,lightyellow
LRRC2-AS1,lightyellow
LRRC6,lightyellow
LSM14A,lightyellow
LSM4,lightyellow
LSM8,lightyellow
LTN1,lightyellow
LYST,lightyellow
MAD1L1,lightyellow
MAD2L1BP,lightyellow
MAGI2,lightyellow
MAP2K7,lightyellow
MAP4K5,lightyellow
MAPK10,lightyellow
MAPK11,lightyellow
MAR-10,lightyellow
MAT2B,lightyellow
MATN1-AS1,lightyellow
MBD6,lightyellow
MBNL1,lightyellow
MCM8,lightyellow
MEAF6,lightyellow
MED23,lightyellow
MEMO1,lightyellow
MEPCE,lightyellow
MFGE8,lightyellow
MGMT,lightyellow
MGST3,lightyellow
MIB2,lightyellow
MIER1,lightyellow
MIPOL1,lightyellow
MIR196A2,lightyellow
MIR3143,lightyellow
MIR423,lightyellow
MIR646HG,lightyellow
MLEC,lightyellow
MLH3,lightyellow
MLKL,lightyellow
MLLT3,lightyellow
MMAA,lightyellow
MMADHC,lightyellow
MOBKL1B,lightyellow
MOBKL3,lightyellow
MORF4L1,lightyellow
MOV10L1,lightyellow
MRPL15,lightyellow
MRPL33,lightyellow
MRPS11,lightyellow
MRTO4,lightyellow
MS4A12,lightyellow
MTMR9,lightyellow
MTO1,lightyellow
MUC4,lightyellow
MUDENG,lightyellow
MX2,lightyellow
MXI1,lightyellow
MYB,lightyellow
MYC,lightyellow
MYLK2,lightyellow
NARFL,lightyellow
NAT9,lightyellow
NBR2,lightyellow
NDN,lightyellow
NDRG4,lightyellow
NDUFA12,lightyellow
NDUFA2,lightyellow
NDUFS4,lightyellow
NEK1,lightyellow
NEU1,lightyellow
NFIL3,lightyellow
NFIX,lightyellow
NID2,lightyellow
NKAIN3,lightyellow
NKX6-1,lightyellow
NKX6-2,lightyellow
NLRC5,lightyellow
NME2,lightyellow
NOL7,lightyellow
NPHP4,lightyellow
NR4A3,lightyellow
NRCAM,lightyellow
NRG1-IT3,lightyellow
NRP1,lightyellow
NRXN1,lightyellow
NUDT7,lightyellow
NUP210L,lightyellow
OGFOD2,lightyellow
OLFML2B,lightyellow
ORC1L,lightyellow
OSBPL11,lightyellow
OXSR1,lightyellow
PACSIN3,lightyellow
PAPLN,lightyellow
PARL,lightyellow
PARP11,lightyellow
PCF11,lightyellow
PCM1,lightyellow
PCNA,lightyellow
PDAP1,lightyellow
PDE5A,lightyellow
PDGFRL,lightyellow
PDLIM7,lightyellow
PDPN,lightyellow
PER3,lightyellow
PFKFB3,lightyellow
PGBD2,lightyellow
PGBD4,lightyellow
PGM3,lightyellow
PHB,lightyellow
PI4K2A,lightyellow
PIBF1,lightyellow
PIF1,lightyellow
PIGZ,lightyellow
PIK3AP1,lightyellow
PIK3R3,lightyellow
PLA2G16,lightyellow
PLA2R1,lightyellow
PLXNA2,lightyellow
PMP22,lightyellow
PNPLA7,lightyellow
PNPLA8,lightyellow
POLDIP2,lightyellow
POLM,lightyellow
POLR1E,lightyellow
POLR2I,lightyellow
POLR2M,lightyellow
PPIP5K2,lightyellow
PPP1R3B,lightyellow
PPP3R1,lightyellow
PRDM8,lightyellow
PREPL,lightyellow
PRICKLE1,lightyellow
PRKCA,lightyellow
PRR18,lightyellow
PRR3,lightyellow
PSMA5,lightyellow
PSMB10,lightyellow
PSMB4,lightyellow
PSMC3IP,lightyellow
PSMC4,lightyellow
PSMG1,lightyellow
PTP4A1,lightyellow
PTPRE,lightyellow
PTPRN2,lightyellow
PTRH2,lightyellow
PTS,lightyellow
PUF60,lightyellow
PUM2,lightyellow
PWP1,lightyellow
PYHIN1,lightyellow
PYROXD1,lightyellow
RAB11FIP3,lightyellow
RAB33B,lightyellow
RAB34,lightyellow
RAB37,lightyellow
RAB5A,lightyellow
RASA1,lightyellow
RBM20,lightyellow
RBM26,lightyellow
RBM47,lightyellow
RBMXL1,lightyellow
RCC2,lightyellow
RCE1,lightyellow
RCN2,lightyellow
RCOR1,lightyellow
RGL2,lightyellow
RNF146,lightyellow
RNF152,lightyellow
RNF216,lightyellow
RNF220,lightyellow
RNF5,lightyellow
RNFT1,lightyellow
RNPC3,lightyellow
RPA3,lightyellow
RPL22L1,lightyellow
RPP38,lightyellow
RPS12,lightyellow
RPS27A,lightyellow
RPSA,lightyellow
RRP12,lightyellow
RSRC1,lightyellow
RTN4,lightyellow
RUSC2,lightyellow
SAP18,lightyellow
SCAMP5,lightyellow
SEC31A,lightyellow
SEC31B,lightyellow
SECISBP2L,lightyellow
SEL1L,lightyellow
SEMA3C,lightyellow
SEP-13,lightyellow
SERHL2,lightyellow
SERPINI1,lightyellow
SF1,lightyellow
SFPQ,lightyellow
SFXN3,lightyellow
SGSM2,lightyellow
SHC4,lightyellow
SHCBP1,lightyellow
SHQ1,lightyellow
SIM1,lightyellow
SLC10A7,lightyellow
SLC22A15,lightyellow
SLC24A4,lightyellow
SLC25A15,lightyellow
SLC35B3,lightyellow
SLC35F3,lightyellow
SLC36A4,lightyellow
SLC39A11,lightyellow
SLC41A1,lightyellow
SLC5A1,lightyellow
SLC6A18,lightyellow
SLC7A1,lightyellow
SLC9A3,lightyellow
SLCO5A1,lightyellow
SLIT2,lightyellow
SMAP1,lightyellow
SMC2,lightyellow
SMG6,lightyellow
SMOC2,lightyellow
SMPD3,lightyellow
SMUG1,lightyellow
SNAP25,lightyellow
SNAR-F,lightyellow
SNHG12,lightyellow
SNORA6,lightyellow
SNORD27,lightyellow
SNORD42B,lightyellow
SNORD50B,lightyellow
SNORD55,lightyellow
SNRPD2,lightyellow
SNW1,lightyellow
SOD1,lightyellow
SORT1,lightyellow
SOS1,lightyellow
SPAG1,lightyellow
SPATA5,lightyellow
SPC24,lightyellow
SPEN,lightyellow
SPPL2A,lightyellow
SRBD1,lightyellow
SRI,lightyellow
SRM,lightyellow
SRP72,lightyellow
SRSF7,lightyellow
SRSF8,lightyellow
SSB,lightyellow
SSH2,lightyellow
ST3GAL6,lightyellow
ST6GAL1,lightyellow
ST7,lightyellow
ST8SIA6,lightyellow
STARD7,lightyellow
STAT1,lightyellow
STAT4,lightyellow
STIL,lightyellow
STK38L,lightyellow
STK39,lightyellow
STXBP5-AS1,lightyellow
STYXL1,lightyellow
SYCP1,lightyellow
SYMPK,lightyellow
SYNE1,lightyellow
SYNPO2,lightyellow
SYPL1,lightyellow
SYT1,lightyellow
SYT6,lightyellow
SZT2,lightyellow
TAF7,lightyellow
TAP2,lightyellow
TBC1D2B,lightyellow
TBPL1,lightyellow
TDRKH,lightyellow
TEKT4,lightyellow
TFAM,lightyellow
TFAP2A,lightyellow
TFAP4,lightyellow
TIA1,lightyellow
TK2,lightyellow
TM2D1,lightyellow
TM2D2,lightyellow
TMBIM4,lightyellow
TMEM158,lightyellow
TMEM209,lightyellow
TMEM25,lightyellow
TMEM43,lightyellow
TMEM63B,lightyellow
TMX4,lightyellow
TNFRSF19,lightyellow
TNIK,lightyellow
TOR1AIP2,lightyellow
TP53BP1,lightyellow
TPST1,lightyellow
TRAF7,lightyellow
TRIB1,lightyellow
TRIM27,lightyellow
TRIM31,lightyellow
TRIM59,lightyellow
TRMT2A,lightyellow
TRPC1,lightyellow
TSEN54,lightyellow
TTC12,lightyellow
TTC33,lightyellow
TTLL13,lightyellow
TTLL5,lightyellow
TUBD1,lightyellow
TUFM,lightyellow
UBE2CBP,lightyellow
UBE2F,lightyellow
UBE2U,lightyellow
UBE2V1,lightyellow
UBE3A,lightyellow
UBL7,lightyellow
UCRC,lightyellow
UEVLD,lightyellow
UNC5C,lightyellow
UNCX,lightyellow
UROD,lightyellow
USP14,lightyellow
USP21,lightyellow
UST,lightyellow
UVRAG,lightyellow
VAX1,lightyellow
VCPIP1,lightyellow
VENTX,lightyellow
VPS11,lightyellow
VPS24,lightyellow
VPS41,lightyellow
WASF2,lightyellow
WBSCR27,lightyellow
WDR53,lightyellow
WDR55,lightyellow
WDR69,lightyellow
WEE1,lightyellow
WNK2,lightyellow
WNT4,lightyellow
WRNIP1,lightyellow
XPOT,lightyellow
XRCC2,lightyellow
XYLT1,lightyellow
ZAN,lightyellow
ZBTB12,lightyellow
ZBTB41,lightyellow
ZDBF2,lightyellow
ZDHHC21,lightyellow
ZEB2,lightyellow
ZFP36L2,lightyellow
ZKSCAN5,lightyellow
ZNF17,lightyellow
ZNF200,lightyellow
ZNF223,lightyellow
ZNF225,lightyellow
ZNF226,lightyellow
ZNF227,lightyellow
ZNF232,lightyellow
ZNF238,lightyellow
ZNF251,lightyellow
ZNF260,lightyellow
ZNF267,lightyellow
ZNF276,lightyellow
ZNF32-AS3,lightyellow
ZNF331,lightyellow
ZNF35,lightyellow
ZNF354C,lightyellow
ZNF395,lightyellow
ZNF444,lightyellow
ZNF529,lightyellow
ZNF566,lightyellow
ZNF592,lightyellow
ZNF644,lightyellow
ZNF652,lightyellow
ZNF696,lightyellow
ZNF702P,lightyellow
ZNF79,lightyellow
ZNRD1,lightyellow
ZYX,lightyellow
ABCA8,magenta
ABCD2,magenta
ABCE1,magenta
ABHD12B,magenta
ABR,magenta
ACADM,magenta
ACIN1,magenta
ACSF3,magenta
ACTR3,magenta
ACVR1,magenta
ADAMTSL5,magenta
ADCK4,magenta
ADD3,magenta
ADGRE5,magenta
AFF3,magenta
AFG3L2,magenta
AGBL5,magenta
AGFG1,magenta
AGK,magenta
AIRE,magenta
AJAP1,magenta
AK3L1,magenta
AKAP7,magenta
AKAP8,magenta
ALDH3A1,magenta
ALKBH2,magenta
ALMS1,magenta
ANAPC15,magenta
ANAPC7,magenta
ANGPT1,magenta
ANKAR,magenta
ANKRD17,magenta
ANKRD34A,magenta
ANKRD61,magenta
ANO1,magenta
ANP32A,magenta
ANXA2,magenta
AP4E1,magenta
APLP2,magenta
APOA1,magenta
ARHGEF3,magenta
ARID5B,magenta
ARIH1,magenta
ARNTL,magenta
ARPC5L,magenta
ARRDC1,magenta
ASAH1,magenta
ASB18,magenta
ASPSCR1,magenta
ASTN2,magenta
ASXL3,magenta
ATF6,magenta
ATF6B,magenta
ATG4B,magenta
ATG7,magenta
ATM,magenta
ATP13A1,magenta
ATP1A1,magenta
ATP1B1,magenta
ATP5G1,magenta
ATP6V0D2,magenta
ATP6V0E1,magenta
ATP6V1G1,magenta
ATP8B2,magenta
ATXN2L,magenta
ATXN7,magenta
ATXN7L2,magenta
AURKA,magenta
B2M,magenta
BACH1,magenta
BAD,magenta
BAG3,magenta
BAP1,magenta
BAT1,magenta
BAT3,magenta
BAT5,magenta
BBC3,magenta
BCL2,magenta
BCL6,magenta
BDNF,magenta
BDP1,magenta
BLCAP,magenta
BLK,magenta
BLM,magenta
BMI1,magenta
BMPR2,magenta
BPGM,magenta
BRE,magenta
BRI3BP,magenta
BRP44L,magenta
BTBD7,magenta
BTBD8,magenta
BTD,magenta
BTN3A2,magenta
C11ORF24,magenta
C11ORF30,magenta
C11ORF71,magenta
C12ORF48,magenta
C12ORF62,magenta
C12ORF66,magenta
C13ORF39,magenta
C14ORF109,magenta
C14ORF184,magenta
C14ORF28,magenta
C14ORF80,magenta
C15ORF34,magenta
C16ORF35,magenta
C17ORF57,magenta
C17ORF62,magenta
C17ORF80,magenta
C17ORF85,magenta
C17ORF95,magenta
C18ORF1,magenta
C19ORF36,magenta
C19ORF53,magenta
C1ORF114,magenta
C1ORF204,magenta
C1ORF51,magenta
C1ORF52,magenta
C1ORF61,magenta
C1ORF83,magenta
C22ORF9,magenta
C2CD4C,magenta
C2ORF56,magenta
C3ORF38,magenta
C3ORF39,magenta
C5ORF28,magenta
C5ORF44,magenta
C6ORF118,magenta
C6ORF150,magenta
C6ORF162,magenta
C6ORF203,magenta
C7ORF46,magenta
C8ORF37,magenta
C8ORF37-AS1,magenta
C9ORF86,magenta
CACNA1C,magenta
CACNA2D3,magenta
CACNG2,magenta
CAMKMT,magenta
CAST,magenta
CBFB,magenta
CBX8,magenta
CCDC138,magenta
CCDC178,magenta
CCDC40,magenta
CCDC72,magenta
CCER2,magenta
CCHCR1,magenta
CCK,magenta
CCM2,magenta
CCNT1,magenta
CD38,magenta
CD44,magenta
CD55,magenta
CD59,magenta
CD81-AS1,magenta
CDC34,magenta
CDH2,magenta
CDH3,magenta
CDH7,magenta
CDK19,magenta
CDK5RAP2,magenta
CDK6,magenta
CDKL4,magenta
CDKN2A,magenta
CDKN2B,magenta
CDKN3,magenta
CDNF,magenta
CDR2L,magenta
CDV3,magenta
CEBPA,magenta
CEBPG,magenta
CENPC1,magenta
CENPK,magenta
CFL2,magenta
CHKA,magenta
CHL1,magenta
CHMP2A,magenta
CHMP6,magenta
CHORDC1,magenta
CHPT1,magenta
CHST15,magenta
CLCN3,magenta
CLGN,magenta
CLOCK,magenta
CLSTN1,magenta
CMTM3,magenta
CNO,magenta
COA1,magenta
COA7,magenta
COL23A1,magenta
COL26A1,magenta
COLEC11,magenta
COMMD9,magenta
COMP,magenta
COPS8,magenta
COQ5,magenta
COQ7,magenta
CPEB3,magenta
CPEB4,magenta
CPPED1,magenta
CPSF6,magenta
CPT1A,magenta
CR1,magenta
CRADD,magenta
CREB5,magenta
CRMP1,magenta
CRYL1,magenta
CRYZ,magenta
CSMD2,magenta
CSTF3,magenta
CTBS,magenta
CTNND2,magenta
CUL3,magenta
CUTA,magenta
CUTC,magenta
CUX1,magenta
CWF19L1,magenta
CYP39A1,magenta
DAAM1,magenta
DAB2,magenta
DAG1,magenta
DAPK3,magenta
DARS,magenta
DAZAP2,magenta
DCAF11,magenta
DCAF7,magenta
DCLRE1A,magenta
DDAH2,magenta
DDHD2,magenta
DDIT3,magenta
DDIT4,magenta
DDX17,magenta
DDX18,magenta
DDX20,magenta
DDX21,magenta
DDX55,magenta
DDX60,magenta
DEM1,magenta
DEPDC5,magenta
DHX16,magenta
DHX30,magenta
DHX58,magenta
DIRAS1,magenta
DIRC1,magenta
DLST,magenta
DLX6AS,magenta
DNAAF5,magenta
DNAH14,magenta
DNAJB6,magenta
DNAJC13,magenta
DNAJC3-AS1,magenta
DOPEY1,magenta
DPP6,magenta
DPY19L4,magenta
DPYSL3,magenta
DPYSL5,magenta
DRAM2,magenta
DST,magenta
DTX2P1-UPK3BP1-PMS2P11,magenta
DUSP19,magenta
DUSP23,magenta
DYNC1I1,magenta
DYNC2H1,magenta
E2F8,magenta
EAF1,magenta
EBPL,magenta
ECD,magenta
ECHDC1,magenta
EED,magenta
EFR3A,magenta
EFTUD1,magenta
EGLN3,magenta
EIF1,magenta
EIF3B,magenta
EIF3I,magenta
EIF5,magenta
ELK4,magenta
ELP2P,magenta
EN2,magenta
EPB41,magenta
EPB41L4A,magenta
EPHA4,magenta
EPHX2,magenta
EPS8L1,magenta
ERBB2IP,magenta
ERICH6-AS1,magenta
ERRFI1,magenta
EVL,magenta
FAM111A,magenta
FAM120B,magenta
FAM174B,magenta
FAM188B,magenta
FAM189A2,magenta
FAM43A,magenta
FAM47E,magenta
FAM54B,magenta
FAM57B,magenta
FAM65B,magenta
FAM69C,magenta
FAM78B,magenta
FAM82B,magenta
FAM83D,magenta
FANCL,magenta
FARP2,magenta
FBXL21,magenta
FBXO3,magenta
FBXO32,magenta
FDFT1,magenta
FGD4,magenta
FGF14,magenta
FGF3,magenta
FKBP10,magenta
FKBP5,magenta
FKBP7,magenta
FKBPL,magenta
FLJ44606,magenta
FMNL1,magenta
FMNL3,magenta
FMO1,magenta
FNBP4,magenta
FNDC3A,magenta
FOXJ3,magenta
FOXN2,magenta
FOXO3,magenta
FOXP1,magenta
FRMD4B,magenta
FRS2,magenta
FTSJ3,magenta
FTSJD2,magenta
G2E3,magenta
GABPB1-AS1,magenta
GABRG2,magenta
GALNT4,magenta
GAN,magenta
GATA2,magenta
GATA4,magenta
GBAT2,magenta
GCC1,magenta
GDAP2,magenta
GDF6,magenta
GDF7,magenta
GFM1,magenta
GHR,magenta
GLI3,magenta
GLIPR1L2,magenta
GLS,magenta
GLTSCR2,magenta
GLYR1,magenta
GNB1,magenta
GNG12,magenta
GNPDA2,magenta
GOLGA2,magenta
GPBP1,magenta
GPR107,magenta
GPR108,magenta
GPR113,magenta
GPR124,magenta
GPR85,magenta
GPRC5B,magenta
GPX1,magenta
GRIK4,magenta
GRIN2B,magenta
GRM3,magenta
GRPEL1,magenta
GSTM2,magenta
GTF3C5,magenta
GTPBP4,magenta
GXYLT2,magenta
HCCA2,magenta
HCFC2,magenta
HEBP2,magenta
HEG1,magenta
HERC1,magenta
HERC4,magenta
HIBADH,magenta
HIP1R,magenta
HIST1H2AB,magenta
HIST1H2BD,magenta
HIVEP3,magenta
HKDC1,magenta
HLA-F,magenta
HLA-J,magenta
HLA-L,magenta
HMGA1,magenta
HMGB1,magenta
HMP19,magenta
HNRNPK,magenta
HOOK3,magenta
HOXA3,magenta
HOXC4,magenta
HP1BP3,magenta
HPS3,magenta
HSD17B8,magenta
HSDL2,magenta
HSF2BP,magenta
HSPA14,magenta
HSPA1A,magenta
HSPB1,magenta
HTR7P,magenta
HUNK,magenta
IFIT2,magenta
IFT20,magenta
IFT81,magenta
IGFBP3,magenta
IGFBP5,magenta
IL17RB,magenta
INCA1,magenta
INCENP,magenta
INO80,magenta
INO80B,magenta
INTS7,magenta
IPCEF1,magenta
IPO11,magenta
IQCE,magenta
IQCG,magenta
IQSEC3,magenta
IRS2,magenta
ITCH,magenta
ITGA10,magenta
ITGA2,magenta
ITGA9,magenta
ITSN2,magenta
JAM2,magenta
JUNB,magenta
KCNA1,magenta
KCNK13,magenta
KCNMB4,magenta
KCNQ1,magenta
KCTD12,magenta
KDM4C,magenta
KHDRBS1,magenta
KHDRBS2,magenta
KIAA0182,magenta
KIAA0586,magenta
KIAA0776,magenta
KIAA1024,magenta
KIAA1377,magenta
KIAA2026,magenta
KIFAP3,magenta
KIFC1,magenta
KLC2,magenta
KLF10,magenta
KLF9,magenta
KLHL22,magenta
KPNB1,magenta
KRT86,magenta
LAMB1,magenta
LAMP1,magenta
LDHA,magenta
LEPREL2,magenta
LGALSL,magenta
LGI4,magenta
LIN28,magenta
LIN7C,magenta
LINC01102,magenta
LINC01250,magenta
LINC01324,magenta
LINC01411,magenta
LINC01500,magenta
LINC01567,magenta
LOC100130581,magenta
LOC100130691,magenta
LOC100505795,magenta
LOC100505921,magenta
LOC101927460,magenta
LOC101928386,magenta
LOC153328,magenta
LOC256880,magenta
LOC286016,magenta
LOC400027,magenta
LOC641518,magenta
LOC642366,magenta
LOC728084,magenta
LOC729082,magenta
LOC729678,magenta
LOC729991-MEF2B,magenta
LRCH3,magenta
LRIG1,magenta
LRP5,magenta
LRRC74B,magenta
LRRC8D,magenta
LSM4,magenta
LTB,magenta
LUC7L2,magenta
LURAP1,magenta
LYPD5,magenta
LYRM7,magenta
MAGI1,magenta
MAGI2,magenta
MAGOHB,magenta
MANF,magenta
MANSC1,magenta
MAP1LC3B,magenta
MAP4K4,magenta
MAP6D1,magenta
MAR-01,magenta
MAR-07,magenta
MBOAT7,magenta
MCCC1,magenta
MCL1,magenta
MDC1,magenta
MDM2,magenta
MED24,magenta
MED30,magenta
MEF2C,magenta
MEIS1,magenta
MEPCE,magenta
METTL21C,magenta
METTL7A,magenta
MFN2,magenta
MGAT1,magenta
MGC14436,magenta
MGEA5,magenta
MIA3,magenta
MICAL1,magenta
MICU2,magenta
MIR1908,magenta
MIR2113,magenta
MIR574,magenta
MIR646HG,magenta
MIXL1,magenta
MKKS,magenta
MKX,magenta
MLLT6,magenta
MNAT1,magenta
MOBKL3,magenta
MOCS3,magenta
MOV10,magenta
MPV17,magenta
MRO,magenta
MRPL3,magenta
MRPL4,magenta
MRPL42,magenta
MRPL49,magenta
MRPL54,magenta
MRPS18B,magenta
MRPS36,magenta
MS4A1,magenta
MSTO1,magenta
MTERFD2,magenta
MTHFS,magenta
MTIF3,magenta
MTRF1,magenta
MTX2,magenta
MUC4,magenta
MXD1,magenta
MYC,magenta
MYCBPAP,magenta
MYO3A,magenta
MYO9A,magenta
MYOM2,magenta
MYRF,magenta
MYSM1,magenta
MYST1,magenta
NAALADL2,magenta
NADSYN1,magenta
NAGA,magenta
NALCN,magenta
NAT9,magenta
NCAPG,magenta
NCBP2,magenta
NCK1,magenta
NCRNA00167,magenta
NDC80,magenta
NDEL1,magenta
NDUFC1,magenta
NEK9,magenta
NES,magenta
NEUROD2,magenta
NFATC4,magenta
NFE2L2,magenta
NFIC,magenta
NFYA,magenta
NIPBL-AS1,magenta
NKAIN2,magenta
NKX3-2,magenta
NMT1,magenta
NNT,magenta
NOD1,magenta
NR1H2,magenta
NRCAM,magenta
NRXN1,magenta
NSMAF,magenta
NSUN3,magenta
NT5M,magenta
NUCKS1,magenta
NUDT8,magenta
NUMB,magenta
NUP133,magenta
NUP155,magenta
NUP160,magenta
NUP43,magenta
OBSCN,magenta
ODZ4,magenta
OGDHL,magenta
OMA1,magenta
OR5B2,magenta
ORC1L,magenta
OSBPL1A,magenta
OSBPL3,magenta
OXTR,magenta
P2RX5,magenta
PABPC1,magenta
PABPC4L,magenta
PACS2,magenta
PACSIN1,magenta
PAIP2B,magenta
PALM2-AKAP2,magenta
PAQR9,magenta
PAWR,magenta
PAX2,magenta
PCBP2,magenta
PCCA,magenta
PCDH10,magenta
PCNA,magenta
PCSK6,magenta
PCTP,magenta
PDCD6IP,magenta
PDE10A,magenta
PDE4D,magenta
PDHX,magenta
PDK2,magenta
PDRG1,magenta
PELP1,magenta
PET112L,magenta
PFAS,magenta
PHACTR4,magenta
PHF7,magenta
PHOSPHO1,magenta
PIM1,magenta
PIP5K1B,magenta
PITRM1,magenta
PITX1,magenta
PKP3,magenta
PLA2G15,magenta
PLAG1,magenta
PLAU,magenta
PLB1,magenta
PLD1,magenta
PLOD2,magenta
PMM1,magenta
PMP22,magenta
PNLDC1,magenta
PNRC1,magenta
POLDIP3,magenta
POLR1B,magenta
POM121L2,magenta
POMGNT1,magenta
POU3F3,magenta
PPA2,magenta
PPID,magenta
PPIL4,magenta
PPP1R11,magenta
PPP1R15B,magenta
PPP1R9B,magenta
PPP2R1A,magenta
PPP2R5E,magenta
PPP4R2,magenta
PRDM16,magenta
PRICKLE2,magenta
PRICKLE4,magenta
PRIM1,magenta
PRKAA1,magenta
PRKAG2,magenta
PRKAR1B,magenta
PRMT10,magenta
PRMT5,magenta
PRNP,magenta
PROSC,magenta
PRPF18,magenta
PRPF4B,magenta
PRR3,magenta
PRRT4,magenta
PSMA3,magenta
PSMC2,magenta
PSPC1,magenta
PTBP1,magenta
PTCHD4,magenta
PTDSS2,magenta
PTEN,magenta
PTK2B,magenta
PTPRD,magenta
PUS7L,magenta
PXDNL,magenta
QSER1,magenta
QTRT1,magenta
R3HDM1,magenta
RAB15,magenta
RAB40C,magenta
RAB43,magenta
RAD54L,magenta
RALGAPA1P,magenta
RANBP17,magenta
RAPH1,magenta
RARG,magenta
RASA2,magenta
RASGEF1B,magenta
RASL12,magenta
RBM12B,magenta
RBM25,magenta
RBM28,magenta
RBMS1,magenta
RBPJ,magenta
RBPMS-AS1,magenta
RDH11,magenta
RERE,magenta
REXO2,magenta
RFC4,magenta
RFESD,magenta
RGS6,magenta
RHCG,magenta
RHOBTB1,magenta
RIOK3,magenta
RIPPLY2,magenta
RNF114,magenta
RNF138,magenta
RNF146,magenta
RNF167,magenta
RNF19A,magenta
RNF220,magenta
RNH1,magenta
RORA,magenta
RPAIN,magenta
RPH3AL,magenta
RPL37,magenta
RPL6,magenta
RPRD2,magenta
RPS9,magenta
RPUSD2,magenta
RRP12,magenta
RSAD1,magenta
RSBN1L,magenta
RSRC1,magenta
RTF1,magenta
RTN3,magenta
RTN4,magenta
RTP4,magenta
RYK,magenta
S100A11,magenta
SAE1,magenta
SAMD11,magenta
SAPS3,magenta
SAR1B,magenta
SARS2,magenta
SASH1,magenta
SCAF1,magenta
SCAMP1,magenta
SCAMP5,magenta
SCYL2,magenta
SDC4,magenta
SEC31A,magenta
SEC61A2,magenta
SELK,magenta
SEMA6D,magenta
SENP6,magenta
SEZ6L,magenta
SF1,magenta
SF3B5,magenta
SFI1,magenta
SFRS11,magenta
SFRS15,magenta
SFRS18,magenta
SFRS3,magenta
SFRS6,magenta
SFXN1,magenta
SFXN5,magenta
SGOL2,magenta
SH3PXD2A,magenta
SH3PXD2B,magenta
SHANK1,magenta
SHANK2,magenta
SHARPIN,magenta
SHC4,magenta
SHFM1,magenta
SHISA4,magenta
SHOC2,magenta
SIK2,magenta
SIN3A,magenta
SIRT1,magenta
SKI,magenta
SLC15A5,magenta
SLC19A3,magenta
SLC1A4,magenta
SLC1A5,magenta
SLC22A15,magenta
SLC22A3,magenta
SLC25A28,magenta
SLC33A1,magenta
SLC35A1,magenta
SLC35E4,magenta
SLC35F1,magenta
SLC35F3,magenta
SLC39A3,magenta
SLC39A8,magenta
SLC43A2,magenta
SLC6A18,magenta
SLC7A6,magenta
SLC9A1,magenta
SLCO2A1,magenta
SLIT1,magenta
SLIT2,magenta
SLITRK1,magenta
SLK,magenta
SMARCB1,magenta
SMARCD1,magenta
SMARCE1,magenta
SMC2,magenta
SMC3,magenta
SMYD3,magenta
SMYD5,magenta
SNHG11,magenta
SNORD50A,magenta
SNORD55,magenta
SNX1,magenta
SNX14,magenta
SOD2,magenta
SORCS3,magenta
SORD,magenta
SORT1,magenta
SOX13,magenta
SP2,magenta
SP9,magenta
SPAG16,magenta
SPATS2,magenta
SPATS2L,magenta
SPEN,magenta
SPINT1,magenta
SPOPL,magenta
SPTB,magenta
SPTLC2,magenta
SRGAP3,magenta
SSBP1,magenta
ST6GALNAC3,magenta
STAG1,magenta
STARD3,magenta
STL,magenta
STMN1,magenta
STRADA,magenta
STXBP5,magenta
SUCLA2,magenta
SUMO2,magenta
SUPT3H,magenta
SWAP70,magenta
SYN3,magenta
SYNE1,magenta
SYNPR,magenta
SYT11,magenta
TACR1,magenta
TAF2,magenta
TAGAP,magenta
TAGLN3,magenta
TANC1,magenta
TAPBP,magenta
TBC1D15,magenta
TBC1D16,magenta
TBCCD1,magenta
TBX15,magenta
TBX18,magenta
TBX3,magenta
TCERG1L,magenta
TCF7L1,magenta
TCF7L2,magenta
TCHH,magenta
TCP1,magenta
TCP11L1,magenta
TCTE1,magenta
TDP2,magenta
TECTA,magenta
TEKT3,magenta
TERF1,magenta
TEX9,magenta
TGFA,magenta
TGFB3,magenta
TGFBRAP1,magenta
THBS1,magenta
THCAT158,magenta
THOC5,magenta
THTPA,magenta
THUMPD3,magenta
TIA1,magenta
TIAM1,magenta
TIGD1,magenta
TIGD3,magenta
TINF2,magenta
TJP2,magenta
TLDC1,magenta
TMEM108,magenta
TMEM109,magenta
TMEM132C,magenta
TMEM160,magenta
TMEM18,magenta
TMEM184B,magenta
TMEM194A,magenta
TMEM219,magenta
TMEM26,magenta
TMEM42,magenta
TMEM44-AS1,magenta
TMEM48,magenta
TMEM9,magenta
TMEM99,magenta
TMPO,magenta
TNFAIP8,magenta
TNIK,magenta
TNPO1,magenta
TNRC18,magenta
TOMM40L,magenta
TOP2A,magenta
TOPBP1,magenta
TOPORS,magenta
TOPORS-AS1,magenta
TP53BP2,magenta
TP53I3,magenta
TPD52L2,magenta
TRAPPC9,magenta
TRH,magenta
TRIM13,magenta
TRIM22,magenta
TRIM35,magenta
TRIP6,magenta
TRMT61B,magenta
TRPC3,magenta
TRPC4,magenta
TRPC4AP,magenta
TRPV3,magenta
TSG101,magenta
TSPAN4,magenta
TSPAN9,magenta
TSPO,magenta
TSPYL4,magenta
TTBK1,magenta
TTC19,magenta
TTC21A,magenta
TTC30A,magenta
TTC5,magenta
TTPA,magenta
TUBGCP3,magenta
TULP3,magenta
UBA2,magenta
UBE2K,magenta
UBE2L6,magenta
UBE2Q1,magenta
UFL1,magenta
UNC13B,magenta
UNC79,magenta
UNC84B,magenta
UQCR,magenta
UQCRB,magenta
USF1,magenta
USO1,magenta
USP2,magenta
USP22,magenta
USP3-AS1,magenta
USP30,magenta
USP8,magenta
USPL1,magenta
VAMP4,magenta
VAPA,magenta
VASP,magenta
VCAN,magenta
VPS18,magenta
VPS37A,magenta
VSIG8,magenta
WASF2,magenta
WDR17,magenta
WDR33,magenta
WDR35,magenta
WDR37,magenta
WDR43,magenta
WDR5B,magenta
WDR60,magenta
WDR65,magenta
WDR70,magenta
WDR76,magenta
WIPF1,magenta
WIPI2,magenta
WNK1,magenta
WNT16,magenta
WNT6,magenta
WSB2,magenta
WWOX,magenta
XIRP2,magenta
XPNPEP1,magenta
YBX3,magenta
YIPF4,magenta
YIPF5,magenta
YPEL1,magenta
YTHDC1,magenta
YTHDC2,magenta
YTHDF2,magenta
YWHAZ,magenta
ZAK,magenta
ZBTB12,magenta
ZBTB20,magenta
ZDHHC14,magenta
ZDHHC7,magenta
ZEB2,magenta
ZFP36L2,magenta
ZFP62,magenta
ZIC2,magenta
ZIC4,magenta
ZKSCAN4,magenta
ZNF10,magenta
ZNF140,magenta
ZNF143,magenta
ZNF18,magenta
ZNF225,magenta
ZNF239,magenta
ZNF260,magenta
ZNF277,magenta
ZNF296,magenta
ZNF43,magenta
ZNF451,magenta
ZNF467,magenta
ZNF510,magenta
ZNF512,magenta
ZNF532,magenta
ZNF589,magenta
ZNF615,magenta
ZNF616,magenta
ZNF668,magenta
ZNF691,magenta
ZNF764,magenta
ZNF782,magenta
ZNF786,magenta
ZNF79,magenta
ZNF790,magenta
ZNF813,magenta
ZNF821,magenta
ZNF878,magenta
ZYG11B,magenta
ZZZ3,magenta
AASS,midnightblue
ABCF3,midnightblue
ABHD1,midnightblue
ABI1,midnightblue
ABLIM3,midnightblue
ABTB2,midnightblue
ACADSB,midnightblue
ACBD4,midnightblue
ACBD6,midnightblue
ACPL2,midnightblue
ACSS2,midnightblue
ADAMTS16,midnightblue
ADAMTS6,midnightblue
ADNP,midnightblue
AFAP1,midnightblue
AGPAT9,midnightblue
AGRN,midnightblue
AHCYL1,midnightblue
AHSA2,midnightblue
AKAP5,midnightblue
AKAP7,midnightblue
ALDH4A1,midnightblue
ALDH9A1,midnightblue
ALDOA,midnightblue
AMD1,midnightblue
ANAPC1,midnightblue
ANKRD27,midnightblue
ANKRD37,midnightblue
ANKRD50,midnightblue
ANKZF1,midnightblue
ANP32E,midnightblue
ARHGAP10,midnightblue
ARSB,midnightblue
ASTN1,midnightblue
ATF2,midnightblue
ATG5,midnightblue
ATOH8,midnightblue
ATP10A,midnightblue
ATP13A3,midnightblue
ATP5G1,midnightblue
ATP5SL,midnightblue
ATP6V1C1,midnightblue
ATXN3,midnightblue
AXIN2,midnightblue
B3GNT2,midnightblue
BARHL2,midnightblue
BAT4,midnightblue
BAT5,midnightblue
BBS9,midnightblue
BCHE,midnightblue
BCL2L11,midnightblue
BET1,midnightblue
BLCAP,midnightblue
BMPR1B,midnightblue
BMPR2,midnightblue
BTD,midnightblue
BUB3,midnightblue
BZW2,midnightblue
C10ORF26,midnightblue
C10ORF4,midnightblue
C10ORF79,midnightblue
C11ORF1,midnightblue
C11ORF57,midnightblue
C12ORF29,midnightblue
C14ORF1,midnightblue
C14ORF159,midnightblue
C17ORF42,midnightblue
C18ORF54,midnightblue
C19ORF10,midnightblue
C19ORF77,midnightblue
C1ORF159,midnightblue
C1ORF183,midnightblue
C20ORF199,midnightblue
C20ORF30,midnightblue
C22ORF13,midnightblue
C2ORF18,midnightblue
C2ORF28,midnightblue
C2ORF67,midnightblue
C4ORF14,midnightblue
C4ORF36,midnightblue
C5ORF45,midnightblue
C6ORF47,midnightblue
C6ORF57,midnightblue
C7ORF63,midnightblue
C8ORF38,midnightblue
C8ORF41,midnightblue
C9ORF91,midnightblue
CACNA1E,midnightblue
CADM4,midnightblue
CADPS,midnightblue
CALM1,midnightblue
CALM3,midnightblue
CAMTA1,midnightblue
CBFA2T3,midnightblue
CBR1,midnightblue
CBX3,midnightblue
CCDC124,midnightblue
CCDC15,midnightblue
CCDC28A,midnightblue
CCDC42,midnightblue
CCHCR1,midnightblue
CCNA2,midnightblue
CD3EAP,midnightblue
CD83,midnightblue
CDC25B,midnightblue
CDC6,midnightblue
CDCA8,midnightblue
CDH8,midnightblue
CDK4,midnightblue
CDK6,midnightblue
CDKL1,midnightblue
CDKN1B,midnightblue
CDKN1C,midnightblue
CDKN2C,midnightblue
CENPF,midnightblue
CENPU,midnightblue
CEP120,midnightblue
CEP57,midnightblue
CHCHD4,midnightblue
CHMP7,midnightblue
CLCC1,midnightblue
CLOCK,midnightblue
CLTC,midnightblue
CNNM3,midnightblue
CNOT10,midnightblue
CNOT7,midnightblue
CNPY1,midnightblue
CNST,midnightblue
COL22A1,midnightblue
COMMD2,midnightblue
COPS7A,midnightblue
COX5A,midnightblue
COX8A,midnightblue
CPLX2,midnightblue
CPNE3,midnightblue
CPSF4,midnightblue
CRADD,midnightblue
CREM,midnightblue
CRIM1,midnightblue
CRYGS,midnightblue
CSNK2A3,midnightblue
CSPG5,midnightblue
CSTF2T,midnightblue
CTH,midnightblue
CTSB,midnightblue
CTSO,midnightblue
CUL2,midnightblue
CUL7,midnightblue
CYB5A,midnightblue
CYB5D1,midnightblue
CYP2E1,midnightblue
CYP4V2,midnightblue
DAB1,midnightblue
DAB2,midnightblue
DACT1,midnightblue
DAGLB,midnightblue
DAZAP2,midnightblue
DBF4B,midnightblue
DCC,midnightblue
DDX52,midnightblue
DEFA3,midnightblue
DEK,midnightblue
DEPDC6,midnightblue
DHDDS,midnightblue
DHFR,midnightblue
DHX16,midnightblue
DHX30,midnightblue
DHX37,midnightblue
DIP2C,midnightblue
DIRAS1,midnightblue
DLX6AS,midnightblue
DMKN,midnightblue
DNAJB6,midnightblue
DNAJC25,midnightblue
DNAJC5,midnightblue
DSP,midnightblue
DTYMK,midnightblue
DUSP4,midnightblue
DYNC1H1,midnightblue
DYRK1A,midnightblue
DYRK1B,midnightblue
EBF3,midnightblue
ECHDC2,midnightblue
EDAR,midnightblue
EEF1G,midnightblue
EEPD1,midnightblue
EHMT1,midnightblue
EIF2AK4,midnightblue
EIF3B,midnightblue
ELL,midnightblue
EML6,midnightblue
ERCC3,midnightblue
ERGIC2,midnightblue
ERH,midnightblue
ESPN,midnightblue
ESR1,midnightblue
ESRRA,midnightblue
ESYT2,midnightblue
ETNK2,midnightblue
ETV3,midnightblue
FABP2,midnightblue
FABP5,midnightblue
FAF1,midnightblue
FAM105B,midnightblue
FAM107B,midnightblue
FAM109A,midnightblue
FAM124A,midnightblue
FAM135A,midnightblue
FAM136A,midnightblue
FAM13A,midnightblue
FAM178A,midnightblue
FAM190A,midnightblue
FAM59B,midnightblue
FAM96B,midnightblue
FANCF,midnightblue
FASTK,midnightblue
FASTKD3,midnightblue
FBN1,midnightblue
FBXL18,midnightblue
FBXO44,midnightblue
FBXO6,midnightblue
FBXO7,midnightblue
FGFR1OP,midnightblue
FKBP10,midnightblue
FLJ10357,midnightblue
FMO5,midnightblue
FNBP1,midnightblue
FOXF2,midnightblue
FREQ,midnightblue
FZD7,midnightblue
GABARAPL2,midnightblue
GABRA4,midnightblue
GAL,midnightblue
GAREML,midnightblue
GATA2,midnightblue
GBA,midnightblue
GCLC,midnightblue
GFI1,midnightblue
GFRA1,midnightblue
GJB2,midnightblue
GLI3,midnightblue
GLYCTK,midnightblue
GMEB2,midnightblue
GNAI2,midnightblue
GNG7,midnightblue
GNMT,midnightblue
GOSR2,midnightblue
GPC5,midnightblue
GPR123,midnightblue
GRIN3A,midnightblue
GRINA,midnightblue
GRM2,midnightblue
GSTO2,midnightblue
GTF2E2,midnightblue
GUCY1A2,midnightblue
GUCY2E,midnightblue
HADHA,midnightblue
HAX1,midnightblue
HCCA2,midnightblue
HDAC4,midnightblue
HDLBP,midnightblue
HGF,midnightblue
HIST1H2AB,midnightblue
HIST1H2AK,midnightblue
HIST1H3C,midnightblue
HLA-B,midnightblue
HLA-DQB1,midnightblue
HLA-DRB1,midnightblue
HMGN3,midnightblue
HNRNPA3,midnightblue
HOXA5,midnightblue
HOXA9,midnightblue
HOXB7,midnightblue
HOXC9,midnightblue
HOXD10,midnightblue
HOXD9,midnightblue
HPSE,midnightblue
HSD17B4,midnightblue
HSP90AB1,midnightblue
ID1,midnightblue
IDH1,midnightblue
IER2,midnightblue
IFT172,midnightblue
IFT88,midnightblue
IGFBP3,midnightblue
IKBKB,midnightblue
IMPACT,midnightblue
INCENP,midnightblue
ING3,midnightblue
INO80C,midnightblue
IPP,midnightblue
IRX4,midnightblue
IRX6,midnightblue
ISOC1,midnightblue
JMJD1C,midnightblue
JTB,midnightblue
KANK4,midnightblue
KANSL1,midnightblue
KCNB2,midnightblue
KCNE1,midnightblue
KCNJ3,midnightblue
KDELC2,midnightblue
KIAA0020,midnightblue
KIAA0427,midnightblue
KIAA1191,midnightblue
KIF20A,midnightblue
KIF25-AS1,midnightblue
KIFC1,midnightblue
KLC4,midnightblue
KRT222,midnightblue
KU-MEL-3,midnightblue
L3MBTL4,midnightblue
LARP1B,midnightblue
LARS,midnightblue
LARS2,midnightblue
LATS1,midnightblue
LCMT2,midnightblue
LCORL,midnightblue
LDHAL6A,midnightblue
LETMD1,midnightblue
LIN28,midnightblue
LIN54,midnightblue
LINC00476,midnightblue
LINC00535,midnightblue
LINC00841,midnightblue
LINC00939,midnightblue
LINC01604,midnightblue
LMCD1,midnightblue
LMO1,midnightblue
LMX1A,midnightblue
LOC100288798,midnightblue
LOC101928438,midnightblue
LOC101929124,midnightblue
LOC134466,midnightblue
LOC282997,midnightblue
LOC283140,midnightblue
LOC285456,midnightblue
LOC387647,midnightblue
LOC643387,midnightblue
LOC643770,midnightblue
LOC645323,midnightblue
LOH12CR1,midnightblue
LONRF1,midnightblue
LOXL1,midnightblue
LRFN5,midnightblue
LRIT3,midnightblue
LSMD1,midnightblue
LSS,midnightblue
MAD2L1,midnightblue
MAP4K5,midnightblue
MAPK4,midnightblue
MAPK8IP1,midnightblue
MAX,midnightblue
MCFD2,midnightblue
MCU,midnightblue
MED25,midnightblue
MED28,midnightblue
MESDC2,midnightblue
MET,midnightblue
MFAP1,midnightblue
MFSD8,midnightblue
MGAT1,midnightblue
MGST3,midnightblue
MIA3,midnightblue
MIR639,midnightblue
MIR762HG,midnightblue
MIS12,midnightblue
MOBKL1B,midnightblue
MORN5,midnightblue
MOV10,midnightblue
MPP6,midnightblue
MRPL1,midnightblue
MRPL20,midnightblue
MRPL22,midnightblue
MRPS36,midnightblue
MRPS9,midnightblue
MSANTD3,midnightblue
MSI1,midnightblue
MSRB2,midnightblue
MTR,midnightblue
MUC21,midnightblue
MYBPC2,midnightblue
MYCL1,midnightblue
MYO19,midnightblue
MYO6,midnightblue
NAA20,midnightblue
NACAD,midnightblue
NAP1L4,midnightblue
NAV2,midnightblue
NBEA,midnightblue
NCK2,midnightblue
NCOR1,midnightblue
NDRG1,midnightblue
NDRG4,midnightblue
NDUFA4L2,midnightblue
NEFL,midnightblue
NINJ2,midnightblue
NLE1,midnightblue
NODAL,midnightblue
NOLC1,midnightblue
NPAS1,midnightblue
NPHP4,midnightblue
NPY1R,midnightblue
NR2F2,midnightblue
NT5DC1,midnightblue
NTF3,midnightblue
NUB1,midnightblue
NUDT12,midnightblue
NUFIP1,midnightblue
NUP188,midnightblue
NUP210,midnightblue
NUP93,midnightblue
NXPH1,midnightblue
ODZ3,midnightblue
OR8D4,midnightblue
OXA1L,midnightblue
PACSIN3,midnightblue
PALB2,midnightblue
PAPPA,midnightblue
PAQR8,midnightblue
PARK7,midnightblue
PARM1,midnightblue
PBX2,midnightblue
PCDH17,midnightblue
PCM1,midnightblue
PCSK1,midnightblue
PDE9A,midnightblue
PDGFD,midnightblue
PDP1,midnightblue
PELI3,midnightblue
PER3,midnightblue
PEX5L,midnightblue
PHACTR1,midnightblue
PHIP,midnightblue
PHYHIP,midnightblue
PIP5K1C,midnightblue
PITPNA,midnightblue
PITPNC1,midnightblue
PIWIL2,midnightblue
PKHD1L1,midnightblue
PKP1,midnightblue
PLA2G15,midnightblue
PLCD1,midnightblue
PLEKHA5,midnightblue
PLEKHA7,midnightblue
PLEKHG1,midnightblue
PLEKHH3,midnightblue
PLGRKT,midnightblue
PLRG1,midnightblue
PNRC1,midnightblue
POLE,midnightblue
POLG,midnightblue
POLH,midnightblue
POLM,midnightblue
POLQ,midnightblue
POLR1B,midnightblue
POLR2K,midnightblue
PPAP2C,midnightblue
PPP1R12A,midnightblue
PPP1R42,midnightblue
PPP2R5E,midnightblue
PPPDE1,midnightblue
PPT1,midnightblue
PPT2,midnightblue
PPTC7,midnightblue
PRDM12,midnightblue
PRDM13,midnightblue
PRDM6,midnightblue
PREX2,midnightblue
PRKAR2A,midnightblue
PRKD3,midnightblue
PRKRIR,midnightblue
PRLR,midnightblue
PRR24,midnightblue
PSD,midnightblue
PSD3,midnightblue
PSMA3,midnightblue
PSMA4,midnightblue
PSMB3,midnightblue
PSMD4,midnightblue
PSMG1,midnightblue
PTBP2,midnightblue
PTGFRN,midnightblue
PTMS,midnightblue
PTPN2,midnightblue
PTPRE,midnightblue
PTRF,midnightblue
PVRL3,midnightblue
PXT1,midnightblue
RAB11B,midnightblue
RAB33B,midnightblue
RAB36,midnightblue
RAB38,midnightblue
RAB5B,midnightblue
RAB8B,midnightblue
RAD51,midnightblue
RAD51L3,midnightblue
RAD54B,midnightblue
RAI14,midnightblue
RALGPS2,midnightblue
RALYL,midnightblue
RAPGEF6,midnightblue
RASA3,midnightblue
RASSF10,midnightblue
RCBTB1,midnightblue
RCBTB2,midnightblue
REPIN1,midnightblue
RERE,midnightblue
RFC2,midnightblue
RFT1,midnightblue
RG9MTD2,midnightblue
RGS2,midnightblue
RING1,midnightblue
RNF185,midnightblue
RNF41,midnightblue
RPH3A,midnightblue
RPL14,midnightblue
RPL27A,midnightblue
RPP25,midnightblue
RPRD2,midnightblue
RPS7,midnightblue
RPSA,midnightblue
RPSAP58,midnightblue
RRM2,midnightblue
RTN3,midnightblue
RUNX1,midnightblue
RXFP3,midnightblue
SAC3D1,midnightblue
SCAP,midnightblue
SEC16A,midnightblue
SEC31A,midnightblue
SECISBP2,midnightblue
SEH1L,midnightblue
SELK,midnightblue
SEMA6A,midnightblue
SERP1,midnightblue
SESN1,midnightblue
SFMBT2,midnightblue
SGK3,midnightblue
SH3RF3,midnightblue
SHANK2,midnightblue
SHC2,midnightblue
SHF,midnightblue
SKP1,midnightblue
SLC24A2,midnightblue
SLC25A39,midnightblue
SLC2A12,midnightblue
SLC39A10,midnightblue
SLC39A7,midnightblue
SLC39A8,midnightblue
SLC5A9,midnightblue
SLC8A3,midnightblue
SMAD1,midnightblue
SMARCB1,midnightblue
SMC6,midnightblue
SMOC2,midnightblue
SNAI1,midnightblue
SNORD45C,midnightblue
SNRPB2,midnightblue
SNTG2,midnightblue
SNX26,midnightblue
SNX29,midnightblue
SNX8,midnightblue
SOCS2,midnightblue
SOGA3,midnightblue
SOS2,midnightblue
SPATA4,midnightblue
SPRED1,midnightblue
SPTBN4,midnightblue
SRP19,midnightblue
SRRM4,midnightblue
SSSCA1,midnightblue
STARD9,midnightblue
STIP1,midnightblue
STK3,midnightblue
STK35,midnightblue
STMN1,midnightblue
STT3A,midnightblue
STX4,midnightblue
STX5,midnightblue
STX6,midnightblue
SULF1,midnightblue
SUPT20H,midnightblue
SVBP,midnightblue
TAF7,midnightblue
TAPBP,midnightblue
TBRG1,midnightblue
TCF7L2,midnightblue
TCTEX1D1,midnightblue
TEX2,midnightblue
TFAM,midnightblue
TFAP2A,midnightblue
TGFB1,midnightblue
TH,midnightblue
THBS2,midnightblue
THNSL1,midnightblue
THUMPD3,midnightblue
TIAL1,midnightblue
TIMM22,midnightblue
TIPARP-AS1,midnightblue
TJP2,midnightblue
TLK1,midnightblue
TLL2,midnightblue
TMC6,midnightblue
TMEM185B,midnightblue
TMEM232,midnightblue
TMEM65,midnightblue
TMEM74,midnightblue
TNIK,midnightblue
TNS3,midnightblue
TOP1P2,midnightblue
TPD52,midnightblue
TPRA1,midnightblue
TRAF3,midnightblue
TRAFD1,midnightblue
TRAM1L1,midnightblue
TRAPPC1,midnightblue
TRIM2,midnightblue
TRIM31,midnightblue
TRIM36,midnightblue
TRIM39,midnightblue
TRPC1,midnightblue
TRPM6,midnightblue
TRRAP,midnightblue
TRUB1,midnightblue
TSHZ3,midnightblue
TSPAN12,midnightblue
TSTD2,midnightblue
TTBK2,midnightblue
TTC31,midnightblue
TTC32,midnightblue
TTK,midnightblue
TTLL1,midnightblue
TUBGCP4,midnightblue
TWSG1,midnightblue
TXNDC12,midnightblue
TXNDC6,midnightblue
UBE2CBP,midnightblue
UBE2T,midnightblue
UBE2V1,midnightblue
UBE3B,midnightblue
UBE3C,midnightblue
UBL3,midnightblue
UBXN1,midnightblue
UMAD1,midnightblue
USP32,midnightblue
USP38,midnightblue
USP54,midnightblue
USPL1,midnightblue
VASP,midnightblue
VAV3,midnightblue
VENTX,midnightblue
VEZT,midnightblue
VPS26A,midnightblue
VPS4B,midnightblue
VPS53,midnightblue
VRK3,midnightblue
VSNL1,midnightblue
WARS2,midnightblue
WBP4,midnightblue
WDR45B,midnightblue
WDR51A,midnightblue
WDR62,midnightblue
WDR8,midnightblue
WNT4,midnightblue
YWHAB,midnightblue
YY1AP1,midnightblue
ZBED3,midnightblue
ZBTB22,midnightblue
ZBTB26,midnightblue
ZCCHC4,midnightblue
ZFAND1,midnightblue
ZFP82,midnightblue
ZFR2,midnightblue
ZFYVE20,midnightblue
ZFYVE28,midnightblue
ZIK1,midnightblue
ZNF140,midnightblue
ZNF165,midnightblue
ZNF174,midnightblue
ZNF213,midnightblue
ZNF226,midnightblue
ZNF252,midnightblue
ZNF333,midnightblue
ZNF343,midnightblue
ZNF362,midnightblue
ZNF385B,midnightblue
ZNF394,midnightblue
ZNF398,midnightblue
ZNF501,midnightblue
ZNF514,midnightblue
ZNF563,midnightblue
ZNF608,midnightblue
ZNF646,midnightblue
ZNF729,midnightblue
ZNF782,midnightblue
ZSCAN22,midnightblue
ABCA1,orange
ABCG4,orange
ABCG5,orange
ABRACL,orange
ACAT2,orange
ACBD5,orange
ACTN1,orange
ADAM17,orange
ADAMTS12,orange
ADAMTS19-AS1,orange
ADK,orange
ADNP,orange
ADRA1A,orange
AFTPH,orange
AGAP7P,orange
AK1,orange
AKAP13,orange
AKIRIN1,orange
AKIRIN2,orange
ALDH6A1,orange
ALG11,orange
ALOXE3,orange
ALX3,orange
AMACR,orange
AMDHD1,orange
AMOTL1,orange
AMZ2,orange
ANAPC1,orange
ANK1,orange
ANKH,orange
ANKRD34A,orange
ANKRD42,orange
ANO10,orange
ANP32A,orange
ANP32B,orange
AOX1,orange
AP3M2,orange
APCDD1,orange
APH1B,orange
APOLD1,orange
APPL1,orange
ARFIP2,orange
ARGLU1,orange
ARHGAP21,orange
ARHGEF10,orange
ARID1B,orange
ARID5B,orange
ARIH2,orange
ARMC9,orange
ARPC5L,orange
ART4,orange
ARVCF,orange
ASH2L,orange
ASPM,orange
ASUN,orange
ATAD5,orange
ATF3,orange
ATF6,orange
ATF7,orange
ATL2,orange
ATP10A,orange
ATP13A2,orange
ATP1A3,orange
ATP2A2,orange
ATP5D,orange
ATP5H,orange
ATP6V0A1,orange
ATP6V0C,orange
ATP8A1,orange
AURKB,orange
AZIN1-AS1,orange
B3GAT1,orange
B3GAT3,orange
B4GALT7,orange
BAG3,orange
BAIAP2,orange
BAMBI,orange
BARD1,orange
BASP1,orange
BAT3,orange
BCAS3,orange
BCL9,orange
BCL9L,orange
BCO2,orange
BHLHE22,orange
BICC1,orange
BLOC1S2,orange
BMI1,orange
BOP1,orange
BRD2,orange
BRF1,orange
BRI3,orange
BRMS1,orange
BRMS1L,orange
BRP44L,orange
BRPF1,orange
BRSK2,orange
BRUNOL4,orange
BTBD6,orange
BTD,orange
C10ORF18,orange
C10ORF32,orange
C11ORF61,orange
C11ORF83,orange
C11ORF87,orange
C11ORF96,orange
C12ORF65,orange
C12ORF76,orange
C13ORF16,orange
C13ORF18,orange
C13ORF23,orange
C13ORF37,orange
C14ORF104,orange
C14ORF109,orange
C14ORF166,orange
C14ORF178,orange
C16ORF75,orange
C16ORF80,orange
C16ORF87,orange
C19ORF51,orange
C19ORF61,orange
C19ORF66,orange
C1ORF124,orange
C1ORF151,orange
C1ORF159,orange
C1ORF200,orange
C1ORF85,orange
C1QL2,orange
C20ORF117,orange
C2CD2L,orange
C2CD3,orange
C2ORF18,orange
C2ORF29,orange
C2ORF49,orange
C3ORF67,orange
C4ORF32,orange
C4ORF36,orange
C4ORF42,orange
C6ORF115,orange
C6ORF130,orange
C6ORF136,orange
C6ORF162,orange
C6ORF186,orange
C7ORF13,orange
C7ORF51,orange
C8ORF55,orange
C8ORF59,orange
C9ORF122,orange
C9ORF163,orange
C9ORF3,orange
C9ORF89,orange
CA10,orange
CA2,orange
CA8,orange
CAAP1,orange
CAB39L,orange
CABLES2,orange
CACNA1C,orange
CACNA2D4,orange
CADM1,orange
CANX,orange
CAPN3,orange
CAST,orange
CASZ1,orange
CBR4,orange
CC2D2A,orange
CCDC106,orange
CCDC28A,orange
CCDC42B,orange
CCDC51,orange
CCDC75,orange
CCDC85B,orange
CCDC90B,orange
CCHCR1,orange
CCL8,orange
CCNL1,orange
CD38,orange
CD82,orange
CDH10,orange
CDH12,orange
CDH23,orange
CDK11B,orange
CDK13,orange
CDK4,orange
CDK7,orange
CDK9,orange
CEBPD,orange
CEBPG,orange
CEBPZ,orange
CECR4,orange
CELSR2,orange
CENPM,orange
CENPN,orange
CETN4P,orange
CGGBP1,orange
CHCHD2,orange
CHCHD3,orange
CHCHD8,orange
CHKA,orange
CHRAC1,orange
CHRM2,orange
CHRNA7,orange
CITED2,orange
CKB,orange
CLASP1,orange
CLEC11A,orange
CLK1,orange
CLN5,orange
CLPX,orange
CLUH,orange
CLUL1,orange
CMIP,orange
CMTM2,orange
CMTM4,orange
CNOT4,orange
CNP,orange
CNTN1,orange
COBRA1,orange
COG3,orange
COG8,orange
COL13A1,orange
COL4A2,orange
COL4A3,orange
COL4A3BP,orange
COL9A3,orange
CORO7,orange
COTL1,orange
COX4NB,orange
COX7A2L,orange
CP110,orange
CPA2,orange
CPSF2,orange
CPZ,orange
CRADD,orange
CREB1,orange
CRYZ,orange
CSGALNACT2,orange
CSNK1G3,orange
CSTF3-AS1,orange
CTD-2194D22.4,orange
CTD-2201I18.1,orange
CTDP1,orange
CTDSPL,orange
CTHRC1,orange
CTPS,orange
CTSB,orange
CTTN,orange
CTXN2,orange
CUGBP1,orange
CUL2,orange
CUL5,orange
CUX1,orange
CXCL2,orange
CYB5A,orange
CYB5R3,orange
CYP51A1-AS1,orange
CYTH2,orange
D2HGDH,orange
DBT,orange
DCAF11,orange
DCC,orange
DCLK2,orange
DCTN1-AS1,orange
DDAH1,orange
DDB1,orange
DDX19A,orange
DEF8,orange
DEFB132,orange
DEGS1,orange
DENND3,orange
DGCR8,orange
DHX33,orange
DHX40,orange
DKK2,orange
DLAT,orange
DLG2,orange
DLG4,orange
DLL1,orange
DLX2,orange
DLX3,orange
DMPK,orange
DMTF1,orange
DNAH6,orange
DNAH9,orange
DNAJB6,orange
DNAJC16,orange
DNAJC24,orange
DNAJC28,orange
DNM2,orange
DNTTIP2,orange
DOC2A,orange
DOCK1,orange
DOCK7,orange
DOK5,orange
DONSON,orange
DPY30,orange
DRC1,orange
DSP,orange
DSTYK,orange
DTHD1,orange
DTL,orange
DTNA,orange
DTX4,orange
DTYMK,orange
DUS1L,orange
DUSP6,orange
DUT,orange
DVL1,orange
DYNLL1,orange
DYRK1A,orange
DYSF,orange
E2F3,orange
E2F8,orange
ECHDC3,orange
EDN1,orange
EEPD1,orange
EFNA3,orange
EHMT2,orange
EI24,orange
EIF2AK3,orange
EIF2B1,orange
EIF2B4,orange
EIF2C2,orange
EIF3A,orange
EIF4G3,orange
EIF5,orange
EIF5A2,orange
ELMO1,orange
EPB41L3,orange
EPHA10,orange
EPHA5,orange
EPHA7,orange
EPHB6,orange
EPM2AIP1,orange
ERBB4,orange
ERGIC2,orange
ERMP1,orange
ERO1L,orange
ERP29,orange
ESRRG,orange
ESYT1,orange
EWSR1,orange
EXOC2,orange
EXT1,orange
FAM100B,orange
FAM120A,orange
FAM120B,orange
FAM124B,orange
FAM129A,orange
FAM132A,orange
FAM134B,orange
FAM135B,orange
FAM155A,orange
FAM171B,orange
FAM174B,orange
FAM176B,orange
FAM19A2,orange
FAM36A,orange
FAM3C,orange
FAM40A,orange
FAM69A,orange
FAM84B,orange
FAM89B,orange
FAM96A,orange
FANCF,orange
FAR1,orange
FASTK,orange
FAT3,orange
FBN2,orange
FBXL14,orange
FBXL8,orange
FBXO15,orange
FBXO32,orange
FBXO9,orange
FCRL3,orange
FGF3,orange
FHL2,orange
FKBP5,orange
FKTN,orange
FLAD1,orange
FLJ11235,orange
FLJ36031,orange
FLJ39582,orange
FLJ42289,orange
FLJ90757,orange
FLYWCH2,orange
FMNL2,orange
FNDC3A,orange
FOXC1,orange
FOXH1,orange
FOXJ3,orange
FOXL2,orange
FOXN3,orange
FRMD4A,orange
FRMD6-AS2,orange
FRY,orange
FSIP1,orange
FUBP1,orange
FUCA1,orange
FXC1,orange
FYCO1,orange
FYN,orange
FZD8,orange
G2E3,orange
G3BP1,orange
GADD45A,orange
GALK2,orange
GALNT16,orange
GALNT4,orange
GALR1,orange
GAS2,orange
GBF1,orange
GCA,orange
GDF6,orange
GDPD1,orange
GFI1,orange
GFRA1,orange
GGA1,orange
GINS1,orange
GIPR,orange
GLB1L2,orange
GLI3,orange
GLT8D1,orange
GNAL,orange
GNAS,orange
GNG4,orange
GNG7,orange
GNMT,orange
GNPTG,orange
GOLGA7B,orange
GPN2,orange
GPR113,orange
GPR177,orange
GPR63,orange
GRIK2,orange
GRINL1A,orange
GSAP,orange
GSDMD,orange
GSPT1,orange
GSTA4,orange
GSX2,orange
GTF2A1,orange
GTF2H4,orange
GTF3C1,orange
GUF1,orange
H6PD,orange
HCCA2,orange
HCG11,orange
HDAC1,orange
HDAC2,orange
HDAC4,orange
HECTD4,orange
HELLS,orange
HEMK1,orange
HERC3,orange
HES5,orange
HIC1,orange
HIF1A,orange
HIF1AN,orange
HIGD2B,orange
HIST1H2AL,orange
HIST1H3B,orange
HIVEP1,orange
HK1,orange
HK2,orange
HLA-L,orange
HLTF,orange
HMBOX1,orange
HMCN1,orange
HMGN1,orange
HMGN2,orange
HN1,orange
HNRNPA3,orange
HNRNPAB,orange
HNRNPH1,orange
HNRNPK,orange
HNRNPU,orange
HNRPDL,orange
HOXB4,orange
HOXC10,orange
HOXC9,orange
HOXD9,orange
HP1BP3,orange
HPS1,orange
HPSE,orange
HSDL1,orange
HSF1,orange
HSF2BP,orange
HSPA1B,orange
IDH1,orange
IDI2,orange
IER3,orange
IFI16,orange
IFI6,orange
IFRD2,orange
IFT140,orange
IGF2BP3,orange
IGSF22,orange
IKBKB,orange
IL17RC,orange
IL27RA,orange
ILF3,orange
IMMT,orange
IMPDH1,orange
IMPDH2,orange
INADL,orange
INCENP,orange
ING3,orange
INTS12,orange
IPP,orange
IQCH,orange
IRS2,orange
ISG15,orange
ISOC2,orange
ISPD,orange
ITFG1,orange
ITGA9,orange
ITGBL1,orange
ITPA,orange
IWS1,orange
JAGN1,orange
JMY,orange
JRK,orange
KAZALD1,orange
KBTBD11,orange
KBTBD3,orange
KCND2,orange
KCNG3,orange
KCNH1,orange
KCNK15,orange
KCNMB2,orange
KCNQ1DN,orange
KCNQ5,orange
KCTD2,orange
KCTD3,orange
KCTD9,orange
KDM2B,orange
KIAA0195,orange
KIAA0226,orange
KIAA0226L,orange
KIAA0922,orange
KIAA1009,orange
KIAA1257,orange
KIAA1324L,orange
KIAA1328,orange
KIAA1529,orange
KIAA1539,orange
KIAA1826,orange
KIAA1958,orange
KIF1B,orange
KIF21B,orange
KIF26B,orange
KIF3C,orange
KIF7,orange
KIFC1,orange
KIRREL3,orange
KLF13,orange
KLF15,orange
KLF9,orange
KLHL25,orange
KLHL28,orange
KPNB1,orange
KRT10,orange
LAMP3,orange
LARGE,orange
LARP4,orange
LBR,orange
LCA5,orange
LDOC1L,orange
LEMD3,orange
LETM2,orange
LHX4,orange
LIMA1,orange
LINC-PINT,orange
LINC01006,orange
LINC01491,orange
LMAN2L,orange
LMF2,orange
LMO3,orange
LMX1A,orange
LNPEP,orange
LOC100128640,orange
LOC100129917,orange
LOC101928068,orange
LOC101929555,orange
LOC102724691,orange
LOC25845,orange
LOC374443,orange
LOC387763,orange
LOC389332,orange
LOC401463,orange
LOC641518,orange
LOC646851,orange
LOC648987,orange
LOC729082,orange
LOC729467,orange
LOC93622,orange
LPIN1,orange
LRP11,orange
LRP6,orange
LRRC28,orange
LRRC56,orange
LRRC57,orange
LRRN1,orange
LSM5,orange
LSM6,orange
LTB,orange
LTBP1,orange
LUZP1,orange
LY6G5C,orange
LYPD1,orange
LYPLAL1,orange
LYRM4,orange
LYST,orange
M6PR,orange
MACROD1,orange
MAD1L1,orange
MADD,orange
MAGI1,orange
MAN1A1,orange
MAP2,orange
MAPK10,orange
MAPK12,orange
MAPK1IP1L,orange
MAPK6,orange
MAR-07,orange
MATN1,orange
MATN2,orange
MBNL1,orange
MC1R,orange
MCF2L2,orange
MCRS1,orange
MED22,orange
MED24,orange
MED28,orange
MED7,orange
MEG3,orange
MEGF9,orange
MEIS2,orange
MELK,orange
MEMO1,orange
MESDC1,orange
METAP1,orange
METAP2,orange
METTL10,orange
METTL20,orange
MFAP3,orange
MFSD11,orange
MFSD8,orange
MGC70857,orange
MIR3134,orange
MIR3665,orange
MIR636,orange
MIS12,orange
MITF,orange
MKNK2,orange
MKX,orange
MLH1,orange
MLLT3,orange
MMP16,orange
MN1,orange
MNX1,orange
MOSC2,orange
MPG,orange
MPV17,orange
MPV17L2,orange
MPZL1,orange
MPZL3,orange
MRI1,orange
MRPL20,orange
MRPL38,orange
MRPL49,orange
MRPL54,orange
MRPS18B,orange
MRPS34,orange
MSL2,orange
MSRB3,orange
MTERFD1,orange
MTFR1,orange
MTIF3,orange
MTMR12,orange
MTO1,orange
MUTYH,orange
MYLIP,orange
MYO5B,orange
NAA15,orange
NAA30,orange
NAA60,orange
NAGS,orange
NANP,orange
NAV1,orange
NCALD,orange
NCEH1,orange
NCK2,orange
NDRG4,orange
NDUFA2,orange
NDUFA9,orange
NDUFS8,orange
NEGR1,orange
NEURL,orange
NF2,orange
NFE2L1,orange
NFIA,orange
NFIB,orange
NFKBIL2,orange
NGFR,orange
NIPA1,orange
NKTR,orange
NME1,orange
NOLC1,orange
NOM1,orange
NPAS2,orange
NPPB,orange
NPPC,orange
NPR3,orange
NR2F2-AS1,orange
NR3C1,orange
NRXN2,orange
NRXN3,orange
NSA2,orange
NSMCE4A,orange
NT5E,orange
NTNG2,orange
NTRK2,orange
NUBP2,orange
NUDT16L1,orange
NUDT21,orange
NUDT9,orange
NUFIP2,orange
NUP188,orange
NUP43,orange
NXPH1,orange
OBFC1,orange
ODF2,orange
OGDH,orange
OR4K17,orange
ORC2,orange
OSGEPL1,orange
OTOP3,orange
OTUB2,orange
OTX1,orange
OTX2,orange
P2RY1,orange
P4HB,orange
PAMR1,orange
PARD6B,orange
PARD6G,orange
PBRM1,orange
PC,orange
PCBD1,orange
PCDH9,orange
PCIF1,orange
PCNP,orange
PCNT,orange
PCSK6,orange
PDCD2,orange
PDGFC,orange
PDIA6,orange
PDK1,orange
PDS5A,orange
PDXK,orange
PEBP4,orange
PEPD,orange
PFKFB4,orange
PGBD5,orange
PGM2,orange
PGRMC2,orange
PHF13,orange
PHF21B,orange
PHLDA1,orange
PHLDA2,orange
PHLPP1,orange
PIAS1,orange
PIBF1,orange
PIK3R2,orange
PIM3,orange
PITRM1,orange
PIWIL2,orange
PKN3,orange
PLA2G7,orange
PLEKHO1,orange
PLGRKT,orange
PLIN3,orange
PLK3,orange
PMAIP1,orange
PMP22,orange
PNMT,orange
POGK,orange
POLQ,orange
POLR3G,orange
POLS,orange
POM121,orange
POP4,orange
POU2F1,orange
PPARD,orange
PPP1CB,orange
PPP1R10,orange
PPP1R12A,orange
PPP1R1C,orange
PPP1R2,orange
PPP1R37,orange
PPP1R7,orange
PPP2R3A,orange
PPP4R2,orange
PPP4R4,orange
PPP5D1,orange
PRDM10,orange
PRDM11,orange
PRDM13,orange
PRDM14,orange
PRDM2,orange
PRDM6,orange
PRDX5,orange
PREPL,orange
PRKAG2,orange
PRKAR1A,orange
PRKCSH,orange
PRMT8,orange
PRPSAP2,orange
PRR15,orange
PRSS22,orange
PSMA1,orange
PSMB8,orange
PSMB9,orange
PSMC3IP,orange
PSMD4,orange
PSPC1,orange
PSTK,orange
PTCD1,orange
PTEN,orange
PTGER4,orange
PTGES3,orange
PTMA,orange
PTPN1,orange
PTPN11,orange
PTPRN2,orange
PTPRQ,orange
PTPRU,orange
PVRL3,orange
PXMP2,orange
RAB11FIP1,orange
RAB11FIP3,orange
RAB12,orange
RAB27A,orange
RAB35,orange
RAB3GAP2,orange
RAB8A,orange
RABL3,orange
RAD23B,orange
RAD51L3,orange
RAET1L,orange
RAI1,orange
RAMP1,orange
RANBP3,orange
RAP1GDS1,orange
RAP2B,orange
RASAL3,orange
RASGRF1,orange
RASSF1,orange
RASSF3,orange
RASSF4,orange
RBFOX1,orange
RBM42,orange
RCCD1,orange
RCE1,orange
RCOR1,orange
RECQL,orange
RECQL4,orange
RFWD2,orange
RFX7,orange
RGL1,orange
RGL3,orange
RGNEF,orange
RGS11,orange
RHOBTB3,orange
RHOF,orange
RHOT1,orange
RHOT2,orange
RICH2,orange
RIN3,orange
RING1,orange
RNASE4,orange
RNASEH2B,orange
RNF121,orange
RNF126,orange
RNF14,orange
RNF169,orange
RNF187,orange
RNF34,orange
RNF4,orange
RNF41,orange
RNPC3,orange
ROCK1,orange
RPAIN,orange
RPAP2,orange
RPF2,orange
RPH3A,orange
RPH3AL,orange
RPL11,orange
RPL27,orange
RPL7L1,orange
RPS20,orange
RPS24,orange
RPS6KA2,orange
RPS6KA5,orange
RRP1,orange
RSF1,orange
RSRC1,orange
RUFY1,orange
RUFY3,orange
RUNDC1,orange
RUNX1,orange
RUNX2,orange
RXRA,orange
S100A13,orange
SAMD13,orange
SAR1A,orange
SCAMP3,orange
SCAMP5,orange
SCN8A,orange
SCN9A,orange
SCNN1B,orange
SCYL1,orange
SDCCAG3,orange
SDK2,orange
SEC1,orange
SEC1P,orange
SEH1L,orange
SELK,orange
SEMA3A,orange
SEPSECS,orange
SESN1,orange
SETD7,orange
SETDB1,orange
SFMBT1,orange
SFRS13A,orange
SFRS2,orange
SFRS2IP,orange
SFRS4,orange
SGCE,orange
SH3BP5,orange
SH3RF3,orange
SHE,orange
SHQ1,orange
SIAH3,orange
SIN3B,orange
SIPA1L1,orange
SIRT1,orange
SIRT2,orange
SIX2,orange
SKAP2,orange
SKI,orange
SLC10A7,orange
SLC11A2,orange
SLC12A9,orange
SLC16A12,orange
SLC22A23,orange
SLC25A16,orange
SLC25A24,orange
SLC25A35,orange
SLC25A39,orange
SLC25A44,orange
SLC29A1,orange
SLC30A1,orange
SLC30A5,orange
SLC30A7,orange
SLC44A5,orange
SLC5A3,orange
SLC6A15,orange
SLC6A2,orange
SLCO3A1,orange
SLITRK5,orange
SMAD1,orange
SMEK2,orange
SMIM10L1,orange
SMKR1,orange
SMOC1,orange
SMYD3,orange
SMYD5,orange
SNAP91,orange
SNHG12,orange
SNHG6,orange
SNORA7A,orange
SNORD27,orange
SNPH,orange
SNRNP25,orange
SNRPN,orange
SNX16,orange
SNX24,orange
SNX3,orange
SORBS2,orange
SOX13,orange
SOX5,orange
SP3,orange
SPATA2,orange
SPECC1L-ADORA2A,orange
SPINT2,orange
SPRED2,orange
SPRTN,orange
SREBF1,orange
SRF,orange
SRRM2,orange
SRXN1,orange
SSBP3,orange
SSFA2,orange
SSR3,orange
SSTR1,orange
ST8SIA1,orange
ST8SIA4,orange
ST8SIA5,orange
STAM,orange
STAM2,orange
STK10,orange
STK32C,orange
STK4,orange
STX3,orange
STXBP6,orange
SUCLA2,orange
SUCLG1,orange
SUGT1P1,orange
SUPV3L1,orange
SUV39H2,orange
SVEP1,orange
SWI5,orange
SYNGAP1,orange
TACO1,orange
TAF10,orange
TAF4B,orange
TAF5,orange
TAF6,orange
TANC1,orange
TARS2,orange
TBC1D22A,orange
TBC1D24,orange
TCAF1,orange
TCERG1,orange
TCF4,orange
TCF7L1,orange
TCP11,orange
TCP11L1,orange
TDG,orange
TDRD10,orange
TERF2,orange
THAP3,orange
THAP7,orange
THBS2,orange
THG1L,orange
THYN1,orange
TLL1,orange
TM9SF2,orange
TMBIM1,orange
TMCC1,orange
TMCO6,orange
TMEM175,orange
TMEM209,orange
TMEM63C,orange
TMEM65,orange
TMEM70,orange
TMEM80,orange
TMEM87B,orange
TMEM93,orange
TMEM9B,orange
TMIE,orange
TMPRSS11D,orange
TOB2,orange
TOLLIP,orange
TOPORS-AS1,orange
TOR2A,orange
TOX2,orange
TPST1,orange
TRAF2,orange
TRDMT1,orange
TRIAP1,orange
TRIL,orange
TRIM25,orange
TRIM37,orange
TRIM6,orange
TRIM8,orange
TRIOBP,orange
TRMT5,orange
TRNAU1AP,orange
TRPC4AP,orange
TRPM6,orange
TRPS1,orange
TRPV3,orange
TRPV4,orange
TRUB1,orange
TSG101,orange
TSKU,orange
TSSC4,orange
TTC27,orange
TTC31,orange
TTC35,orange
TTC37,orange
TTC6,orange
TTC7A,orange
TUBB4B,orange
TWF1,orange
TXLNA,orange
TXNDC16,orange
TXNDC5,orange
TXNRD1,orange
TYMS,orange
UBC,orange
UBE2D3,orange
UBE2I,orange
UBE2O,orange
UBE2T,orange
UBE4A,orange
UBL7,orange
UBR5-AS1,orange
UEVLD,orange
UGDH,orange
UHRF2,orange
ULBP3,orange
UNC13B,orange
UNC80,orange
UPF2,orange
UQCRB,orange
UQCRC2,orange
USP14,orange
USP2,orange
USP34,orange
USP39,orange
UTP20,orange
UTRN,orange
VARS2,orange
VAT1L,orange
VCP,orange
VOPP1,orange
VPS33A,orange
VPS53,orange
VSX2,orange
WAC,orange
WASF3,orange
WBP2,orange
WDR35,orange
WDR46,orange
WDR5,orange
WDR63,orange
WDTC1,orange
WHAMM,orange
WIPF1,orange
WIPF2,orange
WRB,orange
WRNIP1,orange
WTAP,orange
WWC2,orange
XPR1,orange
YPEL1,orange
YTHDC2,orange
ZBED4,orange
ZBTB10,orange
ZBTB11,orange
ZBTB14,orange
ZBTB20,orange
ZBTB45,orange
ZBTB8B,orange
ZC3H12C,orange
ZC3H6,orange
ZDHHC14,orange
ZDHHC18,orange
ZDHHC3,orange
ZDHHC5,orange
ZFHX3,orange
ZFHX4,orange
ZFYVE9,orange
ZMYND11,orange
ZNF114,orange
ZNF12,orange
ZNF121,orange
ZNF143,orange
ZNF221,orange
ZNF230,orange
ZNF24,orange
ZNF271,orange
ZNF276,orange
ZNF281,orange
ZNF345,orange
ZNF346,orange
ZNF365,orange
ZNF395,orange
ZNF398,orange
ZNF414,orange
ZNF43,orange
ZNF44,orange
ZNF48,orange
ZNF492,orange
ZNF511,orange
ZNF518A,orange
ZNF536,orange
ZNF552,orange
ZNF555,orange
ZNF563,orange
ZNF569,orange
ZNF583,orange
ZNF584,orange
ZNF593,orange
ZNF615,orange
ZNF620,orange
ZNF629,orange
ZNF649,orange
ZNF667-AS1,orange
ZNF696,orange
ZNF714,orange
ZNF76,orange
ZNF766,orange
ZNF784,orange
ZNF800,orange
ZNF829,orange
ZNHIT1,orange
ZSCAN16,orange
ZSCAN22,orange
ZZZ3,orange
AAGAB,paleturquoise
ABCB4,paleturquoise
ABCB5,paleturquoise
ABCF1,paleturquoise
ABCF3,paleturquoise
ABHD10,paleturquoise
ABHD17B,paleturquoise
ABI1,paleturquoise
ACAD9,paleturquoise
ACD,paleturquoise
ACE,paleturquoise
ACKR3,paleturquoise
ACP6,paleturquoise
ACRBP,paleturquoise
ACRV1,paleturquoise
ACTG1,paleturquoise
ACTR8,paleturquoise
ACVR1,paleturquoise
ADAM12,paleturquoise
ADAMTS1,paleturquoise
ADAMTS18,paleturquoise
ADAMTS5,paleturquoise
ADAMTS9,paleturquoise
ADCK1,paleturquoise
ADCK2,paleturquoise
ADCY10,paleturquoise
ADCY8,paleturquoise
ADGRD1,paleturquoise
ADGRL2,paleturquoise
AFAP1L1,paleturquoise
AGAP1,paleturquoise
AGAP3,paleturquoise
AGL,paleturquoise
AGPAT4,paleturquoise
AGRN,paleturquoise
AGXT2L1,paleturquoise
AHNAK,paleturquoise
AHSA2,paleturquoise
AIMP1,paleturquoise
AIP,paleturquoise
AK2,paleturquoise
AKAP1,paleturquoise
AKAP10,paleturquoise
AKAP12,paleturquoise
AKIRIN1,paleturquoise
AKT2,paleturquoise
ALCAM,paleturquoise
ALDH1A2,paleturquoise
ALG12,paleturquoise
ALG2,paleturquoise
ALOX12B,paleturquoise
ALX1,paleturquoise
AMBRA1,paleturquoise
AMD1,paleturquoise
AMMECR1L,paleturquoise
ANAPC11,paleturquoise
ANAPC16,paleturquoise
ANK1,paleturquoise
ANKFY1,paleturquoise
ANKLE2,paleturquoise
ANKRD12,paleturquoise
ANKRD13A,paleturquoise
ANKRD16,paleturquoise
ANKRD26,paleturquoise
ANKRD28,paleturquoise
ANKRD42,paleturquoise
ANO6,paleturquoise
ANP32A,paleturquoise
AP1B1,paleturquoise
AP1S1,paleturquoise
APAF1,paleturquoise
APBB1,paleturquoise
APBB2,paleturquoise
APLF,paleturquoise
APOLD1,paleturquoise
ARFGAP2,paleturquoise
ARHGAP10,paleturquoise
ARHGAP12,paleturquoise
ARHGAP18,paleturquoise
ARHGEF10,paleturquoise
ARHGEF2,paleturquoise
ARL15,paleturquoise
ARL4A,paleturquoise
ARL6,paleturquoise
ARL6IP1,paleturquoise
ARL8A,paleturquoise
ARNT,paleturquoise
ARPC5,paleturquoise
ARPIN,paleturquoise
ARSG,paleturquoise
ART5,paleturquoise
ASH1L,paleturquoise
ASNA1,paleturquoise
ASPM,paleturquoise
ASTN1,paleturquoise
ASTN2,paleturquoise
ATF7IP,paleturquoise
ATIC,paleturquoise
ATL2,paleturquoise
ATOX1,paleturquoise
ATP10A,paleturquoise
ATP10D,paleturquoise
ATP13A2,paleturquoise
ATP2C1,paleturquoise
ATP5C1,paleturquoise
ATP5L,paleturquoise
ATP6V0C,paleturquoise
ATP6V1H,paleturquoise
ATPGD1,paleturquoise
ATPIF1,paleturquoise
ATRNL1,paleturquoise
ATXN10,paleturquoise
ATXN2,paleturquoise
AUH,paleturquoise
AURKA,paleturquoise
B3GALT2,paleturquoise
B3GALT4,paleturquoise
B3GNT3,paleturquoise
B4GALT1-AS1,paleturquoise
BAHCC1,paleturquoise
BARX2,paleturquoise
BAT3,paleturquoise
BAT4,paleturquoise
BAT5,paleturquoise
BAZ1A,paleturquoise
BAZ1B,paleturquoise
BCAS2,paleturquoise
BCAS3,paleturquoise
BCL11B,paleturquoise
BCL2,paleturquoise
BCL6,paleturquoise
BDH2,paleturquoise
BDNF,paleturquoise
BEND7,paleturquoise
BHLHE40,paleturquoise
BIRC5,paleturquoise
BLK,paleturquoise
BLOC1S2,paleturquoise
BMP1,paleturquoise
BMP2,paleturquoise
BMPER,paleturquoise
BMPR1A,paleturquoise
BOLL,paleturquoise
BPGM,paleturquoise
BPNT1,paleturquoise
BRP44L,paleturquoise
BRUNOL4,paleturquoise
BTBD10,paleturquoise
BTD,paleturquoise
BTRC,paleturquoise
C10ORF2,paleturquoise
C10ORF32,paleturquoise
C10ORF78,paleturquoise
C11ORF17,paleturquoise
C11ORF49,paleturquoise
C11ORF65,paleturquoise
C11ORF71,paleturquoise
C11ORF73,paleturquoise
C12ORF23,paleturquoise
C12ORF43,paleturquoise
C12ORF47,paleturquoise
C13ORF38,paleturquoise
C16ORF35,paleturquoise
C16ORF68,paleturquoise
C17ORF51,paleturquoise
C17ORF57,paleturquoise
C17ORF95,paleturquoise
C17ORF96,paleturquoise
C19ORF48,paleturquoise
C19ORF61,paleturquoise
C19ORF70,paleturquoise
C1ORF52,paleturquoise
C1RL,paleturquoise
C20ORF108,paleturquoise
C20ORF12,paleturquoise
C20ORF20,paleturquoise
C20ORF27,paleturquoise
C20ORF72,paleturquoise
C21ORF91,paleturquoise
C2ORF44,paleturquoise
C2ORF49,paleturquoise
C2ORF52,paleturquoise
C2ORF63,paleturquoise
C2ORF74,paleturquoise
C3ORF1,paleturquoise
C3ORF21,paleturquoise
C3ORF26,paleturquoise
C3ORF59,paleturquoise
C4ORF14,paleturquoise
C4ORF33,paleturquoise
C4ORF39,paleturquoise
C5ORF39,paleturquoise
C5ORF54,paleturquoise
C6ORF136,paleturquoise
C6ORF153,paleturquoise
C6ORF165,paleturquoise
C6ORF211,paleturquoise
C6ORF48,paleturquoise
C6ORF89,paleturquoise
C7ORF10,paleturquoise
C7ORF36,paleturquoise
C7ORF42,paleturquoise
C7ORF44,paleturquoise
C8ORF45,paleturquoise
C9ORF156,paleturquoise
C9ORF167,paleturquoise
C9ORF41-AS1,paleturquoise
CA13,paleturquoise
CACNA1D,paleturquoise
CACNA1G,paleturquoise
CACNB2,paleturquoise
CACNG2,paleturquoise
CACNG4,paleturquoise
CALD1,paleturquoise
CALM2,paleturquoise
CAMK2D,paleturquoise
CAPRIN1,paleturquoise
CAPRIN2,paleturquoise
CAPS2,paleturquoise
CASC11,paleturquoise
CASC5,paleturquoise
CASP9,paleturquoise
CAST,paleturquoise
CASZ1,paleturquoise
CAT,paleturquoise
CAV1,paleturquoise
CBL,paleturquoise
CBLB,paleturquoise
CCDC102B,paleturquoise
CCDC12,paleturquoise
CCDC126,paleturquoise
CCDC130,paleturquoise
CCDC140,paleturquoise
CCDC148,paleturquoise
CCDC53,paleturquoise
CCDC59,paleturquoise
CCDC88A,paleturquoise
CCDC90B,paleturquoise
CCDC91,paleturquoise
CCDC93,paleturquoise
CCDC96,paleturquoise
CCHCR1,paleturquoise
CCK,paleturquoise
CCNB1IP1,paleturquoise
CCNG1,paleturquoise
CCNT2,paleturquoise
CCT4,paleturquoise
CCT6P1,paleturquoise
CD109,paleturquoise
CD226,paleturquoise
CD27-AS1,paleturquoise
CDC14B,paleturquoise
CDC27,paleturquoise
CDC40,paleturquoise
CDC42BPA,paleturquoise
CDC42BPB,paleturquoise
CDC7,paleturquoise
CDH11,paleturquoise
CDH9,paleturquoise
CDIPT,paleturquoise
CDK1,paleturquoise
CDK13,paleturquoise
CDK15,paleturquoise
CDK19,paleturquoise
CDK6,paleturquoise
CDKAL1,paleturquoise
CDKN1C,paleturquoise
CDKN2AIPNL,paleturquoise
CDKN2B-AS1,paleturquoise
CECR5,paleturquoise
CELA1,paleturquoise
CENPBD1,paleturquoise
CENPL,paleturquoise
CEP55,paleturquoise
CEP63,paleturquoise
CETN3,paleturquoise
CFLAR,paleturquoise
CGNL1,paleturquoise
CHIC2,paleturquoise
CHID1,paleturquoise
CHMP2B,paleturquoise
CHN1,paleturquoise
CHRM2,paleturquoise
CHST10,paleturquoise
CHSY1,paleturquoise
CHTF8,paleturquoise
CHURC1,paleturquoise
CITED2,paleturquoise
CKAP2,paleturquoise
CLCN1,paleturquoise
CLDN1,paleturquoise
CLDN23,paleturquoise
CLDND1,paleturquoise
CLGN,paleturquoise
CLIP3,paleturquoise
CLK3,paleturquoise
CLN3,paleturquoise
CLPTM1,paleturquoise
CLSPN,paleturquoise
CLTB,paleturquoise
CLTC,paleturquoise
CLYBL,paleturquoise
CMIP,paleturquoise
CMPK2,paleturquoise
CNGA3,paleturquoise
CNN3,paleturquoise
CNOT8,paleturquoise
CNPY1,paleturquoise
COL11A1,paleturquoise
COL13A1,paleturquoise
COL24A1,paleturquoise
COLEC11,paleturquoise
COMMD1,paleturquoise
COMMD9,paleturquoise
COPA,paleturquoise
COPS6,paleturquoise
COPZ1,paleturquoise
COQ4,paleturquoise
CORO1C,paleturquoise
COX17,paleturquoise
CPLX2,paleturquoise
CPPED1,paleturquoise
CREM,paleturquoise
CRKL,paleturquoise
CRNKL1,paleturquoise
CRTC2,paleturquoise
CSGALNACT2,paleturquoise
CSNK1E,paleturquoise
CSTF2T,paleturquoise
CTDP1,paleturquoise
CTDSP1,paleturquoise
CTDSPL2,paleturquoise
CTNNBIP1,paleturquoise
CTNND2,paleturquoise
CTSA,paleturquoise
CUL2,paleturquoise
CUX2,paleturquoise
CXXC5,paleturquoise
CYB561A3,paleturquoise
CYB5A,paleturquoise
CYB5B,paleturquoise
CYB5R4,paleturquoise
CYP1A1,paleturquoise
CYP20A1,paleturquoise
CYP2E1,paleturquoise
CYP2R1,paleturquoise
CYP2U1,paleturquoise
CYP51A1,paleturquoise
CYP7B1,paleturquoise
CYR61,paleturquoise
DAB1,paleturquoise
DAB2IP,paleturquoise
DBN1,paleturquoise
DCAF10,paleturquoise
DCAF4,paleturquoise
DCAKD,paleturquoise
DCC,paleturquoise
DCK,paleturquoise
DCLRE1B,paleturquoise
DCLRE1C,paleturquoise
DCP1B,paleturquoise
DCTN3,paleturquoise
DCTN4,paleturquoise
DCTPP1,paleturquoise
DDAH2,paleturquoise
DDRGK1,paleturquoise
DDX28,paleturquoise
DDX58,paleturquoise
DEDD2,paleturquoise
DENND4A,paleturquoise
DFNB31,paleturquoise
DGUOK,paleturquoise
DHX29,paleturquoise
DHX30,paleturquoise
DHX9,paleturquoise
DIABLO,paleturquoise
DIEXF,paleturquoise
DIP2C,paleturquoise
DIRC2,paleturquoise
DLGAP1-AS2,paleturquoise
DLST,paleturquoise
DNAH17-AS1,paleturquoise
DNAJB6,paleturquoise
DNAJC2,paleturquoise
DNAJC21,paleturquoise
DNAJC27,paleturquoise
DNTTIP1,paleturquoise
DOCK8,paleturquoise
DOCK9,paleturquoise
DOLK,paleturquoise
DOM3Z,paleturquoise
DOPEY1,paleturquoise
DPAGT1,paleturquoise
DPF1,paleturquoise
DPY30,paleturquoise
DPYSL5,paleturquoise
DSEL,paleturquoise
DSN1,paleturquoise
DST,paleturquoise
DUSP1,paleturquoise
DUSP16,paleturquoise
DUSP19,paleturquoise
DUSP22,paleturquoise
DUSP7,paleturquoise
DYM,paleturquoise
DYNC1I1,paleturquoise
DYNLL1,paleturquoise
E2F1,paleturquoise
E2F6,paleturquoise
EAF1,paleturquoise
EBF1,paleturquoise
EBPL,paleturquoise
ECT2L,paleturquoise
EDARADD,paleturquoise
EDEM3,paleturquoise
EEF1A1,paleturquoise
EEF2KMT,paleturquoise
EFCAB7,paleturquoise
EFHA2,paleturquoise
EFHC1,paleturquoise
EGFEM1P,paleturquoise
EGFL7,paleturquoise
EHMT2,paleturquoise
EIF2B2,paleturquoise
EIF2B4,paleturquoise
EIF2C1,paleturquoise
EIF2C2,paleturquoise
EIF4EBP2,paleturquoise
EIF4G2,paleturquoise
ELN,paleturquoise
ELP2P,paleturquoise
ELP3,paleturquoise
EML5,paleturquoise
ENOX1,paleturquoise
ENPP7,paleturquoise
EP400NL,paleturquoise
EPAS1,paleturquoise
EPHB1,paleturquoise
EPPK1,paleturquoise
EPS8L1,paleturquoise
ERAP1,paleturquoise
ERCC4,paleturquoise
ERLIN1,paleturquoise
ESYT2,paleturquoise
ETF1,paleturquoise
ETV1,paleturquoise
ETV3,paleturquoise
ETV7,paleturquoise
EXO1,paleturquoise
EXOSC3,paleturquoise
EXPH5,paleturquoise
EYA3,paleturquoise
F7,paleturquoise
FADS2,paleturquoise
FAM102A,paleturquoise
FAM107B,paleturquoise
FAM117B,paleturquoise
FAM129A,paleturquoise
FAM151B,paleturquoise
FAM154A,paleturquoise
FAM155A,paleturquoise
FAM198A,paleturquoise
FAM200B,paleturquoise
FAM214B,paleturquoise
FAM216A,paleturquoise
FAM49A,paleturquoise
FAM54A,paleturquoise
FAM55C,paleturquoise
FAM5C,paleturquoise
FAM60A,paleturquoise
FAM63B,paleturquoise
FAM64A,paleturquoise
FAM78B,paleturquoise
FAM81B,paleturquoise
FAM83F,paleturquoise
FAM84A,paleturquoise
FAM84B,paleturquoise
FANCM,paleturquoise
FAS,paleturquoise
FBLN7,paleturquoise
FBXL19-AS1,paleturquoise
FBXO31,paleturquoise
FBXO38,paleturquoise
FBXO44,paleturquoise
FBXO5,paleturquoise
FBXO9,paleturquoise
FBXW2,paleturquoise
FCHO1,paleturquoise
FDFT1,paleturquoise
FDPS,paleturquoise
FECH,paleturquoise
FEM1B,paleturquoise
FEZ1,paleturquoise
FEZF2,paleturquoise
FGD4,paleturquoise
FGF14,paleturquoise
FGFRL1,paleturquoise
FHOD3,paleturquoise
FIBIN,paleturquoise
FILIP1,paleturquoise
FKBPL,paleturquoise
FLJ31356,paleturquoise
FLOT2,paleturquoise
FMN1,paleturquoise
FMNL2,paleturquoise
FMO5,paleturquoise
FN3K,paleturquoise
FOSB,paleturquoise
FOXN3,paleturquoise
FOXO1,paleturquoise
FOXP1,paleturquoise
FOXRED1,paleturquoise
FRMD4A,paleturquoise
FRRS1,paleturquoise
FRYL,paleturquoise
FSCN1,paleturquoise
FST,paleturquoise
FUT8,paleturquoise
FUT9,paleturquoise
FXC1,paleturquoise
FYTTD1,paleturquoise
GAB1,paleturquoise
GABPA,paleturquoise
GABRA1,paleturquoise
GABRB2,paleturquoise
GABRB3,paleturquoise
GAD1,paleturquoise
GAD2,paleturquoise
GADD45B,paleturquoise
GALNT14,paleturquoise
GARNL3,paleturquoise
GATA2,paleturquoise
GBP1,paleturquoise
GBX1,paleturquoise
GCC2,paleturquoise
GDF9,paleturquoise
GDNF,paleturquoise
GGA2,paleturquoise
GJA3,paleturquoise
GLI4,paleturquoise
GLIS3,paleturquoise
GLMP,paleturquoise
GLRA1,paleturquoise
GLRX,paleturquoise
GLS,paleturquoise
GLYCTK,paleturquoise
GMCL1,paleturquoise
GNB1L,paleturquoise
GNL2,paleturquoise
GNRHR2,paleturquoise
GOLGA4,paleturquoise
GOLPH3L,paleturquoise
GOLT1A,paleturquoise
GPA33,paleturquoise
GPATCH1,paleturquoise
GPATCH4,paleturquoise
GPD1L,paleturquoise
GPR107,paleturquoise
GPR12,paleturquoise
GPR19,paleturquoise
GPR37,paleturquoise
GPRIN3,paleturquoise
GRAMD3,paleturquoise
GREB1,paleturquoise
GRIA1,paleturquoise
GRID2,paleturquoise
GSG1L,paleturquoise
GSK3A,paleturquoise
GSTM4,paleturquoise
GSTO1,paleturquoise
GSTO2,paleturquoise
GTF2A2,paleturquoise
GTF3C1,paleturquoise
GTF3C6,paleturquoise
GTPBP4,paleturquoise
GUCD1,paleturquoise
GULP1,paleturquoise
GYS1,paleturquoise
HAND1,paleturquoise
HARS,paleturquoise
HAUS5,paleturquoise
HCCA2,paleturquoise
HCG27,paleturquoise
HDGF,paleturquoise
HEATR5A,paleturquoise
HEBP1,paleturquoise
HECTD2,paleturquoise
HELQ,paleturquoise
HERC4,paleturquoise
HEY1,paleturquoise
HIPK1,paleturquoise
HIPK3,paleturquoise
HIST1H2AE,paleturquoise
HIST1H2BI,paleturquoise
HIST1H2BK,paleturquoise
HIST1H3A,paleturquoise
HIST1H3E,paleturquoise
HIST1H3G,paleturquoise
HIST1H4A,paleturquoise
HIST1H4B,paleturquoise
HIST1H4F,paleturquoise
HLA-DPB2,paleturquoise
HLA-DRB1,paleturquoise
HMBOX1,paleturquoise
HMBS,paleturquoise
HMGA2,paleturquoise
HNRNPA1,paleturquoise
HNRNPAB,paleturquoise
HNRNPM,paleturquoise
HOGA1,paleturquoise
HOXC8,paleturquoise
HOXD1,paleturquoise
HPCA,paleturquoise
HPCAL1,paleturquoise
HS3ST2,paleturquoise
HSD17B7,paleturquoise
HSD17B7P2,paleturquoise
HSF2BP,paleturquoise
HTRA1,paleturquoise
ICK,paleturquoise
IDO2,paleturquoise
IER2,paleturquoise
IER5L,paleturquoise
IFIH1,paleturquoise
IFIT5,paleturquoise
IFT74,paleturquoise
IGF2,paleturquoise
IGFBP2,paleturquoise
IGLON5,paleturquoise
IGSF22,paleturquoise
IKBIP,paleturquoise
IL10RB,paleturquoise
ILK,paleturquoise
IMMT,paleturquoise
IMPA2,paleturquoise
INCA1,paleturquoise
INO80D,paleturquoise
INPP4B,paleturquoise
INTS6,paleturquoise
INTS7,paleturquoise
INTS9,paleturquoise
INVS,paleturquoise
IP6K2,paleturquoise
IQCB1,paleturquoise
IQCK,paleturquoise
IQGAP2,paleturquoise
IRF7,paleturquoise
ISCU,paleturquoise
ITGA1,paleturquoise
ITGAV,paleturquoise
ITGB5,paleturquoise
ITGB8,paleturquoise
ITPR3,paleturquoise
ITSN1,paleturquoise
IWS1,paleturquoise
JAK2,paleturquoise
JARID2,paleturquoise
JMJD1C,paleturquoise
JMY,paleturquoise
KANK1,paleturquoise
KARS,paleturquoise
KAT6B,paleturquoise
KBTBD11,paleturquoise
KBTBD12,paleturquoise
KBTBD2,paleturquoise
KCNAB2,paleturquoise
KCNB2,paleturquoise
KCNIP2-AS1,paleturquoise
KCNIP4,paleturquoise
KCNJ3,paleturquoise
KCNJ8,paleturquoise
KCNK17,paleturquoise
KCNN3,paleturquoise
KCTD13,paleturquoise
KDM3B,paleturquoise
KDM4C,paleturquoise
KHDC1,paleturquoise
KHSRP,paleturquoise
KIAA0100,paleturquoise
KIAA0495,paleturquoise
KIAA0586,paleturquoise
KIAA0895L,paleturquoise
KIAA1033,paleturquoise
KIAA1161,paleturquoise
KIAA1244,paleturquoise
KIAA1279,paleturquoise
KIAA1462,paleturquoise
KIAA1826,paleturquoise
KIAA1908,paleturquoise
KIAA1949,paleturquoise
KIAA2026,paleturquoise
KIF26B,paleturquoise
KIF5C,paleturquoise
KIF9,paleturquoise
KL,paleturquoise
KLC4,paleturquoise
KLF10,paleturquoise
KLF9,paleturquoise
KLHDC2,paleturquoise
KLHDC4,paleturquoise
KLHL31,paleturquoise
KRBA1,paleturquoise
KRCC1,paleturquoise
KRR1,paleturquoise
KSR1,paleturquoise
L3MBTL4,paleturquoise
LACC1,paleturquoise
LAMA1,paleturquoise
LANCL1,paleturquoise
LAP3,paleturquoise
LAPTM4A,paleturquoise
LAPTM4B,paleturquoise
LASP1,paleturquoise
LASS2,paleturquoise
LBX1,paleturquoise
LCOR,paleturquoise
LDB1,paleturquoise
LDLR,paleturquoise
LDLRAD4,paleturquoise
LEKR1,paleturquoise
LETM2,paleturquoise
LGR6,paleturquoise
LHX6,paleturquoise
LHX8,paleturquoise
LIN9,paleturquoise
LINC00461,paleturquoise
LINC00958,paleturquoise
LINC01091,paleturquoise
LINC01232,paleturquoise
LINC01322,paleturquoise
LIPA,paleturquoise
LIPT1,paleturquoise
LMAN1,paleturquoise
LMAN2L,paleturquoise
LMX1A,paleturquoise
LMX1B,paleturquoise
LOC100134229,paleturquoise
LOC100134713,paleturquoise
LOC100190939,paleturquoise
LOC100306951,paleturquoise
LOC100505549,paleturquoise
LOC100505658,paleturquoise
LOC100505984,paleturquoise
LOC100506083,paleturquoise
LOC100506302,paleturquoise
LOC100507506,paleturquoise
LOC100507642,paleturquoise
LOC101928043,paleturquoise
LOC101928436,paleturquoise
LOC101928790,paleturquoise
LOC101929076,paleturquoise
LOC102723385,paleturquoise
LOC102724596,paleturquoise
LOC154449,paleturquoise
LOC257396,paleturquoise
LOC284632,paleturquoise
LOC285740,paleturquoise
LOC339260,paleturquoise
LOC344595,paleturquoise
LOC389791,paleturquoise
LOC400752,paleturquoise
LOC650226,paleturquoise
LOC728323,paleturquoise
LOC729678,paleturquoise
LOC730183,paleturquoise
LPAR2,paleturquoise
LRFN5,paleturquoise
LRIG3,paleturquoise
LRP11,paleturquoise
LRRC57,paleturquoise
LRRC8B,paleturquoise
LRRN1,paleturquoise
LRSAM1,paleturquoise
LRWD1,paleturquoise
LSM3,paleturquoise
LSM5,paleturquoise
LTBP3,paleturquoise
LTF,paleturquoise
LUC7L,paleturquoise
LUC7L2,paleturquoise
LUM,paleturquoise
LURAP1L,paleturquoise
LYPD1,paleturquoise
LYPD6B,paleturquoise
LYPLA2,paleturquoise
LYRM5,paleturquoise
LZIC,paleturquoise
MACROD2,paleturquoise
MAEL,paleturquoise
MAF,paleturquoise
MAFB,paleturquoise
MAML3,paleturquoise
MANEA-AS1,paleturquoise
MANEAL,paleturquoise
MAP3K10,paleturquoise
MAP4K1,paleturquoise
MAPK14,paleturquoise
MAPT,paleturquoise
MAR-08,paleturquoise
MARK2,paleturquoise
MAST3,paleturquoise
MATN1,paleturquoise
MBD5,paleturquoise
MCF2L2,paleturquoise
MCFD2,paleturquoise
MCL1,paleturquoise
MCM3,paleturquoise
MCTP1,paleturquoise
MDH1,paleturquoise
MDM1,paleturquoise
MDM2,paleturquoise
MED10,paleturquoise
MED11,paleturquoise
MED6,paleturquoise
MEPCE,paleturquoise
MEST,paleturquoise
METTL21A,paleturquoise
METTL8,paleturquoise
MFAP3,paleturquoise
MGMT,paleturquoise
MIB1,paleturquoise
MIEF1,paleturquoise
MIR5006,paleturquoise
MIR5095,paleturquoise
MIR548G,paleturquoise
MIR9-2,paleturquoise
MKL1,paleturquoise
MLH1,paleturquoise
MLL5,paleturquoise
MLLT3,paleturquoise
MLN,paleturquoise
MNAT1,paleturquoise
MORG1,paleturquoise
MORN1,paleturquoise
MPP5,paleturquoise
MPPED1,paleturquoise
MPZL3,paleturquoise
MREG,paleturquoise
MRPL22,paleturquoise
MRPL23,paleturquoise
MRPL33,paleturquoise
MRPL36,paleturquoise
MRPL37,paleturquoise
MRPL50,paleturquoise
MRPL51,paleturquoise
MRPL52,paleturquoise
MRPL54,paleturquoise
MRPS12,paleturquoise
MRPS15,paleturquoise
MRPS18A,paleturquoise
MRPS22,paleturquoise
MRPS25,paleturquoise
MRPS31,paleturquoise
MT2A,paleturquoise
MTERF4,paleturquoise
MTERFD3,paleturquoise
MTHFD1L,paleturquoise
MTIF2,paleturquoise
MTMR12,paleturquoise
MTMR9,paleturquoise
MTNR1A,paleturquoise
MYB,paleturquoise
MYBL1,paleturquoise
MYCN,paleturquoise
MYEF2,paleturquoise
MYEOV2,paleturquoise
MYH4,paleturquoise
MYO10,paleturquoise
MYO5A,paleturquoise
MYO7B,paleturquoise
MYOCD,paleturquoise
MYOM2,paleturquoise
MYST1,paleturquoise
N4BP1,paleturquoise
NAA20,paleturquoise
NALCN,paleturquoise
NARG2,paleturquoise
NBEA,paleturquoise
NBEAL1,paleturquoise
NCAM1,paleturquoise
NCAPG,paleturquoise
NCBP2,paleturquoise
NCOA2,paleturquoise
NCOA4,paleturquoise
NCOA5,paleturquoise
NDNL2,paleturquoise
NDRG2,paleturquoise
NDST3,paleturquoise
NDUFS4,paleturquoise
NDUFS6,paleturquoise
NDUFS7,paleturquoise
NDUFV1,paleturquoise
NEDD4L,paleturquoise
NEIL2,paleturquoise
NEK10,paleturquoise
NEK2,paleturquoise
NEK7,paleturquoise
NEMP1,paleturquoise
NFATC1,paleturquoise
NFIA,paleturquoise
NFKBIL1,paleturquoise
NFYA,paleturquoise
NGLY1,paleturquoise
NHP2L1,paleturquoise
NIF3L1,paleturquoise
NIPAL4,paleturquoise
NIPBL,paleturquoise
NISCH,paleturquoise
NKTR,paleturquoise
NLRP7,paleturquoise
NME1,paleturquoise
NOC4L,paleturquoise
NOL4,paleturquoise
NOL4L,paleturquoise
NOTCH4,paleturquoise
NOX3,paleturquoise
NOX4,paleturquoise
NPDC1,paleturquoise
NPPC,paleturquoise
NPY5R,paleturquoise
NR1D1,paleturquoise
NR1H2,paleturquoise
NR2F1,paleturquoise
NR4A3,paleturquoise
NRBF2,paleturquoise
NRG1,paleturquoise
NRXN1,paleturquoise
NSD1,paleturquoise
NSMAF,paleturquoise
NT5C,paleturquoise
NTN1,paleturquoise
NUBP1,paleturquoise
NUBP2,paleturquoise
NUBPL,paleturquoise
NUCB2,paleturquoise
NUDT16P1,paleturquoise
NUFIP2,paleturquoise
NUMA1,paleturquoise
NUP153,paleturquoise
NUP205,paleturquoise
NUP214,paleturquoise
NUP85,paleturquoise
NUSAP1,paleturquoise
NVL,paleturquoise
NXPH4,paleturquoise
OAS3,paleturquoise
OAZ3,paleturquoise
OBFC2B,paleturquoise
OCIAD1,paleturquoise
OLFML2B,paleturquoise
OMA1,paleturquoise
ONECUT2,paleturquoise
OPA1,paleturquoise
OPTN,paleturquoise
ORAI3,paleturquoise
ORC6,paleturquoise
OSBP,paleturquoise
OSBPL3,paleturquoise
OSGEPL1-AS1,paleturquoise
OSTC,paleturquoise
OSTF1,paleturquoise
OTUD3,paleturquoise
OXA1L,paleturquoise
OXR1,paleturquoise
P4HB,paleturquoise
PACSIN1,paleturquoise
PAPD4,paleturquoise
PAPL,paleturquoise
PAQR8,paleturquoise
PAQR9-AS1,paleturquoise
PARD3,paleturquoise
PARK2,paleturquoise
PARP9,paleturquoise
PARS2,paleturquoise
PAX9,paleturquoise
PBX2,paleturquoise
PCBP1,paleturquoise
PCDHA10,paleturquoise
PCDHA3,paleturquoise
PCDHB15,paleturquoise
PCDHB16,paleturquoise
PCDHB6,paleturquoise
PCDHB7,paleturquoise
PCED1A,paleturquoise
PCLO,paleturquoise
PCNT,paleturquoise
PCNXL3,paleturquoise
PCOLCE2,paleturquoise
PCSK9,paleturquoise
PCYT2,paleturquoise
PDCD7,paleturquoise
PDE4B,paleturquoise
PDE8A,paleturquoise
PDGFRL,paleturquoise
PDHX,paleturquoise
PDILT,paleturquoise
PDK2,paleturquoise
PDLIM5,paleturquoise
PDXP,paleturquoise
PELI3,paleturquoise
PET117,paleturquoise
PEX19,paleturquoise
PF4,paleturquoise
PGAP2,paleturquoise
PHC3,paleturquoise
PHF15,paleturquoise
PHF17,paleturquoise
PHF3,paleturquoise
PHF5A,paleturquoise
PHF7,paleturquoise
PHPT1,paleturquoise
PI4K2B,paleturquoise
PIAS3,paleturquoise
PIGP,paleturquoise
PIGV,paleturquoise
PIK3R4,paleturquoise
PITPNB,paleturquoise
PITPNC1,paleturquoise
PITPNM3,paleturquoise
PIWIL1,paleturquoise
PLAGL1,paleturquoise
PLCD1,paleturquoise
PLCG1-AS1,paleturquoise
PLCL1,paleturquoise
PLD3,paleturquoise
PLD6,paleturquoise
PLEC1,paleturquoise
PLEKHH3,paleturquoise
PLEKHM2,paleturquoise
PLK1,paleturquoise
PLK3,paleturquoise
PNKD,paleturquoise
PNMA1,paleturquoise
PNMA2,paleturquoise
PNPLA8,paleturquoise
POLDIP3,paleturquoise
POLE,paleturquoise
POLQ,paleturquoise
POLR1A,paleturquoise
POLR1C,paleturquoise
POLR2K,paleturquoise
POLR3B,paleturquoise
POM121L2,paleturquoise
POU2F1,paleturquoise
POU6F2,paleturquoise
PPAP2B,paleturquoise
PPAPDC1B,paleturquoise
PPARD,paleturquoise
PPCDC,paleturquoise
PPHLN1,paleturquoise
PPIA,paleturquoise
PPIL1,paleturquoise
PPIL4,paleturquoise
PPIL5,paleturquoise
PPM1K,paleturquoise
PPP1R15B,paleturquoise
PPP1R8,paleturquoise
PPP2R2B,paleturquoise
PPP2R5A,paleturquoise
PPP2R5D,paleturquoise
PPP3R1,paleturquoise
PPP4R3A,paleturquoise
PPP5C,paleturquoise
PPT1,paleturquoise
PRDM16,paleturquoise
PRDX1,paleturquoise
PRKAR2B,paleturquoise
PRKCQ,paleturquoise
PRKCQ-AS1,paleturquoise
PRKCSH,paleturquoise
PRKRA,paleturquoise
PRMT7,paleturquoise
PRORSD1P,paleturquoise
PRPF4,paleturquoise
PRPSAP2,paleturquoise
PRR15,paleturquoise
PSKH1,paleturquoise
PSMA3,paleturquoise
PSMA5,paleturquoise
PSMA6,paleturquoise
PSMD1,paleturquoise
PSMD7,paleturquoise
PSMG1,paleturquoise
PSRC1,paleturquoise
PTCH2,paleturquoise
PTCHD2,paleturquoise
PTGR2,paleturquoise
PTMA,paleturquoise
PTPLA,paleturquoise
PTPN1,paleturquoise
PTPN21,paleturquoise
PTPRF,paleturquoise
PTPRJ,paleturquoise
PTPRK,paleturquoise
PTPRN2,paleturquoise
PTRHD1,paleturquoise
PUF60,paleturquoise
PXMP3,paleturquoise
QPCTL,paleturquoise
QTRTD1,paleturquoise
RAB10,paleturquoise
RAB21,paleturquoise
RAB30,paleturquoise
RAB3IL1,paleturquoise
RAB40C,paleturquoise
RABGAP1L,paleturquoise
RAG2,paleturquoise
RAGE,paleturquoise
RAI1,paleturquoise
RALGPS1,paleturquoise
RAP1GDS1,paleturquoise
RARA,paleturquoise
RASA1,paleturquoise
RASAL1,paleturquoise
RASEF,paleturquoise
RASGRF1,paleturquoise
RASGRF2,paleturquoise
RBBP5,paleturquoise
RBBP8,paleturquoise
RBM14,paleturquoise
RBM39,paleturquoise
RBPJ,paleturquoise
RCAN2,paleturquoise
RCC2,paleturquoise
RCHY1,paleturquoise
RCOR3,paleturquoise
RCSD1,paleturquoise
RDH10,paleturquoise
REEP5,paleturquoise
REL,paleturquoise
REPS1,paleturquoise
RER1,paleturquoise
RFC4,paleturquoise
RFWD3,paleturquoise
RFX7,paleturquoise
RGS20,paleturquoise
RGS6,paleturquoise
RHBDD2,paleturquoise
RHBDF2,paleturquoise
RHEB,paleturquoise
RHNO1,paleturquoise
RHOA,paleturquoise
RHOBTB3,paleturquoise
RIF1,paleturquoise
RILPL2,paleturquoise
RING1,paleturquoise
RIOK2,paleturquoise
RNASEN,paleturquoise
RND3,paleturquoise
RNF14,paleturquoise
RNF150,paleturquoise
RNF38,paleturquoise
RNFT1,paleturquoise
RNU12,paleturquoise
RNU6ATAC,paleturquoise
ROBLD3,paleturquoise
ROR2,paleturquoise
RORA,paleturquoise
RPA1,paleturquoise
RPAIN,paleturquoise
RPAP3,paleturquoise
RPL14,paleturquoise
RPL15,paleturquoise
RPL18AP3,paleturquoise
RPL34,paleturquoise
RPLP0,paleturquoise
RPLP1,paleturquoise
RPP30,paleturquoise
RPRD1A,paleturquoise
RPS11,paleturquoise
RPS27,paleturquoise
RPS6KA2,paleturquoise
RPSAP58,paleturquoise
RPUSD1,paleturquoise
RRAGD,paleturquoise
RRAS,paleturquoise
RRAS2,paleturquoise
RTEL1,paleturquoise
RTN4,paleturquoise
RUNX2,paleturquoise
RUSC1-AS1,paleturquoise
S100A9,paleturquoise
SACM1L,paleturquoise
SALL4,paleturquoise
SAMD1,paleturquoise
SAMD3,paleturquoise
SC5DL,paleturquoise
SCAF8,paleturquoise
SCAMP3,paleturquoise
SCMH1,paleturquoise
SCN9A,paleturquoise
SCNN1G,paleturquoise
SCOC,paleturquoise
SCPEP1,paleturquoise
SCUBE3,paleturquoise
SCYL3,paleturquoise
SDC1,paleturquoise
SDC2,paleturquoise
SDCBP2,paleturquoise
SDHD,paleturquoise
SDK1,paleturquoise
SEC61A2,paleturquoise
SEMA3F,paleturquoise
SEMA5A,paleturquoise
SEMA6A,paleturquoise
SEMA6D,paleturquoise
SEP-02,paleturquoise
SEP-08,paleturquoise
SEPSECS,paleturquoise
SEPW1,paleturquoise
SERP1,paleturquoise
SERPINB8,paleturquoise
SERPINB9,paleturquoise
SERPINH1,paleturquoise
SETD1B,paleturquoise
SETD4,paleturquoise
SETD9,paleturquoise
SEZ6,paleturquoise
SF1,paleturquoise
SFRP5,paleturquoise
SFRS13A,paleturquoise
SFRS18,paleturquoise
SFRS3,paleturquoise
SFRS5,paleturquoise
SFT2D2,paleturquoise
SGK1,paleturquoise
SH3BP5L,paleturquoise
SH3RF1,paleturquoise
SHCBP1,paleturquoise
SHISA9,paleturquoise
SHQ1,paleturquoise
SIAE,paleturquoise
SIAH3,paleturquoise
SIM2,paleturquoise
SIRT5,paleturquoise
SIX5,paleturquoise
SKAP2,paleturquoise
SLC19A2,paleturquoise
SLC22A5,paleturquoise
SLC24A6,paleturquoise
SLC25A21,paleturquoise
SLC25A23,paleturquoise
SLC25A38,paleturquoise
SLC26A10,paleturquoise
SLC26A2,paleturquoise
SLC29A2,paleturquoise
SLC30A9,paleturquoise
SLC35F2,paleturquoise
SLC35F5,paleturquoise
SLC39A1,paleturquoise
SLC39A10,paleturquoise
SLC39A7,paleturquoise
SLC39A8,paleturquoise
SLC43A3,paleturquoise
SLC44A1,paleturquoise
SLC47A1,paleturquoise
SLC6A4,paleturquoise
SLCO2A1,paleturquoise
SLCO5A1,paleturquoise
SLMAP,paleturquoise
SLTM,paleturquoise
SMARCA2,paleturquoise
SMARCC2,paleturquoise
SMARCD2,paleturquoise
SMC3,paleturquoise
SMC4,paleturquoise
SMC5,paleturquoise
SMG5,paleturquoise
SMTN,paleturquoise
SMYD5,paleturquoise
SNHG3-RCC1,paleturquoise
SNORA17,paleturquoise
SNORD17,paleturquoise
SNORD27,paleturquoise
SNORD45C,paleturquoise
SNRNP48,paleturquoise
SNTB2,paleturquoise
SOAT1,paleturquoise
SOBP,paleturquoise
SOCS2,paleturquoise
SOGA3,paleturquoise
SORBS1,paleturquoise
SORCS1,paleturquoise
SOX2OT,paleturquoise
SOX5,paleturquoise
SP1,paleturquoise
SPATA17,paleturquoise
SPATA2,paleturquoise
SPCS2,paleturquoise
SPEN,paleturquoise
SPHK2,paleturquoise
SPP1,paleturquoise
SPR,paleturquoise
SPRYD3,paleturquoise
SRA1,paleturquoise
SRBD1,paleturquoise
SRF,paleturquoise
SSH2,paleturquoise
SSU72,paleturquoise
STARD6,paleturquoise
STK19,paleturquoise
STK24,paleturquoise
STRADB,paleturquoise
STT3B,paleturquoise
STX16,paleturquoise
STX5,paleturquoise
STX8,paleturquoise
SUPT6H,paleturquoise
SV2C,paleturquoise
SVIP,paleturquoise
SYCE1L,paleturquoise
SYCP2L,paleturquoise
SYN2,paleturquoise
SYNJ2,paleturquoise
SYNJ2BP,paleturquoise
SYNPO2L,paleturquoise
SYNRG,paleturquoise
SYT4,paleturquoise
SYT6,paleturquoise
T,paleturquoise
TACC2,paleturquoise
TAF1C,paleturquoise
TAF9,paleturquoise
TAPBP,paleturquoise
TAS1R1,paleturquoise
TATDN1,paleturquoise
TATDN3,paleturquoise
TBC1D1,paleturquoise
TBC1D12,paleturquoise
TBC1D22A,paleturquoise
TBC1D5,paleturquoise
TBL1XR1,paleturquoise
TCF20,paleturquoise
TCF4,paleturquoise
TCONS_00029157,paleturquoise
TCP1,paleturquoise
TDH,paleturquoise
TEAD1,paleturquoise
TECTA,paleturquoise
TEX2,paleturquoise
TEX261,paleturquoise
TEX264,paleturquoise
TFAM,paleturquoise
TFAP2C,paleturquoise
TFIP11,paleturquoise
TGFB1I1,paleturquoise
TGFB2-AS1,paleturquoise
TGFBR3,paleturquoise
THAP3,paleturquoise
THAP8,paleturquoise
THBS1,paleturquoise
THEM4,paleturquoise
THRB,paleturquoise
THSD1,paleturquoise
THSD7B,paleturquoise
THUMPD1,paleturquoise
TIGD1,paleturquoise
TIPARP-AS1,paleturquoise
TIPRL,paleturquoise
TLE2,paleturquoise
TLR2,paleturquoise
TMC3,paleturquoise
TMCO6,paleturquoise
TMED4,paleturquoise
TMED9,paleturquoise
TMEM110,paleturquoise
TMEM135,paleturquoise
TMEM143,paleturquoise
TMEM161A,paleturquoise
TMEM185B,paleturquoise
TMEM200B,paleturquoise
TMEM217,paleturquoise
TMEM229A,paleturquoise
TMEM233,paleturquoise
TMEM30B,paleturquoise
TMEM33,paleturquoise
TMEM39B,paleturquoise
TMEM48,paleturquoise
TMEM49,paleturquoise
TMEM56,paleturquoise
TMEM57,paleturquoise
TMEM67,paleturquoise
TMEM70,paleturquoise
TMEM86A,paleturquoise
TMEM87B,paleturquoise
TMEM97,paleturquoise
TMPO,paleturquoise
TMTC1,paleturquoise
TMTC2,paleturquoise
TNFAIP8L1,paleturquoise
TNFRSF12A,paleturquoise
TOB1,paleturquoise
TOPAZ1,paleturquoise
TOR1A,paleturquoise
TOX3,paleturquoise
TP53BP2,paleturquoise
TP53INP2,paleturquoise
TP53TG1,paleturquoise
TPBG,paleturquoise
TRAK2,paleturquoise
TRAPPC8,paleturquoise
TRIM11,paleturquoise
TRIM21,paleturquoise
TRIM26,paleturquoise
TRIM29,paleturquoise
TRIM36,paleturquoise
TRIM37,paleturquoise
TRIM68,paleturquoise
TRIP4,paleturquoise
TRMT12,paleturquoise
TRNAU1AP,paleturquoise
TROVE2,paleturquoise
TRPC1,paleturquoise
TRPC7,paleturquoise
TRPS1,paleturquoise
TSACC,paleturquoise
TSKU,paleturquoise
TSPAN2,paleturquoise
TSPAN33,paleturquoise
TSPYL1,paleturquoise
TTC13,paleturquoise
TTC16,paleturquoise
TTC17,paleturquoise
TTC25,paleturquoise
TTC27,paleturquoise
TTC29,paleturquoise
TTC39C,paleturquoise
TTC6,paleturquoise
TTC9C,paleturquoise
TUBB,paleturquoise
TUBB2B,paleturquoise
TUBGCP5,paleturquoise
TUBGCP6,paleturquoise
TULP3,paleturquoise
TWF1,paleturquoise
TXN,paleturquoise
TXNDC12,paleturquoise
TXNDC15,paleturquoise
TXNRD2,paleturquoise
UBA2,paleturquoise
UBAC2,paleturquoise
UBAP2L,paleturquoise
UBE2E3,paleturquoise
UBE2S,paleturquoise
UBE4A,paleturquoise
UBR2,paleturquoise
UCHL1,paleturquoise
UCK2,paleturquoise
UFL1,paleturquoise
UFM1,paleturquoise
UGDH,paleturquoise
UGP2,paleturquoise
UHRF1BP1L,paleturquoise
UNKL,paleturquoise
UQCRFS1,paleturquoise
UQCRH,paleturquoise
URM1,paleturquoise
UTP15,paleturquoise
UXS1,paleturquoise
VASH2,paleturquoise
VCPKMT,paleturquoise
VPS13B,paleturquoise
VPS26A,paleturquoise
VPS45,paleturquoise
VPS4A,paleturquoise
VPS8,paleturquoise
VSNL1,paleturquoise
VTA1,paleturquoise
WARS,paleturquoise
WASF2,paleturquoise
WBSCR16,paleturquoise
WDR12,paleturquoise
WDR3,paleturquoise
WDR37,paleturquoise
WDR47,paleturquoise
WDR48,paleturquoise
WDR59,paleturquoise
WDR5B,paleturquoise
WDR74,paleturquoise
WDR78,paleturquoise
WDR93,paleturquoise
WDSUB1,paleturquoise
WDTC1,paleturquoise
WDYHV1,paleturquoise
WHSC1L1,paleturquoise
WIPI1,paleturquoise
WIZ,paleturquoise
WRB,paleturquoise
WRNIP1,paleturquoise
WWP1,paleturquoise
XKR6,paleturquoise
XPNPEP3,paleturquoise
XPO1,paleturquoise
XRCC2,paleturquoise
XRRA1,paleturquoise
YARS,paleturquoise
YIPF1,paleturquoise
YPEL3,paleturquoise
YWHAB,paleturquoise
ZBTB38,paleturquoise
ZBTB4,paleturquoise
ZBTB44,paleturquoise
ZC3H10,paleturquoise
ZC3H12C,paleturquoise
ZC3H15,paleturquoise
ZC3H7B,paleturquoise
ZDHHC1,paleturquoise
ZDHHC13,paleturquoise
ZDHHC14,paleturquoise
ZDHHC7,paleturquoise
ZEB2-AS1,paleturquoise
ZER1,paleturquoise
ZFHX4,paleturquoise
ZFHX4-AS1,paleturquoise
ZFP36L2,paleturquoise
ZFYVE27,paleturquoise
ZIC2,paleturquoise
ZMIZ1,paleturquoise
ZMYND11,paleturquoise
ZNF140,paleturquoise
ZNF175,paleturquoise
ZNF184,paleturquoise
ZNF227,paleturquoise
ZNF23,paleturquoise
ZNF254,paleturquoise
ZNF257,paleturquoise
ZNF260,paleturquoise
ZNF281,paleturquoise
ZNF282,paleturquoise
ZNF284,paleturquoise
ZNF318,paleturquoise
ZNF345,paleturquoise
ZNF350,paleturquoise
ZNF382,paleturquoise
ZNF385D,paleturquoise
ZNF407,paleturquoise
ZNF426,paleturquoise
ZNF45,paleturquoise
ZNF460,paleturquoise
ZNF493,paleturquoise
ZNF498,paleturquoise
ZNF503,paleturquoise
ZNF527,paleturquoise
ZNF564,paleturquoise
ZNF566,paleturquoise
ZNF567,paleturquoise
ZNF572,paleturquoise
ZNF583,paleturquoise
ZNF621,paleturquoise
ZNF642,paleturquoise
ZNF643,paleturquoise
ZNF644,paleturquoise
ZNF667,paleturquoise
ZNF668,paleturquoise
ZNF681,paleturquoise
ZNF707,paleturquoise
ZNF740,paleturquoise
ZNF75A,paleturquoise
ZNF761,paleturquoise
ZNF772,paleturquoise
ZNF784,paleturquoise
ZNF804B,paleturquoise
ZNF827,paleturquoise
ZNF828,paleturquoise
ZNF84,paleturquoise
ZNF843,paleturquoise
ZNHIT2,paleturquoise
ZNRD1,paleturquoise
ZNRF1,paleturquoise
ZRANB2-AS2,paleturquoise
ZSCAN18,paleturquoise
ZSCAN20,paleturquoise
ZSCAN26,paleturquoise
A2BP1,pink
AATK,pink
ABCA13,pink
ABCA7,pink
ABCC13,pink
ABCF3,pink
ABHD14B,pink
ABHD2,pink
ABI3BP,pink
ACAA2,pink
ACAD9,pink
ACAP1,pink
ACBD5,pink
ACBD7,pink
ACCN2,pink
ACER2,pink
ACOT7,pink
ACTN1,pink
ACTR10,pink
ACVR2A,pink
ADAM22,pink
ADAMTS12,pink
ADAMTS16,pink
ADAMTS2,pink
ADAMTSL4,pink
ADCY6,pink
ADO,pink
AEN,pink
AFAP1,pink
AFF3,pink
AGAP2,pink
AGAP3,pink
AGPAT1,pink
AGTPBP1,pink
AHCYL2,pink
AHNAK,pink
AHNAK2,pink
AHR,pink
AIRE,pink
AJAP1,pink
AKAP13,pink
AKAP6,pink
AKIRIN2,pink
ALDH16A1,pink
ALG14,pink
ALK,pink
ALOX5,pink
AMACR,pink
AMZ2,pink
ANGPT2,pink
ANK1,pink
ANK3,pink
ANKHD1,pink
ANKLE2,pink
ANKRD11,pink
ANKRD13A,pink
ANKRD13B,pink
ANKRD26,pink
ANKRD42,pink
ANKRD55,pink
ANKRD6,pink
ANKS1A,pink
ANO2,pink
AP1M2,pink
APBB2,pink
APLP2,pink
ARAP1,pink
ARFGAP2,pink
ARFIP1,pink
ARHGAP24,pink
ARHGAP31-AS1,pink
ARHGEF10,pink
ARHGEF17,pink
ARHGEF2,pink
ARHGEF39,pink
ARID1A,pink
ARID5B,pink
ARL15,pink
ARL5B,pink
ARMC3,pink
ARMC5,pink
ARNT2,pink
ARPM1,pink
ARRDC4,pink
ARSG,pink
ARSK,pink
AS3MT,pink
ASAP2,pink
ASB1,pink
ASB4,pink
ASCC3,pink
ASPH,pink
ASTN2,pink
ASUN,pink
ASXL3,pink
ATAD1,pink
ATE1,pink
ATF7,pink
ATF7IP,pink
ATG12,pink
ATG16L2,pink
ATG2A,pink
ATG7,pink
ATL1,pink
ATOH7,pink
ATP2A3,pink
ATP5B,pink
ATP5SL,pink
ATP6V1A,pink
ATP6V1B2,pink
ATP6V1C2,pink
ATPAF1,pink
ATXN1,pink
ATXN3,pink
AUTS2,pink
B2M,pink
BACH2,pink
BAP1,pink
BARHL1,pink
BAT2,pink
BCAS3,pink
BCL11A,pink
BCL11B,pink
BCL2,pink
BCL2L1,pink
BCL2L11,pink
BCL2L14,pink
BCL6,pink
BCO2,pink
BEND6,pink
BHLHE40,pink
BICD1,pink
BIRC6,pink
BLOC1S1,pink
BMPR1B,pink
BMS1P1,pink
BOD1L1,pink
BOLL,pink
BPNT1,pink
BRD2,pink
BRD3,pink
BRD8,pink
BRI3,pink
BRI3BP,pink
BRMS1,pink
BRMS1L,pink
BTBD10,pink
BTBD11,pink
BTBD7,pink
BTF3,pink
BTG4,pink
BZW2,pink
C10ORF107,pink
C10ORF11,pink
C10ORF26,pink
C10ORF4,pink
C10ORF93,pink
C11ORF24,pink
C11ORF30,pink
C11ORF57,pink
C11ORF60,pink
C11ORF82,pink
C11ORF90,pink
C11ORF91,pink
C11ORF95,pink
C12ORF29,pink
C14ORF118,pink
C14ORF23,pink
C14ORF43,pink
C14ORF73,pink
C15ORF41,pink
C15ORF61,pink
C16ORF45,pink
C16ORF72,pink
C17ORF57,pink
C18ORF21,pink
C18ORF54,pink
C19ORF20,pink
C19ORF22,pink
C19ORF40,pink
C19ORF41,pink
C1GALT1,pink
C1ORF125,pink
C1ORF174,pink
C1ORF183,pink
C1ORF21,pink
C1ORF85,pink
C1ORF86,pink
C1QTNF5,pink
C1RL,pink
C20ORF132,pink
C20ORF194,pink
C20ORF4,pink
C20ORF96,pink
C21ORF130,pink
C21ORF91,pink
C22ORF34,pink
C22ORF9,pink
C2CD2L,pink
C2ORF3,pink
C2ORF55,pink
C2ORF73,pink
C2ORF74,pink
C2ORF86,pink
C3ORF25,pink
C4ORF3,pink
C5ORF28,pink
C6ORF115,pink
C6ORF136,pink
C6ORF147,pink
C6ORF150,pink
C7ORF30,pink
C7ORF38,pink
C7ORF47,pink
C7ORF49,pink
C7ORF50,pink
C8ORF31,pink
C8ORF73,pink
C9ORF109,pink
C9ORF25,pink
C9ORF68,pink
CA3,pink
CABLES2,pink
CACNB4,pink
CACNG2,pink
CACNG3,pink
CACNG4,pink
CADM2,pink
CADM4,pink
CADPS2,pink
CALD1,pink
CAMK1D,pink
CAMSAP1L1,pink
CAP1,pink
CARHSP1,pink
CARS,pink
CASP9,pink
CAT,pink
CCDC107,pink
CCDC125,pink
CCDC126,pink
CCDC136,pink
CCDC149,pink
CCDC158,pink
CCDC180,pink
CCDC66,pink
CCDC67,pink
CCDC70,pink
CCDC80,pink
CCK,pink
CCKBR,pink
CCNB2,pink
CCNDBP1,pink
CCNG2,pink
CCNYL1,pink
CCT8,pink
CD34,pink
CD9,pink
CDADC1,pink
CDC2,pink
CDC25C,pink
CDH1,pink
CDH13,pink
CDH23,pink
CDH4,pink
CDH9,pink
CDIP1,pink
CDK14,pink
CDK17,pink
CDK2AP2,pink
CDK5,pink
CDK6,pink
CDRT4,pink
CEBPZ,pink
CELF2-AS1,pink
CERS6,pink
CFAP74,pink
CHD4,pink
CHERP,pink
CHFR,pink
CHGA,pink
CHID1,pink
CHKA,pink
CHMP1B,pink
CHRND,pink
CHSY3,pink
CIB4,pink
CIZ1,pink
CKAP2,pink
CKAP4,pink
CLASP2,pink
CLCN6,pink
CLDN10,pink
CLDND2,pink
CLIC4,pink
CLK1,pink
CLK4,pink
CLN5,pink
CLNK,pink
CLU,pink
CLVS1,pink
CLVS2,pink
CNDP2,pink
CNGB3,pink
CNST,pink
CNTN2,pink
CNTN4,pink
CNTNAP2,pink
COBL,pink
COL11A2,pink
COL23A1,pink
COL5A2,pink
COMTD1,pink
COQ2,pink
COQ6,pink
COQ9,pink
CORO1B,pink
CORO7-PAM16,pink
COX4NB,pink
COX6A2,pink
COX6B1,pink
COX7A2,pink
COX7A2L,pink
CP,pink
CPEB4,pink
CPLX2,pink
CPM,pink
CPNE2,pink
CPVL,pink
CR1L,pink
CRADD,pink
CREB5,pink
CS,pink
CSDE1,pink
CSMD1,pink
CSMD2,pink
CSRNP3,pink
CTBP2,pink
CTNNA3,pink
CTNNB1,pink
CTNND2,pink
CUGBP2,pink
CWC22,pink
CXCL3,pink
CYB5B,pink
CYB5R4,pink
CYBRD1,pink
CYP19A1,pink
CYP26A1,pink
CYP26B1,pink
CYP39A1,pink
CYTH1,pink
DAB2IP,pink
DACH1,pink
DACT3,pink
DAPL1,pink
DAXX,pink
DBNDD1,pink
DCAF4,pink
DCAKD,pink
DCC,pink
DCDC1,pink
DCTN4,pink
DCUN1D5,pink
DDAH2,pink
DDB1,pink
DDB2,pink
DDHD2,pink
DDIAS,pink
DDR1,pink
DDX5,pink
DDX50,pink
DEPTOR,pink
DFFB,pink
DFNB31,pink
DHDDS,pink
DHH,pink
DHODH,pink
DHX57,pink
DIDO1,pink
DIP2B,pink
DIP2C,pink
DKK3,pink
DKKL1,pink
DLC1,pink
DLEU1,pink
DLG2,pink
DLGAP1,pink
DLGAP1-AS1,pink
DMAP1,pink
DNAI2,pink
DNAJB5,pink
DNAJC10,pink
DNAJC15,pink
DNAJC2,pink
DNAJC28,pink
DNER,pink
DNM3,pink
DNTTIP2,pink
DOCK1,pink
DOCK9,pink
DPF1,pink
DPPA3,pink
DRG1,pink
DSCAML1,pink
DSCR3,pink
DSTYK,pink
DTNA,pink
DTX4,pink
DUSP19,pink
DYNC1LI1,pink
DYNC2H1,pink
DYNLL2,pink
DYNLRB1,pink
EBF1,pink
ECHS1,pink
EDARADD,pink
EDEM2,pink
EDN1,pink
EEA1,pink
EFCAB11,pink
EFHC1,pink
EFNA3,pink
EFR3A,pink
EGFR,pink
EIF2AK4,pink
EIF2C3,pink
EIF3E,pink
EIF3H,pink
EIF4E,pink
EIF4EBP2,pink
EIF4G3,pink
EIF5A,pink
ELOF1,pink
ELOVL6,pink
ELP2P,pink
EML3,pink
EML6,pink
EMX2,pink
EMX2OS,pink
ENTPD1-AS1,pink
ENTPD2,pink
EPDR1,pink
EPHA10,pink
EPHB1,pink
EPN2,pink
EPN2-AS1,pink
EPRS,pink
ERAP1,pink
ERBB4,pink
ERC1,pink
ESCO2,pink
ESR1,pink
ESRRG,pink
ETFA,pink
ETS2,pink
EXO1,pink
EXOC1,pink
EXOSC2,pink
EXPH5,pink
EYA4,pink
EZH2,pink
F13A1,pink
FAAP20,pink
FABP6,pink
FADS2,pink
FAM100A,pink
FAM102A,pink
FAM102B,pink
FAM107B,pink
FAM114A1,pink
FAM118A,pink
FAM120AOS,pink
FAM132B,pink
FAM13C,pink
FAM150B,pink
FAM178B,pink
FAM190B,pink
FAM196A,pink
FAM19A2,pink
FAM19A4,pink
FAM214A,pink
FAM47E,pink
FAM55C,pink
FAM60A,pink
FAM69A,pink
FAM83D,pink
FAM96B,pink
FANCA,pink
FANCE,pink
FARSB,pink
FBXO28,pink
FBXO33,pink
FBXO8,pink
FCHSD1,pink
FDFT1,pink
FDX1L,pink
FEM1B,pink
FEZ1,pink
FEZ2,pink
FGD4,pink
FGF14,pink
FGF18,pink
FGF19,pink
FGFBP3,pink
FGR,pink
FHOD1,pink
FIS1,pink
FKBP11,pink
FKBPL,pink
FLG-AS1,pink
FLJ22536,pink
FLJ41603,pink
FLJ43663,pink
FLRT2,pink
FMNL3,pink
FNDC4,pink
FNDC8,pink
FOLH1,pink
FOSL2,pink
FOXI2,pink
FOXO3,pink
FOXP2,pink
FOXRED2,pink
FRAT1,pink
FREQ,pink
FRMD4A,pink
FRY,pink
FTH1,pink
FTO,pink
FURIN,pink
FUT9,pink
FXR1,pink
FXYD6,pink
FYCO1,pink
G2E3,pink
G3BP2,pink
GABPB2,pink
GABRA1,pink
GABRA5,pink
GABRG1,pink
GABRG2,pink
GAD1,pink
GAK,pink
GAL3ST2,pink
GALNT9,pink
GALR1,pink
GALT,pink
GANC,pink
GAP43,pink
GAPDHS,pink
GARNL3,pink
GARS,pink
GAS2,pink
GATAD2A,pink
GATAD2B,pink
GCA,pink
GCLC,pink
GCNT2,pink
GDA,pink
GDAP1L1,pink
GDF10,pink
GDF9,pink
GDPD1,pink
GEMIN5,pink
GEN1,pink
GFOD2,pink
GFRA2,pink
GGA1,pink
GINS3,pink
GK5,pink
GLIPR1L1,pink
GLIPR1L2,pink
GLT1D1,pink
GLT25D2,pink
GLT8D1,pink
GM2A,pink
GMDS,pink
GMPPA,pink
GMPR,pink
GMPS,pink
GNA11,pink
GNA12,pink
GNA13,pink
GNAO1,pink
GNB2L1,pink
GNG7,pink
GNPNAT1,pink
GOLGA1,pink
GOSR2,pink
GPATCH2,pink
GPD1L,pink
GPER1,pink
GPLD1,pink
GPM6A,pink
GPR123,pink
GPR124,pink
GPR133,pink
GPR146,pink
GPR180,pink
GPT2,pink
GPX8,pink
GRAMD1B,pink
GRB10,pink
GRHL3,pink
GRIA4,pink
GRID1,pink
GRID2,pink
GRID2IP,pink
GRIK2,pink
GRM3,pink
GRM8,pink
GRPEL1,pink
GSDMD,pink
GSK3A,pink
GSPT1,pink
GSTK1,pink
GSTZ1,pink
GTF2E2,pink
GTF2H1,pink
GTPBP1,pink
GTPBP10,pink
GTPBP2,pink
GUK1,pink
GXYLT1,pink
GYG1,pink
GYLTL1B,pink
H1FX,pink
H2AFY,pink
H2AFY2,pink
H3F3C,pink
HABP4,pink
HAPLN1,pink
HAS3,pink
HAX1,pink
HCCA2,pink
HCFC2,pink
HCG4P6,pink
HDAC4,pink
HECW1,pink
HEG1,pink
HELLS,pink
HES5,pink
HEXIM1,pink
HEYL,pink
HFE,pink
HFM1,pink
HIPK2,pink
HIST1H2BH,pink
HIST1H3E,pink
HIST1H3G,pink
HIST1H3I,pink
HIST1H4E,pink
HIST2H2AC,pink
HIST4H4,pink
HKR1,pink
HLA-B,pink
HLA-DPB1,pink
HLA-DPB2,pink
HLA-DRB6,pink
HLF,pink
HLTF-AS1,pink
HMGA1,pink
HMHA1,pink
HNRNPA1,pink
HNRNPD,pink
HNRNPF,pink
HNRNPH1,pink
HNRNPH3,pink
HNRNPM,pink
HNRPA1L-2,pink
HOXA3,pink
HOXA4,pink
HOXA5,pink
HOXB-AS1,pink
HOXB1,pink
HOXD1,pink
HPS6,pink
HRNBP3,pink
HS2ST1,pink
HSD17B8,pink
HSPA1A,pink
HSPA2,pink
HSPA8,pink
HSPC072,pink
HTR5A-AS1,pink
HTR6,pink
HYDIN,pink
IBTK,pink
ICAM5,pink
IFI27L2,pink
IFI30,pink
IFITM2,pink
IFT140,pink
IFT172,pink
IFT57,pink
IGF1R,pink
IGF2AS,pink
IGSF3,pink
IL17D,pink
IL1RL2,pink
IL7,pink
ILF2,pink
INADL,pink
INPP5A,pink
INPP5J,pink
IPO11,pink
IQCA1,pink
IQCC,pink
IQCH-AS1,pink
IRAK4,pink
IRF2BPL,pink
IST1,pink
ISY1,pink
ITGB5,pink
ITPR1,pink
ITSN1,pink
JAM3,pink
JARID2,pink
JAZF1,pink
JDP2,pink
KANK1,pink
KAT5,pink
KATNB1,pink
KAZN,pink
KBTBD11,pink
KBTBD11-OT1,pink
KBTBD2,pink
KCNAB1,pink
KCNAB3,pink
KCNC3,pink
KCNG2,pink
KCNH3,pink
KCNIP4,pink
KCNJ10,pink
KCNK10,pink
KCNN2,pink
KCNN3,pink
KCNQ1DN,pink
KCNT1,pink
KCTD11,pink
KCTD14,pink
KCTD5,pink
KCTD8,pink
KDELR1,pink
KDM1B,pink
KDM2A,pink
KDM2B,pink
KDM4A-AS1,pink
KDM4B,pink
KDM5B,pink
KHDRBS2,pink
KIAA0226,pink
KIAA0415,pink
KIAA0586,pink
KIAA0947,pink
KIAA1026,pink
KIAA1143,pink
KIAA1217,pink
KIAA1370,pink
KIAA1522,pink
KIAA1530,pink
KIAA1586,pink
KIAA1712,pink
KIAA1908,pink
KIAA1919,pink
KIAA1967,pink
KIF21A,pink
KIF21B,pink
KIF26A,pink
KIRREL3,pink
KLF13,pink
KLF7,pink
KLHDC2,pink
KLHDC9,pink
KLHL12,pink
KLHL24,pink
KLHL26,pink
KLHL31,pink
KLHL35,pink
KMT2E,pink
KRCC1,pink
KRR1,pink
KTELC1,pink
LAMA1,pink
LAMP1,pink
LANCL2,pink
LAPTM4A,pink
LASS5,pink
LDLRAD4,pink
LEAP2,pink
LGALS3BP,pink
LGI1,pink
LGMN,pink
LHFP,pink
LHFPL5,pink
LIG3,pink
LIN28,pink
LIN54,pink
LINC00354,pink
LINC00673,pink
LINC00907,pink
LINC01250,pink
LINC01327,pink
LINC01358,pink
LINC01363,pink
LINC01445,pink
LINC01448,pink
LINC01470,pink
LINC01504,pink
LIPT1,pink
LMBR1L,pink
LMLN,pink
LMO2,pink
LMO3,pink
LOC100128164,pink
LOC100130522,pink
LOC100270746,pink
LOC100287015,pink
LOC100302652,pink
LOC100419583,pink
LOC101927157,pink
LOC101927421,pink
LOC101928386,pink
LOC101928973,pink
LOC102723385,pink
LOC105274304,pink
LOC134466,pink
LOC148696,pink
LOC283575,pink
LOC284632,pink
LOC285550,pink
LOC338799,pink
LOC389332,pink
LOC389333,pink
LOC391322,pink
LOC399959,pink
LOC400027,pink
LOC400794,pink
LOC400940,pink
LOC401320,pink
LOC401463,pink
LOC404266,pink
LOC552889,pink
LOC642597,pink
LOC645323,pink
LOC646405,pink
LOC653113,pink
LOC728392,pink
LOC93432,pink
LPHN2,pink
LRBA,pink
LRP11,pink
LRP2,pink
LRRC14,pink
LRRC14B,pink
LRRC27,pink
LRRC4C,pink
LRRC57,pink
LRRC8C,pink
LSM4,pink
LSP1,pink
LSS,pink
LUC7L,pink
LUM,pink
LVRN,pink
LY6G5C,pink
LYRM4,pink
M6PR,pink
MACF1,pink
MAD1L1,pink
MAEA,pink
MALAT1,pink
MAP1LC3B,pink
MAP2K7,pink
MAP3K3,pink
MAP4K1,pink
MAP4K3,pink
MAP4K4,pink
MAPK10,pink
MAPKAP1,pink
MAPKAPK3,pink
MAPRE1,pink
MAR-01,pink
MAR-11,pink
MARCKSL1,pink
MARVELD2,pink
MAST4,pink
MATN2,pink
MB,pink
MBLAC1,pink
MBP,pink
MCF2L,pink
MCF2L2,pink
MDGA1,pink
MEAF6,pink
MECOM,pink
MED22,pink
MEIS2,pink
MELK,pink
MEST,pink
METT10D,pink
METTL10,pink
METTL13,pink
METTL7A,pink
MGAT4C,pink
MGMT,pink
MGST1,pink
MIA3,pink
MICU1,pink
MIR129-2,pink
MIR2861,pink
MIR548AI,pink
MIR572,pink
MIR574,pink
MIR638,pink
MLH1,pink
MLL2,pink
MMP16,pink
MON1B,pink
MOV10L1,pink
MPP2,pink
MPP6,pink
MPZL1,pink
MRI1,pink
MRPL16,pink
MRPL28,pink
MRPS27,pink
MSC,pink
MSL2,pink
MSRA,pink
MT1M,pink
MTDH,pink
MTFR1,pink
MTHFD2L,pink
MTIF3,pink
MTL5,pink
MTMR3,pink
MTMR9,pink
MTO1,pink
MTRF1,pink
MTRF1L,pink
MYADM,pink
MYH11,pink
MYH9,pink
MYL12A,pink
MYL12B,pink
MYL6,pink
MYLIP,pink
MYLK,pink
MYO10,pink
MYO15B,pink
MYO16,pink
MYO18B,pink
MYO19,pink
MYO1D,pink
MYO6,pink
MYO7A,pink
NAA15,pink
NAA16,pink
NAA25,pink
NAALAD2,pink
NACAD,pink
NADSYN1,pink
NBEAL1,pink
NCALD,pink
NCAPD3,pink
NCDN,pink
NCOA2,pink
NCRNA00116,pink
NCRNA00169,pink
NCRNA00188,pink
NDRG4,pink
NDST3,pink
NDUFA4L2,pink
NDUFA5,pink
NDUFA7,pink
NDUFAF2,pink
NDUFB3,pink
NDUFC2,pink
NDUFS2,pink
NDUFS3,pink
NEDD4,pink
NEFM,pink
NEK1,pink
NELFA,pink
NEMP1,pink
NENF,pink
NEU1,pink
NEUROD1,pink
NFASC,pink
NFATC1,pink
NFE2L1,pink
NFE2L2,pink
NFIA,pink
NFIB,pink
NFIC,pink
NFIL3,pink
NFIX,pink
NFKBIA,pink
NFKBIZ,pink
NFU1,pink
NFYC,pink
NGLY1,pink
NHEG1,pink
NHSL1,pink
NID2,pink
NINJ1,pink
NINL,pink
NIPA1,pink
NIPA2,pink
NKX2-1,pink
NKX2-2,pink
NLRX1,pink
NMNAT3,pink
NMU,pink
NOL4,pink
NOM1,pink
NOP10,pink
NOP9,pink
NOVA1,pink
NOX4,pink
NPAS3,pink
NPFFR2,pink
NPHP4,pink
NPHS1,pink
NPLOC4,pink
NPM1,pink
NPY5R,pink
NR1I2,pink
NR2C1,pink
NR3C1,pink
NR3C2,pink
NR5A1,pink
NRD1,pink
NREP,pink
NRIP2,pink
NRP2,pink
NSUN4,pink
NSUN5,pink
NTF3,pink
NUAK1,pink
NUBP1,pink
NUDT15,pink
NUDT3,pink
NUDT6,pink
NUF2,pink
NUP160,pink
NUP205,pink
NUP35,pink
NUP62,pink
NXF1,pink
OBFC2B,pink
OCLN,pink
OGFR,pink
OLFM3,pink
OLFML2B,pink
ONECUT2,pink
ORAI2,pink
OSBPL10,pink
OSR1,pink
OTUD4,pink
OTX1,pink
OTX2,pink
OVCA2,pink
OXCT1,pink
OXGR1,pink
P2RX5-TAX1BP3,pink
PABPC4,pink
PACS2,pink
PACSIN1,pink
PALMD,pink
PAM16,pink
PANK4,pink
PAQR4,pink
PARD6A,pink
PARK2,pink
PARK7,pink
PARP2,pink
PBX2,pink
PCBP4,pink
PCDH1,pink
PCDHA2,pink
PCDHAC2,pink
PCDHB18,pink
PCF11,pink
PCGF3,pink
PCMT1,pink
PCNA,pink
PCNXL3,pink
PCSK9,pink
PDCD4,pink
PDE1A,pink
PDE2A,pink
PDE4D,pink
PDGFD,pink
PDGFRL,pink
PDIA3,pink
PDIA4,pink
PDIA6,pink
PDIK1L,pink
PDLIM5,pink
PDZD2,pink
PEAK1,pink
PEBP1,pink
PEBP4,pink
PECR,pink
PEPD,pink
PER3,pink
PET117,pink
PEX5L,pink
PEX6,pink
PFDN6,pink
PFKP,pink
PFN3,pink
PGAM1,pink
PGAP2,pink
PGBD1,pink
PGGT1B,pink
PHACTR4,pink
PHB,pink
PHC2,pink
PHF14,pink
PHYHIPL,pink
PI4K2A,pink
PIGF,pink
PIK3CA,pink
PIK3CD-AS1,pink
PIK3R4,pink
PIP5KL1,pink
PKD1L2,pink
PKN2,pink
PLA2G12A,pink
PLA2G6,pink
PLAC8L1,pink
PLAUR,pink
PLCB1,pink
PLCXD3,pink
PLD1,pink
PLD5,pink
PLD6,pink
PLEKHA5,pink
PLIN5,pink
PLLP,pink
PLOD2,pink
PLSCR2,pink
PLXDC2,pink
PLXNA4,pink
PLXNC1,pink
PMP2,pink
PNKD,pink
PNMAL2,pink
PNP,pink
PNPLA7,pink
POLA2,pink
POLR2C,pink
POLR2K,pink
POLR3B,pink
POLR3D,pink
POLR3G,pink
PON1,pink
POU4F1,pink
POU6F2,pink
PPARGC1A,pink
PPIC,pink
PPIE,pink
PPIH,pink
PPM1B,pink
PPM1H,pink
PPP1CC,pink
PPP1R10,pink
PPP1R11,pink
PPP1R12A,pink
PPP1R18,pink
PPP1R42,pink
PPP2R5D,pink
PPP3R1,pink
PPP5D1,pink
PQLC3,pink
PRAGMIN,pink
PRDM16,pink
PRDM2,pink
PRDM8,pink
PRDX1,pink
PRDX3,pink
PRDX5,pink
PREPL,pink
PRHOXNB,pink
PRICKLE2,pink
PRIMA1,pink
PRKAB1,pink
PRKACB,pink
PRKAG1,pink
PRKAG2,pink
PRKCSH,pink
PRKCZ,pink
PRKG1,pink
PRLHR,pink
PRPF19,pink
PRPF39,pink
PRR13,pink
PRR15,pink
PRR3,pink
PRRX1,pink
PRUNE2,pink
PSD3,pink
PSMA4,pink
PSMB9,pink
PSMC6,pink
PSMD5,pink
PSPH,pink
PTAR1,pink
PTEN,pink
PTGDS,pink
PTGFR,pink
PTK6,pink
PTPN13,pink
PTPN14,pink
PTPN2,pink
PTPRN,pink
PTPRN2,pink
PTPRS,pink
PTPRU,pink
PTS,pink
PURG,pink
PUS7L,pink
PXDNL,pink
PYCRL,pink
QDPR,pink
QKI,pink
R3HDM1,pink
RAB10,pink
RAB3C,pink
RABGGTA,pink
RAD23B,pink
RAD51B,pink
RAD51L3,pink
RAD54B,pink
RALGAPA1,pink
RALGAPA2,pink
RAP1A,pink
RASAL2,pink
RASGEF1C,pink
RASGRF1,pink
RASSF4,pink
RAVER1,pink
RBFA,pink
RBM39,pink
RBM45,pink
RBMXL2,pink
RBPMS2,pink
RCSD1,pink
REC8,pink
REM2,pink
RERE,pink
REXO2,pink
RFTN2,pink
RFWD2,pink
RFX4,pink
RFXAP,pink
RG9MTD1,pink
RGL1,pink
RGL2,pink
RGMB-AS1,pink
RGS17,pink
RGS3,pink
RGS4,pink
RGS6,pink
RHBDD1,pink
RHOB,pink
RHOJ,pink
RHOT1,pink
RICS,pink
RIMS2,pink
RIN3,pink
RLTPR,pink
RMI2,pink
RNASEH1,pink
RNF126P1,pink
RNF13,pink
RNF135,pink
RNF144A,pink
RNF145,pink
RNF160,pink
RNF217,pink
RNF219,pink
RNF220,pink
RNF39,pink
RNF41,pink
RNF6,pink
RNFT2,pink
RNH1,pink
RP9P,pink
RPH3AL,pink
RPL29,pink
RPL3,pink
RPL32P3,pink
RPL37,pink
RPRM,pink
RPS12,pink
RPS14,pink
RPS15A,pink
RPS25,pink
RPS27A,pink
RPS6KA1,pink
RPS6KA5,pink
RPTOR,pink
RPUSD4,pink
RSBN1,pink
RSPO2,pink
RSPO3,pink
RSPO4,pink
RTN1,pink
RUFY3,pink
RUNX1,pink
RUNX2,pink
RUSC1-AS1,pink
RUSC2,pink
RXRG,pink
RYR2,pink
SAC3D1,pink
SAPS3,pink
SARM1,pink
SATB1,pink
SCIN,pink
SCN2A,pink
SCOC,pink
SCP2,pink
SCUBE3,pink
SDCBP2,pink
SDCCAG1,pink
SDHA,pink
SEC11A,pink
SEC22C,pink
SEC23B,pink
SEC23IP,pink
SEC24A,pink
SEC61A1,pink
SEL1L3,pink
SEMA3E,pink
SEMA5B,pink
SEP-08,pink
SEP-10,pink
SEPHS1,pink
SERPINB6,pink
SETD1B,pink
SETD9,pink
SETMAR,pink
SETX,pink
SEZ6L,pink
SFI1,pink
SFRP4,pink
SFRS5,pink
SFSWAP,pink
SFXN4,pink
SGCD,pink
SGK1,pink
SGK223,pink
SGMS1,pink
SGSH,pink
SH2D3A,pink
SHANK2,pink
SHB,pink
SHISA2,pink
SHQ1,pink
SHROOM3,pink
SIDT2,pink
SIGLEC15,pink
SIP1,pink
SIPA1,pink
SIPA1L1,pink
SIVA1,pink
SKAP1,pink
SKAP2,pink
SKIL,pink
SLBP,pink
SLC15A2,pink
SLC16A9,pink
SLC17A8,pink
SLC1A1,pink
SLC1A2,pink
SLC1A3,pink
SLC22A5,pink
SLC23A2,pink
SLC25A18,pink
SLC25A24,pink
SLC25A25,pink
SLC25A28,pink
SLC25A3,pink
SLC25A30,pink
SLC2A5,pink
SLC2A9,pink
SLC30A7,pink
SLC32A1,pink
SLC35E4,pink
SLC38A10,pink
SLC38A4,pink
SLC39A8,pink
SLC43A1,pink
SLC44A2,pink
SLC46A2,pink
SLC6A1,pink
SLC6A12,pink
SLC6A15,pink
SLC7A2,pink
SLC7A7,pink
SLC9A10,pink
SLC9B1,pink
SLIT1,pink
SLITRK3,pink
SMARCAD1,pink
SMARCB1,pink
SMARCD2,pink
SMARCD3,pink
SMURF1,pink
SMYD3,pink
SNCA,pink
SNCB,pink
SNHG16,pink
SNHG3,pink
SNIP1,pink
SNORD54,pink
SNORD58A,pink
SNRNP48,pink
SNRPB2,pink
SNRPF,pink
SNX1,pink
SNX19,pink
SNX21,pink
SNX27,pink
SNX29,pink
SOGA3,pink
SORT1,pink
SOX18,pink
SOX2-OT,pink
SOX2OT,pink
SOX5,pink
SOX8,pink
SOX9,pink
SP110,pink
SPAG1,pink
SPAG16,pink
SPAG9,pink
SPATA2,pink
SPATA5L1,pink
SPECC1,pink
SPEM1,pink
SPTBN1,pink
SRD5A2,pink
SRFBP1,pink
SRGAP3,pink
SRI,pink
SRP9,pink
SSTR4,pink
SSU72,pink
ST6GALNAC3,pink
STAB2,pink
STARD13,pink
STARD9,pink
STAT1,pink
STAT3,pink
STAU2,pink
STK31,pink
STK33,pink
STMN4,pink
STPG1,pink
STRA6,pink
STX7,pink
STXBP1,pink
SUFU,pink
SULT2B1,pink
SUNC1,pink
SUV420H2,pink
SV2C,pink
SVEP1,pink
SVIL,pink
SYN3,pink
SYPL2,pink
SYT15,pink
SYTL2,pink
TACC2,pink
TACR3,pink
TAF1A-AS1,pink
TAF6,pink
TAGAP,pink
TAPBPL,pink
TARBP2,pink
TAS1R1,pink
TAS2R5,pink
TAX1BP1,pink
TBC1D1,pink
TBC1D14,pink
TBC1D19,pink
TBC1D5,pink
TBPL1,pink
TBPL2,pink
TBX1,pink
TCEA1,pink
TCF4,pink
TCP11,pink
TCTA,pink
TCTN3,pink
TDRD5,pink
TEAD4,pink
TERF1,pink
TESSP1,pink
TET3,pink
TEX14,pink
TEX261,pink
TFB2M,pink
TFCP2,pink
TFDP1,pink
TFEB,pink
THAP10,pink
THBS2,pink
THEGL,pink
THG1L,pink
TIAM1,pink
TICAM2,pink
TIFA,pink
TIMP4,pink
TJAP1,pink
TLR6,pink
TMCC1,pink
TMEM102,pink
TMEM106B,pink
TMEM106C,pink
TMEM110,pink
TMEM145,pink
TMEM154,pink
TMEM17,pink
TMEM176B,pink
TMEM184B,pink
TMEM218,pink
TMEM237,pink
TMEM38B,pink
TMEM5,pink
TMEM55B,pink
TMEM93,pink
TMEM99,pink
TMPRSS11A,pink
TMPRSS6,pink
TMTC3,pink
TNF,pink
TNFAIP8,pink
TNFRSF1B,pink
TNKS2,pink
TNRC6C,pink
TNXB,pink
TOX4,pink
TP53,pink
TP53I13,pink
TPD52,pink
TPRN,pink
TPST2,pink
TRABD2B,pink
TRAF3IP2,pink
TRAM2,pink
TRAPPC12,pink
TRERF1,pink
TREX1,pink
TRIM13,pink
TRIM2,pink
TRIM31,pink
TRIM39,pink
TRIM44,pink
TRIM56,pink
TRIM9,pink
TRIO,pink
TRIOBP,pink
TRIP4,pink
TRPC4,pink
TRPC6,pink
TRPS1,pink
TRPV3,pink
TRUB1,pink
TSEN15,pink
TSGA14,pink
TSHR,pink
TSHZ2,pink
TSN,pink
TSPAN5,pink
TTC22,pink
TTC23,pink
TTC29,pink
TTC30B,pink
TTC36,pink
TTC39C,pink
TTC7A,pink
TTC9,pink
TTF2,pink
TTI2,pink
TTLL9,pink
TTYH2,pink
TTYH3,pink
TUBA1A,pink
TXNIP,pink
UBE2E1,pink
UBE2E2,pink
UBE2Q2,pink
UBE2QL1,pink
UBE2V1,pink
UBE3A,pink
UBL7,pink
UBR2,pink
UCHL5,pink
UFSP1,pink
UNC45A,pink
UNC93A,pink
UQCRFS1,pink
URB1,pink
URB1-AS1,pink
URB2,pink
USP33,pink
USP37,pink
USP42,pink
USP43,pink
USP47,pink
USP54,pink
UTP11L,pink
UTP6,pink
VAV2,pink
VCP,pink
VEPH1,pink
VLDLR,pink
VNN3,pink
VPS45,pink
VPS53,pink
VRK2,pink
WASF3,pink
WBSCR27,pink
WDFY4,pink
WDR31,pink
WDR35,pink
WDR41,pink
WDR46,pink
WDR60,pink
WDR69,pink
WHAMM,pink
WHSC1,pink
WNK1,pink
WNT5A,pink
WWC1,pink
XPNPEP1,pink
XRCC4,pink
XXYLT1,pink
YAP1,pink
YIPF4,pink
YLPM1,pink
YWHAQ,pink
YWHAZ,pink
YY1,pink
ZAP70,pink
ZBTB10,pink
ZBTB12,pink
ZBTB14,pink
ZBTB20,pink
ZBTB20-AS1,pink
ZBTB41,pink
ZBTB46,pink
ZC2HC1C,pink
ZCCHC17,pink
ZDHHC5,pink
ZEB2,pink
ZFAND3,pink
ZFC3H1,pink
ZFHX3,pink
ZFP14,pink
ZFPL1,pink
ZHX2,pink
ZKSCAN5,pink
ZMYND11,pink
ZMYND8,pink
ZNF12,pink
ZNF148,pink
ZNF16,pink
ZNF165,pink
ZNF205,pink
ZNF225,pink
ZNF232,pink
ZNF257,pink
ZNF26,pink
ZNF266,pink
ZNF292,pink
ZNF30,pink
ZNF330,pink
ZNF331,pink
ZNF333,pink
ZNF33A,pink
ZNF345,pink
ZNF35,pink
ZNF354B,pink
ZNF385A,pink
ZNF385B,pink
ZNF385D,pink
ZNF389,pink
ZNF395,pink
ZNF444,pink
ZNF462,pink
ZNF498,pink
ZNF502,pink
ZNF532,pink
ZNF536,pink
ZNF554,pink
ZNF561,pink
ZNF567,pink
ZNF575,pink
ZNF599,pink
ZNF600,pink
ZNF608,pink
ZNF609,pink
ZNF639,pink
ZNF649,pink
ZNF672,pink
ZNF696,pink
ZNF697,pink
ZNF709,pink
ZNF767,pink
ZNF83,pink
ZNF835,pink
ZNF839,pink
ZNF84,pink
ZNF880,pink
ZNF98,pink
ZNHIT2,pink
ZNRF1,pink
ZRANB1,pink
ZSCAN2,pink
ZUFSP,pink
ABCB6,purple
ABCB9,purple
ABHD15,purple
ABLIM1,purple
ACACA,purple
ACAD9,purple
ACSS1,purple
ACTN3,purple
ADA,purple
ADAMTS12,purple
ADAMTS2,purple
ADAMTS8,purple
ADAR,purple
ADARB2,purple
ADCY2,purple
ADD1,purple
AGTR1,purple
AGTRAP,purple
AHRR,purple
AIMP1,purple
AK7,purple
AKT2,purple
ALDH9A1,purple
ALDOA,purple
ALOX5,purple
AMICA1,purple
AMZ2,purple
ANAPC11,purple
ANAPC13,purple
ANGEL1,purple
ANKAR,purple
ANKRD10,purple
ANKRD52,purple
ANO9,purple
ANUBL1,purple
AP1S1,purple
AP2M1,purple
AP3D1,purple
APAF1,purple
APBB2,purple
APH1A,purple
APPBP2,purple
APRT,purple
AQR,purple
ARC,purple
ARHGEF10,purple
ARHGEF10L,purple
ARHGEF38,purple
ARID3A,purple
ARID4B,purple
ARID5B,purple
ARL1,purple
ARL13B,purple
ARL6IP5,purple
ARMC5,purple
ARRDC1,purple
ARRDC2,purple
ASB8,purple
ATAD2,purple
ATF6,purple
ATG10,purple
ATG2B,purple
ATM,purple
ATN1,purple
ATP10A,purple
ATP2A2,purple
ATP5J,purple
ATP5J2,purple
ATP5O,purple
ATP6V1B2,purple
ATP6V1C1,purple
ATP6V1H,purple
ATP8A2,purple
AURKAIP1,purple
AXIN2,purple
B3GNT3,purple
B4GALNT2,purple
B4GALT5,purple
BACE1,purple
BAHCC1,purple
BARHL2,purple
BAT1,purple
BAT3,purple
BCKDHA,purple
BCL9,purple
BDNF,purple
BET1,purple
BHLHE41,purple
BLCAP,purple
BLZF1,purple
BMP8A,purple
BNC2,purple
BRD2,purple
BRD3,purple
BRF1,purple
BRSK2,purple
BRUNOL4,purple
BTBD8,purple
BTBD9,purple
BTN1A1,purple
BUD13,purple
C10ORF11,purple
C10ORF119,purple
C10ORF140,purple
C10ORF25,purple
C10ORF26,purple
C10ORF46,purple
C10ORF76,purple
C11ORF10,purple
C12ORF10,purple
C12ORF35,purple
C12ORF48,purple
C14ORF102,purple
C15ORF27,purple
C16ORF35,purple
C18ORF22,purple
C19ORF60,purple
C19ORF70,purple
C1ORF212,purple
C1ORF25,purple
C1ORF91,purple
C20ORF194,purple
C21ORF59,purple
C2CD2L,purple
C2ORF69,purple
C4ORF41,purple
C4ORF46,purple
C5ORF22,purple
C5ORF34,purple
C5ORF38,purple
C6ORF103,purple
C6ORF138,purple
C6ORF173,purple
C6ORF186,purple
C6ORF204,purple
C6ORF211,purple
C6ORF52,purple
C7ORF10,purple
C7ORF55,purple
C7ORF60,purple
C7ORF68,purple
C8ORF31,purple
C8ORF59,purple
C9ORF16,purple
C9ORF40,purple
C9ORF43,purple
C9ORF91,purple
C9ORF95,purple
CACNG8,purple
CALB2,purple
CALCOCO1,purple
CAMK1D,purple
CAMTA1,purple
CANT1,purple
CARNMT1,purple
CASC4,purple
CASP3,purple
CASP7,purple
CAT,purple
CBARA1,purple
CBX1,purple
CBY1,purple
CCDC112,purple
CCDC124,purple
CCDC41,purple
CCDC59,purple
CCDC61,purple
CCDC84,purple
CCDC9,purple
CCM2,purple
CCNG1,purple
CCNL2,purple
CCNYL1,purple
CCRN4L,purple
CD164L2,purple
CDC20B,purple
CDH4,purple
CDK17,purple
CDK19,purple
CDS1,purple
CENPF,purple
CENPN,purple
CEP63,purple
CFL1,purple
CGGBP1,purple
CHID1,purple
CHKA,purple
CHMP2A,purple
CHMP5,purple
CHST11,purple
CHTOP,purple
CINP,purple
CLDN7,purple
CLSPN,purple
CLSTN1,purple
COBL,purple
COL14A1,purple
COL17A1,purple
COL23A1,purple
COL6A4P1,purple
COMP,purple
COPA,purple
COPB1,purple
COPS7A,purple
COX6C,purple
CPEB2,purple
CPOX,purple
CPSF3L,purple
CPSF7,purple
CPT1C,purple
CRNKL1,purple
CSNK1A1,purple
CTBP2,purple
CTBS,purple
CTNNA2,purple
CTNNBIP1,purple
CTSH,purple
CTTNBP2,purple
CUL3,purple
CUX1,purple
CUX2,purple
CWF19L1,purple
CXADR,purple
CYB5B,purple
CYP26B1,purple
DAGLB,purple
DAXX,purple
DCUN1D1,purple
DCUN1D5,purple
DDB1,purple
DDX49,purple
DDX5,purple
DDX50,purple
DDX52,purple
DEAF1,purple
DECR1,purple
DHODH,purple
DHX29,purple
DHX37,purple
DHX9,purple
DLST,purple
DNAJC10,purple
DNAJC17,purple
DNAJC7,purple
DNAJC8,purple
DOPEY1,purple
DUSP22,purple
DUSP6,purple
DUSP7,purple
DYNC1I1,purple
EDEM3,purple
EFCAB6,purple
EFEMP2,purple
EFHA2,purple
EFHD1,purple
EFNA2,purple
EHMT2,purple
EIF2AK1,purple
EIF3B,purple
EIF4G2,purple
ELK4,purple
ELMO1,purple
ELOVL4,purple
ELOVL5,purple
EMX2,purple
EPCAM,purple
EPHA1,purple
EPHA3,purple
EPHX1,purple
EPM2A,purple
EPN2,purple
ERCC5,purple
ERLIN2,purple
ESCO1,purple
ETAA1,purple
EXOSC10,purple
EXPH5,purple
EXT1,purple
FAF1,purple
FAM114A2,purple
FAM118A,purple
FAM123A,purple
FAM149A,purple
FAM155A,purple
FAM162A,purple
FAM164A,purple
FAM189B,purple
FAM192A,purple
FAM214A,purple
FAM43A,purple
FAM54B,purple
FAM60A,purple
FAM69C,purple
FBXO5,purple
FBXW2,purple
FDFT1,purple
FEZ1,purple
FGF4,purple
FGFR2,purple
FHAD1,purple
FIZ1,purple
FKBP15,purple
FLCN,purple
FLG-AS1,purple
FLOT1,purple
FLYWCH2,purple
FMO5,purple
FN1,purple
FNDC3A,purple
FNDC3B,purple
FNTA,purple
FOXN3,purple
FRAS1,purple
FRMD4A,purple
FRMD6,purple
FRYL,purple
FSD1L,purple
FST,purple
FSTL5,purple
FUBP1,purple
FZD7,purple
GABARAP,purple
GABPB2,purple
GABRB1,purple
GAD1,purple
GADD45G,purple
GALK2,purple
GALM,purple
GCAT,purple
GCNT2,purple
GGA1,purple
GGCT,purple
GHITM,purple
GLS,purple
GNB2,purple
GNG12-AS1,purple
GNG2,purple
GNPDA2,purple
GOLGA7,purple
GOLGB1,purple
GPC5,purple
GPN1,purple
GPN2,purple
GPR108,purple
GPR153,purple
GPR177,purple
GPR65,purple
GRB2,purple
GRIA4,purple
GRID2,purple
GRK4,purple
GRPEL1,purple
GSN,purple
GSTO1,purple
GTF2B,purple
H3F3B,purple
HCG18,purple
HCG27,purple
HDGFRP2,purple
HECTD1,purple
HEXB,purple
HIC1,purple
HIPK1,purple
HIPK3,purple
HIST1H2AC,purple
HIST1H2AD,purple
HIST1H2BK,purple
HIST1H2BN,purple
HIST1H2BO,purple
HIST1H3C,purple
HIST1H4L,purple
HIST3H2A,purple
HIST3H2BB,purple
HIVEP3,purple
HLA-F,purple
HMBS,purple
HMOX2,purple
HNRNPLL,purple
HOXA1,purple
HOXB7,purple
HOXB9,purple
HOXC4,purple
HOXD3,purple
HS3ST1,purple
HS6ST3,purple
HSBP1,purple
HSF4,purple
HSPA8,purple
IDH2,purple
IL20,purple
IL6ST,purple
INTS2,purple
IQCJ,purple
IQUB,purple
IRF3,purple
ISG15,purple
IVD,purple
JMJD1C,purple
JOSD1,purple
JUN,purple
KANK2,purple
KATNAL2,purple
KAZALD1,purple
KBTBD2,purple
KBTBD3,purple
KCNH8,purple
KCNJ12,purple
KCNJ2,purple
KCNV1,purple
KDM3A,purple
KDM5A,purple
KDM5B,purple
KIAA0090,purple
KIAA0196,purple
KIAA0232,purple
KIAA0586,purple
KIAA0776,purple
KIAA1033,purple
KIAA1147,purple
KIAA1586,purple
KIAA1712,purple
KIAA1919,purple
KIF14,purple
KIF21B,purple
KIF26B,purple
KIFC1,purple
KIFC2,purple
KIFC3,purple
KLF12,purple
KLHDC5,purple
KLK10,purple
KNG1,purple
KPNA2,purple
KRT222,purple
LASS4,purple
LDHB,purple
LEF1-AS1,purple
LENG1,purple
LENG8-AS1,purple
LFNG,purple
LGMN,purple
LINC00886,purple
LINC01322,purple
LINS1,purple
LMLN,purple
LMX1A,purple
LOC100190939,purple
LOC100288730,purple
LOC100288798,purple
LOC100506023,purple
LOC101929633,purple
LOC283999,purple
LOC339524,purple
LOC388780,purple
LOC399815,purple
LOC645323,purple
LOC728392,purple
LPGAT1,purple
LPHN2,purple
LPPR4,purple
LRGUK,purple
LRP2,purple
LRP6,purple
LRRC23,purple
LRRC41,purple
LRRC42,purple
LRRC8A,purple
LRRN2,purple
MACF1,purple
MACROD1,purple
MAD2L1BP,purple
MAD2L2,purple
MAK16,purple
MALAT1,purple
MAML2,purple
MAP2,purple
MAP3K7,purple
MAR-02,purple
MAST1,purple
MATN2,purple
MATR3,purple
MBLAC1,purple
MBNL2,purple
MCCC2,purple
MCF2L2,purple
MCM7,purple
MCPH1-AS1,purple
MDGA2,purple
ME3,purple
MEAF6,purple
MECOM,purple
METT10D,purple
METT11D1,purple
METTL20,purple
METTL9,purple
MFSD7,purple
MGAT1,purple
MGST3,purple
MICALL1,purple
MIER3,purple
MIIP,purple
MIR1181,purple
MIR1207,purple
MIR1273E,purple
MIR1915,purple
MIR425,purple
MIR449C,purple
MIR548N,purple
MIR760,purple
MIS12,purple
MKL1,purple
MKLN1,purple
MKRN1,purple
MLF2,purple
MLLT3,purple
MMP2,purple
MMP24-AS1,purple
MMP25,purple
MND1,purple
MOBKL2B,purple
MOBKL3,purple
MORN1,purple
MOV10,purple
MPZL3,purple
MRFAP1L1,purple
MRPL10,purple
MRPL12,purple
MRPL35,purple
MRPL36,purple
MRPL50,purple
MRPS33,purple
MSH5,purple
MSH6,purple
MST1P2,purple
MTMR12,purple
MTRF1L,purple
MYADML,purple
MYB,purple
MYBL1,purple
MYEOV2,purple
MYL6,purple
MYST2,purple
MYST3,purple
MZF1,purple
NAA16,purple
NAF1,purple
NAT2,purple
NBAS,purple
NCAPD3,purple
NCDN,purple
NCK2,purple
NCOR2,purple
NCRNA00171,purple
NCRNA00188,purple
NCRNA00202,purple
NDUFA11,purple
NDUFA2,purple
NDUFA7,purple
NDUFS6,purple
NDUFV3,purple
NEBL-AS1,purple
NECAB1,purple
NEK7,purple
NEO1,purple
NFE2L2,purple
NFKB2,purple
NHLRC3,purple
NINL,purple
NKTR,purple
NKX2-1,purple
NKX3-1,purple
NMRAL1,purple
NMRK1,purple
NMUR1,purple
NOL11,purple
NOVA2,purple
NR1D2,purple
NR2F2-AS1,purple
NR4A3,purple
NRG1,purple
NRXN1,purple
NRXN2,purple
NSUN3,purple
NT5DC1,purple
NXPH1,purple
OASL,purple
OPN5,purple
OR6C68,purple
OSBP2,purple
OTOF,purple
OTUD6B,purple
OTUD7B,purple
OVCH2,purple
OXR1,purple
OXSM,purple
P4HA1,purple
PABPC4,purple
PABPN1,purple
PAK4,purple
PALM,purple
PAPSS2,purple
PARD6G,purple
PARP2,purple
PASK,purple
PBX4,purple
PCBD1,purple
PCBD2,purple
PCDH1,purple
PCDH10,purple
PCDH17,purple
PCDH18,purple
PCDHB14,purple
PCM1,purple
PCNP,purple
PCSK5,purple
PDCL3,purple
PDE1B,purple
PDE2A,purple
PDIA5,purple
PDIK1L,purple
PDPN,purple
PEAK1,purple
PEBP1,purple
PELI3,purple
PENK,purple
PEX19,purple
PEX7,purple
PFKM,purple
PGP,purple
PHACTR1,purple
PHACTR4,purple
PHF10,purple
PHF14,purple
PHF19,purple
PHRF1,purple
PHTF2,purple
PI4K2A,purple
PIGN,purple
PIGQ,purple
PIH1D1,purple
PIK3C3,purple
PKN2-AS1,purple
PLD3,purple
PLEKHB2,purple
PLIN3,purple
PLXNA4,purple
PMP22,purple
PMPCB,purple
PNISR,purple
POLQ,purple
POLR3B,purple
POMT2,purple
POP5,purple
POP7,purple
POPDC3,purple
PPARGC1A,purple
PPFIBP1,purple
PPIF,purple
PPM1G,purple
PPOX,purple
PPP1R13L,purple
PPP2CA,purple
PPP2R2A,purple
PPP3CB,purple
PQLC1,purple
PRCC,purple
PREPL,purple
PRKAR1A,purple
PRKAR1B,purple
PRKCB,purple
PROS1,purple
PRPF3,purple
PRPS1L1,purple
PRR15,purple
PSEN1,purple
PSMB6,purple
PSME3,purple
PSRC1,purple
PTCH1,purple
PTGDR,purple
PTPN1,purple
PTPN21,purple
PTPRD,purple
PTPRM,purple
PTPRN2,purple
PTPRR,purple
PTTG1IP,purple
PWP1,purple
QRICH1,purple
QSOX2,purple
RAB21,purple
RAB2A,purple
RAB31,purple
RAB3IL1,purple
RAB5B,purple
RACGAP1,purple
RAD51,purple
RAD51AP2,purple
RAD51B,purple
RAD52,purple
RAF1,purple
RALYL,purple
RAPGEF4,purple
RASGRP3,purple
RASSF8-AS1,purple
RB1CC1,purple
RBBP4,purple
RBL2,purple
RBM23,purple
RBM28,purple
RBM4,purple
RBM5,purple
RBMS3,purple
RBPJ,purple
REPIN1,purple
RERE,purple
REXO2,purple
RFC2,purple
RFFL,purple
RFPL2,purple
RG9MTD2,purple
RGP1,purple
RGS12,purple
RGS6,purple
RHEB,purple
RHOBTB3,purple
RHOC,purple
RIMS1,purple
RMDN2-AS1,purple
RNASEN,purple
RNF103,purple
RNF111,purple
RNF126P1,purple
RNF13,purple
RNF41,purple
RNF5P1,purple
RNPC3,purple
RNU11,purple
RORA,purple
RPF1,purple
RPL11,purple
RPN2,purple
RPP21,purple
RPRD2,purple
RPS14,purple
RPS26,purple
RPS3A,purple
RPS6KB2,purple
RPS6KC1,purple
RPS6KL1,purple
RPSA,purple
RQCD1,purple
RREB1,purple
RSPH1,purple
RSPO2,purple
RSRC1,purple
RSU1,purple
RTDR1,purple
SATB2-AS1,purple
SC4MOL,purple
SCAF1,purple
SCARB1,purple
SCN5A,purple
SDAD1,purple
SDCCAG10,purple
SEC31A,purple
SEPHS1,purple
SEPHS2,purple
SEPP1,purple
SERBP1,purple
SERF2,purple
SETBP1,purple
SF3B1,purple
SFRS12IP1,purple
SFRS3,purple
SGK3,purple
SH2D3C,purple
SHANK2,purple
SIGLEC14,purple
SIL1,purple
SIM1,purple
SIRT6,purple
SIVA1,purple
SKAP2,purple
SLC16A13,purple
SLC17A3,purple
SLC22A18AS,purple
SLC22A23,purple
SLC22A4,purple
SLC25A13,purple
SLC29A2,purple
SLC30A9,purple
SLC35B1,purple
SLC38A1,purple
SLC38A3,purple
SLC39A10,purple
SLC39A6,purple
SLC43A1,purple
SLC44A3,purple
SLC6A3,purple
SLC7A6,purple
SLMO2,purple
SMAP1,purple
SMEK1,purple
SMPDL3A,purple
SMYD3,purple
SNCAIP,purple
SNCB,purple
SNHG3-RCC1,purple
SNRNP70,purple
SNTB2,purple
SNUPN,purple
SNX14,purple
SNX16,purple
SNX4,purple
SOCS1,purple
SORL1,purple
SPAG9,purple
SPATA13,purple
SPATA7,purple
SPIDR,purple
SPSB4,purple
SRP54,purple
SRPK1,purple
SRRM3,purple
SSC4D,purple
ST3GAL3,purple
ST7OT4,purple
STAG1,purple
STAP2,purple
STC1,purple
STEAP2,purple
STK4,purple
STKLD1,purple
STRAP,purple
STX7,purple
SVIL,purple
TAF5,purple
TAF7,purple
TAPBP,purple
TATDN3,purple
TBC1D14,purple
TBC1D16,purple
TBC1D2,purple
TBC1D7,purple
TBX15,purple
TCEB1,purple
TEAD1,purple
TEAD2,purple
TFCP2,purple
TFPI,purple
TFPI2,purple
TGDS,purple
TGFA,purple
TGFBR3,purple
THAP4,purple
THBD,purple
THBS1,purple
THBS3,purple
THNSL2,purple
THUMPD3,purple
TIA1,purple
TICRR,purple
TIMP2,purple
TJP2,purple
TLE3,purple
TLE4,purple
TLK1,purple
TMCO1,purple
TMCO3,purple
TMCO4,purple
TMEM127,purple
TMEM170A,purple
TMEM170B,purple
TMEM196,purple
TMEM199,purple
TMEM5,purple
TMEM80,purple
TMEM9,purple
TMPO-AS1,purple
TMX4,purple
TNFRSF1B,purple
TNRC18,purple
TNRC6C,purple
TOPORS,purple
TPD52L1,purple
TPGS2,purple
TPST1,purple
TPT1,purple
TRABD2B,purple
TRAPPC4,purple
TRIB1,purple
TRIM15,purple
TRIM17,purple
TRIM2,purple
TRIM6,purple
TRIM8,purple
TRIM9,purple
TRIP6,purple
TROAP,purple
TSGA14,purple
TSPAN12,purple
TSPAN3,purple
TSPAN5,purple
TSTD3,purple
TTC1,purple
TTC15,purple
TTC19,purple
TTC28,purple
TTC35,purple
TUBB,purple
TUSC2,purple
TUT1,purple
TWF1,purple
TXLNA,purple
TXNL1,purple
TYSND1,purple
UBA5,purple
UBE2I,purple
UBE2J1,purple
UBE4B,purple
UBP1,purple
UBXN11,purple
UBXN2B,purple
UCHL3,purple
UFC1,purple
UPB1,purple
UPF1,purple
UPP1,purple
USP10,purple
USP13,purple
USP42,purple
USP53,purple
UTP15,purple
UTP20,purple
VAMP3,purple
VASH1,purple
VDR,purple
VGLL4,purple
VPS25,purple
VPS37C,purple
VPS37D,purple
VSIG10,purple
WASF1,purple
WBP11,purple
WDR18,purple
WDR35,purple
WDR67,purple
WDR7,purple
WDR86,purple
WEE1,purple
WHSC1L1,purple
WIBG,purple
WNK2,purple
WTAP,purple
WWOX,purple
XBP1,purple
XKR4,purple
XRCC1,purple
XRCC5,purple
XRRA1,purple
YEATS4,purple
YIPF4,purple
YPEL2,purple
ZBED5,purple
ZBTB25,purple
ZBTB26,purple
ZBTB9,purple
ZEB2,purple
ZFP41,purple
ZFP64,purple
ZFYVE27,purple
ZFYVE28,purple
ZMYND8,purple
ZNF200,purple
ZNF213,purple
ZNF227,purple
ZNF238,purple
ZNF282,purple
ZNF343,purple
ZNF384,purple
ZNF391,purple
ZNF394,purple
ZNF423,purple
ZNF438,purple
ZNF441,purple
ZNF471,purple
ZNF483,purple
ZNF496,purple
ZNF528,purple
ZNF583,purple
ZNF584,purple
ZNF644,purple
ZNF665,purple
ZNF684,purple
ZNF709,purple
ZNF746,purple
ZNF778,purple
ZNF780A,purple
ZNF800,purple
ZNHIT1,purple
ZNRF1,purple
ZRANB2,purple
ZSCAN20,purple
ZSWIM1,purple
ZWILCH,purple
AASDH,red
ABCA13,red
ABCB1,red
ABCB11,red
ABCC13,red
ABCC5-AS1,red
ABI1,red
ABL1,red
ACAT2,red
ACIN1,red
ACOT11,red
ACOT13,red
ACOXL,red
ACTG1,red
ACVR2A,red
ACYP2,red
ADAM10,red
ADAM21,red
ADAM29,red
ADAMTS10,red
ADAMTS2,red
ADAMTSL1,red
ADARB2,red
ADCY3,red
ADCY9,red
ADSS,red
AES,red
AGA,red
AGAP1,red
AGAP3,red
AGO2,red
AGO3,red
AGXT,red
AHR,red
AIM2,red
AJAP1,red
AKAP13,red
AKAP2,red
AKAP7,red
AKNA,red
AKR1C3,red
AKR7A3,red
ALK,red
ALKBH2,red
AMIGO1,red
AMN1,red
AMPD2,red
AMPD3,red
ANK2,red
ANKH,red
ANKIB1,red
ANKRA2,red
ANKRD34A,red
ANKRD52,red
ANKS1B,red
ANO10,red
ANXA13,red
ANXA4,red
ANXA5,red
APH1B,red
APOA1,red
APOE,red
ARHGAP10,red
ARHGAP12,red
ARHGAP15,red
ARHGAP22,red
ARHGAP25,red
ARHGAP26,red
ARHGAP31,red
ARHGEF10,red
ARID1B,red
ARID5B,red
ARL4A,red
ARL6IP5,red
ARL9,red
ARMC9,red
ARRDC1,red
ARSB,red
ASAH1,red
ASB5,red
ASH1L,red
ASS1,red
ASTE1,red
ATCAY,red
ATOH8,red
ATP10B,red
ATP13A3,red
ATP2B2,red
ATP2C1,red
ATP6V1A,red
ATP9A,red
ATP9B,red
B3GALNT1,red
B3GALT4,red
B3GNTL1,red
BACH2,red
BAD,red
BAIAP2,red
BANP,red
BARX1,red
BCAR3,red
BCL11B,red
BCL2,red
BDP1,red
BEND6,red
BHLHE22,red
BICD1,red
BMP7,red
BOC,red
BRD2,red
BRD7,red
BTAF1,red
BTC,red
BUB1B,red
BYSL,red
C10ORF11,red
C10ORF12,red
C10ORF140,red
C10ORF4,red
C10ORF96,red
C11ORF42,red
C11ORF71,red
C13ORF16,red
C14ORF104,red
C14ORF23,red
C14ORF50,red
C15ORF41,red
C15ORF61,red
C16ORF68,red
C16ORF87,red
C17ORF68,red
C1GALT1C1L,red
C1ORF109,red
C1ORF124,red
C1ORF70,red
C1ORF77,red
C1ORF97,red
C21ORF91-OT1,red
C22ORF34,red
C2CD3,red
C2ORF63,red
C2ORF82,red
C3ORF21,red
C3ORF26,red
C3ORF33,red
C3ORF55,red
C3ORF62,red
C3ORF71,red
C4ORF39,red
C5ORF38,red
C5ORF42,red
C5ORF52,red
C6ORF106,red
C6ORF150,red
C6ORF170,red
C6ORF182,red
C7ORF10,red
C7ORF51,red
C8ORF47,red
C8ORF56,red
C9ORF135,red
C9ORF135-AS1,red
C9ORF171,red
C9ORF91,red
CAB39L,red
CACNB2,red
CACNG2,red
CADM2,red
CALU,red
CAMK2N1,red
CAMKK1,red
CAP1,red
CAPRIN2,red
CASZ1,red
CC2D2A,red
CCDC104,red
CCDC109B,red
CCDC11,red
CCDC146,red
CCDC148,red
CCDC15,red
CCDC163P,red
CCDC18,red
CCDC57,red
CCDC60,red
CCDC64B,red
CCDC8,red
CCDC85B,red
CCL7,red
CCNJL,red
CCR1,red
CD2AP,red
CD55,red
CD59,red
CD8A,red
CDH13,red
CDH18,red
CDH23,red
CDH4,red
CDK6,red
CEL,red
CELSR1,red
CENPO,red
CEP72,red
CERS5,red
CFLAR,red
CFTR,red
CHCHD8,red
CHD5,red
CHID1,red
CHN1,red
CHTF18,red
CHTOP,red
CIR1,red
CIZ1,red
CLDN16,red
CLDN25,red
CLGN,red
CLIP1,red
CLIP2,red
CLN8,red
CLYBL,red
CMIP,red
CNOT10,red
CNOT6,red
CNST,red
CNTN4,red
COCH,red
COL5A3,red
COL6A4P2,red
COL8A1,red
COMMD3-BMI1,red
COMT,red
COX20,red
COX7B2,red
CPA2,red
CPSF6,red
CRADD,red
CRB1,red
CRCT1,red
CREB5,red
CRH,red
CRHBP,red
CRIM1,red
CRNDE,red
CSDE1,red
CSGALNACT1,red
CSK,red
CSMD2,red
CSNK1G2,red
CSNK2B,red
CTBP2,red
CTD-2201I18.1,red
CTDSPL2,red
CTIF,red
CTNND2,red
CTSF,red
CTSO,red
CUGBP2,red
CXCR4,red
CXXC5,red
CYB5R2,red
CYB5R3,red
CYLD,red
CYP7B1,red
DACT2,red
DAGLB,red
DAPK3,red
DBN1,red
DBR1,red
DCAF12,red
DCDC2,red
DDHD2,red
DDR1,red
DDX24,red
DDX60L,red
DEPDC7,red
DFFB,red
DGCR2,red
DHX15,red
DIP2C,red
DIRC3,red
DKFZP686K1684,red
DLGAP1,red
DLGAP2,red
DLL3,red
DLX1,red
DLX6,red
DNA2,red
DNAAF1,red
DNAH1,red
DNAH3,red
DNAH5,red
DOCK1,red
DOCK5,red
DPH5,red
DPM3,red
DPY30,red
DSE,red
DST,red
DTX4,red
DUSP5P,red
DYRK3,red
DYX1C1,red
EBAG9,red
ECHDC2,red
ECHDC3,red
EDN1,red
EEPD1,red
EFHA2,red
EFR3A,red
EHBP1,red
EHHADH,red
EHMT1,red
EIF2B5,red
EIF2C2,red
EIF3L,red
EIF4A2,red
EIF4E3,red
EIF4G3,red
ELAVL2,red
ELF5,red
ELFN1,red
ELFN2,red
ELK4,red
EMCN,red
EMILIN2,red
EML6,red
EN1,red
ENG,red
ENKUR,red
ENOX1,red
ENPP4,red
EOMES,red
EPAS1,red
EPHA4,red
EPHB3,red
ERBB4,red
ERC1,red
ERICH1,red
ESD,red
ESRRG,red
ESYT1,red
ESYT3,red
ETS1,red
EVC2,red
EVX1,red
EVX1-AS,red
EXD3,red
EXOC2,red
EYA4,red
FABP4,red
FAH,red
FAM107B,red
FAM116A,red
FAM155A,red
FAM168B,red
FAM171B,red
FAM174A,red
FAM198B,red
FAM19A5,red
FAM20C,red
FAM222B,red
FAM38B,red
FAM3D,red
FAM53C,red
FAM69C,red
FASTKD1,red
FASTKD2,red
FAT1,red
FBLN7,red
FBRSL1,red
FBXW7,red
FCHSD2,red
FEZ2,red
FEZF1,red
FGF14,red
FGF2,red
FGF3,red
FGF5,red
FGFR2,red
FGFRL1,red
FGGY,red
FGL2,red
FIG4,red
FIGN,red
FILIP1,red
FJX1,red
FKBP5,red
FLG,red
FLG-AS1,red
FLG2,red
FLI1,red
FLJ10661,red
FLJ22447,red
FLJ37543,red
FLOT2,red
FMNL2,red
FMO4,red
FOXA3,red
FOXK1,red
FOXP1-AS1,red
FRAT2,red
FSTL5,red
FUCA2,red
FUOM,red
FUT10,red
FUT9,red
FZD10,red
FZD7,red
FZD8,red
GABRB1,red
GAD1,red
GALNT13,red
GALNT2,red
GALNT7,red
GAP43,red
GAPDHS,red
GATB,red
GBE1,red
GBF1,red
GCC2,red
GDNF,red
GFM2,red
GHR,red
GINS1,red
GIPR,red
GLCCI1,red
GLCE,red
GLI3,red
GLIPR1L2,red
GLIPR2,red
GLRX,red
GNA12,red
GNG11,red
GNL3,red
GNPTAB,red
GPATCH2L,red
GPC6,red
GPD2,red
GPER,red
GPHN,red
GPN3,red
GPR133,red
GPR3,red
GPR39,red
GPR98,red
GRASP,red
GREM1,red
GRIA4,red
GRIN2A,red
GRINA,red
GRK5,red
GRM7,red
GRXCR2,red
GSTO2,red
GSTT1,red
GXYLT2,red
HAPLN3,red
HDAC4,red
HDAC9,red
HEG1,red
HES5,red
HIST1H1A,red
HIST1H2AM,red
HIST1H4D,red
HIVEP3,red
HK2,red
HLA-DRB1,red
HLA-H,red
HMBOX1,red
HMGA2,red
HMGCL,red
HNMT,red
HOMER3,red
HOPX,red
HOXC10,red
HOXC9,red
HPSE2,red
HRNBP3,red
HS3ST1,red
HSD17B14,red
HSPA12A,red
HSPA5,red
HSPA9,red
HSPC157,red
IARS,red
ICA1L,red
ID3,red
IDI1,red
IFIH1,red
IFNGR2,red
IFRD1,red
IFT74,red
IGDCC3,red
IGF1,red
IGF1R,red
IGFBP7,red
IL17D,red
IL6,red
IL6R,red
ILDR2,red
INA,red
INHBB,red
INPP5A,red
INTS3,red
IPMK,red
IRX1,red
IRX2,red
ITGA2,red
IVNS1ABP,red
JAK2,red
JAKMIP1,red
JARID2,red
JPH4,red
KALRN,red
KBTBD11,red
KCMF1,red
KCNA2,red
KCNB1,red
KCNE4,red
KCNG2,red
KCNIP1,red
KCNJ1,red
KCNJ8,red
KCNK2,red
KCNN2,red
KCNS2,red
KCNS3,red
KCP,red
KDM4B,red
KIAA0101,red
KIAA0182,red
KIAA0895,red
KIAA0930,red
KIAA1549,red
KIAA1614,red
KIF13B,red
KIF9,red
KMO,red
KPNA4,red
KPRP,red
KREMEN1,red
LAMA3,red
LAMTOR3,red
LARGE,red
LARP4B,red
LARS2,red
LCE1C,red
LCE1F,red
LCE6A,red
LDB2,red
LECT1,red
LEF1-AS1,red
LEPROT,red
LETM2,red
LHX5,red
LHX8,red
LIMCH1,red
LIMD1,red
LIN54,red
LIN7A,red
LINC00379,red
LINC00469,red
LINC00703,red
LINC00882,red
LINC00930,red
LINC00963,red
LINC01094,red
LINC01111,red
LINC01140,red
LINC01170,red
LINC01221,red
LINC01375,red
LINC01572,red
LINGO1,red
LIPJ,red
LLPH,red
LMF1,red
LMO4,red
LMOD1,red
LMX1A,red
LOC100126784,red
LOC100129203,red
LOC100132111,red
LOC100192378,red
LOC100289511,red
LOC100505984,red
LOC100506207,red
LOC100506551,red
LOC100506675,red
LOC100507443,red
LOC101926964,red
LOC101927314,red
LOC101927460,red
LOC101927653,red
LOC101927768,red
LOC101928233,red
LOC101928414,red
LOC101928794,red
LOC101928804,red
LOC101929680,red
LOC101929710,red
LOC102546299,red
LOC102724596,red
LOC253573,red
LOC284798,red
LOC285830,red
LOC286016,red
LOC339524,red
LOC388942,red
LOC399815,red
LOC400043,red
LOC401463,red
LOC440982,red
LOC643072,red
LOC643339,red
LOC93622,red
LOX,red
LPP,red
LPPR3,red
LRIF1,red
LRIG1,red
LRRC16A,red
LRRC26,red
LRRC27,red
LRRC33,red
LRRC34,red
LRRC61,red
LRRK1,red
LRTM2,red
LTBP1,red
LTBP3,red
LTBP4,red
LTF,red
LURAP1L,red
LURAP1L-AS1,red
LVRN,red
LYRM4,red
LZTFL1,red
MAD1L1,red
MAML3,red
MAP1LC3A,red
MAP3K13,red
MAP4,red
MAP4K5,red
MAP6,red
MAPKAPK5,red
MAPT,red
MARK1,red
MAST3,red
MAST4,red
MAZ,red
MB,red
MCC,red
MCF2L2,red
MCFD2,red
MCHR2,red
MCM5,red
MDC1,red
MDGA2,red
MEGF6,red
MEGF8,red
MEIS1,red
MEIS1-AS2,red
MEIS2,red
MET,red
METT10D,red
METTL9,red
MGAT5,red
MGLL,red
MGST2,red
MIA3,red
MINPP1,red
MIR1268A,red
MIR340,red
MIR365-1,red
MIR365A,red
MIR5096,red
MIR612,red
MIR656,red
MIR6854,red
MKX-AS1,red
MLL3,red
MLLT3,red
MLLT4,red
MMP25,red
MN1,red
MOV10L1,red
MPDZ,red
MPPED1,red
MR1,red
MRPL13,red
MRPL15,red
MRPL32,red
MRPS30,red
MRPS6,red
MRPS9,red
MSC,red
MSH5,red
MSMO1,red
MSX1,red
MSX2,red
MT1HL1,red
MTCH2,red
MTHFD1L,red
MTR,red
MUC4,red
MXRA7,red
MYB,red
MYCNUT,red
MYLK4,red
MYO10,red
MYO1C,red
MYO1E,red
MYSM1,red
MYT1L,red
N4BP3,red
NAA11,red
NAALAD2,red
NAALADL2,red
NALCN,red
NANOS3,red
NAV2,red
NBAS,red
NBEA,red
NCALD,red
NCAPG2,red
NCRNA00085,red
NDUFC2,red
NDUFC2-KCTD14,red
NEAT1,red
NEDD4,red
NEDD4L,red
NEK11,red
NEK3,red
NELL1,red
NEU4,red
NEURL1B,red
NFATC3,red
NFX1,red
NFYC,red
NIFK-AS1,red
NINJ1,red
NIPSNAP3A,red
NLE1,red
NMBR,red
NME7,red
NMI,red
NMNAT3,red
NOS1AP,red
NOTCH4,red
NPAS3,red
NPLOC4,red
NR2F1,red
NR3C2,red
NRCAM,red
NREP-AS1,red
NRG1,red
NRG2,red
NRXN1,red
NRXN3,red
NSG1,red
NTM,red
NTRK2,red
NUAK1,red
NUP93,red
NXN,red
OBFC2A,red
ODF3L1,red
OLFM3,red
ONECUT1,red
OPCML,red
OR10G8,red
OR2D2,red
OR52J3,red
OSMR,red
OSR1,red
OTX2,red
OTX2-AS1,red
OTX2OS1,red
PACRG,red
PACSIN3,red
PAK1,red
PALLD,red
PAPD7,red
PARD3B,red
PAX1,red
PAX3,red
PAX6,red
PAX7,red
PBX1,red
PBX3,red
PCBP2,red
PCCB,red
PCDH15,red
PCDH17,red
PCDHA6,red
PCDHA7,red
PCLO,red
PCMTD1,red
PCNX,red
PCOTH,red
PDCD2,red
PDCD6IP,red
PDE3A,red
PDE4D,red
PDE8A,red
PDGFD,red
PDGFRA,red
PDGFRB,red
PDIA4,red
PDILT,red
PDPN,red
PDZD2,red
PEG3,red
PEX2,red
PEX26,red
PFKFB3,red
PFKP,red
PGBD1,red
PGCP,red
PHB,red
PHF17,red
PHF20L1,red
PHPT1,red
PIGM,red
PIGW,red
PIM1,red
PITPNC1,red
PITPNM1,red
PKIA,red
PKN2,red
PKNOX2,red
PKP1,red
PKP4,red
PLAGL1,red
PLBD1,red
PLCG1-AS1,red
PLCL1,red
PLCZ1,red
PLD1,red
PLEC1,red
PLEKHA1,red
PLEKHA4,red
PLEKHA5,red
PLEKHA7,red
PLEKHG1,red
PLEKHH2,red
PLK2,red
PLXNC1,red
PM20D2,red
PNP,red
PNRC2,red
POC1B,red
POLH,red
POLQ,red
POLR1D,red
POU6F2,red
PPP1R9A,red
PPP2R3A,red
PPP2R5C,red
PPP3CB,red
PPP3R1,red
PPP3R2,red
PRCP,red
PRDM11,red
PRDM16,red
PRDM6,red
PREX2,red
PRKACB,red
PRKAR1B,red
PRKCA,red
PRKCE,red
PRKCH,red
PRKG1,red
PRMT6,red
PRNT,red
PROX1-AS1,red
PRPSAP1,red
PRRT2,red
PSENEN,red
PSMB3,red
PSMD14,red
PSMD9,red
PTDSS1,red
PTPN1,red
PTPRB,red
PTPRG,red
PTPRK,red
PTPRM,red
PTPRN2,red
PVT1,red
PXDNL,red
PXK,red
QSOX1,red
RAB15,red
RAB33B,red
RAB3GAP1,red
RAD54B,red
RAD9B,red
RAET1G,red
RAG1AP1,red
RALB,red
RALGPS2,red
RASA3,red
RASGRP1,red
RBFOX1,red
RBM20,red
RBMS1,red
RBMS3,red
RBMS3-AS3,red
RBMXL1,red
RCL1,red
RCN1,red
RCSD1,red
RDH12,red
RDH14,red
REV1,red
RFC3,red
RFTN2,red
RFX5,red
RGS2,red
RGS20,red
RGS3,red
RGS7,red
RHOBTB1,red
RIMBP2,red
RNF180,red
RNF216,red
RNF220,red
RNF39,red
RNGTT,red
RNU6-79P,red
RNU6-81P,red
ROBO1,red
ROBO2,red
ROR1,red
ROR1-AS1,red
RPAIN,red
RPAP2,red
RPIA,red
RPL34-AS1,red
RPL37A,red
RPS6KA2,red
RPTOR,red
RRBP1,red
RSRC2,red
RSU1,red
RTDR1,red
RTN3,red
RTP4,red
RUNX1,red
RUNX1T1,red
RUSC1,red
RWDD1,red
RWDD2B,red
RXRA,red
RYR3,red
S100A10,red
SAMD13,red
SAMSN1,red
SARDH,red
SCARA3,red
SCFD1,red
SCNN1B,red
SCPEP1,red
SDAD1,red
SDCCAG8,red
SDK1,red
SEC61G,red
SEMA3G,red
SEMA5A,red
SEMA6C,red
SEMA6D,red
SERPINB9,red
SERPINH1,red
SERTAD2,red
SESN3,red
SETBP1,red
SETD6,red
SETD7,red
SEZ6L,red
SFRP2,red
SFRS14,red
SGCD,red
SGCE,red
SGCZ,red
SGEF,red
SH3RF3,red
SHANK1,red
SHFM1,red
SHISA7,red
SIM2,red
SIPA1L1,red
SIX1,red
SIX3,red
SKAP1,red
SKI,red
SKIDA1,red
SLAIN1,red
SLC12A8,red
SLC15A4,red
SLC16A12,red
SLC16A8,red
SLC17A6,red
SLC1A2,red
SLC1A3,red
SLC22A5,red
SLC25A24,red
SLC25A42,red
SLC25A44,red
SLC2A1,red
SLC35A1,red
SLC35F3,red
SLC39A10,red
SLC39A14,red
SLC3A1,red
SLC40A1,red
SLC44A4,red
SLC45A3,red
SLC5A6,red
SLC6A12,red
SLC6A15,red
SLC7A11,red
SLC7A2,red
SLC8A1,red
SLC9B1,red
SLFN12,red
SLIT1,red
SLITRK1,red
SLITRK5,red
SMAD2,red
SMARCA2,red
SMARCA4,red
SMPD2,red
SMTN,red
SND1,red
SNORD80,red
SNRPG,red
SNTG2,red
SNX9,red
SOGA3,red
SORBS2,red
SORCS2,red
SOS1,red
SOX13,red
SOX4,red
SOX9,red
SOX9-AS1,red
SP5,red
SP6,red
SPA17,red
SPATA5L1,red
SPATA6,red
SPECC1,red
SPEN,red
SPG20,red
SPTBN1,red
SSBP2,red
ST3GAL6,red
ST8SIA3,red
STARD10,red
STARD4-AS1,red
STAT5A,red
STBD1,red
STK10,red
STK11IP,red
STK32C,red
STMN1,red
STRN,red
STX6,red
STYK1,red
SULF1,red
SUMF2,red
SUPT3H,red
SV2B,red
SVEP1,red
SYNE1,red
SYNGR3,red
SYNJ2,red
SYT14,red
SYT9,red
TAC1,red
TACC2,red
TAF2,red
TAGLN2,red
TALDO1,red
TANC1,red
TAP1,red
TAX1BP1,red
TBC1D16,red
TBC1D2,red
TBC1D32,red
TBC1D7,red
TBKBP1,red
TBR1,red
TBX15,red
TBX4,red
TBX5,red
TBX5-AS1,red
TCTN1,red
TDO2,red
TENM2,red
TFAP2B,red
TFDP1,red
TGFBR2,red
TGM7,red
TH2LCRR,red
THADA,red
THBS2,red
THBS4,red
THCAT158,red
THNSL2,red
THRA,red
THRB,red
THSD7A,red
TIAM1,red
TJP2,red
TLE1,red
TLE2,red
TLL1,red
TLR3,red
TMCO1,red
TMED10,red
TMED7-TICAM2,red
TMEM121,red
TMEM126B,red
TMEM132B,red
TMEM132D,red
TMEM136,red
TMEM140,red
TMEM151A,red
TMEM167B,red
TMEM229A,red
TMEM232,red
TMEM25,red
TMEM66,red
TNFRSF10A,red
TNFRSF18,red
TNIK,red
TNIP1,red
TNK2,red
TNKS,red
TNKS2,red
TNN,red
TNS3,red
TNXB,red
TOM1L2,red
TOX2,red
TPRG1,red
TPST2,red
TRA2B,red
TRAF1,red
TRAF3IP2,red
TRHDE,red
TRIM3,red
TRIM36,red
TRIM6-TRIM34,red
TRIM61,red
TRIO,red
TRIOBP,red
TRIP4,red
TRRAP,red
TSC2,red
TSC22D1,red
TSEN15,red
TSHZ1,red
TSNARE1,red
TSSC1,red
TTC3,red
TTC39A,red
TTI2,red
TTLL11,red
TTLL4,red
TTPAL,red
TUSC1,red
TXNDC6,red
UBE2E2,red
UBIAD1,red
UBXN10-AS1,red
UFSP2,red
ULK2,red
UMAD1,red
UNC93B1,red
UNQ6494,red
UPB1,red
UQCC,red
UQCC1,red
USH2A,red
USP37,red
USP4,red
USP40,red
USP42,red
USP6NL,red
UTRN,red
VAPA,red
VAV2,red
VAX1,red
VAX2,red
VILL,red
VIPR1,red
VMO1,red
VPS37B,red
VPS53,red
VRK3,red
VSTM2L,red
VWA5B2,red
VWF,red
WAC-AS1,red
WASF2,red
WASL,red
WBSCR17,red
WDR1,red
WDR27,red
WDR8,red
WLS,red
WNT3A,red
WNT8B,red
WSB2,red
XPR1,red
XRCC1,red
XRN2,red
XRRA1,red
YIF1A,red
ZAR1,red
ZAR1L,red
ZBTB38,red
ZBTB8A,red
ZC3H11A,red
ZC3H3,red
ZC3H4,red
ZDHHC14,red
ZDHHC4,red
ZDHHC5,red
ZFAT,red
ZFHX3,red
ZFHX4,red
ZFHX4-AS1,red
ZFP112,red
ZFPM1,red
ZFPM2,red
ZFPM2-AS1,red
ZIC1,red
ZIC4,red
ZMYND10,red
ZMYND11,red
ZNF175,red
ZNF2,red
ZNF25,red
ZNF251,red
ZNF263,red
ZNF271P,red
ZNF384,red
ZNF395,red
ZNF397OS,red
ZNF462,red
ZNF493,red
ZNF512,red
ZNF529-AS1,red
ZNF571-AS1,red
ZNF600,red
ZNF611,red
ZNF706,red
ZNF775,red
ZNF787,red
ZNF837,red
ZNF862,red
ZNHIT6,red
ZSCAN30,red
AAMDC,royalblue
ABI1,royalblue
ACBD5,royalblue
ACVR1C,royalblue
ACYP1,royalblue
ACYP2,royalblue
ADA,royalblue
ADAM12,royalblue
ADAMTS14,royalblue
ADAMTS2,royalblue
ADAMTS6,royalblue
ADAMTS9,royalblue
ADARB2,royalblue
ADCYAP1,royalblue
ADD3,royalblue
AFF4,royalblue
AHCYL2,royalblue
AKIRIN2,royalblue
ALKBH5,royalblue
AMOTL1,royalblue
ANKRD10,royalblue
ANKRD28,royalblue
ANKRD43,royalblue
ANKRD52,royalblue
ANKS1A,royalblue
APITD1,royalblue
APPBP2,royalblue
APTX,royalblue
ARID1A,royalblue
ARL13B,royalblue
ARL4D,royalblue
ARPP19,royalblue
ASB18,royalblue
ATAD2,royalblue
ATF7,royalblue
ATG14,royalblue
ATL3,royalblue
ATP6AP1L,royalblue
ATP6V1B1,royalblue
AXIN2,royalblue
B3GNT2,royalblue
BAALC,royalblue
BAI3,royalblue
BAT3,royalblue
BCAR3,royalblue
BICC1,royalblue
BLOC1S2,royalblue
BRIP1,royalblue
C10ORF95,royalblue
C11ORF75,royalblue
C12ORF29,royalblue
C12ORF41,royalblue
C12ORF52,royalblue
C12ORF60,royalblue
C12ORF73,royalblue
C14ORF133,royalblue
C14ORF4,royalblue
C17ORF63,royalblue
C17ORF97,royalblue
C19ORF36,royalblue
C19ORF48,royalblue
C19ORF50,royalblue
C19ORF62,royalblue
C19ORF70,royalblue
C1ORF106,royalblue
C1ORF128,royalblue
C1ORF198,royalblue
C1ORF228,royalblue
C1ORF63,royalblue
C1ORF88,royalblue
C1QL2,royalblue
C22ORF26,royalblue
C22ORF30,royalblue
C3ORF10,royalblue
C3ORF21,royalblue
C4ORF36,royalblue
C5ORF45,royalblue
C7ORF55,royalblue
C8ORF33,royalblue
C8ORF88,royalblue
C9ORF130,royalblue
C9ORF140,royalblue
C9ORF95,royalblue
CABIN1,royalblue
CAMK2B,royalblue
CAMP,royalblue
CAMSAP2,royalblue
CASC15,royalblue
CASC4,royalblue
CASP9,royalblue
CAT,royalblue
CBFB,royalblue
CBLB,royalblue
CBX3,royalblue
CCDC129,royalblue
CCDC57,royalblue
CCDC61,royalblue
CCDC88B,royalblue
CCNJL,royalblue
CCNL1,royalblue
CCNT2,royalblue
CD44,royalblue
CD59,royalblue
CDCA7L,royalblue
CDK15,royalblue
CDKN2D,royalblue
CEBPG,royalblue
CEMP1,royalblue
CENPT,royalblue
CEP19,royalblue
CFDP1,royalblue
CHID1,royalblue
CHMP4A,royalblue
CHN2,royalblue
CHST10,royalblue
CHUK,royalblue
CIC,royalblue
CLASP1,royalblue
CLCN2,royalblue
CLEC4M,royalblue
CLN3,royalblue
CLPS,royalblue
CLU,royalblue
CMAH,royalblue
CNDP2,royalblue
CNIH3,royalblue
CNPY3,royalblue
CNTNAP4,royalblue
COL8A1,royalblue
COLEC12,royalblue
COLQ,royalblue
COPS4,royalblue
CORIN,royalblue
COX7A2L,royalblue
CRADD,royalblue
CRLF1,royalblue
CRYGN,royalblue
CSDE1,royalblue
CSGALNACT1,royalblue
CSMD3,royalblue
CTNNBIP1,royalblue
CTSB,royalblue
CUGBP2,royalblue
CXCR4,royalblue
CYB561,royalblue
CYHR1,royalblue
DAD1,royalblue
DAXX,royalblue
DCLRE1C,royalblue
DDAH2,royalblue
DDHD1,royalblue
DDRGK1,royalblue
DDX28,royalblue
DEPDC5,royalblue
DLG2,royalblue
DLL3,royalblue
DNAH12,royalblue
DNAJA1,royalblue
DNAJC25,royalblue
DNAJC6,royalblue
DNAJC8,royalblue
DNHD1,royalblue
DNM2,royalblue
DNTTIP2,royalblue
DPM3,royalblue
DPY19L1,royalblue
DPY30,royalblue
DPYSL5,royalblue
DRAM2,royalblue
DSCAML1,royalblue
DSCR3,royalblue
DSE,royalblue
DSN1,royalblue
DSTYK,royalblue
DTYMK,royalblue
DUSP10,royalblue
DYNC1LI1,royalblue
EBAG9,royalblue
EDNRB,royalblue
EFCAB10,royalblue
EFCAB11,royalblue
EFNA3,royalblue
EFNA5,royalblue
EGFL7,royalblue
EIF2B4,royalblue
EIF2C4,royalblue
EIF3B,royalblue
ELL,royalblue
ELOVL2,royalblue
ELOVL6,royalblue
EMID2,royalblue
EML4,royalblue
EMX2OS,royalblue
ENY2,royalblue
ERAP1,royalblue
ERBB2IP,royalblue
ERMAP,royalblue
ETV3,royalblue
EXOG,royalblue
EXT1,royalblue
FAM111A,royalblue
FAM126A,royalblue
FAM132B,royalblue
FAM135A,royalblue
FAM150A,royalblue
FAM190B,royalblue
FAM19A3,royalblue
FAM32A,royalblue
FAM49B,royalblue
FBXW8,royalblue
FCHSD1,royalblue
FCRLB,royalblue
FEZF1,royalblue
FEZF2,royalblue
FHOD3,royalblue
FIS1,royalblue
FKBP7,royalblue
FKBPL,royalblue
FLI1,royalblue
FLJ37453,royalblue
FOXA2,royalblue
FOXD2,royalblue
FOXM1,royalblue
FREM3,royalblue
FTH1,royalblue
FTSJ2,royalblue
FXR2,royalblue
GABBR2,royalblue
GABRG3,royalblue
GALNT15,royalblue
GALNT9,royalblue
GALNTL6,royalblue
GFI1,royalblue
GNA12,royalblue
GNG7,royalblue
GOLGA3,royalblue
GOPC,royalblue
GPATCH4,royalblue
GPI,royalblue
GPM6A,royalblue
GPR12,royalblue
GPR19,royalblue
GRAMD3,royalblue
GRIA2,royalblue
GRIA4,royalblue
GSG1L,royalblue
GTF2E1,royalblue
GYG1,royalblue
H2AFY2,royalblue
H6PD,royalblue
HARS2,royalblue
HCG22,royalblue
HCG4,royalblue
HERPUD1,royalblue
HHAT,royalblue
HINT2,royalblue
HIP1,royalblue
HIPK3,royalblue
HIST1H2BJ,royalblue
HIST1H3H,royalblue
HIST3H2A,royalblue
HLA-DOA,royalblue
HLA-F,royalblue
HMGB1,royalblue
HMGCR,royalblue
HNRNPF,royalblue
HNRNPU,royalblue
HOMEZ,royalblue
HPCA,royalblue
HRNBP3,royalblue
HS3ST2,royalblue
HSBP1,royalblue
HSD17B11,royalblue
HSF2,royalblue
HSPBP1,royalblue
ICA1L,royalblue
IFT52,royalblue
IGF1R,royalblue
ING4,royalblue
INPP5F,royalblue
INTS6-AS1,royalblue
INTS8,royalblue
INTS9,royalblue
ISM1,royalblue
ITM2B,royalblue
ITPR2,royalblue
JAGN1,royalblue
JTB,royalblue
JUN,royalblue
KANK1,royalblue
KCNH4,royalblue
KCNH8,royalblue
KCNN2,royalblue
KCTD21,royalblue
KCTD8,royalblue
KIAA0528,royalblue
KIAA1841,royalblue
KIF17,royalblue
KIF18A,royalblue
KIF25,royalblue
KIF25-AS1,royalblue
KLF10,royalblue
KLF12,royalblue
KLHL12,royalblue
KRT71,royalblue
LAMA1,royalblue
LAMA4,royalblue
LAMB2,royalblue
LDLRAD3,royalblue
LEPREL1,royalblue
LGI1,royalblue
LHFPL5,royalblue
LINC-PINT,royalblue
LINC00548,royalblue
LINC00578,royalblue
LINC01258,royalblue
LINC01465,royalblue
LINC01578,royalblue
LMF1,royalblue
LMNB1,royalblue
LMO3,royalblue
LOC100129203,royalblue
LOC100302652,royalblue
LOC100507391,royalblue
LOC101927421,royalblue
LOC153684,royalblue
LOC253724,royalblue
LOC25845,royalblue
LOC550112,royalblue
LOC729156,royalblue
LOX,royalblue
LRRC49,royalblue
LRRC58,royalblue
LRSAM1,royalblue
LSM3,royalblue
LSM8,royalblue
LUZP1,royalblue
MAD2L1,royalblue
MAGI2,royalblue
MAML3,royalblue
MAN1A1,royalblue
MAP3K5,royalblue
MAP4,royalblue
MB21D2,royalblue
MBOAT7,royalblue
MCCC1,royalblue
MCM6,royalblue
MCM7,royalblue
MED13,royalblue
MED13L,royalblue
MED25,royalblue
MEF2C,royalblue
MEGF6,royalblue
MET,royalblue
MFHAS1,royalblue
MFN1,royalblue
MFSD8,royalblue
MIR422A,royalblue
MKS1,royalblue
MLIP,royalblue
MORN4,royalblue
MPP5,royalblue
MPZL1,royalblue
MRPS18B,royalblue
MRPS21,royalblue
MTA2,royalblue
MTFMT,royalblue
MTIF2,royalblue
MUC17,royalblue
MXI1,royalblue
MYC,royalblue
MYH10,royalblue
MYST3,royalblue
MZF1,royalblue
N6AMT1,royalblue
NAGLU,royalblue
NARS2,royalblue
NCDN,royalblue
NCF2,royalblue
NCOA2,royalblue
NCOR2,royalblue
NCRNA00188,royalblue
NDRG4,royalblue
NDUFAF3,royalblue
NDUFAF4,royalblue
NEBL,royalblue
NECAP2,royalblue
NEK11,royalblue
NET1,royalblue
NF2,royalblue
NFIC,royalblue
NFRKB,royalblue
NFU1,royalblue
NIF3L1,royalblue
NIPBL,royalblue
NIPSNAP3A,royalblue
NKX6-2,royalblue
NLGN1,royalblue
NLRC5,royalblue
NOL4,royalblue
NOP16,royalblue
NOS1AP,royalblue
NPR1,royalblue
NPR3,royalblue
NR4A1,royalblue
NRBP2,royalblue
NT5C,royalblue
NTRK3,royalblue
NUBP1,royalblue
NUDCD2,royalblue
NUDT19,royalblue
NUP155,royalblue
ODF2L,royalblue
OLFM3,royalblue
OPA1,royalblue
OR8B4,royalblue
OSBPL3,royalblue
OSGEP,royalblue
OSTC,royalblue
PAAF1,royalblue
PALLD,royalblue
PARVB,royalblue
PAX2,royalblue
PCBD1,royalblue
PCSK6,royalblue
PDE4D,royalblue
PDIA6,royalblue
PDLIM3,royalblue
PDP1,royalblue
PENK,royalblue
PHF1,royalblue
PHF21A,royalblue
PHKB,royalblue
PHOSPHO1,royalblue
PIGM,royalblue
PIK3C3,royalblue
PIK3R2,royalblue
PIKFYVE,royalblue
PIWIL2,royalblue
PKD1L1,royalblue
PLA2G12A,royalblue
PLCL2,royalblue
PLCXD2,royalblue
PMS1,royalblue
PMVK,royalblue
PNPLA6,royalblue
PODXL2,royalblue
POLK,royalblue
POLR2G,royalblue
POP5,royalblue
POR,royalblue
PPM1F,royalblue
PPP1R15B,royalblue
PPP2R2C,royalblue
PPP2R5C,royalblue
PPT2,royalblue
PRDM5,royalblue
PRICKLE1,royalblue
PRKAG2,royalblue
PRKAR2B,royalblue
PRKCA,royalblue
PRKG1,royalblue
PRPF31,royalblue
PRPSAP1,royalblue
PRR3,royalblue
PRTN3,royalblue
PSKH1,royalblue
PSMA7,royalblue
PSMB5,royalblue
PTCH1,royalblue
PTF1A,royalblue
RAB11A,royalblue
RAB11FIP5,royalblue
RADIL,royalblue
RANBP2,royalblue
RAPGEF6,royalblue
RARS,royalblue
RCOR3,royalblue
RDH10,royalblue
REEP3,royalblue
REST,royalblue
RGL2,royalblue
RGP1,royalblue
RGS7,royalblue
RHEB,royalblue
RIF1,royalblue
RMRP,royalblue
RNASEH2C,royalblue
RNF217,royalblue
RNF7,royalblue
ROBO1,royalblue
RPA1,royalblue
RPH3AL,royalblue
RPP14,royalblue
RPP21,royalblue
RPS6KA2,royalblue
RSPO3,royalblue
RTCD1,royalblue
RTDR1,royalblue
RUNX3,royalblue
RXRG,royalblue
S100A1,royalblue
S100A13,royalblue
SCARB2,royalblue
SCN10A,royalblue
SCN3B,royalblue
SCN5A,royalblue
SCNN1A,royalblue
SDC2,royalblue
SEC23IP,royalblue
SEC24D,royalblue
SELK,royalblue
SERPINB1,royalblue
SERTAD4-AS1,royalblue
SETDB1,royalblue
SF1,royalblue
SFRS5,royalblue
SFXN4,royalblue
SH2D4A,royalblue
SH3BGRL2,royalblue
SIRT5,royalblue
SIX3,royalblue
SLAIN1,royalblue
SLC13A4,royalblue
SLC18A3,royalblue
SLC25A33,royalblue
SLC25A38,royalblue
SLC2A12,royalblue
SLC35D3,royalblue
SLC39A10,royalblue
SLC44A1,royalblue
SLC7A14,royalblue
SLIT1,royalblue
SLITRK3,royalblue
SLITRK5,royalblue
SMARCC1,royalblue
SNHG12,royalblue
SNORD27,royalblue
SNORD84,royalblue
SON,royalblue
SPATA13,royalblue
SPG21,royalblue
SPHK1,royalblue
SPINK7,royalblue
SREBF1,royalblue
SREBF2,royalblue
SREK1IP1,royalblue
SRP68,royalblue
SRSF7,royalblue
ST5,royalblue
STAB1,royalblue
STARD3NL,royalblue
STEAP3,royalblue
STIM2,royalblue
STK19,royalblue
STK38,royalblue
STX4,royalblue
STX5,royalblue
SUPV3L1,royalblue
SYNRG,royalblue
SYT2,royalblue
TARDBP,royalblue
TARS,royalblue
TBC1D16,royalblue
TBC1D20,royalblue
TCEB1,royalblue
TCEB3,royalblue
TECR,royalblue
TESK2,royalblue
TEX14,royalblue
TEX2,royalblue
TFCP2L1,royalblue
THAP8,royalblue
THOC7,royalblue
THY1,royalblue
TIMELESS,royalblue
TJP3,royalblue
TLL1,royalblue
TMEM120A,royalblue
TMEM183A,royalblue
TMEM188,royalblue
TMEM254,royalblue
TMEM49,royalblue
TMEM57,royalblue
TMEM59,royalblue
TMEM66,royalblue
TMEM8B,royalblue
TMEM98,royalblue
TMTC4,royalblue
TNPO1,royalblue
TNRC6B,royalblue
TOLLIP,royalblue
TOP2A,royalblue
TOPBP1,royalblue
TOPORS,royalblue
TPD52,royalblue
TRAF3,royalblue
TRAP1,royalblue
TRAPPC6A,royalblue
TRAPPC9,royalblue
TREM1,royalblue
TRIB2,royalblue
TRIM25,royalblue
TRIM31,royalblue
TRMT2A,royalblue
TRPC4AP,royalblue
TRPS1,royalblue
TSPAN4,royalblue
TSPYL4,royalblue
TTC17,royalblue
TTC26,royalblue
TTC9C,royalblue
TTF2,royalblue
TUFT1,royalblue
UBE2B,royalblue
UBE2CBP,royalblue
UBE2S,royalblue
UBE3C,royalblue
UBR2,royalblue
UBR3,royalblue
UBXN8,royalblue
UEVLD,royalblue
UNC45A,royalblue
USP12,royalblue
USP44,royalblue
USP53,royalblue
VEPH1,royalblue
VGLL4,royalblue
VIM,royalblue
VOPP1,royalblue
VPS13A-AS1,royalblue
VPS52,royalblue
VWA2,royalblue
VWA5A,royalblue
VWC2,royalblue
WDR5B,royalblue
WDR6,royalblue
WDR60,royalblue
WDR65,royalblue
WDR90,royalblue
WNK1,royalblue
WT1,royalblue
YIPF1,royalblue
YTHDC1,royalblue
ZBTB5,royalblue
ZBTB9,royalblue
ZC3H15,royalblue
ZC3H4,royalblue
ZC3HC1,royalblue
ZFP41,royalblue
ZFYVE21,royalblue
ZMYM2,royalblue
ZNF12,royalblue
ZNF136,royalblue
ZNF143,royalblue
ZNF155,royalblue
ZNF169,royalblue
ZNF17,royalblue
ZNF175,royalblue
ZNF2,royalblue
ZNF232,royalblue
ZNF234,royalblue
ZNF238,royalblue
ZNF24,royalblue
ZNF304,royalblue
ZNF318,royalblue
ZNF324B,royalblue
ZNF335,royalblue
ZNF354B,royalblue
ZNF384,royalblue
ZNF394,royalblue
ZNF397OS,royalblue
ZNF451,royalblue
ZNF460,royalblue
ZNF514,royalblue
ZNF580,royalblue
ZNF613,royalblue
ZNF655,royalblue
ZNF695,royalblue
ZNF777,royalblue
ZNF785,royalblue
ZNF829,royalblue
ZNRD1,royalblue
ZSCAN1,royalblue
ZSCAN21,royalblue
ZSCAN26,royalblue
A4GALT,saddlebrown
AARS2,saddlebrown
AASS,saddlebrown
ABCB1,saddlebrown
ABCB6,saddlebrown
ABCB8,saddlebrown
ABCC2,saddlebrown
ABCG2,saddlebrown
ABHD1,saddlebrown
ABI2,saddlebrown
ABT1,saddlebrown
ABTB2,saddlebrown
ACACB,saddlebrown
ACAD10,saddlebrown
ACAT2,saddlebrown
ACBD4,saddlebrown
ACOT11,saddlebrown
ACPP,saddlebrown
ACSL1,saddlebrown
ACSL3,saddlebrown
ACTB,saddlebrown
ACTN1,saddlebrown
ACTN2,saddlebrown
ACY1,saddlebrown
ADAM19,saddlebrown
ADAM9,saddlebrown
ADAMTS16,saddlebrown
ADAP1,saddlebrown
ADAT1,saddlebrown
ADAT2,saddlebrown
ADCK3,saddlebrown
ADCY9,saddlebrown
ADGRG1,saddlebrown
AFAP1,saddlebrown
AFF4,saddlebrown
AGFG1,saddlebrown
AGPAT1,saddlebrown
AGPAT6,saddlebrown
AHSA2,saddlebrown
AIMP1,saddlebrown
AK2,saddlebrown
AK3L1,saddlebrown
AKAP11,saddlebrown
AKAP12,saddlebrown
AKR1A1,saddlebrown
AKR1B1,saddlebrown
ALDH1L1,saddlebrown
ALDH7A1,saddlebrown
ALG10B,saddlebrown
ALKBH5,saddlebrown
ALPK1,saddlebrown
AMD1,saddlebrown
AMIGO1,saddlebrown
AMOTL2,saddlebrown
AMZ2,saddlebrown
ANAPC11,saddlebrown
ANAPC5,saddlebrown
ANAPC7,saddlebrown
ANGPT1,saddlebrown
ANGPTL6,saddlebrown
ANKH,saddlebrown
ANKMY1,saddlebrown
ANKRD13A,saddlebrown
ANKRD26,saddlebrown
ANKRD34A,saddlebrown
ANKRD46,saddlebrown
ANO3,saddlebrown
ANO5,saddlebrown
ANO6,saddlebrown
ANTXR2,saddlebrown
AP1G1,saddlebrown
APC,saddlebrown
API5,saddlebrown
ARAP2,saddlebrown
ARF1,saddlebrown
ARF3,saddlebrown
ARFRP1,saddlebrown
ARGLU1,saddlebrown
ARHGAP18,saddlebrown
ARHGAP21,saddlebrown
ARHGEF10,saddlebrown
ARHGEF25,saddlebrown
ARHGEF4,saddlebrown
ARID1B,saddlebrown
ARID5B,saddlebrown
ARL15,saddlebrown
ARL2BP,saddlebrown
ARL6IP6,saddlebrown
ARL9,saddlebrown
ARMC7,saddlebrown
ARPC5,saddlebrown
ARPP-21,saddlebrown
ASCL1,saddlebrown
ASF1B,saddlebrown
ASH1L,saddlebrown
ASPHD1,saddlebrown
ATE1,saddlebrown
ATF2,saddlebrown
ATF6,saddlebrown
ATF6B,saddlebrown
ATF7,saddlebrown
ATM,saddlebrown
ATP13A4,saddlebrown
ATP1A1,saddlebrown
ATP1B1,saddlebrown
ATP2B4,saddlebrown
ATP5G2,saddlebrown
ATP5J2,saddlebrown
ATP6V0D1,saddlebrown
ATP6V1F,saddlebrown
AURKA,saddlebrown
AURKAIP1,saddlebrown
AVPI1,saddlebrown
B3GALNT2,saddlebrown
B3GALT4,saddlebrown
B3GAT3,saddlebrown
B3GNT3,saddlebrown
B4GALT6,saddlebrown
BAG1,saddlebrown
BAI1,saddlebrown
BAI3,saddlebrown
BANP,saddlebrown
BAT1,saddlebrown
BAZ1A,saddlebrown
BBC3,saddlebrown
BBS2,saddlebrown
BBS7,saddlebrown
BCAP29,saddlebrown
BCAT1,saddlebrown
BCL3,saddlebrown
BCLAF1,saddlebrown
BEST1,saddlebrown
BFSP1,saddlebrown
BHLHE40,saddlebrown
BIVM,saddlebrown
BMP6,saddlebrown
BMP7,saddlebrown
BNIP3,saddlebrown
BOC,saddlebrown
BOK,saddlebrown
BRD2,saddlebrown
BRF1,saddlebrown
BRP44,saddlebrown
BRUNOL4,saddlebrown
BSG,saddlebrown
BTBD12,saddlebrown
BTBD8,saddlebrown
BTD,saddlebrown
BTG1,saddlebrown
BUB3,saddlebrown
BUD13,saddlebrown
BUD31,saddlebrown
BYSL,saddlebrown
BZW1,saddlebrown
C10ORF114,saddlebrown
C10ORF119,saddlebrown
C10ORF137,saddlebrown
C10ORF4,saddlebrown
C10ORF41,saddlebrown
C10ORF46,saddlebrown
C10ORF58,saddlebrown
C10ORF78,saddlebrown
C10ORF79,saddlebrown
C10ORF93,saddlebrown
C11ORF20,saddlebrown
C11ORF60,saddlebrown
C11ORF84,saddlebrown
C11ORF87,saddlebrown
C11ORF95,saddlebrown
C12ORF23,saddlebrown
C12ORF35,saddlebrown
C12ORF49,saddlebrown
C12ORF65,saddlebrown
C13ORF23,saddlebrown
C13ORF33,saddlebrown
C14ORF147,saddlebrown
C14ORF50,saddlebrown
C15ORF33,saddlebrown
C15ORF39,saddlebrown
C16ORF75,saddlebrown
C17ORF63,saddlebrown
C17ORF97,saddlebrown
C19ORF61,saddlebrown
C1ORF122,saddlebrown
C1ORF125,saddlebrown
C1ORF128,saddlebrown
C1ORF130,saddlebrown
C1ORF156,saddlebrown
C1ORF186,saddlebrown
C1ORF190,saddlebrown
C1ORF194,saddlebrown
C1ORF213,saddlebrown
C1ORF58,saddlebrown
C1ORF97,saddlebrown
C1QA,saddlebrown
C1QTNF3,saddlebrown
C1RL,saddlebrown
C21ORF2,saddlebrown
C21ORF29,saddlebrown
C22ORF40,saddlebrown
C22ORF45,saddlebrown
C2ORF49,saddlebrown
C2ORF63,saddlebrown
C2ORF72,saddlebrown
C2ORF88,saddlebrown
C3ORF1,saddlebrown
C3ORF21,saddlebrown
C3ORF58,saddlebrown
C3ORF59,saddlebrown
C3ORF67,saddlebrown
C4ORF37,saddlebrown
C4ORF41,saddlebrown
C5ORF30,saddlebrown
C5ORF35,saddlebrown
C5ORF36,saddlebrown
C5ORF4,saddlebrown
C5ORF45,saddlebrown
C6ORF114,saddlebrown
C6ORF125,saddlebrown
C6ORF134,saddlebrown
C6ORF153,saddlebrown
C6ORF174,saddlebrown
C6ORF72,saddlebrown
C6ORF89,saddlebrown
C7ORF20,saddlebrown
C7ORF26,saddlebrown
C7ORF31,saddlebrown
C7ORF49,saddlebrown
C7ORF50,saddlebrown
C7ORF51,saddlebrown
C8ORF31,saddlebrown
C8ORF47,saddlebrown
C8ORF56,saddlebrown
C9ORF156,saddlebrown
C9ORF173,saddlebrown
C9ORF72,saddlebrown
C9ORF75,saddlebrown
C9ORF78,saddlebrown
C9ORF95,saddlebrown
CAB39,saddlebrown
CACNA1G-AS1,saddlebrown
CACNB4,saddlebrown
CACUL1,saddlebrown
CACYBP,saddlebrown
CADM4,saddlebrown
CAGE1,saddlebrown
CALHM2,saddlebrown
CALM2,saddlebrown
CALU,saddlebrown
CAMK2N1,saddlebrown
CAMSAP1,saddlebrown
CAMTA1,saddlebrown
CANX,saddlebrown
CAP1,saddlebrown
CAPN5,saddlebrown
CAPZB,saddlebrown
CARHSP1,saddlebrown
CARS2,saddlebrown
CASC4,saddlebrown
CAT,saddlebrown
CBFA2T2,saddlebrown
CBLN1,saddlebrown
CBX5,saddlebrown
CC2D1B,saddlebrown
CCAR1,saddlebrown
CCDC104,saddlebrown
CCDC117,saddlebrown
CCDC125,saddlebrown
CCDC132,saddlebrown
CCDC138,saddlebrown
CCDC15,saddlebrown
CCDC163P,saddlebrown
CCDC176,saddlebrown
CCDC18,saddlebrown
CCDC180,saddlebrown
CCDC41,saddlebrown
CCDC57,saddlebrown
CCDC65,saddlebrown
CCDC66,saddlebrown
CCDC77,saddlebrown
CCDC78,saddlebrown
CCDC86,saddlebrown
CCDC88B,saddlebrown
CCDC90A,saddlebrown
CCDC93,saddlebrown
CCDC94,saddlebrown
CCHCR1,saddlebrown
CCKBR,saddlebrown
CCNA1,saddlebrown
CCNB1,saddlebrown
CCND1,saddlebrown
CCND3,saddlebrown
CCNE1,saddlebrown
CCNE2,saddlebrown
CCNJL,saddlebrown
CCNO,saddlebrown
CCNY,saddlebrown
CCR10,saddlebrown
CCR9,saddlebrown
CCT5,saddlebrown
CD40,saddlebrown
CD46,saddlebrown
CD55,saddlebrown
CD83,saddlebrown
CD96,saddlebrown
CDC123,saddlebrown
CDC20B,saddlebrown
CDC26,saddlebrown
CDCA7L,saddlebrown
CDH23,saddlebrown
CDH3,saddlebrown
CDIP1,saddlebrown
CDK10,saddlebrown
CDK13,saddlebrown
CDK14,saddlebrown
CDK18,saddlebrown
CDK2AP1,saddlebrown
CDK5,saddlebrown
CDK6,saddlebrown
CDK7,saddlebrown
CDK9,saddlebrown
CDKAL1,saddlebrown
CDKN1A,saddlebrown
CDKN2AIP,saddlebrown
CDR2,saddlebrown
CDX2,saddlebrown
CEBPD,saddlebrown
CECR2,saddlebrown
CENPQ,saddlebrown
CEP120,saddlebrown
CEP72,saddlebrown
CEP97,saddlebrown
CFAP44,saddlebrown
CFL1,saddlebrown
CHAC2,saddlebrown
CHCHD4,saddlebrown
CHCHD6,saddlebrown
CHMP4B,saddlebrown
CHORDC1,saddlebrown
CHP2,saddlebrown
CHRM2,saddlebrown
CHST6,saddlebrown
CHSY3,saddlebrown
CHUK,saddlebrown
CIAPIN1,saddlebrown
CISD1,saddlebrown
CKS2,saddlebrown
CLASP2,saddlebrown
CLCC1,saddlebrown
CLCN3,saddlebrown
CLDN12,saddlebrown
CLEC2L,saddlebrown
CLHC1,saddlebrown
CLIC6,saddlebrown
CLIP2,saddlebrown
CLPX,saddlebrown
CLU,saddlebrown
CLVS1,saddlebrown
CLVS2,saddlebrown
CMTM4,saddlebrown
CMTM6,saddlebrown
CMTM7,saddlebrown
CNIH2,saddlebrown
CNIH4,saddlebrown
CNKSR3,saddlebrown
CNOT11,saddlebrown
CNOT7,saddlebrown
CNTNAP2,saddlebrown
COG3,saddlebrown
COG4,saddlebrown
COL18A1,saddlebrown
COL23A1,saddlebrown
COL2A1,saddlebrown
COL9A1,saddlebrown
COL9A3,saddlebrown
COQ10A,saddlebrown
COQ2,saddlebrown
CORIN,saddlebrown
CORO1B,saddlebrown
CORO1C,saddlebrown
COX11,saddlebrown
COX7C,saddlebrown
COX8A,saddlebrown
CP110,saddlebrown
CPE,saddlebrown
CPEB3,saddlebrown
CPNE8,saddlebrown
CPXM2,saddlebrown
CRABP1,saddlebrown
CRADD,saddlebrown
CRB1,saddlebrown
CRBN,saddlebrown
CREBL2,saddlebrown
CRHR1,saddlebrown
CRHR2,saddlebrown
CROT,saddlebrown
CRYBA4,saddlebrown
CSF1,saddlebrown
CSMD1,saddlebrown
CSMD2,saddlebrown
CSRP3,saddlebrown
CT62,saddlebrown
CTNNA2,saddlebrown
CTNNA3,saddlebrown
CTNNBL1,saddlebrown
CTNND2,saddlebrown
CTSC,saddlebrown
CTU1,saddlebrown
CUGBP2,saddlebrown
CUL2,saddlebrown
CUTA,saddlebrown
CWF19L2,saddlebrown
CYB5R1,saddlebrown
CYFIP2,saddlebrown
CYP2D7P1,saddlebrown
CYP4V2,saddlebrown
CYP51A1,saddlebrown
DAB2IP,saddlebrown
DACT1,saddlebrown
DACT2,saddlebrown
DAXX,saddlebrown
DBNDD1,saddlebrown
DBNDD2,saddlebrown
DBNL,saddlebrown
DCAF10,saddlebrown
DCAF5,saddlebrown
DCBLD1,saddlebrown
DCBLD2,saddlebrown
DCC,saddlebrown
DCDC5,saddlebrown
DCHS1,saddlebrown
DCTN2,saddlebrown
DDAH2,saddlebrown
DDB2,saddlebrown
DDHD1,saddlebrown
DDIT4,saddlebrown
DDR1,saddlebrown
DECR2,saddlebrown
DEDD,saddlebrown
DENND1A,saddlebrown
DERL2,saddlebrown
DGAT1,saddlebrown
DHCR7,saddlebrown
DHODH,saddlebrown
DHRS7,saddlebrown
DHX36,saddlebrown
DIP2A,saddlebrown
DIP2B,saddlebrown
DIP2C,saddlebrown
DISC1,saddlebrown
DIXDC1,saddlebrown
DLC1,saddlebrown
DLGAP1,saddlebrown
DLX6AS,saddlebrown
DMPK,saddlebrown
DNA2,saddlebrown
DNAH7,saddlebrown
DNAJA3,saddlebrown
DNAJA4,saddlebrown
DNAJC1,saddlebrown
DNAJC30,saddlebrown
DNAJC6,saddlebrown
DNAL4,saddlebrown
DNALI1,saddlebrown
DNHD1,saddlebrown
DNMT3B,saddlebrown
DOC2A,saddlebrown
DOCK1,saddlebrown
DOCK10,saddlebrown
DOLK,saddlebrown
DPH6-AS1,saddlebrown
DPP8,saddlebrown
DPY19L3,saddlebrown
DPY19L4,saddlebrown
DPYSL4,saddlebrown
DSCR3,saddlebrown
DSEL,saddlebrown
DSTYK,saddlebrown
DTX3,saddlebrown
DUOX2,saddlebrown
DUSP12,saddlebrown
DUSP19,saddlebrown
DUSP22,saddlebrown
DUSP27,saddlebrown
DUSP4,saddlebrown
DUSP6,saddlebrown
DYM,saddlebrown
DYNC1I1,saddlebrown
DYNLRB1,saddlebrown
DYRK3,saddlebrown
DZIP1L,saddlebrown
E2F4,saddlebrown
E2F8,saddlebrown
EBAG9,saddlebrown
ECD,saddlebrown
EDEM3,saddlebrown
EEF1D,saddlebrown
EFHA1,saddlebrown
EFNA3,saddlebrown
EFNB2,saddlebrown
EGR3,saddlebrown
EHD3,saddlebrown
EHMT2,saddlebrown
EID2,saddlebrown
EIF2AK1,saddlebrown
EIF2AK3,saddlebrown
EIF2B4,saddlebrown
EIF3H,saddlebrown
EIF5A2,saddlebrown
ELL,saddlebrown
ELMO1,saddlebrown
ELMOD1,saddlebrown
ELOVL3,saddlebrown
ELOVL5,saddlebrown
EMX2OS,saddlebrown
ENKUR,saddlebrown
ENTPD2,saddlebrown
EP400NL,saddlebrown
EPHA1,saddlebrown
EPS15,saddlebrown
EPT1,saddlebrown
ERBB3,saddlebrown
ERC1,saddlebrown
ERC2,saddlebrown
ERGIC2,saddlebrown
ERICH1,saddlebrown
ERO1L,saddlebrown
ESD,saddlebrown
ESPL1,saddlebrown
ESR1,saddlebrown
ESYT2,saddlebrown
ETNK1,saddlebrown
EVA1C,saddlebrown
EXD2,saddlebrown
EXOC2,saddlebrown
EYA2,saddlebrown
EYA4,saddlebrown
F10,saddlebrown
FAM105A,saddlebrown
FAM108A1,saddlebrown
FAM111A,saddlebrown
FAM123C,saddlebrown
FAM162B,saddlebrown
FAM169A,saddlebrown
FAM174A,saddlebrown
FAM177A1,saddlebrown
FAM178A,saddlebrown
FAM194A,saddlebrown
FAM228B,saddlebrown
FAM32A,saddlebrown
FAM36A,saddlebrown
FAM38A,saddlebrown
FAM41C,saddlebrown
FAM54A,saddlebrown
FAM55C,saddlebrown
FAM59B,saddlebrown
FAM5C,saddlebrown
FAM76A,saddlebrown
FAM81A,saddlebrown
FAM82B,saddlebrown
FAM84B,saddlebrown
FARP1,saddlebrown
FARSB,saddlebrown
FASTK,saddlebrown
FAU,saddlebrown
FBRSL1,saddlebrown
FBXL15,saddlebrown
FBXL19-AS1,saddlebrown
FBXL22,saddlebrown
FBXO28,saddlebrown
FBXO34,saddlebrown
FBXO36,saddlebrown
FBXO46,saddlebrown
FBXO7,saddlebrown
FBXO8,saddlebrown
FCRLA,saddlebrown
FDPS,saddlebrown
FDX1,saddlebrown
FECH,saddlebrown
FERMT2,saddlebrown
FES,saddlebrown
FEZ2,saddlebrown
FGD4,saddlebrown
FGF1,saddlebrown
FGF12,saddlebrown
FGF9,saddlebrown
FGFBP3,saddlebrown
FGFRL1,saddlebrown
FILIP1,saddlebrown
FKBP8,saddlebrown
FLG,saddlebrown
FLJ39582,saddlebrown
FLJ45983,saddlebrown
FLRT2,saddlebrown
FLVCR1,saddlebrown
FMNL3,saddlebrown
FNBP1,saddlebrown
FOLH1,saddlebrown
FOXC2,saddlebrown
FOXI2,saddlebrown
FOXM1,saddlebrown
FOXN3,saddlebrown
FOXP1,saddlebrown
FRG1B,saddlebrown
FRMD3,saddlebrown
FRMD4A,saddlebrown
FRY,saddlebrown
FUCA1,saddlebrown
FURIN,saddlebrown
FUT11,saddlebrown
FXR2,saddlebrown
FZD3,saddlebrown
G0S2,saddlebrown
GABARAPL1,saddlebrown
GABRA2,saddlebrown
GABRA5,saddlebrown
GABRB2,saddlebrown
GABRG2,saddlebrown
GABRG3,saddlebrown
GADL1,saddlebrown
GALE,saddlebrown
GAREML,saddlebrown
GAS2L1,saddlebrown
GAS7,saddlebrown
GATAD2A,saddlebrown
GATM,saddlebrown
GEMIN6,saddlebrown
GFI1B,saddlebrown
GGCT,saddlebrown
GGN,saddlebrown
GGPS1,saddlebrown
GHDC,saddlebrown
GLE1,saddlebrown
GLRX,saddlebrown
GLYAT,saddlebrown
GMNN,saddlebrown
GNA12,saddlebrown
GNAI1,saddlebrown
GNAI2,saddlebrown
GNAL,saddlebrown
GNG5,saddlebrown
GNPAT,saddlebrown
GNPDA2,saddlebrown
GOLT1A,saddlebrown
GOPC,saddlebrown
GORASP1,saddlebrown
GPAM,saddlebrown
GPD2,saddlebrown
GPR133,saddlebrown
GPR158,saddlebrown
GPR161,saddlebrown
GPR26,saddlebrown
GPR56,saddlebrown
GPT2,saddlebrown
GPX3,saddlebrown
GRB10,saddlebrown
GRIA4,saddlebrown
GRID2IP,saddlebrown
GRIK2,saddlebrown
GRIN1,saddlebrown
GRIN3A,saddlebrown
GRK7,saddlebrown
GS1-24F4.2,saddlebrown
GSE1,saddlebrown
GSN,saddlebrown
GSTO2,saddlebrown
GTF2IRD1,saddlebrown
GTPBP1,saddlebrown
GUF1,saddlebrown
GXYLT1,saddlebrown
GYG1,saddlebrown
HACD2,saddlebrown
HAGH,saddlebrown
HAND1,saddlebrown
HAR1B,saddlebrown
HAS2AS,saddlebrown
HCFC1R1,saddlebrown
HDGF,saddlebrown
HEATR1,saddlebrown
HELB,saddlebrown
HES1,saddlebrown
HES5,saddlebrown
HGSNAT,saddlebrown
HIBADH,saddlebrown
HIF1A,saddlebrown
HIGD2A,saddlebrown
HINT2,saddlebrown
HIP1R,saddlebrown
HIST1H1B,saddlebrown
HIST1H2AA,saddlebrown
HIST1H2BN,saddlebrown
HIST1H3D,saddlebrown
HIST1H3I,saddlebrown
HIST1H4D,saddlebrown
HIST2H2BE,saddlebrown
HIST4H4,saddlebrown
HIVEP3,saddlebrown
HLA-B,saddlebrown
HLA-C,saddlebrown
HLA-DMB,saddlebrown
HLA-DOA,saddlebrown
HLA-E,saddlebrown
HM13,saddlebrown
HMGB2,saddlebrown
HMGN2,saddlebrown
HN1L,saddlebrown
HNRNPA2B1,saddlebrown
HNRNPH1,saddlebrown
HOMER2,saddlebrown
HOXA4,saddlebrown
HOXB13,saddlebrown
HOXB3,saddlebrown
HOXC10,saddlebrown
HOXC8,saddlebrown
HOXD12,saddlebrown
HPN-AS1,saddlebrown
HPSE2,saddlebrown
HS3ST3B1,saddlebrown
HSDL2,saddlebrown
HSF2,saddlebrown
HSF2BP,saddlebrown
HSP90AB1,saddlebrown
HSP90B1,saddlebrown
HSPA12A,saddlebrown
HSPA2,saddlebrown
HSPA5,saddlebrown
HYAL2,saddlebrown
HYAL3,saddlebrown
IARS,saddlebrown
ICAM5,saddlebrown
IDUA,saddlebrown
IER2,saddlebrown
IER3,saddlebrown
IFIT3,saddlebrown
IGDCC4,saddlebrown
IGSF21,saddlebrown
IL10RB,saddlebrown
IL17RD,saddlebrown
ILF2,saddlebrown
INA,saddlebrown
ING5,saddlebrown
INPP5A,saddlebrown
IQCE,saddlebrown
IQCH,saddlebrown
IQSEC1,saddlebrown
IRF4,saddlebrown
IRX1,saddlebrown
IRX2,saddlebrown
IRX4,saddlebrown
ISY1,saddlebrown
ITFG2,saddlebrown
ITGA6,saddlebrown
ITGAV,saddlebrown
ITPKA,saddlebrown
ITPR1,saddlebrown
IVNS1ABP,saddlebrown
JADE1,saddlebrown
JAGN1,saddlebrown
JMJD1C,saddlebrown
JRKL,saddlebrown
JUP,saddlebrown
KANK1,saddlebrown
KANSL2,saddlebrown
KARS,saddlebrown
KAT5,saddlebrown
KAZN,saddlebrown
KBTBD7,saddlebrown
KCNA6,saddlebrown
KCND2,saddlebrown
KCNH2,saddlebrown
KCNIP1,saddlebrown
KCNJ14,saddlebrown
KCNK10,saddlebrown
KCNV1,saddlebrown
KCTD10,saddlebrown
KCTD16,saddlebrown
KCTD9,saddlebrown
KDF1,saddlebrown
KDM5B,saddlebrown
KIAA0101,saddlebrown
KIAA0247,saddlebrown
KIAA0319,saddlebrown
KIAA0652,saddlebrown
KIAA0754,saddlebrown
KIAA0895,saddlebrown
KIAA0907,saddlebrown
KIAA1199,saddlebrown
KIAA1244,saddlebrown
KIAA1324,saddlebrown
KIAA1409,saddlebrown
KIAA1529,saddlebrown
KIAA1530,saddlebrown
KIAA1671,saddlebrown
KIAA1841,saddlebrown
KIF13B,saddlebrown
KIF20A,saddlebrown
KIF20B,saddlebrown
KIF26B,saddlebrown
KIF2C,saddlebrown
KIF6,saddlebrown
KIF9,saddlebrown
KLC2,saddlebrown
KLF11,saddlebrown
KLF15,saddlebrown
KLHL24,saddlebrown
KLHL5,saddlebrown
KLK5,saddlebrown
KLRG2,saddlebrown
KNOP1,saddlebrown
KPRP,saddlebrown
KREMEN2,saddlebrown
KRR1,saddlebrown
KRTCAP2,saddlebrown
KSR2,saddlebrown
KTN1,saddlebrown
L3MBTL3,saddlebrown
LACE1,saddlebrown
LAMB2,saddlebrown
LAPTM4A,saddlebrown
LARP1,saddlebrown
LARP1B,saddlebrown
LARS2,saddlebrown
LASS3,saddlebrown
LAX1,saddlebrown
LAYN,saddlebrown
LBH,saddlebrown
LBR,saddlebrown
LDHB,saddlebrown
LEMD1,saddlebrown
LEMD3,saddlebrown
LFNG,saddlebrown
LGALS3,saddlebrown
LGR5,saddlebrown
LHFPL5,saddlebrown
LHX2,saddlebrown
LHX5,saddlebrown
LHX6,saddlebrown
LIFR,saddlebrown
LIMA1,saddlebrown
LIMS1,saddlebrown
LIN52,saddlebrown
LIN7A,saddlebrown
LINC00476,saddlebrown
LINC01057,saddlebrown
LINC01229,saddlebrown
LINC01273,saddlebrown
LINC01315,saddlebrown
LINC01481,saddlebrown
LINC01572,saddlebrown
LINC01578,saddlebrown
LINS1,saddlebrown
LIPE,saddlebrown
LIX1L,saddlebrown
LMBRD1,saddlebrown
LMBRD2,saddlebrown
LMO3,saddlebrown
LMTK2,saddlebrown
LMTK3,saddlebrown
LMX1A,saddlebrown
LMX1B,saddlebrown
LOC100128398,saddlebrown
LOC100130522,saddlebrown
LOC100130691,saddlebrown
LOC100132111,saddlebrown
LOC100287944,saddlebrown
LOC100288181,saddlebrown
LOC100288730,saddlebrown
LOC100288798,saddlebrown
LOC100422737,saddlebrown
LOC100507140,saddlebrown
LOC101927318,saddlebrown
LOC101928489,saddlebrown
LOC101929696,saddlebrown
LOC105376360,saddlebrown
LOC144571,saddlebrown
LOC146336,saddlebrown
LOC151534,saddlebrown
LOC152217,saddlebrown
LOC153328,saddlebrown
LOC219347,saddlebrown
LOC221710,saddlebrown
LOC253724,saddlebrown
LOC344595,saddlebrown
LOC387647,saddlebrown
LOC387763,saddlebrown
LOC388588,saddlebrown
LOC399959,saddlebrown
LOC401052,saddlebrown
LOC401093,saddlebrown
LOC440925,saddlebrown
LOC642366,saddlebrown
LOC728723,saddlebrown
LOC728743,saddlebrown
LOC90768,saddlebrown
LOC91316,saddlebrown
LOH3CR2A,saddlebrown
LOX,saddlebrown
LOXHD1,saddlebrown
LOXL4,saddlebrown
LPGAT1,saddlebrown
LPIN1,saddlebrown
LPPR1,saddlebrown
LRFN2,saddlebrown
LRIG3,saddlebrown
LRMP,saddlebrown
LRP1,saddlebrown
LRRC27,saddlebrown
LRRC28,saddlebrown
LRRC33,saddlebrown
LRRC34,saddlebrown
LRRC4C,saddlebrown
LRRC58,saddlebrown
LRRC59,saddlebrown
LRRFIP2,saddlebrown
LRRN1,saddlebrown
LRSAM1,saddlebrown
LSM3,saddlebrown
LSS,saddlebrown
LTB4R2,saddlebrown
LTV1,saddlebrown
LURAP1L-AS1,saddlebrown
LY75,saddlebrown
LYPLA2,saddlebrown
LYSMD2,saddlebrown
LZTS2,saddlebrown
MACROD1,saddlebrown
MAD2L1BP,saddlebrown
MAD2L2,saddlebrown
MAGI2,saddlebrown
MAML2,saddlebrown
MAN1C1,saddlebrown
MAN2B1,saddlebrown
MANSC1,saddlebrown
MAP2,saddlebrown
MAP3K13,saddlebrown
MAP3K4,saddlebrown
MAP3K8,saddlebrown
MAPKAPK5,saddlebrown
MAPKAPK5-AS1,saddlebrown
MAPKBP1,saddlebrown
MAR-06,saddlebrown
MARCKSL1,saddlebrown
MARK4,saddlebrown
MAST3,saddlebrown
MAST4,saddlebrown
MAT2B,saddlebrown
MATN2,saddlebrown
MATR3,saddlebrown
MBNL1,saddlebrown
MBOAT7,saddlebrown
MBP,saddlebrown
MCAM,saddlebrown
MCC,saddlebrown
MCCC1,saddlebrown
MCCC2,saddlebrown
MCF2L2,saddlebrown
MCOLN1,saddlebrown
MCPH1,saddlebrown
MDH1B,saddlebrown
MED10,saddlebrown
MED22,saddlebrown
MED24,saddlebrown
MEF2A,saddlebrown
MEGF11,saddlebrown
MEGF6,saddlebrown
MEIS2,saddlebrown
MET,saddlebrown
METAP1,saddlebrown
METTL9,saddlebrown
MEX3C,saddlebrown
MFSD2B,saddlebrown
MGAT1,saddlebrown
MGAT3-AS1,saddlebrown
MGAT4A,saddlebrown
MGC23284,saddlebrown
MGC87042,saddlebrown
MGST2,saddlebrown
MIER1,saddlebrown
MIR1244-4,saddlebrown
MIR181C,saddlebrown
MIR3175,saddlebrown
MIR548G,saddlebrown
MIR548N,saddlebrown
MIR636,saddlebrown
MIR638,saddlebrown
MIR760,saddlebrown
MIR941-3,saddlebrown
MKI67IP,saddlebrown
MMACHC,saddlebrown
MMADHC,saddlebrown
MOAP1,saddlebrown
MOBP,saddlebrown
MOCS1,saddlebrown
MORC3,saddlebrown
MORN1,saddlebrown
MPL,saddlebrown
MPP6,saddlebrown
MRPL10,saddlebrown
MRPL19,saddlebrown
MRPL51,saddlebrown
MRPS18B,saddlebrown
MRPS36,saddlebrown
MRPS7,saddlebrown
MRPS9,saddlebrown
MSX2,saddlebrown
MTERF2,saddlebrown
MTHFS,saddlebrown
MTMR14,saddlebrown
MTNR1B,saddlebrown
MTRF1L,saddlebrown
MTUS1,saddlebrown
MUC4,saddlebrown
MVK,saddlebrown
MYADM,saddlebrown
MYCBPAP,saddlebrown
MYCL1,saddlebrown
MYEOV2,saddlebrown
MYH10,saddlebrown
MYH14,saddlebrown
MYL5,saddlebrown
MYNN,saddlebrown
MYO10,saddlebrown
MYO16,saddlebrown
MYO5B,saddlebrown
MYOF,saddlebrown
MYOM2,saddlebrown
MYSM1,saddlebrown
MYST4,saddlebrown
N4BP2,saddlebrown
NAA15,saddlebrown
NAA38,saddlebrown
NAALAD2,saddlebrown
NACA,saddlebrown
NAGA,saddlebrown
NAIF1,saddlebrown
NAP1L4,saddlebrown
NAPEPLD,saddlebrown
NAT6,saddlebrown
NBL1,saddlebrown
NBN,saddlebrown
NBR1,saddlebrown
NCL,saddlebrown
NCOA2,saddlebrown
NCOA5,saddlebrown
NCOR1,saddlebrown
NCRNA00116,saddlebrown
NCRNA00167,saddlebrown
NCRNA00200,saddlebrown
NDE1,saddlebrown
NDUFAF2,saddlebrown
NDUFB2-AS1,saddlebrown
NDUFS7,saddlebrown
NDUFV2-AS1,saddlebrown
NEAT1,saddlebrown
NEBL,saddlebrown
NEBL-AS1,saddlebrown
NECAB3,saddlebrown
NEDD8-MDP1,saddlebrown
NEFH,saddlebrown
NEK1,saddlebrown
NEK11,saddlebrown
NEK6,saddlebrown
NEK9,saddlebrown
NEMF,saddlebrown
NEXN,saddlebrown
NFASC,saddlebrown
NFATC2IP,saddlebrown
NFE2L1,saddlebrown
NFE2L2,saddlebrown
NFIB,saddlebrown
NFIX,saddlebrown
NFXL1,saddlebrown
NHP2,saddlebrown
NID2,saddlebrown
NIPA1,saddlebrown
NIPA2,saddlebrown
NKD2,saddlebrown
NKX2-2,saddlebrown
NLK,saddlebrown
NLN,saddlebrown
NMI,saddlebrown
NNT,saddlebrown
NOL4L,saddlebrown
NOP58,saddlebrown
NPAT,saddlebrown
NPLOC4,saddlebrown
NPR2,saddlebrown
NPY,saddlebrown
NR1D2,saddlebrown
NR2F1,saddlebrown
NR2F2,saddlebrown
NRBP1,saddlebrown
NRN1,saddlebrown
NSD1,saddlebrown
NSMCE1,saddlebrown
NSUN6,saddlebrown
NT5DC1,saddlebrown
NT5E,saddlebrown
NTN1,saddlebrown
NTNG1,saddlebrown
NTRK3,saddlebrown
NUBPL,saddlebrown
NUDC,saddlebrown
NUDCD3,saddlebrown
NUDT12,saddlebrown
NUDT13,saddlebrown
NUDT17,saddlebrown
NUDT19,saddlebrown
NUDT4,saddlebrown
NUDT6,saddlebrown
NUF2,saddlebrown
NUMB,saddlebrown
NUP133,saddlebrown
NUP155,saddlebrown
NUP160,saddlebrown
NUP205,saddlebrown
NUP210,saddlebrown
NUP214,saddlebrown
NUP88,saddlebrown
NUPL2,saddlebrown
NXPH2,saddlebrown
NXPH3,saddlebrown
OAF,saddlebrown
OAT,saddlebrown
OC90,saddlebrown
OCEL1,saddlebrown
ODF2,saddlebrown
ODF3B,saddlebrown
OLFM1,saddlebrown
OLFML2A,saddlebrown
OPRK1,saddlebrown
OR4A16,saddlebrown
OR9Q1,saddlebrown
OSBPL9,saddlebrown
OSCP1,saddlebrown
OSTC,saddlebrown
OTUD3,saddlebrown
OTUD6B,saddlebrown
OXR1,saddlebrown
P3H2,saddlebrown
P4HA2,saddlebrown
PACSIN1,saddlebrown
PAFAH1B3,saddlebrown
PAG1,saddlebrown
PAGR1,saddlebrown
PAM16,saddlebrown
PANK1,saddlebrown
PAPD5,saddlebrown
PAQR8,saddlebrown
PARP14,saddlebrown
PARP16,saddlebrown
PARS2,saddlebrown
PAWR,saddlebrown
PAX7,saddlebrown
PAX8,saddlebrown
PAXBP1-AS1,saddlebrown
PBX2,saddlebrown
PCBD2,saddlebrown
PCCB,saddlebrown
PCDH17,saddlebrown
PCDH18,saddlebrown
PCDH9,saddlebrown
PCDHA3,saddlebrown
PCSK9,saddlebrown
PDCD10,saddlebrown
PDCD2,saddlebrown
PDCD2L,saddlebrown
PDCD6IP,saddlebrown
PDE11A,saddlebrown
PDE1C,saddlebrown
PDE4A,saddlebrown
PDE4D,saddlebrown
PDE5A,saddlebrown
PDGFA,saddlebrown
PDHX,saddlebrown
PDXK,saddlebrown
PEAK1,saddlebrown
PEBP4,saddlebrown
PECI,saddlebrown
PELP1,saddlebrown
PEX10,saddlebrown
PEX2,saddlebrown
PEX26,saddlebrown
PFDN1,saddlebrown
PFKFB3,saddlebrown
PFN4,saddlebrown
PGD,saddlebrown
PHC2,saddlebrown
PHF19,saddlebrown
PHF20,saddlebrown
PHF21A,saddlebrown
PHKB,saddlebrown
PICALM,saddlebrown
PIGG,saddlebrown
PIGP,saddlebrown
PIGU,saddlebrown
PIK3CD,saddlebrown
PIK3R1,saddlebrown
PIN1,saddlebrown
PIP5K1A,saddlebrown
PIP5K1C,saddlebrown
PITPNC1,saddlebrown
PITRM1,saddlebrown
PITX3,saddlebrown
PJA2,saddlebrown
PKIA,saddlebrown
PKNOX2,saddlebrown
PLAG1,saddlebrown
PLD2,saddlebrown
PLD5,saddlebrown
PLDN,saddlebrown
PLEC,saddlebrown
PLEC1,saddlebrown
PLEKHA1,saddlebrown
PLEKHA6,saddlebrown
PLEKHF2,saddlebrown
PLEKHG1,saddlebrown
PLEKHG5,saddlebrown
PLK1S1,saddlebrown
PLOD1,saddlebrown
PLSCR2,saddlebrown
PLXNA2,saddlebrown
PLXND1,saddlebrown
PMF1,saddlebrown
PNPLA6,saddlebrown
PODNL1,saddlebrown
POLA2,saddlebrown
POLR2F,saddlebrown
POM121C,saddlebrown
POP5,saddlebrown
POP7,saddlebrown
POU2F1,saddlebrown
POU3F3,saddlebrown
PPARGC1A,saddlebrown
PPM1B,saddlebrown
PPM1N,saddlebrown
PPP1R3C,saddlebrown
PPP1R3E,saddlebrown
PPP1R8,saddlebrown
PPP2R1A,saddlebrown
PPP2R5E,saddlebrown
PPP6R2,saddlebrown
PPPDE2,saddlebrown
PPT2,saddlebrown
PRC1,saddlebrown
PRDM12,saddlebrown
PRDM15,saddlebrown
PRDM5,saddlebrown
PRDX5,saddlebrown
PRIM2,saddlebrown
PRKAB1,saddlebrown
PRKAG2,saddlebrown
PRKAR1B,saddlebrown
PRKCE,saddlebrown
PRKCZ,saddlebrown
PRKG1,saddlebrown
PRKXP1,saddlebrown
PRMT10,saddlebrown
PRMT2,saddlebrown
PRPSAP2,saddlebrown
PRR15,saddlebrown
PRR16,saddlebrown
PRR25,saddlebrown
PRR34-AS1,saddlebrown
PRR7,saddlebrown
PRRC1,saddlebrown
PRRT4,saddlebrown
PRSS21,saddlebrown
PRSS22,saddlebrown
PRSS35,saddlebrown
PRSS54,saddlebrown
PSAT1,saddlebrown
PSD2,saddlebrown
PSD4,saddlebrown
PSME4,saddlebrown
PSTK,saddlebrown
PTEN,saddlebrown
PTF1A,saddlebrown
PTGER1,saddlebrown
PTGES3,saddlebrown
PTGFRN,saddlebrown
PTHLH,saddlebrown
PTK2,saddlebrown
PTMA,saddlebrown
PTN,saddlebrown
PTPLAD1,saddlebrown
PTPRF,saddlebrown
PTPRK,saddlebrown
PTPRN2,saddlebrown
PTPRT,saddlebrown
PTPRZ1,saddlebrown
PTRF,saddlebrown
PUS7L,saddlebrown
PUSL1,saddlebrown
QKI,saddlebrown
RAB11FIP3,saddlebrown
RAB11FIP5,saddlebrown
RAB2A,saddlebrown
RAB3A,saddlebrown
RAB5A,saddlebrown
RAB5B,saddlebrown
RABIF,saddlebrown
RACGAP1,saddlebrown
RAD17,saddlebrown
RAD18,saddlebrown
RAD51L1,saddlebrown
RAE1,saddlebrown
RANBP17,saddlebrown
RANBP9,saddlebrown
RAP2B,saddlebrown
RAPH1,saddlebrown
RARA,saddlebrown
RASA1,saddlebrown
RASA2,saddlebrown
RASAL2,saddlebrown
RASD2,saddlebrown
RASEF,saddlebrown
RASGEF1A,saddlebrown
RBBP4,saddlebrown
RBFOX1,saddlebrown
RBM15,saddlebrown
RBM18,saddlebrown
RBM19,saddlebrown
RBM22,saddlebrown
RBM33,saddlebrown
RBM34,saddlebrown
RBM6,saddlebrown
RBMS1,saddlebrown
RBMS3-AS3,saddlebrown
RBPJ,saddlebrown
RCCD1,saddlebrown
RDM1,saddlebrown
RDX,saddlebrown
RELB,saddlebrown
RELL1,saddlebrown
RELN,saddlebrown
RELT,saddlebrown
RERE,saddlebrown
RERG,saddlebrown
REST,saddlebrown
RFC1,saddlebrown
RFC3,saddlebrown
RFX3,saddlebrown
RFX3-AS1,saddlebrown
RG9MTD1,saddlebrown
RGL2,saddlebrown
RGMA,saddlebrown
RGMB,saddlebrown
RGS7BP,saddlebrown
RHCG,saddlebrown
RHOBTB1,saddlebrown
RHOBTB2,saddlebrown
RHOBTB3,saddlebrown
RHOG,saddlebrown
RHOJ,saddlebrown
RIIAD1,saddlebrown
RIMS1,saddlebrown
RIMS2,saddlebrown
RING1,saddlebrown
RIT1,saddlebrown
RNASEK,saddlebrown
RNF103,saddlebrown
RNF11,saddlebrown
RNF135,saddlebrown
RNF141,saddlebrown
RNF149,saddlebrown
RNF150,saddlebrown
RNF19A,saddlebrown
RNF25,saddlebrown
RNF4,saddlebrown
RNF44,saddlebrown
RNF8,saddlebrown
RNGTT,saddlebrown
RNU11,saddlebrown
RNU6-71P,saddlebrown
ROBLD3,saddlebrown
ROBO1,saddlebrown
ROCK1,saddlebrown
ROCK2,saddlebrown
RPA1,saddlebrown
RPL27,saddlebrown
RPL28,saddlebrown
RPL34,saddlebrown
RPL37,saddlebrown
RPL39L,saddlebrown
RPP21,saddlebrown
RPS13,saddlebrown
RPS27A,saddlebrown
RPS29,saddlebrown
RPS6KA2,saddlebrown
RPS9,saddlebrown
RPTOR,saddlebrown
RRAGC,saddlebrown
RSPH4A,saddlebrown
RSPO2,saddlebrown
RTN4IP1,saddlebrown
RUFY1,saddlebrown
RUFY3,saddlebrown
RUNDC1,saddlebrown
RUNX2,saddlebrown
RUVBL1-AS1,saddlebrown
RYBP,saddlebrown
S100A6,saddlebrown
SACM1L,saddlebrown
SAMD12,saddlebrown
SAMD13,saddlebrown
SAMD4A,saddlebrown
SAPS1,saddlebrown
SAR1A,saddlebrown
SART1,saddlebrown
SAXO1,saddlebrown
SBF2,saddlebrown
SBNO2,saddlebrown
SCAND2,saddlebrown
SCAND3,saddlebrown
SCAP,saddlebrown
SCARA3,saddlebrown
SCARB2,saddlebrown
SCARNA16,saddlebrown
SCFD2,saddlebrown
SCG5,saddlebrown
SCGN,saddlebrown
SDAD1,saddlebrown
SDCBP2,saddlebrown
SDHA,saddlebrown
SDHAF1,saddlebrown
SDHAP3,saddlebrown
SDHB,saddlebrown
SDK1,saddlebrown
SDK2,saddlebrown
SDR16C5,saddlebrown
SEC11A,saddlebrown
SEC14L5,saddlebrown
SEC24B,saddlebrown
SEC31B,saddlebrown
SELM,saddlebrown
SELT,saddlebrown
SEMA3A,saddlebrown
SEMA3E,saddlebrown
SEMA4B,saddlebrown
SEMA5B,saddlebrown
SEP-02,saddlebrown
SEP-10,saddlebrown
SEPT7-AS1,saddlebrown
SERINC1,saddlebrown
SERPINB1,saddlebrown
SERPINB9P1,saddlebrown
SERPINH1,saddlebrown
SERPINI1,saddlebrown
SERTAD2,saddlebrown
SESN1,saddlebrown
SESN3,saddlebrown
SETD2,saddlebrown
SETD5,saddlebrown
SETDB2,saddlebrown
SFI1,saddlebrown
SFRS9,saddlebrown
SGCE,saddlebrown
SGIP1,saddlebrown
SGK1,saddlebrown
SGOL1,saddlebrown
SH2B2,saddlebrown
SH3RF1,saddlebrown
SH3RF3,saddlebrown
SHC4,saddlebrown
SIK2,saddlebrown
SIRT1,saddlebrown
SIX4,saddlebrown
SKP1,saddlebrown
SLC10A7,saddlebrown
SLC12A6,saddlebrown
SLC12A7,saddlebrown
SLC16A3,saddlebrown
SLC16A9,saddlebrown
SLC18A2,saddlebrown
SLC19A2,saddlebrown
SLC1A3,saddlebrown
SLC1A5,saddlebrown
SLC22A1,saddlebrown
SLC24A1,saddlebrown
SLC25A23,saddlebrown
SLC25A31,saddlebrown
SLC25A36,saddlebrown
SLC25A46,saddlebrown
SLC25A48,saddlebrown
SLC27A1,saddlebrown
SLC29A1,saddlebrown
SLC30A3,saddlebrown
SLC30A4,saddlebrown
SLC35F3,saddlebrown
SLC38A10,saddlebrown
SLC38A9,saddlebrown
SLC40A1,saddlebrown
SLC43A1,saddlebrown
SLC44A1,saddlebrown
SLC4A2,saddlebrown
SLC5A8,saddlebrown
SLC6A1,saddlebrown
SLC6A2,saddlebrown
SLC7A1,saddlebrown
SLC7A11,saddlebrown
SLU7,saddlebrown
SMAD5,saddlebrown
SMAD7,saddlebrown
SMAP1,saddlebrown
SMARCA2,saddlebrown
SMARCAD1,saddlebrown
SMARCE1,saddlebrown
SMCR8,saddlebrown
SMEK1,saddlebrown
SMIM8,saddlebrown
SMOC1,saddlebrown
SMTN,saddlebrown
SMURF1,saddlebrown
SNAPIN,saddlebrown
SNF8,saddlebrown
SNORA21,saddlebrown
SNORD42B,saddlebrown
SNRPB2,saddlebrown
SNRPF,saddlebrown
SNX1,saddlebrown
SNX29,saddlebrown
SNX32,saddlebrown
SNX4,saddlebrown
SNX8,saddlebrown
SOCS1,saddlebrown
SORCS2,saddlebrown
SORL1,saddlebrown
SORT1,saddlebrown
SOX2OT,saddlebrown
SOX5,saddlebrown
SOX6,saddlebrown
SOX9,saddlebrown
SP2,saddlebrown
SPAG16,saddlebrown
SPAG9,saddlebrown
SPAST,saddlebrown
SPATA13,saddlebrown
SPATA18,saddlebrown
SPATA24,saddlebrown
SPATA2L,saddlebrown
SPATA6L,saddlebrown
SPATA7,saddlebrown
SPEN,saddlebrown
SPG20,saddlebrown
SPIRE1,saddlebrown
SPNS2,saddlebrown
SPRTN,saddlebrown
SPRY1,saddlebrown
SPRY2,saddlebrown
SQLE,saddlebrown
SRD5A2,saddlebrown
SREBF2,saddlebrown
SRP19,saddlebrown
SRR,saddlebrown
SRRM3,saddlebrown
SRRM4,saddlebrown
SSBP1,saddlebrown
SSBP3-AS1,saddlebrown
SSBP4,saddlebrown
SSPN,saddlebrown
SSU72,saddlebrown
ST6GAL1,saddlebrown
ST7,saddlebrown
ST8SIA3,saddlebrown
STAC,saddlebrown
STAC3,saddlebrown
STARD13,saddlebrown
STK17A,saddlebrown
STK32A,saddlebrown
STK33,saddlebrown
STPG1,saddlebrown
STRA8,saddlebrown
STRADB,saddlebrown
STX10,saddlebrown
STX18,saddlebrown
STXBP5-AS1,saddlebrown
SUB1,saddlebrown
SUPT6H,saddlebrown
SUSD6,saddlebrown
SVIL,saddlebrown
SYNE1,saddlebrown
SYNRG,saddlebrown
SZRD1,saddlebrown
T,saddlebrown
TACO1,saddlebrown
TAF10,saddlebrown
TAF1B,saddlebrown
TAF1C,saddlebrown
TAF4B,saddlebrown
TAF5,saddlebrown
TAF6,saddlebrown
TANK,saddlebrown
TAOK3,saddlebrown
TAPBP,saddlebrown
TARS,saddlebrown
TAS1R1,saddlebrown
TBC1D14,saddlebrown
TBC1D16,saddlebrown
TBC1D21,saddlebrown
TBC1D5,saddlebrown
TBC1D9,saddlebrown
TBCA,saddlebrown
TBKBP1,saddlebrown
TBL3,saddlebrown
TCAF1,saddlebrown
TCERG1L,saddlebrown
TCF4,saddlebrown
TCN2,saddlebrown
TCOF1,saddlebrown
TCTA,saddlebrown
TCTE3,saddlebrown
TDG,saddlebrown
TDP1,saddlebrown
TDRD12,saddlebrown
TEP1,saddlebrown
TERF1,saddlebrown
TESK2,saddlebrown
TEX9,saddlebrown
TFAP2C,saddlebrown
TGFB1,saddlebrown
THADA,saddlebrown
THOP1,saddlebrown
THSD1P,saddlebrown
THYN1,saddlebrown
TK2,saddlebrown
TLE1,saddlebrown
TLE3,saddlebrown
TLE4,saddlebrown
TLL1,saddlebrown
TLR4,saddlebrown
TM2D2,saddlebrown
TMCO6,saddlebrown
TMED10,saddlebrown
TMED3,saddlebrown
TMED4,saddlebrown
TMEM107,saddlebrown
TMEM11,saddlebrown
TMEM126B,saddlebrown
TMEM130,saddlebrown
TMEM132D,saddlebrown
TMEM136,saddlebrown
TMEM141,saddlebrown
TMEM144,saddlebrown
TMEM14A,saddlebrown
TMEM160,saddlebrown
TMEM170A,saddlebrown
TMEM18,saddlebrown
TMEM189,saddlebrown
TMEM192,saddlebrown
TMEM20,saddlebrown
TMEM205,saddlebrown
TMEM222,saddlebrown
TMEM5,saddlebrown
TMEM52,saddlebrown
TMEM62,saddlebrown
TMEM64,saddlebrown
TMEM9,saddlebrown
TMEM93,saddlebrown
TNFRSF8,saddlebrown
TP53BP1,saddlebrown
TP53I3,saddlebrown
TP53INP2,saddlebrown
TP53RK,saddlebrown
TPRA1,saddlebrown
TPRKB,saddlebrown
TPX2,saddlebrown
TRAF3IP2,saddlebrown
TRAM2-AS1,saddlebrown
TRAPPC9,saddlebrown
TRIM26,saddlebrown
TRIM33,saddlebrown
TRIM58,saddlebrown
TRIM62,saddlebrown
TRIM67,saddlebrown
TRMT44,saddlebrown
TRPM3,saddlebrown
TRPV4,saddlebrown
TSPAN14,saddlebrown
TSPAN19,saddlebrown
TSPAN31,saddlebrown
TSPAN4,saddlebrown
TSPYL4,saddlebrown
TTC12,saddlebrown
TTC14,saddlebrown
TTC15,saddlebrown
TTC26,saddlebrown
TTC27,saddlebrown
TTC28,saddlebrown
TTC3,saddlebrown
TTC4,saddlebrown
TTLL11,saddlebrown
TUBA4A,saddlebrown
TUBB6,saddlebrown
TUBGCP3,saddlebrown
TUBGCP5,saddlebrown
TWF1,saddlebrown
TWIST1,saddlebrown
TXN2,saddlebrown
TXNDC15,saddlebrown
TXNDC17,saddlebrown
TYMS,saddlebrown
TYRP1,saddlebrown
U2AF1,saddlebrown
UBA2,saddlebrown
UBA5,saddlebrown
UBA6,saddlebrown
UBAP2L,saddlebrown
UBE2D1,saddlebrown
UBE2D2,saddlebrown
UBE2Q1,saddlebrown
UBE2S,saddlebrown
UBL3,saddlebrown
UBL5,saddlebrown
UBR3,saddlebrown
UBXN2A,saddlebrown
UCHL1,saddlebrown
UCRC,saddlebrown
UFD1L,saddlebrown
UGCG,saddlebrown
UGP2,saddlebrown
UGT8,saddlebrown
UHRF2,saddlebrown
ULK4,saddlebrown
UMPS,saddlebrown
UNC13A,saddlebrown
UNC84A,saddlebrown
UNCX,saddlebrown
UPP1,saddlebrown
USE1,saddlebrown
USP13,saddlebrown
USP18,saddlebrown
USP19,saddlebrown
USP3,saddlebrown
USP46-AS1,saddlebrown
USP7,saddlebrown
VAMP4,saddlebrown
VAMP5,saddlebrown
VARS,saddlebrown
VCP,saddlebrown
VDAC1,saddlebrown
VENTX,saddlebrown
VEPH1,saddlebrown
VIPR1,saddlebrown
VPS26B,saddlebrown
VPS4B,saddlebrown
VPS54,saddlebrown
VSTM2A,saddlebrown
VTA1,saddlebrown
VTI1B,saddlebrown
VTRNA1-1,saddlebrown
VWA1,saddlebrown
VWA8,saddlebrown
VWC2,saddlebrown
WARS2,saddlebrown
WASF3,saddlebrown
WBP1L,saddlebrown
WDR11,saddlebrown
WDR16,saddlebrown
WDR31,saddlebrown
WDR41,saddlebrown
WDR47,saddlebrown
WDR5,saddlebrown
WDR67,saddlebrown
WDR81,saddlebrown
WDR86,saddlebrown
WDR91,saddlebrown
WIBG,saddlebrown
WISP2,saddlebrown
WIT1,saddlebrown
WNT5A,saddlebrown
WNT9A,saddlebrown
WNT9B,saddlebrown
WRAP53,saddlebrown
WRB,saddlebrown
WRNIP1,saddlebrown
WSB2,saddlebrown
WWP2,saddlebrown
XAB2,saddlebrown
YEATS2,saddlebrown
YOD1,saddlebrown
YPEL5,saddlebrown
YY1AP1,saddlebrown
ZBED3,saddlebrown
ZBTB12,saddlebrown
ZBTB16,saddlebrown
ZBTB17,saddlebrown
ZBTB20,saddlebrown
ZBTB25,saddlebrown
ZBTB3,saddlebrown
ZBTB39,saddlebrown
ZBTB41,saddlebrown
ZBTB9,saddlebrown
ZC3H13,saddlebrown
ZDHHC4,saddlebrown
ZEB2,saddlebrown
ZFAND2A,saddlebrown
ZFC3H1,saddlebrown
ZFHX4,saddlebrown
ZFP161,saddlebrown
ZFP64,saddlebrown
ZFYVE27,saddlebrown
ZFYVE28,saddlebrown
ZHX3,saddlebrown
ZMIZ1,saddlebrown
ZMIZ2,saddlebrown
ZMYND15,saddlebrown
ZNF135,saddlebrown
ZNF16,saddlebrown
ZNF192P1,saddlebrown
ZNF204P,saddlebrown
ZNF219,saddlebrown
ZNF227,saddlebrown
ZNF248,saddlebrown
ZNF267,saddlebrown
ZNF282,saddlebrown
ZNF292,saddlebrown
ZNF30,saddlebrown
ZNF311,saddlebrown
ZNF317,saddlebrown
ZNF318,saddlebrown
ZNF326,saddlebrown
ZNF331,saddlebrown
ZNF33A,saddlebrown
ZNF33B,saddlebrown
ZNF347,saddlebrown
ZNF384,saddlebrown
ZNF389,saddlebrown
ZNF417,saddlebrown
ZNF442,saddlebrown
ZNF468,saddlebrown
ZNF547,saddlebrown
ZNF551,saddlebrown
ZNF561,saddlebrown
ZNF57,saddlebrown
ZNF594,saddlebrown
ZNF599,saddlebrown
ZNF607,saddlebrown
ZNF608,saddlebrown
ZNF616,saddlebrown
ZNF652,saddlebrown
ZNF662,saddlebrown
ZNF672,saddlebrown
ZNF689,saddlebrown
ZNF721,saddlebrown
ZNF766,saddlebrown
ZNF789,saddlebrown
ZNF792,saddlebrown
ZNF804A,saddlebrown
ZNF833,saddlebrown
ZNF862,saddlebrown
ZNF883,saddlebrown
ZYG11B,saddlebrown
ZZZ3,saddlebrown
A1BG,salmon
AAK1,salmon
AARS2,salmon
AARSD1,salmon
ABCA2,salmon
ABCB10,salmon
ABCB6,salmon
ABCC1,salmon
ABCC10,salmon
ABCC3,salmon
ABCD4,salmon
ABCF1,salmon
ABCG1,salmon
ABHD16A,salmon
ABHD2,salmon
ABI2,salmon
ABL2,salmon
ABLIM3,salmon
ABR,salmon
ABTB2,salmon
ACAD11,salmon
ACADM,salmon
ACAT2,salmon
ACBD6,salmon
ACCN4,salmon
ACE,salmon
ACOT13,salmon
ACOX1,salmon
ACP1,salmon
ACPL2,salmon
ACTA1,salmon
ACTA2,salmon
ACTR1A,salmon
ACTR6,salmon
ACTR8,salmon
ADA,salmon
ADAL,salmon
ADAM22,salmon
ADAMTS1,salmon
ADAMTS10,salmon
ADAMTS12,salmon
ADAMTS19,salmon
ADAMTS2,salmon
ADAMTS3,salmon
ADAMTSL4,salmon
ADAMTSL5,salmon
ADARB2,salmon
ADC,salmon
ADCY2,salmon
ADCY4,salmon
ADCYAP1R1,salmon
ADGRB1,salmon
ADM,salmon
ADPGK,salmon
ADRA1B,salmon
ADRA2B,salmon
AEN,salmon
AFF1,salmon
AFF3,salmon
AFTPH,salmon
AGAP1,salmon
AGAP2,salmon
AGAP3,salmon
AGBL1,salmon
AGBL3,salmon
AGBL4,salmon
AGL,salmon
AGPAT1,salmon
AGPAT2,salmon
AGPAT4,salmon
AGPAT9,salmon
AGPHD1,salmon
AHCY,salmon
AHI1,salmon
AHRR,salmon
AHSG,salmon
AIDA,salmon
AIMP1,salmon
AJAP1,salmon
AK2,salmon
AKAP12,salmon
AKAP7,salmon
AKAP9,salmon
AKIP1,salmon
AKTIP,salmon
ALAD,salmon
ALDH18A1,salmon
ALDH1B1,salmon
ALDH1L1,salmon
ALDH4A1,salmon
ALDH5A1,salmon
ALDH6A1,salmon
ALDOA,salmon
ALG1,salmon
ALG14,salmon
ALG2,salmon
ALG3,salmon
ALG5,salmon
ALG8,salmon
ALMS1,salmon
ALOXE3,salmon
AMIGO1,salmon
AMN1,salmon
AMPD3,salmon
AMZ2,salmon
ANAPC10,salmon
ANAPC16,salmon
ANAPC7,salmon
ANGEL2,salmon
ANK1,salmon
ANK2,salmon
ANKRA2,salmon
ANKRD10,salmon
ANKRD11,salmon
ANKRD12,salmon
ANKRD26,salmon
ANKRD30B,salmon
ANKRD34B,salmon
ANKRD35,salmon
ANKRD37,salmon
ANKRD39,salmon
ANKRD42,salmon
ANKRD53,salmon
ANKS1B,salmon
ANXA4,salmon
ANXA7,salmon
AP1B1,salmon
AP1M1,salmon
AP1M2,salmon
AP2S1,salmon
AP3B1,salmon
AP3M2,salmon
APBB2,salmon
APBB3,salmon
APEH,salmon
APMAP,salmon
AQP11,salmon
ARHGAP1,salmon
ARHGAP10,salmon
ARHGAP24,salmon
ARHGAP26,salmon
ARHGAP39,salmon
ARHGAP44,salmon
ARHGEF1,salmon
ARHGEF11,salmon
ARHGEF17,salmon
ARHGEF18,salmon
ARHGEF3,salmon
ARHGEF4,salmon
ARHGEF7,salmon
ARID1A,salmon
ARID5B,salmon
ARIH1,salmon
ARIH2,salmon
ARL1,salmon
ARL10,salmon
ARL4A,salmon
ARL5A,salmon
ARL8A,salmon
ARMC8,salmon
ARMC9,salmon
ARNTL2,salmon
ARPC5,salmon
ARRB1,salmon
ARRB2,salmon
ARSA,salmon
ART5,salmon
ARVCF,salmon
ASAH1,salmon
ASAP2,salmon
ASB6,salmon
ASCL1,salmon
ASPM,salmon
ASPSCR1,salmon
ASTN2,salmon
ATAD2B,salmon
ATAD5,salmon
ATF1,salmon
ATF2,salmon
ATF3,salmon
ATF4,salmon
ATF6,salmon
ATF6B,salmon
ATG12,salmon
ATG16L1,salmon
ATG3,salmon
ATG4B,salmon
ATG5,salmon
ATG9A,salmon
ATL3,salmon
ATM,salmon
ATOH8,salmon
ATP10D,salmon
ATP11A,salmon
ATP11B,salmon
ATP13A2,salmon
ATP1A1,salmon
ATP2A2,salmon
ATP2C1,salmon
ATP5G2,salmon
ATP5J,salmon
ATP5O,salmon
ATP6V0A2,salmon
ATP6V0B,salmon
ATP6V1B2,salmon
ATP6V1C2,salmon
ATP6V1D,salmon
ATP8A2,salmon
ATPAF2,salmon
ATXN3,salmon
ATXN7,salmon
AUNIP,salmon
AVL9,salmon
AXL,salmon
AZIN2,salmon
B3GALT4,salmon
B3GALTL,salmon
B3GAT2,salmon
B3GNT1,salmon
B4GALNT1,salmon
B4GALNT4,salmon
B4GALT7,salmon
B9D2,salmon
BAALC,salmon
BACE1,salmon
BAG5,salmon
BANP,salmon
BARD1,salmon
BASP1,salmon
BAT2,salmon
BAT2L2,salmon
BAT3,salmon
BAT4,salmon
BAT5,salmon
BAX,salmon
BAZ1B,salmon
BAZ2A,salmon
BAZ2B,salmon
BBS12,salmon
BCAR1,salmon
BCAT1,salmon
BCDIN3D,salmon
BCKDHA,salmon
BCKDHB,salmon
BCL11A,salmon
BCL11B,salmon
BCL6,salmon
BCL7B,salmon
BDNF,salmon
BEND3,salmon
BFAR,salmon
BHLHA15,salmon
BHLHE22,salmon
BHLHE23,salmon
BICC1,salmon
BIK,salmon
BIRC3,salmon
BIRC6,salmon
BLCAP,salmon
BLM,salmon
BLOC1S1,salmon
BMP2K,salmon
BMPER,salmon
BPNT1,salmon
BRCA1,salmon
BRE,salmon
BRF2,salmon
BRIP1,salmon
BRUNOL4,salmon
BSDC1,salmon
BTBD18,salmon
BTBD8,salmon
BTBD9,salmon
BTC,salmon
BTD,salmon
BTF3,salmon
BTF3L4,salmon
BTG1,salmon
BTNL3,salmon
BUB3,salmon
BZRAP1-AS1,salmon
C10ORF137,salmon
C10ORF18,salmon
C10ORF2,salmon
C10ORF4,salmon
C10ORF41,salmon
C10ORF76,salmon
C11ORF10,salmon
C11ORF2,salmon
C11ORF49,salmon
C11ORF54,salmon
C11ORF57,salmon
C11ORF60,salmon
C11ORF61,salmon
C11ORF63,salmon
C11ORF65,salmon
C11ORF67,salmon
C11ORF68,salmon
C11ORF73,salmon
C11ORF80,salmon
C11ORF83,salmon
C11ORF93,salmon
C11ORF96,salmon
C12ORF23,salmon
C12ORF26,salmon
C12ORF35,salmon
C12ORF42,salmon
C12ORF43,salmon
C12ORF48,salmon
C12ORF56,salmon
C12ORF75,salmon
C13ORF23,salmon
C13ORF36,salmon
C14ORF101,salmon
C14ORF119,salmon
C14ORF135,salmon
C14ORF149,salmon
C14ORF178,salmon
C14ORF182,salmon
C14ORF4,salmon
C14ORF68,salmon
C14ORF80,salmon
C15ORF23,salmon
C15ORF37,salmon
C15ORF39,salmon
C15ORF40,salmon
C15ORF57,salmon
C16ORF35,salmon
C16ORF7,salmon
C16ORF70,salmon
C16ORF71,salmon
C16ORF72,salmon
C16ORF87,salmon
C17ORF102,salmon
C17ORF62,salmon
C17ORF63,salmon
C17ORF75,salmon
C18ORF18,salmon
C18ORF22,salmon
C18ORF54,salmon
C19ORF20,salmon
C19ORF29,salmon
C19ORF41,salmon
C19ORF48,salmon
C19ORF63,salmon
C1ORF101,salmon
C1ORF107,salmon
C1ORF114,salmon
C1ORF122,salmon
C1ORF131,salmon
C1ORF135,salmon
C1ORF144,salmon
C1ORF151,salmon
C1ORF159,salmon
C1ORF163,salmon
C1ORF198,salmon
C1ORF21,salmon
C1ORF31,salmon
C1ORF55,salmon
C1ORF63,salmon
C1ORF69,salmon
C1ORF74,salmon
C1QL1,salmon
C1QL3,salmon
C1R,salmon
C20ORF11,salmon
C20ORF194,salmon
C20ORF20,salmon
C20ORF3,salmon
C20ORF96,salmon
C21ORF2,salmon
C21ORF45,salmon
C21ORF62-AS1,salmon
C22ORF26,salmon
C22ORF40,salmon
C22ORF41,salmon
C2CD2,salmon
C2CD2L,salmon
C2ORF39,salmon
C2ORF52,salmon
C2ORF55,salmon
C2ORF80,salmon
C2ORF88,salmon
C2ORF89,salmon
C3ORF10,salmon
C3ORF18,salmon
C3ORF38,salmon
C3ORF67-AS1,salmon
C3ORF70,salmon
C3ORF71,salmon
C3ORF75,salmon
C4ORF10,salmon
C4ORF31,salmon
C4ORF43,salmon
C5ORF13,salmon
C5ORF15,salmon
C5ORF24,salmon
C5ORF32,salmon
C5ORF33,salmon
C5ORF34,salmon
C5ORF43,salmon
C5ORF51,salmon
C5ORF52,salmon
C6ORF1,salmon
C6ORF125,salmon
C6ORF136,salmon
C6ORF153,salmon
C6ORF154,salmon
C6ORF155,salmon
C6ORF168,salmon
C6ORF170,salmon
C6ORF174,salmon
C6ORF192,salmon
C6ORF203,salmon
C6ORF204,salmon
C6ORF226,salmon
C6ORF35,salmon
C6ORF47,salmon
C6ORF52,salmon
C7ORF10,salmon
C7ORF30,salmon
C7ORF43,salmon
C7ORF49,salmon
C7ORF55,salmon
C7ORF64,salmon
C7ORF68,salmon
C8ORF41,salmon
C8ORF48,salmon
C8ORF58,salmon
C8ORF74,salmon
C8ORF86,salmon
C9ORF173-AS1,salmon
C9ORF72,salmon
C9ORF89,salmon
CA10,salmon
CA3,salmon
CACNA1A,salmon
CACNA1G,salmon
CACNA2D3,salmon
CACNG1,salmon
CACNG8,salmon
CADPS,salmon
CALCR,salmon
CALD1,salmon
CALY,salmon
CAMK2D,salmon
CAMK2N1,salmon
CAMLG,salmon
CAMSAP2,salmon
CAPRIN1,salmon
CAPRIN2,salmon
CAPS2,salmon
CARHSP1,salmon
CARKD,salmon
CASP8AP2,salmon
CASZ1,salmon
CAT,salmon
CATSPERG,salmon
CAV2,salmon
CBFA2T2,salmon
CBFB,salmon
CBR4,salmon
CBX2,salmon
CBX8,salmon
CCAR1,salmon
CCDC101,salmon
CCDC108,salmon
CCDC113,salmon
CCDC12,salmon
CCDC123,salmon
CCDC126,salmon
CCDC138,salmon
CCDC147,salmon
CCDC148,salmon
CCDC149,salmon
CCDC24,salmon
CCDC25,salmon
CCDC28A,salmon
CCDC28B,salmon
CCDC40,salmon
CCDC41,salmon
CCDC48,salmon
CCDC53,salmon
CCDC57,salmon
CCDC61,salmon
CCDC65,salmon
CCDC69,salmon
CCDC76,salmon
CCDC85A,salmon
CCDC85B,salmon
CCDC90A,salmon
CCDC96,salmon
CCDC99,salmon
CCM2,salmon
CCNB2,salmon
CCND1,salmon
CCND2,salmon
CCND3,salmon
CCNG1,salmon
CCNJL,salmon
CCNL1,salmon
CCPG1,salmon
CCRN4L,salmon
CCSER1,salmon
CCT7,salmon
CD164L2,salmon
CD3EAP,salmon
CD55,salmon
CD58,salmon
CD72,salmon
CD83,salmon
CD96,salmon
CDC123,salmon
CDC14A,salmon
CDC23,salmon
CDC25A,salmon
CDC42EP3,salmon
CDCA2,salmon
CDCA7L,salmon
CDH1,salmon
CDH13,salmon
CDK13,salmon
CDK2AP1,salmon
CDK2AP2,salmon
CDK5,salmon
CDK5R2,salmon
CDK5RAP1,salmon
CDK5RAP2,salmon
CDKAL1,salmon
CDKN2A,salmon
CDKN2AIP,salmon
CDKN2B,salmon
CDKN2D,salmon
CDO1,salmon
CDR2,salmon
CDS1,salmon
CDS2,salmon
CDV3,salmon
CEBPZ,salmon
CELSR3,salmon
CENPA,salmon
CENPF,salmon
CENPJ,salmon
CENPL,salmon
CENPP,salmon
CEP120,salmon
CEP131,salmon
CEP192,salmon
CEP68,salmon
CEP70,salmon
CEP72,salmon
CEP97,salmon
CEPT1,salmon
CFL1,salmon
CFL2,salmon
CFTR,salmon
CHAT,salmon
CHCHD5,salmon
CHD1L,salmon
CHD5,salmon
CHERP,salmon
CHFR,salmon
CHIC2,salmon
CHL1,salmon
CHN2,salmon
CHP,salmon
CHPT1,salmon
CHRM2,salmon
CHST10,salmon
CHST12,salmon
CHST13,salmon
CHTF18,salmon
CIC,salmon
CIITA,salmon
CITED2,salmon
CKAP2L,salmon
CKS2,salmon
CLCNKB,salmon
CLDN12,salmon
CLIC5,salmon
CLIC6,salmon
CLIP3,salmon
CLK2,salmon
CLK4,salmon
CLN8,salmon
CLOCK,salmon
CLPX,salmon
CLSPN,salmon
CLYBL,salmon
CMPK1,salmon
CMTM3,salmon
CMTM6,salmon
CNN2,salmon
CNN3,salmon
CNO,salmon
CNOT1,salmon
CNOT2,salmon
CNOT6L,salmon
CNOT7,salmon
CNOT8,salmon
CNTFR,salmon
CNTN1,salmon
CNTN5,salmon
CNTNAP1,salmon
COA1,salmon
COG2,salmon
COG5,salmon
COG8,salmon
COL11A2,salmon
COL20A1,salmon
COL4A3,salmon
COL5A2,salmon
COL9A2,salmon
COLEC12,salmon
COMMD1,salmon
COMMD7,salmon
COPB1,salmon
COPB2,salmon
COPRS,salmon
COPZ1,salmon
COQ10A,salmon
COQ2,salmon
CORO1C,salmon
CORO2B,salmon
CORO7,salmon
COX6B2,salmon
COX7A2,salmon
CPE,salmon
CPEB2,salmon
CPEB3,salmon
CPNE2,salmon
CPSF4,salmon
CRAT,salmon
CREB1,salmon
CREB3L2,salmon
CREB5,salmon
CREBL2,salmon
CREM,salmon
CRHR1,salmon
CRIPT,salmon
CRY1,salmon
CRYM,salmon
CSGALNACT1,salmon
CSGALNACT2,salmon
CSNK1D,salmon
CSNK1G2,salmon
CSNK2A1,salmon
CSRNP1,salmon
CSRNP3,salmon
CSTF3,salmon
CTBP2,salmon
CTDSP1,salmon
CTDSP2,salmon
CTDSPL,salmon
CTHRC1,salmon
CTNNA2,salmon
CTNND2,salmon
CTSA,salmon
CTU1,salmon
CUL2,salmon
CUL4A,salmon
CUL5,salmon
CUL7,salmon
CUL9,salmon
CUTA,salmon
CUX1,salmon
CUX2,salmon
CXXC1,salmon
CYB5B,salmon
CYB5R1,salmon
CYB5R2,salmon
CYCS,salmon
CYFIP1,salmon
CYP1B1,salmon
CYP27B1,salmon
CYP2J2,salmon
CYP2R1,salmon
CYP2S1,salmon
CYP51A1,salmon
CYTH2,salmon
D2HGDH,salmon
DAXX,salmon
DBNDD2,salmon
DCAF12,salmon
DCAF17,salmon
DCAF8,salmon
DCC,salmon
DCDC1,salmon
DCHS1,salmon
DCHS2,salmon
DCLRE1B,salmon
DCLRE1C,salmon
DCTD,salmon
DCTN4,salmon
DCUN1D2,salmon
DCUN1D3,salmon
DDA1,salmon
DDI2,salmon
DDR1,salmon
DDX19A,salmon
DDX19B,salmon
DDX27,salmon
DDX39,salmon
DDX50,salmon
DECR1,salmon
DEDD2,salmon
DENND1B,salmon
DENND4A,salmon
DENR,salmon
DEPDC5,salmon
DEPDC6,salmon
DFFA,salmon
DFNB59,salmon
DGAT2,salmon
DGCR6L,salmon
DGKE,salmon
DGKH,salmon
DGUOK,salmon
DHCR7,salmon
DHDH,salmon
DHRS3,salmon
DHX30,salmon
DIAPH3,salmon
DIP2A,salmon
DIP2C,salmon
DIRAS3,salmon
DIS3,salmon
DIS3L,salmon
DIXDC1,salmon
DKFZP686I15217,salmon
DKK3,salmon
DLG1,salmon
DLG2,salmon
DLK1,salmon
DLX1,salmon
DLX2,salmon
DLX6-AS1,salmon
DLX6AS,salmon
DMC1,salmon
DMRTA2,salmon
DMXL2,salmon
DNA2,salmon
DNAH14,salmon
DNAH9,salmon
DNAJC10,salmon
DNAJC18,salmon
DNAJC24,salmon
DNAJC5B,salmon
DNAJC6,salmon
DNMT1,salmon
DNMT3B,salmon
DOCK5,salmon
DOCK7,salmon
DOHH,salmon
DOK6,salmon
DOPEY1,salmon
DPH2,salmon
DPM1,salmon
DPP4,salmon
DPYD,salmon
DPYS,salmon
DSEL,salmon
DSN1,salmon
DST,salmon
DTD1,salmon
DTNB,salmon
DTX3,salmon
DTX4,salmon
DUSP1,salmon
DUSP10,salmon
DUSP12,salmon
DUSP18,salmon
DUSP3,salmon
DUT,salmon
DYDC2,salmon
DYNC1LI1,salmon
DYNC2LI1,salmon
DYNLRB2,salmon
DYRK1A,salmon
DYRK1B,salmon
DYRK2,salmon
DYRK3,salmon
DZIP1L,salmon
E2F3,salmon
E2F5,salmon
E2F8,salmon
E4F1,salmon
EAF1,salmon
EBF1,salmon
ECE1,salmon
ECH1,salmon
ECI2,salmon
EDARADD,salmon
EDEM1,salmon
EDEM3,salmon
EDNRB,salmon
EED,salmon
EEF1A2,salmon
EEF1G,salmon
EEF2,salmon
EFCAB14,salmon
EFCAB2,salmon
EFCAB7,salmon
EFHA2,salmon
EFHB,salmon
EFHC1,salmon
EFHD1,salmon
EFNA4,salmon
EFNA5,salmon
EGFLAM,salmon
EGLN1,salmon
EGR2,salmon
EHD1,salmon
EID2B,salmon
EIF1,salmon
EIF2AK4,salmon
EIF2B3,salmon
EIF2B4,salmon
EIF2C2,salmon
EIF2C4,salmon
EIF3A,salmon
EIF3B,salmon
EIF3D,salmon
EIF3G,salmon
EIF4A3,salmon
EIF4ENIF1,salmon
EIF4G1,salmon
EIF4G2,salmon
EIF4G3,salmon
EIF5,salmon
EIF5A,salmon
EIF6,salmon
ELAVL2,salmon
ELAVL3,salmon
ELAVL4,salmon
ELMOD2,salmon
ELOF1,salmon
ELOVL4,salmon
ELP4,salmon
EMC10,salmon
EML2,salmon
EML5,salmon
ENKD1,salmon
ENO1,salmon
ENO2,salmon
ENO4,salmon
ENOX1,salmon
ENPP1,salmon
ENPP2,salmon
ENTPD4,salmon
EOMES,salmon
EP300-AS1,salmon
EP400NL,salmon
EPAS1,salmon
EPB41L2,salmon
EPB41L3,salmon
EPHA4,salmon
EPHA6,salmon
EPHB1,salmon
EPN1,salmon
EPOR,salmon
EPS15,salmon
ERAL1,salmon
ERBB4,salmon
ERC1,salmon
ERCC1,salmon
ERCC5,salmon
ERGIC3,salmon
ERICH1,salmon
ERLEC1,salmon
ERLIN1,salmon
ERMP1,salmon
ERP29,salmon
ESD,salmon
ESF1,salmon
ETF1,salmon
ETFB,salmon
ETS1,salmon
ETV4,salmon
ETV7,salmon
EWSR1,salmon
EXOC7,salmon
EXOSC2,salmon
EXOSC3,salmon
EXOSC4,salmon
EXOSC8,salmon
EXOSC9,salmon
EXT2,salmon
EYA4,salmon
EZH2,salmon
EZR,salmon
EZR-AS1,salmon
FAAP20,salmon
FAAP24,salmon
FADS1,salmon
FAIM3,salmon
FAM102A,salmon
FAM104A,salmon
FAM110B,salmon
FAM111A,salmon
FAM115A,salmon
FAM119B,salmon
FAM123C,salmon
FAM129B,salmon
FAM133B,salmon
FAM134A,salmon
FAM135A,salmon
FAM13A,salmon
FAM13C,salmon
FAM149A,salmon
FAM150A,salmon
FAM150B,salmon
FAM162A,salmon
FAM171A1,salmon
FAM172A,salmon
FAM178A,salmon
FAM184A,salmon
FAM192A,salmon
FAM194A,salmon
FAM19A2,salmon
FAM19A5,salmon
FAM229B,salmon
FAM32A,salmon
FAM3B,salmon
FAM47E,salmon
FAM48A,salmon
FAM53C,salmon
FAM5B,salmon
FAM65A,salmon
FAM65C,salmon
FAM73A,salmon
FAM76A,salmon
FAM78B,salmon
FAM81A,salmon
FAM82B,salmon
FAM83H,salmon
FAM89B,salmon
FAM98B,salmon
FANCC,salmon
FARP2,salmon
FARS2,salmon
FASTKD1,salmon
FBL,salmon
FBXL3,salmon
FBXL5,salmon
FBXO15,salmon
FBXO17,salmon
FBXO21,salmon
FBXO24,salmon
FBXO33,salmon
FBXO48,salmon
FBXO5,salmon
FBXO9,salmon
FBXW8,salmon
FCHO1,salmon
FDFT1,salmon
FDXACB1,salmon
FEM1C,salmon
FEN1,salmon
FGD4,salmon
FGF14,salmon
FGF3,salmon
FGF4,salmon
FGFR3,salmon
FGFRL1,salmon
FH,salmon
FHIT,salmon
FHL3,salmon
FHOD3,salmon
FIBCD1,salmon
FICD,salmon
FKBP14,salmon
FKBP4,salmon
FKBP5,salmon
FKBPL,salmon
FLI1,salmon
FLJ22536,salmon
FLJ23834,salmon
FLJ32063,salmon
FLJ35220,salmon
FLJ41350,salmon
FLJ42709,salmon
FLJ43390,salmon
FLJ45983,salmon
FLRT2,salmon
FLYWCH2,salmon
FMN2,salmon
FNBP4,salmon
FNIP2,salmon
FOXF1,salmon
FOXJ2,salmon
FOXK1,salmon
FOXN2,salmon
FOXN4,salmon
FOXP1,salmon
FOXP4,salmon
FOXRED2,salmon
FRAT1,salmon
FRAT2,salmon
FREM2,salmon
FREQ,salmon
FRMD4A,salmon
FRMD4B,salmon
FRMD5,salmon
FRMD6-AS1,salmon
FRS3,salmon
FRYL,salmon
FSTL4,salmon
FTH1,salmon
FTSJD2,salmon
FUCA1,salmon
FUCA2,salmon
FUT10,salmon
FXYD3,salmon
FZD10,salmon
FZD2,salmon
FZD4,salmon
FZD8,salmon
G3BP2,salmon
GABARAP,salmon
GABARAPL1,salmon
GABPB1,salmon
GABRA1,salmon
GABRB1,salmon
GABRG2,salmon
GAD1,salmon
GAD2,salmon
GADD45GIP1,salmon
GAL3ST4,salmon
GALK1,salmon
GALNS,salmon
GALNT11,salmon
GALR1,salmon
GALT,salmon
GANAB,salmon
GAS5,salmon
GATM,salmon
GBA,salmon
GBF1,salmon
GCDH,salmon
GCH1,salmon
GCM2,salmon
GDPD1,salmon
GEMIN5,salmon
GEMIN6,salmon
GFER,salmon
GFOD2,salmon
GGA3,salmon
GGCX,salmon
GGT7,salmon
GHET1,salmon
GHITM,salmon
GIGYF2,salmon
GINS3,salmon
GJA1,salmon
GJD2,salmon
GLCCI1,salmon
GLG1,salmon
GLIS3,salmon
GLOD4,salmon
GLRX2,salmon
GLS,salmon
GLUD1,salmon
GLUD1P7,salmon
GMEB1,salmon
GMFB,salmon
GNAI2,salmon
GNAI3,salmon
GNAL,salmon
GNAQ,salmon
GNAS,salmon
GNB1,salmon
GNB4,salmon
GNG13,salmon
GNG4,salmon
GNL1,salmon
GNPAT,salmon
GNPDA2,salmon
GNPNAT1,salmon
GNS,salmon
GOLGA3,salmon
GOLPH3,salmon
GOLSYN,salmon
GOPC,salmon
GORASP2,salmon
GOSR1,salmon
GOSR2,salmon
GPAM,salmon
GPATCH2,salmon
GPBP1,salmon
GPD1L,salmon
GPHN,salmon
GPN2,salmon
GPN3,salmon
GPR125,salmon
GPR137,salmon
GPR139,salmon
GPR177,salmon
GPR37,salmon
GPR83,salmon
GPR85,salmon
GPR88,salmon
GPSM3,salmon
GPX4,salmon
GRAMD1A,salmon
GREM1,salmon
GRHL2,salmon
GRIA4,salmon
GRID2,salmon
GRIN1,salmon
GRIN2A,salmon
GRIN2C,salmon
GRIN2D,salmon
GRK4,salmon
GRK5,salmon
GRK6,salmon
GRM4,salmon
GRPEL2,salmon
GRWD1,salmon
GSK3B,salmon
GSN,salmon
GSTK1,salmon
GSTO1,salmon
GTF2A1,salmon
GTF2H4,salmon
GTF2H5,salmon
GTF2I,salmon
GTF3C2,salmon
GTF3C6,salmon
GTPBP1,salmon
GTPBP5,salmon
GTPBP8,salmon
GUCY2C,salmon
GUCY2D,salmon
H2AFY,salmon
H3F3B,salmon
HABP4,salmon
HACL1,salmon
HADH,salmon
HAGH,salmon
HAND2,salmon
HAT1,salmon
HAUS3,salmon
HAUS5,salmon
HBM,salmon
HBS1L,salmon
HCCA2,salmon
HCG11,salmon
HCK,salmon
HCN1,salmon
HCN3,salmon
HDAC5,salmon
HDAC9,salmon
HDGFRP2,salmon
HECW2,salmon
HELLS,salmon
HEPHL1,salmon
HERC5,salmon
HES4,salmon
HEXIM1,salmon
HEXIM2,salmon
HEY1,salmon
HFM1,salmon
HHIP,salmon
HIC1,salmon
HIF1A,salmon
HINT1,salmon
HINT3,salmon
HIP1R,salmon
HIPK1,salmon
HIRA,salmon
HIST1H2AB,salmon
HIST1H2AC,salmon
HIST1H2AE,salmon
HIST1H2AL,salmon
HIST1H2BF,salmon
HIST1H3E,salmon
HIST1H4E,salmon
HIST2H2AB,salmon
HIST3H2BB,salmon
HIVEP2,salmon
HLA-DMA,salmon
HLA-DOA,salmon
HLA-E,salmon
HLA-F,salmon
HLF,salmon
HLTF,salmon
HMBS,salmon
HMGB2,salmon
HMGCL,salmon
HMGCS1,salmon
HMGN1,salmon
HMHA1,salmon
HMP19,salmon
HMSD,salmon
HMX2,salmon
HMX3,salmon
HNF1B,salmon
HNRNPA0,salmon
HNRNPA1,salmon
HNRNPD,salmon
HNRNPF,salmon
HNRNPL,salmon
HNRNPLL,salmon
HNRNPUL1,salmon
HNRPDL,salmon
HOMER2,salmon
HOMEZ,salmon
HOXA3,salmon
HOXB4,salmon
HOXB7,salmon
HOXC13,salmon
HOXC4,salmon
HOXC8,salmon
HOXC9,salmon
HPCAL4,salmon
HPGD,salmon
HPS3,salmon
HPS4,salmon
HPSE2,salmon
HS3ST3B1,salmon
HS3ST4,salmon
HSF2,salmon
HSP90AB1,salmon
HSPA1L,salmon
HSPA2,salmon
HSPA5,salmon
HSPA8,salmon
HSPBP1,salmon
HSPE1,salmon
HTR1A,salmon
HTR1B,salmon
HTRA1,salmon
HUS1,salmon
HYI,salmon
IARS,salmon
IDE,salmon
IDH1,salmon
IDH2,salmon
IDH3A,salmon
IDH3B,salmon
IDI1,salmon
IDUA,salmon
IER5,salmon
IFFO2,salmon
IFI27L2,salmon
IFI35,salmon
IFIT2,salmon
IFNAR2,salmon
IFT122,salmon
IFT172,salmon
IFT81,salmon
IFT88,salmon
IGF2,salmon
IGFBP2,salmon
IGSF11,salmon
IGSF22,salmon
IGSF8,salmon
IKZF2,salmon
IKZF5,salmon
IL15,salmon
IL1R1,salmon
IL5RA,salmon
IL6ST,salmon
ILDR2,salmon
ILF2,salmon
ILF3,salmon
ILKAP,salmon
IMMT,salmon
IMP4,salmon
IMPG1,salmon
INO80B,salmon
INO80E,salmon
INPP5B,salmon
INPPL1,salmon
INSC,salmon
INSIG2,salmon
INTS3,salmon
INTS4,salmon
INTS9,salmon
IP6K1,salmon
IPMK,salmon
IPO13,salmon
IPO4,salmon
IPP,salmon
IQCB1,salmon
IQSEC1,salmon
IQSEC3,salmon
IQUB,salmon
IRAK3,salmon
IRF2BP2,salmon
ISCA1,salmon
ISL2,salmon
ISLR2,salmon
ISOC2,salmon
ISYNA1,salmon
ITGA6,salmon
ITGAV,salmon
ITGB4,salmon
ITM2B,salmon
ITPA,salmon
ITPR1,salmon
JAG2,salmon
JAM2,salmon
JARID2,salmon
JKAMP,salmon
JMJD7,salmon
JMJD8,salmon
JRKL,salmon
JUN,salmon
JUNB,salmon
KAAG1,salmon
KANK2,salmon
KANSL1,salmon
KATNAL1,salmon
KAZALD1,salmon
KBTBD2,salmon
KBTBD8,salmon
KCNA1,salmon
KCNA3,salmon
KCNA6,salmon
KCNC2,salmon
KCNC3,salmon
KCNC4-AS1,salmon
KCNH2,salmon
KCNH4,salmon
KCNIP3,salmon
KCNIP4,salmon
KCNJ3,salmon
KCNJ6,salmon
KCNJ8,salmon
KCNK10,salmon
KCNK13,salmon
KCNK5,salmon
KCNMA1,salmon
KCNQ1,salmon
KCTD12,salmon
KCTD18,salmon
KCTD19,salmon
KCTD8,salmon
KDM1A,salmon
KDM2B,salmon
KDM4A,salmon
KDM4D,salmon
KDSR,salmon
KHDRBS1,salmon
KIAA0040,salmon
KIAA0141,salmon
KIAA0226,salmon
KIAA0317,salmon
KIAA0415,salmon
KIAA0586,salmon
KIAA0754,salmon
KIAA0776,salmon
KIAA0907,salmon
KIAA1026,salmon
KIAA1211L,salmon
KIAA1217,salmon
KIAA1310,salmon
KIAA1328,salmon
KIAA1370,salmon
KIAA1409,salmon
KIAA1430,salmon
KIAA1432,salmon
KIAA1524,salmon
KIAA1530,salmon
KIAA1549,salmon
KIAA1609,salmon
KIAA1949,salmon
KIAA1984,salmon
KIAA2026,salmon
KIF13A,salmon
KIF13B,salmon
KIF14,salmon
KIF20A,salmon
KIF23,salmon
KIF2C,salmon
KIF3A,salmon
KIF3C,salmon
KIF5C,salmon
KIF6,salmon
KIFAP3,salmon
KIFC1,salmon
KL,salmon
KLC1,salmon
KLC4,salmon
KLF10,salmon
KLF14,salmon
KLF15,salmon
KLF4,salmon
KLF9,salmon
KLHDC1,salmon
KLHDC10,salmon
KLHDC4,salmon
KLHL1,salmon
KLHL17,salmon
KLHL2,salmon
KLHL20,salmon
KLHL22,salmon
KLHL26,salmon
KLHL35,salmon
KLHL7,salmon
KLHL7-AS1,salmon
KLHL9,salmon
KLRAQ1,salmon
KMT2C,salmon
KMT2E-AS1,salmon
KPNA1,salmon
KPNA3,salmon
KPNA4,salmon
KPNA5,salmon
KPNB1,salmon
KRIT1,salmon
KSR2,salmon
KY,salmon
LAMP1,salmon
LAMTOR5,salmon
LAP3,salmon
LAPTM4A,salmon
LARGE,salmon
LASP1,salmon
LBR,salmon
LCMT1,salmon
LDHA,salmon
LDLR,salmon
LDLRAD4,salmon
LEF1,salmon
LEKR1,salmon
LEMD2,salmon
LEMD3,salmon
LEPREL1,salmon
LEPREL2,salmon
LETMD1,salmon
LGI2,salmon
LGR5,salmon
LHX2,salmon
LHX4,salmon
LHX8,salmon
LIAS,salmon
LIFR,salmon
LIG1,salmon
LIG4,salmon
LIMK1,salmon
LIN7C,salmon
LINC00601,salmon
LINC00824,salmon
LINC00959,salmon
LINC01063,salmon
LINC01182,salmon
LINC01220,salmon
LINC01336,salmon
LINGO1,salmon
LITAF,salmon
LLPH-AS1,salmon
LMAN2L,salmon
LMCD1,salmon
LMNA,salmon
LMO4,salmon
LMTK3,salmon
LOC100128731,salmon
LOC100128811,salmon
LOC100130691,salmon
LOC100133091,salmon
LOC100133315,salmon
LOC100288846,salmon
LOC100302401,salmon
LOC100302652,salmon
LOC100507065,salmon
LOC101927666,salmon
LOC101928069,salmon
LOC101929710,salmon
LOC102724596,salmon
LOC105378732,salmon
LOC113230,salmon
LOC144571,salmon
LOC254559,salmon
LOC256880,salmon
LOC283050,salmon
LOC285045,salmon
LOC285830,salmon
LOC286016,salmon
LOC344595,salmon
LOC349114,salmon
LOC374443,salmon
LOC387763,salmon
LOC388789,salmon
LOC389199,salmon
LOC399815,salmon
LOC400752,salmon
LOC400891,salmon
LOC401463,salmon
LOC404266,salmon
LOC440461,salmon
LOC440926,salmon
LOC441177,salmon
LOC552889,salmon
LOC645323,salmon
LOC728392,salmon
LOC728743,salmon
LOC729966,salmon
LOC84856,salmon
LONP2,salmon
LPCAT1,salmon
LPGAT1,salmon
LPHN2,salmon
LPIN2,salmon
LPL,salmon
LRCH1,salmon
LRFN2,salmon
LRFN3,salmon
LRP10,salmon
LRP2,salmon
LRRC1,salmon
LRRC2,salmon
LRRC23,salmon
LRRC49,salmon
LRRC4C,salmon
LRRC50,salmon
LRRC55,salmon
LRRC8C,salmon
LRRC8D,salmon
LRRFIP1,salmon
LRRN2,salmon
LRRTM3,salmon
LRTM1,salmon
LSM1,salmon
LSM4,salmon
LSS,salmon
LTB,salmon
LTBP2,salmon
LTV1,salmon
LUZP2,salmon
LY6G5C,salmon
LYNX1,salmon
LYRM5,salmon
LYST,salmon
LZTR1,salmon
LZTS2,salmon
M6PR,salmon
MACROD1,salmon
MADD,salmon
MAGEL2,salmon
MAGMAS,salmon
MALAT1,salmon
MAN2B1,salmon
MAN2B2,salmon
MAN2C1,salmon
MANEAL,salmon
MANF,salmon
MAP1B,salmon
MAP3K11,salmon
MAP3K14,salmon
MAP3K3,salmon
MAP3K7CL,salmon
MAP3K7IP2,salmon
MAP3K9,salmon
MAP4K3,salmon
MAP4K4,salmon
MAP6D1,salmon
MAPK3,salmon
MAPK7,salmon
MAPRE2,salmon
MAPRE3,salmon
MAR-01,salmon
MAR-04,salmon
MAR-05,salmon
MARCKS,salmon
MARCKSL1,salmon
MARK3,salmon
MARS2,salmon
MARVELD3,salmon
MAST2,salmon
MAST4,salmon
MATN1,salmon
MATR3,salmon
MAZ,salmon
MBIP,salmon
MBNL1-AS1,salmon
MBNL2,salmon
MBTD1,salmon
MCAM,salmon
MCL1,salmon
MCM10,salmon
MCM3APAS,salmon
MCM4,salmon
MCM7,salmon
MDC1,salmon
MDH1B,salmon
MDM2,salmon
MDP1,salmon
ME2,salmon
MED13L,salmon
MED26,salmon
MED28,salmon
MED31,salmon
MED8,salmon
MEF2C,salmon
MEGF6,salmon
MEIS1-AS3,salmon
MEIS2,salmon
MEN1,salmon
MEPCE,salmon
MET,salmon
METAP2,salmon
METTL14,salmon
METTL9,salmon
MEX3A,salmon
MGP,salmon
MIA3,salmon
MIAT,salmon
MIIP,salmon
MINA,salmon
MIR1181,salmon
MIR148A,salmon
MIR25,salmon
MIR375,salmon
MIR423,salmon
MIR4515,salmon
MIR548G,salmon
MIR548H4,salmon
MIR646HG,salmon
MIR6733,salmon
MIR6875,salmon
MIS12,salmon
MITF,salmon
MKI67IP,salmon
MKL1,salmon
MKL2,salmon
MLANA,salmon
MLH1,salmon
MLLT3,salmon
MLPH,salmon
MLST8,salmon
MMAA,salmon
MMP11,salmon
MMP2,salmon
MN1,salmon
MOBKL3,salmon
MOCS2,salmon
MOG,salmon
MON1A,salmon
MON2,salmon
MORC2,salmon
MORN4,salmon
MOSPD3,salmon
MPND,salmon
MPPE1,salmon
MPV17,salmon
MPV17L2,salmon
MRO,salmon
MROH8,salmon
MRPL12,salmon
MRPL16,salmon
MRPL17,salmon
MRPL22,salmon
MRPL3,salmon
MRPL30,salmon
MRPL33,salmon
MRPL34,salmon
MRPL37,salmon
MRPL39,salmon
MRPL44,salmon
MRPL49,salmon
MRPL53,salmon
MRPS12,salmon
MRPS16,salmon
MRPS18B,salmon
MRPS22,salmon
MRPS23,salmon
MRPS28,salmon
MRPS31,salmon
MRPS35,salmon
MRPS5,salmon
MRPS6,salmon
MS4A7,salmon
MSH2,salmon
MSL2,salmon
MSRA,salmon
MSRB1,salmon
MSRB2,salmon
MSRB3,salmon
MSX2,salmon
MTAP,salmon
MTERFD2,salmon
MTERFD3,salmon
MTFR2,salmon
MTHFD1,salmon
MTHFD2L,salmon
MTMR12,salmon
MTMR4,salmon
MTPAP,salmon
MTRF1,salmon
MTRF1L,salmon
MTSS1,salmon
MTUS1,salmon
MTX2,salmon
MUS81,salmon
MVK,salmon
MYADM,salmon
MYC,salmon
MYCN,salmon
MYL12B,salmon
MYL6,salmon
MYLK4,salmon
MYNN,salmon
MYO1B,salmon
MYO1E,salmon
MYO5B,salmon
MYO9A,salmon
MYO9B,salmon
MYOZ3,salmon
MYPOP,salmon
MYST4,salmon
N6AMT2,salmon
NAA20,salmon
NAA30,salmon
NAB2,salmon
NAE1,salmon
NAGK,salmon
NAP1L4,salmon
NAPB,salmon
NARS2,salmon
NAT9,salmon
NAV1,salmon
NAV2,salmon
NBEA,salmon
NBLA00301,salmon
NBN,salmon
NCAN,salmon
NCAPD2,salmon
NCAPD3,salmon
NCL,salmon
NCLN,salmon
NCOA2,salmon
NCOA4,salmon
NCRNA00081,salmon
NCRNA00167,salmon
NDE1,salmon
NDFIP1,salmon
NDRG3,salmon
NDRG4,salmon
NDUFA13,salmon
NDUFA2,salmon
NDUFA4,salmon
NDUFAF4,salmon
NDUFB10,salmon
NDUFS1,salmon
NDUFS4,salmon
NDUFS5,salmon
NDUFV2,salmon
NDUFV3,salmon
NEAT1,salmon
NECAP1,salmon
NECAP2,salmon
NEDD4L,salmon
NEIL2,salmon
NEK1,salmon
NEK2,salmon
NEK3,salmon
NEK5,salmon
NEK7,salmon
NEK8,salmon
NEK9,salmon
NELFB,salmon
NELL2,salmon
NES,salmon
NET1,salmon
NEU1,salmon
NEURL1B,salmon
NEURL2,salmon
NEURL3,salmon
NEUROD1,salmon
NFIA,salmon
NFIX,salmon
NFKB1,salmon
NFKBIA,salmon
NFKBIL1,salmon
NFYC,salmon
NGDN,salmon
NGFR,salmon
NHEJ1,salmon
NHSL1,salmon
NID2,salmon
NKAIN3,salmon
NKTR,salmon
NLGN1,salmon
NLRC5,salmon
NMD3,salmon
NME5,salmon
NMNAT2,salmon
NOL10,salmon
NOL6,salmon
NOL8,salmon
NOM1,salmon
NOX4,salmon
NPC2,salmon
NPR3,salmon
NPW,salmon
NPY,salmon
NPY5R,salmon
NR1D2,salmon
NR2C2,salmon
NR2F1,salmon
NR2F1-AS1,salmon
NR2F2,salmon
NR2F6,salmon
NR3C1,salmon
NR3C2,salmon
NR5A2,salmon
NRAS,salmon
NRBP1,salmon
NSA2,salmon
NSL1,salmon
NSMAF,salmon
NSMCE1,salmon
NSMCE4A,salmon
NT5DC1,salmon
NT5DC2,salmon
NT5E,salmon
NT5M,salmon
NTHL1,salmon
NTNG1,salmon
NUAK1,salmon
NUDC,salmon
NUDCD1,salmon
NUDCD2,salmon
NUDCD3,salmon
NUDT1,salmon
NUDT15,salmon
NUDT6,salmon
NUMB,salmon
NUMBL,salmon
NUP155,salmon
NUP54,salmon
NUP88,salmon
NUP98,salmon
NXN,salmon
NXPH1,salmon
NXPH2,salmon
NXT1,salmon
OBFC2A,salmon
OBFC2B,salmon
OBSCN,salmon
OCLN,salmon
ODF2,salmon
ODF2L,salmon
ODZ3,salmon
ODZ4,salmon
OGDHL,salmon
OGFR,salmon
OGG1,salmon
OMA1,salmon
OPN3,salmon
OPRK1,salmon
ORC1,salmon
ORC1L,salmon
ORC3,salmon
OS9,salmon
OSBP2,salmon
OSBPL1A,salmon
OSCAR,salmon
OSGIN2,salmon
OSTBETA,salmon
OTOG,salmon
OTUB2,salmon
OTUD6B,salmon
OTUD7B,salmon
OTX1,salmon
OTX2,salmon
OVOL1,salmon
OXGR1,salmon
OXSM,salmon
P2RY2,salmon
P4HA2,salmon
PA2G4,salmon
PABPN1,salmon
PACS2,salmon
PACSIN1,salmon
PAFAH1B3,salmon
PAFAH2,salmon
PAK2,salmon
PAK6,salmon
PAN2,salmon
PANK1,salmon
PANK2,salmon
PANX1,salmon
PAPOLG,salmon
PAQR4,salmon
PARD6G,salmon
PARM1,salmon
PARP11,salmon
PARP2,salmon
PAX2,salmon
PAX6,salmon
PAX7,salmon
PAX9,salmon
PBK,salmon
PBLD,salmon
PBXIP1,salmon
PCCA,salmon
PCDH1,salmon
PCDH17,salmon
PCDH20,salmon
PCDHA8,salmon
PCDHB10,salmon
PCDHB11,salmon
PCDHGA1,salmon
PCDHGA4,salmon
PCF11,salmon
PCLO,salmon
PCM1,salmon
PCMTD1,salmon
PCP4,salmon
PCSK2,salmon
PCSK7,salmon
PCYT2,salmon
PDCD6IP,salmon
PDE1B,salmon
PDE3A,salmon
PDE4A,salmon
PDE5A,salmon
PDE7A,salmon
PDE8A,salmon
PDHB,salmon
PDHX,salmon
PDK1,salmon
PDLIM4,salmon
PDP1,salmon
PDS5B,salmon
PDSS2,salmon
PDZD7,salmon
PEMT,salmon
PEPD,salmon
PES1,salmon
PEX5,salmon
PEX7,salmon
PFDN1,salmon
PFDN5,salmon
PFKFB2,salmon
PFKFB3,salmon
PFN1,salmon
PFN2,salmon
PGBD1,salmon
PGM2L1,salmon
PGM3,salmon
PHACTR1,salmon
PHACTR2,salmon
PHACTR3,salmon
PHC1,salmon
PHF10,salmon
PHF14,salmon
PHF17,salmon
PHF20,salmon
PHGDH,salmon
PHKG1,salmon
PHLDA1,salmon
PHLDA2,salmon
PHLDB3,salmon
PHLPP2,salmon
PHYH,salmon
PHYHIPL,salmon
PI4K2B,salmon
PI4KB,salmon
PIGB,salmon
PIGC,salmon
PIGM,salmon
PIGS,salmon
PIGT,salmon
PIGU,salmon
PIGZ,salmon
PIK3CA,salmon
PIK3CD,salmon
PIK3IP1,salmon
PIK3R4,salmon
PIM1,salmon
PINK1,salmon
PINX1,salmon
PIP4K2A,salmon
PIP5K1A,salmon
PIP5KL1,salmon
PITPNA,salmon
PJA2,salmon
PKD2,salmon
PKIB,salmon
PKIG,salmon
PKNOX1,salmon
PLA2G12A,salmon
PLA2G7,salmon
PLAA,salmon
PLCD1,salmon
PLCL2,salmon
PLCXD2,salmon
PLD3,salmon
PLD5,salmon
PLEKHA1,salmon
PLEKHB2,salmon
PLEKHF2,salmon
PLEKHG2,salmon
PLEKHM2,salmon
PLIN2,salmon
PLIN3,salmon
PLIN5,salmon
PLK3,salmon
PLK4,salmon
PMM1,salmon
PMP22,salmon
PNMAL1,salmon
PNPLA8,salmon
PNRC1,salmon
PNRC2,salmon
POC1A,salmon
POC1B,salmon
POLDIP3,salmon
POLK,salmon
POLR1B,salmon
POLR1C,salmon
POLR1D,salmon
POLR2B,salmon
POLR2D,salmon
POLR2E,salmon
POLR2G,salmon
POLR3A,salmon
POLR3C,salmon
POLR3H,salmon
POLS,salmon
POMGNT1,salmon
PON2,salmon
POP1,salmon
POT1,salmon
POU2F1,salmon
POU3F1,salmon
POU4F2,salmon
POU6F2,salmon
PPA2,salmon
PPFIA3,salmon
PPIC,salmon
PPIL3,salmon
PPM1A,salmon
PPM1D,salmon
PPM1F,salmon
PPM1H,salmon
PPM1J,salmon
PPP1R12C,salmon
PPP1R13L,salmon
PPP1R15B,salmon
PPP1R16B,salmon
PPP1R2,salmon
PPP1R3C,salmon
PPP1R3G,salmon
PPP1R9A,salmon
PPP2CB,salmon
PPP2R1A,salmon
PPP2R2A,salmon
PPP2R3A,salmon
PPP2R3C,salmon
PPP2R4,salmon
PPP2R5D,salmon
PPP3CB-AS1,salmon
PPP3CC,salmon
PPP4R3A,salmon
PPP5C,salmon
PPPDE2,salmon
PPT2,salmon
PRC1,salmon
PRCP,salmon
PRDM2,salmon
PRDM4,salmon
PRDM7,salmon
PRDM8,salmon
PRDX1,salmon
PRDX3,salmon
PRDX5,salmon
PREX1,salmon
PRICKLE1,salmon
PRKAA1,salmon
PRKACA,salmon
PRKACB,salmon
PRKAG2-AS1,salmon
PRKCI,salmon
PRKCQ,salmon
PRKCZ,salmon
PRKDC,salmon
PRKG1,salmon
PRKRA,salmon
PRMT1,salmon
PRMT5,salmon
PROC,salmon
PROK2,salmon
PROSC,salmon
PROX1,salmon
PRPF19,salmon
PRPF38B,salmon
PRPSAP1,salmon
PRR16,salmon
PRR24,salmon
PRR3,salmon
PRRC1,salmon
PRRG4,salmon
PRRX2,salmon
PRSS33,salmon
PRUNE2,salmon
PSD2,salmon
PSD3,salmon
PSMA1,salmon
PSMA5,salmon
PSMB4,salmon
PSMB8,salmon
PSMD2,salmon
PSMD3,salmon
PSMD7,salmon
PSMD8,salmon
PSMD9,salmon
PSME2,salmon
PSME3,salmon
PSMG1,salmon
PSPC1,salmon
PSTPIP2,salmon
PTBP2,salmon
PTBP3,salmon
PTCD3,salmon
PTCH2,salmon
PTDSS2,salmon
PTEN,salmon
PTGES3,salmon
PTGIS,salmon
PTGS2,salmon
PTMA,salmon
PTPN1,salmon
PTPN21,salmon
PTPN4,salmon
PTPRB,salmon
PTPRF,salmon
PTPRM,salmon
PTPRN2,salmon
PTPRS,salmon
PTPRU,salmon
PUF60,salmon
PURG,salmon
PUS7,salmon
PVRL2,salmon
PWWP2A,salmon
PXMP2,salmon
QARS,salmon
QRICH1,salmon
QSOX2,salmon
RAB10,salmon
RAB11A,salmon
RAB11B,salmon
RAB11FIP3,salmon
RAB18,salmon
RAB1B,salmon
RAB27A,salmon
RAB40B,salmon
RAB42,salmon
RAB5B,salmon
RAB6B,salmon
RABAC1,salmon
RABL4,salmon
RAC1,salmon
RACGAP1,salmon
RAD21,salmon
RAD21-AS1,salmon
RAD23A,salmon
RAD23B,salmon
RAD50,salmon
RAD54B,salmon
RAD54L,salmon
RAE1,salmon
RAF1,salmon
RALY-AS1,salmon
RALYL,salmon
RAMP2,salmon
RANBP1,salmon
RANBP3,salmon
RAP1B,salmon
RAP2B,salmon
RAPGEF5,salmon
RAPGEF6,salmon
RAPH1,salmon
RARS2,salmon
RASA3,salmon
RASAL1,salmon
RASGRF1,salmon
RASGRP3,salmon
RASL10A,salmon
RASL11B,salmon
RASSF5,salmon
RB1CC1,salmon
RBM12B,salmon
RBM18,salmon
RBM25,salmon
RBM28,salmon
RBM33,salmon
RBM34,salmon
RBM4B,salmon
RBM7,salmon
RBM8A,salmon
RBPMS2,salmon
RBX1,salmon
RCL1,salmon
RCN2,salmon
RDH11,salmon
RDM1,salmon
REC8,salmon
RECQL,salmon
RECQL4,salmon
REEP5,salmon
REL,salmon
RELB,salmon
RELL1,salmon
REPIN1,salmon
REPS1,salmon
REST,salmon
RET,salmon
RFESD,salmon
RFFL,salmon
RFT1,salmon
RFX2,salmon
RFX3,salmon
RFX4,salmon
RFXAP,salmon
RG9MTD1,salmon
RGL1,salmon
RGL2,salmon
RGMB,salmon
RGP1,salmon
RGS7,salmon
RGS7BP,salmon
RHBDL3,salmon
RHOA,salmon
RHOT2,salmon
RHOU,salmon
RIC8A,salmon
RIC8B,salmon
RIIAD1,salmon
RIMS2,salmon
RIPK4,salmon
RIPPLY2,salmon
RLF,salmon
RLTPR,salmon
RMND1,salmon
RNASEH2B,salmon
RND2,salmon
RND3,salmon
RNF10,salmon
RNF103,salmon
RNF111,salmon
RNF112,salmon
RNF114,salmon
RNF122,salmon
RNF138,salmon
RNF139,salmon
RNF144A,salmon
RNF149,salmon
RNF150,salmon
RNF157,salmon
RNF175,salmon
RNF181,salmon
RNF185,salmon
RNF19B,salmon
RNF207,salmon
RNF40,salmon
RNFT1,salmon
RNMT,salmon
RNU11,salmon
ROBLD3,salmon
ROBO1,salmon
ROMO1,salmon
ROR2,salmon
RORA-AS1,salmon
RORB,salmon
RP9,salmon
RPA1,salmon
RPA2,salmon
RPAP2,salmon
RPF2,salmon
RPIA,salmon
RPL18AP3,salmon
RPL19,salmon
RPL22,salmon
RPL22L1,salmon
RPL37,salmon
RPL38,salmon
RPL8,salmon
RPL9,salmon
RPLP0,salmon
RPP25,salmon
RPP38,salmon
RPRM,salmon
RPS16,salmon
RPS19,salmon
RPS21,salmon
RPS27A,salmon
RPS6,salmon
RPS6KB2,salmon
RPSA,salmon
RPUSD3,salmon
RRAS2,salmon
RSPO2,salmon
RTCD1,salmon
RTN4,salmon
RUFY2,salmon
RUFY3,salmon
RUNDC2A,salmon
RUNX1,salmon
RUNX2,salmon
RUNX3,salmon
RWDD1,salmon
RWDD4,salmon
RXFP1,salmon
RXRA,salmon
RYK,salmon
S1PR1,salmon
SACM1L,salmon
SACS,salmon
SAFB,salmon
SALL4,salmon
SAMD11,salmon
SAMD4A,salmon
SAMM50,salmon
SAPS1,salmon
SAPS3,salmon
SCAMP3,salmon
SCAND2,salmon
SCARB1,salmon
SCARB2,salmon
SCARF2,salmon
SCARNA16,salmon
SCARNA2,salmon
SCD,salmon
SCFD2,salmon
SCLY,salmon
SCN2B,salmon
SCN4B,salmon
SCN8A,salmon
SDHB,salmon
SEC14L1,salmon
SEC16A,salmon
SEC1P,salmon
SEC22B,salmon
SEC22C,salmon
SEC23A,salmon
SEC24A,salmon
SEC61G,salmon
SECISBP2,salmon
SELV,salmon
SEMA3E,salmon
SEMA4B,salmon
SEMA4D,salmon
SEP-01,salmon
SEP-04,salmon
SEP-05,salmon
SEP-07,salmon
SEP-10,salmon
SEP-15,salmon
SERAC1,salmon
SERHL,salmon
SERINC5,salmon
SERP1,salmon
SERPINE2,salmon
SERTAD3,salmon
SESN1,salmon
SESN2,salmon
SESTD1,salmon
SETBP1,salmon
SETD5,salmon
SETD7,salmon
SETD8,salmon
SETX,salmon
SEZ6,salmon
SF3B1,salmon
SFI1,salmon
SFRS1,salmon
SFRS16,salmon
SFRS2IP,salmon
SFRS3,salmon
SFRS5,salmon
SFRS6,salmon
SFT2D2,salmon
SFXN4,salmon
SGCB,salmon
SGCE,salmon
SGEF,salmon
SGK3,salmon
SGMS1,salmon
SGOL2,salmon
SGSM3,salmon
SGTA,salmon
SGTB,salmon
SH2B3,salmon
SH2D5,salmon
SH3BGR,salmon
SH3D21,salmon
SH3GLB1,salmon
SH3RF3-AS1,salmon
SHC4,salmon
SHF,salmon
SHISA5,salmon
SIAE,salmon
SIDT1,salmon
SIDT2,salmon
SIL1,salmon
SIM1,salmon
SIM2,salmon
SIRT3,salmon
SIX1,salmon
SKA3,salmon
SKIV2L,salmon
SLC10A7,salmon
SLC14A2,salmon
SLC16A12,salmon
SLC17A5,salmon
SLC1A3,salmon
SLC1A4,salmon
SLC22A17,salmon
SLC22A5,salmon
SLC25A1,salmon
SLC25A12,salmon
SLC25A24,salmon
SLC25A25,salmon
SLC25A26,salmon
SLC25A28,salmon
SLC25A30-AS1,salmon
SLC25A32,salmon
SLC25A33,salmon
SLC25A42,salmon
SLC26A10,salmon
SLC26A2,salmon
SLC26A4,salmon
SLC29A1,salmon
SLC2A1,salmon
SLC2A10,salmon
SLC30A1,salmon
SLC30A5,salmon
SLC30A7,salmon
SLC30A9,salmon
SLC35A1,salmon
SLC35B2,salmon
SLC35D1,salmon
SLC35F1,salmon
SLC35F2,salmon
SLC36A1,salmon
SLC37A1,salmon
SLC38A1,salmon
SLC38A2,salmon
SLC39A10,salmon
SLC39A14,salmon
SLC39A3,salmon
SLC39A6,salmon
SLC40A1,salmon
SLC45A1,salmon
SLC48A1,salmon
SLC4A1AP,salmon
SLC4A5,salmon
SLC4A7,salmon
SLC6A4,salmon
SLC6A9,salmon
SLC7A2,salmon
SLC9A1,salmon
SLC9A2,salmon
SLCO2A1,salmon
SLCO3A1,salmon
SLCO5A1,salmon
SLF1,salmon
SLIT1,salmon
SLITRK1,salmon
SLK,salmon
SMAD4,salmon
SMAD7,salmon
SMARCA2,salmon
SMARCAD1,salmon
SMARCAL1,salmon
SMARCD3,salmon
SMC2,salmon
SMIM14,salmon
SMIM20,salmon
SMNDC1,salmon
SMPD1,salmon
SMPDL3A,salmon
SMU1,salmon
SMUG1,salmon
SMURF1,salmon
SNAP25-AS1,salmon
SNAR-F,salmon
SNCA,salmon
SNHG3-RCC1,salmon
SNORD15A,salmon
SNORD43,salmon
SNORD45C,salmon
SNORD74,salmon
SNRNP25,salmon
SNRPA,salmon
SNRPB,salmon
SNRPN,salmon
SNTA1,salmon
SNTG1,salmon
SNW1,salmon
SNX11,salmon
SNX13,salmon
SNX16,salmon
SNX22,salmon
SNX26,salmon
SNX3,salmon
SNX32,salmon
SNX8,salmon
SOAT1,salmon
SOCS4,salmon
SOCS5,salmon
SORCS3,salmon
SOX14,salmon
SOX2OT,salmon
SOX4,salmon
SOX5,salmon
SP1,salmon
SP110,salmon
SP8,salmon
SPAST,salmon
SPATA5L1,salmon
SPATA6L,salmon
SPATS2L,salmon
SPEN,salmon
SPG11,salmon
SPG21,salmon
SPIN1,salmon
SPOCK2,salmon
SPPL2A,salmon
SPPL2B,salmon
SPRED2,salmon
SPSB1,salmon
SPSB3,salmon
SPTAN1,salmon
SPTBN4,salmon
SPTLC2,salmon
SRFBP1,salmon
SRGAP1,salmon
SRGAP3,salmon
SRPK2,salmon
SRPRB,salmon
SRRM1,salmon
SS18,salmon
SS18L1,salmon
SSBP3,salmon
SSH1,salmon
SSH2,salmon
SSTR5,salmon
SSU72,salmon
ST3GAL4,salmon
ST5,salmon
ST6GAL1,salmon
ST8SIA1,salmon
ST8SIA2,salmon
ST8SIA4,salmon
STAM2,salmon
STAP2,salmon
STARD4,salmon
STARD5,salmon
STEAP3,salmon
STIM2,salmon
STK11IP,salmon
STK17A,salmon
STK17B,salmon
STK32B,salmon
STK32C,salmon
STK35,salmon
STK39,salmon
STK4,salmon
STMN1,salmon
STRAP,salmon
STRN3,salmon
STX17-AS1,salmon
STXBP3,salmon
STYX,salmon
SUDS3,salmon
SUFU,salmon
SUN2,salmon
SUOX,salmon
SUPT5H,salmon
SUPV3L1,salmon
SV2B,salmon
SVIL,salmon
SWAP70,salmon
SWT1,salmon
SYF2,salmon
SYN2,salmon
SYN3,salmon
SYNGAP1,salmon
SYNJ2,salmon
SYT13,salmon
SYT14,salmon
SYT2,salmon
SYT5,salmon
SYT6,salmon
SYTL2,salmon
TACC1,salmon
TACR1,salmon
TADA1,salmon
TADA3,salmon
TAF13,salmon
TAF3,salmon
TAF8,salmon
TAL1,salmon
TANC1,salmon
TANC2,salmon
TANGO6,salmon
TANK,salmon
TAPBP,salmon
TAPBPL,salmon
TARBP2,salmon
TARS,salmon
TAX1BP1,salmon
TBC1D14,salmon
TBC1D15,salmon
TBC1D22A,salmon
TBC1D2B,salmon
TBC1D31,salmon
TBCE,salmon
TBKBP1,salmon
TBR1,salmon
TBX2,salmon
TBX20,salmon
TBX21,salmon
TBX5,salmon
TCEA2,salmon
TCERG1,salmon
TCF12,salmon
TCF21,salmon
TCF25,salmon
TCF4,salmon
TCP11L1,salmon
TCTEX1D2,salmon
TCTN1,salmon
TCTN2,salmon
TDG,salmon
TEAD1,salmon
TEAD4,salmon
TECPR1,salmon
TELO2,salmon
TERC,salmon
TET1,salmon
TEX2,salmon
TEX9,salmon
TFAM,salmon
TFAP2A,salmon
TFAP2D,salmon
TFCP2,salmon
TFPI2,salmon
TGIF1,salmon
TGM2,salmon
THADA,salmon
THAP2,salmon
THAP8,salmon
THAP9,salmon
THBS3,salmon
THOC1,salmon
THRA,salmon
THRB,salmon
THSD1,salmon
THSD7A,salmon
THTPA,salmon
THUMPD2,salmon
THY1,salmon
TIGD1,salmon
TIMELESS,salmon
TIMM10,salmon
TIMM13,salmon
TIPARP,salmon
TIPARP-AS1,salmon
TIPIN,salmon
TIPRL,salmon
TK2,salmon
TLE4,salmon
TLE6,salmon
TLL1,salmon
TLR5,salmon
TLX2,salmon
TM2D2,salmon
TMA7,salmon
TMCC2,salmon
TMCO6,salmon
TMCO7,salmon
TMED7-TICAM2,salmon
TMEM107,salmon
TMEM11,salmon
TMEM126A,salmon
TMEM126B,salmon
TMEM131,salmon
TMEM135,salmon
TMEM14C,salmon
TMEM165,salmon
TMEM177,salmon
TMEM179B,salmon
TMEM180,salmon
TMEM186,salmon
TMEM190,salmon
TMEM194A,salmon
TMEM196,salmon
TMEM20,salmon
TMEM201,salmon
TMEM208,salmon
TMEM209,salmon
TMEM214,salmon
TMEM233,salmon
TMEM25,salmon
TMEM30A,salmon
TMEM33,salmon
TMEM41B,salmon
TMEM50B,salmon
TMEM53,salmon
TMEM55B,salmon
TMEM56,salmon
TMEM57,salmon
TMEM79,salmon
TMEM85,salmon
TMEM86B,salmon
TMEM8A,salmon
TMEM90A,salmon
TMEM90B,salmon
TMPO,salmon
TMPRSS2,salmon
TMTC4,salmon
TMUB1,salmon
TMX1,salmon
TNFRSF10A,salmon
TNKS1BP1,salmon
TNKS2,salmon
TNPO1,salmon
TNPO3,salmon
TNS3,salmon
TNXB,salmon
TOM1L1,salmon
TOM1L2,salmon
TOP2A,salmon
TOR1AIP1,salmon
TOR1B,salmon
TOR2A,salmon
TOX,salmon
TP53BP2,salmon
TP53INP2,salmon
TP53RK,salmon
TPD52L1,salmon
TPK1,salmon
TPM4,salmon
TPP2,salmon
TRA2B,salmon
TRAF1,salmon
TRAF3,salmon
TRAF5,salmon
TRAFD1,salmon
TRAK2,salmon
TRAP1,salmon
TRAPPC3,salmon
TRAPPC4,salmon
TRAPPC9,salmon
TRDN,salmon
TRERF1,salmon
TRIB1,salmon
TRIB2,salmon
TRIM17,salmon
TRIM2,salmon
TRIM26,salmon
TRIM27,salmon
TRIM28,salmon
TRIM34,salmon
TRIM37,salmon
TRIM46,salmon
TRIM62,salmon
TRIM7,salmon
TRIP10,salmon
TRIP13,salmon
TRNP1,salmon
TROAP,salmon
TROVE2,salmon
TRPC4,salmon
TRPM8,salmon
TSC1,salmon
TSGA14,salmon
TSNARE1,salmon
TSPAN14,salmon
TSPAN31,salmon
TSSC1,salmon
TST,salmon
TSTD1,salmon
TTC1,salmon
TTC13,salmon
TTC21B,salmon
TTC25,salmon
TTC28,salmon
TTC31,salmon
TTC9C,salmon
TTLL12,salmon
TTLL13,salmon
TTLL6,salmon
TTPA,salmon
TTYH3,salmon
TUBA1B,salmon
TUBB,salmon
TUBB4A,salmon
TUBE1,salmon
TULP4,salmon
TWF1,salmon
TWF2,salmon
TXN2,salmon
TXNDC12,salmon
TXNRD1,salmon
TXNRD2,salmon
UACA,salmon
UBAC2,salmon
UBALD2,salmon
UBAP2,salmon
UBB,salmon
UBE2D3,salmon
UBE2E2,salmon
UBE2G1,salmon
UBE2I,salmon
UBE2N,salmon
UBE2W,salmon
UBE4A,salmon
UBE4B,salmon
UBL3,salmon
UBL7,salmon
UBP1,salmon
UBQLN1,salmon
UBTD2,salmon
UBXN2A,salmon
UBXN8,salmon
UCK1,salmon
UEVLD,salmon
UGDH,salmon
UGT8,salmon
UHMK1,salmon
UHRF1,salmon
UHRF1BP1,salmon
ULBP1,salmon
ULBP3,salmon
ULK1,salmon
UMODL1,salmon
UNC13B,salmon
UNC50,salmon
UNC5C,salmon
UNG,salmon
UNQ6494,salmon
UPF2,salmon
UQCRC2,salmon
URM1,salmon
USO1,salmon
USP12,salmon
USP12-AS2,salmon
USP15,salmon
USP2,salmon
USP3,salmon
USP30,salmon
USP38,salmon
USP44,salmon
USP45,salmon
USPL1,salmon
UTP15,salmon
UTP3,salmon
UVRAG,salmon
UVSSA,salmon
VASP,salmon
VAV2,salmon
VCL,salmon
VDAC1,salmon
VEGFA,salmon
VENTX,salmon
VGF,salmon
VGLL4,salmon
VILL,salmon
VOPP1,salmon
VPS25,salmon
VPS29,salmon
VPS33B,salmon
VPS37C,salmon
VPS4B,salmon
VPS52,salmon
VPS54,salmon
VTI1B,salmon
VWA2,salmon
VWA5A,salmon
WAC,salmon
WASF1,salmon
WASF2,salmon
WBP1,salmon
WBP11,salmon
WDR16,salmon
WDR17,salmon
WDR27,salmon
WDR35,salmon
WDR41,salmon
WDR47,salmon
WDR55,salmon
WDR5B,salmon
WDR61,salmon
WDR62,salmon
WDR65,salmon
WDR70,salmon
WDR73,salmon
WDR74,salmon
WDR75,salmon
WDR89,salmon
WDSUB1,salmon
WIBG,salmon
WIPF1,salmon
WIPI1,salmon
WNT2B,salmon
WNT6,salmon
WNT7B,salmon
WSB2,salmon
WT1-AS,salmon
WWC1,salmon
WWC2,salmon
WWTR1,salmon
XBP1,salmon
XKR6,salmon
XPA,salmon
XPC,salmon
XPO5,salmon
XPO6,salmon
XPR1,salmon
XRN2,salmon
XYLT2,salmon
YBX2,salmon
YIPF3,salmon
YME1L1,salmon
YPEL1,salmon
YPEL3,salmon
YTHDF2,salmon
YWHAB,salmon
ZBED4,salmon
ZBTB11-AS1,salmon
ZBTB14,salmon
ZBTB16,salmon
ZBTB20,salmon
ZBTB22,salmon
ZBTB3,salmon
ZBTB4,salmon
ZBTB45,salmon
ZBTB7A,salmon
ZBTB7B,salmon
ZBTB8A,salmon
ZBTB8B,salmon
ZBTB9,salmon
ZC3H10,salmon
ZC3H12C,salmon
ZC3H8,salmon
ZCCHC10,salmon
ZCCHC3,salmon
ZCCHC6,salmon
ZDHHC17,salmon
ZDHHC23,salmon
ZDHHC6,salmon
ZEB1,salmon
ZEB2,salmon
ZFAND5,salmon
ZFC3H1,salmon
ZFHX4,salmon
ZFP161,salmon
ZFP41,salmon
ZFP62,salmon
ZFPM1,salmon
ZFYVE9,salmon
ZKSCAN4,salmon
ZMAT3,salmon
ZMPSTE24,salmon
ZMYM1,salmon
ZMYM4,salmon
ZMYND15,salmon
ZMYND8,salmon
ZNF106,salmon
ZNF12,salmon
ZNF132,salmon
ZNF133,salmon
ZNF135,salmon
ZNF140,salmon
ZNF143,salmon
ZNF160,salmon
ZNF169,salmon
ZNF17,salmon
ZNF180,salmon
ZNF19,salmon
ZNF195,salmon
ZNF197,salmon
ZNF2,salmon
ZNF213,salmon
ZNF229,salmon
ZNF230,salmon
ZNF234,salmon
ZNF248,salmon
ZNF251,salmon
ZNF292,salmon
ZNF296,salmon
ZNF3,salmon
ZNF316,salmon
ZNF330,salmon
ZNF337,salmon
ZNF367,salmon
ZNF37B,salmon
ZNF384,salmon
ZNF396,salmon
ZNF410,salmon
ZNF419,salmon
ZNF420,salmon
ZNF428,salmon
ZNF433,salmon
ZNF441,salmon
ZNF444,salmon
ZNF48,salmon
ZNF487,salmon
ZNF500,salmon
ZNF509,salmon
ZNF510,salmon
ZNF511,salmon
ZNF514,salmon
ZNF518A,salmon
ZNF521,salmon
ZNF527,salmon
ZNF540,salmon
ZNF557,salmon
ZNF564,salmon
ZNF565,salmon
ZNF569,salmon
ZNF573,salmon
ZNF585A,salmon
ZNF598,salmon
ZNF599,salmon
ZNF614,salmon
ZNF626,salmon
ZNF628,salmon
ZNF644,salmon
ZNF655,salmon
ZNF660,salmon
ZNF669,salmon
ZNF687,salmon
ZNF689,salmon
ZNF691,salmon
ZNF692,salmon
ZNF704,salmon
ZNF720,salmon
ZNF74,salmon
ZNF747,salmon
ZNF771,salmon
ZNF789,salmon
ZNF793,salmon
ZNF799,salmon
ZNF800,salmon
ZNF805,salmon
ZNF821,salmon
ZNF827,salmon
ZNF84,salmon
ZNF841,salmon
ZNF844,salmon
ZNF862,salmon
ZNF880,salmon
ZNHIT2,salmon
ZNHIT6,salmon
ZNRD1,salmon
ZNRF2,salmon
ZRANB2,salmon
ZSCAN20,salmon
ZSWIM5,salmon
ZSWIM6,salmon
ZSWIM8,salmon
ZUFSP,salmon
ZW10,salmon
ZWILCH,salmon
ZZEF1,salmon
AAAS,skyblue
AACS,skyblue
AARSD1,skyblue
AATK,skyblue
ABCB9,skyblue
ABHD1,skyblue
ABHD6,skyblue
ABLIM3,skyblue
ABR,skyblue
ACAP3,skyblue
ACAT1,skyblue
ACAT2,skyblue
ACHE,skyblue
ACIN1,skyblue
ACOT11,skyblue
ACOXL,skyblue
ACP1,skyblue
ACPL2,skyblue
ACSL6,skyblue
ACTR10,skyblue
ACVR2A,skyblue
ADAM10,skyblue
ADAM12,skyblue
ADAM17,skyblue
ADAM19,skyblue
ADAM20P1,skyblue
ADAMTS2,skyblue
ADAMTS3,skyblue
ADCY6,skyblue
ADCY9,skyblue
ADH5,skyblue
ADH6,skyblue
ADIPOR1,skyblue
ADK,skyblue
ADPRHL2,skyblue
ADRM1,skyblue
AFF1,skyblue
AGAP1,skyblue
AGFG1,skyblue
AGPAT4,skyblue
AGRN,skyblue
AGTPBP1,skyblue
AHI1,skyblue
AHNAK2,skyblue
AK3L1,skyblue
AKAP11,skyblue
AKIRIN2,skyblue
AKR1B1,skyblue
AKT3,skyblue
ALDH18A1,skyblue
ALDH1B1,skyblue
ALDH1L1,skyblue
ALDH6A1,skyblue
ALG1,skyblue
ALG10B,skyblue
ALK,skyblue
ALOX12B,skyblue
ALS2CL,skyblue
ALX4,skyblue
ALYREF,skyblue
AMBRA1,skyblue
AMD1,skyblue
AMDHD1,skyblue
AMOTL1,skyblue
ANGEL1,skyblue
ANK3,skyblue
ANKDD1A,skyblue
ANKFY1,skyblue
ANKRD12,skyblue
ANKRD13B,skyblue
ANKRD22,skyblue
ANKRD28,skyblue
ANKRD37,skyblue
ANKRD42,skyblue
ANO1,skyblue
ANO4,skyblue
ANO8,skyblue
ANP32A,skyblue
ANXA4,skyblue
ANXA6,skyblue
AOC1,skyblue
AOX1,skyblue
AP1AR,skyblue
AP3B2,skyblue
ARC,skyblue
ARFGAP2,skyblue
ARHGAP25,skyblue
ARHGEF11,skyblue
ARHGEF18,skyblue
ARID2,skyblue
ARID4A,skyblue
ARID4B,skyblue
ARID5A,skyblue
ARID5B,skyblue
ARL10,skyblue
ARL16,skyblue
ARL3,skyblue
ARL4A,skyblue
ARMC3,skyblue
ARMC8,skyblue
ARMC9,skyblue
ARRB2,skyblue
ARRDC2,skyblue
ARSB,skyblue
ASAH2,skyblue
ASAP1,skyblue
ASAP3,skyblue
ASB3,skyblue
ASCL2,skyblue
ASH2L,skyblue
ASRGL1,skyblue
ASTN1,skyblue
ASUN,skyblue
ATAD2,skyblue
ATAD2B,skyblue
ATAD3A,skyblue
ATF6,skyblue
ATG10,skyblue
ATG16L1,skyblue
ATG16L2,skyblue
ATG2A,skyblue
ATG4C,skyblue
ATHL1,skyblue
ATP10D,skyblue
ATP13A2,skyblue
ATP2B4,skyblue
ATP5H,skyblue
ATP5L,skyblue
ATP5S,skyblue
ATP6V0C,skyblue
ATP6V1A,skyblue
ATP6V1B1,skyblue
ATP6V1C1,skyblue
ATP6V1D,skyblue
ATP6V1G1,skyblue
ATP6V1H,skyblue
ATPAF1,skyblue
ATPIF1,skyblue
ATRNL1,skyblue
ATXN1,skyblue
ATXN2L,skyblue
AUH,skyblue
B3GALNT2,skyblue
B4GALNT1,skyblue
B4GALT5,skyblue
BANP,skyblue
BARX1,skyblue
BAT2L2,skyblue
BAT4,skyblue
BBS1,skyblue
BBS4,skyblue
BCAM,skyblue
BCKDHA,skyblue
BCKDHB,skyblue
BCL11A,skyblue
BCL11B,skyblue
BCL2L11,skyblue
BCL2L13,skyblue
BCS1L,skyblue
BDNF,skyblue
BECN1,skyblue
BEND4,skyblue
BHLHE41,skyblue
BICC1,skyblue
BICD1,skyblue
BIN3,skyblue
BIRC6,skyblue
BLMH,skyblue
BMP3,skyblue
BMP6,skyblue
BMPR1B,skyblue
BNC2,skyblue
BNIP2,skyblue
BNIP3,skyblue
BOD1,skyblue
BPGM,skyblue
BPTF,skyblue
BRAF,skyblue
BRF1,skyblue
BRMS1L,skyblue
BTAF1,skyblue
BTG1,skyblue
BZW1,skyblue
BZW2,skyblue
C10ORF114,skyblue
C10ORF119,skyblue
C10ORF4,skyblue
C10ORF41,skyblue
C10ORF46,skyblue
C10ORF53,skyblue
C10ORF67,skyblue
C10ORF76,skyblue
C11ORF31,skyblue
C11ORF41,skyblue
C11ORF48,skyblue
C11ORF51,skyblue
C11ORF57,skyblue
C11ORF67,skyblue
C11ORF80,skyblue
C11ORF83,skyblue
C11ORF97,skyblue
C12ORF41,skyblue
C12ORF75,skyblue
C12ORF76,skyblue
C13ORF34,skyblue
C14ORF126,skyblue
C14ORF179,skyblue
C15ORF26,skyblue
C15ORF40,skyblue
C15ORF57,skyblue
C16ORF5,skyblue
C16ORF80,skyblue
C16ORF86,skyblue
C16ORF91,skyblue
C17ORF101,skyblue
C17ORF49,skyblue
C17ORF80,skyblue
C17ORF91,skyblue
C18ORF25,skyblue
C18ORF54,skyblue
C18ORF56,skyblue
C19ORF39,skyblue
C19ORF52,skyblue
C19ORF6,skyblue
C19ORF62,skyblue
C1ORF106,skyblue
C1ORF109,skyblue
C1ORF114,skyblue
C1ORF122,skyblue
C1ORF128,skyblue
C1ORF174,skyblue
C1ORF212,skyblue
C1ORF228,skyblue
C1ORF25,skyblue
C1ORF31,skyblue
C1ORF43,skyblue
C1ORF51,skyblue
C1ORF93,skyblue
C1ORF95,skyblue
C1QTNF1,skyblue
C20ORF108,skyblue
C20ORF194,skyblue
C20ORF94,skyblue
C20ORF96,skyblue
C22ORF26,skyblue
C22ORF39,skyblue
C3ORF14,skyblue
C3ORF31,skyblue
C3ORF37,skyblue
C4ORF33,skyblue
C5ORF32,skyblue
C5ORF44,skyblue
C5ORF45,skyblue
C5ORF66,skyblue
C6ORF114,skyblue
C6ORF145,skyblue
C6ORF192,skyblue
C6ORF35,skyblue
C6ORF89,skyblue
C7ORF13,skyblue
C7ORF27,skyblue
C7ORF36,skyblue
C7ORF41,skyblue
C7ORF55,skyblue
C7ORF57,skyblue
C7ORF58,skyblue
C7ORF60,skyblue
C7ORF68,skyblue
C8G,skyblue
C8ORF56,skyblue
C9ORF129,skyblue
C9ORF156,skyblue
C9ORF7,skyblue
C9ORF75,skyblue
C9ORF85,skyblue
CA7,skyblue
CA8,skyblue
CAB39L,skyblue
CABC1,skyblue
CACNA1A,skyblue
CADPS2,skyblue
CALB2,skyblue
CALCR,skyblue
CAMK2B,skyblue
CAMK4,skyblue
CAMTA1,skyblue
CAND1,skyblue
CAND2,skyblue
CAPN11,skyblue
CAPRIN1,skyblue
CAPRIN2,skyblue
CAPS2,skyblue
CAPZB,skyblue
CARS,skyblue
CASC18,skyblue
CASC2,skyblue
CASP8AP2,skyblue
CASP9,skyblue
CAST,skyblue
CASZ1,skyblue
CBL,skyblue
CBLB,skyblue
CBS,skyblue
CBY1,skyblue
CC2D2A,skyblue
CCAR1,skyblue
CCDC109A,skyblue
CCDC11,skyblue
CCDC126,skyblue
CCDC138,skyblue
CCDC149,skyblue
CCDC153,skyblue
CCDC178,skyblue
CCDC18,skyblue
CCDC19,skyblue
CCDC23,skyblue
CCDC28A,skyblue
CCDC39,skyblue
CCDC59,skyblue
CCDC8,skyblue
CCDC84,skyblue
CCHCR1,skyblue
CCKBR,skyblue
CCM2,skyblue
CCNA2,skyblue
CCND3,skyblue
CCNDBP1,skyblue
CCNE2,skyblue
CCNG2,skyblue
CCNI,skyblue
CCNT1,skyblue
CCNYL1,skyblue
CCPG1,skyblue
CCT4,skyblue
CCT8,skyblue
CD151,skyblue
CD200,skyblue
CD300LG,skyblue
CD81-AS1,skyblue
CD82,skyblue
CDC123,skyblue
CDC14A,skyblue
CDC27,skyblue
CDC37L1-AS1,skyblue
CDCA3,skyblue
CDH12,skyblue
CDH13,skyblue
CDH23,skyblue
CDH4,skyblue
CDK14,skyblue
CDK5,skyblue
CDK5RAP2,skyblue
CDK5RAP3,skyblue
CDK7,skyblue
CDK8,skyblue
CDKL1,skyblue
CDKN1B,skyblue
CDON,skyblue
CEACAM21,skyblue
CELSR2,skyblue
CENPBD1,skyblue
CEP131,skyblue
CEP152,skyblue
CEP164,skyblue
CEP78,skyblue
CEP83,skyblue
CEP97,skyblue
CFAP54,skyblue
CFL1P1,skyblue
CHAC2,skyblue
CHCHD5,skyblue
CHD3,skyblue
CHFR,skyblue
CHMP4A,skyblue
CHST1,skyblue
CHST11,skyblue
CHSY1,skyblue
CHUK,skyblue
CIB2,skyblue
CIC,skyblue
CILP2,skyblue
CITED2,skyblue
CIZ1,skyblue
CKAP2L,skyblue
CLCN6,skyblue
CLEC12A,skyblue
CLNS1A,skyblue
CLP1,skyblue
CMPK1,skyblue
CNDP2,skyblue
CNGA3,skyblue
CNOT10,skyblue
CNOT2,skyblue
CNOT4,skyblue
CNP,skyblue
CNST,skyblue
CNTFR,skyblue
CNTN1,skyblue
CNTNAP2,skyblue
COG8,skyblue
COL23A1,skyblue
COMMD3,skyblue
COMMD9,skyblue
COPS5,skyblue
COPS6,skyblue
COPS7B,skyblue
COQ10B,skyblue
COQ2,skyblue
COX17,skyblue
COX5B,skyblue
COX6C,skyblue
CPLX1,skyblue
CPSF1,skyblue
CPVL,skyblue
CRABP1,skyblue
CRABP2,skyblue
CREBL2,skyblue
CRISPLD1,skyblue
CRTAM,skyblue
CRTC3,skyblue
CRYM,skyblue
CSMD1,skyblue
CSMD3,skyblue
CSNK1G3,skyblue
CSNK2A1,skyblue
CSRNP1,skyblue
CSRNP2,skyblue
CSRNP3,skyblue
CSRP1,skyblue
CSTF3,skyblue
CTBP2,skyblue
CTBS,skyblue
CTDP1,skyblue
CTHRC1,skyblue
CTIF,skyblue
CTNS,skyblue
CTSH,skyblue
CTSL1,skyblue
CTTNBP2,skyblue
CTXN2,skyblue
CUBN,skyblue
CWF19L2,skyblue
CYHR1,skyblue
CYP26A1,skyblue
CYP27A1,skyblue
CYP2R1,skyblue
CYP4V2,skyblue
CYSTM1,skyblue
CYTSA,skyblue
DAB2IP,skyblue
DACH1,skyblue
DAPK1,skyblue
DAPL1,skyblue
DBN1,skyblue
DBX1,skyblue
DCAF11,skyblue
DCAF5,skyblue
DCAF8,skyblue
DCHS1,skyblue
DCHS2,skyblue
DCLK1,skyblue
DCLK2,skyblue
DCTN3,skyblue
DCTN4,skyblue
DCTN6,skyblue
DDHD2,skyblue
DDIT4,skyblue
DDX19B,skyblue
DDX5,skyblue
DECR2,skyblue
DEK,skyblue
DEPDC1B,skyblue
DGKQ,skyblue
DHODH,skyblue
DHX35,skyblue
DHX37,skyblue
DHX38,skyblue
DHX58,skyblue
DIAPH3,skyblue
DIP2C,skyblue
DIS3,skyblue
DISP1,skyblue
DKKL1,skyblue
DLD,skyblue
DLG1,skyblue
DLG2,skyblue
DLGAP2,skyblue
DLGAP3,skyblue
DLX2,skyblue
DLX6AS,skyblue
DMAP1,skyblue
DMPK,skyblue
DNAJA1,skyblue
DNAJA3,skyblue
DNAJC24,skyblue
DNAJC30,skyblue
DOHH,skyblue
DOLK,skyblue
DPH7,skyblue
DPM1,skyblue
DPP3,skyblue
DPP6,skyblue
DPY19L1,skyblue
DPY30,skyblue
DPYSL4,skyblue
DPYSL5,skyblue
DR1,skyblue
DSCR3,skyblue
DST,skyblue
DSTYK,skyblue
DTL,skyblue
DUSP26,skyblue
DYNC1LI2,skyblue
DYNLT1,skyblue
DYX1C1,skyblue
DZIP3,skyblue
E2F6,skyblue
EBF1,skyblue
ECI1,skyblue
EFEMP2,skyblue
EFHC1,skyblue
EGLN1,skyblue
EGLN3,skyblue
EGR2,skyblue
EGR3,skyblue
EIF2AK3,skyblue
EIF2B3,skyblue
EIF2B5,skyblue
EIF4A2,skyblue
ELANE,skyblue
ELAVL2,skyblue
ELL,skyblue
ELMO2,skyblue
ELMOD1,skyblue
ELMOD2,skyblue
ELOF1,skyblue
ELOVL5,skyblue
ELP2P,skyblue
ELP4,skyblue
EML2,skyblue
EML4,skyblue
EML5,skyblue
EML6,skyblue
ENPP2,skyblue
ENTPD8,skyblue
EOGT,skyblue
EPAS1,skyblue
EPB41L3,skyblue
EPC1,skyblue
EPHA10,skyblue
EPHA4,skyblue
EPHA6,skyblue
EPOR,skyblue
EPS15L1,skyblue
EPS8,skyblue
EPYC,skyblue
ERCC1,skyblue
ERCC6,skyblue
ERG,skyblue
ERICH2,skyblue
ERVK13-1,skyblue
ETV4,skyblue
EVL,skyblue
EWSR1,skyblue
EXOG,skyblue
EXOSC4,skyblue
EXOSC8,skyblue
EXT1,skyblue
EXT2,skyblue
EYA4,skyblue
EYS,skyblue
FABP12,skyblue
FAH,skyblue
FAM103A1,skyblue
FAM105B,skyblue
FAM110A,skyblue
FAM120AOS,skyblue
FAM122A,skyblue
FAM125A,skyblue
FAM134A,skyblue
FAM135A,skyblue
FAM13B,skyblue
FAM159B,skyblue
FAM176A,skyblue
FAM189A1,skyblue
FAM193B,skyblue
FAM214B,skyblue
FAM3D,skyblue
FAM46A,skyblue
FAM73A,skyblue
FAM96A,skyblue
FAM96B,skyblue
FAM98B,skyblue
FANCC,skyblue
FANCF,skyblue
FANCI,skyblue
FANCL,skyblue
FAT1,skyblue
FBL,skyblue
FBLIM1,skyblue
FBXL13,skyblue
FBXL22,skyblue
FBXO15,skyblue
FBXO17,skyblue
FBXO32,skyblue
FBXO39,skyblue
FBXW8,skyblue
FCHO2,skyblue
FCN1,skyblue
FCRLB,skyblue
FDFT1,skyblue
FECH,skyblue
FEM1C,skyblue
FERMT2,skyblue
FGF1,skyblue
FGF17,skyblue
FGFR1,skyblue
FGFR1OP,skyblue
FGFR3,skyblue
FHOD1,skyblue
FIBCD1,skyblue
FICD,skyblue
FKBP9,skyblue
FLCN,skyblue
FLI1,skyblue
FLJ16779,skyblue
FLJ35776,skyblue
FLJ37453,skyblue
FLJ39653,skyblue
FLJ45983,skyblue
FLNC,skyblue
FLOT1,skyblue
FLRT3,skyblue
FMN1,skyblue
FMN2,skyblue
FNBP1,skyblue
FNDC3B,skyblue
FOSB,skyblue
FOXA1,skyblue
FOXI2,skyblue
FOXJ2,skyblue
FOXK1,skyblue
FOXP1,skyblue
FOXP4,skyblue
FRAS1,skyblue
FRMD4A,skyblue
FRMD5,skyblue
FRMD6-AS1,skyblue
FRS2,skyblue
FRS3,skyblue
FSIP1,skyblue
FST,skyblue
FTSJ3,skyblue
FUT2,skyblue
FUT8,skyblue
FUZ,skyblue
FXR1,skyblue
FXYD6,skyblue
FZD10,skyblue
G6PC3,skyblue
GAB4,skyblue
GABARAP,skyblue
GABPB1,skyblue
GABRA1,skyblue
GAL3ST1,skyblue
GAL3ST2,skyblue
GALNT2,skyblue
GALNT9,skyblue
GAP43,skyblue
GAREM,skyblue
GARS,skyblue
GAST,skyblue
GATAD2A,skyblue
GCAT,skyblue
GDNF,skyblue
GGT7,skyblue
GHITM,skyblue
GINS1,skyblue
GJA3,skyblue
GK5,skyblue
GLI2,skyblue
GLI4,skyblue
GLIS1,skyblue
GLT8D1,skyblue
GLYATL2,skyblue
GLYCTK,skyblue
GMEB1,skyblue
GNA12,skyblue
GNAI2,skyblue
GNAZ,skyblue
GNE,skyblue
GNG4,skyblue
GNG7,skyblue
GNPAT,skyblue
GOLGA3,skyblue
GOLGA7,skyblue
GOLIM4,skyblue
GOLPH3L,skyblue
GOSR1,skyblue
GPC6,skyblue
GPHN,skyblue
GPI,skyblue
GPN2,skyblue
GPR123,skyblue
GPR98,skyblue
GPRC5B,skyblue
GRAMD3,skyblue
GRB2,skyblue
GRK4,skyblue
GRK5,skyblue
GRK6,skyblue
GRM7,skyblue
GSAP,skyblue
GSS,skyblue
GSTZ1,skyblue
GTF3C3,skyblue
GTF3C5,skyblue
GTPBP8,skyblue
GTSE1,skyblue
GUF1,skyblue
GULP1,skyblue
GYPC,skyblue
H19,skyblue
H2AFY,skyblue
HARS,skyblue
HCCA2,skyblue
HCG9,skyblue
HDAC4,skyblue
HEATR3,skyblue
HEG1,skyblue
HERC3,skyblue
HERC5,skyblue
HERC6,skyblue
HEXB,skyblue
HGC6.3,skyblue
HIC1,skyblue
HIGD1A,skyblue
HIPK1-AS1,skyblue
HIPK3,skyblue
HIST1H1E,skyblue
HIST1H2BD,skyblue
HIST1H2BE,skyblue
HIST1H4B,skyblue
HIVEP2,skyblue
HJURP,skyblue
HLA-L,skyblue
HMGA2,skyblue
HMGCS1,skyblue
HMX2,skyblue
HMX3,skyblue
HN1L,skyblue
HNRNPA0,skyblue
HNRNPA1,skyblue
HOOK3,skyblue
HOXB3,skyblue
HOXD1,skyblue
HPCA,skyblue
HPCAL4,skyblue
HPDL,skyblue
HS1BP3,skyblue
HS2ST1,skyblue
HS3ST3B1,skyblue
HS6ST1,skyblue
HSD11B1,skyblue
HSD17B1,skyblue
HSPA1L,skyblue
HSPA5,skyblue
HSPA8,skyblue
HSPB1,skyblue
HTR7P1,skyblue
HTRA2,skyblue
HVCN1,skyblue
ICA1L,skyblue
ICK,skyblue
IDUA,skyblue
IER2,skyblue
IFT81,skyblue
IGF1,skyblue
IGF1R,skyblue
IGF2,skyblue
IGF2BP1,skyblue
IGFBP3,skyblue
IGFBP5,skyblue
IGSF11,skyblue
IGSF21,skyblue
IGSF3,skyblue
IKZF1,skyblue
IKZF2,skyblue
IKZF5,skyblue
IL17RC,skyblue
ILF2,skyblue
ILVBL,skyblue
IMMP2L,skyblue
IMPA1,skyblue
IMPG1,skyblue
ING5,skyblue
INHBB,skyblue
INPP4A,skyblue
INS-IGF2,skyblue
IPO4,skyblue
IQCH-AS1,skyblue
IQSEC1,skyblue
IRF1,skyblue
IRX6,skyblue
ISL1,skyblue
ISLR2,skyblue
ISM1,skyblue
ITFG2,skyblue
ITGA9-AS1,skyblue
ITGB4,skyblue
ITGBL1,skyblue
ITM2B,skyblue
ITPK1,skyblue
ITPKA,skyblue
ITPKB,skyblue
IVD,skyblue
JAG2,skyblue
JMJD8,skyblue
JMY,skyblue
JPH3,skyblue
JRKL,skyblue
JUN,skyblue
KANSL1,skyblue
KATNAL1,skyblue
KBTBD6,skyblue
KCNA1,skyblue
KCNA6,skyblue
KCNC2,skyblue
KCNH1,skyblue
KCNH6,skyblue
KCNJ11,skyblue
KCNJ3,skyblue
KCNQ3,skyblue
KCNQ4,skyblue
KCNQ5,skyblue
KCTD7,skyblue
KDM1A,skyblue
KDM4A,skyblue
KDM4C,skyblue
KDM8,skyblue
KHK,skyblue
KHSRP,skyblue
KIAA0196,skyblue
KIAA0319,skyblue
KIAA0355,skyblue
KIAA0391,skyblue
KIAA1009,skyblue
KIAA1217,skyblue
KIAA1244,skyblue
KIAA1370,skyblue
KIAA1530,skyblue
KIAA1539,skyblue
KIAA1551,skyblue
KIAA2018,skyblue
KIDINS220,skyblue
KIF19,skyblue
KIF1B,skyblue
KIF27,skyblue
KIFAP3,skyblue
KIFC3,skyblue
KIN,skyblue
KLC2,skyblue
KLF10,skyblue
KLF13,skyblue
KLF3,skyblue
KLF6,skyblue
KLHDC10,skyblue
KLHDC2,skyblue
KLHL11,skyblue
KLHL14,skyblue
KLHL21,skyblue
KLHL29,skyblue
KLHL36,skyblue
KMT2E-AS1,skyblue
KREMEN2,skyblue
KRR1,skyblue
KRT23,skyblue
KRTAP5-4,skyblue
LAMB4,skyblue
LAMC1,skyblue
LAMTOR4,skyblue
LARP6,skyblue
LARS2,skyblue
LDLRAD4,skyblue
LDOC1L,skyblue
LEF1-AS1,skyblue
LENG8,skyblue
LHX9,skyblue
LIG1,skyblue
LIG4,skyblue
LIMCH1,skyblue
LIMK1,skyblue
LIMK2,skyblue
LINC00176,skyblue
LINC00211,skyblue
LINC00299,skyblue
LINC00836,skyblue
LINC01336,skyblue
LINC01533,skyblue
LMNB1,skyblue
LMO1,skyblue
LMO3,skyblue
LMX1A,skyblue
LMX1B,skyblue
LOC100130331,skyblue
LOC100130691,skyblue
LOC100133308,skyblue
LOC100134713,skyblue
LOC100272217,skyblue
LOC101927043,skyblue
LOC101928068,skyblue
LOC101928103,skyblue
LOC101928370,skyblue
LOC101929089,skyblue
LOC101929468,skyblue
LOC102467080,skyblue
LOC148413,skyblue
LOC148696,skyblue
LOC153328,skyblue
LOC157627,skyblue
LOC283392,skyblue
LOC283663,skyblue
LOC285796,skyblue
LOC285830,skyblue
LOC387647,skyblue
LOC400940,skyblue
LOC401052,skyblue
LOC401463,skyblue
LOC404266,skyblue
LOC643072,skyblue
LOC645323,skyblue
LOC729020,skyblue
LOC731157,skyblue
LONRF1,skyblue
LOX,skyblue
LPGAT1,skyblue
LPHN2,skyblue
LPP,skyblue
LRIG3,skyblue
LRP6,skyblue
LRPAP1,skyblue
LRRC16A,skyblue
LRRC41,skyblue
LRRC47,skyblue
LRRC4C,skyblue
LRRC8D,skyblue
LRRN2,skyblue
LRRTM2,skyblue
LSG1,skyblue
LSM11,skyblue
LSM3,skyblue
LSM8,skyblue
LSP1,skyblue
LUC7L,skyblue
LYPD6,skyblue
LYSMD4,skyblue
MACROD2,skyblue
MAD1L1,skyblue
MAEA,skyblue
MAML2,skyblue
MAML3,skyblue
MANEAL,skyblue
MAP2K3,skyblue
MAP4K5,skyblue
MAP6,skyblue
MAPK8,skyblue
MAPKAPK2,skyblue
MAPKAPK5,skyblue
MAR-02,skyblue
MAR-03,skyblue
MAR-05,skyblue
MAR-08,skyblue
MARK2,skyblue
MAST1,skyblue
MAT2A,skyblue
MBD3,skyblue
MCCC1,skyblue
MCF2L2,skyblue
MCM10,skyblue
MCM3,skyblue
MCM3AP-AS1,skyblue
MCM3APAS,skyblue
MCOLN1,skyblue
MDH1,skyblue
MDK,skyblue
MDM2,skyblue
MDS2,skyblue
MECR,skyblue
MED10,skyblue
MED12L,skyblue
MED27,skyblue
MED28,skyblue
MED7,skyblue
MED8,skyblue
MEF2C,skyblue
MEF2D,skyblue
MEGF10,skyblue
MEGF11,skyblue
MEGF6,skyblue
MEPCE,skyblue
MESDC1,skyblue
MEST,skyblue
MET,skyblue
METTL22,skyblue
METTL6,skyblue
MFHAS1,skyblue
MFN1,skyblue
MFSD3,skyblue
MICAL3,skyblue
MIF4GD,skyblue
MIR1273H,skyblue
MIR210,skyblue
MIR425,skyblue
MIR5009,skyblue
MIR517A,skyblue
MIR548G,skyblue
MIR548W,skyblue
MIR574,skyblue
MIR6733,skyblue
MIR9-3,skyblue
MIS12,skyblue
MITF,skyblue
MKNK1,skyblue
MKX,skyblue
MLF1IP,skyblue
MLLT3,skyblue
MLLT4-AS1,skyblue
MLLT6,skyblue
MOBKL2C,skyblue
MOBKL3,skyblue
MOCS2,skyblue
MON2,skyblue
MOSPD3,skyblue
MRAS,skyblue
MRI1,skyblue
MRO,skyblue
MRPL36,skyblue
MRPL46,skyblue
MRPL54,skyblue
MRPS10,skyblue
MRPS18A,skyblue
MRPS30,skyblue
MRPS33,skyblue
MRPS35,skyblue
MRPS5,skyblue
MSC-AS1,skyblue
MSI2,skyblue
MSL1,skyblue
MSL2,skyblue
MTCH1,skyblue
MTERFD3,skyblue
MTF2,skyblue
MTFR1,skyblue
MTPAP,skyblue
MTR,skyblue
MTRR,skyblue
MTX2,skyblue
MVB12A,skyblue
MXD1,skyblue
MXI1,skyblue
MYADM,skyblue
MYCL1,skyblue
MYD88,skyblue
MYH9,skyblue
MYL6B,skyblue
MYO10,skyblue
MYO1A,skyblue
MYO9A,skyblue
NACA,skyblue
NADSYN1,skyblue
NANS,skyblue
NAP1L1,skyblue
NARG2,skyblue
NAT10,skyblue
NAT14,skyblue
NCAM2,skyblue
NCAPD3,skyblue
NCAPH,skyblue
NCOR1,skyblue
NCOR2,skyblue
NCRNA00164,skyblue
NCRNA00171,skyblue
NCRNA00173,skyblue
NDFIP2,skyblue
NDNL2,skyblue
NDRG2,skyblue
NDRG3,skyblue
NDUFA10,skyblue
NDUFB3,skyblue
NDUFV3,skyblue
NEBL,skyblue
NEDD4,skyblue
NEDD8,skyblue
NEK11,skyblue
NEK2,skyblue
NEK4,skyblue
NES,skyblue
NEU3,skyblue
NFE2L2,skyblue
NFIX,skyblue
NFKB2,skyblue
NFKBIA,skyblue
NFKBIZ,skyblue
NGDN,skyblue
NGLY1,skyblue
NIPBL,skyblue
NKD1,skyblue
NKX2-5,skyblue
NKX6-2,skyblue
NME6,skyblue
NMNAT2,skyblue
NMNAT3,skyblue
NNT,skyblue
NOC3L,skyblue
NOL10,skyblue
NOL11,skyblue
NOP56,skyblue
NOS1,skyblue
NOTCH1,skyblue
NOVA2,skyblue
NPHP3,skyblue
NPHP4,skyblue
NPSR1,skyblue
NPY5R,skyblue
NR1D1,skyblue
NR1D2,skyblue
NR2F2-AS1,skyblue
NR3C1,skyblue
NR3C2,skyblue
NRBP2,skyblue
NRD1,skyblue
NRG1,skyblue
NRIP2,skyblue
NRL,skyblue
NRM,skyblue
NRN1,skyblue
NUCB1,skyblue
NUDT19,skyblue
NUP160,skyblue
NUSAP1,skyblue
NXNL2,skyblue
NXPE3,skyblue
NXPH4,skyblue
OAZ1,skyblue
OBFC1,skyblue
OBFC2A,skyblue
OBSCN,skyblue
OCIAD1,skyblue
OCIAD2,skyblue
OGDH,skyblue
OLFM2,skyblue
OMA1,skyblue
OPRD1,skyblue
OPRK1,skyblue
OR2M5,skyblue
OR4C45,skyblue
OR5H15,skyblue
OR7A17,skyblue
OR8U8,skyblue
ORAOV1,skyblue
ORC3L,skyblue
ORC4,skyblue
ORMDL2,skyblue
OSCP1,skyblue
OSGEP,skyblue
OSGIN2,skyblue
OTP,skyblue
OTX2OS1,skyblue
OXR1,skyblue
P2RY2,skyblue
P4HA2,skyblue
P4HTM,skyblue
PABPN1,skyblue
PACSIN3,skyblue
PAK1,skyblue
PALB2,skyblue
PANK1,skyblue
PANX1,skyblue
PAOX,skyblue
PAPOLA,skyblue
PARK2,skyblue
PARL,skyblue
PARM1,skyblue
PARP9,skyblue
PARS2,skyblue
PAX1,skyblue
PAX2,skyblue
PAX5,skyblue
PAX7,skyblue
PAX8,skyblue
PBLD,skyblue
PBX1,skyblue
PC,skyblue
PCBD2,skyblue
PCDH7,skyblue
PCDHA7,skyblue
PCF11,skyblue
PCYT2,skyblue
PDCD11,skyblue
PDCD4-AS1,skyblue
PDE11A,skyblue
PDE2A,skyblue
PDE4B,skyblue
PDE7A,skyblue
PDE8B,skyblue
PDGFD,skyblue
PDIA5,skyblue
PDK1,skyblue
PDP1,skyblue
PDRG1,skyblue
PELI2,skyblue
PELI3,skyblue
PELO,skyblue
PEX1,skyblue
PFKFB2,skyblue
PFKFB3,skyblue
PFKFB4,skyblue
PFN4,skyblue
PGAM1,skyblue
PGBD2,skyblue
PGM3,skyblue
PGRMC2,skyblue
PHC3,skyblue
PHF12,skyblue
PHF19,skyblue
PHF21A,skyblue
PHF21B,skyblue
PHOX2B,skyblue
PHTF1,skyblue
PHYHIPL,skyblue
PI4K2A,skyblue
PIAS4,skyblue
PIGW,skyblue
PIK3IP1,skyblue
PIK3R3,skyblue
PIK3R4,skyblue
PIM1,skyblue
PIP4K2A,skyblue
PITPNC1,skyblue
PITRM1,skyblue
PITX2,skyblue
PKD2,skyblue
PKIG,skyblue
PLEC1,skyblue
PLEKHG5,skyblue
PLEKHO1,skyblue
PLGRKT,skyblue
PLK4,skyblue
PLOD2,skyblue
PLSCR4,skyblue
PLXDC2,skyblue
PMPCB,skyblue
PMS1,skyblue
PMS2,skyblue
PNKP,skyblue
PNP,skyblue
PNPLA6,skyblue
PNPO,skyblue
PNRC1,skyblue
POC1B-GALNT4,skyblue
PODXL2,skyblue
POFUT1,skyblue
POFUT2,skyblue
POLR2F,skyblue
POLR2H,skyblue
POLR3E,skyblue
POU2F2,skyblue
PPARG,skyblue
PPIE,skyblue
PPM1D,skyblue
PPM1K,skyblue
PPM1L,skyblue
PPM1M,skyblue
PPP1CB,skyblue
PPP1CC,skyblue
PPP1R14C,skyblue
PPP1R15A,skyblue
PPP1R15B,skyblue
PPP1R7,skyblue
PPP1R9B,skyblue
PPP2R2A,skyblue
PPP2R2B,skyblue
PPP2R2C,skyblue
PPP2R3A,skyblue
PPP2R5E,skyblue
PPP4R1-AS1,skyblue
PPP4R4,skyblue
PPP6R1,skyblue
PRC1,skyblue
PRDM16,skyblue
PRDM2,skyblue
PRDX2,skyblue
PRELID2,skyblue
PREP,skyblue
PRH1,skyblue
PRICKLE4,skyblue
PRIMA1,skyblue
PRKAA1,skyblue
PRKAB1,skyblue
PRKAG2,skyblue
PRKCQ-AS1,skyblue
PRKG2,skyblue
PRMT1,skyblue
PROX1,skyblue
PRPF18,skyblue
PRPF40A,skyblue
PRPF4B,skyblue
PRRC1,skyblue
PRRG4,skyblue
PRRT1,skyblue
PSD,skyblue
PSD3,skyblue
PSEN1,skyblue
PSMA1,skyblue
PSMA3,skyblue
PSMA7,skyblue
PSMB1,skyblue
PSMB9,skyblue
PSMD3,skyblue
PSMD6,skyblue
PSMD8,skyblue
PSME1,skyblue
PSME3,skyblue
PSMG2,skyblue
PTCRA,skyblue
PTER,skyblue
PTH2R,skyblue
PTHLH,skyblue
PTK2B,skyblue
PTPN13,skyblue
PTPN9,skyblue
PTPRE,skyblue
PTPRF,skyblue
PTPRG,skyblue
PURG,skyblue
QPCTL,skyblue
QRFPR,skyblue
QRICH2,skyblue
QSER1,skyblue
QSOX2,skyblue
R3HDM1,skyblue
RAB11FIP3,skyblue
RAB13,skyblue
RAB1A,skyblue
RAB1B,skyblue
RAB35,skyblue
RAB36,skyblue
RAB39,skyblue
RAB3A,skyblue
RAB3C,skyblue
RAB6A,skyblue
RAB6C,skyblue
RAB8A,skyblue
RABGEF1,skyblue
RABIF,skyblue
RAD21,skyblue
RAD21L1,skyblue
RAD51,skyblue
RAD51AP1,skyblue
RAET1G,skyblue
RAI14,skyblue
RALGAPB,skyblue
RALY-AS1,skyblue
RANBP9,skyblue
RANGAP1,skyblue
RAP1A,skyblue
RAP2A,skyblue
RAPGEF5,skyblue
RASA1,skyblue
RASA3,skyblue
RASAL1,skyblue
RASGRP2,skyblue
RASSF1,skyblue
RASSF6,skyblue
RBM11,skyblue
RBM23,skyblue
RBM24,skyblue
RBM27,skyblue
RBM28,skyblue
RBM33,skyblue
RBM34,skyblue
RBM4B,skyblue
RBM5,skyblue
RBM7,skyblue
RBM8A,skyblue
RBMXL1,skyblue
RBP1,skyblue
RBPJ,skyblue
RCAN1,skyblue
RCAN2,skyblue
RCCD1,skyblue
RCN2,skyblue
RCOR1,skyblue
RCOR3,skyblue
RDH10,skyblue
RDX,skyblue
RELA,skyblue
RFTN2,skyblue
RFX4,skyblue
RG9MTD1,skyblue
RGL2,skyblue
RGS12,skyblue
RGS3,skyblue
RHOBTB3,skyblue
RHOG,skyblue
RHOQ,skyblue
RIBC2,skyblue
RNASEN,skyblue
RND3,skyblue
RNF111,skyblue
RNF180,skyblue
RNF187,skyblue
RNF212B,skyblue
RNF225,skyblue
RNF5,skyblue
RNF6,skyblue
RNF7,skyblue
RNH1,skyblue
RNLS,skyblue
RNU5E,skyblue
ROBO1,skyblue
ROR1,skyblue
RPAP3,skyblue
RPL22L1,skyblue
RPL24,skyblue
RPL26,skyblue
RPL3,skyblue
RPL30,skyblue
RPLP2,skyblue
RPN1,skyblue
RPS24,skyblue
RPS27L,skyblue
RPS3,skyblue
RPS6KA2,skyblue
RPS9,skyblue
RPTOR,skyblue
RPUSD2,skyblue
RPUSD4,skyblue
RRN3P1,skyblue
RSPH4A,skyblue
RSRC2,skyblue
RSRP1,skyblue
RTN1,skyblue
RTN4,skyblue
RUFY1,skyblue
RUNX2,skyblue
RXFP3,skyblue
RYR3,skyblue
S100A11,skyblue
S100PBP,skyblue
SACM1L,skyblue
SAE1,skyblue
SAMD11,skyblue
SAMD14,skyblue
SAMM50,skyblue
SAPS3,skyblue
SARS2,skyblue
SASH1,skyblue
SASS6,skyblue
SATB1,skyblue
SAXO1,skyblue
SCAI,skyblue
SCAMP5,skyblue
SCAND2,skyblue
SCAP,skyblue
SCG3,skyblue
SCOC,skyblue
SDC2,skyblue
SDCBP,skyblue
SDCCAG8,skyblue
SDHAP1,skyblue
SDK1,skyblue
SDR39U1,skyblue
SEC14L2,skyblue
SEC23B,skyblue
SECTM1,skyblue
SELK,skyblue
SEMA3A,skyblue
SEMA3C,skyblue
SENP1,skyblue
SEP-07,skyblue
SEP-08,skyblue
SEP-10,skyblue
SEP-15,skyblue
SERTAD1,skyblue
SESN1,skyblue
SETD3,skyblue
SETD7,skyblue
SETD8,skyblue
SETMAR,skyblue
SFRS1,skyblue
SFRS18,skyblue
SFRS2IP,skyblue
SFRS3,skyblue
SFXN1,skyblue
SFXN5,skyblue
SGIP1,skyblue
SGK3,skyblue
SGMS1,skyblue
SGMS1-AS1,skyblue
SGPP2,skyblue
SH2D4A,skyblue
SH3GL2,skyblue
SH3PXD2A,skyblue
SHANK2,skyblue
SHC2,skyblue
SHF,skyblue
SHOX2,skyblue
SHPRH,skyblue
SIGMAR1,skyblue
SIL1,skyblue
SIM1,skyblue
SIPA1,skyblue
SIRT2,skyblue
SIRT4,skyblue
SIX3,skyblue
SKAP1,skyblue
SKAP2,skyblue
SKOR1,skyblue
SLC11A2,skyblue
SLC14A1,skyblue
SLC16A10,skyblue
SLC16A7,skyblue
SLC1A2,skyblue
SLC1A3,skyblue
SLC1A5,skyblue
SLC22A17,skyblue
SLC24A4,skyblue
SLC24A6,skyblue
SLC25A4,skyblue
SLC29A1,skyblue
SLC30A10,skyblue
SLC35E1,skyblue
SLC35F5,skyblue
SLC37A1,skyblue
SLC38A1,skyblue
SLC39A10,skyblue
SLC39A3,skyblue
SLC39A8,skyblue
SLC39A9,skyblue
SLC40A1,skyblue
SLC44A4,skyblue
SLC4A4,skyblue
SLC52A2,skyblue
SLC7A6,skyblue
SLC8A3,skyblue
SLC9A3R1,skyblue
SLC9C1,skyblue
SLF1,skyblue
SLITRK1,skyblue
SMAD5-AS1,skyblue
SMARCA2,skyblue
SMARCA4,skyblue
SMCR7,skyblue
SMEK1,skyblue
SMEK2,skyblue
SMG5,skyblue
SMO,skyblue
SMYD3,skyblue
SNAP91,skyblue
SNHG5,skyblue
SNHG7,skyblue
SNHG9,skyblue
SNORA57,skyblue
SNORD15A,skyblue
SNORD45C,skyblue
SNORD50B,skyblue
SNORD54,skyblue
SNORD59A,skyblue
SNRPB,skyblue
SNTA1,skyblue
SNX10,skyblue
SNX8,skyblue
SOD1,skyblue
SORCS1,skyblue
SORL1,skyblue
SOWAHC,skyblue
SOX2OT,skyblue
SOX4,skyblue
SOX5,skyblue
SP1,skyblue
SP4,skyblue
SPATA24,skyblue
SPATA7,skyblue
SPATS2,skyblue
SPEN,skyblue
SPHKAP,skyblue
SPIN1,skyblue
SPIRE2,skyblue
SPNS1,skyblue
SPRED1,skyblue
SPRED2,skyblue
SPRY1,skyblue
SPRY2,skyblue
SPRY4,skyblue
SPSB1,skyblue
SPTY2D1,skyblue
SRGAP1,skyblue
SRI,skyblue
SRRM2,skyblue
SRRM3,skyblue
SRRM4,skyblue
SSH2,skyblue
SSH3,skyblue
SSSCA1,skyblue
SSX2IP,skyblue
ST14,skyblue
ST3GAL3,skyblue
ST7,skyblue
ST7OT4,skyblue
ST8SIA2,skyblue
STAC2,skyblue
STARD3,skyblue
STBD1,skyblue
STIM1,skyblue
STIM2,skyblue
STIP1,skyblue
STK3,skyblue
STL,skyblue
STOX2,skyblue
STRAP,skyblue
STX12,skyblue
SUCO,skyblue
SULT1C4,skyblue
SUMO3,skyblue
SURF1,skyblue
SUV420H2,skyblue
SVBP,skyblue
SYCP2L,skyblue
SYN2,skyblue
SYNPO,skyblue
SYT17,skyblue
SYT9,skyblue
TAF3,skyblue
TAF7,skyblue
TANC2,skyblue
TAPBP,skyblue
TAT,skyblue
TATDN2,skyblue
TAX1BP1,skyblue
TBC1D1,skyblue
TBC1D16,skyblue
TBC1D20,skyblue
TBC1D4,skyblue
TBCA,skyblue
TBCE,skyblue
TBK1,skyblue
TBL1XR1,skyblue
TBRG4,skyblue
TBX20,skyblue
TBX6,skyblue
TBXAS1,skyblue
TCEB2,skyblue
TCF12,skyblue
TCF7,skyblue
TCF7L2,skyblue
TCHP,skyblue
TDG,skyblue
TDH,skyblue
TDP1,skyblue
TEAD1,skyblue
TET1,skyblue
TET2,skyblue
TEX14,skyblue
TFAP2A,skyblue
TFAP2D,skyblue
TFAP4,skyblue
TFG,skyblue
TG,skyblue
TGFBR2,skyblue
TGFBR3,skyblue
TGIF1,skyblue
THOC7,skyblue
THPO,skyblue
THYN1,skyblue
TIMM50,skyblue
TIMP2,skyblue
TJP1,skyblue
TJP2,skyblue
TLE2,skyblue
TLL2,skyblue
TLX1NB,skyblue
TLX3,skyblue
TM9SF2,skyblue
TMBIM4,skyblue
TMC7,skyblue
TMCO1,skyblue
TMEM108,skyblue
TMEM123,skyblue
TMEM128,skyblue
TMEM132E,skyblue
TMEM146,skyblue
TMEM161A,skyblue
TMEM163,skyblue
TMEM176B,skyblue
TMEM177,skyblue
TMEM178B,skyblue
TMEM181,skyblue
TMEM19,skyblue
TMEM20,skyblue
TMEM214,skyblue
TMEM217,skyblue
TMEM230,skyblue
TMEM243,skyblue
TMEM48,skyblue
TMEM5,skyblue
TMEM55B,skyblue
TMEM57,skyblue
TMEM63C,skyblue
TMEM74,skyblue
TMEM80,skyblue
TMEM8B,skyblue
TMOD1,skyblue
TMTC1,skyblue
TMX1,skyblue
TMX2,skyblue
TNIK,skyblue
TNKS2,skyblue
TNNI3K,skyblue
TNPO1,skyblue
TNPO2,skyblue
TNXB,skyblue
TOM1L1,skyblue
TOP1,skyblue
TOP1MT,skyblue
TOR1AIP2,skyblue
TOR2A,skyblue
TP53TG1,skyblue
TPD52,skyblue
TPD52L2,skyblue
TPM2,skyblue
TPM3,skyblue
TPX2,skyblue
TRAPPC6B,skyblue
TRIB1,skyblue
TRIM2,skyblue
TRIM23,skyblue
TRIM26,skyblue
TRIM3,skyblue
TRIM4,skyblue
TRIM46,skyblue
TRIM6-TRIM34,skyblue
TRIM9,skyblue
TRIP10,skyblue
TRMT12,skyblue
TRPC1,skyblue
TRPC7,skyblue
TRPM3,skyblue
TRPS1,skyblue
TRUB1,skyblue
TSC2,skyblue
TSEN15,skyblue
TSEN34,skyblue
TSGA14,skyblue
TSKS,skyblue
TSNARE1,skyblue
TSPAN11,skyblue
TSPAN33,skyblue
TSPAN4,skyblue
TSSC1,skyblue
TTC18,skyblue
TTC31,skyblue
TTC32,skyblue
TTC5,skyblue
TTLL12,skyblue
TTLL4,skyblue
TTYH1,skyblue
TUBA1A,skyblue
TUBE1,skyblue
TULP3,skyblue
TUNAR,skyblue
TUSC2,skyblue
TWIST1,skyblue
TXNDC11,skyblue
TXNRD2,skyblue
TYK2,skyblue
U2AF2,skyblue
UBA3,skyblue
UBA6,skyblue
UBAC2,skyblue
UBE2CBP,skyblue
UBE2F,skyblue
UBE4B,skyblue
UBIAD1,skyblue
UBR1,skyblue
UBR5-AS1,skyblue
UBXN7,skyblue
UCHL3,skyblue
UFD1L,skyblue
UGDH,skyblue
UHMK1,skyblue
UIMC1,skyblue
UNC5C,skyblue
UNC84A,skyblue
UNG,skyblue
UQCRC2,skyblue
USE1,skyblue
USH2A,skyblue
USP16,skyblue
USP48,skyblue
USP5,skyblue
USP6NL,skyblue
UTP15,skyblue
UTRN,skyblue
UVRAG,skyblue
VAC14,skyblue
VAMP1,skyblue
VANGL1,skyblue
VAPA,skyblue
VAX1,skyblue
VCPIP1,skyblue
VGLL4,skyblue
VIM,skyblue
VIPR1,skyblue
VLDLR,skyblue
VNN3,skyblue
VPS13D,skyblue
VPS26A,skyblue
VPS4A,skyblue
VPS9D1-AS1,skyblue
VSTM2L,skyblue
VTI1A,skyblue
VWA2,skyblue
WDFY1,skyblue
WDFY2,skyblue
WDR11,skyblue
WDR16,skyblue
WDR36,skyblue
WDR48,skyblue
WDR54,skyblue
WDR55,skyblue
WDR66,skyblue
WDR67,skyblue
WDR73,skyblue
WHAMM,skyblue
WHSC2,skyblue
WIPF2,skyblue
WISP1,skyblue
WIT1,skyblue
WNK4,skyblue
WRB,skyblue
WRN,skyblue
WRNIP1,skyblue
WT1-AS,skyblue
WWP1,skyblue
XKR4,skyblue
XKR6,skyblue
XKR9,skyblue
XPR1,skyblue
XRCC5,skyblue
YAP1,skyblue
YIF1A,skyblue
YKT6,skyblue
YME1L1,skyblue
YTHDF2,skyblue
YWHAE,skyblue
ZBTB10,skyblue
ZBTB12,skyblue
ZBTB16,skyblue
ZBTB17,skyblue
ZBTB2,skyblue
ZBTB25,skyblue
ZBTB3,skyblue
ZBTB41,skyblue
ZC3H12A,skyblue
ZC3H12D,skyblue
ZC3H4,skyblue
ZCCHC10,skyblue
ZCCHC7,skyblue
ZCCHC8,skyblue
ZDHHC14,skyblue
ZDHHC20,skyblue
ZDHHC21,skyblue
ZDHHC5,skyblue
ZER1,skyblue
ZFAND1,skyblue
ZFAT,skyblue
ZFP36,skyblue
ZFP37,skyblue
ZFP41,skyblue
ZFR2,skyblue
ZFYVE9,skyblue
ZIC1,skyblue
ZMPSTE24,skyblue
ZMYM5,skyblue
ZNF10,skyblue
ZNF136,skyblue
ZNF142,skyblue
ZNF195,skyblue
ZNF207,skyblue
ZNF219,skyblue
ZNF224,skyblue
ZNF225,skyblue
ZNF252,skyblue
ZNF263,skyblue
ZNF324,skyblue
ZNF333,skyblue
ZNF337,skyblue
ZNF347,skyblue
ZNF350,skyblue
ZNF37A,skyblue
ZNF382,skyblue
ZNF420,skyblue
ZNF423,skyblue
ZNF480,skyblue
ZNF488,skyblue
ZNF496,skyblue
ZNF501,skyblue
ZNF512,skyblue
ZNF529,skyblue
ZNF542,skyblue
ZNF549,skyblue
ZNF555,skyblue
ZNF562,skyblue
ZNF568,skyblue
ZNF572,skyblue
ZNF628,skyblue
ZNF629,skyblue
ZNF639,skyblue
ZNF678,skyblue
ZNF684,skyblue
ZNF688,skyblue
ZNF692,skyblue
ZNF695,skyblue
ZNF727,skyblue
ZNF76,skyblue
ZNF761,skyblue
ZNF767,skyblue
ZNF771,skyblue
ZNF772,skyblue
ZNF780A,skyblue
ZNF780B,skyblue
ZNF782,skyblue
ZNF785,skyblue
ZNF788,skyblue
ZNF793,skyblue
ZNF827,skyblue
ZPBP,skyblue
ZSWIM5,skyblue
ZYX,skyblue
ZZEF1,skyblue
AAAS,steelblue
ABCA4,steelblue
ABCA5,steelblue
ABCC5,steelblue
ABCF1,steelblue
ABCG4,steelblue
ABHD6,steelblue
ACAP1,steelblue
ACBD4,steelblue
ACMSD,steelblue
ACO1,steelblue
ACSL6,steelblue
ACTG1,steelblue
ACTN4,steelblue
ACTR1B,steelblue
ACVR1,steelblue
ADAL,steelblue
ADAM10,steelblue
ADAM17,steelblue
ADAM22,steelblue
ADAMTS6,steelblue
ADAT1,steelblue
ADCK1,steelblue
ADCY1,steelblue
ADCY10,steelblue
ADCY2,steelblue
ADD2,steelblue
ADD3,steelblue
ADIPOR2,steelblue
ADK,steelblue
ADPRH,steelblue
ADRB1,steelblue
AEBP2,steelblue
AFAP1L1,steelblue
AFF1,steelblue
AGPAT4,steelblue
AHRR,steelblue
AICDA,steelblue
AIMP1,steelblue
AKAP13,steelblue
AKAP5,steelblue
AKR1A1,steelblue
AKT1S1,steelblue
ALCAM,steelblue
ALDH9A1,steelblue
ALG6,steelblue
ALKBH2,steelblue
ALKBH7,steelblue
ALOXE3,steelblue
ALS2,steelblue
ALS2CL,steelblue
AMBRA1,steelblue
AMIGO1,steelblue
AMIGO3,steelblue
ANAPC15,steelblue
ANGPT4,steelblue
ANGPTL4,steelblue
ANK1,steelblue
ANK2,steelblue
ANKH,steelblue
ANKLE1,steelblue
ANKRD11,steelblue
ANKRD34A,steelblue
ANKRD45,steelblue
ANKRD52,steelblue
ANLN,steelblue
ANXA3,steelblue
AP1G2,steelblue
AP1M1,steelblue
AP1M2,steelblue
APAF1,steelblue
APEH,steelblue
APH1A,steelblue
APOA5,steelblue
APTX,steelblue
AQP11,steelblue
ARF4,steelblue
ARFGAP1,steelblue
ARFGEF1,steelblue
ARG2,steelblue
ARHGAP12,steelblue
ARHGAP20,steelblue
ARHGAP5,steelblue
ARID1A,steelblue
ARID5B,steelblue
ARIH1,steelblue
ARL13B,steelblue
ARL14EP,steelblue
ARL2BP,steelblue
ARL3,steelblue
ARL5B,steelblue
ARL6,steelblue
ARMC3,steelblue
ARMC5,steelblue
ARNTL,steelblue
ARPC4,steelblue
ARPC5,steelblue
ARSJ,steelblue
ARVCF,steelblue
ASPHD2,steelblue
ASXL3,steelblue
ASZ1,steelblue
ATAD3A,steelblue
ATE1,steelblue
ATF2,steelblue
ATF7,steelblue
ATG3,steelblue
ATG4B,steelblue
ATG4C,steelblue
ATL3,steelblue
ATM,steelblue
ATP11B,steelblue
ATP1B2,steelblue
ATP1B3,steelblue
ATP2A2,steelblue
ATP2C1,steelblue
ATP5J,steelblue
ATP6V0E2,steelblue
ATP6V1A,steelblue
ATP6V1B2,steelblue
ATP6V1C1,steelblue
ATP6V1H,steelblue
ATXN7,steelblue
AUTS2,steelblue
AVPR1B,steelblue
AZI2,steelblue
B3GALNT2,steelblue
B3GALT5-AS1,steelblue
B4GALNT1,steelblue
B4GALT3,steelblue
B4GALT4,steelblue
B9D2,steelblue
BAD,steelblue
BAIAP2L1,steelblue
BAIAP3,steelblue
BAT1,steelblue
BAT2,steelblue
BAZ1A,steelblue
BAZ2A,steelblue
BBX,steelblue
BCAP29,steelblue
BCAR3,steelblue
BCAS2,steelblue
BCAS4,steelblue
BCCIP,steelblue
BCKDHB,steelblue
BCL2L13,steelblue
BCL6,steelblue
BCL7A,steelblue
BCO2,steelblue
BDNF,steelblue
BDP1,steelblue
BET1L,steelblue
BFAR,steelblue
BHLHE40,steelblue
BIN1,steelblue
BMPR2,steelblue
BMS1,steelblue
BNC1,steelblue
BNIP1,steelblue
BNIP3L,steelblue
BPNT1,steelblue
BRAF,steelblue
BRAT1,steelblue
BRD8,steelblue
BRF1,steelblue
BRI3BP,steelblue
BRMS1L,steelblue
BTBD3,steelblue
BTBD8,steelblue
BTF3L4,steelblue
BTRC,steelblue
BUD13,steelblue
BZW1,steelblue
C10ORF11,steelblue
C10ORF131,steelblue
C10ORF140,steelblue
C10ORF18,steelblue
C10ORF41,steelblue
C10ORF58,steelblue
C11ORF1,steelblue
C11ORF46,steelblue
C11ORF60,steelblue
C11ORF74,steelblue
C12ORF42,steelblue
C12ORF44,steelblue
C12ORF45,steelblue
C12ORF65,steelblue
C12ORF75,steelblue
C13ORF38,steelblue
C14ORF101,steelblue
C14ORF142,steelblue
C14ORF159,steelblue
C14ORF179,steelblue
C14ORF79,steelblue
C15ORF44,steelblue
C15ORF65,steelblue
C17ORF106,steelblue
C17ORF57,steelblue
C17ORF63,steelblue
C17ORF96,steelblue
C18ORF10,steelblue
C19ORF29,steelblue
C19ORF54,steelblue
C19ORF57,steelblue
C19ORF6,steelblue
C1GALT1,steelblue
C1ORF113,steelblue
C1ORF163,steelblue
C1ORF213,steelblue
C1ORF229,steelblue
C1ORF230,steelblue
C1ORF27,steelblue
C1ORF51,steelblue
C1ORF77,steelblue
C1ORF86,steelblue
C1ORF93,steelblue
C1ORF97,steelblue
C1QL2,steelblue
C20ORF12,steelblue
C20ORF196,steelblue
C20ORF29,steelblue
C21ORF49,steelblue
C21ORF67,steelblue
C22ORF34,steelblue
C22ORF9,steelblue
C2ORF42,steelblue
C3ORF14,steelblue
C3ORF17,steelblue
C3ORF31,steelblue
C3ORF33,steelblue
C3ORF58,steelblue
C4ORF31,steelblue
C4ORF37,steelblue
C5ORF33,steelblue
C5ORF35,steelblue
C5ORF4,steelblue
C5ORF51,steelblue
C5ORF66,steelblue
C6ORF10,steelblue
C6ORF106,steelblue
C6ORF115,steelblue
C6ORF122,steelblue
C6ORF167,steelblue
C6ORF173,steelblue
C6ORF217,steelblue
C6ORF226,steelblue
C6ORF47,steelblue
C6ORF48,steelblue
C7ORF26,steelblue
C7ORF28A,steelblue
C7ORF36,steelblue
C7ORF38,steelblue
C7ORF49,steelblue
C7ORF63,steelblue
C7ORF70,steelblue
C8ORF37-AS1,steelblue
C8ORF55,steelblue
C8ORF56,steelblue
C9ORF163,steelblue
C9ORF3,steelblue
C9ORF85,steelblue
C9ORF91,steelblue
CA14,steelblue
CA2,steelblue
CABIN1,steelblue
CACNB1,steelblue
CACNB3,steelblue
CACNB4,steelblue
CADM1,steelblue
CALM2,steelblue
CALM3,steelblue
CALN1,steelblue
CAMK2B,steelblue
CAMK2G,steelblue
CAP1,steelblue
CAPZA1,steelblue
CARD10,steelblue
CASC2,steelblue
CASC3,steelblue
CASC4,steelblue
CASP8AP2,steelblue
CASZ1,steelblue
CATSPERG,steelblue
CBS,steelblue
CBX5,steelblue
CBX7,steelblue
CCDC102A,steelblue
CCDC104,steelblue
CCDC112,steelblue
CCDC123,steelblue
CCDC13,steelblue
CCDC14,steelblue
CCDC24,steelblue
CCDC3,steelblue
CCDC36,steelblue
CCDC57,steelblue
CCDC6,steelblue
CCDC62,steelblue
CCDC64B,steelblue
CCDC66,steelblue
CCDC89,steelblue
CCDC94,steelblue
CCKBR,steelblue
CCNB2,steelblue
CCND1,steelblue
CCNE2,steelblue
CCNT1,steelblue
CCNT2,steelblue
CCNYL1,steelblue
CCRN4L,steelblue
CCT7,steelblue
CCT8,steelblue
CD164,steelblue
CD274,steelblue
CD55,steelblue
CDAN1,steelblue
CDC25C,steelblue
CDC27,steelblue
CDC42,steelblue
CDC42BPA,steelblue
CDC42EP1,steelblue
CDC7,steelblue
CDCA8,steelblue
CDH6,steelblue
CDK17,steelblue
CDK2AP1,steelblue
CDK6,steelblue
CDK8,steelblue
CDKAL1,steelblue
CDKL1,steelblue
CDS2,steelblue
CENPA,steelblue
CENPL,steelblue
CENPN,steelblue
CEP164,steelblue
CEP192,steelblue
CEP250,steelblue
CEPT1,steelblue
CFLAR,steelblue
CHCHD6,steelblue
CHD7,steelblue
CHD8,steelblue
CHEK1,steelblue
CHKA,steelblue
CHMP1B,steelblue
CHMP2A,steelblue
CHMP7,steelblue
CHSY1,steelblue
CHSY3,steelblue
CHTF8,steelblue
CHTOP,steelblue
CIT,steelblue
CLASP2,steelblue
CLCN2,steelblue
CLCN3,steelblue
CLINT1,steelblue
CLN3,steelblue
CLN8,steelblue
CLPTM1L,steelblue
CLUH,steelblue
CMC2,steelblue
CMTM8,steelblue
CNIH4,steelblue
CNOT10,steelblue
CNOT8,steelblue
CNRIP1,steelblue
CNTN5,steelblue
COBRA1,steelblue
COG1,steelblue
COIL,steelblue
COL12A1,steelblue
COL13A1,steelblue
COL21A1,steelblue
COL4A1,steelblue
COL9A1,steelblue
COMMD3-BMI1,steelblue
COMMD7,steelblue
COMTD1,steelblue
COPA,steelblue
COPS3,steelblue
COPS4,steelblue
COPZ1,steelblue
COQ10B,steelblue
COQ2,steelblue
COQ6,steelblue
CORO2B,steelblue
COTL1,steelblue
COX15,steelblue
COX6C,steelblue
COX7A2L,steelblue
CPAMD8,steelblue
CPEB2,steelblue
CPEB3,steelblue
CPSF1,steelblue
CPSF3L,steelblue
CPSF6,steelblue
CRAT,steelblue
CRBN,steelblue
CREB1,steelblue
CREBRF,steelblue
CREG1,steelblue
CRYZ,steelblue
CSDE1,steelblue
CSF1,steelblue
CSK,steelblue
CSMD2,steelblue
CSMD3,steelblue
CSNK1G3,steelblue
CSNK2A1,steelblue
CTDSPL2,steelblue
CTNNA2,steelblue
CTNND2,steelblue
CTSV,steelblue
CUL2,steelblue
CWC22,steelblue
CXCL2,steelblue
CXCR7,steelblue
CXXC1,steelblue
CYB5A,steelblue
CYGB,steelblue
CYLD,steelblue
CYYR1,steelblue
D2HGDH,steelblue
DAB2,steelblue
DAD1,steelblue
DAXX,steelblue
DCAF11,steelblue
DCC,steelblue
DCDC1,steelblue
DCP1B,steelblue
DCUN1D4,steelblue
DCXR,steelblue
DDAH2,steelblue
DDX17,steelblue
DDX18,steelblue
DDX23,steelblue
DDX25,steelblue
DDX31,steelblue
DEGS1,steelblue
DEK,steelblue
DENR,steelblue
DERL2,steelblue
DESI1,steelblue
DET1,steelblue
DFFA,steelblue
DFNB31,steelblue
DGKQ,steelblue
DHPS,steelblue
DHTKD1,steelblue
DHX29,steelblue
DHX8,steelblue
DIAPH1,steelblue
DIP2C,steelblue
DIRAS2,steelblue
DIS3,steelblue
DKFZP434H168,steelblue
DLC1,steelblue
DLGAP2,steelblue
DLX6AS,steelblue
DNAJC18,steelblue
DNAJC21,steelblue
DNAJC24,steelblue
DNAJC9,steelblue
DNAL4,steelblue
DNM1L,steelblue
DNM3,steelblue
DOCK6,steelblue
DOCK9,steelblue
DOLK,steelblue
DPP6,steelblue
DPP9,steelblue
DPYSL2,steelblue
DRAM1,steelblue
DSCC1,steelblue
DTHD1,steelblue
DTNBP1,steelblue
DUSP19,steelblue
DUSP3,steelblue
DYNC1I2,steelblue
DYNLRB2,steelblue
E2F6,steelblue
EBF2,steelblue
ECE1,steelblue
ECH1,steelblue
EDARADD,steelblue
EDC3,steelblue
EDC4,steelblue
EDIL3,steelblue
EDN3,steelblue
EDNRB,steelblue
EED,steelblue
EFCAB2,steelblue
EFCAB5,steelblue
EGLN1,steelblue
EGLN3,steelblue
EGR2,steelblue
EHBP1,steelblue
EHD4,steelblue
EHMT2,steelblue
EIF2AK1,steelblue
EIF2B5,steelblue
EIF2C3,steelblue
EIF2S2,steelblue
EIF3B,steelblue
EIF3F,steelblue
EIF3J-AS1,steelblue
EIF4ENIF1,steelblue
EIF4G1,steelblue
EIF4G2,steelblue
EIF4G3,steelblue
EIF5B,steelblue
ELF2,steelblue
ELL2,steelblue
ELN,steelblue
ELP2P,steelblue
EMID2,steelblue
EML6,steelblue
EMP2,steelblue
EMX1,steelblue
EMX2,steelblue
ENDOD1,steelblue
ENGASE,steelblue
ENO2,steelblue
ENO4,steelblue
ENOX1,steelblue
ENPP1,steelblue
ENPP2,steelblue
EP400NL,steelblue
EPB41L2,steelblue
EPB41L4A,steelblue
EPC1,steelblue
EPHA3,steelblue
EPHA5,steelblue
EPHB3,steelblue
EPHB6,steelblue
EPRS,steelblue
ERBB4,steelblue
ERC1,steelblue
ERCC6,steelblue
ERCC6L2,steelblue
ERH,steelblue
ERI3,steelblue
ERICH1,steelblue
ERV3-1,steelblue
ESCO1,steelblue
ESR2,steelblue
EVX1,steelblue
EXO1,steelblue
EXOC4,steelblue
EXOC7,steelblue
EXOSC9,steelblue
EXT1,steelblue
EZH2,steelblue
FAF2,steelblue
FAM116A,steelblue
FAM125B,steelblue
FAM131A,steelblue
FAM13C,steelblue
FAM171A2,steelblue
FAM172A,steelblue
FAM175A,steelblue
FAM184B,steelblue
FAM192A,steelblue
FAM19A2,steelblue
FAM19A5,steelblue
FAM214A,steelblue
FAM40B,steelblue
FAM47E,steelblue
FAM53A,steelblue
FAM55C,steelblue
FAM60A,steelblue
FAM63B,steelblue
FAM82A2,steelblue
FAM83F,steelblue
FAM87B,steelblue
FAM98A,steelblue
FANCI,steelblue
FANCL,steelblue
FARSB,steelblue
FASTKD1,steelblue
FAT3,steelblue
FBL,steelblue
FBXL3,steelblue
FBXO11,steelblue
FBXO17,steelblue
FBXO5,steelblue
FCF1,steelblue
FCRLB,steelblue
FER,steelblue
FGF12,steelblue
FGF9,steelblue
FGFR1,steelblue
FGFR1OP2,steelblue
FGGY,steelblue
FH,steelblue
FHOD3,steelblue
FIBIN,steelblue
FICD,steelblue
FKBP14,steelblue
FLJ13197,steelblue
FLJ16779,steelblue
FLJ31306,steelblue
FLJ43390,steelblue
FLRT2,steelblue
FNBP1,steelblue
FNDC3B,steelblue
FOXI3,steelblue
FOXM1,steelblue
FOXN3,steelblue
FOXO1,steelblue
FOXO3,steelblue
FRAS1,steelblue
FRMD4A,steelblue
FRY,steelblue
FRYL,steelblue
FSIP1,steelblue
FUBP1,steelblue
FUT8,steelblue
FXC1,steelblue
FYCO1,steelblue
G3BP1,steelblue
GAB1,steelblue
GABARAP,steelblue
GABPB2,steelblue
GABRA1,steelblue
GABRA2,steelblue
GALNT7,steelblue
GALNT8,steelblue
GANAB,steelblue
GAPDH,steelblue
GAS2L2,steelblue
GATAD2B,steelblue
GBGT1,steelblue
GCN1L1,steelblue
GEMIN6,steelblue
GGA1,steelblue
GGA2,steelblue
GHR,steelblue
GIN1,steelblue
GJB2,steelblue
GJB3,steelblue
GJB6,steelblue
GKN2,steelblue
GLDN,steelblue
GLG1,steelblue
GLIPR1L1,steelblue
GLIS1,steelblue
GLRA3,steelblue
GLTSCR2,steelblue
GMIP,steelblue
GMPPA,steelblue
GMPPB,steelblue
GNAI2,steelblue
GNAI3,steelblue
GNAS,steelblue
GNB2L1,steelblue
GNB4,steelblue
GNG11,steelblue
GNG13,steelblue
GNG4,steelblue
GNGT2,steelblue
GNL2,steelblue
GNLY,steelblue
GNPTAB,steelblue
GOLT1A,steelblue
GON4L,steelblue
GPA33,steelblue
GPBP1L1,steelblue
GPC5,steelblue
GPR108,steelblue
GPR124,steelblue
GPR155,steelblue
GPR19,steelblue
GPR78,steelblue
GPR98,steelblue
GPSM3,steelblue
GRM1,steelblue
GRM3,steelblue
GRM7,steelblue
GRTP1,steelblue
GSC,steelblue
GSS,steelblue
GSTCD,steelblue
GSTO2,steelblue
GTDC1,steelblue
GTF2A2,steelblue
GTF2B,steelblue
GTF2F1,steelblue
GTF2H5,steelblue
GTF2IRD1,steelblue
GTF3C6,steelblue
GTPBP3,steelblue
GTPBP4,steelblue
GXYLT1,steelblue
HAAO,steelblue
HARS2,steelblue
HAS3,steelblue
HBXIP,steelblue
HCG4,steelblue
HDAC11,steelblue
HDAC2,steelblue
HDLBP,steelblue
HEATR3,steelblue
HECTD4,steelblue
HERC3,steelblue
HERC4,steelblue
HERC5,steelblue
HERPUD2,steelblue
HES4,steelblue
HES6,steelblue
HEXIM1,steelblue
HEXIM2,steelblue
HEY2,steelblue
HIF3A,steelblue
HINFP,steelblue
HIPK1-AS1,steelblue
HIPK3,steelblue
HIRA,steelblue
HIST1H1C,steelblue
HIST1H1E,steelblue
HIST1H2AD,steelblue
HIST1H2BD,steelblue
HIST1H4A,steelblue
HIST1H4E,steelblue
HIST1H4H,steelblue
HIST2H2AB,steelblue
HIST2H2BE,steelblue
HIST4H4,steelblue
HIVEP2,steelblue
HIVEP3,steelblue
HKR1,steelblue
HLA-DPB1,steelblue
HLA-DPB2,steelblue
HLA-DRA,steelblue
HLA-E,steelblue
HMGA1,steelblue
HMGB2,steelblue
HMGCL,steelblue
HMGCS1,steelblue
HMGN3,steelblue
HNRNPA0,steelblue
HNRNPA1,steelblue
HNRNPH1,steelblue
HNRNPH3,steelblue
HNRNPUL2,steelblue
HNRPLL,steelblue
HOXA5,steelblue
HOXB13,steelblue
HOXC12,steelblue
HOXC4,steelblue
HP1BP3,steelblue
HPN-AS1,steelblue
HRNBP3,steelblue
HSD11B1L,steelblue
HSDL2,steelblue
HSF2,steelblue
HSPA12A,steelblue
HSPA13,steelblue
HSPA5,steelblue
HSPA9,steelblue
HSPB1,steelblue
HSPBP1,steelblue
HSPE1,steelblue
HSPH1,steelblue
HTR1A,steelblue
HUS1,steelblue
HYI,steelblue
IARS,steelblue
ID3,steelblue
IDUA,steelblue
IER5L,steelblue
IFIH1,steelblue
IFIT2,steelblue
IFT172,steelblue
IFT27,steelblue
IFT74,steelblue
IGF2BP3,steelblue
IGF2R,steelblue
IGSF8,steelblue
IGSF9B,steelblue
IKZF2,steelblue
IL12A-AS1,steelblue
IMMP1L,steelblue
IMP3,steelblue
INPP5B,steelblue
INSIG2,steelblue
INSR,steelblue
INTS1,steelblue
INTU,steelblue
IP6K2,steelblue
IP6K3,steelblue
IPO4,steelblue
IQCH,steelblue
IQCH-AS1,steelblue
IREB2,steelblue
IRF2BP2,steelblue
IRF3,steelblue
IRF7,steelblue
ISL1,steelblue
ISY1,steelblue
ISYNA1,steelblue
ITGA1,steelblue
ITGA2,steelblue
ITGB4,steelblue
ITGB8,steelblue
ITIH5,steelblue
JPH1,steelblue
JRK,steelblue
JTB,steelblue
JUN,steelblue
KBTBD6,steelblue
KCNAB1,steelblue
KCNC4,steelblue
KCNE3,steelblue
KCNIP1,steelblue
KCNJ3,steelblue
KCNJ9,steelblue
KCNK10,steelblue
KCNK4,steelblue
KCNN2,steelblue
KCNQ1DN,steelblue
KCTD6,steelblue
KDELC2,steelblue
KDELR2,steelblue
KDM2A,steelblue
KDM3A,steelblue
KDM4A,steelblue
KDM4C,steelblue
KDM6B,steelblue
KIAA0100,steelblue
KIAA0226,steelblue
KIAA0226L,steelblue
KIAA0232,steelblue
KIAA0317,steelblue
KIAA0319,steelblue
KIAA0430,steelblue
KIAA0513,steelblue
KIAA0528,steelblue
KIAA0652,steelblue
KIAA0776,steelblue
KIAA0907,steelblue
KIAA1033,steelblue
KIAA1279,steelblue
KIAA1383,steelblue
KIAA1409,steelblue
KIAA1524,steelblue
KIAA1530,steelblue
KIAA1712,steelblue
KIAA1731,steelblue
KIAA1797,steelblue
KIF11,steelblue
KIF13A,steelblue
KIF1B,steelblue
KIF2C,steelblue
KIF6,steelblue
KIF9,steelblue
KIFAP3,steelblue
KIFC1,steelblue
KIRREL2,steelblue
KLC2,steelblue
KLF15,steelblue
KLF6,steelblue
KLF9,steelblue
KLHDC1,steelblue
KLHDC3,steelblue
KLHL18,steelblue
KLHL3,steelblue
KLHL40,steelblue
KMO,steelblue
KNOP1,steelblue
KNTC1,steelblue
KPNA6,steelblue
KRAS,steelblue
KRT222,steelblue
LAPTM4A,steelblue
LASS2,steelblue
LASS6,steelblue
LATS1,steelblue
LDLRAD4,steelblue
LEPRE1,steelblue
LGMN,steelblue
LHFP,steelblue
LHX1,steelblue
LHX4,steelblue
LHX9,steelblue
LIMK2,steelblue
LIMS2,steelblue
LIN28,steelblue
LIN54,steelblue
LINC00242,steelblue
LINC00462,steelblue
LINC00476,steelblue
LINC00507,steelblue
LINC00578,steelblue
LINC00862,steelblue
LINC01600,steelblue
LIX1,steelblue
LMAN1,steelblue
LOC100130581,steelblue
LOC100131315,steelblue
LOC100188947,steelblue
LOC100272217,steelblue
LOC100302401,steelblue
LOC100302652,steelblue
LOC101927460,steelblue
LOC101929099,steelblue
LOC101929384,steelblue
LOC102723373,steelblue
LOC148709,steelblue
LOC200726,steelblue
LOC283392,steelblue
LOC283575,steelblue
LOC283856,steelblue
LOC286016,steelblue
LOC388780,steelblue
LOC388789,steelblue
LOC399959,steelblue
LOC401463,steelblue
LOC440356,steelblue
LOC441046,steelblue
LOC492303,steelblue
LOC645323,steelblue
LOC728723,steelblue
LOC729991-MEF2B,steelblue
LOC84740,steelblue
LOR,steelblue
LPCAT4,steelblue
LPIN2,steelblue
LRP8,steelblue
LRRC25,steelblue
LRRC27,steelblue
LRRC29,steelblue
LRRC40,steelblue
LRRC41,steelblue
LRRC45,steelblue
LRRC47,steelblue
LRRC8D,steelblue
LSM10,steelblue
LSM2,steelblue
LTA4H,steelblue
LUC7L3,steelblue
LUZP1,steelblue
LUZP6,steelblue
LYPLA2,steelblue
LYRM1,steelblue
LYRM5,steelblue
LYSMD2,steelblue
LZTR1,steelblue
MACF1,steelblue
MAD1L1,steelblue
MAEL,steelblue
MAGEF1,steelblue
MAGI1,steelblue
MAGI2-AS3,steelblue
MAGI3,steelblue
MAGOHB,steelblue
MAL,steelblue
MALAT1,steelblue
MANEA,steelblue
MANSC1,steelblue
MAP2K5,steelblue
MAP3K7,steelblue
MAPK14,steelblue
MAPK7,steelblue
MAPKBP1,steelblue
MAPRE2,steelblue
MAR-02,steelblue
MAR-11,steelblue
MAST4,steelblue
MAT2A,steelblue
MATN1,steelblue
MATR3,steelblue
MBNL1-AS1,steelblue
MBTPS1,steelblue
MCAT,steelblue
MCCC2,steelblue
MCF2L,steelblue
MCF2L2,steelblue
MCFD2,steelblue
MCM7,steelblue
MCM9,steelblue
MCPH1,steelblue
MCRS1,steelblue
MDM2,steelblue
MED30,steelblue
MED7,steelblue
MEGF10,steelblue
MEGF9,steelblue
MEN1,steelblue
METTL20,steelblue
METTL9,steelblue
MFAP1,steelblue
MFAP3,steelblue
MFSD8,steelblue
MFSD9,steelblue
MGAT2,steelblue
MGC16275,steelblue
MGC42105,steelblue
MGRN1,steelblue
MIIP,steelblue
MIR1204,steelblue
MIR124-1,steelblue
MIR124-2HG,steelblue
MIR129-2,steelblue
MIR191,steelblue
MIR2110,steelblue
MIR375,steelblue
MIR548F3,steelblue
MIR548G,steelblue
MIR548H3,steelblue
MIR6737,steelblue
MIRLET7I,steelblue
MKI67,steelblue
MKLN1,steelblue
MKRN1,steelblue
MLF1IP,steelblue
MLL,steelblue
MLLT10,steelblue
MMP9,steelblue
MNS1,steelblue
MOB1B,steelblue
MOBKL1B,steelblue
MOBKL2B,steelblue
MOCS2,steelblue
MORN1,steelblue
MORN4,steelblue
MOV10,steelblue
MPP6,steelblue
MRFAP1,steelblue
MRPL1,steelblue
MRPL17,steelblue
MRPL28,steelblue
MRPL35,steelblue
MRPL4,steelblue
MRPL42,steelblue
MRPL47,steelblue
MRPL57,steelblue
MRPS21,steelblue
MRPS30,steelblue
MSANTD2,steelblue
MSH3,steelblue
MSH5,steelblue
MSL2,steelblue
MSRA,steelblue
MSTO2P,steelblue
MTERFD3,steelblue
MTHFD1,steelblue
MTMR12,steelblue
MTMR14,steelblue
MTPAP,steelblue
MTRF1L,steelblue
MTRR,steelblue
MTSS1,steelblue
MTUS1,steelblue
MTX2,steelblue
MXD1,steelblue
MYC,steelblue
MYD88,steelblue
MYL6B,steelblue
MYO10,steelblue
MYO18A,steelblue
MYO19,steelblue
MYO7A,steelblue
MYO9B,steelblue
NAA25,steelblue
NAF1,steelblue
NAGK,steelblue
NAGPA-AS1,steelblue
NALCN,steelblue
NAP1L4,steelblue
NAPG,steelblue
NAPRT1,steelblue
NASP,steelblue
NAT15,steelblue
NAV2,steelblue
NBLA00301,steelblue
NBR1,steelblue
NCALD,steelblue
NCAPD3,steelblue
NCBP2,steelblue
NCL,steelblue
NCOA2,steelblue
NCRNA00094,steelblue
NDRG1,steelblue
NDRG2,steelblue
NDRG4,steelblue
NDUFA5,steelblue
NDUFB10,steelblue
NDUFB6,steelblue
NDUFS4,steelblue
NDUFS5,steelblue
NEDD1,steelblue
NEK10,steelblue
NEK11,steelblue
NEK3,steelblue
NEO1,steelblue
NFIB,steelblue
NFYA,steelblue
NIPSNAP3B,steelblue
NKX2-5,steelblue
NKX6-1,steelblue
NKX6-2,steelblue
NLRP14,steelblue
NMB,steelblue
NME1-NME2,steelblue
NMNAT1,steelblue
NMT2,steelblue
NOL11,steelblue
NOLC1,steelblue
NOP2,steelblue
NOTCH3,steelblue
NOTCH4,steelblue
NPAS1,steelblue
NPAS2,steelblue
NPFFR2,steelblue
NPHP1,steelblue
NPPC,steelblue
NPY2R,steelblue
NPY5R,steelblue
NQO1,steelblue
NR1D2,steelblue
NR2F2-AS1,steelblue
NR4A3,steelblue
NRBF2,steelblue
NRIP1,steelblue
NRXN2,steelblue
NT5DC1,steelblue
NT5DC3,steelblue
NTNG1,steelblue
NUDT6,steelblue
NUDT8,steelblue
NUF2,steelblue
NUFIP2,steelblue
NUP107,steelblue
NUP160,steelblue
NUP188,steelblue
NUP205,steelblue
NUP43,steelblue
NUSAP1,steelblue
NXPH2,steelblue
OAF,steelblue
OBFC2B,steelblue
OS9,steelblue
OSBPL8,steelblue
OSBPL9,steelblue
OSCP1,steelblue
P2RX3,steelblue
P2RX6,steelblue
PACRGL,steelblue
PACS2,steelblue
PACSIN1,steelblue
PAFAH2,steelblue
PAIP2,steelblue
PAK4,steelblue
PALB2,steelblue
PALLD,steelblue
PAQR8,steelblue
PARP16,steelblue
PARPBP,steelblue
PAX1,steelblue
PAX6,steelblue
PAX9,steelblue
PAXIP1,steelblue
PBLD,steelblue
PBX1,steelblue
PBX2,steelblue
PCBP2,steelblue
PCDH15,steelblue
PCDH8,steelblue
PCDHB4,steelblue
PCDHGA2,steelblue
PCDHGA4,steelblue
PCGF1,steelblue
PCID2,steelblue
PCLO,steelblue
PCNX,steelblue
PCSK1,steelblue
PCYOX1,steelblue
PDCD10,steelblue
PDCD11,steelblue
PDCD6IP,steelblue
PDE11A,steelblue
PDE1A,steelblue
PDE1B,steelblue
PDE4D,steelblue
PDGFRA,steelblue
PDIA5,steelblue
PDLIM4,steelblue
PDPN,steelblue
PDX1,steelblue
PDXP,steelblue
PET112L,steelblue
PEX13,steelblue
PEX16,steelblue
PEX5,steelblue
PEX5L,steelblue
PEX7,steelblue
PFAS,steelblue
PFDN1,steelblue
PFKFB2,steelblue
PFKP,steelblue
PGAM1,steelblue
PGAM5,steelblue
PGAP1,steelblue
PGGT1B,steelblue
PGM2L1,steelblue
PGM3,steelblue
PGR,steelblue
PGS1,steelblue
PHACTR2,steelblue
PHACTR4,steelblue
PHC1,steelblue
PHF1,steelblue
PHF20L1,steelblue
PHF21A,steelblue
PHF3,steelblue
PHTF2,steelblue
PIF1,steelblue
PIGK,steelblue
PIGN,steelblue
PIGZ,steelblue
PIH1D1,steelblue
PIK3R1,steelblue
PIKFYVE,steelblue
PIN1,steelblue
PINX1,steelblue
PIP4K2C,steelblue
PITPNC1,steelblue
PJA2,steelblue
PLA2G6,steelblue
PLCB1,steelblue
PLD1,steelblue
PLD3,steelblue
PLEC1,steelblue
PLEKHA5,steelblue
PLEKHA6,steelblue
PLEKHB2,steelblue
PLEKHH1,steelblue
PLEKHH3,steelblue
PLK5P,steelblue
PLOD1,steelblue
PMPCA,steelblue
PMPCB,steelblue
PNKD,steelblue
PNMAL2,steelblue
PNPLA2,steelblue
PNRC1,steelblue
POFUT2,steelblue
POLE,steelblue
POLK,steelblue
POLQ,steelblue
POLR1B,steelblue
POLR2K,steelblue
POLR3H,steelblue
POT1-AS1,steelblue
PPA2,steelblue
PPFIBP2,steelblue
PPIG,steelblue
PPM1B,steelblue
PPP1R11,steelblue
PPP1R12B,steelblue
PPP1R14C,steelblue
PPP1R3E,steelblue
PPP2R5C,steelblue
PPP6C,steelblue
PPPDE1,steelblue
PPRC1,steelblue
PPT2,steelblue
PPTC7,steelblue
PRAME,steelblue
PRCP,steelblue
PRDM11,steelblue
PRDM2,steelblue
PREPL,steelblue
PRICKLE1,steelblue
PRICKLE2,steelblue
PRICKLE4,steelblue
PRIM2,steelblue
PRKAB1,steelblue
PRKG1,steelblue
PROX1,steelblue
PRPF18,steelblue
PRPF4B,steelblue
PRR13,steelblue
PRR16,steelblue
PRR18,steelblue
PRSS12,steelblue
PSD3,steelblue
PSENEN,steelblue
PSMA4,steelblue
PSMA6,steelblue
PSMB1,steelblue
PSMC1,steelblue
PSMC2,steelblue
PSMD11,steelblue
PSMG2,steelblue
PSMG4,steelblue
PTBP3,steelblue
PTCD2,steelblue
PTCH1,steelblue
PTCH2,steelblue
PTCHD2,steelblue
PTGDS,steelblue
PTPDC1,steelblue
PTPN13,steelblue
PTPN14,steelblue
PTPN4,steelblue
PTPRH,steelblue
PTPRN2,steelblue
PTPRU,steelblue
PURG,steelblue
PVRL2,steelblue
PXMP2,steelblue
PXMP3,steelblue
R3HCC1,steelblue
RAB11A,steelblue
RAB11B,steelblue
RAB11FIP4,steelblue
RAB2B,steelblue
RAB30,steelblue
RAB3IP,steelblue
RAB43,steelblue
RAB5B,steelblue
RAB6B,steelblue
RAB7L1,steelblue
RABEP1,steelblue
RABEPK,steelblue
RABGAP1L,steelblue
RAD1,steelblue
RAD51L3,steelblue
RAD52,steelblue
RAF1,steelblue
RANBP1,steelblue
RANBP10,steelblue
RANGAP1,steelblue
RARB,steelblue
RASA3,steelblue
RASGRF1,steelblue
RASSF4,steelblue
RBFOX1,steelblue
RBL2,steelblue
RBM22,steelblue
RBM23,steelblue
RBM24,steelblue
RBM25,steelblue
RBM8A,steelblue
RC3H2,steelblue
RCC1,steelblue
RCC2,steelblue
RDH10,steelblue
RECK,steelblue
REEP4,steelblue
REPIN1,steelblue
RERE,steelblue
RFX3,steelblue
RFXANK,steelblue
RG9MTD2,steelblue
RGL1,steelblue
RGL2,steelblue
RGS12,steelblue
RGS14,steelblue
RGS20,steelblue
RGS22,steelblue
RGS4,steelblue
RGS7,steelblue
RHOT1,steelblue
RIMS2,steelblue
RLF,steelblue
RMND5B,steelblue
RMRP,steelblue
RNF10,steelblue
RNF103,steelblue
RNF14,steelblue
RNF150,steelblue
RNF157,steelblue
RNF168,steelblue
RNF169,steelblue
RNF185,steelblue
RNF19B,steelblue
RNF208,steelblue
RNF215,steelblue
RNF217-AS1,steelblue
RNPS1,steelblue
ROBO1,steelblue
ROBO3,steelblue
ROCK1,steelblue
ROCK2,steelblue
RORA,steelblue
RORA-AS1,steelblue
RPA2,steelblue
RPAP1,steelblue
RPL19,steelblue
RPL27A,steelblue
RPL28,steelblue
RPL30,steelblue
RPL34,steelblue
RPL7,steelblue
RPLP0,steelblue
RPP14,steelblue
RPP21,steelblue
RPPH1,steelblue
RPS10,steelblue
RPS23,steelblue
RPS27A,steelblue
RPS6KA2,steelblue
RPS6KB2,steelblue
RPUSD3,steelblue
RSBN1,steelblue
RSBN1L,steelblue
RSRC2,steelblue
RTN1,steelblue
RTN4,steelblue
RTTN,steelblue
RUFY1,steelblue
RUNDC3B,steelblue
RUNX1T1,steelblue
RUSC1-AS1,steelblue
SAE1,steelblue
SAMD1,steelblue
SAMD12,steelblue
SAMD13,steelblue
SAP30,steelblue
SAR1A,steelblue
SASH1,steelblue
SCAI,steelblue
SCAMP1-AS1,steelblue
SCARNA16,steelblue
SCIN,steelblue
SCNM1,steelblue
SCYL3,steelblue
SDCCAG1,steelblue
SDCCAG8,steelblue
SDK1,steelblue
SEC14L5,steelblue
SEC23A,steelblue
SEC23IP,steelblue
SEC24C,steelblue
SEC31A,steelblue
SEC61A1,steelblue
SEMA6A,steelblue
SEMA6B,steelblue
SENP1,steelblue
SENP8,steelblue
SEP-03,steelblue
SEP-05,steelblue
SEP-08,steelblue
SEP-11,steelblue
SEPHS1,steelblue
SEPX1,steelblue
SERINC1,steelblue
SERPINE1,steelblue
SESN2,steelblue
SET,steelblue
SETD1B,steelblue
SF3B1,steelblue
SF3B3,steelblue
SFMBT2,steelblue
SGCE,steelblue
SGK1,steelblue
SGOL1,steelblue
SH3BP4,steelblue
SH3RF2,steelblue
SH3RF3,steelblue
SHANK2,steelblue
SHBG,steelblue
SHC4,steelblue
SHH,steelblue
SHISA4,steelblue
SHQ1,steelblue
SIAH2,steelblue
SIGMAR1,steelblue
SIL1,steelblue
SIN3A,steelblue
SIP1,steelblue
SIPA1L3,steelblue
SIRT7,steelblue
SIX1,steelblue
SKA2,steelblue
SKI,steelblue
SLC15A4,steelblue
SLC16A13,steelblue
SLC25A27,steelblue
SLC25A37,steelblue
SLC25A38,steelblue
SLC25A51,steelblue
SLC2A1,steelblue
SLC30A1,steelblue
SLC35D1,steelblue
SLC35E1,steelblue
SLC35F1,steelblue
SLC35F2,steelblue
SLC35F3,steelblue
SLC36A1,steelblue
SLC37A4,steelblue
SLC39A11,steelblue
SLC41A1,steelblue
SLC43A2,steelblue
SLC44A1,steelblue
SLC44A3,steelblue
SLC46A3,steelblue
SLC4A7,steelblue
SLC5A6,steelblue
SLC6A15,steelblue
SLC8A3,steelblue
SLC9A1,steelblue
SLC9A3R2,steelblue
SLC9A4,steelblue
SLFN12,steelblue
SLIT1,steelblue
SLITRK1,steelblue
SLMO1,steelblue
SLN,steelblue
SMARCA5,steelblue
SMARCD2,steelblue
SMARCE1,steelblue
SMCHD1,steelblue
SMEK2,steelblue
SMG5,steelblue
SMG6,steelblue
SMG7,steelblue
SMIM19,steelblue
SMIM2-AS1,steelblue
SNAP91,steelblue
SNCA-AS1,steelblue
SNCB,steelblue
SNORA9,steelblue
SNORD27,steelblue
SNORD43,steelblue
SNRNP200,steelblue
SNRNP27,steelblue
SNRPD2,steelblue
SNTB1,steelblue
SNX16,steelblue
SNX17,steelblue
SNX19,steelblue
SNX3,steelblue
SNX33,steelblue
SOCS5,steelblue
SOD1,steelblue
SORCS1,steelblue
SOS1,steelblue
SOX4,steelblue
SP3,steelblue
SP8,steelblue
SPAG1,steelblue
SPAST,steelblue
SPATA13,steelblue
SPATS2,steelblue
SPEN,steelblue
SPHK1,steelblue
SPIB,steelblue
SPOCK1,steelblue
SPRY4,steelblue
SPTLC3,steelblue
SPTSSB,steelblue
SQSTM1,steelblue
SRA1,steelblue
SREBF1,steelblue
SRP14,steelblue
SRRM2,steelblue
SRRT,steelblue
SSBP3,steelblue
SSBP4,steelblue
SSH1,steelblue
SSNA1,steelblue
ST6GAL2,steelblue
ST6GALNAC5,steelblue
ST7,steelblue
ST7OT4,steelblue
ST8SIA2,steelblue
STAB1,steelblue
STARD9,steelblue
STAT5B,steelblue
STC1,steelblue
STIM2,steelblue
STK24,steelblue
STK33,steelblue
STX16,steelblue
STX1B,steelblue
STX2,steelblue
STX4,steelblue
STX5,steelblue
STXBP5,steelblue
SUB1,steelblue
SUCLG1,steelblue
SUSD4,steelblue
SUV420H1,steelblue
SVIL,steelblue
SWAP70,steelblue
SYCP2L,steelblue
SYN2,steelblue
SYNE1,steelblue
SYNE1-AS1,steelblue
SYNGAP1,steelblue
SYT1,steelblue
SYTL1,steelblue
TAC1,steelblue
TACC2,steelblue
TACSTD2,steelblue
TAF15,steelblue
TAF2,steelblue
TAF3,steelblue
TAF7,steelblue
TAF9,steelblue
TAL1,steelblue
TANK,steelblue
TAP2,steelblue
TAPBP,steelblue
TAPT1-AS1,steelblue
TARS,steelblue
TAS1R1,steelblue
TASP1,steelblue
TBC1D15,steelblue
TBC1D19,steelblue
TBC1D22A,steelblue
TBC1D23,steelblue
TBC1D4,steelblue
TBCB,steelblue
TBCEL,steelblue
TBL3,steelblue
TBRG1,steelblue
TCF7L1,steelblue
TCHP,steelblue
TCP11L2,steelblue
TCTA,steelblue
TCTN1,steelblue
TCTN2,steelblue
TDP1,steelblue
TERF2,steelblue
TESK2,steelblue
TESSP1,steelblue
TET1,steelblue
TEX14,steelblue
TFAM,steelblue
TGDS,steelblue
TGFA,steelblue
TGFB2,steelblue
THADA,steelblue
THAP11,steelblue
THAP2,steelblue
THBD,steelblue
THRAP3,steelblue
TIMM10,steelblue
TIMM13,steelblue
TIMM44,steelblue
TIMP2,steelblue
TIPRL,steelblue
TLL1,steelblue
TM7SF3,steelblue
TMCC2,steelblue
TMED3,steelblue
TMEM109,steelblue
TMEM123,steelblue
TMEM129,steelblue
TMEM131,steelblue
TMEM132C,steelblue
TMEM134,steelblue
TMEM161B,steelblue
TMEM169,steelblue
TMEM179B,steelblue
TMEM194A,steelblue
TMEM20,steelblue
TMEM216,steelblue
TMEM219,steelblue
TMEM222,steelblue
TMEM39A,steelblue
TMEM39B,steelblue
TMEM50B,steelblue
TMEM51,steelblue
TMEM55B,steelblue
TMEM63A,steelblue
TMEM66,steelblue
TMEM70,steelblue
TMEM79,steelblue
TMEM90B,steelblue
TMEM99,steelblue
TMOD2,steelblue
TMTC2,steelblue
TNC,steelblue
TNFRSF19,steelblue
TNIK,steelblue
TNIP1,steelblue
TNK2,steelblue
TNPO1,steelblue
TNRC18,steelblue
TNRC6A,steelblue
TNS3,steelblue
TOB2,steelblue
TOM1L2,steelblue
TOMM20,steelblue
TOMM6,steelblue
TOP2B,steelblue
TOP3A,steelblue
TOP3B,steelblue
TOR1AIP1,steelblue
TP53INP2,steelblue
TP73,steelblue
TPCN1,steelblue
TPX2,steelblue
TRAIP,steelblue
TRAPPC5,steelblue
TRAPPC9,steelblue
TRIB2,steelblue
TRIM2,steelblue
TRIM26,steelblue
TRIM27,steelblue
TRIM62,steelblue
TRIM68,steelblue
TRIM7,steelblue
TRIM8,steelblue
TRIP11,steelblue
TRIP4,steelblue
TRMU,steelblue
TRNP1,steelblue
TRPC6,steelblue
TSC22D1,steelblue
TSEN15,steelblue
TSG101,steelblue
TSHR,steelblue
TSPAN2,steelblue
TSPAN31,steelblue
TSTD2,steelblue
TTC32,steelblue
TTC39A,steelblue
TTC5,steelblue
TTI2,steelblue
TTLL11,steelblue
TTYH1,steelblue
TXNL4B,steelblue
TXNRD2,steelblue
TYW1,steelblue
UAP1,steelblue
UBA52,steelblue
UBAP2,steelblue
UBC,steelblue
UBE2G1,steelblue
UBL3,steelblue
UBN1,steelblue
UBP1,steelblue
UBQLN1,steelblue
UBR2,steelblue
UBR3,steelblue
UBR4,steelblue
UBR7,steelblue
UBTD1,steelblue
UEVLD,steelblue
UFC1,steelblue
UFD1L,steelblue
UGGT2,steelblue
UGT8,steelblue
UHRF2,steelblue
UNC84A,steelblue
UPF1,steelblue
UQCRC2,steelblue
URGCP,steelblue
USF2,steelblue
USO1,steelblue
USP21,steelblue
USP33,steelblue
USP36,steelblue
USP39,steelblue
USP44,steelblue
USP5,steelblue
VAMP4,steelblue
VARS,steelblue
VARS2,steelblue
VAV3,steelblue
VCP,steelblue
VEGFB,steelblue
VEZF1,steelblue
VMAC,steelblue
VPS11,steelblue
VPS13B,steelblue
VPS24,steelblue
VPS35,steelblue
VPS37B,steelblue
VPS41,steelblue
VPS51,steelblue
VPS53,steelblue
VPS72,steelblue
VRK3,steelblue
VSNL1,steelblue
VSX1,steelblue
VTI1A,steelblue
VWA5A,steelblue
VWA5B2,steelblue
WBP11,steelblue
WDHD1,steelblue
WDR12,steelblue
WDR19,steelblue
WDR26,steelblue
WDR60,steelblue
WDR62,steelblue
WDR65,steelblue
WDR74,steelblue
WDR82,steelblue
WDR90,steelblue
WDR93,steelblue
WEE1,steelblue
WIPF1,steelblue
WNT3A,steelblue
WWC2,steelblue
XAB2,steelblue
XPNPEP1,steelblue
XRN1,steelblue
XRRA1,steelblue
YEATS4,steelblue
YTHDC2,steelblue
ZBTB12,steelblue
ZBTB24,steelblue
ZBTB39,steelblue
ZBTB43,steelblue
ZBTB8B,steelblue
ZC3H10,steelblue
ZC3H13,steelblue
ZCCHC3,steelblue
ZCCHC4,steelblue
ZDHHC13,steelblue
ZDHHC16,steelblue
ZER1,steelblue
ZFAND4,steelblue
ZFYVE28,steelblue
ZMAT2,steelblue
ZMYND8,steelblue
ZNF141,steelblue
ZNF16,steelblue
ZNF17,steelblue
ZNF204P,steelblue
ZNF213,steelblue
ZNF221,steelblue
ZNF23,steelblue
ZNF235,steelblue
ZNF238,steelblue
ZNF250,steelblue
ZNF252,steelblue
ZNF260,steelblue
ZNF266,steelblue
ZNF283,steelblue
ZNF300,steelblue
ZNF333,steelblue
ZNF337,steelblue
ZNF354B,steelblue
ZNF354C,steelblue
ZNF385A,steelblue
ZNF385D,steelblue
ZNF425,steelblue
ZNF438,steelblue
ZNF440,steelblue
ZNF461,steelblue
ZNF501,steelblue
ZNF502,steelblue
ZNF513,steelblue
ZNF546,steelblue
ZNF589,steelblue
ZNF611,steelblue
ZNF613,steelblue
ZNF618,steelblue
ZNF620,steelblue
ZNF623,steelblue
ZNF628,steelblue
ZNF669,steelblue
ZNF680,steelblue
ZNF687,steelblue
ZNF69,steelblue
ZNF692,steelblue
ZNF697,steelblue
ZNF704,steelblue
ZNF706,steelblue
ZNF708,steelblue
ZNF767P,steelblue
ZNF774,steelblue
ZNF784,steelblue
ZNF804A,steelblue
ZNF805,steelblue
ZNRD1,steelblue
ZRANB2,steelblue
ZSCAN1,steelblue
ZSCAN16-AS1,steelblue
ZSWIM6,steelblue
ZW10,steelblue
ZXDC,steelblue
ZYG11B,steelblue
AASS,tan
ABAT,tan
ABCA13,tan
ABCC5,tan
ABHD8,tan
ACCN1,tan
ACCS,tan
ACTN3,tan
ACTR1B,tan
ACTR5,tan
ADAM22,tan
ADARB2,tan
AGAP1,tan
AGBL4,tan
AGPAT1,tan
AHNAK,tan
AKAP12,tan
ALDH2,tan
ALKBH8,tan
AMOTL1,tan
ANAPC1,tan
ANKH,tan
ANKRD11,tan
ANKRD40,tan
ANKS1A,tan
ANKS1B,tan
ANO7,tan
APOL6,tan
AQP5,tan
ARC,tan
ARHGAP26,tan
ARHGAP42,tan
ARHGEF16,tan
ART3,tan
ASAP2,tan
ASB5,tan
ATF6B,tan
ATG14,tan
ATG16L1,tan
ATP1B2,tan
ATP4B,tan
ATP5G2,tan
ATP5J,tan
ATP5S,tan
B4GALNT4,tan
BANP,tan
BCL11A,tan
BCL11B,tan
BCL9L,tan
BDNF,tan
BHLHE40,tan
BIN1,tan
BIRC3,tan
BMP7,tan
BRD2,tan
BTN3A1,tan
C10ORF11,tan
C10ORF58,tan
C10ORF71,tan
C12ORF29,tan
C13ORF33,tan
C14ORF181,tan
C15ORF26,tan
C18ORF45,tan
C1ORF105,tan
C1ORF212,tan
C1ORF58,tan
C20ORF26,tan
C20ORF56,tan
C21ORF56,tan
C22ORF30,tan
C2ORF3,tan
C2ORF54,tan
C2ORF55,tan
C3ORF14,tan
C4ORF33,tan
C5ORF39,tan
C6ORF1,tan
C6ORF118,tan
C6ORF173,tan
C6ORF89,tan
C7ORF30,tan
C7ORF38,tan
C7ORF58,tan
CABP1,tan
CABP2,tan
CACNA1H,tan
CACNA2D4,tan
CACNB2,tan
CACNB4,tan
CAMTA1,tan
CAPS,tan
CAPZB,tan
CASC15,tan
CASC20,tan
CASP5,tan
CBLB,tan
CBLN4,tan
CCDC108,tan
CCDC129,tan
CCDC150,tan
CCDC24,tan
CCDC46,tan
CCDC60,tan
CCDC80,tan
CCDC88A,tan
CCM2,tan
CCNH,tan
CCSER1,tan
CCT6B,tan
CD14,tan
CD36,tan
CD46,tan
CD6,tan
CDADC1,tan
CDC42BPA,tan
CDC7,tan
CDH12,tan
CDH4,tan
CDK2AP1,tan
CDKL1,tan
CDON,tan
CDYL2,tan
CELF4,tan
CEP120,tan
CHAT,tan
CHD6,tan
CHST3,tan
CHST8,tan
CLDN12,tan
CLIP4,tan
CLTC,tan
CMKLR1,tan
CNO,tan
CNPY3,tan
CNRIP1,tan
CNTN5,tan
COL18A1,tan
COL4A1,tan
COL5A2,tan
COL7A1,tan
COPZ1,tan
COQ5,tan
CORIN,tan
CORT,tan
COX5A,tan
CRCT1,tan
CRY1,tan
CSDE1,tan
CSRNP1,tan
CTD-2201I18.1,tan
CTNND1,tan
CUBN,tan
CUX1,tan
CYBA,tan
CYFIP1,tan
CYTL1,tan
DCTN6,tan
DDHD1,tan
DEC-01,tan
DENND2D,tan
DHX15,tan
DKK2,tan
DLEC1,tan
DLX1,tan
DLX2,tan
DNAH8,tan
DNAJB6,tan
DPP10,tan
DPP6,tan
DPYSL3,tan
DRD4,tan
DSCAM,tan
DST,tan
DUSP26,tan
EBF2,tan
EFCAB5,tan
EFNA4,tan
EIF4G2,tan
ELMO1,tan
ELN,tan
EMP3,tan
EMX1,tan
EMX2OS,tan
ENPP6,tan
ERCC8,tan
EVX1,tan
EXOSC9,tan
F11R,tan
F13A1,tan
FAAP20,tan
FABP3,tan
FAM110B,tan
FAM110C,tan
FAM124B,tan
FAM135A,tan
FAM160A2,tan
FAM163A,tan
FAM188B,tan
FAM190A,tan
FAM222B,tan
FAM43A,tan
FAM59B,tan
FAM76B,tan
FARP2,tan
FBXO47,tan
FDFT1,tan
FEZF1,tan
FEZF1-AS1,tan
FILIP1L,tan
FKBP3,tan
FLJ42709,tan
FLT1,tan
FMN1,tan
FNDC1,tan
FXYD7,tan
GABRB2,tan
GALNTL4,tan
GATB,tan
GBA3,tan
GCNT2,tan
GCNT3,tan
GDI2,tan
GLIPR1,tan
GLT8D2,tan
GMDS,tan
GNAL,tan
GNL2,tan
GPC1,tan
GPR133,tan
GPR37,tan
GRIA1,tan
GRIK5,tan
GRIN2C,tan
GRINA,tan
GRLF1,tan
GRM1,tan
GTF2A1,tan
GTF3C1,tan
GTPBP8,tan
GUK1,tan
GYPC,tan
HBP1,tan
HCG27,tan
HCG4P6,tan
HEATR2,tan
HES1,tan
HEY2,tan
HIGD1A,tan
HIST1H1D,tan
HIST1H2BH,tan
HIST1H3E,tan
HIST1H4L,tan
HIVEP2,tan
HIVEP3,tan
HK1,tan
HLA-DPB2,tan
HLA-DRB1,tan
HLA-H,tan
HLA-J,tan
HLCS,tan
HMCN1,tan
HMGN4,tan
HOOK2,tan
HOTAIRM1,tan
HOXA2,tan
HOXD9,tan
HPS4,tan
HSDL2,tan
HSPA1A,tan
HSPA1B,tan
HSPA4,tan
HUNK,tan
HYDIN,tan
IER5,tan
IFFO2,tan
IFLTD1,tan
IFT88,tan
IGFBP4,tan
IGHMBP2,tan
IKZF3,tan
IL11RA,tan
IL1R1,tan
IL1R2,tan
ING1,tan
INPP5A,tan
INTS9,tan
INTU,tan
IPO11,tan
IQCE,tan
IQCK,tan
IRAK1BP1,tan
IREB2,tan
IRF7,tan
IRX6,tan
ISL2,tan
ISM1,tan
ITGA9,tan
ITPKA,tan
ITPR2,tan
ITPRIP,tan
JPH3,tan
JSRP1,tan
KCNAB1-AS2,tan
KCNAB2,tan
KCNE1,tan
KCNMA1,tan
KCNN3,tan
KCNQ1,tan
KCNQ2,tan
KCTD20,tan
KDELR2,tan
KDM2A,tan
KIAA0391,tan
KIAA0528,tan
KIAA1751,tan
KIAA2013,tan
KIF25-AS1,tan
KIF9-AS1,tan
KLC1,tan
KPNA4,tan
LAMA2,tan
LAMB1,tan
LFNG,tan
LHX4,tan
LHX5,tan
LINC00403,tan
LINC00615,tan
LINC01006,tan
LINC01142,tan
LINC01291,tan
LINC01324,tan
LINC01441,tan
LINC01581,tan
LMF1,tan
LMNB1,tan
LOC100129637,tan
LOC100192426,tan
LOC100506551,tan
LOC100507462,tan
LOC101927421,tan
LOC101927437,tan
LOC102546228,tan
LOC146336,tan
LOC285696,tan
LOC348926,tan
LOC643339,tan
LOC647979,tan
LOC729082,tan
LOC729218,tan
LOC729991-MEF2B,tan
LONRF2,tan
LRRC14,tan
LRRC27,tan
LRRFIP1,tan
LRRN1,tan
LYNX1,tan
MAB21L1,tan
MACROD1,tan
MAD1L1,tan
MAL,tan
MAML3,tan
MAP4K3,tan
MAPK14,tan
MARK2,tan
MARK3,tan
MARVELD2,tan
MAT2B,tan
MBOAT7,tan
MC4R,tan
MCF2L,tan
MCTP2,tan
ME2,tan
MECOM,tan
MED30,tan
MEIS1,tan
MEOX2,tan
METTL3,tan
MFAP5,tan
MGMT,tan
MGRN1,tan
MIR202,tan
MIR217HG,tan
MIR548F5,tan
MIR570,tan
MIR886,tan
MKLN1,tan
MKRN2,tan
MLPH,tan
MRPL21,tan
MRPL24,tan
MRPS24,tan
MRPS27,tan
MRPS31,tan
MS4A8,tan
MS4A8B,tan
MSI2,tan
MTA1,tan
MTERFD2,tan
MTHFD1,tan
MTHFD1L,tan
MTRF1,tan
MUC2,tan
MUC4,tan
MYO15B,tan
MYO16,tan
MYOM2,tan
N4BP3,tan
NAA30,tan
NAALAD2,tan
NAALADL2,tan
NADSYN1,tan
NAMPT,tan
NAV2,tan
NCSTN,tan
NDUFA5,tan
NDUFAF2,tan
NEK11,tan
NEU1,tan
NEUROG1,tan
NFATC1,tan
NFIX,tan
NFRKB,tan
NIPSNAP1,tan
NKAIN1,tan
NKX6-3,tan
NOL4,tan
NOTCH4,tan
NOVA1,tan
NPHP4,tan
NPLOC4,tan
NPNT,tan
NPTX2,tan
NPY1R,tan
NR2F2,tan
NR2F2-AS1,tan
NRL,tan
NXN,tan
OCA2,tan
OCLN,tan
ODZ4,tan
OLFML2B,tan
OR6K3,tan
ORAI2,tan
OTOF,tan
OTUD6B,tan
PADI2,tan
PAK7,tan
PAOX,tan
PARVB,tan
PAX6,tan
PBX3,tan
PCDH9,tan
PCGF2,tan
PDE6B,tan
PDE9A,tan
PDGFA,tan
PDILT,tan
PDYN,tan
PDZD2,tan
PDZD7,tan
PGBD5,tan
PGCP,tan
PGLYRP2,tan
PHACTR1,tan
PHF21A,tan
PIP5K1C,tan
PLB1,tan
PLCH1,tan
PLEC1,tan
PLEKHG4B,tan
PLET1,tan
PMEPA1,tan
POLR1A,tan
POLR3E,tan
POU2F3,tan
POU4F1,tan
POU6F2,tan
PPP1R12B,tan
PPP4C,tan
PRDM12,tan
PRDM15,tan
PREP,tan
PRIC285,tan
PRKAB2,tan
PRKAG2,tan
PRKAR1B,tan
PRMT8,tan
PROCA1,tan
PROKR1,tan
PROX1,tan
PRPF4B,tan
PSMB1,tan
PSMD3,tan
PSORS1C3,tan
PSRC1,tan
PSTK,tan
PTCH1,tan
PTGES3,tan
PTGR1,tan
PTGS2,tan
PTPDC1,tan
PTPLB,tan
PTPN14,tan
PTPRG,tan
PTPRK,tan
PTPRN2,tan
PTTG1IP,tan
PXDNL,tan
RABGAP1,tan
RAI1,tan
RASA3,tan
RASL10B,tan
RAX,tan
RBFOX3,tan
RBM20,tan
RBP1,tan
RELN,tan
RFC5,tan
RGS4,tan
RGS6,tan
RHEB,tan
RIMBP2,tan
RNF141,tan
RNF182,tan
RNF219-AS1,tan
RNF220,tan
RNF5P1,tan
RNPS1,tan
ROM1,tan
RPS21,tan
RPS6KA2,tan
RPTOR,tan
RSPO4,tan
RUNX2,tan
SAMD12,tan
SAMD9,tan
SBF2,tan
SBNO2,tan
SCAP,tan
SCG5,tan
SCN2A,tan
SCP2,tan
SCUBE1,tan
SDC3,tan
SDK1,tan
SDK2,tan
SEP-09,tan
SERPINA12,tan
SERPINE2,tan
SETBP1,tan
SFRS2B,tan
SH2D4B,tan
SH3BP4,tan
SHANK2,tan
SHC2,tan
SHPRH,tan
SIK3,tan
SIPA1L2,tan
SKAP2,tan
SKOR1,tan
SLC15A1,tan
SLC15A3,tan
SLC1A6,tan
SLC20A2,tan
SLC22A18,tan
SLC25A45,tan
SLC35F2,tan
SLC45A1,tan
SLC4A2,tan
SLC6A15,tan
SMC4,tan
SMCHD1,tan
SNAP91,tan
SND1,tan
SNHG6,tan
SNIP1,tan
SNRPE,tan
SNTB1,tan
SNTG2,tan
SOD1,tan
SORBS3,tan
SOX2-OT,tan
SOX2OT,tan
SPAG1,tan
SPAG17,tan
SPARC,tan
SPATC1L,tan
SRGAP1,tan
ST8SIA4,tan
STAT2,tan
STMN3,tan
SYNGAP1,tan
TAAR9,tan
TADA1,tan
TAF12,tan
TAL1,tan
TANC1,tan
TAP1,tan
TBC1D22A,tan
TBC1D4,tan
TBC1D8,tan
TBCD,tan
TBL2,tan
TBX10,tan
TCEA3,tan
TCF4,tan
TESC,tan
TEX101,tan
TGFBRAP1,tan
TLE2,tan
TLR1,tan
TLR6,tan
TMED10,tan
TMEM107,tan
TMEM217,tan
TMEM233,tan
TMEM67,tan
TMEM68,tan
TMPRSS6,tan
TMUB2,tan
TNFRSF19,tan
TNNT3,tan
TOP2B,tan
TOP3B,tan
TP53BP1,tan
TPD52,tan
TPPP,tan
TRAF2,tan
TRAF3,tan
TRAPPC9,tan
TRIM27,tan
TRIM29,tan
TRIM31,tan
TRIM6,tan
TRIP10,tan
TRIP13,tan
TSHZ2,tan
TTC27,tan
TWSG1,tan
TXNDC15,tan
UACA,tan
UBA52,tan
UBR5,tan
UBXN1,tan
UCK2,tan
UCN3,tan
UGT3A1,tan
UNC80,tan
UNKL,tan
UPF3A,tan
USP13,tan
USP34,tan
UTRN,tan
VIPR2,tan
VRK3,tan
VWA3B,tan
WAC,tan
WARS,tan
WDR12,tan
WDR18,tan
WDR45L,tan
WDR59,tan
WDR66,tan
WHSC2,tan
WIPF3,tan
WNT4,tan
WNT7B,tan
WNT8B,tan
WNT9A,tan
WRB,tan
XKR4,tan
ZBTB38,tan
ZBTB7A,tan
ZC3H12C,tan
ZCCHC2,tan
ZCCHC7,tan
ZEB2,tan
ZFR2,tan
ZFYVE9,tan
ZIC1,tan
ZIC2,tan
ZIC4,tan
ZIC5,tan
ZKSCAN2,tan
ZMYM5,tan
ZNF407,tan
ZNF423,tan
ZNF444,tan
ZNF568,tan
ZNF576,tan
ZNF677,tan
ZNF678,tan
ZNF682,tan
ZNF75A,tan
ZNF829,tan
AASS,turquoise
ABCA10,turquoise
ABCA13,turquoise
ABCA4,turquoise
ABCA5,turquoise
ABCA9,turquoise
ABCB10,turquoise
ABCB4,turquoise
ABCB5,turquoise
ABCD4,turquoise
ABCE1,turquoise
ABHD10,turquoise
ABHD13,turquoise
ABHD17C,turquoise
ABHD2,turquoise
ABHD5,turquoise
ABI1,turquoise
ABI3BP,turquoise
ABL1,turquoise
ABLIM2,turquoise
ABLIM3,turquoise
ABR,turquoise
ABRA,turquoise
ACACA,turquoise
ACACB,turquoise
ACAD11,turquoise
ACADM,turquoise
ACAP2,turquoise
ACBD3,turquoise
ACBD5,turquoise
ACBD6,turquoise
ACKR2,turquoise
ACOXL,turquoise
ACSBG2,turquoise
ACSF3,turquoise
ACSL3,turquoise
ACSM3,turquoise
ACSM6,turquoise
ACTL6A,turquoise
ACTN2,turquoise
ACVR1C,turquoise
ACYP1,turquoise
ADAM10,turquoise
ADAM20,turquoise
ADAM23,turquoise
ADAMDEC1,turquoise
ADAMTS16,turquoise
ADAMTS18,turquoise
ADAMTS2,turquoise
ADAMTS6,turquoise
ADAMTS9-AS1,turquoise
ADAMTSL1,turquoise
ADARB2,turquoise
ADCY10,turquoise
ADD2,turquoise
ADGRA3,turquoise
ADGRB2,turquoise
ADGRD1,turquoise
ADGRF1,turquoise
ADGRG6,turquoise
ADGRL3,turquoise
ADGRV1,turquoise
ADK,turquoise
ADNP2,turquoise
ADRBK1,turquoise
ADRBK2,turquoise
AEBP2,turquoise
AFF1,turquoise
AFF3,turquoise
AGAP1,turquoise
AGAP2,turquoise
AGBL1,turquoise
AGBL2,turquoise
AGBL3,turquoise
AGBL4,turquoise
AGL,turquoise
AGMO,turquoise
AGPHD1,turquoise
AGR3,turquoise
AGTPBP1,turquoise
AGTR1,turquoise
AGXT2,turquoise
AHI1,turquoise
AHR,turquoise
AHRR,turquoise
AHSG,turquoise
AICDA,turquoise
AIFM2,turquoise
AIG1,turquoise
AIM2,turquoise
AIMP2,turquoise
AK9,turquoise
AKAP10,turquoise
AKAP12,turquoise
AKAP13,turquoise
AKAP3,turquoise
AKAP6,turquoise
AKAP7,turquoise
AKAP9,turquoise
AKNA,turquoise
AKNAD1,turquoise
AKR1C1,turquoise
AKT3,turquoise
ALDH18A1,turquoise
ALDH8A1,turquoise
ALG8,turquoise
ALK,turquoise
ALPK1,turquoise
ANGPT1,turquoise
ANGPTL3,turquoise
ANK2,turquoise
ANK3,turquoise
ANKAR,turquoise
ANKDD1A,turquoise
ANKFY1,turquoise
ANKHD1,turquoise
ANKRD12,turquoise
ANKRD13A,turquoise
ANKRD26P1,turquoise
ANKRD28,turquoise
ANKRD29,turquoise
ANKRD35,turquoise
ANKRD44,turquoise
ANKRD45,turquoise
ANKRD54,turquoise
ANKS1A,turquoise
ANKS1B,turquoise
ANO10,turquoise
ANO4,turquoise
ANO5,turquoise
ANO6,turquoise
ANTXR1,turquoise
ANTXR2,turquoise
ANUBL1,turquoise
ANXA13,turquoise
ANXA7,turquoise
AP1S3,turquoise
AP2A2,turquoise
AP3B1,turquoise
AP4E1,turquoise
AP5M1,turquoise
APBB2,turquoise
APC,turquoise
APOM,turquoise
APP,turquoise
APPL2,turquoise
AQP11,turquoise
ARAP2,turquoise
AREL1,turquoise
ARFGEF1,turquoise
ARFGEF2,turquoise
ARHGAP10,turquoise
ARHGAP15,turquoise
ARHGAP24,turquoise
ARHGAP26,turquoise
ARHGAP29,turquoise
ARHGAP32,turquoise
ARHGAP35,turquoise
ARHGAP42,turquoise
ARHGEF10,turquoise
ARHGEF10L,turquoise
ARHGEF28,turquoise
ARHGEF3,turquoise
ARHGEF38,turquoise
ARID1B,turquoise
ARID4B,turquoise
ARID5A,turquoise
ARIH2,turquoise
ARL14,turquoise
ARL15,turquoise
ARL2BP,turquoise
ARL6,turquoise
ARL6IP6,turquoise
ARL8B,turquoise
ARNTL2,turquoise
ARPIN,turquoise
ARPP19,turquoise
ART3,turquoise
ASAH1,turquoise
ASAP1,turquoise
ASAP2,turquoise
ASB4,turquoise
ASB5,turquoise
ASB8,turquoise
ASCC1,turquoise
ASCC3,turquoise
ASCL4,turquoise
ASPH,turquoise
ASXL2,turquoise
ASXL3,turquoise
ASZ1,turquoise
ATAD1,turquoise
ATF7IP,turquoise
ATG10,turquoise
ATG2B,turquoise
ATG7,turquoise
ATOH8,turquoise
ATP10A,turquoise
ATP10D,turquoise
ATP11A,turquoise
ATP13A3,turquoise
ATP13A5,turquoise
ATP2A2,turquoise
ATP2B1,turquoise
ATP2B2,turquoise
ATP4B,turquoise
ATP5G2,turquoise
ATP6AP1L,turquoise
ATP6V0A2,turquoise
ATP6V0A4,turquoise
ATP6V0D1,turquoise
ATP6V1C1,turquoise
ATP6V1G3,turquoise
ATP6V1H,turquoise
ATP8A2,turquoise
ATP8B4,turquoise
ATP9A,turquoise
ATP9B,turquoise
ATR,turquoise
ATRNL1,turquoise
ATXN1,turquoise
ATXN10,turquoise
ATXN3,turquoise
ATXN7,turquoise
ATXN7L1,turquoise
AUH,turquoise
AURKAIP1,turquoise
AURKC,turquoise
AUTS2,turquoise
B3GALTL,turquoise
B3GAT2,turquoise
B3GNT4,turquoise
B3GNT6,turquoise
B3GNTL1,turquoise
BAALC,turquoise
BACH2,turquoise
BAG2,turquoise
BAI1,turquoise
BANP,turquoise
BASP1,turquoise
BAT5,turquoise
BAZ1A,turquoise
BAZ1B,turquoise
BAZ2B,turquoise
BBOX1,turquoise
BBS9,turquoise
BBX,turquoise
BCAS3,turquoise
BCCIP,turquoise
BCL11A,turquoise
BCL11B,turquoise
BCL2L11,turquoise
BCL9,turquoise
BCLAF1,turquoise
BCR,turquoise
BDH1,turquoise
BEND7,turquoise
BET1,turquoise
BFAR,turquoise
BHLHE40-AS1,turquoise
BICC1,turquoise
BIN3,turquoise
BIRC6,turquoise
BIVM-ERCC5,turquoise
BLK,turquoise
BLMH,turquoise
BMP10,turquoise
BMP2K,turquoise
BMP5,turquoise
BMPR1A,turquoise
BMPR1B,turquoise
BMPR2,turquoise
BNC2,turquoise
BOLL,turquoise
BPHL,turquoise
BRAF,turquoise
BRCA2,turquoise
BRMS1L,turquoise
BRSK2,turquoise
BRWD1,turquoise
BSCL2,turquoise
BTAF1,turquoise
BTBD1,turquoise
BTBD9,turquoise
BTG3,turquoise
BTLA,turquoise
BTN2A1,turquoise
BUB1,turquoise
BUD13,turquoise
BZW2,turquoise
C10ORF11,turquoise
C10ORF47,turquoise
C10ORF79,turquoise
C10ORF96,turquoise
C11ORF30,turquoise
C11ORF53,turquoise
C11ORF70,turquoise
C11ORF80,turquoise
C12ORF12,turquoise
C12ORF42,turquoise
C12ORF43,turquoise
C14ORF2,turquoise
C14ORF37,turquoise
C14ORF38,turquoise
C15ORF41,turquoise
C15ORF42,turquoise
C16ORF45,turquoise
C16ORF47,turquoise
C16ORF53,turquoise
C16ORF62,turquoise
C16ORF75,turquoise
C17ORF47,turquoise
C17ORF48,turquoise
C17ORF51,turquoise
C18ORF54,turquoise
C1GALT1,turquoise
C1ORF105,turquoise
C1ORF141,turquoise
C1ORF158,turquoise
C1ORF159,turquoise
C1ORF185,turquoise
C1ORF54,turquoise
C1ORF9,turquoise
C1QTNF1,turquoise
C22ORF42,turquoise
C22ORF9,turquoise
C2CD3,turquoise
C2ORF39,turquoise
C2ORF76,turquoise
C3ORF21,turquoise
C3ORF22,turquoise
C3ORF23,turquoise
C3ORF26,turquoise
C3ORF56,turquoise
C3ORF63,turquoise
C3ORF67,turquoise
C4ORF17,turquoise
C4ORF19,turquoise
C4ORF26,turquoise
C4ORF39,turquoise
C4ORF7,turquoise
C5ORF35,turquoise
C5ORF41,turquoise
C5ORF56,turquoise
C5ORF66,turquoise
C6ORF10,turquoise
C6ORF105,turquoise
C6ORF118,turquoise
C6ORF120,turquoise
C6ORF136,turquoise
C6ORF138,turquoise
C6ORF142,turquoise
C6ORF163,turquoise
C6ORF164,turquoise
C6ORF165,turquoise
C6ORF186,turquoise
C6ORF195,turquoise
C6ORF204,turquoise
C6ORF217,turquoise
C6ORF48,turquoise
C7,turquoise
C7ORF11,turquoise
C7ORF50,turquoise
C7ORF55-LUC7L2,turquoise
C7ORF58,turquoise
C7ORF60,turquoise
C7ORF71,turquoise
C8A,turquoise
C8ORF12,turquoise
C8ORF22,turquoise
C9ORF11,turquoise
C9ORF21,turquoise
C9ORF57,turquoise
CA1,turquoise
CA2,turquoise
CA3,turquoise
CABC1,turquoise
CACHD1,turquoise
CACNA1C,turquoise
CACNA2D1,turquoise
CACNA2D3,turquoise
CACNB1,turquoise
CACNB4,turquoise
CACNG1,turquoise
CACUL1,turquoise
CAD,turquoise
CADM1,turquoise
CADM2,turquoise
CADPS2,turquoise
CALCR,turquoise
CALML3-AS1,turquoise
CAMK1D,turquoise
CAMK2D,turquoise
CAMKMT,turquoise
CAMSAP1,turquoise
CAMTA1,turquoise
CAND1,turquoise
CAPN8,turquoise
CAPZA2,turquoise
CARD11,turquoise
CASC4,turquoise
CASC8,turquoise
CASKIN1,turquoise
CASP4,turquoise
CASZ1,turquoise
CAV1,turquoise
CBLB,turquoise
CBR4,turquoise
CBX5,turquoise
CCBP2,turquoise
CCDC102B,turquoise
CCDC111,turquoise
CCDC135,turquoise
CCDC140,turquoise
CCDC144NL,turquoise
CCDC146,turquoise
CCDC149,turquoise
CCDC172,turquoise
CCDC186,turquoise
CCDC25,turquoise
CCDC26,turquoise
CCDC28A,turquoise
CCDC3,turquoise
CCDC34,turquoise
CCDC39,turquoise
CCDC41,turquoise
CCDC52,turquoise
CCDC58,turquoise
CCDC89,turquoise
CCDC91,turquoise
CCDC96,turquoise
CCL20,turquoise
CCNA2,turquoise
CCNG2,turquoise
CCNI,turquoise
CCNJL,turquoise
CCNY,turquoise
CCSER1,turquoise
CD101,turquoise
CD164,turquoise
CD226,turquoise
CD2AP,turquoise
CD300LF,turquoise
CD44,turquoise
CD55,turquoise
CD81-AS1,turquoise
CD86,turquoise
CDC14A,turquoise
CDC26,turquoise
CDC27,turquoise
CDC42BPB,turquoise
CDC42SE2,turquoise
CDC6,turquoise
CDGAP,turquoise
CDH10,turquoise
CDH12,turquoise
CDH18,turquoise
CDH20,turquoise
CDH22,turquoise
CDH4,turquoise
CDH5,turquoise
CDH6,turquoise
CDH7,turquoise
CDHR2,turquoise
CDK14,turquoise
CDK15,turquoise
CDK19,turquoise
CDK5RAP2,turquoise
CDK6,turquoise
CDK8,turquoise
CDKAL1,turquoise
CDKL3,turquoise
CDKN2B-AS1,turquoise
CDNF,turquoise
CDS1,turquoise
CDYL2,turquoise
CELF2,turquoise
CELF4,turquoise
CEMIP,turquoise
CENPE,turquoise
CENPK,turquoise
CENPP,turquoise
CEP112,turquoise
CEP126,turquoise
CEP135,turquoise
CEP152,turquoise
CEP162,turquoise
CEP250,turquoise
CEP57,turquoise
CEP76,turquoise
CEP78,turquoise
CEP83,turquoise
CEP85L,turquoise
CEP95,turquoise
CEP97,turquoise
CEPT1,turquoise
CERK,turquoise
CERKL,turquoise
CERS6,turquoise
CES5A,turquoise
CFAP44,turquoise
CFAP45,turquoise
CFAP46,turquoise
CFAP58-AS1,turquoise
CFTR,turquoise
CGB1,turquoise
CGGBP1,turquoise
CGNL1,turquoise
CGREF1,turquoise
CHD2,turquoise
CHD7,turquoise
CHD8,turquoise
CHD9,turquoise
CHFR,turquoise
CHGA,turquoise
CHIA,turquoise
CHL1,turquoise
CHRM3,turquoise
CHST11,turquoise
CHST15,turquoise
CHST2,turquoise
CHSY3,turquoise
CHUK,turquoise
CISD1,turquoise
CIT,turquoise
CLASP1,turquoise
CLCN3,turquoise
CLDN10,turquoise
CLDN14,turquoise
CLDN18,turquoise
CLDN8,turquoise
CLEC12A,turquoise
CLEC16A,turquoise
CLEC2B,turquoise
CLEC2D,turquoise
CLINT1,turquoise
CLIP1,turquoise
CLIP2,turquoise
CLK4,turquoise
CLLU1,turquoise
CLNK,turquoise
CLOCK,turquoise
CLRN1-AS1,turquoise
CLSTN1,turquoise
CLSTN2,turquoise
CLU,turquoise
CMIP,turquoise
CMYA5,turquoise
CNBD1,turquoise
CNGA1,turquoise
CNOT4,turquoise
CNOT6L,turquoise
CNPY1,turquoise
CNTN5,turquoise
CNTNAP2,turquoise
CNTNAP5,turquoise
COA7,turquoise
COBL,turquoise
COBLL1,turquoise
COCH,turquoise
COG2,turquoise
COG6,turquoise
COIL,turquoise
COL10A1,turquoise
COL14A1,turquoise
COL17A1,turquoise
COL18A1,turquoise
COL21A1,turquoise
COL23A1,turquoise
COL24A1,turquoise
COL25A1,turquoise
COL28A1,turquoise
COL3A1,turquoise
COL4A1,turquoise
COL4A2,turquoise
COL6A3,turquoise
COL9A3,turquoise
COMMD7,turquoise
COMMD9,turquoise
COPS3,turquoise
COPS7B,turquoise
COQ2,turquoise
COTL1,turquoise
COX7B2,turquoise
CP,turquoise
CPB1,turquoise
CPB2,turquoise
CPD,turquoise
CPEB4,turquoise
CPED1,turquoise
CPNE1,turquoise
CPNE3,turquoise
CPNE4,turquoise
CPNE8,turquoise
CPS1,turquoise
CPSF2,turquoise
CPSF6,turquoise
CPT1A,turquoise
CPT2,turquoise
CREBBP,turquoise
CREM,turquoise
CRIM1,turquoise
CRNDE,turquoise
CROT,turquoise
CRYGC,turquoise
CRYGS,turquoise
CRYL1,turquoise
CSGALNACT1,turquoise
CSMD1,turquoise
CSMD3,turquoise
CSN1S1,turquoise
CSNK1G3,turquoise
CST2,turquoise
CSTA,turquoise
CSTF1,turquoise
CSTF3,turquoise
CSTF3-AS1,turquoise
CTBP1,turquoise
CTCFL,turquoise
CTDP1,turquoise
CTIF,turquoise
CTNNA1,turquoise
CTNNA2,turquoise
CTNNAL1,turquoise
CTNNB1,turquoise
CTNND2,turquoise
CTXN1,turquoise
CUL3,turquoise
CUL5,turquoise
CUTC,turquoise
CUX1,turquoise
CWC22,turquoise
CXCR6,turquoise
CYB5D1,turquoise
CYBRD1,turquoise
CYP19A1,turquoise
CYP20A1,turquoise
CYP3A7-CYP3A51P,turquoise
CYP4V2,turquoise
CYTH3,turquoise
DAAM1,turquoise
DAB1,turquoise
DAB2,turquoise
DACH1,turquoise
DACT2,turquoise
DAP,turquoise
DAPK1,turquoise
DAZL,turquoise
DBC1,turquoise
DCBLD1,turquoise
DCC,turquoise
DCDC1,turquoise
DCHS2,turquoise
DCLK1,turquoise
DCLK2,turquoise
DCP1B,turquoise
DCUN1D2,turquoise
DDHD2,turquoise
DDX10,turquoise
DDX18,turquoise
DDX43,turquoise
DDX46,turquoise
DDX50,turquoise
DDX58,turquoise
DDX59,turquoise
DDX60,turquoise
DDX60L,turquoise
DEC-01,turquoise
DECR1,turquoise
DEDD2,turquoise
DEFB136,turquoise
DENND1A,turquoise
DENND4A,turquoise
DENND5B,turquoise
DEPDC1B,turquoise
DEPDC4,turquoise
DEPTOR,turquoise
DERL1,turquoise
DFFB,turquoise
DFNA5,turquoise
DGCR9,turquoise
DGKB,turquoise
DGKD,turquoise
DGKI,turquoise
DGUOK,turquoise
DHTKD1,turquoise
DHX57,turquoise
DHX58,turquoise
DIAPH1,turquoise
DIO2,turquoise
DIP2B,turquoise
DIP2C,turquoise
DIRC3,turquoise
DIS3L,turquoise
DIS3L2,turquoise
DISC1FP1,turquoise
DKFZP586I1420,turquoise
DKK1,turquoise
DLEU1,turquoise
DLG1,turquoise
DLG2,turquoise
DLGAP1,turquoise
DLGAP2,turquoise
DLGAP4,turquoise
DMBT1,turquoise
DMRTB1,turquoise
DMTF1,turquoise
DMXL1,turquoise
DMXL2,turquoise
DNA2,turquoise
DNAH10,turquoise
DNAH12,turquoise
DNAH14,turquoise
DNAH2,turquoise
DNAH7,turquoise
DNAJB14,turquoise
DNAJB6,turquoise
DNAJB9,turquoise
DNAJC1,turquoise
DNAJC10,turquoise
DNAJC13,turquoise
DNAJC16,turquoise
DNAJC18,turquoise
DNAJC3,turquoise
DNASE2B,turquoise
DNM3,turquoise
DNMBP,turquoise
DOCK1,turquoise
DOCK10,turquoise
DOCK3,turquoise
DOCK7,turquoise
DOCK8,turquoise
DOK6,turquoise
DOPEY1,turquoise
DOT1L,turquoise
DPH6,turquoise
DPH6-AS1,turquoise
DPP10,turquoise
DPP6,turquoise
DPY19L1,turquoise
DPYD-AS1,turquoise
DPYS,turquoise
DRD2,turquoise
DROSHA,turquoise
DSCAM,turquoise
DSE,turquoise
DSG4,turquoise
DST,turquoise
DTNA,turquoise
DTNB,turquoise
DTNBP1,turquoise
DTWD2,turquoise
DUPD1,turquoise
DUS1L,turquoise
DUSP15,turquoise
DUSP16,turquoise
DYNC1I1,turquoise
DYNLT1,turquoise
DYRK1A,turquoise
DYSF,turquoise
DYX1C1,turquoise
EBF1,turquoise
EBF3,turquoise
ECHDC1,turquoise
ECT2,turquoise
ECT2L,turquoise
EDIL3,turquoise
EEFSEC,turquoise
EFCAB12,turquoise
EFCAB14,turquoise
EFCAB2,turquoise
EFCAB7,turquoise
EFCAB9,turquoise
EFEMP1,turquoise
EFHC1,turquoise
EFNA5,turquoise
EFR3A,turquoise
EGFEM1P,turquoise
EGFR,turquoise
EGLN1,turquoise
EHD3,turquoise
EHD4,turquoise
EHHADH,turquoise
EHMT1,turquoise
EHMT2,turquoise
EI24,turquoise
EIF2AK1,turquoise
EIF2B3,turquoise
EIF2C3,turquoise
EIF3H,turquoise
EIF3M,turquoise
EIF4G3,turquoise
EIF4H,turquoise
ELAVL4,turquoise
ELF2,turquoise
ELF5,turquoise
ELMOD1,turquoise
ELOVL2-AS1,turquoise
ELOVL5,turquoise
EMC2,turquoise
EML3,turquoise
EML4,turquoise
EML5,turquoise
EML6,turquoise
EMR4P,turquoise
ENAM,turquoise
ENOX1-AS2,turquoise
ENPP2,turquoise
ENPP3,turquoise
ENTPD1,turquoise
EPB41,turquoise
EPB41L2,turquoise
EPB41L4A,turquoise
EPG5,turquoise
EPHA1,turquoise
EPHB2,turquoise
EPHB4,turquoise
EPHX1,turquoise
EPS8,turquoise
ERAP2,turquoise
ERBB2IP,turquoise
ERC1,turquoise
ERC2,turquoise
ERCC5,turquoise
ERCC6,turquoise
ERCC6L2,turquoise
ERGIC1,turquoise
ERICH3-AS1,turquoise
ERLIN1,turquoise
ERO1LB,turquoise
ERV3-1,turquoise
ESAM,turquoise
ESF1,turquoise
ESR1,turquoise
ESRP1,turquoise
ETFB,turquoise
ETFDH,turquoise
ETNK1,turquoise
ETV6,turquoise
EVX1,turquoise
EXD3,turquoise
EXOC2,turquoise
EXOC3,turquoise
EXOC4,turquoise
EXOC5,turquoise
EXOC6,turquoise
EXOC6B,turquoise
EXOG,turquoise
EXT1,turquoise
EXT2,turquoise
EXTL3,turquoise
EYA1,turquoise
EYS,turquoise
EZH2,turquoise
FABP4,turquoise
FABP9,turquoise
FAF1,turquoise
FAM101B,turquoise
FAM107B,turquoise
FAM10A4,turquoise
FAM110B,turquoise
FAM117B,turquoise
FAM120B,turquoise
FAM126A,turquoise
FAM129B,turquoise
FAM134B,turquoise
FAM135A,turquoise
FAM135B,turquoise
FAM13A,turquoise
FAM149A,turquoise
FAM149B1,turquoise
FAM155A,turquoise
FAM155A-IT1,turquoise
FAM159B,turquoise
FAM161A,turquoise
FAM161B,turquoise
FAM172A,turquoise
FAM174A,turquoise
FAM175A,turquoise
FAM183CP,turquoise
FAM184A,turquoise
FAM186B,turquoise
FAM188A,turquoise
FAM198B,turquoise
FAM19A2,turquoise
FAM208A,turquoise
FAM208B,turquoise
FAM214A,turquoise
FAM227B,turquoise
FAM38A,turquoise
FAM3C,turquoise
FAM40B,turquoise
FAM53C,turquoise
FAM55B,turquoise
FAM5B,turquoise
FAM71A,turquoise
FAM73A,turquoise
FAM89A,turquoise
FAM92A1,turquoise
FANCC,turquoise
FANCD2,turquoise
FANCI,turquoise
FANCM,turquoise
FANK1,turquoise
FAP,turquoise
FAR1,turquoise
FAR2,turquoise
FARP1,turquoise
FARS2,turquoise
FAS,turquoise
FASTKD1,turquoise
FAT1,turquoise
FAT3,turquoise
FAT4,turquoise
FBF1,turquoise
FBXL13,turquoise
FBXL2,turquoise
FBXO21,turquoise
FBXO25,turquoise
FBXO32,turquoise
FBXO34,turquoise
FBXO38,turquoise
FBXO48,turquoise
FBXW7,turquoise
FCHSD2,turquoise
FCRL1,turquoise
FCRL3,turquoise
FDX1,turquoise
FEM1C,turquoise
FEZ2,turquoise
FGD6,turquoise
FGF12-AS1,turquoise
FGF14,turquoise
FGF2,turquoise
FGF22,turquoise
FGFR1OP,turquoise
FGFR2,turquoise
FHAD1,turquoise
FHIT,turquoise
FIGN,turquoise
FILIP1,turquoise
FILIP1L,turquoise
FKBP5,turquoise
FLCN,turquoise
FLI1,turquoise
FLJ22447,turquoise
FLJ32810,turquoise
FLJ40288,turquoise
FLJ41350,turquoise
FLJ46066,turquoise
FLJ46284,turquoise
FLRT1,turquoise
FLYWCH1,turquoise
FMN1,turquoise
FMN2,turquoise
FMNL2,turquoise
FMNL3,turquoise
FMO2,turquoise
FNBP1L,turquoise
FNDC3A,turquoise
FNDC3B,turquoise
FNTB,turquoise
FOLR1,turquoise
FOXJ2,turquoise
FOXJ3,turquoise
FOXK1,turquoise
FOXK2,turquoise
FOXM1,turquoise
FOXN3,turquoise
FOXO1,turquoise
FOXP1,turquoise
FPGT-TNNI3K,turquoise
FRA10AC1,turquoise
FREM1,turquoise
FRMD3,turquoise
FRMD4A,turquoise
FRMD6-AS2,turquoise
FRYL,turquoise
FSD1L,turquoise
FSIP2,turquoise
FSTL4,turquoise
FSTL5,turquoise
FTO,turquoise
FUCA2,turquoise
FUS,turquoise
FYN,turquoise
FZD3,turquoise
FZD6,turquoise
GAB2,turquoise
GAB4,turquoise
GABBR2,turquoise
GABRB3,turquoise
GABRG3,turquoise
GADL1,turquoise
GAK,turquoise
GAL3ST3,turquoise
GALNT13,turquoise
GALNT7,turquoise
GALNTL5,turquoise
GALNTL6,turquoise
GAP43,turquoise
GARS,turquoise
GAS2,turquoise
GATA4,turquoise
GATAD1,turquoise
GBE1,turquoise
GBP1,turquoise
GBP5,turquoise
GCC2,turquoise
GCFC2,turquoise
GCLM,turquoise
GDAP1,turquoise
GDAP2,turquoise
GDF9,turquoise
GDNF,turquoise
GEN1,turquoise
GFOD1,turquoise
GHR,turquoise
GIMAP1-GIMAP5,turquoise
GIT2,turquoise
GJB7,turquoise
GLCCI1,turquoise
GLCE,turquoise
GLI2,turquoise
GLIPR1L2,turquoise
GLIS3,turquoise
GLP2R,turquoise
GLS2,turquoise
GLT1D1,turquoise
GLT6D1,turquoise
GLUL,turquoise
GLYATL2,turquoise
GMDS,turquoise
GNA12,turquoise
GNAO1,turquoise
GNAQ,turquoise
GNRH1,turquoise
GNRHR,turquoise
GNS,turquoise
GOLGA4,turquoise
GOLGA7B,turquoise
GOLPH3,turquoise
GORAB,turquoise
GP5,turquoise
GPATCH2,turquoise
GPC5,turquoise
GPC6,turquoise
GPHB5,turquoise
GPHN,turquoise
GPLD1,turquoise
GPR120,turquoise
GPR123,turquoise
GPR15,turquoise
GPR176,turquoise
GPR18,turquoise
GPR183,turquoise
GPR39,turquoise
GPSM1,turquoise
GRAMD1B,turquoise
GRAMD1C,turquoise
GRAMD4,turquoise
GRAP2,turquoise
GRB10,turquoise
GREB1,turquoise
GRHL2,turquoise
GRIA2,turquoise
GRID1,turquoise
GRID2,turquoise
GRIK1,turquoise
GRIN2A,turquoise
GRIN2B,turquoise
GRIP1,turquoise
GRK4,turquoise
GRK5,turquoise
GRM7,turquoise
GRM8,turquoise
GSAP,turquoise
GSDMB,turquoise
GSTA4,turquoise
GSTT1,turquoise
GTDC1,turquoise
GTF2E2,turquoise
GTF2H4,turquoise
GTF3C1,turquoise
GTPBP2,turquoise
GTPBP4,turquoise
GUCY1A2,turquoise
GUK1,turquoise
GULP1,turquoise
GXYLT2,turquoise
H2AFJ,turquoise
HABP2,turquoise
HACD2,turquoise
HACD3,turquoise
HACE1,turquoise
HADH,turquoise
HAT1,turquoise
HAVCR2,turquoise
HBB,turquoise
HCFC2,turquoise
HCG18,turquoise
HCG4P6,turquoise
HCN1,turquoise
HDAC2,turquoise
HDAC9,turquoise
HDGFRP3,turquoise
HEATR1,turquoise
HEATR5B,turquoise
HECTD4,turquoise
HECW2,turquoise
HEPACAM2,turquoise
HERC2,turquoise
HERC3,turquoise
HERC5,turquoise
HESX1,turquoise
HGSNAT,turquoise
HIBADH,turquoise
HIBCH,turquoise
HIP1,turquoise
HIPK2,turquoise
HIRA,turquoise
HIVEP1,turquoise
HIVEP2,turquoise
HLA-DOA,turquoise
HLA-DOB,turquoise
HLA-DPB2,turquoise
HLA-G,turquoise
HLTF,turquoise
HLX,turquoise
HM13,turquoise
HMGCS1,turquoise
HMGCS2,turquoise
HMGN2P46,turquoise
HMGN3,turquoise
HMGN3-AS1,turquoise
HMGN4,turquoise
HMGXB3,turquoise
HMGXB4,turquoise
HMOX2,turquoise
HNRNPA2B1,turquoise
HOMER2,turquoise
HOOK3,turquoise
HPDL,turquoise
HPGDS,turquoise
HS2ST1,turquoise
HS6ST1,turquoise
HSCB,turquoise
HSD17B6,turquoise
HSD3B2,turquoise
HSDL1,turquoise
HSF5,turquoise
HSFY1P1,turquoise
HSP90B3P,turquoise
HSPA4,turquoise
HTR1E,turquoise
HTR1F,turquoise
HTR2A-AS1,turquoise
HTR3B,turquoise
HTR4,turquoise
HTT,turquoise
HYDIN,turquoise
IARS2,turquoise
ICA1L,turquoise
ICMT,turquoise
IDE,turquoise
IDI1,turquoise
IER5,turquoise
IFI44L,turquoise
IFIH1,turquoise
IFIT3,turquoise
IFITM3,turquoise
IFNG,turquoise
IFNGR1,turquoise
IFNW1,turquoise
IFT52,turquoise
IFT80,turquoise
IGF1R,turquoise
IGF2BP3,turquoise
IGF2R,turquoise
IGSF10,turquoise
IGSF21,turquoise
IGSF3,turquoise
IGSF5,turquoise
IKZF2,turquoise
IKZF3,turquoise
IL12A,turquoise
IL12A-AS1,turquoise
IL12RB2,turquoise
IL17RC,turquoise
IL18R1,turquoise
IL1F10,turquoise
IL1R1,turquoise
IL1RL1,turquoise
IL1RL2,turquoise
IL20RA,turquoise
IL31RA,turquoise
IL5RA,turquoise
IL7,turquoise
IMMP1L,turquoise
IMMP2L,turquoise
IMMT,turquoise
IMPG2,turquoise
INADL,turquoise
ING5,turquoise
INO80D,turquoise
INPP4A,turquoise
INPP4B,turquoise
INPP5A,turquoise
INPP5F,turquoise
INTS12,turquoise
INTS6,turquoise
IPO11,turquoise
IPO5,turquoise
IQCE,turquoise
IQCH,turquoise
IQCJ-SCHIP1,turquoise
IQGAP1,turquoise
IQSEC1,turquoise
IQUB,turquoise
IRAIN,turquoise
IREB2,turquoise
IRF2,turquoise
IRG1,turquoise
ISPD,turquoise
ITFG1,turquoise
ITGA8,turquoise
ITGAL,turquoise
ITGB1,turquoise
ITGB2-AS1,turquoise
ITGB3BP,turquoise
ITGBL1,turquoise
ITIH2,turquoise
ITPR1,turquoise
ITPR2,turquoise
ITPR3,turquoise
ITSN1,turquoise
ITSN2,turquoise
JADE1,turquoise
JAK1,turquoise
JARID2,turquoise
JAZF1,turquoise
JHDM1D,turquoise
JMJD1C,turquoise
JPH1,turquoise
KANK1,turquoise
KANK2,turquoise
KANSL1,turquoise
KANSL3,turquoise
KAT6B,turquoise
KATNA1,turquoise
KBTBD10,turquoise
KBTBD3,turquoise
KCNAB1,turquoise
KCNAB2,turquoise
KCNF1,turquoise
KCNG1,turquoise
KCNJ15,turquoise
KCNJ3,turquoise
KCNMB2,turquoise
KCNQ1,turquoise
KCNQ1DN,turquoise
KCNQ4,turquoise
KCNQ5,turquoise
KCNT1,turquoise
KCTD1,turquoise
KCTD16,turquoise
KDM4D,turquoise
KDM5A,turquoise
KDM7A,turquoise
KDR,turquoise
KIAA0146,turquoise
KIAA0182,turquoise
KIAA0240,turquoise
KIAA0408,turquoise
KIAA0753,turquoise
KIAA0825,turquoise
KIAA0895,turquoise
KIAA0922,turquoise
KIAA0930,turquoise
KIAA1045,turquoise
KIAA1109,turquoise
KIAA1217,turquoise
KIAA1244,turquoise
KIAA1328,turquoise
KIAA1409,turquoise
KIAA1456,turquoise
KIAA1462,turquoise
KIAA1468,turquoise
KIAA1524,turquoise
KIAA1530,turquoise
KIAA1804,turquoise
KIAA1841,turquoise
KIF11,turquoise
KIF15,turquoise
KIF16B,turquoise
KIF1A,turquoise
KIF20B,turquoise
KIF23,turquoise
KIF24,turquoise
KIF25,turquoise
KIF26B,turquoise
KIF5C,turquoise
KIF6,turquoise
KITLG,turquoise
KLB,turquoise
KLF12,turquoise
KLHDC1,turquoise
KLHDC10,turquoise
KLHL24,turquoise
KLHL31,turquoise
KLRD1,turquoise
KLRK1,turquoise
KMT2C,turquoise
KNG1,turquoise
KNTC1,turquoise
KPNA1,turquoise
KRIT1,turquoise
KRR1,turquoise
KRT7,turquoise
KRT82,turquoise
KRTAP20-3,turquoise
KRTAP25-1,turquoise
KRTAP4-2,turquoise
KRTAP4-5,turquoise
KRTAP6-2,turquoise
KTI12,turquoise
KTN1,turquoise
L1TD1,turquoise
L2HGDH,turquoise
LACC1,turquoise
LACRT,turquoise
LAMA3,turquoise
LAMA5,turquoise
LAMB1,turquoise
LAMP1,turquoise
LARP1B,turquoise
LARP4,turquoise
LARP7,turquoise
LARS2,turquoise
LARS2-AS1,turquoise
LASS6,turquoise
LAT2,turquoise
LBP,turquoise
LBR,turquoise
LCE1B,turquoise
LCE2D,turquoise
LCLAT1,turquoise
LCMT2,turquoise
LCP1,turquoise
LDB2,turquoise
LDLRAD3,turquoise
LDLRAD4,turquoise
LEKR1,turquoise
LEMD1,turquoise
LEO1,turquoise
LEPR,turquoise
LFNG,turquoise
LIFR,turquoise
LIN7A,turquoise
LIN9,turquoise
LINC00159,turquoise
LINC00339,turquoise
LINC00359,turquoise
LINC00371,turquoise
LINC00377,turquoise
LINC00383,turquoise
LINC00476,turquoise
LINC00499,turquoise
LINC00504,turquoise
LINC00534,turquoise
LINC00536,turquoise
LINC00578,turquoise
LINC00703,turquoise
LINC00837,turquoise
LINC00865,turquoise
LINC00885,turquoise
LINC00888,turquoise
LINC01031,turquoise
LINC01055,turquoise
LINC01057,turquoise
LINC01081,turquoise
LINC01088,turquoise
LINC01090,turquoise
LINC01167,turquoise
LINC01182,turquoise
LINC01185,turquoise
LINC01194,turquoise
LINC01250,turquoise
LINC01412,turquoise
LINC01435,turquoise
LINC01473,turquoise
LINC01500,turquoise
LINC01561,turquoise
LINCR-0001,turquoise
LINCR-0003,turquoise
LIPK,turquoise
LMBR1,turquoise
LMBRD1,turquoise
LMCD1-AS1,turquoise
LMLN,turquoise
LMOD3,turquoise
LNP1,turquoise
LNX1,turquoise
LOC100124692,turquoise
LOC100128023,turquoise
LOC100128317,turquoise
LOC100129461,turquoise
LOC100130872,turquoise
LOC100132215,turquoise
LOC100134259,turquoise
LOC100505736,turquoise
LOC100505984,turquoise
LOC100506474,turquoise
LOC100506834,turquoise
LOC100507377,turquoise
LOC100507391,turquoise
LOC100507639,turquoise
LOC100631378,turquoise
LOC100996671,turquoise
LOC100996679,turquoise
LOC101060498,turquoise
LOC101805491,turquoise
LOC101927043,turquoise
LOC101927282,turquoise
LOC101927314,turquoise
LOC101927342,turquoise
LOC101927421,turquoise
LOC101927488,turquoise
LOC101927543,turquoise
LOC101927550,turquoise
LOC101927668,turquoise
LOC101927835,turquoise
LOC101927870,turquoise
LOC101927914,turquoise
LOC101927964,turquoise
LOC101928100,turquoise
LOC101928254,turquoise
LOC101928280,turquoise
LOC101928414,turquoise
LOC101928453,turquoise
LOC101928618,turquoise
LOC101928622,turquoise
LOC101928782,turquoise
LOC101928790,turquoise
LOC101928858,turquoise
LOC101929057,turquoise
LOC101929095,turquoise
LOC101929239,turquoise
LOC101929282,turquoise
LOC101929353,turquoise
LOC101929454,turquoise
LOC101929504,turquoise
LOC101929529,turquoise
LOC101929532,turquoise
LOC101929592,turquoise
LOC101929710,turquoise
LOC101929715,turquoise
LOC101930452,turquoise
LOC102467222,turquoise
LOC102467223,turquoise
LOC102723604,turquoise
LOC102723766,turquoise
LOC102723831,turquoise
LOC102724297,turquoise
LOC102724612,turquoise
LOC102724710,turquoise
LOC102724719,turquoise
LOC102724776,turquoise
LOC102724784,turquoise
LOC102724890,turquoise
LOC102724919,turquoise
LOC103312105,turquoise
LOC105616981,turquoise
LOC283174,turquoise
LOC285359,turquoise
LOC285768,turquoise
LOC285796,turquoise
LOC285830,turquoise
LOC286002,turquoise
LOC389247,turquoise
LOC389791,turquoise
LOC390594,turquoise
LOC399886,turquoise
LOC399959,turquoise
LOC400997,turquoise
LOC407835,turquoise
LOC440311,turquoise
LOC440704,turquoise
LOC442245,turquoise
LOC442293,turquoise
LOC55338,turquoise
LOC643339,turquoise
LOC644649,turquoise
LOC645513,turquoise
LOC646999,turquoise
LOC727677,turquoise
LOC729020,turquoise
LOC729799,turquoise
LOC731789,turquoise
LOC93622,turquoise
LOH12CR1,turquoise
LONRF1,turquoise
LPCAT1,turquoise
LPCAT2,turquoise
LPIN1,turquoise
LPP,turquoise
LPPR1,turquoise
LRCH3,turquoise
LRIG3,turquoise
LRIT2,turquoise
LRMP,turquoise
LRP1B,turquoise
LRP6,turquoise
LRPAP1,turquoise
LRPPRC,turquoise
LRRC20,turquoise
LRRC27,turquoise
LRRC34,turquoise
LRRC39,turquoise
LRRC48,turquoise
LRRC49,turquoise
LRRC4B,turquoise
LRRC6,turquoise
LRRC63,turquoise
LRRC69,turquoise
LRRC7,turquoise
LRRC9,turquoise
LRRFIP1,turquoise
LRRN2,turquoise
LRRN3,turquoise
LRRTM4,turquoise
LSMEM1,turquoise
LTF,turquoise
LUC7L2,turquoise
LUM,turquoise
LUZP2,turquoise
LUZP6,turquoise
LVRN,turquoise
LY75-CD302,turquoise
LYAR,turquoise
LYN,turquoise
LYRM1,turquoise
LYST,turquoise
LYZ,turquoise
MAB21L1,turquoise
MACF1,turquoise
MACROD2,turquoise
MACROD2-IT1,turquoise
MAD1L1,turquoise
MAEA,turquoise
MAEL,turquoise
MAFTRR,turquoise
MAGI1,turquoise
MAGI2,turquoise
MALRD1,turquoise
MAMDC2,turquoise
MAML2,turquoise
MAML3,turquoise
MAN1A1,turquoise
MANSC1,turquoise
MAP1B,turquoise
MAP1LC3A,turquoise
MAP2K5,turquoise
MAP3K13,turquoise
MAP3K4,turquoise
MAP3K5,turquoise
MAP3K7IP2,turquoise
MAP4K4,turquoise
MAPK1,turquoise
MAPK10,turquoise
MAPK8,turquoise
MAPK9,turquoise
MAPKAP1,turquoise
MAR-01,turquoise
MAR-05,turquoise
MAR-07,turquoise
MAR-10,turquoise
MARCKSL1,turquoise
MAST2,turquoise
MATR3,turquoise
MBD2,turquoise
MBD5,turquoise
MBNL1,turquoise
MBOAT2,turquoise
MBOAT4,turquoise
MBTPS1,turquoise
MCART3P,turquoise
MCM2,turquoise
MCM4,turquoise
MCM7,turquoise
MCM8,turquoise
MCPH1,turquoise
MCTP1,turquoise
MDC1,turquoise
MDM1,turquoise
MDN1,turquoise
MECOM,turquoise
MED12L,turquoise
MED13,turquoise
MED13L,turquoise
MED27,turquoise
MEF2A,turquoise
MEF2C,turquoise
MEGF10,turquoise
MELK,turquoise
MEMO1,turquoise
MEST,turquoise
MET,turquoise
METAP1D,turquoise
METT5D1,turquoise
METTL15,turquoise
METTL16,turquoise
METTL21C,turquoise
METTL4,turquoise
MFAP3,turquoise
MFSD6,turquoise
MGARP,turquoise
MGAT4C,turquoise
MGC32805,turquoise
MGMT,turquoise
MICAL3,turquoise
MICU1,turquoise
MINPP1,turquoise
MIOS,turquoise
MIPEP,turquoise
MIPOL1,turquoise
MIR100HG,turquoise
MIR1205,turquoise
MIR1273E,turquoise
MIR1296,turquoise
MIR133A1HG,turquoise
MIR133B,turquoise
MIR17HG,turquoise
MIR181A2HG,turquoise
MIR206,turquoise
MIR217HG,turquoise
MIR29B1,turquoise
MIR3122,turquoise
MIR3163,turquoise
MIR4458HG,turquoise
MIR4471,turquoise
MIR493,turquoise
MIR496,turquoise
MIR548A1,turquoise
MIR548AI,turquoise
MIR548AJ2,turquoise
MIR548F3,turquoise
MIR549,turquoise
MIR551B,turquoise
MIR5694,turquoise
MIR578,turquoise
MIR6876,turquoise
MIR761,turquoise
MIR99AHG,turquoise
MIS18BP1,turquoise
MITD1,turquoise
MITF,turquoise
MKL1,turquoise
MKL2,turquoise
MKLN1,turquoise
MKRN1,turquoise
MKX,turquoise
MLC1,turquoise
MLIP,turquoise
MLL,turquoise
MLLT10,turquoise
MMADHC,turquoise
MMP21,turquoise
MMP27,turquoise
MN1,turquoise
MNAT1,turquoise
MOBKL1B,turquoise
MOBKL2B,turquoise
MON2,turquoise
MORC1,turquoise
MORN1,turquoise
MORN4,turquoise
MPHOSPH6,turquoise
MPHOSPH9,turquoise
MPO,turquoise
MPP4,turquoise
MPP6,turquoise
MPP7,turquoise
MPZ,turquoise
MPZL3,turquoise
MREG,turquoise
MRGPRF,turquoise
MRO,turquoise
MROH1,turquoise
MROH5,turquoise
MRPL24,turquoise
MRPS21,turquoise
MRPS24,turquoise
MRPS25,turquoise
MRPS6,turquoise
MSANTD2,turquoise
MSC-AS1,turquoise
MSH2,turquoise
MSI1,turquoise
MSI2,turquoise
MSRA,turquoise
MSRB2,turquoise
MSRB3,turquoise
MSX2,turquoise
MTA3,turquoise
MTBP,turquoise
MTDH,turquoise
MTFR1,turquoise
MTHFD1L,turquoise
MTL5,turquoise
MTMR11,turquoise
MTMR7,turquoise
MTMR9,turquoise
MTRR,turquoise
MTTP,turquoise
MTUS2,turquoise
MTX2,turquoise
MUC4,turquoise
MURC,turquoise
MYADM,turquoise
MYCBP2,turquoise
MYH11,turquoise
MYH15,turquoise
MYH8,turquoise
MYL4,turquoise
MYLK,turquoise
MYO16,turquoise
MYO18A,turquoise
MYO18B,turquoise
MYO1B,turquoise
MYO1D,turquoise
MYO1E,turquoise
MYO5B,turquoise
MYOC,turquoise
MYOF,turquoise
MYOT,turquoise
MYRIP,turquoise
MYT1L,turquoise
N4BP2L2,turquoise
N6AMT2,turquoise
NAA16,turquoise
NAA20,turquoise
NAA50,turquoise
NAALADL2,turquoise
NAPEPLD,turquoise
NARS2,turquoise
NAT1,turquoise
NAT8L,turquoise
NAV2,turquoise
NAV3,turquoise
NBAS,turquoise
NBEAL1,turquoise
NBR2,turquoise
NCAM1,turquoise
NCKAP5,turquoise
NCOA2,turquoise
NCOA3,turquoise
NCOR1,turquoise
NCRNA00052,turquoise
NCRNA00171,turquoise
NDFIP1,turquoise
NDUFA10,turquoise
NDUFA5,turquoise
NDUFA9,turquoise
NDUFAF2,turquoise
NDUFAF6,turquoise
NDUFAF7,turquoise
NDUFB5,turquoise
NDUFB6,turquoise
NDUFS4,turquoise
NDUFS6,turquoise
NDUFS7,turquoise
NEB,turquoise
NEBL,turquoise
NEDD4L,turquoise
NEFM,turquoise
NEGR1,turquoise
NEK1,turquoise
NEK7,turquoise
NEK8,turquoise
NELFCD,turquoise
NEMF,turquoise
NET1,turquoise
NEU1,turquoise
NEURL3,turquoise
NEUROD4,turquoise
NEXN-AS1,turquoise
NFAT5,turquoise
NFATC3,turquoise
NFKB1,turquoise
NFKBIZ,turquoise
NFXL1,turquoise
NGEF,turquoise
NHEJ1,turquoise
NHSL1,turquoise
NID2,turquoise
NIN,turquoise
NINJ2,turquoise
NKAIN1,turquoise
NKAIN2,turquoise
NKTR,turquoise
NLK,turquoise
NLRP14,turquoise
NME7,turquoise
NMNAT2,turquoise
NMU,turquoise
NNT,turquoise
NOB1,turquoise
NOL10,turquoise
NOL4,turquoise
NOP10,turquoise
NOP2,turquoise
NOS1,turquoise
NOS1AP,turquoise
NOV,turquoise
NOX3,turquoise
NOX4,turquoise
NPAS3,turquoise
NPFFR1,turquoise
NPFFR2,turquoise
NPHP1,turquoise
NPHP3,turquoise
NPHP4,turquoise
NPM1,turquoise
NPTXR,turquoise
NR2C1,turquoise
NR2F2-AS1,turquoise
NR3C1,turquoise
NR3C2,turquoise
NR6A1,turquoise
NRCAM,turquoise
NRD1,turquoise
NREP,turquoise
NREP-AS1,turquoise
NRG1,turquoise
NRG3,turquoise
NRG3-AS1,turquoise
NRM,turquoise
NRP1,turquoise
NRP2,turquoise
NRSN1,turquoise
NRXN1,turquoise
NRXN3,turquoise
NSMCE2,turquoise
NSUN7,turquoise
NTM,turquoise
NTN1,turquoise
NTNG1,turquoise
NUB1,turquoise
NUCKS1,turquoise
NUDT6,turquoise
NUDT9,turquoise
NUF2,turquoise
NUMB,turquoise
NUP153,turquoise
NUP155,turquoise
NUP214,turquoise
NUP35,turquoise
NUP50-AS1,turquoise
NUP54,turquoise
NUP88,turquoise
NXPE1,turquoise
NXPH1,turquoise
OCA2,turquoise
OCLM,turquoise
ODF2L,turquoise
ODZ3,turquoise
ODZ4,turquoise
OLFM4,turquoise
OLFML2B,turquoise
ONECUT2,turquoise
OPA1-AS1,turquoise
OPCML,turquoise
OR10A5,turquoise
OR12D3,turquoise
OR13C3,turquoise
OR2AK2,turquoise
OR2D3,turquoise
OR4D5,turquoise
OR52A5,turquoise
OR52K1,turquoise
OR5D16,turquoise
OR5D18,turquoise
OR5F1,turquoise
OR5H6,turquoise
OR6B1,turquoise
OR6C70,turquoise
OR6C75,turquoise
OR6M1,turquoise
OR7D2,turquoise
OR8G5,turquoise
OR8H1,turquoise
OR8I2,turquoise
OR8K1,turquoise
OR9A2,turquoise
OSBP,turquoise
OSBPL10,turquoise
OSBPL11,turquoise
OSBPL3,turquoise
OSBPL5,turquoise
OSBPL6,turquoise
OSBPL8,turquoise
OSBPL9,turquoise
OSGIN1,turquoise
OSMR,turquoise
OSTM1,turquoise
OTUD3,turquoise
OTUD7A,turquoise
OXA1L,turquoise
P2RX7,turquoise
P3H2,turquoise
PABPC1,turquoise
PABPC4L,turquoise
PACRG,turquoise
PACRGL,turquoise
PAFAH1B1,turquoise
PAK1,turquoise
PAK2,turquoise
PAN3,turquoise
PANX3,turquoise
PAPOLA,turquoise
PAPOLB,turquoise
PAPOLG,turquoise
PAPSS2,turquoise
PAQR9-AS1,turquoise
PARD3,turquoise
PARD3B,turquoise
PARK2,turquoise
PARM1,turquoise
PARP11,turquoise
PARP12,turquoise
PARVB,turquoise
PAWR,turquoise
PAX5,turquoise
PAX7,turquoise
PBK,turquoise
PBRM1,turquoise
PBX1,turquoise
PBX3,turquoise
PCBP3,turquoise
PCCA,turquoise
PCDH15,turquoise
PCDH21,turquoise
PCDH7,turquoise
PCDHB6,turquoise
PCDHGA1,turquoise
PCED1B,turquoise
PCGF3,turquoise
PCLO,turquoise
PCMT1,turquoise
PCMTD1,turquoise
PCNX,turquoise
PCSK1,turquoise
PCSK5,turquoise
PCSK6,turquoise
PCTP,turquoise
PDC,turquoise
PDCD5,turquoise
PDE11A,turquoise
PDE3A,turquoise
PDE4A,turquoise
PDE4D,turquoise
PDE5A,turquoise
PDE6B,turquoise
PDE7A,turquoise
PDE7B,turquoise
PDE8A,turquoise
PDGFC,turquoise
PDGFD,turquoise
PDHX,turquoise
PDIA3P,turquoise
PDIK1L,turquoise
PDLIM5,turquoise
PDS5B,turquoise
PDSS2,turquoise
PDZD2,turquoise
PDZRN3,turquoise
PECAM1,turquoise
PELO,turquoise
PER4,turquoise
PEX13,turquoise
PEX3,turquoise
PEX5L,turquoise
PGAM1P5,turquoise
PGAP2,turquoise
PGM5,turquoise
PGRMC2,turquoise
PHACTR1,turquoise
PHACTR2,turquoise
PHF17,turquoise
PHF2,turquoise
PHIP,turquoise
PHLDB2,turquoise
PHLPP2,turquoise
PHTF2,turquoise
PID1,turquoise
PIEZO2,turquoise
PIGC,turquoise
PIGN,turquoise
PIGT,turquoise
PIK3C2G,turquoise
PIK3C3,turquoise
PIK3CB,turquoise
PIK3CD-AS2,turquoise
PIK3CG,turquoise
PIK3R2,turquoise
PIK3R3,turquoise
PION,turquoise
PIP5K1B,turquoise
PIWIL1,turquoise
PIWIL2,turquoise
PJA2,turquoise
PKD2,turquoise
PKIA,turquoise
PKM,turquoise
PKN2,turquoise
PKNOX2,turquoise
PLA2G4A,turquoise
PLA2G6,turquoise
PLBD1,turquoise
PLBD1-AS1,turquoise
PLCB1,turquoise
PLCG2,turquoise
PLCL2,turquoise
PLCXD2,turquoise
PLCXD3,turquoise
PLEK2,turquoise
PLEKHA5,turquoise
PLEKHA7,turquoise
PLEKHG1,turquoise
PLEKHM3,turquoise
PLK1S1,turquoise
PLOD2,turquoise
PLXNA4,turquoise
PMCH,turquoise
PMPCB,turquoise
PNLDC1,turquoise
PNLIP,turquoise
PNPLA8,turquoise
PNPT1,turquoise
POC1B,turquoise
POLB,turquoise
POLE2,turquoise
POLH,turquoise
POLQ,turquoise
POLR2G,turquoise
POLR3C,turquoise
POPDC3,turquoise
POR,turquoise
POSTN,turquoise
POU1F1,turquoise
PPA1,turquoise
PPA2,turquoise
PPARGC1A,turquoise
PPFIBP1,turquoise
PPHLN1,turquoise
PPIL2,turquoise
PPL,turquoise
PPM1L,turquoise
PPP1CC,turquoise
PPP1R12A,turquoise
PPP1R13B,turquoise
PPP1R15B,turquoise
PPP1R21,turquoise
PPP1R3A,turquoise
PPP1R42,turquoise
PPP1R9A,turquoise
PPP2R2A,turquoise
PPP2R3A,turquoise
PPP3CA,turquoise
PPP3R1,turquoise
PPP4R1L,turquoise
PPT1,turquoise
PQLC1,turquoise
PRC1-AS1,turquoise
PRDM10,turquoise
PRDM4,turquoise
PRICKLE2,turquoise
PRIM2,turquoise
PRIMA1,turquoise
PRKACG,turquoise
PRKAR1B,turquoise
PRKAR2B,turquoise
PRKCA,turquoise
PRKCB,turquoise
PRKCE,turquoise
PRKCH,turquoise
PRKCZ,turquoise
PRKG1,turquoise
PRKG2,turquoise
PRL,turquoise
PRLH,turquoise
PRO0628,turquoise
PRPF18,turquoise
PRPF4B,turquoise
PRPS1L1,turquoise
PRPSAP2,turquoise
PRR16,turquoise
PRRC2C,turquoise
PRSS35,turquoise
PRTG,turquoise
PSD3,turquoise
PSIP1,turquoise
PSMA6,turquoise
PSMA8,turquoise
PSMB8,turquoise
PSMB9,turquoise
PSMD1,turquoise
PSMD14,turquoise
PSMD5,turquoise
PSME4,turquoise
PSMG1,turquoise
PSTK,turquoise
PTAFR,turquoise
PTBP2,turquoise
PTBP3,turquoise
PTCD2,turquoise
PTEN,turquoise
PTGFRN,turquoise
PTGS1,turquoise
PTK2B,turquoise
PTK7,turquoise
PTN,turquoise
PTPDC1,turquoise
PTPN11,turquoise
PTPN14,turquoise
PTPN2,turquoise
PTPN21,turquoise
PTPN22,turquoise
PTPN4,turquoise
PTPRB,turquoise
PTPRC,turquoise
PTPRE,turquoise
PTPRG,turquoise
PTPRJ,turquoise
PTPRN2,turquoise
PTPRO,turquoise
PTPRQ,turquoise
PTPRR,turquoise
PTS,turquoise
PTX3,turquoise
PUM1,turquoise
PUS10,turquoise
PWRN1,turquoise
PXDNL,turquoise
PXK,turquoise
PXMP2,turquoise
PYGL,turquoise
R3HCC1L,turquoise
R3HDM1,turquoise
RAB11A,turquoise
RAB1A,turquoise
RAB30,turquoise
RAB36,turquoise
RAB6B,turquoise
RAB7A,turquoise
RABGAP1L,turquoise
RAD1,turquoise
RAD50,turquoise
RAD51B,turquoise
RADIL,turquoise
RAG2,turquoise
RAGE,turquoise
RAI14,turquoise
RALBP1,turquoise
RALYL,turquoise
RANBP17,turquoise
RANBP6,turquoise
RANBP9,turquoise
RAPGEF1,turquoise
RAPGEF5,turquoise
RARRES1,turquoise
RASA1,turquoise
RASAL2,turquoise
RASGRF2,turquoise
RASSF3,turquoise
RASSF6,turquoise
RASSF8,turquoise
RB1,turquoise
RB1CC1,turquoise
RBBP6,turquoise
RBBP8,turquoise
RBCK1,turquoise
RBM15B,turquoise
RBM23,turquoise
RBM26,turquoise
RBM27,turquoise
RBM33,turquoise
RBMS1,turquoise
RBMS3,turquoise
RBMXL2,turquoise
RBP5,turquoise
RBPJL,turquoise
RBPMS,turquoise
RC3H1,turquoise
RCL1,turquoise
RCOR1,turquoise
RCOR3,turquoise
RDBP,turquoise
RDH12,turquoise
RECQL,turquoise
REEP1,turquoise
REG4,turquoise
RELL1,turquoise
RELN,turquoise
RERE,turquoise
REV3L,turquoise
RFK,turquoise
RFX1,turquoise
RFX3,turquoise
RFX3-AS1,turquoise
RFX7,turquoise
RGL1,turquoise
RGS1,turquoise
RGS17,turquoise
RGS6,turquoise
RHBDF2,turquoise
RHBDL2,turquoise
RHD,turquoise
RHEB,turquoise
RHO,turquoise
RHOBTB1,turquoise
RHOV,turquoise
RIC3,turquoise
RILPL1,turquoise
RIMS1,turquoise
RIMS2,turquoise
RIMS3,turquoise
RING1,turquoise
RIOK1,turquoise
RIPK2,turquoise
RLF,turquoise
RMDN1,turquoise
RNASEN,turquoise
RNF138,turquoise
RNF141,turquoise
RNF144B,turquoise
RNF148,turquoise
RNF150,turquoise
RNF168,turquoise
RNF216,turquoise
RNF217,turquoise
RNF39,turquoise
RNF5P1,turquoise
RNGTT,turquoise
RNLS,turquoise
RNMT,turquoise
RNPC3,turquoise
ROBO1,turquoise
ROBO2,turquoise
ROCK1P1,turquoise
ROR2,turquoise
RORA,turquoise
RP1L1,turquoise
RPA1,turquoise
RPAP3,turquoise
RPH3AL,turquoise
RPL23P8,turquoise
RPL26L1,turquoise
RPL30,turquoise
RPLP0,turquoise
RPP38,turquoise
RPS6KA2,turquoise
RPS6KC1,turquoise
RPS7,turquoise
RPTOR,turquoise
RREB1,turquoise
RRM1,turquoise
RRM2B,turquoise
RRP15,turquoise
RSBN1,turquoise
RSBN1L,turquoise
RSF1,turquoise
RSPRY1,turquoise
RSRC1,turquoise
RSU1,turquoise
RTKN2,turquoise
RTN1,turquoise
RTN4IP1,turquoise
RUNX2,turquoise
RXFP1,turquoise
RXRA,turquoise
RYR2,turquoise
RYR3,turquoise
S100P,turquoise
SAAL1,turquoise
SAMD12,turquoise
SAMD3,turquoise
SAMD4A,turquoise
SAMD7,turquoise
SAMSN1,turquoise
SAR1A,turquoise
SARS,turquoise
SASS6,turquoise
SAV1,turquoise
SBDS,turquoise
SBF2,turquoise
SBF2-AS1,turquoise
SCAND3,turquoise
SCAPER,turquoise
SCARNA16,turquoise
SCFD1,turquoise
SCFD2,turquoise
SCG5,turquoise
SCHIP1,turquoise
SCHLAP1,turquoise
SCIN,turquoise
SCLY,turquoise
SCN2B,turquoise
SCN3A,turquoise
SCN8A,turquoise
SCNN1A,turquoise
SCP2,turquoise
SDC4,turquoise
SDCBP2,turquoise
SDHAF3,turquoise
SDHAP3,turquoise
SDK1,turquoise
SDK2,turquoise
SEC14L1,turquoise
SEC1P,turquoise
SEC23IP,turquoise
SEC24A,turquoise
SECISBP2,turquoise
SECISBP2L,turquoise
SELP,turquoise
SELT,turquoise
SEMA3C,turquoise
SEMA5A,turquoise
SEMA5B,turquoise
SEMA6D,turquoise
SENP6,turquoise
SENP8,turquoise
SEP-11,turquoise
SEPSECS,turquoise
SERPINE2,turquoise
SESN1,turquoise
SESN3,turquoise
SESTD1,turquoise
SETBP1,turquoise
SF3B1,turquoise
SFI1,turquoise
SFMBT2,turquoise
SFRS12IP1,turquoise
SFRS2IP,turquoise
SFT2D1,turquoise
SGCE,turquoise
SGCZ,turquoise
SGIP1,turquoise
SGK223,turquoise
SGMS1,turquoise
SH2D4B,turquoise
SH3BGRL2,turquoise
SH3GL2,turquoise
SH3TC2,turquoise
SH3YL1,turquoise
SHANK2,turquoise
SHC4,turquoise
SHCBP1L,turquoise
SHISA9,turquoise
SHPRH,turquoise
SHROOM3,turquoise
SIAH3,turquoise
SIKE1,turquoise
SIPA1L1,turquoise
SIPA1L3,turquoise
SIX1,turquoise
SKA2,turquoise
SKAP2,turquoise
SKIL,turquoise
SKIV2L2,turquoise
SLC10A5,turquoise
SLC10A6,turquoise
SLC10A7,turquoise
SLC11A2,turquoise
SLC12A1,turquoise
SLC12A7,turquoise
SLC13A1,turquoise
SLC16A12,turquoise
SLC16A4,turquoise
SLC16A7,turquoise
SLC17A4,turquoise
SLC1A2,turquoise
SLC20A2,turquoise
SLC22A1,turquoise
SLC22A18,turquoise
SLC22A2,turquoise
SLC22A25,turquoise
SLC23A2,turquoise
SLC24A1,turquoise
SLC25A12,turquoise
SLC25A13,turquoise
SLC25A17,turquoise
SLC25A21,turquoise
SLC25A24,turquoise
SLC25A26,turquoise
SLC25A27,turquoise
SLC25A32,turquoise
SLC25A38,turquoise
SLC25A40,turquoise
SLC25A46,turquoise
SLC26A4,turquoise
SLC26A5,turquoise
SLC26A7,turquoise
SLC2A14,turquoise
SLC30A4,turquoise
SLC30A8,turquoise
SLC35A3,turquoise
SLC35F3,turquoise
SLC36A1,turquoise
SLC37A1,turquoise
SLC37A3,turquoise
SLC38A6,turquoise
SLC38A9,turquoise
SLC39A14,turquoise
SLC44A4,turquoise
SLC4A10,turquoise
SLC51A,turquoise
SLC6A13,turquoise
SLC6A20,turquoise
SLC6A3,turquoise
SLC8A3,turquoise
SLC9A10,turquoise
SLC9A9,turquoise
SLCO1A2,turquoise
SLIT1,turquoise
SLIT2,turquoise
SLITRK6,turquoise
SLK,turquoise
SLX4IP,turquoise
SMAD3,turquoise
SMAD6,turquoise
SMAP1,turquoise
SMARCA2,turquoise
SMARCAD1,turquoise
SMARCC1,turquoise
SMC3,turquoise
SMC4,turquoise
SMC6,turquoise
SMCHD1,turquoise
SMEK1,turquoise
SMOC2,turquoise
SMTNL2,turquoise
SMYD1,turquoise
SNAPC1,turquoise
SNCAIP,turquoise
SNIP1,turquoise
SNORD113-6,turquoise
SNORD114-1,turquoise
SNORD114-29,turquoise
SNORD114-31,turquoise
SNORD63,turquoise
SNRK,turquoise
SNRPE,turquoise
SNTG1,turquoise
SNTG2,turquoise
SNX10,turquoise
SNX13,turquoise
SNX14,turquoise
SNX16,turquoise
SNX2,turquoise
SNX24,turquoise
SNX25,turquoise
SNX29,turquoise
SNX30,turquoise
SNX4,turquoise
SOAT1,turquoise
SOCS1,turquoise
SOGA3,turquoise
SORBS1,turquoise
SORCS1,turquoise
SORCS2,turquoise
SORL1,turquoise
SOX2OT,turquoise
SOX5,turquoise
SOX6,turquoise
SPACA1,turquoise
SPACA3,turquoise
SPAG16,turquoise
SPAG17,turquoise
SPATA5,turquoise
SPATA6,turquoise
SPATA7,turquoise
SPECC1,turquoise
SPEF2,turquoise
SPG11,turquoise
SPG20,turquoise
SPIDR,turquoise
SPIN1,turquoise
SPINT3,turquoise
SPNS3,turquoise
SPOCK1,turquoise
SPOCK3,turquoise
SPON1,turquoise
SPOP,turquoise
SPPL3,turquoise
SPRED2,turquoise
SQLE,turquoise
SRBD1,turquoise
SREK1,turquoise
SRM,turquoise
SRP14,turquoise
SRP72,turquoise
SRP9,turquoise
SRPK1,turquoise
SRPK2,turquoise
SRRM3,turquoise
SRSF11,turquoise
SSB,turquoise
SSBP2,turquoise
SSBP3,turquoise
SSH1,turquoise
SSUH2,turquoise
SSX2IP,turquoise
ST13,turquoise
ST5,turquoise
ST6GALNAC1,turquoise
ST7,turquoise
ST7OT2,turquoise
STAM,turquoise
STAMBPL1,turquoise
STARD13,turquoise
STARD3NL,turquoise
STARD7,turquoise
STAU2,turquoise
STIM1,turquoise
STK24,turquoise
STK3,turquoise
STK31,turquoise
STK39,turquoise
STOM,turquoise
STON1-GTF2A1L,turquoise
STOX2,turquoise
STRA8,turquoise
STRBP,turquoise
STRN,turquoise
STT3B,turquoise
STX17,turquoise
STX7,turquoise
STX8,turquoise
STXBP5-AS1,turquoise
STXBP6,turquoise
SUCO,turquoise
SUDS3,turquoise
SUGCT,turquoise
SULF1,turquoise
SUMO4,turquoise
SUNC1,turquoise
SUPT3H,turquoise
SURF6,turquoise
SUV39H2,turquoise
SUV420H1,turquoise
SV2B,turquoise
SVIL,turquoise
SWT1,turquoise
SYCP2,turquoise
SYN3,turquoise
SYNE1,turquoise
SYNE2,turquoise
SYNJ2,turquoise
SYT10,turquoise
SYTL2,turquoise
TAAR2,turquoise
TAAR9,turquoise
TACC1,turquoise
TACC2,turquoise
TACO1,turquoise
TACR1,turquoise
TADA1,turquoise
TADA2A,turquoise
TAF1C,turquoise
TAF2,turquoise
TAGLN3,turquoise
TAMM41,turquoise
TANC2,turquoise
TAP2,turquoise
TAPBP,turquoise
TARBP1,turquoise
TARSL2,turquoise
TAS2R3,turquoise
TAS2R38,turquoise
TAS2R4,turquoise
TAS2R7,turquoise
TAS2R9,turquoise
TAT,turquoise
TAX1BP1,turquoise
TBC1D15,turquoise
TBC1D22A,turquoise
TBC1D2B,turquoise
TBC1D32,turquoise
TBC1D4,turquoise
TBC1D5,turquoise
TBCA,turquoise
TBCD,turquoise
TBL1XR1,turquoise
TBX15,turquoise
TCEA1,turquoise
TCEANC2,turquoise
TCERG1,turquoise
TCERG1L,turquoise
TCF4,turquoise
TCF7L2,turquoise
TCTN1,turquoise
TDG,turquoise
TDRD1,turquoise
TDRD7,turquoise
TENM2,turquoise
TENM3,turquoise
TERF1,turquoise
TERT,turquoise
TEX10,turquoise
TEX12,turquoise
TEX41,turquoise
TFDP1,turquoise
TFPI,turquoise
TFPI2,turquoise
TGFB2,turquoise
THAP9,turquoise
THBS2,turquoise
THBS4,turquoise
THEGL,turquoise
THEMIS,turquoise
THNSL1,turquoise
THOC5,turquoise
THOP1,turquoise
THRB,turquoise
THRSP,turquoise
THSD4,turquoise
THUMPD3,turquoise
TIA1,turquoise
TIAM2,turquoise
TIMELESS,turquoise
TJP1,turquoise
TJP2,turquoise
TLR4,turquoise
TM2D3,turquoise
TM4SF20,turquoise
TM9SF2,turquoise
TM9SF3,turquoise
TMBIM1,turquoise
TMBIM6,turquoise
TMC1,turquoise
TMC2,turquoise
TMCC1,turquoise
TMCO1,turquoise
TMED11P,turquoise
TMED5,turquoise
TMEM104,turquoise
TMEM117,turquoise
TMEM131,turquoise
TMEM132D,turquoise
TMEM149,turquoise
TMEM14C,turquoise
TMEM151A,turquoise
TMEM156,turquoise
TMEM159,turquoise
TMEM161B,turquoise
TMEM161B-AS1,turquoise
TMEM165,turquoise
TMEM178B,turquoise
TMEM19,turquoise
TMEM201,turquoise
TMEM208,turquoise
TMEM209,turquoise
TMEM218,turquoise
TMEM26,turquoise
TMEM44,turquoise
TMEM50B,turquoise
TMEM52,turquoise
TMEM55A,turquoise
TMEM63B,turquoise
TMEM67,turquoise
TMEM68,turquoise
TMEM99,turquoise
TMIGD3,turquoise
TMOD2,turquoise
TMOD3,turquoise
TMPRSS11B,turquoise
TMPRSS11BNL,turquoise
TMPRSS11D,turquoise
TMPRSS15,turquoise
TMPRSS5,turquoise
TMTC1,turquoise
TMTC2,turquoise
TNC,turquoise
TNFAIP3,turquoise
TNFRSF19,turquoise
TNFRSF21,turquoise
TNFRSF8,turquoise
TNFSF15,turquoise
TNFSF8,turquoise
TNIK,turquoise
TNIP3,turquoise
TNKS,turquoise
TNN,turquoise
TNNI3K,turquoise
TNPO1,turquoise
TNRC6C,turquoise
TNXB,turquoise
TOP2B,turquoise
TOPBP1,turquoise
TOPORS,turquoise
TOR2A,turquoise
TOX,turquoise
TP53BP2,turquoise
TP63,turquoise
TPD52,turquoise
TPK1,turquoise
TPO,turquoise
TPP2,turquoise
TPRG1-AS2,turquoise
TPRG1L,turquoise
TPRKB,turquoise
TPST1,turquoise
TRAF3IP2,turquoise
TRAF3IP2-AS1,turquoise
TRAK1,turquoise
TRAM2,turquoise
TRANK1,turquoise
TRAPPC3,turquoise
TRAPPC9,turquoise
TRDMT1,turquoise
TRIM27,turquoise
TRIM35,turquoise
TRIM36,turquoise
TRIM39,turquoise
TRIM42,turquoise
TRIM5,turquoise
TRIO,turquoise
TRIP12,turquoise
TRIQK,turquoise
TRMT11,turquoise
TRPC1,turquoise
TRPC3,turquoise
TRRAP,turquoise
TSC22D1,turquoise
TSEN15,turquoise
TSEN2,turquoise
TSGA13,turquoise
TSHR,turquoise
TSHZ1,turquoise
TSHZ3,turquoise
TSNARE1,turquoise
TSPAN18,turquoise
TSPYL1,turquoise
TSPYL6,turquoise
TSSC4,turquoise
TSTD2,turquoise
TTBK1,turquoise
TTBK2,turquoise
TTC15,turquoise
TTC19,turquoise
TTC21B,turquoise
TTC28,turquoise
TTC6,turquoise
TTC7B,turquoise
TTLL5,turquoise
TTN,turquoise
TTYH2,turquoise
TUB,turquoise
TUBAL3,turquoise
TUBGCP2,turquoise
TUBGCP3,turquoise
TUBGCP5,turquoise
TUSC3,turquoise
TVP23C-CDRT4,turquoise
TWF1,turquoise
TXLNB,turquoise
TXNDC15,turquoise
TXNDC6,turquoise
TXNL4B,turquoise
TXNRD1,turquoise
UACA,turquoise
UBAC2,turquoise
UBE2C,turquoise
UBE2CBP,turquoise
UBE2D1,turquoise
UBE2E2,turquoise
UBE2E3,turquoise
UBE2G1,turquoise
UBE2J1,turquoise
UBE2R2,turquoise
UBE2U,turquoise
UBE3A,turquoise
UBE3C,turquoise
UBLCP1,turquoise
UBR1,turquoise
UBR2,turquoise
UBR3,turquoise
UBR4,turquoise
UBR5,turquoise
UBTD2,turquoise
UBXN4,turquoise
UCHL3,turquoise
UCHL5,turquoise
UCK2,turquoise
UFSP2,turquoise
UGCG,turquoise
UGGT2,turquoise
UGT1A1,turquoise
UGT2A3,turquoise
UGT2B4,turquoise
UHRF2,turquoise
ULK4,turquoise
UNC5C,turquoise
UNC5D,turquoise
UNC79,turquoise
UNC80,turquoise
UPK1B,turquoise
URI1,turquoise
UROS,turquoise
USH1C,turquoise
USP10,turquoise
USP13,turquoise
USP15,turquoise
USP25,turquoise
USP28,turquoise
USP34,turquoise
USP40,turquoise
USP45,turquoise
USP46,turquoise
USP47,turquoise
USP48,turquoise
USP49,turquoise
USPL1,turquoise
UST,turquoise
UTP14C,turquoise
UTP20,turquoise
UTRN,turquoise
UVRAG,turquoise
UXS1,turquoise
VAMP3,turquoise
VAMP4,turquoise
VAPB,turquoise
VARS,turquoise
VAX2,turquoise
VEGFA,turquoise
VEPH1,turquoise
VGLL4,turquoise
VN1R1,turquoise
VN1R2,turquoise
VN1R5,turquoise
VOPP1,turquoise
VPRBP,turquoise
VPS11,turquoise
VPS13A,turquoise
VPS13B,turquoise
VPS13C,turquoise
VPS26A,turquoise
VPS36,turquoise
VPS37A,turquoise
VPS41,turquoise
VPS50,turquoise
VPS8,turquoise
VSIG10,turquoise
VSNL1,turquoise
VSTM2B,turquoise
VTI1A,turquoise
VWA3B,turquoise
WASF1,turquoise
WBSCR16,turquoise
WDFY1,turquoise
WDFY3,turquoise
WDFY4,turquoise
WDR12,turquoise
WDR27,turquoise
WDR34,turquoise
WDR37,turquoise
WDR41,turquoise
WDR60,turquoise
WDR69,turquoise
WDR7,turquoise
WDR72,turquoise
WDR76,turquoise
WDR78,turquoise
WDR8,turquoise
WDR92,turquoise
WDYHV1,turquoise
WFDC8,turquoise
WFS1,turquoise
WIF1,turquoise
WISP1,turquoise
WIZ,turquoise
WNT5A,turquoise
WNT8B,turquoise
WSB1,turquoise
WSCD1,turquoise
WWC1,turquoise
WWC2,turquoise
WWOX,turquoise
WWTR1,turquoise
XDH,turquoise
XKR6,turquoise
XPNPEP1,turquoise
XPO1,turquoise
XPO5,turquoise
XPO7,turquoise
XPOT,turquoise
XPR1,turquoise
XRCC2,turquoise
XRCC4,turquoise
XRCC5,turquoise
XRCC6BP1,turquoise
XRN2,turquoise
XYLT1,turquoise
YAP1,turquoise
YES1,turquoise
YLPM1,turquoise
YOD1,turquoise
YPEL5,turquoise
YWHAG,turquoise
YWHAQ,turquoise
YY1,turquoise
ZAK,turquoise
ZBTB11,turquoise
ZBTB16,turquoise
ZBTB24,turquoise
ZBTB25,turquoise
ZBTB38,turquoise
ZBTB40,turquoise
ZBTB41,turquoise
ZBTB44,turquoise
ZBTB6,turquoise
ZC3H12C,turquoise
ZC3H13,turquoise
ZC3H7A,turquoise
ZC3H8,turquoise
ZCCHC24,turquoise
ZCCHC6,turquoise
ZCCHC7,turquoise
ZDHHC13,turquoise
ZDHHC14,turquoise
ZDHHC2,turquoise
ZFAND6,turquoise
ZFAT,turquoise
ZFC3H1,turquoise
ZFHX4,turquoise
ZFP1,turquoise
ZFP28,turquoise
ZFP30,turquoise
ZFP36L2,turquoise
ZFP37,turquoise
ZFP64,turquoise
ZFP90,turquoise
ZFPM2,turquoise
ZFYVE9,turquoise
ZGPAT,turquoise
ZHX2,turquoise
ZKSCAN3,turquoise
ZMYM4,turquoise
ZMYM6,turquoise
ZMYND11,turquoise
ZNF106,turquoise
ZNF133,turquoise
ZNF140,turquoise
ZNF184,turquoise
ZNF225,turquoise
ZNF229,turquoise
ZNF236,turquoise
ZNF280B,turquoise
ZNF280D,turquoise
ZNF282,turquoise
ZNF284,turquoise
ZNF330,turquoise
ZNF331,turquoise
ZNF343,turquoise
ZNF345,turquoise
ZNF346,turquoise
ZNF366,turquoise
ZNF391,turquoise
ZNF407,turquoise
ZNF451,turquoise
ZNF502,turquoise
ZNF507,turquoise
ZNF516,turquoise
ZNF518A,turquoise
ZNF518B,turquoise
ZNF555,turquoise
ZNF563,turquoise
ZNF568,turquoise
ZNF573,turquoise
ZNF587,turquoise
ZNF605,turquoise
ZNF618,turquoise
ZNF638,turquoise
ZNF644,turquoise
ZNF654,turquoise
ZNF655,turquoise
ZNF660,turquoise
ZNF664-FAM101A,turquoise
ZNF667,turquoise
ZNF697,turquoise
ZNF704,turquoise
ZNF707,turquoise
ZNF720,turquoise
ZNF721,turquoise
ZNF726,turquoise
ZNF800,turquoise
ZNF804B,turquoise
ZNF836,turquoise
ZNF883,turquoise
ZNRF2,turquoise
ZNRF3,turquoise
ZPBP2,turquoise
ZRANB1,turquoise
ZRANB2-AS2,turquoise
ZSCAN20,turquoise
ZSCAN26,turquoise
ZSWIM5,turquoise
ABCA5,violet
ABCA9,violet
ABCE1,violet
ABLIM1,violet
ACADSB,violet
ACBD6,violet
ACER2,violet
ACER3,violet
ACO1,violet
ACOT2,violet
ACP2,violet
ACSL1,violet
ACTL6A,violet
ACTN2,violet
ACTN4,violet
ADAMTS16,violet
ADAR,violet
ADARB2,violet
ADAT1,violet
ADAT2,violet
ADD3,violet
ADGRL2,violet
ADPRHL2,violet
ADRB1,violet
ADRBK1,violet
ADRM1,violet
AFMID,violet
AGAP1,violet
AGAP3,violet
AGL,violet
AGPAT1,violet
AGRN,violet
AIM1,violet
AK1,violet
AK8,violet
AKAP13,violet
AKAP2,violet
AKAP8L,violet
AKD1,violet
ALDOA,violet
ALG12,violet
ALOXE3,violet
ALX3,violet
ALX4,violet
AMBRA1,violet
AMN,violet
AMPD2,violet
ANAPC1,violet
ANAPC5,violet
ANGEL1,violet
ANGPTL4,violet
ANK2,violet
ANKFY1,violet
ANKRD11,violet
ANKRD13A,violet
ANKRD17,violet
ANKRD42,violet
ANKRD44,violet
ANKRD45,violet
ANO10,violet
ANO6,violet
ANUBL1,violet
ANXA11,violet
AP1G1,violet
AP2A2,violet
APBB3,violet
APPL1,violet
ARC,violet
ARHGAP18,violet
ARHGAP19,violet
ARID5B,violet
ARL16,violet
ARL2,violet
ARL4A,violet
ARMC6,violet
ARPC3,violet
ASB13,violet
ASXL2,violet
ATAD3A,violet
ATAD3B,violet
ATAD5,violet
ATF1,violet
ATF7,violet
ATL2,violet
ATP10D,violet
ATP1B2,violet
ATP2A3,violet
ATP2B2,violet
ATP5D,violet
ATP5I,violet
ATP5L,violet
ATP6V1A,violet
ATP6V1H,violet
ATXN10,violet
ATXN7L1,violet
AVEN,violet
AVL9,violet
B3GALNT1,violet
B3GALT2,violet
B3GAT3,violet
B3GNT6,violet
B4GALT3,violet
B4GALT4,violet
B9D2,violet
BACH2,violet
BAI3,violet
BARD1,violet
BAT1,violet
BAT3,violet
BAT5,violet
BCDIN3D,violet
BCL2,violet
BCL6,violet
BDH1,violet
BDNF,violet
BET1L,violet
BIRC2,violet
BIRC5,violet
BIRC6,violet
BIVM,violet
BLCAP,violet
BLM,violet
BMP6,violet
BMP8B,violet
BNIP1,violet
BOK-AS1,violet
BPNT1,violet
BRD2,violet
BRI3BP,violet
BROX,violet
BSCL2,violet
BTBD11,violet
BTBD7,violet
BZW1,violet
BZW2,violet
C10ORF125,violet
C11ORF30,violet
C11ORF57,violet
C11ORF58,violet
C11ORF75,violet
C11ORF80,violet
C11ORF9,violet
C12ORF23,violet
C12ORF35,violet
C12ORF53,violet
C12ORF72,violet
C13ORF1,violet
C14ORF37,violet
C16ORF67,violet
C16ORF72,violet
C17ORF64,violet
C17ORF68,violet
C17ORF81,violet
C18ORF19,violet
C19ORF40,violet
C19ORF45,violet
C19ORF54,violet
C19ORF6,violet
C19ORF75,violet
C1ORF103,violet
C1ORF107,violet
C1ORF124,violet
C1ORF144,violet
C1ORF190,violet
C1ORF21,violet
C1ORF59,violet
C1ORF83,violet
C21ORF2,violet
C21ORF33,violet
C2CD4C,violet
C2ORF49,violet
C2ORF50,violet
C2ORF77,violet
C3ORF21,violet
C3ORF50,violet
C3ORF58,violet
C3ORF67,violet
C4ORF14,violet
C4ORF33,violet
C5ORF24,violet
C5ORF32,violet
C5ORF45,violet
C6ORF114,violet
C6ORF136,violet
C6ORF165,violet
C6ORF192,violet
C6ORF35,violet
C6ORF47,violet
C6ORF52,violet
C6ORF62,violet
C7ORF31,violet
C7ORF51,violet
C7ORF58,violet
C8ORF33,violet
C8ORF59,violet
C8ORF80,violet
C9ORF66,violet
C9ORF80,violet
CA10,violet
CAB39,violet
CABYR,violet
CACNA1C,violet
CACNA1G,violet
CACNB3,violet
CACNG8,violet
CADM3,violet
CADPS2,violet
CALM1,violet
CAPZA2,violet
CARF,violet
CASC5,violet
CASD1,violet
CASP2,violet
CBARA1,violet
CBL,violet
CBR4,violet
CCAR1,violet
CCDC134,violet
CCDC147,violet
CCDC149,violet
CCDC159,violet
CCDC23,violet
CCDC33,violet
CCDC34,violet
CCDC38,violet
CCDC43,violet
CCDC45,violet
CCDC51,violet
CCDC59,violet
CCDC64,violet
CCDC82,violet
CCDC83,violet
CCDC88A,violet
CCDC9,violet
CCDC94,violet
CCKBR,violet
CCNB1,violet
CCNB2,violet
CCNE2,violet
CCNG1,violet
CCNJ,violet
CCNO,violet
CCT8,violet
CD109,violet
CD1D,violet
CD200,violet
CD274,violet
CDC14A,violet
CDC27,violet
CDC6,violet
CDH10,violet
CDH13,violet
CDH24,violet
CDHR5,violet
CDK11B,violet
CDK8,violet
CDKAL1,violet
CDKN1A,violet
CEBPB,violet
CEBPD,violet
CEP55,violet
CEP72,violet
CEPT1,violet
CFAP20,violet
CGB7,violet
CGGBP1,violet
CHAF1A,violet
CHCHD1,violet
CHCHD10,violet
CHDH,violet
CHERP,violet
CHL1,violet
CHMP4B,violet
CHPF2,violet
CHST11,violet
CIART,violet
CIR1,violet
CITED2,violet
CITED4,violet
CKAP2,violet
CLASP2,violet
CLDN12,violet
CLDN7,violet
CLDND2,violet
CLIC4,violet
CLK1,violet
CLTC,violet
CLU,violet
CMC1,violet
CNIH3,violet
CNN2,violet
CNO,violet
CNOT3,violet
CNOT7,violet
CNTN1,violet
CNTN5,violet
COG1,violet
COG7,violet
COL27A1,violet
COMMD10,violet
COMMD5,violet
COQ10A,violet
COX8A,violet
CPNE8,violet
CPXM1,violet
CPZ,violet
CRB1,violet
CRB3,violet
CRHR2,violet
CRNKL1,violet
CRTAP,violet
CRY1,violet
CS,violet
CSE1L,violet
CSMD3,violet
CSNK1A1,violet
CSNK1G2,violet
CTBP2,violet
CTDSP2,violet
CTNNBL1,violet
CTSB,violet
CTSV,violet
CUGBP2,violet
CUTA,violet
CWC22,violet
CXCL3,violet
CXCR4,violet
CXXC4,violet
CXXC5,violet
CYB561D1,violet
CYMP,violet
CYP1A1,violet
CYP27A1,violet
CYP46A1,violet
DACT1,violet
DAD1,violet
DAK,violet
DALRD3,violet
DAPK1,violet
DBT,violet
DCAF12,violet
DCC,violet
DCPS,violet
DCSTAMP,violet
DCTN4,violet
DCTPP1,violet
DCUN1D1,violet
DDAH2,violet
DDHD2,violet
DDX25,violet
DDX41,violet
DDX43,violet
DDX6,violet
DDX60,violet
DDX60L,violet
DEK,violet
DENND1B,violet
DENND4B,violet
DENR,violet
DESI2,violet
DGAT1,violet
DGKQ,violet
DGUOK,violet
DHRS12,violet
DHRS3,violet
DHRS7,violet
DHX29,violet
DIRC3,violet
DLL4,violet
DLX5,violet
DLX6AS,violet
DMP1,violet
DMRT1,violet
DMRT2,violet
DMXL1,violet
DNAJB4,violet
DNAJC21,violet
DNAJC24,violet
DNAJC27,violet
DNAJC28,violet
DNAJC6,violet
DNAJC8,violet
DNAJC9,violet
DOCK1,violet
DOCK10,violet
DOCK5,violet
DOK4,violet
DOM3Z,violet
DPH7,violet
DPP3,violet
DUOXA2,violet
DUSP1,violet
DUSP12,violet
DUSP14,violet
DUSP15,violet
DUSP16,violet
DUSP26,violet
DUSP6,violet
DYNLL1,violet
DYRK4,violet
EBF2,violet
ECD,violet
EDEM3,violet
EDNRB,violet
EFCAB10,violet
EFCAB11,violet
EFNA3,violet
EGFLAM,violet
EGR3,violet
EHD1,violet
EHD4,violet
EIF2B4,violet
EIF2B5,violet
EIF2C3,violet
EIF3E,violet
EIF4EBP3,violet
ELF2,violet
ELFN1,violet
ELOVL6,violet
ELTD1,violet
EMC8,violet
EML2,violet
EMP1,violet
EMP2,violet
EMX2OS,violet
EN2,violet
ENO2,violet
ENOPH1,violet
EP400,violet
EPAS1,violet
EPS15,violet
ERI3,violet
ESCO1,violet
ESCO2,violet
ESPL1,violet
ESYT3,violet
ETF1,violet
ETNPPL,violet
ETV3,violet
ETV5,violet
EXOC2,violet
EXOC4,violet
FAAP100,violet
FABP3,violet
FAIM2,violet
FAM103A1,violet
FAM115A,violet
FAM117B,violet
FAM123C,violet
FAM132A,violet
FAM160A1,violet
FAM167A,violet
FAM169A,violet
FAM171B,violet
FAM178A,violet
FAM194A,violet
FAM19A4,violet
FAM200B,violet
FAM55C,violet
FAM59A,violet
FAM65B,violet
FAM98A,violet
FANCG,violet
FANCI,violet
FBXL13,violet
FBXO27,violet
FBXO30,violet
FBXO31,violet
FBXO36,violet
FBXO38,violet
FBXO5,violet
FBXO6,violet
FBXO9,violet
FEZ1,violet
FEZF1,violet
FGF14,violet
FGF19,violet
FGF4,violet
FGF9,violet
FKBP9,violet
FKTN,violet
FLJ37453,violet
FLRT2,violet
FMN2,violet
FMNL1,violet
FNTB,violet
FOXD2,violet
FOXG1,violet
FOXI3,violet
FOXL2,violet
FOXP4,violet
FOXRED1,violet
FPGS,violet
FREM3,violet
FUK,violet
FUT8,violet
FXYD3,violet
FXYD5,violet
FZD7,violet
GABARAP,violet
GABARAPL1,violet
GABBR1,violet
GABRG2,violet
GAD2,violet
GALNT7,violet
GALNTL6,violet
GAMT,violet
GATA2,violet
GATA6,violet
GBAP1,violet
GBX2,violet
GCLC,violet
GDI2,violet
GDNF,violet
GFPT2,violet
GGACT,violet
GHITM,violet
GHR,violet
GLIPR1L2,violet
GLRX3,violet
GLT25D2,violet
GNL1,violet
GOLPH3L,violet
GORASP1,violet
GPAA1,violet
GPBP1,violet
GPC1,violet
GPC5,violet
GPR113,violet
GPR126,violet
GPR149,violet
GPR172A,violet
GPR37,violet
GPR85,violet
GRID2,violet
GRIK2,violet
GRLF1,violet
GRM1,violet
GRM4,violet
GRP,violet
GRPEL1,violet
GSC,violet
GSK3B,violet
GSTM4,violet
GSTO2,violet
GSTZ1,violet
GTF2B,violet
GTF2I,violet
GTPBP1,violet
GTPBP10,violet
GTPBP4,violet
GTPBP8,violet
GUK1,violet
GXYLT1,violet
H2AFV,violet
H2AFZ,violet
HAS2,violet
HAUS6,violet
HAX1,violet
HBP1,violet
HCFC1R1,violet
HCG4P6,violet
HCG9,violet
HCN1,violet
HCN4,violet
HCP5,violet
HDAC1,violet
HDAC4,violet
HEATR2,violet
HELQ,violet
HELT,violet
HES3,violet
HEY1,violet
HIAT1,violet
HIGD1A,violet
HINT3,violet
HIP1R,violet
HIPK2,violet
HIST1H2AC,violet
HIST1H2BE,violet
HIST1H2BN,violet
HIST1H3B,violet
HIST1H3D,violet
HIST1H4E,violet
HLA-F,violet
HMGB1,violet
HN1L,violet
HNRNPC,violet
HNRNPM,violet
HOOK1,violet
HOXA7,violet
HOXC-AS1,violet
HOXC10,violet
HOXC13,violet
HOXD1,violet
HPCAL1,violet
HPCAL4,violet
HPN,violet
HPS3,violet
HPSE,violet
HRK,violet
HSP90AA1,violet
HSP90AB1,violet
HSPA4,violet
HSPB1,violet
HSPG2,violet
HTATIP2,violet
HTR1A,violet
HTRA1,violet
HYAL3,violet
HYOU1,violet
IDH3A,violet
IDI1,violet
IFT122,violet
IFT57,violet
IGDCC3,violet
IGF1R,violet
IGSF22,violet
IK,violet
IL15,violet
IL18,violet
IL6ST,violet
ILF2,violet
INCA1,violet
ING3,violet
INS-IGF2,violet
INSR,violet
INTS10,violet
INTS7,violet
IPP,violet
IQCH,violet
IQGAP1,violet
IRF2BP2,violet
IRF9,violet
IRS1,violet
IRX1,violet
ISCA1,violet
ISM1,violet
ISOC2,violet
ITGA5,violet
ITGA7,violet
ITGB1BP1,violet
ITPR3,violet
JAG2,violet
JARID2,violet
JHDM1D,violet
KBTBD3,violet
KBTBD8,violet
KCNC1,violet
KCNH7,violet
KCNIP1,violet
KCNIP4,violet
KCNJ8,violet
KCNK12,violet
KCNMA1,violet
KCNN1,violet
KCNQ3,violet
KCNT1,violet
KCTD13,violet
KDM2B,violet
KDM4A,violet
KDM5B,violet
KHDRBS3,violet
KIAA0100,violet
KIAA0232,violet
KIAA0319,violet
KIAA0494,violet
KIAA0495,violet
KIAA1147,violet
KIAA1191,violet
KIAA1530,violet
KIAA1712,violet
KIAA1804,violet
KIAA1949,violet
KIF20B,violet
KIF27,violet
KIF3A,violet
KIF9,violet
KIFC1,violet
KIRREL3,violet
KIZ,violet
KLC2,violet
KLC4,violet
KLF13,violet
KLF14,violet
KLHDC2,violet
KLHL31,violet
KLHL32,violet
KLK10,violet
KPNA6,violet
KPNB1,violet
KRCC1,violet
KREMEN2,violet
KRI1,violet
KRT7,violet
KYNU,violet
L3MBTL2,violet
LAMB2,violet
LAMP1,violet
LANCL1,violet
LANCL2,violet
LAPTM4B,violet
LARP1B,violet
LCTL,violet
LDHB,violet
LDLRAD4,violet
LEMD3,violet
LHX1,violet
LHX8,violet
LIMD1,violet
LIN28B,violet
LINC00337,violet
LINC00938,violet
LINC00944,violet
LINC01044,violet
LINC01412,violet
LINC01481,violet
LINC01508,violet
LINC01599,violet
LINGO2,violet
LIPF,violet
LMBR1,violet
LMO3,violet
LMX1A,violet
LOC100128292,violet
LOC100129716,violet
LOC100130093,violet
LOC100130357,violet
LOC100130451,violet
LOC100132111,violet
LOC100192378,violet
LOC100507065,violet
LOC101928068,violet
LOC101928203,violet
LOC102723729,violet
LOC102724163,violet
LOC285375,violet
LOC401463,violet
LOC441046,violet
LOC645323,violet
LOC648987,violet
LOC651250,violet
LOC728743,violet
LOC729156,violet
LOC81691,violet
LOC92659,violet
LRAT,violet
LRGUK,violet
LRP1,violet
LRRC32,violet
LRRC42,violet
LRRC6,violet
LRRC8B,violet
LRRFIP2,violet
LTB,violet
LURAP1L,violet
LYPLA1,violet
LZTS3,violet
MAD1L1,violet
MAFK,violet
MAGI2,violet
MAK16,violet
MANF,violet
MAP2,violet
MAP4K4,violet
MAP7,violet
MAPKSP1,violet
MAR-07,violet
MAR-08,violet
MAR-10,violet
MARK2,violet
MBD3,violet
MCM6,violet
MCM8,violet
MDM4,violet
MECOM,violet
MECR,violet
MEF2D,violet
METTL22,violet
METTL5,violet
METTL9,violet
MEX3A,violet
MEX3B,violet
MGAT1,violet
MGMT,violet
MICB,violet
MIPOL1,violet
MIR124-3,violet
MIR130B,violet
MIR155HG,violet
MIR1915,violet
MIR4276,violet
MIR548G,violet
MIR548N,violet
MIR639,violet
MIR6737,violet
MIR7846,violet
MKL1,violet
MKLN1,violet
MKNK1,violet
MLEC,violet
MLKL,violet
MLST8,violet
MMACHC,violet
MMRN1,violet
MOBKL1A,violet
MOBKL3,violet
MOCS1,violet
MOCS2,violet
MOCS3,violet
MON2,violet
MORN4,violet
MRFAP1L1,violet
MRP63,violet
MRPL11,violet
MRPL28,violet
MRPL36,violet
MRPL4,violet
MRPL49,violet
MRPS11,violet
MRPS24,violet
MRPS30,violet
MRPS35,violet
MSL1,violet
MTA2,violet
MTFMT,violet
MTHFD1L,violet
MTIF3,violet
MTMR4,violet
MTX2,violet
MTX3,violet
MUC4,violet
MVB12A,violet
MVB12B,violet
MVK,violet
MX1,violet
MXI1,violet
MYC,violet
MYL1,violet
MYO18B,violet
MYT1L,violet
MZF1,violet
NAA15,violet
NAB1,violet
NALCN,violet
NANP,violet
NAPB,violet
NASP,violet
NAT10,violet
NATD1,violet
NAV2,violet
NCBP1,violet
NCOA3,violet
NCOA4,violet
NDFIP2,violet
NDRG1,violet
NDST2,violet
NDUFA2,violet
NDUFB3,violet
NDUFB4,violet
NEBL-AS1,violet
NEDD4L,violet
NEDD8,violet
NEK1,violet
NEK11,violet
NEK5,violet
NELL2,violet
NEO1,violet
NFATC3,violet
NFE2L1,violet
NFE2L2,violet
NFKB1,violet
NHLRC3,violet
NINJ2,violet
NINL,violet
NIPAL1,violet
NKX2-5,violet
NKX2-6,violet
NKX6-2,violet
NMBR,violet
NME3,violet
NME6,violet
NMNAT3,violet
NMRAL1,violet
NOTO,violet
NOVA1,violet
NOXA1,violet
NPHP4,violet
NPLOC4,violet
NR2E1,violet
NR2F2,violet
NR3C1,violet
NRCAM,violet
NRF1,violet
NRG1,violet
NRIP2,violet
NSMAF,violet
NTNG1,violet
NTSR1,violet
NUBPL,violet
NUDT16L1,violet
NUF2,violet
NUMB,violet
NUP35,violet
NUSAP1,violet
NXPH3,violet
OBFC1,violet
OCA2,violet
ODC1,violet
ODF2L,violet
ODZ3,violet
OGG1,violet
OLFML3,violet
ONECUT3,violet
OR6B1,violet
ORAI1,violet
ORC1L,violet
ORC2L,violet
ORC3L,violet
OSBPL11,violet
OSBPL9,violet
OTX2,violet
OXR1,violet
OXSM,violet
OXSR1,violet
P2RY1,violet
P4HA1,violet
PACRG,violet
PACSIN1,violet
PAK6,violet
PAN2,violet
PANK1,violet
PAOX,violet
PAPD5,violet
PAQR3,violet
PARD6B,violet
PARP1,violet
PCDHB6,violet
PCDHB7,violet
PCDHGA7,violet
PCGF5,violet
PCLO,violet
PCNX,violet
PDCD1,violet
PDCD2L,violet
PDE3A,violet
PDE4D,violet
PDLIM3,violet
PDP1,violet
PDSS2,violet
PDZRN3,violet
PECI,violet
PEF1,violet
PFN2,violet
PFN4,violet
PGAP2,violet
PGBD4,violet
PHACTR2,violet
PHF13,violet
PHF17,violet
PHIP,violet
PHOX2B,violet
PHTF2,violet
PIAS3,violet
PICALM,violet
PIGK,violet
PIP5KL1,violet
PITHD1,violet
PITRM1,violet
PJA2,violet
PKHD1,violet
PKM2,violet
PLAGL2,violet
PLBD2,violet
PLCH1,violet
PLCXD2,violet
PLCXD3,violet
PLDN,violet
PLEC1,violet
PLEKHF2,violet
PLEKHG4B,violet
PLEKHH2,violet
PNPT1,violet
POC1B,violet
POLD2,violet
POLD4,violet
POLDIP2,violet
POLG,violet
POLR3B,violet
POLR3E,violet
POP1,violet
POP4,violet
POR,violet
POT1,violet
POU2AF1,violet
PPIC,violet
PPM1D,violet
PPM1K,violet
PPP1R14C,violet
PPP1R21,violet
PPP1R9B,violet
PPP2R2C,violet
PPP3CB,violet
PPP3R1,violet
PPP4R3A,violet
PPPDE1,violet
PQLC1,violet
PRDM16,violet
PRDM2,violet
PRDM5,violet
PRDX5,violet
PRIMA1,violet
PRKAR1B,violet
PRKAR2A,violet
PRKCQ,violet
PRKD1,violet
PRKG1,violet
PRKG2,violet
PRKRA,violet
PROSER1,violet
PRPF31,violet
PRR14,violet
PRR3,violet
PSEN2,violet
PSMB1,violet
PSMB4,violet
PSMD12,violet
PSMD6,violet
PSMD7,violet
PTBP2,violet
PTCHD2,violet
PTENP1,violet
PTGDS,violet
PTGER4,violet
PTGES3,violet
PTGFRN,violet
PTK2B,violet
PTPN13,violet
PTPN2,violet
PTPRN2,violet
PTRH2,violet
PURA,violet
PUS10,violet
PYCR1,violet
R3HDM2,violet
RAB11A,violet
RAB13,violet
RAB1A,violet
RAB33B,violet
RAB35,violet
RAB4A,violet
RAB5A,violet
RAB8B,violet
RABGEF1,violet
RAD17,violet
RAD18,violet
RAD50,violet
RAD51,violet
RAMP1,violet
RANGAP1,violet
RAP1B,violet
RAP1GDS1,violet
RASA2,violet
RASAL2,violet
RASL10A,violet
RASSF10,violet
RB1CC1,violet
RBM17,violet
RBM24,violet
RBM25,violet
RBM38,violet
RBM39,violet
RBM45,violet
RBP1,violet
RCC2,violet
RCHY1,violet
RCSD1,violet
RDBP,violet
RECK,violet
RECQL,violet
REL,violet
RELN,violet
RERE,violet
REXO1,violet
RFC1,violet
RFESD,violet
RG9MTD1,violet
RGS6,violet
RHOQ,violet
RIMBP2,violet
RNASE4,violet
RNASEH1,violet
RNASEH2B,violet
RNASEH2C,violet
RNF135,violet
RNF152,violet
RNF180,violet
RNF19B,violet
RNF2,violet
RNF207,violet
RNF34,violet
RNF39,violet
RNF6,violet
RNU6ATAC,violet
RORA,violet
RPL14,violet
RPL21,violet
RPL23A,violet
RPL26L1,violet
RPL27A,violet
RPL28,violet
RPL30,violet
RPL38,violet
RPS6,violet
RPS6KC1,violet
RPS7,violet
RRAS,violet
RRBP1,violet
RREB1,violet
RTEL1,violet
RTN4,violet
RUFY3,violet
RUNX1,violet
RUSC1-AS1,violet
RWDD2A,violet
S100PBP,violet
SAFB2,violet
SALL3,violet
SAP18,violet
SASS6,violet
SCARF2,violet
SCN4B,violet
SCOC,violet
SCUBE3,violet
SDC1,violet
SDC4,violet
SDCBP,violet
SDCCAG8,violet
SDK2,violet
SEC11A,violet
SEC14L5,violet
SEC24C,violet
SELT,violet
SEMA3F,violet
SEMA4F,violet
SENP1,violet
SEP-09,violet
SEP-11,violet
SEPX1,violet
SERF2,violet
SERINC4,violet
SETDB1,violet
SETDB2,violet
SF3A3,violet
SF3B1,violet
SF3B14,violet
SFMBT2,violet
SFRP4,violet
SFRS11,violet
SFXN1,violet
SFXN5,violet
SGCE,violet
SGK1,violet
SGK3,violet
SGTB,violet
SH2D5,violet
SHC1,violet
SHFM1,violet
SHISA3,violet
SHISA9,violet
SIK1,violet
SIK3,violet
SIN3A,violet
SIP1,violet
SIX6,violet
SKIV2L2,violet
SKP1,violet
SLC24A2,violet
SLC24A4,violet
SLC25A19,violet
SLC26A6,violet
SLC29A1,violet
SLC32A1,violet
SLC35C2,violet
SLC35E4,violet
SLC35F2,violet
SLC37A2,violet
SLC6A19,violet
SLC8A3,violet
SLIT1,violet
SLITRK3,violet
SLITRK5,violet
SMAGP,violet
SMARCAD1,violet
SMC2-AS1,violet
SMEK2,violet
SMG6,violet
SMIM10L1,violet
SMKR1,violet
SMOC2,violet
SMPD1,violet
SMPD3,violet
SNAPC3,violet
SNORA39,violet
SNORD27,violet
SNRK,violet
SNRNP25,violet
SNRNP27,violet
SNRNP70,violet
SNRPC,violet
SNX10,violet
SNX15,violet
SNX26,violet
SNX27,violet
SOCS1,violet
SOCS2,violet
SON,violet
SOX2,violet
SOX2-OT,violet
SOX2OT,violet
SPAST,violet
SPATA2L,violet
SPPL2A,violet
SPPL2B,violet
SPRYD7,violet
SPSB1,violet
SPTSSA,violet
SR140,violet
SRI,violet
SRP54,violet
SRRM4,violet
SRRT,violet
SRSF10,violet
SSR1,violet
SSTR4,violet
ST6GALNAC3,violet
STAMBP,violet
STAMBPL1,violet
STAT1,violet
STEAP3,violet
STK11,violet
STK16,violet
STK36,violet
STK38,violet
STMN1,violet
STOX2,violet
STRAP,violet
STX8,violet
SUFU,violet
SUPT7L,violet
SUSD4,violet
SYPL2,violet
SYT1,violet
SYT7,violet
TACC2,violet
TADA1,violet
TAF11,violet
TAL1,violet
TALDO1,violet
TARDBP,violet
TAX1BP1,violet
TBC1D14,violet
TBC1D5,violet
TBCE,violet
TBCK,violet
TBX1,violet
TBX20,violet
TCF4,violet
TCF7L2,violet
TCTEX1D1,violet
TDG,violet
TDRKH,violet
TEAD1,violet
TEAD4,violet
TEFM,violet
TERF2,violet
TET1,violet
TET2,violet
TEX10,violet
TEX14,violet
TFEB,violet
TFRC,violet
TGIF1,violet
THADA,violet
THAP5,violet
THY1,violet
TIAM1,violet
TIMELESS,violet
TIMM8B,violet
TIRAP,violet
TLE3,violet
TM9SF1,violet
TMED4,violet
TMEM11,violet
TMEM110,violet
TMEM126A,violet
TMEM179B,violet
TMEM18,violet
TMEM194A,violet
TMEM20,violet
TMEM200A,violet
TMEM209,violet
TMEM261,violet
TMEM40,violet
TMEM50A,violet
TMEM59,violet
TMEM70,violet
TMEM87B,violet
TMEM90A,violet
TMF1,violet
TMTC2,violet
TMTC4,violet
TNFRSF11B,violet
TNIP1,violet
TNKS,violet
TNRC18,violet
TNS3,violet
TNXB,violet
TOB1,violet
TP73,violet
TPI1,violet
TRA2B,violet
TRAP1,violet
TRAPPC4,violet
TRIB3,violet
TRIL,violet
TRIM52,violet
TRIT1,violet
TRPC1,violet
TRPC3,violet
TRPS1,violet
TSC1,violet
TSC22D2,violet
TSNAX-DISC1,violet
TSNAXIP1,violet
TSPAN12,violet
TSPAN19,violet
TTBK1,violet
TTC29,violet
TTC38,violet
TTC9B,violet
TTF1,violet
TTLL10,violet
TTLL5,violet
TTPA,violet
TTRAP,violet
TUBE1,violet
TUNAR,violet
TWIST2,violet
TXNDC16,violet
TXNDC5,violet
TXNL4B,violet
TYMS,violet
UBAP2L,violet
UBB,violet
UBE2B,violet
UBE2L6,violet
UBE2N,violet
UBE2T,violet
UBTD2,violet
UFM1,violet
UGGT2,violet
UGP2,violet
ULK4,violet
UNC13A,violet
UNC84B,violet
UPF3A,violet
UPK3A,violet
USP18,violet
USP36,violet
USP38,violet
USP47,violet
USP54,violet
UTP23,violet
VASH1,violet
VAV3,violet
VCL,violet
VCP,violet
VCPKMT,violet
VEGFC,violet
VPS11,violet
VPS33A,violet
VPS33B,violet
VPS53,violet
VSTM2A,violet
VTI1A,violet
VWC2L,violet
WBSCR17,violet
WDR17,violet
WDR36,violet
WDR48,violet
WDR51A,violet
WDR52,violet
WDSUB1,violet
WIPI2,violet
WNT3A,violet
WNT5A,violet
WNT6,violet
WRB,violet
WRNIP1,violet
XPO5,violet
XRCC4,violet
XRCC6,violet
YES1,violet
YIPF1,violet
YIPF5,violet
YME1L1,violet
YPEL5,violet
YTHDF1,violet
YTHDF2,violet
YWHAG,violet
ZBTB12,violet
ZBTB16,violet
ZBTB2,violet
ZBTB4,violet
ZC3H15,violet
ZC3H7A,violet
ZDBF2,violet
ZDHHC16,violet
ZDHHC21,violet
ZDHHC6,violet
ZEB2,violet
ZFAND5,violet
ZFP28,violet
ZFP37,violet
ZFP91,violet
ZFYVE26,violet
ZKSCAN3,violet
ZKSCAN5,violet
ZMPSTE24,violet
ZMYND11,violet
ZNF17,violet
ZNF226,violet
ZNF235,violet
ZNF25,violet
ZNF250,violet
ZNF254,violet
ZNF271,violet
ZNF322A,violet
ZNF34,violet
ZNF343,violet
ZNF354C,violet
ZNF385D,violet
ZNF389,violet
ZNF420,violet
ZNF517,violet
ZNF570,violet
ZNF589,violet
ZNF615,violet
ZNF624,violet
ZNF672,violet
ZNF684,violet
ZNF704,violet
ZNF713,violet
ZNF777,violet
ZNF783,violet
ZNF79,violet
ZNF845,violet
ZNF99,violet
ZSWIM2,violet
ZZZ3,violet
A2BP1,white
AAGAB,white
AAMDC,white
AAR2,white
AARSD1,white
ABCB8,white
ABCF2,white
ABHD11,white
ABI1,white
ABL2,white
ABLIM1,white
ABR,white
ABT1,white
ACAD10,white
ACBD6,white
ACCN2,white
ACIN1,white
ACOX3,white
ACOXL,white
ACP6,white
ACSL3,white
ACVRL1,white
ADAM12,white
ADAM17,white
ADAMTS16,white
ADAT1,white
ADCK1,white
ADCYAP1,white
ADH5,white
ADRM1,white
AFF1,white
AFF3,white
AFF4,white
AFMID,white
AGBL2,white
AGL,white
AGPAT2,white
AGPAT3,white
AGPAT5,white
AGTPBP1,white
AHR,white
AIG1,white
AIRE,white
AK3L1,white
AKIRIN2,white
AKR1B1,white
ALG10,white
ALG9,white
ALKBH6,white
ALKBH7,white
ALKBH8,white
ALOXE3,white
AMBRA1,white
AMFR,white
AMIGO1,white
AMN,white
ANAPC16,white
ANAPC5,white
ANG,white
ANGEL1,white
ANGEL2,white
ANGPTL5,white
ANK1,white
ANKDD1B,white
ANKRD17,white
ANKRD28,white
ANKRD31,white
ANKRD34A,white
ANKRD35,white
ANKRD37,white
ANKRD42,white
ANKRD54,white
ANKS1A,white
ANO6,white
ANXA4,white
ANXA7,white
AP2B1,white
AP2M1,white
AP3B2,white
APAF1,white
APC,white
APEH,white
APH1B,white
API5,white
APMAP,white
APOA1BP,white
APOB,white
ARF3,white
ARFGEF1,white
ARHGAP22,white
ARHGEF10,white
ARHGEF4,white
ARHGEF7,white
ARID4A,white
ARID4B,white
ARL15,white
ARL6IP5,white
ARL6IP6,white
ARNTL2,white
ARPC1B,white
ARPP-21,white
ARPP19,white
ARRDC2,white
ARRDC3,white
ARVCF,white
ASB13,white
ASCC1,white
ASCC2,white
ASCC3,white
ASH1L,white
ASNA1,white
ASNSD1,white
ASPH,white
ASPM,white
ASUN,white
ASXL1,white
ASXL3,white
ATAD2,white
ATF1,white
ATF6,white
ATF6B,white
ATIC,white
ATM,white
ATN1,white
ATP10D,white
ATP13A1,white
ATP5A1,white
ATP5D,white
ATP5E,white
ATP5G1,white
ATP5G2,white
ATP5S,white
ATP5SL,white
ATP6V0D1,white
ATP6V1A,white
ATP6V1E1,white
ATP6V1H,white
ATR,white
ATRAID,white
ATXN1,white
ATXN2,white
AZI2,white
AZIN1,white
B2M,white
B3GALTL,white
B3GAT2,white
B3GNT9,white
B4GALNT4,white
B4GALT7,white
BANP,white
BARHL1,white
BARHL2,white
BAT1,white
BAT2,white
BAT3,white
BAT5,white
BAZ1A,white
BAZ1B,white
BAZ2B,white
BBX,white
BCAR3,white
BCCIP,white
BCDIN3D,white
BCHE,white
BCL11B,white
BCL2,white
BCL6,white
BCL7B,white
BCLAF1,white
BEND3,white
BFAR,white
BHLHE22,white
BICD1,white
BIN3,white
BIRC2,white
BIRC6,white
BLMH,white
BLOC1S1,white
BLOC1S3,white
BLOC1S6,white
BMI1,white
BMP6,white
BMPER,white
BORA,white
BPHL,white
BPIFB4,white
BRAF,white
BRCA1,white
BRD2,white
BRD4,white
BRD8,white
BRDT,white
BRINP1,white
BRINP3,white
BRIP1,white
BRMS1L,white
BROX,white
BRP44,white
BRP44L,white
BRPF3,white
BRSK2,white
BSG,white
BSX,white
BTAF1,white
BTBD1,white
BTBD3,white
BTBD8,white
BTD,white
BUB1B,white
BUD13,white
C10ORF110,white
C10ORF114,white
C10ORF131,white
C10ORF2,white
C10ORF53,white
C10ORF71,white
C10ORF93,white
C11ORF58,white
C11ORF61,white
C12ORF27,white
C12ORF35,white
C12ORF44,white
C12ORF45,white
C12ORF52,white
C12ORF62,white
C12ORF65,white
C12ORF73,white
C13ORF38,white
C13ORF39,white
C14ORF126,white
C14ORF159,white
C14ORF166,white
C14ORF23,white
C14ORF37,white
C14ORF64,white
C15ORF26,white
C15ORF27,white
C15ORF42,white
C15ORF52,white
C16ORF13,white
C16ORF71,white
C16ORF72,white
C17ORF37,white
C17ORF72,white
C17ORF75,white
C17ORF81,white
C17ORF89,white
C18ORF45,white
C18ORF55,white
C19ORF24,white
C19ORF36,white
C19ORF40,white
C19ORF61,white
C1ORF106,white
C1ORF107,white
C1ORF198,white
C1ORF203,white
C1ORF21,white
C1ORF25,white
C1ORF56,white
C1ORF77,white
C1ORF86,white
C1ORF97,white
C20ORF199,white
C20ORF20,white
C20ORF27,white
C21ORF2,white
C21ORF66,white
C2CD2L,white
C2ORF49,white
C2ORF60,white
C3ORF17,white
C3ORF25,white
C3ORF33,white
C3ORF39,white
C3ORF49,white
C3ORF58,white
C4ORF14,white
C4ORF33,white
C4ORF37,white
C4ORF43,white
C4ORF44,white
C4ORF48,white
C5ORF15,white
C5ORF36,white
C5ORF37,white
C5ORF44,white
C5ORF49,white
C6ORF120,white
C6ORF122,white
C6ORF125,white
C6ORF150,white
C6ORF174,white
C6ORF176,white
C6ORF182,white
C6ORF211,white
C6ORF48,white
C6ORF89,white
C7ORF30,white
C7ORF36,white
C7ORF49,white
C7ORF50,white
C7ORF52,white
C7ORF59,white
C8ORF37,white
C8ORF48,white
C8ORF58,white
C8ORF88,white
C9ORF130,white
C9ORF140,white
C9ORF150,white
C9ORF23,white
C9ORF43,white
CA10,white
CA2,white
CABLES2,white
CABP1,white
CABYR,white
CACFD1,white
CACHD1,white
CACNA1A,white
CACNA1E,white
CACNA1H,white
CACNA1I,white
CACNB1,white
CACNB2,white
CACNB4,white
CACNG8,white
CADM1,white
CALM2,white
CAMTA1,white
CAMTA2,white
CAND1,white
CANX,white
CAPN8,white
CAPZA2,white
CASC1,white
CASP6,white
CASP8AP2,white
CATSPERB,white
CATSPERG,white
CBFA2T2,white
CBLC,white
CBLL1,white
CBLN2,white
CBLN3,white
CBX3,white
CBX4,white
CBY1,white
CCDC102A,white
CCDC102B,white
CCDC104,white
CCDC108,white
CCDC12,white
CCDC124,white
CCDC13,white
CCDC140,white
CCDC142,white
CCDC149,white
CCDC159,white
CCDC21,white
CCDC42,white
CCDC45,white
CCDC55,white
CCDC6,white
CCDC69,white
CCDC88A,white
CCDC90B,white
CCHCR1,white
CCK,white
CCM2,white
CCNB2,white
CCND2,white
CCNE1,white
CCNG1,white
CCNJ,white
CCPG1,white
CCSER1,white
CD274,white
CD2BP2,white
CD320,white
CD47,white
CD63,white
CDC14B,white
CDC37L1,white
CDC40,white
CDC42BPB,white
CDC6,white
CDH10,white
CDH15,white
CDH4,white
CDH6,white
CDHR1,white
CDK13,white
CDK5RAP3,white
CDK6,white
CDKAL1,white
CDKN1B,white
CDKN1C,white
CDKN2A,white
CDKN2C,white
CDKN3,white
CDS2,white
CDYL,white
CEBPZ,white
CECR3,white
CELF1,white
CELSR3,white
CEND1,white
CENPA,white
CENPBD1,white
CENPL,white
CENPO,white
CENPP,white
CEP112,white
CEP120,white
CEP55,white
CEP57,white
CEP68,white
CEP78,white
CEP97,white
CETN3,white
CFAP52,white
CGGBP1,white
CGRRF1,white
CHAF1A,white
CHCHD8,white
CHD1,white
CHD6,white
CHD7,white
CHD8,white
CHFR,white
CHGA,white
CHID1,white
CHL1,white
CHRM2,white
CHST10,white
CHST5,white
CIC,white
CIDECP,white
CIR1,white
CITED2,white
CLCN3,white
CLEC3B,white
CLIC4,white
CLK1,white
CLK4,white
CLSTN1,white
CLSTN2,white
CLTA,white
CMAS,white
CMBL,white
CMC1,white
CNOT1,white
CNOT2,white
CNOT6,white
CNTN4,white
CNTN4-AS2,white
CNTNAP2,white
COA1,white
COCH,white
COG4,white
COL11A2,white
COL19A1,white
COL21A1,white
COL4A3,white
COL6A2,white
COL9A2,white
COMMD2,white
COPB2,white
COPS7A,white
COQ2,white
COQ6,white
COQ9,white
CORIN,white
CORO1B,white
COX16,white
COX6A1,white
COX6B2,white
CP110,white
CPD,white
CPEB1-AS1,white
CPEB4,white
CPSF1,white
CPSF6,white
CPVL,white
CR2,white
CRCP,white
CREBBP,white
CREBL2,white
CREBRF,white
CREG1,white
CRELD2,white
CREM,white
CRIM1,white
CRKL,white
CRY1,white
CSDA,white
CSGALNACT1,white
CSMD2,white
CSMD3,white
CSNK1A1,white
CSNK1G1,white
CSTB,white
CTDSP2,white
CTNNA2,white
CTNNA3,white
CTNNBIP1,white
CTSC,white
CTTNBP2NL,white
CUGBP2,white
CUL1,white
CUL4A,white
CUX1,white
CWC22,white
CYBRD1,white
CYFIP1,white
CYLD,white
CYP1B1,white
CYP20A1,white
CYP27A1,white
CYP2U1,white
CYP51A1,white
CYR61,white
CYSTM1,white
DAB1,white
DAB2,white
DACT2,white
DAGLB,white
DAPK1,white
DAPK3,white
DAXX,white
DBC1,white
DBNDD2,white
DCAF10,white
DCAF13,white
DCBLD2,white
DCC,white
DCHS1,white
DCHS2,white
DCTN2,white
DDIT4L,white
DDX21,white
DDX41,white
DDX42,white
DDX46,white
DDX51,white
DDX52,white
DDX59,white
DDX6,white
DENND2C,white
DENND5B,white
DEPDC1B,white
DEPDC5,white
DERA,white
DERL1,white
DEXI,white
DGKA,white
DGKH,white
DGKI,white
DHRS7,white
DHX40,white
DIMT1L,white
DIO3,white
DIP2A,white
DKFZP434H168,white
DKFZP686I15217,white
DKK2,white
DKK3,white
DLC1,white
DLG1-AS1,white
DLG4,white
DLL1,white
DLL4,white
DMC1,white
DMTF1,white
DMXL1,white
DNAH11,white
DNAH17-AS1,white
DNAJB2,white
DNAJC1,white
DNAJC14,white
DNAJC19,white
DNAJC2,white
DNAJC30,white
DNAJC4,white
DNAJC6,white
DNASE2,white
DNER,white
DNMBP,white
DNPEP,white
DNTTIP2,white
DOK4,white
DOLK,white
DONSON,white
DOPEY2,white
DPF1,white
DPF3,white
DPM2,white
DPM3,white
DPP10,white
DPP6,white
DPPA5,white
DRG2,white
DSC3,white
DSE,white
DSN1,white
DSTN,white
DUSP11,white
DUSP14,white
DUSP19,white
DYNC1H1,white
DYNC1LI1,white
DYNLT1,white
DYRK4,white
E2F5,white
ECD,white
ECEL1,white
ECSIT,white
EDNRB,white
EEA1,white
EFCAB7,white
EFEMP2,white
EFHD1,white
EFR3B,white
EFTUD1P1,white
EGLN1,white
EGLN3,white
EHD1,white
EHMT2,white
EIF1AD,white
EIF1B,white
EIF2AK1,white
EIF2AK4,white
EIF3H,white
EIF4B,white
EIF4E,white
EIF4E3,white
EIF4G3,white
EIF4H,white
ELMO2,white
ELOF1,white
ELOVL3,white
ELOVL5,white
ELOVL6,white
EMC2,white
EMC4,white
ENOX1,white
ENPP6,white
ENTPD1,white
EPN2,white
EPRS,white
EPS8,white
ERAL1,white
ERCC2,white
ERCC3,white
ERCC4,white
ERGIC1,white
ERGIC2,white
ERH,white
ERICH1,white
ERP27,white
ERRFI1,white
ETNK1,white
ETS2,white
ETV4,white
ETV5,white
EXOC6B,white
EXOSC8,white
EXTL3,white
FADS2,white
FAM100B,white
FAM101A,white
FAM102B,white
FAM108B1,white
FAM110C,white
FAM111A,white
FAM115A,white
FAM117A,white
FAM120B,white
FAM123A,white
FAM126A,white
FAM136A,white
FAM150B,white
FAM155A,white
FAM159B,white
FAM160A1,white
FAM161A,white
FAM163A,white
FAM169A,white
FAM175B,white
FAM176A,white
FAM178A,white
FAM190A,white
FAM19A2,white
FAM3B,white
FAM3D,white
FAM46C,white
FAM49B,white
FAM53B,white
FAM55C,white
FAM64A,white
FAM87B,white
FAM89A,white
FAM91A1,white
FAM96A,white
FAM98A,white
FANCF,white
FANCG,white
FAR1,white
FAR2,white
FASTKD2,white
FBF1,white
FBLN5,white
FBN1,white
FBRSL1,white
FBXL14,white
FBXL15,white
FBXL17,white
FBXL2,white
FBXL20,white
FBXO11,white
FBXO16,white
FBXO27,white
FBXO3,white
FBXO47,white
FBXO5,white
FCHO2,white
FCRLB,white
FDX1,white
FECH,white
FERMT2,white
FEZF1,white
FGF9,white
FGFRL1,white
FKBP4,white
FLJ16779,white
FLJ26850,white
FLJ37453,white
FLJ43663,white
FLNC,white
FLOT1,white
FN1,white
FNBP4,white
FOXF2,white
FOXL2,white
FOXN4,white
FPGS,white
FRRS1,white
FSTL5,white
FTCDNL1,white
FUK,white
FUOM,white
FXC1,white
FXYD3,white
FYTTD1,white
FZD3,white
FZD5,white
FZR1,white
G0S2,white
GAA,white
GABARAP,white
GABBR2,white
GABPB1,white
GABPB2,white
GABRA1,white
GABRA2,white
GABRA5,white
GABRB2,white
GADL1,white
GAL,white
GALC,white
GALK2,white
GALM,white
GALNT12,white
GALNT13,white
GALNTL4,white
GAS7,white
GATA5,white
GATAD1,white
GCC1,white
GCN1L1,white
GDE1,white
GDF7,white
GDF9,white
GDI2,white
GDPD1,white
GEM,white
GFM2,white
GFPT1,white
GGCX,white
GGNBP2,white
GHR,white
GLB1,white
GLCCI1,white
GLDC,white
GLI1,white
GLIPR1L1,white
GLRA1,white
GLS2,white
GLTPD2,white
GLYCTK,white
GLYR1,white
GMEB2,white
GNAI1,white
GNB1L,white
GNL1,white
GNRHR2,white
GOLGA4,white
GOPC,white
GPAA1,white
GPBP1,white
GPHN,white
GPR149,white
GPR153,white
GPR78,white
GPT2,white
GREM1,white
GRIA4,white
GRID2,white
GRID2IP,white
GRIN3B,white
GRK6,white
GRM3,white
GSK3A,white
GSK3B,white
GSKIP,white
GSTA4,white
GSTM4,white
GSTM5,white
GSX1,white
GTDC1,white
GTF2B,white
GTF2E2,white
GTF2H3,white
GTPBP10,white
GTPBP3,white
GUCY1A3,white
GUF1,white
GULP1,white
GXYLT1,white
GYG1,white
H1FX,white
H2AFV,white
H2AFZ,white
H6PD,white
HABP4,white
HARS2,white
HAS2,white
HAT1,white
HAUS4,white
HBP1,white
HCCA2,white
HCFC1R1,white
HCN1,white
HDAC1,white
HDAC11,white
HDAC4,white
HDAC9,white
HDHD3,white
HEBP2,white
HELLS,white
HERC6,white
HERPUD2,white
HES5,white
HEXB,white
HEXIM2,white
HHIP,white
HIBCH,white
HINT3,white
HIPK2,white
HIPK3,white
HIST1H2AB,white
HIST1H2AI,white
HIST1H2BD,white
HIST1H2BE,white
HIST1H2BK,white
HIST1H3B,white
HIST1H3G,white
HIST1H4B,white
HIST2H2AC,white
HIST2H2BE,white
HLA-B,white
HLA-C,white
HLA-DRA,white
HLA-G,white
HMBOX1,white
HMCN2,white
HMG20B,white
HMGCR,white
HMGN2,white
HMGN3,white
HMHA1,white
HMX2,white
HN1L,white
HNRNPA1,white
HNRNPA3,white
HNRNPC,white
HNRNPK,white
HNRNPL,white
HNRNPU,white
HOXA1,white
HOXA2,white
HOXA9,white
HOXB13,white
HOXC4,white
HOXD11,white
HPSE,white
HRK,white
HS3ST1,white
HS3ST2,white
HSD11B1L,white
HSD17B12,white
HSP90AA1,white
HSP90AB1,white
HSPA1A,white
HSPA1B,white
HSPC159,white
HSPE1,white
HTATIP2,white
HTR2A,white
HUS1B,white
HYAL3,white
HYLS1,white
ICAM5,white
IDH3B,white
IDUA,white
IER3IP1,white
IFI6,white
IFIT2,white
IFNAR1,white
IFNGR1,white
IFRD2,white
IFT140,white
IFT74,white
IFT88,white
IGFBP2,white
IGSF21,white
IGSF8,white
IGSF9,white
IKBKAP,white
IKBKB,white
IKZF2,white
IKZF5,white
IL15RA,white
ILVBL,white
INADL,white
ING1,white
ING3,white
INO80B,white
INO80D,white
INPP4A,white
INPP5A,white
INS-IGF2,white
INSIG1,white
INTS3,white
INTS6,white
INTS7,white
INTU,white
IP6K2,white
IPO7,white
IPPK,white
IQSEC1,white
IQSEC3,white
IREB2,white
IRF4,white
IRX2,white
ISPD,white
ITGAV,white
ITGB1BP1,white
IVD,white
IZUMO4,white
JAK1,white
JAKMIP3,white
JPH4,white
KAT2B,white
KAT6A,white
KBTBD6,white
KCNA4,white
KCNC4,white
KCNG3,white
KCNIP1,white
KCNIP2-AS1,white
KCNK4,white
KCNK5,white
KCNMB4,white
KCTD1,white
KCTD11,white
KCTD20,white
KCTD5,white
KCTD9,white
KDELR2,white
KDM1B,white
KDM4D,white
KDR,white
KHDC1,white
KIAA0040,white
KIAA0146,white
KIAA0195,white
KIAA0226,white
KIAA0391,white
KIAA0427,white
KIAA0495,white
KIAA0513,white
KIAA0664,white
KIAA1009,white
KIAA1012,white
KIAA1033,white
KIAA1217,white
KIAA1279,white
KIAA1324,white
KIAA1407,white
KIAA1462,white
KIAA1522,white
KIAA1715,white
KIAA1967,white
KIF13B,white
KIF1A,white
KIF1B,white
KIF26A,white
KIF26B,white
KIF27,white
KIFC3,white
KIT,white
KLF11,white
KLF3,white
KLF6,white
KLF7,white
KLHL17,white
KLHL22,white
KLHL26,white
KMT2B,white
KRAS,white
KRIT1,white
KRT27,white
KTELC1,white
L3MBTL3,white
L3MBTL4,white
LAMB4,white
LAMC1,white
LANCL1,white
LANCL2,white
LARP1,white
LARP4,white
LARP7,white
LARS,white
LATS1,white
LATS2,white
LBR,white
LBX1,white
LBX2,white
LCOR,white
LDB2,white
LENG8,white
LGALS8,white
LGI2,white
LGI3,white
LGI4,white
LHFPL3,white
LHPP,white
LHX4,white
LHX5,white
LHX6,white
LIMK2,white
LIN7B,white
LINC00518,white
LINC00836,white
LINC00939,white
LINC01044,white
LINC01125,white
LINC01222,white
LINC01426,white
LINC01572,white
LINC01578,white
LLPH,white
LMAN2L,white
LMBR1L,white
LMBRD1,white
LMF1,white
LMLN,white
LMNA,white
LMO3,white
LMTK2,white
LMX1A,white
LOC100009676,white
LOC100129716,white
LOC100130987,white
LOC100131315,white
LOC100272217,white
LOC100288842,white
LOC100302652,white
LOC100499484,white
LOC100505938,white
LOC100506747,white
LOC100507431,white
LOC101927204,white
LOC101927740,white
LOC101928068,white
LOC101928162,white
LOC101928307,white
LOC101929147,white
LOC101929464,white
LOC101929468,white
LOC102723373,white
LOC102723701,white
LOC143666,white
LOC145663,white
LOC150381,white
LOC152217,white
LOC153684,white
LOC222699,white
LOC283404,white
LOC284009,white
LOC284412,white
LOC285548,white
LOC338758,white
LOC339524,white
LOC344595,white
LOC344967,white
LOC388588,white
LOC400027,white
LOC400657,white
LOC401463,white
LOC645323,white
LOC728723,white
LOC729082,white
LOC729338,white
LOC730101,white
LOC92659,white
LONP2,white
LPGAT1,white
LPL,white
LRDD,white
LRFN5,white
LRP1,white
LRP6,white
LRPPRC,white
LRRC20,white
LRRC23,white
LRRC28,white
LRRC29,white
LRRC40,white
LRRC41,white
LRRC49,white
LRRC4C,white
LRRC58,white
LRRC67,white
LRRC75A-AS1,white
LRRC8C,white
LRRCC1,white
LRRFIP2,white
LRRIQ3,white
LRTOMT,white
LSAMP,white
LSG1,white
LSM3,white
LSM5,white
LSR,white
LSS,white
LTBP2,white
LTV1,white
LVRN,white
LYNX1,white
LYPLAL1,white
LYST,white
LZTS2,white
MACF1,white
MACROD1,white
MAD1L1,white
MAD2L1BP,white
MAFTRR,white
MAGI2-AS3,white
MAGOH,white
MAML3,white
MAP2K4,white
MAP3K12,white
MAP3K7,white
MAP4,white
MAPK11,white
MAPKAPK2,white
MAR-02,white
MARK2,white
MAST4,white
MAT2B,white
MATN3,white
MBD6,white
MCC,white
MCCC1,white
MCCC2,white
MCF2L,white
MCFD2,white
MCM3APAS,white
MDGA1,white
MDN1,white
ME1,white
ME3,white
MEAF6,white
MED10,white
MED13,white
MED13L,white
MED19,white
MED20,white
MED29,white
MED9,white
MEF2C,white
MEGF6,white
MEN1,white
MEOX2,white
MEPCE,white
METAP2,white
METTL22,white
MFF,white
MFGE8,white
MFI2,white
MGC12982,white
MGC2889,white
MGST2,white
MGST3,white
MIAT,white
MICALL2,white
MICU3,white
MIER1,white
MIER3,white
MIF,white
MINK1,white
MIR1281,white
MIR3651,white
MIR423,white
MIR4479,white
MIR548F3,white
MIR548G,white
MIR548H3,white
MIR636,white
MIR6892,white
MITF,white
MKRN2,white
MKX,white
MLEC,white
MLH3,white
MLL5,white
MLLT10,white
MMRN1,white
MMS19,white
MNX1,white
MORC3,white
MOS,white
MOV10,white
MPP2,white
MRI1,white
MRPL1,white
MRPL20,white
MRPL28,white
MRPL30,white
MRPL34,white
MRPL42,white
MRPL44,white
MRPL48,white
MRPL50,white
MRPL53,white
MRPL54,white
MRPL55,white
MRPS10,white
MRPS18B,white
MRPS25,white
MRPS28,white
MRPS33,white
MRPS36,white
MRPS5,white
MRTO4,white
MSANTD3,white
MSH2,white
MSH5,white
MSH6,white
MSI2,white
MSL2,white
MSRA,white
MTCH1,white
MTCH2,white
MTFR1,white
MTHFD1,white
MTHFD2,white
MTIF3,white
MTMR14,white
MTMR4,white
MTMR6,white
MTRF1,white
MTRR,white
MTUS1,white
MTX3,white
MUC17,white
MX1,white
MXD1,white
MYB,white
MYH11,white
MYH14,white
MYH15,white
MYL6B,white
MYNN,white
MYO1D,white
MYO5A,white
MYO9B,white
MYOF,white
MYT1L,white
N4BP1,white
N4BP3,white
NAA16,white
NAA38,white
NAA50,white
NAB1,white
NADK2,white
NAGLU,white
NAP1L4,white
NAPB,white
NARF,white
NASP,white
NAT15,white
NBAS,white
NBN,white
NBR1,white
NCAN,white
NCAPG,white
NCBP2,white
NCKIPSD,white
NCL,white
NCLN,white
NCOA2,white
NCOA4,white
NCRNA00188,white
NDC80,white
NDFIP1,white
NDNL2,white
NDRG1,white
NDUFA2,white
NDUFA5,white
NDUFAF2,white
NDUFAF4,white
NDUFB5,white
NDUFS6,white
NEBL,white
NECAB2,white
NECAP2,white
NEDD4L,white
NEFL,white
NEIL1,white
NEIL2,white
NEK1,white
NEK6,white
NEO1,white
NEU3,white
NEUROG3,white
NF1,white
NFE2L2,white
NFIA,white
NFKB1,white
NFKB2,white
NFKBIA,white
NFU1,white
NGRN,white
NHLH2,white
NHLRC2,white
NINL,white
NKTR,white
NKX2-3,white
NKX2-6,white
NKX2-8,white
NKX6-2,white
NKX6-3,white
NLGN1,white
NLK,white
NLN,white
NLRC3,white
NOB1,white
NOC4L,white
NOL10,white
NOL3,white
NOL7,white
NOVA1,white
NPAS3,white
NPC2,white
NPM1,white
NPS,white
NPTN,white
NPY,white
NR4A3,white
NR5A2,white
NRBP1,white
NRD1,white
NRIP1,white
NRL,white
NRN1,white
NRP1,white
NRXN1,white
NRXN3,white
NSMCE1,white
NSUN4,white
NT5C3,white
NT5DC1,white
NT5DC2,white
NTM,white
NTN3,white
NTN4,white
NTNG1,white
NTRK2,white
NUBPL,white
NUDCD3,white
NUDT15,white
NUDT2,white
NUDT6,white
NUMA1,white
NUMBL,white
NUP133,white
NUP35,white
NUP62,white
NUPL1,white
NUTF2,white
NXNL2,white
OBFC1,white
OCLN,white
ODF2,white
OGFOD1,white
OGG1,white
OLFM1,white
OLFML2B,white
OMA1,white
ONECUT2,white
OPA3,white
OR11G2,white
OS9,white
OSBPL1A,white
OSGEPL1,white
OSR2,white
OTOP2,white
OTUD6B,white
OXNAD1,white
OXSM,white
PABPC1L,white
PACRG,white
PACRGL,white
PADI3,white
PAFAH2,white
PAG1,white
PAIP2,white
PAK2,white
PALM2,white
PAN2,white
PANK2,white
PANX1,white
PAPOLA,white
PARD3,white
PARD6A,white
PARK2,white
PARK7,white
PARP3,white
PAX1,white
PCBP4,white
PCCB,white
PCDH10,white
PCDH18,white
PCDH9,white
PCDHA2,white
PCDHA7,white
PCDHAC1,white
PCDHB1,white
PCDHB11,white
PCDHB17,white
PCDHB18,white
PCDHB6,white
PCDHB7,white
PCDHGA2,white
PCM1,white
PCMTD2,white
PCNP,white
PCNXL3,white
PCYOX1L,white
PCYT1A,white
PDCD6,white
PDDC1,white
PDE9A,white
PDK1,white
PDLIM3,white
PDPK1,white
PDRG1,white
PDS5B,white
PDXP,white
PECI,white
PEF1,white
PELI1,white
PER1,white
PES1,white
PET112L,white
PEX11A,white
PEX13,white
PEX19,white
PEX5,white
PFKM,white
PFKP,white
PFN2,white
PGBD4,white
PGM2L1,white
PGRMC2,white
PHACTR3,white
PHAX,white
PHF13,white
PHF17,white
PHF21A,white
PHGDH,white
PHKG2,white
PHOSPHO1,white
PHPT1,white
PIBF1,white
PICK1,white
PIF1,white
PIGB,white
PIGC,white
PIGL,white
PIK3CA,white
PIK3CD,white
PIM1,white
PIN1,white
PIP5K1A,white
PITPNA,white
PITPNB,white
PITRM1,white
PITRM1-AS1,white
PKDCC,white
PKIA,white
PKIG,white
PKMYT1,white
PKNOX1,white
PLBD1-AS1,white
PLBD2,white
PLCB3,white
PLCG1,white
PLCL1,white
PLD3,white
PLEC1,white
PLEKHG2,white
PLEKHJ1,white
PLK1S1,white
PLK4,white
PLOD2,white
PLRG1,white
PMVK,white
PNKD,white
PNPLA3,white
PNPLA7,white
PNPT1,white
POLG,white
POLI,white
POLK,white
POLR1A,white
POLR2D,white
POLR3A,white
POLR3B,white
POLR3C,white
POLR3D,white
POLR3E,white
POLR3H,white
POLR3K,white
POLRMT,white
POMP,white
POP1,white
PPARGC1A,white
PPAT,white
PPCDC,white
PPDPF,white
PPFIA2,white
PPFIBP2,white
PPHLN1,white
PPIA,white
PPIL2,white
PPIL4,white
PPM1B,white
PPME1,white
PPP1R11,white
PPP1R12B,white
PPP1R16B,white
PPP1R26,white
PPP2R1B,white
PPP2R3C,white
PPP2R5C,white
PPP2R5E,white
PPP3CB,white
PPP3R1,white
PRCC,white
PRDM13,white
PRDM16,white
PRDM2,white
PRIM1,white
PRKAB1,white
PRKAR1A,white
PRKAR2B,white
PRKCA,white
PRKCE,white
PRKCI,white
PRKG1,white
PRKRA,white
PRMT6,white
PROM1,white
PROX1,white
PRPSAP2,white
PRR13,white
PRRT1,white
PSAT1,white
PSD3,white
PSMB1,white
PSMB2,white
PSMB6,white
PSMC2,white
PSMC3,white
PSMD12,white
PSMD14,white
PSMF1,white
PTEN,white
PTMA,white
PTPN12,white
PTPN4,white
PTPRG,white
PTPRK,white
PTPRN2,white
PTRH1,white
PUF60,white
PUS10,white
PUS7,white
PWP1,white
PXMP2,white
PXMP3,white
PXT1,white
PYGL,white
PYROXD1,white
QDPR,white
QKI,white
QRFPR,white
R3HCC1,white
R3HDM1,white
RAB11A,white
RAB12,white
RAB18,white
RAB1A,white
RAB1B,white
RAB20,white
RAB27A,white
RAB3C,white
RAB3GAP1,white
RAB3GAP2,white
RABAC1,white
RAD1,white
RAD51,white
RAD51AP2,white
RAD51L3,white
RAD52,white
RAG2,white
RAGE,white
RAI1,white
RALGAPA2,white
RANBP3L,white
RAPGEF6,white
RARA-AS1,white
RARRES3,white
RARS2,white
RASA1,white
RASA2,white
RASAL2,white
RASGRF2,white
RASGRP1,white
RASGRP2,white
RASL10A,white
RASSF4,white
RASSF7,white
RASSF8-AS1,white
RB1,white
RBBP6,white
RBM20,white
RBM24,white
RBM39,white
RBM4B,white
RBM6,white
RBM8A,white
RCHY1,white
RCL1,white
RCN1,white
RDH14,white
REG4,white
RELT,white
REPIN1,white
RERE,white
REV3L,white
REXO2,white
RFC2,white
RFC3,white
RFC4,white
RFPL4B,white
RFX1,white
RFX4,white
RFX5,white
RFX7,white
RGS12,white
RGS20,white
RHBDD1,white
RHBDD2,white
RHEBL1,white
RHOBTB3,white
RHOQ,white
RIC8A,white
RIC8B,white
RICTOR,white
RIF1,white
RINT1,white
RIOK2,white
RIPK2,white
RNASEK-C17ORF49,white
RNASEL,white
RNF111,white
RNF126P1,white
RNF130,white
RNF139,white
RNF145,white
RNF168,white
RNF175,white
RNF187,white
RNF219,white
RNF39,white
RNF40,white
RNF6,white
RNF8,white
RNFT2,white
RNGTT,white
RNPS1,white
ROCK1,white
ROM1,white
RORA,white
RP1,white
RPAP3,white
RPE,white
RPL13AP5,white
RPL23,white
RPL41,white
RPN2,white
RPP30,white
RPP40,white
RPPH1,white
RPRD1B,white
RPS24,white
RPS25,white
RPS3A,white
RPS6KA2,white
RPS6KB2,white
RPSA,white
RPSAP58,white
RPUSD4,white
RRAGD,white
RRM2B,white
RSBN1,white
RSL24D1,white
RSPO2,white
RSU1,white
RTN1,white
RTN4,white
RTN4IP1,white
RUFY1,white
RUNDC3A,white
RYR3,white
S100A6,white
S1PR1,white
SACM1L,white
SAFB2,white
SAG,white
SALL1,white
SALL2,white
SAMD12,white
SAMD13,white
SASH1,white
SC4MOL,white
SCAI,white
SCAMP2,white
SCAMP3,white
SCAND2,white
SCARB2,white
SCARF2,white
SCARNA16,white
SCCPDH,white
SCD,white
SCD5,white
SCHIP1,white
SCN1B,white
SCN2A,white
SCPEP1,white
SCYL2,white
SCYL3,white
SDAD1,white
SDC2,white
SDCBP2,white
SDCCAG1,white
SDE2,white
SDHD,white
SDR39U1,white
SEC1,white
SEC22A,white
SEC23B,white
SEC61A2,white
SEC61B,white
SECISBP2,white
SEH1L,white
SELENBP1,white
SEMA3E,white
SEMA5A,white
SEMA6A,white
SEMA6C,white
SEMA6D,white
SENP1,white
SEP-02,white
SEP-07,white
SEP-08,white
SEPHS2,white
SEPX1,white
SERAC1,white
SERBP1,white
SERGEF,white
SERINC3,white
SESN1,white
SESN2,white
SETD1A,white
SETD2,white
SETD8,white
SETMAR,white
SFMBT2,white
SFPQ,white
SFRP2,white
SFRP4,white
SFRS13B,white
SFRS18,white
SFRS5,white
SGCE,white
SGCZ,white
SGIP1,white
SGK1,white
SGPL1,white
SGTA,white
SH3BGR,white
SH3BP5L,white
SH3GL1,white
SH3RF1,white
SH3RF2,white
SHC4,white
SHF,white
SHMT2,white
SHQ1,white
SHTN1,white
SIAH1,white
SIM2,white
SIN3A,white
SKOR1,white
SKP2,white
SLC11A2,white
SLC12A7,white
SLC16A7,white
SLC25A17,white
SLC25A25,white
SLC25A36,white
SLC25A37,white
SLC25A46,white
SLC26A5,white
SLC29A2,white
SLC2A11,white
SLC2A14,white
SLC2A8,white
SLC30A5,white
SLC30A6,white
SLC32A1,white
SLC35E3,white
SLC35F3,white
SLC36A4,white
SLC38A2,white
SLC39A8,white
SLC39A9,white
SLC40A1,white
SLC43A3,white
SLC45A3,white
SLC4A8,white
SLC6A4,white
SLC8A1,white
SLC8A3,white
SLC9A3,white
SLC9A9,white
SLFN5,white
SLITRK1,white
SLITRK3,white
SLMAP,white
SLU7,white
SLX4IP,white
SMAD2,white
SMARCAD1,white
SMARCAL1,white
SMARCD2,white
SMARCD3,white
SMC3,white
SMC4,white
SMC5,white
SMC5-AS1,white
SMIM14,white
SMIM19,white
SND1,white
SNF8,white
SNHG5,white
SNORA21,white
SNORA76,white
SNORD1C,white
SNORD27,white
SNTB1,white
SNTB2,white
SNX19,white
SNX26,white
SNX5,white
SNX6,white
SNX8,white
SOCS2,white
SOCS7,white
SORCS3,white
SOX2OT,white
SPAST,white
SPATA13,white
SPATA18,white
SPATA2L,white
SPATA4,white
SPATA6,white
SPATS2L,white
SPC24,white
SPC25,white
SPCS3,white
SPG11,white
SPG7,white
SPHK1,white
SPIRE2,white
SPNS1,white
SPRY1,white
SPRY2,white
SPSB1,white
SPSB3,white
SPTBN1,white
SREK1,white
SRP14,white
SRP54,white
SRPK1,white
SSB,white
SSBP3,white
SSBP4,white
SSPN,white
SSR1,white
SSTR1,white
ST3GAL2,white
ST3GAL4,white
ST6GALNAC5,white
ST8SIA4,white
STAC,white
STARD4,white
STARD7,white
STAT4,white
STAT5B,white
STAT6,white
STAU2,white
STEAP2,white
STEAP3,white
STIP1,white
STK16,white
STK17B,white
STK19,white
STK24,white
STK32A,white
STK4,white
STK40,white
STMN1,white
STOML2,white
STRA13,white
STRADA,white
STX17,white
STX18,white
STX6,white
STXBP3,white
STYX,white
SUB1,white
SUCLG1,white
SUGT1P1,white
SULT1B1,white
SUPT5H,white
SUV39H2,white
SV2B,white
SV2C,white
SVIL,white
SWAP70,white
SYBU,white
SYNCRIP,white
SYNGAP1,white
SYNRG,white
SYT1,white
SYVN1,white
T,white
TACR1,white
TAF1B,white
TAF2,white
TAF3,white
TAF6,white
TAF9,white
TAGLN2,white
TAGLN3,white
TAL1,white
TALDO1,white
TAP2,white
TAPBP,white
TAPT1-AS1,white
TARBP1,white
TARS2,white
TAS1R1,white
TBC1D10B,white
TBC1D14,white
TBC1D15,white
TBC1D16,white
TBC1D19,white
TBC1D22A,white
TBC1D4,white
TBC1D7,white
TBCD,white
TBK1,white
TBL2,white
TBX4,white
TCEB3,white
TCF21,white
TCF3,white
TCF7,white
TDRD3,white
TEAD2,white
TEPP,white
TEX12,white
TEX14,white
TEX9,white
TFAP2C,white
TFAP2D,white
TFB1M,white
TFG,white
TFIP11,white
TGFA,white
TGFB2-AS1,white
THEGL,white
THNSL1,white
THRB-AS1,white
THSD4,white
THYN1,white
TIAL1,white
TIAM1,white
TIMELESS,white
TIMM8B,white
TINF2,white
TLE1,white
TLE3,white
TLK1,white
TLK2,white
TLL1,white
TLX1NB,white
TM9SF1,white
TMBIM6,white
TMC2,white
TMCC2,white
TMED5,white
TMED7,white
TMED9,white
TMEFF1,white
TMEM108,white
TMEM111,white
TMEM116,white
TMEM120A,white
TMEM132B,white
TMEM132C,white
TMEM134,white
TMEM14A,white
TMEM14C,white
TMEM150A,white
TMEM178,white
TMEM192,white
TMEM231,white
TMEM233,white
TMEM248,white
TMEM256,white
TMEM30A,white
TMEM39A,white
TMEM45A,white
TMEM5,white
TMEM51,white
TMEM61,white
TMEM62,white
TMEM63A,white
TMEM65,white
TMEM9,white
TMEM92,white
TMEM9B-AS1,white
TMOD2,white
TMPO-AS1,white
TMTC2,white
TMUB2,white
TMX2,white
TMX3,white
TNFAIP8,white
TNIP1,white
TNIP2,white
TNK2,white
TNRC6A,white
TOB2,white
TOP1MT,white
TOP1P2,white
TOP2A,white
TOP3B,white
TOPBP1,white
TP53INP1,white
TPCN1,white
TPD52,white
TPH2,white
TPM1,white
TPP2,white
TPT1,white
TRAF3IP1,white
TRAIP,white
TRAM2,white
TRANK1,white
TRIB3,white
TRIM2,white
TRIM27,white
TRIM39,white
TRIM4,white
TRIM41,white
TRIM46,white
TRIM52,white
TRIM61,white
TRIP12,white
TRIP4,white
TRMT61B,white
TRPC3,white
TRPC6,white
TRUB2,white
TSC22D1,white
TSEN15,white
TSEN2,white
TSHZ2,white
TSNAXIP1,white
TSPAN11,white
TSPAN19,white
TSPAN2,white
TSPO,white
TSPYL1,white
TSTD2,white
TTC1,white
TTC16,white
TTC18,white
TTC29,white
TTC32,white
TTC33,white
TTC5,white
TTF2,white
TTI2,white
TTLL7,white
TTLL9,white
TTYH1,white
TTYH3,white
TUBD1,white
TWSG1,white
TXN2,white
TXNDC12,white
TXNIP,white
TXNL4B,white
TXNRD1,white
TXNRD2,white
TYK2,white
TYRO3,white
TYW3,white
UBA52,white
UBAP1,white
UBE2D2,white
UBE2D3,white
UBE2E1,white
UBE2E3,white
UBE2F,white
UBE2I,white
UBE2L6,white
UBE2M,white
UBE2U,white
UBE2V2,white
UBE2W,white
UBE2Z,white
UBE4A,white
UBL7,white
UBLCP1,white
UBQLN1,white
UBTD1,white
UCHL5,white
UFM1,white
UGGT2,white
UGP2,white
UGT3A2,white
UQCRB,white
UQCRFS1,white
UQCRQ,white
USH1C,white
USP1,white
USP24,white
USP30,white
USP38,white
USP4,white
UXS1,white
VARS2,white
VAT1,white
VCP,white
VIMP,white
VKORC1,white
VMAC,white
VPS13B,white
VPS24,white
VPS37C,white
VPS41,white
VPS45,white
VPS53,white
VSIG10,white
VSNL1,white
VSTM2A,white
VSX1,white
VSX2,white
VTA1,white
VTRNA1-1,white
WAPAL,white
WASF1,white
WBP11,white
WDR1,white
WDR27,white
WDR36,white
WDR47,white
WDR54,white
WDR5B,white
WDR60,white
WDR62,white
WDR63,white
WDR67,white
WDR74,white
WDR75,white
WDR77,white
WDR78,white
WDR82,white
WDR90,white
WDR92,white
WDYHV1,white
WHAMM,white
WIPF2,white
WNK1,white
WNK4,white
WNT2B,white
WNT3A,white
WNT9B,white
WSCD1,white
WSCD2,white
WWOX,white
XKR4,white
XKR6,white
XKR7,white
XPO4,white
XPO7,white
XPR1,white
XRCC1,white
XRCC6,white
YAF2,white
YLPM1,white
YME1L1,white
YPEL5,white
ZAR1,white
ZBTB12,white
ZBTB20,white
ZBTB39,white
ZBTB44,white
ZBTB8B,white
ZC3H13,white
ZC3H4,white
ZC3H8,white
ZCCHC3,white
ZCCHC6,white
ZDBF2,white
ZDHHC13,white
ZDHHC14,white
ZDHHC8,white
ZEB1,white
ZEB2-AS1,white
ZFAND6,white
ZFP14,white
ZFYVE1,white
ZFYVE27,white
ZFYVE28,white
ZFYVE9,white
ZHX2,white
ZIC2,white
ZKSCAN2,white
ZMIZ2,white
ZMYM4,white
ZMYND11,white
ZMYND12,white
ZMYND8,white
ZNF134,white
ZNF148,white
ZNF169,white
ZNF175,white
ZNF18,white
ZNF181,white
ZNF189,white
ZNF20,white
ZNF202,white
ZNF212,white
ZNF214,white
ZNF221,white
ZNF224,white
ZNF226,white
ZNF23,white
ZNF25,white
ZNF26,white
ZNF3,white
ZNF317,white
ZNF32,white
ZNF331,white
ZNF34,white
ZNF35,white
ZNF350,white
ZNF354A,white
ZNF362,white
ZNF37B,white
ZNF418,white
ZNF426,white
ZNF43,white
ZNF430,white
ZNF432,white
ZNF446,white
ZNF460,white
ZNF461,white
ZNF471,white
ZNF48,white
ZNF503-AS2,white
ZNF524,white
ZNF526,white
ZNF555,white
ZNF562,white
ZNF574,white
ZNF575,white
ZNF577,white
ZNF581,white
ZNF585B,white
ZNF586,white
ZNF618,white
ZNF620,white
ZNF623,white
ZNF624,white
ZNF646,white
ZNF652,white
ZNF655,white
ZNF668,white
ZNF677,white
ZNF678,white
ZNF681,white
ZNF682,white
ZNF688,white
ZNF691,white
ZNF695,white
ZNF696,white
ZNF702P,white
ZNF706,white
ZNF709,white
ZNF76,white
ZNF764,white
ZNF782,white
ZNF783,white
ZNF878,white
ZNHIT2,white
ZNRF2,white
ZRANB2,white
ZSCAN1,white
ZSCAN21,white
ZSCAN9,white
ZSWIM3,white
ZW10,white
ZWINT,white
AANAT,yellow
AASDHPPT,yellow
AATF,yellow
ABCA4,yellow
ABCC5,yellow
ABHD10,yellow
ABHD12,yellow
ABLIM1,yellow
ABRA,yellow
ABTB2,yellow
ACAN,yellow
ACIN1,yellow
ACOT7,yellow
ACSF3,yellow
ACSM2B,yellow
ACTL7A,yellow
ACTN1,yellow
ADAM12,yellow
ADAMTS1,yellow
ADAMTS18,yellow
ADAMTS2,yellow
ADAMTS3,yellow
ADAMTS6,yellow
ADAMTSL1,yellow
ADAP1,yellow
ADARB1,yellow
ADARB2,yellow
ADC,yellow
ADCK3,yellow
ADCY9,yellow
ADD2,yellow
ADHFE1,yellow
ADM,yellow
ADNP2,yellow
AFAP1,yellow
AFF3,yellow
AGAP1,yellow
AGL,yellow
AGPAT4,yellow
AGT,yellow
AGTR1,yellow
AHNAK2,yellow
AHRR,yellow
AIF1L,yellow
AIRN,yellow
AK8,yellow
AKAP12,yellow
AKR1D1,yellow
ALDH3B1,yellow
ALDH7A1,yellow
ALG1,yellow
ALK,yellow
AMDHD1,yellow
AMIGO2,yellow
AMN1,yellow
ANAPC16,yellow
ANGPTL2,yellow
ANKRD11,yellow
ANKRD30B,yellow
ANKRD34C,yellow
ANKRD44,yellow
ANO1,yellow
ANP32A,yellow
ANTXR1,yellow
AOAH,yellow
AP1S1,yellow
AP2A2,yellow
APBA2,yellow
APBB2,yellow
APOA1BP,yellow
APP,yellow
ARAP3,yellow
ARFGAP1,yellow
ARHGAP18,yellow
ARHGAP22,yellow
ARHGAP26,yellow
ARHGEF10,yellow
ARHGEF10L,yellow
ARHGEF19,yellow
ARHGEF2,yellow
ARHGEF38,yellow
ARID1B,yellow
ARID4B,yellow
ARMC3,yellow
ARPP-21,yellow
ARPP21,yellow
ARVCF,yellow
ASAH1,yellow
ASB2,yellow
ASPDH,yellow
ATAD3B,yellow
ATF6,yellow
ATG10,yellow
ATG16L1,yellow
ATM,yellow
ATN1,yellow
ATP11A,yellow
ATP1B1,yellow
ATP2B2,yellow
ATP2C1,yellow
ATP5G1,yellow
ATP6V0A2,yellow
ATP6V1G1,yellow
ATP6V1H,yellow
ATP8A2,yellow
ATP8B3,yellow
ATXN1,yellow
AURKAIP1,yellow
AXIN1,yellow
AXL,yellow
B3GNT9,yellow
BACH1,yellow
BACH2,yellow
BAHCC1,yellow
BAZ1A,yellow
BCAM,yellow
BCAN,yellow
BCL2L1,yellow
BCL6,yellow
BCMO1,yellow
BDH1,yellow
BEGAIN,yellow
BEST3,yellow
BET1,yellow
BICD1,yellow
BOD1,yellow
BRD1,yellow
BRD2,yellow
BRF1,yellow
BRP44L,yellow
BRSK2,yellow
BRUNOL4,yellow
BSN,yellow
BTAF1,yellow
BTNL9,yellow
C10ORF128,yellow
C11ORF75,yellow
C12ORF45,yellow
C12ORF49,yellow
C12ORF54,yellow
C12ORF75,yellow
C14ORF43,yellow
C15ORF23,yellow
C15ORF27,yellow
C17ORF62,yellow
C17ORF63,yellow
C18ORF22,yellow
C1ORF122,yellow
C1ORF127,yellow
C1ORF187,yellow
C1ORF88,yellow
C1QL2,yellow
C1QTNF5,yellow
C20ORF108,yellow
C20ORF196,yellow
C20ORF20,yellow
C21ORF70,yellow
C21ORF91,yellow
C2ORF63,yellow
C2ORF68,yellow
C2ORF81,yellow
C3ORF25,yellow
C3ORF39,yellow
C3ORF72,yellow
C4ORF6,yellow
C6ORF138,yellow
C6ORF52,yellow
C7ORF50,yellow
C8ORF34,yellow
C8ORF41,yellow
C8ORF42,yellow
C9ORF152,yellow
C9ORF171,yellow
C9ORF72,yellow
CABLES1,yellow
CACNA1G,yellow
CACNA1I,yellow
CACNA2D4,yellow
CACNB4,yellow
CACNG8,yellow
CADM1,yellow
CALN1,yellow
CALY,yellow
CAMK2D,yellow
CAMK4,yellow
CAMKK2,yellow
CAMTA1,yellow
CARS,yellow
CARS2,yellow
CASP2,yellow
CASP7,yellow
CASP8AP2,yellow
CASR,yellow
CBFA2T3,yellow
CBX8,yellow
CCBE1,yellow
CCDC102B,yellow
CCDC12,yellow
CCDC137,yellow
CCDC141,yellow
CCDC146,yellow
CCDC6,yellow
CCNE2,yellow
CCNF,yellow
CCNJL,yellow
CCNO,yellow
CD47,yellow
CD9,yellow
CDADC1,yellow
CDC42BPB,yellow
CDCA7L,yellow
CDH10,yellow
CDH23,yellow
CDH4,yellow
CDH5,yellow
CDH7,yellow
CDH8,yellow
CDK15,yellow
CDK5RAP1,yellow
CDKAL1,yellow
CDKL2,yellow
CDKN1A,yellow
CDON,yellow
CDR2L,yellow
CEBPB,yellow
CEBPE,yellow
CEL,yellow
CENPF,yellow
CENPP,yellow
CEP162,yellow
CEP57,yellow
CEP68,yellow
CEP72,yellow
CERS6,yellow
CFAP45,yellow
CFAP46,yellow
CFAP61,yellow
CH25H,yellow
CHCHD2,yellow
CHCHD3,yellow
CHD7,yellow
CHD9,yellow
CHDH,yellow
CHN2,yellow
CHP,yellow
CHRDL2,yellow
CHRNA7,yellow
CHST12,yellow
CHST14,yellow
CHST8,yellow
CLEC12B,yellow
CLIP2,yellow
CLPTM1L,yellow
CLSTN3,yellow
CLU,yellow
CLYBL,yellow
CMTM7,yellow
CNNM2,yellow
CNNM4,yellow
CNTLN,yellow
COBL,yellow
COBLL1,yellow
COG7,yellow
COL18A1,yellow
COL23A1,yellow
COL4A1,yellow
COMMD10,yellow
COPB1,yellow
COPS8,yellow
CORO1A,yellow
COX5B,yellow
CPLX1,yellow
CPLX2,yellow
CRABP1,yellow
CREB5,yellow
CRELD1,yellow
CRHR1,yellow
CRISPLD2,yellow
CRNKL1,yellow
CRTAM,yellow
CRY1,yellow
CRYAA,yellow
CRYBA2,yellow
CRYZ,yellow
CTBP1,yellow
CTBP2,yellow
CTIF,yellow
CTNNA2,yellow
CUBN,yellow
CUX1,yellow
CWC22,yellow
CXCL12,yellow
CXXC5,yellow
CYB5R3,yellow
CYFIP1,yellow
CYLD,yellow
CYP1B1,yellow
CYP26B1,yellow
CYP51A1,yellow
CYTL1,yellow
DAB2IP,yellow
DALRD3,yellow
DCHS2,yellow
DCI,yellow
DCTD,yellow
DDAH1,yellow
DDB1,yellow
DDO,yellow
DDX31,yellow
DDX60,yellow
DEAF1,yellow
DEGS2,yellow
DENND4C,yellow
DENND6B,yellow
DFFA,yellow
DFNB31,yellow
DGCR6,yellow
DGCR8,yellow
DGKA,yellow
DGKG,yellow
DGKI,yellow
DGKQ,yellow
DHX9,yellow
DIDO1,yellow
DIP2A,yellow
DIP2B,yellow
DIRAS2,yellow
DISC1,yellow
DLEU7,yellow
DLG2,yellow
DLGAP2,yellow
DLX6AS,yellow
DMKN,yellow
DMRTA1,yellow
DNAAF5,yellow
DNAH11,yellow
DNAH17,yellow
DNAH3,yellow
DNAH9,yellow
DNAJC17,yellow
DNAJC5,yellow
DNER,yellow
DNLZ,yellow
DOCK1,yellow
DOCK10,yellow
DOCK4,yellow
DOCK5,yellow
DOCK9,yellow
DOK7,yellow
DOT1L,yellow
DPF3,yellow
DPP9-AS1,yellow
DPYSL4,yellow
DPYSL5,yellow
DTNB,yellow
DUSP1,yellow
DUSP22,yellow
DUSP27,yellow
DVL2,yellow
DYSF,yellow
ECE1,yellow
ECHDC3,yellow
ECI1,yellow
EDC3,yellow
EDEM1,yellow
EDEM2,yellow
EFHD1,yellow
EFR3B,yellow
EFTUD1,yellow
EGF,yellow
EGLN3,yellow
EHD1,yellow
EHMT1,yellow
EHMT2,yellow
EIF1AD,yellow
EIF2AK4,yellow
EIF5,yellow
ELAVL3,yellow
ELFN1,yellow
ELFN2,yellow
ELL,yellow
ELMO1,yellow
ELOVL1,yellow
ELSPBP1,yellow
EMILIN1,yellow
EML3,yellow
EMP1,yellow
ENOSF1,yellow
ENPP5,yellow
EOGT,yellow
EP400NL,yellow
EPB41L3,yellow
EPHA1-AS1,yellow
EPHB1,yellow
EPS15,yellow
EPS8L2,yellow
ERC2,yellow
ERCC6L2,yellow
ERGIC1,yellow
ERICH1,yellow
EVL,yellow
EXO1,yellow
EYA1,yellow
EZR,yellow
F2RL1,yellow
FAAH,yellow
FAM101A,yellow
FAM107A,yellow
FAM110B,yellow
FAM118B,yellow
FAM124A,yellow
FAM131B,yellow
FAM135B,yellow
FAM160A1,yellow
FAM175A,yellow
FAM190B,yellow
FAM19A3,yellow
FAM19A5,yellow
FAM204A,yellow
FAM20C,yellow
FAM43B,yellow
FAM47E,yellow
FAM53A,yellow
FAM63A,yellow
FAM66A,yellow
FAM83B,yellow
FAM98C,yellow
FANCC,yellow
FARS2,yellow
FAT2,yellow
FBRSL1,yellow
FBXO2,yellow
FBXO21,yellow
FBXO31,yellow
FBXO34,yellow
FCHSD1,yellow
FDXACB1,yellow
FER,yellow
FER1L6,yellow
FGF1,yellow
FGF10,yellow
FGF19,yellow
FGF2,yellow
FGFR4,yellow
FIBCD1,yellow
FILIP1,yellow
FKBP11,yellow
FKBP1A-SDCBP2,yellow
FKBP5,yellow
FLJ43663,yellow
FLJ45983,yellow
FLNB,yellow
FLT3LG,yellow
FLVCR2,yellow
FMN2,yellow
FMO6P,yellow
FN3K,yellow
FNDC3B,yellow
FOLR1,yellow
FOXI2,yellow
FOXJ3,yellow
FOXK1,yellow
FOXK2,yellow
FOXN2,yellow
FOXN3,yellow
FOXO1,yellow
FPGT,yellow
FREM1,yellow
FRYL,yellow
FSTL4,yellow
FUCA2,yellow
FURIN,yellow
FUZ,yellow
FXYD5,yellow
FXYD6,yellow
GABBR2,yellow
GABRB2,yellow
GADD45G,yellow
GAK,yellow
GALC,yellow
GALNT15,yellow
GALNT18,yellow
GALNT9,yellow
GALNTL2,yellow
GAP43,yellow
GART,yellow
GATAD2A,yellow
GATM,yellow
GCC1,yellow
GDA,yellow
GDI2,yellow
GDPD5,yellow
GFPT1,yellow
GFRA2,yellow
GHR,yellow
GJB6,yellow
GLG1,yellow
GLT8D2,yellow
GMEB2,yellow
GNA11,yellow
GNA12,yellow
GNB1,yellow
GOLGA1,yellow
GOLGA3,yellow
GOLM1,yellow
GOT1,yellow
GPR110,yellow
GPR12,yellow
GPR133,yellow
GPR156,yellow
GPR39,yellow
GPR68,yellow
GPR85,yellow
GPRIN2,yellow
GPSM1,yellow
GPSM2,yellow
GPX5,yellow
GRAMD1B,yellow
GRAMD2,yellow
GRB10,yellow
GRIFIN,yellow
GRIK2,yellow
GRK4,yellow
GRK5,yellow
GRM4,yellow
GRM8,yellow
GUCY1B2,yellow
HAX1,yellow
HCG9,yellow
HDAC11,yellow
HDAC4,yellow
HDGFRP3,yellow
HEATR2,yellow
HECTD4,yellow
HHAT,yellow
HHLA1,yellow
HIST1H2AB,yellow
HIST1H2AG,yellow
HIST1H2BG,yellow
HIST1H4A,yellow
HIST1H4L,yellow
HIVEP2,yellow
HIVEP3,yellow
HK1,yellow
HLA-DMA,yellow
HLA-DQB2,yellow
HLX,yellow
HMGA2,yellow
HNRNPF,yellow
HOMER2,yellow
HOPX,yellow
HOXC8,yellow
HPCAL1,yellow
HRASLS5,yellow
HRNBP3,yellow
HS3ST1,yellow
HSPA1B,yellow
HSPB2,yellow
HSPB6,yellow
HSPB8,yellow
HSPE1,yellow
HSPH1,yellow
HTR1E,yellow
HTR3B,yellow
IBA57,yellow
IFFO2,yellow
IFIH1,yellow
IGF1R,yellow
IGF2AS,yellow
IGFALS,yellow
IGSF9B,yellow
IKBIP,yellow
IKZF1,yellow
IL16,yellow
IL6R,yellow
IL6ST,yellow
IMMP1L,yellow
IMMT,yellow
ING4,yellow
INPP5A,yellow
INPP5B,yellow
INSR,yellow
IPPK,yellow
IQGAP2,yellow
IRF2,yellow
ISM1,yellow
ISPD,yellow
ITCH,yellow
ITGA11,yellow
ITGAE,yellow
ITGB5,yellow
ITGBL1,yellow
ITPKB,yellow
ITPR2,yellow
JAKMIP1,yellow
JARID2,yellow
JAZF1,yellow
JMJD1C,yellow
JMJD5,yellow
JMJD8,yellow
JRK,yellow
JUB,yellow
KANK1,yellow
KANK2,yellow
KANK3,yellow
KAT6A,yellow
KAZN,yellow
KBTBD11,yellow
KBTBD11-OT1,yellow
KCNA1,yellow
KCNC1,yellow
KCND3,yellow
KCNK9,yellow
KCNMA1,yellow
KCNMB4,yellow
KCNN3,yellow
KCNQ1,yellow
KCNQ4,yellow
KCNQ5,yellow
KDM1A,yellow
KDM4B,yellow
KIAA0087,yellow
KIAA0182,yellow
KIAA0319L,yellow
KIAA0664,yellow
KIAA0895,yellow
KIAA0930,yellow
KIAA1683,yellow
KIAA1688,yellow
KIAA1958,yellow
KIF26B,yellow
KIF5C,yellow
KLF13,yellow
KLHDC4,yellow
KLHDC7A,yellow
KLHL29,yellow
KLHL3,yellow
KLHL9,yellow
KNDC1,yellow
KPNA4,yellow
KRTAP27-1,yellow
KRTAP29-1,yellow
L1TD1,yellow
LAMA2,yellow
LANCL2,yellow
LATS1,yellow
LATS2,yellow
LCN8,yellow
LDLRAD4,yellow
LDOC1L,yellow
LEMD2,yellow
LEPREL1,yellow
LFNG,yellow
LGMN,yellow
LHFP,yellow
LHFPL2,yellow
LHFPL3-AS2,yellow
LIMA1,yellow
LIMCH1,yellow
LINC00461,yellow
LINC00559,yellow
LINC00562,yellow
LINC00578,yellow
LINC00616,yellow
LINC00669,yellow
LINC00693,yellow
LINC01091,yellow
LINC01121,yellow
LINC01182,yellow
LINC01314,yellow
LINC01399,yellow
LINC01572,yellow
LINC01587,yellow
LINCR-0001,yellow
LINGO1,yellow
LMAN1L,yellow
LMTK2,yellow
LMX1B,yellow
LOC100129461,yellow
LOC100130872,yellow
LOC100132215,yellow
LOC100271722,yellow
LOC100292680,yellow
LOC100506124,yellow
LOC100507175,yellow
LOC100507250,yellow
LOC100996251,yellow
LOC101926966,yellow
LOC101927286,yellow
LOC101927697,yellow
LOC101928135,yellow
LOC101928516,yellow
LOC101928565,yellow
LOC101929095,yellow
LOC101929268,yellow
LOC101929753,yellow
LOC102467080,yellow
LOC102724312,yellow
LOC102724450,yellow
LOC105376360,yellow
LOC134466,yellow
LOC219347,yellow
LOC283050,yellow
LOC283177,yellow
LOC284688,yellow
LOC285375,yellow
LOC339622,yellow
LOC390858,yellow
LOC399959,yellow
LOC401397,yellow
LOC401431,yellow
LOC401463,yellow
LOC492303,yellow
LOC619207,yellow
LOC643072,yellow
LOC650226,yellow
LOC654841,yellow
LPAR3,yellow
LPCAT1,yellow
LPP,yellow
LRBA,yellow
LRCH1,yellow
LRCOL1,yellow
LRIG1,yellow
LRIT1,yellow
LRP1,yellow
LRPAP1,yellow
LRRC1,yellow
LRRC3B,yellow
LRRC43,yellow
LRRC8B,yellow
LRRFIP1,yellow
LSM14A,yellow
LTC4S,yellow
LYNX1,yellow
MACROD1,yellow
MAD1L1,yellow
MAEA,yellow
MAGI2,yellow
MAL,yellow
MAML3,yellow
MAMSTR,yellow
MAP1S,yellow
MAP2K6,yellow
MAP3K13,yellow
MAP3K14,yellow
MAP3K6,yellow
MAP3K9,yellow
MAP7,yellow
MAPKSP1,yellow
MAPT,yellow
MAR-01,yellow
MAX,yellow
MBTPS1,yellow
MCC,yellow
MCF2L,yellow
MCF2L2,yellow
MCU,yellow
MDFI,yellow
MED31,yellow
MEGF11,yellow
MEI1,yellow
MEOX2,yellow
METTL13,yellow
METTL15,yellow
METTL3,yellow
METTL7A,yellow
MFNG,yellow
MFSD4,yellow
MGAT1,yellow
MGMT,yellow
MICAL2,yellow
MICALL2,yellow
MIR181A1HG,yellow
MIR181A2HG,yellow
MIR4458HG,yellow
MIR496,yellow
MIR548F5,yellow
MIR548H4,yellow
MIR548W,yellow
MIR662,yellow
MKL1,yellow
MKNK2,yellow
MLF1IP,yellow
MLH3,yellow
MLL2,yellow
MLYCD,yellow
MMP9,yellow
MMS19,yellow
MOBKL2C,yellow
MORN1,yellow
MPRIP,yellow
MRAP,yellow
MRGPRF,yellow
MRLN,yellow
MRPL23-AS1,yellow
MRPL28,yellow
MRVI1,yellow
MSH3,yellow
MSH4,yellow
MSH5,yellow
MSRA,yellow
MT1M,yellow
MTCH1,yellow
MTCL1,yellow
MTHFD1L,yellow
MTMR12,yellow
MTO1,yellow
MTSS1,yellow
MTUS1,yellow
MUC19,yellow
MYH10,yellow
MYLK-AS1,yellow
MYO15A,yellow
MYO15B,yellow
MYO18A,yellow
MYO1H,yellow
MYO3B,yellow
MYO5C,yellow
MYOM2,yellow
MYRIP,yellow
MYT1L,yellow
NAA16,yellow
NAA38,yellow
NAALADL2,yellow
NAPRT,yellow
NAT8L,yellow
NAV1,yellow
NAV3,yellow
NBL1,yellow
NCALD,yellow
NCAPD3,yellow
NCEH1,yellow
NCK2,yellow
NCKAP5,yellow
NCOA2,yellow
NCRNA00028,yellow
NDRG4,yellow
NEAT1,yellow
NEBL,yellow
NEDD4L,yellow
NEU1,yellow
NEURL1,yellow
NEUROD6,yellow
NEXN,yellow
NFATC1,yellow
NFATC2,yellow
NFATC4,yellow
NFE2L1,yellow
NFIA,yellow
NFIB,yellow
NFIC,yellow
NFIX,yellow
NFKB2,yellow
NFKBIZ,yellow
NFRKB,yellow
NFYA,yellow
NIPAL3,yellow
NKAIN2,yellow
NLRP11,yellow
NMS,yellow
NPFFR1,yellow
NPTX2,yellow
NR2C2,yellow
NR2F2-AS1,yellow
NR3C1,yellow
NRARP,yellow
NRSN1,yellow
NRXN1,yellow
NRXN3,yellow
NSUN2,yellow
NT5C2,yellow
NTM,yellow
NTN1,yellow
NTNG1,yellow
NTSR1,yellow
NUAK1,yellow
NUDCD1,yellow
NUFIP1,yellow
NUP85,yellow
NXN,yellow
NXPH1,yellow
OPCML,yellow
OR2T11,yellow
OR8D4,yellow
OSBPL3,yellow
OSCP1,yellow
OSER1,yellow
OSR2,yellow
OTP,yellow
OXCT1,yellow
P11,yellow
PACSIN2,yellow
PAFAH2,yellow
PAG1,yellow
PAK4,yellow
PAK6,yellow
PALMD,yellow
PANK4,yellow
PAPL,yellow
PARD3B,yellow
PARD6G,yellow
PARK2,yellow
PARS2,yellow
PAX2,yellow
PAX6,yellow
PAXIP1,yellow
PCBP3,yellow
PCCA,yellow
PCDHB9,yellow
PCNXL2,yellow
PCSK6,yellow
PCSK9,yellow
PDE10A,yellow
PDE11A,yellow
PDE1A,yellow
PDE1C,yellow
PDE4B,yellow
PDE4D,yellow
PDGFC,yellow
PDK4,yellow
PDPK1,yellow
PDXP,yellow
PEX12,yellow
PEX14,yellow
PFKP,yellow
PGCP,yellow
PHC2,yellow
PHLPP1,yellow
PHYHIP,yellow
PHYKPL,yellow
PIEZO2,yellow
PIGF,yellow
PIGG,yellow
PIGH,yellow
PIGT,yellow
PIK3R2,yellow
PINK1,yellow
PIP5K1C,yellow
PITPNC1,yellow
PIWIL1,yellow
PIWIL2,yellow
PKHD1L1,yellow
PKNOX1,yellow
PKP4,yellow
PLAT,yellow
PLCD1,yellow
PLCG2,yellow
PLCL2,yellow
PLCXD3,yellow
PLD5,yellow
PLEC,yellow
PLEKHA6,yellow
PLEKHG3,yellow
PLEKHN1,yellow
PLET1,yellow
PLRG1,yellow
PLXNB2,yellow
PLXNC1,yellow
PMFBP1,yellow
PMVK,yellow
PNKD,yellow
POGZ,yellow
POLD3,yellow
POLDIP3,yellow
POLQ,yellow
POLR1A,yellow
POU5F1,yellow
PPAPDC3,yellow
PPFIA3,yellow
PPFIA4,yellow
PPFIBP2,yellow
PPM1D,yellow
PPM1K,yellow
PPP1R1C,yellow
PPP2R5A,yellow
PPP3CA,yellow
PRCP,yellow
PRDM10,yellow
PRDM16,yellow
PRDM6,yellow
PRELID2,yellow
PREX2,yellow
PRKAR1B,yellow
PRKCA,yellow
PRKCD,yellow
PRKCG,yellow
PRKCZ,yellow
PRKD2,yellow
PRMT7,yellow
PROSAPIP1,yellow
PROSER2-AS1,yellow
PROX2,yellow
PRR15,yellow
PRRC1,yellow
PRRT1,yellow
PRUNE,yellow
PRUNE2,yellow
PSPN,yellow
PSTPIP1,yellow
PTBP1,yellow
PTCH1,yellow
PTH1R,yellow
PTPN6,yellow
PTPRN2,yellow
PTPRU,yellow
PTPRV,yellow
PTRF,yellow
PWP1,yellow
PYROXD1,yellow
PYROXD2,yellow
QTRTD1,yellow
RAB11FIP3,yellow
RAB37,yellow
RAB40C,yellow
RACGAP1,yellow
RAD51B,yellow
RAET1K,yellow
RAMP1,yellow
RANBP3,yellow
RAP1GAP2,yellow
RAPGEF1,yellow
RAPGEF4,yellow
RARRES2,yellow
RASA3,yellow
RASGEF1B,yellow
RASGEF1C,yellow
RASSF2,yellow
RBAK,yellow
RBCK1,yellow
RBFOX3,yellow
RBL1,yellow
RBM25,yellow
RBM33,yellow
RBM47,yellow
RBMS3,yellow
RBP4,yellow
RBPJ,yellow
RCAN3,yellow
RCHY1,yellow
RCSD1,yellow
RDX,yellow
RECQL,yellow
RECQL5,yellow
RELB,yellow
REV3L,yellow
RFC3,yellow
RGS14,yellow
RGS20,yellow
RGS9,yellow
RHO,yellow
RHOBTB1,yellow
RHOU,yellow
RHPN1,yellow
RIMBP2,yellow
RIMKLA,yellow
RIMKLB,yellow
RIMS1,yellow
RMND5A,yellow
RNASEN,yellow
RNF212,yellow
RNF220,yellow
RNH1,yellow
RNU6-71P,yellow
ROR1,yellow
ROR2,yellow
RPAP2,yellow
RPH3AL,yellow
RPRD2,yellow
RPS10,yellow
RPS25,yellow
RPS6KA2,yellow
RPTOR,yellow
RREB1,yellow
RSPH4A,yellow
RTDR1,yellow
RUNX1,yellow
RUNX1T1,yellow
RYK,yellow
S100A13,yellow
S1PR3,yellow
SAMD13,yellow
SAPS2,yellow
SBDSP1,yellow
SBF1,yellow
SCARA5,yellow
SCART1,yellow
SCGB2B3P,yellow
SCGB3A1,yellow
SCHIP1,yellow
SCIN,yellow
SCN1B,yellow
SCNN1G,yellow
SCUBE1,yellow
SDCCAG8,yellow
SDK1,yellow
SEL1L3,yellow
SEMA3A,yellow
SEMA3D,yellow
SEMA3E,yellow
SEP-09,yellow
SEP-11,yellow
SEPN1,yellow
SERINC3,yellow
SERPINA3,yellow
SERPINB9P1,yellow
SERPINH1,yellow
SEZ6L2,yellow
SF3B5,yellow
SFMBT2,yellow
SFRP1,yellow
SGK1,yellow
SGK196,yellow
SGK3,yellow
SGOL1-AS1,yellow
SH3BP4,yellow
SH3GL1,yellow
SH3PXD2A,yellow
SH3PXD2B,yellow
SHANK2,yellow
SHANK3,yellow
SHF,yellow
SHISA7,yellow
SHPK,yellow
SKI,yellow
SLBP,yellow
SLC10A5,yellow
SLC12A1,yellow
SLC12A7,yellow
SLC13A3,yellow
SLC15A4,yellow
SLC16A1,yellow
SLC16A12,yellow
SLC19A1,yellow
SLC25A22,yellow
SLC25A33,yellow
SLC25A38,yellow
SLC26A2,yellow
SLC28A1,yellow
SLC38A1,yellow
SLC38A10,yellow
SLC39A10,yellow
SLC43A2,yellow
SLC4A8,yellow
SLC6A17,yellow
SLC6A18,yellow
SLC7A6,yellow
SLC7A8,yellow
SLC8A2,yellow
SLC9A3R1,yellow
SLFN11,yellow
SLIT1,yellow
SLIT3,yellow
SMAD6,yellow
SMAD7,yellow
SMARCB1,yellow
SMC2,yellow
SMOC2,yellow
SMPDL3A,yellow
SMPDL3B,yellow
SMU1,yellow
SMUG1,yellow
SMYD2,yellow
SMYD3,yellow
SMYD4,yellow
SNCAIP,yellow
SND1,yellow
SNHG8,yellow
SNORD104,yellow
SNTG2,yellow
SNX2,yellow
SNX26,yellow
SNX5,yellow
SOCS1,yellow
SOCS4,yellow
SOLH,yellow
SORBS2,yellow
SORCS2,yellow
SP110,yellow
SPATA31E1,yellow
SPECC1,yellow
SPEN,yellow
SPINT2,yellow
SPIRE2,yellow
SPOCK2,yellow
SPON2,yellow
SPTBN5,yellow
SRGAP2,yellow
SRGAP3,yellow
SRRM2,yellow
SRRM3,yellow
SRRT,yellow
SSH1,yellow
ST14,yellow
ST18,yellow
ST3GAL2,yellow
ST3GAL4,yellow
ST3GAL6,yellow
ST6GAL1,yellow
ST7,yellow
STARD10,yellow
STARD13,yellow
STAT5B,yellow
STK10,yellow
STK11,yellow
STK32C,yellow
STK39,yellow
STRA6,yellow
STRA8,yellow
SUFU,yellow
SULT1E1,yellow
SUV39H2,yellow
SV2B,yellow
SVIL,yellow
SYBU,yellow
SYCP1,yellow
SYK,yellow
SYNE2,yellow
SYT1,yellow
SYT5,yellow
TADA1,yellow
TAOK3,yellow
TAPBPL,yellow
TBC1D1,yellow
TBC1D16,yellow
TBCD,yellow
TBX1,yellow
TC2N,yellow
TCEA2,yellow
TCERG1L,yellow
TCF4,yellow
TDH,yellow
TDRKH,yellow
TEAD1,yellow
TECPR2,yellow
TECTA,yellow
TEKT3,yellow
TENC1,yellow
TERT,yellow
TFAP2A,yellow
TFAP2B,yellow
TFAP2D,yellow
TFEB,yellow
TGFBR3,yellow
THADA,yellow
THAP4,yellow
THOP1,yellow
TIAM1,yellow
TIPARP,yellow
TLL2,yellow
TMC1,yellow
TMCC1,yellow
TMCC2,yellow
TMCO1,yellow
TMCO3,yellow
TMCO4,yellow
TMEM117,yellow
TMEM120B,yellow
TMEM132E,yellow
TMEM163,yellow
TMEM184B,yellow
TMEM192,yellow
TMEM196,yellow
TMEM229B,yellow
TMEM231,yellow
TMEM5,yellow
TMEM51,yellow
TMEM97,yellow
TMEM9B,yellow
TMOD1,yellow
TMOD2,yellow
TNFAIP3,yellow
TNFRSF11B,yellow
TNIP1,yellow
TNNT3,yellow
TNPO1,yellow
TNRC18,yellow
TNRC6B,yellow
TOP1MT,yellow
TOX,yellow
TP53INP1,yellow
TPCN2,yellow
TPD52,yellow
TPST1,yellow
TRABD2A,yellow
TRAF3,yellow
TRAPPC9,yellow
TREML4,yellow
TRIM26,yellow
TRIM27,yellow
TRIM31,yellow
TRIM46,yellow
TRIM47,yellow
TRIM59,yellow
TRPC4AP,yellow
TRPM3,yellow
TRRAP,yellow
TRUB1,yellow
TSC22D1,yellow
TSPAN15,yellow
TSPAN17,yellow
TSPAN18,yellow
TSPAN4,yellow
TSPAN9,yellow
TSPYL5,yellow
TSSC1,yellow
TSSK3,yellow
TTBK1,yellow
TTC15,yellow
TTC23,yellow
TTC7B,yellow
TTLL6,yellow
TTYH1,yellow
TTYH3,yellow
TULP3,yellow
TUT1,yellow
TWIST1,yellow
TXNDC12,yellow
TXNIP,yellow
TYRO3,yellow
TYW3,yellow
UBA52,yellow
UBASH3B,yellow
UBB,yellow
UBE2E1,yellow
UBE2I,yellow
UBE2O,yellow
UBE4B,yellow
UBL3,yellow
UBTD2,yellow
UGP2,yellow
UGT8,yellow
ULBP2,yellow
UMAD1,yellow
UNC84A,yellow
USP20,yellow
USP3,yellow
USP43,yellow
UST,yellow
VANGL1,yellow
VANGL2,yellow
VAV2,yellow
VDAC3,yellow
VGLL4,yellow
VIT,yellow
VLDLR-AS1,yellow
VSNL1,yellow
VWA5A,yellow
WDFY3,yellow
WDR37,yellow
WDR4,yellow
WDR47,yellow
WDR67,yellow
WDR72,yellow
WDR90,yellow
WDSUB1,yellow
WEE1,yellow
WFDC1,yellow
WHSC1,yellow
WHSC2,yellow
WISP2,yellow
WIT1,yellow
WNK2,yellow
WNT1,yellow
WNT5A,yellow
WWOX,yellow
WWP2,yellow
WWTR1,yellow
XKR6,yellow
XKR7,yellow
XPO6,yellow
XYLT1,yellow
YPEL2,yellow
ZBTB10,yellow
ZBTB17,yellow
ZBTB20-AS4,yellow
ZBTB26,yellow
ZBTB32,yellow
ZBTB46,yellow
ZC3H12D,yellow
ZC3H3,yellow
ZC3H4,yellow
ZCCHC14,yellow
ZDHHC14,yellow
ZFAT,yellow
ZFHX3,yellow
ZFP36L2,yellow
ZFPM1,yellow
ZFPM2,yellow
ZFR2,yellow
ZFYVE19,yellow
ZFYVE21,yellow
ZFYVE28,yellow
ZHX3,yellow
ZIC2,yellow
ZNF140,yellow
ZNF160,yellow
ZNF214,yellow
ZNF271,yellow
ZNF292,yellow
ZNF438,yellow
ZNF451,yellow
ZNF470,yellow
ZNF486,yellow
ZNF514,yellow
ZNF521,yellow
ZNF532,yellow
ZNF562,yellow
ZNF608,yellow
ZNF677,yellow
ZNF704,yellow
ZNF706,yellow
ZNF775,yellow
ZNF782,yellow
ZNF783,yellow
ZNF787,yellow
ZNF827,yellow
ZNF878,yellow
ZNRD1,yellow
ZNRF4,yellow
ZSCAN18,yellow
